season,game_id,date,home_team,away_team,home_score,away_score,actual_total,actual_spread,home_l10_fgPct,home_l10_fg3Pct,home_l10_ftPct,home_l10_rebounds,home_l10_assists,home_l10_turnovers,away_l10_fgPct,away_l10_fg3Pct,away_l10_ftPct,away_l10_rebounds,away_l10_assists,away_l10_turnovers,fgPct_diff,fg3Pct_diff,rebounds_diff,assists_diff,turnovers_diff,home_court
2022_23,0022200547,2023-01-01,MEM,SAC,118,108,226,10,0.47,0.36,0.78,44.0,26.0,13.5,0.47,0.36,0.78,44.0,26.0,13.5,0.0,0.0,0.0,0.0,0.0,1.0
2022_23,0022200548,2023-01-01,MIL,WAS,95,118,213,-23,0.47,0.36,0.78,44.0,26.0,13.5,0.47,0.36,0.78,44.0,26.0,13.5,0.0,0.0,0.0,0.0,0.0,1.0
2022_23,0022200549,2023-01-01,DEN,BOS,123,111,234,12,0.47,0.36,0.78,44.0,26.0,13.5,0.47,0.36,0.78,44.0,26.0,13.5,0.0,0.0,0.0,0.0,0.0,1.0
2022_23,0022200560,2023-01-02,LAC,MIA,100,110,210,-10,0.47,0.36,0.78,44.0,26.0,13.5,0.47,0.36,0.78,44.0,26.0,13.5,0.0,0.0,0.0,0.0,0.0,1.0
2022_23,0022200559,2023-01-02,POR,DET,135,106,241,29,0.47,0.36,0.78,44.0,26.0,13.5,0.47,0.36,0.78,44.0,26.0,13.5,0.0,0.0,0.0,0.0,0.0,1.0
2022_23,0022200558,2023-01-02,GSW,ATL,143,141,284,2,0.47,0.36,0.78,44.0,26.0,13.5,0.47,0.36,0.78,44.0,26.0,13.5,0.0,0.0,0.0,0.0,0.0,1.0
2022_23,0022200556,2023-01-02,HOU,DAL,106,111,217,-5,0.47,0.36,0.78,44.0,26.0,13.5,0.47,0.36,0.78,44.0,26.0,13.5,0.0,0.0,0.0,0.0,0.0,1.0
2022_23,0022200555,2023-01-02,BKN,SAS,139,103,242,36,0.47,0.36,0.78,44.0,26.0,13.5,0.47,0.36,0.78,44.0,26.0,13.5,0.0,0.0,0.0,0.0,0.0,1.0
2022_23,0022200557,2023-01-02,MIN,DEN,124,111,235,13,0.47,0.36,0.78,44.0,26.0,13.5,0.57,0.567,0.889,35.0,31.0,17.0,-0.09999999999999998,-0.20699999999999996,9.0,-5.0,3.5,1.0
2022_23,0022200553,2023-01-02,IND,TOR,122,114,236,8,0.47,0.36,0.78,44.0,26.0,13.5,0.47,0.36,0.78,44.0,26.0,13.5,0.0,0.0,0.0,0.0,0.0,1.0
2022_23,0022200552,2023-01-02,CLE,CHI,145,134,279,11,0.47,0.36,0.78,44.0,26.0,13.5,0.47,0.36,0.78,44.0,26.0,13.5,0.0,0.0,0.0,0.0,0.0,1.0
2022_23,0022200551,2023-01-02,CHA,LAL,115,121,236,-6,0.47,0.36,0.78,44.0,26.0,13.5,0.47,0.36,0.78,44.0,26.0,13.5,0.0,0.0,0.0,0.0,0.0,1.0
2022_23,0022200550,2023-01-02,NYK,PHX,102,83,185,19,0.47,0.36,0.78,44.0,26.0,13.5,0.47,0.36,0.78,44.0,26.0,13.5,0.0,0.0,0.0,0.0,0.0,1.0
2022_23,0022200554,2023-01-02,PHI,NOP,120,111,231,9,0.47,0.36,0.78,44.0,26.0,13.5,0.47,0.36,0.78,44.0,26.0,13.5,0.0,0.0,0.0,0.0,0.0,1.0
2022_23,0022200561,2023-01-03,MIL,WAS,123,113,236,10,0.354,0.265,0.933,44.0,22.0,16.0,0.532,0.259,0.688,54.0,29.0,18.0,-0.17800000000000005,0.006000000000000005,-10.0,-7.0,2.0,1.0
2022_23,0022200562,2023-01-03,OKC,BOS,150,117,267,33,0.47,0.36,0.78,44.0,26.0,13.5,0.46,0.273,0.815,41.0,30.0,13.0,0.009999999999999953,0.08699999999999997,3.0,-4.0,-0.5,1.0
2022_23,0022200563,2023-01-03,UTA,SAC,115,117,232,-2,0.47,0.36,0.78,44.0,26.0,13.5,0.406,0.349,1.0,47.0,24.0,16.0,0.06399999999999995,0.01100000000000001,-3.0,2.0,2.5,1.0
2022_23,0022200571,2023-01-04,MIN,POR,113,106,219,7,0.517,0.361,0.778,41.0,29.0,12.0,0.571,0.452,0.714,44.0,29.0,18.0,-0.05399999999999994,-0.09100000000000003,-3.0,0.0,6.0,1.0
2022_23,0022200575,2023-01-04,SAC,ATL,117,120,237,-3,0.47050000000000003,0.315,0.9445,43.5,23.5,17.0,0.486,0.314,0.828,53.0,30.0,13.0,-0.015499999999999958,0.0010000000000000009,-9.5,-6.5,-4.0,1.0
2022_23,0022200574,2023-01-04,LAL,MIA,112,109,221,3,0.484,0.333,0.7,53.0,26.0,15.0,0.459,0.333,0.833,48.0,22.0,11.0,0.024999999999999967,0.0,5.0,4.0,-4.0,1.0
2022_23,0022200572,2023-01-04,NOP,HOU,119,108,227,11,0.5,0.379,0.8,49.0,26.0,17.0,0.463,0.31,0.724,46.0,21.0,10.0,0.03699999999999998,0.069,3.0,5.0,-7.0,1.0
2022_23,0022200570,2023-01-04,CHI,BKN,121,112,233,9,0.495,0.303,0.882,42.0,22.0,7.0,0.624,0.55,0.8,45.0,31.0,13.0,-0.129,-0.24700000000000005,-3.0,-9.0,6.0,1.0
2022_23,0022200573,2023-01-04,GSW,DET,119,122,241,-3,0.446,0.322,0.667,69.0,34.0,19.0,0.415,0.333,0.78,45.0,16.0,21.0,0.031000000000000028,-0.01100000000000001,24.0,18.0,2.0,1.0
2022_23,0022200568,2023-01-04,NYK,SAS,117,114,231,3,0.486,0.394,0.68,45.0,26.0,8.0,0.433,0.258,0.611,43.0,26.0,18.0,0.05299999999999999,0.136,2.0,0.0,10.0,1.0
2022_23,0022200567,2023-01-04,PHI,IND,129,126,255,3,0.477,0.429,0.821,35.0,26.0,10.0,0.484,0.37,0.846,50.0,24.0,13.0,-0.007000000000000006,0.059,-15.0,2.0,3.0,1.0
2022_23,0022200566,2023-01-04,ORL,OKC,126,115,241,11,0.47,0.36,0.78,44.0,26.0,13.5,0.592,0.5,0.636,44.0,31.0,13.0,-0.122,-0.14,0.0,-5.0,-0.5,1.0
2022_23,0022200565,2023-01-04,CLE,PHX,90,88,178,2,0.522,0.348,0.733,47.0,27.0,10.0,0.391,0.27,0.714,36.0,22.0,8.0,0.131,0.07799999999999996,11.0,5.0,-2.0,1.0
2022_23,0022200564,2023-01-04,CHA,MEM,107,131,238,-24,0.452,0.344,0.69,47.0,24.0,14.0,0.46,0.313,0.667,57.0,25.0,12.0,-0.008000000000000007,0.030999999999999972,-10.0,-1.0,-2.0,1.0
2022_23,0022200569,2023-01-04,TOR,MIL,101,104,205,-3,0.451,0.333,0.783,36.0,26.0,11.0,0.417,0.27,0.937,46.5,24.5,14.0,0.03400000000000003,0.063,-10.5,1.5,3.0,1.0
2022_23,0022200576,2023-01-05,ORL,MEM,115,123,238,-8,0.519,0.394,0.806,49.0,26.0,17.0,0.48,0.3065,0.712,58.0,26.5,13.0,0.039000000000000035,0.08750000000000002,-9.0,-0.5,-4.0,1.0
2022_23,0022200577,2023-01-05,DAL,BOS,95,124,219,-29,0.42,0.302,0.882,41.0,19.0,8.0,0.4575,0.2865,0.8105,39.5,29.5,15.0,-0.03750000000000003,0.015500000000000014,1.5,-10.5,7.0,1.0
2022_23,0022200578,2023-01-05,HOU,UTA,114,131,245,-17,0.453,0.313,0.6955,44.5,23.0,11.5,0.432,0.295,0.897,44.0,21.0,16.0,0.02100000000000002,0.018000000000000016,0.5,2.0,4.5,1.0
2022_23,0022200579,2023-01-05,DEN,LAC,122,91,213,31,0.516,0.473,0.8445,40.0,29.0,16.0,0.433,0.414,0.882,34.0,19.0,15.0,0.08300000000000002,0.059,6.0,10.0,-1.0,1.0
2022_23,0022200590,2023-01-06,LAL,ATL,130,114,244,16,0.489,0.3145,0.75,47.5,23.0,16.0,0.511,0.3235,0.8685,48.5,25.5,14.5,-0.02200000000000002,-0.009000000000000008,-1.0,-2.5,-1.5,1.0
2022_23,0022200589,2023-01-06,PHX,MIA,96,104,200,-8,0.393,0.3135,0.746,42.5,23.0,11.5,0.456,0.3045,0.7735,45.5,23.0,12.0,-0.063,0.009000000000000008,-3.0,0.0,0.5,1.0
2022_23,0022200588,2023-01-06,DEN,CLE,121,108,229,13,0.5126666666666667,0.445,0.8486666666666668,45.666666666666664,28.666666666666668,14.666666666666666,0.456,0.32699999999999996,0.7795,46.5,21.0,12.5,0.0566666666666667,0.11800000000000005,-0.8333333333333357,7.666666666666668,-2.166666666666666,1.0
2022_23,0022200587,2023-01-06,MIN,LAC,128,115,243,13,0.515,0.368,0.75,37.0,27.0,13.5,0.40349999999999997,0.27449999999999997,0.8009999999999999,37.5,21.5,11.5,0.11150000000000004,0.09350000000000003,-0.5,5.5,-2.0,1.0
2022_23,0022200586,2023-01-06,NOP,BKN,102,108,210,-6,0.48050000000000004,0.3735,0.8425,50.0,25.5,16.0,0.543,0.43700000000000006,0.781,39.5,27.5,12.0,-0.0625,-0.06350000000000006,10.5,-2.0,-4.0,1.0
2022_23,0022200584,2023-01-06,OKC,WAS,127,110,237,17,0.498,0.4525,0.7695000000000001,38.5,27.0,11.0,0.48250000000000004,0.27749999999999997,0.8005,50.0,28.0,14.0,0.015499999999999958,0.17500000000000004,-11.5,-1.0,3.0,1.0
2022_23,0022200583,2023-01-06,MIL,CHA,109,138,247,-29,0.4106666666666667,0.291,0.858,55.333333333333336,25.0,18.666666666666668,0.42800000000000005,0.3165,0.7615,45.5,24.5,13.0,-0.017333333333333367,-0.025500000000000023,9.833333333333336,0.5,-5.666666666666668,1.0
2022_23,0022200582,2023-01-06,TOR,NYK,108,112,220,-4,0.3895,0.2645,0.7915000000000001,41.5,24.0,10.0,0.4825,0.35850000000000004,0.667,46.0,21.0,11.0,-0.09299999999999997,-0.09400000000000003,-4.5,3.0,1.0,1.0
2022_23,0022200581,2023-01-06,PHI,CHI,112,126,238,-14,0.4835,0.40900000000000003,0.8425,40.5,25.0,10.5,0.513,0.35150000000000003,0.9065000000000001,44.0,21.5,12.0,-0.029500000000000026,0.057499999999999996,-3.5,3.5,1.5,1.0
2022_23,0022200580,2023-01-06,IND,POR,108,99,207,9,0.479,0.3655,0.8654999999999999,47.5,27.5,13.0,0.5055,0.381,0.726,41.5,23.5,18.0,-0.026499999999999968,-0.015500000000000014,6.0,4.0,5.0,1.0
2022_23,0022200585,2023-01-06,SAS,DET,121,109,230,12,0.4665,0.3255,0.7095,40.5,25.5,17.5,0.45199999999999996,0.3885,0.738,43.0,22.5,15.5,0.014500000000000068,-0.063,-2.5,3.0,-2.0,1.0
2022_23,0022200591,2023-01-07,SAS,BOS,116,121,237,-5,0.49633333333333335,0.342,0.755,41.666666666666664,26.0,17.666666666666668,0.4676666666666667,0.315,0.82,43.666666666666664,29.333333333333332,13.666666666666666,0.028666666666666674,0.027000000000000024,-2.0,-3.333333333333332,-4.000000000000002,1.0
2022_23,0022200592,2023-01-07,CHI,UTA,126,118,244,8,0.5323333333333333,0.4303333333333333,0.8003333333333332,44.333333333333336,25.333333333333332,12.0,0.4635,0.34550000000000003,0.9245,43.0,27.0,12.0,0.0688333333333333,0.08483333333333326,1.3333333333333357,-1.6666666666666679,0.0,1.0
2022_23,0022200593,2023-01-07,DAL,NOP,127,117,244,10,0.399,0.2605,0.841,41.5,17.0,9.5,0.453,0.387,0.8283333333333335,50.333333333333336,22.333333333333332,16.0,-0.05399999999999999,-0.1265,-8.833333333333336,-5.333333333333332,6.5,1.0
2022_23,0022200594,2023-01-07,GSW,ORL,101,115,216,-14,0.48150000000000004,0.34850000000000003,0.8,54.5,32.5,16.5,0.49150000000000005,0.35,0.8365,44.0,24.5,14.0,-0.010000000000000009,-0.0014999999999999458,10.5,8.0,-2.5,1.0
2022_23,0022200595,2023-01-07,SAC,LAL,134,136,270,-2,0.46900000000000003,0.3433333333333333,0.9383333333333334,43.0,24.333333333333332,15.0,0.5086666666666667,0.36200000000000004,0.75,48.666666666666664,26.333333333333332,16.666666666666668,-0.03966666666666668,-0.01866666666666672,-5.666666666666664,-2.0,1.6666666666666679,1.0
2022_23,0022200602,2023-01-08,OKC,DAL,120,109,229,11,0.502,0.4546666666666667,0.751,39.333333333333336,28.0,10.666666666666666,0.4553333333333333,0.323,0.8236666666666667,40.666666666666664,19.0,12.0,0.04666666666666669,0.1316666666666667,-1.3333333333333286,9.0,1.333333333333334,1.0
2022_23,0022200604,2023-01-08,LAC,ATL,108,112,220,-4,0.41566666666666663,0.303,0.7563333333333334,38.333333333333336,21.666666666666668,11.0,0.49333333333333335,0.31233333333333335,0.8366666666666666,45.333333333333336,25.0,13.666666666666666,-0.07766666666666672,-0.00933333333333336,-7.0,-3.333333333333332,2.666666666666666,1.0
2022_23,0022200603,2023-01-08,PHX,CLE,98,112,210,-14,0.4003333333333334,0.296,0.7906666666666666,43.0,22.666666666666668,12.333333333333334,0.45566666666666666,0.3463333333333333,0.7073333333333333,44.333333333333336,24.0,10.666666666666666,-0.05533333333333329,-0.05033333333333334,-1.3333333333333357,-1.3333333333333321,-1.6666666666666679,1.0
2022_23,0022200601,2023-01-08,HOU,MIN,96,104,200,-8,0.43966666666666665,0.32766666666666666,0.7586666666666666,46.0,21.666666666666668,12.666666666666666,0.5326666666666666,0.369,0.7643333333333334,39.666666666666664,27.333333333333332,15.666666666666666,-0.09299999999999997,-0.04133333333333333,6.333333333333336,-5.666666666666664,3.0,1.0
2022_23,0022200599,2023-01-08,MIA,BKN,101,102,203,-1,0.445,0.30833333333333335,0.7953333333333333,42.666666666666664,21.666666666666668,12.333333333333334,0.507,0.44300000000000006,0.8373333333333334,40.666666666666664,27.0,12.333333333333334,-0.062,-0.1346666666666667,2.0,-5.333333333333332,0.0,1.0
2022_23,0022200598,2023-01-08,IND,CHA,116,111,227,5,0.47,0.337,0.8746666666666667,45.333333333333336,25.666666666666668,13.333333333333334,0.4586666666666667,0.3499999999999999,0.7183333333333333,46.666666666666664,27.0,10.333333333333334,0.011333333333333251,-0.0129999999999999,-1.3333333333333286,-1.3333333333333321,-3.0,1.0
2022_23,0022200597,2023-01-08,TOR,POR,117,105,222,12,0.4003333333333334,0.29133333333333333,0.7943333333333333,43.0,23.333333333333332,9.0,0.4716666666666667,0.34500000000000003,0.7586666666666666,45.0,25.666666666666668,18.0,-0.0713333333333333,-0.053666666666666696,-2.0,-2.3333333333333357,9.0,1.0
2022_23,0022200596,2023-01-08,DET,PHI,111,123,234,-12,0.459,0.37733333333333335,0.6880000000000001,41.0,22.666666666666668,15.666666666666666,0.4673333333333333,0.41900000000000004,0.8210000000000001,39.666666666666664,26.0,9.333333333333334,-0.008333333333333304,-0.041666666666666685,1.3333333333333357,-3.333333333333332,-6.333333333333332,1.0
2022_23,0022200600,2023-01-08,MEM,UTA,123,118,241,5,0.494,0.3153333333333333,0.6920000000000001,55.0,25.666666666666668,13.0,0.474,0.328,0.8756666666666666,41.666666666666664,30.0,11.333333333333334,0.020000000000000018,-0.012666666666666715,13.333333333333336,-4.333333333333332,-1.666666666666666,1.0
2022_23,0022200610,2023-01-09,SAC,ORL,136,111,247,25,0.48250000000000004,0.367,0.9065000000000001,40.75,24.5,14.75,0.49633333333333335,0.3686666666666667,0.7520000000000001,44.0,25.0,13.0,-0.013833333333333309,-0.0016666666666667052,-3.25,-0.5,-1.75,1.0
2022_23,0022200605,2023-01-09,WAS,NOP,112,132,244,-20,0.482,0.2823333333333333,0.7836666666666666,48.666666666666664,25.666666666666668,16.0,0.4595,0.33325,0.7785,48.75,23.25,15.25,0.022499999999999964,-0.050916666666666666,-0.0833333333333357,2.416666666666668,-0.75,1.0
2022_23,0022200606,2023-01-09,BOS,CHI,107,99,206,8,0.47450000000000003,0.34650000000000003,0.78175,43.5,29.5,13.75,0.53175,0.43875,0.7955,44.25,24.5,11.5,-0.05724999999999991,-0.09224999999999994,-0.75,5.0,-2.25,1.0
2022_23,0022200607,2023-01-09,NYK,MIL,107,111,218,-4,0.47833333333333333,0.383,0.6753333333333332,47.666666666666664,20.333333333333332,11.666666666666666,0.418,0.3225,0.79975,52.75,24.25,18.25,0.06033333333333335,0.0605,-5.083333333333336,-3.916666666666668,6.583333333333334,1.0
2022_23,0022200608,2023-01-09,MEM,SAS,121,113,234,8,0.48325,0.33525,0.70075,51.0,26.25,12.25,0.49475,0.3265,0.76275,44.0,25.75,16.5,-0.01150000000000001,0.00874999999999998,7.0,0.5,4.25,1.0
2022_23,0022200609,2023-01-09,DEN,LAL,122,109,231,13,0.51725,0.45525,0.83225,46.5,28.5,14.5,0.534,0.37875000000000003,0.767,46.0,26.25,16.75,-0.016750000000000043,0.07649999999999996,0.5,2.25,2.25,1.0
2022_23,0022200617,2023-01-10,LAC,DAL,113,101,214,12,0.40900000000000003,0.3105,0.76075,43.5,22.5,11.0,0.44775,0.332,0.81425,40.25,19.5,12.25,-0.03874999999999995,-0.02150000000000002,3.25,3.0,1.25,1.0
2022_23,0022200616,2023-01-10,POR,ORL,106,109,215,-3,0.4655,0.33375,0.75825,44.25,24.0,19.5,0.48625,0.356,0.7515000000000001,43.25,24.75,13.0,-0.02074999999999999,-0.022249999999999992,1.0,-0.75,-6.5,1.0
2022_23,0022200615,2023-01-10,GSW,PHX,113,125,238,-12,0.446,0.3356666666666667,0.8033333333333333,52.666666666666664,30.333333333333332,16.333333333333332,0.41025,0.35650000000000004,0.82025,41.25,22.5,13.25,0.035750000000000004,-0.020833333333333315,11.416666666666664,7.833333333333332,-3.083333333333332,1.0
2022_23,0022200614,2023-01-10,UTA,CLE,116,114,230,2,0.48325,0.32425,0.86125,42.75,29.75,13.75,0.486,0.3545,0.69225,43.0,25.25,11.5,-0.0027499999999999747,-0.03025,-0.25,4.5,-2.25,1.0
2022_23,0022200612,2023-01-10,PHI,DET,147,116,263,31,0.47275,0.3885,0.83325,40.75,25.5,10.5,0.47075,0.37,0.72425,41.5,23.25,17.5,0.0020000000000000018,0.018500000000000016,-0.75,2.25,7.0,1.0
2022_23,0022200611,2023-01-10,MIA,OKC,112,111,223,1,0.437,0.324,0.7729999999999999,42.25,21.75,12.25,0.4975,0.44825000000000004,0.76325,41.5,27.75,10.0,-0.0605,-0.12425000000000003,0.75,-6.0,-2.25,1.0
2022_23,0022200613,2023-01-10,TOR,CHA,132,120,252,12,0.41025,0.31525000000000003,0.81125,42.5,24.0,9.25,0.452,0.34575,0.761,47.25,26.5,12.25,-0.04175000000000001,-0.03049999999999997,-4.75,-2.5,3.0,1.0
2022_23,0022200623,2023-01-11,MEM,SAS,135,129,264,6,0.4856,0.3528,0.6748000000000001,50.8,26.2,12.6,0.4866,0.32999999999999996,0.7852,43.6,26.2,16.0,-0.0010000000000000009,0.022800000000000042,7.199999999999996,0.0,3.4000000000000004,1.0
2022_23,0022200625,2023-01-11,SAC,HOU,135,115,250,20,0.4932,0.3936,0.8752000000000001,42.2,27.4,14.0,0.4365,0.32225,0.719,44.75,22.75,14.5,0.05670000000000003,0.07135000000000002,-2.549999999999997,4.649999999999999,0.5,1.0
2022_23,0022200622,2023-01-11,NYK,IND,119,113,232,6,0.45375,0.35425,0.73375,47.75,19.25,10.5,0.46175,0.33825,0.8605,44.25,26.0,14.0,-0.008000000000000007,0.016000000000000014,3.5,-6.75,3.5,1.0
2022_23,0022200624,2023-01-11,DEN,PHX,126,97,223,29,0.5067999999999999,0.4356,0.8422000000000001,48.2,28.6,15.0,0.4194,0.37560000000000004,0.8432000000000001,44.4,23.2,15.0,0.08739999999999992,0.05999999999999994,3.8000000000000043,5.400000000000002,0.0,1.0
2022_23,0022200620,2023-01-11,ATL,MIL,105,114,219,-9,0.4935,0.31125,0.8275,44.75,24.25,12.5,0.422,0.3356,0.7954,51.8,24.8,17.4,0.07150000000000001,-0.024349999999999983,-7.049999999999997,-0.5500000000000007,4.899999999999999,1.0
2022_23,0022200619,2023-01-11,WAS,CHI,100,97,197,3,0.4895,0.31475,0.78225,45.75,25.75,17.0,0.516,0.4196,0.765,43.8,23.4,10.8,-0.026500000000000024,-0.10485,1.9500000000000028,2.3500000000000014,-6.199999999999999,1.0
2022_23,0022200618,2023-01-11,DET,MIN,135,118,253,17,0.4574,0.3678,0.746,38.4,23.2,16.2,0.51825,0.366,0.7777499999999999,40.75,26.25,16.5,-0.060850000000000015,0.0018000000000000238,-2.3500000000000014,-3.0500000000000007,0.3000000000000007,1.0
2022_23,0022200621,2023-01-11,BOS,NOP,125,114,239,11,0.46699999999999997,0.3308,0.8158,44.8,28.6,12.8,0.47300000000000003,0.3436,0.7776,47.8,23.4,14.2,-0.006000000000000061,-0.012800000000000034,-3.0,5.200000000000003,1.3999999999999986,1.0
2022_23,0022200631,2023-01-12,POR,CLE,113,119,232,-6,0.469,0.3012,0.775,44.0,23.6,19.0,0.4822,0.3376,0.7203999999999999,41.8,23.8,10.2,-0.013200000000000045,-0.03639999999999999,2.200000000000003,-0.1999999999999993,-8.8,1.0
2022_23,0022200630,2023-01-12,LAL,DAL,115,119,234,-4,0.5154,0.36019999999999996,0.7656,45.6,25.0,16.2,0.4452,0.3288,0.8126000000000001,38.6,18.6,12.2,0.07019999999999998,0.031399999999999983,7.0,6.399999999999999,-4.0,1.0
2022_23,0022200629,2023-01-12,TOR,CHA,124,114,238,10,0.4272,0.3432,0.812,43.8,25.6,9.6,0.471,0.36239999999999994,0.7554000000000001,44.6,27.8,11.8,-0.04379999999999995,-0.01919999999999994,-0.8000000000000043,-2.1999999999999993,2.200000000000001,1.0
2022_23,0022200626,2023-01-12,PHI,OKC,114,133,247,-19,0.49959999999999993,0.38180000000000003,0.8532,43.6,27.6,12.2,0.4948,0.41,0.744,42.0,27.6,11.8,0.0047999999999999154,-0.028199999999999947,1.6000000000000014,0.0,-0.3999999999999986,1.0
2022_23,0022200627,2023-01-12,BKN,BOS,98,109,207,-11,0.5085,0.42325,0.8280000000000001,40.5,25.75,14.0,0.4698333333333333,0.3325,0.8264999999999999,45.666666666666664,27.833333333333332,12.166666666666666,0.03866666666666663,0.09075,-5.166666666666664,-2.083333333333332,-1.833333333333334,1.0
2022_23,0022200628,2023-01-12,MIA,MIL,108,102,210,6,0.42800000000000005,0.3198,0.8183999999999999,42.0,21.0,13.8,0.42816666666666664,0.3421666666666667,0.7536666666666667,52.666666666666664,25.333333333333332,16.333333333333332,-0.0001666666666665928,-0.0223666666666667,-10.666666666666664,-4.333333333333332,2.5333333333333314,1.0
2022_23,0022200640,2023-01-13,SAC,HOU,139,114,253,25,0.4908333333333334,0.39399999999999996,0.8691666666666666,42.666666666666664,27.5,13.166666666666666,0.4408,0.3358,0.7046,45.4,24.2,14.4,0.050033333333333374,0.058199999999999974,-2.7333333333333343,3.3000000000000007,1.2333333333333343,1.0
2022_23,0022200638,2023-01-13,UTA,ORL,112,108,220,4,0.47400000000000003,0.315,0.8512000000000001,45.0,28.0,14.2,0.49160000000000004,0.3598,0.7612,41.6,23.6,13.6,-0.017600000000000005,-0.044800000000000006,3.3999999999999986,4.399999999999999,-0.5999999999999996,1.0
2022_23,0022200637,2023-01-13,MIN,PHX,121,116,237,5,0.5124,0.3898,0.7746000000000001,39.8,25.4,17.0,0.4216666666666667,0.3598333333333334,0.8216666666666667,44.333333333333336,24.0,15.833333333333334,0.09073333333333328,0.029966666666666586,-4.5333333333333385,1.3999999999999986,-1.166666666666666,1.0
2022_23,0022200636,2023-01-13,CHI,OKC,110,124,234,-14,0.5076666666666667,0.4013333333333333,0.7486666666666667,43.0,22.166666666666668,11.0,0.49766666666666665,0.4123333333333334,0.7765,41.5,27.666666666666668,11.666666666666666,0.010000000000000064,-0.011000000000000065,1.5,-5.5,0.6666666666666661,1.0
2022_23,0022200639,2023-01-13,LAC,DEN,103,115,218,-12,0.4178,0.3258,0.762,44.0,22.0,10.8,0.5165000000000001,0.43649999999999994,0.8208333333333333,46.5,28.833333333333332,14.333333333333334,-0.09870000000000007,-0.11069999999999997,-2.5,-6.833333333333332,3.533333333333333,1.0
2022_23,0022200634,2023-01-13,WAS,NYK,108,112,220,-4,0.4842000000000001,0.3126,0.7878000000000001,47.0,24.8,17.2,0.45339999999999997,0.3548,0.7565999999999999,48.2,19.6,11.4,0.030800000000000105,-0.042200000000000015,-1.2000000000000028,5.199999999999999,-5.799999999999999,1.0
2022_23,0022200633,2023-01-13,IND,ATL,111,113,224,-2,0.465,0.3322,0.8311999999999999,43.6,26.2,13.8,0.48440000000000005,0.3224,0.8398,44.0,24.4,12.2,-0.01940000000000003,0.009799999999999975,-0.3999999999999986,1.8000000000000007,-1.6000000000000014,1.0
2022_23,0022200632,2023-01-13,DET,NOP,110,116,226,-6,0.4811666666666667,0.395,0.7526666666666667,38.333333333333336,24.333333333333332,16.333333333333332,0.48033333333333333,0.3475,0.7755000000000001,45.333333333333336,23.166666666666668,13.333333333333334,0.0008333333333333526,0.04750000000000004,-7.0,1.1666666666666643,-2.9999999999999982,1.0
2022_23,0022200635,2023-01-13,SAS,GSW,113,144,257,-31,0.48333333333333334,0.329,0.7848333333333333,44.333333333333336,27.333333333333332,15.333333333333334,0.43075,0.34550000000000003,0.797,50.75,28.75,16.5,0.052583333333333315,-0.016500000000000015,-6.416666666666664,-1.4166666666666679,1.166666666666666,1.0
2022_23,0022200647,2023-01-14,POR,DAL,136,119,255,17,0.47633333333333333,0.3065,0.7723333333333334,42.666666666666664,22.5,18.666666666666668,0.4543333333333333,0.3295,0.7653333333333334,41.166666666666664,19.666666666666668,13.333333333333334,0.02200000000000002,-0.02300000000000002,1.5,2.833333333333332,-5.333333333333334,1.0
2022_23,0022200641,2023-01-14,MIA,MIL,111,95,206,16,0.4303333333333333,0.3106666666666667,0.8383333333333333,45.166666666666664,21.166666666666668,13.666666666666666,0.42442857142857143,0.3484285714285714,0.7412857142857143,50.714285714285715,24.571428571428573,15.571428571428571,0.005904761904761857,-0.03776190476190472,-5.547619047619051,-3.404761904761905,1.904761904761905,1.0
2022_23,0022200642,2023-01-14,CHA,BOS,106,122,228,-16,0.4811666666666667,0.36766666666666664,0.7468333333333333,44.166666666666664,27.666666666666668,13.5,0.4708571428571428,0.33257142857142863,0.8344285714285714,46.0,27.142857142857142,12.428571428571429,0.01030952380952388,0.03509523809523801,-1.8333333333333357,0.5238095238095255,-1.0714285714285712,1.0
2022_23,0022200643,2023-01-14,IND,MEM,112,130,242,-18,0.4535,0.3156666666666667,0.8306666666666667,44.833333333333336,25.833333333333332,13.5,0.4905,0.39999999999999997,0.6756666666666667,51.833333333333336,25.0,12.833333333333334,-0.03699999999999998,-0.08433333333333326,-7.0,0.8333333333333321,-0.6666666666666661,1.0
2022_23,0022200644,2023-01-14,TOR,ATL,103,114,217,-11,0.4423333333333333,0.3455,0.8063333333333333,41.833333333333336,26.333333333333332,9.5,0.47633333333333333,0.3495,0.8188333333333334,45.0,24.666666666666668,12.5,-0.03400000000000003,-0.0040000000000000036,-3.1666666666666643,1.6666666666666643,3.0,1.0
2022_23,0022200645,2023-01-14,MIN,CLE,110,102,212,8,0.514,0.38433333333333336,0.7871666666666667,39.333333333333336,25.166666666666668,16.666666666666668,0.4841666666666667,0.33433333333333337,0.7293333333333333,42.166666666666664,24.5,10.333333333333334,0.029833333333333323,0.04999999999999999,-2.8333333333333286,0.6666666666666679,-6.333333333333334,1.0
2022_23,0022200646,2023-01-14,UTA,PHI,117,118,235,-1,0.4673333333333333,0.31483333333333335,0.8301666666666666,47.333333333333336,25.833333333333332,15.833333333333334,0.49016666666666664,0.36916666666666664,0.8653333333333334,42.833333333333336,28.0,13.0,-0.022833333333333317,-0.05433333333333329,4.5,-2.166666666666668,-2.833333333333334,1.0
2022_23,0022200654,2023-01-15,POR,DAL,140,123,263,17,0.4878571428571429,0.322,0.7984285714285714,43.285714285714285,24.142857142857142,17.714285714285715,0.4642857142857143,0.3507142857142857,0.7387142857142858,38.857142857142854,20.857142857142858,13.0,0.023571428571428577,-0.028714285714285692,4.428571428571431,3.2857142857142847,-4.714285714285715,1.0
2022_23,0022200653,2023-01-15,DEN,ORL,119,116,235,3,0.5141428571428571,0.4347142857142857,0.8121428571428572,46.0,28.142857142857142,13.857142857142858,0.48266666666666663,0.3646666666666667,0.7385,41.333333333333336,23.5,13.833333333333334,0.03147619047619049,0.07004761904761903,4.666666666666664,4.642857142857142,-0.023809523809523725,1.0
2022_23,0022200655,2023-01-15,LAL,PHI,112,113,225,-1,0.49500000000000005,0.3408333333333333,0.743,47.333333333333336,24.833333333333332,15.166666666666666,0.4842857142857143,0.37871428571428567,0.8571428571428571,42.0,27.285714285714285,12.285714285714286,0.010714285714285732,-0.03788095238095235,5.333333333333336,-2.4523809523809526,-2.8809523809523796,1.0
2022_23,0022200652,2023-01-15,SAS,SAC,119,132,251,-13,0.47928571428571426,0.334,0.7777142857142857,43.42857142857143,27.142857142857142,15.285714285714286,0.49885714285714283,0.40914285714285714,0.8681428571428571,43.142857142857146,28.428571428571427,13.285714285714286,-0.019571428571428573,-0.07514285714285712,0.2857142857142847,-1.2857142857142847,-2.0,1.0
2022_23,0022200649,2023-01-15,LAC,HOU,121,100,221,21,0.4266666666666667,0.329,0.766,43.833333333333336,21.666666666666668,11.0,0.44616666666666666,0.33383333333333337,0.6938333333333334,43.5,24.0,14.5,-0.019499999999999962,-0.004833333333333356,0.3333333333333357,-2.333333333333332,3.5,1.0
2022_23,0022200650,2023-01-15,CHI,GSW,132,118,250,14,0.499,0.3891428571428572,0.7727142857142857,42.857142857142854,23.285714285714285,11.714285714285714,0.45360000000000006,0.35140000000000005,0.7976000000000001,51.6,29.6,15.8,0.04539999999999994,0.037742857142857134,-8.742857142857147,-6.314285714285717,4.085714285714287,1.0
2022_23,0022200648,2023-01-15,DET,NYK,104,117,221,-13,0.4807142857142857,0.3718571428571429,0.7462857142857143,38.857142857142854,23.714285714285715,15.857142857142858,0.45216666666666666,0.3416666666666666,0.7488333333333334,49.166666666666664,18.833333333333332,10.666666666666666,0.028547619047619044,0.030190476190476268,-10.30952380952381,4.880952380952383,-5.190476190476192,1.0
2022_23,0022200651,2023-01-15,BKN,OKC,102,112,214,-10,0.49720000000000003,0.41500000000000004,0.826,38.6,25.8,13.6,0.49957142857142856,0.40099999999999997,0.7889999999999999,42.142857142857146,26.857142857142858,11.571428571428571,-0.0023714285714285244,0.014000000000000068,-3.5428571428571445,-1.057142857142857,-2.0285714285714285,1.0
2022_23,0022200656,2023-01-16,CHA,BOS,118,130,248,-12,0.47900000000000004,0.3574285714285714,0.7604285714285713,44.42857142857143,26.714285714285715,13.142857142857142,0.471375,0.33575,0.842625,46.0,28.125,11.75,0.007625000000000048,0.02167857142857138,-1.5714285714285694,-1.4107142857142847,-1.3928571428571423,1.0
2022_23,0022200663,2023-01-16,MEM,PHX,136,106,242,30,0.4992857142857143,0.3964285714285714,0.6914285714285714,50.857142857142854,26.0,13.285714285714286,0.4295714285714286,0.39542857142857146,0.8232857142857143,44.142857142857146,24.571428571428573,16.285714285714285,0.06971428571428567,0.0009999999999999454,6.714285714285708,1.428571428571427,2.9999999999999982,1.0
2022_23,0022200662,2023-01-16,MIN,UTA,125,126,251,-1,0.521,0.3752857142857143,0.7794285714285714,38.142857142857146,24.714285714285715,16.428571428571427,0.46885714285714286,0.3127142857142857,0.8295714285714286,47.42857142857143,25.0,15.285714285714286,0.05214285714285716,0.06257142857142856,-9.285714285714285,-0.2857142857142847,-1.1428571428571406,1.0
2022_23,0022200661,2023-01-16,ATL,MIA,121,113,234,8,0.48142857142857143,0.3577142857142857,0.8367142857142857,44.285714285714285,23.857142857142858,12.428571428571429,0.4427142857142857,0.3377142857142857,0.8375714285714285,46.0,20.571428571428573,13.285714285714286,0.0387142857142857,0.020000000000000018,-1.7142857142857153,3.2857142857142847,0.8571428571428577,1.0
2022_23,0022200664,2023-01-16,LAL,HOU,140,132,272,8,0.5031428571428572,0.33499999999999996,0.7467142857142858,46.0,25.285714285714285,14.571428571428571,0.447,0.31842857142857145,0.7002857142857143,42.857142857142854,23.714285714285715,15.285714285714286,0.056142857142857217,0.016571428571428515,3.142857142857146,1.5714285714285694,0.7142857142857153,1.0
2022_23,0022200659,2023-01-16,NYK,TOR,121,123,244,-2,0.45257142857142857,0.35000000000000003,0.757,49.57142857142857,18.571428571428573,10.285714285714286,0.4382857142857143,0.33057142857142857,0.8054285714285714,42.0,25.285714285714285,10.142857142857142,0.01428571428571429,0.01942857142857146,7.571428571428569,-6.714285714285712,-0.14285714285714413,1.0
2022_23,0022200658,2023-01-16,CLE,NOP,113,103,216,10,0.48457142857142854,0.3274285714285714,0.7494285714285713,41.857142857142854,24.428571428571427,11.428571428571429,0.48142857142857143,0.3485714285714286,0.7647142857142857,45.714285714285715,24.0,13.857142857142858,0.003142857142857114,-0.021142857142857185,-3.857142857142861,0.42857142857142705,2.428571428571429,1.0
2022_23,0022200657,2023-01-16,MIL,IND,132,119,251,13,0.422,0.354375,0.732,48.375,24.75,14.875,0.4414285714285714,0.304,0.8395714285714285,45.42857142857143,25.857142857142858,14.428571428571429,-0.019428571428571406,0.050375,2.9464285714285694,-1.1071428571428577,-0.4464285714285712,1.0
2022_23,0022200660,2023-01-16,WAS,GSW,118,127,245,-9,0.46799999999999997,0.31216666666666665,0.8039999999999999,47.5,23.666666666666668,15.666666666666666,0.4603333333333333,0.3615,0.7783333333333333,49.666666666666664,30.5,17.0,0.007666666666666655,-0.04933333333333334,-2.1666666666666643,-6.833333333333332,1.333333333333334,1.0
2022_23,0022200665,2023-01-17,MIL,TOR,130,122,252,8,0.43366666666666664,0.3705555555555555,0.747,47.55555555555556,25.555555555555557,14.777777777777779,0.433,0.326125,0.8083750000000001,42.0,25.5,9.625,0.0006666666666666488,0.04443055555555553,5.555555555555557,0.055555555555557135,-5.152777777777779,1.0
2022_23,0022200666,2023-01-17,SAS,BKN,106,98,204,8,0.483875,0.340375,0.76175,43.0,27.125,14.625,0.48583333333333334,0.39466666666666667,0.7936666666666667,40.666666666666664,25.5,14.0,-0.0019583333333333397,-0.05429166666666668,2.3333333333333357,1.625,-0.625,1.0
2022_23,0022200667,2023-01-17,DEN,POR,122,113,235,9,0.51725,0.422,0.776375,45.375,28.625,14.125,0.49012500000000003,0.33,0.80875,43.0,24.625,16.5,0.027124999999999955,0.09199999999999997,2.375,4.0,2.375,1.0
2022_23,0022200668,2023-01-17,LAC,PHI,110,120,230,-10,0.44042857142857145,0.3445714285714286,0.7585714285714287,43.857142857142854,21.571428571428573,11.857142857142858,0.487,0.3755,0.848625,41.5,27.5,12.0,-0.04657142857142854,-0.030928571428571416,2.357142857142854,-5.928571428571427,0.14285714285714235,1.0
2022_23,0022200674,2023-01-18,OKC,IND,126,106,232,20,0.492625,0.39925,0.7865,43.125,26.125,11.25,0.45025,0.325375,0.85125,44.375,26.25,14.625,0.042374999999999996,0.07387499999999997,-1.25,-0.125,3.375,1.0
2022_23,0022200676,2023-01-18,DEN,MIN,122,118,240,4,0.5153333333333333,0.41333333333333333,0.7813333333333333,45.0,29.0,13.88888888888889,0.51275,0.38325,0.786125,38.5,25.125,15.125,0.002583333333333271,0.03008333333333335,6.5,3.875,1.2361111111111107,1.0
2022_23,0022200675,2023-01-18,UTA,LAC,126,103,229,23,0.47725,0.321375,0.8285,47.75,25.0,15.625,0.447875,0.345625,0.76375,42.5,21.375,12.75,0.029374999999999984,-0.024249999999999994,5.25,3.625,-2.875,1.0
2022_23,0022200673,2023-01-18,NOP,MIA,98,124,222,-26,0.48462500000000003,0.35125,0.76575,43.5,24.25,14.25,0.44775,0.32775,0.851625,45.375,21.75,13.625,0.03687500000000005,0.02350000000000002,-1.875,2.5,-0.625,1.0
2022_23,0022200677,2023-01-18,LAL,SAC,111,116,227,-5,0.5075000000000001,0.338625,0.7605,45.125,25.0,13.0,0.505375,0.416375,0.859625,42.5,27.875,12.375,0.0021250000000000435,-0.07774999999999999,2.625,-2.875,-0.625,1.0
2022_23,0022200671,2023-01-18,HOU,CHA,117,122,239,-5,0.45237499999999997,0.3245,0.7055,43.5,24.25,14.375,0.476125,0.365125,0.76125,43.625,26.625,12.125,-0.02375000000000005,-0.04062499999999997,-0.125,-2.375,-2.25,1.0
2022_23,0022200670,2023-01-18,DAL,ATL,122,130,252,-8,0.463875,0.3485,0.748625,38.875,22.125,12.5,0.49525,0.373125,0.834375,42.25,24.25,12.875,-0.03137500000000004,-0.024625000000000008,-3.375,-2.125,0.375,1.0
2022_23,0022200669,2023-01-18,NYK,WAS,105,116,221,-11,0.449,0.3425,0.762375,50.125,18.375,10.5,0.4708571428571429,0.32471428571428573,0.8134285714285714,45.857142857142854,24.714285714285715,15.428571428571429,-0.02185714285714291,0.017785714285714294,4.267857142857146,-6.339285714285715,4.928571428571429,1.0
2022_23,0022200672,2023-01-18,MEM,CLE,115,114,229,1,0.50325,0.400875,0.7050000000000001,50.875,26.375,13.0,0.485,0.326625,0.75425,42.0,24.125,11.875,0.01824999999999999,0.07424999999999998,8.875,2.25,-1.125,1.0
2022_23,0022200682,2023-01-19,POR,PHI,95,105,200,-10,0.48655555555555563,0.32944444444444443,0.8255555555555555,42.111111111111114,24.22222222222222,16.11111111111111,0.49222222222222217,0.38033333333333336,0.8491111111111111,40.55555555555556,27.22222222222222,12.333333333333334,-0.005666666666666542,-0.05088888888888893,1.5555555555555571,-3.0,-3.777777777777777,1.0
2022_23,0022200681,2023-01-19,PHX,BKN,117,112,229,5,0.430625,0.383875,0.83875,43.25,25.625,16.125,0.4764285714285714,0.3568571428571429,0.8052857142857144,41.857142857142854,25.0,15.0,-0.045803571428571443,0.02701785714285715,1.392857142857146,0.625,-1.125,1.0
2022_23,0022200678,2023-01-19,DET,CHI,108,126,234,-18,0.476375,0.3765,0.753,38.75,23.625,15.375,0.49975,0.388625,0.7855,42.25,24.0,11.5,-0.023375000000000035,-0.012124999999999997,-3.5,-0.375,-3.875,1.0
2022_23,0022200679,2023-01-19,BOS,GSW,121,118,239,3,0.47388888888888886,0.35011111111111115,0.8556666666666666,46.111111111111114,28.77777777777778,11.777777777777779,0.4652857142857143,0.36828571428571427,0.7964285714285715,48.714285714285715,30.142857142857142,16.285714285714285,0.008603174603174557,-0.01817460317460312,-2.603174603174601,-1.3650793650793638,4.507936507936506,1.0
2022_23,0022200680,2023-01-19,MIN,TOR,128,126,254,2,0.5134444444444444,0.3823333333333333,0.7861111111111111,38.22222222222222,25.22222222222222,15.555555555555555,0.43544444444444447,0.33111111111111113,0.7885555555555556,42.888888888888886,24.88888888888889,9.555555555555555,0.0779999999999999,0.05122222222222217,-4.666666666666664,0.33333333333333215,-6.0,1.0
2022_23,0022200690,2023-01-20,LAL,MEM,122,121,243,1,0.5047777777777778,0.33699999999999997,0.7624444444444445,44.111111111111114,25.11111111111111,12.333333333333334,0.4977777777777778,0.39233333333333337,0.7074444444444444,49.888888888888886,25.88888888888889,12.444444444444445,0.006999999999999951,-0.0553333333333334,-5.7777777777777715,-0.7777777777777786,0.11111111111111072,1.0
2022_23,0022200689,2023-01-20,UTA,BKN,106,117,223,-11,0.4816666666666667,0.3516666666666667,0.8223333333333334,47.333333333333336,25.11111111111111,14.777777777777779,0.482375,0.36512500000000003,0.779625,40.875,25.25,14.75,-0.0007083333333333108,-0.01345833333333335,6.458333333333336,-0.13888888888888928,-0.027777777777778567,1.0
2022_23,0022200688,2023-01-20,DEN,IND,134,111,245,23,0.5166999999999999,0.4101,0.7782,43.9,28.8,14.1,0.44633333333333336,0.32966666666666666,0.8307777777777778,44.77777777777778,25.88888888888889,15.666666666666666,0.07036666666666658,0.08043333333333336,-0.87777777777778,2.9111111111111114,1.5666666666666664,1.0
2022_23,0022200691,2023-01-20,SAC,OKC,118,113,231,5,0.5041111111111111,0.4034444444444445,0.8505555555555556,43.0,27.333333333333332,12.222222222222221,0.494,0.40166666666666667,0.7837777777777778,43.0,27.77777777777778,12.11111111111111,0.01011111111111107,0.0017777777777778225,0.0,-0.4444444444444464,-0.11111111111111072,1.0
2022_23,0022200685,2023-01-20,CLE,GSW,114,120,234,-6,0.48800000000000004,0.3411111111111111,0.7445555555555555,42.55555555555556,24.666666666666668,12.666666666666666,0.457125,0.3655,0.805625,48.5,29.875,16.25,0.03087500000000004,-0.024388888888888904,-5.944444444444443,-5.208333333333332,3.583333333333334,1.0
2022_23,0022200684,2023-01-20,ATL,NYK,139,124,263,15,0.5035555555555555,0.3872222222222222,0.8472222222222222,41.44444444444444,24.666666666666668,12.777777777777779,0.4454444444444445,0.3343333333333333,0.7517777777777778,50.0,17.88888888888889,10.333333333333334,0.05811111111111106,0.052888888888888874,-8.555555555555557,6.777777777777779,-2.4444444444444446,1.0
2022_23,0022200683,2023-01-20,ORL,NOP,123,110,233,13,0.48342857142857143,0.34700000000000003,0.7464285714285713,41.0,23.571428571428573,13.714285714285714,0.4822222222222222,0.36033333333333334,0.7485555555555555,42.888888888888886,24.555555555555557,14.666666666666666,0.001206349206349211,-0.013333333333333308,-1.8888888888888857,-0.9841269841269842,0.9523809523809526,1.0
2022_23,0022200686,2023-01-20,DAL,MIA,115,90,205,25,0.4705555555555556,0.3521111111111111,0.7487777777777778,38.0,22.555555555555557,12.88888888888889,0.4571111111111111,0.32944444444444443,0.8403333333333333,45.111111111111114,23.444444444444443,13.333333333333334,0.013444444444444537,0.02266666666666667,-7.111111111111114,-0.8888888888888857,0.44444444444444464,1.0
2022_23,0022200687,2023-01-20,SAS,LAC,126,131,257,-5,0.47244444444444444,0.3254444444444444,0.7763333333333333,44.22222222222222,26.666666666666668,14.777777777777779,0.44277777777777777,0.3562222222222222,0.753,43.333333333333336,21.555555555555557,12.777777777777779,0.029666666666666675,-0.030777777777777793,0.8888888888888857,5.111111111111111,-2.0,1.0
2022_23,0022200692,2023-01-21,TOR,BOS,104,106,210,-2,0.44480000000000003,0.348,0.7838,42.4,25.0,10.2,0.46630000000000005,0.3468,0.8433999999999999,47.8,28.0,12.3,-0.02150000000000002,0.0011999999999999789,-5.399999999999999,-3.0,2.1000000000000014,1.0
2022_23,0022200693,2023-01-21,WAS,ORL,138,118,256,20,0.46725,0.33175,0.817,46.625,25.125,15.25,0.488,0.36612500000000003,0.763375,41.125,24.125,13.875,-0.02074999999999999,-0.034375000000000044,5.5,1.0,-1.375,1.0
2022_23,0022200694,2023-01-21,ATL,CHA,118,122,240,-4,0.5092,0.3867,0.85,41.2,24.9,12.2,0.4787777777777778,0.35233333333333333,0.7522222222222221,42.888888888888886,26.666666666666668,11.88888888888889,0.030422222222222184,0.034366666666666656,-1.6888888888888829,-1.7666666666666693,-0.31111111111111,1.0
2022_23,0022200695,2023-01-21,CLE,MIL,114,102,216,12,0.4892,0.3494,0.7543,41.8,24.6,12.9,0.4438,0.3822,0.7628,47.0,25.4,14.5,0.04540000000000005,-0.032799999999999996,-5.200000000000003,-0.7999999999999972,1.5999999999999996,1.0
2022_23,0022200696,2023-01-21,MIN,HOU,113,104,217,9,0.5126999999999999,0.3866,0.7988,38.1,25.8,15.5,0.4582222222222222,0.3232222222222222,0.7104444444444444,43.888888888888886,23.88888888888889,15.0,0.054477777777777736,0.06337777777777781,-5.788888888888884,1.9111111111111114,-0.5,1.0
2022_23,0022200697,2023-01-21,PHX,IND,112,107,219,5,0.43377777777777776,0.3848888888888889,0.8214444444444444,43.888888888888886,26.11111111111111,16.11111111111111,0.4457,0.3217,0.8261,44.2,25.6,16.2,-0.011922222222222223,0.0631888888888889,-0.3111111111111171,0.5111111111111093,0.08888888888888857,1.0
2022_23,0022200698,2023-01-21,SAC,PHI,127,129,256,-2,0.5008,0.3947,0.8512000000000001,44.0,27.1,12.5,0.4936,0.3731,0.8431000000000001,40.8,26.9,12.6,0.00720000000000004,0.021600000000000008,3.200000000000003,0.20000000000000284,0.09999999999999964,1.0
2022_23,0022200703,2023-01-22,PHX,MEM,112,110,222,2,0.43220000000000003,0.3851,0.8079000000000001,45.0,26.2,16.0,0.4902,0.3841,0.7017,51.2,25.7,12.6,-0.057999999999999996,0.0010000000000000009,-6.200000000000003,0.5,-3.4000000000000004,1.0
2022_23,0022200705,2023-01-22,POR,LAL,112,121,233,-9,0.4755,0.32080000000000003,0.8189,42.3,23.7,16.1,0.4952,0.335,0.7666999999999999,44.4,25.0,12.1,-0.019699999999999995,-0.01419999999999999,-2.1000000000000014,-1.3000000000000007,-4.000000000000002,1.0
2022_23,0022200704,2023-01-22,GSW,BKN,116,120,236,-4,0.4605555555555556,0.38433333333333336,0.7921111111111112,48.111111111111114,29.333333333333332,16.444444444444443,0.4885555555555556,0.3733333333333333,0.7652222222222222,41.0,25.333333333333332,14.333333333333334,-0.02799999999999997,0.011000000000000065,7.111111111111114,4.0,-2.111111111111109,1.0
2022_23,0022200702,2023-01-22,DEN,OKC,99,101,200,-2,0.5211,0.4034,0.7585,44.2,29.5,14.2,0.493,0.40149999999999997,0.769,42.3,27.1,11.8,0.028100000000000014,0.0019000000000000128,1.9000000000000057,2.3999999999999986,-2.3999999999999986,1.0
2022_23,0022200700,2023-01-22,TOR,NYK,125,116,241,9,0.4532,0.35150000000000003,0.7769,42.9,24.8,10.5,0.45990000000000003,0.3442,0.7531000000000001,48.4,18.8,10.5,-0.006700000000000039,0.007300000000000029,-5.5,6.0,0.0,1.0
2022_23,0022200699,2023-01-22,MIA,NOP,100,96,196,4,0.45919999999999994,0.3165,0.8304,44.5,22.6,13.6,0.4791,0.3529,0.7487,42.5,25.0,14.3,-0.019900000000000084,-0.03639999999999999,2.0,-2.3999999999999986,0.7000000000000011,1.0
2022_23,0022200701,2023-01-22,DAL,LAC,98,112,210,-14,0.46980000000000005,0.36429999999999996,0.756,37.9,22.4,12.6,0.4615,0.3742,0.7477,42.2,22.5,12.4,0.00830000000000003,-0.00990000000000002,-4.300000000000004,-0.10000000000000142,-0.1999999999999993,1.0
2022_23,0022200706,2023-01-23,DET,MIL,130,150,280,-20,0.46811111111111114,0.36077777777777775,0.7598888888888888,39.888888888888886,23.77777777777778,15.555555555555555,0.4537,0.3916,0.7604,46.2,25.6,14.5,0.014411111111111152,-0.03082222222222225,-6.311111111111117,-1.8222222222222229,-1.0555555555555554,1.0
2022_23,0022200707,2023-01-23,ORL,BOS,113,98,211,15,0.4856666666666667,0.37122222222222223,0.7711111111111112,41.111111111111114,24.11111111111111,13.555555555555555,0.465,0.3652,0.8552,47.8,27.5,12.5,0.020666666666666667,0.006022222222222207,-6.688888888888883,-3.3888888888888893,-1.0555555555555554,1.0
2022_23,0022200708,2023-01-23,CHI,ATL,111,100,211,11,0.5045555555555556,0.37922222222222224,0.7987777777777778,42.888888888888886,23.88888888888889,11.777777777777779,0.5147999999999999,0.3993,0.8522000000000001,39.9,24.3,12.7,-0.010244444444444278,-0.02007777777777775,2.988888888888887,-0.4111111111111114,0.9222222222222207,1.0
2022_23,0022200709,2023-01-23,HOU,MIN,119,114,233,5,0.4605,0.32839999999999997,0.697,45.1,23.9,15.8,0.5067999999999999,0.392,0.8042999999999999,37.0,24.9,15.5,-0.0462999999999999,-0.06360000000000005,8.100000000000001,-1.0,-0.3000000000000007,1.0
2022_23,0022200710,2023-01-23,UTA,CHA,120,102,222,18,0.4755,0.35750000000000004,0.8097,47.2,25.0,14.4,0.48150000000000004,0.3553,0.7634000000000001,42.2,26.8,11.9,-0.006000000000000061,0.0022000000000000353,5.0,-1.8000000000000007,-2.5,1.0
2022_23,0022200711,2023-01-23,POR,SAS,147,127,274,20,0.4614,0.3126,0.8314999999999999,41.7,23.2,15.5,0.48250000000000004,0.3467,0.7701,43.2,27.4,14.0,-0.021100000000000063,-0.03410000000000002,-1.5,-4.199999999999999,-1.5,1.0
2022_23,0022200712,2023-01-23,SAC,MEM,133,100,233,33,0.515,0.3992,0.8271000000000001,42.2,27.5,11.8,0.48769999999999997,0.3872,0.7054,50.7,26.0,13.4,0.027300000000000046,0.01200000000000001,-8.5,1.5,1.5999999999999996,1.0
2022_23,0022200719,2023-01-24,LAL,LAC,115,133,248,-18,0.4991,0.335,0.7745,44.2,24.7,11.9,0.46370000000000006,0.37570000000000003,0.7563,43.4,22.6,12.0,0.03539999999999993,-0.040700000000000014,0.8000000000000043,2.099999999999998,0.09999999999999964,1.0
2022_23,0022200718,2023-01-24,PHX,CHA,128,97,225,31,0.43739999999999996,0.3952,0.8205,45.4,26.5,16.9,0.48100000000000004,0.33340000000000003,0.765,41.7,26.6,12.0,-0.04360000000000008,0.061799999999999966,3.6999999999999957,-0.10000000000000142,-4.899999999999999,1.0
2022_23,0022200717,2023-01-24,DAL,WAS,126,127,253,-1,0.4716,0.37120000000000003,0.7255,37.6,22.0,12.8,0.47500000000000003,0.35366666666666663,0.8062222222222223,46.55555555555556,26.11111111111111,14.444444444444445,-0.003400000000000014,0.0175333333333334,-8.955555555555556,-4.111111111111111,1.644444444444444,1.0
2022_23,0022200713,2023-01-24,IND,CHI,116,110,226,6,0.43479999999999996,0.3198,0.8261,44.0,25.4,16.4,0.5004000000000001,0.37370000000000003,0.7856,43.3,24.3,11.7,-0.0656000000000001,-0.05390000000000006,0.7000000000000028,1.0999999999999979,-4.699999999999999,1.0
2022_23,0022200715,2023-01-24,NYK,CLE,105,103,208,2,0.4601,0.3487,0.7543,48.6,19.2,11.4,0.4928,0.3464,0.7457,41.2,25.2,12.8,-0.03270000000000001,0.0023000000000000242,7.399999999999999,-6.0,1.4000000000000004,1.0
2022_23,0022200714,2023-01-24,MIA,BOS,98,95,193,3,0.45709999999999995,0.30670000000000003,0.8286,43.9,22.1,14.7,0.4629,0.3743,0.8473,47.7,27.0,12.6,-0.005800000000000027,-0.0676,-3.8000000000000043,-4.899999999999999,-2.0999999999999996,1.0
2022_23,0022200716,2023-01-24,NOP,DEN,98,99,197,-1,0.4765,0.3417,0.7464999999999999,41.7,24.8,15.1,0.5187999999999999,0.40119999999999995,0.73,43.9,29.0,13.6,-0.04229999999999995,-0.05949999999999994,-2.1999999999999957,-4.199999999999999,-1.5,1.0
2022_23,0022200726,2023-01-25,GSW,MEM,122,120,242,2,0.4601,0.3865,0.7907,47.5,29.2,16.0,0.47850000000000004,0.3905,0.7097,47.9,26.0,13.5,-0.018400000000000027,-0.0040000000000000036,-0.3999999999999986,3.1999999999999993,-2.5,1.0
2022_23,0022200728,2023-01-25,SAC,TOR,95,113,208,-18,0.5172000000000001,0.42610000000000003,0.8311,43.5,28.9,12.5,0.466,0.376,0.7769,42.7,24.7,10.4,0.05120000000000008,0.05010000000000003,0.7999999999999972,4.199999999999999,-2.0999999999999996,1.0
2022_23,0022200729,2023-01-25,LAL,SAS,113,104,217,9,0.4939,0.34540000000000004,0.757,43.2,24.8,10.9,0.49139999999999995,0.369,0.7859,42.9,27.8,13.7,0.0025000000000000577,-0.023599999999999954,0.30000000000000426,-3.0,2.799999999999999,1.0
2022_23,0022200725,2023-01-25,OKC,ATL,132,137,269,-5,0.4787,0.3784,0.7929,42.9,26.1,11.3,0.5071,0.3963,0.8244999999999999,39.8,24.6,13.0,-0.02839999999999998,-0.01789999999999997,3.1000000000000014,1.5,1.6999999999999993,1.0
2022_23,0022200727,2023-01-25,POR,UTA,134,124,258,10,0.4772,0.3422,0.835,41.4,24.8,14.7,0.48,0.368,0.8046,47.4,25.4,14.4,-0.002799999999999969,-0.02579999999999999,-6.0,-0.5999999999999979,-0.29999999999999893,1.0
2022_23,0022200723,2023-01-25,MIL,DEN,107,99,206,8,0.46180000000000004,0.4083,0.7371000000000001,46.3,26.7,15.2,0.517,0.3956,0.7212,41.6,28.9,13.6,-0.05519999999999997,0.012699999999999989,4.699999999999996,-2.1999999999999993,-1.5999999999999996,1.0
2022_23,0022200722,2023-01-25,HOU,WAS,103,108,211,-5,0.46420000000000006,0.3341,0.6913,45.2,24.2,17.1,0.47809999999999997,0.355,0.8036,46.0,26.3,14.1,-0.013899999999999912,-0.020899999999999974,-0.7999999999999972,-2.1000000000000014,-3.0000000000000018,1.0
2022_23,0022200721,2023-01-25,PHI,BKN,137,133,270,4,0.4986,0.3731,0.8436,41.9,27.0,13.1,0.4941,0.3879,0.7532,41.1,25.8,14.5,0.004500000000000004,-0.014800000000000035,0.7999999999999972,1.1999999999999993,1.4000000000000004,1.0
2022_23,0022200720,2023-01-25,ORL,IND,126,120,246,6,0.4883,0.3748,0.7607,41.0,23.9,13.3,0.4298,0.31070000000000003,0.8162,44.0,24.7,15.9,0.058499999999999996,0.06409999999999999,-3.0,-0.8000000000000007,2.5999999999999996,1.0
2022_23,0022200724,2023-01-25,NOP,MIN,102,111,213,-9,0.4751,0.3241,0.743,40.9,24.1,15.2,0.5006,0.3926,0.8048,37.8,24.3,15.9,-0.025500000000000023,-0.0685,3.1000000000000014,-0.1999999999999993,0.7000000000000011,1.0
2022_23,0022200730,2023-01-26,BOS,NYK,117,120,237,-3,0.45730000000000004,0.3684,0.8412000000000001,46.9,26.2,13.2,0.4615,0.3679,0.7556,48.1,20.1,11.7,-0.0041999999999999815,0.0005000000000000004,-1.2000000000000028,6.099999999999998,-1.5,1.0
2022_23,0022200731,2023-01-26,BKN,DET,122,130,252,-8,0.4962,0.3867,0.751,39.7,25.6,14.8,0.4707,0.3653,0.7614,40.0,24.0,16.0,0.025499999999999967,0.021399999999999975,-0.29999999999999716,1.6000000000000014,1.1999999999999993,1.0
2022_23,0022200732,2023-01-26,CHA,CHI,111,96,207,15,0.4812,0.3285,0.7539,41.3,26.0,12.2,0.4998,0.36419999999999997,0.7734,43.6,24.0,12.6,-0.018600000000000005,-0.035699999999999954,-2.3000000000000043,2.0,0.40000000000000036,1.0
2022_23,0022200733,2023-01-26,HOU,CLE,95,113,208,-18,0.46319999999999995,0.3204,0.6946,46.6,24.6,17.2,0.4998,0.3522,0.7319,40.7,26.6,12.5,-0.03660000000000008,-0.031799999999999995,5.899999999999999,-2.0,-4.699999999999999,1.0
2022_23,0022200734,2023-01-26,PHX,DAL,95,99,194,-4,0.4479,0.4159,0.835,46.0,27.9,17.2,0.4866,0.3826,0.7301,37.2,22.9,12.6,-0.03869999999999996,0.033299999999999996,8.799999999999997,5.0,-4.6,1.0
2022_23,0022200735,2023-01-26,LAC,SAS,138,100,238,38,0.487,0.4122,0.7643,44.0,22.7,12.7,0.4791,0.3532,0.794,43.9,27.5,13.4,0.007899999999999963,0.059,0.10000000000000142,-4.800000000000001,0.7000000000000011,1.0
2022_23,0022200740,2023-01-27,GSW,TOR,129,117,246,12,0.46610000000000007,0.3981,0.8026,45.0,29.1,16.3,0.47330000000000005,0.3715,0.7683,42.2,25.3,10.7,-0.007199999999999984,0.026600000000000013,2.799999999999997,3.8000000000000007,-5.600000000000001,1.0
2022_23,0022200739,2023-01-27,OKC,CLE,112,100,212,12,0.49030000000000007,0.382,0.7714000000000001,43.3,26.9,11.6,0.5003,0.3554,0.7574,40.3,26.5,12.8,-0.009999999999999898,0.026600000000000013,3.0,0.3999999999999986,1.200000000000001,1.0
2022_23,0022200738,2023-01-27,MIA,ORL,110,105,215,5,0.44800000000000006,0.3155,0.8355,44.7,21.8,14.2,0.4925,0.389,0.7561,39.5,24.7,13.4,-0.04449999999999993,-0.07350000000000001,5.200000000000003,-2.8999999999999986,-0.7999999999999989,1.0
2022_23,0022200736,2023-01-27,IND,MIL,131,141,272,-10,0.4328,0.3256,0.8061999999999999,43.1,25.0,16.2,0.4694,0.4183,0.7384999999999999,43.9,25.7,14.7,-0.036599999999999966,-0.0927,-0.7999999999999972,-0.6999999999999993,-1.5,1.0
2022_23,0022200737,2023-01-27,MIN,MEM,111,100,211,11,0.49260000000000004,0.3934,0.7968999999999999,36.9,23.8,14.8,0.47400000000000003,0.3895,0.7148,46.6,26.2,13.6,0.018600000000000005,0.0039000000000000146,-9.700000000000003,-2.3999999999999986,-1.200000000000001,1.0
2022_23,0022200751,2023-01-28,POR,TOR,105,123,228,-18,0.4941,0.3621,0.8359,40.3,24.4,13.9,0.4748,0.36920000000000003,0.744,42.7,25.1,10.7,0.019299999999999984,-0.007100000000000051,-2.4000000000000057,-0.7000000000000028,-3.200000000000001,1.0
2022_23,0022200741,2023-01-28,PHI,DEN,126,119,245,7,0.5008,0.3816,0.8544,40.9,27.2,13.1,0.5031,0.3794,0.7179,41.8,28.2,14.1,-0.0022999999999999687,0.0021999999999999797,-0.8999999999999986,-1.0,1.0,1.0
2022_23,0022200742,2023-01-28,BKN,NYK,122,115,237,7,0.4957,0.3885,0.76,40.3,25.6,15.3,0.4603,0.3589,0.769,48.0,19.9,11.4,0.03539999999999999,0.029600000000000015,-7.700000000000003,5.700000000000003,-3.9000000000000004,1.0
2022_23,0022200743,2023-01-28,DET,HOU,114,117,231,-3,0.47969999999999996,0.3727,0.7718999999999999,40.3,25.1,15.0,0.4732,0.3085,0.6660999999999999,46.3,25.1,17.9,0.00649999999999995,0.06419999999999998,-6.0,0.0,2.8999999999999986,1.0
2022_23,0022200744,2023-01-28,ORL,CHI,109,128,237,-19,0.4939,0.3937,0.7538,39.6,24.5,14.3,0.48739999999999994,0.3402,0.7621,43.3,23.5,12.2,0.006500000000000061,0.05349999999999999,-3.6999999999999957,1.0,-2.1000000000000014,1.0
2022_23,0022200745,2023-01-28,ATL,LAC,113,120,233,-7,0.5208,0.40519999999999995,0.826,40.5,24.8,13.5,0.5014000000000001,0.4236,0.7738,43.7,23.1,12.2,0.019399999999999973,-0.018400000000000027,-3.200000000000003,1.6999999999999993,-1.3000000000000007,1.0
2022_23,0022200746,2023-01-28,MIN,SAC,117,110,227,7,0.4963,0.3948,0.7817999999999999,37.0,24.6,14.9,0.5185000000000001,0.4267,0.8308,42.7,29.2,13.3,-0.022200000000000053,-0.03190000000000004,-5.700000000000003,-4.599999999999998,-1.5999999999999996,1.0
2022_23,0022200747,2023-01-28,NOP,WAS,103,113,216,-10,0.4788,0.31429999999999997,0.7392000000000001,40.0,25.0,15.1,0.4647,0.3607,0.8131,45.4,26.1,13.1,0.014100000000000001,-0.04640000000000005,-5.399999999999999,-1.1000000000000014,-2.0,1.0
2022_23,0022200748,2023-01-28,SAS,PHX,118,128,246,-10,0.4686,0.34900000000000003,0.7737,43.7,27.2,13.0,0.4471,0.4304,0.8220000000000001,46.6,28.1,16.7,0.02150000000000002,-0.08139999999999997,-2.8999999999999986,-0.9000000000000021,3.6999999999999993,1.0
2022_23,0022200749,2023-01-28,BOS,LAL,125,121,246,4,0.4488,0.35910000000000003,0.8571,48.0,25.4,13.1,0.4835,0.32999999999999996,0.7586999999999999,43.7,24.0,11.1,-0.03470000000000001,0.02910000000000007,4.299999999999997,1.3999999999999986,-2.0,1.0
2022_23,0022200750,2023-01-28,UTA,DAL,108,100,208,8,0.4827,0.3772,0.7761,46.7,25.3,14.9,0.4727,0.376,0.7226,37.6,22.6,11.8,0.010000000000000009,0.0011999999999999789,9.100000000000001,2.6999999999999993,-3.0999999999999996,1.0
2022_23,0022200754,2023-01-29,CLE,LAC,122,99,221,23,0.4869,0.3451,0.7705,40.1,26.3,12.4,0.515,0.43899999999999995,0.7859,41.5,23.1,12.5,-0.028100000000000014,-0.09389999999999993,-1.3999999999999986,3.1999999999999993,0.09999999999999964,1.0
2022_23,0022200755,2023-01-29,MIL,NOP,135,110,245,25,0.47850000000000004,0.4185,0.7373000000000001,44.4,26.7,14.6,0.47329999999999994,0.3247,0.7658,39.8,24.5,14.8,0.0052000000000000934,0.0938,4.600000000000001,2.1999999999999993,0.20000000000000107,1.0
2022_23,0022200752,2023-01-29,CHA,MIA,122,117,239,5,0.4756,0.30870000000000003,0.7746,41.6,25.2,13.3,0.4516,0.3142,0.8362,44.7,22.7,14.0,0.02400000000000002,-0.005499999999999949,-3.1000000000000014,2.5,0.6999999999999993,1.0
2022_23,0022200753,2023-01-29,MEM,IND,112,100,212,12,0.46980000000000005,0.3742,0.7263,47.4,25.6,14.7,0.44420000000000004,0.3308,0.7958000000000001,42.8,24.5,15.9,0.02560000000000001,0.043399999999999994,4.600000000000001,1.1000000000000014,1.200000000000001,1.0
2022_23,0022200756,2023-01-30,PHI,ORL,109,119,228,-10,0.509,0.3891,0.8432999999999999,41.0,27.5,13.5,0.4927,0.3888,0.7663,38.8,24.8,14.5,0.01629999999999998,0.00030000000000002247,2.200000000000003,2.6999999999999993,1.0,1.0
2022_23,0022200757,2023-01-30,BKN,LAL,121,104,225,17,0.5051,0.398,0.7221,39.5,26.1,14.9,0.4673,0.3157,0.7519,44.6,24.4,10.6,0.0378,0.08230000000000004,-5.100000000000001,1.7000000000000028,-4.300000000000001,1.0
2022_23,0022200758,2023-01-30,MIN,SAC,111,118,229,-7,0.49989999999999996,0.3922,0.7817999999999999,37.8,24.9,15.0,0.5113000000000001,0.4102,0.8247,42.9,29.0,12.8,-0.011400000000000132,-0.018000000000000016,-5.100000000000001,-4.100000000000001,-2.1999999999999993,1.0
2022_23,0022200759,2023-01-30,OKC,GSW,120,128,248,-8,0.49190000000000006,0.39170000000000005,0.788,43.8,25.8,12.1,0.47000000000000003,0.4025,0.7826000000000001,45.3,30.0,16.3,0.02190000000000003,-0.010799999999999976,-1.5,-4.199999999999999,4.200000000000001,1.0
2022_23,0022200760,2023-01-30,SAS,WAS,106,127,233,-21,0.4636,0.35550000000000004,0.7657,43.9,27.9,13.0,0.46690000000000004,0.3617,0.7977000000000001,46.1,25.2,13.9,-0.003300000000000025,-0.006199999999999983,-2.200000000000003,2.6999999999999993,0.9000000000000004,1.0
2022_23,0022200761,2023-01-30,DAL,DET,111,105,216,6,0.47400000000000003,0.3792,0.7146,36.8,23.1,11.9,0.4766,0.3651,0.7797,39.7,24.5,15.6,-0.002599999999999991,0.014100000000000001,-2.9000000000000057,-1.3999999999999986,3.6999999999999993,1.0
2022_23,0022200762,2023-01-30,PHX,TOR,114,106,220,8,0.4516,0.40990000000000004,0.808,48.2,29.0,16.0,0.47750000000000004,0.357,0.7569,42.3,24.3,10.4,-0.025900000000000034,0.05290000000000006,5.900000000000006,4.699999999999999,-5.6,1.0
2022_23,0022200763,2023-01-30,POR,ATL,129,125,254,4,0.502,0.3613,0.8385,38.8,24.3,12.7,0.5187999999999999,0.4003,0.826,40.9,25.0,13.5,-0.016799999999999926,-0.03899999999999998,-2.1000000000000014,-0.6999999999999993,0.8000000000000007,1.0
2022_23,0022200768,2023-01-31,DEN,NOP,122,113,235,9,0.5109,0.3849,0.7147,39.9,28.1,13.8,0.4647,0.32439999999999997,0.7598,39.2,24.6,15.0,0.04620000000000002,0.060500000000000054,0.6999999999999957,3.5,1.1999999999999993,1.0
2022_23,0022200767,2023-01-31,MIL,CHA,124,115,239,9,0.4899,0.4192,0.7195,45.3,26.7,14.4,0.48660000000000003,0.3129,0.763,41.4,25.2,13.4,0.0032999999999999696,0.1063,3.8999999999999986,1.5,-1.0,1.0
2022_23,0022200766,2023-01-31,CHI,LAC,103,108,211,-5,0.4896,0.3271,0.7875,42.6,23.2,12.2,0.5113,0.41079999999999994,0.7944,41.4,22.8,13.0,-0.021699999999999997,-0.08369999999999994,1.2000000000000028,0.3999999999999986,0.8000000000000007,1.0
2022_23,0022200765,2023-01-31,NYK,LAL,123,129,252,-6,0.4734,0.3678,0.757,47.7,20.2,11.8,0.4625,0.325,0.7381,45.5,24.8,10.6,0.010899999999999965,0.042800000000000005,2.200000000000003,-4.600000000000001,-1.200000000000001,1.0
2022_23,0022200764,2023-01-31,CLE,MIA,97,100,197,-3,0.49660000000000004,0.3787,0.7609,39.9,28.0,13.2,0.4587,0.3094,0.8394999999999999,44.2,23.1,13.9,0.037900000000000045,0.06929999999999997,-4.300000000000004,4.899999999999999,0.7000000000000011,1.0
2022_23,0022200770,2023-02-01,PHI,ORL,105,94,199,11,0.5072,0.3961,0.8346,41.1,27.9,14.0,0.48950000000000005,0.3949,0.7713,39.7,24.7,14.2,0.017699999999999938,0.0012000000000000344,1.3999999999999986,3.1999999999999993,0.1999999999999993,1.0
2022_23,0022200771,2023-02-01,MEM,POR,112,122,234,-10,0.4686,0.35619999999999996,0.7464999999999999,46.5,25.9,14.2,0.5081,0.3917,0.8432000000000001,37.7,24.5,11.8,-0.03949999999999998,-0.03550000000000003,8.799999999999997,1.3999999999999986,-2.3999999999999986,1.0
2022_23,0022200772,2023-02-01,BOS,BKN,139,96,235,43,0.45149999999999996,0.3648,0.8491,47.6,24.7,13.4,0.5012000000000001,0.4006,0.721,40.5,26.3,14.1,-0.04970000000000013,-0.0358,7.100000000000001,-1.6000000000000014,0.6999999999999993,1.0
2022_23,0022200773,2023-02-01,HOU,OKC,112,106,218,6,0.47830000000000006,0.3075,0.6839000000000001,47.0,24.5,17.6,0.493,0.3946,0.7929999999999999,43.3,25.4,13.0,-0.014699999999999935,-0.08710000000000001,3.700000000000003,-0.8999999999999986,-4.600000000000001,1.0
2022_23,0022200774,2023-02-01,MIN,GSW,119,114,233,5,0.4944,0.38730000000000003,0.7487999999999999,39.0,25.1,15.3,0.48360000000000003,0.4141,0.7816000000000001,44.8,31.1,16.2,0.010799999999999976,-0.02679999999999999,-5.799999999999997,-6.0,0.8999999999999986,1.0
2022_23,0022200775,2023-02-01,SAS,SAC,109,119,228,-10,0.4615,0.3452,0.7434000000000001,44.0,27.7,12.6,0.5052000000000001,0.3902,0.8179000000000001,43.1,27.1,12.9,-0.04370000000000007,-0.044999999999999984,0.8999999999999986,0.5999999999999979,0.3000000000000007,1.0
2022_23,0022200776,2023-02-01,UTA,TOR,131,128,259,3,0.4808,0.384,0.7691,47.7,24.3,15.6,0.4706,0.34859999999999997,0.7686,43.5,23.2,10.9,0.010199999999999987,0.03540000000000004,4.200000000000003,1.1000000000000014,-4.699999999999999,1.0
2022_23,0022200777,2023-02-01,PHX,ATL,100,132,232,-32,0.4554,0.404,0.7955,46.7,29.2,15.0,0.5208,0.4069,0.8170999999999999,41.3,25.1,13.1,-0.06540000000000001,-0.002899999999999958,5.400000000000006,4.099999999999998,-1.9000000000000004,1.0
2022_23,0022200784,2023-02-02,MIL,LAC,106,105,211,1,0.48500000000000004,0.41580000000000006,0.7502,46.2,25.7,14.5,0.504,0.40359999999999996,0.8004,41.5,23.2,12.6,-0.01899999999999996,0.0122000000000001,4.700000000000003,2.5,-1.9000000000000004,1.0
2022_23,0022200782,2023-02-02,DAL,NOP,111,106,217,5,0.47990000000000005,0.377,0.7037,37.6,23.3,11.8,0.4624,0.3173,0.7673,39.5,25.2,15.6,0.01750000000000007,0.059699999999999975,-1.8999999999999986,-1.8999999999999986,3.799999999999999,1.0
2022_23,0022200781,2023-02-02,CHI,CHA,114,98,212,16,0.48600000000000004,0.3307,0.7807999999999999,43.3,23.6,13.2,0.4697,0.29819999999999997,0.7666000000000001,44.2,24.6,13.5,0.016300000000000037,0.03250000000000003,-0.9000000000000057,-1.0,0.3000000000000007,1.0
2022_23,0022200783,2023-02-02,DEN,GSW,134,117,251,17,0.5038,0.3852,0.7266,40.5,28.4,14.5,0.4869,0.40800000000000003,0.7832000000000001,46.1,30.8,16.2,0.016900000000000026,-0.022800000000000042,-5.600000000000001,-2.400000000000002,1.6999999999999993,1.0
2022_23,0022200779,2023-02-02,CLE,MEM,128,113,241,15,0.49539999999999995,0.37439999999999996,0.7335,39.4,28.4,13.4,0.46420000000000006,0.3169,0.7535000000000001,45.2,26.8,14.1,0.031199999999999894,0.05749999999999994,-5.800000000000004,1.5999999999999979,0.6999999999999993,1.0
2022_23,0022200778,2023-02-02,IND,LAL,111,112,223,-1,0.442,0.3281,0.8149000000000001,42.5,23.9,16.4,0.4748,0.3339,0.7461,44.3,25.3,11.0,-0.032799999999999996,-0.005799999999999972,-1.7999999999999972,-1.4000000000000021,-5.399999999999999,1.0
2022_23,0022200780,2023-02-02,NYK,MIA,106,104,210,2,0.47309999999999997,0.3527,0.7597,47.2,20.8,11.2,0.4631,0.3243,0.8115,44.6,23.4,13.4,0.009999999999999953,0.028400000000000036,2.6000000000000014,-2.599999999999998,2.200000000000001,1.0
2022_23,0022200785,2023-02-03,DET,CHA,118,112,230,6,0.4749,0.3655,0.7913,40.0,24.0,15.4,0.45840000000000003,0.2788,0.7828999999999999,44.5,23.8,12.8,0.01649999999999996,0.0867,-4.5,0.1999999999999993,-2.5999999999999996,1.0
2022_23,0022200786,2023-02-03,IND,SAC,107,104,211,3,0.4508,0.3438,0.8154,42.0,24.5,16.8,0.5105999999999999,0.3802,0.8129,42.0,26.8,13.0,-0.059799999999999964,-0.03639999999999999,0.0,-2.3000000000000007,-3.8000000000000007,1.0
2022_23,0022200787,2023-02-03,WAS,POR,116,124,240,-8,0.4746,0.38580000000000003,0.8109,46.0,26.3,13.3,0.5039,0.3973,0.8635999999999999,38.2,25.2,11.4,-0.029299999999999993,-0.011499999999999955,7.799999999999997,1.1000000000000014,-1.9000000000000004,1.0
2022_23,0022200788,2023-02-03,BOS,PHX,94,106,200,-12,0.4607,0.3788,0.8311,48.3,25.1,13.7,0.4528,0.3902,0.808,46.7,28.6,14.6,0.007900000000000018,-0.011399999999999966,1.5999999999999943,-3.5,0.9000000000000004,1.0
2022_23,0022200789,2023-02-03,HOU,TOR,111,117,228,-6,0.4761,0.2989,0.6934,48.7,23.5,18.0,0.4747,0.368,0.7577999999999999,44.4,24.0,10.3,0.0014000000000000123,-0.0691,4.300000000000004,-0.5,-7.699999999999999,1.0
2022_23,0022200790,2023-02-03,MIN,ORL,120,127,247,-7,0.48150000000000004,0.3832,0.7297,41.2,25.5,14.9,0.4761,0.3732,0.7672,40.8,24.0,14.1,0.005400000000000016,0.010000000000000009,0.4000000000000057,1.5,-0.8000000000000007,1.0
2022_23,0022200791,2023-02-03,SAS,PHI,125,137,262,-12,0.46929999999999994,0.34609999999999996,0.7365,43.2,27.4,13.2,0.4901,0.4006,0.8298,39.9,27.0,14.0,-0.02080000000000004,-0.05450000000000005,3.3000000000000043,0.3999999999999986,0.8000000000000007,1.0
2022_23,0022200792,2023-02-03,UTA,ATL,108,115,223,-7,0.4827,0.38889999999999997,0.774,48.0,24.3,15.1,0.5343,0.41600000000000004,0.8275,40.8,25.7,12.9,-0.05159999999999998,-0.02710000000000007,7.200000000000003,-1.3999999999999986,-2.1999999999999993,1.0
2022_23,0022200801,2023-02-04,DEN,ATL,128,108,236,20,0.5105000000000001,0.38849999999999996,0.7268,40.0,29.5,14.7,0.5294,0.4023,0.807,42.0,26.6,12.6,-0.018899999999999917,-0.013800000000000034,-2.0,2.8999999999999986,-2.0999999999999996,1.0
2022_23,0022200800,2023-02-04,GSW,DAL,119,113,232,6,0.483,0.4205,0.7664000000000001,44.8,30.0,16.6,0.4734,0.3778,0.7301,35.8,22.4,10.7,0.009599999999999997,0.04269999999999996,9.0,7.600000000000001,-5.900000000000002,1.0
2022_23,0022200799,2023-02-04,OKC,HOU,153,121,274,32,0.48150000000000004,0.3968,0.8080999999999999,44.1,24.9,12.1,0.4788,0.29979999999999996,0.7021,49.3,23.4,17.8,0.0027000000000000357,0.09700000000000003,-5.199999999999996,1.5,5.700000000000001,1.0
2022_23,0022200798,2023-02-04,NOP,LAL,131,126,257,5,0.4636,0.3068,0.7783,39.7,25.0,15.6,0.46530000000000005,0.33120000000000005,0.7402,45.6,25.4,11.2,-0.0017000000000000348,-0.024400000000000033,-5.899999999999999,-0.3999999999999986,-4.4,1.0
2022_23,0022200796,2023-02-04,CHI,POR,129,121,250,8,0.49260000000000004,0.3357,0.7973,43.1,24.1,13.8,0.4971,0.3973,0.8593999999999999,37.3,24.3,10.9,-0.0044999999999999485,-0.06159999999999999,5.800000000000004,-0.1999999999999993,-2.9000000000000004,1.0
2022_23,0022200795,2023-02-04,NYK,LAC,128,134,262,-6,0.4767,0.3584,0.7665,46.2,21.8,12.3,0.4928,0.39590000000000003,0.799,42.0,22.6,11.6,-0.016100000000000003,-0.03750000000000003,4.200000000000003,-0.8000000000000007,-0.7000000000000011,1.0
2022_23,0022200794,2023-02-04,DET,PHX,100,116,216,-16,0.4755,0.3745,0.7776,40.8,24.2,15.4,0.4483,0.3668,0.8103999999999999,47.7,28.6,13.6,0.027200000000000002,0.007699999999999985,-6.900000000000006,-4.400000000000002,-1.8000000000000007,1.0
2022_23,0022200793,2023-02-04,BKN,WAS,125,123,248,2,0.4969,0.3855,0.7224999999999999,40.6,25.6,13.6,0.4734,0.381,0.8240000000000001,46.4,26.4,12.4,0.02350000000000002,0.004500000000000004,-5.799999999999997,-0.7999999999999972,-1.1999999999999993,1.0
2022_23,0022200797,2023-02-04,MIL,MIA,123,115,238,8,0.48810000000000003,0.40149999999999997,0.7539,47.6,25.3,14.4,0.46370000000000006,0.3339,0.799,41.8,23.6,13.2,0.024399999999999977,0.0676,5.800000000000004,1.6999999999999993,-1.200000000000001,1.0
2022_23,0022200802,2023-02-05,CHA,ORL,113,119,232,-6,0.45620000000000005,0.2757,0.7754,43.6,23.9,13.1,0.4852,0.38649999999999995,0.7705,41.0,24.0,14.3,-0.02899999999999997,-0.11079999999999995,2.6000000000000014,-0.10000000000000142,1.200000000000001,1.0
2022_23,0022200803,2023-02-05,IND,CLE,103,122,225,-19,0.4588,0.3619,0.7975,41.8,24.7,16.6,0.5005,0.3941,0.7192000000000001,39.5,29.3,13.2,-0.04169999999999996,-0.032200000000000006,2.299999999999997,-4.600000000000001,-3.400000000000002,1.0
2022_23,0022200804,2023-02-05,NYK,PHI,108,97,205,11,0.4791,0.3634,0.7628,45.6,23.1,12.5,0.49870000000000003,0.4181,0.8152000000000001,39.9,26.8,13.4,-0.019600000000000006,-0.054700000000000026,5.700000000000003,-3.6999999999999993,0.9000000000000004,1.0
2022_23,0022200805,2023-02-05,MEM,TOR,103,106,209,-3,0.4561,0.3229,0.7704,45.1,25.8,14.3,0.4807,0.377,0.749,44.5,23.4,10.6,-0.02460000000000001,-0.05409999999999998,0.6000000000000014,2.400000000000002,-3.700000000000001,1.0
2022_23,0022200806,2023-02-05,MIN,DEN,128,98,226,30,0.48200000000000004,0.37570000000000003,0.7321,41.2,24.8,16.3,0.5071,0.3947,0.7592,40.7,29.5,14.4,-0.025099999999999956,-0.01899999999999996,0.5,-4.699999999999999,-1.9000000000000004,1.0
2022_23,0022200807,2023-02-05,NOP,SAC,136,104,240,32,0.4649,0.2998,0.791,41.7,25.2,15.0,0.4989,0.3644,0.8117000000000001,42.3,25.8,13.6,-0.03400000000000003,-0.06459999999999999,-0.5999999999999943,-0.6000000000000014,-1.4000000000000004,1.0
2022_23,0022200813,2023-02-06,UTA,DAL,111,124,235,-13,0.48410000000000003,0.39059999999999995,0.7651,47.6,24.2,15.0,0.46690000000000004,0.365,0.75,37.2,21.8,11.0,0.017199999999999993,0.025599999999999956,10.399999999999999,2.3999999999999986,-4.0,1.0
2022_23,0022200815,2023-02-06,POR,MIL,108,127,235,-19,0.4971,0.3913,0.8618,36.5,23.7,11.0,0.49990000000000007,0.3969,0.7479,49.5,25.0,14.6,-0.00280000000000008,-0.005599999999999994,-13.0,-1.3000000000000007,3.5999999999999996,1.0
2022_23,0022200814,2023-02-06,GSW,OKC,141,114,255,27,0.4885,0.41929999999999995,0.7771,44.6,29.8,15.7,0.488,0.4001,0.8012,44.4,26.0,11.9,0.0005000000000000004,0.01919999999999994,0.20000000000000284,3.8000000000000007,-3.799999999999999,1.0
2022_23,0022200812,2023-02-06,HOU,SAC,120,140,260,-20,0.48419999999999996,0.3105,0.706,48.8,24.1,17.4,0.48650000000000004,0.3439,0.8169000000000001,42.3,25.7,14.5,-0.0023000000000000798,-0.033399999999999985,6.5,-1.5999999999999979,-2.8999999999999986,1.0
2022_23,0022200808,2023-02-06,DET,BOS,99,111,210,-12,0.47830000000000006,0.3767,0.7579,41.2,24.2,15.9,0.45170000000000005,0.3718,0.8268000000000001,47.8,24.6,13.8,0.026600000000000013,0.00489999999999996,-6.599999999999994,-0.40000000000000213,-2.0999999999999996,1.0
2022_23,0022200810,2023-02-06,BKN,LAC,116,124,240,-8,0.504,0.3986,0.7485999999999999,39.4,25.3,13.5,0.4906,0.40380000000000005,0.8047000000000001,43.3,23.0,11.0,0.013400000000000023,-0.005200000000000038,-3.8999999999999986,2.3000000000000007,-2.5,1.0
2022_23,0022200809,2023-02-06,WAS,CLE,91,114,205,-23,0.47519999999999996,0.397,0.8210000000000001,45.1,26.5,12.2,0.504,0.4025,0.7342,39.8,30.4,13.0,-0.028800000000000048,-0.005500000000000005,5.300000000000004,-3.8999999999999986,0.8000000000000007,1.0
2022_23,0022200811,2023-02-06,CHI,SAS,128,104,232,24,0.506,0.3509,0.8146000000000001,43.3,25.7,13.8,0.4822,0.343,0.7563,42.9,28.0,13.5,0.023799999999999988,0.007899999999999963,0.3999999999999986,-2.3000000000000007,-0.3000000000000007,1.0
2022_23,0022200816,2023-02-07,ORL,NYK,98,102,200,-4,0.48260000000000003,0.3972,0.7811,42.3,24.1,14.2,0.47969999999999996,0.3677,0.7546,45.1,23.5,12.5,0.002900000000000069,0.02949999999999997,-2.8000000000000043,0.6000000000000014,-1.6999999999999993,1.0
2022_23,0022200817,2023-02-07,BKN,PHX,112,116,228,-4,0.5108,0.4372,0.7429,38.7,25.2,13.0,0.4605,0.3843,0.7834000000000001,48.6,28.7,13.8,0.05030000000000001,0.0529,-9.899999999999999,-3.5,0.8000000000000007,1.0
2022_23,0022200818,2023-02-07,NOP,ATL,116,107,223,9,0.4751,0.3103,0.8064,42.7,25.1,14.3,0.5186,0.3842,0.8076000000000001,43.5,26.5,12.6,-0.04349999999999993,-0.07389999999999997,-0.7999999999999972,-1.3999999999999986,-1.700000000000001,1.0
2022_23,0022200819,2023-02-07,MEM,CHI,104,89,193,15,0.45169999999999993,0.3167,0.7643,44.4,25.4,15.2,0.5175,0.3466,0.8109,44.0,25.4,13.6,-0.06580000000000003,-0.029900000000000038,0.3999999999999986,0.0,-1.5999999999999996,1.0
2022_23,0022200820,2023-02-07,DEN,MIN,146,112,258,34,0.505,0.3843,0.7545,40.2,28.2,15.4,0.48529999999999995,0.3752,0.7268,41.0,25.5,15.5,0.01970000000000005,0.009099999999999997,-0.7999999999999972,2.6999999999999993,0.09999999999999964,1.0
2022_23,0022200821,2023-02-07,LAL,OKC,130,133,263,-3,0.45940000000000003,0.3292,0.7303,46.1,26.1,11.9,0.48529999999999995,0.40120000000000006,0.7862,43.4,25.9,11.9,-0.025899999999999923,-0.07200000000000006,2.700000000000003,0.20000000000000284,0.0,1.0
2022_23,0022200830,2023-02-08,POR,GSW,125,122,247,3,0.492,0.38380000000000003,0.852,35.8,23.9,10.6,0.49670000000000003,0.4304,0.7295,44.8,31.3,16.1,-0.0047000000000000375,-0.046599999999999975,-9.0,-7.400000000000002,5.500000000000002,1.0
2022_23,0022200829,2023-02-08,LAC,DAL,104,110,214,-6,0.49820000000000003,0.3997,0.818,42.9,22.7,10.6,0.46740000000000004,0.3702,0.7553,38.2,21.3,11.5,0.030799999999999994,0.029500000000000026,4.699999999999996,1.3999999999999986,0.9000000000000004,1.0
2022_23,0022200828,2023-02-08,UTA,MIN,118,143,261,-25,0.4878,0.3786,0.7811,45.4,24.8,13.9,0.48180000000000006,0.3613,0.7201,40.9,24.8,15.7,0.00599999999999995,0.017299999999999982,4.5,0.0,1.799999999999999,1.0
2022_23,0022200827,2023-02-08,HOU,SAC,128,130,258,-2,0.4852,0.3144,0.7110000000000001,47.9,24.0,18.0,0.4955,0.36510000000000004,0.8224,41.1,27.2,14.4,-0.010299999999999976,-0.05070000000000002,6.799999999999997,-3.1999999999999993,-3.5999999999999996,1.0
2022_23,0022200826,2023-02-08,TOR,SAS,112,98,210,14,0.4788,0.3705,0.7443,43.7,23.8,10.8,0.475,0.33530000000000004,0.7854,42.7,27.8,14.3,0.0038000000000000256,0.035199999999999954,1.0,-4.0,3.5,1.0
2022_23,0022200825,2023-02-08,MIA,IND,116,111,227,5,0.4566,0.3097,0.7967,41.1,24.2,12.8,0.4511,0.33940000000000003,0.7724,42.3,24.6,16.3,0.005500000000000005,-0.02970000000000006,-1.1999999999999957,-0.40000000000000213,3.5,1.0
2022_23,0022200824,2023-02-08,BOS,PHI,106,99,205,7,0.45119999999999993,0.3792,0.8178000000000001,48.3,23.6,14.3,0.4943000000000001,0.4025,0.8177,40.6,26.8,13.8,-0.04310000000000014,-0.023300000000000043,7.699999999999996,-3.1999999999999993,-0.5,1.0
2022_23,0022200823,2023-02-08,WAS,CHA,118,104,222,14,0.47919999999999996,0.3874,0.8114000000000001,43.8,26.7,12.8,0.4648,0.2702,0.7464999999999999,43.7,24.1,14.1,0.014399999999999968,0.11720000000000003,0.09999999999999432,2.599999999999998,1.299999999999999,1.0
2022_23,0022200822,2023-02-08,CLE,DET,113,85,198,28,0.5092,0.3982,0.7375,39.4,30.1,12.8,0.4608,0.3509,0.7555,41.6,23.4,15.1,0.0484,0.04730000000000001,-2.200000000000003,6.700000000000003,2.299999999999999,1.0
2022_23,0022200831,2023-02-09,ORL,DEN,115,104,219,11,0.4774,0.3712,0.7679,42.2,23.6,13.8,0.5145,0.3943,0.7567999999999999,41.2,29.9,14.9,-0.037099999999999966,-0.02310000000000001,1.0,-6.299999999999997,1.0999999999999996,1.0
2022_23,0022200832,2023-02-09,ATL,PHX,116,107,223,9,0.5063,0.3675,0.7886,44.1,26.7,12.6,0.46129999999999993,0.374,0.7901,48.5,28.8,13.7,0.04500000000000004,-0.006500000000000006,-4.399999999999999,-2.1000000000000014,1.0999999999999996,1.0
2022_23,0022200833,2023-02-09,BKN,CHI,116,105,221,11,0.5065000000000001,0.42700000000000005,0.77,38.9,25.0,13.4,0.5038,0.3281,0.7901,45.1,24.9,14.6,0.0027000000000000357,0.09890000000000004,-6.200000000000003,0.10000000000000142,1.1999999999999993,1.0
2022_23,0022200834,2023-02-09,LAL,MIL,106,115,221,-9,0.4687,0.34199999999999997,0.7217,46.6,26.2,13.3,0.5012000000000001,0.385,0.7422,50.9,24.5,14.8,-0.032500000000000084,-0.04300000000000004,-4.299999999999997,1.6999999999999993,1.5,1.0
2022_23,0022200844,2023-02-10,SAC,DAL,114,122,236,-8,0.4984,0.3668,0.8300000000000001,38.9,27.6,13.8,0.4676,0.3807,0.745,39.5,21.3,11.7,0.030799999999999994,-0.013899999999999968,-0.6000000000000014,6.300000000000001,-2.1000000000000014,1.0
2022_23,0022200843,2023-02-10,POR,OKC,129,138,267,-9,0.5095,0.3891,0.873,36.1,24.5,11.1,0.493,0.4125,0.7993,42.1,27.0,12.3,0.01649999999999996,-0.023399999999999976,-6.0,-2.5,1.200000000000001,1.0
2022_23,0022200845,2023-02-10,LAC,MIL,106,119,225,-13,0.47939999999999994,0.3825,0.8242,43.7,21.7,10.8,0.4932,0.3618,0.7239,51.8,24.5,14.7,-0.01380000000000009,0.020699999999999996,-8.099999999999994,-2.8000000000000007,3.8999999999999986,1.0
2022_23,0022200842,2023-02-10,NOP,CLE,107,118,225,-11,0.4795,0.31920000000000004,0.7981,43.5,25.0,14.2,0.5086,0.3789,0.7373,40.9,30.7,12.6,-0.02910000000000007,-0.059699999999999975,2.6000000000000014,-5.699999999999999,-1.5999999999999996,1.0
2022_23,0022200841,2023-02-10,MEM,MIN,128,107,235,21,0.45439999999999997,0.3176,0.763,44.1,25.4,15.8,0.4931,0.3733,0.7368,42.6,26.3,15.6,-0.03870000000000001,-0.05570000000000003,1.5,-0.9000000000000021,-0.20000000000000107,1.0
2022_23,0022200837,2023-02-10,PHI,NYK,119,108,227,11,0.4883,0.3995,0.8138,40.5,25.9,13.5,0.48369999999999996,0.37570000000000003,0.7563,44.5,24.2,12.7,0.0046000000000000485,0.023799999999999988,-4.0,1.6999999999999993,-0.8000000000000007,1.0
2022_23,0022200839,2023-02-10,TOR,UTA,116,122,238,-6,0.4748,0.35619999999999996,0.7464,45.0,23.3,10.9,0.4819,0.3839,0.7842,45.6,25.5,13.5,-0.007099999999999995,-0.027700000000000058,-0.6000000000000014,-2.1999999999999993,2.5999999999999996,1.0
2022_23,0022200838,2023-02-10,BOS,CHA,127,116,243,11,0.45439999999999997,0.387,0.7918000000000001,48.0,22.7,14.6,0.4567,0.2742,0.7595,44.0,23.7,13.8,-0.0023000000000000242,0.11280000000000001,4.0,-1.0,-0.7999999999999989,1.0
2022_23,0022200836,2023-02-10,IND,PHX,104,117,221,-13,0.45830000000000004,0.3485,0.7771,40.6,24.7,15.0,0.4648,0.3586,0.7974,46.5,28.5,13.3,-0.00649999999999995,-0.010099999999999998,-5.899999999999999,-3.8000000000000007,-1.6999999999999993,1.0
2022_23,0022200835,2023-02-10,DET,SAS,138,131,269,7,0.45,0.35259999999999997,0.7791,40.6,23.3,15.2,0.47709999999999997,0.3428,0.7665,41.2,27.9,14.3,-0.027099999999999957,0.009799999999999975,-0.6000000000000014,-4.599999999999998,-0.8999999999999986,1.0
2022_23,0022200840,2023-02-10,MIA,HOU,97,95,192,2,0.4551,0.3155,0.7939999999999999,41.8,23.3,12.5,0.4894,0.3286,0.7217,47.6,24.4,17.9,-0.0343,-0.0131,-5.800000000000004,-1.0999999999999979,5.399999999999999,1.0
2022_23,0022200854,2023-02-11,SAC,DAL,133,128,261,5,0.49779999999999996,0.3607,0.8385,39.8,26.9,14.3,0.4702,0.3752,0.7575999999999999,39.7,22.6,11.9,0.027599999999999958,-0.014499999999999957,0.09999999999999432,4.299999999999997,-2.4000000000000004,1.0
2022_23,0022200853,2023-02-11,GSW,LAL,103,109,212,-6,0.5041,0.43870000000000003,0.7325,43.3,31.6,15.6,0.475,0.3492,0.7125999999999999,46.2,26.1,13.5,0.029100000000000015,0.08950000000000002,-2.9000000000000057,5.5,-2.0999999999999996,1.0
2022_23,0022200852,2023-02-11,CLE,CHI,97,89,186,8,0.5093,0.3828,0.7525999999999999,40.9,30.2,13.1,0.4957,0.3169,0.7758,44.9,24.1,14.4,0.013600000000000001,0.06589999999999996,-4.0,6.099999999999998,1.3000000000000007,1.0
2022_23,0022200850,2023-02-11,ATL,SAS,125,106,231,19,0.49560000000000004,0.3638,0.7752,46.1,26.3,13.8,0.4619,0.3223,0.7745,42.9,26.6,15.5,0.03370000000000006,0.04150000000000004,3.200000000000003,-0.3000000000000007,1.6999999999999993,1.0
2022_23,0022200851,2023-02-11,NYK,UTA,126,120,246,6,0.47780000000000006,0.3668,0.7485999999999999,44.6,23.8,12.7,0.48230000000000006,0.3707,0.778,45.2,26.1,13.4,-0.004500000000000004,-0.003899999999999959,-0.6000000000000014,-2.3000000000000007,0.7000000000000011,1.0
2022_23,0022200848,2023-02-11,ORL,MIA,103,107,210,-4,0.47919999999999996,0.3633,0.7478,42.8,23.6,13.7,0.44349999999999995,0.3128,0.8145,41.5,21.7,13.1,0.03570000000000001,0.05049999999999999,1.2999999999999972,1.9000000000000021,-0.5999999999999996,1.0
2022_23,0022200847,2023-02-11,CHA,DEN,105,119,224,-14,0.4545,0.2708,0.7423,45.1,23.5,13.9,0.4995,0.3746,0.7543,41.3,28.5,14.7,-0.044999999999999984,-0.1038,3.8000000000000043,-5.0,0.7999999999999989,1.0
2022_23,0022200846,2023-02-11,BKN,PHI,98,101,199,-3,0.49560000000000004,0.4217000000000001,0.7889999999999999,39.6,25.0,13.4,0.4873,0.3944,0.8058,41.2,26.1,12.8,0.00830000000000003,0.027300000000000102,-1.6000000000000014,-1.1000000000000014,-0.5999999999999996,1.0
2022_23,0022200849,2023-02-11,WAS,IND,127,113,240,14,0.48100000000000004,0.3879,0.8126,45.4,26.5,13.1,0.4567,0.3517,0.7737,40.5,24.7,14.4,0.024300000000000044,0.03620000000000001,4.899999999999999,1.8000000000000007,1.3000000000000007,1.0
2022_23,0022200855,2023-02-12,BOS,MEM,119,109,228,10,0.46399999999999997,0.4008,0.8009000000000001,46.0,24.0,14.4,0.47050000000000003,0.3266,0.7721,42.2,25.7,16.3,-0.006500000000000061,0.07419999999999999,3.799999999999997,-1.6999999999999993,1.9000000000000004,1.0
2022_23,0022200856,2023-02-12,TOR,DET,119,118,237,1,0.4664,0.3547,0.7483,44.9,23.7,10.8,0.4484,0.3306,0.7787,43.0,23.9,15.6,0.01799999999999996,0.02410000000000001,1.8999999999999986,-0.1999999999999993,4.799999999999999,1.0
2022_23,0022200867,2023-02-13,POR,LAL,127,115,242,12,0.5218,0.3921,0.8825,35.5,25.0,11.9,0.4676,0.3479,0.7156,46.3,25.7,13.8,0.054200000000000026,0.04420000000000002,-10.799999999999997,-0.6999999999999993,1.9000000000000004,1.0
2022_23,0022200866,2023-02-13,GSW,WAS,135,126,261,9,0.497,0.4125,0.7558,43.1,32.2,15.4,0.5008,0.396,0.8148,44.2,26.9,13.5,-0.0038000000000000256,0.01649999999999996,-1.1000000000000014,5.300000000000004,-1.9000000000000004,1.0
2022_23,0022200865,2023-02-13,DAL,MIN,121,124,245,-3,0.47800000000000004,0.3773,0.7736,40.2,23.8,12.5,0.4946,0.37570000000000003,0.7474000000000001,42.0,26.9,15.5,-0.016599999999999948,0.0015999999999999903,-1.7999999999999972,-3.099999999999998,3.0,1.0
2022_23,0022200864,2023-02-13,OKC,NOP,100,103,203,-3,0.4991,0.4204,0.8145,40.8,25.8,11.5,0.47969999999999996,0.32999999999999996,0.8003,42.8,25.1,13.1,0.01940000000000003,0.09040000000000004,-2.0,0.6999999999999993,1.5999999999999996,1.0
2022_23,0022200863,2023-02-13,CHI,ORL,91,100,191,-9,0.49800000000000005,0.3083,0.7891,44.6,24.0,15.6,0.47050000000000003,0.3605,0.7594000000000001,43.2,23.6,14.4,0.027500000000000024,-0.05219999999999997,1.3999999999999986,0.3999999999999986,-1.1999999999999993,1.0
2022_23,0022200860,2023-02-13,PHI,HOU,123,104,227,19,0.4807,0.38970000000000005,0.8236000000000001,41.0,25.4,12.5,0.483,0.3144,0.7391,46.7,24.3,17.4,-0.0022999999999999687,0.07530000000000003,-5.700000000000003,1.0999999999999979,4.899999999999999,1.0
2022_23,0022200861,2023-02-13,MIA,DEN,108,112,220,-4,0.43920000000000003,0.3236,0.8317,42.2,22.6,13.5,0.5061,0.3606,0.7852,42.2,29.8,15.2,-0.06689999999999996,-0.03699999999999998,0.0,-7.199999999999999,1.6999999999999993,1.0
2022_23,0022200857,2023-02-13,CHA,ATL,144,138,282,6,0.4569,0.2833,0.7303,44.6,23.8,13.8,0.4899,0.3583,0.7691,46.9,26.8,13.0,-0.03300000000000003,-0.07500000000000001,-2.299999999999997,-3.0,-0.8000000000000007,1.0
2022_23,0022200862,2023-02-13,NYK,BKN,124,106,230,18,0.47430000000000005,0.35619999999999996,0.7531,45.1,22.6,11.6,0.4814,0.40230000000000005,0.8090999999999999,39.6,24.3,12.7,-0.00709999999999994,-0.046100000000000085,5.5,-1.6999999999999993,1.0999999999999996,1.0
2022_23,0022200859,2023-02-13,IND,UTA,117,123,240,-6,0.46449999999999997,0.3516,0.7656,39.0,25.2,13.7,0.4817,0.33940000000000003,0.7757,44.6,25.8,13.8,-0.01720000000000005,0.012199999999999989,-5.600000000000001,-0.6000000000000014,0.10000000000000142,1.0
2022_23,0022200858,2023-02-13,CLE,SAS,117,109,226,8,0.5052,0.3721,0.768,40.7,29.9,13.2,0.4523,0.3039,0.7857999999999999,43.8,26.1,16.0,0.0529,0.06819999999999998,-3.0999999999999943,3.799999999999997,2.8000000000000007,1.0
2022_23,0022200868,2023-02-14,TOR,ORL,123,113,236,10,0.46909999999999996,0.3473,0.735,44.4,23.7,10.8,0.46129999999999993,0.33649999999999997,0.7676000000000001,44.0,22.6,14.4,0.007800000000000029,0.010800000000000032,0.3999999999999986,1.0999999999999979,3.5999999999999996,1.0
2022_23,0022200869,2023-02-14,MIL,BOS,131,125,256,6,0.4979,0.3695,0.708,53.1,24.9,14.2,0.4636,0.3963,0.7845,47.4,24.3,14.0,0.0343,-0.02679999999999999,5.700000000000003,0.5999999999999979,-0.1999999999999993,1.0
2022_23,0022200870,2023-02-14,PHX,SAC,120,109,229,11,0.4667,0.3518,0.8009000000000001,47.8,28.5,13.3,0.4931,0.3307,0.8375999999999999,39.5,25.4,12.5,-0.02639999999999998,0.021100000000000008,8.299999999999997,3.1000000000000014,-0.8000000000000007,1.0
2022_23,0022200871,2023-02-14,LAC,GSW,134,124,258,10,0.4833,0.3729,0.806,42.6,21.4,10.7,0.5098,0.42190000000000005,0.7513,42.3,33.4,15.8,-0.026500000000000024,-0.049000000000000044,0.30000000000000426,-12.0,5.100000000000001,1.0
2022_23,0022200872,2023-02-14,POR,WAS,101,126,227,-25,0.5094000000000001,0.38039999999999996,0.8975,36.1,24.3,11.6,0.5071,0.386,0.8285,42.9,26.1,14.4,0.0023000000000000798,-0.005600000000000049,-6.799999999999997,-1.8000000000000007,2.8000000000000007,1.0
2022_23,0022200882,2023-02-15,LAL,NOP,120,102,222,18,0.4676,0.3403,0.7436,48.7,26.0,14.4,0.48769999999999997,0.3408,0.8042,41.8,25.2,13.4,-0.02009999999999995,-0.0005000000000000004,6.900000000000006,0.8000000000000007,-1.0,1.0
2022_23,0022200881,2023-02-15,DEN,DAL,118,109,227,9,0.5152,0.3666,0.795,42.7,30.5,15.3,0.47640000000000005,0.3773,0.7649,39.7,23.5,12.7,0.038799999999999946,-0.010700000000000043,3.0,7.0,-2.6000000000000014,1.0
2022_23,0022200880,2023-02-15,OKC,HOU,133,96,229,37,0.4929,0.4077,0.8342,41.5,25.7,12.3,0.4737,0.3027,0.7626999999999999,46.2,23.6,16.8,0.019199999999999995,0.10499999999999998,-4.700000000000003,2.099999999999998,4.5,1.0
2022_23,0022200879,2023-02-15,MEM,UTA,117,111,228,6,0.477,0.3275,0.7636000000000001,40.4,25.3,15.1,0.49030000000000007,0.3439,0.7941,44.6,25.8,14.6,-0.01330000000000009,-0.01639999999999997,-4.200000000000003,-0.5,-0.5,1.0
2022_23,0022200878,2023-02-15,BKN,MIA,116,105,221,11,0.46180000000000004,0.3899,0.8039999999999999,40.4,23.2,12.1,0.43920000000000003,0.3344,0.8402,41.4,23.4,12.2,0.02260000000000001,0.05550000000000005,-1.0,-0.1999999999999993,0.09999999999999964,1.0
2022_23,0022200876,2023-02-15,ATL,NYK,101,122,223,-21,0.4931,0.3673,0.8059,46.8,27.0,12.3,0.47990000000000005,0.3488,0.7595,44.7,21.9,10.7,0.013199999999999934,0.018500000000000016,2.0999999999999943,5.100000000000001,-1.6000000000000014,1.0
2022_23,0022200875,2023-02-15,PHI,CLE,118,112,230,6,0.48410000000000003,0.39089999999999997,0.8351,40.2,25.3,12.6,0.5156,0.3625,0.7662,40.7,29.1,13.6,-0.03149999999999992,0.02839999999999998,-0.5,-3.8000000000000007,1.0,1.0
2022_23,0022200874,2023-02-15,IND,CHI,117,113,230,4,0.4726,0.357,0.757,37.7,25.8,14.0,0.48979999999999996,0.3018,0.8078,44.5,23.8,15.6,-0.017199999999999938,0.05519999999999997,-6.799999999999997,2.0,1.5999999999999996,1.0
2022_23,0022200873,2023-02-15,CHA,SAS,120,110,230,10,0.47940000000000005,0.3134,0.7363999999999999,44.1,25.5,14.1,0.4652,0.3185,0.7719,42.5,26.6,16.4,0.014200000000000046,-0.005099999999999993,1.6000000000000014,-1.1000000000000014,2.299999999999999,1.0
2022_23,0022200877,2023-02-15,BOS,DET,127,109,236,18,0.4667,0.3912,0.7918000000000001,48.1,24.7,13.5,0.4588,0.3453,0.7753,41.3,23.9,15.7,0.007900000000000018,0.045899999999999996,6.800000000000004,0.8000000000000007,2.1999999999999993,1.0
2022_23,0022200883,2023-02-16,CHI,MIL,100,112,212,-12,0.4979,0.3287,0.8022,44.0,24.5,15.7,0.4896,0.36819999999999997,0.7142999999999999,53.3,24.0,14.2,0.00830000000000003,-0.03949999999999998,-9.299999999999997,0.5,-1.5,1.0
2022_23,0022200884,2023-02-16,MIN,WAS,106,114,220,-8,0.5035999999999999,0.3688,0.7491,42.3,27.4,15.8,0.5135,0.4008,0.8369,43.2,26.1,14.9,-0.00990000000000002,-0.03199999999999997,-0.9000000000000057,1.2999999999999972,-0.9000000000000004,1.0
2022_23,0022200885,2023-02-16,PHX,LAC,107,116,223,-9,0.47350000000000003,0.32720000000000005,0.7899,46.0,28.0,13.0,0.47590000000000005,0.3701,0.8124,41.5,22.2,10.0,-0.0024000000000000132,-0.04289999999999994,4.5,5.800000000000001,-3.0,1.0
2022_23,0022200894,2023-02-23,SAC,POR,133,116,249,17,0.48979999999999996,0.3269,0.8328,40.1,24.8,12.3,0.49400000000000005,0.3618,0.885,35.7,23.7,11.8,-0.0042000000000000925,-0.03489999999999999,4.399999999999999,1.1000000000000014,-0.5,1.0
2022_23,0022200893,2023-02-23,LAL,GSW,124,111,235,13,0.47620000000000007,0.337,0.728,47.4,26.7,13.5,0.5134000000000001,0.4222,0.7431,41.5,32.9,14.7,-0.03720000000000001,-0.0852,5.899999999999999,-6.199999999999999,1.1999999999999993,1.0
2022_23,0022200892,2023-02-23,UTA,OKC,120,119,239,1,0.4888,0.3372,0.7884,46.1,25.7,15.4,0.4963,0.40730000000000005,0.8318,41.4,25.7,12.6,-0.007500000000000007,-0.07010000000000005,4.700000000000003,0.0,-2.8000000000000007,1.0
2022_23,0022200891,2023-02-23,DAL,SAS,142,116,258,26,0.47990000000000005,0.375,0.7785,38.5,24.0,13.0,0.4584,0.3194,0.7826,44.1,26.6,16.5,0.021500000000000075,0.05559999999999998,-5.600000000000001,-2.6000000000000014,3.5,1.0
2022_23,0022200889,2023-02-23,PHI,MEM,110,105,215,5,0.4829,0.3916,0.8310000000000001,40.4,25.1,12.7,0.47640000000000005,0.3292,0.7516,41.9,24.9,14.0,0.00649999999999995,0.06240000000000001,-1.5,0.20000000000000284,1.3000000000000007,1.0
2022_23,0022200888,2023-02-23,ORL,DET,108,106,214,2,0.4647,0.3431,0.761,42.9,23.1,14.3,0.4606,0.3426,0.7727999999999999,40.7,23.7,15.1,0.0040999999999999925,0.0005000000000000004,2.1999999999999957,-0.5999999999999979,0.7999999999999989,1.0
2022_23,0022200887,2023-02-23,IND,BOS,138,142,280,-4,0.472,0.356,0.7732,38.6,26.0,14.2,0.4768,0.40659999999999996,0.7939999999999999,48.0,25.6,12.9,-0.0048000000000000265,-0.05059999999999998,-9.399999999999999,0.3999999999999986,-1.299999999999999,1.0
2022_23,0022200886,2023-02-23,CLE,DEN,109,115,224,-6,0.5213,0.36819999999999997,0.7684,40.5,28.7,13.4,0.5330999999999999,0.36970000000000003,0.7933,41.9,31.8,14.7,-0.011799999999999922,-0.0015000000000000568,-1.3999999999999986,-3.1000000000000014,1.299999999999999,1.0
2022_23,0022200890,2023-02-23,TOR,NOP,115,110,225,5,0.4798,0.3506,0.7386,44.3,24.0,11.8,0.488,0.3372,0.7988000000000001,42.6,25.1,13.4,-0.008199999999999985,0.013400000000000023,1.6999999999999957,-1.1000000000000014,1.5999999999999996,1.0
2022_23,0022200901,2023-02-24,GSW,HOU,116,101,217,15,0.49589999999999995,0.40890000000000004,0.7508,42.0,31.3,14.3,0.4641,0.31179999999999997,0.7611,45.2,22.7,17.2,0.03179999999999994,0.09710000000000008,-3.200000000000003,8.600000000000001,2.8999999999999986,1.0
2022_23,0022200900,2023-02-24,CHI,BKN,131,87,218,44,0.4767,0.3143,0.7942,45.3,23.4,15.1,0.46929999999999994,0.3993,0.8038000000000001,40.0,23.4,11.6,0.007400000000000073,-0.08499999999999996,5.299999999999997,0.0,-3.5,1.0
2022_23,0022200899,2023-02-24,PHX,OKC,124,115,239,9,0.48,0.3221,0.7899,44.8,28.6,13.5,0.4845,0.38480000000000003,0.8408,43.1,24.9,12.5,-0.004500000000000004,-0.06270000000000003,1.6999999999999957,3.700000000000003,-1.0,1.0
2022_23,0022200902,2023-02-24,LAC,SAC,175,176,351,-1,0.46630000000000005,0.3551,0.8288,42.1,22.5,10.9,0.5,0.3408,0.8384,41.4,25.2,13.2,-0.03369999999999995,0.014300000000000035,0.7000000000000028,-2.6999999999999993,2.299999999999999,1.0
2022_23,0022200897,2023-02-24,MIL,MIA,128,99,227,29,0.48769999999999997,0.3632,0.7207,53.6,24.8,12.8,0.44880000000000003,0.3266,0.8343,40.4,23.2,12.2,0.038899999999999935,0.03660000000000002,13.200000000000003,1.6000000000000014,-0.6000000000000014,1.0
2022_23,0022200896,2023-02-24,ATL,CLE,136,119,255,17,0.4748,0.34859999999999997,0.8032999999999999,46.2,26.9,11.1,0.5126999999999999,0.3307,0.7797,41.1,27.6,13.2,-0.037899999999999934,0.01789999999999997,5.100000000000001,-0.7000000000000028,2.0999999999999996,1.0
2022_23,0022200895,2023-02-24,WAS,NYK,109,115,224,-6,0.519,0.40920000000000006,0.841,43.3,25.9,15.7,0.48100000000000004,0.3472,0.7586999999999999,45.2,21.8,10.7,0.03799999999999998,0.062000000000000055,-1.9000000000000057,4.099999999999998,-5.0,1.0
2022_23,0022200898,2023-02-24,MIN,CHA,113,121,234,-8,0.49349999999999994,0.3593,0.7733,43.1,26.4,15.6,0.47780000000000006,0.3315,0.7215,44.7,25.7,14.1,0.01569999999999988,0.02779999999999999,-1.6000000000000014,0.6999999999999993,-1.5,1.0
2022_23,0022200903,2023-02-25,DET,TOR,91,95,186,-4,0.4558,0.3519,0.7632,40.4,23.2,16.1,0.48100000000000004,0.3432,0.7567,44.5,23.3,12.0,-0.025200000000000056,0.008699999999999986,-4.100000000000001,-0.10000000000000142,-4.100000000000001,1.0
2022_23,0022200904,2023-02-25,CHA,MIA,108,103,211,5,0.47030000000000005,0.3297,0.7335,45.2,25.7,13.3,0.442,0.31880000000000003,0.8217000000000001,41.2,22.5,12.1,0.028300000000000047,0.010899999999999965,4.0,3.1999999999999993,-1.200000000000001,1.0
2022_23,0022200905,2023-02-25,ORL,IND,108,121,229,-13,0.45640000000000003,0.34609999999999996,0.7685000000000001,43.9,22.9,14.4,0.46900000000000003,0.36150000000000004,0.7836000000000001,38.5,27.1,14.4,-0.0126,-0.01540000000000008,5.399999999999999,-4.200000000000003,0.0,1.0
2022_23,0022200906,2023-02-25,NYK,NOP,128,106,234,22,0.4788,0.3529,0.7611,45.0,22.0,10.8,0.492,0.3529,0.7853,42.7,25.3,13.7,-0.01319999999999999,0.0,2.299999999999997,-3.3000000000000007,2.8999999999999986,1.0
2022_23,0022200907,2023-02-25,MEM,DEN,112,94,206,18,0.4678,0.31880000000000003,0.7646,43.2,24.5,13.7,0.5252,0.37570000000000003,0.7953,43.0,32.0,14.9,-0.05740000000000001,-0.056900000000000006,0.20000000000000284,-7.5,1.200000000000001,1.0
2022_23,0022200908,2023-02-25,PHI,BOS,107,110,217,-3,0.47170000000000006,0.37629999999999997,0.8449,40.8,24.5,12.8,0.4873,0.418,0.796,47.7,26.5,13.1,-0.015599999999999947,-0.041700000000000015,-6.900000000000006,-2.0,0.29999999999999893,1.0
2022_23,0022200909,2023-02-25,UTA,SAS,118,102,220,16,0.47859999999999997,0.3155,0.8069,48.4,25.1,16.3,0.4667,0.3249,0.7816,43.3,26.4,16.9,0.011899999999999966,-0.00940000000000002,5.100000000000001,-1.2999999999999972,0.5999999999999979,1.0
2022_23,0022200918,2023-02-26,DEN,LAC,134,124,258,10,0.5162,0.361,0.7906,43.4,30.9,14.6,0.47400000000000003,0.36419999999999997,0.8253999999999999,42.6,23.9,12.0,0.04219999999999996,-0.0031999999999999806,0.7999999999999972,7.0,-2.5999999999999996,1.0
2022_23,0022200917,2023-02-26,POR,HOU,131,114,245,17,0.48760000000000003,0.3747,0.8891,36.3,24.5,11.9,0.4519,0.3194,0.7828999999999999,45.0,22.6,15.7,0.03570000000000001,0.05529999999999996,-8.700000000000003,1.8999999999999986,3.799999999999999,1.0
2022_23,0022200916,2023-02-26,GSW,MIN,109,104,213,5,0.49219999999999997,0.4144,0.7597,42.3,30.3,14.7,0.49050000000000005,0.3467,0.7596,43.2,26.4,15.2,0.0016999999999999238,0.06769999999999998,-0.9000000000000057,3.900000000000002,0.5,1.0
2022_23,0022200915,2023-02-26,OKC,SAC,115,124,239,-9,0.47509999999999997,0.3687,0.8278000000000001,43.2,25.7,11.9,0.5111,0.3547,0.8502000000000001,40.7,26.5,13.5,-0.03600000000000003,0.014000000000000012,2.5,-0.8000000000000007,1.5999999999999996,1.0
2022_23,0022200914,2023-02-26,CLE,TOR,118,93,211,25,0.51,0.3403,0.8193999999999999,40.7,26.4,13.0,0.46630000000000005,0.3368,0.727,44.6,23.1,12.0,0.04369999999999996,0.003500000000000003,-3.8999999999999986,3.299999999999997,-1.0,1.0
2022_23,0022200912,2023-02-26,CHI,WAS,102,82,184,20,0.48410000000000003,0.3105,0.7907,45.9,23.3,14.2,0.5229,0.4218,0.8651,41.4,26.6,15.8,-0.0388,-0.11130000000000001,4.5,-3.3000000000000007,1.6000000000000014,1.0
2022_23,0022200911,2023-02-26,ATL,BKN,129,127,256,2,0.4862,0.37629999999999997,0.8146000000000001,45.7,27.3,11.6,0.45339999999999997,0.37160000000000004,0.8256,39.6,22.4,12.1,0.03280000000000005,0.0046999999999999265,6.100000000000001,4.900000000000002,0.5,1.0
2022_23,0022200910,2023-02-26,MIL,PHX,104,101,205,3,0.48260000000000003,0.3626,0.7383,54.3,24.3,12.4,0.4782,0.3256,0.7943,45.0,27.8,13.7,0.004400000000000015,0.03699999999999998,9.299999999999997,-3.5,1.299999999999999,1.0
2022_23,0022200913,2023-02-26,DAL,LAL,108,111,219,-3,0.4922000000000001,0.3883,0.7857000000000001,39.0,24.1,12.3,0.48019999999999996,0.3617,0.7236,48.5,26.7,13.9,0.012000000000000122,0.026599999999999957,-9.5,-2.599999999999998,1.5999999999999996,1.0
2022_23,0022200919,2023-02-27,CHA,DET,117,106,223,11,0.47569999999999996,0.3338,0.7381,43.8,25.0,13.7,0.4504,0.34009999999999996,0.7501,43.1,23.5,16.1,0.025299999999999934,-0.006299999999999972,0.6999999999999957,1.5,2.400000000000002,1.0
2022_23,0022200920,2023-02-27,PHI,MIA,99,101,200,-2,0.46950000000000003,0.3729,0.8465999999999999,40.5,23.6,11.9,0.43360000000000004,0.3171,0.8301999999999999,41.8,22.3,12.8,0.03589999999999999,0.055800000000000016,-1.2999999999999972,1.3000000000000007,0.9000000000000004,1.0
2022_23,0022200921,2023-02-27,NYK,BOS,109,94,203,15,0.485,0.3719,0.7562,45.9,21.7,11.8,0.4909,0.42990000000000006,0.7755,47.5,26.7,13.2,-0.005900000000000016,-0.05800000000000005,-1.6000000000000014,-5.0,1.3999999999999986,1.0
2022_23,0022200922,2023-02-27,NOP,ORL,93,101,194,-8,0.48710000000000003,0.3358,0.7996000000000001,42.8,25.3,13.2,0.45289999999999997,0.3289,0.7727,44.4,22.2,14.8,0.034200000000000064,0.006899999999999962,-1.6000000000000014,3.1000000000000014,1.6000000000000014,1.0
2022_23,0022200932,2023-02-28,LAC,MIN,101,108,209,-7,0.48129999999999995,0.3861,0.8234999999999999,41.9,24.6,11.8,0.48600000000000004,0.3537,0.76,42.6,26.4,15.0,-0.004700000000000093,0.032399999999999984,-0.7000000000000028,-1.7999999999999972,3.1999999999999993,1.0
2022_23,0022200931,2023-02-28,GSW,POR,123,105,228,18,0.49329999999999996,0.4187,0.753,42.1,30.5,14.8,0.48769999999999997,0.3785,0.8773,36.8,24.1,12.5,0.005599999999999994,0.040200000000000014,5.300000000000004,6.399999999999999,-2.3000000000000007,1.0
2022_23,0022200930,2023-02-28,UTA,SAS,94,102,196,-8,0.4777,0.3151,0.8147,49.1,25.4,16.2,0.4626,0.32730000000000004,0.7974,43.1,25.9,16.9,0.015100000000000002,-0.012200000000000044,6.0,-0.5,0.6999999999999993,1.0
2022_23,0022200929,2023-02-28,DAL,IND,122,124,246,-2,0.4847,0.3997,0.7874,39.8,24.5,12.9,0.47190000000000004,0.3709,0.7645,39.2,28.5,13.6,0.012799999999999978,0.028799999999999992,0.5999999999999943,-4.0,0.6999999999999993,1.0
2022_23,0022200928,2023-02-28,OKC,SAC,117,123,240,-6,0.47329999999999994,0.3629,0.8167,42.6,25.8,11.6,0.5107,0.367,0.8380000000000001,42.1,27.2,14.5,-0.0374000000000001,-0.0040999999999999925,0.5,-1.3999999999999986,2.9000000000000004,1.0
2022_23,0022200925,2023-02-28,TOR,CHI,104,98,202,6,0.4601,0.34550000000000003,0.7175,44.5,23.1,12.0,0.4828,0.2979,0.7923,45.8,23.0,13.9,-0.022699999999999998,0.04760000000000003,-1.2999999999999972,0.10000000000000142,1.9000000000000004,1.0
2022_23,0022200926,2023-02-28,HOU,DEN,112,133,245,-21,0.44909999999999994,0.31670000000000004,0.7731,45.0,23.0,15.4,0.5105000000000001,0.34859999999999997,0.7886,44.6,30.9,14.9,-0.06140000000000012,-0.03189999999999993,0.3999999999999986,-7.899999999999999,-0.5,1.0
2022_23,0022200924,2023-02-28,BKN,MIL,104,118,222,-14,0.4554,0.3685,0.8398,38.3,22.0,12.0,0.4711,0.352,0.7497,53.1,23.1,12.4,-0.015699999999999992,0.016500000000000015,-14.800000000000004,-1.1000000000000014,0.40000000000000036,1.0
2022_23,0022200923,2023-02-28,ATL,WAS,116,119,235,-3,0.4894,0.3863,0.8167,45.8,26.7,12.5,0.5092,0.3899,0.8291000000000001,41.1,25.6,16.0,-0.019799999999999984,-0.0036000000000000476,4.699999999999996,1.0999999999999979,3.5,1.0
2022_23,0022200927,2023-02-28,MEM,LAL,121,109,230,12,0.47430000000000005,0.3287,0.7679,43.5,24.8,12.8,0.48419999999999996,0.34140000000000004,0.7363999999999999,48.8,26.8,13.6,-0.009899999999999909,-0.012700000000000045,-5.299999999999997,-2.0,0.7999999999999989,1.0
2022_23,0022200938,2023-03-01,HOU,MEM,99,113,212,-14,0.45499999999999996,0.3153,0.7689,42.5,24.3,14.9,0.4715,0.3238,0.7671,44.1,24.4,12.6,-0.016500000000000015,-0.008499999999999952,-1.6000000000000014,-0.09999999999999787,-2.3000000000000007,1.0
2022_23,0022200941,2023-03-01,POR,NOP,110,121,231,-11,0.48360000000000003,0.37039999999999995,0.8674,36.0,24.3,12.5,0.4824,0.32839999999999997,0.7982,43.0,24.8,13.4,0.0012000000000000344,0.04199999999999998,-7.0,-0.5,0.9000000000000004,1.0
2022_23,0022200939,2023-03-01,MIL,ORL,139,117,256,22,0.4791,0.3557,0.6978,52.0,24.5,12.9,0.4606,0.3396,0.7737,44.1,23.1,15.0,0.018500000000000016,0.016100000000000003,7.899999999999999,1.3999999999999986,2.0999999999999996,1.0
2022_23,0022200937,2023-03-01,NYK,BKN,142,118,260,24,0.48419999999999996,0.3773,0.746,45.9,21.2,11.5,0.4579,0.3787,0.8365,38.9,22.6,13.1,0.02629999999999999,-0.0013999999999999568,7.0,-1.4000000000000021,1.5999999999999996,1.0
2022_23,0022200940,2023-03-01,OKC,LAL,117,123,240,-6,0.4803,0.3664,0.8182,41.6,26.4,11.6,0.4768,0.3463,0.7524,50.0,26.1,14.8,0.003500000000000003,0.020100000000000007,-8.399999999999999,0.29999999999999716,3.200000000000001,1.0
2022_23,0022200935,2023-03-01,BOS,CLE,117,113,230,4,0.47729999999999995,0.4032,0.7841,45.3,26.0,13.2,0.5086,0.34199999999999997,0.8324,41.1,26.2,12.8,-0.031300000000000106,0.06120000000000003,4.199999999999996,-0.1999999999999993,-0.3999999999999986,1.0
2022_23,0022200934,2023-03-01,DET,CHI,115,117,232,-2,0.4505,0.3157,0.7501,43.0,23.5,15.6,0.4749,0.2917,0.7907,45.2,22.6,14.7,-0.024399999999999977,0.023999999999999966,-2.200000000000003,0.8999999999999986,-0.9000000000000004,1.0
2022_23,0022200933,2023-03-01,CHA,PHX,91,105,196,-14,0.4856,0.3638,0.7332,43.9,25.5,13.9,0.4709,0.3196,0.7724,46.3,27.1,13.7,0.01469999999999999,0.04420000000000002,-2.3999999999999986,-1.6000000000000014,-0.20000000000000107,1.0
2022_23,0022200936,2023-03-01,MIA,PHI,96,119,215,-23,0.4332,0.3124,0.8309,41.0,22.3,12.6,0.4697,0.3699,0.8474,40.1,22.9,12.0,-0.03650000000000003,-0.057499999999999996,0.8999999999999986,-0.5999999999999979,-0.5999999999999996,1.0
2022_23,0022200942,2023-03-02,WAS,TOR,119,108,227,11,0.5086999999999999,0.3821,0.8231999999999999,41.8,24.8,15.8,0.45499999999999996,0.3377,0.7167,44.0,23.0,12.4,0.05369999999999997,0.044399999999999995,-2.200000000000003,1.8000000000000007,-3.4000000000000004,1.0
2022_23,0022200943,2023-03-02,DAL,PHI,133,126,259,7,0.49169999999999997,0.398,0.7724,40.0,25.7,12.8,0.4662,0.3603,0.8694000000000001,40.3,22.6,11.8,0.025499999999999967,0.03770000000000001,-0.29999999999999716,3.099999999999998,-1.0,1.0
2022_23,0022200944,2023-03-02,SAS,IND,110,99,209,11,0.45099999999999996,0.32480000000000003,0.79,43.6,25.2,16.5,0.4761,0.3712,0.7586999999999999,38.7,28.0,12.9,-0.025100000000000067,-0.04639999999999994,4.899999999999999,-2.8000000000000007,-3.5999999999999996,1.0
2022_23,0022200945,2023-03-02,GSW,LAC,115,91,206,24,0.4965,0.40869999999999995,0.7711,42.5,31.4,14.9,0.48369999999999996,0.3981,0.8259000000000001,41.9,24.6,13.5,0.012800000000000034,0.010599999999999943,0.6000000000000014,6.799999999999997,-1.4000000000000004,1.0
2022_23,0022200955,2023-03-03,LAL,MIN,102,110,212,-8,0.47859999999999997,0.3647,0.7609,49.0,25.4,14.8,0.4904,0.3603,0.7649,41.9,26.0,15.8,-0.011800000000000033,0.004400000000000015,7.100000000000001,-0.6000000000000014,1.0,1.0
2022_23,0022200954,2023-03-03,SAC,LAC,128,127,255,1,0.5201,0.3685,0.8263,42.3,28.2,14.5,0.47859999999999997,0.3829,0.8416,41.7,25.0,14.4,0.04150000000000004,-0.014400000000000024,0.5999999999999943,3.1999999999999993,-0.09999999999999964,1.0
2022_23,0022200953,2023-03-03,GSW,NOP,108,99,207,9,0.4835,0.3991,0.7774,44.7,30.6,14.7,0.48410000000000003,0.33940000000000003,0.8042,42.1,24.4,12.3,-0.0006000000000000449,0.059699999999999975,2.6000000000000014,6.200000000000003,-2.3999999999999986,1.0
2022_23,0022200952,2023-03-03,DEN,MEM,113,97,210,16,0.5176000000000001,0.3523,0.7724,44.1,31.7,14.7,0.4726,0.341,0.7763,44.1,24.3,12.1,0.04500000000000004,0.011299999999999977,0.0,7.399999999999999,-2.5999999999999996,1.0
2022_23,0022200951,2023-03-03,OKC,UTA,130,103,233,27,0.471,0.3482,0.8061999999999999,41.6,25.4,12.0,0.45999999999999996,0.3083,0.7947,49.4,24.0,16.6,0.01100000000000001,0.03989999999999999,-7.799999999999997,1.3999999999999986,4.600000000000001,1.0
2022_23,0022200949,2023-03-03,MIA,NYK,120,122,242,-2,0.43200000000000005,0.3004,0.8409000000000001,41.0,21.7,12.8,0.497,0.3894,0.7358,45.9,21.0,12.1,-0.06499999999999995,-0.08900000000000002,-4.899999999999999,0.6999999999999993,-0.7000000000000011,1.0
2022_23,0022200948,2023-03-03,BOS,BKN,105,115,220,-10,0.48860000000000003,0.4269,0.7823,45.3,26.9,13.0,0.4546,0.3748,0.8422000000000001,38.1,23.1,13.0,0.03400000000000003,0.05209999999999998,7.199999999999996,3.799999999999997,0.0,1.0
2022_23,0022200947,2023-03-03,ATL,POR,129,111,240,18,0.47850000000000004,0.3658,0.8244,45.5,25.6,12.2,0.4791,0.3578,0.8692,36.3,23.6,13.2,-0.0005999999999999894,0.008000000000000007,9.200000000000003,2.0,1.0,1.0
2022_23,0022200946,2023-03-03,CHA,ORL,106,117,223,-11,0.47759999999999997,0.3646,0.7208,45.0,25.3,13.9,0.45339999999999997,0.3147,0.7838,44.9,23.0,14.6,0.0242,0.0499,0.10000000000000142,2.3000000000000007,0.6999999999999993,1.0
2022_23,0022200950,2023-03-03,CHI,PHX,104,125,229,-21,0.4669,0.3088,0.7769,44.3,22.6,14.8,0.4774,0.3413,0.7685,46.7,27.9,13.4,-0.01050000000000001,-0.03249999999999997,-2.4000000000000057,-5.299999999999997,-1.4000000000000004,1.0
2022_23,0022200956,2023-03-04,WAS,TOR,109,116,225,-7,0.5118,0.38239999999999996,0.8244,42.2,25.6,15.7,0.454,0.3265,0.7426,44.0,23.7,12.9,0.05780000000000002,0.05589999999999995,-1.7999999999999972,1.9000000000000021,-2.799999999999999,1.0
2022_23,0022200957,2023-03-04,CLE,DET,114,90,204,24,0.5052,0.3328,0.8005000000000001,40.3,25.0,12.2,0.44930000000000003,0.3119,0.7626000000000001,41.9,23.1,15.0,0.05589999999999995,0.020899999999999974,-1.6000000000000014,1.8999999999999986,2.8000000000000007,1.0
2022_23,0022200958,2023-03-04,MIA,ATL,117,109,226,8,0.43550000000000005,0.3226,0.8536999999999999,40.5,21.7,13.3,0.48929999999999996,0.385,0.8318,44.6,25.8,13.0,-0.0537999999999999,-0.06240000000000001,-4.100000000000001,-4.100000000000001,-0.3000000000000007,1.0
2022_23,0022200959,2023-03-04,SAS,HOU,110,122,232,-12,0.4385,0.32280000000000003,0.7736,45.1,25.1,16.4,0.445,0.3144,0.7602,43.4,23.8,14.9,-0.006500000000000006,0.008400000000000019,1.7000000000000028,1.3000000000000007,-1.4999999999999982,1.0
2022_23,0022200960,2023-03-04,MIL,PHI,130,133,263,-3,0.48790000000000006,0.3778,0.7062999999999999,51.3,25.8,12.7,0.48339999999999994,0.3767,0.8689,39.6,23.1,12.0,0.004500000000000115,0.0011000000000000454,11.699999999999996,2.6999999999999993,-0.6999999999999993,1.0
2022_23,0022200961,2023-03-04,SAC,MIN,134,138,272,-4,0.5303,0.3726,0.8411,43.0,28.5,14.1,0.4915999999999999,0.3651,0.7542,42.4,26.8,15.2,0.03870000000000007,0.007500000000000007,0.6000000000000014,1.6999999999999993,1.0999999999999996,1.0
2022_23,0022200968,2023-03-05,OKC,UTA,129,119,248,10,0.4726,0.3533,0.7990999999999999,42.0,26.4,11.6,0.4636,0.30979999999999996,0.8008000000000001,49.2,24.4,17.7,0.009000000000000008,0.04350000000000004,-7.200000000000003,2.0,6.1,1.0
2022_23,0022200973,2023-03-05,WAS,MIL,111,117,228,-6,0.5198,0.41929999999999995,0.8318999999999999,42.8,26.2,16.7,0.48860000000000003,0.3928,0.7349,50.5,26.5,12.8,0.031200000000000006,0.026499999999999968,-7.700000000000003,-0.3000000000000007,-3.8999999999999986,1.0
2022_23,0022200970,2023-03-05,LAC,MEM,135,129,264,6,0.4848,0.3738,0.8263,40.3,25.7,13.8,0.4624,0.3319,0.7582,43.7,24.5,11.4,0.02240000000000003,0.04190000000000005,-3.4000000000000057,1.1999999999999993,-2.4000000000000004,1.0
2022_23,0022200967,2023-03-05,HOU,SAS,142,110,252,32,0.4507,0.3159,0.7551,44.5,23.5,14.9,0.4383,0.3325,0.7745,45.5,25.0,16.1,0.012399999999999967,-0.016600000000000004,-1.0,-1.5,1.200000000000001,1.0
2022_23,0022200969,2023-03-05,BOS,NYK,129,131,260,-2,0.4904,0.4147,0.7713,45.0,27.0,13.7,0.512,0.3976,0.7287,44.4,21.2,12.1,-0.021600000000000008,0.017100000000000004,0.6000000000000014,5.800000000000001,-1.5999999999999996,1.0
2022_23,0022200965,2023-03-05,BKN,CHA,102,86,188,16,0.4479,0.355,0.8412000000000001,38.6,23.5,12.7,0.4721,0.3657,0.757,44.5,25.0,14.5,-0.0242,-0.010700000000000043,-5.899999999999999,-1.5,1.8000000000000007,1.0
2022_23,0022200964,2023-03-05,LAL,GSW,113,105,218,8,0.4721,0.36260000000000003,0.7684,48.7,24.7,15.4,0.47709999999999997,0.3794,0.8244999999999999,44.5,29.1,14.9,-0.004999999999999949,-0.01679999999999998,4.200000000000003,-4.400000000000002,-0.5,1.0
2022_23,0022200966,2023-03-05,ORL,POR,119,122,241,-3,0.4607,0.3184,0.7727,43.9,22.6,15.4,0.4756,0.3585,0.8587,36.4,23.6,14.1,-0.014900000000000024,-0.04009999999999997,7.5,-1.0,-1.3000000000000007,1.0
2022_23,0022200963,2023-03-05,CHI,IND,122,125,247,-3,0.47709999999999997,0.31920000000000004,0.7862,42.8,22.6,13.7,0.4768,0.3645,0.7691,38.0,27.5,12.5,0.00029999999999996696,-0.04529999999999995,4.799999999999997,-4.899999999999999,-1.1999999999999993,1.0
2022_23,0022200962,2023-03-05,DAL,PHX,126,130,256,-4,0.5007,0.41509999999999997,0.7613,39.2,26.1,12.7,0.48419999999999996,0.3464,0.7668,45.5,28.0,13.6,0.01650000000000007,0.06869999999999998,-6.299999999999997,-1.8999999999999986,0.9000000000000004,1.0
2022_23,0022200976,2023-03-06,SAC,NOP,123,108,231,15,0.527,0.3733,0.8311,43.4,27.2,13.7,0.4763,0.3439,0.792,40.2,23.6,12.5,0.05070000000000002,0.029400000000000037,3.1999999999999957,3.599999999999998,-1.1999999999999993,1.0
2022_23,0022200975,2023-03-06,DEN,TOR,118,113,231,5,0.5157,0.35409999999999997,0.7756000000000001,45.7,32.6,13.5,0.4626,0.3359,0.7557,43.2,24.3,13.2,0.053100000000000036,0.018199999999999994,2.5,8.3,-0.3000000000000007,1.0
2022_23,0022200977,2023-03-06,DET,POR,104,110,214,-6,0.4468,0.2988,0.771,43.8,22.7,15.8,0.4819,0.3675,0.86,38.2,24.0,14.9,-0.03510000000000002,-0.06869999999999998,5.599999999999994,-1.3000000000000007,-0.9000000000000004,1.0
2022_23,0022200972,2023-03-06,IND,PHI,143,147,290,-4,0.48440000000000005,0.3759,0.7822,37.3,27.4,12.1,0.4888,0.393,0.8776999999999999,39.1,23.5,11.9,-0.0043999999999999595,-0.017100000000000004,-1.8000000000000043,3.8999999999999986,-0.1999999999999993,1.0
2022_23,0022200971,2023-03-06,CLE,BOS,118,114,232,4,0.49829999999999997,0.3326,0.7861,39.9,25.3,11.7,0.4772,0.396,0.7893,46.0,27.2,13.8,0.021099999999999952,-0.06340000000000001,-6.100000000000001,-1.8999999999999986,2.1000000000000014,1.0
2022_23,0022200974,2023-03-06,MIA,ATL,130,128,258,2,0.43929999999999997,0.3281,0.8484,40.0,22.7,14.0,0.48769999999999997,0.385,0.8361000000000001,44.0,25.4,13.0,-0.0484,-0.056900000000000006,-4.0,-2.6999999999999993,-1.0,1.0
2022_23,0022200769,2023-03-07,DET,WAS,117,119,236,-2,0.4508,0.3028,0.7647999999999999,44.8,23.5,16.5,0.5118,0.4046,0.8353999999999999,43.2,25.4,15.9,-0.061000000000000054,-0.1018,1.5999999999999943,-1.8999999999999986,-0.5999999999999996,1.0
2022_23,0022200978,2023-03-07,ORL,MIL,123,134,257,-11,0.46390000000000003,0.32989999999999997,0.7751,43.6,23.2,15.4,0.4816,0.3996,0.7312000000000001,49.5,26.8,12.4,-0.017699999999999938,-0.06970000000000004,-5.899999999999999,-3.6000000000000014,-3.0,1.0
2022_23,0022200979,2023-03-07,NYK,CHA,105,112,217,-7,0.5158,0.3993,0.7291,45.5,20.9,13.0,0.46769999999999995,0.3634,0.756,45.4,24.4,14.8,0.04810000000000009,0.03589999999999999,0.10000000000000142,-3.5,1.8000000000000007,1.0
2022_23,0022200980,2023-03-07,MIN,PHI,94,117,211,-23,0.49639999999999995,0.3794,0.7519,43.0,26.6,15.3,0.4949,0.40330000000000005,0.8925000000000001,38.7,24.5,12.3,0.0014999999999999458,-0.023900000000000032,4.299999999999997,2.1000000000000014,-3.0,1.0
2022_23,0022200981,2023-03-07,HOU,BKN,96,118,214,-22,0.4619,0.3295,0.7621,45.0,23.7,14.7,0.4389,0.3508,0.8359,40.2,23.1,11.8,0.022999999999999965,-0.021299999999999986,4.799999999999997,0.5999999999999979,-2.8999999999999986,1.0
2022_23,0022200982,2023-03-07,OKC,GSW,137,128,265,9,0.4711,0.3411,0.7908999999999999,42.5,25.6,11.5,0.46929999999999994,0.3711,0.8178000000000001,45.5,28.7,15.1,0.0018000000000000793,-0.02999999999999997,-3.0,-3.099999999999998,3.5999999999999996,1.0
2022_23,0022200983,2023-03-07,DAL,UTA,120,116,236,4,0.5035000000000001,0.41609999999999997,0.7663,37.4,25.0,12.3,0.4654,0.3201,0.7938,49.4,25.3,18.0,0.03810000000000008,0.09599999999999997,-12.0,-0.3000000000000007,5.699999999999999,1.0
2022_23,0022200984,2023-03-07,LAL,MEM,112,103,215,9,0.4587,0.3507,0.7809999999999999,49.2,24.9,14.2,0.46799999999999997,0.3478,0.7575999999999999,41.9,25.2,10.2,-0.009299999999999975,0.0029000000000000137,7.300000000000004,-0.3000000000000007,-4.0,1.0
2022_23,0022200989,2023-03-08,DEN,CHI,96,117,213,-21,0.5033000000000001,0.34540000000000004,0.7809,45.4,31.2,13.8,0.49169999999999997,0.34550000000000003,0.798,41.5,22.9,14.0,0.01160000000000011,-9.999999999998899e-05,3.8999999999999986,8.3,0.1999999999999993,1.0
2022_23,0022200991,2023-03-08,LAC,TOR,108,100,208,8,0.4899,0.3752,0.8406,41.0,26.2,14.6,0.46370000000000006,0.3372,0.7645000000000001,42.2,25.1,13.0,0.026199999999999946,0.03799999999999998,-1.2000000000000028,1.0999999999999979,-1.5999999999999996,1.0
2022_23,0022200988,2023-03-08,NOP,DAL,113,106,219,7,0.47359999999999997,0.32799999999999996,0.7941,39.4,23.9,13.0,0.4981,0.40970000000000006,0.7788999999999999,37.3,24.8,12.2,-0.024500000000000022,-0.0817000000000001,2.1000000000000014,-0.9000000000000021,-0.8000000000000007,1.0
2022_23,0022200990,2023-03-08,PHX,OKC,132,101,233,31,0.4833,0.3339,0.7791,45.0,27.3,12.8,0.46769999999999995,0.337,0.7827999999999999,44.0,25.5,12.2,0.015600000000000058,-0.003100000000000047,1.0,1.8000000000000007,-0.6000000000000014,1.0
2022_23,0022200986,2023-03-08,BOS,POR,115,93,208,22,0.4694,0.38380000000000003,0.7736,46.9,26.3,13.7,0.4755,0.3834,0.8391,37.3,24.3,13.9,-0.006099999999999994,0.00040000000000001146,9.600000000000001,2.0,0.20000000000000107,1.0
2022_23,0022200985,2023-03-08,WAS,ATL,120,122,242,-2,0.5058,0.4064,0.8255000000000001,42.9,24.9,15.6,0.4984,0.3827,0.834,43.6,25.2,12.9,0.007400000000000018,0.0237,-0.7000000000000028,-0.3000000000000007,-2.6999999999999993,1.0
2022_23,0022200987,2023-03-08,MIA,CLE,100,104,204,-4,0.4509,0.3517,0.8394,39.2,23.3,13.4,0.4937,0.3448,0.7821,40.7,25.0,11.9,-0.042800000000000005,0.006900000000000017,-1.5,-1.6999999999999993,-1.5,1.0
2022_23,0022200992,2023-03-09,DET,CHA,103,113,216,-10,0.465,0.3211,0.7522,44.6,24.5,16.3,0.4687,0.3661,0.763,44.9,24.5,14.7,-0.003699999999999981,-0.044999999999999984,-0.29999999999999716,0.0,-1.6000000000000014,1.0
2022_23,0022200993,2023-03-09,IND,HOU,134,125,259,9,0.4946,0.3709,0.7817999999999999,37.2,27.8,11.9,0.4506,0.3109,0.7472,45.4,22.6,14.7,0.043999999999999984,0.06,-8.199999999999996,5.199999999999999,2.799999999999999,1.0
2022_23,0022200994,2023-03-09,ORL,UTA,124,131,255,-7,0.4654,0.3266,0.7856,42.7,23.2,15.7,0.4681,0.3189,0.7841,49.1,24.9,18.8,-0.0027000000000000357,0.007699999999999985,-6.399999999999999,-1.6999999999999993,3.1000000000000014,1.0
2022_23,0022200995,2023-03-09,MIL,BKN,118,113,231,5,0.4951,0.4098,0.7531,48.2,27.2,13.0,0.44539999999999996,0.3497,0.8311999999999999,38.9,22.8,11.9,0.04970000000000002,0.06009999999999999,9.300000000000004,4.399999999999999,-1.0999999999999996,1.0
2022_23,0022200996,2023-03-09,MEM,GSW,131,110,241,21,0.4586,0.3388,0.7621,42.5,24.8,9.5,0.48040000000000005,0.383,0.8135999999999999,44.5,29.2,15.6,-0.02180000000000004,-0.04420000000000002,-2.0,-4.399999999999999,6.1,1.0
2022_23,0022200997,2023-03-09,SAC,NYK,122,117,239,5,0.5336000000000001,0.3821,0.8028000000000001,43.6,28.2,13.9,0.5054000000000001,0.39239999999999997,0.7353,45.9,20.4,12.6,0.028200000000000003,-0.010299999999999976,-2.299999999999997,7.800000000000001,-1.3000000000000007,1.0
2022_23,0022201003,2023-03-10,LAL,TOR,122,112,234,10,0.45709999999999995,0.33680000000000004,0.7889,50.6,25.3,14.5,0.45709999999999995,0.34249999999999997,0.7841,42.3,24.4,12.9,0.0,-0.005699999999999927,8.300000000000004,0.9000000000000021,-1.5999999999999996,1.0
2022_23,0022201001,2023-03-10,MIN,BKN,123,124,247,-1,0.4888,0.3814,0.7386999999999999,42.8,26.1,14.7,0.4446,0.35609999999999997,0.8465999999999999,39.4,22.5,12.4,0.04420000000000002,0.025300000000000045,3.3999999999999986,3.6000000000000014,-2.299999999999999,1.0
2022_23,0022201002,2023-03-10,SAS,DEN,128,120,248,8,0.4443,0.33680000000000004,0.766,45.1,24.9,16.0,0.4989,0.35259999999999997,0.7609,45.9,31.4,13.3,-0.05460000000000004,-0.015799999999999925,-0.7999999999999972,-6.5,-2.6999999999999993,1.0
2022_23,0022200999,2023-03-10,WAS,ATL,107,114,221,-7,0.5024,0.40490000000000004,0.8221999999999999,43.5,25.7,15.8,0.506,0.3896,0.8368,41.3,25.5,12.1,-0.0036000000000000476,0.015300000000000036,2.200000000000003,0.1999999999999993,-3.700000000000001,1.0
2022_23,0022200998,2023-03-10,PHI,POR,120,119,239,1,0.5003,0.4372,0.8915,40.0,24.9,12.7,0.4568,0.37160000000000004,0.8271000000000001,38.8,23.2,13.5,0.04349999999999998,0.06559999999999994,1.2000000000000028,1.6999999999999993,0.8000000000000007,1.0
2022_23,0022201000,2023-03-10,MIA,CLE,119,115,234,4,0.4574,0.3485,0.8240000000000001,38.3,23.1,13.8,0.48600000000000004,0.3412,0.7916000000000001,39.8,24.8,12.2,-0.02860000000000007,0.007299999999999973,-1.5,-1.6999999999999993,-1.6000000000000014,1.0
2022_23,0022201004,2023-03-11,LAC,NYK,106,95,201,11,0.5006,0.3688,0.8417999999999999,41.4,26.4,15.2,0.5016999999999999,0.3851,0.7261,46.5,21.3,13.4,-0.0010999999999998789,-0.01629999999999998,-5.100000000000001,5.099999999999998,-1.799999999999999,1.0
2022_23,0022201005,2023-03-11,CHA,UTA,111,119,230,-8,0.4716,0.3744,0.7638,45.6,24.4,14.6,0.46980000000000005,0.3321,0.8034000000000001,48.7,24.5,18.9,0.0017999999999999683,0.042300000000000004,-3.1000000000000014,-0.10000000000000142,4.299999999999999,1.0
2022_23,0022201006,2023-03-11,DET,IND,115,121,236,-6,0.46690000000000004,0.3355,0.7525999999999999,43.2,23.6,16.6,0.5002,0.3827,0.8019999999999999,37.6,28.9,11.6,-0.03329999999999994,-0.047199999999999964,5.600000000000001,-5.299999999999997,-5.000000000000002,1.0
2022_23,0022201007,2023-03-11,ORL,MIA,126,114,240,12,0.4697,0.3358,0.7718,41.9,23.1,14.9,0.4648,0.3625,0.8253,39.5,22.8,14.5,0.0049000000000000155,-0.0267,2.3999999999999986,0.3000000000000007,-0.40000000000000036,1.0
2022_23,0022201008,2023-03-11,ATL,BOS,125,134,259,-9,0.5017,0.3995,0.8368,41.1,25.1,12.5,0.4728,0.3793,0.7617,45.9,26.1,13.7,0.028900000000000037,0.020199999999999996,-4.799999999999997,-1.0,1.1999999999999993,1.0
2022_23,0022201009,2023-03-11,HOU,CHI,111,119,230,-8,0.4547,0.3229,0.7445999999999999,46.5,22.1,14.6,0.49479999999999996,0.35500000000000004,0.8124,42.1,22.8,12.6,-0.04009999999999997,-0.03210000000000002,4.399999999999999,-0.6999999999999993,-2.0,1.0
2022_23,0022201010,2023-03-11,MEM,DAL,112,108,220,4,0.45410000000000006,0.3438,0.7602,42.3,25.7,9.0,0.49240000000000006,0.40259999999999996,0.7579,36.8,23.8,11.9,-0.0383,-0.05879999999999996,5.5,1.8999999999999986,2.9000000000000004,1.0
2022_23,0022201011,2023-03-11,NOP,OKC,96,110,206,-14,0.4747,0.3386,0.8163,39.6,24.3,13.5,0.46299999999999997,0.3446,0.7947,43.4,25.8,12.1,0.011700000000000044,-0.006000000000000005,-3.799999999999997,-1.5,-1.4000000000000004,1.0
2022_23,0022201012,2023-03-11,GSW,MIL,125,116,241,9,0.4659,0.36629999999999996,0.8361000000000001,44.3,27.7,15.7,0.48739999999999994,0.4042,0.7567,49.4,27.7,13.5,-0.021499999999999964,-0.037900000000000045,-5.100000000000001,0.0,-2.1999999999999993,1.0
2022_23,0022201013,2023-03-11,PHX,SAC,119,128,247,-9,0.4887,0.3514,0.7916000000000001,45.6,27.3,12.8,0.5318,0.3801,0.7934,44.0,28.9,13.7,-0.04310000000000003,-0.028700000000000003,1.6000000000000014,-1.5999999999999979,0.8999999999999986,1.0
2022_23,0022201018,2023-03-12,SAS,OKC,90,102,192,-12,0.4565,0.34290000000000004,0.7631,45.0,25.9,16.0,0.461,0.3502,0.7939999999999999,42.3,25.4,12.2,-0.004500000000000004,-0.007299999999999973,2.700000000000003,0.5,-3.8000000000000007,1.0
2022_23,0022201017,2023-03-12,NOP,POR,127,110,237,17,0.46909999999999996,0.3364,0.8205,40.5,24.1,14.3,0.4619,0.3644,0.8015000000000001,38.2,22.9,13.7,0.007199999999999984,-0.028000000000000025,2.299999999999997,1.2000000000000028,-0.6000000000000014,1.0
2022_23,0022201019,2023-03-12,LAL,NYK,108,112,220,-4,0.46849999999999997,0.34809999999999997,0.8080999999999999,48.9,26.2,15.0,0.4824,0.36360000000000003,0.7419,48.1,21.6,13.6,-0.013900000000000023,-0.01550000000000007,0.7999999999999972,4.599999999999998,-1.4000000000000004,1.0
2022_23,0022201015,2023-03-12,CHA,CLE,108,114,222,-6,0.44930000000000003,0.3628,0.7788,46.4,23.2,13.6,0.4906,0.3574,0.7884,39.3,24.7,12.0,-0.04129999999999995,0.005400000000000016,7.100000000000001,-1.5,-1.5999999999999996,1.0
2022_23,0022201014,2023-03-12,DEN,BKN,120,122,242,-2,0.49729999999999996,0.368,0.7735000000000001,44.1,31.1,13.3,0.44589999999999996,0.3618,0.8465999999999999,40.3,22.7,12.9,0.0514,0.006199999999999983,3.8000000000000043,8.400000000000002,-0.40000000000000036,1.0
2022_23,0022201016,2023-03-12,PHI,WAS,112,93,205,19,0.496,0.4298,0.8766999999999999,40.4,24.8,12.1,0.49429999999999996,0.3793,0.8135999999999999,43.4,25.6,15.7,0.0017000000000000348,0.05049999999999999,-3.0,-0.8000000000000007,3.5999999999999996,1.0
2022_23,0022201020,2023-03-13,DET,IND,117,97,214,20,0.462,0.3297,0.7412,44.2,23.6,16.0,0.5011,0.3734,0.8019999999999999,40.1,28.6,12.2,-0.03909999999999997,-0.04370000000000002,4.100000000000001,-5.0,-3.8000000000000007,1.0
2022_23,0022201021,2023-03-13,ATL,MIN,115,136,251,-21,0.5025999999999999,0.3896,0.8305999999999999,41.7,24.9,12.3,0.48069999999999996,0.3579,0.7008,42.8,25.5,15.0,0.021899999999999975,0.031700000000000006,-1.0999999999999943,-0.6000000000000014,2.6999999999999993,1.0
2022_23,0022201022,2023-03-13,MIA,UTA,119,115,234,4,0.46370000000000006,0.36360000000000003,0.8478999999999999,38.9,22.8,15.4,0.46340000000000003,0.3321,0.8183999999999999,50.9,24.4,18.8,0.00030000000000002247,0.03150000000000003,-12.0,-1.5999999999999979,3.4000000000000004,1.0
2022_23,0022201023,2023-03-13,DAL,MEM,88,104,192,-16,0.4867,0.3983,0.7494,36.8,23.6,11.4,0.4518,0.3348,0.7816,43.4,25.8,9.3,0.03490000000000004,0.0635,-6.600000000000001,-2.1999999999999993,-2.0999999999999996,1.0
2022_23,0022201024,2023-03-13,HOU,BOS,111,109,220,2,0.4622,0.34500000000000003,0.7308,45.6,23.2,14.5,0.48100000000000004,0.39289999999999997,0.765,45.5,26.8,13.3,-0.01880000000000004,-0.04789999999999994,0.10000000000000142,-3.6000000000000014,-1.1999999999999993,1.0
2022_23,0022201025,2023-03-13,GSW,PHX,123,112,235,11,0.45280000000000004,0.364,0.8566,47.2,28.2,16.1,0.4928,0.35760000000000003,0.7975,46.1,27.9,13.1,-0.03999999999999998,0.006399999999999961,1.1000000000000014,0.3000000000000007,-3.0000000000000018,1.0
2022_23,0022201026,2023-03-13,SAC,MIL,124,133,257,-9,0.529,0.398,0.7852,42.9,28.6,14.5,0.4826,0.4025,0.7614,49.0,27.6,13.3,0.04640000000000005,-0.004500000000000004,-6.100000000000001,1.0,-1.1999999999999993,1.0
2022_23,0022201034,2023-03-14,POR,NYK,107,123,230,-16,0.4689,0.3661,0.8007,39.1,23.5,14.4,0.48319999999999996,0.36069999999999997,0.7411,47.2,21.8,13.7,-0.01429999999999998,0.005400000000000016,-8.100000000000001,1.6999999999999993,-0.7000000000000011,1.0
2022_23,0022201033,2023-03-14,PHX,MIL,104,116,220,-12,0.495,0.3463,0.7827,45.5,27.9,12.8,0.4952,0.40969999999999995,0.7654,48.1,28.1,13.7,-0.00019999999999997797,-0.06339999999999996,-2.6000000000000014,-0.20000000000000284,0.8999999999999986,1.0
2022_23,0022201032,2023-03-14,SAS,ORL,132,114,246,18,0.4514,0.341,0.7485999999999999,45.1,25.8,15.9,0.4713,0.3413,0.7726,43.1,24.1,15.0,-0.019899999999999973,-0.00029999999999996696,2.0,1.6999999999999993,-0.9000000000000004,1.0
2022_23,0022201031,2023-03-14,OKC,BKN,121,107,228,14,0.4587,0.3542,0.8032,42.4,25.7,12.0,0.4427,0.3568,0.8491,39.5,23.3,12.8,0.016000000000000014,-0.002599999999999991,2.8999999999999986,2.3999999999999986,0.8000000000000007,1.0
2022_23,0022201030,2023-03-14,NOP,LAL,108,123,231,-15,0.4664,0.3539,0.8074999999999999,41.5,25.7,13.9,0.4726,0.34900000000000003,0.7764,47.0,26.2,14.8,-0.006200000000000039,0.00489999999999996,-5.5,-0.5,0.9000000000000004,1.0
2022_23,0022201028,2023-03-14,WAS,DET,117,97,214,20,0.48949999999999994,0.3624,0.8138,42.0,25.0,15.1,0.4588,0.3307,0.7362,45.9,24.0,16.1,0.03069999999999995,0.031700000000000006,-3.8999999999999986,1.0,1.0000000000000018,1.0
2022_23,0022201027,2023-03-14,CHA,CLE,104,120,224,-16,0.4558,0.3704,0.7825,44.9,23.1,13.9,0.48129999999999995,0.3512,0.7819,39.7,24.4,11.6,-0.025499999999999967,0.019199999999999995,5.199999999999996,-1.2999999999999972,-2.3000000000000007,1.0
2022_23,0022201029,2023-03-14,TOR,DEN,125,110,235,15,0.4588,0.3415,0.7943,42.0,25.2,13.4,0.4894,0.3674,0.7618,45.1,30.4,13.5,-0.030600000000000016,-0.02589999999999998,-3.1000000000000014,-5.199999999999999,0.09999999999999964,1.0
2022_23,0022201035,2023-03-15,CLE,PHI,109,118,227,-9,0.4824,0.3646,0.7861,39.2,25.0,11.7,0.49729999999999996,0.4196,0.8662000000000001,40.8,25.3,11.8,-0.014899999999999969,-0.05499999999999999,-1.5999999999999943,-0.3000000000000007,0.10000000000000142,1.0
2022_23,0022201036,2023-03-15,MIA,MEM,138,119,257,19,0.47140000000000004,0.3823,0.8619999999999999,38.1,22.7,15.7,0.4574,0.3322,0.7978,43.5,25.7,10.5,0.014000000000000068,0.05009999999999998,-5.399999999999999,-3.0,-5.199999999999999,1.0
2022_23,0022201037,2023-03-15,CHI,SAC,114,117,231,-3,0.5053,0.3876,0.7904,42.1,23.6,12.4,0.5286000000000001,0.4032,0.771,43.4,29.4,13.7,-0.0233000000000001,-0.015600000000000003,-1.2999999999999972,-5.799999999999997,1.299999999999999,1.0
2022_23,0022201038,2023-03-15,HOU,LAL,114,110,224,4,0.4729,0.3494,0.7365,45.7,23.9,13.8,0.46840000000000004,0.36819999999999997,0.8046,47.9,25.4,15.5,0.0044999999999999485,-0.018799999999999983,-2.1999999999999957,-1.5,1.6999999999999993,1.0
2022_23,0022201039,2023-03-15,MIN,BOS,102,104,206,-2,0.4928,0.36029999999999995,0.6870999999999999,43.0,26.9,14.5,0.4725,0.37479999999999997,0.7755,45.0,25.7,13.6,0.02030000000000004,-0.014500000000000013,-2.0,1.1999999999999993,-0.9000000000000004,1.0
2022_23,0022201040,2023-03-15,SAS,DAL,128,137,265,-9,0.45730000000000004,0.35660000000000003,0.7514000000000001,46.3,27.0,15.6,0.4744,0.3911,0.7485,37.6,23.8,11.6,-0.01709999999999995,-0.034499999999999975,8.699999999999996,3.1999999999999993,-4.0,1.0
2022_23,0022201041,2023-03-15,LAC,GSW,134,126,260,8,0.4995,0.3688,0.8382,41.8,26.9,15.2,0.4689,0.3841,0.8339000000000001,46.5,28.6,16.7,0.030600000000000016,-0.01529999999999998,-4.700000000000003,-1.7000000000000028,1.5,1.0
2022_23,0022201046,2023-03-16,PHX,ORL,116,113,229,3,0.4814,0.3493,0.7889,45.9,26.9,12.4,0.4655,0.3339,0.771,44.4,23.9,14.0,0.01589999999999997,0.015400000000000025,1.5,3.0,1.5999999999999996,1.0
2022_23,0022201044,2023-03-16,TOR,OKC,128,111,239,17,0.4513,0.3482,0.8074999999999999,42.4,24.6,12.5,0.461,0.348,0.8151999999999999,42.8,25.2,12.2,-0.009700000000000042,0.00020000000000003348,-0.3999999999999986,-0.5999999999999979,-0.3000000000000007,1.0
2022_23,0022201045,2023-03-16,MIL,IND,123,139,262,-16,0.49429999999999996,0.3992,0.7514000000000001,47.0,27.8,13.8,0.4925,0.3704,0.7945,41.1,27.9,12.7,0.0017999999999999683,0.028799999999999992,5.899999999999999,-0.09999999999999787,-1.1000000000000014,1.0
2022_23,0022201042,2023-03-16,DET,DEN,100,119,219,-19,0.45149999999999996,0.3101,0.749,45.8,23.6,15.1,0.48760000000000003,0.3559,0.7685,44.0,29.9,13.6,-0.036100000000000076,-0.04580000000000001,1.7999999999999972,-6.299999999999997,-1.5,1.0
2022_23,0022201043,2023-03-16,BKN,SAC,96,101,197,-5,0.4484,0.3588,0.8436999999999999,41.0,23.7,13.1,0.522,0.4048999999999999,0.7697,43.0,29.3,13.9,-0.0736,-0.04609999999999992,-2.0,-5.600000000000001,0.8000000000000007,1.0
2022_23,0022201047,2023-03-17,CHA,PHI,82,121,203,-39,0.4657,0.3608,0.7732,43.7,23.4,15.0,0.5088,0.4307,0.8708,41.1,25.2,12.6,-0.04310000000000003,-0.06990000000000002,2.6000000000000014,-1.8000000000000007,-2.4000000000000004,1.0
2022_23,0022201048,2023-03-17,ATL,GSW,127,119,246,8,0.5067999999999999,0.3886,0.8365,42.8,24.1,13.4,0.4772,0.3832,0.8183,45.4,28.7,16.4,0.029599999999999904,0.005400000000000016,-2.6000000000000014,-4.599999999999998,2.9999999999999982,1.0
2022_23,0022201049,2023-03-17,CLE,WAS,117,94,211,23,0.4817,0.37560000000000004,0.7693000000000001,38.4,24.6,11.8,0.49189999999999995,0.3411,0.8138,43.4,24.9,14.7,-0.010199999999999931,0.03450000000000003,-5.0,-0.29999999999999716,2.8999999999999986,1.0
2022_23,0022201050,2023-03-17,CHI,MIN,139,131,270,8,0.4957,0.38280000000000003,0.8022,43.1,24.1,12.5,0.479,0.3626,0.6867,43.7,26.8,14.6,0.016699999999999993,0.02020000000000005,-0.6000000000000014,-2.6999999999999993,2.0999999999999996,1.0
2022_23,0022201051,2023-03-17,HOU,NOP,114,112,226,2,0.4866,0.3456,0.7179,46.4,23.8,14.9,0.4655,0.3515,0.8017,40.6,25.6,13.6,0.021099999999999952,-0.005899999999999961,5.799999999999997,-1.8000000000000007,-1.3000000000000007,1.0
2022_23,0022201052,2023-03-17,SAS,MEM,120,126,246,-6,0.4648,0.3665,0.7341,45.2,27.2,15.1,0.4688,0.34940000000000004,0.7788,42.5,26.4,11.0,-0.0040000000000000036,0.01709999999999995,2.700000000000003,0.8000000000000007,-4.1,1.0
2022_23,0022201053,2023-03-17,POR,BOS,112,126,238,-14,0.46109999999999995,0.3618,0.7961,39.6,23.1,14.3,0.4615,0.3586,0.7708999999999999,44.3,24.6,13.2,-0.00040000000000006697,0.003200000000000036,-4.699999999999996,-1.5,-1.1000000000000014,1.0
2022_23,0022201054,2023-03-17,LAL,DAL,110,111,221,-1,0.4574,0.3399,0.8178000000000001,45.7,24.5,14.9,0.47919999999999996,0.4067,0.75,39.7,23.6,12.3,-0.021799999999999986,-0.06680000000000003,6.0,0.8999999999999986,-2.5999999999999996,1.0
2022_23,0022201062,2023-03-18,UTA,BOS,118,117,235,1,0.4606,0.3287,0.8026,51.1,25.1,18.7,0.4586,0.3499,0.7871,45.1,25.5,13.7,0.0020000000000000018,-0.021199999999999997,6.0,-0.3999999999999986,-5.0,1.0
2022_23,0022201061,2023-03-18,MEM,GSW,133,119,252,14,0.4699,0.35209999999999997,0.758,42.7,26.6,11.5,0.48230000000000006,0.375,0.8156000000000001,45.2,29.2,16.3,-0.012400000000000078,-0.02290000000000003,-2.5,-2.599999999999998,4.800000000000001,1.0
2022_23,0022201060,2023-03-18,CHI,MIA,113,99,212,14,0.5119,0.3973,0.8127000000000001,42.7,24.5,13.1,0.49119999999999997,0.39649999999999996,0.8614,38.0,23.6,15.2,0.02070000000000005,0.0008000000000000229,4.700000000000003,0.8999999999999986,2.0999999999999996,1.0
2022_23,0022201059,2023-03-18,WAS,SAC,118,132,250,-14,0.49589999999999995,0.3545,0.8416,43.0,24.9,14.8,0.5024,0.3927,0.7647,44.4,28.2,13.6,-0.006500000000000006,-0.03820000000000001,-1.3999999999999986,-3.3000000000000007,-1.200000000000001,1.0
2022_23,0022201057,2023-03-18,IND,PHI,121,141,262,-20,0.5006,0.37629999999999997,0.759,41.2,28.8,11.8,0.5139,0.42869999999999997,0.8667999999999999,43.1,25.7,13.1,-0.013299999999999979,-0.0524,-1.8999999999999986,3.1000000000000014,1.299999999999999,1.0
2022_23,0022201056,2023-03-18,LAC,ORL,108,113,221,-5,0.4941,0.36869999999999997,0.8331,42.6,26.6,15.2,0.4744,0.3238,0.7753,44.5,23.7,14.5,0.019699999999999995,0.044899999999999995,-1.8999999999999986,2.900000000000002,-0.6999999999999993,1.0
2022_23,0022201055,2023-03-18,NYK,DEN,116,110,226,6,0.4862,0.36219999999999997,0.7304,48.1,22.0,13.8,0.49400000000000005,0.34199999999999997,0.7495,44.0,29.8,13.0,-0.007800000000000029,0.020199999999999996,4.100000000000001,-7.800000000000001,-0.8000000000000007,1.0
2022_23,0022201058,2023-03-18,TOR,MIN,122,107,229,15,0.45309999999999995,0.363,0.7988999999999999,43.5,25.8,12.3,0.48389999999999994,0.3779,0.6635,43.4,28.0,14.4,-0.030799999999999994,-0.014900000000000024,0.10000000000000142,-2.1999999999999993,2.0999999999999996,1.0
2022_23,0022201063,2023-03-19,BKN,DEN,102,108,210,-6,0.4403,0.3588,0.8202,41.4,23.7,12.8,0.5048,0.3487,0.7509,42.5,30.6,12.8,-0.0645,0.010099999999999998,-1.1000000000000014,-6.900000000000002,0.0,1.0
2022_23,0022201064,2023-03-19,OKC,PHX,124,120,244,4,0.4559,0.3499,0.8313,43.0,24.6,12.1,0.48200000000000004,0.3509,0.8139,45.6,26.5,12.4,-0.026100000000000012,-0.0010000000000000009,-2.6000000000000014,-1.8999999999999986,0.3000000000000007,1.0
2022_23,0022201065,2023-03-19,SAS,ATL,126,118,244,8,0.4523,0.36500000000000005,0.7404,46.1,27.3,15.4,0.495,0.374,0.8131999999999999,43.1,24.0,13.1,-0.042700000000000016,-0.008999999999999952,3.0,3.3000000000000007,-2.3000000000000007,1.0
2022_23,0022201066,2023-03-19,DET,MIA,100,112,212,-12,0.457,0.3295,0.7403,43.3,23.4,15.2,0.4907,0.383,0.8679,38.2,23.8,15.3,-0.03370000000000001,-0.05349999999999999,5.099999999999994,-0.40000000000000213,0.10000000000000142,1.0
2022_23,0022201067,2023-03-19,HOU,NOP,107,117,224,-10,0.49050000000000005,0.3531,0.7207,46.8,23.4,14.8,0.4667,0.3511,0.8137000000000001,39.8,25.5,13.2,0.023800000000000043,0.0020000000000000018,7.0,-2.1000000000000014,-1.6000000000000014,1.0
2022_23,0022201068,2023-03-19,MIL,TOR,118,111,229,7,0.5034,0.40469999999999995,0.7492,46.9,28.9,13.8,0.4689,0.3694,0.8152000000000001,43.4,25.9,13.0,0.034499999999999975,0.03529999999999994,3.5,3.0,-0.8000000000000007,1.0
2022_23,0022201069,2023-03-19,POR,LAC,102,117,219,-15,0.4547,0.3473,0.79,39.6,23.1,14.8,0.492,0.36360000000000003,0.8154999999999999,42.6,26.0,15.3,-0.0373,-0.016300000000000037,-3.0,-2.8999999999999986,0.5,1.0
2022_23,0022201070,2023-03-19,LAL,ORL,111,105,216,6,0.46529999999999994,0.3473,0.8041,44.3,24.3,15.0,0.48550000000000004,0.33540000000000003,0.7671,43.5,24.4,14.9,-0.020200000000000107,0.011899999999999966,0.7999999999999972,-0.09999999999999787,-0.09999999999999964,1.0
2022_23,0022201075,2023-03-20,MEM,DAL,112,108,220,4,0.4791,0.3801,0.7462,41.9,27.6,11.5,0.4737,0.40140000000000003,0.7511,39.6,23.6,13.1,0.005400000000000016,-0.02130000000000004,2.299999999999997,4.0,1.5999999999999996,1.0
2022_23,0022201076,2023-03-20,UTA,SAC,128,120,248,8,0.4577,0.3369,0.8009999999999999,50.6,25.6,17.0,0.5053,0.4103,0.7589,44.0,28.4,12.4,-0.047599999999999976,-0.07340000000000002,6.600000000000001,-2.799999999999997,-4.6,1.0
2022_23,0022201074,2023-03-20,HOU,GSW,108,121,229,-13,0.48179999999999995,0.35140000000000005,0.7454,46.4,21.6,14.8,0.47140000000000004,0.3721,0.8167,44.8,28.5,15.8,0.01039999999999991,-0.02069999999999994,1.6000000000000014,-6.899999999999999,1.0,1.0
2022_23,0022201073,2023-03-20,NYK,MIN,134,140,274,-6,0.4845,0.3507,0.7371000000000001,47.0,21.9,13.1,0.4803,0.36629999999999996,0.6867,43.1,28.2,14.3,0.0041999999999999815,-0.015599999999999947,3.8999999999999986,-6.300000000000001,1.200000000000001,1.0
2022_23,0022201072,2023-03-20,PHI,CHI,105,109,214,-4,0.5315,0.4346,0.8593,42.2,26.8,11.9,0.5114,0.4011,0.8448,40.2,25.4,13.4,0.020100000000000007,0.033499999999999974,2.0,1.4000000000000021,1.5,1.0
2022_23,0022201071,2023-03-20,CHA,IND,115,109,224,6,0.45620000000000005,0.3428,0.7647999999999999,42.4,23.4,14.9,0.5002,0.3701,0.7722,41.6,28.3,12.0,-0.04399999999999993,-0.02729999999999999,0.7999999999999972,-4.900000000000002,-2.9000000000000004,1.0
2022_23,0022201077,2023-03-21,ORL,WAS,122,112,234,10,0.4801,0.3352,0.7666999999999999,43.6,24.7,14.0,0.4915,0.362,0.8417999999999999,42.8,25.7,14.9,-0.011399999999999966,-0.02679999999999999,0.8000000000000043,-1.0,0.9000000000000004,1.0
2022_23,0022201078,2023-03-21,ATL,DET,129,107,236,22,0.4925,0.34340000000000004,0.8160999999999999,43.6,24.1,12.7,0.45760000000000006,0.3493,0.7523,43.3,24.2,15.6,0.03489999999999993,-0.005899999999999961,0.30000000000000426,-0.09999999999999787,2.9000000000000004,1.0
2022_23,0022201079,2023-03-21,BKN,CLE,109,115,224,-6,0.44320000000000004,0.3598,0.8276999999999999,40.9,23.8,12.2,0.49139999999999995,0.35960000000000003,0.7569,39.0,25.7,11.8,-0.04819999999999991,0.00019999999999997797,1.8999999999999986,-1.8999999999999986,-0.3999999999999986,1.0
2022_23,0022201080,2023-03-21,NOP,SAS,119,84,203,35,0.4769,0.3719,0.8112999999999999,39.8,25.8,13.5,0.46740000000000004,0.3885,0.7219,46.1,27.8,15.6,0.009499999999999953,-0.016600000000000004,-6.300000000000004,-2.0,2.0999999999999996,1.0
2022_23,0022201081,2023-03-21,SAC,BOS,109,132,241,-23,0.4952,0.41109999999999997,0.7615999999999999,43.2,27.8,11.0,0.46230000000000004,0.3716,0.7773,45.6,26.4,13.3,0.03289999999999993,0.03949999999999998,-2.3999999999999986,1.4000000000000021,2.3000000000000007,1.0
2022_23,0022201082,2023-03-21,LAC,OKC,100,101,201,-1,0.47750000000000004,0.3487,0.8119999999999999,43.3,24.7,13.8,0.462,0.3578,0.8286,43.2,23.8,12.7,0.015500000000000014,-0.009099999999999997,0.09999999999999432,0.8999999999999986,-1.1000000000000014,1.0
2022_23,0022201092,2023-03-22,LAL,PHX,122,111,233,11,0.4673,0.3497,0.7984,43.9,24.6,13.9,0.4831,0.3558,0.8034000000000001,44.2,27.3,12.7,-0.01579999999999998,-0.006099999999999994,-0.30000000000000426,-2.6999999999999993,-1.200000000000001,1.0
2022_23,0022201091,2023-03-22,UTA,POR,115,127,242,-12,0.46799999999999997,0.35419999999999996,0.8028000000000001,49.6,26.3,16.0,0.4568,0.3372,0.7953,40.3,22.9,15.0,0.011199999999999988,0.01699999999999996,9.300000000000004,3.400000000000002,-1.0,1.0
2022_23,0022201090,2023-03-22,MIN,ATL,125,124,249,1,0.4995,0.3868,0.7093,42.2,29.0,14.2,0.49260000000000004,0.3431,0.8016,45.5,24.6,12.9,0.006899999999999962,0.04369999999999996,-3.299999999999997,4.399999999999999,-1.299999999999999,1.0
2022_23,0022201089,2023-03-22,MIL,SAS,130,94,224,36,0.5067999999999999,0.4025,0.7921,45.9,29.2,13.3,0.45899999999999996,0.3894,0.7158,45.3,27.7,15.8,0.047799999999999954,0.0131,0.6000000000000014,1.5,2.5,1.0
2022_23,0022201088,2023-03-22,MEM,HOU,130,125,255,5,0.47700000000000004,0.3672,0.7389,42.5,27.0,11.8,0.48369999999999996,0.3468,0.7647,45.6,21.3,15.3,-0.006699999999999928,0.02040000000000003,-3.1000000000000014,5.699999999999999,3.5,1.0
2022_23,0022201086,2023-03-22,DAL,GSW,125,127,252,-2,0.4782,0.3912,0.7746999999999999,38.5,23.7,12.6,0.4795,0.3771,0.8157,43.6,29.1,16.6,-0.0012999999999999678,0.014100000000000001,-5.100000000000001,-5.400000000000002,4.000000000000002,1.0
2022_23,0022201085,2023-03-22,TOR,IND,114,118,232,-4,0.4746,0.3746,0.8102,43.2,26.5,12.3,0.4968,0.3672,0.7773,41.9,27.5,13.2,-0.022199999999999998,0.007399999999999962,1.3000000000000043,-1.0,0.8999999999999986,1.0
2022_23,0022201084,2023-03-22,MIA,NYK,127,120,247,7,0.4952,0.3922,0.8686,39.1,25.3,15.0,0.4936,0.362,0.7552,46.0,22.5,13.3,0.0015999999999999903,0.030200000000000005,-6.899999999999999,2.8000000000000007,-1.6999999999999993,1.0
2022_23,0022201083,2023-03-22,WAS,DEN,104,118,222,-14,0.4909,0.34659999999999996,0.8409000000000001,41.8,25.7,14.8,0.5063,0.36760000000000004,0.769,41.5,30.2,12.9,-0.01539999999999997,-0.021000000000000074,0.29999999999999716,-4.5,-1.9000000000000004,1.0
2022_23,0022201087,2023-03-22,CHI,PHI,91,116,207,-25,0.5023,0.3956,0.8452,40.5,25.3,13.4,0.5243,0.4239,0.8457000000000001,43.5,27.1,13.1,-0.02200000000000002,-0.028299999999999992,-3.0,-1.8000000000000007,-0.3000000000000007,1.0
2022_23,0022201093,2023-03-23,ORL,NYK,111,106,217,5,0.48819999999999997,0.35229999999999995,0.7868,42.8,25.2,14.3,0.48410000000000003,0.3449,0.7685000000000001,45.6,22.6,13.4,0.004099999999999937,0.007399999999999962,-2.8000000000000043,2.599999999999998,-0.9000000000000004,1.0
2022_23,0022201094,2023-03-23,BKN,CLE,114,116,230,-2,0.44109999999999994,0.3486,0.8109999999999999,42.7,23.7,12.5,0.4896,0.3579,0.7522,37.9,24.9,11.8,-0.04850000000000004,-0.009299999999999975,4.800000000000004,-1.1999999999999993,-0.6999999999999993,1.0
2022_23,0022201095,2023-03-23,NOP,CHA,115,96,211,19,0.4878,0.39139999999999997,0.8112999999999999,40.9,26.6,13.4,0.45,0.3251,0.7549,41.5,23.6,14.3,0.0378,0.06629999999999997,-0.6000000000000014,3.0,0.9000000000000004,1.0
2022_23,0022201096,2023-03-23,LAC,OKC,127,105,232,22,0.4763,0.3357,0.7857999999999999,44.1,24.4,13.9,0.45549999999999996,0.3573,0.8465,43.7,22.8,12.6,0.02080000000000004,-0.021600000000000008,0.3999999999999986,1.5999999999999979,-1.3000000000000007,1.0
2022_23,0022201103,2023-03-24,GSW,PHI,120,112,232,8,0.4838,0.3756,0.8089999999999999,43.7,29.6,16.1,0.5142,0.4227,0.8474999999999999,44.2,27.3,13.5,-0.030399999999999983,-0.04710000000000003,-0.5,2.3000000000000007,-2.6000000000000014,1.0
2022_23,0022201106,2023-03-24,LAL,OKC,116,111,227,5,0.4755,0.3511,0.7971999999999999,43.4,25.1,14.1,0.44960000000000006,0.3511,0.8731,43.7,22.1,13.3,0.025899999999999923,0.0,-0.30000000000000426,3.0,-0.7999999999999989,1.0
2022_23,0022201105,2023-03-24,SAC,PHX,135,127,262,8,0.4904,0.4194,0.7283000000000001,42.9,27.7,11.3,0.48769999999999997,0.3612,0.8192999999999999,42.6,27.5,13.2,0.0027000000000000357,0.058199999999999974,0.29999999999999716,0.1999999999999993,1.8999999999999986,1.0
2022_23,0022201104,2023-03-24,POR,CHI,96,124,220,-28,0.4608,0.33999999999999997,0.7822,40.5,23.9,14.5,0.49119999999999997,0.3796,0.8401,41.2,24.3,13.3,-0.030399999999999983,-0.039600000000000024,-0.7000000000000028,-0.40000000000000213,-1.1999999999999993,1.0
2022_23,0022201102,2023-03-24,UTA,MIL,116,144,260,-28,0.4689,0.3499,0.7964,48.7,25.8,16.1,0.5067,0.391,0.7674,46.7,28.7,14.0,-0.037800000000000056,-0.041100000000000025,2.0,-2.8999999999999986,-2.1000000000000014,1.0
2022_23,0022201099,2023-03-24,TOR,DET,118,97,215,21,0.47800000000000004,0.35950000000000004,0.8162,42.5,26.0,12.1,0.4483,0.3418,0.7535000000000001,42.8,23.9,14.9,0.02970000000000006,0.01770000000000005,-0.29999999999999716,2.1000000000000014,2.8000000000000007,1.0
2022_23,0022201100,2023-03-24,MEM,HOU,151,114,265,37,0.4918,0.3661,0.7463,42.1,27.3,11.8,0.479,0.3484,0.7659,45.9,21.4,15.3,0.012800000000000034,0.017699999999999994,-3.799999999999997,5.900000000000002,3.5,1.0
2022_23,0022201098,2023-03-24,WAS,SAS,136,124,260,12,0.4908,0.30369999999999997,0.8295,41.2,25.1,13.1,0.4518,0.38120000000000004,0.7039,44.9,27.2,16.0,0.039000000000000035,-0.07750000000000007,-3.6999999999999957,-2.099999999999998,2.9000000000000004,1.0
2022_23,0022201097,2023-03-24,BOS,IND,120,95,215,25,0.46559999999999996,0.3625,0.7647999999999999,45.6,27.0,12.6,0.5,0.38029999999999997,0.7838,41.7,27.7,14.1,-0.03440000000000004,-0.017799999999999983,3.8999999999999986,-0.6999999999999993,1.5,1.0
2022_23,0022201101,2023-03-24,DAL,CHA,109,117,226,-8,0.47709999999999997,0.4013,0.7817999999999999,37.8,23.6,12.9,0.45940000000000003,0.3221,0.7594000000000001,40.5,24.0,14.6,0.017699999999999938,0.07919999999999999,-2.700000000000003,-0.3999999999999986,1.6999999999999993,1.0
2022_23,0022201107,2023-03-25,ATL,IND,143,130,273,13,0.48840000000000006,0.3431,0.8083,45.3,24.4,12.9,0.5008,0.3609,0.7611,42.1,27.8,14.4,-0.012399999999999967,-0.017799999999999983,3.1999999999999957,-3.400000000000002,1.5,1.0
2022_23,0022201108,2023-03-25,MIA,BKN,100,129,229,-29,0.5041,0.4013,0.8556000000000001,38.1,25.8,14.8,0.4471,0.35209999999999997,0.8191,42.2,23.6,12.8,0.056999999999999995,0.04920000000000002,-4.100000000000001,2.1999999999999993,-2.0,1.0
2022_23,0022201109,2023-03-25,DEN,MIL,129,106,235,23,0.4993,0.3713,0.7907,41.3,29.0,12.8,0.5093,0.385,0.7531,47.4,29.9,14.0,-0.009999999999999953,-0.01369999999999999,-6.100000000000001,-0.8999999999999986,1.1999999999999993,1.0
2022_23,0022201110,2023-03-25,PHX,PHI,125,105,230,20,0.4944,0.35619999999999996,0.8151999999999999,42.1,27.8,13.1,0.5128999999999999,0.40170000000000006,0.8461000000000001,44.8,27.2,13.9,-0.018499999999999905,-0.045500000000000096,-2.6999999999999957,0.6000000000000014,0.8000000000000007,1.0
2022_23,0022201111,2023-03-25,SAC,UTA,121,113,234,8,0.48810000000000003,0.4008,0.7424999999999999,42.3,28.1,11.1,0.4721,0.348,0.8032,48.6,27.1,15.2,0.016000000000000014,0.052800000000000014,-6.300000000000004,1.0,4.1,1.0
2022_23,0022201112,2023-03-25,LAC,NOP,110,131,241,-21,0.4901,0.34500000000000003,0.7737999999999999,43.9,25.4,12.9,0.48200000000000004,0.38780000000000003,0.8176,42.0,26.9,13.9,0.00809999999999994,-0.042800000000000005,1.8999999999999986,-1.5,1.0,1.0
2022_23,0022201121,2023-03-26,GSW,MIN,96,99,195,-3,0.49190000000000006,0.377,0.8007,44.4,29.6,15.9,0.5006,0.39449999999999996,0.733,41.8,29.5,13.4,-0.008699999999999986,-0.01749999999999996,2.6000000000000014,0.10000000000000142,-2.5,1.0
2022_23,0022201120,2023-03-26,POR,OKC,112,118,230,-6,0.4567,0.3261,0.7910999999999999,40.2,24.0,14.1,0.4425,0.3522,0.8808,44.0,21.8,13.1,0.01419999999999999,-0.026100000000000012,-3.799999999999997,2.1999999999999993,-1.0,1.0
2022_23,0022201119,2023-03-26,TOR,WAS,114,104,218,10,0.47800000000000004,0.3673,0.7955,42.8,25.7,11.8,0.5082,0.32789999999999997,0.8109,39.9,25.9,13.2,-0.03019999999999995,0.039400000000000046,2.8999999999999986,-0.1999999999999993,1.3999999999999986,1.0
2022_23,0022201118,2023-03-26,ORL,BKN,119,106,225,13,0.4807,0.3544,0.7936,42.9,25.6,13.9,0.4574,0.36920000000000003,0.8292999999999999,41.5,24.5,12.8,0.023300000000000043,-0.014800000000000035,1.3999999999999986,1.1000000000000014,-1.0999999999999996,1.0
2022_23,0022201113,2023-03-26,CHA,DAL,110,104,214,6,0.45899999999999996,0.32389999999999997,0.7495,41.4,24.7,13.3,0.471,0.3742,0.7901,39.2,23.5,12.7,-0.01200000000000001,-0.05030000000000001,2.1999999999999957,1.1999999999999993,-0.6000000000000014,1.0
2022_23,0022201116,2023-03-26,BOS,SAS,137,93,230,44,0.4641,0.37439999999999996,0.7685,45.7,27.2,12.2,0.45810000000000006,0.3749,0.6689,44.8,28.3,15.0,0.00599999999999995,-0.000500000000000056,0.9000000000000057,-1.1000000000000014,2.8000000000000007,1.0
2022_23,0022201115,2023-03-26,ATL,MEM,119,123,242,-4,0.4968,0.3631,0.8096,45.8,25.5,12.6,0.4988,0.3727,0.7586999999999999,43.0,27.7,12.1,-0.0020000000000000018,-0.009599999999999997,2.799999999999997,-2.1999999999999993,-0.5,1.0
2022_23,0022201114,2023-03-26,LAL,CHI,108,118,226,-10,0.4803,0.35409999999999997,0.7853,44.6,24.8,13.7,0.5001,0.39590000000000003,0.8445,41.9,24.9,13.5,-0.019799999999999984,-0.04180000000000006,2.700000000000003,-0.09999999999999787,-0.1999999999999993,1.0
2022_23,0022201117,2023-03-26,CLE,HOU,108,91,199,17,0.48789999999999994,0.3641,0.7672000000000001,38.1,25.2,12.1,0.4718,0.3246,0.7415999999999999,45.3,21.0,15.7,0.016099999999999948,0.03949999999999998,-7.199999999999996,4.199999999999999,3.5999999999999996,1.0
2022_23,0022201127,2023-03-27,POR,NOP,90,124,214,-34,0.45730000000000004,0.3359,0.7777000000000001,39.3,23.1,14.2,0.4909,0.41509999999999997,0.8287000000000001,43.6,28.5,14.2,-0.03359999999999996,-0.07919999999999999,-4.300000000000004,-5.399999999999999,0.0,1.0
2022_23,0022201129,2023-03-27,LAC,CHI,124,112,236,12,0.5061,0.36960000000000004,0.7691,42.3,26.4,13.3,0.5071,0.4107,0.8454,42.7,25.7,13.5,-0.0010000000000000009,-0.04109999999999997,-0.4000000000000057,0.6999999999999993,0.1999999999999993,1.0
2022_23,0022201126,2023-03-27,DEN,PHI,116,111,227,5,0.5061,0.3872,0.7815000000000001,40.8,29.0,13.0,0.49800000000000005,0.39649999999999996,0.8429,44.8,25.6,14.0,0.00809999999999994,-0.009299999999999975,-4.0,3.3999999999999986,1.0,1.0
2022_23,0022201128,2023-03-27,SAC,MIN,115,119,234,-4,0.47780000000000006,0.39590000000000003,0.7585,43.2,27.2,10.9,0.49589999999999995,0.3958,0.714,42.1,29.1,13.7,-0.018099999999999894,0.0001000000000000445,1.1000000000000014,-1.9000000000000021,2.799999999999999,1.0
2022_23,0022201124,2023-03-27,NYK,HOU,137,115,252,22,0.4681,0.33340000000000003,0.7807000000000001,46.6,22.9,13.5,0.47220000000000006,0.3217,0.7541,44.1,21.6,15.7,-0.004100000000000048,0.011700000000000044,2.5,1.2999999999999972,2.1999999999999993,1.0
2022_23,0022201122,2023-03-27,DET,MIL,117,126,243,-9,0.4542,0.3408,0.7582,41.8,24.3,14.7,0.5065999999999999,0.3651,0.7663,46.9,29.5,13.8,-0.05239999999999995,-0.02429999999999999,-5.100000000000001,-5.199999999999999,-0.8999999999999986,1.0
2022_23,0022201125,2023-03-27,UTA,PHX,103,117,220,-14,0.475,0.3491,0.7874,48.3,27.7,14.3,0.4949,0.3605,0.8154,42.5,28.4,12.8,-0.01990000000000003,-0.011399999999999966,5.799999999999997,-0.6999999999999993,-1.5,1.0
2022_23,0022201123,2023-03-27,IND,DAL,104,127,231,-23,0.5039,0.3623,0.7798,41.8,28.4,15.2,0.45970000000000005,0.3735,0.7935,39.8,23.8,12.5,0.04419999999999996,-0.011199999999999988,2.0,4.599999999999998,-2.6999999999999993,1.0
2022_23,0022201130,2023-03-28,WAS,BOS,130,111,241,19,0.4944,0.3243,0.7944,40.7,25.7,13.5,0.48179999999999995,0.3797,0.7519,46.4,27.4,12.1,0.012600000000000056,-0.055400000000000005,-5.699999999999996,-1.6999999999999993,-1.4000000000000004,1.0
2022_23,0022201131,2023-03-28,ATL,CLE,120,118,238,2,0.4873,0.3547,0.8202999999999999,46.9,25.4,12.5,0.4854,0.3529,0.7991,38.3,24.3,12.0,0.0019000000000000128,0.0018000000000000238,8.600000000000001,1.0999999999999979,-0.5,1.0
2022_23,0022201132,2023-03-28,TOR,MIA,106,92,198,14,0.47170000000000006,0.3628,0.8054,44.7,24.9,11.7,0.501,0.4042,0.8543,37.0,24.9,14.2,-0.029299999999999937,-0.04139999999999999,7.700000000000003,0.0,2.5,1.0
2022_23,0022201133,2023-03-28,MEM,ORL,113,108,221,5,0.514,0.38780000000000003,0.7565,42.4,28.7,12.5,0.48360000000000003,0.3507,0.7948000000000001,43.8,25.7,13.9,0.030399999999999983,0.03710000000000002,-1.3999999999999986,3.0,1.4000000000000004,1.0
2022_23,0022201134,2023-03-28,OKC,CHA,134,137,271,-3,0.43289999999999995,0.3406,0.8832000000000001,43.8,21.3,12.4,0.46580000000000005,0.3386,0.7527999999999999,42.3,25.7,13.7,-0.032900000000000096,0.0020000000000000018,1.5,-4.399999999999999,1.299999999999999,1.0
2022_23,0022201135,2023-03-28,GSW,NOP,120,109,229,11,0.4806,0.3753,0.7897000000000001,44.8,28.5,15.4,0.4941,0.4201,0.8324999999999999,44.9,28.7,14.3,-0.013499999999999956,-0.04479999999999995,-0.10000000000000142,-0.1999999999999993,-1.0999999999999996,1.0
2022_23,0022201145,2023-03-29,POR,SAC,80,120,200,-40,0.44749999999999995,0.3116,0.7884,38.4,21.8,14.3,0.4718,0.3831,0.7635,43.2,26.0,10.7,-0.024300000000000044,-0.07150000000000001,-4.800000000000004,-4.199999999999999,-3.6000000000000014,1.0
2022_23,0022201144,2023-03-29,PHX,MIN,107,100,207,7,0.4824,0.3558,0.8263,43.3,28.8,12.6,0.48710000000000003,0.382,0.7077,42.1,29.3,13.1,-0.0047000000000000375,-0.0262,1.1999999999999957,-0.5,0.5,1.0
2022_23,0022201143,2023-03-29,SAS,UTA,117,128,245,-11,0.449,0.3647,0.6792,45.1,28.2,14.5,0.47030000000000005,0.3444,0.7726,49.1,27.2,14.0,-0.02130000000000004,0.02030000000000004,-4.0,1.0,-0.5,1.0
2022_23,0022201142,2023-03-29,OKC,DET,107,106,213,1,0.44749999999999995,0.3424,0.8673,44.0,21.5,11.9,0.4523,0.3387,0.766,41.3,23.5,14.1,-0.0048000000000000265,0.003699999999999981,2.700000000000003,-2.0,2.1999999999999993,1.0
2022_23,0022201141,2023-03-29,MEM,LAC,132,141,273,-9,0.5079,0.3781,0.7582,43.1,27.7,12.8,0.5114,0.3855,0.7487,42.8,27.4,14.4,-0.0034999999999999476,-0.007400000000000018,0.30000000000000426,0.3000000000000007,1.5999999999999996,1.0
2022_23,0022201138,2023-03-29,NYK,MIA,101,92,193,9,0.47669999999999996,0.3404,0.7833,45.1,24.6,12.6,0.4878,0.3793,0.8625,38.1,24.0,14.7,-0.011100000000000054,-0.038900000000000046,7.0,0.6000000000000014,2.0999999999999996,1.0
2022_23,0022201137,2023-03-29,BKN,HOU,123,114,237,9,0.4487,0.35459999999999997,0.8356999999999999,42.3,23.9,13.1,0.4747,0.3133,0.7645,42.3,22.2,15.4,-0.026000000000000023,0.04129999999999995,0.0,1.6999999999999993,2.3000000000000007,1.0
2022_23,0022201136,2023-03-29,IND,MIL,136,149,285,-13,0.4869,0.3504,0.7870999999999999,43.1,27.6,15.7,0.495,0.3605,0.7567999999999999,48.1,29.5,13.0,-0.008099999999999996,-0.010099999999999998,-5.0,-1.8999999999999986,-2.6999999999999993,1.0
2022_23,0022201140,2023-03-29,CHI,LAL,110,121,231,-11,0.5,0.4043,0.8288,42.8,26.5,13.5,0.4868,0.3569,0.7714000000000001,43.8,24.3,14.6,0.01319999999999999,0.0474,-1.0,2.1999999999999993,1.0999999999999996,1.0
2022_23,0022201139,2023-03-29,PHI,DAL,116,108,224,8,0.4969,0.3632,0.8244999999999999,43.4,25.3,13.5,0.46909999999999996,0.3799,0.8044,38.8,24.3,12.1,0.027800000000000047,-0.016699999999999993,4.600000000000001,1.0,-1.4000000000000004,1.0
2022_23,0022201146,2023-03-30,MIL,BOS,99,140,239,-41,0.5151,0.3625,0.7548999999999999,47.2,29.0,13.3,0.48860000000000003,0.3714,0.7761,45.0,27.8,11.9,0.026499999999999968,-0.008900000000000019,2.200000000000003,1.1999999999999993,-1.4000000000000004,1.0
2022_23,0022201147,2023-03-30,DEN,NOP,88,107,195,-19,0.5067,0.3822,0.7853,40.9,29.4,12.8,0.4902,0.4164,0.8365,44.1,28.5,14.7,0.016500000000000015,-0.03420000000000001,-3.200000000000003,0.8999999999999986,1.8999999999999986,1.0
2022_23,0022201160,2023-03-31,PHX,DEN,100,93,193,7,0.472,0.3393,0.8166,42.7,28.0,11.9,0.5047,0.359,0.8010999999999999,40.5,28.9,12.7,-0.03270000000000006,-0.019699999999999995,2.200000000000003,-0.8999999999999986,0.7999999999999989,1.0
2022_23,0022201155,2023-03-31,HOU,DET,121,115,236,6,0.4734,0.2962,0.7499,44.2,21.5,14.8,0.4511,0.3439,0.7556,42.5,23.3,14.7,0.022299999999999986,-0.047699999999999965,1.7000000000000028,-1.8000000000000007,-0.10000000000000142,1.0
2022_23,0022201159,2023-03-31,POR,SAC,114,138,252,-24,0.44320000000000004,0.3065,0.7986,38.2,21.8,14.1,0.46930000000000005,0.37770000000000004,0.7547,45.2,27.1,10.2,-0.026100000000000012,-0.07120000000000004,-7.0,-5.300000000000001,-3.9000000000000004,1.0
2022_23,0022201158,2023-03-31,GSW,SAS,130,115,245,15,0.4891,0.387,0.7666,45.7,29.2,15.6,0.44210000000000005,0.3539,0.6837,44.0,28.2,14.1,0.04699999999999993,0.03310000000000002,1.7000000000000028,1.0,-1.5,1.0
2022_23,0022201157,2023-03-31,MIN,LAL,111,123,234,-12,0.492,0.3857,0.7030000000000001,44.1,29.8,14.1,0.49350000000000005,0.3669,0.7721,42.6,23.8,14.7,-0.0015000000000000568,0.018799999999999983,1.5,6.0,0.5999999999999996,1.0
2022_23,0022201156,2023-03-31,MEM,LAC,108,94,202,14,0.5118,0.3862,0.757,43.1,27.8,13.0,0.52,0.40359999999999996,0.7285999999999999,40.7,27.7,14.3,-0.008199999999999985,-0.01739999999999997,2.3999999999999986,0.10000000000000142,1.3000000000000007,1.0
2022_23,0022201153,2023-03-31,BKN,ATL,124,107,231,17,0.46299999999999997,0.36429999999999996,0.8024000000000001,41.7,25.2,12.9,0.4805,0.3577,0.8221999999999999,48.4,25.3,12.9,-0.017500000000000016,0.006599999999999939,-6.699999999999996,-0.10000000000000142,0.0,1.0
2022_23,0022201152,2023-03-31,BOS,UTA,122,114,236,8,0.4969,0.3859,0.7910999999999999,45.2,28.0,11.7,0.4801,0.34900000000000003,0.7866,48.9,27.7,14.0,0.01679999999999998,0.03689999999999999,-3.6999999999999957,0.3000000000000007,2.3000000000000007,1.0
2022_23,0022201151,2023-03-31,WAS,ORL,109,116,225,-7,0.4923,0.318,0.7812,41.1,25.6,12.7,0.4746,0.3493,0.8010999999999999,44.7,25.7,14.2,0.017699999999999994,-0.031299999999999994,-3.6000000000000014,-0.09999999999999787,1.5,1.0
2022_23,0022201150,2023-03-31,PHI,TOR,117,110,227,7,0.49139999999999995,0.37370000000000003,0.8285,43.5,25.4,13.6,0.4701000000000001,0.348,0.8093,45.3,25.2,11.1,0.021299999999999875,0.025700000000000056,-1.7999999999999972,0.1999999999999993,-2.5,1.0
2022_23,0022201149,2023-03-31,IND,OKC,121,117,238,4,0.49140000000000006,0.35710000000000003,0.7646,41.8,27.8,15.3,0.446,0.3448,0.8589,44.0,21.7,11.7,0.04540000000000005,0.012300000000000033,-2.200000000000003,6.100000000000001,-3.6000000000000014,1.0
2022_23,0022201148,2023-03-31,CHA,CHI,91,121,212,-30,0.47169999999999995,0.3411,0.7399,43.3,26.4,14.3,0.49939999999999996,0.3983,0.819,41.0,27.0,14.0,-0.027700000000000002,-0.05719999999999997,2.299999999999997,-0.6000000000000014,-0.3000000000000007,1.0
2022_23,0022201154,2023-03-31,CLE,NYK,116,130,246,-14,0.4911,0.3536,0.7873,36.5,23.6,11.3,0.484,0.3548,0.7605000000000001,45.9,25.0,13.4,0.007099999999999995,-0.0011999999999999789,-9.399999999999999,-1.3999999999999986,2.0999999999999996,1.0
2022_23,0022201161,2023-04-01,MIA,DAL,129,122,251,7,0.4821,0.385,0.8509,37.9,23.8,13.4,0.47169999999999995,0.3842,0.8085000000000001,39.4,24.3,12.6,0.01040000000000002,0.0008000000000000229,-1.5,-0.5,-0.8000000000000007,1.0
2022_23,0022201162,2023-04-01,NOP,LAC,122,114,236,8,0.4957,0.42919999999999997,0.8341,44.4,28.4,13.7,0.5029,0.40499999999999997,0.7344999999999999,41.3,28.0,14.4,-0.00720000000000004,0.0242,3.1000000000000014,0.3999999999999986,0.7000000000000011,1.0
2022_23,0022201175,2023-04-02,DEN,GSW,112,110,222,2,0.4958,0.34500000000000003,0.7611000000000001,42.3,27.6,12.4,0.49850000000000005,0.3881,0.7471,43.7,29.6,15.6,-0.0027000000000000357,-0.04309999999999997,-1.4000000000000057,-2.0,3.1999999999999993,1.0
2022_23,0022201174,2023-04-02,MIL,PHI,117,104,221,13,0.5097,0.3539,0.7423,46.9,28.4,12.9,0.4963,0.3745,0.8379,43.0,25.3,14.5,0.013400000000000023,-0.020600000000000007,3.8999999999999986,3.099999999999998,1.5999999999999996,1.0
2022_23,0022201173,2023-04-02,CLE,IND,115,105,220,10,0.49349999999999994,0.3674,0.7824,36.6,24.3,10.6,0.49110000000000004,0.36069999999999997,0.756,41.6,28.4,15.5,0.002399999999999902,0.006700000000000039,-5.0,-4.099999999999998,4.9,1.0
2022_23,0022201172,2023-04-02,OKC,PHX,118,128,246,-10,0.4558,0.3325,0.8572000000000001,43.0,21.2,11.9,0.4646,0.3468,0.8109999999999999,43.8,27.8,12.1,-0.00880000000000003,-0.01429999999999998,-0.7999999999999972,-6.600000000000001,0.1999999999999993,1.0
2022_23,0022201171,2023-04-02,HOU,LAL,109,134,243,-25,0.4748,0.3003,0.7514,44.0,20.6,14.9,0.48719999999999997,0.3645,0.7521,44.4,23.8,14.2,-0.012399999999999967,-0.06419999999999998,-0.3999999999999986,-3.1999999999999993,-0.7000000000000011,1.0
2022_23,0022201170,2023-04-02,SAC,SAS,134,142,276,-8,0.48650000000000004,0.38439999999999996,0.7547,44.8,27.8,10.6,0.4508,0.36560000000000004,0.6796,43.6,28.5,13.7,0.035700000000000065,0.018799999999999928,1.1999999999999957,-0.6999999999999993,3.0999999999999996,1.0
2022_23,0022201168,2023-04-02,NYK,WAS,118,109,227,9,0.4951,0.376,0.7585,44.9,24.7,13.0,0.4824,0.3261,0.7867,41.9,25.3,12.5,0.012699999999999989,0.0499,3.0,-0.6000000000000014,-0.5,1.0
2022_23,0022201167,2023-04-02,ATL,DAL,132,130,262,2,0.47919999999999996,0.3309,0.8346,48.4,25.1,12.6,0.4868,0.39049999999999996,0.8308,38.2,25.0,12.9,-0.007600000000000051,-0.05959999999999993,10.199999999999996,0.10000000000000142,0.3000000000000007,1.0
2022_23,0022201166,2023-04-02,MIN,POR,105,107,212,-2,0.4862,0.389,0.7251000000000001,43.3,29.4,14.3,0.4378,0.3148,0.7971,37.9,22.3,15.2,0.0484,0.07419999999999999,5.399999999999999,7.099999999999998,0.8999999999999986,1.0
2022_23,0022201165,2023-04-02,CHI,MEM,128,107,235,21,0.4993,0.3933,0.8281000000000001,40.8,27.0,13.3,0.5108,0.3811,0.7493000000000001,43.5,28.0,12.9,-0.01150000000000001,0.012199999999999989,-2.700000000000003,-1.0,-0.40000000000000036,1.0
2022_23,0022201164,2023-04-02,BKN,UTA,111,110,221,1,0.4725,0.3627,0.8143,41.0,26.5,12.7,0.4723,0.3418,0.7843,49.9,27.3,14.0,0.00019999999999997797,0.02090000000000003,-8.899999999999999,-0.8000000000000007,1.3000000000000007,1.0
2022_23,0022201163,2023-04-02,CHA,TOR,108,128,236,-20,0.46719999999999995,0.3456,0.7505,42.5,26.7,15.2,0.4816,0.3382,0.7947,44.6,25.7,11.2,-0.014400000000000024,0.007400000000000018,-2.1000000000000014,1.0,-4.0,1.0
2022_23,0022201169,2023-04-02,ORL,DET,128,102,230,26,0.47780000000000006,0.3355,0.8135,45.9,26.2,14.3,0.4545,0.34199999999999997,0.7423,41.7,23.7,14.0,0.023300000000000043,-0.00649999999999995,4.199999999999996,2.5,-0.3000000000000007,1.0
2022_23,0022201184,2023-04-04,MEM,POR,119,109,228,10,0.5067,0.3862,0.7683,44.3,28.0,13.1,0.4351,0.3145,0.7871,37.5,22.6,14.3,0.07160000000000005,0.07169999999999999,6.799999999999997,5.399999999999999,1.200000000000001,1.0
2022_23,0022201187,2023-04-04,GSW,OKC,136,125,261,11,0.4843,0.3608,0.7888,45.3,29.4,15.5,0.45119999999999993,0.3336,0.8556000000000001,42.0,21.1,11.6,0.033100000000000074,0.027200000000000002,3.299999999999997,8.299999999999997,-3.9000000000000004,1.0
2022_23,0022201186,2023-04-04,UTA,LAL,133,135,268,-2,0.4716,0.3387,0.7676000000000001,49.1,27.5,14.0,0.4948,0.3612,0.7683,45.8,25.0,13.7,-0.0232,-0.02250000000000002,3.3000000000000043,2.5,-0.3000000000000007,1.0
2022_23,0022201188,2023-04-04,PHX,SAS,115,94,209,21,0.473,0.366,0.8204,42.9,28.4,12.0,0.4474,0.35009999999999997,0.688,44.1,27.7,14.0,0.025599999999999956,0.015900000000000025,-1.2000000000000028,0.6999999999999993,2.0,1.0
2022_23,0022201185,2023-04-04,NOP,SAC,103,121,224,-18,0.49450000000000005,0.4229,0.8468,44.1,27.0,12.9,0.4854,0.3665,0.7535000000000001,44.6,27.6,10.1,0.009100000000000052,0.056400000000000006,-0.5,-0.6000000000000014,-2.8000000000000007,1.0
2022_23,0022201183,2023-04-04,HOU,DEN,124,103,227,21,0.46509999999999996,0.3109,0.7682,43.3,20.7,14.1,0.48980000000000007,0.3336,0.7694,42.1,27.3,12.2,-0.02470000000000011,-0.022699999999999998,1.1999999999999957,-6.600000000000001,-1.9000000000000004,1.0
2022_23,0022201178,2023-04-04,ORL,CLE,113,117,230,-4,0.4866,0.3519,0.791,44.6,25.8,14.0,0.49589999999999995,0.363,0.7706000000000001,37.5,24.1,10.8,-0.009299999999999975,-0.011099999999999999,7.100000000000001,1.6999999999999993,-3.1999999999999993,1.0
2022_23,0022201181,2023-04-04,PHI,BOS,103,101,204,2,0.49030000000000007,0.3606,0.845,42.0,24.8,13.6,0.48600000000000004,0.3716,0.8032999999999999,45.4,27.2,12.0,0.004300000000000026,-0.01100000000000001,-3.3999999999999986,-2.3999999999999986,-1.5999999999999996,1.0
2022_23,0022201180,2023-04-04,BKN,MIN,102,107,209,-5,0.4667,0.3522,0.8032999999999999,42.2,25.8,12.6,0.4756,0.38839999999999997,0.7338,44.3,28.4,14.8,-0.008900000000000019,-0.036199999999999954,-2.0999999999999943,-2.599999999999998,2.200000000000001,1.0
2022_23,0022201179,2023-04-04,WAS,MIL,128,140,268,-12,0.4913,0.34619999999999995,0.7874,42.2,26.0,13.4,0.5091,0.34409999999999996,0.7319,46.8,28.3,12.8,-0.017799999999999983,0.0020999999999999908,-4.599999999999994,-2.3000000000000007,-0.5999999999999996,1.0
2022_23,0022201177,2023-04-04,DET,MIA,105,118,223,-13,0.44980000000000003,0.3369,0.7562,41.3,23.4,14.4,0.48319999999999996,0.3718,0.8493,36.9,24.3,12.9,-0.03339999999999993,-0.03490000000000004,4.399999999999999,-0.9000000000000021,-1.5,1.0
2022_23,0022201176,2023-04-04,CHA,TOR,100,120,220,-20,0.4758,0.35150000000000003,0.7263999999999999,41.9,26.9,16.3,0.4854,0.3311,0.8178000000000001,45.4,26.6,10.7,-0.009599999999999997,0.02040000000000003,-3.5,0.29999999999999716,-5.600000000000001,1.0
2022_23,0022201182,2023-04-04,CHI,ATL,105,123,228,-18,0.5133,0.3842,0.8265,39.6,27.1,12.1,0.47640000000000005,0.3358,0.8225999999999999,48.9,25.5,12.7,0.03689999999999993,0.0484,-9.299999999999997,1.6000000000000014,0.5999999999999996,1.0
2022_23,0022201196,2023-04-05,LAC,LAL,125,118,243,7,0.504,0.4096,0.7421,41.1,28.3,14.7,0.496,0.3503,0.7561,45.0,25.3,13.1,0.008000000000000007,0.05930000000000002,-3.8999999999999986,3.0,-1.5999999999999996,1.0
2022_23,0022201195,2023-04-05,DAL,SAC,123,119,242,4,0.4995,0.3907,0.8246,38.8,25.1,13.0,0.4969,0.3753,0.7585,43.2,28.9,10.1,0.002599999999999991,0.01539999999999997,-4.400000000000006,-3.799999999999997,-2.9000000000000004,1.0
2022_23,0022201193,2023-04-05,MIL,CHI,105,92,197,13,0.5163,0.3681,0.7256,47.8,29.2,13.3,0.5051,0.361,0.8198000000000001,38.1,26.4,11.7,0.011199999999999988,0.007099999999999995,9.699999999999996,2.8000000000000007,-1.6000000000000014,1.0
2022_23,0022201194,2023-04-05,NOP,MEM,138,131,269,7,0.49560000000000004,0.43229999999999996,0.8633,43.7,26.7,13.1,0.5065000000000001,0.38689999999999997,0.7788999999999999,44.0,28.3,12.6,-0.01090000000000002,0.045399999999999996,-0.29999999999999716,-1.6000000000000014,-0.5,1.0
2022_23,0022201191,2023-04-05,ATL,WAS,134,116,250,18,0.4868,0.3533,0.8300000000000001,48.6,26.4,12.8,0.49000000000000005,0.37239999999999995,0.7588,41.6,26.6,12.8,-0.003200000000000036,-0.01909999999999995,7.0,-0.20000000000000284,0.0,1.0
2022_23,0022201190,2023-04-05,IND,NYK,129,138,267,-9,0.49260000000000004,0.3688,0.7763,41.8,28.2,15.6,0.5118,0.394,0.7418,43.4,25.7,13.2,-0.019199999999999995,-0.0252,-1.6000000000000014,2.5,-2.4000000000000004,1.0
2022_23,0022201189,2023-04-05,DET,BKN,108,123,231,-15,0.4511,0.33730000000000004,0.7676999999999999,39.6,22.7,14.3,0.4673,0.36,0.8084,41.6,25.4,11.9,-0.016199999999999992,-0.022699999999999942,-2.0,-2.6999999999999993,-2.4000000000000004,1.0
2022_23,0022201192,2023-04-05,BOS,TOR,97,93,190,4,0.483,0.37629999999999997,0.7753,45.9,28.1,11.4,0.48040000000000005,0.3366,0.8046,45.1,26.8,10.3,0.0025999999999999357,0.03969999999999996,0.7999999999999972,1.3000000000000007,-1.0999999999999996,1.0
2022_23,0022201197,2023-04-06,ORL,CLE,94,118,212,-24,0.4918,0.3609,0.7913,45.1,25.9,14.4,0.49879999999999997,0.3855,0.7871,36.5,24.6,10.7,-0.006999999999999951,-0.02460000000000001,8.600000000000001,1.2999999999999972,-3.700000000000001,1.0
2022_23,0022201198,2023-04-06,PHI,MIA,101,129,230,-28,0.49030000000000007,0.3672,0.8564999999999999,39.5,24.5,13.3,0.48979999999999996,0.3782,0.8428000000000001,36.7,25.0,12.0,0.0005000000000001115,-0.010999999999999954,2.799999999999997,-0.5,-1.3000000000000007,1.0
2022_23,0022201199,2023-04-06,SAS,POR,129,127,256,2,0.4405,0.3385,0.7089000000000001,43.2,27.6,14.2,0.44000000000000006,0.31,0.774,38.6,22.7,14.1,0.0004999999999999449,0.028500000000000025,4.600000000000001,4.900000000000002,-0.09999999999999964,1.0
2022_23,0022201200,2023-04-06,UTA,OKC,98,114,212,-16,0.476,0.3421,0.7727999999999999,48.4,27.3,13.6,0.4559,0.3261,0.8399000000000001,41.9,21.6,11.3,0.02009999999999995,0.016000000000000014,6.5,5.699999999999999,-2.299999999999999,1.0
2022_23,0022201201,2023-04-06,PHX,DEN,119,115,234,4,0.47809999999999997,0.3615,0.806,44.5,28.6,12.3,0.4816,0.3402,0.745,43.6,27.0,12.8,-0.003500000000000003,0.021299999999999986,0.8999999999999986,1.6000000000000014,0.5,1.0
2022_23,0022201208,2023-04-07,MIL,MEM,114,137,251,-23,0.5059,0.3728,0.7382,48.7,29.2,13.4,0.49989999999999996,0.37279999999999996,0.7902,45.0,28.1,13.3,0.006000000000000061,5.551115123125783e-17,3.700000000000003,1.0999999999999979,-0.09999999999999964,1.0
2022_23,0022201212,2023-04-07,LAL,PHX,121,107,228,14,0.5088,0.36669999999999997,0.7390000000000001,45.8,25.9,13.5,0.4822,0.3716,0.786,44.3,28.6,11.9,0.026600000000000013,-0.0049000000000000155,1.5,-2.700000000000003,-1.5999999999999996,1.0
2022_23,0022201211,2023-04-07,SAC,GSW,97,119,216,-22,0.4845,0.3482,0.7765000000000001,44.5,28.6,10.2,0.47809999999999997,0.35619999999999996,0.7888,47.1,29.1,15.3,0.006400000000000017,-0.007999999999999952,-2.6000000000000014,-0.5,5.100000000000001,1.0
2022_23,0022201209,2023-04-07,NOP,NYK,113,105,218,8,0.49800000000000005,0.44320000000000004,0.8497,44.6,28.0,13.8,0.5161,0.4034,0.7248,44.0,27.3,13.9,-0.01809999999999995,0.03980000000000006,0.6000000000000014,0.6999999999999993,0.09999999999999964,1.0
2022_23,0022201207,2023-04-07,BKN,ORL,101,84,185,17,0.47830000000000006,0.36360000000000003,0.8084,41.3,27.0,12.5,0.4816,0.36560000000000004,0.7876000000000001,44.3,25.5,14.7,-0.003299999999999914,-0.0020000000000000018,-3.0,1.5,2.1999999999999993,1.0
2022_23,0022201210,2023-04-07,DAL,CHI,112,115,227,-3,0.49770000000000003,0.3847,0.8214,37.5,25.2,12.1,0.49219999999999997,0.3443,0.8016,38.7,25.8,11.8,0.00550000000000006,0.04039999999999999,-1.2000000000000028,-0.6000000000000014,-0.29999999999999893,1.0
2022_23,0022201205,2023-04-07,ATL,PHI,131,136,267,-5,0.491,0.35760000000000003,0.8494999999999999,48.9,26.7,13.4,0.48019999999999996,0.35209999999999997,0.8614,39.7,23.7,14.2,0.010800000000000032,0.00550000000000006,9.199999999999996,3.0,0.7999999999999989,1.0
2022_23,0022201204,2023-04-07,WAS,MIA,114,108,222,6,0.4918,0.359,0.7556999999999999,41.7,26.7,12.5,0.49870000000000003,0.3832,0.8433999999999999,37.2,26.9,11.8,-0.006900000000000017,-0.0242,4.5,-0.1999999999999993,-0.6999999999999993,1.0
2022_23,0022201203,2023-04-07,IND,DET,115,122,237,-7,0.48860000000000003,0.371,0.7963,41.3,27.9,16.3,0.4615,0.3543,0.7689,38.6,23.6,14.6,0.027100000000000013,0.016699999999999993,2.6999999999999957,4.299999999999997,-1.700000000000001,1.0
2022_23,0022201202,2023-04-07,CHA,HOU,109,112,221,-3,0.4713,0.3426,0.7379,41.8,27.1,16.2,0.46230000000000004,0.31520000000000004,0.7724,43.6,21.0,14.1,0.008999999999999952,0.02739999999999998,-1.8000000000000043,6.100000000000001,-2.0999999999999996,1.0
2022_23,0022201206,2023-04-07,BOS,TOR,121,102,223,19,0.4852,0.3752,0.7509,46.3,28.1,11.8,0.47300000000000003,0.311,0.8097,44.2,25.9,10.5,0.012199999999999989,0.06419999999999998,2.0999999999999943,2.200000000000003,-1.3000000000000007,1.0
2022_23,0022201213,2023-04-08,UTA,DEN,118,114,232,4,0.4821,0.31670000000000004,0.7643,47.3,26.8,14.8,0.48180000000000006,0.3417,0.7596,42.7,26.5,13.1,0.00029999999999991145,-0.024999999999999967,4.599999999999994,0.3000000000000007,-1.700000000000001,1.0
2022_23,0022201214,2023-04-08,SAS,MIN,131,151,282,-20,0.445,0.3286,0.7222999999999999,42.5,27.4,13.7,0.4798,0.38839999999999997,0.7384000000000001,44.1,27.8,14.7,-0.0348,-0.059799999999999964,-1.6000000000000014,-0.40000000000000213,1.0,1.0
2022_23,0022201215,2023-04-08,LAC,POR,136,125,261,11,0.5085,0.4069,0.746,40.5,27.6,15.2,0.445,0.3089,0.7863,38.5,24.1,13.8,0.06349999999999995,0.09799999999999998,2.0,3.5,-1.3999999999999986,1.0
2022_23,0022201230,2023-04-09,POR,GSW,101,157,258,-56,0.4527,0.33199999999999996,0.7685000000000001,37.9,24.9,13.3,0.4827,0.3731,0.8063,46.4,29.9,16.0,-0.030000000000000027,-0.041100000000000025,-8.5,-5.0,2.6999999999999993,1.0
2022_23,0022201229,2023-04-09,PHX,LAC,114,119,233,-5,0.47569999999999996,0.3549,0.8009000000000001,45.0,27.8,11.4,0.5145000000000001,0.41390000000000005,0.7577,41.3,28.3,14.9,-0.03880000000000011,-0.05900000000000005,3.700000000000003,-0.5,3.5,1.0
2022_23,0022201228,2023-04-09,LAL,UTA,128,117,245,11,0.5065000000000001,0.3917,0.7542,47.0,26.1,13.9,0.47380000000000005,0.30369999999999997,0.7599,48.4,26.5,15.2,0.03270000000000001,0.08800000000000002,-1.3999999999999986,-0.3999999999999986,1.299999999999999,1.0
2022_23,0022201227,2023-04-09,DEN,SAC,109,95,204,14,0.47620000000000007,0.3379,0.7504,43.5,26.7,13.2,0.48100000000000004,0.3399,0.7561,44.2,28.2,10.8,-0.004799999999999971,-0.0020000000000000018,-0.7000000000000028,-1.5,-2.3999999999999986,1.0
2022_23,0022201226,2023-04-09,OKC,MEM,115,100,215,15,0.44610000000000005,0.3201,0.8401,42.5,22.5,11.0,0.5107999999999999,0.39180000000000004,0.7866,44.4,29.9,13.4,-0.06469999999999987,-0.07170000000000004,-1.8999999999999986,-7.399999999999999,2.4000000000000004,1.0
2022_23,0022201225,2023-04-09,MIN,NOP,113,108,221,5,0.4892,0.4013,0.7421,43.6,28.7,13.8,0.5018,0.437,0.8614,45.0,27.9,14.0,-0.0126,-0.03570000000000001,-1.3999999999999986,0.8000000000000007,0.1999999999999993,1.0
2022_23,0022201224,2023-04-09,DAL,SAS,117,138,255,-21,0.4923,0.37029999999999996,0.8193999999999999,38.3,24.8,11.6,0.44329999999999997,0.3234,0.7348,42.9,28.2,13.8,0.049000000000000044,0.04689999999999994,-4.600000000000001,-3.3999999999999986,2.200000000000001,1.0
2022_23,0022201223,2023-04-09,CHI,DET,103,81,184,22,0.503,0.3586,0.7855000000000001,39.5,26.2,11.9,0.46449999999999997,0.3518,0.7941,39.1,23.6,14.2,0.038500000000000034,0.006799999999999973,0.3999999999999986,2.599999999999998,2.299999999999999,1.0
2022_23,0022201221,2023-04-09,TOR,MIL,121,105,226,16,0.4627,0.3067,0.8051999999999999,43.2,25.7,9.8,0.4992,0.3801,0.7438,48.0,28.7,14.1,-0.03649999999999998,-0.07340000000000002,-4.799999999999997,-3.0,4.299999999999999,1.0
2022_23,0022201220,2023-04-09,NYK,IND,136,141,277,-5,0.5074,0.3931,0.7292,42.5,26.9,13.6,0.48630000000000007,0.3678,0.7799,41.4,28.0,16.5,0.021099999999999897,0.02529999999999999,1.1000000000000014,-1.1000000000000014,2.9000000000000004,1.0
2022_23,0022201219,2023-04-09,MIA,ORL,123,110,233,13,0.4828,0.37029999999999996,0.8199,37.8,26.2,12.1,0.46719999999999995,0.3517,0.7998000000000001,45.5,24.9,15.0,0.015600000000000058,0.01859999999999995,-7.700000000000003,1.3000000000000007,2.9000000000000004,1.0
2022_23,0022201218,2023-04-09,CLE,CHA,95,106,201,-11,0.5,0.3862,0.7918000000000001,37.7,24.8,11.5,0.4579,0.3482,0.732,41.9,26.5,15.7,0.042100000000000026,0.03799999999999998,-4.199999999999996,-1.6999999999999993,4.199999999999999,1.0
2022_23,0022201217,2023-04-09,BKN,PHI,105,134,239,-29,0.4713,0.3507,0.8089000000000001,42.5,27.1,12.3,0.488,0.37429999999999997,0.8543,39.5,24.2,14.1,-0.016699999999999993,-0.023599999999999954,3.0,2.900000000000002,1.799999999999999,1.0
2022_23,0022201216,2023-04-09,BOS,ATL,120,114,234,6,0.4937,0.3736,0.7442,46.4,28.9,12.1,0.4989,0.3652,0.8324,47.6,27.8,14.3,-0.005199999999999982,0.008399999999999963,-1.2000000000000028,1.0999999999999979,2.200000000000001,1.0
2022_23,0022201222,2023-04-09,WAS,HOU,109,114,223,-5,0.4931,0.34409999999999996,0.7489,42.1,26.3,13.2,0.4687,0.32120000000000004,0.7527,44.8,21.6,14.7,0.024399999999999977,0.02289999999999992,-2.6999999999999957,4.699999999999999,1.5,1.0
2023_24,0022300061,2023-10-24,DEN,LAL,119,107,226,12,0.4737,0.3107,0.7301,44.6,26.1,13.5,0.5088,0.3911,0.7491000000000001,46.7,26.4,13.5,-0.03510000000000002,-0.08040000000000003,-2.1000000000000014,-0.29999999999999716,0.0,1.0
2023_24,0022300062,2023-10-24,GSW,PHX,104,108,212,-4,0.5002,0.3911,0.8114000000000001,48.0,31.9,16.3,0.47139999999999993,0.354,0.7986,45.8,28.4,10.4,0.028800000000000048,0.03710000000000002,2.200000000000003,3.5,-5.9,1.0
2023_24,0022300070,2023-10-25,CHI,OKC,104,124,228,-20,0.5041,0.35459999999999997,0.7855000000000001,40.1,26.5,10.4,0.4542,0.3264,0.8285,42.7,23.6,11.4,0.0499,0.028199999999999947,-2.6000000000000014,2.8999999999999986,1.0,1.0
2023_24,0022300074,2023-10-25,LAC,POR,123,111,234,12,0.5178,0.3927,0.7418,41.7,27.9,14.9,0.4443,0.32599999999999996,0.7552,36.6,24.6,13.8,0.07350000000000007,0.06670000000000004,5.100000000000001,3.299999999999997,-1.0999999999999996,1.0
2023_24,0022300073,2023-10-25,SAS,DAL,119,126,245,-7,0.45780000000000004,0.33120000000000005,0.7469,46.1,29.1,13.4,0.4885,0.3718,0.7744,39.2,25.4,10.8,-0.03069999999999995,-0.04059999999999997,6.899999999999999,3.700000000000003,-2.5999999999999996,1.0
2023_24,0022300072,2023-10-25,UTA,SAC,114,130,244,-16,0.4767,0.3009,0.771,48.2,27.2,14.6,0.47640000000000005,0.3269,0.7561,43.4,28.1,10.9,0.00029999999999996696,-0.026000000000000023,4.800000000000004,-0.9000000000000021,-3.6999999999999993,1.0
2023_24,0022300071,2023-10-25,MEM,NOP,104,111,215,-7,0.5025999999999999,0.3774,0.774,45.1,29.7,13.5,0.4906,0.4096,0.865,45.0,26.6,13.9,0.011999999999999955,-0.032200000000000006,0.10000000000000142,3.099999999999998,0.40000000000000036,1.0
2023_24,0022300069,2023-10-25,TOR,MIN,97,94,191,3,0.4688,0.2988,0.8177,43.6,26.1,10.0,0.4909,0.4157,0.7274,43.6,28.5,14.0,-0.02210000000000001,-0.1169,0.0,-2.3999999999999986,4.0,1.0
2023_24,0022300066,2023-10-25,ORL,HOU,116,86,202,30,0.4692,0.36160000000000003,0.7941,45.4,25.4,15.6,0.47569999999999996,0.32199999999999995,0.7407999999999999,45.8,22.6,14.4,-0.00649999999999995,0.03960000000000008,-0.3999999999999986,2.799999999999997,-1.1999999999999993,1.0
2023_24,0022300067,2023-10-25,BKN,CLE,113,114,227,-1,0.4689,0.3609,0.8127000000000001,41.8,26.8,12.5,0.49219999999999997,0.3791,0.8173999999999999,38.8,25.5,11.9,-0.023299999999999987,-0.018199999999999994,3.0,1.3000000000000007,-0.5999999999999996,1.0
2023_24,0022300068,2023-10-25,MIA,DET,103,102,205,1,0.49429999999999996,0.3842,0.8157,38.3,26.9,12.5,0.4547,0.3478,0.7886,41.1,23.0,15.4,0.03959999999999997,0.03639999999999999,-2.8000000000000043,3.8999999999999986,2.9000000000000004,1.0
2023_24,0022300065,2023-10-25,NYK,BOS,104,108,212,-4,0.5061,0.4025,0.7172,43.5,27.5,13.9,0.4932,0.37679999999999997,0.754,47.1,29.2,12.8,0.012899999999999967,0.025700000000000056,-3.6000000000000014,-1.6999999999999993,-1.0999999999999996,1.0
2023_24,0022300064,2023-10-25,IND,WAS,143,120,263,23,0.4929,0.3891,0.7823,41.0,28.6,15.8,0.4848,0.3439,0.7325,43.9,26.1,13.1,0.008099999999999996,0.04520000000000002,-2.8999999999999986,2.5,-2.700000000000001,1.0
2023_24,0022300063,2023-10-25,CHA,ATL,116,110,226,6,0.4699,0.3527,0.7455999999999999,43.3,26.8,16.2,0.49800000000000005,0.3566,0.8362999999999999,46.5,27.9,14.1,-0.02810000000000007,-0.003899999999999959,-3.200000000000003,-1.0999999999999979,-2.0999999999999996,1.0
2023_24,0022300075,2023-10-26,MIL,PHI,118,117,235,1,0.49350000000000005,0.3805,0.7706,46.4,29.1,14.0,0.4929,0.3749,0.8433999999999999,40.1,24.3,13.6,0.0006000000000000449,0.005599999999999994,6.299999999999997,4.800000000000001,-0.40000000000000036,1.0
2023_24,0022300076,2023-10-26,LAL,PHX,100,95,195,5,0.49870000000000003,0.37849999999999995,0.7458,47.5,26.0,13.2,0.4617,0.35629999999999995,0.7992,47.5,27.4,11.1,0.03700000000000003,0.022199999999999998,0.0,-1.3999999999999986,-2.0999999999999996,1.0
2023_24,0022300087,2023-10-27,SAC,GSW,114,122,236,-8,0.4697,0.3309,0.7536,44.6,28.1,11.7,0.48579999999999995,0.379,0.8058,48.1,30.7,15.4,-0.016099999999999948,-0.048099999999999976,-3.5,-2.599999999999998,3.700000000000001,1.0
2023_24,0022300086,2023-10-27,POR,ORL,97,102,199,-5,0.4486,0.3379,0.7428,37.5,24.3,14.2,0.46369999999999995,0.3437,0.7866,46.9,24.6,15.6,-0.015099999999999947,-0.005800000000000027,-9.399999999999999,-0.3000000000000007,1.4000000000000004,1.0
2023_24,0022300085,2023-10-27,UTA,LAC,120,118,238,2,0.4833,0.3055,0.7716999999999999,48.5,26.6,14.9,0.5223,0.4204,0.766,41.6,29.4,15.3,-0.03899999999999998,-0.1149,6.899999999999999,-2.799999999999997,0.40000000000000036,1.0
2023_24,0022300084,2023-10-27,DAL,BKN,125,120,245,5,0.4866,0.3612,0.7769,40.9,25.1,11.0,0.4708,0.3589,0.8007,42.6,27.4,12.7,0.01579999999999998,0.0023000000000000242,-1.7000000000000028,-2.299999999999997,1.6999999999999993,1.0
2023_24,0022300082,2023-10-27,CHI,TOR,104,103,207,1,0.4885,0.3225,0.7847,39.6,25.8,10.0,0.465,0.3182,0.8121,44.3,26.7,10.4,0.023499999999999965,0.004300000000000026,-4.699999999999996,-0.8999999999999986,0.40000000000000036,1.0
2023_24,0022300083,2023-10-27,SAS,HOU,126,122,248,4,0.4708,0.3395,0.7546,46.0,29.8,13.4,0.4646,0.3209,0.7293999999999999,44.1,21.8,14.7,0.006199999999999983,0.018600000000000005,1.8999999999999986,8.0,1.299999999999999,1.0
2023_24,0022300080,2023-10-27,BOS,MIA,119,111,230,8,0.488,0.36669999999999997,0.769,47.4,27.7,13.5,0.4864,0.3873,0.8045,38.9,25.8,12.2,0.0015999999999999903,-0.020600000000000007,8.5,1.8999999999999986,-1.3000000000000007,1.0
2023_24,0022300079,2023-10-27,ATL,NYK,120,126,246,-6,0.487,0.3276,0.8301000000000001,46.6,27.5,13.6,0.4867,0.3964,0.6853,44.8,27.3,13.3,0.00029999999999996696,-0.06879999999999997,1.8000000000000043,0.1999999999999993,-0.29999999999999893,1.0
2023_24,0022300078,2023-10-27,MEM,DEN,104,108,212,-4,0.4831,0.3458,0.7683,45.3,28.4,13.7,0.4758,0.305,0.7146,44.7,26.2,13.7,0.007299999999999973,0.0408,0.5999999999999943,2.1999999999999993,0.0,1.0
2023_24,0022300077,2023-10-27,CHA,DET,99,111,210,-12,0.47430000000000005,0.35009999999999997,0.7468,44.7,27.6,17.0,0.4586,0.3497,0.7653000000000001,43.2,23.8,16.1,0.015700000000000047,0.00039999999999995595,1.5,3.8000000000000007,-0.8999999999999986,1.0
2023_24,0022300081,2023-10-27,CLE,OKC,105,108,213,-3,0.4838,0.3975,0.8301000000000001,38.5,24.9,11.8,0.465,0.3418,0.8209,43.0,24.2,11.6,0.018799999999999983,0.05570000000000003,-4.5,0.6999999999999993,-0.20000000000000107,1.0
2023_24,0022300088,2023-10-28,DET,CHI,118,102,220,16,0.4575,0.359,0.7726,44.6,24.3,16.3,0.47190000000000004,0.29779999999999995,0.7864,40.6,24.4,10.8,-0.014400000000000024,0.06120000000000003,4.0,-0.09999999999999787,-5.5,1.0
2023_24,0022300089,2023-10-28,WAS,MEM,113,106,219,7,0.48,0.366,0.7368,44.7,26.9,13.8,0.4727,0.3367,0.7779,46.2,27.8,14.7,0.007299999999999973,0.029299999999999993,-1.5,-0.9000000000000021,0.8999999999999986,1.0
2023_24,0022300090,2023-10-28,NOP,NYK,96,87,183,9,0.4918,0.421,0.849,45.0,26.2,14.9,0.4833,0.40190000000000003,0.6767000000000001,45.1,27.4,13.2,0.008500000000000008,0.01909999999999995,-0.10000000000000142,-1.1999999999999993,-1.700000000000001,1.0
2023_24,0022300091,2023-10-28,CLE,IND,113,125,238,-12,0.47450000000000003,0.3759,0.8230000000000001,39.9,24.6,11.8,0.4894,0.3832,0.79,42.2,29.7,15.2,-0.014899999999999969,-0.007299999999999973,-2.3000000000000043,-5.099999999999998,3.3999999999999986,1.0
2023_24,0022300092,2023-10-28,TOR,PHI,107,114,221,-7,0.4668,0.3081,0.7968,45.0,26.7,11.6,0.4955,0.393,0.8289,40.2,24.5,14.1,-0.028700000000000003,-0.08490000000000003,4.799999999999997,2.1999999999999993,2.5,1.0
2023_24,0022300093,2023-10-28,MIN,MIA,106,90,196,16,0.46349999999999997,0.3832,0.7342,46.4,27.1,13.9,0.4721,0.3787,0.8063,40.5,25.4,12.4,-0.008600000000000052,0.004500000000000004,5.899999999999999,1.7000000000000028,-1.5,1.0
2023_24,0022300094,2023-10-28,PHX,UTA,126,104,230,22,0.4532,0.3384,0.7933,47.9,25.5,12.7,0.4755,0.3124,0.8000999999999999,48.5,26.3,14.6,-0.022299999999999986,0.025999999999999968,-0.6000000000000014,-0.8000000000000007,1.9000000000000004,1.0
2023_24,0022300099,2023-10-29,LAC,SAS,123,83,206,40,0.5195000000000001,0.41180000000000005,0.7696,41.0,27.7,15.4,0.4692,0.3363,0.7696,46.2,29.5,14.7,0.05030000000000007,0.07550000000000007,-5.200000000000003,-1.8000000000000007,-0.7000000000000011,1.0
2023_24,0022300100,2023-10-29,SAC,LAL,132,127,259,5,0.46699999999999997,0.3237,0.7416,44.5,27.5,12.2,0.49539999999999995,0.3604,0.7537,46.4,26.4,13.7,-0.02839999999999998,-0.03670000000000001,-1.8999999999999986,1.1000000000000014,1.5,1.0
2023_24,0022300098,2023-10-29,PHI,POR,126,98,224,28,0.5019,0.3868,0.8257,40.8,24.9,13.9,0.4408,0.3222,0.7544000000000001,38.5,24.0,14.0,0.06109999999999999,0.06459999999999999,2.299999999999997,0.8999999999999986,0.09999999999999964,1.0
2023_24,0022300095,2023-10-29,OKC,DEN,95,128,223,-33,0.46749999999999997,0.3529,0.8103,43.2,24.3,12.4,0.46959999999999996,0.30110000000000003,0.7099,43.9,26.1,14.4,-0.0020999999999999908,0.05179999999999996,-0.6999999999999957,-1.8000000000000007,2.0,1.0
2023_24,0022300096,2023-10-29,HOU,GSW,95,106,201,-11,0.4626,0.3155,0.7175,44.6,22.3,14.9,0.4854,0.392,0.8082,47.6,30.6,16.0,-0.022799999999999987,-0.07650000000000001,-3.0,-8.3,1.0999999999999996,1.0
2023_24,0022300097,2023-10-29,MIL,ATL,110,127,237,-17,0.4885,0.37320000000000003,0.7649999999999999,45.7,26.9,14.1,0.4801,0.3151,0.8221,46.8,27.0,13.7,0.008399999999999963,0.05810000000000004,-1.0999999999999943,-0.10000000000000142,-0.40000000000000036,1.0
2023_24,0022300111,2023-10-30,LAL,ORL,106,103,209,3,0.48860000000000003,0.35760000000000003,0.7623,47.9,26.7,13.1,0.4633,0.3352,0.7665,47.1,24.3,15.4,0.025300000000000045,0.02240000000000003,0.7999999999999972,2.3999999999999986,2.3000000000000007,1.0
2023_24,0022300110,2023-10-30,DEN,UTA,110,102,212,8,0.47919999999999996,0.3074,0.7081,44.5,26.1,14.5,0.4753,0.3198,0.8191,48.3,26.4,15.2,0.003899999999999959,-0.012399999999999967,-3.799999999999997,-0.29999999999999716,0.6999999999999993,1.0
2023_24,0022300108,2023-10-30,NOP,GSW,102,130,232,-28,0.48469999999999996,0.38649999999999995,0.8039,44.8,24.6,14.6,0.4809,0.396,0.8115,47.6,30.6,16.3,0.00379999999999997,-0.009500000000000064,-2.8000000000000043,-6.0,1.700000000000001,1.0
2023_24,0022300107,2023-10-30,MIL,MIA,122,114,236,8,0.48949999999999994,0.3846,0.7545,45.6,26.5,15.4,0.46480000000000005,0.37029999999999996,0.7777000000000001,41.5,25.6,12.5,0.02469999999999989,0.014300000000000035,4.100000000000001,0.8999999999999986,-2.9000000000000004,1.0
2023_24,0022300106,2023-10-30,MEM,DAL,110,125,235,-15,0.46790000000000004,0.3418,0.8039999999999999,45.8,27.9,14.8,0.4862,0.3779,0.7805,40.4,24.6,10.8,-0.018299999999999983,-0.03610000000000002,5.399999999999999,3.299999999999997,-4.0,1.0
2023_24,0022300109,2023-10-30,OKC,DET,124,112,236,12,0.465,0.33740000000000003,0.8079000000000001,41.9,24.2,12.3,0.4652,0.3727,0.7748,45.2,25.0,17.0,-0.00019999999999997797,-0.03529999999999994,-3.3000000000000043,-0.8000000000000007,4.699999999999999,1.0
2023_24,0022300104,2023-10-30,ATL,MIN,127,113,240,14,0.4847,0.333,0.8192999999999999,46.6,27.5,14.4,0.46580000000000005,0.3762,0.7264,46.9,27.4,14.4,0.018899999999999972,-0.04319999999999996,-0.29999999999999716,0.10000000000000142,0.0,1.0
2023_24,0022300103,2023-10-30,WAS,BOS,107,126,233,-19,0.46299999999999997,0.3508,0.741,44.9,26.4,14.0,0.48810000000000003,0.3648,0.7637,48.0,26.9,13.5,-0.025100000000000067,-0.014000000000000012,-3.1000000000000014,-0.5,-0.5,1.0
2023_24,0022300102,2023-10-30,IND,CHI,105,112,217,-7,0.492,0.40730000000000005,0.8133000000000001,42.6,30.9,14.3,0.4601,0.298,0.7963,40.5,23.4,10.1,0.031899999999999984,0.10930000000000006,2.1000000000000014,7.5,-4.200000000000001,1.0
2023_24,0022300101,2023-10-30,CHA,BKN,121,133,254,-12,0.466,0.3508,0.7545,45.0,27.2,17.1,0.47030000000000005,0.3627,0.7987,42.8,27.4,13.5,-0.004300000000000026,-0.011900000000000022,2.200000000000003,-0.1999999999999993,-3.6000000000000014,1.0
2023_24,0022300105,2023-10-30,TOR,POR,91,99,190,-8,0.4646,0.3257,0.7892,43.8,27.3,11.6,0.44020000000000004,0.3236,0.7541,39.8,24.4,14.4,0.024399999999999977,0.0020999999999999908,4.0,2.900000000000002,2.8000000000000007,1.0
2023_24,0022300112,2023-10-31,CLE,NYK,91,109,200,-18,0.4707,0.3771,0.8086,41.0,25.1,11.5,0.47800000000000004,0.3908,0.6776,46.6,26.7,13.8,-0.007300000000000029,-0.01369999999999999,-5.600000000000001,-1.5999999999999979,2.3000000000000007,1.0
2023_24,0022300113,2023-10-31,PHX,SAS,114,115,229,-1,0.46349999999999997,0.3348,0.7953,46.9,25.5,13.1,0.46959999999999996,0.34740000000000004,0.7724,46.1,29.4,16.2,-0.006099999999999994,-0.012600000000000056,0.7999999999999972,-3.8999999999999986,3.0999999999999996,1.0
2023_24,0022300114,2023-10-31,LAC,ORL,118,102,220,16,0.5191,0.4044,0.7505,42.7,27.1,15.0,0.45039999999999997,0.34340000000000004,0.7601,46.8,24.1,15.4,0.06870000000000004,0.06099999999999994,-4.099999999999994,3.0,0.40000000000000036,1.0
2023_24,0022300123,2023-11-01,MIN,DEN,110,89,199,21,0.47220000000000006,0.3822,0.7304,45.8,27.3,14.1,0.4952,0.3252,0.6868000000000001,44.8,27.2,14.8,-0.02299999999999991,0.056999999999999995,1.0,0.10000000000000142,0.7000000000000011,1.0
2023_24,0022300126,2023-11-01,GSW,SAC,102,101,203,1,0.49139999999999995,0.3951,0.8,50.3,30.9,16.2,0.46769999999999995,0.3406,0.7323999999999999,45.0,28.9,12.2,0.0237,0.05449999999999999,5.299999999999997,2.0,-4.0,1.0
2023_24,0022300127,2023-11-01,LAL,LAC,130,125,255,5,0.48950000000000005,0.35219999999999996,0.7601,47.4,27.3,13.1,0.5092000000000001,0.3996,0.7701,43.4,25.9,14.8,-0.01970000000000005,-0.04740000000000005,4.0,1.4000000000000021,1.700000000000001,1.0
2023_24,0022300125,2023-11-01,UTA,MEM,133,109,242,24,0.4638,0.3108,0.7758,48.9,26.6,14.9,0.462,0.3452,0.7819,45.7,27.5,14.7,0.0017999999999999683,-0.034399999999999986,3.1999999999999957,-0.8999999999999986,-0.20000000000000107,1.0
2023_24,0022300124,2023-11-01,DAL,CHI,114,105,219,9,0.4981,0.388,0.76,41.5,25.2,11.5,0.45499999999999996,0.306,0.7956,41.7,22.2,10.0,0.04310000000000003,0.08200000000000002,-0.20000000000000284,3.0,-1.5,1.0
2023_24,0022300122,2023-11-01,HOU,CHA,128,119,247,9,0.4566,0.31880000000000003,0.7289,45.2,22.5,13.7,0.4667,0.33730000000000004,0.7754,44.6,27.3,17.3,-0.010099999999999998,-0.018500000000000016,0.6000000000000014,-4.800000000000001,3.6000000000000014,1.0
2023_24,0022300116,2023-11-01,TOR,MIL,130,111,241,19,0.4566,0.3173,0.7736,43.8,26.0,11.9,0.49269999999999997,0.3859,0.7432,44.9,26.1,16.0,-0.036099999999999965,-0.0686,-1.1000000000000014,-0.10000000000000142,4.1,1.0
2023_24,0022300120,2023-11-01,NYK,CLE,89,95,184,-6,0.4641,0.3854,0.6862,47.5,25.0,14.1,0.4628,0.3734,0.7961,41.5,25.0,11.9,0.0013000000000000234,0.01200000000000001,6.0,0.0,-2.1999999999999993,1.0
2023_24,0022300115,2023-11-01,DET,POR,101,110,211,-9,0.45809999999999995,0.3778,0.7826000000000001,45.1,25.4,16.9,0.4526,0.3319,0.7424000000000001,40.4,24.6,14.6,0.005499999999999949,0.04590000000000005,4.700000000000003,0.7999999999999972,-2.299999999999999,1.0
2023_24,0022300117,2023-11-01,ATL,WAS,130,121,251,9,0.4944,0.33530000000000004,0.8349,45.1,27.8,14.0,0.4636,0.337,0.7502,44.4,26.5,13.7,0.030799999999999994,-0.0016999999999999793,0.7000000000000028,1.3000000000000007,-0.3000000000000007,1.0
2023_24,0022300121,2023-11-01,OKC,NOP,106,110,216,-4,0.4659,0.34550000000000003,0.8107,42.4,23.8,12.7,0.4686,0.36920000000000003,0.783,43.4,23.8,14.0,-0.0027000000000000357,-0.0237,-1.0,0.0,1.3000000000000007,1.0
2023_24,0022300119,2023-11-01,MIA,BKN,105,109,214,-4,0.47250000000000003,0.3782,0.778,41.2,26.5,12.4,0.4859,0.3762,0.7849,43.0,28.2,13.4,-0.013399999999999967,0.0020000000000000018,-1.7999999999999972,-1.6999999999999993,1.0,1.0
2023_24,0022300118,2023-11-01,BOS,IND,155,104,259,51,0.481,0.3597,0.7637,47.0,27.1,13.8,0.4787,0.3956,0.7973,44.1,30.2,14.3,0.0022999999999999687,-0.03589999999999999,2.8999999999999986,-3.099999999999998,0.5,1.0
2023_24,0022300128,2023-11-02,PHI,TOR,114,99,213,15,0.5024,0.39940000000000003,0.8359,41.9,25.9,14.4,0.4626,0.326,0.7882,45.4,26.9,12.4,0.03979999999999995,0.07340000000000002,-3.5,-1.0,-2.0,1.0
2023_24,0022300129,2023-11-02,NOP,DET,125,116,241,9,0.46109999999999995,0.3558,0.7487,45.1,23.1,13.2,0.4542,0.3843,0.8068,44.9,25.4,17.5,0.006899999999999962,-0.02849999999999997,0.20000000000000284,-2.299999999999997,4.300000000000001,1.0
2023_24,0022300130,2023-11-02,UTA,ORL,113,115,228,-2,0.4699,0.331,0.7537,48.7,27.8,15.2,0.4563,0.3381,0.7377,46.1,24.0,15.4,0.013600000000000001,-0.007099999999999995,2.6000000000000014,3.8000000000000007,0.20000000000000107,1.0
2023_24,0022300131,2023-11-02,PHX,SAS,121,132,253,-11,0.47240000000000004,0.351,0.7975,46.4,26.1,14.2,0.4689,0.3566,0.7664,45.9,28.8,15.9,0.0035000000000000586,-0.005599999999999994,0.5,-2.6999999999999993,1.700000000000001,1.0
2023_24,0022300001,2023-11-03,IND,CLE,121,116,237,5,0.48230000000000006,0.3805,0.7773,42.9,30.8,13.8,0.45549999999999996,0.3749,0.8229,42.1,25.2,12.9,0.0268000000000001,0.005599999999999994,0.7999999999999972,5.600000000000001,-0.9000000000000004,1.0
2023_24,0022300002,2023-11-03,MIL,NYK,110,105,215,5,0.47640000000000005,0.3841,0.7402,42.6,25.2,15.3,0.44889999999999997,0.36019999999999996,0.7007,47.8,24.6,13.9,0.02750000000000008,0.023900000000000032,-5.199999999999996,0.5999999999999979,-1.4000000000000004,1.0
2023_24,0022300003,2023-11-03,MIA,WAS,121,114,235,7,0.4711,0.3791,0.7915,42.3,26.7,13.1,0.4596,0.3269,0.7453000000000001,43.6,26.4,13.7,0.01150000000000001,0.05219999999999997,-1.3000000000000043,0.3000000000000007,0.5999999999999996,1.0
2023_24,0022300004,2023-11-03,CHI,BKN,107,109,216,-2,0.4511,0.2974,0.8047000000000001,41.8,21.6,10.6,0.47729999999999995,0.372,0.7913,43.6,27.6,14.0,-0.026199999999999946,-0.0746,-1.8000000000000043,-6.0,3.4000000000000004,1.0
2023_24,0022300005,2023-11-03,OKC,GSW,139,141,280,-2,0.4643,0.3316,0.8267,43.5,24.2,13.2,0.48710000000000003,0.3856,0.8140000000000001,49.8,30.9,16.1,-0.022800000000000042,-0.05399999999999999,-6.299999999999997,-6.699999999999999,2.900000000000002,1.0
2023_24,0022300006,2023-11-03,DEN,DAL,125,114,239,11,0.4948,0.3203,0.7018,44.0,27.6,15.3,0.48719999999999997,0.3811,0.7432000000000001,42.7,24.6,11.7,0.007600000000000051,-0.06080000000000002,1.2999999999999972,3.0,-3.6000000000000014,1.0
2023_24,0022300007,2023-11-03,POR,MEM,115,113,228,2,0.4524,0.3169,0.759,41.5,24.0,14.3,0.4537,0.3438,0.7835,44.8,27.5,14.8,-0.0012999999999999678,-0.02689999999999998,-3.299999999999997,-3.5,0.5,1.0
2023_24,0022300139,2023-11-04,DEN,CHI,123,101,224,22,0.5035000000000001,0.3363,0.6921999999999999,44.4,28.5,16.0,0.4462,0.3077,0.7897000000000001,42.4,20.8,11.3,0.05730000000000007,0.028600000000000014,2.0,7.699999999999999,-4.699999999999999,1.0
2023_24,0022300137,2023-11-04,HOU,SAC,107,89,196,18,0.4607,0.3487,0.7287,45.0,23.6,14.0,0.4629,0.33449999999999996,0.7357,43.9,28.3,12.7,-0.0021999999999999797,0.014200000000000046,1.1000000000000014,-4.699999999999999,-1.3000000000000007,1.0
2023_24,0022300136,2023-11-04,BKN,BOS,114,124,238,-10,0.46740000000000004,0.3665,0.7666999999999999,43.4,27.5,13.8,0.4894,0.39180000000000004,0.7692,48.9,26.9,13.9,-0.021999999999999964,-0.025300000000000045,-5.5,0.6000000000000014,0.09999999999999964,1.0
2023_24,0022300138,2023-11-04,MIN,UTA,123,95,218,28,0.4668,0.38280000000000003,0.762,46.5,26.0,14.9,0.472,0.3424,0.7535000000000001,48.3,28.1,16.1,-0.005199999999999982,0.04040000000000005,-1.7999999999999972,-2.1000000000000014,1.200000000000001,1.0
2023_24,0022300134,2023-11-04,ORL,LAL,120,101,221,19,0.45220000000000005,0.33930000000000005,0.7358,45.6,24.1,16.0,0.4906,0.3457,0.7551,47.2,27.3,12.9,-0.038399999999999934,-0.006399999999999961,-1.6000000000000014,-3.1999999999999993,-3.0999999999999996,1.0
2023_24,0022300133,2023-11-04,IND,CHA,124,125,249,-1,0.4821,0.3822,0.7713,44.0,30.0,14.9,0.47240000000000004,0.3366,0.7641,43.2,26.7,17.5,0.009699999999999931,0.045599999999999974,0.7999999999999972,3.3000000000000007,2.5999999999999996,1.0
2023_24,0022300135,2023-11-04,NOP,ATL,105,123,228,-18,0.4624,0.35150000000000003,0.7612,44.1,23.6,13.2,0.5015000000000001,0.3418,0.8342,46.2,28.1,15.0,-0.03910000000000008,0.009700000000000042,-2.1000000000000014,-4.5,1.8000000000000007,1.0
2023_24,0022300132,2023-11-04,PHI,PHX,112,100,212,12,0.5018,0.3882,0.8366,42.2,25.4,14.7,0.48419999999999996,0.364,0.7944,44.7,25.9,14.0,0.01760000000000006,0.0242,-2.5,-0.5,-0.6999999999999993,1.0
2023_24,0022300144,2023-11-05,POR,MEM,100,112,212,-12,0.4468,0.315,0.7767999999999999,42.3,23.0,14.7,0.4563,0.3282,0.7694,44.9,27.5,14.7,-0.009500000000000008,-0.01319999999999999,-2.6000000000000014,-4.5,0.0,1.0
2023_24,0022300143,2023-11-05,DAL,CHA,124,118,242,6,0.4891,0.3825,0.7535999999999999,42.1,24.9,11.8,0.47050000000000003,0.3366,0.8008,42.1,25.6,17.0,0.01859999999999995,0.045899999999999996,0.0,-0.7000000000000028,5.199999999999999,1.0
2023_24,0022300140,2023-11-05,DET,PHX,106,120,226,-14,0.4568,0.3912,0.807,45.9,26.2,17.5,0.46340000000000003,0.35150000000000003,0.7941,45.1,25.0,13.8,-0.00660000000000005,0.03969999999999996,0.7999999999999972,1.1999999999999993,-3.6999999999999993,1.0
2023_24,0022300141,2023-11-05,SAS,TOR,116,123,239,-7,0.4747,0.3657,0.7891,45.4,29.8,15.2,0.4569,0.3331,0.7565999999999999,45.0,26.1,13.5,0.017800000000000038,0.03260000000000002,0.3999999999999986,3.6999999999999993,-1.6999999999999993,1.0
2023_24,0022300142,2023-11-05,CLE,GSW,115,104,219,11,0.4567,0.35760000000000003,0.8183,42.3,24.6,13.2,0.4899,0.38770000000000004,0.8259000000000001,49.1,30.8,16.1,-0.03320000000000001,-0.030100000000000016,-6.800000000000004,-6.199999999999999,2.900000000000002,1.0
2023_24,0022300156,2023-11-06,DEN,NOP,134,116,250,18,0.5083,0.35009999999999997,0.7133,44.6,29.0,15.2,0.4612,0.3361,0.7535999999999999,43.6,23.9,13.6,0.047099999999999975,0.013999999999999957,1.0,5.100000000000001,-1.5999999999999996,1.0
2023_24,0022300155,2023-11-06,OKC,ATL,126,117,243,9,0.4768,0.37,0.8214,42.2,24.7,14.0,0.5027,0.3416,0.8316000000000001,46.1,28.1,15.2,-0.025900000000000034,0.02839999999999998,-3.8999999999999986,-3.400000000000002,1.1999999999999993,1.0
2023_24,0022300154,2023-11-06,MIN,BOS,114,109,223,5,0.47800000000000004,0.386,0.7727,45.4,26.1,13.9,0.4812,0.3739,0.7744,49.2,26.3,14.1,-0.0031999999999999806,0.0121,-3.8000000000000043,-0.1999999999999993,0.1999999999999993,1.0
2023_24,0022300153,2023-11-06,HOU,SAC,122,97,219,25,0.4598,0.3548,0.7368,45.1,24.3,14.1,0.4396,0.3126,0.7361,44.1,26.5,12.5,0.020199999999999996,0.042200000000000015,1.0,-2.1999999999999993,-1.5999999999999996,1.0
2023_24,0022300151,2023-11-06,NYK,LAC,111,97,208,14,0.43579999999999997,0.3386,0.7142000000000001,48.6,24.0,14.0,0.4952,0.38130000000000003,0.7588999999999999,44.8,25.3,14.5,-0.05940000000000001,-0.042700000000000016,3.8000000000000043,-1.3000000000000007,0.5,1.0
2023_24,0022300152,2023-11-06,CHI,UTA,130,113,243,17,0.44539999999999996,0.312,0.7793,42.9,22.0,11.6,0.45830000000000004,0.32480000000000003,0.7525999999999999,48.1,27.2,16.5,-0.012900000000000078,-0.012800000000000034,-5.200000000000003,-5.199999999999999,4.9,1.0
2023_24,0022300148,2023-11-06,PHI,WAS,146,128,274,18,0.4934,0.3862,0.8279,43.6,25.0,14.7,0.4774,0.3393,0.7149,41.5,27.3,14.4,0.016000000000000014,0.0469,2.1000000000000014,-2.3000000000000007,-0.29999999999999893,1.0
2023_24,0022300147,2023-11-06,ORL,DAL,102,117,219,-15,0.4404,0.3242,0.7575000000000001,46.6,24.0,16.0,0.47539999999999993,0.3746,0.7411,43.7,24.8,11.5,-0.03499999999999992,-0.0504,2.8999999999999986,-0.8000000000000007,-4.5,1.0
2023_24,0022300146,2023-11-06,IND,SAS,152,111,263,41,0.48460000000000003,0.4018,0.7784,42.0,30.1,14.8,0.4716,0.3588,0.7798,44.8,29.7,15.1,0.013000000000000012,0.04299999999999998,-2.799999999999997,0.40000000000000213,0.29999999999999893,1.0
2023_24,0022300145,2023-11-06,DET,GSW,109,120,229,-11,0.4569,0.3867,0.8112,45.7,26.6,17.7,0.4861,0.4053,0.7926,47.8,30.8,15.9,-0.029200000000000004,-0.018600000000000005,-2.0999999999999943,-4.199999999999999,-1.799999999999999,1.0
2023_24,0022300150,2023-11-06,MIA,LAL,108,107,215,1,0.4788,0.3921,0.7875,42.4,27.5,14.1,0.4787,0.3424,0.7706000000000001,46.1,25.4,14.0,9.999999999998899e-05,0.04970000000000002,-3.700000000000003,2.1000000000000014,-0.09999999999999964,1.0
2023_24,0022300149,2023-11-06,BKN,MIL,125,129,254,-4,0.4662,0.3711,0.7548999999999999,43.6,27.2,13.5,0.48150000000000004,0.40280000000000005,0.7424,42.2,25.4,15.4,-0.015300000000000036,-0.03170000000000006,1.3999999999999986,1.8000000000000007,1.9000000000000004,1.0
2023_24,0022300165,2023-11-08,MIL,DET,120,118,238,2,0.47190000000000004,0.40040000000000003,0.7585,42.8,25.2,15.2,0.4556,0.3836,0.8135,46.2,26.2,17.9,0.016300000000000037,0.016800000000000037,-3.4000000000000057,-1.0,2.6999999999999993,1.0
2023_24,0022300170,2023-11-08,SAC,POR,121,118,239,3,0.4364,0.3226,0.713,43.2,26.3,12.5,0.4424,0.3128,0.7921,42.1,23.0,15.1,-0.006000000000000005,0.009799999999999975,1.1000000000000014,3.3000000000000007,2.5999999999999996,1.0
2023_24,0022300169,2023-11-08,DEN,GSW,108,105,213,3,0.509,0.3538,0.7046,45.3,30.3,14.9,0.484,0.392,0.7955,46.8,30.9,15.6,0.025000000000000022,-0.03820000000000001,-1.5,-0.5999999999999979,0.6999999999999993,1.0
2023_24,0022300168,2023-11-08,DAL,TOR,116,127,243,-11,0.47379999999999994,0.38580000000000003,0.7437,42.1,24.5,11.6,0.4546,0.32720000000000005,0.7431,45.6,26.3,14.3,0.01919999999999994,0.058599999999999985,-3.5,-1.8000000000000007,2.700000000000001,1.0
2023_24,0022300167,2023-11-08,OKC,CLE,128,120,248,8,0.4838,0.37560000000000004,0.8317,43.0,25.3,14.5,0.4572,0.3498,0.8276999999999999,43.4,24.9,13.7,0.026600000000000013,0.025800000000000045,-0.3999999999999986,0.40000000000000213,-0.8000000000000007,1.0
2023_24,0022300166,2023-11-08,MIN,NOP,122,101,223,21,0.4866,0.38780000000000003,0.7405,46.0,26.2,14.7,0.46719999999999995,0.3444,0.7588,43.7,24.3,13.5,0.01940000000000003,0.04340000000000005,2.299999999999997,1.8999999999999986,-1.1999999999999993,1.0
2023_24,0022300164,2023-11-08,MEM,MIA,102,108,210,-6,0.4586,0.33130000000000004,0.7613,44.9,27.2,15.2,0.47409999999999997,0.38839999999999997,0.7865,43.5,27.9,15.1,-0.015499999999999958,-0.05709999999999993,1.3999999999999986,-0.6999999999999993,-0.09999999999999964,1.0
2023_24,0022300162,2023-11-08,CHI,PHX,115,116,231,-1,0.45359999999999995,0.3316,0.7817000000000001,42.7,21.8,10.9,0.46509999999999996,0.3593,0.8107,43.7,25.4,14.2,-0.01150000000000001,-0.027700000000000002,-1.0,-3.599999999999998,3.299999999999999,1.0
2023_24,0022300161,2023-11-08,NYK,SAS,126,105,231,21,0.43010000000000004,0.3367,0.7363999999999999,49.5,23.7,14.8,0.4753,0.35710000000000003,0.7779,44.6,29.8,15.0,-0.04519999999999996,-0.02040000000000003,4.899999999999999,-6.100000000000001,0.1999999999999993,1.0
2023_24,0022300160,2023-11-08,BKN,LAC,100,93,193,7,0.47140000000000004,0.36960000000000004,0.7609,44.2,27.3,13.3,0.5067,0.3843,0.7631,42.9,24.8,14.9,-0.0353,-0.014699999999999935,1.3000000000000043,2.5,1.5999999999999996,1.0
2023_24,0022300159,2023-11-08,PHI,BOS,106,103,209,3,0.5034,0.3916,0.8244999999999999,44.5,26.8,15.2,0.4765,0.36879999999999996,0.7554000000000001,49.5,25.6,14.7,0.02689999999999998,0.022800000000000042,-5.0,1.1999999999999993,-0.5,1.0
2023_24,0022300158,2023-11-08,IND,UTA,134,118,252,16,0.4991,0.41690000000000005,0.7913,42.5,31.8,14.6,0.4566,0.3459,0.772,48.8,28.0,16.9,0.04249999999999998,0.07100000000000006,-6.299999999999997,3.8000000000000007,2.299999999999999,1.0
2023_24,0022300157,2023-11-08,CHA,WAS,116,132,248,-16,0.47450000000000003,0.3255,0.7878999999999999,42.8,25.9,15.7,0.479,0.3373,0.7116,41.5,27.8,14.4,-0.0044999999999999485,-0.011799999999999977,1.2999999999999972,-1.9000000000000021,-1.299999999999999,1.0
2023_24,0022300163,2023-11-08,HOU,LAL,128,94,222,34,0.4713,0.3677,0.739,44.4,25.3,14.0,0.483,0.3379,0.7721,45.5,25.5,14.5,-0.011699999999999988,0.02980000000000005,-1.1000000000000014,-0.1999999999999993,0.5,1.0
2023_24,0022300171,2023-11-09,IND,MIL,126,124,250,2,0.4989,0.3986,0.7963,43.4,31.1,14.1,0.46319999999999995,0.3753,0.7843,40.8,23.8,14.4,0.035700000000000065,0.023299999999999987,2.6000000000000014,7.300000000000001,0.3000000000000007,1.0
2023_24,0022300172,2023-11-09,ORL,ATL,119,120,239,-1,0.43689999999999996,0.3103,0.7588,45.7,24.2,16.8,0.4842000000000001,0.3392,0.8265,47.2,28.2,15.0,-0.04730000000000012,-0.02889999999999998,-1.5,-4.0,-1.8000000000000007,1.0
2023_24,0022300016,2023-11-10,SAC,OKC,105,98,203,7,0.43200000000000005,0.31179999999999997,0.7067,43.9,26.0,13.4,0.48769999999999997,0.3841,0.8507,43.3,25.3,14.9,-0.055699999999999916,-0.07230000000000003,0.6000000000000014,0.6999999999999993,1.5,1.0
2023_24,0022300015,2023-11-10,PHX,LAL,119,122,241,-3,0.4554,0.3517,0.8147,45.8,26.0,15.4,0.4748,0.3245,0.7679,44.5,24.8,14.0,-0.019399999999999973,0.027200000000000002,1.2999999999999972,1.1999999999999993,-1.4000000000000004,1.0
2023_24,0022300014,2023-11-10,DAL,LAC,144,126,270,18,0.472,0.38180000000000003,0.7217,42.0,24.6,12.2,0.4969,0.3686,0.7805,44.3,24.5,15.2,-0.024900000000000033,0.013200000000000045,-2.299999999999997,0.10000000000000142,3.0,1.0
2023_24,0022300013,2023-11-10,SAS,MIN,110,117,227,-7,0.47990000000000005,0.355,0.7501,44.5,30.0,14.8,0.4934,0.386,0.733,46.1,26.3,14.7,-0.013499999999999956,-0.031000000000000028,-1.6000000000000014,3.6999999999999993,-0.10000000000000142,1.0
2023_24,0022300012,2023-11-10,MEM,UTA,121,127,248,-6,0.44939999999999997,0.3277,0.7603,43.8,25.9,15.2,0.45949999999999996,0.3552,0.7838,47.6,27.6,17.5,-0.010099999999999998,-0.027500000000000024,-3.8000000000000043,-1.7000000000000028,2.3000000000000007,1.0
2023_24,0022300011,2023-11-10,HOU,NOP,104,101,205,3,0.483,0.3719,0.7222,45.7,25.6,14.3,0.4559,0.31920000000000004,0.7798999999999999,43.3,23.1,13.6,0.027099999999999957,0.05269999999999997,2.4000000000000057,2.5,-0.7000000000000011,1.0
2023_24,0022300010,2023-11-10,BOS,BKN,121,107,228,14,0.47430000000000005,0.3674,0.7771,49.5,25.6,15.2,0.4593,0.36669999999999997,0.7759,45.3,25.9,13.4,0.015000000000000069,0.0007000000000000339,4.200000000000003,-0.29999999999999716,-1.799999999999999,1.0
2023_24,0022300009,2023-11-10,WAS,CHA,117,124,241,-7,0.477,0.3311,0.7202,41.3,27.4,14.6,0.47700000000000004,0.30910000000000004,0.7929999999999999,43.8,25.0,16.1,-5.551115123125783e-17,0.021999999999999964,-2.5,2.3999999999999986,1.5000000000000018,1.0
2023_24,0022300008,2023-11-10,DET,PHI,106,114,220,-8,0.45570000000000005,0.3658,0.8265,47.3,26.6,18.5,0.4976,0.3802,0.8237,46.4,26.7,15.4,-0.04189999999999994,-0.014399999999999968,0.8999999999999986,-0.09999999999999787,-3.0999999999999996,1.0
2023_24,0022300173,2023-11-11,ORL,MIL,112,97,209,15,0.4438,0.314,0.7513,46.5,24.0,16.5,0.4737,0.3695,0.791,39.6,23.5,14.5,-0.029900000000000038,-0.055499999999999994,6.899999999999999,0.5,-2.0,1.0
2023_24,0022300174,2023-11-11,BOS,TOR,117,94,211,23,0.47519999999999996,0.375,0.7929,49.9,26.5,14.5,0.46299999999999997,0.3396,0.7333000000000001,45.6,27.0,14.3,0.012199999999999989,0.03539999999999999,4.299999999999997,-0.5,-0.1999999999999993,1.0
2023_24,0022300175,2023-11-11,ATL,MIA,109,117,226,-8,0.4812,0.33440000000000003,0.8157,46.0,27.4,15.1,0.46390000000000003,0.3815,0.7842,43.7,26.2,15.9,0.017299999999999982,-0.047099999999999975,2.299999999999997,1.1999999999999993,0.8000000000000007,1.0
2023_24,0022300176,2023-11-11,GSW,CLE,110,118,228,-8,0.4744,0.379,0.7849,47.0,29.4,14.1,0.45780000000000004,0.3324,0.8107,44.5,25.2,14.8,0.016599999999999948,0.04660000000000003,2.5,4.199999999999999,0.7000000000000011,1.0
2023_24,0022300186,2023-11-12,GSW,MIN,110,116,226,-6,0.4551,0.3581,0.7741,46.7,27.3,14.5,0.4946,0.38970000000000005,0.7335,46.8,26.5,15.3,-0.03949999999999998,-0.03160000000000007,-0.09999999999999432,0.8000000000000007,0.8000000000000007,1.0
2023_24,0022300185,2023-11-12,PHX,OKC,99,111,210,-12,0.4588,0.3672,0.8031,46.3,25.9,15.8,0.4923,0.3741,0.8512000000000001,42.1,24.6,15.2,-0.03350000000000003,-0.006899999999999962,4.199999999999996,1.2999999999999972,-0.6000000000000014,1.0
2023_24,0022300187,2023-11-12,LAL,POR,116,110,226,6,0.47590000000000005,0.3189,0.7679,43.4,25.0,13.5,0.4399,0.3135,0.7847000000000001,42.1,22.2,15.3,0.03600000000000003,0.005400000000000016,1.2999999999999972,2.8000000000000007,1.8000000000000007,1.0
2023_24,0022300184,2023-11-12,SAS,MIA,113,118,231,-5,0.47400000000000003,0.34550000000000003,0.7383,43.8,29.5,14.9,0.4688,0.3812,0.8179000000000001,42.9,25.9,15.8,0.005200000000000038,-0.035699999999999954,0.8999999999999986,3.6000000000000014,0.9000000000000004,1.0
2023_24,0022300183,2023-11-12,NOP,DAL,124,136,260,-12,0.44800000000000006,0.3155,0.7584,43.9,21.6,14.2,0.4788,0.3943,0.7333000000000001,41.8,25.3,12.1,-0.03079999999999994,-0.07879999999999998,2.1000000000000014,-3.6999999999999993,-2.0999999999999996,1.0
2023_24,0022300179,2023-11-12,LAC,MEM,101,105,206,-4,0.4934,0.3538,0.7842,45.2,24.3,15.3,0.43789999999999996,0.3197,0.7639,43.1,24.3,15.1,0.05550000000000005,0.03410000000000002,2.1000000000000014,0.0,-0.20000000000000107,1.0
2023_24,0022300181,2023-11-12,CHI,DET,119,108,227,11,0.44509999999999994,0.3385,0.7889,41.6,22.4,11.1,0.4657,0.3671,0.8314,46.2,27.4,17.7,-0.020600000000000063,-0.02859999999999996,-4.600000000000001,-5.0,6.6,1.0
2023_24,0022300180,2023-11-12,PHI,IND,137,126,263,11,0.4885,0.3845,0.8224,47.8,26.7,14.6,0.49729999999999996,0.4048,0.8077,43.2,30.9,13.5,-0.008799999999999975,-0.020299999999999985,4.599999999999994,-4.199999999999999,-1.0999999999999996,1.0
2023_24,0022300178,2023-11-12,BKN,WAS,102,94,196,8,0.4647,0.38580000000000003,0.7767999999999999,45.4,25.8,13.6,0.47800000000000004,0.3465,0.7283000000000001,41.0,27.9,14.7,-0.013300000000000034,0.03930000000000006,4.399999999999999,-2.099999999999998,1.0999999999999996,1.0
2023_24,0022300177,2023-11-12,NYK,CHA,129,107,236,22,0.4241,0.3428,0.7406,49.0,23.1,13.4,0.47569999999999996,0.2918,0.7731,46.3,25.4,15.3,-0.05159999999999998,0.05099999999999999,2.700000000000003,-2.299999999999997,1.9000000000000004,1.0
2023_24,0022300182,2023-11-12,HOU,DEN,107,104,211,3,0.47780000000000006,0.3618,0.7258,44.4,25.3,13.9,0.508,0.35259999999999997,0.702,45.7,29.5,14.1,-0.03019999999999995,0.009200000000000041,-1.3000000000000043,-4.199999999999999,0.1999999999999993,1.0
2023_24,0022300188,2023-11-13,BOS,NYK,114,98,212,16,0.47430000000000005,0.375,0.7782,49.2,25.8,13.7,0.4349,0.3519,0.7323000000000001,49.3,23.7,13.3,0.039400000000000046,0.02310000000000001,-0.09999999999999432,2.1000000000000014,-0.3999999999999986,1.0
2023_24,0022300189,2023-11-13,TOR,WAS,111,107,218,4,0.4585,0.3376,0.7443,45.8,27.4,14.4,0.46909999999999996,0.3497,0.7219,40.2,27.6,14.2,-0.010599999999999943,-0.0121,5.599999999999994,-0.20000000000000284,-0.20000000000000107,1.0
2023_24,0022300190,2023-11-13,MIL,CHI,118,109,227,9,0.4774,0.35760000000000003,0.7572,39.4,23.0,14.5,0.4514,0.3552,0.7916000000000001,40.8,22.5,11.4,0.025999999999999968,0.0024000000000000132,-1.3999999999999986,0.5,-3.0999999999999996,1.0
2023_24,0022300191,2023-11-13,SAC,CLE,132,120,252,12,0.4304,0.3071,0.704,43.4,25.7,14.3,0.4485,0.3217,0.7985,44.8,24.4,14.2,-0.018100000000000005,-0.014600000000000002,-1.3999999999999986,1.3000000000000007,-0.10000000000000142,1.0
2023_24,0022300026,2023-11-14,LAL,MEM,134,107,241,27,0.47620000000000007,0.3,0.7727999999999999,42.6,24.9,13.3,0.4364,0.3325,0.7666999999999999,42.9,24.3,15.5,0.03980000000000006,-0.03250000000000003,-0.29999999999999716,0.5999999999999979,2.1999999999999993,1.0
2023_24,0022300025,2023-11-14,GSW,MIN,101,104,205,-3,0.458,0.3627,0.7812,46.9,27.8,14.8,0.49160000000000004,0.3672,0.7321,47.0,25.0,16.0,-0.03360000000000002,-0.004500000000000004,-0.10000000000000142,2.8000000000000007,1.1999999999999993,1.0
2023_24,0022300024,2023-11-14,DEN,LAC,111,108,219,3,0.5042,0.3557,0.7086,45.5,29.4,13.2,0.48419999999999996,0.3548,0.7626999999999999,44.2,23.9,15.7,0.020000000000000018,0.0009000000000000119,1.2999999999999972,5.5,2.5,1.0
2023_24,0022300023,2023-11-14,UTA,POR,115,99,214,16,0.46290000000000003,0.3752,0.7936,46.9,27.3,18.5,0.43710000000000004,0.3048,0.7886,42.5,21.9,15.9,0.02579999999999999,0.07039999999999996,4.399999999999999,5.400000000000002,-2.5999999999999996,1.0
2023_24,0022300022,2023-11-14,NOP,DAL,131,110,241,21,0.4547,0.3484,0.7313,44.4,22.9,14.5,0.4852,0.39990000000000003,0.7595,41.4,25.4,12.3,-0.030500000000000027,-0.051500000000000046,3.0,-2.5,-2.1999999999999993,1.0
2023_24,0022300018,2023-11-14,DET,ATL,120,126,246,-6,0.4643,0.3671,0.8522000000000001,45.5,27.2,17.6,0.46950000000000003,0.3432,0.8311,47.0,26.5,15.2,-0.005200000000000038,0.023899999999999977,-1.5,0.6999999999999993,-2.400000000000002,1.0
2023_24,0022300020,2023-11-14,BKN,ORL,124,104,228,20,0.4603,0.3728,0.7746999999999999,47.8,25.8,13.6,0.4511,0.3341,0.7487999999999999,45.1,24.7,16.0,0.009199999999999986,0.03870000000000001,2.6999999999999957,1.1000000000000014,2.4000000000000004,1.0
2023_24,0022300019,2023-11-14,PHI,IND,126,132,258,-6,0.489,0.3769,0.8281000000000001,48.0,26.2,13.8,0.49779999999999996,0.3899,0.813,42.0,30.7,13.0,-0.008799999999999975,-0.013000000000000012,6.0,-4.5,-0.8000000000000007,1.0
2023_24,0022300017,2023-11-14,CHA,MIA,105,111,216,-6,0.4793,0.2944,0.7626,45.8,25.3,14.8,0.4584,0.379,0.8362,42.6,25.5,14.7,0.02090000000000003,-0.08460000000000001,3.1999999999999957,-0.1999999999999993,-0.10000000000000142,1.0
2023_24,0022300021,2023-11-14,OKC,SAS,123,87,210,36,0.4911,0.3778,0.8539,40.5,23.9,14.5,0.47119999999999995,0.3492,0.7516,41.9,29.9,15.4,0.01990000000000003,0.028600000000000014,-1.3999999999999986,-6.0,0.9000000000000004,1.0
2023_24,0022300198,2023-11-15,LAL,SAC,110,125,235,-15,0.48860000000000003,0.32839999999999997,0.7727999999999999,43.6,25.6,14.0,0.4506,0.3265,0.712,43.1,26.5,14.1,0.038000000000000034,0.0018999999999999573,0.5,-0.8999999999999986,0.09999999999999964,1.0
2023_24,0022300199,2023-11-15,POR,CLE,95,109,204,-14,0.4391,0.3105,0.7919,43.8,21.7,16.2,0.4587,0.3404,0.7871,44.3,24.1,13.7,-0.019600000000000006,-0.029899999999999982,-0.5,-2.400000000000002,-2.5,1.0
2023_24,0022300197,2023-11-15,PHX,MIN,133,115,248,18,0.45499999999999996,0.3604,0.8143,46.7,25.0,16.8,0.48840000000000006,0.37229999999999996,0.7468,47.0,24.9,16.3,-0.033400000000000096,-0.011899999999999966,-0.29999999999999716,0.10000000000000142,-0.5,1.0
2023_24,0022300196,2023-11-15,CHI,ORL,94,96,190,-2,0.4479,0.3599,0.8042999999999999,41.3,22.3,10.9,0.45280000000000004,0.3327,0.7542,44.5,24.1,16.2,-0.0049000000000000155,0.027200000000000002,-3.200000000000003,-1.8000000000000007,5.299999999999999,1.0
2023_24,0022300194,2023-11-15,PHI,BOS,107,117,224,-10,0.48650000000000004,0.3604,0.8515,46.8,25.3,14.1,0.4777,0.3729,0.7934,48.2,25.2,13.3,0.00880000000000003,-0.012500000000000011,-1.4000000000000057,0.10000000000000142,-0.7999999999999989,1.0
2023_24,0022300193,2023-11-15,ATL,NYK,114,116,230,-2,0.4758,0.35140000000000005,0.8445,46.1,26.6,15.7,0.4286,0.3573,0.7258,47.7,22.5,13.0,0.04720000000000002,-0.005899999999999961,-1.6000000000000014,4.100000000000001,-2.6999999999999993,1.0
2023_24,0022300192,2023-11-15,WAS,DAL,117,130,247,-13,0.47800000000000004,0.3648,0.735,38.9,28.0,15.1,0.47989999999999994,0.4013,0.7625,41.1,25.5,13.1,-0.0018999999999999018,-0.03649999999999998,-2.200000000000003,2.5,-2.0,1.0
2023_24,0022300195,2023-11-15,TOR,MIL,112,128,240,-16,0.458,0.32430000000000003,0.7248,46.1,27.3,15.4,0.47830000000000006,0.35419999999999996,0.7466,40.9,22.5,14.8,-0.02030000000000004,-0.029899999999999927,5.200000000000003,4.800000000000001,-0.5999999999999996,1.0
2023_24,0022300200,2023-11-16,MIA,BKN,122,115,237,7,0.4664,0.3684,0.8375,42.0,25.9,14.8,0.46440000000000003,0.3882,0.7628,47.2,25.0,13.4,0.0019999999999999463,-0.019799999999999984,-5.200000000000003,0.8999999999999986,-1.4000000000000004,1.0
2023_24,0022300201,2023-11-16,GSW,OKC,109,128,237,-19,0.44480000000000003,0.3522,0.783,47.6,27.4,14.9,0.48789999999999994,0.36760000000000004,0.8506,40.2,24.3,14.5,-0.043099999999999916,-0.015400000000000025,7.399999999999999,3.099999999999998,-0.40000000000000036,1.0
2023_24,0022300034,2023-11-17,NOP,DEN,115,110,225,5,0.45970000000000005,0.34140000000000004,0.7271,43.4,24.0,13.7,0.5049,0.3493,0.7117,44.9,29.1,13.4,-0.04519999999999996,-0.007899999999999963,-1.5,-5.100000000000001,-0.29999999999999893,1.0
2023_24,0022300037,2023-11-17,LAC,HOU,106,100,206,6,0.4782,0.3779,0.7835,43.1,23.8,15.8,0.47309999999999997,0.3598,0.7301,44.1,25.2,12.9,0.005100000000000049,0.018100000000000005,-1.0,-1.3999999999999986,-2.9000000000000004,1.0
2023_24,0022300036,2023-11-17,POR,LAL,95,107,202,-12,0.42919999999999997,0.3134,0.8029,42.8,22.1,15.8,0.4963,0.3491,0.7724,43.7,25.7,14.7,-0.06710000000000005,-0.03570000000000001,-0.9000000000000057,-3.599999999999998,-1.1000000000000014,1.0
2023_24,0022300035,2023-11-17,UTA,PHX,128,131,259,-3,0.4641,0.3733,0.8127000000000001,46.7,27.7,18.4,0.4708,0.3819,0.8311,43.9,25.8,15.8,-0.006699999999999984,-0.008599999999999997,2.8000000000000043,1.8999999999999986,-2.599999999999998,1.0
2023_24,0022300033,2023-11-17,CHI,ORL,97,103,200,-6,0.45030000000000003,0.3667,0.8121,41.4,22.1,11.1,0.44350000000000006,0.3348,0.7457,43.4,24.2,16.1,0.006799999999999973,0.03190000000000004,-2.0,-2.099999999999998,5.000000000000002,1.0
2023_24,0022300032,2023-11-17,SAS,SAC,120,129,249,-9,0.4582,0.3478,0.7456,41.7,29.0,16.0,0.45709999999999995,0.3373,0.7218,44.2,27.2,14.2,0.0011000000000000454,0.01050000000000001,-2.5,1.8000000000000007,-1.8000000000000007,1.0
2023_24,0022300031,2023-11-17,TOR,BOS,105,108,213,-3,0.45760000000000006,0.3116,0.7431,46.9,27.4,15.4,0.47729999999999995,0.3781,0.7877,48.1,25.7,13.0,-0.019699999999999884,-0.0665,-1.2000000000000028,1.6999999999999993,-2.4000000000000004,1.0
2023_24,0022300030,2023-11-17,CLE,DET,108,100,208,8,0.46790000000000004,0.3309,0.7733,45.2,23.9,14.5,0.471,0.36829999999999996,0.8378,44.4,28.0,16.9,-0.003099999999999936,-0.03739999999999993,0.8000000000000043,-4.100000000000001,2.3999999999999986,1.0
2023_24,0022300029,2023-11-17,ATL,PHI,116,126,242,-10,0.48860000000000003,0.3729,0.8396000000000001,44.9,27.0,16.0,0.48109999999999997,0.35140000000000005,0.8654,47.0,24.6,13.5,0.007500000000000062,0.021499999999999964,-2.1000000000000014,2.3999999999999986,-2.5,1.0
2023_24,0022300028,2023-11-17,WAS,NYK,99,120,219,-21,0.4805,0.3606,0.7383,39.0,27.5,14.9,0.4394,0.3605,0.7629,47.2,23.0,13.6,0.04109999999999997,9.999999999998899e-05,-8.200000000000003,4.5,-1.3000000000000007,1.0
2023_24,0022300027,2023-11-17,CHA,MIL,99,130,229,-31,0.47800000000000004,0.3225,0.7577,45.4,25.1,14.7,0.4795,0.3688,0.7724,40.7,23.0,14.7,-0.0014999999999999458,-0.04630000000000001,4.699999999999996,2.1000000000000014,0.0,1.0
2023_24,0022300202,2023-11-18,CHA,NYK,108,122,230,-14,0.4687,0.31589999999999996,0.771,44.6,23.5,14.0,0.44109999999999994,0.35710000000000003,0.7615000000000001,47.5,22.6,13.1,0.02760000000000007,-0.04120000000000007,-2.8999999999999986,0.8999999999999986,-0.9000000000000004,1.0
2023_24,0022300203,2023-11-18,NOP,MIN,120,121,241,-1,0.466,0.36629999999999996,0.7357,43.0,25.3,13.5,0.5001,0.365,0.7579,44.8,24.7,15.5,-0.034099999999999964,0.0012999999999999678,-1.7999999999999972,0.6000000000000014,2.0,1.0
2023_24,0022300204,2023-11-18,CHI,MIA,102,97,199,5,0.4527,0.3619,0.8080999999999999,41.5,22.4,11.9,0.4756,0.3628,0.8507,40.7,26.1,14.5,-0.02290000000000003,-0.0009000000000000119,0.7999999999999972,-3.700000000000003,2.5999999999999996,1.0
2023_24,0022300205,2023-11-18,MIL,DAL,132,125,257,7,0.48929999999999996,0.38130000000000003,0.7693,41.7,24.0,13.7,0.48369999999999996,0.4001,0.7424999999999999,41.7,26.7,13.2,0.005599999999999994,-0.018799999999999983,0.0,-2.6999999999999993,-0.5,1.0
2023_24,0022300206,2023-11-18,SAS,MEM,108,120,228,-12,0.45600000000000007,0.3585,0.7532,41.6,29.1,15.7,0.4314,0.3423,0.7617,42.5,24.8,15.1,0.024600000000000066,0.016199999999999992,-0.8999999999999986,4.300000000000001,-0.5999999999999996,1.0
2023_24,0022300207,2023-11-18,GSW,OKC,123,130,253,-7,0.44239999999999996,0.3463,0.7836000000000001,47.6,27.4,15.1,0.4925,0.377,0.8630000000000001,39.7,25.2,14.0,-0.05010000000000003,-0.030700000000000005,7.899999999999999,2.1999999999999993,-1.0999999999999996,1.0
2023_24,0022300215,2023-11-19,POR,OKC,91,134,225,-43,0.4298,0.3123,0.7894,42.9,22.3,16.1,0.5034,0.393,0.8696999999999999,41.5,25.6,14.2,-0.07359999999999994,-0.0807,1.3999999999999986,-3.3000000000000007,-1.9000000000000021,1.0
2023_24,0022300210,2023-11-19,CLE,DEN,121,109,230,12,0.47780000000000006,0.3471,0.7708,44.3,24.0,14.3,0.5073000000000001,0.3365,0.6950000000000001,46.0,30.1,12.8,-0.029500000000000026,0.010599999999999998,-1.7000000000000028,-6.100000000000001,-1.5,1.0
2023_24,0022300214,2023-11-19,UTA,PHX,137,140,277,-3,0.4709,0.3787,0.8057000000000001,46.1,27.7,17.8,0.48109999999999997,0.4074,0.8413,42.6,27.7,14.3,-0.010199999999999987,-0.028700000000000003,3.5,0.0,-3.5,1.0
2023_24,0022300216,2023-11-19,LAL,HOU,105,104,209,1,0.5018,0.3572,0.7641,42.8,25.7,15.3,0.46740000000000004,0.3635,0.7287,43.7,25.2,13.1,0.034399999999999986,-0.006299999999999972,-0.9000000000000057,0.5,-2.200000000000001,1.0
2023_24,0022300213,2023-11-19,MEM,BOS,100,102,202,-2,0.4344,0.34530000000000005,0.759,42.2,24.9,14.4,0.4756,0.3719,0.8082,47.0,26.6,12.6,-0.041200000000000014,-0.026599999999999957,-4.799999999999997,-1.7000000000000028,-1.8000000000000007,1.0
2023_24,0022300208,2023-11-19,BKN,PHI,99,121,220,-22,0.4626,0.37829999999999997,0.7506,46.5,24.9,13.3,0.48,0.359,0.8760999999999999,47.1,25.3,14.1,-0.01739999999999997,0.019299999999999984,-0.6000000000000014,-0.40000000000000213,0.7999999999999989,1.0
2023_24,0022300211,2023-11-19,TOR,DET,142,113,255,29,0.45949999999999996,0.323,0.7434000000000001,45.7,27.8,14.4,0.46159999999999995,0.3511,0.8445,44.2,27.1,16.9,-0.0020999999999999908,-0.028100000000000014,1.5,0.6999999999999993,2.4999999999999982,1.0
2023_24,0022300209,2023-11-19,IND,ORL,116,128,244,-12,0.4971,0.3785,0.791,41.0,30.1,12.9,0.446,0.3351,0.7497,43.5,24.4,16.6,0.05109999999999998,0.043399999999999994,-2.5,5.700000000000003,3.700000000000001,1.0
2023_24,0022300212,2023-11-19,DAL,SAC,113,129,242,-16,0.48319999999999996,0.38520000000000004,0.7375,41.8,27.0,12.9,0.46509999999999996,0.3429,0.716,43.9,27.4,14.4,0.018100000000000005,0.04230000000000006,-2.1000000000000014,-0.3999999999999986,1.5,1.0
2023_24,0022300224,2023-11-20,GSW,HOU,121,116,237,5,0.43579999999999997,0.3488,0.7996000000000001,46.1,27.9,15.2,0.47569999999999996,0.366,0.7462,44.0,26.8,13.0,-0.03989999999999999,-0.017199999999999993,2.1000000000000014,1.0999999999999979,-2.1999999999999993,1.0
2023_24,0022300223,2023-11-20,SAS,LAC,99,124,223,-25,0.4619,0.36269999999999997,0.759,41.9,29.6,14.7,0.4694,0.369,0.7722,43.3,22.4,15.4,-0.007500000000000007,-0.006300000000000028,-1.3999999999999986,7.200000000000003,0.7000000000000011,1.0
2023_24,0022300221,2023-11-20,MIN,NYK,117,100,217,17,0.5027,0.37160000000000004,0.7644,43.4,24.6,15.3,0.4549,0.3814,0.7574,46.3,23.4,12.4,0.04780000000000001,-0.009799999999999975,-2.8999999999999986,1.2000000000000028,-2.9000000000000004,1.0
2023_24,0022300222,2023-11-20,NOP,SAC,129,93,222,36,0.4763,0.3821,0.7612,43.1,25.7,14.1,0.4748,0.3554,0.7232000000000001,44.6,28.4,14.3,0.0015000000000000013,0.0267,-1.5,-2.6999999999999993,0.20000000000000107,1.0
2023_24,0022300219,2023-11-20,WAS,MIL,129,142,271,-13,0.4826,0.35710000000000003,0.7548,37.7,27.6,15.1,0.4908,0.3867,0.7809999999999999,41.5,24.5,12.9,-0.00820000000000004,-0.02959999999999996,-3.799999999999997,3.1000000000000014,-2.1999999999999993,1.0
2023_24,0022300218,2023-11-20,DET,DEN,103,107,210,-4,0.4657,0.33209999999999995,0.8396000000000001,44.2,26.5,16.9,0.49470000000000003,0.34409999999999996,0.6843,44.5,29.0,12.8,-0.029000000000000026,-0.01200000000000001,-0.29999999999999716,-2.5,-4.099999999999998,1.0
2023_24,0022300217,2023-11-20,CHA,BOS,121,118,239,3,0.48,0.3395,0.7790999999999999,44.1,24.4,13.5,0.4711,0.37479999999999997,0.8168,46.4,25.5,12.5,0.008899999999999963,-0.03529999999999994,-2.299999999999997,-1.1000000000000014,-1.0,1.0
2023_24,0022300220,2023-11-20,CHI,MIA,100,118,218,-18,0.4511,0.36219999999999997,0.7979,41.5,22.9,11.9,0.47830000000000006,0.3645,0.8762000000000001,39.9,26.0,14.5,-0.027200000000000057,-0.0023000000000000242,1.6000000000000014,-3.1000000000000014,2.5999999999999996,1.0
2023_24,0022300038,2023-11-21,ORL,TOR,126,107,233,19,0.4554,0.33009999999999995,0.7607999999999999,43.3,23.7,17.0,0.4697,0.3088,0.7318,46.3,29.4,13.9,-0.01429999999999998,0.02129999999999993,-3.0,-5.699999999999999,-3.0999999999999996,1.0
2023_24,0022300039,2023-11-21,ATL,IND,152,157,309,-5,0.4852,0.3718,0.8396000000000001,44.4,26.6,15.9,0.4923,0.3648,0.7859999999999999,40.2,28.9,13.7,-0.007099999999999995,0.007000000000000006,4.199999999999996,-2.299999999999997,-2.200000000000001,1.0
2023_24,0022300040,2023-11-21,PHI,CLE,119,122,241,-3,0.47800000000000004,0.3654,0.883,46.4,25.7,13.0,0.48929999999999996,0.3491,0.7852,43.9,24.1,15.0,-0.011299999999999921,0.01629999999999998,2.5,1.5999999999999979,2.0,1.0
2023_24,0022300041,2023-11-21,PHX,POR,120,107,227,13,0.4772,0.42040000000000005,0.833,43.1,28.2,15.0,0.43150000000000005,0.3162,0.7697,41.8,22.5,16.4,0.04569999999999996,0.10420000000000007,1.3000000000000043,5.699999999999999,1.3999999999999986,1.0
2023_24,0022300042,2023-11-21,LAL,UTA,131,99,230,32,0.49559999999999993,0.3483,0.7586999999999999,43.0,25.5,15.5,0.4686,0.3789,0.8013,47.5,27.8,17.8,0.026999999999999913,-0.030600000000000016,-4.5,-2.3000000000000007,2.3000000000000007,1.0
2023_24,0022300235,2023-11-22,SAS,LAC,102,109,211,-7,0.4585,0.3512,0.7626000000000001,43.1,29.4,15.1,0.4636,0.36229999999999996,0.7816,44.8,23.7,14.5,-0.005099999999999993,-0.011099999999999943,-1.6999999999999957,5.699999999999999,-0.5999999999999996,1.0
2023_24,0022300236,2023-11-22,PHX,GSW,123,115,238,8,0.48319999999999996,0.4154,0.8493999999999999,42.6,27.9,14.6,0.4345,0.3621,0.7977000000000001,46.8,27.3,14.2,0.048699999999999966,0.053300000000000014,-4.199999999999996,0.5999999999999979,-0.40000000000000036,1.0
2023_24,0022300229,2023-11-22,CLE,MIA,96,129,225,-33,0.4991,0.3588,0.7942,44.9,25.5,15.1,0.4806,0.3749,0.8661999999999999,40.2,26.4,14.0,0.01849999999999996,-0.016100000000000003,4.699999999999996,-0.8999999999999986,-1.0999999999999996,1.0
2023_24,0022300238,2023-11-22,LAL,DAL,101,104,205,-3,0.5015,0.3518,0.7652,43.1,26.2,15.6,0.48410000000000003,0.3788,0.7392,41.3,27.0,12.4,0.017399999999999916,-0.027000000000000024,1.8000000000000043,-0.8000000000000007,-3.1999999999999993,1.0
2023_24,0022300234,2023-11-22,OKC,CHI,116,102,218,14,0.5109,0.4093,0.8876,41.4,26.3,14.5,0.44960000000000006,0.3586,0.8008,40.8,23.1,11.7,0.061299999999999966,0.05070000000000002,0.6000000000000014,3.1999999999999993,-2.8000000000000007,1.0
2023_24,0022300237,2023-11-22,POR,UTA,121,105,226,16,0.4305,0.32999999999999996,0.7746999999999999,39.7,22.5,16.1,0.4645,0.3742,0.8295999999999999,46.6,27.3,17.9,-0.03400000000000003,-0.04420000000000002,-6.899999999999999,-4.800000000000001,1.7999999999999972,1.0
2023_24,0022300233,2023-11-22,NOP,SAC,117,112,229,5,0.49139999999999995,0.394,0.7836000000000001,42.8,27.2,14.2,0.46559999999999996,0.3444,0.7191,43.5,28.1,14.6,0.02579999999999999,0.04960000000000003,-0.7000000000000028,-0.9000000000000021,0.40000000000000036,1.0
2023_24,0022300227,2023-11-22,ATL,BKN,147,145,292,2,0.49470000000000003,0.37970000000000004,0.8399000000000001,43.7,26.2,15.7,0.4532,0.38120000000000004,0.7537,46.4,24.8,13.4,0.04150000000000004,-0.0015000000000000013,-2.6999999999999957,1.3999999999999986,-2.299999999999999,1.0
2023_24,0022300231,2023-11-22,HOU,MEM,111,91,202,20,0.47000000000000003,0.3727,0.7751,44.5,26.6,12.0,0.4304,0.3435,0.749,41.9,25.0,13.7,0.039600000000000024,0.029199999999999948,2.6000000000000014,1.6000000000000014,1.6999999999999993,1.0
2023_24,0022300230,2023-11-22,IND,TOR,131,132,263,-1,0.512,0.3876,0.7769999999999999,38.4,29.8,13.4,0.48,0.34500000000000003,0.7358,45.4,30.4,15.1,0.03200000000000003,0.04259999999999997,-7.0,-0.5999999999999979,1.6999999999999993,1.0
2023_24,0022300228,2023-11-22,BOS,MIL,119,116,235,3,0.45760000000000006,0.3497,0.7847,45.5,24.7,12.7,0.5032,0.38639999999999997,0.7823,44.1,25.9,13.2,-0.04559999999999992,-0.036699999999999955,1.3999999999999986,-1.1999999999999993,0.5,1.0
2023_24,0022300232,2023-11-22,MIN,PHI,112,99,211,13,0.5051,0.35550000000000004,0.7794,44.0,25.2,15.3,0.47400000000000003,0.3608,0.8814,46.2,25.5,13.0,0.03109999999999996,-0.005299999999999971,-2.200000000000003,-0.3000000000000007,-2.3000000000000007,1.0
2023_24,0022300226,2023-11-22,ORL,DEN,124,119,243,5,0.4585,0.34550000000000003,0.7732,43.3,24.5,16.7,0.4847,0.3513,0.7192999999999999,44.5,28.8,12.9,-0.0262,-0.005799999999999972,-1.2000000000000028,-4.300000000000001,-3.799999999999999,1.0
2023_24,0022300225,2023-11-22,CHA,WAS,117,114,231,3,0.47519999999999996,0.34700000000000003,0.7782,45.9,24.0,13.8,0.4934,0.361,0.7674,36.3,27.9,14.0,-0.01820000000000005,-0.013999999999999957,9.600000000000001,-3.8999999999999986,0.1999999999999993,1.0
2023_24,0022300052,2023-11-24,LAC,NOP,106,116,222,-10,0.4579,0.3563,0.7956,45.0,24.3,14.5,0.4897,0.3735,0.765,44.0,26.8,14.0,-0.03180000000000005,-0.017199999999999993,1.0,-2.5,-0.5,1.0
2023_24,0022300051,2023-11-24,GSW,SAS,118,112,230,6,0.429,0.3484,0.7799,47.3,26.6,14.3,0.445,0.3315,0.7615999999999999,43.4,28.3,15.7,-0.016000000000000014,0.01689999999999997,3.8999999999999986,-1.6999999999999993,1.3999999999999986,1.0
2023_24,0022300050,2023-11-24,MIN,SAC,111,124,235,-13,0.5076,0.3559,0.7498,44.1,26.0,15.2,0.4694,0.3471,0.7237,42.5,27.9,14.7,0.03820000000000007,0.008799999999999975,1.6000000000000014,-1.8999999999999986,-0.5,1.0
2023_24,0022300049,2023-11-24,MIL,WAS,131,128,259,3,0.5051,0.3733,0.7874,44.7,25.8,12.7,0.4883,0.37039999999999995,0.7864,37.5,27.3,13.9,0.01679999999999998,0.002900000000000069,7.200000000000003,-1.5,1.200000000000001,1.0
2023_24,0022300048,2023-11-24,HOU,DEN,105,86,191,19,0.47569999999999996,0.378,0.7654,45.2,26.6,12.0,0.49240000000000006,0.376,0.7255,44.4,29.4,12.5,-0.016700000000000104,0.0020000000000000018,0.8000000000000043,-2.799999999999997,0.5,1.0
2023_24,0022300045,2023-11-24,NYK,MIA,100,98,198,2,0.4455,0.3669,0.7567999999999999,46.5,23.2,12.0,0.49000000000000005,0.3978,0.8694,39.7,27.2,13.4,-0.04450000000000004,-0.030899999999999983,6.799999999999997,-4.0,1.4000000000000004,1.0
2023_24,0022300046,2023-11-24,TOR,CHI,121,108,229,13,0.47729999999999995,0.3462,0.7262000000000001,45.0,29.5,15.2,0.4399,0.3579,0.8294,40.4,23.2,11.9,0.03739999999999993,-0.011699999999999988,4.600000000000001,6.300000000000001,-3.299999999999999,1.0
2023_24,0022300044,2023-11-24,MEM,PHX,89,110,199,-21,0.4176,0.3276,0.7746999999999999,42.1,24.5,13.4,0.47409999999999997,0.40470000000000006,0.8609,43.5,27.5,14.7,-0.05649999999999994,-0.07710000000000006,-1.3999999999999986,-3.0,1.299999999999999,1.0
2023_24,0022300043,2023-11-24,ORL,BOS,113,96,209,17,0.46690000000000004,0.34550000000000003,0.7849,43.1,24.5,16.2,0.4622,0.3569,0.7819,44.8,25.2,13.1,0.0047000000000000375,-0.011399999999999966,-1.6999999999999957,-0.6999999999999993,-3.0999999999999996,1.0
2023_24,0022300047,2023-11-24,IND,DET,136,113,249,23,0.5214000000000001,0.4203,0.8,38.4,30.5,14.0,0.4657,0.3275,0.841,44.7,26.2,16.9,0.05570000000000008,0.0928,-6.300000000000004,4.300000000000001,2.8999999999999986,1.0
2023_24,0022300243,2023-11-25,UTA,NOP,105,100,205,5,0.45730000000000004,0.3553,0.8396000000000001,46.0,26.3,18.2,0.491,0.3894,0.7581,45.5,27.0,14.4,-0.03369999999999995,-0.03410000000000002,0.5,-0.6999999999999993,-3.799999999999999,1.0
2023_24,0022300242,2023-11-25,CLE,LAL,115,121,236,-6,0.5027,0.368,0.7706,43.7,25.8,15.2,0.5039,0.363,0.7379,44.2,27.1,15.2,-0.0011999999999999789,0.0050000000000000044,-0.5,-1.3000000000000007,0.0,1.0
2023_24,0022300244,2023-11-25,LAC,DAL,107,88,195,19,0.4542,0.3408,0.7907,44.5,24.1,14.0,0.476,0.3703,0.726,42.7,26.4,11.3,-0.021799999999999986,-0.029500000000000026,1.7999999999999972,-2.299999999999997,-2.6999999999999993,1.0
2023_24,0022300240,2023-11-25,BKN,MIA,112,97,209,15,0.4568,0.37970000000000004,0.7639,47.6,24.9,13.2,0.46909999999999996,0.3767,0.8789,40.1,25.7,12.4,-0.012299999999999978,0.003000000000000058,7.5,-0.8000000000000007,-0.7999999999999989,1.0
2023_24,0022300239,2023-11-25,OKC,PHI,123,127,250,-4,0.517,0.4266,0.8772,41.0,26.4,14.4,0.46530000000000005,0.346,0.8781000000000001,45.9,25.2,12.7,0.05169999999999997,0.0806,-4.899999999999999,1.1999999999999993,-1.700000000000001,1.0
2023_24,0022300241,2023-11-25,WAS,ATL,108,136,244,-28,0.4795,0.3645,0.8145,39.1,26.9,12.8,0.4829,0.36970000000000003,0.8385999999999999,45.9,25.8,16.0,-0.003400000000000014,-0.005200000000000038,-6.799999999999997,1.0999999999999979,3.1999999999999993,1.0
2023_24,0022300245,2023-11-26,MIL,POR,108,102,210,6,0.5094000000000001,0.369,0.7787,44.9,26.0,12.6,0.43470000000000003,0.3386,0.7596,39.0,23.3,15.8,0.07470000000000004,0.030399999999999983,5.899999999999999,2.6999999999999993,3.200000000000001,1.0
2023_24,0022300246,2023-11-26,BOS,ATL,113,103,216,10,0.46390000000000003,0.3528,0.7784,43.4,24.9,12.8,0.48390000000000005,0.3902,0.818,45.1,26.1,14.9,-0.020000000000000018,-0.03739999999999999,-1.7000000000000028,-1.2000000000000028,2.0999999999999996,1.0
2023_24,0022300247,2023-11-26,NYK,PHX,113,116,229,-3,0.4588,0.3847,0.7567999999999999,46.1,23.5,12.5,0.4894,0.41450000000000004,0.8541000000000001,43.4,27.5,14.9,-0.030600000000000016,-0.02980000000000005,2.700000000000003,-4.0,2.4000000000000004,1.0
2023_24,0022300248,2023-11-26,ORL,CHA,130,117,247,13,0.472,0.3484,0.7734,42.8,23.9,16.4,0.4725,0.34950000000000003,0.7776,46.4,24.6,13.5,-0.0005000000000000004,-0.0011000000000000454,-3.6000000000000014,-0.7000000000000028,-2.8999999999999986,1.0
2023_24,0022300249,2023-11-26,MEM,MIN,97,119,216,-22,0.4274,0.329,0.7565999999999999,41.4,24.2,13.3,0.49590000000000006,0.3548,0.7655000000000001,44.2,26.0,15.9,-0.06850000000000006,-0.02579999999999999,-2.8000000000000043,-1.8000000000000007,2.5999999999999996,1.0
2023_24,0022300250,2023-11-26,BKN,CHI,118,109,227,9,0.461,0.3786,0.7908999999999999,47.9,24.4,13.4,0.44580000000000003,0.3754,0.8230000000000001,40.4,22.4,12.1,0.015199999999999991,0.0031999999999999806,7.5,2.0,-1.3000000000000007,1.0
2023_24,0022300251,2023-11-26,CLE,TOR,105,102,207,3,0.4976,0.3715,0.7776,43.9,26.1,15.3,0.4822,0.3438,0.7319,44.9,29.7,14.7,0.01539999999999997,0.027700000000000002,-1.0,-3.599999999999998,-0.6000000000000014,1.0
2023_24,0022300252,2023-11-26,DEN,SAS,132,120,252,12,0.4737,0.356,0.7232000000000001,43.9,27.8,12.0,0.44000000000000006,0.3257,0.768,43.4,28.1,16.0,0.03369999999999995,0.030299999999999994,0.5,-0.3000000000000007,4.0,1.0
2023_24,0022300257,2023-11-27,LAC,DEN,104,113,217,-9,0.44989999999999997,0.3272,0.8019000000000001,45.6,24.4,14.0,0.47800000000000004,0.3545,0.7265,43.5,28.5,12.8,-0.02810000000000007,-0.02729999999999999,2.1000000000000014,-4.100000000000001,-1.1999999999999993,1.0
2023_24,0022300256,2023-11-27,UTA,NOP,114,112,226,2,0.4549,0.3538,0.8489000000000001,46.4,25.9,18.6,0.4829,0.3767,0.7325,45.9,27.7,14.4,-0.02799999999999997,-0.022899999999999976,0.5,-1.8000000000000007,-4.200000000000001,1.0
2023_24,0022300253,2023-11-27,DET,WAS,107,126,233,-19,0.4699,0.3322,0.8435,44.2,25.4,16.7,0.4774,0.3496,0.8345,39.4,27.1,12.9,-0.007500000000000007,-0.017400000000000027,4.800000000000004,-1.7000000000000028,-3.799999999999999,1.0
2023_24,0022300254,2023-11-27,IND,POR,110,114,224,-4,0.5171,0.414,0.825,38.4,30.1,13.0,0.43479999999999996,0.3511,0.7567999999999999,38.0,23.5,16.4,0.08230000000000004,0.06289999999999996,0.3999999999999986,6.600000000000001,3.3999999999999986,1.0
2023_24,0022300255,2023-11-27,PHI,LAL,138,94,232,44,0.4551,0.34140000000000004,0.8714000000000001,46.3,24.5,12.4,0.5018,0.36550000000000005,0.745,44.8,27.7,15.3,-0.04670000000000002,-0.02410000000000001,1.5,-3.1999999999999993,2.9000000000000004,1.0
2023_24,0022300059,2023-11-28,DAL,HOU,121,115,236,6,0.46609999999999996,0.3607,0.7296,41.7,25.0,11.1,0.4721,0.3626,0.7695000000000001,46.3,25.6,11.7,-0.006000000000000061,-0.0018999999999999573,-4.599999999999994,-0.6000000000000014,0.5999999999999996,1.0
2023_24,0022300053,2023-11-28,BOS,CHI,124,97,221,27,0.4685,0.3486,0.7742,44.9,24.5,12.8,0.4424,0.36,0.8160999999999999,40.8,21.9,12.4,0.026100000000000012,-0.011399999999999966,4.100000000000001,2.6000000000000014,-0.40000000000000036,1.0
2023_24,0022300054,2023-11-28,BKN,TOR,115,103,218,12,0.46740000000000004,0.3931,0.7995,47.6,25.1,13.9,0.4784,0.3292,0.7394000000000001,45.2,28.5,14.4,-0.010999999999999954,0.06390000000000001,2.3999999999999986,-3.3999999999999986,0.5,1.0
2023_24,0022300055,2023-11-28,CLE,ATL,128,105,233,23,0.4946,0.3741,0.7823,43.4,26.4,14.9,0.47640000000000005,0.3919,0.8019999999999999,44.2,24.8,15.2,0.01819999999999994,-0.017800000000000038,-0.8000000000000043,1.5999999999999979,0.29999999999999893,1.0
2023_24,0022300056,2023-11-28,MIA,MIL,124,131,255,-7,0.4662,0.3767,0.8683,40.1,25.1,12.4,0.5031,0.3726,0.7693,46.5,26.0,13.3,-0.03689999999999999,0.0040999999999999925,-6.399999999999999,-0.8999999999999986,0.9000000000000004,1.0
2023_24,0022300057,2023-11-28,NYK,CHA,115,91,206,24,0.46449999999999997,0.40049999999999997,0.7527,44.3,23.5,12.1,0.4721,0.3528,0.7415999999999999,45.9,25.0,14.0,-0.007600000000000051,0.047699999999999965,-1.6000000000000014,-1.5,1.9000000000000004,1.0
2023_24,0022300058,2023-11-28,MIN,OKC,106,103,209,3,0.49720000000000003,0.3638,0.7918000000000001,43.9,26.4,15.1,0.5006999999999999,0.41209999999999997,0.8779999999999999,41.6,26.7,12.9,-0.003499999999999892,-0.048299999999999954,2.299999999999997,-0.3000000000000007,-2.1999999999999993,1.0
2023_24,0022300060,2023-11-28,SAC,GSW,124,123,247,1,0.4803,0.3689,0.7318,42.8,28.4,14.9,0.4422,0.3546,0.7924,47.0,27.5,15.4,0.03810000000000002,0.01429999999999998,-4.200000000000003,0.8999999999999986,0.5,1.0
2023_24,0022300264,2023-11-29,SAC,LAC,117,131,248,-14,0.48100000000000004,0.368,0.7411,44.0,28.7,14.4,0.4418,0.32280000000000003,0.7968,47.4,24.1,13.1,0.03920000000000001,0.04519999999999996,-3.3999999999999986,4.599999999999998,-1.3000000000000007,1.0
2023_24,0022300262,2023-11-29,NOP,PHI,124,114,238,10,0.49420000000000003,0.3799,0.705,46.7,28.1,13.5,0.4614,0.3627,0.8693,45.5,25.8,11.7,0.03280000000000005,0.017199999999999993,1.2000000000000028,2.3000000000000007,-1.8000000000000007,1.0
2023_24,0022300261,2023-11-29,MEM,UTA,105,91,196,14,0.417,0.3274,0.7578,40.1,23.7,13.0,0.4584,0.3613,0.8545,46.8,27.0,17.8,-0.04139999999999999,-0.033899999999999986,-6.699999999999996,-3.3000000000000007,4.800000000000001,1.0
2023_24,0022300263,2023-11-29,DEN,HOU,134,124,258,10,0.4721,0.36150000000000004,0.7062,44.2,27.6,12.9,0.4755,0.35409999999999997,0.7788,45.0,26.1,11.8,-0.0033999999999999586,0.007400000000000073,-0.7999999999999972,1.5,-1.0999999999999996,1.0
2023_24,0022300259,2023-11-29,ORL,WAS,139,120,259,19,0.4789,0.3558,0.7744,43.4,24.5,15.8,0.4795,0.3422,0.8474,40.0,27.4,13.4,-0.0005999999999999894,0.013600000000000001,3.3999999999999986,-2.8999999999999986,-2.4000000000000004,1.0
2023_24,0022300260,2023-11-29,TOR,PHX,112,105,217,7,0.46749999999999997,0.3347,0.7359,44.8,28.5,13.9,0.4856,0.41850000000000004,0.8406,43.8,27.3,14.4,-0.018100000000000005,-0.08380000000000004,1.0,1.1999999999999993,0.5,1.0
2023_24,0022300258,2023-11-29,DET,LAL,107,133,240,-26,0.4627,0.3185,0.8262,45.8,25.8,16.8,0.5064,0.3625,0.7517,44.6,28.0,16.1,-0.04369999999999996,-0.043999999999999984,1.1999999999999957,-2.1999999999999993,-0.6999999999999993,1.0
2023_24,0022300272,2023-11-30,SAS,ATL,135,137,272,-2,0.4426,0.3327,0.7759,43.3,28.9,16.4,0.47379999999999994,0.3881,0.8093,42.7,24.2,14.8,-0.03119999999999995,-0.055400000000000005,0.5999999999999943,4.699999999999999,-1.5999999999999979,1.0
2023_24,0022300271,2023-11-30,OKC,LAL,133,110,243,23,0.4939,0.4088,0.8606,40.3,26.2,12.6,0.5075000000000001,0.3534,0.7567999999999999,45.2,28.1,16.2,-0.013600000000000056,0.055400000000000005,-4.900000000000006,-1.9000000000000021,3.5999999999999996,1.0
2023_24,0022300270,2023-11-30,MIN,UTA,101,90,191,11,0.48460000000000003,0.3657,0.8023,44.2,25.2,15.3,0.4485,0.3651,0.8246,45.5,26.4,17.3,0.03610000000000002,0.0006000000000000449,-1.2999999999999972,-1.1999999999999993,2.0,1.0
2023_24,0022300269,2023-11-30,CHI,MIL,120,113,233,7,0.44190000000000007,0.3497,0.7978,40.6,21.4,11.8,0.5036,0.3764,0.7697,46.9,26.3,12.8,-0.06169999999999998,-0.0267,-6.299999999999997,-4.900000000000002,1.0,1.0
2023_24,0022300273,2023-11-30,GSW,LAC,120,114,234,6,0.44299999999999995,0.3668,0.8029,47.8,27.4,16.3,0.45599999999999996,0.3506,0.7741,46.0,24.7,12.2,-0.013000000000000012,0.016199999999999992,1.7999999999999972,2.6999999999999993,-4.100000000000001,1.0
2023_24,0022300267,2023-11-30,MIA,IND,142,132,274,10,0.4718,0.3841,0.8506,39.2,26.1,11.1,0.5164,0.3893,0.825,39.0,29.6,13.5,-0.04459999999999997,-0.005199999999999982,0.20000000000000284,-3.5,2.4000000000000004,1.0
2023_24,0022300266,2023-11-30,BKN,CHA,128,129,257,-1,0.4638,0.3917,0.7995,48.9,25.5,14.6,0.46420000000000006,0.368,0.7415999999999999,45.7,24.1,14.8,-0.00040000000000006697,0.0237,3.1999999999999957,1.3999999999999986,0.20000000000000107,1.0
2023_24,0022300265,2023-11-30,CLE,POR,95,103,198,-8,0.49779999999999996,0.3792,0.7975,44.8,26.5,14.6,0.44299999999999995,0.37,0.7574,37.1,23.2,16.6,0.054800000000000015,0.009199999999999986,7.699999999999996,3.3000000000000007,2.0000000000000018,1.0
2023_24,0022300268,2023-11-30,NYK,DET,118,112,230,6,0.46449999999999997,0.4013,0.7483000000000001,44.9,22.8,11.7,0.45640000000000003,0.3169,0.8167,45.8,26.3,16.6,0.00809999999999994,0.08439999999999998,-0.8999999999999986,-3.5,4.900000000000002,1.0
2023_24,0022300274,2023-12-01,ORL,WAS,130,125,255,5,0.4929,0.38180000000000003,0.7863,43.1,26.0,15.8,0.4777,0.3433,0.8394999999999999,39.3,27.4,12.9,0.015199999999999991,0.038500000000000034,3.8000000000000043,-1.3999999999999986,-2.9000000000000004,1.0
2023_24,0022300275,2023-12-01,BOS,PHI,125,119,244,6,0.47709999999999997,0.355,0.7778,44.9,25.2,13.6,0.4711,0.3718,0.8728,43.9,26.3,12.9,0.00599999999999995,-0.016800000000000037,1.0,-1.1000000000000014,-0.6999999999999993,1.0
2023_24,0022300276,2023-12-01,TOR,NYK,106,119,225,-13,0.4742,0.3447,0.7341,46.0,28.5,14.0,0.46509999999999996,0.3951,0.7515,44.3,22.5,12.4,0.009100000000000052,-0.0504,1.7000000000000028,6.0,-1.5999999999999996,1.0
2023_24,0022300277,2023-12-01,DAL,MEM,94,108,202,-14,0.4633,0.3585,0.7444,42.4,25.4,10.3,0.41580000000000006,0.3201,0.7636000000000001,40.3,23.6,13.0,0.04749999999999993,0.03839999999999999,2.1000000000000014,1.7999999999999972,2.6999999999999993,1.0
2023_24,0022300278,2023-12-01,NOP,SAS,121,106,227,15,0.5027,0.3812,0.7197,45.8,30.2,13.8,0.4476,0.35009999999999997,0.8057000000000001,43.4,29.2,17.2,0.05510000000000004,0.031100000000000017,2.3999999999999986,1.0,3.3999999999999986,1.0
2023_24,0022300279,2023-12-01,PHX,DEN,111,119,230,-8,0.4838,0.4058,0.8523,43.1,26.6,13.2,0.47800000000000004,0.37429999999999997,0.7111,43.8,28.9,12.7,0.005799999999999972,0.03150000000000003,-0.6999999999999957,-2.299999999999997,-0.5,1.0
2023_24,0022300287,2023-12-02,DAL,OKC,120,126,246,-6,0.4527,0.3478,0.7498,42.8,25.6,9.9,0.49589999999999995,0.3992,0.8537000000000001,41.0,26.8,12.1,-0.04319999999999996,-0.0514,1.7999999999999972,-1.1999999999999993,2.1999999999999993,1.0
2023_24,0022300290,2023-12-02,SAC,DEN,123,117,240,6,0.4814,0.37,0.7531,43.7,27.7,13.7,0.48860000000000003,0.38370000000000004,0.6908000000000001,42.1,30.3,12.5,-0.00720000000000004,-0.013700000000000045,1.6000000000000014,-2.6000000000000014,-1.1999999999999993,1.0
2023_24,0022300289,2023-12-02,UTA,POR,118,113,231,5,0.43950000000000006,0.3568,0.8230999999999999,45.9,26.0,17.2,0.44299999999999995,0.37360000000000004,0.7815000000000001,37.5,23.5,17.1,-0.003499999999999892,-0.016800000000000037,8.399999999999999,2.5,-0.09999999999999787,1.0
2023_24,0022300291,2023-12-02,LAL,HOU,107,97,204,10,0.5031,0.36560000000000004,0.7601,45.2,27.8,16.7,0.4729,0.3447,0.7746999999999999,44.6,26.0,11.6,0.030200000000000005,0.02090000000000003,0.6000000000000014,1.8000000000000007,-5.1,1.0
2023_24,0022300286,2023-12-02,MIL,ATL,132,121,253,11,0.4991,0.3787,0.7908999999999999,47.6,26.6,13.0,0.4766,0.392,0.8188000000000001,42.8,24.4,14.0,0.022499999999999964,-0.013300000000000034,4.800000000000004,2.200000000000003,1.0,1.0
2023_24,0022300288,2023-12-02,PHX,MEM,116,109,225,7,0.48550000000000004,0.3986,0.8705,42.2,26.6,13.1,0.4258,0.32280000000000003,0.7704,41.7,24.3,13.1,0.05970000000000003,0.07579999999999998,0.5,2.3000000000000007,0.0,1.0
2023_24,0022300284,2023-12-02,MIA,IND,129,144,273,-15,0.4788,0.3906,0.843,40.1,26.3,11.0,0.5095,0.36229999999999996,0.7948999999999999,37.5,28.8,13.0,-0.03069999999999995,0.028300000000000047,2.6000000000000014,-2.5,2.0,1.0
2023_24,0022300283,2023-12-02,DET,CLE,101,110,211,-9,0.4605,0.3357,0.7876000000000001,44.7,25.7,16.7,0.49750000000000005,0.3644,0.8208,43.8,26.7,15.4,-0.03700000000000003,-0.028700000000000003,0.9000000000000057,-1.0,-1.299999999999999,1.0
2023_24,0022300282,2023-12-02,BKN,ORL,129,101,230,28,0.47309999999999997,0.394,0.7816,49.2,25.4,14.1,0.5017,0.382,0.7794,43.2,27.1,15.7,-0.02860000000000007,0.01200000000000001,6.0,-1.7000000000000028,1.5999999999999996,1.0
2023_24,0022300281,2023-12-02,CHA,MIN,117,123,240,-6,0.4628,0.3943,0.7673,45.1,25.4,13.5,0.479,0.3658,0.8013999999999999,43.3,25.8,14.7,-0.016199999999999992,0.02849999999999997,1.8000000000000043,-0.40000000000000213,1.1999999999999993,1.0
2023_24,0022300280,2023-12-02,LAC,GSW,113,112,225,1,0.4513,0.3585,0.7602,45.6,25.2,11.4,0.45,0.3739,0.8002,47.6,28.3,16.3,0.0012999999999999678,-0.015400000000000025,-2.0,-3.1000000000000014,4.9,1.0
2023_24,0022300285,2023-12-02,CHI,NOP,124,118,242,6,0.4394,0.34809999999999997,0.7951,41.7,22.4,13.2,0.501,0.36629999999999996,0.7537,44.6,29.7,13.2,-0.06159999999999999,-0.018199999999999994,-2.8999999999999986,-7.300000000000001,0.0,1.0
2023_24,0022301202,2023-12-04,IND,BOS,122,112,234,10,0.5239,0.3806,0.7899,36.1,29.7,12.8,0.47300000000000003,0.3694,0.8024000000000001,44.9,24.7,14.3,0.0509,0.011199999999999988,-8.799999999999997,5.0,1.5,1.0
2023_24,0022301204,2023-12-04,SAC,NOP,117,127,244,-10,0.48810000000000003,0.3894,0.7502,43.2,28.2,13.0,0.4989,0.36150000000000004,0.7605999999999999,44.3,28.4,13.1,-0.010799999999999976,0.02789999999999998,-1.0999999999999943,-0.1999999999999993,0.09999999999999964,1.0
2023_24,0022301201,2023-12-05,MIL,NYK,146,122,268,24,0.5115000000000001,0.3892,0.8005000000000001,46.7,27.6,12.9,0.46109999999999995,0.3978,0.7661,44.6,23.0,12.8,0.05040000000000011,-0.008599999999999997,2.1000000000000014,4.600000000000001,-0.09999999999999964,1.0
2023_24,0022301203,2023-12-05,LAL,PHX,106,103,209,3,0.49000000000000005,0.3323,0.7555,44.6,27.2,16.0,0.49030000000000007,0.4022,0.868,41.5,27.0,13.1,-0.00030000000000002247,-0.06990000000000002,3.1000000000000014,0.1999999999999993,-2.9000000000000004,1.0
2023_24,0022301215,2023-12-06,LAC,DEN,111,102,213,9,0.4567,0.3565,0.7807000000000001,45.5,25.7,10.9,0.48469999999999996,0.3729,0.6777,43.1,31.2,12.2,-0.02799999999999997,-0.016400000000000026,2.3999999999999986,-5.5,1.299999999999999,1.0
2023_24,0022301214,2023-12-06,GSW,POR,110,106,216,4,0.45309999999999995,0.37920000000000004,0.8027000000000001,46.3,28.8,15.8,0.433,0.371,0.7926,37.7,22.3,16.6,0.02009999999999995,0.00820000000000004,8.599999999999994,6.5,0.8000000000000007,1.0
2023_24,0022301213,2023-12-06,DAL,UTA,147,97,244,50,0.4455,0.3391,0.727,43.4,25.2,10.6,0.4345,0.3288,0.8092,47.7,25.9,16.9,0.01100000000000001,0.010300000000000031,-4.300000000000004,-0.6999999999999993,6.299999999999999,1.0
2023_24,0022301212,2023-12-06,HOU,OKC,110,101,211,9,0.4585,0.3378,0.7893,44.3,25.8,12.0,0.4951,0.42140000000000005,0.8542,42.2,27.0,11.8,-0.036599999999999966,-0.08360000000000006,2.0999999999999943,-1.1999999999999993,-0.1999999999999993,1.0
2023_24,0022301211,2023-12-06,CHI,CHA,111,100,211,11,0.4559,0.3573,0.7779,41.1,23.2,13.7,0.4657,0.42089999999999994,0.7925,42.0,25.2,13.3,-0.009799999999999975,-0.06359999999999993,-0.8999999999999986,-2.0,-0.3999999999999986,1.0
2023_24,0022301209,2023-12-06,ATL,BKN,113,114,227,-1,0.47750000000000004,0.39239999999999997,0.8117000000000001,42.0,24.4,12.9,0.4789,0.3947,0.7669,50.3,25.9,14.0,-0.0013999999999999568,-0.0023000000000000242,-8.299999999999997,-1.5,1.0999999999999996,1.0
2023_24,0022301208,2023-12-06,WAS,PHI,126,131,257,-5,0.4908,0.3653,0.8385,39.1,27.9,13.1,0.46630000000000005,0.3751,0.8616999999999999,42.7,25.1,13.3,0.024499999999999966,-0.009799999999999975,-3.6000000000000014,2.799999999999997,0.20000000000000107,1.0
2023_24,0022301207,2023-12-06,TOR,MIA,103,112,215,-9,0.46820000000000006,0.3435,0.7367,46.0,28.9,13.3,0.4889,0.39990000000000003,0.8371999999999999,38.8,26.4,11.5,-0.02069999999999994,-0.056400000000000006,7.200000000000003,2.5,-1.8000000000000007,1.0
2023_24,0022301206,2023-12-06,DET,MEM,102,116,218,-14,0.461,0.3338,0.771,44.8,25.3,16.6,0.42560000000000003,0.3122,0.7852,42.0,23.4,13.7,0.03539999999999999,0.021600000000000008,2.799999999999997,1.9000000000000021,-2.900000000000002,1.0
2023_24,0022301205,2023-12-06,CLE,ORL,121,111,232,10,0.4974,0.352,0.8051,44.2,26.8,15.4,0.4976,0.3782,0.7847,43.2,27.2,15.2,-0.00019999999999997797,-0.0262,1.0,-0.3999999999999986,-0.20000000000000107,1.0
2023_24,0022301210,2023-12-06,MIN,SAS,102,94,196,8,0.47780000000000006,0.368,0.8181,42.7,25.7,14.4,0.44670000000000004,0.3558,0.8249000000000001,43.5,29.1,17.8,0.031100000000000017,0.012199999999999989,-0.7999999999999972,-3.400000000000002,3.4000000000000004,1.0
2023_24,0022301229,2023-12-07,MIL,IND,119,128,247,-9,0.5201,0.3984,0.7737,46.3,28.3,12.8,0.5218,0.38639999999999997,0.7809,36.2,29.8,12.1,-0.0017000000000000348,0.01200000000000001,10.099999999999994,-1.5,-0.7000000000000011,1.0
2023_24,0022301230,2023-12-07,LAL,NOP,133,89,222,44,0.4767,0.32439999999999997,0.7605999999999999,44.8,27.1,14.7,0.5006,0.3545,0.7908000000000001,44.6,28.0,13.4,-0.023900000000000032,-0.030100000000000016,0.19999999999999574,-0.8999999999999986,-1.299999999999999,1.0
2023_24,0022301228,2023-12-08,PHX,SAC,106,114,220,-8,0.4796,0.39540000000000003,0.8557,42.7,26.4,14.4,0.47380000000000005,0.3759,0.7684,43.3,27.9,13.4,0.005799999999999972,0.019500000000000017,-0.5999999999999943,-1.5,-1.0,1.0
2023_24,0022301227,2023-12-08,BOS,NYK,133,123,256,10,0.46980000000000005,0.3545,0.7753,46.8,24.7,15.0,0.4687,0.3853,0.7832,44.5,24.0,13.3,0.0011000000000000454,-0.030799999999999994,2.299999999999997,0.6999999999999993,-1.6999999999999993,1.0
2023_24,0022301226,2023-12-08,POR,DAL,112,125,237,-13,0.4321,0.3744,0.7976,37.4,22.2,15.9,0.4519,0.3463,0.7192000000000001,43.9,26.0,10.8,-0.01980000000000004,0.028100000000000014,-6.5,-3.8000000000000007,-5.1,1.0
2023_24,0022301225,2023-12-08,UTA,LAC,103,117,220,-14,0.4284,0.335,0.7992,46.8,25.5,17.5,0.45970000000000005,0.35609999999999997,0.7692,46.4,25.7,10.9,-0.03130000000000005,-0.021099999999999952,0.3999999999999986,-0.1999999999999993,-6.6,1.0
2023_24,0022301224,2023-12-08,DEN,HOU,106,114,220,-8,0.47750000000000004,0.3866,0.7166,42.6,30.4,12.0,0.46580000000000005,0.3547,0.7788999999999999,45.4,26.6,13.2,0.011699999999999988,0.031899999999999984,-2.799999999999997,3.799999999999997,1.1999999999999993,1.0
2023_24,0022301223,2023-12-08,SAS,CHI,112,121,233,-9,0.43810000000000004,0.3348,0.8083,43.4,27.9,17.3,0.45830000000000004,0.378,0.7708,41.5,23.9,13.4,-0.020199999999999996,-0.043200000000000016,1.8999999999999986,4.0,-3.9000000000000004,1.0
2023_24,0022301220,2023-12-08,MIA,CLE,99,111,210,-12,0.4868,0.4109,0.8393,39.0,27.1,11.4,0.4949,0.3632,0.8039,44.0,27.4,15.3,-0.008099999999999996,0.047699999999999965,-5.0,-0.29999999999999716,3.9000000000000004,1.0
2023_24,0022301221,2023-12-08,MEM,MIN,103,127,230,-24,0.43520000000000003,0.32280000000000003,0.7888,42.5,23.5,13.5,0.4748,0.3568,0.8181,44.0,25.3,13.8,-0.03959999999999997,-0.033999999999999975,-1.5,-1.8000000000000007,0.3000000000000007,1.0
2023_24,0022301219,2023-12-08,BKN,WAS,124,97,221,27,0.4868,0.4109,0.7577,48.2,26.1,13.3,0.49610000000000004,0.35910000000000003,0.8634999999999999,38.5,28.6,12.0,-0.00930000000000003,0.05179999999999996,9.700000000000003,-2.5,-1.3000000000000007,1.0
2023_24,0022301218,2023-12-08,PHI,ATL,125,114,239,11,0.46740000000000004,0.3774,0.8499000000000001,43.2,25.8,12.8,0.47050000000000003,0.3903,0.8138,42.8,24.1,12.8,-0.0030999999999999917,-0.012899999999999967,0.4000000000000057,1.6999999999999993,0.0,1.0
2023_24,0022301217,2023-12-08,ORL,DET,123,91,214,32,0.5074,0.3583,0.7777000000000001,42.2,27.4,14.8,0.4629,0.3308,0.7902,44.1,25.7,16.7,0.044499999999999984,0.027500000000000024,-1.8999999999999986,1.6999999999999993,1.8999999999999986,1.0
2023_24,0022301216,2023-12-08,CHA,TOR,119,116,235,3,0.4622,0.4136,0.8289,42.6,25.6,13.8,0.4716,0.354,0.7378,45.1,29.0,13.3,-0.00940000000000002,0.05960000000000004,-2.5,-3.3999999999999986,-0.5,1.0
2023_24,0022301222,2023-12-08,OKC,GSW,138,136,274,2,0.4888,0.41200000000000003,0.8493999999999999,41.9,26.9,11.8,0.45649999999999996,0.3807,0.8018000000000001,46.2,28.4,16.1,0.03230000000000005,0.03130000000000005,-4.300000000000004,-1.5,4.300000000000001,1.0
2023_24,0022300304,2023-12-11,LAC,POR,132,127,259,5,0.4652,0.362,0.7754,45.7,25.8,10.9,0.43179999999999996,0.3742,0.799,39.2,21.8,16.0,0.03340000000000004,-0.012199999999999989,6.5,4.0,5.1,1.0
2023_24,0022300303,2023-12-11,SAC,BKN,131,118,249,13,0.46950000000000003,0.3754,0.7719,43.8,27.3,13.1,0.4808,0.39249999999999996,0.7705,49.3,26.6,12.8,-0.011299999999999977,-0.01709999999999995,-5.5,0.6999999999999993,-0.29999999999999893,1.0
2023_24,0022300302,2023-12-11,OKC,UTA,134,120,254,14,0.4891,0.3907,0.8554999999999999,41.8,25.0,11.3,0.42300000000000004,0.3196,0.7903,46.9,25.1,18.3,0.06609999999999994,0.0711,-5.100000000000001,-0.10000000000000142,7.0,1.0
2023_24,0022300301,2023-12-11,NOP,MIN,121,107,228,14,0.4852,0.3357,0.7738,44.8,27.5,12.9,0.4791,0.3778,0.8175000000000001,45.4,26.5,14.5,0.006099999999999994,-0.042100000000000026,-0.6000000000000014,1.0,1.5999999999999996,1.0
2023_24,0022300300,2023-12-11,MIL,CHI,133,129,262,4,0.5098,0.3859,0.7718,46.0,27.0,12.7,0.4601,0.3899,0.7518,43.7,24.7,12.6,0.04970000000000002,-0.0040000000000000036,2.299999999999997,2.3000000000000007,-0.09999999999999964,1.0
2023_24,0022300298,2023-12-11,HOU,SAS,93,82,175,11,0.466,0.3567,0.7734,45.6,26.7,13.3,0.4464,0.3453,0.8266,43.5,29.0,16.1,0.019600000000000006,0.011400000000000021,2.1000000000000014,-2.3000000000000007,2.8000000000000007,1.0
2023_24,0022300299,2023-12-11,MEM,DAL,113,120,233,-7,0.44139999999999996,0.328,0.7875,42.0,23.1,13.6,0.46130000000000004,0.3438,0.7287,43.6,26.1,10.3,-0.019900000000000084,-0.01579999999999998,-1.6000000000000014,-3.0,-3.299999999999999,1.0
2023_24,0022300296,2023-12-11,ATL,DEN,122,129,251,-7,0.45519999999999994,0.3849,0.8274000000000001,45.3,23.3,12.7,0.4721,0.374,0.7168,44.0,30.3,11.7,-0.01690000000000008,0.01090000000000002,1.2999999999999972,-7.0,-1.0,1.0
2023_24,0022300295,2023-12-11,PHI,WAS,146,101,247,45,0.46980000000000005,0.3774,0.8492,43.9,26.4,13.0,0.4896,0.344,0.8523,38.0,28.2,12.4,-0.01979999999999993,0.03340000000000004,5.899999999999999,-1.8000000000000007,-0.5999999999999996,1.0
2023_24,0022300294,2023-12-11,ORL,CLE,104,94,198,10,0.5144,0.3644,0.787,42.1,27.6,13.9,0.4897,0.35710000000000003,0.7979,45.2,27.4,15.4,0.024699999999999944,0.007299999999999973,-3.1000000000000014,0.20000000000000284,1.5,1.0
2023_24,0022300293,2023-12-11,DET,IND,123,131,254,-8,0.4527,0.31629999999999997,0.7914,43.7,23.8,16.6,0.5186,0.3666,0.7807000000000001,38.1,29.7,12.1,-0.06589999999999996,-0.05030000000000001,5.600000000000001,-5.899999999999999,-4.500000000000002,1.0
2023_24,0022300292,2023-12-11,CHA,MIA,114,116,230,-2,0.47350000000000003,0.4187,0.8371000000000001,41.2,26.5,13.6,0.4779,0.4037,0.8102,39.5,26.8,12.3,-0.0043999999999999595,0.015000000000000013,1.7000000000000028,-0.3000000000000007,-1.299999999999999,1.0
2023_24,0022300297,2023-12-11,NYK,TOR,136,130,266,6,0.4708,0.3787,0.7664,44.7,23.9,13.0,0.47380000000000005,0.3364,0.7497,45.2,29.3,13.4,-0.003000000000000058,0.042300000000000004,-0.5,-5.400000000000002,0.40000000000000036,1.0
2023_24,0022300305,2023-12-12,BOS,CLE,120,113,233,7,0.4748,0.3589,0.7821,45.7,24.8,14.8,0.4701000000000001,0.33890000000000003,0.7968,45.3,25.9,15.4,0.0046999999999999265,0.019999999999999962,0.4000000000000057,-1.0999999999999979,0.5999999999999996,1.0
2023_24,0022300306,2023-12-12,DAL,LAL,127,125,252,2,0.4591,0.3458,0.7596,43.3,25.6,11.0,0.48200000000000004,0.3316,0.7683,46.3,27.5,14.4,-0.02290000000000003,0.01419999999999999,-3.0,-1.8999999999999986,3.4000000000000004,1.0
2023_24,0022300307,2023-12-12,CHI,DEN,106,114,220,-8,0.4569,0.3984,0.7581,44.4,24.8,11.9,0.4795,0.3761,0.7199,44.6,30.2,11.9,-0.02260000000000001,0.022299999999999986,-0.20000000000000284,-5.399999999999999,0.0,1.0
2023_24,0022300308,2023-12-12,PHX,GSW,119,116,235,3,0.4755,0.3753,0.8324,43.1,25.5,14.6,0.46159999999999995,0.387,0.7969,47.6,28.5,17.0,0.013900000000000023,-0.011699999999999988,-4.5,-3.0,2.4000000000000004,1.0
2023_24,0022300309,2023-12-12,LAC,SAC,119,99,218,20,0.4729,0.3669,0.7828999999999999,44.1,26.1,11.1,0.4665,0.3881,0.7641,43.9,28.0,13.0,0.006399999999999961,-0.021199999999999997,0.20000000000000284,-1.8999999999999986,1.9000000000000004,1.0
2023_24,0022300316,2023-12-13,SAS,LAL,119,122,241,-3,0.43529999999999996,0.31579999999999997,0.8122,44.4,27.7,16.3,0.4888,0.3626,0.7626,46.1,28.3,14.1,-0.05350000000000005,-0.04680000000000001,-1.7000000000000028,-0.6000000000000014,-2.200000000000001,1.0
2023_24,0022300318,2023-12-13,UTA,NYK,117,113,230,4,0.42910000000000004,0.3186,0.8042,45.1,25.6,18.1,0.48179999999999995,0.3952,0.7615999999999999,44.1,24.9,13.4,-0.052699999999999914,-0.0766,1.0,0.7000000000000028,-4.700000000000001,1.0
2023_24,0022300317,2023-12-13,PHX,BKN,112,116,228,-4,0.47169999999999995,0.3712,0.8331,42.8,24.6,14.3,0.4814,0.40190000000000003,0.7878999999999999,49.4,26.1,12.6,-0.009700000000000042,-0.03070000000000006,-6.600000000000001,-1.5,-1.700000000000001,1.0
2023_24,0022300315,2023-12-13,MIL,IND,140,126,266,14,0.5089,0.3886,0.7679,46.7,27.5,13.1,0.5235000000000001,0.3734,0.7847000000000001,38.3,29.8,12.8,-0.014600000000000057,0.015199999999999991,8.400000000000006,-2.3000000000000007,-0.29999999999999893,1.0
2023_24,0022300310,2023-12-13,DET,PHI,111,129,240,-18,0.4654,0.3251,0.7814,41.6,24.4,16.4,0.4756,0.3776,0.8408,44.3,26.9,12.7,-0.010200000000000042,-0.05249999999999999,-2.6999999999999957,-2.5,-3.6999999999999993,1.0
2023_24,0022300313,2023-12-13,TOR,ATL,135,128,263,7,0.4689,0.33340000000000003,0.7609,44.3,28.1,13.6,0.4561,0.3871,0.8417999999999999,44.9,23.4,12.4,0.012799999999999978,-0.05369999999999997,-0.6000000000000014,4.700000000000003,-1.1999999999999993,1.0
2023_24,0022300312,2023-12-13,MIA,CHA,115,104,219,11,0.48310000000000003,0.4133,0.807,40.4,27.6,11.9,0.48040000000000005,0.43709999999999993,0.828,40.0,27.8,13.5,0.00269999999999998,-0.023799999999999932,0.3999999999999986,-0.1999999999999993,1.5999999999999996,1.0
2023_24,0022300311,2023-12-13,WAS,NOP,122,142,264,-20,0.4869,0.3417,0.8230000000000001,39.2,27.8,13.2,0.47969999999999996,0.3298,0.7703,44.0,26.4,13.1,0.00720000000000004,0.011900000000000022,-4.799999999999997,1.4000000000000021,-0.09999999999999964,1.0
2023_24,0022300314,2023-12-13,HOU,MEM,117,104,221,13,0.4572,0.3552,0.7884,46.9,26.3,13.2,0.441,0.3356,0.7882,41.3,23.4,14.0,0.016199999999999992,0.019600000000000006,5.600000000000001,2.900000000000002,0.8000000000000007,1.0
2023_24,0022300325,2023-12-14,LAC,GSW,121,113,234,8,0.47940000000000005,0.3727,0.8022,44.0,25.3,11.2,0.4654,0.3877,0.7847000000000001,47.8,28.4,16.9,0.014000000000000068,-0.015000000000000013,-3.799999999999997,-3.099999999999998,5.699999999999999,1.0
2023_24,0022300323,2023-12-14,POR,UTA,114,122,236,-8,0.43920000000000003,0.3947,0.8114000000000001,38.0,22.6,15.3,0.4342,0.3317,0.8006,46.2,26.2,18.3,0.00500000000000006,0.063,-8.200000000000003,-3.599999999999998,3.0,1.0
2023_24,0022300322,2023-12-14,DEN,BKN,124,101,225,23,0.47919999999999996,0.3799,0.7125,45.0,30.1,11.8,0.4806,0.3992,0.7921,48.5,26.1,11.8,-0.0014000000000000679,-0.019299999999999984,-3.5,4.0,0.0,1.0
2023_24,0022300324,2023-12-14,SAC,OKC,128,123,251,5,0.4551,0.3726,0.7586999999999999,42.9,27.3,13.1,0.4906,0.3787,0.8583000000000001,41.5,25.4,11.2,-0.035499999999999976,-0.006099999999999994,1.3999999999999986,1.9000000000000021,-1.9000000000000004,1.0
2023_24,0022300320,2023-12-14,MIA,CHI,116,124,240,-8,0.4808,0.4147,0.8167,40.8,27.4,13.2,0.45309999999999995,0.40120000000000006,0.7556,44.9,25.3,12.2,0.027700000000000058,0.013499999999999956,-4.100000000000001,2.099999999999998,-1.0,1.0
2023_24,0022300319,2023-12-14,BOS,CLE,116,107,223,9,0.47430000000000005,0.365,0.7932,45.8,24.2,15.2,0.46900000000000003,0.3451,0.7795,43.2,25.3,15.1,0.005300000000000027,0.019899999999999973,2.5999999999999943,-1.1000000000000014,-0.09999999999999964,1.0
2023_24,0022300321,2023-12-14,DAL,MIN,101,119,220,-18,0.45899999999999996,0.3606,0.7753,42.0,25.7,10.8,0.46929999999999994,0.372,0.8097,46.8,26.2,14.5,-0.010299999999999976,-0.011400000000000021,-4.799999999999997,-0.5,3.6999999999999993,1.0
2023_24,0022300333,2023-12-15,PHX,NYK,122,139,261,-17,0.4627,0.3621,0.8219,43.9,24.8,14.0,0.4749,0.3751,0.7567,44.0,24.3,13.3,-0.012199999999999989,-0.013000000000000012,-0.10000000000000142,0.5,-0.6999999999999993,1.0
2023_24,0022300326,2023-12-15,CHA,NOP,107,112,219,-5,0.4848,0.4272,0.8343,39.5,27.6,14.3,0.4847,0.3536,0.7813,43.8,27.1,13.1,9.999999999998899e-05,0.0736,-4.299999999999997,0.5,-1.200000000000001,1.0
2023_24,0022300327,2023-12-15,PHI,DET,124,92,216,32,0.4805,0.3686,0.8288,45.2,26.5,13.3,0.4627,0.32080000000000003,0.7838,41.0,24.3,15.7,0.017799999999999983,0.047799999999999954,4.200000000000003,2.1999999999999993,2.3999999999999986,1.0
2023_24,0022300328,2023-12-15,WAS,IND,137,123,260,14,0.48250000000000004,0.3504,0.8204,39.9,27.7,14.3,0.5243,0.3782,0.7854,38.8,30.4,13.0,-0.04179999999999995,-0.02779999999999999,1.1000000000000014,-2.6999999999999993,-1.3000000000000007,1.0
2023_24,0022300329,2023-12-15,BOS,ORL,128,111,239,17,0.47940000000000005,0.3624,0.7982,45.7,24.4,14.8,0.5114,0.3563,0.7797,42.2,27.7,13.8,-0.03199999999999992,0.006099999999999994,3.5,-3.3000000000000007,-1.0,1.0
2023_24,0022300330,2023-12-15,TOR,ATL,104,125,229,-21,0.47569999999999996,0.3363,0.7544,45.2,29.1,12.7,0.4441,0.3826,0.8333999999999999,45.2,23.8,11.6,0.03159999999999996,-0.04630000000000001,0.0,5.300000000000001,-1.0999999999999996,1.0
2023_24,0022300331,2023-12-15,SAS,LAL,129,115,244,14,0.43879999999999997,0.3215,0.8036,45.0,27.9,16.5,0.4856,0.3647,0.7399,45.5,27.9,14.2,-0.04680000000000001,-0.043200000000000016,-0.5,0.0,-2.3000000000000007,1.0
2023_24,0022300332,2023-12-15,MEM,HOU,96,103,199,-7,0.44480000000000003,0.32330000000000003,0.7687999999999999,41.0,23.1,14.0,0.4537,0.3549,0.7814,49.3,25.1,13.3,-0.008899999999999963,-0.03159999999999996,-8.299999999999997,-2.0,-0.6999999999999993,1.0
2023_24,0022300342,2023-12-16,SAC,UTA,125,104,229,21,0.4667,0.3882,0.7682,44.0,27.8,13.5,0.4407,0.3327,0.8127000000000001,46.3,26.4,17.0,0.026000000000000023,0.055499999999999994,-2.299999999999997,1.4000000000000021,3.5,1.0
2023_24,0022300341,2023-12-16,POR,DAL,120,131,251,-11,0.44089999999999996,0.40380000000000005,0.8114000000000001,39.8,23.5,14.5,0.45940000000000003,0.3472,0.7911,41.4,25.5,11.4,-0.018500000000000072,0.05660000000000004,-1.6000000000000014,-2.0,-3.0999999999999996,1.0
2023_24,0022300343,2023-12-16,LAC,NYK,144,122,266,22,0.4843,0.38360000000000005,0.8241999999999999,44.1,25.3,11.5,0.49989999999999996,0.41,0.763,42.8,25.5,13.4,-0.015599999999999947,-0.026399999999999924,1.3000000000000043,-0.1999999999999993,1.9000000000000004,1.0
2023_24,0022300339,2023-12-16,GSW,BKN,124,120,244,4,0.46349999999999997,0.3842,0.7932,47.2,27.3,16.6,0.47300000000000003,0.383,0.7838,47.9,26.1,11.8,-0.009500000000000064,0.0011999999999999789,-0.6999999999999957,1.1999999999999993,-4.800000000000001,1.0
2023_24,0022300340,2023-12-16,DEN,OKC,117,118,235,-1,0.49269999999999997,0.3899,0.7268,45.2,31.5,11.2,0.4817,0.3745,0.8572,41.2,25.4,11.4,0.010999999999999954,0.015400000000000025,4.0,6.100000000000001,0.20000000000000107,1.0
2023_24,0022300337,2023-12-16,MIA,CHI,118,116,234,2,0.4748,0.40170000000000006,0.8128,40.9,27.0,13.1,0.4629,0.40149999999999997,0.7222999999999999,45.4,26.3,11.5,0.011900000000000022,0.000200000000000089,-4.5,0.6999999999999993,-1.5999999999999996,1.0
2023_24,0022300338,2023-12-16,MIN,IND,127,109,236,18,0.46799999999999997,0.3848,0.8027000000000001,46.9,26.2,14.8,0.5086,0.3668,0.7854,40.0,30.4,13.1,-0.04060000000000008,0.01799999999999996,6.899999999999999,-4.199999999999999,-1.700000000000001,1.0
2023_24,0022300336,2023-12-16,CLE,ATL,127,119,246,8,0.4704,0.3317,0.8022,43.7,24.9,14.8,0.4516,0.3849,0.8236000000000001,44.9,24.8,11.6,0.018799999999999983,-0.053200000000000025,-1.1999999999999957,0.09999999999999787,-3.200000000000001,1.0
2023_24,0022300335,2023-12-16,CHA,PHI,82,135,217,-53,0.4852,0.4229,0.8164,37.7,26.5,13.8,0.4806,0.375,0.8367000000000001,46.2,27.0,13.1,0.004599999999999993,0.0479,-8.5,-0.5,-0.7000000000000011,1.0
2023_24,0022300334,2023-12-16,MIL,DET,146,114,260,32,0.5043,0.3766,0.77,45.5,26.9,13.2,0.4615,0.3065,0.7698,40.9,24.1,16.0,0.04279999999999995,0.0701,4.600000000000001,2.799999999999997,2.8000000000000007,1.0
2023_24,0022300344,2023-12-17,BOS,ORL,114,97,211,17,0.4883,0.3733,0.8039,44.3,25.6,14.4,0.5097,0.35760000000000003,0.7819,42.7,27.1,14.6,-0.02140000000000003,0.015699999999999992,1.5999999999999943,-1.5,0.1999999999999993,1.0
2023_24,0022300345,2023-12-17,SAS,NOP,110,146,256,-36,0.445,0.33809999999999996,0.8145,44.6,29.1,15.8,0.4833,0.3452,0.7916000000000001,43.7,26.9,13.2,-0.0383,-0.007100000000000051,0.8999999999999986,2.200000000000003,-2.6000000000000014,1.0
2023_24,0022300346,2023-12-17,MIL,HOU,128,119,247,9,0.5165,0.3836,0.7779,45.7,27.0,13.8,0.4438,0.36110000000000003,0.79,49.6,24.1,13.6,0.07269999999999999,0.022499999999999964,-3.8999999999999986,2.8999999999999986,-0.20000000000000107,1.0
2023_24,0022300347,2023-12-17,PHX,WAS,112,108,220,4,0.4702,0.3621,0.8183,42.9,25.6,13.7,0.4936,0.3641,0.8140000000000001,39.9,28.7,15.2,-0.023399999999999976,-0.0020000000000000018,3.0,-3.099999999999998,1.5,1.0
2023_24,0022300348,2023-12-17,POR,GSW,114,118,232,-4,0.44719999999999993,0.3805,0.8128,41.2,23.2,14.3,0.46509999999999996,0.38849999999999996,0.8034000000000001,47.1,27.6,17.2,-0.017900000000000027,-0.007999999999999952,-5.899999999999999,-4.400000000000002,2.8999999999999986,1.0
2023_24,0022300359,2023-12-18,LAL,NYK,109,114,223,-5,0.4875,0.3574,0.741,44.7,28.5,13.5,0.4986,0.4069,0.7847999999999999,42.1,25.4,12.5,-0.011099999999999999,-0.04949999999999999,2.6000000000000014,3.1000000000000014,-1.0,1.0
2023_24,0022300358,2023-12-18,SAC,WAS,143,131,274,12,0.4761,0.403,0.7586,44.7,29.2,13.7,0.4867,0.354,0.8130000000000001,39.7,28.2,15.3,-0.010599999999999998,0.049000000000000044,5.0,1.0,1.6000000000000014,1.0
2023_24,0022300357,2023-12-18,UTA,BKN,125,108,233,17,0.4412,0.3302,0.8065,44.8,26.9,15.9,0.47140000000000004,0.3836,0.7835,47.9,26.5,12.1,-0.03020000000000006,-0.0534,-3.1000000000000014,0.3999999999999986,-3.8000000000000007,1.0
2023_24,0022300356,2023-12-18,DEN,DAL,130,104,234,26,0.4817,0.3845,0.7343,45.3,30.7,10.1,0.46929999999999994,0.3492,0.8066000000000001,41.3,26.1,12.3,0.012400000000000078,0.0353,4.0,4.599999999999998,2.200000000000001,1.0
2023_24,0022300355,2023-12-18,OKC,MEM,116,97,213,19,0.47240000000000004,0.3467,0.8404999999999999,40.9,24.8,10.7,0.4521,0.3289,0.7564,41.2,23.3,14.9,0.02030000000000004,0.017799999999999983,-0.30000000000000426,1.5,4.200000000000001,1.0
2023_24,0022300353,2023-12-18,MIA,MIN,108,112,220,-4,0.4875,0.41180000000000005,0.7936,39.9,27.6,13.0,0.4755,0.4063,0.8173,45.7,26.7,15.0,0.01200000000000001,0.00550000000000006,-5.800000000000004,0.9000000000000021,2.0,1.0
2023_24,0022300352,2023-12-18,ATL,DET,130,124,254,6,0.4488,0.378,0.8416,43.4,24.0,11.7,0.4585,0.28900000000000003,0.7711,40.2,24.4,15.4,-0.009700000000000042,0.08899999999999997,3.1999999999999957,-0.3999999999999986,3.700000000000001,1.0
2023_24,0022300351,2023-12-18,PHI,CHI,104,108,212,-4,0.5017,0.3983,0.8449,45.9,27.9,12.6,0.4598,0.3992,0.7488,45.7,26.8,11.7,0.04190000000000005,-0.0009000000000000119,0.19999999999999574,1.0999999999999979,-0.9000000000000004,1.0
2023_24,0022300350,2023-12-18,IND,LAC,127,151,278,-24,0.5037,0.3492,0.7854,40.9,29.6,13.1,0.4979,0.40449999999999997,0.8324,42.6,26.4,11.1,0.005800000000000027,-0.05529999999999996,-1.7000000000000028,3.200000000000003,-2.0,1.0
2023_24,0022300349,2023-12-18,CLE,HOU,135,130,265,5,0.4716,0.3377,0.8019000000000001,44.9,25.1,14.5,0.4532,0.36920000000000003,0.7907,47.8,24.5,13.9,0.018400000000000027,-0.03150000000000003,-2.8999999999999986,0.6000000000000014,-0.5999999999999996,1.0
2023_24,0022300354,2023-12-18,TOR,CHA,114,99,213,15,0.47430000000000005,0.32789999999999997,0.7271,43.8,29.5,12.2,0.4742,0.3997,0.8268000000000001,36.4,25.3,13.8,0.0001000000000000445,-0.07180000000000003,7.399999999999999,4.199999999999999,1.6000000000000014,1.0
2023_24,0022300360,2023-12-19,NOP,MEM,113,115,228,-2,0.49749999999999994,0.367,0.7941,44.6,27.6,13.4,0.44109999999999994,0.3368,0.7821,42.2,23.6,15.6,0.056400000000000006,0.030200000000000005,2.3999999999999986,4.0,2.1999999999999993,1.0
2023_24,0022300361,2023-12-19,MIL,SAS,132,119,251,13,0.5143,0.3907,0.7772,45.3,26.7,14.6,0.44909999999999994,0.3449,0.7946,44.1,29.4,15.7,0.06520000000000004,0.04580000000000001,1.1999999999999957,-2.6999999999999993,1.0999999999999996,1.0
2023_24,0022300362,2023-12-19,GSW,BOS,132,126,258,6,0.4702,0.3914,0.8063,47.1,27.8,17.0,0.4833,0.38,0.8089999999999999,45.5,24.7,14.3,-0.0131,0.011400000000000021,1.6000000000000014,3.1000000000000014,-2.6999999999999993,1.0
2023_24,0022300363,2023-12-19,POR,PHX,109,104,213,5,0.4431999999999999,0.374,0.8374,41.2,22.4,14.3,0.4645,0.3492,0.82,44.2,26.3,14.1,-0.021300000000000097,0.02479999999999999,-3.0,-3.900000000000002,-0.20000000000000107,1.0
2023_24,0022300370,2023-12-20,CHI,LAL,124,108,232,16,0.4588,0.40309999999999996,0.7515000000000001,46.2,27.1,11.6,0.4777,0.3558,0.7476,44.4,28.0,12.7,-0.018900000000000028,0.04729999999999995,1.8000000000000043,-0.8999999999999986,1.0999999999999996,1.0
2023_24,0022300373,2023-12-20,SAC,BOS,119,144,263,-25,0.4801,0.39390000000000003,0.7537,44.3,30.2,13.1,0.48369999999999996,0.3852,0.8242,47.9,25.8,13.6,-0.0035999999999999366,0.008700000000000041,-3.6000000000000014,4.399999999999999,0.5,1.0
2023_24,0022300372,2023-12-20,DAL,LAC,111,120,231,-9,0.4765,0.3597,0.7754000000000001,41.9,26.3,12.5,0.5138,0.4245,0.837,42.3,27.2,10.9,-0.037300000000000055,-0.06479999999999997,-0.3999999999999986,-0.8999999999999986,-1.5999999999999996,1.0
2023_24,0022300371,2023-12-20,HOU,ATL,127,134,261,-7,0.4505,0.36419999999999997,0.7929,47.6,25.4,13.9,0.462,0.3866,0.8599,43.1,25.0,11.9,-0.01150000000000001,-0.02240000000000003,4.5,0.3999999999999986,-2.0,1.0
2023_24,0022300369,2023-12-20,TOR,DEN,104,113,217,-9,0.4725,0.3222,0.7348,44.9,29.3,12.7,0.4902,0.3928,0.7625,44.7,30.8,9.9,-0.01770000000000005,-0.0706,0.19999999999999574,-1.5,-2.799999999999999,1.0
2023_24,0022300366,2023-12-20,ORL,MIA,106,115,221,-9,0.4936,0.3537,0.7702,42.9,26.2,14.3,0.4909,0.41609999999999997,0.8,39.5,27.9,12.7,0.00269999999999998,-0.062399999999999956,3.3999999999999986,-1.6999999999999993,-1.6000000000000014,1.0
2023_24,0022300367,2023-12-20,PHI,MIN,127,113,240,14,0.4991,0.39859999999999995,0.8522000000000001,45.4,27.2,12.5,0.48100000000000004,0.40780000000000005,0.8137000000000001,45.8,26.9,14.6,0.01809999999999995,-0.009200000000000097,-0.3999999999999986,0.3000000000000007,2.0999999999999996,1.0
2023_24,0022300368,2023-12-20,BKN,NYK,102,121,223,-19,0.46529999999999994,0.3774,0.7802,47.6,26.1,12.4,0.501,0.3988,0.7998999999999999,43.5,25.7,13.4,-0.035700000000000065,-0.021399999999999975,4.100000000000001,0.40000000000000213,1.0,1.0
2023_24,0022300365,2023-12-20,IND,CHA,144,113,257,31,0.5073000000000001,0.3435,0.7746999999999999,40.3,31.0,13.3,0.465,0.3814,0.8628,36.4,24.4,13.3,0.04230000000000006,-0.03789999999999999,3.8999999999999986,6.600000000000001,0.0,1.0
2023_24,0022300364,2023-12-20,CLE,UTA,124,116,240,8,0.4737,0.34500000000000003,0.7833,43.8,25.1,14.3,0.4487,0.33599999999999997,0.8119,45.6,26.8,16.3,0.025000000000000022,0.009000000000000064,-1.8000000000000043,-1.6999999999999993,2.0,1.0
2023_24,0022300380,2023-12-21,MIN,LAL,118,111,229,7,0.4791,0.3997,0.8187,45.5,26.1,14.9,0.47540000000000004,0.3632,0.7584,45.2,28.4,12.4,0.003699999999999981,0.03649999999999998,0.29999999999999716,-2.299999999999997,-2.5,1.0
2023_24,0022300379,2023-12-21,OKC,LAC,134,115,249,19,0.4688,0.33940000000000003,0.8502000000000001,41.7,25.5,10.5,0.5158,0.41,0.8516999999999999,43.0,27.1,11.6,-0.04700000000000004,-0.07059999999999994,-1.2999999999999972,-1.6000000000000014,1.0999999999999996,1.0
2023_24,0022300378,2023-12-21,MIL,ORL,118,114,232,4,0.5222,0.3941,0.78,44.8,28.2,13.6,0.4891,0.33940000000000003,0.7764,43.0,26.8,13.7,0.03310000000000002,0.05469999999999997,1.7999999999999972,1.3999999999999986,0.09999999999999964,1.0
2023_24,0022300381,2023-12-21,POR,WAS,117,118,235,-1,0.4473,0.3834,0.8519,41.4,22.6,14.0,0.4896,0.3751,0.7963,39.5,27.5,14.5,-0.042300000000000004,0.00830000000000003,1.8999999999999986,-4.899999999999999,0.5,1.0
2023_24,0022300376,2023-12-21,CHI,SAS,114,95,209,19,0.47000000000000003,0.4239,0.7868,47.3,27.1,12.4,0.45199999999999996,0.3494,0.7969999999999999,44.7,29.3,15.3,0.01800000000000007,0.07450000000000001,2.5999999999999943,-2.1999999999999993,2.9000000000000004,1.0
2023_24,0022300375,2023-12-21,CLE,NOP,104,123,227,-19,0.4668,0.354,0.7639,42.7,25.8,13.8,0.4946,0.37920000000000004,0.8178000000000001,43.7,27.2,13.7,-0.02779999999999999,-0.025200000000000056,-1.0,-1.3999999999999986,-0.10000000000000142,1.0
2023_24,0022300374,2023-12-21,DET,UTA,111,119,230,-8,0.46740000000000004,0.3088,0.7731,38.9,23.8,15.0,0.4622,0.3383,0.8356999999999999,45.5,26.6,16.1,0.005200000000000038,-0.02949999999999997,-6.600000000000001,-2.8000000000000007,1.1000000000000014,1.0
2023_24,0022300377,2023-12-21,MEM,IND,116,103,219,13,0.4525,0.34209999999999996,0.791,42.9,23.1,16.0,0.5208999999999999,0.3655,0.7929999999999999,39.9,32.1,12.6,-0.0683999999999999,-0.023400000000000032,3.0,-9.0,-3.4000000000000004,1.0
2023_24,0022300382,2023-12-22,PHI,TOR,121,111,232,10,0.5022,0.3872,0.8582000000000001,44.2,25.9,13.0,0.4787,0.3305,0.735,44.0,30.2,12.6,0.023499999999999965,0.05669999999999997,0.20000000000000284,-4.300000000000001,-0.40000000000000036,1.0
2023_24,0022300383,2023-12-22,BKN,DEN,117,122,239,-5,0.457,0.3751,0.7721,46.6,26.0,12.0,0.4897,0.385,0.7323,45.2,30.0,10.4,-0.03270000000000001,-0.00990000000000002,1.3999999999999986,-4.0,-1.5999999999999996,1.0
2023_24,0022300384,2023-12-22,MIA,ATL,122,113,235,9,0.488,0.42110000000000003,0.8166,39.9,27.2,13.2,0.4789,0.3996,0.8503000000000001,43.1,26.0,12.0,0.009099999999999997,0.02150000000000002,-3.200000000000003,1.1999999999999993,-1.1999999999999993,1.0
2023_24,0022300385,2023-12-22,HOU,DAL,122,96,218,26,0.4505,0.3837,0.8135999999999999,47.3,24.6,13.6,0.47220000000000006,0.357,0.7596,41.7,26.1,12.6,-0.021700000000000053,0.0267,5.599999999999994,-1.5,-1.0,1.0
2023_24,0022300386,2023-12-22,GSW,WAS,129,118,247,11,0.4667,0.3862,0.8128,48.9,27.2,15.6,0.489,0.3806,0.7722,38.6,27.2,14.1,-0.022299999999999986,0.005599999999999994,10.299999999999997,0.0,-1.5,1.0
2023_24,0022300387,2023-12-22,SAC,PHX,120,105,225,15,0.48230000000000006,0.40750000000000003,0.7416,43.4,30.6,12.8,0.46299999999999997,0.3288,0.8151999999999999,44.2,25.9,14.3,0.019300000000000095,0.07870000000000005,-0.8000000000000043,4.700000000000003,1.5,1.0
2023_24,0022300396,2023-12-23,CHI,CLE,95,109,204,-14,0.47850000000000004,0.4138,0.7913,45.8,26.3,11.5,0.47119999999999995,0.3707,0.7264,42.7,26.7,13.1,0.007300000000000084,0.04310000000000003,3.0999999999999943,-0.3999999999999986,1.5999999999999996,1.0
2023_24,0022300400,2023-12-23,SAC,MIN,98,110,208,-12,0.4888,0.4074,0.7328,42.4,31.6,12.8,0.4851,0.3962,0.8173999999999999,44.4,27.5,14.3,0.0037000000000000366,0.011199999999999988,-2.0,4.100000000000001,1.5,1.0
2023_24,0022300399,2023-12-23,GSW,POR,126,106,232,20,0.46699999999999997,0.3847,0.8111,49.4,28.0,14.8,0.4455,0.3801,0.8452,42.7,23.0,14.0,0.021499999999999964,0.004599999999999993,6.699999999999996,5.0,-0.8000000000000007,1.0
2023_24,0022300398,2023-12-23,DAL,SAS,144,119,263,25,0.4699,0.3437,0.766,42.2,25.2,12.6,0.4525,0.3449,0.7812,45.3,28.3,15.7,0.01739999999999997,-0.0011999999999999789,-3.0999999999999943,-3.1000000000000014,3.0999999999999996,1.0
2023_24,0022300397,2023-12-23,OKC,LAL,120,129,249,-9,0.4835,0.3493,0.8583000000000001,41.7,26.1,11.3,0.4737,0.36960000000000004,0.756,44.1,27.7,13.0,0.009799999999999975,-0.02030000000000004,-2.3999999999999986,-1.5999999999999979,1.6999999999999993,1.0
2023_24,0022300395,2023-12-23,TOR,UTA,119,126,245,-7,0.4849,0.3217,0.7575000000000001,44.0,30.5,13.1,0.47000000000000003,0.3426,0.8345,44.8,27.0,15.3,0.014899999999999969,-0.02090000000000003,-0.7999999999999972,3.5,2.200000000000001,1.0
2023_24,0022300389,2023-12-23,LAC,BOS,108,145,253,-37,0.5189,0.41200000000000003,0.86,42.7,26.8,12.6,0.4949,0.40990000000000004,0.8275,47.1,26.9,13.2,0.02400000000000002,0.0020999999999999908,-4.399999999999999,-0.09999999999999787,0.5999999999999996,1.0
2023_24,0022300393,2023-12-23,ATL,MEM,119,125,244,-6,0.47170000000000006,0.39239999999999997,0.8355,43.7,26.5,12.4,0.45430000000000004,0.3545,0.7827,41.9,23.2,16.3,0.017400000000000027,0.03789999999999999,1.8000000000000043,3.3000000000000007,3.9000000000000004,1.0
2023_24,0022300388,2023-12-23,NYK,MIL,111,130,241,-19,0.5006999999999999,0.3987,0.7899,43.5,26.0,12.9,0.511,0.3867,0.7797000000000001,45.4,28.2,14.0,-0.010300000000000087,0.01200000000000001,-1.8999999999999986,-2.1999999999999993,1.0999999999999996,1.0
2023_24,0022300390,2023-12-23,CHA,DEN,95,102,197,-7,0.4708,0.3653,0.8846,36.0,24.6,12.8,0.48460000000000003,0.38980000000000004,0.758,46.1,29.1,10.1,-0.013800000000000034,-0.024500000000000022,-10.100000000000001,-4.5,-2.700000000000001,1.0
2023_24,0022300394,2023-12-23,BKN,DET,126,115,241,11,0.4558,0.3756,0.7746,45.9,27.1,12.2,0.47620000000000007,0.2961,0.7716000000000001,39.1,23.4,15.7,-0.020400000000000085,0.07950000000000002,6.799999999999997,3.700000000000003,3.5,1.0
2023_24,0022300392,2023-12-23,NOP,HOU,104,106,210,-2,0.4955,0.3888,0.8170999999999999,43.7,27.1,12.5,0.44420000000000004,0.3736,0.8225,50.1,24.0,14.4,0.05129999999999996,0.015199999999999991,-6.399999999999999,3.1000000000000014,1.9000000000000004,1.0
2023_24,0022300391,2023-12-23,IND,ORL,110,117,227,-7,0.5121,0.3745,0.8092,40.4,31.9,13.3,0.4806,0.3266,0.7672,43.1,26.1,12.9,0.03149999999999997,0.0479,-2.700000000000003,5.799999999999997,-0.40000000000000036,1.0
2023_24,0022300401,2023-12-25,NYK,MIL,129,122,251,7,0.49820000000000003,0.3907,0.8137000000000001,43.5,25.2,12.9,0.5187999999999999,0.4034,0.7888,46.4,27.9,13.3,-0.020599999999999896,-0.012699999999999989,-2.8999999999999986,-2.6999999999999993,0.40000000000000036,1.0
2023_24,0022300402,2023-12-25,DEN,GSW,120,114,234,6,0.4784,0.4058,0.7787,46.3,28.1,10.7,0.4748,0.3765,0.8202,49.6,28.8,15.7,0.003599999999999992,0.029299999999999993,-3.3000000000000043,-0.6999999999999993,5.0,1.0
2023_24,0022300403,2023-12-25,LAL,BOS,115,126,241,-11,0.48150000000000004,0.3863,0.7542,44.4,29.0,12.5,0.4948,0.41419999999999996,0.8311,47.0,26.6,12.6,-0.013299999999999979,-0.02789999999999998,-2.6000000000000014,2.3999999999999986,0.09999999999999964,1.0
2023_24,0022300404,2023-12-25,MIA,PHI,119,113,232,6,0.4787,0.4266,0.8154999999999999,39.9,26.8,13.5,0.5033000000000001,0.3912,0.8598000000000001,45.0,26.5,12.3,-0.024600000000000066,0.03539999999999999,-5.100000000000001,0.3000000000000007,-1.1999999999999993,1.0
2023_24,0022300405,2023-12-25,PHX,DAL,114,128,242,-14,0.46690000000000004,0.32189999999999996,0.7981,44.0,25.3,14.8,0.47709999999999997,0.3583,0.7813,42.7,25.2,12.3,-0.010199999999999931,-0.03640000000000004,1.2999999999999972,0.10000000000000142,-2.5,1.0
2023_24,0022300408,2023-12-26,CHI,ATL,118,113,231,5,0.4678,0.3942,0.8074999999999999,45.4,25.4,11.4,0.47400000000000003,0.3831,0.8393,43.8,27.0,12.4,-0.006200000000000039,0.011099999999999999,1.6000000000000014,-1.6000000000000014,1.0,1.0
2023_24,0022300414,2023-12-26,LAC,CHA,113,104,217,9,0.5161,0.41109999999999997,0.8743000000000001,42.1,26.2,12.6,0.45890000000000003,0.3356,0.8672000000000001,36.6,23.9,13.7,0.05719999999999997,0.07549999999999996,5.5,2.3000000000000007,1.0999999999999996,1.0
2023_24,0022300413,2023-12-26,POR,SAC,130,113,243,17,0.4401,0.3772,0.8131999999999999,41.7,22.7,12.9,0.4838,0.3845,0.7357,41.7,30.6,12.8,-0.04370000000000002,-0.007300000000000029,0.0,-7.900000000000002,-0.09999999999999964,1.0
2023_24,0022300412,2023-12-26,SAS,UTA,118,130,248,-12,0.44349999999999995,0.3321,0.7607,44.8,28.1,14.6,0.47380000000000005,0.36669999999999997,0.8482,43.3,27.8,14.7,-0.030300000000000105,-0.034599999999999964,1.5,0.3000000000000007,0.09999999999999964,1.0
2023_24,0022300411,2023-12-26,OKC,MIN,129,106,235,23,0.4908,0.3443,0.8589,42.3,26.3,11.2,0.49190000000000006,0.3894,0.8262,44.5,27.7,14.3,-0.0011000000000000454,-0.04510000000000003,-2.200000000000003,-1.3999999999999986,3.1000000000000014,1.0
2023_24,0022300406,2023-12-26,DET,BKN,112,118,230,-6,0.4725,0.2961,0.7828,38.5,23.8,15.1,0.45759999999999995,0.3761,0.7817000000000001,44.0,27.2,12.3,0.014900000000000024,-0.08000000000000002,-5.5,-3.3999999999999986,-2.799999999999999,1.0
2023_24,0022300409,2023-12-26,HOU,IND,117,123,240,-6,0.4465,0.3691,0.8218,49.1,23.7,13.9,0.4986,0.3686,0.7984,40.5,31.1,13.8,-0.05209999999999998,0.0005000000000000004,8.600000000000001,-7.400000000000002,-0.09999999999999964,1.0
2023_24,0022300407,2023-12-26,WAS,ORL,119,127,246,-8,0.4873,0.3741,0.7743,39.6,26.9,14.0,0.47330000000000005,0.2969,0.7644,42.6,24.9,12.5,0.013999999999999957,0.07719999999999999,-3.0,2.0,-1.5,1.0
2023_24,0022300410,2023-12-26,NOP,MEM,115,116,231,-1,0.49240000000000006,0.3823,0.7929999999999999,44.1,26.6,12.9,0.4569,0.3554,0.7645,41.8,23.4,16.0,0.03550000000000009,0.02689999999999998,2.3000000000000043,3.200000000000003,3.0999999999999996,1.0
2023_24,0022300418,2023-12-27,HOU,PHX,113,129,242,-16,0.4468,0.3444,0.8353999999999999,48.2,22.8,12.9,0.4649,0.3227,0.7858,44.4,25.9,15.2,-0.018100000000000005,0.021699999999999997,3.8000000000000043,-3.099999999999998,2.299999999999999,1.0
2023_24,0022300419,2023-12-27,OKC,NYK,129,120,249,9,0.4981,0.3572,0.8538,40.4,26.9,11.8,0.5025000000000001,0.3771,0.8131999999999999,43.3,24.9,12.8,-0.0044000000000000705,-0.019899999999999973,-2.8999999999999986,2.0,1.0,1.0
2023_24,0022300420,2023-12-27,DAL,CLE,110,113,223,-3,0.4753,0.3498,0.7862,41.8,24.3,12.6,0.46609999999999996,0.3641,0.7328,43.2,27.0,13.3,0.009200000000000041,-0.01429999999999998,-1.4000000000000057,-2.6999999999999993,0.7000000000000011,1.0
2023_24,0022300417,2023-12-27,BKN,MIL,122,144,266,-22,0.4619,0.37629999999999997,0.7737,43.7,27.0,12.0,0.5065999999999999,0.392,0.788,46.4,27.2,12.8,-0.04469999999999996,-0.015700000000000047,-2.6999999999999957,-0.1999999999999993,0.8000000000000007,1.0
2023_24,0022300415,2023-12-27,ORL,PHI,92,112,204,-20,0.47430000000000005,0.3044,0.7535999999999999,42.2,24.4,12.6,0.5002,0.38330000000000003,0.8499000000000001,44.4,27.2,11.5,-0.025899999999999923,-0.07890000000000003,-2.1999999999999957,-2.8000000000000007,-1.0999999999999996,1.0
2023_24,0022300416,2023-12-27,WAS,TOR,102,132,234,-30,0.4861,0.3658,0.7843,40.3,27.1,14.6,0.48760000000000003,0.32530000000000003,0.756,43.0,31.5,13.2,-0.0015000000000000568,0.04049999999999998,-2.700000000000003,-4.399999999999999,-1.4000000000000004,1.0
2023_24,0022300421,2023-12-28,BOS,DET,128,122,250,6,0.49470000000000003,0.3967,0.82,46.8,27.2,11.4,0.4699,0.3054,0.7895,38.8,23.4,14.9,0.024800000000000044,0.09129999999999999,8.0,3.8000000000000007,3.5,1.0
2023_24,0022300422,2023-12-28,CHI,IND,104,120,224,-16,0.4713,0.3742,0.8153,44.5,25.4,10.8,0.5053,0.3653,0.8031,40.9,31.1,15.2,-0.033999999999999975,0.008899999999999963,3.6000000000000014,-5.700000000000003,4.399999999999999,1.0
2023_24,0022300423,2023-12-28,MIN,DAL,118,110,228,8,0.4873,0.3983,0.8208,43.8,27.3,15.6,0.46799999999999997,0.346,0.7844,41.3,23.8,12.1,0.01930000000000004,0.05230000000000001,2.5,3.5,-3.5,1.0
2023_24,0022300424,2023-12-28,NOP,UTA,112,105,217,7,0.4857,0.3826,0.7766,44.8,26.4,13.2,0.48310000000000003,0.3675,0.8558,44.3,29.0,14.2,0.002599999999999991,0.015100000000000002,0.5,-2.6000000000000014,1.0,1.0
2023_24,0022300425,2023-12-28,DEN,MEM,142,105,247,37,0.4854,0.4083,0.7710999999999999,46.0,27.7,11.0,0.4549,0.3503,0.7572,42.8,24.4,16.1,0.03049999999999997,0.057999999999999996,3.200000000000003,3.3000000000000007,5.100000000000001,1.0
2023_24,0022300426,2023-12-28,GSW,MIA,102,114,216,-12,0.4766,0.372,0.828,49.3,28.0,15.5,0.47240000000000004,0.41609999999999997,0.8051,42.7,26.8,13.7,0.0041999999999999815,-0.04409999999999997,6.599999999999994,1.1999999999999993,-1.8000000000000007,1.0
2023_24,0022300427,2023-12-28,POR,SAS,105,118,223,-13,0.45010000000000006,0.3847,0.8042999999999999,42.3,23.8,12.8,0.4426,0.3368,0.745,45.2,28.9,13.5,0.007500000000000062,0.0479,-2.9000000000000057,-5.099999999999998,0.6999999999999993,1.0
2023_24,0022300428,2023-12-28,LAL,CHA,133,112,245,21,0.48440000000000005,0.3973,0.76,43.9,29.0,12.5,0.4567,0.3083,0.8526999999999999,37.2,24.1,14.0,0.027700000000000058,0.08899999999999997,6.699999999999996,4.899999999999999,1.5,1.0
2023_24,0022300438,2023-12-29,LAC,MEM,117,106,223,11,0.5172,0.4079,0.8743000000000001,41.5,26.5,12.8,0.44489999999999996,0.3451,0.7506,41.8,24.1,15.8,0.07230000000000003,0.06279999999999997,-0.29999999999999716,2.3999999999999986,3.0,1.0
2023_24,0022300437,2023-12-29,POR,SAS,134,128,262,6,0.44370000000000004,0.3805,0.8042999999999999,44.0,23.2,13.1,0.4532,0.3424,0.7712,44.5,29.9,13.4,-0.009499999999999953,0.03810000000000002,-0.5,-6.699999999999999,0.3000000000000007,1.0
2023_24,0022300436,2023-12-29,PHX,CHA,133,119,252,14,0.4788,0.3305,0.7852,44.4,26.3,15.4,0.4605,0.3268,0.8134,37.3,24.5,14.2,0.018299999999999983,0.0037000000000000366,7.100000000000001,1.8000000000000007,-1.200000000000001,1.0
2023_24,0022300435,2023-12-29,DEN,OKC,93,119,212,-26,0.5005,0.42140000000000005,0.7827,46.6,29.8,11.2,0.5085,0.35550000000000004,0.8493,38.1,26.5,10.9,-0.008000000000000007,0.06590000000000001,8.5,3.3000000000000007,-0.29999999999999893,1.0
2023_24,0022300434,2023-12-29,HOU,PHI,127,131,258,-4,0.44580000000000003,0.35259999999999997,0.8343,46.8,22.7,12.9,0.496,0.3894,0.8352,44.9,25.7,11.4,-0.05019999999999997,-0.036800000000000055,1.8999999999999986,-3.0,-1.5,1.0
2023_24,0022300429,2023-12-29,ORL,NYK,117,108,225,9,0.4737,0.3007,0.7596,42.8,23.7,13.1,0.5031,0.3879,0.8053000000000001,43.7,24.6,12.9,-0.02939999999999998,-0.0872,-0.9000000000000057,-0.9000000000000021,-0.1999999999999993,1.0
2023_24,0022300432,2023-12-29,BOS,TOR,120,118,238,2,0.4958,0.3956,0.8372999999999999,45.5,27.0,10.8,0.5006999999999999,0.346,0.7538,43.5,32.6,14.0,-0.004899999999999904,0.04960000000000003,2.0,-5.600000000000001,3.1999999999999993,1.0
2023_24,0022300431,2023-12-29,ATL,SAC,110,117,227,-7,0.47540000000000004,0.37770000000000004,0.8305999999999999,42.9,26.9,12.7,0.4875,0.3742,0.7352000000000001,41.9,30.2,12.6,-0.012099999999999944,0.0035000000000000586,1.0,-3.3000000000000007,-0.09999999999999964,1.0
2023_24,0022300430,2023-12-29,WAS,BKN,110,104,214,6,0.4763,0.35,0.751,40.5,25.7,15.2,0.4584,0.3679,0.7821,42.9,27.2,11.8,0.017900000000000027,-0.017900000000000027,-2.3999999999999986,-1.5,-3.3999999999999986,1.0
2023_24,0022300433,2023-12-29,CLE,MIL,111,119,230,-8,0.4561,0.3624,0.7274,44.4,27.4,13.2,0.5046,0.3766,0.7935000000000001,46.8,28.1,12.6,-0.04850000000000004,-0.01419999999999999,-2.3999999999999986,-0.7000000000000028,-0.5999999999999996,1.0
2023_24,0022300443,2023-12-30,MIN,LAL,108,106,214,2,0.49729999999999996,0.41980000000000006,0.8086,42.1,27.6,16.4,0.5006999999999999,0.4173,0.776,43.6,30.7,12.6,-0.0033999999999999586,0.0025000000000000577,-1.5,-3.099999999999998,-3.799999999999999,1.0
2023_24,0022300442,2023-12-30,CHI,PHI,105,92,197,13,0.4664,0.3537,0.8343,43.6,24.6,10.8,0.5,0.3891,0.842,43.1,25.5,11.3,-0.03360000000000002,-0.03539999999999999,0.5,-0.8999999999999986,0.5,1.0
2023_24,0022300444,2023-12-30,GSW,DAL,122,132,254,-10,0.4767,0.3668,0.8231999999999999,48.6,28.7,15.1,0.4624,0.3459,0.7791,40.9,24.0,12.2,0.014300000000000035,0.02090000000000003,7.700000000000003,4.699999999999999,-2.9000000000000004,1.0
2023_24,0022300440,2023-12-30,DET,TOR,129,127,256,2,0.4723,0.3066,0.7527,40.3,23.1,15.1,0.504,0.3468,0.7306,42.7,32.6,13.1,-0.031700000000000006,-0.040200000000000014,-2.4000000000000057,-9.5,-2.0,1.0
2023_24,0022300441,2023-12-30,IND,NYK,140,126,266,14,0.5069,0.3893,0.7873,40.5,31.1,15.6,0.49729999999999996,0.3674,0.8209,43.3,24.0,13.1,0.009600000000000053,0.021899999999999975,-2.799999999999997,7.100000000000001,-2.5,1.0
2023_24,0022300439,2023-12-30,UTA,MIA,117,109,226,8,0.4803,0.3693,0.8648,44.5,29.4,14.5,0.4747,0.41159999999999997,0.7936,42.7,26.1,14.0,0.005599999999999994,-0.04229999999999995,1.7999999999999972,3.299999999999997,-0.5,1.0
2023_24,0022300445,2023-12-31,WAS,ATL,126,130,256,-4,0.485,0.3713,0.7225,40.7,26.6,14.3,0.47540000000000004,0.3793,0.8240999999999999,42.5,27.8,12.8,0.009599999999999942,-0.008000000000000007,-1.7999999999999972,-1.1999999999999993,-1.5,1.0
2023_24,0022300446,2023-12-31,NOP,LAL,129,109,238,20,0.4866,0.3744,0.774,44.1,26.2,13.3,0.488,0.39790000000000003,0.7782,41.6,29.9,12.1,-0.0014000000000000123,-0.02350000000000002,2.5,-3.6999999999999993,-1.200000000000001,1.0
2023_24,0022300447,2023-12-31,OKC,BKN,124,108,232,16,0.5165,0.36219999999999997,0.8638999999999999,40.2,27.2,11.2,0.45359999999999995,0.3517,0.7499,44.2,27.2,11.5,0.06290000000000001,0.010499999999999954,-4.0,0.0,0.3000000000000007,1.0
2023_24,0022300448,2023-12-31,SAS,BOS,101,134,235,-33,0.45730000000000004,0.3443,0.7582,44.3,29.5,13.5,0.492,0.3988,0.8366,47.3,27.5,11.6,-0.03469999999999995,-0.05449999999999999,-3.0,2.0,-1.9000000000000004,1.0
2023_24,0022300449,2023-12-31,MEM,SAC,92,123,215,-31,0.44560000000000005,0.3347,0.7619,42.3,24.6,16.0,0.49350000000000005,0.3761,0.7085,40.7,31.2,12.5,-0.0479,-0.04139999999999999,1.5999999999999943,-6.599999999999998,-3.5,1.0
2023_24,0022300450,2023-12-31,PHX,ORL,112,107,219,5,0.49169999999999997,0.34249999999999997,0.8,43.9,27.2,14.7,0.46980000000000005,0.31320000000000003,0.7615999999999999,44.1,23.9,13.5,0.02189999999999992,0.029299999999999937,-0.20000000000000284,3.3000000000000007,-1.1999999999999993,1.0
2023_24,0022300457,2024-01-01,UTA,DAL,127,90,217,37,0.4787,0.3645,0.841,44.7,29.1,13.8,0.4687,0.3371,0.7752,41.6,23.7,12.1,0.010000000000000009,0.02739999999999998,3.1000000000000014,5.400000000000002,-1.700000000000001,1.0
2023_24,0022300458,2024-01-01,LAC,MIA,121,104,225,17,0.5176999999999999,0.392,0.8781000000000001,42.9,27.0,13.2,0.4753,0.40490000000000004,0.8069,43.6,25.8,13.8,0.04239999999999994,-0.012900000000000023,-0.7000000000000028,1.1999999999999993,0.6000000000000014,1.0
2023_24,0022300456,2024-01-01,PHX,POR,109,88,197,21,0.49349999999999994,0.3377,0.819,43.4,26.7,14.2,0.45709999999999995,0.4058,0.7969,43.5,24.0,13.0,0.03639999999999999,-0.0681,-0.10000000000000142,2.6999999999999993,-1.1999999999999993,1.0
2023_24,0022300455,2024-01-01,DEN,CHA,111,93,204,18,0.48949999999999994,0.40700000000000003,0.7767,45.3,29.9,11.3,0.4526,0.3248,0.8234,36.8,24.7,13.2,0.03689999999999993,0.08220000000000005,8.5,5.199999999999999,1.8999999999999986,1.0
2023_24,0022300454,2024-01-01,MIL,IND,113,122,235,-9,0.5111,0.3816,0.8078,46.5,28.8,13.1,0.5092,0.40090000000000003,0.7946,39.6,31.8,15.4,0.0019000000000000128,-0.01930000000000004,6.899999999999999,-3.0,2.3000000000000007,1.0
2023_24,0022300453,2024-01-01,HOU,DET,136,113,249,23,0.4652,0.3685,0.8207000000000001,45.0,23.7,13.0,0.4803,0.3295,0.7694,40.6,24.3,14.7,-0.015100000000000002,0.03899999999999998,4.399999999999999,-0.6000000000000014,1.6999999999999993,1.0
2023_24,0022300452,2024-01-01,TOR,CLE,124,121,245,3,0.504,0.378,0.7365,41.8,32.0,12.5,0.4577,0.3396,0.7398,43.0,28.1,12.7,0.04630000000000001,0.03839999999999999,-1.2000000000000028,3.8999999999999986,0.1999999999999993,1.0
2023_24,0022300451,2024-01-01,NYK,MIN,112,106,218,6,0.48419999999999996,0.3547,0.8261,43.3,22.8,13.0,0.49729999999999996,0.41559999999999997,0.7996,41.2,27.0,17.0,-0.0131,-0.060899999999999954,2.0999999999999943,-4.199999999999999,4.0,1.0
2023_24,0022300459,2024-01-02,PHI,CHI,110,97,207,13,0.48440000000000005,0.3693,0.8272999999999999,42.0,24.2,10.7,0.4758,0.3376,0.8143,43.8,24.2,11.9,0.008600000000000052,0.031700000000000006,-1.7999999999999972,0.0,1.200000000000001,1.0
2023_24,0022300460,2024-01-02,MEM,SAS,106,98,204,8,0.4361,0.3238,0.752,41.9,24.0,15.0,0.4643,0.3588,0.765,43.1,30.3,13.4,-0.028200000000000003,-0.03500000000000003,-1.2000000000000028,-6.300000000000001,-1.5999999999999996,1.0
2023_24,0022300461,2024-01-02,NOP,BKN,112,85,197,27,0.5025000000000001,0.4018,0.7855000000000001,44.6,27.3,13.4,0.4455,0.3412,0.7352000000000001,45.3,27.4,11.5,0.05700000000000005,0.06059999999999999,-0.6999999999999957,-0.09999999999999787,-1.9000000000000004,1.0
2023_24,0022300462,2024-01-02,OKC,BOS,127,123,250,4,0.5187,0.3995,0.8577999999999999,40.9,28.8,11.6,0.5005,0.3936,0.8139,48.5,28.1,11.2,0.018200000000000105,0.005900000000000016,-7.600000000000001,0.6999999999999993,-0.40000000000000036,1.0
2023_24,0022300463,2024-01-02,GSW,ORL,121,115,236,6,0.47519999999999996,0.3668,0.8098000000000001,47.3,29.0,13.3,0.4614,0.30710000000000004,0.7744,44.1,23.5,14.0,0.013799999999999979,0.059699999999999975,3.1999999999999957,5.5,0.6999999999999993,1.0
2023_24,0022300464,2024-01-02,SAC,CHA,104,111,215,-7,0.49350000000000005,0.369,0.7136,42.3,30.2,12.5,0.4469,0.3218,0.8149,38.2,24.0,13.5,0.04660000000000003,0.04720000000000002,4.099999999999994,6.199999999999999,1.0,1.0
2023_24,0022300474,2024-01-03,UTA,DET,154,148,302,6,0.48580000000000007,0.3537,0.8640000000000001,44.7,29.7,13.5,0.4729,0.3398,0.7668,41.3,24.4,15.0,0.012900000000000078,0.013900000000000023,3.4000000000000057,5.300000000000001,1.5,1.0
2023_24,0022300468,2024-01-03,NYK,CHI,116,100,216,16,0.48440000000000005,0.3669,0.8359,43.6,23.0,13.4,0.47240000000000004,0.324,0.7926,44.8,23.3,12.3,0.01200000000000001,0.042899999999999994,-1.1999999999999957,-0.3000000000000007,-1.0999999999999996,1.0
2023_24,0022300476,2024-01-03,SAC,ORL,138,135,273,3,0.49510000000000004,0.3809,0.7016,43.3,29.8,13.2,0.4596,0.31910000000000005,0.781,43.9,23.2,14.4,0.03550000000000003,0.061799999999999966,-0.6000000000000014,6.600000000000001,1.200000000000001,1.0
2023_24,0022300473,2024-01-03,PHX,LAC,122,131,253,-9,0.4958,0.3397,0.8004,44.0,26.4,14.3,0.5214,0.4021,0.8755000000000001,43.1,26.2,14.0,-0.025599999999999956,-0.06240000000000001,0.8999999999999986,0.1999999999999993,-0.3000000000000007,1.0
2023_24,0022300475,2024-01-03,LAL,MIA,96,110,206,-14,0.48179999999999995,0.3775,0.7955,41.1,29.1,11.9,0.4694,0.3944,0.8068,42.8,25.1,14.1,0.012399999999999967,-0.01689999999999997,-1.6999999999999957,4.0,2.1999999999999993,1.0
2023_24,0022300472,2024-01-03,DAL,POR,126,97,223,29,0.4615,0.3427,0.7363,42.3,24.4,12.1,0.4506,0.385,0.786,43.5,23.6,13.7,0.01090000000000002,-0.042300000000000004,-1.2000000000000028,0.7999999999999972,1.5999999999999996,1.0
2023_24,0022300467,2024-01-03,ATL,OKC,141,138,279,3,0.4791,0.3782,0.7946,44.8,28.0,13.0,0.5193,0.3971,0.8402,40.8,28.7,11.6,-0.04019999999999996,-0.018900000000000028,4.0,-0.6999999999999993,-1.4000000000000004,1.0
2023_24,0022300470,2024-01-03,MEM,TOR,111,116,227,-5,0.43970000000000004,0.3291,0.7614,42.6,23.9,15.4,0.5033,0.3788,0.7357,42.7,31.3,12.6,-0.06359999999999993,-0.04970000000000002,-0.10000000000000142,-7.400000000000002,-2.8000000000000007,1.0
2023_24,0022300469,2024-01-03,HOU,BKN,112,101,213,11,0.47590000000000005,0.3739,0.8269,43.1,24.8,12.1,0.4401,0.34009999999999996,0.7102,44.3,27.2,11.4,0.035800000000000054,0.03380000000000005,-1.1999999999999957,-2.3999999999999986,-0.6999999999999993,1.0
2023_24,0022300466,2024-01-03,IND,MIL,142,130,272,12,0.5085,0.3846,0.7981,40.3,31.1,14.3,0.504,0.3661,0.8074999999999999,46.3,28.1,13.1,0.0044999999999999485,0.018500000000000016,-6.0,3.0,-1.200000000000001,1.0
2023_24,0022300465,2024-01-03,CLE,WAS,140,101,241,39,0.4707,0.3504,0.7525000000000001,42.5,29.1,12.2,0.48949999999999994,0.37439999999999996,0.7390000000000001,40.5,28.0,13.0,-0.018799999999999928,-0.023999999999999966,2.0,1.1000000000000014,0.8000000000000007,1.0
2023_24,0022300471,2024-01-03,MIN,NOP,106,117,223,-11,0.5006999999999999,0.41879999999999995,0.8051999999999999,39.9,26.3,17.0,0.5003,0.4058,0.7857999999999999,45.2,26.9,13.7,0.00039999999999995595,0.012999999999999956,-5.300000000000004,-0.5999999999999979,-3.3000000000000007,1.0
2023_24,0022300477,2024-01-04,SAS,MIL,121,125,246,-4,0.4598,0.3479,0.7624,42.5,29.6,13.3,0.5001,0.378,0.8054,46.2,28.4,12.8,-0.0403,-0.030100000000000016,-3.700000000000003,1.2000000000000028,-0.5,1.0
2023_24,0022300478,2024-01-04,GSW,DEN,127,130,257,-3,0.48440000000000005,0.3691,0.808,45.8,28.7,13.0,0.49189999999999995,0.39980000000000004,0.7857000000000001,45.1,29.8,11.3,-0.007499999999999896,-0.03070000000000006,0.6999999999999957,-1.1000000000000014,-1.6999999999999993,1.0
2023_24,0022300491,2024-01-05,LAL,MEM,113,127,240,-14,0.4702,0.3508,0.8284,41.5,28.9,12.5,0.44210000000000005,0.33730000000000004,0.7723,42.1,24.5,14.6,0.02809999999999996,0.013499999999999956,-0.6000000000000014,4.399999999999999,2.0999999999999996,1.0
2023_24,0022300490,2024-01-05,GSW,DET,113,109,222,4,0.4953,0.37520000000000003,0.806,44.8,30.0,12.7,0.4819,0.3558,0.7674,42.6,25.3,15.7,0.013400000000000023,0.01940000000000003,2.1999999999999957,4.699999999999999,3.0,1.0
2023_24,0022300489,2024-01-05,PHX,MIA,113,97,210,16,0.5014000000000001,0.3505,0.8037000000000001,42.3,25.9,14.8,0.46580000000000005,0.3825,0.7827,42.0,25.2,12.8,0.03560000000000002,-0.03200000000000003,0.29999999999999716,0.6999999999999993,-2.0,1.0
2023_24,0022300488,2024-01-05,DEN,ORL,120,122,242,-2,0.5008999999999999,0.4011,0.7862,43.9,29.5,11.3,0.46020000000000005,0.3359,0.7903,43.3,24.0,14.4,0.04069999999999985,0.06520000000000004,0.6000000000000014,5.5,3.0999999999999996,1.0
2023_24,0022300487,2024-01-05,DAL,POR,139,103,242,36,0.462,0.352,0.7165,41.9,24.2,12.0,0.44800000000000006,0.3819,0.792,43.2,22.9,14.8,0.013999999999999957,-0.029900000000000038,-1.3000000000000043,1.3000000000000007,2.8000000000000007,1.0
2023_24,0022300486,2024-01-05,NOP,LAC,95,111,206,-16,0.5038,0.40490000000000004,0.7873,44.7,26.9,14.1,0.5243,0.4171,0.8709,41.8,26.6,13.7,-0.020499999999999963,-0.012199999999999989,2.9000000000000057,0.29999999999999716,-0.40000000000000036,1.0
2023_24,0022300482,2024-01-05,CLE,WAS,114,90,204,24,0.47640000000000005,0.3558,0.7607999999999999,45.2,30.1,12.0,0.47989999999999994,0.36550000000000005,0.7053,40.8,27.4,12.3,-0.003499999999999892,-0.009700000000000042,4.400000000000006,2.700000000000003,0.3000000000000007,1.0
2023_24,0022300484,2024-01-05,CHI,CHA,104,91,195,13,0.46559999999999996,0.3257,0.8071999999999999,44.4,22.5,12.9,0.44489999999999996,0.3184,0.8029,38.6,23.6,12.9,0.020699999999999996,0.007299999999999973,5.799999999999997,-1.1000000000000014,0.0,1.0
2023_24,0022300483,2024-01-05,PHI,NYK,92,128,220,-36,0.48019999999999996,0.3726,0.8182,41.0,24.2,11.5,0.4763,0.3478,0.8320000000000001,45.0,23.1,13.9,0.003899999999999959,0.02479999999999999,-4.0,1.0999999999999979,2.4000000000000004,1.0
2023_24,0022300481,2024-01-05,BKN,OKC,124,115,239,9,0.4304,0.3301,0.6849999999999999,45.1,26.6,10.8,0.5311,0.4165,0.8282,40.1,29.1,11.5,-0.10070000000000001,-0.08639999999999998,5.0,-2.5,0.6999999999999993,1.0
2023_24,0022300480,2024-01-05,IND,ATL,150,116,266,34,0.5192,0.3871,0.8055,40.6,31.0,13.9,0.4816,0.3702,0.8148,45.5,27.8,13.6,0.03760000000000002,0.016900000000000026,-4.899999999999999,3.1999999999999993,-0.3000000000000007,1.0
2023_24,0022300479,2024-01-05,BOS,UTA,126,97,223,29,0.49560000000000004,0.39499999999999996,0.8116999999999999,48.8,29.2,11.3,0.484,0.3704,0.8625,44.5,29.8,13.6,0.011600000000000055,0.024599999999999955,4.299999999999997,-0.6000000000000014,2.299999999999999,1.0
2023_24,0022300492,2024-01-05,SAC,TOR,135,130,265,5,0.49420000000000003,0.37839999999999996,0.6931,44.4,30.2,13.6,0.49399999999999994,0.3721,0.7464,42.6,29.9,12.3,0.000200000000000089,0.006299999999999972,1.7999999999999972,0.3000000000000007,-1.299999999999999,1.0
2023_24,0022300485,2024-01-05,HOU,MIN,95,122,217,-27,0.48819999999999997,0.3847,0.8097999999999999,42.8,25.7,12.6,0.4958,0.40590000000000004,0.8187,38.2,25.9,16.6,-0.007600000000000051,-0.021200000000000052,4.599999999999994,-0.1999999999999993,4.000000000000002,1.0
2023_24,0022300496,2024-01-06,HOU,MIL,112,108,220,4,0.4753,0.3815,0.7974,43.5,24.9,13.1,0.49660000000000004,0.3681,0.7999,45.5,28.7,12.7,-0.02130000000000004,0.013400000000000023,-2.0,-3.8000000000000007,-0.40000000000000036,1.0
2023_24,0022300495,2024-01-06,PHI,UTA,109,120,229,-11,0.4791,0.3609,0.8019999999999999,39.4,24.0,11.7,0.476,0.3556,0.8539,46.5,29.3,14.1,0.003100000000000047,0.005299999999999971,-7.100000000000001,-5.300000000000001,2.4000000000000004,1.0
2023_24,0022300493,2024-01-06,IND,BOS,101,118,219,-17,0.533,0.4072,0.8088,40.5,33.5,14.0,0.4867,0.3868,0.8278000000000001,51.0,28.5,11.6,0.04630000000000001,0.02040000000000003,-10.5,5.0,-2.4000000000000004,1.0
2023_24,0022300494,2024-01-06,WAS,NYK,105,121,226,-16,0.46509999999999996,0.34740000000000004,0.7017,39.2,25.7,12.1,0.47780000000000006,0.3603,0.8394999999999999,46.0,23.8,14.2,-0.0127000000000001,-0.012899999999999967,-6.799999999999997,1.8999999999999986,2.0999999999999996,1.0
2023_24,0022300497,2024-01-07,CLE,SAS,117,115,232,2,0.4814,0.371,0.7363,46.5,31.1,12.8,0.4587,0.33999999999999997,0.7611,42.2,29.2,13.6,0.022699999999999998,0.031000000000000028,4.299999999999997,1.9000000000000021,0.7999999999999989,1.0
2023_24,0022300498,2024-01-07,BKN,POR,127,134,261,-7,0.43220000000000003,0.325,0.6998,46.6,26.6,10.9,0.4391,0.39249999999999996,0.7762,43.0,23.9,15.6,-0.006899999999999962,-0.06749999999999995,3.6000000000000014,2.700000000000003,4.699999999999999,1.0
2023_24,0022300499,2024-01-07,ORL,ATL,117,110,227,7,0.472,0.3525,0.7828999999999999,43.0,24.7,15.0,0.47309999999999997,0.355,0.8182,43.9,26.5,13.6,-0.0010999999999999899,-0.0025000000000000022,-0.8999999999999986,-1.8000000000000007,-1.4000000000000004,1.0
2023_24,0022300500,2024-01-07,SAC,NOP,100,133,233,-33,0.49210000000000004,0.3848,0.6865,44.1,30.1,13.3,0.4922000000000001,0.413,0.7767999999999999,44.1,26.7,13.4,-0.0001000000000000445,-0.028200000000000003,0.0,3.400000000000002,0.09999999999999964,1.0
2023_24,0022300501,2024-01-07,DAL,MIN,115,108,223,7,0.47569999999999996,0.3625,0.7358,42.8,25.8,12.6,0.4923,0.3883,0.8173999999999999,39.8,25.7,16.5,-0.01660000000000006,-0.02579999999999999,3.0,0.10000000000000142,3.9000000000000004,1.0
2023_24,0022300502,2024-01-07,DEN,DET,131,114,245,17,0.5062,0.39089999999999997,0.7776,43.1,29.3,11.7,0.48360000000000003,0.36629999999999996,0.7691,42.4,25.9,14.7,0.022599999999999953,0.02460000000000001,0.7000000000000028,3.400000000000002,3.0,1.0
2023_24,0022300503,2024-01-07,PHX,MEM,115,121,236,-6,0.4998,0.3512,0.7874000000000001,43.4,25.9,14.7,0.4605,0.3532,0.7666000000000001,42.0,25.3,14.3,0.0393,-0.0020000000000000018,1.3999999999999986,0.5999999999999979,-0.3999999999999986,1.0
2023_24,0022300504,2024-01-07,GSW,TOR,118,133,251,-15,0.4932,0.36419999999999997,0.795,45.1,29.5,13.2,0.49610000000000004,0.3749,0.7756000000000001,43.1,30.0,12.3,-0.0029000000000000137,-0.010700000000000043,2.0,-0.5,-0.8999999999999986,1.0
2023_24,0022300505,2024-01-07,LAL,LAC,106,103,209,3,0.4713,0.3559,0.8345,40.7,28.3,13.3,0.5225,0.4182,0.8642,42.8,26.7,13.8,-0.05119999999999997,-0.06230000000000002,-2.0999999999999943,1.6000000000000014,0.5,1.0
2023_24,0022300511,2024-01-08,LAC,PHX,138,111,249,27,0.5053,0.40750000000000003,0.8713000000000001,42.6,25.2,14.5,0.4993,0.3572,0.7788999999999999,43.0,25.9,14.2,0.00599999999999995,0.05030000000000001,-0.3999999999999986,-0.6999999999999993,-0.3000000000000007,1.0
2023_24,0022300510,2024-01-08,MIL,UTA,116,132,248,-16,0.49269999999999997,0.3585,0.7908000000000001,45.0,28.2,12.1,0.484,0.3411,0.8497,46.2,29.3,15.1,0.008699999999999986,0.01739999999999997,-1.2000000000000028,-1.1000000000000014,3.0,1.0
2023_24,0022300509,2024-01-08,MIA,HOU,120,113,233,7,0.46049999999999996,0.3654,0.792,42.2,25.2,13.3,0.4726,0.3833,0.7929,43.4,23.7,12.7,-0.012100000000000055,-0.01789999999999997,-1.1999999999999957,1.5,-0.6000000000000014,1.0
2023_24,0022300508,2024-01-08,WAS,OKC,128,136,264,-8,0.4711,0.35209999999999997,0.6817,39.3,26.6,13.1,0.5335,0.4122,0.8116,39.7,29.8,11.7,-0.062399999999999956,-0.06010000000000004,-0.4000000000000057,-3.1999999999999993,-1.4000000000000004,1.0
2023_24,0022300506,2024-01-08,CHA,CHI,112,119,231,-7,0.4407,0.31880000000000003,0.8017,38.9,23.8,13.4,0.4716,0.31930000000000003,0.7998999999999999,44.5,22.9,12.9,-0.03090000000000004,-0.0005000000000000004,-5.600000000000001,0.9000000000000021,-0.5,1.0
2023_24,0022300507,2024-01-08,IND,BOS,133,131,264,2,0.5227,0.38980000000000004,0.8051,40.9,32.0,13.8,0.4904,0.3786,0.7929,51.1,29.3,12.0,0.03230000000000005,0.011200000000000043,-10.200000000000003,2.6999999999999993,-1.8000000000000007,1.0
2023_24,0022300512,2024-01-09,DET,SAC,110,131,241,-21,0.48600000000000004,0.38239999999999996,0.7545,42.5,26.2,15.1,0.4809,0.3786,0.6846,42.4,29.4,13.5,0.005100000000000049,0.00379999999999997,0.10000000000000142,-3.1999999999999993,-1.5999999999999996,1.0
2023_24,0022300513,2024-01-09,ORL,MIN,92,113,205,-21,0.46980000000000005,0.369,0.7676000000000001,43.8,24.3,15.1,0.48650000000000004,0.3821,0.7898,40.4,25.2,16.4,-0.016699999999999993,-0.0131,3.3999999999999986,-0.8999999999999986,1.299999999999999,1.0
2023_24,0022300514,2024-01-09,NYK,POR,112,84,196,28,0.4795,0.3659,0.8400000000000001,45.3,24.4,14.0,0.4394,0.40800000000000003,0.7649,43.1,23.7,15.2,0.04009999999999997,-0.042100000000000026,2.1999999999999957,0.6999999999999993,1.1999999999999993,1.0
2023_24,0022300515,2024-01-09,DAL,MEM,103,120,223,-17,0.47809999999999997,0.3674,0.7354,43.6,25.5,12.9,0.4548,0.3556,0.7623,43.2,26.3,14.3,0.023299999999999987,0.011799999999999977,0.3999999999999986,-0.8000000000000007,1.4000000000000004,1.0
2023_24,0022300516,2024-01-09,LAL,TOR,132,131,263,1,0.4801,0.3621,0.8109999999999999,40.6,27.7,14.2,0.5034,0.3928,0.7508999999999999,42.5,30.8,11.1,-0.023299999999999932,-0.030700000000000005,-1.8999999999999986,-3.1000000000000014,-3.0999999999999996,1.0
2023_24,0022300523,2024-01-10,CHI,HOU,124,119,243,5,0.47330000000000005,0.3125,0.8032,45.1,23.2,13.3,0.4652,0.37029999999999996,0.7822,43.9,23.2,13.0,0.008100000000000052,-0.05779999999999996,1.2000000000000028,0.0,-0.3000000000000007,1.0
2023_24,0022300525,2024-01-10,GSW,NOP,105,141,246,-36,0.48529999999999995,0.3604,0.8199,45.1,29.4,12.9,0.4971,0.4149,0.8007,44.1,26.4,13.5,-0.011800000000000033,-0.05449999999999999,1.0,3.0,0.5999999999999996,1.0
2023_24,0022300524,2024-01-10,UTA,DEN,124,111,235,13,0.4849,0.3433,0.8493999999999999,47.1,30.2,14.6,0.5086999999999999,0.3741,0.7828999999999999,42.3,29.9,12.2,-0.023799999999999932,-0.030799999999999994,4.800000000000004,0.3000000000000007,-2.4000000000000004,1.0
2023_24,0022300526,2024-01-10,LAC,TOR,126,120,246,6,0.5105999999999999,0.40919999999999995,0.8582000000000001,42.4,25.8,14.8,0.512,0.4081,0.7432,42.1,31.6,11.2,-0.0014000000000000679,0.0010999999999999344,0.29999999999999716,-5.800000000000001,-3.6000000000000014,1.0
2023_24,0022300522,2024-01-10,MIA,OKC,120,128,248,-8,0.4587,0.37,0.7878999999999999,43.6,25.6,13.4,0.5469,0.4316,0.7953,38.4,30.4,12.0,-0.08820000000000006,-0.06159999999999999,5.200000000000003,-4.799999999999997,-1.4000000000000004,1.0
2023_24,0022300520,2024-01-10,IND,WAS,112,104,216,8,0.5141,0.3911,0.7936,41.0,31.2,13.8,0.4687,0.3516,0.6846,39.2,27.2,13.4,0.045399999999999996,0.03949999999999998,1.7999999999999972,4.0,-0.40000000000000036,1.0
2023_24,0022300519,2024-01-10,DET,SAS,108,130,238,-22,0.48200000000000004,0.3793,0.7603,42.9,26.6,15.9,0.4638,0.3421,0.7761,42.3,28.5,13.4,0.01820000000000005,0.03720000000000001,0.6000000000000014,-1.8999999999999986,-2.5,1.0
2023_24,0022300518,2024-01-10,CHA,SAC,98,123,221,-25,0.44699999999999995,0.3393,0.8080999999999999,39.7,24.9,13.6,0.491,0.3703,0.7038,43.1,30.4,14.6,-0.04400000000000004,-0.031000000000000028,-3.3999999999999986,-5.5,1.0,1.0
2023_24,0022300517,2024-01-10,BOS,MIN,127,120,247,7,0.5014000000000001,0.39790000000000003,0.7737,49.8,29.1,12.7,0.4891,0.3861,0.7854,41.3,26.4,16.3,0.012300000000000089,0.011800000000000033,8.5,2.700000000000003,3.6000000000000014,1.0
2023_24,0022300521,2024-01-10,ATL,PHI,139,132,271,7,0.4711,0.3433,0.7888,45.5,26.5,13.8,0.4593,0.3341,0.7921,38.3,24.0,11.3,0.011800000000000033,0.009199999999999986,7.200000000000003,2.5,-2.5,1.0
2023_24,0022300527,2024-01-11,CLE,BKN,111,102,213,9,0.48179999999999995,0.3701,0.721,46.0,30.6,13.3,0.44610000000000005,0.3309,0.7072999999999999,46.1,27.0,11.4,0.0356999999999999,0.03919999999999996,-0.10000000000000142,3.6000000000000014,-1.9000000000000004,1.0
2023_24,0022300528,2024-01-11,MIL,BOS,135,102,237,33,0.4902,0.369,0.7919,44.1,27.9,12.3,0.48929999999999996,0.3859,0.7872,49.4,27.7,12.6,0.0009000000000000674,-0.016900000000000026,-5.299999999999997,0.1999999999999993,0.29999999999999893,1.0
2023_24,0022300529,2024-01-11,OKC,POR,139,77,216,62,0.5476,0.4269,0.7814,38.8,30.5,12.1,0.433,0.3787,0.7421,43.2,23.3,15.0,0.11459999999999998,0.04820000000000002,-4.400000000000006,7.199999999999999,2.9000000000000004,1.0
2023_24,0022300530,2024-01-11,DAL,NYK,128,124,252,4,0.4873,0.3832,0.7438,42.2,25.7,13.0,0.4748,0.364,0.8470000000000001,45.4,24.6,14.4,0.012500000000000011,0.019199999999999995,-3.1999999999999957,1.0999999999999979,1.4000000000000004,1.0
2023_24,0022300531,2024-01-11,LAL,PHX,109,127,236,-18,0.4897,0.3741,0.8088,40.5,28.4,14.3,0.504,0.3688,0.7937000000000001,40.8,25.3,14.1,-0.01429999999999998,0.005299999999999971,-0.29999999999999716,3.099999999999998,-0.20000000000000107,1.0
2023_24,0022300541,2024-01-12,SAS,CHA,135,99,234,36,0.46799999999999997,0.34540000000000004,0.7756000000000001,41.7,29.4,12.3,0.4434,0.3564,0.7830999999999999,39.7,24.8,13.3,0.024599999999999955,-0.010999999999999954,2.0,4.599999999999998,1.0,1.0
2023_24,0022300540,2024-01-12,UTA,TOR,145,113,258,32,0.4946,0.346,0.8403,46.7,31.0,15.0,0.522,0.4208,0.7464,41.2,31.7,11.5,-0.027400000000000035,-0.07480000000000003,5.5,-0.6999999999999993,-3.5,1.0
2023_24,0022300539,2024-01-12,DEN,NOP,125,113,238,12,0.5044,0.3771,0.8257,41.1,29.6,12.9,0.5074,0.4184,0.7827,44.9,27.8,13.5,-0.0030000000000000027,-0.0413,-3.799999999999997,1.8000000000000007,0.5999999999999996,1.0
2023_24,0022300538,2024-01-12,MIN,POR,116,93,209,23,0.48710000000000003,0.38839999999999997,0.7954,42.0,25.4,15.8,0.4154,0.3544,0.7307,42.3,22.5,14.4,0.07170000000000004,0.033999999999999975,-0.29999999999999716,2.8999999999999986,-1.4000000000000004,1.0
2023_24,0022300537,2024-01-12,MEM,LAC,119,128,247,-9,0.45199999999999996,0.3477,0.7813,44.5,26.3,14.0,0.5075000000000001,0.4178,0.8662000000000001,41.6,26.5,14.1,-0.055500000000000105,-0.0701,2.8999999999999986,-0.1999999999999993,0.09999999999999964,1.0
2023_24,0022300535,2024-01-12,MIA,ORL,99,96,195,3,0.4577,0.375,0.7867,43.4,25.4,12.9,0.4605,0.3758,0.7591,43.9,23.7,15.7,-0.0028000000000000247,-0.0008000000000000229,-0.5,1.6999999999999993,2.799999999999999,1.0
2023_24,0022300534,2024-01-12,DET,HOU,110,112,222,-2,0.47779999999999995,0.3816,0.753,43.1,27.5,14.8,0.4643,0.3658,0.7596,42.6,24.0,12.7,0.013499999999999956,0.01579999999999998,0.5,3.5,-2.1000000000000014,1.0
2023_24,0022300533,2024-01-12,ATL,IND,108,126,234,-18,0.4641,0.33419999999999994,0.7811,47.0,27.2,13.3,0.5165,0.3885,0.8035,42.5,31.5,13.5,-0.05239999999999995,-0.05430000000000007,4.5,-4.300000000000001,0.1999999999999993,1.0
2023_24,0022300532,2024-01-12,PHI,SAC,112,93,205,19,0.4612,0.335,0.7874,39.0,24.3,11.2,0.4897,0.3758,0.7051999999999999,44.7,29.6,14.2,-0.028500000000000025,-0.0408,-5.700000000000003,-5.300000000000001,3.0,1.0
2023_24,0022300536,2024-01-12,CHI,GSW,131,140,271,-9,0.46299999999999997,0.3,0.7963,44.9,23.8,13.1,0.48319999999999996,0.3512,0.8175000000000001,43.5,28.9,13.6,-0.020199999999999996,-0.05120000000000002,1.3999999999999986,-5.099999999999998,0.5,1.0
2023_24,0022300548,2024-01-13,SAS,CHI,116,122,238,-6,0.47400000000000003,0.35950000000000004,0.7862,42.1,30.1,11.9,0.4667,0.32,0.7958000000000001,44.9,24.5,13.1,0.007300000000000029,0.039500000000000035,-2.799999999999997,5.600000000000001,1.1999999999999993,1.0
2023_24,0022300542,2024-01-13,BOS,HOU,145,113,258,32,0.4746,0.3644,0.7918999999999999,47.4,26.6,12.2,0.46719999999999995,0.36150000000000004,0.7705,42.3,24.0,12.4,0.007400000000000073,0.002899999999999958,5.100000000000001,2.6000000000000014,0.20000000000000107,1.0
2023_24,0022300543,2024-01-13,ATL,WAS,99,127,226,-28,0.4574,0.32839999999999997,0.7729,45.4,26.6,13.6,0.4619,0.3342,0.6858000000000001,40.1,27.0,13.6,-0.004500000000000004,-0.005800000000000027,5.299999999999997,-0.3999999999999986,0.0,1.0
2023_24,0022300544,2024-01-13,MEM,NYK,94,106,200,-12,0.44370000000000004,0.3553,0.7881,44.0,26.4,13.7,0.4801,0.3663,0.8304,45.8,25.6,14.9,-0.03639999999999999,-0.01100000000000001,-1.7999999999999972,0.7999999999999972,1.200000000000001,1.0
2023_24,0022300545,2024-01-13,MIL,GSW,129,118,247,11,0.5045,0.3822,0.7846,44.4,28.7,12.1,0.4868,0.3538,0.8058,42.2,29.5,12.9,0.017699999999999938,0.02839999999999998,2.1999999999999957,-0.8000000000000007,0.8000000000000007,1.0
2023_24,0022300546,2024-01-13,OKC,ORL,112,100,212,12,0.5562,0.43520000000000003,0.7889,40.5,32.2,12.5,0.45099999999999996,0.3725,0.7386,43.8,24.1,15.5,0.10520000000000007,0.06270000000000003,-3.299999999999997,8.100000000000001,3.0,1.0
2023_24,0022300547,2024-01-13,DAL,NOP,108,118,226,-10,0.48529999999999995,0.37360000000000004,0.7394999999999999,40.8,25.8,12.7,0.49989999999999996,0.4149,0.7679,44.4,27.6,13.5,-0.014600000000000002,-0.04129999999999995,-3.6000000000000014,-1.8000000000000007,0.8000000000000007,1.0
2023_24,0022300549,2024-01-13,UTA,LAL,132,125,257,7,0.49779999999999996,0.35009999999999997,0.8243,48.2,30.9,15.2,0.49030000000000007,0.3706,0.7936,40.4,29.6,14.3,0.007499999999999896,-0.020500000000000018,7.800000000000004,1.2999999999999972,-0.8999999999999986,1.0
2023_24,0022300554,2024-01-14,POR,PHX,116,127,243,-11,0.40919999999999995,0.35300000000000004,0.7303,43.1,21.7,15.2,0.5092,0.3847,0.8064,40.9,25.7,13.9,-0.10000000000000003,-0.03169999999999995,2.200000000000003,-4.0,-1.299999999999999,1.0
2023_24,0022300552,2024-01-14,MIL,SAC,143,142,285,1,0.5061,0.3741,0.7887000000000001,44.1,29.5,11.9,0.47990000000000005,0.3727,0.7098,46.1,29.3,14.8,0.026199999999999946,0.0014000000000000123,-2.0,0.1999999999999993,2.9000000000000004,1.0
2023_24,0022300553,2024-01-14,MIN,LAC,109,105,214,4,0.4915,0.3936,0.7805,42.2,25.8,16.2,0.5153000000000001,0.4267,0.8579000000000001,41.9,26.4,13.7,-0.0238000000000001,-0.03310000000000002,0.30000000000000426,-0.5999999999999979,-2.5,1.0
2023_24,0022300551,2024-01-14,MIA,CHA,104,87,191,17,0.45410000000000006,0.35409999999999997,0.7884,43.6,25.2,13.5,0.43200000000000005,0.36,0.7935,40.4,24.7,14.1,0.02210000000000001,-0.005900000000000016,3.200000000000003,0.5,0.5999999999999996,1.0
2023_24,0022300550,2024-01-14,DEN,IND,117,109,226,8,0.5083,0.37720000000000004,0.8150000000000001,41.8,29.7,14.0,0.5312,0.40549999999999997,0.8093,43.7,32.9,14.7,-0.02290000000000003,-0.028299999999999936,-1.9000000000000057,-3.1999999999999993,0.6999999999999993,1.0
2023_24,0022300555,2024-01-15,PHI,HOU,124,115,239,9,0.4506,0.3415,0.7912,40.0,24.6,11.4,0.4591,0.364,0.7754,42.9,24.1,12.6,-0.008500000000000008,-0.022499999999999964,-2.8999999999999986,0.5,1.1999999999999993,1.0
2023_24,0022300556,2024-01-15,DAL,NOP,125,120,245,5,0.4768,0.3738,0.7612,40.4,25.3,12.8,0.503,0.42910000000000004,0.7746000000000001,44.2,28.4,13.0,-0.0262,-0.055300000000000016,-3.8000000000000043,-3.099999999999998,0.1999999999999993,1.0
2023_24,0022300557,2024-01-15,NYK,ORL,94,98,192,-4,0.47400000000000003,0.36970000000000003,0.818,47.3,25.4,16.0,0.4447,0.3463,0.7331,44.8,23.2,15.5,0.029300000000000048,0.023400000000000032,2.5,2.1999999999999993,-0.5,1.0
2023_24,0022300558,2024-01-15,WAS,DET,117,129,246,-12,0.465,0.3403,0.6874,41.6,27.7,13.9,0.4784,0.373,0.7396,44.1,28.1,14.9,-0.013399999999999967,-0.03270000000000001,-2.5,-0.40000000000000213,1.0,1.0
2023_24,0022300559,2024-01-15,ATL,SAS,109,99,208,10,0.44800000000000006,0.3207,0.7742,46.1,25.8,13.8,0.4702,0.3675,0.8024000000000001,42.6,29.5,11.8,-0.022199999999999942,-0.04680000000000001,3.5,-3.6999999999999993,-2.0,1.0
2023_24,0022300560,2024-01-15,MEM,GSW,116,107,223,9,0.4418,0.3551,0.7904,42.5,26.7,13.1,0.47700000000000004,0.3652,0.7868,41.4,28.0,11.9,-0.03520000000000001,-0.010099999999999998,1.1000000000000014,-1.3000000000000007,-1.1999999999999993,1.0
2023_24,0022300561,2024-01-15,CLE,CHI,109,91,200,18,0.4723,0.36,0.7354,46.9,29.3,13.2,0.47400000000000003,0.3412,0.7813,45.9,25.3,12.8,-0.0017000000000000348,0.018799999999999983,1.0,4.0,-0.3999999999999986,1.0
2023_24,0022300562,2024-01-15,BKN,MIA,95,96,191,-1,0.4429,0.3211,0.7095,45.7,25.6,12.0,0.457,0.3545,0.7864,43.2,25.8,13.2,-0.014100000000000001,-0.033399999999999985,2.5,-0.1999999999999993,1.1999999999999993,1.0
2023_24,0022300563,2024-01-15,TOR,BOS,96,105,201,-9,0.5173,0.43019999999999997,0.7325,40.4,30.7,11.7,0.47780000000000006,0.38449999999999995,0.7929,48.0,26.1,12.6,0.039499999999999924,0.04570000000000002,-7.600000000000001,4.599999999999998,0.9000000000000004,1.0
2023_24,0022300564,2024-01-15,UTA,IND,132,105,237,27,0.49350000000000005,0.34530000000000005,0.8257,48.1,30.3,14.8,0.5255,0.3889,0.7918000000000001,42.9,32.9,14.0,-0.03199999999999992,-0.04359999999999997,5.200000000000003,-2.599999999999998,-0.8000000000000007,1.0
2023_24,0022300565,2024-01-15,LAL,OKC,112,105,217,7,0.48810000000000003,0.3654,0.7943,40.0,28.9,14.6,0.5414,0.4112,0.7933,42.2,31.0,11.9,-0.05329999999999996,-0.04580000000000001,-2.200000000000003,-2.1000000000000014,-2.6999999999999993,1.0
2023_24,0022300568,2024-01-16,LAC,OKC,128,117,245,11,0.5126000000000001,0.43789999999999996,0.8468,41.9,26.7,13.7,0.5287,0.398,0.8069000000000001,43.5,31.3,12.6,-0.016099999999999892,0.039899999999999936,-1.6000000000000014,-4.600000000000001,-1.0999999999999996,1.0
2023_24,0022300566,2024-01-16,PHI,DEN,126,121,247,5,0.44580000000000003,0.3447,0.7859999999999999,40.3,23.7,11.1,0.5298,0.3872,0.7945,41.0,30.3,14.5,-0.08400000000000002,-0.04249999999999998,-0.7000000000000028,-6.600000000000001,3.4000000000000004,1.0
2023_24,0022300567,2024-01-16,PHX,SAC,119,117,236,2,0.5253,0.39699999999999996,0.8079000000000001,40.3,25.6,13.7,0.48390000000000005,0.39039999999999997,0.7035,46.8,30.2,14.5,0.04139999999999994,0.006599999999999995,-6.5,-4.599999999999998,0.8000000000000007,1.0
2023_24,0022300569,2024-01-17,DET,MIN,117,124,241,-7,0.4896,0.37570000000000003,0.7416,44.1,29.1,15.1,0.5016,0.3992,0.7637,42.9,26.1,15.7,-0.012000000000000066,-0.023499999999999965,1.2000000000000028,3.0,0.5999999999999996,1.0
2023_24,0022300570,2024-01-17,ATL,ORL,106,104,210,2,0.4441,0.3247,0.7704,47.7,25.4,14.7,0.4502,0.34659999999999996,0.7123,45.1,24.1,14.7,-0.006099999999999994,-0.021899999999999975,2.6000000000000014,1.2999999999999972,0.0,1.0
2023_24,0022300571,2024-01-17,BOS,SAS,117,98,215,19,0.46950000000000003,0.3973,0.8009000000000001,49.0,25.6,12.7,0.46529999999999994,0.348,0.8063,42.7,28.6,12.7,0.0042000000000000925,0.04930000000000001,6.299999999999997,-3.0,0.0,1.0
2023_24,0022300572,2024-01-17,CLE,MIL,135,95,230,40,0.4665,0.35,0.7666000000000001,47.3,28.7,13.4,0.5109,0.3896,0.7939,43.7,30.0,12.2,-0.044399999999999995,-0.039600000000000024,3.5999999999999943,-1.3000000000000007,-1.200000000000001,1.0
2023_24,0022300573,2024-01-17,NYK,HOU,109,94,203,15,0.4638,0.36100000000000004,0.8061999999999999,47.4,25.0,15.2,0.46740000000000004,0.35209999999999997,0.7621,44.2,24.2,12.9,-0.0036000000000000476,0.008900000000000075,3.1999999999999957,0.8000000000000007,-2.299999999999999,1.0
2023_24,0022300574,2024-01-17,TOR,MIA,121,97,218,24,0.5002,0.4032,0.7403,40.3,28.9,10.4,0.4473,0.3428,0.7973,43.0,25.3,13.1,0.0529,0.06040000000000001,-2.700000000000003,3.599999999999998,2.6999999999999993,1.0
2023_24,0022300575,2024-01-17,NOP,CHA,132,112,244,20,0.5103,0.4272,0.7866,43.3,28.7,12.5,0.4281,0.3558,0.7842,40.7,24.1,13.8,0.0822,0.07140000000000002,2.5999999999999943,4.599999999999998,1.3000000000000007,1.0
2023_24,0022300577,2024-01-17,LAL,DAL,127,110,237,17,0.49269999999999997,0.3581,0.807,40.1,29.5,15.1,0.4784,0.3887,0.7595,40.9,25.6,13.0,0.01429999999999998,-0.030600000000000016,-0.7999999999999972,3.8999999999999986,-2.0999999999999996,1.0
2023_24,0022300578,2024-01-17,POR,BKN,105,103,208,2,0.4041,0.3606,0.7230000000000001,42.1,21.2,15.6,0.42489999999999994,0.3012,0.722,46.9,25.0,11.6,-0.02079999999999993,0.05939999999999995,-4.799999999999997,-3.8000000000000007,-4.0,1.0
2023_24,0022300583,2024-01-18,SAC,IND,121,126,247,-5,0.4822,0.3976,0.7085,46.1,30.1,14.7,0.5149,0.3727,0.8036,42.5,32.6,14.0,-0.03270000000000001,0.024900000000000033,3.6000000000000014,-2.5,-0.6999999999999993,1.0
2023_24,0022300582,2024-01-18,MIN,MEM,118,103,221,15,0.5006999999999999,0.3977,0.7615999999999999,43.3,27.0,14.6,0.43739999999999996,0.355,0.7984,43.1,26.8,13.3,0.06329999999999997,0.042700000000000016,0.19999999999999574,0.1999999999999993,-1.299999999999999,1.0
2023_24,0022300581,2024-01-18,UTA,OKC,129,134,263,-5,0.5067,0.3585,0.8303,48.5,30.5,14.4,0.5288,0.41079999999999994,0.7981,41.9,31.4,12.6,-0.02210000000000001,-0.05229999999999996,6.600000000000001,-0.8999999999999986,-1.8000000000000007,1.0
2023_24,0022300580,2024-01-18,TOR,CHI,110,116,226,-6,0.505,0.41719999999999996,0.7363999999999999,41.0,29.4,11.1,0.47050000000000003,0.34130000000000005,0.7692,45.4,25.1,13.7,0.034499999999999975,0.07589999999999991,-4.399999999999999,4.299999999999997,2.5999999999999996,1.0
2023_24,0022300579,2024-01-18,NYK,WAS,113,109,222,4,0.46440000000000003,0.3761,0.7983,48.5,25.2,15.1,0.4619,0.3485,0.6973,40.2,28.0,12.7,0.0025000000000000577,0.027600000000000013,8.299999999999997,-2.8000000000000007,-2.4000000000000004,1.0
2023_24,0022300584,2024-01-19,CHA,SAS,124,120,244,4,0.42519999999999997,0.3773,0.7925,40.6,23.9,14.1,0.45899999999999996,0.3408,0.7947,42.6,27.9,12.6,-0.0338,0.03650000000000003,-2.0,-4.0,-1.5,1.0
2023_24,0022300585,2024-01-19,ORL,PHI,109,124,233,-15,0.44960000000000006,0.354,0.71,44.2,23.5,14.5,0.4598,0.3553,0.7955,39.9,24.1,11.1,-0.010199999999999931,-0.0013000000000000234,4.300000000000004,-0.6000000000000014,-3.4000000000000004,1.0
2023_24,0022300586,2024-01-19,BOS,DEN,100,102,202,-2,0.4673,0.4011,0.7948000000000001,49.2,24.9,12.5,0.5316,0.3874,0.7892,41.3,30.1,14.2,-0.06429999999999997,0.01369999999999999,7.900000000000006,-5.200000000000003,1.6999999999999993,1.0
2023_24,0022300587,2024-01-19,MIA,ATL,108,109,217,-1,0.4445,0.3319,0.7996,42.3,25.1,13.5,0.44930000000000003,0.3278,0.7756000000000001,47.8,25.1,15.4,-0.0048000000000000265,0.0040999999999999925,-5.5,0.0,1.9000000000000004,1.0
2023_24,0022300588,2024-01-19,NOP,PHX,109,123,232,-14,0.5054000000000001,0.4434,0.7891999999999999,44.8,29.2,12.3,0.5174000000000001,0.40049999999999997,0.8170999999999999,40.5,26.0,13.8,-0.01200000000000001,0.04290000000000005,4.299999999999997,3.1999999999999993,1.5,1.0
2023_24,0022300590,2024-01-19,POR,IND,118,115,233,3,0.4182,0.3633,0.7337,40.5,21.7,15.6,0.5112,0.3586,0.8015000000000001,42.5,31.9,13.6,-0.09299999999999997,0.0047000000000000375,-2.0,-10.2,-2.0,1.0
2023_24,0022300591,2024-01-19,LAL,BKN,112,130,242,-18,0.4929,0.351,0.7777999999999999,40.4,28.7,15.1,0.42279999999999995,0.2998,0.7259,46.0,25.6,11.8,0.07010000000000005,0.05119999999999997,-5.600000000000001,3.099999999999998,-3.299999999999999,1.0
2023_24,0022300599,2024-01-20,MIN,OKC,97,102,199,-5,0.5056,0.4053,0.7545,42.7,27.6,14.2,0.5304,0.4001,0.8038000000000001,41.1,31.9,12.7,-0.024799999999999933,0.005199999999999982,1.6000000000000014,-4.299999999999997,-1.5,1.0
2023_24,0022300598,2024-01-20,HOU,UTA,127,126,253,1,0.4553,0.3321,0.7748999999999999,43.8,23.5,12.2,0.5088,0.37229999999999996,0.8422000000000001,48.0,30.9,14.9,-0.05350000000000005,-0.04019999999999996,-4.200000000000003,-7.399999999999999,2.700000000000001,1.0
2023_24,0022300597,2024-01-20,CHI,MEM,125,96,221,29,0.48200000000000004,0.3404,0.7743,44.9,26.2,14.1,0.4396,0.3637,0.7781,43.2,26.1,13.6,0.04240000000000005,-0.023300000000000043,1.6999999999999957,0.09999999999999787,-0.5,1.0
2023_24,0022300596,2024-01-20,NYK,TOR,126,100,226,26,0.46230000000000004,0.3644,0.8125,49.0,25.0,15.4,0.5051,0.3935,0.7343,41.5,29.9,11.7,-0.04279999999999995,-0.029100000000000015,7.5,-4.899999999999999,-3.700000000000001,1.0
2023_24,0022300594,2024-01-20,WAS,SAS,127,131,258,-4,0.4608,0.3566,0.7079,41.4,28.6,12.2,0.46390000000000003,0.3453,0.7874,41.8,28.4,12.5,-0.003100000000000047,0.011299999999999977,-0.3999999999999986,0.20000000000000284,0.3000000000000007,1.0
2023_24,0022300593,2024-01-20,CHA,PHI,89,97,186,-8,0.43410000000000004,0.387,0.8192999999999999,40.3,23.5,14.0,0.4612,0.3629,0.818,39.3,25.0,10.9,-0.027099999999999957,0.02410000000000001,1.0,-1.5,-3.0999999999999996,1.0
2023_24,0022300592,2024-01-20,DET,MIL,135,141,276,-6,0.49379999999999996,0.38180000000000003,0.7468,42.4,29.4,14.4,0.4925,0.3731,0.79,43.2,27.8,12.2,0.0012999999999999678,0.008700000000000041,-0.8000000000000043,1.5999999999999979,-2.200000000000001,1.0
2023_24,0022300595,2024-01-20,ATL,CLE,95,116,211,-21,0.4559,0.3358,0.774,46.5,24.5,15.4,0.47850000000000004,0.3543,0.7725,49.3,28.9,13.3,-0.02260000000000001,-0.018500000000000016,-2.799999999999997,-4.399999999999999,-2.0999999999999996,1.0
2023_24,0022300600,2024-01-21,LAC,BKN,125,114,239,11,0.5195000000000001,0.44320000000000004,0.8317,41.3,27.3,13.4,0.43079999999999996,0.31829999999999997,0.7182999999999999,45.4,25.8,12.0,0.08870000000000011,0.12490000000000007,-4.100000000000001,1.5,-1.4000000000000004,1.0
2023_24,0022300601,2024-01-21,ORL,MIA,105,87,192,18,0.45030000000000003,0.3651,0.7109,43.3,23.7,14.6,0.44720000000000004,0.3416,0.8105,42.1,25.2,13.7,0.0030999999999999917,0.023499999999999965,1.1999999999999957,-1.5,-0.9000000000000004,1.0
2023_24,0022300602,2024-01-21,WAS,DEN,104,113,217,-9,0.4579,0.34809999999999997,0.752,41.7,28.6,12.7,0.5262,0.3644,0.7804,40.7,27.8,14.1,-0.06830000000000003,-0.016300000000000037,1.0,0.8000000000000007,1.4000000000000004,1.0
2023_24,0022300603,2024-01-21,HOU,BOS,107,116,223,-9,0.442,0.3225,0.7593,45.5,22.8,11.9,0.4563,0.3972,0.7889,47.3,24.1,11.7,-0.01429999999999998,-0.07469999999999999,-1.7999999999999972,-1.3000000000000007,-0.20000000000000107,1.0
2023_24,0022300604,2024-01-21,PHX,IND,117,110,227,7,0.5046999999999999,0.3771,0.7975,41.4,25.8,13.3,0.5098,0.38689999999999997,0.7879,41.0,33.0,14.3,-0.0051000000000001044,-0.009799999999999975,0.3999999999999986,-7.199999999999999,1.0,1.0
2023_24,0022300605,2024-01-21,LAL,POR,134,110,244,24,0.4953,0.35819999999999996,0.783,40.9,29.5,15.5,0.41769999999999996,0.33730000000000004,0.7379,40.9,20.7,15.3,0.07760000000000006,0.02089999999999992,0.0,8.8,-0.1999999999999993,1.0
2023_24,0022300611,2024-01-22,DAL,BOS,110,119,229,-9,0.48020000000000007,0.3738,0.7585999999999999,41.3,25.3,12.7,0.4545,0.39590000000000003,0.7783,48.1,23.9,11.9,0.025700000000000056,-0.02210000000000001,-6.800000000000004,1.4000000000000021,-0.7999999999999989,1.0
2023_24,0022300613,2024-01-22,SAC,ATL,122,107,229,15,0.4829,0.3896,0.6883,44.0,30.0,14.5,0.4462,0.3272,0.7758,45.2,24.3,15.3,0.03670000000000001,0.06240000000000001,-1.2000000000000028,5.699999999999999,0.8000000000000007,1.0
2023_24,0022300612,2024-01-22,PHX,CHI,115,113,228,2,0.512,0.3795,0.7966,42.3,26.2,14.4,0.483,0.3548,0.7952999999999999,44.8,27.3,13.6,0.029000000000000026,0.0247,-2.5,-1.1000000000000014,-0.8000000000000007,1.0
2023_24,0022300610,2024-01-22,MIN,CHA,125,128,253,-3,0.4995,0.40380000000000005,0.7476,44.3,27.9,14.9,0.42750000000000005,0.3613,0.7907,42.4,22.6,15.1,0.07199999999999995,0.04250000000000004,1.8999999999999986,5.299999999999997,0.1999999999999993,1.0
2023_24,0022300608,2024-01-22,PHI,SAS,133,123,256,10,0.4513,0.3465,0.8134,40.9,24.9,10.9,0.4744,0.3573,0.7863,42.8,29.4,12.6,-0.02310000000000001,-0.010800000000000032,-1.8999999999999986,-4.5,1.6999999999999993,1.0
2023_24,0022300607,2024-01-22,ORL,CLE,99,126,225,-27,0.45309999999999995,0.35829999999999995,0.7069,43.6,23.9,14.2,0.4848,0.3648,0.7868999999999999,49.4,29.3,13.4,-0.03170000000000006,-0.006500000000000061,-5.799999999999997,-5.400000000000002,-0.7999999999999989,1.0
2023_24,0022300606,2024-01-22,DET,MIL,113,122,235,-9,0.4906,0.3957,0.7405999999999999,42.3,29.5,14.1,0.4965,0.36920000000000003,0.7721,43.8,28.2,11.5,-0.005900000000000016,0.026499999999999968,-1.5,1.3000000000000007,-2.5999999999999996,1.0
2023_24,0022300609,2024-01-22,TOR,MEM,100,108,208,-8,0.4981,0.3892,0.7182999999999999,39.9,30.3,11.6,0.4457,0.36469999999999997,0.7893,43.0,26.9,14.4,0.0524,0.024500000000000022,-3.1000000000000014,3.400000000000002,2.8000000000000007,1.0
2023_24,0022300614,2024-01-23,IND,DEN,109,114,223,-5,0.49779999999999996,0.3921,0.7664,40.6,32.4,14.3,0.5327,0.3738,0.775,42.1,27.7,13.8,-0.03489999999999999,0.018299999999999983,-1.5,4.699999999999999,-0.5,1.0
2023_24,0022300615,2024-01-23,BKN,NYK,103,108,211,-5,0.4368,0.3221,0.7303,43.6,26.3,12.3,0.47300000000000003,0.365,0.8139,50.2,25.4,16.1,-0.03620000000000001,-0.042899999999999994,-6.600000000000001,0.9000000000000021,3.8000000000000007,1.0
2023_24,0022300616,2024-01-23,NOP,UTA,153,124,277,29,0.49779999999999996,0.41719999999999996,0.7816,44.3,28.6,12.1,0.5035000000000001,0.37520000000000003,0.8251,48.6,30.0,15.3,-0.005700000000000094,0.041999999999999926,-4.300000000000004,-1.3999999999999986,3.200000000000001,1.0
2023_24,0022300617,2024-01-23,OKC,POR,111,109,220,2,0.5172,0.38839999999999997,0.8130000000000001,41.0,30.6,12.3,0.4231,0.3416,0.7492,40.8,21.0,14.8,0.09410000000000002,0.04679999999999995,0.20000000000000284,9.600000000000001,2.5,1.0
2023_24,0022300618,2024-01-23,LAC,LAL,127,116,243,11,0.5206999999999999,0.465,0.8365,40.4,27.1,12.7,0.5024,0.3663,0.7921,41.9,29.7,15.6,0.018299999999999983,0.09870000000000001,-1.5,-2.599999999999998,2.9000000000000004,1.0
2023_24,0022300624,2024-01-24,MIL,CLE,126,116,242,10,0.4971,0.3698,0.7737,44.1,28.1,11.3,0.4976,0.3779,0.79,47.6,28.9,13.0,-0.0005000000000000004,-0.008099999999999996,-3.5,-0.7999999999999972,1.6999999999999993,1.0
2023_24,0022300626,2024-01-24,GSW,ATL,134,112,246,22,0.47990000000000005,0.3625,0.7898,42.0,28.5,12.5,0.4344,0.3263,0.7596999999999999,45.3,23.2,15.2,0.04550000000000004,0.03620000000000001,-3.299999999999997,5.300000000000001,2.6999999999999993,1.0
2023_24,0022300625,2024-01-24,DAL,PHX,109,132,241,-23,0.4688,0.3688,0.7482,41.8,25.2,12.8,0.5163,0.3828,0.8064,41.5,27.0,13.5,-0.04749999999999999,-0.013999999999999957,0.29999999999999716,-1.8000000000000007,0.6999999999999993,1.0
2023_24,0022300623,2024-01-24,HOU,POR,131,137,268,-6,0.43689999999999996,0.3024,0.7571,45.6,22.7,11.8,0.42699999999999994,0.3553,0.7575000000000001,40.8,21.4,14.5,0.00990000000000002,-0.0529,4.800000000000004,1.3000000000000007,2.6999999999999993,1.0
2023_24,0022300622,2024-01-24,SAS,OKC,114,140,254,-26,0.4782,0.3567,0.8055999999999999,43.1,30.2,11.8,0.5105999999999999,0.3688,0.8004,41.6,29.9,12.2,-0.03239999999999993,-0.0121,1.5,0.3000000000000007,0.3999999999999986,1.0
2023_24,0022300621,2024-01-24,MIA,MEM,96,105,201,-9,0.4425,0.3416,0.8145,42.2,25.0,14.1,0.4457,0.3713,0.7676000000000001,43.1,27.5,14.5,-0.0031999999999999806,-0.029700000000000004,-0.8999999999999986,-2.5,0.40000000000000036,1.0
2023_24,0022300620,2024-01-24,WAS,MIN,107,118,225,-11,0.45389999999999997,0.3456,0.7527999999999999,41.5,28.2,13.1,0.5068,0.4154,0.7421,45.1,28.7,14.9,-0.05290000000000006,-0.06979999999999997,-3.6000000000000014,-0.5,1.8000000000000007,1.0
2023_24,0022300619,2024-01-24,DET,CHA,113,106,219,7,0.4873,0.3842,0.7458,42.8,29.3,13.3,0.4424,0.3606,0.7997,41.4,23.2,14.7,0.044899999999999995,0.02360000000000001,1.3999999999999986,6.100000000000001,1.3999999999999986,1.0
2023_24,0022300627,2024-01-25,IND,PHI,134,122,256,12,0.48340000000000005,0.3672,0.7675,40.5,29.8,13.7,0.4617,0.3478,0.8201,42.1,25.3,10.5,0.021700000000000053,0.01940000000000003,-1.6000000000000014,4.5,-3.1999999999999993,1.0
2023_24,0022300628,2024-01-25,WAS,UTA,108,123,231,-15,0.46040000000000003,0.353,0.7866,42.8,29.1,14.4,0.49870000000000003,0.3585,0.8150000000000001,48.1,29.9,14.9,-0.0383,-0.005500000000000005,-5.300000000000004,-0.7999999999999972,0.5,1.0
2023_24,0022300629,2024-01-25,BKN,MIN,94,96,190,-2,0.44299999999999995,0.3317,0.7458,42.9,26.6,12.9,0.4965,0.4011,0.7483,44.7,28.2,14.2,-0.05350000000000005,-0.06940000000000002,-1.8000000000000043,-1.5999999999999979,1.299999999999999,1.0
2023_24,0022300630,2024-01-25,MIA,BOS,110,143,253,-33,0.4386,0.3359,0.8199,42.7,24.1,14.8,0.45780000000000004,0.39380000000000004,0.7655000000000001,46.9,24.1,11.1,-0.01920000000000005,-0.05790000000000006,-4.199999999999996,0.0,-3.700000000000001,1.0
2023_24,0022300631,2024-01-25,NYK,DEN,122,84,206,38,0.4678,0.36,0.8268000000000001,49.2,24.6,15.9,0.5333,0.36760000000000004,0.7854,41.9,27.2,13.9,-0.0655,-0.007600000000000051,7.300000000000004,-2.599999999999998,-2.0,1.0
2023_24,0022300632,2024-01-25,GSW,SAC,133,134,267,-1,0.4939,0.3868,0.7825,42.6,28.4,12.2,0.4856,0.3823,0.7184,44.3,29.9,13.3,0.00830000000000003,0.004500000000000004,-1.6999999999999957,-1.5,1.1000000000000014,1.0
2023_24,0022300633,2024-01-25,LAL,CHI,141,132,273,9,0.5091,0.3874,0.7686,41.0,29.5,14.9,0.4929,0.37370000000000003,0.7899999999999999,44.4,28.1,12.8,0.016199999999999992,0.01369999999999999,-3.3999999999999986,1.3999999999999986,-2.0999999999999996,1.0
2023_24,0022300640,2024-01-26,NOP,OKC,83,107,190,-24,0.5088999999999999,0.4262,0.7705,44.7,30.4,11.3,0.5133,0.3848,0.8211999999999999,42.7,30.6,12.5,-0.0044000000000000705,0.04140000000000005,2.0,-0.20000000000000284,1.1999999999999993,1.0
2023_24,0022300636,2024-01-26,IND,PHX,133,131,264,2,0.4991,0.3911,0.7664,42.2,31.0,14.9,0.5231,0.3811,0.7906,43.2,27.7,13.4,-0.02400000000000002,0.010000000000000009,-1.0,3.3000000000000007,-1.5,1.0
2023_24,0022300641,2024-01-26,SAS,POR,116,100,216,16,0.4798,0.3498,0.7934,42.7,30.1,12.5,0.43689999999999996,0.3657,0.7786000000000001,41.4,21.8,13.8,0.04290000000000005,-0.015900000000000025,1.3000000000000043,8.3,1.3000000000000007,1.0
2023_24,0022300639,2024-01-26,MIL,CLE,100,112,212,-12,0.4971,0.3699,0.788,44.5,27.5,11.2,0.5005,0.3981,0.7855000000000001,47.8,28.7,13.5,-0.0033999999999999586,-0.028200000000000003,-3.299999999999997,-1.1999999999999993,2.3000000000000007,1.0
2023_24,0022300634,2024-01-26,ATL,DAL,143,148,291,-5,0.43289999999999995,0.3351,0.7499,45.9,24.1,14.9,0.4751,0.38079999999999997,0.7538,41.0,24.9,12.6,-0.04220000000000007,-0.04569999999999996,4.899999999999999,-0.7999999999999972,-2.3000000000000007,1.0
2023_24,0022300637,2024-01-26,TOR,LAC,107,127,234,-20,0.49420000000000003,0.3778,0.7325,40.0,30.9,12.1,0.521,0.4686,0.8186,40.3,27.9,12.5,-0.02679999999999999,-0.09079999999999999,-0.29999999999999716,3.0,0.40000000000000036,1.0
2023_24,0022300635,2024-01-26,CHA,HOU,104,138,242,-34,0.4349,0.3648,0.7997,42.7,23.6,14.3,0.45010000000000006,0.2982,0.7702,45.5,23.8,11.1,-0.015200000000000047,0.06659999999999999,-2.799999999999997,-0.1999999999999993,-3.200000000000001,1.0
2023_24,0022300638,2024-01-26,MEM,ORL,107,106,213,1,0.4481,0.3828,0.7676000000000001,43.2,28.0,15.3,0.45010000000000006,0.33940000000000003,0.6921,43.1,23.1,13.6,-0.0020000000000000573,0.04339999999999994,0.10000000000000142,4.899999999999999,-1.700000000000001,1.0
2023_24,0022300651,2024-01-27,DAL,SAC,115,120,235,-5,0.4851,0.39180000000000004,0.7675,40.4,25.2,12.7,0.4897,0.3906,0.7349,41.9,29.6,12.2,-0.0046000000000000485,0.0012000000000000344,-1.5,-4.400000000000002,-0.5,1.0
2023_24,0022300650,2024-01-27,GSW,LAL,144,145,289,-1,0.5041,0.39859999999999995,0.7916000000000001,41.2,28.2,12.4,0.5206000000000001,0.4162,0.7732,40.5,30.4,14.9,-0.01650000000000007,-0.01760000000000006,0.7000000000000028,-2.1999999999999993,2.5,1.0
2023_24,0022300649,2024-01-27,SAS,MIN,113,112,225,1,0.47780000000000006,0.34140000000000004,0.7916000000000001,44.6,30.9,13.2,0.5022,0.417,0.7614,43.4,28.4,14.6,-0.024399999999999922,-0.07559999999999995,1.2000000000000028,2.5,1.4000000000000004,1.0
2023_24,0022300647,2024-01-27,CHA,UTA,122,134,256,-12,0.43570000000000003,0.3664,0.8028000000000001,41.7,23.6,14.3,0.514,0.38280000000000003,0.8307,47.6,31.0,14.7,-0.07829999999999998,-0.016400000000000026,-5.899999999999999,-7.399999999999999,0.3999999999999986,1.0
2023_24,0022300648,2024-01-27,MIL,NOP,141,117,258,24,0.484,0.37279999999999996,0.7798999999999999,45.4,26.9,11.6,0.4923,0.40499999999999997,0.7537,44.7,29.8,11.9,-0.00830000000000003,-0.032200000000000006,0.6999999999999957,-2.900000000000002,0.3000000000000007,1.0
2023_24,0022300645,2024-01-27,BKN,HOU,106,104,210,2,0.45280000000000004,0.3364,0.7833,41.8,26.2,12.9,0.46290000000000003,0.2994,0.7664,46.2,25.0,11.5,-0.010099999999999998,0.03699999999999998,-4.400000000000006,1.1999999999999993,-1.4000000000000004,1.0
2023_24,0022300644,2024-01-27,DEN,PHI,111,105,216,6,0.5173,0.3522,0.7838,42.3,26.4,14.9,0.4625,0.3319,0.8189,40.9,24.9,9.8,0.05479999999999996,0.02030000000000004,1.3999999999999986,1.5,-5.1,1.0
2023_24,0022300643,2024-01-27,NYK,MIA,125,109,234,16,0.47240000000000004,0.3556,0.8158,48.7,24.5,15.6,0.4423,0.34700000000000003,0.8103999999999999,41.4,24.0,13.7,0.030100000000000016,0.008599999999999997,7.300000000000004,0.5,-1.9000000000000004,1.0
2023_24,0022300642,2024-01-27,DET,WAS,104,118,222,-14,0.484,0.3774,0.7285,42.4,28.6,12.7,0.4676,0.3463,0.7883,43.2,30.5,13.8,0.01639999999999997,0.031100000000000017,-0.8000000000000043,-1.8999999999999986,1.1000000000000014,1.0
2023_24,0022300646,2024-01-27,BOS,LAC,96,115,211,-19,0.47050000000000003,0.4098,0.8079000000000001,46.0,25.1,10.4,0.5162,0.4438,0.8196999999999999,41.7,28.3,12.2,-0.04569999999999996,-0.033999999999999975,4.299999999999997,-3.1999999999999993,1.799999999999999,1.0
2023_24,0022300652,2024-01-28,IND,MEM,116,110,226,6,0.49960000000000004,0.37439999999999996,0.7445999999999999,43.1,31.5,14.9,0.44109999999999994,0.36829999999999996,0.7491,43.1,27.7,14.8,0.05850000000000011,0.006099999999999994,0.0,3.8000000000000007,-0.09999999999999964,1.0
2023_24,0022300653,2024-01-28,ATL,TOR,126,125,251,1,0.43929999999999997,0.3492,0.778,44.5,25.2,14.3,0.48600000000000004,0.36150000000000004,0.7064,40.8,30.4,11.8,-0.046700000000000075,-0.012300000000000033,3.700000000000003,-5.199999999999999,-2.5,1.0
2023_24,0022300654,2024-01-28,DET,OKC,120,104,224,16,0.48260000000000003,0.376,0.7263,42.9,28.3,13.3,0.5019,0.3651,0.8391,43.2,29.1,12.3,-0.019299999999999984,0.01090000000000002,-0.30000000000000426,-0.8000000000000007,-1.0,1.0
2023_24,0022300655,2024-01-28,ORL,PHX,113,98,211,15,0.44699999999999995,0.3187,0.6969000000000001,43.1,22.7,13.2,0.5298,0.38439999999999996,0.8148,42.6,27.1,14.3,-0.0828000000000001,-0.06569999999999998,0.5,-4.400000000000002,1.1000000000000014,1.0
2023_24,0022300656,2024-01-28,POR,CHI,96,104,200,-8,0.43170000000000003,0.34009999999999996,0.7723,41.3,22.0,14.3,0.5046999999999999,0.36550000000000005,0.7984,44.4,28.4,13.4,-0.0729999999999999,-0.02540000000000009,-3.1000000000000014,-6.399999999999999,-0.9000000000000004,1.0
2023_24,0022300665,2024-01-29,SAS,WAS,113,118,231,-5,0.4805,0.3514,0.7596999999999999,43.9,30.8,14.2,0.4655,0.3436,0.8093,43.7,29.8,12.8,0.014999999999999958,0.007799999999999974,0.19999999999999574,1.0,-1.3999999999999986,1.0
2023_24,0022300666,2024-01-29,DAL,ORL,131,129,260,2,0.4707,0.3819,0.7729999999999999,39.5,25.2,12.0,0.44770000000000004,0.3105,0.7064,41.4,23.2,12.9,0.022999999999999965,0.07140000000000002,-1.8999999999999986,2.0,0.9000000000000004,1.0
2023_24,0022300664,2024-01-29,OKC,MIN,101,107,208,-6,0.4904,0.3513,0.8308,43.3,27.2,12.0,0.5054000000000001,0.43079999999999996,0.7358,41.8,28.0,14.1,-0.015000000000000069,-0.07949999999999996,1.5,-0.8000000000000007,2.0999999999999996,1.0
2023_24,0022300668,2024-01-29,POR,PHI,130,104,234,26,0.4338,0.3376,0.7953,41.8,22.3,14.2,0.4749,0.3331,0.8261,41.0,25.2,9.5,-0.04109999999999997,0.004500000000000004,0.7999999999999972,-2.8999999999999986,-4.699999999999999,1.0
2023_24,0022300667,2024-01-29,DEN,MIL,113,107,220,6,0.5119,0.36,0.7681,42.9,26.1,14.4,0.4939,0.3907,0.7868999999999999,45.8,27.9,11.4,0.018000000000000016,-0.030700000000000005,-2.8999999999999986,-1.7999999999999972,-3.0,1.0
2023_24,0022300663,2024-01-29,MEM,SAC,94,103,197,-9,0.4431,0.37029999999999996,0.7483,42.2,26.8,14.3,0.4915,0.372,0.7449,41.6,28.8,12.1,-0.0484,-0.0017000000000000348,0.6000000000000014,-2.0,-2.200000000000001,1.0
2023_24,0022300660,2024-01-29,BKN,UTA,147,114,261,33,0.4627,0.3422,0.7813,40.8,26.1,13.8,0.5124000000000001,0.3976,0.8239000000000001,47.7,31.8,13.7,-0.04970000000000008,-0.055400000000000005,-6.900000000000006,-5.699999999999999,-0.10000000000000142,1.0
2023_24,0022300661,2024-01-29,MIA,PHX,105,118,223,-13,0.4389,0.3431,0.8198000000000001,40.7,23.6,13.4,0.5408999999999999,0.38439999999999996,0.8036999999999999,41.5,26.1,15.4,-0.10199999999999992,-0.04129999999999995,-0.7999999999999972,-2.5,2.0,1.0
2023_24,0022300662,2024-01-29,HOU,LAL,135,119,254,16,0.4603,0.2923,0.7641,47.5,25.0,12.0,0.5179,0.41159999999999997,0.7928,42.0,31.4,15.0,-0.05760000000000004,-0.11929999999999996,5.5,-6.399999999999999,3.0,1.0
2023_24,0022300659,2024-01-29,BOS,NOP,118,112,230,6,0.45430000000000004,0.3862,0.8263999999999999,47.0,24.6,10.0,0.5035000000000001,0.4027,0.7575999999999999,44.7,29.6,12.5,-0.04920000000000002,-0.016500000000000015,2.299999999999997,-5.0,2.5,1.0
2023_24,0022300658,2024-01-29,CLE,LAC,118,108,226,10,0.49349999999999994,0.4037,0.768,48.6,28.2,13.9,0.5115000000000001,0.4271,0.8230000000000001,42.5,28.3,11.5,-0.018000000000000127,-0.023399999999999976,6.100000000000001,-0.10000000000000142,-2.4000000000000004,1.0
2023_24,0022300657,2024-01-29,CHA,NYK,92,113,205,-21,0.44420000000000004,0.3665,0.786,40.8,24.5,13.8,0.4747,0.36819999999999997,0.7975,48.8,24.3,14.9,-0.03049999999999997,-0.0016999999999999793,-8.0,0.1999999999999993,1.0999999999999996,1.0
2023_24,0022300669,2024-01-30,ATL,LAL,138,122,260,16,0.4385,0.3361,0.7842,44.1,24.7,14.4,0.5131,0.4043,0.7765,41.6,30.6,14.7,-0.0746,-0.06819999999999998,2.5,-5.900000000000002,0.29999999999999893,1.0
2023_24,0022300670,2024-01-30,BOS,IND,129,124,253,5,0.46159999999999995,0.3828,0.8046,46.4,25.2,10.3,0.5039,0.3795,0.7467,42.1,31.5,14.5,-0.04230000000000006,0.0032999999999999696,4.299999999999997,-6.300000000000001,4.199999999999999,1.0
2023_24,0022300671,2024-01-30,NYK,UTA,118,103,221,15,0.48550000000000004,0.36310000000000003,0.7918000000000001,47.5,24.2,14.3,0.5055000000000001,0.3854,0.8215,47.4,30.8,14.3,-0.020000000000000018,-0.022299999999999986,0.10000000000000142,-6.600000000000001,0.0,1.0
2023_24,0022300672,2024-01-30,CHI,TOR,107,118,225,-11,0.49729999999999996,0.3548,0.7866,44.3,28.2,12.4,0.47359999999999997,0.3644,0.7368,40.9,29.5,12.5,0.0237,-0.009599999999999997,3.3999999999999986,-1.3000000000000007,0.09999999999999964,1.0
2023_24,0022300673,2024-01-30,GSW,PHI,119,107,226,12,0.4965,0.40119999999999995,0.7955,42.6,29.6,12.9,0.4791,0.3319,0.8371000000000001,41.0,23.9,10.6,0.01739999999999997,0.06929999999999997,1.6000000000000014,5.700000000000003,-2.3000000000000007,1.0
2023_24,0022300683,2024-01-31,POR,MIL,119,116,235,3,0.4609,0.3581,0.8225,41.5,23.6,14.5,0.49210000000000004,0.3835,0.784,46.0,27.2,11.8,-0.03120000000000006,-0.025400000000000034,-4.5,-3.599999999999998,-2.6999999999999993,1.0
2023_24,0022300682,2024-01-31,OKC,DEN,105,100,205,5,0.4777,0.3513,0.8217000000000001,41.2,25.2,11.9,0.5015000000000001,0.3452,0.7685000000000001,43.8,25.5,13.8,-0.023800000000000043,0.006099999999999994,-2.5999999999999943,-0.3000000000000007,1.9000000000000004,1.0
2023_24,0022300681,2024-01-31,SAS,ORL,98,108,206,-10,0.4755,0.344,0.7685,43.0,30.8,14.2,0.4626,0.3269,0.7203,40.3,23.9,12.8,0.012899999999999967,0.01709999999999995,2.700000000000003,6.900000000000002,-1.3999999999999986,1.0
2023_24,0022300680,2024-01-31,MIN,DAL,121,87,208,34,0.5073000000000001,0.43789999999999996,0.7325,41.6,27.9,14.5,0.48769999999999997,0.39249999999999996,0.7774,38.6,25.9,12.4,0.019600000000000117,0.045399999999999996,3.0,2.0,-2.0999999999999996,1.0
2023_24,0022300679,2024-01-31,HOU,NOP,99,110,209,-11,0.4659,0.3012,0.7801,48.1,25.7,12.1,0.493,0.377,0.747,43.6,28.2,12.1,-0.027100000000000013,-0.07579999999999998,4.5,-2.5,0.0,1.0
2023_24,0022300678,2024-01-31,MIA,SAC,115,106,221,9,0.4321,0.3403,0.8377000000000001,41.3,23.1,13.7,0.5009,0.36760000000000004,0.7299,44.2,28.4,13.1,-0.06880000000000003,-0.027300000000000046,-2.9000000000000057,-5.299999999999997,-0.5999999999999996,1.0
2023_24,0022300677,2024-01-31,BKN,PHX,120,136,256,-16,0.46900000000000003,0.353,0.7912,40.7,27.7,13.2,0.5404,0.3861,0.7881,43.7,27.4,14.8,-0.07139999999999996,-0.03310000000000002,-3.0,0.3000000000000007,1.6000000000000014,1.0
2023_24,0022300676,2024-01-31,WAS,LAC,109,125,234,-16,0.46959999999999996,0.3327,0.7939,44.4,29.8,13.2,0.5194,0.4217000000000001,0.8085000000000001,42.2,29.0,11.2,-0.04980000000000001,-0.08900000000000008,2.1999999999999957,0.8000000000000007,-2.0,1.0
2023_24,0022300675,2024-01-31,CLE,DET,128,121,249,7,0.4888,0.3886,0.7737999999999999,47.0,27.3,14.1,0.4849,0.38079999999999997,0.7352000000000001,44.5,28.2,13.0,0.0039000000000000146,0.007800000000000029,2.5,-0.8999999999999986,-1.0999999999999996,1.0
2023_24,0022300674,2024-01-31,CHA,CHI,110,117,227,-7,0.4497,0.3588,0.761,41.3,25.1,14.2,0.4991,0.3546,0.7774,42.5,27.6,13.0,-0.0494,0.0041999999999999815,-1.2000000000000028,-2.5,-1.1999999999999993,1.0
2023_24,0022300684,2024-02-01,BOS,LAL,105,114,219,-9,0.4782,0.4043,0.8031,47.3,25.5,10.9,0.5164,0.4025,0.7685000000000001,41.6,30.1,14.3,-0.038199999999999956,0.0017999999999999683,5.699999999999996,-4.600000000000001,3.4000000000000004,1.0
2023_24,0022300685,2024-02-01,NYK,IND,109,105,214,4,0.48290000000000005,0.368,0.8076000000000001,47.5,24.4,13.3,0.48310000000000003,0.3492,0.7517,42.6,30.7,12.6,-0.00019999999999997797,0.018799999999999983,4.899999999999999,-6.300000000000001,-0.7000000000000011,1.0
2023_24,0022300686,2024-02-01,UTA,PHI,124,127,251,-3,0.49540000000000006,0.3793,0.8154,47.7,29.7,14.1,0.47989999999999994,0.3399,0.8285,39.8,22.4,11.1,0.015500000000000125,0.039400000000000046,7.900000000000006,7.300000000000001,-3.0,1.0
2023_24,0022300687,2024-02-01,MEM,CLE,101,108,209,-7,0.43220000000000003,0.3686,0.7375999999999999,40.5,26.3,14.0,0.48840000000000006,0.3744,0.7998999999999999,45.1,26.8,12.6,-0.05620000000000003,-0.005800000000000027,-4.600000000000001,-0.5,-1.4000000000000004,1.0
2023_24,0022300696,2024-02-02,SAS,NOP,113,114,227,-1,0.47940000000000005,0.3339,0.7523,42.4,30.6,15.2,0.4856,0.3619,0.7441,44.5,26.5,12.6,-0.006199999999999928,-0.028000000000000025,-2.1000000000000014,4.100000000000001,-2.5999999999999996,1.0
2023_24,0022300697,2024-02-02,DEN,POR,120,108,228,12,0.49560000000000004,0.3463,0.7516,45.1,25.0,13.2,0.47519999999999996,0.3653,0.8549,41.6,24.4,13.6,0.020400000000000085,-0.019000000000000017,3.5,0.6000000000000014,0.40000000000000036,1.0
2023_24,0022300695,2024-02-02,OKC,CHA,126,106,232,20,0.47450000000000003,0.3714,0.8160000000000001,41.9,25.3,12.3,0.45809999999999995,0.36419999999999997,0.7541,40.9,25.4,13.2,0.01640000000000008,0.00720000000000004,1.0,-0.09999999999999787,0.8999999999999986,1.0
2023_24,0022300694,2024-02-02,MIN,ORL,106,108,214,-2,0.5086,0.4457,0.7217,41.6,27.5,13.9,0.4664,0.3319,0.7429,41.0,24.2,13.1,0.04220000000000007,0.11380000000000001,0.6000000000000014,3.3000000000000007,-0.8000000000000007,1.0
2023_24,0022300693,2024-02-02,MEM,GSW,101,121,222,-20,0.43010000000000004,0.3593,0.7554000000000001,40.2,25.8,14.4,0.49779999999999996,0.40330000000000005,0.7975,43.5,29.3,13.7,-0.06769999999999993,-0.04400000000000004,-3.299999999999997,-3.5,-0.7000000000000011,1.0
2023_24,0022300689,2024-02-02,WAS,MIA,102,110,212,-8,0.4728,0.3411,0.7906000000000001,44.3,29.3,13.1,0.4375,0.3559,0.8310000000000001,42.1,24.6,13.0,0.0353,-0.01479999999999998,2.1999999999999957,4.699999999999999,-0.09999999999999964,1.0
2023_24,0022300691,2024-02-02,IND,SAC,122,133,255,-11,0.4816,0.361,0.745,43.3,30.0,12.6,0.48760000000000003,0.35819999999999996,0.7252,44.2,27.1,12.2,-0.006000000000000061,0.0028000000000000247,-0.9000000000000057,2.8999999999999986,-0.40000000000000036,1.0
2023_24,0022300690,2024-02-02,ATL,PHX,129,120,249,9,0.44610000000000005,0.3415,0.7992,45.9,25.4,14.1,0.5529,0.4002,0.7718,43.3,28.6,15.1,-0.1067999999999999,-0.058699999999999974,2.6000000000000014,-3.200000000000003,1.0,1.0
2023_24,0022300688,2024-02-02,DET,LAC,125,136,261,-11,0.4934,0.3946,0.7379,44.0,28.2,12.8,0.504,0.41,0.8210000000000001,43.0,28.3,10.6,-0.010599999999999998,-0.01539999999999997,1.0,-0.10000000000000142,-2.200000000000001,1.0
2023_24,0022300692,2024-02-02,HOU,TOR,135,106,241,29,0.4605,0.304,0.7862,46.9,25.5,11.7,0.46900000000000003,0.3641,0.7653,41.0,29.5,13.3,-0.008500000000000008,-0.06009999999999999,5.899999999999999,-4.0,1.6000000000000014,1.0
2023_24,0022300698,2024-02-03,PHI,BKN,121,136,257,-15,0.4869,0.3408,0.8246,39.2,22.8,10.2,0.4685,0.35619999999999996,0.7841,39.0,27.6,12.7,0.018399999999999972,-0.01539999999999997,0.20000000000000284,-4.800000000000001,2.5,1.0
2023_24,0022300699,2024-02-03,ATL,GSW,141,134,275,7,0.4633,0.35259999999999997,0.8042999999999999,45.2,26.2,13.5,0.5069,0.3991,0.7953,43.6,30.1,13.2,-0.04360000000000003,-0.04650000000000004,1.6000000000000014,-3.900000000000002,-0.3000000000000007,1.0
2023_24,0022300700,2024-02-03,CHI,SAC,115,123,238,-8,0.5065999999999999,0.35209999999999997,0.7661,42.3,27.3,12.6,0.49260000000000004,0.3593,0.7112,42.7,27.3,12.9,0.013999999999999901,-0.00720000000000004,-0.4000000000000057,0.0,0.3000000000000007,1.0
2023_24,0022300701,2024-02-03,NYK,LAL,105,113,218,-8,0.47450000000000003,0.3549,0.8151999999999999,47.9,23.4,12.0,0.5068,0.41050000000000003,0.7583,42.8,30.1,13.8,-0.032299999999999995,-0.05560000000000004,5.100000000000001,-6.700000000000003,1.8000000000000007,1.0
2023_24,0022300702,2024-02-03,DAL,MIL,117,129,246,-12,0.48460000000000003,0.3799,0.7689999999999999,38.4,25.7,12.8,0.48450000000000004,0.3695,0.7748999999999999,44.5,26.5,12.0,9.999999999998899e-05,0.01040000000000002,-6.100000000000001,-0.8000000000000007,-0.8000000000000007,1.0
2023_24,0022300703,2024-02-03,SAS,CLE,101,117,218,-16,0.4873,0.33330000000000004,0.7428,43.5,31.4,15.2,0.48719999999999997,0.37720000000000004,0.7952,45.5,26.7,12.4,0.0001000000000000445,-0.043899999999999995,-2.0,4.699999999999999,-2.799999999999999,1.0
2023_24,0022300712,2024-02-04,DEN,POR,112,103,215,9,0.49050000000000005,0.3372,0.7724,45.1,25.4,12.7,0.4766,0.3534,0.8622,41.7,23.5,13.2,0.013900000000000023,-0.016199999999999992,3.3999999999999986,1.8999999999999986,0.5,1.0
2023_24,0022300711,2024-02-04,UTA,MIL,123,108,231,15,0.49119999999999997,0.3638,0.8265,46.4,29.9,13.8,0.487,0.36760000000000004,0.7605,43.1,26.6,12.0,0.0041999999999999815,-0.0038000000000000256,3.299999999999997,3.299999999999997,-1.8000000000000007,1.0
2023_24,0022300710,2024-02-04,OKC,TOR,135,127,262,8,0.4915,0.388,0.8029,42.3,26.1,13.1,0.4582,0.3574,0.7514000000000001,41.0,28.1,13.2,0.033299999999999996,0.030600000000000016,1.2999999999999972,-2.0,0.09999999999999964,1.0
2023_24,0022300709,2024-02-04,MIN,HOU,111,90,201,21,0.49820000000000003,0.42729999999999996,0.7472,41.3,27.4,13.7,0.47919999999999996,0.3162,0.7819,46.8,26.5,11.9,0.019000000000000072,0.11109999999999998,-5.5,0.8999999999999986,-1.799999999999999,1.0
2023_24,0022300704,2024-02-04,DET,ORL,99,111,210,-12,0.49820000000000003,0.4058,0.736,43.5,27.7,13.5,0.4659,0.3479,0.7612,40.2,24.5,13.0,0.03230000000000005,0.05790000000000001,3.299999999999997,3.1999999999999993,-0.5,1.0
2023_24,0022300707,2024-02-04,CHA,IND,99,115,214,-16,0.46799999999999997,0.385,0.7522,39.4,25.9,13.1,0.4957,0.3665,0.7483,42.9,29.6,13.4,-0.027700000000000002,0.018500000000000016,-3.5,-3.700000000000003,0.3000000000000007,1.0
2023_24,0022300706,2024-02-04,BOS,MEM,131,91,222,40,0.4668,0.3865,0.8271000000000001,47.7,25.9,11.2,0.42889999999999995,0.366,0.7394999999999999,40.4,26.1,14.6,0.037900000000000045,0.020500000000000018,7.300000000000004,-0.20000000000000284,3.4000000000000004,1.0
2023_24,0022300705,2024-02-04,WAS,PHX,112,140,252,-28,0.4654,0.3298,0.7908000000000001,43.2,28.9,12.8,0.5458000000000001,0.3916,0.776,43.0,29.0,15.4,-0.08040000000000008,-0.06180000000000002,0.20000000000000284,-0.10000000000000142,2.5999999999999996,1.0
2023_24,0022300708,2024-02-04,MIA,LAC,95,103,198,-8,0.43129999999999996,0.3345,0.8268000000000001,43.6,24.3,12.8,0.5109,0.4142,0.8051999999999999,43.0,28.0,11.0,-0.07960000000000006,-0.0797,0.6000000000000014,-3.6999999999999993,-1.8000000000000007,1.0
2023_24,0022300718,2024-02-05,NOP,TOR,138,100,238,38,0.4868,0.34940000000000004,0.7428,44.9,26.4,12.6,0.4625,0.34740000000000004,0.7621,42.7,29.4,13.1,0.02429999999999999,0.0020000000000000018,2.1999999999999957,-3.0,0.5,1.0
2023_24,0022300717,2024-02-05,BKN,GSW,98,109,207,-11,0.475,0.3658,0.791,40.2,29.3,12.2,0.5065000000000001,0.4008,0.782,45.0,29.7,13.5,-0.031500000000000083,-0.034999999999999976,-4.799999999999997,-0.3999999999999986,1.3000000000000007,1.0
2023_24,0022300716,2024-02-05,ATL,LAC,144,149,293,-5,0.4685,0.351,0.8054,45.2,26.5,12.3,0.5,0.40679999999999994,0.8166,43.5,28.1,11.5,-0.03149999999999997,-0.05579999999999996,1.7000000000000028,-1.6000000000000014,-0.8000000000000007,1.0
2023_24,0022300714,2024-02-05,CLE,SAC,136,110,246,26,0.49559999999999993,0.37720000000000004,0.8084,45.9,28.2,12.3,0.5089,0.3767,0.7132,41.3,28.6,12.9,-0.01330000000000009,0.000500000000000056,4.600000000000001,-0.40000000000000213,0.5999999999999996,1.0
2023_24,0022300713,2024-02-05,CHA,LAL,118,124,242,-6,0.46449999999999997,0.3704,0.7529,39.6,24.8,12.8,0.5032,0.4159,0.7546,42.2,29.9,12.6,-0.03870000000000001,-0.045499999999999985,-2.6000000000000014,-5.099999999999998,-0.20000000000000107,1.0
2023_24,0022300715,2024-02-05,PHI,DAL,102,118,220,-16,0.4845,0.3338,0.8170999999999999,39.5,22.9,9.6,0.484,0.3794,0.7836000000000001,38.8,25.2,13.9,0.0005000000000000004,-0.04560000000000003,0.7000000000000028,-2.3000000000000007,4.300000000000001,1.0
2023_24,0022300719,2024-02-06,IND,HOU,132,129,261,3,0.48949999999999994,0.3604,0.7472,44.4,29.7,13.3,0.46440000000000003,0.31989999999999996,0.7892,46.3,26.4,11.7,0.0250999999999999,0.040500000000000036,-1.8999999999999986,3.3000000000000007,-1.6000000000000014,1.0
2023_24,0022300720,2024-02-06,BKN,DAL,107,119,226,-12,0.4789,0.375,0.7745,39.0,29.0,12.4,0.48719999999999997,0.3823,0.7625,39.8,25.7,13.7,-0.008299999999999974,-0.007299999999999973,-0.7999999999999972,3.3000000000000007,1.299999999999999,1.0
2023_24,0022300721,2024-02-06,MIA,ORL,121,95,216,26,0.43520000000000003,0.33540000000000003,0.8305,42.7,24.5,12.5,0.4748,0.362,0.7678,39.3,24.1,13.2,-0.03959999999999997,-0.026599999999999957,3.4000000000000057,0.3999999999999986,0.6999999999999993,1.0
2023_24,0022300722,2024-02-06,NYK,MEM,123,113,236,10,0.47570000000000007,0.351,0.8337,48.9,23.5,11.7,0.42969999999999997,0.3579,0.7428,40.8,25.6,15.3,0.046000000000000096,-0.006900000000000017,8.100000000000001,-2.1000000000000014,3.6000000000000014,1.0
2023_24,0022300723,2024-02-06,CHI,MIN,129,123,252,6,0.49470000000000003,0.3395,0.7757,43.4,26.6,13.0,0.49210000000000004,0.414,0.7499,42.9,26.3,14.2,0.002599999999999991,-0.07449999999999996,0.5,0.3000000000000007,1.1999999999999993,1.0
2023_24,0022300724,2024-02-06,UTA,OKC,124,117,241,7,0.4943000000000001,0.37,0.8175000000000001,46.4,30.2,14.4,0.48819999999999997,0.3774,0.8179000000000001,43.3,27.1,13.0,0.006100000000000105,-0.007400000000000018,3.1000000000000014,3.099999999999998,-1.4000000000000004,1.0
2023_24,0022300725,2024-02-06,PHX,MIL,114,106,220,8,0.5578000000000001,0.3897,0.7668,42.6,29.1,15.2,0.4812,0.3577,0.7361,42.3,26.2,11.8,0.07660000000000006,0.03199999999999997,0.30000000000000426,2.900000000000002,-3.3999999999999986,1.0
2023_24,0022300732,2024-02-07,SAC,DET,120,133,253,-13,0.5027,0.3738,0.6965,40.6,28.0,13.2,0.4932,0.3973,0.7599,42.5,26.7,13.5,0.009500000000000008,-0.023499999999999965,-1.8999999999999986,1.3000000000000007,0.3000000000000007,1.0
2023_24,0022300731,2024-02-07,LAC,NOP,106,117,223,-11,0.515,0.4232,0.8051,43.7,28.5,11.2,0.48840000000000006,0.3516,0.7671,45.6,27.1,12.2,0.026599999999999957,0.0716,-1.8999999999999986,1.3999999999999986,1.0,1.0
2023_24,0022300730,2024-02-07,MIA,SAS,116,104,220,12,0.4436,0.35009999999999997,0.8333,43.5,25.2,12.4,0.4821,0.3427,0.7424999999999999,44.8,31.1,15.4,-0.03849999999999998,0.007399999999999962,-1.2999999999999972,-5.900000000000002,3.0,1.0
2023_24,0022300726,2024-02-07,CHA,TOR,117,123,240,-6,0.4575,0.3558,0.744,39.0,24.9,11.9,0.47009999999999996,0.3672,0.7525999999999999,41.3,29.6,14.2,-0.012599999999999945,-0.011400000000000021,-2.299999999999997,-4.700000000000003,2.299999999999999,1.0
2023_24,0022300728,2024-02-07,WAS,CLE,106,114,220,-8,0.4681,0.3054,0.7646,43.4,29.1,13.8,0.5125,0.3982,0.7731,45.6,29.0,11.8,-0.04439999999999994,-0.0928,-2.200000000000003,0.10000000000000142,-2.0,1.0
2023_24,0022300727,2024-02-07,PHI,GSW,104,127,231,-23,0.4709,0.313,0.8135999999999999,41.4,22.2,10.0,0.5089,0.3882,0.7813,46.7,29.7,13.2,-0.038000000000000034,-0.07519999999999999,-5.300000000000004,-7.5,3.1999999999999993,1.0
2023_24,0022300729,2024-02-07,BOS,ATL,125,117,242,8,0.4751,0.3828,0.8240000000000001,48.1,26.9,11.0,0.47090000000000004,0.37029999999999996,0.796,45.0,27.9,11.1,0.0041999999999999815,0.012500000000000011,3.1000000000000014,-1.0,0.09999999999999964,1.0
2023_24,0022300738,2024-02-08,MIL,MIN,105,129,234,-24,0.4845,0.36160000000000003,0.7261,43.1,26.6,12.1,0.4829,0.41550000000000004,0.7468,43.2,26.1,14.1,0.0015999999999999903,-0.0539,-0.10000000000000142,0.5,2.0,1.0
2023_24,0022300740,2024-02-08,LAL,DEN,106,114,220,-8,0.5056,0.39649999999999996,0.768,42.5,30.2,13.2,0.47450000000000003,0.3301,0.7914,45.3,24.9,11.4,0.031100000000000017,0.06639999999999996,-2.799999999999997,5.300000000000001,-1.799999999999999,1.0
2023_24,0022300739,2024-02-08,PHX,UTA,129,115,244,14,0.5589000000000001,0.3817,0.7573000000000001,42.7,27.6,15.6,0.4904,0.366,0.8189,46.6,30.2,14.6,0.06850000000000006,0.015699999999999992,-3.8999999999999986,-2.599999999999998,-1.0,1.0
2023_24,0022300737,2024-02-08,MEM,CHI,110,118,228,-8,0.4351,0.3735,0.7405999999999999,40.9,26.7,15.6,0.492,0.33540000000000003,0.7851,43.5,25.9,13.5,-0.056900000000000006,0.03809999999999997,-2.6000000000000014,0.8000000000000007,-2.0999999999999996,1.0
2023_24,0022300741,2024-02-08,POR,DET,122,128,250,-6,0.4737,0.3556,0.8698,41.8,24.3,13.2,0.4936,0.41340000000000005,0.786,42.1,26.9,13.2,-0.019899999999999973,-0.05780000000000002,-0.30000000000000426,-2.599999999999998,0.0,1.0
2023_24,0022300735,2024-02-08,BKN,CLE,95,118,213,-23,0.4761,0.3719,0.7945,40.0,29.5,12.3,0.5023,0.38960000000000006,0.7774,44.7,27.9,12.1,-0.026199999999999946,-0.01770000000000005,-4.700000000000003,1.6000000000000014,-0.20000000000000107,1.0
2023_24,0022300734,2024-02-08,ORL,SAS,127,111,238,16,0.47430000000000005,0.362,0.7665,39.2,24.8,13.7,0.47170000000000006,0.3282,0.7365999999999999,46.0,30.5,15.6,0.002599999999999991,0.0338,-6.799999999999997,-5.699999999999999,1.9000000000000004,1.0
2023_24,0022300733,2024-02-08,IND,GSW,109,131,240,-22,0.5094000000000001,0.36469999999999997,0.7434999999999999,43.2,29.8,13.1,0.5068,0.3877,0.7853,47.5,28.8,14.0,0.0026000000000000467,-0.02300000000000002,-4.299999999999997,1.0,0.9000000000000004,1.0
2023_24,0022300736,2024-02-08,NYK,DAL,108,122,230,-14,0.4867,0.3566,0.8318999999999999,47.5,23.9,11.2,0.4918,0.3846,0.7411,40.1,25.8,13.6,-0.005099999999999993,-0.028000000000000025,7.399999999999999,-1.9000000000000021,2.4000000000000004,1.0
2023_24,0022300742,2024-02-09,PHI,ATL,121,127,248,-6,0.46440000000000003,0.2947,0.8205,41.2,22.0,10.7,0.4671,0.35910000000000003,0.8036,46.1,28.0,10.5,-0.00269999999999998,-0.06440000000000001,-4.899999999999999,-6.0,-0.1999999999999993,1.0
2023_24,0022300743,2024-02-09,BOS,WAS,133,129,262,4,0.48109999999999997,0.3701,0.836,47.2,28.0,11.0,0.46719999999999995,0.31310000000000004,0.754,43.5,28.7,14.1,0.013900000000000023,0.05699999999999994,3.700000000000003,-0.6999999999999993,3.0999999999999996,1.0
2023_24,0022300744,2024-02-09,TOR,HOU,107,104,211,3,0.4721,0.3661,0.7748,40.9,29.2,14.1,0.4742,0.3412,0.7788999999999999,47.3,26.7,12.2,-0.0020999999999999908,0.024899999999999978,-6.399999999999999,2.5,-1.9000000000000004,1.0
2023_24,0022300745,2024-02-09,MIL,CHA,120,84,204,36,0.47859999999999997,0.3665,0.7234999999999999,41.7,27.1,12.4,0.4652,0.3725,0.7376,38.1,25.3,11.2,0.013399999999999967,-0.006000000000000005,3.6000000000000014,1.8000000000000007,-1.200000000000001,1.0
2023_24,0022300746,2024-02-09,SAC,DEN,135,106,241,29,0.5001,0.3629,0.7064,40.8,27.7,12.2,0.47240000000000004,0.3325,0.8010999999999999,45.7,25.9,11.7,0.027699999999999947,0.030399999999999983,-4.900000000000006,1.8000000000000007,-0.5,1.0
2023_24,0022300747,2024-02-09,LAL,NOP,139,122,261,17,0.5073000000000001,0.3921,0.7574,42.0,29.8,12.5,0.49119999999999997,0.3587,0.7603,45.7,28.0,12.7,0.016100000000000114,0.033399999999999985,-3.700000000000003,1.8000000000000007,0.1999999999999993,1.0
2023_24,0022300758,2024-02-10,POR,NOP,84,93,177,-9,0.46980000000000005,0.359,0.8720000000000001,40.9,25.4,13.8,0.4929,0.34340000000000004,0.7603,44.8,27.6,12.7,-0.023099999999999954,0.015599999999999947,-3.8999999999999986,-2.200000000000003,-1.1000000000000014,1.0
2023_24,0022300757,2024-02-10,GSW,PHX,113,112,225,1,0.5147,0.3991,0.7979,48.3,29.8,14.9,0.5607,0.398,0.7428,42.0,28.8,15.1,-0.04599999999999993,0.0010999999999999899,6.299999999999997,1.0,0.1999999999999993,1.0
2023_24,0022300756,2024-02-10,TOR,CLE,95,119,214,-24,0.4636,0.3701,0.7843,41.2,28.5,13.9,0.5055,0.3929,0.7899,44.6,27.3,12.4,-0.04189999999999994,-0.022800000000000042,-3.3999999999999986,1.1999999999999993,-1.5,1.0
2023_24,0022300755,2024-02-10,NYK,IND,111,125,236,-14,0.4861000000000001,0.36019999999999996,0.8382,47.4,24.4,10.9,0.5139,0.35819999999999996,0.753,42.2,30.1,13.4,-0.027799999999999936,0.0020000000000000018,5.199999999999996,-5.700000000000003,2.5,1.0
2023_24,0022300754,2024-02-10,ATL,HOU,122,113,235,9,0.47919999999999996,0.3746,0.8187,45.6,28.6,10.7,0.47620000000000007,0.34740000000000004,0.7966,46.5,26.2,13.7,0.0029999999999998916,0.027199999999999946,-0.8999999999999986,2.400000000000002,3.0,1.0
2023_24,0022300751,2024-02-10,CHA,MEM,115,106,221,9,0.4426,0.3588,0.7391,39.4,24.0,11.7,0.4386,0.3816,0.7195,41.1,26.5,15.0,0.0040000000000000036,-0.022799999999999987,-1.7000000000000028,-2.5,3.3000000000000007,1.0
2023_24,0022300752,2024-02-10,ORL,CHI,114,108,222,6,0.4867,0.3778,0.7389,39.5,25.8,13.8,0.5042,0.35350000000000004,0.8009999999999999,43.8,26.2,13.1,-0.01749999999999996,0.02429999999999999,-4.299999999999997,-0.3999999999999986,-0.7000000000000011,1.0
2023_24,0022300750,2024-02-10,BKN,SAS,123,103,226,20,0.4633,0.3715,0.7945,39.3,28.6,12.4,0.47050000000000003,0.3209,0.7567999999999999,43.8,29.6,15.4,-0.00720000000000004,0.05059999999999998,-4.5,-1.0,3.0,1.0
2023_24,0022300749,2024-02-10,LAC,DET,112,106,218,6,0.5072,0.4142,0.8288,43.5,27.8,12.1,0.49030000000000007,0.434,0.7886,42.6,26.5,13.7,0.016899999999999915,-0.019799999999999984,0.8999999999999986,1.3000000000000007,1.5999999999999996,1.0
2023_24,0022300748,2024-02-10,DAL,OKC,146,111,257,35,0.49800000000000005,0.4,0.7361,39.8,26.2,13.0,0.48019999999999996,0.385,0.7988999999999999,42.7,26.1,12.5,0.017800000000000094,0.015000000000000013,-2.9000000000000057,0.09999999999999787,-0.5,1.0
2023_24,0022300753,2024-02-10,WAS,PHI,113,119,232,-6,0.46699999999999997,0.3247,0.7575000000000001,42.8,29.1,14.1,0.4649,0.308,0.8131,41.5,22.3,10.7,0.0020999999999999908,0.016699999999999993,1.2999999999999972,6.800000000000001,-3.4000000000000004,1.0
2023_24,0022300759,2024-02-11,MIA,BOS,106,110,216,-4,0.44670000000000004,0.343,0.8207000000000001,43.6,26.0,11.7,0.4906,0.3707,0.8574999999999999,48.3,28.4,12.0,-0.04389999999999994,-0.027699999999999947,-4.699999999999996,-2.3999999999999986,0.3000000000000007,1.0
2023_24,0022300760,2024-02-11,OKC,SAC,127,113,240,14,0.4795,0.3879,0.7988999999999999,43.0,26.3,12.7,0.5069,0.3724,0.739,41.2,28.2,12.7,-0.027400000000000035,0.015500000000000014,1.7999999999999972,-1.8999999999999986,0.0,1.0
2023_24,0022300767,2024-02-12,MIL,DEN,112,95,207,17,0.47750000000000004,0.3755,0.7243999999999999,42.1,27.1,12.2,0.4668,0.3412,0.7956,44.5,26.5,12.7,0.010700000000000043,0.0343,-2.3999999999999986,0.6000000000000014,0.5,1.0
2023_24,0022300770,2024-02-12,LAC,MIN,100,121,221,-21,0.5016999999999999,0.3975,0.8402,42.5,27.2,12.1,0.4968,0.42889999999999995,0.7494,42.5,27.3,12.8,0.004899999999999904,-0.03139999999999993,0.0,-0.10000000000000142,0.7000000000000011,1.0
2023_24,0022300769,2024-02-12,UTA,GSW,107,129,236,-22,0.4857,0.3597,0.8032999999999999,48.0,29.7,14.6,0.5104,0.4083,0.7624,49.0,30.3,14.4,-0.024699999999999944,-0.04859999999999998,-1.0,-0.6000000000000014,-0.1999999999999993,1.0
2023_24,0022300768,2024-02-12,DAL,WAS,112,104,216,8,0.5119,0.40449999999999997,0.7405,40.4,26.8,13.2,0.4729,0.3322,0.7519,42.7,28.8,14.5,0.039000000000000035,0.07229999999999998,-2.3000000000000043,-2.0,1.3000000000000007,1.0
2023_24,0022300765,2024-02-12,HOU,NYK,105,103,208,2,0.4766,0.34900000000000003,0.7916000000000001,47.4,25.8,13.9,0.47919999999999996,0.3556,0.8494999999999999,44.5,23.3,9.6,-0.0025999999999999357,-0.006599999999999995,2.8999999999999986,2.5,-4.300000000000001,1.0
2023_24,0022300762,2024-02-12,CLE,PHI,121,123,244,-2,0.5014000000000001,0.3744,0.7864,45.4,28.0,12.3,0.46340000000000003,0.3126,0.7983,41.5,22.3,11.4,0.038000000000000034,0.06180000000000002,3.8999999999999986,5.699999999999999,-0.9000000000000004,1.0
2023_24,0022300764,2024-02-12,TOR,SAS,99,122,221,-23,0.4625,0.36669999999999997,0.7974,42.1,27.8,14.0,0.46390000000000003,0.3216,0.7631,43.6,28.7,16.0,-0.0014000000000000123,0.04509999999999997,-1.5,-0.8999999999999986,2.0,1.0
2023_24,0022300761,2024-02-12,CHA,IND,111,102,213,9,0.45620000000000005,0.3709,0.7316,38.9,24.3,12.5,0.5255,0.3827,0.7252,42.5,30.7,14.0,-0.06929999999999992,-0.011799999999999977,-3.6000000000000014,-6.399999999999999,1.5,1.0
2023_24,0022300766,2024-02-12,MEM,NOP,87,96,183,-9,0.43900000000000006,0.3798,0.7112,39.6,26.8,14.6,0.4962,0.3566,0.7552,44.2,27.6,12.8,-0.05719999999999992,0.023200000000000054,-4.600000000000001,-0.8000000000000007,-1.799999999999999,1.0
2023_24,0022300763,2024-02-12,ATL,CHI,126,136,262,-10,0.48600000000000004,0.37370000000000003,0.8166,44.7,29.2,10.6,0.4949,0.3609,0.79,43.9,25.3,12.7,-0.008899999999999963,0.012800000000000034,0.8000000000000043,3.8999999999999986,2.0999999999999996,1.0
2023_24,0022300771,2024-02-13,BKN,BOS,110,118,228,-8,0.4707,0.3856,0.7922,39.8,28.8,12.3,0.49729999999999996,0.3755,0.8558999999999999,47.0,28.0,11.5,-0.026599999999999957,0.010099999999999998,-7.200000000000003,0.8000000000000007,-0.8000000000000007,1.0
2023_24,0022300772,2024-02-13,ORL,OKC,113,127,240,-14,0.4859,0.379,0.7333999999999999,39.9,26.0,14.1,0.48529999999999995,0.4056,0.8160999999999999,42.3,27.0,12.6,0.0006000000000000449,-0.026600000000000013,-2.3999999999999986,-1.0,-1.5,1.0
2023_24,0022300773,2024-02-13,MIL,MIA,97,123,220,-26,0.47750000000000004,0.3847,0.7018,42.6,27.7,12.3,0.4504,0.3406,0.8307,44.5,25.9,10.6,0.027100000000000013,0.04409999999999997,-1.8999999999999986,1.8000000000000007,-1.700000000000001,1.0
2023_24,0022300774,2024-02-13,PHX,SAC,130,125,255,5,0.5546,0.3892,0.7601,42.3,28.4,15.8,0.5096,0.3789,0.7192999999999999,40.1,29.2,13.6,0.04499999999999993,0.010299999999999976,2.1999999999999957,-0.8000000000000007,-2.200000000000001,1.0
2023_24,0022300775,2024-02-13,POR,MIN,109,121,230,-12,0.4665,0.3566,0.8576,41.6,24.9,14.2,0.4979,0.41740000000000005,0.7681,43.0,27.2,12.8,-0.031399999999999983,-0.060800000000000076,-1.3999999999999986,-2.3000000000000007,-1.3999999999999986,1.0
2023_24,0022300776,2024-02-13,LAL,DET,125,111,236,14,0.5083,0.39790000000000003,0.7487,40.7,30.2,11.9,0.48760000000000003,0.4072,0.8073,44.3,26.2,14.2,0.02069999999999994,-0.009299999999999975,-3.5999999999999943,4.0,2.299999999999999,1.0
2023_24,0022300788,2024-02-14,UTA,LAL,122,138,260,-16,0.48460000000000003,0.3639,0.8135,46.5,29.2,14.7,0.5105999999999999,0.4035,0.7638,41.3,30.7,12.0,-0.025999999999999912,-0.039600000000000024,5.200000000000003,-1.5,-2.6999999999999993,1.0
2023_24,0022300787,2024-02-14,PHX,DET,116,100,216,16,0.5464,0.3899,0.768,41.3,28.3,15.4,0.48440000000000005,0.4025,0.8045,45.1,26.7,14.2,0.061999999999999944,-0.0126,-3.8000000000000043,1.6000000000000014,-1.200000000000001,1.0
2023_24,0022300786,2024-02-14,DEN,SAC,98,102,200,-4,0.45620000000000005,0.3323,0.7983,44.3,26.0,12.6,0.5085,0.3621,0.7101,41.7,28.6,13.9,-0.0522999999999999,-0.029799999999999993,2.5999999999999943,-2.6000000000000014,1.3000000000000007,1.0
2023_24,0022300785,2024-02-14,DAL,SAS,116,93,209,23,0.5105999999999999,0.39,0.7503,42.7,27.0,13.4,0.4668,0.3302,0.7697,44.4,29.4,16.0,0.04379999999999995,0.05980000000000002,-1.6999999999999957,-2.3999999999999986,2.5999999999999996,1.0
2023_24,0022300784,2024-02-14,NOP,WAS,133,126,259,7,0.4795,0.3437,0.7676999999999999,43.4,25.6,13.8,0.46630000000000005,0.3124,0.7326,43.0,28.4,14.0,0.013199999999999934,0.031299999999999994,0.3999999999999986,-2.799999999999997,0.1999999999999993,1.0
2023_24,0022300783,2024-02-14,MEM,HOU,121,113,234,8,0.43600000000000005,0.3599,0.7144999999999999,38.8,26.6,14.6,0.46840000000000004,0.35419999999999996,0.7748999999999999,47.6,25.1,14.3,-0.032399999999999984,0.005700000000000038,-8.800000000000004,1.5,-0.29999999999999893,1.0
2023_24,0022300780,2024-02-14,BOS,BKN,136,86,222,50,0.5025000000000001,0.3834,0.8564999999999999,46.5,28.5,12.3,0.47590000000000005,0.39540000000000003,0.7776,39.5,28.7,12.2,0.026600000000000013,-0.01200000000000001,7.0,-0.1999999999999993,-0.10000000000000142,1.0
2023_24,0022300781,2024-02-14,CLE,CHI,108,105,213,3,0.49870000000000003,0.3753,0.7931,45.8,28.7,12.1,0.49870000000000003,0.3649,0.7814,43.0,25.0,12.1,0.0,0.01040000000000002,2.799999999999997,3.6999999999999993,0.0,1.0
2023_24,0022300789,2024-02-14,GSW,LAC,125,130,255,-5,0.5024,0.4053,0.7662,49.2,30.8,14.7,0.4831,0.37770000000000004,0.8536999999999999,42.5,25.9,11.9,0.019299999999999984,0.027599999999999958,6.700000000000003,4.900000000000002,-2.799999999999999,1.0
2023_24,0022300779,2024-02-14,PHI,MIA,104,109,213,-5,0.46959999999999996,0.3308,0.8103999999999999,42.6,22.4,11.3,0.4619,0.3557,0.8324999999999999,44.8,27.2,10.3,0.007699999999999985,-0.024900000000000033,-2.1999999999999957,-4.800000000000001,-1.0,1.0
2023_24,0022300778,2024-02-14,ORL,NYK,118,100,218,18,0.4851,0.37170000000000003,0.7466999999999999,41.3,26.4,14.2,0.4784,0.3544,0.8131,45.4,23.1,9.9,0.006699999999999984,0.017300000000000038,-4.100000000000001,3.299999999999997,-4.299999999999999,1.0
2023_24,0022300777,2024-02-14,CHA,ATL,122,99,221,23,0.4687,0.3693,0.7348,40.3,25.0,13.1,0.4913,0.37370000000000003,0.8225,45.1,29.5,10.7,-0.02260000000000001,-0.004400000000000015,-4.800000000000004,-4.5,-2.4000000000000004,1.0
2023_24,0022300782,2024-02-14,TOR,IND,125,127,252,-2,0.458,0.3577,0.783,42.1,27.2,14.2,0.5191,0.3665,0.7115,40.2,30.3,13.0,-0.06109999999999999,-0.008799999999999975,1.8999999999999986,-3.1000000000000014,-1.1999999999999993,1.0
2023_24,0022300790,2024-02-15,MEM,MIL,113,110,223,3,0.43870000000000003,0.36619999999999997,0.7213,39.1,26.3,14.3,0.4819,0.3798,0.7219,41.3,28.0,12.3,-0.04319999999999996,-0.013600000000000056,-2.1999999999999957,-1.6999999999999993,-2.0,1.0
2023_24,0022300791,2024-02-15,POR,MIN,91,128,219,-37,0.4683,0.3483,0.8566,41.4,24.8,13.9,0.5023,0.42869999999999997,0.7701,42.3,27.0,13.3,-0.033999999999999975,-0.08039999999999997,-0.8999999999999986,-2.1999999999999993,-0.5999999999999996,1.0
2023_24,0022300576,2024-02-15,UTA,GSW,137,140,277,-3,0.4864,0.3617,0.8090999999999999,47.1,29.4,15.2,0.4922000000000001,0.3922,0.7601,50.6,31.2,14.3,-0.005800000000000083,-0.03049999999999997,-3.5,-1.8000000000000007,-0.8999999999999986,1.0
2023_24,0022300802,2024-02-22,GSW,LAL,128,110,238,18,0.4993,0.4001,0.7699,49.7,31.7,13.9,0.5068,0.3842,0.7721,42.0,30.6,11.6,-0.007500000000000007,0.015900000000000025,7.700000000000003,1.0999999999999979,-2.3000000000000007,1.0
2023_24,0022300803,2024-02-22,SAC,SAS,127,122,249,5,0.49850000000000005,0.3527,0.7123,42.6,28.0,14.0,0.45709999999999995,0.3258,0.7584,42.9,29.3,15.4,0.0414000000000001,0.026900000000000035,-0.29999999999999716,-1.3000000000000007,1.4000000000000004,1.0
2023_24,0022300801,2024-02-22,UTA,CHA,107,115,222,-8,0.48109999999999997,0.3647,0.8164,46.7,29.3,15.2,0.46699999999999997,0.36920000000000003,0.7584,41.4,24.2,13.4,0.014100000000000001,-0.004500000000000004,5.300000000000004,5.100000000000001,-1.799999999999999,1.0
2023_24,0022300800,2024-02-22,DEN,WAS,130,110,240,20,0.4455,0.3336,0.7965,44.6,26.5,12.6,0.4652,0.3358,0.7426,43.7,28.6,14.8,-0.019699999999999995,-0.0021999999999999797,0.8999999999999986,-2.1000000000000014,2.200000000000001,1.0
2023_24,0022300798,2024-02-22,NOP,HOU,127,105,232,22,0.4967,0.35,0.7756000000000001,43.2,26.8,12.8,0.45339999999999997,0.34540000000000004,0.7586,47.9,23.7,13.8,0.043300000000000005,0.0045999999999999375,-4.699999999999996,3.1000000000000014,1.0,1.0
2023_24,0022300799,2024-02-22,OKC,LAC,129,107,236,22,0.4838,0.40119999999999995,0.8202999999999999,40.7,26.2,12.2,0.4826,0.38380000000000003,0.8404,42.3,25.8,12.0,0.0012000000000000344,0.017399999999999916,-1.5999999999999943,0.3999999999999986,-0.1999999999999993,1.0
2023_24,0022300796,2024-02-22,DAL,PHX,123,113,236,10,0.5039,0.37239999999999995,0.7359,44.5,27.0,13.7,0.5346,0.37889999999999996,0.7609,42.9,28.7,15.8,-0.03069999999999995,-0.006500000000000006,1.6000000000000014,-1.6999999999999993,2.1000000000000014,1.0
2023_24,0022300795,2024-02-22,TOR,BKN,121,93,214,28,0.46319999999999995,0.362,0.7969999999999999,43.2,27.6,14.6,0.4687,0.39740000000000003,0.7834,39.4,29.2,11.9,-0.00550000000000006,-0.03540000000000004,3.8000000000000043,-1.5999999999999979,-2.6999999999999993,1.0
2023_24,0022300794,2024-02-22,PHI,NYK,96,110,206,-14,0.46420000000000006,0.33209999999999995,0.8041,42.6,22.8,11.6,0.46719999999999995,0.3528,0.8073,44.4,22.0,10.1,-0.0029999999999998916,-0.02070000000000005,-1.7999999999999972,0.8000000000000007,-1.5,1.0
2023_24,0022300793,2024-02-22,IND,DET,129,115,244,14,0.5144,0.3772,0.7211000000000001,39.3,30.1,12.5,0.4728,0.39,0.8080999999999999,45.5,26.7,15.0,0.04159999999999997,-0.012800000000000034,-6.200000000000003,3.400000000000002,2.5,1.0
2023_24,0022300792,2024-02-22,CLE,ORL,109,116,225,-7,0.5056,0.3688,0.7983,44.3,29.8,11.6,0.5014000000000001,0.39139999999999997,0.7652,40.7,26.8,14.3,0.0041999999999999815,-0.022599999999999953,3.5999999999999943,3.0,2.700000000000001,1.0
2023_24,0022300797,2024-02-22,CHI,BOS,112,129,241,-17,0.49610000000000004,0.36950000000000005,0.8053000000000001,42.7,24.3,12.6,0.4958,0.3773,0.8448,46.9,28.1,12.2,0.00030000000000002247,-0.007799999999999974,-4.199999999999996,-3.8000000000000007,-0.40000000000000036,1.0
2023_24,0022300810,2024-02-23,NOP,MIA,95,106,201,-11,0.5017,0.3499,0.7588999999999999,43.2,28.3,12.7,0.4649,0.34900000000000003,0.8489000000000001,46.0,27.4,11.1,0.036800000000000055,0.0008999999999999564,-2.799999999999997,0.9000000000000021,-1.5999999999999996,1.0
2023_24,0022300812,2024-02-23,POR,DEN,112,127,239,-15,0.4546,0.333,0.8349,40.1,23.5,14.2,0.46040000000000003,0.337,0.7851999999999999,46.6,28.6,12.3,-0.005800000000000027,-0.0040000000000000036,-6.5,-5.100000000000001,-1.8999999999999986,1.0
2023_24,0022300811,2024-02-23,GSW,CHA,97,84,181,13,0.49030000000000007,0.3953,0.7661,50.3,31.7,13.0,0.4648,0.38239999999999996,0.7766,41.5,24.7,13.0,0.025500000000000078,0.012900000000000023,8.799999999999997,7.0,0.0,1.0
2023_24,0022300809,2024-02-23,OKC,WAS,147,106,253,41,0.49169999999999997,0.41950000000000004,0.798,40.6,26.4,12.4,0.4587,0.34809999999999997,0.7181,42.7,29.0,15.2,0.032999999999999974,0.07140000000000007,-2.1000000000000014,-2.6000000000000014,2.799999999999999,1.0
2023_24,0022300813,2024-02-23,LAL,SAS,123,118,241,5,0.5072,0.3795,0.7504,40.6,30.1,10.7,0.45330000000000004,0.3265,0.7739,43.2,29.5,14.7,0.05389999999999995,0.05299999999999999,-2.6000000000000014,0.6000000000000014,4.0,1.0
2023_24,0022300807,2024-02-23,MEM,LAC,95,101,196,-6,0.44539999999999996,0.3795,0.7102999999999999,38.6,27.3,14.6,0.48369999999999996,0.3963,0.8417,40.7,25.7,12.6,-0.0383,-0.01679999999999998,-2.1000000000000014,1.6000000000000014,-2.0,1.0
2023_24,0022300806,2024-02-23,HOU,PHX,114,110,224,4,0.4579,0.355,0.7359,46.8,24.4,14.5,0.5266,0.392,0.7788,43.1,28.8,15.1,-0.06869999999999998,-0.03700000000000003,3.6999999999999957,-4.400000000000002,0.5999999999999996,1.0
2023_24,0022300805,2024-02-23,PHI,CLE,104,97,201,7,0.4636,0.3494,0.8005000000000001,43.0,23.4,11.7,0.5125,0.38180000000000003,0.7983,43.0,30.1,12.2,-0.048899999999999944,-0.03240000000000004,0.0,-6.700000000000003,0.5,1.0
2023_24,0022300804,2024-02-23,ATL,TOR,121,123,244,-2,0.4791,0.3533,0.8257999999999999,46.0,28.6,11.6,0.4659,0.3588,0.7928,43.1,27.1,14.3,0.013200000000000045,-0.005500000000000005,2.8999999999999986,1.5,2.700000000000001,1.0
2023_24,0022300808,2024-02-23,MIN,MIL,107,112,219,-5,0.5046999999999999,0.4178,0.7877,43.7,27.0,13.0,0.4726,0.3604,0.7209,41.2,27.4,12.8,0.032099999999999906,0.05740000000000001,2.5,-0.3999999999999986,-0.1999999999999993,1.0
2023_24,0022300815,2024-02-24,MIN,BKN,101,86,187,15,0.49160000000000004,0.4011,0.7958999999999999,45.7,26.3,13.1,0.4614,0.39180000000000004,0.7966,39.3,28.7,12.0,0.03020000000000006,0.009299999999999975,6.400000000000006,-2.3999999999999986,-1.0999999999999996,1.0
2023_24,0022300816,2024-02-24,NYK,BOS,102,116,218,-14,0.4636,0.34540000000000004,0.8085000000000001,44.3,21.9,11.2,0.514,0.40119999999999995,0.8335000000000001,45.3,28.7,12.5,-0.0504,-0.055799999999999905,-1.0,-6.800000000000001,1.3000000000000007,1.0
2023_24,0022300814,2024-02-24,DET,ORL,109,112,221,-3,0.4821,0.40190000000000003,0.7803,45.1,27.2,14.8,0.508,0.4141,0.781,40.0,26.4,14.6,-0.025900000000000034,-0.012199999999999989,5.100000000000001,0.8000000000000007,-0.20000000000000107,1.0
2023_24,0022300818,2024-02-25,PHX,LAL,123,113,236,10,0.5176999999999999,0.3796,0.7853,44.2,28.1,15.3,0.5093,0.3831,0.7666999999999999,41.7,30.3,10.8,0.008399999999999963,-0.003500000000000003,2.5,-2.1999999999999993,-4.5,1.0
2023_24,0022300827,2024-02-25,LAC,SAC,107,123,230,-16,0.48019999999999996,0.40140000000000003,0.8549,42.1,24.9,13.4,0.5032,0.3632,0.7237,41.7,28.5,13.1,-0.02300000000000002,0.03820000000000001,0.3999999999999986,-3.6000000000000014,-0.3000000000000007,1.0
2023_24,0022300825,2024-02-25,UTA,SAS,128,109,237,19,0.46820000000000006,0.3463,0.8288,47.2,28.1,15.7,0.4504,0.32599999999999996,0.7683,44.3,29.7,14.6,0.017800000000000038,0.02030000000000004,2.9000000000000057,-1.5999999999999979,-1.0999999999999996,1.0
2023_24,0022300824,2024-02-25,GSW,DEN,103,119,222,-16,0.47759999999999997,0.38839999999999997,0.7643,51.0,31.3,13.8,0.47409999999999997,0.34130000000000005,0.7856,46.7,29.9,12.8,0.003500000000000003,0.04709999999999992,4.299999999999997,1.4000000000000021,-1.0,1.0
2023_24,0022300823,2024-02-25,NOP,CHI,106,114,220,-8,0.4887,0.3432,0.7588999999999999,44.6,28.2,12.6,0.48950000000000005,0.3728,0.8031,43.3,24.6,12.2,-0.0008000000000000229,-0.029600000000000015,1.3000000000000043,3.599999999999998,-0.40000000000000036,1.0
2023_24,0022300826,2024-02-25,POR,CHA,80,93,173,-13,0.4579000000000001,0.33799999999999997,0.8279,40.9,23.7,13.8,0.4568,0.3758,0.776,41.8,24.3,13.9,0.001100000000000101,-0.037800000000000056,-0.8999999999999986,-0.6000000000000014,0.09999999999999964,1.0
2023_24,0022300821,2024-02-25,ATL,ORL,109,92,201,17,0.47620000000000007,0.3619,0.8166,46.3,28.6,11.1,0.5063,0.41669999999999996,0.7727,41.1,26.2,14.7,-0.030099999999999905,-0.05479999999999996,5.199999999999996,2.400000000000002,3.5999999999999996,1.0
2023_24,0022300820,2024-02-25,WAS,CLE,105,114,219,-9,0.4446,0.3358,0.7187,42.5,27.8,14.9,0.5022,0.3771,0.7703,44.0,29.9,12.4,-0.057599999999999985,-0.0413,-1.5,-2.099999999999998,-2.5,1.0
2023_24,0022300819,2024-02-25,IND,DAL,133,111,244,22,0.5187,0.3834,0.7115,39.1,30.6,12.9,0.5078,0.38079999999999997,0.7494,44.1,25.9,13.7,0.01090000000000002,0.0026000000000000467,-5.0,4.700000000000003,0.7999999999999989,1.0
2023_24,0022300817,2024-02-25,PHI,MIL,98,119,217,-21,0.46210000000000007,0.34750000000000003,0.8042999999999999,44.2,24.3,11.1,0.4768,0.3555,0.7129,41.9,27.4,12.5,-0.014699999999999935,-0.007999999999999952,2.3000000000000043,-3.099999999999998,1.4000000000000004,1.0
2023_24,0022300822,2024-02-25,HOU,OKC,110,123,233,-13,0.4446,0.355,0.7333999999999999,46.6,23.3,14.4,0.5037,0.44089999999999996,0.8122999999999999,41.9,27.7,12.9,-0.05910000000000004,-0.08589999999999998,4.700000000000003,-4.399999999999999,-1.5,1.0
2023_24,0022300828,2024-02-26,NYK,DET,113,111,224,2,0.4563,0.3472,0.8210000000000001,44.0,21.5,11.7,0.48319999999999996,0.4048,0.7706,43.4,27.4,15.1,-0.02689999999999998,-0.057599999999999985,0.6000000000000014,-5.899999999999999,3.4000000000000004,1.0
2023_24,0022300829,2024-02-26,IND,TOR,122,130,252,-8,0.5283,0.3915,0.7197,38.7,31.1,13.6,0.4631,0.34900000000000003,0.8028000000000001,44.0,27.4,13.5,0.06519999999999998,0.04249999999999998,-5.299999999999997,3.700000000000003,-0.09999999999999964,1.0
2023_24,0022300830,2024-02-26,MEM,BKN,86,111,197,-25,0.4497,0.36629999999999996,0.7041000000000001,39.0,27.7,14.5,0.44370000000000004,0.36219999999999997,0.7928,39.9,26.6,12.2,0.00599999999999995,0.0040999999999999925,-0.8999999999999986,1.0999999999999979,-2.3000000000000007,1.0
2023_24,0022300831,2024-02-26,SAC,MIA,110,121,231,-11,0.5086,0.37370000000000003,0.7388,41.4,28.8,13.2,0.4646,0.356,0.8356,46.8,26.8,11.8,0.04400000000000004,0.01770000000000005,-5.399999999999999,2.0,-1.3999999999999986,1.0
2023_24,0022300838,2024-02-27,MIN,SAS,114,105,219,9,0.48630000000000007,0.38439999999999996,0.7830999999999999,46.3,26.4,13.1,0.4516,0.33890000000000003,0.7606999999999999,44.8,30.7,14.7,0.034700000000000064,0.04549999999999993,1.5,-4.300000000000001,1.5999999999999996,1.0
2023_24,0022300842,2024-02-27,POR,MIA,96,106,202,-10,0.4521,0.3292,0.807,41.7,22.9,14.0,0.477,0.3538,0.8156000000000001,46.3,27.5,11.6,-0.024899999999999978,-0.02460000000000001,-4.599999999999994,-4.600000000000001,-2.4000000000000004,1.0
2023_24,0022300840,2024-02-27,MIL,CHA,123,85,208,38,0.48230000000000006,0.3752,0.724,42.7,27.9,13.1,0.4615,0.3598,0.7752,42.4,24.5,14.4,0.02080000000000004,0.01539999999999997,0.30000000000000426,3.3999999999999986,1.3000000000000007,1.0
2023_24,0022300839,2024-02-27,CHI,DET,95,105,200,-10,0.48600000000000004,0.38029999999999997,0.8230000000000001,44.2,24.8,12.8,0.47569999999999996,0.39990000000000003,0.7725,44.1,27.2,14.9,0.010300000000000087,-0.019600000000000062,0.10000000000000142,-2.3999999999999986,2.0999999999999996,1.0
2023_24,0022300837,2024-02-27,NYK,NOP,92,115,207,-23,0.45410000000000006,0.34750000000000003,0.8028000000000001,43.9,21.7,12.5,0.4842000000000001,0.3498,0.7595,43.9,28.7,12.9,-0.030100000000000016,-0.0022999999999999687,0.0,-7.0,0.40000000000000036,1.0
2023_24,0022300841,2024-02-27,OKC,HOU,112,95,207,17,0.5067999999999999,0.4495,0.8282999999999999,42.9,28.6,12.9,0.44530000000000003,0.3645,0.7176,48.7,23.2,15.7,0.06149999999999989,0.08500000000000002,-5.800000000000004,5.400000000000002,2.799999999999999,1.0
2023_24,0022300835,2024-02-27,ATL,UTA,124,97,221,27,0.46930000000000005,0.3612,0.8159000000000001,46.1,28.5,10.9,0.47400000000000003,0.36160000000000003,0.8358000000000001,46.6,29.4,15.7,-0.004699999999999982,-0.00040000000000001146,-0.5,-0.8999999999999986,4.799999999999999,1.0
2023_24,0022300834,2024-02-27,WAS,GSW,112,123,235,-11,0.4426,0.3348,0.7242,42.0,28.8,14.5,0.47620000000000007,0.3887,0.7602,49.5,31.4,14.1,-0.033600000000000074,-0.0539,-7.5,-2.599999999999998,-0.40000000000000036,1.0
2023_24,0022300833,2024-02-27,ORL,BKN,108,81,189,27,0.5003,0.4185,0.7344999999999999,41.7,25.6,15.1,0.4426,0.3569,0.773,41.8,27.0,12.1,0.057699999999999974,0.06159999999999999,-0.09999999999999432,-1.3999999999999986,-3.0,1.0
2023_24,0022300832,2024-02-27,CLE,DAL,121,119,240,2,0.5051,0.3684,0.7777000000000001,43.9,30.8,12.1,0.49260000000000004,0.3779,0.7464000000000001,44.4,24.7,13.8,0.012499999999999956,-0.009500000000000008,-0.5,6.100000000000001,1.700000000000001,1.0
2023_24,0022300836,2024-02-27,BOS,PHI,117,99,216,18,0.5202,0.40709999999999996,0.8335000000000001,44.9,28.7,12.1,0.4492,0.33849999999999997,0.8047000000000001,44.3,24.0,11.6,0.07100000000000001,0.0686,0.6000000000000014,4.699999999999999,-0.5,1.0
2023_24,0022300843,2024-02-28,IND,NOP,123,114,237,9,0.5291,0.3831,0.7321,38.6,31.7,13.3,0.4864,0.3758,0.7706999999999999,44.4,28.1,13.5,0.042700000000000016,0.007299999999999973,-5.799999999999997,3.599999999999998,0.1999999999999993,1.0
2023_24,0022300844,2024-02-28,TOR,DAL,125,136,261,-11,0.47430000000000005,0.3586,0.7984,44.8,29.2,13.3,0.5045,0.3996,0.7333000000000001,44.9,25.2,12.6,-0.030199999999999894,-0.041000000000000036,-0.10000000000000142,4.0,-0.7000000000000011,1.0
2023_24,0022300845,2024-02-28,MIN,MEM,110,101,211,9,0.47620000000000007,0.383,0.8112999999999999,46.4,26.1,13.5,0.4473,0.36160000000000003,0.6967,38.7,26.8,14.7,0.028900000000000092,0.021399999999999975,7.699999999999996,-0.6999999999999993,1.1999999999999993,1.0
2023_24,0022300846,2024-02-28,CHI,CLE,132,123,255,9,0.4751,0.3528,0.8321999999999999,44.8,24.9,11.4,0.5107,0.3889,0.7576,43.5,31.2,12.7,-0.03560000000000002,-0.03610000000000002,1.2999999999999972,-6.300000000000001,1.299999999999999,1.0
2023_24,0022300847,2024-02-28,DEN,SAC,117,96,213,21,0.4746,0.35350000000000004,0.7827,46.5,29.9,13.0,0.5048,0.3761,0.7327999999999999,41.7,29.2,13.0,-0.030200000000000005,-0.022599999999999953,4.799999999999997,0.6999999999999993,0.0,1.0
2023_24,0022300848,2024-02-28,LAC,LAL,112,116,228,-4,0.48200000000000004,0.391,0.8634999999999999,40.8,24.7,14.2,0.5082,0.3896,0.7607,41.4,30.3,10.6,-0.026199999999999946,0.0014000000000000123,-0.6000000000000014,-5.600000000000001,-3.5999999999999996,1.0
2023_24,0022300856,2024-02-29,LAL,WAS,134,131,265,3,0.5225000000000001,0.37570000000000003,0.7676000000000001,40.1,30.1,11.6,0.45099999999999996,0.34290000000000004,0.7232000000000001,41.8,29.4,15.7,0.07150000000000012,0.032799999999999996,-1.6999999999999957,0.7000000000000028,4.1,1.0
2023_24,0022300855,2024-02-29,DEN,MIA,103,97,200,6,0.4883,0.3559,0.8048,46.1,31.3,13.6,0.47990000000000005,0.3612,0.8065,44.8,26.6,12.6,0.008399999999999963,-0.005300000000000027,1.3000000000000043,4.699999999999999,-1.0,1.0
2023_24,0022300854,2024-02-29,PHX,HOU,110,105,215,5,0.503,0.3721,0.805,45.1,27.8,15.2,0.42510000000000003,0.35209999999999997,0.7019,48.4,22.4,15.7,0.07789999999999997,0.020000000000000018,-3.299999999999997,5.400000000000002,0.5,1.0
2023_24,0022300853,2024-02-29,SAS,OKC,132,118,250,14,0.4513,0.3523,0.7729,43.4,30.0,15.2,0.5115999999999999,0.44420000000000004,0.8261,43.1,28.1,13.1,-0.060299999999999965,-0.09190000000000004,0.29999999999999716,1.8999999999999986,-2.0999999999999996,1.0
2023_24,0022300852,2024-02-29,NYK,GSW,99,110,209,-11,0.4516,0.3568,0.7964,41.7,22.9,12.8,0.48,0.4162,0.7503,47.9,32.9,14.6,-0.02839999999999998,-0.05940000000000001,-6.199999999999996,-10.0,1.799999999999999,1.0
2023_24,0022300850,2024-02-29,ORL,UTA,115,107,222,8,0.5071,0.4185,0.7377,41.3,25.2,15.5,0.4659,0.3572,0.8435,46.6,29.5,16.0,0.041200000000000014,0.061299999999999966,-5.300000000000004,-4.300000000000001,0.5,1.0
2023_24,0022300849,2024-02-29,CHA,MIL,99,111,210,-12,0.4587,0.3597,0.7736,41.8,25.1,14.6,0.4772,0.3752,0.7393,44.2,27.4,12.9,-0.018500000000000016,-0.015499999999999958,-2.4000000000000057,-2.299999999999997,-1.6999999999999993,1.0
2023_24,0022300851,2024-02-29,BKN,ATL,124,97,221,27,0.43019999999999997,0.3435,0.7733000000000001,40.0,25.3,13.1,0.46719999999999995,0.3601,0.8251,47.3,28.3,11.7,-0.03699999999999998,-0.016599999999999948,-7.299999999999997,-3.0,-1.4000000000000004,1.0
2023_24,0022300857,2024-03-01,DET,CLE,100,110,210,-10,0.4744,0.3952,0.7714000000000001,45.0,26.6,15.2,0.496,0.3735,0.7508,42.9,31.3,13.0,-0.021600000000000008,0.021699999999999997,2.1000000000000014,-4.699999999999999,-2.1999999999999993,1.0
2023_24,0022300858,2024-03-01,PHI,CHA,121,114,235,7,0.44279999999999997,0.33039999999999997,0.8186,42.7,23.4,12.1,0.45359999999999995,0.3499,0.77,42.6,24.9,15.0,-0.010799999999999976,-0.019500000000000017,0.10000000000000142,-1.5,2.9000000000000004,1.0
2023_24,0022300859,2024-03-01,BOS,DAL,138,110,248,28,0.5189,0.3826,0.8436,46.5,28.3,12.3,0.5093,0.3935,0.7230000000000001,45.7,26.2,12.1,0.009600000000000053,-0.01090000000000002,0.7999999999999972,2.1000000000000014,-0.20000000000000107,1.0
2023_24,0022300860,2024-03-01,TOR,GSW,105,120,225,-15,0.4737,0.3557,0.7841,44.4,28.8,13.3,0.47490000000000004,0.40590000000000004,0.7230000000000001,48.0,32.5,14.4,-0.0012000000000000344,-0.05020000000000002,-3.6000000000000014,-3.6999999999999993,1.0999999999999996,1.0
2023_24,0022300861,2024-03-01,MEM,POR,92,122,214,-30,0.44580000000000003,0.3609,0.7159,40.0,26.1,14.8,0.438,0.3186,0.8015000000000001,41.8,22.4,14.5,0.007800000000000029,0.042300000000000004,-1.7999999999999972,3.700000000000003,-0.3000000000000007,1.0
2023_24,0022300862,2024-03-01,MIN,SAC,120,124,244,-4,0.4793,0.3914,0.8031,46.5,26.6,13.2,0.4948,0.3719,0.7115,42.0,28.7,12.7,-0.015500000000000014,0.019500000000000017,4.5,-2.099999999999998,-0.5,1.0
2023_24,0022300863,2024-03-01,NOP,IND,129,102,231,27,0.4821,0.3715,0.7533,43.3,27.1,13.8,0.524,0.3854,0.7487999999999999,39.7,32.8,12.1,-0.04190000000000005,-0.013900000000000023,3.5999999999999943,-5.699999999999996,-1.700000000000001,1.0
2023_24,0022300864,2024-03-01,CHI,MIL,97,113,210,-16,0.46340000000000003,0.35,0.8411,47.8,25.0,12.3,0.4761,0.3796,0.7643,45.4,26.8,12.5,-0.012699999999999989,-0.029600000000000015,2.3999999999999986,-1.8000000000000007,0.1999999999999993,1.0
2023_24,0022300865,2024-03-01,LAC,WAS,140,115,255,25,0.47300000000000003,0.36970000000000003,0.8543,40.8,24.5,14.5,0.453,0.3625,0.7418,42.8,29.7,15.4,0.020000000000000018,0.00720000000000004,-2.0,-5.199999999999999,0.9000000000000004,1.0
2023_24,0022300870,2024-03-02,PHX,HOU,109,118,227,-9,0.49000000000000005,0.3694,0.7868999999999999,46.4,26.7,14.9,0.4232,0.3432,0.7255,50.1,21.8,15.9,0.06680000000000003,0.0262,-3.700000000000003,4.899999999999999,1.0,1.0
2023_24,0022300869,2024-03-02,LAL,DEN,114,124,238,-10,0.5262,0.3718,0.7657,40.8,30.3,12.2,0.4807,0.3579,0.8012,45.4,30.1,13.9,0.045499999999999985,0.013900000000000023,-4.600000000000001,0.1999999999999993,1.700000000000001,1.0
2023_24,0022300867,2024-03-02,MIA,UTA,126,120,246,6,0.4789,0.36550000000000005,0.8127000000000001,43.4,26.3,12.9,0.4567,0.3671,0.8375999999999999,46.0,28.4,16.2,0.022199999999999998,-0.0015999999999999348,-2.6000000000000014,-2.099999999999998,3.299999999999999,1.0
2023_24,0022300866,2024-03-02,BKN,ATL,114,102,216,12,0.4431,0.3603,0.7729,40.5,26.0,13.1,0.462,0.35609999999999997,0.8192,45.5,27.4,12.3,-0.018900000000000028,0.004200000000000037,-5.0,-1.3999999999999986,-0.7999999999999989,1.0
2023_24,0022300868,2024-03-02,MEM,POR,100,107,207,-7,0.4521,0.3695,0.6917,38.4,25.7,15.1,0.43689999999999996,0.3176,0.7828,42.5,22.9,14.8,0.015200000000000047,0.0519,-4.100000000000001,2.8000000000000007,-0.29999999999999893,1.0
2023_24,0022300871,2024-03-03,DAL,PHI,116,120,236,-4,0.5078,0.3805,0.7213,45.5,25.4,11.9,0.44770000000000004,0.346,0.8394999999999999,42.4,25.2,11.6,0.06009999999999999,0.03450000000000003,3.1000000000000014,0.1999999999999993,-0.3000000000000007,1.0
2023_24,0022300872,2024-03-03,BOS,GSW,140,88,228,52,0.5319,0.3981,0.8436,45.8,28.6,11.7,0.46390000000000003,0.3937,0.7239,48.7,31.8,14.1,0.068,0.004400000000000015,-2.9000000000000057,-3.1999999999999993,2.4000000000000004,1.0
2023_24,0022300873,2024-03-03,MIN,LAC,88,89,177,-1,0.4843,0.3934,0.8039999999999999,45.1,27.4,12.9,0.4862,0.3693,0.8439,40.9,25.4,13.7,-0.0019000000000000128,0.02410000000000001,4.200000000000003,2.0,0.7999999999999989,1.0
2023_24,0022300874,2024-03-03,ORL,DET,113,91,204,22,0.508,0.4101,0.7321,42.1,25.7,16.0,0.4665,0.3972,0.7706999999999999,45.6,26.8,14.6,0.04149999999999998,0.012900000000000023,-3.5,-1.1000000000000014,-1.4000000000000004,1.0
2023_24,0022300875,2024-03-03,TOR,CHA,111,106,217,5,0.46929999999999994,0.35009999999999997,0.7821,45.3,29.2,12.9,0.4559,0.3513,0.7874,42.0,24.6,14.5,0.013399999999999912,-0.0012000000000000344,3.299999999999997,4.599999999999998,1.5999999999999996,1.0
2023_24,0022300876,2024-03-03,CLE,NYK,98,107,205,-9,0.4869,0.3831,0.7647999999999999,43.6,31.3,13.2,0.4474,0.359,0.7805,42.2,23.1,13.4,0.03949999999999998,0.02410000000000001,1.3999999999999986,8.2,0.20000000000000107,1.0
2023_24,0022300877,2024-03-03,SAS,IND,117,105,222,12,0.4673,0.371,0.7769,42.5,31.6,15.2,0.5172,0.3834,0.7377,39.2,31.9,12.6,-0.0499,-0.012400000000000022,3.299999999999997,-0.29999999999999716,-2.5999999999999996,1.0
2023_24,0022300878,2024-03-03,PHX,OKC,110,118,228,-8,0.47450000000000003,0.3564,0.782,46.9,25.7,15.0,0.5023,0.426,0.8438000000000001,42.4,27.0,12.3,-0.027799999999999936,-0.0696,4.5,-1.3000000000000007,-2.6999999999999993,1.0
2023_24,0022300883,2024-03-04,SAC,CHI,109,113,222,-4,0.4986,0.37120000000000003,0.7074,42.5,28.8,12.3,0.4591,0.3583,0.8377000000000001,47.5,25.1,11.9,0.03949999999999998,0.012900000000000023,-5.0,3.6999999999999993,-0.40000000000000036,1.0
2023_24,0022300882,2024-03-04,UTA,WAS,127,115,242,12,0.4567,0.3685,0.8389,45.0,27.7,15.7,0.45519999999999994,0.3578,0.7484,42.0,29.9,14.9,0.0015000000000000568,0.010699999999999987,3.0,-2.1999999999999993,-0.7999999999999989,1.0
2023_24,0022300884,2024-03-04,LAL,OKC,116,104,220,12,0.5227999999999999,0.3897,0.7542,39.1,30.0,11.2,0.503,0.4185,0.8170999999999999,42.0,25.1,11.8,0.01979999999999993,-0.028799999999999992,-2.8999999999999986,4.899999999999999,0.6000000000000014,1.0
2023_24,0022300880,2024-03-04,MIL,LAC,113,106,219,7,0.4758,0.3797,0.7793,45.9,26.7,11.9,0.4654,0.3387,0.8547,41.3,23.9,13.8,0.01040000000000002,0.04099999999999998,4.600000000000001,2.8000000000000007,1.9000000000000004,1.0
2023_24,0022300879,2024-03-04,BKN,MEM,102,106,208,-4,0.4446,0.3708,0.7635,40.7,25.5,13.2,0.43689999999999996,0.3502,0.705,39.4,24.5,15.7,0.00770000000000004,0.020600000000000007,1.3000000000000043,1.0,2.5,1.0
2023_24,0022300881,2024-03-04,MIN,POR,119,114,233,5,0.4774,0.37629999999999997,0.8253,46.3,27.0,13.0,0.433,0.3133,0.7777999999999999,43.8,23.8,16.1,0.044399999999999995,0.06299999999999994,2.5,3.1999999999999993,3.1000000000000014,1.0
2023_24,0022300885,2024-03-05,CHA,ORL,89,101,190,-12,0.46840000000000004,0.3568,0.7830999999999999,41.7,25.3,14.7,0.5239,0.4119,0.7407,43.0,25.6,16.4,-0.055499999999999994,-0.05509999999999998,-1.2999999999999972,-0.3000000000000007,1.6999999999999993,1.0
2023_24,0022300886,2024-03-05,CLE,BOS,105,104,209,1,0.4779,0.3812,0.7022999999999999,42.7,31.8,12.6,0.5386,0.41180000000000005,0.8365,45.2,29.1,11.4,-0.060699999999999976,-0.03060000000000007,-2.5,2.6999999999999993,-1.1999999999999993,1.0
2023_24,0022300887,2024-03-05,BKN,PHI,112,107,219,5,0.44909999999999994,0.3665,0.7416,40.6,26.0,13.3,0.4514,0.35069999999999996,0.833,42.6,25.7,11.0,-0.0023000000000000798,0.015800000000000036,-2.0,0.3000000000000007,-2.3000000000000007,1.0
2023_24,0022300888,2024-03-05,MIA,DET,118,110,228,8,0.4894,0.377,0.805,42.3,27.2,12.5,0.44889999999999997,0.3646,0.7557,43.6,26.1,14.5,0.040500000000000036,0.012400000000000022,-1.3000000000000043,1.0999999999999979,2.0,1.0
2023_24,0022300889,2024-03-05,NYK,ATL,100,116,216,-16,0.4404,0.3593,0.7705,43.2,23.5,13.6,0.4508,0.3372,0.8116,45.8,26.2,12.4,-0.010399999999999965,0.02210000000000001,-2.5999999999999943,-2.6999999999999993,-1.1999999999999993,1.0
2023_24,0022300890,2024-03-05,TOR,NOP,98,139,237,-41,0.4624,0.3328,0.7766,45.7,28.9,13.4,0.4845,0.3809,0.7537,44.2,26.6,14.0,-0.02210000000000001,-0.04810000000000003,1.5,2.299999999999997,0.5999999999999996,1.0
2023_24,0022300891,2024-03-05,HOU,SAS,114,101,215,13,0.41550000000000004,0.33330000000000004,0.7208,50.2,21.9,15.7,0.4758,0.3786,0.7969999999999999,42.4,31.9,15.3,-0.060299999999999965,-0.04529999999999995,7.800000000000004,-10.0,-0.3999999999999986,1.0
2023_24,0022300892,2024-03-05,DAL,IND,120,137,257,-17,0.5038,0.3753,0.7468,45.5,24.9,12.5,0.49850000000000005,0.3565,0.7544,40.9,30.4,12.6,0.005299999999999971,0.01880000000000004,4.600000000000001,-5.5,0.09999999999999964,1.0
2023_24,0022300893,2024-03-05,DEN,PHX,107,117,224,-10,0.4906,0.3573,0.7884,45.9,30.9,14.0,0.46790000000000004,0.3637,0.8042,47.0,26.6,15.8,0.022699999999999942,-0.006400000000000017,-1.1000000000000014,4.299999999999997,1.8000000000000007,1.0
2023_24,0022300899,2024-03-06,GSW,MIL,125,90,215,35,0.4584,0.3693,0.7386,48.1,30.9,14.4,0.47380000000000005,0.37679999999999997,0.7962,47.0,25.2,11.8,-0.01540000000000008,-0.007499999999999951,1.1000000000000014,5.699999999999999,-2.5999999999999996,1.0
2023_24,0022300901,2024-03-06,LAL,SAC,120,130,250,-10,0.528,0.4048,0.7535000000000001,40.7,30.2,12.6,0.4958,0.3668,0.7281,44.3,28.6,13.7,0.032200000000000006,0.03799999999999998,-3.5999999999999943,1.5999999999999979,1.0999999999999996,1.0
2023_24,0022300900,2024-03-06,POR,OKC,120,128,248,-8,0.43600000000000005,0.31880000000000003,0.7572,43.7,23.7,16.2,0.4946,0.4056,0.8442000000000001,42.6,24.7,11.7,-0.05859999999999993,-0.08679999999999999,1.1000000000000014,-1.0,-4.5,1.0
2023_24,0022300898,2024-03-06,UTA,CHI,117,119,236,-2,0.4535,0.3685,0.8356,45.3,27.7,15.3,0.4607,0.3527,0.8351,45.9,25.5,11.5,-0.007199999999999984,0.01579999999999998,-0.6000000000000014,2.1999999999999993,-3.8000000000000007,1.0
2023_24,0022300895,2024-03-06,ATL,CLE,112,101,213,11,0.45920000000000005,0.3378,0.7998999999999999,46.0,26.4,13.1,0.46900000000000003,0.3947,0.6967000000000001,42.2,31.0,12.4,-0.009799999999999975,-0.056900000000000006,3.799999999999997,-4.600000000000001,-0.6999999999999993,1.0
2023_24,0022300896,2024-03-06,PHI,MEM,109,115,224,-6,0.45730000000000004,0.36029999999999995,0.836,41.5,25.8,11.2,0.437,0.3435,0.7253000000000001,41.0,24.5,16.6,0.02030000000000004,0.016799999999999926,0.5,1.3000000000000007,5.400000000000002,1.0
2023_24,0022300897,2024-03-06,HOU,LAC,116,122,238,-6,0.4175,0.3203,0.7031,50.5,22.0,14.2,0.46319999999999995,0.3412,0.8341,41.4,24.1,13.3,-0.04569999999999996,-0.02090000000000003,9.100000000000001,-2.1000000000000014,-0.8999999999999986,1.0
2023_24,0022300894,2024-03-06,WAS,ORL,109,119,228,-10,0.45039999999999997,0.3573,0.7404999999999999,42.4,29.3,15.2,0.5182,0.38970000000000005,0.729,43.2,24.5,16.5,-0.06780000000000003,-0.03240000000000004,-0.8000000000000043,4.800000000000001,1.3000000000000007,1.0
2023_24,0022300902,2024-03-07,DET,BKN,118,112,230,6,0.4443,0.3339,0.7756000000000001,43.3,26.1,13.9,0.44160000000000005,0.3565,0.7439,40.9,25.4,13.5,0.0026999999999999247,-0.02260000000000001,2.3999999999999986,0.7000000000000028,-0.40000000000000036,1.0
2023_24,0022300903,2024-03-07,IND,MIN,111,113,224,-2,0.5042,0.364,0.7632,42.2,30.7,12.1,0.4728,0.3644,0.826,46.0,26.4,13.3,0.031399999999999983,-0.00040000000000001146,-3.799999999999997,4.300000000000001,1.200000000000001,1.0
2023_24,0022300904,2024-03-07,DAL,MIA,114,108,222,6,0.4998,0.3657,0.7495,45.6,24.2,12.5,0.4848,0.3861,0.8141999999999999,42.0,26.8,12.1,0.015000000000000013,-0.020399999999999974,3.6000000000000014,-2.6000000000000014,-0.40000000000000036,1.0
2023_24,0022300905,2024-03-07,PHX,TOR,120,113,233,7,0.4526,0.3595,0.8172,48.5,26.1,15.6,0.45899999999999996,0.33199999999999996,0.7462,46.1,28.6,13.4,-0.006399999999999961,0.027500000000000024,2.3999999999999986,-2.5,-2.1999999999999993,1.0
2023_24,0022300906,2024-03-07,DEN,BOS,115,109,224,6,0.4848,0.351,0.7741,46.0,30.1,14.1,0.5278,0.4166,0.8372999999999999,46.0,28.2,11.3,-0.04300000000000004,-0.06560000000000005,0.0,1.9000000000000021,-2.799999999999999,1.0
2023_24,0022300907,2024-03-07,GSW,CHI,122,125,247,-3,0.4664,0.3725,0.7192000000000001,48.0,31.5,14.7,0.4563,0.35009999999999997,0.8241999999999999,45.2,26.0,10.9,0.010099999999999998,0.02240000000000003,2.799999999999997,5.5,-3.799999999999999,1.0
2023_24,0022300908,2024-03-07,SAC,SAS,131,129,260,2,0.4929,0.35550000000000004,0.7224999999999999,44.7,28.6,13.5,0.4676,0.3805,0.7842,44.7,31.4,15.7,0.02529999999999999,-0.024999999999999967,0.0,-2.799999999999997,2.1999999999999993,1.0
2023_24,0022300916,2024-03-08,POR,HOU,107,123,230,-16,0.4405,0.32330000000000003,0.7582,43.1,23.5,16.2,0.42140000000000005,0.33330000000000004,0.6987,48.5,23.1,13.3,0.01909999999999995,-0.010000000000000009,-5.399999999999999,0.3999999999999986,-2.8999999999999986,1.0
2023_24,0022300915,2024-03-08,LAL,MIL,123,122,245,1,0.5242,0.4065,0.7531,40.9,29.5,13.2,0.46840000000000004,0.37039999999999995,0.7862,45.3,24.5,12.6,0.05579999999999996,0.03610000000000002,-4.399999999999999,5.0,-0.5999999999999996,1.0
2023_24,0022300914,2024-03-08,OKC,MIA,107,100,207,7,0.5139,0.4103,0.8431,42.5,24.7,12.5,0.48419999999999996,0.3992,0.8006,41.2,26.9,12.2,0.02970000000000006,0.011099999999999999,1.2999999999999972,-2.1999999999999993,-0.3000000000000007,1.0
2023_24,0022300913,2024-03-08,MEM,ATL,92,99,191,-7,0.4354,0.3422,0.7623,43.2,23.3,16.9,0.4585,0.3301,0.7931,46.2,26.0,12.9,-0.02310000000000001,0.0121,-3.0,-2.6999999999999993,-3.9999999999999982,1.0
2023_24,0022300910,2024-03-08,WAS,CHA,112,100,212,12,0.4471,0.3518,0.7493,42.0,29.1,14.4,0.4569,0.3416,0.8116999999999999,40.5,24.2,14.7,-0.009799999999999975,0.010199999999999987,1.5,4.900000000000002,0.29999999999999893,1.0
2023_24,0022300911,2024-03-08,CLE,MIN,113,104,217,9,0.465,0.3823,0.6932,42.1,30.4,12.8,0.4662,0.36,0.805,46.7,25.4,13.1,-0.0011999999999999789,0.022299999999999986,-4.600000000000001,5.0,0.29999999999999893,1.0
2023_24,0022300912,2024-03-08,NYK,ORL,98,74,172,24,0.43410000000000004,0.3523,0.7523,42.6,23.5,13.4,0.5259,0.40259999999999996,0.7464000000000001,42.6,24.3,16.3,-0.09179999999999999,-0.050299999999999956,0.0,-0.8000000000000007,2.9000000000000004,1.0
2023_24,0022300909,2024-03-08,PHI,NOP,95,103,198,-8,0.44749999999999995,0.3678,0.8564999999999999,41.4,25.5,11.2,0.4833,0.392,0.7529,46.3,27.6,13.8,-0.035800000000000054,-0.0242,-4.899999999999999,-2.1000000000000014,2.6000000000000014,1.0
2023_24,0022300921,2024-03-09,GSW,SAS,113,126,239,-13,0.4662,0.3604,0.7291000000000001,48.1,31.2,14.9,0.47850000000000004,0.3966,0.7889999999999999,44.3,33.3,15.5,-0.012300000000000033,-0.03620000000000001,3.8000000000000043,-2.099999999999998,0.5999999999999996,1.0
2023_24,0022300923,2024-03-09,POR,TOR,128,118,246,10,0.4387,0.3404,0.7556,43.8,23.8,16.1,0.4645,0.33940000000000003,0.7499,45.7,29.4,13.2,-0.025800000000000045,0.0009999999999999454,-1.9000000000000057,-5.599999999999998,-2.900000000000002,1.0
2023_24,0022300922,2024-03-09,DEN,UTA,142,121,263,21,0.4885,0.3355,0.7982,47.0,30.2,12.8,0.45570000000000005,0.3661,0.8554,44.6,27.7,14.8,0.03279999999999994,-0.03059999999999996,2.3999999999999986,2.5,2.0,1.0
2023_24,0022300919,2024-03-09,DET,DAL,124,142,266,-18,0.4526,0.3439,0.7708,42.6,25.8,14.8,0.48760000000000003,0.3652,0.752,44.7,23.9,12.3,-0.03500000000000003,-0.02130000000000004,-2.1000000000000014,1.9000000000000021,-2.5,1.0
2023_24,0022300918,2024-03-09,CHA,BKN,110,99,209,11,0.44320000000000004,0.3336,0.8036999999999999,40.7,23.3,13.5,0.441,0.3525,0.7506999999999999,40.0,25.0,13.7,0.0022000000000000353,-0.018899999999999972,0.7000000000000028,-1.6999999999999993,0.1999999999999993,1.0
2023_24,0022300917,2024-03-09,LAC,CHI,112,102,214,10,0.47309999999999997,0.3493,0.8225,42.0,24.0,13.1,0.46580000000000005,0.3621,0.8267,44.9,26.8,11.5,0.007299999999999918,-0.012799999999999978,-2.8999999999999986,-2.8000000000000007,-1.5999999999999996,1.0
2023_24,0022300920,2024-03-09,PHX,BOS,107,117,224,-10,0.45810000000000006,0.37,0.8084,49.2,26.2,15.8,0.5206999999999999,0.4131,0.8084,45.8,28.1,11.2,-0.06259999999999988,-0.04310000000000003,3.4000000000000057,-1.9000000000000021,-4.600000000000001,1.0
2023_24,0022300932,2024-03-10,LAL,MIN,120,109,229,11,0.5252,0.4136,0.7382,40.0,29.0,12.1,0.46129999999999993,0.3473,0.7986,47.1,25.5,13.3,0.06390000000000007,0.06630000000000003,-7.100000000000001,3.5,1.200000000000001,1.0
2023_24,0022300930,2024-03-10,CLE,BKN,101,120,221,-19,0.45999999999999996,0.3823,0.6892,43.1,30.0,13.3,0.4427,0.35350000000000004,0.7339,41.0,24.5,14.1,0.017299999999999982,0.028799999999999937,2.1000000000000014,5.5,0.7999999999999989,1.0
2023_24,0022300929,2024-03-10,SAC,HOU,104,112,216,-8,0.495,0.3487,0.7477,45.3,28.5,13.0,0.4243,0.3326,0.7021,49.3,24.2,12.8,0.07069999999999999,0.016100000000000003,-4.0,4.300000000000001,-0.1999999999999993,1.0
2023_24,0022300928,2024-03-10,ORL,IND,97,111,208,-14,0.515,0.3951,0.7363999999999999,41.5,22.6,16.1,0.4944,0.35419999999999996,0.7792,42.0,30.3,12.0,0.020600000000000007,0.04090000000000005,-0.5,-7.699999999999999,-4.100000000000001,1.0
2023_24,0022300931,2024-03-10,OKC,MEM,124,93,217,31,0.507,0.3938,0.8462,43.4,24.5,12.3,0.43390000000000006,0.3534,0.7481,43.4,22.6,16.4,0.07309999999999994,0.04039999999999999,0.0,1.8999999999999986,4.099999999999998,1.0
2023_24,0022300926,2024-03-10,MIA,WAS,108,110,218,-2,0.48929999999999996,0.40709999999999996,0.7795,41.0,27.2,12.6,0.45499999999999996,0.34809999999999997,0.7763,42.2,28.9,13.9,0.0343,0.059,-1.2000000000000028,-1.6999999999999993,1.3000000000000007,1.0
2023_24,0022300925,2024-03-10,ATL,NOP,103,116,219,-13,0.45549999999999996,0.3389,0.7841,46.8,25.6,13.4,0.48020000000000007,0.39049999999999996,0.7798,47.5,27.1,14.0,-0.02470000000000011,-0.05159999999999998,-0.7000000000000028,-1.5,0.5999999999999996,1.0
2023_24,0022300924,2024-03-10,LAC,MIL,117,124,241,-7,0.4826,0.35150000000000003,0.8229,42.9,24.9,13.4,0.46790000000000004,0.3623,0.8019000000000001,44.5,24.3,12.1,0.014699999999999935,-0.010799999999999976,-1.6000000000000014,0.5999999999999979,-1.3000000000000007,1.0
2023_24,0022300927,2024-03-10,NYK,PHI,73,79,152,-6,0.4346,0.3695,0.736,43.7,23.9,14.1,0.4328,0.3498,0.8523,41.4,25.1,11.3,0.0017999999999999683,0.019699999999999995,2.3000000000000043,-1.2000000000000028,-2.799999999999999,1.0
2023_24,0022300933,2024-03-11,DET,CHA,114,97,211,17,0.45640000000000003,0.3504,0.7783,43.2,25.5,15.8,0.4481,0.3298,0.782,40.6,23.2,13.9,0.00830000000000003,0.020600000000000007,2.6000000000000014,2.3000000000000007,-1.9000000000000004,1.0
2023_24,0022300934,2024-03-11,CLE,PHX,111,117,228,-6,0.453,0.3806,0.6734,42.9,29.4,12.6,0.4569,0.3571,0.7903,49.4,25.4,16.1,-0.003899999999999959,0.02350000000000002,-6.5,4.0,3.5000000000000018,1.0
2023_24,0022300935,2024-03-11,CHI,DAL,92,127,219,-35,0.45339999999999997,0.3528,0.8332,44.4,26.6,12.1,0.49820000000000003,0.377,0.7679,42.7,24.1,12.1,-0.04480000000000006,-0.0242,1.6999999999999957,2.5,0.0,1.0
2023_24,0022300936,2024-03-11,SAS,GSW,102,112,214,-10,0.4768,0.4114,0.7814,44.6,33.0,15.0,0.45949999999999996,0.34609999999999996,0.7229,47.9,29.6,14.8,0.017300000000000038,0.06530000000000002,-3.299999999999997,3.3999999999999986,-0.1999999999999993,1.0
2023_24,0022300937,2024-03-11,DEN,TOR,125,119,244,6,0.5165,0.3674,0.8089000000000001,45.4,31.8,12.9,0.472,0.3508,0.7527999999999999,45.3,29.8,13.3,0.044499999999999984,0.016600000000000004,0.10000000000000142,2.0,0.40000000000000036,1.0
2023_24,0022300938,2024-03-11,POR,BOS,99,121,220,-22,0.4415,0.34249999999999997,0.7689,44.6,24.3,16.0,0.519,0.41059999999999997,0.8147,45.9,28.3,11.3,-0.07750000000000001,-0.0681,-1.2999999999999972,-4.0,-4.699999999999999,1.0
2023_24,0022300943,2024-03-12,UTA,BOS,107,123,230,-16,0.46109999999999995,0.3625,0.8439,43.8,27.6,14.5,0.5162,0.40759999999999996,0.8074999999999999,46.5,28.6,10.2,-0.05510000000000004,-0.04509999999999997,-2.700000000000003,-1.0,-4.300000000000001,1.0
2023_24,0022300944,2024-03-12,LAC,MIN,100,118,218,-18,0.47780000000000006,0.3471,0.8345,43.3,25.1,13.2,0.4519,0.34540000000000004,0.7906,45.7,25.8,13.1,0.025900000000000034,0.0016999999999999793,-2.4000000000000057,-0.6999999999999993,-0.09999999999999964,1.0
2023_24,0022300942,2024-03-12,SAS,HOU,101,103,204,-2,0.4827,0.4242,0.7748,45.2,32.8,15.3,0.4295,0.34340000000000004,0.7192999999999999,47.9,24.5,13.1,0.053200000000000025,0.08079999999999998,-2.6999999999999957,8.299999999999997,-2.200000000000001,1.0
2023_24,0022300945,2024-03-12,SAC,MIL,129,94,223,35,0.4887,0.3385,0.7596999999999999,44.7,28.2,13.0,0.4727,0.37370000000000003,0.7888,44.8,24.7,11.0,0.016000000000000014,-0.03520000000000001,-0.09999999999999432,3.5,-2.0,1.0
2023_24,0022300940,2024-03-12,MEM,WAS,109,97,206,12,0.4255,0.3438,0.7464999999999999,42.7,22.0,16.9,0.4553,0.3424,0.764,42.0,28.9,13.5,-0.029799999999999993,0.0014000000000000123,0.7000000000000028,-6.899999999999999,-3.3999999999999986,1.0
2023_24,0022300939,2024-03-12,NYK,PHI,106,79,185,27,0.42140000000000005,0.3587,0.7527,43.6,23.9,14.5,0.4239,0.3512,0.8343999999999999,42.2,24.2,11.4,-0.0024999999999999467,0.007500000000000007,1.3999999999999986,-0.3000000000000007,-3.0999999999999996,1.0
2023_24,0022300941,2024-03-12,OKC,IND,111,121,232,-10,0.5048999999999999,0.39790000000000003,0.8545,44.9,25.3,12.1,0.4925,0.3623,0.7985,43.4,29.2,12.2,0.012399999999999911,0.03560000000000002,1.5,-3.8999999999999986,0.09999999999999964,1.0
2023_24,0022300946,2024-03-13,DET,TOR,113,104,217,9,0.4657,0.3472,0.8064,43.5,25.5,15.1,0.4715,0.3644,0.7621,43.9,29.8,13.0,-0.005799999999999972,-0.017199999999999993,-0.3999999999999986,-4.300000000000001,-2.0999999999999996,1.0
2023_24,0022300947,2024-03-13,ORL,BKN,114,106,220,8,0.48929999999999996,0.3739,0.7214,42.7,21.9,16.2,0.4546,0.3752,0.7512000000000001,41.1,25.9,13.6,0.03469999999999995,-0.0012999999999999678,1.6000000000000014,-4.0,-2.5999999999999996,1.0
2023_24,0022300948,2024-03-13,IND,CHI,129,132,261,-3,0.4979,0.3529,0.8131,43.8,29.4,12.3,0.4469,0.331,0.8131999999999999,44.3,26.7,11.9,0.05099999999999999,0.021899999999999975,-0.5,2.6999999999999993,-0.40000000000000036,1.0
2023_24,0022300949,2024-03-13,MIA,DEN,88,100,188,-12,0.4829,0.3899,0.7684,41.4,25.8,12.5,0.5319,0.3673,0.7836000000000001,45.1,32.7,12.6,-0.049000000000000044,0.02260000000000001,-3.700000000000003,-6.900000000000002,0.09999999999999964,1.0
2023_24,0022300950,2024-03-13,MEM,CHA,98,110,208,-12,0.41719999999999996,0.318,0.7643,44.0,21.7,17.1,0.44320000000000004,0.3147,0.7834,40.4,23.1,14.2,-0.02600000000000008,0.003300000000000025,3.6000000000000014,-1.4000000000000021,-2.900000000000002,1.0
2023_24,0022300951,2024-03-13,NOP,CLE,95,116,211,-21,0.4965,0.4053,0.7733,46.9,28.2,13.3,0.45810000000000006,0.3836,0.6899,42.3,30.0,12.8,0.038399999999999934,0.021699999999999997,4.600000000000001,-1.8000000000000007,-0.5,1.0
2023_24,0022300952,2024-03-13,DAL,GSW,109,99,208,10,0.4997,0.372,0.7779,42.1,24.6,11.1,0.46230000000000004,0.35150000000000003,0.7039,47.6,29.2,15.3,0.03739999999999993,0.020499999999999963,-5.5,-4.599999999999998,4.200000000000001,1.0
2023_24,0022300953,2024-03-13,POR,ATL,106,102,208,4,0.449,0.35059999999999997,0.7988999999999999,44.9,24.8,15.6,0.4505,0.3433,0.7782,46.0,25.1,13.3,-0.0015000000000000013,0.007299999999999973,-1.1000000000000014,-0.3000000000000007,-2.299999999999999,1.0
2023_24,0022300954,2024-03-13,SAC,LAL,120,107,227,13,0.49820000000000003,0.3562,0.7621,45.0,29.5,12.4,0.5211,0.4101,0.7308,41.9,28.5,13.2,-0.022899999999999976,-0.0539,3.1000000000000014,1.0,0.7999999999999989,1.0
2023_24,0022300960,2024-03-14,POR,NYK,93,105,198,-12,0.44980000000000003,0.3519,0.8154999999999999,45.3,24.7,16.3,0.4303,0.3558,0.7535000000000001,45.3,25.6,14.6,0.019500000000000017,-0.0039000000000000146,0.0,-0.9000000000000021,-1.700000000000001,1.0
2023_24,0022300959,2024-03-14,OKC,DAL,126,119,245,7,0.49269999999999997,0.3871,0.8572,45.5,25.3,11.9,0.5056,0.35100000000000003,0.7711,42.4,25.2,11.8,-0.012900000000000078,0.036099999999999965,3.1000000000000014,0.10000000000000142,-0.09999999999999964,1.0
2023_24,0022300958,2024-03-14,MIL,PHI,114,105,219,9,0.4626,0.3666,0.7908999999999999,44.8,24.6,10.9,0.41740000000000005,0.3409,0.8175000000000001,41.5,23.6,10.4,0.04519999999999996,0.0257,3.299999999999997,1.0,-0.5,1.0
2023_24,0022300956,2024-03-14,CHI,LAC,111,126,237,-15,0.4523,0.331,0.807,44.6,25.9,11.8,0.4798,0.3463,0.8339000000000001,42.5,24.6,13.6,-0.027500000000000024,-0.01529999999999998,2.1000000000000014,1.2999999999999972,1.799999999999999,1.0
2023_24,0022300955,2024-03-14,BOS,PHX,127,112,239,15,0.5058,0.3995,0.8137000000000001,46.0,27.9,10.1,0.4662,0.36229999999999996,0.7769,48.2,24.9,15.1,0.039600000000000024,0.037200000000000066,-2.200000000000003,3.0,5.0,1.0
2023_24,0022300957,2024-03-14,HOU,WAS,135,119,254,16,0.4319,0.3381,0.7455,47.1,23.9,12.0,0.4619,0.3283,0.7825,40.8,28.5,13.4,-0.02999999999999997,0.009800000000000031,6.300000000000004,-4.600000000000001,1.4000000000000004,1.0
2023_24,0022300961,2024-03-15,CHA,PHX,96,107,203,-11,0.4605,0.3226,0.7708,39.6,23.6,14.3,0.4655,0.35609999999999997,0.7719,49.2,25.6,14.9,-0.0050000000000000044,-0.033499999999999974,-9.600000000000001,-2.0,0.5999999999999996,1.0
2023_24,0022300962,2024-03-15,DET,MIA,95,108,203,-13,0.4572,0.3439,0.8337999999999999,45.2,25.5,15.8,0.4777,0.3823,0.7584,41.3,24.9,12.1,-0.020500000000000018,-0.03839999999999999,3.9000000000000057,0.6000000000000014,-3.700000000000001,1.0
2023_24,0022300963,2024-03-15,TOR,ORL,103,113,216,-10,0.4668,0.3442,0.7472,43.1,30.6,13.0,0.49000000000000005,0.3617,0.7094,42.8,22.2,16.2,-0.023200000000000054,-0.017500000000000016,0.30000000000000426,8.400000000000002,3.1999999999999993,1.0
2023_24,0022300964,2024-03-15,NOP,LAC,112,104,216,8,0.48410000000000003,0.3922,0.7747999999999999,47.3,26.8,13.5,0.4958,0.3588,0.8170999999999999,40.9,25.8,12.5,-0.011699999999999988,0.033399999999999985,6.399999999999999,1.0,-1.0,1.0
2023_24,0022300965,2024-03-15,SAS,DEN,106,117,223,-11,0.4793,0.41079999999999994,0.7917,45.2,32.1,16.0,0.5253,0.378,0.7795,43.2,31.0,12.0,-0.045999999999999985,0.03279999999999994,2.0,1.1000000000000014,-4.0,1.0
2023_24,0022300966,2024-03-15,UTA,ATL,124,122,246,2,0.4603,0.37829999999999997,0.8579000000000001,43.2,27.0,14.2,0.45330000000000004,0.3555,0.7549,45.3,24.7,13.2,0.006999999999999951,0.022799999999999987,-2.0999999999999943,2.3000000000000007,-1.0,1.0
2023_24,0022300972,2024-03-16,MEM,OKC,112,118,230,-6,0.4178,0.3351,0.7864,44.5,21.5,18.2,0.4852,0.3781,0.8632,43.3,25.1,11.7,-0.06740000000000002,-0.04299999999999998,1.2000000000000028,-3.6000000000000014,-6.5,1.0
2023_24,0022300973,2024-03-16,LAL,GSW,121,128,249,-7,0.5209,0.4253,0.7414,41.6,28.2,13.5,0.4598,0.3526,0.7081,46.5,28.3,14.8,0.06110000000000004,0.07269999999999999,-4.899999999999999,-0.10000000000000142,1.3000000000000007,1.0
2023_24,0022300971,2024-03-16,CHI,WAS,127,98,225,29,0.4568,0.34419999999999995,0.7978,43.3,25.8,12.0,0.472,0.3362,0.79,39.7,29.4,13.2,-0.015199999999999991,0.007999999999999952,3.5999999999999943,-3.599999999999998,1.1999999999999993,1.0
2023_24,0022300974,2024-03-16,UTA,MIN,100,119,219,-19,0.4652,0.37229999999999996,0.8573000000000001,43.3,26.1,13.9,0.4591,0.3447,0.8004999999999999,45.3,26.1,12.8,0.006099999999999994,0.027599999999999958,-2.0,0.0,-1.0999999999999996,1.0
2023_24,0022300969,2024-03-16,PHI,CHA,109,98,207,11,0.4224,0.34809999999999997,0.8089000000000001,39.4,23.6,10.7,0.4484,0.3096,0.7743,40.3,23.2,12.9,-0.026000000000000023,0.03849999999999998,-0.8999999999999986,0.40000000000000213,2.200000000000001,1.0
2023_24,0022300968,2024-03-16,IND,BKN,121,100,221,21,0.49119999999999997,0.3407,0.8109999999999999,44.3,28.8,11.8,0.4678,0.385,0.7455,38.7,26.0,13.8,0.023399999999999976,-0.044300000000000006,5.599999999999994,2.8000000000000007,2.0,1.0
2023_24,0022300967,2024-03-16,HOU,CLE,117,103,220,14,0.4507,0.3477,0.7595,46.4,23.8,12.5,0.4586,0.3967,0.6825,42.2,30.3,12.9,-0.007900000000000018,-0.04899999999999999,4.199999999999996,-6.5,0.40000000000000036,1.0
2023_24,0022300970,2024-03-16,NOP,POR,126,107,233,19,0.4803,0.3903,0.7887,47.0,26.1,13.0,0.4556,0.3758,0.8342,44.2,25.2,16.5,0.0247,0.014499999999999957,2.799999999999997,0.9000000000000021,3.5,1.0
2023_24,0022300975,2024-03-16,SAC,NYK,91,98,189,-7,0.4946,0.36310000000000003,0.7657,45.2,29.6,12.8,0.42590000000000006,0.3324,0.7716000000000001,45.8,24.8,14.3,0.06869999999999993,0.03070000000000006,-0.5999999999999943,4.800000000000001,1.5,1.0
2023_24,0022300980,2024-03-17,WAS,BOS,104,130,234,-26,0.47050000000000003,0.3468,0.7769,38.9,29.2,13.9,0.5044000000000001,0.4006,0.8102,45.7,28.3,9.7,-0.03390000000000004,-0.053800000000000014,-6.800000000000004,0.8999999999999986,-4.200000000000001,1.0
2023_24,0022300982,2024-03-17,LAC,ATL,93,110,203,-17,0.4951,0.36560000000000004,0.8168,40.7,25.3,12.4,0.4545,0.376,0.7582,44.0,25.2,13.2,0.04059999999999997,-0.010399999999999965,-3.299999999999997,0.10000000000000142,0.7999999999999989,1.0
2023_24,0022300979,2024-03-17,ORL,TOR,111,96,207,15,0.49060000000000004,0.3569,0.7291000000000001,42.1,22.2,16.4,0.4647,0.3469,0.7121999999999999,42.4,29.3,13.4,0.025900000000000034,0.010000000000000009,-0.29999999999999716,-7.100000000000001,-2.9999999999999982,1.0
2023_24,0022300981,2024-03-17,SAS,BKN,122,115,237,7,0.4812,0.40919999999999995,0.7868999999999999,44.9,31.1,16.3,0.46180000000000004,0.3893,0.7658,38.6,24.6,14.9,0.019399999999999973,0.019899999999999973,6.299999999999997,6.5,-1.4000000000000004,1.0
2023_24,0022300977,2024-03-17,DET,MIA,101,104,205,-3,0.4495,0.325,0.8513,46.4,25.3,16.4,0.4787,0.3581,0.7618,41.1,25.2,11.4,-0.029200000000000004,-0.03309999999999996,5.299999999999997,0.10000000000000142,-4.999999999999998,1.0
2023_24,0022300976,2024-03-17,MIL,PHX,140,129,269,11,0.4697,0.3759,0.8061999999999999,43.8,25.1,11.4,0.4715,0.36239999999999994,0.7748,49.1,26.4,14.9,-0.0017999999999999683,0.013500000000000068,-5.300000000000004,-1.2999999999999972,3.5,1.0
2023_24,0022300978,2024-03-17,DAL,DEN,107,105,212,2,0.5097,0.3472,0.7805,42.6,26.2,12.1,0.5216000000000001,0.3786,0.7908999999999999,42.7,30.9,12.0,-0.011900000000000022,-0.031399999999999983,-0.10000000000000142,-4.699999999999999,-0.09999999999999964,1.0
2023_24,0022300983,2024-03-18,IND,CLE,103,108,211,-5,0.4829,0.3218,0.8166,44.7,27.1,11.6,0.4507,0.37829999999999997,0.6953,42.0,29.0,12.9,0.032200000000000006,-0.056499999999999995,2.700000000000003,-1.8999999999999986,1.3000000000000007,1.0
2023_24,0022300984,2024-03-18,BOS,DET,119,94,213,25,0.497,0.40570000000000006,0.8185,46.4,28.6,10.5,0.44720000000000004,0.31720000000000004,0.8491,46.6,25.2,15.9,0.049799999999999955,0.08850000000000002,-0.20000000000000284,3.400000000000002,5.4,1.0
2023_24,0022300985,2024-03-18,PHI,MIA,98,91,189,7,0.42969999999999997,0.34500000000000003,0.8140000000000001,39.4,23.7,11.3,0.47190000000000004,0.3557,0.7567999999999999,41.9,24.9,11.3,-0.04220000000000007,-0.010699999999999987,-2.5,-1.1999999999999993,0.0,1.0
2023_24,0022300986,2024-03-18,CHI,POR,110,107,217,3,0.4746,0.3706,0.7868999999999999,44.5,26.9,12.9,0.4649,0.3799,0.8417,43.8,25.1,16.7,0.009700000000000042,-0.00930000000000003,0.7000000000000028,1.7999999999999972,3.799999999999999,1.0
2023_24,0022300987,2024-03-18,UTA,MIN,104,114,218,-10,0.46799999999999997,0.37229999999999996,0.8541000000000001,43.0,25.8,13.6,0.46349999999999997,0.35940000000000005,0.8065999999999999,44.6,27.0,12.4,0.004500000000000004,0.012899999999999912,-1.6000000000000014,-1.1999999999999993,-1.1999999999999993,1.0
2023_24,0022300988,2024-03-18,GSW,NYK,112,119,231,-7,0.4692,0.3614,0.7121999999999999,46.8,29.4,13.8,0.42379999999999995,0.32639999999999997,0.7591,47.1,24.6,14.5,0.04540000000000005,0.03500000000000003,-0.30000000000000426,4.799999999999997,0.6999999999999993,1.0
2023_24,0022300989,2024-03-18,SAC,MEM,121,111,232,10,0.48040000000000005,0.3496,0.7647,45.3,28.9,13.0,0.4248,0.3491,0.7825,44.1,23.3,18.1,0.05560000000000004,0.0005000000000000004,1.1999999999999957,5.599999999999998,5.100000000000001,1.0
2023_24,0022300990,2024-03-18,LAL,ATL,136,105,241,31,0.5204000000000001,0.4199,0.7469,40.9,28.6,13.2,0.4577,0.3846,0.7617,44.1,25.3,13.8,0.06270000000000009,0.0353,-3.200000000000003,3.3000000000000007,0.6000000000000014,1.0
2023_24,0022300995,2024-03-19,MIN,DEN,112,115,227,-3,0.4657,0.3565,0.8017,43.5,26.9,11.9,0.5166999999999999,0.3871,0.7927,41.9,30.6,11.8,-0.050999999999999934,-0.030600000000000016,1.6000000000000014,-3.700000000000003,-0.09999999999999964,1.0
2023_24,0022300993,2024-03-19,BKN,NOP,91,104,195,-13,0.4687,0.3893,0.7556,39.9,25.7,13.9,0.49640000000000006,0.40780000000000005,0.8018000000000001,45.5,27.7,12.9,-0.027700000000000058,-0.018500000000000072,-5.600000000000001,-2.0,-1.0,1.0
2023_24,0022300994,2024-03-19,SAS,DAL,107,113,220,-6,0.48150000000000004,0.3916,0.8150000000000001,45.3,30.7,16.1,0.499,0.3305,0.7872,45.0,26.1,12.8,-0.01749999999999996,0.06109999999999999,0.29999999999999716,4.599999999999998,-3.3000000000000007,1.0
2023_24,0022300991,2024-03-19,ORL,CHA,112,92,204,20,0.4995,0.3507,0.7546999999999999,40.9,22.1,15.9,0.4565,0.3144,0.7697,40.6,22.9,13.2,0.04299999999999998,0.0363,0.29999999999999716,-0.7999999999999972,-2.700000000000001,1.0
2023_24,0022300992,2024-03-19,WAS,HOU,114,137,251,-23,0.4671,0.3419,0.7826,38.8,28.2,13.4,0.45780000000000004,0.3444,0.7479,46.2,24.8,11.7,0.009299999999999975,-0.0025000000000000022,-7.400000000000006,3.3999999999999986,-1.700000000000001,1.0
2023_24,0022300996,2024-03-20,CLE,MIA,104,107,211,-3,0.4549,0.3751,0.7088,42.0,28.0,13.1,0.45830000000000004,0.3383,0.7519,43.4,24.3,10.8,-0.003400000000000014,0.0368,-1.3999999999999986,3.6999999999999993,-2.299999999999999,1.0
2023_24,0022300997,2024-03-20,DET,IND,103,122,225,-19,0.4408,0.3104,0.8619,46.2,25.1,15.2,0.48310000000000003,0.3145,0.8051999999999999,44.9,27.2,11.7,-0.042300000000000004,-0.0040999999999999925,1.3000000000000043,-2.099999999999998,-3.5,1.0
2023_24,0022300998,2024-03-20,BOS,MIL,122,119,241,3,0.4896,0.4279,0.8112,46.1,29.5,10.2,0.46959999999999996,0.38580000000000003,0.8229,42.6,25.4,10.6,0.020000000000000018,0.04209999999999997,3.5,4.100000000000001,0.40000000000000036,1.0
2023_24,0022300999,2024-03-20,TOR,SAC,89,123,212,-34,0.4535,0.3298,0.7349,41.6,28.1,14.0,0.47220000000000006,0.3404,0.7877,47.1,28.9,13.4,-0.01870000000000005,-0.010599999999999998,-5.5,-0.7999999999999972,-0.5999999999999996,1.0
2023_24,0022301000,2024-03-20,OKC,UTA,119,107,226,12,0.48949999999999994,0.3638,0.8461000000000001,43.0,24.6,11.7,0.4633,0.3675,0.8534,43.9,24.7,13.6,0.026199999999999946,-0.003699999999999981,-0.8999999999999986,-0.09999999999999787,1.9000000000000004,1.0
2023_24,0022301001,2024-03-20,GSW,MEM,137,116,253,21,0.46690000000000004,0.35459999999999997,0.7173,46.3,28.4,13.2,0.4239,0.3536,0.7725,44.0,23.2,18.0,0.04300000000000004,0.0009999999999999454,2.299999999999997,5.199999999999999,4.800000000000001,1.0
2023_24,0022301002,2024-03-20,PHX,PHI,115,102,217,13,0.4828,0.36229999999999996,0.7668,47.9,26.8,14.8,0.4338,0.3478,0.8140000000000001,41.2,24.0,11.5,0.04899999999999999,0.014499999999999957,6.699999999999996,2.8000000000000007,-3.3000000000000007,1.0
2023_24,0022301003,2024-03-20,POR,LAC,103,116,219,-13,0.4582,0.3666,0.8364,43.5,24.1,16.6,0.48230000000000006,0.36920000000000003,0.8314999999999999,41.1,24.1,12.6,-0.024100000000000066,-0.0026000000000000467,2.3999999999999986,0.0,-4.000000000000002,1.0
2023_24,0022301008,2024-03-21,DAL,UTA,113,97,210,16,0.4932,0.3289,0.7944,44.0,26.0,12.1,0.47050000000000003,0.3664,0.8635999999999999,44.3,24.3,13.4,0.022699999999999998,-0.03749999999999998,-0.29999999999999716,1.6999999999999993,1.3000000000000007,1.0
2023_24,0022301009,2024-03-21,DEN,NYK,113,100,213,13,0.5151,0.3961,0.7790999999999999,42.5,29.7,11.9,0.4276,0.3257,0.7679,47.1,24.4,14.4,0.08750000000000002,0.07040000000000002,-4.600000000000001,5.300000000000001,2.5,1.0
2023_24,0022301007,2024-03-21,MIL,BKN,115,108,223,7,0.4715,0.3944,0.8253,41.6,24.5,11.1,0.4545,0.3715,0.756,39.8,24.6,14.3,0.01699999999999996,0.022899999999999976,1.8000000000000043,-0.10000000000000142,3.200000000000001,1.0
2023_24,0022301010,2024-03-21,PHX,ATL,128,115,243,13,0.49240000000000006,0.3759,0.7742,48.3,28.2,15.7,0.4511,0.3691,0.7547,42.8,25.8,12.9,0.04130000000000006,0.006800000000000028,5.5,2.3999999999999986,-2.799999999999999,1.0
2023_24,0022301005,2024-03-21,WAS,SAC,109,102,211,7,0.45899999999999996,0.3389,0.7743,38.7,27.1,13.0,0.4838,0.3361,0.8095000000000001,48.1,29.3,13.6,-0.024800000000000044,0.002799999999999969,-9.399999999999999,-2.1999999999999993,0.5999999999999996,1.0
2023_24,0022301004,2024-03-21,ORL,NOP,121,106,227,15,0.5011,0.35,0.763,41.2,23.3,15.8,0.5015,0.3982,0.8073,45.4,28.1,12.4,-0.00039999999999995595,-0.04820000000000002,-4.199999999999996,-4.800000000000001,-3.4000000000000004,1.0
2023_24,0022301006,2024-03-21,HOU,CHI,127,117,244,10,0.47050000000000003,0.35459999999999997,0.7645,46.3,25.1,10.9,0.4787,0.3688,0.7863,41.1,26.6,11.9,-0.008199999999999985,-0.014200000000000046,5.199999999999996,-1.5,1.0,1.0
2023_24,0022301011,2024-03-22,DET,BOS,102,129,231,-27,0.44480000000000003,0.3043,0.8562,46.6,25.0,15.8,0.4814,0.4241,0.7939999999999999,45.1,28.7,10.2,-0.036599999999999966,-0.11979999999999996,1.5,-3.6999999999999993,-5.600000000000001,1.0
2023_24,0022301012,2024-03-22,TOR,OKC,103,123,226,-20,0.4479,0.325,0.7404,40.3,26.8,15.0,0.4911,0.35619999999999996,0.8475999999999999,42.0,25.6,11.2,-0.04319999999999996,-0.03119999999999995,-1.7000000000000028,1.1999999999999993,-3.8000000000000007,1.0
2023_24,0022301013,2024-03-22,MIA,NOP,88,111,199,-23,0.4619,0.34750000000000003,0.7633,42.6,24.1,10.1,0.5046999999999999,0.3753,0.8009000000000001,44.3,28.2,12.8,-0.04279999999999995,-0.02779999999999999,-1.6999999999999957,-4.099999999999998,2.700000000000001,1.0
2023_24,0022301014,2024-03-22,MIN,CLE,104,91,195,13,0.46399999999999997,0.3508,0.7895,43.3,26.5,11.2,0.46180000000000004,0.3669,0.7085,40.4,28.5,12.7,0.0021999999999999242,-0.016100000000000003,2.8999999999999986,-2.0,1.5,1.0
2023_24,0022301015,2024-03-22,SAS,MEM,97,99,196,-2,0.4777,0.38849999999999996,0.8131,46.0,31.0,15.4,0.4234,0.3528,0.7912,45.5,24.6,16.9,0.054300000000000015,0.035699999999999954,0.5,6.399999999999999,1.4999999999999982,1.0
2023_24,0022301016,2024-03-22,GSW,IND,111,123,234,-12,0.48,0.3715,0.7006,45.8,30.1,12.8,0.4909,0.3156,0.7663,43.9,27.6,12.0,-0.01090000000000002,0.055900000000000005,1.8999999999999986,2.5,-0.8000000000000007,1.0
2023_24,0022301017,2024-03-22,POR,LAC,117,125,242,-8,0.46390000000000003,0.3793,0.8281000000000001,42.3,23.9,16.0,0.4772,0.3705,0.8422000000000001,40.4,23.8,12.9,-0.013299999999999979,0.00880000000000003,1.8999999999999986,0.09999999999999787,-3.0999999999999996,1.0
2023_24,0022301018,2024-03-22,LAL,PHI,101,94,195,7,0.526,0.41869999999999996,0.7819,42.3,29.7,12.9,0.42910000000000004,0.3397,0.762,40.4,23.5,11.9,0.09689999999999999,0.07899999999999996,1.8999999999999986,6.199999999999999,-1.0,1.0
2023_24,0022301026,2024-03-23,POR,DEN,111,114,225,-3,0.46340000000000003,0.3747,0.8154,42.3,24.0,15.6,0.5258,0.3908,0.7736,42.6,30.6,11.4,-0.06240000000000001,-0.016100000000000003,-0.30000000000000426,-6.600000000000001,-4.199999999999999,1.0
2023_24,0022301025,2024-03-23,SAS,PHX,106,131,237,-25,0.46390000000000003,0.35819999999999996,0.7977000000000001,47.1,29.5,15.8,0.5019,0.39859999999999995,0.7872,47.4,28.7,15.5,-0.03799999999999998,-0.04039999999999999,-0.29999999999999716,0.8000000000000007,-0.3000000000000007,1.0
2023_24,0022301024,2024-03-23,HOU,UTA,147,119,266,28,0.48769999999999997,0.368,0.7542,45.4,26.4,11.2,0.47380000000000005,0.3365,0.8710000000000001,44.4,24.7,13.9,0.013899999999999912,0.03149999999999997,1.0,1.6999999999999993,2.700000000000001,1.0
2023_24,0022301023,2024-03-23,CHI,BOS,113,124,237,-11,0.48200000000000004,0.3668,0.7828,41.0,26.4,11.8,0.479,0.40869999999999995,0.7826,43.5,28.3,10.1,0.003000000000000058,-0.04189999999999994,-2.5,-1.9000000000000021,-1.700000000000001,1.0
2023_24,0022301022,2024-03-23,WAS,TOR,112,109,221,3,0.4627,0.3436,0.7748999999999999,39.3,26.2,14.0,0.45730000000000004,0.335,0.7463,39.2,27.1,16.3,0.00539999999999996,0.008599999999999997,0.09999999999999432,-0.9000000000000021,2.3000000000000007,1.0
2023_24,0022301020,2024-03-23,ORL,SAC,107,109,216,-2,0.5013,0.3556,0.7637,40.7,23.9,15.9,0.4768,0.3264,0.8448,47.3,28.5,14.3,0.024499999999999966,0.029200000000000004,-6.599999999999994,-4.600000000000001,-1.5999999999999996,1.0
2023_24,0022301019,2024-03-23,NYK,BKN,105,93,198,12,0.4384,0.3308,0.7748,46.4,24.5,14.1,0.4525,0.35409999999999997,0.76,40.2,24.7,14.6,-0.014100000000000001,-0.023299999999999987,6.199999999999996,-0.1999999999999993,0.5,1.0
2023_24,0022301021,2024-03-23,ATL,CHA,132,91,223,41,0.4521,0.3748,0.7626000000000001,42.5,26.7,12.6,0.4607,0.3146,0.7725,39.4,22.4,13.6,-0.008599999999999997,0.06020000000000003,3.1000000000000014,4.300000000000001,1.0,1.0
2023_24,0022301027,2024-03-24,DET,NOP,101,114,215,-13,0.457,0.3111,0.8404,48.0,25.0,16.5,0.5092000000000001,0.3874,0.7933,45.9,28.1,13.1,-0.05220000000000008,-0.07630000000000003,2.1000000000000014,-3.1000000000000014,-3.4000000000000004,1.0
2023_24,0022301028,2024-03-24,LAC,PHI,107,121,228,-14,0.4967,0.3835,0.8392,40.4,24.7,13.7,0.418,0.3316,0.7518,40.4,22.9,11.9,0.07869999999999999,0.0519,0.0,1.8000000000000007,-1.799999999999999,1.0
2023_24,0022301029,2024-03-24,MIA,CLE,121,84,205,37,0.44560000000000005,0.337,0.766,42.6,23.0,10.1,0.45899999999999996,0.3524,0.7552,40.6,27.6,12.8,-0.013399999999999912,-0.01539999999999997,2.0,-4.600000000000001,2.700000000000001,1.0
2023_24,0022301030,2024-03-24,MIL,OKC,118,93,211,25,0.47350000000000003,0.39239999999999997,0.827,41.2,25.1,11.3,0.49219999999999997,0.36469999999999997,0.8310000000000001,42.9,26.3,11.7,-0.01869999999999994,0.027700000000000002,-1.6999999999999957,-1.1999999999999993,0.3999999999999986,1.0
2023_24,0022301031,2024-03-24,MIN,GSW,114,110,224,4,0.4628,0.364,0.7645,43.5,26.3,11.1,0.47569999999999996,0.3598,0.6916,46.6,29.9,12.8,-0.012899999999999967,0.0041999999999999815,-3.1000000000000014,-3.599999999999998,1.700000000000001,1.0
2023_24,0022301032,2024-03-24,LAL,IND,150,145,295,5,0.5151,0.4185,0.7777000000000001,43.8,29.1,13.3,0.49729999999999996,0.32599999999999996,0.7746,44.5,28.3,11.5,0.017800000000000038,0.09250000000000003,-0.7000000000000028,0.8000000000000007,-1.8000000000000007,1.0
2023_24,0022301040,2024-03-25,DEN,MEM,128,103,231,25,0.5122,0.38180000000000003,0.7748999999999999,42.8,29.7,11.8,0.42750000000000005,0.3506,0.7831,46.1,24.3,16.3,0.08469999999999994,0.031200000000000006,-3.3000000000000043,5.399999999999999,4.5,1.0
2023_24,0022301043,2024-03-25,LAC,IND,116,133,249,-17,0.5009,0.3792,0.8695999999999999,40.3,24.9,13.7,0.5083,0.356,0.7499,44.3,30.2,11.4,-0.007399999999999962,0.0232,-4.0,-5.300000000000001,-2.299999999999999,1.0
2023_24,0022301042,2024-03-25,SAC,PHI,108,96,204,12,0.47590000000000005,0.3342,0.8416,46.4,28.2,13.2,0.4225,0.3373,0.7506999999999999,40.3,23.6,11.5,0.05340000000000006,-0.0030999999999999917,6.100000000000001,4.599999999999998,-1.6999999999999993,1.0
2023_24,0022301041,2024-03-25,UTA,DAL,105,115,220,-10,0.4704,0.3262,0.8712,44.2,24.7,13.8,0.49640000000000006,0.3337,0.7829,44.1,27.3,12.6,-0.02600000000000008,-0.007500000000000007,0.10000000000000142,-2.6000000000000014,-1.200000000000001,1.0
2023_24,0022301039,2024-03-25,SAS,PHX,104,102,206,2,0.4569,0.34550000000000003,0.7998000000000001,46.0,28.9,15.7,0.5175,0.4085,0.7783,46.3,29.9,14.3,-0.06059999999999999,-0.06299999999999994,-0.29999999999999716,-1.0,-1.3999999999999986,1.0
2023_24,0022301036,2024-03-25,TOR,BKN,88,96,184,-8,0.4537,0.325,0.7493000000000001,38.9,27.1,15.9,0.45289999999999997,0.3537,0.79,41.0,24.6,14.8,0.0008000000000000229,-0.028700000000000003,-2.1000000000000014,2.5,-1.0999999999999996,1.0
2023_24,0022301037,2024-03-25,CHI,WAS,105,107,212,-2,0.48929999999999996,0.3699,0.7919,40.7,27.2,11.5,0.46790000000000004,0.33290000000000003,0.7607,40.5,26.4,14.3,0.02139999999999992,0.03699999999999998,0.20000000000000284,0.8000000000000007,2.8000000000000007,1.0
2023_24,0022301038,2024-03-25,HOU,POR,110,92,202,18,0.49960000000000004,0.385,0.7706999999999999,44.9,26.8,10.8,0.45899999999999996,0.36920000000000003,0.8147,43.6,24.0,15.5,0.04060000000000008,0.01579999999999998,1.2999999999999972,2.8000000000000007,4.699999999999999,1.0
2023_24,0022301035,2024-03-25,NYK,DET,124,99,223,25,0.44489999999999996,0.3375,0.754,45.5,24.7,13.8,0.4537,0.3093,0.8308,48.4,24.4,17.1,-0.00880000000000003,0.028200000000000003,-2.8999999999999986,0.3000000000000007,3.3000000000000007,1.0
2023_24,0022301034,2024-03-25,ATL,BOS,120,118,238,2,0.4652,0.39,0.7744,42.6,28.4,12.3,0.4883,0.413,0.7791,42.3,28.7,10.0,-0.02310000000000001,-0.022999999999999965,0.30000000000000426,-0.3000000000000007,-2.3000000000000007,1.0
2023_24,0022301033,2024-03-25,CLE,CHA,115,92,207,23,0.4574,0.3358,0.7666000000000001,39.4,27.2,13.6,0.45120000000000005,0.3004,0.7615000000000001,40.1,22.5,14.6,0.006199999999999928,0.03539999999999999,-0.7000000000000028,4.699999999999999,1.0,1.0
2023_24,0022301044,2024-03-26,MIA,GSW,92,113,205,-21,0.44800000000000006,0.33130000000000004,0.766,42.8,23.2,10.4,0.48129999999999995,0.3816,0.6993,46.1,29.8,12.4,-0.033299999999999885,-0.050299999999999956,-3.3000000000000043,-6.600000000000001,2.0,1.0
2023_24,0022301045,2024-03-26,MIL,LAL,124,128,252,-4,0.4838,0.3922,0.8163,42.0,26.2,12.3,0.5187999999999999,0.43170000000000003,0.7828,43.4,28.9,13.2,-0.03499999999999992,-0.039500000000000035,-1.3999999999999986,-2.6999999999999993,0.8999999999999986,1.0
2023_24,0022301046,2024-03-26,NOP,OKC,112,119,231,-7,0.504,0.3729,0.7918000000000001,45.3,28.3,12.4,0.48129999999999995,0.359,0.835,42.5,26.2,12.3,0.022700000000000053,0.013900000000000023,2.799999999999997,2.1000000000000014,-0.09999999999999964,1.0
2023_24,0022301047,2024-03-26,SAC,DAL,96,132,228,-36,0.46440000000000003,0.3218,0.8369,45.8,27.5,12.6,0.49770000000000003,0.32330000000000003,0.7792,44.3,28.4,11.5,-0.033299999999999996,-0.0015000000000000568,1.5,-0.8999999999999986,-1.0999999999999996,1.0
2023_24,0022301059,2024-03-27,DEN,PHX,97,104,201,-7,0.5227999999999999,0.3912,0.7979,42.7,31.0,11.9,0.5243,0.4001,0.7535999999999999,45.8,29.5,14.8,-0.0015000000000000568,-0.008900000000000019,-3.0999999999999943,1.5,2.9000000000000004,1.0
2023_24,0022301058,2024-03-27,UTA,SAS,111,118,229,-7,0.46440000000000003,0.3195,0.8663000000000001,43.7,24.6,13.8,0.4572,0.33799999999999997,0.8027,45.0,28.8,14.5,0.00720000000000004,-0.01849999999999996,-1.2999999999999972,-4.199999999999999,0.6999999999999993,1.0
2023_24,0022301057,2024-03-27,OKC,HOU,126,132,258,-6,0.49539999999999995,0.3646,0.8269,43.2,26.8,12.5,0.49269999999999997,0.3893,0.8031,44.3,26.4,11.0,0.00269999999999998,-0.0247,-1.0999999999999943,0.40000000000000213,-1.5,1.0
2023_24,0022301056,2024-03-27,MIN,DET,106,91,197,15,0.4716,0.38920000000000005,0.7423,42.5,26.9,11.2,0.4399,0.2987,0.8311,47.1,24.2,16.0,0.031700000000000006,0.09050000000000002,-4.600000000000001,2.6999999999999993,4.800000000000001,1.0
2023_24,0022301055,2024-03-27,MEM,LAL,124,136,260,-12,0.42060000000000003,0.3432,0.768,45.1,24.2,16.1,0.5049,0.42210000000000003,0.8039,47.2,28.6,14.2,-0.08429999999999999,-0.07890000000000003,-2.1000000000000014,-4.400000000000002,-1.9000000000000021,1.0
2023_24,0022301054,2024-03-27,CHI,IND,125,99,224,26,0.4807,0.3549,0.7939999999999999,41.4,27.0,11.8,0.5126000000000001,0.3705,0.7434,43.4,29.6,11.3,-0.03190000000000004,-0.015600000000000003,-2.0,-2.6000000000000014,-0.5,1.0
2023_24,0022301053,2024-03-27,TOR,NYK,101,145,246,-44,0.4585,0.314,0.7652,37.4,27.3,15.7,0.4467,0.3378,0.7522,46.0,24.5,14.0,0.011800000000000033,-0.023799999999999988,-8.600000000000001,2.8000000000000007,-1.6999999999999993,1.0
2023_24,0022301052,2024-03-27,PHI,LAC,107,108,215,-1,0.4258,0.3326,0.75,40.3,22.9,11.9,0.5,0.3678,0.8667999999999999,39.8,25.6,13.8,-0.07419999999999999,-0.03520000000000001,0.5,-2.700000000000003,1.9000000000000004,1.0
2023_24,0022301051,2024-03-27,ATL,POR,120,106,226,14,0.46749999999999997,0.4077,0.7549,41.9,28.8,12.0,0.4588,0.3447,0.8333999999999999,43.1,23.2,15.5,0.008699999999999986,0.063,-1.2000000000000028,5.600000000000001,3.5,1.0
2023_24,0022301050,2024-03-27,WAS,BKN,119,122,241,-3,0.4626,0.32989999999999997,0.759,42.2,27.0,14.8,0.44980000000000003,0.3368,0.7872,41.6,24.1,15.4,0.012799999999999978,-0.006900000000000017,0.6000000000000014,2.8999999999999986,0.5999999999999996,1.0
2023_24,0022301049,2024-03-27,ORL,GSW,93,101,194,-8,0.48929999999999996,0.3538,0.7559,40.8,24.2,15.0,0.4806,0.36710000000000004,0.7022,45.4,29.2,12.0,0.00869999999999993,-0.013300000000000034,-4.600000000000001,-5.0,-3.0,1.0
2023_24,0022301048,2024-03-27,CHA,CLE,118,111,229,7,0.44699999999999995,0.3029,0.7697999999999999,38.9,22.3,14.1,0.4671,0.35459999999999997,0.7501,39.9,28.6,13.5,-0.020100000000000062,-0.05169999999999997,-1.0,-6.300000000000001,-0.5999999999999996,1.0
2023_24,0022301060,2024-03-28,ATL,BOS,123,122,245,1,0.4681,0.41,0.7599,41.8,28.4,12.6,0.49269999999999997,0.413,0.7835,41.4,28.4,9.7,-0.024599999999999955,-0.0030000000000000027,0.3999999999999986,0.0,-2.9000000000000004,1.0
2023_24,0022301061,2024-03-28,NOP,MIL,107,100,207,7,0.4988,0.3607,0.7969999999999999,42.8,27.1,12.3,0.47759999999999997,0.3821,0.7953,43.5,27.9,12.5,0.021200000000000052,-0.021399999999999975,-0.7000000000000028,-0.7999999999999972,0.1999999999999993,1.0
2023_24,0022301072,2024-03-29,UTA,HOU,100,101,201,-1,0.46559999999999996,0.3247,0.8696999999999999,42.8,24.3,15.0,0.4929,0.381,0.8182,45.5,25.6,11.8,-0.027300000000000046,-0.05630000000000002,-2.700000000000003,-1.3000000000000007,-3.1999999999999993,1.0
2023_24,0022301071,2024-03-29,DEN,MIN,98,111,209,-13,0.516,0.3972,0.7941,42.0,30.7,11.9,0.47219999999999995,0.3805,0.7354,42.5,26.9,11.3,0.04380000000000006,0.016699999999999993,-0.5,3.8000000000000007,-0.5999999999999996,1.0
2023_24,0022301073,2024-03-29,SAC,DAL,103,107,210,-4,0.4523,0.32720000000000005,0.8214,45.4,27.1,12.7,0.5047,0.3464,0.7597,45.1,29.5,11.5,-0.05240000000000006,-0.01919999999999994,0.29999999999999716,-2.3999999999999986,-1.1999999999999993,1.0
2023_24,0022301070,2024-03-29,SAS,NYK,130,126,256,4,0.4579,0.33799999999999997,0.7694,45.4,28.9,15.4,0.4668,0.357,0.7607999999999999,46.2,25.5,13.9,-0.008900000000000019,-0.019000000000000017,-0.8000000000000043,3.3999999999999986,-1.5,1.0
2023_24,0022301069,2024-03-29,OKC,PHX,128,103,231,25,0.48630000000000007,0.3605,0.8173,44.2,27.1,12.6,0.5201,0.40570000000000006,0.7595,46.0,29.5,14.9,-0.03379999999999994,-0.04520000000000007,-1.7999999999999972,-2.3999999999999986,2.3000000000000007,1.0
2023_24,0022301068,2024-03-29,MIA,POR,142,82,224,60,0.4394,0.3108,0.7782,43.0,22.6,10.1,0.46180000000000004,0.3499,0.8000999999999999,41.2,23.6,15.9,-0.02240000000000003,-0.03909999999999997,1.7999999999999972,-1.0,5.800000000000001,1.0
2023_24,0022301064,2024-03-29,ORL,LAC,97,100,197,-3,0.47759999999999997,0.348,0.755,40.6,24.4,14.3,0.4944,0.37239999999999995,0.8478999999999999,39.6,25.5,13.0,-0.016800000000000037,-0.024399999999999977,1.0,-1.1000000000000014,-1.3000000000000007,1.0
2023_24,0022301066,2024-03-29,BKN,CHI,125,108,233,17,0.449,0.3256,0.7933,43.3,24.1,14.8,0.47779999999999995,0.3549,0.8034000000000001,42.8,26.9,11.2,-0.028799999999999937,-0.029299999999999993,0.5,-2.799999999999997,-3.6000000000000014,1.0
2023_24,0022301065,2024-03-29,WAS,DET,87,96,183,-9,0.46370000000000006,0.3529,0.7485,41.2,27.1,15.1,0.4327,0.29169999999999996,0.8271000000000001,45.6,23.0,15.2,0.031000000000000083,0.06120000000000003,-4.399999999999999,4.100000000000001,0.09999999999999964,1.0
2023_24,0022301063,2024-03-29,IND,LAL,109,90,199,19,0.5014000000000001,0.363,0.7478,43.5,29.5,11.1,0.5092000000000001,0.4295,0.8119,46.0,28.8,13.7,-0.007800000000000029,-0.0665,-2.5,0.6999999999999993,2.5999999999999996,1.0
2023_24,0022301062,2024-03-29,CHA,GSW,97,115,212,-18,0.4591,0.3059,0.7471,39.6,23.4,13.8,0.4796,0.37029999999999996,0.7047,45.8,28.7,12.2,-0.020500000000000018,-0.06439999999999996,-6.199999999999996,-5.300000000000001,-1.6000000000000014,1.0
2023_24,0022301067,2024-03-29,CLE,PHI,117,114,231,3,0.47329999999999994,0.3654,0.735,38.5,29.2,13.7,0.43360000000000004,0.3477,0.7542,41.2,22.5,11.9,0.0396999999999999,0.017699999999999994,-2.700000000000003,6.699999999999999,-1.799999999999999,1.0
2023_24,0022301074,2024-03-30,NOP,BOS,92,104,196,-12,0.4941,0.35019999999999996,0.7807000000000001,42.8,27.1,11.6,0.49169999999999997,0.41340000000000005,0.7923,41.4,28.3,9.7,0.0024000000000000132,-0.06320000000000009,1.3999999999999986,-1.1999999999999993,-1.9000000000000004,1.0
2023_24,0022301075,2024-03-30,ORL,MEM,118,88,206,30,0.46749999999999997,0.3363,0.7378,40.2,24.3,14.5,0.4229,0.3476,0.7599,43.6,25.1,16.0,0.04459999999999997,-0.011300000000000032,-3.3999999999999986,-0.8000000000000007,1.5,1.0
2023_24,0022301076,2024-03-30,ATL,MIL,113,122,235,-9,0.4746,0.40120000000000006,0.7532,42.4,28.7,12.1,0.4857,0.38980000000000004,0.7746000000000001,44.5,28.1,12.4,-0.011099999999999999,0.011400000000000021,-2.1000000000000014,0.5999999999999979,0.3000000000000007,1.0
2023_24,0022301086,2024-03-31,SAC,UTA,127,106,233,21,0.4505,0.3553,0.8010999999999999,45.5,27.1,12.5,0.4619,0.3197,0.8884000000000001,44.3,24.4,15.6,-0.011399999999999966,0.03560000000000002,1.2000000000000028,2.700000000000003,3.0999999999999996,1.0
2023_24,0022301085,2024-03-31,SAS,GSW,113,117,230,-4,0.46040000000000003,0.3265,0.7757,45.1,28.9,15.5,0.4869,0.3714,0.7212,46.9,29.6,12.3,-0.026499999999999968,-0.044899999999999995,-1.7999999999999972,-0.7000000000000028,-3.1999999999999993,1.0
2023_24,0022301084,2024-03-31,MIN,CHI,101,109,210,-8,0.47669999999999996,0.3846,0.732,41.6,27.4,11.1,0.48549999999999993,0.3478,0.8038000000000001,43.4,26.6,11.3,-0.008799999999999975,0.0368,-1.7999999999999972,0.7999999999999972,0.20000000000000107,1.0
2023_24,0022301083,2024-03-31,HOU,DAL,107,125,232,-18,0.4835,0.3742,0.8093999999999999,45.3,24.2,12.1,0.506,0.3503,0.7481,44.8,29.2,11.5,-0.02250000000000002,0.023899999999999977,0.5,-5.0,-0.5999999999999996,1.0
2023_24,0022301082,2024-03-31,NYK,OKC,112,113,225,-1,0.46509999999999996,0.3463,0.7691,46.9,25.9,13.5,0.49539999999999995,0.3822,0.8327,43.5,27.6,12.8,-0.030299999999999994,-0.03589999999999999,3.3999999999999986,-1.7000000000000028,-0.6999999999999993,1.0
2023_24,0022301079,2024-03-31,CHA,LAC,118,130,248,-12,0.4596,0.3106,0.7445999999999999,38.9,23.9,14.2,0.4974,0.3759,0.8412,38.5,24.4,13.7,-0.0378,-0.06530000000000002,0.3999999999999986,-0.5,-0.5,1.0
2023_24,0022301080,2024-03-31,TOR,PHI,120,135,255,-15,0.45919999999999994,0.3131,0.7842,36.6,27.4,16.6,0.43949999999999995,0.3577,0.7795,40.7,23.3,11.3,0.019699999999999995,-0.04460000000000003,-4.100000000000001,4.099999999999998,-5.300000000000001,1.0
2023_24,0022301078,2024-03-31,BKN,LAL,104,116,220,-12,0.4563,0.3491,0.7804,43.5,24.5,13.9,0.49800000000000005,0.3993,0.8112,47.4,28.7,13.9,-0.04170000000000007,-0.05019999999999997,-3.8999999999999986,-4.199999999999999,0.0,1.0
2023_24,0022301077,2024-03-31,DEN,CLE,130,101,231,29,0.48950000000000005,0.3664,0.7868999999999999,43.4,29.6,11.8,0.4795,0.3648,0.7545999999999999,39.1,30.1,13.9,0.010000000000000064,0.0015999999999999903,4.299999999999997,-0.5,2.0999999999999996,1.0
2023_24,0022301081,2024-03-31,WAS,MIA,107,119,226,-12,0.4565,0.3392,0.7508,41.9,25.8,15.5,0.4518,0.3267,0.7782,43.1,24.3,9.9,0.0047000000000000375,0.012500000000000011,-1.2000000000000028,1.5,-5.6,1.0
2023_24,0022301091,2024-04-01,CHI,ATL,101,113,214,-12,0.49870000000000003,0.38580000000000003,0.8023,43.4,27.7,11.6,0.47850000000000004,0.4042,0.7596,42.2,28.3,12.1,0.020199999999999996,-0.018399999999999972,1.1999999999999957,-0.6000000000000014,0.5,1.0
2023_24,0022301092,2024-04-01,NOP,PHX,111,124,235,-13,0.4763,0.33540000000000003,0.7691,42.6,26.1,11.3,0.5143,0.4084,0.777,45.8,30.0,14.8,-0.03799999999999998,-0.07299999999999995,-3.1999999999999957,-3.8999999999999986,3.5,1.0
2023_24,0022301090,2024-04-01,ORL,POR,104,103,207,1,0.48200000000000004,0.3632,0.7548,40.8,25.9,14.8,0.4572,0.3309,0.7637,41.7,23.3,17.2,0.024800000000000044,0.032299999999999995,-0.9000000000000057,2.599999999999998,2.3999999999999986,1.0
2023_24,0022301088,2024-04-01,DET,MEM,108,110,218,-2,0.4266,0.2929,0.8154,45.2,22.3,15.3,0.4184,0.3424,0.769,44.3,25.5,16.6,0.008199999999999985,-0.04949999999999999,0.9000000000000057,-3.1999999999999993,1.3000000000000007,1.0
2023_24,0022301089,2024-04-01,IND,BKN,133,111,244,22,0.501,0.3605,0.7588999999999999,43.5,30.2,10.8,0.4455,0.331,0.7641,43.3,23.1,13.7,0.055499999999999994,0.02949999999999997,0.20000000000000284,7.099999999999998,2.8999999999999986,1.0
2023_24,0022301087,2024-04-01,CHA,BOS,104,118,222,-14,0.4553,0.3181,0.7349,37.5,24.5,13.4,0.49030000000000007,0.4164,0.8173,42.0,27.6,10.7,-0.03500000000000009,-0.0983,-4.5,-3.1000000000000014,-2.700000000000001,1.0
2023_24,0022301100,2024-04-02,UTA,CLE,113,129,242,-16,0.45519999999999994,0.31179999999999997,0.8760999999999999,43.8,24.3,15.8,0.4782,0.36419999999999997,0.7514000000000001,38.2,29.7,14.1,-0.023000000000000076,-0.0524,5.599999999999994,-5.399999999999999,-1.700000000000001,1.0
2023_24,0022301099,2024-04-02,DEN,SAS,110,105,215,5,0.4923,0.3955,0.795,44.3,29.6,12.6,0.46340000000000003,0.3282,0.7979,44.6,29.3,15.9,0.02889999999999998,0.06730000000000003,-0.30000000000000426,0.3000000000000007,3.3000000000000007,1.0
2023_24,0022301098,2024-04-02,MIN,HOU,113,106,219,7,0.4821,0.3876,0.7169,40.8,27.7,11.1,0.4795,0.367,0.8121,45.4,24.1,12.1,0.002599999999999991,0.020600000000000007,-4.600000000000001,3.599999999999998,1.0,1.0
2023_24,0022301096,2024-04-02,MIA,NYK,109,99,208,10,0.4559,0.33530000000000004,0.7977000000000001,42.2,24.5,10.0,0.4739,0.354,0.7617,46.5,26.4,12.5,-0.01799999999999996,-0.01869999999999994,-4.299999999999997,-1.8999999999999986,2.5,1.0
2023_24,0022301101,2024-04-02,SAC,LAC,109,95,204,14,0.4508,0.36029999999999995,0.7937000000000001,44.8,27.1,13.1,0.5075000000000001,0.3875,0.8454,39.2,25.0,12.9,-0.056700000000000084,-0.027200000000000057,5.599999999999994,2.1000000000000014,-0.1999999999999993,1.0
2023_24,0022301094,2024-04-02,TOR,LAL,111,128,239,-17,0.4641,0.3126,0.775,35.3,27.6,15.8,0.5003,0.3897,0.8201,48.6,28.4,15.4,-0.036199999999999954,-0.0771,-13.300000000000004,-0.7999999999999972,-0.40000000000000036,1.0
2023_24,0022301093,2024-04-02,PHI,OKC,109,105,214,4,0.461,0.38930000000000003,0.792,41.5,24.4,12.1,0.49640000000000006,0.37570000000000003,0.7827,43.2,26.9,13.1,-0.03540000000000004,0.013600000000000001,-1.7000000000000028,-2.5,1.0,1.0
2023_24,0022300589,2024-04-02,GSW,DAL,104,100,204,4,0.48630000000000007,0.368,0.7391,46.5,30.2,12.5,0.5022,0.3646,0.7224,45.9,28.7,11.5,-0.015899999999999914,0.003400000000000014,0.6000000000000014,1.5,-1.0,1.0
2023_24,0022301095,2024-04-02,WAS,MIL,117,113,230,4,0.4569,0.3375,0.752,43.3,25.9,15.8,0.4913,0.3794,0.7722,44.2,28.0,12.8,-0.03440000000000004,-0.04189999999999999,-0.9000000000000057,-2.1000000000000014,-3.0,1.0
2023_24,0022301102,2024-04-03,CHA,POR,86,89,175,-3,0.46180000000000004,0.3207,0.7471,37.5,24.6,12.8,0.4553,0.3331,0.7604,41.2,23.7,16.5,0.006500000000000061,-0.012400000000000022,-3.700000000000003,0.9000000000000021,3.6999999999999993,1.0
2023_24,0022301103,2024-04-03,WAS,LAL,120,125,245,-5,0.4579,0.3296,0.7555,44.5,25.6,15.5,0.4988,0.3919,0.7942,47.7,29.3,14.8,-0.04090000000000005,-0.06230000000000002,-3.200000000000003,-3.6999999999999993,-0.6999999999999993,1.0
2023_24,0022301104,2024-04-03,ATL,DET,121,113,234,8,0.48529999999999995,0.41580000000000006,0.7596,42.9,29.3,12.1,0.43289999999999995,0.2955,0.8153,43.5,21.8,14.5,0.0524,0.12030000000000007,-0.6000000000000014,7.5,2.4000000000000004,1.0
2023_24,0022301105,2024-04-03,BOS,OKC,135,100,235,35,0.49189999999999995,0.4114,0.8090999999999999,42.5,27.9,10.9,0.4955,0.37120000000000003,0.7912,42.5,27.5,13.3,-0.0036000000000000476,0.04019999999999996,0.0,0.3999999999999986,2.4000000000000004,1.0
2023_24,0022301106,2024-04-03,BKN,IND,115,111,226,4,0.4457,0.3426,0.7468,44.4,23.0,13.9,0.4986,0.37029999999999996,0.7571,43.9,30.3,10.9,-0.0529,-0.027699999999999947,0.5,-7.300000000000001,-3.0,1.0
2023_24,0022301107,2024-04-03,MIL,MEM,101,111,212,-10,0.4856,0.35760000000000003,0.7611,45.8,28.3,13.3,0.42140000000000005,0.3424,0.7849,44.8,26.2,16.3,0.06419999999999992,0.015200000000000047,1.0,2.1000000000000014,3.0,1.0
2023_24,0022301108,2024-04-03,MIN,TOR,133,85,218,48,0.493,0.3951,0.7232000000000001,40.9,27.9,11.7,0.4619,0.30720000000000003,0.764,35.1,27.1,16.3,0.031100000000000017,0.08789999999999998,5.799999999999997,0.7999999999999972,4.600000000000001,1.0
2023_24,0022301109,2024-04-03,NOP,ORL,108,117,225,-9,0.47969999999999996,0.3579,0.755,42.0,26.8,11.0,0.49190000000000006,0.3726,0.7567,40.5,26.7,15.1,-0.0122000000000001,-0.01469999999999999,1.5,0.10000000000000142,4.1,1.0
2023_24,0022301110,2024-04-03,PHX,CLE,122,101,223,21,0.5089,0.40919999999999995,0.7886,46.5,30.6,14.8,0.4812,0.3608,0.7722,37.7,29.7,14.4,0.027700000000000002,0.04839999999999994,8.799999999999997,0.9000000000000021,-0.40000000000000036,1.0
2023_24,0022301124,2024-04-04,DAL,ATL,109,95,204,14,0.49119999999999997,0.37039999999999995,0.7060000000000001,45.2,28.1,12.4,0.49510000000000004,0.3987,0.7522,43.6,29.7,12.8,-0.00390000000000007,-0.028300000000000047,1.6000000000000014,-1.5999999999999979,0.40000000000000036,1.0
2023_24,0022301113,2024-04-04,HOU,GSW,110,133,243,-23,0.47780000000000006,0.3649,0.7929999999999999,45.5,24.3,12.3,0.49169999999999997,0.3828,0.7549,47.5,31.2,12.5,-0.013899999999999912,-0.01789999999999997,-2.0,-6.899999999999999,0.1999999999999993,1.0
2023_24,0022301114,2024-04-04,LAC,DEN,102,100,202,2,0.4883,0.3782,0.8554999999999999,39.5,23.6,13.5,0.48740000000000006,0.3946,0.8070999999999999,45.4,30.0,12.4,0.0008999999999999564,-0.016400000000000026,-5.899999999999999,-6.399999999999999,-1.0999999999999996,1.0
2023_24,0022301111,2024-04-04,MIA,PHI,105,109,214,-4,0.462,0.3562,0.8096,41.9,25.1,10.9,0.45780000000000004,0.3874,0.8126,42.7,25.1,12.6,0.0041999999999999815,-0.031200000000000006,-0.8000000000000043,0.0,1.6999999999999993,1.0
2023_24,0022301112,2024-04-04,NYK,SAC,120,109,229,11,0.4694,0.35429999999999995,0.7626999999999999,44.4,25.7,12.6,0.44089999999999996,0.3426,0.7947,46.0,27.0,12.7,0.028500000000000025,0.011699999999999933,-1.6000000000000014,-1.3000000000000007,0.09999999999999964,1.0
2023_24,0022301126,2024-04-05,LAC,UTA,131,102,233,29,0.47800000000000004,0.363,0.8452,40.6,24.0,12.7,0.4523,0.3161,0.8694,42.2,24.5,16.5,0.025700000000000056,0.0469,-1.6000000000000014,-0.5,3.8000000000000007,1.0
2023_24,0022301125,2024-04-05,PHX,MIN,97,87,184,10,0.512,0.4282,0.8127000000000001,45.7,31.1,15.0,0.4929,0.40520000000000006,0.72,41.1,29.0,11.5,0.019100000000000006,0.022999999999999965,4.600000000000001,2.1000000000000014,-3.5,1.0
2023_24,0022301123,2024-04-05,NOP,SAS,109,111,220,-2,0.4788,0.36219999999999997,0.7657,41.5,26.1,11.5,0.4558,0.3271,0.7622,46.3,29.6,15.2,0.02300000000000002,0.035099999999999965,-4.799999999999997,-3.5,3.6999999999999993,1.0
2023_24,0022301122,2024-04-05,MIL,TOR,111,117,228,-6,0.48900000000000005,0.3806,0.7423,45.8,28.6,13.1,0.4545,0.3055,0.7813,36.2,25.8,17.3,0.03450000000000003,0.0751,9.599999999999994,2.8000000000000007,4.200000000000001,1.0
2023_24,0022301120,2024-04-05,HOU,MIA,104,119,223,-15,0.46109999999999995,0.352,0.7922,43.7,24.2,11.6,0.45620000000000005,0.3658,0.8257,42.6,25.2,11.8,0.004899999999999904,-0.013800000000000034,1.1000000000000014,-1.0,0.20000000000000107,1.0
2023_24,0022301121,2024-04-05,MEM,DET,108,90,198,18,0.4272,0.3486,0.7745,44.9,26.0,15.4,0.43570000000000003,0.3025,0.8096,42.4,21.5,13.7,-0.008500000000000008,0.04610000000000003,2.5,4.5,-1.700000000000001,1.0
2023_24,0022301118,2024-04-05,BOS,SAC,101,100,201,1,0.4934,0.4039,0.8311,43.8,28.1,11.0,0.4544,0.3585,0.7722,45.3,27.4,13.1,0.03899999999999998,0.045399999999999996,-1.5,0.7000000000000028,2.0999999999999996,1.0
2023_24,0022301117,2024-04-05,WAS,POR,102,108,210,-6,0.46449999999999997,0.3319,0.7887000000000001,45.2,25.5,15.7,0.4546,0.3267,0.7396,42.2,23.7,16.3,0.009899999999999964,0.005199999999999982,3.0,1.8000000000000007,0.6000000000000014,1.0
2023_24,0022301116,2024-04-05,IND,OKC,126,112,238,14,0.4968,0.3655,0.7567999999999999,43.7,30.0,10.9,0.4864,0.35100000000000003,0.7935000000000001,42.2,26.8,13.4,0.01040000000000002,0.014499999999999957,1.5,3.1999999999999993,2.5,1.0
2023_24,0022301115,2024-04-05,CHA,ORL,124,115,239,9,0.44909999999999994,0.3007,0.7552,37.6,24.2,11.9,0.4913,0.3694,0.7531,41.0,26.5,15.1,-0.04220000000000007,-0.06869999999999998,-3.3999999999999986,-2.3000000000000007,3.1999999999999993,1.0
2023_24,0022301097,2024-04-05,DAL,GSW,108,106,214,2,0.4779,0.38489999999999996,0.7153,46.3,27.1,12.1,0.4979,0.3902,0.7628999999999999,47.3,30.3,13.9,-0.020000000000000018,-0.005300000000000027,-1.0,-3.1999999999999993,1.8000000000000007,1.0
2023_24,0022301119,2024-04-05,CHI,NYK,108,100,208,8,0.4859,0.3751,0.8042999999999999,43.7,27.2,11.2,0.4807,0.37649999999999995,0.7432000000000001,43.3,27.5,12.4,0.005199999999999982,-0.0013999999999999568,0.4000000000000057,-0.3000000000000007,1.200000000000001,1.0
2023_24,0022301130,2024-04-06,DEN,ATL,142,110,252,32,0.47569999999999996,0.386,0.8000999999999999,46.5,29.0,12.5,0.48630000000000007,0.3829,0.7272000000000001,44.7,28.6,13.3,-0.01060000000000011,0.0030999999999999917,1.7999999999999972,0.3999999999999986,0.8000000000000007,1.0
2023_24,0022301127,2024-04-06,LAL,CLE,116,97,213,19,0.5006,0.3767,0.8031,48.8,28.9,15.1,0.48310000000000003,0.35609999999999997,0.7714,36.9,30.3,14.3,0.017500000000000016,0.020600000000000007,11.899999999999999,-1.4000000000000021,-0.7999999999999989,1.0
2023_24,0022301128,2024-04-06,BKN,DET,113,103,216,10,0.4511,0.34009999999999996,0.7398,44.9,23.4,13.1,0.4304,0.2903,0.806,41.8,21.3,14.3,0.020699999999999996,0.049799999999999955,3.1000000000000014,2.099999999999998,1.200000000000001,1.0
2023_24,0022301129,2024-04-06,MEM,PHI,96,116,212,-20,0.43150000000000005,0.3409,0.7711,45.2,26.0,15.1,0.4601,0.3907,0.7984,42.7,25.4,12.1,-0.02859999999999996,-0.04980000000000001,2.5,0.6000000000000014,-3.0,1.0
2023_24,0022301140,2024-04-07,SAS,PHI,126,133,259,-7,0.4607,0.3262,0.7613,45.3,30.7,15.2,0.46849999999999997,0.3956,0.7849999999999999,42.2,25.8,12.8,-0.007799999999999974,-0.06940000000000002,3.0999999999999943,4.899999999999999,-2.3999999999999986,1.0
2023_24,0022301141,2024-04-07,BKN,SAC,77,107,184,-30,0.45709999999999995,0.355,0.7502,44.9,22.5,13.7,0.4481,0.3604,0.7447,44.8,26.5,11.9,0.008999999999999952,-0.005400000000000016,0.10000000000000142,-4.0,-1.799999999999999,1.0
2023_24,0022301143,2024-04-07,LAL,MIN,117,127,244,-10,0.5058,0.3846,0.7823,48.9,28.7,16.1,0.48440000000000005,0.3934,0.7186,41.1,28.2,12.5,0.021399999999999975,-0.00880000000000003,7.799999999999997,0.5,-3.6000000000000014,1.0
2023_24,0022301139,2024-04-07,MIL,NYK,109,122,231,-13,0.4784,0.36479999999999996,0.74,46.6,27.8,12.9,0.48109999999999997,0.3828,0.7369,41.9,27.8,12.6,-0.00269999999999998,-0.018000000000000016,4.700000000000003,0.0,-0.3000000000000007,1.0
2023_24,0022301142,2024-04-07,GSW,UTA,118,110,228,8,0.49429999999999996,0.3856,0.7518,47.8,30.1,14.1,0.445,0.323,0.8629999999999999,41.4,24.2,16.4,0.049299999999999955,0.06259999999999999,6.399999999999999,5.900000000000002,2.299999999999999,1.0
2023_24,0022301137,2024-04-07,TOR,WAS,130,122,252,8,0.4532,0.3032,0.8024000000000001,36.9,25.8,17.4,0.46159999999999995,0.3177,0.773,45.7,25.5,15.1,-0.008399999999999963,-0.014499999999999957,-8.800000000000004,0.3000000000000007,-2.299999999999999,1.0
2023_24,0022301138,2024-04-07,PHX,NOP,105,113,218,-8,0.5094000000000001,0.43390000000000006,0.8086,44.9,30.9,15.8,0.47640000000000005,0.3538,0.7757,41.7,25.3,12.2,0.03300000000000003,0.08010000000000006,3.1999999999999957,5.599999999999998,-3.6000000000000014,1.0
2023_24,0022301136,2024-04-07,ORL,CHI,113,98,211,15,0.48600000000000004,0.3479,0.7513,40.8,26.4,14.6,0.48549999999999993,0.3598,0.8042999999999999,45.8,27.1,11.6,0.0005000000000001115,-0.011900000000000022,-5.0,-0.7000000000000028,-3.0,1.0
2023_24,0022301135,2024-04-07,CHA,OKC,118,121,239,-3,0.4716,0.3345,0.7811,36.4,25.1,13.4,0.4835,0.34340000000000004,0.8006,41.6,26.7,13.7,-0.011899999999999966,-0.008900000000000019,-5.200000000000003,-1.5999999999999979,0.29999999999999893,1.0
2023_24,0022301134,2024-04-07,BOS,POR,124,107,231,17,0.4867,0.3832,0.82,44.6,27.6,10.3,0.44820000000000004,0.32130000000000003,0.7187,44.1,24.3,15.6,0.03849999999999998,0.061899999999999955,0.5,3.3000000000000007,5.299999999999999,1.0
2023_24,0022301133,2024-04-07,IND,MIA,117,115,232,2,0.5015,0.38839999999999997,0.7535000000000001,42.6,30.9,11.0,0.4607,0.36760000000000004,0.8364,42.7,25.5,11.7,0.04079999999999995,0.02079999999999993,-0.10000000000000142,5.399999999999999,0.6999999999999993,1.0
2023_24,0022301132,2024-04-07,LAC,CLE,120,118,238,2,0.4962,0.3695,0.8443999999999999,41.7,25.5,12.6,0.4789,0.35,0.7666999999999999,37.0,30.0,14.8,0.017299999999999982,0.019500000000000017,4.700000000000003,-4.5,2.200000000000001,1.0
2023_24,0022301131,2024-04-07,DAL,HOU,147,136,283,11,0.47430000000000005,0.37879999999999997,0.7107,46.4,27.6,12.0,0.4509,0.34809999999999997,0.8135,43.4,23.9,11.5,0.023400000000000032,0.030700000000000005,3.0,3.700000000000003,-0.5,1.0
2023_24,0022301157,2024-04-09,POR,NOP,100,110,210,-10,0.44190000000000007,0.3295,0.7426999999999999,45.1,24.8,15.8,0.4729,0.3654,0.7883,41.1,25.0,12.2,-0.030999999999999917,-0.03589999999999999,4.0,-0.1999999999999993,-3.6000000000000014,1.0
2023_24,0022301156,2024-04-09,PHX,LAC,92,105,197,-13,0.49560000000000004,0.4274,0.8148,44.8,30.3,16.0,0.49269999999999997,0.36760000000000004,0.8577,42.3,25.2,13.0,0.002900000000000069,0.059799999999999964,2.5,5.100000000000001,-3.0,1.0
2023_24,0022301155,2024-04-09,LAL,GSW,120,134,254,-14,0.4944,0.37839999999999996,0.7847999999999999,48.2,27.5,16.7,0.4896,0.3769,0.8185,47.7,29.0,15.0,0.0048000000000000265,0.0014999999999999458,0.5,-1.5,-1.6999999999999993,1.0
2023_24,0022301154,2024-04-09,UTA,DEN,95,111,206,-16,0.44559999999999994,0.3221,0.8583000000000001,39.6,23.8,15.8,0.49190000000000006,0.3992,0.795,47.5,30.2,13.4,-0.04630000000000012,-0.0771,-7.899999999999999,-6.399999999999999,-2.4000000000000004,1.0
2023_24,0022301153,2024-04-09,OKC,SAC,112,105,217,7,0.48629999999999995,0.364,0.7978,40.7,27.1,14.4,0.4391,0.3617,0.7363999999999999,44.9,26.4,11.2,0.047199999999999964,0.0022999999999999687,-4.199999999999996,0.7000000000000028,-3.200000000000001,1.0
2023_24,0022301152,2024-04-09,MIN,WAS,130,121,251,9,0.4875,0.3929,0.721,42.2,28.4,13.2,0.4659,0.31920000000000004,0.7713,45.6,26.0,15.5,0.021600000000000008,0.07369999999999999,-3.3999999999999986,2.3999999999999986,2.3000000000000007,1.0
2023_24,0022301151,2024-04-09,MEM,SAS,87,102,189,-15,0.4272,0.3346,0.7656,46.0,24.7,15.6,0.4591,0.3383,0.7546,46.2,30.8,15.9,-0.031899999999999984,-0.003699999999999981,-0.20000000000000284,-6.100000000000001,0.3000000000000007,1.0
2023_24,0022301149,2024-04-09,CHI,NYK,117,128,245,-11,0.47859999999999997,0.3565,0.8046,44.4,25.8,12.2,0.4816,0.3933,0.7337,41.6,27.4,12.0,-0.0030000000000000027,-0.0368,2.799999999999997,-1.5999999999999979,-0.1999999999999993,1.0
2023_24,0022301148,2024-04-09,MIL,BOS,104,91,195,13,0.4708,0.3416,0.7243999999999999,46.9,27.0,13.2,0.49770000000000003,0.38039999999999996,0.8122999999999999,43.3,28.0,10.5,-0.026900000000000035,-0.038799999999999946,3.6000000000000014,-1.0,-2.6999999999999993,1.0
2023_24,0022301147,2024-04-09,ATL,MIA,111,117,228,-6,0.4859,0.39330000000000004,0.73,44.3,28.4,14.0,0.4678,0.3608,0.8627,41.7,25.3,10.9,0.018100000000000005,0.03250000000000003,2.5999999999999943,3.099999999999998,-3.0999999999999996,1.0
2023_24,0022301146,2024-04-09,TOR,IND,123,140,263,-17,0.46020000000000005,0.3129,0.7841,38.1,26.8,17.0,0.5065000000000001,0.3928,0.7862,41.8,30.8,10.6,-0.04630000000000001,-0.07989999999999997,-3.6999999999999957,-4.0,-6.4,1.0
2023_24,0022301145,2024-04-09,PHI,DET,120,102,222,18,0.4709,0.39130000000000004,0.8356,42.8,25.6,12.9,0.4332,0.3029,0.7693,40.3,21.7,14.0,0.03770000000000001,0.08840000000000003,2.5,3.900000000000002,1.0999999999999996,1.0
2023_24,0022301144,2024-04-09,CHA,DAL,104,130,234,-26,0.4807,0.3447,0.7819,36.0,25.9,13.6,0.4864,0.3916,0.7329,45.1,27.5,12.5,-0.005699999999999983,-0.0469,-9.100000000000001,-1.6000000000000014,-1.0999999999999996,1.0
2023_24,0022301150,2024-04-09,HOU,ORL,118,106,224,12,0.44880000000000003,0.3563,0.8073,41.9,24.5,11.9,0.4821,0.3497,0.776,40.9,26.6,14.1,-0.03329999999999994,0.006599999999999995,1.0,-2.1000000000000014,2.1999999999999993,1.0
2023_24,0022301163,2024-04-10,OKC,SAS,127,89,216,38,0.48460000000000003,0.3632,0.7931,40.3,26.5,14.2,0.4636,0.3274,0.7832,46.5,30.7,16.0,0.02100000000000002,0.0358,-6.200000000000003,-4.199999999999999,1.8000000000000007,1.0
2023_24,0022301165,2024-04-10,LAC,PHX,108,124,232,-16,0.4827,0.3714,0.8724999999999999,44.6,25.4,13.4,0.4793,0.4016,0.8255000000000001,43.1,28.6,14.5,0.003400000000000014,-0.030200000000000005,1.5,-3.200000000000003,1.0999999999999996,1.0
2023_24,0022301164,2024-04-10,DEN,MIN,116,107,223,9,0.4889,0.3851,0.7632,46.9,30.6,12.7,0.48760000000000003,0.4025,0.7327,42.9,28.9,13.3,0.0012999999999999678,-0.017400000000000027,4.0,1.7000000000000028,0.6000000000000014,1.0
2023_24,0022301162,2024-04-10,MIL,ORL,117,99,216,18,0.47030000000000005,0.34019999999999995,0.6887000000000001,47.7,27.9,13.5,0.47309999999999997,0.3436,0.775,41.0,25.7,13.8,-0.0027999999999999137,-0.0034000000000000696,6.700000000000003,2.1999999999999993,0.3000000000000007,1.0
2023_24,0022301161,2024-04-10,MIA,DAL,92,111,203,-19,0.4697,0.3647,0.8394,42.6,26.3,11.9,0.4918,0.3923,0.7097,46.6,27.9,13.1,-0.02210000000000001,-0.027599999999999958,-4.0,-1.5999999999999979,1.1999999999999993,1.0
2023_24,0022301160,2024-04-10,BKN,TOR,106,102,208,4,0.4551,0.3483,0.7498,45.3,22.3,14.0,0.4689,0.3044,0.7846,39.0,26.8,16.3,-0.013799999999999979,0.043899999999999995,6.299999999999997,-4.5,2.3000000000000007,1.0
2023_24,0022301159,2024-04-10,ATL,CHA,114,115,229,-1,0.4817,0.3807,0.7293000000000001,46.6,28.5,14.5,0.47640000000000005,0.34500000000000003,0.7803,36.9,26.4,13.1,0.005299999999999971,0.035699999999999954,9.700000000000003,2.1000000000000014,-1.4000000000000004,1.0
2023_24,0022301158,2024-04-10,CLE,MEM,110,98,208,12,0.47990000000000005,0.351,0.7655000000000001,36.9,29.7,14.7,0.42400000000000004,0.3204,0.7674,46.0,24.6,15.0,0.055900000000000005,0.03059999999999996,-9.100000000000001,5.099999999999998,0.3000000000000007,1.0
2023_24,0022301166,2024-04-11,DET,CHI,105,127,232,-22,0.43260000000000004,0.32789999999999997,0.7726,40.1,21.4,14.1,0.48789999999999994,0.3589,0.792,44.3,25.2,12.2,-0.055299999999999905,-0.031000000000000028,-4.199999999999996,-3.8000000000000007,-1.9000000000000004,1.0
2023_24,0022301167,2024-04-11,BOS,NYK,109,118,227,-9,0.4904,0.3681,,43.4,28.2,10.8,0.4889,0.40499999999999997,0.7522,41.6,27.7,12.1,0.0015000000000000013,-0.03689999999999999,1.7999999999999972,0.5,1.299999999999999,1.0
2023_24,0022301168,2024-04-11,UTA,HOU,124,121,245,3,0.4408,0.3266,0.8638999999999999,39.3,23.7,15.7,0.4506,0.3614,0.7995,40.7,24.7,11.5,-0.009799999999999975,-0.0348,-1.4000000000000057,-1.0,-4.199999999999999,1.0
2023_24,0022301169,2024-04-11,POR,GSW,92,100,192,-8,0.44089999999999996,0.3196,0.7635,46.0,25.5,16.3,0.5078,0.41109999999999997,0.8164,45.5,30.3,15.1,-0.06690000000000007,-0.09149999999999997,0.5,-4.800000000000001,-1.200000000000001,1.0
2023_24,0022301170,2024-04-11,SAC,NOP,123,135,258,-12,0.4305,0.368,0.72,46.8,26.6,11.4,0.4605,0.366,0.8051999999999999,42.3,25.1,11.2,-0.030000000000000027,0.0020000000000000018,4.5,1.5,-0.20000000000000107,1.0
2023_24,0022301183,2024-04-12,POR,HOU,107,116,223,-9,0.4286,0.30670000000000003,0.7859,46.8,24.8,16.6,0.437,0.351,0.8047000000000001,40.2,23.8,11.6,-0.008400000000000019,-0.04429999999999995,6.599999999999994,1.0,-5.000000000000002,1.0
2023_24,0022301182,2024-04-12,GSW,NOP,109,114,223,-5,0.5099,0.40650000000000003,0.8195,46.0,30.4,15.4,0.46630000000000005,0.371,0.8135,40.7,26.1,11.2,0.04359999999999997,0.03550000000000003,5.299999999999997,4.299999999999997,-4.200000000000001,1.0
2023_24,0022301181,2024-04-12,DAL,DET,89,107,196,-18,0.49119999999999997,0.3951,0.7259,46.2,27.3,12.5,0.4314,0.33890000000000003,0.7686,39.7,21.6,14.2,0.059799999999999964,0.05619999999999997,6.5,5.699999999999999,1.6999999999999993,1.0
2023_24,0022301180,2024-04-12,SAS,DEN,121,120,241,1,0.458,0.3315,0.7936,45.6,30.7,15.9,0.4907,0.3991,0.7346999999999999,47.1,30.6,13.1,-0.03270000000000001,-0.0676,-1.5,0.09999999999999787,-2.8000000000000007,1.0
2023_24,0022301179,2024-04-12,OKC,MIL,125,107,232,18,0.49400000000000005,0.382,0.7968,42.8,27.8,14.2,0.4742,0.3387,0.682,48.0,27.9,14.0,0.01980000000000004,0.043300000000000005,-5.200000000000003,-0.09999999999999787,-0.1999999999999993,1.0
2023_24,0022301178,2024-04-12,MIN,ATL,109,106,215,3,0.4894,0.39390000000000003,0.7398,41.8,28.5,13.1,0.47850000000000004,0.3781,0.7061,46.1,28.0,15.4,0.010899999999999965,0.015800000000000036,-4.300000000000004,0.5,2.3000000000000007,1.0
2023_24,0022301174,2024-04-12,CLE,IND,129,120,249,9,0.483,0.3674,0.7537,37.5,30.2,15.1,0.5042,0.39049999999999996,0.7947,42.2,30.3,10.7,-0.021199999999999997,-0.023099999999999954,-4.700000000000003,-0.10000000000000142,-4.4,1.0
2023_24,0022301176,2024-04-12,MIA,TOR,125,103,228,22,0.4744,0.38029999999999997,0.8526999999999999,43.8,26.3,13.1,0.4535,0.3077,0.8029,39.9,25.3,14.6,0.020899999999999974,0.0726,3.8999999999999986,1.0,1.5,1.0
2023_24,0022301175,2024-04-12,NYK,BKN,111,107,218,4,0.49510000000000004,0.4064,0.7622,42.1,27.6,12.6,0.4547,0.3494,0.7477,46.0,21.9,14.1,0.04040000000000005,0.056999999999999995,-3.8999999999999986,5.700000000000003,1.5,1.0
2023_24,0022301184,2024-04-12,LAC,UTA,109,110,219,-1,0.4808,0.369,0.8581,45.3,25.0,13.3,0.44559999999999994,0.3492,0.8558999999999999,40.4,23.5,15.5,0.035200000000000065,0.019799999999999984,4.899999999999999,1.5,2.1999999999999993,1.0
2023_24,0022301173,2024-04-12,BOS,CHA,131,98,229,33,0.48410000000000003,0.3706,,43.5,27.6,11.3,0.48529999999999995,0.3557,0.8044,36.3,26.4,13.0,-0.0011999999999999234,0.014899999999999969,7.200000000000003,1.2000000000000028,1.6999999999999993,1.0
2023_24,0022301172,2024-04-12,WAS,CHI,127,129,256,-2,0.4647,0.3257,0.7739,45.2,26.6,14.8,0.4958,0.3591,0.7813,44.2,25.7,12.0,-0.031100000000000017,-0.033399999999999985,1.0,0.9000000000000021,-2.8000000000000007,1.0
2023_24,0022301171,2024-04-12,PHI,ORL,125,113,238,12,0.4814,0.4048,0.8349,43.7,26.5,12.9,0.4646,0.3414,0.7762,40.4,24.3,13.8,0.01679999999999998,0.06340000000000001,3.3000000000000043,2.1999999999999993,0.9000000000000004,1.0
2023_24,0022301177,2024-04-12,MEM,LAL,120,123,243,-3,0.41950000000000004,0.3275,0.7843,45.9,23.8,15.4,0.49640000000000006,0.374,0.7923,46.8,28.4,15.4,-0.07690000000000002,-0.046499999999999986,-0.8999999999999986,-4.599999999999998,0.0,1.0
2023_24,0022301185,2024-04-12,SAC,PHX,107,108,215,-1,0.44160000000000005,0.3726,0.7093,45.8,26.6,12.1,0.4723,0.3839,0.8299,44.1,28.7,14.1,-0.03069999999999995,-0.011300000000000032,1.6999999999999957,-2.099999999999998,2.0,1.0
2023_24,0022301196,2024-04-14,OKC,DAL,135,86,221,49,0.49329999999999996,0.3721,0.8010999999999999,42.1,27.9,14.0,0.4868,0.3941,0.7176,46.4,26.2,13.9,0.00649999999999995,-0.02200000000000002,-4.299999999999997,1.6999999999999993,-0.09999999999999964,1.0
2023_24,0022301197,2024-04-14,SAS,DET,123,95,218,28,0.4638,0.3497,0.7822,47.1,31.1,16.2,0.43929999999999997,0.3379,0.7651,39.1,21.9,13.2,0.024500000000000022,0.011800000000000033,8.0,9.200000000000003,-3.0,1.0
2023_24,0022301195,2024-04-14,NOP,LAL,108,124,232,-16,0.4624,0.3912,0.8083,40.4,25.8,11.1,0.49210000000000004,0.36110000000000003,0.7804,46.6,28.1,16.3,-0.02970000000000006,0.03009999999999996,-6.200000000000003,-2.3000000000000007,5.200000000000001,1.0
2023_24,0022301199,2024-04-14,LAC,HOU,105,116,221,-11,0.4715,0.3646,0.8446999999999999,46.1,24.7,13.6,0.445,0.3484,0.7937000000000001,40.5,24.4,11.6,0.026499999999999968,0.016199999999999992,5.600000000000001,0.3000000000000007,-2.0,1.0
2023_24,0022301200,2024-04-14,SAC,POR,121,82,203,39,0.44139999999999996,0.3831,0.7236,45.3,26.7,12.0,0.4213,0.3053,0.7701,47.1,24.1,15.7,0.02009999999999995,0.07779999999999998,-1.8000000000000043,2.599999999999998,3.6999999999999993,1.0
2023_24,0022301198,2024-04-14,GSW,UTA,123,116,239,7,0.5011,0.41050000000000003,0.8356999999999999,47.0,30.0,15.8,0.4473,0.3366,0.8591,41.0,23.7,16.3,0.053800000000000014,0.07390000000000002,6.0,6.300000000000001,0.5,1.0
2023_24,0022301194,2024-04-14,MIN,PHX,106,125,231,-19,0.4899,0.3684,0.7469,41.8,28.4,12.9,0.46530000000000005,0.3756,0.844,44.3,27.4,15.0,0.024599999999999955,-0.007199999999999984,-2.5,1.0,2.0999999999999996,1.0
2023_24,0022301189,2024-04-14,MIA,TOR,118,103,221,15,0.4749,0.3823,0.844,43.1,27.1,12.6,0.45899999999999996,0.31579999999999997,0.8085000000000001,39.8,24.9,15.1,0.015900000000000025,0.0665,3.3000000000000043,2.200000000000003,2.5,1.0
2023_24,0022301192,2024-04-14,PHI,BKN,107,86,193,21,0.4758,0.4048,0.8392,44.4,25.5,13.4,0.45999999999999996,0.3485,0.7347,46.4,21.5,14.0,0.015800000000000036,0.05630000000000002,-2.0,4.0,0.5999999999999996,1.0
2023_24,0022301191,2024-04-14,ORL,MIL,113,88,201,25,0.4622,0.3424,0.78,40.0,24.1,13.6,0.47030000000000005,0.34299999999999997,0.7100000000000001,46.5,27.3,14.2,-0.008100000000000052,-0.0005999999999999894,-6.5,-3.1999999999999993,0.5999999999999996,1.0
2023_24,0022301190,2024-04-14,NYK,CHI,120,119,239,1,0.49030000000000007,0.41180000000000005,0.7779999999999999,40.0,26.7,11.7,0.4875,0.36160000000000003,0.7583,46.9,24.9,12.6,0.00280000000000008,0.05020000000000002,-6.899999999999999,1.8000000000000007,0.9000000000000004,1.0
2023_24,0022301193,2024-04-14,MEM,DEN,111,126,237,-15,0.42460000000000003,0.3358,0.7976,45.0,23.9,15.1,0.49610000000000004,0.40190000000000003,0.752,45.5,31.2,12.6,-0.07150000000000001,-0.06610000000000005,-0.5,-7.300000000000001,-2.5,1.0
2023_24,0022301188,2024-04-14,IND,ATL,157,115,272,42,0.5074,0.3769,0.8061,41.1,30.8,11.0,0.47000000000000003,0.3581,0.7153,45.7,27.3,15.6,0.03739999999999993,0.01880000000000004,-4.600000000000001,3.5,4.6,1.0
2023_24,0022301187,2024-04-14,CLE,CHA,110,120,230,-10,0.4939,0.377,0.7483,38.6,30.6,14.5,0.4849,0.3665,0.8074999999999999,36.3,26.2,13.8,0.009000000000000008,0.01050000000000001,2.3000000000000043,4.400000000000002,-0.6999999999999993,1.0
2023_24,0022301186,2024-04-14,BOS,WAS,132,122,254,10,0.4848,0.3609,,44.7,28.2,10.7,0.4692,0.3362,0.771,43.6,27.0,14.2,0.015600000000000003,0.0247,1.1000000000000014,1.1999999999999993,3.5,1.0
2024_25,0022400061,2024-10-22,BOS,NYK,132,109,241,23,0.49260000000000004,0.382,,45.7,29.0,11.5,0.48230000000000006,0.3993,0.7729,41.1,25.7,12.7,0.010299999999999976,-0.017299999999999982,4.600000000000001,3.3000000000000007,1.1999999999999993,1.0
2024_25,0022400062,2024-10-22,LAL,MIN,110,103,213,7,0.5084000000000001,0.3672,0.7809999999999999,43.6,28.3,16.1,0.4901,0.3724,0.7586999999999999,41.4,27.8,14.1,0.018300000000000094,-0.005199999999999982,2.200000000000003,0.5,-2.0000000000000018,1.0
2024_25,0022400072,2024-10-23,POR,GSW,104,140,244,-36,0.41150000000000003,0.29969999999999997,0.7599,48.1,24.5,15.8,0.5046,0.41370000000000007,0.8337,46.0,30.9,15.4,-0.09310000000000002,-0.1140000000000001,2.1000000000000014,-6.399999999999999,-0.40000000000000036,1.0
2024_25,0022400071,2024-10-23,LAC,PHX,113,116,229,-3,0.4665,0.3473,0.8629,46.9,24.2,14.0,0.4694,0.3951,0.8702,42.8,27.4,14.8,-0.002899999999999958,-0.04780000000000001,4.100000000000001,-3.1999999999999993,0.8000000000000007,1.0
2024_25,0022400070,2024-10-23,UTA,MEM,124,126,250,-2,0.4565,0.3445,0.8398,41.2,23.1,17.0,0.43019999999999997,0.335,0.8031,45.3,23.6,14.7,0.026300000000000046,0.009499999999999953,-4.099999999999994,-0.5,-2.3000000000000007,1.0
2024_25,0022400069,2024-10-23,NOP,CHI,123,111,234,12,0.4648,0.3949,0.7999,40.6,25.8,12.0,0.4946,0.3588,0.7575000000000001,46.7,24.7,12.6,-0.029799999999999993,0.036099999999999965,-6.100000000000001,1.1000000000000014,0.5999999999999996,1.0
2024_25,0022400068,2024-10-23,HOU,CHA,105,110,215,-5,0.44539999999999996,0.3424,0.7555,41.4,25.0,11.8,0.47750000000000004,0.3746,0.8119999999999999,37.2,26.8,13.2,-0.03210000000000007,-0.032200000000000006,4.199999999999996,-1.8000000000000007,1.3999999999999986,1.0
2024_25,0022400067,2024-10-23,TOR,CLE,106,136,242,-30,0.4577,0.3238,0.8192,40.9,24.9,16.0,0.48769999999999997,0.384,0.755,38.2,29.5,14.5,-0.02999999999999997,-0.06020000000000003,2.6999999999999957,-4.600000000000001,-1.5,1.0
2024_25,0022400066,2024-10-23,PHI,MIL,109,124,233,-15,0.477,0.4042,0.8275,45.4,26.7,13.3,0.46909999999999996,0.3395,0.7366,43.8,25.2,14.5,0.007900000000000018,0.06469999999999998,1.6000000000000014,1.5,1.1999999999999993,1.0
2024_25,0022400065,2024-10-23,MIA,ORL,97,116,213,-19,0.48760000000000003,0.3831,0.8566,43.8,27.6,13.6,0.4692,0.34249999999999997,0.8222999999999999,40.4,24.3,13.9,0.018400000000000027,0.040600000000000025,3.3999999999999986,3.3000000000000007,0.3000000000000007,1.0
2024_25,0022400064,2024-10-23,ATL,BKN,120,116,236,4,0.462,0.3524,0.7279,44.8,27.5,15.6,0.45289999999999997,0.3519,0.7390000000000001,45.6,21.4,13.3,0.009100000000000052,0.0005000000000000004,-0.8000000000000043,6.100000000000001,-2.299999999999999,1.0
2024_25,0022400063,2024-10-23,DET,IND,109,115,224,-6,0.43979999999999997,0.3327,0.7445999999999999,39.4,21.4,13.4,0.5173,0.37970000000000004,0.8298,41.9,31.0,11.5,-0.07750000000000001,-0.04700000000000004,-2.5,-9.600000000000001,-1.9000000000000004,1.0
2024_25,0022400073,2024-10-24,WAS,BOS,102,122,224,-20,0.4766,0.3444,0.7877,42.0,27.1,14.0,0.4952,0.3906,,45.4,29.5,10.7,-0.01859999999999995,-0.04620000000000002,-3.3999999999999986,-2.3999999999999986,-3.3000000000000007,1.0
2024_25,0022400074,2024-10-24,DAL,SAS,120,109,229,11,0.46440000000000003,0.35819999999999996,0.7384999999999999,45.6,24.7,14.5,0.47359999999999997,0.368,0.7694,48.5,32.1,16.9,-0.00919999999999993,-0.009800000000000031,-2.8999999999999986,-7.400000000000002,2.3999999999999986,1.0
2024_25,0022400075,2024-10-24,DEN,OKC,87,102,189,-15,0.49450000000000005,0.3883,0.7422,45.9,30.6,12.8,0.5,0.3765,0.8074,43.0,29.1,13.6,-0.005499999999999949,0.011799999999999977,2.8999999999999986,1.5,0.7999999999999989,1.0
2024_25,0022400076,2024-10-24,SAC,MIN,115,117,232,-2,0.4519,0.3846,0.7262000000000001,46.2,26.9,12.0,0.47990000000000005,0.372,0.7625,42.2,26.7,14.8,-0.028000000000000025,0.0126,4.0,0.1999999999999993,2.8000000000000007,1.0
2024_25,0022400086,2024-10-25,POR,NOP,103,105,208,-2,0.4,0.278,0.7799,49.0,23.1,15.7,0.4716,0.4077,0.8109999999999999,40.0,26.5,12.5,-0.0716,-0.12969999999999998,9.0,-3.3999999999999986,-3.1999999999999993,1.0
2024_25,0022400085,2024-10-25,LAL,PHX,123,116,239,7,0.497,0.3294,0.7849999999999999,43.9,27.4,15.2,0.4711,0.3861,0.8528,41.9,27.0,15.3,0.02589999999999998,-0.05669999999999997,2.0,0.3999999999999986,0.10000000000000142,1.0
2024_25,0022400084,2024-10-25,UTA,GSW,86,127,213,-41,0.4566,0.3459,0.8244999999999999,42.5,22.7,16.5,0.5023,0.421,0.8248,46.7,31.2,15.9,-0.04569999999999996,-0.0751,-4.200000000000003,-8.5,-0.5999999999999996,1.0
2024_25,0022400083,2024-10-25,MIL,CHI,122,133,255,-11,0.4766,0.3468,0.755,43.8,25.8,14.5,0.4934,0.3438,0.7422,46.0,24.5,13.9,-0.01679999999999998,0.0030000000000000027,-2.200000000000003,1.3000000000000007,-0.5999999999999996,1.0
2024_25,0022400082,2024-10-25,HOU,MEM,128,108,236,20,0.4438,0.3416,0.7712,41.2,25.0,11.6,0.43010000000000004,0.33330000000000004,0.7960999999999999,45.5,23.4,14.6,0.013699999999999934,0.008299999999999974,-4.299999999999997,1.6000000000000014,3.0,1.0
2024_25,0022400080,2024-10-25,CLE,DET,113,101,214,12,0.4969,0.3875,0.7748,38.6,29.1,14.3,0.4447,0.3319,0.7503,39.1,22.1,13.6,0.052200000000000024,0.05560000000000004,-0.5,7.0,-0.7000000000000011,1.0
2024_25,0022400079,2024-10-25,ATL,CHA,125,120,245,5,0.46180000000000004,0.3504,0.7396,44.0,27.6,16.1,0.4817,0.387,0.8204,38.7,26.5,13.8,-0.019899999999999973,-0.03660000000000002,5.299999999999997,1.1000000000000014,-2.3000000000000007,1.0
2024_25,0022400078,2024-10-25,TOR,PHI,115,107,222,8,0.4532,0.327,0.8028000000000001,41.9,24.3,16.1,0.47119999999999995,0.3906,0.8137000000000001,45.2,26.8,13.1,-0.01799999999999996,-0.06359999999999999,-3.3000000000000043,-2.5,-3.0000000000000018,1.0
2024_25,0022400077,2024-10-25,ORL,BKN,116,101,217,15,0.46769999999999995,0.3447,0.8217000000000001,42.3,25.1,13.6,0.44889999999999997,0.3611,0.7367,45.4,21.1,14.4,0.018799999999999983,-0.01639999999999997,-3.1000000000000014,4.0,0.8000000000000007,1.0
2024_25,0022400081,2024-10-25,NYK,IND,123,98,221,25,0.491,0.3982,0.7646,39.5,25.3,12.7,0.5098,0.348,0.8451000000000001,42.4,31.4,12.2,-0.01880000000000004,0.05020000000000002,-2.8999999999999986,-6.099999999999998,-0.5,1.0
2024_25,0022400094,2024-10-26,SAS,HOU,109,106,215,3,0.46770000000000006,0.3528,0.7819,49.6,31.1,16.7,0.44530000000000003,0.3469,0.7564,43.3,24.8,12.3,0.02240000000000003,0.005900000000000016,6.300000000000004,6.300000000000001,-4.399999999999999,1.0
2024_25,0022400096,2024-10-26,LAL,SAC,131,127,258,4,0.5096,0.3646,0.7761,42.8,28.3,14.9,0.4547,0.3756,0.7394999999999999,45.5,26.6,11.8,0.05490000000000006,-0.01100000000000001,-2.700000000000003,1.6999999999999993,-3.0999999999999996,1.0
2024_25,0022400095,2024-10-26,PHX,DAL,114,102,216,12,0.47750000000000004,0.4003,0.861,41.4,27.9,15.6,0.45830000000000004,0.3585,0.7457,46.4,25.0,14.5,0.019199999999999995,0.041800000000000004,-5.0,2.8999999999999986,-1.0999999999999996,1.0
2024_25,0022400093,2024-10-26,MIN,TOR,112,101,213,11,0.4807,0.3823,0.784,42.7,26.3,15.1,0.4471,0.3164,0.8126,44.3,23.7,17.6,0.03360000000000002,0.06589999999999996,-1.5999999999999943,2.6000000000000014,2.5000000000000018,1.0
2024_25,0022400092,2024-10-26,MEM,ORL,124,111,235,13,0.4359,0.3357,0.7747999999999999,45.3,23.3,14.6,0.471,0.3447,0.8044,41.9,25.1,13.2,-0.035099999999999965,-0.009000000000000008,3.3999999999999986,-1.8000000000000007,-1.4000000000000004,1.0
2024_25,0022400090,2024-10-26,WAS,CLE,116,135,251,-19,0.46929999999999994,0.3226,0.7834,41.6,27.2,14.1,0.4932,0.3825,0.7598,38.8,28.5,14.2,-0.023900000000000088,-0.05990000000000001,2.8000000000000043,-1.3000000000000007,0.09999999999999964,1.0
2024_25,0022400089,2024-10-26,DET,BOS,118,124,242,-6,0.45,0.34750000000000003,0.7409,38.6,22.7,14.5,0.49429999999999996,0.3879,,45.2,28.9,10.8,-0.04429999999999995,-0.04039999999999999,-6.600000000000001,-6.199999999999999,-3.6999999999999993,1.0
2024_25,0022400088,2024-10-26,CHA,MIA,106,114,220,-8,0.4702,0.384,0.8374,40.9,25.5,14.7,0.46790000000000004,0.3617,0.8603,43.5,25.9,13.8,0.0022999999999999687,0.022299999999999986,-2.6000000000000014,-0.3999999999999986,-0.8999999999999986,1.0
2024_25,0022400087,2024-10-26,DEN,LAC,104,109,213,-5,0.487,0.38170000000000004,0.7219,47.8,31.1,13.6,0.46399999999999997,0.3416,0.8496,47.9,25.0,14.5,0.02300000000000002,0.040100000000000025,-0.10000000000000142,6.100000000000001,0.9000000000000004,1.0
2024_25,0022400091,2024-10-26,CHI,OKC,95,114,209,-19,0.4906,0.3585,0.7499,46.2,25.1,13.6,0.48630000000000007,0.34540000000000004,0.7741,44.1,28.1,13.7,0.004299999999999915,0.013099999999999945,2.1000000000000014,-3.0,0.09999999999999964,1.0
2024_25,0022400101,2024-10-27,GSW,LAC,104,112,216,-8,0.5015,0.42000000000000004,0.8234999999999999,48.6,31.3,15.8,0.45549999999999996,0.3297,0.8423999999999999,48.2,25.2,15.2,0.045999999999999985,0.09030000000000005,0.3999999999999986,6.100000000000001,-0.6000000000000014,1.0
2024_25,0022400097,2024-10-27,IND,PHI,114,118,232,-4,0.5192,0.327,0.8318,41.7,31.7,12.5,0.4647,0.3816,0.8068,43.8,25.9,13.8,0.05449999999999999,-0.05459999999999998,-2.0999999999999943,5.800000000000001,1.3000000000000007,1.0
2024_25,0022400098,2024-10-27,BKN,MIL,115,102,217,13,0.4438,0.34209999999999996,0.7541,44.8,20.7,15.6,0.471,0.3507,0.743,44.5,25.5,14.8,-0.027200000000000002,-0.008600000000000052,0.29999999999999716,-4.800000000000001,-0.7999999999999989,1.0
2024_25,0022400099,2024-10-27,POR,NOP,125,103,228,22,0.40090000000000003,0.2964,0.7963,49.5,23.7,15.3,0.47400000000000003,0.4081,0.8176,40.3,26.8,13.0,-0.0731,-0.11170000000000002,9.200000000000003,-3.1000000000000014,-2.3000000000000007,1.0
2024_25,0022400100,2024-10-27,OKC,ATL,128,104,232,24,0.4747,0.32720000000000005,0.8041,45.2,27.3,13.4,0.46420000000000006,0.3472,0.7431,44.0,27.7,16.4,0.010499999999999954,-0.019999999999999962,1.2000000000000028,-0.3999999999999986,2.9999999999999982,1.0
2024_25,0022400110,2024-10-28,DAL,UTA,110,102,212,8,0.4465,0.3391,0.7734,46.3,24.8,14.0,0.4418,0.3415,0.8029,41.9,22.2,16.6,0.004699999999999982,-0.0024000000000000132,4.399999999999999,2.6000000000000014,2.6000000000000014,1.0
2024_25,0022400109,2024-10-28,SAS,HOU,101,106,207,-5,0.46340000000000003,0.3528,0.7827,49.9,30.0,16.9,0.442,0.3494,0.766,43.0,24.6,11.9,0.02140000000000003,0.003400000000000014,6.899999999999999,5.399999999999999,-4.999999999999998,1.0
2024_25,0022400112,2024-10-28,SAC,POR,111,98,209,13,0.45220000000000005,0.3597,0.7535999999999999,44.3,26.4,11.7,0.4027,0.3009,0.7944,50.2,23.4,15.8,0.049500000000000044,0.05880000000000002,-5.900000000000006,3.0,4.100000000000001,1.0
2024_25,0022400111,2024-10-28,PHX,LAL,109,105,214,4,0.47309999999999997,0.39790000000000003,0.8567,41.2,27.6,15.3,0.5073000000000001,0.36829999999999996,0.7863,42.3,29.1,14.8,-0.03420000000000012,0.02960000000000007,-1.0999999999999943,-1.5,-0.5,1.0
2024_25,0022400108,2024-10-28,MEM,CHI,123,126,249,-3,0.44539999999999996,0.3406,0.7714,45.1,24.3,15.1,0.4729,0.3282,0.7559,48.0,24.4,14.6,-0.027500000000000024,0.012400000000000022,-2.8999999999999986,-0.09999999999999787,-0.5,1.0
2024_25,0022400106,2024-10-28,NYK,CLE,104,110,214,-6,0.5021,0.4124,0.7763,39.2,24.8,12.8,0.5003,0.3967,0.7464000000000001,40.8,28.6,14.4,0.0018000000000000238,0.015699999999999992,-1.5999999999999943,-3.8000000000000007,1.5999999999999996,1.0
2024_25,0022400105,2024-10-28,MIA,DET,106,98,204,8,0.465,0.364,0.8455,43.6,27.0,13.8,0.4483,0.3441,0.7454,38.9,23.2,14.6,0.016700000000000048,0.019899999999999973,4.700000000000003,3.8000000000000007,0.7999999999999989,1.0
2024_25,0022400104,2024-10-28,BOS,MIL,119,108,227,11,0.48819999999999997,0.39790000000000003,,43.8,28.0,10.7,0.47190000000000004,0.3581,0.7602,43.1,24.4,15.4,0.016299999999999926,0.03980000000000006,0.6999999999999957,3.6000000000000014,4.700000000000001,1.0
2024_25,0022400103,2024-10-28,ATL,WAS,119,121,240,-2,0.45380000000000004,0.332,0.7523,44.4,27.2,16.9,0.4669,0.3302,0.7928,41.5,27.5,13.7,-0.013099999999999945,0.0018000000000000238,2.8999999999999986,-0.3000000000000007,-3.1999999999999993,1.0
2024_25,0022400102,2024-10-28,ORL,IND,119,115,234,4,0.46610000000000007,0.3457,0.7979999999999999,41.7,24.6,13.5,0.5173,0.33530000000000004,0.8065,40.8,31.8,13.5,-0.05119999999999991,0.010399999999999965,0.9000000000000057,-7.199999999999999,0.0,1.0
2024_25,0022400107,2024-10-28,TOR,DEN,125,127,252,-2,0.4444,0.3196,0.8103999999999999,44.9,24.1,17.9,0.48739999999999994,0.3931,0.7311,46.9,30.2,13.3,-0.04299999999999993,-0.07350000000000001,-2.0,-6.099999999999998,-4.599999999999998,1.0
2024_25,0022400113,2024-10-29,BKN,DEN,139,144,283,-5,0.4443,0.3444,0.7717,45.7,21.1,15.5,0.4789,0.3745,0.7419,47.0,29.5,13.2,-0.03460000000000002,-0.030100000000000016,-1.2999999999999972,-8.399999999999999,-2.3000000000000007,1.0
2024_25,0022400114,2024-10-29,MIN,DAL,114,120,234,-6,0.47450000000000003,0.3778,0.77,42.9,26.3,14.6,0.44800000000000006,0.3298,0.7863,47.1,24.8,13.9,0.026499999999999968,0.04800000000000004,-4.200000000000003,1.5,-0.6999999999999993,1.0
2024_25,0022400115,2024-10-29,UTA,SAC,96,113,209,-17,0.4378,0.3311,0.8070999999999999,43.6,22.4,16.9,0.45549999999999996,0.3711,0.7696,42.7,26.0,12.3,-0.017699999999999938,-0.03999999999999998,0.8999999999999986,-3.6000000000000014,-4.599999999999998,1.0
2024_25,0022400116,2024-10-29,GSW,NOP,124,106,230,18,0.4991,0.40570000000000006,0.7871,48.1,30.3,16.2,0.47000000000000003,0.395,0.8301000000000001,40.5,26.3,13.8,0.02909999999999996,0.010700000000000043,7.600000000000001,4.0,-2.3999999999999986,1.0
2024_25,0022400121,2024-10-30,WAS,ATL,133,120,253,13,0.4665,0.349,0.7984,41.6,27.2,13.9,0.44749999999999995,0.33530000000000004,0.7578,43.5,26.8,16.9,0.019000000000000072,0.013699999999999934,-1.8999999999999986,0.3999999999999986,2.9999999999999982,1.0
2024_25,0022400126,2024-10-30,GSW,NOP,104,89,193,15,0.48769999999999997,0.40280000000000005,0.7837,47.2,30.8,14.9,0.4767,0.3945,0.8152000000000001,41.4,26.5,14.8,0.010999999999999954,0.00830000000000003,5.800000000000004,4.300000000000001,-0.09999999999999964,1.0
2024_25,0022400125,2024-10-30,OKC,SAS,105,93,198,12,0.4816,0.3339,0.7973,45.4,26.9,12.9,0.461,0.3436,0.7748,50.3,29.1,16.7,0.02059999999999995,-0.009700000000000042,-4.899999999999999,-2.200000000000003,3.799999999999999,1.0
2024_25,0022400124,2024-10-30,MEM,BKN,106,119,225,-13,0.4408,0.3428,0.7546,45.7,25.5,15.2,0.44820000000000004,0.3444,0.7816,45.5,22.8,14.9,-0.007400000000000018,-0.0015999999999999903,0.20000000000000284,2.6999999999999993,-0.29999999999999893,1.0
2024_25,0022400123,2024-10-30,CHI,ORL,102,99,201,3,0.47850000000000004,0.3504,0.7373000000000001,47.9,26.3,14.7,0.46180000000000004,0.3368,0.7984,42.4,24.5,13.7,0.016699999999999993,0.013600000000000001,5.5,1.8000000000000007,-1.0,1.0
2024_25,0022400118,2024-10-30,CLE,LAL,134,110,244,24,0.49379999999999996,0.389,0.7422,40.8,26.9,14.3,0.49729999999999996,0.36819999999999997,0.8084999999999999,42.2,27.8,14.5,-0.003500000000000003,0.02080000000000004,-1.4000000000000057,-0.9000000000000021,0.1999999999999993,1.0
2024_25,0022400120,2024-10-30,PHI,DET,95,105,200,-10,0.4486,0.352,0.7997,45.3,24.6,14.2,0.44109999999999994,0.3476,0.7468,40.6,22.2,15.3,0.007500000000000062,0.0043999999999999595,4.699999999999996,2.400000000000002,1.1000000000000014,1.0
2024_25,0022400119,2024-10-30,IND,BOS,135,132,267,3,0.5124000000000001,0.3382,0.7908000000000001,40.5,30.8,13.8,0.4833,0.39370000000000005,,43.0,27.1,11.0,0.02910000000000007,-0.05550000000000005,-2.5,3.6999999999999993,-2.8000000000000007,1.0
2024_25,0022400127,2024-10-30,LAC,POR,105,106,211,-1,0.4614,0.32030000000000003,0.8392,49.2,26.1,15.4,0.4051,0.2922,0.8077,49.3,23.2,16.0,0.05629999999999996,0.028100000000000014,-0.09999999999999432,2.900000000000002,0.5999999999999996,1.0
2024_25,0022400117,2024-10-30,CHA,TOR,138,133,271,5,0.4689,0.3806,0.827,41.5,24.7,16.0,0.4527,0.3249,0.8057000000000001,45.5,25.2,17.3,0.016199999999999992,0.05569999999999997,-4.0,-0.5,1.3000000000000007,1.0
2024_25,0022400122,2024-10-30,MIA,NYK,107,116,223,-9,0.4596,0.3512,0.8253,44.1,27.0,13.2,0.5004000000000001,0.40919999999999995,0.7786,40.5,24.5,13.0,-0.04080000000000006,-0.05799999999999994,3.6000000000000014,2.5,-0.1999999999999993,1.0
2024_25,0022400130,2024-10-31,UTA,SAS,88,106,194,-18,0.42889999999999995,0.3171,0.8095000000000001,44.5,22.2,16.6,0.4622,0.34740000000000004,0.8093999999999999,49.6,28.0,18.1,-0.03330000000000005,-0.03030000000000005,-5.100000000000001,-5.800000000000001,1.5,1.0
2024_25,0022400131,2024-10-31,LAC,PHX,119,125,244,-6,0.4692,0.3352,0.8104000000000001,49.3,26.5,16.1,0.4685,0.374,0.8526,41.5,26.5,14.8,0.0006999999999999784,-0.0388,7.799999999999997,0.0,-1.3000000000000007,1.0
2024_25,0022400128,2024-10-31,MEM,MIL,122,99,221,23,0.441,0.34009999999999996,0.743,44.6,25.8,15.3,0.47700000000000004,0.34299999999999997,0.7858,43.0,23.6,16.0,-0.03600000000000003,-0.0029000000000000137,1.6000000000000014,2.1999999999999993,0.6999999999999993,1.0
2024_25,0022400129,2024-10-31,DAL,HOU,102,108,210,-6,0.45600000000000007,0.3341,0.7759,45.8,25.3,13.5,0.4413,0.3599,0.7668,44.4,24.3,11.9,0.014700000000000046,-0.02579999999999999,1.3999999999999986,1.0,-1.5999999999999996,1.0
2024_25,0022400140,2024-11-01,POR,OKC,114,137,251,-23,0.4061,0.3036,0.8202,48.5,22.2,16.0,0.4845,0.35459999999999997,0.783,46.2,27.6,12.9,-0.07839999999999997,-0.05099999999999999,2.299999999999997,-5.400000000000002,-3.0999999999999996,1.0
2024_25,0022400139,2024-11-01,MIN,DEN,119,116,235,3,0.47409999999999997,0.38,0.7672,42.1,25.9,15.7,0.4867,0.3902,0.7436,46.1,29.8,12.9,-0.012600000000000056,-0.010199999999999987,-4.0,-3.900000000000002,-2.799999999999999,1.0
2024_25,0022400138,2024-11-01,NOP,IND,125,118,243,7,0.4622,0.3941,0.7752,42.2,26.1,14.6,0.5158,0.35140000000000005,0.7923,41.7,31.4,14.8,-0.053600000000000037,0.04269999999999996,0.5,-5.299999999999997,0.20000000000000107,1.0
2024_25,0022400137,2024-11-01,TOR,LAL,125,131,256,-6,0.46420000000000006,0.3181,0.7863,44.9,26.5,17.0,0.4962,0.361,0.8070999999999999,41.0,27.8,14.9,-0.03199999999999992,-0.042899999999999994,3.8999999999999986,-1.3000000000000007,-2.0999999999999996,1.0
2024_25,0022400133,2024-11-01,CLE,ORL,120,109,229,11,0.5045,0.40360000000000007,0.7205,40.7,27.8,14.0,0.45780000000000004,0.337,0.8038000000000001,42.9,24.6,13.9,0.04669999999999991,0.06660000000000005,-2.1999999999999957,3.1999999999999993,-0.09999999999999964,1.0
2024_25,0022400135,2024-11-01,ATL,SAC,115,123,238,-8,0.4549,0.3319,0.7767999999999999,42.0,27.5,16.5,0.45890000000000003,0.354,0.7756000000000001,44.1,26.0,11.9,-0.0040000000000000036,-0.02210000000000001,-2.1000000000000014,1.5,-4.6,1.0
2024_25,0022400134,2024-11-01,DET,NYK,98,128,226,-30,0.4468,0.3626,0.7535999999999999,41.7,22.3,15.2,0.49420000000000003,0.41129999999999994,0.7996,40.8,24.1,12.8,-0.04740000000000005,-0.048699999999999966,0.9000000000000057,-1.8000000000000007,-2.3999999999999986,1.0
2024_25,0022400132,2024-11-01,CHA,BOS,109,124,233,-15,0.48,0.40890000000000004,0.8297000000000001,41.7,25.6,16.5,0.481,0.3997,,43.0,26.9,11.6,-0.0010000000000000009,0.009200000000000041,-1.2999999999999972,-1.2999999999999972,-4.9,1.0
2024_25,0022400136,2024-11-01,BKN,CHI,120,112,232,8,0.45120000000000005,0.3435,0.7992,43.9,23.3,15.5,0.47409999999999997,0.35819999999999996,0.724,47.6,25.9,14.5,-0.02289999999999992,-0.014699999999999935,-3.700000000000003,-2.599999999999998,-1.0,1.0
2024_25,0022400150,2024-11-02,LAC,OKC,92,105,197,-13,0.46159999999999995,0.33240000000000003,0.8025,49.0,26.0,16.0,0.4894,0.36669999999999997,0.7839,46.8,28.3,12.7,-0.027800000000000047,-0.03429999999999994,2.200000000000003,-2.3000000000000007,-3.3000000000000007,1.0
2024_25,0022400149,2024-11-02,PHX,POR,103,97,200,6,0.4763,0.3856,0.8587999999999999,40.5,26.5,14.2,0.41390000000000005,0.3097,0.7879,46.8,22.3,16.4,0.062399999999999956,0.07590000000000002,-6.299999999999997,4.199999999999999,2.1999999999999993,1.0
2024_25,0022400148,2024-11-02,DEN,UTA,129,103,232,26,0.48790000000000006,0.3932,0.7548999999999999,45.6,30.1,13.0,0.42940000000000006,0.309,0.8196999999999999,45.5,22.1,17.7,0.058499999999999996,0.0842,0.10000000000000142,8.0,4.699999999999999,1.0
2024_25,0022400146,2024-11-02,SAS,MIN,113,103,216,10,0.45289999999999997,0.3383,0.8108000000000001,50.4,27.1,17.5,0.4871,0.38839999999999997,0.7719,41.5,27.0,15.5,-0.03420000000000001,-0.05009999999999998,8.899999999999999,0.10000000000000142,-2.0,1.0
2024_25,0022400145,2024-11-02,MIL,CLE,113,114,227,-1,0.4761,0.3358,0.7469,42.3,23.5,15.7,0.5118,0.4117,0.7388,41.6,27.9,13.4,-0.03570000000000001,-0.07590000000000002,0.6999999999999957,-4.399999999999999,-2.299999999999999,1.0
2024_25,0022400143,2024-11-02,TOR,SAC,131,128,259,3,0.46180000000000004,0.31120000000000003,0.7958999999999999,44.4,26.7,16.7,0.4688,0.354,0.8085000000000001,43.8,26.7,12.6,-0.006999999999999951,-0.04279999999999995,0.6000000000000014,0.0,-4.1,1.0
2024_25,0022400142,2024-11-02,PHI,MEM,107,124,231,-17,0.44420000000000004,0.3339,0.7827,44.8,23.6,13.3,0.45199999999999996,0.3341,0.7619,45.8,26.3,15.1,-0.007799999999999918,-0.00020000000000003348,-1.0,-2.6999999999999993,1.799999999999999,1.0
2024_25,0022400141,2024-11-02,CHA,BOS,103,113,216,-10,0.4665,0.39849999999999997,0.7797,42.3,24.7,16.1,0.47240000000000004,0.3886,,43.1,25.6,11.3,-0.005900000000000016,0.009899999999999964,-0.8000000000000043,-0.9000000000000021,-4.800000000000001,1.0
2024_25,0022400144,2024-11-02,HOU,GSW,121,127,248,-6,0.4447,0.3516,0.7529,44.9,23.9,12.0,0.4907,0.4027,0.7862,47.0,31.3,14.8,-0.04600000000000004,-0.05109999999999998,-2.1000000000000014,-7.400000000000002,2.8000000000000007,1.0
2024_25,0022400151,2024-11-03,BKN,DET,92,106,198,-14,0.45120000000000005,0.33340000000000003,0.805,43.7,24.7,14.8,0.45170000000000005,0.35140000000000005,0.775,42.7,22.1,16.4,-0.0005000000000000004,-0.018000000000000016,1.0,2.599999999999998,1.5999999999999979,1.0
2024_25,0022400152,2024-11-03,NOP,ATL,111,126,237,-15,0.4636,0.39180000000000004,0.7646,42.6,26.3,14.0,0.457,0.3375,0.7718,42.2,27.5,16.2,0.006599999999999995,0.054300000000000015,0.3999999999999986,-1.1999999999999993,2.1999999999999993,1.0
2024_25,0022400153,2024-11-03,DAL,ORL,108,85,193,23,0.45430000000000004,0.3321,0.7697,45.4,24.4,12.7,0.4567,0.3379,0.7758,42.8,24.8,14.3,-0.0023999999999999577,-0.005799999999999972,2.6000000000000014,-0.40000000000000213,1.6000000000000014,1.0
2024_25,0022400164,2024-11-04,NOP,POR,100,118,218,-18,0.4655,0.40330000000000005,0.7565000000000001,42.4,26.0,14.9,0.4001,0.3081,0.7822,47.7,21.2,14.8,0.06540000000000001,0.09520000000000006,-5.300000000000004,4.800000000000001,-0.09999999999999964,1.0
2024_25,0022400165,2024-11-04,DAL,IND,127,134,261,-7,0.44960000000000006,0.3249,0.7417,46.0,24.8,12.9,0.5152,0.3506,0.7787,41.7,31.9,14.8,-0.06559999999999994,-0.0257,4.299999999999997,-7.099999999999998,1.9000000000000004,1.0
2024_25,0022400163,2024-11-04,OKC,ORL,102,86,188,16,0.4806,0.3577,0.7969,47.3,27.5,12.2,0.4447,0.3282,0.7634000000000001,42.9,24.4,14.3,0.03590000000000004,0.029500000000000026,4.399999999999999,3.1000000000000014,2.1000000000000014,1.0
2024_25,0022400166,2024-11-04,DEN,TOR,121,119,240,2,0.47620000000000007,0.3871,0.7474999999999999,46.1,29.6,13.1,0.46020000000000005,0.33330000000000004,0.7942,45.0,27.7,17.1,0.016000000000000014,0.05379999999999996,1.1000000000000014,1.9000000000000021,4.000000000000002,1.0
2024_25,0022400167,2024-11-04,PHX,PHI,118,116,234,2,0.46909999999999996,0.3824,0.8385999999999999,43.0,26.4,14.0,0.43789999999999996,0.3402,0.7809,44.0,23.0,13.6,0.031200000000000006,0.042200000000000015,-1.0,3.3999999999999986,-0.40000000000000036,1.0
2024_25,0022400168,2024-11-04,LAC,SAS,113,104,217,9,0.45330000000000004,0.3238,0.7679,49.2,25.7,16.6,0.4598,0.33290000000000003,0.8086,48.9,27.2,16.3,-0.00649999999999995,-0.009100000000000052,0.30000000000000426,-1.5,-0.3000000000000007,1.0
2024_25,0022400162,2024-11-04,MIN,CHA,114,93,207,21,0.48319999999999996,0.3796,0.7562,40.1,26.2,15.2,0.4563,0.39649999999999996,0.7678,42.1,24.2,15.6,0.02689999999999998,-0.01689999999999997,-2.0,2.0,0.40000000000000036,1.0
2024_25,0022400156,2024-11-04,DET,LAL,115,103,218,12,0.4593,0.33530000000000004,0.7725,43.0,22.6,16.9,0.48760000000000003,0.35219999999999996,0.8324,41.3,27.7,13.9,-0.028300000000000047,-0.016899999999999915,1.7000000000000028,-5.099999999999998,-2.9999999999999982,1.0
2024_25,0022400160,2024-11-04,CHI,UTA,126,135,261,-9,0.4666,0.3668,0.7304999999999999,48.3,26.3,14.0,0.42400000000000004,0.29710000000000003,0.8225999999999999,46.5,22.4,19.0,0.04259999999999997,0.06969999999999998,1.7999999999999972,3.900000000000002,5.0,1.0
2024_25,0022400159,2024-11-04,MIA,SAC,110,111,221,-1,0.4638,0.3635,0.8045,42.9,27.3,12.5,0.47220000000000006,0.3477,0.8148,43.3,25.7,13.5,-0.008400000000000074,0.01579999999999998,-0.3999999999999986,1.6000000000000014,1.0,1.0
2024_25,0022400158,2024-11-04,BKN,MEM,106,104,210,2,0.4614,0.3391,0.7894,41.8,25.3,14.5,0.4726,0.3585,0.7563,46.1,27.7,16.0,-0.011200000000000043,-0.019399999999999973,-4.300000000000004,-2.3999999999999986,1.5,1.0
2024_25,0022400157,2024-11-04,ATL,BOS,93,123,216,-30,0.47400000000000003,0.35750000000000004,0.7849,40.4,27.6,16.2,0.4765,0.3867,0.8009000000000001,43.7,25.2,11.6,-0.0024999999999999467,-0.029199999999999948,-3.3000000000000043,2.400000000000002,-4.6,1.0
2024_25,0022400155,2024-11-04,WAS,GSW,112,125,237,-13,0.4688,0.3674,0.808,40.9,27.8,14.4,0.48869999999999997,0.4096,0.7502,47.0,30.7,14.6,-0.019899999999999973,-0.042200000000000015,-6.100000000000001,-2.8999999999999986,0.1999999999999993,1.0
2024_25,0022400154,2024-11-04,CLE,MIL,116,114,230,2,0.5125,0.41450000000000004,0.7269,42.5,28.3,13.0,0.4777,0.3467,0.7224999999999999,43.0,23.2,15.6,0.03479999999999994,0.06780000000000003,-0.5,5.100000000000001,2.5999999999999996,1.0
2024_25,0022400161,2024-11-04,HOU,NYK,109,97,206,12,0.43629999999999997,0.34340000000000004,0.7508,46.6,23.5,12.0,0.5023,0.4242,0.7846,41.5,25.0,12.0,-0.066,-0.08079999999999998,5.100000000000001,-1.5,0.0,1.0
2024_25,0022400179,2024-11-06,LAC,PHI,110,98,208,12,0.4518,0.329,0.7384999999999999,47.3,25.4,15.6,0.43200000000000005,0.3384,0.7915,43.7,23.0,13.2,0.01979999999999993,-0.009399999999999964,3.5999999999999943,2.3999999999999986,-2.4000000000000004,1.0
2024_25,0022400178,2024-11-06,PHX,MIA,115,112,227,3,0.4866,0.39390000000000003,0.8413999999999999,43.5,27.1,14.6,0.4579,0.3691,0.7888,41.7,27.0,12.7,0.028700000000000003,0.024800000000000044,1.7999999999999972,0.10000000000000142,-1.9000000000000004,1.0
2024_25,0022400177,2024-11-06,DEN,OKC,124,122,246,2,0.4767,0.3816,0.7783,46.2,29.5,13.8,0.4777,0.3597,0.7977000000000001,47.3,27.7,12.5,-0.0010000000000000009,0.021899999999999975,-1.0999999999999943,1.8000000000000007,-1.3000000000000007,1.0
2024_25,0022400176,2024-11-06,DAL,CHI,119,99,218,20,0.44749999999999995,0.3326,0.7567,44.3,24.2,12.3,0.4606,0.3689,0.7501,48.0,27.9,14.0,-0.013100000000000056,-0.0363,-3.700000000000003,-3.6999999999999993,1.6999999999999993,1.0
2024_25,0022400175,2024-11-06,NOP,CLE,122,131,253,-9,0.4537,0.3769,0.7607,41.8,24.9,15.2,0.5179,0.4199,0.7083,41.7,28.4,12.4,-0.06420000000000003,-0.04299999999999998,0.09999999999999432,-3.5,-2.799999999999999,1.0
2024_25,0022400171,2024-11-06,ATL,NYK,121,116,237,5,0.46319999999999995,0.3319,0.8037000000000001,40.9,26.4,16.4,0.492,0.4152,0.7885,41.3,24.5,12.3,-0.028800000000000048,-0.08330000000000004,-0.3999999999999986,1.8999999999999986,-4.099999999999998,1.0
2024_25,0022400173,2024-11-06,HOU,SAS,127,100,227,27,0.43289999999999995,0.3247,0.7619,47.9,22.7,11.9,0.45570000000000005,0.3347,0.7981,48.3,26.4,16.0,-0.022800000000000098,-0.010000000000000009,-0.3999999999999986,-3.6999999999999993,4.1,1.0
2024_25,0022400172,2024-11-06,BOS,GSW,112,118,230,-6,0.47850000000000004,0.38130000000000003,0.7888,45.1,25.4,11.7,0.4753,0.3786,0.757,48.4,29.9,13.8,0.003200000000000036,0.0027000000000000357,-3.299999999999997,-4.5,2.1000000000000014,1.0
2024_25,0022400180,2024-11-06,SAC,TOR,122,107,229,15,0.48900000000000005,0.3502,0.8284,41.6,25.7,13.2,0.4686,0.3266,0.772,44.6,29.6,17.5,0.02040000000000003,0.02360000000000001,-3.0,-3.900000000000002,4.300000000000001,1.0
2024_25,0022400170,2024-11-06,IND,ORL,118,111,229,7,0.5208,0.36310000000000003,0.7485,42.6,32.2,15.1,0.43390000000000006,0.30619999999999997,0.779,43.6,24.5,14.6,0.08689999999999998,0.05690000000000006,-1.0,7.700000000000003,-0.5,1.0
2024_25,0022400169,2024-11-06,CHA,DET,108,107,215,1,0.4523,0.389,0.7729,42.0,23.7,15.8,0.4568,0.31880000000000003,0.7846,44.7,22.1,16.1,-0.004500000000000004,0.07019999999999998,-2.700000000000003,1.5999999999999979,0.3000000000000007,1.0
2024_25,0022400174,2024-11-06,MEM,LAL,131,114,245,17,0.4806,0.34140000000000004,0.7384999999999999,46.1,28.5,15.9,0.4847,0.3527,0.819,40.9,27.8,13.7,-0.0040999999999999925,-0.011299999999999977,5.200000000000003,0.6999999999999993,-2.200000000000001,1.0
2024_25,0022400182,2024-11-07,MIL,UTA,123,100,223,23,0.4734,0.34809999999999997,0.7592,43.0,22.4,15.3,0.4383,0.30920000000000003,0.7993,47.0,24.0,18.8,0.035099999999999965,0.038899999999999935,-4.0,-1.6000000000000014,3.5,1.0
2024_25,0022400183,2024-11-07,SAS,POR,118,105,223,13,0.46699999999999997,0.3511,0.7931,47.7,26.0,16.5,0.41879999999999995,0.3191,0.7665,46.6,21.1,14.7,0.04820000000000002,0.03200000000000003,1.1000000000000014,4.899999999999999,-1.8000000000000007,1.0
2024_25,0022400181,2024-11-07,CHI,MIN,119,135,254,-16,0.44939999999999997,0.3586,0.742,48.9,27.6,15.4,0.4848,0.3831,0.7441,40.2,25.5,15.9,-0.03540000000000004,-0.024500000000000022,8.699999999999996,2.1000000000000014,0.5,1.0
2024_25,0022400194,2024-11-08,DEN,MIA,135,122,257,13,0.46849999999999997,0.37970000000000004,0.7945,47.3,29.8,14.2,0.45499999999999996,0.37770000000000004,0.7932,42.1,27.6,13.0,0.013500000000000012,0.0020000000000000018,5.199999999999996,2.1999999999999993,-1.1999999999999993,1.0
2024_25,0022400196,2024-11-08,SAC,LAC,98,107,205,-9,0.4809,0.3367,0.8409000000000001,43.1,25.7,12.8,0.4624,0.3386,0.7427,45.8,25.8,16.2,0.018500000000000016,-0.0019000000000000128,-2.6999999999999957,-0.10000000000000142,3.3999999999999986,1.0
2024_25,0022400195,2024-11-08,LAL,PHI,116,106,222,10,0.483,0.3497,0.8167,40.6,27.0,14.0,0.4412,0.3356,0.7599,42.3,21.8,14.0,0.041800000000000004,0.014100000000000001,-1.6999999999999957,5.199999999999999,0.0,1.0
2024_25,0022400193,2024-11-08,MIN,POR,127,102,229,25,0.4896,0.3819,0.787,40.7,26.1,16.3,0.4276,0.3129,0.7577,45.9,21.4,15.4,0.062,0.069,-5.199999999999996,4.700000000000003,-0.9000000000000004,1.0
2024_25,0022400191,2024-11-08,MEM,WAS,128,104,232,24,0.4869,0.3478,0.7358,46.9,29.4,16.2,0.4631,0.3478,0.8013999999999999,41.7,28.1,13.6,0.023799999999999988,0.0,5.199999999999996,1.2999999999999972,-2.5999999999999996,1.0
2024_25,0022400190,2024-11-08,DAL,PHX,113,114,227,-1,0.4465,0.3301,0.7607999999999999,45.1,24.8,13.1,0.48819999999999997,0.39980000000000004,0.8202999999999999,43.3,27.1,14.9,-0.04169999999999996,-0.06970000000000004,1.8000000000000043,-2.3000000000000007,1.8000000000000007,1.0
2024_25,0022400192,2024-11-08,OKC,HOU,126,107,233,19,0.47519999999999996,0.35760000000000003,0.795,45.8,27.3,12.7,0.4471,0.317,0.731,48.5,23.3,12.1,0.02809999999999996,0.040600000000000025,-2.700000000000003,4.0,-0.5999999999999996,1.0
2024_25,0022400188,2024-11-08,CLE,GSW,136,117,253,19,0.5195000000000001,0.4279,0.7156,42.2,28.9,12.6,0.4747,0.3855,0.7603,49.1,29.7,13.3,0.04480000000000006,0.04239999999999999,-6.899999999999999,-0.8000000000000007,0.7000000000000011,1.0
2024_25,0022400187,2024-11-08,BOS,BKN,108,104,212,4,0.4688,0.38239999999999996,0.8006,44.5,24.2,12.3,0.4648,0.34459999999999996,0.7824,39.9,25.6,14.4,0.0040000000000000036,0.0378,4.600000000000001,-1.4000000000000021,2.0999999999999996,1.0
2024_25,0022400186,2024-11-08,ORL,NOP,115,88,203,27,0.43979999999999997,0.3046,0.7798999999999999,42.9,24.6,15.1,0.4547,0.3724,0.7875,41.3,24.6,15.3,-0.014900000000000024,-0.06780000000000003,1.6000000000000014,0.0,0.20000000000000107,1.0
2024_25,0022400185,2024-11-08,DET,ATL,122,121,243,1,0.45730000000000004,0.3243,0.7624,45.3,23.2,16.5,0.4638,0.34140000000000004,0.8084,41.7,27.2,15.7,-0.00649999999999995,-0.01710000000000006,3.5999999999999943,-4.0,-0.8000000000000007,1.0
2024_25,0022400184,2024-11-08,CHA,IND,103,83,186,20,0.445,0.3819,0.7774,43.4,23.4,15.6,0.5202,0.37370000000000003,0.7712,41.8,31.0,14.8,-0.07519999999999999,0.008199999999999985,1.6000000000000014,-7.600000000000001,-0.7999999999999989,1.0
2024_25,0022400189,2024-11-08,NYK,MIL,116,94,210,22,0.4854,0.41479999999999995,0.7735000000000001,42.3,24.3,12.8,0.4734,0.35350000000000004,0.7525000000000001,42.8,21.7,14.9,0.01200000000000001,0.06129999999999991,-0.5,2.6000000000000014,2.0999999999999996,1.0
2024_25,0022400200,2024-11-09,LAC,TOR,105,103,208,2,0.462,0.3597,0.7656000000000001,46.2,25.5,17.0,0.4694,0.3237,0.7589,43.9,29.8,17.0,-0.007399999999999962,0.03600000000000003,2.3000000000000043,-4.300000000000001,0.0,1.0
2024_25,0022400197,2024-11-09,SAS,UTA,110,111,221,-1,0.4678,0.3466,0.8013,47.3,26.4,16.3,0.4306,0.3148,0.8122,46.0,23.7,19.4,0.03720000000000001,0.031799999999999995,1.2999999999999972,2.6999999999999993,3.099999999999998,1.0
2024_25,0022400198,2024-11-09,ATL,CHI,113,125,238,-12,0.4654,0.3498,0.7941,42.9,27.7,15.8,0.45380000000000004,0.36029999999999995,0.7408,46.5,27.8,15.4,0.011599999999999944,-0.010499999999999954,-3.6000000000000014,-0.10000000000000142,-0.40000000000000036,1.0
2024_25,0022400199,2024-11-09,CLE,BKN,105,100,205,5,0.5263,0.42700000000000005,0.7346,42.2,29.2,13.2,0.4558,0.3365,0.7887000000000001,40.5,25.8,14.3,0.07050000000000001,0.09050000000000002,1.7000000000000028,3.3999999999999986,1.1000000000000014,1.0
2024_25,0022400208,2024-11-10,DEN,DAL,122,120,242,2,0.47969999999999996,0.395,0.7939999999999999,47.9,30.4,15.1,0.4544,0.3358,0.7767000000000001,44.1,24.6,12.2,0.025299999999999934,0.05920000000000003,3.799999999999997,5.799999999999997,-2.9000000000000004,1.0
2024_25,0022400207,2024-11-10,OKC,GSW,116,127,243,-11,0.47350000000000003,0.3612,0.792,46.1,26.8,12.8,0.47619999999999996,0.37829999999999997,0.7555,47.8,30.2,13.4,-0.0026999999999999247,-0.01709999999999995,-1.6999999999999957,-3.3999999999999986,0.5999999999999996,1.0
2024_25,0022400210,2024-11-10,POR,MEM,89,134,223,-45,0.4389,0.32130000000000003,0.7562,44.2,20.9,15.3,0.48929999999999996,0.35619999999999996,0.7516,47.6,30.2,16.8,-0.050399999999999945,-0.03489999999999993,-3.3999999999999986,-9.3,1.5,1.0
2024_25,0022400211,2024-11-10,LAL,TOR,123,103,226,20,0.4829,0.36029999999999995,0.8259000000000001,41.2,27.3,13.4,0.46929999999999994,0.3269,0.7303,44.2,30.1,16.1,0.013600000000000056,0.03339999999999993,-3.0,-2.8000000000000007,2.700000000000001,1.0
2024_25,0022400206,2024-11-10,MIN,MIA,94,95,189,-1,0.49000000000000005,0.3989,0.7863,41.2,26.4,16.9,0.45620000000000005,0.3842,0.7987,40.8,28.0,12.6,0.0338,0.01469999999999999,0.4000000000000057,-1.6000000000000014,-4.299999999999999,1.0
2024_25,0022400209,2024-11-10,PHX,SAC,118,127,245,-9,0.4856,0.4008,0.7984,42.9,27.2,13.9,0.4843,0.3114,0.8355,43.1,25.0,13.5,0.0012999999999999678,0.08939999999999998,-0.20000000000000284,2.1999999999999993,-0.40000000000000036,1.0
2024_25,0022400204,2024-11-10,ORL,WAS,121,94,215,27,0.4427,0.2982,0.7662,42.9,24.7,15.2,0.4608,0.3583,0.8140000000000001,41.3,28.4,14.4,-0.018100000000000005,-0.06009999999999999,1.6000000000000014,-3.6999999999999993,-0.7999999999999989,1.0
2024_25,0022400203,2024-11-10,IND,NYK,132,121,253,11,0.5083,0.3766,0.7419,41.6,29.7,14.8,0.48319999999999996,0.4063,0.7977000000000001,41.9,25.4,12.4,0.02510000000000001,-0.029700000000000004,-0.29999999999999716,4.300000000000001,-2.4000000000000004,1.0
2024_25,0022400202,2024-11-10,MIL,BOS,107,113,220,-6,0.46740000000000004,0.34009999999999996,0.7253999999999999,42.7,21.0,14.2,0.4548,0.3588,0.8181,43.6,23.6,11.9,0.012600000000000056,-0.01870000000000005,-0.8999999999999986,-2.6000000000000014,-2.299999999999999,1.0
2024_25,0022400201,2024-11-10,DET,HOU,99,101,200,-2,0.4694,0.3395,0.7551,45.8,24.2,17.2,0.4426,0.3255,0.7152000000000001,48.5,22.7,12.9,0.02679999999999999,0.014000000000000012,-2.700000000000003,1.5,-4.299999999999999,1.0
2024_25,0022400205,2024-11-10,PHI,CHA,107,105,212,2,0.43689999999999996,0.3338,0.7424999999999999,41.6,21.7,13.9,0.44510000000000005,0.373,0.7743,45.7,23.7,15.1,-0.008200000000000096,-0.03920000000000001,-4.100000000000001,-2.0,1.1999999999999993,1.0
2024_25,0022400212,2024-11-11,CHI,CLE,113,119,232,-6,0.4553,0.3678,0.7464999999999999,46.8,28.3,16.0,0.5218,0.41600000000000004,0.7365999999999999,41.9,28.7,13.5,-0.06650000000000006,-0.04820000000000002,4.899999999999999,-0.3999999999999986,-2.5,1.0
2024_25,0022400213,2024-11-11,HOU,WAS,107,92,199,15,0.43499999999999994,0.31720000000000004,0.7545,47.9,21.5,12.3,0.45940000000000003,0.34859999999999997,0.8127000000000001,40.7,27.5,14.6,-0.02440000000000009,-0.03139999999999993,7.199999999999996,-6.0,2.299999999999999,1.0
2024_25,0022400214,2024-11-11,NOP,BKN,105,107,212,-2,0.44509999999999994,0.36419999999999997,0.7913,40.5,23.8,15.0,0.4619,0.3449,0.8066000000000001,39.9,26.0,15.0,-0.016800000000000037,0.019299999999999984,0.6000000000000014,-2.1999999999999993,0.0,1.0
2024_25,0022400215,2024-11-11,OKC,LAC,134,128,262,6,0.4625,0.3533,0.7915,44.4,25.5,12.4,0.4687,0.3766,0.7555,45.8,25.0,17.2,-0.006199999999999983,-0.023299999999999987,-1.3999999999999986,0.5,4.799999999999999,1.0
2024_25,0022400216,2024-11-11,SAS,SAC,116,96,212,20,0.4587,0.3387,0.8194000000000001,45.6,26.0,16.9,0.48390000000000005,0.3029,0.8382,43.7,24.4,13.6,-0.025200000000000056,0.0358,1.8999999999999986,1.6000000000000014,-3.299999999999999,1.0
2024_25,0022400008,2024-11-12,POR,MIN,122,108,230,14,0.4338,0.3073,0.7572,44.3,20.6,15.9,0.4784,0.3932,0.7903,42.3,26.4,16.5,-0.04459999999999997,-0.08589999999999998,2.0,-5.799999999999997,0.5999999999999996,1.0
2024_25,0022400007,2024-11-12,GSW,DAL,120,117,237,3,0.4789,0.39449999999999996,0.7424999999999999,48.2,30.2,14.0,0.4747,0.3456,0.768,44.2,25.6,11.7,0.0041999999999999815,0.048899999999999944,4.0,4.599999999999998,-2.3000000000000007,1.0
2024_25,0022400006,2024-11-12,UTA,PHX,112,120,232,-8,0.4303,0.32799999999999996,0.7956,45.9,23.4,19.4,0.4728,0.37720000000000004,0.7950999999999999,44.5,27.4,13.8,-0.04249999999999998,-0.04920000000000008,1.3999999999999986,-4.0,-5.599999999999998,1.0
2024_25,0022400005,2024-11-12,MIL,TOR,99,85,184,14,0.4755,0.3548,0.7102999999999999,43.4,21.5,13.8,0.4725,0.3227,0.7407999999999999,44.4,30.2,16.0,0.0030000000000000027,0.03210000000000002,-1.0,-8.7,2.1999999999999993,1.0
2024_25,0022400002,2024-11-12,DET,MIA,123,121,244,2,0.46909999999999996,0.3446,0.739,46.6,24.1,17.6,0.45970000000000005,0.37639999999999996,0.7714000000000001,40.5,27.6,13.1,0.009399999999999908,-0.03179999999999994,6.100000000000001,-3.5,-4.500000000000002,1.0
2024_25,0022400003,2024-11-12,ORL,CHA,114,89,203,25,0.44509999999999994,0.2969,0.7815000000000001,41.6,24.4,15.0,0.4325,0.35140000000000005,0.7788999999999999,46.0,22.3,16.2,0.012599999999999945,-0.05450000000000005,-4.399999999999999,2.099999999999998,1.1999999999999993,1.0
2024_25,0022400001,2024-11-12,BOS,ATL,116,117,233,-1,0.445,0.3493,0.8195,43.8,23.0,12.7,0.4627,0.3487,0.7957,42.3,28.3,15.6,-0.017699999999999994,0.0005999999999999894,1.5,-5.300000000000001,2.9000000000000004,1.0
2024_25,0022400004,2024-11-12,PHI,NYK,99,111,210,-12,0.4356,0.3125,0.7373000000000001,41.2,21.9,14.3,0.4928,0.3876,0.7952,42.7,25.6,13.3,-0.05720000000000003,-0.0751,-1.5,-3.700000000000003,-1.0,1.0
2024_25,0022400223,2024-11-13,MIL,DET,127,120,247,7,0.46210000000000007,0.3402,0.6976,43.5,21.3,14.1,0.4689,0.34009999999999996,0.7541,48.0,24.8,17.3,-0.006799999999999917,0.0001000000000000445,-4.5,-3.5,3.200000000000001,1.0
2024_25,0022400226,2024-11-13,POR,MIN,106,98,204,8,0.4439,0.3285,0.7672000000000001,43.4,21.0,15.9,0.48789999999999994,0.39859999999999995,0.8074999999999999,40.8,26.9,17.2,-0.04399999999999993,-0.07009999999999994,2.6000000000000014,-5.899999999999999,1.299999999999999,1.0
2024_25,0022400225,2024-11-13,LAL,MEM,128,123,251,5,0.4789,0.3548,0.8135999999999999,40.6,27.1,12.4,0.49729999999999996,0.3556,0.7654,48.6,30.6,17.8,-0.018399999999999972,-0.0008000000000000229,-8.0,-3.5,5.4,1.0
2024_25,0022400227,2024-11-13,SAC,PHX,127,104,231,23,0.4805,0.2913,0.8471,43.6,24.1,13.8,0.47409999999999997,0.3839,0.7943,44.5,27.0,12.6,0.006400000000000017,-0.09260000000000002,-0.8999999999999986,-2.8999999999999986,-1.200000000000001,1.0
2024_25,0022400222,2024-11-13,HOU,LAC,111,103,214,8,0.4441,0.30870000000000003,0.7625,49.4,20.9,13.6,0.47800000000000004,0.40309999999999996,0.7545,45.4,25.4,17.4,-0.03390000000000004,-0.09439999999999993,4.0,-4.5,3.799999999999999,1.0
2024_25,0022400224,2024-11-13,SAS,WAS,139,130,269,9,0.46399999999999997,0.3532,0.8402,44.8,26.1,16.8,0.4509,0.3376,0.8054,40.0,27.0,15.2,0.013099999999999945,0.015600000000000003,4.799999999999997,-0.8999999999999986,-1.6000000000000014,1.0
2024_25,0022400220,2024-11-13,PHI,CLE,106,114,220,-8,0.4302,0.314,0.7598,39.5,20.8,14.4,0.5149,0.41109999999999997,0.742,42.3,28.5,13.1,-0.0847,-0.09709999999999996,-2.799999999999997,-7.699999999999999,-1.3000000000000007,1.0
2024_25,0022400219,2024-11-13,NYK,CHI,123,124,247,-1,0.49169999999999997,0.3791,0.8122999999999999,42.1,26.0,12.7,0.4559,0.3752,0.7598,47.2,28.3,16.0,0.03579999999999994,0.0039000000000000146,-5.100000000000001,-2.3000000000000007,3.3000000000000007,1.0
2024_25,0022400218,2024-11-13,BKN,BOS,114,139,253,-25,0.4608,0.35059999999999997,0.8148,40.2,26.3,14.8,0.449,0.35150000000000003,0.8231999999999999,42.3,23.7,13.3,0.011799999999999977,-0.0009000000000000674,-2.0999999999999943,2.6000000000000014,-1.5,1.0
2024_25,0022400217,2024-11-13,ORL,IND,94,90,184,4,0.43929999999999997,0.2764,0.7907,42.0,24.1,14.8,0.4944,0.36950000000000005,0.7459,40.0,28.3,14.2,-0.05510000000000004,-0.09310000000000007,2.0,-4.199999999999999,-0.6000000000000014,1.0
2024_25,0022400221,2024-11-13,OKC,NOP,106,88,194,18,0.4715,0.3702,0.8205,42.4,26.3,12.3,0.4434,0.3597,0.7925,40.8,24.0,14.9,0.02809999999999996,0.010499999999999954,1.6000000000000014,2.3000000000000007,2.5999999999999996,1.0
2024_25,0022400228,2024-11-14,UTA,DAL,115,113,228,2,0.42750000000000005,0.3263,0.8109,45.0,24.4,18.7,0.4859,0.3348,0.7691,43.2,25.5,12.5,-0.05839999999999995,-0.008500000000000008,1.7999999999999972,-1.1000000000000014,-6.199999999999999,1.0
2024_25,0022400020,2024-11-15,SAC,MIN,126,130,256,-4,0.49350000000000005,0.3108,0.8297000000000001,44.9,24.7,14.1,0.4796,0.37649999999999995,0.7966,40.7,26.1,16.9,0.013900000000000023,-0.06569999999999993,4.199999999999996,-1.4000000000000021,2.799999999999999,1.0
2024_25,0022400019,2024-11-15,GSW,MEM,123,118,241,5,0.47519999999999996,0.3869,0.7218,47.5,29.3,13.5,0.5027,0.3563,0.7861,48.4,31.0,17.3,-0.02750000000000008,0.030600000000000016,-0.8999999999999986,-1.6999999999999993,3.8000000000000007,1.0
2024_25,0022400018,2024-11-15,OKC,PHX,99,83,182,16,0.4737,0.3887,0.8218,40.1,26.2,12.0,0.45999999999999996,0.36819999999999997,0.7792,45.1,25.8,11.9,0.013700000000000045,0.020500000000000018,-5.0,0.3999999999999986,-0.09999999999999964,1.0
2024_25,0022400017,2024-11-15,NOP,DEN,101,94,195,7,0.441,0.3465,0.7895,42.2,23.6,15.9,0.47859999999999997,0.41,0.7786,47.0,30.7,14.3,-0.03759999999999997,-0.0635,-4.799999999999997,-7.099999999999998,-1.5999999999999996,1.0
2024_25,0022400015,2024-11-15,SAS,LAL,115,120,235,-5,0.4668,0.35409999999999997,0.8362,43.8,27.6,16.0,0.48529999999999995,0.38689999999999997,0.7984,40.2,28.0,13.5,-0.01849999999999996,-0.032799999999999996,3.5999999999999943,-0.3999999999999986,-2.5,1.0
2024_25,0022400016,2024-11-15,HOU,LAC,125,104,229,21,0.44349999999999995,0.30670000000000003,0.7636999999999999,48.9,21.7,13.1,0.4688,0.4035,0.7548,45.2,25.1,16.9,-0.025300000000000045,-0.0968,3.6999999999999957,-3.400000000000002,3.799999999999999,1.0
2024_25,0022400013,2024-11-15,CLE,CHI,144,126,270,18,0.5109,0.40490000000000004,0.7567999999999999,42.1,28.3,12.5,0.4617,0.3694,0.7543,46.6,28.4,16.8,0.04920000000000002,0.03550000000000003,-4.5,-0.09999999999999787,4.300000000000001,1.0
2024_25,0022400012,2024-11-15,ATL,WAS,129,117,246,12,0.46509999999999996,0.3432,0.7626999999999999,42.8,29.3,15.8,0.4502,0.3366,0.8273999999999999,40.2,26.5,15.8,0.014899999999999969,0.006599999999999995,2.5999999999999943,2.8000000000000007,0.0,1.0
2024_25,0022400011,2024-11-15,TOR,DET,95,99,194,-4,0.46129999999999993,0.3326,0.736,44.4,29.7,15.5,0.466,0.3516,0.7492,48.1,25.0,17.3,-0.004700000000000093,-0.019000000000000017,-3.700000000000003,4.699999999999999,1.8000000000000007,1.0
2024_25,0022400010,2024-11-15,ORL,PHI,98,86,184,12,0.4373,0.2752,0.806,42.9,24.6,14.6,0.433,0.32080000000000003,0.7803,39.1,21.4,14.6,0.004300000000000026,-0.04560000000000003,3.799999999999997,3.200000000000003,0.0,1.0
2024_25,0022400009,2024-11-15,IND,MIA,111,124,235,-13,0.4819,0.3738,0.7468,40.2,27.3,14.4,0.45389999999999997,0.3727,0.77,41.1,26.4,13.6,0.028000000000000025,0.0011000000000000454,-0.8999999999999986,0.9000000000000021,-0.8000000000000007,1.0
2024_25,0022400014,2024-11-15,NYK,BKN,124,122,246,2,0.48769999999999997,0.3829,0.8039999999999999,42.7,27.1,13.0,0.4692,0.357,0.8170999999999999,39.9,26.7,14.2,0.01849999999999996,0.025900000000000034,2.8000000000000043,0.40000000000000213,1.1999999999999993,1.0
2024_25,0022400229,2024-11-16,CHA,MIL,115,114,229,1,0.4283,0.3471,0.7567999999999999,45.2,22.5,16.7,0.45999999999999996,0.3506,0.7176,43.5,21.5,13.8,-0.03169999999999995,-0.003500000000000003,1.7000000000000028,1.0,-2.8999999999999986,1.0
2024_25,0022400230,2024-11-16,BOS,TOR,126,123,249,3,0.4606,0.35350000000000004,0.8073,43.1,25.3,13.1,0.4518,0.32389999999999997,0.7441,45.1,28.9,15.0,0.00880000000000003,0.02960000000000007,-2.0,-3.599999999999998,1.9000000000000004,1.0
2024_25,0022400231,2024-11-16,NOP,LAL,99,104,203,-5,0.4403,0.3503,0.7992,43.9,23.3,15.7,0.48200000000000004,0.3802,0.8023,40.6,27.4,13.4,-0.041700000000000015,-0.029899999999999982,3.299999999999997,-4.099999999999998,-2.299999999999999,1.0
2024_25,0022400232,2024-11-16,DAL,SAS,110,93,203,17,0.49670000000000003,0.3339,0.7608,41.6,25.8,13.3,0.4732,0.36160000000000003,0.8301999999999999,42.9,28.6,15.6,0.02350000000000002,-0.027700000000000058,-1.2999999999999972,-2.8000000000000007,2.299999999999999,1.0
2024_25,0022400233,2024-11-16,SAC,UTA,121,117,238,4,0.49779999999999996,0.3032,0.8276999999999999,46.0,24.3,13.8,0.43100000000000005,0.32599999999999996,0.8115,44.1,24.8,19.0,0.06679999999999992,-0.02279999999999993,1.8999999999999986,-0.5,5.199999999999999,1.0
2024_25,0022400240,2024-11-17,NYK,BKN,114,104,218,10,0.4883,0.37270000000000003,0.8068,42.9,27.7,13.1,0.47009999999999996,0.36269999999999997,0.8150999999999999,38.9,27.1,13.9,0.01820000000000005,0.010000000000000064,4.0,0.5999999999999979,0.8000000000000007,1.0
2024_25,0022400243,2024-11-17,LAC,UTA,116,105,221,11,0.45990000000000003,0.3972,0.7553,45.5,23.6,16.6,0.44880000000000003,0.3508,0.8122,42.9,24.6,18.4,0.011099999999999999,0.0464,2.6000000000000014,-1.0,1.7999999999999972,1.0
2024_25,0022400241,2024-11-17,CHI,HOU,107,143,250,-36,0.47800000000000004,0.3887,0.7615999999999999,44.1,29.3,15.9,0.4506,0.3182,0.7605,50.3,22.7,13.2,0.027400000000000035,0.07050000000000001,-6.199999999999996,6.600000000000001,-2.700000000000001,1.0
2024_25,0022400239,2024-11-17,POR,ATL,114,110,224,4,0.44350000000000006,0.3245,0.7804,43.0,20.2,16.3,0.47240000000000004,0.3433,0.7701,43.4,29.7,15.4,-0.02889999999999998,-0.018799999999999983,-0.3999999999999986,-9.5,-0.9000000000000004,1.0
2024_25,0022400242,2024-11-17,OKC,DAL,119,121,240,-2,0.46390000000000003,0.37370000000000003,0.8412,40.9,25.7,12.1,0.49820000000000003,0.3315,0.7621,41.9,25.7,13.4,-0.0343,0.042200000000000015,-1.0,0.0,1.3000000000000007,1.0
2024_25,0022400237,2024-11-17,WAS,DET,104,124,228,-20,0.44320000000000004,0.3347,0.8036,41.8,26.0,16.2,0.4686,0.3359,0.7318,48.3,26.0,17.0,-0.025399999999999978,-0.0011999999999999789,-6.5,0.0,0.8000000000000007,1.0
2024_25,0022400236,2024-11-17,CLE,CHA,128,114,242,14,0.5181,0.4204,0.761,42.0,29.5,12.4,0.43390000000000006,0.3416,0.7619,45.2,22.8,15.9,0.08419999999999994,0.07879999999999998,-3.200000000000003,6.699999999999999,3.5,1.0
2024_25,0022400235,2024-11-17,IND,MIA,119,110,229,9,0.48369999999999996,0.40380000000000005,0.7636000000000001,40.8,27.3,14.8,0.4527,0.3834,0.7631,40.1,26.2,12.7,0.030999999999999972,0.02040000000000003,0.6999999999999957,1.1000000000000014,-2.1000000000000014,1.0
2024_25,0022400238,2024-11-17,MEM,DEN,105,90,195,15,0.49000000000000005,0.3348,0.7887000000000001,49.6,29.4,17.0,0.4854,0.41859999999999997,0.7981,45.1,30.4,13.5,0.0046000000000000485,-0.08379999999999999,4.5,-1.0,-3.5,1.0
2024_25,0022400234,2024-11-17,MIN,PHX,120,117,237,3,0.4801,0.3795,0.8071999999999999,40.7,25.8,16.7,0.4443,0.3566,0.7785,45.4,24.9,12.5,0.035800000000000054,0.02290000000000003,-4.699999999999996,0.9000000000000021,-4.199999999999999,1.0
2024_25,0022400251,2024-11-18,LAC,GSW,102,99,201,3,0.46319999999999995,0.3886,0.7762,44.7,24.0,16.1,0.471,0.3882,0.7104999999999999,47.1,29.1,13.9,-0.007800000000000029,0.00040000000000001146,-2.3999999999999986,-5.100000000000001,-2.200000000000001,1.0
2024_25,0022400250,2024-11-18,SAC,ATL,108,109,217,-1,0.4962,0.3237,0.8353999999999999,44.6,24.1,14.0,0.4702,0.3402,0.7819,44.2,29.5,16.5,0.025999999999999968,-0.016500000000000015,0.3999999999999986,-5.399999999999999,2.5,1.0
2024_25,0022400249,2024-11-18,PHX,ORL,99,109,208,-10,0.4524,0.37120000000000003,0.7618,44.9,25.7,13.5,0.43390000000000006,0.2732,0.8187,42.6,23.5,14.9,0.01849999999999996,0.09800000000000003,2.299999999999997,2.1999999999999993,1.4000000000000004,1.0
2024_25,0022400248,2024-11-18,MIL,HOU,101,100,201,1,0.4665,0.362,0.6792,43.2,22.6,12.9,0.46180000000000004,0.3071,0.7449,52.6,24.1,13.1,0.004699999999999982,0.054900000000000004,-9.399999999999999,-1.5,0.1999999999999993,1.0
2024_25,0022400244,2024-11-18,DET,CHI,112,122,234,-10,0.46980000000000005,0.3389,0.7289,48.5,26.4,16.2,0.4666,0.3665,0.7924,43.8,28.3,16.5,0.003200000000000036,-0.027600000000000013,4.700000000000003,-1.9000000000000021,0.3000000000000007,1.0
2024_25,0022400246,2024-11-18,NYK,WAS,134,106,240,28,0.4928,0.3731,0.8024000000000001,43.3,28.8,12.3,0.44699999999999995,0.3597,0.8013999999999999,41.7,25.4,16.4,0.04580000000000006,0.013399999999999967,1.5999999999999943,3.400000000000002,4.099999999999998,1.0
2024_25,0022400245,2024-11-18,MIA,PHI,106,89,195,17,0.4537,0.3952,0.7822,39.8,25.9,12.7,0.4351,0.3221,0.7905,39.7,21.4,14.8,0.018600000000000005,0.0731,0.09999999999999432,4.5,2.1000000000000014,1.0
2024_25,0022400247,2024-11-18,TOR,IND,130,119,249,11,0.45780000000000004,0.3344,0.7298,44.3,29.4,14.4,0.4891,0.40800000000000003,0.786,41.6,27.5,13.9,-0.03129999999999994,-0.07360000000000005,2.6999999999999957,1.8999999999999986,-0.5,1.0
2024_25,0022400021,2024-11-19,BOS,CLE,120,117,237,3,0.4556,0.3496,0.8179000000000001,43.5,25.9,12.6,0.5175,0.4222,0.7948999999999999,43.2,28.4,13.2,-0.061899999999999955,-0.0726,0.29999999999999716,-2.5,0.5999999999999996,1.0
2024_25,0022400022,2024-11-19,BKN,CHA,116,115,231,1,0.4612,0.3657,0.8140000000000001,38.3,26.5,13.9,0.4309,0.3484,0.7737999999999999,44.6,24.2,14.9,0.030299999999999994,0.017300000000000038,-6.300000000000004,2.3000000000000007,1.0,1.0
2024_25,0022400023,2024-11-19,MEM,DEN,110,122,232,-12,0.4892,0.3355,0.8182,48.1,28.8,17.3,0.4869,0.4109,0.7862,45.3,30.7,14.0,0.0023000000000000242,-0.07539999999999997,2.8000000000000043,-1.8999999999999986,-3.3000000000000007,1.0
2024_25,0022400024,2024-11-19,DAL,NOP,132,91,223,41,0.4974,0.3312,0.7676000000000001,43.2,25.0,14.0,0.4284,0.3473,0.8067,44.5,23.4,15.0,0.069,-0.016100000000000003,-1.2999999999999972,1.6000000000000014,1.0,1.0
2024_25,0022400025,2024-11-19,SAS,OKC,110,104,214,6,0.4638,0.3558,0.8323,42.2,28.5,14.6,0.46719999999999995,0.36550000000000005,0.8422000000000001,39.9,25.8,11.5,-0.0033999999999999586,-0.009700000000000042,2.3000000000000043,2.6999999999999993,-3.0999999999999996,1.0
2024_25,0022400026,2024-11-19,LAL,UTA,124,118,242,6,0.47359999999999997,0.369,0.7926,40.4,26.6,12.6,0.4612,0.35219999999999996,0.8127000000000001,42.0,24.6,18.8,0.012399999999999967,0.016800000000000037,-1.6000000000000014,2.0,6.200000000000001,1.0
2024_25,0022400259,2024-11-20,LAC,ORL,104,93,197,11,0.4575,0.40140000000000003,0.7841,44.3,24.2,16.7,0.4445,0.2872,0.8087,42.2,23.8,14.8,0.013000000000000012,0.11420000000000002,2.0999999999999943,0.3999999999999986,-1.8999999999999986,1.0
2024_25,0022400258,2024-11-20,GSW,ATL,120,97,217,23,0.4718,0.392,0.6942999999999999,46.9,29.9,13.7,0.46980000000000005,0.35150000000000003,0.7795,43.8,30.1,16.2,0.0019999999999999463,0.04049999999999998,3.1000000000000014,-0.20000000000000284,2.5,1.0
2024_25,0022400257,2024-11-20,PHX,NYK,122,138,260,-16,0.4434,0.3543,0.7477,45.5,25.3,13.6,0.5,0.3781,0.8047000000000001,43.2,29.5,12.0,-0.056599999999999984,-0.023799999999999988,2.299999999999997,-4.199999999999999,-1.5999999999999996,1.0
2024_25,0022400256,2024-11-20,OKC,POR,109,99,208,10,0.4545,0.3569,0.8436999999999999,40.1,25.1,11.6,0.4476,0.3431,0.7636000000000001,42.4,21.6,16.5,0.006900000000000017,0.013799999999999979,-2.299999999999997,3.5,4.9,1.0
2024_25,0022400254,2024-11-20,HOU,IND,130,113,243,17,0.4606,0.3117,0.7554000000000001,52.9,23.9,13.4,0.4869,0.40069999999999995,0.7993,40.4,27.9,13.7,-0.02629999999999999,-0.08899999999999997,12.5,-4.0,0.29999999999999893,1.0
2024_25,0022400253,2024-11-20,MIL,CHI,122,106,228,16,0.46719999999999995,0.37560000000000004,0.6585,43.2,22.9,12.8,0.4721,0.37829999999999997,0.8029999999999999,43.0,28.8,16.1,-0.004900000000000071,-0.0026999999999999247,0.20000000000000284,-5.900000000000002,3.3000000000000007,1.0
2024_25,0022400252,2024-11-20,CLE,NOP,128,100,228,28,0.5164,0.41719999999999996,0.7981,42.4,28.9,12.6,0.4314,0.3511,0.8324,43.3,22.9,15.6,0.08499999999999996,0.06609999999999994,-0.8999999999999986,6.0,3.0,1.0
2024_25,0022400255,2024-11-20,MEM,PHI,117,111,228,6,0.4821,0.3296,0.8036,49.8,28.5,17.3,0.43390000000000006,0.32030000000000003,0.7913,38.5,22.4,14.3,0.04819999999999991,0.009299999999999975,11.299999999999997,6.100000000000001,-3.0,1.0
2024_25,0022400260,2024-11-21,CHA,DET,123,121,244,2,0.42510000000000003,0.3581,0.7802,45.2,23.6,15.6,0.46209999999999996,0.3406,0.7259,49.5,26.8,14.9,-0.03699999999999992,0.01749999999999996,-4.299999999999997,-3.1999999999999993,-0.6999999999999993,1.0
2024_25,0022400261,2024-11-21,TOR,MIN,110,105,215,5,0.45919999999999994,0.35059999999999997,0.7344999999999999,44.8,28.4,15.3,0.48200000000000004,0.37439999999999996,0.8149,39.7,25.2,16.1,-0.022800000000000098,-0.023799999999999988,5.099999999999994,3.1999999999999993,0.8000000000000007,1.0
2024_25,0022400262,2024-11-21,SAS,UTA,126,118,244,8,0.46950000000000003,0.36920000000000003,0.8224,42.6,29.2,15.6,0.47190000000000004,0.3563,0.8112,42.0,25.0,18.7,-0.0024000000000000132,0.012900000000000023,0.6000000000000014,4.199999999999999,3.0999999999999996,1.0
2024_25,0022400263,2024-11-21,LAL,ORL,118,119,237,-1,0.48739999999999994,0.3704,0.7926,39.2,27.1,12.8,0.4429,0.2768,0.8211999999999999,40.7,23.3,14.8,0.04449999999999993,0.09360000000000002,-1.5,3.8000000000000007,2.0,1.0
2024_25,0022400033,2024-11-22,DEN,DAL,120,123,243,-3,0.4859,0.3992,0.7698,45.4,30.7,14.3,0.5036,0.3431,0.7776,44.3,25.5,14.2,-0.01770000000000005,0.05609999999999998,1.1000000000000014,5.199999999999999,-0.10000000000000142,1.0
2024_25,0022400034,2024-11-22,LAC,SAC,104,88,192,16,0.4664,0.42000000000000004,0.7997,44.2,24.1,17.0,0.49139999999999995,0.3339,0.8224,44.0,23.7,14.3,-0.024999999999999967,0.08610000000000007,0.20000000000000284,0.40000000000000213,-2.6999999999999993,1.0
2024_25,0022400031,2024-11-22,HOU,POR,116,88,204,28,0.46559999999999996,0.3117,0.7531,52.7,23.7,13.7,0.44350000000000006,0.3402,0.7517,42.6,21.5,17.6,0.022099999999999898,-0.028500000000000025,10.100000000000001,2.1999999999999993,3.900000000000002,1.0
2024_25,0022400032,2024-11-22,NOP,GSW,108,112,220,-4,0.4253,0.3382,0.8170999999999999,42.7,22.4,15.9,0.4709,0.3813,0.6763999999999999,48.9,30.1,14.4,-0.045599999999999974,-0.04309999999999997,-6.199999999999996,-7.700000000000003,-1.5,1.0
2024_25,0022400029,2024-11-22,MIL,IND,129,117,246,12,0.4795,0.3903,0.6841,43.9,23.9,13.0,0.4918,0.3839,0.796,38.3,26.5,14.1,-0.012300000000000033,0.006399999999999961,5.600000000000001,-2.6000000000000014,1.0999999999999996,1.0
2024_25,0022400028,2024-11-22,WAS,BOS,96,108,204,-12,0.4558,0.3581,0.7733,41.2,25.2,15.9,0.4664,0.37,0.8087,42.6,26.8,12.5,-0.010599999999999998,-0.011900000000000022,-1.3999999999999986,-1.6000000000000014,-3.4000000000000004,1.0
2024_25,0022400027,2024-11-22,PHI,BKN,113,98,211,15,0.43689999999999996,0.325,0.808,38.9,22.8,14.8,0.4593,0.373,0.7997,38.5,26.9,13.5,-0.02240000000000003,-0.04799999999999999,0.3999999999999986,-4.099999999999998,-1.3000000000000007,1.0
2024_25,0022400030,2024-11-22,CHI,ATL,136,122,258,14,0.4755,0.3775,0.8238,41.9,28.9,15.9,0.4585,0.3402,0.7642,46.3,29.8,16.6,0.01699999999999996,0.0373,-4.399999999999999,-0.9000000000000021,0.7000000000000011,1.0
2024_25,0022400264,2024-11-23,UTA,NYK,121,106,227,15,0.4747,0.3633,0.8102,41.6,25.3,17.5,0.5065999999999999,0.3794,0.8352,42.8,29.4,12.5,-0.03189999999999993,-0.016100000000000003,-1.1999999999999957,-4.099999999999998,-5.0,1.0
2024_25,0022400265,2024-11-23,ORL,DET,111,100,211,11,0.4569,0.2948,0.828,41.2,24.5,15.0,0.45640000000000003,0.34540000000000004,0.7251000000000001,50.4,27.3,14.7,0.0004999999999999449,-0.050600000000000034,-9.199999999999996,-2.8000000000000007,-0.3000000000000007,1.0
2024_25,0022400266,2024-11-23,CHI,MEM,131,142,273,-11,0.4851,0.3839,0.8263,42.4,28.9,16.9,0.4779,0.3452,0.8132999999999999,48.3,28.8,17.6,0.007199999999999984,0.03870000000000001,-5.899999999999999,0.09999999999999787,0.7000000000000028,1.0
2024_25,0022400267,2024-11-23,HOU,POR,98,104,202,-6,0.4619,0.32599999999999996,0.7378,52.8,24.3,14.3,0.4295,0.3229,0.7613000000000001,43.5,20.5,17.8,0.032399999999999984,0.003099999999999936,9.299999999999997,3.8000000000000007,3.5,1.0
2024_25,0022400268,2024-11-23,MIL,CHA,125,119,244,6,0.4845,0.3913,0.7041000000000001,43.8,24.8,13.5,0.4262,0.364,0.8016,45.3,23.9,15.6,0.05829999999999996,0.02729999999999999,-1.5,0.9000000000000021,2.0999999999999996,1.0
2024_25,0022400269,2024-11-23,SAS,GSW,104,94,198,10,0.4643,0.36629999999999996,0.8160999999999999,43.3,29.2,15.4,0.4686,0.3795,0.6830999999999999,49.9,29.6,14.7,-0.004300000000000026,-0.013200000000000045,-6.600000000000001,-0.40000000000000213,-0.7000000000000011,1.0
2024_25,0022400270,2024-11-23,LAL,DEN,102,127,229,-25,0.48860000000000003,0.39089999999999997,0.7732,39.1,27.1,11.7,0.48200000000000004,0.40280000000000005,0.7523,45.3,30.9,15.3,0.006599999999999995,-0.011900000000000077,-6.199999999999996,-3.799999999999997,3.6000000000000014,1.0
2024_25,0022400276,2024-11-24,SAC,BKN,103,108,211,-5,0.484,0.3289,0.8119,43.9,23.5,14.0,0.4566,0.3775,0.8150999999999999,37.3,26.3,14.3,0.02739999999999998,-0.04859999999999998,6.600000000000001,-2.8000000000000007,0.3000000000000007,1.0
2024_25,0022400275,2024-11-24,CLE,TOR,122,108,230,14,0.5206999999999999,0.4206,0.8105,43.1,28.7,13.3,0.462,0.3524,0.7243,44.7,27.1,15.9,0.05869999999999992,0.06819999999999998,-1.6000000000000014,1.5999999999999979,2.5999999999999996,1.0
2024_25,0022400274,2024-11-24,PHI,LAC,99,125,224,-26,0.44110000000000005,0.3209,0.8029999999999999,39.6,23.1,14.6,0.46230000000000004,0.39239999999999997,0.8291000000000001,45.2,24.3,17.1,-0.021199999999999997,-0.07149999999999995,-5.600000000000001,-1.1999999999999993,2.5000000000000018,1.0
2024_25,0022400273,2024-11-24,MIA,DAL,123,118,241,5,0.4486,0.3835,0.8021,40.8,25.2,12.8,0.5046999999999999,0.3488,0.7945,43.4,25.4,13.6,-0.05609999999999993,0.03470000000000001,-2.6000000000000014,-0.1999999999999993,0.7999999999999989,1.0
2024_25,0022400271,2024-11-24,BOS,MIN,107,105,212,2,0.46109999999999995,0.3629,0.8039,42.8,26.9,12.7,0.4715,0.3658,0.8134,39.9,23.4,16.1,-0.01040000000000002,-0.0029000000000000137,2.8999999999999986,3.5,3.400000000000002,1.0
2024_25,0022400272,2024-11-24,IND,WAS,115,103,218,12,0.48739999999999994,0.3742,0.7932,39.0,26.0,14.3,0.454,0.33540000000000003,0.7603,41.7,24.7,16.1,0.03339999999999993,0.038799999999999946,-2.700000000000003,1.3000000000000007,1.8000000000000007,1.0
2024_25,0022400277,2024-11-25,CHA,ORL,84,95,179,-11,0.4232,0.3639,0.8206,46.7,23.7,15.3,0.46749999999999997,0.3109,0.8291999999999999,41.5,25.0,14.6,-0.04429999999999995,0.05299999999999999,5.200000000000003,-1.3000000000000007,-0.7000000000000011,1.0
2024_25,0022400278,2024-11-25,DET,TOR,102,100,202,2,0.45620000000000005,0.3613,0.7251000000000001,48.3,26.7,15.2,0.45380000000000004,0.3373,0.718,45.6,26.2,15.6,0.0024000000000000132,0.02400000000000002,2.6999999999999957,0.5,0.40000000000000036,1.0
2024_25,0022400279,2024-11-25,IND,NOP,114,110,224,4,0.47830000000000006,0.378,0.806,38.9,26.1,14.5,0.4266,0.3269,0.7957,42.7,23.0,15.1,0.05170000000000008,0.05109999999999998,-3.8000000000000043,3.1000000000000014,0.5999999999999996,1.0
2024_25,0022400280,2024-11-25,ATL,DAL,119,129,248,-10,0.44749999999999995,0.32789999999999997,0.7462,46.4,30.1,16.1,0.4949,0.3321,0.7945,45.5,25.4,14.1,-0.04740000000000005,-0.004200000000000037,0.8999999999999986,4.700000000000003,-2.0000000000000018,1.0
2024_25,0022400281,2024-11-25,BOS,LAC,126,94,220,32,0.45969999999999994,0.36960000000000004,0.7946,42.4,27.1,11.9,0.46340000000000003,0.3895,0.8209,46.7,24.7,16.9,-0.003700000000000092,-0.019899999999999973,-4.300000000000004,2.400000000000002,4.999999999999998,1.0
2024_25,0022400282,2024-11-25,MEM,POR,123,98,221,25,0.48,0.346,0.8021,48.0,29.1,17.3,0.434,0.3312,0.7578,43.2,20.4,19.0,0.045999999999999985,0.01479999999999998,4.799999999999997,8.700000000000003,1.6999999999999993,1.0
2024_25,0022400283,2024-11-25,DEN,NYK,118,145,263,-27,0.4984,0.4184,0.7309,45.5,31.6,15.6,0.507,0.3734,0.8412000000000001,42.9,29.9,12.4,-0.008599999999999997,0.044999999999999984,2.6000000000000014,1.7000000000000028,-3.1999999999999993,1.0
2024_25,0022400284,2024-11-25,GSW,BKN,120,128,248,-8,0.45519999999999994,0.3644,0.6806,50.1,29.9,14.3,0.45949999999999996,0.3972,0.8218,37.7,26.4,14.3,-0.004300000000000026,-0.032799999999999996,12.399999999999999,3.5,0.0,1.0
2024_25,0022400285,2024-11-25,SAC,OKC,109,130,239,-21,0.4809,0.32789999999999997,0.7897000000000001,44.4,23.3,14.2,0.4556,0.3449,0.8412,40.6,25.0,11.8,0.02529999999999999,-0.017000000000000015,3.799999999999997,-1.6999999999999993,-2.3999999999999986,1.0
2024_25,0022400039,2024-11-26,PHX,LAL,127,100,227,27,0.4547,0.35960000000000003,0.7515,42.6,25.4,13.6,0.4852,0.3926,0.764,38.0,26.9,12.2,-0.030500000000000027,-0.032999999999999974,4.600000000000001,-1.5,-1.4000000000000004,1.0
2024_25,0022400038,2024-11-26,UTA,SAS,115,128,243,-13,0.48369999999999996,0.3882,0.8,42.9,25.9,16.9,0.4648,0.3672,0.8055,43.6,29.9,14.9,0.018899999999999972,0.020999999999999963,-0.7000000000000028,-4.0,-1.9999999999999982,1.0
2024_25,0022400035,2024-11-26,WAS,CHI,108,127,235,-19,0.4468,0.3247,0.7483,42.1,23.9,16.2,0.4937,0.40049999999999997,0.8348000000000001,40.8,29.3,15.7,-0.04690000000000005,-0.07579999999999998,1.3000000000000043,-5.400000000000002,-0.5,1.0
2024_25,0022400036,2024-11-26,MIA,MIL,103,106,209,-3,0.4484,0.38570000000000004,0.7901,42.1,25.5,12.5,0.484,0.3913,0.6982,44.0,24.7,13.4,-0.035599999999999965,-0.005599999999999938,-1.8999999999999986,0.8000000000000007,0.9000000000000004,1.0
2024_25,0022400037,2024-11-26,MIN,HOU,111,117,228,-6,0.4659,0.3727,0.8196,41.6,23.2,15.6,0.4412,0.314,0.7565999999999999,52.6,23.2,14.1,0.0247,0.058699999999999974,-11.0,0.0,-1.5,1.0
2024_25,0022400299,2024-11-27,GSW,OKC,101,105,206,-4,0.4582,0.3733,0.6718,48.8,30.2,14.9,0.4655,0.35140000000000005,0.8462,40.8,25.5,11.6,-0.007300000000000029,0.021899999999999975,8.0,4.699999999999999,-3.3000000000000007,1.0
2024_25,0022400298,2024-11-27,UTA,DEN,103,122,225,-19,0.481,0.3809,0.8032999999999999,42.1,24.8,17.7,0.49450000000000005,0.40170000000000006,0.7496,43.6,30.6,14.9,-0.013500000000000068,-0.02080000000000004,-1.5,-5.800000000000001,-2.799999999999999,1.0
2024_25,0022400297,2024-11-27,PHX,BKN,117,127,244,-10,0.45499999999999996,0.3657,0.743,42.9,26.1,13.1,0.46129999999999993,0.40549999999999997,0.8362999999999999,38.2,25.9,14.1,-0.006299999999999972,-0.03979999999999995,4.699999999999996,0.20000000000000284,1.0,1.0
2024_25,0022400296,2024-11-27,SAS,LAL,101,119,220,-18,0.4686,0.3658,0.8074,43.4,30.9,13.9,0.4852,0.3801,0.7619,38.5,26.6,12.1,-0.016600000000000004,-0.01429999999999998,4.899999999999999,4.299999999999997,-1.8000000000000007,1.0
2024_25,0022400295,2024-11-27,NOP,TOR,93,119,212,-26,0.43310000000000004,0.3256,0.7661,43.7,24.1,15.0,0.4476,0.3326,0.7313,46.5,25.0,15.2,-0.014499999999999957,-0.007000000000000006,-2.799999999999997,-0.8999999999999986,0.1999999999999993,1.0
2024_25,0022400294,2024-11-27,MIN,SAC,104,115,219,-11,0.45940000000000003,0.349,0.8404,42.3,23.0,15.8,0.48250000000000004,0.3243,0.7761,42.8,23.1,14.4,-0.02310000000000001,0.0247,-0.5,-0.10000000000000142,-1.4000000000000004,1.0
2024_25,0022400293,2024-11-27,MEM,DET,131,111,242,20,0.4821,0.36219999999999997,0.7987,49.6,29.7,17.7,0.45199999999999996,0.3624,0.7405,47.5,26.0,15.5,0.030100000000000016,-0.00020000000000003348,2.1000000000000014,3.6999999999999993,-2.1999999999999993,1.0
2024_25,0022400291,2024-11-27,WAS,LAC,96,121,217,-25,0.44589999999999996,0.32839999999999997,0.7271,41.7,23.7,16.6,0.46230000000000004,0.36970000000000003,0.7988,46.3,24.5,16.2,-0.01640000000000008,-0.04130000000000006,-4.599999999999994,-0.8000000000000007,-0.40000000000000213,1.0
2024_25,0022400290,2024-11-27,PHI,HOU,115,122,237,-7,0.4346,0.3048,0.7987,39.1,22.6,14.5,0.4434,0.31779999999999997,0.7797,52.2,24.4,13.6,-0.00880000000000003,-0.012999999999999956,-13.100000000000001,-1.7999999999999972,-0.9000000000000004,1.0
2024_25,0022400289,2024-11-27,ORL,CHI,133,119,252,14,0.45570000000000005,0.309,0.8051999999999999,41.6,24.5,13.8,0.49030000000000007,0.39380000000000004,0.8545,42.6,29.2,15.5,-0.03460000000000002,-0.08480000000000004,-1.0,-4.699999999999999,1.6999999999999993,1.0
2024_25,0022400288,2024-11-27,IND,POR,121,114,235,7,0.47169999999999995,0.368,0.7825,39.4,27.0,14.9,0.4125,0.3141,0.7697,43.8,20.5,18.9,0.059199999999999975,0.0539,-4.399999999999999,6.5,3.9999999999999982,1.0
2024_25,0022400287,2024-11-27,CLE,ATL,124,135,259,-11,0.5197,0.41369999999999996,0.8281000000000001,44.1,28.6,13.7,0.45339999999999997,0.3375,0.7524,46.0,31.0,15.5,0.06630000000000008,0.07619999999999993,-1.8999999999999986,-2.3999999999999986,1.8000000000000007,1.0
2024_25,0022400286,2024-11-27,CHA,MIA,94,98,192,-4,0.42469999999999997,0.362,0.8182,48.1,23.2,16.6,0.44820000000000004,0.37770000000000004,0.8000999999999999,42.0,25.4,12.3,-0.023500000000000076,-0.015700000000000047,6.100000000000001,-2.1999999999999993,-4.300000000000001,1.0
2024_25,0022400292,2024-11-27,DAL,NYK,129,114,243,15,0.4965,0.3462,0.7999,45.9,24.5,14.4,0.5191,0.3794,0.8487,43.1,31.5,11.9,-0.02260000000000001,-0.03320000000000001,2.799999999999997,-7.0,-2.5,1.0
2024_25,0022400046,2024-11-29,MIA,TOR,121,111,232,10,0.44989999999999997,0.3738,0.8119,42.8,25.1,13.4,0.44820000000000004,0.3436,0.6913,48.3,26.3,15.6,0.0016999999999999238,0.030200000000000005,-5.5,-1.1999999999999993,2.1999999999999993,1.0
2024_25,0022400049,2024-11-29,POR,SAC,115,106,221,9,0.4154,0.3317,0.7649,43.5,21.3,18.9,0.484,0.3452,0.7619,44.0,24.0,14.7,-0.0686,-0.013500000000000012,-0.5,-2.6999999999999993,-4.199999999999999,1.0
2024_25,0022400047,2024-11-29,CHI,BOS,129,138,267,-9,0.4932,0.39859999999999995,0.8362999999999999,41.6,29.2,15.5,0.46230000000000004,0.38,0.7954,42.1,27.7,11.7,0.030899999999999983,0.01859999999999995,-0.5,1.5,-3.8000000000000007,1.0
2024_25,0022400045,2024-11-29,IND,DET,106,130,236,-24,0.4808,0.37760000000000005,0.8054,40.4,27.3,14.7,0.4479,0.3572,0.7448,47.2,25.7,15.4,0.032899999999999985,0.02040000000000003,-6.800000000000004,1.6000000000000014,0.7000000000000011,1.0
2024_25,0022400048,2024-11-29,LAL,OKC,93,101,194,-8,0.4944,0.387,0.7809,39.4,27.4,12.3,0.46740000000000004,0.3411,0.8294,40.9,25.2,11.6,0.02699999999999997,0.045899999999999996,-1.5,2.1999999999999993,-0.7000000000000011,1.0
2024_25,0022400043,2024-11-29,BKN,ORL,100,123,223,-23,0.4709,0.42210000000000003,0.8518000000000001,36.7,26.7,14.1,0.4545,0.3225,0.8170999999999999,41.2,24.7,13.6,0.01639999999999997,0.09960000000000002,-4.5,2.0,-0.5,1.0
2024_25,0022400042,2024-11-29,MEM,NOP,120,109,229,11,0.48529999999999995,0.3492,0.7954,48.8,30.0,17.6,0.4241,0.3089,0.7393,45.1,24.4,15.7,0.06119999999999998,0.0403,3.6999999999999957,5.600000000000001,-1.9000000000000021,1.0
2024_25,0022400041,2024-11-29,ATL,CLE,117,101,218,16,0.4558,0.3456,0.7716999999999999,46.3,31.8,16.2,0.5118,0.3964,0.8262,43.9,28.4,13.7,-0.05600000000000005,-0.050799999999999956,2.3999999999999986,3.400000000000002,-2.5,1.0
2024_25,0022400040,2024-11-29,CHA,NYK,98,99,197,-1,0.4192,0.36350000000000005,0.7556999999999999,47.7,23.2,16.7,0.5183,0.3731,0.8545,41.6,30.0,11.7,-0.09909999999999997,-0.009599999999999942,6.100000000000001,-6.800000000000001,-5.0,1.0
2024_25,0022400044,2024-11-29,MIN,LAC,93,92,185,1,0.4492,0.3428,0.8292999999999999,41.6,22.6,15.9,0.4668,0.36760000000000004,0.7967,46.3,25.4,16.4,-0.017600000000000005,-0.024800000000000044,-4.699999999999996,-2.799999999999997,0.4999999999999982,1.0
2024_25,0022400300,2024-11-30,CHA,ATL,104,107,211,-3,0.41740000000000005,0.36140000000000005,0.7457,46.0,23.4,16.7,0.4622,0.3451,0.7767,47.2,32.1,16.5,-0.04479999999999995,0.016300000000000037,-1.2000000000000028,-8.700000000000003,-0.1999999999999993,1.0
2024_25,0022400301,2024-11-30,DET,PHI,96,111,207,-15,0.4628,0.3722,0.7552000000000001,47.0,27.1,15.4,0.42460000000000003,0.31320000000000003,0.8147,40.1,22.6,14.1,0.038199999999999956,0.05899999999999994,6.899999999999999,4.5,-1.3000000000000007,1.0
2024_25,0022400302,2024-11-30,MIL,WAS,124,114,238,10,0.4796,0.396,0.7073,44.0,25.0,13.6,0.4462,0.3269,0.7263,41.6,23.1,16.8,0.03340000000000004,0.0691,2.3999999999999986,1.8999999999999986,3.200000000000001,1.0
2024_25,0022400303,2024-11-30,PHX,GSW,113,105,218,8,0.4582,0.3625,0.7529,42.0,25.7,13.2,0.44770000000000004,0.3641,0.6599,49.2,30.5,15.4,0.010499999999999954,-0.0015999999999999903,-7.200000000000003,-4.800000000000001,2.200000000000001,1.0
2024_25,0022400304,2024-11-30,UTA,DAL,94,106,200,-12,0.4803,0.3766,0.77,42.9,24.9,17.4,0.5017,0.3644,0.7852,46.3,25.4,14.6,-0.02140000000000003,0.012199999999999989,-3.3999999999999986,-0.5,-2.799999999999999,1.0
2024_25,0022400314,2024-12-01,LAC,DEN,126,122,248,4,0.4547,0.3458,0.8046,45.5,24.3,15.5,0.49989999999999996,0.4027,0.7559,43.1,30.7,14.3,-0.04519999999999996,-0.056900000000000006,2.3999999999999986,-6.399999999999999,-1.1999999999999993,1.0
2024_25,0022400313,2024-12-01,SAC,SAS,125,127,252,-2,0.47990000000000005,0.3512,0.7527,42.4,24.6,15.2,0.45730000000000004,0.3598,0.8234,42.7,30.0,13.8,0.02260000000000001,-0.008599999999999997,-0.30000000000000426,-5.399999999999999,-1.3999999999999986,1.0
2024_25,0022400312,2024-12-01,POR,DAL,131,137,268,-6,0.4236,0.33740000000000003,0.7699,43.8,22.7,18.4,0.49400000000000005,0.3726,0.7715,46.9,25.5,15.1,-0.07040000000000007,-0.035199999999999954,-3.1000000000000014,-2.8000000000000007,-3.299999999999999,1.0
2024_25,0022400311,2024-12-01,UTA,LAL,104,105,209,-1,0.46980000000000005,0.3694,0.7796000000000001,43.7,24.6,17.1,0.4878,0.3702,0.7714000000000001,39.6,27.1,12.7,-0.01799999999999996,-0.0007999999999999674,4.100000000000001,-2.5,-4.400000000000002,1.0
2024_25,0022400310,2024-12-01,HOU,OKC,119,116,235,3,0.44800000000000006,0.3295,0.7889,52.0,24.8,14.5,0.4572,0.3358,0.8173999999999999,41.5,24.8,11.5,-0.00919999999999993,-0.006299999999999972,10.5,0.0,-3.0,1.0
2024_25,0022400309,2024-12-01,TOR,MIA,119,116,235,3,0.45990000000000003,0.3518,0.7166,48.5,27.1,16.5,0.4521,0.3745,0.7993,41.8,25.6,13.4,0.007800000000000029,-0.022699999999999998,6.700000000000003,1.5,-3.0999999999999996,1.0
2024_25,0022400307,2024-12-01,CLE,BOS,115,111,226,4,0.4986,0.37770000000000004,0.8229,43.6,27.2,13.0,0.47009999999999996,0.3874,0.7883,42.5,27.9,11.4,0.028500000000000025,-0.009699999999999986,1.1000000000000014,-0.6999999999999993,-1.5999999999999996,1.0
2024_25,0022400306,2024-12-01,MEM,IND,136,121,257,15,0.4869,0.3459,0.7898,48.9,30.6,17.3,0.4779,0.3683,0.8137000000000001,40.4,26.9,15.3,0.009000000000000008,-0.02240000000000003,8.5,3.700000000000003,-2.0,1.0
2024_25,0022400305,2024-12-01,BKN,ORL,92,100,192,-8,0.4756,0.43549999999999994,0.8288,36.6,26.8,14.1,0.46240000000000003,0.3385,0.8064,40.8,25.1,14.1,0.01319999999999999,0.09699999999999992,-4.199999999999996,1.6999999999999993,0.0,1.0
2024_25,0022400308,2024-12-01,NYK,NOP,118,85,203,33,0.5073000000000001,0.3826,0.8519,42.1,29.7,12.4,0.42780000000000007,0.3076,0.7369,46.6,24.2,15.6,0.07950000000000002,0.07500000000000001,-4.5,5.5,3.1999999999999993,1.0
2024_25,0022400315,2024-12-02,ATL,NOP,124,112,236,12,0.4648,0.3444,0.7812,48.2,31.7,17.3,0.4203,0.2891,0.7099,46.3,23.1,15.9,0.044499999999999984,0.05529999999999996,1.9000000000000057,8.599999999999998,-1.4000000000000004,1.0
2024_25,0022400316,2024-12-02,BOS,MIA,108,89,197,19,0.4668,0.3957,0.7988,43.2,27.3,11.2,0.44749999999999995,0.3655,0.8045,43.0,24.8,13.4,0.01930000000000004,0.030200000000000005,0.20000000000000284,2.5,2.200000000000001,1.0
2024_25,0022400317,2024-12-02,CHI,BKN,128,102,230,26,0.49539999999999995,0.40099999999999997,0.8362999999999999,40.8,29.4,14.2,0.4707,0.41609999999999997,0.8220000000000001,35.3,26.3,14.1,0.024699999999999944,-0.015100000000000002,5.5,3.099999999999998,-0.09999999999999964,1.0
2024_25,0022400318,2024-12-02,MIN,LAL,109,80,189,29,0.442,0.3373,0.8307,41.6,21.9,16.1,0.4809,0.359,0.7693,40.5,26.4,12.7,-0.03889999999999999,-0.021699999999999997,1.1000000000000014,-4.5,-3.400000000000002,1.0
2024_25,0022400057,2024-12-03,PHX,SAS,104,93,197,11,0.4563,0.3754,0.7671,42.8,26.2,13.7,0.4638,0.3736,0.8172,42.8,30.3,13.4,-0.007500000000000007,0.0018000000000000238,0.0,-4.100000000000001,-0.29999999999999893,1.0
2024_25,0022400060,2024-12-03,LAC,POR,127,105,232,22,0.4629,0.3552,0.8048,45.5,24.4,15.7,0.4479,0.386,0.7722,43.4,23.8,18.1,0.014999999999999958,-0.030799999999999994,2.1000000000000014,0.5999999999999979,2.400000000000002,1.0
2024_25,0022400059,2024-12-03,SAC,HOU,120,111,231,9,0.4835,0.3624,0.743,43.8,26.0,15.1,0.44329999999999997,0.34290000000000004,0.7778,51.3,25.5,13.4,0.040200000000000014,0.019499999999999962,-7.5,0.5,-1.6999999999999993,1.0
2024_25,0022400058,2024-12-03,DEN,GSW,119,115,234,4,0.5107,0.4023,0.7358,41.5,31.0,13.9,0.441,0.3681,0.6718,49.5,30.1,14.6,0.06970000000000004,0.03420000000000001,-8.0,0.8999999999999986,0.6999999999999993,1.0
2024_25,0022400056,2024-12-03,DAL,MEM,121,116,237,5,0.4968,0.3902,0.7758,46.2,26.2,14.6,0.4843,0.3435,0.7856,47.8,31.0,16.0,0.012500000000000011,0.046699999999999964,-1.5999999999999943,-4.800000000000001,1.4000000000000004,1.0
2024_25,0022400050,2024-12-03,CHA,PHI,104,110,214,-6,0.41669999999999996,0.373,0.7434999999999999,45.5,23.5,16.1,0.43339999999999995,0.3154,0.8221999999999999,40.7,21.7,15.0,-0.016699999999999993,0.057599999999999985,4.799999999999997,1.8000000000000007,-1.1000000000000014,1.0
2024_25,0022400054,2024-12-03,TOR,IND,122,111,233,11,0.46820000000000006,0.3518,0.7052,49.2,27.5,16.3,0.48760000000000003,0.3683,0.8056000000000001,40.4,27.5,15.1,-0.019399999999999973,-0.016500000000000015,8.800000000000004,0.0,-1.200000000000001,1.0
2024_25,0022400053,2024-12-03,NYK,ORL,121,106,227,15,0.5036,0.398,0.8461000000000001,43.4,29.6,12.6,0.46210000000000007,0.33399999999999996,0.8056000000000001,41.7,24.9,15.2,0.04149999999999998,0.06400000000000006,1.6999999999999957,4.700000000000003,2.5999999999999996,1.0
2024_25,0022400052,2024-12-03,DET,MIL,107,128,235,-21,0.4546,0.36360000000000003,0.7528,45.6,26.1,15.2,0.48740000000000006,0.4184,0.7221,43.7,26.1,13.6,-0.03280000000000005,-0.05479999999999996,1.8999999999999986,0.0,-1.5999999999999996,1.0
2024_25,0022400051,2024-12-03,CLE,WAS,118,87,205,31,0.49329999999999996,0.3892,0.8240000000000001,44.7,27.0,13.2,0.44749999999999995,0.3247,0.7501,42.0,23.5,16.3,0.04580000000000001,0.0645,2.700000000000003,3.5,3.1000000000000014,1.0
2024_25,0022400055,2024-12-03,OKC,UTA,133,106,239,27,0.4572,0.3358,0.8126,42.0,25.3,11.1,0.4715,0.3649,0.7643,44.2,24.1,17.3,-0.01429999999999998,-0.029100000000000015,-2.200000000000003,1.1999999999999993,6.200000000000001,1.0
2024_25,0022400323,2024-12-04,MIL,ATL,104,119,223,-15,0.49560000000000004,0.43390000000000006,0.7173,43.2,26.6,14.1,0.46529999999999994,0.33940000000000003,0.8074,48.9,31.2,17.5,0.030300000000000105,0.09450000000000003,-5.699999999999996,-4.599999999999998,3.4000000000000004,1.0
2024_25,0022400322,2024-12-04,PHI,ORL,102,106,208,-4,0.4333,0.3281,0.8352999999999999,39.8,21.9,14.5,0.46530000000000005,0.3229,0.8029,40.5,24.3,15.1,-0.03200000000000003,0.005199999999999982,-0.7000000000000028,-2.400000000000002,0.5999999999999996,1.0
2024_25,0022400324,2024-12-04,LAC,MIN,80,108,188,-28,0.48040000000000005,0.3816,0.8084,43.9,26.1,15.6,0.4528,0.3513,0.8261,41.2,22.8,15.6,0.02760000000000007,0.030299999999999994,2.6999999999999957,3.3000000000000007,0.0,1.0
2024_25,0022400320,2024-12-04,BKN,IND,99,90,189,9,0.4601,0.40519999999999995,0.8187,36.0,26.1,14.1,0.4816,0.3683,0.8059000000000001,39.9,26.8,15.2,-0.021499999999999964,0.03689999999999993,-3.8999999999999986,-0.6999999999999993,1.0999999999999996,1.0
2024_25,0022400319,2024-12-04,BOS,DET,130,120,250,10,0.4699,0.3922,0.7945,44.4,27.1,11.7,0.4546,0.34950000000000003,0.7485999999999999,45.2,25.4,15.5,0.01529999999999998,0.04269999999999996,-0.8000000000000043,1.7000000000000028,3.8000000000000007,1.0
2024_25,0022400321,2024-12-04,MIA,LAL,134,93,227,41,0.4389,0.3529,0.8144,43.1,25.4,12.1,0.4708,0.3296,0.7719,40.2,25.2,13.0,-0.031899999999999984,0.023299999999999987,2.8999999999999986,0.1999999999999993,0.9000000000000004,1.0
2024_25,0022400325,2024-12-05,CLE,DEN,126,114,240,12,0.49729999999999996,0.3907,0.813,44.9,27.5,13.4,0.49959999999999993,0.3967,0.7263,41.4,30.5,13.6,-0.0022999999999999687,-0.006000000000000005,3.5,-3.0,0.1999999999999993,1.0
2024_25,0022400326,2024-12-05,WAS,DAL,101,137,238,-36,0.4452,0.3046,0.7569,43.8,23.2,16.5,0.49429999999999996,0.4,0.769,48.1,26.1,15.4,-0.04909999999999998,-0.09540000000000004,-4.300000000000004,-2.900000000000002,-1.0999999999999996,1.0
2024_25,0022400327,2024-12-05,NYK,CHA,125,101,226,24,0.5031,0.40040000000000003,0.8794000000000001,43.3,29.5,13.0,0.4204,0.377,0.7685,45.4,23.5,15.8,0.0827,0.023400000000000032,-2.1000000000000014,6.0,2.8000000000000007,1.0
2024_25,0022400328,2024-12-05,TOR,OKC,92,129,221,-37,0.48760000000000003,0.3552,0.6976,48.0,28.3,16.2,0.45760000000000006,0.33290000000000003,0.8078,42.5,25.4,10.8,0.02999999999999997,0.022299999999999986,5.5,2.900000000000002,-5.399999999999999,1.0
2024_25,0022400329,2024-12-05,MEM,SAC,115,110,225,5,0.4835,0.3396,0.7967,47.6,30.9,16.5,0.471,0.35550000000000004,0.7323999999999999,42.7,25.5,14.4,0.012500000000000011,-0.015900000000000025,4.899999999999999,5.399999999999999,-2.0999999999999996,1.0
2024_25,0022400330,2024-12-05,NOP,PHX,126,124,250,2,0.4248,0.2958,0.7099,44.6,23.1,15.1,0.4631,0.3782,0.7681,42.4,25.8,13.9,-0.0383,-0.08239999999999997,2.200000000000003,-2.6999999999999993,-1.1999999999999993,1.0
2024_25,0022400331,2024-12-05,SAS,CHI,124,139,263,-15,0.44820000000000004,0.344,0.7922,43.7,29.8,13.0,0.4939,0.3961,0.8390000000000001,42.2,29.6,14.1,-0.04569999999999996,-0.052100000000000035,1.5,0.1999999999999993,1.0999999999999996,1.0
2024_25,0022400332,2024-12-05,GSW,HOU,99,93,192,6,0.4367,0.3509,0.6736,49.7,30.2,14.6,0.4441,0.34130000000000005,0.7786,50.7,24.1,13.6,-0.007400000000000018,0.009599999999999942,-1.0,6.099999999999998,-1.0,1.0
2024_25,0022400338,2024-12-06,GSW,MIN,90,107,197,-17,0.4307,0.3489,0.6809999999999999,50.1,29.2,14.3,0.45030000000000003,0.35059999999999997,0.7904,43.0,23.7,14.8,-0.019600000000000006,-0.0016999999999999793,7.100000000000001,5.5,0.5,1.0
2024_25,0022400339,2024-12-06,POR,UTA,99,141,240,-42,0.44800000000000006,0.36419999999999997,0.7635,42.4,23.3,17.9,0.47519999999999996,0.3638,0.7654,43.8,23.7,18.2,-0.02719999999999989,0.00039999999999995595,-1.3999999999999986,-0.3999999999999986,0.3000000000000007,1.0
2024_25,0022400337,2024-12-06,SAS,SAC,113,140,253,-27,0.4423,0.3317,0.7859,43.9,28.6,13.2,0.4608,0.346,0.7281,42.2,25.3,14.4,-0.01849999999999996,-0.01429999999999998,1.6999999999999957,3.3000000000000007,1.200000000000001,1.0
2024_25,0022400336,2024-12-06,CHI,IND,123,132,255,-9,0.5006,0.3944,0.8372999999999999,43.6,30.0,14.3,0.4725,0.3477,0.7977000000000001,39.3,25.8,15.7,0.02810000000000007,0.046699999999999964,4.300000000000004,4.199999999999999,1.3999999999999986,1.0
2024_25,0022400335,2024-12-06,BOS,MIL,111,105,216,6,0.4671,0.39180000000000004,0.7889999999999999,45.3,27.3,11.3,0.49749999999999994,0.4386,0.7247,42.5,26.4,14.2,-0.030399999999999927,-0.04679999999999995,2.799999999999997,0.9000000000000021,2.8999999999999986,1.0
2024_25,0022400334,2024-12-06,ATL,LAL,134,132,266,2,0.4625,0.3351,0.8150000000000001,48.8,31.3,17.3,0.4628,0.3071,0.7673,39.7,25.4,13.1,-0.00029999999999996696,0.028000000000000025,9.099999999999994,5.900000000000002,-4.200000000000001,1.0
2024_25,0022400333,2024-12-06,PHI,ORL,102,94,196,8,0.44480000000000003,0.3315,0.7974,39.3,22.3,14.4,0.47050000000000003,0.32080000000000003,0.7927000000000001,40.4,24.9,14.7,-0.0257,0.010699999999999987,-1.1000000000000014,-2.599999999999998,0.29999999999999893,1.0
2024_25,0022400340,2024-12-07,CHA,CLE,102,116,218,-14,0.42119999999999996,0.3798,0.7428,44.1,23.7,15.9,0.4979,0.39649999999999996,0.7931,45.0,28.2,14.0,-0.07670000000000005,-0.016699999999999937,-0.8999999999999986,-4.5,-1.9000000000000004,1.0
2024_25,0022400341,2024-12-07,WAS,DEN,122,113,235,9,0.433,0.2962,0.7361,43.6,23.0,15.9,0.4969,0.3734,0.7298,41.8,29.5,14.2,-0.06390000000000001,-0.07719999999999999,1.8000000000000043,-6.5,-1.700000000000001,1.0
2024_25,0022400342,2024-12-07,NOP,OKC,109,119,228,-10,0.43179999999999996,0.3033,0.693,43.4,23.3,14.9,0.46130000000000004,0.3306,0.8089000000000001,44.9,26.2,10.7,-0.02950000000000008,-0.02729999999999999,-1.5,-2.8999999999999986,-4.200000000000001,1.0
2024_25,0022400343,2024-12-07,NYK,DET,111,120,231,-9,0.504,0.42069999999999996,0.8754,43.1,29.9,12.6,0.4647,0.37970000000000004,0.7614,43.0,25.7,16.0,0.0393,0.040999999999999925,0.10000000000000142,4.199999999999999,3.4000000000000004,1.0
2024_25,0022400344,2024-12-07,TOR,DAL,118,125,243,-7,0.48710000000000003,0.3538,0.7053,47.8,28.6,16.7,0.5014000000000001,0.42679999999999996,0.769,48.6,26.2,15.5,-0.014300000000000035,-0.07299999999999995,-0.8000000000000043,2.400000000000002,-1.1999999999999993,1.0
2024_25,0022400345,2024-12-07,BOS,MEM,121,127,248,-6,0.4593,0.3761,0.8057000000000001,44.9,26.5,11.1,0.4902,0.35710000000000003,0.7962,47.1,31.4,17.2,-0.03090000000000004,0.01899999999999996,-2.200000000000003,-4.899999999999999,6.1,1.0
2024_25,0022400346,2024-12-07,MIA,PHX,121,111,232,10,0.4502,0.36619999999999997,0.8042,44.0,27.1,12.5,0.46370000000000006,0.3698,0.7762,42.8,26.9,14.6,-0.013500000000000068,-0.0036000000000000476,1.2000000000000028,0.20000000000000284,2.0999999999999996,1.0
2024_25,0022400357,2024-12-08,SAC,UTA,141,97,238,44,0.4669,0.3468,0.7478,43.1,26.2,14.1,0.48109999999999997,0.3614,0.7828999999999999,46.6,25.5,18.0,-0.01419999999999999,-0.014600000000000002,-3.5,0.6999999999999993,3.9000000000000004,1.0
2024_25,0022400356,2024-12-08,LAC,HOU,106,117,223,-11,0.4664,0.3816,0.8164999999999999,44.4,24.4,17.0,0.4333,0.3244,0.7773,50.4,23.0,13.2,0.03309999999999996,0.05719999999999997,-6.0,1.3999999999999986,-3.8000000000000007,1.0
2024_25,0022400355,2024-12-08,GSW,MIN,114,106,220,8,0.4258,0.3358,0.6971999999999999,48.6,28.0,14.6,0.45640000000000003,0.366,0.806,43.7,25.3,15.5,-0.030600000000000016,-0.030200000000000005,4.899999999999999,2.6999999999999993,0.9000000000000004,1.0
2024_25,0022400354,2024-12-08,SAS,NOP,121,116,237,5,0.43629999999999997,0.328,0.7809,44.1,28.2,13.3,0.4377,0.29510000000000003,0.6961999999999999,41.9,23.4,15.0,-0.0014000000000000123,0.032899999999999985,2.200000000000003,4.800000000000001,1.6999999999999993,1.0
2024_25,0022400353,2024-12-08,WAS,MEM,112,140,252,-28,0.44079999999999997,0.3003,0.7325999999999999,43.0,23.3,16.0,0.4951,0.3693,0.7912,47.8,30.8,17.2,-0.054300000000000015,-0.069,-4.799999999999997,-7.5,1.1999999999999993,1.0
2024_25,0022400348,2024-12-08,BKN,MIL,113,118,231,-5,0.45949999999999996,0.3972,0.8032999999999999,36.6,25.8,14.9,0.49269999999999997,0.43360000000000004,0.7191,42.9,25.4,13.9,-0.03320000000000001,-0.03640000000000004,-6.299999999999997,0.40000000000000213,-1.0,1.0
2024_25,0022400351,2024-12-08,MIA,CLE,122,113,235,9,0.4508,0.3711,0.7998999999999999,44.5,27.4,12.7,0.4931,0.38449999999999995,0.7806,45.7,27.7,13.9,-0.042300000000000004,-0.013399999999999967,-1.2000000000000028,-0.3000000000000007,1.200000000000001,1.0
2024_25,0022400350,2024-12-08,ATL,DEN,111,141,252,-30,0.4666,0.3432,0.8083,48.9,32.3,16.3,0.5027999999999999,0.3664,0.6982,42.8,30.3,14.9,-0.0361999999999999,-0.0232,6.100000000000001,1.9999999999999964,-1.4000000000000004,1.0
2024_25,0022400349,2024-12-08,IND,CHA,109,113,222,-4,0.48460000000000003,0.3702,0.8009999999999999,40.7,26.2,15.9,0.4234,0.36950000000000005,0.749,43.8,22.4,16.0,0.06120000000000003,0.0006999999999999229,-3.0999999999999943,3.8000000000000007,0.09999999999999964,1.0
2024_25,0022400358,2024-12-08,LAL,POR,107,98,205,9,0.47050000000000003,0.3228,0.7769999999999999,39.4,26.3,13.5,0.44110000000000005,0.358,0.7369,41.1,23.9,17.0,0.02939999999999998,-0.03520000000000001,-1.7000000000000028,2.400000000000002,3.5,1.0
2024_25,0022400347,2024-12-08,CHI,PHI,100,108,208,-8,0.5144,0.4114,0.8251,42.7,30.7,14.0,0.4483,0.3258,0.772,38.5,22.2,14.8,0.06609999999999999,0.08560000000000001,4.200000000000003,8.5,0.8000000000000007,1.0
2024_25,0022400352,2024-12-08,ORL,PHX,115,110,225,5,0.4615,0.31120000000000003,0.8009000000000001,40.4,24.2,15.7,0.47050000000000003,0.3786,0.7951,42.9,27.5,15.0,-0.009000000000000008,-0.06739999999999996,-2.5,-3.3000000000000007,-0.6999999999999993,1.0
2024_25,0022400359,2024-12-09,TOR,NYK,108,113,221,-5,0.48230000000000006,0.3532,0.733,47.1,28.8,17.1,0.5083,0.42060000000000003,0.8558,41.5,29.3,13.3,-0.025999999999999912,-0.06740000000000002,5.600000000000001,-0.5,-3.8000000000000007,1.0
2024_25,0022401203,2024-12-10,OKC,DAL,118,104,222,14,0.4746,0.3431,0.7955,44.1,26.8,11.6,0.5006999999999999,0.4239,0.7722,48.5,26.5,15.7,-0.0260999999999999,-0.08079999999999998,-4.399999999999999,0.3000000000000007,4.1,1.0
2024_25,0022401201,2024-12-10,MIL,ORL,114,109,223,5,0.499,0.4403,0.7517,42.0,24.9,14.6,0.4652,0.3216,0.7849999999999999,42.4,23.8,15.6,0.0338,0.11870000000000003,-0.3999999999999986,1.0999999999999979,1.0,1.0
2024_25,0022401202,2024-12-11,NYK,ATL,100,108,208,-8,0.5035000000000001,0.4131,0.8267,41.4,28.8,13.5,0.46020000000000005,0.3236,0.7990999999999999,49.7,31.5,16.1,0.043300000000000005,0.08950000000000002,-8.300000000000004,-2.6999999999999993,2.6000000000000014,1.0
2024_25,0022401204,2024-12-11,HOU,GSW,91,90,181,1,0.42969999999999997,0.3316,0.79,48.8,21.9,13.6,0.4285,0.3384,0.7198,48.6,28.1,14.0,0.0011999999999999789,-0.006799999999999973,0.19999999999999574,-6.200000000000003,0.40000000000000036,1.0
2024_25,0022401205,2024-12-12,BOS,DET,123,99,222,24,0.4549,0.37170000000000003,0.7841,45.8,26.1,11.5,0.46909999999999996,0.385,0.7666999999999999,42.2,25.8,17.0,-0.014199999999999935,-0.013299999999999979,3.5999999999999943,0.3000000000000007,5.5,1.0
2024_25,0022401206,2024-12-12,MIA,TOR,114,104,218,10,0.4585,0.3701,0.7971999999999999,45.4,28.0,12.8,0.4686,0.34199999999999997,0.7434000000000001,47.6,28.4,16.1,-0.010099999999999998,0.028100000000000014,-2.200000000000003,-0.3999999999999986,3.3000000000000007,1.0
2024_25,0022401207,2024-12-12,NOP,SAC,109,111,220,-2,0.44139999999999996,0.2949,0.6915,42.5,24.1,13.7,0.48040000000000005,0.3533,0.7365999999999999,42.9,27.7,13.2,-0.03900000000000009,-0.05840000000000001,-0.3999999999999986,-3.599999999999998,-0.5,1.0
2024_25,0022401215,2024-12-13,POR,SAS,116,118,234,-2,0.4365,0.34619999999999995,0.7642,42.0,22.5,16.8,0.4497,0.33130000000000004,0.7748,45.1,28.8,13.4,-0.01319999999999999,0.014899999999999913,-3.1000000000000014,-6.300000000000001,-3.4000000000000004,1.0
2024_25,0022401214,2024-12-13,UTA,PHX,126,134,260,-8,0.47050000000000003,0.3671,0.7948000000000001,46.3,25.2,18.1,0.48819999999999997,0.40069999999999995,0.8065,41.8,28.2,15.4,-0.017699999999999938,-0.03359999999999996,4.5,-3.0,-2.700000000000001,1.0
2024_25,0022401212,2024-12-13,CHI,CHA,109,95,204,14,0.5067,0.3966,0.8382,41.6,30.8,14.4,0.4284,0.3637,0.7357,43.9,22.3,16.2,0.07830000000000004,0.032899999999999985,-2.299999999999997,8.5,1.799999999999999,1.0
2024_25,0022401213,2024-12-13,DEN,LAC,120,98,218,22,0.524,0.3785,0.6976,43.2,32.3,15.4,0.4683,0.3669,0.8089000000000001,43.3,23.6,15.8,0.05570000000000003,0.0116,-0.09999999999999432,8.699999999999996,0.40000000000000036,1.0
2024_25,0022401210,2024-12-13,MIN,LAL,97,87,184,10,0.4545,0.3704,0.7935000000000001,43.5,24.9,16.0,0.461,0.31579999999999997,0.7905,40.0,25.8,13.2,-0.006500000000000006,0.05460000000000004,3.5,-0.9000000000000021,-2.8000000000000007,1.0
2024_25,0022401209,2024-12-13,PHI,IND,107,121,228,-14,0.4547,0.3185,0.7792,40.7,22.8,14.6,0.48279999999999995,0.38079999999999997,0.8077,40.0,26.6,15.3,-0.02809999999999996,-0.062299999999999967,0.7000000000000028,-3.8000000000000007,0.7000000000000011,1.0
2024_25,0022401208,2024-12-13,CLE,WAS,115,105,220,10,0.48369999999999996,0.3836,0.7786,44.5,27.6,12.8,0.4368,0.2747,0.7535000000000001,44.3,23.2,16.4,0.04689999999999994,0.1089,0.20000000000000284,4.400000000000002,3.599999999999998,1.0
2024_25,0022401211,2024-12-13,MEM,BKN,135,119,254,16,0.5074,0.3851,0.8092,46.9,31.8,16.8,0.46799999999999997,0.40140000000000003,0.8204,36.1,25.1,15.3,0.03939999999999999,-0.016300000000000037,10.799999999999997,6.699999999999999,-1.5,1.0
2024_25,0022401216,2024-12-15,IND,NOP,119,104,223,15,0.4871,0.3852,0.8100999999999999,39.5,27.1,14.7,0.446,0.3069,0.7129,42.8,24.0,14.3,0.04109999999999997,0.07829999999999998,-3.299999999999997,3.1000000000000014,-0.3999999999999986,1.0
2024_25,0022401217,2024-12-15,WAS,BOS,98,112,210,-14,0.4372,0.27640000000000003,0.779,44.6,23.3,17.2,0.4548,0.3597,0.7973,46.7,26.3,11.6,-0.017600000000000005,-0.08329999999999999,-2.1000000000000014,-3.0,-5.6,1.0
2024_25,0022401218,2024-12-15,SAS,MIN,92,106,198,-14,0.4545,0.3367,0.7826,44.6,28.8,12.8,0.4422,0.3549,0.7954000000000001,45.1,24.0,16.0,0.012300000000000033,-0.018199999999999994,-0.5,4.800000000000001,3.1999999999999993,1.0
2024_25,0022401219,2024-12-15,PHX,POR,116,109,225,7,0.4869,0.40440000000000004,0.8231999999999999,41.4,28.9,14.1,0.44720000000000004,0.3457,0.7868999999999999,40.7,23.2,16.0,0.03969999999999996,0.05870000000000003,0.6999999999999957,5.699999999999999,1.9000000000000004,1.0
2024_25,0022401220,2024-12-15,LAL,MEM,116,110,226,6,0.44880000000000003,0.3025,0.7898,41.7,25.4,14.4,0.5117,0.3881,0.7759,47.7,32.2,16.1,-0.06290000000000001,-0.08560000000000001,-6.0,-6.800000000000004,1.700000000000001,1.0
2024_25,0022401227,2024-12-15,ORL,NYK,91,100,191,-9,0.462,0.3063,0.7771,42.2,22.6,15.3,0.48840000000000006,0.3906,0.7962,42.2,28.5,13.5,-0.026400000000000035,-0.08429999999999999,0.0,-5.899999999999999,-1.8000000000000007,1.0
2024_25,0022401228,2024-12-15,GSW,DAL,133,143,276,-10,0.426,0.335,0.6975,47.1,26.7,14.7,0.49610000000000004,0.4204,0.7605999999999999,48.1,26.4,16.4,-0.07010000000000005,-0.08539999999999998,-1.0,0.3000000000000007,1.6999999999999993,1.0
2024_25,0022401225,2024-12-16,SAC,DEN,129,130,259,-1,0.48200000000000004,0.36360000000000003,0.7589,43.1,28.2,12.8,0.5305,0.37970000000000004,0.7152999999999999,42.5,31.7,15.7,-0.04849999999999993,-0.016100000000000003,0.6000000000000014,-3.5,2.8999999999999986,1.0
2024_25,0022401226,2024-12-16,LAC,UTA,144,107,251,37,0.46349999999999997,0.35100000000000003,0.7835,41.5,23.8,15.2,0.4763,0.3902,0.7924,45.5,25.4,18.0,-0.012800000000000034,-0.03919999999999996,-4.0,-1.5999999999999979,2.8000000000000007,1.0
2024_25,0022401223,2024-12-16,TOR,CHI,121,122,243,-1,0.46180000000000004,0.346,0.7423,47.5,29.1,15.6,0.49989999999999996,0.3863,0.8221999999999999,43.5,31.0,14.6,-0.03809999999999991,-0.0403,4.0,-1.8999999999999986,-1.0,1.0
2024_25,0022401221,2024-12-16,DET,MIA,125,124,249,1,0.46909999999999996,0.3698,0.7783,41.7,25.8,16.9,0.46529999999999994,0.38120000000000004,0.7715,45.3,27.5,13.0,0.0038000000000000256,-0.011400000000000021,-3.5999999999999943,-1.6999999999999993,-3.8999999999999986,1.0
2024_25,0022401222,2024-12-16,CHA,PHI,108,121,229,-13,0.4168,0.3356,0.7453000000000001,45.0,22.2,16.3,0.4565,0.3341,0.7761,41.2,22.1,14.6,-0.03970000000000001,0.0015000000000000013,3.799999999999997,0.09999999999999787,-1.700000000000001,1.0
2024_25,0022401224,2024-12-16,BKN,CLE,101,130,231,-29,0.4643,0.3952,0.8256,36.6,25.0,15.6,0.47379999999999994,0.3791,0.7604,45.4,27.3,13.2,-0.009499999999999953,0.016100000000000003,-8.799999999999997,-2.3000000000000007,-2.4000000000000004,1.0
2024_25,0022400372,2024-12-19,SAC,LAL,100,113,213,-13,0.4819,0.3619,0.7894,42.9,28.9,12.3,0.4521,0.2958,0.783,42.9,25.0,15.2,0.029799999999999993,0.06609999999999999,0.0,3.8999999999999986,2.8999999999999986,1.0
2024_25,0022400371,2024-12-19,POR,DEN,126,124,250,2,0.45890000000000003,0.35069999999999996,0.7865,41.0,24.5,15.2,0.5327,0.3637,0.7248,43.8,32.2,15.7,-0.07379999999999992,-0.013000000000000067,-2.799999999999997,-7.700000000000003,0.5,1.0
2024_25,0022400370,2024-12-19,SAS,ATL,133,126,259,7,0.4486,0.333,0.7843,44.5,29.0,13.6,0.46820000000000006,0.32589999999999997,0.8016,49.0,31.5,15.5,-0.019600000000000062,0.007100000000000051,-4.5,-2.5,1.9000000000000004,1.0
2024_25,0022400369,2024-12-19,PHX,IND,111,120,231,-9,0.493,0.4136,0.8341000000000001,41.5,28.7,13.9,0.49000000000000005,0.3829,0.8198000000000001,39.3,27.3,15.2,0.002999999999999947,0.030700000000000005,2.200000000000003,1.3999999999999986,1.299999999999999,1.0
2024_25,0022400368,2024-12-19,DAL,LAC,95,118,213,-23,0.5054000000000001,0.4346,0.7548,48.4,27.6,16.7,0.48179999999999995,0.381,0.7615999999999999,40.2,23.9,15.6,0.02360000000000012,0.05359999999999998,8.199999999999996,3.700000000000003,-1.0999999999999996,1.0
2024_25,0022400366,2024-12-19,MEM,GSW,144,93,237,51,0.4936,0.375,0.7942,47.8,30.9,16.8,0.4288,0.35259999999999997,0.6942999999999999,45.6,27.9,14.0,0.06479999999999997,0.02240000000000003,2.1999999999999957,3.0,-2.8000000000000007,1.0
2024_25,0022400367,2024-12-19,MIN,NYK,107,133,240,-26,0.44089999999999996,0.3549,0.8011000000000001,46.2,25.0,15.5,0.49590000000000006,0.399,0.7845,42.7,28.0,14.5,-0.055000000000000104,-0.04410000000000003,3.5,-3.0,-1.0,1.0
2024_25,0022400364,2024-12-19,TOR,BKN,94,101,195,-7,0.47050000000000003,0.3498,0.7508999999999999,46.4,29.7,15.8,0.4569,0.4013,0.8048,36.7,24.7,15.9,0.013600000000000056,-0.05149999999999999,9.699999999999996,5.0,0.09999999999999964,1.0
2024_25,0022400363,2024-12-19,BOS,CHI,108,117,225,-9,0.4554,0.3749,0.7775000000000001,48.0,26.7,12.2,0.4891,0.3771,0.8103,43.5,30.7,13.9,-0.03369999999999995,-0.0021999999999999797,4.5,-4.0,1.700000000000001,1.0
2024_25,0022400362,2024-12-19,WAS,CHA,123,114,237,9,0.4343,0.2839,0.7727,44.9,23.6,16.8,0.4264,0.3268,0.7167,44.0,23.0,17.3,0.007900000000000018,-0.042899999999999994,0.8999999999999986,0.6000000000000014,0.5,1.0
2024_25,0022400361,2024-12-19,ORL,OKC,99,105,204,-6,0.4579,0.3055,0.7676000000000001,41.7,22.5,15.3,0.4707,0.3498,0.8051999999999999,46.4,26.8,12.2,-0.012800000000000034,-0.044300000000000006,-4.699999999999996,-4.300000000000001,-3.1000000000000014,1.0
2024_25,0022400360,2024-12-19,DET,UTA,119,126,245,-7,0.4756,0.3844,0.7722,41.3,26.0,17.2,0.4795,0.3946,0.7772,44.1,25.4,18.9,-0.003899999999999959,-0.010199999999999987,-2.8000000000000043,0.6000000000000014,1.6999999999999993,1.0
2024_25,0022400365,2024-12-19,HOU,NOP,133,113,246,20,0.43550000000000005,0.3257,0.7954,47.1,22.3,14.0,0.4406,0.3064,0.7276,43.4,23.0,15.1,-0.005099999999999938,0.019299999999999984,3.700000000000003,-0.6999999999999993,1.0999999999999996,1.0
2024_25,0022400375,2024-12-20,MIA,OKC,97,104,201,-7,0.4678,0.375,0.8002,44.0,27.8,13.4,0.4779,0.3519,0.8132999999999999,44.9,26.7,12.1,-0.010099999999999998,0.02310000000000001,-0.8999999999999986,1.1000000000000014,-1.3000000000000007,1.0
2024_25,0022400373,2024-12-20,PHI,CHA,108,98,206,10,0.46299999999999997,0.3429,0.7611,41.3,22.1,15.2,0.42569999999999997,0.3235,0.7119,44.0,24.6,15.4,0.0373,0.019399999999999973,-2.700000000000003,-2.5,0.20000000000000107,1.0
2024_25,0022400374,2024-12-20,CLE,MIL,124,101,225,23,0.4742,0.3766,0.7609,44.4,27.7,13.5,0.5077,0.43760000000000004,0.7645000000000001,41.4,25.5,14.6,-0.03350000000000003,-0.061000000000000054,3.0,2.1999999999999993,1.0999999999999996,1.0
2024_25,0022400385,2024-12-21,DAL,LAC,113,97,210,16,0.503,0.43289999999999995,0.7462,46.5,26.8,16.6,0.4756,0.3834,0.7797,40.5,23.8,15.4,0.02739999999999998,0.04949999999999993,6.0,3.0,-1.200000000000001,1.0
2024_25,0022400383,2024-12-21,MIN,GSW,103,113,216,-10,0.445,0.3588,0.7864,45.0,26.0,16.0,0.4265,0.35409999999999997,0.7036,44.3,27.0,14.8,0.018500000000000016,0.0047000000000000375,0.7000000000000028,-1.0,-1.1999999999999993,1.0
2024_25,0022400387,2024-12-21,PHX,DET,125,133,258,-8,0.4929,0.4056,0.8362,42.5,28.5,14.1,0.4727,0.37270000000000003,0.7727,41.8,27.0,16.5,0.020199999999999996,0.032899999999999985,0.7000000000000028,1.5,2.4000000000000004,1.0
2024_25,0022400386,2024-12-21,SAS,POR,114,94,208,20,0.4524,0.3505,0.775,43.9,29.3,14.4,0.46749999999999997,0.34459999999999996,0.7915,40.2,25.8,14.4,-0.015099999999999947,0.005900000000000016,3.6999999999999957,3.5,0.0,1.0
2024_25,0022400382,2024-12-21,MIL,WAS,112,101,213,11,0.4998,0.4385,0.7579,41.4,24.8,15.4,0.43810000000000004,0.29300000000000004,0.7701,46.0,24.5,16.9,0.06169999999999998,0.14549999999999996,-4.600000000000001,0.3000000000000007,1.4999999999999982,1.0
2024_25,0022400384,2024-12-21,NOP,NYK,93,104,197,-11,0.4335,0.3255,0.7417,42.7,22.0,14.8,0.48650000000000004,0.3906,0.7783,44.1,27.4,14.9,-0.05300000000000005,-0.06509999999999999,-1.3999999999999986,-5.399999999999999,0.09999999999999964,1.0
2024_25,0022400380,2024-12-21,CLE,PHI,126,99,225,27,0.47519999999999996,0.3802,0.7752,44.3,28.0,13.9,0.4678,0.34209999999999996,0.7639,41.2,22.6,15.5,0.007399999999999962,0.03810000000000002,3.0999999999999943,5.399999999999999,1.5999999999999996,1.0
2024_25,0022400379,2024-12-21,BKN,UTA,94,105,199,-11,0.44909999999999994,0.37570000000000003,0.8207000000000001,38.9,24.1,16.2,0.47590000000000005,0.3887,0.7938,45.1,24.7,19.8,-0.0268000000000001,-0.012999999999999956,-6.200000000000003,-0.5999999999999979,3.6000000000000014,1.0
2024_25,0022400381,2024-12-21,CHI,BOS,98,123,221,-25,0.4833,0.3684,0.8240999999999999,45.6,30.1,14.0,0.4521,0.3624,0.7832,48.5,26.3,11.9,0.031200000000000006,0.006000000000000005,-2.8999999999999986,3.8000000000000007,-2.0999999999999996,1.0
2024_25,0022400378,2024-12-21,ATL,MEM,112,128,240,-16,0.46980000000000005,0.3386,0.8135999999999999,50.1,31.5,16.7,0.4983000000000001,0.38839999999999997,0.7939999999999999,47.8,31.2,16.6,-0.028500000000000025,-0.049799999999999955,2.3000000000000043,0.3000000000000007,-0.09999999999999787,1.0
2024_25,0022400377,2024-12-21,ORL,MIA,121,114,235,7,0.46340000000000003,0.3108,0.7867,41.8,22.9,16.5,0.4657,0.3705,0.7885,44.3,27.2,14.5,-0.0022999999999999687,-0.059699999999999975,-2.5,-4.300000000000001,-2.0,1.0
2024_25,0022400376,2024-12-21,SAC,LAL,99,103,202,-4,0.4787,0.3748,0.7837,44.1,29.2,12.7,0.449,0.3087,0.7943,44.0,24.7,15.3,0.029700000000000004,0.06610000000000005,0.10000000000000142,4.5,2.6000000000000014,1.0
2024_25,0022400390,2024-12-22,NOP,DEN,129,132,261,-3,0.43579999999999997,0.3294,0.7476,42.5,21.9,15.0,0.5257,0.3578,0.7383,43.0,32.0,15.0,-0.08989999999999998,-0.02839999999999998,-0.5,-10.100000000000001,0.0,1.0
2024_25,0022400389,2024-12-22,SAC,IND,95,122,217,-27,0.47309999999999997,0.3694,0.789,44.0,28.9,12.4,0.48650000000000004,0.38570000000000004,0.8349,39.9,27.3,14.6,-0.013400000000000079,-0.016300000000000037,4.100000000000001,1.5999999999999979,2.1999999999999993,1.0
2024_25,0022400388,2024-12-22,TOR,HOU,110,114,224,-4,0.4706,0.3553,0.7495,44.8,29.7,16.0,0.4469,0.33599999999999997,0.8069000000000001,46.6,23.2,13.8,0.0237,0.01930000000000004,-1.8000000000000043,6.5,-2.1999999999999993,1.0
2024_25,0022400404,2024-12-23,LAL,DET,114,117,231,-3,0.4439,0.29619999999999996,0.761,44.2,23.9,15.4,0.48310000000000003,0.389,0.7744,41.5,27.4,16.4,-0.03920000000000001,-0.09280000000000005,2.700000000000003,-3.5,0.9999999999999982,1.0
2024_25,0022400403,2024-12-23,GSW,IND,105,111,216,-6,0.4241,0.3509,0.7128,44.5,26.8,14.6,0.4957,0.3887,0.8173999999999999,40.2,28.2,14.6,-0.0716,-0.0378,4.299999999999997,-1.3999999999999986,0.0,1.0
2024_25,0022400402,2024-12-23,DEN,PHX,117,90,207,27,0.5316,0.3548,0.7207,45.1,33.1,16.1,0.4991,0.41340000000000005,0.8474999999999999,41.4,28.4,15.1,0.03249999999999997,-0.05860000000000004,3.700000000000003,4.700000000000003,-1.0000000000000018,1.0
2024_25,0022400400,2024-12-23,OKC,WAS,123,105,228,18,0.47919999999999996,0.3641,0.7969,45.1,26.7,12.1,0.4396,0.3089,0.7744,46.4,23.8,17.4,0.03959999999999997,0.05519999999999997,-1.2999999999999972,2.8999999999999986,5.299999999999999,1.0
2024_25,0022400399,2024-12-23,MEM,LAC,110,114,224,-4,0.495,0.3953,0.7958999999999999,47.6,31.6,16.7,0.47430000000000005,0.3835,0.7968999999999999,40.1,23.8,15.7,0.02069999999999994,0.011799999999999977,7.5,7.800000000000001,-1.0,1.0
2024_25,0022400398,2024-12-23,CHI,MIL,91,112,203,-21,0.4711,0.3675,0.8286,44.9,30.0,14.2,0.49139999999999995,0.433,0.7579,41.4,25.0,14.9,-0.02029999999999993,-0.0655,3.5,5.0,0.7000000000000011,1.0
2024_25,0022400401,2024-12-23,DAL,POR,132,108,240,24,0.49850000000000005,0.4272,0.7462,45.7,26.9,16.1,0.47380000000000005,0.3551,0.7796000000000001,40.2,25.7,14.6,0.0247,0.0721,5.5,1.1999999999999993,-1.5000000000000018,1.0
2024_25,0022400396,2024-12-23,MIA,BKN,110,95,205,15,0.46849999999999997,0.3608,0.7853,43.7,26.7,13.8,0.4401,0.3488,0.8257,39.7,24.2,16.9,0.02839999999999998,0.01200000000000001,4.0,2.5,3.099999999999998,1.0
2024_25,0022400395,2024-12-23,ATL,MIN,117,104,221,13,0.4711,0.3464,0.8093999999999999,50.3,31.2,17.8,0.44400000000000006,0.3719,0.7644,44.3,26.6,15.8,0.027099999999999957,-0.025500000000000023,6.0,4.599999999999998,-2.0,1.0
2024_25,0022400394,2024-12-23,PHI,SAS,111,106,217,5,0.4683,0.35140000000000005,0.7534,42.0,21.7,15.4,0.4513,0.3408,0.787,44.9,29.6,14.6,0.017000000000000015,0.010600000000000054,-2.8999999999999986,-7.900000000000002,-0.8000000000000007,1.0
2024_25,0022400393,2024-12-23,ORL,BOS,108,104,212,4,0.4617,0.302,0.7827,42.0,22.3,16.5,0.449,0.35259999999999997,0.7988999999999999,49.7,25.7,12.0,0.012699999999999989,-0.05059999999999998,-7.700000000000003,-3.3999999999999986,-4.5,1.0
2024_25,0022400392,2024-12-23,CLE,UTA,124,113,237,11,0.4822,0.4001,0.7535000000000001,44.8,28.0,13.9,0.47240000000000004,0.3857,0.7666999999999999,45.5,24.8,19.5,0.009799999999999975,0.014400000000000024,-0.7000000000000028,3.1999999999999993,5.6,1.0
2024_25,0022400391,2024-12-23,CHA,HOU,101,114,215,-13,0.43410000000000004,0.3225,0.7506,44.1,24.6,15.8,0.4466,0.3225,0.8207000000000001,46.8,22.3,14.2,-0.012499999999999956,0.0,-2.6999999999999957,2.3000000000000007,-1.6000000000000014,1.0
2024_25,0022400397,2024-12-23,NYK,TOR,139,125,264,14,0.48369999999999996,0.40700000000000003,0.775,45.0,27.8,15.7,0.4668,0.3544,0.7854,43.8,29.2,16.5,0.01689999999999997,0.052600000000000036,1.2000000000000028,-1.3999999999999986,0.8000000000000007,1.0
2024_25,0022400405,2024-12-25,NYK,SAS,117,114,231,3,0.4986,0.4154,0.7651,44.1,29.2,15.3,0.4546,0.3391,0.7876,45.3,29.4,14.9,0.043999999999999984,0.07629999999999998,-1.1999999999999957,-0.1999999999999993,-0.40000000000000036,1.0
2024_25,0022400406,2024-12-25,DAL,MIN,99,105,204,-6,0.4953,0.409,0.7405999999999999,45.5,26.9,15.9,0.4423,0.3686,0.7678,45.3,27.2,16.4,0.05299999999999999,0.04039999999999999,0.20000000000000284,-0.3000000000000007,0.4999999999999982,1.0
2024_25,0022400407,2024-12-25,BOS,PHI,114,118,232,-4,0.44299999999999995,0.3342,0.8065,48.7,24.6,13.0,0.4654,0.35140000000000005,0.7534,42.5,22.0,14.9,-0.02240000000000003,-0.01720000000000005,6.200000000000003,2.6000000000000014,1.9000000000000004,1.0
2024_25,0022400408,2024-12-25,GSW,LAL,113,115,228,-2,0.43170000000000003,0.3505,0.7128,43.2,27.2,14.1,0.45280000000000004,0.314,0.7647999999999999,43.3,24.2,15.7,-0.021100000000000008,0.03649999999999998,-0.09999999999999432,3.0,1.5999999999999996,1.0
2024_25,0022400409,2024-12-25,PHX,DEN,110,100,210,10,0.4857,0.4141,0.8387,41.6,28.2,14.9,0.5279,0.3605,0.7199,45.8,33.6,16.2,-0.042200000000000015,0.053600000000000037,-4.199999999999996,-5.400000000000002,1.299999999999999,1.0
2024_25,0022400416,2024-12-26,NOP,HOU,111,128,239,-17,0.44029999999999997,0.32839999999999997,0.7415,42.2,24.0,15.0,0.45439999999999997,0.3285,0.8208,48.5,22.9,14.4,-0.014100000000000001,-0.0001000000000000445,-6.299999999999997,1.1000000000000014,-0.5999999999999996,1.0
2024_25,0022400418,2024-12-26,SAC,DET,113,114,227,-1,0.4647,0.3653,0.7905,44.6,28.1,11.4,0.48710000000000003,0.3915,0.8024000000000001,41.0,27.4,15.6,-0.02240000000000003,-0.0262,3.6000000000000014,0.7000000000000028,4.199999999999999,1.0
2024_25,0022400417,2024-12-26,POR,UTA,122,120,242,2,0.4694,0.337,0.7945,41.2,24.9,15.1,0.4715,0.3917,0.7748,45.9,25.0,19.3,-0.0020999999999999908,-0.05469999999999997,-4.699999999999996,-0.10000000000000142,4.200000000000001,1.0
2024_25,0022400415,2024-12-26,MIL,BKN,105,111,216,-6,0.4891,0.4263,0.7595,41.2,25.4,14.8,0.4288,0.34409999999999996,0.8102,40.3,23.3,17.1,0.060299999999999965,0.08220000000000005,0.9000000000000057,2.099999999999998,2.3000000000000007,1.0
2024_25,0022400413,2024-12-26,ATL,CHI,141,133,274,8,0.47709999999999997,0.3488,0.7982,49.0,30.0,18.6,0.4582,0.3502,0.8348000000000001,45.8,29.7,13.9,0.018899999999999972,-0.0014000000000000123,3.200000000000003,0.3000000000000007,-4.700000000000001,1.0
2024_25,0022400412,2024-12-26,WAS,CHA,113,110,223,3,0.438,0.32189999999999996,0.7776,47.5,24.2,17.3,0.43529999999999996,0.3184,0.7481,44.6,24.6,15.4,0.0027000000000000357,0.0034999999999999476,2.8999999999999986,-0.40000000000000213,-1.9000000000000004,1.0
2024_25,0022400411,2024-12-26,ORL,MIA,88,89,177,-1,0.45330000000000004,0.29,0.8054,42.2,22.0,16.8,0.4721,0.3634,0.7904,44.8,26.2,14.4,-0.018799999999999983,-0.07340000000000002,-2.5999999999999943,-4.199999999999999,-2.4000000000000004,1.0
2024_25,0022400410,2024-12-26,IND,OKC,114,120,234,-6,0.49639999999999995,0.38370000000000004,0.8160000000000001,41.3,28.5,14.2,0.46769999999999995,0.3452,0.8032999999999999,46.6,26.4,11.8,0.028700000000000003,0.038500000000000034,-5.300000000000004,2.1000000000000014,-2.3999999999999986,1.0
2024_25,0022400414,2024-12-26,MEM,TOR,155,126,281,29,0.48440000000000005,0.4041,0.7827,48.1,30.6,17.1,0.46749999999999997,0.3558,0.7841,42.2,28.6,16.1,0.01690000000000008,0.04830000000000001,5.899999999999999,2.0,-1.0,1.0
2024_25,0022400426,2024-12-27,LAC,GSW,102,92,194,10,0.46749999999999997,0.3804,0.8017,40.7,23.3,15.8,0.4365,0.35550000000000004,0.706,43.3,27.0,14.5,0.030999999999999972,0.024899999999999978,-2.5999999999999943,-3.6999999999999993,-1.3000000000000007,1.0
2024_25,0022400424,2024-12-27,DEN,CLE,135,149,284,-14,0.5161,0.3464,0.7386999999999999,46.5,31.9,16.4,0.48860000000000003,0.4147,0.7494,44.8,29.2,13.5,0.02749999999999997,-0.06830000000000003,1.7000000000000028,2.6999999999999993,-2.8999999999999986,1.0
2024_25,0022400423,2024-12-27,NOP,MEM,124,132,256,-8,0.4465,0.346,0.749,42.4,24.9,15.2,0.4849,0.4093,0.7736,50.4,30.6,17.9,-0.03839999999999999,-0.06330000000000002,-8.0,-5.700000000000003,2.6999999999999993,1.0
2024_25,0022400425,2024-12-27,PHX,DAL,89,98,187,-9,0.48419999999999996,0.3933,0.8373000000000002,41.3,28.2,14.4,0.4911,0.4077,0.7806,45.0,25.4,15.7,-0.006900000000000017,-0.014400000000000024,-3.700000000000003,2.8000000000000007,1.299999999999999,1.0
2024_25,0022400421,2024-12-27,BKN,SAS,87,96,183,-9,0.42700000000000005,0.3379,0.8160999999999999,40.6,23.6,17.2,0.454,0.33120000000000005,0.7867,46.0,29.5,14.8,-0.02699999999999997,0.006699999999999928,-5.399999999999999,-5.899999999999999,-2.3999999999999986,1.0
2024_25,0022400420,2024-12-27,BOS,IND,142,105,247,37,0.4483,0.3403,0.7733,49.2,25.3,13.2,0.4958,0.3893,0.8079000000000001,42.3,28.5,13.8,-0.04750000000000004,-0.04899999999999999,6.900000000000006,-3.1999999999999993,0.6000000000000014,1.0
2024_25,0022400419,2024-12-27,ORL,NYK,85,108,193,-23,0.4516,0.2822,0.8106,41.2,21.1,16.9,0.4979,0.4043,0.7651,42.8,28.8,14.1,-0.04630000000000001,-0.12209999999999999,-1.5999999999999943,-7.699999999999999,-2.799999999999999,1.0
2024_25,0022400422,2024-12-27,HOU,MIN,112,113,225,-1,0.4563,0.3263,0.8068,49.5,21.7,14.8,0.44749999999999995,0.3739,0.7724,45.0,27.0,15.2,0.00880000000000003,-0.04760000000000003,4.5,-5.300000000000001,0.3999999999999986,1.0
2024_25,0022400434,2024-12-28,POR,DAL,126,122,248,4,0.4689,0.3468,0.7918000000000001,41.5,24.8,15.0,0.47969999999999996,0.393,0.7954,45.8,24.5,15.9,-0.010799999999999976,-0.04620000000000002,-4.299999999999997,0.3000000000000007,0.9000000000000004,1.0
2024_25,0022400427,2024-12-28,ATL,MIA,120,110,230,10,0.477,0.34540000000000004,0.8089999999999999,48.1,29.9,17.9,0.4686,0.3759,0.794,43.8,25.8,15.1,0.008399999999999963,-0.03049999999999997,4.300000000000004,4.099999999999998,-2.799999999999999,1.0
2024_25,0022400428,2024-12-28,CHA,OKC,94,106,200,-12,0.4417,0.3214,0.7424999999999999,45.1,25.4,15.8,0.4681,0.3506,0.8210000000000001,46.3,25.8,10.7,-0.026400000000000035,-0.029200000000000004,-1.1999999999999957,-0.40000000000000213,-5.100000000000001,1.0
2024_25,0022400429,2024-12-28,WAS,NYK,132,136,268,-4,0.4338,0.3256,0.7567999999999999,47.7,24.3,17.2,0.5006,0.3881,0.7357,43.3,27.6,14.0,-0.06680000000000003,-0.0625,4.400000000000006,-3.3000000000000007,-3.1999999999999993,1.0
2024_25,0022400430,2024-12-28,CHI,MIL,116,111,227,5,0.4607,0.36219999999999997,0.8368,45.1,30.5,14.7,0.49169999999999997,0.4182,0.7438,41.0,25.4,15.8,-0.030999999999999972,-0.05600000000000005,4.100000000000001,5.100000000000001,1.1000000000000014,1.0
2024_25,0022400431,2024-12-28,GSW,PHX,109,105,214,4,0.42699999999999994,0.3423,0.7096,43.2,25.8,14.4,0.47409999999999997,0.396,0.8230000000000001,41.1,27.9,14.6,-0.04710000000000003,-0.053700000000000025,2.1000000000000014,-2.099999999999998,0.1999999999999993,1.0
2024_25,0022400432,2024-12-28,DEN,DET,134,121,255,13,0.5219,0.34900000000000003,0.7365,46.5,32.6,16.2,0.4711,0.3827,0.8064,41.0,26.4,14.8,0.05080000000000001,-0.03369999999999995,5.5,6.200000000000003,-1.3999999999999986,1.0
2024_25,0022400433,2024-12-28,UTA,PHI,111,114,225,-3,0.48339999999999994,0.41859999999999997,0.7618,45.2,25.6,19.1,0.4626,0.3584,0.7807000000000001,41.4,22.9,13.8,0.02079999999999993,0.060199999999999976,3.8000000000000043,2.700000000000003,-5.300000000000001,1.0
2024_25,0022400435,2024-12-28,LAL,SAC,132,122,254,10,0.45360000000000006,0.3285,0.7847999999999999,43.2,24.9,16.1,0.46579999999999994,0.3637,0.7921,43.9,26.9,11.8,-0.012199999999999878,-0.03520000000000001,-0.6999999999999957,-2.0,-4.300000000000001,1.0
2024_25,0022400441,2024-12-29,MIN,SAS,112,110,222,2,0.44749999999999995,0.3798,0.7424000000000001,44.7,26.4,15.3,0.45999999999999996,0.3559,0.7857999999999999,45.0,29.5,14.9,-0.012500000000000011,0.023900000000000032,-0.29999999999999716,-3.1000000000000014,-0.40000000000000036,1.0
2024_25,0022400440,2024-12-29,OKC,MEM,130,106,236,24,0.4749,0.3444,0.8317,46.5,26.7,11.4,0.4857,0.4183,0.7693,50.7,30.9,17.7,-0.010800000000000032,-0.07390000000000002,-4.200000000000003,-4.199999999999999,6.299999999999999,1.0
2024_25,0022400439,2024-12-29,HOU,MIA,100,104,204,-4,0.45969999999999994,0.32730000000000004,0.7857999999999999,49.1,21.3,14.1,0.4774,0.3847,0.8058,43.6,25.7,15.0,-0.01770000000000005,-0.05739999999999995,5.5,-4.399999999999999,0.9000000000000004,1.0
2024_25,0022400437,2024-12-29,BOS,IND,114,123,237,-9,0.4556,0.3469,0.7748999999999999,49.0,25.9,12.5,0.49239999999999995,0.3775,0.7978,42.8,29.1,12.9,-0.036799999999999944,-0.030600000000000016,6.200000000000003,-3.200000000000003,0.40000000000000036,1.0
2024_25,0022400436,2024-12-29,ORL,BKN,102,101,203,1,0.4447,0.2894,0.8183,40.7,21.1,17.0,0.4279,0.34140000000000004,0.8012,41.8,23.9,17.3,0.01679999999999998,-0.052000000000000046,-1.0999999999999943,-2.799999999999997,0.3000000000000007,1.0
2024_25,0022400438,2024-12-29,TOR,ATL,107,136,243,-29,0.45949999999999996,0.3539,0.7868999999999999,41.5,29.5,16.0,0.4795,0.3556,0.8085000000000001,47.9,30.6,17.0,-0.020000000000000018,-0.0017000000000000348,-6.399999999999999,-1.1000000000000014,1.0,1.0
2024_25,0022400448,2024-12-30,SAC,DAL,110,100,210,10,0.4652,0.3445,0.8054,44.4,27.4,11.8,0.47990000000000005,0.3919,0.808,44.9,24.1,14.7,-0.014700000000000046,-0.04740000000000005,-0.5,3.299999999999997,2.8999999999999986,1.0
2024_25,0022400442,2024-12-30,CHA,CHI,108,115,223,-7,0.4338,0.3156,0.7497,44.8,24.9,15.7,0.4559,0.3671,0.8231999999999999,44.9,30.5,14.1,-0.02210000000000001,-0.05149999999999999,-0.10000000000000142,-5.600000000000001,-1.5999999999999996,1.0
2024_25,0022400443,2024-12-30,WAS,NYK,106,126,232,-20,0.4467,0.3549,0.7675,46.9,25.7,16.8,0.4993,0.35860000000000003,0.7499,43.3,27.3,14.6,-0.052600000000000036,-0.0037000000000000366,3.6000000000000014,-1.6000000000000014,-2.200000000000001,1.0
2024_25,0022400444,2024-12-30,NOP,LAC,113,116,229,-3,0.4473,0.3439,0.7774,42.8,25.8,15.3,0.4779,0.3794,0.8048,40.7,23.2,16.6,-0.030600000000000016,-0.03550000000000003,2.0999999999999943,2.6000000000000014,1.3000000000000007,1.0
2024_25,0022400445,2024-12-30,UTA,DEN,121,132,253,-11,0.48109999999999997,0.41689999999999994,0.786,45.6,25.6,19.8,0.5301,0.3721,0.7444,45.6,33.0,16.0,-0.049000000000000044,0.04479999999999995,0.0,-7.399999999999999,-3.8000000000000007,1.0
2024_25,0022400446,2024-12-30,GSW,CLE,95,113,208,-18,0.4269,0.33690000000000003,0.7218,42.7,26.5,14.6,0.49610000000000004,0.4154,0.7512,44.2,31.0,12.8,-0.06920000000000004,-0.07849999999999996,-1.5,-4.5,-1.799999999999999,1.0
2024_25,0022400447,2024-12-30,POR,PHI,103,125,228,-22,0.4606,0.331,0.7878000000000001,42.6,24.6,14.3,0.45970000000000005,0.3545,0.7691,41.5,22.5,13.4,0.0008999999999999564,-0.023499999999999965,1.1000000000000014,2.1000000000000014,-0.9000000000000004,1.0
2024_25,0022400454,2024-12-31,LAL,CLE,110,122,232,-12,0.4728,0.3629,0.7922,42.6,26.3,15.1,0.4936,0.4189,0.7572,45.1,30.4,13.3,-0.020799999999999985,-0.055999999999999994,-2.5,-4.099999999999998,-1.799999999999999,1.0
2024_25,0022400453,2024-12-31,PHX,MEM,112,117,229,-5,0.4659,0.3839,0.8240000000000001,41.1,26.8,14.3,0.4763,0.41159999999999997,0.7737,50.9,31.2,17.6,-0.01040000000000002,-0.027699999999999947,-9.799999999999997,-4.399999999999999,3.3000000000000007,1.0
2024_25,0022400452,2024-12-31,OKC,MIN,113,105,218,8,0.4807,0.3429,0.8557,46.4,27.2,11.7,0.4423,0.3684,0.7657,45.3,25.6,14.8,0.03839999999999999,-0.025500000000000023,1.1000000000000014,1.5999999999999979,3.1000000000000014,1.0
2024_25,0022400450,2024-12-31,IND,MIL,112,120,232,-8,0.5025999999999999,0.39239999999999997,0.7975,43.9,29.8,12.2,0.4807,0.4058,0.7638,41.5,25.0,15.4,0.02189999999999992,-0.013400000000000023,2.3999999999999986,4.800000000000001,3.200000000000001,1.0
2024_25,0022400449,2024-12-31,BOS,TOR,125,71,196,54,0.45389999999999997,0.3369,0.7621,48.8,25.5,11.7,0.4499000000000001,0.3437,0.8034000000000001,42.5,29.3,17.0,0.0039999999999998925,-0.006800000000000028,6.299999999999997,-3.8000000000000007,5.300000000000001,1.0
2024_25,0022400451,2024-12-31,SAS,LAC,122,86,208,36,0.4574,0.35550000000000004,0.7961,45.0,29.4,14.8,0.47780000000000006,0.3683,0.8010999999999999,40.5,22.8,16.9,-0.020400000000000085,-0.012799999999999978,4.5,6.599999999999998,2.099999999999998,1.0
2024_25,0022400460,2025-01-01,HOU,DAL,110,99,209,11,0.45759999999999995,0.3247,0.7935,49.2,21.7,14.4,0.4681,0.378,0.813,42.7,23.1,14.9,-0.010500000000000065,-0.053300000000000014,6.5,-1.4000000000000021,0.5,1.0
2024_25,0022400461,2025-01-01,DEN,ATL,139,120,259,19,0.5322,0.3821,0.7746,45.9,33.4,15.2,0.4769,0.3693,0.8028000000000001,46.8,30.6,16.7,0.055300000000000016,0.012799999999999978,-0.8999999999999986,2.799999999999997,1.5,1.0
2024_25,0022400459,2025-01-01,TOR,BKN,130,113,243,17,0.4457,0.3443,0.782,41.8,28.7,17.1,0.43170000000000003,0.3514,0.8069000000000001,41.5,23.7,17.7,0.013999999999999957,-0.007099999999999995,0.29999999999999716,5.0,0.5999999999999979,1.0
2024_25,0022400462,2025-01-01,SAC,PHI,113,107,220,6,0.4673999999999999,0.3529,0.8039,45.6,28.0,12.1,0.46820000000000006,0.36360000000000003,0.8015000000000001,41.2,22.2,13.9,-0.0008000000000001339,-0.010700000000000043,4.399999999999999,5.800000000000001,1.8000000000000007,1.0
2024_25,0022400457,2025-01-01,MIA,NOP,119,108,227,11,0.4636,0.3639,0.8105,43.6,23.6,14.9,0.449,0.3536,0.784,41.9,26.5,15.6,0.014600000000000002,0.010299999999999976,1.7000000000000028,-2.8999999999999986,0.6999999999999993,1.0
2024_25,0022400456,2025-01-01,WAS,CHI,125,107,232,18,0.4497,0.3503,0.7735,47.6,25.7,16.9,0.4356,0.3512,0.8153,46.2,30.0,13.7,0.014100000000000001,-0.0009000000000000119,1.3999999999999986,-4.300000000000001,-3.1999999999999993,1.0
2024_25,0022400455,2025-01-01,DET,ORL,105,96,201,9,0.48100000000000004,0.386,0.7969999999999999,40.9,27.1,14.3,0.4405,0.29510000000000003,0.8061,40.7,22.0,16.9,0.040500000000000036,0.09089999999999998,0.19999999999999574,5.100000000000001,2.599999999999998,1.0
2024_25,0022400458,2025-01-01,NYK,UTA,119,103,222,16,0.492,0.3603,0.7746,45.6,28.0,13.9,0.47800000000000004,0.414,0.7996000000000001,45.7,26.3,18.5,0.013999999999999957,-0.05369999999999997,-0.10000000000000142,1.6999999999999993,4.6,1.0
2024_25,0022400468,2025-01-02,LAL,POR,114,106,220,8,0.475,0.3659,0.808,43.3,26.0,14.7,0.4574,0.3187,0.7765,43.0,24.4,15.1,0.017600000000000005,0.04720000000000002,0.29999999999999716,1.6000000000000014,0.40000000000000036,1.0
2024_25,0022400467,2025-01-02,GSW,PHI,139,105,244,34,0.42119999999999996,0.3324,0.7104999999999999,44.1,26.4,13.9,0.46769999999999995,0.3742,0.8217000000000001,40.9,22.3,14.2,-0.046499999999999986,-0.041800000000000004,3.200000000000003,4.099999999999998,0.29999999999999893,1.0
2024_25,0022400466,2025-01-02,OKC,LAC,116,98,214,18,0.47590000000000005,0.33999999999999997,0.8387,46.7,26.5,12.1,0.457,0.3437,0.8019999999999999,41.1,21.6,16.9,0.018900000000000028,-0.0037000000000000366,5.600000000000001,4.899999999999999,4.799999999999999,1.0
2024_25,0022400464,2025-01-02,MIN,BOS,115,118,233,-3,0.4462,0.3746,0.7727999999999999,44.8,24.5,15.1,0.4619,0.356,0.7346,49.6,25.7,12.4,-0.015699999999999992,0.018600000000000005,-4.800000000000004,-1.1999999999999993,-2.6999999999999993,1.0
2024_25,0022400463,2025-01-02,MIA,IND,115,128,243,-13,0.4643,0.3645,0.8131999999999999,43.3,24.0,15.0,0.49050000000000005,0.3675,0.7775000000000001,44.3,29.1,12.7,-0.026200000000000057,-0.0030000000000000027,-1.0,-5.100000000000001,-2.3000000000000007,1.0
2024_25,0022400465,2025-01-02,MIL,BKN,110,113,223,-3,0.4708,0.3861,0.7674000000000001,43.0,25.1,14.8,0.4368,0.3478,0.8230000000000001,40.4,24.1,17.3,0.033999999999999975,0.0383,2.6000000000000014,1.0,2.5,1.0
2024_25,0022400477,2025-01-03,LAL,ATL,119,102,221,17,0.4692,0.3551,0.8134,43.6,25.7,14.5,0.47780000000000006,0.376,0.7786,45.8,31.1,16.7,-0.008600000000000052,-0.020899999999999974,-2.1999999999999957,-5.400000000000002,2.1999999999999993,1.0
2024_25,0022400475,2025-01-03,DEN,SAS,110,113,223,-3,0.5257,0.37770000000000004,0.8038000000000001,45.9,33.5,14.5,0.46349999999999997,0.3439,0.8156000000000001,46.6,30.3,14.3,0.06219999999999998,0.03380000000000005,-0.7000000000000028,3.1999999999999993,-0.1999999999999993,1.0
2024_25,0022400474,2025-01-03,DAL,CLE,122,134,256,-12,0.47450000000000003,0.3795,0.7765,41.3,22.9,15.1,0.492,0.4122,0.7771,45.2,30.4,12.7,-0.01749999999999996,-0.03270000000000001,-3.9000000000000057,-7.5,-2.4000000000000004,1.0
2024_25,0022400473,2025-01-03,OKC,NYK,117,107,224,10,0.4779,0.3406,0.8362999999999999,44.7,26.6,12.5,0.49610000000000004,0.3569,0.7809999999999999,46.3,27.9,14.2,-0.01820000000000005,-0.01629999999999998,-1.5999999999999943,-1.2999999999999972,1.6999999999999993,1.0
2024_25,0022400476,2025-01-03,SAC,MEM,138,133,271,5,0.45949999999999996,0.3348,0.8039,45.7,27.1,12.7,0.4689,0.4002,0.7621,50.8,31.4,18.0,-0.00940000000000002,-0.06540000000000001,-5.099999999999994,-4.299999999999997,5.300000000000001,1.0
2024_25,0022400471,2025-01-03,HOU,BOS,86,109,195,-23,0.4607,0.32080000000000003,0.8004,47.4,21.9,14.2,0.47190000000000004,0.3646,0.7333999999999999,47.6,26.1,11.5,-0.011200000000000043,-0.04379999999999995,-0.20000000000000284,-4.200000000000003,-2.6999999999999993,1.0
2024_25,0022400470,2025-01-03,TOR,ORL,97,106,203,-9,0.4586,0.3558,0.7645,41.8,28.6,16.9,0.4389,0.2897,0.7878999999999999,40.2,21.7,16.1,0.019699999999999995,0.06609999999999999,1.5999999999999943,6.900000000000002,-0.7999999999999972,1.0
2024_25,0022400469,2025-01-03,DET,CHA,98,94,192,4,0.4869,0.3941,0.7889999999999999,41.7,27.4,14.9,0.4305,0.3004,0.7596999999999999,46.4,24.5,16.0,0.056400000000000006,0.0937,-4.699999999999996,2.8999999999999986,1.0999999999999996,1.0
2024_25,0022400472,2025-01-03,NOP,WAS,132,120,252,12,0.4509,0.3504,0.7889,41.5,26.5,14.9,0.4508,0.3585,0.7841,47.2,26.2,16.9,0.0001000000000000445,-0.008099999999999996,-5.700000000000003,0.3000000000000007,1.9999999999999982,1.0
2024_25,0022400485,2025-01-04,GSW,MEM,121,113,234,8,0.4354,0.3498,0.7138,43.9,27.7,13.8,0.46509999999999996,0.40659999999999996,0.7661,51.3,31.1,17.9,-0.02969999999999995,-0.05679999999999996,-7.399999999999999,-3.400000000000002,4.099999999999998,1.0
2024_25,0022400478,2025-01-04,BKN,PHI,94,123,217,-29,0.42940000000000006,0.3329,0.8185,42.5,24.3,17.4,0.46299999999999997,0.3782,0.8112,38.6,21.5,13.7,-0.03359999999999991,-0.04530000000000001,3.8999999999999986,2.8000000000000007,-3.6999999999999993,1.0
2024_25,0022400479,2025-01-04,DET,MIN,119,105,224,14,0.47759999999999997,0.3752,0.7727,43.4,26.8,14.5,0.4506,0.38320000000000004,0.7887000000000001,45.0,24.7,15.1,0.02699999999999997,-0.008000000000000063,-1.6000000000000014,2.1000000000000014,0.5999999999999996,1.0
2024_25,0022400480,2025-01-04,IND,PHX,126,108,234,18,0.49240000000000006,0.3767,0.7471,45.3,30.3,11.8,0.46769999999999995,0.3749,0.808,41.3,26.7,14.6,0.02470000000000011,0.0017999999999999683,4.0,3.6000000000000014,2.799999999999999,1.0
2024_25,0022400481,2025-01-04,MIA,UTA,100,136,236,-36,0.4739,0.36360000000000003,0.8066000000000001,42.5,24.7,15.4,0.46340000000000003,0.4004,0.7883,44.1,25.2,18.8,0.010499999999999954,-0.036799999999999944,-1.6000000000000014,-0.5,3.4000000000000004,1.0
2024_25,0022400482,2025-01-04,CHI,NYK,139,126,265,13,0.4328,0.339,0.8106,46.8,29.5,14.5,0.5009,0.3588,0.7916,45.6,27.4,13.9,-0.0681,-0.019799999999999984,1.1999999999999957,2.1000000000000014,-0.5999999999999996,1.0
2024_25,0022400483,2025-01-04,MIL,POR,102,105,207,-3,0.4729,0.3825,0.7696,43.6,24.9,14.4,0.4685,0.3235,0.7928,43.8,24.5,15.8,0.0043999999999999595,0.059,-0.19999999999999574,0.3999999999999986,1.4000000000000004,1.0
2024_25,0022400484,2025-01-04,SAS,DEN,111,122,233,-11,0.4648,0.3492,0.7965,46.7,30.7,14.3,0.5145,0.38170000000000004,0.7913,45.9,34.5,13.1,-0.049699999999999966,-0.03250000000000003,0.8000000000000043,-3.8000000000000007,-1.200000000000001,1.0
2024_25,0022400486,2025-01-04,LAC,ATL,131,105,236,26,0.469,0.3506,0.7821,41.0,22.8,16.6,0.4688,0.3511,0.7791,44.9,29.3,15.8,0.00019999999999997797,-0.0005000000000000004,-3.8999999999999986,-6.5,-0.8000000000000007,1.0
2024_25,0022400491,2025-01-05,HOU,LAL,119,115,234,4,0.45949999999999996,0.3223,0.8239000000000001,46.6,20.8,14.8,0.4723,0.36019999999999996,0.8077,45.2,26.0,15.3,-0.012800000000000034,-0.03789999999999999,1.3999999999999986,-5.199999999999999,0.5,1.0
2024_25,0022400492,2025-01-05,GSW,SAC,99,129,228,-30,0.4438,0.37170000000000003,0.7319,42.9,28.7,13.4,0.45199999999999996,0.3295,0.8240000000000001,45.1,26.4,12.9,-0.008199999999999985,0.042200000000000015,-2.200000000000003,2.3000000000000007,-0.5,1.0
2024_25,0022400490,2025-01-05,ORL,UTA,92,105,197,-13,0.438,0.2996,0.8010999999999999,40.0,23.2,16.2,0.4766,0.40599999999999997,0.7744,46.0,26.2,18.2,-0.03860000000000002,-0.1064,-6.0,-3.0,2.0,1.0
2024_25,0022400489,2025-01-05,WAS,NOP,98,110,208,-12,0.4614,0.3718,0.771,46.8,27.0,16.9,0.4575,0.3601,0.7897000000000001,40.9,27.5,14.9,0.003899999999999959,0.011700000000000044,5.899999999999999,-0.5,-1.9999999999999982,1.0
2024_25,0022400488,2025-01-05,CLE,CHA,115,105,220,10,0.4951,0.41289999999999993,0.7771,45.1,31.4,12.3,0.4288,0.3022,0.7335,47.2,24.9,16.7,0.06629999999999997,0.11069999999999991,-2.1000000000000014,6.5,4.399999999999999,1.0
2024_25,0022400487,2025-01-05,OKC,BOS,105,92,197,13,0.47620000000000007,0.355,0.8362999999999999,44.3,26.6,11.8,0.47140000000000004,0.37160000000000004,0.7155,46.6,24.7,11.5,0.0048000000000000265,-0.01660000000000006,-2.3000000000000043,1.9000000000000021,-0.3000000000000007,1.0
2024_25,0022400501,2025-01-06,SAC,MIA,123,118,241,5,0.46349999999999997,0.34340000000000004,0.8218,44.4,27.1,13.4,0.46950000000000003,0.3487,0.8109999999999999,40.5,25.1,15.2,-0.006000000000000061,-0.005299999999999971,3.8999999999999986,2.0,1.799999999999999,1.0
2024_25,0022400500,2025-01-06,MIN,LAC,108,106,214,2,0.45289999999999997,0.3951,0.7945,43.5,24.9,15.4,0.4796,0.3543,0.7714000000000001,42.5,24.3,17.5,-0.026700000000000057,0.0408,1.0,0.5999999999999979,2.0999999999999996,1.0
2024_25,0022400499,2025-01-06,MEM,DAL,119,104,223,15,0.4649,0.3927,0.7744,50.7,30.7,18.9,0.47000000000000003,0.36510000000000004,0.7881,42.2,23.3,14.4,-0.005100000000000049,0.027599999999999958,8.5,7.399999999999999,-4.499999999999998,1.0
2024_25,0022400498,2025-01-06,CHI,SAS,114,110,224,4,0.4464,0.3579,0.8132999999999999,47.6,30.2,14.3,0.4524,0.3296,0.8092,48.4,30.3,14.2,-0.006000000000000005,0.028299999999999992,-0.7999999999999972,-0.10000000000000142,-0.10000000000000142,1.0
2024_25,0022400493,2025-01-06,DET,POR,118,115,233,3,0.4742,0.3594,0.7685000000000001,43.8,26.6,14.0,0.475,0.3346,0.7792,44.4,24.9,15.8,-0.0007999999999999674,0.02479999999999999,-0.6000000000000014,1.7000000000000028,1.8000000000000007,1.0
2024_25,0022400496,2025-01-06,NYK,ORL,94,103,197,-9,0.5039,0.3438,0.7902,46.0,28.1,13.3,0.42960000000000004,0.30720000000000003,0.7847999999999999,39.7,23.8,15.9,0.07429999999999998,0.036599999999999966,6.299999999999997,4.300000000000001,2.5999999999999996,1.0
2024_25,0022400494,2025-01-06,PHI,PHX,99,109,208,-10,0.4707,0.37570000000000003,0.8192999999999999,38.9,22.8,14.0,0.4694,0.3685,0.8168,41.0,27.3,13.8,0.0013000000000000234,0.00720000000000004,-2.1000000000000014,-4.5,-0.1999999999999993,1.0
2024_25,0022400497,2025-01-06,TOR,MIL,104,128,232,-24,0.46130000000000004,0.3532,0.7673,40.4,29.1,16.7,0.47350000000000003,0.37629999999999997,0.765,42.8,25.8,14.6,-0.012199999999999989,-0.023099999999999954,-2.3999999999999986,3.3000000000000007,-2.0999999999999996,1.0
2024_25,0022400495,2025-01-06,BKN,IND,99,113,212,-14,0.42519999999999997,0.32930000000000004,0.8028000000000001,42.3,23.5,17.8,0.48869999999999997,0.3774,0.7611,45.9,30.3,11.6,-0.0635,-0.048099999999999976,-3.6000000000000014,-6.800000000000001,-6.200000000000001,1.0
2024_25,0022400502,2025-01-07,CHA,PHX,115,104,219,11,0.41929999999999995,0.28959999999999997,0.7341,47.5,24.4,15.8,0.46719999999999995,0.3648,0.7952,41.7,26.9,14.2,-0.0479,-0.07520000000000004,5.799999999999997,-2.5,-1.6000000000000014,1.0
2024_25,0022400503,2025-01-07,WAS,HOU,112,135,247,-23,0.45640000000000003,0.36360000000000003,0.7678,47.0,27.1,16.7,0.4582,0.3207,0.7971999999999999,46.5,20.4,13.9,-0.0017999999999999683,0.04290000000000005,0.5,6.700000000000003,-2.799999999999999,1.0
2024_25,0022400504,2025-01-07,DAL,LAL,118,97,215,21,0.45099999999999996,0.35,0.7894,42.5,22.2,14.3,0.4826,0.376,0.8251,43.8,26.9,14.1,-0.03160000000000002,-0.026000000000000023,-1.2999999999999972,-4.699999999999999,-0.20000000000000107,1.0
2024_25,0022400505,2025-01-07,NOP,MIN,97,104,201,-7,0.4516,0.359,0.7947,41.5,27.9,14.4,0.4575,0.4018,0.7658,43.9,24.7,15.7,-0.005900000000000016,-0.042800000000000005,-2.3999999999999986,3.1999999999999993,1.299999999999999,1.0
2024_25,0022400506,2025-01-07,UTA,ATL,121,124,245,-3,0.4689,0.384,0.7815000000000001,47.6,25.3,18.9,0.47140000000000004,0.3634,0.7815000000000001,44.7,29.7,16.9,-0.0025000000000000577,0.020600000000000007,2.8999999999999986,-4.399999999999999,-2.0,1.0
2024_25,0022400507,2025-01-07,DEN,BOS,106,118,224,-12,0.508,0.37629999999999997,0.7946,46.2,33.9,12.3,0.4649,0.35209999999999997,0.7447,45.8,23.8,11.3,0.04310000000000003,0.0242,0.4000000000000057,10.099999999999998,-1.0,1.0
2024_25,0022400508,2025-01-07,GSW,MIA,98,114,212,-16,0.44190000000000007,0.356,0.7314,42.7,27.0,14.6,0.4662,0.347,0.7971,41.4,24.6,15.3,-0.024299999999999933,0.009000000000000008,1.3000000000000043,2.3999999999999986,0.7000000000000011,1.0
2024_25,0022400510,2025-01-08,IND,CHI,129,113,242,16,0.48869999999999997,0.374,0.7649,45.1,29.2,11.1,0.4497,0.3637,0.8160000000000001,47.1,30.0,14.0,0.03899999999999998,0.010299999999999976,-2.0,-0.8000000000000007,2.9000000000000004,1.0
2024_25,0022400509,2025-01-08,CLE,OKC,129,122,251,7,0.4952,0.40540000000000004,0.7577,45.6,31.8,12.6,0.4755,0.35710000000000003,0.8352,43.7,25.9,12.0,0.019699999999999995,0.04830000000000001,1.8999999999999986,5.900000000000002,-0.5999999999999996,1.0
2024_25,0022400511,2025-01-08,NYK,TOR,112,98,210,14,0.4968,0.3176,0.7907,44.1,25.8,13.0,0.46180000000000004,0.3445,0.7559,39.7,28.9,17.0,0.034999999999999976,-0.02689999999999998,4.399999999999999,-3.099999999999998,4.0,1.0
2024_25,0022400512,2025-01-08,PHI,WAS,109,103,212,6,0.4585,0.3711,0.8041,39.3,22.7,13.0,0.46210000000000007,0.3686,0.7803,46.2,27.0,16.9,-0.0036000000000000476,0.0025000000000000022,-6.900000000000006,-4.300000000000001,3.8999999999999986,1.0
2024_25,0022400513,2025-01-08,BKN,DET,98,113,211,-15,0.425,0.3184,0.7872,43.9,23.3,17.0,0.476,0.3754,0.7748999999999999,44.0,26.2,14.7,-0.05099999999999999,-0.056999999999999995,-0.10000000000000142,-2.8999999999999986,-2.3000000000000007,1.0
2024_25,0022400514,2025-01-08,NOP,POR,100,119,219,-19,0.44960000000000006,0.358,0.7788999999999999,41.2,28.4,14.0,0.47709999999999997,0.3413,0.7451000000000001,44.6,25.6,15.8,-0.027499999999999913,0.016699999999999993,-3.3999999999999986,2.799999999999997,1.8000000000000007,1.0
2024_25,0022400515,2025-01-08,DEN,LAC,126,103,229,23,0.5,0.3711,0.8032,46.1,32.6,12.8,0.4766,0.3545,0.7958000000000001,44.3,24.2,16.9,0.023399999999999976,0.016600000000000004,1.8000000000000043,8.400000000000002,4.099999999999998,1.0
2024_25,0022400516,2025-01-08,MIL,SAS,121,105,226,16,0.4734,0.3779,0.7669,44.3,26.9,15.1,0.458,0.3378,0.7897000000000001,48.3,30.0,14.0,0.01539999999999997,0.040100000000000025,-4.0,-3.1000000000000014,-1.0999999999999996,1.0
2024_25,0022400523,2025-01-09,UTA,MIA,92,97,189,-5,0.46559999999999996,0.3903,0.7962,48.8,25.6,18.2,0.47009999999999996,0.357,0.8027,42.1,25.8,14.4,-0.004500000000000004,0.033299999999999996,6.699999999999996,-0.1999999999999993,-3.799999999999999,1.0
2024_25,0022400522,2025-01-09,PHX,ATL,123,115,238,8,0.46129999999999993,0.3505,0.8109999999999999,41.3,27.3,14.2,0.47809999999999997,0.3753,0.7965,43.3,30.5,16.8,-0.016800000000000037,-0.024800000000000044,-2.0,-3.1999999999999993,2.6000000000000014,1.0
2024_25,0022400520,2025-01-09,MEM,HOU,115,119,234,-4,0.47119999999999995,0.3949,0.7682,51.2,30.6,18.3,0.46390000000000003,0.33799999999999997,0.7942,47.8,21.2,13.2,0.007299999999999918,0.056900000000000006,3.4000000000000057,9.400000000000002,-5.100000000000001,1.0
2024_25,0022400521,2025-01-09,DAL,POR,117,111,228,6,0.4638,0.3741,0.7894,42.9,23.0,14.3,0.4869,0.3468,0.7451000000000001,44.2,25.0,16.0,-0.02310000000000001,0.02729999999999999,-1.3000000000000043,-2.0,1.6999999999999993,1.0
2024_25,0022400518,2025-01-09,DET,GSW,104,107,211,-3,0.47940000000000005,0.3659,0.7676999999999999,43.0,26.0,14.0,0.4471,0.3507,0.7405999999999999,44.3,27.8,14.0,0.03230000000000005,0.015199999999999991,-1.2999999999999972,-1.8000000000000007,0.0,1.0
2024_25,0022400517,2025-01-09,CLE,TOR,132,126,258,6,0.5078,0.4171,0.7618,44.6,32.7,13.0,0.46230000000000004,0.3484,0.7626000000000001,38.6,28.6,16.9,0.045499999999999985,0.06870000000000004,6.0,4.100000000000001,3.8999999999999986,1.0
2024_25,0022400519,2025-01-09,ORL,MIN,89,104,193,-15,0.4377,0.3127,0.7857000000000001,39.7,23.7,15.6,0.45410000000000006,0.39540000000000003,0.7727,45.5,24.4,16.1,-0.01640000000000008,-0.08270000000000005,-5.799999999999997,-0.6999999999999993,0.5000000000000018,1.0
2024_25,0022400525,2025-01-10,IND,GSW,108,96,204,12,0.4969,0.3695,0.7434999999999999,45.0,29.9,11.5,0.44720000000000004,0.3452,0.7292,44.7,28.0,14.4,0.049699999999999966,0.02429999999999999,0.29999999999999716,1.8999999999999986,2.9000000000000004,1.0
2024_25,0022400526,2025-01-10,ORL,MIL,106,109,215,-3,0.4307,0.3063,0.7821,40.4,23.3,15.2,0.4667,0.38639999999999997,0.7609,46.3,26.8,14.6,-0.035999999999999976,-0.08009999999999995,-5.899999999999999,-3.5,-0.5999999999999996,1.0
2024_25,0022400527,2025-01-10,PHI,NOP,115,123,238,-8,0.4546,0.3688,0.8,39.0,21.8,12.4,0.44939999999999997,0.344,0.7796000000000001,41.6,27.8,14.7,0.005200000000000038,0.024800000000000044,-2.6000000000000014,-6.0,2.299999999999999,1.0
2024_25,0022400528,2025-01-10,BOS,SAC,97,114,211,-17,0.47569999999999996,0.3614,0.749,45.4,24.7,12.1,0.4572,0.3433,0.8037000000000001,46.2,27.3,13.8,0.01849999999999996,0.018100000000000005,-0.8000000000000043,-2.6000000000000014,1.700000000000001,1.0
2024_25,0022400529,2025-01-10,NYK,OKC,101,126,227,-25,0.5008,0.3135,0.784,44.2,25.8,12.9,0.4806,0.36029999999999995,0.8295999999999999,44.3,27.1,12.0,0.020199999999999996,-0.04679999999999995,-0.09999999999999432,-1.3000000000000007,-0.9000000000000004,1.0
2024_25,0022400530,2025-01-10,CHI,WAS,138,105,243,33,0.4547,0.363,0.8058,46.9,29.0,14.6,0.4574,0.3714,0.7696,46.1,26.3,16.9,-0.00269999999999998,-0.008400000000000019,0.7999999999999972,2.6999999999999993,2.299999999999999,1.0
2024_25,0022400531,2025-01-10,DEN,BKN,124,105,229,19,0.5046,0.3894,0.7929,45.2,32.1,11.8,0.4232,0.3286,0.7938000000000001,42.4,23.9,16.8,0.08140000000000003,0.06080000000000002,2.8000000000000043,8.200000000000003,5.0,1.0
2024_25,0022400535,2025-01-11,MIN,MEM,125,127,252,-2,0.45220000000000005,0.39390000000000003,0.7821,46.0,23.8,15.6,0.4671,0.3699,0.7649,49.5,28.8,18.6,-0.014899999999999969,0.02400000000000002,-3.5,-5.0,3.0000000000000018,1.0
2024_25,0022400536,2025-01-11,POR,MIA,98,119,217,-21,0.4824,0.3564,0.7468,44.0,24.5,16.3,0.4617,0.3569,0.7974,43.2,26.8,14.3,0.020699999999999996,-0.0005000000000000004,0.7999999999999972,-2.3000000000000007,-2.0,1.0
2024_25,0022400534,2025-01-11,DET,TOR,123,114,237,9,0.4809,0.3741,0.7649,43.1,25.9,14.5,0.4824,0.35950000000000004,0.7302000000000001,38.9,29.4,17.0,-0.0015000000000000013,0.014599999999999946,4.200000000000003,-3.5,2.5,1.0
2024_25,0022400533,2025-01-11,PHX,UTA,114,106,220,8,0.47009999999999996,0.3599,0.8124,41.1,27.8,14.2,0.4584,0.3709,0.7941,47.5,25.3,17.2,0.011699999999999988,-0.01100000000000001,-6.399999999999999,2.5,3.0,1.0
2024_25,0022400539,2025-01-12,NYK,MIL,140,106,246,34,0.48,0.2805,0.8150000000000001,45.0,24.2,12.4,0.47140000000000004,0.3854,0.7607,46.1,26.3,13.9,0.008599999999999941,-0.1049,-1.1000000000000014,-2.1000000000000014,1.5,1.0
2024_25,0022400540,2025-01-12,DAL,DEN,101,112,213,-11,0.4638,0.3674,0.7929999999999999,43.9,23.1,14.4,0.5052,0.3879,0.7868999999999999,45.5,32.0,12.1,-0.04139999999999999,-0.020500000000000018,-1.6000000000000014,-8.899999999999999,-2.3000000000000007,1.0
2024_25,0022400541,2025-01-12,CHI,SAC,119,124,243,-5,0.46580000000000005,0.3734,0.7826,46.8,30.6,14.9,0.45519999999999994,0.3437,0.8244,47.5,27.2,13.4,0.01060000000000011,0.029700000000000004,-0.7000000000000028,3.400000000000002,-1.5,1.0
2024_25,0022400542,2025-01-12,BOS,NOP,120,119,239,1,0.46820000000000006,0.3549,0.7451,43.8,24.2,12.4,0.4568,0.3537,0.7766,41.5,28.6,14.0,0.011400000000000077,0.0011999999999999789,2.299999999999997,-4.400000000000002,1.5999999999999996,1.0
2024_25,0022400543,2025-01-12,CLE,IND,93,108,201,-15,0.5075000000000001,0.41669999999999996,0.7556,44.6,32.5,12.4,0.49119999999999997,0.3592,0.7494,44.8,29.0,11.8,0.016300000000000092,0.05749999999999994,-0.19999999999999574,3.5,-0.5999999999999996,1.0
2024_25,0022400544,2025-01-12,ORL,PHI,104,99,203,5,0.4243,0.3116,0.7624,40.7,22.9,15.0,0.4608,0.37320000000000003,0.8154,39.1,22.8,12.0,-0.03649999999999998,-0.061600000000000044,1.6000000000000014,0.09999999999999787,-3.0,1.0
2024_25,0022400545,2025-01-12,WAS,OKC,95,136,231,-41,0.45280000000000004,0.36760000000000004,0.77,45.9,26.9,16.6,0.4892,0.371,0.8478999999999999,44.1,26.7,12.1,-0.03639999999999999,-0.0033999999999999586,1.7999999999999972,0.1999999999999993,-4.500000000000002,1.0
2024_25,0022400546,2025-01-12,UTA,BKN,112,111,223,1,0.4545,0.35819999999999996,0.8134,48.0,25.4,16.7,0.425,0.3422,0.781,41.3,24.1,16.6,0.029500000000000026,0.01599999999999996,6.700000000000003,1.2999999999999972,-0.09999999999999787,1.0
2024_25,0022400547,2025-01-12,PHX,CHA,120,113,233,7,0.4636,0.3467,0.7895,41.4,27.4,13.4,0.4224,0.2999,0.7428,48.0,24.5,15.5,0.041200000000000014,0.04680000000000001,-6.600000000000001,2.8999999999999986,2.0999999999999996,1.0
2024_25,0022400552,2025-01-13,LAL,SAS,102,126,228,-24,0.4803,0.378,0.8282999999999999,42.7,26.6,12.8,0.44630000000000003,0.3272,0.8051,48.7,29.2,13.2,0.033999999999999975,0.05080000000000001,-6.0,-2.599999999999998,0.3999999999999986,1.0
2024_25,0022400553,2025-01-13,LAC,MIA,109,98,207,11,0.45430000000000004,0.3296,0.7977000000000001,44.2,22.8,16.5,0.46020000000000005,0.3586,0.7849,43.1,27.2,13.8,-0.005900000000000016,-0.02899999999999997,1.1000000000000014,-4.399999999999999,-2.6999999999999993,1.0
2024_25,0022400551,2025-01-13,HOU,MEM,120,118,238,2,0.44909999999999994,0.3326,0.7685,48.0,19.9,13.3,0.45999999999999996,0.36500000000000005,0.7668999999999999,50.1,27.8,18.1,-0.01090000000000002,-0.03240000000000004,-2.1000000000000014,-7.900000000000002,4.800000000000001,1.0
2024_25,0022400549,2025-01-13,NYK,DET,119,124,243,-5,0.493,0.2911,0.8108000000000001,45.2,24.5,13.1,0.4782,0.383,0.7684,44.2,26.3,14.9,0.01479999999999998,-0.09189999999999998,1.0,-1.8000000000000007,1.8000000000000007,1.0
2024_25,0022400550,2025-01-13,TOR,GSW,104,101,205,3,0.48019999999999996,0.3621,0.7277,39.2,28.8,16.1,0.4457,0.3399,0.7347,44.5,27.6,14.7,0.034499999999999975,0.022199999999999998,-5.299999999999997,1.1999999999999993,-1.4000000000000021,1.0
2024_25,0022400548,2025-01-13,WAS,MIN,106,120,226,-14,0.4469,0.35,0.7759,44.7,26.4,16.5,0.4659,0.4018,0.7635,45.8,24.4,15.4,-0.01899999999999996,-0.05180000000000001,-1.0999999999999943,2.0,-1.0999999999999996,1.0
2024_25,0022400554,2025-01-14,IND,CLE,117,127,244,-10,0.489,0.3592,0.7196,45.5,29.4,11.8,0.4968,0.40090000000000003,0.7588,44.2,31.9,11.9,-0.007800000000000029,-0.041700000000000015,1.2999999999999972,-2.5,0.09999999999999964,1.0
2024_25,0022400555,2025-01-14,PHI,OKC,102,118,220,-16,0.4647,0.3782,0.837,37.3,22.3,12.7,0.4923,0.38180000000000003,0.8558,43.8,26.8,12.2,-0.027600000000000013,-0.0036000000000000476,-6.5,-4.5,-0.5,1.0
2024_25,0022400556,2025-01-14,ATL,PHX,122,117,239,5,0.4795,0.3801,0.8049,41.2,30.5,15.6,0.4721,0.3488,0.8026,41.4,28.2,13.1,0.007399999999999962,0.031299999999999994,-0.19999999999999574,2.3000000000000007,-2.5,1.0
2024_25,0022400557,2025-01-14,CHI,NOP,113,119,232,-6,0.4742,0.3879,0.7666999999999999,47.0,30.4,14.4,0.457,0.36960000000000004,0.7873,41.4,27.3,13.5,0.017199999999999993,0.018299999999999983,5.600000000000001,3.099999999999998,-0.9000000000000004,1.0
2024_25,0022400558,2025-01-14,MIL,SAC,130,115,245,15,0.47220000000000006,0.3731,0.7394999999999999,45.6,25.0,14.0,0.4614,0.35,0.8268000000000001,48.2,28.0,12.8,0.010800000000000087,0.02310000000000001,-2.6000000000000014,-3.0,-1.1999999999999993,1.0
2024_25,0022400559,2025-01-14,DAL,DEN,99,118,217,-19,0.45170000000000005,0.3694,0.7984,43.5,23.1,14.5,0.5079,0.3822,0.7805,46.4,32.3,11.9,-0.05619999999999997,-0.012799999999999978,-2.8999999999999986,-9.199999999999996,-2.5999999999999996,1.0
2024_25,0022400560,2025-01-14,POR,BKN,114,132,246,-18,0.4807,0.3574,0.7485,44.7,24.8,16.7,0.4281,0.329,0.7666999999999999,42.5,24.4,16.2,0.052600000000000036,0.02839999999999998,2.200000000000003,0.40000000000000213,-0.5,1.0
2024_25,0022400571,2025-01-15,LAC,BKN,126,67,193,59,0.4509,0.32330000000000003,0.7636000000000001,44.3,22.6,16.2,0.4349,0.3332,0.7727,43.1,25.5,15.4,0.016000000000000014,-0.009899999999999964,1.1999999999999957,-2.8999999999999986,-0.7999999999999989,1.0
2024_25,0022400570,2025-01-15,LAL,MIA,117,108,225,9,0.4847,0.3734,0.8074999999999999,41.4,26.8,13.4,0.4582,0.34130000000000005,0.7825,44.5,27.3,13.3,0.026500000000000024,0.03209999999999996,-3.1000000000000014,-0.5,-0.09999999999999964,1.0
2024_25,0022400569,2025-01-15,UTA,CHA,112,117,229,-5,0.45759999999999995,0.3536,0.8192,47.0,25.2,16.1,0.4164,0.3058,0.7657,49.4,24.5,15.1,0.04119999999999996,0.04780000000000001,-2.3999999999999986,0.6999999999999993,-1.0000000000000018,1.0
2024_25,0022400568,2025-01-15,DEN,HOU,108,128,236,-20,0.5033000000000001,0.3786,0.7891,47.7,31.2,12.6,0.4548,0.3592,0.7577,46.7,20.9,13.5,0.0485000000000001,0.019399999999999973,1.0,10.3,0.9000000000000004,1.0
2024_25,0022400567,2025-01-15,SAS,MEM,115,129,244,-14,0.4523,0.33649999999999997,0.8012,47.9,28.9,13.1,0.47519999999999996,0.37070000000000003,0.7644,47.6,26.7,17.9,-0.022899999999999976,-0.034200000000000064,0.29999999999999716,2.1999999999999993,4.799999999999999,1.0
2024_25,0022400563,2025-01-15,CHI,ATL,94,110,204,-16,0.47830000000000006,0.3997,0.7666999999999999,48.1,30.8,14.4,0.4746,0.3848,0.7947,42.5,29.8,14.5,0.0037000000000000366,0.014900000000000024,5.600000000000001,1.0,0.09999999999999964,1.0
2024_25,0022400565,2025-01-15,MIN,GSW,115,116,231,-1,0.4688,0.39580000000000004,0.7563000000000001,46.5,24.1,16.3,0.4394,0.3347,0.7264,44.7,27.3,14.9,0.02939999999999998,0.06110000000000004,1.7999999999999972,-3.1999999999999993,-1.4000000000000004,1.0
2024_25,0022400564,2025-01-15,MIL,ORL,122,93,215,29,0.47569999999999996,0.369,0.7404,45.9,25.8,13.6,0.4285,0.2955,0.7303,40.6,22.6,14.7,0.047199999999999964,0.07350000000000001,5.299999999999997,3.1999999999999993,1.0999999999999996,1.0
2024_25,0022400562,2025-01-15,TOR,BOS,110,97,207,13,0.4734,0.36419999999999997,0.7133,40.6,28.8,16.1,0.4678,0.36019999999999996,0.7462,45.2,25.2,11.7,0.005599999999999994,0.0040000000000000036,-4.600000000000001,3.6000000000000014,-4.400000000000002,1.0
2024_25,0022400561,2025-01-15,PHI,NYK,119,125,244,-6,0.46210000000000007,0.3652,0.8119999999999999,36.9,21.8,14.3,0.4897,0.3049,0.8230000000000001,45.0,25.3,13.1,-0.027599999999999958,0.06030000000000002,-8.100000000000001,-3.5,-1.200000000000001,1.0
2024_25,0022400566,2025-01-15,NOP,DAL,119,116,235,3,0.4574,0.3652,0.7958999999999999,41.6,27.6,12.9,0.4525,0.3603,0.762,42.2,24.3,14.4,0.00489999999999996,0.0049000000000000155,-0.6000000000000014,3.3000000000000007,1.5,1.0
2024_25,0022400575,2025-01-16,POR,LAC,89,118,207,-29,0.4798,0.3745,0.754,43.7,24.5,16.5,0.4633,0.3338,0.7705,44.9,23.4,16.1,0.016500000000000015,0.040700000000000014,-1.1999999999999957,1.1000000000000014,-0.3999999999999986,1.0
2024_25,0022400574,2025-01-16,OKC,CLE,134,114,248,20,0.5016,0.38,0.8654999999999999,43.1,28.0,13.7,0.4918,0.38380000000000003,0.7894,44.2,31.3,12.1,0.009800000000000031,-0.0038000000000000256,-1.1000000000000014,-3.3000000000000007,-1.5999999999999996,1.0
2024_25,0022400576,2025-01-16,SAC,HOU,132,127,259,5,0.46909999999999996,0.3589,0.8281000000000001,48.0,28.4,12.7,0.46349999999999997,0.3729,0.7553,44.7,21.4,13.4,0.005599999999999994,-0.014000000000000012,3.299999999999997,7.0,0.7000000000000011,1.0
2024_25,0022400572,2025-01-16,DET,IND,100,111,211,-11,0.47709999999999997,0.39039999999999997,0.7628,44.4,25.9,15.0,0.4902,0.3632,0.7242,44.1,29.6,12.1,-0.013100000000000056,0.027199999999999946,0.29999999999999716,-3.700000000000003,-2.9000000000000004,1.0
2024_25,0022400573,2025-01-16,WAS,PHX,123,130,253,-7,0.44800000000000006,0.3607,0.7609,43.8,26.6,16.5,0.4767,0.3553,0.7843,40.9,27.9,13.5,-0.028699999999999948,0.005400000000000016,2.8999999999999986,-1.2999999999999972,-3.0,1.0
2024_25,0022400585,2025-01-17,LAL,BKN,102,101,203,1,0.4887,0.3859,0.8122,40.0,27.8,12.7,0.42610000000000003,0.3218,0.7647,42.5,24.8,15.8,0.06259999999999999,0.06410000000000005,-2.5,3.0,3.1000000000000014,1.0
2024_25,0022400584,2025-01-17,CHI,CHA,123,125,248,-2,0.4685,0.3707,0.7834,49.8,29.5,14.8,0.42869999999999997,0.318,0.763,48.7,24.2,16.1,0.03980000000000006,0.05269999999999997,1.0999999999999943,5.300000000000001,1.3000000000000007,1.0
2024_25,0022400583,2025-01-17,DAL,OKC,106,98,204,8,0.45649999999999996,0.3593,0.7399,42.6,24.6,14.6,0.5044000000000001,0.38770000000000004,0.8707,42.1,27.6,12.7,-0.04790000000000011,-0.028400000000000036,0.5,-3.0,-1.9000000000000004,1.0
2024_25,0022400582,2025-01-17,SAS,MEM,112,140,252,-28,0.45149999999999996,0.3404,0.7772,48.1,28.7,12.4,0.4715,0.3728,0.7567,46.5,25.9,16.9,-0.020000000000000018,-0.03240000000000004,1.6000000000000014,2.8000000000000007,4.499999999999998,1.0
2024_25,0022400577,2025-01-17,BOS,ORL,121,94,215,27,0.46210000000000007,0.35419999999999996,0.7346999999999999,44.6,25.2,11.3,0.41899999999999993,0.3044,0.7184,39.6,23.6,13.7,0.04310000000000014,0.049799999999999955,5.0,1.5999999999999979,2.3999999999999986,1.0
2024_25,0022400580,2025-01-17,MIL,TOR,130,112,242,18,0.4888,0.38780000000000003,0.7451,46.9,25.9,13.4,0.47859999999999997,0.364,0.6955,42.2,28.4,15.7,0.010200000000000042,0.023800000000000043,4.699999999999996,-2.5,2.299999999999999,1.0
2024_25,0022400579,2025-01-17,MIA,DEN,113,133,246,-20,0.46719999999999995,0.354,0.7814,44.0,27.5,14.4,0.5005,0.37879999999999997,0.7752,47.3,30.5,13.2,-0.033299999999999996,-0.02479999999999999,-3.299999999999997,-3.0,-1.200000000000001,1.0
2024_25,0022400578,2025-01-17,NYK,MIN,99,116,215,-17,0.4906,0.3231,0.8015000000000001,45.2,25.5,13.2,0.4624,0.3929,0.7822,46.6,23.7,15.6,0.028200000000000003,-0.06980000000000003,-1.3999999999999986,1.8000000000000007,2.4000000000000004,1.0
2024_25,0022400581,2025-01-17,NOP,UTA,136,123,259,13,0.4569,0.36960000000000004,0.7861,42.0,27.0,12.2,0.4561,0.3408,0.8099999999999999,46.0,25.6,16.0,0.0007999999999999674,0.028800000000000048,-4.0,1.3999999999999986,3.8000000000000007,1.0
2024_25,0022400590,2025-01-18,MIN,CLE,117,124,241,-7,0.4726,0.4229,0.7746999999999999,45.6,23.7,16.2,0.49119999999999997,0.3713,0.7921,45.1,31.2,13.3,-0.01859999999999995,0.05159999999999998,0.5,-7.5,-2.8999999999999986,1.0
2024_25,0022400589,2025-01-18,GSW,WAS,122,114,236,8,0.4514,0.3663,0.7371000000000001,44.5,27.5,14.8,0.4465,0.3477,0.7409,43.9,26.2,16.1,0.0049000000000000155,0.018600000000000005,0.6000000000000014,1.3000000000000007,1.3000000000000007,1.0
2024_25,0022400591,2025-01-18,POR,HOU,103,125,228,-22,0.4666,0.3615,0.769,43.1,24.3,17.0,0.4688,0.371,0.7478,43.9,21.9,13.2,-0.0021999999999999797,-0.009500000000000008,-0.7999999999999972,2.400000000000002,-3.8000000000000007,1.0
2024_25,0022400587,2025-01-18,BOS,ATL,115,119,234,-4,0.46349999999999997,0.359,0.7394000000000001,43.5,24.6,11.3,0.4622,0.365,0.7821,43.8,29.9,13.3,0.0012999999999999678,-0.006000000000000005,-0.29999999999999716,-5.299999999999997,2.0,1.0
2024_25,0022400586,2025-01-18,DET,PHX,121,125,246,-4,0.4749,0.37679999999999997,0.7652,45.5,25.6,15.9,0.4899,0.36669999999999997,0.8015000000000001,41.4,28.9,13.5,-0.015000000000000013,0.010099999999999998,4.100000000000001,-3.299999999999997,-2.4000000000000004,1.0
2024_25,0022400588,2025-01-18,IND,PHI,115,102,217,13,0.49450000000000005,0.37829999999999997,0.7249,44.2,29.7,11.9,0.4687,0.36619999999999997,0.8336,37.2,22.3,14.7,0.025800000000000045,0.0121,7.0,7.399999999999999,2.799999999999999,1.0
2024_25,0022400592,2025-01-19,MIA,SAS,128,107,235,21,0.4727,0.35100000000000003,0.8099999999999999,42.9,28.4,13.7,0.4485,0.3344,0.7774,47.6,28.3,12.6,0.0242,0.01660000000000006,-4.700000000000003,0.09999999999999787,-1.0999999999999996,1.0
2024_25,0022400593,2025-01-19,ORL,DEN,100,113,213,-13,0.4237,0.28969999999999996,0.6944,40.0,23.1,13.2,0.5043,0.3973,0.7752,46.3,30.2,13.1,-0.08059999999999995,-0.10760000000000003,-6.299999999999997,-7.099999999999998,-0.09999999999999964,1.0
2024_25,0022400594,2025-01-19,MIL,PHI,123,109,232,14,0.5005,0.3964,0.7256,47.0,25.7,14.0,0.45410000000000006,0.3498,0.8160000000000001,37.2,22.4,13.7,0.046399999999999886,0.046599999999999975,9.799999999999997,3.3000000000000007,-0.3000000000000007,1.0
2024_25,0022400595,2025-01-19,OKC,BKN,127,101,228,26,0.49240000000000006,0.39940000000000003,0.8374,42.2,26.5,13.2,0.4274,0.32320000000000004,0.7559,43.2,25.4,15.8,0.06500000000000006,0.07619999999999999,-1.0,1.1000000000000014,2.6000000000000014,1.0
2024_25,0022400596,2025-01-19,LAC,LAL,116,102,218,14,0.47590000000000005,0.344,0.7638,44.6,23.5,16.2,0.4809,0.3745,0.8099999999999999,39.6,27.4,11.7,-0.004999999999999949,-0.030500000000000027,5.0,-3.8999999999999986,-4.5,1.0
2024_25,0022400597,2025-01-19,POR,CHI,113,102,215,11,0.4619,0.3525,0.7619,42.1,24.4,17.5,0.4716,0.3668,0.8057000000000001,49.1,29.6,15.1,-0.009700000000000042,-0.014300000000000035,-7.0,-5.200000000000003,-2.4000000000000004,1.0
2024_25,0022400598,2025-01-19,SAC,WAS,123,100,223,23,0.4715,0.3654,0.8382,48.0,29.6,12.5,0.44830000000000003,0.36869999999999997,0.7378,43.7,26.1,16.2,0.023199999999999943,-0.0032999999999999696,4.299999999999997,3.5,3.6999999999999993,1.0
2024_25,0022400611,2025-01-20,LAC,CHI,99,112,211,-13,0.47539999999999993,0.3494,0.7624000000000001,44.5,24.3,15.2,0.47850000000000004,0.3644,0.8199,46.4,28.6,15.2,-0.0031000000000001027,-0.015000000000000013,-1.8999999999999986,-4.300000000000001,0.0,1.0
2024_25,0022400605,2025-01-20,NOP,UTA,123,119,242,4,0.4527,0.365,0.772,44.1,27.4,11.9,0.45780000000000004,0.3417,0.8032999999999999,45.2,25.9,15.4,-0.005100000000000049,0.023299999999999987,-1.1000000000000014,1.5,3.5,1.0
2024_25,0022400604,2025-01-20,GSW,BOS,85,125,210,-40,0.4565,0.37370000000000003,0.7332,45.1,27.3,14.6,0.4558,0.35819999999999996,0.7632,44.7,24.3,11.9,0.0007000000000000339,0.01550000000000007,0.3999999999999986,3.0,-2.6999999999999993,1.0
2024_25,0022400603,2025-01-20,CLE,PHX,118,92,210,26,0.4806,0.3588,0.8023,46.0,29.9,13.0,0.49749999999999994,0.369,0.7997,41.8,29.3,13.1,-0.016899999999999915,-0.010199999999999987,4.200000000000003,0.5999999999999979,0.09999999999999964,1.0
2024_25,0022400601,2025-01-20,MEM,MIN,108,106,214,2,0.481,0.3745,0.7414,46.4,26.8,16.1,0.471,0.4229,0.7589,45.5,24.3,14.6,0.010000000000000009,-0.0484,0.8999999999999986,2.5,-1.5000000000000018,1.0
2024_25,0022400599,2025-01-20,CHA,DAL,110,105,215,5,0.4325,0.32389999999999997,0.7668,48.7,24.6,15.6,0.4575,0.3588,0.7318,42.9,25.1,15.0,-0.025000000000000022,-0.03490000000000004,5.800000000000004,-0.5,-0.5999999999999996,1.0
2024_25,0022400602,2025-01-20,NYK,ATL,119,110,229,9,0.48360000000000003,0.3302,0.8057000000000001,43.9,24.0,13.3,0.45780000000000004,0.3515,0.7666000000000001,44.9,29.4,13.7,0.02579999999999999,-0.021299999999999986,-1.0,-5.399999999999999,0.3999999999999986,1.0
2024_25,0022400600,2025-01-20,HOU,DET,96,107,203,-11,0.4643,0.3829,0.7527999999999999,45.3,22.5,13.2,0.47330000000000005,0.3733,0.758,45.7,24.9,15.6,-0.009000000000000064,0.009599999999999997,-0.4000000000000057,-2.3999999999999986,2.4000000000000004,1.0
2024_25,0022400606,2025-01-21,BKN,NYK,95,99,194,-4,0.42160000000000003,0.3214,0.7448,44.1,25.1,16.2,0.4805,0.3257,0.8122999999999999,43.1,24.0,13.6,-0.05889999999999995,-0.0042999999999999705,1.0,1.1000000000000014,-2.5999999999999996,1.0
2024_25,0022400607,2025-01-21,MIA,POR,107,116,223,-9,0.4723,0.3643,0.829,44.0,28.5,13.5,0.461,0.3593,0.7719,43.8,24.2,16.7,0.011299999999999977,0.0050000000000000044,0.20000000000000284,4.300000000000001,3.1999999999999993,1.0
2024_25,0022400608,2025-01-21,TOR,ORL,109,93,202,16,0.4812,0.3583,0.6816,41.3,28.9,14.0,0.4164,0.28569999999999995,0.7054,39.7,23.1,12.6,0.06480000000000002,0.07260000000000005,1.5999999999999943,5.799999999999997,-1.4000000000000004,1.0
2024_25,0022400609,2025-01-21,DEN,PHI,144,109,253,35,0.4998,0.38530000000000003,0.7591,47.7,28.2,13.9,0.4518,0.3479,0.7985,37.6,22.6,12.7,0.04800000000000004,0.037400000000000044,10.100000000000001,5.599999999999998,-1.200000000000001,1.0
2024_25,0022400610,2025-01-21,LAL,WAS,111,88,199,23,0.48579999999999995,0.3721,0.7995,38.8,27.0,12.5,0.43479999999999996,0.3453,0.7358,44.1,24.4,16.2,0.05099999999999999,0.02679999999999999,-5.300000000000004,2.6000000000000014,3.6999999999999993,1.0
2024_25,0022400620,2025-01-22,LAC,BOS,113,117,230,-4,0.4671,0.3357,0.7787,44.5,24.3,14.5,0.4551,0.3487,0.7907,44.8,24.7,11.6,0.01200000000000001,-0.013000000000000012,-0.29999999999999716,-0.3999999999999986,-2.9000000000000004,1.0
2024_25,0022400619,2025-01-22,SAC,GSW,123,117,240,6,0.4689,0.3687,0.8441000000000001,49.2,28.6,12.7,0.458,0.3764,0.7199,43.4,28.1,14.3,0.010899999999999965,-0.007699999999999985,5.800000000000004,0.5,1.6000000000000014,1.0
2024_25,0022400618,2025-01-22,OKC,UTA,123,114,237,9,0.5004000000000001,0.4103,0.8558,42.8,27.7,13.2,0.4462,0.33140000000000003,0.7924,47.8,25.6,15.2,0.05420000000000008,0.07889999999999997,-5.0,2.099999999999998,2.0,1.0
2024_25,0022400616,2025-01-22,MEM,CHA,132,120,252,12,0.4859,0.36819999999999997,0.7351,46.0,25.7,15.3,0.43170000000000003,0.3397,0.7682,49.2,24.9,15.8,0.05419999999999997,0.02849999999999997,-3.200000000000003,0.8000000000000007,0.5,1.0
2024_25,0022400614,2025-01-22,DAL,MIN,114,115,229,-1,0.4586,0.33890000000000003,0.7375,44.4,25.3,14.6,0.45969999999999994,0.40170000000000006,0.7421,46.6,24.4,14.6,-0.0010999999999999344,-0.06280000000000002,-2.200000000000003,0.9000000000000021,0.0,1.0
2024_25,0022400613,2025-01-22,BKN,PHX,84,108,192,-24,0.41559999999999997,0.3206,0.7315,43.7,24.6,16.5,0.4986,0.3775,0.8006,40.9,28.7,13.1,-0.08300000000000002,-0.056900000000000006,2.8000000000000043,-4.099999999999998,-3.4000000000000004,1.0
2024_25,0022400612,2025-01-22,ATL,DET,104,114,218,-10,0.4537,0.35429999999999995,0.7666000000000001,44.3,28.3,14.8,0.46909999999999996,0.3689,0.78,46.0,24.5,15.5,-0.01539999999999997,-0.014600000000000057,-1.7000000000000028,3.8000000000000007,0.6999999999999993,1.0
2024_25,0022400615,2025-01-22,HOU,CLE,109,108,217,1,0.46449999999999997,0.3786,0.737,44.0,22.0,13.6,0.47800000000000004,0.3618,0.8061999999999999,45.6,30.1,12.3,-0.013500000000000068,0.01679999999999998,-1.6000000000000014,-8.100000000000001,-1.299999999999999,1.0
2024_25,0022400628,2025-01-23,GSW,CHI,131,106,237,25,0.4438,0.3658,0.7158,43.5,27.1,15.0,0.47430000000000005,0.3672,0.8221,47.4,28.3,14.4,-0.030500000000000083,-0.0014000000000000123,-3.8999999999999986,-1.1999999999999993,-0.5999999999999996,1.0
2024_25,0022400983,2025-01-23,LAC,WAS,110,93,203,17,0.4848,0.341,0.7723,44.4,25.0,15.4,0.417,0.3388,0.7272000000000001,43.9,24.1,15.4,0.06780000000000003,0.0022000000000000353,0.5,0.8999999999999986,0.0,1.0
2024_25,0022400629,2025-01-23,LAL,BOS,117,96,213,21,0.4739,0.3507,0.7985,40.5,26.7,12.5,0.4507,0.34809999999999997,0.8039999999999999,44.9,24.1,13.1,0.0232,0.0026000000000000467,-4.399999999999999,2.599999999999998,0.5999999999999996,1.0
2024_25,0022400626,2025-01-23,DEN,SAC,132,123,255,9,0.5177,0.3984,0.7863,48.2,28.8,14.5,0.47750000000000004,0.3741,0.8537000000000001,47.2,28.5,11.9,0.040200000000000014,0.02429999999999999,1.0,0.3000000000000007,-2.5999999999999996,1.0
2024_25,0022400623,2025-01-23,ATL,TOR,119,122,241,-3,0.4431999999999999,0.33009999999999995,0.7692,45.0,27.8,14.7,0.5032,0.3875,0.6823,41.1,30.0,13.1,-0.06000000000000005,-0.05740000000000006,3.8999999999999986,-2.1999999999999993,-1.5999999999999996,1.0
2024_25,0022400624,2025-01-23,MIL,MIA,125,96,221,29,0.5035000000000001,0.3978,0.7273,46.7,26.1,13.5,0.4591,0.3553,0.835,44.6,27.7,12.9,0.04440000000000005,0.04249999999999998,2.1000000000000014,-1.5999999999999979,-0.5999999999999996,1.0
2024_25,0022400622,2025-01-23,ORL,POR,79,101,180,-22,0.41689999999999994,0.2918,0.7091000000000001,41.2,22.9,12.7,0.46040000000000003,0.35960000000000003,0.7561,44.3,24.3,15.7,-0.043500000000000094,-0.06780000000000003,-3.0999999999999943,-1.4000000000000021,3.0,1.0
2024_25,0022400625,2025-01-23,OKC,DAL,115,121,236,-6,0.49670000000000003,0.4043,0.8678000000000001,43.2,26.8,13.3,0.4553,0.32720000000000005,0.7716999999999999,44.4,25.8,14.1,0.04140000000000005,0.07709999999999995,-1.1999999999999957,1.0,0.7999999999999989,1.0
2024_25,0022400630,2025-01-24,CHA,POR,97,102,199,-5,0.43579999999999997,0.3347,0.774,47.5,24.5,15.5,0.461,0.3556,0.7424000000000001,43.0,24.5,15.4,-0.025200000000000056,-0.02090000000000003,4.5,0.0,-0.09999999999999964,1.0
2024_25,0022400631,2025-01-24,PHI,CLE,132,129,261,3,0.4556,0.3584,0.7910999999999999,36.8,24.3,12.6,0.47190000000000004,0.3544,0.7922,45.3,29.4,12.5,-0.016300000000000037,0.0040000000000000036,-8.5,-5.099999999999998,-0.09999999999999964,1.0
2024_25,0022400632,2025-01-24,MEM,NOP,139,126,265,13,0.49329999999999996,0.3788,0.7613000000000001,44.9,26.6,15.2,0.4473,0.3751,0.7753,45.5,27.7,12.2,0.045999999999999985,0.0037000000000000366,-0.6000000000000014,-1.0999999999999979,-3.0,1.0
2024_25,0022400642,2025-01-25,CHI,PHI,97,109,206,-12,0.4591,0.3531,0.8092,47.3,26.9,14.4,0.45499999999999996,0.3747,0.7963,36.1,23.5,12.6,0.004100000000000048,-0.021599999999999953,11.199999999999996,3.3999999999999986,-1.8000000000000007,1.0
2024_25,0022400646,2025-01-25,LAC,MIL,127,117,244,10,0.48339999999999994,0.3408,0.8019999999999999,45.4,25.4,15.2,0.506,0.4131,0.7344,47.6,27.2,12.8,-0.022600000000000064,-0.07230000000000003,-2.200000000000003,-1.8000000000000007,-2.3999999999999986,1.0
2024_25,0022400645,2025-01-25,PHX,WAS,119,109,228,10,0.4976,0.37160000000000004,0.7823,42.1,28.5,12.9,0.4083,0.3359,0.7343,44.2,24.0,15.4,0.08929999999999999,0.035700000000000065,-2.1000000000000014,4.5,2.5,1.0
2024_25,0022400644,2025-01-25,GSW,LAL,108,118,226,-10,0.4365,0.3562,0.7533000000000001,45.8,27.6,14.4,0.4769,0.3679,0.799,41.5,26.8,12.6,-0.04039999999999999,-0.011699999999999988,4.299999999999997,0.8000000000000007,-1.8000000000000007,1.0
2024_25,0022400643,2025-01-25,MEM,UTA,125,103,228,22,0.5004000000000001,0.3781,0.778,44.1,27.3,14.8,0.4523,0.339,0.7791,48.5,25.8,16.2,0.04810000000000009,0.03909999999999997,-4.399999999999999,1.5,1.3999999999999986,1.0
2024_25,0022400641,2025-01-25,NYK,SAC,143,120,263,23,0.4787,0.3262,0.8202999999999999,43.1,24.7,13.6,0.4726,0.38170000000000004,0.8356999999999999,48.0,29.2,11.5,0.006099999999999994,-0.05550000000000005,-4.899999999999999,-4.5,-2.0999999999999996,1.0
2024_25,0022400635,2025-01-25,DAL,BOS,107,122,229,-15,0.465,0.3451,0.7723,43.4,25.4,14.9,0.4386,0.3335,0.8039999999999999,45.0,24.4,12.4,0.026400000000000035,0.0116,-1.6000000000000014,1.0,-2.5,1.0
2024_25,0022400639,2025-01-25,ATL,TOR,94,117,211,-23,0.4465,0.33039999999999997,0.7758,44.2,27.4,14.8,0.5021,0.38039999999999996,0.6846,41.1,29.6,14.0,-0.05559999999999998,-0.04999999999999999,3.1000000000000014,-2.200000000000003,-0.8000000000000007,1.0
2024_25,0022400638,2025-01-25,ORL,DET,121,113,234,8,0.4043,0.2726,0.7003,41.4,21.4,13.5,0.4772,0.3718,0.8131999999999999,46.0,25.1,16.1,-0.07290000000000002,-0.09920000000000001,-4.600000000000001,-3.700000000000003,2.6000000000000014,1.0
2024_25,0022400637,2025-01-25,CHA,NOP,123,92,215,31,0.43709999999999993,0.33130000000000004,0.7704,47.7,24.8,15.3,0.45149999999999996,0.3724,0.7623,45.3,27.1,12.7,-0.014400000000000024,-0.04109999999999997,2.4000000000000057,-2.3000000000000007,-2.6000000000000014,1.0
2024_25,0022400636,2025-01-25,BKN,MIA,97,106,203,-9,0.41150000000000003,0.3059,0.7326,45.0,24.0,16.0,0.4523,0.3531,0.8412000000000001,46.4,27.8,12.5,-0.04079999999999995,-0.04720000000000002,-1.3999999999999986,-3.8000000000000007,-3.5,1.0
2024_25,0022400634,2025-01-25,MIN,DEN,133,104,237,29,0.4629,0.3996,0.7495,47.2,25.0,14.0,0.5227,0.4032,0.7757,48.0,28.6,14.9,-0.059800000000000075,-0.003599999999999992,-0.7999999999999972,-3.6000000000000014,0.9000000000000004,1.0
2024_25,0022400640,2025-01-25,CLE,HOU,131,135,266,-4,0.4688,0.365,0.7908999999999999,44.4,28.6,13.3,0.46130000000000004,0.3907,0.7287,45.8,22.9,14.4,0.007499999999999951,-0.0257,-1.3999999999999986,5.700000000000003,1.0999999999999996,1.0
2024_25,0022400647,2025-01-26,POR,OKC,108,118,226,-10,0.44820000000000004,0.3388,0.7516,43.9,23.0,15.5,0.4932,0.3929,0.8595,42.4,26.7,13.3,-0.044999999999999984,-0.05410000000000004,1.5,-3.6999999999999993,-2.1999999999999993,1.0
2024_25,0022400659,2025-01-27,PHX,LAC,111,109,220,2,0.49139999999999995,0.3589,0.8068,43.0,27.6,12.8,0.47359999999999997,0.3371,0.8314,45.3,23.7,14.2,0.017799999999999983,0.021799999999999986,-2.299999999999997,3.900000000000002,1.3999999999999986,1.0
2024_25,0022400658,2025-01-27,UTA,MIL,110,125,235,-15,0.4427,0.32320000000000004,0.7791,46.8,25.4,16.5,0.5096,0.4185,0.7448,47.5,27.1,13.0,-0.06690000000000007,-0.09529999999999994,-0.7000000000000028,-1.7000000000000028,-3.5,1.0
2024_25,0022400657,2025-01-27,DAL,WAS,130,108,238,22,0.46849999999999997,0.34540000000000004,0.774,43.3,24.7,14.7,0.40890000000000004,0.3423,0.7371,43.6,24.7,14.4,0.05959999999999993,0.003100000000000047,-0.30000000000000426,0.0,-0.29999999999999893,1.0
2024_25,0022400656,2025-01-27,MIN,ATL,100,92,192,8,0.47409999999999997,0.4053,0.7774,46.2,26.4,14.1,0.4448,0.34249999999999997,0.766,44.6,28.0,16.4,0.029299999999999993,0.06280000000000002,1.6000000000000014,-1.6000000000000014,2.299999999999999,1.0
2024_25,0022400655,2025-01-27,CHI,DEN,129,121,250,8,0.45840000000000003,0.35140000000000005,0.7875,48.0,26.8,15.1,0.5256000000000001,0.3987,0.7495,47.7,29.6,15.3,-0.06720000000000004,-0.04729999999999995,0.29999999999999716,-2.8000000000000007,0.20000000000000107,1.0
2024_25,0022400654,2025-01-27,TOR,NOP,113,104,217,9,0.5013,0.3826,0.688,42.5,29.9,15.0,0.4485,0.36150000000000004,0.7492,44.3,26.6,12.8,0.05279999999999996,0.021099999999999952,-1.7999999999999972,3.299999999999997,-2.1999999999999993,1.0
2024_25,0022400651,2025-01-27,BKN,SAC,96,110,206,-14,0.4072,0.3106,0.7575000000000001,43.4,24.0,16.1,0.4715,0.3759,0.8406,48.1,29.3,11.7,-0.06429999999999997,-0.06530000000000002,-4.700000000000003,-5.300000000000001,-4.400000000000002,1.0
2024_25,0022400652,2025-01-27,MIA,ORL,125,119,244,6,0.4544,0.3733,0.8592000000000001,46.2,27.5,13.3,0.4168,0.2883,0.7072,41.1,21.1,13.9,0.03760000000000002,0.08500000000000002,5.100000000000001,6.399999999999999,0.5999999999999996,1.0
2024_25,0022400650,2025-01-27,BOS,HOU,112,114,226,-2,0.44480000000000003,0.3524,0.7902,45.3,26.0,11.3,0.4798,0.4093,0.6998,46.6,24.6,14.1,-0.034999999999999976,-0.056900000000000006,-1.3000000000000043,1.3999999999999986,2.799999999999999,1.0
2024_25,0022400649,2025-01-27,CLE,DET,110,91,201,19,0.4726,0.37370000000000003,0.7928,44.3,28.5,13.2,0.4753,0.3776,0.8153,45.4,24.7,16.3,-0.00269999999999998,-0.003899999999999959,-1.1000000000000014,3.8000000000000007,3.1000000000000014,1.0
2024_25,0022400648,2025-01-27,CHA,LAL,107,112,219,-5,0.4455,0.35,0.7724,46.9,25.3,15.4,0.4859,0.3675,0.7885,41.4,26.7,12.6,-0.04039999999999999,-0.017500000000000016,5.5,-1.3999999999999986,-2.8000000000000007,1.0
2024_25,0022400653,2025-01-27,NYK,MEM,143,106,249,37,0.4787,0.3467,0.8374,43.5,26.0,13.4,0.4993,0.3816,0.7765000000000001,44.3,27.2,14.2,-0.020600000000000007,-0.03489999999999999,-0.7999999999999972,-1.1999999999999993,0.7999999999999989,1.0
2024_25,0022400662,2025-01-28,POR,MIL,125,112,237,13,0.4344,0.3477,0.7604,43.9,22.7,15.5,0.5128,0.40380000000000005,0.7177,47.5,26.7,12.1,-0.07840000000000003,-0.05610000000000004,-3.6000000000000014,-4.0,-3.4000000000000004,1.0
2024_25,0022400661,2025-01-28,GSW,UTA,114,103,217,11,0.43689999999999996,0.3567,0.7436,46.1,28.4,13.6,0.4356,0.3221,0.7671,46.4,26.1,15.4,0.0012999999999999678,0.03460000000000002,-0.29999999999999716,2.299999999999997,1.8000000000000007,1.0
2024_25,0022400660,2025-01-28,PHI,LAL,118,104,222,14,0.46159999999999995,0.3661,0.8054,35.5,23.8,12.6,0.48819999999999997,0.3456,0.7835,40.6,26.1,12.6,-0.026600000000000013,0.020499999999999963,-5.100000000000001,-2.3000000000000007,0.0,1.0
2024_25,0022400532,2025-01-28,ATL,HOU,96,100,196,-4,0.44109999999999994,0.3356,0.7562,45.4,27.4,16.3,0.4769,0.41580000000000006,0.7133,45.6,25.6,14.3,-0.035800000000000054,-0.08020000000000005,-0.20000000000000284,1.7999999999999972,-2.0,1.0
2024_25,0022400663,2025-01-29,CHA,BKN,83,104,187,-21,0.449,0.3589,0.7924,45.8,25.4,15.0,0.40540000000000004,0.30510000000000004,0.7537,43.5,23.5,16.2,0.04359999999999997,0.05379999999999996,2.299999999999997,1.8999999999999986,1.1999999999999993,1.0
2024_25,0022400664,2025-01-29,IND,DET,133,119,252,14,0.4946,0.37160000000000004,0.713,44.2,30.0,12.8,0.46909999999999996,0.3705,0.7925,45.4,24.8,15.8,0.025500000000000023,0.0011000000000000454,-1.1999999999999957,5.199999999999999,3.0,1.0
2024_25,0022400665,2025-01-29,WAS,TOR,82,106,188,-24,0.4058,0.3287,0.7468999999999999,43.0,24.4,13.7,0.4992,0.3842,0.7044,44.4,30.3,14.8,-0.09339999999999998,-0.055499999999999994,-1.3999999999999986,-5.900000000000002,1.1000000000000014,1.0
2024_25,0022400666,2025-01-29,BOS,CHI,122,100,222,22,0.4436,0.3566,0.7952,45.3,25.1,11.6,0.4572,0.3624,0.8066000000000001,48.8,28.0,15.0,-0.013600000000000001,-0.005800000000000027,-3.5,-2.8999999999999986,3.4000000000000004,1.0
2024_25,0022400667,2025-01-29,MIA,CLE,106,126,232,-20,0.4593,0.3699,0.8553000000000001,45.7,27.7,14.1,0.46440000000000003,0.3593,0.797,45.6,27.7,12.7,-0.005100000000000049,0.010599999999999998,0.10000000000000142,0.0,-1.4000000000000004,1.0
2024_25,0022400668,2025-01-29,NYK,DEN,122,112,234,10,0.4862,0.3671,0.8333999999999999,44.3,27.6,13.3,0.5225,0.37229999999999996,0.7847999999999999,47.4,30.3,15.6,-0.03629999999999994,-0.005199999999999982,-3.1000000000000014,-2.6999999999999993,2.299999999999999,1.0
2024_25,0022400669,2025-01-29,PHI,SAC,117,104,221,13,0.46340000000000003,0.3644,0.8157,36.2,23.7,12.6,0.4747,0.3638,0.8144,48.2,29.3,11.9,-0.011299999999999977,0.0005999999999999894,-12.0,-5.600000000000001,-0.6999999999999993,1.0
2024_25,0022400670,2025-01-29,NOP,DAL,136,137,273,-1,0.4551,0.3536,0.7534,44.3,26.4,12.7,0.46950000000000003,0.3424,0.7732,44.0,25.7,14.6,-0.014400000000000024,0.011200000000000043,0.29999999999999716,0.6999999999999993,1.9000000000000004,1.0
2024_25,0022400671,2025-01-29,SAS,LAC,116,128,244,-12,0.4526,0.329,0.7657999999999999,47.7,28.5,12.6,0.4814,0.3341,0.8364,44.6,23.6,14.4,-0.028799999999999992,-0.005099999999999993,3.1000000000000014,4.899999999999999,1.8000000000000007,1.0
2024_25,0022400672,2025-01-29,PHX,MIN,113,121,234,-8,0.49610000000000004,0.3815,0.7939,42.7,27.2,13.4,0.4709,0.40120000000000006,0.778,46.0,25.6,14.2,0.025200000000000056,-0.01970000000000005,-3.299999999999997,1.5999999999999979,0.7999999999999989,1.0
2024_25,0022400673,2025-01-29,GSW,OKC,116,109,225,7,0.43520000000000003,0.3634,0.7442,45.6,28.5,13.3,0.49560000000000004,0.3841,0.8577,42.1,26.9,12.6,-0.06040000000000001,-0.020699999999999996,3.5,1.6000000000000014,-0.7000000000000011,1.0
2024_25,0022400678,2025-01-30,POR,ORL,119,90,209,29,0.4436,0.34619999999999995,0.7575000000000001,44.8,22.9,15.7,0.41269999999999996,0.2887,0.6894,41.9,22.0,14.2,0.03090000000000004,0.05749999999999994,2.8999999999999986,0.8999999999999986,-1.5,1.0
2024_25,0022400677,2025-01-30,UTA,MIN,113,138,251,-25,0.4452,0.3133,0.7499,45.6,26.6,15.3,0.4869,0.4107,0.7895,44.4,26.1,14.8,-0.041700000000000015,-0.09739999999999999,1.2000000000000028,0.5,-0.5,1.0
2024_25,0022400675,2025-01-30,CLE,ATL,137,115,252,22,0.46559999999999996,0.3503,0.8003,46.1,27.5,12.3,0.4335,0.3181,0.7575000000000001,45.0,25.8,17.1,0.03209999999999996,0.032200000000000006,1.1000000000000014,1.6999999999999993,4.800000000000001,1.0
2024_25,0022400674,2025-01-30,WAS,LAL,96,134,230,-38,0.40490000000000004,0.3063,0.7501,42.8,23.5,14.8,0.4909,0.3315,0.7884,40.6,26.0,13.8,-0.08599999999999997,-0.0252,2.1999999999999957,-2.5,-1.0,1.0
2024_25,0022400676,2025-01-30,MEM,HOU,120,119,239,1,0.4989,0.3848,0.7876000000000001,43.5,26.9,15.3,0.47220000000000006,0.3996,0.7213,45.1,24.4,15.4,0.026699999999999946,-0.014800000000000035,-1.6000000000000014,2.5,0.09999999999999964,1.0
2024_25,0022400679,2025-01-31,CHA,LAC,104,112,216,-8,0.44089999999999996,0.3518,0.7867,46.2,25.3,15.1,0.49660000000000004,0.3552,0.8433999999999999,46.3,24.8,14.9,-0.05570000000000008,-0.003400000000000014,-0.09999999999999432,0.5,-0.1999999999999993,1.0
2024_25,0022400680,2025-01-31,DET,DAL,117,102,219,15,0.4662,0.3653,0.7988999999999999,45.3,24.4,15.8,0.4782,0.3556,0.7596999999999999,43.8,26.1,15.1,-0.01200000000000001,0.009699999999999986,1.5,-1.7000000000000028,-0.7000000000000011,1.0
2024_25,0022400681,2025-01-31,PHI,DEN,134,137,271,-3,0.46959999999999996,0.369,0.8126,35.5,24.4,12.7,0.5196,0.3705,0.796,47.2,29.0,15.5,-0.04999999999999999,-0.0015000000000000013,-11.700000000000003,-4.600000000000001,2.8000000000000007,1.0
2024_25,0022400682,2025-01-31,TOR,CHI,106,122,228,-16,0.49749999999999994,0.3812,0.6977,44.7,30.9,14.5,0.44160000000000005,0.34609999999999996,0.834,48.0,26.9,15.0,0.055899999999999894,0.03510000000000002,-3.299999999999997,4.0,0.5,1.0
2024_25,0022400683,2025-01-31,NOP,BOS,116,118,234,-2,0.4638,0.36960000000000004,0.7671,43.8,27.6,11.6,0.4502,0.3707,0.7948999999999999,45.5,26.1,11.0,0.013600000000000001,-0.0010999999999999344,-1.7000000000000028,1.5,-0.5999999999999996,1.0
2024_25,0022400684,2025-01-31,SAS,MIL,144,118,262,26,0.4572,0.3341,0.7556999999999999,46.6,28.7,12.6,0.5156,0.39,0.7199,45.4,26.7,12.1,-0.05839999999999995,-0.055900000000000005,1.2000000000000028,2.0,-0.5,1.0
2024_25,0022400685,2025-01-31,GSW,PHX,105,130,235,-25,0.4385,0.365,0.7638,44.9,28.3,13.3,0.4891,0.37960000000000005,0.7889,42.1,26.9,13.4,-0.05059999999999998,-0.014600000000000057,2.799999999999997,1.4000000000000021,0.09999999999999964,1.0
2024_25,0022400692,2025-02-01,NYK,LAL,112,128,240,-16,0.4901,0.3719,0.8201,43.5,28.5,12.3,0.5,0.347,0.8089000000000001,42.1,27.1,13.9,-0.00990000000000002,0.024900000000000033,1.3999999999999986,1.3999999999999986,1.5999999999999996,1.0
2024_25,0022400694,2025-02-01,POR,PHX,127,108,235,19,0.45830000000000004,0.3653,0.7697,43.5,22.8,15.4,0.4941,0.3932,0.7893,43.1,28.4,13.8,-0.03579999999999994,-0.02789999999999998,0.3999999999999986,-5.599999999999998,-1.5999999999999996,1.0
2024_25,0022400693,2025-02-01,SAS,MIA,103,105,208,-2,0.4572,0.35960000000000003,0.7462,46.1,28.7,12.3,0.4667,0.3768,0.8686999999999999,44.3,27.8,14.1,-0.009500000000000008,-0.017199999999999993,1.8000000000000043,0.8999999999999986,1.799999999999999,1.0
2024_25,0022400691,2025-02-01,OKC,SAC,144,110,254,34,0.4827,0.37170000000000003,0.8495000000000001,43.3,25.5,12.7,0.4774,0.354,0.8199,46.8,29.7,11.6,0.005300000000000027,0.01770000000000005,-3.5,-4.199999999999999,-1.0999999999999996,1.0
2024_25,0022400687,2025-02-01,UTA,ORL,113,99,212,14,0.45600000000000007,0.32389999999999997,0.7457,43.0,26.7,15.1,0.4168,0.2829,0.7060000000000001,40.5,21.3,14.2,0.03920000000000007,0.04099999999999998,2.5,5.399999999999999,-0.9000000000000004,1.0
2024_25,0022400689,2025-02-01,HOU,BKN,98,110,208,-12,0.4728,0.402,0.7414,45.2,24.5,15.3,0.41200000000000003,0.3053,0.7548,43.6,23.6,15.6,0.060799999999999965,0.09670000000000001,1.6000000000000014,0.8999999999999986,0.29999999999999893,1.0
2024_25,0022400688,2025-02-01,CHA,DEN,104,107,211,-3,0.44589999999999996,0.3474,0.7837,44.5,24.8,14.6,0.5366,0.4008,0.8253999999999999,45.2,30.6,16.0,-0.0907,-0.0534,-0.7000000000000028,-5.800000000000001,1.4000000000000004,1.0
2024_25,0022400686,2025-02-01,IND,ATL,132,127,259,5,0.507,0.3865,0.7207,42.8,30.2,12.3,0.4303,0.3045,0.7375,45.4,25.4,17.1,0.07669999999999999,0.08200000000000002,-2.6000000000000014,4.800000000000001,4.800000000000001,1.0
2024_25,0022400690,2025-02-01,MIN,WAS,103,105,208,-2,0.4901,0.4255,0.795,44.2,26.2,14.2,0.40309999999999996,0.3094,0.7415999999999999,42.7,23.3,14.5,0.08700000000000002,0.11609999999999998,1.5,2.8999999999999986,0.3000000000000007,1.0
2024_25,0022400695,2025-02-02,DET,CHI,127,119,246,8,0.4652,0.3551,0.8114000000000001,46.0,23.7,15.0,0.446,0.3425,0.8413999999999999,48.7,27.7,15.3,0.019199999999999995,0.0126,-2.700000000000003,-4.0,0.3000000000000007,1.0
2024_25,0022400696,2025-02-02,CLE,DAL,144,101,245,43,0.484,0.3568,0.8013999999999999,46.6,28.5,12.2,0.4795,0.3536,0.7647,44.7,25.4,15.7,0.004500000000000004,0.0031999999999999806,1.8999999999999986,3.1000000000000014,3.5,1.0
2024_25,0022400697,2025-02-02,TOR,LAC,115,108,223,7,0.4803,0.3693,0.7182000000000001,45.4,30.2,13.9,0.5025000000000001,0.3584,0.8484,46.0,24.6,15.5,-0.022200000000000053,0.01090000000000002,-0.6000000000000014,5.599999999999998,1.5999999999999996,1.0
2024_25,0022400698,2025-02-02,PHI,BOS,110,118,228,-8,0.47940000000000005,0.3801,0.7984,35.3,25.6,12.3,0.4566,0.3802,0.7815,43.5,27.0,11.1,0.022800000000000042,-9.999999999998899e-05,-8.200000000000003,-1.3999999999999986,-1.200000000000001,1.0
2024_25,0022400699,2025-02-02,MIL,MEM,119,132,251,-13,0.5067999999999999,0.38639999999999997,0.7359,45.8,27.3,11.8,0.5005,0.3856,0.7926,42.9,27.2,14.4,0.006299999999999972,0.0007999999999999674,2.8999999999999986,0.10000000000000142,2.5999999999999996,1.0
2024_25,0022400709,2025-02-03,POR,PHX,121,119,240,2,0.4647,0.3496,0.7744,44.0,23.2,14.7,0.491,0.382,0.7875,42.9,27.4,14.5,-0.02629999999999999,-0.032399999999999984,1.1000000000000014,-4.199999999999999,-0.1999999999999993,1.0
2024_25,0022400708,2025-02-03,GSW,ORL,104,99,203,5,0.4342,0.3751,0.7549,45.6,28.4,13.1,0.40679999999999994,0.2699,0.7224999999999999,40.4,21.2,13.9,0.027400000000000035,0.10520000000000002,5.200000000000003,7.199999999999999,0.8000000000000007,1.0
2024_25,0022400707,2025-02-03,UTA,IND,111,112,223,-1,0.4586,0.34249999999999997,0.761,43.1,26.7,15.4,0.5083,0.38039999999999996,0.7524,43.0,30.2,12.7,-0.049699999999999966,-0.03789999999999999,0.10000000000000142,-3.5,-2.700000000000001,1.0
2024_25,0022400706,2025-02-03,DEN,NOP,125,113,238,12,0.5314,0.3749,0.829,44.4,30.7,15.1,0.4643,0.36510000000000004,0.7701,44.2,26.1,12.4,0.06709999999999999,0.009799999999999975,0.19999999999999574,4.599999999999998,-2.6999999999999993,1.0
2024_25,0022400705,2025-02-03,OKC,MIL,125,96,221,29,0.4821,0.36110000000000003,0.8294,45.7,27.2,12.4,0.5095,0.40140000000000003,0.735,45.5,28.3,11.7,-0.02739999999999998,-0.0403,0.20000000000000284,-1.1000000000000014,-0.7000000000000011,1.0
2024_25,0022400701,2025-02-03,DET,ATL,130,132,262,-2,0.4673,0.3308,0.8044,45.6,24.0,14.4,0.4364,0.3008,0.7363000000000001,44.4,26.3,17.0,0.030899999999999983,0.02999999999999997,1.2000000000000028,-2.3000000000000007,2.5999999999999996,1.0
2024_25,0022400703,2025-02-03,MEM,SAS,128,109,237,19,0.5046999999999999,0.3825,0.7773,44.4,28.4,14.3,0.4525,0.3568,0.7561,45.3,28.3,12.1,0.05219999999999991,0.0257,-0.8999999999999986,0.09999999999999787,-2.200000000000001,1.0
2024_25,0022400702,2025-02-03,NYK,HOU,124,118,242,6,0.4979,0.3947,0.7938,43.6,30.0,12.5,0.4622,0.3812,0.7371,45.6,23.5,14.1,0.03570000000000001,0.013500000000000012,-2.0,6.5,1.5999999999999996,1.0
2024_25,0022400700,2025-02-03,CHA,WAS,114,124,238,-10,0.4445,0.3445,0.7802,44.4,24.9,14.2,0.40490000000000004,0.3124,0.764,43.7,23.2,15.1,0.03959999999999997,0.03209999999999996,0.6999999999999957,1.6999999999999993,0.9000000000000004,1.0
2024_25,0022400704,2025-02-03,MIN,SAC,114,116,230,-2,0.4816,0.41770000000000007,0.8009000000000001,43.6,27.1,13.9,0.47430000000000005,0.3407,0.8041,44.9,29.6,11.2,0.007299999999999918,0.07700000000000007,-1.2999999999999972,-2.5,-2.700000000000001,1.0
2024_25,0022400715,2025-02-04,LAC,LAL,97,122,219,-25,0.49470000000000003,0.35300000000000004,0.8361000000000001,45.5,24.1,14.9,0.5132,0.36269999999999997,0.8297000000000001,41.8,27.3,13.5,-0.01849999999999996,-0.009699999999999931,3.700000000000003,-3.1999999999999993,-1.4000000000000004,1.0
2024_25,0022400716,2025-02-04,POR,IND,112,89,201,23,0.47220000000000006,0.3631,0.7654,45.1,23.8,14.4,0.5077,0.36669999999999997,0.7419,42.0,29.9,12.8,-0.035499999999999976,-0.003599999999999992,3.1000000000000014,-6.099999999999998,-1.5999999999999996,1.0
2024_25,0022400714,2025-02-04,CHI,MIA,133,124,257,9,0.44800000000000006,0.3464,0.8564,47.4,27.4,15.8,0.465,0.3646,0.8525,45.2,27.7,14.4,-0.01699999999999996,-0.018199999999999994,2.1999999999999957,-0.3000000000000007,-1.4000000000000004,1.0
2024_25,0022400712,2025-02-04,PHI,DAL,118,116,234,2,0.4805,0.3975,0.7984,36.4,25.3,11.1,0.4761,0.3464,0.7811,46.2,24.9,15.4,0.0043999999999999595,0.051100000000000034,-9.800000000000004,0.40000000000000213,4.300000000000001,1.0
2024_25,0022400711,2025-02-04,BKN,HOU,99,97,196,2,0.41900000000000004,0.3173,0.7558,42.8,23.4,15.6,0.45630000000000004,0.3651,0.7539,46.6,23.4,14.7,-0.0373,-0.047799999999999954,-3.8000000000000043,0.0,-0.9000000000000004,1.0
2024_25,0022400710,2025-02-04,CLE,BOS,105,112,217,-7,0.49269999999999997,0.38049999999999995,0.7925,46.8,29.9,11.6,0.46699999999999997,0.3883,0.8128,42.8,28.0,11.1,0.0257,-0.007800000000000029,4.0,1.8999999999999986,-0.5,1.0
2024_25,0022400713,2025-02-04,TOR,NYK,115,121,236,-6,0.48860000000000003,0.3792,0.7390000000000001,45.2,30.6,14.1,0.4904,0.3739,0.7905,42.7,29.5,12.7,-0.0017999999999999683,0.005299999999999971,2.5,1.1000000000000014,-1.4000000000000004,1.0
2024_25,0022400725,2025-02-05,UTA,GSW,131,128,259,3,0.45709999999999995,0.339,0.7527,45.0,27.3,16.2,0.438,0.3711,0.7573000000000001,45.4,28.6,12.9,0.01909999999999995,-0.03209999999999996,-0.3999999999999986,-1.3000000000000007,-3.299999999999999,1.0
2024_25,0022400727,2025-02-05,SAC,ORL,111,130,241,-19,0.4737,0.3491,0.8031,44.3,28.6,11.6,0.40140000000000003,0.2716,0.7046,41.5,21.2,13.4,0.07229999999999998,0.07750000000000001,2.799999999999997,7.400000000000002,1.8000000000000007,1.0
2024_25,0022400726,2025-02-05,DEN,NOP,144,119,263,25,0.5281,0.363,0.8431000000000001,45.4,31.3,13.7,0.461,0.3666,0.7719,44.1,26.4,12.4,0.06709999999999999,-0.003599999999999992,1.2999999999999972,4.900000000000002,-1.299999999999999,1.0
2024_25,0022400724,2025-02-05,OKC,PHX,140,109,249,31,0.4862,0.363,0.8226000000000001,45.6,27.4,12.8,0.4869,0.3806,0.8065,43.5,27.4,14.7,-0.0006999999999999784,-0.017600000000000005,2.1000000000000014,0.0,1.8999999999999986,1.0
2024_25,0022400722,2025-02-05,TOR,MEM,107,138,245,-31,0.49329999999999996,0.37570000000000003,0.767,44.2,30.5,14.0,0.49960000000000004,0.3776,0.8006,46.0,30.2,14.0,-0.006300000000000083,-0.0018999999999999573,-1.7999999999999972,0.3000000000000007,0.0,1.0
2024_25,0022400723,2025-02-05,MIN,CHI,127,108,235,19,0.48310000000000003,0.4018,0.825,43.1,27.8,13.8,0.45640000000000003,0.3705,0.8382,46.4,28.6,14.8,0.0267,0.031299999999999994,-3.299999999999997,-0.8000000000000007,1.0,1.0
2024_25,0022400720,2025-02-05,BKN,WAS,102,119,221,-17,0.4109,0.308,0.749,42.3,22.4,15.7,0.3993,0.314,0.7798999999999999,44.6,23.3,14.9,0.0116,-0.006000000000000005,-2.3000000000000043,-0.9000000000000021,-0.7999999999999989,1.0
2024_25,0022400719,2025-02-05,ATL,SAS,125,126,251,-1,0.4473,0.31379999999999997,0.7502,43.0,26.2,17.3,0.4582,0.363,0.7422,44.3,28.6,13.0,-0.01090000000000002,-0.04920000000000002,-1.2999999999999972,-2.400000000000002,-4.300000000000001,1.0
2024_25,0022400718,2025-02-05,DET,CLE,115,118,233,-3,0.46909999999999996,0.32,0.8021,45.8,25.1,14.5,0.4856,0.37770000000000004,0.7961,47.0,28.5,10.8,-0.016500000000000015,-0.05770000000000003,-1.2000000000000028,-3.3999999999999986,-3.6999999999999993,1.0
2024_25,0022400717,2025-02-05,CHA,MIL,102,112,214,-10,0.4354,0.3516,0.7981,44.5,24.8,13.5,0.4976,0.3969,0.7136,44.0,27.5,12.3,-0.06219999999999998,-0.04529999999999995,0.5,-2.6999999999999993,-1.1999999999999993,1.0
2024_25,0022400721,2025-02-05,PHI,MIA,101,108,209,-7,0.4852,0.3937,0.7668,36.3,26.3,11.2,0.47400000000000003,0.3705,0.85,44.7,28.4,14.2,0.011199999999999988,0.0232,-8.400000000000006,-2.099999999999998,3.0,1.0
2024_25,0022400732,2025-02-06,POR,SAC,108,102,210,6,0.4715,0.36760000000000004,0.7873,46.2,23.3,14.4,0.4795,0.3456,0.8003,43.5,28.4,12.6,-0.008000000000000007,0.02200000000000002,2.700000000000003,-5.099999999999998,-1.8000000000000007,1.0
2024_25,0022400728,2025-02-06,BOS,DAL,120,127,247,-7,0.4553,0.3778,0.8051999999999999,44.0,28.1,11.3,0.47540000000000004,0.34540000000000004,0.7897000000000001,46.1,24.6,14.9,-0.020100000000000062,0.032399999999999984,-2.1000000000000014,3.5,3.5999999999999996,1.0
2024_25,0022400729,2025-02-06,MIN,HOU,127,114,241,13,0.4728,0.3894,0.8356999999999999,44.4,28.2,13.3,0.4446,0.3631,0.7498,46.5,23.3,15.1,0.028200000000000003,0.026300000000000046,-2.1000000000000014,4.899999999999999,1.799999999999999,1.0
2024_25,0022400730,2025-02-06,DEN,ORL,112,90,202,22,0.5307999999999999,0.3517,0.8469,46.4,31.8,14.0,0.42350000000000004,0.29710000000000003,0.7265,41.8,21.8,13.2,0.1072999999999999,0.05459999999999998,4.600000000000001,10.0,-0.8000000000000007,1.0
2024_25,0022400731,2025-02-06,LAL,GSW,120,112,232,8,0.5166000000000001,0.3731,0.8192,43.4,27.3,14.3,0.43520000000000003,0.3565,0.742,45.0,29.3,12.5,0.08140000000000003,0.016600000000000004,-1.6000000000000014,-2.0,-1.8000000000000007,1.0
2024_25,0022400733,2025-02-06,LAC,IND,112,119,231,-7,0.47650000000000003,0.3388,0.8515,44.1,24.8,14.1,0.4991,0.3488,0.7268,42.4,30.2,13.5,-0.022599999999999953,-0.010000000000000009,1.7000000000000028,-5.399999999999999,-0.5999999999999996,1.0
2024_25,0022400740,2025-02-07,PHX,UTA,135,127,262,8,0.4822,0.371,0.8105,42.3,26.5,15.3,0.4631,0.3369,0.7754,46.2,27.3,16.3,0.019100000000000006,0.03410000000000002,-3.9000000000000057,-0.8000000000000007,1.0,1.0
2024_25,0022400739,2025-02-07,OKC,TOR,121,109,230,12,0.4816,0.3583,0.8226000000000001,46.4,26.6,11.6,0.48250000000000004,0.3719,0.7965,42.0,29.8,13.9,-0.0009000000000000674,-0.013600000000000001,4.399999999999999,-3.1999999999999993,2.3000000000000007,1.0
2024_25,0022400738,2025-02-07,DET,PHI,125,112,237,13,0.46930000000000005,0.3274,0.805,44.8,25.1,13.8,0.48100000000000004,0.3943,0.7691,37.0,26.4,10.8,-0.011699999999999988,-0.06689999999999996,7.799999999999997,-1.2999999999999972,-3.0,1.0
2024_25,0022400736,2025-02-07,ATL,MIL,115,110,225,5,0.4527,0.3276,0.7438,42.0,26.8,17.5,0.4857,0.3815,0.7344999999999999,43.5,27.7,11.3,-0.03300000000000003,-0.0539,-1.5,-0.8999999999999986,-6.199999999999999,1.0
2024_25,0022400735,2025-02-07,WAS,CLE,124,134,258,-10,0.40940000000000004,0.3116,0.7888999999999999,44.2,24.9,15.0,0.48810000000000003,0.38439999999999996,0.7874,46.9,28.6,12.4,-0.07869999999999999,-0.07279999999999998,-2.6999999999999957,-3.700000000000003,-2.5999999999999996,1.0
2024_25,0022400734,2025-02-07,CHA,SAS,117,116,233,1,0.4286,0.3458,0.7931,44.2,24.3,13.1,0.4624,0.3628,0.7588999999999999,43.5,29.1,12.3,-0.0338,-0.017000000000000015,0.7000000000000028,-4.800000000000001,-0.7999999999999989,1.0
2024_25,0022400737,2025-02-07,BKN,MIA,102,86,188,16,0.4242,0.3243,0.7684,42.1,23.5,14.5,0.4676,0.3673,0.8367000000000001,46.4,28.4,14.4,-0.043399999999999994,-0.04300000000000004,-4.299999999999997,-4.899999999999999,-0.09999999999999964,1.0
2024_25,0022400748,2025-02-08,NYK,BOS,104,131,235,-27,0.4904,0.3654,0.7903,42.8,29.5,12.2,0.46849999999999997,0.3922,0.7982,42.7,28.8,11.3,0.02190000000000003,-0.02679999999999999,0.09999999999999432,0.6999999999999993,-0.8999999999999986,1.0
2024_25,0022400751,2025-02-08,LAC,UTA,130,110,240,20,0.47030000000000005,0.3446,0.8451000000000001,45.1,24.6,14.7,0.45410000000000006,0.3298,0.7854,48.5,27.2,15.9,0.016199999999999992,0.014800000000000035,-3.3999999999999986,-2.599999999999998,1.200000000000001,1.0
2024_25,0022400750,2025-02-08,SAC,NOP,123,118,241,5,0.4715,0.3365,0.7912,43.8,27.3,12.5,0.46340000000000003,0.3731,0.7796000000000001,43.3,25.8,12.5,0.00809999999999994,-0.036599999999999966,0.5,1.5,0.0,1.0
2024_25,0022400749,2025-02-08,PHX,DEN,105,122,227,-17,0.4774,0.3823,0.8210000000000001,42.2,27.1,15.1,0.5319,0.3637,0.8201,45.9,32.7,13.9,-0.05450000000000005,0.01859999999999995,-3.6999999999999957,-5.600000000000001,-1.1999999999999993,1.0
2024_25,0022400747,2025-02-08,MIN,POR,114,98,212,16,0.4729,0.39089999999999997,0.8390000000000001,44.9,27.8,13.8,0.4676,0.3786,0.7851,45.9,23.7,13.9,0.005299999999999971,0.012299999999999978,-1.0,4.100000000000001,0.09999999999999964,1.0
2024_25,0022400746,2025-02-08,MEM,OKC,112,125,237,-13,0.5029,0.3776,0.8096,46.9,29.6,15.0,0.48230000000000006,0.3533,0.8156000000000001,46.9,26.7,12.1,0.02059999999999995,0.02429999999999999,0.0,2.900000000000002,-2.9000000000000004,1.0
2024_25,0022400745,2025-02-08,CHI,GSW,111,132,243,-21,0.45410000000000006,0.3688,0.818,45.3,27.7,14.5,0.42889999999999995,0.35259999999999997,0.737,43.5,29.8,12.7,0.02520000000000011,0.016200000000000048,1.7999999999999972,-2.1000000000000014,-1.8000000000000007,1.0
2024_25,0022400744,2025-02-08,WAS,ATL,111,125,236,-14,0.4223,0.3242,0.7716000000000001,43.6,25.5,14.8,0.4545,0.3204,0.7332,43.1,27.4,16.2,-0.032200000000000006,0.00379999999999997,0.5,-1.8999999999999986,1.3999999999999986,1.0
2024_25,0022400743,2025-02-08,ORL,SAS,112,111,223,1,0.4189,0.2976,0.7355,42.1,22.4,13.4,0.4713,0.359,0.7572,42.7,29.2,12.2,-0.0524,-0.06140000000000001,-0.6000000000000014,-6.800000000000001,-1.200000000000001,1.0
2024_25,0022400742,2025-02-08,LAL,IND,124,117,241,7,0.5203,0.3749,0.8220000000000001,44.7,27.5,14.7,0.49240000000000006,0.3476,0.7476,42.4,29.6,13.0,0.027899999999999925,0.02729999999999999,2.3000000000000043,-2.1000000000000014,-1.6999999999999993,1.0
2024_25,0022400741,2025-02-08,DAL,HOU,116,105,221,11,0.48180000000000006,0.3519,0.7948000000000001,45.3,25.3,14.3,0.449,0.3566,0.753,44.3,23.4,14.9,0.03280000000000005,-0.004699999999999982,1.0,1.9000000000000021,0.5999999999999996,1.0
2024_25,0022400752,2025-02-09,DET,CHA,112,102,214,10,0.46790000000000004,0.3387,0.8151999999999999,46.1,26.1,14.4,0.4343,0.3469,0.8209,44.6,24.8,12.9,0.03360000000000002,-0.008199999999999985,1.5,1.3000000000000007,-1.5,1.0
2024_25,0022400753,2025-02-09,HOU,TOR,94,87,181,7,0.44960000000000006,0.357,0.7615000000000001,45.2,23.6,14.1,0.47809999999999997,0.3947,0.7847000000000001,41.9,29.8,13.7,-0.028499999999999914,-0.03770000000000001,3.3000000000000043,-6.199999999999999,-0.40000000000000036,1.0
2024_25,0022400754,2025-02-09,MIL,PHI,135,127,262,8,0.4765,0.3776,0.744,43.4,28.0,10.9,0.4851,0.4006,0.7859,37.0,26.4,11.2,-0.008599999999999997,-0.02300000000000002,6.399999999999999,1.6000000000000014,0.29999999999999893,1.0
2024_25,0022400762,2025-02-10,DAL,SAC,128,129,257,-1,0.4856,0.38530000000000003,0.7828,44.5,25.6,13.5,0.4704,0.3325,0.7908,43.8,26.9,13.1,0.015199999999999991,0.052800000000000014,0.7000000000000028,-1.2999999999999972,-0.40000000000000036,1.0
2024_25,0022400761,2025-02-10,OKC,NOP,137,101,238,36,0.4867,0.3527,0.8299,47.8,27.2,11.5,0.46690000000000004,0.3787,0.7683,42.3,26.1,13.1,0.019799999999999984,-0.025999999999999968,5.5,1.0999999999999979,1.5999999999999996,1.0
2024_25,0022400768,2025-02-10,LAL,UTA,132,113,245,19,0.5226,0.3749,0.8238,46.0,27.8,14.5,0.4615,0.34540000000000004,0.7887,46.0,27.3,16.5,0.06109999999999993,0.02949999999999997,0.0,0.5,2.0,1.0
2024_25,0022400760,2025-02-10,MIL,GSW,111,125,236,-14,0.4709,0.3834,0.7623,43.9,27.8,11.4,0.4441,0.3658,0.7586,44.1,30.4,13.0,0.02679999999999999,0.017600000000000005,-0.20000000000000284,-2.599999999999998,1.5999999999999996,1.0
2024_25,0022400763,2025-02-10,DEN,POR,146,117,263,29,0.5196,0.3578,0.8182,46.4,31.6,13.5,0.4584,0.3637,0.7971999999999999,45.7,23.0,14.8,0.06119999999999998,-0.005900000000000016,0.6999999999999957,8.600000000000001,1.3000000000000007,1.0
2024_25,0022400758,2025-02-10,BKN,CHA,97,89,186,8,0.421,0.3066,0.7693000000000001,43.3,22.4,14.2,0.43019999999999997,0.35829999999999995,0.8191,45.0,24.6,12.7,-0.009199999999999986,-0.05169999999999997,-1.7000000000000028,-2.200000000000003,-1.5,1.0
2024_25,0022400757,2025-02-10,WAS,SAS,121,131,252,-10,0.4306,0.3236,0.7976,44.3,25.6,15.3,0.47119999999999995,0.3652,0.7522,42.0,28.9,12.5,-0.04059999999999997,-0.041600000000000026,2.299999999999997,-3.299999999999997,-2.8000000000000007,1.0
2024_25,0022400756,2025-02-10,ORL,ATL,106,112,218,-6,0.4327,0.3016,0.7205,42.7,21.3,14.2,0.46509999999999996,0.34550000000000003,0.7328,42.5,28.5,16.0,-0.032399999999999984,-0.04390000000000005,0.20000000000000284,-7.199999999999999,1.8000000000000007,1.0
2024_25,0022400755,2025-02-10,CLE,MIN,128,107,235,21,0.496,0.3852,0.8051999999999999,46.5,29.1,12.9,0.4866,0.394,0.8291999999999999,44.0,27.6,13.6,0.00940000000000002,-0.00880000000000003,2.5,1.5,0.6999999999999993,1.0
2024_25,0022400759,2025-02-10,MIA,BOS,85,103,188,-18,0.4537,0.37,0.82,46.2,27.7,15.0,0.46929999999999994,0.3992,0.7939999999999999,42.5,27.6,11.4,-0.015599999999999947,-0.029200000000000004,3.700000000000003,0.09999999999999787,-3.5999999999999996,1.0
2024_25,0022400767,2025-02-11,PHX,MEM,112,119,231,-7,0.4694,0.3778,0.8240999999999999,43.1,27.4,14.0,0.4906,0.3773,0.8080999999999999,46.8,27.8,15.4,-0.021199999999999997,0.0005000000000000004,-3.6999999999999957,-0.40000000000000213,1.4000000000000004,1.0
2024_25,0022400766,2025-02-11,CHI,DET,92,132,224,-40,0.454,0.3848,0.8108000000000001,44.8,28.0,14.6,0.46909999999999996,0.33140000000000003,0.8097999999999999,45.5,27.1,13.2,-0.015099999999999947,0.05339999999999995,-0.7000000000000028,0.8999999999999986,-1.4000000000000004,1.0
2024_25,0022400764,2025-02-11,PHI,TOR,103,106,209,-3,0.49210000000000004,0.4011,0.7898,38.7,25.8,11.6,0.4614,0.35950000000000004,0.7969,42.5,28.8,13.5,0.03070000000000006,0.04159999999999997,-3.799999999999997,-3.0,1.9000000000000004,1.0
2024_25,0022400765,2025-02-11,IND,NYK,115,128,243,-13,0.48250000000000004,0.3459,0.7761,41.4,29.6,12.6,0.4791,0.3597,0.8057000000000001,41.3,28.3,11.5,0.003400000000000014,-0.013800000000000034,0.10000000000000142,1.3000000000000007,-1.0999999999999996,1.0
2024_25,0022400780,2025-02-12,DEN,POR,132,121,253,11,0.537,0.3547,0.8404999999999999,44.6,33.0,13.4,0.4551,0.3721,0.8186,44.8,23.2,14.9,0.08190000000000003,-0.01739999999999997,-0.19999999999999574,9.8,1.5,1.0
2024_25,0022400783,2025-02-12,LAC,MEM,128,114,242,14,0.4889,0.36550000000000005,0.8320000000000001,44.8,25.8,15.2,0.4906,0.38689999999999997,0.8065,48.1,28.1,15.4,-0.0016999999999999793,-0.02139999999999992,-3.3000000000000043,-2.3000000000000007,0.20000000000000107,1.0
2024_25,0022400782,2025-02-12,DAL,GSW,111,107,218,4,0.48719999999999997,0.3982,0.7611000000000001,44.0,26.3,13.3,0.4415,0.3489,0.7683,44.5,30.0,12.0,0.04569999999999996,0.04930000000000001,-0.5,-3.6999999999999993,-1.3000000000000007,1.0
2024_25,0022400781,2025-02-12,UTA,LAL,131,119,250,12,0.4612,0.3376,0.8071999999999999,44.7,27.7,15.7,0.5291,0.3782,0.8404,45.4,27.6,14.7,-0.06790000000000002,-0.04059999999999997,-0.6999999999999957,0.09999999999999787,-1.0,1.0
2024_25,0022400779,2025-02-12,HOU,PHX,119,111,230,8,0.44160000000000005,0.3392,0.7701,45.7,22.8,13.4,0.46630000000000005,0.371,0.829,42.5,28.1,14.1,-0.0247,-0.031799999999999995,3.200000000000003,-5.300000000000001,0.6999999999999993,1.0
2024_25,0022400778,2025-02-12,OKC,MIA,115,101,216,14,0.48310000000000003,0.35760000000000003,0.8126,48.0,26.4,11.4,0.43479999999999996,0.3399,0.8122999999999999,46.4,26.3,14.3,0.048300000000000065,0.01770000000000005,1.6000000000000014,0.09999999999999787,2.9000000000000004,1.0
2024_25,0022400777,2025-02-12,NOP,SAC,111,119,230,-8,0.4638,0.37170000000000003,0.7717,40.9,24.6,14.1,0.475,0.33039999999999997,0.7706999999999999,45.0,27.3,14.4,-0.011199999999999988,0.04130000000000006,-4.100000000000001,-2.6999999999999993,0.3000000000000007,1.0
2024_25,0022400776,2025-02-12,MIN,MIL,101,103,204,-2,0.4809,0.38689999999999997,0.8177,44.2,26.7,14.1,0.47400000000000003,0.36869999999999997,0.7607999999999999,42.1,26.4,12.7,0.006899999999999962,0.018199999999999994,2.1000000000000014,0.3000000000000007,-1.4000000000000004,1.0
2024_25,0022400775,2025-02-12,CHI,DET,110,128,238,-18,0.4486,0.3735,0.7932,43.8,27.7,15.0,0.47220000000000006,0.33999999999999997,0.8074,45.9,27.4,12.6,-0.023600000000000065,0.03350000000000003,-2.1000000000000014,0.3000000000000007,-2.4000000000000004,1.0
2024_25,0022400774,2025-02-12,TOR,CLE,108,131,239,-23,0.4497,0.3499,0.8003,43.5,27.9,13.4,0.5048,0.39299999999999996,0.8118000000000001,46.9,29.3,13.3,-0.05510000000000004,-0.04309999999999997,-3.3999999999999986,-1.4000000000000021,-0.09999999999999964,1.0
2024_25,0022400773,2025-02-12,NYK,ATL,149,148,297,1,0.49400000000000005,0.3555,0.8045,42.0,30.1,12.2,0.4662,0.3479,0.7452,42.8,28.4,16.2,0.027800000000000047,0.007599999999999996,-0.7999999999999972,1.7000000000000028,4.0,1.0
2024_25,0022400772,2025-02-12,BKN,PHI,100,96,196,4,0.4183,0.3025,0.7833,43.9,22.3,14.2,0.4822,0.371,0.7878999999999999,39.0,25.7,11.2,-0.06390000000000001,-0.0685,4.899999999999999,-3.3999999999999986,-3.0,1.0
2024_25,0022400771,2025-02-12,WAS,IND,130,134,264,-4,0.445,0.3295,0.8013999999999999,43.6,25.8,15.1,0.48410000000000003,0.3435,0.7918999999999999,40.0,29.8,12.4,-0.039100000000000024,-0.014000000000000012,3.6000000000000014,-4.0,-2.6999999999999993,1.0
2024_25,0022400770,2025-02-12,ORL,CHA,102,86,188,16,0.4389,0.3126,0.7301,41.5,21.9,14.6,0.43360000000000004,0.3487,0.8013,44.4,24.4,12.9,0.005299999999999971,-0.03610000000000002,-2.8999999999999986,-2.5,-1.6999999999999993,1.0
2024_25,0022400769,2025-02-12,BOS,SAS,116,103,219,13,0.46959999999999996,0.3933,0.8140000000000001,44.5,27.6,10.3,0.4774,0.3727,0.7646,41.9,29.5,12.6,-0.007800000000000029,0.020600000000000007,2.6000000000000014,-1.8999999999999986,2.299999999999999,1.0
2024_25,0022400787,2025-02-13,MIN,OKC,116,101,217,15,0.46299999999999997,0.3629,0.8177,45.6,25.6,13.9,0.4857,0.3653,0.7906,48.2,26.6,11.6,-0.022700000000000053,-0.0024000000000000132,-2.6000000000000014,-1.0,-2.3000000000000007,1.0
2024_25,0022400786,2025-02-13,DAL,MIA,118,113,231,5,0.4828,0.3947,0.7605000000000001,43.6,25.8,12.8,0.43629999999999997,0.339,0.7926,46.4,26.1,14.9,0.04650000000000004,0.05569999999999997,-2.799999999999997,-0.3000000000000007,2.0999999999999996,1.0
2024_25,0022401004,2025-02-13,UTA,LAC,116,120,236,-4,0.4711,0.3487,0.8047000000000001,45.5,28.0,15.2,0.48719999999999997,0.3705,0.8506,45.4,26.3,14.6,-0.016099999999999948,-0.021799999999999986,0.10000000000000142,1.6999999999999993,-0.5999999999999996,1.0
2024_25,0022400784,2025-02-13,HOU,GSW,98,105,203,-7,0.43410000000000004,0.3238,0.7573000000000001,45.9,23.4,13.4,0.4391,0.3336,0.7516,44.3,29.2,12.4,-0.004999999999999949,-0.009800000000000031,1.6000000000000014,-5.800000000000001,-1.0,1.0
2024_25,0022400785,2025-02-13,NOP,SAC,140,133,273,7,0.466,0.3601,0.7653000000000001,40.4,24.6,13.6,0.4782,0.3294,0.7694,44.5,27.0,14.2,-0.012199999999999989,0.03069999999999995,-4.100000000000001,-2.3999999999999986,0.5999999999999996,1.0
2024_25,0022400524,2025-02-19,LAL,CHA,97,100,197,-3,0.5265000000000001,0.3753,0.8070999999999999,44.6,28.0,15.1,0.4231,0.3375,0.8226000000000001,43.9,23.7,12.6,0.1034000000000001,0.0378,0.7000000000000028,4.300000000000001,-2.5,1.0
2024_25,0022400796,2025-02-20,POR,LAL,102,110,212,-8,0.4603,0.38,0.8218,44.6,24.2,14.4,0.5129,0.3702,0.7914,45.4,28.0,15.6,-0.052600000000000036,0.009800000000000031,-0.7999999999999972,-3.8000000000000007,1.1999999999999993,1.0
2024_25,0022400794,2025-02-20,DEN,CHA,129,115,244,14,0.5391,0.3598,0.8659000000000001,45.9,32.4,12.8,0.41459999999999997,0.3326,0.8333999999999999,45.2,23.1,13.1,0.12450000000000006,0.027200000000000002,0.6999999999999957,9.299999999999997,0.29999999999999893,1.0
2024_25,0022400795,2025-02-20,SAS,PHX,120,109,229,11,0.47359999999999997,0.3597,0.7653,41.7,29.6,11.7,0.47359999999999997,0.377,0.8179000000000001,41.5,28.3,14.8,0.0,-0.017299999999999982,0.20000000000000284,1.3000000000000007,3.1000000000000014,1.0
2024_25,0022400793,2025-02-20,MIL,LAC,116,110,226,6,0.4715,0.37160000000000004,0.7539,42.7,26.4,12.7,0.48319999999999996,0.3731,0.834,44.2,25.6,14.0,-0.011699999999999988,-0.0014999999999999458,-1.5,0.7999999999999972,1.3000000000000007,1.0
2024_25,0022400788,2025-02-20,IND,MEM,127,113,240,14,0.4824,0.3463,0.8046,40.5,30.6,11.9,0.49000000000000005,0.3922,0.7669,48.1,26.9,16.0,-0.007600000000000051,-0.045899999999999996,-7.600000000000001,3.700000000000003,4.1,1.0
2024_25,0022400791,2025-02-20,BKN,CLE,97,110,207,-13,0.4282,0.2992,0.7873,44.2,22.5,14.3,0.5033000000000001,0.3789,0.8230999999999999,48.5,29.7,13.0,-0.07510000000000006,-0.0797,-4.299999999999997,-7.199999999999999,-1.3000000000000007,1.0
2024_25,0022400790,2025-02-20,ATL,ORL,108,114,222,-6,0.4769,0.355,0.7458,43.2,29.9,15.2,0.44580000000000003,0.32120000000000004,0.7361,42.3,22.4,13.5,0.03109999999999996,0.03379999999999994,0.9000000000000057,7.5,-1.6999999999999993,1.0
2024_25,0022400789,2025-02-20,PHI,BOS,104,124,228,-20,0.47969999999999996,0.36629999999999996,0.7990999999999999,38.8,25.9,11.7,0.47729999999999995,0.3919,0.8140000000000001,45.9,27.8,11.3,0.0024000000000000132,-0.025600000000000067,-7.100000000000001,-1.9000000000000021,-0.3999999999999986,1.0
2024_25,0022400792,2025-02-20,NYK,CHI,113,111,224,2,0.4992,0.3632,0.8093999999999999,42.0,29.8,12.4,0.4525,0.35550000000000004,0.8017,43.3,27.8,15.5,0.046699999999999964,0.007699999999999985,-1.2999999999999972,2.0,3.0999999999999996,1.0
2024_25,0022400797,2025-02-21,CLE,NYK,142,105,247,37,0.49429999999999996,0.3635,0.8166,49.7,28.8,13.6,0.4962,0.365,0.8008,43.2,29.7,12.5,-0.0019000000000000128,-0.0015000000000000013,6.5,-0.8999999999999986,-1.0999999999999996,1.0
2024_25,0022400798,2025-02-21,ORL,MEM,104,105,209,-1,0.44580000000000003,0.29969999999999997,0.7361,43.6,21.7,12.8,0.476,0.3778,0.7533000000000001,48.4,25.9,16.0,-0.03019999999999995,-0.07810000000000006,-4.799999999999997,-4.199999999999999,3.1999999999999993,1.0
2024_25,0022400799,2025-02-21,WAS,MIL,101,104,205,-3,0.4468,0.3367,0.8049,44.5,25.9,16.1,0.4585,0.3758,0.7862,42.2,25.3,13.3,-0.011700000000000044,-0.039100000000000024,2.299999999999997,0.5999999999999979,-2.8000000000000007,1.0
2024_25,0022400800,2025-02-21,TOR,MIA,111,120,231,-9,0.4492,0.3477,0.779,42.3,27.4,12.8,0.4466,0.3433,0.7817999999999999,45.6,25.8,15.1,0.002599999999999991,0.004400000000000015,-3.3000000000000043,1.5999999999999979,2.299999999999999,1.0
2024_25,0022400801,2025-02-21,HOU,MIN,121,115,236,6,0.4304,0.3156,0.7415,47.2,22.9,14.6,0.4659,0.359,0.8396000000000001,45.9,26.6,13.1,-0.035499999999999976,-0.043399999999999994,1.3000000000000043,-3.700000000000003,-1.5,1.0
2024_25,0022400802,2025-02-21,SAS,DET,110,125,235,-15,0.4758,0.3588,0.7801,41.7,29.8,11.3,0.4768,0.33999999999999997,0.8053000000000001,46.5,28.2,12.7,-0.0010000000000000009,0.01880000000000004,-4.799999999999997,1.6000000000000014,1.3999999999999986,1.0
2024_25,0022400803,2025-02-21,DAL,NOP,111,103,214,8,0.4896,0.3944,0.7668,42.7,26.8,12.9,0.46180000000000004,0.3609,0.7759,41.4,24.8,13.3,0.027799999999999936,0.033499999999999974,1.3000000000000043,2.0,0.40000000000000036,1.0
2024_25,0022400804,2025-02-21,UTA,OKC,107,130,237,-23,0.4788,0.3554,0.8124,45.6,27.5,16.7,0.48,0.3489,0.8012,49.8,26.5,11.3,-0.0011999999999999789,0.006500000000000006,-4.199999999999996,1.0,-5.399999999999999,1.0
2024_25,0022400805,2025-02-21,SAC,GSW,108,132,240,-24,0.47359999999999997,0.3267,0.7676000000000001,46.5,27.5,14.5,0.4323,0.3256,0.778,44.7,28.8,12.1,0.04129999999999995,0.0010999999999999899,1.7999999999999972,-1.3000000000000007,-2.4000000000000004,1.0
2024_25,0022400809,2025-02-22,UTA,HOU,124,115,239,9,0.47309999999999997,0.3612,0.7971999999999999,46.0,27.2,17.3,0.43360000000000004,0.3423,0.7215,47.6,22.8,14.5,0.039499999999999924,0.018900000000000028,-1.6000000000000014,4.399999999999999,-2.8000000000000007,1.0
2024_25,0022400808,2025-02-22,DEN,LAL,100,123,223,-23,0.5371,0.38180000000000003,0.8409000000000001,47.2,31.7,12.7,0.5093,0.3769,0.8084,45.4,27.8,16.1,0.027800000000000047,0.0049000000000000155,1.8000000000000043,3.8999999999999986,3.400000000000002,1.0
2024_25,0022400810,2025-02-22,POR,CHA,141,88,229,53,0.4638,0.3674,0.8028000000000001,43.5,24.8,14.6,0.4243,0.3445,0.8478,44.5,24.1,12.4,0.03949999999999998,0.02290000000000003,-1.0,0.6999999999999993,-2.1999999999999993,1.0
2024_25,0022400806,2025-02-22,CHI,PHX,117,121,238,-4,0.44989999999999997,0.36350000000000005,0.82,43.2,27.8,15.0,0.4734,0.3666,0.8211,41.5,28.8,14.9,-0.02350000000000002,-0.003099999999999936,1.7000000000000028,-1.0,-0.09999999999999964,1.0
2024_25,0022400807,2025-02-22,PHI,BKN,103,105,208,-2,0.47540000000000004,0.3544,0.8092,38.9,26.2,11.8,0.43079999999999996,0.3061,0.7809,43.5,23.4,14.2,0.044600000000000084,0.04830000000000001,-4.600000000000001,2.8000000000000007,2.3999999999999986,1.0
2024_25,0022400818,2025-02-23,NOP,SAS,114,96,210,18,0.465,0.36469999999999997,0.775,42.8,25.2,13.4,0.4787,0.36,0.7716999999999999,41.9,29.8,12.0,-0.01369999999999999,0.004699999999999982,0.8999999999999986,-4.600000000000001,-1.4000000000000004,1.0
2024_25,0022400817,2025-02-23,MIL,MIA,120,113,233,7,0.45549999999999996,0.3725,0.7794,43.0,25.1,13.9,0.45339999999999997,0.333,0.7693,44.9,25.6,14.3,0.0020999999999999908,0.03949999999999998,-1.8999999999999986,-0.5,0.40000000000000036,1.0
2024_25,0022400820,2025-02-23,MIN,OKC,123,130,253,-7,0.4545,0.3431,0.8352999999999999,46.0,26.2,12.4,0.48019999999999996,0.3598,0.8134,50.6,27.9,11.6,-0.025699999999999945,-0.016699999999999993,-4.600000000000001,-1.6999999999999993,-0.8000000000000007,1.0
2024_25,0022400819,2025-02-23,CLE,MEM,129,123,252,6,0.5112,0.3876,0.8116,49.1,29.8,14.1,0.46609999999999996,0.36219999999999997,0.7557,49.2,25.3,15.8,0.04510000000000003,0.025400000000000034,-0.10000000000000142,4.5,1.700000000000001,1.0
2024_25,0022400816,2025-02-23,TOR,PHX,127,109,236,18,0.44800000000000006,0.3599,0.779,41.5,26.8,12.9,0.4711,0.3624,0.8353999999999999,42.8,28.7,14.4,-0.023099999999999954,-0.0025000000000000022,-1.2999999999999972,-1.8999999999999986,1.5,1.0
2024_25,0022400814,2025-02-23,ATL,DET,143,148,291,-5,0.47640000000000005,0.3585,0.747,43.2,29.5,13.9,0.4883,0.3465,0.8281000000000001,47.3,28.9,13.3,-0.011899999999999966,0.01200000000000001,-4.099999999999994,0.6000000000000014,-0.5999999999999996,1.0
2024_25,0022400815,2025-02-23,ORL,WAS,110,90,200,20,0.44079999999999997,0.2928,0.7458,43.9,20.8,12.7,0.44539999999999996,0.3378,0.7988,44.2,26.1,16.4,-0.004599999999999993,-0.044999999999999984,-0.30000000000000426,-5.300000000000001,3.6999999999999993,1.0
2024_25,0022400813,2025-02-23,IND,LAC,129,111,240,18,0.4868,0.3408,0.8137000000000001,41.1,30.7,12.0,0.48440000000000005,0.3807,0.8182,43.8,26.5,14.7,0.0023999999999999577,-0.03989999999999999,-2.6999999999999957,4.199999999999999,2.6999999999999993,1.0
2024_25,0022400812,2025-02-23,GSW,DAL,126,102,228,24,0.44699999999999995,0.33740000000000003,0.7974,43.5,29.9,12.4,0.4793,0.38639999999999997,0.774,42.3,25.7,13.1,-0.03230000000000005,-0.04899999999999993,1.2000000000000028,4.199999999999999,0.6999999999999993,1.0
2024_25,0022400811,2025-02-23,BOS,NYK,118,105,223,13,0.4829,0.3978,0.8336,45.7,27.8,11.9,0.4939,0.35350000000000004,0.7662,41.1,28.2,13.1,-0.01100000000000001,0.04429999999999995,4.600000000000001,-0.3999999999999986,1.1999999999999993,1.0
2024_25,0022400827,2025-02-24,UTA,POR,112,114,226,-2,0.4725,0.3525,0.7613,49.5,27.9,16.6,0.4713,0.371,0.7910999999999999,44.0,25.9,15.0,0.0011999999999999789,-0.018500000000000016,5.5,2.0,-1.6000000000000014,1.0
2024_25,0022400826,2025-02-24,OKC,MIN,128,131,259,-3,0.49560000000000004,0.391,0.8084,49.3,29.0,11.5,0.4385,0.3278,0.8525,46.5,24.7,12.4,0.05710000000000004,0.06320000000000003,2.799999999999997,4.300000000000001,0.9000000000000004,1.0
2024_25,0022400825,2025-02-24,ATL,MIA,98,86,184,12,0.48600000000000004,0.38180000000000003,0.7379,43.2,30.6,13.4,0.4478,0.3254,0.7872,45.2,24.7,13.6,0.03820000000000007,0.056400000000000006,-2.0,5.900000000000002,0.1999999999999993,1.0
2024_25,0022400828,2025-02-24,SAC,CHA,130,88,218,42,0.46929999999999994,0.329,0.7973,46.0,27.0,15.1,0.4152,0.3368,0.8324999999999999,44.0,24.2,13.2,0.054099999999999926,-0.007799999999999974,2.0,2.8000000000000007,-1.9000000000000004,1.0
2024_25,0022400823,2025-02-24,PHI,CHI,110,142,252,-32,0.4654,0.3386,0.8103,39.7,25.3,12.1,0.4417,0.3522,0.8324999999999999,43.0,27.2,14.2,0.0237,-0.013600000000000001,-3.299999999999997,-1.8999999999999986,2.0999999999999996,1.0
2024_25,0022400822,2025-02-24,IND,DEN,116,125,241,-9,0.48860000000000003,0.3417,0.8367000000000001,40.7,30.8,11.6,0.5283,0.3851,0.8301000000000001,47.0,32.4,13.5,-0.03969999999999996,-0.043399999999999994,-6.299999999999997,-1.5999999999999979,1.9000000000000004,1.0
2024_25,0022400821,2025-02-24,DET,LAC,106,97,203,9,0.49800000000000005,0.3612,0.827,46.9,30.2,13.7,0.47969999999999996,0.37439999999999996,0.8089999999999999,42.8,26.6,14.3,0.018300000000000094,-0.013199999999999934,4.100000000000001,3.599999999999998,0.6000000000000014,1.0
2024_25,0022400824,2025-02-24,WAS,BKN,107,99,206,8,0.44749999999999995,0.34740000000000004,0.7990999999999999,43.5,26.6,15.7,0.4439,0.29610000000000003,0.7766,43.9,23.8,14.3,0.0035999999999999366,0.05130000000000001,-0.3999999999999986,2.8000000000000007,-1.3999999999999986,1.0
2024_25,0022400829,2025-02-25,TOR,BOS,101,111,212,-10,0.4492,0.3815,0.7757,42.8,26.7,12.9,0.48360000000000003,0.39790000000000003,0.8385999999999999,46.5,28.4,11.6,-0.03440000000000004,-0.016400000000000026,-3.700000000000003,-1.6999999999999993,-1.3000000000000007,1.0
2024_25,0022400830,2025-02-25,ORL,CLE,82,122,204,-40,0.4431999999999999,0.308,0.7472,45.3,21.9,12.7,0.5037,0.3843,0.7969,50.1,29.4,14.8,-0.06050000000000011,-0.07629999999999998,-4.800000000000004,-7.5,2.1000000000000014,1.0
2024_25,0022400831,2025-02-25,HOU,MIL,100,97,197,3,0.4343,0.3412,0.6985,47.2,23.9,14.0,0.46369999999999995,0.376,0.7843,42.3,25.2,13.8,-0.029399999999999926,-0.0348,4.900000000000006,-1.3000000000000007,-0.1999999999999993,1.0
2024_25,0022400832,2025-02-25,MEM,PHX,151,148,299,3,0.4667,0.3632,0.7449,48.2,26.0,14.6,0.4655,0.3387,0.8393,41.7,26.8,14.1,0.0011999999999999789,0.024500000000000022,6.5,-0.8000000000000007,-0.5,1.0
2024_25,0022400833,2025-02-25,NOP,SAS,109,103,212,6,0.4659,0.3766,0.7814,45.1,25.8,13.8,0.4627,0.34140000000000004,0.7596999999999999,41.2,29.0,12.4,0.0031999999999999806,0.035199999999999954,3.8999999999999986,-3.1999999999999993,-1.4000000000000004,1.0
2024_25,0022400834,2025-02-25,GSW,CHA,128,92,220,36,0.44560000000000005,0.3332,0.8023,44.7,29.9,11.9,0.40730000000000005,0.32720000000000005,0.8310000000000001,42.6,23.5,13.9,0.0383,0.00599999999999995,2.1000000000000014,6.399999999999999,2.0,1.0
2024_25,0022400835,2025-02-25,LAL,DAL,107,99,206,8,0.5079,0.3856,0.8054,45.4,28.0,14.8,0.47140000000000004,0.3805,0.7659,41.3,25.1,13.0,0.03649999999999998,0.005099999999999993,4.100000000000001,2.8999999999999986,-1.8000000000000007,1.0
2024_25,0022400841,2025-02-26,MIA,ATL,131,109,240,22,0.43289999999999995,0.308,0.7931,46.2,23.5,14.0,0.4859,0.3742,0.7388,44.6,30.7,14.1,-0.05300000000000005,-0.06619999999999998,1.6000000000000014,-7.199999999999999,0.09999999999999964,1.0
2024_25,0022400844,2025-02-26,HOU,SAS,118,106,224,12,0.43499999999999994,0.3447,0.7096,48.1,23.9,14.6,0.46180000000000004,0.3376,0.7661,40.9,29.2,13.3,-0.0268000000000001,0.007099999999999995,7.200000000000003,-5.300000000000001,-1.299999999999999,1.0
2024_25,0022400842,2025-02-26,CHI,LAC,117,122,239,-5,0.4521,0.3666,0.8352,42.7,27.6,14.2,0.46719999999999995,0.3512,0.7852,41.9,26.4,14.3,-0.015099999999999947,0.01539999999999997,0.8000000000000043,1.2000000000000028,0.10000000000000142,1.0
2024_25,0022400840,2025-02-26,BKN,OKC,121,129,250,-8,0.4466,0.30720000000000003,0.7691,43.9,24.4,14.5,0.4848,0.38029999999999997,0.8189,47.6,28.0,11.4,-0.03820000000000001,-0.07309999999999994,-3.700000000000003,-3.6000000000000014,-3.0999999999999996,1.0
2024_25,0022400843,2025-02-26,UTA,SAC,101,118,219,-17,0.4659,0.3534,0.758,48.9,27.7,16.5,0.4789,0.3572,0.8038000000000001,46.3,26.6,15.7,-0.013000000000000012,-0.0038000000000000256,2.6000000000000014,1.0999999999999979,-0.8000000000000007,1.0
2024_25,0022400838,2025-02-26,NYK,PHI,110,105,215,5,0.48550000000000004,0.3538,0.7884,40.5,27.1,13.1,0.4487,0.3111,0.8187,41.7,24.3,12.4,0.036800000000000055,0.042700000000000016,-1.2000000000000028,2.8000000000000007,-0.6999999999999993,1.0
2024_25,0022400837,2025-02-26,IND,TOR,111,91,202,20,0.4789,0.3243,0.8472,40.3,30.9,12.1,0.4574,0.3634,0.784,42.4,26.7,13.9,0.02150000000000002,-0.039100000000000024,-2.1000000000000014,4.199999999999999,1.8000000000000007,1.0
2024_25,0022400836,2025-02-26,DET,BOS,117,97,214,20,0.4993,0.3665,0.8089000000000001,46.8,30.6,14.6,0.4838,0.38639999999999997,0.8571,45.9,27.6,12.2,0.015500000000000014,-0.019899999999999973,0.8999999999999986,3.0,-2.4000000000000004,1.0
2024_25,0022400839,2025-02-26,WAS,POR,121,129,250,-8,0.46559999999999996,0.3666,0.8126999999999999,43.4,27.4,16.6,0.4605,0.3548,0.7855,45.3,26.2,14.9,0.005099999999999938,0.011799999999999977,-1.8999999999999986,1.1999999999999993,-1.700000000000001,1.0
2024_25,0022400845,2025-02-27,ORL,GSW,115,121,236,-6,0.44689999999999996,0.3039,0.7401,44.5,22.1,13.1,0.45709999999999995,0.3325,0.8176,44.9,31.3,11.9,-0.010199999999999987,-0.028600000000000014,-0.3999999999999986,-9.2,-1.1999999999999993,1.0
2024_25,0022400846,2025-02-27,MIL,DEN,121,112,233,9,0.4553,0.364,0.8003,42.4,23.9,14.0,0.5187999999999999,0.371,0.8143,48.1,32.4,13.6,-0.06349999999999995,-0.007000000000000006,-5.700000000000003,-8.5,-0.40000000000000036,1.0
2024_25,0022400847,2025-02-27,DAL,CHA,103,96,199,7,0.4646,0.38580000000000003,0.7772,41.2,25.4,12.4,0.4006,0.3168,0.825,43.0,22.7,15.3,0.064,0.069,-1.7999999999999972,2.6999999999999993,2.9000000000000004,1.0
2024_25,0022400848,2025-02-27,PHX,NOP,116,124,240,-8,0.47379999999999994,0.3652,0.8355,42.6,28.6,13.8,0.45640000000000003,0.3508,0.775,46.9,25.2,14.9,0.017399999999999916,0.014400000000000024,-4.299999999999997,3.400000000000002,1.0999999999999996,1.0
2024_25,0022400849,2025-02-27,LAL,MIN,111,102,213,9,0.49829999999999997,0.36619999999999997,0.7849,46.3,27.3,15.1,0.44299999999999995,0.32589999999999997,0.8564,47.2,24.7,12.1,0.055300000000000016,0.0403,-0.9000000000000057,2.6000000000000014,-3.0,1.0
2024_25,0022400859,2025-02-28,LAL,LAC,106,102,208,4,0.48179999999999995,0.34550000000000003,0.7712,47.8,26.8,14.9,0.4647,0.3633,0.8084,41.8,27.1,14.0,0.01709999999999995,-0.017799999999999983,6.0,-0.3000000000000007,-0.9000000000000004,1.0
2024_25,0022400858,2025-02-28,UTA,MIN,117,116,233,1,0.46820000000000006,0.3547,0.7442,46.3,27.8,15.6,0.43899999999999995,0.3252,0.8333,47.7,24.4,12.5,0.029200000000000115,0.029500000000000026,-1.4000000000000057,3.400000000000002,-3.0999999999999996,1.0
2024_25,0022400857,2025-02-28,PHX,NOP,125,108,233,17,0.47350000000000003,0.3672,0.8298,43.5,28.7,13.4,0.4556,0.3465,0.7649,47.1,26.1,13.5,0.017900000000000027,0.02070000000000005,-3.6000000000000014,2.599999999999998,0.09999999999999964,1.0
2024_25,0022400856,2025-02-28,MEM,NYK,113,114,227,-1,0.4676,0.37279999999999996,0.7599,48.3,27.3,14.7,0.48579999999999995,0.3494,0.8009999999999999,41.3,26.0,14.1,-0.01819999999999994,0.023399999999999976,7.0,1.3000000000000007,-0.5999999999999996,1.0
2024_25,0022400855,2025-02-28,CHI,TOR,125,115,240,10,0.45039999999999997,0.3668,0.8073,41.6,27.7,14.8,0.4481,0.3336,0.7653,42.1,25.9,14.6,0.0022999999999999687,0.03320000000000001,-0.5,1.8000000000000007,-0.20000000000000107,1.0
2024_25,0022400853,2025-02-28,BKN,POR,102,121,223,-19,0.43870000000000003,0.3136,0.7771,44.5,24.8,14.9,0.45339999999999997,0.3582,0.7787,45.6,26.5,15.6,-0.014699999999999935,-0.04460000000000003,-1.1000000000000014,-1.6999999999999993,0.6999999999999993,1.0
2024_25,0022400852,2025-02-28,BOS,CLE,116,123,239,-7,0.4751,0.3903,0.8545999999999999,45.6,26.5,12.8,0.5018,0.4104,0.7882,49.9,28.5,14.8,-0.0267,-0.020100000000000007,-4.299999999999997,-2.0,2.0,1.0
2024_25,0022400851,2025-02-28,ATL,OKC,119,135,254,-16,0.48650000000000004,0.3739,0.7458,43.5,30.5,14.5,0.4866,0.3713,0.8141999999999999,46.6,27.9,10.9,-9.999999999993348e-05,0.002599999999999991,-3.1000000000000014,2.6000000000000014,-3.5999999999999996,1.0
2024_25,0022400850,2025-02-28,DET,DEN,119,134,253,-15,0.4976,0.3726,0.7985,47.7,29.7,14.9,0.517,0.3786,0.8061,49.3,32.3,13.8,-0.01940000000000003,-0.006000000000000005,-1.5999999999999943,-2.599999999999998,-1.0999999999999996,1.0
2024_25,0022400854,2025-02-28,MIA,IND,125,120,245,5,0.446,0.3318,0.8160999999999999,44.5,24.4,14.3,0.47759999999999997,0.3284,0.8217000000000001,40.3,30.2,12.9,-0.03159999999999996,0.0033999999999999586,4.200000000000003,-5.800000000000001,-1.4000000000000004,1.0
2024_25,0022400860,2025-03-01,CHA,WAS,100,113,213,-13,0.3982,0.3103,0.8192,44.5,23.1,16.0,0.4716,0.3544,0.8,43.1,27.3,16.8,-0.07340000000000002,-0.04409999999999997,1.3999999999999986,-4.199999999999999,0.8000000000000007,1.0
2024_25,0022400861,2025-03-01,DET,BKN,115,94,209,21,0.4913,0.37170000000000003,0.7803,47.8,29.8,14.6,0.4307,0.3007,0.7956000000000001,44.4,24.4,15.9,0.06059999999999999,0.07100000000000001,3.3999999999999986,5.400000000000002,1.3000000000000007,1.0
2024_25,0022400862,2025-03-01,HOU,SAC,103,113,216,-10,0.4359,0.34500000000000003,0.6949,49.1,23.4,14.5,0.4918,0.3739,0.8224,47.3,26.9,16.5,-0.055900000000000005,-0.02889999999999998,1.8000000000000043,-3.5,2.0,1.0
2024_25,0022400863,2025-03-01,MEM,SAS,128,130,258,-2,0.46580000000000005,0.3498,0.7918000000000001,48.0,26.2,15.4,0.4587,0.3222,0.7625,40.2,28.9,11.8,0.007100000000000051,0.027600000000000013,7.799999999999997,-2.6999999999999993,-3.5999999999999996,1.0
2024_25,0022400864,2025-03-01,PHI,GSW,126,119,245,7,0.4479,0.29660000000000003,0.8237,40.6,24.4,12.7,0.4591,0.3439,0.8352,44.3,31.4,12.0,-0.011199999999999988,-0.04729999999999995,-3.6999999999999957,-7.0,-0.6999999999999993,1.0
2024_25,0022400865,2025-03-01,DAL,MIL,117,132,249,-15,0.46699999999999997,0.3955,0.7722,41.5,25.5,12.4,0.46440000000000003,0.3719,0.8205,43.5,24.0,13.6,0.0025999999999999357,0.02360000000000001,-2.0,1.5,1.1999999999999993,1.0
2024_25,0022400871,2025-03-02,SAS,OKC,132,146,278,-14,0.4603,0.3287,0.7602,40.3,28.6,12.1,0.4861,0.3887,0.8086,46.3,29.2,11.5,-0.02579999999999999,-0.06,-6.0,-0.5999999999999979,-0.5999999999999996,1.0
2024_25,0022400874,2025-03-02,LAL,LAC,108,102,210,6,0.475,0.3302,0.7876000000000001,46.7,25.4,14.9,0.46290000000000003,0.35550000000000004,0.7988,42.1,27.5,14.8,0.012099999999999944,-0.025300000000000045,4.600000000000001,-2.1000000000000014,-0.09999999999999964,1.0
2024_25,0022400873,2025-03-02,PHX,MIN,98,116,214,-18,0.4859,0.38079999999999997,0.8188000000000001,43.5,29.8,12.9,0.43970000000000004,0.3211,0.8083,45.8,25.2,12.1,0.04619999999999996,0.059699999999999975,-2.299999999999997,4.600000000000001,-0.8000000000000007,1.0
2024_25,0022400872,2025-03-02,UTA,NOP,121,128,249,-7,0.4671,0.35960000000000003,0.727,47.5,28.3,16.3,0.46299999999999997,0.3384,0.7384999999999999,46.5,26.2,14.0,0.004100000000000048,0.021200000000000052,1.0,2.1000000000000014,-2.3000000000000007,1.0
2024_25,0022400870,2025-03-02,ORL,TOR,102,104,206,-2,0.45409999999999995,0.3182,0.7679,43.9,22.1,13.7,0.43739999999999996,0.3308,0.7506,43.8,26.2,14.9,0.016699999999999993,-0.0126,0.10000000000000142,-4.099999999999998,1.200000000000001,1.0
2024_25,0022400866,2025-03-02,BOS,DEN,110,103,213,7,0.4734,0.391,0.8497999999999999,45.8,25.1,13.0,0.523,0.397,0.7995,49.7,32.3,15.2,-0.04960000000000003,-0.006000000000000005,-3.9000000000000057,-7.199999999999996,2.1999999999999993,1.0
2024_25,0022400868,2025-03-02,IND,CHI,127,112,239,15,0.48369999999999996,0.3584,0.8042,39.6,30.5,13.0,0.44889999999999997,0.3568,0.8053000000000001,41.7,28.1,14.3,0.0348,0.0015999999999999903,-2.1000000000000014,2.3999999999999986,1.3000000000000007,1.0
2024_25,0022400867,2025-03-02,CLE,POR,133,129,262,4,0.49269999999999997,0.3962,0.7974,49.2,26.9,14.7,0.4662,0.3599,0.7546999999999999,44.4,26.6,16.5,0.026499999999999968,0.0363,4.800000000000004,0.29999999999999716,1.8000000000000007,1.0
2024_25,0022400869,2025-03-02,MIA,NYK,112,116,228,-4,0.4553,0.3463,0.8276,44.0,24.9,14.4,0.48579999999999995,0.3479,0.8086,40.4,25.6,13.6,-0.03049999999999997,-0.0015999999999999903,3.6000000000000014,-0.7000000000000028,-0.8000000000000007,1.0
2024_25,0022400875,2025-03-03,CHA,GSW,101,119,220,-18,0.3958,0.2989,0.7859,43.6,22.6,16.6,0.4591,0.3371,0.8436999999999999,45.1,31.4,12.6,-0.06330000000000002,-0.03820000000000001,-1.5,-8.799999999999997,-4.000000000000002,1.0
2024_25,0022400876,2025-03-03,PHI,POR,102,119,221,-17,0.44610000000000005,0.3209,0.8160000000000001,41.2,23.4,12.8,0.4654,0.35710000000000003,0.7492,43.9,26.8,16.6,-0.01929999999999993,-0.03620000000000001,-2.6999999999999957,-3.400000000000002,3.8000000000000007,1.0
2024_25,0022400877,2025-03-03,MIA,WAS,106,90,196,16,0.4619,0.3365,0.8164,42.0,25.3,13.5,0.4727,0.3551,0.8115,42.5,27.7,17.2,-0.010800000000000032,-0.018600000000000005,-0.5,-2.3999999999999986,3.6999999999999993,1.0
2024_25,0022400878,2025-03-03,MEM,ATL,130,132,262,-2,0.4699,0.3398,0.7868,47.4,26.0,15.2,0.4835,0.3724,0.742,44.4,30.5,15.0,-0.013600000000000001,-0.03260000000000002,3.0,-4.5,-0.1999999999999993,1.0
2024_25,0022400879,2025-03-03,OKC,HOU,137,128,265,9,0.4894,0.4029,0.8097,46.4,30.0,11.0,0.43789999999999996,0.3477,0.6978,48.9,22.9,14.3,0.051500000000000046,0.05519999999999997,-2.5,7.100000000000001,3.3000000000000007,1.0
2024_25,0022400880,2025-03-03,DAL,SAC,98,122,220,-24,0.46719999999999995,0.38970000000000005,0.7716000000000001,40.4,25.6,12.3,0.49350000000000005,0.36429999999999996,0.8186,47.2,26.7,16.7,-0.0263000000000001,0.02540000000000009,-6.800000000000004,-1.0999999999999979,4.399999999999999,1.0
2024_25,0022400881,2025-03-03,UTA,DET,106,134,240,-28,0.47400000000000003,0.3689,0.7135,45.3,28.9,16.4,0.5057,0.3822,0.7772,48.0,30.7,16.1,-0.031700000000000006,-0.013299999999999979,-2.700000000000003,-1.8000000000000007,-0.29999999999999716,1.0
2024_25,0022400890,2025-03-04,LAL,NOP,136,115,251,21,0.4744,0.336,0.7769999999999999,46.1,24.9,15.2,0.4688,0.33799999999999997,0.7038,47.5,27.1,14.0,0.005599999999999994,-0.0019999999999999463,-1.3999999999999986,-2.200000000000003,-1.1999999999999993,1.0
2024_25,0022400889,2025-03-04,PHX,LAC,119,117,236,2,0.4845,0.3725,0.8071999999999999,44.3,29.1,14.3,0.46790000000000004,0.357,0.7917,42.5,26.9,15.0,0.016599999999999948,0.015500000000000014,1.7999999999999972,2.200000000000003,0.6999999999999993,1.0
2024_25,0022400888,2025-03-04,SAS,BKN,127,113,240,14,0.4706,0.3398,0.7519,40.0,29.7,12.6,0.4149,0.2791,0.8048,44.3,23.7,15.9,0.05570000000000003,0.060699999999999976,-4.299999999999997,6.0,3.3000000000000007,1.0
2024_25,0022400887,2025-03-04,MIN,PHI,126,112,238,14,0.4342,0.3205,0.8018000000000001,44.6,25.7,11.6,0.4508,0.3223,0.8102,41.6,23.9,13.1,-0.016600000000000004,-0.0017999999999999683,3.0,1.8000000000000007,1.5,1.0
2024_25,0022400883,2025-03-04,ORL,TOR,113,114,227,-1,0.44210000000000005,0.2999,0.7579,43.9,20.8,14.0,0.4439,0.33399999999999996,0.7378,44.4,25.6,15.4,-0.0017999999999999683,-0.034099999999999964,-0.5,-4.800000000000001,1.4000000000000004,1.0
2024_25,0022400885,2025-03-04,NYK,GSW,102,114,216,-12,0.48369999999999996,0.3566,0.7953,41.0,25.9,13.5,0.4606,0.3429,0.8612,46.5,31.8,12.3,0.023099999999999954,0.01369999999999999,-5.5,-5.900000000000002,-1.1999999999999993,1.0
2024_25,0022400884,2025-03-04,ATL,MIL,121,127,248,-6,0.48810000000000003,0.3807,0.7227,43.1,30.7,14.2,0.46440000000000003,0.3623,0.8168,44.3,24.7,13.8,0.0237,0.018399999999999972,-1.1999999999999957,6.0,-0.3999999999999986,1.0
2024_25,0022400882,2025-03-04,IND,HOU,115,102,217,13,0.4969,0.3808,0.7947,39.3,31.4,12.3,0.43759999999999993,0.3547,0.7088,49.9,22.3,14.7,0.059300000000000075,0.026100000000000012,-10.600000000000001,9.099999999999998,2.3999999999999986,1.0
2024_25,0022400886,2025-03-04,CHI,CLE,117,139,256,-22,0.4462,0.3408,0.8013,41.6,27.0,14.7,0.49639999999999995,0.4093,0.7985,48.8,27.8,14.9,-0.05019999999999997,-0.0685,-7.199999999999996,-0.8000000000000007,0.20000000000000107,1.0
2024_25,0022400898,2025-03-05,LAC,DET,123,115,238,8,0.47309999999999997,0.3412,0.8047000000000001,41.4,27.3,13.8,0.5157,0.3704,0.7753,46.3,30.7,15.9,-0.04260000000000008,-0.029200000000000004,-4.899999999999999,-3.3999999999999986,2.0999999999999996,1.0
2024_25,0022400897,2025-03-05,MIL,DAL,137,107,244,30,0.4727,0.354,0.8051,45.1,24.6,14.3,0.457,0.37110000000000004,0.7813000000000001,40.6,25.2,12.6,0.015699999999999992,-0.01710000000000006,4.5,-0.5999999999999979,-1.700000000000001,1.0
2024_25,0022400896,2025-03-05,DEN,SAC,116,110,226,6,0.5137,0.3941,0.7754,48.4,31.0,15.5,0.4957,0.37439999999999996,0.8436,47.2,27.8,15.5,0.01800000000000007,0.01970000000000005,1.1999999999999957,3.1999999999999993,0.0,1.0
2024_25,0022400895,2025-03-05,MEM,OKC,103,120,223,-17,0.4676,0.3371,0.8051,45.6,27.4,15.4,0.496,0.40590000000000004,0.8176,45.8,30.2,11.4,-0.02839999999999998,-0.06880000000000003,-0.19999999999999574,-2.8000000000000007,-4.0,1.0
2024_25,0022400893,2025-03-05,CLE,MIA,112,107,219,5,0.4951,0.40259999999999996,0.8061,49.5,27.7,13.4,0.4739,0.3416,0.8164,42.9,26.1,13.3,0.021199999999999997,0.06099999999999994,6.600000000000001,1.5999999999999979,-0.09999999999999964,1.0
2024_25,0022400892,2025-03-05,CHA,MIN,110,125,235,-15,0.3917,0.27949999999999997,0.77,44.6,22.1,16.9,0.4386,0.3298,0.8316000000000001,44.0,26.3,12.1,-0.0469,-0.05030000000000001,0.6000000000000014,-4.199999999999999,-4.799999999999999,1.0
2024_25,0022400891,2025-03-05,BOS,POR,128,118,246,10,0.48,0.3968,0.8480000000000001,45.0,25.1,13.2,0.47059999999999996,0.3485,0.7346,45.3,26.9,16.4,0.00940000000000002,0.04830000000000001,-0.29999999999999716,-1.7999999999999972,3.1999999999999993,1.0
2024_25,0022400894,2025-03-05,WAS,UTA,125,122,247,3,0.4553,0.3372,0.8147,42.8,25.9,17.0,0.4697,0.3597,0.7115,45.6,28.2,17.2,-0.014400000000000024,-0.02250000000000002,-2.8000000000000043,-2.3000000000000007,0.1999999999999993,1.0
2024_25,0022400899,2025-03-06,ATL,IND,124,118,242,6,0.48469999999999996,0.3836,0.7325,42.6,31.1,14.3,0.5028,0.388,0.8114000000000001,38.2,31.7,12.8,-0.01810000000000006,-0.004400000000000015,4.399999999999999,-0.5999999999999979,-1.5,1.0
2024_25,0022400900,2025-03-06,BOS,PHI,123,105,228,18,0.4747,0.3962,0.8562,46.2,24.5,12.8,0.4502,0.3085,0.7956,41.4,23.5,13.1,0.024500000000000022,0.0877,4.800000000000004,1.0,0.29999999999999893,1.0
2024_25,0022400901,2025-03-06,BKN,GSW,119,121,240,-2,0.4168,0.27890000000000004,0.8166,44.6,24.0,16.2,0.45949999999999996,0.3384,0.8549,46.5,31.4,12.1,-0.04269999999999996,-0.05949999999999994,-1.8999999999999986,-7.399999999999999,-4.1,1.0
2024_25,0022400902,2025-03-06,NOP,HOU,97,109,206,-12,0.47050000000000003,0.3256,0.6985,47.1,27.3,13.3,0.43839999999999996,0.35609999999999997,0.6815,50.9,22.4,15.2,0.03210000000000007,-0.03049999999999997,-3.799999999999997,4.900000000000002,1.8999999999999986,1.0
2024_25,0022400903,2025-03-06,LAL,NYK,113,109,222,4,0.47539999999999993,0.3392,0.7635,46.6,25.2,15.2,0.47830000000000006,0.3488,0.7927,40.9,25.9,13.6,-0.0029000000000001247,-0.009599999999999997,5.700000000000003,-0.6999999999999993,-1.5999999999999996,1.0
2024_25,0022400944,2025-03-06,ORL,CHI,123,125,248,-2,0.45339999999999997,0.3255,0.7595,43.4,21.5,14.0,0.4423,0.3325,0.7992,43.2,27.7,14.3,0.011099999999999943,-0.007000000000000006,0.19999999999999574,-6.199999999999999,0.3000000000000007,1.0
2024_25,0022400911,2025-03-07,LAC,NYK,105,95,200,10,0.4701000000000001,0.3531,0.8083,41.0,25.5,13.3,0.4755,0.3346,0.7846,42.5,26.3,14.3,-0.005399999999999905,0.018500000000000016,-1.5,-0.8000000000000007,1.0,1.0
2024_25,0022400910,2025-03-07,SAC,SAS,127,109,236,18,0.4995,0.38180000000000003,0.8404,47.0,27.9,15.6,0.4721,0.3427,0.7219,41.2,30.7,12.7,0.02739999999999998,0.039100000000000024,5.799999999999997,-2.8000000000000007,-2.9000000000000004,1.0
2024_25,0022400909,2025-03-07,DEN,PHX,149,141,290,8,0.5067,0.3884,0.7983,47.8,30.5,14.8,0.497,0.37970000000000004,0.8124,43.7,29.7,14.8,0.009700000000000042,0.008699999999999986,4.099999999999994,0.8000000000000007,0.0,1.0
2024_25,0022400908,2025-03-07,OKC,POR,107,89,196,18,0.495,0.39849999999999997,0.8321,45.2,30.0,11.4,0.48040000000000005,0.3685,0.7279,44.7,27.0,15.5,0.014599999999999946,0.02999999999999997,0.5,3.0,4.1,1.0
2024_25,0022400904,2025-03-07,CHA,CLE,117,118,235,-1,0.3949,0.2887,0.7798999999999999,46.3,22.9,16.6,0.4911,0.3955,0.7870999999999999,49.6,27.1,13.3,-0.09620000000000001,-0.1068,-3.3000000000000043,-4.200000000000003,-3.3000000000000007,1.0
2024_25,0022400906,2025-03-07,DAL,MEM,111,122,233,-11,0.4559,0.3522,0.7448,39.3,26.0,13.0,0.46390000000000003,0.3207,0.8242,46.5,27.4,15.7,-0.008000000000000007,0.03150000000000003,-7.200000000000003,-1.3999999999999986,2.6999999999999993,1.0
2024_25,0022400905,2025-03-07,TOR,UTA,118,109,227,9,0.4485,0.3277,0.7489,45.0,25.3,16.2,0.46980000000000005,0.36469999999999997,0.6963,47.5,27.4,16.8,-0.02130000000000004,-0.03699999999999998,-2.5,-2.099999999999998,0.6000000000000014,1.0
2024_25,0022400907,2025-03-07,MIA,MIN,104,106,210,-2,0.48360000000000003,0.3533,0.8121,42.0,26.9,14.3,0.44749999999999995,0.3419,0.8276,44.2,27.3,11.1,0.036100000000000076,0.011400000000000021,-2.200000000000003,-0.40000000000000213,-3.200000000000001,1.0
2024_25,0022400917,2025-03-08,MIL,ORL,109,111,220,-2,0.4873,0.35609999999999997,0.7996,45.3,24.6,14.8,0.4483,0.3195,0.7845,42.2,22.2,13.7,0.039000000000000035,0.036599999999999966,3.0999999999999943,2.400000000000002,-1.1000000000000014,1.0
2024_25,0022400918,2025-03-08,BOS,LAL,111,101,212,10,0.4711,0.3871,0.8652000000000001,46.0,25.6,12.8,0.4638,0.33680000000000004,0.7512,47.1,24.9,15.6,0.007300000000000029,0.050299999999999956,-1.1000000000000014,0.7000000000000028,2.799999999999999,1.0
2024_25,0022400916,2025-03-08,MIA,CHI,109,114,223,-5,0.48410000000000003,0.3621,0.8128,41.6,27.4,13.6,0.44800000000000006,0.3264,0.8018000000000001,44.9,27.8,14.5,0.036099999999999965,0.035699999999999954,-3.299999999999997,-0.40000000000000213,0.9000000000000004,1.0
2024_25,0022400919,2025-03-08,GSW,DET,115,110,225,5,0.46420000000000006,0.347,0.8666,46.2,31.8,12.9,0.5191,0.3721,0.7676999999999999,45.1,30.3,16.1,-0.05489999999999995,-0.02510000000000001,1.1000000000000014,1.5,3.200000000000001,1.0
2024_25,0022400914,2025-03-08,ATL,IND,120,118,238,2,0.4894,0.376,0.7338,42.8,30.7,14.0,0.5086999999999999,0.3923,0.8086,38.6,31.7,12.8,-0.01929999999999993,-0.01629999999999998,4.199999999999996,-1.0,-1.1999999999999993,1.0
2024_25,0022400913,2025-03-08,HOU,NOP,146,117,263,29,0.45919999999999994,0.3608,0.6473,49.2,24.0,15.6,0.46390000000000003,0.32189999999999996,0.7094,47.0,27.1,12.5,-0.004700000000000093,0.038900000000000046,2.200000000000003,-3.1000000000000014,-3.0999999999999996,1.0
2024_25,0022400912,2025-03-08,CHA,BKN,105,102,207,3,0.4032,0.29300000000000004,0.7628,46.3,23.7,16.6,0.4255,0.2974,0.8276999999999999,42.1,25.3,16.0,-0.022299999999999986,-0.0043999999999999595,4.199999999999996,-1.6000000000000014,-0.6000000000000014,1.0
2024_25,0022400915,2025-03-08,TOR,WAS,117,118,235,-1,0.45030000000000003,0.3391,0.7581,45.0,26.1,16.2,0.4506,0.337,0.8334999999999999,43.3,26.6,16.4,-0.00029999999999996696,0.0020999999999999908,1.7000000000000028,-0.5,0.1999999999999993,1.0
2024_25,0022400927,2025-03-09,LAC,SAC,111,110,221,1,0.46159999999999995,0.35550000000000004,0.7969999999999999,41.1,24.9,12.8,0.5032,0.3997,0.8248,47.0,28.6,14.6,-0.041600000000000026,-0.04419999999999996,-5.899999999999999,-3.700000000000003,1.799999999999999,1.0
2024_25,0022400925,2025-03-09,MIN,SAS,141,124,265,17,0.45899999999999996,0.3592,0.7979999999999999,42.6,27.4,11.1,0.46699999999999997,0.33609999999999995,0.6956,40.5,30.6,12.3,-0.008000000000000007,0.023100000000000065,2.1000000000000014,-3.200000000000003,1.200000000000001,1.0
2024_25,0022400926,2025-03-09,POR,DET,112,119,231,-7,0.46959999999999996,0.3466,0.7266,46.7,26.0,15.6,0.5119,0.3499,0.7504,44.0,29.0,16.6,-0.04230000000000006,-0.0032999999999999696,2.700000000000003,-3.0,1.0000000000000018,1.0
2024_25,0022400924,2025-03-09,PHI,UTA,126,122,248,4,0.43949999999999995,0.307,0.8,41.7,23.6,13.3,0.46390000000000003,0.3539,0.6765,48.3,26.5,18.1,-0.02440000000000009,-0.0469,-6.599999999999994,-2.8999999999999986,4.800000000000001,1.0
2024_25,0022400920,2025-03-09,OKC,DEN,127,103,230,24,0.4925,0.3968,0.8503000000000001,45.4,30.3,11.4,0.5166000000000001,0.3952,0.782,46.0,32.2,14.7,-0.024100000000000066,0.0015999999999999903,-0.6000000000000014,-1.9000000000000021,3.299999999999999,1.0
2024_25,0022400922,2025-03-09,MIL,CLE,100,112,212,-12,0.492,0.37360000000000004,0.7957,45.4,24.5,14.1,0.4821,0.38839999999999997,0.7964,49.2,26.0,13.0,0.00990000000000002,-0.014799999999999924,-3.8000000000000043,-1.5,-1.0999999999999996,1.0
2024_25,0022400921,2025-03-09,DAL,PHX,116,125,241,-9,0.44279999999999997,0.3483,0.774,40.5,25.3,12.9,0.5084,0.39449999999999996,0.8099000000000001,43.4,29.8,14.9,-0.06559999999999999,-0.04619999999999996,-2.8999999999999986,-4.5,2.0,1.0
2024_25,0022400923,2025-03-09,NOP,MEM,104,107,211,-3,0.46559999999999996,0.3322,0.6824,47.4,27.2,13.0,0.4681,0.32799999999999996,0.8339000000000001,46.4,28.0,15.5,-0.0025000000000000577,0.004200000000000037,1.0,-0.8000000000000007,2.5,1.0
2024_25,0022400939,2025-03-10,SAC,NYK,104,133,237,-29,0.49400000000000005,0.3916,0.8351,46.8,28.5,13.3,0.46020000000000005,0.3241,0.7865,43.0,25.1,14.2,0.0338,0.0675,3.799999999999997,3.3999999999999986,0.8999999999999986,1.0
2024_25,0022400938,2025-03-10,GSW,POR,130,120,250,10,0.46319999999999995,0.3477,0.8638,45.8,31.5,13.2,0.46259999999999996,0.3398,0.7323000000000001,46.3,25.0,15.7,0.0005999999999999894,0.007900000000000018,-0.5,6.5,2.5,1.0
2024_25,0022400937,2025-03-10,SAS,DAL,129,133,262,-4,0.47850000000000004,0.3497,0.6915,40.3,30.2,12.7,0.4434,0.3471,0.7753,39.8,26.2,12.1,0.03510000000000002,0.002599999999999991,0.5,4.0,-0.5999999999999996,1.0
2024_25,0022400935,2025-03-10,MEM,PHX,120,118,238,2,0.4601,0.3045,0.8438000000000001,48.1,28.0,14.7,0.515,0.3917,0.8225,43.7,30.6,14.4,-0.054900000000000004,-0.0872,4.399999999999999,-2.6000000000000014,-0.29999999999999893,1.0
2024_25,0022400934,2025-03-10,HOU,ORL,97,84,181,13,0.4673999999999999,0.37229999999999996,0.6795,49.3,24.0,15.6,0.4521,0.317,0.7801,42.0,21.9,12.9,0.015299999999999925,0.05529999999999996,7.299999999999997,2.1000000000000014,-2.6999999999999993,1.0
2024_25,0022400936,2025-03-10,OKC,DEN,127,140,267,-13,0.49939999999999996,0.4069,0.8550000000000001,46.1,30.3,10.9,0.49189999999999995,0.39320000000000005,0.747,47.0,30.0,14.5,0.007500000000000007,0.013699999999999934,-0.8999999999999986,0.3000000000000007,3.5999999999999996,1.0
2024_25,0022400932,2025-03-10,TOR,WAS,119,104,223,15,0.44610000000000005,0.3443,0.7655000000000001,45.0,26.2,15.8,0.4505,0.3462,0.8122,43.0,26.9,16.2,-0.0043999999999999595,-0.0019000000000000128,2.0,-0.6999999999999993,0.3999999999999986,1.0
2024_25,0022400931,2025-03-10,MIA,CHA,102,105,207,-3,0.4791,0.3645,0.8211,41.8,27.6,13.2,0.4077,0.2914,0.7562,46.6,24.2,15.7,0.07140000000000002,0.0731,-4.800000000000004,3.400000000000002,2.5,1.0
2024_25,0022400930,2025-03-10,BKN,LAL,111,108,219,3,0.43200000000000005,0.3016,0.8148,41.1,24.9,15.6,0.46399999999999997,0.3318,0.7588,47.1,23.6,15.6,-0.03199999999999992,-0.030200000000000005,-6.0,1.2999999999999972,0.0,1.0
2024_25,0022400929,2025-03-10,BOS,UTA,114,108,222,6,0.4728,0.3892,0.8371999999999999,45.1,25.6,13.0,0.45709999999999995,0.353,0.6758,48.0,26.7,17.3,0.015700000000000047,0.03620000000000001,-2.8999999999999986,-1.0999999999999979,4.300000000000001,1.0
2024_25,0022400928,2025-03-10,ATL,PHI,132,123,255,9,0.4864,0.3679,0.7433,43.7,30.1,14.0,0.4436,0.3173,0.8126999999999999,42.1,24.1,13.7,0.042800000000000005,0.05059999999999998,1.6000000000000014,6.0,-0.3000000000000007,1.0
2024_25,0022400933,2025-03-10,CHI,IND,121,103,224,18,0.4585,0.33130000000000004,0.8271000000000001,45.6,28.3,13.9,0.504,0.3936,0.8183999999999999,39.1,31.4,13.4,-0.045499999999999985,-0.062299999999999967,6.5,-3.099999999999998,-0.5,1.0
2024_25,0022400940,2025-03-11,CLE,BKN,109,104,213,5,0.4779,0.3948,0.7903,48.3,25.1,13.2,0.426,0.3149,0.7981,40.8,24.8,14.5,0.0519,0.07989999999999997,7.5,0.3000000000000007,1.3000000000000007,1.0
2024_25,0022400941,2025-03-11,DET,WAS,123,103,226,20,0.5102,0.34199999999999997,0.7454,44.7,28.2,16.3,0.4383,0.34550000000000003,0.8027,44.2,26.8,15.6,0.07189999999999996,-0.0035000000000000586,0.5,1.3999999999999986,-0.7000000000000011,1.0
2024_25,0022400942,2025-03-11,IND,MIL,115,114,229,1,0.4969,0.3729,0.7968,38.8,30.6,13.5,0.4906,0.3626,0.7866,45.6,23.8,14.6,0.006300000000000028,0.010300000000000031,-6.800000000000004,6.800000000000001,1.0999999999999996,1.0
2024_25,0022400943,2025-03-11,NOP,LAC,127,120,247,7,0.4568,0.3284,0.6808,46.8,26.4,13.4,0.4732,0.35100000000000003,0.7792,40.6,25.0,12.6,-0.016400000000000026,-0.02260000000000001,6.199999999999996,1.3999999999999986,-0.8000000000000007,1.0
2024_25,0022400951,2025-03-12,SAS,DAL,126,116,242,10,0.4833,0.35459999999999997,0.6725,39.7,30.1,12.5,0.4457,0.3426,0.784,39.8,25.9,11.8,0.03760000000000002,0.011999999999999955,-0.09999999999999432,4.200000000000003,-0.6999999999999993,1.0
2024_25,0022400953,2025-03-12,POR,NYK,113,114,227,-1,0.4668,0.3503,0.748,47.3,25.4,15.9,0.45640000000000003,0.3368,0.7862,43.1,25.7,14.0,0.010399999999999965,0.013500000000000012,4.199999999999996,-0.3000000000000007,-1.9000000000000004,1.0
2024_25,0022400952,2025-03-12,DEN,MIN,95,115,210,-20,0.5014000000000001,0.41,0.7578,46.4,30.6,14.3,0.47240000000000004,0.3831,0.8004,41.4,28.4,11.4,0.029000000000000026,0.02689999999999998,5.0,2.200000000000003,-2.9000000000000004,1.0
2024_25,0022400950,2025-03-12,MEM,UTA,122,115,237,7,0.4652,0.31070000000000003,0.8426,47.4,27.8,14.9,0.4568,0.3506,0.6952,48.5,26.9,16.4,0.008400000000000019,-0.03989999999999999,-1.1000000000000014,0.9000000000000021,1.4999999999999982,1.0
2024_25,0022400948,2025-03-12,MIA,LAC,104,119,223,-15,0.4739,0.3607,0.8078,42.0,28.0,13.4,0.4766,0.3443,0.7727999999999999,39.7,25.6,12.3,-0.0027000000000000357,0.016400000000000026,2.299999999999997,2.3999999999999986,-1.0999999999999996,1.0
2024_25,0022400947,2025-03-12,TOR,PHI,118,105,223,13,0.43929999999999997,0.34249999999999997,0.7574,48.4,26.2,15.2,0.4509,0.3312,0.8059,41.4,24.5,13.3,-0.011600000000000055,0.011299999999999977,7.0,1.6999999999999993,-1.8999999999999986,1.0
2024_25,0022400946,2025-03-12,BOS,OKC,112,118,230,-6,0.46959999999999996,0.3905,0.8593999999999999,44.2,25.9,12.2,0.499,0.40309999999999996,0.8474999999999999,44.7,29.4,10.8,-0.029400000000000037,-0.012599999999999945,-0.5,-3.5,-1.3999999999999986,1.0
2024_25,0022400945,2025-03-12,ATL,CHA,123,110,233,13,0.49050000000000005,0.37160000000000004,0.7533000000000001,43.8,29.2,14.1,0.4062,0.2759,0.7695000000000001,45.7,24.0,15.7,0.08430000000000004,0.09570000000000006,-1.9000000000000057,5.199999999999999,1.5999999999999996,1.0
2024_25,0022400949,2025-03-12,HOU,PHX,111,104,215,7,0.46579999999999994,0.3762,0.6849999999999999,50.4,23.6,15.6,0.5137,0.4079,0.8102,44.4,30.9,14.2,-0.04790000000000011,-0.031700000000000006,6.0,-7.299999999999997,-1.4000000000000004,1.0
2024_25,0022400954,2025-03-13,DET,WAS,125,129,254,-4,0.5064,0.3498,0.7323,45.5,28.0,15.9,0.43,0.3277,0.8013999999999999,44.3,25.9,15.1,0.07639999999999997,0.02210000000000001,1.2000000000000028,2.1000000000000014,-0.8000000000000007,1.0
2024_25,0022400955,2025-03-13,MIL,LAL,126,106,232,20,0.49429999999999996,0.362,0.7750999999999999,45.9,24.8,14.3,0.4664,0.3499,0.771,46.4,23.8,15.3,0.02789999999999998,0.0121,-0.5,1.0,1.0,1.0
2024_25,0022400956,2025-03-13,CHI,BKN,116,110,226,6,0.4655,0.3457,0.8157,47.5,29.0,13.9,0.4324,0.325,0.8116,40.1,25.4,14.4,0.03310000000000002,0.020699999999999996,7.399999999999999,3.6000000000000014,0.5,1.0
2024_25,0022400957,2025-03-13,GSW,SAC,130,104,234,26,0.4768,0.3721,0.8654,45.6,32.4,13.9,0.4888,0.3854,0.8473,45.7,27.5,14.0,-0.01200000000000001,-0.013300000000000034,-0.10000000000000142,4.899999999999999,0.09999999999999964,1.0
2024_25,0022401141,2025-03-13,NOP,ORL,93,113,206,-20,0.4708,0.3536,0.6937,46.1,27.3,13.9,0.4436,0.3094,0.7897000000000001,41.0,21.2,12.7,0.027200000000000002,0.04420000000000002,5.100000000000001,6.100000000000001,-1.200000000000001,1.0
2024_25,0022400959,2025-03-14,PHI,IND,100,112,212,-12,0.4506,0.3307,0.7845,41.0,24.1,13.2,0.497,0.3684,0.7928,38.0,30.7,13.4,-0.0464,-0.03770000000000001,3.0,-6.599999999999998,0.20000000000000107,1.0
2024_25,0022400965,2025-03-14,DEN,LAL,131,126,257,5,0.4918,0.3891,0.7555,45.1,29.7,13.9,0.4625,0.3593,0.7623,45.4,23.6,14.3,0.029299999999999993,0.029799999999999993,-0.29999999999999716,6.099999999999998,0.40000000000000036,1.0
2024_25,0022400964,2025-03-14,SAS,CHA,134,145,279,-11,0.48529999999999995,0.35150000000000003,0.7027,41.2,30.6,12.4,0.417,0.3003,0.787,46.7,25.0,16.1,0.06829999999999997,0.05120000000000002,-5.5,5.600000000000001,3.700000000000001,1.0
2024_25,0022400963,2025-03-14,MIN,ORL,118,111,229,7,0.4756,0.3967,0.7908,42.7,29.3,12.0,0.44720000000000004,0.32480000000000003,0.7990999999999999,39.6,22.2,13.0,0.02839999999999998,0.07189999999999996,3.1000000000000014,7.100000000000001,1.0,1.0
2024_25,0022400958,2025-03-14,MIA,BOS,91,103,194,-12,0.4749,0.3695,0.7946,40.3,28.2,13.4,0.4649,0.3778,0.8493999999999999,43.4,25.1,12.4,0.010000000000000009,-0.00830000000000003,-3.1000000000000014,3.099999999999998,-1.0,1.0
2024_25,0022400961,2025-03-14,HOU,DAL,133,96,229,37,0.46129999999999993,0.3578,0.686,49.4,24.3,14.5,0.45830000000000004,0.3468,0.7827,38.2,26.1,12.2,0.0029999999999998916,0.01100000000000001,11.199999999999996,-1.8000000000000007,-2.3000000000000007,1.0
2024_25,0022400960,2025-03-14,ATL,LAC,98,121,219,-23,0.49350000000000005,0.3791,0.7751,43.0,29.8,14.6,0.49110000000000004,0.3674,0.7636999999999999,41.0,25.7,13.0,0.0024000000000000132,0.011699999999999988,2.0,4.100000000000001,-1.5999999999999996,1.0
2024_25,0022400966,2025-03-14,UTA,TOR,118,126,244,-8,0.4535,0.3534,0.7150000000000001,48.7,26.5,17.9,0.4415,0.343,0.7569,49.7,27.0,16.0,0.01200000000000001,0.010399999999999965,-1.0,-0.5,-1.8999999999999986,1.0
2024_25,0022400962,2025-03-14,MEM,CLE,124,133,257,-9,0.46959999999999996,0.335,0.8429,46.0,28.6,14.3,0.47909999999999997,0.39039999999999997,0.8039,47.9,25.5,13.0,-0.009500000000000008,-0.05539999999999995,-1.8999999999999986,3.1000000000000014,-1.3000000000000007,1.0
2024_25,0022400967,2025-03-14,PHX,SAC,122,106,228,16,0.5187999999999999,0.4103,0.8009000000000001,43.2,30.2,14.8,0.4918,0.387,0.8343,42.9,26.2,14.0,0.026999999999999913,0.023299999999999987,0.30000000000000426,4.0,-0.8000000000000007,1.0
2024_25,0022400973,2025-03-15,SAS,NOP,119,115,234,4,0.5028,0.3678,0.712,40.2,30.4,12.8,0.4704,0.3483,0.6968,43.2,26.9,13.5,0.03240000000000004,0.019500000000000017,-3.0,3.5,0.6999999999999993,1.0
2024_25,0022400975,2025-03-15,DEN,WAS,123,126,249,-3,0.5035999999999999,0.392,0.7582,44.5,29.9,12.9,0.43760000000000004,0.34130000000000005,0.8161999999999999,44.8,26.4,15.3,0.06599999999999989,0.05069999999999997,-0.29999999999999716,3.5,2.4000000000000004,1.0
2024_25,0022400972,2025-03-15,MIL,IND,126,119,245,7,0.4944,0.37639999999999996,0.7915,46.3,25.4,13.8,0.49160000000000004,0.3637,0.778,37.9,30.7,13.1,0.002799999999999969,0.012699999999999934,8.399999999999999,-5.300000000000001,-0.7000000000000011,1.0
2024_25,0022400974,2025-03-15,GSW,NYK,97,94,191,3,0.4807,0.382,0.8404,46.4,31.9,14.3,0.46020000000000005,0.3451,0.7862,41.5,25.6,14.2,0.020499999999999963,0.03689999999999999,4.899999999999999,6.299999999999997,-0.10000000000000142,1.0
2024_25,0022400970,2025-03-15,HOU,CHI,117,114,231,3,0.4687,0.36669999999999997,0.7137,52.0,23.7,14.9,0.4713,0.3358,0.8209,46.9,29.0,13.2,-0.002599999999999991,0.030899999999999983,5.100000000000001,-5.300000000000001,-1.700000000000001,1.0
2024_25,0022400969,2025-03-15,DET,OKC,107,113,220,-6,0.4932,0.3331,0.7463,45.9,26.4,15.2,0.492,0.3839,0.8439,45.4,28.1,10.7,0.0012000000000000344,-0.05080000000000001,0.5,-1.7000000000000028,-4.5,1.0
2024_25,0022400968,2025-03-15,BKN,BOS,113,115,228,-2,0.4266,0.33240000000000003,0.7996000000000001,41.2,25.9,13.7,0.4588,0.37720000000000004,0.8417,42.6,24.2,12.7,-0.032200000000000006,-0.044800000000000006,-1.3999999999999986,1.6999999999999993,-1.0,1.0
2024_25,0022400971,2025-03-15,MEM,MIA,125,91,216,34,0.4734,0.3271,0.8465,46.8,28.3,14.3,0.48810000000000003,0.3902,0.7607999999999999,39.6,28.5,13.4,-0.014700000000000046,-0.06309999999999999,7.199999999999996,-0.1999999999999993,-0.9000000000000004,1.0
2024_25,0022400981,2025-03-16,MIN,UTA,128,102,230,26,0.4843,0.3991,0.7657999999999999,42.8,29.6,12.3,0.4575,0.35459999999999997,0.7081999999999999,47.7,26.4,18.1,0.02679999999999999,0.04450000000000004,-4.900000000000006,3.200000000000003,5.800000000000001,1.0
2024_25,0022400980,2025-03-16,POR,TOR,105,102,207,3,0.4526,0.3443,0.7416,46.8,23.7,16.5,0.441,0.3234,0.7612,49.9,26.8,16.1,0.0116,0.020899999999999974,-3.1000000000000014,-3.1000000000000014,-0.3999999999999986,1.0
2024_25,0022400979,2025-03-16,CLE,ORL,103,108,211,-5,0.46819999999999995,0.37629999999999997,0.8093999999999999,47.5,24.9,13.1,0.45120000000000005,0.3387,0.8158,37.7,21.7,12.7,0.016999999999999904,0.03759999999999997,9.799999999999997,3.1999999999999993,-0.40000000000000036,1.0
2024_25,0022400982,2025-03-16,MIL,OKC,105,121,226,-16,0.4976,0.381,0.8059,46.8,25.7,14.6,0.49779999999999996,0.3827,0.8419000000000001,44.5,27.1,11.4,-0.00019999999999997797,-0.0016999999999999793,2.299999999999997,-1.4000000000000021,-3.1999999999999993,1.0
2024_25,0022400977,2025-03-16,LAL,PHX,107,96,203,11,0.45919999999999994,0.3578,0.7596,46.2,24.1,14.3,0.5201,0.44109999999999994,0.8124,42.9,31.3,15.0,-0.060900000000000065,-0.08329999999999993,3.3000000000000043,-7.199999999999999,0.6999999999999993,1.0
2024_25,0022400976,2025-03-16,DAL,PHI,125,130,255,-5,0.4535,0.3426,0.7976,37.5,25.1,11.2,0.45330000000000004,0.33399999999999996,0.7652,41.0,23.3,13.5,0.00019999999999997797,0.008600000000000052,-3.5,1.8000000000000007,2.3000000000000007,1.0
2024_25,0022400538,2025-03-16,LAC,CHA,123,88,211,35,0.5056,0.385,0.7755,40.2,26.0,12.7,0.4417,0.3318,0.8015000000000001,46.4,26.8,16.2,0.06390000000000007,0.053200000000000025,-6.199999999999996,-0.8000000000000007,3.5,1.0
2024_25,0022400978,2025-03-16,BKN,ATL,122,114,236,8,0.434,0.337,0.7896,41.8,26.8,12.8,0.48550000000000004,0.3597,0.7911,43.4,29.3,15.1,-0.051500000000000046,-0.022699999999999998,-1.6000000000000014,-2.5,2.299999999999999,1.0
2024_25,0022400995,2025-03-17,POR,WAS,112,97,209,15,0.45169999999999993,0.3485,0.7499,46.8,23.2,17.4,0.445,0.3572,0.8317,45.6,27.6,15.0,0.006699999999999928,-0.008700000000000041,1.1999999999999957,-4.400000000000002,-2.3999999999999986,1.0
2024_25,0022400537,2025-03-17,LAL,SAS,125,109,234,16,0.45759999999999995,0.36619999999999997,0.7565,44.5,23.9,13.9,0.5083,0.3793,0.71,39.4,30.1,11.8,-0.05070000000000002,-0.013100000000000056,5.100000000000001,-6.200000000000003,-2.0999999999999996,1.0
2024_25,0022400984,2025-03-17,NYK,MIA,116,95,211,21,0.45600000000000007,0.34690000000000004,0.8097,43.2,25.1,13.8,0.4687,0.3597,0.759,39.8,27.0,13.1,-0.012699999999999934,-0.012799999999999978,3.4000000000000057,-1.8999999999999986,-0.7000000000000011,1.0
2024_25,0022400985,2025-03-17,HOU,PHI,144,137,281,7,0.4729,0.36419999999999997,0.6936,52.1,24.3,14.6,0.4666,0.3479,0.7588,40.2,23.5,12.9,0.006299999999999972,0.01629999999999998,11.899999999999999,0.8000000000000007,-1.6999999999999993,1.0
2024_25,0022400986,2025-03-17,MIN,IND,130,132,262,-2,0.48840000000000006,0.40359999999999996,0.7478,42.3,29.7,12.0,0.49240000000000006,0.3706,0.7734,37.9,30.7,12.5,-0.0040000000000000036,0.032999999999999974,4.399999999999999,-1.0,0.5,1.0
2024_25,0022400987,2025-03-17,NOP,DET,81,127,208,-46,0.4768,0.36,0.7168,43.0,27.8,13.4,0.4953,0.3445,0.7461,45.2,27.1,15.3,-0.018500000000000016,0.015500000000000014,-2.200000000000003,0.6999999999999993,1.9000000000000004,1.0
2024_25,0022400989,2025-03-17,UTA,CHI,97,111,208,-14,0.4556,0.3498,0.7353,48.7,25.5,19.3,0.47569999999999996,0.3386,0.8084,46.0,28.5,13.4,-0.02009999999999995,0.011199999999999988,2.700000000000003,-3.0,-5.9,1.0
2024_25,0022400990,2025-03-17,GSW,DEN,105,114,219,-9,0.4725,0.3837,0.8352,45.5,31.4,14.4,0.49770000000000003,0.3892,0.7678,44.1,30.0,12.7,-0.025200000000000056,-0.005500000000000005,1.3999999999999986,1.3999999999999986,-1.700000000000001,1.0
2024_25,0022400991,2025-03-17,PHX,TOR,129,89,218,40,0.5059,0.4063,0.8126,43.4,29.9,14.8,0.43079999999999996,0.3405,0.7662,50.6,27.0,16.2,0.07510000000000006,0.06579999999999997,-7.200000000000003,2.8999999999999986,1.3999999999999986,1.0
2024_25,0022400992,2025-03-17,SAC,MEM,132,122,254,10,0.49060000000000004,0.3776,0.8299,43.0,26.1,13.5,0.4763,0.3241,0.8482,48.1,27.8,14.2,0.014300000000000035,0.05349999999999999,-5.100000000000001,-1.6999999999999993,0.6999999999999993,1.0
2024_25,0022400997,2025-03-18,LAC,CLE,132,119,251,13,0.5022,0.38360000000000005,0.7743,41.6,25.7,12.3,0.4633999999999999,0.3736,0.8058,46.6,24.5,13.1,0.03880000000000006,0.010000000000000064,-5.0,1.1999999999999993,0.7999999999999989,1.0
2024_25,0022401012,2025-03-18,GSW,MIL,104,93,197,11,0.4723,0.3722,0.8074999999999999,44.2,29.8,15.2,0.4974,0.3868,0.8108000000000001,46.5,25.9,14.0,-0.02510000000000001,-0.014600000000000002,-2.299999999999997,3.900000000000002,-1.1999999999999993,1.0
2024_25,0022400993,2025-03-18,CHA,ATL,102,134,236,-32,0.44399999999999995,0.3225,0.8070999999999999,45.8,27.7,14.8,0.4867,0.3637,0.7953,42.2,29.1,14.7,-0.04270000000000007,-0.041200000000000014,3.5999999999999943,-1.4000000000000021,-0.10000000000000142,1.0
2024_25,0022400994,2025-03-18,BOS,BKN,104,96,200,8,0.46390000000000003,0.382,0.8154,42.5,24.7,12.0,0.44089999999999996,0.3479,0.7842,41.2,27.0,13.0,0.023000000000000076,0.03410000000000002,1.2999999999999972,-2.3000000000000007,1.0,1.0
2024_25,0022400627,2025-03-19,UTA,WAS,128,112,240,16,0.4452,0.3312,0.7527999999999999,47.5,24.0,19.0,0.43629999999999997,0.3453,0.8107,46.8,27.7,14.2,0.008900000000000019,-0.014100000000000001,0.7000000000000028,-3.6999999999999993,-4.800000000000001,1.0
2024_25,0022400998,2025-03-19,IND,DAL,135,131,266,4,0.4888,0.376,0.7935000000000001,38.6,30.7,12.5,0.4707,0.33340000000000003,0.782,37.5,25.4,11.5,0.018100000000000005,0.04259999999999997,1.1000000000000014,5.300000000000001,-1.0,1.0
2024_25,0022400999,2025-03-19,ORL,HOU,108,116,224,-8,0.44880000000000003,0.3462,0.8088000000000001,37.7,21.3,12.9,0.47350000000000003,0.37679999999999997,0.6982999999999999,51.9,25.6,14.5,-0.0247,-0.03059999999999996,-14.199999999999996,-4.300000000000001,1.5999999999999996,1.0
2024_25,0022401000,2025-03-19,MIA,DET,113,116,229,-3,0.45919999999999994,0.3327,0.7584,39.8,25.9,13.7,0.49729999999999996,0.3422,0.7632,45.1,27.5,15.3,-0.03810000000000002,-0.009500000000000008,-5.300000000000004,-1.6000000000000014,1.6000000000000014,1.0
2024_25,0022401001,2025-03-19,MIN,NOP,115,119,234,-4,0.49210000000000004,0.4053,0.7515,42.6,29.7,12.3,0.46130000000000004,0.33940000000000003,0.7252,41.9,27.1,14.5,0.030799999999999994,0.06589999999999996,0.7000000000000028,2.599999999999998,2.1999999999999993,1.0
2024_25,0022401002,2025-03-19,OKC,PHI,133,100,233,33,0.4962,0.3872,0.8351,45.0,27.4,11.2,0.4728,0.3645,0.7468,40.2,23.5,13.2,0.023399999999999976,0.022699999999999998,4.799999999999997,3.8999999999999986,2.0,1.0
2024_25,0022401003,2025-03-19,SAS,NYK,120,105,225,15,0.5129,0.40090000000000003,0.7243,39.7,30.3,12.7,0.462,0.3551,0.8097,43.3,26.0,14.1,0.0509,0.04580000000000001,-3.5999999999999943,4.300000000000001,1.4000000000000004,1.0
2024_25,0022401006,2025-03-19,LAL,DEN,120,108,228,12,0.465,0.379,0.7619,43.5,25.2,13.5,0.49960000000000004,0.3986,0.7638,43.9,30.4,13.6,-0.03460000000000002,-0.019600000000000006,-0.3999999999999986,-5.199999999999999,0.09999999999999964,1.0
2024_25,0022401007,2025-03-19,PHX,CHI,127,121,248,6,0.5102,0.4199,0.8326,43.6,30.4,14.7,0.46840000000000004,0.3247,0.7953,46.5,28.2,13.0,0.04179999999999995,0.0952,-2.8999999999999986,2.1999999999999993,-1.6999999999999993,1.0
2024_25,0022401008,2025-03-19,POR,MEM,115,99,214,16,0.4495,0.3487,0.7412,47.2,23.0,16.6,0.4784,0.3545,0.8527000000000001,47.1,27.6,14.1,-0.02889999999999998,-0.005799999999999972,0.10000000000000142,-4.600000000000001,-2.5000000000000018,1.0
2024_25,0022401009,2025-03-19,SAC,CLE,123,119,242,4,0.4889,0.3738,0.8077,41.9,26.6,13.1,0.45599999999999996,0.3483,0.7899,44.8,24.9,12.8,0.03290000000000004,0.025500000000000023,-2.8999999999999986,1.7000000000000028,-0.29999999999999893,1.0
2024_25,0022401013,2025-03-20,SAC,CHI,116,128,244,-12,0.48650000000000004,0.3778,0.8098000000000001,41.3,26.6,12.8,0.4739,0.319,0.8074999999999999,46.4,27.6,12.6,0.012600000000000056,0.05880000000000002,-5.100000000000001,-1.0,-0.20000000000000107,1.0
2024_25,0022401011,2025-03-20,IND,BKN,105,99,204,6,0.49030000000000007,0.3679,0.8093999999999999,39.4,30.1,12.6,0.4404,0.3527,0.7636999999999999,40.6,27.1,11.8,0.049900000000000055,0.015199999999999991,-1.2000000000000028,3.0,-0.7999999999999989,1.0
2024_25,0022400996,2025-03-20,LAL,MIL,89,118,207,-29,0.4668,0.38780000000000003,0.756,43.4,25.8,13.4,0.4899,0.37720000000000004,0.7990999999999999,45.1,25.3,13.9,-0.02310000000000001,0.010599999999999998,-1.7000000000000028,0.5,0.5,1.0
2024_25,0022401005,2025-03-20,GSW,TOR,117,114,231,3,0.4683,0.3686,0.8078,45.6,29.7,15.7,0.4239,0.3469,0.7713,50.6,26.7,15.3,0.044399999999999995,0.021699999999999997,-5.0,3.0,-0.3999999999999986,1.0
2024_25,0022401010,2025-03-20,CHA,NYK,115,98,213,17,0.4484,0.32989999999999997,0.8141,44.1,27.7,15.0,0.4525,0.348,0.8066000000000001,43.4,26.6,13.6,-0.0040999999999999925,-0.018100000000000005,0.7000000000000028,1.0999999999999979,-1.4000000000000004,1.0
2024_25,0022401022,2025-03-21,POR,DEN,128,109,237,19,0.4335,0.34609999999999996,0.7628999999999999,50.1,22.4,16.1,0.4907,0.3771,0.7515000000000001,43.4,30.1,13.5,-0.05720000000000003,-0.031000000000000028,6.700000000000003,-7.700000000000003,-2.6000000000000014,1.0
2024_25,0022401014,2025-03-21,WAS,ORL,105,120,225,-15,0.4307,0.3387,0.8188000000000001,46.4,28.2,13.7,0.4567,0.354,0.8151999999999999,38.3,21.5,12.9,-0.025999999999999968,-0.01529999999999998,8.100000000000001,6.699999999999999,-0.7999999999999989,1.0
2024_25,0022401015,2025-03-21,MIA,HOU,98,102,200,-4,0.4545,0.3326,0.7729,40.1,25.4,13.7,0.4774,0.3711,0.7192999999999999,52.2,25.6,14.5,-0.022899999999999976,-0.03849999999999998,-12.100000000000001,-0.20000000000000284,0.8000000000000007,1.0
2024_25,0022401016,2025-03-21,MIN,NOP,134,93,227,41,0.49400000000000005,0.40780000000000005,0.775,42.6,28.3,13.0,0.46349999999999997,0.34490000000000004,0.7197,43.0,27.1,14.5,0.030500000000000083,0.06290000000000001,-0.3999999999999986,1.1999999999999993,1.5,1.0
2024_25,0022401017,2025-03-21,OKC,CHA,141,106,247,35,0.4979,0.3874,0.8268000000000001,46.2,27.3,11.4,0.4532,0.3435,0.8298,44.9,27.4,14.5,0.04470000000000002,0.043899999999999995,1.3000000000000043,-0.09999999999999787,3.0999999999999996,1.0
2024_25,0022401018,2025-03-21,SAS,PHI,128,120,248,8,0.5108,0.4077,0.7216,40.7,29.8,12.9,0.4567,0.3385,0.7611,40.3,23.2,13.0,0.05410000000000004,0.06919999999999998,0.4000000000000057,6.600000000000001,0.09999999999999964,1.0
2024_25,0022401019,2025-03-21,DAL,DET,123,117,240,6,0.484,0.3435,0.782,36.8,25.4,11.9,0.5023000000000001,0.3489,0.7726,45.6,26.8,15.5,-0.018300000000000094,-0.00539999999999996,-8.800000000000004,-1.4000000000000021,3.5999999999999996,1.0
2024_25,0022401020,2025-03-21,UTA,BOS,99,121,220,-22,0.4535,0.33530000000000004,0.7373999999999999,47.6,23.5,19.4,0.4669,0.3724,0.8305,44.1,25.0,11.4,-0.013399999999999967,-0.037099999999999966,3.5,-1.5,-7.999999999999998,1.0
2024_25,0022401021,2025-03-21,PHX,CLE,123,112,235,11,0.4997,0.40490000000000004,0.8457000000000001,44.7,30.3,14.1,0.4629,0.3429,0.7835,44.1,25.0,13.2,0.0368,0.062000000000000055,0.6000000000000014,5.300000000000001,-0.9000000000000004,1.0
2024_25,0022401023,2025-03-21,LAC,MEM,128,108,236,20,0.5122,0.40499999999999997,0.7886,42.1,26.0,11.8,0.466,0.3523,0.8487,47.0,26.8,13.8,0.04619999999999996,0.05269999999999997,-4.899999999999999,-0.8000000000000007,2.0,1.0
2024_25,0022401027,2025-03-22,SAC,MIL,108,114,222,-6,0.48360000000000003,0.3842,0.8161999999999999,40.3,27.2,12.6,0.4869,0.3753,0.7899,44.0,24.4,13.5,-0.0032999999999999696,0.008899999999999963,-3.700000000000003,2.8000000000000007,0.9000000000000004,1.0
2024_25,0022401028,2025-03-22,LAL,CHI,115,146,261,-31,0.45890000000000003,0.3793,0.7484999999999999,44.3,26.3,13.9,0.4816,0.33540000000000003,0.808,45.9,27.6,12.5,-0.022699999999999942,0.043899999999999995,-1.6000000000000014,-1.3000000000000007,-1.4000000000000004,1.0
2024_25,0022401026,2025-03-22,NYK,WAS,122,103,225,19,0.4462,0.33940000000000003,0.8053000000000001,43.7,26.3,13.4,0.4277,0.3483,0.7984,45.7,27.2,13.7,0.01849999999999996,-0.008899999999999963,-2.0,-0.8999999999999986,0.29999999999999893,1.0
2024_25,0022401024,2025-03-22,IND,BKN,108,103,211,5,0.47830000000000006,0.3505,0.8298,41.5,28.5,13.9,0.4455,0.3653,0.7502,41.5,27.2,12.0,0.03280000000000005,-0.014800000000000035,0.0,1.3000000000000007,-1.9000000000000004,1.0
2024_25,0022401025,2025-03-22,ATL,GSW,124,115,239,9,0.4899,0.3751,0.7964,43.5,28.9,14.1,0.46449999999999997,0.38039999999999996,0.8074999999999999,44.5,29.4,15.7,0.025400000000000034,-0.005299999999999971,-1.0,-0.5,1.5999999999999996,1.0
2024_25,0022401029,2025-03-23,DET,NOP,136,130,266,6,0.495,0.3415,0.7601,45.0,26.1,14.2,0.4615,0.3463,0.7295,41.5,25.6,16.0,0.033499999999999974,-0.004799999999999971,3.5,0.5,1.8000000000000007,1.0
2024_25,0022401030,2025-03-23,UTA,CLE,91,120,211,-29,0.45600000000000007,0.34500000000000003,0.7311,47.3,24.0,18.3,0.4643,0.33940000000000003,0.7764,43.8,24.7,12.8,-0.008299999999999919,0.005599999999999994,3.5,-0.6999999999999993,-5.5,1.0
2024_25,0022401031,2025-03-23,ATL,PHI,132,119,251,13,0.49800000000000005,0.3751,0.7792,43.5,29.9,13.8,0.47030000000000005,0.3449,0.7619,39.2,23.5,14.2,0.027700000000000002,0.030200000000000005,4.299999999999997,6.399999999999999,0.3999999999999986,1.0
2024_25,0022401032,2025-03-23,MIA,CHA,122,105,227,17,0.45899999999999996,0.3392,0.7753,38.7,24.8,14.6,0.45999999999999996,0.36229999999999996,0.8631,43.1,28.3,14.4,-0.0010000000000000009,-0.023099999999999954,-4.399999999999999,-3.5,-0.1999999999999993,1.0
2024_25,0022401033,2025-03-23,TOR,SAS,89,123,212,-34,0.4386,0.35409999999999997,0.7702,49.9,26.9,15.9,0.5076,0.4145,0.7299,40.6,29.8,13.1,-0.06900000000000006,-0.06040000000000001,9.299999999999997,-2.900000000000002,-2.8000000000000007,1.0
2024_25,0022401034,2025-03-23,POR,BOS,116,129,245,-13,0.44370000000000004,0.3511,0.7543,49.3,22.9,15.8,0.465,0.3621,0.8414999999999999,44.9,25.7,11.4,-0.021299999999999986,-0.010999999999999954,4.399999999999999,-2.8000000000000007,-4.4,1.0
2024_25,0022401035,2025-03-23,HOU,DEN,111,116,227,-5,0.4753,0.3754,0.6845,51.9,25.0,14.6,0.493,0.3774,0.768,42.7,29.8,14.4,-0.017699999999999994,-0.0020000000000000018,9.199999999999996,-4.800000000000001,-0.1999999999999993,1.0
2024_25,0022401036,2025-03-23,LAC,OKC,101,103,204,-2,0.5267000000000001,0.4242,0.787,42.4,26.5,12.1,0.5008,0.398,0.8124,46.0,26.8,11.6,0.025900000000000034,0.0262,-3.6000000000000014,-0.3000000000000007,-0.5,1.0
2024_25,0022401044,2025-03-24,SAC,BOS,95,113,208,-18,0.4765,0.3608,0.7935,41.0,25.9,12.7,0.4721,0.3669,0.8314,44.2,26.2,10.9,0.0043999999999999595,-0.006099999999999994,-3.200000000000003,-0.3000000000000007,-1.799999999999999,1.0
2024_25,0022401043,2025-03-24,PHX,MIL,108,106,214,2,0.5081,0.4191,0.8667999999999999,43.6,31.2,13.4,0.4883,0.3875,0.7766,43.1,23.9,13.0,0.019799999999999984,0.03159999999999996,0.5,7.300000000000001,-0.40000000000000036,1.0
2024_25,0022401042,2025-03-24,DEN,CHI,119,129,248,-10,0.4976,0.3907,0.7572,42.4,29.8,14.0,0.4899,0.35140000000000005,0.8051999999999999,45.9,29.3,12.1,0.007699999999999985,0.039299999999999946,-3.5,0.5,-1.9000000000000004,1.0
2024_25,0022401041,2025-03-24,NOP,PHI,112,99,211,13,0.46959999999999996,0.3698,0.7378,41.7,26.2,16.9,0.4655,0.3492,0.7672,39.3,23.7,14.2,0.004099999999999937,0.020600000000000007,2.4000000000000057,2.5,-2.6999999999999993,1.0
2024_25,0022401038,2025-03-24,ORL,LAL,118,106,224,12,0.454,0.3552,0.8220000000000001,39.2,21.7,12.4,0.45380000000000004,0.3843,0.7434000000000001,42.7,25.4,14.5,0.00019999999999997797,-0.02909999999999996,-3.5,-3.6999999999999993,2.0999999999999996,1.0
2024_25,0022401039,2025-03-24,WAS,TOR,104,112,216,-8,0.4351,0.3503,0.7903,45.5,27.1,14.4,0.4303,0.3479,0.7626999999999999,50.5,27.4,16.6,0.004799999999999971,0.0024000000000000132,-5.0,-0.29999999999999716,2.200000000000001,1.0
2024_25,0022401037,2025-03-24,IND,MIN,119,103,222,16,0.4747,0.34140000000000004,0.8108000000000001,42.4,28.3,14.1,0.5055,0.41059999999999997,0.7889999999999999,42.7,29.5,13.6,-0.03079999999999994,-0.06919999999999993,-0.30000000000000426,-1.1999999999999993,-0.5,1.0
2024_25,0022401040,2025-03-24,BKN,DAL,101,120,221,-19,0.44349999999999995,0.36619999999999997,0.7232999999999999,42.3,26.3,12.2,0.4892,0.3513,0.7769999999999999,37.9,25.4,12.8,-0.045700000000000074,0.014899999999999969,4.399999999999999,0.9000000000000021,0.6000000000000014,1.0
2024_25,0022401050,2025-03-25,UTA,MEM,103,140,243,-37,0.4455,0.34199999999999997,0.7222,46.7,24.4,18.9,0.45759999999999995,0.3517,0.8259000000000001,46.7,26.0,12.8,-0.012099999999999944,-0.009700000000000042,0.0,-1.6000000000000014,-6.099999999999998,1.0
2024_25,0022401051,2025-03-25,POR,CLE,111,122,233,-11,0.4441,0.3601,0.7599,47.0,22.7,15.9,0.46319999999999995,0.3269,0.7532,43.6,24.8,12.6,-0.01909999999999995,0.03319999999999995,3.3999999999999986,-2.1000000000000014,-3.3000000000000007,1.0
2024_25,0022401049,2025-03-25,HOU,ATL,121,114,235,7,0.47830000000000006,0.3778,0.6992,50.6,25.3,13.8,0.49590000000000006,0.3746,0.8127000000000001,44.2,29.9,14.3,-0.017600000000000005,0.003200000000000036,6.399999999999999,-4.599999999999998,0.5,1.0
2024_25,0022401052,2025-03-25,SAC,OKC,105,121,226,-16,0.476,0.3534,0.7967,41.0,26.0,13.0,0.4915,0.38639999999999997,0.8085000000000001,45.3,26.5,11.2,-0.015500000000000014,-0.032999999999999974,-4.299999999999997,-0.5,-1.8000000000000007,1.0
2024_25,0022401047,2025-03-25,MIA,GSW,112,86,198,26,0.4729,0.3445,0.7673,37.7,24.6,14.4,0.4688,0.38649999999999995,0.8008000000000001,42.9,28.9,15.8,0.0040999999999999925,-0.04199999999999998,-5.199999999999996,-4.299999999999997,1.4000000000000004,1.0
2024_25,0022401046,2025-03-25,DET,SAS,122,96,218,26,0.4943000000000001,0.3628,0.7575999999999999,44.3,25.5,13.7,0.5006,0.40090000000000003,0.7643,40.6,28.8,13.0,-0.006299999999999972,-0.03810000000000002,3.6999999999999957,-3.3000000000000007,-0.6999999999999993,1.0
2024_25,0022401045,2025-03-25,CHA,ORL,104,111,215,-7,0.4629,0.367,0.8775999999999999,41.4,28.1,14.9,0.4586,0.3594,0.8212999999999999,40.0,22.5,11.9,0.0042999999999999705,0.007599999999999996,1.3999999999999986,5.600000000000001,-3.0,1.0
2024_25,0022401048,2025-03-25,NYK,DAL,128,113,241,15,0.4462,0.3447,0.8164,44.0,26.5,13.7,0.5,0.3567,0.7645,38.3,26.0,12.5,-0.053800000000000014,-0.01200000000000001,5.700000000000003,0.5,-1.1999999999999993,1.0
2024_25,0022401053,2025-03-26,PHI,WAS,114,119,233,-5,0.4625,0.344,0.7734,38.5,22.7,13.8,0.4311,0.3438,0.7751,45.8,26.3,15.2,0.03140000000000004,0.00019999999999997797,-7.299999999999997,-3.6000000000000014,1.3999999999999986,1.0
2024_25,0022401054,2025-03-26,BKN,TOR,86,116,202,-30,0.44420000000000004,0.354,0.7058,42.8,26.3,12.9,0.4234,0.3357,0.7625,51.7,27.4,15.8,0.02080000000000004,0.018299999999999983,-8.900000000000006,-1.0999999999999979,2.9000000000000004,1.0
2024_25,0022401055,2025-03-26,IND,LAL,119,120,239,-1,0.47519999999999996,0.3426,0.8167,42.8,28.6,14.2,0.4574,0.3823,0.7399,41.7,24.8,13.9,0.017799999999999983,-0.03969999999999996,1.0999999999999943,3.8000000000000007,-0.29999999999999893,1.0
2024_25,0022401056,2025-03-26,NYK,LAC,113,126,239,-13,0.4612,0.359,0.8031,43.4,27.9,13.8,0.5176000000000001,0.4283,0.7839,43.5,25.6,12.8,-0.05640000000000006,-0.06930000000000003,-0.10000000000000142,2.299999999999997,-1.0,1.0
2024_25,0022401057,2025-03-26,DEN,MIL,127,117,244,10,0.4862,0.36879999999999996,0.7461,43.8,28.7,14.3,0.47450000000000003,0.3726,0.7561,41.2,23.4,12.0,0.011699999999999988,-0.0038000000000000256,2.5999999999999943,5.300000000000001,-2.3000000000000007,1.0
2024_25,0022401058,2025-03-26,PHX,BOS,102,132,234,-30,0.5044000000000001,0.4168,0.8705,45.1,30.6,13.9,0.4713,0.3623,0.8032,43.5,26.6,10.9,0.033100000000000074,0.05449999999999999,1.6000000000000014,4.0,-3.0,1.0
2024_25,0022401066,2025-03-27,SAC,POR,128,107,235,21,0.4657,0.35760000000000003,0.8002,39.5,26.1,13.3,0.43410000000000004,0.3528,0.7529,47.6,23.6,16.1,0.03159999999999996,0.0048000000000000265,-8.100000000000001,2.5,2.8000000000000007,1.0
2024_25,0022401065,2025-03-27,UTA,HOU,110,121,231,-11,0.4427,0.3567,0.745,43.9,24.7,17.8,0.4667,0.375,0.7445,51.6,23.7,13.5,-0.02400000000000002,-0.018299999999999983,-7.700000000000003,1.0,-4.300000000000001,1.0
2024_25,0022401064,2025-03-27,OKC,MEM,125,104,229,21,0.49329999999999996,0.4041,0.799,46.6,26.8,11.8,0.47000000000000003,0.36960000000000004,0.8239000000000001,47.0,27.7,12.1,0.023299999999999932,0.034499999999999975,-0.3999999999999986,-0.8999999999999986,0.29999999999999893,1.0
2024_25,0022401063,2025-03-27,CHI,LAL,119,117,236,2,0.49510000000000004,0.37,0.8192,45.2,29.2,12.4,0.46449999999999997,0.392,0.7631,41.5,25.6,14.0,0.03060000000000007,-0.02200000000000002,3.700000000000003,3.599999999999998,1.5999999999999996,1.0
2024_25,0022401062,2025-03-27,MIA,ATL,122,112,234,10,0.4826,0.3713,0.7696,37.8,24.3,15.3,0.49210000000000004,0.36619999999999997,0.8229,43.7,29.8,14.5,-0.009500000000000064,0.005100000000000049,-5.900000000000006,-5.5,-0.8000000000000007,1.0
2024_25,0022401060,2025-03-27,ORL,DAL,92,101,193,-9,0.45600000000000007,0.3487,0.8272,41.5,21.9,11.6,0.5079,0.355,0.8085000000000001,38.6,24.9,13.1,-0.051899999999999946,-0.006299999999999972,2.8999999999999986,-3.0,1.5,1.0
2024_25,0022401059,2025-03-27,CLE,SAS,124,116,240,8,0.4706,0.3363,0.7629,43.0,25.0,12.7,0.4909,0.3946,0.7878000000000001,41.1,28.2,13.3,-0.020299999999999985,-0.05830000000000002,1.8999999999999986,-3.1999999999999993,0.6000000000000014,1.0
2024_25,0022401061,2025-03-27,WAS,IND,109,162,271,-53,0.43760000000000004,0.3505,0.7429,45.7,26.4,14.7,0.4822,0.354,0.8141999999999999,42.3,28.8,13.6,-0.04459999999999997,-0.003500000000000003,3.4000000000000057,-2.400000000000002,-1.0999999999999996,1.0
2024_25,0022401067,2025-03-28,DET,CLE,133,122,255,11,0.4984,0.3798,0.7599,45.3,26.1,13.5,0.475,0.33930000000000005,0.7619,44.1,26.7,12.7,0.023400000000000032,0.04049999999999998,1.1999999999999957,-0.5999999999999979,-0.8000000000000007,1.0
2024_25,0022401068,2025-03-28,BKN,LAC,100,132,232,-32,0.4335,0.34550000000000003,0.71,43.4,25.9,13.6,0.5137,0.4274,0.7826,44.7,26.5,12.3,-0.08020000000000005,-0.08189999999999997,-1.3000000000000043,-0.6000000000000014,-1.299999999999999,1.0
2024_25,0022401069,2025-03-28,TOR,CHA,108,97,205,11,0.4271,0.3356,0.7638,53.2,28.1,16.0,0.45709999999999995,0.3731,0.8775999999999999,40.9,27.8,14.8,-0.02999999999999997,-0.03749999999999998,12.300000000000004,0.3000000000000007,-1.1999999999999993,1.0
2024_25,0022401070,2025-03-28,MIL,NYK,107,116,223,-9,0.4715,0.368,0.7556999999999999,41.3,24.7,11.8,0.4718,0.3739,0.7977000000000001,42.6,29.4,13.2,-0.00030000000000002247,-0.005900000000000016,-1.3000000000000043,-4.699999999999999,1.3999999999999986,1.0
2024_25,0022401071,2025-03-28,MIN,PHX,124,109,233,15,0.4971,0.3913,0.7548999999999999,43.5,29.2,13.4,0.48979999999999996,0.4064,0.8722,45.0,29.2,14.0,0.007300000000000029,-0.015100000000000002,-1.5,0.0,0.5999999999999996,1.0
2024_25,0022401072,2025-03-28,NOP,GSW,95,111,206,-16,0.4817,0.3794,0.7436,42.7,28.1,17.1,0.45969999999999994,0.3751,0.7907,42.3,27.9,16.1,0.022000000000000075,0.004300000000000026,0.4000000000000057,0.20000000000000284,-1.0,1.0
2024_25,0022401073,2025-03-28,DEN,UTA,129,93,222,36,0.49939999999999996,0.382,0.7502,43.6,30.1,14.5,0.45520000000000005,0.3654,0.7376,42.8,25.1,17.6,0.044199999999999906,0.016600000000000004,0.8000000000000043,5.0,3.1000000000000014,1.0
2024_25,0022401078,2025-03-29,MEM,LAL,127,134,261,-7,0.4646,0.36960000000000004,0.8321,44.7,27.7,12.9,0.47050000000000003,0.3738,0.7675,41.2,25.5,13.6,-0.005900000000000016,-0.0041999999999999815,3.5,2.1999999999999993,0.6999999999999993,1.0
2024_25,0022401080,2025-03-29,SAS,BOS,111,121,232,-10,0.47620000000000007,0.3905,0.7847999999999999,42.5,28.3,13.1,0.47140000000000004,0.36500000000000005,0.8018000000000001,43.7,26.7,10.9,0.0048000000000000265,0.025499999999999967,-1.2000000000000028,1.6000000000000014,-2.1999999999999993,1.0
2024_25,0022401077,2025-03-29,CHI,DAL,119,120,239,-1,0.4918,0.37570000000000003,0.8028000000000001,45.2,30.0,12.0,0.5168,0.3684,0.7895,38.1,24.6,13.4,-0.025000000000000022,0.007300000000000029,7.100000000000001,5.399999999999999,1.4000000000000004,1.0
2024_25,0022401079,2025-03-29,OKC,IND,132,111,243,21,0.4958,0.40919999999999995,0.7965,46.8,27.1,11.7,0.5067,0.38639999999999997,0.8352999999999999,43.4,30.6,14.1,-0.01090000000000002,0.022799999999999987,3.3999999999999986,-3.5,2.4000000000000004,1.0
2024_25,0022401075,2025-03-29,WAS,BKN,112,115,227,-3,0.44610000000000005,0.3581,0.7474999999999999,43.4,25.8,15.4,0.4295,0.3353,0.7236,43.0,26.4,14.4,0.01660000000000006,0.022799999999999987,0.3999999999999986,-0.5999999999999979,-1.0,1.0
2024_25,0022401076,2025-03-29,PHI,MIA,95,118,213,-23,0.4606,0.3404,0.7574,38.2,22.2,12.5,0.49400000000000005,0.3956,0.7759,37.1,24.4,15.8,-0.03340000000000004,-0.05520000000000003,1.1000000000000014,-2.1999999999999993,3.3000000000000007,1.0
2024_25,0022401074,2025-03-29,ORL,SAC,121,91,212,30,0.4525,0.3381,0.8214,42.6,20.7,12.1,0.48460000000000003,0.3681,0.7977000000000001,39.3,25.8,14.6,-0.03210000000000002,-0.02999999999999997,3.3000000000000043,-5.100000000000001,2.5,1.0
2024_25,0022401087,2025-03-30,PHI,TOR,109,127,236,-18,0.4601,0.34290000000000004,0.7253000000000001,38.8,22.1,13.2,0.42919999999999997,0.3289,0.7405,52.8,28.5,15.1,0.03090000000000004,0.014000000000000012,-14.0,-6.399999999999999,1.9000000000000004,1.0
2024_25,0022401086,2025-03-30,SAS,GSW,106,148,254,-42,0.4678,0.384,0.8042999999999999,42.2,27.9,12.7,0.45220000000000005,0.3612,0.776,42.8,27.7,15.5,0.015599999999999947,0.022799999999999987,-0.5999999999999943,0.1999999999999993,2.8000000000000007,1.0
2024_25,0022401085,2025-03-30,NOP,CHA,98,94,192,4,0.4739,0.3745,0.7659,42.9,27.6,17.3,0.4569,0.36970000000000003,0.8568,41.5,28.2,15.6,0.017000000000000015,0.004799999999999971,1.3999999999999986,-0.5999999999999979,-1.700000000000001,1.0
2024_25,0022401088,2025-03-30,PHX,HOU,109,148,257,-39,0.48339999999999994,0.41930000000000006,0.8470000000000001,43.8,28.7,14.3,0.4572,0.3649,0.7329,51.9,23.1,13.3,0.026199999999999946,0.05440000000000006,-8.100000000000001,5.599999999999998,-1.0,1.0
2024_25,0022401083,2025-03-30,MIL,ATL,124,145,269,-21,0.4833,0.37839999999999996,0.7466999999999999,39.5,25.4,11.6,0.4907,0.37679999999999997,0.8178000000000001,43.0,29.3,15.2,-0.007400000000000018,0.0015999999999999903,-3.5,-3.900000000000002,3.5999999999999996,1.0
2024_25,0022401082,2025-03-30,NYK,POR,110,93,203,17,0.4817,0.38380000000000003,0.7963,41.7,29.7,12.6,0.43920000000000003,0.36619999999999997,0.7504000000000001,45.5,24.4,15.6,0.04249999999999998,0.01760000000000006,-3.799999999999997,5.300000000000001,3.0,1.0
2024_25,0022401081,2025-03-30,CLE,LAC,127,122,249,5,0.47709999999999997,0.3364,0.7593,43.8,25.8,12.7,0.5267000000000001,0.43929999999999997,0.7877,44.8,27.1,12.4,-0.04960000000000009,-0.10289999999999999,-1.0,-1.3000000000000007,-0.29999999999999893,1.0
2024_25,0022401084,2025-03-30,MIN,DET,123,104,227,19,0.501,0.3971,0.7668,43.5,29.6,14.1,0.5003,0.4022,0.7706,45.2,26.9,12.8,0.0007000000000000339,-0.005099999999999993,-1.7000000000000028,2.700000000000003,-1.299999999999999,1.0
2024_25,0022401089,2025-03-31,CHA,UTA,110,106,216,4,0.4502,0.3689,0.8491,42.9,27.6,16.1,0.44539999999999996,0.3487,0.7459,42.2,24.3,18.2,0.0048000000000000265,0.020199999999999996,0.6999999999999957,3.3000000000000007,2.099999999999998,1.0
2024_25,0022401090,2025-03-31,IND,SAC,111,109,220,2,0.5009,0.38639999999999997,0.8306000000000001,43.9,30.3,14.4,0.4847,0.3637,0.7931,39.7,25.7,14.4,0.016199999999999992,0.022699999999999942,4.199999999999996,4.600000000000001,0.0,1.0
2024_25,0022401091,2025-03-31,ORL,LAC,87,96,183,-9,0.4507,0.3468,0.805,44.1,21.9,12.5,0.522,0.446,0.8004,45.4,27.3,12.8,-0.07130000000000003,-0.09920000000000001,-1.2999999999999972,-5.400000000000002,0.3000000000000007,1.0
2024_25,0022401092,2025-03-31,WAS,MIA,94,120,214,-26,0.44939999999999997,0.3513,0.7554000000000001,42.7,25.9,14.7,0.49539999999999995,0.4098,0.7828,37.2,25.3,15.3,-0.045999999999999985,-0.058499999999999996,5.5,0.5999999999999979,0.6000000000000014,1.0
2024_25,0022401093,2025-03-31,MEM,BOS,103,117,220,-14,0.4758,0.3869,0.8411,43.1,28.6,12.7,0.47170000000000006,0.3641,0.8076000000000001,44.8,27.5,11.0,0.004099999999999937,0.022800000000000042,-1.6999999999999957,1.1000000000000014,-1.6999999999999993,1.0
2024_25,0022401094,2025-03-31,OKC,CHI,145,117,262,28,0.49800000000000005,0.42219999999999996,0.7910999999999999,45.9,27.2,12.2,0.4936,0.3919,0.7935000000000001,45.7,30.4,12.9,0.0044000000000000705,0.030299999999999938,0.19999999999999574,-3.1999999999999993,0.7000000000000011,1.0
2024_25,0022401095,2025-03-31,DAL,BKN,109,113,222,-4,0.5144,0.3579,0.7892,39.0,24.5,13.3,0.4274,0.33799999999999997,0.7472,44.1,25.8,14.3,0.08699999999999997,0.01990000000000003,-5.100000000000001,-1.3000000000000007,1.0,1.0
2024_25,0022401096,2025-03-31,LAL,HOU,104,98,202,6,0.4774,0.38049999999999995,0.7767999999999999,41.6,26.7,13.5,0.475,0.38580000000000003,0.7438,50.1,24.8,12.3,0.0024000000000000132,-0.005300000000000082,-8.5,1.8999999999999986,-1.1999999999999993,1.0
2024_25,0022401100,2025-04-01,MEM,GSW,125,134,259,-9,0.4739,0.3749,0.8183999999999999,43.7,28.1,12.3,0.46820000000000006,0.3796,0.7744,42.6,29.3,14.9,0.005699999999999927,-0.004699999999999982,1.1000000000000014,-1.1999999999999993,2.5999999999999996,1.0
2024_25,0022401101,2025-04-01,MIL,PHX,133,123,256,10,0.47969999999999996,0.3738,0.7521,38.7,24.3,11.5,0.4861,0.398,0.8625,43.1,28.1,14.6,-0.006400000000000017,-0.0242,-4.399999999999999,-3.8000000000000007,3.0999999999999996,1.0
2024_25,0022401099,2025-04-01,CHI,TOR,137,118,255,19,0.4885,0.38689999999999997,0.7962,44.4,30.3,13.1,0.43739999999999996,0.3409,0.7485999999999999,50.1,29.1,15.3,0.051100000000000034,0.045999999999999985,-5.700000000000003,1.1999999999999993,2.200000000000001,1.0
2024_25,0022401102,2025-04-01,DEN,MIN,139,140,279,-1,0.4967,0.36360000000000003,0.7388,43.8,30.7,15.1,0.4989,0.39580000000000004,0.7839,45.1,29.2,13.7,-0.0022000000000000353,-0.032200000000000006,-1.3000000000000043,1.5,-1.4000000000000004,1.0
2024_25,0022401097,2025-04-01,ATL,POR,113,127,240,-14,0.49749999999999994,0.3828,0.8026,42.8,30.6,14.4,0.44420000000000004,0.3612,0.7294,45.3,24.6,15.7,0.0532999999999999,0.021599999999999953,-2.5,6.0,1.299999999999999,1.0
2024_25,0022400988,2025-04-01,SAS,ORL,105,116,221,-11,0.4622,0.3907,0.773,40.9,27.7,13.2,0.45759999999999995,0.3487,0.8126,43.1,22.2,13.1,0.0046000000000000485,0.04199999999999998,-2.200000000000003,5.5,-0.09999999999999964,1.0
2024_25,0022401098,2025-04-01,NYK,PHI,105,91,196,14,0.4817,0.3688,0.7924,42.1,29.0,12.5,0.4646,0.3505,0.7421,39.4,22.7,14.1,0.017100000000000004,0.01830000000000004,2.700000000000003,6.300000000000001,1.5999999999999996,1.0
2024_25,0022401103,2025-04-02,CLE,NYK,124,105,229,19,0.4838,0.3459,0.7536,43.5,26.8,12.2,0.47729999999999995,0.3688,0.8032,42.7,28.6,12.9,0.006500000000000061,-0.02290000000000003,0.7999999999999972,-1.8000000000000007,0.7000000000000011,1.0
2024_25,0022401104,2025-04-02,IND,CHA,119,105,224,14,0.49820000000000003,0.3919,0.8528,43.4,30.0,14.6,0.4585,0.3684,0.8245000000000001,42.9,28.0,15.8,0.03970000000000001,0.02350000000000002,0.5,2.0,1.200000000000001,1.0
2024_25,0022401105,2025-04-02,WAS,SAC,116,111,227,5,0.44109999999999994,0.3371,0.7424000000000001,41.9,25.1,14.9,0.48460000000000003,0.37029999999999996,0.7851,41.2,25.4,14.1,-0.043500000000000094,-0.03319999999999995,0.6999999999999957,-0.29999999999999716,-0.8000000000000007,1.0
2024_25,0022401106,2025-04-02,BOS,MIA,103,124,227,-21,0.46930000000000005,0.364,0.8134,45.5,27.7,11.4,0.49829999999999997,0.4001,0.7822,40.5,25.5,16.1,-0.028999999999999915,-0.03610000000000002,5.0,2.1999999999999993,4.700000000000001,1.0
2024_25,0022401107,2025-04-02,HOU,UTA,143,105,248,38,0.4711,0.3855,0.7502,51.4,24.9,12.9,0.43929999999999997,0.3403,0.7713,40.3,24.4,16.9,0.03180000000000005,0.04520000000000002,11.100000000000001,0.5,3.9999999999999982,1.0
2024_25,0022401108,2025-04-02,OKC,DET,119,103,222,16,0.5041,0.43529999999999996,0.7819,46.6,28.2,12.5,0.4867,0.40170000000000006,0.7706,44.2,26.9,12.1,0.01739999999999997,0.03359999999999991,2.3999999999999986,1.3000000000000007,-0.40000000000000036,1.0
2024_25,0022401109,2025-04-02,DAL,ATL,120,118,238,2,0.5086999999999999,0.35960000000000003,0.7578,39.9,24.9,13.2,0.488,0.36419999999999997,0.8097,42.5,29.8,14.9,0.02069999999999994,-0.0045999999999999375,-2.6000000000000014,-4.900000000000002,1.700000000000001,1.0
2024_25,0022401110,2025-04-02,DEN,SAS,106,113,219,-7,0.511,0.3756,0.7411,44.1,32.0,15.9,0.46109999999999995,0.3856,0.7663,41.1,27.4,13.5,0.049900000000000055,-0.010000000000000009,3.0,4.600000000000001,-2.4000000000000004,1.0
2024_25,0022401111,2025-04-02,LAC,NOP,114,98,212,16,0.5159,0.4385,0.8068,46.7,25.7,13.3,0.47400000000000003,0.3653,0.7646,44.7,27.6,17.6,0.04189999999999999,0.07319999999999999,2.0,-1.9000000000000021,4.300000000000001,1.0
2024_25,0022401117,2025-04-03,LAL,GSW,116,123,239,-7,0.47000000000000003,0.3778,0.7855000000000001,41.4,25.7,13.7,0.4577,0.3677,0.7839,43.5,28.7,14.2,0.012300000000000033,0.010099999999999998,-2.1000000000000014,-3.0,0.5,1.0
2024_25,0022401116,2025-04-03,TOR,POR,103,112,215,-9,0.43879999999999997,0.3453,0.7617,47.7,29.3,14.3,0.44139999999999996,0.35,0.7211000000000001,46.4,24.5,15.5,-0.002599999999999991,-0.004699999999999982,1.3000000000000043,4.800000000000001,1.1999999999999993,1.0
2024_25,0022401115,2025-04-03,PHI,MIL,113,126,239,-13,0.4615,0.341,0.7512000000000001,39.3,23.7,14.5,0.5009,0.3899,0.7636000000000001,36.8,24.5,12.3,-0.03939999999999999,-0.0489,2.5,-0.8000000000000007,-2.1999999999999993,1.0
2024_25,0022401114,2025-04-03,MIA,MEM,108,110,218,-2,0.5048,0.4086,0.8122999999999999,40.1,26.5,14.8,0.476,0.37029999999999996,0.8286,44.1,27.3,13.0,0.028800000000000048,0.038300000000000056,-4.0,-0.8000000000000007,-1.8000000000000007,1.0
2024_25,0022401112,2025-04-03,WAS,ORL,97,109,206,-12,0.4439,0.3344,0.7264,41.6,24.1,14.6,0.45359999999999995,0.3476,0.8348000000000001,43.3,22.5,13.3,-0.009699999999999931,-0.013200000000000045,-1.6999999999999957,1.6000000000000014,-1.299999999999999,1.0
2024_25,0022401113,2025-04-03,BKN,MIN,90,105,195,-15,0.42590000000000006,0.3448,0.75,43.1,25.8,14.2,0.4899,0.38380000000000003,0.7586,46.1,28.9,13.8,-0.06399999999999995,-0.039000000000000035,-3.0,-3.099999999999998,-0.3999999999999986,1.0
2024_25,0022401127,2025-04-04,LAC,DAL,114,91,205,23,0.5093,0.43100000000000005,0.8209,45.2,26.0,12.8,0.5061,0.3645,0.7623,41.0,24.6,12.9,0.0031999999999999806,0.06650000000000006,4.200000000000003,1.3999999999999986,0.09999999999999964,1.0
2024_25,0022401118,2025-04-04,CHA,SAC,102,125,227,-23,0.4511,0.3536,0.8071999999999999,43.9,25.8,15.6,0.47729999999999995,0.3709,0.7701,42.0,25.4,13.3,-0.026199999999999946,-0.017299999999999982,1.8999999999999986,0.40000000000000213,-2.299999999999999,1.0
2024_25,0022401119,2025-04-04,IND,UTA,140,112,252,28,0.4998,0.3933,0.8459,44.0,30.0,14.0,0.43810000000000004,0.32320000000000004,0.7591,40.7,24.6,16.2,0.06169999999999998,0.07009999999999994,3.299999999999997,5.399999999999999,2.1999999999999993,1.0
2024_25,0022401120,2025-04-04,BOS,PHX,123,103,226,20,0.47050000000000003,0.3602,0.8114000000000001,45.7,27.6,11.4,0.4805,0.4023,0.8634999999999999,42.7,28.5,14.3,-0.009999999999999953,-0.04209999999999997,3.0,-0.8999999999999986,2.9000000000000004,1.0
2024_25,0022401121,2025-04-04,TOR,DET,105,117,222,-12,0.43620000000000003,0.3431,0.7474000000000001,46.1,29.4,14.6,0.4809,0.3899,0.7813,42.4,26.0,12.8,-0.04469999999999996,-0.04680000000000001,3.700000000000003,3.3999999999999986,-1.799999999999999,1.0
2024_25,0022401122,2025-04-04,CHI,POR,118,113,231,5,0.4997,0.3984,0.7929,44.6,31.5,13.5,0.44580000000000003,0.33890000000000003,0.7471,46.6,24.5,15.5,0.05389999999999995,0.05949999999999994,-2.0,7.0,2.0,1.0
2024_25,0022401123,2025-04-04,HOU,OKC,125,111,236,14,0.47350000000000003,0.3793,0.7301,51.0,25.2,12.8,0.4991,0.4265,0.7910999999999999,46.8,28.8,12.3,-0.025599999999999956,-0.047199999999999964,4.200000000000003,-3.6000000000000014,-0.5,1.0
2024_25,0022401124,2025-04-04,SAS,CLE,113,114,227,-1,0.45899999999999996,0.3816,0.7674,42.6,27.5,13.5,0.487,0.341,0.7605000000000001,43.6,25.9,11.9,-0.028000000000000025,0.04059999999999997,-1.0,1.6000000000000014,-1.5999999999999996,1.0
2024_25,0022401125,2025-04-04,GSW,DEN,118,104,222,14,0.4476,0.3565,0.7928,43.8,28.2,13.9,0.4988,0.36319999999999997,0.7302,46.0,31.4,15.9,-0.05120000000000002,-0.006699999999999984,-2.200000000000003,-3.1999999999999993,2.0,1.0
2024_25,0022401126,2025-04-04,LAL,NOP,124,108,232,16,0.4721,0.3802,0.8006,41.3,25.8,13.7,0.46929999999999994,0.3287,0.7484,44.0,27.1,17.4,0.00280000000000008,0.05149999999999999,-2.700000000000003,-1.3000000000000007,3.6999999999999993,1.0
2024_25,0022401130,2025-04-05,PHI,MIN,109,114,223,-5,0.45759999999999995,0.33290000000000003,0.7468,39.4,24.6,14.9,0.49210000000000004,0.37229999999999996,0.7503,45.8,28.5,14.1,-0.034500000000000086,-0.039399999999999935,-6.399999999999999,-3.8999999999999986,-0.8000000000000007,1.0
2024_25,0022401132,2025-04-05,LAC,DAL,135,104,239,31,0.504,0.4333,0.8209,46.0,25.6,12.7,0.5101,0.34809999999999997,0.7444,41.5,25.1,13.9,-0.006099999999999994,0.08520000000000005,4.5,0.5,1.200000000000001,1.0
2024_25,0022401128,2025-04-05,ATL,NYK,105,121,226,-16,0.48929999999999996,0.3638,0.8064,42.5,30.1,14.6,0.4787,0.3619,0.8009999999999999,41.7,29.0,13.2,0.010599999999999943,0.0019000000000000128,0.7999999999999972,1.1000000000000014,-1.4000000000000004,1.0
2024_25,0022401129,2025-04-05,DET,MEM,103,109,212,-6,0.48109999999999997,0.3919,0.7805,43.0,26.4,13.0,0.47359999999999997,0.38180000000000003,0.8300000000000001,44.5,27.2,13.4,0.007500000000000007,0.010099999999999998,-1.5,-0.8000000000000007,0.40000000000000036,1.0
2024_25,0022401131,2025-04-05,MIA,MIL,115,121,236,-6,0.5061,0.4267,0.8164999999999999,41.1,26.5,14.5,0.5025999999999999,0.40099999999999997,0.7341,36.3,24.9,11.7,0.0035000000000000586,0.025700000000000056,4.800000000000004,1.6000000000000014,-2.8000000000000007,1.0
2024_25,0022400617,2025-04-06,NOP,MIL,107,111,218,-4,0.47379999999999994,0.3419,0.7358,43.8,27.5,17.8,0.5145000000000001,0.3961,0.7346,37.6,25.7,11.7,-0.040700000000000125,-0.054200000000000026,6.199999999999996,1.8000000000000007,-6.100000000000001,1.0
2024_25,0022401143,2025-04-06,GSW,HOU,96,106,202,-10,0.4567,0.3669,0.7999,42.9,28.2,14.2,0.47750000000000004,0.3923,0.757,50.4,25.2,12.9,-0.02080000000000004,-0.025399999999999978,-7.5,3.0,-1.299999999999999,1.0
2024_25,0022401142,2025-04-06,DEN,IND,120,125,245,-5,0.5024,0.3666,0.7343,45.6,30.2,16.7,0.5075999999999999,0.3849,0.8317,44.3,31.0,12.7,-0.005199999999999982,-0.01830000000000004,1.3000000000000043,-0.8000000000000007,-4.0,1.0
2024_25,0022401139,2025-04-06,POR,SAS,120,109,229,11,0.44320000000000004,0.3291,0.7416,46.9,24.7,13.8,0.45599999999999996,0.3754,0.7605999999999999,42.6,27.2,13.0,-0.012799999999999923,-0.04630000000000001,4.299999999999997,-2.5,-0.8000000000000007,1.0
2024_25,0022401138,2025-04-06,CLE,SAC,113,120,233,-7,0.49240000000000006,0.35910000000000003,0.7669,43.2,26.9,12.2,0.47450000000000003,0.3665,0.7859999999999999,42.6,24.5,12.7,0.017900000000000027,-0.007399999999999962,0.6000000000000014,2.3999999999999986,0.5,1.0
2024_25,0022401140,2025-04-06,NYK,PHX,112,98,210,14,0.4828,0.3665,0.7852,41.4,29.2,13.2,0.4727,0.3789,0.8611000000000001,43.3,27.6,13.7,0.010099999999999998,-0.012400000000000022,-1.8999999999999986,1.5999999999999979,0.5,1.0
2024_25,0022401136,2025-04-06,ATL,UTA,147,134,281,13,0.4939,0.36760000000000004,0.7932,41.9,30.0,14.3,0.4323,0.3224,0.7647999999999999,41.5,24.4,15.3,0.06159999999999999,0.04520000000000002,0.3999999999999986,5.600000000000001,1.0,1.0
2024_25,0022401135,2025-04-06,OKC,LAL,99,126,225,-27,0.4991,0.4342,0.7938,45.7,29.5,12.0,0.4751,0.3796,0.8185,40.7,25.0,14.1,0.023999999999999966,0.05459999999999998,5.0,4.5,2.0999999999999996,1.0
2024_25,0022401134,2025-04-06,BKN,TOR,109,120,229,-11,0.42190000000000005,0.3319,0.7558,42.0,25.4,14.5,0.43760000000000004,0.3459,0.7474000000000001,46.3,28.9,14.4,-0.015699999999999992,-0.014000000000000012,-4.299999999999997,-3.5,-0.09999999999999964,1.0
2024_25,0022401133,2025-04-06,CHA,CHI,117,131,248,-14,0.45149999999999996,0.3583,0.8007,44.0,24.8,15.8,0.5006,0.39859999999999995,0.7893,47.1,31.6,14.2,-0.04910000000000009,-0.04029999999999995,-3.1000000000000014,-6.800000000000001,-1.6000000000000014,1.0
2024_25,0022401137,2025-04-06,BOS,WAS,124,90,214,34,0.4788,0.3581,0.8055,46.5,28.6,10.6,0.4473,0.3444,0.7332,40.5,23.0,14.3,0.03150000000000003,0.01369999999999999,6.0,5.600000000000001,3.700000000000001,1.0
2024_25,0022401144,2025-04-07,DET,SAC,117,127,244,-10,0.47190000000000004,0.37570000000000003,0.7896,43.5,25.9,12.0,0.4777,0.3632,0.774,42.4,24.2,13.1,-0.005799999999999972,0.012500000000000011,1.1000000000000014,1.6999999999999993,1.0999999999999996,1.0
2024_25,0022401145,2025-04-07,MIA,PHI,117,105,222,12,0.5006999999999999,0.4332,0.8122999999999999,42.4,26.6,13.4,0.45549999999999996,0.3182,0.7388,39.3,25.1,14.4,0.04519999999999996,0.11499999999999999,3.1000000000000014,1.5,1.0,1.0
2024_25,0022401152,2025-04-08,MIL,MIN,110,103,213,7,0.522,0.3989,0.7278,39.3,26.7,11.4,0.4902,0.3623,0.7513,46.0,28.1,14.0,0.031799999999999995,0.036599999999999966,-6.700000000000003,-1.4000000000000021,2.5999999999999996,1.0
2024_25,0022401155,2025-04-08,LAC,SAS,122,117,239,5,0.5119,0.4226,0.8139,44.7,25.7,12.3,0.4492,0.3621,0.7668,41.9,27.0,13.3,0.06270000000000003,0.0605,2.8000000000000043,-1.3000000000000007,1.0,1.0
2024_25,0022401153,2025-04-08,OKC,LAL,136,120,256,16,0.4907,0.4321,0.7928,44.1,28.5,11.7,0.4793,0.39249999999999996,0.8177,41.2,25.0,14.4,0.011400000000000021,0.039600000000000024,2.8999999999999986,3.5,2.700000000000001,1.0
2024_25,0022401151,2025-04-08,NYK,BOS,117,119,236,-2,0.49450000000000005,0.37970000000000004,0.7923,41.1,29.2,13.6,0.47540000000000004,0.3701,0.7985,48.9,29.0,11.2,0.019100000000000006,0.009600000000000053,-7.799999999999997,0.1999999999999993,-2.4000000000000004,1.0
2024_25,0022401154,2025-04-08,PHX,GSW,95,133,228,-38,0.4758,0.3687,0.8643000000000001,41.7,27.1,13.5,0.4495,0.3799,0.7988000000000001,43.7,28.6,14.2,0.02629999999999999,-0.011199999999999988,-2.0,-1.5,0.6999999999999993,1.0
2024_25,0022401149,2025-04-08,ORL,ATL,119,112,231,7,0.45499999999999996,0.34140000000000004,0.8364,44.9,23.4,13.4,0.504,0.3916,0.799,42.3,31.6,14.1,-0.049000000000000044,-0.05019999999999997,2.6000000000000014,-8.200000000000003,0.6999999999999993,1.0
2024_25,0022401148,2025-04-08,IND,WAS,104,98,202,6,0.5006,0.3733,0.8390000000000001,44.6,31.5,12.2,0.4418,0.3444,0.7354,40.0,22.1,13.9,0.05880000000000002,0.028900000000000037,4.600000000000001,9.399999999999999,1.700000000000001,1.0
2024_25,0022401147,2025-04-08,CLE,CHI,135,113,248,22,0.4958,0.3513,0.7594000000000001,44.2,27.1,12.9,0.5107999999999999,0.4119,0.7873,46.3,31.3,14.4,-0.014999999999999902,-0.06059999999999999,-2.0999999999999943,-4.199999999999999,1.5,1.0
2024_25,0022401146,2025-04-08,CHA,MEM,100,124,224,-24,0.4545,0.3517,0.8039,44.1,24.8,15.5,0.45969999999999994,0.37120000000000003,0.8141999999999999,45.8,26.0,13.8,-0.005199999999999927,-0.019500000000000017,-1.6999999999999957,-1.1999999999999993,-1.6999999999999993,1.0
2024_25,0022401150,2025-04-08,BKN,NOP,119,114,233,5,0.42169999999999996,0.31189999999999996,0.751,42.6,24.6,15.2,0.46909999999999996,0.344,0.7001000000000001,43.4,27.2,17.2,-0.0474,-0.03210000000000002,-0.7999999999999972,-2.599999999999998,2.0,1.0
2024_25,0022401166,2025-04-09,LAC,HOU,134,117,251,17,0.5086999999999999,0.4236,0.8032,44.8,25.9,12.7,0.4782,0.3841,0.7112,49.5,24.3,13.0,0.030499999999999916,0.03949999999999998,-4.700000000000003,1.5999999999999979,0.3000000000000007,1.0
2024_25,0022401165,2025-04-09,SAC,DEN,116,124,240,-8,0.4816,0.3654,0.7729,43.8,23.5,13.1,0.5095,0.3565,0.7232000000000001,45.0,30.3,15.8,-0.02789999999999998,0.008900000000000019,-1.2000000000000028,-6.800000000000001,2.700000000000001,1.0
2024_25,0022401163,2025-04-09,GSW,SAS,111,114,225,-3,0.4563,0.37879999999999997,0.7927,44.2,29.2,13.8,0.44930000000000003,0.3539,0.746,41.9,26.3,13.5,0.006999999999999951,0.024899999999999978,2.3000000000000043,2.8999999999999986,-0.3000000000000007,1.0
2024_25,0022401162,2025-04-09,UTA,POR,133,126,259,7,0.44329999999999997,0.3436,0.7687,39.9,25.3,14.6,0.44800000000000006,0.3331,0.751,46.3,24.7,14.4,-0.004700000000000093,0.01050000000000001,-6.399999999999999,0.6000000000000014,-0.1999999999999993,1.0
2024_25,0022401164,2025-04-09,PHX,OKC,112,125,237,-13,0.46449999999999997,0.34530000000000005,0.851,40.4,25.9,14.4,0.4885,0.4345,0.7878000000000001,43.0,27.5,11.0,-0.02400000000000002,-0.08919999999999995,-2.6000000000000014,-1.6000000000000014,-3.4000000000000004,1.0
2024_25,0022401159,2025-04-09,DAL,LAL,97,112,209,-15,0.5008,0.3446,0.744,41.1,24.3,14.0,0.48410000000000003,0.40309999999999996,0.8309,40.7,24.5,14.1,0.016699999999999993,-0.05849999999999994,0.3999999999999986,-0.1999999999999993,0.09999999999999964,1.0
2024_25,0022401158,2025-04-09,TOR,CHA,126,96,222,30,0.45199999999999996,0.3506,0.7371000000000001,47.0,29.9,15.1,0.4513,0.3337,0.7867,42.7,24.5,15.8,0.0006999999999999784,0.016900000000000026,4.299999999999997,5.399999999999999,0.7000000000000011,1.0
2024_25,0022401157,2025-04-09,WAS,PHI,103,122,225,-19,0.44109999999999994,0.329,0.735,40.9,21.6,13.8,0.4619,0.3182,0.7318,39.7,24.7,14.5,-0.02080000000000004,0.010800000000000032,1.1999999999999957,-3.099999999999998,0.6999999999999993,1.0
2024_25,0022401156,2025-04-09,ORL,BOS,96,76,172,20,0.46299999999999997,0.3407,0.8247,44.5,23.6,13.0,0.47709999999999997,0.37560000000000004,0.7967,47.9,29.2,11.4,-0.014100000000000001,-0.03490000000000004,-3.3999999999999986,-5.599999999999998,-1.5999999999999996,1.0
2024_25,0022401160,2025-04-09,CHI,MIA,119,111,230,8,0.5041,0.40730000000000005,0.8048,46.8,31.0,15.1,0.5024,0.44630000000000003,0.8023,43.4,26.8,13.4,0.0017000000000000348,-0.03899999999999998,3.3999999999999986,4.199999999999999,-1.6999999999999993,1.0
2024_25,0022401161,2025-04-10,MIL,NOP,136,111,247,25,0.522,0.4008,0.7203999999999999,39.5,27.0,11.7,0.48410000000000003,0.36479999999999996,0.7108000000000001,43.7,28.0,17.2,0.03789999999999999,0.03600000000000003,-4.200000000000003,-1.0,5.5,1.0
2024_25,0022401167,2025-04-10,DET,NYK,115,106,221,9,0.4643,0.3719,0.7851,42.2,25.6,11.5,0.502,0.383,0.7748,42.5,29.4,14.0,-0.03770000000000001,-0.011099999999999999,-0.29999999999999716,-3.799999999999997,2.5,1.0
2024_25,0022401168,2025-04-10,IND,CLE,114,112,226,2,0.4953,0.37320000000000003,0.8303,43.8,31.8,10.6,0.492,0.36310000000000003,0.7431,45.0,28.2,13.0,0.003300000000000025,0.010099999999999998,-1.2000000000000028,3.6000000000000014,2.4000000000000004,1.0
2024_25,0022401169,2025-04-10,BKN,ATL,109,133,242,-24,0.43019999999999997,0.3255,0.7696,42.7,25.5,15.9,0.4957,0.3768,0.8008,41.8,31.4,14.8,-0.0655,-0.05130000000000001,0.9000000000000057,-5.899999999999999,-1.0999999999999996,1.0
2024_25,0022401170,2025-04-10,MEM,MIN,125,141,266,-16,0.45599999999999996,0.3606,0.7988,46.2,25.9,13.4,0.4868,0.36219999999999997,0.771,45.3,27.6,14.4,-0.03080000000000005,-0.0015999999999999903,0.9000000000000057,-1.7000000000000028,1.0,1.0
2024_25,0022401179,2025-04-11,MIN,BKN,117,91,208,26,0.49660000000000004,0.3767,0.7797,45.0,28.0,14.5,0.4346,0.3398,0.7656,42.1,26.6,16.2,0.062000000000000055,0.03689999999999999,2.8999999999999986,1.3999999999999986,1.6999999999999993,1.0
2024_25,0022401184,2025-04-11,SAC,LAC,100,101,201,-1,0.48319999999999996,0.3861,0.7779999999999999,43.4,23.9,13.1,0.5043,0.425,0.8224,44.8,26.3,12.4,-0.021100000000000008,-0.03889999999999999,-1.3999999999999986,-2.400000000000002,-0.6999999999999993,1.0
2024_25,0022401182,2025-04-11,PHX,SAS,117,98,215,19,0.4638,0.3435,0.8294,39.6,25.6,14.8,0.4497,0.3604,0.7473,41.6,25.9,13.6,0.014100000000000001,-0.01689999999999997,-2.0,-0.29999999999999716,-1.200000000000001,1.0
2024_25,0022401181,2025-04-11,UTA,OKC,111,145,256,-34,0.43810000000000004,0.3448,0.7894,41.3,25.0,15.3,0.48339999999999994,0.42069999999999996,0.8024000000000001,43.1,27.0,11.3,-0.045299999999999896,-0.07589999999999997,-1.8000000000000043,-2.0,-4.0,1.0
2024_25,0022401180,2025-04-11,DEN,MEM,117,109,226,8,0.5124000000000001,0.3614,0.7419,45.0,30.8,14.6,0.46749999999999997,0.3839,0.7891999999999999,45.5,26.2,13.9,0.044900000000000106,-0.02250000000000002,-0.5,4.600000000000001,-0.6999999999999993,1.0
2024_25,0022401178,2025-04-11,DAL,TOR,124,102,226,22,0.4963,0.33849999999999997,0.7386,40.8,25.0,14.7,0.4427,0.3448,0.7332,48.1,30.4,13.7,0.053600000000000037,-0.006300000000000028,-7.300000000000004,-5.399999999999999,-1.0,1.0
2024_25,0022401185,2025-04-11,LAL,HOU,140,109,249,31,0.48260000000000003,0.3949,0.8343999999999999,41.1,24.4,13.2,0.4824,0.4027,0.6906,48.5,24.9,12.8,0.00020000000000003348,-0.007800000000000029,-7.399999999999999,-0.5,-0.3999999999999986,1.0
2024_25,0022401176,2025-04-11,CHI,WAS,119,89,208,30,0.5035000000000001,0.4022,0.8163,47.4,31.1,15.3,0.4359,0.3287,0.7445999999999999,41.5,21.7,13.5,0.06760000000000005,0.07350000000000001,5.899999999999999,9.400000000000002,-1.8000000000000007,1.0
2024_25,0022401177,2025-04-11,NOP,MIA,104,153,257,-49,0.47400000000000003,0.3519,0.73,44.4,28.0,17.3,0.4981,0.441,0.7813,43.9,27.1,12.6,-0.024099999999999955,-0.08910000000000001,0.5,0.8999999999999986,-4.700000000000001,1.0
2024_25,0022401171,2025-04-11,DET,MIL,119,125,244,-6,0.4711,0.36920000000000003,0.774,41.0,25.1,11.7,0.524,0.3989,0.7221,39.6,27.5,11.9,-0.0529,-0.02969999999999995,1.3999999999999986,-2.3999999999999986,0.20000000000000107,1.0
2024_25,0022401172,2025-04-11,IND,ORL,115,129,244,-14,0.4939,0.3759,0.8192999999999999,44.0,31.4,10.1,0.4591,0.3506,0.8147,45.3,23.6,12.8,0.0348,0.02529999999999999,-1.2999999999999972,7.799999999999997,2.700000000000001,1.0
2024_25,0022401183,2025-04-11,POR,GSW,86,103,189,-17,0.4525,0.3184,0.7379,44.1,24.9,14.4,0.45599999999999996,0.37170000000000003,0.7962,44.9,29.1,13.5,-0.0034999999999999476,-0.053300000000000014,-0.7999999999999972,-4.200000000000003,-0.9000000000000004,1.0
2024_25,0022401174,2025-04-11,BOS,CHA,130,94,224,36,0.4697,0.3598,0.7925,47.4,28.5,11.9,0.44889999999999997,0.31880000000000003,0.768,43.9,23.9,16.1,0.02080000000000004,0.04099999999999998,3.5,4.600000000000001,4.200000000000001,1.0
2024_25,0022401173,2025-04-11,PHI,ATL,110,124,234,-14,0.44799999999999995,0.3124,0.7355,42.0,23.7,14.2,0.4958,0.3768,0.8064,42.3,31.3,14.7,-0.047800000000000065,-0.06440000000000001,-0.29999999999999716,-7.600000000000001,0.5,1.0
2024_25,0022401175,2025-04-11,NYK,CLE,102,108,210,-6,0.5003,0.37829999999999997,0.7756000000000001,41.0,29.7,14.1,0.49119999999999997,0.37120000000000003,0.7337,45.6,28.2,13.0,0.009099999999999997,0.00709999999999994,-4.600000000000001,1.5,-1.0999999999999996,1.0
2024_25,0022401195,2025-04-13,MIN,UTA,116,105,221,11,0.5056,0.37120000000000003,0.775,45.8,28.6,14.3,0.43079999999999996,0.3318,0.7944,43.2,24.9,15.2,0.07480000000000009,0.039400000000000046,2.5999999999999943,3.700000000000003,0.8999999999999986,1.0
2024_25,0022401200,2025-04-13,SAC,PHX,109,98,207,11,0.4814,0.3851,0.7903,43.2,23.9,12.7,0.4579,0.3387,0.8202999999999999,40.2,25.0,14.4,0.02350000000000002,0.0464,3.0,-1.1000000000000014,1.700000000000001,1.0
2024_25,0022401199,2025-04-13,POR,LAL,109,81,190,28,0.4361,0.2984,0.7306,45.5,24.0,14.9,0.49720000000000003,0.41500000000000004,0.8158,41.4,25.3,13.4,-0.06110000000000004,-0.11660000000000004,4.100000000000001,-1.3000000000000007,-1.5,1.0
2024_25,0022401198,2025-04-13,GSW,LAC,119,124,243,-5,0.44939999999999997,0.3614,0.7975,45.6,28.9,14.0,0.5129,0.42750000000000005,0.8181,43.7,26.2,12.2,-0.06350000000000006,-0.06610000000000005,1.8999999999999986,2.6999999999999993,-1.8000000000000007,1.0
2024_25,0022401197,2025-04-13,SAS,TOR,125,118,243,7,0.4567,0.3668,0.7373000000000001,41.5,26.6,14.0,0.4447,0.34740000000000004,0.7251000000000001,47.8,29.9,12.6,0.01200000000000001,0.019399999999999973,-6.299999999999997,-3.299999999999997,-1.4000000000000004,1.0
2024_25,0022401196,2025-04-13,NOP,OKC,100,115,215,-15,0.46399999999999997,0.35419999999999996,0.7363999999999999,45.3,28.7,16.2,0.4992,0.43170000000000003,0.7866,43.6,28.3,11.4,-0.03520000000000001,-0.07750000000000007,1.6999999999999957,0.3999999999999986,-4.799999999999999,1.0
2024_25,0022401194,2025-04-13,MEM,DAL,132,97,229,35,0.47050000000000003,0.37770000000000004,0.7884,45.6,26.0,14.2,0.4989,0.3473,0.7283000000000001,42.0,25.9,14.7,-0.02839999999999998,0.030400000000000038,3.6000000000000014,0.10000000000000142,0.5,1.0
2024_25,0022401193,2025-04-13,HOU,DEN,111,126,237,-15,0.4816,0.388,0.718,47.6,25.7,13.0,0.5108,0.3476,0.7336,47.1,31.6,13.8,-0.02920000000000006,0.04039999999999999,0.5,-5.900000000000002,0.8000000000000007,1.0
2024_25,0022401192,2025-04-13,MIL,DET,140,133,273,7,0.5251,0.4117,0.7346,40.4,28.1,11.9,0.4737,0.3799,0.7503,41.1,25.7,11.4,0.0514,0.031799999999999995,-0.7000000000000028,2.400000000000002,-0.5,1.0
2024_25,0022401191,2025-04-13,PHI,CHI,102,122,224,-20,0.4483,0.3143,0.7398,42.8,24.2,14.4,0.49139999999999995,0.3876,0.8321999999999999,48.6,30.2,15.6,-0.04309999999999997,-0.07329999999999998,-5.800000000000004,-6.0,1.1999999999999993,1.0
2024_25,0022401190,2025-04-13,MIA,WAS,118,119,237,-1,0.49660000000000004,0.44400000000000006,0.7786,46.7,28.0,12.3,0.4342,0.3234,0.752,40.8,21.9,13.6,0.062400000000000067,0.12060000000000004,5.900000000000006,6.100000000000001,1.299999999999999,1.0
2024_25,0022401189,2025-04-13,CLE,IND,118,126,244,-8,0.4948,0.38380000000000003,0.736,45.4,27.7,13.8,0.4899,0.3802,0.7849999999999999,43.8,30.8,10.9,0.0049000000000000155,0.0036000000000000476,1.6000000000000014,-3.1000000000000014,-2.9000000000000004,1.0
2024_25,0022401188,2025-04-13,BKN,NYK,105,113,218,-8,0.42800000000000005,0.3342,0.7833,41.4,27.0,15.7,0.4816,0.3788,0.7788999999999999,40.9,27.9,13.7,-0.053599999999999925,-0.04460000000000003,0.5,-0.8999999999999986,-2.0,1.0
2024_25,0022401187,2025-04-13,BOS,CHA,93,86,179,7,0.4668,0.3589,0.7961,48.8,28.9,12.0,0.4405,0.323,0.7457,44.7,24.0,15.8,0.02629999999999999,0.03589999999999999,4.099999999999994,4.899999999999999,3.8000000000000007,1.0
2024_25,0022401186,2025-04-13,ATL,ORL,117,105,222,12,0.4885,0.369,0.795,43.7,30.6,14.5,0.4688,0.3507,0.8158,43.3,24.3,13.5,0.019699999999999995,0.018299999999999983,0.4000000000000057,6.300000000000001,-1.0,1.0
2025_26,0022500001,2025-10-21,OKC,HOU,125,124,249,1,0.48860000000000003,0.3914,0.7955,43.8,26.9,10.7,0.4828,0.39089999999999997,0.7176,47.6,26.4,13.4,0.005800000000000027,0.000500000000000056,-3.8000000000000043,0.5,2.700000000000001,1.0
2025_26,0022500002,2025-10-21,LAL,GSW,109,119,228,-10,0.48410000000000003,0.4024,0.7997,41.3,24.8,14.0,0.46399999999999997,0.3832,0.807,44.3,30.0,14.0,0.020100000000000062,0.019199999999999995,-3.0,-5.199999999999999,0.0,1.0
2025_26,0022500086,2025-10-22,MIL,WAS,133,120,253,13,0.5315000000000001,0.4208,0.7427,40.3,28.1,12.9,0.43479999999999996,0.3257,0.775,40.2,22.2,13.6,0.09670000000000012,0.09510000000000002,0.09999999999999432,5.900000000000002,0.6999999999999993,1.0
2025_26,0022500085,2025-10-22,MEM,NOP,128,122,250,6,0.46740000000000004,0.3708,0.7862,45.7,25.3,14.5,0.44489999999999996,0.3226,0.7381,46.3,27.4,15.7,0.022500000000000075,0.04820000000000002,-0.5999999999999943,-2.099999999999998,1.1999999999999993,1.0
2025_26,0022500088,2025-10-22,PHX,SAC,120,116,236,4,0.4579,0.3339,0.7814,38.7,25.3,14.1,0.493,0.3774,0.8236000000000001,43.9,23.8,12.9,-0.03510000000000002,-0.04350000000000004,-5.199999999999996,1.5,-1.1999999999999993,1.0
2025_26,0022500089,2025-10-22,POR,MIN,114,118,232,-4,0.43100000000000005,0.29369999999999996,0.7094,47.3,24.3,15.3,0.4986,0.35819999999999996,0.7487999999999999,47.6,26.9,14.2,-0.06759999999999994,-0.0645,-0.30000000000000426,-2.599999999999998,-1.1000000000000014,1.0
2025_26,0022500087,2025-10-22,UTA,LAC,129,108,237,21,0.43970000000000004,0.3379,0.8150999999999999,42.0,24.8,14.5,0.5176000000000001,0.42090000000000005,0.8126,43.4,26.3,13.3,-0.07790000000000002,-0.08300000000000007,-1.3999999999999986,-1.5,-1.1999999999999993,1.0
2025_26,0022500084,2025-10-22,CHI,DET,115,111,226,4,0.4875,0.3765,0.8225999999999999,50.2,30.0,15.9,0.4667,0.3691,0.7421,42.1,26.6,11.9,0.020799999999999985,0.007400000000000018,8.100000000000001,3.3999999999999986,-4.0,1.0
2025_26,0022500082,2025-10-22,ATL,TOR,118,138,256,-20,0.5002,0.3809,0.7683,43.9,30.6,14.7,0.45149999999999996,0.3555,0.726,46.0,30.3,12.7,0.04870000000000002,0.025400000000000034,-2.1000000000000014,0.3000000000000007,-2.0,1.0
2025_26,0022500081,2025-10-22,ORL,MIA,125,121,246,4,0.4649,0.35609999999999997,0.7999,43.3,24.3,14.1,0.4908,0.40730000000000005,0.7868999999999999,47.1,28.2,11.3,-0.025900000000000034,-0.05120000000000008,-3.8000000000000043,-3.8999999999999986,-2.799999999999999,1.0
2025_26,0022500080,2025-10-22,CHA,BKN,136,117,253,19,0.4361,0.31,0.7306,46.0,23.7,16.4,0.4281,0.3352,0.7799,41.9,26.1,15.7,0.008000000000000007,-0.0252,4.100000000000001,-2.400000000000002,-0.6999999999999993,1.0
2025_26,0022500004,2025-10-22,DAL,SAS,92,125,217,-33,0.48630000000000007,0.33290000000000003,0.726,41.7,24.5,15.4,0.4673,0.3686,0.7485999999999999,41.5,26.1,14.2,0.019000000000000072,-0.035699999999999954,0.20000000000000284,-1.6000000000000014,-1.200000000000001,1.0
2025_26,0022500003,2025-10-22,NYK,CLE,119,111,230,8,0.4746,0.3787,0.7947,41.1,27.1,13.9,0.4786,0.3694,0.7081,47.8,27.0,14.6,-0.0040000000000000036,0.009299999999999975,-6.699999999999996,0.10000000000000142,0.6999999999999993,1.0
2025_26,0022500083,2025-10-22,BOS,PHI,116,117,233,-1,0.4601,0.352,0.8053000000000001,49.2,28.3,12.3,0.44749999999999995,0.3083,0.736,43.9,24.3,14.7,0.012600000000000056,0.04369999999999996,5.300000000000004,4.0,2.3999999999999986,1.0
2025_26,0022500005,2025-10-23,IND,OKC,135,141,276,-6,0.4796,0.3623,0.7917,46.3,30.4,11.2,0.48390000000000005,0.3745,0.7898,43.1,27.0,10.7,-0.004300000000000026,-0.012199999999999989,3.1999999999999957,3.3999999999999986,-0.5,1.0
2025_26,0022500006,2025-10-23,GSW,DEN,137,131,268,6,0.47139999999999993,0.4021,0.8208,43.3,30.0,14.8,0.5113000000000001,0.33449999999999996,0.7483000000000001,47.5,31.6,13.8,-0.03990000000000016,0.06760000000000005,-4.200000000000003,-1.6000000000000014,-1.0,1.0
2025_26,0022500099,2025-10-24,LAC,PHX,129,102,231,27,0.5069,0.4006,0.7995,42.4,26.2,13.5,0.46390000000000003,0.3316,0.7718,40.0,25.4,14.3,0.04299999999999998,0.069,2.3999999999999986,0.8000000000000007,0.8000000000000007,1.0
2025_26,0022500098,2025-10-24,SAC,UTA,105,104,209,1,0.47809999999999997,0.3779,0.7986,43.0,23.8,12.1,0.4513,0.33599999999999997,0.8132999999999999,43.8,26.2,14.4,0.02679999999999999,0.04190000000000005,-0.7999999999999972,-2.3999999999999986,2.3000000000000007,1.0
2025_26,0022500097,2025-10-24,POR,GSW,139,119,258,20,0.43100000000000005,0.292,0.7287,46.7,24.0,15.9,0.46420000000000006,0.3927,0.8179000000000001,43.2,29.1,14.4,-0.03320000000000001,-0.10070000000000001,3.5,-5.100000000000001,-1.5,1.0
2025_26,0022500096,2025-10-24,DAL,WAS,107,117,224,-10,0.46980000000000005,0.3442,0.7228,42.1,24.6,15.4,0.437,0.3295,0.7483,42.7,22.6,13.4,0.03280000000000005,0.01469999999999999,-0.6000000000000014,2.0,-2.0,1.0
2025_26,0022500095,2025-10-24,NOP,SAS,116,120,236,-4,0.44139999999999996,0.3167,0.7245,45.9,25.8,15.5,0.48109999999999997,0.37360000000000004,0.7314999999999999,43.0,26.0,15.2,-0.03970000000000001,-0.05690000000000006,2.8999999999999986,-0.1999999999999993,-0.3000000000000007,1.0
2025_26,0022500094,2025-10-24,MEM,MIA,114,146,260,-32,0.4769,0.3624,0.7718999999999999,46.0,24.5,14.3,0.48550000000000004,0.3871,0.7847,48.1,28.2,11.8,-0.008600000000000052,-0.0247,-2.1000000000000014,-3.6999999999999993,-2.5,1.0
2025_26,0022500092,2025-10-24,TOR,MIL,116,122,238,-6,0.46609999999999996,0.3492,0.7218,45.1,30.5,13.4,0.5278,0.4223,0.7584000000000001,41.7,28.8,12.1,-0.06170000000000009,-0.0731,3.3999999999999986,1.6999999999999993,-1.3000000000000007,1.0
2025_26,0022500091,2025-10-24,BKN,CLE,124,131,255,-7,0.4368,0.3507,0.7692,41.4,27.0,15.4,0.4786,0.3753,0.6915,45.4,25.8,14.7,-0.041800000000000004,-0.02460000000000001,-4.0,1.1999999999999993,-0.7000000000000011,1.0
2025_26,0022500090,2025-10-24,ORL,ATL,107,111,218,-4,0.466,0.36510000000000004,0.7986,42.9,24.4,14.5,0.4906,0.36560000000000004,0.7821,43.7,30.4,14.7,-0.024599999999999955,-0.0005000000000000004,-0.8000000000000043,-6.0,0.1999999999999993,1.0
2025_26,0022500019,2025-10-24,LAL,MIN,128,110,238,18,0.4891,0.3981,0.7771,41.2,24.1,14.9,0.499,0.3825,0.768,47.6,26.4,14.4,-0.00990000000000002,0.015600000000000003,-6.399999999999999,-2.299999999999997,-0.5,1.0
2025_26,0022500018,2025-10-24,NYK,BOS,105,95,200,10,0.4692,0.3773,0.7933,41.5,26.5,14.4,0.4546,0.33530000000000004,0.8029,48.6,26.6,12.3,0.014600000000000002,0.04199999999999998,-7.100000000000001,-0.10000000000000142,-2.0999999999999996,1.0
2025_26,0022500093,2025-10-24,HOU,DET,111,115,226,-4,0.4819,0.39089999999999997,0.7150000000000001,47.7,27.0,14.3,0.4546,0.3499,0.7353,42.3,26.2,11.8,0.02729999999999999,0.04099999999999998,5.400000000000006,0.8000000000000007,-2.5,1.0
2025_26,0022500100,2025-10-25,ORL,CHI,98,110,208,-12,0.4709,0.3774,0.7843,43.0,25.1,15.0,0.4856,0.37,0.8403,50.4,29.6,16.2,-0.01469999999999999,0.007400000000000018,-7.399999999999999,-4.5,1.1999999999999993,1.0
2025_26,0022500101,2025-10-25,ATL,OKC,100,117,217,-17,0.4856,0.3578,0.7771,43.1,29.4,15.4,0.47809999999999997,0.3559,0.7954,44.4,26.1,11.1,0.007500000000000007,0.0019000000000000128,-1.2999999999999972,3.299999999999997,-4.300000000000001,1.0
2025_26,0022500102,2025-10-25,PHI,CHA,125,121,246,4,0.4505,0.3169,0.7327,43.2,24.4,15.6,0.44880000000000003,0.3282,0.7336,45.4,24.1,16.3,0.0016999999999999793,-0.011299999999999977,-2.1999999999999957,0.29999999999999716,0.7000000000000011,1.0
2025_26,0022500103,2025-10-25,MEM,IND,128,103,231,25,0.4643,0.34750000000000003,0.7889999999999999,46.0,24.1,15.1,0.4593,0.3351,0.7772,46.8,27.7,11.1,0.0050000000000000044,0.012400000000000022,-0.7999999999999972,-3.599999999999998,-4.0,1.0
2025_26,0022500104,2025-10-25,DEN,PHX,133,111,244,22,0.5176000000000001,0.3439,0.7745,46.6,31.4,13.9,0.45309999999999995,0.317,0.7826000000000001,40.3,24.9,14.5,0.06450000000000011,0.02689999999999998,6.300000000000004,6.5,0.5999999999999996,1.0
2025_26,0022500113,2025-10-26,SAC,LAL,120,127,247,-7,0.4843,0.3967,0.7918999999999999,42.2,24.4,11.8,0.49770000000000003,0.39530000000000004,0.7657999999999999,40.8,23.7,14.8,-0.013400000000000023,0.0013999999999999568,1.4000000000000057,0.6999999999999993,3.0,1.0
2025_26,0022500112,2025-10-26,LAC,POR,114,107,221,7,0.5176999999999999,0.4168,0.8153,42.5,26.9,14.0,0.445,0.3071,0.7399,47.3,24.7,16.6,0.07269999999999993,0.10970000000000002,-4.799999999999997,2.1999999999999993,2.6000000000000014,1.0
2025_26,0022500111,2025-10-26,DAL,TOR,139,129,268,10,0.46559999999999996,0.3236,0.7279,42.9,24.8,16.0,0.4713,0.3581,0.7207,44.7,30.2,14.4,-0.005700000000000038,-0.034499999999999975,-1.8000000000000043,-5.399999999999999,-1.5999999999999996,1.0
2025_26,0022500110,2025-10-26,MIN,IND,114,110,224,4,0.4928,0.368,0.7548,47.3,25.7,14.3,0.4549,0.3368,0.778,46.9,27.5,11.1,0.03789999999999999,0.031200000000000006,0.3999999999999986,-1.8000000000000007,-3.200000000000001,1.0
2025_26,0022500108,2025-10-26,MIA,NYK,115,107,222,8,0.49210000000000004,0.3881,0.7851,49.1,28.3,12.7,0.454,0.3751,0.8044,42.4,26.1,14.9,0.03810000000000002,0.013000000000000012,6.700000000000003,2.1999999999999993,2.200000000000001,1.0
2025_26,0022500107,2025-10-26,CLE,MIL,118,113,231,5,0.4859,0.3807,0.6866,44.9,27.4,14.9,0.5324,0.42300000000000004,0.7353,43.2,29.2,12.6,-0.046499999999999986,-0.04230000000000006,1.6999999999999957,-1.8000000000000007,-2.3000000000000007,1.0
2025_26,0022500105,2025-10-26,SAS,BKN,118,107,225,11,0.47939999999999994,0.3657,0.7344,45.5,25.5,15.0,0.4507,0.3631,0.7923,40.9,27.3,15.9,0.028699999999999948,0.0026000000000000467,4.600000000000001,-1.8000000000000007,0.9000000000000004,1.0
2025_26,0022500109,2025-10-26,WAS,CHA,113,139,252,-26,0.4391,0.3447,0.7293999999999999,43.5,23.2,14.5,0.4619,0.34209999999999996,0.7135,44.9,25.1,16.5,-0.022799999999999987,0.0026000000000000467,-1.3999999999999986,-1.9000000000000021,2.0,1.0
2025_26,0022500106,2025-10-26,DET,BOS,119,113,232,6,0.4535,0.3468,0.7148,42.8,26.3,12.3,0.44939999999999997,0.3361,0.7918000000000001,46.9,25.3,12.8,0.004100000000000048,0.010699999999999987,-4.100000000000001,1.0,0.5,1.0
2025_26,0022500121,2025-10-27,GSW,MEM,131,118,249,13,0.46559999999999996,0.3955,0.8025,42.4,28.6,15.8,0.46509999999999996,0.361,0.8046,46.4,25.1,14.6,0.0005000000000000004,0.03450000000000003,-4.0,3.5,-1.200000000000001,1.0
2025_26,0022500122,2025-10-27,LAL,POR,108,122,230,-14,0.5072,0.3925,0.7649,41.0,24.1,15.4,0.4383,0.3089,0.7652,47.6,25.2,16.8,0.06889999999999996,0.08360000000000001,-6.600000000000001,-1.0999999999999979,1.4000000000000004,1.0
2025_26,0022500120,2025-10-27,UTA,PHX,138,134,272,4,0.44110000000000005,0.31989999999999996,0.825,45.5,25.8,14.8,0.44799999999999995,0.3197,0.7762,40.2,24.8,14.6,-0.006899999999999906,0.00019999999999997797,5.299999999999997,1.0,-0.20000000000000107,1.0
2025_26,0022500118,2025-10-27,SAS,TOR,121,103,224,18,0.48,0.36950000000000005,0.7416,46.2,25.1,14.8,0.4727,0.3528,0.729,44.4,30.3,14.9,0.007299999999999973,0.016700000000000048,1.8000000000000043,-5.199999999999999,0.09999999999999964,1.0
2025_26,0022500117,2025-10-27,NOP,BOS,90,122,212,-32,0.44400000000000006,0.3176,0.7218,45.8,25.8,15.4,0.4514,0.3355,0.7721,45.3,24.0,12.7,-0.007399999999999962,-0.017900000000000027,0.5,1.8000000000000007,-2.700000000000001,1.0
2025_26,0022500119,2025-10-27,DAL,OKC,94,101,195,-7,0.4779,0.3321,0.7213,43.7,25.2,17.4,0.47119999999999995,0.3402,0.8066000000000001,45.0,24.3,11.0,0.006700000000000039,-0.008099999999999996,-1.2999999999999972,0.8999999999999986,-6.399999999999999,1.0
2025_26,0022500115,2025-10-27,CHI,ATL,128,123,251,5,0.48529999999999995,0.3646,0.837,49.4,29.1,16.3,0.4822,0.3769,0.7581,43.2,29.3,15.1,0.003099999999999936,-0.012300000000000033,6.199999999999996,-0.1999999999999993,-1.200000000000001,1.0
2025_26,0022500114,2025-10-27,PHI,ORL,136,124,260,12,0.4476,0.3225,0.7679,43.5,24.5,15.3,0.4606,0.3437,0.8036,43.4,23.2,15.6,-0.013000000000000012,-0.021199999999999997,0.10000000000000142,1.3000000000000007,0.29999999999999893,1.0
2025_26,0022500008,2025-10-27,MIN,DEN,114,127,241,-13,0.49190000000000006,0.35960000000000003,0.7509,46.2,25.2,14.7,0.5144,0.3297,0.8059000000000001,46.3,30.9,14.5,-0.02249999999999991,0.029900000000000038,-0.09999999999999432,-5.699999999999999,-0.1999999999999993,1.0
2025_26,0022500007,2025-10-27,DET,CLE,95,116,211,-21,0.4596,0.3417,0.7287,43.9,26.3,13.2,0.48020000000000007,0.3774,0.6883,44.8,26.4,15.6,-0.020600000000000063,-0.03570000000000001,-0.8999999999999986,-0.09999999999999787,2.4000000000000004,1.0
2025_26,0022500116,2025-10-27,HOU,BKN,137,109,246,28,0.4744,0.404,0.7132,47.1,25.9,14.8,0.4455,0.356,0.7931,39.4,27.0,15.7,0.02889999999999998,0.04800000000000004,7.700000000000003,-1.1000000000000014,0.8999999999999986,1.0
2025_26,0022500127,2025-10-28,GSW,LAC,98,79,177,19,0.471,0.39449999999999996,0.7986,41.7,29.2,16.1,0.5288,0.4297000000000001,0.8244,42.4,27.7,14.8,-0.057800000000000074,-0.03520000000000012,-0.6999999999999957,1.5,-1.3000000000000007,1.0
2025_26,0022500123,2025-10-28,WAS,PHI,134,139,273,-5,0.4447,0.3439,0.7412,43.6,23.5,14.2,0.44989999999999997,0.33730000000000004,0.7597,42.8,24.5,14.2,-0.005199999999999982,0.006599999999999939,0.8000000000000043,-1.0,0.0,1.0
2025_26,0022500124,2025-10-28,MIA,CHA,144,117,261,27,0.48739999999999994,0.3951,0.7982,47.9,27.9,12.4,0.45920000000000005,0.34209999999999996,0.7325,45.4,24.8,15.9,0.028199999999999892,0.05300000000000005,2.5,3.099999999999998,3.5,1.0
2025_26,0022500125,2025-10-28,MIL,NYK,121,111,232,10,0.5141,0.40380000000000005,0.7134,44.0,28.5,12.4,0.4504,0.36419999999999997,0.7998000000000001,43.2,26.1,14.6,0.06369999999999998,0.03960000000000008,0.7999999999999972,2.3999999999999986,2.1999999999999993,1.0
2025_26,0022500126,2025-10-28,OKC,SAC,107,101,208,6,0.47409999999999997,0.3339,0.8106,45.9,23.9,11.3,0.4822,0.3942,0.7939,41.7,24.9,12.2,-0.008100000000000052,-0.06030000000000002,4.199999999999996,-1.0,0.8999999999999986,1.0
2025_26,0022500135,2025-10-29,UTA,POR,134,136,270,-2,0.44630000000000003,0.3351,0.8361000000000001,47.7,26.4,14.9,0.4383,0.30979999999999996,0.7844,47.1,24.6,17.0,0.008000000000000007,0.025300000000000045,0.6000000000000014,1.7999999999999972,2.0999999999999996,1.0
2025_26,0022500134,2025-10-29,DEN,NOP,122,88,210,34,0.5089,0.3418,0.8153,46.4,29.5,14.1,0.43600000000000005,0.3136,0.7346,43.6,25.1,15.1,0.07289999999999996,0.028200000000000003,2.799999999999997,4.399999999999999,1.0,1.0
2025_26,0022500137,2025-10-29,PHX,MEM,113,114,227,-1,0.4427,0.3161,0.7726,41.7,25.9,14.6,0.4628,0.3509,0.8111,46.0,26.1,14.3,-0.020100000000000007,-0.0348,-4.299999999999997,-0.20000000000000284,-0.29999999999999893,1.0
2025_26,0022500136,2025-10-29,MIN,LAL,115,116,231,-1,0.49219999999999997,0.3529,0.7657,44.3,23.6,14.8,0.5084000000000001,0.3801,0.7586999999999999,41.3,24.1,16.9,-0.016200000000000103,-0.027200000000000002,3.0,-0.5,2.099999999999998,1.0
2025_26,0022500133,2025-10-29,DAL,IND,107,105,212,2,0.4681,0.3296,0.7354,42.4,24.3,17.3,0.4511,0.3377,0.7447,47.8,27.1,11.5,0.017000000000000015,-0.008099999999999996,-5.399999999999999,-2.8000000000000007,-5.800000000000001,1.0
2025_26,0022500132,2025-10-29,CHI,SAC,126,113,239,13,0.49260000000000004,0.37039999999999995,0.8318999999999999,50.2,29.5,16.1,0.48250000000000004,0.40309999999999996,0.8093999999999999,41.5,24.5,12.8,0.010099999999999998,-0.03270000000000001,8.700000000000003,5.0,-3.3000000000000007,1.0
2025_26,0022500131,2025-10-29,TOR,HOU,121,139,260,-18,0.47409999999999997,0.3459,0.712,42.9,29.7,15.2,0.4749,0.39590000000000003,0.7297,46.5,25.5,14.8,-0.0008000000000000229,-0.050000000000000044,-3.6000000000000014,4.199999999999999,-0.3999999999999986,1.0
2025_26,0022500130,2025-10-29,BKN,ATL,112,117,229,-5,0.44989999999999997,0.3543,0.7847999999999999,39.1,26.0,16.3,0.4889,0.37279999999999996,0.7417,42.5,29.6,14.6,-0.039000000000000035,-0.01849999999999996,-3.3999999999999986,-3.6000000000000014,-1.700000000000001,1.0
2025_26,0022500129,2025-10-29,DET,ORL,135,116,251,19,0.45709999999999995,0.3438,0.7114,44.4,26.3,13.9,0.476,0.3488,0.7811,44.5,24.1,15.4,-0.018900000000000028,-0.0050000000000000044,-0.10000000000000142,2.1999999999999993,1.5,1.0
2025_26,0022500128,2025-10-29,BOS,CLE,125,105,230,20,0.45499999999999996,0.3416,0.7708,46.4,24.1,12.6,0.4729,0.37639999999999996,0.6797,45.2,26.6,16.3,-0.017900000000000027,-0.03479999999999994,1.1999999999999957,-2.5,3.700000000000001,1.0
2025_26,0022500138,2025-10-30,CHA,ORL,107,123,230,-16,0.45099999999999996,0.3404,0.7429,45.1,25.4,15.9,0.47400000000000003,0.3492,0.7511,44.7,23.5,15.8,-0.023000000000000076,-0.00880000000000003,0.3999999999999986,1.8999999999999986,-0.09999999999999964,1.0
2025_26,0022500139,2025-10-30,MIL,GSW,120,110,230,10,0.5124000000000001,0.3934,0.7342000000000001,43.8,28.0,12.6,0.46740000000000004,0.3902,0.7847,42.3,29.1,16.0,0.04500000000000004,0.003200000000000036,1.5,-1.1000000000000014,3.4000000000000004,1.0
2025_26,0022500140,2025-10-30,OKC,WAS,127,108,235,19,0.4715,0.3286,0.8206,47.0,24.1,11.3,0.4412,0.3439,0.7404,44.5,24.4,14.4,0.030299999999999994,-0.01529999999999998,2.5,-0.29999999999999716,3.0999999999999996,1.0
2025_26,0022500141,2025-10-30,SAS,MIA,107,101,208,6,0.4939,0.3806,0.748,45.4,25.3,15.9,0.48979999999999996,0.3928,0.8002,48.2,28.5,13.0,0.004100000000000048,-0.012199999999999989,-2.8000000000000043,-3.1999999999999993,-2.9000000000000004,1.0
2025_26,0022500027,2025-10-31,LAC,NOP,126,124,250,2,0.5128,0.40730000000000005,0.8249000000000001,44.1,26.0,15.1,0.42300000000000004,0.316,0.7205,43.3,23.9,14.8,0.08979999999999999,0.09130000000000005,0.8000000000000043,2.1000000000000014,-0.29999999999999893,1.0
2025_26,0022500026,2025-10-31,POR,DEN,109,107,216,2,0.43739999999999996,0.3186,0.7796000000000001,45.6,26.0,16.3,0.5075000000000001,0.3398,0.826,47.5,30.2,13.7,-0.0701000000000001,-0.021199999999999997,-1.8999999999999986,-4.199999999999999,-2.6000000000000014,1.0
2025_26,0022500025,2025-10-31,PHX,UTA,118,96,214,22,0.44630000000000003,0.3237,0.779,41.7,26.0,15.9,0.4545,0.3396,0.8265,48.2,26.9,16.1,-0.008199999999999985,-0.015900000000000025,-6.5,-0.8999999999999986,0.20000000000000107,1.0
2025_26,0022500024,2025-10-31,MEM,LAL,112,117,229,-5,0.46299999999999997,0.3483,0.8132999999999999,45.2,26.8,14.2,0.5107,0.3766,0.734,41.7,24.9,17.5,-0.047700000000000076,-0.028299999999999992,3.5,1.9000000000000021,3.3000000000000007,1.0
2025_26,0022500023,2025-10-31,CHI,NYK,135,125,260,10,0.4896,0.373,0.8244999999999999,49.9,29.3,16.5,0.4484,0.3661,0.8044,43.8,26.1,14.3,0.04119999999999996,0.006900000000000017,6.100000000000001,3.1999999999999993,-2.1999999999999993,1.0
2025_26,0022500022,2025-10-31,CLE,TOR,101,112,213,-11,0.466,0.366,0.6833,45.0,26.0,16.0,0.4789,0.3631,0.7257,41.6,29.7,14.4,-0.012899999999999967,0.0029000000000000137,3.3999999999999986,-3.6999999999999993,-1.5999999999999996,1.0
2025_26,0022500021,2025-10-31,PHI,BOS,108,109,217,-1,0.45289999999999997,0.3584,0.7689,44.1,24.8,13.6,0.44749999999999995,0.3425,0.7676999999999999,46.8,24.2,12.9,0.005400000000000016,0.01589999999999997,-2.6999999999999957,0.6000000000000014,-0.6999999999999993,1.0
2025_26,0022500020,2025-10-31,IND,ATL,108,128,236,-20,0.4365,0.3257,0.7390000000000001,49.2,26.2,12.3,0.4896,0.3811,0.7394000000000001,43.1,30.5,13.9,-0.05309999999999998,-0.055400000000000005,6.100000000000001,-4.300000000000001,1.5999999999999996,1.0
2025_26,0022500142,2025-11-01,MIL,SAC,133,135,268,-2,0.5086,0.40140000000000003,0.7241,42.5,27.6,13.3,0.4854,0.3837,0.8036999999999999,40.2,24.7,13.0,0.023200000000000054,0.01770000000000005,2.299999999999997,2.900000000000002,-0.3000000000000007,1.0
2025_26,0022500143,2025-11-01,CHA,MIN,105,122,227,-17,0.46180000000000004,0.35419999999999996,0.7405,44.7,26.1,16.7,0.49219999999999997,0.3719,0.7807999999999999,43.2,23.9,14.8,-0.030399999999999927,-0.01770000000000005,1.5,2.200000000000003,-1.8999999999999986,1.0
2025_26,0022500144,2025-11-01,IND,GSW,114,109,223,5,0.41459999999999997,0.31589999999999996,0.7464000000000001,49.0,24.7,12.8,0.46820000000000006,0.3872,0.8263999999999999,42.1,28.6,16.2,-0.05360000000000009,-0.07130000000000003,6.899999999999999,-3.900000000000002,3.3999999999999986,1.0
2025_26,0022500145,2025-11-01,WAS,ORL,94,125,219,-31,0.4417,0.3464,0.7468,45.6,25.3,15.4,0.47940000000000005,0.35459999999999997,0.737,43.8,23.7,15.9,-0.03770000000000007,-0.008199999999999985,1.8000000000000043,1.6000000000000014,0.5,1.0
2025_26,0022500146,2025-11-01,BOS,HOU,101,128,229,-27,0.44210000000000005,0.3274,0.7593,45.1,23.5,12.5,0.4908,0.4079,0.7238,46.7,26.0,15.0,-0.048699999999999966,-0.08049999999999996,-1.6000000000000014,-2.5,2.5,1.0
2025_26,0022500154,2025-11-02,PHX,SAS,130,118,248,12,0.45119999999999993,0.3473,0.7781,42.6,27.0,15.9,0.49450000000000005,0.3814,0.743,45.8,25.2,15.8,-0.043300000000000116,-0.03410000000000002,-3.1999999999999957,1.8000000000000007,-0.09999999999999964,1.0
2025_26,0022500153,2025-11-02,NYK,CHI,128,116,244,12,0.4443,0.3544,0.7941,43.9,25.6,14.1,0.49610000000000004,0.3819,0.8206,47.9,29.9,15.6,-0.05180000000000007,-0.027500000000000024,-4.0,-4.299999999999997,1.5,1.0
2025_26,0022500155,2025-11-02,LAL,MIA,130,120,250,10,0.5072,0.3558,0.7422,41.4,24.8,17.3,0.492,0.3899,0.7887000000000001,47.6,29.0,13.3,0.015199999999999991,-0.03410000000000002,-6.200000000000003,-4.199999999999999,-4.0,1.0
2025_26,0022500152,2025-11-02,TOR,MEM,117,104,221,13,0.4859,0.3713,0.7249,41.5,30.0,14.6,0.46559999999999996,0.3513,0.8215999999999999,43.0,27.7,13.8,0.02030000000000004,0.020000000000000018,-1.5,2.3000000000000007,-0.7999999999999989,1.0
2025_26,0022500150,2025-11-02,CHA,UTA,126,103,229,23,0.45309999999999995,0.3564,0.75,45.2,25.9,16.7,0.44939999999999997,0.34700000000000003,0.8362999999999999,49.1,26.7,17.2,0.003699999999999981,0.009399999999999964,-3.8999999999999986,-0.8000000000000007,0.5,1.0
2025_26,0022500149,2025-11-02,BKN,PHI,105,129,234,-24,0.4527,0.3534,0.7876000000000001,40.4,25.3,16.7,0.45199999999999996,0.3658,0.7624,44.1,24.5,13.9,0.0007000000000000339,-0.012400000000000022,-3.700000000000003,0.8000000000000007,-2.799999999999999,1.0
2025_26,0022500148,2025-11-02,OKC,NOP,137,106,243,31,0.47309999999999997,0.3289,0.8276999999999999,48.3,25.0,11.2,0.4224,0.3234,0.7466,43.8,24.0,14.6,0.05069999999999997,0.005500000000000005,4.5,1.0,3.4000000000000004,1.0
2025_26,0022500151,2025-11-02,CLE,ATL,117,109,226,8,0.4537,0.3701,0.6906,45.3,25.3,15.8,0.4871,0.3607,0.7344,44.4,29.2,13.7,-0.033399999999999985,0.009399999999999964,0.8999999999999986,-3.8999999999999986,-2.1000000000000014,1.0
2025_26,0022500164,2025-11-03,LAC,MIA,119,120,239,-1,0.5151,0.3991,0.8404,43.0,26.5,15.0,0.501,0.3846,0.7706,46.6,29.5,13.8,0.014100000000000001,0.014500000000000013,-3.6000000000000014,-3.0,-1.1999999999999993,1.0
2025_26,0022500162,2025-11-03,DEN,SAC,130,124,254,6,0.516,0.3343,0.8386000000000001,46.3,29.7,14.4,0.48339999999999994,0.377,0.8093999999999999,40.1,25.2,12.3,0.03260000000000007,-0.042700000000000016,6.199999999999996,4.5,-2.0999999999999996,1.0
2025_26,0022500161,2025-11-03,MEM,DET,106,114,220,-8,0.4641,0.35,0.8220000000000001,41.9,27.8,13.7,0.46049999999999996,0.3491,0.7144,44.3,26.5,13.9,0.0036000000000000476,0.0008999999999999564,-2.3999999999999986,1.3000000000000007,0.20000000000000107,1.0
2025_26,0022500160,2025-11-03,HOU,DAL,110,102,212,8,0.4915,0.4312,0.732,45.7,26.0,16.0,0.4607,0.3049,0.7355,42.9,23.7,17.7,0.030799999999999994,0.12630000000000002,2.8000000000000043,2.3000000000000007,1.6999999999999993,1.0
2025_26,0022500163,2025-11-03,POR,LAL,115,123,238,-8,0.44089999999999996,0.3206,0.7727999999999999,44.5,26.3,17.1,0.5114,0.34340000000000004,0.7491,41.0,26.0,16.6,-0.07050000000000001,-0.022800000000000042,3.5,0.3000000000000007,-0.5,1.0
2025_26,0022500158,2025-11-03,BOS,UTA,103,105,208,-2,0.4349,0.3204,0.7793,44.9,23.3,12.0,0.45280000000000004,0.3381,0.8333999999999999,47.7,27.3,17.0,-0.017900000000000027,-0.017699999999999994,-2.8000000000000043,-4.0,5.0,1.0
2025_26,0022500157,2025-11-03,IND,MIL,115,117,232,-2,0.41159999999999997,0.3121,0.7464000000000001,49.6,23.7,13.4,0.5216999999999999,0.41390000000000005,0.725,41.1,27.7,13.7,-0.11009999999999998,-0.10180000000000006,8.5,-4.0,0.29999999999999893,1.0
2025_26,0022500156,2025-11-03,BKN,MIN,109,125,234,-16,0.4484,0.3432,0.7867,40.2,24.9,16.2,0.49560000000000004,0.3867,0.787,42.3,24.8,14.3,-0.04720000000000002,-0.04349999999999998,-2.0999999999999943,0.09999999999999787,-1.8999999999999986,1.0
2025_26,0022500159,2025-11-03,NYK,WAS,119,102,221,17,0.43550000000000005,0.35910000000000003,0.8108000000000001,44.5,25.9,13.7,0.4408,0.353,0.7135,46.4,25.1,16.1,-0.005299999999999971,0.00610000000000005,-1.8999999999999986,0.7999999999999972,2.400000000000002,1.0
2025_26,0022500165,2025-11-04,TOR,MIL,128,100,228,28,0.48650000000000004,0.3677,0.7413000000000001,41.7,30.2,14.3,0.5218,0.4232,0.7121000000000001,41.1,27.4,14.3,-0.0353,-0.055499999999999994,0.6000000000000014,2.8000000000000007,0.0,1.0
2025_26,0022500166,2025-11-04,ATL,ORL,127,112,239,15,0.49219999999999997,0.3527,0.724,44.9,29.5,14.2,0.4805,0.3467,0.7557,44.8,24.6,16.2,0.011699999999999988,0.006000000000000005,0.10000000000000142,4.899999999999999,2.0,1.0
2025_26,0022500167,2025-11-04,CHI,PHI,113,111,224,2,0.491,0.38,0.8230999999999999,48.4,30.1,15.7,0.45570000000000005,0.369,0.7847999999999999,45.1,25.3,14.3,0.03529999999999994,0.01100000000000001,3.299999999999997,4.800000000000001,-1.3999999999999986,1.0
2025_26,0022500168,2025-11-04,NOP,CHA,116,112,228,4,0.42089999999999994,0.327,0.7448,42.8,23.5,15.1,0.4563,0.3694,0.7847999999999999,46.0,26.8,16.7,-0.03540000000000004,-0.04239999999999999,-3.200000000000003,-3.3000000000000007,1.5999999999999996,1.0
2025_26,0022500169,2025-11-04,GSW,PHX,118,107,225,11,0.4631,0.377,0.8304,40.8,28.0,16.3,0.46959999999999996,0.377,0.7778,42.4,28.2,16.0,-0.00649999999999995,0.0,-1.6000000000000014,-0.1999999999999993,-0.3000000000000007,1.0
2025_26,0022500170,2025-11-04,LAC,OKC,107,126,233,-19,0.5088,0.4013,0.8341,42.9,25.9,16.4,0.4791,0.322,0.8462,48.1,25.7,11.8,0.029700000000000004,0.07929999999999998,-5.200000000000003,0.1999999999999993,-4.599999999999998,1.0
2025_26,0022500177,2025-11-05,DAL,NOP,99,101,200,-2,0.4601,0.30989999999999995,0.7351,43.0,24.8,17.4,0.42110000000000003,0.33530000000000004,0.7358,42.5,23.6,14.7,0.03899999999999998,-0.02540000000000009,0.5,1.1999999999999993,-2.6999999999999993,1.0
2025_26,0022500180,2025-11-05,POR,OKC,121,119,240,2,0.4431,0.3065,0.7683,43.9,26.1,17.4,0.4791,0.3294,0.8428000000000001,47.7,26.1,11.7,-0.03600000000000003,-0.02290000000000003,-3.8000000000000043,0.0,-5.699999999999999,1.0
2025_26,0022500179,2025-11-05,LAL,SAS,118,116,234,2,0.5235000000000001,0.3492,0.7604,40.5,26.7,17.1,0.4972,0.3734,0.7451,45.4,24.7,15.4,0.0263000000000001,-0.0242,-4.899999999999999,2.0,-1.700000000000001,1.0
2025_26,0022500181,2025-11-05,SAC,GSW,121,116,237,5,0.484,0.3696,0.8119,39.8,25.9,12.6,0.4706,0.3889,0.8333,40.2,28.4,16.7,0.013399999999999967,-0.01930000000000004,-0.4000000000000057,-2.5,4.1,1.0
2025_26,0022500176,2025-11-05,MEM,HOU,109,124,233,-15,0.4526,0.3341,0.8385999999999999,43.5,27.7,14.2,0.4887,0.414,0.7141,46.3,25.9,16.2,-0.03610000000000002,-0.07989999999999997,-2.799999999999997,1.8000000000000007,2.0,1.0
2025_26,0022500178,2025-11-05,DEN,MIA,122,112,234,10,0.5134000000000001,0.3272,0.8213000000000001,46.5,30.2,12.6,0.5046,0.3882,0.7723,45.6,30.2,14.1,0.00880000000000003,-0.061,0.8999999999999986,0.0,1.5,1.0
2025_26,0022500174,2025-11-05,BOS,WAS,136,107,243,29,0.4375,0.3245,0.7777999999999999,44.2,23.4,11.4,0.44589999999999996,0.3619,0.7086,45.8,26.3,16.7,-0.008399999999999963,-0.03739999999999999,-1.5999999999999943,-2.900000000000002,5.299999999999999,1.0
2025_26,0022500173,2025-11-05,IND,BKN,103,112,215,-9,0.417,0.3106,0.7443,49.2,24.0,13.7,0.4394,0.3307,0.7692,40.2,24.4,15.8,-0.02240000000000003,-0.020100000000000007,9.0,-0.3999999999999986,2.1000000000000014,1.0
2025_26,0022500172,2025-11-05,DET,UTA,114,103,217,11,0.4726,0.3552,0.7051000000000001,44.2,26.4,14.6,0.44630000000000003,0.3245,0.8276999999999999,50.0,26.7,17.9,0.02629999999999999,0.030700000000000005,-5.799999999999997,-0.3000000000000007,3.299999999999999,1.0
2025_26,0022500171,2025-11-05,CLE,PHI,132,121,253,11,0.4439,0.3552,0.7235,45.2,24.8,16.3,0.4551,0.3741,0.8000999999999999,44.6,25.5,14.6,-0.011199999999999988,-0.018899999999999972,0.6000000000000014,-0.6999999999999993,-1.700000000000001,1.0
2025_26,0022500175,2025-11-05,NYK,MIN,137,114,251,23,0.43479999999999996,0.3668,0.8282999999999999,44.2,26.3,13.8,0.5059,0.3942,0.7638,43.4,25.6,14.6,-0.07110000000000005,-0.02739999999999998,0.8000000000000043,0.6999999999999993,0.7999999999999989,1.0
2025_26,0022500182,2025-11-06,PHX,LAC,115,102,217,13,0.46529999999999994,0.37770000000000004,0.8032,43.2,27.6,16.2,0.49850000000000005,0.39649999999999996,0.8442999999999999,42.1,25.5,16.6,-0.03320000000000012,-0.018799999999999928,1.1000000000000014,2.1000000000000014,0.40000000000000213,1.0
2025_26,0022500038,2025-11-07,SAC,OKC,101,132,233,-31,0.4867,0.373,0.8143,40.5,26.1,13.4,0.4649,0.3236,0.8638999999999999,48.0,24.4,12.2,0.02180000000000004,0.0494,-7.5,1.7000000000000028,-1.200000000000001,1.0
2025_26,0022500037,2025-11-07,DEN,GSW,129,104,233,25,0.5022,0.3289,0.8439,47.9,30.2,13.0,0.47569999999999996,0.3966,0.8337999999999999,40.1,28.6,17.1,0.026500000000000024,-0.06769999999999998,7.799999999999997,1.5999999999999979,4.100000000000001,1.0
2025_26,0022500036,2025-11-07,MIN,UTA,137,97,234,40,0.4989,0.3962,0.7626999999999999,42.4,25.7,14.7,0.4337,0.3136,0.8321,48.8,26.4,17.0,0.06520000000000004,0.0826,-6.399999999999999,-0.6999999999999993,2.3000000000000007,1.0
2025_26,0022500034,2025-11-07,MEM,DAL,118,104,222,14,0.4457,0.3348,0.8502000000000001,44.1,27.6,14.4,0.45810000000000006,0.3153,0.7338,43.3,24.8,17.3,-0.012400000000000078,0.019499999999999962,0.8000000000000043,2.8000000000000007,2.9000000000000004,1.0
2025_26,0022500033,2025-11-07,MIA,CHA,126,108,234,18,0.501,0.3859,0.7956,45.5,30.0,14.3,0.45999999999999996,0.3722,0.7785,46.8,26.5,16.8,0.041000000000000036,0.013700000000000045,-1.2999999999999972,3.5,2.5,1.0
2025_26,0022500035,2025-11-07,MIL,CHI,126,110,236,16,0.5104,0.41209999999999997,0.7168,40.9,27.3,14.6,0.49050000000000005,0.38330000000000003,0.8189,48.7,30.1,15.5,0.019899999999999918,0.028799999999999937,-7.800000000000004,-2.8000000000000007,0.9000000000000004,1.0
2025_26,0022500031,2025-11-07,BKN,DET,107,125,232,-18,0.4413,0.3234,0.7753,40.6,23.9,15.3,0.4749,0.3586,0.6928,45.7,25.8,15.0,-0.03359999999999996,-0.035199999999999954,-5.100000000000001,-1.9000000000000021,-0.3000000000000007,1.0
2025_26,0022500030,2025-11-07,ATL,TOR,97,109,206,-12,0.4907,0.3543,0.7383,43.2,28.2,14.7,0.4878,0.3759,0.7456,41.2,29.8,14.4,0.0029000000000000137,-0.021600000000000008,2.0,-1.6000000000000014,-0.29999999999999893,1.0
2025_26,0022500029,2025-11-07,WAS,CLE,115,148,263,-33,0.4556,0.3649,0.6994,45.1,26.6,16.9,0.45330000000000004,0.35019999999999996,0.7484,43.6,25.7,16.7,0.0022999999999999687,0.014700000000000046,1.5,0.9000000000000021,-0.1999999999999993,1.0
2025_26,0022500028,2025-11-07,ORL,BOS,123,110,233,13,0.48319999999999996,0.3435,0.7686,44.0,24.9,17.1,0.4406,0.3184,0.779,43.0,23.0,11.1,0.04259999999999997,0.02510000000000001,1.0,1.8999999999999986,-6.000000000000002,1.0
2025_26,0022500032,2025-11-07,SAS,HOU,121,110,231,11,0.4929,0.37229999999999996,0.7601,45.7,24.0,15.6,0.4878,0.42400000000000004,0.7599,46.8,26.2,15.9,0.005099999999999993,-0.05170000000000008,-1.0999999999999943,-2.1999999999999993,0.3000000000000007,1.0
2025_26,0022500183,2025-11-08,WAS,DAL,105,111,216,-6,0.4622,0.3771,0.7027,45.4,27.2,17.1,0.4569,0.3063,0.7267,43.9,24.3,17.1,0.005300000000000027,0.07079999999999997,1.5,2.8999999999999986,0.0,1.0
2025_26,0022500184,2025-11-08,PHI,TOR,130,120,250,10,0.46109999999999995,0.3808,0.7964,43.4,26.1,14.8,0.4885,0.3793,0.7765000000000001,41.7,29.9,14.6,-0.027400000000000035,0.0015000000000000013,1.6999999999999957,-3.799999999999997,-0.20000000000000107,1.0
2025_26,0022500185,2025-11-08,ATL,LAL,122,102,224,20,0.4772,0.3399,0.759,43.3,27.8,15.1,0.5072,0.3301,0.7777000000000001,40.1,26.2,17.2,-0.02999999999999997,0.009799999999999975,3.1999999999999957,1.6000000000000014,2.0999999999999996,1.0
2025_26,0022500186,2025-11-08,CLE,CHI,128,122,250,6,0.45120000000000005,0.3591,0.7558,44.4,26.8,16.2,0.48769999999999997,0.3758,0.7939,48.6,30.2,15.3,-0.03649999999999992,-0.016700000000000048,-4.200000000000003,-3.3999999999999986,-0.8999999999999986,1.0
2025_26,0022500187,2025-11-08,MIA,POR,136,131,267,5,0.49670000000000003,0.38439999999999996,0.8039999999999999,43.2,29.5,14.2,0.4378,0.3263,0.7942,44.5,25.8,17.5,0.05890000000000001,0.058099999999999985,-1.2999999999999972,3.6999999999999993,3.3000000000000007,1.0
2025_26,0022500188,2025-11-08,SAS,NOP,126,119,245,7,0.4908,0.37320000000000003,0.7664,45.4,24.7,16.2,0.4213,0.3357,0.7434000000000001,42.8,22.6,14.7,0.0695,0.03750000000000003,2.6000000000000014,2.099999999999998,-1.5,1.0
2025_26,0022500189,2025-11-08,DEN,IND,117,100,217,17,0.5083,0.3392,0.8473,47.5,30.6,13.2,0.4122,0.3126,0.7358,50.2,24.1,14.5,0.09609999999999996,0.026600000000000013,-2.700000000000003,6.5,1.3000000000000007,1.0
2025_26,0022500190,2025-11-08,LAC,PHX,103,114,217,-11,0.48950000000000005,0.3774,0.8176,41.9,24.6,16.9,0.4636,0.3761,0.7859999999999999,42.4,27.6,16.7,0.025900000000000034,0.0013000000000000234,-0.5,-3.0,-0.1999999999999993,1.0
2025_26,0022500197,2025-11-09,SAC,MIN,117,144,261,-27,0.4845,0.3782,0.7868999999999999,40.0,26.5,14.0,0.5012,0.4079,0.7609,42.8,26.2,15.6,-0.016699999999999993,-0.029700000000000004,-2.799999999999997,0.3000000000000007,1.5999999999999996,1.0
2025_26,0022500196,2025-11-09,GSW,IND,114,83,197,31,0.46340000000000003,0.3804,0.8355,42.2,28.3,16.7,0.40279999999999994,0.2934,0.7466,50.1,23.7,13.6,0.0606000000000001,0.08700000000000002,-7.899999999999999,4.600000000000001,-3.0999999999999996,1.0
2025_26,0022500194,2025-11-09,MEM,OKC,100,114,214,-14,0.4439,0.3344,0.8455999999999999,43.0,27.2,14.7,0.4769,0.3416,0.8625,47.8,25.5,12.3,-0.032999999999999974,-0.00720000000000004,-4.799999999999997,1.6999999999999993,-2.3999999999999986,1.0
2025_26,0022500195,2025-11-09,PHI,DET,108,111,219,-3,0.4678,0.3751,0.795,44.3,26.3,14.7,0.47519999999999996,0.3453,0.6906,46.8,27.0,14.8,-0.007399999999999962,0.029799999999999993,-2.5,-0.6999999999999993,0.10000000000000142,1.0
2025_26,0022500192,2025-11-09,NYK,BKN,134,98,232,36,0.442,0.37960000000000005,0.8385999999999999,45.8,26.3,13.5,0.4471,0.3311,0.7834,39.5,24.1,16.3,-0.005099999999999993,0.04850000000000004,6.299999999999997,2.1999999999999993,2.8000000000000007,1.0
2025_26,0022500193,2025-11-09,ORL,BOS,107,111,218,-4,0.4756,0.35009999999999997,0.7603,44.9,24.5,16.6,0.44699999999999995,0.3224,0.7786,42.5,23.4,11.2,0.02860000000000007,0.027699999999999947,2.3999999999999986,1.1000000000000014,-5.400000000000002,1.0
2025_26,0022500191,2025-11-09,MIL,HOU,115,122,237,-7,0.5113,0.4095,0.7131000000000001,41.8,27.0,15.0,0.4826,0.42210000000000003,0.7804,47.3,26.3,16.9,0.028700000000000003,-0.012600000000000056,-5.5,0.6999999999999993,1.8999999999999986,1.0
2025_26,0022500206,2025-11-10,LAC,ATL,102,105,207,-3,0.49139999999999995,0.3744,0.8009000000000001,40.9,25.3,16.8,0.47539999999999993,0.3384,0.7899,42.6,28.3,14.6,0.016000000000000014,0.03600000000000003,-1.7000000000000028,-3.0,-2.200000000000001,1.0
2025_26,0022500198,2025-11-10,CHA,LAL,111,121,232,-10,0.45940000000000003,0.36029999999999995,0.7974,47.7,26.2,16.9,0.5141,0.33799999999999997,0.7863,40.6,26.4,17.1,-0.05469999999999997,0.022299999999999986,7.100000000000001,-0.1999999999999993,0.20000000000000284,1.0
2025_26,0022500199,2025-11-10,DET,WAS,137,135,272,2,0.47329999999999994,0.3424,0.712,46.3,26.3,15.3,0.4527,0.3653,0.725,45.5,25.6,17.8,0.02059999999999995,-0.02290000000000003,0.7999999999999972,0.6999999999999993,2.5,1.0
2025_26,0022500200,2025-11-10,ORL,POR,115,112,227,3,0.475,0.33130000000000004,0.7874,44.8,24.1,16.8,0.4452,0.3338,0.8041,45.0,26.6,17.3,0.029799999999999993,-0.0024999999999999467,-0.20000000000000284,-2.5,0.5,1.0
2025_26,0022500201,2025-11-10,MIA,CLE,140,138,278,2,0.49770000000000003,0.38170000000000004,0.7985,43.3,30.4,14.9,0.46180000000000004,0.3661,0.7744,41.8,27.9,14.9,0.03589999999999999,0.015600000000000058,1.5,2.5,0.0,1.0
2025_26,0022500202,2025-11-10,CHI,SAS,117,121,238,-4,0.4867,0.3889,0.7947,48.1,29.7,15.4,0.5008,0.37,0.7853,45.7,25.0,15.9,-0.014100000000000001,0.018900000000000028,2.3999999999999986,4.699999999999999,0.5,1.0
2025_26,0022500203,2025-11-10,DAL,MIL,114,116,230,-2,0.44699999999999995,0.2872,0.732,43.4,23.5,16.4,0.5089,0.40199999999999997,0.6940999999999999,40.7,26.5,14.2,-0.061900000000000066,-0.11479999999999996,2.6999999999999957,-3.0,-2.1999999999999993,1.0
2025_26,0022500204,2025-11-10,PHX,NOP,121,98,219,23,0.46419999999999995,0.3841,0.8217000000000001,42.9,27.8,16.8,0.42919999999999997,0.33740000000000003,0.7558,42.6,22.6,14.4,0.034999999999999976,0.046699999999999964,0.29999999999999716,5.199999999999999,-2.4000000000000004,1.0
2025_26,0022500205,2025-11-10,UTA,MIN,113,120,233,-7,0.433,0.3097,0.8240999999999999,47.1,26.9,17.2,0.5079,0.4168,0.7838,41.8,26.7,15.4,-0.07490000000000002,-0.10710000000000003,5.300000000000004,0.1999999999999993,-1.799999999999999,1.0
2025_26,0022500212,2025-11-11,SAC,DEN,108,122,230,-14,0.4766,0.38180000000000003,0.7643,40.0,25.9,14.5,0.5083,0.348,0.8525,47.8,30.6,13.7,-0.03169999999999995,0.03380000000000005,-7.799999999999997,-4.700000000000003,-0.8000000000000007,1.0
2025_26,0022500211,2025-11-11,UTA,IND,152,128,280,24,0.4281,0.3043,0.8256,48.1,27.5,17.3,0.39649999999999996,0.29779999999999995,0.7283999999999999,49.3,23.1,14.5,0.03160000000000002,0.006500000000000061,-1.1999999999999957,4.399999999999999,-2.8000000000000007,1.0
2025_26,0022500210,2025-11-11,OKC,GSW,126,102,228,24,0.47590000000000005,0.3399,0.8671,49.1,24.5,11.7,0.4579,0.3652,0.8160999999999999,43.2,27.6,15.8,0.01800000000000007,-0.025300000000000045,5.899999999999999,-3.1000000000000014,4.100000000000001,1.0
2025_26,0022500207,2025-11-11,BKN,TOR,109,119,228,-10,0.4359,0.32789999999999997,0.7904,39.1,24.1,16.3,0.4867,0.3855,0.7801,41.3,29.6,14.4,-0.05080000000000001,-0.05760000000000004,-2.1999999999999957,-5.5,-1.9000000000000004,1.0
2025_26,0022500208,2025-11-11,NYK,MEM,133,120,253,13,0.45499999999999996,0.3865,0.8493999999999999,46.9,27.2,13.8,0.4311,0.3433,0.8364,44.1,28.2,14.4,0.023899999999999977,0.043200000000000016,2.799999999999997,-1.0,0.5999999999999996,1.0
2025_26,0022500209,2025-11-11,PHI,BOS,102,100,202,2,0.47240000000000004,0.3842,0.795,43.9,26.5,15.2,0.449,0.3362,0.7621,42.4,24.0,11.5,0.023400000000000032,0.04799999999999999,1.5,2.5,-3.6999999999999993,1.0
2025_26,0022500220,2025-11-12,SAS,GSW,120,125,245,-5,0.5008,0.3659,0.783,45.4,25.8,16.2,0.45199999999999996,0.364,0.8193999999999999,42.1,26.6,17.0,0.048800000000000066,0.0019000000000000128,3.299999999999997,-0.8000000000000007,0.8000000000000007,1.0
2025_26,0022500223,2025-11-12,SAC,ATL,100,133,233,-33,0.4748,0.3746,0.7774,39.8,26.6,14.2,0.4784,0.348,0.7834,43.3,28.8,14.2,-0.003599999999999992,0.026600000000000013,-3.5,-2.1999999999999993,0.0,1.0
2025_26,0022500222,2025-11-12,OKC,LAL,121,92,213,29,0.4812,0.3557,0.8628,47.1,25.7,12.3,0.5096,0.3489,0.8106,40.3,26.6,16.2,-0.028400000000000036,0.006800000000000028,6.800000000000004,-0.9000000000000021,3.8999999999999986,1.0
2025_26,0022500221,2025-11-12,DAL,PHX,114,123,237,-9,0.44489999999999996,0.2924,0.7349,44.8,24.0,16.1,0.4668,0.3989,0.8276999999999999,42.1,28.4,17.0,-0.02190000000000003,-0.10649999999999998,2.6999999999999957,-4.399999999999999,0.8999999999999986,1.0
2025_26,0022500224,2025-11-12,LAC,DEN,116,130,246,-14,0.4795,0.3593,0.7950999999999999,40.9,24.4,16.4,0.5084000000000001,0.3529,0.8464,47.9,30.2,14.1,-0.028900000000000092,0.006400000000000017,-7.0,-5.800000000000001,-2.299999999999999,1.0
2025_26,0022500219,2025-11-12,NOP,POR,117,125,242,-8,0.43170000000000003,0.3503,0.756,41.9,22.2,15.1,0.44580000000000003,0.3342,0.8295999999999999,43.2,26.1,16.7,-0.014100000000000001,0.016100000000000003,-1.3000000000000043,-3.900000000000002,1.5999999999999996,1.0
2025_26,0022500217,2025-11-12,MIA,CLE,116,130,246,-14,0.4962,0.3807,0.8085000000000001,44.2,31.0,14.4,0.4561,0.3571,0.7781,44.6,28.4,14.4,0.04009999999999997,0.02360000000000001,-0.3999999999999986,2.6000000000000014,0.0,1.0
2025_26,0022500216,2025-11-12,BOS,MEM,131,95,226,36,0.44539999999999996,0.3363,0.7743,44.0,24.4,11.0,0.4423,0.3512,0.8304,44.4,28.9,14.6,0.003099999999999936,-0.014900000000000024,-0.3999999999999986,-4.5,3.5999999999999996,1.0
2025_26,0022500215,2025-11-12,NYK,ORL,107,124,231,-17,0.45999999999999996,0.38839999999999997,0.8459,47.3,28.0,14.1,0.47309999999999997,0.318,0.7898,45.2,24.4,16.6,-0.0131,0.07039999999999996,2.0999999999999943,3.6000000000000014,2.5000000000000018,1.0
2025_26,0022500214,2025-11-12,DET,CHI,124,113,237,11,0.4668,0.3368,0.7266,48.4,25.5,15.6,0.4852,0.39849999999999997,0.8023,46.7,29.7,15.4,-0.018400000000000027,-0.06169999999999998,1.6999999999999957,-4.199999999999999,-0.1999999999999993,1.0
2025_26,0022500213,2025-11-12,CHA,MIL,111,100,211,11,0.4739,0.3793,0.8272,46.3,26.7,17.5,0.503,0.4,0.6952,40.5,25.8,14.7,-0.029100000000000015,-0.020699999999999996,5.799999999999997,0.8999999999999986,-2.8000000000000007,1.0
2025_26,0022500218,2025-11-12,HOU,WAS,135,112,247,23,0.49030000000000007,0.4253,0.7816,48.6,26.5,16.8,0.4584,0.36429999999999996,0.744,44.5,25.9,18.5,0.031900000000000095,0.061000000000000054,4.100000000000001,0.6000000000000014,1.6999999999999993,1.0
2025_26,0022500225,2025-11-13,CLE,TOR,113,126,239,-13,0.4457,0.344,0.7906,45.9,28.4,14.0,0.47939999999999994,0.3872,0.7773000000000001,40.9,29.1,13.4,-0.03369999999999995,-0.043200000000000016,5.0,-0.7000000000000028,-0.5999999999999996,1.0
2025_26,0022500226,2025-11-13,PHX,IND,133,98,231,35,0.472,0.40490000000000004,0.8285,43.0,29.2,16.4,0.3992,0.2946,0.7431,47.3,23.9,13.9,0.07279999999999998,0.11030000000000006,-4.299999999999997,5.300000000000001,-2.4999999999999982,1.0
2025_26,0022500227,2025-11-13,UTA,ATL,122,132,254,-10,0.4283,0.3109,0.8342,48.0,27.5,17.5,0.4878,0.3629,0.7902,43.8,30.4,14.7,-0.0595,-0.05199999999999999,4.200000000000003,-2.8999999999999986,-2.8000000000000007,1.0
2025_26,0022500047,2025-11-14,SAS,GSW,108,109,217,-1,0.49219999999999997,0.3618,0.8098000000000001,45.3,26.4,16.7,0.4506,0.3587,0.8237,42.0,27.2,16.1,0.04159999999999997,0.0030999999999999917,3.299999999999997,-0.8000000000000007,-0.5999999999999979,1.0
2025_26,0022500046,2025-11-14,DAL,LAC,127,133,260,-6,0.45759999999999995,0.2857,0.7188,45.6,25.2,16.6,0.484,0.3714,0.8135999999999999,40.7,24.4,16.4,-0.026400000000000035,-0.0857,4.899999999999999,0.8000000000000007,-0.20000000000000284,1.0
2025_26,0022500045,2025-11-14,NOP,LAL,104,118,222,-14,0.43309999999999993,0.3466,0.7706999999999999,40.7,23.0,14.6,0.4907,0.33890000000000003,0.7972,40.7,25.9,17.0,-0.057600000000000096,0.007699999999999985,0.0,-2.8999999999999986,2.4000000000000004,1.0
2025_26,0022500044,2025-11-14,MIN,SAC,124,110,234,14,0.5063,0.3971,0.7975,41.5,27.1,14.6,0.4657,0.36669999999999997,0.7819,40.0,26.5,14.9,0.04059999999999997,0.030400000000000038,1.5,0.6000000000000014,0.3000000000000007,1.0
2025_26,0022500042,2025-11-14,HOU,POR,140,116,256,24,0.4984,0.4386,0.7868999999999999,49.4,26.5,17.0,0.4636,0.3383,0.8408,43.2,26.2,16.4,0.0348,0.1003,6.199999999999996,0.3000000000000007,-0.6000000000000014,1.0
2025_26,0022500041,2025-11-14,DET,PHI,114,105,219,9,0.47809999999999997,0.3509,0.7262,48.2,25.6,16.5,0.4694,0.3841,0.8025,44.3,26.6,14.7,0.008699999999999986,-0.03320000000000001,3.9000000000000057,-1.0,-1.8000000000000007,1.0
2025_26,0022500040,2025-11-14,ORL,BKN,105,98,203,7,0.47450000000000003,0.3254,0.8097,45.6,25.2,15.9,0.4311,0.327,0.8138,38.9,24.0,15.9,0.04340000000000005,-0.0015999999999999903,6.700000000000003,1.1999999999999993,0.0,1.0
2025_26,0022500039,2025-11-14,NYK,MIA,140,132,272,8,0.46130000000000004,0.384,0.8381000000000001,46.2,27.8,14.1,0.4902,0.37370000000000003,0.8158,42.9,30.5,14.5,-0.02889999999999998,0.010299999999999976,3.3000000000000043,-2.6999999999999993,0.40000000000000036,1.0
2025_26,0022500043,2025-11-14,MIL,CHA,147,134,281,13,0.4963,0.40499999999999997,0.7007,38.8,26.2,13.7,0.4648,0.3621,0.8427,46.3,26.1,17.4,0.03150000000000003,0.042899999999999994,-7.5,0.09999999999999787,3.6999999999999993,1.0
2025_26,0022500228,2025-11-15,CLE,MEM,108,100,208,8,0.446,0.3384,0.7914,45.2,28.7,13.5,0.4306,0.33599999999999997,0.8331,43.6,28.3,15.0,0.015400000000000025,0.0024000000000000132,1.6000000000000014,0.3999999999999986,1.5,1.0
2025_26,0022500229,2025-11-15,CHA,OKC,96,109,205,-13,0.46449999999999997,0.3618,0.8541000000000001,45.7,26.2,17.0,0.48500000000000004,0.3487,0.8646,46.3,26.4,12.1,-0.020500000000000074,0.0131,-0.5999999999999943,-0.1999999999999993,-4.9,1.0
2025_26,0022500230,2025-11-15,IND,TOR,111,129,240,-18,0.3952,0.28759999999999997,0.7623,47.0,23.4,13.8,0.4857,0.3852,0.8058,41.1,30.3,13.2,-0.09050000000000002,-0.09760000000000002,5.899999999999999,-6.900000000000002,-0.6000000000000014,1.0
2025_26,0022500231,2025-11-15,MIL,LAL,95,119,214,-24,0.5104,0.4244,0.7066,39.0,27.4,14.1,0.4943000000000001,0.3363,0.785,40.5,26.1,17.1,0.016099999999999892,0.08810000000000001,-1.5,1.2999999999999972,3.0000000000000018,1.0
2025_26,0022500232,2025-11-15,MIN,DEN,112,123,235,-11,0.5085,0.3953,0.7961,42.6,27.5,15.2,0.5071,0.3511,0.8364,47.8,29.2,14.0,0.0013999999999999568,0.04419999999999996,-5.199999999999996,-1.6999999999999993,-1.1999999999999993,1.0
2025_26,0022500240,2025-11-16,UTA,CHI,150,147,297,3,0.433,0.3224,0.8079000000000001,47.9,28.9,17.9,0.48810000000000003,0.3982,0.7889,46.1,28.9,15.7,-0.05510000000000004,-0.07579999999999998,1.7999999999999972,0.0,-2.1999999999999993,1.0
2025_26,0022500239,2025-11-16,PHX,ATL,122,124,246,-2,0.4864,0.40800000000000003,0.8282,43.5,28.7,15.5,0.49770000000000003,0.373,0.7962,43.5,31.5,14.8,-0.011300000000000032,0.03500000000000003,0.0,-2.8000000000000007,-0.6999999999999993,1.0
2025_26,0022500237,2025-11-16,NOP,GSW,106,124,230,-18,0.43360000000000004,0.3506,0.7726,40.4,23.0,15.1,0.43979999999999997,0.3523,0.8326,42.0,25.4,16.0,-0.006199999999999928,-0.0016999999999999793,-1.6000000000000014,-2.3999999999999986,0.9000000000000004,1.0
2025_26,0022500238,2025-11-16,DAL,POR,138,133,271,5,0.4588,0.2841,0.7173,45.8,24.7,17.0,0.457,0.32730000000000004,0.8192,43.8,25.0,16.5,0.0017999999999999683,-0.043200000000000016,2.0,-0.3000000000000007,-0.5,1.0
2025_26,0022500235,2025-11-16,WAS,BKN,106,129,235,-23,0.4585,0.3621,0.7434000000000001,43.4,25.7,18.0,0.42279999999999995,0.3104,0.7888,38.5,23.3,14.6,0.035700000000000065,0.05169999999999997,4.899999999999999,2.3999999999999986,-3.4000000000000004,1.0
2025_26,0022500234,2025-11-16,SAS,SAC,123,110,233,13,0.49219999999999997,0.3684,0.8286,44.1,26.7,16.9,0.4652,0.3612,0.7745,40.4,27.0,14.8,0.02699999999999997,0.007199999999999984,3.700000000000003,-0.3000000000000007,-2.099999999999998,1.0
2025_26,0022500233,2025-11-16,BOS,LAC,121,118,239,3,0.45330000000000004,0.3442,0.7826,46.0,26.1,10.9,0.47220000000000006,0.3472,0.8084,40.7,23.4,16.8,-0.018900000000000028,-0.0030000000000000027,5.299999999999997,2.700000000000003,5.9,1.0
2025_26,0022500236,2025-11-16,HOU,ORL,117,113,230,4,0.5041,0.44820000000000004,0.7847999999999999,49.1,26.8,15.1,0.4816,0.35140000000000005,0.8135999999999999,44.9,26.1,15.8,0.02250000000000002,0.0968,4.200000000000003,0.6999999999999993,0.7000000000000011,1.0
2025_26,0022500241,2025-11-17,CLE,MIL,118,106,224,12,0.44589999999999996,0.3395,0.7798,45.3,28.6,13.6,0.496,0.42169999999999996,0.6858,39.1,26.7,14.5,-0.05010000000000003,-0.08219999999999994,6.199999999999996,1.9000000000000021,0.9000000000000004,1.0
2025_26,0022500242,2025-11-17,DET,IND,127,112,239,15,0.476,0.35140000000000005,0.7443,48.0,26.2,16.1,0.3948,0.2875,0.7771,46.1,23.2,13.7,0.0812,0.06390000000000007,1.8999999999999986,3.0,-2.400000000000002,1.0
2025_26,0022500243,2025-11-17,PHI,LAC,110,108,218,2,0.46559999999999996,0.3738,0.8111,44.9,25.6,14.7,0.4641,0.3485,0.8084,40.5,23.1,15.8,0.0014999999999999458,0.025300000000000045,4.399999999999999,2.5,1.1000000000000014,1.0
2025_26,0022500244,2025-11-17,MIA,NYK,115,113,228,2,0.4907,0.38180000000000003,0.8054,42.5,31.0,14.0,0.46909999999999996,0.38580000000000003,0.8294,46.0,28.7,12.9,0.021600000000000064,-0.0040000000000000036,-3.5,2.3000000000000007,-1.0999999999999996,1.0
2025_26,0022500245,2025-11-17,TOR,CHA,110,108,218,2,0.49190000000000006,0.3691,0.7927000000000001,41.4,29.9,13.0,0.4519,0.3604,0.8564999999999999,44.7,25.5,17.3,0.040000000000000036,0.008699999999999986,-3.3000000000000043,4.399999999999999,4.300000000000001,1.0
2025_26,0022500246,2025-11-17,MIN,DAL,120,96,216,24,0.5086999999999999,0.3944,0.8128,41.8,27.9,15.1,0.4505,0.2897,0.7104,45.6,24.8,16.5,0.05819999999999992,0.10469999999999996,-3.8000000000000043,3.099999999999998,1.4000000000000004,1.0
2025_26,0022500247,2025-11-17,NOP,OKC,109,126,235,-17,0.44610000000000005,0.3532,0.7592,41.4,23.5,15.8,0.4889,0.3765,0.86,45.8,26.9,12.2,-0.04279999999999995,-0.023299999999999987,-4.399999999999999,-3.3999999999999986,-3.6000000000000014,1.0
2025_26,0022500248,2025-11-17,DEN,CHI,127,130,257,-3,0.5029,0.3704,0.8275,48.2,29.0,13.7,0.48650000000000004,0.3992,0.8068,47.5,30.1,15.4,0.01639999999999997,-0.028799999999999992,0.7000000000000028,-1.1000000000000014,1.700000000000001,1.0
2025_26,0022500254,2025-11-18,POR,PHX,110,127,237,-17,0.4607,0.3303,0.8211999999999999,44.9,25.2,16.1,0.49239999999999995,0.40490000000000004,0.8455,43.4,27.3,15.8,-0.03169999999999995,-0.07460000000000006,1.5,-2.1000000000000014,-0.3000000000000007,1.0
2025_26,0022500253,2025-11-18,LAL,UTA,140,126,266,14,0.49720000000000003,0.3498,0.7951,41.0,26.1,16.3,0.4364,0.3264,0.7964,46.8,29.1,16.9,0.06080000000000002,0.023399999999999976,-5.799999999999997,-3.0,0.5999999999999979,1.0
2025_26,0022500252,2025-11-18,SAS,MEM,111,101,212,10,0.4962,0.3608,0.8341,44.2,28.5,16.9,0.42110000000000003,0.33330000000000004,0.8127000000000001,44.3,27.2,15.2,0.07509999999999994,0.02749999999999997,-0.09999999999999432,1.3000000000000007,-1.6999999999999993,1.0
2025_26,0022500251,2025-11-18,ATL,DET,112,120,232,-8,0.5006,0.37120000000000003,0.8095000000000001,43.3,31.8,15.9,0.48860000000000003,0.3506,0.7287,46.8,26.9,16.2,0.01200000000000001,0.020600000000000007,-3.5,4.900000000000002,0.29999999999999893,1.0
2025_26,0022500249,2025-11-18,ORL,GSW,121,113,234,8,0.4685,0.3518,0.8187,44.4,25.5,15.3,0.44020000000000004,0.3574,0.8400000000000001,42.5,26.4,16.8,0.028299999999999992,-0.005599999999999994,1.8999999999999986,-0.8999999999999986,1.5,1.0
2025_26,0022500250,2025-11-18,BKN,BOS,99,113,212,-14,0.43689999999999996,0.31989999999999996,0.773,39.5,24.3,14.9,0.44960000000000006,0.3512,0.7790999999999999,45.5,26.2,10.3,-0.0127000000000001,-0.03130000000000005,-6.0,-1.8999999999999986,-4.6,1.0
2025_26,0022500255,2025-11-19,CLE,HOU,104,114,218,-10,0.4614,0.3497,0.7762,45.6,28.6,14.0,0.5075000000000001,0.4427,0.7939,50.6,27.2,15.2,-0.046100000000000085,-0.09299999999999997,-5.0,1.4000000000000021,1.1999999999999993,1.0
2025_26,0022500256,2025-11-19,IND,CHA,127,118,245,9,0.4016,0.28759999999999997,0.7861,45.2,23.1,14.4,0.45,0.3454,0.8539,45.4,24.8,17.1,-0.0484,-0.05780000000000002,-0.19999999999999574,-1.6999999999999993,2.700000000000001,1.0
2025_26,0022500257,2025-11-19,MIA,GSW,110,96,206,14,0.48109999999999997,0.3774,0.7990999999999999,42.8,30.5,14.3,0.4478,0.3593,0.8224,41.7,26.7,16.4,0.033299999999999996,0.018100000000000005,1.0999999999999943,3.8000000000000007,2.099999999999998,1.0
2025_26,0022500258,2025-11-19,PHI,TOR,112,121,233,-9,0.4625,0.3647,0.7998,45.6,25.7,14.9,0.49510000000000004,0.37160000000000004,0.7938000000000001,43.7,29.5,13.2,-0.03260000000000002,-0.006900000000000017,1.8999999999999986,-3.8000000000000007,-1.700000000000001,1.0
2025_26,0022500259,2025-11-19,MIN,WAS,120,109,229,11,0.507,0.3949,0.8019999999999999,44.4,28.7,15.3,0.4574,0.368,0.7503,42.7,25.3,17.7,0.04960000000000003,0.02689999999999998,1.6999999999999957,3.3999999999999986,2.3999999999999986,1.0
2025_26,0022500260,2025-11-19,NOP,DEN,118,125,243,-7,0.45729999999999993,0.3755,0.7873,41.3,23.9,16.6,0.49800000000000005,0.3593,0.8234999999999999,48.9,28.7,13.1,-0.040700000000000125,0.016199999999999992,-7.600000000000001,-4.800000000000001,-3.5000000000000018,1.0
2025_26,0022500261,2025-11-19,OKC,SAC,113,99,212,14,0.49260000000000004,0.3852,0.8521000000000001,45.2,27.3,12.5,0.4699,0.3631,0.7567,39.5,27.4,14.3,0.022700000000000053,0.02210000000000001,5.700000000000003,-0.09999999999999787,1.8000000000000007,1.0
2025_26,0022500262,2025-11-19,DAL,NYK,111,113,224,-2,0.4526,0.28890000000000005,0.6990000000000001,46.3,24.1,17.6,0.476,0.383,0.8282,45.6,28.7,13.0,-0.023399999999999976,-0.09409999999999996,0.6999999999999957,-4.599999999999998,-4.600000000000001,1.0
2025_26,0022500263,2025-11-19,POR,CHI,121,122,243,-1,0.4584,0.3221,0.8079000000000001,44.3,25.2,16.2,0.4814,0.3978,0.8095000000000001,47.7,29.9,14.5,-0.02300000000000002,-0.07569999999999999,-3.4000000000000057,-4.699999999999999,-1.6999999999999993,1.0
2025_26,0022500267,2025-11-20,SAS,ATL,135,126,261,9,0.48630000000000007,0.3508,0.8353999999999999,43.6,27.9,15.7,0.5016,0.3659,0.8234999999999999,42.4,31.6,17.0,-0.01529999999999998,-0.015100000000000002,1.2000000000000028,-3.700000000000003,1.3000000000000007,1.0
2025_26,0022500266,2025-11-20,MIL,PHI,114,123,237,-9,0.49000000000000005,0.4276,0.6899,39.1,26.8,14.4,0.4646,0.36419999999999997,0.8022,44.2,25.5,15.6,0.025400000000000034,0.06340000000000001,-5.100000000000001,1.3000000000000007,1.1999999999999993,1.0
2025_26,0022500264,2025-11-20,ORL,LAC,129,101,230,28,0.47329999999999994,0.3381,0.8417999999999999,44.4,26.1,15.0,0.46769999999999995,0.3611,0.8234,40.3,23.9,15.2,0.005599999999999994,-0.022999999999999965,4.100000000000001,2.200000000000003,0.1999999999999993,1.0
2025_26,0022500265,2025-11-20,MEM,SAC,137,96,233,41,0.4142,0.3246,0.7837,46.1,27.1,14.9,0.4617,0.36669999999999997,0.745,40.9,26.7,15.1,-0.04749999999999999,-0.04209999999999997,5.200000000000003,0.40000000000000213,0.1999999999999993,1.0
2025_26,0022500056,2025-11-21,GSW,POR,123,127,250,-4,0.44029999999999997,0.3585,0.8109999999999999,43.5,26.6,17.1,0.4516,0.3125,0.7883,46.8,24.5,16.0,-0.011300000000000032,0.045999999999999985,-3.299999999999997,2.1000000000000014,-1.1000000000000014,1.0
2025_26,0022500048,2025-11-21,CLE,IND,120,109,229,11,0.46580000000000005,0.35009999999999997,0.7735,45.3,28.2,13.8,0.4203,0.302,0.7929,44.6,24.0,14.8,0.04550000000000004,0.048099999999999976,0.6999999999999957,4.199999999999999,1.0,1.0
2025_26,0022500049,2025-11-21,BOS,BKN,105,113,218,-8,0.4547,0.35960000000000003,0.7727,45.1,25.8,11.3,0.42940000000000006,0.31920000000000004,0.7767000000000001,39.7,24.6,14.9,0.025299999999999934,0.04039999999999999,5.399999999999999,1.1999999999999993,3.5999999999999996,1.0
2025_26,0022500050,2025-11-21,TOR,WAS,140,110,250,30,0.4981,0.357,0.8034000000000001,44.6,29.9,13.7,0.4586,0.37229999999999996,0.7539,42.0,24.5,17.8,0.03949999999999998,-0.01529999999999998,2.6000000000000014,5.399999999999999,4.100000000000001,1.0
2025_26,0022500051,2025-11-21,CHI,MIA,107,143,250,-36,0.4755,0.3969,0.796,46.9,30.1,14.5,0.4784,0.375,0.7995,43.9,30.6,14.3,-0.0029000000000000137,0.021899999999999975,3.0,-0.5,-0.1999999999999993,1.0
2025_26,0022500052,2025-11-21,DAL,NOP,118,115,233,3,0.44820000000000004,0.3045,0.7012,46.6,24.3,17.5,0.454,0.34750000000000003,0.7718,41.4,23.6,16.3,-0.005799999999999972,-0.04300000000000004,5.200000000000003,0.6999999999999993,-1.1999999999999993,1.0
2025_26,0022500053,2025-11-21,PHX,MIN,114,113,227,1,0.49269999999999997,0.39990000000000003,0.8436999999999999,44.0,27.2,15.5,0.5017,0.3791,0.7921,46.0,28.5,14.5,-0.009000000000000064,0.02080000000000004,-2.0,-1.3000000000000007,-1.0,1.0
2025_26,0022500054,2025-11-21,HOU,DEN,109,112,221,-3,0.4955,0.43019999999999997,0.7906,51.8,26.2,15.5,0.5001,0.36150000000000004,0.8192999999999999,47.4,28.2,13.7,-0.004599999999999993,0.06869999999999993,4.399999999999999,-2.0,-1.8000000000000007,1.0
2025_26,0022500055,2025-11-21,UTA,OKC,112,144,256,-32,0.43979999999999997,0.32389999999999997,0.8070999999999999,45.5,29.4,16.5,0.4943000000000001,0.37879999999999997,0.8613,45.0,26.6,13.5,-0.054500000000000104,-0.054900000000000004,0.5,2.799999999999997,-3.0,1.0
2025_26,0022500274,2025-11-22,DEN,SAC,123,128,251,-5,0.5046,0.3754,0.8164999999999999,46.6,29.1,13.3,0.4563,0.36429999999999996,0.7308,40.3,26.1,15.8,0.048300000000000065,0.011100000000000054,6.300000000000004,3.0,2.5,1.0
2025_26,0022500273,2025-11-22,DAL,MEM,96,102,198,-6,0.4509,0.3167,0.7148,47.3,24.3,18.0,0.42060000000000003,0.325,0.7764,46.8,28.5,14.6,0.030299999999999994,-0.00830000000000003,0.5,-4.199999999999999,-3.4000000000000004,1.0
2025_26,0022500272,2025-11-22,MIL,DET,116,129,245,-13,0.4791,0.4196,0.7022999999999999,39.6,26.8,14.7,0.5049,0.3505,0.7453,45.9,27.7,15.1,-0.02579999999999999,0.0691,-6.299999999999997,-0.8999999999999986,0.40000000000000036,1.0
2025_26,0022500270,2025-11-22,NOP,ATL,98,115,213,-17,0.45640000000000003,0.33340000000000003,0.7867,41.8,23.5,15.9,0.5035999999999999,0.3867,0.805,40.8,31.6,17.6,-0.04719999999999991,-0.05329999999999996,1.0,-8.100000000000001,1.700000000000001,1.0
2025_26,0022500269,2025-11-22,ORL,NYK,133,121,254,12,0.46950000000000003,0.3489,0.8554,45.7,26.4,14.8,0.4777,0.3791,0.7955,46.0,29.0,12.6,-0.008199999999999985,-0.030200000000000005,-0.29999999999999716,-2.6000000000000014,-2.200000000000001,1.0
2025_26,0022500268,2025-11-22,CHA,LAC,116,131,247,-15,0.4396,0.3376,0.8603,46.1,25.2,16.3,0.45640000000000003,0.36150000000000004,0.8118000000000001,40.9,23.1,16.1,-0.016800000000000037,-0.023900000000000032,5.200000000000003,2.099999999999998,-0.1999999999999993,1.0
2025_26,0022500271,2025-11-22,CHI,WAS,121,120,241,1,0.46299999999999997,0.3789,0.791,46.7,29.6,15.4,0.4587,0.35910000000000003,0.749,40.0,24.6,17.3,0.0042999999999999705,0.019799999999999984,6.700000000000003,5.0,1.9000000000000004,1.0
2025_26,0022500279,2025-11-23,TOR,BKN,119,109,228,10,0.5071,0.3637,0.8010999999999999,44.6,30.8,13.4,0.4363,0.3289,0.7656,39.1,25.4,14.7,0.07079999999999997,0.0348,5.5,5.400000000000002,1.299999999999999,1.0
2025_26,0022500280,2025-11-23,OKC,POR,122,95,217,27,0.4997,0.3993,0.8488,43.4,26.9,13.6,0.4575,0.31989999999999996,0.8017,47.7,25.0,16.8,0.04219999999999996,0.07940000000000003,-4.300000000000004,1.8999999999999986,3.200000000000001,1.0
2025_26,0022500278,2025-11-23,CLE,LAC,120,105,225,15,0.4729,0.35209999999999997,0.7569,46.1,28.0,13.4,0.4575,0.36419999999999997,0.8214,40.6,23.6,15.0,0.01539999999999997,-0.0121,5.5,4.399999999999999,1.5999999999999996,1.0
2025_26,0022500281,2025-11-23,PHX,SAS,111,102,213,9,0.49349999999999994,0.40969999999999995,0.8362999999999999,44.1,26.7,17.1,0.4948,0.3592,0.8348000000000001,43.1,28.7,15.7,-0.0013000000000000789,0.050499999999999934,1.0,-2.0,-1.4000000000000021,1.0
2025_26,0022500276,2025-11-23,ATL,CHA,113,110,223,3,0.4997,0.3976,0.8073,40.4,31.6,16.0,0.4483,0.3393,0.8599,45.4,25.3,16.0,0.0514,0.05830000000000002,-5.0,6.300000000000001,0.0,1.0
2025_26,0022500275,2025-11-23,PHI,MIA,117,127,244,-10,0.4605,0.36,0.8106,45.4,25.8,15.2,0.4742,0.3845,0.8096,45.0,31.2,13.8,-0.01369999999999999,-0.024500000000000022,0.3999999999999986,-5.399999999999999,-1.3999999999999986,1.0
2025_26,0022500277,2025-11-23,BOS,ORL,138,129,267,9,0.45780000000000004,0.3609,0.7857999999999999,45.0,25.6,11.6,0.4737,0.355,0.8557,44.0,26.0,14.5,-0.01589999999999997,0.005900000000000016,1.0,-0.3999999999999986,2.9000000000000004,1.0
2025_26,0022500282,2025-11-23,UTA,LAL,106,108,214,-2,0.4504,0.3336,0.8154,44.6,30.1,17.2,0.5025000000000001,0.3487,0.7994,41.1,25.8,16.1,-0.052100000000000035,-0.015100000000000002,3.5,4.300000000000001,-1.0999999999999979,1.0
