experiment,date,season,game_id,home_team,away_team,actual_total,market_total_line,pred_residual,pred_total,edge,residual_error,abs_error,squared_error,train_games,skip_reason
drop_matchups,2024-10-22,2024_25,0022400061,BOS,NYK,241,222.5,,,,,,,0,insufficient_training_data
drop_matchups,2024-10-22,2024_25,0022400062,LAL,MIN,213,220.0,,,,,,,0,insufficient_training_data
drop_matchups,2024-10-23,2024_25,0022400067,TOR,CLE,242,224.33333333333334,,,,,,,2,insufficient_training_data
drop_matchups,2024-10-23,2024_25,0022400064,ATL,BKN,236,222.33333333333334,,,,,,,2,insufficient_training_data
drop_matchups,2024-10-23,2024_25,0022400066,PHI,MIL,233,223.5,,,,,,,2,insufficient_training_data
drop_matchups,2024-10-23,2024_25,0022400063,DET,IND,224,234.66666666666666,,,,,,,2,insufficient_training_data
drop_matchups,2024-10-23,2024_25,0022400065,MIA,ORL,213,208.0,,,,,,,2,insufficient_training_data
drop_matchups,2024-10-23,2024_25,0022400069,NOP,CHI,234,227.16666666666666,,,,,,,2,insufficient_training_data
drop_matchups,2024-10-23,2024_25,0022400070,UTA,MEM,250,228.66666666666666,,,,,,,2,insufficient_training_data
drop_matchups,2024-10-23,2024_25,0022400071,LAC,PHX,229,224.66666666666666,,,,,,,2,insufficient_training_data
drop_matchups,2024-10-23,2024_25,0022400072,POR,GSW,244,222.16666666666666,,,,,,,2,insufficient_training_data
drop_matchups,2024-10-23,2024_25,0022400068,HOU,CHA,215,229.5,,,,,,,2,insufficient_training_data
drop_matchups,2024-10-24,2024_25,0022400073,WAS,BOS,224,233.33333333333334,,,,,,,12,insufficient_training_data
drop_matchups,2024-10-24,2024_25,0022400074,DAL,SAS,229,229.5,,,,,,,12,insufficient_training_data
drop_matchups,2024-10-24,2024_25,0022400075,DEN,OKC,189,226.0,,,,,,,12,insufficient_training_data
drop_matchups,2024-10-24,2024_25,0022400076,SAC,MIN,232,220.5,,,,,,,12,insufficient_training_data
drop_matchups,2024-10-25,2024_25,0022400077,ORL,BKN,217,215.5,,,,,,,16,insufficient_training_data
drop_matchups,2024-10-25,2024_25,0022400081,NYK,IND,221,226.5,,,,,,,16,insufficient_training_data
drop_matchups,2024-10-25,2024_25,0022400086,POR,NOP,208,218.5,,,,,,,16,insufficient_training_data
drop_matchups,2024-10-25,2024_25,0022400080,CLE,DET,214,227.66666666666666,,,,,,,16,insufficient_training_data
drop_matchups,2024-10-25,2024_25,0022400079,ATL,CHA,245,223.5,,,,,,,16,insufficient_training_data
drop_matchups,2024-10-25,2024_25,0022400082,HOU,MEM,236,222.16666666666666,,,,,,,16,insufficient_training_data
drop_matchups,2024-10-25,2024_25,0022400083,MIL,CHI,255,233.66666666666666,,,,,,,16,insufficient_training_data
drop_matchups,2024-10-25,2024_25,0022400084,UTA,GSW,213,232.66666666666666,,,,,,,16,insufficient_training_data
drop_matchups,2024-10-25,2024_25,0022400085,LAL,PHX,239,223.5,,,,,,,16,insufficient_training_data
drop_matchups,2024-10-25,2024_25,0022400078,TOR,PHI,222,219.5,,,,,,,16,insufficient_training_data
drop_matchups,2024-10-26,2024_25,0022400091,CHI,OKC,209,232.0,,,,,,,26,insufficient_training_data
drop_matchups,2024-10-26,2024_25,0022400088,CHA,MIA,220,223.5,,,,,,,26,insufficient_training_data
drop_matchups,2024-10-26,2024_25,0022400090,WAS,CLE,251,229.0,,,,,,,26,insufficient_training_data
drop_matchups,2024-10-26,2024_25,0022400087,DEN,LAC,213,219.5,,,,,,,26,insufficient_training_data
drop_matchups,2024-10-26,2024_25,0022400089,DET,BOS,242,227.33333333333334,,,,,,,26,insufficient_training_data
drop_matchups,2024-10-26,2024_25,0022400095,PHX,DAL,216,232.33333333333334,,,,,,,26,insufficient_training_data
drop_matchups,2024-10-26,2024_25,0022400096,LAL,SAC,258,231.66666666666666,,,,,,,26,insufficient_training_data
drop_matchups,2024-10-26,2024_25,0022400093,MIN,TOR,213,220.33333333333334,,,,,,,26,insufficient_training_data
drop_matchups,2024-10-26,2024_25,0022400094,SAS,HOU,215,224.16666666666666,,,,,,,26,insufficient_training_data
drop_matchups,2024-10-26,2024_25,0022400092,MEM,ORL,235,222.16666666666666,,,,,,,26,insufficient_training_data
drop_matchups,2024-10-27,2024_25,0022400097,IND,PHI,232,228.66666666666666,,,,,,,36,insufficient_training_data
drop_matchups,2024-10-27,2024_25,0022400098,BKN,MIL,217,231.5,,,,,,,36,insufficient_training_data
drop_matchups,2024-10-27,2024_25,0022400099,POR,NOP,228,219.33333333333334,,,,,,,36,insufficient_training_data
drop_matchups,2024-10-27,2024_25,0022400100,OKC,ATL,232,230.33333333333334,,,,,,,36,insufficient_training_data
drop_matchups,2024-10-27,2024_25,0022400101,GSW,LAC,216,221.83333333333334,,,,,,,36,insufficient_training_data
drop_matchups,2024-10-28,2024_25,0022400105,MIA,DET,204,219.33333333333334,,,,,,,41,insufficient_training_data
drop_matchups,2024-10-28,2024_25,0022400107,TOR,DEN,252,220.5,,,,,,,41,insufficient_training_data
drop_matchups,2024-10-28,2024_25,0022400102,ORL,IND,234,224.5,,,,,,,41,insufficient_training_data
drop_matchups,2024-10-28,2024_25,0022400104,BOS,MIL,227,234.0,,,,,,,41,insufficient_training_data
drop_matchups,2024-10-28,2024_25,0022400106,NYK,CLE,214,221.5,,,,,,,41,insufficient_training_data
drop_matchups,2024-10-28,2024_25,0022400109,SAS,HOU,207,220.0,,,,,,,41,insufficient_training_data
drop_matchups,2024-10-28,2024_25,0022400108,MEM,CHI,249,233.5,,,,,,,41,insufficient_training_data
drop_matchups,2024-10-28,2024_25,0022400112,SAC,POR,209,227.66666666666666,,,,,,,41,insufficient_training_data
drop_matchups,2024-10-28,2024_25,0022400111,PHX,LAL,214,227.5,,,,,,,41,insufficient_training_data
drop_matchups,2024-10-28,2024_25,0022400103,ATL,WAS,240,233.33333333333334,,,,,,,41,insufficient_training_data
drop_matchups,2024-10-28,2024_25,0022400110,DAL,UTA,212,233.33333333333334,,,,,,,41,insufficient_training_data
drop_matchups,2024-10-29,2024_25,0022400116,GSW,NOP,230,217.66666666666666,,,,,,,52,insufficient_training_data
drop_matchups,2024-10-29,2024_25,0022400115,UTA,SAC,209,235.33333333333334,,,,,,,52,insufficient_training_data
drop_matchups,2024-10-29,2024_25,0022400114,MIN,DAL,234,222.5,,,,,,,52,insufficient_training_data
drop_matchups,2024-10-29,2024_25,0022400113,BKN,DEN,283,218.0,,,,,,,52,insufficient_training_data
drop_matchups,2024-10-30,2024_25,0022400123,CHI,ORL,201,227.33333333333334,,,,,,,56,insufficient_training_data
drop_matchups,2024-10-30,2024_25,0022400121,WAS,ATL,253,233.33333333333334,,,,,,,56,insufficient_training_data
drop_matchups,2024-10-30,2024_25,0022400117,CHA,TOR,271,223.5,,,,,,,56,insufficient_training_data
drop_matchups,2024-10-30,2024_25,0022400118,CLE,LAL,244,224.83333333333334,,,,,,,56,insufficient_training_data
drop_matchups,2024-10-30,2024_25,0022400119,IND,BOS,267,233.66666666666666,,,,,,,56,insufficient_training_data
drop_matchups,2024-10-30,2024_25,0022400120,PHI,DET,200,217.5,,,,,,,56,insufficient_training_data
drop_matchups,2024-10-30,2024_25,0022400126,GSW,NOP,193,219.5,,,,,,,56,insufficient_training_data
drop_matchups,2024-10-30,2024_25,0022400122,MIA,NYK,223,214.5,,,,,,,56,insufficient_training_data
drop_matchups,2024-10-30,2024_25,0022400124,MEM,BKN,225,225.83333333333334,,,,,,,56,insufficient_training_data
drop_matchups,2024-10-30,2024_25,0022400127,LAC,POR,211,214.83333333333334,,,,,,,56,insufficient_training_data
drop_matchups,2024-10-30,2024_25,0022400125,OKC,SAS,198,221.5,,,,,,,56,insufficient_training_data
drop_matchups,2024-10-31,2024_25,0022400130,UTA,SAS,194,223.33333333333334,,,,,,,67,insufficient_training_data
drop_matchups,2024-10-31,2024_25,0022400131,LAC,PHX,244,223.5,,,,,,,67,insufficient_training_data
drop_matchups,2024-10-31,2024_25,0022400129,DAL,HOU,210,225.66666666666666,,,,,,,67,insufficient_training_data
drop_matchups,2024-10-31,2024_25,0022400128,MEM,MIL,221,226.5,,,,,,,67,insufficient_training_data
drop_matchups,2024-11-01,2024_25,0022400135,ATL,SAC,238,239.66666666666666,,,,,,,71,insufficient_training_data
drop_matchups,2024-11-01,2024_25,0022400137,TOR,LAL,256,229.0,,,,,,,71,insufficient_training_data
drop_matchups,2024-11-01,2024_25,0022400139,MIN,DEN,235,219.33333333333334,,,,,,,71,insufficient_training_data
drop_matchups,2024-11-01,2024_25,0022400138,NOP,IND,243,232.33333333333334,,,,,,,71,insufficient_training_data
drop_matchups,2024-11-01,2024_25,0022400136,BKN,CHI,232,226.16666666666666,,,,,,,71,insufficient_training_data
drop_matchups,2024-11-01,2024_25,0022400140,POR,OKC,251,220.16666666666666,,,,,,,71,insufficient_training_data
drop_matchups,2024-11-01,2024_25,0022400134,DET,NYK,226,218.5,,,,,,,71,insufficient_training_data
drop_matchups,2024-11-01,2024_25,0022400133,CLE,ORL,229,217.16666666666666,,,,,,,71,insufficient_training_data
drop_matchups,2024-11-01,2024_25,0022400132,CHA,BOS,233,231.66666666666666,,,,,,,71,insufficient_training_data
drop_matchups,2024-11-02,2024_25,0022400141,CHA,BOS,216,231.33333333333334,,,,,,,80,insufficient_training_data
drop_matchups,2024-11-02,2024_25,0022400142,PHI,MEM,231,223.33333333333334,,,,,,,80,insufficient_training_data
drop_matchups,2024-11-02,2024_25,0022400143,TOR,SAC,259,232.5,,,,,,,80,insufficient_training_data
drop_matchups,2024-11-02,2024_25,0022400149,PHX,POR,200,224.33333333333334,,,,,,,80,insufficient_training_data
drop_matchups,2024-11-02,2024_25,0022400144,HOU,GSW,248,217.33333333333334,,,,,,,80,insufficient_training_data
drop_matchups,2024-11-02,2024_25,0022400146,SAS,MIN,216,214.83333333333334,,,,,,,80,insufficient_training_data
drop_matchups,2024-11-02,2024_25,0022400148,DEN,UTA,232,218.5,,,,,,,80,insufficient_training_data
drop_matchups,2024-11-02,2024_25,0022400150,LAC,OKC,197,220.33333333333334,,,,,,,80,insufficient_training_data
drop_matchups,2024-11-02,2024_25,0022400145,MIL,CLE,227,232.16666666666666,,,,,,,80,insufficient_training_data
drop_matchups,2024-11-03,2024_25,0022400153,DAL,ORL,193,219.33333333333334,,,,,,,89,insufficient_training_data
drop_matchups,2024-11-03,2024_25,0022400151,BKN,DET,198,219.5,,,,,,,89,insufficient_training_data
drop_matchups,2024-11-03,2024_25,0022400152,NOP,ATL,237,230.83333333333334,,,,,,,89,insufficient_training_data
drop_matchups,2024-11-04,2024_25,0022400160,CHI,UTA,261,228.0,,,,,,,92,insufficient_training_data
drop_matchups,2024-11-04,2024_25,0022400154,CLE,MIL,230,230.33333333333334,,,,,,,92,insufficient_training_data
drop_matchups,2024-11-04,2024_25,0022400155,WAS,GSW,237,231.5,,,,,,,92,insufficient_training_data
drop_matchups,2024-11-04,2024_25,0022400156,DET,LAL,218,226.33333333333334,,,,,,,92,insufficient_training_data
drop_matchups,2024-11-04,2024_25,0022400157,ATL,BOS,216,234.33333333333334,,,,,,,92,insufficient_training_data
drop_matchups,2024-11-04,2024_25,0022400159,MIA,SAC,221,227.16666666666666,,,,,,,92,insufficient_training_data
drop_matchups,2024-11-04,2024_25,0022400163,OKC,ORL,188,215.33333333333334,,,,,,,92,insufficient_training_data
drop_matchups,2024-11-04,2024_25,0022400158,BKN,MEM,210,225.33333333333334,,,,,,,92,insufficient_training_data
drop_matchups,2024-11-04,2024_25,0022400168,LAC,SAS,217,218.0,,,,,,,92,insufficient_training_data
drop_matchups,2024-11-04,2024_25,0022400164,NOP,POR,218,221.66666666666666,,,,,,,92,insufficient_training_data
drop_matchups,2024-11-04,2024_25,0022400165,DAL,IND,261,235.66666666666666,,,,,,,92,insufficient_training_data
drop_matchups,2024-11-04,2024_25,0022400166,DEN,TOR,240,228.83333333333334,,,,,,,92,insufficient_training_data
drop_matchups,2024-11-04,2024_25,0022400167,PHX,PHI,234,226.66666666666666,,,,,,,92,insufficient_training_data
drop_matchups,2024-11-04,2024_25,0022400162,MIN,CHA,207,226.5,,,,,,,92,insufficient_training_data
drop_matchups,2024-11-04,2024_25,0022400161,HOU,NYK,206,219.16666666666666,,,,,,,92,insufficient_training_data
drop_matchups,2024-11-06,2024_25,0022400172,BOS,GSW,230,230.0,,,,,,,107,insufficient_training_data
drop_matchups,2024-11-06,2024_25,0022400174,MEM,LAL,245,229.83333333333334,,,,,,,107,insufficient_training_data
drop_matchups,2024-11-06,2024_25,0022400169,CHA,DET,215,222.66666666666666,,,,,,,107,insufficient_training_data
drop_matchups,2024-11-06,2024_25,0022400170,IND,ORL,229,226.5,,,,,,,107,insufficient_training_data
drop_matchups,2024-11-06,2024_25,0022400171,ATL,NYK,237,225.5,,,,,,,107,insufficient_training_data
drop_matchups,2024-11-06,2024_25,0022400173,HOU,SAS,227,213.5,,,,,,,107,insufficient_training_data
drop_matchups,2024-11-06,2024_25,0022400178,PHX,MIA,227,222.5,,,,,,,107,insufficient_training_data
drop_matchups,2024-11-06,2024_25,0022400176,DAL,CHI,218,234.83333333333334,,,,,,,107,insufficient_training_data
drop_matchups,2024-11-06,2024_25,0022400177,DEN,OKC,246,222.0,,,,,,,107,insufficient_training_data
drop_matchups,2024-11-06,2024_25,0022400179,LAC,PHI,208,218.33333333333334,,,,,,,107,insufficient_training_data
drop_matchups,2024-11-06,2024_25,0022400180,SAC,TOR,229,238.0,,,,,,,107,insufficient_training_data
drop_matchups,2024-11-06,2024_25,0022400175,NOP,CLE,253,224.0,,,,,,,107,insufficient_training_data
drop_matchups,2024-11-07,2024_25,0022400181,CHI,MIN,254,227.66666666666666,,,,,,,119,insufficient_training_data
drop_matchups,2024-11-07,2024_25,0022400182,MIL,UTA,223,229.66666666666666,,,,,,,119,insufficient_training_data
drop_matchups,2024-11-07,2024_25,0022400183,SAS,POR,223,217.5,,,,,,,119,insufficient_training_data
drop_matchups,2024-11-08,2024_25,0022400188,CLE,GSW,253,231.33333333333334,,,,,,,122,insufficient_training_data
drop_matchups,2024-11-08,2024_25,0022400189,NYK,MIL,210,224.83333333333334,,,,,,,122,insufficient_training_data
drop_matchups,2024-11-08,2024_25,0022400185,DET,ATL,243,227.0,,,,,,,122,insufficient_training_data
drop_matchups,2024-11-08,2024_25,0022400186,ORL,NOP,203,213.5,,,,,,,122,insufficient_training_data
drop_matchups,2024-11-08,2024_25,0022400187,BOS,BKN,212,224.33333333333334,,,,,,,122,insufficient_training_data
drop_matchups,2024-11-08,2024_25,0022400193,MIN,POR,229,220.66666666666666,,,,,,,122,insufficient_training_data
drop_matchups,2024-11-08,2024_25,0022400184,CHA,IND,186,234.66666666666666,,,,,,,122,insufficient_training_data
drop_matchups,2024-11-08,2024_25,0022400192,OKC,HOU,233,219.0,,,,,,,122,insufficient_training_data
drop_matchups,2024-11-08,2024_25,0022400196,SAC,LAC,205,224.0,,,,,,,122,insufficient_training_data
drop_matchups,2024-11-08,2024_25,0022400194,DEN,MIA,257,222.0,,,,,,,122,insufficient_training_data
drop_matchups,2024-11-08,2024_25,0022400195,LAL,PHI,222,222.66666666666666,,,,,,,122,insufficient_training_data
drop_matchups,2024-11-08,2024_25,0022400191,MEM,WAS,232,229.33333333333334,,,,,,,122,insufficient_training_data
drop_matchups,2024-11-08,2024_25,0022400190,DAL,PHX,227,230.5,,,,,,,122,insufficient_training_data
drop_matchups,2024-11-09,2024_25,0022400200,LAC,TOR,208,226.33333333333334,,,,,,,135,insufficient_training_data
drop_matchups,2024-11-09,2024_25,0022400199,CLE,BKN,205,223.33333333333334,,,,,,,135,insufficient_training_data
drop_matchups,2024-11-09,2024_25,0022400197,SAS,UTA,221,222.5,,,,,,,135,insufficient_training_data
drop_matchups,2024-11-09,2024_25,0022400198,ATL,CHI,238,238.5,,,,,,,135,insufficient_training_data
drop_matchups,2024-11-10,2024_25,0022400201,DET,HOU,200,220.33333333333334,,,,,,,139,insufficient_training_data
drop_matchups,2024-11-10,2024_25,0022400206,MIN,MIA,189,218.33333333333334,,,,,,,139,insufficient_training_data
drop_matchups,2024-11-10,2024_25,0022400203,IND,NYK,253,229.0,,,,,,,139,insufficient_training_data
drop_matchups,2024-11-10,2024_25,0022400205,PHI,CHA,212,221.16666666666666,,,,,,,139,insufficient_training_data
drop_matchups,2024-11-10,2024_25,0022400202,MIL,BOS,220,228.5,,,,,,,139,insufficient_training_data
drop_matchups,2024-11-10,2024_25,0022400204,ORL,WAS,215,220.16666666666666,,,,,,,139,insufficient_training_data
drop_matchups,2024-11-10,2024_25,0022400208,DEN,DAL,242,231.5,,,,,,,139,insufficient_training_data
drop_matchups,2024-11-10,2024_25,0022400209,PHX,SAC,245,228.33333333333334,,,,,,,139,insufficient_training_data
drop_matchups,2024-11-10,2024_25,0022400210,POR,MEM,223,226.0,,,,,,,139,insufficient_training_data
drop_matchups,2024-11-10,2024_25,0022400211,LAL,TOR,226,235.33333333333334,,,,,,,139,insufficient_training_data
drop_matchups,2024-11-10,2024_25,0022400207,OKC,GSW,243,227.5,,,,,,,139,insufficient_training_data
drop_matchups,2024-11-11,2024_25,0022400212,CHI,CLE,232,237.16666666666666,,,,,,,150,insufficient_training_data
drop_matchups,2024-11-11,2024_25,0022400215,OKC,LAC,262,218.83333333333334,,,,,,,150,insufficient_training_data
drop_matchups,2024-11-11,2024_25,0022400214,NOP,BKN,212,212.83333333333334,,,,,,,150,insufficient_training_data
drop_matchups,2024-11-11,2024_25,0022400216,SAS,SAC,212,222.0,,,,,,,150,insufficient_training_data
drop_matchups,2024-11-11,2024_25,0022400213,HOU,WAS,199,226.5,,,,,,,150,insufficient_training_data
drop_matchups,2024-11-12,2024_25,0022400002,DET,MIA,244,215.5,,,,,,,155,insufficient_training_data
drop_matchups,2024-11-12,2024_25,0022400007,GSW,DAL,237,232.33333333333334,,,,,,,155,insufficient_training_data
drop_matchups,2024-11-12,2024_25,0022400008,POR,MIN,230,218.5,,,,,,,155,insufficient_training_data
drop_matchups,2024-11-12,2024_25,0022400006,UTA,PHX,232,228.33333333333334,,,,,,,155,insufficient_training_data
drop_matchups,2024-11-12,2024_25,0022400001,BOS,ATL,233,227.0,,,,,,,155,insufficient_training_data
drop_matchups,2024-11-12,2024_25,0022400004,PHI,NYK,210,215.5,,,,,,,155,insufficient_training_data
drop_matchups,2024-11-12,2024_25,0022400003,ORL,CHA,203,213.33333333333334,,,,,,,155,insufficient_training_data
drop_matchups,2024-11-12,2024_25,0022400005,MIL,TOR,184,227.83333333333334,,,,,,,155,insufficient_training_data
drop_matchups,2024-11-13,2024_25,0022400217,ORL,IND,184,225.66666666666666,,,,,,,163,insufficient_training_data
drop_matchups,2024-11-13,2024_25,0022400227,SAC,PHX,231,225.5,,,,,,,163,insufficient_training_data
drop_matchups,2024-11-13,2024_25,0022400226,POR,MIN,204,221.75,,,,,,,163,insufficient_training_data
drop_matchups,2024-11-13,2024_25,0022400225,LAL,MEM,251,230.5,,,,,,,163,insufficient_training_data
drop_matchups,2024-11-13,2024_25,0022400224,SAS,WAS,269,222.66666666666666,,,,,,,163,insufficient_training_data
drop_matchups,2024-11-13,2024_25,0022400223,MIL,DET,247,217.16666666666666,,,,,,,163,insufficient_training_data
drop_matchups,2024-11-13,2024_25,0022400220,PHI,CLE,220,217.66666666666666,,,,,,,163,insufficient_training_data
drop_matchups,2024-11-13,2024_25,0022400221,OKC,NOP,194,221.5,,,,,,,163,insufficient_training_data
drop_matchups,2024-11-13,2024_25,0022400219,NYK,CHI,247,228.33333333333334,,,,,,,163,insufficient_training_data
drop_matchups,2024-11-13,2024_25,0022400218,BKN,BOS,253,218.0,,,,,,,163,insufficient_training_data
drop_matchups,2024-11-13,2024_25,0022400222,HOU,LAC,214,213.83333333333334,,,,,,,163,insufficient_training_data
drop_matchups,2024-11-14,2024_25,0022400228,UTA,DAL,228,230.83333333333334,,,,,,,174,insufficient_training_data
drop_matchups,2024-11-15,2024_25,0022400009,IND,MIA,235,227.83333333333334,,,,,,,175,insufficient_training_data
drop_matchups,2024-11-15,2024_25,0022400012,ATL,WAS,246,240.33333333333334,,,,,,,175,insufficient_training_data
drop_matchups,2024-11-15,2024_25,0022400010,ORL,PHI,184,210.66666666666666,,,,,,,175,insufficient_training_data
drop_matchups,2024-11-15,2024_25,0022400011,TOR,DET,194,225.0,,,,,,,175,insufficient_training_data
drop_matchups,2024-11-15,2024_25,0022400013,CLE,CHI,270,237.16666666666666,,,,,,,175,insufficient_training_data
drop_matchups,2024-11-15,2024_25,0022400014,NYK,BKN,246,216.5,,,,,,,175,insufficient_training_data
drop_matchups,2024-11-15,2024_25,0022400016,HOU,LAC,229,217.33333333333334,,,,,,,175,insufficient_training_data
drop_matchups,2024-11-15,2024_25,0022400017,NOP,DEN,195,221.0,,,,,,,175,insufficient_training_data
drop_matchups,2024-11-15,2024_25,0022400018,OKC,PHX,182,228.0,,,,,,,175,insufficient_training_data
drop_matchups,2024-11-15,2024_25,0022400015,SAS,LAL,235,227.33333333333334,,,,,,,175,insufficient_training_data
drop_matchups,2024-11-15,2024_25,0022400019,GSW,MEM,241,235.33333333333334,,,,,,,175,insufficient_training_data
drop_matchups,2024-11-15,2024_25,0022400020,SAC,MIN,256,222.0,,,,,,,175,insufficient_training_data
drop_matchups,2024-11-16,2024_25,0022400229,CHA,MIL,229,217.33333333333334,,,,,,,187,insufficient_training_data
drop_matchups,2024-11-16,2024_25,0022400230,BOS,TOR,249,228.5,,,,,,,187,insufficient_training_data
drop_matchups,2024-11-16,2024_25,0022400231,NOP,LAL,203,221.33333333333334,,,,,,,187,insufficient_training_data
drop_matchups,2024-11-16,2024_25,0022400232,DAL,SAS,203,227.0,,,,,,,187,insufficient_training_data
drop_matchups,2024-11-16,2024_25,0022400233,SAC,UTA,238,227.5,,,,,,,187,insufficient_training_data
drop_matchups,2024-11-17,2024_25,0022400235,IND,MIA,229,228.66666666666666,,,,,,,192,insufficient_training_data
drop_matchups,2024-11-17,2024_25,0022400238,MEM,DEN,195,228.0,,,,,,,192,insufficient_training_data
drop_matchups,2024-11-17,2024_25,0022400234,MIN,PHX,237,219.5,,,,,,,192,insufficient_training_data
drop_matchups,2024-11-17,2024_25,0022400237,WAS,DET,228,228.66666666666666,,,,,,,192,insufficient_training_data
drop_matchups,2024-11-17,2024_25,0022400236,CLE,CHA,242,224.16666666666666,,,,,,,192,insufficient_training_data
drop_matchups,2024-11-17,2024_25,0022400242,OKC,DAL,240,229.5,,,,,,,192,insufficient_training_data
drop_matchups,2024-11-17,2024_25,0022400240,NYK,BKN,218,220.5,,,,,,,192,insufficient_training_data
drop_matchups,2024-11-17,2024_25,0022400241,CHI,HOU,250,233.66666666666666,,,,,,,192,insufficient_training_data
drop_matchups,2024-11-17,2024_25,0022400243,LAC,UTA,221,220.5,,,,,,,192,insufficient_training_data
drop_matchups,2024-11-17,2024_25,0022400239,POR,ATL,224,232.33333333333334,,,,,,,192,insufficient_training_data
drop_matchups,2024-11-18,2024_25,0022400245,MIA,PHI,195,212.66666666666666,,,,,,,202,insufficient_training_data
drop_matchups,2024-11-18,2024_25,0022400247,TOR,IND,249,234.33333333333334,,,,,,,202,insufficient_training_data
drop_matchups,2024-11-18,2024_25,0022400244,DET,CHI,234,233.5,,,,,,,202,insufficient_training_data
drop_matchups,2024-11-18,2024_25,0022400246,NYK,WAS,240,231.16666666666666,,,,,,,202,insufficient_training_data
drop_matchups,2024-11-18,2024_25,0022400251,LAC,GSW,201,226.16666666666666,,,,,,,202,insufficient_training_data
drop_matchups,2024-11-18,2024_25,0022400250,SAC,ATL,217,234.83333333333334,,,,,,,202,insufficient_training_data
drop_matchups,2024-11-18,2024_25,0022400249,PHX,ORL,208,211.16666666666666,,,,,,,202,insufficient_training_data
drop_matchups,2024-11-18,2024_25,0022400248,MIL,HOU,201,222.33333333333334,,,,,,,202,insufficient_training_data
drop_matchups,2024-11-19,2024_25,0022400021,BOS,CLE,237,234.83333333333334,,,,,,,210,insufficient_training_data
drop_matchups,2024-11-19,2024_25,0022400022,BKN,CHA,231,220.83333333333334,,,,,,,210,insufficient_training_data
drop_matchups,2024-11-19,2024_25,0022400023,MEM,DEN,232,226.83333333333334,,,,,,,210,insufficient_training_data
drop_matchups,2024-11-19,2024_25,0022400024,DAL,NOP,223,221.83333333333334,,,,,,,210,insufficient_training_data
drop_matchups,2024-11-19,2024_25,0022400025,SAS,OKC,214,223.16666666666666,,,,,,,210,insufficient_training_data
drop_matchups,2024-11-19,2024_25,0022400026,LAL,UTA,242,235.33333333333334,,,,,,,210,insufficient_training_data
drop_matchups,2024-11-20,2024_25,0022400255,MEM,PHI,228,219.5,,,,,,,216,insufficient_training_data
drop_matchups,2024-11-20,2024_25,0022400252,CLE,NOP,228,222.0,,,,,,,216,insufficient_training_data
drop_matchups,2024-11-20,2024_25,0022400253,MIL,CHI,228,238.0,,,,,,,216,insufficient_training_data
drop_matchups,2024-11-20,2024_25,0022400254,HOU,IND,243,231.5,,,,,,,216,insufficient_training_data
drop_matchups,2024-11-20,2024_25,0022400259,LAC,ORL,197,206.5,,,,,,,216,insufficient_training_data
drop_matchups,2024-11-20,2024_25,0022400257,PHX,NYK,260,222.5,,,,,,,216,insufficient_training_data
drop_matchups,2024-11-20,2024_25,0022400258,GSW,ATL,217,239.0,,,,,,,216,insufficient_training_data
drop_matchups,2024-11-20,2024_25,0022400256,OKC,POR,208,223.83333333333334,,,,,,,216,insufficient_training_data
drop_matchups,2024-11-21,2024_25,0022400263,LAL,ORL,237,217.33333333333334,,,,,,,224,insufficient_training_data
drop_matchups,2024-11-21,2024_25,0022400262,SAS,UTA,244,224.16666666666666,,,,,,,224,insufficient_training_data
drop_matchups,2024-11-21,2024_25,0022400260,CHA,DET,244,220.66666666666666,,,,,,,224,insufficient_training_data
drop_matchups,2024-11-21,2024_25,0022400261,TOR,MIN,215,225.5,,,,,,,224,insufficient_training_data
drop_matchups,2024-11-22,2024_25,0022400034,LAC,SAC,192,221.33333333333334,,,,,,,228,insufficient_training_data
drop_matchups,2024-11-22,2024_25,0022400033,DEN,DAL,243,227.33333333333334,,,,,,,228,insufficient_training_data
drop_matchups,2024-11-22,2024_25,0022400031,HOU,POR,204,223.16666666666666,,,,,,,228,insufficient_training_data
drop_matchups,2024-11-22,2024_25,0022400032,NOP,GSW,220,223.5,,,,,,,228,insufficient_training_data
drop_matchups,2024-11-22,2024_25,0022400029,MIL,IND,246,237.5,,,,,,,228,insufficient_training_data
drop_matchups,2024-11-22,2024_25,0022400027,PHI,BKN,211,217.5,,,,,,,228,insufficient_training_data
drop_matchups,2024-11-22,2024_25,0022400030,CHI,ATL,258,244.5,,,,,,,228,insufficient_training_data
drop_matchups,2024-11-22,2024_25,0022400028,WAS,BOS,204,237.83333333333334,,,,,,,228,insufficient_training_data
drop_matchups,2024-11-23,2024_25,0022400264,UTA,NYK,227,229.66666666666666,,,,,,,236,insufficient_training_data
drop_matchups,2024-11-23,2024_25,0022400265,ORL,DET,211,206.66666666666666,,,,,,,236,insufficient_training_data
drop_matchups,2024-11-23,2024_25,0022400266,CHI,MEM,273,243.16666666666666,,,,,,,236,insufficient_training_data
drop_matchups,2024-11-23,2024_25,0022400267,HOU,POR,202,224.5,,,,,,,236,insufficient_training_data
drop_matchups,2024-11-23,2024_25,0022400268,MIL,CHA,244,223.0,,,,,,,236,insufficient_training_data
drop_matchups,2024-11-23,2024_25,0022400269,SAS,GSW,198,225.33333333333334,,,,,,,236,insufficient_training_data
drop_matchups,2024-11-23,2024_25,0022400270,LAL,DEN,229,233.0,,,,,,,236,insufficient_training_data
drop_matchups,2024-11-24,2024_25,0022400275,CLE,TOR,230,236.5,,,,,,,243,insufficient_training_data
drop_matchups,2024-11-24,2024_25,0022400276,SAC,BKN,211,222.0,,,,,,,243,insufficient_training_data
drop_matchups,2024-11-24,2024_25,0022400274,PHI,LAC,224,209.0,,,,,,,243,insufficient_training_data
drop_matchups,2024-11-24,2024_25,0022400273,MIA,DAL,241,222.0,,,,,,,243,insufficient_training_data
drop_matchups,2024-11-24,2024_25,0022400272,IND,WAS,218,242.66666666666666,,,,,,,243,insufficient_training_data
drop_matchups,2024-11-24,2024_25,0022400271,BOS,MIN,212,222.5,,,,,,,243,insufficient_training_data
drop_matchups,2024-11-25,2024_25,0022400280,ATL,DAL,248,237.5,,,,,,,249,insufficient_training_data
drop_matchups,2024-11-25,2024_25,0022400277,CHA,ORL,179,213.5,,,,,,,249,insufficient_training_data
drop_matchups,2024-11-25,2024_25,0022400279,IND,NOP,224,227.5,,,,,,,249,insufficient_training_data
drop_matchups,2024-11-25,2024_25,0022400284,GSW,BKN,248,223.33333333333334,,,,,,,249,insufficient_training_data
drop_matchups,2024-11-25,2024_25,0022400278,DET,TOR,202,222.83333333333334,,,,,,,249,insufficient_training_data
drop_matchups,2024-11-25,2024_25,0022400282,MEM,POR,221,230.83333333333334,,,,,,,249,insufficient_training_data
drop_matchups,2024-11-25,2024_25,0022400285,SAC,OKC,239,223.5,,,,,,,249,insufficient_training_data
drop_matchups,2024-11-25,2024_25,0022400283,DEN,NYK,263,232.16666666666666,,,,,,,249,insufficient_training_data
drop_matchups,2024-11-25,2024_25,0022400281,BOS,LAC,220,218.66666666666666,,,,,,,249,insufficient_training_data
drop_matchups,2024-11-26,2024_25,0022400035,WAS,CHI,235,244.33333333333334,,,,,,,258,insufficient_training_data
drop_matchups,2024-11-26,2024_25,0022400036,MIA,MIL,209,224.5,,,,,,,258,insufficient_training_data
drop_matchups,2024-11-26,2024_25,0022400037,MIN,HOU,228,221.16666666666666,,,,,,,258,insufficient_training_data
drop_matchups,2024-11-26,2024_25,0022400038,UTA,SAS,243,225.83333333333334,,,,,,,258,insufficient_training_data
drop_matchups,2024-11-26,2024_25,0022400039,PHX,LAL,227,234.16666666666666,,,,,,,258,insufficient_training_data
drop_matchups,2024-11-27,2024_25,0022400289,ORL,CHI,252,224.0,,,,,,,263,insufficient_training_data
drop_matchups,2024-11-27,2024_25,0022400288,IND,POR,235,231.66666666666666,,,,,,,263,insufficient_training_data
drop_matchups,2024-11-27,2024_25,0022400291,WAS,LAC,217,223.0,,,,,,,263,insufficient_training_data
drop_matchups,2024-11-27,2024_25,0022400286,CHA,MIA,192,217.5,,,,,,,263,insufficient_training_data
drop_matchups,2024-11-27,2024_25,0022400292,DAL,NYK,243,234.5,,,,,,,263,insufficient_training_data
drop_matchups,2024-11-27,2024_25,0022400290,PHI,HOU,237,217.83333333333334,,,,,,,263,insufficient_training_data
drop_matchups,2024-11-27,2024_25,0022400287,CLE,ATL,259,240.5,,,,,,,263,insufficient_training_data
drop_matchups,2024-11-27,2024_25,0022400294,MIN,SAC,219,221.66666666666666,,,,,,,263,insufficient_training_data
drop_matchups,2024-11-27,2024_25,0022400299,GSW,OKC,206,230.33333333333334,,,,,,,263,insufficient_training_data
drop_matchups,2024-11-27,2024_25,0022400298,UTA,DEN,225,231.5,,,,,,,263,insufficient_training_data
drop_matchups,2024-11-27,2024_25,0022400293,MEM,DET,242,225.16666666666666,,,,,,,263,insufficient_training_data
drop_matchups,2024-11-27,2024_25,0022400296,SAS,LAL,220,226.66666666666666,,,,,,,263,insufficient_training_data
drop_matchups,2024-11-27,2024_25,0022400297,PHX,BKN,244,219.33333333333334,,,,,,,263,insufficient_training_data
drop_matchups,2024-11-27,2024_25,0022400295,NOP,TOR,212,222.33333333333334,,,,,,,263,insufficient_training_data
drop_matchups,2024-11-29,2024_25,0022400044,MIN,LAC,185,216.66666666666666,,,,,,,277,insufficient_training_data
drop_matchups,2024-11-29,2024_25,0022400041,ATL,CLE,218,246.83333333333334,,,,,,,277,insufficient_training_data
drop_matchups,2024-11-29,2024_25,0022400042,MEM,NOP,229,230.16666666666666,,,,,,,277,insufficient_training_data
drop_matchups,2024-11-29,2024_25,0022400043,BKN,ORL,223,209.66666666666666,,,,,,,277,insufficient_training_data
drop_matchups,2024-11-29,2024_25,0022400040,CHA,NYK,197,222.83333333333334,,,,,,,277,insufficient_training_data
drop_matchups,2024-11-29,2024_25,0022400049,POR,SAC,221,223.33333333333334,,,,,,,277,insufficient_training_data
drop_matchups,2024-11-29,2024_25,0022400047,CHI,BOS,267,242.5,,,,,,,277,insufficient_training_data
drop_matchups,2024-11-29,2024_25,0022400048,LAL,OKC,194,231.5,,,,,,,277,insufficient_training_data
drop_matchups,2024-11-29,2024_25,0022400046,MIA,TOR,232,219.5,,,,,,,277,insufficient_training_data
drop_matchups,2024-11-29,2024_25,0022400045,IND,DET,236,231.0,,,,,,,277,insufficient_training_data
drop_matchups,2024-11-30,2024_25,0022400300,CHA,ATL,211,227.16666666666666,,,,,,,287,insufficient_training_data
drop_matchups,2024-11-30,2024_25,0022400301,DET,PHI,207,217.16666666666666,,,,,,,287,insufficient_training_data
drop_matchups,2024-11-30,2024_25,0022400302,MIL,WAS,238,230.5,,,,,,,287,insufficient_training_data
drop_matchups,2024-11-30,2024_25,0022400303,PHX,GSW,218,231.66666666666666,,,,,,,287,insufficient_training_data
drop_matchups,2024-11-30,2024_25,0022400304,UTA,DAL,200,233.16666666666666,,,,,,,287,insufficient_training_data
drop_matchups,2024-12-01,2024_25,0022400309,TOR,MIA,235,222.0,,,,,,,292,insufficient_training_data
drop_matchups,2024-12-01,2024_25,0022400306,MEM,IND,257,242.0,,,,,,,292,insufficient_training_data
drop_matchups,2024-12-01,2024_25,0022400307,CLE,BOS,226,236.66666666666666,,,,,,,292,insufficient_training_data
drop_matchups,2024-12-01,2024_25,0022400308,NYK,NOP,203,226.16666666666666,,,,,,,292,insufficient_training_data
drop_matchups,2024-12-01,2024_25,0022400305,BKN,ORL,192,209.66666666666666,,,,,,,292,insufficient_training_data
drop_matchups,2024-12-01,2024_25,0022400310,HOU,OKC,235,219.5,,,,,,,292,insufficient_training_data
drop_matchups,2024-12-01,2024_25,0022400312,POR,DAL,268,228.33333333333334,,,,,,,292,insufficient_training_data
drop_matchups,2024-12-01,2024_25,0022400313,SAC,SAS,252,225.5,,,,,,,292,insufficient_training_data
drop_matchups,2024-12-01,2024_25,0022400314,LAC,DEN,248,223.16666666666666,,,,,,,292,insufficient_training_data
drop_matchups,2024-12-01,2024_25,0022400311,UTA,LAL,209,231.33333333333334,,,,,,,292,insufficient_training_data
drop_matchups,2024-12-02,2024_25,0022400315,ATL,NOP,236,227.66666666666666,,,,,,,302,insufficient_training_data
drop_matchups,2024-12-02,2024_25,0022400316,BOS,MIA,197,220.5,,,,,,,302,insufficient_training_data
drop_matchups,2024-12-02,2024_25,0022400317,CHI,BKN,230,233.5,,,,,,,302,insufficient_training_data
drop_matchups,2024-12-02,2024_25,0022400318,MIN,LAL,189,221.33333333333334,,,,,,,302,insufficient_training_data
drop_matchups,2024-12-03,2024_25,0022400055,OKC,UTA,239,222.5,,,,,,,306,insufficient_training_data
drop_matchups,2024-12-03,2024_25,0022400050,CHA,PHI,214,209.0,,,,,,,306,insufficient_training_data
drop_matchups,2024-12-03,2024_25,0022400052,DET,MIL,235,221.66666666666666,,,,,,,306,insufficient_training_data
drop_matchups,2024-12-03,2024_25,0022400053,NYK,ORL,227,216.0,,,,,,,306,insufficient_training_data
drop_matchups,2024-12-03,2024_25,0022400054,TOR,IND,233,238.66666666666666,,,,,,,306,insufficient_training_data
drop_matchups,2024-12-03,2024_25,0022400058,DEN,GSW,234,239.0,,,,,,,306,insufficient_training_data
drop_matchups,2024-12-03,2024_25,0022400056,DAL,MEM,237,241.66666666666666,,,,,,,306,insufficient_training_data
drop_matchups,2024-12-03,2024_25,0022400057,PHX,SAS,197,230.0,,,,,,,306,insufficient_training_data
drop_matchups,2024-12-03,2024_25,0022400060,LAC,POR,232,218.33333333333334,,,,,,,306,insufficient_training_data
drop_matchups,2024-12-03,2024_25,0022400059,SAC,HOU,231,225.16666666666666,,,,,,,306,insufficient_training_data
drop_matchups,2024-12-03,2024_25,0022400051,CLE,WAS,205,234.66666666666666,,,,,,,306,insufficient_training_data
drop_matchups,2024-12-04,2024_25,0022400321,MIA,LAL,227,217.33333333333334,,,,,,,317,insufficient_training_data
drop_matchups,2024-12-04,2024_25,0022400319,BOS,DET,250,221.0,,,,,,,317,insufficient_training_data
drop_matchups,2024-12-04,2024_25,0022400320,BKN,IND,189,226.66666666666666,,,,,,,317,insufficient_training_data
drop_matchups,2024-12-04,2024_25,0022400324,LAC,MIN,188,211.33333333333334,,,,,,,317,insufficient_training_data
drop_matchups,2024-12-04,2024_25,0022400323,MIL,ATL,223,236.16666666666666,,,,,,,317,insufficient_training_data
drop_matchups,2024-12-04,2024_25,0022400322,PHI,ORL,208,208.16666666666666,,,,,,,317,insufficient_training_data
drop_matchups,2024-12-05,2024_25,0022400331,SAS,CHI,263,236.5,,,,,,,323,insufficient_training_data
drop_matchups,2024-12-05,2024_25,0022400330,NOP,PHX,250,221.0,,,,,,,323,insufficient_training_data
drop_matchups,2024-12-05,2024_25,0022400329,MEM,SAC,225,242.5,,,,,,,323,insufficient_training_data
drop_matchups,2024-12-05,2024_25,0022400332,GSW,HOU,192,220.16666666666666,,,,,,,323,insufficient_training_data
drop_matchups,2024-12-05,2024_25,0022400327,NYK,CHA,226,217.16666666666666,,,,,,,323,insufficient_training_data
drop_matchups,2024-12-05,2024_25,0022400326,WAS,DAL,238,235.16666666666666,,,,,,,323,insufficient_training_data
drop_matchups,2024-12-05,2024_25,0022400325,CLE,DEN,240,237.5,,,,,,,323,insufficient_training_data
drop_matchups,2024-12-05,2024_25,0022400328,TOR,OKC,221,226.66666666666666,,,,,,,323,insufficient_training_data
drop_matchups,2024-12-06,2024_25,0022400339,POR,UTA,240,225.83333333333334,,,,,,,331,insufficient_training_data
drop_matchups,2024-12-06,2024_25,0022400338,GSW,MIN,197,220.16666666666666,,,,,,,331,insufficient_training_data
drop_matchups,2024-12-06,2024_25,0022400336,CHI,IND,255,247.66666666666666,,,,,,,331,insufficient_training_data
drop_matchups,2024-12-06,2024_25,0022400337,SAS,SAC,253,227.16666666666666,,,,,,,331,insufficient_training_data
drop_matchups,2024-12-06,2024_25,0022400334,ATL,LAL,266,231.33333333333334,,,,,,,331,insufficient_training_data
drop_matchups,2024-12-06,2024_25,0022400333,PHI,ORL,196,210.16666666666666,,,,,,,331,insufficient_training_data
drop_matchups,2024-12-06,2024_25,0022400335,BOS,MIL,216,229.33333333333334,,,,,,,331,insufficient_training_data
drop_matchups,2024-12-07,2024_25,0022400344,TOR,DAL,243,234.5,,,,,,,338,insufficient_training_data
drop_matchups,2024-12-07,2024_25,0022400345,BOS,MEM,248,237.16666666666666,,,,,,,338,insufficient_training_data
drop_matchups,2024-12-07,2024_25,0022400343,NYK,DET,231,225.66666666666666,,,,,,,338,insufficient_training_data
drop_matchups,2024-12-07,2024_25,0022400346,MIA,PHX,232,220.0,,,,,,,338,insufficient_training_data
drop_matchups,2024-12-07,2024_25,0022400341,WAS,DEN,235,231.16666666666666,,,,,,,338,insufficient_training_data
drop_matchups,2024-12-07,2024_25,0022400340,CHA,CLE,218,219.16666666666666,,,,,,,338,insufficient_training_data
drop_matchups,2024-12-07,2024_25,0022400342,NOP,OKC,228,224.16666666666666,,,,,,,338,insufficient_training_data
drop_matchups,2024-12-08,2024_25,0022400352,ORL,PHX,225,211.16666666666666,,,,,,,345,insufficient_training_data
drop_matchups,2024-12-08,2024_25,0022400348,BKN,MIL,231,218.66666666666666,,,,,,,345,insufficient_training_data
drop_matchups,2024-12-08,2024_25,0022400349,IND,CHA,222,221.16666666666666,,,,,,,345,insufficient_training_data
drop_matchups,2024-12-08,2024_25,0022400351,MIA,CLE,235,224.0,,,,,,,345,insufficient_training_data
drop_matchups,2024-12-08,2024_25,0022400350,ATL,DEN,252,241.16666666666666,,,,,,,345,insufficient_training_data
drop_matchups,2024-12-08,2024_25,0022400347,CHI,PHI,208,232.5,,,,,,,345,insufficient_training_data
drop_matchups,2024-12-08,2024_25,0022400354,SAS,NOP,237,225.83333333333334,,,,,,,345,insufficient_training_data
drop_matchups,2024-12-08,2024_25,0022400355,GSW,MIN,220,216.0,,,,,,,345,insufficient_training_data
drop_matchups,2024-12-08,2024_25,0022400356,LAC,HOU,223,215.5,,,,,,,345,insufficient_training_data
drop_matchups,2024-12-08,2024_25,0022400357,SAC,UTA,238,230.5,,,,,,,345,insufficient_training_data
drop_matchups,2024-12-08,2024_25,0022400358,LAL,POR,205,225.5,,,,,,,345,insufficient_training_data
drop_matchups,2024-12-08,2024_25,0022400353,WAS,MEM,252,242.0,,,,,,,345,insufficient_training_data
drop_matchups,2024-12-09,2024_25,0022400359,TOR,NYK,221,231.0,,,,,,,357,insufficient_training_data
drop_matchups,2024-12-10,2024_25,0022401203,OKC,DAL,222,231.33333333333334,,,,,,,358,insufficient_training_data
drop_matchups,2024-12-10,2024_25,0022401201,MIL,ORL,223,213.16666666666666,,,,,,,358,insufficient_training_data
drop_matchups,2024-12-11,2024_25,0022401204,HOU,GSW,181,222.16666666666666,,,,,,,360,insufficient_training_data
drop_matchups,2024-12-11,2024_25,0022401202,NYK,ATL,208,236.16666666666666,,,,,,,360,insufficient_training_data
drop_matchups,2024-12-12,2024_25,0022401207,NOP,SAC,220,231.66666666666666,,,,,,,362,insufficient_training_data
drop_matchups,2024-12-12,2024_25,0022401206,MIA,TOR,218,224.0,,,,,,,362,insufficient_training_data
drop_matchups,2024-12-12,2024_25,0022401205,BOS,DET,222,227.5,,,,,,,362,insufficient_training_data
drop_matchups,2024-12-13,2024_25,0022401213,DEN,LAC,218,228.33333333333334,,,,,,,365,insufficient_training_data
drop_matchups,2024-12-13,2024_25,0022401215,POR,SAS,234,224.66666666666666,,,,,,,365,insufficient_training_data
drop_matchups,2024-12-13,2024_25,0022401214,UTA,PHX,260,231.33333333333334,,,,,,,365,insufficient_training_data
drop_matchups,2024-12-13,2024_25,0022401212,CHI,CHA,204,231.16666666666666,,,,,,,365,insufficient_training_data
drop_matchups,2024-12-13,2024_25,0022401209,PHI,IND,228,225.66666666666666,,,,,,,365,insufficient_training_data
drop_matchups,2024-12-13,2024_25,0022401210,MIN,LAL,184,214.0,,,,,,,365,insufficient_training_data
drop_matchups,2024-12-13,2024_25,0022401211,MEM,BKN,254,230.5,,,,,,,365,insufficient_training_data
drop_matchups,2024-12-13,2024_25,0022401208,CLE,WAS,220,232.5,,,,,,,365,insufficient_training_data
drop_matchups,2024-12-15,2024_25,0022401228,GSW,DAL,276,229.83333333333334,,,,,,,373,insufficient_training_data
drop_matchups,2024-12-15,2024_25,0022401227,ORL,NYK,191,215.33333333333334,,,,,,,373,insufficient_training_data
drop_matchups,2024-12-15,2024_25,0022401219,PHX,POR,225,229.0,,,,,,,373,insufficient_training_data
drop_matchups,2024-12-15,2024_25,0022401220,LAL,MEM,226,232.5,,,,,,,373,insufficient_training_data
drop_matchups,2024-12-15,2024_25,0022401217,WAS,BOS,210,229.83333333333334,,,,,,,373,insufficient_training_data
drop_matchups,2024-12-15,2024_25,0022401216,IND,NOP,223,228.5,,,,,,,373,insufficient_training_data
drop_matchups,2024-12-15,2024_25,0022401218,SAS,MIN,198,214.5,,,,,,,373,insufficient_training_data
drop_matchups,2024-12-16,2024_25,0022401226,LAC,UTA,251,224.16666666666666,,,,,,,380,insufficient_training_data
drop_matchups,2024-12-16,2024_25,0022401225,SAC,DEN,259,238.33333333333334,,,,,,,380,insufficient_training_data
drop_matchups,2024-12-16,2024_25,0022401224,BKN,CLE,231,218.66666666666666,,,,,,,380,insufficient_training_data
drop_matchups,2024-12-16,2024_25,0022401221,DET,MIA,249,218.33333333333334,,,,,,,380,insufficient_training_data
drop_matchups,2024-12-16,2024_25,0022401222,CHA,PHI,229,214.5,,,,,,,380,insufficient_training_data
drop_matchups,2024-12-16,2024_25,0022401223,TOR,CHI,243,238.5,,,,,,,380,insufficient_training_data
drop_matchups,2024-12-19,2024_25,0022400364,TOR,BKN,195,218.16666666666666,,,,,,,386,insufficient_training_data
drop_matchups,2024-12-19,2024_25,0022400366,MEM,GSW,237,235.66666666666666,,,,,,,386,insufficient_training_data
drop_matchups,2024-12-19,2024_25,0022400360,DET,UTA,245,227.83333333333334,,,,,,,386,insufficient_training_data
drop_matchups,2024-12-19,2024_25,0022400362,WAS,CHA,237,223.5,,,,,,,386,insufficient_training_data
drop_matchups,2024-12-19,2024_25,0022400363,BOS,CHI,225,242.33333333333334,,,,,,,386,insufficient_training_data
drop_matchups,2024-12-19,2024_25,0022400365,HOU,NOP,246,217.16666666666666,,,,,,,386,insufficient_training_data
drop_matchups,2024-12-19,2024_25,0022400372,SAC,LAL,213,229.0,,,,,,,386,insufficient_training_data
drop_matchups,2024-12-19,2024_25,0022400367,MIN,NYK,240,214.33333333333334,,,,,,,386,insufficient_training_data
drop_matchups,2024-12-19,2024_25,0022400369,PHX,IND,231,234.5,,,,,,,386,insufficient_training_data
drop_matchups,2024-12-19,2024_25,0022400370,SAS,ATL,259,233.5,,,,,,,386,insufficient_training_data
drop_matchups,2024-12-19,2024_25,0022400371,POR,DEN,250,235.5,,,,,,,386,insufficient_training_data
drop_matchups,2024-12-19,2024_25,0022400368,DAL,LAC,213,223.66666666666666,,,,,,,386,insufficient_training_data
drop_matchups,2024-12-19,2024_25,0022400361,ORL,OKC,204,210.5,,,,,,,386,insufficient_training_data
drop_matchups,2024-12-20,2024_25,0022400373,PHI,CHA,206,217.83333333333334,,,,,,,399,insufficient_training_data
drop_matchups,2024-12-20,2024_25,0022400374,CLE,MIL,225,223.66666666666666,,,,,,,399,insufficient_training_data
drop_matchups,2024-12-20,2024_25,0022400375,MIA,OKC,201,214.83333333333334,,,,,,,399,insufficient_training_data
drop_matchups,2024-12-21,2024_25,0022400379,BKN,UTA,199,221.5,,,,,,,402,insufficient_training_data
drop_matchups,2024-12-21,2024_25,0022400376,SAC,LAL,202,228.0,,,,,,,402,insufficient_training_data
drop_matchups,2024-12-21,2024_25,0022400387,PHX,DET,258,225.83333333333334,,,,,,,402,insufficient_training_data
drop_matchups,2024-12-21,2024_25,0022400378,ATL,MEM,240,241.5,,,,,,,402,insufficient_training_data
drop_matchups,2024-12-21,2024_25,0022400380,CLE,PHI,225,221.33333333333334,,,,,,,402,insufficient_training_data
drop_matchups,2024-12-21,2024_25,0022400381,CHI,BOS,221,243.0,,,,,,,402,insufficient_training_data
drop_matchups,2024-12-21,2024_25,0022400382,MIL,WAS,213,224.5,,,,,,,402,insufficient_training_data
drop_matchups,2024-12-21,2024_25,0022400386,SAS,POR,208,227.5,,,,,,,402,insufficient_training_data
drop_matchups,2024-12-21,2024_25,0022400385,DAL,LAC,210,221.33333333333334,,,,,,,402,insufficient_training_data
drop_matchups,2024-12-21,2024_25,0022400377,ORL,MIA,235,208.5,,,,,,,402,insufficient_training_data
drop_matchups,2024-12-21,2024_25,0022400383,MIN,GSW,216,213.33333333333334,,,,,,,402,insufficient_training_data
drop_matchups,2024-12-21,2024_25,0022400384,NOP,NYK,197,226.33333333333334,,,,,,,402,insufficient_training_data
drop_matchups,2024-12-22,2024_25,0022400389,SAC,IND,217,235.83333333333334,,,,,,,414,insufficient_training_data
drop_matchups,2024-12-22,2024_25,0022400390,NOP,DEN,261,232.0,,,,,,,414,insufficient_training_data
drop_matchups,2024-12-22,2024_25,0022400388,TOR,HOU,224,223.0,,,,,,,414,insufficient_training_data
drop_matchups,2024-12-23,2024_25,0022400397,NYK,TOR,264,227.16666666666666,,,,,,,417,insufficient_training_data
drop_matchups,2024-12-23,2024_25,0022400391,CHA,HOU,215,218.5,,,,,,,417,insufficient_training_data
drop_matchups,2024-12-23,2024_25,0022400392,CLE,UTA,237,232.33333333333334,,,,,,,417,insufficient_training_data
drop_matchups,2024-12-23,2024_25,0022400393,ORL,BOS,212,215.0,,,,,,,417,insufficient_training_data
drop_matchups,2024-12-23,2024_25,0022400394,PHI,SAS,217,217.0,,,,,,,417,insufficient_training_data
drop_matchups,2024-12-23,2024_25,0022400395,ATL,MIN,221,222.16666666666666,,,,,,,417,insufficient_training_data
drop_matchups,2024-12-23,2024_25,0022400396,MIA,BKN,205,214.5,,,,,,,417,insufficient_training_data
drop_matchups,2024-12-23,2024_25,0022400398,CHI,MIL,203,233.33333333333334,,,,,,,417,insufficient_training_data
drop_matchups,2024-12-23,2024_25,0022400399,MEM,LAC,224,230.5,,,,,,,417,insufficient_training_data
drop_matchups,2024-12-23,2024_25,0022400403,GSW,IND,216,231.0,,,,,,,417,insufficient_training_data
drop_matchups,2024-12-23,2024_25,0022400404,LAL,DET,231,223.83333333333334,,,,,,,417,insufficient_training_data
drop_matchups,2024-12-23,2024_25,0022400401,DAL,POR,240,228.66666666666666,,,,,,,417,insufficient_training_data
drop_matchups,2024-12-23,2024_25,0022400400,OKC,WAS,228,222.33333333333334,,,,,,,417,insufficient_training_data
drop_matchups,2024-12-23,2024_25,0022400402,DEN,PHX,207,232.5,,,,,,,417,insufficient_training_data
drop_matchups,2024-12-25,2024_25,0022400407,BOS,PHI,232,221.5,,,,,,,431,insufficient_training_data
drop_matchups,2024-12-25,2024_25,0022400408,GSW,LAL,228,222.33333333333334,,,,,,,431,insufficient_training_data
drop_matchups,2024-12-25,2024_25,0022400405,NYK,SAS,231,223.5,,,,,,,431,insufficient_training_data
drop_matchups,2024-12-25,2024_25,0022400409,PHX,DEN,210,232.5,,,,,,,431,insufficient_training_data
drop_matchups,2024-12-25,2024_25,0022400406,DAL,MIN,204,221.33333333333334,,,,,,,431,insufficient_training_data
drop_matchups,2024-12-26,2024_25,0022400416,NOP,HOU,239,220.5,,,,,,,436,insufficient_training_data
drop_matchups,2024-12-26,2024_25,0022400418,SAC,DET,227,227.33333333333334,,,,,,,436,insufficient_training_data
drop_matchups,2024-12-26,2024_25,0022400417,POR,UTA,242,228.5,,,,,,,436,insufficient_training_data
drop_matchups,2024-12-26,2024_25,0022400415,MIL,BKN,216,213.16666666666666,,,,,,,436,insufficient_training_data
drop_matchups,2024-12-26,2024_25,0022400412,WAS,CHA,223,227.16666666666666,,,,,,,436,insufficient_training_data
drop_matchups,2024-12-26,2024_25,0022400413,ATL,CHI,274,242.83333333333334,,,,,,,436,insufficient_training_data
drop_matchups,2024-12-26,2024_25,0022400411,ORL,MIA,177,208.33333333333334,,,,,,,436,insufficient_training_data
drop_matchups,2024-12-26,2024_25,0022400410,IND,OKC,234,226.83333333333334,,,,,,,436,insufficient_training_data
drop_matchups,2024-12-26,2024_25,0022400414,MEM,TOR,281,238.5,,,,,,,436,insufficient_training_data
drop_matchups,2024-12-27,2024_25,0022400422,HOU,MIN,225,213.33333333333334,,,,,,,445,insufficient_training_data
drop_matchups,2024-12-27,2024_25,0022400419,ORL,NYK,193,212.0,,,,,,,445,insufficient_training_data
drop_matchups,2024-12-27,2024_25,0022400420,BOS,IND,247,232.5,,,,,,,445,insufficient_training_data
drop_matchups,2024-12-27,2024_25,0022400421,BKN,SAS,183,214.33333333333334,,,,,,,445,insufficient_training_data
drop_matchups,2024-12-27,2024_25,0022400425,PHX,DAL,187,225.33333333333334,,,,,,,445,insufficient_training_data
drop_matchups,2024-12-27,2024_25,0022400423,NOP,MEM,256,239.0,,,,,,,445,insufficient_training_data
drop_matchups,2024-12-27,2024_25,0022400424,DEN,CLE,284,236.5,,,,,,,445,insufficient_training_data
drop_matchups,2024-12-27,2024_25,0022400426,LAC,GSW,194,214.0,,,,,,,445,insufficient_training_data
drop_matchups,2024-12-28,2024_25,0022400432,DEN,DET,255,230.83333333333334,,,,,,,453,insufficient_training_data
drop_matchups,2024-12-28,2024_25,0022400434,POR,DAL,248,224.0,,,,,,,453,insufficient_training_data
drop_matchups,2024-12-28,2024_25,0022400433,UTA,PHI,225,222.66666666666666,,,,,,,453,insufficient_training_data
drop_matchups,2024-12-28,2024_25,0022400431,GSW,PHX,214,219.33333333333334,,,,,,,453,insufficient_training_data
drop_matchups,2024-12-28,2024_25,0022400435,LAL,SAC,254,223.0,,,,,,,453,insufficient_training_data
drop_matchups,2024-12-28,2024_25,0022400429,WAS,NYK,268,228.0,,,,,,,453,insufficient_training_data
drop_matchups,2024-12-28,2024_25,0022400428,CHA,OKC,200,219.0,,,,,,,453,insufficient_training_data
drop_matchups,2024-12-28,2024_25,0022400427,ATL,MIA,230,225.33333333333334,,,,,,,453,insufficient_training_data
drop_matchups,2024-12-28,2024_25,0022400430,CHI,MIL,227,229.5,,,,,,,453,insufficient_training_data
drop_matchups,2024-12-29,2024_25,0022400441,MIN,SAS,222,214.33333333333334,,,,,,,462,insufficient_training_data
drop_matchups,2024-12-29,2024_25,0022400439,HOU,MIA,204,216.5,,,,,,,462,insufficient_training_data
drop_matchups,2024-12-29,2024_25,0022400440,OKC,MEM,236,230.0,,,,,,,462,insufficient_training_data
drop_matchups,2024-12-29,2024_25,0022400437,BOS,IND,237,233.66666666666666,,,,,,,462,insufficient_training_data
drop_matchups,2024-12-29,2024_25,0022400436,ORL,BKN,203,204.5,,,,,,,462,insufficient_training_data
drop_matchups,2024-12-29,2024_25,0022400438,TOR,ATL,243,237.33333333333334,,,,,,,462,insufficient_training_data
drop_matchups,2024-12-30,2024_25,0022400448,SAC,DAL,210,230.0,,,,,,,468,insufficient_training_data
drop_matchups,2024-12-30,2024_25,0022400447,POR,PHI,228,222.33333333333334,,,,,,,468,insufficient_training_data
drop_matchups,2024-12-30,2024_25,0022400446,GSW,CLE,208,231.16666666666666,,,,,,,468,insufficient_training_data
drop_matchups,2024-12-30,2024_25,0022400445,UTA,DEN,253,240.0,,,,,,,468,insufficient_training_data
drop_matchups,2024-12-30,2024_25,0022400444,NOP,LAC,229,220.83333333333334,,,,,,,468,insufficient_training_data
drop_matchups,2024-12-30,2024_25,0022400443,WAS,NYK,232,230.16666666666666,,,,,,,468,insufficient_training_data
drop_matchups,2024-12-30,2024_25,0022400442,CHA,CHI,223,226.33333333333334,,,,,,,468,insufficient_training_data
drop_matchups,2024-12-31,2024_25,0022400454,LAL,CLE,232,229.0,,,,,,,475,insufficient_training_data
drop_matchups,2024-12-31,2024_25,0022400453,PHX,MEM,229,235.5,,,,,,,475,insufficient_training_data
drop_matchups,2024-12-31,2024_25,0022400452,OKC,MIN,218,216.16666666666666,,,,,,,475,insufficient_training_data
drop_matchups,2024-12-31,2024_25,0022400450,IND,MIL,232,230.16666666666666,,,,,,,475,insufficient_training_data
drop_matchups,2024-12-31,2024_25,0022400449,BOS,TOR,196,233.16666666666666,,,,,,,475,insufficient_training_data
drop_matchups,2024-12-31,2024_25,0022400451,SAS,LAC,208,217.16666666666666,,,,,,,475,insufficient_training_data
drop_matchups,2025-01-01,2024_25,0022400462,SAC,PHI,220,223.5,,,,,,,481,insufficient_training_data
drop_matchups,2025-01-01,2024_25,0022400461,DEN,ATL,259,246.33333333333334,,,,,,,481,insufficient_training_data
drop_matchups,2025-01-01,2024_25,0022400460,HOU,DAL,209,221.5,,,,,,,481,insufficient_training_data
drop_matchups,2025-01-01,2024_25,0022400459,TOR,BKN,243,221.5,,,,,,,481,insufficient_training_data
drop_matchups,2025-01-01,2024_25,0022400456,WAS,CHI,232,237.16666666666666,,,,,,,481,insufficient_training_data
drop_matchups,2025-01-01,2024_25,0022400457,MIA,NOP,227,222.16666666666666,,,,,,,481,insufficient_training_data
drop_matchups,2025-01-01,2024_25,0022400455,DET,ORL,201,211.5,,,,,,,481,insufficient_training_data
drop_matchups,2025-01-01,2024_25,0022400458,NYK,UTA,222,231.16666666666666,,,,,,,481,insufficient_training_data
drop_matchups,2025-01-02,2024_25,0022400467,GSW,PHI,244,217.66666666666666,,,,,,,489,insufficient_training_data
drop_matchups,2025-01-02,2024_25,0022400468,LAL,POR,220,225.0,,,,,,,489,insufficient_training_data
drop_matchups,2025-01-02,2024_25,0022400466,OKC,LAC,214,219.33333333333334,,,,,,,489,insufficient_training_data
drop_matchups,2025-01-02,2024_25,0022400463,MIA,IND,243,224.33333333333334,,,,,,,489,insufficient_training_data
drop_matchups,2025-01-02,2024_25,0022400464,MIN,BOS,233,219.5,,,,,,,489,insufficient_training_data
drop_matchups,2025-01-02,2024_25,0022400465,MIL,BKN,223,219.0,,,,,,,489,insufficient_training_data
drop_matchups,2025-01-03,2024_25,0022400477,LAL,ATL,221,231.33333333333334,,,,,,,495,insufficient_training_data
drop_matchups,2025-01-03,2024_25,0022400476,SAC,MEM,271,238.5,,,,,,,495,insufficient_training_data
drop_matchups,2025-01-03,2024_25,0022400475,DEN,SAS,223,236.5,,,,,,,495,insufficient_training_data
drop_matchups,2025-01-03,2024_25,0022400474,DAL,CLE,256,230.5,,,,,,,495,insufficient_training_data
drop_matchups,2025-01-03,2024_25,0022400470,TOR,ORL,203,216.33333333333334,,,,,,,495,insufficient_training_data
drop_matchups,2025-01-03,2024_25,0022400472,NOP,WAS,252,232.66666666666666,,,,,,,495,insufficient_training_data
drop_matchups,2025-01-03,2024_25,0022400471,HOU,BOS,195,220.66666666666666,,,,,,,495,insufficient_training_data
drop_matchups,2025-01-03,2024_25,0022400469,DET,CHA,192,216.5,,,,,,,495,insufficient_training_data
drop_matchups,2025-01-03,2024_25,0022400473,OKC,NYK,224,221.66666666666666,,,,,,,495,insufficient_training_data
drop_matchups,2025-01-04,2024_25,0022400480,IND,PHX,234,233.5,1.675297351704879,235.17529735170487,1.6752973517048702,-1.175297351704879,1.1752973517048702,1.3813238649244812,504,
drop_matchups,2025-01-04,2024_25,0022400482,CHI,NYK,265,234.83333333333334,0.2983804753716799,235.13171380870503,0.29838047537168677,29.868286191294978,29.86828619129497,892.1145200051018,504,
drop_matchups,2025-01-04,2024_25,0022400478,BKN,PHI,217,214.33333333333334,2.8546695225184613,217.1880028558518,2.8546695225184635,-0.1880028558518041,0.18800285585180632,0.03534507380843507,504,
drop_matchups,2025-01-04,2024_25,0022400481,MIA,UTA,236,223.5,-4.1269823428162695,219.37301765718374,-4.126982342816262,16.62698234281627,16.626982342816262,276.4565418283238,504,
drop_matchups,2025-01-04,2024_25,0022400485,GSW,MEM,234,234.16666666666666,2.2960989892646477,236.4627656559313,2.2960989892646353,-2.462765655931305,2.4627656559312925,6.06521467603469,504,
drop_matchups,2025-01-04,2024_25,0022400483,MIL,POR,207,227.33333333333334,-2.4612004489955983,224.87213288433773,-2.461200448995612,-17.872132884337745,17.87213288433773,319.4131338354261,504,
drop_matchups,2025-01-04,2024_25,0022400486,LAC,ATL,236,227.83333333333334,4.892866161528151,232.7261994948615,4.892866161528161,3.2738005051385066,3.273800505138496,10.717769747445072,504,
drop_matchups,2025-01-04,2024_25,0022400479,DET,MIN,224,217.66666666666666,4.741834138095805,222.40850080476247,4.741834138095811,1.591499195237538,1.5914991952375317,2.532869688441711,504,
drop_matchups,2025-01-04,2024_25,0022400484,SAS,DEN,233,237.0,0.29440882278438696,237.2944088227844,0.2944088227843906,-4.294408822784387,4.294408822784391,18.441947137208416,504,
drop_matchups,2025-01-05,2024_25,0022400492,GSW,SAC,228,225.33333333333334,0.10079658006371153,225.43412991339704,0.10079658006370096,2.5658700866029456,2.5658700866029562,6.583689301323862,513,
drop_matchups,2025-01-05,2024_25,0022400490,ORL,UTA,197,212.16666666666666,3.9343033909593803,216.10097005762603,3.9343033909593714,-19.100970057626036,19.10097005762603,364.8470571423261,513,
drop_matchups,2025-01-05,2024_25,0022400491,HOU,LAL,234,218.33333333333334,1.00343050307552,219.33676383640886,1.0034305030755206,14.663236163591137,14.663236163591137,215.0104947892469,513,
drop_matchups,2025-01-05,2024_25,0022400489,WAS,NOP,208,235.16666666666666,1.6397382840122499,236.8064049506789,1.6397382840122532,-28.806404950678907,28.80640495067891,829.8089661824985,513,
drop_matchups,2025-01-05,2024_25,0022400487,OKC,BOS,197,221.5,1.3880455696263958,222.8880455696264,1.3880455696263994,-25.888045569626396,25.8880455696264,670.1909034150531,513,
drop_matchups,2025-01-05,2024_25,0022400488,CLE,CHA,220,223.0,-5.099131490701973,217.90086850929802,-5.0991314907019785,2.099131490701973,2.0991314907019785,4.40635301525671,513,
drop_matchups,2025-01-06,2024_25,0022400498,CHI,SAS,224,236.5,0.2994141269488197,236.79941412694882,0.2994141269488182,-12.79941412694882,12.799414126948818,163.82500199313696,519,
drop_matchups,2025-01-06,2024_25,0022400496,NYK,ORL,197,210.0,-1.2955570123704687,208.70444298762953,-1.295557012370466,-11.70444298762953,11.704442987629534,136.99398565067017,519,
drop_matchups,2025-01-06,2024_25,0022400493,DET,POR,233,225.5,0.959960294345484,226.45996029434548,0.9599602943454784,6.540039705654516,6.540039705654522,42.77211935153768,519,
drop_matchups,2025-01-06,2024_25,0022400494,PHI,PHX,208,223.33333333333334,2.5273553729738985,225.86068870630723,2.5273553729738865,-17.86068870630724,17.86068870630723,319.0042010636106,519,
drop_matchups,2025-01-06,2024_25,0022400495,BKN,IND,212,222.83333333333334,-6.062050940292951,216.7712823930404,-6.0620509402929486,-4.771282393040392,4.771282393040394,22.76513567413727,519,
drop_matchups,2025-01-06,2024_25,0022400500,MIN,LAC,214,214.5,3.7631944740814696,218.26319447408147,3.763194474081473,-4.26319447408147,4.263194474081473,18.174827123838806,519,
drop_matchups,2025-01-06,2024_25,0022400497,TOR,MIL,232,230.5,2.3603695706100445,232.86036957061003,2.3603695706100325,-0.8603695706100445,0.8603695706100325,0.7402357980316917,519,
drop_matchups,2025-01-06,2024_25,0022400499,MEM,DAL,223,232.33333333333334,3.805957237444007,236.13929057077735,3.805957237444005,-13.13929057077735,13.139290570777348,172.64095670331852,519,
drop_matchups,2025-01-06,2024_25,0022400501,SAC,MIA,241,224.16666666666666,-2.29183263026466,221.874834036402,-2.2918326302646506,19.125165963598004,19.125165963597993,365.7719731351672,519,
drop_matchups,2025-01-07,2024_25,0022400506,UTA,ATL,245,235.83333333333334,0.1458408204190668,235.9791741537524,0.14584082041906754,9.02082584624759,9.02082584624759,81.37529894832855,528,
drop_matchups,2025-01-07,2024_25,0022400507,DEN,BOS,224,235.5,0.04902187960779375,235.5490218796078,0.049021879607806795,-11.549021879607794,11.549021879607807,133.37990637565983,528,
drop_matchups,2025-01-07,2024_25,0022400508,GSW,MIA,212,218.5,3.221658196974623,221.72165819697463,3.22165819697463,-9.721658196974623,9.72165819697463,94.51063809880401,528,
drop_matchups,2025-01-07,2024_25,0022400504,DAL,LAL,215,219.5,0.24940614465833885,219.74940614465834,0.24940614465833733,-4.749406144658339,4.749406144658337,22.55685872691837,528,
drop_matchups,2025-01-07,2024_25,0022400503,WAS,HOU,247,225.33333333333334,6.016918554473931,231.35025188780727,6.016918554473932,15.649748112192725,15.649748112192725,244.91461597507976,528,
drop_matchups,2025-01-07,2024_25,0022400502,CHA,PHX,219,222.16666666666666,1.2425846333744095,223.40925130004106,1.2425846333744062,-4.409251300041067,4.409251300041063,19.441497026913808,528,
drop_matchups,2025-01-07,2024_25,0022400505,NOP,MIN,201,220.83333333333334,4.5112128790365285,225.34454621236986,4.5112128790365205,-24.34454621236987,24.344546212369863,592.6569302862118,528,
drop_matchups,2025-01-08,2024_25,0022400509,CLE,OKC,251,227.83333333333334,-3.082596701669359,224.75073663166398,-3.0825967016693596,26.249263368336017,26.249263368336017,689.0238273802671,535,
drop_matchups,2025-01-08,2024_25,0022400510,IND,CHI,242,241.0,-0.030673719877295558,240.96932628012271,-0.030673719877285066,1.0306737198772955,1.030673719877285,1.0622883168456803,535,
drop_matchups,2025-01-08,2024_25,0022400511,NYK,TOR,210,231.33333333333334,-8.781777781905834,222.5515555514275,-8.781777781905845,-12.551555551427509,12.551555551427498,157.54154676057044,535,
drop_matchups,2025-01-08,2024_25,0022400512,PHI,WAS,212,221.5,-1.1489002392547232,220.35109976074529,-1.148900239254715,-8.351099760745276,8.351099760745285,69.74086721391996,535,
drop_matchups,2025-01-08,2024_25,0022400513,BKN,DET,211,213.5,-1.8470680062222737,211.6529319937777,-1.8470680062222868,-0.6529319937777263,0.6529319937777132,0.42632018849853964,535,
drop_matchups,2025-01-08,2024_25,0022400515,DEN,LAC,229,227.5,-1.6486813027432643,225.85131869725674,-1.648681302743256,3.148681302743264,3.148681302743256,9.914193946244968,535,
drop_matchups,2025-01-08,2024_25,0022400514,NOP,POR,219,226.5,-0.9106657248937088,225.5893342751063,-0.910665724893704,-6.5893342751062915,6.589334275106296,43.41932618909062,535,
drop_matchups,2025-01-08,2024_25,0022400516,MIL,SAS,226,222.33333333333334,-0.7651303475408973,221.56820298579245,-0.7651303475408895,4.431797014207555,4.431797014207547,19.640824775138924,535,
drop_matchups,2025-01-09,2024_25,0022400517,CLE,TOR,258,234.66666666666666,-7.291825877583888,227.37484078908278,-7.291825877583875,30.625159210917232,30.625159210917218,937.9003766940277,543,
drop_matchups,2025-01-09,2024_25,0022400518,DET,GSW,211,219.33333333333334,3.7540640249560755,223.08739735828942,3.7540640249560795,-12.087397358289419,12.087397358289422,146.1051748971821,543,
drop_matchups,2025-01-09,2024_25,0022400519,ORL,MIN,193,204.0,-0.43293962426033805,203.56706037573966,-0.43293962426034227,-10.567060375739661,10.567060375739658,111.66276498452716,543,
drop_matchups,2025-01-09,2024_25,0022400520,MEM,HOU,234,233.5,5.8977705156775215,239.3977705156775,5.897770515677507,-5.3977705156775215,5.397770515677507,29.135926539917424,543,
drop_matchups,2025-01-09,2024_25,0022400521,DAL,POR,228,219.66666666666666,-0.65847510288391,219.00819156378276,-0.658475102883898,8.991808436217253,8.99180843621724,80.85261895362754,543,
drop_matchups,2025-01-09,2024_25,0022400522,PHX,ATL,238,238.33333333333334,-0.8407219123542664,237.49261142097907,-0.8407219123542689,0.5073885790209236,0.507388579020926,0.25744317012087453,543,
drop_matchups,2025-01-09,2024_25,0022400523,UTA,MIA,189,223.0,2.0320755860210955,225.0320755860211,2.032075586021108,-36.032075586021094,36.03207558602111,1298.3104710367384,543,
drop_matchups,2025-01-10,2024_25,0022400528,BOS,SAC,211,229.66666666666666,-2.226402976269837,227.44026369039682,-2.2264029762698385,-16.44026369039682,16.44026369039682,270.28227020978005,550,
drop_matchups,2025-01-10,2024_25,0022400525,IND,GSW,204,223.83333333333334,0.6463756198875326,224.47970895322086,0.6463756198875217,-20.479708953220875,20.479708953220864,419.41847880863486,550,
drop_matchups,2025-01-10,2024_25,0022400527,PHI,NOP,238,220.33333333333334,-0.5923644812596598,219.74096885207368,-0.5923644812596649,18.25903114792632,18.259031147926322,333.39221846094364,550,
drop_matchups,2025-01-10,2024_25,0022400530,CHI,WAS,243,241.5,-1.5554538723784515,239.94454612762155,-1.5554538723784503,3.0554538723784512,3.0554538723784503,9.335798366232467,550,
drop_matchups,2025-01-10,2024_25,0022400529,NYK,OKC,227,225.0,3.389304455049894,228.38930445504988,3.3893044550498814,-1.3893044550498939,1.3893044550498814,1.930166868821448,550,
drop_matchups,2025-01-10,2024_25,0022400531,DEN,BKN,229,220.5,-4.9011693567180945,215.5988306432819,-4.9011693567181,13.401169356718095,13.4011693567181,179.59134012744022,550,
drop_matchups,2025-01-10,2024_25,0022400526,ORL,MIL,215,209.33333333333334,1.064844098500792,210.39817743183414,1.0648440985007994,4.601822568165865,4.601822568165858,21.17677094888061,550,
drop_matchups,2025-01-11,2024_25,0022400533,PHX,UTA,220,228.5,-3.5061515435884,224.9938484564116,-3.506151543588402,-4.9938484564116,4.993848456411598,24.938522405604502,557,
drop_matchups,2025-01-11,2024_25,0022400534,DET,TOR,237,230.33333333333334,3.682151631162676,234.015484964496,3.682151631162668,2.984515035503981,2.984515035503989,8.907329997149377,557,
drop_matchups,2025-01-11,2024_25,0022400535,MIN,MEM,252,230.0,2.6477558413510507,232.64775584135106,2.6477558413510565,19.35224415864895,19.352244158648944,374.50935397596214,557,
drop_matchups,2025-01-11,2024_25,0022400536,POR,MIA,217,218.83333333333334,-1.87750435434547,216.95582897898788,-1.8775043543454615,0.04417102101212711,0.04417102101211867,0.0019510790972530293,557,
drop_matchups,2025-01-12,2024_25,0022400543,CLE,IND,201,238.66666666666666,-2.49945522445011,236.16721144221654,-2.4994552244501165,-35.16721144221655,35.16721144221654,1236.732760621566,561,
drop_matchups,2025-01-12,2024_25,0022400539,NYK,MIL,246,227.33333333333334,5.280249191074086,232.61358252440743,5.280249191074091,13.386417475592571,13.386417475592566,179.19617283085006,561,
drop_matchups,2025-01-12,2024_25,0022400540,DAL,DEN,213,229.0,-1.0505954545294183,227.94940454547057,-1.0505954545294287,-14.949404545470582,14.949404545470571,223.48469626413618,561,
drop_matchups,2025-01-12,2024_25,0022400541,CHI,SAC,243,237.83333333333334,-1.0641724847642307,236.7691608485691,-1.0641724847642422,6.230839151430888,6.230839151430899,38.82335653100413,561,
drop_matchups,2025-01-12,2024_25,0022400542,BOS,NOP,239,227.0,1.257219312110609,228.2572193121106,1.2572193121106068,10.742780687889391,10.742780687889393,115.4073369080893,561,
drop_matchups,2025-01-12,2024_25,0022400546,UTA,BKN,223,215.5,-4.023986749985238,211.47601325001477,-4.023986749985227,11.523986749985237,11.523986749985227,132.80227061383508,561,
drop_matchups,2025-01-12,2024_25,0022400547,PHX,CHA,233,224.0,-5.1201210686911764,218.87987893130884,-5.120121068691162,14.120121068691176,14.120121068691162,199.37781899449604,561,
drop_matchups,2025-01-12,2024_25,0022400545,WAS,OKC,231,230.33333333333334,4.709573084042251,235.0429064173756,4.709573084042262,-4.042906417375594,4.042906417375605,16.345092299656848,561,
drop_matchups,2025-01-12,2024_25,0022400544,ORL,PHI,203,206.16666666666666,-1.6623735230577399,204.50429314360892,-1.6623735230577381,-1.5042931436089173,1.504293143608919,2.262897861908804,561,
drop_matchups,2025-01-13,2024_25,0022400548,WAS,MIN,226,224.33333333333334,4.514608121064098,228.84794145439744,4.5146081210641,-2.847941454397441,2.847941454397443,8.110770527675422,570,
drop_matchups,2025-01-13,2024_25,0022400549,NYK,DET,243,224.33333333333334,3.515123187479825,227.84845652081316,3.5151231874798157,15.151543479186833,15.151543479186842,229.5692698016893,570,
drop_matchups,2025-01-13,2024_25,0022400550,TOR,GSW,205,228.5,1.8117004772961758,230.31170047729617,1.8117004772961707,-25.311700477296174,25.31170047729617,640.6821810523552,570,
drop_matchups,2025-01-13,2024_25,0022400551,HOU,MEM,238,236.16666666666666,2.08304911100066,238.24971577766732,2.083049111000662,-0.24971577766731734,0.24971577766731912,0.06235796961599395,570,
drop_matchups,2025-01-13,2024_25,0022400552,LAL,SAS,228,222.5,2.4781837594829805,224.978183759483,2.478183759482988,3.0218162405170195,3.021816240517012,9.131373391452367,570,
drop_matchups,2025-01-13,2024_25,0022400553,LAC,MIA,207,215.33333333333334,-1.8981449000802078,213.43518843325313,-1.8981449000802115,-6.435188433253135,6.435188433253131,41.41165017147489,570,
drop_matchups,2025-01-14,2024_25,0022400555,PHI,OKC,220,218.33333333333334,3.7586739935294453,222.09200732686278,3.7586739935294418,-2.092007326862788,2.0920073268627846,4.376494655647574,576,
drop_matchups,2025-01-14,2024_25,0022400557,CHI,NOP,232,239.66666666666666,0.23792820421194144,239.9045948708786,0.23792820421195415,-7.904594870878599,7.904594870878611,62.48262007272045,576,
drop_matchups,2025-01-14,2024_25,0022400556,ATL,PHX,239,235.16666666666666,2.9823409608499856,238.14900762751665,2.982340960849996,0.8509923724833572,0.850992372483347,0.7241880180248357,576,
drop_matchups,2025-01-14,2024_25,0022400558,MIL,SAC,245,228.5,-1.6612215204509244,226.83877847954906,-1.6612215204509369,18.161221520450923,18.161221520450937,329.8299671148902,576,
drop_matchups,2025-01-14,2024_25,0022400559,DAL,DEN,217,232.33333333333334,-4.970429747617433,227.3629035857159,-4.97042974761743,-10.362903585715909,10.362903585715912,107.38977072684372,576,
drop_matchups,2025-01-14,2024_25,0022400560,POR,BKN,246,217.66666666666666,0.20753043117524111,217.8741970978419,0.20753043117522907,28.125802902158103,28.125802902158114,791.0607888910457,576,
drop_matchups,2025-01-14,2024_25,0022400554,IND,CLE,244,230.66666666666666,-1.2480946658896492,229.418572000777,-1.2480946658896528,14.581427999222992,14.581427999222996,212.61804249652434,576,
drop_matchups,2025-01-15,2024_25,0022400565,MIN,GSW,231,215.33333333333334,0.8943266261369529,216.2276599594703,0.8943266261369445,14.772340040529704,14.772340040529713,218.2220302730374,583,
drop_matchups,2025-01-15,2024_25,0022400562,TOR,BOS,207,229.66666666666666,1.7222125054603905,231.38887917212705,1.7222125054603907,-24.388879172127048,24.388879172127048,594.8174272726125,583,
drop_matchups,2025-01-15,2024_25,0022400563,CHI,ATL,204,243.5,-2.535905934751792,240.96409406524822,-2.5359059347517814,-36.964094065248204,36.96409406524822,1366.3442500645185,583,
drop_matchups,2025-01-15,2024_25,0022400561,PHI,NYK,244,219.0,1.811831144935589,220.81183114493558,1.8118311449355815,23.18816885506441,23.18816885506442,537.6911748509795,583,
drop_matchups,2025-01-15,2024_25,0022400569,UTA,CHA,229,221.33333333333334,-3.5172403852314953,217.81609294810184,-3.517240385231503,11.183907051898153,11.18390705189816,125.0797769454974,583,
drop_matchups,2025-01-15,2024_25,0022400564,MIL,ORL,215,211.0,-1.4809924452160947,209.5190075547839,-1.4809924452160885,5.480992445216095,5.4809924452160885,30.041278184515836,583,
drop_matchups,2025-01-15,2024_25,0022400568,DEN,HOU,236,231.5,3.172932807758715,234.6729328077587,3.1729328077587127,1.327067192241285,1.3270671922412873,1.7611073327231739,583,
drop_matchups,2025-01-15,2024_25,0022400571,LAC,BKN,193,213.0,-2.5160147996163027,210.4839852003837,-2.5160147996163005,-17.483985200383696,17.4839852003837,305.68973848723624,583,
drop_matchups,2025-01-15,2024_25,0022400570,LAL,MIA,225,217.33333333333334,1.236578781296382,218.56991211462972,1.236578781296373,6.430087885370275,6.430087885370284,41.34603021358569,583,
drop_matchups,2025-01-15,2024_25,0022400567,SAS,MEM,244,239.16666666666666,1.9769809907049325,241.1436476573716,1.9769809907049307,2.8563523426284103,2.856352342628412,8.158748705238818,583,
drop_matchups,2025-01-15,2024_25,0022400566,NOP,DAL,235,225.83333333333334,-3.2596460820283553,222.573687251305,-3.259646082028354,12.426312748695013,12.426312748695011,154.41324852838017,583,
drop_matchups,2025-01-16,2024_25,0022400576,SAC,HOU,259,226.16666666666666,-1.0257714023923357,225.14089526427432,-1.025771402392337,33.85910473572568,33.85910473572568,1146.4389735048412,594,
drop_matchups,2025-01-16,2024_25,0022400572,DET,IND,211,227.0,-4.673258801723841,222.32674119827615,-4.673258801723847,-11.32674119827616,11.326741198276153,128.2950661727263,594,
drop_matchups,2025-01-16,2024_25,0022400573,WAS,PHX,253,231.66666666666666,-0.7990521425243159,230.86761452414234,-0.7990521425243173,22.13238547585766,22.13238547585766,489.84248685195513,594,
drop_matchups,2025-01-16,2024_25,0022400574,OKC,CLE,248,232.5,-3.132932125233191,229.3670678747668,-3.1329321252331965,18.63293212523319,18.632932125233197,347.1861595835473,594,
drop_matchups,2025-01-16,2024_25,0022400575,POR,LAC,207,221.16666666666666,3.1534422027582267,224.32010886942487,3.153442202758214,-17.320108869424885,17.32010886942487,299.9861712487301,594,
drop_matchups,2025-01-17,2024_25,0022400577,BOS,ORL,215,210.66666666666666,0.05024038347049409,210.71690705013714,0.050240383470480765,4.283092949862849,4.283092949862862,18.344885217164954,599,
drop_matchups,2025-01-17,2024_25,0022400578,NYK,MIN,215,219.33333333333334,2.10297649507127,221.4363098284046,2.1029764950712604,-6.436309828404613,6.436309828404603,41.42608420721769,599,
drop_matchups,2025-01-17,2024_25,0022400580,MIL,TOR,242,229.66666666666666,3.6345975028344673,233.30126416950114,3.634597502834481,8.698735830498876,8.698735830498862,75.66800504880472,599,
drop_matchups,2025-01-17,2024_25,0022400579,MIA,DEN,246,226.16666666666666,0.3386147101793998,226.50528137684606,0.3386147101793995,19.494718623153943,19.494718623153943,380.0440541959452,599,
drop_matchups,2025-01-17,2024_25,0022400585,LAL,BKN,203,216.66666666666666,-1.892176805679631,214.77448986098702,-1.8921768056796395,-11.774489860987027,11.774489860987018,138.63861148648607,599,
drop_matchups,2025-01-17,2024_25,0022400581,NOP,UTA,259,230.16666666666666,0.38473319943552853,230.55139986610217,0.38473319943551587,28.448600133897813,28.448600133897827,809.3228495784115,599,
drop_matchups,2025-01-17,2024_25,0022400584,CHI,CHA,248,235.0,-2.6987995867962793,232.30120041320373,-2.6987995867962695,15.69879958679628,15.69879958679627,246.45230846639473,599,
drop_matchups,2025-01-17,2024_25,0022400582,SAS,MEM,252,239.16666666666666,0.4747114435752601,239.64137811024193,0.4747114435752735,12.358621889758084,12.35862188975807,152.73553501400733,599,
drop_matchups,2025-01-17,2024_25,0022400583,DAL,OKC,204,223.33333333333334,4.947403502845216,228.28073683617856,4.947403502845219,-24.28073683617856,24.280736836178562,589.5541813077585,599,
drop_matchups,2025-01-18,2024_25,0022400586,DET,PHX,246,226.66666666666666,0.6892103828614825,227.35587704952815,0.6892103828614893,18.64412295047186,18.644122950471854,347.6033205923113,608,
drop_matchups,2025-01-18,2024_25,0022400587,BOS,ATL,234,234.5,3.89069263026349,238.3906926302635,3.890692630263487,-4.39069263026349,4.390692630263487,19.2781817734501,608,
drop_matchups,2025-01-18,2024_25,0022400588,IND,PHI,217,223.16666666666666,0.5539031207266643,223.72056978739332,0.5539031207266589,-6.7205697873933214,6.720569787393316,45.16605826722384,608,
drop_matchups,2025-01-18,2024_25,0022400589,GSW,WAS,236,228.83333333333334,-0.795687458308861,228.03764587502448,-0.795687458308862,7.962354124975518,7.962354124975519,63.399083211514665,608,
drop_matchups,2025-01-18,2024_25,0022400590,MIN,CLE,241,226.66666666666666,3.4994041786813392,230.166070845348,3.4994041786813455,10.833929154652004,10.833929154651997,117.37402092801854,608,
drop_matchups,2025-01-18,2024_25,0022400591,POR,HOU,228,224.5,4.457140476296368,228.95714047629636,4.45714047629636,-0.9571404762963676,0.9571404762963596,0.916117891364822,608,
drop_matchups,2025-01-19,2024_25,0022400597,POR,CHI,215,235.5,4.628988853147371,240.12898885314738,4.628988853147376,-25.12898885314737,25.128988853147376,631.4660807816051,614,
drop_matchups,2025-01-19,2024_25,0022400595,OKC,BKN,228,217.5,-4.2291761399016785,213.27082386009832,-4.229176139901682,14.729176139901679,14.729176139901682,216.94862976024902,614,
drop_matchups,2025-01-19,2024_25,0022400592,MIA,SAS,235,219.5,-5.672832095764231,213.82716790423578,-5.672832095764221,21.17283209576423,21.17283209576422,448.28881895542355,614,
drop_matchups,2025-01-19,2024_25,0022400593,ORL,DEN,213,221.5,2.2184970834562665,223.71849708345627,2.2184970834562705,-10.718497083456267,10.71849708345627,114.88617972806058,614,
drop_matchups,2025-01-19,2024_25,0022400598,SAC,WAS,223,232.5,-1.360338882735942,231.13966111726407,-1.360338882735931,-8.139661117264058,8.139661117264069,66.25408310390056,614,
drop_matchups,2025-01-19,2024_25,0022400596,LAC,LAL,218,214.66666666666666,-3.172928044655731,211.49373862201094,-3.1729280446557198,6.506261377989073,6.506261377989063,42.33143711871214,614,
drop_matchups,2025-01-19,2024_25,0022400594,MIL,PHI,232,223.16666666666666,-4.959110833516952,218.2075558331497,-4.959110833516945,13.792444166850295,13.792444166850288,190.23151609568254,614,
drop_matchups,2025-01-20,2024_25,0022400603,CLE,PHX,210,233.5,2.4743386316807054,235.9743386316807,2.474338631680695,-25.974338631680705,25.974338631680695,674.6662673532202,621,
drop_matchups,2025-01-20,2024_25,0022400605,NOP,UTA,242,232.5,-1.9160980207525093,230.58390197924749,-1.9160980207525142,11.416098020752509,11.416098020752514,130.32729401942947,621,
drop_matchups,2025-01-20,2024_25,0022400604,GSW,BOS,210,223.5,2.0844876286140064,225.584487628614,2.0844876286139993,-15.584487628614006,15.584487628614,242.8762546464228,621,
drop_matchups,2025-01-20,2024_25,0022400611,LAC,CHI,211,227.16666666666666,3.502433866380364,230.66910053304701,3.5024338663803576,-19.669100533047022,19.669100533047015,386.87351577911033,621,
drop_matchups,2025-01-20,2024_25,0022400602,NYK,ATL,229,235.66666666666666,-1.0912995609824656,234.5753671056842,-1.0912995609824634,-5.575367105684192,5.575367105684194,31.084718363145345,621,
drop_matchups,2025-01-20,2024_25,0022400600,HOU,DET,203,222.83333333333334,0.6768661979883004,223.51019953132163,0.6768661979882893,-20.510199531321643,20.510199531321632,420.6682848146261,621,
drop_matchups,2025-01-20,2024_25,0022400599,CHA,DAL,215,223.5,0.4444769019482732,223.94447690194826,0.4444769019482635,-8.944476901948272,8.944476901948264,80.00366704948601,621,
drop_matchups,2025-01-20,2024_25,0022400601,MEM,MIN,214,234.83333333333334,1.7557733298305143,236.58910666316385,1.7557733298305038,-22.589106663163857,22.589106663163847,510.2677398397933,621,
drop_matchups,2025-01-21,2024_25,0022400610,LAL,WAS,199,229.16666666666666,-2.866406791295259,226.3002598753714,-2.8664067912952476,-27.3002598753714,27.30025987537141,745.3041892628141,629,
drop_matchups,2025-01-21,2024_25,0022400609,DEN,PHI,253,229.16666666666666,1.4496460653925367,230.61631273205919,1.4496460653925283,22.383687267940807,22.383687267940815,501.0294557089757,629,
drop_matchups,2025-01-21,2024_25,0022400608,TOR,ORL,202,215.33333333333334,1.6535534938910565,216.9868868272244,1.653553493891053,-14.9868868272244,14.986886827224396,224.6067767720321,629,
drop_matchups,2025-01-21,2024_25,0022400606,BKN,NYK,194,219.66666666666666,2.1153274415601886,221.78199410822685,2.115327441560197,-27.781994108226847,27.781994108226854,771.8391966295517,629,
drop_matchups,2025-01-21,2024_25,0022400607,MIA,POR,223,221.33333333333334,2.5852485549596795,223.91858188829303,2.5852485549596906,-0.9185818882930223,0.9185818882930334,0.843792685499995,629,
drop_matchups,2025-01-22,2024_25,0022400620,LAC,BOS,230,217.16666666666666,1.2063811687405457,218.3730478354072,1.2063811687405348,11.626952164592797,11.626952164592808,135.18601663772938,634,
drop_matchups,2025-01-22,2024_25,0022400619,SAC,GSW,240,228.33333333333334,-0.018113381935265287,228.31521995139806,-0.01811338193527945,11.684780048601922,11.684780048601937,136.53408478420587,634,
drop_matchups,2025-01-22,2024_25,0022400618,OKC,UTA,237,225.66666666666666,-4.71968376631822,220.94698290034844,-4.719683766318212,16.053017099651562,16.053017099651555,257.6993580017052,634,
drop_matchups,2025-01-22,2024_25,0022400616,MEM,CHA,252,239.5,-5.32192116204652,234.17807883795348,-5.321921162046522,17.82192116204652,17.82192116204652,317.62087390620167,634,
drop_matchups,2025-01-22,2024_25,0022400613,BKN,PHX,192,219.83333333333334,1.2475282483980796,221.08086158173143,1.2475282483980834,-29.080861581731423,29.080861581731426,845.6965103358228,634,
drop_matchups,2025-01-22,2024_25,0022400614,DAL,MIN,229,217.16666666666666,-0.49748335222198925,216.66918331444467,-0.497483352221991,12.330816685555332,12.330816685555334,152.04904013276982,634,
drop_matchups,2025-01-22,2024_25,0022400612,ATL,DET,218,235.66666666666666,0.6551670449305048,236.32183371159715,0.6551670449304936,-18.32183371159716,18.32183371159715,335.68959055541785,634,
drop_matchups,2025-01-22,2024_25,0022400615,HOU,CLE,217,231.5,-1.8300414077462486,229.66995859225375,-1.8300414077462506,-12.669958592253751,12.66995859225375,160.5278507294246,634,
drop_matchups,2025-01-23,2024_25,0022400623,ATL,TOR,241,234.33333333333334,2.6853865233365277,237.01871985666986,2.6853865233365184,3.9812801433301295,3.981280143330139,15.85059157967485,642,
drop_matchups,2025-01-23,2024_25,0022400622,ORL,POR,180,212.0,-2.12280307831341,209.8771969216866,-2.12280307831341,-29.87719692168659,29.87719692168659,892.6468958972387,642,
drop_matchups,2025-01-23,2024_25,0022400625,OKC,DAL,236,220.5,-0.6920509188759938,219.807949081124,-0.6920509188759922,16.192050918875992,16.192050918875992,262.1825129594729,642,
drop_matchups,2025-01-23,2024_25,0022400624,MIL,MIA,221,223.83333333333334,-2.8925858519360617,220.9407474813973,-2.8925858519360474,0.05925251860271885,0.05925251860270464,0.0035108609607638593,642,
drop_matchups,2025-01-23,2024_25,0022400629,LAL,BOS,213,221.16666666666666,0.6733129926470831,221.83997965931374,0.6733129926470838,-8.839979659313741,8.839979659313741,78.14524037708068,642,
drop_matchups,2025-01-23,2024_25,0022400626,DEN,SAC,255,240.66666666666666,-0.05041630754355348,240.61625035912311,-0.05041630754354287,14.383749640876896,14.383749640876886,206.89225373142594,642,
drop_matchups,2025-01-23,2024_25,0022400983,LAC,WAS,203,224.0,-1.5380457961906575,222.46195420380934,-1.5380457961906586,-19.46195420380934,19.46195420380934,378.7676614311721,642,
drop_matchups,2025-01-23,2024_25,0022400628,GSW,CHI,237,230.66666666666666,3.493147971490323,234.15981463815697,3.493147971490316,2.84018536184302,2.8401853618430266,8.066652889627404,642,
drop_matchups,2025-01-24,2024_25,0022400630,CHA,POR,199,220.83333333333334,-1.294183561095157,219.53914977223818,-1.294183561095167,-20.539149772238186,20.539149772238176,421.8566733664315,650,
drop_matchups,2025-01-24,2024_25,0022400631,PHI,CLE,261,228.66666666666666,-2.288687955825692,226.37797871084098,-2.2886879558256794,34.622021289159036,34.62202128915902,1198.6843581469805,650,
drop_matchups,2025-01-24,2024_25,0022400632,MEM,NOP,265,242.83333333333334,0.481470478164738,243.31480381149808,0.48147047816473787,21.68519618850192,21.68519618850192,470.24773373381817,650,
drop_matchups,2025-01-25,2024_25,0022400646,LAC,MIL,244,224.83333333333334,4.829355861941446,229.6626891952748,4.829355861941451,14.337310804725211,14.337310804725206,205.55848111129012,653,
drop_matchups,2025-01-25,2024_25,0022400639,ATL,TOR,211,236.0,2.0979023948954767,238.09790239489547,2.0979023948954705,-27.097902394895478,27.09790239489547,734.2963142032817,653,
drop_matchups,2025-01-25,2024_25,0022400634,MIN,DEN,237,228.16666666666666,-2.0829696325145584,226.0836970341521,-2.082969632514562,10.916302965847901,10.916302965847905,119.16567044217976,653,
drop_matchups,2025-01-25,2024_25,0022400635,DAL,BOS,229,222.33333333333334,-3.480504274994834,218.8528290583385,-3.4805042749948427,10.147170941661491,10.1471709416615,102.96507811929953,653,
drop_matchups,2025-01-25,2024_25,0022400645,PHX,WAS,228,231.83333333333334,-4.641226216427122,227.19210711690621,-4.641226216427128,0.8078928830937793,0.8078928830937855,0.652690910553589,653,
drop_matchups,2025-01-25,2024_25,0022400637,CHA,NOP,215,228.16666666666666,-0.023535655928378196,228.14313101073827,-0.023535655928384358,-13.143131010738278,13.143131010738273,172.74189276543007,653,
drop_matchups,2025-01-25,2024_25,0022400638,ORL,DET,234,211.33333333333334,-0.48041895031366444,210.85291438301968,-0.48041895031366266,23.14708561698032,23.14708561698032,535.7875725598172,653,
drop_matchups,2025-01-25,2024_25,0022400636,BKN,MIA,203,209.5,-5.29435760249173,204.20564239750826,-5.294357602491743,-1.20564239750827,1.2056423975082566,1.4535735906694571,653,
drop_matchups,2025-01-25,2024_25,0022400640,CLE,HOU,266,227.0,4.014380789394647,231.01438078939464,4.014380789394636,34.98561921060535,34.985619210605364,1223.9935515494792,653,
drop_matchups,2025-01-25,2024_25,0022400641,NYK,SAC,263,232.83333333333334,-2.045876940144416,230.78745639318893,-2.04587694014441,32.212543606811074,32.21254360681107,1037.6479656207046,653,
drop_matchups,2025-01-25,2024_25,0022400642,CHI,PHI,206,231.66666666666666,-2.730695627795339,228.93597103887132,-2.730695627795342,-22.93597103887132,22.935971038871315,526.0587674959437,653,
drop_matchups,2025-01-25,2024_25,0022400643,MEM,UTA,228,245.33333333333334,0.09085323508395551,245.4241865684173,0.09085323508395504,-17.424186568417298,17.424186568417298,303.60227757101376,653,
drop_matchups,2025-01-25,2024_25,0022400644,GSW,LAL,226,219.0,2.8650688428874522,221.86506884288744,2.865068842887439,4.134931157112548,4.134931157112561,17.097655674060224,653,
drop_matchups,2025-01-26,2024_25,0022400647,POR,OKC,226,225.5,2.706345333086476,228.2063453330865,2.706345333086489,-2.206345333086476,2.206345333086489,4.867959728832529,666,
drop_matchups,2025-01-27,2024_25,0022400653,NYK,MEM,249,242.33333333333334,1.6553885961369654,243.9887219294703,1.6553885961369588,5.011278070529691,5.011278070529698,25.11290790017186,667,
drop_matchups,2025-01-27,2024_25,0022400649,CLE,DET,201,235.0,-0.1132361862127512,234.88676381378724,-0.11323618621275955,-33.88676381378725,33.88676381378724,1148.3127617714003,667,
drop_matchups,2025-01-27,2024_25,0022400650,BOS,HOU,226,221.83333333333334,8.01084337250333,229.84417670583667,8.01084337250333,-3.8441767058366736,3.8441767058366736,14.7776945456973,667,
drop_matchups,2025-01-27,2024_25,0022400651,BKN,SAC,206,221.5,-1.2902150981937714,220.20978490180622,-1.2902150981937837,-14.209784901806229,14.209784901806216,201.9179869555999,667,
drop_matchups,2025-01-27,2024_25,0022400652,MIA,ORL,244,207.5,2.4325498383930215,209.93254983839302,2.4325498383930153,34.06745016160698,34.067450161606985,1160.5911605135757,667,
drop_matchups,2025-01-27,2024_25,0022400658,UTA,MIL,235,236.33333333333334,2.506742351217801,238.84007568455115,2.5067423512178095,-3.840075684551144,3.8400756845511523,14.746181263081,667,
drop_matchups,2025-01-27,2024_25,0022400648,CHA,LAL,219,222.16666666666666,2.9583331544653713,225.12499982113204,2.958333154465379,-6.124999821132029,6.124999821132036,37.51562280886748,667,
drop_matchups,2025-01-27,2024_25,0022400655,CHI,DEN,250,246.16666666666666,6.133841582699801,252.30050824936646,6.133841582699802,-2.300508249366458,2.300508249366459,5.292338205403129,667,
drop_matchups,2025-01-27,2024_25,0022400656,MIN,ATL,192,220.0,1.8335811832500033,221.83358118325,1.8335811832500042,-29.833581183250004,29.833581183250004,890.0425662175687,667,
drop_matchups,2025-01-27,2024_25,0022400657,DAL,WAS,238,231.33333333333334,-0.468309008206972,230.86502432512637,-0.4683090082069725,7.134975674873629,7.13497567487363,50.90787788103841,667,
drop_matchups,2025-01-27,2024_25,0022400659,PHX,LAC,220,223.33333333333334,-1.9754129616401666,221.35792037169318,-1.97541296164016,-1.3579203716931763,1.357920371693183,1.8439477358593521,667,
drop_matchups,2025-01-27,2024_25,0022400654,TOR,NOP,217,232.5,-1.594981476059945,230.90501852394004,-1.5949814760599565,-13.905018523940054,13.905018523940043,193.34954015111575,667,
drop_matchups,2025-01-28,2024_25,0022400532,ATL,HOU,196,227.0,8.800186027376178,235.80018602737618,8.800186027376185,-39.80018602737618,39.800186027376185,1584.0548078137506,679,
drop_matchups,2025-01-28,2024_25,0022400660,PHI,LAL,222,217.5,-0.9353529823192495,216.56464701768076,-0.9353529823192446,5.43535298231925,5.435352982319245,29.543062042406707,679,
drop_matchups,2025-01-28,2024_25,0022400661,GSW,UTA,217,229.5,-0.44440958966386235,229.05559041033615,-0.4444095896638487,-12.055590410336137,12.055590410336151,145.33726014178896,679,
drop_matchups,2025-01-28,2024_25,0022400662,POR,MIL,237,229.83333333333334,-1.3606689410338875,228.47266439229946,-1.3606689410338788,8.527335607700545,8.527335607700536,72.71545256635747,679,
drop_matchups,2025-01-29,2024_25,0022400667,MIA,CLE,232,227.5,4.773340441161509,232.2733404411615,4.773340441161508,-0.27334044116150924,0.27334044116150835,0.074714996774368,683,
drop_matchups,2025-01-29,2024_25,0022400663,CHA,BKN,187,204.83333333333334,0.06334250730352389,204.89667584063687,0.06334250730353119,-17.896675840636867,17.896675840636874,320.29100614483553,683,
drop_matchups,2025-01-29,2024_25,0022400664,IND,DET,252,229.5,-3.1832620180958924,226.3167379819041,-3.1832620180958884,25.683262018095892,25.68326201809589,659.6299478901669,683,
drop_matchups,2025-01-29,2024_25,0022400665,WAS,TOR,188,231.0,2.1815887877164437,233.18158878771644,2.1815887877164357,-45.18158878771644,45.181588787716436,2041.3759653823035,683,
drop_matchups,2025-01-29,2024_25,0022400673,GSW,OKC,225,228.33333333333334,1.3983418646736008,229.73167519800694,1.398341864673597,-4.731675198006943,4.73167519800694,22.388750179434012,683,
drop_matchups,2025-01-29,2024_25,0022400666,BOS,CHI,222,232.33333333333334,-2.104326342725127,230.2290069906082,-2.1043263427251304,-8.229006990608216,8.229006990608212,67.71655605147883,683,
drop_matchups,2025-01-29,2024_25,0022400670,NOP,DAL,273,232.16666666666666,1.559455681753693,233.72612234842035,1.5594556817536898,39.27387765157965,39.27387765157965,1542.4374657912476,683,
drop_matchups,2025-01-29,2024_25,0022400669,PHI,SAC,221,228.5,-5.918980285867421,222.58101971413257,-5.918980285867434,-1.5810197141325792,1.581019714132566,2.4996233364758207,683,
drop_matchups,2025-01-29,2024_25,0022400668,NYK,DEN,234,239.5,3.2456393866366335,242.74563938663664,3.2456393866366398,-8.745639386636633,8.74563938663664,76.4862082810901,683,
drop_matchups,2025-01-29,2024_25,0022400671,SAS,LAC,244,222.5,0.5703258508897342,223.07032585088973,0.5703258508897306,20.929674149110266,20.92967414911027,438.05125998793466,683,
drop_matchups,2025-01-29,2024_25,0022400672,PHX,MIN,234,217.33333333333334,5.407456128876417,222.74078946220976,5.407456128876419,11.25921053779024,11.259210537790239,126.76982193428675,683,
drop_matchups,2025-01-30,2024_25,0022400674,WAS,LAL,230,223.66666666666666,-1.973269997587162,221.6933966690795,-1.9732699975871526,8.306603330920504,8.306603330920495,68.99965889725947,694,
drop_matchups,2025-01-30,2024_25,0022400675,CLE,ATL,252,237.16666666666666,-5.019171111345604,232.14749555532106,-5.0191711113455995,19.852504444678946,19.852504444678942,394.12193272599717,694,
drop_matchups,2025-01-30,2024_25,0022400676,MEM,HOU,239,238.0,2.295428840593217,240.29542884059322,2.2954288405932175,-1.295428840593217,1.2954288405932175,1.6781358810406877,694,
drop_matchups,2025-01-30,2024_25,0022400677,UTA,MIN,251,224.33333333333334,2.785544685289123,227.11887801862247,2.785544685289125,23.881121981377532,23.881121981377532,570.3079870894331,694,
drop_matchups,2025-01-30,2024_25,0022400678,POR,ORL,209,212.5,-0.5804026309475405,211.91959736905247,-0.5804026309475319,-2.9195973690524593,2.919597369052468,8.524048797378093,694,
drop_matchups,2025-01-31,2024_25,0022400681,PHI,DEN,271,232.5,-0.014751896029622819,232.48524810397038,-0.014751896029622458,38.51475189602962,38.51475189602962,1483.3861136127175,699,
drop_matchups,2025-01-31,2024_25,0022400679,CHA,LAC,216,212.0,4.1847891619352335,216.18478916193524,4.184789161935242,-0.18478916193523354,0.18478916193524242,0.03414703436872925,699,
drop_matchups,2025-01-31,2024_25,0022400680,DET,DAL,219,229.33333333333334,1.4518156957352226,230.78514902906858,1.4518156957352346,-11.785149029068565,11.785149029068577,138.88973763735603,699,
drop_matchups,2025-01-31,2024_25,0022400684,SAS,MIL,262,232.83333333333334,3.1112678813252095,235.94460121465855,3.1112678813252046,26.05539878534145,26.055398785341453,678.8838058631728,699,
drop_matchups,2025-01-31,2024_25,0022400683,NOP,BOS,234,231.66666666666666,-3.885732551714347,227.78093411495232,-3.885732551714341,6.21906588504769,6.219065885047684,38.67678048256393,699,
drop_matchups,2025-01-31,2024_25,0022400682,TOR,CHI,228,233.33333333333334,1.4946365726884299,234.82796990602176,1.494636572688421,-6.827969906021773,6.827969906021764,46.62117303753885,699,
drop_matchups,2025-01-31,2024_25,0022400685,GSW,PHX,235,227.5,1.8642304536564194,229.36423045365643,1.8642304536564325,5.635769546343581,5.6357695463435675,31.76189837949358,699,
drop_matchups,2025-02-01,2024_25,0022400691,OKC,SAC,254,234.33333333333334,-3.456593350477165,230.87673998285618,-3.4565933504771635,23.12326001714382,23.12326001714382,534.685153820442,706,
drop_matchups,2025-02-01,2024_25,0022400694,POR,PHX,235,228.5,3.912622003151636,232.41262200315163,3.9126220031516254,2.587377996848364,2.5873779968483746,6.694524898575107,706,
drop_matchups,2025-02-01,2024_25,0022400693,SAS,MIA,208,224.0,-1.6729263377054604,222.32707366229454,-1.6729263377054622,-14.32707366229454,14.327073662294538,205.26503972481382,706,
drop_matchups,2025-02-01,2024_25,0022400692,NYK,LAL,240,227.5,-0.10585717002463295,227.39414282997538,-0.10585717002462047,12.605857170024633,12.60585717002462,158.90763499106114,706,
drop_matchups,2025-02-01,2024_25,0022400690,MIN,WAS,208,223.16666666666666,-2.216137120540069,220.95052954612657,-2.2161371205400826,-12.950529546126589,12.950529546126575,167.71621552509737,706,
drop_matchups,2025-02-01,2024_25,0022400688,CHA,DEN,211,223.0,2.967641713717614,225.96764171371763,2.967641713717626,-14.967641713717613,14.967641713717626,224.03029847021992,706,
drop_matchups,2025-02-01,2024_25,0022400687,UTA,ORL,212,216.16666666666666,1.511050409215039,217.6777170758817,1.511050409215045,-5.677717075881696,5.677717075881702,32.23647119375867,706,
drop_matchups,2025-02-01,2024_25,0022400686,IND,ATL,259,239.5,-2.1370545177469795,237.36294548225302,-2.137054517746975,21.63705451774698,21.637054517746975,468.1621282039548,706,
drop_matchups,2025-02-01,2024_25,0022400689,HOU,BKN,208,213.5,-0.518394992706594,212.9816050072934,-0.5183949927065896,-4.981605007293406,4.98160500729341,24.81638844869078,706,
drop_matchups,2025-02-02,2024_25,0022400699,MIL,MEM,251,245.0,2.665181622764776,247.66518162276478,2.665181622764777,3.334818377235224,3.334818377235223,11.121013609145765,715,
drop_matchups,2025-02-02,2024_25,0022400698,PHI,BOS,228,222.33333333333334,-2.5836236988843004,219.74970963444903,-2.5836236988843098,8.250290365550958,8.250290365550967,68.0672911159031,715,
drop_matchups,2025-02-02,2024_25,0022400695,DET,CHI,246,233.16666666666666,0.36966367321520177,233.53633033988186,0.3696636732152001,12.463669660118141,12.463669660118143,155.3430613965495,715,
drop_matchups,2025-02-02,2024_25,0022400696,CLE,DAL,245,236.66666666666666,0.8299997774216746,237.49666644408833,0.8299997774216763,7.503333555911668,7.5033335559116665,56.300014451270016,715,
drop_matchups,2025-02-02,2024_25,0022400697,TOR,LAC,223,220.0,0.8233824052696508,220.82338240526965,0.8233824052696548,2.176617594730349,2.176617594730345,4.737664153689713,715,
drop_matchups,2025-02-03,2024_25,0022400704,MIN,SAC,230,221.83333333333334,-0.8139413568138135,221.01939197651953,-0.8139413568138139,8.980608023480471,8.980608023480471,80.65132047140182,720,
drop_matchups,2025-02-03,2024_25,0022400700,CHA,WAS,238,217.0,-0.6663943352884771,216.3336056647115,-0.6663943352884871,21.666394335288476,21.666394335288487,469.432643492221,720,
drop_matchups,2025-02-03,2024_25,0022400701,DET,ATL,262,235.16666666666666,-0.40569627795695345,234.7609703887097,-0.40569627795696306,27.239029611290295,27.239029611290306,741.9647341647501,720,
drop_matchups,2025-02-03,2024_25,0022400702,NYK,HOU,242,224.16666666666666,-1.0412508508160108,223.12541581585066,-1.0412508508159988,18.874584184149352,18.87458418414934,356.2499281245405,720,
drop_matchups,2025-02-03,2024_25,0022400703,MEM,SAS,237,241.33333333333334,-4.543799808641525,236.78953352469182,-4.543799808641523,0.2104664753081824,0.21046647530818063,0.04429613722864901,720,
drop_matchups,2025-02-03,2024_25,0022400707,UTA,IND,223,239.16666666666666,2.187187387504859,241.3538540541715,2.1871873875048493,-18.353854054171517,18.353854054171507,336.8639586418278,720,
drop_matchups,2025-02-03,2024_25,0022400705,OKC,MIL,221,233.0,0.26012414876127965,233.2601241487613,0.2601241487612924,-12.26012414876128,12.260124148761292,150.3106441430398,720,
drop_matchups,2025-02-03,2024_25,0022400706,DEN,NOP,238,239.33333333333334,-2.9065496313425805,236.42678370199076,-2.9065496313425854,1.5732162980092377,1.5732162980092426,2.475009520321906,720,
drop_matchups,2025-02-03,2024_25,0022400708,GSW,ORL,203,212.33333333333334,-0.6662057853530523,211.6671275479803,-0.6662057853530428,-8.667127547980291,8.6671275479803,75.119099932959,720,
drop_matchups,2025-02-03,2024_25,0022400709,POR,PHX,240,229.66666666666666,-0.02260587366020428,229.64406079300645,-0.022605873660211273,10.355939206993547,10.355939206993554,107.24547685894628,720,
drop_matchups,2025-02-04,2024_25,0022400710,CLE,BOS,217,237.33333333333334,-2.446575257922942,234.8867580754104,-2.4465752579229445,-17.886758075410402,17.8867580754104,319.9361144482591,730,
drop_matchups,2025-02-04,2024_25,0022400712,PHI,DAL,234,225.5,-2.5164341107843717,222.98356588921564,-2.5164341107843597,11.016434110784372,11.01643411078436,121.3618205172532,730,
drop_matchups,2025-02-04,2024_25,0022400711,BKN,HOU,196,209.5,-0.023934668593822706,209.47606533140618,-0.023934668593824426,-13.476065331406177,13.476065331406176,181.60433681632745,730,
drop_matchups,2025-02-04,2024_25,0022400714,CHI,MIA,257,227.66666666666666,-0.4186591559218392,227.24800751074483,-0.41865915592183,29.751992489255183,29.751992489255173,885.1810570806962,730,
drop_matchups,2025-02-04,2024_25,0022400713,TOR,NYK,236,231.5,3.861773359259123,235.36177335925913,3.861773359259132,0.6382266407408772,0.6382266407408679,0.40733324495137285,730,
drop_matchups,2025-02-04,2024_25,0022400715,LAC,LAL,219,220.5,1.0581192008391789,221.55811920083917,1.0581192008391724,-2.5581192008391787,2.5581192008391724,6.543973845702046,730,
drop_matchups,2025-02-04,2024_25,0022400716,POR,IND,201,233.33333333333334,3.683471096447562,237.0168044297809,3.683471096447562,-36.016804429780905,36.016804429780905,1297.2102013330855,730,
drop_matchups,2025-02-05,2024_25,0022400717,CHA,MIL,214,220.16666666666666,1.8962840524601212,222.06295071912677,1.8962840524601177,-8.062950719126778,8.062950719126775,65.01117429906698,737,
drop_matchups,2025-02-05,2024_25,0022400718,DET,CLE,233,236.33333333333334,-0.6832573581829008,235.65007597515043,-0.6832573581829138,-2.650075975150442,2.650075975150429,7.022902674069497,737,
drop_matchups,2025-02-05,2024_25,0022400719,ATL,SAS,251,240.16666666666666,-3.873185858338244,236.2934808083284,-3.873185858338246,14.706519191671587,14.706519191671589,216.28170673500478,737,
drop_matchups,2025-02-05,2024_25,0022400720,BKN,WAS,221,216.83333333333334,-4.247209479947978,212.58612385338537,-4.247209479947969,8.413876146614635,8.413876146614626,70.7933118105706,737,
drop_matchups,2025-02-05,2024_25,0022400725,UTA,GSW,259,227.0,-0.402941696548047,226.59705830345194,-0.402941696548055,32.40294169654805,32.402941696548055,1049.9506305898926,737,
drop_matchups,2025-02-05,2024_25,0022400721,PHI,MIA,209,215.5,-4.12842357494163,211.37157642505838,-4.128423574941621,-2.37157642505837,2.371576425058379,5.62437473989268,737,
drop_matchups,2025-02-05,2024_25,0022400724,OKC,PHX,249,226.16666666666666,-0.3299786962592697,225.83668797040738,-0.3299786962592748,23.163312029592614,23.163312029592618,536.5390241802701,737,
drop_matchups,2025-02-05,2024_25,0022400726,DEN,NOP,263,238.66666666666666,-2.190376590370448,236.4762900762962,-2.190376590370448,26.52370992370379,26.52370992370379,703.5071881167829,737,
drop_matchups,2025-02-05,2024_25,0022400727,SAC,ORL,241,218.5,-2.097954883111589,216.40204511688842,-2.0979548831115835,24.59795488311159,24.597954883111584,605.059384431593,737,
drop_matchups,2025-02-05,2024_25,0022400723,MIN,CHI,235,226.83333333333334,1.2233862768551316,228.05671961018848,1.2233862768551376,6.943280389811526,6.94328038981152,48.20914257154121,737,
drop_matchups,2025-02-05,2024_25,0022400722,TOR,MEM,245,238.5,3.654834798510509,242.1548347985105,3.6548347985105067,2.845165201489491,2.8451652014894933,8.094965023766749,737,
drop_matchups,2025-02-06,2024_25,0022400728,BOS,DAL,247,231.0,2.796729986814857,233.79672998681485,2.796729986814853,13.203270013185143,13.203270013185147,174.3263390410741,748,
drop_matchups,2025-02-06,2024_25,0022400729,MIN,HOU,241,214.33333333333334,0.2732787764429306,214.60661210977628,0.2732787764429361,26.393387890223728,26.39338789022372,696.6109243238081,748,
drop_matchups,2025-02-06,2024_25,0022400730,DEN,ORL,202,221.66666666666666,1.1342698133306626,222.80093647999732,1.1342698133306612,-20.80093647999732,20.80093647999732,432.6789584448832,748,
drop_matchups,2025-02-06,2024_25,0022400731,LAL,GSW,232,221.5,0.47786292823496257,221.97786292823497,0.4778629282349698,10.022137071765037,10.02213707176503,100.44323148524694,748,
drop_matchups,2025-02-06,2024_25,0022400732,POR,SAC,210,229.5,-2.252623457177907,227.24737654282208,-2.2526234571779185,-17.247376542822092,17.24737654282208,297.4719976098894,748,
drop_matchups,2025-02-06,2024_25,0022400733,LAC,IND,231,228.33333333333334,-0.02563770711872322,228.3076956262146,-0.025637707118733033,2.6923043737853805,2.6923043737853902,7.248502841103942,748,
drop_matchups,2025-02-07,2024_25,0022400735,WAS,CLE,258,236.0,-0.4377836538715314,235.56221634612848,-0.4377836538715201,22.43778365387153,22.43778365387152,503.454135297944,754,
drop_matchups,2025-02-07,2024_25,0022400737,BKN,MIA,188,211.16666666666666,0.06769194332537032,211.23435860999203,0.06769194332537154,-23.23435860999203,23.23435860999203,539.8354200177107,754,
drop_matchups,2025-02-07,2024_25,0022400736,ATL,MIL,225,241.5,-1.5441780371150238,239.95582196288498,-1.5441780371150173,-14.955821962884976,14.955821962884983,223.6766105855128,754,
drop_matchups,2025-02-07,2024_25,0022400738,DET,PHI,237,224.66666666666666,-1.7449162835559373,222.92175038311072,-1.7449162835559378,14.07824961688928,14.07824961688928,198.19711227544317,754,
drop_matchups,2025-02-07,2024_25,0022400739,OKC,TOR,230,231.5,-0.1845385121119997,231.315461487888,-0.1845385121119989,-1.3154614878880002,1.315461487888001,1.7304389261165136,754,
drop_matchups,2025-02-07,2024_25,0022400740,PHX,UTA,262,231.5,-0.4513011128145713,231.04869888718542,-0.4513011128145763,30.951301112814573,30.951301112814576,957.9830405761169,754,
drop_matchups,2025-02-07,2024_25,0022400734,CHA,SAS,233,227.5,-1.2509319350500536,226.24906806494994,-1.2509319350500618,6.750931935050054,6.750931935050062,45.57508199167877,754,
drop_matchups,2025-02-08,2024_25,0022400743,ORL,SAS,223,218.66666666666666,-0.9719248648510213,217.69474180181564,-0.9719248648510188,5.305258198184364,5.305258198184362,28.14576454940238,761,
drop_matchups,2025-02-08,2024_25,0022400745,CHI,GSW,243,235.5,-1.1149821644111997,234.3850178355888,-1.1149821644112023,8.614982164411199,8.614982164411202,74.21791769312313,761,
drop_matchups,2025-02-08,2024_25,0022400741,DAL,HOU,221,226.0,3.377311838244492,229.37731183824448,3.3773118382444807,-8.377311838244491,8.37731183824448,70.17935363519112,761,
drop_matchups,2025-02-08,2024_25,0022400742,LAL,IND,241,231.0,-0.41041843702309844,230.5895815629769,-0.410418437023111,10.410418437023099,10.410418437023111,108.37681203391071,761,
drop_matchups,2025-02-08,2024_25,0022400744,WAS,ATL,236,236.83333333333334,-2.5165054221855363,234.3168279111478,-2.5165054221855314,1.6831720888521935,1.6831720888521886,2.83306828069104,761,
drop_matchups,2025-02-08,2024_25,0022400749,PHX,DEN,227,237.66666666666666,3.171265951628954,240.8379326182956,3.1712659516289534,-13.83793261829561,13.83793261829561,191.4883791484896,761,
drop_matchups,2025-02-08,2024_25,0022400746,MEM,OKC,237,242.33333333333334,4.548652863417763,246.88198619675111,4.548652863417772,-9.881986196751106,9.881986196751114,97.65365119277955,761,
drop_matchups,2025-02-08,2024_25,0022400748,NYK,BOS,235,231.83333333333334,-2.3234293566336612,229.5099039766997,-2.3234293566336532,5.490096023300318,5.49009602330031,30.14115434505788,761,
drop_matchups,2025-02-08,2024_25,0022400751,LAC,UTA,240,224.5,-1.3273430412318685,223.17265695876813,-1.3273430412318703,16.82734304123187,16.82734304123187,283.1594738272947,761,
drop_matchups,2025-02-08,2024_25,0022400750,SAC,NOP,241,238.0,0.23968876407767203,238.23968876407767,0.2396887640776697,2.760311235922328,2.7603112359223303,7.619318119159063,761,
drop_matchups,2025-02-08,2024_25,0022400747,MIN,POR,212,216.33333333333334,1.3448984532439163,217.67823178657727,1.3448984532439283,-5.678231786577259,5.678231786577271,32.242316222096505,761,
drop_matchups,2025-02-09,2024_25,0022400752,DET,CHA,214,225.0,2.424191947556563,227.42419194755655,2.424191947556551,-13.424191947556563,13.424191947556551,180.20892944484214,772,
drop_matchups,2025-02-09,2024_25,0022400753,HOU,TOR,181,224.5,-0.6012613392711705,223.89873866072884,-0.6012613392711614,-42.89873866072883,42.89873866072884,1840.301778681511,772,
drop_matchups,2025-02-09,2024_25,0022400754,MIL,PHI,262,227.16666666666666,-2.9846087510649415,224.18205791560172,-2.9846087510649397,37.81794208439828,37.81794208439828,1430.1967434989026,772,
drop_matchups,2025-02-10,2024_25,0022400756,ORL,ATL,218,221.66666666666666,2.461146449321904,224.12781311598857,2.461146449321916,-6.127813115988561,6.127813115988573,37.55009358448159,775,
drop_matchups,2025-02-10,2024_25,0022400757,WAS,SAS,252,236.16666666666666,-2.91074115752056,233.2559255091461,-2.9107411575205617,18.744074490853905,18.744074490853905,351.34032851868005,775,
drop_matchups,2025-02-10,2024_25,0022400759,MIA,BOS,188,219.33333333333334,-0.9063037743324529,218.42702955900089,-0.9063037743324571,-30.42702955900089,30.427029559000886,925.8041277843137,775,
drop_matchups,2025-02-10,2024_25,0022400755,CLE,MIN,235,228.66666666666666,-0.029714981018214473,228.63695168564846,-0.029714981018202025,6.363048314351557,6.363048314351545,40.48838385077204,775,
drop_matchups,2025-02-10,2024_25,0022400758,BKN,CHA,186,212.66666666666666,-0.03630173230402512,212.63036493436263,-0.036301732304025336,-26.630364934362632,26.630364934362632,709.1763365373308,775,
drop_matchups,2025-02-10,2024_25,0022400760,MIL,GSW,236,231.5,4.351354087762562,235.85135408776256,4.351354087762559,0.14864591223743773,0.14864591223744128,0.022095607224901094,775,
drop_matchups,2025-02-10,2024_25,0022400762,DAL,SAC,257,237.5,-1.923157822925179,235.5768421770748,-1.9231578229251909,21.42315782292518,21.42315782292519,458.9516911059608,775,
drop_matchups,2025-02-10,2024_25,0022400763,DEN,POR,263,233.0,-0.11938545818857775,232.8806145418114,-0.1193854581885887,30.119385458188578,30.11938545818859,907.1773803789422,775,
drop_matchups,2025-02-10,2024_25,0022400768,LAL,UTA,245,234.66666666666666,2.0089010219658796,236.67556768863253,2.008901021965869,8.324432311367463,8.324432311367474,69.29617330653882,775,
drop_matchups,2025-02-10,2024_25,0022400761,OKC,NOP,238,234.33333333333334,-0.5671900365550975,233.76614329677824,-0.5671900365551039,4.233856703221755,4.233856703221761,17.92554258341584,775,
drop_matchups,2025-02-11,2024_25,0022400764,PHI,TOR,209,226.16666666666666,-3.428101397316407,222.73856526935026,-3.4281013973163965,-13.73856526935025,13.73856526935026,188.7481756601972,785,
drop_matchups,2025-02-11,2024_25,0022400765,IND,NYK,243,239.66666666666666,-0.6003264761133763,239.0663401905533,-0.6003264761133664,3.933659809446719,3.9336598094467092,15.47367949645632,785,
drop_matchups,2025-02-11,2024_25,0022400766,CHI,DET,224,238.5,1.9148044888625537,240.41480448886256,1.9148044888625577,-16.414804488862554,16.414804488862558,269.4458064075824,785,
drop_matchups,2025-02-11,2024_25,0022400767,PHX,MEM,231,244.16666666666666,7.231507841983677,251.39817450865033,7.231507841983671,-20.398174508650335,20.398174508650328,416.08552328535205,785,
drop_matchups,2025-02-12,2024_25,0022400770,ORL,CHA,188,204.33333333333334,-3.7396337534148403,200.5936995799185,-3.739633753414836,-12.593699579918503,12.593699579918507,158.60126910923958,789,
drop_matchups,2025-02-12,2024_25,0022400776,MIN,MIL,204,224.66666666666666,0.6950896276593778,225.36175629432603,0.695089627659371,-21.361756294326035,21.361756294326028,456.3246319781777,789,
drop_matchups,2025-02-12,2024_25,0022400769,BOS,SAS,219,233.5,2.8596537599087926,236.35965375990878,2.859653759908781,-17.35965375990879,17.35965375990878,301.3575786639151,789,
drop_matchups,2025-02-12,2024_25,0022400772,BKN,PHI,196,212.66666666666666,-5.8538473959160635,206.8128192707506,-5.853847395916063,-10.812819270750595,10.812819270750595,116.91706058191542,789,
drop_matchups,2025-02-12,2024_25,0022400773,NYK,ATL,297,239.66666666666666,0.048443043179516525,239.71510970984616,0.04844304317950332,57.284890290153825,57.28489029015384,3281.5586555549617,789,
drop_matchups,2025-02-12,2024_25,0022400775,CHI,DET,238,236.83333333333334,2.1640960356396985,238.99742936897303,2.1640960356396874,-0.9974293689730414,0.9974293689730303,0.9948653460899374,789,
drop_matchups,2025-02-12,2024_25,0022400774,TOR,CLE,239,236.33333333333334,0.2715481798966609,236.60488151323,0.27154817989665503,2.3951184867699964,2.395118486770002,5.736592565667425,789,
drop_matchups,2025-02-12,2024_25,0022400771,WAS,IND,264,239.5,1.6387854821270804,241.13878548212708,1.6387854821270764,22.86121451787292,22.861214517872924,522.6351292322038,789,
drop_matchups,2025-02-12,2024_25,0022400778,OKC,MIA,216,218.83333333333334,-1.378344974597822,217.45498835873553,-1.378344974597809,-1.4549883587355208,1.454988358735534,2.1169911240559225,789,
drop_matchups,2025-02-12,2024_25,0022400779,HOU,PHX,230,223.5,-2.4223312638780614,221.07766873612195,-2.42233126387805,8.92233126387806,8.92233126387805,79.60799518237567,789,
drop_matchups,2025-02-12,2024_25,0022400780,DEN,POR,253,232.83333333333334,2.986330748761962,235.8196640820953,2.986330748761958,17.180335917904696,17.1803359179047,295.1639422520463,789,
drop_matchups,2025-02-12,2024_25,0022400777,NOP,SAC,230,238.5,7.450321874944436,245.95032187494445,7.45032187494445,-15.950321874944436,15.95032187494445,254.41276791433143,789,
drop_matchups,2025-02-12,2024_25,0022400781,UTA,LAL,250,236.33333333333334,0.7087521489191856,237.04208548225253,0.7087521489191886,12.957914517747472,12.957914517747469,167.9075486492506,789,
drop_matchups,2025-02-12,2024_25,0022400782,DAL,GSW,218,233.33333333333334,0.7455407436398401,234.0788740769732,0.7455407436398502,-16.078874076973182,16.078874076973193,258.53019158316056,789,
drop_matchups,2025-02-12,2024_25,0022400783,LAC,MEM,242,237.33333333333334,3.2337849115531614,240.5671182448865,3.2337849115531583,1.4328817551134958,1.432881755113499,2.053150124137141,789,
drop_matchups,2025-02-13,2024_25,0022400787,MIN,OKC,217,222.0,-1.3377522820895487,220.66224771791045,-1.3377522820895535,-3.6622477179104513,3.6622477179104465,13.412058347340272,804,
drop_matchups,2025-02-13,2024_25,0022400786,DAL,MIA,231,221.66666666666666,-2.069726139381189,219.59694052728545,-2.0697261393812028,11.403059472714531,11.403059472714546,130.02976533826492,804,
drop_matchups,2025-02-13,2024_25,0022401004,UTA,LAC,236,225.66666666666666,-0.21474855514524258,225.45191811152142,-0.21474855514523483,10.548081888478585,10.548081888478578,111.2620315260498,804,
drop_matchups,2025-02-13,2024_25,0022400784,HOU,GSW,203,216.66666666666666,-2.875392907607864,213.79127375905878,-2.875392907607875,-10.791273759058793,10.791273759058782,116.45158934295067,804,
drop_matchups,2025-02-13,2024_25,0022400785,NOP,SAC,273,235.66666666666666,3.149661111699821,238.81632777836649,3.149661111699828,34.18367222163352,34.183672221633515,1168.5234465560789,804,
drop_matchups,2025-02-19,2024_25,0022400524,LAL,CHA,197,227.16666666666666,-2.242211936263188,224.92445473040348,-2.2422119362631747,-27.92445473040347,27.924454730403482,779.7751719903534,809,
drop_matchups,2025-02-20,2024_25,0022400796,POR,LAL,212,227.0,3.8418130524945537,230.84181305249456,3.841813052494558,-18.841813052494555,18.841813052494558,355.0139191051543,810,
drop_matchups,2025-02-20,2024_25,0022400788,IND,MEM,240,249.83333333333334,3.866569721194959,253.6999030545283,3.8665697211949634,-13.699903054528303,13.699903054528306,187.68734370347403,810,
drop_matchups,2025-02-20,2024_25,0022400789,PHI,BOS,228,223.5,-3.2435424975849356,220.25645750241506,-3.24354249758494,7.743542497584936,7.74354249758494,59.96245041190401,810,
drop_matchups,2025-02-20,2024_25,0022400790,ATL,ORL,222,222.66666666666666,0.27469211129203486,222.9413587779587,0.2746921112920404,-0.941358777958692,0.9413587779586976,0.8861563488398926,810,
drop_matchups,2025-02-20,2024_25,0022400791,BKN,CLE,207,225.5,0.8283110385203514,226.32831103852035,0.8283110385203543,-19.32831103852035,19.328311038520354,373.5836076017878,810,
drop_matchups,2025-02-20,2024_25,0022400792,NYK,CHI,224,242.5,1.904846457908767,244.40484645790877,1.904846457908775,-20.404846457908768,20.404846457908775,416.35775897083226,810,
drop_matchups,2025-02-20,2024_25,0022400793,MIL,LAC,226,227.33333333333334,6.492725521426423,233.82605885475976,6.492725521426422,-7.826058854759766,7.826058854759765,61.247197198163725,810,
drop_matchups,2025-02-20,2024_25,0022400794,DEN,CHA,244,228.33333333333334,-1.737864122844538,226.5954692104888,-1.7378641228445417,17.404530789511195,17.4045307895112,302.9176920030433,810,
drop_matchups,2025-02-20,2024_25,0022400795,SAS,PHX,229,237.0,-0.8618563060896114,236.1381436939104,-0.8618563060896065,-7.138143693910388,7.1381436939103935,50.953095394912715,810,
drop_matchups,2025-02-21,2024_25,0022400797,CLE,NYK,247,239.5,1.1128690614785977,240.6128690614786,1.112869061478591,6.387130938521402,6.387130938521409,40.795441625817375,819,
drop_matchups,2025-02-21,2024_25,0022400800,TOR,MIA,231,221.33333333333334,-0.5288592489153761,220.80447408441796,-0.5288592489153814,10.195525915582033,10.195525915582039,103.94874869530497,819,
drop_matchups,2025-02-21,2024_25,0022400801,HOU,MIN,236,216.5,1.2892611562236542,217.78926115622366,1.2892611562236596,18.210738843776348,18.21073884377634,331.63100923622443,819,
drop_matchups,2025-02-21,2024_25,0022400799,WAS,MIL,205,229.66666666666666,3.224590816348642,232.8912574830153,3.2245908163486376,-27.8912574830153,27.891257483015295,777.9222439838567,819,
drop_matchups,2025-02-21,2024_25,0022400798,ORL,MEM,209,224.5,-0.006241064097068424,224.49375893590292,-0.0062410640970824716,-15.493758935902932,15.493758935902918,240.05656596387152,819,
drop_matchups,2025-02-21,2024_25,0022400805,SAC,GSW,240,233.5,-0.2993359956680581,233.20066400433194,-0.29933599566805924,6.799335995668058,6.799335995668059,46.23096998198736,819,
drop_matchups,2025-02-21,2024_25,0022400804,UTA,OKC,237,236.5,0.3217418594843704,236.82174185948438,0.3217418594843764,0.1782581405156296,0.1782581405156236,0.031775964660087815,819,
drop_matchups,2025-02-21,2024_25,0022400802,SAS,DET,235,232.5,2.732621728297441,235.23262172829743,2.732621728297431,-0.232621728297441,0.23262172829743122,0.05411286847608391,819,
drop_matchups,2025-02-21,2024_25,0022400803,DAL,NOP,214,236.83333333333334,1.7966399934239012,238.62997332675724,1.796639993423895,-24.629973326757245,24.629973326757238,606.635586076773,819,
drop_matchups,2025-02-22,2024_25,0022400806,CHI,PHX,238,238.5,-4.443974674251423,234.05602532574858,-4.443974674251422,3.9439746742514226,3.9439746742514217,15.554936231136608,828,
drop_matchups,2025-02-22,2024_25,0022400807,PHI,BKN,208,213.5,2.4467866461103456,215.94678664611035,2.446786646110354,-7.946786646110345,7.946786646110354,63.15141799879785,828,
drop_matchups,2025-02-22,2024_25,0022400808,DEN,LAL,223,240.66666666666666,2.843318030685596,243.50998469735225,2.8433180306855945,-20.50998469735225,20.50998469735225,420.6594722856235,828,
drop_matchups,2025-02-22,2024_25,0022400809,UTA,HOU,239,228.66666666666666,1.7380240427706133,230.40469070943726,1.7380240427706042,8.59530929056273,8.595309290562739,73.87934180043413,828,
drop_matchups,2025-02-22,2024_25,0022400810,POR,CHA,229,222.0,-1.3418437569885076,220.6581562430115,-1.34184375698851,8.341843756988508,8.34184375698851,69.58635726600818,828,
drop_matchups,2025-02-23,2024_25,0022400817,MIL,MIA,233,221.5,1.739564125418892,223.2395641254189,1.7395641254188945,9.760435874581107,9.760435874581106,95.26610846180984,833,
drop_matchups,2025-02-23,2024_25,0022400815,ORL,WAS,200,216.33333333333334,-5.741511425090422,210.59182190824293,-5.741511425090408,-10.59182190824292,10.591821908242935,112.186691335935,833,
drop_matchups,2025-02-23,2024_25,0022400811,BOS,NYK,223,231.5,1.496266112205471,232.99626611220546,1.4962661122054612,-9.996266112205472,9.996266112205461,99.92533618602728,833,
drop_matchups,2025-02-23,2024_25,0022400813,IND,LAC,240,230.5,-0.3250926434120654,230.17490735658794,-0.3250926434120629,9.825092643412065,9.825092643412063,96.53244545162984,833,
drop_matchups,2025-02-23,2024_25,0022400814,ATL,DET,291,237.33333333333334,0.1450067841836632,237.478340117517,0.1450067841836642,53.52165988248299,53.52165988248299,2864.5680765761895,833,
drop_matchups,2025-02-23,2024_25,0022400818,NOP,SAS,210,239.5,2.382421851497968,241.88242185149798,2.3824218514979805,-31.882421851497966,31.88242185149798,1016.4888231168759,833,
drop_matchups,2025-02-23,2024_25,0022400816,TOR,PHX,236,227.5,-4.607128646721927,222.89287135327808,-4.607128646721918,13.107128646721927,13.107128646721918,171.79682136171834,833,
drop_matchups,2025-02-23,2024_25,0022400819,CLE,MEM,252,249.5,2.904993254364243,252.40499325436426,2.904993254364257,-0.40499325436424316,0.4049932543642569,0.16401953608055173,833,
drop_matchups,2025-02-23,2024_25,0022400820,MIN,OKC,253,228.83333333333334,-0.5691479799217423,228.2641853534116,-0.5691479799217518,24.7358146465884,24.73581464658841,611.8605262303777,833,
drop_matchups,2025-02-23,2024_25,0022400812,GSW,DAL,228,228.5,1.40055087873058,229.90055087873057,1.40055087873057,-1.90055087873058,1.90055087873057,3.612093642643542,833,
drop_matchups,2025-02-24,2024_25,0022400823,PHI,CHI,252,232.0,-3.53091283646135,228.46908716353866,-3.53091283646134,23.53091283646135,23.53091283646134,553.703858917141,843,
drop_matchups,2025-02-24,2024_25,0022400821,DET,LAC,203,224.0,1.4374011936674593,225.43740119366745,1.437401193667455,-22.43740119366746,22.437401193667455,503.43697232558975,843,
drop_matchups,2025-02-24,2024_25,0022400822,IND,DEN,241,246.33333333333334,4.154944927230541,250.48827826056387,4.154944927230531,-9.488278260563884,9.488278260563874,90.02742434988902,843,
drop_matchups,2025-02-24,2024_25,0022400824,WAS,BKN,206,214.16666666666666,5.70670206141379,219.87336872808044,5.706702061413779,-13.873368728080447,13.873368728080436,192.4703598652802,843,
drop_matchups,2025-02-24,2024_25,0022400828,SAC,CHA,218,231.16666666666666,1.2070528818312511,232.37371954849792,1.2070528818312596,-14.373719548497908,14.373719548497917,206.60381365887116,843,
drop_matchups,2025-02-24,2024_25,0022400827,UTA,POR,226,232.0,1.9461757100393873,233.9461757100394,1.9461757100393982,-7.9461757100393875,7.946175710039398,63.14170841482014,843,
drop_matchups,2025-02-24,2024_25,0022400826,OKC,MIN,259,227.16666666666666,0.9433930530249315,228.11005971969158,0.9433930530249199,30.889940280308412,30.889940280308423,954.1884105210208,843,
drop_matchups,2025-02-24,2024_25,0022400825,ATL,MIA,184,227.16666666666666,0.4113749260788606,227.5780415927455,0.4113749260788495,-43.57804159274552,43.57804159274551,1899.0457090590573,843,
drop_matchups,2025-02-25,2024_25,0022400834,GSW,CHA,220,222.5,-1.0277014646614444,221.47229853533855,-1.0277014646614475,-1.4722985353385556,1.4722985353385525,2.167662977160047,851,
drop_matchups,2025-02-25,2024_25,0022400833,NOP,SAS,212,237.83333333333334,0.2101312770042837,238.04346461033762,0.21013127700427958,-26.043464610337626,26.043464610337622,678.2620489099081,851,
drop_matchups,2025-02-25,2024_25,0022400832,MEM,PHX,299,244.83333333333334,0.4707433654370813,245.30407669877042,0.4707433654370732,53.69592330122958,53.695923301229584,2883.2521791715303,851,
drop_matchups,2025-02-25,2024_25,0022400835,LAL,DAL,206,231.5,0.9944187615825613,232.49441876158255,0.9944187615825513,-26.494418761582562,26.49441876158255,701.9542255140975,851,
drop_matchups,2025-02-25,2024_25,0022400830,ORL,CLE,204,224.16666666666666,0.1642605681976737,224.33092723486433,0.1642605681976761,-20.33092723486433,20.330927234864333,413.34660222934826,851,
drop_matchups,2025-02-25,2024_25,0022400829,TOR,BOS,212,226.33333333333334,-0.2753469286854689,226.05798640464786,-0.2753469286854795,-14.057986404647874,14.057986404647863,197.62698175326415,851,
drop_matchups,2025-02-25,2024_25,0022400831,HOU,MIL,197,226.33333333333334,1.5063073989647116,227.83964073229805,1.506307398964708,-30.839640732298054,30.83964073229805,951.0834404972171,851,
drop_matchups,2025-02-26,2024_25,0022400844,HOU,SAS,224,227.0,-0.9910142256622662,226.00898577433773,-0.9910142256622692,-2.008985774337734,2.008985774337731,4.036023841491372,858,
drop_matchups,2025-02-26,2024_25,0022400843,UTA,SAC,219,235.66666666666666,0.5052270131819279,236.17189367984858,0.5052270131819228,-17.171893679848584,17.17189367984858,294.87393255202363,858,
drop_matchups,2025-02-26,2024_25,0022400842,CHI,LAC,239,228.0,2.6480827332036374,230.64808273320364,2.648082733203637,8.351917266796363,8.351917266796363,69.75452203141123,858,
drop_matchups,2025-02-26,2024_25,0022400841,MIA,ATL,240,229.16666666666666,-1.2608298041238537,227.9058368625428,-1.2608298041238584,12.094163137457196,12.094163137457201,146.2687819954286,858,
drop_matchups,2025-02-26,2024_25,0022400836,DET,BOS,214,225.83333333333334,2.20833370629606,228.0416670396294,2.2083337062960595,-14.041667039629402,14.041667039629402,197.16841325181474,858,
drop_matchups,2025-02-26,2024_25,0022400839,WAS,POR,250,230.33333333333334,2.2707763228484175,232.60410965618175,2.2707763228484055,17.39589034381824,17.39589034381825,302.61700085414907,858,
drop_matchups,2025-02-26,2024_25,0022400838,NYK,PHI,215,231.0,3.1084230920286746,234.1084230920287,3.108423092028687,-19.108423092028673,19.108423092028687,365.1318330639752,858,
drop_matchups,2025-02-26,2024_25,0022400837,IND,TOR,202,235.83333333333334,-0.6606145908913036,235.17271874244204,-0.6606145908912993,-33.172718742442036,33.17271874244204,1100.4292687651657,858,
drop_matchups,2025-02-26,2024_25,0022400840,BKN,OKC,250,217.16666666666666,-4.795948005750547,212.3707186609161,-4.795948005750546,37.62928133908389,37.62928133908389,1415.962814095927,858,
drop_matchups,2025-02-27,2024_25,0022400845,ORL,GSW,236,210.5,-1.7494133539626544,208.75058664603733,-1.749413353962666,27.249413353962655,27.249413353962666,742.5305281351189,867,
drop_matchups,2025-02-27,2024_25,0022400847,DAL,CHA,199,223.33333333333334,-0.9588622401204695,222.37447109321286,-0.9588622401204816,-23.374471093212872,23.37447109321286,546.3658988874437,867,
drop_matchups,2025-02-27,2024_25,0022400846,MIL,DEN,233,240.16666666666666,1.1000340871677818,241.26670075383444,1.100034087167785,-8.266700753834439,8.266700753834442,68.33834135344694,867,
drop_matchups,2025-02-27,2024_25,0022400849,LAL,MIN,213,226.16666666666666,3.821858134334285,229.98852480100095,3.821858134334292,-16.988524801000942,16.98852480100095,288.6099749142243,867,
drop_matchups,2025-02-27,2024_25,0022400848,PHX,NOP,240,235.66666666666666,1.487174310916737,237.1538409775834,1.4871743109167426,2.8461590224166056,2.8461590224166002,8.100621180883417,867,
drop_matchups,2025-02-28,2024_25,0022400854,MIA,IND,245,225.5,-0.30853253893808524,225.1914674610619,-0.3085325389380955,19.808532538938085,19.808532538938096,392.3779613461693,872,
drop_matchups,2025-02-28,2024_25,0022400851,ATL,OKC,254,241.83333333333334,5.493697336308392,247.32703066964174,5.493697336308401,6.672969330358265,6.6729693303582565,44.52851968390192,872,
drop_matchups,2025-02-28,2024_25,0022400852,BOS,CLE,239,232.5,8.161128513222037,240.66112851322202,8.161128513222025,-1.661128513222037,1.6611285132220246,2.759347937439214,872,
drop_matchups,2025-02-28,2024_25,0022400853,BKN,POR,223,218.33333333333334,0.5308923895304305,218.86422572286378,0.530892389530436,4.1357742771362265,4.135774277136221,17.10462887142163,872,
drop_matchups,2025-02-28,2024_25,0022400850,DET,DEN,253,237.0,1.5715450675569056,238.5715450675569,1.5715450675569116,14.428454932443094,14.428454932443088,208.18031173754127,872,
drop_matchups,2025-02-28,2024_25,0022400855,CHI,TOR,240,235.33333333333334,-1.4140338955967775,233.91929943773656,-1.4140338955967877,6.080700562263434,6.080700562263445,36.974919327910975,872,
drop_matchups,2025-02-28,2024_25,0022400856,MEM,NYK,227,245.0,4.029774419848357,249.02977441984837,4.029774419848366,-22.02977441984836,22.029774419848366,485.3109609894054,872,
drop_matchups,2025-02-28,2024_25,0022400857,PHX,NOP,233,235.66666666666666,2.4150652839706677,238.08173195063733,2.4150652839706765,-5.081731950637325,5.081731950637334,25.823999618128322,872,
drop_matchups,2025-02-28,2024_25,0022400859,LAL,LAC,208,220.16666666666666,0.4762425399986738,220.64290920666534,0.4762425399986796,-12.642909206665331,12.642909206665337,159.84315320798314,872,
drop_matchups,2025-02-28,2024_25,0022400858,UTA,MIN,233,226.33333333333334,2.1775746734407067,228.51090800677406,2.1775746734407164,4.4890919932259505,4.489091993225941,20.15194692364525,872,
drop_matchups,2025-03-01,2024_25,0022400860,CHA,WAS,213,219.66666666666666,3.060940289923879,222.72760695659053,3.0609402899238773,-9.727606956590536,9.727606956590535,94.62633710190856,882,
drop_matchups,2025-03-01,2024_25,0022400861,DET,BKN,209,218.16666666666666,0.10921324909864706,218.2758799157653,0.10921324909864438,-9.275879915765305,9.275879915765302,86.0419482116981,882,
drop_matchups,2025-03-01,2024_25,0022400862,HOU,SAC,216,228.0,-0.244429786041684,227.75557021395832,-0.2444297860416782,-11.755570213958316,11.755570213958322,138.1934310553041,882,
drop_matchups,2025-03-01,2024_25,0022400863,MEM,SAS,258,242.33333333333334,-0.38076551437909056,241.95256781895426,-0.38076551437907824,16.047432181045746,16.047432181045735,257.5200796052623,882,
drop_matchups,2025-03-01,2024_25,0022400864,PHI,GSW,245,225.66666666666666,-0.2490204428587272,225.41764622380794,-0.24902044285872194,19.58235377619207,19.582353776192065,383.4685794159436,882,
drop_matchups,2025-03-01,2024_25,0022400865,DAL,MIL,249,227.66666666666666,0.9458183305254146,228.61248499719207,0.9458183305254124,20.387515002807927,20.38751500280793,415.6507679897184,882,
drop_matchups,2025-03-02,2024_25,0022400869,MIA,NYK,228,223.0,-0.6460938866376118,222.3539061133624,-0.6460938866376011,5.646093886637612,5.646093886637601,31.878376176726494,888,
drop_matchups,2025-03-02,2024_25,0022400866,BOS,DEN,213,235.33333333333334,5.951264729896706,241.28459806323005,5.951264729896707,-28.28459806323005,28.28459806323005,800.0184875984771,888,
drop_matchups,2025-03-02,2024_25,0022400867,CLE,POR,262,234.33333333333334,1.1030246611707384,235.43635799450408,1.1030246611707355,26.563642005495918,26.56364200549592,705.6270765961474,888,
drop_matchups,2025-03-02,2024_25,0022400874,LAL,LAC,210,219.83333333333334,-0.12493413899457342,219.70839919433877,-0.1249341389945755,-9.708399194338769,9.708399194338767,94.25301491663762,888,
drop_matchups,2025-03-02,2024_25,0022400868,IND,CHI,239,243.16666666666666,-0.181587241827384,242.98507942483928,-0.18158724182737274,-3.9850794248392734,3.9850794248392845,15.880858022277403,888,
drop_matchups,2025-03-02,2024_25,0022400872,UTA,NOP,249,232.0,1.468861935067089,233.46886193506708,1.468861935067082,15.531138064932911,15.531138064932918,241.21624959200824,888,
drop_matchups,2025-03-02,2024_25,0022400873,PHX,MIN,214,229.66666666666666,3.7423682417682897,233.40903490843493,3.7423682417682755,-19.409034908434947,19.409034908434933,376.71063607684584,888,
drop_matchups,2025-03-02,2024_25,0022400871,SAS,OKC,278,235.33333333333334,4.044174185362469,239.3775075186958,4.044174185362465,38.622492481304185,38.62249248130419,1491.6969254683988,888,
drop_matchups,2025-03-02,2024_25,0022400870,ORL,TOR,206,211.5,-5.320736518909834,206.17926348109017,-5.3207365189098255,-0.17926348109016566,0.17926348109017454,0.032135395652567365,888,
drop_matchups,2025-03-03,2024_25,0022400875,CHA,GSW,220,224.33333333333334,5.143347698688604,229.47668103202196,5.143347698688615,-9.476681032021947,9.476681032021958,89.80748338268475,897,
drop_matchups,2025-03-03,2024_25,0022400876,PHI,POR,221,228.16666666666666,1.3196038019317817,229.48627046859843,1.3196038019317768,-8.48627046859844,8.486270468598434,72.01678646620589,897,
drop_matchups,2025-03-03,2024_25,0022400877,MIA,WAS,196,219.5,1.4607166383044206,220.96071663830443,1.460716638304433,-24.96071663830442,24.960716638304433,623.0373750977277,897,
drop_matchups,2025-03-03,2024_25,0022400878,MEM,ATL,262,253.33333333333334,-0.7456345771495271,252.5876987561838,-0.7456345771495307,9.412301243816184,9.412301243816188,88.59141470434376,897,
drop_matchups,2025-03-03,2024_25,0022400879,OKC,HOU,265,226.83333333333334,-2.51196574029299,224.32136759304035,-2.511965740292993,40.67863240695965,40.67863240695965,1654.7511345005478,897,
drop_matchups,2025-03-03,2024_25,0022400880,DAL,SAC,220,231.5,3.489939997546071,234.98993999754606,3.4899399975460597,-14.98993999754607,14.98993999754606,224.69830113003115,897,
drop_matchups,2025-03-03,2024_25,0022400881,UTA,DET,240,232.16666666666666,1.0856784261249801,233.25234509279164,1.0856784261249857,6.7476549072083625,6.747654907208357,45.53084674677302,897,
drop_matchups,2025-03-04,2024_25,0022400886,CHI,CLE,256,246.0,3.4663241043904973,249.4663241043905,3.466324104390509,6.533675895609503,6.533675895609491,42.68892070886849,904,
drop_matchups,2025-03-04,2024_25,0022400883,ORL,TOR,227,209.5,-3.645276277365825,205.85472372263416,-3.645276277365838,21.145276277365824,21.145276277365838,447.1227088461305,904,
drop_matchups,2025-03-04,2024_25,0022400884,ATL,MIL,248,240.83333333333334,-0.11995132980722344,240.7133820035261,-0.1199513298072361,7.286617996473881,7.286617996473893,53.094801826537214,904,
drop_matchups,2025-03-04,2024_25,0022400885,NYK,GSW,216,231.16666666666666,5.512052087140232,236.6787187538069,5.512052087140233,-20.67871875380689,20.67871875380689,427.6094092990448,904,
drop_matchups,2025-03-04,2024_25,0022400890,LAL,NOP,251,230.0,1.8521870369236888,231.85218703692368,1.8521870369236808,19.147812963076312,19.14781296307632,366.63874126895354,904,
drop_matchups,2025-03-04,2024_25,0022400887,MIN,PHI,238,223.33333333333334,-0.8649645089522062,222.46836882438114,-0.8649645089521982,15.531631175618863,15.531631175618855,241.23156697545554,904,
drop_matchups,2025-03-04,2024_25,0022400888,SAS,BKN,240,225.33333333333334,2.6192659061025125,227.95259923943587,2.6192659061025267,12.047400760564145,12.04740076056413,145.1398650856412,904,
drop_matchups,2025-03-04,2024_25,0022400889,PHX,LAC,236,225.33333333333334,0.12853026774489107,225.46186360107822,0.1285302677448783,10.538136398921766,10.538136398921779,111.05231876228008,904,
drop_matchups,2025-03-04,2024_25,0022400882,IND,HOU,217,230.33333333333334,2.0368460450361394,232.37017937836947,2.0368460450361283,-15.370179378369482,15.370179378369471,236.24241412325415,904,
drop_matchups,2025-03-05,2024_25,0022400892,CHA,MIN,235,223.5,-1.0882691798759498,222.41173082012406,-1.0882691798759367,12.58826917987595,12.588269179875937,158.46452094501439,913,
drop_matchups,2025-03-05,2024_25,0022400894,WAS,UTA,247,230.5,0.4805920248798849,230.98059202487988,0.48059202487988273,16.019407975120114,16.019407975120117,256.62143187334203,913,
drop_matchups,2025-03-05,2024_25,0022400891,BOS,POR,246,225.0,5.897258715871791,230.8972587158718,5.8972587158718,15.102741284128209,15.1027412841282,228.0927942953103,913,
drop_matchups,2025-03-05,2024_25,0022400893,CLE,MIA,219,227.16666666666666,2.3225329780874344,229.48919964475408,2.3225329780874233,-10.489199644754091,10.48919964475408,110.02330918750913,913,
drop_matchups,2025-03-05,2024_25,0022400895,MEM,OKC,223,250.5,-2.7585124145777806,247.74148758542222,-2.7585124145777797,-24.74148758542222,24.74148758542222,612.1412079396018,913,
drop_matchups,2025-03-05,2024_25,0022400897,MIL,DAL,244,225.33333333333334,-0.32222469090282174,225.01110864243051,-0.32222469090282857,18.98889135756948,18.988891357569486,360.5779949895771,913,
drop_matchups,2025-03-05,2024_25,0022400898,LAC,DET,238,219.5,3.0318019669859013,222.5318019669859,3.0318019669859098,15.4681980330141,15.46819803301409,239.26515038854097,913,
drop_matchups,2025-03-05,2024_25,0022400896,DEN,SAC,226,237.0,1.9203927070296738,238.92039270702966,1.920392707029663,-12.920392707029674,12.920392707029663,166.9365477038653,913,
drop_matchups,2025-03-06,2024_25,0022400899,ATL,IND,242,247.16666666666666,-0.847199684212906,246.31946698245375,-0.8471996842129101,-4.3194669824537515,4.319466982453747,18.65779501250808,921,
drop_matchups,2025-03-06,2024_25,0022400900,BOS,PHI,228,221.83333333333334,0.18334538801774583,222.0166787213511,0.1833453880177558,5.983321278648911,5.983321278648901,35.80013352353272,921,
drop_matchups,2025-03-06,2024_25,0022400901,BKN,GSW,240,224.5,5.764781814925515,230.26478181492553,5.764781814925527,9.735218185074485,9.735218185074473,94.77447311100471,921,
drop_matchups,2025-03-06,2024_25,0022400902,NOP,HOU,206,228.33333333333334,4.29143650505292,232.62476983838627,4.291436505052928,-26.624769838386264,26.62476983838627,708.8783689470433,921,
drop_matchups,2025-03-06,2024_25,0022400903,LAL,NYK,222,229.66666666666666,3.3384751721104644,233.00514183877712,3.3384751721104635,-11.00514183877712,11.00514183877712,121.11314689160267,921,
drop_matchups,2025-03-06,2024_25,0022400944,ORL,CHI,248,219.16666666666666,0.2648715106585696,219.43153817732522,0.2648715106585655,28.568461822674774,28.568461822674777,816.1570109136262,921,
drop_matchups,2025-03-07,2024_25,0022400907,MIA,MIN,210,216.16666666666666,2.1397037273342407,218.3063703940009,2.1397037273342505,-8.306370394000897,8.306370394000908,68.9957891223348,927,
drop_matchups,2025-03-07,2024_25,0022400904,CHA,CLE,235,234.33333333333334,1.2962191340748381,235.6295524674082,1.2962191340748461,-0.6295524674081809,0.6295524674081889,0.3963363092197388,927,
drop_matchups,2025-03-07,2024_25,0022400905,TOR,UTA,227,229.83333333333334,-1.626970034468759,228.20636329886457,-1.6269700344687692,-1.2063632988645838,1.2063632988645736,1.4553124088474165,927,
drop_matchups,2025-03-07,2024_25,0022400906,DAL,MEM,233,239.33333333333334,-1.1954875937729774,238.13784573956036,-1.195487593772981,-5.137845739560365,5.137845739560362,26.39745884351856,927,
drop_matchups,2025-03-07,2024_25,0022400911,LAC,NYK,200,220.16666666666666,-0.25213224822119223,219.91453441844547,-0.2521322482211872,-19.914534418445466,19.91453441844547,396.58868110344923,927,
drop_matchups,2025-03-07,2024_25,0022400909,DEN,PHX,290,237.5,-2.002080460413512,235.4979195395865,-2.0020804604135094,54.50208046041351,54.50208046041351,2970.476774513388,927,
drop_matchups,2025-03-07,2024_25,0022400910,SAC,SAS,236,235.66666666666666,-1.4165800368456332,234.25008662982103,-1.4165800368456303,1.749913370178976,1.749913370178973,3.0621968031311315,927,
drop_matchups,2025-03-07,2024_25,0022400908,OKC,POR,196,227.0,5.259399599603131,232.25939959960314,5.259399599603142,-36.25939959960313,36.25939959960314,1314.7440593237004,927,
drop_matchups,2025-03-08,2024_25,0022400917,MIL,ORL,220,217.83333333333334,1.0159114511626508,218.849244784496,1.0159114511626512,1.1507552155040064,1.150755215504006,1.3242375660096712,935,
drop_matchups,2025-03-08,2024_25,0022400919,GSW,DET,225,233.33333333333334,2.865758828271962,236.1990921616053,2.8657588282719644,-11.199092161605305,11.199092161605307,125.41966524412943,935,
drop_matchups,2025-03-08,2024_25,0022400916,MIA,CHI,223,226.33333333333334,-0.36830550688734887,225.965027826446,-0.36830550688733865,-2.965027826445994,2.965027826446004,8.791390011599116,935,
drop_matchups,2025-03-08,2024_25,0022400918,BOS,LAL,212,226.5,5.18389585066576,231.68389585066575,5.183895850665749,-19.68389585066576,19.68389585066575,387.4557558598563,935,
drop_matchups,2025-03-08,2024_25,0022400914,ATL,IND,238,243.33333333333334,-1.7689069579130186,241.5644263754203,-1.7689069579130319,-3.5644263754203243,3.564426375420311,12.705135385791975,935,
drop_matchups,2025-03-08,2024_25,0022400913,HOU,NOP,263,229.66666666666666,-2.6132693024483094,227.05339736421834,-2.613269302448316,35.94660263578165,35.94660263578166,1292.1582410547849,935,
drop_matchups,2025-03-08,2024_25,0022400915,TOR,WAS,235,222.66666666666666,3.8114197553656286,226.47808642203228,3.8114197553656197,8.521913577967714,8.521913577967723,72.62301103035064,935,
drop_matchups,2025-03-08,2024_25,0022400912,CHA,BKN,207,212.66666666666666,-1.3572405801806922,211.30942608648596,-1.3572405801807008,-4.309426086485965,4.309426086485956,18.571153194885664,935,
drop_matchups,2025-03-09,2024_25,0022400923,NOP,MEM,211,240.16666666666666,1.6209618582172942,241.78762852488396,1.6209618582172993,-30.787628524883953,30.787628524883957,947.8780701862482,943,
drop_matchups,2025-03-09,2024_25,0022400920,OKC,DEN,230,240.66666666666666,-1.214672514216914,239.45199415244974,-1.2146725142169146,-9.451994152449743,9.451994152449743,89.34019345794412,943,
drop_matchups,2025-03-09,2024_25,0022400921,DAL,PHX,241,228.83333333333334,-2.5037556480254115,226.32957768530792,-2.503755648025418,14.670422314692068,14.670422314692075,215.22129089141518,943,
drop_matchups,2025-03-09,2024_25,0022400922,MIL,CLE,212,237.83333333333334,1.9924554365999747,239.82578876993333,1.9924554365999825,-27.825788769933318,27.825788769933325,774.2745206689476,943,
drop_matchups,2025-03-09,2024_25,0022400924,PHI,UTA,248,225.33333333333334,-3.4691161577702414,221.8642171755631,-3.4691161577702303,26.135782824436898,26.135782824436887,683.0791438461303,943,
drop_matchups,2025-03-09,2024_25,0022400926,POR,DET,231,232.16666666666666,1.9908003885264887,234.15746705519314,1.9908003885264804,-3.1574670551931456,3.1574670551931376,9.969598204630024,943,
drop_matchups,2025-03-09,2024_25,0022400925,MIN,SAS,265,233.0,-2.258543814671461,230.74145618532853,-2.2585438146714694,34.25854381467146,34.25854381467147,1173.6478243017648,943,
drop_matchups,2025-03-09,2024_25,0022400927,LAC,SAC,221,220.83333333333334,7.085867601421787,227.91920093475514,7.085867601421796,-6.91920093475513,6.919200934755139,47.87534157551639,943,
drop_matchups,2025-03-10,2024_25,0022400931,MIA,CHA,207,216.33333333333334,-0.8518449966770916,215.48148833665624,-0.8518449966771016,-8.481488336656252,8.481488336656241,71.93564440483586,951,
drop_matchups,2025-03-10,2024_25,0022400933,CHI,IND,224,241.5,-1.6102420869454652,239.88975791305452,-1.610242086945476,-15.889757913054535,15.889757913054524,252.48440653547885,951,
drop_matchups,2025-03-10,2024_25,0022400928,ATL,PHI,255,234.5,-5.7179299897526015,228.7820700102474,-5.717929989752605,26.2179299897526,26.217929989752605,687.379852947569,951,
drop_matchups,2025-03-10,2024_25,0022400929,BOS,UTA,222,228.66666666666666,1.1945893939283136,229.86125606059497,1.194589393928311,-7.861256060594971,7.861256060594968,61.799346850241115,951,
drop_matchups,2025-03-10,2024_25,0022400932,TOR,WAS,223,232.16666666666666,-0.27292264937957383,231.89374401728708,-0.27292264937958066,-8.893744017287084,8.893744017287077,79.09868264502967,951,
drop_matchups,2025-03-10,2024_25,0022400939,SAC,NYK,237,220.83333333333334,1.864289358066138,222.6976226913995,1.864289358066145,14.30237730860052,14.302377308600512,204.55799667757083,951,
drop_matchups,2025-03-10,2024_25,0022400934,HOU,ORL,181,213.5,0.9690545088634983,214.4690545088635,0.9690545088635076,-33.4690545088635,33.46905450886351,1120.1776097172767,951,
drop_matchups,2025-03-10,2024_25,0022400936,OKC,DEN,267,238.5,-0.5532575821691164,237.94674241783088,-0.5532575821691239,29.053257582169117,29.053257582169124,844.0917761358677,951,
drop_matchups,2025-03-10,2024_25,0022400937,SAS,DAL,262,229.33333333333334,-5.801158805850251,223.53217452748308,-5.801158805850264,38.46782547251691,38.46782547251692,1479.7735965840218,951,
drop_matchups,2025-03-10,2024_25,0022400938,GSW,POR,250,230.5,1.6368124244532094,232.1368124244532,1.6368124244532112,17.86318757554679,17.86318757554679,319.09347035916915,951,
drop_matchups,2025-03-10,2024_25,0022400935,MEM,PHX,238,242.66666666666666,1.4205433884577114,244.08721005512436,1.420543388457702,-6.087210055124369,6.087210055124359,37.0541262552071,951,
drop_matchups,2025-03-10,2024_25,0022400930,BKN,LAL,219,215.66666666666666,4.26468472345306,219.93135139011972,4.264684723453058,-0.9313513901197172,0.9313513901197155,0.8674154118779264,951,
drop_matchups,2025-03-11,2024_25,0022400943,NOP,LAC,247,224.5,2.5633171519788793,227.06331715197888,2.563317151978879,19.93668284802112,19.93668284802112,397.4713229825796,963,
drop_matchups,2025-03-11,2024_25,0022400942,IND,MIL,229,234.0,-0.9263522815721974,233.0736477184278,-0.926352281572207,-4.073647718427803,4.073647718427793,16.594605733851964,963,
drop_matchups,2025-03-11,2024_25,0022400941,DET,WAS,226,234.5,0.563513507846797,235.0635135078468,0.5635135078468068,-9.063513507846796,9.063513507846807,82.14727710692152,963,
drop_matchups,2025-03-11,2024_25,0022400940,CLE,BKN,213,227.0,0.13877347986009153,227.13877347986008,0.1387734798600775,-14.138773479860092,14.138773479860077,199.90491551479465,963,
drop_matchups,2025-03-12,2024_25,0022400948,MIA,LAC,223,209.5,1.6283235421876183,211.12832354218762,1.6283235421876157,11.87167645781238,11.871676457812384,140.9367019189768,967,
drop_matchups,2025-03-12,2024_25,0022400950,MEM,UTA,237,246.83333333333334,0.38712261910819634,247.22045595244154,0.38712261910819734,-10.220455952441538,10.22045595244154,104.45771987579771,967,
drop_matchups,2025-03-12,2024_25,0022400953,POR,NYK,227,226.66666666666666,-0.5103997191328175,226.15626694753385,-0.5103997191328062,0.8437330524661603,0.843733052466149,0.7118854638238454,967,
drop_matchups,2025-03-12,2024_25,0022400951,SAS,DAL,242,237.5,3.2908942799600753,240.79089427996007,3.290894279960071,1.2091057200399247,1.209105720039929,1.4619366422332754,967,
drop_matchups,2025-03-12,2024_25,0022400949,HOU,PHX,215,228.66666666666666,-3.1912811039362334,225.47538556273042,-3.191281103936234,-10.475385562730423,10.475385562730423,109.73370268786098,967,
drop_matchups,2025-03-12,2024_25,0022400952,DEN,MIN,210,235.33333333333334,1.3070258769615397,236.6403592102949,1.3070258769615464,-26.640359210294882,26.64035921029489,709.7087388535438,967,
drop_matchups,2025-03-12,2024_25,0022400947,TOR,PHI,223,219.33333333333334,-1.624052987938196,217.70928034539514,-1.6240529879381995,5.290719654604853,5.290719654604857,27.991714463622134,967,
drop_matchups,2025-03-12,2024_25,0022400946,BOS,OKC,230,228.0,-0.38638870065787656,227.61361129934212,-0.386388700657875,2.386388700657877,2.386388700657875,5.694851030627581,967,
drop_matchups,2025-03-12,2024_25,0022400945,ATL,CHA,233,233.66666666666666,-2.5038474787670175,231.16281918789963,-2.503847478767028,1.8371808121003603,1.837180812100371,3.375233336349779,967,
drop_matchups,2025-03-13,2024_25,0022400954,DET,WAS,254,235.33333333333334,-5.15189893367077,230.18143439966258,-5.151898933670765,23.81856560033743,23.818565600337422,567.3240672575772,976,
drop_matchups,2025-03-13,2024_25,0022400955,MIL,LAL,232,225.5,3.0043011346281765,228.50430113462818,3.0043011346281787,3.4956988653718235,3.4956988653718213,12.219910557361839,976,
drop_matchups,2025-03-13,2024_25,0022400956,CHI,BKN,226,230.0,-3.8085553768997813,226.1914446231002,-3.8085553768997897,-0.1914446231002187,0.19144462310021026,0.03665104371398156,976,
drop_matchups,2025-03-13,2024_25,0022400957,GSW,SAC,234,233.5,0.3741433454963992,233.8741433454964,0.3741433454964067,0.12585665450360078,0.1258566545035933,0.01583989748283685,976,
drop_matchups,2025-03-13,2024_25,0022401141,NOP,ORL,206,217.16666666666666,0.039662067554083434,217.20632873422073,0.039662067554075975,-11.20632873422074,11.206328734220733,125.58180369942126,976,
drop_matchups,2025-03-14,2024_25,0022400958,MIA,BOS,194,216.16666666666666,4.34738181933953,220.51404848600617,4.3473818193395175,-26.51404848600619,26.514048486006175,702.9947671182863,981,
drop_matchups,2025-03-14,2024_25,0022400965,DEN,LAL,257,231.5,-0.17640643770476017,231.32359356229523,-0.17640643770477027,25.67640643770476,25.67640643770477,659.2778475542069,981,
drop_matchups,2025-03-14,2024_25,0022400959,PHI,IND,212,232.83333333333334,3.1497989757419536,235.9831323090753,3.149798975741959,-23.983132309075295,23.9831323090753,575.1906353546116,981,
drop_matchups,2025-03-14,2024_25,0022400962,MEM,CLE,257,244.16666666666666,1.5826821069752024,245.74934877364186,1.5826821069751986,11.25065122635814,11.250651226358144,126.57715301715402,981,
drop_matchups,2025-03-14,2024_25,0022400960,ATL,LAC,219,232.33333333333334,3.080425659338082,235.41375899267143,3.08042565933809,-16.413758992671426,16.413758992671433,269.41148426950235,981,
drop_matchups,2025-03-14,2024_25,0022400966,UTA,TOR,244,231.83333333333334,6.456235551785127,238.28956888511846,6.456235551785113,5.71043111488153,5.710431114881544,32.60902351780727,981,
drop_matchups,2025-03-14,2024_25,0022400964,SAS,CHA,279,230.0,-3.824905273030406,226.1750947269696,-3.824905273030396,52.8249052730304,52.824905273030396,2790.4706171046346,981,
drop_matchups,2025-03-14,2024_25,0022400963,MIN,ORL,229,208.5,-0.05131758593419816,208.44868241406581,-0.05131758593418567,20.5513175859342,20.551317585934186,422.3566545179277,981,
drop_matchups,2025-03-14,2024_25,0022400967,PHX,SAC,228,235.33333333333334,-1.6184052559088227,233.71492807742453,-1.6184052559088116,-5.714928077424521,5.714928077424531,32.66040293013525,981,
drop_matchups,2025-03-14,2024_25,0022400961,HOU,DAL,229,223.66666666666666,-0.3364162103249335,223.33025045634173,-0.3364162103249271,5.669749543658276,5.66974954365827,32.14605988781316,981,
drop_matchups,2025-03-15,2024_25,0022400968,BKN,BOS,228,214.83333333333334,0.544280783419175,215.3776141167525,0.5442807834191683,12.622385883247482,12.622385883247489,159.3246253856055,991,
drop_matchups,2025-03-15,2024_25,0022400975,DEN,WAS,249,239.33333333333334,0.06646299996545364,239.3997963332988,0.06646299996546645,9.600203666701203,9.60020366670119,92.16391044214299,991,
drop_matchups,2025-03-15,2024_25,0022400974,GSW,NYK,191,229.5,0.12055861556284829,229.62055861556286,0.12055861556285663,-38.62055861556285,38.62055861556286,1491.5475477781265,991,
drop_matchups,2025-03-15,2024_25,0022400973,SAS,NOP,234,237.5,5.22489208490268,242.72489208490268,5.224892084902677,-8.724892084902681,8.724892084902677,76.12374189319739,991,
drop_matchups,2025-03-15,2024_25,0022400972,MIL,IND,245,235.5,-2.369898908798081,233.1301010912019,-2.369898908798092,11.869898908798081,11.869898908798092,140.89450010508614,991,
drop_matchups,2025-03-15,2024_25,0022400971,MEM,MIA,216,228.0,2.3164536628925627,230.31645366289257,2.3164536628925703,-14.316453662892563,14.31645366289257,204.96084548175008,991,
drop_matchups,2025-03-15,2024_25,0022400969,DET,OKC,220,234.5,-1.7733693448088494,232.72663065519114,-1.7733693448088559,-12.726630655191151,12.726630655191144,161.96712783365098,991,
drop_matchups,2025-03-15,2024_25,0022400970,HOU,CHI,231,231.33333333333334,1.9124212795485478,233.24575461288188,1.9124212795485391,-2.245754612881891,2.245754612881882,5.043413781280251,991,
drop_matchups,2025-03-16,2024_25,0022400977,LAL,PHX,203,229.66666666666666,-0.6681590910895923,228.99850757557707,-0.668159091089592,-25.998507575577065,25.998507575577065,675.9223961573381,999,
drop_matchups,2025-03-16,2024_25,0022400978,BKN,ATL,236,229.0,0.008951981333091344,229.0089519813331,0.008951981333098047,6.991048018666909,6.991048018666902,48.874752399306416,999,
drop_matchups,2025-03-16,2024_25,0022400976,DAL,PHI,255,224.83333333333334,-1.8485037804750126,222.98482955285834,-1.8485037804749993,32.01517044714167,32.01517044714166,1024.9711387595326,999,
drop_matchups,2025-03-16,2024_25,0022400538,LAC,CHA,211,221.5,-0.7862309500427901,220.71376904995722,-0.7862309500427784,-9.71376904995721,9.713769049957222,94.35730915590682,999,
drop_matchups,2025-03-16,2024_25,0022400982,MIL,OKC,226,231.5,-0.7777689048055839,230.72223109519442,-0.7777689048055834,-4.722231095194416,4.722231095194417,22.29946651642106,999,
drop_matchups,2025-03-16,2024_25,0022400981,MIN,UTA,230,231.5,2.417479554828996,233.917479554829,2.4174795548289865,-3.917479554828996,3.9174795548289865,15.346646062503114,999,
drop_matchups,2025-03-16,2024_25,0022400980,POR,TOR,207,228.66666666666666,2.3632087235781536,231.0298753902448,2.36320872357814,-24.02987539024481,24.029875390244797,577.4349112706925,999,
drop_matchups,2025-03-16,2024_25,0022400979,CLE,ORL,211,219.5,0.07235989898783482,219.57235989898783,0.07235989898782691,-8.572359898987834,8.572359898987827,73.48535423777459,999,
drop_matchups,2025-03-17,2024_25,0022400987,NOP,DET,208,233.16666666666666,3.959688594142056,237.1263552608087,3.959688594142051,-29.12635526080871,29.126355260808708,848.344570778839,1007,
drop_matchups,2025-03-17,2024_25,0022400985,HOU,PHI,281,222.5,1.9379209384486542,224.43792093844866,1.9379209384486558,56.562079061551344,56.562079061551344,3199.268787765185,1007,
drop_matchups,2025-03-17,2024_25,0022400537,LAL,SAS,234,229.33333333333334,1.614470308528057,230.9478036418614,1.6144703085280696,3.0521963581386,3.0521963581385876,9.315902608634458,1007,
drop_matchups,2025-03-17,2024_25,0022400984,NYK,MIA,211,212.0,2.3263060511348086,214.32630605113482,2.3263060511348215,-3.3263060511348086,3.3263060511348215,11.06431194581613,1007,
drop_matchups,2025-03-17,2024_25,0022400986,MIN,IND,262,229.0,1.1679307476728924,230.1679307476729,1.167930747672898,31.83206925232711,31.832069252327102,1013.2806328849485,1007,
drop_matchups,2025-03-17,2024_25,0022400995,POR,WAS,209,231.33333333333334,-0.8642741437513621,230.46905918958197,-0.8642741437513735,-21.46905918958198,21.46905918958197,460.920502485774,1007,
drop_matchups,2025-03-17,2024_25,0022400989,UTA,CHI,208,240.16666666666666,1.283928215151054,241.45059488181772,1.2839282151510645,-33.450594881817715,33.45059488181772,1118.94229794749,1007,
drop_matchups,2025-03-17,2024_25,0022400990,GSW,DEN,219,236.5,-3.263389582807315,233.23661041719268,-3.2633895828073207,-14.236610417192685,14.23661041719268,202.6810761709191,1007,
drop_matchups,2025-03-17,2024_25,0022400992,SAC,MEM,254,239.83333333333334,1.673847117182889,241.50718045051624,1.673847117182902,12.492819549483768,12.492819549483755,156.0705402959635,1007,
drop_matchups,2025-03-17,2024_25,0022400991,PHX,TOR,218,227.5,0.13732781685554277,227.63732781685553,0.13732781685553164,-9.637327816855542,9.637327816855532,92.8780874495374,1007,
drop_matchups,2025-03-18,2024_25,0022400993,CHA,ATL,236,236.66666666666666,1.2850380357988895,237.95170470246555,1.285038035798891,-1.9517047024655467,1.9517047024655483,3.8091512456261345,1017,
drop_matchups,2025-03-18,2024_25,0022400994,BOS,BKN,200,215.5,0.7761391924767798,216.2761391924768,0.7761391924767906,-16.27613919247678,16.27613919247679,264.912707012879,1017,
drop_matchups,2025-03-18,2024_25,0022400997,LAC,CLE,251,231.33333333333334,2.1987572017485215,233.53209053508186,2.1987572017485206,17.467909464918137,17.467909464918137,305.12786107457663,1017,
drop_matchups,2025-03-18,2024_25,0022401012,GSW,MIL,197,230.33333333333334,1.096347413204017,231.42968074653737,1.096347413204029,-34.42968074653736,34.42968074653737,1185.4029163084863,1017,
drop_matchups,2025-03-19,2024_25,0022401001,MIN,NOP,234,228.5,-1.3947482310814685,227.10525176891852,-1.3947482310814792,6.8947482310814685,6.894748231081479,47.53755317000119,1021,
drop_matchups,2025-03-19,2024_25,0022400627,UTA,WAS,240,234.33333333333334,1.026137496505449,235.35947082983878,1.0261374965054415,4.640529170161209,4.640529170161216,21.53451097911714,1021,
drop_matchups,2025-03-19,2024_25,0022400998,IND,DAL,266,234.33333333333334,0.6531313184598466,234.9864646517932,0.653131318459856,31.013535348206812,31.0135353482068,961.8393747944727,1021,
drop_matchups,2025-03-19,2024_25,0022400999,ORL,HOU,224,211.0,4.577737212596192,215.5777372125962,4.57773721259619,8.422262787403808,8.42226278740381,70.93451046008698,1021,
drop_matchups,2025-03-19,2024_25,0022401000,MIA,DET,229,218.0,3.2055247193618595,221.20552471936185,3.205524719361847,7.7944752806381405,7.794475280638153,60.753844900479216,1021,
drop_matchups,2025-03-19,2024_25,0022401009,SAC,CLE,242,235.5,2.525099622680481,238.02509962268047,2.5250996226804716,3.974900377319519,3.9749003773195284,15.799833009614929,1021,
drop_matchups,2025-03-19,2024_25,0022401002,OKC,PHI,233,229.16666666666666,4.221025115763886,233.38769178243055,4.221025115763894,-0.3876917824305428,0.3876917824305508,0.15030491816417754,1021,
drop_matchups,2025-03-19,2024_25,0022401006,LAL,DEN,228,233.0,-0.5264606461815869,232.4735393538184,-0.5264606461815902,-4.473539353818413,4.47353935381841,20.012554350162034,1021,
drop_matchups,2025-03-19,2024_25,0022401008,POR,MEM,214,235.5,-1.204608023130189,234.2953919768698,-1.2046080231301914,-20.295391976869812,20.29539197686981,411.9029354947914,1021,
drop_matchups,2025-03-19,2024_25,0022401003,SAS,NYK,225,231.0,-0.3794992077973671,230.62050079220262,-0.3794992077973802,-5.620500792202633,5.62050079220262,31.590029155150276,1021,
drop_matchups,2025-03-19,2024_25,0022401007,PHX,CHI,248,235.33333333333334,0.9601468106630338,236.2934801439964,0.9601468106630477,11.706519856003624,11.70651985600361,137.04260713900678,1021,
drop_matchups,2025-03-20,2024_25,0022401013,SAC,CHI,244,234.66666666666666,2.067678883043527,236.73434554971018,2.067678883043527,7.265654450289816,7.265654450289816,52.789734591016206,1032,
drop_matchups,2025-03-20,2024_25,0022401011,IND,BKN,204,226.33333333333334,1.3591899947207817,227.69252332805414,1.3591899947207935,-23.692523328054126,23.692523328054136,561.3356616503894,1032,
drop_matchups,2025-03-20,2024_25,0022401010,CHA,NYK,213,222.0,2.0051526962521464,224.00515269625214,2.0051526962521393,-11.005152696252146,11.00515269625214,121.11338586782573,1032,
drop_matchups,2025-03-20,2024_25,0022401005,GSW,TOR,231,226.0,1.7239425616590516,227.72394256165904,1.7239425616590438,3.276057438340948,3.276057438340956,10.732552339309107,1032,
drop_matchups,2025-03-20,2024_25,0022400996,LAL,MIL,207,225.66666666666666,-2.1797516234112453,223.4869150432554,-2.1797516234112493,-16.48691504325541,16.486915043255408,271.81836764352147,1032,
drop_matchups,2025-03-21,2024_25,0022401018,SAS,PHI,248,239.33333333333334,1.6454794140742843,240.97881274740763,1.6454794140742877,7.021187252592373,7.0211872525923695,49.29707043596559,1037,
drop_matchups,2025-03-21,2024_25,0022401015,MIA,HOU,200,214.5,4.248105403413172,218.74810540341318,4.248105403413177,-18.74810540341317,18.748105403413177,351.4914562174904,1037,
drop_matchups,2025-03-21,2024_25,0022401016,MIN,NOP,227,229.0,-0.3291255681634567,228.67087443183655,-0.3291255681634482,-1.6708744318365434,1.6708744318365518,2.7918213669651197,1037,
drop_matchups,2025-03-21,2024_25,0022401017,OKC,CHA,247,227.16666666666666,0.03374943503084381,227.2004161016975,0.03374943503084182,19.799583898302497,19.7995838983025,392.02352254591966,1037,
drop_matchups,2025-03-21,2024_25,0022401014,WAS,ORL,225,215.83333333333334,3.128023983764203,218.96135731709754,3.1280239837641943,6.038642682902454,6.038642682902463,36.46520545177145,1037,
drop_matchups,2025-03-21,2024_25,0022401020,UTA,BOS,220,228.0,-1.8980114277304132,226.1019885722696,-1.8980114277304097,-6.101988572269587,6.10198857226959,37.234264536108675,1037,
drop_matchups,2025-03-21,2024_25,0022401021,PHX,CLE,235,239.33333333333334,2.1364783538028767,241.46981168713623,2.136478353802886,-6.46981168713622,6.469811687136229,41.85846326700454,1037,
drop_matchups,2025-03-21,2024_25,0022401022,POR,DEN,237,225.5,-4.134953520339073,221.36504647966092,-4.1349535203390815,15.634953520339073,15.634953520339081,244.45177158316343,1037,
drop_matchups,2025-03-21,2024_25,0022401023,LAC,MEM,236,231.33333333333334,1.96763451618841,233.30096784952175,1.9676345161884115,2.6990321504782475,2.6990321504782457,7.284774549315224,1037,
drop_matchups,2025-03-21,2024_25,0022401019,DAL,DET,240,235.66666666666666,3.383805869602541,239.0504725362692,3.383805869602554,0.949527463730802,0.9495274637307887,0.9016024043790242,1037,
drop_matchups,2025-03-22,2024_25,0022401024,IND,BKN,211,221.0,1.910317998504733,222.91031799850472,1.9103179985047234,-11.910317998504732,11.910317998504723,141.85567482550556,1047,
drop_matchups,2025-03-22,2024_25,0022401025,ATL,GSW,239,229.5,1.267228062703483,230.76722806270348,1.2672280627034809,8.232771937296517,8.23277193729652,67.77853377153708,1047,
drop_matchups,2025-03-22,2024_25,0022401026,NYK,WAS,225,222.66666666666666,1.49630622279915,224.1629728894658,1.4963062227991486,0.8370271105341929,0.8370271105341942,0.7006143837692221,1047,
drop_matchups,2025-03-22,2024_25,0022401027,SAC,MIL,222,226.33333333333334,0.6835927778093615,227.0169261111427,0.6835927778093662,-5.016926111142705,5.016926111142709,25.169547604665507,1047,
drop_matchups,2025-03-22,2024_25,0022401028,LAL,CHI,261,233.5,0.6721686180312183,234.1721686180312,0.6721686180312076,26.82783138196878,26.827831381968792,719.7325366593495,1047,
drop_matchups,2025-03-23,2024_25,0022401030,UTA,CLE,211,237.33333333333334,-4.988474981690323,232.344858351643,-4.988474981690331,-21.34485835164302,21.344858351643012,455.60297805170444,1052,
drop_matchups,2025-03-23,2024_25,0022401032,MIA,CHA,227,211.83333333333334,-3.1275627735726537,208.70577055976068,-3.127562773572663,18.29422944023931,18.29422944023932,334.6788308121191,1052,
drop_matchups,2025-03-23,2024_25,0022401029,DET,NOP,266,230.33333333333334,-0.6042796618974271,229.7290536714359,-0.6042796618974364,36.27094632856409,36.270946328564094,1315.5815475695772,1052,
drop_matchups,2025-03-23,2024_25,0022401031,ATL,PHI,251,237.66666666666666,0.816432586381083,238.48309925304773,0.8164325863810689,12.51690074695226,12.516900746952274,156.67280430905438,1052,
drop_matchups,2025-03-23,2024_25,0022401034,POR,BOS,245,220.5,-1.0340937844026734,219.46590621559733,-1.0340937844026712,25.534093784402675,25.53409378440267,651.9899453906711,1052,
drop_matchups,2025-03-23,2024_25,0022401033,TOR,SAS,212,234.5,-4.36261064089225,230.13738935910774,-4.362610640892257,-18.13738935910775,18.137389359107743,328.9648927638748,1052,
drop_matchups,2025-03-23,2024_25,0022401035,HOU,DEN,227,227.16666666666666,-2.13242028612485,225.03424638054182,-2.132420286124841,1.9657536194581926,1.9657536194581837,3.8641872924129497,1052,
drop_matchups,2025-03-23,2024_25,0022401036,LAC,OKC,204,228.5,1.6991004718324598,230.19910047183245,1.6991004718324518,-26.19910047183246,26.199100471832452,686.3928655331714,1052,
drop_matchups,2025-03-24,2024_25,0022401044,SAC,BOS,208,225.0,0.9336581062406959,225.9336581062407,0.9336581062406992,-17.933658106240696,17.9336581062407,321.61609307153276,1060,
drop_matchups,2025-03-24,2024_25,0022401042,DEN,CHI,248,239.33333333333334,-1.3355906882160913,237.99774264511726,-1.3355906882160866,10.00225735488275,10.002257354882744,100.04515219330594,1060,
drop_matchups,2025-03-24,2024_25,0022401041,NOP,PHI,211,233.0,0.08933287865101455,233.08933287865102,0.08933287865102102,-22.089332878651014,22.08933287865102,487.93862702385303,1060,
drop_matchups,2025-03-24,2024_25,0022401043,PHX,MIL,214,225.5,-0.13867620254301632,225.36132379745698,-0.13867620254302437,-11.361323797456985,11.361323797456976,129.0796784306622,1060,
drop_matchups,2025-03-24,2024_25,0022401039,WAS,TOR,216,227.66666666666666,3.5568933699109597,231.22356003657762,3.5568933699109664,-15.223560036577616,15.223560036577624,231.75678018728328,1060,
drop_matchups,2025-03-24,2024_25,0022401038,ORL,LAL,224,215.83333333333334,0.7855924441086003,216.61892577744194,0.7855924441086017,7.381074222558057,7.3810742225580555,54.480256678911005,1060,
drop_matchups,2025-03-24,2024_25,0022401037,IND,MIN,222,231.16666666666666,2.7391224286304148,233.90578909529708,2.7391224286304237,-11.905789095297072,11.90578909529708,141.7478139816949,1060,
drop_matchups,2025-03-24,2024_25,0022401040,BKN,DAL,221,218.83333333333334,6.066936707238059,224.9002700405714,6.066936707238057,-3.900270040571402,3.9002700405713995,15.212106389378826,1060,
drop_matchups,2025-03-25,2024_25,0022401052,SAC,OKC,226,231.33333333333334,-4.751729227799017,226.58160410553432,-4.751729227799018,-0.5816041055343257,0.5816041055343248,0.3382633355743821,1068,
drop_matchups,2025-03-25,2024_25,0022401050,UTA,MEM,243,240.5,-3.9819754083207153,236.51802459167928,-3.9819754083207215,6.481975408320715,6.4819754083207215,42.01600519407459,1068,
drop_matchups,2025-03-25,2024_25,0022401049,HOU,ATL,235,234.5,0.7260853576347288,235.22608535763473,0.7260853576347301,-0.2260853576347288,0.22608535763473014,0.05111458893682383,1068,
drop_matchups,2025-03-25,2024_25,0022401051,POR,CLE,233,232.0,-2.895991242275523,229.10400875772447,-2.895991242275528,3.895991242275523,3.895991242275528,15.178747759887612,1068,
drop_matchups,2025-03-25,2024_25,0022401047,MIA,GSW,198,218.16666666666666,4.872832302974675,223.03949896964133,4.872832302974672,-25.039498969641333,25.03949896964133,626.9765086506692,1068,
drop_matchups,2025-03-25,2024_25,0022401046,DET,SAS,218,235.16666666666666,2.358996646396099,237.52566331306275,2.3589966463960934,-19.525663313062758,19.52566331306275,381.2515278150846,1068,
drop_matchups,2025-03-25,2024_25,0022401045,CHA,ORL,215,213.16666666666666,-1.8027784150672292,211.36388825159943,-1.8027784150672232,3.6361117484005723,3.636111748400566,13.221308646856622,1068,
drop_matchups,2025-03-25,2024_25,0022401048,NYK,DAL,241,224.5,5.187276486917719,229.6872764869177,5.18727648691771,11.31272351308228,11.31272351308229,127.9777132834449,1068,
drop_matchups,2025-03-26,2024_25,0022401057,DEN,MIL,244,225.33333333333334,2.6039784593908726,227.93731179272422,2.6039784593908735,16.062688207275784,16.062688207275784,258.0099524441565,1076,
drop_matchups,2025-03-26,2024_25,0022401056,NYK,LAC,239,217.5,1.0627854044625134,218.56278540446252,1.0627854044625167,20.437214595537487,20.437214595537483,417.67974042405035,1076,
drop_matchups,2025-03-26,2024_25,0022401058,PHX,BOS,234,221.66666666666666,1.7110248570961253,223.3776915237628,1.7110248570961346,10.622308476237217,10.622308476237208,112.83343736434084,1076,
drop_matchups,2025-03-26,2024_25,0022401054,BKN,TOR,202,214.66666666666666,2.923237215173614,217.58990388184026,2.9232372151736,-15.589903881840272,15.589903881840257,243.04510304501792,1076,
drop_matchups,2025-03-26,2024_25,0022401053,PHI,WAS,233,230.16666666666666,0.33604198896824977,230.5027086556349,0.33604198896824755,2.497291344365093,2.4972913443650953,6.236464058640824,1076,
drop_matchups,2025-03-26,2024_25,0022401055,IND,LAL,239,235.33333333333334,-0.7429775056560644,234.59035582767729,-0.7429775056560572,4.4096441723227215,4.409644172322714,19.444961726499677,1076,
drop_matchups,2025-03-27,2024_25,0022401066,SAC,POR,235,225.66666666666666,0.1708695923546107,225.83753625902128,0.17086959235462018,9.162463740978732,9.162463740978723,83.95074180474981,1082,
drop_matchups,2025-03-27,2024_25,0022401065,UTA,HOU,231,227.83333333333334,1.1715795854012856,229.00491291873462,1.1715795854012754,1.9950870812653716,1.9950870812653818,3.98037246183202,1082,
drop_matchups,2025-03-27,2024_25,0022401064,OKC,MEM,229,237.83333333333334,4.557941583078896,242.39127491641224,4.5579415830789,-13.39127491641224,13.391274916412243,179.32624388693174,1082,
drop_matchups,2025-03-27,2024_25,0022401063,CHI,LAL,236,237.83333333333334,1.642028061352445,239.4753613946858,1.6420280613524483,-3.4753613946857875,3.475361394685791,12.078136823672367,1082,
drop_matchups,2025-03-27,2024_25,0022401059,CLE,SAS,240,238.66666666666666,2.303982658169124,240.9706493248358,2.303982658169133,-0.9706493248357813,0.9706493248357901,0.9421601118041752,1082,
drop_matchups,2025-03-27,2024_25,0022401061,WAS,IND,271,234.5,1.734087715579251,236.23408771557925,1.7340877155792498,34.76591228442075,34.76591228442075,1208.6686569680376,1082,
drop_matchups,2025-03-27,2024_25,0022401060,ORL,DAL,193,218.5,2.6480468546658495,221.14804685466584,2.648046854665836,-28.14804685466585,28.148046854665836,792.3125417324633,1082,
drop_matchups,2025-03-27,2024_25,0022401062,MIA,ATL,234,228.0,0.21177654626624448,228.21177654626624,0.2117765462662362,5.788223453733756,5.788223453733764,33.50353075035362,1082,
drop_matchups,2025-03-28,2024_25,0022401068,BKN,LAC,232,214.33333333333334,3.4954333890900364,217.82876672242338,3.4954333890900386,14.17123327757662,14.171233277576619,200.82385260749496,1090,
drop_matchups,2025-03-28,2024_25,0022401067,DET,CLE,255,229.66666666666666,0.4228106823763614,230.08947734904302,0.4228106823763653,24.91052265095698,24.910522650956977,620.5341387438407,1090,
drop_matchups,2025-03-28,2024_25,0022401069,TOR,CHA,205,216.5,-4.2225659784524945,212.2774340215475,-4.222565978452508,-7.2774340215475055,7.277434021547492,52.961045937976905,1090,
drop_matchups,2025-03-28,2024_25,0022401070,MIL,NYK,223,219.5,3.4735952126848684,222.97359521268487,3.47359521268487,0.026404787315131628,0.026404787315129852,0.0006972127931572424,1090,
drop_matchups,2025-03-28,2024_25,0022401072,NOP,GSW,206,224.0,2.899210946772685,226.89921094677268,2.8992109467726834,-20.899210946772683,20.899210946772683,436.77701819770317,1090,
drop_matchups,2025-03-28,2024_25,0022401073,DEN,UTA,222,239.0,1.6498462398556621,240.64984623985566,1.6498462398556626,-18.649846239855663,18.649846239855663,347.8167647702584,1090,
drop_matchups,2025-03-28,2024_25,0022401071,MIN,PHX,233,226.5,0.645118504863379,227.14511850486338,0.6451185048633761,5.854881495136621,5.854881495136624,34.27963732209327,1090,
drop_matchups,2025-03-29,2024_25,0022401079,OKC,IND,243,238.5,-4.457852727435647,234.04214727256436,-4.457852727435636,8.957852727435647,8.957852727435636,80.24312548642607,1097,
drop_matchups,2025-03-29,2024_25,0022401076,PHI,MIA,213,217.83333333333334,0.5070087938211132,218.34034212715446,0.5070087938211145,-5.3403421271544556,5.340342127154457,28.519254035060595,1097,
drop_matchups,2025-03-29,2024_25,0022401080,SAS,BOS,232,228.83333333333334,0.828671881183645,229.662005214517,0.8286718811836522,2.337994785483012,2.337994785483005,5.466219616945723,1097,
drop_matchups,2025-03-29,2024_25,0022401078,MEM,LAL,261,237.16666666666666,1.2031042994395331,238.3697709661062,1.2031042994395307,22.63022903389381,22.630229033893812,512.1272661264904,1097,
drop_matchups,2025-03-29,2024_25,0022401074,ORL,SAC,212,218.33333333333334,1.6124547158970703,219.9457880492304,1.6124547158970586,-7.945788049230413,7.945788049230401,63.13554772329267,1097,
drop_matchups,2025-03-29,2024_25,0022401075,WAS,BKN,227,219.5,1.8549360298335609,221.35493602983357,1.854936029833567,5.645063970166439,5.645063970166433,31.86674722727121,1097,
drop_matchups,2025-03-29,2024_25,0022401077,CHI,DAL,239,237.0,-0.15528920121428186,236.8447107987857,-0.1552892012142877,2.155289201214282,2.1552892012142877,4.645271540870922,1097,
drop_matchups,2025-03-30,2024_25,0022401087,PHI,TOR,236,223.66666666666666,3.123820412907446,226.7904870795741,3.1238204129074347,9.209512920425897,9.209512920425908,84.81512823149174,1104,
drop_matchups,2025-03-30,2024_25,0022401088,PHX,HOU,257,224.5,0.8073915715887945,225.3073915715888,0.8073915715887949,31.692608428411205,31.692608428411205,1004.421428996601,1104,
drop_matchups,2025-03-30,2024_25,0022401086,SAS,GSW,254,232.66666666666666,3.7072215100509047,236.37388817671757,3.707221510050914,17.62611182328244,17.62611182328243,310.67981800685664,1104,
drop_matchups,2025-03-30,2024_25,0022401085,NOP,CHA,192,212.83333333333334,-6.155063680608699,206.67826965272465,-6.155063680608691,-14.678269652724644,14.678269652724651,215.45159999809746,1104,
drop_matchups,2025-03-30,2024_25,0022401083,MIL,ATL,269,235.5,-0.8391081156918275,234.66089188430817,-0.839108115691829,34.33910811569183,34.33910811569183,1179.1743461811725,1104,
drop_matchups,2025-03-30,2024_25,0022401082,NYK,POR,203,220.5,0.8065405607668097,221.30654056076682,0.8065405607668197,-18.30654056076681,18.30654056076682,335.12942730300074,1104,
drop_matchups,2025-03-30,2024_25,0022401081,CLE,LAC,249,230.5,1.2992373254018132,231.7992373254018,1.2992373254018048,17.200762674598188,17.200762674598195,295.86623658785044,1104,
drop_matchups,2025-03-30,2024_25,0022401084,MIN,DET,227,225.66666666666666,2.168850030149994,227.83551669681665,2.168850030149997,-0.8355166968166512,0.8355166968166543,0.698088150659413,1104,
drop_matchups,2025-03-31,2024_25,0022401092,WAS,MIA,214,220.5,-0.44714419769444164,220.05285580230557,-0.4471441976944277,-6.052855802305558,6.052855802305572,36.63706336350423,1112,
drop_matchups,2025-03-31,2024_25,0022401089,CHA,UTA,216,219.33333333333334,1.1894616206594804,220.52279495399281,1.189461620659472,-4.522794953992824,4.522794953992815,20.455674195862866,1112,
drop_matchups,2025-03-31,2024_25,0022401090,IND,SAC,220,234.5,1.234418874893789,235.73441887489378,1.2344188748937768,-15.73441887489379,15.734418874893777,247.57193733061354,1112,
drop_matchups,2025-03-31,2024_25,0022401091,ORL,LAC,183,211.33333333333334,3.8011817375376658,215.134515070871,3.801181737537661,-32.13451507087101,32.134515070871004,1032.6270588400357,1112,
drop_matchups,2025-03-31,2024_25,0022401096,LAL,HOU,202,225.33333333333334,4.264218698304502,229.59755203163783,4.264218698304489,-27.597552031637846,27.597552031637832,761.6248781389575,1112,
drop_matchups,2025-03-31,2024_25,0022401093,MEM,BOS,220,236.33333333333334,1.1533108815950741,237.48664421492842,1.1533108815950754,-17.48664421492842,17.48664421492842,305.7827258994895,1112,
drop_matchups,2025-03-31,2024_25,0022401095,DAL,BKN,222,220.33333333333334,-2.3580953539741554,217.97523797935918,-2.3580953539741643,4.024762020640813,4.0247620206408214,16.198709322792787,1112,
drop_matchups,2025-03-31,2024_25,0022401094,OKC,CHI,262,239.0,0.8839529329912515,239.88395293299126,0.8839529329912637,22.116047067008747,22.116047067008736,489.11953787014573,1112,
drop_matchups,2025-04-01,2024_25,0022401102,DEN,MIN,279,230.66666666666666,2.6355100599174124,233.30217672658407,2.635510059917408,45.69782327341593,45.697823273415935,2088.291051928355,1120,
drop_matchups,2025-04-01,2024_25,0022401098,NYK,PHI,196,223.0,3.1508487499918,226.1508487499918,3.150848749991809,-30.150848749991802,30.15084874999181,909.0736803448826,1120,
drop_matchups,2025-04-01,2024_25,0022401100,MEM,GSW,259,237.33333333333334,4.338648153859478,241.67198148719282,4.338648153859481,17.32801851280718,17.328018512807176,300.2602255801882,1120,
drop_matchups,2025-04-01,2024_25,0022400988,SAS,ORL,221,220.5,0.86980372916063,221.36980372916062,0.8698037291606227,-0.36980372916063,0.36980372916062265,0.13675479810110316,1120,
drop_matchups,2025-04-01,2024_25,0022401097,ATL,POR,240,238.0,-3.74917142701996,234.25082857298003,-3.7491714270199736,5.749171427019959,5.749171427019974,33.05297209726288,1120,
drop_matchups,2025-04-01,2024_25,0022401101,MIL,PHX,256,224.33333333333334,-1.417409155967562,222.91592417736578,-1.4174091559675617,33.08407582263422,33.08407582263422,1094.5560730378102,1120,
drop_matchups,2025-04-01,2024_25,0022401099,CHI,TOR,255,236.0,1.9130477728868542,237.91304777288684,1.9130477728868414,17.086952227113144,17.08695222711316,291.96393641164735,1120,
drop_matchups,2025-04-02,2024_25,0022401110,DEN,SAS,219,229.5,-0.01731047724751071,229.48268952275248,-0.017310477247519884,-10.482689522752489,10.48268952275248,109.88677963042461,1127,
drop_matchups,2025-04-02,2024_25,0022401106,BOS,MIA,227,213.33333333333334,1.430448500868783,214.76378183420212,1.4304485008687777,12.236218165797874,12.23621816579788,149.72503500100203,1127,
drop_matchups,2025-04-02,2024_25,0022401104,IND,CHA,224,224.33333333333334,-0.3781533395815223,223.9551799937518,-0.3781533395815302,0.0448200062481795,0.04482000624818738,0.0020088329600875562,1127,
drop_matchups,2025-04-02,2024_25,0022401105,WAS,SAC,227,231.5,-0.5411379053508164,230.9588620946492,-0.5411379053508085,-3.9588620946491835,3.9588620946491915,15.672589084450184,1127,
drop_matchups,2025-04-02,2024_25,0022401103,CLE,NYK,229,230.0,2.309165105067897,232.3091651050679,2.3091651050679047,-3.309165105067897,3.3091651050679047,10.950573692599077,1127,
drop_matchups,2025-04-02,2024_25,0022401107,HOU,UTA,248,225.66666666666666,-0.19717729842820664,225.46948936823844,-0.1971772984282154,22.53051063176155,22.530510631761558,507.6239093279206,1127,
drop_matchups,2025-04-02,2024_25,0022401111,LAC,NOP,212,216.5,-0.2467108416325529,216.25328915836744,-0.24671084163256296,-4.253289158367447,4.253289158367437,18.090468664685982,1127,
drop_matchups,2025-04-02,2024_25,0022401109,DAL,ATL,238,237.83333333333334,0.662417209914482,238.49575054324782,0.66241720991448,-0.49575054324782486,0.49575054324782286,0.2457686011305115,1127,
drop_matchups,2025-04-02,2024_25,0022401108,OKC,DET,222,231.33333333333334,1.296529961027613,232.62986329436094,1.296529961027602,-10.629863294360955,10.629863294360945,112.99399365680212,1127,
drop_matchups,2025-04-03,2024_25,0022401113,BKN,MIN,195,215.66666666666666,5.744804458101609,221.41147112476827,5.744804458101612,-26.411471124768266,26.41147112476827,697.565806974468,1136,
drop_matchups,2025-04-03,2024_25,0022401114,MIA,MEM,218,227.83333333333334,-0.7428106962172673,227.09052263711607,-0.7428106962172762,-9.090522637116075,9.090522637116067,82.63760181591965,1136,
drop_matchups,2025-04-03,2024_25,0022401115,PHI,MIL,239,224.66666666666666,-0.363014212536124,224.30365245413054,-0.36301421253611466,14.696347545869466,14.696347545869457,215.98263118898322,1136,
drop_matchups,2025-04-03,2024_25,0022401116,TOR,POR,215,224.66666666666666,0.541877577669218,225.20854424433588,0.5418775776692257,-10.208544244335876,10.208544244335883,104.21437558856329,1136,
drop_matchups,2025-04-03,2024_25,0022401117,LAL,GSW,239,228.16666666666666,-1.1291406839399611,227.0375259827267,-1.1291406839399656,11.962474017273305,11.962474017273308,143.100784613939,1136,
drop_matchups,2025-04-03,2024_25,0022401112,WAS,ORL,206,214.83333333333334,0.017946229844172844,214.8512795631775,0.017946229844170603,-8.851279563177515,8.851279563177513,78.34514990552391,1136,
drop_matchups,2025-04-04,2024_25,0022401118,CHA,SAC,227,219.33333333333334,-0.36469388456348784,218.96863944876986,-0.3646938845634793,8.031360551230145,8.031360551230136,64.50275230385564,1142,
drop_matchups,2025-04-04,2024_25,0022401123,HOU,OKC,236,229.33333333333334,0.06256592685828519,229.39589926019164,0.06256592685829787,6.604100739808372,6.604100739808359,43.61414658153732,1142,
drop_matchups,2025-04-04,2024_25,0022401119,IND,UTA,252,235.16666666666666,1.0197484675041029,236.18641513417077,1.0197484675041153,15.81358486582924,15.813584865829228,250.06946630878318,1142,
drop_matchups,2025-04-04,2024_25,0022401121,TOR,DET,222,227.33333333333334,0.2248082859627513,227.5581416192961,0.2248082859627516,-5.558141619296094,5.558141619296094,30.89293826015141,1142,
drop_matchups,2025-04-04,2024_25,0022401122,CHI,POR,231,237.66666666666666,1.8196300074331682,239.48629667409983,1.819630007433176,-8.486296674099826,8.486296674099833,72.01723124083789,1142,
drop_matchups,2025-04-04,2024_25,0022401124,SAS,CLE,227,241.16666666666666,-0.2348232712512789,240.93184339541537,-0.23482327125128677,-13.931843395415378,13.93184339541537,194.09626039437887,1142,
drop_matchups,2025-04-04,2024_25,0022401126,LAL,NOP,232,219.66666666666666,-0.7328742085062893,218.93379245816035,-0.7328742085063027,13.066207541839631,13.066207541839646,170.72577952642723,1142,
drop_matchups,2025-04-04,2024_25,0022401127,LAC,DAL,205,225.0,-0.595081398489281,224.40491860151073,-0.5950813984892704,-19.40491860151072,19.40491860151073,376.55086593125714,1142,
drop_matchups,2025-04-04,2024_25,0022401120,BOS,PHX,226,228.0,-0.6124060036195933,227.38759399638042,-0.6124060036195829,-1.3875939963804067,1.3875939963804171,1.925417098790977,1142,
drop_matchups,2025-04-04,2024_25,0022401125,GSW,DEN,222,233.5,0.03644931389476036,233.53644931389476,0.03644931389476369,-11.53644931389476,11.536449313894764,133.08966277206295,1142,
drop_matchups,2025-04-05,2024_25,0022401131,MIA,MIL,236,215.33333333333334,0.13055363674805068,215.4638869700814,0.1305536367480613,20.536113029918607,20.536113029918596,421.7319383775923,1152,
drop_matchups,2025-04-05,2024_25,0022401130,PHI,MIN,223,225.16666666666666,1.6235843863148667,226.79025105298152,1.6235843863148602,-3.7902510529815236,3.7902510529815174,14.3660030446275,1152,
drop_matchups,2025-04-05,2024_25,0022401132,LAC,DAL,239,221.5,-1.116123211786199,220.3838767882138,-1.1161232117862028,18.6161232117862,18.616123211786203,346.56004343640507,1152,
drop_matchups,2025-04-05,2024_25,0022401128,ATL,NYK,226,236.83333333333334,2.937250181622942,239.7705835149563,2.937250181622943,-13.770583514956286,13.770583514956286,189.62897034238583,1152,
drop_matchups,2025-04-05,2024_25,0022401129,DET,MEM,212,239.66666666666666,2.8817027297183566,242.54836939638503,2.88170272971837,-30.548369396385013,30.548369396385027,933.2028727779933,1152,
drop_matchups,2025-04-06,2024_25,0022401134,BKN,TOR,229,214.83333333333334,1.4812168351626298,216.31455016849597,1.481216835162627,12.685449831504027,12.68544983150403,160.92063742760564,1157,
drop_matchups,2025-04-06,2024_25,0022401135,OKC,LAL,225,232.0,3.9206030611000204,235.92060306110002,3.9206030611000244,-10.92060306110002,10.920603061100024,119.25957121810723,1157,
drop_matchups,2025-04-06,2024_25,0022401136,ATL,UTA,281,244.16666666666666,-0.6334950050959425,243.53317166157072,-0.6334950050959378,37.46682833842929,37.46682833842928,1403.7632257413275,1157,
drop_matchups,2025-04-06,2024_25,0022401133,CHA,CHI,248,227.66666666666666,2.7572908241367973,230.42395749080345,2.7572908241367884,17.576042509196547,17.576042509196554,308.9172702850843,1157,
drop_matchups,2025-04-06,2024_25,0022401140,NYK,PHX,210,228.66666666666666,-0.016225279440074254,228.65044138722658,-0.016225279440078566,-18.650441387226582,18.65044138722658,347.8389639383741,1157,
drop_matchups,2025-04-06,2024_25,0022401142,DEN,IND,245,239.5,0.3663039246262969,239.8663039246263,0.366303924626294,5.133696075373703,5.133696075373706,26.35483539430739,1157,
drop_matchups,2025-04-06,2024_25,0022401143,GSW,HOU,202,224.5,4.083961077658576,228.58396107765859,4.083961077658586,-26.583961077658575,26.583961077658586,706.7069865784666,1157,
drop_matchups,2025-04-06,2024_25,0022401139,POR,SAS,229,228.5,-1.5397676917170493,226.96023230828294,-1.53976769171706,2.0397676917170493,2.03976769171706,4.160652236172743,1157,
drop_matchups,2025-04-06,2024_25,0022401137,BOS,WAS,214,226.0,3.1308569372262647,229.13085693722627,3.1308569372262696,-15.130856937226264,15.13085693722627,228.94283165480832,1157,
drop_matchups,2025-04-06,2024_25,0022401138,CLE,SAC,233,236.5,-0.4284653584244721,236.07153464157554,-0.4284653584244609,-3.071534641575528,3.071534641575539,9.434325054398576,1157,
drop_matchups,2025-04-06,2024_25,0022400617,NOP,MIL,218,220.5,3.3327590520675896,223.8327590520676,3.332759052067587,-5.83275905206759,5.832759052067587,34.021078159476374,1157,
drop_matchups,2025-04-07,2024_25,0022401145,MIA,PHI,222,213.5,0.16618603643543306,213.66618603643542,0.16618603643541974,8.333813963564566,8.33381396356458,69.45245517930398,1168,
drop_matchups,2025-04-07,2024_25,0022401144,DET,SAC,244,230.5,2.1949589746904374,232.69495897469045,2.1949589746904508,11.305041025309563,11.30504102530955,127.80395258393199,1168,
drop_matchups,2025-04-08,2024_25,0022401150,BKN,NOP,233,213.83333333333334,-1.464991246075197,212.36834208725816,-1.4649912460751864,20.631657912741854,20.631657912741844,425.66530822840315,1170,
drop_matchups,2025-04-08,2024_25,0022401155,LAC,SAS,239,227.5,0.4137421750510559,227.91374217505106,0.4137421750510555,11.086257824948945,11.086257824948945,122.90511256124171,1170,
drop_matchups,2025-04-08,2024_25,0022401154,PHX,GSW,228,226.83333333333334,1.7252744096605548,228.5586077429939,1.7252744096605568,-0.5586077429938976,0.5586077429938996,0.3120426105327386,1170,
drop_matchups,2025-04-08,2024_25,0022401153,OKC,LAL,256,226.33333333333334,1.4030404179754394,227.73637375130878,1.4030404179754328,28.263626248691217,28.263626248691224,798.8325687257076,1170,
drop_matchups,2025-04-08,2024_25,0022401152,MIL,MIN,213,222.5,3.197142415225745,225.69714241522576,3.1971424152257555,-12.697142415225745,12.697142415225755,161.21742551252493,1170,
drop_matchups,2025-04-08,2024_25,0022401151,NYK,BOS,236,221.5,3.422755281372038,224.92275528137205,3.422755281372048,11.077244718627963,11.077244718627952,122.70535055637086,1170,
drop_matchups,2025-04-08,2024_25,0022401149,ORL,ATL,231,225.33333333333334,-0.8842201516869347,224.4491131816464,-0.8842201516869466,6.550886818353592,6.550886818353604,42.914118106879,1170,
drop_matchups,2025-04-08,2024_25,0022401148,IND,WAS,202,238.66666666666666,0.9297175314326398,239.5963841980993,0.9297175314326296,-37.596384198099294,37.59638419809929,1413.4881047710896,1170,
drop_matchups,2025-04-08,2024_25,0022401147,CLE,CHI,248,240.5,0.7686614612432168,241.26866146124323,0.7686614612432265,6.731338538756783,6.7313385387567735,45.31091852335217,1170,
drop_matchups,2025-04-08,2024_25,0022401146,CHA,MEM,224,230.5,1.1226109776686295,231.62261097766864,1.1226109776686428,-7.6226109776686295,7.622610977668643,58.1041981168745,1170,
drop_matchups,2025-04-09,2024_25,0022401157,WAS,PHI,225,227.5,-1.7516958270409444,225.74830417295905,-1.7516958270409475,-0.7483041729590556,0.7483041729590525,0.5599591352679315,1180,
drop_matchups,2025-04-09,2024_25,0022401158,TOR,CHA,222,217.16666666666666,-1.8213593523219793,215.34530731434467,-1.8213593523219913,6.654692685655322,6.654692685655334,44.2849347405146,1180,
drop_matchups,2025-04-09,2024_25,0022401159,DAL,LAL,209,227.16666666666666,1.4151706084070996,228.58183727507375,1.4151706084070952,-19.581837275073756,19.581837275073752,383.44835106746785,1180,
drop_matchups,2025-04-09,2024_25,0022401166,LAC,HOU,251,219.16666666666666,-0.8925235231536601,218.274143143513,-0.8925235231536703,32.725856856487006,32.72585685648701,1070.981706991278,1180,
drop_matchups,2025-04-09,2024_25,0022401163,GSW,SAS,225,231.5,0.3153047856893736,231.81530478568936,0.3153047856893636,-6.815304785689373,6.815304785689364,46.44837932184034,1180,
drop_matchups,2025-04-09,2024_25,0022401164,PHX,OKC,237,229.16666666666666,-3.054588525265652,226.112078141401,-3.0545885252656433,10.887921858598995,10.887921858598986,118.5468423989576,1180,
drop_matchups,2025-04-09,2024_25,0022401165,SAC,DEN,240,234.5,1.7633660111000315,236.26336601110003,1.7633660111000324,3.7366339888999685,3.7366339888999676,13.962433567002483,1180,
drop_matchups,2025-04-09,2024_25,0022401156,ORL,BOS,172,209.16666666666666,1.2219722729496705,210.38863893961633,1.221972272949671,-38.38863893961633,38.38863893961633,1473.687599636227,1180,
drop_matchups,2025-04-09,2024_25,0022401162,UTA,POR,259,229.5,1.1947769047704526,230.69477690477046,1.194776904770464,28.305223095229547,28.305223095229536,801.1856544707155,1180,
drop_matchups,2025-04-09,2024_25,0022401160,CHI,MIA,230,226.66666666666666,0.5538793190677462,227.2205459857344,0.5538793190677325,2.7794540142655966,2.7794540142656103,7.725364617417216,1180,
drop_matchups,2025-04-10,2024_25,0022401167,DET,NYK,221,227.5,3.35930316479381,230.8593031647938,3.3593031647938005,-9.85930316479381,9.8593031647938,97.20585889531306,1190,
drop_matchups,2025-04-10,2024_25,0022401161,MIL,NOP,247,222.33333333333334,2.123076982361901,224.45641031569525,2.1230769823619084,22.543589684304756,22.54358968430475,508.2134358542915,1190,
drop_matchups,2025-04-10,2024_25,0022401170,MEM,MIN,266,232.5,2.3210010799239056,234.82100107992392,2.321001079923917,31.178998920076094,31.178998920076083,972.1299736581055,1190,
drop_matchups,2025-04-10,2024_25,0022401168,IND,CLE,226,232.5,3.137764991738119,235.63776499173812,3.1377649917381234,-9.63776499173812,9.637764991738123,92.88651403597295,1190,
drop_matchups,2025-04-10,2024_25,0022401169,BKN,ATL,242,230.5,0.807765526882212,231.3077655268822,0.807765526882207,10.692234473117788,10.692234473117793,114.32387802812853,1190,
drop_matchups,2025-04-11,2024_25,0022401178,DAL,TOR,226,225.16666666666666,-0.27697460463345214,224.8896920620332,-0.276974604633466,1.110307937966795,1.1103079379668088,1.232783717112107,1195,
drop_matchups,2025-04-11,2024_25,0022401171,DET,MIL,244,228.66666666666666,1.1935116371017298,229.86017830376838,1.1935116371017216,14.139821696231612,14.139821696231621,199.93455760122248,1195,
drop_matchups,2025-04-11,2024_25,0022401172,IND,ORL,244,217.33333333333334,5.270470814706015,222.60380414803936,5.270470814706016,21.39619585196064,21.39619585196064,457.79719693545775,1195,
drop_matchups,2025-04-11,2024_25,0022401173,PHI,ATL,234,240.16666666666666,-1.938544771457924,238.22812189520874,-1.938544771457913,-4.228121895208734,4.228121895208744,17.877014760743585,1195,
drop_matchups,2025-04-11,2024_25,0022401174,BOS,CHA,224,214.0,-2.6273503175834065,211.37264968241658,-2.6273503175834207,12.627350317583407,12.62735031758342,159.44997604297413,1195,
drop_matchups,2025-04-11,2024_25,0022401177,NOP,MIA,257,215.16666666666666,2.9573237555456933,218.12399042221236,2.9573237555457013,38.87600957778765,38.87600957778764,1511.3441206922364,1195,
drop_matchups,2025-04-11,2024_25,0022401176,CHI,WAS,208,235.83333333333334,-1.5625730269821336,234.2707603063512,-1.562573026982136,-26.27076030635121,26.270760306351207,690.1528470737582,1195,
drop_matchups,2025-04-11,2024_25,0022401175,NYK,CLE,210,226.5,0.11391972182712432,226.61391972182713,0.11391972182713062,-16.613919721827124,16.61391972182713,276.0223285233165,1195,
drop_matchups,2025-04-11,2024_25,0022401180,DEN,MEM,226,241.5,1.459883663995384,242.95988366399538,1.4598836639953845,-16.959883663995384,16.959883663995384,287.6376538962575,1195,
drop_matchups,2025-04-11,2024_25,0022401181,UTA,OKC,256,233.66666666666666,-1.5519101494316563,232.114756517235,-1.5519101494316487,23.885243482765,23.88524348276499,570.5048562309674,1195,
drop_matchups,2025-04-11,2024_25,0022401182,PHX,SAS,215,232.5,0.02531157161247175,232.52531157161246,0.025311571612462558,-17.525311571612473,17.525311571612463,307.1365456820937,1195,
drop_matchups,2025-04-11,2024_25,0022401183,POR,GSW,189,226.83333333333334,4.595691309687988,231.42902464302134,4.595691309687993,-42.42902464302133,42.429024643021336,1800.222132158112,1195,
drop_matchups,2025-04-11,2024_25,0022401184,SAC,LAC,201,226.16666666666666,1.913597213851442,228.0802638805181,1.9135972138514319,-27.0802638805181,27.08026388051809,733.3406918384926,1195,
drop_matchups,2025-04-11,2024_25,0022401185,LAL,HOU,249,226.0,2.5444380422550537,228.54443804225505,2.5444380422550523,20.455561957744948,20.455561957744948,418.43001500714234,1195,
drop_matchups,2025-04-11,2024_25,0022401179,MIN,BKN,208,216.5,-0.7589779713403725,215.74102202865961,-0.7589779713403857,-7.741022028659628,7.741022028659614,59.92342204819341,1195,
drop_matchups,2025-04-13,2024_25,0022401186,ATL,ORL,222,220.5,2.8153548746435644,223.31535487464356,2.8153548746435604,-1.3153548746435644,1.3153548746435604,1.7301584462485764,1210,
drop_matchups,2025-04-13,2024_25,0022401189,CLE,IND,244,226.83333333333334,-1.8425030576996535,224.9908302756337,-1.8425030576996448,19.00916972436631,19.009169724366302,361.34853360976444,1210,
drop_matchups,2025-04-13,2024_25,0022401191,PHI,CHI,224,233.5,2.2503416441146205,235.75034164411463,2.250341644114627,-11.75034164411462,11.750341644114627,138.07052875341444,1210,
drop_matchups,2025-04-13,2024_25,0022401190,MIA,WAS,237,215.33333333333334,-2.0450919839074153,213.28824134942593,-2.0450919839074118,23.711758650574073,23.71175865057407,562.2474983030742,1210,
drop_matchups,2025-04-13,2024_25,0022401193,HOU,DEN,237,233.66666666666666,-0.25884875113314165,233.4078179155335,-0.25884875113314365,3.5921820844664847,3.5921820844664865,12.903772127961991,1210,
drop_matchups,2025-04-13,2024_25,0022401187,BOS,CHA,179,211.5,-0.16222390283560856,211.33777609716438,-0.1622239028356205,-32.337776097164394,32.33777609716438,1045.7317629103359,1210,
drop_matchups,2025-04-13,2024_25,0022401192,MIL,DET,273,224.0,2.4895239612449735,226.48952396124497,2.48952396124497,46.51047603875503,46.51047603875503,2163.2243813516056,1210,
drop_matchups,2025-04-13,2024_25,0022401198,GSW,LAC,243,218.33333333333334,-1.5159726578487625,216.8173606754846,-1.5159726578487493,26.18263932451542,26.182639324515407,685.5306019976606,1210,
drop_matchups,2025-04-13,2024_25,0022401194,MEM,DAL,229,228.33333333333334,1.1696920380506468,229.50302537138398,1.1696920380506413,-0.5030253713839896,0.5030253713839841,0.2530345242559951,1210,
drop_matchups,2025-04-13,2024_25,0022401196,NOP,OKC,215,235.66666666666666,-0.3775453542894154,235.28912131237723,-0.37754535428942404,-20.28912131237724,20.289121312377233,411.64844362836004,1210,
drop_matchups,2025-04-13,2024_25,0022401197,SAS,TOR,243,228.66666666666666,2.649566742278936,231.3162334089456,2.6495667422789495,11.683766591054408,11.683766591054393,136.51040175423879,1210,
drop_matchups,2025-04-13,2024_25,0022401200,SAC,PHX,207,224.16666666666666,0.568079007000794,224.73474567366745,0.5680790070007902,-17.73474567366745,17.734745673667447,314.52120410966626,1210,
drop_matchups,2025-04-13,2024_25,0022401199,POR,LAL,190,220.16666666666666,-0.6798230349013623,219.48684363176528,-0.679823034901375,-29.486843631765296,29.486843631765282,869.4739473641768,1210,
drop_matchups,2025-04-13,2024_25,0022401195,MIN,UTA,221,232.33333333333334,-0.7892963494965011,231.54403698383683,-0.7892963494965102,-10.544036983836842,10.544036983836833,111.17671591651893,1210,
drop_matchups,2025-04-13,2024_25,0022401188,BKN,NYK,218,214.0,3.6940096129731494,217.69400961297316,3.6940096129731614,0.30599038702685055,0.30599038702683856,0.09363011695283445,1210,
drop_matchups,2025-10-21,2025_26,0022500001,OKC,HOU,249,227.5,4.041687741475573,231.54168774147558,4.0416877414755845,17.458312258524426,17.458312258524415,304.7926669161439,1225,
drop_matchups,2025-10-21,2025_26,0022500002,LAL,GSW,228,225.83333333333334,0.6576172616492202,226.49095059498256,0.6576172616492215,1.509049405017437,1.5090494050174357,2.2772301067834766,1225,
drop_matchups,2025-10-22,2025_26,0022500080,CHA,BKN,253,227.16666666666666,2.02458546636563,229.1912521330323,2.024585466365636,23.808747866967714,23.808747866967707,566.8564749928394,1227,
drop_matchups,2025-10-22,2025_26,0022500083,BOS,PHI,233,228.0,-3.237648433088961,224.76235156691104,-3.237648433088964,8.23764843308896,8.237648433088964,67.85885170717306,1227,
drop_matchups,2025-10-22,2025_26,0022500004,DAL,SAS,217,224.5,-0.9307830238542478,223.56921697614575,-0.9307830238542465,-6.569216976145752,6.5692169761457535,43.15461167968156,1227,
drop_matchups,2025-10-22,2025_26,0022500089,POR,MIN,232,219.83333333333334,-4.4520443996433965,215.38128893368994,-4.452044399643398,16.618711066310055,16.618711066310055,276.1815575054963,1227,
drop_matchups,2025-10-22,2025_26,0022500082,ATL,TOR,256,235.83333333333334,-0.11324897500668876,235.72008435832666,-0.11324897500668385,20.279915641673345,20.27991564167334,411.27497843338705,1227,
drop_matchups,2025-10-22,2025_26,0022500003,NYK,CLE,230,228.5,-0.2290852250499835,228.27091477495003,-0.2290852250499711,1.7290852250499835,1.729085225049971,2.989735715486109,1227,
drop_matchups,2025-10-22,2025_26,0022500084,CHI,DET,226,233.5,-0.519209840770632,232.98079015922937,-0.5192098407706283,-6.980790159229368,6.980790159229372,48.73143124719364,1227,
drop_matchups,2025-10-22,2025_26,0022500085,MEM,NOP,250,238.5,-1.2940152820556319,237.20598471794438,-1.294015282055625,12.794015282055632,12.794015282055625,163.68682703747288,1227,
drop_matchups,2025-10-22,2025_26,0022500086,MIL,WAS,253,227.83333333333334,-2.1109420771097516,225.7223912562236,-2.1109420771097405,27.27760874377641,27.277608743776398,744.0679387785466,1227,
drop_matchups,2025-10-22,2025_26,0022500087,UTA,LAC,237,226.16666666666666,1.28174793663723,227.4484146033039,1.281747936637231,9.551585396696114,9.551585396696112,91.23278359037842,1227,
drop_matchups,2025-10-22,2025_26,0022500088,PHX,SAC,236,228.83333333333334,1.3247643065733974,230.15809763990674,1.3247643065733996,5.841902360093259,5.841902360093258,34.127823184863175,1227,
drop_matchups,2025-10-22,2025_26,0022500081,ORL,MIA,246,216.33333333333334,1.2181028699499115,217.55143620328326,1.2181028699499166,28.448563796716744,28.44856379671674,809.3207820958625,1227,
drop_matchups,2025-10-23,2025_26,0022500006,GSW,DEN,268,234.16666666666666,0.6049571956086401,234.7716238622753,0.6049571956086481,33.2283761377247,33.228376137724695,1104.124980750112,1239,
drop_matchups,2025-10-23,2025_26,0022500005,IND,OKC,276,232.16666666666666,0.22380321837437056,232.39046988504103,0.22380321837437123,43.60953011495897,43.60953011495897,1901.7911168475134,1239,
drop_matchups,2025-10-24,2025_26,0022500093,HOU,DET,226,225.16666666666666,2.1304772548784023,227.29714392154506,2.1304772548784,-1.2971439215450595,1.2971439215450573,1.6825823532012898,1241,
drop_matchups,2025-10-24,2025_26,0022500019,LAL,MIN,238,225.5,2.010146180237102,227.51014618023711,2.0101461802371148,10.489853819762898,10.489853819762885,110.037033159994,1241,
drop_matchups,2025-10-24,2025_26,0022500090,ORL,ATL,218,234.5,0.2616092734512598,234.76160927345126,0.2616092734512563,-16.76160927345126,16.761609273451256,280.95154543584715,1241,
drop_matchups,2025-10-24,2025_26,0022500091,BKN,CLE,255,228.5,2.1978291981387006,230.6978291981387,2.1978291981386917,24.3021708018613,24.30217080186131,590.5955056828403,1241,
drop_matchups,2025-10-24,2025_26,0022500092,TOR,MIL,238,234.16666666666666,2.475011957996996,236.64167862466365,2.4750119579969976,1.358321375336347,1.3583213753363452,1.8450369586956203,1241,
drop_matchups,2025-10-24,2025_26,0022500098,SAC,UTA,209,231.83333333333334,1.2559666376379042,233.08929997097124,1.255966637637897,-24.089299970971247,24.08929997097124,580.294373091435,1241,
drop_matchups,2025-10-24,2025_26,0022500097,POR,GSW,258,226.5,-1.360921679101538,225.13907832089845,-1.3609216791015513,32.86092167910154,32.86092167910155,1079.8401736000462,1241,
drop_matchups,2025-10-24,2025_26,0022500095,NOP,SAS,236,232.16666666666666,0.8938850127983269,233.060551679465,0.8938850127983358,2.939448320535016,2.939448320535007,8.640356429096073,1241,
drop_matchups,2025-10-24,2025_26,0022500096,DAL,WAS,224,227.83333333333334,2.1870640100604417,230.0203973433938,2.1870640100604533,-6.0203973433937845,6.020397343393796,36.24518417234308,1241,
drop_matchups,2025-10-24,2025_26,0022500099,LAC,PHX,231,222.5,-1.298816291023158,221.20118370897683,-1.2988162910231722,9.798816291023158,9.798816291023172,96.01680070522112,1241,
drop_matchups,2025-10-24,2025_26,0022500018,NYK,BOS,200,229.83333333333334,1.6901295327409198,231.52346286607425,1.6901295327409116,-31.52346286607426,31.523462866074254,993.7287110687624,1241,
drop_matchups,2025-10-24,2025_26,0022500094,MEM,MIA,260,233.5,1.8176425643829377,235.31764256438294,1.8176425643829361,24.682357435617064,24.682357435617064,609.218768579561,1241,
drop_matchups,2025-10-25,2025_26,0022500104,DEN,PHX,244,232.5,-0.12294627651267986,232.3770537234873,-0.12294627651269252,11.62294627651268,11.622946276512693,135.09288014670025,1253,
drop_matchups,2025-10-25,2025_26,0022500102,PHI,CHA,246,234.83333333333334,-1.3924572553510683,233.44087607798227,-1.3924572553510757,12.559123922017726,12.559123922017733,157.73159368859808,1253,
drop_matchups,2025-10-25,2025_26,0022500103,MEM,IND,231,238.16666666666666,2.2644693827467064,240.43113604941337,2.264469382746711,-9.431136049413364,9.431136049413368,88.9463271825444,1253,
drop_matchups,2025-10-25,2025_26,0022500100,ORL,CHI,208,233.16666666666666,-1.2627021221983754,231.9039645444683,-1.2627021221983625,-23.90396454446828,23.903964544468295,571.3995209431973,1253,
drop_matchups,2025-10-25,2025_26,0022500101,ATL,OKC,217,235.83333333333334,3.535137641099343,239.36847097443268,3.5351376410993396,-22.368470974432686,22.368470974432682,500.3484937340374,1253,
drop_matchups,2025-10-26,2025_26,0022500110,MIN,IND,224,228.16666666666666,4.405597646544185,232.57226431321084,4.40559764654418,-8.572264313210841,8.572264313210837,73.48371545554807,1258,
drop_matchups,2025-10-26,2025_26,0022500112,LAC,POR,221,226.5,1.885085357057357,228.38508535705736,1.8850853570573634,-7.385085357057357,7.385085357057363,54.539485731023085,1258,
drop_matchups,2025-10-26,2025_26,0022500113,SAC,LAL,247,230.16666666666666,1.974783178623985,232.14144984529065,1.9747831786239942,14.858550154709357,14.858550154709349,220.7765127000132,1258,
drop_matchups,2025-10-26,2025_26,0022500109,WAS,CHA,252,236.83333333333334,0.5345713186598211,237.36790465199317,0.5345713186598289,14.632095348006835,14.632095348006828,214.09821427316308,1258,
drop_matchups,2025-10-26,2025_26,0022500111,DAL,TOR,268,231.5,2.2049216949177874,233.7049216949178,2.2049216949178003,34.295078305082214,34.2950783050822,1176.1523959517197,1258,
drop_matchups,2025-10-26,2025_26,0022500107,CLE,MIL,231,236.16666666666666,1.5286389103294624,237.69530557699613,1.5286389103294766,-6.69530557699612,6.695305576996134,44.827116769355534,1258,
drop_matchups,2025-10-26,2025_26,0022500105,SAS,BKN,225,228.16666666666666,-0.7473149406832968,227.41935172598335,-0.7473149406833102,-2.4193517259833603,2.419351725983347,5.8532627740186,1258,
drop_matchups,2025-10-26,2025_26,0022500108,MIA,NYK,222,228.83333333333334,1.697179385738087,230.53051271907142,1.6971793857380817,-8.53051271907143,8.530512719071424,72.76964725023934,1258,
drop_matchups,2025-10-26,2025_26,0022500106,DET,BOS,232,227.5,2.0628078283553952,229.5628078283554,2.062807828355403,2.4371921716446048,2.437192171644597,5.939905681525706,1258,
drop_matchups,2025-10-27,2025_26,0022500116,HOU,BKN,246,226.16666666666666,0.49591552516337095,226.66258219183004,0.4959155251633831,19.33741780816997,19.33741780816996,373.9357274877287,1267,
drop_matchups,2025-10-27,2025_26,0022500007,DET,CLE,211,231.16666666666666,2.0571110084815967,233.22377767514826,2.0571110084815984,-22.223777675148256,22.223777675148256,493.896294154418,1267,
drop_matchups,2025-10-27,2025_26,0022500008,MIN,DEN,241,228.5,3.3001336183023966,231.8001336183024,3.3001336183023966,9.199866381697603,9.199866381697603,84.63754144108975,1267,
drop_matchups,2025-10-27,2025_26,0022500114,PHI,ORL,260,226.5,0.0014513941214669673,226.50145139412146,0.0014513941214602255,33.49854860587853,33.49854860587854,1122.152758700407,1267,
drop_matchups,2025-10-27,2025_26,0022500115,CHI,ATL,251,241.5,1.579241131306525,243.07924113130653,1.5792411313065315,7.920758868693475,7.9207588686934685,62.73842105598624,1267,
drop_matchups,2025-10-27,2025_26,0022500121,GSW,MEM,249,238.83333333333334,1.7881768987851931,240.62151023211854,1.7881768987851956,8.378489767881463,8.378489767881462,70.19909079049435,1267,
drop_matchups,2025-10-27,2025_26,0022500117,NOP,BOS,212,232.5,-0.3195014368601375,232.18049856313985,-0.31950143686015053,-20.180498563139864,20.18049856313985,407.2525222568895,1267,
drop_matchups,2025-10-27,2025_26,0022500118,SAS,TOR,224,233.16666666666666,0.42480171641830694,233.59146838308496,0.4248017164183011,-9.591468383084964,9.591468383084958,91.99626574371838,1267,
drop_matchups,2025-10-27,2025_26,0022500120,UTA,PHX,272,233.5,2.519895478286671,236.01989547828668,2.519895478286685,35.98010452171333,35.980104521713315,1294.567921393415,1267,
drop_matchups,2025-10-27,2025_26,0022500122,LAL,POR,230,225.83333333333334,-1.4742330019787389,224.3591003313546,-1.474233001978746,5.640899668645396,5.640899668645403,31.81974907172382,1267,
drop_matchups,2025-10-27,2025_26,0022500119,DAL,OKC,195,226.5,-2.8651001809403684,223.63489981905963,-2.8651001809403738,-28.634899819059633,28.634899819059626,819.957487647581,1267,
drop_matchups,2025-10-28,2025_26,0022500126,OKC,SAC,208,227.16666666666666,4.1293565960875975,231.29602326275426,4.129356596087604,-23.296023262754254,23.29602326275426,542.7046998587876,1278,
drop_matchups,2025-10-28,2025_26,0022500124,MIA,CHA,261,240.5,1.6073886621351345,242.10738866213512,1.607388662135122,18.892611337864864,18.892611337864878,356.93076316362055,1278,
drop_matchups,2025-10-28,2025_26,0022500125,MIL,NYK,232,228.5,1.3093683595878387,229.80936835958784,1.309368359587836,2.1906316404121613,2.190631640412164,4.7988669839748885,1278,
drop_matchups,2025-10-28,2025_26,0022500127,GSW,LAC,177,223.83333333333334,2.3906187192890354,226.22395205262237,2.390618719289023,-49.22395205262238,49.223952052622366,2422.9974556788657,1278,
drop_matchups,2025-10-28,2025_26,0022500123,WAS,PHI,273,237.83333333333334,1.483525080391725,239.31685841372507,1.483525080391729,33.683141586274935,33.68314158627493,1134.5540271210434,1278,
drop_matchups,2025-10-29,2025_26,0022500128,BOS,CLE,230,233.5,1.1085974684682998,234.6085974684683,1.1085974684683038,-4.6085974684683,4.608597468468304,21.23917062637246,1283,
drop_matchups,2025-10-29,2025_26,0022500129,DET,ORL,251,226.16666666666666,1.5444174002175104,227.71108406688415,1.5444174002174975,23.28891593311583,23.288915933115845,542.3736053397371,1283,
drop_matchups,2025-10-29,2025_26,0022500131,TOR,HOU,260,232.5,-2.087796382943074,230.41220361705692,-2.0877963829430826,29.587796382943075,29.587796382943083,875.4376947984997,1283,
drop_matchups,2025-10-29,2025_26,0022500132,CHI,SAC,239,237.5,1.0526538016787466,238.55265380167876,1.0526538016787583,0.44734619832125344,0.4473461983212417,0.20011862115246767,1283,
drop_matchups,2025-10-29,2025_26,0022500130,BKN,ATL,229,237.5,-0.4651934802781273,237.03480651972188,-0.465193480278117,-8.034806519721872,8.034806519721883,64.55811580936528,1283,
drop_matchups,2025-10-29,2025_26,0022500136,MIN,LAL,231,223.5,0.6859236259165147,224.1859236259165,0.6859236259165016,6.814076374083485,6.814076374083498,46.431636831842916,1283,
drop_matchups,2025-10-29,2025_26,0022500137,PHX,MEM,227,241.5,3.425016060959197,244.9250160609592,3.4250160609591944,-17.925016060959198,17.925016060959194,321.30620078564505,1283,
drop_matchups,2025-10-29,2025_26,0022500134,DEN,NOP,210,235.5,-1.4067177614068545,234.09328223859313,-1.4067177614068669,-24.093282238593147,24.093282238593133,580.4862490285074,1283,
drop_matchups,2025-10-29,2025_26,0022500135,UTA,POR,270,234.16666666666666,2.850879498249988,237.01754616491664,2.8508794982499808,32.982453835083355,32.98245383508336,1087.8422609834051,1283,
drop_matchups,2025-10-29,2025_26,0022500133,DAL,IND,212,228.16666666666666,-1.2560525297723286,226.91061413689434,-1.2560525297723188,-14.910614136894328,14.910614136894338,222.3264139393533,1283,
drop_matchups,2025-10-30,2025_26,0022500138,CHA,ORL,230,241.5,1.6689498494891177,243.1689498494891,1.6689498494891097,-13.168949849489117,13.16894984948911,173.42124013835925,1293,
drop_matchups,2025-10-30,2025_26,0022500139,MIL,GSW,230,231.83333333333334,7.629676243092091,239.46300957642543,7.629676243092092,-9.463009576425435,9.463009576425435,89.54855024351949,1293,
drop_matchups,2025-10-30,2025_26,0022500140,OKC,WAS,235,231.16666666666666,0.48489211836568374,231.65155878503234,0.48489211836567847,3.348441214967659,3.3484412149676643,11.212058570094127,1293,
drop_matchups,2025-10-30,2025_26,0022500141,SAS,MIA,208,231.16666666666666,0.0959545536639301,231.2626212203306,0.0959545536639439,-23.262621220330587,23.2626212203306,541.1495460405756,1293,
drop_matchups,2025-10-31,2025_26,0022500021,PHI,BOS,217,234.5,-1.9430579936625398,232.55694200633747,-1.943057993662535,-15.55694200633746,15.556942006337465,242.01844458854714,1297,
drop_matchups,2025-10-31,2025_26,0022500020,IND,ATL,236,232.5,1.8888617507971186,234.3888617507971,1.8888617507971048,1.6111382492028814,1.6111382492028952,2.5957664580445705,1297,
drop_matchups,2025-10-31,2025_26,0022500022,CLE,TOR,213,239.16666666666666,-0.3347741450862819,238.8318925215804,-0.33477414508627135,-25.831892521580375,25.831892521580386,667.2866712464806,1297,
drop_matchups,2025-10-31,2025_26,0022500023,CHI,NYK,260,234.16666666666666,2.5257542716069046,236.69242093827356,2.5257542716068997,23.30757906172644,23.307579061726443,543.243241718629,1297,
drop_matchups,2025-10-31,2025_26,0022500025,PHX,UTA,214,237.5,2.1270580568629747,239.62705805686298,2.127058056862978,-25.627058056862975,25.627058056862978,656.7461046498257,1297,
drop_matchups,2025-10-31,2025_26,0022500026,POR,DEN,216,240.16666666666666,-0.9243654138173507,239.2423012528493,-0.9243654138173554,-23.242301252849305,23.242301252849302,540.2045675282002,1297,
drop_matchups,2025-10-31,2025_26,0022500027,LAC,NOP,250,224.16666666666666,-0.7700902918523532,223.39657637481432,-0.7700902918523411,26.603423625185695,26.603423625185684,707.7421485810878,1297,
drop_matchups,2025-10-31,2025_26,0022500024,MEM,LAL,229,237.5,1.6374510118034167,239.13745101180342,1.637451011803421,-10.137451011803417,10.137451011803421,102.7679130167142,1297,
drop_matchups,2025-11-01,2025_26,0022500146,BOS,HOU,229,224.83333333333334,2.4853536321208893,227.31868696545422,2.4853536321208765,1.6813130345457679,1.6813130345457807,2.8268135201335416,1305,
drop_matchups,2025-11-01,2025_26,0022500142,MIL,SAC,268,232.16666666666666,1.1400292508035257,233.3066959174702,1.1400292508035363,34.69330408252982,34.69330408252981,1203.6253481628794,1305,
drop_matchups,2025-11-01,2025_26,0022500143,CHA,MIN,227,230.16666666666666,-1.8691798440984744,228.29748682256817,-1.8691798440984826,-1.2974868225681828,1.2974868225681746,1.6834720547380577,1305,
drop_matchups,2025-11-01,2025_26,0022500144,IND,GSW,223,230.83333333333334,2.2753765233801784,233.10870985671352,2.2753765233801744,-10.10870985671352,10.108709856713517,102.18601496721702,1305,
drop_matchups,2025-11-01,2025_26,0022500145,WAS,ORL,219,235.5,5.439878576086335,240.93987857608633,5.439878576086329,-21.939878576086336,21.93987857608633,481.3582719334119,1305,
drop_matchups,2025-11-02,2025_26,0022500148,OKC,NOP,243,229.5,1.1622397901032544,230.66223979010326,1.162239790103257,12.337760209896746,12.337760209896743,152.22032699691133,1310,
drop_matchups,2025-11-02,2025_26,0022500149,BKN,PHI,234,234.5,3.5336973144112127,238.0336973144112,3.5336973144111994,-4.033697314411213,4.033697314411199,16.27071402428812,1310,
drop_matchups,2025-11-02,2025_26,0022500150,CHA,UTA,229,236.83333333333334,1.9513817305949352,238.78471506392827,1.9513817305949317,-9.784715063928278,9.784715063928275,95.74064888226489,1310,
drop_matchups,2025-11-02,2025_26,0022500153,NYK,CHI,244,234.83333333333334,-0.13814638853640576,234.69518694479694,-0.1381463885363985,9.304813055203063,9.304813055203056,86.57954599227722,1310,
drop_matchups,2025-11-02,2025_26,0022500155,LAL,MIA,250,234.5,-1.3749802460190568,233.12501975398095,-1.3749802460190494,16.874980246019057,16.87498024601905,284.76495830353315,1310,
drop_matchups,2025-11-02,2025_26,0022500154,PHX,SAS,248,227.5,-0.04254510562835004,227.45745489437164,-0.042545105628363444,20.54254510562835,20.542545105628363,421.9961594167758,1310,
drop_matchups,2025-11-02,2025_26,0022500151,CLE,ATL,226,229.83333333333334,-0.8737062693531301,228.9596270639802,-0.8737062693531357,-2.9596270639802125,2.959627063980207,8.759392357844101,1310,
drop_matchups,2025-11-02,2025_26,0022500152,TOR,MEM,221,238.5,2.4554186510716276,240.95541865107162,2.455418651071625,-19.95541865107163,19.955418651071625,398.21873353953725,1310,
drop_matchups,2025-11-03,2025_26,0022500156,BKN,MIN,234,228.5,-1.186082047625545,227.31391795237445,-1.186082047625547,6.686082047625545,6.686082047625547,44.70369314758062,1318,
drop_matchups,2025-11-03,2025_26,0022500157,IND,MIL,232,235.5,-4.935147125865234,230.56485287413477,-4.935147125865228,1.4351471258652344,1.4351471258652282,2.059647272879225,1318,
drop_matchups,2025-11-03,2025_26,0022500159,NYK,WAS,221,233.83333333333334,0.43344492184882233,234.26677825518217,0.43344492184883165,-13.266778255182166,13.266778255182174,176.0074052721746,1318,
drop_matchups,2025-11-03,2025_26,0022500163,POR,LAL,238,235.0,-0.5651029977100182,234.43489700228997,-0.5651029977100279,3.565102997710018,3.565102997710028,12.709959384281028,1318,
drop_matchups,2025-11-03,2025_26,0022500158,BOS,UTA,208,232.5,2.8517460691709933,235.35174606917099,2.8517460691709857,-27.351746069170993,27.351746069170986,748.1180130324104,1318,
drop_matchups,2025-11-03,2025_26,0022500160,HOU,DAL,212,225.5,-1.396633972123385,224.1033660278766,-1.3966339721233965,-12.103366027876614,12.103366027876604,146.49146920475746,1318,
drop_matchups,2025-11-03,2025_26,0022500161,MEM,DET,220,236.5,6.007294755015768,242.50729475501578,6.007294755015778,-22.507294755015767,22.507294755015778,506.5783171891607,1318,
drop_matchups,2025-11-03,2025_26,0022500162,DEN,SAC,254,236.5,2.279043237681252,238.77904323768126,2.2790432376812646,15.220956762318748,15.220956762318735,231.67752476037643,1318,
drop_matchups,2025-11-03,2025_26,0022500164,LAC,MIA,239,228.5,1.8498054078940172,230.34980540789402,1.8498054078940243,8.650194592105983,8.650194592105976,74.82586648129947,1318,
drop_matchups,2025-11-04,2025_26,0022500165,TOR,MIL,228,237.5,-3.2937125228598547,234.20628747714014,-3.293712522859863,-6.206287477140146,6.206287477140137,38.518004248906486,1327,
drop_matchups,2025-11-04,2025_26,0022500166,ATL,ORL,239,228.5,2.0970473010667323,230.59704730106674,2.0970473010667376,8.402952698933268,8.402952698933262,70.6096140605098,1327,
drop_matchups,2025-11-04,2025_26,0022500167,CHI,PHI,224,239.5,1.1709151631694297,240.67091516316944,1.1709151631694397,-16.67091516316943,16.67091516316944,277.9194123775927,1327,
drop_matchups,2025-11-04,2025_26,0022500168,NOP,CHA,228,236.83333333333334,-5.657341811585377,231.17599152174796,-5.657341811585383,-3.1759915217479655,3.17599152174796,10.086922146214924,1327,
drop_matchups,2025-11-04,2025_26,0022500169,GSW,PHX,225,232.5,-0.5680309426696735,231.93196905733032,-0.5680309426696795,-6.931969057330327,6.9319690573303205,48.05219501178501,1327,
drop_matchups,2025-11-04,2025_26,0022500170,LAC,OKC,233,223.16666666666666,0.5940090941885768,223.76067576085524,0.5940090941885785,9.239324239144766,9.239324239144764,85.36511239604798,1327,
drop_matchups,2025-11-05,2025_26,0022500172,DET,UTA,217,230.5,-2.4502045471388643,228.04979545286113,-2.450204547138867,-11.049795452861137,11.049795452861133,122.09797955007058,1333,
drop_matchups,2025-11-05,2025_26,0022500173,IND,BKN,215,233.16666666666666,-2.9409596822593476,230.2257069844073,-2.940959682259347,-15.22570698440731,15.22570698440731,231.82215317502954,1333,
drop_matchups,2025-11-05,2025_26,0022500174,BOS,WAS,243,232.16666666666666,-0.6466569509077317,231.52000971575893,-0.646656950907726,11.479990284241074,11.479990284241069,131.79017692626934,1333,
drop_matchups,2025-11-05,2025_26,0022500178,DEN,MIA,234,242.5,1.6177025754219247,244.11770257542193,1.61770257542193,-10.117702575421925,10.11770257542193,102.36790540469956,1333,
drop_matchups,2025-11-05,2025_26,0022500175,NYK,MIN,251,229.16666666666666,1.3286866186759436,230.4953532853426,1.3286866186759312,20.504646714657397,20.50464671465741,420.440536892911,1333,
drop_matchups,2025-11-05,2025_26,0022500181,SAC,GSW,237,226.83333333333334,1.5117891634492024,228.34512249678255,1.5117891634492082,8.654877503217454,8.654877503217449,74.9069045956995,1333,
drop_matchups,2025-11-05,2025_26,0022500179,LAL,SAS,234,228.5,0.7144248882985416,229.21442488829854,0.714424888298538,4.785575111701458,4.785575111701462,22.90172914973646,1333,
drop_matchups,2025-11-05,2025_26,0022500180,POR,OKC,240,229.16666666666666,-4.5041481826891046,224.66251848397755,-4.504148182689107,15.337481516022446,15.33748151602245,235.2383392543303,1333,
drop_matchups,2025-11-05,2025_26,0022500171,CLE,PHI,253,234.16666666666666,0.7298347441083525,234.89650141077502,0.7298347441083592,18.10349858922499,18.103498589224984,327.736661170071,1333,
drop_matchups,2025-11-05,2025_26,0022500176,MEM,HOU,233,232.5,2.933886185050517,235.4338861850505,2.933886185050511,-2.433886185050517,2.433886185050511,5.923801961779731,1333,
drop_matchups,2025-11-05,2025_26,0022500177,DAL,NOP,200,226.83333333333334,-0.4626656340560827,226.37066769927725,-0.4626656340560942,-26.37066769927726,26.37066769927725,695.4121149057045,1333,
drop_matchups,2025-11-06,2025_26,0022500182,PHX,LAC,217,224.83333333333334,0.4722570074744453,225.30559034080778,0.47225700747443966,-8.305590340807788,8.305590340807782,68.98283090931953,1344,
drop_matchups,2025-11-07,2025_26,0022500038,SAC,OKC,233,232.83333333333334,-0.9187160626844937,231.91461727064885,-0.9187160626844957,1.0853827293511509,1.0853827293511529,1.178055669173758,1345,
drop_matchups,2025-11-07,2025_26,0022500032,SAS,HOU,231,224.16666666666666,-2.64422889092731,221.52243777573935,-2.644228890927309,9.477562224260653,9.477562224260652,89.82418571473251,1345,
drop_matchups,2025-11-07,2025_26,0022500029,WAS,CLE,263,241.83333333333334,2.0537964554033636,243.8871297887367,2.053796455403358,19.112870211263292,19.1128702112633,365.301807712596,1345,
drop_matchups,2025-11-07,2025_26,0022500030,ATL,TOR,206,235.5,-0.16848087778118087,235.33151912221882,-0.16848087778117815,-29.33151912221882,29.331519122218822,860.3380140170884,1345,
drop_matchups,2025-11-07,2025_26,0022500031,BKN,DET,232,226.5,1.9395700398669715,228.43957003986696,1.9395700398669646,3.5604299601330283,3.5604299601330354,12.676661501012928,1345,
drop_matchups,2025-11-07,2025_26,0022500028,ORL,BOS,233,227.83333333333334,-4.66561075731732,223.16772257601602,-4.665610757317324,9.832277423983978,9.832277423983982,96.67367934218508,1345,
drop_matchups,2025-11-07,2025_26,0022500033,MIA,CHA,234,243.16666666666666,0.584769609815887,243.75143627648254,0.5847696098158792,-9.751436276482544,9.751436276482536,95.09050945429959,1345,
drop_matchups,2025-11-07,2025_26,0022500034,MEM,DAL,222,231.16666666666666,1.6963352157517726,232.86300188241842,1.696335215751759,-10.86300188241843,10.863001882418416,118.00480989742606,1345,
drop_matchups,2025-11-07,2025_26,0022500036,MIN,UTA,234,231.5,1.5085916528334762,233.00859165283347,1.5085916528334735,0.9914083471665238,0.9914083471665265,0.982890510831464,1345,
drop_matchups,2025-11-07,2025_26,0022500037,DEN,GSW,233,228.5,0.16446210587193333,228.66446210587193,0.16446210587193377,4.335537894128066,4.335537894128066,18.79688883142043,1345,
drop_matchups,2025-11-07,2025_26,0022500035,MIL,CHI,236,239.83333333333334,3.3758085762636085,243.20914190959695,3.3758085762636085,-7.209141909596951,7.209141909596951,51.971727072707175,1345,
drop_matchups,2025-11-08,2025_26,0022500189,DEN,IND,217,233.5,1.243209291646098,234.7432092916461,1.2432092916461102,-17.7432092916461,17.74320929164611,314.82147596715686,1356,
drop_matchups,2025-11-08,2025_26,0022500183,WAS,DAL,216,229.83333333333334,1.9465295043909046,231.77986283772424,1.9465295043908952,-15.779862837724247,15.779862837724238,249.00407117739044,1356,
drop_matchups,2025-11-08,2025_26,0022500184,PHI,TOR,250,237.16666666666666,1.5525548487045426,238.7192215153712,1.5525548487045455,11.2807784846288,11.280778484628797,127.25596321926399,1356,
drop_matchups,2025-11-08,2025_26,0022500185,ATL,LAL,224,230.16666666666666,-0.7268649507395114,229.43980171592713,-0.7268649507395253,-5.439801715927146,5.439801715927132,29.59144270860377,1356,
drop_matchups,2025-11-08,2025_26,0022500186,CLE,CHI,250,240.16666666666666,-0.9135926610030128,239.25307400566365,-0.9135926610030083,10.746925994336356,10.746925994336351,115.49641832774238,1356,
drop_matchups,2025-11-08,2025_26,0022500187,MIA,POR,267,240.83333333333334,-0.788770980689956,240.0445623526434,-0.7887709806899466,26.955437647356614,26.955437647356604,726.5956187605298,1356,
drop_matchups,2025-11-08,2025_26,0022500188,SAS,NOP,245,225.5,-4.152472884463535,221.34752711553648,-4.152472884463521,23.652472884463535,23.65247288446352,559.4394735502821,1356,
drop_matchups,2025-11-08,2025_26,0022500190,LAC,PHX,217,227.16666666666666,1.6919347334743957,228.85860140014105,1.6919347334743975,-11.858601400141053,11.858601400141055,140.62642716742738,1356,
drop_matchups,2025-11-09,2025_26,0022500192,NYK,BKN,232,228.83333333333334,-1.1386303015413897,227.69470303179196,-1.138630301541383,4.305296968208047,4.30529696820804,18.53558198446134,1364,
drop_matchups,2025-11-09,2025_26,0022500193,ORL,BOS,218,226.5,-1.21854528202181,225.2814547179782,-1.2185452820218075,-7.28145471797819,7.2814547179781925,53.01958280996688,1364,
drop_matchups,2025-11-09,2025_26,0022500195,PHI,DET,219,232.5,-0.3074289541614588,232.19257104583855,-0.3074289541614519,-13.192571045838541,13.192571045838548,174.04393079949762,1364,
drop_matchups,2025-11-09,2025_26,0022500191,MIL,HOU,237,231.83333333333334,1.9703534297742649,233.8036867631076,1.9703534297742635,3.1963132368923923,3.1963132368923937,10.21641830833353,1364,
drop_matchups,2025-11-09,2025_26,0022500196,GSW,IND,197,227.16666666666666,1.15787061221173,228.32453727887838,1.157870612211724,-31.32453727887839,31.32453727887838,981.2266357358415,1364,
drop_matchups,2025-11-09,2025_26,0022500197,SAC,MIN,261,235.5,2.556989590144521,238.05698959014452,2.556989590144525,22.94301040985548,22.943010409855475,526.3817266667367,1364,
drop_matchups,2025-11-09,2025_26,0022500194,MEM,OKC,214,233.83333333333334,1.831974109140002,235.66530744247333,1.831974109139992,-21.665307442473345,21.665307442473335,469.3855465768905,1364,
drop_matchups,2025-11-10,2025_26,0022500204,PHX,NOP,219,228.16666666666666,3.856244263890982,232.02291093055763,3.8562442638909715,-13.02291093055764,13.022910930557629,169.59620910523736,1371,
drop_matchups,2025-11-10,2025_26,0022500203,DAL,MIL,230,230.83333333333334,-5.220420195491932,225.61291313784142,-5.220420195491926,4.387086862158589,4.387086862158583,19.24653113612444,1371,
drop_matchups,2025-11-10,2025_26,0022500202,CHI,SAS,238,234.5,2.7217113436540927,237.22171134365408,2.7217113436540785,0.7782886563459073,0.7782886563459215,0.6057332325967398,1371,
drop_matchups,2025-11-10,2025_26,0022500201,MIA,CLE,278,247.5,3.0215482461652576,250.52154824616525,3.0215482461652527,27.478451753834744,27.478451753834747,755.0653107878239,1371,
drop_matchups,2025-11-10,2025_26,0022500205,UTA,MIN,233,233.83333333333334,-1.885381404443809,231.94795192888952,-1.8853814044438195,1.0520480711104663,1.0520480711104767,1.1068051439272746,1371,
drop_matchups,2025-11-10,2025_26,0022500199,DET,WAS,272,235.5,-4.005903941919618,231.49409605808037,-4.005903941919627,40.50590394191962,40.50590394191963,1640.7282541520199,1371,
drop_matchups,2025-11-10,2025_26,0022500198,CHA,LAL,232,229.5,-0.23105295856450553,229.2689470414355,-0.23105295856450425,2.7310529585645056,2.7310529585645043,7.458650262483932,1371,
drop_matchups,2025-11-10,2025_26,0022500206,LAC,ATL,207,222.16666666666666,-2.366680196169262,219.7999864704974,-2.3666801961692556,-12.799986470497394,12.799986470497402,163.83965364491652,1371,
drop_matchups,2025-11-10,2025_26,0022500200,ORL,POR,227,235.5,-0.474004001928248,235.02599599807175,-0.4740040019282503,-8.025995998071751,8.02599599807175,64.41661176106373,1371,
drop_matchups,2025-11-11,2025_26,0022500212,SAC,DEN,230,242.83333333333334,1.439804331484572,244.2731376648179,1.4398043314845665,-14.273137664817915,14.27313766481791,203.72245879884363,1380,
drop_matchups,2025-11-11,2025_26,0022500211,UTA,IND,280,231.5,-3.1579557066331896,228.3420442933668,-3.157955706633203,51.65795570663319,51.6579557066332,2668.5443877884777,1380,
drop_matchups,2025-11-11,2025_26,0022500210,OKC,GSW,228,228.5,0.9497942544276465,229.44979425442764,0.9497942544276441,-1.4497942544276465,1.449794254427644,2.101903380171408,1380,
drop_matchups,2025-11-11,2025_26,0022500207,BKN,TOR,228,233.83333333333334,0.3259119147966517,234.15924524813,0.3259119147966487,-6.159245248129994,6.1592452481299915,37.936302026611884,1380,
drop_matchups,2025-11-11,2025_26,0022500208,NYK,MEM,253,233.5,2.035990467806083,235.53599046780607,2.035990467806073,17.464009532193916,17.464009532193927,304.99162894056036,1380,
drop_matchups,2025-11-11,2025_26,0022500209,PHI,BOS,202,231.83333333333334,-0.19677988947004513,231.6365534438633,-0.19677988947003655,-29.6365534438633,29.636553443863306,878.325300030966,1380,
drop_matchups,2025-11-12,2025_26,0022500216,BOS,MEM,226,229.5,3.0170329396506084,232.51703293965062,3.017032939650619,-6.517032939650608,6.517032939650619,42.471718336491186,1386,
drop_matchups,2025-11-12,2025_26,0022500218,HOU,WAS,247,234.16666666666666,-2.568377671095856,231.5982889955708,-2.5683776710958455,15.401711004429199,15.401711004429188,237.21270186395515,1386,
drop_matchups,2025-11-12,2025_26,0022500213,CHA,MIL,211,232.5,0.6557405502667951,233.15574055026678,0.6557405502667848,-22.155740550266795,22.155740550266785,490.87683933073595,1386,
drop_matchups,2025-11-12,2025_26,0022500214,DET,CHI,237,234.5,-2.265940835620807,232.2340591643792,-2.265940835620796,4.765940835620807,4.765940835620796,22.71419204863785,1386,
drop_matchups,2025-11-12,2025_26,0022500215,NYK,ORL,231,228.16666666666666,2.179294941509662,230.3459616081763,2.179294941509653,0.654038391823681,0.6540383918236898,0.4277662179793184,1386,
drop_matchups,2025-11-12,2025_26,0022500217,MIA,CLE,246,238.5,4.506920535756752,243.00692053575676,4.5069205357567625,2.993079464243248,2.9930794642432375,8.958524679274586,1386,
drop_matchups,2025-11-12,2025_26,0022500221,DAL,PHX,237,227.5,0.006013675482833672,227.50601367548285,0.006013675482847702,9.493986324517167,9.493986324517152,90.1357763301187,1386,
drop_matchups,2025-11-12,2025_26,0022500224,LAC,DEN,246,225.83333333333334,-0.21997563937349018,225.61335769395984,-0.2199756393735015,20.386642306040148,20.38664230604016,415.6151845144264,1386,
drop_matchups,2025-11-12,2025_26,0022500222,OKC,LAL,213,229.5,1.5768199575147748,231.07681995751477,1.5768199575147719,-18.076819957514775,18.076819957514772,326.77141977640434,1386,
drop_matchups,2025-11-12,2025_26,0022500223,SAC,ATL,233,233.83333333333334,-1.1121366732569715,232.72119666007637,-1.1121366732569697,0.2788033399236287,0.27880333992362694,0.07773130235256948,1386,
drop_matchups,2025-11-12,2025_26,0022500220,SAS,GSW,245,229.5,0.18513368054789736,229.6851336805479,0.18513368054789225,15.314866319452102,15.314866319452108,234.54513038268854,1386,
drop_matchups,2025-11-12,2025_26,0022500219,NOP,POR,242,231.5,-2.4236407655446577,229.07635923445534,-2.4236407655446612,12.923640765544658,12.923640765544661,167.0204906368478,1386,
drop_matchups,2025-11-13,2025_26,0022500225,CLE,TOR,239,240.5,0.6319078895932237,241.13190788959324,0.6319078895932364,-2.131907889593224,2.1319078895932364,4.545031249709887,1398,
drop_matchups,2025-11-13,2025_26,0022500226,PHX,IND,231,233.83333333333334,-0.03485727140120859,233.79847606193212,-0.03485727140122208,-2.798476061932134,2.7984760619321207,7.831468269207111,1398,
drop_matchups,2025-11-13,2025_26,0022500227,UTA,ATL,254,232.83333333333334,0.5571428644344721,233.3904761977678,0.5571428644344678,20.609523802232186,20.60952380223219,424.75247135477514,1398,
drop_matchups,2025-11-14,2025_26,0022500043,MIL,CHA,281,239.16666666666666,4.360731651318695,243.52739831798536,4.3607316513187016,37.47260168201465,37.47260168201464,1404.1958768189265,1401,
drop_matchups,2025-11-14,2025_26,0022500039,NYK,MIA,272,238.16666666666666,1.9698393473970577,240.1365060140637,1.9698393473970555,31.863493985936284,31.863493985936287,1015.2822489917979,1401,
drop_matchups,2025-11-14,2025_26,0022500040,ORL,BKN,203,224.5,-0.8697645241841866,223.63023547581582,-0.8697645241841769,-20.630235475815812,20.630235475815823,425.6066157876097,1401,
drop_matchups,2025-11-14,2025_26,0022500041,DET,PHI,219,232.5,0.6551045528666051,233.15510455286662,0.655104552866618,-14.155104552866606,14.155104552866618,200.36698490258524,1401,
drop_matchups,2025-11-14,2025_26,0022500046,DAL,LAC,260,219.5,-1.4076281337746062,218.0923718662254,-1.4076281337746082,41.90762813377461,41.90762813377461,1756.249295798737,1401,
drop_matchups,2025-11-14,2025_26,0022500044,MIN,SAC,234,240.5,0.11055770475619103,240.6105577047562,0.11055770475618942,-6.610557704756191,6.610557704756189,43.69947316791142,1401,
drop_matchups,2025-11-14,2025_26,0022500045,NOP,LAL,222,228.5,-1.0824402513693026,227.4175597486307,-1.0824402513692917,-5.417559748630698,5.417559748630708,29.349953629983624,1401,
drop_matchups,2025-11-14,2025_26,0022500047,SAS,GSW,217,234.83333333333334,0.7238753059325133,235.55720863926587,0.7238753059325234,-18.557208639265856,18.557208639265866,344.3699924812437,1401,
drop_matchups,2025-11-14,2025_26,0022500042,HOU,POR,256,235.83333333333334,2.207725353214123,238.04105868654747,2.20772535321413,17.958941313452534,17.958941313452527,322.52357310003197,1401,
drop_matchups,2025-11-15,2025_26,0022500231,MIL,LAL,214,230.83333333333334,8.172149117175586,239.00548245050894,8.172149117175593,-25.00548245050893,25.005482450508936,625.2741525827104,1410,
drop_matchups,2025-11-15,2025_26,0022500230,IND,TOR,240,233.5,0.4680742679379535,233.96807426793796,0.4680742679379648,6.031925732062047,6.031925732062035,36.38412803711212,1410,
drop_matchups,2025-11-15,2025_26,0022500232,MIN,DEN,235,234.5,-0.23612556115777905,234.2638744388422,-0.2361255611577917,0.736125561157779,0.7361255611577917,0.5418808417898737,1410,
drop_matchups,2025-11-15,2025_26,0022500228,CLE,MEM,208,238.5,1.8792236175698067,240.3792236175698,1.8792236175698065,-32.37922361756981,32.37922361756981,1048.4141220765903,1410,
drop_matchups,2025-11-15,2025_26,0022500229,CHA,OKC,205,227.83333333333334,-4.345538530368851,223.4877948029645,-4.345538530368856,-18.48779480296449,18.487794802964487,341.7985566765207,1410,
drop_matchups,2025-11-16,2025_26,0022500233,BOS,LAC,239,220.66666666666666,5.102012551508828,225.7686792181755,5.102012551508835,13.231320781824515,13.231320781824508,175.0678496315411,1415,
drop_matchups,2025-11-16,2025_26,0022500234,SAS,SAC,233,238.16666666666666,-0.9523296364082309,237.21433703025843,-0.9523296364082228,-4.214337030258426,4.214337030258434,17.76063660460748,1415,
drop_matchups,2025-11-16,2025_26,0022500235,WAS,BKN,235,234.5,2.9992317036770197,237.49923170367703,2.999231703677026,-2.4992317036770197,2.499231703677026,6.2461591086643695,1415,
drop_matchups,2025-11-16,2025_26,0022500236,HOU,ORL,230,227.83333333333334,2.7280846861062145,230.56141801943954,2.7280846861062003,-0.5614180194395573,0.5614180194395431,0.31519019255141917,1415,
drop_matchups,2025-11-16,2025_26,0022500237,NOP,GSW,230,228.16666666666666,-1.423287667643248,226.7433789990234,-1.423287667643251,3.256621000976591,3.256621000976594,10.605580344001792,1415,
drop_matchups,2025-11-16,2025_26,0022500239,PHX,ATL,246,231.83333333333334,2.4465204056801086,234.27985373901345,2.446520405680104,11.72014626098655,11.720146260986553,137.36182837891707,1415,
drop_matchups,2025-11-16,2025_26,0022500240,UTA,CHI,297,243.83333333333334,-0.2266607083442526,243.6066726249891,-0.2266607083442409,53.39332737501091,53.3933273750109,2850.8474081750883,1415,
drop_matchups,2025-11-16,2025_26,0022500238,DAL,POR,271,234.16666666666666,-4.6429565860682,229.52371008059845,-4.642956586068209,41.476289919401545,41.47628991940155,1720.2826254782508,1415,
drop_matchups,2025-11-17,2025_26,0022500241,CLE,MIL,224,236.16666666666666,-0.05649932479085745,236.1101673418758,-0.05649932479084896,-12.1101673418758,12.110167341875808,146.65615304823538,1423,
drop_matchups,2025-11-17,2025_26,0022500242,DET,IND,239,230.16666666666666,2.6930004684783815,232.85966713514503,2.693000468478374,6.140332864854962,6.140332864854969,37.70368769121803,1423,
drop_matchups,2025-11-17,2025_26,0022500243,PHI,LAC,218,220.5,-1.0978772548273725,219.40212274517262,-1.097877254827381,-1.4021227451726275,1.402122745172619,1.9659481925304012,1423,
drop_matchups,2025-11-17,2025_26,0022500244,MIA,NYK,228,241.5,1.846013735125326,243.34601373512533,1.8460137351253252,-15.346013735125325,15.346013735125325,235.50013755865513,1423,
drop_matchups,2025-11-17,2025_26,0022500245,TOR,CHA,218,238.5,4.027487497559879,242.5274874975599,4.027487497559889,-24.52748749755988,24.52748749755989,601.5976429429567,1423,
drop_matchups,2025-11-17,2025_26,0022500246,MIN,DAL,216,229.16666666666666,-1.5455409957587334,227.62112567090793,-1.5455409957587278,-11.621125670907924,11.62112567090793,135.05056185903527,1423,
drop_matchups,2025-11-17,2025_26,0022500247,NOP,OKC,235,226.5,-2.77574944066811,223.7242505593319,-2.7757494406681076,11.27574944066811,11.275749440668108,127.14252544872714,1423,
drop_matchups,2025-11-17,2025_26,0022500248,DEN,CHI,257,240.5,-1.1025395708687316,239.39746042913126,-1.1025395708687427,17.602539570868732,17.602539570868743,309.84939934399995,1423,
drop_matchups,2025-11-18,2025_26,0022500249,ORL,GSW,234,222.83333333333334,-0.5335254427058991,222.29980789062745,-0.5335254427058942,11.700192109372557,11.700192109372551,136.8944953962237,1431,
drop_matchups,2025-11-18,2025_26,0022500251,ATL,DET,232,228.5,4.218738456986708,232.7187384569867,4.218738456986699,-0.7187384569867081,0.7187384569866992,0.5165849695516214,1431,
drop_matchups,2025-11-18,2025_26,0022500250,BKN,BOS,212,223.16666666666666,-0.12190589092553367,223.0447607757411,-0.1219058909255466,-11.044760775741123,11.04476077574111,121.98674059334938,1431,
drop_matchups,2025-11-18,2025_26,0022500253,LAL,UTA,266,237.83333333333334,2.3037840156533003,240.13711734898664,2.3037840156532923,25.862882651013358,25.862882651013365,668.8886990200881,1431,
drop_matchups,2025-11-18,2025_26,0022500254,POR,PHX,237,237.16666666666666,1.2841001082087775,238.45076677487543,1.2841001082087757,-1.4507667748754347,1.450766774875433,2.104724235082465,1431,
drop_matchups,2025-11-18,2025_26,0022500252,SAS,MEM,212,232.83333333333334,-1.57259382799905,231.2607395053343,-1.572593827999043,-19.260739505334293,19.2607395053343,370.97608629234537,1431,
drop_matchups,2025-11-19,2025_26,0022500255,CLE,HOU,218,233.83333333333334,2.8518618490228085,236.68519518235615,2.8518618490228107,-18.68519518235615,18.685195182356154,349.1365190027456,1437,
drop_matchups,2025-11-19,2025_26,0022500256,IND,CHA,245,236.16666666666666,0.5402659406704159,236.70693260733708,0.5402659406704231,8.293067392662927,8.29306739266292,68.77496677924896,1437,
drop_matchups,2025-11-19,2025_26,0022500257,MIA,GSW,206,231.83333333333334,0.7813874116286949,232.61472074496203,0.7813874116286854,-26.61472074496204,26.614720744962028,708.3433603323122,1437,
drop_matchups,2025-11-19,2025_26,0022500258,PHI,TOR,233,234.5,2.3662265765554373,236.86622657655545,2.366226576555448,-3.8662265765554373,3.866226576555448,14.94770794126366,1437,
drop_matchups,2025-11-19,2025_26,0022500259,MIN,WAS,229,237.5,-1.099704035930258,236.40029596406976,-1.0997040359302446,-7.400295964069742,7.400295964069755,54.76438035582711,1437,
drop_matchups,2025-11-19,2025_26,0022500260,NOP,DEN,243,233.16666666666666,0.4548843759131754,233.62155104257982,0.4548843759131671,9.378448957420167,9.378448957420176,87.95530484693558,1437,
drop_matchups,2025-11-19,2025_26,0022500261,OKC,SAC,212,233.5,1.1369284103522554,234.63692841035225,1.1369284103522546,-22.636928410352255,22.636928410352255,512.4305278554131,1437,
drop_matchups,2025-11-19,2025_26,0022500262,DAL,NYK,224,228.5,2.2053817010028443,230.70538170100284,2.2053817010028354,-6.705381701002844,6.705381701002835,44.962143756143675,1437,
drop_matchups,2025-11-19,2025_26,0022500263,POR,CHI,243,243.83333333333334,-0.9903252336233427,242.84300809971,-0.9903252336233379,0.15699190028999988,0.1569919002899951,0.024646456756663764,1437,
drop_matchups,2025-11-20,2025_26,0022500265,MEM,SAC,233,233.5,-1.7425541842440533,231.75744581575594,-1.7425541842440566,1.2425541842440533,1.2425541842440566,1.543940900782413,1446,
drop_matchups,2025-11-20,2025_26,0022500264,ORL,LAC,230,218.5,0.20986082363306635,218.70986082363308,0.209860823633079,11.290139176366933,11.290139176366921,127.46724262173514,1446,
drop_matchups,2025-11-20,2025_26,0022500266,MIL,PHI,237,225.83333333333334,3.7206042438775304,229.55393757721086,3.720604243877517,7.446062422789127,7.44606242278914,55.44384560407248,1446,
drop_matchups,2025-11-20,2025_26,0022500267,SAS,ATL,261,231.16666666666666,-0.23457844655635537,230.9320882201103,-0.2345784465563554,30.067911779889698,30.067911779889698,904.0793188032296,1446,
drop_matchups,2025-11-21,2025_26,0022500056,GSW,POR,250,237.5,0.05844851395201209,237.55844851395202,0.058448513952015446,12.441551486047988,12.441551486047985,154.79220337998282,1450,
drop_matchups,2025-11-21,2025_26,0022500048,CLE,IND,229,238.16666666666666,1.1491890036036423,239.3158556702703,1.1491890036036523,-10.315855670270299,10.31585567027031,106.4168782098481,1450,
drop_matchups,2025-11-21,2025_26,0022500049,BOS,BKN,218,222.5,-0.7463424862973543,221.75365751370265,-0.7463424862973511,-3.7536575137026458,3.753657513702649,14.089944730176352,1450,
drop_matchups,2025-11-21,2025_26,0022500050,TOR,WAS,250,240.5,0.5100917630971142,241.0100917630971,0.5100917630971082,8.989908236902886,8.989908236902892,80.81845010793445,1450,
drop_matchups,2025-11-21,2025_26,0022500051,CHI,MIA,250,249.5,-1.4034573335817637,248.09654266641823,-1.4034573335817697,1.9034573335817637,1.9034573335817697,3.6231498207662205,1450,
drop_matchups,2025-11-21,2025_26,0022500052,DAL,NOP,233,232.5,0.917366029134331,233.41736602913434,0.9173660291343424,-0.41736602913433096,0.4173660291343424,0.17419440227536875,1450,
drop_matchups,2025-11-21,2025_26,0022500053,PHX,MIN,227,234.16666666666666,3.529920855834829,237.6965875225015,3.529920855834831,-10.696587522501487,10.696587522501488,114.41698462653453,1450,
drop_matchups,2025-11-21,2025_26,0022500054,HOU,DEN,221,234.5,0.35950466440635304,234.85950466440636,0.35950466440635864,-13.859504664406353,13.859504664406359,192.0858695427016,1450,
drop_matchups,2025-11-21,2025_26,0022500055,UTA,OKC,256,235.5,-2.003892183276838,233.49610781672317,-2.0038921832768324,22.50389218327684,22.503892183276832,506.4251633965481,1450,
drop_matchups,2025-11-22,2025_26,0022500269,ORL,NYK,254,229.5,1.3118144745640536,230.81181447456404,1.311814474564045,23.188185525435948,23.188185525435955,537.6919479620375,1459,
drop_matchups,2025-11-22,2025_26,0022500270,NOP,ATL,213,230.83333333333334,2.904520802308259,233.7378541356416,2.9045208023082694,-20.7378541356416,20.737854135641612,430.05859415114793,1459,
drop_matchups,2025-11-22,2025_26,0022500268,CHA,LAC,247,228.5,0.5017961842359514,229.00179618423596,0.5017961842359568,17.99820381576405,17.998203815764043,323.93534059378334,1459,
drop_matchups,2025-11-22,2025_26,0022500273,DAL,MEM,198,227.16666666666666,2.6711186184403504,229.837785285107,2.671118618440346,-31.837785285107007,31.837785285107003,1013.644571860576,1459,
drop_matchups,2025-11-22,2025_26,0022500274,DEN,SAC,251,236.16666666666666,1.9251031547714852,238.09176982143813,1.9251031547714774,12.908230178561858,12.908230178561865,166.62240634273527,1459,
drop_matchups,2025-11-22,2025_26,0022500272,MIL,DET,245,223.5,2.1941360272664303,225.69413602726644,2.1941360272664383,19.30586397273357,19.30586397273356,372.7163837336917,1459,
drop_matchups,2025-11-22,2025_26,0022500271,CHI,WAS,241,243.83333333333334,0.7823605902894405,244.61569392362279,0.7823605902894428,-3.6156939236227834,3.6156939236227856,13.073242549322734,1459,
