experiment,date,season,game_id,home_team,away_team,actual_total,market_total_line,pred_residual,pred_total,edge,residual_error,abs_error,squared_error,train_games,skip_reason
baseline_lgbm_residual_v1,2024-10-22,2024_25,0022400061,BOS,NYK,241,222.5,,,,,,,0,insufficient_training_data
baseline_lgbm_residual_v1,2024-10-22,2024_25,0022400062,LAL,MIN,213,220.0,,,,,,,0,insufficient_training_data
baseline_lgbm_residual_v1,2024-10-23,2024_25,0022400067,TOR,CLE,242,224.33333333333334,,,,,,,2,insufficient_training_data
baseline_lgbm_residual_v1,2024-10-23,2024_25,0022400064,ATL,BKN,236,222.33333333333334,,,,,,,2,insufficient_training_data
baseline_lgbm_residual_v1,2024-10-23,2024_25,0022400066,PHI,MIL,233,223.5,,,,,,,2,insufficient_training_data
baseline_lgbm_residual_v1,2024-10-23,2024_25,0022400063,DET,IND,224,234.66666666666666,,,,,,,2,insufficient_training_data
baseline_lgbm_residual_v1,2024-10-23,2024_25,0022400065,MIA,ORL,213,208.0,,,,,,,2,insufficient_training_data
baseline_lgbm_residual_v1,2024-10-23,2024_25,0022400069,NOP,CHI,234,227.16666666666666,,,,,,,2,insufficient_training_data
baseline_lgbm_residual_v1,2024-10-23,2024_25,0022400070,UTA,MEM,250,228.66666666666666,,,,,,,2,insufficient_training_data
baseline_lgbm_residual_v1,2024-10-23,2024_25,0022400071,LAC,PHX,229,224.66666666666666,,,,,,,2,insufficient_training_data
baseline_lgbm_residual_v1,2024-10-23,2024_25,0022400072,POR,GSW,244,222.16666666666666,,,,,,,2,insufficient_training_data
baseline_lgbm_residual_v1,2024-10-23,2024_25,0022400068,HOU,CHA,215,229.5,,,,,,,2,insufficient_training_data
baseline_lgbm_residual_v1,2024-10-24,2024_25,0022400073,WAS,BOS,224,233.33333333333334,,,,,,,12,insufficient_training_data
baseline_lgbm_residual_v1,2024-10-24,2024_25,0022400074,DAL,SAS,229,229.5,,,,,,,12,insufficient_training_data
baseline_lgbm_residual_v1,2024-10-24,2024_25,0022400075,DEN,OKC,189,226.0,,,,,,,12,insufficient_training_data
baseline_lgbm_residual_v1,2024-10-24,2024_25,0022400076,SAC,MIN,232,220.5,,,,,,,12,insufficient_training_data
baseline_lgbm_residual_v1,2024-10-25,2024_25,0022400077,ORL,BKN,217,215.5,,,,,,,16,insufficient_training_data
baseline_lgbm_residual_v1,2024-10-25,2024_25,0022400081,NYK,IND,221,226.5,,,,,,,16,insufficient_training_data
baseline_lgbm_residual_v1,2024-10-25,2024_25,0022400086,POR,NOP,208,218.5,,,,,,,16,insufficient_training_data
baseline_lgbm_residual_v1,2024-10-25,2024_25,0022400080,CLE,DET,214,227.66666666666666,,,,,,,16,insufficient_training_data
baseline_lgbm_residual_v1,2024-10-25,2024_25,0022400079,ATL,CHA,245,223.5,,,,,,,16,insufficient_training_data
baseline_lgbm_residual_v1,2024-10-25,2024_25,0022400082,HOU,MEM,236,222.16666666666666,,,,,,,16,insufficient_training_data
baseline_lgbm_residual_v1,2024-10-25,2024_25,0022400083,MIL,CHI,255,233.66666666666666,,,,,,,16,insufficient_training_data
baseline_lgbm_residual_v1,2024-10-25,2024_25,0022400084,UTA,GSW,213,232.66666666666666,,,,,,,16,insufficient_training_data
baseline_lgbm_residual_v1,2024-10-25,2024_25,0022400085,LAL,PHX,239,223.5,,,,,,,16,insufficient_training_data
baseline_lgbm_residual_v1,2024-10-25,2024_25,0022400078,TOR,PHI,222,219.5,,,,,,,16,insufficient_training_data
baseline_lgbm_residual_v1,2024-10-26,2024_25,0022400091,CHI,OKC,209,232.0,,,,,,,26,insufficient_training_data
baseline_lgbm_residual_v1,2024-10-26,2024_25,0022400088,CHA,MIA,220,223.5,,,,,,,26,insufficient_training_data
baseline_lgbm_residual_v1,2024-10-26,2024_25,0022400090,WAS,CLE,251,229.0,,,,,,,26,insufficient_training_data
baseline_lgbm_residual_v1,2024-10-26,2024_25,0022400087,DEN,LAC,213,219.5,,,,,,,26,insufficient_training_data
baseline_lgbm_residual_v1,2024-10-26,2024_25,0022400089,DET,BOS,242,227.33333333333334,,,,,,,26,insufficient_training_data
baseline_lgbm_residual_v1,2024-10-26,2024_25,0022400095,PHX,DAL,216,232.33333333333334,,,,,,,26,insufficient_training_data
baseline_lgbm_residual_v1,2024-10-26,2024_25,0022400096,LAL,SAC,258,231.66666666666666,,,,,,,26,insufficient_training_data
baseline_lgbm_residual_v1,2024-10-26,2024_25,0022400093,MIN,TOR,213,220.33333333333334,,,,,,,26,insufficient_training_data
baseline_lgbm_residual_v1,2024-10-26,2024_25,0022400094,SAS,HOU,215,224.16666666666666,,,,,,,26,insufficient_training_data
baseline_lgbm_residual_v1,2024-10-26,2024_25,0022400092,MEM,ORL,235,222.16666666666666,,,,,,,26,insufficient_training_data
baseline_lgbm_residual_v1,2024-10-27,2024_25,0022400097,IND,PHI,232,228.66666666666666,,,,,,,36,insufficient_training_data
baseline_lgbm_residual_v1,2024-10-27,2024_25,0022400098,BKN,MIL,217,231.5,,,,,,,36,insufficient_training_data
baseline_lgbm_residual_v1,2024-10-27,2024_25,0022400099,POR,NOP,228,219.33333333333334,,,,,,,36,insufficient_training_data
baseline_lgbm_residual_v1,2024-10-27,2024_25,0022400100,OKC,ATL,232,230.33333333333334,,,,,,,36,insufficient_training_data
baseline_lgbm_residual_v1,2024-10-27,2024_25,0022400101,GSW,LAC,216,221.83333333333334,,,,,,,36,insufficient_training_data
baseline_lgbm_residual_v1,2024-10-28,2024_25,0022400105,MIA,DET,204,219.33333333333334,,,,,,,41,insufficient_training_data
baseline_lgbm_residual_v1,2024-10-28,2024_25,0022400107,TOR,DEN,252,220.5,,,,,,,41,insufficient_training_data
baseline_lgbm_residual_v1,2024-10-28,2024_25,0022400102,ORL,IND,234,224.5,,,,,,,41,insufficient_training_data
baseline_lgbm_residual_v1,2024-10-28,2024_25,0022400104,BOS,MIL,227,234.0,,,,,,,41,insufficient_training_data
baseline_lgbm_residual_v1,2024-10-28,2024_25,0022400106,NYK,CLE,214,221.5,,,,,,,41,insufficient_training_data
baseline_lgbm_residual_v1,2024-10-28,2024_25,0022400109,SAS,HOU,207,220.0,,,,,,,41,insufficient_training_data
baseline_lgbm_residual_v1,2024-10-28,2024_25,0022400108,MEM,CHI,249,233.5,,,,,,,41,insufficient_training_data
baseline_lgbm_residual_v1,2024-10-28,2024_25,0022400112,SAC,POR,209,227.66666666666666,,,,,,,41,insufficient_training_data
baseline_lgbm_residual_v1,2024-10-28,2024_25,0022400111,PHX,LAL,214,227.5,,,,,,,41,insufficient_training_data
baseline_lgbm_residual_v1,2024-10-28,2024_25,0022400103,ATL,WAS,240,233.33333333333334,,,,,,,41,insufficient_training_data
baseline_lgbm_residual_v1,2024-10-28,2024_25,0022400110,DAL,UTA,212,233.33333333333334,,,,,,,41,insufficient_training_data
baseline_lgbm_residual_v1,2024-10-29,2024_25,0022400116,GSW,NOP,230,217.66666666666666,,,,,,,52,insufficient_training_data
baseline_lgbm_residual_v1,2024-10-29,2024_25,0022400115,UTA,SAC,209,235.33333333333334,,,,,,,52,insufficient_training_data
baseline_lgbm_residual_v1,2024-10-29,2024_25,0022400114,MIN,DAL,234,222.5,,,,,,,52,insufficient_training_data
baseline_lgbm_residual_v1,2024-10-29,2024_25,0022400113,BKN,DEN,283,218.0,,,,,,,52,insufficient_training_data
baseline_lgbm_residual_v1,2024-10-30,2024_25,0022400123,CHI,ORL,201,227.33333333333334,,,,,,,56,insufficient_training_data
baseline_lgbm_residual_v1,2024-10-30,2024_25,0022400121,WAS,ATL,253,233.33333333333334,,,,,,,56,insufficient_training_data
baseline_lgbm_residual_v1,2024-10-30,2024_25,0022400117,CHA,TOR,271,223.5,,,,,,,56,insufficient_training_data
baseline_lgbm_residual_v1,2024-10-30,2024_25,0022400118,CLE,LAL,244,224.83333333333334,,,,,,,56,insufficient_training_data
baseline_lgbm_residual_v1,2024-10-30,2024_25,0022400119,IND,BOS,267,233.66666666666666,,,,,,,56,insufficient_training_data
baseline_lgbm_residual_v1,2024-10-30,2024_25,0022400120,PHI,DET,200,217.5,,,,,,,56,insufficient_training_data
baseline_lgbm_residual_v1,2024-10-30,2024_25,0022400126,GSW,NOP,193,219.5,,,,,,,56,insufficient_training_data
baseline_lgbm_residual_v1,2024-10-30,2024_25,0022400122,MIA,NYK,223,214.5,,,,,,,56,insufficient_training_data
baseline_lgbm_residual_v1,2024-10-30,2024_25,0022400124,MEM,BKN,225,225.83333333333334,,,,,,,56,insufficient_training_data
baseline_lgbm_residual_v1,2024-10-30,2024_25,0022400127,LAC,POR,211,214.83333333333334,,,,,,,56,insufficient_training_data
baseline_lgbm_residual_v1,2024-10-30,2024_25,0022400125,OKC,SAS,198,221.5,,,,,,,56,insufficient_training_data
baseline_lgbm_residual_v1,2024-10-31,2024_25,0022400130,UTA,SAS,194,223.33333333333334,,,,,,,67,insufficient_training_data
baseline_lgbm_residual_v1,2024-10-31,2024_25,0022400131,LAC,PHX,244,223.5,,,,,,,67,insufficient_training_data
baseline_lgbm_residual_v1,2024-10-31,2024_25,0022400129,DAL,HOU,210,225.66666666666666,,,,,,,67,insufficient_training_data
baseline_lgbm_residual_v1,2024-10-31,2024_25,0022400128,MEM,MIL,221,226.5,,,,,,,67,insufficient_training_data
baseline_lgbm_residual_v1,2024-11-01,2024_25,0022400135,ATL,SAC,238,239.66666666666666,,,,,,,71,insufficient_training_data
baseline_lgbm_residual_v1,2024-11-01,2024_25,0022400137,TOR,LAL,256,229.0,,,,,,,71,insufficient_training_data
baseline_lgbm_residual_v1,2024-11-01,2024_25,0022400139,MIN,DEN,235,219.33333333333334,,,,,,,71,insufficient_training_data
baseline_lgbm_residual_v1,2024-11-01,2024_25,0022400138,NOP,IND,243,232.33333333333334,,,,,,,71,insufficient_training_data
baseline_lgbm_residual_v1,2024-11-01,2024_25,0022400136,BKN,CHI,232,226.16666666666666,,,,,,,71,insufficient_training_data
baseline_lgbm_residual_v1,2024-11-01,2024_25,0022400140,POR,OKC,251,220.16666666666666,,,,,,,71,insufficient_training_data
baseline_lgbm_residual_v1,2024-11-01,2024_25,0022400134,DET,NYK,226,218.5,,,,,,,71,insufficient_training_data
baseline_lgbm_residual_v1,2024-11-01,2024_25,0022400133,CLE,ORL,229,217.16666666666666,,,,,,,71,insufficient_training_data
baseline_lgbm_residual_v1,2024-11-01,2024_25,0022400132,CHA,BOS,233,231.66666666666666,,,,,,,71,insufficient_training_data
baseline_lgbm_residual_v1,2024-11-02,2024_25,0022400141,CHA,BOS,216,231.33333333333334,,,,,,,80,insufficient_training_data
baseline_lgbm_residual_v1,2024-11-02,2024_25,0022400142,PHI,MEM,231,223.33333333333334,,,,,,,80,insufficient_training_data
baseline_lgbm_residual_v1,2024-11-02,2024_25,0022400143,TOR,SAC,259,232.5,,,,,,,80,insufficient_training_data
baseline_lgbm_residual_v1,2024-11-02,2024_25,0022400149,PHX,POR,200,224.33333333333334,,,,,,,80,insufficient_training_data
baseline_lgbm_residual_v1,2024-11-02,2024_25,0022400144,HOU,GSW,248,217.33333333333334,,,,,,,80,insufficient_training_data
baseline_lgbm_residual_v1,2024-11-02,2024_25,0022400146,SAS,MIN,216,214.83333333333334,,,,,,,80,insufficient_training_data
baseline_lgbm_residual_v1,2024-11-02,2024_25,0022400148,DEN,UTA,232,218.5,,,,,,,80,insufficient_training_data
baseline_lgbm_residual_v1,2024-11-02,2024_25,0022400150,LAC,OKC,197,220.33333333333334,,,,,,,80,insufficient_training_data
baseline_lgbm_residual_v1,2024-11-02,2024_25,0022400145,MIL,CLE,227,232.16666666666666,,,,,,,80,insufficient_training_data
baseline_lgbm_residual_v1,2024-11-03,2024_25,0022400153,DAL,ORL,193,219.33333333333334,,,,,,,89,insufficient_training_data
baseline_lgbm_residual_v1,2024-11-03,2024_25,0022400151,BKN,DET,198,219.5,,,,,,,89,insufficient_training_data
baseline_lgbm_residual_v1,2024-11-03,2024_25,0022400152,NOP,ATL,237,230.83333333333334,,,,,,,89,insufficient_training_data
baseline_lgbm_residual_v1,2024-11-04,2024_25,0022400160,CHI,UTA,261,228.0,,,,,,,92,insufficient_training_data
baseline_lgbm_residual_v1,2024-11-04,2024_25,0022400154,CLE,MIL,230,230.33333333333334,,,,,,,92,insufficient_training_data
baseline_lgbm_residual_v1,2024-11-04,2024_25,0022400155,WAS,GSW,237,231.5,,,,,,,92,insufficient_training_data
baseline_lgbm_residual_v1,2024-11-04,2024_25,0022400156,DET,LAL,218,226.33333333333334,,,,,,,92,insufficient_training_data
baseline_lgbm_residual_v1,2024-11-04,2024_25,0022400157,ATL,BOS,216,234.33333333333334,,,,,,,92,insufficient_training_data
baseline_lgbm_residual_v1,2024-11-04,2024_25,0022400159,MIA,SAC,221,227.16666666666666,,,,,,,92,insufficient_training_data
baseline_lgbm_residual_v1,2024-11-04,2024_25,0022400163,OKC,ORL,188,215.33333333333334,,,,,,,92,insufficient_training_data
baseline_lgbm_residual_v1,2024-11-04,2024_25,0022400158,BKN,MEM,210,225.33333333333334,,,,,,,92,insufficient_training_data
baseline_lgbm_residual_v1,2024-11-04,2024_25,0022400168,LAC,SAS,217,218.0,,,,,,,92,insufficient_training_data
baseline_lgbm_residual_v1,2024-11-04,2024_25,0022400164,NOP,POR,218,221.66666666666666,,,,,,,92,insufficient_training_data
baseline_lgbm_residual_v1,2024-11-04,2024_25,0022400165,DAL,IND,261,235.66666666666666,,,,,,,92,insufficient_training_data
baseline_lgbm_residual_v1,2024-11-04,2024_25,0022400166,DEN,TOR,240,228.83333333333334,,,,,,,92,insufficient_training_data
baseline_lgbm_residual_v1,2024-11-04,2024_25,0022400167,PHX,PHI,234,226.66666666666666,,,,,,,92,insufficient_training_data
baseline_lgbm_residual_v1,2024-11-04,2024_25,0022400162,MIN,CHA,207,226.5,,,,,,,92,insufficient_training_data
baseline_lgbm_residual_v1,2024-11-04,2024_25,0022400161,HOU,NYK,206,219.16666666666666,,,,,,,92,insufficient_training_data
baseline_lgbm_residual_v1,2024-11-06,2024_25,0022400172,BOS,GSW,230,230.0,,,,,,,107,insufficient_training_data
baseline_lgbm_residual_v1,2024-11-06,2024_25,0022400174,MEM,LAL,245,229.83333333333334,,,,,,,107,insufficient_training_data
baseline_lgbm_residual_v1,2024-11-06,2024_25,0022400169,CHA,DET,215,222.66666666666666,,,,,,,107,insufficient_training_data
baseline_lgbm_residual_v1,2024-11-06,2024_25,0022400170,IND,ORL,229,226.5,,,,,,,107,insufficient_training_data
baseline_lgbm_residual_v1,2024-11-06,2024_25,0022400171,ATL,NYK,237,225.5,,,,,,,107,insufficient_training_data
baseline_lgbm_residual_v1,2024-11-06,2024_25,0022400173,HOU,SAS,227,213.5,,,,,,,107,insufficient_training_data
baseline_lgbm_residual_v1,2024-11-06,2024_25,0022400178,PHX,MIA,227,222.5,,,,,,,107,insufficient_training_data
baseline_lgbm_residual_v1,2024-11-06,2024_25,0022400176,DAL,CHI,218,234.83333333333334,,,,,,,107,insufficient_training_data
baseline_lgbm_residual_v1,2024-11-06,2024_25,0022400177,DEN,OKC,246,222.0,,,,,,,107,insufficient_training_data
baseline_lgbm_residual_v1,2024-11-06,2024_25,0022400179,LAC,PHI,208,218.33333333333334,,,,,,,107,insufficient_training_data
baseline_lgbm_residual_v1,2024-11-06,2024_25,0022400180,SAC,TOR,229,238.0,,,,,,,107,insufficient_training_data
baseline_lgbm_residual_v1,2024-11-06,2024_25,0022400175,NOP,CLE,253,224.0,,,,,,,107,insufficient_training_data
baseline_lgbm_residual_v1,2024-11-07,2024_25,0022400181,CHI,MIN,254,227.66666666666666,,,,,,,119,insufficient_training_data
baseline_lgbm_residual_v1,2024-11-07,2024_25,0022400182,MIL,UTA,223,229.66666666666666,,,,,,,119,insufficient_training_data
baseline_lgbm_residual_v1,2024-11-07,2024_25,0022400183,SAS,POR,223,217.5,,,,,,,119,insufficient_training_data
baseline_lgbm_residual_v1,2024-11-08,2024_25,0022400188,CLE,GSW,253,231.33333333333334,,,,,,,122,insufficient_training_data
baseline_lgbm_residual_v1,2024-11-08,2024_25,0022400189,NYK,MIL,210,224.83333333333334,,,,,,,122,insufficient_training_data
baseline_lgbm_residual_v1,2024-11-08,2024_25,0022400185,DET,ATL,243,227.0,,,,,,,122,insufficient_training_data
baseline_lgbm_residual_v1,2024-11-08,2024_25,0022400186,ORL,NOP,203,213.5,,,,,,,122,insufficient_training_data
baseline_lgbm_residual_v1,2024-11-08,2024_25,0022400187,BOS,BKN,212,224.33333333333334,,,,,,,122,insufficient_training_data
baseline_lgbm_residual_v1,2024-11-08,2024_25,0022400193,MIN,POR,229,220.66666666666666,,,,,,,122,insufficient_training_data
baseline_lgbm_residual_v1,2024-11-08,2024_25,0022400184,CHA,IND,186,234.66666666666666,,,,,,,122,insufficient_training_data
baseline_lgbm_residual_v1,2024-11-08,2024_25,0022400192,OKC,HOU,233,219.0,,,,,,,122,insufficient_training_data
baseline_lgbm_residual_v1,2024-11-08,2024_25,0022400196,SAC,LAC,205,224.0,,,,,,,122,insufficient_training_data
baseline_lgbm_residual_v1,2024-11-08,2024_25,0022400194,DEN,MIA,257,222.0,,,,,,,122,insufficient_training_data
baseline_lgbm_residual_v1,2024-11-08,2024_25,0022400195,LAL,PHI,222,222.66666666666666,,,,,,,122,insufficient_training_data
baseline_lgbm_residual_v1,2024-11-08,2024_25,0022400191,MEM,WAS,232,229.33333333333334,,,,,,,122,insufficient_training_data
baseline_lgbm_residual_v1,2024-11-08,2024_25,0022400190,DAL,PHX,227,230.5,,,,,,,122,insufficient_training_data
baseline_lgbm_residual_v1,2024-11-09,2024_25,0022400200,LAC,TOR,208,226.33333333333334,,,,,,,135,insufficient_training_data
baseline_lgbm_residual_v1,2024-11-09,2024_25,0022400199,CLE,BKN,205,223.33333333333334,,,,,,,135,insufficient_training_data
baseline_lgbm_residual_v1,2024-11-09,2024_25,0022400197,SAS,UTA,221,222.5,,,,,,,135,insufficient_training_data
baseline_lgbm_residual_v1,2024-11-09,2024_25,0022400198,ATL,CHI,238,238.5,,,,,,,135,insufficient_training_data
baseline_lgbm_residual_v1,2024-11-10,2024_25,0022400201,DET,HOU,200,220.33333333333334,,,,,,,139,insufficient_training_data
baseline_lgbm_residual_v1,2024-11-10,2024_25,0022400206,MIN,MIA,189,218.33333333333334,,,,,,,139,insufficient_training_data
baseline_lgbm_residual_v1,2024-11-10,2024_25,0022400203,IND,NYK,253,229.0,,,,,,,139,insufficient_training_data
baseline_lgbm_residual_v1,2024-11-10,2024_25,0022400205,PHI,CHA,212,221.16666666666666,,,,,,,139,insufficient_training_data
baseline_lgbm_residual_v1,2024-11-10,2024_25,0022400202,MIL,BOS,220,228.5,,,,,,,139,insufficient_training_data
baseline_lgbm_residual_v1,2024-11-10,2024_25,0022400204,ORL,WAS,215,220.16666666666666,,,,,,,139,insufficient_training_data
baseline_lgbm_residual_v1,2024-11-10,2024_25,0022400208,DEN,DAL,242,231.5,,,,,,,139,insufficient_training_data
baseline_lgbm_residual_v1,2024-11-10,2024_25,0022400209,PHX,SAC,245,228.33333333333334,,,,,,,139,insufficient_training_data
baseline_lgbm_residual_v1,2024-11-10,2024_25,0022400210,POR,MEM,223,226.0,,,,,,,139,insufficient_training_data
baseline_lgbm_residual_v1,2024-11-10,2024_25,0022400211,LAL,TOR,226,235.33333333333334,,,,,,,139,insufficient_training_data
baseline_lgbm_residual_v1,2024-11-10,2024_25,0022400207,OKC,GSW,243,227.5,,,,,,,139,insufficient_training_data
baseline_lgbm_residual_v1,2024-11-11,2024_25,0022400212,CHI,CLE,232,237.16666666666666,,,,,,,150,insufficient_training_data
baseline_lgbm_residual_v1,2024-11-11,2024_25,0022400215,OKC,LAC,262,218.83333333333334,,,,,,,150,insufficient_training_data
baseline_lgbm_residual_v1,2024-11-11,2024_25,0022400214,NOP,BKN,212,212.83333333333334,,,,,,,150,insufficient_training_data
baseline_lgbm_residual_v1,2024-11-11,2024_25,0022400216,SAS,SAC,212,222.0,,,,,,,150,insufficient_training_data
baseline_lgbm_residual_v1,2024-11-11,2024_25,0022400213,HOU,WAS,199,226.5,,,,,,,150,insufficient_training_data
baseline_lgbm_residual_v1,2024-11-12,2024_25,0022400002,DET,MIA,244,215.5,,,,,,,155,insufficient_training_data
baseline_lgbm_residual_v1,2024-11-12,2024_25,0022400007,GSW,DAL,237,232.33333333333334,,,,,,,155,insufficient_training_data
baseline_lgbm_residual_v1,2024-11-12,2024_25,0022400008,POR,MIN,230,218.5,,,,,,,155,insufficient_training_data
baseline_lgbm_residual_v1,2024-11-12,2024_25,0022400006,UTA,PHX,232,228.33333333333334,,,,,,,155,insufficient_training_data
baseline_lgbm_residual_v1,2024-11-12,2024_25,0022400001,BOS,ATL,233,227.0,,,,,,,155,insufficient_training_data
baseline_lgbm_residual_v1,2024-11-12,2024_25,0022400004,PHI,NYK,210,215.5,,,,,,,155,insufficient_training_data
baseline_lgbm_residual_v1,2024-11-12,2024_25,0022400003,ORL,CHA,203,213.33333333333334,,,,,,,155,insufficient_training_data
baseline_lgbm_residual_v1,2024-11-12,2024_25,0022400005,MIL,TOR,184,227.83333333333334,,,,,,,155,insufficient_training_data
baseline_lgbm_residual_v1,2024-11-13,2024_25,0022400217,ORL,IND,184,225.66666666666666,,,,,,,163,insufficient_training_data
baseline_lgbm_residual_v1,2024-11-13,2024_25,0022400227,SAC,PHX,231,225.5,,,,,,,163,insufficient_training_data
baseline_lgbm_residual_v1,2024-11-13,2024_25,0022400226,POR,MIN,204,221.75,,,,,,,163,insufficient_training_data
baseline_lgbm_residual_v1,2024-11-13,2024_25,0022400225,LAL,MEM,251,230.5,,,,,,,163,insufficient_training_data
baseline_lgbm_residual_v1,2024-11-13,2024_25,0022400224,SAS,WAS,269,222.66666666666666,,,,,,,163,insufficient_training_data
baseline_lgbm_residual_v1,2024-11-13,2024_25,0022400223,MIL,DET,247,217.16666666666666,,,,,,,163,insufficient_training_data
baseline_lgbm_residual_v1,2024-11-13,2024_25,0022400220,PHI,CLE,220,217.66666666666666,,,,,,,163,insufficient_training_data
baseline_lgbm_residual_v1,2024-11-13,2024_25,0022400221,OKC,NOP,194,221.5,,,,,,,163,insufficient_training_data
baseline_lgbm_residual_v1,2024-11-13,2024_25,0022400219,NYK,CHI,247,228.33333333333334,,,,,,,163,insufficient_training_data
baseline_lgbm_residual_v1,2024-11-13,2024_25,0022400218,BKN,BOS,253,218.0,,,,,,,163,insufficient_training_data
baseline_lgbm_residual_v1,2024-11-13,2024_25,0022400222,HOU,LAC,214,213.83333333333334,,,,,,,163,insufficient_training_data
baseline_lgbm_residual_v1,2024-11-14,2024_25,0022400228,UTA,DAL,228,230.83333333333334,,,,,,,174,insufficient_training_data
baseline_lgbm_residual_v1,2024-11-15,2024_25,0022400009,IND,MIA,235,227.83333333333334,,,,,,,175,insufficient_training_data
baseline_lgbm_residual_v1,2024-11-15,2024_25,0022400012,ATL,WAS,246,240.33333333333334,,,,,,,175,insufficient_training_data
baseline_lgbm_residual_v1,2024-11-15,2024_25,0022400010,ORL,PHI,184,210.66666666666666,,,,,,,175,insufficient_training_data
baseline_lgbm_residual_v1,2024-11-15,2024_25,0022400011,TOR,DET,194,225.0,,,,,,,175,insufficient_training_data
baseline_lgbm_residual_v1,2024-11-15,2024_25,0022400013,CLE,CHI,270,237.16666666666666,,,,,,,175,insufficient_training_data
baseline_lgbm_residual_v1,2024-11-15,2024_25,0022400014,NYK,BKN,246,216.5,,,,,,,175,insufficient_training_data
baseline_lgbm_residual_v1,2024-11-15,2024_25,0022400016,HOU,LAC,229,217.33333333333334,,,,,,,175,insufficient_training_data
baseline_lgbm_residual_v1,2024-11-15,2024_25,0022400017,NOP,DEN,195,221.0,,,,,,,175,insufficient_training_data
baseline_lgbm_residual_v1,2024-11-15,2024_25,0022400018,OKC,PHX,182,228.0,,,,,,,175,insufficient_training_data
baseline_lgbm_residual_v1,2024-11-15,2024_25,0022400015,SAS,LAL,235,227.33333333333334,,,,,,,175,insufficient_training_data
baseline_lgbm_residual_v1,2024-11-15,2024_25,0022400019,GSW,MEM,241,235.33333333333334,,,,,,,175,insufficient_training_data
baseline_lgbm_residual_v1,2024-11-15,2024_25,0022400020,SAC,MIN,256,222.0,,,,,,,175,insufficient_training_data
baseline_lgbm_residual_v1,2024-11-16,2024_25,0022400229,CHA,MIL,229,217.33333333333334,,,,,,,187,insufficient_training_data
baseline_lgbm_residual_v1,2024-11-16,2024_25,0022400230,BOS,TOR,249,228.5,,,,,,,187,insufficient_training_data
baseline_lgbm_residual_v1,2024-11-16,2024_25,0022400231,NOP,LAL,203,221.33333333333334,,,,,,,187,insufficient_training_data
baseline_lgbm_residual_v1,2024-11-16,2024_25,0022400232,DAL,SAS,203,227.0,,,,,,,187,insufficient_training_data
baseline_lgbm_residual_v1,2024-11-16,2024_25,0022400233,SAC,UTA,238,227.5,,,,,,,187,insufficient_training_data
baseline_lgbm_residual_v1,2024-11-17,2024_25,0022400235,IND,MIA,229,228.66666666666666,,,,,,,192,insufficient_training_data
baseline_lgbm_residual_v1,2024-11-17,2024_25,0022400238,MEM,DEN,195,228.0,,,,,,,192,insufficient_training_data
baseline_lgbm_residual_v1,2024-11-17,2024_25,0022400234,MIN,PHX,237,219.5,,,,,,,192,insufficient_training_data
baseline_lgbm_residual_v1,2024-11-17,2024_25,0022400237,WAS,DET,228,228.66666666666666,,,,,,,192,insufficient_training_data
baseline_lgbm_residual_v1,2024-11-17,2024_25,0022400236,CLE,CHA,242,224.16666666666666,,,,,,,192,insufficient_training_data
baseline_lgbm_residual_v1,2024-11-17,2024_25,0022400242,OKC,DAL,240,229.5,,,,,,,192,insufficient_training_data
baseline_lgbm_residual_v1,2024-11-17,2024_25,0022400240,NYK,BKN,218,220.5,,,,,,,192,insufficient_training_data
baseline_lgbm_residual_v1,2024-11-17,2024_25,0022400241,CHI,HOU,250,233.66666666666666,,,,,,,192,insufficient_training_data
baseline_lgbm_residual_v1,2024-11-17,2024_25,0022400243,LAC,UTA,221,220.5,,,,,,,192,insufficient_training_data
baseline_lgbm_residual_v1,2024-11-17,2024_25,0022400239,POR,ATL,224,232.33333333333334,,,,,,,192,insufficient_training_data
baseline_lgbm_residual_v1,2024-11-18,2024_25,0022400245,MIA,PHI,195,212.66666666666666,,,,,,,202,insufficient_training_data
baseline_lgbm_residual_v1,2024-11-18,2024_25,0022400247,TOR,IND,249,234.33333333333334,,,,,,,202,insufficient_training_data
baseline_lgbm_residual_v1,2024-11-18,2024_25,0022400244,DET,CHI,234,233.5,,,,,,,202,insufficient_training_data
baseline_lgbm_residual_v1,2024-11-18,2024_25,0022400246,NYK,WAS,240,231.16666666666666,,,,,,,202,insufficient_training_data
baseline_lgbm_residual_v1,2024-11-18,2024_25,0022400251,LAC,GSW,201,226.16666666666666,,,,,,,202,insufficient_training_data
baseline_lgbm_residual_v1,2024-11-18,2024_25,0022400250,SAC,ATL,217,234.83333333333334,,,,,,,202,insufficient_training_data
baseline_lgbm_residual_v1,2024-11-18,2024_25,0022400249,PHX,ORL,208,211.16666666666666,,,,,,,202,insufficient_training_data
baseline_lgbm_residual_v1,2024-11-18,2024_25,0022400248,MIL,HOU,201,222.33333333333334,,,,,,,202,insufficient_training_data
baseline_lgbm_residual_v1,2024-11-19,2024_25,0022400021,BOS,CLE,237,234.83333333333334,,,,,,,210,insufficient_training_data
baseline_lgbm_residual_v1,2024-11-19,2024_25,0022400022,BKN,CHA,231,220.83333333333334,,,,,,,210,insufficient_training_data
baseline_lgbm_residual_v1,2024-11-19,2024_25,0022400023,MEM,DEN,232,226.83333333333334,,,,,,,210,insufficient_training_data
baseline_lgbm_residual_v1,2024-11-19,2024_25,0022400024,DAL,NOP,223,221.83333333333334,,,,,,,210,insufficient_training_data
baseline_lgbm_residual_v1,2024-11-19,2024_25,0022400025,SAS,OKC,214,223.16666666666666,,,,,,,210,insufficient_training_data
baseline_lgbm_residual_v1,2024-11-19,2024_25,0022400026,LAL,UTA,242,235.33333333333334,,,,,,,210,insufficient_training_data
baseline_lgbm_residual_v1,2024-11-20,2024_25,0022400255,MEM,PHI,228,219.5,,,,,,,216,insufficient_training_data
baseline_lgbm_residual_v1,2024-11-20,2024_25,0022400252,CLE,NOP,228,222.0,,,,,,,216,insufficient_training_data
baseline_lgbm_residual_v1,2024-11-20,2024_25,0022400253,MIL,CHI,228,238.0,,,,,,,216,insufficient_training_data
baseline_lgbm_residual_v1,2024-11-20,2024_25,0022400254,HOU,IND,243,231.5,,,,,,,216,insufficient_training_data
baseline_lgbm_residual_v1,2024-11-20,2024_25,0022400259,LAC,ORL,197,206.5,,,,,,,216,insufficient_training_data
baseline_lgbm_residual_v1,2024-11-20,2024_25,0022400257,PHX,NYK,260,222.5,,,,,,,216,insufficient_training_data
baseline_lgbm_residual_v1,2024-11-20,2024_25,0022400258,GSW,ATL,217,239.0,,,,,,,216,insufficient_training_data
baseline_lgbm_residual_v1,2024-11-20,2024_25,0022400256,OKC,POR,208,223.83333333333334,,,,,,,216,insufficient_training_data
baseline_lgbm_residual_v1,2024-11-21,2024_25,0022400263,LAL,ORL,237,217.33333333333334,,,,,,,224,insufficient_training_data
baseline_lgbm_residual_v1,2024-11-21,2024_25,0022400262,SAS,UTA,244,224.16666666666666,,,,,,,224,insufficient_training_data
baseline_lgbm_residual_v1,2024-11-21,2024_25,0022400260,CHA,DET,244,220.66666666666666,,,,,,,224,insufficient_training_data
baseline_lgbm_residual_v1,2024-11-21,2024_25,0022400261,TOR,MIN,215,225.5,,,,,,,224,insufficient_training_data
baseline_lgbm_residual_v1,2024-11-22,2024_25,0022400034,LAC,SAC,192,221.33333333333334,,,,,,,228,insufficient_training_data
baseline_lgbm_residual_v1,2024-11-22,2024_25,0022400033,DEN,DAL,243,227.33333333333334,,,,,,,228,insufficient_training_data
baseline_lgbm_residual_v1,2024-11-22,2024_25,0022400031,HOU,POR,204,223.16666666666666,,,,,,,228,insufficient_training_data
baseline_lgbm_residual_v1,2024-11-22,2024_25,0022400032,NOP,GSW,220,223.5,,,,,,,228,insufficient_training_data
baseline_lgbm_residual_v1,2024-11-22,2024_25,0022400029,MIL,IND,246,237.5,,,,,,,228,insufficient_training_data
baseline_lgbm_residual_v1,2024-11-22,2024_25,0022400027,PHI,BKN,211,217.5,,,,,,,228,insufficient_training_data
baseline_lgbm_residual_v1,2024-11-22,2024_25,0022400030,CHI,ATL,258,244.5,,,,,,,228,insufficient_training_data
baseline_lgbm_residual_v1,2024-11-22,2024_25,0022400028,WAS,BOS,204,237.83333333333334,,,,,,,228,insufficient_training_data
baseline_lgbm_residual_v1,2024-11-23,2024_25,0022400264,UTA,NYK,227,229.66666666666666,,,,,,,236,insufficient_training_data
baseline_lgbm_residual_v1,2024-11-23,2024_25,0022400265,ORL,DET,211,206.66666666666666,,,,,,,236,insufficient_training_data
baseline_lgbm_residual_v1,2024-11-23,2024_25,0022400266,CHI,MEM,273,243.16666666666666,,,,,,,236,insufficient_training_data
baseline_lgbm_residual_v1,2024-11-23,2024_25,0022400267,HOU,POR,202,224.5,,,,,,,236,insufficient_training_data
baseline_lgbm_residual_v1,2024-11-23,2024_25,0022400268,MIL,CHA,244,223.0,,,,,,,236,insufficient_training_data
baseline_lgbm_residual_v1,2024-11-23,2024_25,0022400269,SAS,GSW,198,225.33333333333334,,,,,,,236,insufficient_training_data
baseline_lgbm_residual_v1,2024-11-23,2024_25,0022400270,LAL,DEN,229,233.0,,,,,,,236,insufficient_training_data
baseline_lgbm_residual_v1,2024-11-24,2024_25,0022400275,CLE,TOR,230,236.5,,,,,,,243,insufficient_training_data
baseline_lgbm_residual_v1,2024-11-24,2024_25,0022400276,SAC,BKN,211,222.0,,,,,,,243,insufficient_training_data
baseline_lgbm_residual_v1,2024-11-24,2024_25,0022400274,PHI,LAC,224,209.0,,,,,,,243,insufficient_training_data
baseline_lgbm_residual_v1,2024-11-24,2024_25,0022400273,MIA,DAL,241,222.0,,,,,,,243,insufficient_training_data
baseline_lgbm_residual_v1,2024-11-24,2024_25,0022400272,IND,WAS,218,242.66666666666666,,,,,,,243,insufficient_training_data
baseline_lgbm_residual_v1,2024-11-24,2024_25,0022400271,BOS,MIN,212,222.5,,,,,,,243,insufficient_training_data
baseline_lgbm_residual_v1,2024-11-25,2024_25,0022400280,ATL,DAL,248,237.5,,,,,,,249,insufficient_training_data
baseline_lgbm_residual_v1,2024-11-25,2024_25,0022400277,CHA,ORL,179,213.5,,,,,,,249,insufficient_training_data
baseline_lgbm_residual_v1,2024-11-25,2024_25,0022400279,IND,NOP,224,227.5,,,,,,,249,insufficient_training_data
baseline_lgbm_residual_v1,2024-11-25,2024_25,0022400284,GSW,BKN,248,223.33333333333334,,,,,,,249,insufficient_training_data
baseline_lgbm_residual_v1,2024-11-25,2024_25,0022400278,DET,TOR,202,222.83333333333334,,,,,,,249,insufficient_training_data
baseline_lgbm_residual_v1,2024-11-25,2024_25,0022400282,MEM,POR,221,230.83333333333334,,,,,,,249,insufficient_training_data
baseline_lgbm_residual_v1,2024-11-25,2024_25,0022400285,SAC,OKC,239,223.5,,,,,,,249,insufficient_training_data
baseline_lgbm_residual_v1,2024-11-25,2024_25,0022400283,DEN,NYK,263,232.16666666666666,,,,,,,249,insufficient_training_data
baseline_lgbm_residual_v1,2024-11-25,2024_25,0022400281,BOS,LAC,220,218.66666666666666,,,,,,,249,insufficient_training_data
baseline_lgbm_residual_v1,2024-11-26,2024_25,0022400035,WAS,CHI,235,244.33333333333334,,,,,,,258,insufficient_training_data
baseline_lgbm_residual_v1,2024-11-26,2024_25,0022400036,MIA,MIL,209,224.5,,,,,,,258,insufficient_training_data
baseline_lgbm_residual_v1,2024-11-26,2024_25,0022400037,MIN,HOU,228,221.16666666666666,,,,,,,258,insufficient_training_data
baseline_lgbm_residual_v1,2024-11-26,2024_25,0022400038,UTA,SAS,243,225.83333333333334,,,,,,,258,insufficient_training_data
baseline_lgbm_residual_v1,2024-11-26,2024_25,0022400039,PHX,LAL,227,234.16666666666666,,,,,,,258,insufficient_training_data
baseline_lgbm_residual_v1,2024-11-27,2024_25,0022400289,ORL,CHI,252,224.0,,,,,,,263,insufficient_training_data
baseline_lgbm_residual_v1,2024-11-27,2024_25,0022400288,IND,POR,235,231.66666666666666,,,,,,,263,insufficient_training_data
baseline_lgbm_residual_v1,2024-11-27,2024_25,0022400291,WAS,LAC,217,223.0,,,,,,,263,insufficient_training_data
baseline_lgbm_residual_v1,2024-11-27,2024_25,0022400286,CHA,MIA,192,217.5,,,,,,,263,insufficient_training_data
baseline_lgbm_residual_v1,2024-11-27,2024_25,0022400292,DAL,NYK,243,234.5,,,,,,,263,insufficient_training_data
baseline_lgbm_residual_v1,2024-11-27,2024_25,0022400290,PHI,HOU,237,217.83333333333334,,,,,,,263,insufficient_training_data
baseline_lgbm_residual_v1,2024-11-27,2024_25,0022400287,CLE,ATL,259,240.5,,,,,,,263,insufficient_training_data
baseline_lgbm_residual_v1,2024-11-27,2024_25,0022400294,MIN,SAC,219,221.66666666666666,,,,,,,263,insufficient_training_data
baseline_lgbm_residual_v1,2024-11-27,2024_25,0022400299,GSW,OKC,206,230.33333333333334,,,,,,,263,insufficient_training_data
baseline_lgbm_residual_v1,2024-11-27,2024_25,0022400298,UTA,DEN,225,231.5,,,,,,,263,insufficient_training_data
baseline_lgbm_residual_v1,2024-11-27,2024_25,0022400293,MEM,DET,242,225.16666666666666,,,,,,,263,insufficient_training_data
baseline_lgbm_residual_v1,2024-11-27,2024_25,0022400296,SAS,LAL,220,226.66666666666666,,,,,,,263,insufficient_training_data
baseline_lgbm_residual_v1,2024-11-27,2024_25,0022400297,PHX,BKN,244,219.33333333333334,,,,,,,263,insufficient_training_data
baseline_lgbm_residual_v1,2024-11-27,2024_25,0022400295,NOP,TOR,212,222.33333333333334,,,,,,,263,insufficient_training_data
baseline_lgbm_residual_v1,2024-11-29,2024_25,0022400044,MIN,LAC,185,216.66666666666666,,,,,,,277,insufficient_training_data
baseline_lgbm_residual_v1,2024-11-29,2024_25,0022400041,ATL,CLE,218,246.83333333333334,,,,,,,277,insufficient_training_data
baseline_lgbm_residual_v1,2024-11-29,2024_25,0022400042,MEM,NOP,229,230.16666666666666,,,,,,,277,insufficient_training_data
baseline_lgbm_residual_v1,2024-11-29,2024_25,0022400043,BKN,ORL,223,209.66666666666666,,,,,,,277,insufficient_training_data
baseline_lgbm_residual_v1,2024-11-29,2024_25,0022400040,CHA,NYK,197,222.83333333333334,,,,,,,277,insufficient_training_data
baseline_lgbm_residual_v1,2024-11-29,2024_25,0022400049,POR,SAC,221,223.33333333333334,,,,,,,277,insufficient_training_data
baseline_lgbm_residual_v1,2024-11-29,2024_25,0022400047,CHI,BOS,267,242.5,,,,,,,277,insufficient_training_data
baseline_lgbm_residual_v1,2024-11-29,2024_25,0022400048,LAL,OKC,194,231.5,,,,,,,277,insufficient_training_data
baseline_lgbm_residual_v1,2024-11-29,2024_25,0022400046,MIA,TOR,232,219.5,,,,,,,277,insufficient_training_data
baseline_lgbm_residual_v1,2024-11-29,2024_25,0022400045,IND,DET,236,231.0,,,,,,,277,insufficient_training_data
baseline_lgbm_residual_v1,2024-11-30,2024_25,0022400300,CHA,ATL,211,227.16666666666666,,,,,,,287,insufficient_training_data
baseline_lgbm_residual_v1,2024-11-30,2024_25,0022400301,DET,PHI,207,217.16666666666666,,,,,,,287,insufficient_training_data
baseline_lgbm_residual_v1,2024-11-30,2024_25,0022400302,MIL,WAS,238,230.5,,,,,,,287,insufficient_training_data
baseline_lgbm_residual_v1,2024-11-30,2024_25,0022400303,PHX,GSW,218,231.66666666666666,,,,,,,287,insufficient_training_data
baseline_lgbm_residual_v1,2024-11-30,2024_25,0022400304,UTA,DAL,200,233.16666666666666,,,,,,,287,insufficient_training_data
baseline_lgbm_residual_v1,2024-12-01,2024_25,0022400309,TOR,MIA,235,222.0,,,,,,,292,insufficient_training_data
baseline_lgbm_residual_v1,2024-12-01,2024_25,0022400306,MEM,IND,257,242.0,,,,,,,292,insufficient_training_data
baseline_lgbm_residual_v1,2024-12-01,2024_25,0022400307,CLE,BOS,226,236.66666666666666,,,,,,,292,insufficient_training_data
baseline_lgbm_residual_v1,2024-12-01,2024_25,0022400308,NYK,NOP,203,226.16666666666666,,,,,,,292,insufficient_training_data
baseline_lgbm_residual_v1,2024-12-01,2024_25,0022400305,BKN,ORL,192,209.66666666666666,,,,,,,292,insufficient_training_data
baseline_lgbm_residual_v1,2024-12-01,2024_25,0022400310,HOU,OKC,235,219.5,,,,,,,292,insufficient_training_data
baseline_lgbm_residual_v1,2024-12-01,2024_25,0022400312,POR,DAL,268,228.33333333333334,,,,,,,292,insufficient_training_data
baseline_lgbm_residual_v1,2024-12-01,2024_25,0022400313,SAC,SAS,252,225.5,,,,,,,292,insufficient_training_data
baseline_lgbm_residual_v1,2024-12-01,2024_25,0022400314,LAC,DEN,248,223.16666666666666,,,,,,,292,insufficient_training_data
baseline_lgbm_residual_v1,2024-12-01,2024_25,0022400311,UTA,LAL,209,231.33333333333334,,,,,,,292,insufficient_training_data
baseline_lgbm_residual_v1,2024-12-02,2024_25,0022400315,ATL,NOP,236,227.66666666666666,,,,,,,302,insufficient_training_data
baseline_lgbm_residual_v1,2024-12-02,2024_25,0022400316,BOS,MIA,197,220.5,,,,,,,302,insufficient_training_data
baseline_lgbm_residual_v1,2024-12-02,2024_25,0022400317,CHI,BKN,230,233.5,,,,,,,302,insufficient_training_data
baseline_lgbm_residual_v1,2024-12-02,2024_25,0022400318,MIN,LAL,189,221.33333333333334,,,,,,,302,insufficient_training_data
baseline_lgbm_residual_v1,2024-12-03,2024_25,0022400055,OKC,UTA,239,222.5,,,,,,,306,insufficient_training_data
baseline_lgbm_residual_v1,2024-12-03,2024_25,0022400050,CHA,PHI,214,209.0,,,,,,,306,insufficient_training_data
baseline_lgbm_residual_v1,2024-12-03,2024_25,0022400052,DET,MIL,235,221.66666666666666,,,,,,,306,insufficient_training_data
baseline_lgbm_residual_v1,2024-12-03,2024_25,0022400053,NYK,ORL,227,216.0,,,,,,,306,insufficient_training_data
baseline_lgbm_residual_v1,2024-12-03,2024_25,0022400054,TOR,IND,233,238.66666666666666,,,,,,,306,insufficient_training_data
baseline_lgbm_residual_v1,2024-12-03,2024_25,0022400058,DEN,GSW,234,239.0,,,,,,,306,insufficient_training_data
baseline_lgbm_residual_v1,2024-12-03,2024_25,0022400056,DAL,MEM,237,241.66666666666666,,,,,,,306,insufficient_training_data
baseline_lgbm_residual_v1,2024-12-03,2024_25,0022400057,PHX,SAS,197,230.0,,,,,,,306,insufficient_training_data
baseline_lgbm_residual_v1,2024-12-03,2024_25,0022400060,LAC,POR,232,218.33333333333334,,,,,,,306,insufficient_training_data
baseline_lgbm_residual_v1,2024-12-03,2024_25,0022400059,SAC,HOU,231,225.16666666666666,,,,,,,306,insufficient_training_data
baseline_lgbm_residual_v1,2024-12-03,2024_25,0022400051,CLE,WAS,205,234.66666666666666,,,,,,,306,insufficient_training_data
baseline_lgbm_residual_v1,2024-12-04,2024_25,0022400321,MIA,LAL,227,217.33333333333334,,,,,,,317,insufficient_training_data
baseline_lgbm_residual_v1,2024-12-04,2024_25,0022400319,BOS,DET,250,221.0,,,,,,,317,insufficient_training_data
baseline_lgbm_residual_v1,2024-12-04,2024_25,0022400320,BKN,IND,189,226.66666666666666,,,,,,,317,insufficient_training_data
baseline_lgbm_residual_v1,2024-12-04,2024_25,0022400324,LAC,MIN,188,211.33333333333334,,,,,,,317,insufficient_training_data
baseline_lgbm_residual_v1,2024-12-04,2024_25,0022400323,MIL,ATL,223,236.16666666666666,,,,,,,317,insufficient_training_data
baseline_lgbm_residual_v1,2024-12-04,2024_25,0022400322,PHI,ORL,208,208.16666666666666,,,,,,,317,insufficient_training_data
baseline_lgbm_residual_v1,2024-12-05,2024_25,0022400331,SAS,CHI,263,236.5,,,,,,,323,insufficient_training_data
baseline_lgbm_residual_v1,2024-12-05,2024_25,0022400330,NOP,PHX,250,221.0,,,,,,,323,insufficient_training_data
baseline_lgbm_residual_v1,2024-12-05,2024_25,0022400329,MEM,SAC,225,242.5,,,,,,,323,insufficient_training_data
baseline_lgbm_residual_v1,2024-12-05,2024_25,0022400332,GSW,HOU,192,220.16666666666666,,,,,,,323,insufficient_training_data
baseline_lgbm_residual_v1,2024-12-05,2024_25,0022400327,NYK,CHA,226,217.16666666666666,,,,,,,323,insufficient_training_data
baseline_lgbm_residual_v1,2024-12-05,2024_25,0022400326,WAS,DAL,238,235.16666666666666,,,,,,,323,insufficient_training_data
baseline_lgbm_residual_v1,2024-12-05,2024_25,0022400325,CLE,DEN,240,237.5,,,,,,,323,insufficient_training_data
baseline_lgbm_residual_v1,2024-12-05,2024_25,0022400328,TOR,OKC,221,226.66666666666666,,,,,,,323,insufficient_training_data
baseline_lgbm_residual_v1,2024-12-06,2024_25,0022400339,POR,UTA,240,225.83333333333334,,,,,,,331,insufficient_training_data
baseline_lgbm_residual_v1,2024-12-06,2024_25,0022400338,GSW,MIN,197,220.16666666666666,,,,,,,331,insufficient_training_data
baseline_lgbm_residual_v1,2024-12-06,2024_25,0022400336,CHI,IND,255,247.66666666666666,,,,,,,331,insufficient_training_data
baseline_lgbm_residual_v1,2024-12-06,2024_25,0022400337,SAS,SAC,253,227.16666666666666,,,,,,,331,insufficient_training_data
baseline_lgbm_residual_v1,2024-12-06,2024_25,0022400334,ATL,LAL,266,231.33333333333334,,,,,,,331,insufficient_training_data
baseline_lgbm_residual_v1,2024-12-06,2024_25,0022400333,PHI,ORL,196,210.16666666666666,,,,,,,331,insufficient_training_data
baseline_lgbm_residual_v1,2024-12-06,2024_25,0022400335,BOS,MIL,216,229.33333333333334,,,,,,,331,insufficient_training_data
baseline_lgbm_residual_v1,2024-12-07,2024_25,0022400344,TOR,DAL,243,234.5,,,,,,,338,insufficient_training_data
baseline_lgbm_residual_v1,2024-12-07,2024_25,0022400345,BOS,MEM,248,237.16666666666666,,,,,,,338,insufficient_training_data
baseline_lgbm_residual_v1,2024-12-07,2024_25,0022400343,NYK,DET,231,225.66666666666666,,,,,,,338,insufficient_training_data
baseline_lgbm_residual_v1,2024-12-07,2024_25,0022400346,MIA,PHX,232,220.0,,,,,,,338,insufficient_training_data
baseline_lgbm_residual_v1,2024-12-07,2024_25,0022400341,WAS,DEN,235,231.16666666666666,,,,,,,338,insufficient_training_data
baseline_lgbm_residual_v1,2024-12-07,2024_25,0022400340,CHA,CLE,218,219.16666666666666,,,,,,,338,insufficient_training_data
baseline_lgbm_residual_v1,2024-12-07,2024_25,0022400342,NOP,OKC,228,224.16666666666666,,,,,,,338,insufficient_training_data
baseline_lgbm_residual_v1,2024-12-08,2024_25,0022400352,ORL,PHX,225,211.16666666666666,,,,,,,345,insufficient_training_data
baseline_lgbm_residual_v1,2024-12-08,2024_25,0022400348,BKN,MIL,231,218.66666666666666,,,,,,,345,insufficient_training_data
baseline_lgbm_residual_v1,2024-12-08,2024_25,0022400349,IND,CHA,222,221.16666666666666,,,,,,,345,insufficient_training_data
baseline_lgbm_residual_v1,2024-12-08,2024_25,0022400351,MIA,CLE,235,224.0,,,,,,,345,insufficient_training_data
baseline_lgbm_residual_v1,2024-12-08,2024_25,0022400350,ATL,DEN,252,241.16666666666666,,,,,,,345,insufficient_training_data
baseline_lgbm_residual_v1,2024-12-08,2024_25,0022400347,CHI,PHI,208,232.5,,,,,,,345,insufficient_training_data
baseline_lgbm_residual_v1,2024-12-08,2024_25,0022400354,SAS,NOP,237,225.83333333333334,,,,,,,345,insufficient_training_data
baseline_lgbm_residual_v1,2024-12-08,2024_25,0022400355,GSW,MIN,220,216.0,,,,,,,345,insufficient_training_data
baseline_lgbm_residual_v1,2024-12-08,2024_25,0022400356,LAC,HOU,223,215.5,,,,,,,345,insufficient_training_data
baseline_lgbm_residual_v1,2024-12-08,2024_25,0022400357,SAC,UTA,238,230.5,,,,,,,345,insufficient_training_data
baseline_lgbm_residual_v1,2024-12-08,2024_25,0022400358,LAL,POR,205,225.5,,,,,,,345,insufficient_training_data
baseline_lgbm_residual_v1,2024-12-08,2024_25,0022400353,WAS,MEM,252,242.0,,,,,,,345,insufficient_training_data
baseline_lgbm_residual_v1,2024-12-09,2024_25,0022400359,TOR,NYK,221,231.0,,,,,,,357,insufficient_training_data
baseline_lgbm_residual_v1,2024-12-10,2024_25,0022401203,OKC,DAL,222,231.33333333333334,,,,,,,358,insufficient_training_data
baseline_lgbm_residual_v1,2024-12-10,2024_25,0022401201,MIL,ORL,223,213.16666666666666,,,,,,,358,insufficient_training_data
baseline_lgbm_residual_v1,2024-12-11,2024_25,0022401204,HOU,GSW,181,222.16666666666666,,,,,,,360,insufficient_training_data
baseline_lgbm_residual_v1,2024-12-11,2024_25,0022401202,NYK,ATL,208,236.16666666666666,,,,,,,360,insufficient_training_data
baseline_lgbm_residual_v1,2024-12-12,2024_25,0022401207,NOP,SAC,220,231.66666666666666,,,,,,,362,insufficient_training_data
baseline_lgbm_residual_v1,2024-12-12,2024_25,0022401206,MIA,TOR,218,224.0,,,,,,,362,insufficient_training_data
baseline_lgbm_residual_v1,2024-12-12,2024_25,0022401205,BOS,DET,222,227.5,,,,,,,362,insufficient_training_data
baseline_lgbm_residual_v1,2024-12-13,2024_25,0022401213,DEN,LAC,218,228.33333333333334,,,,,,,365,insufficient_training_data
baseline_lgbm_residual_v1,2024-12-13,2024_25,0022401215,POR,SAS,234,224.66666666666666,,,,,,,365,insufficient_training_data
baseline_lgbm_residual_v1,2024-12-13,2024_25,0022401214,UTA,PHX,260,231.33333333333334,,,,,,,365,insufficient_training_data
baseline_lgbm_residual_v1,2024-12-13,2024_25,0022401212,CHI,CHA,204,231.16666666666666,,,,,,,365,insufficient_training_data
baseline_lgbm_residual_v1,2024-12-13,2024_25,0022401209,PHI,IND,228,225.66666666666666,,,,,,,365,insufficient_training_data
baseline_lgbm_residual_v1,2024-12-13,2024_25,0022401210,MIN,LAL,184,214.0,,,,,,,365,insufficient_training_data
baseline_lgbm_residual_v1,2024-12-13,2024_25,0022401211,MEM,BKN,254,230.5,,,,,,,365,insufficient_training_data
baseline_lgbm_residual_v1,2024-12-13,2024_25,0022401208,CLE,WAS,220,232.5,,,,,,,365,insufficient_training_data
baseline_lgbm_residual_v1,2024-12-15,2024_25,0022401228,GSW,DAL,276,229.83333333333334,,,,,,,373,insufficient_training_data
baseline_lgbm_residual_v1,2024-12-15,2024_25,0022401227,ORL,NYK,191,215.33333333333334,,,,,,,373,insufficient_training_data
baseline_lgbm_residual_v1,2024-12-15,2024_25,0022401219,PHX,POR,225,229.0,,,,,,,373,insufficient_training_data
baseline_lgbm_residual_v1,2024-12-15,2024_25,0022401220,LAL,MEM,226,232.5,,,,,,,373,insufficient_training_data
baseline_lgbm_residual_v1,2024-12-15,2024_25,0022401217,WAS,BOS,210,229.83333333333334,,,,,,,373,insufficient_training_data
baseline_lgbm_residual_v1,2024-12-15,2024_25,0022401216,IND,NOP,223,228.5,,,,,,,373,insufficient_training_data
baseline_lgbm_residual_v1,2024-12-15,2024_25,0022401218,SAS,MIN,198,214.5,,,,,,,373,insufficient_training_data
baseline_lgbm_residual_v1,2024-12-16,2024_25,0022401226,LAC,UTA,251,224.16666666666666,,,,,,,380,insufficient_training_data
baseline_lgbm_residual_v1,2024-12-16,2024_25,0022401225,SAC,DEN,259,238.33333333333334,,,,,,,380,insufficient_training_data
baseline_lgbm_residual_v1,2024-12-16,2024_25,0022401224,BKN,CLE,231,218.66666666666666,,,,,,,380,insufficient_training_data
baseline_lgbm_residual_v1,2024-12-16,2024_25,0022401221,DET,MIA,249,218.33333333333334,,,,,,,380,insufficient_training_data
baseline_lgbm_residual_v1,2024-12-16,2024_25,0022401222,CHA,PHI,229,214.5,,,,,,,380,insufficient_training_data
baseline_lgbm_residual_v1,2024-12-16,2024_25,0022401223,TOR,CHI,243,238.5,,,,,,,380,insufficient_training_data
baseline_lgbm_residual_v1,2024-12-19,2024_25,0022400364,TOR,BKN,195,218.16666666666666,,,,,,,386,insufficient_training_data
baseline_lgbm_residual_v1,2024-12-19,2024_25,0022400366,MEM,GSW,237,235.66666666666666,,,,,,,386,insufficient_training_data
baseline_lgbm_residual_v1,2024-12-19,2024_25,0022400360,DET,UTA,245,227.83333333333334,,,,,,,386,insufficient_training_data
baseline_lgbm_residual_v1,2024-12-19,2024_25,0022400362,WAS,CHA,237,223.5,,,,,,,386,insufficient_training_data
baseline_lgbm_residual_v1,2024-12-19,2024_25,0022400363,BOS,CHI,225,242.33333333333334,,,,,,,386,insufficient_training_data
baseline_lgbm_residual_v1,2024-12-19,2024_25,0022400365,HOU,NOP,246,217.16666666666666,,,,,,,386,insufficient_training_data
baseline_lgbm_residual_v1,2024-12-19,2024_25,0022400372,SAC,LAL,213,229.0,,,,,,,386,insufficient_training_data
baseline_lgbm_residual_v1,2024-12-19,2024_25,0022400367,MIN,NYK,240,214.33333333333334,,,,,,,386,insufficient_training_data
baseline_lgbm_residual_v1,2024-12-19,2024_25,0022400369,PHX,IND,231,234.5,,,,,,,386,insufficient_training_data
baseline_lgbm_residual_v1,2024-12-19,2024_25,0022400370,SAS,ATL,259,233.5,,,,,,,386,insufficient_training_data
baseline_lgbm_residual_v1,2024-12-19,2024_25,0022400371,POR,DEN,250,235.5,,,,,,,386,insufficient_training_data
baseline_lgbm_residual_v1,2024-12-19,2024_25,0022400368,DAL,LAC,213,223.66666666666666,,,,,,,386,insufficient_training_data
baseline_lgbm_residual_v1,2024-12-19,2024_25,0022400361,ORL,OKC,204,210.5,,,,,,,386,insufficient_training_data
baseline_lgbm_residual_v1,2024-12-20,2024_25,0022400373,PHI,CHA,206,217.83333333333334,,,,,,,399,insufficient_training_data
baseline_lgbm_residual_v1,2024-12-20,2024_25,0022400374,CLE,MIL,225,223.66666666666666,,,,,,,399,insufficient_training_data
baseline_lgbm_residual_v1,2024-12-20,2024_25,0022400375,MIA,OKC,201,214.83333333333334,,,,,,,399,insufficient_training_data
baseline_lgbm_residual_v1,2024-12-21,2024_25,0022400379,BKN,UTA,199,221.5,,,,,,,402,insufficient_training_data
baseline_lgbm_residual_v1,2024-12-21,2024_25,0022400376,SAC,LAL,202,228.0,,,,,,,402,insufficient_training_data
baseline_lgbm_residual_v1,2024-12-21,2024_25,0022400387,PHX,DET,258,225.83333333333334,,,,,,,402,insufficient_training_data
baseline_lgbm_residual_v1,2024-12-21,2024_25,0022400378,ATL,MEM,240,241.5,,,,,,,402,insufficient_training_data
baseline_lgbm_residual_v1,2024-12-21,2024_25,0022400380,CLE,PHI,225,221.33333333333334,,,,,,,402,insufficient_training_data
baseline_lgbm_residual_v1,2024-12-21,2024_25,0022400381,CHI,BOS,221,243.0,,,,,,,402,insufficient_training_data
baseline_lgbm_residual_v1,2024-12-21,2024_25,0022400382,MIL,WAS,213,224.5,,,,,,,402,insufficient_training_data
baseline_lgbm_residual_v1,2024-12-21,2024_25,0022400386,SAS,POR,208,227.5,,,,,,,402,insufficient_training_data
baseline_lgbm_residual_v1,2024-12-21,2024_25,0022400385,DAL,LAC,210,221.33333333333334,,,,,,,402,insufficient_training_data
baseline_lgbm_residual_v1,2024-12-21,2024_25,0022400377,ORL,MIA,235,208.5,,,,,,,402,insufficient_training_data
baseline_lgbm_residual_v1,2024-12-21,2024_25,0022400383,MIN,GSW,216,213.33333333333334,,,,,,,402,insufficient_training_data
baseline_lgbm_residual_v1,2024-12-21,2024_25,0022400384,NOP,NYK,197,226.33333333333334,,,,,,,402,insufficient_training_data
baseline_lgbm_residual_v1,2024-12-22,2024_25,0022400389,SAC,IND,217,235.83333333333334,,,,,,,414,insufficient_training_data
baseline_lgbm_residual_v1,2024-12-22,2024_25,0022400390,NOP,DEN,261,232.0,,,,,,,414,insufficient_training_data
baseline_lgbm_residual_v1,2024-12-22,2024_25,0022400388,TOR,HOU,224,223.0,,,,,,,414,insufficient_training_data
baseline_lgbm_residual_v1,2024-12-23,2024_25,0022400397,NYK,TOR,264,227.16666666666666,,,,,,,417,insufficient_training_data
baseline_lgbm_residual_v1,2024-12-23,2024_25,0022400391,CHA,HOU,215,218.5,,,,,,,417,insufficient_training_data
baseline_lgbm_residual_v1,2024-12-23,2024_25,0022400392,CLE,UTA,237,232.33333333333334,,,,,,,417,insufficient_training_data
baseline_lgbm_residual_v1,2024-12-23,2024_25,0022400393,ORL,BOS,212,215.0,,,,,,,417,insufficient_training_data
baseline_lgbm_residual_v1,2024-12-23,2024_25,0022400394,PHI,SAS,217,217.0,,,,,,,417,insufficient_training_data
baseline_lgbm_residual_v1,2024-12-23,2024_25,0022400395,ATL,MIN,221,222.16666666666666,,,,,,,417,insufficient_training_data
baseline_lgbm_residual_v1,2024-12-23,2024_25,0022400396,MIA,BKN,205,214.5,,,,,,,417,insufficient_training_data
baseline_lgbm_residual_v1,2024-12-23,2024_25,0022400398,CHI,MIL,203,233.33333333333334,,,,,,,417,insufficient_training_data
baseline_lgbm_residual_v1,2024-12-23,2024_25,0022400399,MEM,LAC,224,230.5,,,,,,,417,insufficient_training_data
baseline_lgbm_residual_v1,2024-12-23,2024_25,0022400403,GSW,IND,216,231.0,,,,,,,417,insufficient_training_data
baseline_lgbm_residual_v1,2024-12-23,2024_25,0022400404,LAL,DET,231,223.83333333333334,,,,,,,417,insufficient_training_data
baseline_lgbm_residual_v1,2024-12-23,2024_25,0022400401,DAL,POR,240,228.66666666666666,,,,,,,417,insufficient_training_data
baseline_lgbm_residual_v1,2024-12-23,2024_25,0022400400,OKC,WAS,228,222.33333333333334,,,,,,,417,insufficient_training_data
baseline_lgbm_residual_v1,2024-12-23,2024_25,0022400402,DEN,PHX,207,232.5,,,,,,,417,insufficient_training_data
baseline_lgbm_residual_v1,2024-12-25,2024_25,0022400407,BOS,PHI,232,221.5,,,,,,,431,insufficient_training_data
baseline_lgbm_residual_v1,2024-12-25,2024_25,0022400408,GSW,LAL,228,222.33333333333334,,,,,,,431,insufficient_training_data
baseline_lgbm_residual_v1,2024-12-25,2024_25,0022400405,NYK,SAS,231,223.5,,,,,,,431,insufficient_training_data
baseline_lgbm_residual_v1,2024-12-25,2024_25,0022400409,PHX,DEN,210,232.5,,,,,,,431,insufficient_training_data
baseline_lgbm_residual_v1,2024-12-25,2024_25,0022400406,DAL,MIN,204,221.33333333333334,,,,,,,431,insufficient_training_data
baseline_lgbm_residual_v1,2024-12-26,2024_25,0022400416,NOP,HOU,239,220.5,,,,,,,436,insufficient_training_data
baseline_lgbm_residual_v1,2024-12-26,2024_25,0022400418,SAC,DET,227,227.33333333333334,,,,,,,436,insufficient_training_data
baseline_lgbm_residual_v1,2024-12-26,2024_25,0022400417,POR,UTA,242,228.5,,,,,,,436,insufficient_training_data
baseline_lgbm_residual_v1,2024-12-26,2024_25,0022400415,MIL,BKN,216,213.16666666666666,,,,,,,436,insufficient_training_data
baseline_lgbm_residual_v1,2024-12-26,2024_25,0022400412,WAS,CHA,223,227.16666666666666,,,,,,,436,insufficient_training_data
baseline_lgbm_residual_v1,2024-12-26,2024_25,0022400413,ATL,CHI,274,242.83333333333334,,,,,,,436,insufficient_training_data
baseline_lgbm_residual_v1,2024-12-26,2024_25,0022400411,ORL,MIA,177,208.33333333333334,,,,,,,436,insufficient_training_data
baseline_lgbm_residual_v1,2024-12-26,2024_25,0022400410,IND,OKC,234,226.83333333333334,,,,,,,436,insufficient_training_data
baseline_lgbm_residual_v1,2024-12-26,2024_25,0022400414,MEM,TOR,281,238.5,,,,,,,436,insufficient_training_data
baseline_lgbm_residual_v1,2024-12-27,2024_25,0022400422,HOU,MIN,225,213.33333333333334,,,,,,,445,insufficient_training_data
baseline_lgbm_residual_v1,2024-12-27,2024_25,0022400419,ORL,NYK,193,212.0,,,,,,,445,insufficient_training_data
baseline_lgbm_residual_v1,2024-12-27,2024_25,0022400420,BOS,IND,247,232.5,,,,,,,445,insufficient_training_data
baseline_lgbm_residual_v1,2024-12-27,2024_25,0022400421,BKN,SAS,183,214.33333333333334,,,,,,,445,insufficient_training_data
baseline_lgbm_residual_v1,2024-12-27,2024_25,0022400425,PHX,DAL,187,225.33333333333334,,,,,,,445,insufficient_training_data
baseline_lgbm_residual_v1,2024-12-27,2024_25,0022400423,NOP,MEM,256,239.0,,,,,,,445,insufficient_training_data
baseline_lgbm_residual_v1,2024-12-27,2024_25,0022400424,DEN,CLE,284,236.5,,,,,,,445,insufficient_training_data
baseline_lgbm_residual_v1,2024-12-27,2024_25,0022400426,LAC,GSW,194,214.0,,,,,,,445,insufficient_training_data
baseline_lgbm_residual_v1,2024-12-28,2024_25,0022400432,DEN,DET,255,230.83333333333334,,,,,,,453,insufficient_training_data
baseline_lgbm_residual_v1,2024-12-28,2024_25,0022400434,POR,DAL,248,224.0,,,,,,,453,insufficient_training_data
baseline_lgbm_residual_v1,2024-12-28,2024_25,0022400433,UTA,PHI,225,222.66666666666666,,,,,,,453,insufficient_training_data
baseline_lgbm_residual_v1,2024-12-28,2024_25,0022400431,GSW,PHX,214,219.33333333333334,,,,,,,453,insufficient_training_data
baseline_lgbm_residual_v1,2024-12-28,2024_25,0022400435,LAL,SAC,254,223.0,,,,,,,453,insufficient_training_data
baseline_lgbm_residual_v1,2024-12-28,2024_25,0022400429,WAS,NYK,268,228.0,,,,,,,453,insufficient_training_data
baseline_lgbm_residual_v1,2024-12-28,2024_25,0022400428,CHA,OKC,200,219.0,,,,,,,453,insufficient_training_data
baseline_lgbm_residual_v1,2024-12-28,2024_25,0022400427,ATL,MIA,230,225.33333333333334,,,,,,,453,insufficient_training_data
baseline_lgbm_residual_v1,2024-12-28,2024_25,0022400430,CHI,MIL,227,229.5,,,,,,,453,insufficient_training_data
baseline_lgbm_residual_v1,2024-12-29,2024_25,0022400441,MIN,SAS,222,214.33333333333334,,,,,,,462,insufficient_training_data
baseline_lgbm_residual_v1,2024-12-29,2024_25,0022400439,HOU,MIA,204,216.5,,,,,,,462,insufficient_training_data
baseline_lgbm_residual_v1,2024-12-29,2024_25,0022400440,OKC,MEM,236,230.0,,,,,,,462,insufficient_training_data
baseline_lgbm_residual_v1,2024-12-29,2024_25,0022400437,BOS,IND,237,233.66666666666666,,,,,,,462,insufficient_training_data
baseline_lgbm_residual_v1,2024-12-29,2024_25,0022400436,ORL,BKN,203,204.5,,,,,,,462,insufficient_training_data
baseline_lgbm_residual_v1,2024-12-29,2024_25,0022400438,TOR,ATL,243,237.33333333333334,,,,,,,462,insufficient_training_data
baseline_lgbm_residual_v1,2024-12-30,2024_25,0022400448,SAC,DAL,210,230.0,,,,,,,468,insufficient_training_data
baseline_lgbm_residual_v1,2024-12-30,2024_25,0022400447,POR,PHI,228,222.33333333333334,,,,,,,468,insufficient_training_data
baseline_lgbm_residual_v1,2024-12-30,2024_25,0022400446,GSW,CLE,208,231.16666666666666,,,,,,,468,insufficient_training_data
baseline_lgbm_residual_v1,2024-12-30,2024_25,0022400445,UTA,DEN,253,240.0,,,,,,,468,insufficient_training_data
baseline_lgbm_residual_v1,2024-12-30,2024_25,0022400444,NOP,LAC,229,220.83333333333334,,,,,,,468,insufficient_training_data
baseline_lgbm_residual_v1,2024-12-30,2024_25,0022400443,WAS,NYK,232,230.16666666666666,,,,,,,468,insufficient_training_data
baseline_lgbm_residual_v1,2024-12-30,2024_25,0022400442,CHA,CHI,223,226.33333333333334,,,,,,,468,insufficient_training_data
baseline_lgbm_residual_v1,2024-12-31,2024_25,0022400454,LAL,CLE,232,229.0,,,,,,,475,insufficient_training_data
baseline_lgbm_residual_v1,2024-12-31,2024_25,0022400453,PHX,MEM,229,235.5,,,,,,,475,insufficient_training_data
baseline_lgbm_residual_v1,2024-12-31,2024_25,0022400452,OKC,MIN,218,216.16666666666666,,,,,,,475,insufficient_training_data
baseline_lgbm_residual_v1,2024-12-31,2024_25,0022400450,IND,MIL,232,230.16666666666666,,,,,,,475,insufficient_training_data
baseline_lgbm_residual_v1,2024-12-31,2024_25,0022400449,BOS,TOR,196,233.16666666666666,,,,,,,475,insufficient_training_data
baseline_lgbm_residual_v1,2024-12-31,2024_25,0022400451,SAS,LAC,208,217.16666666666666,,,,,,,475,insufficient_training_data
baseline_lgbm_residual_v1,2025-01-01,2024_25,0022400462,SAC,PHI,220,223.5,,,,,,,481,insufficient_training_data
baseline_lgbm_residual_v1,2025-01-01,2024_25,0022400461,DEN,ATL,259,246.33333333333334,,,,,,,481,insufficient_training_data
baseline_lgbm_residual_v1,2025-01-01,2024_25,0022400460,HOU,DAL,209,221.5,,,,,,,481,insufficient_training_data
baseline_lgbm_residual_v1,2025-01-01,2024_25,0022400459,TOR,BKN,243,221.5,,,,,,,481,insufficient_training_data
baseline_lgbm_residual_v1,2025-01-01,2024_25,0022400456,WAS,CHI,232,237.16666666666666,,,,,,,481,insufficient_training_data
baseline_lgbm_residual_v1,2025-01-01,2024_25,0022400457,MIA,NOP,227,222.16666666666666,,,,,,,481,insufficient_training_data
baseline_lgbm_residual_v1,2025-01-01,2024_25,0022400455,DET,ORL,201,211.5,,,,,,,481,insufficient_training_data
baseline_lgbm_residual_v1,2025-01-01,2024_25,0022400458,NYK,UTA,222,231.16666666666666,,,,,,,481,insufficient_training_data
baseline_lgbm_residual_v1,2025-01-02,2024_25,0022400467,GSW,PHI,244,217.66666666666666,,,,,,,489,insufficient_training_data
baseline_lgbm_residual_v1,2025-01-02,2024_25,0022400468,LAL,POR,220,225.0,,,,,,,489,insufficient_training_data
baseline_lgbm_residual_v1,2025-01-02,2024_25,0022400466,OKC,LAC,214,219.33333333333334,,,,,,,489,insufficient_training_data
baseline_lgbm_residual_v1,2025-01-02,2024_25,0022400463,MIA,IND,243,224.33333333333334,,,,,,,489,insufficient_training_data
baseline_lgbm_residual_v1,2025-01-02,2024_25,0022400464,MIN,BOS,233,219.5,,,,,,,489,insufficient_training_data
baseline_lgbm_residual_v1,2025-01-02,2024_25,0022400465,MIL,BKN,223,219.0,,,,,,,489,insufficient_training_data
baseline_lgbm_residual_v1,2025-01-03,2024_25,0022400477,LAL,ATL,221,231.33333333333334,,,,,,,495,insufficient_training_data
baseline_lgbm_residual_v1,2025-01-03,2024_25,0022400476,SAC,MEM,271,238.5,,,,,,,495,insufficient_training_data
baseline_lgbm_residual_v1,2025-01-03,2024_25,0022400475,DEN,SAS,223,236.5,,,,,,,495,insufficient_training_data
baseline_lgbm_residual_v1,2025-01-03,2024_25,0022400474,DAL,CLE,256,230.5,,,,,,,495,insufficient_training_data
baseline_lgbm_residual_v1,2025-01-03,2024_25,0022400470,TOR,ORL,203,216.33333333333334,,,,,,,495,insufficient_training_data
baseline_lgbm_residual_v1,2025-01-03,2024_25,0022400472,NOP,WAS,252,232.66666666666666,,,,,,,495,insufficient_training_data
baseline_lgbm_residual_v1,2025-01-03,2024_25,0022400471,HOU,BOS,195,220.66666666666666,,,,,,,495,insufficient_training_data
baseline_lgbm_residual_v1,2025-01-03,2024_25,0022400469,DET,CHA,192,216.5,,,,,,,495,insufficient_training_data
baseline_lgbm_residual_v1,2025-01-03,2024_25,0022400473,OKC,NYK,224,221.66666666666666,,,,,,,495,insufficient_training_data
baseline_lgbm_residual_v1,2025-01-04,2024_25,0022400480,IND,PHX,234,233.5,0.34689901931071276,233.8468990193107,0.34689901931071176,0.15310098068928724,0.15310098068928824,0.02343991028802181,504,
baseline_lgbm_residual_v1,2025-01-04,2024_25,0022400482,CHI,NYK,265,234.83333333333334,1.611238676400434,236.44457200973378,1.6112386764004327,28.555427990266224,28.555427990266224,815.4124677072798,504,
baseline_lgbm_residual_v1,2025-01-04,2024_25,0022400478,BKN,PHI,217,214.33333333333334,0.42225200950947295,214.7555853428428,0.42225200950946373,2.244414657157184,2.2444146571571935,5.0373971532620425,504,
baseline_lgbm_residual_v1,2025-01-04,2024_25,0022400481,MIA,UTA,236,223.5,-5.423020344863835,218.07697965513617,-5.423020344863829,17.923020344863836,17.92302034486383,321.23465828240273,504,
baseline_lgbm_residual_v1,2025-01-04,2024_25,0022400485,GSW,MEM,234,234.16666666666666,2.150806537759186,236.31747320442585,2.1508065377591947,-2.317473204425843,2.317473204425852,5.3706820532318265,504,
baseline_lgbm_residual_v1,2025-01-04,2024_25,0022400483,MIL,POR,207,227.33333333333334,-2.1740312107645137,225.15930212256882,-2.174031210764525,-18.15930212256883,18.159302122568818,329.7602535787324,504,
baseline_lgbm_residual_v1,2025-01-04,2024_25,0022400486,LAC,ATL,236,227.83333333333334,4.017220315240204,231.85055364857354,4.017220315240195,4.1494463514264535,4.149446351426462,17.21790502336638,504,
baseline_lgbm_residual_v1,2025-01-04,2024_25,0022400479,DET,MIN,224,217.66666666666666,3.3610605790486225,221.02772724571528,3.361060579048626,2.9722727542847203,2.9722727542847167,8.834405325863257,504,
baseline_lgbm_residual_v1,2025-01-04,2024_25,0022400484,SAS,DEN,233,237.0,1.4501565124771023,238.4501565124771,1.4501565124770934,-5.450156512477102,5.450156512477093,29.704206010496474,504,
baseline_lgbm_residual_v1,2025-01-05,2024_25,0022400492,GSW,SAC,228,225.33333333333334,-0.20756361791091477,225.12576971542242,-0.20756361791092104,2.874230284577572,2.8742302845775782,8.261199728782906,513,
baseline_lgbm_residual_v1,2025-01-05,2024_25,0022400490,ORL,UTA,197,212.16666666666666,2.1742177995179937,214.34088446618466,2.1742177995180043,-17.34088446618465,17.34088446618466,300.7062740695645,513,
baseline_lgbm_residual_v1,2025-01-05,2024_25,0022400491,HOU,LAL,234,218.33333333333334,-2.5132364981351323,215.8200968351982,-2.513236498135143,18.17990316480179,18.1799031648018,330.5088790815705,513,
baseline_lgbm_residual_v1,2025-01-05,2024_25,0022400489,WAS,NOP,208,235.16666666666666,0.9952905070477313,236.1619571737144,0.9952905070477414,-28.161957173714388,28.1619571737144,793.0958318541238,513,
baseline_lgbm_residual_v1,2025-01-05,2024_25,0022400487,OKC,BOS,197,221.5,1.8006884240467895,223.3006884240468,1.8006884240467969,-26.30068842404679,26.300688424046797,691.7262115787892,513,
baseline_lgbm_residual_v1,2025-01-05,2024_25,0022400488,CLE,CHA,220,223.0,-5.337066801168616,217.66293319883138,-5.337066801168618,2.337066801168616,2.3370668011686178,5.461881233124515,513,
baseline_lgbm_residual_v1,2025-01-06,2024_25,0022400498,CHI,SAS,224,236.5,2.247783916172205,238.7477839161722,2.24778391617221,-14.747783916172205,14.74778391617221,217.49713043810775,519,
baseline_lgbm_residual_v1,2025-01-06,2024_25,0022400496,NYK,ORL,197,210.0,-0.9197284359010688,209.08027156409892,-0.919728435901078,-12.08027156409893,12.080271564098922,145.93296106237702,519,
baseline_lgbm_residual_v1,2025-01-06,2024_25,0022400493,DET,POR,233,225.5,1.7395692337339466,227.23956923373396,1.7395692337339597,5.760430766266054,5.76043076626604,33.18256261294436,519,
baseline_lgbm_residual_v1,2025-01-06,2024_25,0022400494,PHI,PHX,208,223.33333333333334,3.336248897760081,226.66958223109341,3.336248897760072,-18.669582231093422,18.669582231093415,348.553300683559,519,
baseline_lgbm_residual_v1,2025-01-06,2024_25,0022400495,BKN,IND,212,222.83333333333334,-6.862451546340488,215.97088178699286,-6.8624515463404805,-3.970881786992855,3.9708817869928623,15.767902166271627,519,
baseline_lgbm_residual_v1,2025-01-06,2024_25,0022400500,MIN,LAC,214,214.5,4.048203039867595,218.5482030398676,4.0482030398675874,-4.548203039867595,4.5482030398675874,20.686150891860763,519,
baseline_lgbm_residual_v1,2025-01-06,2024_25,0022400497,TOR,MIL,232,230.5,1.8961133403574564,232.39611334035746,1.8961133403574593,-0.3961133403574564,0.39611334035745926,0.15690577840914435,519,
baseline_lgbm_residual_v1,2025-01-06,2024_25,0022400499,MEM,DAL,223,232.33333333333334,4.570631231195987,236.90396456452933,4.570631231195989,-13.90396456452933,13.903964564529332,193.32023061168732,519,
baseline_lgbm_residual_v1,2025-01-06,2024_25,0022400501,SAC,MIA,241,224.16666666666666,-1.4925203354194987,222.67414633124716,-1.4925203354194991,18.325853668752842,18.325853668752842,335.836912688542,519,
baseline_lgbm_residual_v1,2025-01-07,2024_25,0022400506,UTA,ATL,245,235.83333333333334,1.3617817117356295,237.19511504506897,1.361781711735631,7.804884954931028,7.804884954931026,60.916229159708685,528,
baseline_lgbm_residual_v1,2025-01-07,2024_25,0022400507,DEN,BOS,224,235.5,3.057632575929093,238.5576325759291,3.057632575929091,-14.557632575929093,14.557632575929091,211.92466621575187,528,
baseline_lgbm_residual_v1,2025-01-07,2024_25,0022400508,GSW,MIA,212,218.5,2.7400960097667433,221.24009600976675,2.740096009766745,-9.240096009766743,9.240096009766745,85.37937426970733,528,
baseline_lgbm_residual_v1,2025-01-07,2024_25,0022400504,DAL,LAL,215,219.5,1.9488118536455057,221.4488118536455,1.948811853645509,-6.4488118536455055,6.448811853645509,41.58717432371883,528,
baseline_lgbm_residual_v1,2025-01-07,2024_25,0022400503,WAS,HOU,247,225.33333333333334,5.323444805771881,230.65677813910523,5.323444805771885,16.343221860894776,16.343221860894772,267.10090079442875,528,
baseline_lgbm_residual_v1,2025-01-07,2024_25,0022400502,CHA,PHX,219,222.16666666666666,2.436501121456825,224.60316778812347,2.436501121456814,-5.603167788123482,5.603167788123471,31.395489261864476,528,
baseline_lgbm_residual_v1,2025-01-07,2024_25,0022400505,NOP,MIN,201,220.83333333333334,5.113884543812763,225.9472178771461,5.113884543812759,-24.947217877146105,24.9472178771461,622.3636798097981,528,
baseline_lgbm_residual_v1,2025-01-08,2024_25,0022400509,CLE,OKC,251,227.83333333333334,-1.8696241057461866,225.96370922758715,-1.8696241057461975,25.036290772412844,25.036290772412855,626.815855640805,535,
baseline_lgbm_residual_v1,2025-01-08,2024_25,0022400510,IND,CHI,242,241.0,-0.881671691368062,240.11832830863193,-0.8816716913680693,1.881671691368062,1.8816716913680693,3.5406883540959706,535,
baseline_lgbm_residual_v1,2025-01-08,2024_25,0022400511,NYK,TOR,210,231.33333333333334,-7.321394175353455,224.0119391579799,-7.321394175353447,-14.011939157979889,14.011939157979896,196.33443896693035,535,
baseline_lgbm_residual_v1,2025-01-08,2024_25,0022400512,PHI,WAS,212,221.5,-3.0677552689606005,218.4322447310394,-3.0677552689606102,-6.4322447310393995,6.43224473103939,41.37377227998399,535,
baseline_lgbm_residual_v1,2025-01-08,2024_25,0022400513,BKN,DET,211,213.5,-1.0639943187702539,212.43600568122974,-1.0639943187702556,-1.4360056812297461,1.4360056812297444,2.062112316524102,535,
baseline_lgbm_residual_v1,2025-01-08,2024_25,0022400515,DEN,LAC,229,227.5,-0.5819679412402676,226.91803205875974,-0.581967941240265,2.0819679412402676,2.081967941240265,4.334590508352227,535,
baseline_lgbm_residual_v1,2025-01-08,2024_25,0022400514,NOP,POR,219,226.5,-0.05013953539503245,226.44986046460497,-0.05013953539503291,-7.449860464604968,7.449860464604967,55.50042094208413,535,
baseline_lgbm_residual_v1,2025-01-08,2024_25,0022400516,MIL,SAS,226,222.33333333333334,0.07669852606208022,222.41003185939542,0.07669852606207428,3.589968140604577,3.589968140604583,12.887871250555927,535,
baseline_lgbm_residual_v1,2025-01-09,2024_25,0022400517,CLE,TOR,258,234.66666666666666,-6.886924041005111,227.77974262566156,-6.886924041005102,30.220257374338452,30.220257374338445,913.2639557712572,543,
baseline_lgbm_residual_v1,2025-01-09,2024_25,0022400518,DET,GSW,211,219.33333333333334,4.255616483126727,223.58894981646006,4.255616483126715,-12.588949816460069,12.588949816460058,158.48165748134974,543,
baseline_lgbm_residual_v1,2025-01-09,2024_25,0022400519,ORL,MIN,193,204.0,-2.0159051474179273,201.98409485258207,-2.015905147417925,-8.984094852582073,8.984094852582075,80.71396032019173,543,
baseline_lgbm_residual_v1,2025-01-09,2024_25,0022400520,MEM,HOU,234,233.5,3.8623792828731602,237.36237928287315,3.8623792828731496,-3.3623792828731602,3.3623792828731496,11.305594441894556,543,
baseline_lgbm_residual_v1,2025-01-09,2024_25,0022400521,DAL,POR,228,219.66666666666666,-0.011654199396601533,219.65501246727007,-0.011654199396588183,8.344987532729945,8.344987532729931,69.63881692141798,543,
baseline_lgbm_residual_v1,2025-01-09,2024_25,0022400522,PHX,ATL,238,238.33333333333334,-3.1657977397831245,235.1675355935502,-3.1657977397831303,2.8324644064497817,2.8324644064497875,8.022854613804947,543,
baseline_lgbm_residual_v1,2025-01-09,2024_25,0022400523,UTA,MIA,189,223.0,-0.23692858069986683,222.76307141930013,-0.23692858069986755,-33.76307141930013,33.76307141930013,1139.9449916647616,543,
baseline_lgbm_residual_v1,2025-01-10,2024_25,0022400528,BOS,SAC,211,229.66666666666666,-0.412200533126617,229.25446613354003,-0.4122005331266223,-18.254466133540042,18.254466133540035,333.2255338205601,550,
baseline_lgbm_residual_v1,2025-01-10,2024_25,0022400525,IND,GSW,204,223.83333333333334,0.8433983094888314,224.67673164282218,0.8433983094888333,-20.676731642822173,20.676731642822176,427.52723142928386,550,
baseline_lgbm_residual_v1,2025-01-10,2024_25,0022400527,PHI,NOP,238,220.33333333333334,-0.8847280763466345,219.4486052569867,-0.8847280763466472,18.55139474301329,18.551394743013304,344.15424691110167,550,
baseline_lgbm_residual_v1,2025-01-10,2024_25,0022400530,CHI,WAS,243,241.5,-2.747313651345813,238.75268634865418,-2.74731365134582,4.247313651345813,4.24731365134582,18.039673252908564,550,
baseline_lgbm_residual_v1,2025-01-10,2024_25,0022400529,NYK,OKC,227,225.0,4.862906959625035,229.86290695962504,4.862906959625036,-2.862906959625035,2.862906959625036,8.196236259469467,550,
baseline_lgbm_residual_v1,2025-01-10,2024_25,0022400531,DEN,BKN,229,220.5,-5.007192318121743,215.49280768187825,-5.007192318121753,13.507192318121742,13.507192318121753,182.4442443187273,550,
baseline_lgbm_residual_v1,2025-01-10,2024_25,0022400526,ORL,MIL,215,209.33333333333334,4.852767707202548,214.1861010405359,4.85276770720256,0.8138989594641091,0.8138989594640975,0.6624315162167407,550,
baseline_lgbm_residual_v1,2025-01-11,2024_25,0022400533,PHX,UTA,220,228.5,-1.1379392389603824,227.36206076103963,-1.1379392389603709,-7.362060761039618,7.362060761039629,54.19993864923941,557,
baseline_lgbm_residual_v1,2025-01-11,2024_25,0022400534,DET,TOR,237,230.33333333333334,3.9183009652121226,234.25163429854547,3.9183009652121257,2.7483657014545346,2.7483657014545315,7.553514028931659,557,
baseline_lgbm_residual_v1,2025-01-11,2024_25,0022400535,MIN,MEM,252,230.0,3.211018324278806,233.2110183242788,3.211018324278797,18.788981675721192,18.788981675721203,353.02583241058716,557,
baseline_lgbm_residual_v1,2025-01-11,2024_25,0022400536,POR,MIA,217,218.83333333333334,-0.509761391723112,218.32357194161023,-0.5097613917231172,-1.323571941610231,1.3235719416102256,1.7518426846178625,557,
baseline_lgbm_residual_v1,2025-01-12,2024_25,0022400543,CLE,IND,201,238.66666666666666,-3.0901798176502155,235.57648684901645,-3.0901798176502098,-34.57648684901644,34.57648684901645,1195.5334428202073,561,
baseline_lgbm_residual_v1,2025-01-12,2024_25,0022400539,NYK,MIL,246,227.33333333333334,3.2854463394169255,230.61877967275026,3.2854463394169215,15.381220327249732,15.381220327249736,236.58193875540047,561,
baseline_lgbm_residual_v1,2025-01-12,2024_25,0022400540,DAL,DEN,213,229.0,2.1415326962018177,231.1415326962018,2.141532696201807,-18.141532696201818,18.141532696201807,329.1152085673592,561,
baseline_lgbm_residual_v1,2025-01-12,2024_25,0022400541,CHI,SAC,243,237.83333333333334,-1.3532831413319695,236.48005019200139,-1.353283141331957,6.519949807998627,6.519949807998614,42.50974549882117,561,
baseline_lgbm_residual_v1,2025-01-12,2024_25,0022400542,BOS,NOP,239,227.0,1.1454292174526541,228.14542921745266,1.1454292174526586,10.854570782547345,10.854570782547341,117.8217068733304,561,
baseline_lgbm_residual_v1,2025-01-12,2024_25,0022400546,UTA,BKN,223,215.5,-0.0936343442053555,215.40636565579464,-0.09363434420535555,7.5936343442053555,7.5936343442053555,57.6632825534951,561,
baseline_lgbm_residual_v1,2025-01-12,2024_25,0022400547,PHX,CHA,233,224.0,-4.8499800741481875,219.1500199258518,-4.849980074148192,13.849980074148188,13.849980074148192,191.82194805430197,561,
baseline_lgbm_residual_v1,2025-01-12,2024_25,0022400545,WAS,OKC,231,230.33333333333334,0.3204452278985812,230.65377856123192,0.3204452278985741,0.346221438768076,0.3462214387680831,0.1198692846626415,561,
baseline_lgbm_residual_v1,2025-01-12,2024_25,0022400544,ORL,PHI,203,206.16666666666666,-2.738840977853478,203.4278256888132,-2.738840977853471,-0.4278256888131793,0.4278256888131864,0.1830348200084774,561,
baseline_lgbm_residual_v1,2025-01-13,2024_25,0022400548,WAS,MIN,226,224.33333333333334,2.63161818845405,226.96495152178738,2.6316181884540413,-0.964951521787393,0.9649515217873841,0.9311314393997884,570,
baseline_lgbm_residual_v1,2025-01-13,2024_25,0022400549,NYK,DET,243,224.33333333333334,1.0669313680108505,225.40026470134418,1.0669313680108417,17.59973529865581,17.599735298655816,309.7506825827515,570,
baseline_lgbm_residual_v1,2025-01-13,2024_25,0022400550,TOR,GSW,205,228.5,3.138427279355065,231.63842727935506,3.1384272793550565,-26.638427279355064,26.638427279355056,709.6058079174876,570,
baseline_lgbm_residual_v1,2025-01-13,2024_25,0022400551,HOU,MEM,238,236.16666666666666,1.714145645772445,237.8808123124391,1.7141456457724473,0.1191876875608977,0.11918768756089548,0.01420570486611364,570,
baseline_lgbm_residual_v1,2025-01-13,2024_25,0022400552,LAL,SAS,228,222.5,2.5070598016909345,225.00705980169093,2.5070598016909287,2.9929401983090655,2.9929401983090713,8.957691030654344,570,
baseline_lgbm_residual_v1,2025-01-13,2024_25,0022400553,LAC,MIA,207,215.33333333333334,-2.210866320813964,213.12246701251937,-2.2108663208139774,-6.122467012519379,6.122467012519365,37.484602319387804,570,
baseline_lgbm_residual_v1,2025-01-14,2024_25,0022400555,PHI,OKC,220,218.33333333333334,3.4651026601815964,221.79843599351494,3.4651026601816,-1.7984359935149392,1.7984359935149428,3.234372022770079,576,
baseline_lgbm_residual_v1,2025-01-14,2024_25,0022400557,CHI,NOP,232,239.66666666666666,-0.6612267682259533,239.0054398984407,-0.6612267682259585,-7.005439898440704,7.005439898440699,49.07618817066483,576,
baseline_lgbm_residual_v1,2025-01-14,2024_25,0022400556,ATL,PHX,239,235.16666666666666,2.7813662231096723,237.94803288977633,2.7813662231096714,1.0519671102236705,1.0519671102236714,1.106634800992342,576,
baseline_lgbm_residual_v1,2025-01-14,2024_25,0022400558,MIL,SAC,245,228.5,0.07135976835380509,228.5713597683538,0.0713597683538012,16.428640231646195,16.4286402316462,269.90021986086407,576,
baseline_lgbm_residual_v1,2025-01-14,2024_25,0022400559,DAL,DEN,217,232.33333333333334,-5.398278490651539,226.9350548426818,-5.398278490651535,-9.935054842681804,9.935054842681808,98.70531472709524,576,
baseline_lgbm_residual_v1,2025-01-14,2024_25,0022400560,POR,BKN,246,217.66666666666666,-2.90700249642423,214.75966417024242,-2.9070024964242407,31.240335829757573,31.240335829757583,975.9585827560354,576,
baseline_lgbm_residual_v1,2025-01-14,2024_25,0022400554,IND,CLE,244,230.66666666666666,-2.1591671401389934,228.50749952652765,-2.1591671401390045,15.492500473472337,15.492500473472347,240.0175709205409,576,
baseline_lgbm_residual_v1,2025-01-15,2024_25,0022400565,MIN,GSW,231,215.33333333333334,0.49916794562526795,215.8325012789586,0.4991679456252598,15.167498721041389,15.167498721041397,230.05301745279243,583,
baseline_lgbm_residual_v1,2025-01-15,2024_25,0022400562,TOR,BOS,207,229.66666666666666,0.6392583497478747,230.30592501641453,0.6392583497478768,-23.30592501641453,23.305925016414534,543.1661408707367,583,
baseline_lgbm_residual_v1,2025-01-15,2024_25,0022400563,CHI,ATL,204,243.5,-2.826323629636844,240.67367637036315,-2.826323629636846,-36.673676370363154,36.673676370363154,1344.9585385181329,583,
baseline_lgbm_residual_v1,2025-01-15,2024_25,0022400561,PHI,NYK,244,219.0,1.994845096373016,220.994845096373,1.9948450963730124,23.005154903626984,23.005154903626988,529.2371521398728,583,
baseline_lgbm_residual_v1,2025-01-15,2024_25,0022400569,UTA,CHA,229,221.33333333333334,-0.903922482771402,220.42941085056194,-0.9039224827714065,8.570589149438058,8.570589149438064,73.45499836846547,583,
baseline_lgbm_residual_v1,2025-01-15,2024_25,0022400564,MIL,ORL,215,211.0,-1.401792047457263,209.59820795254274,-1.4017920474572634,5.401792047457263,5.401792047457263,29.179357323972532,583,
baseline_lgbm_residual_v1,2025-01-15,2024_25,0022400568,DEN,HOU,236,231.5,2.7578726629974444,234.25787266299744,2.7578726629974426,1.7421273370025556,1.7421273370025574,3.0350076583316223,583,
baseline_lgbm_residual_v1,2025-01-15,2024_25,0022400571,LAC,BKN,193,213.0,-2.0501342474793995,210.9498657525206,-2.0501342474794058,-17.9498657525206,17.949865752520594,322.19768053351174,583,
baseline_lgbm_residual_v1,2025-01-15,2024_25,0022400570,LAL,MIA,225,217.33333333333334,-0.09943163966869559,217.23390169366465,-0.09943163966869406,7.766098306335353,7.766098306335351,60.31228290366481,583,
baseline_lgbm_residual_v1,2025-01-15,2024_25,0022400567,SAS,MEM,244,239.16666666666666,2.6840917636371735,241.85075843030384,2.684091763637184,2.1492415696961693,2.1492415696961586,4.619239324910008,583,
baseline_lgbm_residual_v1,2025-01-15,2024_25,0022400566,NOP,DAL,235,225.83333333333334,-4.952654228917067,220.8806791044163,-4.952654228917055,14.119320895583725,14.119320895583712,199.35522255246684,583,
baseline_lgbm_residual_v1,2025-01-16,2024_25,0022400576,SAC,HOU,259,226.16666666666666,-1.1742810869974545,224.9923855796692,-1.1742810869974676,34.007614420330796,34.00761442033081,1156.5178385618922,594,
baseline_lgbm_residual_v1,2025-01-16,2024_25,0022400572,DET,IND,211,227.0,-4.009122577017679,222.99087742298232,-4.009122577017678,-11.990877422982322,11.990877422982322,143.78114137298718,594,
baseline_lgbm_residual_v1,2025-01-16,2024_25,0022400573,WAS,PHX,253,231.66666666666666,0.950103790962409,232.61677045762906,0.9501037909624017,20.383229542370934,20.38322954237094,415.4760465769835,594,
baseline_lgbm_residual_v1,2025-01-16,2024_25,0022400574,OKC,CLE,248,232.5,-0.7216811875676186,231.7783188124324,-0.7216811875676115,16.22168118756762,16.22168118756761,263.14294055108496,594,
baseline_lgbm_residual_v1,2025-01-16,2024_25,0022400575,POR,LAC,207,221.16666666666666,3.98142985758179,225.14809652424844,3.9814298575817872,-18.148096524248448,18.148096524248444,329.3534074534385,594,
baseline_lgbm_residual_v1,2025-01-17,2024_25,0022400577,BOS,ORL,215,210.66666666666666,0.769745305411145,211.4364119720778,0.769745305411135,3.5635880279221976,3.563588027922208,12.69915963275049,599,
baseline_lgbm_residual_v1,2025-01-17,2024_25,0022400578,NYK,MIN,215,219.33333333333334,0.38098979234720326,219.71432312568055,0.38098979234720787,-4.714323125680546,4.714323125680551,22.224842533326438,599,
baseline_lgbm_residual_v1,2025-01-17,2024_25,0022400580,MIL,TOR,242,229.66666666666666,3.7189261808585967,233.38559284752526,3.7189261808586025,8.614407152474746,8.61440715247474,74.20801058860796,599,
baseline_lgbm_residual_v1,2025-01-17,2024_25,0022400579,MIA,DEN,246,226.16666666666666,0.9880845791998478,227.1547512458665,0.9880845791998354,18.845248754133493,18.845248754133507,355.14340060517054,599,
baseline_lgbm_residual_v1,2025-01-17,2024_25,0022400585,LAL,BKN,203,216.66666666666666,0.8703196548556488,217.5369863215223,0.8703196548556491,-14.536986321522306,14.536986321522306,211.32397131212664,599,
baseline_lgbm_residual_v1,2025-01-17,2024_25,0022400581,NOP,UTA,259,230.16666666666666,0.2417450743142039,230.40841174098085,0.24174507431419556,28.59158825901914,28.591588259019147,817.4789191732815,599,
baseline_lgbm_residual_v1,2025-01-17,2024_25,0022400584,CHI,CHA,248,235.0,-3.379344115495343,231.62065588450466,-3.3793441154953427,16.379344115495343,16.379344115495343,268.28291365381193,599,
baseline_lgbm_residual_v1,2025-01-17,2024_25,0022400582,SAS,MEM,252,239.16666666666666,1.3213470843083137,240.48801375097497,1.3213470843083144,11.511986249025028,11.511986249025028,132.52582739774135,599,
baseline_lgbm_residual_v1,2025-01-17,2024_25,0022400583,DAL,OKC,204,223.33333333333334,2.6221352802004554,225.9554686135338,2.6221352802004674,-21.9554686135338,21.95546861353381,482.04260203986826,599,
baseline_lgbm_residual_v1,2025-01-18,2024_25,0022400586,DET,PHX,246,226.66666666666666,-0.4723188019355737,226.19434786473107,-0.47231880193558595,19.805652135268918,19.80565213526893,392.2638565032827,608,
baseline_lgbm_residual_v1,2025-01-18,2024_25,0022400587,BOS,ATL,234,234.5,1.465015280359451,235.96501528035944,1.465015280359438,-1.965015280359451,1.965015280359438,3.861285052046081,608,
baseline_lgbm_residual_v1,2025-01-18,2024_25,0022400588,IND,PHI,217,223.16666666666666,1.9303287723706166,225.09699543903727,1.9303287723706148,-8.096995439037274,8.096995439037272,65.56133513979039,608,
baseline_lgbm_residual_v1,2025-01-18,2024_25,0022400589,GSW,WAS,236,228.83333333333334,0.3938687590674148,229.22720209240074,0.39386875906740215,6.772797907599243,6.772797907599255,45.870791497180846,608,
baseline_lgbm_residual_v1,2025-01-18,2024_25,0022400590,MIN,CLE,241,226.66666666666666,1.9746768193498436,228.6413434860165,1.9746768193498383,12.3586565139835,12.358656513983505,152.7363908306269,608,
baseline_lgbm_residual_v1,2025-01-18,2024_25,0022400591,POR,HOU,228,224.5,4.174533133734788,228.6745331337348,4.174533133734798,-0.674533133734788,0.6745331337347977,0.4549949485060865,608,
baseline_lgbm_residual_v1,2025-01-19,2024_25,0022400597,POR,CHI,215,235.5,3.2841124602135716,238.78411246021358,3.284112460213578,-23.78411246021357,23.784112460213578,565.6840055200868,614,
baseline_lgbm_residual_v1,2025-01-19,2024_25,0022400595,OKC,BKN,228,217.5,-0.5321201962423872,216.96787980375763,-0.5321201962423743,11.032120196242387,11.032120196242374,121.70767602433888,614,
baseline_lgbm_residual_v1,2025-01-19,2024_25,0022400592,MIA,SAS,235,219.5,-2.379016348682583,217.12098365131743,-2.379016348682569,17.879016348682583,17.87901634868257,319.6592255964586,614,
baseline_lgbm_residual_v1,2025-01-19,2024_25,0022400593,ORL,DEN,213,221.5,2.4224614804505173,223.92246148045052,2.4224614804505222,-10.922461480450517,10.922461480450522,119.30016479192541,614,
baseline_lgbm_residual_v1,2025-01-19,2024_25,0022400598,SAC,WAS,223,232.5,-3.9886962202591305,228.51130377974087,-3.988696220259129,-5.511303779740869,5.511303779740871,30.374469352586008,614,
baseline_lgbm_residual_v1,2025-01-19,2024_25,0022400596,LAC,LAL,218,214.66666666666666,-6.030092708492309,208.63657395817435,-6.030092708492305,9.363426041825651,9.363426041825647,87.6737472407387,614,
baseline_lgbm_residual_v1,2025-01-19,2024_25,0022400594,MIL,PHI,232,223.16666666666666,-2.596542178635882,220.57012448803079,-2.596542178635872,11.429875511969225,11.429875511969215,130.6420542191135,614,
baseline_lgbm_residual_v1,2025-01-20,2024_25,0022400603,CLE,PHX,210,233.5,1.41430678873856,234.91430678873857,1.4143067887385712,-24.91430678873856,24.91430678873857,620.7226827633849,621,
baseline_lgbm_residual_v1,2025-01-20,2024_25,0022400605,NOP,UTA,242,232.5,-0.66326372610337,231.83673627389663,-0.6632637261033665,10.16326372610337,10.163263726103366,103.29192956632849,621,
baseline_lgbm_residual_v1,2025-01-20,2024_25,0022400604,GSW,BOS,210,223.5,3.218881997266919,226.71888199726692,3.2188819972669194,-16.71888199726692,16.71888199726692,279.5210152385359,621,
baseline_lgbm_residual_v1,2025-01-20,2024_25,0022400611,LAC,CHI,211,227.16666666666666,2.602661753481051,229.7693284201477,2.602661753481044,-18.76932842014771,18.7693284201477,352.2876893433642,621,
baseline_lgbm_residual_v1,2025-01-20,2024_25,0022400602,NYK,ATL,229,235.66666666666666,0.0009783201268816488,235.66764498679353,0.0009783201268760422,-6.667644986793539,6.667644986793533,44.45748966991294,621,
baseline_lgbm_residual_v1,2025-01-20,2024_25,0022400600,HOU,DET,203,222.83333333333334,0.9920602480792495,223.82539358141258,0.9920602480792411,-20.82539358141259,20.825393581412584,433.6970178207404,621,
baseline_lgbm_residual_v1,2025-01-20,2024_25,0022400599,CHA,DAL,215,223.5,1.0362623114330958,224.5362623114331,1.0362623114330916,-9.536262311433095,9.536262311433092,90.94029887245921,621,
baseline_lgbm_residual_v1,2025-01-20,2024_25,0022400601,MEM,MIN,214,234.83333333333334,0.691730754767322,235.52506408810066,0.6917307547673204,-21.525064088100663,21.525064088100663,463.32838399684084,621,
baseline_lgbm_residual_v1,2025-01-21,2024_25,0022400610,LAL,WAS,199,229.16666666666666,-4.8350731839480545,224.3315934827186,-4.8350731839480545,-25.331593482718603,25.331593482718603,641.6896283737116,629,
baseline_lgbm_residual_v1,2025-01-21,2024_25,0022400609,DEN,PHI,253,229.16666666666666,2.1111672134010533,231.2778338800677,2.111167213401046,21.72216611993229,21.722166119932297,471.8525009419345,629,
baseline_lgbm_residual_v1,2025-01-21,2024_25,0022400608,TOR,ORL,202,215.33333333333334,-2.0045089931794027,213.32882434015394,-2.0045089931793996,-11.32882434015394,11.328824340153943,128.34226093006444,629,
baseline_lgbm_residual_v1,2025-01-21,2024_25,0022400606,BKN,NYK,194,219.66666666666666,-0.2802484653044289,219.38641820136223,-0.2802484653044246,-25.38641820136223,25.386418201362233,644.4702290944557,629,
baseline_lgbm_residual_v1,2025-01-21,2024_25,0022400607,MIA,POR,223,221.33333333333334,1.064373738943306,222.39770707227666,1.064373738943317,0.6022929277233513,0.6022929277233402,0.3627567707855527,629,
baseline_lgbm_residual_v1,2025-01-22,2024_25,0022400620,LAC,BOS,230,217.16666666666666,2.302058270917496,219.46872493758414,2.3020582709174846,10.531275062415848,10.531275062415858,110.90775444026214,634,
baseline_lgbm_residual_v1,2025-01-22,2024_25,0022400619,SAC,GSW,240,228.33333333333334,2.405270561678697,230.73860389501203,2.405270561678691,9.26139610498796,9.261396104987966,85.77345781348627,634,
baseline_lgbm_residual_v1,2025-01-22,2024_25,0022400618,OKC,UTA,237,225.66666666666666,-1.7672201999567885,223.89944646670986,-1.767220199956796,13.100553533290132,13.100553533290139,171.62450287860074,634,
baseline_lgbm_residual_v1,2025-01-22,2024_25,0022400616,MEM,CHA,252,239.5,-4.249885257404244,235.25011474259577,-4.24988525740423,16.749885257404244,16.74988525740423,280.55865613620756,634,
baseline_lgbm_residual_v1,2025-01-22,2024_25,0022400613,BKN,PHX,192,219.83333333333334,-0.17816693380058526,219.65516639953276,-0.17816693380058268,-27.655166399532757,27.65516639953276,764.8082285858458,634,
baseline_lgbm_residual_v1,2025-01-22,2024_25,0022400614,DAL,MIN,229,217.16666666666666,0.17474516971237788,217.34141183637902,0.17474516971236653,11.658588163620966,11.658588163620976,135.92267796892313,634,
baseline_lgbm_residual_v1,2025-01-22,2024_25,0022400612,ATL,DET,218,235.66666666666666,1.1005579572299389,236.7672246238966,1.1005579572299382,-18.767224623896595,18.767224623896595,352.2087200837907,634,
baseline_lgbm_residual_v1,2025-01-22,2024_25,0022400615,HOU,CLE,217,231.5,-1.1123238463535106,230.38767615364648,-1.1123238463535188,-13.38767615364649,13.387676153646481,179.22987279491466,634,
baseline_lgbm_residual_v1,2025-01-23,2024_25,0022400623,ATL,TOR,241,234.33333333333334,0.05446040158444136,234.38779373491778,0.05446040158443566,6.612206265082216,6.6122062650822215,43.721271691992584,642,
baseline_lgbm_residual_v1,2025-01-23,2024_25,0022400622,ORL,POR,180,212.0,-3.1504248657278553,208.84957513427216,-3.1504248657278424,-28.849575134272143,28.849575134272158,832.2979854280144,642,
baseline_lgbm_residual_v1,2025-01-23,2024_25,0022400625,OKC,DAL,236,220.5,-0.6698323069588608,219.83016769304115,-0.6698323069588525,16.16983230695886,16.169832306958853,261.46347683517024,642,
baseline_lgbm_residual_v1,2025-01-23,2024_25,0022400624,MIL,MIA,221,223.83333333333334,0.22436065912680403,224.05769399246014,0.22436065912680192,-3.057693992460147,3.0576939924601447,9.34949255152686,642,
baseline_lgbm_residual_v1,2025-01-23,2024_25,0022400629,LAL,BOS,213,221.16666666666666,3.0143150664267857,224.18098173309343,3.014315066426775,-11.180981733093443,11.180981733093432,125.014352515769,642,
baseline_lgbm_residual_v1,2025-01-23,2024_25,0022400626,DEN,SAC,255,240.66666666666666,-1.3936268203063895,239.27303984636026,-1.3936268203063946,15.726960153639732,15.726960153639737,247.33727567417202,642,
baseline_lgbm_residual_v1,2025-01-23,2024_25,0022400983,LAC,WAS,203,224.0,-0.5788665558377812,223.42113344416222,-0.5788665558377772,-20.42113344416222,20.421133444162223,417.0226911442808,642,
baseline_lgbm_residual_v1,2025-01-23,2024_25,0022400628,GSW,CHI,237,230.66666666666666,2.995766831082079,233.66243349774874,2.9957668310820793,3.337566502251264,3.3375665022512635,11.139350156949734,642,
baseline_lgbm_residual_v1,2025-01-24,2024_25,0022400630,CHA,POR,199,220.83333333333334,0.07065344598329672,220.90398677931665,0.0706534459833108,-21.90398677931664,21.903986779316654,479.78463682847877,650,
baseline_lgbm_residual_v1,2025-01-24,2024_25,0022400631,PHI,CLE,261,228.66666666666666,-2.202420220991289,226.46424644567537,-2.2024202209912858,34.53575355432463,34.53575355432463,1192.7182735650463,650,
baseline_lgbm_residual_v1,2025-01-24,2024_25,0022400632,MEM,NOP,265,242.83333333333334,-1.8460901325158647,240.9872432008175,-1.8460901325158545,24.012756799182522,24.01275679918251,576.612489096686,650,
baseline_lgbm_residual_v1,2025-01-25,2024_25,0022400646,LAC,MIL,244,224.83333333333334,4.301929587858336,229.13526292119167,4.301929587858325,14.864737078808322,14.864737078808332,220.96040842209928,653,
baseline_lgbm_residual_v1,2025-01-25,2024_25,0022400639,ATL,TOR,211,236.0,0.3008212487489942,236.300821248749,0.30082124874900273,-25.300821248748996,25.300821248749003,640.1315558611491,653,
baseline_lgbm_residual_v1,2025-01-25,2024_25,0022400634,MIN,DEN,237,228.16666666666666,-0.6904629509985067,227.47620371566816,-0.6904629509984943,9.52379628433185,9.523796284331837,90.70269566545291,653,
baseline_lgbm_residual_v1,2025-01-25,2024_25,0022400635,DAL,BOS,229,222.33333333333334,-1.4416920915304672,220.8916412418029,-1.4416920915304559,8.108358758197124,8.108358758197113,65.74548175163183,653,
baseline_lgbm_residual_v1,2025-01-25,2024_25,0022400645,PHX,WAS,228,231.83333333333334,-4.1240770441869286,227.70925628914642,-4.124077044186919,0.29074371085358575,0.290743710853576,0.0845319054009078,653,
baseline_lgbm_residual_v1,2025-01-25,2024_25,0022400637,CHA,NOP,215,228.16666666666666,0.878079157784809,229.04474582445147,0.8780791577848106,-14.044745824451466,14.044745824451468,197.25488527344694,653,
baseline_lgbm_residual_v1,2025-01-25,2024_25,0022400638,ORL,DET,234,211.33333333333334,-4.093447472985219,207.23988586034812,-4.093447472985218,26.760114139651876,26.760114139651876,716.1037087671963,653,
baseline_lgbm_residual_v1,2025-01-25,2024_25,0022400636,BKN,MIA,203,209.5,-7.12730269162397,202.37269730837602,-7.1273026916239814,0.6273026916239699,0.6273026916239814,0.39350866691869196,653,
baseline_lgbm_residual_v1,2025-01-25,2024_25,0022400640,CLE,HOU,266,227.0,3.692398190616314,230.6923981906163,3.692398190616302,35.307601809383684,35.3076018093837,1246.6267455299949,653,
baseline_lgbm_residual_v1,2025-01-25,2024_25,0022400641,NYK,SAC,263,232.83333333333334,0.6621642315750145,233.49549756490836,0.6621642315750194,29.50450243509164,29.504502435091638,870.5156639423284,653,
baseline_lgbm_residual_v1,2025-01-25,2024_25,0022400642,CHI,PHI,206,231.66666666666666,-1.438078042226154,230.2285886244405,-1.4380780422261523,-24.228588624440505,24.228588624440505,587.0245067323679,653,
baseline_lgbm_residual_v1,2025-01-25,2024_25,0022400643,MEM,UTA,228,245.33333333333334,0.15455766747820415,245.48789100081154,0.1545576674782012,-17.487891000811548,17.487891000811544,305.8263316562654,653,
baseline_lgbm_residual_v1,2025-01-25,2024_25,0022400644,GSW,LAL,226,219.0,2.816241259256354,221.81624125925634,2.816241259256344,4.183758740743646,4.183758740743656,17.50383720074894,653,
baseline_lgbm_residual_v1,2025-01-26,2024_25,0022400647,POR,OKC,226,225.5,3.1632355434237387,228.66323554342375,3.1632355434237525,-2.6632355434237387,2.6632355434237525,7.09282355975561,666,
baseline_lgbm_residual_v1,2025-01-27,2024_25,0022400653,NYK,MEM,249,242.33333333333334,1.5334182036443662,243.86675153697772,1.5334182036443735,5.133248463022291,5.133248463022284,26.35023978312064,667,
baseline_lgbm_residual_v1,2025-01-27,2024_25,0022400649,CLE,DET,201,235.0,-1.0860266520545074,233.9139733479455,-1.0860266520544997,-32.91397334794549,32.9139733479455,1083.3296415492666,667,
baseline_lgbm_residual_v1,2025-01-27,2024_25,0022400650,BOS,HOU,226,221.83333333333334,7.897573396232504,229.73090672956585,7.897573396232502,-3.730906729565847,3.730906729565845,13.919665024719711,667,
baseline_lgbm_residual_v1,2025-01-27,2024_25,0022400651,BKN,SAC,206,221.5,-2.5876803014457774,218.91231969855423,-2.587680301445772,-12.912319698554223,12.912319698554228,166.72799999767156,667,
baseline_lgbm_residual_v1,2025-01-27,2024_25,0022400652,MIA,ORL,244,207.5,1.2681705387536997,208.7681705387537,1.2681705387537079,35.2318294612463,35.23182946124629,1241.2818071863421,667,
baseline_lgbm_residual_v1,2025-01-27,2024_25,0022400658,UTA,MIL,235,236.33333333333334,0.7040019082517133,237.03733524158505,0.7040019082517119,-2.037335241585056,2.0373352415850547,4.150734886604433,667,
baseline_lgbm_residual_v1,2025-01-27,2024_25,0022400648,CHA,LAL,219,222.16666666666666,1.821166939052527,223.98783360571917,1.8211669390525174,-4.987833605719184,4.987833605719175,24.878484078341543,667,
baseline_lgbm_residual_v1,2025-01-27,2024_25,0022400655,CHI,DEN,250,246.16666666666666,5.3577151367840035,251.52438180345067,5.357715136784009,-1.5243818034506607,1.524381803450666,2.323739882691505,667,
baseline_lgbm_residual_v1,2025-01-27,2024_25,0022400656,MIN,ATL,192,220.0,2.192726589731392,222.1927265897314,2.192726589731393,-30.192726589731393,30.192726589731393,911.6007389222731,667,
baseline_lgbm_residual_v1,2025-01-27,2024_25,0022400657,DAL,WAS,238,231.33333333333334,-0.34998603911063153,230.9833472942227,-0.3499860391106324,7.016652705777289,7.01665270577729,49.23341519349176,667,
baseline_lgbm_residual_v1,2025-01-27,2024_25,0022400659,PHX,LAC,220,223.33333333333334,-1.2949838395995221,222.03834949373382,-1.2949838395995243,-2.0383494937338207,2.0383494937338185,4.154868658604914,667,
baseline_lgbm_residual_v1,2025-01-27,2024_25,0022400654,TOR,NOP,217,232.5,-1.4288073092976834,231.0711926907023,-1.4288073092976958,-14.071192690702317,14.071192690702304,197.99846373887394,667,
baseline_lgbm_residual_v1,2025-01-28,2024_25,0022400532,ATL,HOU,196,227.0,8.052246108941429,235.05224610894143,8.052246108941432,-39.05224610894143,39.05224610894143,1525.0779261533312,679,
baseline_lgbm_residual_v1,2025-01-28,2024_25,0022400660,PHI,LAL,222,217.5,-2.3146108583165392,215.18538914168346,-2.3146108583165415,6.81461085831654,6.8146108583165415,46.43892115028571,679,
baseline_lgbm_residual_v1,2025-01-28,2024_25,0022400661,GSW,UTA,217,229.5,-0.3534648003287591,229.14653519967123,-0.3534648003287657,-12.146535199671241,12.146535199671234,147.5383173568523,679,
baseline_lgbm_residual_v1,2025-01-28,2024_25,0022400662,POR,MIL,237,229.83333333333334,1.2054503534005014,231.03878368673384,1.2054503534004937,5.9612163132661555,5.9612163132661635,35.53609993355063,679,
baseline_lgbm_residual_v1,2025-01-29,2024_25,0022400667,MIA,CLE,232,227.5,5.209321925828193,232.7093219258282,5.209321925828192,-0.7093219258281929,0.709321925828192,0.5031375944606151,683,
baseline_lgbm_residual_v1,2025-01-29,2024_25,0022400663,CHA,BKN,187,204.83333333333334,0.0560547431761286,204.88938807650948,0.05605474317613357,-17.889388076509473,17.889388076509476,320.03020575195944,683,
baseline_lgbm_residual_v1,2025-01-29,2024_25,0022400664,IND,DET,252,229.5,-2.825045406710402,226.67495459328958,-2.825045406710416,25.3250454067104,25.325045406710416,641.3579248519443,683,
baseline_lgbm_residual_v1,2025-01-29,2024_25,0022400665,WAS,TOR,188,231.0,-0.5298831338532719,230.47011686614672,-0.529883133853275,-42.470116866146725,42.470116866146725,1803.7108266241605,683,
baseline_lgbm_residual_v1,2025-01-29,2024_25,0022400673,GSW,OKC,225,228.33333333333334,0.12087109080307967,228.45420442413644,0.12087109080309233,-3.4542044241364227,3.454204424136435,11.93152820372372,683,
baseline_lgbm_residual_v1,2025-01-29,2024_25,0022400666,BOS,CHI,222,232.33333333333334,-2.1951320981593345,230.138201235174,-2.1951320981593483,-8.138201235174009,8.138201235173995,66.23031934418754,683,
baseline_lgbm_residual_v1,2025-01-29,2024_25,0022400670,NOP,DAL,273,232.16666666666666,0.14398161247754745,232.3106482791442,0.14398161247754615,40.6893517208558,40.6893517208558,1655.6233434635105,683,
baseline_lgbm_residual_v1,2025-01-29,2024_25,0022400669,PHI,SAC,221,228.5,-2.644371317413473,225.85562868258654,-2.6443713174134587,-4.855628682586527,4.855628682586541,23.57712990315711,683,
baseline_lgbm_residual_v1,2025-01-29,2024_25,0022400668,NYK,DEN,234,239.5,0.29059587846234153,239.79059587846234,0.2905958784623408,-5.790595878462342,5.790595878462341,33.53100062766505,683,
baseline_lgbm_residual_v1,2025-01-29,2024_25,0022400671,SAS,LAC,244,222.5,-1.4019767131011298,221.09802328689887,-1.401976713101135,22.90197671310113,22.901976713101135,524.5005373674267,683,
baseline_lgbm_residual_v1,2025-01-29,2024_25,0022400672,PHX,MIN,234,217.33333333333334,4.142965145476169,221.47629847880953,4.142965145476182,12.523701521190489,12.523701521190475,156.8430997918686,683,
baseline_lgbm_residual_v1,2025-01-30,2024_25,0022400674,WAS,LAL,230,223.66666666666666,-3.4614916816533605,220.2051749850133,-3.4614916816533707,9.794825014986703,9.794825014986714,95.93859707420947,694,
baseline_lgbm_residual_v1,2025-01-30,2024_25,0022400675,CLE,ATL,252,237.16666666666666,-4.505534129526699,232.66113253713996,-4.505534129526694,19.33886746286004,19.338867462860037,373.9917947460666,694,
baseline_lgbm_residual_v1,2025-01-30,2024_25,0022400676,MEM,HOU,239,238.0,1.0761509627722108,239.0761509627722,1.0761509627722035,-0.07615096277221078,0.07615096277220346,0.0057989691311335165,694,
baseline_lgbm_residual_v1,2025-01-30,2024_25,0022400677,UTA,MIN,251,224.33333333333334,0.22742458092266057,224.56075791425602,0.2274245809226727,26.439242085743995,26.439242085743984,699.033522068576,694,
baseline_lgbm_residual_v1,2025-01-30,2024_25,0022400678,POR,ORL,209,212.5,-1.8437986936445876,210.6562013063554,-1.843798693644601,-1.6562013063554124,1.656201306355399,2.7430027671733304,694,
baseline_lgbm_residual_v1,2025-01-31,2024_25,0022400681,PHI,DEN,271,232.5,-1.5099746448924267,230.99002535510758,-1.5099746448924236,40.009974644892424,40.009974644892424,1600.7980710849347,699,
baseline_lgbm_residual_v1,2025-01-31,2024_25,0022400679,CHA,LAC,216,212.0,3.628781782062093,215.6287817820621,3.6287817820621058,0.3712182179379071,0.3712182179378942,0.13780296532898592,699,
baseline_lgbm_residual_v1,2025-01-31,2024_25,0022400680,DET,DAL,219,229.33333333333334,2.805131941158818,232.13846527449215,2.8051319411588054,-13.13846527449216,13.138465274492148,172.61926976903604,699,
baseline_lgbm_residual_v1,2025-01-31,2024_25,0022400684,SAS,MIL,262,232.83333333333334,1.1129107896378954,233.94624412297125,1.1129107896379082,28.053755877028763,28.05375587702875,787.0132188079251,699,
baseline_lgbm_residual_v1,2025-01-31,2024_25,0022400683,NOP,BOS,234,231.66666666666666,-2.1076311238448207,229.55903554282185,-2.1076311238448113,4.440964457178163,4.440964457178154,19.722165309919657,699,
baseline_lgbm_residual_v1,2025-01-31,2024_25,0022400682,TOR,CHI,228,233.33333333333334,1.7817110235456162,235.11504435687897,1.7817110235456255,-7.115044356878959,7.115044356878968,50.62385620035525,699,
baseline_lgbm_residual_v1,2025-01-31,2024_25,0022400685,GSW,PHX,235,227.5,1.6886201510801886,229.1886201510802,1.6886201510801868,5.811379848919811,5.811379848919813,33.77213574843127,699,
baseline_lgbm_residual_v1,2025-02-01,2024_25,0022400691,OKC,SAC,254,234.33333333333334,-4.926311850496749,229.4070214828366,-4.926311850496745,24.592978517163406,24.592978517163402,604.8145923456606,706,
baseline_lgbm_residual_v1,2025-02-01,2024_25,0022400694,POR,PHX,235,228.5,8.054776611208476,236.55477661120847,8.054776611208467,-1.5547766112084762,1.5547766112084673,2.4173303107608857,706,
baseline_lgbm_residual_v1,2025-02-01,2024_25,0022400693,SAS,MIA,208,224.0,-0.025885205697580207,223.9741147943024,-0.025885205697591118,-15.97411479430242,15.974114794302409,255.1723434615511,706,
baseline_lgbm_residual_v1,2025-02-01,2024_25,0022400692,NYK,LAL,240,227.5,-1.628768902761468,225.87123109723854,-1.6287689027614647,14.128768902761468,14.128768902761465,199.6221107076394,706,
baseline_lgbm_residual_v1,2025-02-01,2024_25,0022400690,MIN,WAS,208,223.16666666666666,-0.848625576636748,222.3180410900299,-0.8486255766367492,-14.31804109002991,14.318041090029908,205.00630065578483,706,
baseline_lgbm_residual_v1,2025-02-01,2024_25,0022400688,CHA,DEN,211,223.0,3.8735419043002,226.8735419043002,3.873541904300197,-15.8735419043002,15.873541904300197,251.9693325875743,706,
baseline_lgbm_residual_v1,2025-02-01,2024_25,0022400687,UTA,ORL,212,216.16666666666666,1.709831263177901,217.87649792984456,1.7098312631779038,-5.876497929844558,5.876497929844561,34.533227919467414,706,
baseline_lgbm_residual_v1,2025-02-01,2024_25,0022400686,IND,ATL,259,239.5,-1.531867450973178,237.96813254902682,-1.5318674509731807,21.031867450973177,21.03186745097318,442.3394484753051,706,
baseline_lgbm_residual_v1,2025-02-01,2024_25,0022400689,HOU,BKN,208,213.5,-0.39097524341297324,213.10902475658702,-0.3909752434129814,-5.109024756587027,5.109024756587019,26.102133963419046,706,
baseline_lgbm_residual_v1,2025-02-02,2024_25,0022400699,MIL,MEM,251,245.0,2.2794113030285796,247.27941130302858,2.2794113030285814,3.7205886969714204,3.7205886969714186,13.842780252031478,715,
baseline_lgbm_residual_v1,2025-02-02,2024_25,0022400698,PHI,BOS,228,222.33333333333334,-4.9264628218803965,217.40687051145295,-4.926462821880392,10.593129488547053,10.59312948854705,112.21439236112506,715,
baseline_lgbm_residual_v1,2025-02-02,2024_25,0022400695,DET,CHI,246,233.16666666666666,-0.9433950900858644,232.2232715765808,-0.9433950900858576,13.776728423419208,13.7767284234192,189.79824605264648,715,
baseline_lgbm_residual_v1,2025-02-02,2024_25,0022400696,CLE,DAL,245,236.66666666666666,1.585100431130784,238.25176709779745,1.5851004311307975,6.748232902202559,6.748232902202545,45.538647302368986,715,
baseline_lgbm_residual_v1,2025-02-02,2024_25,0022400697,TOR,LAC,223,220.0,0.6274976506835569,220.62749765068355,0.6274976506835515,2.372502349316443,2.3725023493164485,5.628767397512068,715,
baseline_lgbm_residual_v1,2025-02-03,2024_25,0022400704,MIN,SAC,230,221.83333333333334,-2.0614990612626025,219.77183427207075,-2.0614990612625945,10.228165727929259,10.228165727929252,104.61537415798652,720,
baseline_lgbm_residual_v1,2025-02-03,2024_25,0022400700,CHA,WAS,238,217.0,0.11873429626556756,217.11873429626556,0.11873429626555776,20.88126570373443,20.881265703734442,436.0272573899563,720,
baseline_lgbm_residual_v1,2025-02-03,2024_25,0022400701,DET,ATL,262,235.16666666666666,-2.0820801296729083,233.08458653699375,-2.082080129672903,28.915413463006253,28.915413463006246,836.1011357366028,720,
baseline_lgbm_residual_v1,2025-02-03,2024_25,0022400702,NYK,HOU,242,224.16666666666666,1.5963465741234526,225.76301324079012,1.5963465741234586,16.23698675920989,16.236986759209884,263.6397390187571,720,
baseline_lgbm_residual_v1,2025-02-03,2024_25,0022400703,MEM,SAS,237,241.33333333333334,-4.135290013512528,237.1980433198208,-4.135290013512531,-0.19804331982081447,0.1980433198208118,0.03922115652564835,720,
baseline_lgbm_residual_v1,2025-02-03,2024_25,0022400707,UTA,IND,223,239.16666666666666,4.6789535594993685,243.84562022616603,4.6789535594993765,-20.845620226166027,20.845620226166034,434.53988261354243,720,
baseline_lgbm_residual_v1,2025-02-03,2024_25,0022400705,OKC,MIL,221,233.0,-1.1451571005789194,231.85484289942107,-1.1451571005789276,-10.854842899421081,10.854842899421072,117.82761437111208,720,
baseline_lgbm_residual_v1,2025-02-03,2024_25,0022400706,DEN,NOP,238,239.33333333333334,0.11244912578935964,239.4457824591227,0.11244912578936805,-1.4457824591227024,1.4457824591227109,2.090286919106913,720,
baseline_lgbm_residual_v1,2025-02-03,2024_25,0022400708,GSW,ORL,203,212.33333333333334,-1.8370857567513235,210.49624757658202,-1.8370857567513212,-7.49624757658202,7.496247576582022,56.19372772941183,720,
baseline_lgbm_residual_v1,2025-02-03,2024_25,0022400709,POR,PHX,240,229.66666666666666,4.062204650904518,233.72887131757116,4.062204650904505,6.271128682428825,6.271128682428838,39.32705495158165,720,
baseline_lgbm_residual_v1,2025-02-04,2024_25,0022400710,CLE,BOS,217,237.33333333333334,-0.5527553466369868,236.78057798669636,-0.5527553466369852,-19.780577986696358,19.780577986696358,391.27126548777653,730,
baseline_lgbm_residual_v1,2025-02-04,2024_25,0022400712,PHI,DAL,234,225.5,-1.2286983101209485,224.27130168987904,-1.2286983101209614,9.728698310120949,9.728698310120961,94.64757080935046,730,
baseline_lgbm_residual_v1,2025-02-04,2024_25,0022400711,BKN,HOU,196,209.5,-2.5067433189404,206.9932566810596,-2.5067433189404085,-10.9932566810596,10.993256681059592,120.85169245566135,730,
baseline_lgbm_residual_v1,2025-02-04,2024_25,0022400714,CHI,MIA,257,227.66666666666666,-0.08545623765182923,227.58121042901482,-0.08545623765184018,29.418789570985172,29.418789570985183,865.4651798219065,730,
baseline_lgbm_residual_v1,2025-02-04,2024_25,0022400713,TOR,NYK,236,231.5,6.272954464807951,237.77295446480795,6.2729544648079525,-1.7729544648079507,1.7729544648079525,3.1433675342824534,730,
baseline_lgbm_residual_v1,2025-02-04,2024_25,0022400715,LAC,LAL,219,220.5,1.5819690019391883,222.0819690019392,1.5819690019391999,-3.0819690019391883,3.0819690019392,9.498532928914107,730,
baseline_lgbm_residual_v1,2025-02-04,2024_25,0022400716,POR,IND,201,233.33333333333334,4.515392493616765,237.8487258269501,4.515392493616758,-36.84872582695011,36.8487258269501,1357.8285950697393,730,
baseline_lgbm_residual_v1,2025-02-05,2024_25,0022400717,CHA,MIL,214,220.16666666666666,2.4765328926732555,222.6431995593399,2.476532892673248,-8.643199559339912,8.643199559339905,74.70489862257352,737,
baseline_lgbm_residual_v1,2025-02-05,2024_25,0022400718,DET,CLE,233,236.33333333333334,2.0053359788830987,238.33866931221644,2.005335978883096,-5.3386693122164415,5.338669312216439,28.501390025201545,737,
baseline_lgbm_residual_v1,2025-02-05,2024_25,0022400719,ATL,SAS,251,240.16666666666666,-5.405697023709578,234.7609696429571,-5.405697023709564,16.23903035704292,16.239030357042907,263.7061069369611,737,
baseline_lgbm_residual_v1,2025-02-05,2024_25,0022400720,BKN,WAS,221,216.83333333333334,-4.819805952924545,212.0135273804088,-4.819805952924554,8.986472619591202,8.986472619591211,80.75669014266252,737,
baseline_lgbm_residual_v1,2025-02-05,2024_25,0022400725,UTA,GSW,259,227.0,-0.380741623059364,226.61925837694065,-0.38074162305935033,32.380741623059365,32.38074162305935,1048.5124280593284,737,
baseline_lgbm_residual_v1,2025-02-05,2024_25,0022400721,PHI,MIA,209,215.5,-3.7457185418653127,211.7542814581347,-3.745718541865301,-2.7542814581346873,2.754281458134699,7.586066350624603,737,
baseline_lgbm_residual_v1,2025-02-05,2024_25,0022400724,OKC,PHX,249,226.16666666666666,-0.40348221538681817,225.76318445127984,-0.4034822153868163,23.236815548720163,23.23681554872016,539.9495968452429,737,
baseline_lgbm_residual_v1,2025-02-05,2024_25,0022400726,DEN,NOP,263,238.66666666666666,-0.18569189426390645,238.48097477240276,-0.18569189426389698,24.51902522759725,24.51902522759724,601.1825981115499,737,
baseline_lgbm_residual_v1,2025-02-05,2024_25,0022400727,SAC,ORL,241,218.5,-2.859215558355981,215.64078444164403,-2.85921555835597,25.35921555835598,25.35921555835597,643.0898137351635,737,
baseline_lgbm_residual_v1,2025-02-05,2024_25,0022400723,MIN,CHI,235,226.83333333333334,0.5623187424789589,227.3956520758123,0.5623187424789649,7.604347924187699,7.604347924187692,57.826107352097665,737,
baseline_lgbm_residual_v1,2025-02-05,2024_25,0022400722,TOR,MEM,245,238.5,4.205775651749706,242.70577565174972,4.205775651749718,2.294224348250294,2.2942243482502818,5.26346536010443,737,
baseline_lgbm_residual_v1,2025-02-06,2024_25,0022400728,BOS,DAL,247,231.0,4.009980045758765,235.00998004575877,4.009980045758766,11.990019954241234,11.990019954241234,143.76057850310295,748,
baseline_lgbm_residual_v1,2025-02-06,2024_25,0022400729,MIN,HOU,241,214.33333333333334,0.6300307763801469,214.9633641097135,0.6300307763801527,26.03663589028651,26.036635890286504,677.9064084833553,748,
baseline_lgbm_residual_v1,2025-02-06,2024_25,0022400730,DEN,ORL,202,221.66666666666666,0.5430492632384099,222.20971592990506,0.5430492632384016,-20.209715929905066,20.20971592990506,408.43261796745827,748,
baseline_lgbm_residual_v1,2025-02-06,2024_25,0022400731,LAL,GSW,232,221.5,0.12660437285698894,221.626604372857,0.12660437285700255,10.373395627143012,10.373395627142997,107.60733683722947,748,
baseline_lgbm_residual_v1,2025-02-06,2024_25,0022400732,POR,SAC,210,229.5,0.5754254501657363,230.07542545016574,0.5754254501657385,-20.075425450165735,20.07542545016574,403.02270700516226,748,
baseline_lgbm_residual_v1,2025-02-06,2024_25,0022400733,LAC,IND,231,228.33333333333334,-1.4897741138727782,226.84355921946056,-1.4897741138727838,4.156440780539436,4.156440780539441,17.27599996213132,748,
baseline_lgbm_residual_v1,2025-02-07,2024_25,0022400735,WAS,CLE,258,236.0,-2.5152589634096847,233.48474103659032,-2.5152589634096785,24.515258963409686,24.51525896340968,600.9979220430386,754,
baseline_lgbm_residual_v1,2025-02-07,2024_25,0022400737,BKN,MIA,188,211.16666666666666,-1.1661041528380425,210.0005625138286,-1.1661041528380451,-22.000562513828616,22.000562513828612,484.0247509248807,754,
baseline_lgbm_residual_v1,2025-02-07,2024_25,0022400736,ATL,MIL,225,241.5,-3.468912112572863,238.03108788742713,-3.468912112572866,-13.031087887427137,13.031087887427134,169.80925152985017,754,
baseline_lgbm_residual_v1,2025-02-07,2024_25,0022400738,DET,PHI,237,224.66666666666666,-0.7996815462941311,223.86698512037253,-0.7996815462941242,13.133014879627474,13.133014879627467,172.47607982851645,754,
baseline_lgbm_residual_v1,2025-02-07,2024_25,0022400739,OKC,TOR,230,231.5,-0.6790359238270791,230.8209640761729,-0.6790359238270867,-0.8209640761729209,0.8209640761729133,0.673982014366445,754,
baseline_lgbm_residual_v1,2025-02-07,2024_25,0022400740,PHX,UTA,262,231.5,1.9571343458974833,233.4571343458975,1.9571343458974866,28.542865654102517,28.542865654102513,814.6951797481449,754,
baseline_lgbm_residual_v1,2025-02-07,2024_25,0022400734,CHA,SAS,233,227.5,-4.590159660407028,222.90984033959296,-4.590159660407039,10.090159660407028,10.09015966040704,101.8113219725055,754,
baseline_lgbm_residual_v1,2025-02-08,2024_25,0022400743,ORL,SAS,223,218.66666666666666,-2.5235359179394057,216.14313074872726,-2.523535917939398,6.856869251272748,6.856869251272741,47.0166559290496,761,
baseline_lgbm_residual_v1,2025-02-08,2024_25,0022400745,CHI,GSW,243,235.5,-0.4385999774882683,235.06140002251172,-0.4385999774882805,7.938599977488268,7.9385999774882805,63.021369602576925,761,
baseline_lgbm_residual_v1,2025-02-08,2024_25,0022400741,DAL,HOU,221,226.0,3.481955427971359,229.48195542797137,3.4819554279713714,-8.481955427971359,8.481955427971371,71.943567882093,761,
baseline_lgbm_residual_v1,2025-02-08,2024_25,0022400742,LAL,IND,241,231.0,-1.2320724048461253,229.76792759515388,-1.2320724048461216,11.232072404846125,11.232072404846122,126.15945050770574,761,
baseline_lgbm_residual_v1,2025-02-08,2024_25,0022400744,WAS,ATL,236,236.83333333333334,0.679739892206056,237.5130732255394,0.6797398922060438,-1.5130732255393988,1.5130732255393866,2.2893905858441634,761,
baseline_lgbm_residual_v1,2025-02-08,2024_25,0022400749,PHX,DEN,227,237.66666666666666,2.9963709547879143,240.66303762145458,2.9963709547879205,-13.66303762145457,13.663037621454578,186.67859704528317,761,
baseline_lgbm_residual_v1,2025-02-08,2024_25,0022400746,MEM,OKC,237,242.33333333333334,1.2158381137633356,243.54917144709668,1.2158381137633398,-6.549171447096678,6.549171447096683,42.89164664346646,761,
baseline_lgbm_residual_v1,2025-02-08,2024_25,0022400748,NYK,BOS,235,231.83333333333334,-2.9514212353413227,228.88191209799203,-2.9514212353413143,6.11808790200798,6.1180879020079715,37.4309995766963,761,
baseline_lgbm_residual_v1,2025-02-08,2024_25,0022400751,LAC,UTA,240,224.5,-2.9369942666074405,221.56300573339257,-2.936994266607428,18.436994266607442,18.436994266607428,339.92275758691517,761,
baseline_lgbm_residual_v1,2025-02-08,2024_25,0022400750,SAC,NOP,241,238.0,1.7351553599733078,239.7351553599733,1.7351553599733052,1.2648446400266922,1.2648446400266948,1.5998319634042593,761,
baseline_lgbm_residual_v1,2025-02-08,2024_25,0022400747,MIN,POR,212,216.33333333333334,0.7612786772614487,217.0946120105948,0.7612786772614584,-5.094612010594791,5.094612010594801,25.955071538496803,761,
baseline_lgbm_residual_v1,2025-02-09,2024_25,0022400752,DET,CHA,214,225.0,1.151517683204711,226.1515176832047,1.1515176832047018,-12.15151768320471,12.151517683204702,147.65938200523655,772,
baseline_lgbm_residual_v1,2025-02-09,2024_25,0022400753,HOU,TOR,181,224.5,1.215756544773236,225.71575654477323,1.2157565447732281,-44.715756544773235,44.71575654477323,1999.4988833714299,772,
baseline_lgbm_residual_v1,2025-02-09,2024_25,0022400754,MIL,PHI,262,227.16666666666666,-2.752047868175374,224.4146187984913,-2.7520478681753673,37.58538120150872,37.58538120150871,1412.6608800627243,772,
baseline_lgbm_residual_v1,2025-02-10,2024_25,0022400756,ORL,ATL,218,221.66666666666666,-3.116637829821946,218.55002883684472,-3.11663782982194,-0.550028836844711,0.5500288368447173,0.3025317213607526,775,
baseline_lgbm_residual_v1,2025-02-10,2024_25,0022400757,WAS,SAS,252,236.16666666666666,-1.0370504837775554,235.1296161828891,-1.0370504837775627,16.8703838171109,16.870383817110906,284.60985013663753,775,
baseline_lgbm_residual_v1,2025-02-10,2024_25,0022400759,MIA,BOS,188,219.33333333333334,-0.11070335134628206,219.22262998198707,-0.11070335134627385,-31.222629981987062,31.22262998198707,974.8526229920778,775,
baseline_lgbm_residual_v1,2025-02-10,2024_25,0022400755,CLE,MIN,235,228.66666666666666,-0.17330114018431733,228.49336552648234,-0.1733011401843214,6.50663447351766,6.506634473517664,42.336292171968495,775,
baseline_lgbm_residual_v1,2025-02-10,2024_25,0022400758,BKN,CHA,186,212.66666666666666,-4.091639499804292,208.57502716686236,-4.091639499804302,-22.575027166862366,22.575027166862355,509.6318515845734,775,
baseline_lgbm_residual_v1,2025-02-10,2024_25,0022400760,MIL,GSW,236,231.5,5.361230606558473,236.86123060655848,5.361230606558479,-0.8612306065584727,0.8612306065584789,0.7417181576730856,775,
baseline_lgbm_residual_v1,2025-02-10,2024_25,0022400762,DAL,SAC,257,237.5,-2.945474727550627,234.55452527244938,-2.945474727550618,22.445474727550625,22.445474727550618,503.79933574511347,775,
baseline_lgbm_residual_v1,2025-02-10,2024_25,0022400763,DEN,POR,263,233.0,0.08453716273241216,233.0845371627324,0.08453716273240275,29.915462837267587,29.915462837267597,894.9349167679387,775,
baseline_lgbm_residual_v1,2025-02-10,2024_25,0022400768,LAL,UTA,245,234.66666666666666,0.49769114406527815,235.16435781073193,0.4976911440652714,9.835642189268064,9.835642189268071,96.73985727531002,775,
baseline_lgbm_residual_v1,2025-02-10,2024_25,0022400761,OKC,NOP,238,234.33333333333334,1.0405229720180837,235.37385630535144,1.0405229720180955,2.6261436946485732,2.6261436946485617,6.896630704942398,775,
baseline_lgbm_residual_v1,2025-02-11,2024_25,0022400764,PHI,TOR,209,226.16666666666666,-4.001620638678622,222.16504602798804,-4.001620638678617,-13.165046027988035,13.16504602798804,173.31843691904368,785,
baseline_lgbm_residual_v1,2025-02-11,2024_25,0022400765,IND,NYK,243,239.66666666666666,2.994083347974558,242.66075001464122,2.9940833479745663,0.3392499853587849,0.3392499853587765,0.11509055256593007,785,
baseline_lgbm_residual_v1,2025-02-11,2024_25,0022400766,CHI,DET,224,238.5,0.522066212743148,239.02206621274314,0.522066212743141,-15.022066212743148,15.022066212743141,225.66247330003907,785,
baseline_lgbm_residual_v1,2025-02-11,2024_25,0022400767,PHX,MEM,231,244.16666666666666,6.0554590246488305,250.22212569131548,6.055459024648826,-19.222125691315487,19.222125691315483,369.4901160927307,785,
baseline_lgbm_residual_v1,2025-02-12,2024_25,0022400770,ORL,CHA,188,204.33333333333334,-0.17930400477387046,204.15402932855946,-0.17930400477388275,-16.15402932855947,16.15402932855946,260.9526635479592,789,
baseline_lgbm_residual_v1,2025-02-12,2024_25,0022400776,MIN,MIL,204,224.66666666666666,1.1026830550026534,225.7693497216693,1.1026830550026432,-21.76934972166931,21.7693497216693,473.90458730434324,789,
baseline_lgbm_residual_v1,2025-02-12,2024_25,0022400769,BOS,SAS,219,233.5,2.7186928206277314,236.21869282062772,2.718692820627723,-17.21869282062773,17.218692820627723,296.48338245113666,789,
baseline_lgbm_residual_v1,2025-02-12,2024_25,0022400772,BKN,PHI,196,212.66666666666666,-4.101692180824204,208.56497448584244,-4.101692180824216,-12.564974485842452,12.564974485842441,157.87858382987153,789,
baseline_lgbm_residual_v1,2025-02-12,2024_25,0022400773,NYK,ATL,297,239.66666666666666,1.0460323941442737,240.71269906081093,1.0460323941442766,56.287300939189066,56.287300939189066,3168.2602470188344,789,
baseline_lgbm_residual_v1,2025-02-12,2024_25,0022400775,CHI,DET,238,236.83333333333334,2.27925312713039,239.11258646046375,2.279253127130403,-1.1125864604637328,1.1125864604637457,1.237848632007246,789,
baseline_lgbm_residual_v1,2025-02-12,2024_25,0022400774,TOR,CLE,239,236.33333333333334,2.703861817626036,239.03719515095938,2.7038618176260343,-0.037195150959378864,0.03719515095937709,0.0013834792548908504,789,
baseline_lgbm_residual_v1,2025-02-12,2024_25,0022400771,WAS,IND,264,239.5,1.0380837894110229,240.53808378941102,1.0380837894110186,23.461916210588978,23.46191621058898,550.461512272698,789,
baseline_lgbm_residual_v1,2025-02-12,2024_25,0022400778,OKC,MIA,216,218.83333333333334,-3.2529249637538307,215.58040836957952,-3.252924963753827,0.41959163042048786,0.4195916304204843,0.17605713631892028,789,
baseline_lgbm_residual_v1,2025-02-12,2024_25,0022400779,HOU,PHX,230,223.5,-2.002705630931266,221.49729436906873,-2.002705630931274,8.502705630931267,8.502705630931274,72.2960030462704,789,
baseline_lgbm_residual_v1,2025-02-12,2024_25,0022400780,DEN,POR,253,232.83333333333334,2.9250506523680815,235.7583839857014,2.9250506523680713,17.241616014298575,17.241616014298586,297.27332278451746,789,
baseline_lgbm_residual_v1,2025-02-12,2024_25,0022400777,NOP,SAC,230,238.5,1.3558744119627013,239.8558744119627,1.3558744119627022,-9.855874411962702,9.855874411962702,97.13826042438114,789,
baseline_lgbm_residual_v1,2025-02-12,2024_25,0022400781,UTA,LAL,250,236.33333333333334,1.7656881492145262,238.09902148254787,1.765688149214526,11.900978517452131,11.900978517452131,141.63328967285713,789,
baseline_lgbm_residual_v1,2025-02-12,2024_25,0022400782,DAL,GSW,218,233.33333333333334,-1.0086659463491587,232.32466738698417,-1.0086659463491685,-14.324667386984185,14.324667386984174,205.196095747728,789,
baseline_lgbm_residual_v1,2025-02-12,2024_25,0022400783,LAC,MEM,242,237.33333333333334,2.339714608061683,239.67304794139503,2.3397146080616835,2.326952058604974,2.3269520586049737,5.414705883045925,789,
baseline_lgbm_residual_v1,2025-02-13,2024_25,0022400787,MIN,OKC,217,222.0,-0.7805436488701344,221.21945635112988,-0.7805436488701218,-4.219456351129866,4.219456351129878,17.803811899090267,804,
baseline_lgbm_residual_v1,2025-02-13,2024_25,0022400786,DAL,MIA,231,221.66666666666666,-2.640323855838102,219.02634281082857,-2.6403238558380906,11.973657189171444,11.973657189171433,143.36846648379674,804,
baseline_lgbm_residual_v1,2025-02-13,2024_25,0022401004,UTA,LAC,236,225.66666666666666,-1.3157188849415649,224.3509477817251,-1.3157188849415604,11.649052218274907,11.649052218274903,135.70041758409545,804,
baseline_lgbm_residual_v1,2025-02-13,2024_25,0022400784,HOU,GSW,203,216.66666666666666,0.28405147664833197,216.950718143315,0.2840514766483295,-13.950718143314988,13.950718143314987,194.62253671421794,804,
baseline_lgbm_residual_v1,2025-02-13,2024_25,0022400785,NOP,SAC,273,235.66666666666666,-0.7728452960090041,234.89382137065766,-0.7728452960089953,38.106178629342345,38.10617862934234,1452.0808497313467,804,
baseline_lgbm_residual_v1,2025-02-19,2024_25,0022400524,LAL,CHA,197,227.16666666666666,-1.5468449108946265,225.61982175577202,-1.5468449108946345,-28.61982175577203,28.619821755772023,819.0941973321616,809,
baseline_lgbm_residual_v1,2025-02-20,2024_25,0022400796,POR,LAL,212,227.0,4.613407143109049,231.61340714310904,4.613407143109043,-19.61340714310905,19.613407143109043,384.6857397613608,810,
baseline_lgbm_residual_v1,2025-02-20,2024_25,0022400788,IND,MEM,240,249.83333333333334,2.337260833782202,252.17059416711555,2.33726083378221,-12.170594167115546,12.170594167115553,148.12336238062713,810,
baseline_lgbm_residual_v1,2025-02-20,2024_25,0022400789,PHI,BOS,228,223.5,-2.9817773030399297,220.51822269696007,-2.9817773030399337,7.48177730303993,7.481777303039934,55.976991612283506,810,
baseline_lgbm_residual_v1,2025-02-20,2024_25,0022400790,ATL,ORL,222,222.66666666666666,0.6448022833594516,223.3114689500261,0.6448022833594393,-1.3114689500261087,1.3114689500260965,1.7199508068825522,810,
baseline_lgbm_residual_v1,2025-02-20,2024_25,0022400791,BKN,CLE,207,225.5,0.9907325788887955,226.49073257888878,0.9907325788887817,-19.490732578888796,19.49073257888878,379.88865646175657,810,
baseline_lgbm_residual_v1,2025-02-20,2024_25,0022400792,NYK,CHI,224,242.5,0.23759629114279784,242.7375962911428,0.23759629114280756,-18.737596291142797,18.737596291142808,351.0975147698487,810,
baseline_lgbm_residual_v1,2025-02-20,2024_25,0022400793,MIL,LAC,226,227.33333333333334,5.407995630968626,232.74132896430197,5.407995630968628,-6.741328964301969,6.741328964301971,45.44551620493668,810,
baseline_lgbm_residual_v1,2025-02-20,2024_25,0022400794,DEN,CHA,244,228.33333333333334,-2.5765497671071858,225.75678356622615,-2.5765497671071955,18.243216433773842,18.243216433773853,332.8149458495164,810,
baseline_lgbm_residual_v1,2025-02-20,2024_25,0022400795,SAS,PHX,229,237.0,-0.15390079423632036,236.8460992057637,-0.1539007942363071,-7.84609920576368,7.846099205763693,61.56127274668565,810,
baseline_lgbm_residual_v1,2025-02-21,2024_25,0022400797,CLE,NYK,247,239.5,0.46314566437604265,239.96314566437604,0.463145664376043,7.036854335623957,7.036854335623957,49.51731894078968,819,
baseline_lgbm_residual_v1,2025-02-21,2024_25,0022400800,TOR,MIA,231,221.33333333333334,-0.3237393095413694,221.00959402379198,-0.32373930954136654,9.990405976208027,9.990405976208024,99.808211569453,819,
baseline_lgbm_residual_v1,2025-02-21,2024_25,0022400801,HOU,MIN,236,216.5,0.10616178483348193,216.6061617848335,0.10616178483348904,19.393838215166518,19.39383821516651,376.12096071605293,819,
baseline_lgbm_residual_v1,2025-02-21,2024_25,0022400799,WAS,MIL,205,229.66666666666666,5.623554207678177,235.29022087434484,5.623554207678183,-30.290220874344833,30.29022087434484,917.4974806165959,819,
baseline_lgbm_residual_v1,2025-02-21,2024_25,0022400798,ORL,MEM,209,224.5,0.4984623374092797,224.99846233740928,0.49846233740927914,-15.99846233740928,15.99846233740928,255.95079716150317,819,
baseline_lgbm_residual_v1,2025-02-21,2024_25,0022400805,SAC,GSW,240,233.5,-1.140964768507714,232.3590352314923,-1.1409647685077005,7.640964768507714,7.6409647685077005,58.38434259357594,819,
baseline_lgbm_residual_v1,2025-02-21,2024_25,0022400804,UTA,OKC,237,236.5,1.2795987385060075,237.779598738506,1.279598738505996,-0.7795987385060075,0.7795987385059959,0.6077741930801402,819,
baseline_lgbm_residual_v1,2025-02-21,2024_25,0022400802,SAS,DET,235,232.5,3.239414824943684,235.73941482494368,3.2394148249436796,-0.739414824943684,0.7394148249436796,0.5467342833464923,819,
baseline_lgbm_residual_v1,2025-02-21,2024_25,0022400803,DAL,NOP,214,236.83333333333334,2.3843020839718068,239.21763541730516,2.384302083971818,-25.21763541730515,25.21763541730516,635.9291360401236,819,
baseline_lgbm_residual_v1,2025-02-22,2024_25,0022400806,CHI,PHX,238,238.5,-2.5478281062914,235.9521718937086,-2.547828106291405,2.0478281062914,2.047828106291405,4.193599952917042,828,
baseline_lgbm_residual_v1,2025-02-22,2024_25,0022400807,PHI,BKN,208,213.5,2.8661915562699987,216.36619155627,2.866191556269996,-8.36619155627,8.366191556269996,69.99316115620337,828,
baseline_lgbm_residual_v1,2025-02-22,2024_25,0022400808,DEN,LAL,223,240.66666666666666,0.9969243101252937,241.66359097679194,0.99692431012528,-18.66359097679195,18.663590976791937,348.3296281489894,828,
baseline_lgbm_residual_v1,2025-02-22,2024_25,0022400809,UTA,HOU,239,228.66666666666666,3.2784744080129755,231.94514107467964,3.2784744080129826,7.054858925320367,7.05485892532036,49.771034456172345,828,
baseline_lgbm_residual_v1,2025-02-22,2024_25,0022400810,POR,CHA,229,222.0,-2.132201573388838,219.86779842661116,-2.1322015733888406,9.132201573388837,9.13220157338884,83.39710557700562,828,
baseline_lgbm_residual_v1,2025-02-23,2024_25,0022400817,MIL,MIA,233,221.5,2.141401037678285,223.6414010376783,2.1414010376782926,9.358598962321715,9.358598962321707,87.58337453756894,833,
baseline_lgbm_residual_v1,2025-02-23,2024_25,0022400815,ORL,WAS,200,216.33333333333334,-6.920008677429572,209.41332465590378,-6.920008677429564,-9.413324655903772,9.413324655903779,88.61068107744599,833,
baseline_lgbm_residual_v1,2025-02-23,2024_25,0022400811,BOS,NYK,223,231.5,1.936092738916797,233.43609273891678,1.9360927389167841,-10.436092738916797,10.436092738916784,108.91203165527162,833,
baseline_lgbm_residual_v1,2025-02-23,2024_25,0022400813,IND,LAC,240,230.5,-1.1652981943397078,229.3347018056603,-1.165298194339698,10.665298194339709,10.665298194339698,113.74858557418563,833,
baseline_lgbm_residual_v1,2025-02-23,2024_25,0022400814,ATL,DET,291,237.33333333333334,2.889243310818148,240.2225766441515,2.889243310818159,50.77742335584851,50.7774233558485,2578.3467226590687,833,
baseline_lgbm_residual_v1,2025-02-23,2024_25,0022400818,NOP,SAS,210,239.5,1.4195581324440292,240.91955813244402,1.419558132444024,-30.919558132444028,30.919558132444024,956.0190751055853,833,
baseline_lgbm_residual_v1,2025-02-23,2024_25,0022400816,TOR,PHX,236,227.5,-2.626770685472444,224.87322931452755,-2.626770685472451,11.126770685472444,11.12677068547245,123.80502588708907,833,
baseline_lgbm_residual_v1,2025-02-23,2024_25,0022400819,CLE,MEM,252,249.5,2.2236895469765874,251.7236895469766,2.223689546976601,0.2763104530234126,0.27631045302339885,0.0763474664499959,833,
baseline_lgbm_residual_v1,2025-02-23,2024_25,0022400820,MIN,OKC,253,228.83333333333334,-2.618897638919831,226.2144356944135,-2.618897638919833,26.785564305586487,26.78556430558649,717.4664551687091,833,
baseline_lgbm_residual_v1,2025-02-23,2024_25,0022400812,GSW,DAL,228,228.5,0.8209212381736203,229.3209212381736,0.8209212381736108,-1.3209212381736202,1.3209212381736108,1.7448329174581052,833,
baseline_lgbm_residual_v1,2025-02-24,2024_25,0022400823,PHI,CHI,252,232.0,-3.61357128856627,228.38642871143372,-3.613571288566277,23.61357128856627,23.613571288566277,557.6007490002016,843,
baseline_lgbm_residual_v1,2025-02-24,2024_25,0022400821,DET,LAC,203,224.0,0.08110444299988197,224.08110444299987,0.08110444299987307,-21.081104442999884,21.081104442999873,444.412964536669,843,
baseline_lgbm_residual_v1,2025-02-24,2024_25,0022400822,IND,DEN,241,246.33333333333334,2.3944361049847207,248.72776943831806,2.3944361049847203,-7.727769438318063,7.727769438318063,59.718420491802675,843,
baseline_lgbm_residual_v1,2025-02-24,2024_25,0022400824,WAS,BKN,206,214.16666666666666,7.164535982746628,221.33120264941329,7.164535982746628,-15.331202649413285,15.331202649413285,235.04577467737693,843,
baseline_lgbm_residual_v1,2025-02-24,2024_25,0022400828,SAC,CHA,218,231.16666666666666,1.67532507973411,232.84199174640077,1.6753250797341082,-14.841991746400767,14.841991746400765,220.28471900022845,843,
baseline_lgbm_residual_v1,2025-02-24,2024_25,0022400827,UTA,POR,226,232.0,3.169907233433185,235.16990723343318,3.169907233433179,-9.169907233433186,9.169907233433179,84.08719866977013,843,
baseline_lgbm_residual_v1,2025-02-24,2024_25,0022400826,OKC,MIN,259,227.16666666666666,-0.9134628675603289,226.25320379910633,-0.9134628675603267,32.74679620089367,32.74679620089367,1072.352661422864,843,
baseline_lgbm_residual_v1,2025-02-24,2024_25,0022400825,ATL,MIA,184,227.16666666666666,0.7634012979929456,227.9300679646596,0.7634012979929423,-43.9300679646596,43.9300679646596,1929.8508713796116,843,
baseline_lgbm_residual_v1,2025-02-25,2024_25,0022400834,GSW,CHA,220,222.5,-3.144133324574554,219.35586667542543,-3.144133324574568,0.644133324574554,0.6441333245745682,0.414907739827486,851,
baseline_lgbm_residual_v1,2025-02-25,2024_25,0022400833,NOP,SAS,212,237.83333333333334,-0.23871818417332152,237.59461514916003,-0.23871818417330815,-25.59461514916002,25.594615149160035,655.0843246336124,851,
baseline_lgbm_residual_v1,2025-02-25,2024_25,0022400832,MEM,PHX,299,244.83333333333334,0.1418051646438543,244.97513849797718,0.1418051646438414,54.0248615020228,54.024861502022816,2918.685660312747,851,
baseline_lgbm_residual_v1,2025-02-25,2024_25,0022400835,LAL,DAL,206,231.5,0.529971355022389,232.02997135502238,0.5299713550223828,-26.02997135502239,26.029971355022383,677.5594087432858,851,
baseline_lgbm_residual_v1,2025-02-25,2024_25,0022400830,ORL,CLE,204,224.16666666666666,2.0864708860456376,226.2531375527123,2.086470886045646,-22.253137552712296,22.253137552712303,495.20213093993453,851,
baseline_lgbm_residual_v1,2025-02-25,2024_25,0022400829,TOR,BOS,212,226.33333333333334,1.5550550899048898,227.88838842323824,1.5550550899048972,-15.888388423238233,15.88838842323824,252.44088668769092,851,
baseline_lgbm_residual_v1,2025-02-25,2024_25,0022400831,HOU,MIL,197,226.33333333333334,1.8661829487529533,228.1995162820863,1.8661829487529644,-31.199516282086297,31.199516282086307,973.4098162361686,851,
baseline_lgbm_residual_v1,2025-02-26,2024_25,0022400844,HOU,SAS,224,227.0,-1.4055952074098361,225.59440479259015,-1.4055952074098457,-1.5944047925901639,1.5944047925901543,2.542126642634453,858,
baseline_lgbm_residual_v1,2025-02-26,2024_25,0022400843,UTA,SAC,219,235.66666666666666,-0.709375542071865,234.9572911245948,-0.7093755420718537,-15.957291124594793,15.957291124594803,254.63514003507208,858,
baseline_lgbm_residual_v1,2025-02-26,2024_25,0022400842,CHI,LAC,239,228.0,3.0186649096275797,231.01866490962757,3.0186649096275744,7.98133509037242,7.981335090372426,63.701709824810216,858,
baseline_lgbm_residual_v1,2025-02-26,2024_25,0022400841,MIA,ATL,240,229.16666666666666,-1.4364392143501965,227.73022745231646,-1.4364392143502016,12.269772547683539,12.269772547683544,150.54731837188874,858,
baseline_lgbm_residual_v1,2025-02-26,2024_25,0022400836,DET,BOS,214,225.83333333333334,3.600775936340008,229.43410926967334,3.60077593634,-15.43410926967335,15.434109269673343,238.2117289482166,858,
baseline_lgbm_residual_v1,2025-02-26,2024_25,0022400839,WAS,POR,250,230.33333333333334,0.8519646052934189,231.18529793862677,0.851964605293432,18.81470206137324,18.814702061373225,353.99301365824186,858,
baseline_lgbm_residual_v1,2025-02-26,2024_25,0022400838,NYK,PHI,215,231.0,2.7251445322826204,233.72514453228263,2.725144532282627,-18.72514453228262,18.725144532282627,350.63103775487394,858,
baseline_lgbm_residual_v1,2025-02-26,2024_25,0022400837,IND,TOR,202,235.83333333333334,-2.3648467761116283,233.46848655722172,-2.3648467761116194,-31.468486557221716,31.468486557221723,990.2656462020443,858,
baseline_lgbm_residual_v1,2025-02-26,2024_25,0022400840,BKN,OKC,250,217.16666666666666,-1.5529165261903823,215.61375014047627,-1.552916526190387,34.38624985952372,34.38624985952373,1182.4141794015957,858,
baseline_lgbm_residual_v1,2025-02-27,2024_25,0022400845,ORL,GSW,236,210.5,1.2128611269979221,211.71286112699792,1.2128611269979217,24.28713887300208,24.28713887300208,589.8651146364887,867,
baseline_lgbm_residual_v1,2025-02-27,2024_25,0022400847,DAL,CHA,199,223.33333333333334,0.4007756613463989,223.73410899467973,0.40077566134638687,-24.73410899467974,24.73410899467973,611.7761477606967,867,
baseline_lgbm_residual_v1,2025-02-27,2024_25,0022400846,MIL,DEN,233,240.16666666666666,3.182836273399162,243.34950294006583,3.1828362733991753,-10.349502940065818,10.349502940065832,107.11221110643132,867,
baseline_lgbm_residual_v1,2025-02-27,2024_25,0022400849,LAL,MIN,213,226.16666666666666,3.2041586928104833,229.37082535947715,3.204158692810495,-16.37082535947714,16.370825359477152,268.0039229505002,867,
baseline_lgbm_residual_v1,2025-02-27,2024_25,0022400848,PHX,NOP,240,235.66666666666666,1.4422267508653464,237.10889341753202,1.442226750865359,2.8911065824679962,2.891106582467984,8.358497271189705,867,
baseline_lgbm_residual_v1,2025-02-28,2024_25,0022400854,MIA,IND,245,225.5,-0.8171589115149389,224.68284108848505,-0.8171589115149516,20.317158911514937,20.31715891151495,412.78694623575143,872,
baseline_lgbm_residual_v1,2025-02-28,2024_25,0022400851,ATL,OKC,254,241.83333333333334,5.183862205428753,247.0171955387621,5.183862205428767,6.9828044612379045,6.98280446123789,48.75955814388379,872,
baseline_lgbm_residual_v1,2025-02-28,2024_25,0022400852,BOS,CLE,239,232.5,6.144853102824351,238.64485310282436,6.1448531028243565,0.35514689717564885,0.3551468971756435,0.1261293185734871,872,
baseline_lgbm_residual_v1,2025-02-28,2024_25,0022400853,BKN,POR,223,218.33333333333334,1.749679339488033,220.08301267282138,1.7496793394880399,2.9169873271786244,2.9169873271786173,8.508815066920654,872,
baseline_lgbm_residual_v1,2025-02-28,2024_25,0022400850,DET,DEN,253,237.0,1.9085810280572928,238.90858102805728,1.9085810280572844,14.091418971942707,14.091418971942716,198.5680886428271,872,
baseline_lgbm_residual_v1,2025-02-28,2024_25,0022400855,CHI,TOR,240,235.33333333333334,-3.140971894955425,232.19236143837793,-3.1409718949554133,7.807638561622082,7.8076385616220705,60.959219908927956,872,
baseline_lgbm_residual_v1,2025-02-28,2024_25,0022400856,MEM,NYK,227,245.0,2.3401962196912667,247.34019621969128,2.340196219691279,-20.340196219691265,20.34019621969128,413.7235822555434,872,
baseline_lgbm_residual_v1,2025-02-28,2024_25,0022400857,PHX,NOP,233,235.66666666666666,2.107952810985759,237.7746194776524,2.1079528109857506,-4.774619477652417,4.774619477652408,22.79699115637775,872,
baseline_lgbm_residual_v1,2025-02-28,2024_25,0022400859,LAL,LAC,208,220.16666666666666,2.0032953010762946,222.16996196774295,2.0032953010762924,-14.169961967742951,14.16996196774295,200.78782216728163,872,
baseline_lgbm_residual_v1,2025-02-28,2024_25,0022400858,UTA,MIN,233,226.33333333333334,0.8111163199213126,227.14444965325467,0.8111163199213252,5.8555503467453445,5.855550346745332,34.28746986326938,872,
baseline_lgbm_residual_v1,2025-03-01,2024_25,0022400860,CHA,WAS,213,219.66666666666666,-1.8932118581576245,217.77345480850903,-1.8932118581576276,-4.773454808509033,4.77345480850903,22.785870808877977,882,
baseline_lgbm_residual_v1,2025-03-01,2024_25,0022400861,DET,BKN,209,218.16666666666666,0.5860352678906735,218.75270193455734,0.5860352678906793,-9.752701934557331,9.752701934557336,95.11519502431841,882,
baseline_lgbm_residual_v1,2025-03-01,2024_25,0022400862,HOU,SAC,216,228.0,0.6579449380699168,228.6579449380699,0.6579449380699032,-12.657944938069917,12.657944938069903,160.22357005520948,882,
baseline_lgbm_residual_v1,2025-03-01,2024_25,0022400863,MEM,SAS,258,242.33333333333334,-0.12127977428757981,242.21205355904576,-0.1212797742875864,15.787946440954236,15.787946440954244,249.25925282243978,882,
baseline_lgbm_residual_v1,2025-03-01,2024_25,0022400864,PHI,GSW,245,225.66666666666666,2.5102136119689487,228.1768802786356,2.510213611968936,16.823119721364392,16.823119721364407,283.01735715936,882,
baseline_lgbm_residual_v1,2025-03-01,2024_25,0022400865,DAL,MIL,249,227.66666666666666,0.4551667785537149,228.12183344522037,0.4551667785537177,20.87816655477963,20.878166554779625,435.89783868911854,882,
baseline_lgbm_residual_v1,2025-03-02,2024_25,0022400869,MIA,NYK,228,223.0,0.6607386651023701,223.66073866510237,0.6607386651023717,4.33926133489763,4.339261334897628,18.829188932537548,888,
baseline_lgbm_residual_v1,2025-03-02,2024_25,0022400866,BOS,DEN,213,235.33333333333334,6.062249311094599,241.39558264442795,6.062249311094604,-28.395582644427943,28.395582644427947,806.3091137165376,888,
baseline_lgbm_residual_v1,2025-03-02,2024_25,0022400867,CLE,POR,262,234.33333333333334,4.321162234379694,238.65449556771304,4.321162234379699,23.345504432286965,23.34550443228696,545.01257719793,888,
baseline_lgbm_residual_v1,2025-03-02,2024_25,0022400874,LAL,LAC,210,219.83333333333334,-0.49119814018306934,219.34213519315028,-0.49119814018305874,-9.342135193150273,9.342135193150284,87.2754899670971,888,
baseline_lgbm_residual_v1,2025-03-02,2024_25,0022400868,IND,CHI,239,243.16666666666666,2.1391584820174647,245.30582514868414,2.1391584820174785,-6.3058251486841215,6.305825148684136,39.763430805777304,888,
baseline_lgbm_residual_v1,2025-03-02,2024_25,0022400872,UTA,NOP,249,232.0,2.7847334826448247,234.7847334826448,2.7847334826448105,14.215266517355175,14.21526651735519,202.07380215943954,888,
baseline_lgbm_residual_v1,2025-03-02,2024_25,0022400873,PHX,MIN,214,229.66666666666666,4.105582762185051,233.7722494288517,4.105582762185037,-19.77224942885171,19.772249428851694,390.94184747672614,888,
baseline_lgbm_residual_v1,2025-03-02,2024_25,0022400871,SAS,OKC,278,235.33333333333334,5.36781786968258,240.7011512030159,5.367817869682568,37.298848796984075,37.29884879698409,1391.2041215802815,888,
baseline_lgbm_residual_v1,2025-03-02,2024_25,0022400870,ORL,TOR,206,211.5,-2.5727685272051812,208.92723147279483,-2.57276852720517,-2.9272314727948188,2.92723147279483,8.568684095320588,888,
baseline_lgbm_residual_v1,2025-03-03,2024_25,0022400875,CHA,GSW,220,224.33333333333334,6.397775856718183,230.7311091900515,6.3977758567181695,-10.731109190051527,10.731109190051512,115.15670444880803,897,
baseline_lgbm_residual_v1,2025-03-03,2024_25,0022400876,PHI,POR,221,228.16666666666666,2.745751083877685,230.91241775054434,2.7457510838776784,-9.912417750544343,9.912417750544336,98.25602566130642,897,
baseline_lgbm_residual_v1,2025-03-03,2024_25,0022400877,MIA,WAS,196,219.5,1.5812201785701325,221.08122017857013,1.5812201785701347,-25.08122017857013,25.081220178570135,629.0676056459137,897,
baseline_lgbm_residual_v1,2025-03-03,2024_25,0022400878,MEM,ATL,262,253.33333333333334,2.8688782006408124,256.20221153397415,2.8688782006408076,5.797788466025844,5.79778846602585,33.61435109678237,897,
baseline_lgbm_residual_v1,2025-03-03,2024_25,0022400879,OKC,HOU,265,226.83333333333334,-1.492557811872131,225.3407755214612,-1.4925578118721319,39.65922447853879,39.65922447853879,1572.8540862391303,897,
baseline_lgbm_residual_v1,2025-03-03,2024_25,0022400880,DAL,SAC,220,231.5,2.856092642623619,234.35609264262362,2.856092642623622,-14.356092642623619,14.356092642623622,206.0973959635921,897,
baseline_lgbm_residual_v1,2025-03-03,2024_25,0022400881,UTA,DET,240,232.16666666666666,2.9440168616942226,235.11068352836088,2.944016861694223,4.88931647163912,4.88931647163912,23.90541555984161,897,
baseline_lgbm_residual_v1,2025-03-04,2024_25,0022400886,CHI,CLE,256,246.0,1.4221589521289757,247.42215895212897,1.4221589521289673,8.577841047871024,8.577841047871033,73.57935704254122,904,
baseline_lgbm_residual_v1,2025-03-04,2024_25,0022400883,ORL,TOR,227,209.5,-2.4912760067781585,207.00872399322185,-2.4912760067781505,19.991276006778158,19.99127600677815,399.65111637918375,904,
baseline_lgbm_residual_v1,2025-03-04,2024_25,0022400884,ATL,MIL,248,240.83333333333334,-0.5217962590731351,240.3115370742602,-0.5217962590731418,7.688462925739792,7.688462925739799,59.11246216047539,904,
baseline_lgbm_residual_v1,2025-03-04,2024_25,0022400885,NYK,GSW,216,231.16666666666666,3.9181249675213716,235.08479163418804,3.918124967521379,-19.08479163418803,19.084791634188036,364.2292717203737,904,
baseline_lgbm_residual_v1,2025-03-04,2024_25,0022400890,LAL,NOP,251,230.0,1.3941010944941081,231.39410109449412,1.3941010944941183,19.605898905505892,19.60589890550588,384.39127189291673,904,
baseline_lgbm_residual_v1,2025-03-04,2024_25,0022400887,MIN,PHI,238,223.33333333333334,-0.1085566105139317,223.2247767228194,-0.1085566105139435,14.775223277180588,14.7752232771806,218.30722289053946,904,
baseline_lgbm_residual_v1,2025-03-04,2024_25,0022400888,SAS,BKN,240,225.33333333333334,3.341532056690845,228.6748653900242,3.341532056690852,11.325134609975812,11.325134609975805,128.25867393407182,904,
baseline_lgbm_residual_v1,2025-03-04,2024_25,0022400889,PHX,LAC,236,225.33333333333334,0.6121092831794048,225.94544261651274,0.6121092831793931,10.054557383487252,10.054557383487264,101.09412417783825,904,
baseline_lgbm_residual_v1,2025-03-04,2024_25,0022400882,IND,HOU,217,230.33333333333334,2.539104863569936,232.8724381969033,2.5391048635699462,-15.872438196903278,15.872438196903289,251.93429431451455,904,
baseline_lgbm_residual_v1,2025-03-05,2024_25,0022400892,CHA,MIN,235,223.5,0.05726623317630237,223.5572662331763,0.05726623317630697,11.442733766823698,11.442733766823693,130.93615605840714,913,
baseline_lgbm_residual_v1,2025-03-05,2024_25,0022400894,WAS,UTA,247,230.5,-3.3173554370840233,227.18264456291598,-3.317355437084018,19.817355437084025,19.817355437084018,392.72757651972347,913,
baseline_lgbm_residual_v1,2025-03-05,2024_25,0022400891,BOS,POR,246,225.0,6.329953792013771,231.32995379201378,6.329953792013782,14.670046207986228,14.670046207986218,215.21025574445082,913,
baseline_lgbm_residual_v1,2025-03-05,2024_25,0022400893,CLE,MIA,219,227.16666666666666,0.08481774087999022,227.25148440754666,0.08481774087999838,-8.251484407546647,8.251484407546656,68.08699492798559,913,
baseline_lgbm_residual_v1,2025-03-05,2024_25,0022400895,MEM,OKC,223,250.5,-4.058165216139284,246.4418347838607,-4.058165216139287,-23.441834783860717,23.441834783860713,549.5196180338221,913,
baseline_lgbm_residual_v1,2025-03-05,2024_25,0022400897,MIL,DAL,244,225.33333333333334,-0.2960199983880023,225.03731333494534,-0.2960199983880045,18.962686665054658,18.96268666505466,359.5834855570419,913,
baseline_lgbm_residual_v1,2025-03-05,2024_25,0022400898,LAC,DET,238,219.5,2.4418526530081874,221.9418526530082,2.4418526530081976,16.058147346991813,16.058147346991802,257.86409621769985,913,
baseline_lgbm_residual_v1,2025-03-05,2024_25,0022400896,DEN,SAC,226,237.0,0.6273887067708672,237.62738870677086,0.6273887067708586,-11.627388706770867,11.627388706770859,135.1961681383425,913,
baseline_lgbm_residual_v1,2025-03-06,2024_25,0022400899,ATL,IND,242,247.16666666666666,-0.710029971405582,246.45663669526107,-0.7100299714055893,-4.456636695261075,4.456636695261068,19.861610633547492,921,
baseline_lgbm_residual_v1,2025-03-06,2024_25,0022400900,BOS,PHI,228,221.83333333333334,0.7154769616754948,222.54881029500885,0.7154769616755061,5.451189704991163,5.451189704991151,29.71546919980151,921,
baseline_lgbm_residual_v1,2025-03-06,2024_25,0022400901,BKN,GSW,240,224.5,3.1950336863760467,227.69503368637604,3.1950336863760356,12.304966313623954,12.304966313623964,151.41219597942055,921,
baseline_lgbm_residual_v1,2025-03-06,2024_25,0022400902,NOP,HOU,206,228.33333333333334,2.7065490957357268,231.03988242906908,2.7065490957357383,-25.03988242906907,25.03988242906908,626.9957120616025,921,
baseline_lgbm_residual_v1,2025-03-06,2024_25,0022400903,LAL,NYK,222,229.66666666666666,2.0637758679460663,231.73044253461273,2.0637758679460774,-9.730442534612724,9.730442534612735,94.68151191940069,921,
baseline_lgbm_residual_v1,2025-03-06,2024_25,0022400944,ORL,CHI,248,219.16666666666666,-2.817131069745348,216.3495355969213,-2.8171310697453578,31.65046440307869,31.6504644030787,1001.751896930552,921,
baseline_lgbm_residual_v1,2025-03-07,2024_25,0022400907,MIA,MIN,210,216.16666666666666,0.5037400243084178,216.67040669097508,0.5037400243084278,-6.670406690975075,6.670406690975085,44.494325423005186,927,
baseline_lgbm_residual_v1,2025-03-07,2024_25,0022400904,CHA,CLE,235,234.33333333333334,3.621582050482809,237.95491538381614,3.6215820504828002,-2.954915383816152,2.954915383816143,8.731524925513304,927,
baseline_lgbm_residual_v1,2025-03-07,2024_25,0022400905,TOR,UTA,227,229.83333333333334,-1.7121662031840166,228.12116713014933,-1.7121662031840117,-1.1211671301493262,1.1211671301493311,1.2570157337272871,927,
baseline_lgbm_residual_v1,2025-03-07,2024_25,0022400906,DAL,MEM,233,239.33333333333334,-4.397550677915107,234.93578265541822,-4.39755067791512,-1.9357826554182358,1.9357826554182225,3.7472544890180246,927,
baseline_lgbm_residual_v1,2025-03-07,2024_25,0022400911,LAC,NYK,200,220.16666666666666,0.5780159117608986,220.74468257842756,0.5780159117609003,-20.744682578427557,20.744682578427557,430.3418552797158,927,
baseline_lgbm_residual_v1,2025-03-07,2024_25,0022400909,DEN,PHX,290,237.5,-2.587996357631089,234.91200364236892,-2.5879963576310843,55.08799635763109,55.087996357631084,3034.6873426983757,927,
baseline_lgbm_residual_v1,2025-03-07,2024_25,0022400910,SAC,SAS,236,235.66666666666666,-0.00922174797005526,235.6574449186966,-0.009221747970059369,0.34255508130339807,0.3425550813034022,0.11734398372678047,927,
baseline_lgbm_residual_v1,2025-03-07,2024_25,0022400908,OKC,POR,196,227.0,5.762904118095554,232.76290411809555,5.762904118095548,-36.762904118095555,36.76290411809555,1351.5111191962867,927,
baseline_lgbm_residual_v1,2025-03-08,2024_25,0022400917,MIL,ORL,220,217.83333333333334,2.9049493948541656,220.7382827281875,2.9049493948541567,-0.7382827281875084,0.7382827281874995,0.5450613867399773,935,
baseline_lgbm_residual_v1,2025-03-08,2024_25,0022400919,GSW,DET,225,233.33333333333334,0.7016552991149729,234.03498863244832,0.7016552991149752,-9.034988632448316,9.034988632448318,81.63101958847032,935,
baseline_lgbm_residual_v1,2025-03-08,2024_25,0022400916,MIA,CHI,223,226.33333333333334,-2.491167733633954,223.8421655996994,-2.4911677336339437,-0.8421655996993889,0.8421655996993991,0.7092428973170485,935,
baseline_lgbm_residual_v1,2025-03-08,2024_25,0022400918,BOS,LAL,212,226.5,3.758296776221738,230.25829677622173,3.7582967762217265,-18.258296776221737,18.258296776221727,333.3654011685887,935,
baseline_lgbm_residual_v1,2025-03-08,2024_25,0022400914,ATL,IND,238,243.33333333333334,-1.4605441852318608,241.87278914810148,-1.4605441852318677,-3.8727891481014822,3.872789148101475,14.99849578565255,935,
baseline_lgbm_residual_v1,2025-03-08,2024_25,0022400913,HOU,NOP,263,229.66666666666666,-0.5703838376972805,229.09628282896938,-0.5703838376972783,33.90371717103062,33.90371717103062,1149.4620380132367,935,
baseline_lgbm_residual_v1,2025-03-08,2024_25,0022400915,TOR,WAS,235,222.66666666666666,2.2604367674724055,224.92710343413907,2.260436767472413,10.072896565860937,10.07289656586093,101.4632452265329,935,
baseline_lgbm_residual_v1,2025-03-08,2024_25,0022400912,CHA,BKN,207,212.66666666666666,-2.1173122584702755,210.5493544081964,-2.117312258470264,-3.5493544081963817,3.5493544081963933,12.59791671498317,935,
baseline_lgbm_residual_v1,2025-03-09,2024_25,0022400923,NOP,MEM,211,240.16666666666666,2.2055120653810163,242.37217873204767,2.205512065381015,-31.372178732047672,31.372178732047672,984.2135983955443,943,
baseline_lgbm_residual_v1,2025-03-09,2024_25,0022400920,OKC,DEN,230,240.66666666666666,-0.07005648373591652,240.59661018293073,-0.07005648373592521,-10.59661018293074,10.596610182930732,112.28814736899128,943,
baseline_lgbm_residual_v1,2025-03-09,2024_25,0022400921,DAL,PHX,241,228.83333333333334,-4.972773803845157,223.8605595294882,-4.9727738038451434,17.139440470511815,17.1394404705118,293.76041964221776,943,
baseline_lgbm_residual_v1,2025-03-09,2024_25,0022400922,MIL,CLE,212,237.83333333333334,1.3416830093017238,239.17501634263508,1.3416830093017325,-27.175016342635068,27.175016342635075,738.4815132224834,943,
baseline_lgbm_residual_v1,2025-03-09,2024_25,0022400924,PHI,UTA,248,225.33333333333334,-1.4384339323462016,223.89489940098713,-1.4384339323462143,24.105100599012857,24.10510059901287,581.0558748885308,943,
baseline_lgbm_residual_v1,2025-03-09,2024_25,0022400926,POR,DET,231,232.16666666666666,0.3573934031716544,232.5240600698383,0.3573934031716419,-1.5240600698383115,1.5240600698382991,2.3227590964755214,943,
baseline_lgbm_residual_v1,2025-03-09,2024_25,0022400925,MIN,SAS,265,233.0,-1.1948874793633906,231.8051125206366,-1.1948874793633877,33.19488747936339,33.19488747936339,1101.9005547675963,943,
baseline_lgbm_residual_v1,2025-03-09,2024_25,0022400927,LAC,SAC,221,220.83333333333334,6.930441813298432,227.7637751466318,6.930441813298444,-6.763775146631775,6.763775146631787,45.74865423419384,943,
baseline_lgbm_residual_v1,2025-03-10,2024_25,0022400931,MIA,CHA,207,216.33333333333334,0.7665151941479416,217.09984852748127,0.766515194147928,-10.099848527481285,10.09984852748127,102.0069402780656,951,
baseline_lgbm_residual_v1,2025-03-10,2024_25,0022400933,CHI,IND,224,241.5,-2.68759756347419,238.81240243652582,-2.687597563474185,-14.81240243652581,14.812402436525815,219.4072659415959,951,
baseline_lgbm_residual_v1,2025-03-10,2024_25,0022400928,ATL,PHI,255,234.5,-4.203671416694944,230.29632858330507,-4.203671416694931,24.703671416694945,24.70367141669493,610.2713814640301,951,
baseline_lgbm_residual_v1,2025-03-10,2024_25,0022400929,BOS,UTA,222,228.66666666666666,2.5367422941068885,231.20340896077354,2.5367422941068867,-9.203408960773546,9.203408960773544,84.70273649924677,951,
baseline_lgbm_residual_v1,2025-03-10,2024_25,0022400932,TOR,WAS,223,232.16666666666666,-0.9249097822645957,231.24175688440206,-0.9249097822645922,-8.241756884402061,8.241756884402065,67.92655654158884,951,
baseline_lgbm_residual_v1,2025-03-10,2024_25,0022400939,SAC,NYK,237,220.83333333333334,3.077468288071734,223.91080162140508,3.077468288071742,13.089198378594922,13.089198378594915,171.32711419421176,951,
baseline_lgbm_residual_v1,2025-03-10,2024_25,0022400934,HOU,ORL,181,213.5,1.8305269471461203,215.33052694714613,1.8305269471461258,-34.33052694714612,34.330526947146126,1178.5850804687263,951,
baseline_lgbm_residual_v1,2025-03-10,2024_25,0022400936,OKC,DEN,267,238.5,-0.25278203933932614,238.24721796066066,-0.25278203933933696,28.752782039339326,28.752782039339337,826.7224750017548,951,
baseline_lgbm_residual_v1,2025-03-10,2024_25,0022400937,SAS,DAL,262,229.33333333333334,-3.4111586173471924,225.92217471598616,-3.4111586173471835,36.07782528401385,36.07782528401384,1301.6094772238284,951,
baseline_lgbm_residual_v1,2025-03-10,2024_25,0022400938,GSW,POR,250,230.5,-0.16972875090185113,230.33027124909816,-0.16972875090183948,19.66972875090185,19.66972875090184,386.8982291340544,951,
baseline_lgbm_residual_v1,2025-03-10,2024_25,0022400935,MEM,PHX,238,242.66666666666666,2.547543116024452,245.2142097826911,2.547543116024457,-7.214209782691109,7.214209782691114,52.04482278867617,951,
baseline_lgbm_residual_v1,2025-03-10,2024_25,0022400930,BKN,LAL,219,215.66666666666666,2.9405930014625117,218.60725966812916,2.940593001462503,0.3927403318708311,0.39274033187084,0.15424496827801754,951,
baseline_lgbm_residual_v1,2025-03-11,2024_25,0022400943,NOP,LAC,247,224.5,4.1325957321373945,228.6325957321374,4.132595732137389,18.367404267862604,18.36740426786261,337.36153953909763,963,
baseline_lgbm_residual_v1,2025-03-11,2024_25,0022400942,IND,MIL,229,234.0,-0.5189261705403259,233.48107382945966,-0.5189261705403396,-4.481073829459675,4.48107382945966,20.080022665068267,963,
baseline_lgbm_residual_v1,2025-03-11,2024_25,0022400941,DET,WAS,226,234.5,0.9228604166318446,235.42286041663183,0.9228604166318348,-9.422860416631845,9.422860416631835,88.79029843132707,963,
baseline_lgbm_residual_v1,2025-03-11,2024_25,0022400940,CLE,BKN,213,227.0,2.266745799848865,229.26674579984888,2.266745799848877,-16.266745799848866,16.266745799848877,264.6070189169011,963,
baseline_lgbm_residual_v1,2025-03-12,2024_25,0022400948,MIA,LAC,223,209.5,1.5098533758180515,211.00985337581804,1.5098533758180395,11.990146624181948,11.99014662418196,143.76361606938207,967,
baseline_lgbm_residual_v1,2025-03-12,2024_25,0022400950,MEM,UTA,237,246.83333333333334,1.8474691451130167,248.68080247844637,1.847469145113024,-11.68080247844636,11.680802478446367,136.4411465404788,967,
baseline_lgbm_residual_v1,2025-03-12,2024_25,0022400953,POR,NYK,227,226.66666666666666,-1.0693174804408048,225.59734918622584,-1.0693174804408159,1.4026508137741476,1.4026508137741587,1.9674293053813097,967,
baseline_lgbm_residual_v1,2025-03-12,2024_25,0022400951,SAS,DAL,242,237.5,3.130325310631024,240.63032531063104,3.1303253106310365,1.369674689368976,1.3696746893689635,1.8760087546979667,967,
baseline_lgbm_residual_v1,2025-03-12,2024_25,0022400949,HOU,PHX,215,228.66666666666666,-2.8399620229602114,225.82670464370645,-2.839962022960208,-10.826704643706446,10.82670464370645,117.2175334420548,967,
baseline_lgbm_residual_v1,2025-03-12,2024_25,0022400952,DEN,MIN,210,235.33333333333334,-1.3575347487537517,233.9757985845796,-1.35753474875375,-23.975798584579593,23.975798584579593,574.8389177683288,967,
baseline_lgbm_residual_v1,2025-03-12,2024_25,0022400947,TOR,PHI,223,219.33333333333334,-1.3586279471584903,217.97470538617486,-1.3586279471584817,5.025294613825148,5.025294613825139,25.25358595573995,967,
baseline_lgbm_residual_v1,2025-03-12,2024_25,0022400946,BOS,OKC,230,228.0,-1.620745922725121,226.37925407727488,-1.6207459227251206,3.620745922725121,3.6207459227251206,13.109801036930586,967,
baseline_lgbm_residual_v1,2025-03-12,2024_25,0022400945,ATL,CHA,233,233.66666666666666,-2.354227416184939,231.31243925048173,-2.3542274161849264,1.6875607495182816,1.6875607495182692,2.8478612833146624,967,
baseline_lgbm_residual_v1,2025-03-13,2024_25,0022400954,DET,WAS,254,235.33333333333334,-0.6556349109982198,234.6776984223351,-0.6556349109982307,19.322301577664877,19.322301577664888,373.351338258231,976,
baseline_lgbm_residual_v1,2025-03-13,2024_25,0022400955,MIL,LAL,232,225.5,2.365474926936293,227.8654749269363,2.3654749269362867,4.134525073063707,4.134525073063713,17.094297579792503,976,
baseline_lgbm_residual_v1,2025-03-13,2024_25,0022400956,CHI,BKN,226,230.0,1.4325895313598225,231.4325895313598,1.4325895313598096,-5.432589531359822,5.43258953135981,29.513029016240196,976,
baseline_lgbm_residual_v1,2025-03-13,2024_25,0022400957,GSW,SAC,234,233.5,0.21273372801569565,233.7127337280157,0.21273372801570645,0.2872662719843043,0.28726627198429355,0.08252191101975412,976,
baseline_lgbm_residual_v1,2025-03-13,2024_25,0022401141,NOP,ORL,206,217.16666666666666,-0.6328593298475139,216.53380733681914,-0.6328593298475198,-10.533807336819143,10.533807336819137,110.96109700922469,976,
baseline_lgbm_residual_v1,2025-03-14,2024_25,0022400958,MIA,BOS,194,216.16666666666666,5.196147203362877,221.36281387002953,5.1961472033628695,-27.362813870029534,27.362813870029527,748.7235828858802,981,
baseline_lgbm_residual_v1,2025-03-14,2024_25,0022400965,DEN,LAL,257,231.5,0.737081648560691,232.2370816485607,0.7370816485606895,24.76291835143931,24.76291835143931,613.2021252800498,981,
baseline_lgbm_residual_v1,2025-03-14,2024_25,0022400959,PHI,IND,212,232.83333333333334,3.304401799964238,236.13773513329758,3.304401799964239,-24.137735133297582,24.137735133297582,582.6302573652284,981,
baseline_lgbm_residual_v1,2025-03-14,2024_25,0022400962,MEM,CLE,257,244.16666666666666,2.0951069499079185,246.26177361657457,2.0951069499079154,10.738226383425424,10.738226383425427,115.30950586169394,981,
baseline_lgbm_residual_v1,2025-03-14,2024_25,0022400960,ATL,LAC,219,232.33333333333334,2.4216149658407855,234.75494829917412,2.4216149658407744,-15.754948299174128,15.754948299174117,248.21839590964942,981,
baseline_lgbm_residual_v1,2025-03-14,2024_25,0022400966,UTA,TOR,244,231.83333333333334,5.537315461678293,237.37064879501165,5.537315461678304,6.629351204988364,6.629351204988353,43.94829739908053,981,
baseline_lgbm_residual_v1,2025-03-14,2024_25,0022400964,SAS,CHA,279,230.0,-2.0370050674327143,227.96299493256728,-2.037005067432716,51.037005067432716,51.037005067432716,2604.7758862531527,981,
baseline_lgbm_residual_v1,2025-03-14,2024_25,0022400963,MIN,ORL,229,208.5,1.4359486955352447,209.93594869553525,1.4359486955352452,19.064051304464755,19.064051304464755,363.4380521392643,981,
baseline_lgbm_residual_v1,2025-03-14,2024_25,0022400967,PHX,SAC,228,235.33333333333334,-1.4518698096951315,233.88146352363822,-1.4518698096951255,-5.881463523638211,5.881463523638217,34.59161317988688,981,
baseline_lgbm_residual_v1,2025-03-14,2024_25,0022400961,HOU,DAL,229,223.66666666666666,2.0089268524078805,225.67559351907454,2.008926852407882,3.3244064809254623,3.324406480925461,11.051678450419207,981,
baseline_lgbm_residual_v1,2025-03-15,2024_25,0022400968,BKN,BOS,228,214.83333333333334,-2.185665152674519,212.64766818065883,-2.1856651526745168,15.352331819341176,15.352331819341174,235.69409229115547,991,
baseline_lgbm_residual_v1,2025-03-15,2024_25,0022400975,DEN,WAS,249,239.33333333333334,1.8056557564505689,241.1389890897839,1.8056557564505624,7.8610109102160886,7.861010910216095,61.79549253053648,991,
baseline_lgbm_residual_v1,2025-03-15,2024_25,0022400974,GSW,NYK,191,229.5,-1.3576650994246366,228.14233490057535,-1.3576650994246506,-37.142334900575364,37.14233490057535,1379.5530418664976,991,
baseline_lgbm_residual_v1,2025-03-15,2024_25,0022400973,SAS,NOP,234,237.5,6.140057780048399,243.6400577800484,6.140057780048409,-9.640057780048398,9.640057780048409,92.93071400267185,991,
baseline_lgbm_residual_v1,2025-03-15,2024_25,0022400972,MIL,IND,245,235.5,-1.9860989260731976,233.5139010739268,-1.986098926073197,11.486098926073197,11.486098926073197,131.93046853953985,991,
baseline_lgbm_residual_v1,2025-03-15,2024_25,0022400971,MEM,MIA,216,228.0,1.028828989721676,229.0288289897217,1.0288289897216885,-13.028828989721676,13.028828989721688,169.75038484341226,991,
baseline_lgbm_residual_v1,2025-03-15,2024_25,0022400969,DET,OKC,220,234.5,-1.859141826004689,232.6408581739953,-1.8591418260047021,-12.64085817399531,12.640858173995298,159.79129537506373,991,
baseline_lgbm_residual_v1,2025-03-15,2024_25,0022400970,HOU,CHI,231,231.33333333333334,1.502953270129032,232.83628660346238,1.5029532701290407,-1.8362866034623748,1.8362866034623835,3.371948490055417,991,
baseline_lgbm_residual_v1,2025-03-16,2024_25,0022400977,LAL,PHX,203,229.66666666666666,1.231902889476339,230.898569556143,1.2319028894763449,-27.898569556142995,27.898569556143002,778.3301832789491,999,
baseline_lgbm_residual_v1,2025-03-16,2024_25,0022400978,BKN,ATL,236,229.0,0.8295869596141319,229.82958695961412,0.8295869596141188,6.170413040385868,6.170413040385881,38.073997088964134,999,
baseline_lgbm_residual_v1,2025-03-16,2024_25,0022400976,DAL,PHI,255,224.83333333333334,-2.7177967638010374,222.1155365695323,-2.717796763801033,32.8844634304677,32.88446343046769,1081.3879351097669,999,
baseline_lgbm_residual_v1,2025-03-16,2024_25,0022400538,LAC,CHA,211,221.5,0.5444389638548859,222.04443896385487,0.5444389638548728,-11.044438963854885,11.044438963854873,121.9796320263157,999,
baseline_lgbm_residual_v1,2025-03-16,2024_25,0022400982,MIL,OKC,226,231.5,0.10923505591639872,231.6092350559164,0.10923505591640037,-5.609235055916399,5.6092350559164,31.463517912521464,999,
baseline_lgbm_residual_v1,2025-03-16,2024_25,0022400981,MIN,UTA,230,231.5,3.134984691098307,234.6349846910983,3.1349846910983103,-4.634984691098307,4.63498469109831,21.4830830867157,999,
baseline_lgbm_residual_v1,2025-03-16,2024_25,0022400980,POR,TOR,207,228.66666666666666,2.174620334172109,230.84128700083878,2.1746203341721184,-23.841287000838765,23.841287000838776,568.406965856364,999,
baseline_lgbm_residual_v1,2025-03-16,2024_25,0022400979,CLE,ORL,211,219.5,2.300277191798139,221.80027719179813,2.3002771917981306,-10.80027719179814,10.80027719179813,116.64598741967491,999,
baseline_lgbm_residual_v1,2025-03-17,2024_25,0022400987,NOP,DET,208,233.16666666666666,2.2031850890772753,235.36985175574392,2.203185089077266,-27.369851755743934,27.369851755743923,749.1087851313987,1007,
baseline_lgbm_residual_v1,2025-03-17,2024_25,0022400985,HOU,PHI,281,222.5,2.1579121082022934,224.65791210820228,2.1579121082022823,56.3420878917977,56.34208789179772,3174.430868007059,1007,
baseline_lgbm_residual_v1,2025-03-17,2024_25,0022400537,LAL,SAS,234,229.33333333333334,1.192090970522214,230.52542430385554,1.1920909705222016,3.474575696144443,3.4745756961444556,12.072676268237728,1007,
baseline_lgbm_residual_v1,2025-03-17,2024_25,0022400984,NYK,MIA,211,212.0,-0.5607186353529039,211.4392813646471,-0.560718635352913,-0.4392813646470961,0.439281364647087,0.19296811732620703,1007,
baseline_lgbm_residual_v1,2025-03-17,2024_25,0022400986,MIN,IND,262,229.0,-0.46348483086142633,228.53651516913857,-0.46348483086143233,33.463484830861425,33.46348483086143,1119.8048170252932,1007,
baseline_lgbm_residual_v1,2025-03-17,2024_25,0022400995,POR,WAS,209,231.33333333333334,-0.8276172858897515,230.5057160474436,-0.8276172858897439,-21.50571604744359,21.5057160474436,462.4958227132731,1007,
baseline_lgbm_residual_v1,2025-03-17,2024_25,0022400989,UTA,CHI,208,240.16666666666666,-0.5185757236562236,239.64809094301043,-0.5185757236562267,-31.648090943010434,31.64809094301043,1001.6016603370589,1007,
baseline_lgbm_residual_v1,2025-03-17,2024_25,0022400990,GSW,DEN,219,236.5,-1.8452644464643722,234.65473555353563,-1.8452644464643697,-15.654735553535629,15.65473555353563,245.0707452511325,1007,
baseline_lgbm_residual_v1,2025-03-17,2024_25,0022400992,SAC,MEM,254,239.83333333333334,-0.8300685787896929,239.00326475454364,-0.8300685787897066,14.99673524545635,14.996735245456364,224.90206802231316,1007,
baseline_lgbm_residual_v1,2025-03-17,2024_25,0022400991,PHX,TOR,218,227.5,0.46891427554437565,227.96891427554436,0.46891427554436405,-9.968914275544376,9.968914275544364,99.37925183315221,1007,
baseline_lgbm_residual_v1,2025-03-18,2024_25,0022400993,CHA,ATL,236,236.66666666666666,2.0541747662377707,238.72084143290442,2.0541747662377645,-2.720841432904428,2.7208414329044217,7.402978103009387,1017,
baseline_lgbm_residual_v1,2025-03-18,2024_25,0022400994,BOS,BKN,200,215.5,1.55509825144267,217.05509825144267,1.555098251442672,-17.05509825144267,17.055098251442672,290.8763763663629,1017,
baseline_lgbm_residual_v1,2025-03-18,2024_25,0022400997,LAC,CLE,251,231.33333333333334,2.2040986399825866,233.53743197331593,2.2040986399825897,17.46256802668407,17.462568026684067,304.94128208656866,1017,
baseline_lgbm_residual_v1,2025-03-18,2024_25,0022401012,GSW,MIL,197,230.33333333333334,2.2203547199472173,232.55368805328055,2.22035471994721,-35.55368805328056,35.55368805328055,1264.0647341899844,1017,
baseline_lgbm_residual_v1,2025-03-19,2024_25,0022401001,MIN,NOP,234,228.5,-0.8178613282738622,227.68213867172614,-0.8178613282738638,6.317861328273862,6.317861328273864,39.91537176329839,1021,
baseline_lgbm_residual_v1,2025-03-19,2024_25,0022400627,UTA,WAS,240,234.33333333333334,-1.5030328507423811,232.83030048259096,-1.503032850742386,7.169699517409038,7.169699517409043,51.404591169935465,1021,
baseline_lgbm_residual_v1,2025-03-19,2024_25,0022400998,IND,DAL,266,234.33333333333334,2.0130263698277138,236.34635970316106,2.0130263698277133,29.653640296838944,29.653640296838944,879.3383828543105,1021,
baseline_lgbm_residual_v1,2025-03-19,2024_25,0022400999,ORL,HOU,224,211.0,4.621826868075491,215.6218268680755,4.6218268680754875,8.378173131924509,8.378173131924513,70.1937850285018,1021,
baseline_lgbm_residual_v1,2025-03-19,2024_25,0022401000,MIA,DET,229,218.0,4.123299147550656,222.12329914755065,4.123299147550654,6.876700852449344,6.876700852449346,47.289014614077566,1021,
baseline_lgbm_residual_v1,2025-03-19,2024_25,0022401009,SAC,CLE,242,235.5,2.441447584716458,237.94144758471646,2.4414475847164567,4.0585524152835415,4.058552415283543,16.47184770760388,1021,
baseline_lgbm_residual_v1,2025-03-19,2024_25,0022401002,OKC,PHI,233,229.16666666666666,0.9830635366641352,230.1497302033308,0.9830635366641332,2.850269796669208,2.8502697966692097,8.124037913804738,1021,
baseline_lgbm_residual_v1,2025-03-19,2024_25,0022401006,LAL,DEN,228,233.0,-1.7175934809365445,231.28240651906344,-1.7175934809365572,-3.2824065190634553,3.282406519063443,10.774192556390188,1021,
baseline_lgbm_residual_v1,2025-03-19,2024_25,0022401008,POR,MEM,214,235.5,-0.698853988961291,234.8011460110387,-0.6988539889613037,-20.80114601103871,20.801146011038696,432.68767537255104,1021,
baseline_lgbm_residual_v1,2025-03-19,2024_25,0022401003,SAS,NYK,225,231.0,-1.9905171918126143,229.00948280818739,-1.9905171918126143,-4.009482808187386,4.009482808187386,16.075952389150203,1021,
baseline_lgbm_residual_v1,2025-03-19,2024_25,0022401007,PHX,CHI,248,235.33333333333334,1.2268923132913951,236.56022564662473,1.226892313291387,11.439774353375261,11.43977435337527,130.86843725614258,1021,
baseline_lgbm_residual_v1,2025-03-20,2024_25,0022401013,SAC,CHI,244,234.66666666666666,1.2507942230962288,235.91746088976288,1.2507942230962215,8.082539110237114,8.082539110237121,65.32743846851268,1032,
baseline_lgbm_residual_v1,2025-03-20,2024_25,0022401011,IND,BKN,204,226.33333333333334,1.544266856270543,227.8776001896039,1.5442668562705535,-23.877600189603886,23.877600189603896,570.139790814572,1032,
baseline_lgbm_residual_v1,2025-03-20,2024_25,0022401010,CHA,NYK,213,222.0,-0.184862365916893,221.8151376340831,-0.1848623659168993,-8.815137634083108,8.8151376340831,77.70665150782821,1032,
baseline_lgbm_residual_v1,2025-03-20,2024_25,0022401005,GSW,TOR,231,226.0,3.436027814238291,229.4360278142383,3.4360278142382867,1.5639721857617088,1.5639721857617133,2.446008997836271,1032,
baseline_lgbm_residual_v1,2025-03-20,2024_25,0022400996,LAL,MIL,207,225.66666666666666,-2.4403445730011075,223.22632209366554,-2.440344573001113,-16.22632209366555,16.226322093665544,263.29352868737857,1032,
baseline_lgbm_residual_v1,2025-03-21,2024_25,0022401018,SAS,PHI,248,239.33333333333334,3.9539025932038525,243.2872359265372,3.95390259320385,4.712764073462805,4.712764073462807,22.210145212121752,1037,
baseline_lgbm_residual_v1,2025-03-21,2024_25,0022401015,MIA,HOU,200,214.5,5.620112015711134,220.12011201571113,5.620112015711129,-20.120112015711136,20.12011201571113,404.81890752476335,1037,
baseline_lgbm_residual_v1,2025-03-21,2024_25,0022401016,MIN,NOP,227,229.0,0.9222772552256168,229.92227725522562,0.9222772552256231,-2.922277255225617,2.922277255225623,8.539704356409002,1037,
baseline_lgbm_residual_v1,2025-03-21,2024_25,0022401017,OKC,CHA,247,227.16666666666666,0.525721088915726,227.6923877555824,0.5257210889157307,19.307612244417616,19.307612244417612,372.7838905807849,1037,
baseline_lgbm_residual_v1,2025-03-21,2024_25,0022401014,WAS,ORL,225,215.83333333333334,4.857688192461311,220.69102152579467,4.857688192461325,4.308978474205346,4.3089784742053325,18.567295491164916,1037,
baseline_lgbm_residual_v1,2025-03-21,2024_25,0022401020,UTA,BOS,220,228.0,-3.4117180811361996,224.5882819188638,-3.4117180811362005,-4.5882819188638,4.5882819188637995,21.05233096697247,1037,
baseline_lgbm_residual_v1,2025-03-21,2024_25,0022401021,PHX,CLE,235,239.33333333333334,0.8395813392681652,240.1729146726015,0.8395813392681646,-5.172914672601508,5.172914672601507,26.75904621001596,1037,
baseline_lgbm_residual_v1,2025-03-21,2024_25,0022401022,POR,DEN,237,225.5,-3.5825372627072203,221.91746273729277,-3.582537262707234,15.08253726270722,15.082537262707234,227.48293028095222,1037,
baseline_lgbm_residual_v1,2025-03-21,2024_25,0022401023,LAC,MEM,236,231.33333333333334,2.7897391829828866,234.12307251631623,2.789739182982885,1.8769274836837706,1.8769274836837724,3.5228567790074976,1037,
baseline_lgbm_residual_v1,2025-03-21,2024_25,0022401019,DAL,DET,240,235.66666666666666,1.1007666575243777,236.76743332419105,1.1007666575243888,3.232566675808965,3.232566675808954,10.44948731355055,1037,
baseline_lgbm_residual_v1,2025-03-22,2024_25,0022401024,IND,BKN,211,221.0,1.0818314402870732,222.08183144028706,1.0818314402870612,-11.081831440287074,11.081831440287061,122.8069880709348,1047,
baseline_lgbm_residual_v1,2025-03-22,2024_25,0022401025,ATL,GSW,239,229.5,1.9437503360184947,231.4437503360185,1.9437503360184962,7.5562496639815055,7.556249663981504,57.09690898442059,1047,
baseline_lgbm_residual_v1,2025-03-22,2024_25,0022401026,NYK,WAS,225,222.66666666666666,1.1219000521120406,223.7885667187787,1.1219000521120392,1.2114332812213022,1.2114332812213036,1.467570594850614,1047,
baseline_lgbm_residual_v1,2025-03-22,2024_25,0022401027,SAC,MIL,222,226.33333333333334,-0.5472320978475953,225.78610123548575,-0.5472320978475977,-3.7861012354857477,3.786101235485745,14.334562565346685,1047,
baseline_lgbm_residual_v1,2025-03-22,2024_25,0022401028,LAL,CHI,261,233.5,-0.4749951543962998,233.0250048456037,-0.4749951543963107,27.9749951543963,27.97499515439631,782.600353888497,1047,
baseline_lgbm_residual_v1,2025-03-23,2024_25,0022401030,UTA,CLE,211,237.33333333333334,-2.726895990238228,234.6064373430951,-2.7268959902382335,-23.606437343095116,23.60643734309511,557.2638840334753,1052,
baseline_lgbm_residual_v1,2025-03-23,2024_25,0022401032,MIA,CHA,227,211.83333333333334,-2.414842317770808,209.41849101556252,-2.4148423177708196,17.581508984437466,17.581508984437477,309.1094581698557,1052,
baseline_lgbm_residual_v1,2025-03-23,2024_25,0022401029,DET,NOP,266,230.33333333333334,-4.428573778182339,225.904759555151,-4.42857377818234,40.095240444849,40.095240444849,1607.6283063302549,1052,
baseline_lgbm_residual_v1,2025-03-23,2024_25,0022401031,ATL,PHI,251,237.66666666666666,3.843286409674948,241.50995307634162,3.8432864096749597,9.490046923658394,9.490046923658383,90.06099061323795,1052,
baseline_lgbm_residual_v1,2025-03-23,2024_25,0022401034,POR,BOS,245,220.5,2.042443748797205,222.5424437487972,2.0424437487972114,22.457556251202796,22.45755625120279,504.34183277593746,1052,
baseline_lgbm_residual_v1,2025-03-23,2024_25,0022401033,TOR,SAS,212,234.5,-2.4061173640600533,232.09388263593993,-2.4061173640600657,-20.09388263593995,20.093882635939934,403.7641193869284,1052,
baseline_lgbm_residual_v1,2025-03-23,2024_25,0022401035,HOU,DEN,227,227.16666666666666,-4.572998937186187,222.59366772948047,-4.572998937186185,4.40633227051953,4.406332270519528,19.415764078221777,1052,
baseline_lgbm_residual_v1,2025-03-23,2024_25,0022401036,LAC,OKC,204,228.5,2.676127554923595,231.1761275549236,2.676127554923596,-27.176127554923596,27.176127554923596,738.5419088814775,1052,
baseline_lgbm_residual_v1,2025-03-24,2024_25,0022401044,SAC,BOS,208,225.0,-0.27218989764940815,224.7278101023506,-0.2721898976494117,-16.727810102350592,16.72781010235059,279.8196308203024,1060,
baseline_lgbm_residual_v1,2025-03-24,2024_25,0022401042,DEN,CHI,248,239.33333333333334,0.3035930159582899,239.63692634929163,0.3035930159582847,8.363073650708367,8.363073650708372,69.94100088717266,1060,
baseline_lgbm_residual_v1,2025-03-24,2024_25,0022401041,NOP,PHI,211,233.0,0.28420431356813775,233.28420431356813,0.28420431356812514,-22.28420431356814,22.284204313568125,496.58576188884825,1060,
baseline_lgbm_residual_v1,2025-03-24,2024_25,0022401043,PHX,MIL,214,225.5,1.2671800558317163,226.76718005583172,1.267180055831716,-12.767180055831716,12.767180055831716,163.00088657802715,1060,
baseline_lgbm_residual_v1,2025-03-24,2024_25,0022401039,WAS,TOR,216,227.66666666666666,1.9851855769604818,229.65185224362713,1.9851855769604754,-13.65185224362714,13.651852243627133,186.37306968182716,1060,
baseline_lgbm_residual_v1,2025-03-24,2024_25,0022401038,ORL,LAL,224,215.83333333333334,2.1868996664083973,218.02023299974175,2.186899666408408,5.97976700025826,5.979767000258249,35.75761337737754,1060,
baseline_lgbm_residual_v1,2025-03-24,2024_25,0022401037,IND,MIN,222,231.16666666666666,1.0239650049584121,232.19063167162506,1.0239650049583986,-10.19063167162507,10.190631671625056,103.84897386672768,1060,
baseline_lgbm_residual_v1,2025-03-24,2024_25,0022401040,BKN,DAL,221,218.83333333333334,3.989302038355371,222.8226353716887,3.989302038355362,-1.8226353716887136,1.8226353716887047,3.321999698130823,1060,
baseline_lgbm_residual_v1,2025-03-25,2024_25,0022401052,SAC,OKC,226,231.33333333333334,-6.113177744428582,225.22015558890476,-6.113177744428583,0.7798444110952394,0.7798444110952403,0.6081573055164821,1068,
baseline_lgbm_residual_v1,2025-03-25,2024_25,0022401050,UTA,MEM,243,240.5,-4.938753980305797,235.5612460196942,-4.9387539803057905,7.438753980305797,7.4387539803057905,55.33506077951524,1068,
baseline_lgbm_residual_v1,2025-03-25,2024_25,0022401049,HOU,ATL,235,234.5,-0.1659861685639369,234.33401383143607,-0.16598616856393278,0.6659861685639369,0.6659861685639328,0.4435375767184671,1068,
baseline_lgbm_residual_v1,2025-03-25,2024_25,0022401051,POR,CLE,233,232.0,-1.146286429422755,230.85371357057724,-1.1462864294227586,2.146286429422755,2.1462864294227586,4.606545437124294,1068,
baseline_lgbm_residual_v1,2025-03-25,2024_25,0022401047,MIA,GSW,198,218.16666666666666,3.79123457932532,221.957901245992,3.7912345793253337,-23.957901245991977,23.95790124599199,573.9810321127046,1068,
baseline_lgbm_residual_v1,2025-03-25,2024_25,0022401046,DET,SAS,218,235.16666666666666,3.149737251926832,238.3164039185935,3.1497372519268367,-20.31640391859349,20.316403918593494,412.7562681834411,1068,
baseline_lgbm_residual_v1,2025-03-25,2024_25,0022401045,CHA,ORL,215,213.16666666666666,0.13722589284177092,213.30389255950843,0.13722589284176934,1.696107440491572,1.6961074404915735,2.8767804496908767,1068,
baseline_lgbm_residual_v1,2025-03-25,2024_25,0022401048,NYK,DAL,241,224.5,2.2413422567073757,226.74134225670738,2.2413422567073837,14.258657743292623,14.258657743292616,203.3093206403585,1068,
baseline_lgbm_residual_v1,2025-03-26,2024_25,0022401057,DEN,MIL,244,225.33333333333334,0.7074790244093756,226.0408123577427,0.7074790244093663,17.95918764225728,17.95918764225729,322.532420769807,1076,
baseline_lgbm_residual_v1,2025-03-26,2024_25,0022401056,NYK,LAC,239,217.5,1.818623635883072,219.31862363588309,1.8186236358830854,19.68137636411693,19.681376364116915,387.3565755860199,1076,
baseline_lgbm_residual_v1,2025-03-26,2024_25,0022401058,PHX,BOS,234,221.66666666666666,-0.5564474642779202,221.11021920238875,-0.5564474642779089,12.889780797611262,12.889780797611252,166.14644901046776,1076,
baseline_lgbm_residual_v1,2025-03-26,2024_25,0022401054,BKN,TOR,202,214.66666666666666,2.642119553556097,217.30878622022274,2.6421195535560855,-15.308786220222753,15.308786220222743,234.35893553648174,1076,
baseline_lgbm_residual_v1,2025-03-26,2024_25,0022401053,PHI,WAS,233,230.16666666666666,-0.9965148953972117,229.17015177126945,-0.9965148953972118,3.8298482287305546,3.8298482287305546,14.667737455110567,1076,
baseline_lgbm_residual_v1,2025-03-26,2024_25,0022401055,IND,LAL,239,235.33333333333334,0.1165564457650291,235.44988977909838,0.11655644576504187,3.550110220901628,3.5501102209016153,12.603282580550117,1076,
baseline_lgbm_residual_v1,2025-03-27,2024_25,0022401066,SAC,POR,235,225.66666666666666,1.3449651547955939,227.01163182146226,1.3449651547956023,7.988368178537749,7.9883681785377405,63.81402615587438,1082,
baseline_lgbm_residual_v1,2025-03-27,2024_25,0022401065,UTA,HOU,231,227.83333333333334,2.316896415003087,230.15022974833644,2.3168964150031,0.8497702516635703,0.849770251663557,0.722109480612345,1082,
baseline_lgbm_residual_v1,2025-03-27,2024_25,0022401064,OKC,MEM,229,237.83333333333334,4.299337388682436,242.13267072201577,4.2993373886824315,-13.132670722015778,13.132670722015774,172.46704029289032,1082,
baseline_lgbm_residual_v1,2025-03-27,2024_25,0022401063,CHI,LAL,236,237.83333333333334,1.0925908357761602,238.9259241691095,1.09259083577615,-2.925924169109503,2.925924169109493,8.561032243379076,1082,
baseline_lgbm_residual_v1,2025-03-27,2024_25,0022401059,CLE,SAS,240,238.66666666666666,1.3950094820854961,240.06167614875216,1.3950094820854986,-0.061676148752153326,0.06167614875215577,0.0038039473248980453,1082,
baseline_lgbm_residual_v1,2025-03-27,2024_25,0022401061,WAS,IND,271,234.5,0.08434761293177412,234.58434761293177,0.08434761293176507,36.41565238706823,36.415652387068235,1326.0997387757884,1082,
baseline_lgbm_residual_v1,2025-03-27,2024_25,0022401060,ORL,DAL,193,218.5,0.10466325554869332,218.6046632555487,0.10466325554870082,-25.604663255548694,25.6046632555487,655.5987804300458,1082,
baseline_lgbm_residual_v1,2025-03-27,2024_25,0022401062,MIA,ATL,234,228.0,0.2712750746440314,228.27127507464402,0.27127507464402356,5.7287249253559684,5.728724925355976,32.818289270394835,1082,
baseline_lgbm_residual_v1,2025-03-28,2024_25,0022401068,BKN,LAC,232,214.33333333333334,1.6146412223114108,215.94797455564475,1.6146412223114055,16.052025444355245,16.05202544435525,257.6675208662284,1090,
baseline_lgbm_residual_v1,2025-03-28,2024_25,0022401067,DET,CLE,255,229.66666666666666,0.20861643344860484,229.87528310011527,0.20861643344861136,25.12471689988474,25.12471689988473,631.2513992993535,1090,
baseline_lgbm_residual_v1,2025-03-28,2024_25,0022401069,TOR,CHA,205,216.5,-2.4852899374413537,214.01471006255863,-2.4852899374413653,-9.014710062558645,9.014710062558635,81.2649975119959,1090,
baseline_lgbm_residual_v1,2025-03-28,2024_25,0022401070,MIL,NYK,223,219.5,3.5242760605631296,223.02427606056312,3.5242760605631247,-0.024276060563129587,0.0242760605631247,0.0005893271164644984,1090,
baseline_lgbm_residual_v1,2025-03-28,2024_25,0022401072,NOP,GSW,206,224.0,1.7617561885914077,225.76175618859142,1.76175618859142,-19.76175618859141,19.76175618859142,390.5270076573313,1090,
baseline_lgbm_residual_v1,2025-03-28,2024_25,0022401073,DEN,UTA,222,239.0,2.3423802689366835,241.3423802689367,2.3423802689366937,-19.342380268936683,19.342380268936694,374.1276744681515,1090,
baseline_lgbm_residual_v1,2025-03-28,2024_25,0022401071,MIN,PHX,233,226.5,-0.37810308056013475,226.12189691943988,-0.3781030805601233,6.878103080560135,6.878103080560123,47.308301986810655,1090,
baseline_lgbm_residual_v1,2025-03-29,2024_25,0022401079,OKC,IND,243,238.5,-4.6467786864855976,233.8532213135144,-4.64677868648559,9.146778686485597,9.14677868648559,83.66356033954705,1097,
baseline_lgbm_residual_v1,2025-03-29,2024_25,0022401076,PHI,MIA,213,217.83333333333334,1.6462716258361438,219.47960495916948,1.6462716258361354,-6.479604959169487,6.479604959169478,41.985280426893695,1097,
baseline_lgbm_residual_v1,2025-03-29,2024_25,0022401080,SAS,BOS,232,228.83333333333334,0.4870967767783548,229.3204301101117,0.48709677677834406,2.6795698898883025,2.679569889888313,7.180094794796067,1097,
baseline_lgbm_residual_v1,2025-03-29,2024_25,0022401078,MEM,LAL,261,237.16666666666666,-0.054559271251512574,237.11210739541514,-0.05455927125152016,23.887892604584856,23.887892604584863,570.6314130881802,1097,
baseline_lgbm_residual_v1,2025-03-29,2024_25,0022401074,ORL,SAC,212,218.33333333333334,0.032528778236307676,218.36586211156964,0.03252877823629774,-6.36586211156965,6.3658621115696405,40.52420042351788,1097,
baseline_lgbm_residual_v1,2025-03-29,2024_25,0022401075,WAS,BKN,227,219.5,-0.4192590212474976,219.08074097875252,-0.41925902124748404,7.919259021247497,7.919259021247484,62.71466344560966,1097,
baseline_lgbm_residual_v1,2025-03-29,2024_25,0022401077,CHI,DAL,239,237.0,-1.7410078196151129,235.2589921803849,-1.7410078196151062,3.741007819615113,3.741007819615106,13.99513950642137,1097,
baseline_lgbm_residual_v1,2025-03-30,2024_25,0022401087,PHI,TOR,236,223.66666666666666,3.7036627960492785,227.37032946271594,3.7036627960492865,8.629670537284063,8.629670537284056,74.47121358206849,1104,
baseline_lgbm_residual_v1,2025-03-30,2024_25,0022401088,PHX,HOU,257,224.5,1.929583896515676,226.42958389651568,1.9295838965156804,30.570416103484323,30.57041610348432,934.5503407401734,1104,
baseline_lgbm_residual_v1,2025-03-30,2024_25,0022401086,SAS,GSW,254,232.66666666666666,1.8267996431317937,234.49346630979846,1.8267996431318068,19.50653369020155,19.506533690201536,380.50485660696756,1104,
baseline_lgbm_residual_v1,2025-03-30,2024_25,0022401085,NOP,CHA,192,212.83333333333334,-6.752316310492827,206.0810170228405,-6.75231631049283,-14.081017022840516,14.081017022840513,198.2750403975243,1104,
baseline_lgbm_residual_v1,2025-03-30,2024_25,0022401083,MIL,ATL,269,235.5,-1.85557083101488,233.6444291689851,-1.8555708310148873,35.35557083101488,35.35557083101489,1250.0163887869107,1104,
baseline_lgbm_residual_v1,2025-03-30,2024_25,0022401082,NYK,POR,203,220.5,1.8468164202217918,222.34681642022178,1.846816420221785,-19.346816420221792,19.346816420221785,374.2993055977633,1104,
baseline_lgbm_residual_v1,2025-03-30,2024_25,0022401081,CLE,LAC,249,230.5,2.421963727383241,232.92196372738323,2.421963727383229,16.07803627261676,16.07803627261677,258.50325038358056,1104,
baseline_lgbm_residual_v1,2025-03-30,2024_25,0022401084,MIN,DET,227,225.66666666666666,0.819304703155511,226.48597136982218,0.8193047031555238,0.5140286301778318,0.514028630177819,0.264225432642485,1104,
baseline_lgbm_residual_v1,2025-03-31,2024_25,0022401092,WAS,MIA,214,220.5,-2.812387476544524,217.68761252345547,-2.8123874765445294,-3.687612523455476,3.6876125234554706,13.598486123145625,1112,
baseline_lgbm_residual_v1,2025-03-31,2024_25,0022401089,CHA,UTA,216,219.33333333333334,3.093195158332092,222.42652849166544,3.093195158332094,-6.426528491665435,6.426528491665437,41.30026845418763,1112,
baseline_lgbm_residual_v1,2025-03-31,2024_25,0022401090,IND,SAC,220,234.5,2.3502970048829566,236.85029700488295,2.350297004882947,-16.850297004882957,16.850297004882947,283.9325091527672,1112,
baseline_lgbm_residual_v1,2025-03-31,2024_25,0022401091,ORL,LAC,183,211.33333333333334,2.6373554836337068,213.97068881696705,2.637355483633712,-30.970688816967048,30.970688816967055,959.1835657974082,1112,
baseline_lgbm_residual_v1,2025-03-31,2024_25,0022401096,LAL,HOU,202,225.33333333333334,2.4525507175939993,227.78588405092734,2.4525507175939936,-25.785884050927343,25.785884050927336,664.9118162878688,1112,
baseline_lgbm_residual_v1,2025-03-31,2024_25,0022401093,MEM,BOS,220,236.33333333333334,2.821173405982589,239.15450673931593,2.8211734059825915,-19.15450673931593,19.154506739315934,366.8951284264995,1112,
baseline_lgbm_residual_v1,2025-03-31,2024_25,0022401095,DAL,BKN,222,220.33333333333334,-2.0182791489670224,218.31505418436632,-2.018279148967025,3.6849458156336796,3.6849458156336823,13.578825664156184,1112,
baseline_lgbm_residual_v1,2025-03-31,2024_25,0022401094,OKC,CHI,262,239.0,0.3584346039095339,239.35843460390953,0.3584346039095294,22.641565396090467,22.64156539609047,512.6404835854414,1112,
baseline_lgbm_residual_v1,2025-04-01,2024_25,0022401102,DEN,MIN,279,230.66666666666666,1.6477681195928064,232.31443478625945,1.6477681195927971,46.68556521374054,46.685565213740546,2179.5419993264213,1120,
baseline_lgbm_residual_v1,2025-04-01,2024_25,0022401098,NYK,PHI,196,223.0,1.1283257867774945,224.12832578677748,1.1283257867774807,-28.128325786777495,28.12832578677748,791.202711567091,1120,
baseline_lgbm_residual_v1,2025-04-01,2024_25,0022401100,MEM,GSW,259,237.33333333333334,1.6589379638724613,238.9922712972058,1.6589379638724608,20.007728702794196,20.007728702794196,400.3092078446147,1120,
baseline_lgbm_residual_v1,2025-04-01,2024_25,0022400988,SAS,ORL,221,220.5,0.04749451944009556,220.5474945194401,0.0474945194401073,0.4525054805599044,0.4525054805598927,0.20476120993673944,1120,
baseline_lgbm_residual_v1,2025-04-01,2024_25,0022401097,ATL,POR,240,238.0,-2.1122247225567183,235.88777527744327,-2.112224722556732,4.112224722556718,4.112224722556732,16.91039216880679,1120,
baseline_lgbm_residual_v1,2025-04-01,2024_25,0022401101,MIL,PHX,256,224.33333333333334,1.016082082394281,225.34941541572763,1.0160820823942913,30.650584584272377,30.650584584272366,939.4583353576348,1120,
baseline_lgbm_residual_v1,2025-04-01,2024_25,0022401099,CHI,TOR,255,236.0,1.067493921304961,237.06749392130496,1.0674939213049583,17.932506078695038,17.93250607869504,321.57477426243463,1120,
baseline_lgbm_residual_v1,2025-04-02,2024_25,0022401110,DEN,SAS,219,229.5,1.0288504531534421,230.52885045315344,1.0288504531534386,-11.528850453153442,11.528850453153439,132.91439277117624,1127,
baseline_lgbm_residual_v1,2025-04-02,2024_25,0022401106,BOS,MIA,227,213.33333333333334,-0.369919393519181,212.96341393981416,-0.3699193935191829,14.036586060185838,14.03658606018584,197.02574822500344,1127,
baseline_lgbm_residual_v1,2025-04-02,2024_25,0022401104,IND,CHA,224,224.33333333333334,1.0934104317360476,225.4267437650694,1.0934104317360607,-1.4267437650693904,1.4267437650694035,2.0355977711644173,1127,
baseline_lgbm_residual_v1,2025-04-02,2024_25,0022401105,WAS,SAC,227,231.5,-2.4853184696147594,229.01468153038525,-2.4853184696147537,-2.0146815303852406,2.0146815303852463,4.0589416688754385,1127,
baseline_lgbm_residual_v1,2025-04-02,2024_25,0022401103,CLE,NYK,229,230.0,2.7902725769888694,232.79027257698888,2.790272576988883,-3.7902725769888694,3.790272576988883,14.366166207873949,1127,
baseline_lgbm_residual_v1,2025-04-02,2024_25,0022401107,HOU,UTA,248,225.66666666666666,0.06895226849624986,225.7356189351629,0.06895226849624692,22.264381064837092,22.264381064837096,495.7026642002766,1127,
baseline_lgbm_residual_v1,2025-04-02,2024_25,0022401111,LAC,NOP,212,216.5,0.763404022458591,217.2634040224586,0.7634040224585874,-5.263404022458591,5.263404022458587,27.703421903633238,1127,
baseline_lgbm_residual_v1,2025-04-02,2024_25,0022401109,DAL,ATL,238,237.83333333333334,2.7674688184839,240.60080215181725,2.7674688184839056,-2.6008021518172426,2.6008021518172484,6.76417183289723,1127,
baseline_lgbm_residual_v1,2025-04-02,2024_25,0022401108,OKC,DET,222,231.33333333333334,4.8211522809209715,236.15448561425433,4.821152280920984,-14.154485614254314,14.154485614254327,200.34946300413267,1127,
baseline_lgbm_residual_v1,2025-04-03,2024_25,0022401113,BKN,MIN,195,215.66666666666666,6.429946702551335,222.096613369218,6.429946702551348,-27.09661336921799,27.096613369218005,734.226456080884,1136,
baseline_lgbm_residual_v1,2025-04-03,2024_25,0022401114,MIA,MEM,218,227.83333333333334,-0.5529881138273123,227.28034521950602,-0.5529881138273254,-9.28034521950603,9.280345219506017,86.12480739320819,1136,
baseline_lgbm_residual_v1,2025-04-03,2024_25,0022401115,PHI,MIL,239,224.66666666666666,-1.1051851340863363,223.56148153258033,-1.1051851340863266,15.43851846741968,15.43851846741967,238.34785246885818,1136,
baseline_lgbm_residual_v1,2025-04-03,2024_25,0022401116,TOR,POR,215,224.66666666666666,-0.12794481965600865,224.53872184701063,-0.12794481965602245,-9.538721847010649,9.538721847010635,90.98721447463798,1136,
baseline_lgbm_residual_v1,2025-04-03,2024_25,0022401117,LAL,GSW,239,228.16666666666666,1.8595103602563254,230.026177026923,1.859510360256337,8.973822973077016,8.973822973077006,80.52949875212464,1136,
baseline_lgbm_residual_v1,2025-04-03,2024_25,0022401112,WAS,ORL,206,214.83333333333334,0.6543299890170657,215.48766332235041,0.6543299890170715,-9.487663322350409,9.487663322350414,90.0157553182733,1136,
baseline_lgbm_residual_v1,2025-04-04,2024_25,0022401118,CHA,SAC,227,219.33333333333334,-2.6000884339340007,216.73324489939935,-2.6000884339339905,10.266755100600658,10.266755100600648,105.40626029570942,1142,
baseline_lgbm_residual_v1,2025-04-04,2024_25,0022401123,HOU,OKC,236,229.33333333333334,-1.3057787291212881,228.02755460421204,-1.3057787291213003,7.972445395787945,7.9724453957879575,63.559885588820606,1142,
baseline_lgbm_residual_v1,2025-04-04,2024_25,0022401119,IND,UTA,252,235.16666666666666,-0.9815709434364723,234.18509572323018,-0.9815709434364805,17.814904276769816,17.814904276769823,317.37081439047176,1142,
baseline_lgbm_residual_v1,2025-04-04,2024_25,0022401121,TOR,DET,222,227.33333333333334,0.0701748348571214,227.40350816819046,0.07017483485711296,-5.403508168190465,5.403508168190456,29.197900523700973,1142,
baseline_lgbm_residual_v1,2025-04-04,2024_25,0022401122,CHI,POR,231,237.66666666666666,-1.3714437152633392,236.29522295140333,-1.3714437152633252,-5.295222951403318,5.295222951403332,28.039386105068616,1142,
baseline_lgbm_residual_v1,2025-04-04,2024_25,0022401124,SAS,CLE,227,241.16666666666666,1.1277761492462957,242.29444281591296,1.1277761492463014,-15.294442815912953,15.294442815912959,233.91998104923152,1142,
baseline_lgbm_residual_v1,2025-04-04,2024_25,0022401126,LAL,NOP,232,219.66666666666666,0.5330029220946502,220.1996695887613,0.5330029220946528,11.800330411238694,11.80033041123869,139.24779781440466,1142,
baseline_lgbm_residual_v1,2025-04-04,2024_25,0022401127,LAC,DAL,205,225.0,0.7931038110978061,225.7931038110978,0.7931038110978079,-20.793103811097808,20.793103811097808,432.3531660990902,1142,
baseline_lgbm_residual_v1,2025-04-04,2024_25,0022401120,BOS,PHX,226,228.0,1.963477455686457,229.96347745568644,1.9634774556864443,-3.9634774556864567,3.9634774556864443,15.70915354173469,1142,
baseline_lgbm_residual_v1,2025-04-04,2024_25,0022401125,GSW,DEN,222,233.5,2.4332174891235647,235.93321748912356,2.433217489123564,-13.933217489123564,13.933217489123564,194.13454959921876,1142,
baseline_lgbm_residual_v1,2025-04-05,2024_25,0022401131,MIA,MIL,236,215.33333333333334,0.6235449388862376,215.95687827221957,0.6235449388862264,20.04312172778042,20.04312172778043,401.726728594624,1152,
baseline_lgbm_residual_v1,2025-04-05,2024_25,0022401130,PHI,MIN,223,225.16666666666666,2.007678686118685,227.17434535278534,2.0076786861186804,-4.174345352785342,4.174345352785338,17.425159124320544,1152,
baseline_lgbm_residual_v1,2025-04-05,2024_25,0022401132,LAC,DAL,239,221.5,-4.413937639449172,217.08606236055084,-4.413937639449159,21.913937639449173,21.91393763944916,480.2206628656666,1152,
baseline_lgbm_residual_v1,2025-04-05,2024_25,0022401128,ATL,NYK,226,236.83333333333334,2.523418417493811,239.35675175082716,2.523418417493815,-13.356751750827154,13.356751750827158,178.40281733322433,1152,
baseline_lgbm_residual_v1,2025-04-05,2024_25,0022401129,DET,MEM,212,239.66666666666666,2.836908901168143,242.5035755678348,2.8369089011681297,-30.5035755678348,30.503575567834787,930.4681224226074,1152,
baseline_lgbm_residual_v1,2025-04-06,2024_25,0022401134,BKN,TOR,229,214.83333333333334,3.3987670818329754,218.23210041516631,3.398767081832972,10.767899584833682,10.767899584833685,115.94766146906146,1157,
baseline_lgbm_residual_v1,2025-04-06,2024_25,0022401135,OKC,LAL,225,232.0,2.379350593865605,234.3793505938656,2.3793505938656097,-9.379350593865606,9.37935059386561,87.97221756264716,1157,
baseline_lgbm_residual_v1,2025-04-06,2024_25,0022401136,ATL,UTA,281,244.16666666666666,2.1912518255617806,246.35791849222844,2.1912518255617783,34.642081507771564,34.642081507771564,1200.0738111910887,1157,
baseline_lgbm_residual_v1,2025-04-06,2024_25,0022401133,CHA,CHI,248,227.66666666666666,2.2222937120076773,229.88896037867434,2.2222937120076836,18.111039621325666,18.11103962132566,328.0097561652279,1157,
baseline_lgbm_residual_v1,2025-04-06,2024_25,0022401140,NYK,PHX,210,228.66666666666666,-0.02968253654803185,228.63698413011863,-0.02968253654802311,-18.636984130118627,18.636984130118634,347.33717746629384,1157,
baseline_lgbm_residual_v1,2025-04-06,2024_25,0022401142,DEN,IND,245,239.5,3.854119049679897,243.3541190496799,3.8541190496798947,1.645880950320103,1.6458809503201053,2.708924102626613,1157,
baseline_lgbm_residual_v1,2025-04-06,2024_25,0022401143,GSW,HOU,202,224.5,4.022930263369786,228.52293026336977,4.022930263369773,-26.522930263369787,26.522930263369773,703.4658297555761,1157,
baseline_lgbm_residual_v1,2025-04-06,2024_25,0022401139,POR,SAS,229,228.5,-1.3586212180601882,227.1413787819398,-1.3586212180601933,1.8586212180601882,1.8586212180601933,3.4544728322235567,1157,
baseline_lgbm_residual_v1,2025-04-06,2024_25,0022401137,BOS,WAS,214,226.0,1.0632117296158758,227.0632117296159,1.0632117296158867,-13.063211729615876,13.063211729615887,170.6475006927741,1157,
baseline_lgbm_residual_v1,2025-04-06,2024_25,0022401138,CLE,SAC,233,236.5,0.8733466459849266,237.37334664598492,0.873346645984924,-4.373346645984927,4.373346645984924,19.126160885947584,1157,
baseline_lgbm_residual_v1,2025-04-06,2024_25,0022400617,NOP,MIL,218,220.5,3.233940743918862,223.73394074391885,3.2339407439188506,-5.733940743918862,5.733940743918851,32.87807645477266,1157,
baseline_lgbm_residual_v1,2025-04-07,2024_25,0022401145,MIA,PHI,222,213.5,0.38441641208463656,213.88441641208465,0.38441641208464716,8.115583587915363,8.115583587915353,65.86269697244103,1168,
baseline_lgbm_residual_v1,2025-04-07,2024_25,0022401144,DET,SAC,244,230.5,0.9512991528817202,231.45129915288172,0.9512991528817167,12.54870084711828,12.548700847118283,157.4698929504671,1168,
baseline_lgbm_residual_v1,2025-04-08,2024_25,0022401150,BKN,NOP,233,213.83333333333334,-0.0050642504246652675,213.8282690829087,-0.005064250424652528,19.171730917091324,19.17173091709131,367.5552663573548,1170,
baseline_lgbm_residual_v1,2025-04-08,2024_25,0022401155,LAC,SAS,239,227.5,1.4437605836734382,228.94376058367345,1.443760583673452,10.056239416326562,10.056239416326548,101.1279511984797,1170,
baseline_lgbm_residual_v1,2025-04-08,2024_25,0022401154,PHX,GSW,228,226.83333333333334,1.3117372843430017,228.14507061767634,1.3117372843429962,-0.14507061767634455,0.145070617676339,0.02104548411299452,1170,
baseline_lgbm_residual_v1,2025-04-08,2024_25,0022401153,OKC,LAL,256,226.33333333333334,1.3658110965530077,227.69914442988636,1.365811096553017,28.30085557011365,28.30085557011364,800.9384260004323,1170,
baseline_lgbm_residual_v1,2025-04-08,2024_25,0022401152,MIL,MIN,213,222.5,2.6865490191778165,225.18654901917782,2.686549019177818,-12.186549019177816,12.186549019177818,148.51197699682385,1170,
baseline_lgbm_residual_v1,2025-04-08,2024_25,0022401151,NYK,BOS,236,221.5,1.2982179031487031,222.7982179031487,1.2982179031486965,13.201782096851296,13.201782096851304,174.2870505327436,1170,
baseline_lgbm_residual_v1,2025-04-08,2024_25,0022401149,ORL,ATL,231,225.33333333333334,0.7880068428219515,226.1213401761553,0.7880068428219431,4.878659823844705,4.878659823844714,23.801321676796537,1170,
baseline_lgbm_residual_v1,2025-04-08,2024_25,0022401148,IND,WAS,202,238.66666666666666,1.2217929130358538,239.8884595797025,1.2217929130358414,-37.88845957970251,37.8884595797025,1435.53536932275,1170,
baseline_lgbm_residual_v1,2025-04-08,2024_25,0022401147,CLE,CHI,248,240.5,0.7573417951728763,241.25734179517286,0.7573417951728629,6.742658204827124,6.742658204827137,45.463439667122714,1170,
baseline_lgbm_residual_v1,2025-04-08,2024_25,0022401146,CHA,MEM,224,230.5,1.544090230383099,232.0440902303831,1.544090230383091,-8.044090230383098,8.044090230383091,64.70738763454469,1170,
baseline_lgbm_residual_v1,2025-04-09,2024_25,0022401157,WAS,PHI,225,227.5,-1.4644789615155531,226.03552103848443,-1.4644789615155673,-1.0355210384844469,1.0355210384844327,1.0723038211438778,1180,
baseline_lgbm_residual_v1,2025-04-09,2024_25,0022401158,TOR,CHA,222,217.16666666666666,-0.44293827797144913,216.7237283886952,-0.44293827797145013,5.276271611304792,5.276271611304793,27.839042116260877,1180,
baseline_lgbm_residual_v1,2025-04-09,2024_25,0022401159,DAL,LAL,209,227.16666666666666,-0.5704079646889735,226.5962587019777,-0.5704079646889681,-17.596258701977682,17.59625870197769,309.62832030692556,1180,
baseline_lgbm_residual_v1,2025-04-09,2024_25,0022401166,LAC,HOU,251,219.16666666666666,0.6489090099040818,219.81557567657075,0.648909009904088,31.184424323429262,31.184424323429255,972.4683203836861,1180,
baseline_lgbm_residual_v1,2025-04-09,2024_25,0022401163,GSW,SAS,225,231.5,0.9297035523840852,232.4297035523841,0.9297035523840975,-7.429703552384085,7.4297035523840975,55.20049487630888,1180,
baseline_lgbm_residual_v1,2025-04-09,2024_25,0022401164,PHX,OKC,237,229.16666666666666,-3.550812413423757,225.6158542532429,-3.550812413423756,11.384145746757099,11.384145746757099,129.59877438340774,1180,
baseline_lgbm_residual_v1,2025-04-09,2024_25,0022401165,SAC,DEN,240,234.5,1.9287410037599224,236.4287410037599,1.9287410037599102,3.5712589962400774,3.57125899624009,12.753890818225774,1180,
baseline_lgbm_residual_v1,2025-04-09,2024_25,0022401156,ORL,BOS,172,209.16666666666666,0.18100860397987803,209.34767527064653,0.18100860397987617,-37.34767527064653,37.34767527064653,1394.8488481216625,1180,
baseline_lgbm_residual_v1,2025-04-09,2024_25,0022401162,UTA,POR,259,229.5,0.16826382312097937,229.66826382312098,0.16826382312098076,29.33173617687902,29.33173617687902,860.3507471500334,1180,
baseline_lgbm_residual_v1,2025-04-09,2024_25,0022401160,CHI,MIA,230,226.66666666666666,2.6120688826783764,229.27873554934504,2.612068882678386,0.7212644506549664,0.7212644506549566,0.5202224077785963,1180,
baseline_lgbm_residual_v1,2025-04-10,2024_25,0022401167,DET,NYK,221,227.5,1.8567362153685805,229.35673621536858,1.856736215368585,-8.356736215368581,8.356736215368585,69.83504017325286,1190,
baseline_lgbm_residual_v1,2025-04-10,2024_25,0022401161,MIL,NOP,247,222.33333333333334,0.6145088892209413,222.94784222255427,0.6145088892209287,24.052157777445714,24.05215777744573,578.5062937511431,1190,
baseline_lgbm_residual_v1,2025-04-10,2024_25,0022401170,MEM,MIN,266,232.5,-0.12159535180494022,232.37840464819507,-0.12159535180492753,33.62159535180494,33.62159535180493,1130.4116740005106,1190,
baseline_lgbm_residual_v1,2025-04-10,2024_25,0022401168,IND,CLE,226,232.5,3.707098478559774,236.20709847855977,3.7070984785597716,-10.207098478559773,10.207098478559772,104.18485935101721,1190,
baseline_lgbm_residual_v1,2025-04-10,2024_25,0022401169,BKN,ATL,242,230.5,0.13045931543759923,230.6304593154376,0.13045931543760503,11.3695406845624,11.369540684562395,129.26645537791953,1190,
baseline_lgbm_residual_v1,2025-04-11,2024_25,0022401178,DAL,TOR,226,225.16666666666666,2.7233219529938593,227.88998861966053,2.723321952993871,-1.8899886196605165,1.889988619660528,3.5720569824463078,1195,
baseline_lgbm_residual_v1,2025-04-11,2024_25,0022401171,DET,MIL,244,228.66666666666666,-0.6300266885207634,228.0366399781459,-0.6300266885207577,15.963360021854106,15.9633600218541,254.82886318732974,1195,
baseline_lgbm_residual_v1,2025-04-11,2024_25,0022401172,IND,ORL,244,217.33333333333334,1.6668217401704841,219.00015507350383,1.6668217401704908,24.999844926496174,24.999844926496166,624.9922463488562,1195,
baseline_lgbm_residual_v1,2025-04-11,2024_25,0022401173,PHI,ATL,234,240.16666666666666,-5.087432371882797,235.07923429478387,-5.087432371882784,-1.07923429478386,1.0792342947838733,1.1647466630376444,1195,
baseline_lgbm_residual_v1,2025-04-11,2024_25,0022401174,BOS,CHA,224,214.0,-2.771251721464751,211.22874827853525,-2.7712517214647505,12.77125172146475,12.77125172146475,163.10487053301637,1195,
baseline_lgbm_residual_v1,2025-04-11,2024_25,0022401177,NOP,MIA,257,215.16666666666666,3.2134111769347666,218.3800778436014,3.2134111769347555,38.61992215639857,38.61992215639859,1491.4983873662866,1195,
baseline_lgbm_residual_v1,2025-04-11,2024_25,0022401176,CHI,WAS,208,235.83333333333334,0.5174807224070722,236.35081405574041,0.5174807224070719,-28.350814055740415,28.350814055740415,803.7686576231682,1195,
baseline_lgbm_residual_v1,2025-04-11,2024_25,0022401175,NYK,CLE,210,226.5,0.9835516066718083,227.4835516066718,0.9835516066717958,-17.48355160667181,17.483551606671796,305.67457678315594,1195,
baseline_lgbm_residual_v1,2025-04-11,2024_25,0022401180,DEN,MEM,226,241.5,-0.8628314049979932,240.637168595002,-0.8628314049979906,-14.637168595002008,14.63716859500201,214.2467044785131,1195,
baseline_lgbm_residual_v1,2025-04-11,2024_25,0022401181,UTA,OKC,256,233.66666666666666,-3.2767203679912966,230.38994629867537,-3.276720367991288,25.610053701324638,25.61005370132463,655.8748505847315,1195,
baseline_lgbm_residual_v1,2025-04-11,2024_25,0022401182,PHX,SAS,215,232.5,-0.5011359550282317,231.99886404497178,-0.501135955028218,-16.998864044971768,16.998864044971782,288.9613788194344,1195,
baseline_lgbm_residual_v1,2025-04-11,2024_25,0022401183,POR,GSW,189,226.83333333333334,4.461512866657428,231.29484619999076,4.461512866657415,-42.29484619999077,42.29484619999076,1788.8540150808726,1195,
baseline_lgbm_residual_v1,2025-04-11,2024_25,0022401184,SAC,LAC,201,226.16666666666666,4.360168637275078,230.52683530394174,4.3601686372750805,-29.526835303941734,29.526835303941738,871.8340030661002,1195,
baseline_lgbm_residual_v1,2025-04-11,2024_25,0022401185,LAL,HOU,249,226.0,1.4372200839374982,227.4372200839375,1.4372200839374898,21.562779916062503,21.56277991606251,464.95347770854875,1195,
baseline_lgbm_residual_v1,2025-04-11,2024_25,0022401179,MIN,BKN,208,216.5,0.0645522008840376,216.56455220088404,0.06455220088403735,-8.564552200884037,8.564552200884037,73.35155440166761,1195,
baseline_lgbm_residual_v1,2025-04-13,2024_25,0022401186,ATL,ORL,222,220.5,2.9031539913769144,223.4031539913769,2.903153991376911,-1.4031539913769144,1.4031539913769109,1.968841123516956,1210,
baseline_lgbm_residual_v1,2025-04-13,2024_25,0022401189,CLE,IND,244,226.83333333333334,0.22285784996887464,227.05619118330222,0.22285784996887514,16.943808816697782,16.943808816697782,287.0926572168055,1210,
baseline_lgbm_residual_v1,2025-04-13,2024_25,0022401191,PHI,CHI,224,233.5,3.6596701864401324,237.15967018644014,3.659670186440138,-13.159670186440133,13.159670186440138,173.17691941588143,1210,
baseline_lgbm_residual_v1,2025-04-13,2024_25,0022401190,MIA,WAS,237,215.33333333333334,-1.3200021178104917,214.01333121552284,-1.3200021178105033,22.98666878447715,22.98666878447716,528.3869418072567,1210,
baseline_lgbm_residual_v1,2025-04-13,2024_25,0022401193,HOU,DEN,237,233.66666666666666,0.03296758327022671,233.69963424993688,0.03296758327022076,3.3003657500631163,3.300365750063122,10.892414084189713,1210,
baseline_lgbm_residual_v1,2025-04-13,2024_25,0022401187,BOS,CHA,179,211.5,0.7719947031887937,212.2719947031888,0.7719947031887955,-33.271994703188795,33.271994703188795,1107.0256315290233,1210,
baseline_lgbm_residual_v1,2025-04-13,2024_25,0022401192,MIL,DET,273,224.0,0.30111029855472676,224.30111029855473,0.3011102985547325,48.698889701445275,48.69888970144527,2371.581858153532,1210,
baseline_lgbm_residual_v1,2025-04-13,2024_25,0022401198,GSW,LAC,243,218.33333333333334,-0.22773336519084525,218.10559996814249,-0.22773336519085774,24.8944000318575,24.894400031857515,619.7311529461474,1210,
baseline_lgbm_residual_v1,2025-04-13,2024_25,0022401194,MEM,DAL,229,228.33333333333334,1.5381956116442381,229.87152894497757,1.5381956116442268,-0.8715289449775809,0.8715289449775696,0.7595627019337156,1210,
baseline_lgbm_residual_v1,2025-04-13,2024_25,0022401196,NOP,OKC,215,235.66666666666666,-1.5347550548459479,234.1319116118207,-1.5347550548459594,-19.13191161182071,19.131911611820698,366.0300419225197,1210,
baseline_lgbm_residual_v1,2025-04-13,2024_25,0022401197,SAS,TOR,243,228.66666666666666,3.173939392088437,231.8406060587551,3.1739393920884424,11.159393941244906,11.1593939412449,124.53207313589338,1210,
baseline_lgbm_residual_v1,2025-04-13,2024_25,0022401200,SAC,PHX,207,224.16666666666666,-1.6887349906538618,222.4779316760128,-1.6887349906538702,-15.477931676012796,15.477931676012787,239.56636896732,1210,
baseline_lgbm_residual_v1,2025-04-13,2024_25,0022401199,POR,LAL,190,220.16666666666666,0.23924513520298346,220.40591180186965,0.2392451352029923,-30.405911801869642,30.40591180186965,924.519472503076,1210,
baseline_lgbm_residual_v1,2025-04-13,2024_25,0022401195,MIN,UTA,221,232.33333333333334,4.385571077885265,236.7189044112186,4.38557107788526,-15.718904411218608,15.718904411218602,247.08395588902764,1210,
baseline_lgbm_residual_v1,2025-04-13,2024_25,0022401188,BKN,NYK,218,214.0,4.065415350348762,218.06541535034876,4.065415350348758,-0.06541535034876222,0.06541535034875778,0.004279168061250725,1210,
baseline_lgbm_residual_v1,2025-10-21,2025_26,0022500001,OKC,HOU,249,227.5,2.9181182202538496,230.41811822025386,2.9181182202538594,18.58188177974615,18.58188177974614,345.2863304764616,1225,
baseline_lgbm_residual_v1,2025-10-21,2025_26,0022500002,LAL,GSW,228,225.83333333333334,0.7995653535398166,226.63289868687315,0.7995653535398048,1.3671013131268406,1.3671013131268523,1.868966000353164,1225,
baseline_lgbm_residual_v1,2025-10-22,2025_26,0022500080,CHA,BKN,253,227.16666666666666,2.5867133867549272,229.75338005342158,2.586713386754923,23.246619946578416,23.24661994657842,540.4053389406577,1227,
baseline_lgbm_residual_v1,2025-10-22,2025_26,0022500083,BOS,PHI,233,228.0,-2.704218525373198,225.2957814746268,-2.704218525373193,7.704218525373198,7.704218525373193,59.3549830867035,1227,
baseline_lgbm_residual_v1,2025-10-22,2025_26,0022500004,DAL,SAS,217,224.5,-3.3420380065981217,221.15796199340187,-3.3420380065981306,-4.157961993401878,4.1579619934018694,17.28864793857445,1227,
baseline_lgbm_residual_v1,2025-10-22,2025_26,0022500089,POR,MIN,232,219.83333333333334,-1.5193623076636782,218.31397102566967,-1.5193623076636698,13.686028974330336,13.686028974330327,187.3073890862092,1227,
baseline_lgbm_residual_v1,2025-10-22,2025_26,0022500082,ATL,TOR,256,235.83333333333334,0.9443118060673278,236.77764513940068,0.9443118060673328,19.222354860599328,19.222354860599324,369.4989263868065,1227,
baseline_lgbm_residual_v1,2025-10-22,2025_26,0022500003,NYK,CLE,230,228.5,-1.1288778413522522,227.37112215864775,-1.1288778413522493,2.628877841352252,2.6288778413522493,6.9109987047528625,1227,
baseline_lgbm_residual_v1,2025-10-22,2025_26,0022500084,CHI,DET,226,233.5,0.8138931174838491,234.31389311748384,0.8138931174838433,-8.313893117483849,8.313893117483843,69.12081876894521,1227,
baseline_lgbm_residual_v1,2025-10-22,2025_26,0022500085,MEM,NOP,250,238.5,0.42142184913693786,238.92142184913695,0.4214218491369479,11.078578150863063,11.078578150863052,122.7348938447802,1227,
baseline_lgbm_residual_v1,2025-10-22,2025_26,0022500086,MIL,WAS,253,227.83333333333334,0.43689983482475936,228.27023316815811,0.43689983482477146,24.729766831841896,24.729766831841886,611.5613675572671,1227,
baseline_lgbm_residual_v1,2025-10-22,2025_26,0022500087,UTA,LAC,237,226.16666666666666,0.9397544355640601,227.1064211022307,0.9397544355640548,9.893578897769283,9.893578897769288,97.88290340638576,1227,
baseline_lgbm_residual_v1,2025-10-22,2025_26,0022500088,PHX,SAC,236,228.83333333333334,-0.3790049136997127,228.45432841963364,-0.3790049136997027,7.54567158036637,7.54567158036636,56.93715959874856,1227,
baseline_lgbm_residual_v1,2025-10-22,2025_26,0022500081,ORL,MIA,246,216.33333333333334,1.2858077308111964,217.61914106414454,1.2858077308112001,28.38085893585546,28.380858935855457,805.4731539369266,1227,
baseline_lgbm_residual_v1,2025-10-23,2025_26,0022500006,GSW,DEN,268,234.16666666666666,2.2279899241744854,236.39465659084115,2.2279899241744943,31.605343409158856,31.60534340915885,998.8977320108606,1239,
baseline_lgbm_residual_v1,2025-10-23,2025_26,0022500005,IND,OKC,276,232.16666666666666,0.16740638690208015,232.33407305356874,0.16740638690208698,43.66592694643126,43.665926946431256,1906.7131760910713,1239,
baseline_lgbm_residual_v1,2025-10-24,2025_26,0022500093,HOU,DET,226,225.16666666666666,2.046897095051902,227.21356376171855,2.0468970950518894,-1.213563761718559,1.2135637617185466,1.4727370037564693,1241,
baseline_lgbm_residual_v1,2025-10-24,2025_26,0022500019,LAL,MIN,238,225.5,3.3463828751375333,228.84638287513752,3.3463828751375218,9.153617124862468,9.153617124862478,83.78870646857563,1241,
baseline_lgbm_residual_v1,2025-10-24,2025_26,0022500090,ORL,ATL,218,234.5,0.27635877161140704,234.7763587716114,0.2763587716113989,-16.776358771611406,16.7763587716114,281.4462136338227,1241,
baseline_lgbm_residual_v1,2025-10-24,2025_26,0022500091,BKN,CLE,255,228.5,2.3010864013528325,230.80108640135282,2.301086401352819,24.198913598647167,24.19891359864718,585.5874193547915,1241,
baseline_lgbm_residual_v1,2025-10-24,2025_26,0022500092,TOR,MIL,238,234.16666666666666,-1.19835073293352,232.96831593373312,-1.198350732933534,5.0316840662668625,5.031684066266877,25.31784454272397,1241,
baseline_lgbm_residual_v1,2025-10-24,2025_26,0022500098,SAC,UTA,209,231.83333333333334,-1.1082098547080026,230.72512347862533,-1.108209854708008,-21.725123478625342,21.725123478625335,471.98099016151775,1241,
baseline_lgbm_residual_v1,2025-10-24,2025_26,0022500097,POR,GSW,258,226.5,-2.0520549046600967,224.4479450953399,-2.0520549046601104,33.552054904660096,33.55205490466011,1125.7403883253266,1241,
baseline_lgbm_residual_v1,2025-10-24,2025_26,0022500095,NOP,SAS,236,232.16666666666666,0.017236463003374003,232.18390312967003,0.017236463003371227,3.816096870329969,3.8160968703299716,14.562595323742205,1241,
baseline_lgbm_residual_v1,2025-10-24,2025_26,0022500096,DAL,WAS,224,227.83333333333334,-1.6157882117371518,226.2175451215962,-1.61578821173714,-2.217545121596191,2.2175451215962028,4.917506366315117,1241,
baseline_lgbm_residual_v1,2025-10-24,2025_26,0022500099,LAC,PHX,231,222.5,1.3006339496468098,223.80063394964682,1.3006339496468229,7.19936605035319,7.199366050353177,51.83087152697791,1241,
baseline_lgbm_residual_v1,2025-10-24,2025_26,0022500018,NYK,BOS,200,229.83333333333334,1.0252299703671992,230.85856330370055,1.0252299703672065,-30.858563303700542,30.85856330370055,952.2509291684942,1241,
baseline_lgbm_residual_v1,2025-10-24,2025_26,0022500094,MEM,MIA,260,233.5,2.9403536423401513,236.44035364234014,2.940353642340142,23.559646357659847,23.559646357659858,555.0569364979954,1241,
baseline_lgbm_residual_v1,2025-10-25,2025_26,0022500104,DEN,PHX,244,232.5,0.27235708926822294,232.7723570892682,0.2723570892682119,11.227642910731777,11.227642910731788,126.05996533090578,1253,
baseline_lgbm_residual_v1,2025-10-25,2025_26,0022500102,PHI,CHA,246,234.83333333333334,0.8027614101623091,235.63609474349565,0.8027614101623044,10.363905256504347,10.363905256504353,107.41053216579856,1253,
baseline_lgbm_residual_v1,2025-10-25,2025_26,0022500103,MEM,IND,231,238.16666666666666,2.5159302121326865,240.68259687879933,2.515930212132673,-9.682596878799345,9.68259687879933,93.75268231733453,1253,
baseline_lgbm_residual_v1,2025-10-25,2025_26,0022500100,ORL,CHI,208,233.16666666666666,0.25037872955234375,233.417045396219,0.2503787295523523,-25.417045396219002,25.41704539621901,646.0261966734579,1253,
baseline_lgbm_residual_v1,2025-10-25,2025_26,0022500101,ATL,OKC,217,235.83333333333334,2.279250900478702,238.11258423381204,2.2792509004787007,-21.112584233812044,21.112584233812044,445.7412130298089,1253,
baseline_lgbm_residual_v1,2025-10-26,2025_26,0022500110,MIN,IND,224,228.16666666666666,4.031664296201267,232.1983309628679,4.0316642962012565,-8.198330962867924,8.198330962867914,67.21263057671874,1258,
baseline_lgbm_residual_v1,2025-10-26,2025_26,0022500112,LAC,POR,221,226.5,0.9714624318715963,227.4714624318716,0.9714624318716005,-6.471462431871596,6.4714624318716005,41.87982600712549,1258,
baseline_lgbm_residual_v1,2025-10-26,2025_26,0022500113,SAC,LAL,247,230.16666666666666,2.600081472464394,232.76674813913104,2.6000814724643817,14.233251860868949,14.233251860868961,202.58545853492976,1258,
baseline_lgbm_residual_v1,2025-10-26,2025_26,0022500109,WAS,CHA,252,236.83333333333334,0.08816239026233497,236.92149572359568,0.0881623902623403,15.078504276404322,15.078504276404317,227.36129121354327,1258,
baseline_lgbm_residual_v1,2025-10-26,2025_26,0022500111,DAL,TOR,268,231.5,2.396912439061901,233.8969124390619,2.396912439061907,34.1030875609381,34.10308756093809,1163.0205811890105,1258,
baseline_lgbm_residual_v1,2025-10-26,2025_26,0022500107,CLE,MIL,231,236.16666666666666,2.43684700272786,238.60351366939452,2.436847002727859,-7.603513669394517,7.603513669394516,57.813420120669264,1258,
baseline_lgbm_residual_v1,2025-10-26,2025_26,0022500105,SAS,BKN,225,228.16666666666666,-0.3686988681688904,227.79796779849778,-0.3686988681688774,-2.797967798497767,2.7979677984977798,7.8286238014305125,1258,
baseline_lgbm_residual_v1,2025-10-26,2025_26,0022500108,MIA,NYK,222,228.83333333333334,0.3805908071049893,229.21392414043834,0.38059080710499416,-7.2139241404383325,7.213924140438337,52.040701503998996,1258,
baseline_lgbm_residual_v1,2025-10-26,2025_26,0022500106,DET,BOS,232,227.5,-0.22102762328276618,227.27897237671723,-0.22102762328276526,4.721027623282766,4.721027623282765,22.288101819798914,1258,
baseline_lgbm_residual_v1,2025-10-27,2025_26,0022500116,HOU,BKN,246,226.16666666666666,0.5555043479378696,226.72217101460453,0.5555043479378696,19.277828985395473,19.277828985395473,371.6346903901539,1267,
baseline_lgbm_residual_v1,2025-10-27,2025_26,0022500007,DET,CLE,211,231.16666666666666,-1.1221819081974964,230.04448475846917,-1.12218190819749,-19.04448475846916,19.044484758469167,362.6923997155644,1267,
baseline_lgbm_residual_v1,2025-10-27,2025_26,0022500008,MIN,DEN,241,228.5,2.2460795269536513,230.74607952695365,2.2460795269536504,10.25392047304635,10.25392047304635,105.14288506755908,1267,
baseline_lgbm_residual_v1,2025-10-27,2025_26,0022500114,PHI,ORL,260,226.5,-0.03717591865672233,226.46282408134329,-0.03717591865671466,33.53717591865672,33.537175918656715,1124.742168598928,1267,
baseline_lgbm_residual_v1,2025-10-27,2025_26,0022500115,CHI,ATL,251,241.5,0.28160591013793423,241.78160591013793,0.2816059101379267,9.218394089862066,9.218394089862073,84.978789596004,1267,
baseline_lgbm_residual_v1,2025-10-27,2025_26,0022500121,GSW,MEM,249,238.83333333333334,0.5577347805818127,239.39106811391517,0.5577347805818249,9.608931886084845,9.608931886084832,92.33157199141782,1267,
baseline_lgbm_residual_v1,2025-10-27,2025_26,0022500117,NOP,BOS,212,232.5,-0.40386587209256675,232.09613412790742,-0.40386587209258096,-20.096134127907433,20.09613412790742,403.85460688684526,1267,
baseline_lgbm_residual_v1,2025-10-27,2025_26,0022500118,SAS,TOR,224,233.16666666666666,0.442038016574296,233.60870468324094,0.442038016574287,-9.608704683240953,9.608704683240944,92.32720568973646,1267,
baseline_lgbm_residual_v1,2025-10-27,2025_26,0022500120,UTA,PHX,272,233.5,1.6236738849221326,235.12367388492214,1.623673884922141,36.876326115077866,36.87632611507786,1359.8634277455733,1267,
baseline_lgbm_residual_v1,2025-10-27,2025_26,0022500122,LAL,POR,230,225.83333333333334,-1.7935352186059705,224.03979811472738,-1.7935352186059674,5.960201885272628,5.960201885272625,35.52400651320735,1267,
baseline_lgbm_residual_v1,2025-10-27,2025_26,0022500119,DAL,OKC,195,226.5,-2.7876572061818026,223.7123427938182,-2.787657206181791,-28.7123427938182,28.71234279381821,824.3986287097244,1267,
baseline_lgbm_residual_v1,2025-10-28,2025_26,0022500126,OKC,SAC,208,227.16666666666666,4.160435102732075,231.32710176939872,4.160435102732066,-23.32710176939873,23.327101769398723,544.153676959885,1278,
baseline_lgbm_residual_v1,2025-10-28,2025_26,0022500124,MIA,CHA,261,240.5,0.17420600593254926,240.67420600593255,0.17420600593254676,20.32579399406745,20.325793994067453,413.13790148926853,1278,
baseline_lgbm_residual_v1,2025-10-28,2025_26,0022500125,MIL,NYK,232,228.5,0.12452811494914534,228.62452811494916,0.1245281149491575,3.3754718850508545,3.3754718850508425,11.393810446768688,1278,
baseline_lgbm_residual_v1,2025-10-28,2025_26,0022500127,GSW,LAC,177,223.83333333333334,0.037233193676481306,223.87056652700983,0.03723319367648514,-46.87056652700982,46.87056652700983,2196.850006562854,1278,
baseline_lgbm_residual_v1,2025-10-28,2025_26,0022500123,WAS,PHI,273,237.83333333333334,0.9544097203230315,238.78774305365638,0.9544097203230422,34.21225694634363,34.212256946343615,1170.478525362637,1278,
baseline_lgbm_residual_v1,2025-10-29,2025_26,0022500128,BOS,CLE,230,233.5,-1.3062692763877946,232.19373072361222,-1.3062692763877806,-2.1937307236122052,2.1937307236122194,4.812454487720192,1283,
baseline_lgbm_residual_v1,2025-10-29,2025_26,0022500129,DET,ORL,251,226.16666666666666,1.400748845987603,227.56741551265426,1.4007488459876072,23.43258448734574,23.432584487345736,549.086015756596,1283,
baseline_lgbm_residual_v1,2025-10-29,2025_26,0022500131,TOR,HOU,260,232.5,-3.0854301702955413,229.41456982970445,-3.0854301702955524,30.585430170295542,30.585430170295552,935.4685387020254,1283,
baseline_lgbm_residual_v1,2025-10-29,2025_26,0022500132,CHI,SAC,239,237.5,0.03411703688384381,237.53411703688386,0.034117036883856144,1.4658829631161563,1.4658829631161439,2.148812861554166,1283,
baseline_lgbm_residual_v1,2025-10-29,2025_26,0022500130,BKN,ATL,229,237.5,0.23407188371498455,237.734071883715,0.23407188371498933,-8.734071883714984,8.73407188371499,76.2840116699007,1283,
baseline_lgbm_residual_v1,2025-10-29,2025_26,0022500136,MIN,LAL,231,223.5,2.3668321077710233,225.86683210777102,2.3668321077710175,5.133167892228977,5.1331678922289825,26.349412609810535,1283,
baseline_lgbm_residual_v1,2025-10-29,2025_26,0022500137,PHX,MEM,227,241.5,4.435213267394949,245.93521326739494,4.435213267394943,-18.93521326739495,18.935213267394943,358.54230148172945,1283,
baseline_lgbm_residual_v1,2025-10-29,2025_26,0022500134,DEN,NOP,210,235.5,-2.8786992123705706,232.62130078762942,-2.8786992123705772,-22.62130078762943,22.621300787629423,511.7232493244035,1283,
baseline_lgbm_residual_v1,2025-10-29,2025_26,0022500135,UTA,POR,270,234.16666666666666,2.9782648683345103,237.14493153500118,2.97826486833452,32.85506846499883,32.85506846499882,1079.4555238397602,1283,
baseline_lgbm_residual_v1,2025-10-29,2025_26,0022500133,DAL,IND,212,228.16666666666666,-0.9475111182931458,227.21915554837352,-0.9475111182931357,-15.21915554837351,15.219155548373521,231.62269560558855,1283,
baseline_lgbm_residual_v1,2025-10-30,2025_26,0022500138,CHA,ORL,230,241.5,2.4360739356294414,243.93607393562945,2.4360739356294516,-13.936073935629441,13.936073935629452,194.21415673933055,1293,
baseline_lgbm_residual_v1,2025-10-30,2025_26,0022500139,MIL,GSW,230,231.83333333333334,8.552891707462042,240.38622504079538,8.552891707462038,-10.386225040795384,10.386225040795381,107.87367059804501,1293,
baseline_lgbm_residual_v1,2025-10-30,2025_26,0022500140,OKC,WAS,235,231.16666666666666,-0.13842169226929046,231.02824497439735,-0.13842169226930423,3.9717550256026333,3.971755025602647,15.774837983399884,1293,
baseline_lgbm_residual_v1,2025-10-30,2025_26,0022500141,SAS,MIA,208,231.16666666666666,0.8228850284717268,231.98955169513837,0.8228850284717169,-23.989551695138385,23.989551695138374,575.4985905337164,1293,
baseline_lgbm_residual_v1,2025-10-31,2025_26,0022500021,PHI,BOS,217,234.5,-0.9774143287467942,233.5225856712532,-0.9774143287467894,-16.522585671253207,16.52258567125321,272.99583726390193,1297,
baseline_lgbm_residual_v1,2025-10-31,2025_26,0022500020,IND,ATL,236,232.5,1.1849441321075687,233.68494413210757,1.1849441321075744,2.3150558678924313,2.3150558678924256,5.359483671463152,1297,
baseline_lgbm_residual_v1,2025-10-31,2025_26,0022500022,CLE,TOR,213,239.16666666666666,-1.862041110834483,237.30462555583216,-1.8620411108344967,-24.304625555832175,24.30462555583216,590.7148234092098,1297,
baseline_lgbm_residual_v1,2025-10-31,2025_26,0022500023,CHI,NYK,260,234.16666666666666,2.824294930981131,236.99096159764778,2.824294930981125,23.00903840235221,23.009038402352218,529.4158482009191,1297,
baseline_lgbm_residual_v1,2025-10-31,2025_26,0022500025,PHX,UTA,214,237.5,2.417781171046966,239.91778117104695,2.417781171046954,-25.917781171046965,25.917781171046954,671.7313808302761,1297,
baseline_lgbm_residual_v1,2025-10-31,2025_26,0022500026,POR,DEN,216,240.16666666666666,0.7427742532525714,240.90944091991923,0.742774253252577,-24.909440919919227,24.909440919919234,620.4802469429468,1297,
baseline_lgbm_residual_v1,2025-10-31,2025_26,0022500027,LAC,NOP,250,224.16666666666666,-0.8120992894810091,223.35456737718565,-0.8120992894810115,26.64543262281435,26.645432622814354,709.9790796569395,1297,
baseline_lgbm_residual_v1,2025-10-31,2025_26,0022500024,MEM,LAL,229,237.5,0.924193473943202,238.4241934739432,0.9241934739432054,-9.424193473943202,9.424193473943205,88.8154226343137,1297,
baseline_lgbm_residual_v1,2025-11-01,2025_26,0022500146,BOS,HOU,229,224.83333333333334,2.8675706606363107,227.70090399396966,2.867570660636318,1.2990960060303465,1.2990960060303394,1.6876504328839796,1305,
baseline_lgbm_residual_v1,2025-11-01,2025_26,0022500142,MIL,SAC,268,232.16666666666666,-0.061478148533568575,232.10518851813308,-0.061478148533581134,35.89481148186691,35.894811481866924,1288.4374913187655,1305,
baseline_lgbm_residual_v1,2025-11-01,2025_26,0022500143,CHA,MIN,227,230.16666666666666,-0.17180151052813342,229.99486515613853,-0.17180151052812676,-2.9948651561385238,2.9948651561385304,8.969217303452664,1305,
baseline_lgbm_residual_v1,2025-11-01,2025_26,0022500144,IND,GSW,223,230.83333333333334,3.2845652261023073,234.11789855943564,3.284565226102302,-11.11789855943565,11.117898559435645,123.60766837790119,1305,
baseline_lgbm_residual_v1,2025-11-01,2025_26,0022500145,WAS,ORL,219,235.5,5.2397226436817315,240.73972264368174,5.239722643681745,-21.73972264368173,21.739722643681745,472.6155406242088,1305,
baseline_lgbm_residual_v1,2025-11-02,2025_26,0022500148,OKC,NOP,243,229.5,2.238087956026363,231.73808795602636,2.2380879560263622,11.261912043973638,11.261912043973638,126.83066288619848,1310,
baseline_lgbm_residual_v1,2025-11-02,2025_26,0022500149,BKN,PHI,234,234.5,4.450402138677751,238.95040213867776,4.4504021386777595,-4.950402138677751,4.9504021386777595,24.506481334625335,1310,
baseline_lgbm_residual_v1,2025-11-02,2025_26,0022500150,CHA,UTA,229,236.83333333333334,4.429488051578103,241.26282138491143,4.42948805157809,-12.262821384911446,12.262821384911433,150.37678831824115,1310,
baseline_lgbm_residual_v1,2025-11-02,2025_26,0022500153,NYK,CHI,244,234.83333333333334,1.1538746485940217,235.98720798192736,1.1538746485940123,8.012792018072636,8.012792018072645,64.20483592488868,1310,
baseline_lgbm_residual_v1,2025-11-02,2025_26,0022500155,LAL,MIA,250,234.5,-2.56317259718066,231.93682740281935,-2.563172597180653,18.06317259718066,18.063172597180653,326.2782042755381,1310,
baseline_lgbm_residual_v1,2025-11-02,2025_26,0022500154,PHX,SAS,248,227.5,-0.1844907520738901,227.31550924792612,-0.18449075207388432,20.68449075207389,20.684490752073884,427.84815767263007,1310,
baseline_lgbm_residual_v1,2025-11-02,2025_26,0022500151,CLE,ATL,226,229.83333333333334,-0.4163626886180529,229.4169706447153,-0.4163626886180509,-3.41697064471529,3.416970644715292,11.675688386846037,1310,
baseline_lgbm_residual_v1,2025-11-02,2025_26,0022500152,TOR,MEM,221,238.5,0.7626514352107393,239.26265143521073,0.7626514352107279,-18.26265143521074,18.262651435210728,333.52443744400443,1310,
baseline_lgbm_residual_v1,2025-11-03,2025_26,0022500156,BKN,MIN,234,228.5,-1.3504369163488703,227.14956308365112,-1.3504369163488832,6.850436916348871,6.850436916348883,46.9284859448756,1318,
baseline_lgbm_residual_v1,2025-11-03,2025_26,0022500157,IND,MIL,232,235.5,-3.2272360475915316,232.27276395240847,-3.227236047591532,-0.2727639524084684,0.27276395240846796,0.07440017373348898,1318,
baseline_lgbm_residual_v1,2025-11-03,2025_26,0022500159,NYK,WAS,221,233.83333333333334,1.5469170899970608,235.3802504233304,1.5469170899970663,-14.380250423330404,14.38025042333041,206.7916022376944,1318,
baseline_lgbm_residual_v1,2025-11-03,2025_26,0022500163,POR,LAL,238,235.0,-0.2664178083370299,234.73358219166298,-0.26641780833702455,3.26641780833703,3.2664178083370246,10.66948529862125,1318,
baseline_lgbm_residual_v1,2025-11-03,2025_26,0022500158,BOS,UTA,208,232.5,0.9738272081174143,233.47382720811743,0.9738272081174273,-25.473827208117413,25.473827208117427,648.9158726290237,1318,
baseline_lgbm_residual_v1,2025-11-03,2025_26,0022500160,HOU,DAL,212,225.5,1.573097228237593,227.0730972282376,1.5730972282376001,-15.073097228237593,15.0730972282376,227.19826005190401,1318,
baseline_lgbm_residual_v1,2025-11-03,2025_26,0022500161,MEM,DET,220,236.5,3.5581387407464327,240.05813874074644,3.5581387407464433,-20.058138740746433,20.058138740746443,402.3289297430333,1318,
baseline_lgbm_residual_v1,2025-11-03,2025_26,0022500162,DEN,SAC,254,236.5,0.17854008015208658,236.6785400801521,0.17854008015208933,17.321459919847914,17.32145991984791,300.03297375489757,1318,
baseline_lgbm_residual_v1,2025-11-03,2025_26,0022500164,LAC,MIA,239,228.5,4.221783102283997,232.721783102284,4.221783102284007,6.278216897716003,6.278216897715993,39.416007414766625,1318,
baseline_lgbm_residual_v1,2025-11-04,2025_26,0022500165,TOR,MIL,228,237.5,-2.265719890733218,235.2342801092668,-2.265719890733209,-7.234280109266782,7.234280109266791,52.33480869933314,1327,
baseline_lgbm_residual_v1,2025-11-04,2025_26,0022500166,ATL,ORL,239,228.5,3.3790649882181643,231.87906498821818,3.3790649882181754,7.120935011781835,7.120935011781825,50.707715442020216,1327,
baseline_lgbm_residual_v1,2025-11-04,2025_26,0022500167,CHI,PHI,224,239.5,1.8977493157725625,241.39774931577256,1.8977493157725576,-17.39774931577256,17.397749315772558,302.6816812544645,1327,
baseline_lgbm_residual_v1,2025-11-04,2025_26,0022500168,NOP,CHA,228,236.83333333333334,-3.1675650940643036,233.66576823926903,-3.167565094064315,-5.665768239269039,5.665768239269028,32.10092974110966,1327,
baseline_lgbm_residual_v1,2025-11-04,2025_26,0022500169,GSW,PHX,225,232.5,0.9810459508159052,233.4810459508159,0.9810459508159113,-8.481045950815906,8.481045950815911,71.92814041985096,1327,
baseline_lgbm_residual_v1,2025-11-04,2025_26,0022500170,LAC,OKC,233,223.16666666666666,0.9742313852903849,224.14089805195704,0.9742313852903806,8.859101948042959,8.859101948042962,78.48368732581861,1327,
baseline_lgbm_residual_v1,2025-11-05,2025_26,0022500172,DET,UTA,217,230.5,-2.804183208044954,227.69581679195505,-2.8041832080449467,-10.695816791955046,10.695816791955053,114.40049684706769,1333,
baseline_lgbm_residual_v1,2025-11-05,2025_26,0022500173,IND,BKN,215,233.16666666666666,-4.994817868256623,228.17184879841002,-4.994817868256632,-13.171848798410034,13.171848798410025,173.49760076817563,1333,
baseline_lgbm_residual_v1,2025-11-05,2025_26,0022500174,BOS,WAS,243,232.16666666666666,-0.2029407999730438,231.9637258666936,-0.20294079997304948,11.036274133306387,11.036274133306392,121.79934674548775,1333,
baseline_lgbm_residual_v1,2025-11-05,2025_26,0022500178,DEN,MIA,234,242.5,2.123322501565046,244.62332250156504,2.123322501565042,-10.623322501565045,10.623322501565042,112.85498097225813,1333,
baseline_lgbm_residual_v1,2025-11-05,2025_26,0022500175,NYK,MIN,251,229.16666666666666,1.3979685346596715,230.56463520132633,1.3979685346596682,20.43536479867367,20.435364798673675,417.60413445487114,1333,
baseline_lgbm_residual_v1,2025-11-05,2025_26,0022500181,SAC,GSW,237,226.83333333333334,1.816879935302023,228.65021326863535,1.816879935302012,8.349786731364635,8.349786731364645,69.71893845927309,1333,
baseline_lgbm_residual_v1,2025-11-05,2025_26,0022500179,LAL,SAS,234,228.5,-0.41936944170438584,228.0806305582956,-0.41936944170439006,5.919369441704386,5.91936944170439,35.03893458738374,1333,
baseline_lgbm_residual_v1,2025-11-05,2025_26,0022500180,POR,OKC,240,229.16666666666666,-1.7419548667355593,227.4247117999311,-1.7419548667355684,12.575288200068902,12.575288200068911,158.1378733147924,1333,
baseline_lgbm_residual_v1,2025-11-05,2025_26,0022500171,CLE,PHI,253,234.16666666666666,1.8539179031835709,236.02058456985023,1.8539179031835715,16.97941543014977,16.97941543014977,288.30054834960816,1333,
baseline_lgbm_residual_v1,2025-11-05,2025_26,0022500176,MEM,HOU,233,232.5,3.8529057866807555,236.35290578668076,3.8529057866807648,-3.3529057866807555,3.3529057866807648,11.241977214357359,1333,
baseline_lgbm_residual_v1,2025-11-05,2025_26,0022500177,DAL,NOP,200,226.83333333333334,0.6562488777937864,227.48958221112713,0.6562488777937858,-27.48958221112713,27.48958221112713,755.6771301423171,1333,
baseline_lgbm_residual_v1,2025-11-06,2025_26,0022500182,PHX,LAC,217,224.83333333333334,0.7517970720549528,225.5851304053883,0.7517970720549556,-8.585130405388295,8.585130405388298,73.70446407752264,1344,
baseline_lgbm_residual_v1,2025-11-07,2025_26,0022500038,SAC,OKC,233,232.83333333333334,-1.181287382123591,231.65204595120974,-1.1812873821235996,1.3479540487902482,1.3479540487902568,1.816980117650046,1345,
baseline_lgbm_residual_v1,2025-11-07,2025_26,0022500032,SAS,HOU,231,224.16666666666666,-3.364253499486755,220.8024131671799,-3.3642534994867503,10.197586832820097,10.197586832820093,103.99077721290574,1345,
baseline_lgbm_residual_v1,2025-11-07,2025_26,0022500029,WAS,CLE,263,241.83333333333334,2.367584733706507,244.20091806703985,2.367584733706508,18.79908193296015,18.79908193296015,353.4054815221487,1345,
baseline_lgbm_residual_v1,2025-11-07,2025_26,0022500030,ATL,TOR,206,235.5,-1.2355362613017826,234.26446373869823,-1.2355362613017746,-28.26446373869822,28.264463738698225,798.8799104361868,1345,
baseline_lgbm_residual_v1,2025-11-07,2025_26,0022500031,BKN,DET,232,226.5,-0.10971221807131225,226.3902877819287,-0.1097122180713086,5.609712218071312,5.609712218071309,31.46887116957852,1345,
baseline_lgbm_residual_v1,2025-11-07,2025_26,0022500028,ORL,BOS,233,227.83333333333334,-3.454368076047008,224.37896525728632,-3.454368076047018,8.621034742713665,8.621034742713675,74.32224003507625,1345,
baseline_lgbm_residual_v1,2025-11-07,2025_26,0022500033,MIA,CHA,234,243.16666666666666,3.545304519167475,246.71197118583413,3.5453045191674732,-12.711971185834132,12.71197118583413,161.59421142947718,1345,
baseline_lgbm_residual_v1,2025-11-07,2025_26,0022500034,MEM,DAL,222,231.16666666666666,2.178527498429996,233.34519416509664,2.178527498429986,-11.345194165096654,11.345194165096643,128.71343064374292,1345,
baseline_lgbm_residual_v1,2025-11-07,2025_26,0022500036,MIN,UTA,234,231.5,2.1155885011058886,233.6155885011059,2.11558850110589,0.3844114988941114,0.3844114988941101,0.1477722004820164,1345,
baseline_lgbm_residual_v1,2025-11-07,2025_26,0022500037,DEN,GSW,233,228.5,0.6154117518941407,229.11541175189413,0.6154117518941291,3.8845882481058593,3.884588248105871,15.090025857322239,1345,
baseline_lgbm_residual_v1,2025-11-07,2025_26,0022500035,MIL,CHI,236,239.83333333333334,1.6205500973735802,241.45388343070692,1.620550097373581,-5.453883430706923,5.453883430706924,29.744844475739523,1345,
baseline_lgbm_residual_v1,2025-11-08,2025_26,0022500189,DEN,IND,217,233.5,0.42542156369014344,233.92542156369015,0.4254215636901506,-16.925421563690144,16.92542156369015,286.46989510862755,1356,
baseline_lgbm_residual_v1,2025-11-08,2025_26,0022500183,WAS,DAL,216,229.83333333333334,1.853537095870006,231.68687042920334,1.8535370958699957,-15.68687042920335,15.686870429203339,246.07790386261414,1356,
baseline_lgbm_residual_v1,2025-11-08,2025_26,0022500184,PHI,TOR,250,237.16666666666666,1.0171813589484417,238.1838480256151,1.0171813589484486,11.816151974384901,11.816151974384894,139.62144748176004,1356,
baseline_lgbm_residual_v1,2025-11-08,2025_26,0022500185,ATL,LAL,224,230.16666666666666,-0.8340786543895218,229.33258801227714,-0.8340786543895149,-5.332588012277135,5.332588012277142,28.436494908681883,1356,
baseline_lgbm_residual_v1,2025-11-08,2025_26,0022500186,CLE,CHI,250,240.16666666666666,-0.612237632008343,239.5544290346583,-0.6122376320083447,10.445570965341686,10.445570965341687,109.10995279198927,1356,
baseline_lgbm_residual_v1,2025-11-08,2025_26,0022500187,MIA,POR,267,240.83333333333334,-0.7922191895921264,240.04111414374123,-0.7922191895921173,26.958885856258785,26.958885856258775,726.7815266107893,1356,
baseline_lgbm_residual_v1,2025-11-08,2025_26,0022500188,SAS,NOP,245,225.5,-2.814467790280853,222.68553220971916,-2.814467790280844,22.31446779028085,22.314467790280844,497.93547276348124,1356,
baseline_lgbm_residual_v1,2025-11-08,2025_26,0022500190,LAC,PHX,217,227.16666666666666,3.6647390799969863,230.83140574666365,3.6647390799969912,-13.831405746663643,13.831405746663648,191.3077849288402,1356,
baseline_lgbm_residual_v1,2025-11-09,2025_26,0022500192,NYK,BKN,232,228.83333333333334,-0.49606434121987664,228.33726899211348,-0.49606434121986354,3.662731007886534,3.6627310078865207,13.415598436133408,1364,
baseline_lgbm_residual_v1,2025-11-09,2025_26,0022500193,ORL,BOS,218,226.5,-1.3000249178993002,225.1999750821007,-1.300024917899293,-7.1999750821007,7.199975082100707,51.839641182871084,1364,
baseline_lgbm_residual_v1,2025-11-09,2025_26,0022500195,PHI,DET,219,232.5,1.771066575231403,234.2710665752314,1.7710665752314014,-15.271066575231403,15.271066575231401,233.20547434514972,1364,
baseline_lgbm_residual_v1,2025-11-09,2025_26,0022500191,MIL,HOU,237,231.83333333333334,2.6087922564223045,234.44212558975565,2.608792256422305,2.5578744102443527,2.5578744102443522,6.5427214985828925,1364,
baseline_lgbm_residual_v1,2025-11-09,2025_26,0022500196,GSW,IND,197,227.16666666666666,1.4455041380760938,228.61217080474276,1.4455041380761031,-31.61217080474275,31.61217080474276,999.3293429882306,1364,
baseline_lgbm_residual_v1,2025-11-09,2025_26,0022500197,SAC,MIN,261,235.5,2.1470969739958696,237.64709697399587,2.147096973995872,23.35290302600413,23.352903026004128,545.3580797419528,1364,
baseline_lgbm_residual_v1,2025-11-09,2025_26,0022500194,MEM,OKC,214,233.83333333333334,1.9818216256966892,235.81515495903002,1.981821625696682,-21.815154959030032,21.815154959030025,475.90098588649226,1364,
baseline_lgbm_residual_v1,2025-11-10,2025_26,0022500204,PHX,NOP,219,228.16666666666666,1.9075988061913487,230.074265472858,1.907598806191345,-11.074265472858006,11.074265472858002,122.63935576333486,1371,
baseline_lgbm_residual_v1,2025-11-10,2025_26,0022500203,DAL,MIL,230,230.83333333333334,-6.364085426582947,224.46924790675038,-6.36408542658296,5.530752093249604,5.5307520932496175,30.589218716985027,1371,
baseline_lgbm_residual_v1,2025-11-10,2025_26,0022500202,CHI,SAS,238,234.5,1.9222278229292662,236.42222782292927,1.9222278229292726,1.5777721770707338,1.5777721770707274,2.489365042738503,1371,
baseline_lgbm_residual_v1,2025-11-10,2025_26,0022500201,MIA,CLE,278,247.5,1.0899830946802413,248.58998309468024,1.0899830946802354,29.410016905319758,29.410016905319765,864.9490943711943,1371,
baseline_lgbm_residual_v1,2025-11-10,2025_26,0022500205,UTA,MIN,233,233.83333333333334,-0.7145903275430934,233.11874300579024,-0.7145903275431067,-0.11874300579024943,0.11874300579023611,0.014099901424100047,1371,
baseline_lgbm_residual_v1,2025-11-10,2025_26,0022500199,DET,WAS,272,235.5,-4.290917007359893,231.2090829926401,-4.290917007359894,40.790917007359894,40.790917007359894,1663.8989103013228,1371,
baseline_lgbm_residual_v1,2025-11-10,2025_26,0022500198,CHA,LAL,232,229.5,1.1625586851326668,230.66255868513267,1.162558685132666,1.3374413148673332,1.337441314867334,1.7887492707140635,1371,
baseline_lgbm_residual_v1,2025-11-10,2025_26,0022500206,LAC,ATL,207,222.16666666666666,0.05138725210970722,222.21805391877638,0.05138725210971984,-15.218053918776365,15.218053918776377,231.58916507478506,1371,
baseline_lgbm_residual_v1,2025-11-10,2025_26,0022500200,ORL,POR,227,235.5,-1.5750725127713068,233.9249274872287,-1.5750725127712997,-6.924927487228693,6.9249274872287,47.9546207033756,1371,
baseline_lgbm_residual_v1,2025-11-11,2025_26,0022500212,SAC,DEN,230,242.83333333333334,0.16954881714080894,243.00288215047416,0.16954881714082148,-13.002882150474152,13.002882150474164,169.07494421911963,1380,
baseline_lgbm_residual_v1,2025-11-11,2025_26,0022500211,UTA,IND,280,231.5,0.026954085151916968,231.5269540851519,0.026954085151913887,48.473045914848086,48.473045914848086,2349.636180262971,1380,
baseline_lgbm_residual_v1,2025-11-11,2025_26,0022500210,OKC,GSW,228,228.5,1.324624696445653,229.82462469644565,1.3246246964456532,-1.824624696445653,1.8246246964456532,3.3292552828793918,1380,
baseline_lgbm_residual_v1,2025-11-11,2025_26,0022500207,BKN,TOR,228,233.83333333333334,0.5592107123004495,234.3925440456338,0.5592107123004553,-6.392544045633793,6.392544045633798,40.86461937536813,1380,
baseline_lgbm_residual_v1,2025-11-11,2025_26,0022500208,NYK,MEM,253,233.5,1.4780238561678467,234.97802385616785,1.4780238561678516,18.021976143832152,18.02197614383215,324.79162412885506,1380,
baseline_lgbm_residual_v1,2025-11-11,2025_26,0022500209,PHI,BOS,202,231.83333333333334,0.664838655473619,232.49817198880697,0.6648386554736305,-30.498171988806963,30.498171988806973,930.1384946588503,1380,
baseline_lgbm_residual_v1,2025-11-12,2025_26,0022500216,BOS,MEM,226,229.5,2.6646627824052027,232.1646627824052,2.664662782405202,-6.164662782405203,6.164662782405202,38.00306722077185,1386,
baseline_lgbm_residual_v1,2025-11-12,2025_26,0022500218,HOU,WAS,247,234.16666666666666,-0.8370454567397416,233.32962120992693,-0.8370454567397303,13.670378790073084,13.670378790073073,186.87925626407974,1386,
baseline_lgbm_residual_v1,2025-11-12,2025_26,0022500213,CHA,MIL,211,232.5,0.006960724740188919,232.5069607247402,0.006960724740196156,-21.50696072474019,21.506960724740196,462.54935961551735,1386,
baseline_lgbm_residual_v1,2025-11-12,2025_26,0022500214,DET,CHI,237,234.5,-1.4745107619099225,233.02548923809007,-1.4745107619099258,3.9745107619099223,3.974510761909926,15.796735796537819,1386,
baseline_lgbm_residual_v1,2025-11-12,2025_26,0022500215,NYK,ORL,231,228.16666666666666,1.8205995159484891,229.98726618261514,1.8205995159484871,1.0127338173848537,1.0127338173848557,1.0256297848749023,1386,
baseline_lgbm_residual_v1,2025-11-12,2025_26,0022500217,MIA,CLE,246,238.5,2.959552316610657,241.45955231661065,2.9595523166106545,4.540447683389343,4.5404476833893455,20.615665165595672,1386,
baseline_lgbm_residual_v1,2025-11-12,2025_26,0022500221,DAL,PHX,237,227.5,-0.7151868931707467,226.78481310682926,-0.7151868931707384,10.215186893170747,10.215186893170738,104.35004326240724,1386,
baseline_lgbm_residual_v1,2025-11-12,2025_26,0022500224,LAC,DEN,246,225.83333333333334,-1.2837831137868243,224.54955021954652,-1.283783113786825,21.450449780453482,21.450449780453482,460.12179578375685,1386,
baseline_lgbm_residual_v1,2025-11-12,2025_26,0022500222,OKC,LAL,213,229.5,3.39042408130848,232.89042408130848,3.390424081308481,-19.89042408130848,19.89042408130848,395.6289701342963,1386,
baseline_lgbm_residual_v1,2025-11-12,2025_26,0022500223,SAC,ATL,233,233.83333333333334,-1.843231580717427,231.9901017526159,-1.843231580717429,1.0098982473840843,1.0098982473840863,1.0198944700694492,1386,
baseline_lgbm_residual_v1,2025-11-12,2025_26,0022500220,SAS,GSW,245,229.5,-0.5141713197497124,228.98582868025028,-0.5141713197497211,16.014171319749714,16.01417131974972,256.45368305829453,1386,
baseline_lgbm_residual_v1,2025-11-12,2025_26,0022500219,NOP,POR,242,231.5,-0.7170861119186296,230.78291388808137,-0.7170861119186327,11.21708611191863,11.217086111918633,125.82302084219786,1386,
baseline_lgbm_residual_v1,2025-11-13,2025_26,0022500225,CLE,TOR,239,240.5,-1.005573628658125,239.4944263713419,-1.0055736286581123,-0.49442637134187506,0.4944263713418877,0.24445743667830624,1398,
baseline_lgbm_residual_v1,2025-11-13,2025_26,0022500226,PHX,IND,231,233.83333333333334,-0.5533260815367519,233.2800072517966,-0.5533260815367385,-2.280007251796591,2.2800072517966044,5.198433068245104,1398,
baseline_lgbm_residual_v1,2025-11-13,2025_26,0022500227,UTA,ATL,254,232.83333333333334,-0.6092004917419032,232.22413284159143,-0.609200491741916,21.77586715840856,21.775867158408573,474.1883905006571,1398,
baseline_lgbm_residual_v1,2025-11-14,2025_26,0022500043,MIL,CHA,281,239.16666666666666,3.812782556404094,242.97944922307076,3.812782556404102,38.02055077692925,38.02055077692924,1445.5622813810546,1401,
baseline_lgbm_residual_v1,2025-11-14,2025_26,0022500039,NYK,MIA,272,238.16666666666666,1.497819766511333,239.66448643317798,1.497819766511327,32.33551356682201,32.335513566822016,1045.5854376301306,1401,
baseline_lgbm_residual_v1,2025-11-14,2025_26,0022500040,ORL,BKN,203,224.5,-3.9899936569799643,220.51000634302002,-3.9899936569799763,-17.510006343020034,17.510006343020024,306.6003221326015,1401,
baseline_lgbm_residual_v1,2025-11-14,2025_26,0022500041,DET,PHI,219,232.5,2.0355788383709856,234.53557883837098,2.0355788383709807,-15.535578838370986,15.53557883837098,241.35420984324023,1401,
baseline_lgbm_residual_v1,2025-11-14,2025_26,0022500046,DAL,LAC,260,219.5,-2.5846227724337667,216.91537722756624,-2.584622772433761,43.08462277243377,43.08462277243376,1856.2847194429178,1401,
baseline_lgbm_residual_v1,2025-11-14,2025_26,0022500044,MIN,SAC,234,240.5,-0.19284073305019386,240.3071592669498,-0.19284073305018978,-6.307159266949806,6.30715926694981,39.780258018670864,1401,
baseline_lgbm_residual_v1,2025-11-14,2025_26,0022500045,NOP,LAL,222,228.5,-0.3147872435537432,228.18521275644625,-0.3147872435537522,-6.185212756446257,6.185212756446248,38.25685684250539,1401,
baseline_lgbm_residual_v1,2025-11-14,2025_26,0022500047,SAS,GSW,217,234.83333333333334,0.37851366131617925,235.21184699464953,0.378513661316191,-18.211846994649523,18.211846994649534,331.67137095652527,1401,
baseline_lgbm_residual_v1,2025-11-14,2025_26,0022500042,HOU,POR,256,235.83333333333334,0.24654756889063426,236.07988090222398,0.24654756889063378,19.920119097776023,19.920119097776023,396.811144869581,1401,
baseline_lgbm_residual_v1,2025-11-15,2025_26,0022500231,MIL,LAL,214,230.83333333333334,8.003092626323498,238.83642595965685,8.003092626323507,-24.836425959656843,24.83642595965685,616.8480544495167,1410,
baseline_lgbm_residual_v1,2025-11-15,2025_26,0022500230,IND,TOR,240,233.5,-3.3230501776600403,230.17694982233996,-3.3230501776600363,9.82305017766004,9.823050177660036,96.49231479282687,1410,
baseline_lgbm_residual_v1,2025-11-15,2025_26,0022500232,MIN,DEN,235,234.5,0.022575660275760717,234.52257566027575,0.022575660275748533,0.47742433972423926,0.47742433972425147,0.2279340001611375,1410,
baseline_lgbm_residual_v1,2025-11-15,2025_26,0022500228,CLE,MEM,208,238.5,1.7489984927096052,240.2489984927096,1.7489984927096032,-32.2489984927096,32.2489984927096,1039.9979037827864,1410,
baseline_lgbm_residual_v1,2025-11-15,2025_26,0022500229,CHA,OKC,205,227.83333333333334,-1.7920645772534058,226.04126875607994,-1.7920645772533987,-21.041268756079937,21.041268756079944,442.73499086558604,1410,
baseline_lgbm_residual_v1,2025-11-16,2025_26,0022500233,BOS,LAC,239,220.66666666666666,2.1861780038329295,222.8528446704996,2.1861780038329357,16.147155329500414,16.147155329500407,260.7306252350134,1415,
baseline_lgbm_residual_v1,2025-11-16,2025_26,0022500234,SAS,SAC,233,238.16666666666666,1.6395902765586137,239.80625694322526,1.6395902765586072,-6.806256943225271,6.806256943225264,46.32513357720212,1415,
baseline_lgbm_residual_v1,2025-11-16,2025_26,0022500235,WAS,BKN,235,234.5,3.5858704528275402,238.08587045282755,3.5858704528275496,-3.0858704528275402,3.0858704528275496,9.522596451634106,1415,
baseline_lgbm_residual_v1,2025-11-16,2025_26,0022500236,HOU,ORL,230,227.83333333333334,1.5312233718881705,229.3645567052215,1.53122337188816,0.6354432947784867,0.6354432947784971,0.403788180878952,1415,
baseline_lgbm_residual_v1,2025-11-16,2025_26,0022500237,NOP,GSW,230,228.16666666666666,-0.48142400774931504,227.68524265891733,-0.48142400774932526,2.314757341082658,2.314757341082668,5.358101548096103,1415,
baseline_lgbm_residual_v1,2025-11-16,2025_26,0022500239,PHX,ATL,246,231.83333333333334,1.5578320377784607,233.3911653711118,1.5578320377784678,12.608834628888197,12.60883462888819,158.98271069864995,1415,
baseline_lgbm_residual_v1,2025-11-16,2025_26,0022500240,UTA,CHI,297,243.83333333333334,2.617180227133888,246.45051356046724,2.6171802271339004,50.54948643953277,50.54948643953276,2555.250579300506,1415,
baseline_lgbm_residual_v1,2025-11-16,2025_26,0022500238,DAL,POR,271,234.16666666666666,-3.0165755788299053,231.15009108783676,-3.016575578829901,39.84990891216325,39.849908912163244,1588.0152403077075,1415,
baseline_lgbm_residual_v1,2025-11-17,2025_26,0022500241,CLE,MIL,224,236.16666666666666,-1.5630660953518958,234.60360057131476,-1.5630660953518998,-10.603600571314761,10.603600571314757,112.43634507598665,1423,
baseline_lgbm_residual_v1,2025-11-17,2025_26,0022500242,DET,IND,239,230.16666666666666,1.0028616639581083,231.16952833062476,1.0028616639581003,7.8304716693752345,7.8304716693752425,61.316286564888294,1423,
baseline_lgbm_residual_v1,2025-11-17,2025_26,0022500243,PHI,LAC,218,220.5,-1.2200536155130974,219.2799463844869,-1.220053615513109,-1.2799463844869026,1.279946384486891,1.6382627471610642,1423,
baseline_lgbm_residual_v1,2025-11-17,2025_26,0022500244,MIA,NYK,228,241.5,1.2221416369589908,242.72214163695898,1.2221416369589804,-14.722141636958991,14.72214163695898,216.74145437868125,1423,
baseline_lgbm_residual_v1,2025-11-17,2025_26,0022500245,TOR,CHA,218,238.5,3.734627427063545,242.23462742706354,3.7346274270635433,-24.234627427063543,24.234627427063543,587.3171665285805,1423,
baseline_lgbm_residual_v1,2025-11-17,2025_26,0022500246,MIN,DAL,216,229.16666666666666,-2.424615025684168,226.74205164098248,-2.424615025684176,-10.742051640982488,10.742051640982481,115.39167345753442,1423,
baseline_lgbm_residual_v1,2025-11-17,2025_26,0022500247,NOP,OKC,235,226.5,-1.5949780422601574,224.90502195773985,-1.594978042260152,10.094978042260157,10.094978042260152,101.90858167371461,1423,
baseline_lgbm_residual_v1,2025-11-17,2025_26,0022500248,DEN,CHI,257,240.5,0.06008459168288794,240.56008459168288,0.06008459168288027,16.439915408317113,16.43991540831712,270.27081863262265,1423,
baseline_lgbm_residual_v1,2025-11-18,2025_26,0022500249,ORL,GSW,234,222.83333333333334,-0.4228996893937906,222.41043364393954,-0.42289968939380174,11.589566356060448,11.589566356060459,134.3180483215285,1431,
baseline_lgbm_residual_v1,2025-11-18,2025_26,0022500251,ATL,DET,232,228.5,3.4266150951789545,231.92661509517896,3.42661509517896,0.07338490482104554,0.07338490482104021,0.00538534425559313,1431,
baseline_lgbm_residual_v1,2025-11-18,2025_26,0022500250,BKN,BOS,212,223.16666666666666,-0.18863965372763242,222.97802701293904,-0.18863965372761982,-10.978027012939025,10.978027012939037,120.51707709681921,1431,
baseline_lgbm_residual_v1,2025-11-18,2025_26,0022500253,LAL,UTA,266,237.83333333333334,3.2004570214153003,241.03379035474865,3.2004570214153034,24.966209645251357,24.966209645251354,623.3116240506417,1431,
baseline_lgbm_residual_v1,2025-11-18,2025_26,0022500254,POR,PHX,237,237.16666666666666,-0.5617107008779489,236.60495596578872,-0.5617107008779385,0.39504403421129175,0.3950440342112813,0.156059788965924,1431,
baseline_lgbm_residual_v1,2025-11-18,2025_26,0022500252,SAS,MEM,212,232.83333333333334,-1.3360243135731218,231.49730901976022,-1.3360243135731196,-19.49730901976022,19.497309019760223,380.14505901202335,1431,
baseline_lgbm_residual_v1,2025-11-19,2025_26,0022500255,CLE,HOU,218,233.83333333333334,1.7320198508967957,235.56535318423013,1.7320198508967906,-17.565353184230137,17.565353184230133,308.5416324867437,1437,
baseline_lgbm_residual_v1,2025-11-19,2025_26,0022500256,IND,CHA,245,236.16666666666666,-1.6910690708426626,234.47559759582398,-1.6910690708426728,10.524402404176005,10.524402404176016,110.7630459650259,1437,
baseline_lgbm_residual_v1,2025-11-19,2025_26,0022500257,MIA,GSW,206,231.83333333333334,0.5123301505342289,232.34566348386758,0.5123301505342397,-26.345663483867572,26.345663483867582,694.0939844051937,1437,
baseline_lgbm_residual_v1,2025-11-19,2025_26,0022500258,PHI,TOR,233,234.5,2.2514405916566083,236.7514405916566,2.2514405916566034,-3.7514405916566083,3.7514405916566034,14.073306512728847,1437,
baseline_lgbm_residual_v1,2025-11-19,2025_26,0022500259,MIN,WAS,229,237.5,-0.6210804502177439,236.87891954978227,-0.6210804502177325,-7.878919549782256,7.8789195497822675,62.077373271941205,1437,
baseline_lgbm_residual_v1,2025-11-19,2025_26,0022500260,NOP,DEN,243,233.16666666666666,1.8334646040556564,235.0001312707223,1.8334646040556493,7.999868729277686,7.9998687292776935,63.9978996856751,1437,
baseline_lgbm_residual_v1,2025-11-19,2025_26,0022500261,OKC,SAC,212,233.5,0.5959981810059946,234.095998181006,0.5959981810059958,-22.095998181005996,22.095998181005996,488.2331356150203,1437,
baseline_lgbm_residual_v1,2025-11-19,2025_26,0022500262,DAL,NYK,224,228.5,0.4321691850818212,228.93216918508182,0.43216918508181834,-4.932169185081821,4.932169185081818,24.32629287027065,1437,
baseline_lgbm_residual_v1,2025-11-19,2025_26,0022500263,POR,CHI,243,243.83333333333334,-0.4809291373291334,243.35240419600422,-0.48092913732912734,-0.3524041960042094,0.35240419600421546,0.12418871736137752,1437,
baseline_lgbm_residual_v1,2025-11-20,2025_26,0022500265,MEM,SAC,233,233.5,-2.411395795522718,231.0886042044773,-2.411395795522708,1.911395795522718,1.9113957955227079,3.6534338871418854,1446,
baseline_lgbm_residual_v1,2025-11-20,2025_26,0022500264,ORL,LAC,230,218.5,1.2775382806462778,219.77753828064627,1.2775382806462687,10.222461719353722,10.222461719353731,104.49872360365245,1446,
baseline_lgbm_residual_v1,2025-11-20,2025_26,0022500266,MIL,PHI,237,225.83333333333334,3.70917082954178,229.54250416287513,3.7091708295417902,7.457495837124878,7.457495837124867,55.61424416073472,1446,
baseline_lgbm_residual_v1,2025-11-20,2025_26,0022500267,SAS,ATL,261,231.16666666666666,1.1898088687560047,232.35647553542267,1.1898088687560175,28.64352446457734,28.643524464577325,820.4514937528397,1446,
baseline_lgbm_residual_v1,2025-11-21,2025_26,0022500056,GSW,POR,250,237.5,-2.701289848561944,234.79871015143806,-2.7012898485619417,15.201289848561943,15.201289848561942,231.07921305999233,1450,
baseline_lgbm_residual_v1,2025-11-21,2025_26,0022500048,CLE,IND,229,238.16666666666666,1.6299476660935508,239.7966143327602,1.6299476660935568,-10.796614332760209,10.796614332760214,116.56688105036328,1450,
baseline_lgbm_residual_v1,2025-11-21,2025_26,0022500049,BOS,BKN,218,222.5,-0.7254951904274447,221.77450480957256,-0.7254951904274378,-3.774504809572555,3.774504809572562,14.246886557486404,1450,
baseline_lgbm_residual_v1,2025-11-21,2025_26,0022500050,TOR,WAS,250,240.5,0.7165428136373826,241.21654281363737,0.7165428136373748,8.783457186362618,8.783457186362625,77.14912014466525,1450,
baseline_lgbm_residual_v1,2025-11-21,2025_26,0022500051,CHI,MIA,250,249.5,-0.37065594787057377,249.12934405212943,-0.3706559478705742,0.8706559478705738,0.8706559478705742,0.758041779562408,1450,
baseline_lgbm_residual_v1,2025-11-21,2025_26,0022500052,DAL,NOP,233,232.5,0.9614646025361038,233.4614646025361,0.9614646025360969,-0.4614646025361038,0.4614646025360969,0.21294957939379788,1450,
baseline_lgbm_residual_v1,2025-11-21,2025_26,0022500053,PHX,MIN,227,234.16666666666666,1.6402380997439476,235.8069047664106,1.6402380997439536,-8.806904766410605,8.80690476641061,77.56157156462594,1450,
baseline_lgbm_residual_v1,2025-11-21,2025_26,0022500054,HOU,DEN,221,234.5,1.1794894655616417,235.67948946556163,1.1794894655616304,-14.679489465561641,14.67948946556163,215.4874109695349,1450,
baseline_lgbm_residual_v1,2025-11-21,2025_26,0022500055,UTA,OKC,256,235.5,-3.1518661571205535,232.34813384287943,-3.1518661571205655,23.651866157120555,23.651866157120566,559.4107727143452,1450,
baseline_lgbm_residual_v1,2025-11-22,2025_26,0022500269,ORL,NYK,254,229.5,0.08933239772040089,229.5893323977204,0.0893323977203977,24.4106676022796,24.410667602279602,595.880692788983,1459,
baseline_lgbm_residual_v1,2025-11-22,2025_26,0022500270,NOP,ATL,213,230.83333333333334,1.6596017679671096,232.49293510130045,1.6596017679671036,-19.492935101300453,19.492935101300446,379.97451886351104,1459,
baseline_lgbm_residual_v1,2025-11-22,2025_26,0022500268,CHA,LAC,247,228.5,0.9603330253592551,229.46033302535926,0.9603330253592617,17.539666974640745,17.53966697464074,307.639917581303,1459,
baseline_lgbm_residual_v1,2025-11-22,2025_26,0022500273,DAL,MEM,198,227.16666666666666,0.9596602337557375,228.12632690042238,0.9596602337557272,-30.126326900422395,30.126326900422384,907.5955725111133,1459,
baseline_lgbm_residual_v1,2025-11-22,2025_26,0022500274,DEN,SAC,251,236.16666666666666,2.385774766056483,238.55244143272313,2.385774766056471,12.44755856727686,12.447558567276872,154.94171428578784,1459,
baseline_lgbm_residual_v1,2025-11-22,2025_26,0022500272,MIL,DET,245,223.5,4.74418736040459,228.2441873604046,4.744187360404595,16.755812639595412,16.755812639595405,280.7572572132251,1459,
baseline_lgbm_residual_v1,2025-11-22,2025_26,0022500271,CHI,WAS,241,243.83333333333334,-2.88031017928705,240.9530231540463,-2.8803101792870507,0.04697684595370699,0.04697684595370788,0.0022068240557584005,1459,
