experiment,date,season,game_id,home_team,away_team,actual_total,market_total_line,pred_residual,pred_total,edge,residual_error,abs_error,squared_error,train_games,skip_reason
drop_pace,2024-10-22,2024_25,0022400061,BOS,NYK,241,222.5,,,,,,,0,insufficient_training_data
drop_pace,2024-10-22,2024_25,0022400062,LAL,MIN,213,220.0,,,,,,,0,insufficient_training_data
drop_pace,2024-10-23,2024_25,0022400067,TOR,CLE,242,224.33333333333334,,,,,,,2,insufficient_training_data
drop_pace,2024-10-23,2024_25,0022400064,ATL,BKN,236,222.33333333333334,,,,,,,2,insufficient_training_data
drop_pace,2024-10-23,2024_25,0022400066,PHI,MIL,233,223.5,,,,,,,2,insufficient_training_data
drop_pace,2024-10-23,2024_25,0022400063,DET,IND,224,234.66666666666666,,,,,,,2,insufficient_training_data
drop_pace,2024-10-23,2024_25,0022400065,MIA,ORL,213,208.0,,,,,,,2,insufficient_training_data
drop_pace,2024-10-23,2024_25,0022400069,NOP,CHI,234,227.16666666666666,,,,,,,2,insufficient_training_data
drop_pace,2024-10-23,2024_25,0022400070,UTA,MEM,250,228.66666666666666,,,,,,,2,insufficient_training_data
drop_pace,2024-10-23,2024_25,0022400071,LAC,PHX,229,224.66666666666666,,,,,,,2,insufficient_training_data
drop_pace,2024-10-23,2024_25,0022400072,POR,GSW,244,222.16666666666666,,,,,,,2,insufficient_training_data
drop_pace,2024-10-23,2024_25,0022400068,HOU,CHA,215,229.5,,,,,,,2,insufficient_training_data
drop_pace,2024-10-24,2024_25,0022400073,WAS,BOS,224,233.33333333333334,,,,,,,12,insufficient_training_data
drop_pace,2024-10-24,2024_25,0022400074,DAL,SAS,229,229.5,,,,,,,12,insufficient_training_data
drop_pace,2024-10-24,2024_25,0022400075,DEN,OKC,189,226.0,,,,,,,12,insufficient_training_data
drop_pace,2024-10-24,2024_25,0022400076,SAC,MIN,232,220.5,,,,,,,12,insufficient_training_data
drop_pace,2024-10-25,2024_25,0022400077,ORL,BKN,217,215.5,,,,,,,16,insufficient_training_data
drop_pace,2024-10-25,2024_25,0022400081,NYK,IND,221,226.5,,,,,,,16,insufficient_training_data
drop_pace,2024-10-25,2024_25,0022400086,POR,NOP,208,218.5,,,,,,,16,insufficient_training_data
drop_pace,2024-10-25,2024_25,0022400080,CLE,DET,214,227.66666666666666,,,,,,,16,insufficient_training_data
drop_pace,2024-10-25,2024_25,0022400079,ATL,CHA,245,223.5,,,,,,,16,insufficient_training_data
drop_pace,2024-10-25,2024_25,0022400082,HOU,MEM,236,222.16666666666666,,,,,,,16,insufficient_training_data
drop_pace,2024-10-25,2024_25,0022400083,MIL,CHI,255,233.66666666666666,,,,,,,16,insufficient_training_data
drop_pace,2024-10-25,2024_25,0022400084,UTA,GSW,213,232.66666666666666,,,,,,,16,insufficient_training_data
drop_pace,2024-10-25,2024_25,0022400085,LAL,PHX,239,223.5,,,,,,,16,insufficient_training_data
drop_pace,2024-10-25,2024_25,0022400078,TOR,PHI,222,219.5,,,,,,,16,insufficient_training_data
drop_pace,2024-10-26,2024_25,0022400091,CHI,OKC,209,232.0,,,,,,,26,insufficient_training_data
drop_pace,2024-10-26,2024_25,0022400088,CHA,MIA,220,223.5,,,,,,,26,insufficient_training_data
drop_pace,2024-10-26,2024_25,0022400090,WAS,CLE,251,229.0,,,,,,,26,insufficient_training_data
drop_pace,2024-10-26,2024_25,0022400087,DEN,LAC,213,219.5,,,,,,,26,insufficient_training_data
drop_pace,2024-10-26,2024_25,0022400089,DET,BOS,242,227.33333333333334,,,,,,,26,insufficient_training_data
drop_pace,2024-10-26,2024_25,0022400095,PHX,DAL,216,232.33333333333334,,,,,,,26,insufficient_training_data
drop_pace,2024-10-26,2024_25,0022400096,LAL,SAC,258,231.66666666666666,,,,,,,26,insufficient_training_data
drop_pace,2024-10-26,2024_25,0022400093,MIN,TOR,213,220.33333333333334,,,,,,,26,insufficient_training_data
drop_pace,2024-10-26,2024_25,0022400094,SAS,HOU,215,224.16666666666666,,,,,,,26,insufficient_training_data
drop_pace,2024-10-26,2024_25,0022400092,MEM,ORL,235,222.16666666666666,,,,,,,26,insufficient_training_data
drop_pace,2024-10-27,2024_25,0022400097,IND,PHI,232,228.66666666666666,,,,,,,36,insufficient_training_data
drop_pace,2024-10-27,2024_25,0022400098,BKN,MIL,217,231.5,,,,,,,36,insufficient_training_data
drop_pace,2024-10-27,2024_25,0022400099,POR,NOP,228,219.33333333333334,,,,,,,36,insufficient_training_data
drop_pace,2024-10-27,2024_25,0022400100,OKC,ATL,232,230.33333333333334,,,,,,,36,insufficient_training_data
drop_pace,2024-10-27,2024_25,0022400101,GSW,LAC,216,221.83333333333334,,,,,,,36,insufficient_training_data
drop_pace,2024-10-28,2024_25,0022400105,MIA,DET,204,219.33333333333334,,,,,,,41,insufficient_training_data
drop_pace,2024-10-28,2024_25,0022400107,TOR,DEN,252,220.5,,,,,,,41,insufficient_training_data
drop_pace,2024-10-28,2024_25,0022400102,ORL,IND,234,224.5,,,,,,,41,insufficient_training_data
drop_pace,2024-10-28,2024_25,0022400104,BOS,MIL,227,234.0,,,,,,,41,insufficient_training_data
drop_pace,2024-10-28,2024_25,0022400106,NYK,CLE,214,221.5,,,,,,,41,insufficient_training_data
drop_pace,2024-10-28,2024_25,0022400109,SAS,HOU,207,220.0,,,,,,,41,insufficient_training_data
drop_pace,2024-10-28,2024_25,0022400108,MEM,CHI,249,233.5,,,,,,,41,insufficient_training_data
drop_pace,2024-10-28,2024_25,0022400112,SAC,POR,209,227.66666666666666,,,,,,,41,insufficient_training_data
drop_pace,2024-10-28,2024_25,0022400111,PHX,LAL,214,227.5,,,,,,,41,insufficient_training_data
drop_pace,2024-10-28,2024_25,0022400103,ATL,WAS,240,233.33333333333334,,,,,,,41,insufficient_training_data
drop_pace,2024-10-28,2024_25,0022400110,DAL,UTA,212,233.33333333333334,,,,,,,41,insufficient_training_data
drop_pace,2024-10-29,2024_25,0022400116,GSW,NOP,230,217.66666666666666,,,,,,,52,insufficient_training_data
drop_pace,2024-10-29,2024_25,0022400115,UTA,SAC,209,235.33333333333334,,,,,,,52,insufficient_training_data
drop_pace,2024-10-29,2024_25,0022400114,MIN,DAL,234,222.5,,,,,,,52,insufficient_training_data
drop_pace,2024-10-29,2024_25,0022400113,BKN,DEN,283,218.0,,,,,,,52,insufficient_training_data
drop_pace,2024-10-30,2024_25,0022400123,CHI,ORL,201,227.33333333333334,,,,,,,56,insufficient_training_data
drop_pace,2024-10-30,2024_25,0022400121,WAS,ATL,253,233.33333333333334,,,,,,,56,insufficient_training_data
drop_pace,2024-10-30,2024_25,0022400117,CHA,TOR,271,223.5,,,,,,,56,insufficient_training_data
drop_pace,2024-10-30,2024_25,0022400118,CLE,LAL,244,224.83333333333334,,,,,,,56,insufficient_training_data
drop_pace,2024-10-30,2024_25,0022400119,IND,BOS,267,233.66666666666666,,,,,,,56,insufficient_training_data
drop_pace,2024-10-30,2024_25,0022400120,PHI,DET,200,217.5,,,,,,,56,insufficient_training_data
drop_pace,2024-10-30,2024_25,0022400126,GSW,NOP,193,219.5,,,,,,,56,insufficient_training_data
drop_pace,2024-10-30,2024_25,0022400122,MIA,NYK,223,214.5,,,,,,,56,insufficient_training_data
drop_pace,2024-10-30,2024_25,0022400124,MEM,BKN,225,225.83333333333334,,,,,,,56,insufficient_training_data
drop_pace,2024-10-30,2024_25,0022400127,LAC,POR,211,214.83333333333334,,,,,,,56,insufficient_training_data
drop_pace,2024-10-30,2024_25,0022400125,OKC,SAS,198,221.5,,,,,,,56,insufficient_training_data
drop_pace,2024-10-31,2024_25,0022400130,UTA,SAS,194,223.33333333333334,,,,,,,67,insufficient_training_data
drop_pace,2024-10-31,2024_25,0022400131,LAC,PHX,244,223.5,,,,,,,67,insufficient_training_data
drop_pace,2024-10-31,2024_25,0022400129,DAL,HOU,210,225.66666666666666,,,,,,,67,insufficient_training_data
drop_pace,2024-10-31,2024_25,0022400128,MEM,MIL,221,226.5,,,,,,,67,insufficient_training_data
drop_pace,2024-11-01,2024_25,0022400135,ATL,SAC,238,239.66666666666666,,,,,,,71,insufficient_training_data
drop_pace,2024-11-01,2024_25,0022400137,TOR,LAL,256,229.0,,,,,,,71,insufficient_training_data
drop_pace,2024-11-01,2024_25,0022400139,MIN,DEN,235,219.33333333333334,,,,,,,71,insufficient_training_data
drop_pace,2024-11-01,2024_25,0022400138,NOP,IND,243,232.33333333333334,,,,,,,71,insufficient_training_data
drop_pace,2024-11-01,2024_25,0022400136,BKN,CHI,232,226.16666666666666,,,,,,,71,insufficient_training_data
drop_pace,2024-11-01,2024_25,0022400140,POR,OKC,251,220.16666666666666,,,,,,,71,insufficient_training_data
drop_pace,2024-11-01,2024_25,0022400134,DET,NYK,226,218.5,,,,,,,71,insufficient_training_data
drop_pace,2024-11-01,2024_25,0022400133,CLE,ORL,229,217.16666666666666,,,,,,,71,insufficient_training_data
drop_pace,2024-11-01,2024_25,0022400132,CHA,BOS,233,231.66666666666666,,,,,,,71,insufficient_training_data
drop_pace,2024-11-02,2024_25,0022400141,CHA,BOS,216,231.33333333333334,,,,,,,80,insufficient_training_data
drop_pace,2024-11-02,2024_25,0022400142,PHI,MEM,231,223.33333333333334,,,,,,,80,insufficient_training_data
drop_pace,2024-11-02,2024_25,0022400143,TOR,SAC,259,232.5,,,,,,,80,insufficient_training_data
drop_pace,2024-11-02,2024_25,0022400149,PHX,POR,200,224.33333333333334,,,,,,,80,insufficient_training_data
drop_pace,2024-11-02,2024_25,0022400144,HOU,GSW,248,217.33333333333334,,,,,,,80,insufficient_training_data
drop_pace,2024-11-02,2024_25,0022400146,SAS,MIN,216,214.83333333333334,,,,,,,80,insufficient_training_data
drop_pace,2024-11-02,2024_25,0022400148,DEN,UTA,232,218.5,,,,,,,80,insufficient_training_data
drop_pace,2024-11-02,2024_25,0022400150,LAC,OKC,197,220.33333333333334,,,,,,,80,insufficient_training_data
drop_pace,2024-11-02,2024_25,0022400145,MIL,CLE,227,232.16666666666666,,,,,,,80,insufficient_training_data
drop_pace,2024-11-03,2024_25,0022400153,DAL,ORL,193,219.33333333333334,,,,,,,89,insufficient_training_data
drop_pace,2024-11-03,2024_25,0022400151,BKN,DET,198,219.5,,,,,,,89,insufficient_training_data
drop_pace,2024-11-03,2024_25,0022400152,NOP,ATL,237,230.83333333333334,,,,,,,89,insufficient_training_data
drop_pace,2024-11-04,2024_25,0022400160,CHI,UTA,261,228.0,,,,,,,92,insufficient_training_data
drop_pace,2024-11-04,2024_25,0022400154,CLE,MIL,230,230.33333333333334,,,,,,,92,insufficient_training_data
drop_pace,2024-11-04,2024_25,0022400155,WAS,GSW,237,231.5,,,,,,,92,insufficient_training_data
drop_pace,2024-11-04,2024_25,0022400156,DET,LAL,218,226.33333333333334,,,,,,,92,insufficient_training_data
drop_pace,2024-11-04,2024_25,0022400157,ATL,BOS,216,234.33333333333334,,,,,,,92,insufficient_training_data
drop_pace,2024-11-04,2024_25,0022400159,MIA,SAC,221,227.16666666666666,,,,,,,92,insufficient_training_data
drop_pace,2024-11-04,2024_25,0022400163,OKC,ORL,188,215.33333333333334,,,,,,,92,insufficient_training_data
drop_pace,2024-11-04,2024_25,0022400158,BKN,MEM,210,225.33333333333334,,,,,,,92,insufficient_training_data
drop_pace,2024-11-04,2024_25,0022400168,LAC,SAS,217,218.0,,,,,,,92,insufficient_training_data
drop_pace,2024-11-04,2024_25,0022400164,NOP,POR,218,221.66666666666666,,,,,,,92,insufficient_training_data
drop_pace,2024-11-04,2024_25,0022400165,DAL,IND,261,235.66666666666666,,,,,,,92,insufficient_training_data
drop_pace,2024-11-04,2024_25,0022400166,DEN,TOR,240,228.83333333333334,,,,,,,92,insufficient_training_data
drop_pace,2024-11-04,2024_25,0022400167,PHX,PHI,234,226.66666666666666,,,,,,,92,insufficient_training_data
drop_pace,2024-11-04,2024_25,0022400162,MIN,CHA,207,226.5,,,,,,,92,insufficient_training_data
drop_pace,2024-11-04,2024_25,0022400161,HOU,NYK,206,219.16666666666666,,,,,,,92,insufficient_training_data
drop_pace,2024-11-06,2024_25,0022400172,BOS,GSW,230,230.0,,,,,,,107,insufficient_training_data
drop_pace,2024-11-06,2024_25,0022400174,MEM,LAL,245,229.83333333333334,,,,,,,107,insufficient_training_data
drop_pace,2024-11-06,2024_25,0022400169,CHA,DET,215,222.66666666666666,,,,,,,107,insufficient_training_data
drop_pace,2024-11-06,2024_25,0022400170,IND,ORL,229,226.5,,,,,,,107,insufficient_training_data
drop_pace,2024-11-06,2024_25,0022400171,ATL,NYK,237,225.5,,,,,,,107,insufficient_training_data
drop_pace,2024-11-06,2024_25,0022400173,HOU,SAS,227,213.5,,,,,,,107,insufficient_training_data
drop_pace,2024-11-06,2024_25,0022400178,PHX,MIA,227,222.5,,,,,,,107,insufficient_training_data
drop_pace,2024-11-06,2024_25,0022400176,DAL,CHI,218,234.83333333333334,,,,,,,107,insufficient_training_data
drop_pace,2024-11-06,2024_25,0022400177,DEN,OKC,246,222.0,,,,,,,107,insufficient_training_data
drop_pace,2024-11-06,2024_25,0022400179,LAC,PHI,208,218.33333333333334,,,,,,,107,insufficient_training_data
drop_pace,2024-11-06,2024_25,0022400180,SAC,TOR,229,238.0,,,,,,,107,insufficient_training_data
drop_pace,2024-11-06,2024_25,0022400175,NOP,CLE,253,224.0,,,,,,,107,insufficient_training_data
drop_pace,2024-11-07,2024_25,0022400181,CHI,MIN,254,227.66666666666666,,,,,,,119,insufficient_training_data
drop_pace,2024-11-07,2024_25,0022400182,MIL,UTA,223,229.66666666666666,,,,,,,119,insufficient_training_data
drop_pace,2024-11-07,2024_25,0022400183,SAS,POR,223,217.5,,,,,,,119,insufficient_training_data
drop_pace,2024-11-08,2024_25,0022400188,CLE,GSW,253,231.33333333333334,,,,,,,122,insufficient_training_data
drop_pace,2024-11-08,2024_25,0022400189,NYK,MIL,210,224.83333333333334,,,,,,,122,insufficient_training_data
drop_pace,2024-11-08,2024_25,0022400185,DET,ATL,243,227.0,,,,,,,122,insufficient_training_data
drop_pace,2024-11-08,2024_25,0022400186,ORL,NOP,203,213.5,,,,,,,122,insufficient_training_data
drop_pace,2024-11-08,2024_25,0022400187,BOS,BKN,212,224.33333333333334,,,,,,,122,insufficient_training_data
drop_pace,2024-11-08,2024_25,0022400193,MIN,POR,229,220.66666666666666,,,,,,,122,insufficient_training_data
drop_pace,2024-11-08,2024_25,0022400184,CHA,IND,186,234.66666666666666,,,,,,,122,insufficient_training_data
drop_pace,2024-11-08,2024_25,0022400192,OKC,HOU,233,219.0,,,,,,,122,insufficient_training_data
drop_pace,2024-11-08,2024_25,0022400196,SAC,LAC,205,224.0,,,,,,,122,insufficient_training_data
drop_pace,2024-11-08,2024_25,0022400194,DEN,MIA,257,222.0,,,,,,,122,insufficient_training_data
drop_pace,2024-11-08,2024_25,0022400195,LAL,PHI,222,222.66666666666666,,,,,,,122,insufficient_training_data
drop_pace,2024-11-08,2024_25,0022400191,MEM,WAS,232,229.33333333333334,,,,,,,122,insufficient_training_data
drop_pace,2024-11-08,2024_25,0022400190,DAL,PHX,227,230.5,,,,,,,122,insufficient_training_data
drop_pace,2024-11-09,2024_25,0022400200,LAC,TOR,208,226.33333333333334,,,,,,,135,insufficient_training_data
drop_pace,2024-11-09,2024_25,0022400199,CLE,BKN,205,223.33333333333334,,,,,,,135,insufficient_training_data
drop_pace,2024-11-09,2024_25,0022400197,SAS,UTA,221,222.5,,,,,,,135,insufficient_training_data
drop_pace,2024-11-09,2024_25,0022400198,ATL,CHI,238,238.5,,,,,,,135,insufficient_training_data
drop_pace,2024-11-10,2024_25,0022400201,DET,HOU,200,220.33333333333334,,,,,,,139,insufficient_training_data
drop_pace,2024-11-10,2024_25,0022400206,MIN,MIA,189,218.33333333333334,,,,,,,139,insufficient_training_data
drop_pace,2024-11-10,2024_25,0022400203,IND,NYK,253,229.0,,,,,,,139,insufficient_training_data
drop_pace,2024-11-10,2024_25,0022400205,PHI,CHA,212,221.16666666666666,,,,,,,139,insufficient_training_data
drop_pace,2024-11-10,2024_25,0022400202,MIL,BOS,220,228.5,,,,,,,139,insufficient_training_data
drop_pace,2024-11-10,2024_25,0022400204,ORL,WAS,215,220.16666666666666,,,,,,,139,insufficient_training_data
drop_pace,2024-11-10,2024_25,0022400208,DEN,DAL,242,231.5,,,,,,,139,insufficient_training_data
drop_pace,2024-11-10,2024_25,0022400209,PHX,SAC,245,228.33333333333334,,,,,,,139,insufficient_training_data
drop_pace,2024-11-10,2024_25,0022400210,POR,MEM,223,226.0,,,,,,,139,insufficient_training_data
drop_pace,2024-11-10,2024_25,0022400211,LAL,TOR,226,235.33333333333334,,,,,,,139,insufficient_training_data
drop_pace,2024-11-10,2024_25,0022400207,OKC,GSW,243,227.5,,,,,,,139,insufficient_training_data
drop_pace,2024-11-11,2024_25,0022400212,CHI,CLE,232,237.16666666666666,,,,,,,150,insufficient_training_data
drop_pace,2024-11-11,2024_25,0022400215,OKC,LAC,262,218.83333333333334,,,,,,,150,insufficient_training_data
drop_pace,2024-11-11,2024_25,0022400214,NOP,BKN,212,212.83333333333334,,,,,,,150,insufficient_training_data
drop_pace,2024-11-11,2024_25,0022400216,SAS,SAC,212,222.0,,,,,,,150,insufficient_training_data
drop_pace,2024-11-11,2024_25,0022400213,HOU,WAS,199,226.5,,,,,,,150,insufficient_training_data
drop_pace,2024-11-12,2024_25,0022400002,DET,MIA,244,215.5,,,,,,,155,insufficient_training_data
drop_pace,2024-11-12,2024_25,0022400007,GSW,DAL,237,232.33333333333334,,,,,,,155,insufficient_training_data
drop_pace,2024-11-12,2024_25,0022400008,POR,MIN,230,218.5,,,,,,,155,insufficient_training_data
drop_pace,2024-11-12,2024_25,0022400006,UTA,PHX,232,228.33333333333334,,,,,,,155,insufficient_training_data
drop_pace,2024-11-12,2024_25,0022400001,BOS,ATL,233,227.0,,,,,,,155,insufficient_training_data
drop_pace,2024-11-12,2024_25,0022400004,PHI,NYK,210,215.5,,,,,,,155,insufficient_training_data
drop_pace,2024-11-12,2024_25,0022400003,ORL,CHA,203,213.33333333333334,,,,,,,155,insufficient_training_data
drop_pace,2024-11-12,2024_25,0022400005,MIL,TOR,184,227.83333333333334,,,,,,,155,insufficient_training_data
drop_pace,2024-11-13,2024_25,0022400217,ORL,IND,184,225.66666666666666,,,,,,,163,insufficient_training_data
drop_pace,2024-11-13,2024_25,0022400227,SAC,PHX,231,225.5,,,,,,,163,insufficient_training_data
drop_pace,2024-11-13,2024_25,0022400226,POR,MIN,204,221.75,,,,,,,163,insufficient_training_data
drop_pace,2024-11-13,2024_25,0022400225,LAL,MEM,251,230.5,,,,,,,163,insufficient_training_data
drop_pace,2024-11-13,2024_25,0022400224,SAS,WAS,269,222.66666666666666,,,,,,,163,insufficient_training_data
drop_pace,2024-11-13,2024_25,0022400223,MIL,DET,247,217.16666666666666,,,,,,,163,insufficient_training_data
drop_pace,2024-11-13,2024_25,0022400220,PHI,CLE,220,217.66666666666666,,,,,,,163,insufficient_training_data
drop_pace,2024-11-13,2024_25,0022400221,OKC,NOP,194,221.5,,,,,,,163,insufficient_training_data
drop_pace,2024-11-13,2024_25,0022400219,NYK,CHI,247,228.33333333333334,,,,,,,163,insufficient_training_data
drop_pace,2024-11-13,2024_25,0022400218,BKN,BOS,253,218.0,,,,,,,163,insufficient_training_data
drop_pace,2024-11-13,2024_25,0022400222,HOU,LAC,214,213.83333333333334,,,,,,,163,insufficient_training_data
drop_pace,2024-11-14,2024_25,0022400228,UTA,DAL,228,230.83333333333334,,,,,,,174,insufficient_training_data
drop_pace,2024-11-15,2024_25,0022400009,IND,MIA,235,227.83333333333334,,,,,,,175,insufficient_training_data
drop_pace,2024-11-15,2024_25,0022400012,ATL,WAS,246,240.33333333333334,,,,,,,175,insufficient_training_data
drop_pace,2024-11-15,2024_25,0022400010,ORL,PHI,184,210.66666666666666,,,,,,,175,insufficient_training_data
drop_pace,2024-11-15,2024_25,0022400011,TOR,DET,194,225.0,,,,,,,175,insufficient_training_data
drop_pace,2024-11-15,2024_25,0022400013,CLE,CHI,270,237.16666666666666,,,,,,,175,insufficient_training_data
drop_pace,2024-11-15,2024_25,0022400014,NYK,BKN,246,216.5,,,,,,,175,insufficient_training_data
drop_pace,2024-11-15,2024_25,0022400016,HOU,LAC,229,217.33333333333334,,,,,,,175,insufficient_training_data
drop_pace,2024-11-15,2024_25,0022400017,NOP,DEN,195,221.0,,,,,,,175,insufficient_training_data
drop_pace,2024-11-15,2024_25,0022400018,OKC,PHX,182,228.0,,,,,,,175,insufficient_training_data
drop_pace,2024-11-15,2024_25,0022400015,SAS,LAL,235,227.33333333333334,,,,,,,175,insufficient_training_data
drop_pace,2024-11-15,2024_25,0022400019,GSW,MEM,241,235.33333333333334,,,,,,,175,insufficient_training_data
drop_pace,2024-11-15,2024_25,0022400020,SAC,MIN,256,222.0,,,,,,,175,insufficient_training_data
drop_pace,2024-11-16,2024_25,0022400229,CHA,MIL,229,217.33333333333334,,,,,,,187,insufficient_training_data
drop_pace,2024-11-16,2024_25,0022400230,BOS,TOR,249,228.5,,,,,,,187,insufficient_training_data
drop_pace,2024-11-16,2024_25,0022400231,NOP,LAL,203,221.33333333333334,,,,,,,187,insufficient_training_data
drop_pace,2024-11-16,2024_25,0022400232,DAL,SAS,203,227.0,,,,,,,187,insufficient_training_data
drop_pace,2024-11-16,2024_25,0022400233,SAC,UTA,238,227.5,,,,,,,187,insufficient_training_data
drop_pace,2024-11-17,2024_25,0022400235,IND,MIA,229,228.66666666666666,,,,,,,192,insufficient_training_data
drop_pace,2024-11-17,2024_25,0022400238,MEM,DEN,195,228.0,,,,,,,192,insufficient_training_data
drop_pace,2024-11-17,2024_25,0022400234,MIN,PHX,237,219.5,,,,,,,192,insufficient_training_data
drop_pace,2024-11-17,2024_25,0022400237,WAS,DET,228,228.66666666666666,,,,,,,192,insufficient_training_data
drop_pace,2024-11-17,2024_25,0022400236,CLE,CHA,242,224.16666666666666,,,,,,,192,insufficient_training_data
drop_pace,2024-11-17,2024_25,0022400242,OKC,DAL,240,229.5,,,,,,,192,insufficient_training_data
drop_pace,2024-11-17,2024_25,0022400240,NYK,BKN,218,220.5,,,,,,,192,insufficient_training_data
drop_pace,2024-11-17,2024_25,0022400241,CHI,HOU,250,233.66666666666666,,,,,,,192,insufficient_training_data
drop_pace,2024-11-17,2024_25,0022400243,LAC,UTA,221,220.5,,,,,,,192,insufficient_training_data
drop_pace,2024-11-17,2024_25,0022400239,POR,ATL,224,232.33333333333334,,,,,,,192,insufficient_training_data
drop_pace,2024-11-18,2024_25,0022400245,MIA,PHI,195,212.66666666666666,,,,,,,202,insufficient_training_data
drop_pace,2024-11-18,2024_25,0022400247,TOR,IND,249,234.33333333333334,,,,,,,202,insufficient_training_data
drop_pace,2024-11-18,2024_25,0022400244,DET,CHI,234,233.5,,,,,,,202,insufficient_training_data
drop_pace,2024-11-18,2024_25,0022400246,NYK,WAS,240,231.16666666666666,,,,,,,202,insufficient_training_data
drop_pace,2024-11-18,2024_25,0022400251,LAC,GSW,201,226.16666666666666,,,,,,,202,insufficient_training_data
drop_pace,2024-11-18,2024_25,0022400250,SAC,ATL,217,234.83333333333334,,,,,,,202,insufficient_training_data
drop_pace,2024-11-18,2024_25,0022400249,PHX,ORL,208,211.16666666666666,,,,,,,202,insufficient_training_data
drop_pace,2024-11-18,2024_25,0022400248,MIL,HOU,201,222.33333333333334,,,,,,,202,insufficient_training_data
drop_pace,2024-11-19,2024_25,0022400021,BOS,CLE,237,234.83333333333334,,,,,,,210,insufficient_training_data
drop_pace,2024-11-19,2024_25,0022400022,BKN,CHA,231,220.83333333333334,,,,,,,210,insufficient_training_data
drop_pace,2024-11-19,2024_25,0022400023,MEM,DEN,232,226.83333333333334,,,,,,,210,insufficient_training_data
drop_pace,2024-11-19,2024_25,0022400024,DAL,NOP,223,221.83333333333334,,,,,,,210,insufficient_training_data
drop_pace,2024-11-19,2024_25,0022400025,SAS,OKC,214,223.16666666666666,,,,,,,210,insufficient_training_data
drop_pace,2024-11-19,2024_25,0022400026,LAL,UTA,242,235.33333333333334,,,,,,,210,insufficient_training_data
drop_pace,2024-11-20,2024_25,0022400255,MEM,PHI,228,219.5,,,,,,,216,insufficient_training_data
drop_pace,2024-11-20,2024_25,0022400252,CLE,NOP,228,222.0,,,,,,,216,insufficient_training_data
drop_pace,2024-11-20,2024_25,0022400253,MIL,CHI,228,238.0,,,,,,,216,insufficient_training_data
drop_pace,2024-11-20,2024_25,0022400254,HOU,IND,243,231.5,,,,,,,216,insufficient_training_data
drop_pace,2024-11-20,2024_25,0022400259,LAC,ORL,197,206.5,,,,,,,216,insufficient_training_data
drop_pace,2024-11-20,2024_25,0022400257,PHX,NYK,260,222.5,,,,,,,216,insufficient_training_data
drop_pace,2024-11-20,2024_25,0022400258,GSW,ATL,217,239.0,,,,,,,216,insufficient_training_data
drop_pace,2024-11-20,2024_25,0022400256,OKC,POR,208,223.83333333333334,,,,,,,216,insufficient_training_data
drop_pace,2024-11-21,2024_25,0022400263,LAL,ORL,237,217.33333333333334,,,,,,,224,insufficient_training_data
drop_pace,2024-11-21,2024_25,0022400262,SAS,UTA,244,224.16666666666666,,,,,,,224,insufficient_training_data
drop_pace,2024-11-21,2024_25,0022400260,CHA,DET,244,220.66666666666666,,,,,,,224,insufficient_training_data
drop_pace,2024-11-21,2024_25,0022400261,TOR,MIN,215,225.5,,,,,,,224,insufficient_training_data
drop_pace,2024-11-22,2024_25,0022400034,LAC,SAC,192,221.33333333333334,,,,,,,228,insufficient_training_data
drop_pace,2024-11-22,2024_25,0022400033,DEN,DAL,243,227.33333333333334,,,,,,,228,insufficient_training_data
drop_pace,2024-11-22,2024_25,0022400031,HOU,POR,204,223.16666666666666,,,,,,,228,insufficient_training_data
drop_pace,2024-11-22,2024_25,0022400032,NOP,GSW,220,223.5,,,,,,,228,insufficient_training_data
drop_pace,2024-11-22,2024_25,0022400029,MIL,IND,246,237.5,,,,,,,228,insufficient_training_data
drop_pace,2024-11-22,2024_25,0022400027,PHI,BKN,211,217.5,,,,,,,228,insufficient_training_data
drop_pace,2024-11-22,2024_25,0022400030,CHI,ATL,258,244.5,,,,,,,228,insufficient_training_data
drop_pace,2024-11-22,2024_25,0022400028,WAS,BOS,204,237.83333333333334,,,,,,,228,insufficient_training_data
drop_pace,2024-11-23,2024_25,0022400264,UTA,NYK,227,229.66666666666666,,,,,,,236,insufficient_training_data
drop_pace,2024-11-23,2024_25,0022400265,ORL,DET,211,206.66666666666666,,,,,,,236,insufficient_training_data
drop_pace,2024-11-23,2024_25,0022400266,CHI,MEM,273,243.16666666666666,,,,,,,236,insufficient_training_data
drop_pace,2024-11-23,2024_25,0022400267,HOU,POR,202,224.5,,,,,,,236,insufficient_training_data
drop_pace,2024-11-23,2024_25,0022400268,MIL,CHA,244,223.0,,,,,,,236,insufficient_training_data
drop_pace,2024-11-23,2024_25,0022400269,SAS,GSW,198,225.33333333333334,,,,,,,236,insufficient_training_data
drop_pace,2024-11-23,2024_25,0022400270,LAL,DEN,229,233.0,,,,,,,236,insufficient_training_data
drop_pace,2024-11-24,2024_25,0022400275,CLE,TOR,230,236.5,,,,,,,243,insufficient_training_data
drop_pace,2024-11-24,2024_25,0022400276,SAC,BKN,211,222.0,,,,,,,243,insufficient_training_data
drop_pace,2024-11-24,2024_25,0022400274,PHI,LAC,224,209.0,,,,,,,243,insufficient_training_data
drop_pace,2024-11-24,2024_25,0022400273,MIA,DAL,241,222.0,,,,,,,243,insufficient_training_data
drop_pace,2024-11-24,2024_25,0022400272,IND,WAS,218,242.66666666666666,,,,,,,243,insufficient_training_data
drop_pace,2024-11-24,2024_25,0022400271,BOS,MIN,212,222.5,,,,,,,243,insufficient_training_data
drop_pace,2024-11-25,2024_25,0022400280,ATL,DAL,248,237.5,,,,,,,249,insufficient_training_data
drop_pace,2024-11-25,2024_25,0022400277,CHA,ORL,179,213.5,,,,,,,249,insufficient_training_data
drop_pace,2024-11-25,2024_25,0022400279,IND,NOP,224,227.5,,,,,,,249,insufficient_training_data
drop_pace,2024-11-25,2024_25,0022400284,GSW,BKN,248,223.33333333333334,,,,,,,249,insufficient_training_data
drop_pace,2024-11-25,2024_25,0022400278,DET,TOR,202,222.83333333333334,,,,,,,249,insufficient_training_data
drop_pace,2024-11-25,2024_25,0022400282,MEM,POR,221,230.83333333333334,,,,,,,249,insufficient_training_data
drop_pace,2024-11-25,2024_25,0022400285,SAC,OKC,239,223.5,,,,,,,249,insufficient_training_data
drop_pace,2024-11-25,2024_25,0022400283,DEN,NYK,263,232.16666666666666,,,,,,,249,insufficient_training_data
drop_pace,2024-11-25,2024_25,0022400281,BOS,LAC,220,218.66666666666666,,,,,,,249,insufficient_training_data
drop_pace,2024-11-26,2024_25,0022400035,WAS,CHI,235,244.33333333333334,,,,,,,258,insufficient_training_data
drop_pace,2024-11-26,2024_25,0022400036,MIA,MIL,209,224.5,,,,,,,258,insufficient_training_data
drop_pace,2024-11-26,2024_25,0022400037,MIN,HOU,228,221.16666666666666,,,,,,,258,insufficient_training_data
drop_pace,2024-11-26,2024_25,0022400038,UTA,SAS,243,225.83333333333334,,,,,,,258,insufficient_training_data
drop_pace,2024-11-26,2024_25,0022400039,PHX,LAL,227,234.16666666666666,,,,,,,258,insufficient_training_data
drop_pace,2024-11-27,2024_25,0022400289,ORL,CHI,252,224.0,,,,,,,263,insufficient_training_data
drop_pace,2024-11-27,2024_25,0022400288,IND,POR,235,231.66666666666666,,,,,,,263,insufficient_training_data
drop_pace,2024-11-27,2024_25,0022400291,WAS,LAC,217,223.0,,,,,,,263,insufficient_training_data
drop_pace,2024-11-27,2024_25,0022400286,CHA,MIA,192,217.5,,,,,,,263,insufficient_training_data
drop_pace,2024-11-27,2024_25,0022400292,DAL,NYK,243,234.5,,,,,,,263,insufficient_training_data
drop_pace,2024-11-27,2024_25,0022400290,PHI,HOU,237,217.83333333333334,,,,,,,263,insufficient_training_data
drop_pace,2024-11-27,2024_25,0022400287,CLE,ATL,259,240.5,,,,,,,263,insufficient_training_data
drop_pace,2024-11-27,2024_25,0022400294,MIN,SAC,219,221.66666666666666,,,,,,,263,insufficient_training_data
drop_pace,2024-11-27,2024_25,0022400299,GSW,OKC,206,230.33333333333334,,,,,,,263,insufficient_training_data
drop_pace,2024-11-27,2024_25,0022400298,UTA,DEN,225,231.5,,,,,,,263,insufficient_training_data
drop_pace,2024-11-27,2024_25,0022400293,MEM,DET,242,225.16666666666666,,,,,,,263,insufficient_training_data
drop_pace,2024-11-27,2024_25,0022400296,SAS,LAL,220,226.66666666666666,,,,,,,263,insufficient_training_data
drop_pace,2024-11-27,2024_25,0022400297,PHX,BKN,244,219.33333333333334,,,,,,,263,insufficient_training_data
drop_pace,2024-11-27,2024_25,0022400295,NOP,TOR,212,222.33333333333334,,,,,,,263,insufficient_training_data
drop_pace,2024-11-29,2024_25,0022400044,MIN,LAC,185,216.66666666666666,,,,,,,277,insufficient_training_data
drop_pace,2024-11-29,2024_25,0022400041,ATL,CLE,218,246.83333333333334,,,,,,,277,insufficient_training_data
drop_pace,2024-11-29,2024_25,0022400042,MEM,NOP,229,230.16666666666666,,,,,,,277,insufficient_training_data
drop_pace,2024-11-29,2024_25,0022400043,BKN,ORL,223,209.66666666666666,,,,,,,277,insufficient_training_data
drop_pace,2024-11-29,2024_25,0022400040,CHA,NYK,197,222.83333333333334,,,,,,,277,insufficient_training_data
drop_pace,2024-11-29,2024_25,0022400049,POR,SAC,221,223.33333333333334,,,,,,,277,insufficient_training_data
drop_pace,2024-11-29,2024_25,0022400047,CHI,BOS,267,242.5,,,,,,,277,insufficient_training_data
drop_pace,2024-11-29,2024_25,0022400048,LAL,OKC,194,231.5,,,,,,,277,insufficient_training_data
drop_pace,2024-11-29,2024_25,0022400046,MIA,TOR,232,219.5,,,,,,,277,insufficient_training_data
drop_pace,2024-11-29,2024_25,0022400045,IND,DET,236,231.0,,,,,,,277,insufficient_training_data
drop_pace,2024-11-30,2024_25,0022400300,CHA,ATL,211,227.16666666666666,,,,,,,287,insufficient_training_data
drop_pace,2024-11-30,2024_25,0022400301,DET,PHI,207,217.16666666666666,,,,,,,287,insufficient_training_data
drop_pace,2024-11-30,2024_25,0022400302,MIL,WAS,238,230.5,,,,,,,287,insufficient_training_data
drop_pace,2024-11-30,2024_25,0022400303,PHX,GSW,218,231.66666666666666,,,,,,,287,insufficient_training_data
drop_pace,2024-11-30,2024_25,0022400304,UTA,DAL,200,233.16666666666666,,,,,,,287,insufficient_training_data
drop_pace,2024-12-01,2024_25,0022400309,TOR,MIA,235,222.0,,,,,,,292,insufficient_training_data
drop_pace,2024-12-01,2024_25,0022400306,MEM,IND,257,242.0,,,,,,,292,insufficient_training_data
drop_pace,2024-12-01,2024_25,0022400307,CLE,BOS,226,236.66666666666666,,,,,,,292,insufficient_training_data
drop_pace,2024-12-01,2024_25,0022400308,NYK,NOP,203,226.16666666666666,,,,,,,292,insufficient_training_data
drop_pace,2024-12-01,2024_25,0022400305,BKN,ORL,192,209.66666666666666,,,,,,,292,insufficient_training_data
drop_pace,2024-12-01,2024_25,0022400310,HOU,OKC,235,219.5,,,,,,,292,insufficient_training_data
drop_pace,2024-12-01,2024_25,0022400312,POR,DAL,268,228.33333333333334,,,,,,,292,insufficient_training_data
drop_pace,2024-12-01,2024_25,0022400313,SAC,SAS,252,225.5,,,,,,,292,insufficient_training_data
drop_pace,2024-12-01,2024_25,0022400314,LAC,DEN,248,223.16666666666666,,,,,,,292,insufficient_training_data
drop_pace,2024-12-01,2024_25,0022400311,UTA,LAL,209,231.33333333333334,,,,,,,292,insufficient_training_data
drop_pace,2024-12-02,2024_25,0022400315,ATL,NOP,236,227.66666666666666,,,,,,,302,insufficient_training_data
drop_pace,2024-12-02,2024_25,0022400316,BOS,MIA,197,220.5,,,,,,,302,insufficient_training_data
drop_pace,2024-12-02,2024_25,0022400317,CHI,BKN,230,233.5,,,,,,,302,insufficient_training_data
drop_pace,2024-12-02,2024_25,0022400318,MIN,LAL,189,221.33333333333334,,,,,,,302,insufficient_training_data
drop_pace,2024-12-03,2024_25,0022400055,OKC,UTA,239,222.5,,,,,,,306,insufficient_training_data
drop_pace,2024-12-03,2024_25,0022400050,CHA,PHI,214,209.0,,,,,,,306,insufficient_training_data
drop_pace,2024-12-03,2024_25,0022400052,DET,MIL,235,221.66666666666666,,,,,,,306,insufficient_training_data
drop_pace,2024-12-03,2024_25,0022400053,NYK,ORL,227,216.0,,,,,,,306,insufficient_training_data
drop_pace,2024-12-03,2024_25,0022400054,TOR,IND,233,238.66666666666666,,,,,,,306,insufficient_training_data
drop_pace,2024-12-03,2024_25,0022400058,DEN,GSW,234,239.0,,,,,,,306,insufficient_training_data
drop_pace,2024-12-03,2024_25,0022400056,DAL,MEM,237,241.66666666666666,,,,,,,306,insufficient_training_data
drop_pace,2024-12-03,2024_25,0022400057,PHX,SAS,197,230.0,,,,,,,306,insufficient_training_data
drop_pace,2024-12-03,2024_25,0022400060,LAC,POR,232,218.33333333333334,,,,,,,306,insufficient_training_data
drop_pace,2024-12-03,2024_25,0022400059,SAC,HOU,231,225.16666666666666,,,,,,,306,insufficient_training_data
drop_pace,2024-12-03,2024_25,0022400051,CLE,WAS,205,234.66666666666666,,,,,,,306,insufficient_training_data
drop_pace,2024-12-04,2024_25,0022400321,MIA,LAL,227,217.33333333333334,,,,,,,317,insufficient_training_data
drop_pace,2024-12-04,2024_25,0022400319,BOS,DET,250,221.0,,,,,,,317,insufficient_training_data
drop_pace,2024-12-04,2024_25,0022400320,BKN,IND,189,226.66666666666666,,,,,,,317,insufficient_training_data
drop_pace,2024-12-04,2024_25,0022400324,LAC,MIN,188,211.33333333333334,,,,,,,317,insufficient_training_data
drop_pace,2024-12-04,2024_25,0022400323,MIL,ATL,223,236.16666666666666,,,,,,,317,insufficient_training_data
drop_pace,2024-12-04,2024_25,0022400322,PHI,ORL,208,208.16666666666666,,,,,,,317,insufficient_training_data
drop_pace,2024-12-05,2024_25,0022400331,SAS,CHI,263,236.5,,,,,,,323,insufficient_training_data
drop_pace,2024-12-05,2024_25,0022400330,NOP,PHX,250,221.0,,,,,,,323,insufficient_training_data
drop_pace,2024-12-05,2024_25,0022400329,MEM,SAC,225,242.5,,,,,,,323,insufficient_training_data
drop_pace,2024-12-05,2024_25,0022400332,GSW,HOU,192,220.16666666666666,,,,,,,323,insufficient_training_data
drop_pace,2024-12-05,2024_25,0022400327,NYK,CHA,226,217.16666666666666,,,,,,,323,insufficient_training_data
drop_pace,2024-12-05,2024_25,0022400326,WAS,DAL,238,235.16666666666666,,,,,,,323,insufficient_training_data
drop_pace,2024-12-05,2024_25,0022400325,CLE,DEN,240,237.5,,,,,,,323,insufficient_training_data
drop_pace,2024-12-05,2024_25,0022400328,TOR,OKC,221,226.66666666666666,,,,,,,323,insufficient_training_data
drop_pace,2024-12-06,2024_25,0022400339,POR,UTA,240,225.83333333333334,,,,,,,331,insufficient_training_data
drop_pace,2024-12-06,2024_25,0022400338,GSW,MIN,197,220.16666666666666,,,,,,,331,insufficient_training_data
drop_pace,2024-12-06,2024_25,0022400336,CHI,IND,255,247.66666666666666,,,,,,,331,insufficient_training_data
drop_pace,2024-12-06,2024_25,0022400337,SAS,SAC,253,227.16666666666666,,,,,,,331,insufficient_training_data
drop_pace,2024-12-06,2024_25,0022400334,ATL,LAL,266,231.33333333333334,,,,,,,331,insufficient_training_data
drop_pace,2024-12-06,2024_25,0022400333,PHI,ORL,196,210.16666666666666,,,,,,,331,insufficient_training_data
drop_pace,2024-12-06,2024_25,0022400335,BOS,MIL,216,229.33333333333334,,,,,,,331,insufficient_training_data
drop_pace,2024-12-07,2024_25,0022400344,TOR,DAL,243,234.5,,,,,,,338,insufficient_training_data
drop_pace,2024-12-07,2024_25,0022400345,BOS,MEM,248,237.16666666666666,,,,,,,338,insufficient_training_data
drop_pace,2024-12-07,2024_25,0022400343,NYK,DET,231,225.66666666666666,,,,,,,338,insufficient_training_data
drop_pace,2024-12-07,2024_25,0022400346,MIA,PHX,232,220.0,,,,,,,338,insufficient_training_data
drop_pace,2024-12-07,2024_25,0022400341,WAS,DEN,235,231.16666666666666,,,,,,,338,insufficient_training_data
drop_pace,2024-12-07,2024_25,0022400340,CHA,CLE,218,219.16666666666666,,,,,,,338,insufficient_training_data
drop_pace,2024-12-07,2024_25,0022400342,NOP,OKC,228,224.16666666666666,,,,,,,338,insufficient_training_data
drop_pace,2024-12-08,2024_25,0022400352,ORL,PHX,225,211.16666666666666,,,,,,,345,insufficient_training_data
drop_pace,2024-12-08,2024_25,0022400348,BKN,MIL,231,218.66666666666666,,,,,,,345,insufficient_training_data
drop_pace,2024-12-08,2024_25,0022400349,IND,CHA,222,221.16666666666666,,,,,,,345,insufficient_training_data
drop_pace,2024-12-08,2024_25,0022400351,MIA,CLE,235,224.0,,,,,,,345,insufficient_training_data
drop_pace,2024-12-08,2024_25,0022400350,ATL,DEN,252,241.16666666666666,,,,,,,345,insufficient_training_data
drop_pace,2024-12-08,2024_25,0022400347,CHI,PHI,208,232.5,,,,,,,345,insufficient_training_data
drop_pace,2024-12-08,2024_25,0022400354,SAS,NOP,237,225.83333333333334,,,,,,,345,insufficient_training_data
drop_pace,2024-12-08,2024_25,0022400355,GSW,MIN,220,216.0,,,,,,,345,insufficient_training_data
drop_pace,2024-12-08,2024_25,0022400356,LAC,HOU,223,215.5,,,,,,,345,insufficient_training_data
drop_pace,2024-12-08,2024_25,0022400357,SAC,UTA,238,230.5,,,,,,,345,insufficient_training_data
drop_pace,2024-12-08,2024_25,0022400358,LAL,POR,205,225.5,,,,,,,345,insufficient_training_data
drop_pace,2024-12-08,2024_25,0022400353,WAS,MEM,252,242.0,,,,,,,345,insufficient_training_data
drop_pace,2024-12-09,2024_25,0022400359,TOR,NYK,221,231.0,,,,,,,357,insufficient_training_data
drop_pace,2024-12-10,2024_25,0022401203,OKC,DAL,222,231.33333333333334,,,,,,,358,insufficient_training_data
drop_pace,2024-12-10,2024_25,0022401201,MIL,ORL,223,213.16666666666666,,,,,,,358,insufficient_training_data
drop_pace,2024-12-11,2024_25,0022401204,HOU,GSW,181,222.16666666666666,,,,,,,360,insufficient_training_data
drop_pace,2024-12-11,2024_25,0022401202,NYK,ATL,208,236.16666666666666,,,,,,,360,insufficient_training_data
drop_pace,2024-12-12,2024_25,0022401207,NOP,SAC,220,231.66666666666666,,,,,,,362,insufficient_training_data
drop_pace,2024-12-12,2024_25,0022401206,MIA,TOR,218,224.0,,,,,,,362,insufficient_training_data
drop_pace,2024-12-12,2024_25,0022401205,BOS,DET,222,227.5,,,,,,,362,insufficient_training_data
drop_pace,2024-12-13,2024_25,0022401213,DEN,LAC,218,228.33333333333334,,,,,,,365,insufficient_training_data
drop_pace,2024-12-13,2024_25,0022401215,POR,SAS,234,224.66666666666666,,,,,,,365,insufficient_training_data
drop_pace,2024-12-13,2024_25,0022401214,UTA,PHX,260,231.33333333333334,,,,,,,365,insufficient_training_data
drop_pace,2024-12-13,2024_25,0022401212,CHI,CHA,204,231.16666666666666,,,,,,,365,insufficient_training_data
drop_pace,2024-12-13,2024_25,0022401209,PHI,IND,228,225.66666666666666,,,,,,,365,insufficient_training_data
drop_pace,2024-12-13,2024_25,0022401210,MIN,LAL,184,214.0,,,,,,,365,insufficient_training_data
drop_pace,2024-12-13,2024_25,0022401211,MEM,BKN,254,230.5,,,,,,,365,insufficient_training_data
drop_pace,2024-12-13,2024_25,0022401208,CLE,WAS,220,232.5,,,,,,,365,insufficient_training_data
drop_pace,2024-12-15,2024_25,0022401228,GSW,DAL,276,229.83333333333334,,,,,,,373,insufficient_training_data
drop_pace,2024-12-15,2024_25,0022401227,ORL,NYK,191,215.33333333333334,,,,,,,373,insufficient_training_data
drop_pace,2024-12-15,2024_25,0022401219,PHX,POR,225,229.0,,,,,,,373,insufficient_training_data
drop_pace,2024-12-15,2024_25,0022401220,LAL,MEM,226,232.5,,,,,,,373,insufficient_training_data
drop_pace,2024-12-15,2024_25,0022401217,WAS,BOS,210,229.83333333333334,,,,,,,373,insufficient_training_data
drop_pace,2024-12-15,2024_25,0022401216,IND,NOP,223,228.5,,,,,,,373,insufficient_training_data
drop_pace,2024-12-15,2024_25,0022401218,SAS,MIN,198,214.5,,,,,,,373,insufficient_training_data
drop_pace,2024-12-16,2024_25,0022401226,LAC,UTA,251,224.16666666666666,,,,,,,380,insufficient_training_data
drop_pace,2024-12-16,2024_25,0022401225,SAC,DEN,259,238.33333333333334,,,,,,,380,insufficient_training_data
drop_pace,2024-12-16,2024_25,0022401224,BKN,CLE,231,218.66666666666666,,,,,,,380,insufficient_training_data
drop_pace,2024-12-16,2024_25,0022401221,DET,MIA,249,218.33333333333334,,,,,,,380,insufficient_training_data
drop_pace,2024-12-16,2024_25,0022401222,CHA,PHI,229,214.5,,,,,,,380,insufficient_training_data
drop_pace,2024-12-16,2024_25,0022401223,TOR,CHI,243,238.5,,,,,,,380,insufficient_training_data
drop_pace,2024-12-19,2024_25,0022400364,TOR,BKN,195,218.16666666666666,,,,,,,386,insufficient_training_data
drop_pace,2024-12-19,2024_25,0022400366,MEM,GSW,237,235.66666666666666,,,,,,,386,insufficient_training_data
drop_pace,2024-12-19,2024_25,0022400360,DET,UTA,245,227.83333333333334,,,,,,,386,insufficient_training_data
drop_pace,2024-12-19,2024_25,0022400362,WAS,CHA,237,223.5,,,,,,,386,insufficient_training_data
drop_pace,2024-12-19,2024_25,0022400363,BOS,CHI,225,242.33333333333334,,,,,,,386,insufficient_training_data
drop_pace,2024-12-19,2024_25,0022400365,HOU,NOP,246,217.16666666666666,,,,,,,386,insufficient_training_data
drop_pace,2024-12-19,2024_25,0022400372,SAC,LAL,213,229.0,,,,,,,386,insufficient_training_data
drop_pace,2024-12-19,2024_25,0022400367,MIN,NYK,240,214.33333333333334,,,,,,,386,insufficient_training_data
drop_pace,2024-12-19,2024_25,0022400369,PHX,IND,231,234.5,,,,,,,386,insufficient_training_data
drop_pace,2024-12-19,2024_25,0022400370,SAS,ATL,259,233.5,,,,,,,386,insufficient_training_data
drop_pace,2024-12-19,2024_25,0022400371,POR,DEN,250,235.5,,,,,,,386,insufficient_training_data
drop_pace,2024-12-19,2024_25,0022400368,DAL,LAC,213,223.66666666666666,,,,,,,386,insufficient_training_data
drop_pace,2024-12-19,2024_25,0022400361,ORL,OKC,204,210.5,,,,,,,386,insufficient_training_data
drop_pace,2024-12-20,2024_25,0022400373,PHI,CHA,206,217.83333333333334,,,,,,,399,insufficient_training_data
drop_pace,2024-12-20,2024_25,0022400374,CLE,MIL,225,223.66666666666666,,,,,,,399,insufficient_training_data
drop_pace,2024-12-20,2024_25,0022400375,MIA,OKC,201,214.83333333333334,,,,,,,399,insufficient_training_data
drop_pace,2024-12-21,2024_25,0022400379,BKN,UTA,199,221.5,,,,,,,402,insufficient_training_data
drop_pace,2024-12-21,2024_25,0022400376,SAC,LAL,202,228.0,,,,,,,402,insufficient_training_data
drop_pace,2024-12-21,2024_25,0022400387,PHX,DET,258,225.83333333333334,,,,,,,402,insufficient_training_data
drop_pace,2024-12-21,2024_25,0022400378,ATL,MEM,240,241.5,,,,,,,402,insufficient_training_data
drop_pace,2024-12-21,2024_25,0022400380,CLE,PHI,225,221.33333333333334,,,,,,,402,insufficient_training_data
drop_pace,2024-12-21,2024_25,0022400381,CHI,BOS,221,243.0,,,,,,,402,insufficient_training_data
drop_pace,2024-12-21,2024_25,0022400382,MIL,WAS,213,224.5,,,,,,,402,insufficient_training_data
drop_pace,2024-12-21,2024_25,0022400386,SAS,POR,208,227.5,,,,,,,402,insufficient_training_data
drop_pace,2024-12-21,2024_25,0022400385,DAL,LAC,210,221.33333333333334,,,,,,,402,insufficient_training_data
drop_pace,2024-12-21,2024_25,0022400377,ORL,MIA,235,208.5,,,,,,,402,insufficient_training_data
drop_pace,2024-12-21,2024_25,0022400383,MIN,GSW,216,213.33333333333334,,,,,,,402,insufficient_training_data
drop_pace,2024-12-21,2024_25,0022400384,NOP,NYK,197,226.33333333333334,,,,,,,402,insufficient_training_data
drop_pace,2024-12-22,2024_25,0022400389,SAC,IND,217,235.83333333333334,,,,,,,414,insufficient_training_data
drop_pace,2024-12-22,2024_25,0022400390,NOP,DEN,261,232.0,,,,,,,414,insufficient_training_data
drop_pace,2024-12-22,2024_25,0022400388,TOR,HOU,224,223.0,,,,,,,414,insufficient_training_data
drop_pace,2024-12-23,2024_25,0022400397,NYK,TOR,264,227.16666666666666,,,,,,,417,insufficient_training_data
drop_pace,2024-12-23,2024_25,0022400391,CHA,HOU,215,218.5,,,,,,,417,insufficient_training_data
drop_pace,2024-12-23,2024_25,0022400392,CLE,UTA,237,232.33333333333334,,,,,,,417,insufficient_training_data
drop_pace,2024-12-23,2024_25,0022400393,ORL,BOS,212,215.0,,,,,,,417,insufficient_training_data
drop_pace,2024-12-23,2024_25,0022400394,PHI,SAS,217,217.0,,,,,,,417,insufficient_training_data
drop_pace,2024-12-23,2024_25,0022400395,ATL,MIN,221,222.16666666666666,,,,,,,417,insufficient_training_data
drop_pace,2024-12-23,2024_25,0022400396,MIA,BKN,205,214.5,,,,,,,417,insufficient_training_data
drop_pace,2024-12-23,2024_25,0022400398,CHI,MIL,203,233.33333333333334,,,,,,,417,insufficient_training_data
drop_pace,2024-12-23,2024_25,0022400399,MEM,LAC,224,230.5,,,,,,,417,insufficient_training_data
drop_pace,2024-12-23,2024_25,0022400403,GSW,IND,216,231.0,,,,,,,417,insufficient_training_data
drop_pace,2024-12-23,2024_25,0022400404,LAL,DET,231,223.83333333333334,,,,,,,417,insufficient_training_data
drop_pace,2024-12-23,2024_25,0022400401,DAL,POR,240,228.66666666666666,,,,,,,417,insufficient_training_data
drop_pace,2024-12-23,2024_25,0022400400,OKC,WAS,228,222.33333333333334,,,,,,,417,insufficient_training_data
drop_pace,2024-12-23,2024_25,0022400402,DEN,PHX,207,232.5,,,,,,,417,insufficient_training_data
drop_pace,2024-12-25,2024_25,0022400407,BOS,PHI,232,221.5,,,,,,,431,insufficient_training_data
drop_pace,2024-12-25,2024_25,0022400408,GSW,LAL,228,222.33333333333334,,,,,,,431,insufficient_training_data
drop_pace,2024-12-25,2024_25,0022400405,NYK,SAS,231,223.5,,,,,,,431,insufficient_training_data
drop_pace,2024-12-25,2024_25,0022400409,PHX,DEN,210,232.5,,,,,,,431,insufficient_training_data
drop_pace,2024-12-25,2024_25,0022400406,DAL,MIN,204,221.33333333333334,,,,,,,431,insufficient_training_data
drop_pace,2024-12-26,2024_25,0022400416,NOP,HOU,239,220.5,,,,,,,436,insufficient_training_data
drop_pace,2024-12-26,2024_25,0022400418,SAC,DET,227,227.33333333333334,,,,,,,436,insufficient_training_data
drop_pace,2024-12-26,2024_25,0022400417,POR,UTA,242,228.5,,,,,,,436,insufficient_training_data
drop_pace,2024-12-26,2024_25,0022400415,MIL,BKN,216,213.16666666666666,,,,,,,436,insufficient_training_data
drop_pace,2024-12-26,2024_25,0022400412,WAS,CHA,223,227.16666666666666,,,,,,,436,insufficient_training_data
drop_pace,2024-12-26,2024_25,0022400413,ATL,CHI,274,242.83333333333334,,,,,,,436,insufficient_training_data
drop_pace,2024-12-26,2024_25,0022400411,ORL,MIA,177,208.33333333333334,,,,,,,436,insufficient_training_data
drop_pace,2024-12-26,2024_25,0022400410,IND,OKC,234,226.83333333333334,,,,,,,436,insufficient_training_data
drop_pace,2024-12-26,2024_25,0022400414,MEM,TOR,281,238.5,,,,,,,436,insufficient_training_data
drop_pace,2024-12-27,2024_25,0022400422,HOU,MIN,225,213.33333333333334,,,,,,,445,insufficient_training_data
drop_pace,2024-12-27,2024_25,0022400419,ORL,NYK,193,212.0,,,,,,,445,insufficient_training_data
drop_pace,2024-12-27,2024_25,0022400420,BOS,IND,247,232.5,,,,,,,445,insufficient_training_data
drop_pace,2024-12-27,2024_25,0022400421,BKN,SAS,183,214.33333333333334,,,,,,,445,insufficient_training_data
drop_pace,2024-12-27,2024_25,0022400425,PHX,DAL,187,225.33333333333334,,,,,,,445,insufficient_training_data
drop_pace,2024-12-27,2024_25,0022400423,NOP,MEM,256,239.0,,,,,,,445,insufficient_training_data
drop_pace,2024-12-27,2024_25,0022400424,DEN,CLE,284,236.5,,,,,,,445,insufficient_training_data
drop_pace,2024-12-27,2024_25,0022400426,LAC,GSW,194,214.0,,,,,,,445,insufficient_training_data
drop_pace,2024-12-28,2024_25,0022400432,DEN,DET,255,230.83333333333334,,,,,,,453,insufficient_training_data
drop_pace,2024-12-28,2024_25,0022400434,POR,DAL,248,224.0,,,,,,,453,insufficient_training_data
drop_pace,2024-12-28,2024_25,0022400433,UTA,PHI,225,222.66666666666666,,,,,,,453,insufficient_training_data
drop_pace,2024-12-28,2024_25,0022400431,GSW,PHX,214,219.33333333333334,,,,,,,453,insufficient_training_data
drop_pace,2024-12-28,2024_25,0022400435,LAL,SAC,254,223.0,,,,,,,453,insufficient_training_data
drop_pace,2024-12-28,2024_25,0022400429,WAS,NYK,268,228.0,,,,,,,453,insufficient_training_data
drop_pace,2024-12-28,2024_25,0022400428,CHA,OKC,200,219.0,,,,,,,453,insufficient_training_data
drop_pace,2024-12-28,2024_25,0022400427,ATL,MIA,230,225.33333333333334,,,,,,,453,insufficient_training_data
drop_pace,2024-12-28,2024_25,0022400430,CHI,MIL,227,229.5,,,,,,,453,insufficient_training_data
drop_pace,2024-12-29,2024_25,0022400441,MIN,SAS,222,214.33333333333334,,,,,,,462,insufficient_training_data
drop_pace,2024-12-29,2024_25,0022400439,HOU,MIA,204,216.5,,,,,,,462,insufficient_training_data
drop_pace,2024-12-29,2024_25,0022400440,OKC,MEM,236,230.0,,,,,,,462,insufficient_training_data
drop_pace,2024-12-29,2024_25,0022400437,BOS,IND,237,233.66666666666666,,,,,,,462,insufficient_training_data
drop_pace,2024-12-29,2024_25,0022400436,ORL,BKN,203,204.5,,,,,,,462,insufficient_training_data
drop_pace,2024-12-29,2024_25,0022400438,TOR,ATL,243,237.33333333333334,,,,,,,462,insufficient_training_data
drop_pace,2024-12-30,2024_25,0022400448,SAC,DAL,210,230.0,,,,,,,468,insufficient_training_data
drop_pace,2024-12-30,2024_25,0022400447,POR,PHI,228,222.33333333333334,,,,,,,468,insufficient_training_data
drop_pace,2024-12-30,2024_25,0022400446,GSW,CLE,208,231.16666666666666,,,,,,,468,insufficient_training_data
drop_pace,2024-12-30,2024_25,0022400445,UTA,DEN,253,240.0,,,,,,,468,insufficient_training_data
drop_pace,2024-12-30,2024_25,0022400444,NOP,LAC,229,220.83333333333334,,,,,,,468,insufficient_training_data
drop_pace,2024-12-30,2024_25,0022400443,WAS,NYK,232,230.16666666666666,,,,,,,468,insufficient_training_data
drop_pace,2024-12-30,2024_25,0022400442,CHA,CHI,223,226.33333333333334,,,,,,,468,insufficient_training_data
drop_pace,2024-12-31,2024_25,0022400454,LAL,CLE,232,229.0,,,,,,,475,insufficient_training_data
drop_pace,2024-12-31,2024_25,0022400453,PHX,MEM,229,235.5,,,,,,,475,insufficient_training_data
drop_pace,2024-12-31,2024_25,0022400452,OKC,MIN,218,216.16666666666666,,,,,,,475,insufficient_training_data
drop_pace,2024-12-31,2024_25,0022400450,IND,MIL,232,230.16666666666666,,,,,,,475,insufficient_training_data
drop_pace,2024-12-31,2024_25,0022400449,BOS,TOR,196,233.16666666666666,,,,,,,475,insufficient_training_data
drop_pace,2024-12-31,2024_25,0022400451,SAS,LAC,208,217.16666666666666,,,,,,,475,insufficient_training_data
drop_pace,2025-01-01,2024_25,0022400462,SAC,PHI,220,223.5,,,,,,,481,insufficient_training_data
drop_pace,2025-01-01,2024_25,0022400461,DEN,ATL,259,246.33333333333334,,,,,,,481,insufficient_training_data
drop_pace,2025-01-01,2024_25,0022400460,HOU,DAL,209,221.5,,,,,,,481,insufficient_training_data
drop_pace,2025-01-01,2024_25,0022400459,TOR,BKN,243,221.5,,,,,,,481,insufficient_training_data
drop_pace,2025-01-01,2024_25,0022400456,WAS,CHI,232,237.16666666666666,,,,,,,481,insufficient_training_data
drop_pace,2025-01-01,2024_25,0022400457,MIA,NOP,227,222.16666666666666,,,,,,,481,insufficient_training_data
drop_pace,2025-01-01,2024_25,0022400455,DET,ORL,201,211.5,,,,,,,481,insufficient_training_data
drop_pace,2025-01-01,2024_25,0022400458,NYK,UTA,222,231.16666666666666,,,,,,,481,insufficient_training_data
drop_pace,2025-01-02,2024_25,0022400467,GSW,PHI,244,217.66666666666666,,,,,,,489,insufficient_training_data
drop_pace,2025-01-02,2024_25,0022400468,LAL,POR,220,225.0,,,,,,,489,insufficient_training_data
drop_pace,2025-01-02,2024_25,0022400466,OKC,LAC,214,219.33333333333334,,,,,,,489,insufficient_training_data
drop_pace,2025-01-02,2024_25,0022400463,MIA,IND,243,224.33333333333334,,,,,,,489,insufficient_training_data
drop_pace,2025-01-02,2024_25,0022400464,MIN,BOS,233,219.5,,,,,,,489,insufficient_training_data
drop_pace,2025-01-02,2024_25,0022400465,MIL,BKN,223,219.0,,,,,,,489,insufficient_training_data
drop_pace,2025-01-03,2024_25,0022400477,LAL,ATL,221,231.33333333333334,,,,,,,495,insufficient_training_data
drop_pace,2025-01-03,2024_25,0022400476,SAC,MEM,271,238.5,,,,,,,495,insufficient_training_data
drop_pace,2025-01-03,2024_25,0022400475,DEN,SAS,223,236.5,,,,,,,495,insufficient_training_data
drop_pace,2025-01-03,2024_25,0022400474,DAL,CLE,256,230.5,,,,,,,495,insufficient_training_data
drop_pace,2025-01-03,2024_25,0022400470,TOR,ORL,203,216.33333333333334,,,,,,,495,insufficient_training_data
drop_pace,2025-01-03,2024_25,0022400472,NOP,WAS,252,232.66666666666666,,,,,,,495,insufficient_training_data
drop_pace,2025-01-03,2024_25,0022400471,HOU,BOS,195,220.66666666666666,,,,,,,495,insufficient_training_data
drop_pace,2025-01-03,2024_25,0022400469,DET,CHA,192,216.5,,,,,,,495,insufficient_training_data
drop_pace,2025-01-03,2024_25,0022400473,OKC,NYK,224,221.66666666666666,,,,,,,495,insufficient_training_data
drop_pace,2025-01-04,2024_25,0022400480,IND,PHX,234,233.5,1.0073572517060705,234.50735725170608,1.0073572517060825,-0.5073572517060705,0.5073572517060825,0.25741138085874915,504,
drop_pace,2025-01-04,2024_25,0022400482,CHI,NYK,265,234.83333333333334,-1.8891214880355554,232.9442118452978,-1.8891214880355562,32.05578815470221,32.05578815470221,1027.5735542191467,504,
drop_pace,2025-01-04,2024_25,0022400478,BKN,PHI,217,214.33333333333334,1.284341252042375,215.6176745853757,1.284341252042367,1.3823254146242823,1.3823254146242903,1.910823551916216,504,
drop_pace,2025-01-04,2024_25,0022400481,MIA,UTA,236,223.5,-4.565835546317849,218.93416445368214,-4.565835546317857,17.06583554631785,17.065835546317857,291.24274289396607,504,
drop_pace,2025-01-04,2024_25,0022400485,GSW,MEM,234,234.16666666666666,2.204723916848536,236.3713905835152,2.204723916848536,-2.3713905835151934,2.3713905835151934,5.6234932995845295,504,
drop_pace,2025-01-04,2024_25,0022400483,MIL,POR,207,227.33333333333334,-4.29080982434584,223.0425235089875,-4.290809824345843,-16.042523508987504,16.0425235089875,257.3625605364166,504,
drop_pace,2025-01-04,2024_25,0022400486,LAC,ATL,236,227.83333333333334,5.038265320361839,232.87159865369517,5.03826532036183,3.128401346304818,3.128401346304827,9.786894983561853,504,
drop_pace,2025-01-04,2024_25,0022400479,DET,MIN,224,217.66666666666666,1.981777648514507,219.64844431518117,1.9817776485145089,4.351555684818836,4.351555684818834,18.93603687807911,504,
drop_pace,2025-01-04,2024_25,0022400484,SAS,DEN,233,237.0,1.9959112445448457,238.99591124454486,1.9959112445448568,-5.995911244544846,5.995911244544857,35.95095165245945,504,
drop_pace,2025-01-05,2024_25,0022400492,GSW,SAC,228,225.33333333333334,0.8368254346664195,226.17015876799977,0.836825434666423,1.8298412320002377,1.8298412320002342,3.3483189343281348,513,
drop_pace,2025-01-05,2024_25,0022400490,ORL,UTA,197,212.16666666666666,1.1834675298038402,213.3501341964705,1.1834675298038349,-16.3501341964705,16.350134196470492,267.3268882425938,513,
drop_pace,2025-01-05,2024_25,0022400491,HOU,LAL,234,218.33333333333334,-2.2640566122778742,216.06927672105547,-2.2640566122778694,17.93072327894453,17.930723278944527,321.51083730608315,513,
drop_pace,2025-01-05,2024_25,0022400489,WAS,NOP,208,235.16666666666666,0.11791388875902148,235.2845805554257,0.11791388875903408,-27.284580555425677,27.28458055542569,744.4483360855137,513,
drop_pace,2025-01-05,2024_25,0022400487,OKC,BOS,197,221.5,0.17057756575473515,221.67057756575474,0.1705775657547406,-24.670577565754733,24.67057756575474,608.6373974279211,513,
drop_pace,2025-01-05,2024_25,0022400488,CLE,CHA,220,223.0,-5.46183769475922,217.53816230524077,-5.461837694759225,2.46183769475922,2.4618376947592253,6.060644835337417,513,
drop_pace,2025-01-06,2024_25,0022400498,CHI,SAS,224,236.5,-0.35330439551658943,236.1466956044834,-0.3533043955166022,-12.14669560448341,12.146695604483398,147.5422141079763,519,
drop_pace,2025-01-06,2024_25,0022400496,NYK,ORL,197,210.0,-3.643908073243032,206.35609192675696,-3.64390807324304,-9.356091926756967,9.35609192675696,87.53645614192676,519,
drop_pace,2025-01-06,2024_25,0022400493,DET,POR,233,225.5,3.6483408684161427,229.14834086841614,3.648340868416142,3.8516591315838573,3.851659131583858,14.83527806591332,519,
drop_pace,2025-01-06,2024_25,0022400494,PHI,PHX,208,223.33333333333334,4.1972447803737385,227.5305781137071,4.197244780373751,-19.53057811370708,19.530578113707094,381.4434814556145,519,
drop_pace,2025-01-06,2024_25,0022400495,BKN,IND,212,222.83333333333334,-6.238677534243766,216.59465579908957,-6.238677534243777,-4.594655799089577,4.594655799089566,21.110861912107374,519,
drop_pace,2025-01-06,2024_25,0022400500,MIN,LAC,214,214.5,5.481326838346986,219.98132683834697,5.481326838346973,-5.981326838346986,5.981326838346973,35.7762707471298,519,
drop_pace,2025-01-06,2024_25,0022400497,TOR,MIL,232,230.5,3.863175312616878,234.36317531261687,3.8631753126168746,-2.363175312616878,2.3631753126168746,5.584597558161863,519,
drop_pace,2025-01-06,2024_25,0022400499,MEM,DAL,223,232.33333333333334,4.694363532355949,237.02769686568928,4.694363532355936,-14.027696865689292,14.027696865689279,196.77627935566883,519,
drop_pace,2025-01-06,2024_25,0022400501,SAC,MIA,241,224.16666666666666,-0.024513150868136623,224.14215351579853,-0.024513150868131106,16.85784648420148,16.857846484201474,284.186988084904,519,
drop_pace,2025-01-07,2024_25,0022400506,UTA,ATL,245,235.83333333333334,-0.9915438069036153,234.84178952642972,-0.9915438069036213,10.158210473570273,10.158210473570279,103.1892400253529,528,
drop_pace,2025-01-07,2024_25,0022400507,DEN,BOS,224,235.5,0.5033987431093622,236.00339874310936,0.5033987431093578,-12.003398743109361,12.003398743109358,144.0815813860793,528,
drop_pace,2025-01-07,2024_25,0022400508,GSW,MIA,212,218.5,6.164665778089033,224.66466577808905,6.164665778089045,-12.664665778089033,12.664665778089045,160.3937592706998,528,
drop_pace,2025-01-07,2024_25,0022400504,DAL,LAL,215,219.5,0.8962851844701064,220.39628518447012,0.8962851844701163,-5.3962851844701065,5.396285184470116,29.119893792131677,528,
drop_pace,2025-01-07,2024_25,0022400503,WAS,HOU,247,225.33333333333334,6.705907773124792,232.03924110645812,6.705907773124778,14.960758893541865,14.960758893541879,223.82430667069244,528,
drop_pace,2025-01-07,2024_25,0022400502,CHA,PHX,219,222.16666666666666,3.9446443304198975,226.11131099708655,3.944644330419891,-7.111310997086555,7.111310997086548,50.57074409728408,528,
drop_pace,2025-01-07,2024_25,0022400505,NOP,MIN,201,220.83333333333334,1.1600928306609928,221.99342616399434,1.160092830661,-20.993426163994336,20.993426163994343,440.7239421030822,528,
drop_pace,2025-01-08,2024_25,0022400509,CLE,OKC,251,227.83333333333334,-2.05787126781488,225.77546206551847,-2.0578712678148747,25.22453793448154,25.224537934481532,636.2773140080978,535,
drop_pace,2025-01-08,2024_25,0022400510,IND,CHI,242,241.0,-1.2021515693944742,239.7978484306055,-1.2021515693944878,2.2021515693944744,2.2021515693944878,4.8494715345866055,535,
drop_pace,2025-01-08,2024_25,0022400511,NYK,TOR,210,231.33333333333334,-4.7911827555739395,226.5421505777594,-4.791182755573942,-16.542150577759404,16.5421505777594,273.64274573726567,535,
drop_pace,2025-01-08,2024_25,0022400512,PHI,WAS,212,221.5,-2.6637580606637146,218.83624193933628,-2.6637580606637243,-6.836241939336285,6.836241939336276,46.7342038531402,535,
drop_pace,2025-01-08,2024_25,0022400513,BKN,DET,211,213.5,-0.7415715929336153,212.7584284070664,-0.7415715929336102,-1.7584284070663847,1.7584284070663898,3.0920704627780413,535,
drop_pace,2025-01-08,2024_25,0022400515,DEN,LAC,229,227.5,-0.2744869189816191,227.2255130810184,-0.2744869189816086,1.774486918981619,1.7744869189816086,3.148803825636842,535,
drop_pace,2025-01-08,2024_25,0022400514,NOP,POR,219,226.5,-0.5458070265831454,225.95419297341687,-0.5458070265831338,-6.954192973416855,6.954192973416866,48.360799911520516,535,
drop_pace,2025-01-08,2024_25,0022400516,MIL,SAS,226,222.33333333333334,-0.7100987880212207,221.62323454531213,-0.7100987880212131,4.376765454687878,4.37676545468787,19.15607584534912,535,
drop_pace,2025-01-09,2024_25,0022400517,CLE,TOR,258,234.66666666666666,-8.533878868097732,226.13278779856893,-8.53387886809773,31.867212201431073,31.867212201431073,1015.5192134910375,543,
drop_pace,2025-01-09,2024_25,0022400518,DET,GSW,211,219.33333333333334,6.13345859464307,225.4667919279764,6.133458594643059,-14.466791927976413,14.466791927976402,209.2880686873632,543,
drop_pace,2025-01-09,2024_25,0022400519,ORL,MIN,193,204.0,-3.0197011302587837,200.9802988697412,-3.0197011302587953,-7.980298869741216,7.980298869741205,63.68517005039275,543,
drop_pace,2025-01-09,2024_25,0022400520,MEM,HOU,234,233.5,2.7582562399890116,236.258256239989,2.7582562399890094,-2.2582562399890116,2.2582562399890094,5.099721245449298,543,
drop_pace,2025-01-09,2024_25,0022400521,DAL,POR,228,219.66666666666666,6.41229575918551,226.07896242585215,6.412295759185497,1.9210375741478325,1.9210375741478458,3.69038536128784,543,
drop_pace,2025-01-09,2024_25,0022400522,PHX,ATL,238,238.33333333333334,-1.6860901305763305,236.647243202757,-1.686090130576332,1.3527567972429877,1.3527567972429893,1.82995095248711,543,
drop_pace,2025-01-09,2024_25,0022400523,UTA,MIA,189,223.0,-0.2576119164686136,222.74238808353138,-0.25761191646861903,-33.74238808353139,33.74238808353138,1138.5487535796406,543,
drop_pace,2025-01-10,2024_25,0022400528,BOS,SAC,211,229.66666666666666,-2.3969222678380664,227.26974439882858,-2.396922267838079,-16.269744398828593,16.26974439882858,264.7045828032139,550,
drop_pace,2025-01-10,2024_25,0022400525,IND,GSW,204,223.83333333333334,0.8062886744206657,224.639622007754,0.8062886744206708,-20.63962200775401,20.639622007754014,425.99399662296383,550,
drop_pace,2025-01-10,2024_25,0022400527,PHI,NOP,238,220.33333333333334,-0.9656452637344344,219.3676880695989,-0.9656452637344444,18.63231193040109,18.6323119304011,347.1630478717672,550,
drop_pace,2025-01-10,2024_25,0022400530,CHI,WAS,243,241.5,-3.066693117186025,238.43330688281398,-3.06669311718602,4.566693117186025,4.56669311718602,20.854686026554166,550,
drop_pace,2025-01-10,2024_25,0022400529,NYK,OKC,227,225.0,4.074180240445939,229.07418024044594,4.074180240445941,-2.074180240445939,2.0741802404459406,4.30222366985638,550,
drop_pace,2025-01-10,2024_25,0022400531,DEN,BKN,229,220.5,-4.489880065148398,216.01011993485162,-4.489880065148384,12.989880065148398,12.989880065148384,168.7369841069394,550,
drop_pace,2025-01-10,2024_25,0022400526,ORL,MIL,215,209.33333333333334,-0.5411582892945933,208.79217504403874,-0.5411582892946001,6.20782495596125,6.207824955961257,38.53709068385539,550,
drop_pace,2025-01-11,2024_25,0022400533,PHX,UTA,220,228.5,-0.8928922611112977,227.60710773888871,-0.8928922611112853,-7.607107738888702,7.607107738888715,57.868088151060576,557,
drop_pace,2025-01-11,2024_25,0022400534,DET,TOR,237,230.33333333333334,1.9625686794367718,232.2959020127701,1.962568679436771,4.704097987229885,4.704097987229886,22.128537873460267,557,
drop_pace,2025-01-11,2024_25,0022400535,MIN,MEM,252,230.0,3.078537511237464,233.07853751123747,3.078537511237471,18.921462488762536,18.92146248876253,358.0217427136475,557,
drop_pace,2025-01-11,2024_25,0022400536,POR,MIA,217,218.83333333333334,-0.11301931693895609,218.72031401639438,-0.11301931693895995,-1.7203140163943866,1.7203140163943829,2.959480315002973,557,
drop_pace,2025-01-12,2024_25,0022400543,CLE,IND,201,238.66666666666666,-0.7053570725905404,237.9613095940761,-0.7053570725905445,-36.96130959407612,36.96130959407611,1366.138406909143,561,
drop_pace,2025-01-12,2024_25,0022400539,NYK,MIL,246,227.33333333333334,3.2736324376452126,230.60696577097855,3.2736324376452046,15.393034229021445,15.393034229021453,236.94550277582607,561,
drop_pace,2025-01-12,2024_25,0022400540,DAL,DEN,213,229.0,-0.9812739125522257,228.01872608744776,-0.9812739125522398,-15.018726087447774,15.01872608744776,225.5621332897839,561,
drop_pace,2025-01-12,2024_25,0022400541,CHI,SAC,243,237.83333333333334,0.48873815964843464,238.3220714929818,0.4887381596484488,4.677928507018223,4.677928507018208,21.883015116773603,561,
drop_pace,2025-01-12,2024_25,0022400542,BOS,NOP,239,227.0,-0.9223690165493174,226.0776309834507,-0.922369016549311,12.922369016549318,12.922369016549311,166.9876209998736,561,
drop_pace,2025-01-12,2024_25,0022400546,UTA,BKN,223,215.5,-0.14533138270383944,215.35466861729617,-0.14533138270383006,7.64533138270384,7.64533138270383,58.451091951356055,561,
drop_pace,2025-01-12,2024_25,0022400547,PHX,CHA,233,224.0,-5.495829810921948,218.50417018907805,-5.495829810921947,14.495829810921947,14.495829810921947,210.12908190721342,561,
drop_pace,2025-01-12,2024_25,0022400545,WAS,OKC,231,230.33333333333334,1.3049957849445157,231.63832911827785,1.3049957849445093,-0.6383291182778585,0.6383291182778521,0.4074640632413801,561,
drop_pace,2025-01-12,2024_25,0022400544,ORL,PHI,203,206.16666666666666,-3.360405890539566,202.8062607761271,-3.3604058905395675,0.19373922387290898,0.19373922387291032,0.03753488686687766,561,
drop_pace,2025-01-13,2024_25,0022400548,WAS,MIN,226,224.33333333333334,4.8410572864596535,229.174390619793,4.841057286459659,-3.1743906197929963,3.1743906197930016,10.076755807029796,570,
drop_pace,2025-01-13,2024_25,0022400549,NYK,DET,243,224.33333333333334,0.7111278286542588,225.0444611619876,0.7111278286542699,17.955538838012398,17.955538838012387,322.4013749633712,570,
drop_pace,2025-01-13,2024_25,0022400550,TOR,GSW,205,228.5,3.9269145188431596,232.42691451884315,3.926914518843148,-27.42691451884316,27.426914518843148,752.235640023929,570,
drop_pace,2025-01-13,2024_25,0022400551,HOU,MEM,238,236.16666666666666,-0.28558198547926855,235.8810846811874,-0.2855819854792685,2.1189153188126113,2.1189153188126113,4.48980212829875,570,
drop_pace,2025-01-13,2024_25,0022400552,LAL,SAS,228,222.5,-0.9598256074740223,221.54017439252598,-0.9598256074740164,6.459825607474023,6.459825607474016,41.72934687897705,570,
drop_pace,2025-01-13,2024_25,0022400553,LAC,MIA,207,215.33333333333334,-2.8886212007174885,212.44471213261585,-2.8886212007174947,-5.444712132615854,5.444712132615848,29.644890207054218,570,
drop_pace,2025-01-14,2024_25,0022400555,PHI,OKC,220,218.33333333333334,2.8414945558776714,221.174827889211,2.8414945558776594,-1.1748278892110142,1.1748278892110022,1.380220569267979,576,
drop_pace,2025-01-14,2024_25,0022400557,CHI,NOP,232,239.66666666666666,-4.63788620034219,235.02878046632446,-4.637886200342194,-3.0287804663244673,3.028780466324463,9.173511113188631,576,
drop_pace,2025-01-14,2024_25,0022400556,ATL,PHX,239,235.16666666666666,0.6861415877671863,235.85280825443385,0.6861415877671959,3.1471917455661567,3.147191745566147,9.90481588335969,576,
drop_pace,2025-01-14,2024_25,0022400558,MIL,SAC,245,228.5,-0.4888834028293664,228.01111659717063,-0.4888834028293729,16.988883402829366,16.988883402829373,288.62215927493133,576,
drop_pace,2025-01-14,2024_25,0022400559,DAL,DEN,217,232.33333333333334,-4.2503711014387555,228.08296223189458,-4.250371101438759,-11.082962231894587,11.082962231894584,122.83205183360177,576,
drop_pace,2025-01-14,2024_25,0022400560,POR,BKN,246,217.66666666666666,-0.9402889569480128,216.72637770971863,-0.9402889569480237,29.273622290281356,29.273622290281367,856.9449619940581,576,
drop_pace,2025-01-14,2024_25,0022400554,IND,CLE,244,230.66666666666666,-0.929217424277877,229.73744924238878,-0.9292174242778799,14.26255075761122,14.262550757611223,203.42035411343647,576,
drop_pace,2025-01-15,2024_25,0022400565,MIN,GSW,231,215.33333333333334,0.8367949803229165,216.17012831365625,0.8367949803229067,14.82987168634374,14.82987168634375,219.92509423342003,583,
drop_pace,2025-01-15,2024_25,0022400562,TOR,BOS,207,229.66666666666666,1.2388663094840355,230.90553297615068,1.238866309484024,-23.905532976150692,23.90553297615068,571.4745068738276,583,
drop_pace,2025-01-15,2024_25,0022400563,CHI,ATL,204,243.5,-2.0237411711225968,241.4762588288774,-2.0237411711225946,-37.476258828877405,37.476258828877405,1404.4699758090117,583,
drop_pace,2025-01-15,2024_25,0022400561,PHI,NYK,244,219.0,0.20342866289642614,219.2034286628964,0.20342866289641393,24.796571337103575,24.796571337103586,614.8699500760671,583,
drop_pace,2025-01-15,2024_25,0022400569,UTA,CHA,229,221.33333333333334,-1.4689587267541742,219.86437460657916,-1.468958726754181,9.135625393420831,9.135625393420838,83.45965132891564,583,
drop_pace,2025-01-15,2024_25,0022400564,MIL,ORL,215,211.0,-1.7816307572738093,209.2183692427262,-1.7816307572738026,5.78163075727381,5.781630757273803,33.42725421345445,583,
drop_pace,2025-01-15,2024_25,0022400568,DEN,HOU,236,231.5,0.18552746644299783,231.685527466443,0.18552746644300555,4.314472533557002,4.3144725335569944,18.61467324281771,583,
drop_pace,2025-01-15,2024_25,0022400571,LAC,BKN,193,213.0,-1.6751888822978964,211.3248111177021,-1.6751888822979026,-18.324811117702104,18.324811117702097,335.7987024994584,583,
drop_pace,2025-01-15,2024_25,0022400570,LAL,MIA,225,217.33333333333334,-1.7369804708940002,215.59635286243935,-1.7369804708939967,9.403647137560657,9.403647137560654,88.42857948775269,583,
drop_pace,2025-01-15,2024_25,0022400567,SAS,MEM,244,239.16666666666666,0.6710322230526633,239.83769888971932,0.6710322230526629,4.16230111028068,4.16230111028068,17.32475053264378,583,
drop_pace,2025-01-15,2024_25,0022400566,NOP,DAL,235,225.83333333333334,-5.079728023148382,220.75360531018495,-5.079728023148391,14.24639468981504,14.246394689815048,202.9597616579904,583,
drop_pace,2025-01-16,2024_25,0022400576,SAC,HOU,259,226.16666666666666,-0.535803810441924,225.63086285622472,-0.5358038104419336,33.36913714377527,33.369137143775276,1113.499313720083,594,
drop_pace,2025-01-16,2024_25,0022400572,DET,IND,211,227.0,-1.6527175025278302,225.34728249747218,-1.6527175025278211,-14.34728249747217,14.347282497472179,205.8445150622715,594,
drop_pace,2025-01-16,2024_25,0022400573,WAS,PHX,253,231.66666666666666,0.9363264253920651,232.6029930920587,0.9363264253920534,20.39700690794128,20.39700690794129,416.0378908026047,594,
drop_pace,2025-01-16,2024_25,0022400574,OKC,CLE,248,232.5,-2.4658765138892287,230.03412348611076,-2.465876513889242,17.965876513889228,17.965876513889242,322.7727189123171,594,
drop_pace,2025-01-16,2024_25,0022400575,POR,LAC,207,221.16666666666666,4.3971974516467,225.56386411831335,4.39719745164669,-18.563864118313358,18.563864118313347,344.61705100320177,594,
drop_pace,2025-01-17,2024_25,0022400577,BOS,ORL,215,210.66666666666666,-5.042677664869832,205.62398900179682,-5.042677664869842,9.376010998203174,9.376010998203185,87.90958223842709,599,
drop_pace,2025-01-17,2024_25,0022400578,NYK,MIN,215,219.33333333333334,0.07599032387369625,219.40932365720704,0.07599032387369675,-4.409323657207039,4.40932365720704,19.442135114005662,599,
drop_pace,2025-01-17,2024_25,0022400580,MIL,TOR,242,229.66666666666666,3.8639422518076025,233.53060891847426,3.8639422518076003,8.46939108152574,8.469391081525742,71.73058529182778,599,
drop_pace,2025-01-17,2024_25,0022400579,MIA,DEN,246,226.16666666666666,2.168022018961601,228.33468868562827,2.168022018961608,17.665311314371742,17.665311314371735,312.06322383367,599,
drop_pace,2025-01-17,2024_25,0022400585,LAL,BKN,203,216.66666666666666,-3.0806966311149053,213.58597003555175,-3.080696631114904,-10.585970035551751,10.585970035551753,112.06276159359959,599,
drop_pace,2025-01-17,2024_25,0022400581,NOP,UTA,259,230.16666666666666,1.7560242558557797,231.92269092252243,1.7560242558557775,27.07730907747756,27.077309077477565,733.180666877249,599,
drop_pace,2025-01-17,2024_25,0022400584,CHI,CHA,248,235.0,-2.71909060953791,232.28090939046209,-2.719090609537915,15.71909060953791,15.719090609537915,247.08980959086304,599,
drop_pace,2025-01-17,2024_25,0022400582,SAS,MEM,252,239.16666666666666,1.0497026179271391,240.2163692845938,1.049702617927153,11.783630715406204,11.78363071540619,138.85395283706418,599,
drop_pace,2025-01-17,2024_25,0022400583,DAL,OKC,204,223.33333333333334,4.206939383709964,227.5402727170433,4.206939383709965,-23.540272717043308,23.540272717043308,554.1444395927736,599,
drop_pace,2025-01-18,2024_25,0022400586,DET,PHX,246,226.66666666666666,1.358762405108884,228.02542907177553,1.3587624051088767,17.97457092822446,17.974570928224466,323.08520005377216,608,
drop_pace,2025-01-18,2024_25,0022400587,BOS,ATL,234,234.5,1.9980700119069683,236.49807001190698,1.9980700119069752,-2.498070011906968,2.498070011906975,6.240353784388915,608,
drop_pace,2025-01-18,2024_25,0022400588,IND,PHI,217,223.16666666666666,-1.045015039866808,222.12165162679986,-1.0450150398667972,-5.121651626799849,5.12165162679986,26.231315386301652,608,
drop_pace,2025-01-18,2024_25,0022400589,GSW,WAS,236,228.83333333333334,0.003881825164733843,228.83721515849808,0.003881825164739894,7.1627848415019235,7.162784841501917,51.30548668564965,608,
drop_pace,2025-01-18,2024_25,0022400590,MIN,CLE,241,226.66666666666666,1.2291981995790133,227.89586486624566,1.2291981995790024,13.10413513375433,13.10413513375434,171.7183576036949,608,
drop_pace,2025-01-18,2024_25,0022400591,POR,HOU,228,224.5,4.952588475808327,229.45258847580834,4.952588475808341,-1.4525884758083274,1.4525884758083407,2.1100132800511986,608,
drop_pace,2025-01-19,2024_25,0022400597,POR,CHI,215,235.5,3.4633736549902046,238.9633736549902,3.4633736549901926,-23.963373654990203,23.963373654990193,574.243276928678,614,
drop_pace,2025-01-19,2024_25,0022400595,OKC,BKN,228,217.5,-2.9314459296444664,214.56855407035553,-2.931445929644468,13.431445929644466,13.431445929644468,180.40373976096296,614,
drop_pace,2025-01-19,2024_25,0022400592,MIA,SAS,235,219.5,-3.9903969573996334,215.50960304260036,-3.990396957399639,19.490396957399632,19.49039695739964,379.8755735570131,614,
drop_pace,2025-01-19,2024_25,0022400593,ORL,DEN,213,221.5,4.705786387139547,226.20578638713954,4.70578638713954,-13.205786387139547,13.20578638713954,174.39279410275998,614,
drop_pace,2025-01-19,2024_25,0022400598,SAC,WAS,223,232.5,-2.534831835041555,229.96516816495844,-2.534831835041558,-6.965168164958445,6.965168164958442,48.51356756615055,614,
drop_pace,2025-01-19,2024_25,0022400596,LAC,LAL,218,214.66666666666666,-6.301178092015424,208.36548857465124,-6.3011780920154195,9.634511425348766,9.634511425348762,92.82381040517583,614,
drop_pace,2025-01-19,2024_25,0022400594,MIL,PHI,232,223.16666666666666,-5.0083151335963585,218.1583515330703,-5.008315133596369,13.841648466929701,13.841648466929712,191.59123228205763,614,
drop_pace,2025-01-20,2024_25,0022400603,CLE,PHX,210,233.5,2.7210322688331736,236.22103226883317,2.72103226883317,-26.221032268833174,26.22103226883317,687.5425332431904,621,
drop_pace,2025-01-20,2024_25,0022400605,NOP,UTA,242,232.5,0.47888515051769365,232.9788851505177,0.47888515051769787,9.021114849482306,9.021114849482302,81.3805131275501,621,
drop_pace,2025-01-20,2024_25,0022400604,GSW,BOS,210,223.5,1.218502930282432,224.71850293028243,1.2185029302824262,-14.718502930282432,14.718502930282426,216.63432850873235,621,
drop_pace,2025-01-20,2024_25,0022400611,LAC,CHI,211,227.16666666666666,5.392863837433081,232.55953050409974,5.392863837433083,-21.55953050409974,21.55953050409974,464.8133555572072,621,
drop_pace,2025-01-20,2024_25,0022400602,NYK,ATL,229,235.66666666666666,-0.09625999841348012,235.57040666825318,-0.09625999841347266,-6.570406668253177,6.5704066682531845,43.17024378622591,621,
drop_pace,2025-01-20,2024_25,0022400600,HOU,DET,203,222.83333333333334,0.8051483250462471,223.6384816583796,0.8051483250462468,-20.63848165837959,20.63848165837959,425.94692516327075,621,
drop_pace,2025-01-20,2024_25,0022400599,CHA,DAL,215,223.5,0.6823344123583444,224.18233441235836,0.6823344123583581,-9.182334412358344,9.182334412358358,84.31526526038051,621,
drop_pace,2025-01-20,2024_25,0022400601,MEM,MIN,214,234.83333333333334,-4.067507778497972,230.76582555483537,-4.067507778497969,-16.76582555483537,16.765825554835374,281.09290653517087,621,
drop_pace,2025-01-21,2024_25,0022400610,LAL,WAS,199,229.16666666666666,-4.084368241537401,225.08229842512927,-4.0843682415373905,-26.082298425129256,26.082298425129267,680.2862911375006,629,
drop_pace,2025-01-21,2024_25,0022400609,DEN,PHI,253,229.16666666666666,2.0749428471825913,231.24160951384926,2.074942847182598,21.758390486150752,21.758390486150745,473.42755654781524,629,
drop_pace,2025-01-21,2024_25,0022400608,TOR,ORL,202,215.33333333333334,-1.17194609089263,214.16138724244072,-1.171946090892618,-12.161387242440712,12.161387242440725,147.89933966060002,629,
drop_pace,2025-01-21,2024_25,0022400606,BKN,NYK,194,219.66666666666666,-1.652026178427575,218.01464048823908,-1.652026178427576,-24.01464048823908,24.01464048823908,576.7029577793718,629,
drop_pace,2025-01-21,2024_25,0022400607,MIA,POR,223,221.33333333333334,1.6752732503727852,223.00860658370613,1.6752732503727827,-0.00860658370612799,0.008606583706125548,7.407328309054578e-05,629,
drop_pace,2025-01-22,2024_25,0022400620,LAC,BOS,230,217.16666666666666,1.1865144234869878,218.35318109015364,1.186514423486983,11.646818909846354,11.64681890984636,135.64839071875474,634,
drop_pace,2025-01-22,2024_25,0022400619,SAC,GSW,240,228.33333333333334,3.2693027087763054,231.60263604210965,3.2693027087763085,8.397363957890352,8.397363957890349,70.51572144127586,634,
drop_pace,2025-01-22,2024_25,0022400618,OKC,UTA,237,225.66666666666666,0.49798953760478093,226.16465620427144,0.4979895376047807,10.835343795728562,10.835343795728562,117.40467517163344,634,
drop_pace,2025-01-22,2024_25,0022400616,MEM,CHA,252,239.5,-3.1264599545493317,236.37354004545068,-3.1264599545493184,15.626459954549333,15.626459954549318,244.18625071113348,634,
drop_pace,2025-01-22,2024_25,0022400613,BKN,PHX,192,219.83333333333334,0.66197816064872,220.49531149398206,0.6619781606487152,-28.49531149398206,28.495311493982058,811.982777139066,634,
drop_pace,2025-01-22,2024_25,0022400614,DAL,MIN,229,217.16666666666666,0.33584425373759863,217.50251092040426,0.33584425373760496,11.497489079595745,11.497489079595738,132.19225513542324,634,
drop_pace,2025-01-22,2024_25,0022400612,ATL,DET,218,235.66666666666666,1.1302869747374673,236.79695364140412,1.1302869747374586,-18.796953641404123,18.796953641404116,353.32546619709547,634,
drop_pace,2025-01-22,2024_25,0022400615,HOU,CLE,217,231.5,-0.32070178387564285,231.17929821612435,-0.3207017838756485,-14.179298216124357,14.179298216124351,201.0524979017872,634,
drop_pace,2025-01-23,2024_25,0022400623,ATL,TOR,241,234.33333333333334,-3.1957694901026454,231.1375638432307,-3.1957694901026343,9.862436156769302,9.862436156769292,97.26764694635024,642,
drop_pace,2025-01-23,2024_25,0022400622,ORL,POR,180,212.0,-2.8464246615713784,209.15357533842862,-2.846424661571376,-29.15357533842862,29.153575338428624,849.9309550134336,642,
drop_pace,2025-01-23,2024_25,0022400625,OKC,DAL,236,220.5,-1.2557995616538142,219.24420043834618,-1.2557995616538165,16.755799561653813,16.755799561653816,280.75681895031823,642,
drop_pace,2025-01-23,2024_25,0022400624,MIL,MIA,221,223.83333333333334,0.01737390948374022,223.8507072428171,0.017373909483751504,-2.850707242817083,2.8507072428170943,8.12653178424984,642,
drop_pace,2025-01-23,2024_25,0022400629,LAL,BOS,213,221.16666666666666,0.013641220108165625,221.1803078867748,0.013641220108155494,-8.180307886774823,8.180307886774813,66.9174371224302,642,
drop_pace,2025-01-23,2024_25,0022400626,DEN,SAC,255,240.66666666666666,-2.2616121454014233,238.40505452126524,-2.261612145401415,16.594945478734765,16.594945478734758,275.3922154421792,642,
drop_pace,2025-01-23,2024_25,0022400983,LAC,WAS,203,224.0,-0.3490820502812989,223.6509179497187,-0.3490820502813108,-20.6509179497187,20.65091794971869,426.46041216601355,642,
drop_pace,2025-01-23,2024_25,0022400628,GSW,CHI,237,230.66666666666666,3.878849096892024,234.54551576355868,3.8788490968920257,2.454484236441319,2.454484236441317,6.024492866938916,642,
drop_pace,2025-01-24,2024_25,0022400630,CHA,POR,199,220.83333333333334,1.101527078640302,221.93486041197363,1.101527078640288,-22.934860411973645,22.93486041197363,526.0078221167153,650,
drop_pace,2025-01-24,2024_25,0022400631,PHI,CLE,261,228.66666666666666,-1.764082131356556,226.9025845353101,-1.7640821313565596,34.0974154646899,34.0974154646899,1162.6337413716742,650,
drop_pace,2025-01-24,2024_25,0022400632,MEM,NOP,265,242.83333333333334,-1.9962165289941103,240.83711680433925,-1.996216528994097,24.16288319566077,24.162883195660754,583.8449243271449,650,
drop_pace,2025-01-25,2024_25,0022400646,LAC,MIL,244,224.83333333333334,6.348251787867573,231.18158512120092,6.348251787867582,12.818414878799084,12.818414878799075,164.3117600050175,653,
drop_pace,2025-01-25,2024_25,0022400639,ATL,TOR,211,236.0,0.5422994614889765,236.54229946148897,0.542299461488966,-25.542299461488977,25.542299461488966,652.4090617803795,653,
drop_pace,2025-01-25,2024_25,0022400634,MIN,DEN,237,228.16666666666666,2.992839399922413,231.15950606658907,2.992839399922417,5.840493933410929,5.840493933410926,34.11136938620983,653,
drop_pace,2025-01-25,2024_25,0022400635,DAL,BOS,229,222.33333333333334,-0.6647361664610807,221.66859716687227,-0.6647361664610685,7.331402833127738,7.331402833127726,53.749467501593244,653,
drop_pace,2025-01-25,2024_25,0022400645,PHX,WAS,228,231.83333333333334,-4.371029281939977,227.46230405139337,-4.371029281939968,0.5376959486066344,0.5376959486066255,0.28911693314797887,653,
drop_pace,2025-01-25,2024_25,0022400637,CHA,NOP,215,228.16666666666666,-0.7286099597988476,227.4380567068678,-0.7286099597988596,-12.43805670686781,12.438056706867798,154.705254643259,653,
drop_pace,2025-01-25,2024_25,0022400638,ORL,DET,234,211.33333333333334,-3.637611682667974,207.69572165066538,-3.6376116826679663,26.30427834933463,26.304278349334623,691.9150594792742,653,
drop_pace,2025-01-25,2024_25,0022400636,BKN,MIA,203,209.5,-5.77982383072506,203.72017616927494,-5.779823830725064,-0.7201761692749402,0.7201761692749358,0.5186537147915209,653,
drop_pace,2025-01-25,2024_25,0022400640,CLE,HOU,266,227.0,4.518592383296558,231.51859238329655,4.51859238329655,34.48140761670344,34.48140761670345,1188.9674712292547,653,
drop_pace,2025-01-25,2024_25,0022400641,NYK,SAC,263,232.83333333333334,-1.7102316236557278,231.12310170967763,-1.7102316236557158,31.876898290322384,31.876898290322373,1016.1366446115575,653,
drop_pace,2025-01-25,2024_25,0022400642,CHI,PHI,206,231.66666666666666,-3.4145465735538836,228.25212009311278,-3.414546573553878,-22.252120093112772,22.25212009311278,495.1568486383135,653,
drop_pace,2025-01-25,2024_25,0022400643,MEM,UTA,228,245.33333333333334,0.5710965677079416,245.90442990104128,0.57109656770794,-17.904429901041283,17.904429901041283,320.5686100813012,653,
drop_pace,2025-01-25,2024_25,0022400644,GSW,LAL,226,219.0,-2.6315024561182034,216.3684975438818,-2.6315024561181986,9.631502456118204,9.631502456118199,92.76583956221089,653,
drop_pace,2025-01-26,2024_25,0022400647,POR,OKC,226,225.5,1.6530152503055986,227.1530152503056,1.6530152503056001,-1.1530152503055986,1.1530152503056001,1.3294441674372857,666,
drop_pace,2025-01-27,2024_25,0022400653,NYK,MEM,249,242.33333333333334,3.744598633006557,246.0779319663399,3.7445986330065466,2.9220680336601004,2.9220680336601106,8.538481593338265,667,
drop_pace,2025-01-27,2024_25,0022400649,CLE,DET,201,235.0,-1.5967076334507937,233.4032923665492,-1.5967076334507908,-32.40329236654921,32.40329236654921,1049.9733561920661,667,
drop_pace,2025-01-27,2024_25,0022400650,BOS,HOU,226,221.83333333333334,7.2412056767971125,229.07453901013045,7.241205676797108,-3.0745390101304553,3.074539010130451,9.452790124813932,667,
drop_pace,2025-01-27,2024_25,0022400651,BKN,SAC,206,221.5,-2.508015720934671,218.99198427906532,-2.5080157209346794,-12.99198427906533,12.99198427906532,168.79165550748044,667,
drop_pace,2025-01-27,2024_25,0022400652,MIA,ORL,244,207.5,-1.0852947468045697,206.41470525319542,-1.0852947468045784,37.58529474680457,37.58529474680458,1412.654381204176,667,
drop_pace,2025-01-27,2024_25,0022400658,UTA,MIL,235,236.33333333333334,2.5309230363955515,238.8642563697289,2.5309230363955635,-3.8642563697288943,3.8642563697289063,14.932477290990425,667,
drop_pace,2025-01-27,2024_25,0022400648,CHA,LAL,219,222.16666666666666,2.4156040687684834,224.58227073543515,2.415604068768488,-5.582270735435141,5.582270735435145,31.161746563695637,667,
drop_pace,2025-01-27,2024_25,0022400655,CHI,DEN,250,246.16666666666666,7.460204516310447,253.6268711829771,7.460204516310455,-3.626871182977104,3.626871182977112,13.154194577909797,667,
drop_pace,2025-01-27,2024_25,0022400656,MIN,ATL,192,220.0,-1.8035592534830753,218.1964407465169,-1.8035592534830869,-26.196440746516924,26.196440746516913,686.2535077857716,667,
drop_pace,2025-01-27,2024_25,0022400657,DAL,WAS,238,231.33333333333334,-0.5639906146823471,230.769342718651,-0.5639906146823535,7.230657281349004,7.230657281349011,52.28240472032547,667,
drop_pace,2025-01-27,2024_25,0022400659,PHX,LAC,220,223.33333333333334,-0.9900576005010844,222.34327573283227,-0.9900576005010748,-2.343275732832258,2.343275732832268,5.490941160080602,667,
drop_pace,2025-01-27,2024_25,0022400654,TOR,NOP,217,232.5,-0.9962221104435407,231.50377788955646,-0.99622211044354,-14.50377788955646,14.50377788955646,210.35957306958684,667,
drop_pace,2025-01-28,2024_25,0022400532,ATL,HOU,196,227.0,5.894430344674365,232.89443034467436,5.894430344674362,-36.89443034467436,36.89443034467436,1361.1989904580284,679,
drop_pace,2025-01-28,2024_25,0022400660,PHI,LAL,222,217.5,-5.204660607023065,212.29533939297693,-5.204660607023072,9.704660607023065,9.704660607023072,94.18043749750542,679,
drop_pace,2025-01-28,2024_25,0022400661,GSW,UTA,217,229.5,-2.7319471014933354,226.76805289850665,-2.731947101493347,-9.768052898506664,9.768052898506653,95.41485742802422,679,
drop_pace,2025-01-28,2024_25,0022400662,POR,MIL,237,229.83333333333334,-1.7879976698925877,228.04533566344077,-1.787997669892576,8.954664336559246,8.954664336559233,80.18601338044581,679,
drop_pace,2025-01-29,2024_25,0022400667,MIA,CLE,232,227.5,4.697832745271882,232.19783274527188,4.6978327452718815,-0.19783274527188244,0.19783274527188155,0.03913779510180917,683,
drop_pace,2025-01-29,2024_25,0022400663,CHA,BKN,187,204.83333333333334,0.9444491515754593,205.7777824849088,0.9444491515754692,-18.7777824849088,18.777782484908812,352.60511505054814,683,
drop_pace,2025-01-29,2024_25,0022400664,IND,DET,252,229.5,-1.49715802337315,228.00284197662685,-1.4971580233731459,23.99715802337315,23.997158023373146,575.8635931987421,683,
drop_pace,2025-01-29,2024_25,0022400665,WAS,TOR,188,231.0,0.7463038925007249,231.74630389250072,0.7463038925007197,-43.74630389250073,43.74630389250072,1913.7391042550237,683,
drop_pace,2025-01-29,2024_25,0022400673,GSW,OKC,225,228.33333333333334,-1.5183193799815007,226.81501395335184,-1.5183193799815058,-1.8150139533518421,1.815013953351837,3.2942756508618642,683,
drop_pace,2025-01-29,2024_25,0022400666,BOS,CHI,222,232.33333333333334,-4.502775447827098,227.83055788550624,-4.502775447827105,-5.830557885506245,5.830557885506238,33.995405256238975,683,
drop_pace,2025-01-29,2024_25,0022400670,NOP,DAL,273,232.16666666666666,2.274231511046843,234.4408981777135,2.2742315110468496,38.5591018222865,38.55910182228649,1486.8043333414575,683,
drop_pace,2025-01-29,2024_25,0022400669,PHI,SAC,221,228.5,-2.8939549254053505,225.60604507459465,-2.893954925405353,-4.6060450745946495,4.606045074594647,21.215651229197604,683,
drop_pace,2025-01-29,2024_25,0022400668,NYK,DEN,234,239.5,2.6161730459459425,242.11617304594594,2.616173045945942,-8.116173045945942,8.116173045945942,65.87226491173944,683,
drop_pace,2025-01-29,2024_25,0022400671,SAS,LAC,244,222.5,-0.4664676746168683,222.03353232538313,-0.4664676746168652,21.96646767461687,21.966467674616865,482.52570209998765,683,
drop_pace,2025-01-29,2024_25,0022400672,PHX,MIN,234,217.33333333333334,4.647663874768162,221.9809972081015,4.6476638747681704,12.019002791898496,12.019002791898487,144.45642811166363,683,
drop_pace,2025-01-30,2024_25,0022400674,WAS,LAL,230,223.66666666666666,-4.202808561576412,219.46385810509025,-4.202808561576404,10.536141894909754,10.536141894909747,111.01028602967236,694,
drop_pace,2025-01-30,2024_25,0022400675,CLE,ATL,252,237.16666666666666,-5.548599567152407,231.61806709951426,-5.548599567152394,20.38193290048575,20.381932900485737,415.4231887599029,694,
drop_pace,2025-01-30,2024_25,0022400676,MEM,HOU,239,238.0,1.3402874513768126,239.3402874513768,1.3402874513768097,-0.3402874513768126,0.3402874513768097,0.11579554956452463,694,
drop_pace,2025-01-30,2024_25,0022400677,UTA,MIN,251,224.33333333333334,2.002707503638096,226.33604083697145,2.0027075036381063,24.66395916302856,24.66395916302855,608.31088159554,694,
drop_pace,2025-01-30,2024_25,0022400678,POR,ORL,209,212.5,-1.6088413231836691,210.89115867681633,-1.6088413231836682,-1.8911586768163309,1.8911586768163318,3.5764811408976986,694,
drop_pace,2025-01-31,2024_25,0022400681,PHI,DEN,271,232.5,-0.27812818259742034,232.2218718174026,-0.27812818259741334,38.77812818259742,38.77812818259741,1503.7432253459558,699,
drop_pace,2025-01-31,2024_25,0022400679,CHA,LAC,216,212.0,1.6800027349698499,213.68000273496986,1.680002734969861,2.31999726503015,2.319997265030139,5.382387309747325,699,
drop_pace,2025-01-31,2024_25,0022400680,DET,DAL,219,229.33333333333334,2.8045360910065122,232.13786942433987,2.8045360910065256,-13.137869424339854,13.137869424339868,172.6036130110044,699,
drop_pace,2025-01-31,2024_25,0022400684,SAS,MIL,262,232.83333333333334,1.426594522049873,234.2599278553832,1.426594522049868,27.740072144616786,27.74007214461679,769.5116025885443,699,
drop_pace,2025-01-31,2024_25,0022400683,NOP,BOS,234,231.66666666666666,-2.4750624055757027,229.19160426109096,-2.4750624055756987,4.808395738909045,4.8083957389090415,23.120669581958627,699,
drop_pace,2025-01-31,2024_25,0022400682,TOR,CHI,228,233.33333333333334,3.9634465380499995,237.29677987138334,3.9634465380499933,-9.296779871383343,9.296779871383336,86.43011597695836,699,
drop_pace,2025-01-31,2024_25,0022400685,GSW,PHX,235,227.5,1.0123132154641628,228.51231321546416,1.012313215464161,6.487686784535837,6.487686784535839,42.09007981424097,699,
drop_pace,2025-02-01,2024_25,0022400691,OKC,SAC,254,234.33333333333334,-3.4182701771134636,230.91506315621987,-3.4182701771134703,23.08493684378012,23.084936843780127,532.9143090813172,706,
drop_pace,2025-02-01,2024_25,0022400694,POR,PHX,235,228.5,4.716160446655836,233.21616044665583,4.7161604466558344,1.7838395533441638,1.7838395533441656,3.182083552075112,706,
drop_pace,2025-02-01,2024_25,0022400693,SAS,MIA,208,224.0,0.06194669662047694,224.06194669662048,0.061946696620481134,-16.061946696620478,16.06194669662048,257.98613168507757,706,
drop_pace,2025-02-01,2024_25,0022400692,NYK,LAL,240,227.5,-0.5151536341381311,226.98484636586187,-0.5151536341381302,13.01515363413813,13.01515363413813,169.39422412021898,706,
drop_pace,2025-02-01,2024_25,0022400690,MIN,WAS,208,223.16666666666666,1.3110693266432418,224.4777359933099,1.311069326643235,-16.4777359933099,16.477735993309892,271.51578346522035,706,
drop_pace,2025-02-01,2024_25,0022400688,CHA,DEN,211,223.0,2.1830131313532792,225.18301313135328,2.1830131313532775,-14.18301313135328,14.183013131353277,201.1578614841395,706,
drop_pace,2025-02-01,2024_25,0022400687,UTA,ORL,212,216.16666666666666,2.819811868643245,218.9864785353099,2.8198118686432565,-6.986478535309902,6.986478535309914,48.81088232434616,706,
drop_pace,2025-02-01,2024_25,0022400686,IND,ATL,259,239.5,-2.0984196778892814,237.40158032211073,-2.098419677889268,21.598419677889282,21.598419677889268,466.49173258223436,706,
drop_pace,2025-02-01,2024_25,0022400689,HOU,BKN,208,213.5,-1.0537390222213912,212.44626097777862,-1.0537390222213787,-4.446260977778609,4.446260977778621,19.7692366825169,706,
drop_pace,2025-02-02,2024_25,0022400699,MIL,MEM,251,245.0,5.032975949862339,250.03297594986233,5.032975949862333,0.9670240501376606,0.9670240501376668,0.9351355135446567,715,
drop_pace,2025-02-02,2024_25,0022400698,PHI,BOS,228,222.33333333333334,-0.6153321329119887,221.71800120042136,-0.6153321329119876,6.281998799578646,6.281998799578645,39.46350891790753,715,
drop_pace,2025-02-02,2024_25,0022400695,DET,CHI,246,233.16666666666666,-0.07561912153431509,233.09104754513234,-0.07561912153431649,12.908952454867658,12.90895245486766,166.64105348203375,715,
drop_pace,2025-02-02,2024_25,0022400696,CLE,DAL,245,236.66666666666666,1.4417437044812267,238.1084103711479,1.4417437044812402,6.891589628852116,6.891589628852103,47.49400761250186,715,
drop_pace,2025-02-02,2024_25,0022400697,TOR,LAC,223,220.0,0.6709402840488119,220.6709402840488,0.670940284048811,2.329059715951188,2.329059715951189,5.424519160466633,715,
drop_pace,2025-02-03,2024_25,0022400704,MIN,SAC,230,221.83333333333334,0.32132889802417314,222.15466223135752,0.3213288980241771,7.845337768642484,7.84533776864248,61.54932470408817,720,
drop_pace,2025-02-03,2024_25,0022400700,CHA,WAS,238,217.0,-0.884593425507906,216.11540657449208,-0.8845934255079158,21.884593425507905,21.884593425507916,478.9354293997843,720,
drop_pace,2025-02-03,2024_25,0022400701,DET,ATL,262,235.16666666666666,-1.6644059437631644,233.5022607229035,-1.664405943763171,28.497739277096507,28.497739277096514,812.1211439053693,720,
drop_pace,2025-02-03,2024_25,0022400702,NYK,HOU,242,224.16666666666666,0.44901037974575986,224.61567704641243,0.44901037974577207,17.38432295358758,17.38432295358757,302.2146845546317,720,
drop_pace,2025-02-03,2024_25,0022400703,MEM,SAS,237,241.33333333333334,-1.1659431418056303,240.16739019152772,-1.1659431418056272,-3.1673901915277125,3.1673901915277156,10.032360625385978,720,
drop_pace,2025-02-03,2024_25,0022400707,UTA,IND,223,239.16666666666666,4.771005187221088,243.93767185388774,4.771005187221078,-20.937671853887746,20.937671853887736,438.3861026610827,720,
drop_pace,2025-02-03,2024_25,0022400705,OKC,MIL,221,233.0,0.40810507884885655,233.40810507884885,0.4081050788488483,-12.408105078848857,12.408105078848848,153.96107164775458,720,
drop_pace,2025-02-03,2024_25,0022400706,DEN,NOP,238,239.33333333333334,-1.6876836670373025,237.64564966629604,-1.6876836670373052,0.35435033370395974,0.3543503337039624,0.1255641589961095,720,
drop_pace,2025-02-03,2024_25,0022400708,GSW,ORL,203,212.33333333333334,-1.6867983179757375,210.6465350153576,-1.6867983179757289,-7.646535015357605,7.646535015357614,58.469497741090066,720,
drop_pace,2025-02-03,2024_25,0022400709,POR,PHX,240,229.66666666666666,2.088025828589243,231.7546924952559,2.0880258285892523,8.2453075047441,8.24530750474409,67.98509584778922,720,
drop_pace,2025-02-04,2024_25,0022400710,CLE,BOS,217,237.33333333333334,1.2206210143894602,238.5539543477228,1.220621014389451,-21.553954347722804,21.553954347722794,464.5729480237183,730,
drop_pace,2025-02-04,2024_25,0022400712,PHI,DAL,234,225.5,-0.9818865740813437,224.51811342591864,-0.9818865740813578,9.481886574081344,9.481886574081358,89.90617300374431,730,
drop_pace,2025-02-04,2024_25,0022400711,BKN,HOU,196,209.5,-2.5775425056955377,206.92245749430447,-2.577542505695533,-10.922457494304462,10.922457494304467,119.30007771488782,730,
drop_pace,2025-02-04,2024_25,0022400714,CHI,MIA,257,227.66666666666666,-1.0078107499009372,226.65885591676573,-1.0078107499009263,30.34114408323428,30.34114408323427,920.585024279582,730,
drop_pace,2025-02-04,2024_25,0022400713,TOR,NYK,236,231.5,4.711696367485698,236.2116963674857,4.7116963674857,-0.21169636748569776,0.21169636748570042,0.04481535200664072,730,
drop_pace,2025-02-04,2024_25,0022400715,LAC,LAL,219,220.5,0.43145278324996417,220.93145278324997,0.4314527832499664,-1.9314527832499642,1.9314527832499664,3.7305098539240418,730,
drop_pace,2025-02-04,2024_25,0022400716,POR,IND,201,233.33333333333334,3.7178130613474116,237.05114639468076,3.717813061347414,-36.05114639468076,36.05114639468076,1299.6851563707032,730,
drop_pace,2025-02-05,2024_25,0022400717,CHA,MIL,214,220.16666666666666,1.5214810261044347,221.68814769277108,1.521481026104425,-7.688147692771092,7.688147692771082,59.107614945861314,737,
drop_pace,2025-02-05,2024_25,0022400718,DET,CLE,233,236.33333333333334,-0.29777651437058483,236.03555681896276,-0.2977765143705824,-3.0355568189627578,3.0355568189627604,9.214605201151313,737,
drop_pace,2025-02-05,2024_25,0022400719,ATL,SAS,251,240.16666666666666,-3.392865957565832,236.7738007091008,-3.3928659575658457,14.226199290899174,14.226199290899189,202.38474626438057,737,
drop_pace,2025-02-05,2024_25,0022400720,BKN,WAS,221,216.83333333333334,-4.901232409726967,211.93210092360638,-4.901232409726958,9.067899076393624,9.067899076393616,82.22679365966019,737,
drop_pace,2025-02-05,2024_25,0022400725,UTA,GSW,259,227.0,0.4909592519280847,227.49095925192807,0.490959251928075,31.509040748071914,31.509040748071925,992.819648863657,737,
drop_pace,2025-02-05,2024_25,0022400721,PHI,MIA,209,215.5,-2.7257658452553013,212.7742341547447,-2.725765845255296,-3.7742341547446987,3.774234154744704,14.24484345484147,737,
drop_pace,2025-02-05,2024_25,0022400724,OKC,PHX,249,226.16666666666666,-0.8930868860006899,225.27357978066595,-0.8930868860007024,23.72642021933403,23.726420219334045,562.9430164244234,737,
drop_pace,2025-02-05,2024_25,0022400726,DEN,NOP,263,238.66666666666666,-1.2830210559134696,237.38364561075318,-1.2830210559134798,25.616354389246812,25.616354389246823,656.1976121954849,737,
drop_pace,2025-02-05,2024_25,0022400727,SAC,ORL,241,218.5,0.44979984130479594,218.9497998413048,0.44979984130480943,22.050200158695205,22.05020015869519,486.2113270385214,737,
drop_pace,2025-02-05,2024_25,0022400723,MIN,CHI,235,226.83333333333334,1.9933778738393433,228.82671120717268,1.9933778738393357,6.173288792827314,6.1732887928273215,38.109494519647406,737,
drop_pace,2025-02-05,2024_25,0022400722,TOR,MEM,245,238.5,4.028112472969575,242.52811247296958,4.028112472969582,2.4718875270304252,2.471887527030418,6.110227946288556,737,
drop_pace,2025-02-06,2024_25,0022400728,BOS,DAL,247,231.0,3.0427465831774128,234.0427465831774,3.0427465831774043,12.957253416822587,12.957253416822596,167.89041610776084,748,
drop_pace,2025-02-06,2024_25,0022400729,MIN,HOU,241,214.33333333333334,0.8576713304769146,215.19100466381025,0.8576713304769044,25.808995336189742,25.808995336189753,666.1042402634644,748,
drop_pace,2025-02-06,2024_25,0022400730,DEN,ORL,202,221.66666666666666,1.4581313592753673,223.12479802594203,1.4581313592753702,-21.124798025942024,21.124798025942027,446.25709163684417,748,
drop_pace,2025-02-06,2024_25,0022400731,LAL,GSW,232,221.5,3.0799058094420393,224.57990580944204,3.079905809442039,7.420094190557961,7.420094190557961,55.057797796752006,748,
drop_pace,2025-02-06,2024_25,0022400732,POR,SAC,210,229.5,-0.5014883789439837,228.99851162105602,-0.501488378943975,-18.998511621056018,18.998511621056025,360.9434438154008,748,
drop_pace,2025-02-06,2024_25,0022400733,LAC,IND,231,228.33333333333334,-1.657737450636169,226.67559588269717,-1.6577374506361764,4.3244041173028265,4.324404117302834,18.700470969745698,748,
drop_pace,2025-02-07,2024_25,0022400735,WAS,CLE,258,236.0,-0.6291924181224174,235.37080758187759,-0.6291924181224147,22.629192418122418,22.629192418122415,512.080349496409,754,
drop_pace,2025-02-07,2024_25,0022400737,BKN,MIA,188,211.16666666666666,0.15858164209861014,211.32524830876525,0.15858164209859638,-23.325248308765268,23.325248308765254,544.0672086655563,754,
drop_pace,2025-02-07,2024_25,0022400736,ATL,MIL,225,241.5,-0.6754125842139606,240.82458741578603,-0.6754125842139729,-15.82458741578604,15.824587415786027,250.4175668798535,754,
drop_pace,2025-02-07,2024_25,0022400738,DET,PHI,237,224.66666666666666,0.226676475506984,224.89334314217365,0.22667647550699144,12.106656857826358,12.106656857826351,146.57114027315382,754,
drop_pace,2025-02-07,2024_25,0022400739,OKC,TOR,230,231.5,2.1618259758920226,233.66182597589201,2.1618259758920146,-3.6618259758920226,3.6618259758920146,13.408969477717505,754,
drop_pace,2025-02-07,2024_25,0022400740,PHX,UTA,262,231.5,-0.25421223253105135,231.24578776746895,-0.25421223253104586,30.754212232531053,30.754212232531046,945.8215700435622,754,
drop_pace,2025-02-07,2024_25,0022400734,CHA,SAS,233,227.5,-2.5003841002343252,224.99961589976567,-2.500384100234328,8.000384100234324,8.000384100234328,64.00614575128223,754,
drop_pace,2025-02-08,2024_25,0022400743,ORL,SAS,223,218.66666666666666,-1.847567508428374,216.8190991582383,-1.8475675084283694,6.180900841761717,6.180900841761712,38.20353521569064,761,
drop_pace,2025-02-08,2024_25,0022400745,CHI,GSW,243,235.5,-0.1726867964978987,235.32731320350211,-0.1726867964978851,7.672686796497898,7.672686796497885,58.87012267715298,761,
drop_pace,2025-02-08,2024_25,0022400741,DAL,HOU,221,226.0,2.788905235355924,228.7889052353559,2.7889052353559123,-7.788905235355924,7.788905235355912,60.66704476535474,761,
drop_pace,2025-02-08,2024_25,0022400742,LAL,IND,241,231.0,-1.2924762008816921,229.70752379911832,-1.29247620088168,11.292476200881692,11.29247620088168,127.52001874747914,761,
drop_pace,2025-02-08,2024_25,0022400744,WAS,ATL,236,236.83333333333334,-1.8549387801719481,234.9783945531614,-1.854938780171949,1.0216054468386053,1.0216054468386062,1.0436776890103083,761,
drop_pace,2025-02-08,2024_25,0022400749,PHX,DEN,227,237.66666666666666,3.721063716740139,241.3877303834068,3.721063716740133,-14.387730383406796,14.38773038340679,207.0067855856069,761,
drop_pace,2025-02-08,2024_25,0022400746,MEM,OKC,237,242.33333333333334,4.351572549935161,246.6849058832685,4.351572549935156,-9.684905883268504,9.684905883268499,93.79740196776878,761,
drop_pace,2025-02-08,2024_25,0022400748,NYK,BOS,235,231.83333333333334,-1.404136625668617,230.42919670766472,-1.4041366256686274,4.570803292335274,4.570803292335285,20.89224273722308,761,
drop_pace,2025-02-08,2024_25,0022400751,LAC,UTA,240,224.5,-4.615480655131443,219.88451934486855,-4.615480655131449,20.115480655131442,20.11548065513145,404.6325619869676,761,
drop_pace,2025-02-08,2024_25,0022400750,SAC,NOP,241,238.0,-1.0282496462690802,236.97175035373093,-1.0282496462690744,4.02824964626908,4.0282496462690744,16.226795212666925,761,
drop_pace,2025-02-08,2024_25,0022400747,MIN,POR,212,216.33333333333334,0.0837315672697864,216.41706490060312,0.08373156726977982,-4.417064900603129,4.417064900603123,19.510462336140073,761,
drop_pace,2025-02-09,2024_25,0022400752,DET,CHA,214,225.0,2.498151601178057,227.49815160117805,2.4981516011780514,-13.498151601178057,13.498151601178051,182.2000966483856,772,
drop_pace,2025-02-09,2024_25,0022400753,HOU,TOR,181,224.5,0.2802303595071481,224.78023035950716,0.2802303595071578,-43.78023035950715,43.78023035950716,1916.7085703315122,772,
drop_pace,2025-02-09,2024_25,0022400754,MIL,PHI,262,227.16666666666666,-2.491878145369808,224.67478852129685,-2.4918781453698102,37.32521147870315,37.32521147870315,1393.1714119299136,772,
drop_pace,2025-02-10,2024_25,0022400756,ORL,ATL,218,221.66666666666666,-2.356788448128574,219.30987821853807,-2.356788448128583,-1.309878218538083,1.3098782185380742,1.7157809474004788,775,
drop_pace,2025-02-10,2024_25,0022400757,WAS,SAS,252,236.16666666666666,-0.5501110007191123,235.61655566594754,-0.550111000719113,16.383444334052456,16.383444334052456,268.41724824699554,775,
drop_pace,2025-02-10,2024_25,0022400759,MIA,BOS,188,219.33333333333334,-0.7629178321202869,218.57041550121306,-0.7629178321202801,-30.570415501213056,30.570415501213063,934.5503039168079,775,
drop_pace,2025-02-10,2024_25,0022400755,CLE,MIN,235,228.66666666666666,0.49815900046104283,229.1648256671277,0.4981590004610439,5.8351743328723,5.835174332872299,34.049259495011675,775,
drop_pace,2025-02-10,2024_25,0022400758,BKN,CHA,186,212.66666666666666,-4.458862111363718,208.20780455530294,-4.458862111363715,-22.20780455530294,22.207804555302943,493.18658316653415,775,
drop_pace,2025-02-10,2024_25,0022400760,MIL,GSW,236,231.5,5.068917783164549,236.56891778316455,5.068917783164551,-0.5689177831645491,0.5689177831645509,0.32366744400086694,775,
drop_pace,2025-02-10,2024_25,0022400762,DAL,SAC,257,237.5,-2.349075618180323,235.15092438181966,-2.3490756181803363,21.849075618180322,21.849075618180336,477.38210536896247,775,
drop_pace,2025-02-10,2024_25,0022400763,DEN,POR,263,233.0,-0.4948295413991363,232.50517045860087,-0.4948295413991275,30.494829541399135,30.494829541399127,929.9346287589889,775,
drop_pace,2025-02-10,2024_25,0022400768,LAL,UTA,245,234.66666666666666,0.8956606359865189,235.5623273026532,0.8956606359865305,9.437672697346823,9.437672697346812,89.06966594224545,775,
drop_pace,2025-02-10,2024_25,0022400761,OKC,NOP,238,234.33333333333334,0.16811375743564944,234.501447090769,0.1681137574356626,3.498552909231008,3.4985529092309946,12.239872458688655,775,
drop_pace,2025-02-11,2024_25,0022400764,PHI,TOR,209,226.16666666666666,-3.2892354244218693,222.8774312422448,-3.289235424421861,-13.877431242244787,13.877431242244796,192.58309788323194,785,
drop_pace,2025-02-11,2024_25,0022400765,IND,NYK,243,239.66666666666666,3.0824634505737514,242.7491301172404,3.082463450573755,0.25086988275959143,0.2508698827595879,0.06293569807580937,785,
drop_pace,2025-02-11,2024_25,0022400766,CHI,DET,224,238.5,2.2295895075646404,240.72958950756464,2.22958950756464,-16.72958950756464,16.72958950756464,279.87916509161687,785,
drop_pace,2025-02-11,2024_25,0022400767,PHX,MEM,231,244.16666666666666,6.1163932043151,250.28305987098176,6.116393204315102,-19.28305987098176,19.28305987098176,371.8363979878671,785,
drop_pace,2025-02-12,2024_25,0022400770,ORL,CHA,188,204.33333333333334,-1.3948050557963712,202.93852827753696,-1.3948050557963825,-14.938528277536971,14.93852827753696,223.15962709877138,789,
drop_pace,2025-02-12,2024_25,0022400776,MIN,MIL,204,224.66666666666666,0.9862257897167348,225.6528924563834,0.986225789716741,-21.65289245638339,21.652892456383398,468.8477517277051,789,
drop_pace,2025-02-12,2024_25,0022400769,BOS,SAS,219,233.5,2.4425309653517746,235.94253096535178,2.4425309653517786,-16.942530965351775,16.94253096535178,287.04935551190385,789,
drop_pace,2025-02-12,2024_25,0022400772,BKN,PHI,196,212.66666666666666,-3.1113731455363984,209.55529352113027,-3.1113731455363904,-13.55529352113026,13.555293521130267,183.74598244399618,789,
drop_pace,2025-02-12,2024_25,0022400773,NYK,ATL,297,239.66666666666666,0.8297037642859916,240.49637043095265,0.8297037642859948,56.50362956904735,56.50362956904735,3192.660154476122,789,
drop_pace,2025-02-12,2024_25,0022400775,CHI,DET,238,236.83333333333334,3.406165030247757,240.2394983635811,3.406165030247763,-2.2394983635810997,2.239498363581106,5.015352920482451,789,
drop_pace,2025-02-12,2024_25,0022400774,TOR,CLE,239,236.33333333333334,2.4288690453017145,238.76220237863507,2.428869045301724,0.23779762136494265,0.23779762136493332,0.05654770872682019,789,
drop_pace,2025-02-12,2024_25,0022400771,WAS,IND,264,239.5,0.9891121411466438,240.48911214114665,0.9891121411466486,23.510887858853355,23.51088785885335,552.7618479115779,789,
drop_pace,2025-02-12,2024_25,0022400778,OKC,MIA,216,218.83333333333334,1.2348479870890072,220.06818132042235,1.2348479870890117,-4.06818132042235,4.0681813204223545,16.55009925583337,789,
drop_pace,2025-02-12,2024_25,0022400779,HOU,PHX,230,223.5,-2.145655123876056,221.35434487612395,-2.145655123876054,8.645655123876056,8.645655123876054,74.74735252100426,789,
drop_pace,2025-02-12,2024_25,0022400780,DEN,POR,253,232.83333333333334,3.185626425285707,236.01895975861905,3.1856264252857045,16.98104024138095,16.981040241380953,288.3557276793993,789,
drop_pace,2025-02-12,2024_25,0022400777,NOP,SAC,230,238.5,2.170230061833911,240.6702300618339,2.170230061833905,-10.67023006183391,10.670230061833905,113.85380957246399,789,
drop_pace,2025-02-12,2024_25,0022400781,UTA,LAL,250,236.33333333333334,1.1611686495018954,237.49450198283523,1.1611686495018887,12.505498017164761,12.505498017164768,156.38748065731195,789,
drop_pace,2025-02-12,2024_25,0022400782,DAL,GSW,218,233.33333333333334,0.1971051801328217,233.53043851346615,0.19710518013280875,-15.530438513466164,15.530438513466152,241.19452042055272,789,
drop_pace,2025-02-12,2024_25,0022400783,LAC,MEM,242,237.33333333333334,2.4399962210477955,239.77332955438115,2.4399962210478066,2.2266704456188617,2.2266704456188506,4.958061273392451,789,
drop_pace,2025-02-13,2024_25,0022400787,MIN,OKC,217,222.0,0.2170768885972816,222.2170768885973,0.21707688859729046,-5.217076888597282,5.2170768885972905,27.217891261535986,804,
drop_pace,2025-02-13,2024_25,0022400786,DAL,MIA,231,221.66666666666666,-2.3948177073038184,219.27184895936284,-2.3948177073038153,11.728151040637162,11.728151040637158,137.54952683199846,804,
drop_pace,2025-02-13,2024_25,0022401004,UTA,LAC,236,225.66666666666666,-1.2189864053598025,224.44768026130686,-1.2189864053598,11.552319738693145,11.552319738693143,133.4560913449992,804,
drop_pace,2025-02-13,2024_25,0022400784,HOU,GSW,203,216.66666666666666,-0.5657170785706989,216.10094958809597,-0.5657170785706853,-13.100949588095958,13.100949588095972,171.634880109832,804,
drop_pace,2025-02-13,2024_25,0022400785,NOP,SAC,273,235.66666666666666,1.085796534320539,236.7524632009872,1.0857965343205365,36.247536799012806,36.247536799012806,1313.8839239957877,804,
drop_pace,2025-02-19,2024_25,0022400524,LAL,CHA,197,227.16666666666666,-0.737635824558257,226.4290308421084,-0.7376358245582537,-29.4290308421084,29.429030842108403,866.0678563057677,809,
drop_pace,2025-02-20,2024_25,0022400796,POR,LAL,212,227.0,2.46463825623267,229.46463825623266,2.4646382562326608,-17.46463825623267,17.46463825623266,305.0135894210654,810,
drop_pace,2025-02-20,2024_25,0022400788,IND,MEM,240,249.83333333333334,3.907193638734053,253.74052697206739,3.907193638734043,-13.740526972067396,13.740526972067386,188.80208147011132,810,
drop_pace,2025-02-20,2024_25,0022400789,PHI,BOS,228,223.5,-5.676690248541493,217.8233097514585,-5.67669024854149,10.176690248541494,10.17669024854149,103.56502441475946,810,
drop_pace,2025-02-20,2024_25,0022400790,ATL,ORL,222,222.66666666666666,-1.1159941551934773,221.55067251147318,-1.1159941551934764,0.44932748852682014,0.44932748852681925,0.2018951919458189,810,
drop_pace,2025-02-20,2024_25,0022400791,BKN,CLE,207,225.5,3.423697832736556,228.92369783273656,3.423697832736565,-21.923697832736558,21.923697832736565,480.64852666113796,810,
drop_pace,2025-02-20,2024_25,0022400792,NYK,CHI,224,242.5,2.5350387542373665,245.03503875423738,2.5350387542373767,-21.035038754237366,21.035038754237377,442.47285539226834,810,
drop_pace,2025-02-20,2024_25,0022400793,MIL,LAC,226,227.33333333333334,4.679553197899083,232.01288653123243,4.679553197899082,-6.012886531232426,6.012886531232425,36.15480443747631,810,
drop_pace,2025-02-20,2024_25,0022400794,DEN,CHA,244,228.33333333333334,-1.7249011739759497,226.6084321593574,-1.724901173975951,17.391567840642608,17.391567840642608,302.4666319556742,810,
drop_pace,2025-02-20,2024_25,0022400795,SAS,PHX,229,237.0,1.4216758921194845,238.42167589211948,1.421675892119481,-9.421675892119485,9.421675892119481,88.76797661614542,810,
drop_pace,2025-02-21,2024_25,0022400797,CLE,NYK,247,239.5,2.4204302632023857,241.92043026320238,2.420430263202377,5.079569736797614,5.079569736797623,25.802028710990275,819,
drop_pace,2025-02-21,2024_25,0022400800,TOR,MIA,231,221.33333333333334,-0.2477197895868289,221.08561354374652,-0.2477197895868244,9.914386456253487,9.914386456253482,98.29505880394247,819,
drop_pace,2025-02-21,2024_25,0022400801,HOU,MIN,236,216.5,1.0387859151893681,217.53878591518938,1.0387859151893792,18.46121408481063,18.46121408481062,340.81642548521006,819,
drop_pace,2025-02-21,2024_25,0022400799,WAS,MIL,205,229.66666666666666,2.105025656242397,231.77169232290905,2.1050256562423897,-26.771692322909054,26.771692322909047,716.7235098325071,819,
drop_pace,2025-02-21,2024_25,0022400798,ORL,MEM,209,224.5,-0.7698274240072291,223.73017257599278,-0.769827424007218,-14.730172575992771,14.730172575992782,216.97798411852983,819,
drop_pace,2025-02-21,2024_25,0022400805,SAC,GSW,240,233.5,1.2516943281413262,234.75169432814133,1.2516943281413262,5.248305671858674,5.248305671858674,27.544712425263924,819,
drop_pace,2025-02-21,2024_25,0022400804,UTA,OKC,237,236.5,0.4761898177981508,236.97618981779814,0.4761898177981436,0.023810182201849217,0.023810182201856378,0.0005669247764855983,819,
drop_pace,2025-02-21,2024_25,0022400802,SAS,DET,235,232.5,4.4493077600108615,236.94930776001087,4.449307760010868,-1.9493077600108615,1.9493077600108677,3.7998007432385865,819,
drop_pace,2025-02-21,2024_25,0022400803,DAL,NOP,214,236.83333333333334,2.2672984550728557,239.1006317884062,2.267298455072847,-25.100631788406197,25.10063178840619,630.0417161771474,819,
drop_pace,2025-02-22,2024_25,0022400806,CHI,PHX,238,238.5,-3.844099489135506,234.65590051086448,-3.844099489135516,3.344099489135506,3.344099489135516,11.183001393236419,828,
drop_pace,2025-02-22,2024_25,0022400807,PHI,BKN,208,213.5,1.386939103243361,214.88693910324335,1.3869391032433498,-6.8869391032433604,6.88693910324335,47.42993021178231,828,
drop_pace,2025-02-22,2024_25,0022400808,DEN,LAL,223,240.66666666666666,2.944115068516741,243.6107817351834,2.944115068516737,-20.610781735183398,20.610781735183394,424.8043237353694,828,
drop_pace,2025-02-22,2024_25,0022400809,UTA,HOU,239,228.66666666666666,3.1675589889509395,231.8342256556176,3.1675589889509297,7.165774344382403,7.165774344382413,51.348321954609204,828,
drop_pace,2025-02-22,2024_25,0022400810,POR,CHA,229,222.0,-2.2870745571460898,219.7129254428539,-2.2870745571460986,9.28707455714609,9.287074557146099,86.24975382999041,828,
drop_pace,2025-02-23,2024_25,0022400817,MIL,MIA,233,221.5,1.445783468659902,222.9457834686599,1.4457834686598972,10.054216531340098,10.054216531340103,101.08727005907261,833,
drop_pace,2025-02-23,2024_25,0022400815,ORL,WAS,200,216.33333333333334,-8.359337522436068,207.97399581089726,-8.359337522436078,-7.973995810897275,7.973995810897264,63.58460919220712,833,
drop_pace,2025-02-23,2024_25,0022400811,BOS,NYK,223,231.5,2.610185872192504,234.11018587219252,2.610185872192517,-11.110185872192504,11.110185872192517,123.4362301146662,833,
drop_pace,2025-02-23,2024_25,0022400813,IND,LAC,240,230.5,-1.1696041842330964,229.3303958157669,-1.1696041842330942,10.669604184233096,10.669604184233094,113.84045344820436,833,
drop_pace,2025-02-23,2024_25,0022400814,ATL,DET,291,237.33333333333334,2.384345720518077,239.7176790538514,2.38434572051807,51.28232094614858,51.28232094614859,2629.87644162379,833,
drop_pace,2025-02-23,2024_25,0022400818,NOP,SAS,210,239.5,3.245180419409646,242.74518041940965,3.2451804194096496,-32.74518041940965,32.74518041940965,1072.246840699689,833,
drop_pace,2025-02-23,2024_25,0022400816,TOR,PHX,236,227.5,-4.0661503614376775,223.43384963856232,-4.066150361437678,12.566150361437678,12.566150361437678,157.9081349062603,833,
drop_pace,2025-02-23,2024_25,0022400819,CLE,MEM,252,249.5,3.3856250849235465,252.88562508492356,3.3856250849235607,-0.8856250849235465,0.8856250849235607,0.7843317910458641,833,
drop_pace,2025-02-23,2024_25,0022400820,MIN,OKC,253,228.83333333333334,-0.22860362966576114,228.60472970366757,-0.22860362966576986,24.39527029633242,24.395270296332427,595.1292128311193,833,
drop_pace,2025-02-23,2024_25,0022400812,GSW,DAL,228,228.5,2.41148956825752,230.9114895682575,2.411489568257508,-2.91148956825752,2.911489568257508,8.476771506072291,833,
drop_pace,2025-02-24,2024_25,0022400823,PHI,CHI,252,232.0,-2.182047473874673,229.81795252612534,-2.182047473874661,22.182047473874672,22.18204747387466,492.04323013322926,843,
drop_pace,2025-02-24,2024_25,0022400821,DET,LAC,203,224.0,1.8072849750002649,225.80728497500027,1.8072849750002717,-22.807284975000265,22.80728497500027,520.1722479308731,843,
drop_pace,2025-02-24,2024_25,0022400822,IND,DEN,241,246.33333333333334,3.3615972800851015,249.69493061341845,3.361597280085107,-8.694930613418444,8.69493061341845,75.60181837216133,843,
drop_pace,2025-02-24,2024_25,0022400824,WAS,BKN,206,214.16666666666666,7.352572207434166,221.51923887410084,7.352572207434179,-15.519238874100823,15.519238874100836,240.84677523140257,843,
drop_pace,2025-02-24,2024_25,0022400828,SAC,CHA,218,231.16666666666666,2.067859892430855,233.2345265590975,2.067859892430846,-15.234526559097512,15.234526559097503,232.09079947984722,843,
drop_pace,2025-02-24,2024_25,0022400827,UTA,POR,226,232.0,2.5715280550610746,234.57152805506107,2.5715280550610657,-8.571528055061075,8.571528055061066,73.47109319869894,843,
drop_pace,2025-02-24,2024_25,0022400826,OKC,MIN,259,227.16666666666666,-0.1731370722916471,226.99352959437502,-0.1731370722916381,32.00647040562499,32.00647040562498,1024.4141478261477,843,
drop_pace,2025-02-24,2024_25,0022400825,ATL,MIA,184,227.16666666666666,-1.5494061837537028,225.61726048291297,-1.549406183753689,-41.617260482912954,41.61726048291297,1731.9963701026293,843,
drop_pace,2025-02-25,2024_25,0022400834,GSW,CHA,220,222.5,0.16163181490857428,222.6616318149086,0.16163181490858847,-2.6616318149085743,2.6616318149085885,7.084283918133586,851,
drop_pace,2025-02-25,2024_25,0022400833,NOP,SAS,212,237.83333333333334,-0.23808809075175502,237.5952452425816,-0.23808809075174509,-25.595245242581587,25.595245242581598,655.1165790278959,851,
drop_pace,2025-02-25,2024_25,0022400832,MEM,PHX,299,244.83333333333334,1.56877054594004,246.40210387927337,1.5687705459400263,52.59789612072662,52.59789612072663,2766.5386763267497,851,
drop_pace,2025-02-25,2024_25,0022400835,LAL,DAL,206,231.5,-0.05542314161809253,231.4445768583819,-0.055423141618092586,-25.444576858381907,25.444576858381907,647.4264915021041,851,
drop_pace,2025-02-25,2024_25,0022400830,ORL,CLE,204,224.16666666666666,0.5571393883168033,224.72380605498347,0.5571393883168128,-20.72380605498346,20.72380605498347,429.47613740456956,851,
drop_pace,2025-02-25,2024_25,0022400829,TOR,BOS,212,226.33333333333334,2.4418627262309798,228.77519605956434,2.441862726230994,-16.775196059564323,16.775196059564337,281.4072028368229,851,
drop_pace,2025-02-25,2024_25,0022400831,HOU,MIL,197,226.33333333333334,2.1423602756461273,228.47569360897947,2.1423602756461264,-31.47569360897947,31.47569360897947,990.719288166351,851,
drop_pace,2025-02-26,2024_25,0022400844,HOU,SAS,224,227.0,-2.481337173558801,224.5186628264412,-2.4813371735588134,-0.518662826441199,0.5186628264411866,0.2690111275319604,858,
drop_pace,2025-02-26,2024_25,0022400843,UTA,SAC,219,235.66666666666666,-0.05861909529009912,235.60804757137655,-0.058619095290112,-16.60804757137656,16.608047571376545,275.8272441331064,858,
drop_pace,2025-02-26,2024_25,0022400842,CHI,LAC,239,228.0,3.8043133578968416,231.80431335789683,3.804313357896831,7.1956866421031584,7.195686642103169,51.77790625134198,858,
drop_pace,2025-02-26,2024_25,0022400841,MIA,ATL,240,229.16666666666666,-1.7169618264634061,227.44970484020325,-1.716961826463404,12.550295159796748,12.550295159796747,157.50990859801766,858,
drop_pace,2025-02-26,2024_25,0022400836,DET,BOS,214,225.83333333333334,2.62106657554644,228.4543999088798,2.6210665755464504,-14.454399908879783,14.454399908879793,208.92967672582418,858,
drop_pace,2025-02-26,2024_25,0022400839,WAS,POR,250,230.33333333333334,4.219623826827824,234.55295716016116,4.219623826827814,15.447042839838833,15.447042839838844,238.6111324958165,858,
drop_pace,2025-02-26,2024_25,0022400838,NYK,PHI,215,231.0,4.112814661768025,235.11281466176803,4.112814661768027,-20.112814661768024,20.112814661768027,404.52531361863095,858,
drop_pace,2025-02-26,2024_25,0022400837,IND,TOR,202,235.83333333333334,0.07076088052999754,235.90409421386335,0.07076088053000262,-33.90409421386334,33.904094213863345,1149.487604462522,858,
drop_pace,2025-02-26,2024_25,0022400840,BKN,OKC,250,217.16666666666666,-3.0914007094409612,214.0752659572257,-3.0914007094409612,35.924734042774304,35.924734042774304,1290.586516044067,858,
drop_pace,2025-02-27,2024_25,0022400845,ORL,GSW,236,210.5,-0.9770713868511666,209.52292861314882,-0.9770713868511791,26.477071386851165,26.47707138685118,701.0353092244134,867,
drop_pace,2025-02-27,2024_25,0022400847,DAL,CHA,199,223.33333333333334,-1.356970581677779,221.97636275165556,-1.3569705816777855,-22.976362751655564,22.976362751655557,527.913245295665,867,
drop_pace,2025-02-27,2024_25,0022400846,MIL,DEN,233,240.16666666666666,3.703738154779465,243.87040482144613,3.7037381547794723,-10.870404821446122,10.87040482144613,118.16570098211926,867,
drop_pace,2025-02-27,2024_25,0022400849,LAL,MIN,213,226.16666666666666,3.322853068728457,229.4895197353951,3.322853068728449,-16.489519735395113,16.489519735395106,271.9042611039847,867,
drop_pace,2025-02-27,2024_25,0022400848,PHX,NOP,240,235.66666666666666,1.6229122003247975,237.28957886699146,1.622912200324805,2.7104211330085453,2.7104211330085377,7.346382718259285,867,
drop_pace,2025-02-28,2024_25,0022400854,MIA,IND,245,225.5,-0.23385503848540581,225.26614496151458,-0.2338550384854159,19.733855038485405,19.733855038485416,389.42503467995624,872,
drop_pace,2025-02-28,2024_25,0022400851,ATL,OKC,254,241.83333333333334,2.22323379560382,244.05656712893716,2.223233795603818,9.943432871062837,9.94343287106284,98.87185726133298,872,
drop_pace,2025-02-28,2024_25,0022400852,BOS,CLE,239,232.5,7.450337779368279,239.95033777936828,7.450337779368283,-0.9503377793682786,0.950337779368283,0.9031418948946394,872,
drop_pace,2025-02-28,2024_25,0022400853,BKN,POR,223,218.33333333333334,2.3604602247300397,220.6937935580634,2.3604602247300477,2.3062064419366175,2.3062064419366095,5.318588152829916,872,
drop_pace,2025-02-28,2024_25,0022400850,DET,DEN,253,237.0,2.683009289932647,239.68300928993264,2.6830092899326417,13.316990710067353,13.316990710067358,177.34224157202033,872,
drop_pace,2025-02-28,2024_25,0022400855,CHI,TOR,240,235.33333333333334,-1.898152418486179,233.43518091484717,-1.8981524184861769,6.564819085152836,6.564819085152834,43.09684962078689,872,
drop_pace,2025-02-28,2024_25,0022400856,MEM,NYK,227,245.0,3.222357347122526,248.22235734712254,3.2223573471225393,-21.222357347122525,21.22235734712254,450.388451368966,872,
drop_pace,2025-02-28,2024_25,0022400857,PHX,NOP,233,235.66666666666666,3.790404402306769,239.45707106897342,3.7904044023067627,-6.457071068973426,6.45707106897342,41.69376678977354,872,
drop_pace,2025-02-28,2024_25,0022400859,LAL,LAC,208,220.16666666666666,3.9386323428464123,224.10529900951306,3.938632342846404,-16.105299009513068,16.10529900951306,259.3806561858224,872,
drop_pace,2025-02-28,2024_25,0022400858,UTA,MIN,233,226.33333333333334,2.3134904022109795,228.64682373554433,2.313490402210988,4.353176264455678,4.353176264455669,18.950143589420215,872,
drop_pace,2025-03-01,2024_25,0022400860,CHA,WAS,213,219.66666666666666,-2.7101899966272267,216.95647667003942,-2.7101899966272356,-3.9564766700394305,3.9564766700394216,15.65370764056623,882,
drop_pace,2025-03-01,2024_25,0022400861,DET,BKN,209,218.16666666666666,-1.8586370932995793,216.30802957336707,-1.858637093299592,-7.308029573367078,7.308029573367065,53.40729624520761,882,
drop_pace,2025-03-01,2024_25,0022400862,HOU,SAC,216,228.0,-0.8682777056461313,227.13172229435386,-0.8682777056461362,-11.13172229435387,11.131722294353864,123.91524123861485,882,
drop_pace,2025-03-01,2024_25,0022400863,MEM,SAS,258,242.33333333333334,0.30431449379259395,242.63764782712593,0.3043144937925888,15.362352172874063,15.362352172874068,236.00186428340862,882,
drop_pace,2025-03-01,2024_25,0022400864,PHI,GSW,245,225.66666666666666,2.236082405243305,227.90274907190997,2.236082405243309,17.097250928090038,17.097250928090034,292.3159892980755,882,
drop_pace,2025-03-01,2024_25,0022400865,DAL,MIL,249,227.66666666666666,2.0328055261983393,229.699472192865,2.032805526198331,19.300527807135005,19.300527807135012,372.51037363399183,882,
drop_pace,2025-03-02,2024_25,0022400869,MIA,NYK,228,223.0,-0.1530719449558232,222.84692805504417,-0.1530719449558262,5.1530719449558235,5.153071944955826,26.55415046989082,888,
drop_pace,2025-03-02,2024_25,0022400866,BOS,DEN,213,235.33333333333334,4.258375339237044,239.59170867257038,4.258375339237034,-26.591708672570388,26.591708672570377,707.1189701268546,888,
drop_pace,2025-03-02,2024_25,0022400867,CLE,POR,262,234.33333333333334,3.6725083037625676,238.0058416370959,3.672508303762555,23.994158362904088,23.994158362904102,575.7196355441208,888,
drop_pace,2025-03-02,2024_25,0022400874,LAL,LAC,210,219.83333333333334,-0.3232994736575136,219.51003385967584,-0.32329947365749945,-9.51003385967583,9.510033859675843,90.44074401218101,888,
drop_pace,2025-03-02,2024_25,0022400868,IND,CHI,239,243.16666666666666,0.6097357778905461,243.7764024445572,0.6097357778905348,-4.7764024445572035,4.776402444557192,22.81402031237192,888,
drop_pace,2025-03-02,2024_25,0022400872,UTA,NOP,249,232.0,2.8575761026613704,234.85757610266137,2.857576102661369,14.14242389733863,14.142423897338631,200.0081536920148,888,
drop_pace,2025-03-02,2024_25,0022400873,PHX,MIN,214,229.66666666666666,5.488676821703376,235.15534348837002,5.488676821703365,-21.155343488370033,21.155343488370022,447.5485581109199,888,
drop_pace,2025-03-02,2024_25,0022400871,SAS,OKC,278,235.33333333333334,5.310101398341682,240.64343473167503,5.310101398341686,37.35656526832498,37.35656526832497,1395.5129686466234,888,
drop_pace,2025-03-02,2024_25,0022400870,ORL,TOR,206,211.5,-2.3330284337185736,209.16697156628143,-2.3330284337185674,-3.1669715662814264,3.1669715662814326,10.02970890163507,888,
drop_pace,2025-03-03,2024_25,0022400875,CHA,GSW,220,224.33333333333334,5.4365158008626295,229.76984913419597,5.436515800862622,-9.769849134195972,9.769849134195965,95.44995210494965,897,
drop_pace,2025-03-03,2024_25,0022400876,PHI,POR,221,228.16666666666666,3.7227076767556007,231.88937434342225,3.72270767675559,-10.889374343422258,10.889374343422247,118.5784735911827,897,
drop_pace,2025-03-03,2024_25,0022400877,MIA,WAS,196,219.5,1.7800963466877442,221.28009634668774,1.780096346687742,-25.280096346687746,25.280096346687742,639.0832712978149,897,
drop_pace,2025-03-03,2024_25,0022400878,MEM,ATL,262,253.33333333333334,-1.041365907289789,252.29196742604356,-1.0413659072897872,9.708032573956446,9.708032573956444,94.24589645699939,897,
drop_pace,2025-03-03,2024_25,0022400879,OKC,HOU,265,226.83333333333334,-0.6496171203329468,226.1837162130004,-0.6496171203329482,38.816283786999605,38.816283786999605,1506.7038870328884,897,
drop_pace,2025-03-03,2024_25,0022400880,DAL,SAC,220,231.5,3.980814659957587,235.4808146599576,3.9808146599575878,-15.480814659957588,15.480814659957588,239.65562253595778,897,
drop_pace,2025-03-03,2024_25,0022400881,UTA,DET,240,232.16666666666666,1.6295418494669642,233.79620851613362,1.6295418494669605,6.203791483866379,6.203791483866382,38.48702877529305,897,
drop_pace,2025-03-04,2024_25,0022400886,CHI,CLE,256,246.0,1.2488942657792066,247.2488942657792,1.2488942657791995,8.751105734220793,8.7511057342208,76.58185157151217,904,
drop_pace,2025-03-04,2024_25,0022400883,ORL,TOR,227,209.5,-5.266373567134379,204.23362643286563,-5.266373567134366,22.76637356713438,22.766373567134366,518.3077653983144,904,
drop_pace,2025-03-04,2024_25,0022400884,ATL,MIL,248,240.83333333333334,0.21306338196204147,241.04639671529537,0.21306338196203,6.953603284704616,6.953603284704627,48.35259864105498,904,
drop_pace,2025-03-04,2024_25,0022400885,NYK,GSW,216,231.16666666666666,4.422229442709977,235.58889610937663,4.422229442709977,-19.588896109376634,19.588896109376634,383.724850783951,904,
drop_pace,2025-03-04,2024_25,0022400890,LAL,NOP,251,230.0,1.1934194268981895,231.1934194268982,1.1934194268982026,19.80658057310181,19.806580573101797,392.30063399877355,904,
drop_pace,2025-03-04,2024_25,0022400887,MIN,PHI,238,223.33333333333334,-2.767436354741654,220.5658969785917,-2.7674363547416476,17.434103021408312,17.434103021408305,303.94794816107816,904,
drop_pace,2025-03-04,2024_25,0022400888,SAS,BKN,240,225.33333333333334,2.079218774934962,227.4125521082683,2.079218774934958,12.587447891731696,12.5874478917317,158.4438444270608,904,
drop_pace,2025-03-04,2024_25,0022400889,PHX,LAC,236,225.33333333333334,1.1623018981502573,226.4956352314836,1.1623018981502469,9.5043647685164,9.50436476851641,90.332949653016,904,
drop_pace,2025-03-04,2024_25,0022400882,IND,HOU,217,230.33333333333334,3.203251573106306,233.53658490643966,3.2032515731063143,-16.53658490643965,16.536584906439657,273.4586403678879,904,
drop_pace,2025-03-05,2024_25,0022400892,CHA,MIN,235,223.5,-2.4805640029092904,221.0194359970907,-2.48056400290929,13.98056400290929,13.98056400290929,195.45616983944302,913,
drop_pace,2025-03-05,2024_25,0022400894,WAS,UTA,247,230.5,-1.7464462535777114,228.75355374642228,-1.7464462535777159,18.246446253577712,18.246446253577716,332.93280088470027,913,
drop_pace,2025-03-05,2024_25,0022400891,BOS,POR,246,225.0,5.270771531714994,230.27077153171498,5.270771531714985,15.729228468285006,15.729228468285015,247.40862820750777,913,
drop_pace,2025-03-05,2024_25,0022400893,CLE,MIA,219,227.16666666666666,0.3555469966113239,227.522213663278,0.3555469966113378,-8.52221366327798,8.522213663277995,72.62812572256215,913,
drop_pace,2025-03-05,2024_25,0022400895,MEM,OKC,223,250.5,-2.335934591164863,248.16406540883514,-2.3359345911648575,-25.164065408835135,25.164065408835143,633.2301879001334,913,
drop_pace,2025-03-05,2024_25,0022400897,MIL,DAL,244,225.33333333333334,-0.9041195572053684,224.42921377612797,-0.9041195572053766,19.570786223872027,19.570786223872034,383.01567342049935,913,
drop_pace,2025-03-05,2024_25,0022400898,LAC,DET,238,219.5,3.7559659649491612,223.25596596494916,3.755965964949155,14.744034035050838,14.744034035050845,217.38653962673772,913,
drop_pace,2025-03-05,2024_25,0022400896,DEN,SAC,226,237.0,3.7006531905531057,240.7006531905531,3.700653190553112,-14.700653190553105,14.700653190553112,216.1092042289194,913,
drop_pace,2025-03-06,2024_25,0022400899,ATL,IND,242,247.16666666666666,-0.956107476305368,246.2105591903613,-0.9561074763053625,-4.210559190361289,4.210559190361295,17.72880869553596,921,
drop_pace,2025-03-06,2024_25,0022400900,BOS,PHI,228,221.83333333333334,1.355410782631477,223.18874411596482,1.3554107826314805,4.81125588403518,4.811255884035177,23.14818318166311,921,
drop_pace,2025-03-06,2024_25,0022400901,BKN,GSW,240,224.5,5.61734289479377,230.11734289479378,5.617342894793779,9.882657105206231,9.88265710520622,97.666911459083,921,
drop_pace,2025-03-06,2024_25,0022400902,NOP,HOU,206,228.33333333333334,4.485537778390741,232.8188711117241,4.48553777839075,-26.818871111724086,26.818871111724093,719.2518477072691,921,
drop_pace,2025-03-06,2024_25,0022400903,LAL,NYK,222,229.66666666666666,4.170575452901189,233.83724211956783,4.170575452901176,-11.837242119567847,11.837242119567833,140.12030099727076,921,
drop_pace,2025-03-06,2024_25,0022400944,ORL,CHI,248,219.16666666666666,-3.3081080186554614,215.85855864801118,-3.3081080186554743,32.1414413519888,32.14144135198882,1033.0722521833368,921,
drop_pace,2025-03-07,2024_25,0022400907,MIA,MIN,210,216.16666666666666,1.459335245857923,217.62600191252457,1.4593352458579147,-7.62600191252458,7.626001912524572,58.15590516982843,927,
drop_pace,2025-03-07,2024_25,0022400904,CHA,CLE,235,234.33333333333334,2.434725485717358,236.7680588190507,2.4347254857173652,-1.768058819050701,1.768058819050708,3.1260319876229845,927,
drop_pace,2025-03-07,2024_25,0022400905,TOR,UTA,227,229.83333333333334,-1.723996154642656,228.10933717869068,-1.7239961546426628,-1.1093371786906867,1.10933717869068,1.230628976025398,927,
drop_pace,2025-03-07,2024_25,0022400906,DAL,MEM,233,239.33333333333334,-7.06766700955361,232.26566632377973,-7.067667009553617,0.7343336762202668,0.7343336762202739,0.5392459480311821,927,
drop_pace,2025-03-07,2024_25,0022400911,LAC,NYK,200,220.16666666666666,-2.6147128548674914,217.55195381179917,-2.6147128548674914,-17.551953811799166,17.551953811799166,308.07108261153127,927,
drop_pace,2025-03-07,2024_25,0022400909,DEN,PHX,290,237.5,-2.4072046463381858,235.0927953536618,-2.4072046463381866,54.90720464633819,54.90720464633819,3014.8011220748617,927,
drop_pace,2025-03-07,2024_25,0022400910,SAC,SAS,236,235.66666666666666,0.2560860938865659,235.92275276055324,0.2560860938865801,0.07724723944677692,0.0772472394467627,0.005967136002145493,927,
drop_pace,2025-03-07,2024_25,0022400908,OKC,POR,196,227.0,5.622106797760165,232.62210679776015,5.6221067977601535,-36.62210679776017,36.62210679776015,1341.1787063065503,927,
drop_pace,2025-03-08,2024_25,0022400917,MIL,ORL,220,217.83333333333334,0.8248026257173431,218.6581359590507,0.8248026257173535,1.341864040949314,1.3418640409493037,1.8005991043927945,935,
drop_pace,2025-03-08,2024_25,0022400919,GSW,DET,225,233.33333333333334,-0.6570531929422463,232.6762801403911,-0.657053192942243,-7.676280140391096,7.6762801403911,58.925276793762805,935,
drop_pace,2025-03-08,2024_25,0022400916,MIA,CHI,223,226.33333333333334,-1.312007167643252,225.02132616569008,-1.3120071676432588,-2.0213261656900907,2.021326165690084,4.085759468103377,935,
drop_pace,2025-03-08,2024_25,0022400918,BOS,LAL,212,226.5,3.2593144694577285,229.75931446945773,3.2593144694577347,-17.759314469457728,17.759314469457735,315.39325042509086,935,
drop_pace,2025-03-08,2024_25,0022400914,ATL,IND,238,243.33333333333334,-2.6918581283210234,240.6414752050123,-2.69185812832103,-2.6414752050123194,2.6414752050123127,6.97739125869484,935,
drop_pace,2025-03-08,2024_25,0022400913,HOU,NOP,263,229.66666666666666,-1.3156238394251196,228.35104282724154,-1.3156238394251147,34.648957172758465,34.64895717275846,1200.5502331596497,935,
drop_pace,2025-03-08,2024_25,0022400915,TOR,WAS,235,222.66666666666666,2.4687128505061136,225.13537951717277,2.4687128505061082,9.86462048282723,9.864620482827235,97.31073727021462,935,
drop_pace,2025-03-08,2024_25,0022400912,CHA,BKN,207,212.66666666666666,-0.5988799124934137,212.06778675417326,-0.5988799124934019,-5.067786754173244,5.067786754173255,25.682462585773898,935,
drop_pace,2025-03-09,2024_25,0022400923,NOP,MEM,211,240.16666666666666,-0.1822182434811629,239.98444842318548,-0.18221824348117366,-28.984448423185494,28.984448423185484,840.0982503962995,943,
drop_pace,2025-03-09,2024_25,0022400920,OKC,DEN,230,240.66666666666666,-0.31428651147674297,240.3523801551899,-0.3142865114767517,-10.352380155189914,10.352380155189906,107.17177487756977,943,
drop_pace,2025-03-09,2024_25,0022400921,DAL,PHX,241,228.83333333333334,-6.981883390114379,221.85144994321897,-6.981883390114376,19.148550056781037,19.148550056781033,366.6669692770489,943,
drop_pace,2025-03-09,2024_25,0022400922,MIL,CLE,212,237.83333333333334,2.0156622567009617,239.8489955900343,2.0156622567009492,-27.848995590034306,27.848995590034292,775.5665553737495,943,
drop_pace,2025-03-09,2024_25,0022400924,PHI,UTA,248,225.33333333333334,-0.7470851820889265,224.5862481512444,-0.7470851820889379,23.413751848755584,23.413751848755595,548.203775635106,943,
drop_pace,2025-03-09,2024_25,0022400926,POR,DET,231,232.16666666666666,-0.19756999372184603,231.9690966729448,-0.19756999372185646,-0.9690966729448112,0.9690966729448007,0.9391483615126821,943,
drop_pace,2025-03-09,2024_25,0022400925,MIN,SAS,265,233.0,-1.6641672222698725,231.33583277773013,-1.6641672222698674,33.664167222269874,33.66416722226987,1133.276154768949,943,
drop_pace,2025-03-09,2024_25,0022400927,LAC,SAC,221,220.83333333333334,7.981535926479307,228.81486925981264,7.981535926479296,-7.8148692598126495,7.814869259812639,61.07218154796454,943,
drop_pace,2025-03-10,2024_25,0022400931,MIA,CHA,207,216.33333333333334,-0.44320476588678903,215.89012856744657,-0.44320476588677593,-8.890128567446554,8.890128567446567,79.03438594572955,951,
drop_pace,2025-03-10,2024_25,0022400933,CHI,IND,224,241.5,-2.6673694068057707,238.83263059319424,-2.6673694068057614,-14.83263059319423,14.832630593194239,220.00693031416168,951,
drop_pace,2025-03-10,2024_25,0022400928,ATL,PHI,255,234.5,-3.783688710147528,230.71631128985248,-3.7836887101475156,24.28368871014753,24.283688710147516,589.6975373713459,951,
drop_pace,2025-03-10,2024_25,0022400929,BOS,UTA,222,228.66666666666666,2.6045744649416553,231.27124113160832,2.6045744649416633,-9.271241131608313,9.27124113160832,85.95591212042594,951,
drop_pace,2025-03-10,2024_25,0022400932,TOR,WAS,223,232.16666666666666,0.1994750220284644,232.3661416886951,0.19947502202845158,-9.366141688695121,9.366141688695109,87.72461013271247,951,
drop_pace,2025-03-10,2024_25,0022400939,SAC,NYK,237,220.83333333333334,3.042763310900882,223.87609664423422,3.042763310900881,13.123903355765776,13.123903355765776,172.2368392914802,951,
drop_pace,2025-03-10,2024_25,0022400934,HOU,ORL,181,213.5,1.837953339233311,215.3379533392333,1.8379533392333087,-34.33795333923331,34.33795333923331,1179.095039527364,951,
drop_pace,2025-03-10,2024_25,0022400936,OKC,DEN,267,238.5,0.045934092922347125,238.54593409292235,0.04593409292235151,28.454065907077652,28.45406590707765,809.6338666443186,951,
drop_pace,2025-03-10,2024_25,0022400937,SAS,DAL,262,229.33333333333334,-5.921041332405232,223.41229200092812,-5.921041332405224,38.58770799907189,38.58770799907188,1489.0112086216361,951,
drop_pace,2025-03-10,2024_25,0022400938,GSW,POR,250,230.5,0.17317176226021141,230.6731717622602,0.17317176226021047,19.32682823773979,19.32682823773979,373.5262897310961,951,
drop_pace,2025-03-10,2024_25,0022400935,MEM,PHX,238,242.66666666666666,0.17804457174916855,242.8447112384158,0.17804457174915456,-4.844711238415826,4.844711238415812,23.47122698363247,951,
drop_pace,2025-03-10,2024_25,0022400930,BKN,LAL,219,215.66666666666666,3.1522116306386416,218.8188782973053,3.1522116306386465,0.18112170269470118,0.1811217026946963,0.032805071187025955,951,
drop_pace,2025-03-11,2024_25,0022400943,NOP,LAC,247,224.5,1.1167837242114766,225.61678372421147,1.1167837242114729,21.383216275788524,21.383216275788527,457.2419382971474,963,
drop_pace,2025-03-11,2024_25,0022400942,IND,MIL,229,234.0,-0.8086029070872203,233.19139709291278,-0.80860290708722,-4.19139709291278,4.19139709291278,17.567809590477705,963,
drop_pace,2025-03-11,2024_25,0022400941,DET,WAS,226,234.5,0.40460241588841883,234.9046024158884,0.4046024158884052,-8.90460241588842,8.904602415888405,79.29194418504562,963,
drop_pace,2025-03-11,2024_25,0022400940,CLE,BKN,213,227.0,0.31763204372585774,227.31763204372587,0.3176320437258653,-14.317632043725858,14.317632043725865,204.9945873395257,963,
drop_pace,2025-03-12,2024_25,0022400948,MIA,LAC,223,209.5,2.3388765367819064,211.8388765367819,2.338876536781896,11.161123463218093,11.161123463218104,124.57067696119768,967,
drop_pace,2025-03-12,2024_25,0022400950,MEM,UTA,237,246.83333333333334,1.191216074942878,248.02454940827621,1.1912160749428722,-11.02454940827622,11.024549408276215,121.54068965552344,967,
drop_pace,2025-03-12,2024_25,0022400953,POR,NYK,227,226.66666666666666,-0.5855804466533046,226.08108622001336,-0.5855804466532959,0.9189137799866474,0.9189137799866387,0.8444025350493326,967,
drop_pace,2025-03-12,2024_25,0022400951,SAS,DAL,242,237.5,2.320408118038818,239.8204081180388,2.320408118038813,2.179591881961182,2.179591881961187,4.750620771911109,967,
drop_pace,2025-03-12,2024_25,0022400949,HOU,PHX,215,228.66666666666666,-5.248478172554344,223.41818849411231,-5.248478172554343,-8.418188494112314,8.418188494112314,70.86589752240495,967,
drop_pace,2025-03-12,2024_25,0022400952,DEN,MIN,210,235.33333333333334,0.12021399581492939,235.45354732914828,0.12021399581493597,-25.45354732914827,25.45354732914828,647.8830716371915,967,
drop_pace,2025-03-12,2024_25,0022400947,TOR,PHI,223,219.33333333333334,-2.5902210663881937,216.74311226694516,-2.5902210663881817,6.256887733054851,6.256887733054839,39.148644104052124,967,
drop_pace,2025-03-12,2024_25,0022400946,BOS,OKC,230,228.0,0.3449512386869063,228.34495123868692,0.34495123868691735,1.6550487613130938,1.6550487613130827,2.7391864023239694,967,
drop_pace,2025-03-12,2024_25,0022400945,ATL,CHA,233,233.66666666666666,-4.167527432371995,229.49913923429466,-4.1675274323719975,3.5008607657053377,3.5008607657053403,12.256026100854982,967,
drop_pace,2025-03-13,2024_25,0022400954,DET,WAS,254,235.33333333333334,-1.2573469675057587,234.0759863658276,-1.2573469675057538,19.924013634172415,19.92401363417241,396.9663192946881,976,
drop_pace,2025-03-13,2024_25,0022400955,MIL,LAL,232,225.5,1.6140782326875247,227.11407823268752,1.6140782326875183,4.8859217673124755,4.885921767312482,23.872231516297926,976,
drop_pace,2025-03-13,2024_25,0022400956,CHI,BKN,226,230.0,-0.29206822199835636,229.70793177800164,-0.29206822199836324,-3.707931778001644,3.7079317780016368,13.748758070314379,976,
drop_pace,2025-03-13,2024_25,0022400957,GSW,SAC,234,233.5,-1.3961793818662929,232.1038206181337,-1.3961793818662898,1.8961793818662929,1.8961793818662898,3.595496248214825,976,
drop_pace,2025-03-13,2024_25,0022401141,NOP,ORL,206,217.16666666666666,-0.3791678009840119,216.78749886568264,-0.37916780098402114,-10.787498865682645,10.787498865682636,116.37013177710416,976,
drop_pace,2025-03-14,2024_25,0022400958,MIA,BOS,194,216.16666666666666,4.303113538941959,220.46978020560863,4.303113538941972,-26.469780205608615,26.46978020560863,700.6492641332304,981,
drop_pace,2025-03-14,2024_25,0022400965,DEN,LAL,257,231.5,-1.2778599486632465,230.22214005133677,-1.2778599486632345,26.777859948663245,26.777859948663234,717.0537834302226,981,
drop_pace,2025-03-14,2024_25,0022400959,PHI,IND,212,232.83333333333334,2.646617477716141,235.4799508110495,2.6466174777161484,-23.479950811049484,23.47995081104949,551.3080900893036,981,
drop_pace,2025-03-14,2024_25,0022400962,MEM,CLE,257,244.16666666666666,-0.13596457368803444,244.03070209297863,-0.13596457368802817,12.969297907021378,12.969297907021371,168.20268820106892,981,
drop_pace,2025-03-14,2024_25,0022400960,ATL,LAC,219,232.33333333333334,1.4020377430178559,233.73537107635119,1.4020377430178428,-14.735371076351198,14.735371076351186,217.1311607577671,981,
drop_pace,2025-03-14,2024_25,0022400966,UTA,TOR,244,231.83333333333334,6.039513343502916,237.87284667683625,6.039513343502904,6.127153323163741,6.127153323163753,37.542007845556626,981,
drop_pace,2025-03-14,2024_25,0022400964,SAS,CHA,279,230.0,-2.5521170489985043,227.4478829510015,-2.552117048998497,51.552117048998504,51.5521170489985,2657.6207722336417,981,
drop_pace,2025-03-14,2024_25,0022400963,MIN,ORL,229,208.5,1.16712232575666,209.66712232575665,1.167122325756651,19.33287767424334,19.33287767424335,373.7601591672569,981,
drop_pace,2025-03-14,2024_25,0022400967,PHX,SAC,228,235.33333333333334,-2.2912960359230734,233.04203729741027,-2.291296035923068,-5.042037297410269,5.042037297410275,25.422140108476306,981,
drop_pace,2025-03-14,2024_25,0022400961,HOU,DAL,229,223.66666666666666,2.148405983061052,225.8150726497277,2.1484059830610533,3.184927350272291,3.1849273502722895,10.143762226512466,981,
drop_pace,2025-03-15,2024_25,0022400968,BKN,BOS,228,214.83333333333334,0.34357576089617875,215.17690909422953,0.34357576089618647,12.823090905770478,12.82309090577047,164.43166037765334,991,
drop_pace,2025-03-15,2024_25,0022400975,DEN,WAS,249,239.33333333333334,2.04505752857477,241.37839086190812,2.045057528574773,7.621609138091888,7.621609138091884,58.08892585384571,991,
drop_pace,2025-03-15,2024_25,0022400974,GSW,NYK,191,229.5,0.18211058052760382,229.6821105805276,0.182110580527592,-38.682110580527606,38.68211058052759,1496.3056789641646,991,
drop_pace,2025-03-15,2024_25,0022400973,SAS,NOP,234,237.5,6.550671207845956,244.05067120784597,6.550671207845966,-10.050671207845955,10.050671207845966,101.01599172822388,991,
drop_pace,2025-03-15,2024_25,0022400972,MIL,IND,245,235.5,-0.24965702531444395,235.25034297468557,-0.24965702531443412,9.749657025314445,9.749657025314434,95.0558121112631,991,
drop_pace,2025-03-15,2024_25,0022400971,MEM,MIA,216,228.0,2.032927926297042,230.03292792629705,2.0329279262970488,-14.032927926297042,14.032927926297049,196.92306618464758,991,
drop_pace,2025-03-15,2024_25,0022400969,DET,OKC,220,234.5,0.03237158112339168,234.53237158112339,0.03237158112338534,-14.532371581123392,14.532371581123385,211.1898237718426,991,
drop_pace,2025-03-15,2024_25,0022400970,HOU,CHI,231,231.33333333333334,0.0461503007195089,231.37948363405286,0.046150300719517645,-0.3794836340528517,0.37948363405286045,0.14400782851396532,991,
drop_pace,2025-03-16,2024_25,0022400977,LAL,PHX,203,229.66666666666666,2.3550148833869518,232.02168155005361,2.355014883386957,-29.021681550053607,29.021681550053614,842.2579999927224,999,
drop_pace,2025-03-16,2024_25,0022400978,BKN,ATL,236,229.0,1.5100343932544986,230.5100343932545,1.5100343932545002,5.489965606745502,5.4899656067455,30.139722363248485,999,
drop_pace,2025-03-16,2024_25,0022400976,DAL,PHI,255,224.83333333333334,-3.777019888312846,221.0563134450205,-3.77701988831285,33.9436865549795,33.94368655497951,1152.1738569426966,999,
drop_pace,2025-03-16,2024_25,0022400538,LAC,CHA,211,221.5,0.5057608276763516,222.00576082767634,0.5057608276763403,-11.005760827676351,11.00576082767634,121.126771396015,999,
drop_pace,2025-03-16,2024_25,0022400982,MIL,OKC,226,231.5,-1.2148641764175545,230.28513582358244,-1.2148641764175636,-4.285135823582445,4.285135823582436,18.362389026549526,999,
drop_pace,2025-03-16,2024_25,0022400981,MIN,UTA,230,231.5,2.303049136174459,233.80304913617445,2.303049136174451,-3.803049136174459,3.803049136174451,14.463182732157238,999,
drop_pace,2025-03-16,2024_25,0022400980,POR,TOR,207,228.66666666666666,3.0095068695845475,231.6761735362512,3.0095068695845555,-24.676173536251206,24.676173536251213,608.9135403911847,999,
drop_pace,2025-03-16,2024_25,0022400979,CLE,ORL,211,219.5,2.4815549906538688,221.98155499065388,2.4815549906538763,-10.98155499065387,10.981554990653876,120.59455001275505,999,
drop_pace,2025-03-17,2024_25,0022400987,NOP,DET,208,233.16666666666666,1.901419596220832,235.06808626288748,1.9014195962208191,-27.06808626288749,27.068086262887476,732.6812939351177,1007,
drop_pace,2025-03-17,2024_25,0022400985,HOU,PHI,281,222.5,0.4662931405103193,222.96629314051032,0.46629314051031656,58.03370685948968,58.03370685948968,3367.91113185318,1007,
drop_pace,2025-03-17,2024_25,0022400537,LAL,SAS,234,229.33333333333334,1.173017472339731,230.50635080567307,1.1730174723397226,3.493649194326926,3.4936491943269345,12.205584693021239,1007,
drop_pace,2025-03-17,2024_25,0022400984,NYK,MIA,211,212.0,0.1734557054653055,212.1734557054653,0.17345570546530098,-1.1734557054653054,1.173455705465301,1.3769982926890671,1007,
drop_pace,2025-03-17,2024_25,0022400986,MIN,IND,262,229.0,1.5695845640679071,230.5695845640679,1.5695845640678954,31.430415435932094,31.430415435932105,987.8710144752791,1007,
drop_pace,2025-03-17,2024_25,0022400995,POR,WAS,209,231.33333333333334,-0.24903220625643113,231.0843011270769,-0.2490322062564303,-22.084301127076913,22.084301127076913,487.7163562714106,1007,
drop_pace,2025-03-17,2024_25,0022400989,UTA,CHI,208,240.16666666666666,0.3013208794517148,240.46798754611837,0.3013208794517084,-32.46798754611837,32.467987546118366,1054.1702152948974,1007,
drop_pace,2025-03-17,2024_25,0022400990,GSW,DEN,219,236.5,-1.1652636951041528,235.33473630489584,-1.1652636951041586,-16.33473630489585,16.33473630489584,266.82361015048224,1007,
drop_pace,2025-03-17,2024_25,0022400992,SAC,MEM,254,239.83333333333334,1.5333278692085077,241.36666120254185,1.533327869208506,12.63333879745815,12.633338797458151,159.60124917136136,1007,
drop_pace,2025-03-17,2024_25,0022400991,PHX,TOR,218,227.5,-0.32477525255116535,227.17522474744882,-0.3247752525511771,-9.175224747448835,9.175224747448823,84.18474916619732,1007,
drop_pace,2025-03-18,2024_25,0022400993,CHA,ATL,236,236.66666666666666,2.8989503214183325,239.565616988085,2.89895032141834,-3.5656169880849897,3.5656169880849973,12.713624505720327,1017,
drop_pace,2025-03-18,2024_25,0022400994,BOS,BKN,200,215.5,2.2484780651168847,217.7484780651169,2.248478065116899,-17.748478065116885,17.7484780651169,315.0084736279357,1017,
drop_pace,2025-03-18,2024_25,0022400997,LAC,CLE,251,231.33333333333334,0.5685663486351875,231.90189968196853,0.5685663486351871,19.09810031803147,19.09810031803147,364.73743575759374,1017,
drop_pace,2025-03-18,2024_25,0022401012,GSW,MIL,197,230.33333333333334,1.3475182047613583,231.68085153809471,1.3475182047613714,-34.6808515380947,34.680851538094714,1202.7614634073666,1017,
drop_pace,2025-03-19,2024_25,0022401001,MIN,NOP,234,228.5,-0.2682491969137999,228.2317508030862,-0.2682491969138141,5.7682491969138,5.768249196913814,33.27269879769686,1021,
drop_pace,2025-03-19,2024_25,0022400627,UTA,WAS,240,234.33333333333334,-1.8603260217253084,232.47300731160803,-1.8603260217253137,7.526992688391966,7.526992688391971,56.65561893110619,1021,
drop_pace,2025-03-19,2024_25,0022400998,IND,DAL,266,234.33333333333334,3.4730771690311073,237.80641050236446,3.4730771690311144,28.19358949763555,28.193589497635543,794.8784887611852,1021,
drop_pace,2025-03-19,2024_25,0022400999,ORL,HOU,224,211.0,2.179242405271911,213.1792424052719,2.179242405271907,10.82075759472809,10.820757594728093,117.0887949238657,1021,
drop_pace,2025-03-19,2024_25,0022401000,MIA,DET,229,218.0,3.071880646161896,221.0718806461619,3.071880646161901,7.928119353838104,7.928119353838099,62.85507648870224,1021,
drop_pace,2025-03-19,2024_25,0022401009,SAC,CLE,242,235.5,2.899518092987722,238.39951809298773,2.8995180929877336,3.600481907012278,3.6004819070122664,12.963469962722687,1021,
drop_pace,2025-03-19,2024_25,0022401002,OKC,PHI,233,229.16666666666666,4.9705128456136665,234.1371795122803,4.970512845613655,-1.1371795122803237,1.137179512280312,1.2931772431500885,1021,
drop_pace,2025-03-19,2024_25,0022401006,LAL,DEN,228,233.0,0.6859222817817465,233.68592228178176,0.6859222817817567,-5.685922281781746,5.685922281781757,32.32971219446226,1021,
drop_pace,2025-03-19,2024_25,0022401008,POR,MEM,214,235.5,-1.3821643353682076,234.1178356646318,-1.382164335368202,-20.11783566463179,20.117835664631798,404.7273118291311,1021,
drop_pace,2025-03-19,2024_25,0022401003,SAS,NYK,225,231.0,-1.418328062923615,229.58167193707638,-1.4183280629236208,-4.5816719370763845,4.581671937076379,20.99171773899322,1021,
drop_pace,2025-03-19,2024_25,0022401007,PHX,CHI,248,235.33333333333334,0.2790810616345991,235.61241439496794,0.27908106163459934,12.387585605032058,12.387585605032058,153.45227712199747,1021,
drop_pace,2025-03-20,2024_25,0022401013,SAC,CHI,244,234.66666666666666,0.14206944195292032,234.80873610861957,0.1420694419529127,9.191263891380423,9.19126389138043,84.47933192099373,1032,
drop_pace,2025-03-20,2024_25,0022401011,IND,BKN,204,226.33333333333334,1.128046513861925,227.46137984719527,1.128046513861932,-23.461379847195268,23.461379847195275,550.4363443343806,1032,
drop_pace,2025-03-20,2024_25,0022401010,CHA,NYK,213,222.0,0.914497857381675,222.91449785738166,0.9144978573816616,-9.914497857381676,9.914497857381662,98.29726776402556,1032,
drop_pace,2025-03-20,2024_25,0022401005,GSW,TOR,231,226.0,2.0617351026609927,228.061735102661,2.061735102661004,2.9382648973390073,2.938264897338996,8.633400606934542,1032,
drop_pace,2025-03-20,2024_25,0022400996,LAL,MIL,207,225.66666666666666,-1.4928481356813124,224.17381853098536,-1.4928481356812995,-17.173818530985344,17.173818530985358,294.94004293521607,1032,
drop_pace,2025-03-21,2024_25,0022401018,SAS,PHI,248,239.33333333333334,4.846576513857796,244.17990984719114,4.846576513857798,3.820090152808861,3.8200901528088593,14.593088775587214,1037,
drop_pace,2025-03-21,2024_25,0022401015,MIA,HOU,200,214.5,5.272732952222121,219.77273295222213,5.272732952222128,-19.77273295222212,19.77273295222213,390.9609683998908,1037,
drop_pace,2025-03-21,2024_25,0022401016,MIN,NOP,227,229.0,-0.31707610593853436,228.68292389406147,-0.31707610593852564,-1.6829238940614657,1.6829238940614744,2.8322328332030366,1037,
drop_pace,2025-03-21,2024_25,0022401017,OKC,CHA,247,227.16666666666666,-1.116930929086477,226.0497357375802,-1.1169309290864646,20.95026426241982,20.950264262419807,438.91357266522454,1037,
drop_pace,2025-03-21,2024_25,0022401014,WAS,ORL,225,215.83333333333334,2.155630551385387,217.98896388471874,2.1556305513854,7.01103611528127,7.011036115281257,49.1546274097781,1037,
drop_pace,2025-03-21,2024_25,0022401020,UTA,BOS,220,228.0,-5.477296738088992,222.522703261911,-5.477296738088995,-2.5227032619110084,2.522703261911005,6.364031747656424,1037,
drop_pace,2025-03-21,2024_25,0022401021,PHX,CLE,235,239.33333333333334,1.5326564293106442,240.86598976264398,1.5326564293106344,-5.865989762643987,5.865989762643977,34.40983589544394,1037,
drop_pace,2025-03-21,2024_25,0022401022,POR,DEN,237,225.5,-2.017132207861948,223.48286779213805,-2.0171322078619482,13.517132207861948,13.517132207861948,182.71286312481882,1037,
drop_pace,2025-03-21,2024_25,0022401023,LAC,MEM,236,231.33333333333334,-0.9367225243277081,230.39661080900564,-0.9367225243277062,5.603389190994365,5.603389190994363,31.397970425752465,1037,
drop_pace,2025-03-21,2024_25,0022401019,DAL,DET,240,235.66666666666666,2.1198193199449933,237.78648598661164,2.1198193199449804,2.2135140133883495,2.2135140133883624,4.899644287466655,1037,
drop_pace,2025-03-22,2024_25,0022401024,IND,BKN,211,221.0,1.6249849983823499,222.62498499838236,1.6249849983823594,-11.62498499838235,11.62498499838236,135.1402762126149,1047,
drop_pace,2025-03-22,2024_25,0022401025,ATL,GSW,239,229.5,3.0210751027375844,232.5210751027376,3.0210751027375977,6.478924897262416,6.478924897262402,41.97646782436663,1047,
drop_pace,2025-03-22,2024_25,0022401026,NYK,WAS,225,222.66666666666666,0.604286634598835,223.27095330126548,0.6042866345988216,1.729046698734508,1.7290466987345212,2.9896024864047464,1047,
drop_pace,2025-03-22,2024_25,0022401027,SAC,MIL,222,226.33333333333334,-0.6261156185635385,225.7072177147698,-0.6261156185635457,-3.707217714769804,3.707217714769797,13.743463184702996,1047,
drop_pace,2025-03-22,2024_25,0022401028,LAL,CHI,261,233.5,0.1423737039933597,233.64237370399337,0.14237370399337124,27.35762629600664,27.35762629600663,748.4397165519533,1047,
drop_pace,2025-03-23,2024_25,0022401030,UTA,CLE,211,237.33333333333334,-4.116581784467222,233.2167515488661,-4.116581784467229,-22.21675154886612,22.216751548866114,493.5840493840449,1052,
drop_pace,2025-03-23,2024_25,0022401032,MIA,CHA,227,211.83333333333334,-1.8266010651966387,210.00673226813672,-1.826601065196627,16.993267731863295,16.993267731863284,288.77114820678594,1052,
drop_pace,2025-03-23,2024_25,0022401029,DET,NOP,266,230.33333333333334,-3.1824469270402247,227.15088640629313,-3.1824469270402176,38.84911359370688,38.849113593706875,1509.2536270167402,1052,
drop_pace,2025-03-23,2024_25,0022401031,ATL,PHI,251,237.66666666666666,2.296725399906751,239.96339206657342,2.2967253999067623,11.036607933426591,11.03660793342658,121.80671467617454,1052,
drop_pace,2025-03-23,2024_25,0022401034,POR,BOS,245,220.5,-1.1390942685612802,219.36090573143872,-1.13909426856128,25.63909426856128,25.63909426856128,657.3631549121719,1052,
drop_pace,2025-03-23,2024_25,0022401033,TOR,SAS,212,234.5,-4.007859966008766,230.49214003399123,-4.007859966008766,-18.492140033991234,18.492140033991234,341.9592430367413,1052,
drop_pace,2025-03-23,2024_25,0022401035,HOU,DEN,227,227.16666666666666,-0.06856536827118426,227.09810129839548,-0.0685653682711802,-0.09810129839547294,0.09810129839547699,0.009623864746878416,1052,
drop_pace,2025-03-23,2024_25,0022401036,LAC,OKC,204,228.5,1.732779669164699,230.2327796691647,1.7327796691646995,-26.2327796691647,26.2327796691647,688.1587291709408,1052,
drop_pace,2025-03-24,2024_25,0022401044,SAC,BOS,208,225.0,1.750315703687126,226.75031570368714,1.7503157036871357,-18.750315703687125,18.750315703687136,351.5743389879364,1060,
drop_pace,2025-03-24,2024_25,0022401042,DEN,CHI,248,239.33333333333334,0.43666684628541136,239.77000017961876,0.4366668462854193,8.229999820381245,8.229999820381238,67.7328970434752,1060,
drop_pace,2025-03-24,2024_25,0022401041,NOP,PHI,211,233.0,0.3461222478338131,233.34612224783382,0.3461222478338186,-22.34612224783381,22.34612224783382,499.3491795151335,1060,
drop_pace,2025-03-24,2024_25,0022401043,PHX,MIL,214,225.5,-1.6766193475418958,223.8233806524581,-1.6766193475419016,-9.823380652458104,9.823380652458098,96.4988074430881,1060,
drop_pace,2025-03-24,2024_25,0022401039,WAS,TOR,216,227.66666666666666,3.4731368635916446,231.1398035302583,3.473136863591634,-15.139803530258302,15.139803530258291,229.2136509348214,1060,
drop_pace,2025-03-24,2024_25,0022401038,ORL,LAL,224,215.83333333333334,1.380027125734412,217.21336045906776,1.380027125734415,6.786639540932245,6.786639540932242,46.05847625854499,1060,
drop_pace,2025-03-24,2024_25,0022401037,IND,MIN,222,231.16666666666666,1.5667338505593582,232.73340051722602,1.566733850559359,-10.733400517226016,10.733400517226016,115.20588666318771,1060,
drop_pace,2025-03-24,2024_25,0022401040,BKN,DAL,221,218.83333333333334,4.382176322782624,223.21550965611596,4.3821763227826125,-2.215509656115967,2.2155096561159553,4.908483036343038,1060,
drop_pace,2025-03-25,2024_25,0022401052,SAC,OKC,226,231.33333333333334,-4.555529068472918,226.77780426486044,-4.555529068472907,-0.7778042648604249,0.7778042648604355,0.6049794744350825,1068,
drop_pace,2025-03-25,2024_25,0022401050,UTA,MEM,243,240.5,-4.427233138851781,236.0727668611482,-4.42723313885179,6.927233138851781,6.92723313885179,47.98655896000642,1068,
drop_pace,2025-03-25,2024_25,0022401049,HOU,ATL,235,234.5,1.4408112620827564,235.94081126208275,1.4408112620827467,-0.9408112620827564,0.9408112620827467,0.8851258308617307,1068,
drop_pace,2025-03-25,2024_25,0022401051,POR,CLE,233,232.0,-2.9602581899968814,229.0397418100031,-2.9602581899968925,3.9602581899968814,3.9602581899968925,15.683644931437463,1068,
drop_pace,2025-03-25,2024_25,0022401047,MIA,GSW,198,218.16666666666666,4.746486442546417,222.91315310921308,4.746486442546427,-24.913153109213074,24.913153109213084,620.6651978430936,1068,
drop_pace,2025-03-25,2024_25,0022401046,DET,SAS,218,235.16666666666666,2.7578084310358295,237.9244750977025,2.7578084310358406,-19.924475097702487,19.924475097702498,396.98470791896693,1068,
drop_pace,2025-03-25,2024_25,0022401045,CHA,ORL,215,213.16666666666666,-0.6149080590604268,212.55175860760622,-0.6149080590604399,2.4482413923937694,2.4482413923937827,5.993885915430248,1068,
drop_pace,2025-03-25,2024_25,0022401048,NYK,DAL,241,224.5,1.8997738159293844,226.3997738159294,1.899773815929393,14.600226184070616,14.600226184070607,213.16660462602096,1068,
drop_pace,2025-03-26,2024_25,0022401057,DEN,MIL,244,225.33333333333334,1.576566044087122,226.90989937742046,1.5765660440871159,17.090100622579534,17.09010062257954,292.0715392898936,1076,
drop_pace,2025-03-26,2024_25,0022401056,NYK,LAC,239,217.5,0.19470768878347255,217.69470768878347,0.1947076887834669,21.305292311216526,21.305292311216533,453.91548046638235,1076,
drop_pace,2025-03-26,2024_25,0022401058,PHX,BOS,234,221.66666666666666,-0.23167822492486778,221.43498844174178,-0.23167822492487744,12.565011558258211,12.56501155825822,157.87951545916266,1076,
drop_pace,2025-03-26,2024_25,0022401054,BKN,TOR,202,214.66666666666666,5.198853762104164,219.86552042877082,5.198853762104164,-17.86552042877082,17.86552042877082,319.1768201908276,1076,
drop_pace,2025-03-26,2024_25,0022401053,PHI,WAS,233,230.16666666666666,0.27167887492912535,230.4383455415958,0.2716788749291368,2.5616544584042176,2.561654458404206,6.562073564262146,1076,
drop_pace,2025-03-26,2024_25,0022401055,IND,LAL,239,235.33333333333334,0.9153752921414722,236.24870862547482,0.9153752921414764,2.7512913745251852,2.751291374525181,7.569604227536659,1076,
drop_pace,2025-03-27,2024_25,0022401066,SAC,POR,235,225.66666666666666,1.6404235798990128,227.30709024656568,1.6404235798990214,7.69290975343433,7.692909753434321,59.18086047448491,1082,
drop_pace,2025-03-27,2024_25,0022401065,UTA,HOU,231,227.83333333333334,0.6982267533652222,228.53156008669856,0.6982267533652191,2.468439913301435,2.468439913301438,6.093195605579611,1082,
drop_pace,2025-03-27,2024_25,0022401064,OKC,MEM,229,237.83333333333334,3.6321526263906994,241.46548595972405,3.632152626390706,-12.465485959724042,12.465485959724049,155.3883402120774,1082,
drop_pace,2025-03-27,2024_25,0022401063,CHI,LAL,236,237.83333333333334,1.5448805155708516,239.37821384890418,1.5448805155708385,-3.3782138489041946,3.3782138489041813,11.412328808928002,1082,
drop_pace,2025-03-27,2024_25,0022401059,CLE,SAS,240,238.66666666666666,1.3875063898860116,240.05417305655266,1.3875063898859992,-0.0541730565526688,0.05417305655265636,0.0029347200562573044,1082,
drop_pace,2025-03-27,2024_25,0022401061,WAS,IND,271,234.5,1.737327406868131,236.23732740686813,1.7373274068681326,34.76267259313187,34.76267259313187,1208.4434058172815,1082,
drop_pace,2025-03-27,2024_25,0022401060,ORL,DAL,193,218.5,3.049519419342007,221.549519419342,3.0495194193420048,-28.54951941934201,28.549519419342005,815.0750590753862,1082,
drop_pace,2025-03-27,2024_25,0022401062,MIA,ATL,234,228.0,-0.20375552689121468,227.79624447310877,-0.20375552689122856,6.203755526891214,6.2037555268912286,38.486582637433465,1082,
drop_pace,2025-03-28,2024_25,0022401068,BKN,LAC,232,214.33333333333334,1.1969372768371904,215.53027061017053,1.1969372768371898,16.469729389829467,16.469729389829467,271.2519861742125,1090,
drop_pace,2025-03-28,2024_25,0022401067,DET,CLE,255,229.66666666666666,0.31898623026999834,229.98565289693664,0.31898623026998507,25.014347103063344,25.014347103063358,625.7175609925342,1090,
drop_pace,2025-03-28,2024_25,0022401069,TOR,CHA,205,216.5,-2.305148603137095,214.1948513968629,-2.3051486031370985,-9.194851396862905,9.194851396862902,84.54529221039165,1090,
drop_pace,2025-03-28,2024_25,0022401070,MIL,NYK,223,219.5,1.9582293504338244,221.4582293504338,1.958229350433811,1.5417706495661756,1.541770649566189,2.377056735863748,1090,
drop_pace,2025-03-28,2024_25,0022401072,NOP,GSW,206,224.0,1.0879228647545518,225.08792286475455,1.087922864754546,-19.087922864754553,19.087922864754546,364.3487992908194,1090,
drop_pace,2025-03-28,2024_25,0022401073,DEN,UTA,222,239.0,3.9293676189683655,242.92936761896837,3.929367618968371,-20.929367618968364,20.92936761896837,438.0384289299218,1090,
drop_pace,2025-03-28,2024_25,0022401071,MIN,PHX,233,226.5,1.532949245389202,228.0329492453892,1.5329492453892044,4.967050754610798,4.967050754610796,24.671593198879673,1090,
drop_pace,2025-03-29,2024_25,0022401079,OKC,IND,243,238.5,-4.518636373989749,233.98136362601025,-4.51863637398975,9.01863637398975,9.01863637398975,81.33580204625099,1097,
drop_pace,2025-03-29,2024_25,0022401076,PHI,MIA,213,217.83333333333334,-1.009164330041734,216.82416900329162,-1.0091643300417275,-3.824169003291609,3.8241690032916154,14.624268565736386,1097,
drop_pace,2025-03-29,2024_25,0022401080,SAS,BOS,232,228.83333333333334,-1.5216486428010119,227.31168469053233,-1.5216486428010114,4.688315309467669,4.688315309467669,21.98030044098892,1097,
drop_pace,2025-03-29,2024_25,0022401078,MEM,LAL,261,237.16666666666666,0.087463126416269,237.25412979308294,0.08746312641628151,23.745870206917076,23.74587020691706,563.8663518837513,1097,
drop_pace,2025-03-29,2024_25,0022401074,ORL,SAC,212,218.33333333333334,-2.7345026829667303,215.5988306503666,-2.7345026829667347,-3.5988306503666125,3.598830650366608,12.951582050018143,1097,
drop_pace,2025-03-29,2024_25,0022401075,WAS,BKN,227,219.5,-0.16723416801882504,219.33276583198116,-0.16723416801883673,7.667234168018825,7.667234168018837,58.78647978723551,1097,
drop_pace,2025-03-29,2024_25,0022401077,CHI,DAL,239,237.0,-0.07403690960582537,236.92596309039416,-0.07403690960583731,2.0740369096058253,2.0740369096058373,4.3016291024073325,1097,
drop_pace,2025-03-30,2024_25,0022401087,PHI,TOR,236,223.66666666666666,1.779806039814029,225.44647270648068,1.7798060398140194,10.553527293519315,10.553527293519323,111.37693833505729,1104,
drop_pace,2025-03-30,2024_25,0022401088,PHX,HOU,257,224.5,2.879333713905093,227.37933371390508,2.8793337139050834,29.620666286094906,29.620666286094917,877.3838712322,1104,
drop_pace,2025-03-30,2024_25,0022401086,SAS,GSW,254,232.66666666666666,1.6876785227889457,234.35434518945561,1.687678522788957,19.645654810544396,19.645654810544386,385.95175293506577,1104,
drop_pace,2025-03-30,2024_25,0022401085,NOP,CHA,192,212.83333333333334,-6.696278597377017,206.13705473595633,-6.696278597377017,-14.137054735956326,14.137054735956326,199.85631660742519,1104,
drop_pace,2025-03-30,2024_25,0022401083,MIL,ATL,269,235.5,-1.507471259472643,233.99252874052735,-1.507471259472652,35.007471259472645,35.00747125947265,1225.5230439828038,1104,
drop_pace,2025-03-30,2024_25,0022401082,NYK,POR,203,220.5,0.6495198963259902,221.14951989632598,0.6495198963259838,-18.14951989632599,18.149519896325984,329.40507246713275,1104,
drop_pace,2025-03-30,2024_25,0022401081,CLE,LAC,249,230.5,-1.8796423052166846,228.6203576947833,-1.8796423052166915,20.379642305216684,20.37964230521669,415.3298204885779,1104,
drop_pace,2025-03-30,2024_25,0022401084,MIN,DET,227,225.66666666666666,1.5012899661913641,227.16795663285802,1.501289966191365,-0.16795663285802132,0.1679566328580222,0.028209430521004462,1104,
drop_pace,2025-03-31,2024_25,0022401092,WAS,MIA,214,220.5,-1.3605684910189284,219.13943150898106,-1.3605684910189382,-5.139431508981072,5.139431508981062,26.413756235507353,1112,
drop_pace,2025-03-31,2024_25,0022401089,CHA,UTA,216,219.33333333333334,0.3929862294022435,219.7263195627356,0.39298622940225414,-3.7263195627355863,3.726319562735597,13.885457483626011,1112,
drop_pace,2025-03-31,2024_25,0022401090,IND,SAC,220,234.5,1.0914127820085862,235.59141278200858,1.0914127820085753,-15.591412782008586,15.591412782008575,243.09215253898037,1112,
drop_pace,2025-03-31,2024_25,0022401091,ORL,LAC,183,211.33333333333334,1.460361492326844,212.7936948256602,1.4603614923268537,-29.793694825660186,29.793694825660197,887.6642513645712,1112,
drop_pace,2025-03-31,2024_25,0022401096,LAL,HOU,202,225.33333333333334,3.76712550774291,229.10045884107626,3.767125507742918,-27.100458841076254,27.10045884107626,734.4348693968685,1112,
drop_pace,2025-03-31,2024_25,0022401093,MEM,BOS,220,236.33333333333334,1.3679163542565567,237.7012496875899,1.3679163542565504,-17.7012496875899,17.701249687589893,313.3342405024013,1112,
drop_pace,2025-03-31,2024_25,0022401095,DAL,BKN,222,220.33333333333334,-0.7610681716407778,219.57226516169257,-0.7610681716407726,2.427734838307435,2.4277348383074298,5.8938964451316025,1112,
drop_pace,2025-03-31,2024_25,0022401094,OKC,CHI,262,239.0,1.4511738795621776,240.4511738795622,1.451173879562191,21.548826120437823,21.54882612043781,464.3519071688628,1112,
drop_pace,2025-04-01,2024_25,0022401102,DEN,MIN,279,230.66666666666666,0.3599160868573138,231.02658275352397,0.3599160868573108,47.97341724647603,47.97341724647603,2301.448762304484,1120,
drop_pace,2025-04-01,2024_25,0022401098,NYK,PHI,196,223.0,4.55056517404391,227.5505651740439,4.550565174043896,-31.55056517404391,31.550565174043896,995.4381628015916,1120,
drop_pace,2025-04-01,2024_25,0022401100,MEM,GSW,259,237.33333333333334,0.7361063510717892,238.06943968440513,0.7361063510717827,20.930560315594867,20.930560315594875,438.088355124755,1120,
drop_pace,2025-04-01,2024_25,0022400988,SAS,ORL,221,220.5,1.8887535692811819,222.3887535692812,1.8887535692811923,-1.3887535692811819,1.3887535692811923,1.9286364761912513,1120,
drop_pace,2025-04-01,2024_25,0022401097,ATL,POR,240,238.0,-1.4629498555714164,236.53705014442858,-1.4629498555714235,3.4629498555714164,3.4629498555714235,11.992021702202143,1120,
drop_pace,2025-04-01,2024_25,0022401101,MIL,PHX,256,224.33333333333334,4.3553382296765415,228.68867156300988,4.3553382296765335,27.311328436990117,27.311328436990124,745.9086609931454,1120,
drop_pace,2025-04-01,2024_25,0022401099,CHI,TOR,255,236.0,2.2616227098739157,238.2616227098739,2.2616227098739046,16.738377290126085,16.738377290126095,280.173274306609,1120,
drop_pace,2025-04-02,2024_25,0022401110,DEN,SAS,219,229.5,1.286483554872165,230.78648355487218,1.2864835548721771,-11.786483554872165,11.786483554872177,138.92119458927226,1127,
drop_pace,2025-04-02,2024_25,0022401106,BOS,MIA,227,213.33333333333334,1.467473397205341,214.80080673053868,1.4674733972053389,12.199193269461317,12.199193269461318,148.82031642567034,1127,
drop_pace,2025-04-02,2024_25,0022401104,IND,CHA,224,224.33333333333334,0.5415160309845369,224.87484936431787,0.5415160309845248,-0.8748493643178797,0.8748493643178676,0.7653614102473771,1127,
drop_pace,2025-04-02,2024_25,0022401105,WAS,SAC,227,231.5,-1.9949773927768815,229.5050226072231,-1.9949773927768888,-2.5050226072231183,2.505022607223111,6.275138262698873,1127,
drop_pace,2025-04-02,2024_25,0022401103,CLE,NYK,229,230.0,3.666074466918975,233.66607446691899,3.6660744669189853,-4.666074466918975,4.666074466918985,21.772250930833295,1127,
drop_pace,2025-04-02,2024_25,0022401107,HOU,UTA,248,225.66666666666666,-1.059142272174038,224.60752439449263,-1.0591422721740287,23.392475605507382,23.39247560550737,547.2079149542575,1127,
drop_pace,2025-04-02,2024_25,0022401111,LAC,NOP,212,216.5,1.2430662231773177,217.74306622317732,1.2430662231773226,-5.743066223177317,5.743066223177323,32.98280964380024,1127,
drop_pace,2025-04-02,2024_25,0022401109,DAL,ATL,238,237.83333333333334,1.5137048946225165,239.34703822795586,1.5137048946225207,-1.3470382279558593,1.3470382279558635,1.8145119875744729,1127,
drop_pace,2025-04-02,2024_25,0022401108,OKC,DET,222,231.33333333333334,2.6376211642441465,233.97095449757748,2.6376211642441376,-11.97095449757749,11.97095449757748,143.3037515830705,1127,
drop_pace,2025-04-03,2024_25,0022401113,BKN,MIN,195,215.66666666666666,6.244911168930593,221.91157783559726,6.244911168930599,-26.91157783559725,26.911577835597257,724.2330216014095,1136,
drop_pace,2025-04-03,2024_25,0022401114,MIA,MEM,218,227.83333333333334,0.8003967982576188,228.63373013159097,0.8003967982576228,-10.633730131590962,10.633730131590966,113.07621651150562,1136,
drop_pace,2025-04-03,2024_25,0022401115,PHI,MIL,239,224.66666666666666,-1.4402144806197639,223.22645218604688,-1.4402144806197725,15.773547813953106,15.773547813953115,248.8048106390651,1136,
drop_pace,2025-04-03,2024_25,0022401116,TOR,POR,215,224.66666666666666,1.2211405982144359,225.8878072648811,1.221140598214447,-10.887807264881094,10.887807264881104,118.54434703719775,1136,
drop_pace,2025-04-03,2024_25,0022401117,LAL,GSW,239,228.16666666666666,1.6282435749086321,229.79491024157528,1.6282435749086233,9.20508975842471,9.20508975842472,84.73367746065566,1136,
drop_pace,2025-04-03,2024_25,0022401112,WAS,ORL,206,214.83333333333334,-0.0908887696015794,214.74244456373177,-0.09088876960157677,-8.742444563731764,8.742444563731766,76.4303369499231,1136,
drop_pace,2025-04-04,2024_25,0022401118,CHA,SAC,227,219.33333333333334,0.2530133894024194,219.58634672273575,0.2530133894024118,7.413653277264237,7.413653277264245,54.96225491549089,1142,
drop_pace,2025-04-04,2024_25,0022401123,HOU,OKC,236,229.33333333333334,2.6537115827957636,231.9870449161291,2.6537115827957507,4.012955083870894,4.0129550838709065,16.103808505165354,1142,
drop_pace,2025-04-04,2024_25,0022401119,IND,UTA,252,235.16666666666666,-1.867672843371163,233.2989938232955,-1.8676728433711673,18.701006176704507,18.70100617670451,349.72763202114027,1142,
drop_pace,2025-04-04,2024_25,0022401121,TOR,DET,222,227.33333333333334,-1.890778719966856,225.4425546133665,-1.8907787199668462,-3.442554613366487,3.4425546133664966,11.851182266010948,1142,
drop_pace,2025-04-04,2024_25,0022401122,CHI,POR,231,237.66666666666666,2.934703750337667,240.60137041700432,2.934703750337661,-9.601370417004324,9.601370417004318,92.18631388452567,1142,
drop_pace,2025-04-04,2024_25,0022401124,SAS,CLE,227,241.16666666666666,-0.35924305459609446,240.80742361207055,-0.3592430545961065,-13.807423612070563,13.80742361207055,190.64494680316338,1142,
drop_pace,2025-04-04,2024_25,0022401126,LAL,NOP,232,219.66666666666666,-1.9432937878515115,217.72337287881516,-1.943293787851502,14.276627121184854,14.276627121184845,203.82208195735066,1142,
drop_pace,2025-04-04,2024_25,0022401127,LAC,DAL,205,225.0,-0.140883192613236,224.85911680738675,-0.140883192613245,-19.859116807386766,19.859116807386755,394.3845203694311,1142,
drop_pace,2025-04-04,2024_25,0022401120,BOS,PHX,226,228.0,-0.9606653694150851,227.0393346305849,-0.9606653694150964,-1.039334630584915,1.0393346305849036,1.080216474333058,1142,
drop_pace,2025-04-04,2024_25,0022401125,GSW,DEN,222,233.5,0.9480132415941283,234.44801324159414,0.9480132415941398,-12.44801324159413,12.44801324159414,154.95303366290304,1142,
drop_pace,2025-04-05,2024_25,0022401131,MIA,MIL,236,215.33333333333334,0.8518696507827752,216.18520298411613,0.8518696507827883,19.814797015883883,19.81479701588387,392.6261807806803,1152,
drop_pace,2025-04-05,2024_25,0022401130,PHI,MIN,223,225.16666666666666,2.5240359101684904,227.69070257683515,2.524035910168493,-4.690702576835148,4.69070257683515,22.00269066432792,1152,
drop_pace,2025-04-05,2024_25,0022401132,LAC,DAL,239,221.5,-4.126083904963921,217.37391609503607,-4.126083904963934,21.62608390496392,21.626083904963934,467.6875050645401,1152,
drop_pace,2025-04-05,2024_25,0022401128,ATL,NYK,226,236.83333333333334,4.217612170179697,241.05094550351305,4.217612170179706,-15.05094550351304,15.050945503513049,226.53096054971965,1152,
drop_pace,2025-04-05,2024_25,0022401129,DET,MEM,212,239.66666666666666,2.461171463210987,242.12783812987763,2.461171463210974,-30.127838129877645,30.12783812987763,907.6866303801085,1152,
drop_pace,2025-04-06,2024_25,0022401134,BKN,TOR,229,214.83333333333334,0.678019634286534,215.51135296761987,0.6780196342865281,13.488647032380124,13.488647032380129,181.94359876413725,1157,
drop_pace,2025-04-06,2024_25,0022401135,OKC,LAL,225,232.0,0.9391770805369554,232.93917708053695,0.9391770805369504,-7.939177080536956,7.93917708053695,63.03053271612321,1157,
drop_pace,2025-04-06,2024_25,0022401136,ATL,UTA,281,244.16666666666666,-1.8848574245389493,242.2818092421277,-1.88485742453895,38.71819075787229,38.71819075787229,1499.0982955629875,1157,
drop_pace,2025-04-06,2024_25,0022401133,CHA,CHI,248,227.66666666666666,3.4570659689508068,231.12373263561747,3.4570659689508147,16.876267364382535,16.876267364382528,284.8084001541228,1157,
drop_pace,2025-04-06,2024_25,0022401140,NYK,PHX,210,228.66666666666666,1.3741928761525883,230.04085954281925,1.3741928761525912,-20.040859542819245,20.04085954281925,401.63605121500933,1157,
drop_pace,2025-04-06,2024_25,0022401142,DEN,IND,245,239.5,2.2311337909015116,241.7311337909015,2.2311337909015094,3.2688662090984884,3.2688662090984906,10.685486292985937,1157,
drop_pace,2025-04-06,2024_25,0022401143,GSW,HOU,202,224.5,3.786775009545545,228.28677500954555,3.7867750095455506,-26.286775009545543,26.28677500954555,690.9945404024685,1157,
drop_pace,2025-04-06,2024_25,0022401139,POR,SAS,229,228.5,-0.2483859986181408,228.25161400138185,-0.24838599861814714,0.7483859986181408,0.7483859986181471,0.5600816029276814,1157,
drop_pace,2025-04-06,2024_25,0022401137,BOS,WAS,214,226.0,-0.5272252825222572,225.47277471747773,-0.5272252825222665,-11.472774717477742,11.472774717477733,131.62455971799628,1157,
drop_pace,2025-04-06,2024_25,0022401138,CLE,SAC,233,236.5,0.626583847034126,237.1265838470341,0.6265838470341123,-4.126583847034126,4.126583847034112,17.028694246602853,1157,
drop_pace,2025-04-06,2024_25,0022400617,NOP,MIL,218,220.5,1.4787718927510713,221.97877189275107,1.4787718927510696,-3.9787718927510713,3.9787718927510696,15.83062577454593,1157,
drop_pace,2025-04-07,2024_25,0022401145,MIA,PHI,222,213.5,1.476436309463293,214.97643630946328,1.4764363094632813,7.023563690536707,7.023563690536719,49.330446915025775,1168,
drop_pace,2025-04-07,2024_25,0022401144,DET,SAC,244,230.5,1.359671959584402,231.8596719595844,1.3596719595844036,12.140328040415598,12.140328040415596,147.38756492890118,1168,
drop_pace,2025-04-08,2024_25,0022401150,BKN,NOP,233,213.83333333333334,0.08943086629952153,213.92276419963287,0.0894308662995229,19.077235800367134,19.077235800367134,363.9409257828095,1170,
drop_pace,2025-04-08,2024_25,0022401155,LAC,SAS,239,227.5,2.1516650870969602,229.65166508709697,2.1516650870969727,9.34833491290304,9.348334912903027,87.39136564380165,1170,
drop_pace,2025-04-08,2024_25,0022401154,PHX,GSW,228,226.83333333333334,2.2122492333256627,229.045582566659,2.2122492333256503,-1.0455825666590055,1.045582566658993,1.0932429037012077,1170,
drop_pace,2025-04-08,2024_25,0022401153,OKC,LAL,256,226.33333333333334,-0.6888077164026841,225.64452561693065,-0.6888077164026924,30.355474383069343,30.35547438306935,921.4548250211795,1170,
drop_pace,2025-04-08,2024_25,0022401152,MIL,MIN,213,222.5,3.9019633885482503,226.40196338854824,3.901963388548239,-13.40196338854825,13.40196338854824,179.6126226679874,1170,
drop_pace,2025-04-08,2024_25,0022401151,NYK,BOS,236,221.5,2.532893780365509,224.0328937803655,2.532893780365498,11.967106219634491,11.967106219634502,143.21163127201478,1170,
drop_pace,2025-04-08,2024_25,0022401149,ORL,ATL,231,225.33333333333334,-2.1433817620024853,223.18995157133085,-2.143381762002491,7.810048428669143,7.810048428669148,60.99685645815743,1170,
drop_pace,2025-04-08,2024_25,0022401148,IND,WAS,202,238.66666666666666,0.4324311818284765,239.09909784849512,0.43243118182846274,-37.099097848495134,37.09909784849512,1376.3430611722151,1170,
drop_pace,2025-04-08,2024_25,0022401147,CLE,CHI,248,240.5,0.13979598428900022,240.639795984289,0.13979598428900886,7.360204015711,7.360204015710991,54.1726031528882,1170,
drop_pace,2025-04-08,2024_25,0022401146,CHA,MEM,224,230.5,2.074981600130961,232.57498160013097,2.074981600130968,-8.574981600130961,8.574981600130968,73.53030944258467,1170,
drop_pace,2025-04-09,2024_25,0022401157,WAS,PHI,225,227.5,-1.7459603598506646,225.75403964014933,-1.7459603598506703,-0.7540396401493354,0.7540396401493297,0.5685757789165305,1180,
drop_pace,2025-04-09,2024_25,0022401158,TOR,CHA,222,217.16666666666666,0.1266974564499172,217.29336412311656,0.1266974564499037,4.706635876883426,4.706635876883439,22.15242127756634,1180,
drop_pace,2025-04-09,2024_25,0022401159,DAL,LAL,209,227.16666666666666,0.05050852474177322,227.21717519140844,0.05050852474178669,-18.21717519140843,18.217175191408444,331.8654719544673,1180,
drop_pace,2025-04-09,2024_25,0022401166,LAC,HOU,251,219.16666666666666,-0.14740493378255437,219.0192617328841,-0.14740493378255337,31.980738267115896,31.980738267115896,1022.7676201097711,1180,
drop_pace,2025-04-09,2024_25,0022401163,GSW,SAS,225,231.5,0.8743158553645031,232.3743158553645,0.8743158553645003,-7.374315855364503,7.3743158553645,54.38053433468026,1180,
drop_pace,2025-04-09,2024_25,0022401164,PHX,OKC,237,229.16666666666666,-4.382470326768177,224.78419633989847,-4.3824703267681855,12.21580366010152,12.215803660101528,149.2258590621499,1180,
drop_pace,2025-04-09,2024_25,0022401165,SAC,DEN,240,234.5,1.9822174502155752,236.4822174502156,1.982217450215586,3.5177825497844246,3.517782549784414,12.374794067567732,1180,
drop_pace,2025-04-09,2024_25,0022401156,ORL,BOS,172,209.16666666666666,1.0812055831348388,210.2478722498015,1.081205583134846,-38.247872249801496,38.2478722498015,1462.8997316371358,1180,
drop_pace,2025-04-09,2024_25,0022401162,UTA,POR,259,229.5,0.2566602009738106,229.7566602009738,0.2566602009738119,29.243339799026188,29.243339799026188,855.172922601309,1180,
drop_pace,2025-04-09,2024_25,0022401160,CHI,MIA,230,226.66666666666666,1.9091410690423811,228.57580773570905,1.9091410690423913,1.4241922642909617,1.4241922642909515,2.0283236056661873,1180,
drop_pace,2025-04-10,2024_25,0022401167,DET,NYK,221,227.5,2.1789974884329726,229.67899748843297,2.1789974884329695,-8.678997488432973,8.67899748843297,75.3249974042258,1190,
drop_pace,2025-04-10,2024_25,0022401161,MIL,NOP,247,222.33333333333334,0.5190035297217526,222.8523368630551,0.5190035297217435,24.147663136944903,24.147663136944914,583.1096349753683,1190,
drop_pace,2025-04-10,2024_25,0022401170,MEM,MIN,266,232.5,2.7939412367231977,235.29394123672319,2.7939412367231853,30.7060587632768,30.706058763276815,942.8620447738089,1190,
drop_pace,2025-04-10,2024_25,0022401168,IND,CLE,226,232.5,3.723091348362819,236.22309134836283,3.7230913483628285,-10.22309134836282,10.223091348362829,104.51159671697091,1190,
drop_pace,2025-04-10,2024_25,0022401169,BKN,ATL,242,230.5,0.026923049156913792,230.52692304915692,0.026923049156920342,11.473076950843087,11.47307695084308,131.63149471996672,1190,
drop_pace,2025-04-11,2024_25,0022401178,DAL,TOR,226,225.16666666666666,2.464622136549884,227.63128880321653,2.4646221365498775,-1.6312888032165413,1.6312888032165347,2.661103159499634,1195,
drop_pace,2025-04-11,2024_25,0022401171,DET,MIL,244,228.66666666666666,-0.9103835337014977,227.75628313296517,-0.9103835337014914,16.24371686703484,16.243716867034834,263.858337656392,1195,
drop_pace,2025-04-11,2024_25,0022401172,IND,ORL,244,217.33333333333334,4.292299765267824,221.62563309860116,4.292299765267813,22.374366901398833,22.374366901398844,500.6122942384121,1195,
drop_pace,2025-04-11,2024_25,0022401173,PHI,ATL,234,240.16666666666666,-7.355800099800804,232.81086656686585,-7.355800099800803,1.1891334331341472,1.1891334331341454,1.414038321797399,1195,
drop_pace,2025-04-11,2024_25,0022401174,BOS,CHA,224,214.0,-2.8050941932100697,211.19490580678993,-2.805094193210067,12.80509419321007,12.805094193210067,163.97043729698217,1195,
drop_pace,2025-04-11,2024_25,0022401177,NOP,MIA,257,215.16666666666666,0.17328838145774744,215.3399550481244,0.17328838145775194,41.6600449518756,41.66004495187559,1735.559345392295,1195,
drop_pace,2025-04-11,2024_25,0022401176,CHI,WAS,208,235.83333333333334,-2.5748734197515986,233.25845991358173,-2.5748734197516114,-25.258459913581746,25.25845991358173,637.9897972060153,1195,
drop_pace,2025-04-11,2024_25,0022401175,NYK,CLE,210,226.5,0.6583768839956475,227.15837688399566,0.6583768839956576,-17.158376883995647,17.158376883995658,294.40989729323655,1195,
drop_pace,2025-04-11,2024_25,0022401180,DEN,MEM,226,241.5,-0.8908086259433028,240.6091913740567,-0.8908086259432935,-14.609191374056698,14.609191374056707,213.42847260381288,1195,
drop_pace,2025-04-11,2024_25,0022401181,UTA,OKC,256,233.66666666666666,-1.1466743540223117,232.51999231264435,-1.1466743540223092,23.480007687355656,23.480007687355652,551.3107609982806,1195,
drop_pace,2025-04-11,2024_25,0022401182,PHX,SAS,215,232.5,-0.02893294244124181,232.47106705755877,-0.028932942441230125,-17.47106705755876,17.47106705755877,305.23818412971525,1195,
drop_pace,2025-04-11,2024_25,0022401183,POR,GSW,189,226.83333333333334,4.305965439690554,231.1392987730239,4.305965439690567,-42.139298773023896,42.13929877302391,1775.7205010821745,1195,
drop_pace,2025-04-11,2024_25,0022401184,SAC,LAC,201,226.16666666666666,2.079655178160217,228.24632184482687,2.079655178160209,-27.246321844826873,27.246321844826866,742.3620540718897,1195,
drop_pace,2025-04-11,2024_25,0022401185,LAL,HOU,249,226.0,1.939486583713218,227.9394865837132,1.9394865837132045,21.06051341628678,21.060513416286796,443.5452253575961,1195,
drop_pace,2025-04-11,2024_25,0022401179,MIN,BKN,208,216.5,-1.4374244401101641,215.06257555988984,-1.4374244401101635,-7.062575559889836,7.0625755598898365,49.87997353915324,1195,
drop_pace,2025-04-13,2024_25,0022401186,ATL,ORL,222,220.5,2.408010196669979,222.90801019666998,2.408010196669977,-0.908010196669979,0.9080101966699772,0.8244825172566507,1210,
drop_pace,2025-04-13,2024_25,0022401189,CLE,IND,244,226.83333333333334,0.08601041182109276,226.91934374515444,0.0860104118210927,17.080656254845564,17.080656254845564,291.7488180961949,1210,
drop_pace,2025-04-13,2024_25,0022401191,PHI,CHI,224,233.5,3.36557386003786,236.86557386003787,3.3655738600378697,-12.865573860037859,12.86557386003787,165.52299074808974,1210,
drop_pace,2025-04-13,2024_25,0022401190,MIA,WAS,237,215.33333333333334,0.6988106224364358,216.03214395576978,0.6988106224364401,20.96785604423022,20.967856044230217,439.65098709156166,1210,
drop_pace,2025-04-13,2024_25,0022401193,HOU,DEN,237,233.66666666666666,0.7292422389979473,234.3959089056646,0.7292422389979549,2.6040910943353954,2.604091094335388,6.781290427596878,1210,
drop_pace,2025-04-13,2024_25,0022401187,BOS,CHA,179,211.5,0.720627520841582,212.2206275208416,0.7206275208415889,-33.22062752084158,33.22062752084159,1103.6100928784977,1210,
drop_pace,2025-04-13,2024_25,0022401192,MIL,DET,273,224.0,2.7877062227952245,226.78770622279524,2.7877062227952365,46.21229377720478,46.21229377720476,2135.576096150678,1210,
drop_pace,2025-04-13,2024_25,0022401198,GSW,LAC,243,218.33333333333334,-0.3093016227006573,218.0240317106327,-0.30930162270064443,24.975968289367316,24.9759682893673,623.798991991481,1210,
drop_pace,2025-04-13,2024_25,0022401194,MEM,DAL,229,228.33333333333334,0.042170828965981955,228.37550416229934,0.04217082896599322,0.6244958377006753,0.624495837700664,0.38999505130545403,1210,
drop_pace,2025-04-13,2024_25,0022401196,NOP,OKC,215,235.66666666666666,-1.6514825057973035,234.01518416086935,-1.6514825057973042,-19.015184160869353,19.015184160869353,361.5772286717767,1210,
drop_pace,2025-04-13,2024_25,0022401197,SAS,TOR,243,228.66666666666666,2.9497841983078175,231.61645086497447,2.9497841983078104,11.383549135025525,11.383549135025532,129.58519090954056,1210,
drop_pace,2025-04-13,2024_25,0022401200,SAC,PHX,207,224.16666666666666,-1.7773905289611258,222.38927613770554,-1.7773905289611207,-15.389276137705531,15.389276137705536,236.82982004255302,1210,
drop_pace,2025-04-13,2024_25,0022401199,POR,LAL,190,220.16666666666666,3.844603362580337,224.011270029247,3.8446033625803295,-34.011270029246994,34.01127002924699,1156.7664890023543,1210,
drop_pace,2025-04-13,2024_25,0022401195,MIN,UTA,221,232.33333333333334,2.83779312829875,235.1711264616321,2.837793128298756,-14.171126461632092,14.171126461632099,200.8208251915695,1210,
drop_pace,2025-04-13,2024_25,0022401188,BKN,NYK,218,214.0,4.018511721519033,218.01851172151902,4.018511721519019,-0.01851172151903313,0.01851172151901892,0.00034268383359770815,1210,
drop_pace,2025-10-21,2025_26,0022500001,OKC,HOU,249,227.5,3.9404503885267976,231.44045038852678,3.9404503885267843,17.5595496114732,17.559549611473216,308.3377825577892,1225,
drop_pace,2025-10-21,2025_26,0022500002,LAL,GSW,228,225.83333333333334,0.6425668609924466,226.4759001943258,0.6425668609924458,1.5240998056742106,1.5240998056742114,2.322880217656169,1225,
drop_pace,2025-10-22,2025_26,0022500080,CHA,BKN,253,227.16666666666666,0.9244027962246387,228.09106946289128,0.9244027962246264,24.908930537108706,24.908930537108716,620.4548205025071,1227,
drop_pace,2025-10-22,2025_26,0022500083,BOS,PHI,233,228.0,1.8728364385221283,229.87283643852214,1.8728364385221425,3.1271635614778717,3.1271635614778575,9.779151940234877,1227,
drop_pace,2025-10-22,2025_26,0022500004,DAL,SAS,217,224.5,-2.320827300459659,222.17917269954035,-2.320827300459655,-5.1791726995403415,5.179172699540345,26.823829851664026,1227,
drop_pace,2025-10-22,2025_26,0022500089,POR,MIN,232,219.83333333333334,-0.369705563793767,219.46362776953958,-0.3697055637937581,12.536372230460424,12.536372230460415,157.16062870065906,1227,
drop_pace,2025-10-22,2025_26,0022500082,ATL,TOR,256,235.83333333333334,1.8125916151396309,237.64592494847298,1.8125916151396382,18.354075051527026,18.35407505152702,336.87207099708655,1227,
drop_pace,2025-10-22,2025_26,0022500003,NYK,CLE,230,228.5,-0.5688860995421708,227.93111390045783,-0.5688860995421692,2.068886099542171,2.068886099542169,4.28028969287881,1227,
drop_pace,2025-10-22,2025_26,0022500084,CHI,DET,226,233.5,-0.4359970482716837,233.06400295172833,-0.4359970482716733,-7.064002951728316,7.064002951728327,49.90013770202651,1227,
drop_pace,2025-10-22,2025_26,0022500085,MEM,NOP,250,238.5,-0.8654722515142492,237.63452774848574,-0.8654722515142623,12.36547225151425,12.365472251514262,152.9049040029692,1227,
drop_pace,2025-10-22,2025_26,0022500086,MIL,WAS,253,227.83333333333334,0.2756992405930945,228.10903257392644,0.2756992405930987,24.890967426073562,24.89096742607356,619.5602594058549,1227,
drop_pace,2025-10-22,2025_26,0022500087,UTA,LAC,237,226.16666666666666,1.1643396069256087,227.33100627359227,1.1643396069256085,9.668993726407734,9.668993726407734,93.48943968131212,1227,
drop_pace,2025-10-22,2025_26,0022500088,PHX,SAC,236,228.83333333333334,-1.7616525087873098,227.07168082454604,-1.7616525087873072,8.928319175453968,8.928319175453964,79.71488329877896,1227,
drop_pace,2025-10-22,2025_26,0022500081,ORL,MIA,246,216.33333333333334,0.4778848841210229,216.81121821745435,0.4778848841210106,29.188781782545636,29.188781782545647,851.9849819490686,1227,
drop_pace,2025-10-23,2025_26,0022500006,GSW,DEN,268,234.16666666666666,0.03356159533231047,234.20022826199897,0.03356159533231562,33.799771738001034,33.79977173800103,1142.424569540973,1239,
drop_pace,2025-10-23,2025_26,0022500005,IND,OKC,276,232.16666666666666,0.43730151947419726,232.60396818614086,0.4373015194742038,43.396031813859146,43.39603181385914,1883.2155771894745,1239,
drop_pace,2025-10-24,2025_26,0022500093,HOU,DET,226,225.16666666666666,2.6121661379684054,227.77883280463507,2.6121661379684156,-1.7788328046350625,1.7788328046350728,3.164246146845879,1241,
drop_pace,2025-10-24,2025_26,0022500019,LAL,MIN,238,225.5,1.95682110822595,227.45682110822594,1.9568211082259381,10.54317889177405,10.543178891774062,111.15862114395013,1241,
drop_pace,2025-10-24,2025_26,0022500090,ORL,ATL,218,234.5,-0.08393008414884458,234.41606991585115,-0.08393008414884662,-16.416069915851157,16.416069915851153,269.4873514821133,1241,
drop_pace,2025-10-24,2025_26,0022500091,BKN,CLE,255,228.5,1.7785361336221726,230.27853613362217,1.7785361336221683,24.721463866377828,24.72146386637783,611.1507756966248,1241,
drop_pace,2025-10-24,2025_26,0022500092,TOR,MIL,238,234.16666666666666,1.3111771814823465,235.477843848149,1.3111771814823499,2.5221561518509965,2.522156151850993,6.361271654319809,1241,
drop_pace,2025-10-24,2025_26,0022500098,SAC,UTA,209,231.83333333333334,1.3406966214826248,233.17402995481598,1.3406966214826355,-24.174029954815968,24.17402995481598,584.3837242563402,1241,
drop_pace,2025-10-24,2025_26,0022500097,POR,GSW,258,226.5,-2.314597663312364,224.18540233668764,-2.3145976633123553,33.81459766331236,33.814597663312355,1143.4270151316894,1241,
drop_pace,2025-10-24,2025_26,0022500095,NOP,SAS,236,232.16666666666666,-0.16283650286263812,232.00383016380403,-0.16283650286263196,3.996169836195981,3.9961698361959748,15.969373359722564,1241,
drop_pace,2025-10-24,2025_26,0022500096,DAL,WAS,224,227.83333333333334,1.417442911858896,229.25077624519224,1.417442911858899,-5.250776245192239,5.250776245192242,27.57065117707514,1241,
drop_pace,2025-10-24,2025_26,0022500099,LAC,PHX,231,222.5,1.9317384872719308,224.43173848727193,1.9317384872719288,6.5682615127280695,6.568261512728071,43.14205929958485,1241,
drop_pace,2025-10-24,2025_26,0022500018,NYK,BOS,200,229.83333333333334,0.7600482842960726,230.5933816176294,0.7600482842960616,-30.593381617629415,30.593381617629404,935.9549988019047,1241,
drop_pace,2025-10-24,2025_26,0022500094,MEM,MIA,260,233.5,0.5272387427834683,234.02723874278348,0.5272387427834815,25.972761257216533,25.97276125721652,674.5843273243673,1241,
drop_pace,2025-10-25,2025_26,0022500104,DEN,PHX,244,232.5,0.6243564553971932,233.1243564553972,0.6243564553971908,10.875643544602807,10.87564354460281,118.27962250926076,1253,
drop_pace,2025-10-25,2025_26,0022500102,PHI,CHA,246,234.83333333333334,-2.170178015885603,232.66315531744775,-2.170178015885597,13.336844682552261,13.336844682552254,177.87142608652232,1253,
drop_pace,2025-10-25,2025_26,0022500103,MEM,IND,231,238.16666666666666,1.646494421655137,239.8131610883218,1.6464944216551487,-8.813161088321793,8.813161088321806,77.67180836870959,1253,
drop_pace,2025-10-25,2025_26,0022500100,ORL,CHI,208,233.16666666666666,0.8021386026201752,233.96880526928683,0.8021386026201753,-25.968805269286833,25.968805269286833,674.3788471141396,1253,
drop_pace,2025-10-25,2025_26,0022500101,ATL,OKC,217,235.83333333333334,3.0006187796595967,238.83395211299293,3.0006187796595896,-21.83395211299294,21.833952112992932,476.7214648724685,1253,
drop_pace,2025-10-26,2025_26,0022500110,MIN,IND,224,228.16666666666666,0.9247161899298413,229.0913828565965,0.9247161899298533,-5.091382856596498,5.0913828565965105,25.922179392444843,1258,
drop_pace,2025-10-26,2025_26,0022500112,LAC,POR,221,226.5,1.6823073885129776,228.18230738851298,1.6823073885129816,-7.182307388512978,7.182307388512982,51.585539423088164,1258,
drop_pace,2025-10-26,2025_26,0022500113,SAC,LAL,247,230.16666666666666,0.5185795204969328,230.68524618716359,0.5185795204969281,16.31475381283641,16.314753812836415,266.17119197346034,1258,
drop_pace,2025-10-26,2025_26,0022500109,WAS,CHA,252,236.83333333333334,1.0685411758071293,237.90187450914047,1.0685411758071268,14.098125490859529,14.09812549085953,198.75714235602328,1258,
drop_pace,2025-10-26,2025_26,0022500111,DAL,TOR,268,231.5,1.2010832773272355,232.70108327732723,1.2010832773272284,35.298916722672764,35.29891672267277,1246.0135217941875,1258,
drop_pace,2025-10-26,2025_26,0022500107,CLE,MIL,231,236.16666666666666,1.0452784771144252,237.2119451437811,1.0452784771144366,-6.211945143781082,6.211945143781094,38.588262469345516,1258,
drop_pace,2025-10-26,2025_26,0022500105,SAS,BKN,225,228.16666666666666,0.2796135123202523,228.4462801789869,0.2796135123202532,-3.4462801789869095,3.4462801789869104,11.876847072078052,1258,
drop_pace,2025-10-26,2025_26,0022500108,MIA,NYK,222,228.83333333333334,1.6410550425628503,230.47438837589618,1.64105504256284,-8.474388375896194,8.474388375896183,71.81525834552434,1258,
drop_pace,2025-10-26,2025_26,0022500106,DET,BOS,232,227.5,3.947489621296464,231.44748962129646,3.947489621296455,0.5525103787035359,0.5525103787035448,0.3052677185751345,1258,
drop_pace,2025-10-27,2025_26,0022500116,HOU,BKN,246,226.16666666666666,-1.7242898994466822,224.44237676721997,-1.7242898994466884,21.557623232780024,21.55762323278003,464.73111944649736,1267,
drop_pace,2025-10-27,2025_26,0022500007,DET,CLE,211,231.16666666666666,-1.1921838242364544,229.9744828424302,-1.1921838242364515,-18.974482842430202,18.974482842430206,360.03099913767824,1267,
drop_pace,2025-10-27,2025_26,0022500008,MIN,DEN,241,228.5,2.1067183303634676,230.60671833036346,2.1067183303634636,10.393281669636533,10.393281669636536,108.02030386440283,1267,
drop_pace,2025-10-27,2025_26,0022500114,PHI,ORL,260,226.5,-0.19077438064972665,226.3092256193503,-0.19077438064971375,33.69077438064973,33.690774380649714,1135.068278367843,1267,
drop_pace,2025-10-27,2025_26,0022500115,CHI,ATL,251,241.5,0.5334362846986853,242.0334362846987,0.5334362846986949,8.966563715301314,8.966563715301305,80.39926486055795,1267,
drop_pace,2025-10-27,2025_26,0022500121,GSW,MEM,249,238.83333333333334,1.6407885551695143,240.47412188850285,1.6407885551695074,8.525878111497143,8.52587811149715,72.6905975721062,1267,
drop_pace,2025-10-27,2025_26,0022500117,NOP,BOS,212,232.5,0.6112311891083961,233.1112311891084,0.6112311891083948,-21.111231189108395,21.111231189108395,445.6840823199831,1267,
drop_pace,2025-10-27,2025_26,0022500118,SAS,TOR,224,233.16666666666666,0.18984480021352684,233.3565114668802,0.18984480021353534,-9.356511466880184,9.356511466880193,87.54430682986053,1267,
drop_pace,2025-10-27,2025_26,0022500120,UTA,PHX,272,233.5,-0.06178217017460758,233.4382178298254,-0.06178217017460952,38.56178217017461,38.56178217017461,1487.0110441399963,1267,
drop_pace,2025-10-27,2025_26,0022500122,LAL,POR,230,225.83333333333334,-0.3451374515729513,225.4881958817604,-0.3451374515729526,4.511804118239608,4.51180411823961,20.356376401363903,1267,
drop_pace,2025-10-27,2025_26,0022500119,DAL,OKC,195,226.5,-2.639640746695662,223.86035925330432,-2.639640746695676,-28.86035925330434,28.860359253304324,832.9203362297885,1267,
drop_pace,2025-10-28,2025_26,0022500126,OKC,SAC,208,227.16666666666666,4.858722589299688,232.02538925596633,4.858722589299674,-24.025389255966346,24.02538925596633,577.2193289007024,1278,
drop_pace,2025-10-28,2025_26,0022500124,MIA,CHA,261,240.5,1.4696711546348256,241.96967115463482,1.469671154634824,19.030328845365176,19.030328845365176,362.1534159627379,1278,
drop_pace,2025-10-28,2025_26,0022500125,MIL,NYK,232,228.5,2.957651871382243,231.45765187138224,2.9576518713822395,0.5423481286177569,0.5423481286177605,0.2941414926151869,1278,
drop_pace,2025-10-28,2025_26,0022500127,GSW,LAC,177,223.83333333333334,0.1943555250804912,224.02768885841382,0.19435552508048204,-47.02768885841383,47.027688858413825,2211.60351936378,1278,
drop_pace,2025-10-28,2025_26,0022500123,WAS,PHI,273,237.83333333333334,0.8998631313460641,238.7331964646794,0.8998631313460521,34.26680353532059,34.266803535320605,1174.2138245282608,1278,
drop_pace,2025-10-29,2025_26,0022500128,BOS,CLE,230,233.5,0.5581146004492377,234.05811460044924,0.5581146004492439,-4.058114600449238,4.058114600449244,16.468294110379325,1283,
drop_pace,2025-10-29,2025_26,0022500129,DET,ORL,251,226.16666666666666,0.4891603064191853,226.65582697308585,0.48916030641919406,24.344173026914156,24.34417302691415,592.6387603643344,1283,
drop_pace,2025-10-29,2025_26,0022500131,TOR,HOU,260,232.5,-2.9766069626094995,229.5233930373905,-2.976606962609509,30.476606962609498,30.47660696260951,928.8235719533784,1283,
drop_pace,2025-10-29,2025_26,0022500132,CHI,SAC,239,237.5,1.9142661613676102,239.4142661613676,1.9142661613676069,-0.4142661613676102,0.41426616136760686,0.17161645245425208,1283,
drop_pace,2025-10-29,2025_26,0022500130,BKN,ATL,229,237.5,-0.37280546366443207,237.12719453633557,-0.37280546366443446,-8.127194536335567,8.127194536335566,66.05129103144267,1283,
drop_pace,2025-10-29,2025_26,0022500136,MIN,LAL,231,223.5,0.4049093606804359,223.90490936068045,0.404909360680449,7.095090639319564,7.095090639319551,50.340311180159915,1283,
drop_pace,2025-10-29,2025_26,0022500137,PHX,MEM,227,241.5,2.559606876336873,244.0596068763369,2.559606876336886,-17.059606876336872,17.059606876336886,291.03018677516076,1283,
drop_pace,2025-10-29,2025_26,0022500134,DEN,NOP,210,235.5,-3.622640174920372,231.87735982507962,-3.6226401749203774,-21.87735982507963,21.877359825079623,478.6188729160079,1283,
drop_pace,2025-10-29,2025_26,0022500135,UTA,POR,270,234.16666666666666,2.0724038038435544,236.2390704705102,2.0724038038435424,33.760929529489786,33.7609295294898,1139.8003626951763,1283,
drop_pace,2025-10-29,2025_26,0022500133,DAL,IND,212,228.16666666666666,0.07354573264342111,228.24021239931008,0.07354573264342434,-16.240212399310078,16.24021239931008,263.74449877470494,1283,
drop_pace,2025-10-30,2025_26,0022500138,CHA,ORL,230,241.5,4.365349715878283,245.8653497158783,4.3653497158782955,-15.865349715878283,15.865349715878295,251.7093216071195,1293,
drop_pace,2025-10-30,2025_26,0022500139,MIL,GSW,230,231.83333333333334,7.7220411816930925,239.55537451502644,7.7220411816931005,-9.555374515026436,9.555374515026443,91.30518212241684,1293,
drop_pace,2025-10-30,2025_26,0022500140,OKC,WAS,235,231.16666666666666,-0.11852264578035587,231.0481440208863,-0.11852264578035943,3.9518559791136987,3.9518559791137022,15.617165679656718,1293,
drop_pace,2025-10-30,2025_26,0022500141,SAS,MIA,208,231.16666666666666,0.9484685299697391,232.1151351966364,0.9484685299697446,-24.115135196636395,24.115135196636402,581.5397455520518,1293,
drop_pace,2025-10-31,2025_26,0022500021,PHI,BOS,217,234.5,-1.1523355087872351,233.34766449121275,-1.152335508787246,-16.347664491212765,16.347664491212754,267.24613431725834,1297,
drop_pace,2025-10-31,2025_26,0022500020,IND,ATL,236,232.5,-0.6954651749498157,231.80453482505018,-0.6954651749498169,4.195465174949816,4.195465174949817,17.601928034216698,1297,
drop_pace,2025-10-31,2025_26,0022500022,CLE,TOR,213,239.16666666666666,0.677112230579823,239.84377889724647,0.6771122305798087,-26.84377889724648,26.843778897246466,720.5884654842547,1297,
drop_pace,2025-10-31,2025_26,0022500023,CHI,NYK,260,234.16666666666666,1.017546530616022,235.18421319728267,1.0175465306160163,24.81578680271732,24.815786802717327,615.8232746379194,1297,
drop_pace,2025-10-31,2025_26,0022500025,PHX,UTA,214,237.5,3.1790803584404044,240.67908035844042,3.179080358440416,-26.679080358440405,26.679080358440416,711.7733287721212,1297,
drop_pace,2025-10-31,2025_26,0022500026,POR,DEN,216,240.16666666666666,-1.283641932747176,238.88302473391948,-1.283641932747173,-22.88302473391948,22.883024733919484,523.6328209731709,1297,
drop_pace,2025-10-31,2025_26,0022500027,LAC,NOP,250,224.16666666666666,-0.7549316232765418,223.4117350433901,-0.7549316232765477,26.588264956609883,26.58826495660989,706.9358334028896,1297,
drop_pace,2025-10-31,2025_26,0022500024,MEM,LAL,229,237.5,0.8701944219015523,238.37019442190154,0.8701944219015445,-9.370194421901552,9.370194421901545,87.80054350423482,1297,
drop_pace,2025-11-01,2025_26,0022500146,BOS,HOU,229,224.83333333333334,3.211937315850877,228.04527064918423,3.2119373158508893,0.9547293508157804,0.9547293508157679,0.9115081333090976,1305,
drop_pace,2025-11-01,2025_26,0022500142,MIL,SAC,268,232.16666666666666,0.9178016422036657,233.08446830887033,0.9178016422036706,34.91553169112968,34.91553169112967,1219.0943532742804,1305,
drop_pace,2025-11-01,2025_26,0022500143,CHA,MIN,227,230.16666666666666,0.36671982653989804,230.53338649320656,0.36671982653990653,-3.5333864932065553,3.5333864932065637,12.484820110374578,1305,
drop_pace,2025-11-01,2025_26,0022500144,IND,GSW,223,230.83333333333334,5.383728157078382,236.21706149041174,5.383728157078394,-13.217061490411725,13.217061490411737,174.69071444132493,1305,
drop_pace,2025-11-01,2025_26,0022500145,WAS,ORL,219,235.5,5.318286062260941,240.81828606226094,5.318286062260938,-21.818286062260942,21.81828606226094,476.0376066946499,1305,
drop_pace,2025-11-02,2025_26,0022500148,OKC,NOP,243,229.5,1.531527736215297,231.0315277362153,1.5315277362153097,11.968472263784703,11.96847226378469,143.24432832898344,1310,
drop_pace,2025-11-02,2025_26,0022500149,BKN,PHI,234,234.5,4.87964794660299,239.379647946603,4.879647946603001,-5.37964794660299,5.379647946603001,28.940612029389882,1310,
drop_pace,2025-11-02,2025_26,0022500150,CHA,UTA,229,236.83333333333334,4.29738823574447,241.13072156907782,4.297388235744478,-12.130721569077814,12.13072156907782,147.15440578648986,1310,
drop_pace,2025-11-02,2025_26,0022500153,NYK,CHI,244,234.83333333333334,1.6241821340122828,236.45751546734562,1.6241821340122726,7.542484532654374,7.542484532654385,56.88907292533063,1310,
drop_pace,2025-11-02,2025_26,0022500155,LAL,MIA,250,234.5,-3.2976127226138456,231.20238727738615,-3.2976127226138487,18.797612722613845,18.79761272261385,353.350244069374,1310,
drop_pace,2025-11-02,2025_26,0022500154,PHX,SAS,248,227.5,-0.023951764430347265,227.47604823556966,-0.023951764430336198,20.523951764430347,20.523951764430336,421.2325960286631,1310,
drop_pace,2025-11-02,2025_26,0022500151,CLE,ATL,226,229.83333333333334,-0.2540626556306357,229.5792706777027,-0.25406265563063357,-3.579270677702707,3.5792706777027092,12.81117858426241,1310,
drop_pace,2025-11-02,2025_26,0022500152,TOR,MEM,221,238.5,1.5812263178408394,240.08122631784084,1.5812263178408443,-19.08122631784084,19.081226317840844,364.09319779266207,1310,
drop_pace,2025-11-03,2025_26,0022500156,BKN,MIN,234,228.5,-1.993549028196482,226.50645097180353,-1.993549028196469,7.493549028196482,7.493549028196469,56.153277037984246,1318,
drop_pace,2025-11-03,2025_26,0022500157,IND,MIL,232,235.5,-2.1728255778883634,233.32717442211163,-2.172825577888375,-1.3271744221116366,1.327174422111625,1.761391946707326,1318,
drop_pace,2025-11-03,2025_26,0022500159,NYK,WAS,221,233.83333333333334,-1.076970500345494,232.75636283298786,-1.0769705003454817,-11.756362832987849,11.756362832987861,138.21206706085837,1318,
drop_pace,2025-11-03,2025_26,0022500163,POR,LAL,238,235.0,-1.2343803870475807,233.7656196129524,-1.2343803870475938,4.2343803870475805,4.234380387047594,17.92997726221333,1318,
drop_pace,2025-11-03,2025_26,0022500158,BOS,UTA,208,232.5,0.5343813787300117,233.03438137873002,0.5343813787300178,-25.03438137873001,25.034381378730018,626.7202510157043,1318,
drop_pace,2025-11-03,2025_26,0022500160,HOU,DAL,212,225.5,1.0197468220469506,226.51974682204695,1.0197468220469545,-14.519746822046951,14.519746822046955,210.82304777634263,1318,
drop_pace,2025-11-03,2025_26,0022500161,MEM,DET,220,236.5,5.021100232218298,241.5211002322183,5.021100232218288,-21.5211002322183,21.521100232218288,463.15775520518605,1318,
drop_pace,2025-11-03,2025_26,0022500162,DEN,SAC,254,236.5,-0.047491421002387464,236.45250857899762,-0.04749142100237691,17.547491421002388,17.547491421002377,307.914455170152,1318,
drop_pace,2025-11-03,2025_26,0022500164,LAC,MIA,239,228.5,3.699060872827272,232.19906087282726,3.6990608728272605,6.800939127172728,6.8009391271727395,46.252773011509106,1318,
drop_pace,2025-11-04,2025_26,0022500165,TOR,MIL,228,237.5,-2.9991964200900787,234.50080357990993,-2.9991964200900725,-6.500803579909921,6.5008035799099275,42.26044718456973,1327,
drop_pace,2025-11-04,2025_26,0022500166,ATL,ORL,239,228.5,2.474763125306689,230.97476312530668,2.47476312530668,8.025236874693311,8.02523687469332,64.4044268949374,1327,
drop_pace,2025-11-04,2025_26,0022500167,CHI,PHI,224,239.5,2.1382901478474605,241.63829014784747,2.1382901478474707,-17.63829014784746,17.63829014784747,311.10927933965314,1327,
drop_pace,2025-11-04,2025_26,0022500168,NOP,CHA,228,236.83333333333334,-4.338857346033407,232.49447598729995,-4.338857346033393,-4.494475987299936,4.49447598729995,20.20031440041586,1327,
drop_pace,2025-11-04,2025_26,0022500169,GSW,PHX,225,232.5,0.47562061489209806,232.9756206148921,0.47562061489210805,-7.975620614892098,7.975620614892108,63.61052419269197,1327,
drop_pace,2025-11-04,2025_26,0022500170,LAC,OKC,233,223.16666666666666,1.3041664757866425,224.4708331424533,1.3041664757866442,8.5291668575467,8.529166857546699,72.74668728387303,1327,
drop_pace,2025-11-05,2025_26,0022500172,DET,UTA,217,230.5,-3.1580515292690974,227.3419484707309,-3.158051529269102,-10.341948470730902,10.341948470730898,106.95589817125317,1333,
drop_pace,2025-11-05,2025_26,0022500173,IND,BKN,215,233.16666666666666,-6.531787861506234,226.6348788051604,-6.5317878615062455,-11.634878805160422,11.634878805160412,135.37040481077096,1333,
drop_pace,2025-11-05,2025_26,0022500174,BOS,WAS,243,232.16666666666666,0.06714035551171887,232.23380702217838,0.06714035551172515,10.766192977821625,10.766192977821618,115.91091123569551,1333,
drop_pace,2025-11-05,2025_26,0022500178,DEN,MIA,234,242.5,1.7190283246607516,244.21902832466074,1.7190283246607407,-10.219028324660751,10.21902832466074,104.42853990021851,1333,
drop_pace,2025-11-05,2025_26,0022500175,NYK,MIN,251,229.16666666666666,1.3537589527195615,230.52042561938623,1.3537589527195735,20.47957438061378,20.47957438061377,419.41296681109185,1333,
drop_pace,2025-11-05,2025_26,0022500181,SAC,GSW,237,226.83333333333334,1.2280337076699552,228.0613670410033,1.2280337076699652,8.938632958996703,8.938632958996692,79.89915917566196,1333,
drop_pace,2025-11-05,2025_26,0022500179,LAL,SAS,234,228.5,0.4514026854642185,228.95140268546422,0.4514026854642168,5.048597314535781,5.048597314535783,25.48833484433792,1333,
drop_pace,2025-11-05,2025_26,0022500180,POR,OKC,240,229.16666666666666,-0.6729659487329112,228.49370071793373,-0.6729659487329229,11.506299282066253,11.506299282066266,132.39492316847867,1333,
drop_pace,2025-11-05,2025_26,0022500171,CLE,PHI,253,234.16666666666666,1.8905021521535355,236.0571688188202,1.8905021521535446,16.94283118117981,16.9428311811798,287.05952843395846,1333,
drop_pace,2025-11-05,2025_26,0022500176,MEM,HOU,233,232.5,4.078336518420883,236.57833651842088,4.078336518420883,-3.5783365184208833,3.5783365184208833,12.804492239064489,1333,
drop_pace,2025-11-05,2025_26,0022500177,DAL,NOP,200,226.83333333333334,-0.677088005671969,226.15624532766137,-0.6770880056719761,-26.156245327661374,26.156245327661367,684.149169640807,1333,
drop_pace,2025-11-06,2025_26,0022500182,PHX,LAC,217,224.83333333333334,1.9142235586414083,226.74755689197474,1.914223558641396,-9.747556891974751,9.747556891974739,95.01486536228423,1344,
drop_pace,2025-11-07,2025_26,0022500038,SAC,OKC,233,232.83333333333334,-0.5960461707808133,232.23728716255252,-0.5960461707808236,0.7627128374474705,0.7627128374474808,0.5817308724071872,1345,
drop_pace,2025-11-07,2025_26,0022500032,SAS,HOU,231,224.16666666666666,-4.07869133722334,220.0879753294433,-4.078691337223347,10.912024670556683,10.91202467055669,119.07228241083784,1345,
drop_pace,2025-11-07,2025_26,0022500029,WAS,CLE,263,241.83333333333334,0.8996553817183985,242.73298871505173,0.8996553817183894,20.267011284948257,20.267011284948268,410.7517464242204,1345,
drop_pace,2025-11-07,2025_26,0022500030,ATL,TOR,206,235.5,-0.6067047547628668,234.89329524523714,-0.606704754762859,-28.893295245237134,28.89329524523714,834.8225101284431,1345,
drop_pace,2025-11-07,2025_26,0022500031,BKN,DET,232,226.5,-1.0931557141330057,225.40684428586698,-1.0931557141330188,6.5931557141330055,6.593155714133019,43.46970227080488,1345,
drop_pace,2025-11-07,2025_26,0022500028,ORL,BOS,233,227.83333333333334,-1.544615645968916,226.28871768736443,-1.5446156459689178,6.711282312635573,6.711282312635575,45.041310279895114,1345,
drop_pace,2025-11-07,2025_26,0022500033,MIA,CHA,234,243.16666666666666,1.966715733270737,245.1333823999374,1.9667157332707461,-11.133382399937394,11.133382399937403,123.95220366323593,1345,
drop_pace,2025-11-07,2025_26,0022500034,MEM,DAL,222,231.16666666666666,1.3112343842251404,232.4779010508918,1.3112343842251448,-10.477901050891798,10.477901050891802,109.78641043227952,1345,
drop_pace,2025-11-07,2025_26,0022500036,MIN,UTA,234,231.5,-0.6971157314171336,230.80288426858286,-0.6971157314171421,3.1971157314171337,3.197115731417142,10.221549000074967,1345,
drop_pace,2025-11-07,2025_26,0022500037,DEN,GSW,233,228.5,0.2950275506826515,228.79502755068265,0.2950275506826472,4.204972449317348,4.204972449317353,17.681793299517977,1345,
drop_pace,2025-11-07,2025_26,0022500035,MIL,CHI,236,239.83333333333334,3.058438633517977,242.8917719668513,3.058438633517966,-6.891771966851319,6.891771966851309,47.496520843077555,1345,
drop_pace,2025-11-08,2025_26,0022500189,DEN,IND,217,233.5,0.08544515668451419,233.5854451566845,0.08544515668450003,-16.585445156684514,16.5854451566845,275.0769910453893,1356,
drop_pace,2025-11-08,2025_26,0022500183,WAS,DAL,216,229.83333333333334,2.7658366444248705,232.5991699777582,2.7658366444248657,-16.599169977758212,16.59916997775821,275.53244395050945,1356,
drop_pace,2025-11-08,2025_26,0022500184,PHI,TOR,250,237.16666666666666,0.8821836957017307,238.0488503623684,0.882183695701741,11.951149637631612,11.951149637631602,142.82997766106197,1356,
drop_pace,2025-11-08,2025_26,0022500185,ATL,LAL,224,230.16666666666666,-0.0663589277653524,230.1003077389013,-0.06635892776535002,-6.1003077389013045,6.100307738901307,37.21375450929918,1356,
drop_pace,2025-11-08,2025_26,0022500186,CLE,CHI,250,240.16666666666666,-2.2583303393320153,237.90833632733464,-2.2583303393320193,12.091663672665359,12.091663672665362,146.2083303728552,1356,
drop_pace,2025-11-08,2025_26,0022500187,MIA,POR,267,240.83333333333334,-0.2823391077605596,240.5509942255728,-0.28233910776054927,26.449005774427217,26.449005774427206,699.5499064556838,1356,
drop_pace,2025-11-08,2025_26,0022500188,SAS,NOP,245,225.5,-2.201123457938304,223.2988765420617,-2.2011234579383085,21.701123457938305,21.70112345793831,470.93875933668033,1356,
drop_pace,2025-11-08,2025_26,0022500190,LAC,PHX,217,227.16666666666666,0.3818100861961611,227.54847675286283,0.3818100861961682,-10.548476752862818,10.548476752862825,111.27036180568746,1356,
drop_pace,2025-11-09,2025_26,0022500192,NYK,BKN,232,228.83333333333334,-2.5910113141006237,226.24232201923272,-2.5910113141006264,5.757677980767281,5.7576779807672835,33.15085573021242,1364,
drop_pace,2025-11-09,2025_26,0022500193,ORL,BOS,218,226.5,-2.658269184097147,223.84173081590285,-2.6582691840971506,-5.841730815902853,5.841730815902849,34.12581892546897,1364,
drop_pace,2025-11-09,2025_26,0022500195,PHI,DET,219,232.5,-0.26333565567465783,232.23666434432533,-0.2633356556746662,-13.236664344325343,13.236664344325334,175.20928296433362,1364,
drop_pace,2025-11-09,2025_26,0022500191,MIL,HOU,237,231.83333333333334,2.5966503519800206,234.42998368531337,2.5966503519800312,2.5700163146866366,2.570016314686626,6.6049838577554265,1364,
drop_pace,2025-11-09,2025_26,0022500196,GSW,IND,197,227.16666666666666,1.4452221049080152,228.61188877157468,1.4452221049080265,-31.611888771574673,31.611888771574684,999.3115117064095,1364,
drop_pace,2025-11-09,2025_26,0022500197,SAC,MIN,261,235.5,2.6182967999407736,238.11829679994077,2.618296799940765,22.881703200059228,22.881703200059235,523.572341335601,1364,
drop_pace,2025-11-09,2025_26,0022500194,MEM,OKC,214,233.83333333333334,0.8804309215698861,234.71376425490323,0.8804309215698822,-20.71376425490323,20.713764254903225,429.06002960770655,1364,
drop_pace,2025-11-10,2025_26,0022500204,PHX,NOP,219,228.16666666666666,0.8195602591372324,228.9862269258039,0.8195602591372335,-9.986226925803889,9.98622692580389,99.72472821365062,1371,
drop_pace,2025-11-10,2025_26,0022500203,DAL,MIL,230,230.83333333333334,-4.633949830473132,226.1993835028602,-4.633949830473142,3.8006164971397896,3.8006164971397993,14.444685758331198,1371,
drop_pace,2025-11-10,2025_26,0022500202,CHI,SAS,238,234.5,1.3137047120467182,235.81370471204673,1.3137047120467287,2.186295287953282,2.1862952879532713,4.779887086126678,1371,
drop_pace,2025-11-10,2025_26,0022500201,MIA,CLE,278,247.5,2.3787749422740956,249.8787749422741,2.378774942274106,28.121225057725905,28.121225057725894,790.8032987472707,1371,
drop_pace,2025-11-10,2025_26,0022500205,UTA,MIN,233,233.83333333333334,-1.8635741823655017,231.96975915096783,-1.863574182365511,1.0302408490321588,1.0302408490321682,1.0613962070145226,1371,
drop_pace,2025-11-10,2025_26,0022500199,DET,WAS,272,235.5,-2.8120773632593496,232.68792263674064,-2.8120773632593625,39.31207736325935,39.31207736325936,1545.4394266148893,1371,
drop_pace,2025-11-10,2025_26,0022500198,CHA,LAL,232,229.5,2.4856529401817546,231.98565294018175,2.485652940181751,0.014347059818245356,0.014347059818248908,0.0002058381254284124,1371,
drop_pace,2025-11-10,2025_26,0022500206,LAC,ATL,207,222.16666666666666,-0.6912147402477632,221.47545192641888,-0.6912147402477729,-14.475451926418893,14.475451926418884,209.53870847406418,1371,
drop_pace,2025-11-10,2025_26,0022500200,ORL,POR,227,235.5,-1.0977635315755163,234.4022364684245,-1.0977635315755094,-7.4022364684244835,7.402236468424491,54.793104734473474,1371,
drop_pace,2025-11-11,2025_26,0022500212,SAC,DEN,230,242.83333333333334,2.024121712488824,244.85745504582218,2.024121712488835,-14.857455045822167,14.857455045822178,220.7439704386269,1380,
drop_pace,2025-11-11,2025_26,0022500211,UTA,IND,280,231.5,-1.5549627947883389,229.94503720521166,-1.554962794788338,50.05496279478834,50.05496279478834,2505.499300387645,1380,
drop_pace,2025-11-11,2025_26,0022500210,OKC,GSW,228,228.5,2.256254413744955,230.75625441374495,2.256254413744955,-2.756254413744955,2.756254413744955,7.5969383932885455,1380,
drop_pace,2025-11-11,2025_26,0022500207,BKN,TOR,228,233.83333333333334,-0.242961898698333,233.59037143463502,-0.24296189869832574,-5.59037143463501,5.590371434635017,31.25225277718318,1380,
drop_pace,2025-11-11,2025_26,0022500208,NYK,MEM,253,233.5,2.15535137002712,235.65535137002712,2.1553513700271196,17.34464862997288,17.34464862997288,300.8368360972201,1380,
drop_pace,2025-11-11,2025_26,0022500209,PHI,BOS,202,231.83333333333334,-0.22257172731038713,231.61076160602295,-0.22257172731039532,-29.610761606022955,29.610761606022947,876.7972028887227,1380,
drop_pace,2025-11-12,2025_26,0022500216,BOS,MEM,226,229.5,1.9835549940462234,231.48355499404622,1.9835549940462158,-5.483554994046223,5.483554994046216,30.069375372729194,1386,
drop_pace,2025-11-12,2025_26,0022500218,HOU,WAS,247,234.16666666666666,-1.3242211523482252,232.84244551431843,-1.3242211523482297,14.157554485681569,14.157554485681572,200.43634901504242,1386,
drop_pace,2025-11-12,2025_26,0022500213,CHA,MIL,211,232.5,0.40910061825423505,232.90910061825423,0.4091006182542287,-21.909100618254236,21.90910061825423,480.00868990078783,1386,
drop_pace,2025-11-12,2025_26,0022500214,DET,CHI,237,234.5,-1.6706272832743168,232.8293727167257,-1.6706272832743139,4.1706272832743165,4.170627283274314,17.394131935992085,1386,
drop_pace,2025-11-12,2025_26,0022500215,NYK,ORL,231,228.16666666666666,3.0209614060956147,231.18762807276227,3.0209614060956085,-0.1876280727622719,0.18762807276226567,0.03520429368848206,1386,
drop_pace,2025-11-12,2025_26,0022500217,MIA,CLE,246,238.5,3.23593869191392,241.73593869191393,3.2359386919139297,4.26406130808608,4.26406130808607,18.18221883911669,1386,
drop_pace,2025-11-12,2025_26,0022500221,DAL,PHX,237,227.5,-0.7513450575075153,226.7486549424925,-0.7513450575075069,10.251345057507516,10.251345057507507,105.09007548808358,1386,
drop_pace,2025-11-12,2025_26,0022500224,LAC,DEN,246,225.83333333333334,-2.4911721845973522,223.34216114873598,-2.4911721845973602,22.65783885126401,22.657838851264017,513.3776614098491,1386,
drop_pace,2025-11-12,2025_26,0022500222,OKC,LAL,213,229.5,2.0105533054667197,231.51055330546671,2.010553305466715,-18.51055330546672,18.510553305466715,342.64058367452475,1386,
drop_pace,2025-11-12,2025_26,0022500223,SAC,ATL,233,233.83333333333334,-0.6895500093655849,233.14378332396777,-0.6895500093655755,-0.14378332396775795,0.14378332396776727,0.020673644251219918,1386,
drop_pace,2025-11-12,2025_26,0022500220,SAS,GSW,245,229.5,1.398299636525748,230.89829963652573,1.398299636525735,14.101700363474253,14.101700363474265,198.85795314121023,1386,
drop_pace,2025-11-12,2025_26,0022500219,NOP,POR,242,231.5,0.9752158138128958,232.4752158138129,0.9752158138128948,9.524784186187103,9.524784186187105,90.72151379343995,1386,
drop_pace,2025-11-13,2025_26,0022500225,CLE,TOR,239,240.5,1.523482123453274,242.02348212345328,1.5234821234532774,-3.023482123453274,3.0234821234532774,9.14144415084154,1398,
drop_pace,2025-11-13,2025_26,0022500226,PHX,IND,231,233.83333333333334,0.40418007838633074,234.23751341171968,0.4041800783863323,-3.2375134117196733,3.237513411719675,10.48149309106477,1398,
drop_pace,2025-11-13,2025_26,0022500227,UTA,ATL,254,232.83333333333334,-1.131466592253216,231.70186674108012,-1.1314665922532186,22.298133258919872,22.298133258919876,497.20674683254873,1398,
drop_pace,2025-11-14,2025_26,0022500043,MIL,CHA,281,239.16666666666666,4.430906480231411,243.59757314689807,4.430906480231414,37.40242685310193,37.40242685310193,1398.9415345016403,1401,
drop_pace,2025-11-14,2025_26,0022500039,NYK,MIA,272,238.16666666666666,2.0570480130458817,240.22371467971254,2.057048013045886,31.77628532028746,31.776285320287457,1009.7323087563161,1401,
drop_pace,2025-11-14,2025_26,0022500040,ORL,BKN,203,224.5,-3.1379239455056487,221.36207605449434,-3.137923945505662,-18.362076054494352,18.362076054494338,337.16583703103436,1401,
drop_pace,2025-11-14,2025_26,0022500041,DET,PHI,219,232.5,2.1708915753471274,234.67089157534713,2.1708915753471274,-15.670891575347127,15.670891575347127,245.57684276628558,1401,
drop_pace,2025-11-14,2025_26,0022500046,DAL,LAC,260,219.5,-2.611507827886108,216.8884921721139,-2.6115078278861006,43.11150782788611,43.1115078278861,1858.6021071938844,1401,
drop_pace,2025-11-14,2025_26,0022500044,MIN,SAC,234,240.5,-0.37843463180178477,240.12156536819822,-0.37843463180178105,-6.121565368198215,6.121565368198219,37.4735625571238,1401,
drop_pace,2025-11-14,2025_26,0022500045,NOP,LAL,222,228.5,0.8494696915980549,229.34946969159805,0.8494696915980455,-7.349469691598054,7.3494696915980455,54.01470474771827,1401,
drop_pace,2025-11-14,2025_26,0022500047,SAS,GSW,217,234.83333333333334,0.24111539545436678,235.0744487287877,0.2411153954543579,-18.074448728787708,18.0744487287877,326.6856968495753,1401,
drop_pace,2025-11-14,2025_26,0022500042,HOU,POR,256,235.83333333333334,2.779365725764445,238.6126990590978,2.7793657257644497,17.38730094090221,17.387300940902207,302.3182340094988,1401,
drop_pace,2025-11-15,2025_26,0022500231,MIL,LAL,214,230.83333333333334,6.724302621366565,237.55763595469992,6.724302621366576,-23.557635954699908,23.55763595469992,554.9622117741703,1410,
drop_pace,2025-11-15,2025_26,0022500230,IND,TOR,240,233.5,-2.348915214120782,231.15108478587922,-2.3489152141207796,8.848915214120781,8.84891521412078,78.3033004666982,1410,
drop_pace,2025-11-15,2025_26,0022500232,MIN,DEN,235,234.5,-0.339118628155046,234.16088137184497,-0.3391186281550347,0.839118628155046,0.8391186281550347,0.7041200721167874,1410,
drop_pace,2025-11-15,2025_26,0022500228,CLE,MEM,208,238.5,1.2231704985678027,239.7231704985678,1.2231704985678107,-31.723170498567804,31.72317049856781,1006.3595464812031,1410,
drop_pace,2025-11-15,2025_26,0022500229,CHA,OKC,205,227.83333333333334,-3.4831520946967625,224.3501812386366,-3.4831520946967487,-19.35018123863658,19.350181238636594,374.42951396808365,1410,
drop_pace,2025-11-16,2025_26,0022500233,BOS,LAC,239,220.66666666666666,1.7538429270183096,222.42050959368495,1.7538429270182974,16.579490406315035,16.579490406315045,274.8795021330926,1415,
drop_pace,2025-11-16,2025_26,0022500234,SAS,SAC,233,238.16666666666666,1.1317786735273507,239.298445340194,1.13177867352735,-6.298445340194008,6.298445340194007,39.670413703411604,1415,
drop_pace,2025-11-16,2025_26,0022500235,WAS,BKN,235,234.5,1.657319620662007,236.157319620662,1.6573196206620082,-1.157319620662007,1.1573196206620082,1.3393887043692545,1415,
drop_pace,2025-11-16,2025_26,0022500236,HOU,ORL,230,227.83333333333334,1.4716580735011524,229.3049914068345,1.4716580735011462,0.6950085931655048,0.695008593165511,0.4830369445739028,1415,
drop_pace,2025-11-16,2025_26,0022500237,NOP,GSW,230,228.16666666666666,-0.46714087807336746,227.6995257885933,-0.4671408780733657,2.3004742114067103,2.3004742114067085,5.292181597347318,1415,
drop_pace,2025-11-16,2025_26,0022500239,PHX,ATL,246,231.83333333333334,2.2718230649983604,234.1051563983317,2.271823064998358,11.894843601668297,11.894843601668299,141.48730430814928,1415,
drop_pace,2025-11-16,2025_26,0022500240,UTA,CHI,297,243.83333333333334,-0.5837027491198005,243.24963058421355,-0.5837027491197944,53.75036941578646,53.75036941578645,2889.1022123335115,1415,
drop_pace,2025-11-16,2025_26,0022500238,DAL,POR,271,234.16666666666666,-1.4745064601627864,232.69216020650387,-1.474506460162786,38.30783979349613,38.30783979349613,1467.4905896441655,1415,
drop_pace,2025-11-17,2025_26,0022500241,CLE,MIL,224,236.16666666666666,-0.8420355820711795,235.32463108459547,-0.8420355820711904,-11.324631084595477,11.324631084595467,128.2472692021859,1423,
drop_pace,2025-11-17,2025_26,0022500242,DET,IND,239,230.16666666666666,1.2646311865456945,231.43129785321236,1.2646311865456994,7.568702146787649,7.568702146787643,57.28525218678788,1423,
drop_pace,2025-11-17,2025_26,0022500243,PHI,LAC,218,220.5,-1.236475679765013,219.26352432023498,-1.2364756797650216,-1.263524320234987,1.2635243202349784,1.5964937078252643,1423,
drop_pace,2025-11-17,2025_26,0022500244,MIA,NYK,228,241.5,2.4720084069130377,243.97200840691303,2.4720084069130337,-15.972008406913037,15.972008406913034,255.10505255050063,1423,
drop_pace,2025-11-17,2025_26,0022500245,TOR,CHA,218,238.5,3.4040954459660466,241.90409544596605,3.4040954459660497,-23.904095445966046,23.90409544596605,571.4057790898548,1423,
drop_pace,2025-11-17,2025_26,0022500246,MIN,DAL,216,229.16666666666666,-1.3227001451000593,227.84396652156659,-1.3227001451000717,-11.843966521566598,11.843966521566585,140.27954296399008,1423,
drop_pace,2025-11-17,2025_26,0022500247,NOP,OKC,235,226.5,-1.6377254930353387,224.86227450696467,-1.637725493035333,10.137725493035338,10.137725493035333,102.77347817213848,1423,
drop_pace,2025-11-17,2025_26,0022500248,DEN,CHI,257,240.5,-1.2577790234988073,239.2422209765012,-1.2577790234988129,17.757779023498806,17.757779023498813,315.33871584741445,1423,
drop_pace,2025-11-18,2025_26,0022500249,ORL,GSW,234,222.83333333333334,-0.20234222315054418,222.6309911101828,-0.20234222315053785,11.369008889817202,11.369008889817195,129.2543631367424,1431,
drop_pace,2025-11-18,2025_26,0022500251,ATL,DET,232,228.5,2.451159570990185,230.95115957099017,2.4511595709901712,1.048840429009815,1.0488404290098288,1.1000662455255217,1431,
drop_pace,2025-11-18,2025_26,0022500250,BKN,BOS,212,223.16666666666666,3.577484087000055,226.7441507536667,3.5774840870000446,-14.744150753666712,14.744150753666702,217.38998144685038,1431,
drop_pace,2025-11-18,2025_26,0022500253,LAL,UTA,266,237.83333333333334,2.8614380571663496,240.69477139049968,2.861438057166339,25.305228609500308,25.30522860950032,640.3545949790735,1431,
drop_pace,2025-11-18,2025_26,0022500254,POR,PHX,237,237.16666666666666,0.48373081806869545,237.65039748473535,0.4837308180686932,-0.6503974847353526,0.6503974847353504,0.4230168881500704,1431,
drop_pace,2025-11-18,2025_26,0022500252,SAS,MEM,212,232.83333333333334,0.8347836081673471,233.6681169415007,0.8347836081673563,-21.66811694150069,21.6681169415007,469.50729179054963,1431,
drop_pace,2025-11-19,2025_26,0022500255,CLE,HOU,218,233.83333333333334,2.1704384992704373,236.00377183260377,2.170438499270432,-18.003771832603782,18.003771832603775,324.1358002004571,1437,
drop_pace,2025-11-19,2025_26,0022500256,IND,CHA,245,236.16666666666666,-2.2887113695734893,233.87795529709317,-2.288711369573491,11.122044702906832,11.122044702906834,123.69987837345796,1437,
drop_pace,2025-11-19,2025_26,0022500257,MIA,GSW,206,231.83333333333334,0.6781844602342588,232.5115177935676,0.678184460234263,-26.511517793567602,26.511517793567606,702.8605757186518,1437,
drop_pace,2025-11-19,2025_26,0022500258,PHI,TOR,233,234.5,1.4821431190653578,235.98214311906537,1.4821431190653698,-2.982143119065358,2.9821431190653698,8.893177582588931,1437,
drop_pace,2025-11-19,2025_26,0022500259,MIN,WAS,229,237.5,-1.1723963630010052,236.327603636999,-1.1723963630010132,-7.327603636998995,7.327603636998987,53.69377506096078,1437,
drop_pace,2025-11-19,2025_26,0022500260,NOP,DEN,243,233.16666666666666,0.3948343492174619,233.56150101588412,0.3948343492174615,9.438498984115881,9.438498984115881,89.08526307315653,1437,
drop_pace,2025-11-19,2025_26,0022500261,OKC,SAC,212,233.5,0.918812239565362,234.41881223956537,0.9188122395653693,-22.418812239565362,22.41881223956537,502.603142232886,1437,
drop_pace,2025-11-19,2025_26,0022500262,DAL,NYK,224,228.5,1.664175577201571,230.16417557720158,1.6641755772015756,-6.164175577201571,6.164175577201576,37.99706054656838,1437,
drop_pace,2025-11-19,2025_26,0022500263,POR,CHI,243,243.83333333333334,-1.9740195036814856,241.85931382965185,-1.9740195036814896,1.1406861703481428,1.1406861703481468,1.3011649392235214,1437,
drop_pace,2025-11-20,2025_26,0022500265,MEM,SAC,233,233.5,-2.948654321057427,230.55134567894257,-2.9486543210574325,2.448654321057427,2.4486543210574325,5.995907984033236,1446,
drop_pace,2025-11-20,2025_26,0022500264,ORL,LAC,230,218.5,0.7690470960390157,219.269047096039,0.769047096039003,10.730952903960985,10.730952903960997,115.15335022702895,1446,
drop_pace,2025-11-20,2025_26,0022500266,MIL,PHI,237,225.83333333333334,4.472936325401702,230.30626965873503,4.47293632540169,6.693730341264955,6.693730341264967,44.80602588157121,1446,
drop_pace,2025-11-20,2025_26,0022500267,SAS,ATL,261,231.16666666666666,0.4142084362317429,231.5808751028984,0.4142084362317462,29.4191248971016,29.419124897101597,865.4849097112631,1446,
drop_pace,2025-11-21,2025_26,0022500056,GSW,POR,250,237.5,0.8398506645400335,238.33985066454002,0.8398506645400232,11.660149335459966,11.660149335459977,135.95908252522773,1450,
drop_pace,2025-11-21,2025_26,0022500048,CLE,IND,229,238.16666666666666,0.9999244232342561,239.16659108990092,0.9999244232342619,-10.166591089900914,10.166591089900919,103.35957438925276,1450,
drop_pace,2025-11-21,2025_26,0022500049,BOS,BKN,218,222.5,-0.6525527163649134,221.8474472836351,-0.6525527163649087,-3.847447283635087,3.8474472836350913,14.802850600351043,1450,
drop_pace,2025-11-21,2025_26,0022500050,TOR,WAS,250,240.5,0.04116746879010812,240.54116746879012,0.04116746879012112,9.458832531209891,9.458832531209879,89.46951285347428,1450,
drop_pace,2025-11-21,2025_26,0022500051,CHI,MIA,250,249.5,-0.9425170904542233,248.55748290954577,-0.9425170904542313,1.4425170904542233,1.4425170904542313,2.080855556252541,1450,
drop_pace,2025-11-21,2025_26,0022500052,DAL,NOP,233,232.5,-1.2207438164811546,231.27925618351884,-1.2207438164811606,1.7207438164811546,1.7207438164811606,2.96095928195815,1450,
drop_pace,2025-11-21,2025_26,0022500053,PHX,MIN,227,234.16666666666666,2.566490228151116,236.73315689481777,2.5664902281511104,-9.733156894817773,9.733156894817768,94.73434313913864,1450,
drop_pace,2025-11-21,2025_26,0022500054,HOU,DEN,221,234.5,1.2909541666213626,235.79095416662136,1.2909541666213613,-14.790954166621363,14.790954166621361,218.7723251590938,1450,
drop_pace,2025-11-21,2025_26,0022500055,UTA,OKC,256,235.5,-2.363867590630215,233.1361324093698,-2.363867590630207,22.863867590630214,22.863867590630207,522.7564412018703,1450,
drop_pace,2025-11-22,2025_26,0022500269,ORL,NYK,254,229.5,0.559972810638484,230.05997281063847,0.5599728106384703,23.940027189361516,23.94002718936153,573.1249018273693,1459,
drop_pace,2025-11-22,2025_26,0022500270,NOP,ATL,213,230.83333333333334,2.280436723067878,233.11377005640122,2.2804367230678793,-20.113770056401222,20.113770056401222,404.56374588178244,1459,
drop_pace,2025-11-22,2025_26,0022500268,CHA,LAC,247,228.5,0.5473420826522051,229.0473420826522,0.5473420826521931,17.952657917347796,17.952657917347807,322.2979262973109,1459,
drop_pace,2025-11-22,2025_26,0022500273,DAL,MEM,198,227.16666666666666,1.5163405027756134,228.68300716944228,1.5163405027756198,-30.68300716944227,30.683007169442277,941.4469289600462,1459,
drop_pace,2025-11-22,2025_26,0022500274,DEN,SAC,251,236.16666666666666,1.1363448210179574,237.3030114876846,1.136344821017957,13.696988512315386,13.696988512315386,187.60749430649966,1459,
drop_pace,2025-11-22,2025_26,0022500272,MIL,DET,245,223.5,2.0732706406337202,225.57327064063372,2.073270640633723,19.42672935936628,19.426729359366277,377.3978136020637,1459,
drop_pace,2025-11-22,2025_26,0022500271,CHI,WAS,241,243.83333333333334,-2.0442177246577797,241.78911560867556,-2.044217724657784,-0.7891156086755631,0.7891156086755586,0.6227034438553974,1459,
