experiment,date,season,game_id,home_team,away_team,actual_total,market_total_line,pred_residual,pred_total,edge,residual_error,abs_error,squared_error,train_games,skip_reason
drop_rest_schedule,2024-10-22,2024_25,0022400061,BOS,NYK,241,222.5,,,,,,,0,insufficient_training_data
drop_rest_schedule,2024-10-22,2024_25,0022400062,LAL,MIN,213,220.0,,,,,,,0,insufficient_training_data
drop_rest_schedule,2024-10-23,2024_25,0022400067,TOR,CLE,242,224.33333333333334,,,,,,,2,insufficient_training_data
drop_rest_schedule,2024-10-23,2024_25,0022400064,ATL,BKN,236,222.33333333333334,,,,,,,2,insufficient_training_data
drop_rest_schedule,2024-10-23,2024_25,0022400066,PHI,MIL,233,223.5,,,,,,,2,insufficient_training_data
drop_rest_schedule,2024-10-23,2024_25,0022400063,DET,IND,224,234.66666666666666,,,,,,,2,insufficient_training_data
drop_rest_schedule,2024-10-23,2024_25,0022400065,MIA,ORL,213,208.0,,,,,,,2,insufficient_training_data
drop_rest_schedule,2024-10-23,2024_25,0022400069,NOP,CHI,234,227.16666666666666,,,,,,,2,insufficient_training_data
drop_rest_schedule,2024-10-23,2024_25,0022400070,UTA,MEM,250,228.66666666666666,,,,,,,2,insufficient_training_data
drop_rest_schedule,2024-10-23,2024_25,0022400071,LAC,PHX,229,224.66666666666666,,,,,,,2,insufficient_training_data
drop_rest_schedule,2024-10-23,2024_25,0022400072,POR,GSW,244,222.16666666666666,,,,,,,2,insufficient_training_data
drop_rest_schedule,2024-10-23,2024_25,0022400068,HOU,CHA,215,229.5,,,,,,,2,insufficient_training_data
drop_rest_schedule,2024-10-24,2024_25,0022400073,WAS,BOS,224,233.33333333333334,,,,,,,12,insufficient_training_data
drop_rest_schedule,2024-10-24,2024_25,0022400074,DAL,SAS,229,229.5,,,,,,,12,insufficient_training_data
drop_rest_schedule,2024-10-24,2024_25,0022400075,DEN,OKC,189,226.0,,,,,,,12,insufficient_training_data
drop_rest_schedule,2024-10-24,2024_25,0022400076,SAC,MIN,232,220.5,,,,,,,12,insufficient_training_data
drop_rest_schedule,2024-10-25,2024_25,0022400077,ORL,BKN,217,215.5,,,,,,,16,insufficient_training_data
drop_rest_schedule,2024-10-25,2024_25,0022400081,NYK,IND,221,226.5,,,,,,,16,insufficient_training_data
drop_rest_schedule,2024-10-25,2024_25,0022400086,POR,NOP,208,218.5,,,,,,,16,insufficient_training_data
drop_rest_schedule,2024-10-25,2024_25,0022400080,CLE,DET,214,227.66666666666666,,,,,,,16,insufficient_training_data
drop_rest_schedule,2024-10-25,2024_25,0022400079,ATL,CHA,245,223.5,,,,,,,16,insufficient_training_data
drop_rest_schedule,2024-10-25,2024_25,0022400082,HOU,MEM,236,222.16666666666666,,,,,,,16,insufficient_training_data
drop_rest_schedule,2024-10-25,2024_25,0022400083,MIL,CHI,255,233.66666666666666,,,,,,,16,insufficient_training_data
drop_rest_schedule,2024-10-25,2024_25,0022400084,UTA,GSW,213,232.66666666666666,,,,,,,16,insufficient_training_data
drop_rest_schedule,2024-10-25,2024_25,0022400085,LAL,PHX,239,223.5,,,,,,,16,insufficient_training_data
drop_rest_schedule,2024-10-25,2024_25,0022400078,TOR,PHI,222,219.5,,,,,,,16,insufficient_training_data
drop_rest_schedule,2024-10-26,2024_25,0022400091,CHI,OKC,209,232.0,,,,,,,26,insufficient_training_data
drop_rest_schedule,2024-10-26,2024_25,0022400088,CHA,MIA,220,223.5,,,,,,,26,insufficient_training_data
drop_rest_schedule,2024-10-26,2024_25,0022400090,WAS,CLE,251,229.0,,,,,,,26,insufficient_training_data
drop_rest_schedule,2024-10-26,2024_25,0022400087,DEN,LAC,213,219.5,,,,,,,26,insufficient_training_data
drop_rest_schedule,2024-10-26,2024_25,0022400089,DET,BOS,242,227.33333333333334,,,,,,,26,insufficient_training_data
drop_rest_schedule,2024-10-26,2024_25,0022400095,PHX,DAL,216,232.33333333333334,,,,,,,26,insufficient_training_data
drop_rest_schedule,2024-10-26,2024_25,0022400096,LAL,SAC,258,231.66666666666666,,,,,,,26,insufficient_training_data
drop_rest_schedule,2024-10-26,2024_25,0022400093,MIN,TOR,213,220.33333333333334,,,,,,,26,insufficient_training_data
drop_rest_schedule,2024-10-26,2024_25,0022400094,SAS,HOU,215,224.16666666666666,,,,,,,26,insufficient_training_data
drop_rest_schedule,2024-10-26,2024_25,0022400092,MEM,ORL,235,222.16666666666666,,,,,,,26,insufficient_training_data
drop_rest_schedule,2024-10-27,2024_25,0022400097,IND,PHI,232,228.66666666666666,,,,,,,36,insufficient_training_data
drop_rest_schedule,2024-10-27,2024_25,0022400098,BKN,MIL,217,231.5,,,,,,,36,insufficient_training_data
drop_rest_schedule,2024-10-27,2024_25,0022400099,POR,NOP,228,219.33333333333334,,,,,,,36,insufficient_training_data
drop_rest_schedule,2024-10-27,2024_25,0022400100,OKC,ATL,232,230.33333333333334,,,,,,,36,insufficient_training_data
drop_rest_schedule,2024-10-27,2024_25,0022400101,GSW,LAC,216,221.83333333333334,,,,,,,36,insufficient_training_data
drop_rest_schedule,2024-10-28,2024_25,0022400105,MIA,DET,204,219.33333333333334,,,,,,,41,insufficient_training_data
drop_rest_schedule,2024-10-28,2024_25,0022400107,TOR,DEN,252,220.5,,,,,,,41,insufficient_training_data
drop_rest_schedule,2024-10-28,2024_25,0022400102,ORL,IND,234,224.5,,,,,,,41,insufficient_training_data
drop_rest_schedule,2024-10-28,2024_25,0022400104,BOS,MIL,227,234.0,,,,,,,41,insufficient_training_data
drop_rest_schedule,2024-10-28,2024_25,0022400106,NYK,CLE,214,221.5,,,,,,,41,insufficient_training_data
drop_rest_schedule,2024-10-28,2024_25,0022400109,SAS,HOU,207,220.0,,,,,,,41,insufficient_training_data
drop_rest_schedule,2024-10-28,2024_25,0022400108,MEM,CHI,249,233.5,,,,,,,41,insufficient_training_data
drop_rest_schedule,2024-10-28,2024_25,0022400112,SAC,POR,209,227.66666666666666,,,,,,,41,insufficient_training_data
drop_rest_schedule,2024-10-28,2024_25,0022400111,PHX,LAL,214,227.5,,,,,,,41,insufficient_training_data
drop_rest_schedule,2024-10-28,2024_25,0022400103,ATL,WAS,240,233.33333333333334,,,,,,,41,insufficient_training_data
drop_rest_schedule,2024-10-28,2024_25,0022400110,DAL,UTA,212,233.33333333333334,,,,,,,41,insufficient_training_data
drop_rest_schedule,2024-10-29,2024_25,0022400116,GSW,NOP,230,217.66666666666666,,,,,,,52,insufficient_training_data
drop_rest_schedule,2024-10-29,2024_25,0022400115,UTA,SAC,209,235.33333333333334,,,,,,,52,insufficient_training_data
drop_rest_schedule,2024-10-29,2024_25,0022400114,MIN,DAL,234,222.5,,,,,,,52,insufficient_training_data
drop_rest_schedule,2024-10-29,2024_25,0022400113,BKN,DEN,283,218.0,,,,,,,52,insufficient_training_data
drop_rest_schedule,2024-10-30,2024_25,0022400123,CHI,ORL,201,227.33333333333334,,,,,,,56,insufficient_training_data
drop_rest_schedule,2024-10-30,2024_25,0022400121,WAS,ATL,253,233.33333333333334,,,,,,,56,insufficient_training_data
drop_rest_schedule,2024-10-30,2024_25,0022400117,CHA,TOR,271,223.5,,,,,,,56,insufficient_training_data
drop_rest_schedule,2024-10-30,2024_25,0022400118,CLE,LAL,244,224.83333333333334,,,,,,,56,insufficient_training_data
drop_rest_schedule,2024-10-30,2024_25,0022400119,IND,BOS,267,233.66666666666666,,,,,,,56,insufficient_training_data
drop_rest_schedule,2024-10-30,2024_25,0022400120,PHI,DET,200,217.5,,,,,,,56,insufficient_training_data
drop_rest_schedule,2024-10-30,2024_25,0022400126,GSW,NOP,193,219.5,,,,,,,56,insufficient_training_data
drop_rest_schedule,2024-10-30,2024_25,0022400122,MIA,NYK,223,214.5,,,,,,,56,insufficient_training_data
drop_rest_schedule,2024-10-30,2024_25,0022400124,MEM,BKN,225,225.83333333333334,,,,,,,56,insufficient_training_data
drop_rest_schedule,2024-10-30,2024_25,0022400127,LAC,POR,211,214.83333333333334,,,,,,,56,insufficient_training_data
drop_rest_schedule,2024-10-30,2024_25,0022400125,OKC,SAS,198,221.5,,,,,,,56,insufficient_training_data
drop_rest_schedule,2024-10-31,2024_25,0022400130,UTA,SAS,194,223.33333333333334,,,,,,,67,insufficient_training_data
drop_rest_schedule,2024-10-31,2024_25,0022400131,LAC,PHX,244,223.5,,,,,,,67,insufficient_training_data
drop_rest_schedule,2024-10-31,2024_25,0022400129,DAL,HOU,210,225.66666666666666,,,,,,,67,insufficient_training_data
drop_rest_schedule,2024-10-31,2024_25,0022400128,MEM,MIL,221,226.5,,,,,,,67,insufficient_training_data
drop_rest_schedule,2024-11-01,2024_25,0022400135,ATL,SAC,238,239.66666666666666,,,,,,,71,insufficient_training_data
drop_rest_schedule,2024-11-01,2024_25,0022400137,TOR,LAL,256,229.0,,,,,,,71,insufficient_training_data
drop_rest_schedule,2024-11-01,2024_25,0022400139,MIN,DEN,235,219.33333333333334,,,,,,,71,insufficient_training_data
drop_rest_schedule,2024-11-01,2024_25,0022400138,NOP,IND,243,232.33333333333334,,,,,,,71,insufficient_training_data
drop_rest_schedule,2024-11-01,2024_25,0022400136,BKN,CHI,232,226.16666666666666,,,,,,,71,insufficient_training_data
drop_rest_schedule,2024-11-01,2024_25,0022400140,POR,OKC,251,220.16666666666666,,,,,,,71,insufficient_training_data
drop_rest_schedule,2024-11-01,2024_25,0022400134,DET,NYK,226,218.5,,,,,,,71,insufficient_training_data
drop_rest_schedule,2024-11-01,2024_25,0022400133,CLE,ORL,229,217.16666666666666,,,,,,,71,insufficient_training_data
drop_rest_schedule,2024-11-01,2024_25,0022400132,CHA,BOS,233,231.66666666666666,,,,,,,71,insufficient_training_data
drop_rest_schedule,2024-11-02,2024_25,0022400141,CHA,BOS,216,231.33333333333334,,,,,,,80,insufficient_training_data
drop_rest_schedule,2024-11-02,2024_25,0022400142,PHI,MEM,231,223.33333333333334,,,,,,,80,insufficient_training_data
drop_rest_schedule,2024-11-02,2024_25,0022400143,TOR,SAC,259,232.5,,,,,,,80,insufficient_training_data
drop_rest_schedule,2024-11-02,2024_25,0022400149,PHX,POR,200,224.33333333333334,,,,,,,80,insufficient_training_data
drop_rest_schedule,2024-11-02,2024_25,0022400144,HOU,GSW,248,217.33333333333334,,,,,,,80,insufficient_training_data
drop_rest_schedule,2024-11-02,2024_25,0022400146,SAS,MIN,216,214.83333333333334,,,,,,,80,insufficient_training_data
drop_rest_schedule,2024-11-02,2024_25,0022400148,DEN,UTA,232,218.5,,,,,,,80,insufficient_training_data
drop_rest_schedule,2024-11-02,2024_25,0022400150,LAC,OKC,197,220.33333333333334,,,,,,,80,insufficient_training_data
drop_rest_schedule,2024-11-02,2024_25,0022400145,MIL,CLE,227,232.16666666666666,,,,,,,80,insufficient_training_data
drop_rest_schedule,2024-11-03,2024_25,0022400153,DAL,ORL,193,219.33333333333334,,,,,,,89,insufficient_training_data
drop_rest_schedule,2024-11-03,2024_25,0022400151,BKN,DET,198,219.5,,,,,,,89,insufficient_training_data
drop_rest_schedule,2024-11-03,2024_25,0022400152,NOP,ATL,237,230.83333333333334,,,,,,,89,insufficient_training_data
drop_rest_schedule,2024-11-04,2024_25,0022400160,CHI,UTA,261,228.0,,,,,,,92,insufficient_training_data
drop_rest_schedule,2024-11-04,2024_25,0022400154,CLE,MIL,230,230.33333333333334,,,,,,,92,insufficient_training_data
drop_rest_schedule,2024-11-04,2024_25,0022400155,WAS,GSW,237,231.5,,,,,,,92,insufficient_training_data
drop_rest_schedule,2024-11-04,2024_25,0022400156,DET,LAL,218,226.33333333333334,,,,,,,92,insufficient_training_data
drop_rest_schedule,2024-11-04,2024_25,0022400157,ATL,BOS,216,234.33333333333334,,,,,,,92,insufficient_training_data
drop_rest_schedule,2024-11-04,2024_25,0022400159,MIA,SAC,221,227.16666666666666,,,,,,,92,insufficient_training_data
drop_rest_schedule,2024-11-04,2024_25,0022400163,OKC,ORL,188,215.33333333333334,,,,,,,92,insufficient_training_data
drop_rest_schedule,2024-11-04,2024_25,0022400158,BKN,MEM,210,225.33333333333334,,,,,,,92,insufficient_training_data
drop_rest_schedule,2024-11-04,2024_25,0022400168,LAC,SAS,217,218.0,,,,,,,92,insufficient_training_data
drop_rest_schedule,2024-11-04,2024_25,0022400164,NOP,POR,218,221.66666666666666,,,,,,,92,insufficient_training_data
drop_rest_schedule,2024-11-04,2024_25,0022400165,DAL,IND,261,235.66666666666666,,,,,,,92,insufficient_training_data
drop_rest_schedule,2024-11-04,2024_25,0022400166,DEN,TOR,240,228.83333333333334,,,,,,,92,insufficient_training_data
drop_rest_schedule,2024-11-04,2024_25,0022400167,PHX,PHI,234,226.66666666666666,,,,,,,92,insufficient_training_data
drop_rest_schedule,2024-11-04,2024_25,0022400162,MIN,CHA,207,226.5,,,,,,,92,insufficient_training_data
drop_rest_schedule,2024-11-04,2024_25,0022400161,HOU,NYK,206,219.16666666666666,,,,,,,92,insufficient_training_data
drop_rest_schedule,2024-11-06,2024_25,0022400172,BOS,GSW,230,230.0,,,,,,,107,insufficient_training_data
drop_rest_schedule,2024-11-06,2024_25,0022400174,MEM,LAL,245,229.83333333333334,,,,,,,107,insufficient_training_data
drop_rest_schedule,2024-11-06,2024_25,0022400169,CHA,DET,215,222.66666666666666,,,,,,,107,insufficient_training_data
drop_rest_schedule,2024-11-06,2024_25,0022400170,IND,ORL,229,226.5,,,,,,,107,insufficient_training_data
drop_rest_schedule,2024-11-06,2024_25,0022400171,ATL,NYK,237,225.5,,,,,,,107,insufficient_training_data
drop_rest_schedule,2024-11-06,2024_25,0022400173,HOU,SAS,227,213.5,,,,,,,107,insufficient_training_data
drop_rest_schedule,2024-11-06,2024_25,0022400178,PHX,MIA,227,222.5,,,,,,,107,insufficient_training_data
drop_rest_schedule,2024-11-06,2024_25,0022400176,DAL,CHI,218,234.83333333333334,,,,,,,107,insufficient_training_data
drop_rest_schedule,2024-11-06,2024_25,0022400177,DEN,OKC,246,222.0,,,,,,,107,insufficient_training_data
drop_rest_schedule,2024-11-06,2024_25,0022400179,LAC,PHI,208,218.33333333333334,,,,,,,107,insufficient_training_data
drop_rest_schedule,2024-11-06,2024_25,0022400180,SAC,TOR,229,238.0,,,,,,,107,insufficient_training_data
drop_rest_schedule,2024-11-06,2024_25,0022400175,NOP,CLE,253,224.0,,,,,,,107,insufficient_training_data
drop_rest_schedule,2024-11-07,2024_25,0022400181,CHI,MIN,254,227.66666666666666,,,,,,,119,insufficient_training_data
drop_rest_schedule,2024-11-07,2024_25,0022400182,MIL,UTA,223,229.66666666666666,,,,,,,119,insufficient_training_data
drop_rest_schedule,2024-11-07,2024_25,0022400183,SAS,POR,223,217.5,,,,,,,119,insufficient_training_data
drop_rest_schedule,2024-11-08,2024_25,0022400188,CLE,GSW,253,231.33333333333334,,,,,,,122,insufficient_training_data
drop_rest_schedule,2024-11-08,2024_25,0022400189,NYK,MIL,210,224.83333333333334,,,,,,,122,insufficient_training_data
drop_rest_schedule,2024-11-08,2024_25,0022400185,DET,ATL,243,227.0,,,,,,,122,insufficient_training_data
drop_rest_schedule,2024-11-08,2024_25,0022400186,ORL,NOP,203,213.5,,,,,,,122,insufficient_training_data
drop_rest_schedule,2024-11-08,2024_25,0022400187,BOS,BKN,212,224.33333333333334,,,,,,,122,insufficient_training_data
drop_rest_schedule,2024-11-08,2024_25,0022400193,MIN,POR,229,220.66666666666666,,,,,,,122,insufficient_training_data
drop_rest_schedule,2024-11-08,2024_25,0022400184,CHA,IND,186,234.66666666666666,,,,,,,122,insufficient_training_data
drop_rest_schedule,2024-11-08,2024_25,0022400192,OKC,HOU,233,219.0,,,,,,,122,insufficient_training_data
drop_rest_schedule,2024-11-08,2024_25,0022400196,SAC,LAC,205,224.0,,,,,,,122,insufficient_training_data
drop_rest_schedule,2024-11-08,2024_25,0022400194,DEN,MIA,257,222.0,,,,,,,122,insufficient_training_data
drop_rest_schedule,2024-11-08,2024_25,0022400195,LAL,PHI,222,222.66666666666666,,,,,,,122,insufficient_training_data
drop_rest_schedule,2024-11-08,2024_25,0022400191,MEM,WAS,232,229.33333333333334,,,,,,,122,insufficient_training_data
drop_rest_schedule,2024-11-08,2024_25,0022400190,DAL,PHX,227,230.5,,,,,,,122,insufficient_training_data
drop_rest_schedule,2024-11-09,2024_25,0022400200,LAC,TOR,208,226.33333333333334,,,,,,,135,insufficient_training_data
drop_rest_schedule,2024-11-09,2024_25,0022400199,CLE,BKN,205,223.33333333333334,,,,,,,135,insufficient_training_data
drop_rest_schedule,2024-11-09,2024_25,0022400197,SAS,UTA,221,222.5,,,,,,,135,insufficient_training_data
drop_rest_schedule,2024-11-09,2024_25,0022400198,ATL,CHI,238,238.5,,,,,,,135,insufficient_training_data
drop_rest_schedule,2024-11-10,2024_25,0022400201,DET,HOU,200,220.33333333333334,,,,,,,139,insufficient_training_data
drop_rest_schedule,2024-11-10,2024_25,0022400206,MIN,MIA,189,218.33333333333334,,,,,,,139,insufficient_training_data
drop_rest_schedule,2024-11-10,2024_25,0022400203,IND,NYK,253,229.0,,,,,,,139,insufficient_training_data
drop_rest_schedule,2024-11-10,2024_25,0022400205,PHI,CHA,212,221.16666666666666,,,,,,,139,insufficient_training_data
drop_rest_schedule,2024-11-10,2024_25,0022400202,MIL,BOS,220,228.5,,,,,,,139,insufficient_training_data
drop_rest_schedule,2024-11-10,2024_25,0022400204,ORL,WAS,215,220.16666666666666,,,,,,,139,insufficient_training_data
drop_rest_schedule,2024-11-10,2024_25,0022400208,DEN,DAL,242,231.5,,,,,,,139,insufficient_training_data
drop_rest_schedule,2024-11-10,2024_25,0022400209,PHX,SAC,245,228.33333333333334,,,,,,,139,insufficient_training_data
drop_rest_schedule,2024-11-10,2024_25,0022400210,POR,MEM,223,226.0,,,,,,,139,insufficient_training_data
drop_rest_schedule,2024-11-10,2024_25,0022400211,LAL,TOR,226,235.33333333333334,,,,,,,139,insufficient_training_data
drop_rest_schedule,2024-11-10,2024_25,0022400207,OKC,GSW,243,227.5,,,,,,,139,insufficient_training_data
drop_rest_schedule,2024-11-11,2024_25,0022400212,CHI,CLE,232,237.16666666666666,,,,,,,150,insufficient_training_data
drop_rest_schedule,2024-11-11,2024_25,0022400215,OKC,LAC,262,218.83333333333334,,,,,,,150,insufficient_training_data
drop_rest_schedule,2024-11-11,2024_25,0022400214,NOP,BKN,212,212.83333333333334,,,,,,,150,insufficient_training_data
drop_rest_schedule,2024-11-11,2024_25,0022400216,SAS,SAC,212,222.0,,,,,,,150,insufficient_training_data
drop_rest_schedule,2024-11-11,2024_25,0022400213,HOU,WAS,199,226.5,,,,,,,150,insufficient_training_data
drop_rest_schedule,2024-11-12,2024_25,0022400002,DET,MIA,244,215.5,,,,,,,155,insufficient_training_data
drop_rest_schedule,2024-11-12,2024_25,0022400007,GSW,DAL,237,232.33333333333334,,,,,,,155,insufficient_training_data
drop_rest_schedule,2024-11-12,2024_25,0022400008,POR,MIN,230,218.5,,,,,,,155,insufficient_training_data
drop_rest_schedule,2024-11-12,2024_25,0022400006,UTA,PHX,232,228.33333333333334,,,,,,,155,insufficient_training_data
drop_rest_schedule,2024-11-12,2024_25,0022400001,BOS,ATL,233,227.0,,,,,,,155,insufficient_training_data
drop_rest_schedule,2024-11-12,2024_25,0022400004,PHI,NYK,210,215.5,,,,,,,155,insufficient_training_data
drop_rest_schedule,2024-11-12,2024_25,0022400003,ORL,CHA,203,213.33333333333334,,,,,,,155,insufficient_training_data
drop_rest_schedule,2024-11-12,2024_25,0022400005,MIL,TOR,184,227.83333333333334,,,,,,,155,insufficient_training_data
drop_rest_schedule,2024-11-13,2024_25,0022400217,ORL,IND,184,225.66666666666666,,,,,,,163,insufficient_training_data
drop_rest_schedule,2024-11-13,2024_25,0022400227,SAC,PHX,231,225.5,,,,,,,163,insufficient_training_data
drop_rest_schedule,2024-11-13,2024_25,0022400226,POR,MIN,204,221.75,,,,,,,163,insufficient_training_data
drop_rest_schedule,2024-11-13,2024_25,0022400225,LAL,MEM,251,230.5,,,,,,,163,insufficient_training_data
drop_rest_schedule,2024-11-13,2024_25,0022400224,SAS,WAS,269,222.66666666666666,,,,,,,163,insufficient_training_data
drop_rest_schedule,2024-11-13,2024_25,0022400223,MIL,DET,247,217.16666666666666,,,,,,,163,insufficient_training_data
drop_rest_schedule,2024-11-13,2024_25,0022400220,PHI,CLE,220,217.66666666666666,,,,,,,163,insufficient_training_data
drop_rest_schedule,2024-11-13,2024_25,0022400221,OKC,NOP,194,221.5,,,,,,,163,insufficient_training_data
drop_rest_schedule,2024-11-13,2024_25,0022400219,NYK,CHI,247,228.33333333333334,,,,,,,163,insufficient_training_data
drop_rest_schedule,2024-11-13,2024_25,0022400218,BKN,BOS,253,218.0,,,,,,,163,insufficient_training_data
drop_rest_schedule,2024-11-13,2024_25,0022400222,HOU,LAC,214,213.83333333333334,,,,,,,163,insufficient_training_data
drop_rest_schedule,2024-11-14,2024_25,0022400228,UTA,DAL,228,230.83333333333334,,,,,,,174,insufficient_training_data
drop_rest_schedule,2024-11-15,2024_25,0022400009,IND,MIA,235,227.83333333333334,,,,,,,175,insufficient_training_data
drop_rest_schedule,2024-11-15,2024_25,0022400012,ATL,WAS,246,240.33333333333334,,,,,,,175,insufficient_training_data
drop_rest_schedule,2024-11-15,2024_25,0022400010,ORL,PHI,184,210.66666666666666,,,,,,,175,insufficient_training_data
drop_rest_schedule,2024-11-15,2024_25,0022400011,TOR,DET,194,225.0,,,,,,,175,insufficient_training_data
drop_rest_schedule,2024-11-15,2024_25,0022400013,CLE,CHI,270,237.16666666666666,,,,,,,175,insufficient_training_data
drop_rest_schedule,2024-11-15,2024_25,0022400014,NYK,BKN,246,216.5,,,,,,,175,insufficient_training_data
drop_rest_schedule,2024-11-15,2024_25,0022400016,HOU,LAC,229,217.33333333333334,,,,,,,175,insufficient_training_data
drop_rest_schedule,2024-11-15,2024_25,0022400017,NOP,DEN,195,221.0,,,,,,,175,insufficient_training_data
drop_rest_schedule,2024-11-15,2024_25,0022400018,OKC,PHX,182,228.0,,,,,,,175,insufficient_training_data
drop_rest_schedule,2024-11-15,2024_25,0022400015,SAS,LAL,235,227.33333333333334,,,,,,,175,insufficient_training_data
drop_rest_schedule,2024-11-15,2024_25,0022400019,GSW,MEM,241,235.33333333333334,,,,,,,175,insufficient_training_data
drop_rest_schedule,2024-11-15,2024_25,0022400020,SAC,MIN,256,222.0,,,,,,,175,insufficient_training_data
drop_rest_schedule,2024-11-16,2024_25,0022400229,CHA,MIL,229,217.33333333333334,,,,,,,187,insufficient_training_data
drop_rest_schedule,2024-11-16,2024_25,0022400230,BOS,TOR,249,228.5,,,,,,,187,insufficient_training_data
drop_rest_schedule,2024-11-16,2024_25,0022400231,NOP,LAL,203,221.33333333333334,,,,,,,187,insufficient_training_data
drop_rest_schedule,2024-11-16,2024_25,0022400232,DAL,SAS,203,227.0,,,,,,,187,insufficient_training_data
drop_rest_schedule,2024-11-16,2024_25,0022400233,SAC,UTA,238,227.5,,,,,,,187,insufficient_training_data
drop_rest_schedule,2024-11-17,2024_25,0022400235,IND,MIA,229,228.66666666666666,,,,,,,192,insufficient_training_data
drop_rest_schedule,2024-11-17,2024_25,0022400238,MEM,DEN,195,228.0,,,,,,,192,insufficient_training_data
drop_rest_schedule,2024-11-17,2024_25,0022400234,MIN,PHX,237,219.5,,,,,,,192,insufficient_training_data
drop_rest_schedule,2024-11-17,2024_25,0022400237,WAS,DET,228,228.66666666666666,,,,,,,192,insufficient_training_data
drop_rest_schedule,2024-11-17,2024_25,0022400236,CLE,CHA,242,224.16666666666666,,,,,,,192,insufficient_training_data
drop_rest_schedule,2024-11-17,2024_25,0022400242,OKC,DAL,240,229.5,,,,,,,192,insufficient_training_data
drop_rest_schedule,2024-11-17,2024_25,0022400240,NYK,BKN,218,220.5,,,,,,,192,insufficient_training_data
drop_rest_schedule,2024-11-17,2024_25,0022400241,CHI,HOU,250,233.66666666666666,,,,,,,192,insufficient_training_data
drop_rest_schedule,2024-11-17,2024_25,0022400243,LAC,UTA,221,220.5,,,,,,,192,insufficient_training_data
drop_rest_schedule,2024-11-17,2024_25,0022400239,POR,ATL,224,232.33333333333334,,,,,,,192,insufficient_training_data
drop_rest_schedule,2024-11-18,2024_25,0022400245,MIA,PHI,195,212.66666666666666,,,,,,,202,insufficient_training_data
drop_rest_schedule,2024-11-18,2024_25,0022400247,TOR,IND,249,234.33333333333334,,,,,,,202,insufficient_training_data
drop_rest_schedule,2024-11-18,2024_25,0022400244,DET,CHI,234,233.5,,,,,,,202,insufficient_training_data
drop_rest_schedule,2024-11-18,2024_25,0022400246,NYK,WAS,240,231.16666666666666,,,,,,,202,insufficient_training_data
drop_rest_schedule,2024-11-18,2024_25,0022400251,LAC,GSW,201,226.16666666666666,,,,,,,202,insufficient_training_data
drop_rest_schedule,2024-11-18,2024_25,0022400250,SAC,ATL,217,234.83333333333334,,,,,,,202,insufficient_training_data
drop_rest_schedule,2024-11-18,2024_25,0022400249,PHX,ORL,208,211.16666666666666,,,,,,,202,insufficient_training_data
drop_rest_schedule,2024-11-18,2024_25,0022400248,MIL,HOU,201,222.33333333333334,,,,,,,202,insufficient_training_data
drop_rest_schedule,2024-11-19,2024_25,0022400021,BOS,CLE,237,234.83333333333334,,,,,,,210,insufficient_training_data
drop_rest_schedule,2024-11-19,2024_25,0022400022,BKN,CHA,231,220.83333333333334,,,,,,,210,insufficient_training_data
drop_rest_schedule,2024-11-19,2024_25,0022400023,MEM,DEN,232,226.83333333333334,,,,,,,210,insufficient_training_data
drop_rest_schedule,2024-11-19,2024_25,0022400024,DAL,NOP,223,221.83333333333334,,,,,,,210,insufficient_training_data
drop_rest_schedule,2024-11-19,2024_25,0022400025,SAS,OKC,214,223.16666666666666,,,,,,,210,insufficient_training_data
drop_rest_schedule,2024-11-19,2024_25,0022400026,LAL,UTA,242,235.33333333333334,,,,,,,210,insufficient_training_data
drop_rest_schedule,2024-11-20,2024_25,0022400255,MEM,PHI,228,219.5,,,,,,,216,insufficient_training_data
drop_rest_schedule,2024-11-20,2024_25,0022400252,CLE,NOP,228,222.0,,,,,,,216,insufficient_training_data
drop_rest_schedule,2024-11-20,2024_25,0022400253,MIL,CHI,228,238.0,,,,,,,216,insufficient_training_data
drop_rest_schedule,2024-11-20,2024_25,0022400254,HOU,IND,243,231.5,,,,,,,216,insufficient_training_data
drop_rest_schedule,2024-11-20,2024_25,0022400259,LAC,ORL,197,206.5,,,,,,,216,insufficient_training_data
drop_rest_schedule,2024-11-20,2024_25,0022400257,PHX,NYK,260,222.5,,,,,,,216,insufficient_training_data
drop_rest_schedule,2024-11-20,2024_25,0022400258,GSW,ATL,217,239.0,,,,,,,216,insufficient_training_data
drop_rest_schedule,2024-11-20,2024_25,0022400256,OKC,POR,208,223.83333333333334,,,,,,,216,insufficient_training_data
drop_rest_schedule,2024-11-21,2024_25,0022400263,LAL,ORL,237,217.33333333333334,,,,,,,224,insufficient_training_data
drop_rest_schedule,2024-11-21,2024_25,0022400262,SAS,UTA,244,224.16666666666666,,,,,,,224,insufficient_training_data
drop_rest_schedule,2024-11-21,2024_25,0022400260,CHA,DET,244,220.66666666666666,,,,,,,224,insufficient_training_data
drop_rest_schedule,2024-11-21,2024_25,0022400261,TOR,MIN,215,225.5,,,,,,,224,insufficient_training_data
drop_rest_schedule,2024-11-22,2024_25,0022400034,LAC,SAC,192,221.33333333333334,,,,,,,228,insufficient_training_data
drop_rest_schedule,2024-11-22,2024_25,0022400033,DEN,DAL,243,227.33333333333334,,,,,,,228,insufficient_training_data
drop_rest_schedule,2024-11-22,2024_25,0022400031,HOU,POR,204,223.16666666666666,,,,,,,228,insufficient_training_data
drop_rest_schedule,2024-11-22,2024_25,0022400032,NOP,GSW,220,223.5,,,,,,,228,insufficient_training_data
drop_rest_schedule,2024-11-22,2024_25,0022400029,MIL,IND,246,237.5,,,,,,,228,insufficient_training_data
drop_rest_schedule,2024-11-22,2024_25,0022400027,PHI,BKN,211,217.5,,,,,,,228,insufficient_training_data
drop_rest_schedule,2024-11-22,2024_25,0022400030,CHI,ATL,258,244.5,,,,,,,228,insufficient_training_data
drop_rest_schedule,2024-11-22,2024_25,0022400028,WAS,BOS,204,237.83333333333334,,,,,,,228,insufficient_training_data
drop_rest_schedule,2024-11-23,2024_25,0022400264,UTA,NYK,227,229.66666666666666,,,,,,,236,insufficient_training_data
drop_rest_schedule,2024-11-23,2024_25,0022400265,ORL,DET,211,206.66666666666666,,,,,,,236,insufficient_training_data
drop_rest_schedule,2024-11-23,2024_25,0022400266,CHI,MEM,273,243.16666666666666,,,,,,,236,insufficient_training_data
drop_rest_schedule,2024-11-23,2024_25,0022400267,HOU,POR,202,224.5,,,,,,,236,insufficient_training_data
drop_rest_schedule,2024-11-23,2024_25,0022400268,MIL,CHA,244,223.0,,,,,,,236,insufficient_training_data
drop_rest_schedule,2024-11-23,2024_25,0022400269,SAS,GSW,198,225.33333333333334,,,,,,,236,insufficient_training_data
drop_rest_schedule,2024-11-23,2024_25,0022400270,LAL,DEN,229,233.0,,,,,,,236,insufficient_training_data
drop_rest_schedule,2024-11-24,2024_25,0022400275,CLE,TOR,230,236.5,,,,,,,243,insufficient_training_data
drop_rest_schedule,2024-11-24,2024_25,0022400276,SAC,BKN,211,222.0,,,,,,,243,insufficient_training_data
drop_rest_schedule,2024-11-24,2024_25,0022400274,PHI,LAC,224,209.0,,,,,,,243,insufficient_training_data
drop_rest_schedule,2024-11-24,2024_25,0022400273,MIA,DAL,241,222.0,,,,,,,243,insufficient_training_data
drop_rest_schedule,2024-11-24,2024_25,0022400272,IND,WAS,218,242.66666666666666,,,,,,,243,insufficient_training_data
drop_rest_schedule,2024-11-24,2024_25,0022400271,BOS,MIN,212,222.5,,,,,,,243,insufficient_training_data
drop_rest_schedule,2024-11-25,2024_25,0022400280,ATL,DAL,248,237.5,,,,,,,249,insufficient_training_data
drop_rest_schedule,2024-11-25,2024_25,0022400277,CHA,ORL,179,213.5,,,,,,,249,insufficient_training_data
drop_rest_schedule,2024-11-25,2024_25,0022400279,IND,NOP,224,227.5,,,,,,,249,insufficient_training_data
drop_rest_schedule,2024-11-25,2024_25,0022400284,GSW,BKN,248,223.33333333333334,,,,,,,249,insufficient_training_data
drop_rest_schedule,2024-11-25,2024_25,0022400278,DET,TOR,202,222.83333333333334,,,,,,,249,insufficient_training_data
drop_rest_schedule,2024-11-25,2024_25,0022400282,MEM,POR,221,230.83333333333334,,,,,,,249,insufficient_training_data
drop_rest_schedule,2024-11-25,2024_25,0022400285,SAC,OKC,239,223.5,,,,,,,249,insufficient_training_data
drop_rest_schedule,2024-11-25,2024_25,0022400283,DEN,NYK,263,232.16666666666666,,,,,,,249,insufficient_training_data
drop_rest_schedule,2024-11-25,2024_25,0022400281,BOS,LAC,220,218.66666666666666,,,,,,,249,insufficient_training_data
drop_rest_schedule,2024-11-26,2024_25,0022400035,WAS,CHI,235,244.33333333333334,,,,,,,258,insufficient_training_data
drop_rest_schedule,2024-11-26,2024_25,0022400036,MIA,MIL,209,224.5,,,,,,,258,insufficient_training_data
drop_rest_schedule,2024-11-26,2024_25,0022400037,MIN,HOU,228,221.16666666666666,,,,,,,258,insufficient_training_data
drop_rest_schedule,2024-11-26,2024_25,0022400038,UTA,SAS,243,225.83333333333334,,,,,,,258,insufficient_training_data
drop_rest_schedule,2024-11-26,2024_25,0022400039,PHX,LAL,227,234.16666666666666,,,,,,,258,insufficient_training_data
drop_rest_schedule,2024-11-27,2024_25,0022400289,ORL,CHI,252,224.0,,,,,,,263,insufficient_training_data
drop_rest_schedule,2024-11-27,2024_25,0022400288,IND,POR,235,231.66666666666666,,,,,,,263,insufficient_training_data
drop_rest_schedule,2024-11-27,2024_25,0022400291,WAS,LAC,217,223.0,,,,,,,263,insufficient_training_data
drop_rest_schedule,2024-11-27,2024_25,0022400286,CHA,MIA,192,217.5,,,,,,,263,insufficient_training_data
drop_rest_schedule,2024-11-27,2024_25,0022400292,DAL,NYK,243,234.5,,,,,,,263,insufficient_training_data
drop_rest_schedule,2024-11-27,2024_25,0022400290,PHI,HOU,237,217.83333333333334,,,,,,,263,insufficient_training_data
drop_rest_schedule,2024-11-27,2024_25,0022400287,CLE,ATL,259,240.5,,,,,,,263,insufficient_training_data
drop_rest_schedule,2024-11-27,2024_25,0022400294,MIN,SAC,219,221.66666666666666,,,,,,,263,insufficient_training_data
drop_rest_schedule,2024-11-27,2024_25,0022400299,GSW,OKC,206,230.33333333333334,,,,,,,263,insufficient_training_data
drop_rest_schedule,2024-11-27,2024_25,0022400298,UTA,DEN,225,231.5,,,,,,,263,insufficient_training_data
drop_rest_schedule,2024-11-27,2024_25,0022400293,MEM,DET,242,225.16666666666666,,,,,,,263,insufficient_training_data
drop_rest_schedule,2024-11-27,2024_25,0022400296,SAS,LAL,220,226.66666666666666,,,,,,,263,insufficient_training_data
drop_rest_schedule,2024-11-27,2024_25,0022400297,PHX,BKN,244,219.33333333333334,,,,,,,263,insufficient_training_data
drop_rest_schedule,2024-11-27,2024_25,0022400295,NOP,TOR,212,222.33333333333334,,,,,,,263,insufficient_training_data
drop_rest_schedule,2024-11-29,2024_25,0022400044,MIN,LAC,185,216.66666666666666,,,,,,,277,insufficient_training_data
drop_rest_schedule,2024-11-29,2024_25,0022400041,ATL,CLE,218,246.83333333333334,,,,,,,277,insufficient_training_data
drop_rest_schedule,2024-11-29,2024_25,0022400042,MEM,NOP,229,230.16666666666666,,,,,,,277,insufficient_training_data
drop_rest_schedule,2024-11-29,2024_25,0022400043,BKN,ORL,223,209.66666666666666,,,,,,,277,insufficient_training_data
drop_rest_schedule,2024-11-29,2024_25,0022400040,CHA,NYK,197,222.83333333333334,,,,,,,277,insufficient_training_data
drop_rest_schedule,2024-11-29,2024_25,0022400049,POR,SAC,221,223.33333333333334,,,,,,,277,insufficient_training_data
drop_rest_schedule,2024-11-29,2024_25,0022400047,CHI,BOS,267,242.5,,,,,,,277,insufficient_training_data
drop_rest_schedule,2024-11-29,2024_25,0022400048,LAL,OKC,194,231.5,,,,,,,277,insufficient_training_data
drop_rest_schedule,2024-11-29,2024_25,0022400046,MIA,TOR,232,219.5,,,,,,,277,insufficient_training_data
drop_rest_schedule,2024-11-29,2024_25,0022400045,IND,DET,236,231.0,,,,,,,277,insufficient_training_data
drop_rest_schedule,2024-11-30,2024_25,0022400300,CHA,ATL,211,227.16666666666666,,,,,,,287,insufficient_training_data
drop_rest_schedule,2024-11-30,2024_25,0022400301,DET,PHI,207,217.16666666666666,,,,,,,287,insufficient_training_data
drop_rest_schedule,2024-11-30,2024_25,0022400302,MIL,WAS,238,230.5,,,,,,,287,insufficient_training_data
drop_rest_schedule,2024-11-30,2024_25,0022400303,PHX,GSW,218,231.66666666666666,,,,,,,287,insufficient_training_data
drop_rest_schedule,2024-11-30,2024_25,0022400304,UTA,DAL,200,233.16666666666666,,,,,,,287,insufficient_training_data
drop_rest_schedule,2024-12-01,2024_25,0022400309,TOR,MIA,235,222.0,,,,,,,292,insufficient_training_data
drop_rest_schedule,2024-12-01,2024_25,0022400306,MEM,IND,257,242.0,,,,,,,292,insufficient_training_data
drop_rest_schedule,2024-12-01,2024_25,0022400307,CLE,BOS,226,236.66666666666666,,,,,,,292,insufficient_training_data
drop_rest_schedule,2024-12-01,2024_25,0022400308,NYK,NOP,203,226.16666666666666,,,,,,,292,insufficient_training_data
drop_rest_schedule,2024-12-01,2024_25,0022400305,BKN,ORL,192,209.66666666666666,,,,,,,292,insufficient_training_data
drop_rest_schedule,2024-12-01,2024_25,0022400310,HOU,OKC,235,219.5,,,,,,,292,insufficient_training_data
drop_rest_schedule,2024-12-01,2024_25,0022400312,POR,DAL,268,228.33333333333334,,,,,,,292,insufficient_training_data
drop_rest_schedule,2024-12-01,2024_25,0022400313,SAC,SAS,252,225.5,,,,,,,292,insufficient_training_data
drop_rest_schedule,2024-12-01,2024_25,0022400314,LAC,DEN,248,223.16666666666666,,,,,,,292,insufficient_training_data
drop_rest_schedule,2024-12-01,2024_25,0022400311,UTA,LAL,209,231.33333333333334,,,,,,,292,insufficient_training_data
drop_rest_schedule,2024-12-02,2024_25,0022400315,ATL,NOP,236,227.66666666666666,,,,,,,302,insufficient_training_data
drop_rest_schedule,2024-12-02,2024_25,0022400316,BOS,MIA,197,220.5,,,,,,,302,insufficient_training_data
drop_rest_schedule,2024-12-02,2024_25,0022400317,CHI,BKN,230,233.5,,,,,,,302,insufficient_training_data
drop_rest_schedule,2024-12-02,2024_25,0022400318,MIN,LAL,189,221.33333333333334,,,,,,,302,insufficient_training_data
drop_rest_schedule,2024-12-03,2024_25,0022400055,OKC,UTA,239,222.5,,,,,,,306,insufficient_training_data
drop_rest_schedule,2024-12-03,2024_25,0022400050,CHA,PHI,214,209.0,,,,,,,306,insufficient_training_data
drop_rest_schedule,2024-12-03,2024_25,0022400052,DET,MIL,235,221.66666666666666,,,,,,,306,insufficient_training_data
drop_rest_schedule,2024-12-03,2024_25,0022400053,NYK,ORL,227,216.0,,,,,,,306,insufficient_training_data
drop_rest_schedule,2024-12-03,2024_25,0022400054,TOR,IND,233,238.66666666666666,,,,,,,306,insufficient_training_data
drop_rest_schedule,2024-12-03,2024_25,0022400058,DEN,GSW,234,239.0,,,,,,,306,insufficient_training_data
drop_rest_schedule,2024-12-03,2024_25,0022400056,DAL,MEM,237,241.66666666666666,,,,,,,306,insufficient_training_data
drop_rest_schedule,2024-12-03,2024_25,0022400057,PHX,SAS,197,230.0,,,,,,,306,insufficient_training_data
drop_rest_schedule,2024-12-03,2024_25,0022400060,LAC,POR,232,218.33333333333334,,,,,,,306,insufficient_training_data
drop_rest_schedule,2024-12-03,2024_25,0022400059,SAC,HOU,231,225.16666666666666,,,,,,,306,insufficient_training_data
drop_rest_schedule,2024-12-03,2024_25,0022400051,CLE,WAS,205,234.66666666666666,,,,,,,306,insufficient_training_data
drop_rest_schedule,2024-12-04,2024_25,0022400321,MIA,LAL,227,217.33333333333334,,,,,,,317,insufficient_training_data
drop_rest_schedule,2024-12-04,2024_25,0022400319,BOS,DET,250,221.0,,,,,,,317,insufficient_training_data
drop_rest_schedule,2024-12-04,2024_25,0022400320,BKN,IND,189,226.66666666666666,,,,,,,317,insufficient_training_data
drop_rest_schedule,2024-12-04,2024_25,0022400324,LAC,MIN,188,211.33333333333334,,,,,,,317,insufficient_training_data
drop_rest_schedule,2024-12-04,2024_25,0022400323,MIL,ATL,223,236.16666666666666,,,,,,,317,insufficient_training_data
drop_rest_schedule,2024-12-04,2024_25,0022400322,PHI,ORL,208,208.16666666666666,,,,,,,317,insufficient_training_data
drop_rest_schedule,2024-12-05,2024_25,0022400331,SAS,CHI,263,236.5,,,,,,,323,insufficient_training_data
drop_rest_schedule,2024-12-05,2024_25,0022400330,NOP,PHX,250,221.0,,,,,,,323,insufficient_training_data
drop_rest_schedule,2024-12-05,2024_25,0022400329,MEM,SAC,225,242.5,,,,,,,323,insufficient_training_data
drop_rest_schedule,2024-12-05,2024_25,0022400332,GSW,HOU,192,220.16666666666666,,,,,,,323,insufficient_training_data
drop_rest_schedule,2024-12-05,2024_25,0022400327,NYK,CHA,226,217.16666666666666,,,,,,,323,insufficient_training_data
drop_rest_schedule,2024-12-05,2024_25,0022400326,WAS,DAL,238,235.16666666666666,,,,,,,323,insufficient_training_data
drop_rest_schedule,2024-12-05,2024_25,0022400325,CLE,DEN,240,237.5,,,,,,,323,insufficient_training_data
drop_rest_schedule,2024-12-05,2024_25,0022400328,TOR,OKC,221,226.66666666666666,,,,,,,323,insufficient_training_data
drop_rest_schedule,2024-12-06,2024_25,0022400339,POR,UTA,240,225.83333333333334,,,,,,,331,insufficient_training_data
drop_rest_schedule,2024-12-06,2024_25,0022400338,GSW,MIN,197,220.16666666666666,,,,,,,331,insufficient_training_data
drop_rest_schedule,2024-12-06,2024_25,0022400336,CHI,IND,255,247.66666666666666,,,,,,,331,insufficient_training_data
drop_rest_schedule,2024-12-06,2024_25,0022400337,SAS,SAC,253,227.16666666666666,,,,,,,331,insufficient_training_data
drop_rest_schedule,2024-12-06,2024_25,0022400334,ATL,LAL,266,231.33333333333334,,,,,,,331,insufficient_training_data
drop_rest_schedule,2024-12-06,2024_25,0022400333,PHI,ORL,196,210.16666666666666,,,,,,,331,insufficient_training_data
drop_rest_schedule,2024-12-06,2024_25,0022400335,BOS,MIL,216,229.33333333333334,,,,,,,331,insufficient_training_data
drop_rest_schedule,2024-12-07,2024_25,0022400344,TOR,DAL,243,234.5,,,,,,,338,insufficient_training_data
drop_rest_schedule,2024-12-07,2024_25,0022400345,BOS,MEM,248,237.16666666666666,,,,,,,338,insufficient_training_data
drop_rest_schedule,2024-12-07,2024_25,0022400343,NYK,DET,231,225.66666666666666,,,,,,,338,insufficient_training_data
drop_rest_schedule,2024-12-07,2024_25,0022400346,MIA,PHX,232,220.0,,,,,,,338,insufficient_training_data
drop_rest_schedule,2024-12-07,2024_25,0022400341,WAS,DEN,235,231.16666666666666,,,,,,,338,insufficient_training_data
drop_rest_schedule,2024-12-07,2024_25,0022400340,CHA,CLE,218,219.16666666666666,,,,,,,338,insufficient_training_data
drop_rest_schedule,2024-12-07,2024_25,0022400342,NOP,OKC,228,224.16666666666666,,,,,,,338,insufficient_training_data
drop_rest_schedule,2024-12-08,2024_25,0022400352,ORL,PHX,225,211.16666666666666,,,,,,,345,insufficient_training_data
drop_rest_schedule,2024-12-08,2024_25,0022400348,BKN,MIL,231,218.66666666666666,,,,,,,345,insufficient_training_data
drop_rest_schedule,2024-12-08,2024_25,0022400349,IND,CHA,222,221.16666666666666,,,,,,,345,insufficient_training_data
drop_rest_schedule,2024-12-08,2024_25,0022400351,MIA,CLE,235,224.0,,,,,,,345,insufficient_training_data
drop_rest_schedule,2024-12-08,2024_25,0022400350,ATL,DEN,252,241.16666666666666,,,,,,,345,insufficient_training_data
drop_rest_schedule,2024-12-08,2024_25,0022400347,CHI,PHI,208,232.5,,,,,,,345,insufficient_training_data
drop_rest_schedule,2024-12-08,2024_25,0022400354,SAS,NOP,237,225.83333333333334,,,,,,,345,insufficient_training_data
drop_rest_schedule,2024-12-08,2024_25,0022400355,GSW,MIN,220,216.0,,,,,,,345,insufficient_training_data
drop_rest_schedule,2024-12-08,2024_25,0022400356,LAC,HOU,223,215.5,,,,,,,345,insufficient_training_data
drop_rest_schedule,2024-12-08,2024_25,0022400357,SAC,UTA,238,230.5,,,,,,,345,insufficient_training_data
drop_rest_schedule,2024-12-08,2024_25,0022400358,LAL,POR,205,225.5,,,,,,,345,insufficient_training_data
drop_rest_schedule,2024-12-08,2024_25,0022400353,WAS,MEM,252,242.0,,,,,,,345,insufficient_training_data
drop_rest_schedule,2024-12-09,2024_25,0022400359,TOR,NYK,221,231.0,,,,,,,357,insufficient_training_data
drop_rest_schedule,2024-12-10,2024_25,0022401203,OKC,DAL,222,231.33333333333334,,,,,,,358,insufficient_training_data
drop_rest_schedule,2024-12-10,2024_25,0022401201,MIL,ORL,223,213.16666666666666,,,,,,,358,insufficient_training_data
drop_rest_schedule,2024-12-11,2024_25,0022401204,HOU,GSW,181,222.16666666666666,,,,,,,360,insufficient_training_data
drop_rest_schedule,2024-12-11,2024_25,0022401202,NYK,ATL,208,236.16666666666666,,,,,,,360,insufficient_training_data
drop_rest_schedule,2024-12-12,2024_25,0022401207,NOP,SAC,220,231.66666666666666,,,,,,,362,insufficient_training_data
drop_rest_schedule,2024-12-12,2024_25,0022401206,MIA,TOR,218,224.0,,,,,,,362,insufficient_training_data
drop_rest_schedule,2024-12-12,2024_25,0022401205,BOS,DET,222,227.5,,,,,,,362,insufficient_training_data
drop_rest_schedule,2024-12-13,2024_25,0022401213,DEN,LAC,218,228.33333333333334,,,,,,,365,insufficient_training_data
drop_rest_schedule,2024-12-13,2024_25,0022401215,POR,SAS,234,224.66666666666666,,,,,,,365,insufficient_training_data
drop_rest_schedule,2024-12-13,2024_25,0022401214,UTA,PHX,260,231.33333333333334,,,,,,,365,insufficient_training_data
drop_rest_schedule,2024-12-13,2024_25,0022401212,CHI,CHA,204,231.16666666666666,,,,,,,365,insufficient_training_data
drop_rest_schedule,2024-12-13,2024_25,0022401209,PHI,IND,228,225.66666666666666,,,,,,,365,insufficient_training_data
drop_rest_schedule,2024-12-13,2024_25,0022401210,MIN,LAL,184,214.0,,,,,,,365,insufficient_training_data
drop_rest_schedule,2024-12-13,2024_25,0022401211,MEM,BKN,254,230.5,,,,,,,365,insufficient_training_data
drop_rest_schedule,2024-12-13,2024_25,0022401208,CLE,WAS,220,232.5,,,,,,,365,insufficient_training_data
drop_rest_schedule,2024-12-15,2024_25,0022401228,GSW,DAL,276,229.83333333333334,,,,,,,373,insufficient_training_data
drop_rest_schedule,2024-12-15,2024_25,0022401227,ORL,NYK,191,215.33333333333334,,,,,,,373,insufficient_training_data
drop_rest_schedule,2024-12-15,2024_25,0022401219,PHX,POR,225,229.0,,,,,,,373,insufficient_training_data
drop_rest_schedule,2024-12-15,2024_25,0022401220,LAL,MEM,226,232.5,,,,,,,373,insufficient_training_data
drop_rest_schedule,2024-12-15,2024_25,0022401217,WAS,BOS,210,229.83333333333334,,,,,,,373,insufficient_training_data
drop_rest_schedule,2024-12-15,2024_25,0022401216,IND,NOP,223,228.5,,,,,,,373,insufficient_training_data
drop_rest_schedule,2024-12-15,2024_25,0022401218,SAS,MIN,198,214.5,,,,,,,373,insufficient_training_data
drop_rest_schedule,2024-12-16,2024_25,0022401226,LAC,UTA,251,224.16666666666666,,,,,,,380,insufficient_training_data
drop_rest_schedule,2024-12-16,2024_25,0022401225,SAC,DEN,259,238.33333333333334,,,,,,,380,insufficient_training_data
drop_rest_schedule,2024-12-16,2024_25,0022401224,BKN,CLE,231,218.66666666666666,,,,,,,380,insufficient_training_data
drop_rest_schedule,2024-12-16,2024_25,0022401221,DET,MIA,249,218.33333333333334,,,,,,,380,insufficient_training_data
drop_rest_schedule,2024-12-16,2024_25,0022401222,CHA,PHI,229,214.5,,,,,,,380,insufficient_training_data
drop_rest_schedule,2024-12-16,2024_25,0022401223,TOR,CHI,243,238.5,,,,,,,380,insufficient_training_data
drop_rest_schedule,2024-12-19,2024_25,0022400364,TOR,BKN,195,218.16666666666666,,,,,,,386,insufficient_training_data
drop_rest_schedule,2024-12-19,2024_25,0022400366,MEM,GSW,237,235.66666666666666,,,,,,,386,insufficient_training_data
drop_rest_schedule,2024-12-19,2024_25,0022400360,DET,UTA,245,227.83333333333334,,,,,,,386,insufficient_training_data
drop_rest_schedule,2024-12-19,2024_25,0022400362,WAS,CHA,237,223.5,,,,,,,386,insufficient_training_data
drop_rest_schedule,2024-12-19,2024_25,0022400363,BOS,CHI,225,242.33333333333334,,,,,,,386,insufficient_training_data
drop_rest_schedule,2024-12-19,2024_25,0022400365,HOU,NOP,246,217.16666666666666,,,,,,,386,insufficient_training_data
drop_rest_schedule,2024-12-19,2024_25,0022400372,SAC,LAL,213,229.0,,,,,,,386,insufficient_training_data
drop_rest_schedule,2024-12-19,2024_25,0022400367,MIN,NYK,240,214.33333333333334,,,,,,,386,insufficient_training_data
drop_rest_schedule,2024-12-19,2024_25,0022400369,PHX,IND,231,234.5,,,,,,,386,insufficient_training_data
drop_rest_schedule,2024-12-19,2024_25,0022400370,SAS,ATL,259,233.5,,,,,,,386,insufficient_training_data
drop_rest_schedule,2024-12-19,2024_25,0022400371,POR,DEN,250,235.5,,,,,,,386,insufficient_training_data
drop_rest_schedule,2024-12-19,2024_25,0022400368,DAL,LAC,213,223.66666666666666,,,,,,,386,insufficient_training_data
drop_rest_schedule,2024-12-19,2024_25,0022400361,ORL,OKC,204,210.5,,,,,,,386,insufficient_training_data
drop_rest_schedule,2024-12-20,2024_25,0022400373,PHI,CHA,206,217.83333333333334,,,,,,,399,insufficient_training_data
drop_rest_schedule,2024-12-20,2024_25,0022400374,CLE,MIL,225,223.66666666666666,,,,,,,399,insufficient_training_data
drop_rest_schedule,2024-12-20,2024_25,0022400375,MIA,OKC,201,214.83333333333334,,,,,,,399,insufficient_training_data
drop_rest_schedule,2024-12-21,2024_25,0022400379,BKN,UTA,199,221.5,,,,,,,402,insufficient_training_data
drop_rest_schedule,2024-12-21,2024_25,0022400376,SAC,LAL,202,228.0,,,,,,,402,insufficient_training_data
drop_rest_schedule,2024-12-21,2024_25,0022400387,PHX,DET,258,225.83333333333334,,,,,,,402,insufficient_training_data
drop_rest_schedule,2024-12-21,2024_25,0022400378,ATL,MEM,240,241.5,,,,,,,402,insufficient_training_data
drop_rest_schedule,2024-12-21,2024_25,0022400380,CLE,PHI,225,221.33333333333334,,,,,,,402,insufficient_training_data
drop_rest_schedule,2024-12-21,2024_25,0022400381,CHI,BOS,221,243.0,,,,,,,402,insufficient_training_data
drop_rest_schedule,2024-12-21,2024_25,0022400382,MIL,WAS,213,224.5,,,,,,,402,insufficient_training_data
drop_rest_schedule,2024-12-21,2024_25,0022400386,SAS,POR,208,227.5,,,,,,,402,insufficient_training_data
drop_rest_schedule,2024-12-21,2024_25,0022400385,DAL,LAC,210,221.33333333333334,,,,,,,402,insufficient_training_data
drop_rest_schedule,2024-12-21,2024_25,0022400377,ORL,MIA,235,208.5,,,,,,,402,insufficient_training_data
drop_rest_schedule,2024-12-21,2024_25,0022400383,MIN,GSW,216,213.33333333333334,,,,,,,402,insufficient_training_data
drop_rest_schedule,2024-12-21,2024_25,0022400384,NOP,NYK,197,226.33333333333334,,,,,,,402,insufficient_training_data
drop_rest_schedule,2024-12-22,2024_25,0022400389,SAC,IND,217,235.83333333333334,,,,,,,414,insufficient_training_data
drop_rest_schedule,2024-12-22,2024_25,0022400390,NOP,DEN,261,232.0,,,,,,,414,insufficient_training_data
drop_rest_schedule,2024-12-22,2024_25,0022400388,TOR,HOU,224,223.0,,,,,,,414,insufficient_training_data
drop_rest_schedule,2024-12-23,2024_25,0022400397,NYK,TOR,264,227.16666666666666,,,,,,,417,insufficient_training_data
drop_rest_schedule,2024-12-23,2024_25,0022400391,CHA,HOU,215,218.5,,,,,,,417,insufficient_training_data
drop_rest_schedule,2024-12-23,2024_25,0022400392,CLE,UTA,237,232.33333333333334,,,,,,,417,insufficient_training_data
drop_rest_schedule,2024-12-23,2024_25,0022400393,ORL,BOS,212,215.0,,,,,,,417,insufficient_training_data
drop_rest_schedule,2024-12-23,2024_25,0022400394,PHI,SAS,217,217.0,,,,,,,417,insufficient_training_data
drop_rest_schedule,2024-12-23,2024_25,0022400395,ATL,MIN,221,222.16666666666666,,,,,,,417,insufficient_training_data
drop_rest_schedule,2024-12-23,2024_25,0022400396,MIA,BKN,205,214.5,,,,,,,417,insufficient_training_data
drop_rest_schedule,2024-12-23,2024_25,0022400398,CHI,MIL,203,233.33333333333334,,,,,,,417,insufficient_training_data
drop_rest_schedule,2024-12-23,2024_25,0022400399,MEM,LAC,224,230.5,,,,,,,417,insufficient_training_data
drop_rest_schedule,2024-12-23,2024_25,0022400403,GSW,IND,216,231.0,,,,,,,417,insufficient_training_data
drop_rest_schedule,2024-12-23,2024_25,0022400404,LAL,DET,231,223.83333333333334,,,,,,,417,insufficient_training_data
drop_rest_schedule,2024-12-23,2024_25,0022400401,DAL,POR,240,228.66666666666666,,,,,,,417,insufficient_training_data
drop_rest_schedule,2024-12-23,2024_25,0022400400,OKC,WAS,228,222.33333333333334,,,,,,,417,insufficient_training_data
drop_rest_schedule,2024-12-23,2024_25,0022400402,DEN,PHX,207,232.5,,,,,,,417,insufficient_training_data
drop_rest_schedule,2024-12-25,2024_25,0022400407,BOS,PHI,232,221.5,,,,,,,431,insufficient_training_data
drop_rest_schedule,2024-12-25,2024_25,0022400408,GSW,LAL,228,222.33333333333334,,,,,,,431,insufficient_training_data
drop_rest_schedule,2024-12-25,2024_25,0022400405,NYK,SAS,231,223.5,,,,,,,431,insufficient_training_data
drop_rest_schedule,2024-12-25,2024_25,0022400409,PHX,DEN,210,232.5,,,,,,,431,insufficient_training_data
drop_rest_schedule,2024-12-25,2024_25,0022400406,DAL,MIN,204,221.33333333333334,,,,,,,431,insufficient_training_data
drop_rest_schedule,2024-12-26,2024_25,0022400416,NOP,HOU,239,220.5,,,,,,,436,insufficient_training_data
drop_rest_schedule,2024-12-26,2024_25,0022400418,SAC,DET,227,227.33333333333334,,,,,,,436,insufficient_training_data
drop_rest_schedule,2024-12-26,2024_25,0022400417,POR,UTA,242,228.5,,,,,,,436,insufficient_training_data
drop_rest_schedule,2024-12-26,2024_25,0022400415,MIL,BKN,216,213.16666666666666,,,,,,,436,insufficient_training_data
drop_rest_schedule,2024-12-26,2024_25,0022400412,WAS,CHA,223,227.16666666666666,,,,,,,436,insufficient_training_data
drop_rest_schedule,2024-12-26,2024_25,0022400413,ATL,CHI,274,242.83333333333334,,,,,,,436,insufficient_training_data
drop_rest_schedule,2024-12-26,2024_25,0022400411,ORL,MIA,177,208.33333333333334,,,,,,,436,insufficient_training_data
drop_rest_schedule,2024-12-26,2024_25,0022400410,IND,OKC,234,226.83333333333334,,,,,,,436,insufficient_training_data
drop_rest_schedule,2024-12-26,2024_25,0022400414,MEM,TOR,281,238.5,,,,,,,436,insufficient_training_data
drop_rest_schedule,2024-12-27,2024_25,0022400422,HOU,MIN,225,213.33333333333334,,,,,,,445,insufficient_training_data
drop_rest_schedule,2024-12-27,2024_25,0022400419,ORL,NYK,193,212.0,,,,,,,445,insufficient_training_data
drop_rest_schedule,2024-12-27,2024_25,0022400420,BOS,IND,247,232.5,,,,,,,445,insufficient_training_data
drop_rest_schedule,2024-12-27,2024_25,0022400421,BKN,SAS,183,214.33333333333334,,,,,,,445,insufficient_training_data
drop_rest_schedule,2024-12-27,2024_25,0022400425,PHX,DAL,187,225.33333333333334,,,,,,,445,insufficient_training_data
drop_rest_schedule,2024-12-27,2024_25,0022400423,NOP,MEM,256,239.0,,,,,,,445,insufficient_training_data
drop_rest_schedule,2024-12-27,2024_25,0022400424,DEN,CLE,284,236.5,,,,,,,445,insufficient_training_data
drop_rest_schedule,2024-12-27,2024_25,0022400426,LAC,GSW,194,214.0,,,,,,,445,insufficient_training_data
drop_rest_schedule,2024-12-28,2024_25,0022400432,DEN,DET,255,230.83333333333334,,,,,,,453,insufficient_training_data
drop_rest_schedule,2024-12-28,2024_25,0022400434,POR,DAL,248,224.0,,,,,,,453,insufficient_training_data
drop_rest_schedule,2024-12-28,2024_25,0022400433,UTA,PHI,225,222.66666666666666,,,,,,,453,insufficient_training_data
drop_rest_schedule,2024-12-28,2024_25,0022400431,GSW,PHX,214,219.33333333333334,,,,,,,453,insufficient_training_data
drop_rest_schedule,2024-12-28,2024_25,0022400435,LAL,SAC,254,223.0,,,,,,,453,insufficient_training_data
drop_rest_schedule,2024-12-28,2024_25,0022400429,WAS,NYK,268,228.0,,,,,,,453,insufficient_training_data
drop_rest_schedule,2024-12-28,2024_25,0022400428,CHA,OKC,200,219.0,,,,,,,453,insufficient_training_data
drop_rest_schedule,2024-12-28,2024_25,0022400427,ATL,MIA,230,225.33333333333334,,,,,,,453,insufficient_training_data
drop_rest_schedule,2024-12-28,2024_25,0022400430,CHI,MIL,227,229.5,,,,,,,453,insufficient_training_data
drop_rest_schedule,2024-12-29,2024_25,0022400441,MIN,SAS,222,214.33333333333334,,,,,,,462,insufficient_training_data
drop_rest_schedule,2024-12-29,2024_25,0022400439,HOU,MIA,204,216.5,,,,,,,462,insufficient_training_data
drop_rest_schedule,2024-12-29,2024_25,0022400440,OKC,MEM,236,230.0,,,,,,,462,insufficient_training_data
drop_rest_schedule,2024-12-29,2024_25,0022400437,BOS,IND,237,233.66666666666666,,,,,,,462,insufficient_training_data
drop_rest_schedule,2024-12-29,2024_25,0022400436,ORL,BKN,203,204.5,,,,,,,462,insufficient_training_data
drop_rest_schedule,2024-12-29,2024_25,0022400438,TOR,ATL,243,237.33333333333334,,,,,,,462,insufficient_training_data
drop_rest_schedule,2024-12-30,2024_25,0022400448,SAC,DAL,210,230.0,,,,,,,468,insufficient_training_data
drop_rest_schedule,2024-12-30,2024_25,0022400447,POR,PHI,228,222.33333333333334,,,,,,,468,insufficient_training_data
drop_rest_schedule,2024-12-30,2024_25,0022400446,GSW,CLE,208,231.16666666666666,,,,,,,468,insufficient_training_data
drop_rest_schedule,2024-12-30,2024_25,0022400445,UTA,DEN,253,240.0,,,,,,,468,insufficient_training_data
drop_rest_schedule,2024-12-30,2024_25,0022400444,NOP,LAC,229,220.83333333333334,,,,,,,468,insufficient_training_data
drop_rest_schedule,2024-12-30,2024_25,0022400443,WAS,NYK,232,230.16666666666666,,,,,,,468,insufficient_training_data
drop_rest_schedule,2024-12-30,2024_25,0022400442,CHA,CHI,223,226.33333333333334,,,,,,,468,insufficient_training_data
drop_rest_schedule,2024-12-31,2024_25,0022400454,LAL,CLE,232,229.0,,,,,,,475,insufficient_training_data
drop_rest_schedule,2024-12-31,2024_25,0022400453,PHX,MEM,229,235.5,,,,,,,475,insufficient_training_data
drop_rest_schedule,2024-12-31,2024_25,0022400452,OKC,MIN,218,216.16666666666666,,,,,,,475,insufficient_training_data
drop_rest_schedule,2024-12-31,2024_25,0022400450,IND,MIL,232,230.16666666666666,,,,,,,475,insufficient_training_data
drop_rest_schedule,2024-12-31,2024_25,0022400449,BOS,TOR,196,233.16666666666666,,,,,,,475,insufficient_training_data
drop_rest_schedule,2024-12-31,2024_25,0022400451,SAS,LAC,208,217.16666666666666,,,,,,,475,insufficient_training_data
drop_rest_schedule,2025-01-01,2024_25,0022400462,SAC,PHI,220,223.5,,,,,,,481,insufficient_training_data
drop_rest_schedule,2025-01-01,2024_25,0022400461,DEN,ATL,259,246.33333333333334,,,,,,,481,insufficient_training_data
drop_rest_schedule,2025-01-01,2024_25,0022400460,HOU,DAL,209,221.5,,,,,,,481,insufficient_training_data
drop_rest_schedule,2025-01-01,2024_25,0022400459,TOR,BKN,243,221.5,,,,,,,481,insufficient_training_data
drop_rest_schedule,2025-01-01,2024_25,0022400456,WAS,CHI,232,237.16666666666666,,,,,,,481,insufficient_training_data
drop_rest_schedule,2025-01-01,2024_25,0022400457,MIA,NOP,227,222.16666666666666,,,,,,,481,insufficient_training_data
drop_rest_schedule,2025-01-01,2024_25,0022400455,DET,ORL,201,211.5,,,,,,,481,insufficient_training_data
drop_rest_schedule,2025-01-01,2024_25,0022400458,NYK,UTA,222,231.16666666666666,,,,,,,481,insufficient_training_data
drop_rest_schedule,2025-01-02,2024_25,0022400467,GSW,PHI,244,217.66666666666666,,,,,,,489,insufficient_training_data
drop_rest_schedule,2025-01-02,2024_25,0022400468,LAL,POR,220,225.0,,,,,,,489,insufficient_training_data
drop_rest_schedule,2025-01-02,2024_25,0022400466,OKC,LAC,214,219.33333333333334,,,,,,,489,insufficient_training_data
drop_rest_schedule,2025-01-02,2024_25,0022400463,MIA,IND,243,224.33333333333334,,,,,,,489,insufficient_training_data
drop_rest_schedule,2025-01-02,2024_25,0022400464,MIN,BOS,233,219.5,,,,,,,489,insufficient_training_data
drop_rest_schedule,2025-01-02,2024_25,0022400465,MIL,BKN,223,219.0,,,,,,,489,insufficient_training_data
drop_rest_schedule,2025-01-03,2024_25,0022400477,LAL,ATL,221,231.33333333333334,,,,,,,495,insufficient_training_data
drop_rest_schedule,2025-01-03,2024_25,0022400476,SAC,MEM,271,238.5,,,,,,,495,insufficient_training_data
drop_rest_schedule,2025-01-03,2024_25,0022400475,DEN,SAS,223,236.5,,,,,,,495,insufficient_training_data
drop_rest_schedule,2025-01-03,2024_25,0022400474,DAL,CLE,256,230.5,,,,,,,495,insufficient_training_data
drop_rest_schedule,2025-01-03,2024_25,0022400470,TOR,ORL,203,216.33333333333334,,,,,,,495,insufficient_training_data
drop_rest_schedule,2025-01-03,2024_25,0022400472,NOP,WAS,252,232.66666666666666,,,,,,,495,insufficient_training_data
drop_rest_schedule,2025-01-03,2024_25,0022400471,HOU,BOS,195,220.66666666666666,,,,,,,495,insufficient_training_data
drop_rest_schedule,2025-01-03,2024_25,0022400469,DET,CHA,192,216.5,,,,,,,495,insufficient_training_data
drop_rest_schedule,2025-01-03,2024_25,0022400473,OKC,NYK,224,221.66666666666666,,,,,,,495,insufficient_training_data
drop_rest_schedule,2025-01-04,2024_25,0022400480,IND,PHX,234,233.5,0.6087457686420457,234.10874576864205,0.6087457686420521,-0.10874576864204566,0.1087457686420521,0.011825642197550721,504,
drop_rest_schedule,2025-01-04,2024_25,0022400482,CHI,NYK,265,234.83333333333334,-0.8285322909533896,234.00480104237997,-0.8285322909533761,30.995198957620048,30.995198957620033,960.70235842245,504,
drop_rest_schedule,2025-01-04,2024_25,0022400478,BKN,PHI,217,214.33333333333334,-0.4188323700122401,213.9145009633211,-0.4188323700122396,3.0854990366788972,3.085499036678897,9.5203043053464,504,
drop_rest_schedule,2025-01-04,2024_25,0022400481,MIA,UTA,236,223.5,-4.526176212143622,218.9738237878564,-4.526176212143611,17.02617621214362,17.02617621214361,289.89067640696493,504,
drop_rest_schedule,2025-01-04,2024_25,0022400485,GSW,MEM,234,234.16666666666666,2.14389405732634,236.310560723993,2.1438940573263494,-2.3105607239929973,2.3105607239930066,5.338690859259087,504,
drop_rest_schedule,2025-01-04,2024_25,0022400483,MIL,POR,207,227.33333333333334,-2.9345794127715217,224.39875392056183,-2.9345794127715124,-17.39875392056182,17.39875392056183,302.7166379882657,504,
drop_rest_schedule,2025-01-04,2024_25,0022400486,LAC,ATL,236,227.83333333333334,5.252394910027797,233.08572824336113,5.252394910027789,2.9142717566388603,2.9142717566388683,8.492979871542994,504,
drop_rest_schedule,2025-01-04,2024_25,0022400479,DET,MIN,224,217.66666666666666,1.4247554013536192,219.09142206802028,1.4247554013536217,4.908577931979724,4.908577931979721,24.094137314318317,504,
drop_rest_schedule,2025-01-04,2024_25,0022400484,SAS,DEN,233,237.0,-0.01453252758944796,236.98546747241056,-0.014532527589437905,-3.985467472410552,3.985467472410562,15.883950973642635,504,
drop_rest_schedule,2025-01-05,2024_25,0022400492,GSW,SAC,228,225.33333333333334,-0.49871904887082485,224.83461428446253,-0.49871904887081087,3.1653857155374823,3.165385715537468,10.019666728128648,513,
drop_rest_schedule,2025-01-05,2024_25,0022400490,ORL,UTA,197,212.16666666666666,1.8475212318014236,214.0141878984681,1.8475212318014371,-17.01418789846808,17.014187898468094,289.48258984437814,513,
drop_rest_schedule,2025-01-05,2024_25,0022400491,HOU,LAL,234,218.33333333333334,-2.6207224224401253,215.7126109108932,-2.6207224224401386,18.28738908910678,18.287389089106796,334.42859969638226,513,
drop_rest_schedule,2025-01-05,2024_25,0022400489,WAS,NOP,208,235.16666666666666,0.4219501796053736,235.58861684627203,0.42195017960537484,-27.588616846272032,27.588616846272032,761.1317794904049,513,
drop_rest_schedule,2025-01-05,2024_25,0022400487,OKC,BOS,197,221.5,1.8970737341614947,223.3970737341615,1.897073734161495,-26.397073734161495,26.397073734161495,696.8055017267587,513,
drop_rest_schedule,2025-01-05,2024_25,0022400488,CLE,CHA,220,223.0,-5.042963736699984,217.9570362633,-5.042963736699988,2.042963736699984,2.0429637366999884,4.17370082947118,513,
drop_rest_schedule,2025-01-06,2024_25,0022400498,CHI,SAS,224,236.5,1.457032005000928,237.95703200500094,1.45703200500094,-13.957032005000928,13.95703200500094,194.79874238862055,519,
drop_rest_schedule,2025-01-06,2024_25,0022400496,NYK,ORL,197,210.0,-1.6889247001389849,208.31107529986102,-1.6889247001389833,-11.311075299861015,11.311075299861017,127.94042443912599,519,
drop_rest_schedule,2025-01-06,2024_25,0022400493,DET,POR,233,225.5,2.404200508984557,227.90420050898456,2.404200508984559,5.095799491015443,5.095799491015441,25.96717245263323,519,
drop_rest_schedule,2025-01-06,2024_25,0022400494,PHI,PHX,208,223.33333333333334,2.9786037606627813,226.31193709399614,2.978603760662793,-18.311937093996125,18.311937093996136,335.32704013447164,519,
drop_rest_schedule,2025-01-06,2024_25,0022400495,BKN,IND,212,222.83333333333334,-6.048029385424791,216.78530394790855,-6.0480293854247975,-4.7853039479085515,4.785303947908545,22.89913387386911,519,
drop_rest_schedule,2025-01-06,2024_25,0022400500,MIN,LAC,214,214.5,3.3246712623313863,217.82467126233138,3.3246712623313783,-3.8246712623313863,3.8246712623313783,14.6281102649035,519,
drop_rest_schedule,2025-01-06,2024_25,0022400497,TOR,MIL,232,230.5,4.431458523814824,234.93145852381483,4.431458523814825,-2.9314585238148236,2.9314585238148254,8.593449076846595,519,
drop_rest_schedule,2025-01-06,2024_25,0022400499,MEM,DAL,223,232.33333333333334,4.828976659872308,237.16230999320564,4.828976659872296,-14.16230999320565,14.162309993205639,200.5710243436523,519,
drop_rest_schedule,2025-01-06,2024_25,0022400501,SAC,MIA,241,224.16666666666666,-1.5601760181927242,222.60649064847394,-1.5601760181927204,18.393509351526067,18.393509351526063,338.3211862646767,519,
drop_rest_schedule,2025-01-07,2024_25,0022400506,UTA,ATL,245,235.83333333333334,0.958320323624299,236.79165365695764,0.9583203236242923,8.208346343042358,8.208346343042365,67.37694968733696,528,
drop_rest_schedule,2025-01-07,2024_25,0022400507,DEN,BOS,224,235.5,-0.4371688995604236,235.06283110043958,-0.4371688995604188,-11.062831100439576,11.062831100439581,122.38623195685324,528,
drop_rest_schedule,2025-01-07,2024_25,0022400508,GSW,MIA,212,218.5,4.011616049339083,222.5116160493391,4.011616049339096,-10.511616049339082,10.511616049339096,110.49407196872328,528,
drop_rest_schedule,2025-01-07,2024_25,0022400504,DAL,LAL,215,219.5,-1.6670803192590893,217.8329196807409,-1.6670803192590995,-2.8329196807409107,2.8329196807409005,8.025433917529126,528,
drop_rest_schedule,2025-01-07,2024_25,0022400503,WAS,HOU,247,225.33333333333334,4.390988533423553,229.7243218667569,4.3909885334235526,17.275678133243105,17.275678133243105,298.44905496341397,528,
drop_rest_schedule,2025-01-07,2024_25,0022400502,CHA,PHX,219,222.16666666666666,3.2617190561363962,225.42838572280306,3.2617190561364,-6.428385722803053,6.428385722803057,41.32414300113818,528,
drop_rest_schedule,2025-01-07,2024_25,0022400505,NOP,MIN,201,220.83333333333334,2.168420336382453,223.00175366971578,2.1684203363824395,-22.001753669715796,22.001753669715782,484.0771645428519,528,
drop_rest_schedule,2025-01-08,2024_25,0022400509,CLE,OKC,251,227.83333333333334,-2.0385003648940563,225.7948329684393,-2.0385003648940483,25.205167031560713,25.205167031560705,635.3004450888747,535,
drop_rest_schedule,2025-01-08,2024_25,0022400510,IND,CHI,242,241.0,-0.14955469707452584,240.85044530292546,-0.14955469707453517,1.1495546970745258,1.1495546970745352,1.3214760015661262,535,
drop_rest_schedule,2025-01-08,2024_25,0022400511,NYK,TOR,210,231.33333333333334,-5.736685921893279,225.59664741144007,-5.736685921893269,-15.596647411440063,15.596647411440074,243.25541047678036,535,
drop_rest_schedule,2025-01-08,2024_25,0022400512,PHI,WAS,212,221.5,-3.7382321005529713,217.76176789944702,-3.7382321005529775,-5.761767899447029,5.7617678994470225,33.19796932709816,535,
drop_rest_schedule,2025-01-08,2024_25,0022400513,BKN,DET,211,213.5,-0.5473129913350355,212.95268700866495,-0.5473129913350476,-1.9526870086649644,1.9526870086649524,3.8129865538088796,535,
drop_rest_schedule,2025-01-08,2024_25,0022400515,DEN,LAC,229,227.5,-2.1446116578170398,225.35538834218295,-2.1446116578170518,3.6446116578170398,3.6446116578170518,13.283194136295958,535,
drop_rest_schedule,2025-01-08,2024_25,0022400514,NOP,POR,219,226.5,0.1422810559777656,226.64228105597778,0.14228105597777585,-7.642281055977765,7.642281055977776,58.40445973855679,535,
drop_rest_schedule,2025-01-08,2024_25,0022400516,MIL,SAS,226,222.33333333333334,-0.28689907276080284,222.04643426057254,-0.2868990727608036,3.95356573942746,3.953565739427461,15.630682055974605,535,
drop_rest_schedule,2025-01-09,2024_25,0022400517,CLE,TOR,258,234.66666666666666,-7.693823024459942,226.97284364220673,-7.693823024459931,31.027156357793285,31.027156357793274,962.6844316509515,543,
drop_rest_schedule,2025-01-09,2024_25,0022400518,DET,GSW,211,219.33333333333334,5.003221030895712,224.33655436422904,5.003221030895702,-13.336554364229055,13.336554364229045,177.86368231003678,543,
drop_rest_schedule,2025-01-09,2024_25,0022400519,ORL,MIN,193,204.0,0.3362673677968524,204.33626736779686,0.3362673677968644,-11.336267367796852,11.336267367796864,128.51095783417605,543,
drop_rest_schedule,2025-01-09,2024_25,0022400520,MEM,HOU,234,233.5,6.6667138199980585,240.16671381999805,6.666713819998051,-6.1667138199980585,6.166713819998051,38.02835933775496,543,
drop_rest_schedule,2025-01-09,2024_25,0022400521,DAL,POR,228,219.66666666666666,-1.1405778210015958,218.52608884566507,-1.1405778210015853,9.473911154334939,9.473911154334928,89.75499256023177,543,
drop_rest_schedule,2025-01-09,2024_25,0022400522,PHX,ATL,238,238.33333333333334,-2.5034296239149265,235.8299037094184,-2.50342962391494,2.1700962905815837,2.170096290581597,4.709317910396007,543,
drop_rest_schedule,2025-01-09,2024_25,0022400523,UTA,MIA,189,223.0,-0.24132301074303153,222.75867698925697,-0.24132301074303086,-33.75867698925697,33.75867698925697,1139.648272064988,543,
drop_rest_schedule,2025-01-10,2024_25,0022400528,BOS,SAC,211,229.66666666666666,-0.9683939357346452,228.69827273093202,-0.9683939357346389,-17.69827273093201,17.69827273093202,313.2288576584519,550,
drop_rest_schedule,2025-01-10,2024_25,0022400525,IND,GSW,204,223.83333333333334,-0.7275018314373737,223.10583150189598,-0.7275018314373654,-19.10583150189597,19.105831501895977,365.0327973788407,550,
drop_rest_schedule,2025-01-10,2024_25,0022400527,PHI,NOP,238,220.33333333333334,-0.8031859190098978,219.53014741432344,-0.8031859190099055,18.469852585676556,18.469852585676563,341.13545453662323,550,
drop_rest_schedule,2025-01-10,2024_25,0022400530,CHI,WAS,243,241.5,-1.788213811462253,239.71178618853776,-1.7882138114622421,3.288213811462253,3.288213811462242,10.812350069891046,550,
drop_rest_schedule,2025-01-10,2024_25,0022400529,NYK,OKC,227,225.0,2.8634941691122857,227.86349416911227,2.863494169112272,-0.8634941691122857,0.863494169112272,0.7456221800908929,550,
drop_rest_schedule,2025-01-10,2024_25,0022400531,DEN,BKN,229,220.5,-3.885730463060693,216.6142695369393,-3.885730463060696,12.385730463060693,12.385730463060696,153.40631910358974,550,
drop_rest_schedule,2025-01-10,2024_25,0022400526,ORL,MIL,215,209.33333333333334,3.334394699861297,212.66772803319463,3.334394699861292,2.33227196680536,2.332271966805365,5.439492527146166,550,
drop_rest_schedule,2025-01-11,2024_25,0022400533,PHX,UTA,220,228.5,-0.4565731907449456,228.04342680925507,-0.4565731907449333,-8.043426809255054,8.043426809255067,64.69671483584314,557,
drop_rest_schedule,2025-01-11,2024_25,0022400534,DET,TOR,237,230.33333333333334,-0.27167189490041677,230.06166143843294,-0.27167189490040755,6.938338561567074,6.938338561567065,48.140541994928526,557,
drop_rest_schedule,2025-01-11,2024_25,0022400535,MIN,MEM,252,230.0,3.9443919423950455,233.94439194239504,3.9443919423950433,18.055608057604953,18.055608057604957,326.00498232984904,557,
drop_rest_schedule,2025-01-11,2024_25,0022400536,POR,MIA,217,218.83333333333334,-0.6447666434785033,218.18856668985484,-0.6447666434785049,-1.1885666898548395,1.188566689854838,1.4126907762324865,557,
drop_rest_schedule,2025-01-12,2024_25,0022400543,CLE,IND,201,238.66666666666666,-3.069884474643997,235.59678219202266,-3.069884474643999,-34.59678219202266,34.59678219202266,1196.9373380422562,561,
drop_rest_schedule,2025-01-12,2024_25,0022400539,NYK,MIL,246,227.33333333333334,4.6680316773766295,232.00136501070997,4.668031677376632,13.998634989290029,13.998634989290025,195.96178156337493,561,
drop_rest_schedule,2025-01-12,2024_25,0022400540,DAL,DEN,213,229.0,-0.9780528211471362,228.02194717885286,-0.9780528211471449,-15.021947178852864,15.021947178852855,225.65889704424526,561,
drop_rest_schedule,2025-01-12,2024_25,0022400541,CHI,SAC,243,237.83333333333334,-1.1100495422152852,236.72328379111806,-1.110049542215279,6.276716208881942,6.276716208881936,39.397166366841226,561,
drop_rest_schedule,2025-01-12,2024_25,0022400542,BOS,NOP,239,227.0,0.8567923426300903,227.8567923426301,0.8567923426300865,11.14320765736991,11.143207657369913,124.17107689526748,561,
drop_rest_schedule,2025-01-12,2024_25,0022400546,UTA,BKN,223,215.5,-2.434984452565933,213.06501554743406,-2.434984452565942,9.934984452565933,9.934984452565942,98.703916072727,561,
drop_rest_schedule,2025-01-12,2024_25,0022400547,PHX,CHA,233,224.0,-4.487890187467845,219.51210981253215,-4.487890187467855,13.487890187467844,13.487890187467855,181.92318170919165,561,
drop_rest_schedule,2025-01-12,2024_25,0022400545,WAS,OKC,231,230.33333333333334,1.8044888007935775,232.1378221341269,1.804488800793564,-1.1378221341269203,1.1378221341269068,1.2946392089091088,561,
drop_rest_schedule,2025-01-12,2024_25,0022400544,ORL,PHI,203,206.16666666666666,-3.219958883994067,202.9467077826726,-3.219958883994053,0.05329221732740974,0.053292217327395974,0.0028400604276704036,561,
drop_rest_schedule,2025-01-13,2024_25,0022400548,WAS,MIN,226,224.33333333333334,3.0066639432535927,227.33999727658693,3.006663943253585,-1.3399972765869355,1.339997276586928,1.7955927012603838,570,
drop_rest_schedule,2025-01-13,2024_25,0022400549,NYK,DET,243,224.33333333333334,3.6726152446023073,228.00594857793564,3.672615244602298,14.99405142206435,14.99405142206436,224.82157804751023,570,
drop_rest_schedule,2025-01-13,2024_25,0022400550,TOR,GSW,205,228.5,2.721461835587641,231.22146183558763,2.7214618355876325,-26.22146183558764,26.221461835587633,687.5650607951787,570,
drop_rest_schedule,2025-01-13,2024_25,0022400551,HOU,MEM,238,236.16666666666666,2.1246069185394707,238.29127358520614,2.1246069185394845,-0.2912735852061279,0.29127358520614166,0.08484030143883947,570,
drop_rest_schedule,2025-01-13,2024_25,0022400552,LAL,SAS,228,222.5,1.6020210337668828,224.10202103376687,1.6020210337668743,3.8979789662331172,3.8979789662331257,15.194240021195867,570,
drop_rest_schedule,2025-01-13,2024_25,0022400553,LAC,MIA,207,215.33333333333334,-3.5660869957309003,211.76724633760244,-3.566086995730899,-4.767246337602442,4.767246337602444,22.726637643383913,570,
drop_rest_schedule,2025-01-14,2024_25,0022400555,PHI,OKC,220,218.33333333333334,4.215496707525855,222.5488300408592,4.215496707525858,-2.5488300408591975,2.548830040859201,6.496534577186317,576,
drop_rest_schedule,2025-01-14,2024_25,0022400557,CHI,NOP,232,239.66666666666666,0.28967364054353134,239.95634030721018,0.2896736405435263,-7.956340307210189,7.9563403072101835,63.30335108413744,576,
drop_rest_schedule,2025-01-14,2024_25,0022400556,ATL,PHX,239,235.16666666666666,2.661761816991133,237.8284284836578,2.6617618169911452,1.17157151634221,1.1715715163421976,1.3725798179043562,576,
drop_rest_schedule,2025-01-14,2024_25,0022400558,MIL,SAC,245,228.5,-1.9709933380824898,226.52900666191752,-1.9709933380824793,18.47099333808249,18.47099333808248,341.17759489548735,576,
drop_rest_schedule,2025-01-14,2024_25,0022400559,DAL,DEN,217,232.33333333333334,-5.264909543517242,227.0684237898161,-5.264909543517234,-10.068423789816102,10.068423789816109,101.37315761133497,576,
drop_rest_schedule,2025-01-14,2024_25,0022400560,POR,BKN,246,217.66666666666666,-2.2535663131155332,215.41310035355113,-2.2535663131155275,30.586899646448877,30.58689964644887,935.5584299819341,576,
drop_rest_schedule,2025-01-14,2024_25,0022400554,IND,CLE,244,230.66666666666666,-2.9156188697291183,227.75104779693754,-2.9156188697291157,16.248952203062462,16.24895220306246,264.0284476974083,576,
drop_rest_schedule,2025-01-15,2024_25,0022400565,MIN,GSW,231,215.33333333333334,3.154247680486368,218.48758101381972,3.154247680486378,12.51241898618029,12.512418986180279,156.56062888572473,583,
drop_rest_schedule,2025-01-15,2024_25,0022400562,TOR,BOS,207,229.66666666666666,-0.7517713292210665,228.91489533744559,-0.7517713292210715,-21.91489533744559,21.914895337445586,480.26263765119427,583,
drop_rest_schedule,2025-01-15,2024_25,0022400563,CHI,ATL,204,243.5,-3.938875829273686,239.56112417072632,-3.938875829273684,-35.561124170726316,35.561124170726316,1264.5935522858153,583,
drop_rest_schedule,2025-01-15,2024_25,0022400561,PHI,NYK,244,219.0,-0.34504941373322195,218.65495058626678,-0.3450494137332214,25.34504941373322,25.34504941373322,642.3715297845787,583,
drop_rest_schedule,2025-01-15,2024_25,0022400569,UTA,CHA,229,221.33333333333334,-1.4332186364474622,219.90011469688588,-1.4332186364474637,9.09988530311412,9.099885303114121,82.80791252983238,583,
drop_rest_schedule,2025-01-15,2024_25,0022400564,MIL,ORL,215,211.0,-0.38151006659775427,210.61848993340226,-0.3815100665977411,4.381510066597754,4.381510066597741,19.19763046369734,583,
drop_rest_schedule,2025-01-15,2024_25,0022400568,DEN,HOU,236,231.5,1.4797201030273774,232.97972010302738,1.4797201030273754,3.020279896972623,3.0202798969726246,9.122090656056967,583,
drop_rest_schedule,2025-01-15,2024_25,0022400571,LAC,BKN,193,213.0,-3.7772223716697457,209.22277762833025,-3.777222371669751,-16.222777628330256,16.22277762833025,263.1785139782524,583,
drop_rest_schedule,2025-01-15,2024_25,0022400570,LAL,MIA,225,217.33333333333334,0.6502394931311738,217.98357282646452,0.6502394931311812,7.016427173535483,7.016427173535476,49.23025028152703,583,
drop_rest_schedule,2025-01-15,2024_25,0022400567,SAS,MEM,244,239.16666666666666,0.5116886987760575,239.6783553654427,0.5116886987760552,4.321644634557285,4.321644634557288,18.676612347397793,583,
drop_rest_schedule,2025-01-15,2024_25,0022400566,NOP,DAL,235,225.83333333333334,-2.5473814317360954,223.28595190159726,-2.547381431736085,11.714048098402753,11.714048098402742,137.2189228516929,583,
drop_rest_schedule,2025-01-16,2024_25,0022400576,SAC,HOU,259,226.16666666666666,-2.4578095920798875,223.70885707458677,-2.457809592079883,35.29114292541323,35.291142925413226,1245.464768981944,594,
drop_rest_schedule,2025-01-16,2024_25,0022400572,DET,IND,211,227.0,-2.911727206006432,224.08827279399358,-2.911727206006418,-13.088272793993568,13.088272793993582,171.30288472999257,594,
drop_rest_schedule,2025-01-16,2024_25,0022400573,WAS,PHX,253,231.66666666666666,-0.13062787151078786,231.53603879515586,-0.13062787151079647,21.463961204844132,21.46396120484414,460.7016306030543,594,
drop_rest_schedule,2025-01-16,2024_25,0022400574,OKC,CLE,248,232.5,-0.8894729871055334,231.61052701289447,-0.8894729871055347,16.389472987105535,16.389472987105535,268.614824795062,594,
drop_rest_schedule,2025-01-16,2024_25,0022400575,POR,LAC,207,221.16666666666666,1.3136357139533583,222.48030238062,1.3136357139533459,-15.480302380620016,15.480302380620003,239.63976179542934,594,
drop_rest_schedule,2025-01-17,2024_25,0022400577,BOS,ORL,215,210.66666666666666,0.7979261500212449,211.4645928166879,0.7979261500212544,3.535407183312098,3.5354071833120884,12.499103951814714,599,
drop_rest_schedule,2025-01-17,2024_25,0022400578,NYK,MIN,215,219.33333333333334,0.9663369711545735,220.2996703044879,0.9663369711545613,-5.2996703044879165,5.299670304487904,28.086505336270914,599,
drop_rest_schedule,2025-01-17,2024_25,0022400580,MIL,TOR,242,229.66666666666666,5.913860876066093,235.58052754273274,5.913860876066082,6.41947245726725,6.419472457267261,41.20962662961297,599,
drop_rest_schedule,2025-01-17,2024_25,0022400579,MIA,DEN,246,226.16666666666666,-0.9253139748431964,225.24135269182347,-0.925313974843192,20.75864730817654,20.758647308176535,430.9214380652649,599,
drop_rest_schedule,2025-01-17,2024_25,0022400585,LAL,BKN,203,216.66666666666666,-0.5650430087007541,216.10162365796592,-0.5650430087007408,-13.101623657965902,13.101623657965916,171.6525424749722,599,
drop_rest_schedule,2025-01-17,2024_25,0022400581,NOP,UTA,259,230.16666666666666,0.804321539492778,230.97098820615943,0.8043215394927756,28.029011793840564,28.029011793840567,785.6255021392536,599,
drop_rest_schedule,2025-01-17,2024_25,0022400584,CHI,CHA,248,235.0,-1.8482839755629463,233.15171602443706,-1.8482839755629357,14.848283975562946,14.848283975562936,220.47153701895905,599,
drop_rest_schedule,2025-01-17,2024_25,0022400582,SAS,MEM,252,239.16666666666666,0.5562234730492162,239.72289013971587,0.556223473049215,12.277109860284126,12.277109860284128,150.72742652148577,599,
drop_rest_schedule,2025-01-17,2024_25,0022400583,DAL,OKC,204,223.33333333333334,4.1028752397683235,227.43620857310168,4.102875239768338,-23.436208573101666,23.43620857310168,549.2558722819247,599,
drop_rest_schedule,2025-01-18,2024_25,0022400586,DET,PHX,246,226.66666666666666,1.133610430156689,227.80027709682335,1.1336104301566934,18.199722903176653,18.19972290317665,331.2299137524127,608,
drop_rest_schedule,2025-01-18,2024_25,0022400587,BOS,ATL,234,234.5,2.7371051882655495,237.23710518826556,2.7371051882655593,-3.2371051882655495,3.2371051882655593,10.478849999895802,608,
drop_rest_schedule,2025-01-18,2024_25,0022400588,IND,PHI,217,223.16666666666666,2.6568806371802807,225.82354730384694,2.6568806371802793,-8.823547303846938,8.823547303846937,77.85498702322454,608,
drop_rest_schedule,2025-01-18,2024_25,0022400589,GSW,WAS,236,228.83333333333334,-0.9455857904826657,227.8877475428507,-0.945585790482653,8.112252457149323,8.11225245714931,65.80863992852503,608,
drop_rest_schedule,2025-01-18,2024_25,0022400590,MIN,CLE,241,226.66666666666666,0.9633525883610096,227.63001925502766,0.9633525883610048,13.369980744972333,13.369980744972338,178.75638512093107,608,
drop_rest_schedule,2025-01-18,2024_25,0022400591,POR,HOU,228,224.5,6.750519535334493,231.2505195353345,6.75051953533449,-3.250519535334493,3.2505195353344902,10.56587724959115,608,
drop_rest_schedule,2025-01-19,2024_25,0022400597,POR,CHI,215,235.5,6.596782393713804,242.0967823937138,6.596782393713795,-27.096782393713802,27.096782393713795,734.235616092278,614,
drop_rest_schedule,2025-01-19,2024_25,0022400595,OKC,BKN,228,217.5,-3.2565495148812107,214.24345048511879,-3.2565495148812147,13.756549514881211,13.756549514881215,189.24265455537858,614,
drop_rest_schedule,2025-01-19,2024_25,0022400592,MIA,SAS,235,219.5,-4.65984889735556,214.84015110264443,-4.659848897355573,20.15984889735556,20.159848897355573,406.41950756420874,614,
drop_rest_schedule,2025-01-19,2024_25,0022400593,ORL,DEN,213,221.5,6.145097335315496,227.64509733531548,6.145097335315484,-14.645097335315496,14.645097335315484,214.47887596086468,614,
drop_rest_schedule,2025-01-19,2024_25,0022400598,SAC,WAS,223,232.5,-2.589814643185231,229.91018535681476,-2.5898146431852354,-6.910185356814769,6.910185356814765,47.750661665537194,614,
drop_rest_schedule,2025-01-19,2024_25,0022400596,LAC,LAL,218,214.66666666666666,-5.7474991265052005,208.91916754016145,-5.747499126505204,9.080832459838543,9.080832459838547,82.46151816365739,614,
drop_rest_schedule,2025-01-19,2024_25,0022400594,MIL,PHI,232,223.16666666666666,-3.408748561105035,219.75791810556163,-3.4087485611050283,12.242081894438378,12.242081894438371,149.86856911013578,614,
drop_rest_schedule,2025-01-20,2024_25,0022400603,CLE,PHX,210,233.5,1.4391567673599501,234.93915676735995,1.4391567673599468,-24.93915676735995,24.939156767359947,621.9615402669555,621,
drop_rest_schedule,2025-01-20,2024_25,0022400605,NOP,UTA,242,232.5,-0.3895859791555014,232.1104140208445,-0.3895859791554983,9.889585979155502,9.889585979155498,97.80391083910902,621,
drop_rest_schedule,2025-01-20,2024_25,0022400604,GSW,BOS,210,223.5,1.3352875185054467,224.83528751850545,1.335287518505453,-14.835287518505446,14.835287518505453,220.08575575672367,621,
drop_rest_schedule,2025-01-20,2024_25,0022400611,LAC,CHI,211,227.16666666666666,4.947296092692975,232.11396275935962,4.947296092692966,-21.11396275935963,21.113962759359623,445.79942340362504,621,
drop_rest_schedule,2025-01-20,2024_25,0022400602,NYK,ATL,229,235.66666666666666,-0.24668950388635555,235.4199771627803,-0.24668950388635835,-6.4199771627803015,6.419977162780299,41.21610677062058,621,
drop_rest_schedule,2025-01-20,2024_25,0022400600,HOU,DET,203,222.83333333333334,0.6511352470577301,223.48446858039108,0.6511352470577378,-20.484468580391074,20.48446858039108,419.6134530210294,621,
drop_rest_schedule,2025-01-20,2024_25,0022400599,CHA,DAL,215,223.5,1.0009602762293126,224.5009602762293,1.000960276229307,-9.500960276229312,9.500960276229307,90.26824617048727,621,
drop_rest_schedule,2025-01-20,2024_25,0022400601,MEM,MIN,214,234.83333333333334,0.005761589631210038,234.83909492296456,0.005761589631219977,-20.839094922964552,20.839094922964563,434.26787720832743,621,
drop_rest_schedule,2025-01-21,2024_25,0022400610,LAL,WAS,199,229.16666666666666,-2.6172326780393105,226.54943398862736,-2.6172326780393007,-27.549433988627346,27.549433988627356,758.9713130937362,629,
drop_rest_schedule,2025-01-21,2024_25,0022400609,DEN,PHI,253,229.16666666666666,0.633928704768588,229.80059537143524,0.6339287047685787,23.199404628564753,23.199404628564764,538.2123751198721,629,
drop_rest_schedule,2025-01-21,2024_25,0022400608,TOR,ORL,202,215.33333333333334,0.2455481098346214,215.57888144316797,0.2455481098346297,-13.578881443167964,13.578881443167973,184.38602124761152,629,
drop_rest_schedule,2025-01-21,2024_25,0022400606,BKN,NYK,194,219.66666666666666,2.269863505961509,221.93653017262815,2.2698635059614958,-27.936530172628167,27.936530172628153,780.4497180861632,629,
drop_rest_schedule,2025-01-21,2024_25,0022400607,MIA,POR,223,221.33333333333334,1.9964914139095742,223.32982474724292,1.996491413909581,-0.329824747242917,0.3298247472429239,0.10878436389385862,629,
drop_rest_schedule,2025-01-22,2024_25,0022400620,LAC,BOS,230,217.16666666666666,-0.1584097733822757,217.00825689328437,-0.15840977338228868,12.991743106715619,12.991743106715631,168.78538895089312,634,
drop_rest_schedule,2025-01-22,2024_25,0022400619,SAC,GSW,240,228.33333333333334,3.076231145046204,231.40956447837954,3.0762311450461937,8.590435521620453,8.590435521620464,73.79558245111865,634,
drop_rest_schedule,2025-01-22,2024_25,0022400618,OKC,UTA,237,225.66666666666666,-2.464542993299111,223.20212367336754,-2.464542993299119,13.797876326632455,13.797876326632462,190.38139112504453,634,
drop_rest_schedule,2025-01-22,2024_25,0022400616,MEM,CHA,252,239.5,-3.279987182912639,236.22001281708737,-3.2799871829126346,15.779987182912638,15.779987182912635,249.00799549288703,634,
drop_rest_schedule,2025-01-22,2024_25,0022400613,BKN,PHX,192,219.83333333333334,0.3354025967500149,220.16873593008336,0.33540259675001494,-28.168735930083358,28.168735930083358,793.4776838987691,634,
drop_rest_schedule,2025-01-22,2024_25,0022400614,DAL,MIN,229,217.16666666666666,-0.35919354173412155,216.80747312493253,-0.359193541734129,12.192526875067465,12.192526875067472,148.65771159924256,634,
drop_rest_schedule,2025-01-22,2024_25,0022400612,ATL,DET,218,235.66666666666666,0.20440843190657954,235.87107509857324,0.20440843190658597,-17.871075098573236,17.871075098573243,319.37532517884466,634,
drop_rest_schedule,2025-01-22,2024_25,0022400615,HOU,CLE,217,231.5,0.08507240915246853,231.58507240915247,0.08507240915247394,-14.585072409152469,14.585072409152474,212.72433718022074,634,
drop_rest_schedule,2025-01-23,2024_25,0022400623,ATL,TOR,241,234.33333333333334,-0.6068498705861614,233.72648346274718,-0.60684987058616,7.273516537252819,7.273516537252817,52.90404281769021,642,
drop_rest_schedule,2025-01-23,2024_25,0022400622,ORL,POR,180,212.0,-1.6852515798601402,210.31474842013986,-1.685251579860136,-30.31474842013986,30.314748420139864,918.9839717763724,642,
drop_rest_schedule,2025-01-23,2024_25,0022400625,OKC,DAL,236,220.5,-2.553280798138632,217.94671920186136,-2.553280798138644,18.053280798138633,18.053280798138644,325.92094757644145,642,
drop_rest_schedule,2025-01-23,2024_25,0022400624,MIL,MIA,221,223.83333333333334,-0.5756950557100542,223.2576382776233,-0.5756950557100424,-2.257638277623289,2.2576382776233004,5.096930592589902,642,
drop_rest_schedule,2025-01-23,2024_25,0022400629,LAL,BOS,213,221.16666666666666,4.368914214647326,225.535580881314,4.368914214647333,-12.535580881313983,12.53558088131399,157.14078803196483,642,
drop_rest_schedule,2025-01-23,2024_25,0022400626,DEN,SAC,255,240.66666666666666,1.087805814185168,241.75447248085183,1.0878058141851739,13.245527519148174,13.245527519148169,175.44399926051145,642,
drop_rest_schedule,2025-01-23,2024_25,0022400983,LAC,WAS,203,224.0,-1.368348409207623,222.6316515907924,-1.3683484092076128,-19.631651590792377,19.631651590792387,385.40174418226127,642,
drop_rest_schedule,2025-01-23,2024_25,0022400628,GSW,CHI,237,230.66666666666666,2.393745024426822,233.0604116910935,2.393745024426835,3.939588308906521,3.939588308906508,15.52035604367284,642,
drop_rest_schedule,2025-01-24,2024_25,0022400630,CHA,POR,199,220.83333333333334,-0.37011793512104857,220.4632153982123,-0.3701179351210442,-21.463215398212295,21.4632153982123,460.6696152300575,650,
drop_rest_schedule,2025-01-24,2024_25,0022400631,PHI,CLE,261,228.66666666666666,-1.3671524243444906,227.29951424232218,-1.3671524243444821,33.70048575767783,33.700485757677825,1135.722740303446,650,
drop_rest_schedule,2025-01-24,2024_25,0022400632,MEM,NOP,265,242.83333333333334,-2.9587821741809104,239.87455115915245,-2.9587821741808966,25.125448840847568,25.125448840847554,631.2881794540477,650,
drop_rest_schedule,2025-01-25,2024_25,0022400646,LAC,MIL,244,224.83333333333334,5.701535897205469,230.53486923053882,5.701535897205474,13.465130769461188,13.465130769461183,181.3097466386903,653,
drop_rest_schedule,2025-01-25,2024_25,0022400639,ATL,TOR,211,236.0,0.6088689865818023,236.6088689865818,0.6088689865817969,-25.608868986581804,25.608868986581797,655.814170771911,653,
drop_rest_schedule,2025-01-25,2024_25,0022400634,MIN,DEN,237,228.16666666666666,-0.8082627197557004,227.35840394691095,-0.8082627197557031,9.641596053089042,9.641596053089046,92.96037445094227,653,
drop_rest_schedule,2025-01-25,2024_25,0022400635,DAL,BOS,229,222.33333333333334,-1.1306591440031761,221.20267418933017,-1.1306591440031752,7.797325810669833,7.797325810669832,60.79828979773796,653,
drop_rest_schedule,2025-01-25,2024_25,0022400645,PHX,WAS,228,231.83333333333334,-4.5176330784372,227.31570025489614,-4.5176330784372,0.684299745103857,0.684299745103857,0.46826614114920373,653,
drop_rest_schedule,2025-01-25,2024_25,0022400637,CHA,NOP,215,228.16666666666666,1.961376973785415,230.12804364045206,1.9613769737854057,-15.128043640452072,15.128043640452063,228.8577043874221,653,
drop_rest_schedule,2025-01-25,2024_25,0022400638,ORL,DET,234,211.33333333333334,-5.136789739518726,206.19654359381462,-5.1367897395187185,27.803456406185383,27.803456406185376,773.0321881306506,653,
drop_rest_schedule,2025-01-25,2024_25,0022400636,BKN,MIA,203,209.5,-7.063431940171352,202.43656805982866,-7.063431940171341,0.5634319401713519,0.5634319401713412,0.3174555512052418,653,
drop_rest_schedule,2025-01-25,2024_25,0022400640,CLE,HOU,266,227.0,5.026114791314546,232.02611479131454,5.026114791314541,33.97388520868545,33.97388520868546,1154.2248761729365,653,
drop_rest_schedule,2025-01-25,2024_25,0022400641,NYK,SAC,263,232.83333333333334,0.5441769102562062,233.37751024358954,0.5441769102561977,29.622489756410452,29.62248975641046,877.4918993686426,653,
drop_rest_schedule,2025-01-25,2024_25,0022400642,CHI,PHI,206,231.66666666666666,-0.6703161476254466,230.99635051904121,-0.6703161476254422,-24.99635051904121,24.996350519041215,624.817539270772,653,
drop_rest_schedule,2025-01-25,2024_25,0022400643,MEM,UTA,228,245.33333333333334,0.5341505780158363,245.86748391134918,0.53415057801584,-17.86748391134918,17.867483911349183,319.2469813223219,653,
drop_rest_schedule,2025-01-25,2024_25,0022400644,GSW,LAL,226,219.0,1.1962642889523074,220.1962642889523,1.1962642889523067,5.803735711047692,5.803735711047693,33.68334820369027,653,
drop_rest_schedule,2025-01-26,2024_25,0022400647,POR,OKC,226,225.5,3.4334420196513262,228.93344201965132,3.4334420196513236,-2.9334420196513262,2.9334420196513236,8.605082082656036,666,
drop_rest_schedule,2025-01-27,2024_25,0022400653,NYK,MEM,249,242.33333333333334,1.7463803884009093,244.07971372173427,1.7463803884009224,4.920286278265748,4.920286278265735,24.209217060090076,667,
drop_rest_schedule,2025-01-27,2024_25,0022400649,CLE,DET,201,235.0,-1.246587677072946,233.75341232292706,-1.246587677072938,-32.753412322927055,32.75341232292706,1072.7860187956703,667,
drop_rest_schedule,2025-01-27,2024_25,0022400650,BOS,HOU,226,221.83333333333334,6.823866374353996,228.65719970768734,6.823866374353997,-2.6571997076873384,2.65719970768734,7.060710286533686,667,
drop_rest_schedule,2025-01-27,2024_25,0022400651,BKN,SAC,206,221.5,-2.7416066264412806,218.75839337355873,-2.7416066264412677,-12.75839337355872,12.758393373558732,162.77660147446736,667,
drop_rest_schedule,2025-01-27,2024_25,0022400652,MIA,ORL,244,207.5,0.20540416431581496,207.7054041643158,0.20540416431580866,36.294595835684184,36.29459583568419,1317.2976868756643,667,
drop_rest_schedule,2025-01-27,2024_25,0022400658,UTA,MIL,235,236.33333333333334,2.2844784257429316,238.61781175907626,2.2844784257429183,-3.6178117590762744,3.617811759076261,13.08856192411047,667,
drop_rest_schedule,2025-01-27,2024_25,0022400648,CHA,LAL,219,222.16666666666666,4.368374590844789,226.53504125751144,4.36837459084478,-7.5350412575114465,7.535041257511438,56.77684675239955,667,
drop_rest_schedule,2025-01-27,2024_25,0022400655,CHI,DEN,250,246.16666666666666,4.157812280207329,250.324478946874,4.157812280207338,-0.3244789468739864,0.32447894687399526,0.10528658696445703,667,
drop_rest_schedule,2025-01-27,2024_25,0022400656,MIN,ATL,192,220.0,0.9910029744392188,220.99100297443923,0.9910029744392261,-28.99100297443922,28.991002974439226,840.478253463944,667,
drop_rest_schedule,2025-01-27,2024_25,0022400657,DAL,WAS,238,231.33333333333334,1.4639229837384353,232.79725631707177,1.4639229837384278,5.202743682928222,5.202743682928229,27.068541830249597,667,
drop_rest_schedule,2025-01-27,2024_25,0022400659,PHX,LAC,220,223.33333333333334,0.5824067480446248,223.91574008137798,0.5824067480446331,-3.9157400813779675,3.915740081377976,15.333020384909997,667,
drop_rest_schedule,2025-01-27,2024_25,0022400654,TOR,NOP,217,232.5,-0.21415837546003572,232.28584162453996,-0.21415837546004468,-15.285841624539964,15.285841624539955,233.6569541705183,667,
drop_rest_schedule,2025-01-28,2024_25,0022400532,ATL,HOU,196,227.0,6.362422876172,233.362422876172,6.3624228761719905,-37.362422876172,37.36242287617199,1395.9506431779,679,
drop_rest_schedule,2025-01-28,2024_25,0022400660,PHI,LAL,222,217.5,-1.895482436475942,215.60451756352407,-1.8954824364759304,6.395482436475942,6.39548243647593,40.902195595272104,679,
drop_rest_schedule,2025-01-28,2024_25,0022400661,GSW,UTA,217,229.5,0.07361363161927117,229.57361363161928,0.07361363161928125,-12.57361363161927,12.573613631619281,158.0957597572422,679,
drop_rest_schedule,2025-01-28,2024_25,0022400662,POR,MIL,237,229.83333333333334,0.6853018917988131,230.51863522513216,0.6853018917988152,6.481364774867844,6.481364774867842,42.00808934489767,679,
drop_rest_schedule,2025-01-29,2024_25,0022400667,MIA,CLE,232,227.5,2.9075605471455903,230.40756054714558,2.9075605471455788,1.5924394528544097,1.5924394528544212,2.5358634110072886,683,
drop_rest_schedule,2025-01-29,2024_25,0022400663,CHA,BKN,187,204.83333333333334,1.7414069934317735,206.57474032676512,1.7414069934317808,-19.574740326765117,19.574740326765124,383.1704588602848,683,
drop_rest_schedule,2025-01-29,2024_25,0022400664,IND,DET,252,229.5,-0.5783918139566719,228.92160818604333,-0.5783918139566708,23.07839181395667,23.07839181395667,532.6121687185023,683,
drop_rest_schedule,2025-01-29,2024_25,0022400665,WAS,TOR,188,231.0,-1.334010044827533,229.66598995517248,-1.3340100448275223,-41.66598995517246,41.66598995517248,1736.0547189445338,683,
drop_rest_schedule,2025-01-29,2024_25,0022400673,GSW,OKC,225,228.33333333333334,-0.13649037050993787,228.1968429628234,-0.1364903705099323,-3.1968429628234047,3.1968429628234105,10.219804928953561,683,
drop_rest_schedule,2025-01-29,2024_25,0022400666,BOS,CHI,222,232.33333333333334,-1.8890127457124992,230.44432058762084,-1.889012745712506,-8.444320587620844,8.444320587620837,71.30655018651711,683,
drop_rest_schedule,2025-01-29,2024_25,0022400670,NOP,DAL,273,232.16666666666666,2.8295735852130117,234.99624025187967,2.829573585213012,38.00375974812033,38.00375974812033,1444.285754992851,683,
drop_rest_schedule,2025-01-29,2024_25,0022400669,PHI,SAC,221,228.5,-2.2020038367709915,226.29799616322902,-2.2020038367709844,-5.2979961632290085,5.297996163229016,28.06876334558937,683,
drop_rest_schedule,2025-01-29,2024_25,0022400668,NYK,DEN,234,239.5,2.4275803658190074,241.927580365819,2.4275803658190114,-7.927580365819008,7.927580365819011,62.84653045651909,683,
drop_rest_schedule,2025-01-29,2024_25,0022400671,SAS,LAC,244,222.5,-0.009071612576539823,222.49092838742345,-0.009071612576548205,21.50907161257654,21.509071612576548,462.6401616349463,683,
drop_rest_schedule,2025-01-29,2024_25,0022400672,PHX,MIN,234,217.33333333333334,6.461323437719729,223.79465677105307,6.461323437719727,10.205343228946928,10.20534322894693,104.14903042061295,683,
drop_rest_schedule,2025-01-30,2024_25,0022400674,WAS,LAL,230,223.66666666666666,-1.951437160104554,221.7152295065621,-1.9514371601045468,8.284770493437897,8.28477049343789,68.6374221289391,694,
drop_rest_schedule,2025-01-30,2024_25,0022400675,CLE,ATL,252,237.16666666666666,-5.008976195468306,232.15769047119835,-5.008976195468307,19.84230952880165,19.84230952880165,393.71724743677277,694,
drop_rest_schedule,2025-01-30,2024_25,0022400676,MEM,HOU,239,238.0,1.2687534642508598,239.26875346425086,1.2687534642508638,-0.2687534642508598,0.26875346425086377,0.07222842454684031,694,
drop_rest_schedule,2025-01-30,2024_25,0022400677,UTA,MIN,251,224.33333333333334,1.257080780742131,225.5904141140755,1.2570807807421431,25.409585885924525,25.409585885924514,645.6470548941743,694,
drop_rest_schedule,2025-01-30,2024_25,0022400678,POR,ORL,209,212.5,-0.8235579822752579,211.67644201772475,-0.823557982275247,-2.6764420177247423,2.676442017724753,7.163341874242547,694,
drop_rest_schedule,2025-01-31,2024_25,0022400681,PHI,DEN,271,232.5,-0.9431007251538118,231.5568992748462,-0.9431007251538119,39.44310072515381,39.44310072515381,1555.7581948146292,699,
drop_rest_schedule,2025-01-31,2024_25,0022400679,CHA,LAC,216,212.0,3.9609453797269696,215.96094537972698,3.9609453797269794,0.039054620273030416,0.039054620273020646,0.0015252633646698351,699,
drop_rest_schedule,2025-01-31,2024_25,0022400680,DET,DAL,219,229.33333333333334,1.5742846405343873,230.90761797386773,1.5742846405343869,-11.90761797386773,11.90761797386773,141.7913658115778,699,
drop_rest_schedule,2025-01-31,2024_25,0022400684,SAS,MIL,262,232.83333333333334,-0.1619954517975712,232.67133788153578,-0.1619954517975657,29.32866211846423,29.328662118464223,860.1704216590383,699,
drop_rest_schedule,2025-01-31,2024_25,0022400683,NOP,BOS,234,231.66666666666666,-3.532275202598699,228.13439146406796,-3.532275202598697,5.865608535932042,5.86560853593204,34.40536349679881,699,
drop_rest_schedule,2025-01-31,2024_25,0022400682,TOR,CHI,228,233.33333333333334,3.5000780024748424,236.8334113358082,3.500078002474851,-8.833411335808185,8.833411335808194,78.02915582758469,699,
drop_rest_schedule,2025-01-31,2024_25,0022400685,GSW,PHX,235,227.5,2.2371935283946347,229.73719352839464,2.2371935283946414,5.262806471605366,5.262806471605359,27.697131957571244,699,
drop_rest_schedule,2025-02-01,2024_25,0022400691,OKC,SAC,254,234.33333333333334,-6.0805137493509065,228.25281958398244,-6.080513749350899,25.747180416017564,25.747180416017557,662.917299374958,706,
drop_rest_schedule,2025-02-01,2024_25,0022400694,POR,PHX,235,228.5,4.115863918504146,232.61586391850415,4.115863918504147,2.3841360814958543,2.3841360814958534,5.6841048550904025,706,
drop_rest_schedule,2025-02-01,2024_25,0022400693,SAS,MIA,208,224.0,-1.331604404872778,222.6683955951272,-1.3316044048727917,-14.668395595127222,14.668395595127208,215.16182933514727,706,
drop_rest_schedule,2025-02-01,2024_25,0022400692,NYK,LAL,240,227.5,-1.173180398440601,226.3268196015594,-1.1731803984405929,13.673180398440602,13.673180398440593,186.95586220830006,706,
drop_rest_schedule,2025-02-01,2024_25,0022400690,MIN,WAS,208,223.16666666666666,-3.8191807292086075,219.34748593745806,-3.819180729208597,-11.34748593745805,11.34748593745806,128.76543710080844,706,
drop_rest_schedule,2025-02-01,2024_25,0022400688,CHA,DEN,211,223.0,2.1457924219959628,225.14579242199596,2.1457924219959637,-14.145792421995964,14.145792421995964,200.10344324619842,706,
drop_rest_schedule,2025-02-01,2024_25,0022400687,UTA,ORL,212,216.16666666666666,2.593370162063413,218.76003682873008,2.5933701620634224,-6.760036828730071,6.76003682873008,45.69809792578703,706,
drop_rest_schedule,2025-02-01,2024_25,0022400686,IND,ATL,259,239.5,-1.435838001541638,238.06416199845836,-1.43583800154164,20.935838001541637,20.93583800154164,438.30931282679506,706,
drop_rest_schedule,2025-02-01,2024_25,0022400689,HOU,BKN,208,213.5,-0.8775936154261861,212.62240638457382,-0.8775936154261785,-4.622406384573814,4.6224063845738215,21.366640784148828,706,
drop_rest_schedule,2025-02-02,2024_25,0022400699,MIL,MEM,251,245.0,3.5692620617228585,248.56926206172287,3.569262061722867,2.4307379382771415,2.430737938277133,5.908486924579767,715,
drop_rest_schedule,2025-02-02,2024_25,0022400698,PHI,BOS,228,222.33333333333334,-1.1604887898381917,221.17284454349516,-1.1604887898381833,6.827155456504849,6.8271554565048405,46.610051627283816,715,
drop_rest_schedule,2025-02-02,2024_25,0022400695,DET,CHI,246,233.16666666666666,-1.055116091194543,232.1115505754721,-1.0551160911945487,13.888449424527886,13.888449424527892,192.88902741766913,715,
drop_rest_schedule,2025-02-02,2024_25,0022400696,CLE,DAL,245,236.66666666666666,-0.688511481316825,235.97815518534983,-0.6885114813168229,9.021844814650168,9.021844814650166,81.39368385963009,715,
drop_rest_schedule,2025-02-02,2024_25,0022400697,TOR,LAC,223,220.0,0.5130390095534867,220.5130390095535,0.5130390095534949,2.486960990446513,2.486960990446505,6.1849749680026616,715,
drop_rest_schedule,2025-02-03,2024_25,0022400704,MIN,SAC,230,221.83333333333334,0.6996868743544724,222.53302020768783,0.6996868743544837,7.466979792312185,7.4669797923121735,55.755787218798346,720,
drop_rest_schedule,2025-02-03,2024_25,0022400700,CHA,WAS,238,217.0,-0.1985539184867415,216.80144608151326,-0.19855391848673776,21.19855391848674,21.198553918486738,449.3786882349894,720,
drop_rest_schedule,2025-02-03,2024_25,0022400701,DET,ATL,262,235.16666666666666,-1.848437302049726,233.31822936461694,-1.8484373020497173,28.681770635383067,28.68177063538306,822.6439667807219,720,
drop_rest_schedule,2025-02-03,2024_25,0022400702,NYK,HOU,242,224.16666666666666,1.1588451233218604,225.32551178998852,1.1588451233218677,16.674488210011482,16.674488210011475,278.0385570658117,720,
drop_rest_schedule,2025-02-03,2024_25,0022400703,MEM,SAS,237,241.33333333333334,-2.6179936158284263,238.71533971750492,-2.617993615828425,-1.7153397175049165,1.7153397175049179,2.9423903464498515,720,
drop_rest_schedule,2025-02-03,2024_25,0022400707,UTA,IND,223,239.16666666666666,5.798259470806742,244.9649261374734,5.798259470806755,-21.964926137473398,21.964926137473412,482.45798022466266,720,
drop_rest_schedule,2025-02-03,2024_25,0022400705,OKC,MIL,221,233.0,1.1701386326733765,234.17013863267337,1.1701386326733711,-13.170138632673376,13.170138632673371,173.45255160383562,720,
drop_rest_schedule,2025-02-03,2024_25,0022400706,DEN,NOP,238,239.33333333333334,-1.187384263210156,238.14594907012318,-1.1873842632101628,-0.1459490701231867,0.14594907012318004,0.021301131069820924,720,
drop_rest_schedule,2025-02-03,2024_25,0022400708,GSW,ORL,203,212.33333333333334,-3.6783441928915552,208.65498914044178,-3.678344192891558,-5.654989140441788,5.654989140441785,31.978902178514517,720,
drop_rest_schedule,2025-02-03,2024_25,0022400709,POR,PHX,240,229.66666666666666,1.980171139962365,231.646837806629,1.9801711399623514,8.353162193370977,8.353162193370991,69.77531862876248,720,
drop_rest_schedule,2025-02-04,2024_25,0022400710,CLE,BOS,217,237.33333333333334,-1.0229966806327462,236.31033665270058,-1.0229966806327582,-19.310336652700595,19.310336652700585,372.8891016406316,730,
drop_rest_schedule,2025-02-04,2024_25,0022400712,PHI,DAL,234,225.5,-1.3615763681375448,224.13842363186245,-1.3615763681375483,9.861576368137545,9.861576368137548,97.25068846460896,730,
drop_rest_schedule,2025-02-04,2024_25,0022400711,BKN,HOU,196,209.5,-2.107437461509175,207.39256253849084,-2.1074374615091642,-11.392562538490825,11.392562538490836,129.79048119342477,730,
drop_rest_schedule,2025-02-04,2024_25,0022400714,CHI,MIA,257,227.66666666666666,-2.636504818785923,225.03016184788072,-2.6365048187859372,31.969838152119266,31.96983815211928,1022.0705514727015,730,
drop_rest_schedule,2025-02-04,2024_25,0022400713,TOR,NYK,236,231.5,4.994831161268395,236.4948311612684,4.994831161268394,-0.49483116126839466,0.49483116126839377,0.24485787816222712,730,
drop_rest_schedule,2025-02-04,2024_25,0022400715,LAC,LAL,219,220.5,1.8669963789114146,222.3669963789114,1.8669963789114092,-3.3669963789114146,3.3669963789114092,11.336664615602542,730,
drop_rest_schedule,2025-02-04,2024_25,0022400716,POR,IND,201,233.33333333333334,4.309997836821531,237.64333117015488,4.3099978368215375,-36.64333117015487,36.64333117015488,1342.7337192456441,730,
drop_rest_schedule,2025-02-05,2024_25,0022400717,CHA,MIL,214,220.16666666666666,2.565667625211475,222.73233429187815,2.565667625211489,-8.732334291878132,8.732334291878146,76.25366218511101,737,
drop_rest_schedule,2025-02-05,2024_25,0022400718,DET,CLE,233,236.33333333333334,1.1391357659295918,237.47246909926292,1.1391357659295807,-4.472469099262934,4.4724690992629235,20.002979843861706,737,
drop_rest_schedule,2025-02-05,2024_25,0022400719,ATL,SAS,251,240.16666666666666,-4.6712675693173455,235.49539909734932,-4.671267569317337,15.504600902650688,15.50460090265068,240.39264915047627,737,
drop_rest_schedule,2025-02-05,2024_25,0022400720,BKN,WAS,221,216.83333333333334,-4.768478431837565,212.06485490149578,-4.768478431837565,8.935145098504222,8.935145098504222,79.83681793132402,737,
drop_rest_schedule,2025-02-05,2024_25,0022400725,UTA,GSW,259,227.0,0.973279010395443,227.97327901039543,0.9732790103954301,31.026720989604556,31.02672098960457,962.6574153667688,737,
drop_rest_schedule,2025-02-05,2024_25,0022400721,PHI,MIA,209,215.5,-1.565758550810422,213.93424144918959,-1.5657585508104148,-4.934241449189578,4.934241449189585,24.346738678900536,737,
drop_rest_schedule,2025-02-05,2024_25,0022400724,OKC,PHX,249,226.16666666666666,0.8961932098862408,227.0628598765529,0.8961932098862349,21.9371401234471,21.937140123447108,481.238116795753,737,
drop_rest_schedule,2025-02-05,2024_25,0022400726,DEN,NOP,263,238.66666666666666,-0.5302328110332742,238.13643385563338,-0.5302328110332724,24.86356614436662,24.863566144366615,618.1969214152938,737,
drop_rest_schedule,2025-02-05,2024_25,0022400727,SAC,ORL,241,218.5,-1.2862477963852077,217.2137522036148,-1.2862477963851973,23.786247796385208,23.786247796385197,565.7855842310397,737,
drop_rest_schedule,2025-02-05,2024_25,0022400723,MIN,CHI,235,226.83333333333334,-0.591283396498629,226.24204993683472,-0.5912833964986248,8.757950063165286,8.757950063165282,76.70168930889676,737,
drop_rest_schedule,2025-02-05,2024_25,0022400722,TOR,MEM,245,238.5,3.389598440484534,241.88959844048455,3.389598440484548,3.110401559515466,3.110401559515452,9.674597861436157,737,
drop_rest_schedule,2025-02-06,2024_25,0022400728,BOS,DAL,247,231.0,4.511166161103716,235.51116616110372,4.511166161103716,11.488833838896284,11.488833838896284,131.9933029777683,748,
drop_rest_schedule,2025-02-06,2024_25,0022400729,MIN,HOU,241,214.33333333333334,-0.3826180674746381,213.95071526585872,-0.382618067474624,27.049284734141295,27.04928473414128,731.6638046286486,748,
drop_rest_schedule,2025-02-06,2024_25,0022400730,DEN,ORL,202,221.66666666666666,-1.4985240830391142,220.16814258362754,-1.4985240830391149,-18.168142583627542,18.168142583627542,330.08140493902044,748,
drop_rest_schedule,2025-02-06,2024_25,0022400731,LAL,GSW,232,221.5,0.7706459087934864,222.27064590879348,0.7706459087934832,9.729354091206513,9.729354091206517,94.66033103207698,748,
drop_rest_schedule,2025-02-06,2024_25,0022400732,POR,SAC,210,229.5,0.8270802406103899,230.3270802406104,0.8270802406103996,-20.32708024061039,20.3270802406104,413.19019110821375,748,
drop_rest_schedule,2025-02-06,2024_25,0022400733,LAC,IND,231,228.33333333333334,0.6577408416662565,228.9910741749996,0.6577408416662536,2.008925825000401,2.0089258250004036,4.035782970353552,748,
drop_rest_schedule,2025-02-07,2024_25,0022400735,WAS,CLE,258,236.0,-1.6453266174123502,234.35467338258766,-1.645326617412337,23.64532661741235,23.645326617412337,559.1014708441083,754,
drop_rest_schedule,2025-02-07,2024_25,0022400737,BKN,MIA,188,211.16666666666666,-1.1897268485105985,209.97693981815607,-1.1897268485105883,-21.97693981815606,21.97693981815607,482.9858837708537,754,
drop_rest_schedule,2025-02-07,2024_25,0022400736,ATL,MIL,225,241.5,-4.456462289314616,237.04353771068537,-4.456462289314629,-12.043537710685385,12.04353771068537,145.04680058870062,754,
drop_rest_schedule,2025-02-07,2024_25,0022400738,DET,PHI,237,224.66666666666666,-1.216447580880043,223.4502190857866,-1.2164475808800432,13.549780914213386,13.549780914213386,183.59656282318133,754,
drop_rest_schedule,2025-02-07,2024_25,0022400739,OKC,TOR,230,231.5,-0.36515874226222633,231.13484125773778,-0.3651587422622242,-1.1348412577377736,1.1348412577377758,1.287864680263857,754,
drop_rest_schedule,2025-02-07,2024_25,0022400740,PHX,UTA,262,231.5,1.0873627594382431,232.58736275943824,1.0873627594382356,29.412637240561757,29.412637240561764,865.1032294448808,754,
drop_rest_schedule,2025-02-07,2024_25,0022400734,CHA,SAS,233,227.5,-3.5352866275645627,223.96471337243543,-3.535286627564574,9.035286627564563,9.035286627564574,81.63640444224721,754,
drop_rest_schedule,2025-02-08,2024_25,0022400743,ORL,SAS,223,218.66666666666666,-2.3058834136878934,216.36078325297876,-2.3058834136878943,6.639216747021236,6.639216747021237,44.07919901392726,761,
drop_rest_schedule,2025-02-08,2024_25,0022400745,CHI,GSW,243,235.5,-0.23835734105084505,235.26164265894914,-0.23835734105085749,7.738357341050845,7.7383573410508575,59.882174337795696,761,
drop_rest_schedule,2025-02-08,2024_25,0022400741,DAL,HOU,221,226.0,3.855821404518524,229.85582140451854,3.8558214045185366,-8.855821404518524,8.855821404518537,78.42557274872867,761,
drop_rest_schedule,2025-02-08,2024_25,0022400742,LAL,IND,241,231.0,1.2264504953642115,232.22645049536422,1.2264504953642188,8.773549504635788,8.773549504635781,76.97517091029476,761,
drop_rest_schedule,2025-02-08,2024_25,0022400744,WAS,ATL,236,236.83333333333334,1.3123117318295,238.14564506516285,1.31231173182951,-2.1456450651628427,2.145645065162853,4.603792745657703,761,
drop_rest_schedule,2025-02-08,2024_25,0022400749,PHX,DEN,227,237.66666666666666,3.1585878606408486,240.8252545273075,3.1585878606408357,-13.825254527307505,13.825254527307493,191.13766274483632,761,
drop_rest_schedule,2025-02-08,2024_25,0022400746,MEM,OKC,237,242.33333333333334,2.0979635466640283,244.43129687999738,2.097963546664033,-7.431296879997371,7.431296879997376,55.224173318658735,761,
drop_rest_schedule,2025-02-08,2024_25,0022400748,NYK,BOS,235,231.83333333333334,-3.4096840355577673,228.42364929777557,-3.409684035557774,6.576350702224424,6.576350702224431,43.24838855864777,761,
drop_rest_schedule,2025-02-08,2024_25,0022400751,LAC,UTA,240,224.5,-4.32953338560883,220.17046661439116,-4.3295333856088405,19.82953338560883,19.82953338560884,393.2103942909756,761,
drop_rest_schedule,2025-02-08,2024_25,0022400750,SAC,NOP,241,238.0,2.668137534933567,240.66813753493358,2.668137534933578,0.331862465066433,0.3318624650664219,0.1101326957199621,761,
drop_rest_schedule,2025-02-08,2024_25,0022400747,MIN,POR,212,216.33333333333334,0.4030098052897707,216.7363431386231,0.40300980528976993,-4.736343138623114,4.736343138623113,22.43294632678224,761,
drop_rest_schedule,2025-02-09,2024_25,0022400752,DET,CHA,214,225.0,2.434091889202747,227.43409188920273,2.4340918892027332,-13.434091889202747,13.434091889202733,180.47482488754267,772,
drop_rest_schedule,2025-02-09,2024_25,0022400753,HOU,TOR,181,224.5,1.4406406321583662,225.94064063215836,1.4406406321583631,-44.94064063215836,44.94064063215836,2019.6611804288032,772,
drop_rest_schedule,2025-02-09,2024_25,0022400754,MIL,PHI,262,227.16666666666666,0.4588191952948367,227.6254858619615,0.4588191952948364,34.374514138038506,34.374514138038506,1181.6072222262092,772,
drop_rest_schedule,2025-02-10,2024_25,0022400756,ORL,ATL,218,221.66666666666666,-4.079281906099263,217.5873847605674,-4.079281906099254,0.4126152394326059,0.41261523943259704,0.17025133581201937,775,
drop_rest_schedule,2025-02-10,2024_25,0022400757,WAS,SAS,252,236.16666666666666,0.1103118040214487,236.2769784706881,0.11031180402144969,15.723021529311895,15.723021529311893,247.2134060112053,775,
drop_rest_schedule,2025-02-10,2024_25,0022400759,MIA,BOS,188,219.33333333333334,1.8868723223016688,221.220205655635,1.886872322301656,-33.22020565563501,33.220205655635,1103.5820638026835,775,
drop_rest_schedule,2025-02-10,2024_25,0022400755,CLE,MIN,235,228.66666666666666,0.5717183715933892,229.23838503826005,0.5717183715933913,5.761614961739953,5.7616149617399515,33.19620696734566,775,
drop_rest_schedule,2025-02-10,2024_25,0022400758,BKN,CHA,186,212.66666666666666,-4.6393883567814695,208.0272783098852,-4.639388356781467,-22.027278309885187,22.02727830988519,485.2009897411386,775,
drop_rest_schedule,2025-02-10,2024_25,0022400760,MIL,GSW,236,231.5,4.416400915145679,235.9164009151457,4.416400915145687,0.08359908485432133,0.08359908485431333,0.006988806988478681,775,
drop_rest_schedule,2025-02-10,2024_25,0022400762,DAL,SAC,257,237.5,0.16637231593846877,237.66637231593847,0.16637231593847446,19.333627684061533,19.333627684061526,373.7891594259102,775,
drop_rest_schedule,2025-02-10,2024_25,0022400763,DEN,POR,263,233.0,-0.7890871619505944,232.2109128380494,-0.7890871619505901,30.789087161950594,30.78908716195059,947.9678882661907,775,
drop_rest_schedule,2025-02-10,2024_25,0022400768,LAL,UTA,245,234.66666666666666,0.7344805764443785,235.40114724311104,0.7344805764443834,9.598852756888965,9.59885275688896,92.13797424843477,775,
drop_rest_schedule,2025-02-10,2024_25,0022400761,OKC,NOP,238,234.33333333333334,-1.7708836859584274,232.5624496473749,-1.770883685958438,5.437550352625085,5.437550352625095,29.566953837333298,775,
drop_rest_schedule,2025-02-11,2024_25,0022400764,PHI,TOR,209,226.16666666666666,-3.054430332800075,223.11223633386658,-3.054430332800081,-14.112236333866582,14.112236333866576,199.15521434290395,785,
drop_rest_schedule,2025-02-11,2024_25,0022400765,IND,NYK,243,239.66666666666666,0.030379641588559166,239.6970463082552,0.030379641588552886,3.3029536917447837,3.30295369174479,10.909503089810537,785,
drop_rest_schedule,2025-02-11,2024_25,0022400766,CHI,DET,224,238.5,1.5959624968174462,240.09596249681744,1.5959624968174353,-16.095962496817446,16.095962496817435,259.08000869895335,785,
drop_rest_schedule,2025-02-11,2024_25,0022400767,PHX,MEM,231,244.16666666666666,5.890123148636487,250.05678981530315,5.890123148636491,-19.056789815303144,19.056789815303148,363.1612380646418,785,
drop_rest_schedule,2025-02-12,2024_25,0022400770,ORL,CHA,188,204.33333333333334,-1.8272901019753085,202.50604323135803,-1.8272901019753078,-14.506043231358035,14.506043231358035,210.42529023002825,789,
drop_rest_schedule,2025-02-12,2024_25,0022400776,MIN,MIL,204,224.66666666666666,2.2600493482549373,226.9267160149216,2.260049348254938,-22.926716014921595,22.926716014921595,525.6343072288623,789,
drop_rest_schedule,2025-02-12,2024_25,0022400769,BOS,SAS,219,233.5,2.8381853493747484,236.33818534937475,2.838185349374754,-17.338185349374747,17.338185349374754,300.61267120927334,789,
drop_rest_schedule,2025-02-12,2024_25,0022400772,BKN,PHI,196,212.66666666666666,-4.62542887352138,208.04123779314529,-4.625428873521372,-12.041237793145278,12.041237793145285,144.99140759107033,789,
drop_rest_schedule,2025-02-12,2024_25,0022400773,NYK,ATL,297,239.66666666666666,1.8945521440023685,241.56121881066903,1.8945521440023754,55.438781189330975,55.43878118933097,3073.458459758517,789,
drop_rest_schedule,2025-02-12,2024_25,0022400775,CHI,DET,238,236.83333333333334,1.2929950602869302,238.12632839362027,1.292995060286927,-0.12632839362027304,0.1263283936202697,0.0159588630346778,789,
drop_rest_schedule,2025-02-12,2024_25,0022400774,TOR,CLE,239,236.33333333333334,2.9887527704944965,239.32208610382784,2.9887527704945,-0.3220861038278393,0.32208610382784286,0.10373945827899997,789,
drop_rest_schedule,2025-02-12,2024_25,0022400771,WAS,IND,264,239.5,1.137321423861814,240.6373214238618,1.1373214238618061,23.362678576138187,23.362678576138194,545.8147502519465,789,
drop_rest_schedule,2025-02-12,2024_25,0022400778,OKC,MIA,216,218.83333333333334,-1.2104812402522036,217.62285209308115,-1.210481240252193,-1.6228520930811392,1.6228520930811499,2.633648916017869,789,
drop_rest_schedule,2025-02-12,2024_25,0022400779,HOU,PHX,230,223.5,-2.3770268441380793,221.12297315586193,-2.377026844138072,8.87702684413808,8.877026844138072,78.80160559154794,789,
drop_rest_schedule,2025-02-12,2024_25,0022400780,DEN,POR,253,232.83333333333334,3.421877482326895,236.25521081566023,3.4218774823268916,16.744789184339762,16.744789184339766,280.387964827982,789,
drop_rest_schedule,2025-02-12,2024_25,0022400777,NOP,SAC,230,238.5,1.2841244685226256,239.78412446852263,1.2841244685226343,-9.784124468522625,9.784124468522634,95.72909161554333,789,
drop_rest_schedule,2025-02-12,2024_25,0022400781,UTA,LAL,250,236.33333333333334,1.054976306270876,237.38830963960422,1.0549763062708735,12.611690360395782,12.611690360395784,159.05473374649992,789,
drop_rest_schedule,2025-02-12,2024_25,0022400782,DAL,GSW,218,233.33333333333334,-0.2940296106098008,233.03930372272353,-0.2940296106098117,-15.039303722723542,15.039303722723531,226.18065646432586,789,
drop_rest_schedule,2025-02-12,2024_25,0022400783,LAC,MEM,242,237.33333333333334,2.3815707510821102,239.71490408441545,2.3815707510821085,2.285095915584547,2.2850959155845487,5.221663343421187,789,
drop_rest_schedule,2025-02-13,2024_25,0022400787,MIN,OKC,217,222.0,-0.7686166430433977,221.2313833569566,-0.7686166430434014,-4.231383356956602,4.231383356956599,17.904605113529293,804,
drop_rest_schedule,2025-02-13,2024_25,0022400786,DAL,MIA,231,221.66666666666666,-2.438763183586495,219.22790348308015,-2.4387631835865022,11.772096516919838,11.772096516919845,138.58225640367635,804,
drop_rest_schedule,2025-02-13,2024_25,0022401004,UTA,LAC,236,225.66666666666666,1.1432100723547707,226.80987673902143,1.1432100723547762,9.190123260978572,9.190123260978567,84.45836555197933,804,
drop_rest_schedule,2025-02-13,2024_25,0022400784,HOU,GSW,203,216.66666666666666,-1.7089294934216241,214.95773717324502,-1.7089294934216355,-11.957737173245032,11.957737173245022,142.98747830440584,804,
drop_rest_schedule,2025-02-13,2024_25,0022400785,NOP,SAC,273,235.66666666666666,0.769177335128557,236.4358440017952,0.7691773351285462,36.56415599820478,36.5641559982048,1336.9375038610558,804,
drop_rest_schedule,2025-02-19,2024_25,0022400524,LAL,CHA,197,227.16666666666666,-0.42801546850951055,226.73865119815716,-0.4280154685094999,-29.738651198157147,29.738651198157157,884.3873750856541,809,
drop_rest_schedule,2025-02-20,2024_25,0022400796,POR,LAL,212,227.0,3.9801349604684786,230.9801349604685,3.98013496046849,-18.98013496046848,18.98013496046849,360.2455231175982,810,
drop_rest_schedule,2025-02-20,2024_25,0022400788,IND,MEM,240,249.83333333333334,1.8415168606065464,251.6748501939399,1.8415168606065606,-11.67485019393989,11.674850193939903,136.3021270509386,810,
drop_rest_schedule,2025-02-20,2024_25,0022400789,PHI,BOS,228,223.5,-4.042280709933916,219.45771929006608,-4.0422807099339195,8.542280709933916,8.54228070993392,72.97055972730915,810,
drop_rest_schedule,2025-02-20,2024_25,0022400790,ATL,ORL,222,222.66666666666666,-1.6041696061054724,221.06249706056118,-1.6041696061054722,0.9375029394388152,0.937502939438815,0.8789117614564185,810,
drop_rest_schedule,2025-02-20,2024_25,0022400791,BKN,CLE,207,225.5,1.889333799084655,227.38933379908465,1.8893337990846533,-20.389333799084653,20.389333799084653,415.7249327704958,810,
drop_rest_schedule,2025-02-20,2024_25,0022400792,NYK,CHI,224,242.5,-0.298970702974594,242.2010292970254,-0.29897070297460004,-18.201029297025407,18.2010292970254,331.2774674711769,810,
drop_rest_schedule,2025-02-20,2024_25,0022400793,MIL,LAC,226,227.33333333333334,4.228529847504728,231.56186318083806,4.228529847504717,-5.5618631808380705,5.56186318083806,30.934322042362062,810,
drop_rest_schedule,2025-02-20,2024_25,0022400794,DEN,CHA,244,228.33333333333334,-2.6941084403508455,225.6392248929825,-2.6941084403508455,18.360775107017503,18.360775107017503,337.1180625304736,810,
drop_rest_schedule,2025-02-20,2024_25,0022400795,SAS,PHX,229,237.0,1.7553983648076161,238.7553983648076,1.7553983648076041,-9.755398364807617,9.755398364807604,95.16779725609088,810,
drop_rest_schedule,2025-02-21,2024_25,0022400797,CLE,NYK,247,239.5,0.762333931117585,240.26233393111758,0.7623339311175812,6.737666068882415,6.737666068882419,45.39614405576947,819,
drop_rest_schedule,2025-02-21,2024_25,0022400800,TOR,MIA,231,221.33333333333334,0.7721310558250899,222.10546438915844,0.7721310558250991,8.894535610841567,8.894535610841558,79.1127637325286,819,
drop_rest_schedule,2025-02-21,2024_25,0022400801,HOU,MIN,236,216.5,0.5935558914693493,217.09355589146935,0.5935558914693502,18.90644410853065,18.90644410853065,357.4536288289933,819,
drop_rest_schedule,2025-02-21,2024_25,0022400799,WAS,MIL,205,229.66666666666666,3.1244329661146035,232.79109963278125,3.124432966114597,-27.79109963278126,27.791099632781254,772.3452187991744,819,
drop_rest_schedule,2025-02-21,2024_25,0022400798,ORL,MEM,209,224.5,1.4844945319999046,225.9844945319999,1.4844945319999,-16.984494531999903,16.9844945319999,288.47305450753447,819,
drop_rest_schedule,2025-02-21,2024_25,0022400805,SAC,GSW,240,233.5,-0.7250419305506208,232.77495806944938,-0.725041930550617,7.225041930550621,7.225041930550617,52.20123089821459,819,
drop_rest_schedule,2025-02-21,2024_25,0022400804,UTA,OKC,237,236.5,0.9919168403674331,237.49191684036742,0.9919168403674234,-0.4919168403674331,0.49191684036742345,0.24198217783706916,819,
drop_rest_schedule,2025-02-21,2024_25,0022400802,SAS,DET,235,232.5,3.5886063668529062,236.0886063668529,3.5886063668529005,-1.0886063668529062,1.0886063668529005,1.1850638219526717,819,
drop_rest_schedule,2025-02-21,2024_25,0022400803,DAL,NOP,214,236.83333333333334,5.054457095528278,241.88779042886162,5.054457095528278,-27.88779042886162,27.88779042886162,777.7288550041059,819,
drop_rest_schedule,2025-02-22,2024_25,0022400806,CHI,PHX,238,238.5,-4.403367593908587,234.0966324060914,-4.403367593908598,3.9033675939085866,3.903367593908598,15.236278573175799,828,
drop_rest_schedule,2025-02-22,2024_25,0022400807,PHI,BKN,208,213.5,2.9901662073720505,216.49016620737206,2.990166207372056,-8.49016620737205,8.490166207372056,72.0829222288024,828,
drop_rest_schedule,2025-02-22,2024_25,0022400808,DEN,LAL,223,240.66666666666666,1.0838926265393605,241.750559293206,1.0838926265393525,-18.750559293206017,18.75055929320601,351.5834738080342,828,
drop_rest_schedule,2025-02-22,2024_25,0022400809,UTA,HOU,239,228.66666666666666,1.6703168562668291,230.33698352293348,1.6703168562668225,8.663016477066513,8.66301647706652,75.04785448192602,828,
drop_rest_schedule,2025-02-22,2024_25,0022400810,POR,CHA,229,222.0,-2.0555559378509773,219.94444406214902,-2.0555559378509827,9.055555937850977,9.055555937850983,82.00309334354819,828,
drop_rest_schedule,2025-02-23,2024_25,0022400817,MIL,MIA,233,221.5,1.8758044989559153,223.37580449895592,1.8758044989559153,9.624195501044085,9.624195501044085,92.6251390423172,833,
drop_rest_schedule,2025-02-23,2024_25,0022400815,ORL,WAS,200,216.33333333333334,-5.3839048061181725,210.94942852721516,-5.383904806118181,-10.94942852721517,10.949428527215161,119.88998507259318,833,
drop_rest_schedule,2025-02-23,2024_25,0022400811,BOS,NYK,223,231.5,0.9268392932690839,232.4268392932691,0.9268392932690972,-9.426839293269083,9.426839293269097,88.86529906112222,833,
drop_rest_schedule,2025-02-23,2024_25,0022400813,IND,LAC,240,230.5,-2.1965560393715156,228.30344396062847,-2.1965560393715293,11.696556039371515,11.69655603937153,136.8094231821586,833,
drop_rest_schedule,2025-02-23,2024_25,0022400814,ATL,DET,291,237.33333333333334,0.4880124491102032,237.82134578244356,0.48801244911021513,53.178654217556456,53.17865421755644,2827.9692643904336,833,
drop_rest_schedule,2025-02-23,2024_25,0022400818,NOP,SAS,210,239.5,2.0472739307477408,241.54727393074774,2.0472739307477354,-31.547273930747743,31.547273930747735,995.2304924616357,833,
drop_rest_schedule,2025-02-23,2024_25,0022400816,TOR,PHX,236,227.5,-2.601672412873017,224.89832758712697,-2.601672412873029,11.101672412873016,11.101672412873029,123.24713036274606,833,
drop_rest_schedule,2025-02-23,2024_25,0022400819,CLE,MEM,252,249.5,3.8853145546754426,253.38531455467543,3.885314554675432,-1.3853145546754426,1.385314554675432,1.9190964153955903,833,
drop_rest_schedule,2025-02-23,2024_25,0022400820,MIN,OKC,253,228.83333333333334,-0.4256202328397628,228.40771310049357,-0.42562023283977624,24.59228689950642,24.592286899506433,604.7805749476357,833,
drop_rest_schedule,2025-02-23,2024_25,0022400812,GSW,DAL,228,228.5,0.46815484510776956,228.96815484510776,0.46815484510776173,-0.9681548451077695,0.9681548451077617,0.9373238041056341,833,
drop_rest_schedule,2025-02-24,2024_25,0022400823,PHI,CHI,252,232.0,-3.0109224444373037,228.9890775555627,-3.0109224444373126,23.010922444437306,23.010922444437313,529.5025517439088,843,
drop_rest_schedule,2025-02-24,2024_25,0022400821,DET,LAC,203,224.0,1.0613521095857845,225.06135210958578,1.0613521095857834,-22.061352109585783,22.061352109585783,486.7032569031251,843,
drop_rest_schedule,2025-02-24,2024_25,0022400822,IND,DEN,241,246.33333333333334,3.7584881826289998,250.09182151596235,3.7584881826290086,-9.091821515962343,9.091821515962351,82.66121847811596,843,
drop_rest_schedule,2025-02-24,2024_25,0022400824,WAS,BKN,206,214.16666666666666,4.045306760215821,218.21197342688248,4.045306760215823,-12.211973426882478,12.21197342688248,149.13229497888383,843,
drop_rest_schedule,2025-02-24,2024_25,0022400828,SAC,CHA,218,231.16666666666666,1.438536988583234,232.60520365524988,1.4385369885832233,-14.605203655249891,14.60520365524988,213.31197381132446,843,
drop_rest_schedule,2025-02-24,2024_25,0022400827,UTA,POR,226,232.0,2.290713937604442,234.29071393760444,2.290713937604437,-8.290713937604442,8.290713937604437,68.73593759518847,843,
drop_rest_schedule,2025-02-24,2024_25,0022400826,OKC,MIN,259,227.16666666666666,-0.6462018825780885,226.52046478408857,-0.6462018825780831,32.47953521591143,32.479535215911426,1054.9202078416304,843,
drop_rest_schedule,2025-02-24,2024_25,0022400825,ATL,MIA,184,227.16666666666666,0.8414218803274367,228.0080885469941,0.8414218803274309,-44.008088546994095,44.00808854699409,1936.7118575600723,843,
drop_rest_schedule,2025-02-25,2024_25,0022400834,GSW,CHA,220,222.5,-2.0408300736122724,220.45916992638772,-2.040830073612284,-0.4591699263877276,0.45916992638771603,0.21083702129890056,851,
drop_rest_schedule,2025-02-25,2024_25,0022400833,NOP,SAS,212,237.83333333333334,-0.3378629026485286,237.4954704306848,-0.33786290264853847,-25.495470430684815,25.495470430684804,650.0190124819233,851,
drop_rest_schedule,2025-02-25,2024_25,0022400832,MEM,PHX,299,244.83333333333334,-1.1340228902222285,243.6993104431111,-1.1340228902222407,55.300689556888884,55.3006895568889,3058.166265467401,851,
drop_rest_schedule,2025-02-25,2024_25,0022400835,LAL,DAL,206,231.5,0.8787261704959075,232.3787261704959,0.8787261704958951,-26.37872617049591,26.378726170495895,695.837194378005,851,
drop_rest_schedule,2025-02-25,2024_25,0022400830,ORL,CLE,204,224.16666666666666,2.0609434970653213,226.22761016373198,2.060943497065324,-22.227610163731978,22.22761016373198,494.06665359084127,851,
drop_rest_schedule,2025-02-25,2024_25,0022400829,TOR,BOS,212,226.33333333333334,1.5584573067393581,227.8917906400727,1.5584573067393706,-15.891790640072701,15.891790640072713,252.5490097479027,851,
drop_rest_schedule,2025-02-25,2024_25,0022400831,HOU,MIL,197,226.33333333333334,-0.3751031490076363,225.9582301843257,-0.37510314900762864,-28.958230184325707,28.958230184325714,838.5790954083928,851,
drop_rest_schedule,2025-02-26,2024_25,0022400844,HOU,SAS,224,227.0,-1.049647908855534,225.95035209114445,-1.0496479088555475,-1.950352091144466,1.9503520911444525,3.8038732794315386,858,
drop_rest_schedule,2025-02-26,2024_25,0022400843,UTA,SAC,219,235.66666666666666,0.16787297516072935,235.83453964182738,0.1678729751607193,-16.834539641827387,16.834539641827376,283.40172495225744,858,
drop_rest_schedule,2025-02-26,2024_25,0022400842,CHI,LAC,239,228.0,2.0785931117230945,230.07859311172308,2.0785931117230803,8.921406888276906,8.92140688827692,79.59150086619488,858,
drop_rest_schedule,2025-02-26,2024_25,0022400841,MIA,ATL,240,229.16666666666666,-0.22770472143122908,228.93896194523543,-0.22770472143122333,11.061038054764571,11.061038054764566,122.3465628489499,858,
drop_rest_schedule,2025-02-26,2024_25,0022400836,DET,BOS,214,225.83333333333334,1.6101055595864862,227.44343889291983,1.6101055595864864,-13.44343889291983,13.44343889291983,180.7260492676695,858,
drop_rest_schedule,2025-02-26,2024_25,0022400839,WAS,POR,250,230.33333333333334,3.4908419478299875,233.82417528116332,3.4908419478299777,16.17582471883667,16.17582471883668,261.65730533452773,858,
drop_rest_schedule,2025-02-26,2024_25,0022400838,NYK,PHI,215,231.0,2.456219644377016,233.45621964437703,2.456219644377029,-18.456219644377015,18.45621964437703,340.63204356148856,858,
drop_rest_schedule,2025-02-26,2024_25,0022400837,IND,TOR,202,235.83333333333334,-1.2326250519702966,234.60070828136304,-1.2326250519703024,-32.60070828136305,32.60070828136304,1062.8061804465328,858,
drop_rest_schedule,2025-02-26,2024_25,0022400840,BKN,OKC,250,217.16666666666666,-5.6087156218552705,211.55795104481138,-5.608715621855282,38.44204895518861,38.442048955188625,1477.7911278731187,858,
drop_rest_schedule,2025-02-27,2024_25,0022400845,ORL,GSW,236,210.5,0.550739298584105,211.0507392985841,0.5507392985840909,24.949260701415895,24.94926070141591,622.4656095472162,867,
drop_rest_schedule,2025-02-27,2024_25,0022400847,DAL,CHA,199,223.33333333333334,-1.3877472590482582,221.94558607428507,-1.3877472590482682,-22.945586074285085,22.945586074285075,526.4999202924251,867,
drop_rest_schedule,2025-02-27,2024_25,0022400846,MIL,DEN,233,240.16666666666666,4.288170243483266,244.45483691014994,4.288170243483279,-11.454836910149922,11.454836910149936,131.21328863813335,867,
drop_rest_schedule,2025-02-27,2024_25,0022400849,LAL,MIN,213,226.16666666666666,2.566785364712299,228.73345203137896,2.5667853647123025,-15.733452031378956,15.73345203137896,247.5415128237027,867,
drop_rest_schedule,2025-02-27,2024_25,0022400848,PHX,NOP,240,235.66666666666666,0.024845627811941468,235.6915122944786,0.024845627811941995,4.308487705521402,4.308487705521401,18.563066308629065,867,
drop_rest_schedule,2025-02-28,2024_25,0022400854,MIA,IND,245,225.5,-0.45883500988155407,225.04116499011843,-0.4588350098815681,19.958835009881554,19.958835009881568,398.3550949516742,872,
drop_rest_schedule,2025-02-28,2024_25,0022400851,ATL,OKC,254,241.83333333333334,1.4872736716594013,243.32060700499275,1.487273671659409,10.679392995007255,10.679392995007248,114.04943474180988,872,
drop_rest_schedule,2025-02-28,2024_25,0022400852,BOS,CLE,239,232.5,5.434324724636494,237.9343247246365,5.434324724636497,1.065675275363506,1.0656752753635033,1.1356637925210784,872,
drop_rest_schedule,2025-02-28,2024_25,0022400853,BKN,POR,223,218.33333333333334,1.5444905054189104,219.87782383875225,1.5444905054189064,3.1221761612477468,3.1221761612477508,9.74798398186374,872,
drop_rest_schedule,2025-02-28,2024_25,0022400850,DET,DEN,253,237.0,2.7140427370806885,239.7140427370807,2.714042737080689,13.285957262919311,13.285957262919311,176.51666039211838,872,
drop_rest_schedule,2025-02-28,2024_25,0022400855,CHI,TOR,240,235.33333333333334,-3.1804581603154998,232.15287517301783,-3.18045816031551,7.8471248269821565,7.847124826982167,61.577368050239905,872,
drop_rest_schedule,2025-02-28,2024_25,0022400856,MEM,NYK,227,245.0,1.9639524905336871,246.9639524905337,1.9639524905336998,-19.963952490533686,19.9639524905337,398.5593990442867,872,
drop_rest_schedule,2025-02-28,2024_25,0022400857,PHX,NOP,233,235.66666666666666,1.858089980825312,237.52475664749196,1.858089980825298,-4.524756647491969,4.524756647491955,20.473422719022636,872,
drop_rest_schedule,2025-02-28,2024_25,0022400859,LAL,LAC,208,220.16666666666666,3.1590340619559023,223.32570072862256,3.159034061955907,-15.325700728622559,15.325700728622564,234.8771028233022,872,
drop_rest_schedule,2025-02-28,2024_25,0022400858,UTA,MIN,233,226.33333333333334,2.6321376193620023,228.96547095269534,2.6321376193619983,4.034529047304655,4.034529047304659,16.27742463354504,872,
drop_rest_schedule,2025-03-01,2024_25,0022400860,CHA,WAS,213,219.66666666666666,-1.5900811388146068,218.07658552785205,-1.590081138814611,-5.076585527852051,5.076585527852046,25.771720621596838,882,
drop_rest_schedule,2025-03-01,2024_25,0022400861,DET,BKN,209,218.16666666666666,1.8391291033750636,220.00579577004171,1.8391291033750576,-11.00579577004172,11.005795770041715,121.1275405318681,882,
drop_rest_schedule,2025-03-01,2024_25,0022400862,HOU,SAC,216,228.0,-0.6089123905417557,227.39108760945825,-0.6089123905417466,-11.391087609458245,11.391087609458253,129.75687692635336,882,
drop_rest_schedule,2025-03-01,2024_25,0022400863,MEM,SAS,258,242.33333333333334,-0.2010773136298683,242.13225601970348,-0.2010773136298667,15.867743980296526,15.867743980296524,251.78529902423656,882,
drop_rest_schedule,2025-03-01,2024_25,0022400864,PHI,GSW,245,225.66666666666666,2.327586759190205,227.99425342585687,2.3275867591902113,17.00574657414314,17.00574657414313,289.19541654398085,882,
drop_rest_schedule,2025-03-01,2024_25,0022400865,DAL,MIL,249,227.66666666666666,0.604865982680006,228.27153264934665,0.6048659826799963,20.728467350653336,20.728467350653347,429.66935870710176,882,
drop_rest_schedule,2025-03-02,2024_25,0022400869,MIA,NYK,228,223.0,0.08191501648359632,223.0819150164836,0.081915016483606,4.918084983516404,4.918084983516394,24.18755990508945,888,
drop_rest_schedule,2025-03-02,2024_25,0022400866,BOS,DEN,213,235.33333333333334,7.349121959563215,242.68245529289655,7.349121959563206,-29.682455292896556,29.68245529289655,881.0481522148024,888,
drop_rest_schedule,2025-03-02,2024_25,0022400867,CLE,POR,262,234.33333333333334,2.815090190949577,237.14842352428292,2.815090190949576,24.85157647571708,24.85157647571708,617.6008533284146,888,
drop_rest_schedule,2025-03-02,2024_25,0022400874,LAL,LAC,210,219.83333333333334,-0.9850857898473719,218.84824754348597,-0.9850857898473748,-8.848247543485972,8.848247543485968,78.29148459080547,888,
drop_rest_schedule,2025-03-02,2024_25,0022400868,IND,CHI,239,243.16666666666666,0.7925372831953146,243.95920394986197,0.7925372831953155,-4.959203949861972,4.959203949861973,24.59370381632659,888,
drop_rest_schedule,2025-03-02,2024_25,0022400872,UTA,NOP,249,232.0,1.9766866512842494,233.97668665128424,1.9766866512842398,15.023313348715751,15.02331334871576,225.69994397370115,888,
drop_rest_schedule,2025-03-02,2024_25,0022400873,PHX,MIN,214,229.66666666666666,3.515171320591952,233.1818379872586,3.5151713205919464,-19.18183798725861,19.181837987258604,367.9429085694372,888,
drop_rest_schedule,2025-03-02,2024_25,0022400871,SAS,OKC,278,235.33333333333334,2.874690020949804,238.20802335428314,2.8746900209497994,39.79197664571685,39.79197664571686,1583.4014053732758,888,
drop_rest_schedule,2025-03-02,2024_25,0022400870,ORL,TOR,206,211.5,-3.117799002125579,208.38220099787443,-3.1177990021255653,-2.382200997874421,2.3822009978744347,5.674881594273953,888,
drop_rest_schedule,2025-03-03,2024_25,0022400875,CHA,GSW,220,224.33333333333334,3.986263389831217,228.31959672316455,3.9862633898312083,-8.31959672316456,8.319596723164551,69.21568963609033,897,
drop_rest_schedule,2025-03-03,2024_25,0022400876,PHI,POR,221,228.16666666666666,2.291113786918044,230.4577804535847,2.2911137869180322,-9.4577804535847,9.45778045358469,89.44961110820861,897,
drop_rest_schedule,2025-03-03,2024_25,0022400877,MIA,WAS,196,219.5,3.8891456162509233,223.38914561625091,3.8891456162509144,-27.38914561625092,27.389145616250914,750.1652975881967,897,
drop_rest_schedule,2025-03-03,2024_25,0022400878,MEM,ATL,262,253.33333333333334,0.4533456605336885,253.78667899386704,0.4533456605336994,8.213321006132968,8.213321006132958,67.4586419497849,897,
drop_rest_schedule,2025-03-03,2024_25,0022400879,OKC,HOU,265,226.83333333333334,-0.2619749332425086,226.57135840009084,-0.26197493324249876,38.42864159990916,38.428641599909156,1476.7604952142685,897,
drop_rest_schedule,2025-03-03,2024_25,0022400880,DAL,SAC,220,231.5,5.444048781826867,236.94404878182687,5.444048781826865,-16.944048781826865,16.944048781826865,287.1007891209285,897,
drop_rest_schedule,2025-03-03,2024_25,0022400881,UTA,DET,240,232.16666666666666,2.5481803439186734,234.71484701058534,2.5481803439186876,5.285152989414669,5.285152989414655,27.932842121518664,897,
drop_rest_schedule,2025-03-04,2024_25,0022400886,CHI,CLE,256,246.0,0.6074997302191111,246.6074997302191,0.6074997302191036,9.39250026978089,9.392500269780896,88.21906131783422,904,
drop_rest_schedule,2025-03-04,2024_25,0022400883,ORL,TOR,227,209.5,-3.5840042031799726,205.91599579682003,-3.5840042031799726,21.084004203179973,21.084004203179973,444.53523323971075,904,
drop_rest_schedule,2025-03-04,2024_25,0022400884,ATL,MIL,248,240.83333333333334,-0.4206350502055276,240.4126982831278,-0.42063505020553293,7.587301716872185,7.58730171687219,57.56714734285168,904,
drop_rest_schedule,2025-03-04,2024_25,0022400885,NYK,GSW,216,231.16666666666666,3.027201771423372,234.19386843809002,3.027201771423364,-18.19386843809003,18.19386843809002,331.0168487425282,904,
drop_rest_schedule,2025-03-04,2024_25,0022400890,LAL,NOP,251,230.0,0.8750011452740419,230.87500114527404,0.8750011452740409,20.12499885472596,20.12499885472596,405.0155789027212,904,
drop_rest_schedule,2025-03-04,2024_25,0022400887,MIN,PHI,238,223.33333333333334,-1.1232374554450708,222.21009587788828,-1.1232374554450644,15.789904122111729,15.789904122111722,249.32107218548074,904,
drop_rest_schedule,2025-03-04,2024_25,0022400888,SAS,BKN,240,225.33333333333334,0.9606067498644947,226.29394008319784,0.9606067498644961,13.706059916802163,13.706059916802161,187.85607844297087,904,
drop_rest_schedule,2025-03-04,2024_25,0022400889,PHX,LAC,236,225.33333333333334,0.06449008664867341,225.39782341998202,0.06449008664867506,10.602176580017984,10.602176580017982,112.4061482338818,904,
drop_rest_schedule,2025-03-04,2024_25,0022400882,IND,HOU,217,230.33333333333334,2.5382513642928766,232.87158469762622,2.5382513642928757,-15.871584697626218,15.871584697626218,251.90720081392274,904,
drop_rest_schedule,2025-03-05,2024_25,0022400892,CHA,MIN,235,223.5,-3.3976941270624748,220.10230587293754,-3.397694127062465,14.897694127062476,14.897694127062465,221.94129030351147,913,
drop_rest_schedule,2025-03-05,2024_25,0022400894,WAS,UTA,247,230.5,-3.7039830468672283,226.79601695313278,-3.703983046867222,20.20398304686723,20.203983046867222,408.2009309580981,913,
drop_rest_schedule,2025-03-05,2024_25,0022400891,BOS,POR,246,225.0,4.264642394088336,229.26464239408833,4.264642394088327,16.735357605911666,16.735357605911673,280.0721941977457,913,
drop_rest_schedule,2025-03-05,2024_25,0022400893,CLE,MIA,219,227.16666666666666,0.3110241799130145,227.47769084657966,0.3110241799130051,-8.477690846579671,8.477690846579662,71.87124209018059,913,
drop_rest_schedule,2025-03-05,2024_25,0022400895,MEM,OKC,223,250.5,-1.6053652650146506,248.89463473498535,-1.6053652650146546,-25.89463473498535,25.894634734985345,670.5321080583095,913,
drop_rest_schedule,2025-03-05,2024_25,0022400897,MIL,DAL,244,225.33333333333334,-1.0385558657003588,224.294777467633,-1.0385558657003457,19.705222532367017,19.705222532367003,388.29579505010423,913,
drop_rest_schedule,2025-03-05,2024_25,0022400898,LAC,DET,238,219.5,2.4748414113831014,221.9748414113831,2.474841411383096,16.025158588616897,16.025158588616904,256.8057077903221,913,
drop_rest_schedule,2025-03-05,2024_25,0022400896,DEN,SAC,226,237.0,3.3405548935027225,240.3405548935027,3.3405548935027127,-14.340554893502723,14.340554893502713,205.6515146535646,913,
drop_rest_schedule,2025-03-06,2024_25,0022400899,ATL,IND,242,247.16666666666666,-0.8193614686226397,246.347305198044,-0.8193614686226454,-4.347305198044017,4.347305198044012,18.899062484940487,921,
drop_rest_schedule,2025-03-06,2024_25,0022400900,BOS,PHI,228,221.83333333333334,1.039906336268075,222.87323966960142,1.039906336268075,5.126760330398582,5.126760330398582,26.28367148534858,921,
drop_rest_schedule,2025-03-06,2024_25,0022400901,BKN,GSW,240,224.5,3.783829341067582,228.2838293410676,3.7838293410675874,11.716170658932418,11.716170658932413,137.26865490922876,921,
drop_rest_schedule,2025-03-06,2024_25,0022400902,NOP,HOU,206,228.33333333333334,2.0152076044321494,230.3485409377655,2.015207604432163,-24.34854093776549,24.348540937765506,592.8514457980427,921,
drop_rest_schedule,2025-03-06,2024_25,0022400903,LAL,NYK,222,229.66666666666666,5.041045943170286,234.70771260983693,5.041045943170275,-12.707712609836943,12.707712609836932,161.48595977420857,921,
drop_rest_schedule,2025-03-06,2024_25,0022400944,ORL,CHI,248,219.16666666666666,-2.9533761040723654,216.2132905625943,-2.953376104072362,31.786709437405708,31.786709437405705,1010.3948968580569,921,
drop_rest_schedule,2025-03-07,2024_25,0022400907,MIA,MIN,210,216.16666666666666,0.34304693594399166,216.50971360261065,0.3430469359439883,-6.509713602610649,6.5097136026106455,42.37637118801407,927,
drop_rest_schedule,2025-03-07,2024_25,0022400904,CHA,CLE,235,234.33333333333334,1.9655432002105666,236.2988765335439,1.9655432002105613,-1.2988765335439094,1.298876533543904,1.6870802493910286,927,
drop_rest_schedule,2025-03-07,2024_25,0022400905,TOR,UTA,227,229.83333333333334,-2.921520333491973,226.91181299984137,-2.9215203334919693,0.08818700015863001,0.08818700015862646,0.007776946996977584,927,
drop_rest_schedule,2025-03-07,2024_25,0022400906,DAL,MEM,233,239.33333333333334,-2.700280755112407,236.63305257822094,-2.700280755112402,-3.6330525782209357,3.6330525782209406,13.199071036117823,927,
drop_rest_schedule,2025-03-07,2024_25,0022400911,LAC,NYK,200,220.16666666666666,-0.9532001975865276,219.21346646908012,-0.9532001975865398,-19.213466469080128,19.213466469080117,369.157293758466,927,
drop_rest_schedule,2025-03-07,2024_25,0022400909,DEN,PHX,290,237.5,-2.0329633654964656,235.46703663450353,-2.032963365496471,54.532963365496464,54.53296336549647,2973.84409342258,927,
drop_rest_schedule,2025-03-07,2024_25,0022400910,SAC,SAS,236,235.66666666666666,0.5832402046805838,236.24990687134724,0.5832402046805782,-0.249906871347241,0.24990687134723544,0.062453444346563684,927,
drop_rest_schedule,2025-03-07,2024_25,0022400908,OKC,POR,196,227.0,4.072932872611602,231.0729328726116,4.072932872611602,-35.0729328726116,35.0729328726116,1230.1106202867195,927,
drop_rest_schedule,2025-03-08,2024_25,0022400917,MIL,ORL,220,217.83333333333334,1.8127891610768765,219.6461224944102,1.8127891610768643,0.3538775055897807,0.3538775055897929,0.12522928896245392,935,
drop_rest_schedule,2025-03-08,2024_25,0022400919,GSW,DET,225,233.33333333333334,0.20561912860782128,233.53895246194116,0.20561912860782172,-8.538952461941165,8.538952461941165,72.91370914729107,935,
drop_rest_schedule,2025-03-08,2024_25,0022400916,MIA,CHI,223,226.33333333333334,-0.6375500626882753,225.69578327064508,-0.6375500626882626,-2.6957832706450677,2.69578327064508,7.267247442289886,935,
drop_rest_schedule,2025-03-08,2024_25,0022400918,BOS,LAL,212,226.5,4.958528008619334,231.45852800861934,4.958528008619339,-19.458528008619332,19.45852800861934,378.6343122622233,935,
drop_rest_schedule,2025-03-08,2024_25,0022400914,ATL,IND,238,243.33333333333334,-3.57565177280903,239.7576815605243,-3.5756517728090387,-1.757681560524313,1.7576815605243041,3.089444468207153,935,
drop_rest_schedule,2025-03-08,2024_25,0022400913,HOU,NOP,263,229.66666666666666,-0.6415174385718713,229.0251492280948,-0.6415174385718672,33.97485077190522,33.97485077190521,1154.290484973228,935,
drop_rest_schedule,2025-03-08,2024_25,0022400915,TOR,WAS,235,222.66666666666666,2.959055623883976,225.62572229055064,2.959055623883984,9.374277709449366,9.374277709449359,87.87708257387912,935,
drop_rest_schedule,2025-03-08,2024_25,0022400912,CHA,BKN,207,212.66666666666666,-0.4957925554593938,212.17087411120727,-0.4957925554593885,-5.170874111207263,5.170874111207269,26.737939073953562,935,
drop_rest_schedule,2025-03-09,2024_25,0022400923,NOP,MEM,211,240.16666666666666,1.088687402975735,241.25535406964238,1.0886874029757223,-30.255354069642394,30.25535406964238,915.3864498794256,943,
drop_rest_schedule,2025-03-09,2024_25,0022400920,OKC,DEN,230,240.66666666666666,-0.903181993474857,239.7634846731918,-0.9031819934748455,-9.763484673191801,9.763484673191812,95.32563296365142,943,
drop_rest_schedule,2025-03-09,2024_25,0022400921,DAL,PHX,241,228.83333333333334,-5.8891003583015955,222.94423297503175,-5.88910035830159,18.055767024968254,18.055767024968247,326.0107228599307,943,
drop_rest_schedule,2025-03-09,2024_25,0022400922,MIL,CLE,212,237.83333333333334,2.1058859258468825,239.93921925918022,2.105885925846877,-27.939219259180227,27.93921925918022,780.5999728125469,943,
drop_rest_schedule,2025-03-09,2024_25,0022400924,PHI,UTA,248,225.33333333333334,-3.271980717869581,222.06135261546376,-3.2719807178695817,25.93864738453624,25.93864738453624,672.8134281393087,943,
drop_rest_schedule,2025-03-09,2024_25,0022400926,POR,DET,231,232.16666666666666,2.35279686962271,234.51946353628938,2.352796869622722,-3.519463536289367,3.519463536289379,12.386623583270541,943,
drop_rest_schedule,2025-03-09,2024_25,0022400925,MIN,SAS,265,233.0,-1.2712506558442063,231.7287493441558,-1.2712506558441987,33.271250655844206,33.2712506558442,1106.9761202040131,943,
drop_rest_schedule,2025-03-09,2024_25,0022400927,LAC,SAC,221,220.83333333333334,7.430338021852997,228.26367135518635,7.430338021853004,-7.263671355186339,7.2636713551863465,52.760921556154656,943,
drop_rest_schedule,2025-03-10,2024_25,0022400931,MIA,CHA,207,216.33333333333334,1.9700183018923818,218.30335163522574,1.9700183018923951,-11.303351635225724,11.303351635225738,127.76575818956036,951,
drop_rest_schedule,2025-03-10,2024_25,0022400933,CHI,IND,224,241.5,-1.470728228873432,240.02927177112656,-1.4707282288734405,-16.029271771126567,16.02927177112656,256.9375535126348,951,
drop_rest_schedule,2025-03-10,2024_25,0022400928,ATL,PHI,255,234.5,-3.0176361592956558,231.48236384070435,-3.017636159295648,23.517636159295655,23.517636159295648,553.0792105210102,951,
drop_rest_schedule,2025-03-10,2024_25,0022400929,BOS,UTA,222,228.66666666666666,2.5161346739305337,231.1828013405972,2.5161346739305372,-9.18280134059719,9.182801340597194,84.32384046087363,951,
drop_rest_schedule,2025-03-10,2024_25,0022400932,TOR,WAS,223,232.16666666666666,0.6603339639577783,232.82700063062444,0.6603339639577825,-9.827000630624436,9.82700063062444,96.56994139429314,951,
drop_rest_schedule,2025-03-10,2024_25,0022400939,SAC,NYK,237,220.83333333333334,-0.022008164916458656,220.8113251684169,-0.022008164916456963,16.188674831583114,16.188674831583114,262.0731928027326,951,
drop_rest_schedule,2025-03-10,2024_25,0022400934,HOU,ORL,181,213.5,0.9562405872769197,214.4562405872769,0.9562405872769091,-33.45624058727692,33.45624058727691,1119.3200342337548,951,
drop_rest_schedule,2025-03-10,2024_25,0022400936,OKC,DEN,267,238.5,-0.6355839189566543,237.86441608104334,-0.6355839189566552,29.135583918956655,29.135583918956655,848.8822502985656,951,
drop_rest_schedule,2025-03-10,2024_25,0022400937,SAS,DAL,262,229.33333333333334,-5.036447677169456,224.29688565616388,-5.036447677169463,37.70311434383611,37.70311434383612,1421.524831224381,951,
drop_rest_schedule,2025-03-10,2024_25,0022400938,GSW,POR,250,230.5,0.3456328942347609,230.84563289423477,0.3456328942347682,19.15436710576524,19.154367105765232,366.88977922242117,951,
drop_rest_schedule,2025-03-10,2024_25,0022400935,MEM,PHX,238,242.66666666666666,0.56537083848329,243.23203750514995,0.5653708384832896,-5.232037505149947,5.232037505149947,27.37421645529568,951,
drop_rest_schedule,2025-03-10,2024_25,0022400930,BKN,LAL,219,215.66666666666666,3.921605665997385,219.58827233266405,3.92160566599739,-0.588272332664042,0.5882723326640473,0.3460643373779996,951,
drop_rest_schedule,2025-03-11,2024_25,0022400943,NOP,LAC,247,224.5,1.8473738386272214,226.34737383862722,1.8473738386272203,20.65262616137278,20.65262616137278,426.53096736141936,963,
drop_rest_schedule,2025-03-11,2024_25,0022400942,IND,MIL,229,234.0,-1.9450358837578587,232.05496411624213,-1.9450358837578676,-3.0549641162421413,3.0549641162421324,9.332805751527072,963,
drop_rest_schedule,2025-03-11,2024_25,0022400941,DET,WAS,226,234.5,2.0103800228781616,236.51038002287817,2.0103800228781665,-10.510380022878161,10.510380022878167,110.46808822531645,963,
drop_rest_schedule,2025-03-11,2024_25,0022400940,CLE,BKN,213,227.0,1.124548117689895,228.1245481176899,1.1245481176898977,-15.124548117689894,15.124548117689898,228.75195576431702,963,
drop_rest_schedule,2025-03-12,2024_25,0022400948,MIA,LAC,223,209.5,1.605990105601518,211.1059901056015,1.6059901056015065,11.894009894398483,11.894009894398494,141.46747136804927,967,
drop_rest_schedule,2025-03-12,2024_25,0022400950,MEM,UTA,237,246.83333333333334,1.9793468451115717,248.8126801784449,1.9793468451115643,-11.812680178444914,11.812680178444907,139.5394129982252,967,
drop_rest_schedule,2025-03-12,2024_25,0022400953,POR,NYK,227,226.66666666666666,0.04034975666604311,226.7070164233327,0.04034975666604623,0.2929835766672997,0.2929835766672966,0.08583937619676164,967,
drop_rest_schedule,2025-03-12,2024_25,0022400951,SAS,DAL,242,237.5,2.9158339775295516,240.41583397752956,2.9158339775295588,1.5841660224704484,1.5841660224704412,2.5095819867498186,967,
drop_rest_schedule,2025-03-12,2024_25,0022400949,HOU,PHX,215,228.66666666666666,-3.5310124035444064,225.13565426312226,-3.531012403544395,-10.135654263122252,10.135654263122262,102.73148734154849,967,
drop_rest_schedule,2025-03-12,2024_25,0022400952,DEN,MIN,210,235.33333333333334,-0.46229448071437135,234.87103885261897,-0.46229448071437673,-24.871038852618973,24.871038852618966,618.5685736084821,967,
drop_rest_schedule,2025-03-12,2024_25,0022400947,TOR,PHI,223,219.33333333333334,-3.1577435019601094,216.17558983137323,-3.1577435019601126,6.824410168626766,6.82441016862677,46.572574149656454,967,
drop_rest_schedule,2025-03-12,2024_25,0022400946,BOS,OKC,230,228.0,1.6108331655180013,229.610833165518,1.6108331655179882,0.38916683448199874,0.38916683448201184,0.15145082506074958,967,
drop_rest_schedule,2025-03-12,2024_25,0022400945,ATL,CHA,233,233.66666666666666,-3.2739782727921614,230.3926883938745,-3.2739782727921636,2.607311606125504,2.6073116061255064,6.798073811436768,967,
drop_rest_schedule,2025-03-13,2024_25,0022400954,DET,WAS,254,235.33333333333334,0.020148995473159237,235.3534823288065,0.020148995473164177,18.646517671193497,18.646517671193493,347.6926212621312,976,
drop_rest_schedule,2025-03-13,2024_25,0022400955,MIL,LAL,232,225.5,2.4777463216285134,227.9777463216285,2.4777463216285014,4.022253678371486,4.022253678371499,16.17852465317305,976,
drop_rest_schedule,2025-03-13,2024_25,0022400956,CHI,BKN,226,230.0,0.24999062841086095,230.24999062841087,0.24999062841087039,-4.249990628410861,4.24999062841087,18.062420341580225,976,
drop_rest_schedule,2025-03-13,2024_25,0022400957,GSW,SAC,234,233.5,-1.215274134954663,232.28472586504535,-1.2152741349546545,1.715274134954663,1.7152741349546545,2.9421653580444382,976,
drop_rest_schedule,2025-03-13,2024_25,0022401141,NOP,ORL,206,217.16666666666666,-1.3131067855593015,215.85355988110734,-1.313106785559313,-9.853559881107355,9.853559881107344,97.09264233056818,976,
drop_rest_schedule,2025-03-14,2024_25,0022400958,MIA,BOS,194,216.16666666666666,4.039134350460786,220.20580101712744,4.039134350460785,-26.205801017127442,26.205801017127442,686.7440069492777,981,
drop_rest_schedule,2025-03-14,2024_25,0022400965,DEN,LAL,257,231.5,1.5250818630522898,233.0250818630523,1.5250818630522929,23.97491813694771,23.974918136947707,574.7966996733442,981,
drop_rest_schedule,2025-03-14,2024_25,0022400959,PHI,IND,212,232.83333333333334,3.3959177508243577,236.2292510841577,3.395917750824367,-24.2292510841577,24.22925108415771,587.0566080991575,981,
drop_rest_schedule,2025-03-14,2024_25,0022400962,MEM,CLE,257,244.16666666666666,1.8726023964903613,246.039269063157,1.8726023964903504,10.960730936842982,10.960730936842992,120.13762266986706,981,
drop_rest_schedule,2025-03-14,2024_25,0022400960,ATL,LAC,219,232.33333333333334,1.8993836234772752,234.2327169568106,1.899383623477263,-15.232716956810618,15.232716956810606,232.03566588630537,981,
drop_rest_schedule,2025-03-14,2024_25,0022400966,UTA,TOR,244,231.83333333333334,5.88354233320674,237.7168756665401,5.883542333206748,6.283124333459917,6.283124333459909,39.47765138971603,981,
drop_rest_schedule,2025-03-14,2024_25,0022400964,SAS,CHA,279,230.0,-1.3315301967730266,228.66846980322697,-1.3315301967730306,50.33153019677302,50.33153019677303,2533.2629319486755,981,
drop_rest_schedule,2025-03-14,2024_25,0022400963,MIN,ORL,229,208.5,0.9424625349904563,209.44246253499045,0.9424625349904545,19.557537465009545,19.557537465009545,382.497271695252,981,
drop_rest_schedule,2025-03-14,2024_25,0022400967,PHX,SAC,228,235.33333333333334,0.09510238759807087,235.42843572093142,0.09510238759807521,-7.428435720931414,7.428435720931418,55.18165726000988,981,
drop_rest_schedule,2025-03-14,2024_25,0022400961,HOU,DAL,229,223.66666666666666,0.6531612071786117,224.31982787384527,0.6531612071786128,4.680172126154731,4.68017212615473,21.904011130435684,981,
drop_rest_schedule,2025-03-15,2024_25,0022400968,BKN,BOS,228,214.83333333333334,1.8163735975546735,216.64970693088802,1.8163735975546729,11.350293069111984,11.350293069111984,128.82915275473155,991,
drop_rest_schedule,2025-03-15,2024_25,0022400975,DEN,WAS,249,239.33333333333334,0.06293977939658757,239.39627311272994,0.06293977939660067,9.603726887270069,9.603726887270057,92.2315701252738,991,
drop_rest_schedule,2025-03-15,2024_25,0022400974,GSW,NYK,191,229.5,-0.8113364189668888,228.6886635810331,-0.8113364189669028,-37.68866358103311,37.6886635810331,1420.4353625242904,991,
drop_rest_schedule,2025-03-15,2024_25,0022400973,SAS,NOP,234,237.5,4.3329978087402425,241.83299780874023,4.332997808740231,-7.8329978087402425,7.832997808740231,61.35585467172926,991,
drop_rest_schedule,2025-03-15,2024_25,0022400972,MIL,IND,245,235.5,-0.9960544642758143,234.5039455357242,-0.9960544642758009,10.496054464275815,10.496054464275801,110.16715931704397,991,
drop_rest_schedule,2025-03-15,2024_25,0022400971,MEM,MIA,216,228.0,0.6156010003253094,228.6156010003253,0.615601000325313,-12.61560100032531,12.615601000325313,159.15338859940903,991,
drop_rest_schedule,2025-03-15,2024_25,0022400969,DET,OKC,220,234.5,-3.4741912806590243,231.02580871934097,-3.474191280659028,-11.025808719340976,11.025808719340972,121.56845791549542,991,
drop_rest_schedule,2025-03-15,2024_25,0022400970,HOU,CHI,231,231.33333333333334,0.9319532178040606,232.2652865511374,0.9319532178040504,-1.2652865511374034,1.2652865511373932,1.600950056489159,991,
drop_rest_schedule,2025-03-16,2024_25,0022400977,LAL,PHX,203,229.66666666666666,-0.154498722898573,229.51216794376808,-0.15449872289858035,-26.512167943768084,26.512167943768077,702.8950490785636,999,
drop_rest_schedule,2025-03-16,2024_25,0022400978,BKN,ATL,236,229.0,-0.1367651808516276,228.86323481914837,-0.1367651808516257,7.1367651808516275,7.136765180851626,50.93341724661614,999,
drop_rest_schedule,2025-03-16,2024_25,0022400976,DAL,PHI,255,224.83333333333334,-5.3467796099039235,219.4865537234294,-5.346779609903933,35.51344627657058,35.51344627657059,1261.2048664388656,999,
drop_rest_schedule,2025-03-16,2024_25,0022400538,LAC,CHA,211,221.5,0.7817578354163377,222.28175783541633,0.7817578354163288,-11.281757835416338,11.281757835416329,127.27805985697773,999,
drop_rest_schedule,2025-03-16,2024_25,0022400982,MIL,OKC,226,231.5,1.0099871586196647,232.50998715861965,1.0099871586196514,-6.509987158619665,6.509987158619651,42.37993280539276,999,
drop_rest_schedule,2025-03-16,2024_25,0022400981,MIN,UTA,230,231.5,1.700476383263109,233.20047638326312,1.7004763832631227,-3.200476383263109,3.2004763832631227,10.243049079825,999,
drop_rest_schedule,2025-03-16,2024_25,0022400980,POR,TOR,207,228.66666666666666,1.806863107906246,230.4735297745729,1.8068631079062527,-23.473529774572903,23.47352977457291,551.0066000777609,999,
drop_rest_schedule,2025-03-16,2024_25,0022400979,CLE,ORL,211,219.5,0.6164201810738958,220.1164201810739,0.6164201810738916,-9.116420181073895,9.116420181073892,83.10911691789133,999,
drop_rest_schedule,2025-03-17,2024_25,0022400987,NOP,DET,208,233.16666666666666,4.199779310987082,237.36644597765374,4.199779310987083,-29.36644597765374,29.36644597765374,862.3881493584555,1007,
drop_rest_schedule,2025-03-17,2024_25,0022400985,HOU,PHI,281,222.5,-0.253113346333486,222.2468866536665,-0.2531133463334925,58.753113346333485,58.75311334633349,3451.9283278871108,1007,
drop_rest_schedule,2025-03-17,2024_25,0022400537,LAL,SAS,234,229.33333333333334,1.439632951077433,230.77296628441078,1.4396329510774422,3.227033715589224,3.227033715589215,10.413746601549535,1007,
drop_rest_schedule,2025-03-17,2024_25,0022400984,NYK,MIA,211,212.0,1.0905260655106437,213.09052606551063,1.0905260655106304,-2.0905260655106437,2.0905260655106304,4.370299230579357,1007,
drop_rest_schedule,2025-03-17,2024_25,0022400986,MIN,IND,262,229.0,-1.101023170646079,227.89897682935393,-1.101023170646073,34.10102317064608,34.10102317064607,1162.8797812849402,1007,
drop_rest_schedule,2025-03-17,2024_25,0022400995,POR,WAS,209,231.33333333333334,-1.2387881322162784,230.09454520111706,-1.2387881322162855,-21.094545201117064,21.094545201117057,444.9798372419707,1007,
drop_rest_schedule,2025-03-17,2024_25,0022400989,UTA,CHI,208,240.16666666666666,0.9407690669688737,241.10743573363553,0.9407690669688691,-33.10743573363553,33.107435733635526,1096.1023008568066,1007,
drop_rest_schedule,2025-03-17,2024_25,0022400990,GSW,DEN,219,236.5,-2.7652556844693916,233.7347443155306,-2.7652556844693947,-14.734744315530609,14.734744315530605,217.11269004406148,1007,
drop_rest_schedule,2025-03-17,2024_25,0022400992,SAC,MEM,254,239.83333333333334,-0.7302666524377747,239.10306668089558,-0.7302666524377628,14.896933319104432,14.89693331910442,221.91862231384343,1007,
drop_rest_schedule,2025-03-17,2024_25,0022400991,PHX,TOR,218,227.5,0.4581049775400539,227.95810497754005,0.45810497754004587,-9.958104977540055,9.958104977540046,99.16385474370784,1007,
drop_rest_schedule,2025-03-18,2024_25,0022400993,CHA,ATL,236,236.66666666666666,-0.6454571582568152,236.02120950840984,-0.6454571582568178,-0.021209508409842037,0.021209508409839373,0.0004498432469870471,1017,
drop_rest_schedule,2025-03-18,2024_25,0022400994,BOS,BKN,200,215.5,2.0966726542233975,217.5966726542234,2.096672654223397,-17.596672654223397,17.596672654223397,309.6428884998935,1017,
drop_rest_schedule,2025-03-18,2024_25,0022400997,LAC,CLE,251,231.33333333333334,2.2758806394910036,233.60921397282434,2.2758806394909925,17.390786027175654,17.390786027175665,302.4394386430083,1017,
drop_rest_schedule,2025-03-18,2024_25,0022401012,GSW,MIL,197,230.33333333333334,1.0213325854775421,231.3546659188109,1.021332585477552,-34.35466591881089,34.354665918810895,1180.2430703931068,1017,
drop_rest_schedule,2025-03-19,2024_25,0022401001,MIN,NOP,234,228.5,-1.1030454804998007,227.3969545195002,-1.1030454804997873,6.603045480499801,6.603045480499787,43.600209617548664,1021,
drop_rest_schedule,2025-03-19,2024_25,0022400627,UTA,WAS,240,234.33333333333334,1.590355485263222,235.92368881859656,1.590355485263217,4.076311181403435,4.07631118140344,16.61631284763471,1021,
drop_rest_schedule,2025-03-19,2024_25,0022400998,IND,DAL,266,234.33333333333334,1.301856305358046,235.6351896386914,1.3018563053580579,30.36481036130861,30.3648103613086,922.0217082782341,1021,
drop_rest_schedule,2025-03-19,2024_25,0022400999,ORL,HOU,224,211.0,4.606022923927658,215.60602292392767,4.606022923927668,8.393977076072343,8.393977076072332,70.45885115362782,1021,
drop_rest_schedule,2025-03-19,2024_25,0022401000,MIA,DET,229,218.0,3.1145275344258816,221.1145275344259,3.114527534425889,7.885472465574118,7.885472465574111,62.18067600532745,1021,
drop_rest_schedule,2025-03-19,2024_25,0022401009,SAC,CLE,242,235.5,4.582890621380987,240.08289062138098,4.582890621380983,1.9171093786190134,1.917109378619017,3.6753083695889934,1021,
drop_rest_schedule,2025-03-19,2024_25,0022401002,OKC,PHI,233,229.16666666666666,4.370004882404391,233.53667154907106,4.370004882404402,-0.5366715490710483,0.536671549071059,0.28801635158233,1021,
drop_rest_schedule,2025-03-19,2024_25,0022401006,LAL,DEN,228,233.0,-0.06333246912130694,232.93666753087868,-0.0633324691213204,-4.936667530878693,4.93666753087868,24.3706863104318,1021,
drop_rest_schedule,2025-03-19,2024_25,0022401008,POR,MEM,214,235.5,-3.1357431668788243,232.36425683312117,-3.135743166878825,-18.364256833121175,18.364256833121175,337.24592903283775,1021,
drop_rest_schedule,2025-03-19,2024_25,0022401003,SAS,NYK,225,231.0,-0.09832876481431192,230.9016712351857,-0.09832876481431185,-5.901671235185688,5.901671235185688,34.82972336821817,1021,
drop_rest_schedule,2025-03-19,2024_25,0022401007,PHX,CHI,248,235.33333333333334,1.383480685768438,236.71681401910178,1.3834806857684327,11.28318598089822,11.283185980898224,127.31028587953823,1021,
drop_rest_schedule,2025-03-20,2024_25,0022401013,SAC,CHI,244,234.66666666666666,1.0445587863107322,235.7112254529774,1.0445587863107448,8.28877454702261,8.288774547022598,68.70378349136968,1032,
drop_rest_schedule,2025-03-20,2024_25,0022401011,IND,BKN,204,226.33333333333334,1.9870421473227289,228.32037548065608,1.9870421473227395,-24.32037548065607,24.320375480656082,591.4806635200976,1032,
drop_rest_schedule,2025-03-20,2024_25,0022401010,CHA,NYK,213,222.0,2.302758615983405,224.3027586159834,2.3027586159834073,-11.302758615983405,11.302758615983407,127.75235233118715,1032,
drop_rest_schedule,2025-03-20,2024_25,0022401005,GSW,TOR,231,226.0,1.8655787507182529,227.86557875071824,1.8655787507182424,3.134421249281747,3.1344212492817576,9.824596567949014,1032,
drop_rest_schedule,2025-03-20,2024_25,0022400996,LAL,MIL,207,225.66666666666666,-1.5493714218604981,224.11729524480617,-1.549371421860485,-17.117295244806158,17.117295244806172,293.001796497864,1032,
drop_rest_schedule,2025-03-21,2024_25,0022401018,SAS,PHI,248,239.33333333333334,4.566430660408077,243.89976399374143,4.566430660408088,4.10023600625858,4.100236006258569,16.811935307019223,1037,
drop_rest_schedule,2025-03-21,2024_25,0022401015,MIA,HOU,200,214.5,5.15737136926461,219.6573713692646,5.1573713692646095,-19.65737136926461,19.65737136926461,386.412249149184,1037,
drop_rest_schedule,2025-03-21,2024_25,0022401016,MIN,NOP,227,229.0,0.7684147150571619,229.76841471505716,0.7684147150571619,-2.768414715057162,2.768414715057162,7.664120034545027,1037,
drop_rest_schedule,2025-03-21,2024_25,0022401017,OKC,CHA,247,227.16666666666666,-1.1519413211986986,226.01472534546795,-1.1519413211987057,20.98527465453204,20.98527465453205,440.3817523261452,1037,
drop_rest_schedule,2025-03-21,2024_25,0022401014,WAS,ORL,225,215.83333333333334,3.173362387223963,219.0066957205573,3.1733623872239605,5.993304279442694,5.993304279442697,35.91969618598614,1037,
drop_rest_schedule,2025-03-21,2024_25,0022401020,UTA,BOS,220,228.0,-4.158647326301021,223.841352673699,-4.158647326301008,-3.841352673698979,3.8413526736989922,14.755990363734396,1037,
drop_rest_schedule,2025-03-21,2024_25,0022401021,PHX,CLE,235,239.33333333333334,1.1023978018140985,240.43573113514745,1.1023978018141065,-5.435731135147441,5.435731135147449,29.547172973611378,1037,
drop_rest_schedule,2025-03-21,2024_25,0022401022,POR,DEN,237,225.5,-1.7367967340544541,223.76320326594555,-1.736796734054451,13.236796734054455,13.236796734054451,175.21278777867457,1037,
drop_rest_schedule,2025-03-21,2024_25,0022401023,LAC,MEM,236,231.33333333333334,1.5718766667564636,232.9052100000898,1.5718766667564523,3.0947899999101933,3.094789999910205,9.577725143544205,1037,
drop_rest_schedule,2025-03-21,2024_25,0022401019,DAL,DET,240,235.66666666666666,1.6902684221053825,237.35693508877205,1.6902684221053903,2.6430649112279605,2.6430649112279525,6.985792124964425,1037,
drop_rest_schedule,2025-03-22,2024_25,0022401024,IND,BKN,211,221.0,-0.34831989384564677,220.65168010615434,-0.3483198938456553,-9.651680106154354,9.651680106154345,93.15492887153555,1047,
drop_rest_schedule,2025-03-22,2024_25,0022401025,ATL,GSW,239,229.5,1.9664182855831436,231.46641828558313,1.9664182855831314,7.533581714416856,7.533581714416869,56.75485344779621,1047,
drop_rest_schedule,2025-03-22,2024_25,0022401026,NYK,WAS,225,222.66666666666666,1.7071716809726447,224.3738383476393,1.7071716809726354,0.6261616523606981,0.6261616523607074,0.3920784148870914,1047,
drop_rest_schedule,2025-03-22,2024_25,0022401027,SAC,MIL,222,226.33333333333334,0.09496350477618376,226.42829683810953,0.09496350477618876,-4.428296838109526,4.428296838109532,19.609812886410875,1047,
drop_rest_schedule,2025-03-22,2024_25,0022401028,LAL,CHI,261,233.5,-0.15763784372983652,233.34236215627016,-0.15763784372984446,27.657637843729837,27.657637843729844,764.9449310949173,1047,
drop_rest_schedule,2025-03-23,2024_25,0022401030,UTA,CLE,211,237.33333333333334,-4.010109913286338,233.32322342004701,-4.010109913286328,-22.323223420047004,22.323223420047015,498.32630386133553,1052,
drop_rest_schedule,2025-03-23,2024_25,0022401032,MIA,CHA,227,211.83333333333334,-2.9928731545196277,208.84046017881371,-2.9928731545196285,18.159539821186286,18.159539821186286,329.76888651725045,1052,
drop_rest_schedule,2025-03-23,2024_25,0022401029,DET,NOP,266,230.33333333333334,-2.3255721788611363,228.0077611544722,-2.3255721788611368,37.992238845527794,37.992238845527794,1443.4102124956312,1052,
drop_rest_schedule,2025-03-23,2024_25,0022401031,ATL,PHI,251,237.66666666666666,1.0432331841060034,238.70989985077267,1.0432331841060147,12.290100149227339,12.290100149227328,151.0465616780376,1052,
drop_rest_schedule,2025-03-23,2024_25,0022401034,POR,BOS,245,220.5,0.23170295539795727,220.73170295539796,0.2317029553979637,24.268297044602043,24.268297044602036,588.95024144504,1052,
drop_rest_schedule,2025-03-23,2024_25,0022401033,TOR,SAS,212,234.5,-5.422694820737487,229.0773051792625,-5.42269482073749,-17.077305179262513,17.07730517926251,291.63435218566616,1052,
drop_rest_schedule,2025-03-23,2024_25,0022401035,HOU,DEN,227,227.16666666666666,-1.4369749192623669,225.7296917474043,-1.4369749192623544,1.2703082525957097,1.2703082525956972,1.6136830566127338,1052,
drop_rest_schedule,2025-03-23,2024_25,0022401036,LAC,OKC,204,228.5,2.7890072799395758,231.28900727993957,2.789007279939568,-27.289007279939575,27.289007279939568,744.6899183245947,1052,
drop_rest_schedule,2025-03-24,2024_25,0022401044,SAC,BOS,208,225.0,1.3799926767961523,226.37999267679615,1.3799926767961495,-18.379992676796153,18.37999267679615,337.8241307990801,1060,
drop_rest_schedule,2025-03-24,2024_25,0022401042,DEN,CHI,248,239.33333333333334,0.8364691180315234,240.16980245136486,0.8364691180315162,7.830197548635134,7.830197548635141,61.31199365065177,1060,
drop_rest_schedule,2025-03-24,2024_25,0022401041,NOP,PHI,211,233.0,-0.8107733947921157,232.1892266052079,-0.8107733947921076,-21.189226605207885,21.189226605207892,448.98332412685,1060,
drop_rest_schedule,2025-03-24,2024_25,0022401043,PHX,MIL,214,225.5,-0.4192041449414704,225.08079585505854,-0.4192041449414603,-11.080795855058529,11.08079585505854,122.78403678148251,1060,
drop_rest_schedule,2025-03-24,2024_25,0022401039,WAS,TOR,216,227.66666666666666,4.3717486713577465,232.0384153380244,4.37174867135775,-16.038415338024404,16.038415338024407,257.2307665549766,1060,
drop_rest_schedule,2025-03-24,2024_25,0022401038,ORL,LAL,224,215.83333333333334,-0.32969627609147545,215.50363705724186,-0.32969627609148233,8.496362942758132,8.49636294275814,72.18818325507375,1060,
drop_rest_schedule,2025-03-24,2024_25,0022401037,IND,MIN,222,231.16666666666666,1.8879878430847905,233.05465450975146,1.887987843084801,-11.054654509751447,11.054654509751458,122.20538632996825,1060,
drop_rest_schedule,2025-03-24,2024_25,0022401040,BKN,DAL,221,218.83333333333334,4.835856499060855,223.6691898323942,4.835856499060867,-2.6691898323941974,2.66918983239421,7.12457436135663,1060,
drop_rest_schedule,2025-03-25,2024_25,0022401052,SAC,OKC,226,231.33333333333334,-1.8667672260457013,229.46656610728763,-1.8667672260457095,-3.4665661072876413,3.4665661072876333,12.017080576195335,1068,
drop_rest_schedule,2025-03-25,2024_25,0022401050,UTA,MEM,243,240.5,-6.209686780237527,234.29031321976248,-6.209686780237519,8.709686780237526,8.709686780237519,75.8586438098442,1068,
drop_rest_schedule,2025-03-25,2024_25,0022401049,HOU,ATL,235,234.5,0.2982408762505602,234.79824087625056,0.29824087625055995,0.20175912374943977,0.20175912374944005,0.04070674401614186,1068,
drop_rest_schedule,2025-03-25,2024_25,0022401051,POR,CLE,233,232.0,-2.0986493171588347,229.90135068284116,-2.098649317158845,3.0986493171588347,3.098649317158845,9.601627590728976,1068,
drop_rest_schedule,2025-03-25,2024_25,0022401047,MIA,GSW,198,218.16666666666666,2.7596584179341113,220.92632508460076,2.759658417934105,-22.92632508460077,22.926325084600762,525.6163818847941,1068,
drop_rest_schedule,2025-03-25,2024_25,0022401046,DET,SAS,218,235.16666666666666,2.3757131935128175,237.54237986017947,2.3757131935128086,-19.542379860179473,19.542379860179466,381.904610599548,1068,
drop_rest_schedule,2025-03-25,2024_25,0022401045,CHA,ORL,215,213.16666666666666,-0.3288833935112884,212.83778327315537,-0.3288833935112905,2.162216726844631,2.1622167268446333,4.6751811738467195,1068,
drop_rest_schedule,2025-03-25,2024_25,0022401048,NYK,DAL,241,224.5,3.4471150388784735,227.94711503887848,3.4471150388784793,13.052884961121526,13.05288496112152,170.37780580827237,1068,
drop_rest_schedule,2025-03-26,2024_25,0022401057,DEN,MIL,244,225.33333333333334,1.0678488211002042,226.40118215443354,1.067848821100199,17.598817845566455,17.598817845566458,309.7183895614284,1076,
drop_rest_schedule,2025-03-26,2024_25,0022401056,NYK,LAC,239,217.5,3.7641863287675768,221.26418632876758,3.764186328767579,17.735813671232425,17.73581367123242,314.55908658067483,1076,
drop_rest_schedule,2025-03-26,2024_25,0022401058,PHX,BOS,234,221.66666666666666,-0.8168737563944098,220.84979291027224,-0.8168737563944148,13.150207089727752,13.150207089727758,172.92794650272617,1076,
drop_rest_schedule,2025-03-26,2024_25,0022401054,BKN,TOR,202,214.66666666666666,3.7746308156006085,218.44129748226726,3.7746308156006023,-16.441297482267267,16.44129748226726,270.3162629004077,1076,
drop_rest_schedule,2025-03-26,2024_25,0022401053,PHI,WAS,233,230.16666666666666,-1.5784999690548895,228.58816669761177,-1.5784999690548887,4.411833302388232,4.4118333023882315,19.464273088061848,1076,
drop_rest_schedule,2025-03-26,2024_25,0022401055,IND,LAL,239,235.33333333333334,0.10843487253273246,235.44176820586608,0.1084348725327402,3.5582317941339245,3.558231794133917,12.661013500785474,1076,
drop_rest_schedule,2025-03-27,2024_25,0022401066,SAC,POR,235,225.66666666666666,2.753283113221768,228.4199497798884,2.7532831132217552,6.580050220111575,6.580050220111588,43.297060899190555,1082,
drop_rest_schedule,2025-03-27,2024_25,0022401065,UTA,HOU,231,227.83333333333334,3.1089888447457272,230.94232217807908,3.1089888447457383,0.05767782192092996,0.05767782192091886,0.0033267311415412283,1082,
drop_rest_schedule,2025-03-27,2024_25,0022401064,OKC,MEM,229,237.83333333333334,3.4121153848436867,241.24544871817702,3.4121153848436734,-12.24544871817703,12.245448718177016,149.95101430950314,1082,
drop_rest_schedule,2025-03-27,2024_25,0022401063,CHI,LAL,236,237.83333333333334,2.0201983334136804,239.85353166674702,2.020198333413674,-3.853531666747023,3.853531666747017,14.849706306622043,1082,
drop_rest_schedule,2025-03-27,2024_25,0022401059,CLE,SAS,240,238.66666666666666,1.6575559465551835,240.32422261322185,1.657555946555192,-0.32422261322184065,0.3242226132218491,0.10512030292440475,1082,
drop_rest_schedule,2025-03-27,2024_25,0022401061,WAS,IND,271,234.5,2.313321540696698,236.8133215406967,2.3133215406967054,34.1866784593033,34.186678459303295,1168.7289840797919,1082,
drop_rest_schedule,2025-03-27,2024_25,0022401060,ORL,DAL,193,218.5,0.2545201841486112,218.75452018414862,0.25452018414861755,-25.75452018414861,25.754520184148618,663.2953099157186,1082,
drop_rest_schedule,2025-03-27,2024_25,0022401062,MIA,ATL,234,228.0,1.2714868868237719,229.27148688682377,1.2714868868237659,4.728513113176228,4.728513113176234,22.358836261479603,1082,
drop_rest_schedule,2025-03-28,2024_25,0022401068,BKN,LAC,232,214.33333333333334,3.2711349904504923,217.60446832378383,3.2711349904504914,14.395531676216166,14.395531676216166,207.231332240943,1090,
drop_rest_schedule,2025-03-28,2024_25,0022401067,DET,CLE,255,229.66666666666666,2.369305657980343,232.035972324647,2.369305657980334,22.964027675353,22.96402767535301,527.3465670743789,1090,
drop_rest_schedule,2025-03-28,2024_25,0022401069,TOR,CHA,205,216.5,-4.681591783361342,211.81840821663866,-4.681591783361341,-6.818408216638658,6.818408216638659,46.49069060872558,1090,
drop_rest_schedule,2025-03-28,2024_25,0022401070,MIL,NYK,223,219.5,2.9646732808356555,222.46467328083565,2.9646732808356546,0.5353267191643445,0.5353267191643454,0.2865746962512619,1090,
drop_rest_schedule,2025-03-28,2024_25,0022401072,NOP,GSW,206,224.0,0.963530830707877,224.96353083070787,0.9635308307078674,-18.963530830707878,18.963530830707867,359.61550156720784,1090,
drop_rest_schedule,2025-03-28,2024_25,0022401073,DEN,UTA,222,239.0,0.5568374410018763,239.55683744100187,0.5568374410018748,-17.556837441001875,17.556837441001875,308.24254092976525,1090,
drop_rest_schedule,2025-03-28,2024_25,0022401071,MIN,PHX,233,226.5,0.28493908978342475,226.78493908978342,0.2849390897834212,6.215060910216575,6.215060910216579,38.62698211770213,1090,
drop_rest_schedule,2025-03-29,2024_25,0022401079,OKC,IND,243,238.5,-3.2371599102861106,235.26284008971388,-3.237159910286124,7.737159910286111,7.737159910286124,59.86364347733878,1097,
drop_rest_schedule,2025-03-29,2024_25,0022401076,PHI,MIA,213,217.83333333333334,0.25264502047190646,218.08597835380525,0.2526450204719026,-5.085978353805249,5.085978353805245,25.867175815375514,1097,
drop_rest_schedule,2025-03-29,2024_25,0022401080,SAS,BOS,232,228.83333333333334,3.3194355344736293,232.15276886780697,3.3194355344736266,-0.15276886780697208,0.1527688678069694,0.023338326971023296,1097,
drop_rest_schedule,2025-03-29,2024_25,0022401078,MEM,LAL,261,237.16666666666666,-0.663335642725408,236.50333102394126,-0.6633356427254,24.49666897605875,24.496668976058743,600.0867909225989,1097,
drop_rest_schedule,2025-03-29,2024_25,0022401074,ORL,SAC,212,218.33333333333334,-0.4164476207363529,217.91688571259698,-0.41644762073636343,-5.91688571259699,5.916885712596979,35.00953653593427,1097,
drop_rest_schedule,2025-03-29,2024_25,0022401075,WAS,BKN,227,219.5,-0.04099868624989898,219.4590013137501,-0.04099868624990677,7.540998686249899,7.540998686249907,56.86666118602282,1097,
drop_rest_schedule,2025-03-29,2024_25,0022401077,CHI,DAL,239,237.0,1.2391131002332438,238.23911310023325,1.2391131002332543,0.7608868997667562,0.7608868997667457,0.5789488742366498,1097,
drop_rest_schedule,2025-03-30,2024_25,0022401087,PHI,TOR,236,223.66666666666666,2.556779235625177,226.22344590229184,2.5567792356251857,9.776554097708166,9.776554097708157,95.58101002541416,1104,
drop_rest_schedule,2025-03-30,2024_25,0022401088,PHX,HOU,257,224.5,2.1311623454564033,226.6311623454564,2.131162345456403,30.368837654543597,30.368837654543597,922.2663004880251,1104,
drop_rest_schedule,2025-03-30,2024_25,0022401086,SAS,GSW,254,232.66666666666666,2.5671162710947226,235.2337829377614,2.567116271094733,18.76621706223862,18.76621706223861,352.1709028270555,1104,
drop_rest_schedule,2025-03-30,2024_25,0022401085,NOP,CHA,192,212.83333333333334,-6.668377234798816,206.16495609853453,-6.668377234798811,-14.164956098534526,14.164956098534532,200.64598127341063,1104,
drop_rest_schedule,2025-03-30,2024_25,0022401083,MIL,ATL,269,235.5,1.2072750852375296,236.70727508523754,1.2072750852375407,32.29272491476247,32.29272491476246,1042.82008242052,1104,
drop_rest_schedule,2025-03-30,2024_25,0022401082,NYK,POR,203,220.5,1.875234415479059,222.37523441547907,1.8752344154790705,-19.37523441547906,19.37523441547907,375.3997086547646,1104,
drop_rest_schedule,2025-03-30,2024_25,0022401081,CLE,LAC,249,230.5,1.0136794844639996,231.513679484464,1.0136794844640065,17.486320515536,17.486320515535994,305.771405172055,1104,
drop_rest_schedule,2025-03-30,2024_25,0022401084,MIN,DET,227,225.66666666666666,0.801473982963066,226.46814064962973,0.8014739829630741,0.5318593503702768,0.5318593503702687,0.2828743685762842,1104,
drop_rest_schedule,2025-03-31,2024_25,0022401092,WAS,MIA,214,220.5,1.1205265693198911,221.62052656931988,1.1205265693198783,-7.620526569319891,7.620526569319878,58.072425193710195,1112,
drop_rest_schedule,2025-03-31,2024_25,0022401089,CHA,UTA,216,219.33333333333334,2.173644236443855,221.5069775697772,2.173644236443863,-5.506977569777198,5.506977569777206,30.32680195402926,1112,
drop_rest_schedule,2025-03-31,2024_25,0022401090,IND,SAC,220,234.5,0.5886875618644118,235.08868756186442,0.5886875618644183,-15.088687561864411,15.088687561864418,227.668492339562,1112,
drop_rest_schedule,2025-03-31,2024_25,0022401091,ORL,LAC,183,211.33333333333334,1.6925348777374918,213.02586821107084,1.6925348777375007,-30.025868211070836,30.025868211070843,901.5527618285946,1112,
drop_rest_schedule,2025-03-31,2024_25,0022401096,LAL,HOU,202,225.33333333333334,1.0003288036357552,226.3336621369691,1.0003288036357674,-24.3336621369691,24.33366213696911,592.1271129961641,1112,
drop_rest_schedule,2025-03-31,2024_25,0022401093,MEM,BOS,220,236.33333333333334,1.1658545174619528,237.4991878507953,1.165854517461952,-17.499187850795295,17.499187850795295,306.2215754374216,1112,
drop_rest_schedule,2025-03-31,2024_25,0022401095,DAL,BKN,222,220.33333333333334,-0.07199294814831178,220.26134038518504,-0.07199294814830637,1.738659614814969,1.7386596148149636,3.0229372561885173,1112,
drop_rest_schedule,2025-03-31,2024_25,0022401094,OKC,CHI,262,239.0,1.114685102750169,240.11468510275017,1.1146851027501725,21.88531489724983,21.885314897249827,478.96700815178525,1112,
drop_rest_schedule,2025-04-01,2024_25,0022401102,DEN,MIN,279,230.66666666666666,0.8730649479969536,231.53973161466362,0.8730649479969657,47.46026838533639,47.46026838533638,2252.4770752081595,1120,
drop_rest_schedule,2025-04-01,2024_25,0022401098,NYK,PHI,196,223.0,4.365901346594174,227.36590134659417,4.365901346594171,-31.365901346594175,31.36590134659417,983.819767284278,1120,
drop_rest_schedule,2025-04-01,2024_25,0022401100,MEM,GSW,259,237.33333333333334,2.1802906973854426,239.51362403071877,2.1802906973854306,19.486375969281216,19.486375969281227,379.7188484161809,1120,
drop_rest_schedule,2025-04-01,2024_25,0022400988,SAS,ORL,221,220.5,0.39178956389390557,220.8917895638939,0.3917895638938944,0.10821043610609443,0.10821043610610559,0.01170949848227356,1120,
drop_rest_schedule,2025-04-01,2024_25,0022401097,ATL,POR,240,238.0,-0.3577728499098375,237.64222715009015,-0.3577728499098498,2.3577728499098374,2.35777284990985,5.5590928117720155,1120,
drop_rest_schedule,2025-04-01,2024_25,0022401101,MIL,PHX,256,224.33333333333334,3.0039376031733833,227.3372709365067,3.0039376031733696,28.662729063493273,28.662729063493288,821.5520373672229,1120,
drop_rest_schedule,2025-04-01,2024_25,0022401099,CHI,TOR,255,236.0,0.8798312968635842,236.87983129686359,0.8798312968635855,18.120168703136414,18.120168703136414,328.3405138301244,1120,
drop_rest_schedule,2025-04-02,2024_25,0022401110,DEN,SAS,219,229.5,-0.305312838075141,229.19468716192486,-0.30531283807513887,-10.19468716192486,10.194687161924861,103.93164632951557,1127,
drop_rest_schedule,2025-04-02,2024_25,0022401106,BOS,MIA,227,213.33333333333334,1.3591504181457243,214.69248375147907,1.359150418145731,12.307516248520933,12.307516248520926,151.47495620760662,1127,
drop_rest_schedule,2025-04-02,2024_25,0022401104,IND,CHA,224,224.33333333333334,0.31847898704674993,224.6518123203801,0.3184789870467455,-0.6518123203800927,0.6518123203800883,0.4248593009992749,1127,
drop_rest_schedule,2025-04-02,2024_25,0022401105,WAS,SAC,227,231.5,-1.1661303751350418,230.33386962486495,-1.1661303751350545,-3.333869624864958,3.3338696248649455,11.114686675597133,1127,
drop_rest_schedule,2025-04-02,2024_25,0022401103,CLE,NYK,229,230.0,0.8613987946903033,230.8613987946903,0.8613987946903023,-1.8613987946903032,1.8613987946903023,3.4648054728745104,1127,
drop_rest_schedule,2025-04-02,2024_25,0022401107,HOU,UTA,248,225.66666666666666,-0.25972235818306233,225.4069443084836,-0.259722358183069,22.593055691516405,22.593055691516412,510.44616547996213,1127,
drop_rest_schedule,2025-04-02,2024_25,0022401111,LAC,NOP,212,216.5,2.5457195657549554,219.04571956575495,2.5457195657549505,-7.045719565754956,7.0457195657549505,49.642164199262126,1127,
drop_rest_schedule,2025-04-02,2024_25,0022401109,DAL,ATL,238,237.83333333333334,0.3951184958270112,238.22845182916035,0.3951184958270062,-0.228451829160354,0.228451829160349,0.05219023824670929,1127,
drop_rest_schedule,2025-04-02,2024_25,0022401108,OKC,DET,222,231.33333333333334,2.5001004149980934,233.83343374833143,2.500100414998087,-11.833433748331437,11.83343374833143,140.03015427614923,1127,
drop_rest_schedule,2025-04-03,2024_25,0022401113,BKN,MIN,195,215.66666666666666,3.852590215518125,219.51925688218478,3.85259021551812,-24.51925688218478,24.519256882184777,601.1939580545655,1136,
drop_rest_schedule,2025-04-03,2024_25,0022401114,MIA,MEM,218,227.83333333333334,0.1166361267404093,227.94996946007376,0.11663612674041701,-9.949969460073753,9.94996946007376,99.00189225640051,1136,
drop_rest_schedule,2025-04-03,2024_25,0022401115,PHI,MIL,239,224.66666666666666,-0.3290805235551255,224.33758614311154,-0.3290805235551204,14.662413856888469,14.662413856888463,214.98638011067482,1136,
drop_rest_schedule,2025-04-03,2024_25,0022401116,TOR,POR,215,224.66666666666666,2.164145510983399,226.83081217765005,2.1641455109833885,-11.830812177650056,11.830812177650046,139.96811678283262,1136,
drop_rest_schedule,2025-04-03,2024_25,0022401117,LAL,GSW,239,228.16666666666666,1.6118187629825411,229.7784854296492,1.6118187629825513,9.221514570350802,9.221514570350791,85.03633097119194,1136,
drop_rest_schedule,2025-04-03,2024_25,0022401112,WAS,ORL,206,214.83333333333334,0.9784799356967937,215.81181326903013,0.9784799356967824,-9.811813269030136,9.811813269030125,96.27167962631563,1136,
drop_rest_schedule,2025-04-04,2024_25,0022401118,CHA,SAC,227,219.33333333333334,-0.7695998325223141,218.56373350081103,-0.7695998325223172,8.43626649918897,8.436266499188974,71.1705924453382,1142,
drop_rest_schedule,2025-04-04,2024_25,0022401123,HOU,OKC,236,229.33333333333334,-2.3421693016201086,226.99116403171323,-2.3421693016201175,9.008835968286766,9.008835968286775,81.1591255034975,1142,
drop_rest_schedule,2025-04-04,2024_25,0022401119,IND,UTA,252,235.16666666666666,0.4803315367368217,235.64699820340348,0.48033153673682705,16.353001796596523,16.353001796596516,267.4206677594889,1142,
drop_rest_schedule,2025-04-04,2024_25,0022401121,TOR,DET,222,227.33333333333334,-1.2770644148603043,226.05626891847305,-1.2770644148602912,-4.056268918473038,4.056268918473052,16.45331753897054,1142,
drop_rest_schedule,2025-04-04,2024_25,0022401122,CHI,POR,231,237.66666666666666,2.9972147505789266,240.6638814172456,2.9972147505789337,-9.663881417245584,9.663881417245591,93.39060404658466,1142,
drop_rest_schedule,2025-04-04,2024_25,0022401124,SAS,CLE,227,241.16666666666666,1.2900090156254738,242.45667568229214,1.2900090156254862,-15.456675682292131,15.456675682292143,238.9088231475613,1142,
drop_rest_schedule,2025-04-04,2024_25,0022401126,LAL,NOP,232,219.66666666666666,0.10151427808911573,219.76818094475578,0.10151427808912672,12.231819055244227,12.231819055244216,149.61739740023552,1142,
drop_rest_schedule,2025-04-04,2024_25,0022401127,LAC,DAL,205,225.0,1.125289313644254,226.12528931364426,1.1252893136442594,-21.125289313644252,21.12528931364426,446.27784858517236,1142,
drop_rest_schedule,2025-04-04,2024_25,0022401120,BOS,PHX,226,228.0,1.9222405215499327,229.92224052154992,1.9222405215499236,-3.9222405215499325,3.9222405215499236,15.383970708888217,1142,
drop_rest_schedule,2025-04-04,2024_25,0022401125,GSW,DEN,222,233.5,2.395321257297586,235.89532125729758,2.3953212572975815,-13.895321257297585,13.895321257297581,193.07995284350605,1142,
drop_rest_schedule,2025-04-05,2024_25,0022401131,MIA,MIL,236,215.33333333333334,-0.7212058323741823,214.61212750095916,-0.7212058323741815,21.38787249904084,21.38787249904084,457.44109003522743,1152,
drop_rest_schedule,2025-04-05,2024_25,0022401130,PHI,MIN,223,225.16666666666666,2.8303769466010187,227.99704361326766,2.8303769466010067,-4.997043613267676,4.997043613267664,24.97044487289915,1152,
drop_rest_schedule,2025-04-05,2024_25,0022401132,LAC,DAL,239,221.5,-3.070656720965543,218.42934327903447,-3.0706567209655304,20.570656720965545,20.57065672096553,423.15191793180435,1152,
drop_rest_schedule,2025-04-05,2024_25,0022401128,ATL,NYK,226,236.83333333333334,3.450492874161745,240.28382620749508,3.450492874161739,-14.283826207495087,14.283826207495082,204.02769112592333,1152,
drop_rest_schedule,2025-04-05,2024_25,0022401129,DET,MEM,212,239.66666666666666,2.2873566949563773,241.95402336162303,2.2873566949563724,-29.954023361623033,29.95402336162303,897.2435155486583,1152,
drop_rest_schedule,2025-04-06,2024_25,0022401134,BKN,TOR,229,214.83333333333334,0.9999544971174446,215.8332878304508,0.999954497117443,13.166712169549212,13.166712169549214,173.36230935575537,1157,
drop_rest_schedule,2025-04-06,2024_25,0022401135,OKC,LAL,225,232.0,0.8272317801626743,232.82723178016266,0.8272317801626627,-7.827231780162674,7.827231780162663,61.26555734038837,1157,
drop_rest_schedule,2025-04-06,2024_25,0022401136,ATL,UTA,281,244.16666666666666,1.6117816531746323,245.7784483198413,1.6117816531746314,35.22155168015871,35.22155168015871,1240.557702758091,1157,
drop_rest_schedule,2025-04-06,2024_25,0022401133,CHA,CHI,248,227.66666666666666,1.9780990202948863,229.64476568696153,1.9780990202948772,18.355234313038455,18.355234313038466,336.9146266865447,1157,
drop_rest_schedule,2025-04-06,2024_25,0022401140,NYK,PHX,210,228.66666666666666,0.7433509159071676,229.41001758257383,0.7433509159071718,-19.410017582573825,19.41001758257383,376.7487825558252,1157,
drop_rest_schedule,2025-04-06,2024_25,0022401142,DEN,IND,245,239.5,3.7031087869095476,243.20310878690955,3.703108786909553,1.7968912130904524,1.796891213090447,3.2288180316816586,1157,
drop_rest_schedule,2025-04-06,2024_25,0022401143,GSW,HOU,202,224.5,3.181617871402647,227.68161787140264,3.1816178714026364,-25.681617871402647,25.681617871402636,659.5454964927472,1157,
drop_rest_schedule,2025-04-06,2024_25,0022401139,POR,SAS,229,228.5,0.3136239319799231,228.81362393197992,0.3136239319799188,0.1863760680200769,0.18637606802008122,0.03473603873062594,1157,
drop_rest_schedule,2025-04-06,2024_25,0022401137,BOS,WAS,214,226.0,-0.7401825847392487,225.25981741526076,-0.7401825847392445,-11.259817415260752,11.259817415260756,126.7834882250094,1157,
drop_rest_schedule,2025-04-06,2024_25,0022401138,CLE,SAC,233,236.5,-0.10786919542665377,236.39213080457336,-0.10786919542664464,-3.392130804573346,3.3921308045733554,11.50655139533548,1157,
drop_rest_schedule,2025-04-06,2024_25,0022400617,NOP,MIL,218,220.5,2.6745030053194023,223.1745030053194,2.6745030053193943,-5.174503005319402,5.174503005319394,26.775481352059444,1157,
drop_rest_schedule,2025-04-07,2024_25,0022401145,MIA,PHI,222,213.5,-0.5255121009403307,212.97448789905968,-0.5255121009403183,9.02551210094033,9.025512100940318,81.45986868422011,1168,
drop_rest_schedule,2025-04-07,2024_25,0022401144,DET,SAC,244,230.5,1.2121654433157667,231.71216544331577,1.2121654433157687,12.287834556684233,12.287834556684231,150.99087809244315,1168,
drop_rest_schedule,2025-04-08,2024_25,0022401150,BKN,NOP,233,213.83333333333334,-0.9395309029264625,212.89380243040688,-0.9395309029264638,20.10619756959312,20.10619756959312,404.2591807075123,1170,
drop_rest_schedule,2025-04-08,2024_25,0022401155,LAC,SAS,239,227.5,1.7454156654077742,229.24541566540776,1.7454156654077622,9.754584334592225,9.754584334592238,95.15191554067229,1170,
drop_rest_schedule,2025-04-08,2024_25,0022401154,PHX,GSW,228,226.83333333333334,1.2028686561019937,228.03620198943534,1.2028686561019981,-0.03620198943533648,0.03620198943534092,0.0013105840390765357,1170,
drop_rest_schedule,2025-04-08,2024_25,0022401153,OKC,LAL,256,226.33333333333334,0.39462032799736874,226.7279536613307,0.3946203279973588,29.272046338669288,29.2720463386693,856.8526968532027,1170,
drop_rest_schedule,2025-04-08,2024_25,0022401152,MIL,MIN,213,222.5,3.7411234835013505,226.24112348350135,3.7411234835013545,-13.241123483501351,13.241123483501354,175.32735110533105,1170,
drop_rest_schedule,2025-04-08,2024_25,0022401151,NYK,BOS,236,221.5,3.5622925936204783,225.06229259362047,3.5622925936204695,10.937707406379522,10.93770740637953,119.63344330756964,1170,
drop_rest_schedule,2025-04-08,2024_25,0022401149,ORL,ATL,231,225.33333333333334,-1.2141958422419679,224.11913749109138,-1.2141958422419634,6.880862508908625,6.880862508908621,47.34626886650424,1170,
drop_rest_schedule,2025-04-08,2024_25,0022401148,IND,WAS,202,238.66666666666666,3.1333860372977695,241.80005270396444,3.1333860372977824,-39.800052703964425,39.80005270396444,1584.0441952383471,1170,
drop_rest_schedule,2025-04-08,2024_25,0022401147,CLE,CHI,248,240.5,0.7324180349528613,241.23241803495287,0.7324180349528717,6.767581965047139,6.767581965047128,45.80016565363115,1170,
drop_rest_schedule,2025-04-08,2024_25,0022401146,CHA,MEM,224,230.5,2.2957830077050043,232.795783007705,2.295783007705012,-8.795783007705005,8.795783007705012,77.36579871863222,1170,
drop_rest_schedule,2025-04-09,2024_25,0022401157,WAS,PHI,225,227.5,0.2892183732019555,227.78921837320195,0.28921837320194754,-2.7892183732019555,2.7892183732019475,7.779739133407319,1180,
drop_rest_schedule,2025-04-09,2024_25,0022401158,TOR,CHA,222,217.16666666666666,-0.38646794081845215,216.7801987258482,-0.3864679408184486,5.219801274151795,5.219801274151791,27.246325341636666,1180,
drop_rest_schedule,2025-04-09,2024_25,0022401159,DAL,LAL,209,227.16666666666666,-0.6154543674225706,226.5512122992441,-0.6154543674225579,-17.551212299244085,17.5512122992441,308.0450531731373,1180,
drop_rest_schedule,2025-04-09,2024_25,0022401166,LAC,HOU,251,219.16666666666666,0.6450198101970925,219.81168647686374,0.6450198101970841,31.18831352313625,31.18831352313626,972.710900417444,1180,
drop_rest_schedule,2025-04-09,2024_25,0022401163,GSW,SAS,225,231.5,0.0008767821972301554,231.50087678219722,0.0008767821972242018,-6.50087678219723,6.500876782197224,42.261398937310936,1180,
drop_rest_schedule,2025-04-09,2024_25,0022401164,PHX,OKC,237,229.16666666666666,-3.9204652276737857,225.24620143899287,-3.9204652276737875,11.753798561007128,11.75379856100713,138.1517806127333,1180,
drop_rest_schedule,2025-04-09,2024_25,0022401165,SAC,DEN,240,234.5,2.7385649578438542,237.23856495784386,2.738564957843863,2.7614350421561458,2.761435042156137,7.625523492047866,1180,
drop_rest_schedule,2025-04-09,2024_25,0022401156,ORL,BOS,172,209.16666666666666,1.1682180980403862,210.33488476470706,1.1682180980403984,-38.33488476470704,38.334884764707056,1469.5633899233692,1180,
drop_rest_schedule,2025-04-09,2024_25,0022401162,UTA,POR,259,229.5,1.17119803211579,230.6711980321158,1.1711980321157967,28.32880196788421,28.328801967884203,802.5210209356,1180,
drop_rest_schedule,2025-04-09,2024_25,0022401160,CHI,MIA,230,226.66666666666666,2.1220264780611036,228.78869314472777,2.122026478061116,1.2113068552722392,1.2113068552722268,1.4672642976294914,1180,
drop_rest_schedule,2025-04-10,2024_25,0022401167,DET,NYK,221,227.5,2.63310162933492,230.13310162933493,2.6331016293349307,-9.13310162933492,9.13310162933493,83.41354537176036,1190,
drop_rest_schedule,2025-04-10,2024_25,0022401161,MIL,NOP,247,222.33333333333334,-0.3889295636706519,221.9444037696627,-0.3889295636706436,25.055596230337308,25.0555962303373,627.7829024576928,1190,
drop_rest_schedule,2025-04-10,2024_25,0022401170,MEM,MIN,266,232.5,3.3131907406279373,235.81319074062793,3.313190740627931,30.186809259372062,30.18680925937207,911.2434532617112,1190,
drop_rest_schedule,2025-04-10,2024_25,0022401168,IND,CLE,226,232.5,2.5306354482477222,235.03063544824772,2.530635448247722,-9.030635448247722,9.030635448247722,81.55237659914833,1190,
drop_rest_schedule,2025-04-10,2024_25,0022401169,BKN,ATL,242,230.5,1.5376655602976956,232.03766556029768,1.5376655602976825,9.962334439702305,9.962334439702317,99.2481074884789,1190,
drop_rest_schedule,2025-04-11,2024_25,0022401178,DAL,TOR,226,225.16666666666666,2.6504000571717663,227.81706672383842,2.6504000571717654,-1.8170667238384235,1.8170667238384226,3.3017314788808982,1195,
drop_rest_schedule,2025-04-11,2024_25,0022401171,DET,MIL,244,228.66666666666666,0.05318515198803106,228.7198518186547,0.053185151988031976,15.280148181345313,15.28014818134531,233.4829284438704,1195,
drop_rest_schedule,2025-04-11,2024_25,0022401172,IND,ORL,244,217.33333333333334,1.8298406595481962,219.16317399288153,1.8298406595481822,24.83682600711846,24.836826007118475,616.8679261078767,1195,
drop_rest_schedule,2025-04-11,2024_25,0022401173,PHI,ATL,234,240.16666666666666,-5.990491729681754,234.1761749369849,-5.990491729681764,-0.1761749369849035,0.17617493698489284,0.031037608421630964,1195,
drop_rest_schedule,2025-04-11,2024_25,0022401174,BOS,CHA,224,214.0,-0.7279669518773835,213.2720330481226,-0.7279669518773915,10.727966951877384,10.727966951877391,115.08927492057349,1195,
drop_rest_schedule,2025-04-11,2024_25,0022401177,NOP,MIA,257,215.16666666666666,1.7565621375856635,216.92322880425232,1.7565621375856608,40.07677119574768,40.07677119574768,1606.1475894763112,1195,
drop_rest_schedule,2025-04-11,2024_25,0022401176,CHI,WAS,208,235.83333333333334,-0.32807137765304173,235.5052619556803,-0.32807137765303196,-27.5052619556803,27.50526195568031,756.5394352505947,1195,
drop_rest_schedule,2025-04-11,2024_25,0022401175,NYK,CLE,210,226.5,-0.18640153860919267,226.3135984613908,-0.1864015386092035,-16.313598461390807,16.313598461390797,266.1334947594922,1195,
drop_rest_schedule,2025-04-11,2024_25,0022401180,DEN,MEM,226,241.5,-0.3020853990808269,241.19791460091918,-0.30208539908082344,-15.197914600919173,15.197914600919177,230.9766082168323,1195,
drop_rest_schedule,2025-04-11,2024_25,0022401181,UTA,OKC,256,233.66666666666666,-2.926265415124908,230.74040125154175,-2.9262654151249023,25.259598748458252,25.259598748458245,638.0473289331134,1195,
drop_rest_schedule,2025-04-11,2024_25,0022401182,PHX,SAS,215,232.5,-1.3705000076447216,231.12949999235528,-1.370500007644722,-16.129499992355278,16.129499992355278,260.1607700033889,1195,
drop_rest_schedule,2025-04-11,2024_25,0022401183,POR,GSW,189,226.83333333333334,5.870824544036369,232.7041578773697,5.870824544036367,-43.70415787736971,43.70415787736971,1910.0534157700567,1195,
drop_rest_schedule,2025-04-11,2024_25,0022401184,SAC,LAC,201,226.16666666666666,2.813914189911057,228.98058085657772,2.81391418991106,-27.980580856577713,27.980580856577717,782.9129050714834,1195,
drop_rest_schedule,2025-04-11,2024_25,0022401185,LAL,HOU,249,226.0,3.4133751447124707,229.41337514471246,3.413375144712461,19.58662485528753,19.58662485528754,383.6358732217676,1195,
drop_rest_schedule,2025-04-11,2024_25,0022401179,MIN,BKN,208,216.5,-2.0148814541720523,214.48511854582796,-2.0148814541720412,-6.485118545827948,6.485118545827959,42.056762553441736,1195,
drop_rest_schedule,2025-04-13,2024_25,0022401186,ATL,ORL,222,220.5,3.2010438477587466,223.70104384775874,3.20104384775874,-1.7010438477587466,1.70104384775874,2.8935501719978594,1210,
drop_rest_schedule,2025-04-13,2024_25,0022401189,CLE,IND,244,226.83333333333334,-0.19388069886623177,226.63945263446712,-0.1938806988662236,17.360547365532888,17.36054736553288,301.38860483091065,1210,
drop_rest_schedule,2025-04-13,2024_25,0022401191,PHI,CHI,224,233.5,2.0751666464307594,235.57516664643077,2.075166646430773,-11.575166646430759,11.575166646430773,133.98448289264343,1210,
drop_rest_schedule,2025-04-13,2024_25,0022401190,MIA,WAS,237,215.33333333333334,-0.3723163842569011,214.96101694907645,-0.37231638425689084,22.03898305092356,22.038983050923548,485.7167739188954,1210,
drop_rest_schedule,2025-04-13,2024_25,0022401193,HOU,DEN,237,233.66666666666666,0.7499701082749409,234.4166367749416,0.7499701082749368,2.583363225058402,2.583363225058406,6.673765552584168,1210,
drop_rest_schedule,2025-04-13,2024_25,0022401187,BOS,CHA,179,211.5,-0.09628411090765329,211.40371588909235,-0.09628411090764644,-32.40371588909235,32.403715889092354,1050.0008034210161,1210,
drop_rest_schedule,2025-04-13,2024_25,0022401192,MIL,DET,273,224.0,2.301104072212289,226.3011040722123,2.301104072212297,46.69889592778771,46.6988959277877,2180.786880874347,1210,
drop_rest_schedule,2025-04-13,2024_25,0022401198,GSW,LAC,243,218.33333333333334,-1.209878513646485,217.12345481968686,-1.209878513646487,25.87654518031314,25.876545180313144,669.5955904687875,1210,
drop_rest_schedule,2025-04-13,2024_25,0022401194,MEM,DAL,229,228.33333333333334,0.6586475118162645,228.9919808451496,0.6586475118162696,0.008019154850392729,0.008019154850387622,6.430684451449533e-05,1210,
drop_rest_schedule,2025-04-13,2024_25,0022401196,NOP,OKC,215,235.66666666666666,-1.8517164740880916,233.81495019257858,-1.8517164740880787,-18.814950192578564,18.81495019257858,354.00235074921267,1210,
drop_rest_schedule,2025-04-13,2024_25,0022401197,SAS,TOR,243,228.66666666666666,0.7691914065672578,229.4358580732339,0.7691914065672449,13.564141926766085,13.564141926766098,183.9859462094539,1210,
drop_rest_schedule,2025-04-13,2024_25,0022401200,SAC,PHX,207,224.16666666666666,0.08911064245864336,224.2557773091253,0.08911064245864964,-17.2557773091253,17.255777309125307,297.7618505421238,1210,
drop_rest_schedule,2025-04-13,2024_25,0022401199,POR,LAL,190,220.16666666666666,1.7251838485838045,221.89185051525047,1.7251838485838107,-31.89185051525046,31.891850515250468,1017.0901292870815,1210,
drop_rest_schedule,2025-04-13,2024_25,0022401195,MIN,UTA,221,232.33333333333334,2.7698194007557286,235.10315273408906,2.769819400755722,-14.103152734089072,14.103152734089065,198.89891704104386,1210,
drop_rest_schedule,2025-04-13,2024_25,0022401188,BKN,NYK,218,214.0,2.6974301130175413,216.69743011301753,2.697430113017532,1.3025698869824587,1.302569886982468,1.6966883104735195,1210,
drop_rest_schedule,2025-10-21,2025_26,0022500001,OKC,HOU,249,227.5,2.595151167850624,230.09515116785062,2.5951511678506165,18.904848832149376,18.904848832149383,357.3933093664199,1225,
drop_rest_schedule,2025-10-21,2025_26,0022500002,LAL,GSW,228,225.83333333333334,-0.4428898828066138,225.39044345052673,-0.442889882806611,2.609556549473271,2.609556549473268,6.80978538489883,1225,
drop_rest_schedule,2025-10-22,2025_26,0022500080,CHA,BKN,253,227.16666666666666,0.31788575668013563,227.4845524233468,0.3178857566801412,25.51544757665321,25.5154475766532,651.0380650369377,1227,
drop_rest_schedule,2025-10-22,2025_26,0022500083,BOS,PHI,233,228.0,0.1416831667318039,228.1416831667318,0.14168316673180925,4.858316833268196,4.858316833268191,23.60324245241706,1227,
drop_rest_schedule,2025-10-22,2025_26,0022500004,DAL,SAS,217,224.5,-2.652714723696438,221.84728527630355,-2.652714723696448,-4.8472852763035625,4.847285276303552,23.496174549869203,1227,
drop_rest_schedule,2025-10-22,2025_26,0022500089,POR,MIN,232,219.83333333333334,-2.4829585643144654,217.35037476901888,-2.4829585643144583,14.649625230981123,14.649625230981115,214.6115194081985,1227,
drop_rest_schedule,2025-10-22,2025_26,0022500082,ATL,TOR,256,235.83333333333334,1.4467931669462801,237.28012650027964,1.4467931669462928,18.71987349972038,18.719873499720364,350.43366384553275,1227,
drop_rest_schedule,2025-10-22,2025_26,0022500003,NYK,CLE,230,228.5,-0.4775412286876661,228.02245877131233,-0.4775412286876701,1.9775412286876661,1.9775412286876701,3.91066931115954,1227,
drop_rest_schedule,2025-10-22,2025_26,0022500084,CHI,DET,226,233.5,-0.3657900845530115,233.134209915447,-0.365790084552998,-7.134209915446989,7.134209915447002,50.89695111766232,1227,
drop_rest_schedule,2025-10-22,2025_26,0022500085,MEM,NOP,250,238.5,0.9662200721866913,239.4662200721867,0.9662200721867009,10.533779927813308,10.533779927813299,110.96051956760235,1227,
drop_rest_schedule,2025-10-22,2025_26,0022500086,MIL,WAS,253,227.83333333333334,-1.5171551120837077,226.31617822124963,-1.5171551120837137,26.683821778750364,26.68382177875037,712.0263447201127,1227,
drop_rest_schedule,2025-10-22,2025_26,0022500087,UTA,LAC,237,226.16666666666666,3.977800486960699,230.14446715362735,3.977800486960689,6.855532846372643,6.855532846372654,46.99833060769434,1227,
drop_rest_schedule,2025-10-22,2025_26,0022500088,PHX,SAC,236,228.83333333333334,2.0883175862953385,230.9216509196287,2.0883175862953465,5.078349080371319,5.078349080371311,25.78962938210814,1227,
drop_rest_schedule,2025-10-22,2025_26,0022500081,ORL,MIA,246,216.33333333333334,1.19378633818352,217.52711967151686,1.1937863381835143,28.472880328483136,28.472880328483143,810.7049142001223,1227,
drop_rest_schedule,2025-10-23,2025_26,0022500006,GSW,DEN,268,234.16666666666666,0.6844992448591771,234.85116591152584,0.6844992448591825,33.14883408847417,33.14883408847416,1098.8452014251866,1239,
drop_rest_schedule,2025-10-23,2025_26,0022500005,IND,OKC,276,232.16666666666666,-1.4295017194570987,230.73716494720955,-1.4295017194571074,45.26283505279044,45.26283505279045,2048.7242370161157,1239,
drop_rest_schedule,2025-10-24,2025_26,0022500093,HOU,DET,226,225.16666666666666,1.9227675791787302,227.08943424584538,1.9227675791787249,-1.0894342458453874,1.089434245845382,1.1868669760206965,1241,
drop_rest_schedule,2025-10-24,2025_26,0022500019,LAL,MIN,238,225.5,2.877313813181914,228.3773138131819,2.8773138131818996,9.622686186818086,9.6226861868181,92.59608944997987,1241,
drop_rest_schedule,2025-10-24,2025_26,0022500090,ORL,ATL,218,234.5,0.8693766136345835,235.36937661363459,0.8693766136345857,-17.369376613634582,17.369376613634586,301.6952439462761,1241,
drop_rest_schedule,2025-10-24,2025_26,0022500091,BKN,CLE,255,228.5,0.8653645518318368,229.36536455183185,0.8653645518318456,25.63463544816816,25.634635448168154,657.1345345604793,1241,
drop_rest_schedule,2025-10-24,2025_26,0022500092,TOR,MIL,238,234.16666666666666,1.2550524376016348,235.4217191042683,1.2550524376016483,2.578280895731708,2.5782808957316945,6.647532377295029,1241,
drop_rest_schedule,2025-10-24,2025_26,0022500098,SAC,UTA,209,231.83333333333334,-0.962461742695783,230.87087159063756,-0.9624617426957798,-21.87087159063756,21.870871590637563,478.33502413415727,1241,
drop_rest_schedule,2025-10-24,2025_26,0022500097,POR,GSW,258,226.5,-0.5296699100282409,225.97033008997175,-0.5296699100282467,32.02966991002824,32.02966991002825,1025.899754545369,1241,
drop_rest_schedule,2025-10-24,2025_26,0022500095,NOP,SAS,236,232.16666666666666,-1.5021031755609564,230.6645634911057,-1.5021031755609613,5.335436508894299,5.335436508894304,28.46688274044224,1241,
drop_rest_schedule,2025-10-24,2025_26,0022500096,DAL,WAS,224,227.83333333333334,1.3003385019457434,229.13367183527907,1.3003385019457312,-5.133671835279086,5.133671835279074,26.354586512337615,1241,
drop_rest_schedule,2025-10-24,2025_26,0022500099,LAC,PHX,231,222.5,2.1853551589001414,224.68535515890014,2.185355158900137,6.314644841099859,6.314644841099863,39.87473946922911,1241,
drop_rest_schedule,2025-10-24,2025_26,0022500018,NYK,BOS,200,229.83333333333334,2.0886472503450775,231.92198058367842,2.088647250345076,-31.92198058367842,31.92198058367842,1019.0128443847419,1241,
drop_rest_schedule,2025-10-24,2025_26,0022500094,MEM,MIA,260,233.5,1.3338379177618396,234.83383791776183,1.3338379177618265,25.16616208223816,25.166162082238174,633.3357139494824,1241,
drop_rest_schedule,2025-10-25,2025_26,0022500104,DEN,PHX,244,232.5,1.45914441823586,233.95914441823587,1.4591444182358657,10.04085558176414,10.040855581764134,100.81878081384397,1253,
drop_rest_schedule,2025-10-25,2025_26,0022500102,PHI,CHA,246,234.83333333333334,-1.6371295367163103,233.19620379661703,-1.6371295367163157,12.803796203382968,12.803796203382973,163.93719721776424,1253,
drop_rest_schedule,2025-10-25,2025_26,0022500103,MEM,IND,231,238.16666666666666,2.263634775575118,240.43030144224178,2.2636347755751274,-9.430301442241776,9.430301442241785,88.93058529154749,1253,
drop_rest_schedule,2025-10-25,2025_26,0022500100,ORL,CHI,208,233.16666666666666,-0.20334200650512488,232.96332466016153,-0.20334200650512457,-24.963324660161533,24.963324660161533,623.1675780886289,1253,
drop_rest_schedule,2025-10-25,2025_26,0022500101,ATL,OKC,217,235.83333333333334,3.445892154409738,239.27922548774308,3.4458921544097336,-22.27922548774308,22.279225487743076,496.36388833370074,1253,
drop_rest_schedule,2025-10-26,2025_26,0022500110,MIN,IND,224,228.16666666666666,2.7053694213034047,230.87203608797006,2.705369421303402,-6.872036087970062,6.872036087970059,47.22487999436284,1258,
drop_rest_schedule,2025-10-26,2025_26,0022500112,LAC,POR,221,226.5,1.1407420367808183,227.6407420367808,1.1407420367808072,-6.640742036780818,6.640742036780807,44.0994547990677,1258,
drop_rest_schedule,2025-10-26,2025_26,0022500113,SAC,LAL,247,230.16666666666666,2.2195120080572135,232.38617867472388,2.2195120080572224,14.61382132527613,14.61382132527612,213.5637737270951,1258,
drop_rest_schedule,2025-10-26,2025_26,0022500109,WAS,CHA,252,236.83333333333334,1.367812487443579,238.20114582077693,1.3678124874435866,13.798854179223078,13.79885417922307,190.408376659462,1258,
drop_rest_schedule,2025-10-26,2025_26,0022500111,DAL,TOR,268,231.5,1.5091756097047797,233.00917560970478,1.5091756097047835,34.990824390295224,34.99082439029522,1224.3577915124786,1258,
drop_rest_schedule,2025-10-26,2025_26,0022500107,CLE,MIL,231,236.16666666666666,3.499562138152799,239.66622880481947,3.499562138152811,-8.666228804819456,8.666228804819468,75.10352169748266,1258,
drop_rest_schedule,2025-10-26,2025_26,0022500105,SAS,BKN,225,228.16666666666666,0.3348067875676638,228.50147345423431,0.3348067875676577,-3.501473454234321,3.501473454234315,12.260316350707585,1258,
drop_rest_schedule,2025-10-26,2025_26,0022500108,MIA,NYK,222,228.83333333333334,1.5759090419173938,230.40924237525073,1.5759090419173845,-8.409242375250736,8.409242375250727,70.71535732571249,1258,
drop_rest_schedule,2025-10-26,2025_26,0022500106,DET,BOS,232,227.5,1.3999619427742693,228.89996194277427,1.3999619427742687,3.1000380572257304,3.1000380572257313,9.610235956247887,1258,
drop_rest_schedule,2025-10-27,2025_26,0022500116,HOU,BKN,246,226.16666666666666,-0.19119796357315927,225.9754687030935,-0.19119796357315977,20.024531296906503,20.024531296906503,400.98185366078803,1267,
drop_rest_schedule,2025-10-27,2025_26,0022500007,DET,CLE,211,231.16666666666666,-0.06012684277250273,231.10653982389417,-0.06012684277249036,-20.106539823894156,20.106539823894167,404.27294368984207,1267,
drop_rest_schedule,2025-10-27,2025_26,0022500008,MIN,DEN,241,228.5,2.751215366678282,231.25121536667828,2.751215366678281,9.748784633321717,9.74878463332172,95.03880182688968,1267,
drop_rest_schedule,2025-10-27,2025_26,0022500114,PHI,ORL,260,226.5,-0.38365139582203134,226.11634860417797,-0.383651395822028,33.88365139582203,33.88365139582203,1148.1018319135922,1267,
drop_rest_schedule,2025-10-27,2025_26,0022500115,CHI,ATL,251,241.5,1.1440512585571758,242.64405125855717,1.1440512585571696,8.355948741442823,8.35594874144283,69.82187936962002,1267,
drop_rest_schedule,2025-10-27,2025_26,0022500121,GSW,MEM,249,238.83333333333334,0.8433467298429589,239.6766800631763,0.8433467298429491,9.323319936823697,9.323319936823708,86.92429464437443,1267,
drop_rest_schedule,2025-10-27,2025_26,0022500117,NOP,BOS,212,232.5,1.3093864757221338,233.80938647572214,1.3093864757221354,-21.809386475722135,21.809386475722135,475.6493384474116,1267,
drop_rest_schedule,2025-10-27,2025_26,0022500118,SAS,TOR,224,233.16666666666666,1.3193062787613188,234.485972945428,1.3193062787613314,-10.485972945427976,10.485972945427989,109.95562861224772,1267,
drop_rest_schedule,2025-10-27,2025_26,0022500120,UTA,PHX,272,233.5,1.5349867358075386,235.03498673580754,1.5349867358075358,36.965013264192464,36.965013264192464,1366.4122056219248,1267,
drop_rest_schedule,2025-10-27,2025_26,0022500122,LAL,POR,230,225.83333333333334,-0.82524640852858,225.00808692480476,-0.8252464085285851,4.991913075195237,4.991913075195242,24.919196150305222,1267,
drop_rest_schedule,2025-10-27,2025_26,0022500119,DAL,OKC,195,226.5,-0.919780071828078,225.5802199281719,-0.919780071828086,-30.58021992817192,30.580219928171914,935.1498508553626,1267,
drop_rest_schedule,2025-10-28,2025_26,0022500126,OKC,SAC,208,227.16666666666666,2.515556497075612,229.68222316374226,2.5155564970756075,-21.682223163742268,21.682223163742265,470.11880132232164,1278,
drop_rest_schedule,2025-10-28,2025_26,0022500124,MIA,CHA,261,240.5,1.2280133356670606,241.72801333566707,1.2280133356670717,19.27198666433294,19.27198666433293,371.4094699902262,1278,
drop_rest_schedule,2025-10-28,2025_26,0022500125,MIL,NYK,232,228.5,0.6912052741659268,229.19120527416592,0.6912052741659238,2.808794725834073,2.808794725834076,7.889327811873323,1278,
drop_rest_schedule,2025-10-28,2025_26,0022500127,GSW,LAC,177,223.83333333333334,0.5208782260973003,224.35421155943064,0.5208782260972953,-47.354211559430645,47.35421155943064,2242.4213524153142,1278,
drop_rest_schedule,2025-10-28,2025_26,0022500123,WAS,PHI,273,237.83333333333334,1.2178124848028857,239.05114581813623,1.2178124848028915,33.94885418186377,33.948854181863766,1152.524700261449,1278,
drop_rest_schedule,2025-10-29,2025_26,0022500128,BOS,CLE,230,233.5,0.7435774197320786,234.24357741973208,0.7435774197320768,-4.243577419732079,4.243577419732077,18.00794931725995,1283,
drop_rest_schedule,2025-10-29,2025_26,0022500129,DET,ORL,251,226.16666666666666,2.3810530821907565,228.54771974885742,2.3810530821907605,22.452280251142586,22.452280251142582,504.10488847584725,1283,
drop_rest_schedule,2025-10-29,2025_26,0022500131,TOR,HOU,260,232.5,-2.5242042153534627,229.97579578464655,-2.52420421535345,30.024204215353464,30.02420421535345,901.4528387652479,1283,
drop_rest_schedule,2025-10-29,2025_26,0022500132,CHI,SAC,239,237.5,0.11672094505203155,237.61672094505204,0.11672094505203745,1.3832790549479685,1.3832790549479625,1.9134609438577284,1283,
drop_rest_schedule,2025-10-29,2025_26,0022500130,BKN,ATL,229,237.5,1.7750099841458093,239.2750099841458,1.775009984145811,-10.27500998414581,10.275009984145811,105.5758301742961,1283,
drop_rest_schedule,2025-10-29,2025_26,0022500136,MIN,LAL,231,223.5,2.49866273652902,225.998662736529,2.4986627365290133,5.00133726347098,5.001337263470987,25.013374422983457,1283,
drop_rest_schedule,2025-10-29,2025_26,0022500137,PHX,MEM,227,241.5,3.1197130575094287,244.61971305750941,3.119713057509415,-17.61971305750943,17.619713057509415,310.45428822896776,1283,
drop_rest_schedule,2025-10-29,2025_26,0022500134,DEN,NOP,210,235.5,-0.4757017320114799,235.0242982679885,-0.4757017320114869,-25.02429826798852,25.024298267988513,626.2155038052529,1283,
drop_rest_schedule,2025-10-29,2025_26,0022500135,UTA,POR,270,234.16666666666666,1.6823635418026472,235.84903020846932,1.6823635418026583,34.1509697915307,34.150969791530684,1166.2887377020413,1283,
drop_rest_schedule,2025-10-29,2025_26,0022500133,DAL,IND,212,228.16666666666666,-0.2954398310760161,227.87122683559065,-0.2954398310760098,-15.87122683559064,15.871226835590647,251.89584126677272,1283,
drop_rest_schedule,2025-10-30,2025_26,0022500138,CHA,ORL,230,241.5,2.786035692199602,244.2860356921996,2.78603569219959,-14.286035692199603,14.28603569219959,204.09081579880063,1293,
drop_rest_schedule,2025-10-30,2025_26,0022500139,MIL,GSW,230,231.83333333333334,7.222124380262323,239.05545771359567,7.222124380262329,-9.055457713595665,9.055457713595672,82.00131440271936,1293,
drop_rest_schedule,2025-10-30,2025_26,0022500140,OKC,WAS,235,231.16666666666666,0.695816293059639,231.8624829597263,0.6958162930596359,3.137517040273704,3.137517040273707,9.844013178007883,1293,
drop_rest_schedule,2025-10-30,2025_26,0022500141,SAS,MIA,208,231.16666666666666,0.15178659000029238,231.31845325666694,0.1517865900002846,-23.31845325666695,23.318453256666942,543.750262283361,1293,
drop_rest_schedule,2025-10-31,2025_26,0022500021,PHI,BOS,217,234.5,-1.1576086933720455,233.34239130662795,-1.1576086933720546,-16.342391306627956,16.342391306627945,267.0737536189486,1297,
drop_rest_schedule,2025-10-31,2025_26,0022500020,IND,ATL,236,232.5,1.61129809277932,234.11129809277932,1.6112980927793217,1.88870190722068,1.8887019072206783,3.567194894339028,1297,
drop_rest_schedule,2025-10-31,2025_26,0022500022,CLE,TOR,213,239.16666666666666,-1.0091722838923667,238.1574943827743,-1.0091722838923545,-25.157494382774292,25.157494382774303,632.8995236193206,1297,
drop_rest_schedule,2025-10-31,2025_26,0022500023,CHI,NYK,260,234.16666666666666,2.0827361816937673,236.24940284836043,2.0827361816937753,23.750597151639575,23.750597151639568,564.0908650594696,1297,
drop_rest_schedule,2025-10-31,2025_26,0022500025,PHX,UTA,214,237.5,2.6961034505367416,240.19610345053675,2.6961034505367536,-26.196103450536743,26.196103450536754,686.2358359912236,1297,
drop_rest_schedule,2025-10-31,2025_26,0022500026,POR,DEN,216,240.16666666666666,1.0304212431349251,241.19708790980158,1.0304212431349242,-25.19708790980158,25.19708790980158,634.893239134269,1297,
drop_rest_schedule,2025-10-31,2025_26,0022500027,LAC,NOP,250,224.16666666666666,-0.7797259314024356,223.38694073526423,-0.7797259314024245,26.613059264735778,26.613059264735767,708.2549234283383,1297,
drop_rest_schedule,2025-10-31,2025_26,0022500024,MEM,LAL,229,237.5,1.0003429656719625,238.50034296567196,1.0003429656719618,-9.500342965671962,9.500342965671962,90.25651646539272,1297,
drop_rest_schedule,2025-11-01,2025_26,0022500146,BOS,HOU,229,224.83333333333334,2.45124167414538,227.28457500747874,2.4512416741453933,1.7154249925212772,1.715424992521264,2.942682904966578,1305,
drop_rest_schedule,2025-11-01,2025_26,0022500142,MIL,SAC,268,232.16666666666666,-0.004446771407187411,232.16221989525948,-0.00444677140717431,35.83778010474053,35.83778010474052,1284.3464828357353,1305,
drop_rest_schedule,2025-11-01,2025_26,0022500143,CHA,MIN,227,230.16666666666666,0.43433644300695734,230.60100310967363,0.43433644300696983,-3.6010031096736146,3.601003109673627,12.967223395879133,1305,
drop_rest_schedule,2025-11-01,2025_26,0022500144,IND,GSW,223,230.83333333333334,4.531918841829866,235.36525217516322,4.531918841829878,-12.36525217516321,12.36525217516322,152.89946135537875,1305,
drop_rest_schedule,2025-11-01,2025_26,0022500145,WAS,ORL,219,235.5,5.071845546224399,240.5718455462244,5.071845546224409,-21.5718455462244,21.57184554622441,465.34452027016187,1305,
drop_rest_schedule,2025-11-02,2025_26,0022500148,OKC,NOP,243,229.5,0.2989558585054796,229.79895585850548,0.29895585850547945,13.20104414149452,13.20104414149452,174.2675664256868,1310,
drop_rest_schedule,2025-11-02,2025_26,0022500149,BKN,PHI,234,234.5,4.20941812495333,238.70941812495332,4.2094181249533165,-4.70941812495333,4.7094181249533165,22.17861907563881,1310,
drop_rest_schedule,2025-11-02,2025_26,0022500150,CHA,UTA,229,236.83333333333334,3.9749181218313985,240.80825145516474,3.9749181218313936,-11.808251455164742,11.808251455164736,139.4348024284001,1310,
drop_rest_schedule,2025-11-02,2025_26,0022500153,NYK,CHI,244,234.83333333333334,0.9712310018268029,235.80456433516014,0.9712310018267942,8.195435664839854,8.195435664839863,67.1651657365292,1310,
drop_rest_schedule,2025-11-02,2025_26,0022500155,LAL,MIA,250,234.5,-3.8416397591058313,230.65836024089418,-3.841639759105817,19.34163975910583,19.341639759105817,374.0990285710229,1310,
drop_rest_schedule,2025-11-02,2025_26,0022500154,PHX,SAS,248,227.5,1.4660220358360183,228.966022035836,1.466022035836005,19.03397796416398,19.033977964163995,362.29231714028055,1310,
drop_rest_schedule,2025-11-02,2025_26,0022500151,CLE,ATL,226,229.83333333333334,-1.2008791606496858,228.63245417268365,-1.2008791606496914,-2.632454172683657,2.6324541726836514,6.929814971279568,1310,
drop_rest_schedule,2025-11-02,2025_26,0022500152,TOR,MEM,221,238.5,1.5517410151664353,240.05174101516644,1.5517410151664421,-19.051741015166435,19.051741015166442,362.96883570897523,1310,
drop_rest_schedule,2025-11-03,2025_26,0022500156,BKN,MIN,234,228.5,-0.9903856920468088,227.5096143079532,-0.9903856920468002,6.490385692046809,6.4903856920468,42.12510643152582,1318,
drop_rest_schedule,2025-11-03,2025_26,0022500157,IND,MIL,232,235.5,-0.44845115089224946,235.05154884910775,-0.44845115089225374,-3.0515488491077507,3.0515488491077463,9.311950378490812,1318,
drop_rest_schedule,2025-11-03,2025_26,0022500159,NYK,WAS,221,233.83333333333334,1.010541784712361,234.8438751180457,1.010541784712359,-13.843875118045704,13.843875118045702,191.6528782840449,1318,
drop_rest_schedule,2025-11-03,2025_26,0022500163,POR,LAL,238,235.0,-1.5200037774285935,233.4799962225714,-1.5200037774285988,4.5200037774285935,4.520003777428599,20.430434147968803,1318,
drop_rest_schedule,2025-11-03,2025_26,0022500158,BOS,UTA,208,232.5,-1.6931778098105519,230.80682219018945,-1.6931778098105497,-22.806822190189447,22.80682219018945,520.1511384149179,1318,
drop_rest_schedule,2025-11-03,2025_26,0022500160,HOU,DAL,212,225.5,-1.3092240859288204,224.19077591407117,-1.3092240859288324,-12.19077591407118,12.190775914071168,148.6150173870977,1318,
drop_rest_schedule,2025-11-03,2025_26,0022500161,MEM,DET,220,236.5,4.720332279117444,241.22033227911746,4.720332279117457,-21.220332279117443,21.220332279117457,450.3025020361543,1318,
drop_rest_schedule,2025-11-03,2025_26,0022500162,DEN,SAC,254,236.5,0.1717545964339125,236.6717545964339,0.17175459643391378,17.328245403566086,17.328245403566086,300.2680887662092,1318,
drop_rest_schedule,2025-11-03,2025_26,0022500164,LAC,MIA,239,228.5,4.265995373780896,232.7659953737809,4.265995373780896,6.234004626219104,6.234004626219104,38.862813679721185,1318,
drop_rest_schedule,2025-11-04,2025_26,0022500165,TOR,MIL,228,237.5,-2.41591414606791,235.0840858539321,-2.415914146067905,-7.0840858539320894,7.084085853932095,50.18427238588082,1327,
drop_rest_schedule,2025-11-04,2025_26,0022500166,ATL,ORL,239,228.5,2.3777207504921205,230.87772075049213,2.3777207504921307,8.12227924950788,8.12227924950787,65.97142020698611,1327,
drop_rest_schedule,2025-11-04,2025_26,0022500167,CHI,PHI,224,239.5,2.9493980347943385,242.44939803479434,2.949398034794342,-18.44939803479434,18.449398034794342,340.38028784627335,1327,
drop_rest_schedule,2025-11-04,2025_26,0022500168,NOP,CHA,228,236.83333333333334,-2.125006497073299,234.70832683626006,-2.1250064970732865,-6.708326836260044,6.708326836260056,45.00164894208686,1327,
drop_rest_schedule,2025-11-04,2025_26,0022500169,GSW,PHX,225,232.5,1.0860304513944636,233.58603045139446,1.086030451394464,-8.586030451394464,8.586030451394464,73.71991891227303,1327,
drop_rest_schedule,2025-11-04,2025_26,0022500170,LAC,OKC,233,223.16666666666666,0.6655267948905833,223.83219346155724,0.6655267948905816,9.16780653844276,9.167806538442761,84.04867672631384,1327,
drop_rest_schedule,2025-11-05,2025_26,0022500172,DET,UTA,217,230.5,-1.8606036133484205,228.63939638665158,-1.8606036133484167,-11.63939638665158,11.639396386651583,135.47554824559793,1333,
drop_rest_schedule,2025-11-05,2025_26,0022500173,IND,BKN,215,233.16666666666666,-5.04156042807665,228.12510623859,-5.04156042807665,-13.125106238590007,13.125106238590007,172.26841377427434,1333,
drop_rest_schedule,2025-11-05,2025_26,0022500174,BOS,WAS,243,232.16666666666666,1.189088793656907,233.35575546032356,1.1890887936569072,9.644244539676436,9.644244539676436,93.01145274107874,1333,
drop_rest_schedule,2025-11-05,2025_26,0022500178,DEN,MIA,234,242.5,0.2471013803581038,242.74710138035812,0.24710138035811724,-8.747101380358103,8.747101380358117,76.51178255826288,1333,
drop_rest_schedule,2025-11-05,2025_26,0022500175,NYK,MIN,251,229.16666666666666,0.4369699161825913,229.60363658284925,0.4369699161825906,21.396363417150752,21.396363417150752,457.804367478787,1333,
drop_rest_schedule,2025-11-05,2025_26,0022500181,SAC,GSW,237,226.83333333333334,2.0766902363871167,228.91002356972047,2.0766902363871225,8.08997643027954,8.089976430279535,65.4477186424784,1333,
drop_rest_schedule,2025-11-05,2025_26,0022500179,LAL,SAS,234,228.5,0.07355271000428115,228.5735527100043,0.07355271000429298,5.426447289995719,5.426447289995707,29.446330191101755,1333,
drop_rest_schedule,2025-11-05,2025_26,0022500180,POR,OKC,240,229.16666666666666,-0.4615477972023322,228.70511886946431,-0.46154779720234274,11.294881130535675,11.294881130535686,127.57433975293108,1333,
drop_rest_schedule,2025-11-05,2025_26,0022500171,CLE,PHI,253,234.16666666666666,2.089455506270589,236.25612217293724,2.089455506270582,16.743877827062754,16.74387782706276,280.35744468760396,1333,
drop_rest_schedule,2025-11-05,2025_26,0022500176,MEM,HOU,233,232.5,2.910585350751945,235.41058535075194,2.910585350751944,-2.410585350751945,2.410585350751944,5.810921733259874,1333,
drop_rest_schedule,2025-11-05,2025_26,0022500177,DAL,NOP,200,226.83333333333334,-0.08833003356878885,226.74500329976456,-0.08833003356878066,-26.745003299764555,26.745003299764562,715.2952015044173,1333,
drop_rest_schedule,2025-11-06,2025_26,0022500182,PHX,LAC,217,224.83333333333334,1.4671702813676926,226.30050361470103,1.467170281367686,-9.300503614701036,9.300503614701029,86.4993674870669,1344,
drop_rest_schedule,2025-11-07,2025_26,0022500038,SAC,OKC,233,232.83333333333334,-0.1759028542220234,232.65743047911133,-0.17590285422201646,0.3425695208886806,0.34256952088867365,0.11735387664189541,1345,
drop_rest_schedule,2025-11-07,2025_26,0022500032,SAS,HOU,231,224.16666666666666,-3.774843876954302,220.39182278971236,-3.774843876954293,10.608177210287645,10.608177210287636,112.53342372486597,1345,
drop_rest_schedule,2025-11-07,2025_26,0022500029,WAS,CLE,263,241.83333333333334,2.641118671126904,244.47445200446026,2.641118671126918,18.525547995539753,18.52554799553974,343.19592853504645,1345,
drop_rest_schedule,2025-11-07,2025_26,0022500030,ATL,TOR,206,235.5,-2.75662387835944,232.74337612164055,-2.7566238783594486,-26.74337612164056,26.74337612164055,715.208166383534,1345,
drop_rest_schedule,2025-11-07,2025_26,0022500031,BKN,DET,232,226.5,-0.5479001873299002,225.9520998126701,-0.5479001873299012,6.0479001873299,6.047900187329901,36.577096675905054,1345,
drop_rest_schedule,2025-11-07,2025_26,0022500028,ORL,BOS,233,227.83333333333334,-4.578656091355521,223.25467724197782,-4.578656091355526,9.745322758022178,9.745322758022184,94.97131565802509,1345,
drop_rest_schedule,2025-11-07,2025_26,0022500033,MIA,CHA,234,243.16666666666666,2.580558913131242,245.7472255797979,2.580558913131256,-11.747225579797899,11.747225579797913,137.99730882265843,1345,
drop_rest_schedule,2025-11-07,2025_26,0022500034,MEM,DAL,222,231.16666666666666,1.1998712824449784,232.36653794911163,1.199871282444974,-10.366537949111635,10.366537949111631,107.46510905037158,1345,
drop_rest_schedule,2025-11-07,2025_26,0022500036,MIN,UTA,234,231.5,0.6613353164187262,232.16133531641873,0.6613353164187288,1.8386646835812739,1.8386646835812712,3.380687818649016,1345,
drop_rest_schedule,2025-11-07,2025_26,0022500037,DEN,GSW,233,228.5,0.8612608464927746,229.36126084649277,0.8612608464927689,3.6387391535072253,3.638739153507231,13.24042262726652,1345,
drop_rest_schedule,2025-11-07,2025_26,0022500035,MIL,CHI,236,239.83333333333334,2.9500388595928535,242.7833721929262,2.9500388595928655,-6.783372192926196,6.783372192926208,46.01413830776452,1345,
drop_rest_schedule,2025-11-08,2025_26,0022500189,DEN,IND,217,233.5,0.557962054649699,234.0579620546497,0.5579620546496926,-17.0579620546497,17.057962054649693,290.9740694578688,1356,
drop_rest_schedule,2025-11-08,2025_26,0022500183,WAS,DAL,216,229.83333333333334,2.825434718062286,232.65876805139564,2.825434718062297,-16.65876805139563,16.65876805139564,277.5145529902001,1356,
drop_rest_schedule,2025-11-08,2025_26,0022500184,PHI,TOR,250,237.16666666666666,0.2037747238420586,237.37044139050872,0.2037747238420593,12.629558609491284,12.629558609491284,159.5057506705754,1356,
drop_rest_schedule,2025-11-08,2025_26,0022500185,ATL,LAL,224,230.16666666666666,-0.2531713692534538,229.9134952974132,-0.2531713692534652,-5.913495297413204,5.913495297413192,34.969426632527934,1356,
drop_rest_schedule,2025-11-08,2025_26,0022500186,CLE,CHI,250,240.16666666666666,-0.23779325629683143,239.92887341036982,-0.23779325629683967,10.071126589630174,10.071126589630182,101.42759078435607,1356,
drop_rest_schedule,2025-11-08,2025_26,0022500187,MIA,POR,267,240.83333333333334,0.7321990986017652,241.5655324319351,0.7321990986017681,25.434467568064893,25.43446756806489,646.9121404709447,1356,
drop_rest_schedule,2025-11-08,2025_26,0022500188,SAS,NOP,245,225.5,-3.18672716292139,222.3132728370786,-3.186727162921386,22.68672716292139,22.686727162921386,514.687589364835,1356,
drop_rest_schedule,2025-11-08,2025_26,0022500190,LAC,PHX,217,227.16666666666666,2.6645919713409354,229.8312586380076,2.66459197134094,-12.831258638007593,12.831258638007597,164.64119823544456,1356,
drop_rest_schedule,2025-11-09,2025_26,0022500192,NYK,BKN,232,228.83333333333334,0.06306723062135838,228.8964005639547,0.06306723062135688,3.103599436045299,3.1035994360453003,9.632329459420706,1364,
drop_rest_schedule,2025-11-09,2025_26,0022500193,ORL,BOS,218,226.5,-2.761808202390885,223.73819179760912,-2.761808202390881,-5.738191797609115,5.738191797609119,32.92684510614857,1364,
drop_rest_schedule,2025-11-09,2025_26,0022500195,PHI,DET,219,232.5,-0.21057389622190895,232.28942610377808,-0.21057389622191636,-13.28942610377809,13.289426103778084,176.60884616777832,1364,
drop_rest_schedule,2025-11-09,2025_26,0022500191,MIL,HOU,237,231.83333333333334,3.024815250944269,234.85814858427761,3.024815250944272,2.141851415722388,2.1418514157223854,4.587527487031986,1364,
drop_rest_schedule,2025-11-09,2025_26,0022500196,GSW,IND,197,227.16666666666666,0.8701321072243352,228.03679877389098,0.8701321072243218,-31.036798773890993,31.03679877389098,963.2828781310005,1364,
drop_rest_schedule,2025-11-09,2025_26,0022500197,SAC,MIN,261,235.5,0.9633229035415622,236.46332290354155,0.9633229035415525,24.536677096458437,24.536677096458448,602.0485229358685,1364,
drop_rest_schedule,2025-11-09,2025_26,0022500194,MEM,OKC,214,233.83333333333334,0.4726226677827907,234.30595600111613,0.4726226677827867,-20.305956001116133,20.30595600111613,412.3318491192642,1364,
drop_rest_schedule,2025-11-10,2025_26,0022500204,PHX,NOP,219,228.16666666666666,2.250051268667812,230.41671793533447,2.250051268667818,-11.41671793533447,11.416717935334475,130.34144841498787,1371,
drop_rest_schedule,2025-11-10,2025_26,0022500203,DAL,MIL,230,230.83333333333334,-1.86262581898837,228.97070751434498,-1.8626258189883629,1.0292924856550272,1.02929248565502,1.0594430210258896,1371,
drop_rest_schedule,2025-11-10,2025_26,0022500202,CHI,SAS,238,234.5,1.5366491993185942,236.0366491993186,1.536649199318589,1.9633508006814058,1.963350800681411,3.854746366536338,1371,
drop_rest_schedule,2025-11-10,2025_26,0022500201,MIA,CLE,278,247.5,1.4255573873535263,248.92555738735354,1.4255573873535354,29.074442612646475,29.074442612646465,845.3232132360725,1371,
drop_rest_schedule,2025-11-10,2025_26,0022500205,UTA,MIN,233,233.83333333333334,-0.9290889091280166,232.90424442420533,-0.9290889091280121,0.09575557579467375,0.09575557579466931,0.009169130295768659,1371,
drop_rest_schedule,2025-11-10,2025_26,0022500199,DET,WAS,272,235.5,-1.3091579079738476,234.19084209202614,-1.3091579079738551,37.80915790797385,37.809157907973855,1429.532421710102,1371,
drop_rest_schedule,2025-11-10,2025_26,0022500198,CHA,LAL,232,229.5,0.4787293930060995,229.9787293930061,0.4787293930060912,2.0212706069939004,2.021270606993909,4.085534866697524,1371,
drop_rest_schedule,2025-11-10,2025_26,0022500206,LAC,ATL,207,222.16666666666666,-0.06971440617007926,222.09695226049658,-0.06971440617007829,-15.096952260496577,15.096952260496579,227.91796755571275,1371,
drop_rest_schedule,2025-11-10,2025_26,0022500200,ORL,POR,227,235.5,-1.094270319317189,234.4057296806828,-1.0942703193171894,-7.405729680682811,7.405729680682811,54.84483210334632,1371,
drop_rest_schedule,2025-11-11,2025_26,0022500212,SAC,DEN,230,242.83333333333334,0.26037889881503384,243.09371223214836,0.26037889881501997,-13.093712232148377,13.093712232148363,171.44530001831166,1380,
drop_rest_schedule,2025-11-11,2025_26,0022500211,UTA,IND,280,231.5,-0.8506667813492008,230.6493332186508,-0.8506667813491902,49.350666781349204,49.35066678134919,2435.4883117637623,1380,
drop_rest_schedule,2025-11-11,2025_26,0022500210,OKC,GSW,228,228.5,0.7280822170234225,229.22808221702343,0.7280822170234273,-1.2280822170234225,1.2280822170234273,1.5081859317691766,1380,
drop_rest_schedule,2025-11-11,2025_26,0022500207,BKN,TOR,228,233.83333333333334,0.9851426804366199,234.81847601376995,0.9851426804366099,-6.8184760137699625,6.818476013769953,46.49161515035618,1380,
drop_rest_schedule,2025-11-11,2025_26,0022500208,NYK,MEM,253,233.5,1.980388947752622,235.48038894775263,1.9803889477526297,17.519611052247377,17.51961105224737,306.9367714220282,1380,
drop_rest_schedule,2025-11-11,2025_26,0022500209,PHI,BOS,202,231.83333333333334,0.264846410280988,232.09817974361434,0.2648464102809953,-30.09817974361433,30.098179743614338,905.9004238789165,1380,
drop_rest_schedule,2025-11-12,2025_26,0022500216,BOS,MEM,226,229.5,2.672265100133308,232.1722651001333,2.672265100133302,-6.172265100133308,6.172265100133302,38.09685646632356,1386,
drop_rest_schedule,2025-11-12,2025_26,0022500218,HOU,WAS,247,234.16666666666666,-1.9666714123894948,232.19999525427716,-1.966671412389502,14.800004745722838,14.800004745722845,219.04014047341872,1386,
drop_rest_schedule,2025-11-12,2025_26,0022500213,CHA,MIL,211,232.5,0.26767965844194597,232.76767965844195,0.2676796584419492,-21.767679658441946,21.76767965844195,473.8318777125474,1386,
drop_rest_schedule,2025-11-12,2025_26,0022500214,DET,CHI,237,234.5,-1.9713216023613178,232.52867839763869,-1.9713216023613143,4.471321602361318,4.471321602361314,19.99271687174295,1386,
drop_rest_schedule,2025-11-12,2025_26,0022500215,NYK,ORL,231,228.16666666666666,1.6165440442337131,229.78321071090036,1.6165440442337058,1.2167892890996297,1.216789289099637,1.4805761740676,1386,
drop_rest_schedule,2025-11-12,2025_26,0022500217,MIA,CLE,246,238.5,2.33891723220212,240.8389172322021,2.338917232202107,5.16108276779788,5.161082767797893,26.636775336060364,1386,
drop_rest_schedule,2025-11-12,2025_26,0022500221,DAL,PHX,237,227.5,-0.7055564933727296,226.79444350662726,-0.7055564933727396,10.205556493372729,10.20555649337274,104.15338333942249,1386,
drop_rest_schedule,2025-11-12,2025_26,0022500224,LAC,DEN,246,225.83333333333334,-1.0922720148637268,224.7410613184696,-1.0922720148637381,21.258938681530385,21.258938681530395,451.9424738650693,1386,
drop_rest_schedule,2025-11-12,2025_26,0022500222,OKC,LAL,213,229.5,2.488064364798177,231.98806436479816,2.488064364798163,-18.988064364798177,18.988064364798163,360.5465883217179,1386,
drop_rest_schedule,2025-11-12,2025_26,0022500223,SAC,ATL,233,233.83333333333334,-0.8906624780103967,232.94267085532294,-0.8906624780103982,0.057329144677053856,0.05732914467705541,0.0032866308294027505,1386,
drop_rest_schedule,2025-11-12,2025_26,0022500220,SAS,GSW,245,229.5,0.19311723065128278,229.6931172306513,0.19311723065129627,15.306882769348718,15.306882769348704,234.30066011458425,1386,
drop_rest_schedule,2025-11-12,2025_26,0022500219,NOP,POR,242,231.5,-0.0284598864947189,231.47154011350528,-0.028459886494715647,10.52845988649472,10.528459886494716,110.84846758152833,1386,
drop_rest_schedule,2025-11-13,2025_26,0022500225,CLE,TOR,239,240.5,0.2775269678785793,240.77752696787857,0.2775269678785719,-1.7775269678785792,1.777526967878572,3.1596021215355896,1398,
drop_rest_schedule,2025-11-13,2025_26,0022500226,PHX,IND,231,233.83333333333334,0.029392109806737475,233.86272544314008,0.02939210980673579,-2.8627254431400804,2.8627254431400786,8.195196962801559,1398,
drop_rest_schedule,2025-11-13,2025_26,0022500227,UTA,ATL,254,232.83333333333334,0.00903089206639325,232.84236422539973,0.009030892066391516,21.157635774600266,21.157635774600266,447.645551570645,1398,
drop_rest_schedule,2025-11-14,2025_26,0022500043,MIL,CHA,281,239.16666666666666,3.5519093649075897,242.71857603157426,3.5519093649076012,38.281423968425756,38.28142396842574,1465.4674210503608,1401,
drop_rest_schedule,2025-11-14,2025_26,0022500039,NYK,MIA,272,238.16666666666666,1.9714621901746852,240.13812885684135,1.971462190174691,31.86187114315866,31.861871143158652,1015.1788327432461,1401,
drop_rest_schedule,2025-11-14,2025_26,0022500040,ORL,BKN,203,224.5,-3.71501399375601,220.784986006244,-3.7150139937560027,-17.78498600624399,17.784986006243997,316.30572724229484,1401,
drop_rest_schedule,2025-11-14,2025_26,0022500041,DET,PHI,219,232.5,1.4693314386545613,233.96933143865456,1.4693314386545637,-14.969331438654562,14.969331438654564,224.08088372029192,1401,
drop_rest_schedule,2025-11-14,2025_26,0022500046,DAL,LAC,260,219.5,-2.204049011900811,217.29595098809918,-2.204049011900821,42.704049011900814,42.70404901190082,1823.6358020108275,1401,
drop_rest_schedule,2025-11-14,2025_26,0022500044,MIN,SAC,234,240.5,1.5439378935376273,242.04393789353762,1.543937893537617,-8.043937893537628,8.043937893537617,64.7049368350904,1401,
drop_rest_schedule,2025-11-14,2025_26,0022500045,NOP,LAL,222,228.5,1.7125211090006285,230.21252110900062,1.712521109000619,-8.212521109000628,8.212521109000619,67.44550296578076,1401,
drop_rest_schedule,2025-11-14,2025_26,0022500047,SAS,GSW,217,234.83333333333334,-0.18935617744676914,234.64397715588657,-0.18935617744676847,-17.643977155886574,17.643977155886574,311.3099298774473,1401,
drop_rest_schedule,2025-11-14,2025_26,0022500042,HOU,POR,256,235.83333333333334,-0.07458765651144422,235.7587456768219,-0.07458765651145427,20.2412543231781,20.24125432317811,409.7083765755766,1401,
drop_rest_schedule,2025-11-15,2025_26,0022500231,MIL,LAL,214,230.83333333333334,6.076778827597296,236.91011216093065,6.076778827597309,-22.910112160930638,22.91011216093065,524.8732392264226,1410,
drop_rest_schedule,2025-11-15,2025_26,0022500230,IND,TOR,240,233.5,-1.7962399997715994,231.7037600002284,-1.7962399997715863,8.296239999771599,8.296239999771586,68.82759813381006,1410,
drop_rest_schedule,2025-11-15,2025_26,0022500232,MIN,DEN,235,234.5,-0.09691772827269879,234.4030822717273,-0.09691772827270029,0.5969177282726987,0.5969177282727003,0.35631077432624125,1410,
drop_rest_schedule,2025-11-15,2025_26,0022500228,CLE,MEM,208,238.5,1.0261922280809657,239.52619222808096,1.0261922280809586,-31.526192228080966,31.52619222808096,993.9007964019122,1410,
drop_rest_schedule,2025-11-15,2025_26,0022500229,CHA,OKC,205,227.83333333333334,0.25997115754566225,228.093304490879,0.2599711575456638,-23.093304490879007,23.093304490879007,533.3007123084525,1410,
drop_rest_schedule,2025-11-16,2025_26,0022500233,BOS,LAC,239,220.66666666666666,3.564092943056127,224.23075960972278,3.5640929430561243,14.769240390277215,14.769240390277218,218.13046170579597,1415,
drop_rest_schedule,2025-11-16,2025_26,0022500234,SAS,SAC,233,238.16666666666666,1.7216150668811405,239.88828173354779,1.721615066881128,-6.888281733547798,6.888281733547785,47.448425240728085,1415,
drop_rest_schedule,2025-11-16,2025_26,0022500235,WAS,BKN,235,234.5,2.090346351406506,236.5903463514065,2.0903463514065095,-1.590346351406506,1.5903463514065095,2.529201517431997,1415,
drop_rest_schedule,2025-11-16,2025_26,0022500236,HOU,ORL,230,227.83333333333334,2.036308702212628,229.86964203554598,2.0363087022126365,0.13035796445402914,0.1303579644540207,0.016993198896595726,1415,
drop_rest_schedule,2025-11-16,2025_26,0022500237,NOP,GSW,230,228.16666666666666,-1.6459703522642923,226.52069631440236,-1.6459703522642997,3.4793036855976354,3.4793036855976425,12.105554136613339,1415,
drop_rest_schedule,2025-11-16,2025_26,0022500239,PHX,ATL,246,231.83333333333334,1.5643625551447904,233.39769588847813,1.5643625551447826,12.602304111521867,12.602304111521875,158.81806891928113,1415,
drop_rest_schedule,2025-11-16,2025_26,0022500240,UTA,CHI,297,243.83333333333334,-0.24961817981047882,243.58371515352286,-0.24961817981048284,53.41628484647713,53.41628484647714,2853.2994867999832,1415,
drop_rest_schedule,2025-11-16,2025_26,0022500238,DAL,POR,271,234.16666666666666,-3.2601075338416656,230.90655913282498,-3.2601075338416763,40.093440867175005,40.09344086717502,1607.4840005696599,1415,
drop_rest_schedule,2025-11-17,2025_26,0022500241,CLE,MIL,224,236.16666666666666,-1.3319195098574699,234.8347471568092,-1.331919509857471,-10.834747156809188,10.834747156809186,117.39174595198475,1423,
drop_rest_schedule,2025-11-17,2025_26,0022500242,DET,IND,239,230.16666666666666,1.133948086816056,231.3006147534827,1.1339480868160479,7.699385246517287,7.699385246517295,59.28053317428819,1423,
drop_rest_schedule,2025-11-17,2025_26,0022500243,PHI,LAC,218,220.5,-0.021257590803708537,220.4787424091963,-0.02125759080371381,-2.4787424091962915,2.478742409196286,6.144163931148209,1423,
drop_rest_schedule,2025-11-17,2025_26,0022500244,MIA,NYK,228,241.5,-0.3810608461568981,241.11893915384312,-0.38106084615688474,-13.118939153843101,13.118939153843115,172.1065645222379,1423,
drop_rest_schedule,2025-11-17,2025_26,0022500245,TOR,CHA,218,238.5,1.7636044641711646,240.26360446417115,1.7636044641711521,-22.263604464171166,22.263604464171152,495.66808373706164,1423,
drop_rest_schedule,2025-11-17,2025_26,0022500246,MIN,DAL,216,229.16666666666666,-0.8994335341906371,228.267233132476,-0.8994335341906492,-12.26723313247602,12.267233132476008,150.48500872651712,1423,
drop_rest_schedule,2025-11-17,2025_26,0022500247,NOP,OKC,235,226.5,-2.972001523572086,223.5279984764279,-2.9720015235720894,11.472001523572086,11.47200152357209,131.60681895684033,1423,
drop_rest_schedule,2025-11-17,2025_26,0022500248,DEN,CHI,257,240.5,-1.1294817667060735,239.37051823329392,-1.1294817667060784,17.629481766706075,17.62948176670608,310.7986273626221,1423,
drop_rest_schedule,2025-11-18,2025_26,0022500249,ORL,GSW,234,222.83333333333334,-0.18060833010526828,222.65272500322808,-0.18060833010525812,11.347274996771926,11.347274996771915,128.76064985236508,1431,
drop_rest_schedule,2025-11-18,2025_26,0022500251,ATL,DET,232,228.5,2.790123627364085,231.2901236273641,2.790123627364096,0.709876372635915,0.7098763726359039,0.5039244644267087,1431,
drop_rest_schedule,2025-11-18,2025_26,0022500250,BKN,BOS,212,223.16666666666666,-0.2542379574703355,222.91242870919632,-0.2542379574703375,-10.912428709196321,10.91242870919632,119.08110033329206,1431,
drop_rest_schedule,2025-11-18,2025_26,0022500253,LAL,UTA,266,237.83333333333334,1.7103504963317135,239.54368382966504,1.7103504963316993,26.456316170334944,26.456316170334958,699.936665304727,1431,
drop_rest_schedule,2025-11-18,2025_26,0022500254,POR,PHX,237,237.16666666666666,0.8523898616424626,238.0190565283091,0.8523898616424503,-1.0190565283091197,1.0190565283091075,1.038476207889411,1431,
drop_rest_schedule,2025-11-18,2025_26,0022500252,SAS,MEM,212,232.83333333333334,-0.9256842248041295,231.9076491085292,-0.9256842248041437,-19.907649108529213,19.9076491085292,396.3144930283234,1431,
drop_rest_schedule,2025-11-19,2025_26,0022500255,CLE,HOU,218,233.83333333333334,1.451796766605385,235.28513009993873,1.4517967666053835,-17.285130099938726,17.285130099938726,298.77572257180776,1437,
drop_rest_schedule,2025-11-19,2025_26,0022500256,IND,CHA,245,236.16666666666666,0.823503825090262,236.9901704917569,0.8235038250902562,8.009829508243081,8.009829508243087,64.15736875112168,1437,
drop_rest_schedule,2025-11-19,2025_26,0022500257,MIA,GSW,206,231.83333333333334,0.3492528190263284,232.18258615235968,0.3492528190263329,-26.182586152359672,26.182586152359676,685.5278176257367,1437,
drop_rest_schedule,2025-11-19,2025_26,0022500258,PHI,TOR,233,234.5,2.0024383421853633,236.50243834218537,2.0024383421853713,-3.5024383421853633,3.5024383421853713,12.267074340810213,1437,
drop_rest_schedule,2025-11-19,2025_26,0022500259,MIN,WAS,229,237.5,0.5743053992402816,238.07430539924027,0.5743053992402736,-9.07430539924028,9.074305399240274,82.34301847868117,1437,
drop_rest_schedule,2025-11-19,2025_26,0022500260,NOP,DEN,243,233.16666666666666,0.8632730463825021,234.02993971304915,0.8632730463824885,8.97006028695084,8.970060286950854,80.46198155153284,1437,
drop_rest_schedule,2025-11-19,2025_26,0022500261,OKC,SAC,212,233.5,0.06638502483256101,233.56638502483256,0.06638502483255593,-21.56638502483256,21.566385024832556,465.1089630393219,1437,
drop_rest_schedule,2025-11-19,2025_26,0022500262,DAL,NYK,224,228.5,0.9498193446521035,229.4498193446521,0.9498193446520986,-5.449819344652104,5.449819344652099,29.70053088934423,1437,
drop_rest_schedule,2025-11-19,2025_26,0022500263,POR,CHI,243,243.83333333333334,-1.4825649976646116,242.35076833566873,-1.4825649976646105,0.6492316643312688,0.6492316643312677,0.42150175397034784,1437,
drop_rest_schedule,2025-11-20,2025_26,0022500265,MEM,SAC,233,233.5,-2.6259830349150075,230.874016965085,-2.6259830349150093,2.1259830349150075,2.1259830349150093,4.519803864746433,1446,
drop_rest_schedule,2025-11-20,2025_26,0022500264,ORL,LAC,230,218.5,0.493788487423509,218.9937884874235,0.493788487423501,11.006211512576492,11.006211512576499,121.13669185957147,1446,
drop_rest_schedule,2025-11-20,2025_26,0022500266,MIL,PHI,237,225.83333333333334,3.9937216066820236,229.82705494001536,3.9937216066820156,7.172945059984634,7.172945059984642,51.45114083355807,1446,
drop_rest_schedule,2025-11-20,2025_26,0022500267,SAS,ATL,261,231.16666666666666,0.8640448580258193,232.03071152469246,0.8640448580258067,28.969288475307522,28.969288475307536,839.219674765586,1446,
drop_rest_schedule,2025-11-21,2025_26,0022500056,GSW,POR,250,237.5,-0.6144108500551769,236.88558914994482,-0.6144108500551795,13.114410850055178,13.11441085005518,171.98777194404502,1450,
drop_rest_schedule,2025-11-21,2025_26,0022500048,CLE,IND,229,238.16666666666666,1.195113023392381,239.36177969005905,1.1951130233923948,-10.361779690059038,10.361779690059052,107.36647834532026,1450,
drop_rest_schedule,2025-11-21,2025_26,0022500049,BOS,BKN,218,222.5,-0.12292305957702505,222.37707694042297,-0.1229230595770332,-4.377076940422975,4.377076940422967,19.15880254238248,1450,
drop_rest_schedule,2025-11-21,2025_26,0022500050,TOR,WAS,250,240.5,0.37130741598962913,240.87130741598963,0.3713074159896337,9.128692584010372,9.128692584010366,83.33302829336586,1450,
drop_rest_schedule,2025-11-21,2025_26,0022500051,CHI,MIA,250,249.5,-0.08875791832633798,249.41124208167366,-0.08875791832633695,0.588757918326338,0.588757918326337,0.34663588639196163,1450,
drop_rest_schedule,2025-11-21,2025_26,0022500052,DAL,NOP,233,232.5,1.1429411295972576,233.64294112959726,1.1429411295972614,-0.6429411295972576,0.6429411295972614,0.41337329612780244,1450,
drop_rest_schedule,2025-11-21,2025_26,0022500053,PHX,MIN,227,234.16666666666666,2.287103998992419,236.45377066565908,2.2871039989924213,-9.453770665659077,9.453770665659079,89.3737797988761,1450,
drop_rest_schedule,2025-11-21,2025_26,0022500054,HOU,DEN,221,234.5,3.161872222063588,237.66187222206358,3.161872222063579,-16.66187222206359,16.66187222206358,277.6179859443739,1450,
drop_rest_schedule,2025-11-21,2025_26,0022500055,UTA,OKC,256,235.5,-2.7128203459807643,232.78717965401924,-2.7128203459807594,23.212820345980763,23.21282034598076,538.8350284147783,1450,
drop_rest_schedule,2025-11-22,2025_26,0022500269,ORL,NYK,254,229.5,0.7624273402284061,230.2624273402284,0.7624273402284132,23.737572659771594,23.737572659771587,563.4723557779355,1459,
drop_rest_schedule,2025-11-22,2025_26,0022500270,NOP,ATL,213,230.83333333333334,0.498661469313301,231.33199480264665,0.4986614693133049,-18.331994802646644,18.331994802646648,336.0620334442637,1459,
drop_rest_schedule,2025-11-22,2025_26,0022500268,CHA,LAC,247,228.5,0.88815791951033,229.38815791951032,0.88815791951032,17.61184208048967,17.61184208048968,310.17698146810704,1459,
drop_rest_schedule,2025-11-22,2025_26,0022500273,DAL,MEM,198,227.16666666666666,2.1168709754439385,229.2835376421106,2.1168709754439305,-31.283537642110595,31.283537642110588,978.65972740535,1459,
drop_rest_schedule,2025-11-22,2025_26,0022500274,DEN,SAC,251,236.16666666666666,-0.12093285125061047,236.04573381541604,-0.1209328512506147,14.954266184583954,14.954266184583958,223.63007711939125,1459,
drop_rest_schedule,2025-11-22,2025_26,0022500272,MIL,DET,245,223.5,2.1298790568151733,225.62987905681518,2.1298790568151844,19.370120943184826,19.370120943184816,375.201585353607,1459,
drop_rest_schedule,2025-11-22,2025_26,0022500271,CHI,WAS,241,243.83333333333334,-1.0115542571309437,242.8217790762024,-1.011554257130939,-1.821779076202399,1.8217790762024038,3.3188790024888837,1459,
