experiment,date,season,game_id,home_team,away_team,actual_total,market_total_line,pred_residual,pred_total,edge,residual_error,abs_error,squared_error,train_games,skip_reason
only_ratings_and_pace,2024-10-22,2024_25,0022400061,BOS,NYK,241,222.5,,,,,,,0,insufficient_training_data
only_ratings_and_pace,2024-10-22,2024_25,0022400062,LAL,MIN,213,220.0,,,,,,,0,insufficient_training_data
only_ratings_and_pace,2024-10-23,2024_25,0022400067,TOR,CLE,242,224.33333333333334,,,,,,,2,insufficient_training_data
only_ratings_and_pace,2024-10-23,2024_25,0022400064,ATL,BKN,236,222.33333333333334,,,,,,,2,insufficient_training_data
only_ratings_and_pace,2024-10-23,2024_25,0022400066,PHI,MIL,233,223.5,,,,,,,2,insufficient_training_data
only_ratings_and_pace,2024-10-23,2024_25,0022400063,DET,IND,224,234.66666666666666,,,,,,,2,insufficient_training_data
only_ratings_and_pace,2024-10-23,2024_25,0022400065,MIA,ORL,213,208.0,,,,,,,2,insufficient_training_data
only_ratings_and_pace,2024-10-23,2024_25,0022400069,NOP,CHI,234,227.16666666666666,,,,,,,2,insufficient_training_data
only_ratings_and_pace,2024-10-23,2024_25,0022400070,UTA,MEM,250,228.66666666666666,,,,,,,2,insufficient_training_data
only_ratings_and_pace,2024-10-23,2024_25,0022400071,LAC,PHX,229,224.66666666666666,,,,,,,2,insufficient_training_data
only_ratings_and_pace,2024-10-23,2024_25,0022400072,POR,GSW,244,222.16666666666666,,,,,,,2,insufficient_training_data
only_ratings_and_pace,2024-10-23,2024_25,0022400068,HOU,CHA,215,229.5,,,,,,,2,insufficient_training_data
only_ratings_and_pace,2024-10-24,2024_25,0022400073,WAS,BOS,224,233.33333333333334,,,,,,,12,insufficient_training_data
only_ratings_and_pace,2024-10-24,2024_25,0022400074,DAL,SAS,229,229.5,,,,,,,12,insufficient_training_data
only_ratings_and_pace,2024-10-24,2024_25,0022400075,DEN,OKC,189,226.0,,,,,,,12,insufficient_training_data
only_ratings_and_pace,2024-10-24,2024_25,0022400076,SAC,MIN,232,220.5,,,,,,,12,insufficient_training_data
only_ratings_and_pace,2024-10-25,2024_25,0022400077,ORL,BKN,217,215.5,,,,,,,16,insufficient_training_data
only_ratings_and_pace,2024-10-25,2024_25,0022400081,NYK,IND,221,226.5,,,,,,,16,insufficient_training_data
only_ratings_and_pace,2024-10-25,2024_25,0022400086,POR,NOP,208,218.5,,,,,,,16,insufficient_training_data
only_ratings_and_pace,2024-10-25,2024_25,0022400080,CLE,DET,214,227.66666666666666,,,,,,,16,insufficient_training_data
only_ratings_and_pace,2024-10-25,2024_25,0022400079,ATL,CHA,245,223.5,,,,,,,16,insufficient_training_data
only_ratings_and_pace,2024-10-25,2024_25,0022400082,HOU,MEM,236,222.16666666666666,,,,,,,16,insufficient_training_data
only_ratings_and_pace,2024-10-25,2024_25,0022400083,MIL,CHI,255,233.66666666666666,,,,,,,16,insufficient_training_data
only_ratings_and_pace,2024-10-25,2024_25,0022400084,UTA,GSW,213,232.66666666666666,,,,,,,16,insufficient_training_data
only_ratings_and_pace,2024-10-25,2024_25,0022400085,LAL,PHX,239,223.5,,,,,,,16,insufficient_training_data
only_ratings_and_pace,2024-10-25,2024_25,0022400078,TOR,PHI,222,219.5,,,,,,,16,insufficient_training_data
only_ratings_and_pace,2024-10-26,2024_25,0022400091,CHI,OKC,209,232.0,,,,,,,26,insufficient_training_data
only_ratings_and_pace,2024-10-26,2024_25,0022400088,CHA,MIA,220,223.5,,,,,,,26,insufficient_training_data
only_ratings_and_pace,2024-10-26,2024_25,0022400090,WAS,CLE,251,229.0,,,,,,,26,insufficient_training_data
only_ratings_and_pace,2024-10-26,2024_25,0022400087,DEN,LAC,213,219.5,,,,,,,26,insufficient_training_data
only_ratings_and_pace,2024-10-26,2024_25,0022400089,DET,BOS,242,227.33333333333334,,,,,,,26,insufficient_training_data
only_ratings_and_pace,2024-10-26,2024_25,0022400095,PHX,DAL,216,232.33333333333334,,,,,,,26,insufficient_training_data
only_ratings_and_pace,2024-10-26,2024_25,0022400096,LAL,SAC,258,231.66666666666666,,,,,,,26,insufficient_training_data
only_ratings_and_pace,2024-10-26,2024_25,0022400093,MIN,TOR,213,220.33333333333334,,,,,,,26,insufficient_training_data
only_ratings_and_pace,2024-10-26,2024_25,0022400094,SAS,HOU,215,224.16666666666666,,,,,,,26,insufficient_training_data
only_ratings_and_pace,2024-10-26,2024_25,0022400092,MEM,ORL,235,222.16666666666666,,,,,,,26,insufficient_training_data
only_ratings_and_pace,2024-10-27,2024_25,0022400097,IND,PHI,232,228.66666666666666,,,,,,,36,insufficient_training_data
only_ratings_and_pace,2024-10-27,2024_25,0022400098,BKN,MIL,217,231.5,,,,,,,36,insufficient_training_data
only_ratings_and_pace,2024-10-27,2024_25,0022400099,POR,NOP,228,219.33333333333334,,,,,,,36,insufficient_training_data
only_ratings_and_pace,2024-10-27,2024_25,0022400100,OKC,ATL,232,230.33333333333334,,,,,,,36,insufficient_training_data
only_ratings_and_pace,2024-10-27,2024_25,0022400101,GSW,LAC,216,221.83333333333334,,,,,,,36,insufficient_training_data
only_ratings_and_pace,2024-10-28,2024_25,0022400105,MIA,DET,204,219.33333333333334,,,,,,,41,insufficient_training_data
only_ratings_and_pace,2024-10-28,2024_25,0022400107,TOR,DEN,252,220.5,,,,,,,41,insufficient_training_data
only_ratings_and_pace,2024-10-28,2024_25,0022400102,ORL,IND,234,224.5,,,,,,,41,insufficient_training_data
only_ratings_and_pace,2024-10-28,2024_25,0022400104,BOS,MIL,227,234.0,,,,,,,41,insufficient_training_data
only_ratings_and_pace,2024-10-28,2024_25,0022400106,NYK,CLE,214,221.5,,,,,,,41,insufficient_training_data
only_ratings_and_pace,2024-10-28,2024_25,0022400109,SAS,HOU,207,220.0,,,,,,,41,insufficient_training_data
only_ratings_and_pace,2024-10-28,2024_25,0022400108,MEM,CHI,249,233.5,,,,,,,41,insufficient_training_data
only_ratings_and_pace,2024-10-28,2024_25,0022400112,SAC,POR,209,227.66666666666666,,,,,,,41,insufficient_training_data
only_ratings_and_pace,2024-10-28,2024_25,0022400111,PHX,LAL,214,227.5,,,,,,,41,insufficient_training_data
only_ratings_and_pace,2024-10-28,2024_25,0022400103,ATL,WAS,240,233.33333333333334,,,,,,,41,insufficient_training_data
only_ratings_and_pace,2024-10-28,2024_25,0022400110,DAL,UTA,212,233.33333333333334,,,,,,,41,insufficient_training_data
only_ratings_and_pace,2024-10-29,2024_25,0022400116,GSW,NOP,230,217.66666666666666,,,,,,,52,insufficient_training_data
only_ratings_and_pace,2024-10-29,2024_25,0022400115,UTA,SAC,209,235.33333333333334,,,,,,,52,insufficient_training_data
only_ratings_and_pace,2024-10-29,2024_25,0022400114,MIN,DAL,234,222.5,,,,,,,52,insufficient_training_data
only_ratings_and_pace,2024-10-29,2024_25,0022400113,BKN,DEN,283,218.0,,,,,,,52,insufficient_training_data
only_ratings_and_pace,2024-10-30,2024_25,0022400123,CHI,ORL,201,227.33333333333334,,,,,,,56,insufficient_training_data
only_ratings_and_pace,2024-10-30,2024_25,0022400121,WAS,ATL,253,233.33333333333334,,,,,,,56,insufficient_training_data
only_ratings_and_pace,2024-10-30,2024_25,0022400117,CHA,TOR,271,223.5,,,,,,,56,insufficient_training_data
only_ratings_and_pace,2024-10-30,2024_25,0022400118,CLE,LAL,244,224.83333333333334,,,,,,,56,insufficient_training_data
only_ratings_and_pace,2024-10-30,2024_25,0022400119,IND,BOS,267,233.66666666666666,,,,,,,56,insufficient_training_data
only_ratings_and_pace,2024-10-30,2024_25,0022400120,PHI,DET,200,217.5,,,,,,,56,insufficient_training_data
only_ratings_and_pace,2024-10-30,2024_25,0022400126,GSW,NOP,193,219.5,,,,,,,56,insufficient_training_data
only_ratings_and_pace,2024-10-30,2024_25,0022400122,MIA,NYK,223,214.5,,,,,,,56,insufficient_training_data
only_ratings_and_pace,2024-10-30,2024_25,0022400124,MEM,BKN,225,225.83333333333334,,,,,,,56,insufficient_training_data
only_ratings_and_pace,2024-10-30,2024_25,0022400127,LAC,POR,211,214.83333333333334,,,,,,,56,insufficient_training_data
only_ratings_and_pace,2024-10-30,2024_25,0022400125,OKC,SAS,198,221.5,,,,,,,56,insufficient_training_data
only_ratings_and_pace,2024-10-31,2024_25,0022400130,UTA,SAS,194,223.33333333333334,,,,,,,67,insufficient_training_data
only_ratings_and_pace,2024-10-31,2024_25,0022400131,LAC,PHX,244,223.5,,,,,,,67,insufficient_training_data
only_ratings_and_pace,2024-10-31,2024_25,0022400129,DAL,HOU,210,225.66666666666666,,,,,,,67,insufficient_training_data
only_ratings_and_pace,2024-10-31,2024_25,0022400128,MEM,MIL,221,226.5,,,,,,,67,insufficient_training_data
only_ratings_and_pace,2024-11-01,2024_25,0022400135,ATL,SAC,238,239.66666666666666,,,,,,,71,insufficient_training_data
only_ratings_and_pace,2024-11-01,2024_25,0022400137,TOR,LAL,256,229.0,,,,,,,71,insufficient_training_data
only_ratings_and_pace,2024-11-01,2024_25,0022400139,MIN,DEN,235,219.33333333333334,,,,,,,71,insufficient_training_data
only_ratings_and_pace,2024-11-01,2024_25,0022400138,NOP,IND,243,232.33333333333334,,,,,,,71,insufficient_training_data
only_ratings_and_pace,2024-11-01,2024_25,0022400136,BKN,CHI,232,226.16666666666666,,,,,,,71,insufficient_training_data
only_ratings_and_pace,2024-11-01,2024_25,0022400140,POR,OKC,251,220.16666666666666,,,,,,,71,insufficient_training_data
only_ratings_and_pace,2024-11-01,2024_25,0022400134,DET,NYK,226,218.5,,,,,,,71,insufficient_training_data
only_ratings_and_pace,2024-11-01,2024_25,0022400133,CLE,ORL,229,217.16666666666666,,,,,,,71,insufficient_training_data
only_ratings_and_pace,2024-11-01,2024_25,0022400132,CHA,BOS,233,231.66666666666666,,,,,,,71,insufficient_training_data
only_ratings_and_pace,2024-11-02,2024_25,0022400141,CHA,BOS,216,231.33333333333334,,,,,,,80,insufficient_training_data
only_ratings_and_pace,2024-11-02,2024_25,0022400142,PHI,MEM,231,223.33333333333334,,,,,,,80,insufficient_training_data
only_ratings_and_pace,2024-11-02,2024_25,0022400143,TOR,SAC,259,232.5,,,,,,,80,insufficient_training_data
only_ratings_and_pace,2024-11-02,2024_25,0022400149,PHX,POR,200,224.33333333333334,,,,,,,80,insufficient_training_data
only_ratings_and_pace,2024-11-02,2024_25,0022400144,HOU,GSW,248,217.33333333333334,,,,,,,80,insufficient_training_data
only_ratings_and_pace,2024-11-02,2024_25,0022400146,SAS,MIN,216,214.83333333333334,,,,,,,80,insufficient_training_data
only_ratings_and_pace,2024-11-02,2024_25,0022400148,DEN,UTA,232,218.5,,,,,,,80,insufficient_training_data
only_ratings_and_pace,2024-11-02,2024_25,0022400150,LAC,OKC,197,220.33333333333334,,,,,,,80,insufficient_training_data
only_ratings_and_pace,2024-11-02,2024_25,0022400145,MIL,CLE,227,232.16666666666666,,,,,,,80,insufficient_training_data
only_ratings_and_pace,2024-11-03,2024_25,0022400153,DAL,ORL,193,219.33333333333334,,,,,,,89,insufficient_training_data
only_ratings_and_pace,2024-11-03,2024_25,0022400151,BKN,DET,198,219.5,,,,,,,89,insufficient_training_data
only_ratings_and_pace,2024-11-03,2024_25,0022400152,NOP,ATL,237,230.83333333333334,,,,,,,89,insufficient_training_data
only_ratings_and_pace,2024-11-04,2024_25,0022400160,CHI,UTA,261,228.0,,,,,,,92,insufficient_training_data
only_ratings_and_pace,2024-11-04,2024_25,0022400154,CLE,MIL,230,230.33333333333334,,,,,,,92,insufficient_training_data
only_ratings_and_pace,2024-11-04,2024_25,0022400155,WAS,GSW,237,231.5,,,,,,,92,insufficient_training_data
only_ratings_and_pace,2024-11-04,2024_25,0022400156,DET,LAL,218,226.33333333333334,,,,,,,92,insufficient_training_data
only_ratings_and_pace,2024-11-04,2024_25,0022400157,ATL,BOS,216,234.33333333333334,,,,,,,92,insufficient_training_data
only_ratings_and_pace,2024-11-04,2024_25,0022400159,MIA,SAC,221,227.16666666666666,,,,,,,92,insufficient_training_data
only_ratings_and_pace,2024-11-04,2024_25,0022400163,OKC,ORL,188,215.33333333333334,,,,,,,92,insufficient_training_data
only_ratings_and_pace,2024-11-04,2024_25,0022400158,BKN,MEM,210,225.33333333333334,,,,,,,92,insufficient_training_data
only_ratings_and_pace,2024-11-04,2024_25,0022400168,LAC,SAS,217,218.0,,,,,,,92,insufficient_training_data
only_ratings_and_pace,2024-11-04,2024_25,0022400164,NOP,POR,218,221.66666666666666,,,,,,,92,insufficient_training_data
only_ratings_and_pace,2024-11-04,2024_25,0022400165,DAL,IND,261,235.66666666666666,,,,,,,92,insufficient_training_data
only_ratings_and_pace,2024-11-04,2024_25,0022400166,DEN,TOR,240,228.83333333333334,,,,,,,92,insufficient_training_data
only_ratings_and_pace,2024-11-04,2024_25,0022400167,PHX,PHI,234,226.66666666666666,,,,,,,92,insufficient_training_data
only_ratings_and_pace,2024-11-04,2024_25,0022400162,MIN,CHA,207,226.5,,,,,,,92,insufficient_training_data
only_ratings_and_pace,2024-11-04,2024_25,0022400161,HOU,NYK,206,219.16666666666666,,,,,,,92,insufficient_training_data
only_ratings_and_pace,2024-11-06,2024_25,0022400172,BOS,GSW,230,230.0,,,,,,,107,insufficient_training_data
only_ratings_and_pace,2024-11-06,2024_25,0022400174,MEM,LAL,245,229.83333333333334,,,,,,,107,insufficient_training_data
only_ratings_and_pace,2024-11-06,2024_25,0022400169,CHA,DET,215,222.66666666666666,,,,,,,107,insufficient_training_data
only_ratings_and_pace,2024-11-06,2024_25,0022400170,IND,ORL,229,226.5,,,,,,,107,insufficient_training_data
only_ratings_and_pace,2024-11-06,2024_25,0022400171,ATL,NYK,237,225.5,,,,,,,107,insufficient_training_data
only_ratings_and_pace,2024-11-06,2024_25,0022400173,HOU,SAS,227,213.5,,,,,,,107,insufficient_training_data
only_ratings_and_pace,2024-11-06,2024_25,0022400178,PHX,MIA,227,222.5,,,,,,,107,insufficient_training_data
only_ratings_and_pace,2024-11-06,2024_25,0022400176,DAL,CHI,218,234.83333333333334,,,,,,,107,insufficient_training_data
only_ratings_and_pace,2024-11-06,2024_25,0022400177,DEN,OKC,246,222.0,,,,,,,107,insufficient_training_data
only_ratings_and_pace,2024-11-06,2024_25,0022400179,LAC,PHI,208,218.33333333333334,,,,,,,107,insufficient_training_data
only_ratings_and_pace,2024-11-06,2024_25,0022400180,SAC,TOR,229,238.0,,,,,,,107,insufficient_training_data
only_ratings_and_pace,2024-11-06,2024_25,0022400175,NOP,CLE,253,224.0,,,,,,,107,insufficient_training_data
only_ratings_and_pace,2024-11-07,2024_25,0022400181,CHI,MIN,254,227.66666666666666,,,,,,,119,insufficient_training_data
only_ratings_and_pace,2024-11-07,2024_25,0022400182,MIL,UTA,223,229.66666666666666,,,,,,,119,insufficient_training_data
only_ratings_and_pace,2024-11-07,2024_25,0022400183,SAS,POR,223,217.5,,,,,,,119,insufficient_training_data
only_ratings_and_pace,2024-11-08,2024_25,0022400188,CLE,GSW,253,231.33333333333334,,,,,,,122,insufficient_training_data
only_ratings_and_pace,2024-11-08,2024_25,0022400189,NYK,MIL,210,224.83333333333334,,,,,,,122,insufficient_training_data
only_ratings_and_pace,2024-11-08,2024_25,0022400185,DET,ATL,243,227.0,,,,,,,122,insufficient_training_data
only_ratings_and_pace,2024-11-08,2024_25,0022400186,ORL,NOP,203,213.5,,,,,,,122,insufficient_training_data
only_ratings_and_pace,2024-11-08,2024_25,0022400187,BOS,BKN,212,224.33333333333334,,,,,,,122,insufficient_training_data
only_ratings_and_pace,2024-11-08,2024_25,0022400193,MIN,POR,229,220.66666666666666,,,,,,,122,insufficient_training_data
only_ratings_and_pace,2024-11-08,2024_25,0022400184,CHA,IND,186,234.66666666666666,,,,,,,122,insufficient_training_data
only_ratings_and_pace,2024-11-08,2024_25,0022400192,OKC,HOU,233,219.0,,,,,,,122,insufficient_training_data
only_ratings_and_pace,2024-11-08,2024_25,0022400196,SAC,LAC,205,224.0,,,,,,,122,insufficient_training_data
only_ratings_and_pace,2024-11-08,2024_25,0022400194,DEN,MIA,257,222.0,,,,,,,122,insufficient_training_data
only_ratings_and_pace,2024-11-08,2024_25,0022400195,LAL,PHI,222,222.66666666666666,,,,,,,122,insufficient_training_data
only_ratings_and_pace,2024-11-08,2024_25,0022400191,MEM,WAS,232,229.33333333333334,,,,,,,122,insufficient_training_data
only_ratings_and_pace,2024-11-08,2024_25,0022400190,DAL,PHX,227,230.5,,,,,,,122,insufficient_training_data
only_ratings_and_pace,2024-11-09,2024_25,0022400200,LAC,TOR,208,226.33333333333334,,,,,,,135,insufficient_training_data
only_ratings_and_pace,2024-11-09,2024_25,0022400199,CLE,BKN,205,223.33333333333334,,,,,,,135,insufficient_training_data
only_ratings_and_pace,2024-11-09,2024_25,0022400197,SAS,UTA,221,222.5,,,,,,,135,insufficient_training_data
only_ratings_and_pace,2024-11-09,2024_25,0022400198,ATL,CHI,238,238.5,,,,,,,135,insufficient_training_data
only_ratings_and_pace,2024-11-10,2024_25,0022400201,DET,HOU,200,220.33333333333334,,,,,,,139,insufficient_training_data
only_ratings_and_pace,2024-11-10,2024_25,0022400206,MIN,MIA,189,218.33333333333334,,,,,,,139,insufficient_training_data
only_ratings_and_pace,2024-11-10,2024_25,0022400203,IND,NYK,253,229.0,,,,,,,139,insufficient_training_data
only_ratings_and_pace,2024-11-10,2024_25,0022400205,PHI,CHA,212,221.16666666666666,,,,,,,139,insufficient_training_data
only_ratings_and_pace,2024-11-10,2024_25,0022400202,MIL,BOS,220,228.5,,,,,,,139,insufficient_training_data
only_ratings_and_pace,2024-11-10,2024_25,0022400204,ORL,WAS,215,220.16666666666666,,,,,,,139,insufficient_training_data
only_ratings_and_pace,2024-11-10,2024_25,0022400208,DEN,DAL,242,231.5,,,,,,,139,insufficient_training_data
only_ratings_and_pace,2024-11-10,2024_25,0022400209,PHX,SAC,245,228.33333333333334,,,,,,,139,insufficient_training_data
only_ratings_and_pace,2024-11-10,2024_25,0022400210,POR,MEM,223,226.0,,,,,,,139,insufficient_training_data
only_ratings_and_pace,2024-11-10,2024_25,0022400211,LAL,TOR,226,235.33333333333334,,,,,,,139,insufficient_training_data
only_ratings_and_pace,2024-11-10,2024_25,0022400207,OKC,GSW,243,227.5,,,,,,,139,insufficient_training_data
only_ratings_and_pace,2024-11-11,2024_25,0022400212,CHI,CLE,232,237.16666666666666,,,,,,,150,insufficient_training_data
only_ratings_and_pace,2024-11-11,2024_25,0022400215,OKC,LAC,262,218.83333333333334,,,,,,,150,insufficient_training_data
only_ratings_and_pace,2024-11-11,2024_25,0022400214,NOP,BKN,212,212.83333333333334,,,,,,,150,insufficient_training_data
only_ratings_and_pace,2024-11-11,2024_25,0022400216,SAS,SAC,212,222.0,,,,,,,150,insufficient_training_data
only_ratings_and_pace,2024-11-11,2024_25,0022400213,HOU,WAS,199,226.5,,,,,,,150,insufficient_training_data
only_ratings_and_pace,2024-11-12,2024_25,0022400002,DET,MIA,244,215.5,,,,,,,155,insufficient_training_data
only_ratings_and_pace,2024-11-12,2024_25,0022400007,GSW,DAL,237,232.33333333333334,,,,,,,155,insufficient_training_data
only_ratings_and_pace,2024-11-12,2024_25,0022400008,POR,MIN,230,218.5,,,,,,,155,insufficient_training_data
only_ratings_and_pace,2024-11-12,2024_25,0022400006,UTA,PHX,232,228.33333333333334,,,,,,,155,insufficient_training_data
only_ratings_and_pace,2024-11-12,2024_25,0022400001,BOS,ATL,233,227.0,,,,,,,155,insufficient_training_data
only_ratings_and_pace,2024-11-12,2024_25,0022400004,PHI,NYK,210,215.5,,,,,,,155,insufficient_training_data
only_ratings_and_pace,2024-11-12,2024_25,0022400003,ORL,CHA,203,213.33333333333334,,,,,,,155,insufficient_training_data
only_ratings_and_pace,2024-11-12,2024_25,0022400005,MIL,TOR,184,227.83333333333334,,,,,,,155,insufficient_training_data
only_ratings_and_pace,2024-11-13,2024_25,0022400217,ORL,IND,184,225.66666666666666,,,,,,,163,insufficient_training_data
only_ratings_and_pace,2024-11-13,2024_25,0022400227,SAC,PHX,231,225.5,,,,,,,163,insufficient_training_data
only_ratings_and_pace,2024-11-13,2024_25,0022400226,POR,MIN,204,221.75,,,,,,,163,insufficient_training_data
only_ratings_and_pace,2024-11-13,2024_25,0022400225,LAL,MEM,251,230.5,,,,,,,163,insufficient_training_data
only_ratings_and_pace,2024-11-13,2024_25,0022400224,SAS,WAS,269,222.66666666666666,,,,,,,163,insufficient_training_data
only_ratings_and_pace,2024-11-13,2024_25,0022400223,MIL,DET,247,217.16666666666666,,,,,,,163,insufficient_training_data
only_ratings_and_pace,2024-11-13,2024_25,0022400220,PHI,CLE,220,217.66666666666666,,,,,,,163,insufficient_training_data
only_ratings_and_pace,2024-11-13,2024_25,0022400221,OKC,NOP,194,221.5,,,,,,,163,insufficient_training_data
only_ratings_and_pace,2024-11-13,2024_25,0022400219,NYK,CHI,247,228.33333333333334,,,,,,,163,insufficient_training_data
only_ratings_and_pace,2024-11-13,2024_25,0022400218,BKN,BOS,253,218.0,,,,,,,163,insufficient_training_data
only_ratings_and_pace,2024-11-13,2024_25,0022400222,HOU,LAC,214,213.83333333333334,,,,,,,163,insufficient_training_data
only_ratings_and_pace,2024-11-14,2024_25,0022400228,UTA,DAL,228,230.83333333333334,,,,,,,174,insufficient_training_data
only_ratings_and_pace,2024-11-15,2024_25,0022400009,IND,MIA,235,227.83333333333334,,,,,,,175,insufficient_training_data
only_ratings_and_pace,2024-11-15,2024_25,0022400012,ATL,WAS,246,240.33333333333334,,,,,,,175,insufficient_training_data
only_ratings_and_pace,2024-11-15,2024_25,0022400010,ORL,PHI,184,210.66666666666666,,,,,,,175,insufficient_training_data
only_ratings_and_pace,2024-11-15,2024_25,0022400011,TOR,DET,194,225.0,,,,,,,175,insufficient_training_data
only_ratings_and_pace,2024-11-15,2024_25,0022400013,CLE,CHI,270,237.16666666666666,,,,,,,175,insufficient_training_data
only_ratings_and_pace,2024-11-15,2024_25,0022400014,NYK,BKN,246,216.5,,,,,,,175,insufficient_training_data
only_ratings_and_pace,2024-11-15,2024_25,0022400016,HOU,LAC,229,217.33333333333334,,,,,,,175,insufficient_training_data
only_ratings_and_pace,2024-11-15,2024_25,0022400017,NOP,DEN,195,221.0,,,,,,,175,insufficient_training_data
only_ratings_and_pace,2024-11-15,2024_25,0022400018,OKC,PHX,182,228.0,,,,,,,175,insufficient_training_data
only_ratings_and_pace,2024-11-15,2024_25,0022400015,SAS,LAL,235,227.33333333333334,,,,,,,175,insufficient_training_data
only_ratings_and_pace,2024-11-15,2024_25,0022400019,GSW,MEM,241,235.33333333333334,,,,,,,175,insufficient_training_data
only_ratings_and_pace,2024-11-15,2024_25,0022400020,SAC,MIN,256,222.0,,,,,,,175,insufficient_training_data
only_ratings_and_pace,2024-11-16,2024_25,0022400229,CHA,MIL,229,217.33333333333334,,,,,,,187,insufficient_training_data
only_ratings_and_pace,2024-11-16,2024_25,0022400230,BOS,TOR,249,228.5,,,,,,,187,insufficient_training_data
only_ratings_and_pace,2024-11-16,2024_25,0022400231,NOP,LAL,203,221.33333333333334,,,,,,,187,insufficient_training_data
only_ratings_and_pace,2024-11-16,2024_25,0022400232,DAL,SAS,203,227.0,,,,,,,187,insufficient_training_data
only_ratings_and_pace,2024-11-16,2024_25,0022400233,SAC,UTA,238,227.5,,,,,,,187,insufficient_training_data
only_ratings_and_pace,2024-11-17,2024_25,0022400235,IND,MIA,229,228.66666666666666,,,,,,,192,insufficient_training_data
only_ratings_and_pace,2024-11-17,2024_25,0022400238,MEM,DEN,195,228.0,,,,,,,192,insufficient_training_data
only_ratings_and_pace,2024-11-17,2024_25,0022400234,MIN,PHX,237,219.5,,,,,,,192,insufficient_training_data
only_ratings_and_pace,2024-11-17,2024_25,0022400237,WAS,DET,228,228.66666666666666,,,,,,,192,insufficient_training_data
only_ratings_and_pace,2024-11-17,2024_25,0022400236,CLE,CHA,242,224.16666666666666,,,,,,,192,insufficient_training_data
only_ratings_and_pace,2024-11-17,2024_25,0022400242,OKC,DAL,240,229.5,,,,,,,192,insufficient_training_data
only_ratings_and_pace,2024-11-17,2024_25,0022400240,NYK,BKN,218,220.5,,,,,,,192,insufficient_training_data
only_ratings_and_pace,2024-11-17,2024_25,0022400241,CHI,HOU,250,233.66666666666666,,,,,,,192,insufficient_training_data
only_ratings_and_pace,2024-11-17,2024_25,0022400243,LAC,UTA,221,220.5,,,,,,,192,insufficient_training_data
only_ratings_and_pace,2024-11-17,2024_25,0022400239,POR,ATL,224,232.33333333333334,,,,,,,192,insufficient_training_data
only_ratings_and_pace,2024-11-18,2024_25,0022400245,MIA,PHI,195,212.66666666666666,,,,,,,202,insufficient_training_data
only_ratings_and_pace,2024-11-18,2024_25,0022400247,TOR,IND,249,234.33333333333334,,,,,,,202,insufficient_training_data
only_ratings_and_pace,2024-11-18,2024_25,0022400244,DET,CHI,234,233.5,,,,,,,202,insufficient_training_data
only_ratings_and_pace,2024-11-18,2024_25,0022400246,NYK,WAS,240,231.16666666666666,,,,,,,202,insufficient_training_data
only_ratings_and_pace,2024-11-18,2024_25,0022400251,LAC,GSW,201,226.16666666666666,,,,,,,202,insufficient_training_data
only_ratings_and_pace,2024-11-18,2024_25,0022400250,SAC,ATL,217,234.83333333333334,,,,,,,202,insufficient_training_data
only_ratings_and_pace,2024-11-18,2024_25,0022400249,PHX,ORL,208,211.16666666666666,,,,,,,202,insufficient_training_data
only_ratings_and_pace,2024-11-18,2024_25,0022400248,MIL,HOU,201,222.33333333333334,,,,,,,202,insufficient_training_data
only_ratings_and_pace,2024-11-19,2024_25,0022400021,BOS,CLE,237,234.83333333333334,,,,,,,210,insufficient_training_data
only_ratings_and_pace,2024-11-19,2024_25,0022400022,BKN,CHA,231,220.83333333333334,,,,,,,210,insufficient_training_data
only_ratings_and_pace,2024-11-19,2024_25,0022400023,MEM,DEN,232,226.83333333333334,,,,,,,210,insufficient_training_data
only_ratings_and_pace,2024-11-19,2024_25,0022400024,DAL,NOP,223,221.83333333333334,,,,,,,210,insufficient_training_data
only_ratings_and_pace,2024-11-19,2024_25,0022400025,SAS,OKC,214,223.16666666666666,,,,,,,210,insufficient_training_data
only_ratings_and_pace,2024-11-19,2024_25,0022400026,LAL,UTA,242,235.33333333333334,,,,,,,210,insufficient_training_data
only_ratings_and_pace,2024-11-20,2024_25,0022400255,MEM,PHI,228,219.5,,,,,,,216,insufficient_training_data
only_ratings_and_pace,2024-11-20,2024_25,0022400252,CLE,NOP,228,222.0,,,,,,,216,insufficient_training_data
only_ratings_and_pace,2024-11-20,2024_25,0022400253,MIL,CHI,228,238.0,,,,,,,216,insufficient_training_data
only_ratings_and_pace,2024-11-20,2024_25,0022400254,HOU,IND,243,231.5,,,,,,,216,insufficient_training_data
only_ratings_and_pace,2024-11-20,2024_25,0022400259,LAC,ORL,197,206.5,,,,,,,216,insufficient_training_data
only_ratings_and_pace,2024-11-20,2024_25,0022400257,PHX,NYK,260,222.5,,,,,,,216,insufficient_training_data
only_ratings_and_pace,2024-11-20,2024_25,0022400258,GSW,ATL,217,239.0,,,,,,,216,insufficient_training_data
only_ratings_and_pace,2024-11-20,2024_25,0022400256,OKC,POR,208,223.83333333333334,,,,,,,216,insufficient_training_data
only_ratings_and_pace,2024-11-21,2024_25,0022400263,LAL,ORL,237,217.33333333333334,,,,,,,224,insufficient_training_data
only_ratings_and_pace,2024-11-21,2024_25,0022400262,SAS,UTA,244,224.16666666666666,,,,,,,224,insufficient_training_data
only_ratings_and_pace,2024-11-21,2024_25,0022400260,CHA,DET,244,220.66666666666666,,,,,,,224,insufficient_training_data
only_ratings_and_pace,2024-11-21,2024_25,0022400261,TOR,MIN,215,225.5,,,,,,,224,insufficient_training_data
only_ratings_and_pace,2024-11-22,2024_25,0022400034,LAC,SAC,192,221.33333333333334,,,,,,,228,insufficient_training_data
only_ratings_and_pace,2024-11-22,2024_25,0022400033,DEN,DAL,243,227.33333333333334,,,,,,,228,insufficient_training_data
only_ratings_and_pace,2024-11-22,2024_25,0022400031,HOU,POR,204,223.16666666666666,,,,,,,228,insufficient_training_data
only_ratings_and_pace,2024-11-22,2024_25,0022400032,NOP,GSW,220,223.5,,,,,,,228,insufficient_training_data
only_ratings_and_pace,2024-11-22,2024_25,0022400029,MIL,IND,246,237.5,,,,,,,228,insufficient_training_data
only_ratings_and_pace,2024-11-22,2024_25,0022400027,PHI,BKN,211,217.5,,,,,,,228,insufficient_training_data
only_ratings_and_pace,2024-11-22,2024_25,0022400030,CHI,ATL,258,244.5,,,,,,,228,insufficient_training_data
only_ratings_and_pace,2024-11-22,2024_25,0022400028,WAS,BOS,204,237.83333333333334,,,,,,,228,insufficient_training_data
only_ratings_and_pace,2024-11-23,2024_25,0022400264,UTA,NYK,227,229.66666666666666,,,,,,,236,insufficient_training_data
only_ratings_and_pace,2024-11-23,2024_25,0022400265,ORL,DET,211,206.66666666666666,,,,,,,236,insufficient_training_data
only_ratings_and_pace,2024-11-23,2024_25,0022400266,CHI,MEM,273,243.16666666666666,,,,,,,236,insufficient_training_data
only_ratings_and_pace,2024-11-23,2024_25,0022400267,HOU,POR,202,224.5,,,,,,,236,insufficient_training_data
only_ratings_and_pace,2024-11-23,2024_25,0022400268,MIL,CHA,244,223.0,,,,,,,236,insufficient_training_data
only_ratings_and_pace,2024-11-23,2024_25,0022400269,SAS,GSW,198,225.33333333333334,,,,,,,236,insufficient_training_data
only_ratings_and_pace,2024-11-23,2024_25,0022400270,LAL,DEN,229,233.0,,,,,,,236,insufficient_training_data
only_ratings_and_pace,2024-11-24,2024_25,0022400275,CLE,TOR,230,236.5,,,,,,,243,insufficient_training_data
only_ratings_and_pace,2024-11-24,2024_25,0022400276,SAC,BKN,211,222.0,,,,,,,243,insufficient_training_data
only_ratings_and_pace,2024-11-24,2024_25,0022400274,PHI,LAC,224,209.0,,,,,,,243,insufficient_training_data
only_ratings_and_pace,2024-11-24,2024_25,0022400273,MIA,DAL,241,222.0,,,,,,,243,insufficient_training_data
only_ratings_and_pace,2024-11-24,2024_25,0022400272,IND,WAS,218,242.66666666666666,,,,,,,243,insufficient_training_data
only_ratings_and_pace,2024-11-24,2024_25,0022400271,BOS,MIN,212,222.5,,,,,,,243,insufficient_training_data
only_ratings_and_pace,2024-11-25,2024_25,0022400280,ATL,DAL,248,237.5,,,,,,,249,insufficient_training_data
only_ratings_and_pace,2024-11-25,2024_25,0022400277,CHA,ORL,179,213.5,,,,,,,249,insufficient_training_data
only_ratings_and_pace,2024-11-25,2024_25,0022400279,IND,NOP,224,227.5,,,,,,,249,insufficient_training_data
only_ratings_and_pace,2024-11-25,2024_25,0022400284,GSW,BKN,248,223.33333333333334,,,,,,,249,insufficient_training_data
only_ratings_and_pace,2024-11-25,2024_25,0022400278,DET,TOR,202,222.83333333333334,,,,,,,249,insufficient_training_data
only_ratings_and_pace,2024-11-25,2024_25,0022400282,MEM,POR,221,230.83333333333334,,,,,,,249,insufficient_training_data
only_ratings_and_pace,2024-11-25,2024_25,0022400285,SAC,OKC,239,223.5,,,,,,,249,insufficient_training_data
only_ratings_and_pace,2024-11-25,2024_25,0022400283,DEN,NYK,263,232.16666666666666,,,,,,,249,insufficient_training_data
only_ratings_and_pace,2024-11-25,2024_25,0022400281,BOS,LAC,220,218.66666666666666,,,,,,,249,insufficient_training_data
only_ratings_and_pace,2024-11-26,2024_25,0022400035,WAS,CHI,235,244.33333333333334,,,,,,,258,insufficient_training_data
only_ratings_and_pace,2024-11-26,2024_25,0022400036,MIA,MIL,209,224.5,,,,,,,258,insufficient_training_data
only_ratings_and_pace,2024-11-26,2024_25,0022400037,MIN,HOU,228,221.16666666666666,,,,,,,258,insufficient_training_data
only_ratings_and_pace,2024-11-26,2024_25,0022400038,UTA,SAS,243,225.83333333333334,,,,,,,258,insufficient_training_data
only_ratings_and_pace,2024-11-26,2024_25,0022400039,PHX,LAL,227,234.16666666666666,,,,,,,258,insufficient_training_data
only_ratings_and_pace,2024-11-27,2024_25,0022400289,ORL,CHI,252,224.0,,,,,,,263,insufficient_training_data
only_ratings_and_pace,2024-11-27,2024_25,0022400288,IND,POR,235,231.66666666666666,,,,,,,263,insufficient_training_data
only_ratings_and_pace,2024-11-27,2024_25,0022400291,WAS,LAC,217,223.0,,,,,,,263,insufficient_training_data
only_ratings_and_pace,2024-11-27,2024_25,0022400286,CHA,MIA,192,217.5,,,,,,,263,insufficient_training_data
only_ratings_and_pace,2024-11-27,2024_25,0022400292,DAL,NYK,243,234.5,,,,,,,263,insufficient_training_data
only_ratings_and_pace,2024-11-27,2024_25,0022400290,PHI,HOU,237,217.83333333333334,,,,,,,263,insufficient_training_data
only_ratings_and_pace,2024-11-27,2024_25,0022400287,CLE,ATL,259,240.5,,,,,,,263,insufficient_training_data
only_ratings_and_pace,2024-11-27,2024_25,0022400294,MIN,SAC,219,221.66666666666666,,,,,,,263,insufficient_training_data
only_ratings_and_pace,2024-11-27,2024_25,0022400299,GSW,OKC,206,230.33333333333334,,,,,,,263,insufficient_training_data
only_ratings_and_pace,2024-11-27,2024_25,0022400298,UTA,DEN,225,231.5,,,,,,,263,insufficient_training_data
only_ratings_and_pace,2024-11-27,2024_25,0022400293,MEM,DET,242,225.16666666666666,,,,,,,263,insufficient_training_data
only_ratings_and_pace,2024-11-27,2024_25,0022400296,SAS,LAL,220,226.66666666666666,,,,,,,263,insufficient_training_data
only_ratings_and_pace,2024-11-27,2024_25,0022400297,PHX,BKN,244,219.33333333333334,,,,,,,263,insufficient_training_data
only_ratings_and_pace,2024-11-27,2024_25,0022400295,NOP,TOR,212,222.33333333333334,,,,,,,263,insufficient_training_data
only_ratings_and_pace,2024-11-29,2024_25,0022400044,MIN,LAC,185,216.66666666666666,,,,,,,277,insufficient_training_data
only_ratings_and_pace,2024-11-29,2024_25,0022400041,ATL,CLE,218,246.83333333333334,,,,,,,277,insufficient_training_data
only_ratings_and_pace,2024-11-29,2024_25,0022400042,MEM,NOP,229,230.16666666666666,,,,,,,277,insufficient_training_data
only_ratings_and_pace,2024-11-29,2024_25,0022400043,BKN,ORL,223,209.66666666666666,,,,,,,277,insufficient_training_data
only_ratings_and_pace,2024-11-29,2024_25,0022400040,CHA,NYK,197,222.83333333333334,,,,,,,277,insufficient_training_data
only_ratings_and_pace,2024-11-29,2024_25,0022400049,POR,SAC,221,223.33333333333334,,,,,,,277,insufficient_training_data
only_ratings_and_pace,2024-11-29,2024_25,0022400047,CHI,BOS,267,242.5,,,,,,,277,insufficient_training_data
only_ratings_and_pace,2024-11-29,2024_25,0022400048,LAL,OKC,194,231.5,,,,,,,277,insufficient_training_data
only_ratings_and_pace,2024-11-29,2024_25,0022400046,MIA,TOR,232,219.5,,,,,,,277,insufficient_training_data
only_ratings_and_pace,2024-11-29,2024_25,0022400045,IND,DET,236,231.0,,,,,,,277,insufficient_training_data
only_ratings_and_pace,2024-11-30,2024_25,0022400300,CHA,ATL,211,227.16666666666666,,,,,,,287,insufficient_training_data
only_ratings_and_pace,2024-11-30,2024_25,0022400301,DET,PHI,207,217.16666666666666,,,,,,,287,insufficient_training_data
only_ratings_and_pace,2024-11-30,2024_25,0022400302,MIL,WAS,238,230.5,,,,,,,287,insufficient_training_data
only_ratings_and_pace,2024-11-30,2024_25,0022400303,PHX,GSW,218,231.66666666666666,,,,,,,287,insufficient_training_data
only_ratings_and_pace,2024-11-30,2024_25,0022400304,UTA,DAL,200,233.16666666666666,,,,,,,287,insufficient_training_data
only_ratings_and_pace,2024-12-01,2024_25,0022400309,TOR,MIA,235,222.0,,,,,,,292,insufficient_training_data
only_ratings_and_pace,2024-12-01,2024_25,0022400306,MEM,IND,257,242.0,,,,,,,292,insufficient_training_data
only_ratings_and_pace,2024-12-01,2024_25,0022400307,CLE,BOS,226,236.66666666666666,,,,,,,292,insufficient_training_data
only_ratings_and_pace,2024-12-01,2024_25,0022400308,NYK,NOP,203,226.16666666666666,,,,,,,292,insufficient_training_data
only_ratings_and_pace,2024-12-01,2024_25,0022400305,BKN,ORL,192,209.66666666666666,,,,,,,292,insufficient_training_data
only_ratings_and_pace,2024-12-01,2024_25,0022400310,HOU,OKC,235,219.5,,,,,,,292,insufficient_training_data
only_ratings_and_pace,2024-12-01,2024_25,0022400312,POR,DAL,268,228.33333333333334,,,,,,,292,insufficient_training_data
only_ratings_and_pace,2024-12-01,2024_25,0022400313,SAC,SAS,252,225.5,,,,,,,292,insufficient_training_data
only_ratings_and_pace,2024-12-01,2024_25,0022400314,LAC,DEN,248,223.16666666666666,,,,,,,292,insufficient_training_data
only_ratings_and_pace,2024-12-01,2024_25,0022400311,UTA,LAL,209,231.33333333333334,,,,,,,292,insufficient_training_data
only_ratings_and_pace,2024-12-02,2024_25,0022400315,ATL,NOP,236,227.66666666666666,,,,,,,302,insufficient_training_data
only_ratings_and_pace,2024-12-02,2024_25,0022400316,BOS,MIA,197,220.5,,,,,,,302,insufficient_training_data
only_ratings_and_pace,2024-12-02,2024_25,0022400317,CHI,BKN,230,233.5,,,,,,,302,insufficient_training_data
only_ratings_and_pace,2024-12-02,2024_25,0022400318,MIN,LAL,189,221.33333333333334,,,,,,,302,insufficient_training_data
only_ratings_and_pace,2024-12-03,2024_25,0022400055,OKC,UTA,239,222.5,,,,,,,306,insufficient_training_data
only_ratings_and_pace,2024-12-03,2024_25,0022400050,CHA,PHI,214,209.0,,,,,,,306,insufficient_training_data
only_ratings_and_pace,2024-12-03,2024_25,0022400052,DET,MIL,235,221.66666666666666,,,,,,,306,insufficient_training_data
only_ratings_and_pace,2024-12-03,2024_25,0022400053,NYK,ORL,227,216.0,,,,,,,306,insufficient_training_data
only_ratings_and_pace,2024-12-03,2024_25,0022400054,TOR,IND,233,238.66666666666666,,,,,,,306,insufficient_training_data
only_ratings_and_pace,2024-12-03,2024_25,0022400058,DEN,GSW,234,239.0,,,,,,,306,insufficient_training_data
only_ratings_and_pace,2024-12-03,2024_25,0022400056,DAL,MEM,237,241.66666666666666,,,,,,,306,insufficient_training_data
only_ratings_and_pace,2024-12-03,2024_25,0022400057,PHX,SAS,197,230.0,,,,,,,306,insufficient_training_data
only_ratings_and_pace,2024-12-03,2024_25,0022400060,LAC,POR,232,218.33333333333334,,,,,,,306,insufficient_training_data
only_ratings_and_pace,2024-12-03,2024_25,0022400059,SAC,HOU,231,225.16666666666666,,,,,,,306,insufficient_training_data
only_ratings_and_pace,2024-12-03,2024_25,0022400051,CLE,WAS,205,234.66666666666666,,,,,,,306,insufficient_training_data
only_ratings_and_pace,2024-12-04,2024_25,0022400321,MIA,LAL,227,217.33333333333334,,,,,,,317,insufficient_training_data
only_ratings_and_pace,2024-12-04,2024_25,0022400319,BOS,DET,250,221.0,,,,,,,317,insufficient_training_data
only_ratings_and_pace,2024-12-04,2024_25,0022400320,BKN,IND,189,226.66666666666666,,,,,,,317,insufficient_training_data
only_ratings_and_pace,2024-12-04,2024_25,0022400324,LAC,MIN,188,211.33333333333334,,,,,,,317,insufficient_training_data
only_ratings_and_pace,2024-12-04,2024_25,0022400323,MIL,ATL,223,236.16666666666666,,,,,,,317,insufficient_training_data
only_ratings_and_pace,2024-12-04,2024_25,0022400322,PHI,ORL,208,208.16666666666666,,,,,,,317,insufficient_training_data
only_ratings_and_pace,2024-12-05,2024_25,0022400331,SAS,CHI,263,236.5,,,,,,,323,insufficient_training_data
only_ratings_and_pace,2024-12-05,2024_25,0022400330,NOP,PHX,250,221.0,,,,,,,323,insufficient_training_data
only_ratings_and_pace,2024-12-05,2024_25,0022400329,MEM,SAC,225,242.5,,,,,,,323,insufficient_training_data
only_ratings_and_pace,2024-12-05,2024_25,0022400332,GSW,HOU,192,220.16666666666666,,,,,,,323,insufficient_training_data
only_ratings_and_pace,2024-12-05,2024_25,0022400327,NYK,CHA,226,217.16666666666666,,,,,,,323,insufficient_training_data
only_ratings_and_pace,2024-12-05,2024_25,0022400326,WAS,DAL,238,235.16666666666666,,,,,,,323,insufficient_training_data
only_ratings_and_pace,2024-12-05,2024_25,0022400325,CLE,DEN,240,237.5,,,,,,,323,insufficient_training_data
only_ratings_and_pace,2024-12-05,2024_25,0022400328,TOR,OKC,221,226.66666666666666,,,,,,,323,insufficient_training_data
only_ratings_and_pace,2024-12-06,2024_25,0022400339,POR,UTA,240,225.83333333333334,,,,,,,331,insufficient_training_data
only_ratings_and_pace,2024-12-06,2024_25,0022400338,GSW,MIN,197,220.16666666666666,,,,,,,331,insufficient_training_data
only_ratings_and_pace,2024-12-06,2024_25,0022400336,CHI,IND,255,247.66666666666666,,,,,,,331,insufficient_training_data
only_ratings_and_pace,2024-12-06,2024_25,0022400337,SAS,SAC,253,227.16666666666666,,,,,,,331,insufficient_training_data
only_ratings_and_pace,2024-12-06,2024_25,0022400334,ATL,LAL,266,231.33333333333334,,,,,,,331,insufficient_training_data
only_ratings_and_pace,2024-12-06,2024_25,0022400333,PHI,ORL,196,210.16666666666666,,,,,,,331,insufficient_training_data
only_ratings_and_pace,2024-12-06,2024_25,0022400335,BOS,MIL,216,229.33333333333334,,,,,,,331,insufficient_training_data
only_ratings_and_pace,2024-12-07,2024_25,0022400344,TOR,DAL,243,234.5,,,,,,,338,insufficient_training_data
only_ratings_and_pace,2024-12-07,2024_25,0022400345,BOS,MEM,248,237.16666666666666,,,,,,,338,insufficient_training_data
only_ratings_and_pace,2024-12-07,2024_25,0022400343,NYK,DET,231,225.66666666666666,,,,,,,338,insufficient_training_data
only_ratings_and_pace,2024-12-07,2024_25,0022400346,MIA,PHX,232,220.0,,,,,,,338,insufficient_training_data
only_ratings_and_pace,2024-12-07,2024_25,0022400341,WAS,DEN,235,231.16666666666666,,,,,,,338,insufficient_training_data
only_ratings_and_pace,2024-12-07,2024_25,0022400340,CHA,CLE,218,219.16666666666666,,,,,,,338,insufficient_training_data
only_ratings_and_pace,2024-12-07,2024_25,0022400342,NOP,OKC,228,224.16666666666666,,,,,,,338,insufficient_training_data
only_ratings_and_pace,2024-12-08,2024_25,0022400352,ORL,PHX,225,211.16666666666666,,,,,,,345,insufficient_training_data
only_ratings_and_pace,2024-12-08,2024_25,0022400348,BKN,MIL,231,218.66666666666666,,,,,,,345,insufficient_training_data
only_ratings_and_pace,2024-12-08,2024_25,0022400349,IND,CHA,222,221.16666666666666,,,,,,,345,insufficient_training_data
only_ratings_and_pace,2024-12-08,2024_25,0022400351,MIA,CLE,235,224.0,,,,,,,345,insufficient_training_data
only_ratings_and_pace,2024-12-08,2024_25,0022400350,ATL,DEN,252,241.16666666666666,,,,,,,345,insufficient_training_data
only_ratings_and_pace,2024-12-08,2024_25,0022400347,CHI,PHI,208,232.5,,,,,,,345,insufficient_training_data
only_ratings_and_pace,2024-12-08,2024_25,0022400354,SAS,NOP,237,225.83333333333334,,,,,,,345,insufficient_training_data
only_ratings_and_pace,2024-12-08,2024_25,0022400355,GSW,MIN,220,216.0,,,,,,,345,insufficient_training_data
only_ratings_and_pace,2024-12-08,2024_25,0022400356,LAC,HOU,223,215.5,,,,,,,345,insufficient_training_data
only_ratings_and_pace,2024-12-08,2024_25,0022400357,SAC,UTA,238,230.5,,,,,,,345,insufficient_training_data
only_ratings_and_pace,2024-12-08,2024_25,0022400358,LAL,POR,205,225.5,,,,,,,345,insufficient_training_data
only_ratings_and_pace,2024-12-08,2024_25,0022400353,WAS,MEM,252,242.0,,,,,,,345,insufficient_training_data
only_ratings_and_pace,2024-12-09,2024_25,0022400359,TOR,NYK,221,231.0,,,,,,,357,insufficient_training_data
only_ratings_and_pace,2024-12-10,2024_25,0022401203,OKC,DAL,222,231.33333333333334,,,,,,,358,insufficient_training_data
only_ratings_and_pace,2024-12-10,2024_25,0022401201,MIL,ORL,223,213.16666666666666,,,,,,,358,insufficient_training_data
only_ratings_and_pace,2024-12-11,2024_25,0022401204,HOU,GSW,181,222.16666666666666,,,,,,,360,insufficient_training_data
only_ratings_and_pace,2024-12-11,2024_25,0022401202,NYK,ATL,208,236.16666666666666,,,,,,,360,insufficient_training_data
only_ratings_and_pace,2024-12-12,2024_25,0022401207,NOP,SAC,220,231.66666666666666,,,,,,,362,insufficient_training_data
only_ratings_and_pace,2024-12-12,2024_25,0022401206,MIA,TOR,218,224.0,,,,,,,362,insufficient_training_data
only_ratings_and_pace,2024-12-12,2024_25,0022401205,BOS,DET,222,227.5,,,,,,,362,insufficient_training_data
only_ratings_and_pace,2024-12-13,2024_25,0022401213,DEN,LAC,218,228.33333333333334,,,,,,,365,insufficient_training_data
only_ratings_and_pace,2024-12-13,2024_25,0022401215,POR,SAS,234,224.66666666666666,,,,,,,365,insufficient_training_data
only_ratings_and_pace,2024-12-13,2024_25,0022401214,UTA,PHX,260,231.33333333333334,,,,,,,365,insufficient_training_data
only_ratings_and_pace,2024-12-13,2024_25,0022401212,CHI,CHA,204,231.16666666666666,,,,,,,365,insufficient_training_data
only_ratings_and_pace,2024-12-13,2024_25,0022401209,PHI,IND,228,225.66666666666666,,,,,,,365,insufficient_training_data
only_ratings_and_pace,2024-12-13,2024_25,0022401210,MIN,LAL,184,214.0,,,,,,,365,insufficient_training_data
only_ratings_and_pace,2024-12-13,2024_25,0022401211,MEM,BKN,254,230.5,,,,,,,365,insufficient_training_data
only_ratings_and_pace,2024-12-13,2024_25,0022401208,CLE,WAS,220,232.5,,,,,,,365,insufficient_training_data
only_ratings_and_pace,2024-12-15,2024_25,0022401228,GSW,DAL,276,229.83333333333334,,,,,,,373,insufficient_training_data
only_ratings_and_pace,2024-12-15,2024_25,0022401227,ORL,NYK,191,215.33333333333334,,,,,,,373,insufficient_training_data
only_ratings_and_pace,2024-12-15,2024_25,0022401219,PHX,POR,225,229.0,,,,,,,373,insufficient_training_data
only_ratings_and_pace,2024-12-15,2024_25,0022401220,LAL,MEM,226,232.5,,,,,,,373,insufficient_training_data
only_ratings_and_pace,2024-12-15,2024_25,0022401217,WAS,BOS,210,229.83333333333334,,,,,,,373,insufficient_training_data
only_ratings_and_pace,2024-12-15,2024_25,0022401216,IND,NOP,223,228.5,,,,,,,373,insufficient_training_data
only_ratings_and_pace,2024-12-15,2024_25,0022401218,SAS,MIN,198,214.5,,,,,,,373,insufficient_training_data
only_ratings_and_pace,2024-12-16,2024_25,0022401226,LAC,UTA,251,224.16666666666666,,,,,,,380,insufficient_training_data
only_ratings_and_pace,2024-12-16,2024_25,0022401225,SAC,DEN,259,238.33333333333334,,,,,,,380,insufficient_training_data
only_ratings_and_pace,2024-12-16,2024_25,0022401224,BKN,CLE,231,218.66666666666666,,,,,,,380,insufficient_training_data
only_ratings_and_pace,2024-12-16,2024_25,0022401221,DET,MIA,249,218.33333333333334,,,,,,,380,insufficient_training_data
only_ratings_and_pace,2024-12-16,2024_25,0022401222,CHA,PHI,229,214.5,,,,,,,380,insufficient_training_data
only_ratings_and_pace,2024-12-16,2024_25,0022401223,TOR,CHI,243,238.5,,,,,,,380,insufficient_training_data
only_ratings_and_pace,2024-12-19,2024_25,0022400364,TOR,BKN,195,218.16666666666666,,,,,,,386,insufficient_training_data
only_ratings_and_pace,2024-12-19,2024_25,0022400366,MEM,GSW,237,235.66666666666666,,,,,,,386,insufficient_training_data
only_ratings_and_pace,2024-12-19,2024_25,0022400360,DET,UTA,245,227.83333333333334,,,,,,,386,insufficient_training_data
only_ratings_and_pace,2024-12-19,2024_25,0022400362,WAS,CHA,237,223.5,,,,,,,386,insufficient_training_data
only_ratings_and_pace,2024-12-19,2024_25,0022400363,BOS,CHI,225,242.33333333333334,,,,,,,386,insufficient_training_data
only_ratings_and_pace,2024-12-19,2024_25,0022400365,HOU,NOP,246,217.16666666666666,,,,,,,386,insufficient_training_data
only_ratings_and_pace,2024-12-19,2024_25,0022400372,SAC,LAL,213,229.0,,,,,,,386,insufficient_training_data
only_ratings_and_pace,2024-12-19,2024_25,0022400367,MIN,NYK,240,214.33333333333334,,,,,,,386,insufficient_training_data
only_ratings_and_pace,2024-12-19,2024_25,0022400369,PHX,IND,231,234.5,,,,,,,386,insufficient_training_data
only_ratings_and_pace,2024-12-19,2024_25,0022400370,SAS,ATL,259,233.5,,,,,,,386,insufficient_training_data
only_ratings_and_pace,2024-12-19,2024_25,0022400371,POR,DEN,250,235.5,,,,,,,386,insufficient_training_data
only_ratings_and_pace,2024-12-19,2024_25,0022400368,DAL,LAC,213,223.66666666666666,,,,,,,386,insufficient_training_data
only_ratings_and_pace,2024-12-19,2024_25,0022400361,ORL,OKC,204,210.5,,,,,,,386,insufficient_training_data
only_ratings_and_pace,2024-12-20,2024_25,0022400373,PHI,CHA,206,217.83333333333334,,,,,,,399,insufficient_training_data
only_ratings_and_pace,2024-12-20,2024_25,0022400374,CLE,MIL,225,223.66666666666666,,,,,,,399,insufficient_training_data
only_ratings_and_pace,2024-12-20,2024_25,0022400375,MIA,OKC,201,214.83333333333334,,,,,,,399,insufficient_training_data
only_ratings_and_pace,2024-12-21,2024_25,0022400379,BKN,UTA,199,221.5,,,,,,,402,insufficient_training_data
only_ratings_and_pace,2024-12-21,2024_25,0022400376,SAC,LAL,202,228.0,,,,,,,402,insufficient_training_data
only_ratings_and_pace,2024-12-21,2024_25,0022400387,PHX,DET,258,225.83333333333334,,,,,,,402,insufficient_training_data
only_ratings_and_pace,2024-12-21,2024_25,0022400378,ATL,MEM,240,241.5,,,,,,,402,insufficient_training_data
only_ratings_and_pace,2024-12-21,2024_25,0022400380,CLE,PHI,225,221.33333333333334,,,,,,,402,insufficient_training_data
only_ratings_and_pace,2024-12-21,2024_25,0022400381,CHI,BOS,221,243.0,,,,,,,402,insufficient_training_data
only_ratings_and_pace,2024-12-21,2024_25,0022400382,MIL,WAS,213,224.5,,,,,,,402,insufficient_training_data
only_ratings_and_pace,2024-12-21,2024_25,0022400386,SAS,POR,208,227.5,,,,,,,402,insufficient_training_data
only_ratings_and_pace,2024-12-21,2024_25,0022400385,DAL,LAC,210,221.33333333333334,,,,,,,402,insufficient_training_data
only_ratings_and_pace,2024-12-21,2024_25,0022400377,ORL,MIA,235,208.5,,,,,,,402,insufficient_training_data
only_ratings_and_pace,2024-12-21,2024_25,0022400383,MIN,GSW,216,213.33333333333334,,,,,,,402,insufficient_training_data
only_ratings_and_pace,2024-12-21,2024_25,0022400384,NOP,NYK,197,226.33333333333334,,,,,,,402,insufficient_training_data
only_ratings_and_pace,2024-12-22,2024_25,0022400389,SAC,IND,217,235.83333333333334,,,,,,,414,insufficient_training_data
only_ratings_and_pace,2024-12-22,2024_25,0022400390,NOP,DEN,261,232.0,,,,,,,414,insufficient_training_data
only_ratings_and_pace,2024-12-22,2024_25,0022400388,TOR,HOU,224,223.0,,,,,,,414,insufficient_training_data
only_ratings_and_pace,2024-12-23,2024_25,0022400397,NYK,TOR,264,227.16666666666666,,,,,,,417,insufficient_training_data
only_ratings_and_pace,2024-12-23,2024_25,0022400391,CHA,HOU,215,218.5,,,,,,,417,insufficient_training_data
only_ratings_and_pace,2024-12-23,2024_25,0022400392,CLE,UTA,237,232.33333333333334,,,,,,,417,insufficient_training_data
only_ratings_and_pace,2024-12-23,2024_25,0022400393,ORL,BOS,212,215.0,,,,,,,417,insufficient_training_data
only_ratings_and_pace,2024-12-23,2024_25,0022400394,PHI,SAS,217,217.0,,,,,,,417,insufficient_training_data
only_ratings_and_pace,2024-12-23,2024_25,0022400395,ATL,MIN,221,222.16666666666666,,,,,,,417,insufficient_training_data
only_ratings_and_pace,2024-12-23,2024_25,0022400396,MIA,BKN,205,214.5,,,,,,,417,insufficient_training_data
only_ratings_and_pace,2024-12-23,2024_25,0022400398,CHI,MIL,203,233.33333333333334,,,,,,,417,insufficient_training_data
only_ratings_and_pace,2024-12-23,2024_25,0022400399,MEM,LAC,224,230.5,,,,,,,417,insufficient_training_data
only_ratings_and_pace,2024-12-23,2024_25,0022400403,GSW,IND,216,231.0,,,,,,,417,insufficient_training_data
only_ratings_and_pace,2024-12-23,2024_25,0022400404,LAL,DET,231,223.83333333333334,,,,,,,417,insufficient_training_data
only_ratings_and_pace,2024-12-23,2024_25,0022400401,DAL,POR,240,228.66666666666666,,,,,,,417,insufficient_training_data
only_ratings_and_pace,2024-12-23,2024_25,0022400400,OKC,WAS,228,222.33333333333334,,,,,,,417,insufficient_training_data
only_ratings_and_pace,2024-12-23,2024_25,0022400402,DEN,PHX,207,232.5,,,,,,,417,insufficient_training_data
only_ratings_and_pace,2024-12-25,2024_25,0022400407,BOS,PHI,232,221.5,,,,,,,431,insufficient_training_data
only_ratings_and_pace,2024-12-25,2024_25,0022400408,GSW,LAL,228,222.33333333333334,,,,,,,431,insufficient_training_data
only_ratings_and_pace,2024-12-25,2024_25,0022400405,NYK,SAS,231,223.5,,,,,,,431,insufficient_training_data
only_ratings_and_pace,2024-12-25,2024_25,0022400409,PHX,DEN,210,232.5,,,,,,,431,insufficient_training_data
only_ratings_and_pace,2024-12-25,2024_25,0022400406,DAL,MIN,204,221.33333333333334,,,,,,,431,insufficient_training_data
only_ratings_and_pace,2024-12-26,2024_25,0022400416,NOP,HOU,239,220.5,,,,,,,436,insufficient_training_data
only_ratings_and_pace,2024-12-26,2024_25,0022400418,SAC,DET,227,227.33333333333334,,,,,,,436,insufficient_training_data
only_ratings_and_pace,2024-12-26,2024_25,0022400417,POR,UTA,242,228.5,,,,,,,436,insufficient_training_data
only_ratings_and_pace,2024-12-26,2024_25,0022400415,MIL,BKN,216,213.16666666666666,,,,,,,436,insufficient_training_data
only_ratings_and_pace,2024-12-26,2024_25,0022400412,WAS,CHA,223,227.16666666666666,,,,,,,436,insufficient_training_data
only_ratings_and_pace,2024-12-26,2024_25,0022400413,ATL,CHI,274,242.83333333333334,,,,,,,436,insufficient_training_data
only_ratings_and_pace,2024-12-26,2024_25,0022400411,ORL,MIA,177,208.33333333333334,,,,,,,436,insufficient_training_data
only_ratings_and_pace,2024-12-26,2024_25,0022400410,IND,OKC,234,226.83333333333334,,,,,,,436,insufficient_training_data
only_ratings_and_pace,2024-12-26,2024_25,0022400414,MEM,TOR,281,238.5,,,,,,,436,insufficient_training_data
only_ratings_and_pace,2024-12-27,2024_25,0022400422,HOU,MIN,225,213.33333333333334,,,,,,,445,insufficient_training_data
only_ratings_and_pace,2024-12-27,2024_25,0022400419,ORL,NYK,193,212.0,,,,,,,445,insufficient_training_data
only_ratings_and_pace,2024-12-27,2024_25,0022400420,BOS,IND,247,232.5,,,,,,,445,insufficient_training_data
only_ratings_and_pace,2024-12-27,2024_25,0022400421,BKN,SAS,183,214.33333333333334,,,,,,,445,insufficient_training_data
only_ratings_and_pace,2024-12-27,2024_25,0022400425,PHX,DAL,187,225.33333333333334,,,,,,,445,insufficient_training_data
only_ratings_and_pace,2024-12-27,2024_25,0022400423,NOP,MEM,256,239.0,,,,,,,445,insufficient_training_data
only_ratings_and_pace,2024-12-27,2024_25,0022400424,DEN,CLE,284,236.5,,,,,,,445,insufficient_training_data
only_ratings_and_pace,2024-12-27,2024_25,0022400426,LAC,GSW,194,214.0,,,,,,,445,insufficient_training_data
only_ratings_and_pace,2024-12-28,2024_25,0022400432,DEN,DET,255,230.83333333333334,,,,,,,453,insufficient_training_data
only_ratings_and_pace,2024-12-28,2024_25,0022400434,POR,DAL,248,224.0,,,,,,,453,insufficient_training_data
only_ratings_and_pace,2024-12-28,2024_25,0022400433,UTA,PHI,225,222.66666666666666,,,,,,,453,insufficient_training_data
only_ratings_and_pace,2024-12-28,2024_25,0022400431,GSW,PHX,214,219.33333333333334,,,,,,,453,insufficient_training_data
only_ratings_and_pace,2024-12-28,2024_25,0022400435,LAL,SAC,254,223.0,,,,,,,453,insufficient_training_data
only_ratings_and_pace,2024-12-28,2024_25,0022400429,WAS,NYK,268,228.0,,,,,,,453,insufficient_training_data
only_ratings_and_pace,2024-12-28,2024_25,0022400428,CHA,OKC,200,219.0,,,,,,,453,insufficient_training_data
only_ratings_and_pace,2024-12-28,2024_25,0022400427,ATL,MIA,230,225.33333333333334,,,,,,,453,insufficient_training_data
only_ratings_and_pace,2024-12-28,2024_25,0022400430,CHI,MIL,227,229.5,,,,,,,453,insufficient_training_data
only_ratings_and_pace,2024-12-29,2024_25,0022400441,MIN,SAS,222,214.33333333333334,,,,,,,462,insufficient_training_data
only_ratings_and_pace,2024-12-29,2024_25,0022400439,HOU,MIA,204,216.5,,,,,,,462,insufficient_training_data
only_ratings_and_pace,2024-12-29,2024_25,0022400440,OKC,MEM,236,230.0,,,,,,,462,insufficient_training_data
only_ratings_and_pace,2024-12-29,2024_25,0022400437,BOS,IND,237,233.66666666666666,,,,,,,462,insufficient_training_data
only_ratings_and_pace,2024-12-29,2024_25,0022400436,ORL,BKN,203,204.5,,,,,,,462,insufficient_training_data
only_ratings_and_pace,2024-12-29,2024_25,0022400438,TOR,ATL,243,237.33333333333334,,,,,,,462,insufficient_training_data
only_ratings_and_pace,2024-12-30,2024_25,0022400448,SAC,DAL,210,230.0,,,,,,,468,insufficient_training_data
only_ratings_and_pace,2024-12-30,2024_25,0022400447,POR,PHI,228,222.33333333333334,,,,,,,468,insufficient_training_data
only_ratings_and_pace,2024-12-30,2024_25,0022400446,GSW,CLE,208,231.16666666666666,,,,,,,468,insufficient_training_data
only_ratings_and_pace,2024-12-30,2024_25,0022400445,UTA,DEN,253,240.0,,,,,,,468,insufficient_training_data
only_ratings_and_pace,2024-12-30,2024_25,0022400444,NOP,LAC,229,220.83333333333334,,,,,,,468,insufficient_training_data
only_ratings_and_pace,2024-12-30,2024_25,0022400443,WAS,NYK,232,230.16666666666666,,,,,,,468,insufficient_training_data
only_ratings_and_pace,2024-12-30,2024_25,0022400442,CHA,CHI,223,226.33333333333334,,,,,,,468,insufficient_training_data
only_ratings_and_pace,2024-12-31,2024_25,0022400454,LAL,CLE,232,229.0,,,,,,,475,insufficient_training_data
only_ratings_and_pace,2024-12-31,2024_25,0022400453,PHX,MEM,229,235.5,,,,,,,475,insufficient_training_data
only_ratings_and_pace,2024-12-31,2024_25,0022400452,OKC,MIN,218,216.16666666666666,,,,,,,475,insufficient_training_data
only_ratings_and_pace,2024-12-31,2024_25,0022400450,IND,MIL,232,230.16666666666666,,,,,,,475,insufficient_training_data
only_ratings_and_pace,2024-12-31,2024_25,0022400449,BOS,TOR,196,233.16666666666666,,,,,,,475,insufficient_training_data
only_ratings_and_pace,2024-12-31,2024_25,0022400451,SAS,LAC,208,217.16666666666666,,,,,,,475,insufficient_training_data
only_ratings_and_pace,2025-01-01,2024_25,0022400462,SAC,PHI,220,223.5,,,,,,,481,insufficient_training_data
only_ratings_and_pace,2025-01-01,2024_25,0022400461,DEN,ATL,259,246.33333333333334,,,,,,,481,insufficient_training_data
only_ratings_and_pace,2025-01-01,2024_25,0022400460,HOU,DAL,209,221.5,,,,,,,481,insufficient_training_data
only_ratings_and_pace,2025-01-01,2024_25,0022400459,TOR,BKN,243,221.5,,,,,,,481,insufficient_training_data
only_ratings_and_pace,2025-01-01,2024_25,0022400456,WAS,CHI,232,237.16666666666666,,,,,,,481,insufficient_training_data
only_ratings_and_pace,2025-01-01,2024_25,0022400457,MIA,NOP,227,222.16666666666666,,,,,,,481,insufficient_training_data
only_ratings_and_pace,2025-01-01,2024_25,0022400455,DET,ORL,201,211.5,,,,,,,481,insufficient_training_data
only_ratings_and_pace,2025-01-01,2024_25,0022400458,NYK,UTA,222,231.16666666666666,,,,,,,481,insufficient_training_data
only_ratings_and_pace,2025-01-02,2024_25,0022400467,GSW,PHI,244,217.66666666666666,,,,,,,489,insufficient_training_data
only_ratings_and_pace,2025-01-02,2024_25,0022400468,LAL,POR,220,225.0,,,,,,,489,insufficient_training_data
only_ratings_and_pace,2025-01-02,2024_25,0022400466,OKC,LAC,214,219.33333333333334,,,,,,,489,insufficient_training_data
only_ratings_and_pace,2025-01-02,2024_25,0022400463,MIA,IND,243,224.33333333333334,,,,,,,489,insufficient_training_data
only_ratings_and_pace,2025-01-02,2024_25,0022400464,MIN,BOS,233,219.5,,,,,,,489,insufficient_training_data
only_ratings_and_pace,2025-01-02,2024_25,0022400465,MIL,BKN,223,219.0,,,,,,,489,insufficient_training_data
only_ratings_and_pace,2025-01-03,2024_25,0022400477,LAL,ATL,221,231.33333333333334,,,,,,,495,insufficient_training_data
only_ratings_and_pace,2025-01-03,2024_25,0022400476,SAC,MEM,271,238.5,,,,,,,495,insufficient_training_data
only_ratings_and_pace,2025-01-03,2024_25,0022400475,DEN,SAS,223,236.5,,,,,,,495,insufficient_training_data
only_ratings_and_pace,2025-01-03,2024_25,0022400474,DAL,CLE,256,230.5,,,,,,,495,insufficient_training_data
only_ratings_and_pace,2025-01-03,2024_25,0022400470,TOR,ORL,203,216.33333333333334,,,,,,,495,insufficient_training_data
only_ratings_and_pace,2025-01-03,2024_25,0022400472,NOP,WAS,252,232.66666666666666,,,,,,,495,insufficient_training_data
only_ratings_and_pace,2025-01-03,2024_25,0022400471,HOU,BOS,195,220.66666666666666,,,,,,,495,insufficient_training_data
only_ratings_and_pace,2025-01-03,2024_25,0022400469,DET,CHA,192,216.5,,,,,,,495,insufficient_training_data
only_ratings_and_pace,2025-01-03,2024_25,0022400473,OKC,NYK,224,221.66666666666666,,,,,,,495,insufficient_training_data
only_ratings_and_pace,2025-01-04,2024_25,0022400480,IND,PHX,234,233.5,2.535826144944481,236.03582614494448,2.5358261449444797,-2.035826144944481,2.0358261449444797,4.144588092439501,504,
only_ratings_and_pace,2025-01-04,2024_25,0022400482,CHI,NYK,265,234.83333333333334,2.2858686262371224,237.11920195957046,2.285868626237118,27.880798040429536,27.88079804042954,777.3388993712197,504,
only_ratings_and_pace,2025-01-04,2024_25,0022400478,BKN,PHI,217,214.33333333333334,-1.3164564502887661,213.01687688304457,-1.3164564502887686,3.983123116955423,3.9831231169554258,15.865269764824706,504,
only_ratings_and_pace,2025-01-04,2024_25,0022400481,MIA,UTA,236,223.5,-1.6561235608216822,221.84387643917833,-1.6561235608216691,14.156123560821682,14.15612356082167,200.39583426925037,504,
only_ratings_and_pace,2025-01-04,2024_25,0022400485,GSW,MEM,234,234.16666666666666,1.4417909479186757,235.60845761458532,1.441790947918662,-1.6084576145853329,1.608457614585319,2.587135897917495,504,
only_ratings_and_pace,2025-01-04,2024_25,0022400483,MIL,POR,207,227.33333333333334,-0.5007978559709557,226.8325354773624,-0.5007978559709443,-19.832535477362388,19.8325354773624,393.32946346083816,504,
only_ratings_and_pace,2025-01-04,2024_25,0022400486,LAC,ATL,236,227.83333333333334,0.4368699398832733,228.27020327321662,0.43686993988328027,7.729796726783384,7.729796726783377,59.74975743739101,504,
only_ratings_and_pace,2025-01-04,2024_25,0022400479,DET,MIN,224,217.66666666666666,2.4339313038757155,220.10059797054237,2.4339313038757098,3.8994020294576273,3.899402029457633,15.205336187338307,504,
only_ratings_and_pace,2025-01-04,2024_25,0022400484,SAS,DEN,233,237.0,1.1954944231713092,238.1954944231713,1.1954944231713114,-5.19549442317131,5.195494423171311,26.993162301204197,504,
only_ratings_and_pace,2025-01-05,2024_25,0022400492,GSW,SAC,228,225.33333333333334,1.139803512676365,226.4731368460097,1.139803512676366,1.5268631539902922,1.5268631539902913,2.33131109101318,513,
only_ratings_and_pace,2025-01-05,2024_25,0022400490,ORL,UTA,197,212.16666666666666,3.892421896928603,216.05908856359525,3.892421896928596,-19.05908856359526,19.059088563595253,363.2488568749674,513,
only_ratings_and_pace,2025-01-05,2024_25,0022400491,HOU,LAL,234,218.33333333333334,-0.03490240564071535,218.29843092769264,-0.03490240564070746,15.701569072307372,15.701569072307365,246.53927133243914,513,
only_ratings_and_pace,2025-01-05,2024_25,0022400489,WAS,NOP,208,235.16666666666666,2.0289264492772583,237.19559311594392,2.0289264492772645,-29.195593115943915,29.19559311594392,852.3826573917521,513,
only_ratings_and_pace,2025-01-05,2024_25,0022400487,OKC,BOS,197,221.5,6.144741000665784,227.6447410006658,6.144741000665789,-30.644741000665782,30.64474100066579,939.1001509978869,513,
only_ratings_and_pace,2025-01-05,2024_25,0022400488,CLE,CHA,220,223.0,-5.550145654879039,217.44985434512097,-5.5501456548790316,2.5501456548790387,2.5501456548790316,6.503242861098404,513,
only_ratings_and_pace,2025-01-06,2024_25,0022400498,CHI,SAS,224,236.5,3.359873547140241,239.85987354714024,3.3598735471402392,-15.859873547140241,15.85987354714024,251.5355889312787,519,
only_ratings_and_pace,2025-01-06,2024_25,0022400496,NYK,ORL,197,210.0,-3.293911550585902,206.7060884494141,-3.2939115505859036,-9.706088449414098,9.706088449414096,94.20815298784974,519,
only_ratings_and_pace,2025-01-06,2024_25,0022400493,DET,POR,233,225.5,0.841918134690066,226.34191813469008,0.8419181346900757,6.658081865309934,6.658081865309924,44.33005412516888,519,
only_ratings_and_pace,2025-01-06,2024_25,0022400494,PHI,PHX,208,223.33333333333334,1.4290289013651625,224.76236223469851,1.4290289013651716,-16.762362234698504,16.762362234698514,280.976787687247,519,
only_ratings_and_pace,2025-01-06,2024_25,0022400495,BKN,IND,212,222.83333333333334,-2.73166499903811,220.10166833429523,-2.7316649990381165,-8.101668334295233,8.101668334295226,65.63702979892199,519,
only_ratings_and_pace,2025-01-06,2024_25,0022400500,MIN,LAC,214,214.5,2.018857223926294,216.5188572239263,2.0188572239262896,-2.518857223926294,2.5188572239262896,6.344641714525655,519,
only_ratings_and_pace,2025-01-06,2024_25,0022400497,TOR,MIL,232,230.5,1.5689138281877297,232.06891382818773,1.568913828187732,-0.06891382818772973,0.06891382818773195,0.004749115715488239,519,
only_ratings_and_pace,2025-01-06,2024_25,0022400499,MEM,DAL,223,232.33333333333334,3.0927406697332294,235.42607400306656,3.0927406697332174,-12.426074003066573,12.42607400306656,154.4073151296866,519,
only_ratings_and_pace,2025-01-06,2024_25,0022400501,SAC,MIA,241,224.16666666666666,-5.433388654108061,218.7332780125586,-5.433388654108057,22.266721987441404,22.2667219874414,495.8069080660063,519,
only_ratings_and_pace,2025-01-07,2024_25,0022400506,UTA,ATL,245,235.83333333333334,1.5272067761995063,237.36054010953285,1.527206776199506,7.639459890467151,7.639459890467151,58.361347418056376,528,
only_ratings_and_pace,2025-01-07,2024_25,0022400507,DEN,BOS,224,235.5,7.179215665753463,242.67921566575347,7.179215665753475,-18.679215665753464,18.679215665753475,348.91309788773003,528,
only_ratings_and_pace,2025-01-07,2024_25,0022400508,GSW,MIA,212,218.5,1.9182103342621768,220.41821033426217,1.9182103342621701,-8.418210334262177,8.41821033426217,70.8662652318784,528,
only_ratings_and_pace,2025-01-07,2024_25,0022400504,DAL,LAL,215,219.5,-0.23896494622096573,219.26103505377904,-0.23896494622096043,-4.261035053779034,4.26103505377904,18.15641972953374,528,
only_ratings_and_pace,2025-01-07,2024_25,0022400503,WAS,HOU,247,225.33333333333334,5.645965282760144,230.97929861609347,5.64596528276013,16.020701383906513,16.020701383906527,256.6628728323045,528,
only_ratings_and_pace,2025-01-07,2024_25,0022400502,CHA,PHX,219,222.16666666666666,4.271546534012987,226.43821320067966,4.271546534012998,-7.438213200679644,7.438213200679655,55.32701561876508,528,
only_ratings_and_pace,2025-01-07,2024_25,0022400505,NOP,MIN,201,220.83333333333334,3.0711584369560536,223.90449177028938,3.07115843695604,-22.904491770289397,22.904491770289383,524.6157432552541,528,
only_ratings_and_pace,2025-01-08,2024_25,0022400509,CLE,OKC,251,227.83333333333334,-1.0604026430706934,226.77293069026265,-1.060402643070688,24.227069309737352,24.227069309737345,586.9508873388172,535,
only_ratings_and_pace,2025-01-08,2024_25,0022400510,IND,CHI,242,241.0,-0.8197332926076691,240.18026670739232,-0.8197332926076797,1.819733292607669,1.8197332926076797,3.311429256224787,535,
only_ratings_and_pace,2025-01-08,2024_25,0022400511,NYK,TOR,210,231.33333333333334,-9.275949909501305,222.05738342383205,-9.275949909501293,-12.057383423832038,12.05738342383205,145.38049502929988,535,
only_ratings_and_pace,2025-01-08,2024_25,0022400512,PHI,WAS,212,221.5,1.222704075597255,222.72270407559725,1.2227040755972496,-10.722704075597255,10.72270407559725,114.97638269282987,535,
only_ratings_and_pace,2025-01-08,2024_25,0022400513,BKN,DET,211,213.5,0.549060336944109,214.0490603369441,0.5490603369441089,-3.049060336944109,3.049060336944109,9.296768938325723,535,
only_ratings_and_pace,2025-01-08,2024_25,0022400515,DEN,LAC,229,227.5,1.6421733625057424,229.14217336250573,1.64217336250573,-0.14217336250574242,0.14217336250572998,0.02021326500618571,535,
only_ratings_and_pace,2025-01-08,2024_25,0022400514,NOP,POR,219,226.5,1.440498180319484,227.94049818031948,1.44049818031948,-8.940498180319484,8.94049818031948,79.93250771229593,535,
only_ratings_and_pace,2025-01-08,2024_25,0022400516,MIL,SAS,226,222.33333333333334,1.491943525705224,223.82527685903855,1.49194352570521,2.174723140961433,2.174723140961447,4.729420739833222,535,
only_ratings_and_pace,2025-01-09,2024_25,0022400517,CLE,TOR,258,234.66666666666666,-6.382306520238278,228.28436014642838,-6.382306520238274,29.71563985357162,29.715639853571616,883.0192519071737,543,
only_ratings_and_pace,2025-01-09,2024_25,0022400518,DET,GSW,211,219.33333333333334,0.17094827991833977,219.5042816132517,0.17094827991834904,-8.504281613251683,8.504281613251692,72.3228057574908,543,
only_ratings_and_pace,2025-01-09,2024_25,0022400519,ORL,MIN,193,204.0,3.603743904199778,207.60374390419977,3.6037439041997743,-14.603743904199778,14.603743904199774,213.26933601945206,543,
only_ratings_and_pace,2025-01-09,2024_25,0022400520,MEM,HOU,234,233.5,5.185790908719194,238.68579090871918,5.185790908719184,-4.685790908719194,4.685790908719184,21.956636440235357,543,
only_ratings_and_pace,2025-01-09,2024_25,0022400521,DAL,POR,228,219.66666666666666,1.0044802139859506,220.6711468806526,1.0044802139859428,7.328853119347392,7.3288531193474,53.71208804496811,543,
only_ratings_and_pace,2025-01-09,2024_25,0022400522,PHX,ATL,238,238.33333333333334,-2.2230009920979246,236.11033234123542,-2.223000992097923,1.8896676587645818,1.88966765876458,3.5708438605808093,543,
only_ratings_and_pace,2025-01-09,2024_25,0022400523,UTA,MIA,189,223.0,-0.5004101178566458,222.49958988214337,-0.5004101178566316,-33.499589882143354,33.49958988214337,1122.2225222718023,543,
only_ratings_and_pace,2025-01-10,2024_25,0022400528,BOS,SAC,211,229.66666666666666,1.3157259806548112,230.98239264732146,1.315725980654804,-19.98239264732147,19.98239264732146,399.2960159117268,550,
only_ratings_and_pace,2025-01-10,2024_25,0022400525,IND,GSW,204,223.83333333333334,-2.994311668317003,220.83902166501633,-2.9943116683170103,-16.83902166501634,16.839021665016332,283.5526506348894,550,
only_ratings_and_pace,2025-01-10,2024_25,0022400527,PHI,NOP,238,220.33333333333334,2.0602894532708107,222.39362278660414,2.060289453270798,15.606377213395847,15.60637721339586,243.55900972680152,550,
only_ratings_and_pace,2025-01-10,2024_25,0022400530,CHI,WAS,243,241.5,-0.3113623819550414,241.18863761804496,-0.3113623819550355,1.8113623819550413,1.8113623819550355,3.28103367876182,550,
only_ratings_and_pace,2025-01-10,2024_25,0022400529,NYK,OKC,227,225.0,0.9654551069009119,225.96545510690092,0.9654551069009187,1.0345448930990881,1.0345448930990813,1.0702831358373894,550,
only_ratings_and_pace,2025-01-10,2024_25,0022400531,DEN,BKN,229,220.5,-3.7532818600237396,216.74671813997625,-3.7532818600237476,12.25328186002374,12.253281860023748,150.14291634118703,550,
only_ratings_and_pace,2025-01-10,2024_25,0022400526,ORL,MIL,215,209.33333333333334,3.2603674745716775,212.593700807905,3.260367474571666,2.4062991920949797,2.406299192094991,5.790275801877008,550,
only_ratings_and_pace,2025-01-11,2024_25,0022400533,PHX,UTA,220,228.5,-2.415466693757547,226.08453330624246,-2.415466693757537,-6.084533306242453,6.084533306242463,37.02154555477384,557,
only_ratings_and_pace,2025-01-11,2024_25,0022400534,DET,TOR,237,230.33333333333334,3.0112800298478515,233.3446133631812,3.0112800298478533,3.6553866368188057,3.655386636818804,13.361851464633487,557,
only_ratings_and_pace,2025-01-11,2024_25,0022400535,MIN,MEM,252,230.0,0.9700714793767918,230.9700714793768,0.9700714793767986,21.02992852062321,21.0299285206232,442.25789358252115,557,
only_ratings_and_pace,2025-01-11,2024_25,0022400536,POR,MIA,217,218.83333333333334,-5.095949853226471,213.73738348010687,-5.095949853226472,3.262616519893128,3.262616519893129,10.644666555879551,557,
only_ratings_and_pace,2025-01-12,2024_25,0022400543,CLE,IND,201,238.66666666666666,-1.778655102426427,236.88801156424023,-1.778655102426427,-35.88801156424023,35.88801156424023,1287.9493740350406,561,
only_ratings_and_pace,2025-01-12,2024_25,0022400539,NYK,MIL,246,227.33333333333334,3.982846132126591,231.31617946545992,3.982846132126582,14.683820534540066,14.683820534540075,215.61458549058077,561,
only_ratings_and_pace,2025-01-12,2024_25,0022400540,DAL,DEN,213,229.0,-2.779497772108006,226.22050222789198,-2.779497772108016,-13.220502227891995,13.220502227891984,174.7816791576969,561,
only_ratings_and_pace,2025-01-12,2024_25,0022400541,CHI,SAC,243,237.83333333333334,-0.12930985564288514,237.70402347769047,-0.12930985564287312,5.295976522309543,5.29597652230953,28.04736732485375,561,
only_ratings_and_pace,2025-01-12,2024_25,0022400542,BOS,NOP,239,227.0,1.6365723156972491,228.63657231569724,1.6365723156972365,10.363427684302751,10.363427684302764,107.40063336777294,561,
only_ratings_and_pace,2025-01-12,2024_25,0022400546,UTA,BKN,223,215.5,-3.7172759426866824,211.78272405731332,-3.7172759426866833,11.217275942686683,11.217275942686683,125.82727957437741,561,
only_ratings_and_pace,2025-01-12,2024_25,0022400547,PHX,CHA,233,224.0,-6.898868308360214,217.10113169163978,-6.898868308360221,15.898868308360214,15.898868308360221,252.774013486581,561,
only_ratings_and_pace,2025-01-12,2024_25,0022400545,WAS,OKC,231,230.33333333333334,3.7096294054168872,234.04296273875022,3.7096294054168766,-3.04296273875023,3.0429627387502194,9.259622229422236,561,
only_ratings_and_pace,2025-01-12,2024_25,0022400544,ORL,PHI,203,206.16666666666666,-0.9793385323706243,205.18732813429602,-0.9793385323706332,-2.187328134296033,2.187328134296024,4.784404367082925,561,
only_ratings_and_pace,2025-01-13,2024_25,0022400548,WAS,MIN,226,224.33333333333334,4.533752366238444,228.8670856995718,4.533752366238446,-2.8670856995717866,2.8670856995717884,8.220180408689052,570,
only_ratings_and_pace,2025-01-13,2024_25,0022400549,NYK,DET,243,224.33333333333334,-2.3323793749527684,222.00095395838056,-2.3323793749527795,20.999046041619426,20.999046041619437,440.95993465805293,570,
only_ratings_and_pace,2025-01-13,2024_25,0022400550,TOR,GSW,205,228.5,1.5561971671015449,230.05619716710154,1.5561971671015442,-25.056197167101544,25.056197167101544,627.8130164766675,570,
only_ratings_and_pace,2025-01-13,2024_25,0022400551,HOU,MEM,238,236.16666666666666,2.3240383597212193,238.49070502638787,2.3240383597212144,-0.4907050263878765,0.4907050263878716,0.24079142292232178,570,
only_ratings_and_pace,2025-01-13,2024_25,0022400552,LAL,SAS,228,222.5,3.0288294763750576,225.52882947637505,3.0288294763750514,2.4711705236249424,2.4711705236249486,6.106683756832803,570,
only_ratings_and_pace,2025-01-13,2024_25,0022400553,LAC,MIA,207,215.33333333333334,-0.6557094777116609,214.67762385562168,-0.6557094777116674,-7.677623855621682,7.677623855621675,58.94590806841104,570,
only_ratings_and_pace,2025-01-14,2024_25,0022400555,PHI,OKC,220,218.33333333333334,5.346202685867172,223.67953601920053,5.346202685867183,-3.6795360192005147,3.679536019200526,13.538985316594054,576,
only_ratings_and_pace,2025-01-14,2024_25,0022400557,CHI,NOP,232,239.66666666666666,2.5889535583635745,242.25562022503024,2.5889535583635848,-10.255620225030231,10.255620225030242,105.17774620004936,576,
only_ratings_and_pace,2025-01-14,2024_25,0022400556,ATL,PHX,239,235.16666666666666,5.037692255987554,240.20435892265422,5.037692255987565,-1.2043589226542109,1.2043589226542224,1.4504804145768393,576,
only_ratings_and_pace,2025-01-14,2024_25,0022400558,MIL,SAC,245,228.5,-3.7947078035404385,224.70529219645957,-3.794707803540433,20.29470780354044,20.294707803540433,411.87516483108493,576,
only_ratings_and_pace,2025-01-14,2024_25,0022400559,DAL,DEN,217,232.33333333333334,-2.367560900972499,229.96577243236084,-2.3675609009725065,-12.965772432360843,12.965772432360836,168.11125476776823,576,
only_ratings_and_pace,2025-01-14,2024_25,0022400560,POR,BKN,246,217.66666666666666,0.5464092315905313,218.2130758982572,0.5464092315905305,27.786924101742812,27.786924101742812,772.1131510360156,576,
only_ratings_and_pace,2025-01-14,2024_25,0022400554,IND,CLE,244,230.66666666666666,2.023839397784926,232.6905060644516,2.02383939778494,11.309493935548417,11.309493935548403,127.90465307820611,576,
only_ratings_and_pace,2025-01-15,2024_25,0022400565,MIN,GSW,231,215.33333333333334,-5.325934893809433,210.0073984395239,-5.325934893809432,20.99260156047609,20.99260156047609,440.6893202769031,583,
only_ratings_and_pace,2025-01-15,2024_25,0022400562,TOR,BOS,207,229.66666666666666,0.7418502642860852,230.40851693095274,0.7418502642860858,-23.408516930952743,23.408516930952743,547.9586649067012,583,
only_ratings_and_pace,2025-01-15,2024_25,0022400563,CHI,ATL,204,243.5,-3.5159347889228934,239.9840652110771,-3.515934788922891,-35.98406521107711,35.98406521107711,1294.8529491150498,583,
only_ratings_and_pace,2025-01-15,2024_25,0022400561,PHI,NYK,244,219.0,1.0753634377420804,220.07536343774208,1.0753634377420838,23.92463656225792,23.924636562257916,572.3882346361282,583,
only_ratings_and_pace,2025-01-15,2024_25,0022400569,UTA,CHA,229,221.33333333333334,-1.7096453553853124,219.62368797794804,-1.7096453553853053,9.37631202205197,9.376312022051962,87.91522713487616,583,
only_ratings_and_pace,2025-01-15,2024_25,0022400564,MIL,ORL,215,211.0,-2.245938349557317,208.75406165044268,-2.2459383495573206,6.245938349557317,6.245938349557321,39.011745866470825,583,
only_ratings_and_pace,2025-01-15,2024_25,0022400568,DEN,HOU,236,231.5,0.6319824689712586,232.13198246897124,0.6319824689712448,3.8680175310287415,3.8680175310287552,14.961559620345787,583,
only_ratings_and_pace,2025-01-15,2024_25,0022400571,LAC,BKN,193,213.0,0.2408798893601081,213.24087988936012,0.24087988936011584,-20.24087988936011,20.240879889360116,409.69321869550276,583,
only_ratings_and_pace,2025-01-15,2024_25,0022400570,LAL,MIA,225,217.33333333333334,-0.7142519429538821,216.61908139037945,-0.7142519429538936,8.38091860962054,8.38091860962055,70.23979674108406,583,
only_ratings_and_pace,2025-01-15,2024_25,0022400567,SAS,MEM,244,239.16666666666666,1.2580631026129725,240.42472976927962,1.2580631026129652,3.5752702307203705,3.5752702307203776,12.782557222675342,583,
only_ratings_and_pace,2025-01-15,2024_25,0022400566,NOP,DAL,235,225.83333333333334,-1.0057287179608019,224.82760461537254,-1.0057287179608068,10.172395384627459,10.172395384627464,103.47762786119013,583,
only_ratings_and_pace,2025-01-16,2024_25,0022400576,SAC,HOU,259,226.16666666666666,1.550773361410624,227.71744002807728,1.55077336141062,31.28255997192272,31.282559971922723,978.5985583969418,594,
only_ratings_and_pace,2025-01-16,2024_25,0022400572,DET,IND,211,227.0,-2.3944493796455655,224.60555062035442,-2.394449379645579,-13.605550620354435,13.605550620354421,185.11100768302657,594,
only_ratings_and_pace,2025-01-16,2024_25,0022400573,WAS,PHX,253,231.66666666666666,1.8523510846345403,233.5190177513012,1.8523510846345346,19.4809822486988,19.48098224869881,379.5086693741181,594,
only_ratings_and_pace,2025-01-16,2024_25,0022400574,OKC,CLE,248,232.5,-0.6530616821855857,231.84693831781442,-0.6530616821855801,16.153061682185587,16.15306168218558,260.92140170849206,594,
only_ratings_and_pace,2025-01-16,2024_25,0022400575,POR,LAC,207,221.16666666666666,-0.21384186364745342,220.9528248030192,-0.2138418636474455,-13.952824803019205,13.952824803019212,194.6813199837481,594,
only_ratings_and_pace,2025-01-17,2024_25,0022400577,BOS,ORL,215,210.66666666666666,1.426377634189471,212.09304430085612,1.426377634189464,2.9069556991438716,2.9069556991438787,8.450391436785077,599,
only_ratings_and_pace,2025-01-17,2024_25,0022400578,NYK,MIN,215,219.33333333333334,-0.27558010437133806,219.057753228962,-0.27558010437132907,-4.057753228962005,4.057753228962014,16.46536126715165,599,
only_ratings_and_pace,2025-01-17,2024_25,0022400580,MIL,TOR,242,229.66666666666666,2.9395190420501733,232.60618570871682,2.939519042050165,9.393814291283169,9.393814291283178,88.24374693911608,599,
only_ratings_and_pace,2025-01-17,2024_25,0022400579,MIA,DEN,246,226.16666666666666,0.18694317873316132,226.35360984539983,0.18694317873317345,19.64639015460018,19.64639015460017,385.98064610677045,599,
only_ratings_and_pace,2025-01-17,2024_25,0022400585,LAL,BKN,203,216.66666666666666,0.893085804949784,217.55975247161643,0.8930858049497772,-14.559752471616441,14.559752471616434,211.98639203474087,599,
only_ratings_and_pace,2025-01-17,2024_25,0022400581,NOP,UTA,259,230.16666666666666,1.638648649960271,231.80531531662692,1.6386486499602597,27.194684683373072,27.194684683373083,739.5508750280866,599,
only_ratings_and_pace,2025-01-17,2024_25,0022400584,CHI,CHA,248,235.0,-1.635564279322265,233.36443572067773,-1.6355642793222671,14.635564279322265,14.635564279322267,214.1997417741739,599,
only_ratings_and_pace,2025-01-17,2024_25,0022400582,SAS,MEM,252,239.16666666666666,0.5897867056997438,239.7564533723664,0.589786705699737,12.243546627633599,12.243546627633606,149.90443402303825,599,
only_ratings_and_pace,2025-01-17,2024_25,0022400583,DAL,OKC,204,223.33333333333334,2.886446919024018,226.21978025235737,2.8864469190240243,-22.21978025235736,22.219780252357367,493.7186344630504,599,
only_ratings_and_pace,2025-01-18,2024_25,0022400586,DET,PHX,246,226.66666666666666,-0.11959355396694601,226.5470731126997,-0.1195935539669506,19.45292688730029,19.452926887300293,378.4163644826507,608,
only_ratings_and_pace,2025-01-18,2024_25,0022400587,BOS,ATL,234,234.5,4.980591056884617,239.4805910568846,4.980591056884606,-5.480591056884617,5.480591056884606,30.03687833280352,608,
only_ratings_and_pace,2025-01-18,2024_25,0022400588,IND,PHI,217,223.16666666666666,3.016915100853744,226.1835817675204,3.016915100853737,-9.183581767520401,9.183581767520394,84.33817408073301,608,
only_ratings_and_pace,2025-01-18,2024_25,0022400589,GSW,WAS,236,228.83333333333334,1.6808727823074332,230.51420611564077,1.680872782307432,5.485793884359224,5.485793884359225,30.093934541673075,608,
only_ratings_and_pace,2025-01-18,2024_25,0022400590,MIN,CLE,241,226.66666666666666,-1.5326717670462877,225.13399489962038,-1.5326717670462813,15.866005100379631,15.866005100379624,251.73011784527225,608,
only_ratings_and_pace,2025-01-18,2024_25,0022400591,POR,HOU,228,224.5,0.4361342357721594,224.93613423577216,0.43613423577215826,3.063865764227841,3.0638657642278417,9.387273421207457,608,
only_ratings_and_pace,2025-01-19,2024_25,0022400597,POR,CHI,215,235.5,3.160704610385718,238.66070461038572,3.1607046103857215,-23.660704610385718,23.66070461038572,559.8289426599281,614,
only_ratings_and_pace,2025-01-19,2024_25,0022400595,OKC,BKN,228,217.5,-3.6513307482562194,213.8486692517438,-3.651330748256214,14.15133074825622,14.151330748256214,200.26016194654179,614,
only_ratings_and_pace,2025-01-19,2024_25,0022400592,MIA,SAS,235,219.5,-1.9168992778827474,217.58310072211725,-1.9168992778827487,17.41689927788275,17.41689927788275,303.3483804559126,614,
only_ratings_and_pace,2025-01-19,2024_25,0022400593,ORL,DEN,213,221.5,0.5278881721208294,222.02788817212084,0.5278881721208393,-9.027888172120829,9.02788817212084,81.50276484831934,614,
only_ratings_and_pace,2025-01-19,2024_25,0022400598,SAC,WAS,223,232.5,-2.7749932326894755,229.72500676731053,-2.774993232689468,-6.725006767310525,6.725006767310532,45.22571602037245,614,
only_ratings_and_pace,2025-01-19,2024_25,0022400596,LAC,LAL,218,214.66666666666666,-3.0616054437677365,211.6050612228989,-3.0616054437677462,6.394938777101079,6.394938777101089,40.895241962871175,614,
only_ratings_and_pace,2025-01-19,2024_25,0022400594,MIL,PHI,232,223.16666666666666,0.3361560126892873,223.50282267935594,0.33615601268928685,8.497177320644056,8.497177320644056,72.20202241846769,614,
only_ratings_and_pace,2025-01-20,2024_25,0022400603,CLE,PHX,210,233.5,0.3267705014163119,233.82677050141632,0.3267705014163198,-23.826770501416313,23.82677050141632,567.7149925271628,621,
only_ratings_and_pace,2025-01-20,2024_25,0022400605,NOP,UTA,242,232.5,2.510479600832454,235.01047960083247,2.5104796008324683,6.989520399167546,6.989520399167532,48.85339541037905,621,
only_ratings_and_pace,2025-01-20,2024_25,0022400604,GSW,BOS,210,223.5,2.133623554144829,225.63362355414483,2.133623554144833,-15.63362355414483,15.633623554144833,244.41018543271213,621,
only_ratings_and_pace,2025-01-20,2024_25,0022400611,LAC,CHI,211,227.16666666666666,1.358648871843224,228.5253155385099,1.3586488718432292,-17.52531553850988,17.525315538509886,307.1366847243361,621,
only_ratings_and_pace,2025-01-20,2024_25,0022400602,NYK,ATL,229,235.66666666666666,0.4645559907436829,236.13122265741035,0.4645559907436905,-7.131222657410341,7.131222657410348,50.8543365895627,621,
only_ratings_and_pace,2025-01-20,2024_25,0022400600,HOU,DET,203,222.83333333333334,-0.5369702153111637,222.29636311802219,-0.5369702153111575,-19.296363118022178,19.296363118022185,372.3496295825669,621,
only_ratings_and_pace,2025-01-20,2024_25,0022400599,CHA,DAL,215,223.5,-3.841504294499183,219.65849570550083,-3.841504294499174,-4.658495705500817,4.658495705500826,21.70158223816964,621,
only_ratings_and_pace,2025-01-20,2024_25,0022400601,MEM,MIN,214,234.83333333333334,1.0023335736184054,235.83566690695176,1.0023335736184151,-21.835666906951747,21.835666906951758,476.79634927134816,621,
only_ratings_and_pace,2025-01-21,2024_25,0022400610,LAL,WAS,199,229.16666666666666,-3.4445114776398156,225.72215518902684,-3.4445114776398214,-26.722155189026843,26.722155189026836,714.0735779464338,629,
only_ratings_and_pace,2025-01-21,2024_25,0022400609,DEN,PHI,253,229.16666666666666,-0.8154994316563609,228.3511672350103,-0.8154994316563489,24.648832764989702,24.64883276498969,607.5649566764293,629,
only_ratings_and_pace,2025-01-21,2024_25,0022400608,TOR,ORL,202,215.33333333333334,1.5737033594107104,216.90703669274404,1.5737033594107004,-14.907036692744054,14.907036692744043,222.21974295881725,629,
only_ratings_and_pace,2025-01-21,2024_25,0022400606,BKN,NYK,194,219.66666666666666,-1.2259039555413394,218.44076271112533,-1.2259039555413267,-24.440762711125316,24.44076271112533,597.3508819015344,629,
only_ratings_and_pace,2025-01-21,2024_25,0022400607,MIA,POR,223,221.33333333333334,-0.8315325763196701,220.50180075701368,-0.8315325763196597,2.4981992429863276,2.498199242986317,6.240999457657407,629,
only_ratings_and_pace,2025-01-22,2024_25,0022400620,LAC,BOS,230,217.16666666666666,-1.272612745583525,215.89405392108313,-1.2726127455835297,14.105946078916867,14.105946078916872,198.97771478131028,634,
only_ratings_and_pace,2025-01-22,2024_25,0022400619,SAC,GSW,240,228.33333333333334,1.079659266545695,229.41299259987903,1.0796592665456899,10.587007400120962,10.587007400120967,112.08472569021612,634,
only_ratings_and_pace,2025-01-22,2024_25,0022400618,OKC,UTA,237,225.66666666666666,2.1210122101757447,227.7876788768424,2.121012210175735,9.212321123157597,9.212321123157608,84.86686047617584,634,
only_ratings_and_pace,2025-01-22,2024_25,0022400616,MEM,CHA,252,239.5,-2.142450909115527,237.35754909088448,-2.1424509091155244,14.642450909115528,14.642450909115524,214.40136862585805,634,
only_ratings_and_pace,2025-01-22,2024_25,0022400613,BKN,PHX,192,219.83333333333334,0.7469311068533155,220.58026444018665,0.7469311068533102,-28.58026444018666,28.580264440186653,816.8315154709977,634,
only_ratings_and_pace,2025-01-22,2024_25,0022400614,DAL,MIN,229,217.16666666666666,-0.30663994012110485,216.86002672654556,-0.3066399401211015,12.139973273454448,12.139973273454444,147.37895108018822,634,
only_ratings_and_pace,2025-01-22,2024_25,0022400612,ATL,DET,218,235.66666666666666,-0.21193171685901183,235.45473494980766,-0.2119317168589987,-17.454734949807644,17.45473494980766,304.66777216803695,634,
only_ratings_and_pace,2025-01-22,2024_25,0022400615,HOU,CLE,217,231.5,-2.393819550804542,229.10618044919545,-2.393819550804551,-12.106180449195458,12.106180449195449,146.5596050684821,634,
only_ratings_and_pace,2025-01-23,2024_25,0022400623,ATL,TOR,241,234.33333333333334,3.2664699937359267,237.59980332706928,3.2664699937359387,3.4001966729307305,3.4001966729307185,11.561337414609127,642,
only_ratings_and_pace,2025-01-23,2024_25,0022400622,ORL,POR,180,212.0,-0.37022545359283676,211.62977454640716,-0.37022545359283754,-31.629774546407162,31.629774546407162,1000.4426378565464,642,
only_ratings_and_pace,2025-01-23,2024_25,0022400625,OKC,DAL,236,220.5,-4.810763168180294,215.6892368318197,-4.810763168180301,20.310763168180294,20.3107631681803,412.5271004739095,642,
only_ratings_and_pace,2025-01-23,2024_25,0022400624,MIL,MIA,221,223.83333333333334,-2.263462233387431,221.5698710999459,-2.263462233387429,-0.569871099945912,0.5698710999459138,0.32475307055356567,642,
only_ratings_and_pace,2025-01-23,2024_25,0022400629,LAL,BOS,213,221.16666666666666,3.161866593341997,224.32853326000864,3.1618665933419834,-11.328533260008655,11.32853326000864,128.33566582312199,642,
only_ratings_and_pace,2025-01-23,2024_25,0022400626,DEN,SAC,255,240.66666666666666,1.5060851287430599,242.1727517954097,1.5060851287430523,12.827248204590283,12.82724820459029,164.53829650216483,642,
only_ratings_and_pace,2025-01-23,2024_25,0022400983,LAC,WAS,203,224.0,-3.4895196860291238,220.51048031397087,-3.4895196860291264,-17.510480313970877,17.510480313970874,306.61692082596153,642,
only_ratings_and_pace,2025-01-23,2024_25,0022400628,GSW,CHI,237,230.66666666666666,-2.6246561056440973,228.04201056102255,-2.6246561056441067,8.95798943897744,8.95798943897745,80.24557478883152,642,
only_ratings_and_pace,2025-01-24,2024_25,0022400630,CHA,POR,199,220.83333333333334,0.2874478105888423,221.1207811439222,0.2874478105888443,-22.120781143922184,22.120781143922187,489.3289584173034,650,
only_ratings_and_pace,2025-01-24,2024_25,0022400631,PHI,CLE,261,228.66666666666666,-2.0554443292313973,226.61122233743527,-2.055444329231392,34.38877766256474,34.388777662564735,1182.5880291253113,650,
only_ratings_and_pace,2025-01-24,2024_25,0022400632,MEM,NOP,265,242.83333333333334,0.745953963326597,243.57928729665994,0.745953963326599,21.42071270334006,21.420712703340058,458.84693271903416,650,
only_ratings_and_pace,2025-01-25,2024_25,0022400646,LAC,MIL,244,224.83333333333334,1.5439328142492166,226.37726614758256,1.5439328142492172,17.62273385241744,17.62273385241744,310.5607484331396,653,
only_ratings_and_pace,2025-01-25,2024_25,0022400639,ATL,TOR,211,236.0,4.612267554524204,240.6122675545242,4.612267554524209,-29.612267554524202,29.61226755452421,876.8863897207272,653,
only_ratings_and_pace,2025-01-25,2024_25,0022400634,MIN,DEN,237,228.16666666666666,0.6363058187403344,228.802972485407,0.6363058187403396,8.197027514593008,8.197027514593003,67.19126007499474,653,
only_ratings_and_pace,2025-01-25,2024_25,0022400635,DAL,BOS,229,222.33333333333334,-2.108306093032396,220.22502724030096,-2.1083060930323825,8.774972759699054,8.77497275969904,77.00014693346019,653,
only_ratings_and_pace,2025-01-25,2024_25,0022400645,PHX,WAS,228,231.83333333333334,-3.556639301553006,228.27669403178032,-3.5566393015530195,-0.276694031780337,0.27669403178032326,0.07655958722285054,653,
only_ratings_and_pace,2025-01-25,2024_25,0022400637,CHA,NOP,215,228.16666666666666,1.559739208543725,229.7264058752104,1.559739208543732,-14.726405875210382,14.72640587521039,216.86703000143106,653,
only_ratings_and_pace,2025-01-25,2024_25,0022400638,ORL,DET,234,211.33333333333334,0.879707975751109,212.21304130908445,0.8797079757511028,21.786958690915547,21.786958690915554,474.6715689996608,653,
only_ratings_and_pace,2025-01-25,2024_25,0022400636,BKN,MIA,203,209.5,-2.6472138959133753,206.85278610408662,-2.6472138959133815,-3.8527861040866247,3.8527861040866185,14.843960763842944,653,
only_ratings_and_pace,2025-01-25,2024_25,0022400640,CLE,HOU,266,227.0,-0.0924089329931307,226.90759106700688,-0.09240893299312347,39.09240893299313,39.09240893299312,1528.2164361843606,653,
only_ratings_and_pace,2025-01-25,2024_25,0022400641,NYK,SAC,263,232.83333333333334,3.9175116978629307,236.75084503119626,3.9175116978629205,26.249154968803726,26.249154968803737,689.018136576274,653,
only_ratings_and_pace,2025-01-25,2024_25,0022400642,CHI,PHI,206,231.66666666666666,0.2770829083937557,231.94374957506042,0.2770829083937656,-25.943749575060412,25.943749575060423,673.0781420134479,653,
only_ratings_and_pace,2025-01-25,2024_25,0022400643,MEM,UTA,228,245.33333333333334,3.3306858610972365,248.66401919443058,3.330685861097237,-20.66401919443058,20.66401919443058,427.0016892677954,653,
only_ratings_and_pace,2025-01-25,2024_25,0022400644,GSW,LAL,226,219.0,1.7238478767495011,220.7238478767495,1.7238478767494883,5.276152123250499,5.276152123250512,27.837781227680882,653,
only_ratings_and_pace,2025-01-26,2024_25,0022400647,POR,OKC,226,225.5,4.476794451495618,229.9767944514956,4.476794451495607,-3.9767944514956177,3.976794451495607,15.814894109446247,666,
only_ratings_and_pace,2025-01-27,2024_25,0022400653,NYK,MEM,249,242.33333333333334,1.774890802855493,244.10822413618882,1.7748908028554808,4.891775863811164,4.891775863811176,23.929471101765582,667,
only_ratings_and_pace,2025-01-27,2024_25,0022400649,CLE,DET,201,235.0,0.5378191339314686,235.53781913393146,0.537819133931464,-34.53781913393147,34.537819133931464,1192.8609505281624,667,
only_ratings_and_pace,2025-01-27,2024_25,0022400650,BOS,HOU,226,221.83333333333334,1.6112365836627356,223.44456991699607,1.6112365836627305,2.5554300830039214,2.5554300830039267,6.530222909121456,667,
only_ratings_and_pace,2025-01-27,2024_25,0022400651,BKN,SAC,206,221.5,3.288573816137917,224.78857381613793,3.2885738161379265,-18.788573816137916,18.788573816137927,353.0105060444637,667,
only_ratings_and_pace,2025-01-27,2024_25,0022400652,MIA,ORL,244,207.5,0.48787939275642334,207.9878793927564,0.4878793927564118,36.012120607243574,36.01212060724359,1296.8728306306582,667,
only_ratings_and_pace,2025-01-27,2024_25,0022400658,UTA,MIL,235,236.33333333333334,0.31358686388978707,236.64692019722312,0.31358686388978185,-1.64692019722313,1.6469201972231247,2.712346136021456,667,
only_ratings_and_pace,2025-01-27,2024_25,0022400648,CHA,LAL,219,222.16666666666666,1.2902508346566055,223.45691750132326,1.2902508346566037,-4.456917501323263,4.456917501323261,19.864113613601578,667,
only_ratings_and_pace,2025-01-27,2024_25,0022400655,CHI,DEN,250,246.16666666666666,0.3118776849978251,246.47854435166448,0.31187768499782464,3.5214556483355177,3.521455648335518,12.400649883194125,667,
only_ratings_and_pace,2025-01-27,2024_25,0022400656,MIN,ATL,192,220.0,2.2038601275089604,222.20386012750896,2.2038601275089604,-30.20386012750896,30.20386012750896,912.2731666021256,667,
only_ratings_and_pace,2025-01-27,2024_25,0022400657,DAL,WAS,238,231.33333333333334,-0.6482008354130406,230.6851324979203,-0.6482008354130357,7.314867502079698,7.314867502079693,53.507286572981606,667,
only_ratings_and_pace,2025-01-27,2024_25,0022400659,PHX,LAC,220,223.33333333333334,-1.8575784499090557,221.4757548834243,-1.857578449909056,-1.475754883424287,1.4757548834242868,2.1778524759506306,667,
only_ratings_and_pace,2025-01-27,2024_25,0022400654,TOR,NOP,217,232.5,-5.728859034305391,226.7711409656946,-5.728859034305401,-9.77114096569461,9.771140965694599,95.47519577147519,667,
only_ratings_and_pace,2025-01-28,2024_25,0022400532,ATL,HOU,196,227.0,3.1375499381900767,230.1375499381901,3.137549938190091,-34.13754993819008,34.13754993819009,1165.3723157824222,679,
only_ratings_and_pace,2025-01-28,2024_25,0022400660,PHI,LAL,222,217.5,-1.1889612589222465,216.31103874107777,-1.1889612589222338,5.688961258922246,5.688961258922234,32.36428020551805,679,
only_ratings_and_pace,2025-01-28,2024_25,0022400661,GSW,UTA,217,229.5,-0.879107305176379,228.62089269482362,-0.879107305176376,-11.62089269482362,11.620892694823624,135.04514702460506,679,
only_ratings_and_pace,2025-01-28,2024_25,0022400662,POR,MIL,237,229.83333333333334,2.300477563010564,232.1338108963439,2.30047756301056,4.866189103656094,4.866189103656097,23.67979639254133,679,
only_ratings_and_pace,2025-01-29,2024_25,0022400667,MIA,CLE,232,227.5,0.009601165922354826,227.50960116592236,0.009601165922362043,4.490398834077645,4.490398834077638,20.16368168908581,683,
only_ratings_and_pace,2025-01-29,2024_25,0022400663,CHA,BKN,187,204.83333333333334,2.4210948324402533,207.2544281657736,2.4210948324402466,-20.254428165773597,20.25442816577359,410.24186032248247,683,
only_ratings_and_pace,2025-01-29,2024_25,0022400664,IND,DET,252,229.5,0.020514693154244663,229.52051469315424,0.02051469315424015,22.479485306845756,22.47948530684576,505.3272596606944,683,
only_ratings_and_pace,2025-01-29,2024_25,0022400665,WAS,TOR,188,231.0,0.7989875909246402,231.79898759092464,0.7989875909246393,-43.79898759092464,43.79898759092464,1918.3513139899705,683,
only_ratings_and_pace,2025-01-29,2024_25,0022400673,GSW,OKC,225,228.33333333333334,0.7233721733410293,229.05670550667438,0.7233721733410334,-4.056705506674372,4.056705506674376,16.45685956788221,683,
only_ratings_and_pace,2025-01-29,2024_25,0022400666,BOS,CHI,222,232.33333333333334,0.12464618313253872,232.45797951646588,0.1246461831325405,-10.457979516465882,10.457979516465883,109.36933556681998,683,
only_ratings_and_pace,2025-01-29,2024_25,0022400670,NOP,DAL,273,232.16666666666666,0.7591831337112099,232.92584980037788,0.7591831337112183,40.07415019962213,40.074150199622125,1605.937514221874,683,
only_ratings_and_pace,2025-01-29,2024_25,0022400669,PHI,SAC,221,228.5,0.653122436801067,229.15312243680106,0.6531224368010555,-8.153122436801066,8.153122436801056,66.47340546946879,683,
only_ratings_and_pace,2025-01-29,2024_25,0022400668,NYK,DEN,234,239.5,1.7337685445788502,241.23376854457885,1.7337685445788509,-7.23376854457885,7.233768544578851,52.32740735653843,683,
only_ratings_and_pace,2025-01-29,2024_25,0022400671,SAS,LAC,244,222.5,1.2391652622956295,223.73916526229564,1.2391652622956428,20.26083473770437,20.260834737704357,410.5014242685676,683,
only_ratings_and_pace,2025-01-29,2024_25,0022400672,PHX,MIN,234,217.33333333333334,2.3282191229237923,219.66155245625714,2.328219122923798,14.338447543742864,14.33844754374286,205.59107796466563,683,
only_ratings_and_pace,2025-01-30,2024_25,0022400674,WAS,LAL,230,223.66666666666666,-0.1592423162920058,223.50742435037466,-0.15924231629199426,6.492575649625349,6.492575649625337,42.15353856610787,694,
only_ratings_and_pace,2025-01-30,2024_25,0022400675,CLE,ATL,252,237.16666666666666,-4.9688938537449605,232.1977728129217,-4.968893853744959,19.8022271870783,19.8022271870783,392.12820156866303,694,
only_ratings_and_pace,2025-01-30,2024_25,0022400676,MEM,HOU,239,238.0,0.2700488948024624,238.27004889480247,0.2700488948024713,0.7299511051975376,0.7299511051975287,0.5328286159790936,694,
only_ratings_and_pace,2025-01-30,2024_25,0022400677,UTA,MIN,251,224.33333333333334,0.06728713139874419,224.4006204647321,0.06728713139875708,26.599379535267914,26.5993795352679,707.5269916612287,694,
only_ratings_and_pace,2025-01-30,2024_25,0022400678,POR,ORL,209,212.5,0.6917096794219082,213.1917096794219,0.6917096794219049,-4.191709679421908,4.191709679421905,17.570430036559287,694,
only_ratings_and_pace,2025-01-31,2024_25,0022400681,PHI,DEN,271,232.5,-3.291528077650332,229.20847192234967,-3.2915280776503266,41.791528077650334,41.79152807765033,1746.5318190650355,699,
only_ratings_and_pace,2025-01-31,2024_25,0022400679,CHA,LAC,216,212.0,5.811427421876508,217.81142742187652,5.811427421876516,-1.811427421876508,1.811427421876516,3.2812693047262016,699,
only_ratings_and_pace,2025-01-31,2024_25,0022400680,DET,DAL,219,229.33333333333334,-3.0760472461888098,226.25728608714454,-3.076047246188807,-7.257286087144533,7.257286087144536,52.66820135066165,699,
only_ratings_and_pace,2025-01-31,2024_25,0022400684,SAS,MIL,262,232.83333333333334,1.2132786944047873,234.04661202773812,1.213278694404778,27.95338797226187,27.95338797226188,781.3918991277951,699,
only_ratings_and_pace,2025-01-31,2024_25,0022400683,NOP,BOS,234,231.66666666666666,0.41264756513493817,232.0793142318016,0.4126475651349324,1.9206857681984046,1.9206857681984104,3.689033820159918,699,
only_ratings_and_pace,2025-01-31,2024_25,0022400682,TOR,CHI,228,233.33333333333334,1.58793061999343,234.9212639533268,1.5879306199934433,-6.921263953326773,6.921263953326786,47.90389471162073,699,
only_ratings_and_pace,2025-01-31,2024_25,0022400685,GSW,PHX,235,227.5,-0.10537334925502656,227.39462665074498,-0.10537334925501796,7.605373349255027,7.605373349255018,57.841703781558486,699,
only_ratings_and_pace,2025-02-01,2024_25,0022400691,OKC,SAC,254,234.33333333333334,-2.4910908683844375,231.8422424649489,-2.491090868384447,22.157757535051093,22.157757535051104,490.96621898211396,706,
only_ratings_and_pace,2025-02-01,2024_25,0022400694,POR,PHX,235,228.5,0.6513135510289876,229.15131355102898,0.6513135510289771,5.848686448971012,5.848686448971023,34.207133178377276,706,
only_ratings_and_pace,2025-02-01,2024_25,0022400693,SAS,MIA,208,224.0,1.780850447978188,225.7808504479782,1.780850447978196,-17.78085044797819,17.780850447978196,316.1586426533664,706,
only_ratings_and_pace,2025-02-01,2024_25,0022400692,NYK,LAL,240,227.5,1.610957172648519,229.1109571726485,1.6109571726485115,10.889042827351481,10.889042827351489,118.5712536958949,706,
only_ratings_and_pace,2025-02-01,2024_25,0022400690,MIN,WAS,208,223.16666666666666,-1.0144762748932696,222.1521903917734,-1.0144762748932692,-14.152190391773388,14.152190391773388,200.284492885003,706,
only_ratings_and_pace,2025-02-01,2024_25,0022400688,CHA,DEN,211,223.0,1.7279861148116482,224.72798611481164,1.7279861148116424,-13.727986114811648,13.727986114811642,188.45760276846124,706,
only_ratings_and_pace,2025-02-01,2024_25,0022400687,UTA,ORL,212,216.16666666666666,2.7575848519289203,218.92425151859558,2.757584851928925,-6.924251518595577,6.924251518595582,47.94525909277323,706,
only_ratings_and_pace,2025-02-01,2024_25,0022400686,IND,ATL,259,239.5,-2.3976163012653604,237.10238369873463,-2.397616301265373,21.89761630126536,21.897616301265373,479.505599677443,706,
only_ratings_and_pace,2025-02-01,2024_25,0022400689,HOU,BKN,208,213.5,-1.6791096297136652,211.82089037028632,-1.679109629713679,-3.820890370286335,3.820890370286321,14.59920322174674,706,
only_ratings_and_pace,2025-02-02,2024_25,0022400699,MIL,MEM,251,245.0,-1.9840521976716174,243.01594780232838,-1.9840521976716161,7.984052197671618,7.984052197671616,63.74508949514496,715,
only_ratings_and_pace,2025-02-02,2024_25,0022400698,PHI,BOS,228,222.33333333333334,-0.5115811191399011,221.82175221419345,-0.5115811191398905,6.178247785806558,6.178247785806548,38.17074570282351,715,
only_ratings_and_pace,2025-02-02,2024_25,0022400695,DET,CHI,246,233.16666666666666,-0.14989414070913518,233.01677252595752,-0.14989414070913654,12.983227474042478,12.98322747404248,168.56419564273145,715,
only_ratings_and_pace,2025-02-02,2024_25,0022400696,CLE,DAL,245,236.66666666666666,-0.3625295395693339,236.30413712709733,-0.3625295395693229,8.695862872902676,8.695862872902666,75.618031104327,715,
only_ratings_and_pace,2025-02-02,2024_25,0022400697,TOR,LAC,223,220.0,3.0059308283345914,223.00593082833458,3.0059308283345842,-0.005930828334591354,0.005930828334584248,3.517472473430737e-05,715,
only_ratings_and_pace,2025-02-03,2024_25,0022400704,MIN,SAC,230,221.83333333333334,-1.2884166916471689,220.54491664168617,-1.2884166916471713,9.455083358313827,9.455083358313829,89.3986013126631,720,
only_ratings_and_pace,2025-02-03,2024_25,0022400700,CHA,WAS,238,217.0,0.809273686583498,217.8092736865835,0.8092736865835093,20.1907263134165,20.19072631341649,407.6654290632891,720,
only_ratings_and_pace,2025-02-03,2024_25,0022400701,DET,ATL,262,235.16666666666666,2.5811935652757354,237.74786023194238,2.5811935652757256,24.252139768057607,24.252139768057617,588.1662833294017,720,
only_ratings_and_pace,2025-02-03,2024_25,0022400702,NYK,HOU,242,224.16666666666666,-1.3927530943835416,222.7739135722831,-1.3927530943835507,19.226086427716883,19.226086427716893,369.64239932603977,720,
only_ratings_and_pace,2025-02-03,2024_25,0022400703,MEM,SAS,237,241.33333333333334,-5.88796098515161,235.44537234818173,-5.887960985151608,1.554627651818267,1.5546276518182651,2.416867135797973,720,
only_ratings_and_pace,2025-02-03,2024_25,0022400707,UTA,IND,223,239.16666666666666,1.8333571256262775,241.00002379229292,1.8333571256262644,-18.000023792292936,18.00002379229292,324.0008565231112,720,
only_ratings_and_pace,2025-02-03,2024_25,0022400705,OKC,MIL,221,233.0,-1.582217140122654,231.41778285987735,-1.5822171401226512,-10.417782859877345,10.417782859877349,108.53019971555428,720,
only_ratings_and_pace,2025-02-03,2024_25,0022400706,DEN,NOP,238,239.33333333333334,-0.8936365073467998,238.43969682598654,-0.8936365073467982,-0.439696825986543,0.4396968259865446,0.19333329878264166,720,
only_ratings_and_pace,2025-02-03,2024_25,0022400708,GSW,ORL,203,212.33333333333334,-1.9463058199363992,210.38702751339693,-1.9463058199364127,-7.387027513396943,7.38702751339693,54.568175483683234,720,
only_ratings_and_pace,2025-02-03,2024_25,0022400709,POR,PHX,240,229.66666666666666,1.117175671038606,230.78384233770527,1.1171756710386092,9.216157662294737,9.216157662294734,84.93756205627393,720,
only_ratings_and_pace,2025-02-04,2024_25,0022400710,CLE,BOS,217,237.33333333333334,0.9156983685860879,238.24903170191942,0.915698368586078,-21.24903170191943,21.24903170191942,451.52134826917654,730,
only_ratings_and_pace,2025-02-04,2024_25,0022400712,PHI,DAL,234,225.5,-4.590101425772456,220.90989857422755,-4.5901014257724455,13.090101425772456,13.090101425772446,171.35075533700982,730,
only_ratings_and_pace,2025-02-04,2024_25,0022400711,BKN,HOU,196,209.5,-0.33054172720321484,209.1694582727968,-0.3305417272032116,-13.169458272796785,13.169458272796788,173.43463119893576,730,
only_ratings_and_pace,2025-02-04,2024_25,0022400714,CHI,MIA,257,227.66666666666666,-0.7815153991221752,226.88515126754447,-0.7815153991221848,30.114848732455517,30.114848732455528,906.9041141786782,730,
only_ratings_and_pace,2025-02-04,2024_25,0022400713,TOR,NYK,236,231.5,0.4882129286563883,231.9882129286564,0.4882129286563952,4.011787071343612,4.011787071343605,16.094435505799698,730,
only_ratings_and_pace,2025-02-04,2024_25,0022400715,LAC,LAL,219,220.5,0.2983643913271151,220.7983643913271,0.29836439132711234,-1.798364391327115,1.7983643913271123,3.234114483993335,730,
only_ratings_and_pace,2025-02-04,2024_25,0022400716,POR,IND,201,233.33333333333334,2.071452654976451,235.40478598830978,2.07145265497644,-34.4047859883098,34.40478598830978,1183.6892989013973,730,
only_ratings_and_pace,2025-02-05,2024_25,0022400717,CHA,MIL,214,220.16666666666666,0.6251103090032772,220.79177697566993,0.6251103090032757,-6.791776975669935,6.791776975669933,46.12823448724022,737,
only_ratings_and_pace,2025-02-05,2024_25,0022400718,DET,CLE,233,236.33333333333334,0.8962124585049468,237.2295457918383,0.896212458504948,-4.22954579183829,4.229545791838291,17.889057605256994,737,
only_ratings_and_pace,2025-02-05,2024_25,0022400719,ATL,SAS,251,240.16666666666666,-4.289010190029116,235.87765647663755,-4.289010190029103,15.12234352336246,15.122343523362446,228.68527363858212,737,
only_ratings_and_pace,2025-02-05,2024_25,0022400720,BKN,WAS,221,216.83333333333334,-0.5860643504200531,216.24726898291328,-0.5860643504200596,4.7527310170867105,4.752731017086717,22.588452120778136,737,
only_ratings_and_pace,2025-02-05,2024_25,0022400725,UTA,GSW,259,227.0,2.944544303468756,229.94454430346875,2.9445443034687457,29.055455696531244,29.055455696531254,844.2195057330905,737,
only_ratings_and_pace,2025-02-05,2024_25,0022400721,PHI,MIA,209,215.5,0.42935284314930583,215.9293528431493,0.429352843149303,-6.929352843149306,6.929352843149303,48.01593082486133,737,
only_ratings_and_pace,2025-02-05,2024_25,0022400724,OKC,PHX,249,226.16666666666666,-0.0038687987354889446,226.16279786793118,-0.0038687987354819597,22.837202132068832,22.837202132068825,521.5378012209688,737,
only_ratings_and_pace,2025-02-05,2024_25,0022400726,DEN,NOP,263,238.66666666666666,-0.7793141509481509,237.8873525157185,-0.7793141509481529,25.112647484281492,25.112647484281496,630.6450636697897,737,
only_ratings_and_pace,2025-02-05,2024_25,0022400727,SAC,ORL,241,218.5,-1.1451617592237278,217.35483824077627,-1.1451617592237255,23.64516175922373,23.645161759223726,559.0936746198561,737,
only_ratings_and_pace,2025-02-05,2024_25,0022400723,MIN,CHI,235,226.83333333333334,0.31971715104779036,227.15305048438114,0.3197171510477972,7.846949515618867,7.84694951561886,61.574616700671065,737,
only_ratings_and_pace,2025-02-05,2024_25,0022400722,TOR,MEM,245,238.5,0.07240922479960507,238.5724092247996,0.07240922479959977,6.427590775200395,6.4275907752004,41.31392317344128,737,
only_ratings_and_pace,2025-02-06,2024_25,0022400728,BOS,DAL,247,231.0,-1.1889540808727186,229.81104591912728,-1.188954080872719,17.18895408087272,17.18895408087272,295.4601423943509,748,
only_ratings_and_pace,2025-02-06,2024_25,0022400729,MIN,HOU,241,214.33333333333334,-1.3001516021835604,213.0331817311498,-1.300151602183547,27.96681826885022,27.966818268850204,782.1429240828935,748,
only_ratings_and_pace,2025-02-06,2024_25,0022400730,DEN,ORL,202,221.66666666666666,-1.6789254941143328,219.98774117255232,-1.6789254941143383,-17.987741172552326,17.98774117255232,323.5588324907339,748,
only_ratings_and_pace,2025-02-06,2024_25,0022400731,LAL,GSW,232,221.5,0.3151265079846841,221.81512650798467,0.31512650798467234,10.184873492015315,10.184873492015328,103.73164804835649,748,
only_ratings_and_pace,2025-02-06,2024_25,0022400732,POR,SAC,210,229.5,-2.0898004627728723,227.41019953722713,-2.089800462772871,-17.41019953722713,17.41019953722713,303.1150479260637,748,
only_ratings_and_pace,2025-02-06,2024_25,0022400733,LAC,IND,231,228.33333333333334,0.6807068816810075,229.01404021501435,0.6807068816810045,1.9859597849856496,1.9859597849856527,3.94403626758026,748,
only_ratings_and_pace,2025-02-07,2024_25,0022400735,WAS,CLE,258,236.0,5.2022445160308,241.2022445160308,5.202244516030788,16.7977554839692,16.797755483969212,282.1645892992177,754,
only_ratings_and_pace,2025-02-07,2024_25,0022400737,BKN,MIA,188,211.16666666666666,-1.8858106688777774,209.28085599778888,-1.885810668877781,-21.28085599778888,21.280855997788876,452.8748319986268,754,
only_ratings_and_pace,2025-02-07,2024_25,0022400736,ATL,MIL,225,241.5,-1.8745023744360587,239.62549762556395,-1.874502374436048,-14.625497625563941,14.625497625563952,213.9051807953768,754,
only_ratings_and_pace,2025-02-07,2024_25,0022400738,DET,PHI,237,224.66666666666666,1.9948533850271168,226.66152005169377,1.9948533850271133,10.338479948306226,10.33847994830623,106.88416764152998,754,
only_ratings_and_pace,2025-02-07,2024_25,0022400739,OKC,TOR,230,231.5,1.4178624625978529,232.91786246259784,1.4178624625978387,-2.917862462597853,2.9178624625978387,8.513921350637524,754,
only_ratings_and_pace,2025-02-07,2024_25,0022400740,PHX,UTA,262,231.5,-1.341000180020331,230.15899981997967,-1.3410001800203304,31.84100018002033,31.84100018002033,1013.8492924640547,754,
only_ratings_and_pace,2025-02-07,2024_25,0022400734,CHA,SAS,233,227.5,0.537120803995919,228.03712080399592,0.5371208039959185,4.9628791960040815,4.9628791960040815,24.630169914130118,754,
only_ratings_and_pace,2025-02-08,2024_25,0022400743,ORL,SAS,223,218.66666666666666,-3.042181054380254,215.6244856122864,-3.0421810543802508,7.375514387713597,7.375514387713594,54.39821248337022,761,
only_ratings_and_pace,2025-02-08,2024_25,0022400745,CHI,GSW,243,235.5,3.054264019942484,238.55426401994248,3.0542640199424795,4.445735980057516,4.4457359800575205,19.764568404378004,761,
only_ratings_and_pace,2025-02-08,2024_25,0022400741,DAL,HOU,221,226.0,-0.7912880538943082,225.2087119461057,-0.7912880538943057,-4.208711946105692,4.208711946105694,17.71325624529278,761,
only_ratings_and_pace,2025-02-08,2024_25,0022400742,LAL,IND,241,231.0,1.3375048094830124,232.33750480948302,1.337504809483022,8.662495190516987,8.662495190516978,75.03882292572978,761,
only_ratings_and_pace,2025-02-08,2024_25,0022400744,WAS,ATL,236,236.83333333333334,-4.056741658083651,232.7765916752497,-4.056741658083638,3.2234083247503085,3.223408324750295,10.390361228069505,761,
only_ratings_and_pace,2025-02-08,2024_25,0022400749,PHX,DEN,227,237.66666666666666,2.6609284390796986,240.32759510574635,2.6609284390796972,-13.327595105746356,13.327595105746354,177.6247913027142,761,
only_ratings_and_pace,2025-02-08,2024_25,0022400746,MEM,OKC,237,242.33333333333334,-0.13047649788714516,242.2028568354462,-0.13047649788714466,-5.202856835446197,5.202856835446198,27.069719250149227,761,
only_ratings_and_pace,2025-02-08,2024_25,0022400748,NYK,BOS,235,231.83333333333334,-0.1801177786010515,231.6532155547323,-0.18011777860104417,3.3467844452677085,3.3467844452677014,11.200966123085836,761,
only_ratings_and_pace,2025-02-08,2024_25,0022400751,LAC,UTA,240,224.5,2.396199896049062,226.89619989604907,2.396199896049069,13.103800103950938,13.103800103950931,171.70957716430442,761,
only_ratings_and_pace,2025-02-08,2024_25,0022400750,SAC,NOP,241,238.0,1.3450923769499925,239.34509237695,1.3450923769499923,1.6549076230500075,1.6549076230500077,2.7387192408290266,761,
only_ratings_and_pace,2025-02-08,2024_25,0022400747,MIN,POR,212,216.33333333333334,0.7373652252542499,217.0706985585876,0.7373652252542513,-5.070698558587592,5.070698558587594,25.711983872062305,761,
only_ratings_and_pace,2025-02-09,2024_25,0022400752,DET,CHA,214,225.0,0.3040530142625538,225.30405301426256,0.30405301426256415,-11.304053014262553,11.304053014262564,127.78161454925856,772,
only_ratings_and_pace,2025-02-09,2024_25,0022400753,HOU,TOR,181,224.5,2.8375393188197973,227.3375393188198,2.8375393188198075,-46.3375393188198,46.33753931881981,2147.1675501231716,772,
only_ratings_and_pace,2025-02-09,2024_25,0022400754,MIL,PHI,262,227.16666666666666,-1.5189400641022628,225.6477266025644,-1.518940064102253,36.3522733974356,36.352273397435596,1321.4877811619037,772,
only_ratings_and_pace,2025-02-10,2024_25,0022400756,ORL,ATL,218,221.66666666666666,0.5144518573457683,222.18111852401242,0.5144518573457617,-4.181118524012425,4.181118524012419,17.48175211183979,775,
only_ratings_and_pace,2025-02-10,2024_25,0022400757,WAS,SAS,252,236.16666666666666,0.19086036487170036,236.35752703153835,0.19086036487169622,15.642472968461643,15.642472968461647,244.68696056905333,775,
only_ratings_and_pace,2025-02-10,2024_25,0022400759,MIA,BOS,188,219.33333333333334,2.9079833312091536,222.2413166645425,2.9079833312091523,-34.241316664542495,34.241316664542495,1172.4677669214757,775,
only_ratings_and_pace,2025-02-10,2024_25,0022400755,CLE,MIN,235,228.66666666666666,-0.256871709100192,228.40979495756648,-0.25687170910018153,6.590205042433535,6.590205042433524,43.43080250131625,775,
only_ratings_and_pace,2025-02-10,2024_25,0022400758,BKN,CHA,186,212.66666666666666,-0.688114113539589,211.97855255312706,-0.6881141135395978,-25.978552553127066,25.97855255312706,674.8851927555844,775,
only_ratings_and_pace,2025-02-10,2024_25,0022400760,MIL,GSW,236,231.5,0.5766575811229212,232.07665758112293,0.5766575811229302,3.9233424188770787,3.92334241887707,15.392615735760177,775,
only_ratings_and_pace,2025-02-10,2024_25,0022400762,DAL,SAC,257,237.5,-4.138158060943243,233.36184193905675,-4.138158060943255,23.638158060943244,23.638158060943255,558.7625165141366,775,
only_ratings_and_pace,2025-02-10,2024_25,0022400763,DEN,POR,263,233.0,-1.507652899163955,231.49234710083604,-1.5076528991639577,31.507652899163954,31.507652899163958,992.7321912141949,775,
only_ratings_and_pace,2025-02-10,2024_25,0022400768,LAL,UTA,245,234.66666666666666,0.43427155147501795,235.10093821814166,0.43427155147500685,9.899061781858325,9.899061781858336,97.99142416104833,775,
only_ratings_and_pace,2025-02-10,2024_25,0022400761,OKC,NOP,238,234.33333333333334,-3.5110980683273176,230.82223526500601,-3.5110980683273283,7.177764734993975,7.1777647349939855,51.520306590923276,775,
only_ratings_and_pace,2025-02-11,2024_25,0022400764,PHI,TOR,209,226.16666666666666,-3.3766028300110604,222.7900638366556,-3.376602830011052,-13.790063836655596,13.790063836655605,190.16586061903672,785,
only_ratings_and_pace,2025-02-11,2024_25,0022400765,IND,NYK,243,239.66666666666666,-3.7041602717882913,235.96250639487837,-3.7041602717882824,7.037493605121634,7.037493605121625,49.52631624212777,785,
only_ratings_and_pace,2025-02-11,2024_25,0022400766,CHI,DET,224,238.5,4.665559640840046,243.16555964084006,4.665559640840058,-19.165559640840044,19.16555964084006,367.31867634659733,785,
only_ratings_and_pace,2025-02-11,2024_25,0022400767,PHX,MEM,231,244.16666666666666,0.7897738449096856,244.95644051157635,0.7897738449096892,-13.956440511576343,13.956440511576346,194.78223175316944,785,
only_ratings_and_pace,2025-02-12,2024_25,0022400770,ORL,CHA,188,204.33333333333334,-1.0413633105104139,203.29197002282294,-1.0413633105104054,-15.291970022822928,15.291970022822937,233.84434717891534,789,
only_ratings_and_pace,2025-02-12,2024_25,0022400776,MIN,MIL,204,224.66666666666666,3.096395500210526,227.76306216687718,3.0963955002105195,-23.763062166877184,23.763062166877177,564.6831235468694,789,
only_ratings_and_pace,2025-02-12,2024_25,0022400769,BOS,SAS,219,233.5,2.635480112803399,236.1354801128034,2.635480112803407,-17.1354801128034,17.135480112803407,293.6246786962811,789,
only_ratings_and_pace,2025-02-12,2024_25,0022400772,BKN,PHI,196,212.66666666666666,-2.609579402335661,210.057087264331,-2.609579402335669,-14.057087264330995,14.057087264330988,197.60170235701648,789,
only_ratings_and_pace,2025-02-12,2024_25,0022400773,NYK,ATL,297,239.66666666666666,-2.0864058554717104,237.58026081119493,-2.0864058554717246,59.41973918880505,59.41973918880507,3530.7054052656167,789,
only_ratings_and_pace,2025-02-12,2024_25,0022400775,CHI,DET,238,236.83333333333334,1.8605970697370238,238.69393040307037,1.8605970697370253,-0.6939304030703666,0.6939304030703681,0.4815394043054036,789,
only_ratings_and_pace,2025-02-12,2024_25,0022400774,TOR,CLE,239,236.33333333333334,0.9402077864006614,237.273541119734,0.9402077864006628,1.7264588802659957,1.7264588802659944,2.9806602652493113,789,
only_ratings_and_pace,2025-02-12,2024_25,0022400771,WAS,IND,264,239.5,2.091080120742261,241.59108012074225,2.091080120742248,22.408919879257738,22.408919879257752,502.15969015499326,789,
only_ratings_and_pace,2025-02-12,2024_25,0022400778,OKC,MIA,216,218.83333333333334,-1.9600456764392786,216.87328765689406,-1.9600456764392789,-0.8732876568940642,0.873287656894064,0.7626313316835244,789,
only_ratings_and_pace,2025-02-12,2024_25,0022400779,HOU,PHX,230,223.5,1.5707919345185826,225.07079193451858,1.5707919345185815,4.929208065481418,4.9292080654814185,24.297092152807068,789,
only_ratings_and_pace,2025-02-12,2024_25,0022400780,DEN,POR,253,232.83333333333334,3.5492404257064685,236.38257375903981,3.549240425706472,16.61742624096019,16.617426240960185,276.13885487375217,789,
only_ratings_and_pace,2025-02-12,2024_25,0022400777,NOP,SAC,230,238.5,4.453821817650534,242.95382181765052,4.453821817650521,-12.953821817650535,12.953821817650521,167.80149968343866,789,
only_ratings_and_pace,2025-02-12,2024_25,0022400781,UTA,LAL,250,236.33333333333334,-0.48408878714319586,235.84924454619014,-0.48408878714320736,14.150755453809854,14.150755453809865,200.24387991352964,789,
only_ratings_and_pace,2025-02-12,2024_25,0022400782,DAL,GSW,218,233.33333333333334,0.05366895083232459,233.38700228416567,0.05366895083233203,-15.387002284165668,15.387002284165675,236.7598392929197,789,
only_ratings_and_pace,2025-02-12,2024_25,0022400783,LAC,MEM,242,237.33333333333334,-0.7841043485063923,236.54922898482695,-0.7841043485063892,5.45077101517305,5.450771015173046,29.710904659850602,789,
only_ratings_and_pace,2025-02-13,2024_25,0022400787,MIN,OKC,217,222.0,1.1968340690738628,223.19683406907387,1.1968340690738728,-6.196834069073863,6.196834069073873,38.400752479634654,804,
only_ratings_and_pace,2025-02-13,2024_25,0022400786,DAL,MIA,231,221.66666666666666,-2.281693132494535,219.38497353417213,-2.2816931324945244,11.615026465827878,11.615026465827867,134.90883980188178,804,
only_ratings_and_pace,2025-02-13,2024_25,0022401004,UTA,LAC,236,225.66666666666666,0.34618554595315676,226.0128522126198,0.34618554595314777,9.987147787380186,9.987147787380195,99.74312092697312,804,
only_ratings_and_pace,2025-02-13,2024_25,0022400784,HOU,GSW,203,216.66666666666666,2.8123884246120308,219.4790550912787,2.8123884246120383,-16.47905509127869,16.479055091278695,271.5592567013983,804,
only_ratings_and_pace,2025-02-13,2024_25,0022400785,NOP,SAC,273,235.66666666666666,2.1906707223278796,237.85733738899452,2.190670722327866,35.14266261100546,35.14266261100548,1235.0067353909624,804,
only_ratings_and_pace,2025-02-19,2024_25,0022400524,LAL,CHA,197,227.16666666666666,-1.6104315584940303,225.55623510817261,-1.6104315584940423,-28.556235108172626,28.556235108172615,815.4585635532302,809,
only_ratings_and_pace,2025-02-20,2024_25,0022400796,POR,LAL,212,227.0,1.7136088445191184,228.71360884451911,1.7136088445191149,-16.71360884451912,16.713608844519115,279.3447206075876,810,
only_ratings_and_pace,2025-02-20,2024_25,0022400788,IND,MEM,240,249.83333333333334,1.6433395770591142,251.47667291039247,1.6433395770591233,-11.476672910392457,11.476672910392466,131.71402109213628,810,
only_ratings_and_pace,2025-02-20,2024_25,0022400789,PHI,BOS,228,223.5,-0.791871748447122,222.70812825155286,-0.7918717484471358,5.291871748447122,5.291871748447136,28.003906602012947,810,
only_ratings_and_pace,2025-02-20,2024_25,0022400790,ATL,ORL,222,222.66666666666666,0.14650648654105064,222.8131731532077,0.1465064865410568,-0.8131731532077078,0.813173153207714,0.6612505770977763,810,
only_ratings_and_pace,2025-02-20,2024_25,0022400791,BKN,CLE,207,225.5,-0.8109245119457498,224.68907548805424,-0.8109245119457569,-17.68907548805425,17.689075488054243,312.9033916220815,810,
only_ratings_and_pace,2025-02-20,2024_25,0022400792,NYK,CHI,224,242.5,2.5479743063597473,245.04797430635975,2.547974306359748,-21.047974306359748,21.047974306359748,443.0172224011801,810,
only_ratings_and_pace,2025-02-20,2024_25,0022400793,MIL,LAC,226,227.33333333333334,2.438787623080723,229.77212095641406,2.4387876230807137,-3.772120956414066,3.7721209564140565,14.228896509818096,810,
only_ratings_and_pace,2025-02-20,2024_25,0022400794,DEN,CHA,244,228.33333333333334,-2.726746542572712,225.60658679076064,-2.726746542572698,18.39341320923937,18.393413209239355,338.3176494858208,810,
only_ratings_and_pace,2025-02-20,2024_25,0022400795,SAS,PHX,229,237.0,-1.4106956292396773,235.58930437076032,-1.410695629239683,-6.589304370760322,6.589304370760317,43.41893209052102,810,
only_ratings_and_pace,2025-02-21,2024_25,0022400797,CLE,NYK,247,239.5,-0.9623949766306327,238.53760502336937,-0.9623949766306339,8.462394976630632,8.462394976630634,71.61212874050338,819,
only_ratings_and_pace,2025-02-21,2024_25,0022400800,TOR,MIA,231,221.33333333333334,2.5349973383287123,223.86833067166205,2.534997338328708,7.131669328337945,7.131669328337949,50.860707408756255,819,
only_ratings_and_pace,2025-02-21,2024_25,0022400801,HOU,MIN,236,216.5,1.4847079614826588,217.98470796148266,1.4847079614826555,18.01529203851734,18.015292038517345,324.55074723306643,819,
only_ratings_and_pace,2025-02-21,2024_25,0022400799,WAS,MIL,205,229.66666666666666,3.380455227129319,233.04712189379597,3.3804552271293176,-28.047121893795975,28.047121893795975,786.6410465254495,819,
only_ratings_and_pace,2025-02-21,2024_25,0022400798,ORL,MEM,209,224.5,-1.2743815608018882,223.22561843919812,-1.274381560801885,-14.225618439198112,14.225618439198115,202.3682199776534,819,
only_ratings_and_pace,2025-02-21,2024_25,0022400805,SAC,GSW,240,233.5,0.7460648824240488,234.24606488242404,0.7460648824240366,5.753935117575951,5.753935117575963,33.107769337273915,819,
only_ratings_and_pace,2025-02-21,2024_25,0022400804,UTA,OKC,237,236.5,-1.036512946641153,235.46348705335885,-1.0365129466411531,1.536512946641153,1.5365129466411531,2.360872035195879,819,
only_ratings_and_pace,2025-02-21,2024_25,0022400802,SAS,DET,235,232.5,-1.802159464628182,230.69784053537182,-1.8021594646281756,4.302159464628182,4.3021594646281756,18.50857605908979,819,
only_ratings_and_pace,2025-02-21,2024_25,0022400803,DAL,NOP,214,236.83333333333334,-0.7434122363653827,236.08992109696797,-0.7434122363653728,-22.08992109696796,22.08992109696797,487.9646140702706,819,
only_ratings_and_pace,2025-02-22,2024_25,0022400806,CHI,PHX,238,238.5,-4.140993335943377,234.35900666405664,-4.140993335943364,3.640993335943377,3.6409933359433637,13.256832472383984,828,
only_ratings_and_pace,2025-02-22,2024_25,0022400807,PHI,BKN,208,213.5,1.5475622075812714,215.04756220758128,1.5475622075812794,-7.047562207581271,7.047562207581279,49.668133069727915,828,
only_ratings_and_pace,2025-02-22,2024_25,0022400808,DEN,LAL,223,240.66666666666666,2.0931177596921757,242.75978442635883,2.093117759692177,-19.759784426358834,19.759784426358834,390.4490805761731,828,
only_ratings_and_pace,2025-02-22,2024_25,0022400809,UTA,HOU,239,228.66666666666666,0.6369612356133656,229.30362790228003,0.63696123561337,9.696372097719976,9.696372097719973,94.01963185744242,828,
only_ratings_and_pace,2025-02-22,2024_25,0022400810,POR,CHA,229,222.0,-0.980823701996058,221.01917629800394,-0.9808237019960586,7.980823701996058,7.980823701996059,63.693546962342076,828,
only_ratings_and_pace,2025-02-23,2024_25,0022400817,MIL,MIA,233,221.5,2.7904269627067695,224.29042696270676,2.7904269627067606,8.70957303729323,8.70957303729324,75.85666249194539,833,
only_ratings_and_pace,2025-02-23,2024_25,0022400815,ORL,WAS,200,216.33333333333334,-3.647479977354975,212.68585335597837,-3.647479977354976,-12.685853355978368,12.685853355978367,160.9308753693876,833,
only_ratings_and_pace,2025-02-23,2024_25,0022400811,BOS,NYK,223,231.5,-0.0009087971740752848,231.49909120282592,-0.0009087971740768808,-8.499091202825925,8.499091202825923,72.234551273953,833,
only_ratings_and_pace,2025-02-23,2024_25,0022400813,IND,LAC,240,230.5,-1.6015192133293021,228.8984807866707,-1.6015192133293112,11.101519213329302,11.101519213329311,123.24372884391985,833,
only_ratings_and_pace,2025-02-23,2024_25,0022400814,ATL,DET,291,237.33333333333334,1.046721934163682,238.38005526749703,1.0467219341636849,52.61994473250297,52.61994473250297,2768.8585836516672,833,
only_ratings_and_pace,2025-02-23,2024_25,0022400818,NOP,SAS,210,239.5,5.61486745679195,245.11486745679196,5.614867456791956,-35.11486745679195,35.114867456791956,1233.0539165080668,833,
only_ratings_and_pace,2025-02-23,2024_25,0022400816,TOR,PHX,236,227.5,-4.239508217698094,223.2604917823019,-4.239508217698102,12.739508217698095,12.739508217698102,162.29506962879748,833,
only_ratings_and_pace,2025-02-23,2024_25,0022400819,CLE,MEM,252,249.5,1.1405264714660936,250.6405264714661,1.140526471466103,1.3594735285339064,1.359473528533897,1.8481682747844046,833,
only_ratings_and_pace,2025-02-23,2024_25,0022400820,MIN,OKC,253,228.83333333333334,2.8224070200280607,231.6557403533614,2.8224070200280664,21.344259646638598,21.34425964663859,455.57741986312453,833,
only_ratings_and_pace,2025-02-23,2024_25,0022400812,GSW,DAL,228,228.5,0.5431844111080066,229.043184411108,0.5431844111080011,-1.0431844111080066,1.043184411108001,1.088233715578747,833,
only_ratings_and_pace,2025-02-24,2024_25,0022400823,PHI,CHI,252,232.0,-7.511395889368049,224.48860411063194,-7.51139588936806,27.51139588936805,27.51139588936806,756.8769037815379,843,
only_ratings_and_pace,2025-02-24,2024_25,0022400821,DET,LAC,203,224.0,0.9202805831629866,224.920280583163,0.9202805831629917,-21.920280583162988,21.92028058316299,480.49870084459246,843,
only_ratings_and_pace,2025-02-24,2024_25,0022400822,IND,DEN,241,246.33333333333334,2.796918137822573,249.13025147115593,2.796918137822587,-8.130251471155916,8.13025147115593,66.10098898423315,843,
only_ratings_and_pace,2025-02-24,2024_25,0022400824,WAS,BKN,206,214.16666666666666,4.6752753055296,218.84194197219625,4.6752753055295955,-12.841941972196256,12.841941972196253,164.91547361725577,843,
only_ratings_and_pace,2025-02-24,2024_25,0022400828,SAC,CHA,218,231.16666666666666,1.707095206411231,232.87376187307788,1.7070952064112248,-14.873761873077889,14.873761873077882,221.22879225702528,843,
only_ratings_and_pace,2025-02-24,2024_25,0022400827,UTA,POR,226,232.0,-0.5387804265734597,231.46121957342655,-0.538780426573453,-5.46121957342654,5.461219573426547,29.824919229177237,843,
only_ratings_and_pace,2025-02-24,2024_25,0022400826,OKC,MIN,259,227.16666666666666,0.48045433290964407,227.6471209995763,0.48045433290963047,31.352879000423698,31.352879000423712,983.0030216152102,843,
only_ratings_and_pace,2025-02-24,2024_25,0022400825,ATL,MIA,184,227.16666666666666,1.2097422316188353,228.3764088982855,1.2097422316188329,-44.37640889828549,44.37640889828549,1969.2656667078315,843,
only_ratings_and_pace,2025-02-25,2024_25,0022400834,GSW,CHA,220,222.5,-2.364042195596811,220.13595780440318,-2.3640421955968236,-0.13595780440318883,0.1359578044031764,0.01848452457813237,851,
only_ratings_and_pace,2025-02-25,2024_25,0022400833,NOP,SAS,212,237.83333333333334,2.9502495842448933,240.78358291757823,2.9502495842448866,-28.783582917578237,28.78358291757823,828.4946455731013,851,
only_ratings_and_pace,2025-02-25,2024_25,0022400832,MEM,PHX,299,244.83333333333334,1.3212375281690711,246.1545708615024,1.321237528169064,52.845429138497586,52.84542913849759,2792.6393808319704,851,
only_ratings_and_pace,2025-02-25,2024_25,0022400835,LAL,DAL,206,231.5,1.0296519735506189,232.5296519735506,1.0296519735506138,-26.529651973550617,26.529651973550614,703.822433837718,851,
only_ratings_and_pace,2025-02-25,2024_25,0022400830,ORL,CLE,204,224.16666666666666,0.7366870541794186,224.90335372084607,0.7366870541794128,-20.903353720846077,20.90335372084607,436.95019677880924,851,
only_ratings_and_pace,2025-02-25,2024_25,0022400829,TOR,BOS,212,226.33333333333334,0.4541060716391831,226.78743940497253,0.45410607163918826,-14.787439404972526,14.787439404972531,218.66836415573437,851,
only_ratings_and_pace,2025-02-25,2024_25,0022400831,HOU,MIL,197,226.33333333333334,1.8223265763843977,228.15565990971774,1.8223265763843983,-31.15565990971774,31.15565990971774,970.6751444099933,851,
only_ratings_and_pace,2025-02-26,2024_25,0022400844,HOU,SAS,224,227.0,-0.29586786942072796,226.70413213057927,-0.2958678694207322,-2.7041321305792723,2.704132130579268,7.31233057963117,858,
only_ratings_and_pace,2025-02-26,2024_25,0022400843,UTA,SAC,219,235.66666666666666,-0.5974241883377703,235.06924247832887,-0.5974241883377829,-16.06924247832889,16.069242478328874,258.2205538273291,858,
only_ratings_and_pace,2025-02-26,2024_25,0022400842,CHI,LAC,239,228.0,1.394043262788318,229.39404326278833,1.3940432627883297,9.605956737211683,9.60595673721167,92.27440483718227,858,
only_ratings_and_pace,2025-02-26,2024_25,0022400841,MIA,ATL,240,229.16666666666666,-0.9286164117429667,228.23805025492368,-0.9286164117429792,11.76194974507631,11.761949745076322,138.34346180570097,858,
only_ratings_and_pace,2025-02-26,2024_25,0022400836,DET,BOS,214,225.83333333333334,1.185884061284603,227.01921739461795,1.1858840612846109,-13.019217394617947,13.019217394617954,169.5000215683227,858,
only_ratings_and_pace,2025-02-26,2024_25,0022400839,WAS,POR,250,230.33333333333334,1.095219076087015,231.42855240942035,1.0952190760870053,18.57144759057964,18.571447590579652,344.89866560964674,858,
only_ratings_and_pace,2025-02-26,2024_25,0022400838,NYK,PHI,215,231.0,3.7442549469674655,234.74425494696746,3.744254946967459,-19.744254946967466,19.74425494696746,389.835603410849,858,
only_ratings_and_pace,2025-02-26,2024_25,0022400837,IND,TOR,202,235.83333333333334,-0.6630469699589205,235.17028636337443,-0.6630469699589128,-33.17028636337442,33.17028636337443,1100.2678974282637,858,
only_ratings_and_pace,2025-02-26,2024_25,0022400840,BKN,OKC,250,217.16666666666666,0.2984445654757209,217.4651112321424,0.2984445654757337,32.53488876785762,32.53488876785761,1058.5189871368673,858,
only_ratings_and_pace,2025-02-27,2024_25,0022400845,ORL,GSW,236,210.5,3.2923645863170417,213.79236458631703,3.292364586317035,22.207635413682958,22.207635413682965,493.17907066706573,867,
only_ratings_and_pace,2025-02-27,2024_25,0022400847,DAL,CHA,199,223.33333333333334,-3.256614214153755,220.0767191191796,-3.256614214153757,-21.076719119179586,21.076719119179586,444.2280888287903,867,
only_ratings_and_pace,2025-02-27,2024_25,0022400846,MIL,DEN,233,240.16666666666666,0.3389404221072159,240.50560708877387,0.3389404221072141,-7.505607088773873,7.505607088773871,56.33413777105259,867,
only_ratings_and_pace,2025-02-27,2024_25,0022400849,LAL,MIN,213,226.16666666666666,0.27718427477478935,226.44385094144144,0.2771842747747826,-13.443850941441447,13.44385094144144,180.73712813569588,867,
only_ratings_and_pace,2025-02-27,2024_25,0022400848,PHX,NOP,240,235.66666666666666,-0.49583971115811576,235.17082695550855,-0.4958397111581121,4.8291730444914585,4.829173044491455,23.320912293642866,867,
only_ratings_and_pace,2025-02-28,2024_25,0022400854,MIA,IND,245,225.5,0.5052851232360354,226.00528512323604,0.5052851232360354,18.994714876763965,18.994714876763965,360.7991932495583,872,
only_ratings_and_pace,2025-02-28,2024_25,0022400851,ATL,OKC,254,241.83333333333334,4.025614155534361,245.8589474888677,4.025614155534356,8.141052511132296,8.141052511132301,66.27673598901355,872,
only_ratings_and_pace,2025-02-28,2024_25,0022400852,BOS,CLE,239,232.5,4.2706439591889795,236.770643959189,4.2706439591889875,2.2293560408110205,2.2293560408110125,4.970028356700553,872,
only_ratings_and_pace,2025-02-28,2024_25,0022400853,BKN,POR,223,218.33333333333334,0.4564264923283297,218.78975982566166,0.456426492328319,4.2102401743383275,4.210240174338338,17.726122325612522,872,
only_ratings_and_pace,2025-02-28,2024_25,0022400850,DET,DEN,253,237.0,0.8260948185991002,237.8260948185991,0.8260948185991026,15.1739051814009,15.173905181400897,230.247398454145,872,
only_ratings_and_pace,2025-02-28,2024_25,0022400855,CHI,TOR,240,235.33333333333334,-0.4488272499338075,234.88450608339954,-0.4488272499337995,5.115493916600465,5.115493916600457,26.16827801077628,872,
only_ratings_and_pace,2025-02-28,2024_25,0022400856,MEM,NYK,227,245.0,1.148450563941669,246.14845056394168,1.1484505639416795,-19.14845056394167,19.14845056394168,366.6631589997184,872,
only_ratings_and_pace,2025-02-28,2024_25,0022400857,PHX,NOP,233,235.66666666666666,0.6617916836513965,236.32845835031804,0.6617916836513871,-3.3284583503180536,3.3284583503180443,11.078634989801916,872,
only_ratings_and_pace,2025-02-28,2024_25,0022400859,LAL,LAC,208,220.16666666666666,0.06042041986943582,220.2270870865361,0.060420419869444686,-12.227087086536093,12.227087086536102,149.5016586217379,872,
only_ratings_and_pace,2025-02-28,2024_25,0022400858,UTA,MIN,233,226.33333333333334,0.3530093763666227,226.68634270969997,0.35300937636662866,6.313657290300035,6.3136572903000285,39.862268379358696,872,
only_ratings_and_pace,2025-03-01,2024_25,0022400860,CHA,WAS,213,219.66666666666666,2.16148299936519,221.82814966603183,2.1614829993651767,-8.828149666031848,8.828149666031834,77.93622652585798,882,
only_ratings_and_pace,2025-03-01,2024_25,0022400861,DET,BKN,209,218.16666666666666,1.5623331997045873,219.72899986637125,1.5623331997045966,-10.728999866371245,10.728999866371254,115.11143813259439,882,
only_ratings_and_pace,2025-03-01,2024_25,0022400862,HOU,SAC,216,228.0,-1.2490167059899897,226.75098329401,-1.2490167059899875,-10.75098329401001,10.750983294010013,115.58364178808237,882,
only_ratings_and_pace,2025-03-01,2024_25,0022400863,MEM,SAS,258,242.33333333333334,1.518246423356248,243.8515797566896,1.5182464233562598,14.14842024331041,14.148420243310397,200.17779538131543,882,
only_ratings_and_pace,2025-03-01,2024_25,0022400864,PHI,GSW,245,225.66666666666666,-2.8672253115698636,222.7994413550968,-2.867225311569854,22.200558644903207,22.200558644903197,492.8648041457861,882,
only_ratings_and_pace,2025-03-01,2024_25,0022400865,DAL,MIL,249,227.66666666666666,0.5626972012256429,228.2293638678923,0.5626972012256317,20.7706361321077,20.77063613210771,431.4193253324184,882,
only_ratings_and_pace,2025-03-02,2024_25,0022400869,MIA,NYK,228,223.0,1.005748625842764,224.00574862584276,1.005748625842756,3.994251374157236,3.994251374157244,15.954044039957033,888,
only_ratings_and_pace,2025-03-02,2024_25,0022400866,BOS,DEN,213,235.33333333333334,1.6010498076209383,236.93438314095428,1.6010498076209387,-23.93438314095428,23.93438314095428,572.8546963379965,888,
only_ratings_and_pace,2025-03-02,2024_25,0022400867,CLE,POR,262,234.33333333333334,1.2461331628995118,235.57946649623287,1.2461331628995254,26.420533503767146,26.420533503767132,698.0445906236815,888,
only_ratings_and_pace,2025-03-02,2024_25,0022400874,LAL,LAC,210,219.83333333333334,-1.1148346177829145,218.71849871555042,-1.1148346177829183,-8.718498715550428,8.718498715550425,76.0122198530544,888,
only_ratings_and_pace,2025-03-02,2024_25,0022400868,IND,CHI,239,243.16666666666666,0.9234092863210668,244.09007595298772,0.9234092863210606,-5.090075952987724,5.090075952987718,25.908873207183824,888,
only_ratings_and_pace,2025-03-02,2024_25,0022400872,UTA,NOP,249,232.0,2.0009935255298283,234.00099352552982,2.0009935255298217,14.999006474470171,14.999006474470178,224.97019522119834,888,
only_ratings_and_pace,2025-03-02,2024_25,0022400873,PHX,MIN,214,229.66666666666666,-0.37095184723798863,229.29571481942867,-0.3709518472379898,-15.29571481942867,15.295714819428667,233.95889183728974,888,
only_ratings_and_pace,2025-03-02,2024_25,0022400871,SAS,OKC,278,235.33333333333334,5.2352359141671965,240.56856924750053,5.235235914167191,37.43143075249946,37.431430752499466,1401.1120081791628,888,
only_ratings_and_pace,2025-03-02,2024_25,0022400870,ORL,TOR,206,211.5,-0.6529862018909242,210.8470137981091,-0.6529862018909114,-4.847013798109076,4.847013798109089,23.493542759059892,888,
only_ratings_and_pace,2025-03-03,2024_25,0022400875,CHA,GSW,220,224.33333333333334,4.16573673250706,228.4990700658404,4.165736732507071,-8.499070065840403,8.499070065840414,72.23419198406458,897,
only_ratings_and_pace,2025-03-03,2024_25,0022400876,PHI,POR,221,228.16666666666666,2.1408814506595033,230.30754811732615,2.140881450659492,-9.30754811732616,9.30754811732615,86.63045195634155,897,
only_ratings_and_pace,2025-03-03,2024_25,0022400877,MIA,WAS,196,219.5,-0.29313343568854827,219.20686656431144,-0.29313343568856,-23.20686656431145,23.20686656431144,538.5586557337563,897,
only_ratings_and_pace,2025-03-03,2024_25,0022400878,MEM,ATL,262,253.33333333333334,-2.7268926739546346,250.6064406593787,-2.7268926739546373,11.393559340621291,11.393559340621294,129.81319444825874,897,
only_ratings_and_pace,2025-03-03,2024_25,0022400879,OKC,HOU,265,226.83333333333334,-2.2744271210426295,224.5589062122907,-2.274427121042635,40.441093787709285,40.44109378770929,1635.482066746299,897,
only_ratings_and_pace,2025-03-03,2024_25,0022400880,DAL,SAC,220,231.5,0.2012304274215163,231.7012304274215,0.20123042742150687,-11.701230427421516,11.701230427421507,136.9187935156149,897,
only_ratings_and_pace,2025-03-03,2024_25,0022400881,UTA,DET,240,232.16666666666666,4.195109449171194,236.36177611583784,4.195109449171184,3.638223884162149,3.6382238841621586,13.236673031287983,897,
only_ratings_and_pace,2025-03-04,2024_25,0022400886,CHI,CLE,256,246.0,0.868185156633444,246.86818515663344,0.8681851566334444,9.131814843366556,9.131814843366556,83.39004233352975,904,
only_ratings_and_pace,2025-03-04,2024_25,0022400883,ORL,TOR,227,209.5,-3.569398531724962,205.93060146827503,-3.5693985317249712,21.06939853172496,21.06939853172497,443.9195544886544,904,
only_ratings_and_pace,2025-03-04,2024_25,0022400884,ATL,MIL,248,240.83333333333334,0.8524889161925551,241.6858222495259,0.8524889161925557,6.314177750474102,6.3141777504741015,39.86884066458219,904,
only_ratings_and_pace,2025-03-04,2024_25,0022400885,NYK,GSW,216,231.16666666666666,4.404146202483057,235.5708128691497,4.404146202483048,-19.570812869149712,19.570812869149705,383.01671635927573,904,
only_ratings_and_pace,2025-03-04,2024_25,0022400890,LAL,NOP,251,230.0,1.10945473921526,231.10945473921527,1.1094547392152663,19.89054526078474,19.890545260784734,395.633790771326,904,
only_ratings_and_pace,2025-03-04,2024_25,0022400887,MIN,PHI,238,223.33333333333334,1.4931238263364546,224.8264571596698,1.4931238263364435,13.173542840330203,13.173542840330214,173.54223096601544,904,
only_ratings_and_pace,2025-03-04,2024_25,0022400888,SAS,BKN,240,225.33333333333334,1.4608950521957556,226.7942283855291,1.4608950521957524,13.205771614470901,13.205771614470905,174.39240393356548,904,
only_ratings_and_pace,2025-03-04,2024_25,0022400889,PHX,LAC,236,225.33333333333334,-1.9205647512954036,223.41276858203793,-1.9205647512954158,12.58723141796206,12.587231417962073,158.4383947693315,904,
only_ratings_and_pace,2025-03-04,2024_25,0022400882,IND,HOU,217,230.33333333333334,2.6313179678908813,232.96465130122422,2.6313179678908796,-15.964651301224224,15.964651301224222,254.87009116968025,904,
only_ratings_and_pace,2025-03-05,2024_25,0022400892,CHA,MIN,235,223.5,3.204116294152647,226.70411629415264,3.204116294152641,8.295883705847352,8.29588370584736,68.82168646094371,913,
only_ratings_and_pace,2025-03-05,2024_25,0022400894,WAS,UTA,247,230.5,-0.8310006947209763,229.66899930527902,-0.8310006947209843,17.331000694720977,17.331000694720984,300.3635850804192,913,
only_ratings_and_pace,2025-03-05,2024_25,0022400891,BOS,POR,246,225.0,3.5805675631539238,228.58056756315392,3.58056756315392,17.419432436846076,17.41943243684608,303.43662642184535,913,
only_ratings_and_pace,2025-03-05,2024_25,0022400893,CLE,MIA,219,227.16666666666666,1.0473532139747446,228.2140198806414,1.0473532139747306,-9.214019880641402,9.214019880641388,84.89816236085473,913,
only_ratings_and_pace,2025-03-05,2024_25,0022400895,MEM,OKC,223,250.5,1.5803164295369658,252.08031642953696,1.580316429536964,-29.080316429536964,29.080316429536964,845.6648036419975,913,
only_ratings_and_pace,2025-03-05,2024_25,0022400897,MIL,DAL,244,225.33333333333334,-1.4165474111156056,223.91678592221774,-1.4165474111156016,20.083214077782262,20.08321407778226,403.3354876940315,913,
only_ratings_and_pace,2025-03-05,2024_25,0022400898,LAC,DET,238,219.5,5.290546694952345,224.79054669495235,5.290546694952354,13.209453305047655,13.209453305047646,174.48965661823416,913,
only_ratings_and_pace,2025-03-05,2024_25,0022400896,DEN,SAC,226,237.0,-0.055135090675408394,236.9448649093246,-0.05513509067540667,-10.944864909324592,10.944864909324593,119.79006788336484,913,
only_ratings_and_pace,2025-03-06,2024_25,0022400899,ATL,IND,242,247.16666666666666,0.7781065868311119,247.94477325349777,0.7781065868311146,-5.944773253497769,5.944773253497772,35.340329035502485,921,
only_ratings_and_pace,2025-03-06,2024_25,0022400900,BOS,PHI,228,221.83333333333334,-0.5819213043466248,221.25141202898672,-0.581921304346622,6.748587971013282,6.748587971013279,45.54343960250513,921,
only_ratings_and_pace,2025-03-06,2024_25,0022400901,BKN,GSW,240,224.5,6.002977857082438,230.50297785708244,6.002977857082442,9.497022142917562,9.497022142917558,90.1934295830664,921,
only_ratings_and_pace,2025-03-06,2024_25,0022400902,NOP,HOU,206,228.33333333333334,-2.1174248825494626,226.21590845078387,-2.1174248825494715,-20.21590845078388,20.21590845078387,408.68295449047474,921,
only_ratings_and_pace,2025-03-06,2024_25,0022400903,LAL,NYK,222,229.66666666666666,3.830998479859823,233.4976651465265,3.8309984798598293,-11.49766514652648,11.497665146526487,132.19630382164993,921,
only_ratings_and_pace,2025-03-06,2024_25,0022400944,ORL,CHI,248,219.16666666666666,1.8541099122051627,221.02077657887182,1.8541099122051605,26.97922342112818,26.979223421128182,727.8784964071515,921,
only_ratings_and_pace,2025-03-07,2024_25,0022400907,MIA,MIN,210,216.16666666666666,1.9530458945684066,218.11971256123508,1.9530458945684188,-8.119712561235064,8.119712561235076,65.92973207707868,927,
only_ratings_and_pace,2025-03-07,2024_25,0022400904,CHA,CLE,235,234.33333333333334,-1.4612673828309564,232.8720659505024,-1.461267382830954,2.1279340494976138,2.127934049497611,4.528103319011302,927,
only_ratings_and_pace,2025-03-07,2024_25,0022400905,TOR,UTA,227,229.83333333333334,-1.417567882559663,228.41576545077368,-1.4175678825596663,-1.4157654507736799,1.4157654507736765,2.0043918116043917,927,
only_ratings_and_pace,2025-03-07,2024_25,0022400906,DAL,MEM,233,239.33333333333334,-4.601193103980431,234.73214022935292,-4.601193103980421,-1.732140229352912,1.7321402293529218,3.0003097741427927,927,
only_ratings_and_pace,2025-03-07,2024_25,0022400911,LAC,NYK,200,220.16666666666666,-1.1220463786891546,219.0446202879775,-1.1220463786891628,-19.0446202879775,19.044620287977494,362.697561913244,927,
only_ratings_and_pace,2025-03-07,2024_25,0022400909,DEN,PHX,290,237.5,-0.3975000550494223,237.10249994495058,-0.3975000550494201,52.89750005504942,52.89750005504942,2798.1455120739533,927,
only_ratings_and_pace,2025-03-07,2024_25,0022400910,SAC,SAS,236,235.66666666666666,0.9152882250199196,236.58195489168656,0.915288225019907,-0.5819548916865768,0.5819548916865642,0.3386714959579207,927,
only_ratings_and_pace,2025-03-07,2024_25,0022400908,OKC,POR,196,227.0,0.8059704844992216,227.80597048449923,0.8059704844992268,-31.805970484499223,31.805970484499227,1011.619758460836,927,
only_ratings_and_pace,2025-03-08,2024_25,0022400917,MIL,ORL,220,217.83333333333334,-1.6393106025548618,216.19402273077847,-1.6393106025548718,3.8059772692215192,3.805977269221529,14.485462973830968,935,
only_ratings_and_pace,2025-03-08,2024_25,0022400919,GSW,DET,225,233.33333333333334,2.1186936897243944,235.45202702305772,2.118693689724381,-10.452027023057738,10.452027023057724,109.24486889072891,935,
only_ratings_and_pace,2025-03-08,2024_25,0022400916,MIA,CHI,223,226.33333333333334,2.5000983015034364,228.83343163483678,2.500098301503442,-5.83343163483678,5.833431634836785,34.028924638314564,935,
only_ratings_and_pace,2025-03-08,2024_25,0022400918,BOS,LAL,212,226.5,1.6761427017266606,228.17614270172666,1.6761427017266612,-16.17614270172666,16.17614270172666,261.6675927066247,935,
only_ratings_and_pace,2025-03-08,2024_25,0022400914,ATL,IND,238,243.33333333333334,-1.5349923030129191,241.79834103032042,-1.5349923030129276,-3.7983410303204237,3.7983410303204153,14.427394582615554,935,
only_ratings_and_pace,2025-03-08,2024_25,0022400913,HOU,NOP,263,229.66666666666666,-0.08246707288447253,229.5841995937822,-0.08246707288446942,33.41580040621781,33.41580040621781,1116.6157167881865,935,
only_ratings_and_pace,2025-03-08,2024_25,0022400915,TOR,WAS,235,222.66666666666666,-0.621254959671894,222.04541170699477,-0.6212549596718873,12.954588293005237,12.95458829300523,167.82135784126817,935,
only_ratings_and_pace,2025-03-08,2024_25,0022400912,CHA,BKN,207,212.66666666666666,-3.4438494356165927,209.22281723105007,-3.4438494356165847,-2.2228172310500645,2.2228172310500725,4.940916442653111,935,
only_ratings_and_pace,2025-03-09,2024_25,0022400923,NOP,MEM,211,240.16666666666666,-4.373160117958647,235.79350654870802,-4.3731601179586335,-24.79350654870801,24.793506548708024,614.7179669808277,943,
only_ratings_and_pace,2025-03-09,2024_25,0022400920,OKC,DEN,230,240.66666666666666,-1.4846495624031433,239.1820171042635,-1.484649562403149,-9.182017104263513,9.182017104263508,84.30943810298761,943,
only_ratings_and_pace,2025-03-09,2024_25,0022400921,DAL,PHX,241,228.83333333333334,-4.256236246991563,224.57709708634178,-4.256236246991563,16.42290291365822,16.42290291365822,269.71174011144365,943,
only_ratings_and_pace,2025-03-09,2024_25,0022400922,MIL,CLE,212,237.83333333333334,0.4015407831864778,238.23487411651982,0.40154078318647635,-26.23487411651982,26.23487411651982,688.2686199096415,943,
only_ratings_and_pace,2025-03-09,2024_25,0022400924,PHI,UTA,248,225.33333333333334,-2.209111960087394,223.12422137324594,-2.209111960087398,24.87577862675405,24.875778626754055,618.8043622872739,943,
only_ratings_and_pace,2025-03-09,2024_25,0022400926,POR,DET,231,232.16666666666666,0.9500570740282432,233.1167237406949,0.9500570740282512,-2.1167237406949004,2.1167237406949084,4.480519394421446,943,
only_ratings_and_pace,2025-03-09,2024_25,0022400925,MIN,SAS,265,233.0,4.693879121793433,237.69387912179343,4.6938791217934295,27.306120878206567,27.30612087820657,745.6242374152288,943,
only_ratings_and_pace,2025-03-09,2024_25,0022400927,LAC,SAC,221,220.83333333333334,1.2671578977278817,222.10049123106123,1.2671578977278841,-1.1004912310612245,1.100491231061227,1.2110809496426547,943,
only_ratings_and_pace,2025-03-10,2024_25,0022400931,MIA,CHA,207,216.33333333333334,-0.8494008623907849,215.48393247094256,-0.8494008623907803,-8.483932470942557,8.483932470942563,71.97711017151357,951,
only_ratings_and_pace,2025-03-10,2024_25,0022400933,CHI,IND,224,241.5,-6.212799436929693,235.28720056307031,-6.212799436929686,-11.287200563070307,11.287200563070314,127.40089655097482,951,
only_ratings_and_pace,2025-03-10,2024_25,0022400928,ATL,PHI,255,234.5,-0.8073827777064995,233.6926172222935,-0.8073827777064935,21.3073827777065,21.307382777706493,454.0045608357033,951,
only_ratings_and_pace,2025-03-10,2024_25,0022400929,BOS,UTA,222,228.66666666666666,3.742985189557113,232.40965185622377,3.7429851895571176,-10.409651856223771,10.409651856223775,108.36085176778307,951,
only_ratings_and_pace,2025-03-10,2024_25,0022400932,TOR,WAS,223,232.16666666666666,-0.6478276342143443,231.51883903245232,-0.6478276342143374,-8.518839032452313,8.51883903245232,72.57061846083317,951,
only_ratings_and_pace,2025-03-10,2024_25,0022400939,SAC,NYK,237,220.83333333333334,0.45202180995300306,221.28535514328635,0.4520218099530098,15.714644856713655,15.714644856713647,246.9500629726367,951,
only_ratings_and_pace,2025-03-10,2024_25,0022400934,HOU,ORL,181,213.5,-0.656148989531437,212.84385101046857,-0.656148989531431,-31.843851010468562,31.84385101046857,1014.0308471769201,951,
only_ratings_and_pace,2025-03-10,2024_25,0022400936,OKC,DEN,267,238.5,-0.6790971274737061,237.8209028725263,-0.6790971274737103,29.179097127473707,29.17909712747371,851.4197091745446,951,
only_ratings_and_pace,2025-03-10,2024_25,0022400937,SAS,DAL,262,229.33333333333334,-1.6754345141300089,227.65789881920333,-1.6754345141300178,34.34210118079667,34.342101180796675,1179.3799135120764,951,
only_ratings_and_pace,2025-03-10,2024_25,0022400938,GSW,POR,250,230.5,-0.9690863514800135,229.53091364852,-0.9690863514800014,20.469086351480012,20.46908635148,418.9834960643449,951,
only_ratings_and_pace,2025-03-10,2024_25,0022400935,MEM,PHX,238,242.66666666666666,-0.9888828749894725,241.67778379167717,-0.9888828749894856,-3.677783791677185,3.6777837916771716,13.526093618323314,951,
only_ratings_and_pace,2025-03-10,2024_25,0022400930,BKN,LAL,219,215.66666666666666,4.161524323587109,219.82819099025377,4.161524323587116,-0.8281909902537663,0.8281909902537734,0.6859003163375258,951,
only_ratings_and_pace,2025-03-11,2024_25,0022400943,NOP,LAC,247,224.5,5.168704547115806,229.6687045471158,5.168704547115794,17.331295452884195,17.331295452884206,300.37380207516475,963,
only_ratings_and_pace,2025-03-11,2024_25,0022400942,IND,MIL,229,234.0,1.4435101881243955,235.4435101881244,1.4435101881244066,-6.443510188124396,6.443510188124407,41.518823544463025,963,
only_ratings_and_pace,2025-03-11,2024_25,0022400941,DET,WAS,226,234.5,1.6615401666613865,236.16154016666138,1.661540166661382,-10.161540166661386,10.161540166661382,103.25689855867263,963,
only_ratings_and_pace,2025-03-11,2024_25,0022400940,CLE,BKN,213,227.0,2.1306158246308886,229.1306158246309,2.130615824630894,-16.130615824630887,16.130615824630894,260.1967668818326,963,
only_ratings_and_pace,2025-03-12,2024_25,0022400948,MIA,LAC,223,209.5,3.955671627620277,213.4556716276203,3.9556716276202906,9.544328372379724,9.54432837237971,91.09420407981231,967,
only_ratings_and_pace,2025-03-12,2024_25,0022400950,MEM,UTA,237,246.83333333333334,0.8228759493244134,247.65620928265776,0.8228759493244127,-10.656209282657755,10.656209282657755,113.55479627580131,967,
only_ratings_and_pace,2025-03-12,2024_25,0022400953,POR,NYK,227,226.66666666666666,-0.09112494563445173,226.5755417210322,-0.09112494563444784,0.42445827896779453,0.42445827896779065,0.1801648305842988,967,
only_ratings_and_pace,2025-03-12,2024_25,0022400951,SAS,DAL,242,237.5,5.5311126801466965,243.0311126801467,5.531112680146691,-1.0311126801466965,1.0311126801466912,1.0631933591592928,967,
only_ratings_and_pace,2025-03-12,2024_25,0022400949,HOU,PHX,215,228.66666666666666,0.9096836260072843,229.57635029267394,0.9096836260072791,-14.576350292673942,14.576350292673936,212.46998785473554,967,
only_ratings_and_pace,2025-03-12,2024_25,0022400952,DEN,MIN,210,235.33333333333334,-1.663546122967251,233.66978721036608,-1.6635461229672615,-23.669787210366092,23.66978721036608,560.2588265840097,967,
only_ratings_and_pace,2025-03-12,2024_25,0022400947,TOR,PHI,223,219.33333333333334,1.7547806298579307,221.08811396319126,1.754780629857919,1.9118860368087265,1.9118860368087383,3.655308217744224,967,
only_ratings_and_pace,2025-03-12,2024_25,0022400946,BOS,OKC,230,228.0,-0.09566455259470741,227.9043354474053,-0.0956645525947124,2.0956645525947075,2.0956645525947124,4.391809917001996,967,
only_ratings_and_pace,2025-03-12,2024_25,0022400945,ATL,CHA,233,233.66666666666666,-1.7034523253738827,231.96321434129277,-1.7034523253738882,1.0367856587072255,1.036785658707231,1.074924502100987,967,
only_ratings_and_pace,2025-03-13,2024_25,0022400954,DET,WAS,254,235.33333333333334,1.3200220828531017,236.65335541618646,1.3200220828531144,17.346644583813557,17.346644583813543,300.9060783171477,976,
only_ratings_and_pace,2025-03-13,2024_25,0022400955,MIL,LAL,232,225.5,0.6459161635280785,226.14591616352809,0.645916163528085,5.854083836471921,5.854083836471915,34.270297564441734,976,
only_ratings_and_pace,2025-03-13,2024_25,0022400956,CHI,BKN,226,230.0,-0.32768476628539905,229.6723152337146,-0.3276847662853868,-3.672315233714601,3.672315233714613,13.485899175772415,976,
only_ratings_and_pace,2025-03-13,2024_25,0022400957,GSW,SAC,234,233.5,-0.8404249744936846,232.6595750255063,-0.8404249744936862,1.3404249744936845,1.3404249744936862,1.7967391122463994,976,
only_ratings_and_pace,2025-03-13,2024_25,0022401141,NOP,ORL,206,217.16666666666666,0.750936412107964,217.91760307877462,0.7509364121079614,-11.917603078774622,11.917603078774619,142.02926314321826,976,
only_ratings_and_pace,2025-03-14,2024_25,0022400958,MIA,BOS,194,216.16666666666666,0.8172173361989887,216.98388400286564,0.8172173361989792,-22.983884002865647,22.983884002865636,528.2589238571829,981,
only_ratings_and_pace,2025-03-14,2024_25,0022400965,DEN,LAL,257,231.5,0.3744156885064652,231.87441568850647,0.374415688506474,25.125584311493533,25.125584311493526,631.2949869939696,981,
only_ratings_and_pace,2025-03-14,2024_25,0022400959,PHI,IND,212,232.83333333333334,3.5697627109336487,236.403096044267,3.569762710933645,-24.40309604426699,24.403096044266988,595.5110965457192,981,
only_ratings_and_pace,2025-03-14,2024_25,0022400962,MEM,CLE,257,244.16666666666666,1.9571880557960897,246.12385472246274,1.957188055796081,10.876145277537253,10.876145277537262,118.29053609809608,981,
only_ratings_and_pace,2025-03-14,2024_25,0022400960,ATL,LAC,219,232.33333333333334,1.6428194935456164,233.97615282687897,1.6428194935456304,-14.976152826878959,14.976152826878973,224.28515349403506,981,
only_ratings_and_pace,2025-03-14,2024_25,0022400966,UTA,TOR,244,231.83333333333334,1.4969541944828872,233.33028752781624,1.4969541944828961,10.66971247218377,10.669712472183761,113.8427642390737,981,
only_ratings_and_pace,2025-03-14,2024_25,0022400964,SAS,CHA,279,230.0,-1.1378482640609855,228.86215173593902,-1.1378482640609775,50.137848264060985,50.13784826406098,2513.8038285500024,981,
only_ratings_and_pace,2025-03-14,2024_25,0022400963,MIN,ORL,229,208.5,3.236630439341501,211.7366304393415,3.2366304393414964,17.2633695606585,17.263369560658504,298.02392858787056,981,
only_ratings_and_pace,2025-03-14,2024_25,0022400967,PHX,SAC,228,235.33333333333334,-1.662751830559781,233.67058150277356,-1.6627518305597846,-5.670581502773562,5.670581502773558,32.15549457959762,981,
only_ratings_and_pace,2025-03-14,2024_25,0022400961,HOU,DAL,229,223.66666666666666,1.9451412952121252,225.61180796187878,1.9451412952121245,3.3881920381212174,3.3881920381212183,11.479845287188015,981,
only_ratings_and_pace,2025-03-15,2024_25,0022400968,BKN,BOS,228,214.83333333333334,1.3416149639049129,216.17494829723825,1.3416149639049024,11.825051702761744,11.825051702761755,139.83184777298868,991,
only_ratings_and_pace,2025-03-15,2024_25,0022400975,DEN,WAS,249,239.33333333333334,0.2115355278142505,239.5448688611476,0.21153552781424878,9.455131138852407,9.455131138852408,89.39950485289644,991,
only_ratings_and_pace,2025-03-15,2024_25,0022400974,GSW,NYK,191,229.5,-0.7621100169153375,228.73788998308467,-0.7621100169153294,-37.73788998308466,37.73788998308467,1424.1483403754023,991,
only_ratings_and_pace,2025-03-15,2024_25,0022400973,SAS,NOP,234,237.5,3.962813882947547,241.46281388294756,3.9628138829475574,-7.462813882947547,7.462813882947557,55.6935910515148,991,
only_ratings_and_pace,2025-03-15,2024_25,0022400972,MIL,IND,245,235.5,0.0478059593529578,235.54780595935296,0.047805959352956506,9.452194040647042,9.452194040647043,89.34397218204349,991,
only_ratings_and_pace,2025-03-15,2024_25,0022400971,MEM,MIA,216,228.0,2.0820482107123746,230.08204821071237,2.0820482107123723,-14.082048210712374,14.082048210712372,198.30408180882753,991,
only_ratings_and_pace,2025-03-15,2024_25,0022400969,DET,OKC,220,234.5,0.3219109053482837,234.8219109053483,0.3219109053482896,-14.821910905348284,14.82191090534829,219.68904288608255,991,
only_ratings_and_pace,2025-03-15,2024_25,0022400970,HOU,CHI,231,231.33333333333334,1.0736701230050385,232.40700345633837,1.07367012300503,-1.4070034563383813,1.4070034563383729,1.9796587261481275,991,
only_ratings_and_pace,2025-03-16,2024_25,0022400977,LAL,PHX,203,229.66666666666666,1.2930029094799176,230.95966957614658,1.2930029094799238,-27.959669576146574,27.95966957614658,781.7431228072967,999,
only_ratings_and_pace,2025-03-16,2024_25,0022400978,BKN,ATL,236,229.0,-0.29422226397590756,228.7057777360241,-0.2942222639759109,7.294222263975907,7.294222263975911,53.205678436281865,999,
only_ratings_and_pace,2025-03-16,2024_25,0022400976,DAL,PHI,255,224.83333333333334,0.46139890731057487,225.29473224064392,0.4613989073105813,29.705267759356083,29.705267759356076,882.4029326550395,999,
only_ratings_and_pace,2025-03-16,2024_25,0022400538,LAC,CHA,211,221.5,-1.1248615921514609,220.37513840784854,-1.1248615921514613,-9.375138407848539,9.375138407848539,87.89322016631684,999,
only_ratings_and_pace,2025-03-16,2024_25,0022400982,MIL,OKC,226,231.5,-1.0696901705360593,230.43030982946394,-1.069690170536063,-4.4303098294639405,4.430309829463937,19.627645185044777,999,
only_ratings_and_pace,2025-03-16,2024_25,0022400981,MIN,UTA,230,231.5,1.5088313190383553,233.00883131903836,1.5088313190383644,-3.0088313190383555,3.0088313190383644,9.053065906426143,999,
only_ratings_and_pace,2025-03-16,2024_25,0022400980,POR,TOR,207,228.66666666666666,0.8642095660817051,229.53087623274837,0.864209566081712,-22.530876232748362,22.53087623274837,507.64038381542537,999,
only_ratings_and_pace,2025-03-16,2024_25,0022400979,CLE,ORL,211,219.5,1.7685139744267322,221.26851397442672,1.7685139744267246,-10.268513974426732,10.268513974426725,105.44237924299694,999,
only_ratings_and_pace,2025-03-17,2024_25,0022400987,NOP,DET,208,233.16666666666666,2.9351062736864306,236.1017729403531,2.9351062736864435,-28.101772940353086,28.1017729403531,789.7096423911618,1007,
only_ratings_and_pace,2025-03-17,2024_25,0022400985,HOU,PHI,281,222.5,1.9939258269958673,224.49392582699588,1.993925826995877,56.50607417300413,56.50607417300412,3192.9364184450437,1007,
only_ratings_and_pace,2025-03-17,2024_25,0022400537,LAL,SAS,234,229.33333333333334,3.0902395183953835,232.42357285172872,3.0902395183953786,1.5764271482712737,1.5764271482712786,2.4851225538067157,1007,
only_ratings_and_pace,2025-03-17,2024_25,0022400984,NYK,MIA,211,212.0,1.6805572165474933,213.6805572165475,1.6805572165474985,-2.680557216547493,2.6805572165474985,7.185386991184872,1007,
only_ratings_and_pace,2025-03-17,2024_25,0022400986,MIN,IND,262,229.0,2.0863098308050323,231.08630983080502,2.086309830805021,30.913690169194968,30.91369016919498,955.6562398769822,1007,
only_ratings_and_pace,2025-03-17,2024_25,0022400995,POR,WAS,209,231.33333333333334,-0.7704567171188879,230.56287661621445,-0.7704567171188899,-21.562876616214457,21.562876616214453,464.9576479660881,1007,
only_ratings_and_pace,2025-03-17,2024_25,0022400989,UTA,CHI,208,240.16666666666666,4.553766628634435,244.7204332953011,4.553766628634435,-36.72043329530109,36.72043329530109,1348.390221394657,1007,
only_ratings_and_pace,2025-03-17,2024_25,0022400990,GSW,DEN,219,236.5,1.889486799513534,238.38948679951352,1.88948679951352,-19.389486799513534,19.38948679951352,375.95219834850906,1007,
only_ratings_and_pace,2025-03-17,2024_25,0022400992,SAC,MEM,254,239.83333333333334,-1.8135095947540407,238.0198237385793,-1.8135095947540378,15.980176261420699,15.980176261420695,255.3660333460735,1007,
only_ratings_and_pace,2025-03-17,2024_25,0022400991,PHX,TOR,218,227.5,-2.7129325830234303,224.78706741697658,-2.7129325830234166,-6.787067416976569,6.7870674169765834,46.06428412258519,1007,
only_ratings_and_pace,2025-03-18,2024_25,0022400993,CHA,ATL,236,236.66666666666666,-0.9219170300215307,235.74474963664514,-0.9219170300215183,0.2552503633548735,0.25525036335486107,0.0651527479927886,1017,
only_ratings_and_pace,2025-03-18,2024_25,0022400994,BOS,BKN,200,215.5,-0.7284748357294245,214.77152516427057,-0.7284748357294291,-14.771525164270576,14.771525164270571,218.1979556786787,1017,
only_ratings_and_pace,2025-03-18,2024_25,0022400997,LAC,CLE,251,231.33333333333334,0.6524538703144575,231.9857872036478,0.6524538703144458,19.0142127963522,19.01421279635221,361.5402882649642,1017,
only_ratings_and_pace,2025-03-18,2024_25,0022401012,GSW,MIL,197,230.33333333333334,2.440316203605844,232.7736495369392,2.440316203605846,-35.77364953693919,35.77364953693919,1279.7540011917495,1017,
only_ratings_and_pace,2025-03-19,2024_25,0022401001,MIN,NOP,234,228.5,-2.0016100563272916,226.49838994367272,-2.00161005632728,7.501610056327292,7.50161005632728,56.27415343719058,1021,
only_ratings_and_pace,2025-03-19,2024_25,0022400627,UTA,WAS,240,234.33333333333334,0.7364772975629434,235.06981063089628,0.7364772975629421,4.930189369103713,4.930189369103715,24.30676721522329,1021,
only_ratings_and_pace,2025-03-19,2024_25,0022400998,IND,DAL,266,234.33333333333334,0.46021419193545443,234.7935475252688,0.46021419193544943,31.206452474731204,31.206452474731208,973.8426760576575,1021,
only_ratings_and_pace,2025-03-19,2024_25,0022400999,ORL,HOU,224,211.0,5.795800694985015,216.79580069498502,5.795800694985019,7.204199305014985,7.204199305014981,51.900487626378336,1021,
only_ratings_and_pace,2025-03-19,2024_25,0022401000,MIA,DET,229,218.0,1.5941371705533032,219.5941371705533,1.5941371705532958,9.405862829446697,9.405862829446704,88.47025556636716,1021,
only_ratings_and_pace,2025-03-19,2024_25,0022401009,SAC,CLE,242,235.5,0.0006422388780802785,235.50064223887807,0.0006422388780720212,6.49935776112192,6.499357761121928,42.24165130705584,1021,
only_ratings_and_pace,2025-03-19,2024_25,0022401002,OKC,PHI,233,229.16666666666666,5.98585535673,235.15252202339667,5.9858553567300135,-2.1525220233966573,2.1525220233966706,4.633351061207697,1021,
only_ratings_and_pace,2025-03-19,2024_25,0022401006,LAL,DEN,228,233.0,0.9666179194431206,233.9666179194431,0.9666179194431095,-5.96661791944312,5.9666179194431095,35.60052939661962,1021,
only_ratings_and_pace,2025-03-19,2024_25,0022401008,POR,MEM,214,235.5,-0.6061671050649403,234.89383289493506,-0.6061671050649409,-20.89383289493506,20.89383289493506,436.55225304147035,1021,
only_ratings_and_pace,2025-03-19,2024_25,0022401003,SAS,NYK,225,231.0,-3.841523603903635,227.15847639609638,-3.8415236039036245,-2.158476396096365,2.1584763960963755,4.659020352505197,1021,
only_ratings_and_pace,2025-03-19,2024_25,0022401007,PHX,CHI,248,235.33333333333334,1.8962413089900174,237.22957464232337,1.896241308990028,10.77042535767664,10.77042535767663,116.00206238528375,1021,
only_ratings_and_pace,2025-03-20,2024_25,0022401013,SAC,CHI,244,234.66666666666666,2.4731048583690245,237.13977152503568,2.4731048583690267,6.860228474964318,6.860228474964316,47.06273472871123,1032,
only_ratings_and_pace,2025-03-20,2024_25,0022401011,IND,BKN,204,226.33333333333334,-0.6791570141665482,225.6541763191668,-0.6791570141665488,-21.654176319166794,21.654176319166794,468.90335206156396,1032,
only_ratings_and_pace,2025-03-20,2024_25,0022401010,CHA,NYK,213,222.0,0.0059221142438196095,222.00592211424382,0.005922114243816168,-9.00592211424382,9.005922114243816,81.1066331278258,1032,
only_ratings_and_pace,2025-03-20,2024_25,0022401005,GSW,TOR,231,226.0,1.638251536133566,227.63825153613357,1.6382515361335663,3.3617484638664337,3.3617484638664337,11.301352734308326,1032,
only_ratings_and_pace,2025-03-20,2024_25,0022400996,LAL,MIL,207,225.66666666666666,-0.6175088791255399,225.0491577875411,-0.6175088791255519,-18.049157787541116,18.049157787541105,325.77209683955573,1032,
only_ratings_and_pace,2025-03-21,2024_25,0022401018,SAS,PHI,248,239.33333333333334,5.4812323217118575,244.81456565504521,5.481232321711872,3.1854343449547997,3.1854343449547855,10.146991966017524,1037,
only_ratings_and_pace,2025-03-21,2024_25,0022401015,MIA,HOU,200,214.5,4.927939577543534,219.42793957754353,4.927939577543526,-19.427939577543533,19.427939577543526,377.4448362286821,1037,
only_ratings_and_pace,2025-03-21,2024_25,0022401016,MIN,NOP,227,229.0,1.1078368127412412,230.10783681274125,1.1078368127412546,-3.1078368127412412,3.1078368127412546,9.65864965462972,1037,
only_ratings_and_pace,2025-03-21,2024_25,0022401017,OKC,CHA,247,227.16666666666666,0.5155567617929279,227.6822234284596,0.5155567617929364,19.317776571540413,19.317776571540406,373.1764916679554,1037,
only_ratings_and_pace,2025-03-21,2024_25,0022401014,WAS,ORL,225,215.83333333333334,3.514400833643449,219.34773416697678,3.5144008336434354,5.652265833023208,5.652265833023222,31.948109047161697,1037,
only_ratings_and_pace,2025-03-21,2024_25,0022401020,UTA,BOS,220,228.0,-0.07608336004710614,227.9239166399529,-0.07608336004710736,-7.9239166399528935,7.923916639952893,62.78845491692234,1037,
only_ratings_and_pace,2025-03-21,2024_25,0022401021,PHX,CLE,235,239.33333333333334,-0.13201585734661214,239.20131747598674,-0.1320158573466017,-4.20131747598673,4.201317475986741,17.6510685340316,1037,
only_ratings_and_pace,2025-03-21,2024_25,0022401022,POR,DEN,237,225.5,2.0771048865925823,227.5771048865926,2.0771048865925934,9.422895113407417,9.422895113407407,88.79095231827718,1037,
only_ratings_and_pace,2025-03-21,2024_25,0022401023,LAC,MEM,236,231.33333333333334,-3.0723633916296578,228.26096994170368,-3.072363391629665,7.739030058296315,7.739030058296322,59.89258624321398,1037,
only_ratings_and_pace,2025-03-21,2024_25,0022401019,DAL,DET,240,235.66666666666666,1.3043595362512015,236.97102620291787,1.3043595362512121,3.0289737970821413,3.0289737970821307,9.17468226341014,1037,
only_ratings_and_pace,2025-03-22,2024_25,0022401024,IND,BKN,211,221.0,-2.4092160157769578,218.59078398422304,-2.4092160157769626,-7.590783984223043,7.590783984223037,57.62000149513697,1047,
only_ratings_and_pace,2025-03-22,2024_25,0022401025,ATL,GSW,239,229.5,-0.5533482604167383,228.94665173958327,-0.5533482604167261,10.053348260416739,10.053348260416726,101.06981124522402,1047,
only_ratings_and_pace,2025-03-22,2024_25,0022401026,NYK,WAS,225,222.66666666666666,1.0128675857748444,223.6795342524415,1.012867585774842,1.3204657475584984,1.3204657475585009,1.7436297904752305,1047,
only_ratings_and_pace,2025-03-22,2024_25,0022401027,SAC,MIL,222,226.33333333333334,-0.9788365200636793,225.35449681326966,-0.9788365200636804,-3.3544968132696633,3.3544968132696624,11.252648870236321,1047,
only_ratings_and_pace,2025-03-22,2024_25,0022401028,LAL,CHI,261,233.5,-1.4456332700273522,232.05436672997266,-1.4456332700273435,28.94563327002735,28.945633270027344,837.8496854029138,1047,
only_ratings_and_pace,2025-03-23,2024_25,0022401030,UTA,CLE,211,237.33333333333334,-6.204668510581234,231.1286648227521,-6.204668510581229,-20.128664822752107,20.128664822752114,405.1631475466984,1052,
only_ratings_and_pace,2025-03-23,2024_25,0022401032,MIA,CHA,227,211.83333333333334,-3.4692052610950044,208.36412807223834,-3.4692052610949986,18.635871927761663,18.635871927761656,347.29572250793495,1052,
only_ratings_and_pace,2025-03-23,2024_25,0022401029,DET,NOP,266,230.33333333333334,-0.81289682476428,229.52043650856908,-0.8128968247642661,36.47956349143094,36.47956349143092,1330.7585525253398,1052,
only_ratings_and_pace,2025-03-23,2024_25,0022401031,ATL,PHI,251,237.66666666666666,4.905273932286964,242.57194059895363,4.905273932286974,8.42805940104638,8.428059401046369,71.03218526756608,1052,
only_ratings_and_pace,2025-03-23,2024_25,0022401034,POR,BOS,245,220.5,0.37099948092816404,220.87099948092816,0.3709994809281625,24.129000519071838,24.129000519071838,582.208666049369,1052,
only_ratings_and_pace,2025-03-23,2024_25,0022401033,TOR,SAS,212,234.5,-0.3257484348893211,234.17425156511067,-0.32574843488933425,-22.17425156511068,22.174251565110666,491.6974324728128,1052,
only_ratings_and_pace,2025-03-23,2024_25,0022401035,HOU,DEN,227,227.16666666666666,0.4823068198356169,227.64897348650229,0.4823068198356282,-0.648973486502274,0.6489734865022854,0.42116658618293196,1052,
only_ratings_and_pace,2025-03-23,2024_25,0022401036,LAC,OKC,204,228.5,3.3472210843062515,231.84722108430626,3.3472210843062555,-27.847221084306252,27.847221084306256,775.4677221182309,1052,
only_ratings_and_pace,2025-03-24,2024_25,0022401044,SAC,BOS,208,225.0,1.1359891024090474,226.13598910240904,1.1359891024090416,-18.13598910240905,18.13598910240904,328.9141007226995,1060,
only_ratings_and_pace,2025-03-24,2024_25,0022401042,DEN,CHI,248,239.33333333333334,-1.9990491895695763,237.33428414376377,-1.9990491895695754,10.665715856236233,10.665715856236233,113.757494725969,1060,
only_ratings_and_pace,2025-03-24,2024_25,0022401041,NOP,PHI,211,233.0,1.8967328877176322,234.89673288771763,1.8967328877176328,-23.896732887717633,23.896732887717633,571.0538427069255,1060,
only_ratings_and_pace,2025-03-24,2024_25,0022401043,PHX,MIL,214,225.5,3.3869020593647097,228.8869020593647,3.386902059364701,-14.88690205936471,14.8869020593647,221.61985292511696,1060,
only_ratings_and_pace,2025-03-24,2024_25,0022401039,WAS,TOR,216,227.66666666666666,0.47599838462155986,228.14266505128822,0.47599838462156185,-12.142665051288217,12.142665051288219,147.44431454777632,1060,
only_ratings_and_pace,2025-03-24,2024_25,0022401038,ORL,LAL,224,215.83333333333334,0.8100033378704399,216.64333667120377,0.8100033378704268,7.356663328796217,7.35666332879623,54.120495333255235,1060,
only_ratings_and_pace,2025-03-24,2024_25,0022401037,IND,MIN,222,231.16666666666666,2.8885677869465036,234.05523445361317,2.88856778694651,-12.05523445361316,12.055234453613167,145.32867773158196,1060,
only_ratings_and_pace,2025-03-24,2024_25,0022401040,BKN,DAL,221,218.83333333333334,3.1820504179128117,222.01538375124616,3.1820504179128193,-1.0153837512461545,1.015383751246162,1.031004162294728,1060,
only_ratings_and_pace,2025-03-25,2024_25,0022401052,SAC,OKC,226,231.33333333333334,-3.8122101854374533,227.52112314789588,-3.812210185437465,-1.5211231478958895,1.521123147895878,2.313815631064665,1068,
only_ratings_and_pace,2025-03-25,2024_25,0022401050,UTA,MEM,243,240.5,-2.28698951106625,238.21301048893375,-2.2869895110662526,4.78698951106625,4.786989511066253,22.91526857905832,1068,
only_ratings_and_pace,2025-03-25,2024_25,0022401049,HOU,ATL,235,234.5,0.4650576171223325,234.96505761712234,0.4650576171223406,0.03494238287766749,0.034942382877659384,0.0012209701211689436,1068,
only_ratings_and_pace,2025-03-25,2024_25,0022401051,POR,CLE,233,232.0,0.4069748162781428,232.40697481627814,0.4069748162781366,0.5930251837218572,0.5930251837218634,0.35167886852834984,1068,
only_ratings_and_pace,2025-03-25,2024_25,0022401047,MIA,GSW,198,218.16666666666666,1.7320493404437802,219.89871600711044,1.7320493404437798,-21.898716007110437,21.898716007110437,479.5537627600749,1068,
only_ratings_and_pace,2025-03-25,2024_25,0022401046,DET,SAS,218,235.16666666666666,1.096913104921163,236.2635797715878,1.096913104921157,-18.26357977158782,18.263579771587814,333.5583460731516,1068,
only_ratings_and_pace,2025-03-25,2024_25,0022401045,CHA,ORL,215,213.16666666666666,-1.0078482392787822,212.15881842738787,-1.0078482392787862,2.841181572612125,2.841181572612129,8.072312728550731,1068,
only_ratings_and_pace,2025-03-25,2024_25,0022401048,NYK,DAL,241,224.5,2.889500450844643,227.38950045084465,2.8895004508446505,13.610499549155357,13.61049954915535,185.24569797755797,1068,
only_ratings_and_pace,2025-03-26,2024_25,0022401057,DEN,MIL,244,225.33333333333334,-1.1678918200586579,224.1654415132747,-1.1678918200586565,19.834558486725314,19.834558486725314,393.4097103633272,1076,
only_ratings_and_pace,2025-03-26,2024_25,0022401056,NYK,LAC,239,217.5,0.7625371670070682,218.26253716700708,0.762537167007082,20.737462832992932,20.737462832992918,430.04236474976267,1076,
only_ratings_and_pace,2025-03-26,2024_25,0022401058,PHX,BOS,234,221.66666666666666,0.9149329216356875,222.58159958830234,0.9149329216356819,11.418400411697656,11.418400411697661,130.37986796185731,1076,
only_ratings_and_pace,2025-03-26,2024_25,0022401054,BKN,TOR,202,214.66666666666666,1.2061638138432187,215.8728304805099,1.206163813843233,-13.872830480509876,13.87283048050989,192.45542554096426,1076,
only_ratings_and_pace,2025-03-26,2024_25,0022401053,PHI,WAS,233,230.16666666666666,1.8013387283487667,231.9680053950154,1.8013387283487532,1.031994604984576,1.0319946049845896,1.0650128647172992,1076,
only_ratings_and_pace,2025-03-26,2024_25,0022401055,IND,LAL,239,235.33333333333334,-1.1621304402141484,234.1712028931192,-1.1621304402141561,4.828797106880805,4.828797106880813,23.317281499420513,1076,
only_ratings_and_pace,2025-03-27,2024_25,0022401066,SAC,POR,235,225.66666666666666,-1.1897374261595726,224.47692924050708,-1.1897374261595814,10.523070759492915,10.523070759492924,110.73501820929499,1082,
only_ratings_and_pace,2025-03-27,2024_25,0022401065,UTA,HOU,231,227.83333333333334,1.0381470797698755,228.87148041310323,1.0381470797698853,2.1285195868967817,2.128519586896772,4.530595631803204,1082,
only_ratings_and_pace,2025-03-27,2024_25,0022401064,OKC,MEM,229,237.83333333333334,1.423006593903055,239.2563399272364,1.423006593903068,-10.256339927236398,10.25633992723641,105.19250870302379,1082,
only_ratings_and_pace,2025-03-27,2024_25,0022401063,CHI,LAL,236,237.83333333333334,0.08727400341238371,237.92060733674572,0.08727400341237512,-1.9206073367457266,1.920607336745718,3.6887325419614796,1082,
only_ratings_and_pace,2025-03-27,2024_25,0022401059,CLE,SAS,240,238.66666666666666,1.9823310729531518,240.6489977396198,1.9823310729531443,-0.648997739619809,0.6489977396198015,0.4211980660316116,1082,
only_ratings_and_pace,2025-03-27,2024_25,0022401061,WAS,IND,271,234.5,2.4872080102951513,236.98720801029515,2.4872080102951486,34.01279198970485,34.01279198970485,1156.8700189349306,1082,
only_ratings_and_pace,2025-03-27,2024_25,0022401060,ORL,DAL,193,218.5,1.1930992283100663,219.69309922831007,1.193099228310075,-26.693099228310068,26.693099228310075,712.5215464124079,1082,
only_ratings_and_pace,2025-03-27,2024_25,0022401062,MIA,ATL,234,228.0,0.36047102389630564,228.3604710238963,0.36047102389630936,5.639528976103694,5.639528976103691,31.80428707231314,1082,
only_ratings_and_pace,2025-03-28,2024_25,0022401068,BKN,LAC,232,214.33333333333334,0.7016160082168652,215.0349493415502,0.7016160082168597,16.96505065844979,16.965050658449798,287.8129438437679,1090,
only_ratings_and_pace,2025-03-28,2024_25,0022401067,DET,CLE,255,229.66666666666666,-2.612524375086699,227.05414229157995,-2.612524375086707,27.945857708420043,27.94585770842005,780.9709630592603,1090,
only_ratings_and_pace,2025-03-28,2024_25,0022401069,TOR,CHA,205,216.5,-0.8084044883263063,215.69159551167368,-0.8084044883263175,-10.691595511673693,10.691595511673682,114.31021458524083,1090,
only_ratings_and_pace,2025-03-28,2024_25,0022401070,MIL,NYK,223,219.5,2.4955122419065927,221.9955122419066,2.495512241906596,1.0044877580934073,1.0044877580934042,1.0089956561595133,1090,
only_ratings_and_pace,2025-03-28,2024_25,0022401072,NOP,GSW,206,224.0,0.05275930591516773,224.05275930591517,0.05275930591517408,-18.052759305915167,18.052759305915174,325.9021185573069,1090,
only_ratings_and_pace,2025-03-28,2024_25,0022401073,DEN,UTA,222,239.0,0.7134272815393418,239.71342728153934,0.7134272815393388,-17.713427281539342,17.71342728153934,313.76550605838213,1090,
only_ratings_and_pace,2025-03-28,2024_25,0022401071,MIN,PHX,233,226.5,0.17105235862441642,226.67105235862442,0.17105235862442214,6.328947641375583,6.328947641375578,40.05557824727349,1090,
only_ratings_and_pace,2025-03-29,2024_25,0022401079,OKC,IND,243,238.5,-0.5425653871426159,237.95743461285738,-0.5425653871426164,5.042565387142616,5.042565387142616,25.427465683608766,1097,
only_ratings_and_pace,2025-03-29,2024_25,0022401076,PHI,MIA,213,217.83333333333334,-1.067114608804001,216.76621872452935,-1.0671146088039904,-3.7662187245293417,3.7662187245293524,14.1844034809955,1097,
only_ratings_and_pace,2025-03-29,2024_25,0022401080,SAS,BOS,232,228.83333333333334,1.0066537542489908,229.83998708758233,1.0066537542489868,2.1600129124176664,2.1600129124176703,4.665655781811067,1097,
only_ratings_and_pace,2025-03-29,2024_25,0022401078,MEM,LAL,261,237.16666666666666,-0.7335610638274228,236.43310560283925,-0.733561063827409,24.566894397160766,24.566894397160752,603.5323003212484,1097,
only_ratings_and_pace,2025-03-29,2024_25,0022401074,ORL,SAC,212,218.33333333333334,-2.064355048903176,216.26897828443018,-2.064355048903167,-4.268978284430167,4.268978284430176,18.224175592936408,1097,
only_ratings_and_pace,2025-03-29,2024_25,0022401075,WAS,BKN,227,219.5,4.745901635822437,224.24590163582243,4.745901635822435,2.7540983641775627,2.7540983641775654,7.585057799565542,1097,
only_ratings_and_pace,2025-03-29,2024_25,0022401077,CHI,DAL,239,237.0,0.5362823700501814,237.53628237005017,0.5362823700501735,1.4637176299498185,1.4637176299498265,2.142469300225937,1097,
only_ratings_and_pace,2025-03-30,2024_25,0022401087,PHI,TOR,236,223.66666666666666,-1.0351595962443296,222.63150707042232,-1.0351595962443412,13.368492929577673,13.368492929577684,178.71660320816852,1104,
only_ratings_and_pace,2025-03-30,2024_25,0022401088,PHX,HOU,257,224.5,-1.12637383969043,223.37362616030958,-1.126373839690416,33.62637383969043,33.626373839690416,1130.733017606616,1104,
only_ratings_and_pace,2025-03-30,2024_25,0022401086,SAS,GSW,254,232.66666666666666,-0.6494590434554934,232.01720762321116,-0.6494590434554937,21.982792376788836,21.982792376788836,483.2431606810054,1104,
only_ratings_and_pace,2025-03-30,2024_25,0022401085,NOP,CHA,192,212.83333333333334,-1.0944061479275808,211.73892718540577,-1.0944061479275717,-19.73892718540576,19.73892718540577,389.625246430751,1104,
only_ratings_and_pace,2025-03-30,2024_25,0022401083,MIL,ATL,269,235.5,0.12997374214534058,235.62997374214535,0.12997374214535284,33.37002625785466,33.37002625785465,1113.5586524499085,1104,
only_ratings_and_pace,2025-03-30,2024_25,0022401082,NYK,POR,203,220.5,1.1900502622069002,221.6900502622069,1.1900502622069098,-18.6900502622069,18.69005026220691,349.31797880382055,1104,
only_ratings_and_pace,2025-03-30,2024_25,0022401081,CLE,LAC,249,230.5,2.792612766870906,233.29261276687092,2.792612766870917,15.707387233129094,15.707387233129083,246.72201369146651,1104,
only_ratings_and_pace,2025-03-30,2024_25,0022401084,MIN,DET,227,225.66666666666666,-0.1610845033915522,225.5055821632751,-0.16108450339154956,1.494417836724895,1.4944178367248924,2.233284670721507,1104,
only_ratings_and_pace,2025-03-31,2024_25,0022401092,WAS,MIA,214,220.5,2.9755646073316835,223.47556460733168,2.975564607331677,-9.475564607331684,9.475564607331677,89.78632462771671,1112,
only_ratings_and_pace,2025-03-31,2024_25,0022401089,CHA,UTA,216,219.33333333333334,-1.8873589138227027,217.44597441951063,-1.887358913822709,-1.44597441951064,1.4459744195106339,2.090842021879115,1112,
only_ratings_and_pace,2025-03-31,2024_25,0022401090,IND,SAC,220,234.5,2.696415799814186,237.1964157998142,2.69641579981419,-17.196415799814186,17.19641579981419,295.7167163600991,1112,
only_ratings_and_pace,2025-03-31,2024_25,0022401091,ORL,LAC,183,211.33333333333334,1.4534798500485053,212.78681318338184,1.4534798500484953,-29.78681318338185,29.786813183381838,887.2542396216901,1112,
only_ratings_and_pace,2025-03-31,2024_25,0022401096,LAL,HOU,202,225.33333333333334,2.353369420617458,227.6867027539508,2.3533694206174687,-25.6867027539508,25.68670275395081,659.8066983698242,1112,
only_ratings_and_pace,2025-03-31,2024_25,0022401093,MEM,BOS,220,236.33333333333334,3.3714731127367563,239.7048064460701,3.3714731127367656,-19.704806446070098,19.70480644607011,388.2793970770861,1112,
only_ratings_and_pace,2025-03-31,2024_25,0022401095,DAL,BKN,222,220.33333333333334,-1.5986755400510946,218.73465779328225,-1.5986755400510901,3.2653422067177518,3.2653422067177473,10.662459726972328,1112,
only_ratings_and_pace,2025-03-31,2024_25,0022401094,OKC,CHI,262,239.0,1.5675110711618916,240.5675110711619,1.5675110711619027,21.432488928838108,21.432488928838097,459.3515816847676,1112,
only_ratings_and_pace,2025-04-01,2024_25,0022401102,DEN,MIN,279,230.66666666666666,1.6592359062761137,232.32590257294277,1.659235906276109,46.67409742705723,46.674097427057234,2178.4713706304306,1120,
only_ratings_and_pace,2025-04-01,2024_25,0022401098,NYK,PHI,196,223.0,0.2762197899973133,223.27621978999733,0.2762197899973273,-27.276219789997313,27.276219789997327,743.9921660322418,1120,
only_ratings_and_pace,2025-04-01,2024_25,0022401100,MEM,GSW,259,237.33333333333334,0.893266260022098,238.22659959335544,0.8932662600221022,20.77340040664456,20.773400406644555,431.5341644547802,1120,
only_ratings_and_pace,2025-04-01,2024_25,0022400988,SAS,ORL,221,220.5,-0.9617190210155078,219.5382809789845,-0.9617190210155115,1.4617190210155078,1.4617190210155115,2.1366224963985454,1120,
only_ratings_and_pace,2025-04-01,2024_25,0022401097,ATL,POR,240,238.0,1.271258566852219,239.27125856685223,1.2712585668522252,0.7287414331477811,0.7287414331477748,0.5310640763862728,1120,
only_ratings_and_pace,2025-04-01,2024_25,0022401101,MIL,PHX,256,224.33333333333334,-0.041962272483277746,224.29137106085005,-0.0419622724832891,31.708628939149936,31.708628939149946,1005.4371492006975,1120,
only_ratings_and_pace,2025-04-01,2024_25,0022401099,CHI,TOR,255,236.0,-2.030966046575886,233.96903395342412,-2.030966046575884,21.030966046575887,21.030966046575884,442.30153285222764,1120,
only_ratings_and_pace,2025-04-02,2024_25,0022401110,DEN,SAS,219,229.5,2.671662274604848,232.17166227460484,2.6716622746048415,-13.171662274604849,13.171662274604842,173.4926870762484,1127,
only_ratings_and_pace,2025-04-02,2024_25,0022401106,BOS,MIA,227,213.33333333333334,1.1804228120052345,214.5137561453386,1.1804228120052471,12.486243854661423,12.48624385466141,155.90628559806981,1127,
only_ratings_and_pace,2025-04-02,2024_25,0022401104,IND,CHA,224,224.33333333333334,1.573712827657076,225.90704616099043,1.57371282765709,-1.9070461609904188,1.9070461609904328,3.6368250601483476,1127,
only_ratings_and_pace,2025-04-02,2024_25,0022401105,WAS,SAC,227,231.5,2.667068267123939,234.16706826712394,2.6670682671239376,-7.167068267123939,7.167068267123938,51.36686754561492,1127,
only_ratings_and_pace,2025-04-02,2024_25,0022401103,CLE,NYK,229,230.0,3.623533733731136,233.62353373373114,3.6235337337311364,-4.623533733731136,4.623533733731136,21.377064186949784,1127,
only_ratings_and_pace,2025-04-02,2024_25,0022401107,HOU,UTA,248,225.66666666666666,-2.0433604436133557,223.6233062230533,-2.043360443613352,24.3766937769467,24.376693776946695,594.2231994950317,1127,
only_ratings_and_pace,2025-04-02,2024_25,0022401111,LAC,NOP,212,216.5,0.18123005258465147,216.68123005258465,0.1812300525846524,-4.6812300525846515,4.681230052584652,21.913914805221708,1127,
only_ratings_and_pace,2025-04-02,2024_25,0022401109,DAL,ATL,238,237.83333333333334,-2.0444086394979903,235.78892469383536,-2.0444086394979877,2.2110753061646475,2.211075306164645,4.888854009531078,1127,
only_ratings_and_pace,2025-04-02,2024_25,0022401108,OKC,DET,222,231.33333333333334,2.2732705648800136,233.60660389821336,2.273270564880022,-11.606603898213356,11.606603898213365,134.71325405002167,1127,
only_ratings_and_pace,2025-04-03,2024_25,0022401113,BKN,MIN,195,215.66666666666666,2.691537095054636,218.35820376172128,2.6915370950546276,-23.358203761721292,23.358203761721285,545.6056829740904,1136,
only_ratings_and_pace,2025-04-03,2024_25,0022401114,MIA,MEM,218,227.83333333333334,2.065178027434498,229.89851136076783,2.0651780274344844,-11.898511360767841,11.898511360767827,141.57457260232104,1136,
only_ratings_and_pace,2025-04-03,2024_25,0022401115,PHI,MIL,239,224.66666666666666,-0.016592831872343436,224.6500738347943,-0.016592831872344505,14.349926165205686,14.349926165205687,205.9203809468548,1136,
only_ratings_and_pace,2025-04-03,2024_25,0022401116,TOR,POR,215,224.66666666666666,-1.6024684719656601,223.064198194701,-1.6024684719656648,-8.064198194700998,8.064198194700992,65.03129252341874,1136,
only_ratings_and_pace,2025-04-03,2024_25,0022401117,LAL,GSW,239,228.16666666666666,1.7047428392951751,229.87140950596182,1.7047428392951645,9.128590494038168,9.128590494038178,83.3311644078442,1136,
only_ratings_and_pace,2025-04-03,2024_25,0022401112,WAS,ORL,206,214.83333333333334,1.493467818165805,216.32680115149915,1.4934678181658114,-10.326801151499147,10.326801151499154,106.64282202260426,1136,
only_ratings_and_pace,2025-04-04,2024_25,0022401118,CHA,SAC,227,219.33333333333334,-3.077574182746922,216.2557591505864,-3.077574182746929,10.744240849413579,10.744240849413586,115.43871143020758,1142,
only_ratings_and_pace,2025-04-04,2024_25,0022401123,HOU,OKC,236,229.33333333333334,-0.7697303545555735,228.56360297877777,-0.7697303545555769,7.436397021222231,7.436397021222234,55.30000065724292,1142,
only_ratings_and_pace,2025-04-04,2024_25,0022401119,IND,UTA,252,235.16666666666666,-1.0369495962098971,234.12971707045676,-1.0369495962098938,17.87028292954324,17.870282929543237,319.3470119819244,1142,
only_ratings_and_pace,2025-04-04,2024_25,0022401121,TOR,DET,222,227.33333333333334,-5.7139804028591366,221.6193529304742,-5.713980402859136,0.38064706952579375,0.38064706952579286,0.14489219153857377,1142,
only_ratings_and_pace,2025-04-04,2024_25,0022401122,CHI,POR,231,237.66666666666666,2.198712389306011,239.86537905597268,2.1987123893060243,-8.865379055972667,8.865379055972681,78.59494580607907,1142,
only_ratings_and_pace,2025-04-04,2024_25,0022401124,SAS,CLE,227,241.16666666666666,-3.8890091513161287,237.27765751535054,-3.8890091513161167,-10.277657515350528,10.27765751535054,105.63024400284145,1142,
only_ratings_and_pace,2025-04-04,2024_25,0022401126,LAL,NOP,232,219.66666666666666,-2.0189520871796467,217.647714579487,-2.018952087179656,14.35228542051299,14.352285420512999,205.98809679187,1142,
only_ratings_and_pace,2025-04-04,2024_25,0022401127,LAC,DAL,205,225.0,1.9812484278678246,226.98124842786783,1.9812484278678255,-21.981248427867826,21.981248427867826,483.17528244764173,1142,
only_ratings_and_pace,2025-04-04,2024_25,0022401120,BOS,PHX,226,228.0,0.5594614582294246,228.55946145822944,0.5594614582294355,-2.559461458229425,2.5594614582294355,6.550842956161948,1142,
only_ratings_and_pace,2025-04-04,2024_25,0022401125,GSW,DEN,222,233.5,2.295465546086647,235.79546554608666,2.2954655460866604,-13.795465546086646,13.79546554608666,190.31486963326412,1142,
only_ratings_and_pace,2025-04-05,2024_25,0022401131,MIA,MIL,236,215.33333333333334,-1.0612244721488269,214.2721088611845,-1.0612244721488366,21.727891138815483,21.727891138815494,472.1012533402169,1152,
only_ratings_and_pace,2025-04-05,2024_25,0022401130,PHI,MIN,223,225.16666666666666,-1.4167251772596823,223.74994148940698,-1.4167251772596785,-0.7499414894069749,0.7499414894069787,0.5624122375339575,1152,
only_ratings_and_pace,2025-04-05,2024_25,0022401132,LAC,DAL,239,221.5,-1.80483855493032,219.6951614450697,-1.8048385549303134,19.30483855493032,19.304838554930313,372.6767916319239,1152,
only_ratings_and_pace,2025-04-05,2024_25,0022401128,ATL,NYK,226,236.83333333333334,1.2801193759950946,238.11345270932844,1.280119375995099,-12.113452709328438,12.113452709328442,146.73573654113656,1152,
only_ratings_and_pace,2025-04-05,2024_25,0022401129,DET,MEM,212,239.66666666666666,2.3445362465498,242.01120291321647,2.344536246549808,-30.011202913216458,30.011202913216465,900.6723002982525,1152,
only_ratings_and_pace,2025-04-06,2024_25,0022401134,BKN,TOR,229,214.83333333333334,1.2662797162835198,216.09961304961686,1.2662797162835204,12.900386950383137,12.900386950383137,166.41998346961552,1157,
only_ratings_and_pace,2025-04-06,2024_25,0022401135,OKC,LAL,225,232.0,1.4041013580892785,233.4041013580893,1.4041013580892923,-8.404101358089278,8.404101358089292,70.62891963703828,1157,
only_ratings_and_pace,2025-04-06,2024_25,0022401136,ATL,UTA,281,244.16666666666666,1.62041505852782,245.78708172519447,1.6204150585278114,35.212918274805524,35.21291827480553,1239.9496134281333,1157,
only_ratings_and_pace,2025-04-06,2024_25,0022401133,CHA,CHI,248,227.66666666666666,3.1507492043264373,230.8174158709931,3.150749204326445,17.182584129006905,17.182584129006898,295.2411973503997,1157,
only_ratings_and_pace,2025-04-06,2024_25,0022401140,NYK,PHX,210,228.66666666666666,1.2961165074151253,229.96278317408178,1.296116507415121,-19.962783174081782,19.96278317408178,398.5127120554026,1157,
only_ratings_and_pace,2025-04-06,2024_25,0022401142,DEN,IND,245,239.5,5.352797387098543,244.85279738709855,5.352797387098548,0.14720261290145675,0.1472026129014523,0.021668609245014816,1157,
only_ratings_and_pace,2025-04-06,2024_25,0022401143,GSW,HOU,202,224.5,3.3217432360621064,227.8217432360621,3.3217432360621046,-25.821743236062105,25.821743236062105,666.7624237491191,1157,
only_ratings_and_pace,2025-04-06,2024_25,0022401139,POR,SAS,229,228.5,0.7492991763034145,229.24929917630342,0.749299176303424,-0.24929917630341447,0.24929917630342402,0.062150079305565695,1157,
only_ratings_and_pace,2025-04-06,2024_25,0022401137,BOS,WAS,214,226.0,-2.469818702059847,223.53018129794015,-2.469818702059854,-9.530181297940153,9.530181297940146,90.82435557160812,1157,
only_ratings_and_pace,2025-04-06,2024_25,0022401138,CLE,SAC,233,236.5,0.06417423113246357,236.56417423113245,0.0641742311324549,-3.564174231132464,3.564174231132455,12.703337949868626,1157,
only_ratings_and_pace,2025-04-06,2024_25,0022400617,NOP,MIL,218,220.5,2.5199262366057273,223.01992623660573,2.519926236605727,-5.019926236605727,5.019926236605727,25.199659420962536,1157,
only_ratings_and_pace,2025-04-07,2024_25,0022401145,MIA,PHI,222,213.5,-2.083634600567674,211.41636539943232,-2.0836346005676774,10.583634600567674,10.583634600567677,112.01332135833334,1168,
only_ratings_and_pace,2025-04-07,2024_25,0022401144,DET,SAC,244,230.5,2.249369001984664,232.74936900198466,2.249369001984661,11.250630998015335,11.250630998015339,126.57669785350362,1168,
only_ratings_and_pace,2025-04-08,2024_25,0022401150,BKN,NOP,233,213.83333333333334,0.5702120421032064,214.40354537543655,0.5702120421032078,18.59645462456345,18.59645462456345,345.8281246034473,1170,
only_ratings_and_pace,2025-04-08,2024_25,0022401155,LAC,SAS,239,227.5,3.468798540766205,230.96879854076622,3.4687985407662154,8.031201459233795,8.031201459233785,64.50019687879887,1170,
only_ratings_and_pace,2025-04-08,2024_25,0022401154,PHX,GSW,228,226.83333333333334,-0.37310051838161384,226.46023281495172,-0.3731005183816194,1.539767185048271,1.5397671850482766,2.3708829841514936,1170,
only_ratings_and_pace,2025-04-08,2024_25,0022401153,OKC,LAL,256,226.33333333333334,1.0478133188970065,227.38114665223034,1.0478133188969991,28.61885334776965,28.618853347769658,819.0387669411466,1170,
only_ratings_and_pace,2025-04-08,2024_25,0022401152,MIL,MIN,213,222.5,-2.621877421189284,219.87812257881072,-2.621877421189282,-6.878122578810716,6.878122578810718,47.3085702091458,1170,
only_ratings_and_pace,2025-04-08,2024_25,0022401151,NYK,BOS,236,221.5,1.4350210543935378,222.93502105439353,1.4350210543935304,13.064978945606462,13.06497894560647,170.69367484914034,1170,
only_ratings_and_pace,2025-04-08,2024_25,0022401149,ORL,ATL,231,225.33333333333334,-4.956084137759819,220.3772491955735,-4.956084137759831,10.622750804426477,10.622750804426488,112.8428346529436,1170,
only_ratings_and_pace,2025-04-08,2024_25,0022401148,IND,WAS,202,238.66666666666666,1.2459655522819726,239.91263221894863,1.245965552281973,-37.91263221894863,37.91263221894863,1437.3676817692617,1170,
only_ratings_and_pace,2025-04-08,2024_25,0022401147,CLE,CHI,248,240.5,4.403362619558004,244.903362619558,4.40336261955801,3.0966373804419964,3.09663738044199,9.58916306595063,1170,
only_ratings_and_pace,2025-04-08,2024_25,0022401146,CHA,MEM,224,230.5,1.0192294034661866,231.5192294034662,1.0192294034661984,-7.519229403466187,7.519229403466198,56.53881082195064,1170,
only_ratings_and_pace,2025-04-09,2024_25,0022401157,WAS,PHI,225,227.5,-1.6063277210832736,225.89367227891674,-1.606327721083261,-0.8936722789167264,0.8936722789167391,0.7986501421042379,1180,
only_ratings_and_pace,2025-04-09,2024_25,0022401158,TOR,CHA,222,217.16666666666666,-3.3261413699188265,213.84052529674784,-3.3261413699188154,8.159474703252169,8.159474703252158,66.57702743301189,1180,
only_ratings_and_pace,2025-04-09,2024_25,0022401159,DAL,LAL,209,227.16666666666666,1.323007450832999,228.48967411749965,1.3230074508329892,-19.489674117499657,19.489674117499646,379.84739720633564,1180,
only_ratings_and_pace,2025-04-09,2024_25,0022401166,LAC,HOU,251,219.16666666666666,0.6949727284473861,219.86163939511405,0.6949727284473965,31.138360604885957,31.138360604885946,969.5975011599131,1180,
only_ratings_and_pace,2025-04-09,2024_25,0022401163,GSW,SAS,225,231.5,1.031628501707007,232.53162850170702,1.0316285017070186,-7.531628501707007,7.531628501707019,56.72542788772551,1180,
only_ratings_and_pace,2025-04-09,2024_25,0022401164,PHX,OKC,237,229.16666666666666,-3.7520811694906495,225.414585497176,-3.7520811694906513,11.585414502823992,11.585414502823994,134.22182920224452,1180,
only_ratings_and_pace,2025-04-09,2024_25,0022401165,SAC,DEN,240,234.5,-1.4590050678391453,233.04099493216086,-1.4590050678391435,6.959005067839145,6.9590050678391435,48.427751534210884,1180,
only_ratings_and_pace,2025-04-09,2024_25,0022401156,ORL,BOS,172,209.16666666666666,-0.06274321870876075,209.1039234479579,-0.06274321870876065,-37.1039234479579,37.1039234479579,1376.7011352319198,1180,
only_ratings_and_pace,2025-04-09,2024_25,0022401162,UTA,POR,259,229.5,-2.8712252299559786,226.62877477004403,-2.871225229955968,32.37122522995598,32.37122522995597,1047.8962228885377,1180,
only_ratings_and_pace,2025-04-09,2024_25,0022401160,CHI,MIA,230,226.66666666666666,1.770485345367951,228.4371520120346,1.7704853453679448,1.5628479879653918,1.562847987965398,2.442493833487493,1180,
only_ratings_and_pace,2025-04-10,2024_25,0022401167,DET,NYK,221,227.5,5.7809487095872685,233.28094870958728,5.780948709587278,-12.280948709587268,12.280948709587278,150.82170120751343,1190,
only_ratings_and_pace,2025-04-10,2024_25,0022401161,MIL,NOP,247,222.33333333333334,2.223841479319531,224.55717481265287,2.223841479319532,22.442825187347125,22.442825187347125,503.6804023898225,1190,
only_ratings_and_pace,2025-04-10,2024_25,0022401170,MEM,MIN,266,232.5,4.60870689858659,237.1087068985866,4.608706898586604,28.89129310141341,28.891293101413396,834.7068170717773,1190,
only_ratings_and_pace,2025-04-10,2024_25,0022401168,IND,CLE,226,232.5,1.9758681734649244,234.47586817346493,1.9758681734649315,-8.475868173464924,8.475868173464931,71.84034129395576,1190,
only_ratings_and_pace,2025-04-10,2024_25,0022401169,BKN,ATL,242,230.5,-4.870200157844953,225.62979984215505,-4.870200157844948,16.370200157844952,16.37020015784495,267.9834532079068,1190,
only_ratings_and_pace,2025-04-11,2024_25,0022401178,DAL,TOR,226,225.16666666666666,1.9863688890136655,227.15303555568033,1.9863688890136757,-1.1530355556803227,1.153035555680333,1.329490992663054,1195,
only_ratings_and_pace,2025-04-11,2024_25,0022401171,DET,MIL,244,228.66666666666666,2.8487259904785303,231.51539265714518,2.8487259904785276,12.484607342854812,12.484607342854815,155.86542050526438,1195,
only_ratings_and_pace,2025-04-11,2024_25,0022401172,IND,ORL,244,217.33333333333334,1.9636111356742314,219.29694446900757,1.9636111356742276,24.703055530992426,24.70305553099243,610.2409525672957,1195,
only_ratings_and_pace,2025-04-11,2024_25,0022401173,PHI,ATL,234,240.16666666666666,-4.1361271421261465,236.0305395245405,-4.136127142126156,-2.0305395245405107,2.030539524540501,4.123090760721164,1195,
only_ratings_and_pace,2025-04-11,2024_25,0022401174,BOS,CHA,224,214.0,-5.476907909665116,208.52309209033487,-5.47690790966513,15.476907909665115,15.47690790966513,239.53467844425506,1195,
only_ratings_and_pace,2025-04-11,2024_25,0022401177,NOP,MIA,257,215.16666666666666,0.014784292708553644,215.1814509593752,0.014784292708554858,41.81854904062479,41.81854904062479,1748.7910438631404,1195,
only_ratings_and_pace,2025-04-11,2024_25,0022401176,CHI,WAS,208,235.83333333333334,-1.5850927199413736,234.24824061339197,-1.5850927199413718,-26.24824061339197,26.24824061339197,688.9701352985197,1195,
only_ratings_and_pace,2025-04-11,2024_25,0022401175,NYK,CLE,210,226.5,-0.5067668029449802,225.99323319705502,-0.5067668029449806,-15.99323319705502,15.99323319705502,255.78350809538273,1195,
only_ratings_and_pace,2025-04-11,2024_25,0022401180,DEN,MEM,226,241.5,1.3549147295232467,242.85491472952324,1.3549147295232444,-16.854914729523248,16.854914729523244,284.0881505394996,1195,
only_ratings_and_pace,2025-04-11,2024_25,0022401181,UTA,OKC,256,233.66666666666666,-1.66934484767468,231.99732181899196,-1.6693448476746937,24.002678181008022,24.002678181008037,576.1285598610393,1195,
only_ratings_and_pace,2025-04-11,2024_25,0022401182,PHX,SAS,215,232.5,1.3329280495715883,233.8329280495716,1.332928049571592,-18.83292804957159,18.832928049571592,354.67917892034046,1195,
only_ratings_and_pace,2025-04-11,2024_25,0022401183,POR,GSW,189,226.83333333333334,7.579066032430129,234.41239936576346,7.57906603243012,-45.41239936576347,45.41239936576346,2062.2860161555936,1195,
only_ratings_and_pace,2025-04-11,2024_25,0022401184,SAC,LAC,201,226.16666666666666,1.4413406877941843,227.60800735446085,1.4413406877941952,-26.60800735446084,26.608007354460852,707.9860553750428,1195,
only_ratings_and_pace,2025-04-11,2024_25,0022401185,LAL,HOU,249,226.0,-0.5796140789378263,225.42038592106218,-0.5796140789378228,23.579614078937826,23.579614078937823,555.9982001116427,1195,
only_ratings_and_pace,2025-04-11,2024_25,0022401179,MIN,BKN,208,216.5,-2.231532551758507,214.2684674482415,-2.231532551758505,-6.268467448241493,6.268467448241495,39.293684149663235,1195,
only_ratings_and_pace,2025-04-13,2024_25,0022401186,ATL,ORL,222,220.5,2.5413659954695653,223.04136599546956,2.5413659954695618,-1.0413659954695653,1.0413659954695618,1.0844431365203113,1210,
only_ratings_and_pace,2025-04-13,2024_25,0022401189,CLE,IND,244,226.83333333333334,2.052825411054442,228.88615874438779,2.0528254110544424,15.113841255612215,15.113841255612215,228.42819749984582,1210,
only_ratings_and_pace,2025-04-13,2024_25,0022401191,PHI,CHI,224,233.5,1.0607606452471456,234.56076064524714,1.060760645247143,-10.560760645247147,10.560760645247143,111.52966540620085,1210,
only_ratings_and_pace,2025-04-13,2024_25,0022401190,MIA,WAS,237,215.33333333333334,-1.6547582454265148,213.67857508790684,-1.6547582454265068,23.32142491209317,23.321424912093164,543.8888599303997,1210,
only_ratings_and_pace,2025-04-13,2024_25,0022401193,HOU,DEN,237,233.66666666666666,-0.5745061845019662,233.0921604821647,-0.5745061845019563,3.907839517835309,3.907839517835299,15.271209697155223,1210,
only_ratings_and_pace,2025-04-13,2024_25,0022401187,BOS,CHA,179,211.5,-0.6119531840846301,210.88804681591537,-0.6119531840846264,-31.88804681591537,31.888046815915374,1016.8475297340105,1210,
only_ratings_and_pace,2025-04-13,2024_25,0022401192,MIL,DET,273,224.0,0.5736719887535899,224.5736719887536,0.5736719887536026,48.42632801124641,48.4263280112464,2345.1092446528273,1210,
only_ratings_and_pace,2025-04-13,2024_25,0022401198,GSW,LAC,243,218.33333333333334,2.5532289696398522,220.8865623029732,2.5532289696398607,22.113437697026804,22.113437697026797,489.0041267802858,1210,
only_ratings_and_pace,2025-04-13,2024_25,0022401194,MEM,DAL,229,228.33333333333334,1.3843349815119808,229.71766831484533,1.3843349815119836,-0.7176683148453236,0.7176683148453264,0.5150478101329307,1210,
only_ratings_and_pace,2025-04-13,2024_25,0022401196,NOP,OKC,215,235.66666666666666,-2.220854621608672,233.44581204505798,-2.22085462160868,-18.445812045057984,18.445812045057977,340.2479820016059,1210,
only_ratings_and_pace,2025-04-13,2024_25,0022401197,SAS,TOR,243,228.66666666666666,0.39356156827809397,229.06022823494476,0.39356156827810196,13.939771765055248,13.93977176505524,194.3172368618313,1210,
only_ratings_and_pace,2025-04-13,2024_25,0022401200,SAC,PHX,207,224.16666666666666,-0.02559704077491627,224.14106962589173,-0.025597040774925972,-17.141069625891742,17.14106962589173,293.8162679196681,1210,
only_ratings_and_pace,2025-04-13,2024_25,0022401199,POR,LAL,190,220.16666666666666,0.7703053091765318,220.9369719758432,0.7703053091765355,-30.93697197584319,30.936971975843193,957.096235034107,1210,
only_ratings_and_pace,2025-04-13,2024_25,0022401195,MIN,UTA,221,232.33333333333334,0.010634093186760618,232.3439674265201,0.010634093186752125,-11.343967426520104,11.343967426520095,128.68559697394895,1210,
only_ratings_and_pace,2025-04-13,2024_25,0022401188,BKN,NYK,218,214.0,2.252607188968782,216.2526071889688,2.2526071889687955,1.7473928110312178,1.7473928110312045,3.0533816360435346,1210,
only_ratings_and_pace,2025-10-21,2025_26,0022500001,OKC,HOU,249,227.5,-0.39614054572934665,227.10385945427066,-0.3961405457293381,21.896140545729345,21.896140545729338,479.4409707983323,1225,
only_ratings_and_pace,2025-10-21,2025_26,0022500002,LAL,GSW,228,225.83333333333334,2.782920962874988,228.61625429620833,2.7829209628749823,-0.6162542962083308,0.6162542962083251,0.379769357595218,1225,
only_ratings_and_pace,2025-10-22,2025_26,0022500080,CHA,BKN,253,227.16666666666666,-0.47363852958275265,226.6930281370839,-0.47363852958275743,26.306971862916097,26.3069718629161,692.0567685962594,1227,
only_ratings_and_pace,2025-10-22,2025_26,0022500083,BOS,PHI,233,228.0,-1.3012580457684473,226.69874195423156,-1.301258045768435,6.3012580457684475,6.301258045768435,39.70585295936144,1227,
only_ratings_and_pace,2025-10-22,2025_26,0022500004,DAL,SAS,217,224.5,3.937536675036115,228.4375366750361,3.937536675036114,-11.437536675036116,11.437536675036114,130.81724519279615,1227,
only_ratings_and_pace,2025-10-22,2025_26,0022500089,POR,MIN,232,219.83333333333334,2.16130561960413,221.99463895293746,2.1613056196041214,10.005361047062527,10.005361047062536,100.10724968207633,1227,
only_ratings_and_pace,2025-10-22,2025_26,0022500082,ATL,TOR,256,235.83333333333334,2.312722514362199,238.14605584769555,2.312722514362207,17.853944152304457,17.85394415230445,318.7633217936063,1227,
only_ratings_and_pace,2025-10-22,2025_26,0022500003,NYK,CLE,230,228.5,-1.6954912451324182,226.80450875486758,-1.6954912451324162,3.195491245132418,3.1954912451324162,10.21116429771792,1227,
only_ratings_and_pace,2025-10-22,2025_26,0022500084,CHI,DET,226,233.5,-2.1128769982794107,231.3871230017206,-2.112876998279404,-5.387123001720589,5.387123001720596,29.021094235667125,1227,
only_ratings_and_pace,2025-10-22,2025_26,0022500085,MEM,NOP,250,238.5,0.4447937798764185,238.94479377987642,0.4447937798764201,11.055206220123582,11.05520622012358,122.21758456945909,1227,
only_ratings_and_pace,2025-10-22,2025_26,0022500086,MIL,WAS,253,227.83333333333334,1.1566810026185639,228.9900143359519,1.1566810026185692,24.009985664048095,24.009985664048088,576.4794115877947,1227,
only_ratings_and_pace,2025-10-22,2025_26,0022500087,UTA,LAC,237,226.16666666666666,0.5686856711875907,226.73535233785424,0.5686856711875805,10.264647662145752,10.264647662145762,105.36299162799446,1227,
only_ratings_and_pace,2025-10-22,2025_26,0022500088,PHX,SAC,236,228.83333333333334,-2.4044317283353567,226.42890160499798,-2.404431728335368,9.571098395002014,9.571098395002025,91.60592448681034,1227,
only_ratings_and_pace,2025-10-22,2025_26,0022500081,ORL,MIA,246,216.33333333333334,2.6524276802103306,218.98576101354368,2.6524276802103373,27.014238986456327,27.01423898645632,729.7691080173765,1227,
only_ratings_and_pace,2025-10-23,2025_26,0022500006,GSW,DEN,268,234.16666666666666,3.953255345254447,238.1199220119211,3.9532553452544335,29.880077988078895,29.88007798807891,892.8190605736778,1239,
only_ratings_and_pace,2025-10-23,2025_26,0022500005,IND,OKC,276,232.16666666666666,0.5338565317117042,232.70052319837836,0.5338565317117059,43.29947680162164,43.29947680162164,1874.8446912941704,1239,
only_ratings_and_pace,2025-10-24,2025_26,0022500093,HOU,DET,226,225.16666666666666,3.688715266133032,228.8553819327997,3.6887152661330447,-2.855381932799689,2.855381932799702,8.153205982158962,1241,
only_ratings_and_pace,2025-10-24,2025_26,0022500019,LAL,MIN,238,225.5,2.032530297144257,227.53253029714426,2.0325302971442625,10.467469702855743,10.467469702855738,109.56792198020278,1241,
only_ratings_and_pace,2025-10-24,2025_26,0022500090,ORL,ATL,218,234.5,1.0553302577235437,235.55533025772354,1.05533025772354,-17.555330257723543,17.55533025772354,308.1896204577437,1241,
only_ratings_and_pace,2025-10-24,2025_26,0022500091,BKN,CLE,255,228.5,-0.9933150953344858,227.50668490466552,-0.9933150953344807,27.493315095334484,27.49331509533448,755.8823749313468,1241,
only_ratings_and_pace,2025-10-24,2025_26,0022500092,TOR,MIL,238,234.16666666666666,-1.0878751173464303,233.07879154932021,-1.0878751173464423,4.921208450679773,4.921208450679785,24.21829261504213,1241,
only_ratings_and_pace,2025-10-24,2025_26,0022500098,SAC,UTA,209,231.83333333333334,-2.2675793194755633,229.56575401385777,-2.2675793194755727,-20.56575401385778,20.56575401385777,422.950238158507,1241,
only_ratings_and_pace,2025-10-24,2025_26,0022500097,POR,GSW,258,226.5,3.344718295154353,229.84471829515437,3.3447182951543653,28.15528170484565,28.155281704845635,792.7198878792153,1241,
only_ratings_and_pace,2025-10-24,2025_26,0022500095,NOP,SAS,236,232.16666666666666,0.750559054770889,232.91722572143755,0.7505590547708891,3.0827742785624537,3.0827742785624537,9.503497252566257,1241,
only_ratings_and_pace,2025-10-24,2025_26,0022500096,DAL,WAS,224,227.83333333333334,6.312449723455417,234.14578305678876,6.3124497234554156,-10.14578305678876,10.145783056788758,102.93691383542185,1241,
only_ratings_and_pace,2025-10-24,2025_26,0022500099,LAC,PHX,231,222.5,0.3044322491484579,222.80443224914845,0.3044322491484479,8.195567750851541,8.195567750851552,67.16733075879797,1241,
only_ratings_and_pace,2025-10-24,2025_26,0022500018,NYK,BOS,200,229.83333333333334,3.120755380611205,232.95408871394454,3.1207553806112003,-32.95408871394455,32.95408871394454,1085.9719629665271,1241,
only_ratings_and_pace,2025-10-24,2025_26,0022500094,MEM,MIA,260,233.5,3.8033257980500372,237.30332579805003,3.8033257980500252,22.696674201949964,22.696674201949975,515.1390198294615,1241,
only_ratings_and_pace,2025-10-25,2025_26,0022500104,DEN,PHX,244,232.5,0.2028443662690239,232.70284436626903,0.20284436626903357,11.297155633730975,11.297155633730966,127.62572541273931,1253,
only_ratings_and_pace,2025-10-25,2025_26,0022500102,PHI,CHA,246,234.83333333333334,0.6762091970230593,235.5095425303564,0.6762091970230699,10.490457469643598,10.490457469643587,110.04969792240094,1253,
only_ratings_and_pace,2025-10-25,2025_26,0022500103,MEM,IND,231,238.16666666666666,3.796011342046543,241.9626780087132,3.7960113420465404,-10.962678008713201,10.962678008713198,120.18030912272395,1253,
only_ratings_and_pace,2025-10-25,2025_26,0022500100,ORL,CHI,208,233.16666666666666,1.3413780454901707,234.50804471215682,1.3413780454901598,-26.508044712156828,26.508044712156817,702.676434461705,1253,
only_ratings_and_pace,2025-10-25,2025_26,0022500101,ATL,OKC,217,235.83333333333334,3.5616980183936673,239.395031351727,3.561698018393656,-22.39503135172701,22.395031351727,501.5374292448352,1253,
only_ratings_and_pace,2025-10-26,2025_26,0022500110,MIN,IND,224,228.16666666666666,2.584733268147842,230.7513999348145,2.584733268147829,-6.751399934814499,6.751399934814486,45.58140107981305,1258,
only_ratings_and_pace,2025-10-26,2025_26,0022500112,LAC,POR,221,226.5,4.738724304419466,231.23872430441946,4.738724304419463,-10.238724304419467,10.238724304419463,104.83147538190983,1258,
only_ratings_and_pace,2025-10-26,2025_26,0022500113,SAC,LAL,247,230.16666666666666,1.644614666565012,231.81128133323168,1.644614666565019,15.188718666768331,15.188718666768324,230.69717473823653,1258,
only_ratings_and_pace,2025-10-26,2025_26,0022500109,WAS,CHA,252,236.83333333333334,0.6309858910202095,237.46431922435355,0.6309858910202024,14.535680775646448,14.535680775646455,211.28601561149793,1258,
only_ratings_and_pace,2025-10-26,2025_26,0022500111,DAL,TOR,268,231.5,1.6873366175945859,233.18733661759458,1.6873366175945819,34.81266338240541,34.81266338240542,1211.9215317766711,1258,
only_ratings_and_pace,2025-10-26,2025_26,0022500107,CLE,MIL,231,236.16666666666666,1.0228826539301525,237.1895493205968,1.0228826539301394,-6.18954932059681,6.189549320596797,38.31052079210027,1258,
only_ratings_and_pace,2025-10-26,2025_26,0022500105,SAS,BKN,225,228.16666666666666,2.11127408848487,230.27794075515152,2.111274088484862,-5.277940755151527,5.277940755151519,27.856658614889387,1258,
only_ratings_and_pace,2025-10-26,2025_26,0022500108,MIA,NYK,222,228.83333333333334,0.2089182363747703,229.0422515697081,0.20891823637475682,-7.042251569708113,7.0422515697081,49.593307171056196,1258,
only_ratings_and_pace,2025-10-26,2025_26,0022500106,DET,BOS,232,227.5,0.43880942253441135,227.9388094225344,0.4388094225344048,4.061190577465589,4.061190577465595,16.493268906495334,1258,
only_ratings_and_pace,2025-10-27,2025_26,0022500116,HOU,BKN,246,226.16666666666666,0.3386692949689656,226.5053359616356,0.3386692949689518,19.494664038364377,19.49466403836439,380.04192596869785,1267,
only_ratings_and_pace,2025-10-27,2025_26,0022500007,DET,CLE,211,231.16666666666666,-0.0502724014698967,231.11639426519676,-0.05027240146989698,-20.11639426519676,20.11639426519676,404.6693182328411,1267,
only_ratings_and_pace,2025-10-27,2025_26,0022500008,MIN,DEN,241,228.5,5.483137011152808,233.98313701115282,5.48313701115282,7.016862988847192,7.01686298884718,49.23636620425338,1267,
only_ratings_and_pace,2025-10-27,2025_26,0022500114,PHI,ORL,260,226.5,1.535683765607964,228.03568376560796,1.5356837656079563,31.964316234392037,31.964316234392044,1021.7175123322188,1267,
only_ratings_and_pace,2025-10-27,2025_26,0022500115,CHI,ATL,251,241.5,0.32291246603711,241.8229124660371,0.3229124660371099,9.17708753396289,9.17708753396289,84.21893560601708,1267,
only_ratings_and_pace,2025-10-27,2025_26,0022500121,GSW,MEM,249,238.83333333333334,0.9702410524758233,239.80357438580916,0.9702410524758136,9.196425614190835,9.196425614190844,84.57424407734544,1267,
only_ratings_and_pace,2025-10-27,2025_26,0022500117,NOP,BOS,212,232.5,1.9520030491058482,234.45200304910585,1.9520030491058549,-22.452003049105848,22.452003049105855,504.0924409170586,1267,
only_ratings_and_pace,2025-10-27,2025_26,0022500118,SAS,TOR,224,233.16666666666666,-0.31763193753978736,232.84903472912686,-0.3176319375398009,-8.84903472912687,8.849034729126856,78.30541563729321,1267,
only_ratings_and_pace,2025-10-27,2025_26,0022500120,UTA,PHX,272,233.5,0.8587899192999574,234.35878991929997,0.8587899192999657,37.64121008070004,37.641210080700034,1416.8606963393938,1267,
only_ratings_and_pace,2025-10-27,2025_26,0022500122,LAL,POR,230,225.83333333333334,-1.636756884480017,224.19657644885334,-1.6367568844800076,5.8034235511466745,5.803423551146665,33.679724914003764,1267,
only_ratings_and_pace,2025-10-27,2025_26,0022500119,DAL,OKC,195,226.5,3.41415090582958,229.9141509058296,3.4141509058295867,-34.91415090582958,34.91415090582959,1218.997933475041,1267,
only_ratings_and_pace,2025-10-28,2025_26,0022500126,OKC,SAC,208,227.16666666666666,2.0953778803774146,229.26204454704407,2.095377880377413,-21.26204454704407,21.26204454704407,452.07453832048645,1278,
only_ratings_and_pace,2025-10-28,2025_26,0022500124,MIA,CHA,261,240.5,-0.8849496865777546,239.61505031342224,-0.8849496865777553,21.384949686577755,21.384949686577755,457.31607309746204,1278,
only_ratings_and_pace,2025-10-28,2025_26,0022500125,MIL,NYK,232,228.5,-0.5436159682051511,227.95638403179484,-0.5436159682051596,4.043615968205151,4.04361596820516,16.35083009832375,1278,
only_ratings_and_pace,2025-10-28,2025_26,0022500127,GSW,LAC,177,223.83333333333334,2.0754318154211133,225.90876514875447,2.075431815421126,-48.908765148754455,48.90876514875447,2392.06730837602,1278,
only_ratings_and_pace,2025-10-28,2025_26,0022500123,WAS,PHI,273,237.83333333333334,-3.478317991815288,234.35501534151805,-3.4783179918152882,38.644984658481945,38.644984658481945,1493.434839254305,1278,
only_ratings_and_pace,2025-10-29,2025_26,0022500128,BOS,CLE,230,233.5,0.6327365406330034,234.132736540633,0.6327365406330046,-4.132736540633004,4.1327365406330046,17.079511314283252,1283,
only_ratings_and_pace,2025-10-29,2025_26,0022500129,DET,ORL,251,226.16666666666666,0.9369606125714663,227.1036272792381,0.936960612571454,23.896372720761878,23.89637272076189,571.036629209573,1283,
only_ratings_and_pace,2025-10-29,2025_26,0022500131,TOR,HOU,260,232.5,-5.816297192771689,226.68370280722831,-5.816297192771685,33.316297192771685,33.316297192771685,1109.9756586370866,1283,
only_ratings_and_pace,2025-10-29,2025_26,0022500132,CHI,SAC,239,237.5,-0.19024158478769668,237.30975841521231,-0.19024158478768527,1.6902415847876966,1.6902415847876853,2.856916614945586,1283,
only_ratings_and_pace,2025-10-29,2025_26,0022500130,BKN,ATL,229,237.5,1.9428571659213658,239.44285716592137,1.9428571659213674,-10.442857165921366,10.442857165921367,109.05326578783526,1283,
only_ratings_and_pace,2025-10-29,2025_26,0022500136,MIN,LAL,231,223.5,1.7443568531846532,225.24435685318466,1.7443568531846552,5.755643146815347,5.755643146815345,33.127428033482445,1283,
only_ratings_and_pace,2025-10-29,2025_26,0022500137,PHX,MEM,227,241.5,0.5358215538975443,242.03582155389753,0.5358215538975344,-15.035821553897545,15.035821553897534,226.07592980064967,1283,
only_ratings_and_pace,2025-10-29,2025_26,0022500134,DEN,NOP,210,235.5,2.4883521144666214,237.9883521144666,2.4883521144666076,-27.988352114466622,27.988352114466608,783.3478540833675,1283,
only_ratings_and_pace,2025-10-29,2025_26,0022500135,UTA,POR,270,234.16666666666666,1.8244741116151928,235.99114077828185,1.8244741116151886,34.00885922171815,34.008859221718154,1156.602505562644,1283,
only_ratings_and_pace,2025-10-29,2025_26,0022500133,DAL,IND,212,228.16666666666666,2.8620764147928073,231.02874308145945,2.8620764147927957,-19.028743081459464,19.028743081459453,362.093063260191,1283,
only_ratings_and_pace,2025-10-30,2025_26,0022500138,CHA,ORL,230,241.5,2.242570745189944,243.74257074518994,2.242570745189937,-13.742570745189944,13.742570745189937,188.8582506865503,1293,
only_ratings_and_pace,2025-10-30,2025_26,0022500139,MIL,GSW,230,231.83333333333334,2.032853246674816,233.86618658000816,2.0328532466748186,-3.8661865800081587,3.8661865800081614,14.947398671435204,1293,
only_ratings_and_pace,2025-10-30,2025_26,0022500140,OKC,WAS,235,231.16666666666666,3.306106903746913,234.47277357041358,3.3061069037469224,0.5272264295864297,0.5272264295864204,0.2779677080544447,1293,
only_ratings_and_pace,2025-10-30,2025_26,0022500141,SAS,MIA,208,231.16666666666666,1.676435090160396,232.84310175682705,1.6764350901603962,-24.843101756827053,24.843101756827053,617.1797049000634,1293,
only_ratings_and_pace,2025-10-31,2025_26,0022500021,PHI,BOS,217,234.5,1.4265684571476975,235.9265684571477,1.4265684571477095,-18.9265684571477,18.92656845714771,358.21499356309863,1297,
only_ratings_and_pace,2025-10-31,2025_26,0022500020,IND,ATL,236,232.5,-0.22394812441210687,232.27605187558788,-0.22394812441211798,3.723948124412107,3.723948124412118,13.867789633312531,1297,
only_ratings_and_pace,2025-10-31,2025_26,0022500022,CLE,TOR,213,239.16666666666666,0.390937752057499,239.55760441872417,0.3909377520575106,-26.557604418724157,26.557604418724168,705.3063524614374,1297,
only_ratings_and_pace,2025-10-31,2025_26,0022500023,CHI,NYK,260,234.16666666666666,3.2955911198664385,237.4622577865331,3.2955911198664296,22.537742213466906,22.537742213466913,507.9498240806885,1297,
only_ratings_and_pace,2025-10-31,2025_26,0022500025,PHX,UTA,214,237.5,2.970662972455513,240.4706629724555,2.9706629724555,-26.470662972455514,26.4706629724555,700.6959982013267,1297,
only_ratings_and_pace,2025-10-31,2025_26,0022500026,POR,DEN,216,240.16666666666666,-0.47729476093688655,239.68937190572976,-0.4772947609368998,-23.68937190572977,23.689371905729757,561.1863412879783,1297,
only_ratings_and_pace,2025-10-31,2025_26,0022500027,LAC,NOP,250,224.16666666666666,-1.9889662194612359,222.1777004472054,-1.988966219461247,27.82229955279458,27.82229955279459,774.080352405434,1297,
only_ratings_and_pace,2025-10-31,2025_26,0022500024,MEM,LAL,229,237.5,-0.26272854675454954,237.23727145324546,-0.2627285467545448,-8.23727145324545,8.237271453245455,67.8526409944525,1297,
only_ratings_and_pace,2025-11-01,2025_26,0022500146,BOS,HOU,229,224.83333333333334,-1.1605544840014108,223.67277884933193,-1.160554484001409,5.327221150668068,5.327221150668066,28.379285188125195,1305,
only_ratings_and_pace,2025-11-01,2025_26,0022500142,MIL,SAC,268,232.16666666666666,3.850308754894056,236.01697542156072,3.8503087548940584,31.983024578439288,31.983024578439284,1022.9138611850514,1305,
only_ratings_and_pace,2025-11-01,2025_26,0022500143,CHA,MIN,227,230.16666666666666,-2.9152039012663113,227.25146276540033,-2.915203901266324,-0.25146276540034584,0.2514627654003334,0.06323352238278311,1305,
only_ratings_and_pace,2025-11-01,2025_26,0022500144,IND,GSW,223,230.83333333333334,4.589489560701076,235.42282289403443,4.589489560701082,-12.422822894034418,12.422822894034425,154.32652865654586,1305,
only_ratings_and_pace,2025-11-01,2025_26,0022500145,WAS,ORL,219,235.5,1.3608653496819205,236.86086534968192,1.3608653496819159,-17.86086534968192,17.860865349681916,319.0105110394681,1305,
only_ratings_and_pace,2025-11-02,2025_26,0022500148,OKC,NOP,243,229.5,0.9306939935501926,230.4306939935502,0.930693993550193,12.569306006449807,12.569306006449807,157.9874534837752,1310,
only_ratings_and_pace,2025-11-02,2025_26,0022500149,BKN,PHI,234,234.5,3.1969997356114943,237.69699973561148,3.1969997356114845,-3.6969997356114943,3.6969997356114845,13.667807045111386,1310,
only_ratings_and_pace,2025-11-02,2025_26,0022500150,CHA,UTA,229,236.83333333333334,2.9480525814396192,239.78138591477295,2.9480525814396117,-10.781385914772962,10.781385914772954,116.23828224326466,1310,
only_ratings_and_pace,2025-11-02,2025_26,0022500153,NYK,CHI,244,234.83333333333334,-0.11800220540670696,234.71533112792665,-0.1180022054066967,9.284668872073365,9.284668872073354,86.20507606404789,1310,
only_ratings_and_pace,2025-11-02,2025_26,0022500155,LAL,MIA,250,234.5,1.2685530026581824,235.7685530026582,1.2685530026581944,14.231446997341818,14.231446997341806,202.5340836381491,1310,
only_ratings_and_pace,2025-11-02,2025_26,0022500154,PHX,SAS,248,227.5,0.5420365417956247,228.04203654179562,0.5420365417956248,19.957963458204375,19.957963458204375,398.32030539902115,1310,
only_ratings_and_pace,2025-11-02,2025_26,0022500151,CLE,ATL,226,229.83333333333334,1.6848236282747544,231.5181569616081,1.6848236282747564,-5.518156961608097,5.518156961608099,30.45005625294393,1310,
only_ratings_and_pace,2025-11-02,2025_26,0022500152,TOR,MEM,221,238.5,1.9835549161405137,240.48355491614052,1.9835549161405197,-19.483554916140513,19.48355491614052,379.6089121702634,1310,
only_ratings_and_pace,2025-11-03,2025_26,0022500156,BKN,MIN,234,228.5,-3.256358464517899,225.2436415354821,-3.256358464517888,8.756358464517898,8.756358464517888,76.67381355913406,1318,
only_ratings_and_pace,2025-11-03,2025_26,0022500157,IND,MIL,232,235.5,-0.40801207784448223,235.0919879221555,-0.40801207784448934,-3.0919879221555178,3.0919879221555107,9.560389310755552,1318,
only_ratings_and_pace,2025-11-03,2025_26,0022500159,NYK,WAS,221,233.83333333333334,1.8170607097370373,235.65039404307038,1.817060709737035,-14.65039404307038,14.650394043070378,214.634045617232,1318,
only_ratings_and_pace,2025-11-03,2025_26,0022500163,POR,LAL,238,235.0,-0.1748090247084655,234.82519097529155,-0.17480902470845194,3.1748090247084653,3.174809024708452,10.079412343370231,1318,
only_ratings_and_pace,2025-11-03,2025_26,0022500158,BOS,UTA,208,232.5,-1.0050649582392834,231.49493504176073,-1.0050649582392737,-23.494935041760716,23.494935041760726,552.0119726165561,1318,
only_ratings_and_pace,2025-11-03,2025_26,0022500160,HOU,DAL,212,225.5,0.20153571448719412,225.7015357144872,0.20153571448719276,-13.701535714487195,13.701535714487193,187.73208093536806,1318,
only_ratings_and_pace,2025-11-03,2025_26,0022500161,MEM,DET,220,236.5,0.7158472993918676,237.21584729939187,0.7158472993918679,-17.215847299391868,17.215847299391868,296.38539823597824,1318,
only_ratings_and_pace,2025-11-03,2025_26,0022500162,DEN,SAC,254,236.5,2.916435040263337,239.41643504026334,2.9164350402633374,14.583564959736663,14.583564959736663,212.680366934859,1318,
only_ratings_and_pace,2025-11-03,2025_26,0022500164,LAC,MIA,239,228.5,4.271134635692778,232.7711346356928,4.271134635692789,6.228865364307222,6.228865364307211,38.798763726666,1318,
only_ratings_and_pace,2025-11-04,2025_26,0022500165,TOR,MIL,228,237.5,-2.3262458915130977,235.1737541084869,-2.3262458915131106,-7.173754108486902,7.173754108486889,51.462748009032524,1327,
only_ratings_and_pace,2025-11-04,2025_26,0022500166,ATL,ORL,239,228.5,2.0735492861430274,230.57354928614302,2.0735492861430203,8.426450713856973,8.42645071385698,71.00507163306081,1327,
only_ratings_and_pace,2025-11-04,2025_26,0022500167,CHI,PHI,224,239.5,2.0350600072940046,241.535060007294,2.0350600072939926,-17.535060007294003,17.535060007293993,307.4783294594012,1327,
only_ratings_and_pace,2025-11-04,2025_26,0022500168,NOP,CHA,228,236.83333333333334,0.7157540504206699,237.549087383754,0.7157540504206565,-9.549087383754014,9.549087383754,91.1850698625698,1327,
only_ratings_and_pace,2025-11-04,2025_26,0022500169,GSW,PHX,225,232.5,1.4450806714515414,233.94508067145154,1.4450806714515352,-8.945080671451542,8.945080671451535,80.01446821877585,1327,
only_ratings_and_pace,2025-11-04,2025_26,0022500170,LAC,OKC,233,223.16666666666666,6.206038997255298,229.37270566392195,6.206038997255291,3.6272943360780445,3.6272943360780516,13.157264200543914,1327,
only_ratings_and_pace,2025-11-05,2025_26,0022500172,DET,UTA,217,230.5,-1.128820198112168,229.37117980188782,-1.1288201981121802,-12.371179801887832,12.37117980188782,153.04608969063716,1333,
only_ratings_and_pace,2025-11-05,2025_26,0022500173,IND,BKN,215,233.16666666666666,1.600974255405653,234.7676409220723,1.6009742554056459,-19.76764092207231,19.767640922072303,390.7596276239875,1333,
only_ratings_and_pace,2025-11-05,2025_26,0022500174,BOS,WAS,243,232.16666666666666,-2.050731018946456,230.1159356477202,-2.0507310189464647,12.884064352279799,12.884064352279808,165.9991142336873,1333,
only_ratings_and_pace,2025-11-05,2025_26,0022500178,DEN,MIA,234,242.5,3.06065168743434,245.56065168743433,3.06065168743433,-11.56065168743434,11.56065168743433,133.64866743817822,1333,
only_ratings_and_pace,2025-11-05,2025_26,0022500175,NYK,MIN,251,229.16666666666666,-1.4181282695820303,227.74853839708462,-1.4181282695820414,23.251461602915374,23.251461602915384,540.6304666718485,1333,
only_ratings_and_pace,2025-11-05,2025_26,0022500181,SAC,GSW,237,226.83333333333334,-1.7687682355168524,225.06456509781648,-1.768768235516859,11.935434902183509,11.935434902183516,142.45460630426044,1333,
only_ratings_and_pace,2025-11-05,2025_26,0022500179,LAL,SAS,234,228.5,1.542550956948114,230.0425509569481,1.542550956948105,3.957449043051886,3.957449043051895,15.66140292835236,1333,
only_ratings_and_pace,2025-11-05,2025_26,0022500180,POR,OKC,240,229.16666666666666,4.246732710444338,233.413399377111,4.246732710444348,6.586600622889005,6.586600622888994,43.383307765441685,1333,
only_ratings_and_pace,2025-11-05,2025_26,0022500171,CLE,PHI,253,234.16666666666666,2.5369788456950473,236.7036455123617,2.536978845695046,16.296354487638297,16.296354487638297,265.57116958676886,1333,
only_ratings_and_pace,2025-11-05,2025_26,0022500176,MEM,HOU,233,232.5,-0.34122157615476123,232.15877842384523,-0.34122157615476567,0.8412215761547612,0.8412215761547657,0.7076537401883082,1333,
only_ratings_and_pace,2025-11-05,2025_26,0022500177,DAL,NOP,200,226.83333333333334,2.7324611015568387,229.5657944348902,2.7324611015568507,-29.565794434890183,29.565794434890194,874.1362005661839,1333,
only_ratings_and_pace,2025-11-06,2025_26,0022500182,PHX,LAC,217,224.83333333333334,-0.40122779756552746,224.43210553576782,-0.4012277975655252,-7.432105535767815,7.432105535767818,55.23619269479064,1344,
only_ratings_and_pace,2025-11-07,2025_26,0022500038,SAC,OKC,233,232.83333333333334,-0.4481846466782686,232.38514868665507,-0.4481846466782713,0.6148513133449258,0.6148513133449285,0.37804213752198346,1345,
only_ratings_and_pace,2025-11-07,2025_26,0022500032,SAS,HOU,231,224.16666666666666,-1.0666387548897962,223.10002791177686,-1.0666387548897944,7.899972088223139,7.899972088223137,62.40955899470463,1345,
only_ratings_and_pace,2025-11-07,2025_26,0022500029,WAS,CLE,263,241.83333333333334,0.6262847650939914,242.45961809842734,0.6262847650939989,20.540381901572665,20.54038190157266,421.9072886624536,1345,
only_ratings_and_pace,2025-11-07,2025_26,0022500030,ATL,TOR,206,235.5,0.6809212491121241,236.18092124911212,0.6809212491121173,-30.180921249112124,30.180921249112117,910.8880074451073,1345,
only_ratings_and_pace,2025-11-07,2025_26,0022500031,BKN,DET,232,226.5,0.27976502031413747,226.77976502031413,0.2797650203141302,5.220234979685863,5.22023497968587,27.250853243135932,1345,
only_ratings_and_pace,2025-11-07,2025_26,0022500028,ORL,BOS,233,227.83333333333334,-0.6914790328828319,227.14185430045052,-0.6914790328828246,5.858145699549489,5.858145699549482,34.31787103715009,1345,
only_ratings_and_pace,2025-11-07,2025_26,0022500033,MIA,CHA,234,243.16666666666666,3.5747035655776873,246.74137023224435,3.5747035655776926,-12.741370232244345,12.74137023224435,162.34251539512243,1345,
only_ratings_and_pace,2025-11-07,2025_26,0022500034,MEM,DAL,222,231.16666666666666,1.6505751297388656,232.8172417964055,1.6505751297388542,-10.817241796405522,10.817241796405511,117.01272008190233,1345,
only_ratings_and_pace,2025-11-07,2025_26,0022500036,MIN,UTA,234,231.5,0.28987392632836645,231.78987392632837,0.2898739263283687,2.2101260736716335,2.2101260736716313,4.884657261523181,1345,
only_ratings_and_pace,2025-11-07,2025_26,0022500037,DEN,GSW,233,228.5,2.13045927929116,230.63045927929116,2.130459279291159,2.36954072070884,2.369540720708841,5.614723227097373,1345,
only_ratings_and_pace,2025-11-07,2025_26,0022500035,MIL,CHI,236,239.83333333333334,-1.768790198493239,238.0645431348401,-1.7687901984932353,-2.064543134840104,2.0645431348401075,4.262338355615419,1345,
only_ratings_and_pace,2025-11-08,2025_26,0022500189,DEN,IND,217,233.5,-0.44718907186860757,233.05281092813138,-0.4471890718686211,-16.052810928131393,16.05281092813138,257.6927386943342,1356,
only_ratings_and_pace,2025-11-08,2025_26,0022500183,WAS,DAL,216,229.83333333333334,2.844653731108863,232.6779870644422,2.844653731108849,-16.677987064442206,16.677987064442192,278.1552525217011,1356,
only_ratings_and_pace,2025-11-08,2025_26,0022500184,PHI,TOR,250,237.16666666666666,1.40139120784717,238.56805787451384,1.4013912078471833,11.431942125486174,11.43194212548616,130.68930076046502,1356,
only_ratings_and_pace,2025-11-08,2025_26,0022500185,ATL,LAL,224,230.16666666666666,0.660422749132743,230.8270894157994,0.6604227491327492,-6.8270894157994,6.827089415799406,46.60914989132028,1356,
only_ratings_and_pace,2025-11-08,2025_26,0022500186,CLE,CHI,250,240.16666666666666,-0.31684956387167273,239.849817102795,-0.3168495638716706,10.150182897205015,10.150182897205013,103.02621284671316,1356,
only_ratings_and_pace,2025-11-08,2025_26,0022500187,MIA,POR,267,240.83333333333334,1.7421625796275928,242.57549591296095,1.7421625796276032,24.424504087039065,24.424504087039054,596.5563998977874,1356,
only_ratings_and_pace,2025-11-08,2025_26,0022500188,SAS,NOP,245,225.5,0.3412203146690519,225.84122031466904,0.34122031466904446,19.15877968533095,19.158779685330956,367.0588390310501,1356,
only_ratings_and_pace,2025-11-08,2025_26,0022500190,LAC,PHX,217,227.16666666666666,1.544866488907902,228.71153315557456,1.5448664889078998,-11.711533155574559,11.711533155574557,137.16000885412214,1356,
only_ratings_and_pace,2025-11-09,2025_26,0022500192,NYK,BKN,232,228.83333333333334,-1.2715620313892257,227.5617713019441,-1.2715620313892373,4.438228698055883,4.4382286980558945,19.69787397624692,1364,
only_ratings_and_pace,2025-11-09,2025_26,0022500193,ORL,BOS,218,226.5,1.5614096624771723,228.06140966247716,1.5614096624771605,-10.061409662477173,10.06140966247716,101.23196439618877,1364,
only_ratings_and_pace,2025-11-09,2025_26,0022500195,PHI,DET,219,232.5,1.478159700121105,233.9781597001211,1.4781597001210969,-14.978159700121106,14.978159700121097,224.3452680023317,1364,
only_ratings_and_pace,2025-11-09,2025_26,0022500191,MIL,HOU,237,231.83333333333334,1.4403811643539322,233.27371449768728,1.440381164353937,3.726285502312725,3.72628550231272,13.88520364474596,1364,
only_ratings_and_pace,2025-11-09,2025_26,0022500196,GSW,IND,197,227.16666666666666,0.9301522447190089,228.09681891138567,0.9301522447190109,-31.096818911385665,31.096818911385668,967.0121464075133,1364,
only_ratings_and_pace,2025-11-09,2025_26,0022500197,SAC,MIN,261,235.5,1.5681068849274225,237.06810688492743,1.568106884927431,23.931893115072576,23.93189311507257,572.7355080712579,1364,
only_ratings_and_pace,2025-11-09,2025_26,0022500194,MEM,OKC,214,233.83333333333334,3.6393994613760485,237.4727327947094,3.6393994613760583,-23.47273279470939,23.4727327947094,550.9691848518262,1364,
only_ratings_and_pace,2025-11-10,2025_26,0022500204,PHX,NOP,219,228.16666666666666,-0.14721417539546072,228.0194524912712,-0.14721417539544746,-9.019452491271197,9.01945249127121,81.35052324229844,1371,
only_ratings_and_pace,2025-11-10,2025_26,0022500203,DAL,MIL,230,230.83333333333334,-2.353030733467875,228.48030259986547,-2.3530307334678753,1.519697400134532,1.5196974001345325,2.3094801879756575,1371,
only_ratings_and_pace,2025-11-10,2025_26,0022500202,CHI,SAS,238,234.5,1.7452991285081636,236.24529912850815,1.745299128508151,1.7547008714918364,1.754700871491849,3.0789751484142545,1371,
only_ratings_and_pace,2025-11-10,2025_26,0022500201,MIA,CLE,278,247.5,-0.17546649111467202,247.32453350888534,-0.17546649111466195,30.675466491114673,30.675466491114662,940.9842444474984,1371,
only_ratings_and_pace,2025-11-10,2025_26,0022500205,UTA,MIN,233,233.83333333333334,2.823764015734126,236.65709734906747,2.8237640157341275,-3.657097349067469,3.6570973490674703,13.374361020556318,1371,
only_ratings_and_pace,2025-11-10,2025_26,0022500199,DET,WAS,272,235.5,-2.35057993360943,233.14942006639058,-2.350579933609424,38.85057993360943,38.850579933609424,1509.3675611777753,1371,
only_ratings_and_pace,2025-11-10,2025_26,0022500198,CHA,LAL,232,229.5,-0.5738254985026212,228.92617450149737,-0.5738254985026288,3.073825498502621,3.0738254985026288,9.448403195244934,1371,
only_ratings_and_pace,2025-11-10,2025_26,0022500206,LAC,ATL,207,222.16666666666666,-0.2973264497276735,221.86934021693898,-0.2973264497276773,-14.869340216938983,14.86934021693898,221.09727848707894,1371,
only_ratings_and_pace,2025-11-10,2025_26,0022500200,ORL,POR,227,235.5,0.7394095253916049,236.2394095253916,0.7394095253916078,-9.239409525391604,9.239409525391608,85.36668837789718,1371,
only_ratings_and_pace,2025-11-11,2025_26,0022500212,SAC,DEN,230,242.83333333333334,-1.181052224171654,241.6522811091617,-1.1810522241716512,-11.652281109161688,11.652281109161692,135.77565504692643,1380,
only_ratings_and_pace,2025-11-11,2025_26,0022500211,UTA,IND,280,231.5,2.403080468603166,233.90308046860318,2.4030804686031786,46.096919531396836,46.09691953139682,2124.9259902840736,1380,
only_ratings_and_pace,2025-11-11,2025_26,0022500210,OKC,GSW,228,228.5,3.3697589359683744,231.86975893596838,3.3697589359683775,-3.8697589359683744,3.8697589359683775,14.975034222507109,1380,
only_ratings_and_pace,2025-11-11,2025_26,0022500207,BKN,TOR,228,233.83333333333334,2.6610036299886013,236.49433696332196,2.6610036299886133,-8.494336963321944,8.494336963321956,72.15376044645767,1380,
only_ratings_and_pace,2025-11-11,2025_26,0022500208,NYK,MEM,253,233.5,0.5258474031630893,234.02584740316308,0.525847403163084,18.97415259683691,18.974152596836916,360.0184667680531,1380,
only_ratings_and_pace,2025-11-11,2025_26,0022500209,PHI,BOS,202,231.83333333333334,1.5302171751527474,233.3635505084861,1.5302171751527567,-31.36355050848609,31.3635505084861,983.6723004983587,1380,
only_ratings_and_pace,2025-11-12,2025_26,0022500216,BOS,MEM,226,229.5,0.26169775811822127,229.76169775811823,0.26169775811823115,-3.7616977581182214,3.761697758118231,14.150370023431726,1386,
only_ratings_and_pace,2025-11-12,2025_26,0022500218,HOU,WAS,247,234.16666666666666,-2.7233748204149615,231.4432918462517,-2.7233748204149606,15.556708153748303,15.556708153748303,242.01116858089895,1386,
only_ratings_and_pace,2025-11-12,2025_26,0022500213,CHA,MIL,211,232.5,-0.4525953812570471,232.04740461874295,-0.4525953812570549,-21.047404618742952,21.047404618742945,442.99324118508184,1386,
only_ratings_and_pace,2025-11-12,2025_26,0022500214,DET,CHI,237,234.5,-0.5834653365802489,233.91653466341975,-0.5834653365802467,3.083465336580249,3.0834653365802467,9.507758481891933,1386,
only_ratings_and_pace,2025-11-12,2025_26,0022500215,NYK,ORL,231,228.16666666666666,0.45793099404360066,228.62459766071026,0.4579309940436076,2.3754023392897423,2.375402339289735,5.642536273503146,1386,
only_ratings_and_pace,2025-11-12,2025_26,0022500217,MIA,CLE,246,238.5,-1.2472978209266103,237.2527021790734,-1.2472978209266046,8.74729782092661,8.747297820926605,76.51521916798733,1386,
only_ratings_and_pace,2025-11-12,2025_26,0022500221,DAL,PHX,237,227.5,0.20348190864826432,227.70348190864826,0.2034819086482571,9.296518091351736,9.296518091351743,86.42524862283025,1386,
only_ratings_and_pace,2025-11-12,2025_26,0022500224,LAC,DEN,246,225.83333333333334,-1.216728175284513,224.61660515804883,-1.2167281752845156,21.38339484195117,21.383394841951173,457.249574966784,1386,
only_ratings_and_pace,2025-11-12,2025_26,0022500222,OKC,LAL,213,229.5,2.4568401108835474,231.95684011088355,2.4568401108835474,-18.956840110883547,18.956840110883547,359.36178698960333,1386,
only_ratings_and_pace,2025-11-12,2025_26,0022500223,SAC,ATL,233,233.83333333333334,-0.5903450019377949,233.24298833139554,-0.5903450019378056,-0.24298833139554787,0.24298833139553722,0.059043329194387414,1386,
only_ratings_and_pace,2025-11-12,2025_26,0022500220,SAS,GSW,245,229.5,0.8615521845716334,230.36155218457162,0.8615521845716216,14.638447815428366,14.638447815428378,214.28415444501985,1386,
only_ratings_and_pace,2025-11-12,2025_26,0022500219,NOP,POR,242,231.5,2.0510003991019454,233.55100039910195,2.0510003991019516,8.448999600898055,8.448999600898048,71.38559425597538,1386,
only_ratings_and_pace,2025-11-13,2025_26,0022500225,CLE,TOR,239,240.5,1.0618038836085018,241.5618038836085,1.0618038836084907,-2.5618038836085018,2.5618038836084907,6.562839138071545,1398,
only_ratings_and_pace,2025-11-13,2025_26,0022500226,PHX,IND,231,233.83333333333334,1.1176765003764932,234.95100983370983,1.11767650037649,-3.9510098337098363,3.9510098337098327,15.6104787060718,1398,
only_ratings_and_pace,2025-11-13,2025_26,0022500227,UTA,ATL,254,232.83333333333334,-0.33467942074562473,232.4986539125877,-0.33467942074562984,21.501346087412283,21.501346087412287,462.3078835706797,1398,
only_ratings_and_pace,2025-11-14,2025_26,0022500043,MIL,CHA,281,239.16666666666666,0.4043392385649316,239.5710059052316,0.404339238564944,41.42899409476841,41.4289940947684,1716.361551704355,1401,
only_ratings_and_pace,2025-11-14,2025_26,0022500039,NYK,MIA,272,238.16666666666666,0.9392459567366553,239.1059126234033,0.9392459567366416,32.89408737659669,32.8940873765967,1082.0209843391785,1401,
only_ratings_and_pace,2025-11-14,2025_26,0022500040,ORL,BKN,203,224.5,1.2545126740106465,225.75451267401064,1.2545126740106411,-22.75451267401065,22.75451267401064,517.7678470317109,1401,
only_ratings_and_pace,2025-11-14,2025_26,0022500041,DET,PHI,219,232.5,3.471172303476944,235.97117230347695,3.4711723034769477,-16.971172303476944,16.971172303476948,288.02068935430304,1401,
only_ratings_and_pace,2025-11-14,2025_26,0022500046,DAL,LAC,260,219.5,-3.023748543785068,216.47625145621492,-3.023748543785075,43.52374854378507,43.523748543785075,1894.3166873026335,1401,
only_ratings_and_pace,2025-11-14,2025_26,0022500044,MIN,SAC,234,240.5,1.3008991045747529,241.80089910457474,1.3008991045747393,-7.800899104574753,7.800899104574739,60.85402683975497,1401,
only_ratings_and_pace,2025-11-14,2025_26,0022500045,NOP,LAL,222,228.5,-0.7109430111681888,227.78905698883182,-0.7109430111681831,-5.7890569888318115,5.789056988831817,33.513180819942505,1401,
only_ratings_and_pace,2025-11-14,2025_26,0022500047,SAS,GSW,217,234.83333333333334,0.5907911671397599,235.4241245004731,0.5907911671397699,-18.424124500473102,18.424124500473113,339.4483636089336,1401,
only_ratings_and_pace,2025-11-14,2025_26,0022500042,HOU,POR,256,235.83333333333334,2.145506530981919,237.97883986431526,2.145506530981919,18.021160135684738,18.021160135684738,324.7622126359928,1401,
only_ratings_and_pace,2025-11-15,2025_26,0022500231,MIL,LAL,214,230.83333333333334,0.31808118898903726,231.15141452232237,0.3180811889890265,-17.15141452232238,17.15141452232237,294.17102011653066,1410,
only_ratings_and_pace,2025-11-15,2025_26,0022500230,IND,TOR,240,233.5,2.031914372997329,235.53191437299733,2.031914372997335,4.4680856270026705,4.468085627002665,19.9637891702278,1410,
only_ratings_and_pace,2025-11-15,2025_26,0022500232,MIN,DEN,235,234.5,0.4022359050924068,234.9022359050924,0.4022359050923967,0.09776409490759319,0.0977640949076033,0.009557818253102864,1410,
only_ratings_and_pace,2025-11-15,2025_26,0022500228,CLE,MEM,208,238.5,0.32074042847832085,238.82074042847833,0.32074042847833084,-30.82074042847832,30.82074042847833,949.9180405596386,1410,
only_ratings_and_pace,2025-11-15,2025_26,0022500229,CHA,OKC,205,227.83333333333334,1.545644275441774,229.37897760877513,1.5456442754417878,-24.378977608775116,24.37897760877513,594.3345492491592,1410,
only_ratings_and_pace,2025-11-16,2025_26,0022500233,BOS,LAC,239,220.66666666666666,0.528255699662229,221.19492236632888,0.5282556996622247,17.805077633671115,17.805077633671118,317.0207895410555,1415,
only_ratings_and_pace,2025-11-16,2025_26,0022500234,SAS,SAC,233,238.16666666666666,0.23942800634857614,238.40609467301525,0.2394280063485894,-5.406094673015233,5.406094673015247,29.225859613603827,1415,
only_ratings_and_pace,2025-11-16,2025_26,0022500235,WAS,BKN,235,234.5,1.4057213318956634,235.90572133189568,1.405721331895677,-0.9057213318956634,0.9057213318956769,0.820331131050879,1415,
only_ratings_and_pace,2025-11-16,2025_26,0022500236,HOU,ORL,230,227.83333333333334,3.7933322840892685,231.62666561742262,3.7933322840892743,-1.6266656174226113,1.626665617422617,2.646041030904904,1415,
only_ratings_and_pace,2025-11-16,2025_26,0022500237,NOP,GSW,230,228.16666666666666,2.2066705188346067,230.37333718550127,2.2066705188346134,-0.37333718550126394,0.3733371855012706,0.13938065407801012,1415,
only_ratings_and_pace,2025-11-16,2025_26,0022500239,PHX,ATL,246,231.83333333333334,1.9858901592681508,233.81922349260148,1.9858901592681377,12.180776507398507,12.18077650739852,148.37131632319168,1415,
only_ratings_and_pace,2025-11-16,2025_26,0022500240,UTA,CHI,297,243.83333333333334,1.7330285879683875,245.56636192130173,1.7330285879683913,51.43363807869827,51.433638078698266,2645.4191260105204,1415,
only_ratings_and_pace,2025-11-16,2025_26,0022500238,DAL,POR,271,234.16666666666666,-1.3725593081046177,232.79410735856203,-1.372559308104627,38.20589264143796,38.20589264143797,1459.690232529084,1415,
only_ratings_and_pace,2025-11-17,2025_26,0022500241,CLE,MIL,224,236.16666666666666,0.35106979658234283,236.517736463249,0.35106979658235105,-12.517736463249,12.517736463249008,156.6937261633538,1423,
only_ratings_and_pace,2025-11-17,2025_26,0022500242,DET,IND,239,230.16666666666666,1.1317823583237523,231.29844902499042,1.1317823583237612,7.7015509750095905,7.701550975009582,59.31388742067104,1423,
only_ratings_and_pace,2025-11-17,2025_26,0022500243,PHI,LAC,218,220.5,-0.5406157913098567,219.95938420869015,-0.5406157913098468,-1.9593842086901434,1.9593842086901532,3.8391864772643376,1423,
only_ratings_and_pace,2025-11-17,2025_26,0022500244,MIA,NYK,228,241.5,-0.7748188606349875,240.72518113936502,-0.77481886063498,-12.725181139365013,12.72518113936502,161.93023502965124,1423,
only_ratings_and_pace,2025-11-17,2025_26,0022500245,TOR,CHA,218,238.5,2.2537008602209165,240.7537008602209,2.2537008602209028,-22.753700860220917,22.753700860220903,517.7309028364175,1423,
only_ratings_and_pace,2025-11-17,2025_26,0022500246,MIN,DAL,216,229.16666666666666,0.021986979146952967,229.18865364581362,0.02198697914695913,-13.188653645813611,13.188653645813616,173.9405849892328,1423,
only_ratings_and_pace,2025-11-17,2025_26,0022500247,NOP,OKC,235,226.5,-0.16448859241823421,226.33551140758178,-0.16448859241822333,8.664488592418234,8.664488592418223,75.07336256814553,1423,
only_ratings_and_pace,2025-11-17,2025_26,0022500248,DEN,CHI,257,240.5,2.637774089211808,243.1377740892118,2.6377740892118027,13.862225910788192,13.862225910788197,192.16130720172768,1423,
only_ratings_and_pace,2025-11-18,2025_26,0022500249,ORL,GSW,234,222.83333333333334,0.30346358042642935,223.13679691375978,0.3034635804264383,10.863203086240228,10.863203086240219,118.00918129289902,1431,
only_ratings_and_pace,2025-11-18,2025_26,0022500251,ATL,DET,232,228.5,1.7894800372199673,230.28948003721996,1.7894800372199597,1.7105199627800327,1.7105199627800403,2.92587854306903,1431,
only_ratings_and_pace,2025-11-18,2025_26,0022500250,BKN,BOS,212,223.16666666666666,-0.00708529837690681,223.15958136828976,-0.007085298376892979,-11.15958136828975,11.159581368289764,124.53625631548005,1431,
only_ratings_and_pace,2025-11-18,2025_26,0022500253,LAL,UTA,266,237.83333333333334,-0.06340920076475973,237.76992413256858,-0.06340920076476664,28.230075867431417,28.230075867431424,796.9371834809341,1431,
only_ratings_and_pace,2025-11-18,2025_26,0022500254,POR,PHX,237,237.16666666666666,1.0441352580311345,238.2108019246978,1.0441352580311332,-1.2108019246977917,1.2108019246977904,1.4660413008518736,1431,
only_ratings_and_pace,2025-11-18,2025_26,0022500252,SAS,MEM,212,232.83333333333334,-0.4685114724392293,232.36482186089412,-0.46851147243921787,-20.364821860894114,20.364821860894125,414.72596942595123,1431,
only_ratings_and_pace,2025-11-19,2025_26,0022500255,CLE,HOU,218,233.83333333333334,-0.2343575725763194,233.598975760757,-0.23435757257632872,-15.598975760757023,15.598975760757014,243.32804478468486,1437,
only_ratings_and_pace,2025-11-19,2025_26,0022500256,IND,CHA,245,236.16666666666666,0.0122003753876571,236.17886704205432,0.012200375387664053,8.821132957945686,8.821132957945679,77.81238666175548,1437,
only_ratings_and_pace,2025-11-19,2025_26,0022500257,MIA,GSW,206,231.83333333333334,0.04164044759170754,231.87497378092505,0.04164044759170338,-25.87497378092505,25.874973780925046,669.5142681635585,1437,
only_ratings_and_pace,2025-11-19,2025_26,0022500258,PHI,TOR,233,234.5,4.461605185160045,238.96160518516004,4.461605185160039,-5.961605185160045,5.961605185160039,35.540736383727065,1437,
only_ratings_and_pace,2025-11-19,2025_26,0022500259,MIN,WAS,229,237.5,0.6754396441793324,238.17543964417933,0.6754396441793347,-9.175439644179333,9.175439644179335,84.18869266397779,1437,
only_ratings_and_pace,2025-11-19,2025_26,0022500260,NOP,DEN,243,233.16666666666666,0.8629440837192661,234.02961075038593,0.8629440837192703,8.970389249614076,8.970389249614072,80.46788328959173,1437,
only_ratings_and_pace,2025-11-19,2025_26,0022500261,OKC,SAC,212,233.5,-1.9192009050069188,231.58079909499307,-1.9192009050069316,-19.580799094993083,19.58079909499307,383.40769319848135,1437,
only_ratings_and_pace,2025-11-19,2025_26,0022500262,DAL,NYK,224,228.5,0.8345988380720636,229.33459883807205,0.8345988380720541,-5.334598838072064,5.334598838072054,28.45794476315971,1437,
only_ratings_and_pace,2025-11-19,2025_26,0022500263,POR,CHI,243,243.83333333333334,-0.6180489955244185,243.21528433780892,-0.6180489955244184,-0.2152843378089243,0.21528433780892442,0.04634734610582709,1437,
only_ratings_and_pace,2025-11-20,2025_26,0022500265,MEM,SAC,233,233.5,1.6765928442662512,235.17659284426625,1.6765928442662528,-2.176592844266251,2.1765928442662528,4.737556409711056,1446,
only_ratings_and_pace,2025-11-20,2025_26,0022500264,ORL,LAC,230,218.5,0.9290398401083648,219.42903984010837,0.9290398401083735,10.570960159891635,10.570960159891627,111.745198702016,1446,
only_ratings_and_pace,2025-11-20,2025_26,0022500266,MIL,PHI,237,225.83333333333334,1.2891186842842175,227.12245201761755,1.2891186842842046,9.87754798238244,9.877547982382453,97.56595414426766,1446,
only_ratings_and_pace,2025-11-20,2025_26,0022500267,SAS,ATL,261,231.16666666666666,0.2519235493984367,231.4185902160651,0.2519235493984411,29.581409783934905,29.5814097839349,875.0598048050796,1446,
only_ratings_and_pace,2025-11-21,2025_26,0022500056,GSW,POR,250,237.5,1.3287925831571172,238.8287925831571,1.3287925831571101,11.171207416842883,11.17120741684289,124.7958751501256,1450,
only_ratings_and_pace,2025-11-21,2025_26,0022500048,CLE,IND,229,238.16666666666666,2.374003322451107,240.54066998911776,2.3740033224511023,-11.540669989117763,11.54066998911776,133.1870637977233,1450,
only_ratings_and_pace,2025-11-21,2025_26,0022500049,BOS,BKN,218,222.5,-1.2346696864561135,221.2653303135439,-1.234669686456101,-3.2653303135438865,3.265330313543899,10.662382056548697,1450,
only_ratings_and_pace,2025-11-21,2025_26,0022500050,TOR,WAS,250,240.5,-0.7233932123223804,239.77660678767762,-0.7233932123223781,10.22339321232238,10.223393212322378,104.51776877375927,1450,
only_ratings_and_pace,2025-11-21,2025_26,0022500051,CHI,MIA,250,249.5,0.07222777268380629,249.57222777268382,0.07222777268381719,0.4277722273161937,0.4277722273161828,0.182989078463048,1450,
only_ratings_and_pace,2025-11-21,2025_26,0022500052,DAL,NOP,233,232.5,0.4541764443719631,232.95417644437197,0.45417644437196714,0.045823555628036916,0.045823555628032864,0.0020997982503954222,1450,
only_ratings_and_pace,2025-11-21,2025_26,0022500053,PHX,MIN,227,234.16666666666666,1.2708697382431215,235.4375364049098,1.2708697382431353,-8.437536404909778,8.437536404909793,71.19202058417807,1450,
only_ratings_and_pace,2025-11-21,2025_26,0022500054,HOU,DEN,221,234.5,3.479602980457053,237.97960298045706,3.4796029804570594,-16.979602980457052,16.97960298045706,288.30691737394625,1450,
only_ratings_and_pace,2025-11-21,2025_26,0022500055,UTA,OKC,256,235.5,-1.1077194112343272,234.3922805887657,-1.1077194112343136,21.607719411234328,21.607719411234314,466.89353815463215,1450,
only_ratings_and_pace,2025-11-22,2025_26,0022500269,ORL,NYK,254,229.5,-0.8466715724791944,228.65332842752082,-0.8466715724791811,25.346671572479195,25.34667157247918,642.4537598031243,1459,
only_ratings_and_pace,2025-11-22,2025_26,0022500270,NOP,ATL,213,230.83333333333334,0.807585923501549,231.6409192568349,0.8075859235015628,-18.64091925683489,18.640919256834906,347.4838707398384,1459,
only_ratings_and_pace,2025-11-22,2025_26,0022500268,CHA,LAC,247,228.5,-2.589881244263938,225.91011875573605,-2.5898812442639496,21.08988124426394,21.08988124426395,444.78309089715634,1459,
only_ratings_and_pace,2025-11-22,2025_26,0022500273,DAL,MEM,198,227.16666666666666,0.837673436586524,228.00434010325318,0.8376734365865275,-30.00434010325318,30.004340103253185,900.2604250316873,1459,
only_ratings_and_pace,2025-11-22,2025_26,0022500274,DEN,SAC,251,236.16666666666666,1.1533628599981456,237.3200295266648,1.1533628599981398,13.679970473335198,13.679970473335203,187.14159215132298,1459,
only_ratings_and_pace,2025-11-22,2025_26,0022500272,MIL,DET,245,223.5,1.2341401553208786,224.7341401553209,1.2341401553208868,20.26585984467912,20.265859844679113,410.70507524417735,1459,
only_ratings_and_pace,2025-11-22,2025_26,0022500271,CHI,WAS,241,243.83333333333334,1.0716208432491436,244.9049541765825,1.0716208432491499,-3.9049541765824864,3.9049541765824927,15.248667121209053,1459,
