experiment,date,season,game_id,home_team,away_team,actual_total,market_total_line,pred_residual,pred_total,edge,residual_error,abs_error,squared_error,train_games,skip_reason
top_k_15_features,2024-10-22,2024_25,0022400061,BOS,NYK,241,222.5,,,,,,,0,insufficient_training_data
top_k_15_features,2024-10-22,2024_25,0022400062,LAL,MIN,213,220.0,,,,,,,0,insufficient_training_data
top_k_15_features,2024-10-23,2024_25,0022400067,TOR,CLE,242,224.33333333333334,,,,,,,2,insufficient_training_data
top_k_15_features,2024-10-23,2024_25,0022400064,ATL,BKN,236,222.33333333333334,,,,,,,2,insufficient_training_data
top_k_15_features,2024-10-23,2024_25,0022400066,PHI,MIL,233,223.5,,,,,,,2,insufficient_training_data
top_k_15_features,2024-10-23,2024_25,0022400063,DET,IND,224,234.66666666666666,,,,,,,2,insufficient_training_data
top_k_15_features,2024-10-23,2024_25,0022400065,MIA,ORL,213,208.0,,,,,,,2,insufficient_training_data
top_k_15_features,2024-10-23,2024_25,0022400069,NOP,CHI,234,227.16666666666666,,,,,,,2,insufficient_training_data
top_k_15_features,2024-10-23,2024_25,0022400070,UTA,MEM,250,228.66666666666666,,,,,,,2,insufficient_training_data
top_k_15_features,2024-10-23,2024_25,0022400071,LAC,PHX,229,224.66666666666666,,,,,,,2,insufficient_training_data
top_k_15_features,2024-10-23,2024_25,0022400072,POR,GSW,244,222.16666666666666,,,,,,,2,insufficient_training_data
top_k_15_features,2024-10-23,2024_25,0022400068,HOU,CHA,215,229.5,,,,,,,2,insufficient_training_data
top_k_15_features,2024-10-24,2024_25,0022400073,WAS,BOS,224,233.33333333333334,,,,,,,12,insufficient_training_data
top_k_15_features,2024-10-24,2024_25,0022400074,DAL,SAS,229,229.5,,,,,,,12,insufficient_training_data
top_k_15_features,2024-10-24,2024_25,0022400075,DEN,OKC,189,226.0,,,,,,,12,insufficient_training_data
top_k_15_features,2024-10-24,2024_25,0022400076,SAC,MIN,232,220.5,,,,,,,12,insufficient_training_data
top_k_15_features,2024-10-25,2024_25,0022400077,ORL,BKN,217,215.5,,,,,,,16,insufficient_training_data
top_k_15_features,2024-10-25,2024_25,0022400081,NYK,IND,221,226.5,,,,,,,16,insufficient_training_data
top_k_15_features,2024-10-25,2024_25,0022400086,POR,NOP,208,218.5,,,,,,,16,insufficient_training_data
top_k_15_features,2024-10-25,2024_25,0022400080,CLE,DET,214,227.66666666666666,,,,,,,16,insufficient_training_data
top_k_15_features,2024-10-25,2024_25,0022400079,ATL,CHA,245,223.5,,,,,,,16,insufficient_training_data
top_k_15_features,2024-10-25,2024_25,0022400082,HOU,MEM,236,222.16666666666666,,,,,,,16,insufficient_training_data
top_k_15_features,2024-10-25,2024_25,0022400083,MIL,CHI,255,233.66666666666666,,,,,,,16,insufficient_training_data
top_k_15_features,2024-10-25,2024_25,0022400084,UTA,GSW,213,232.66666666666666,,,,,,,16,insufficient_training_data
top_k_15_features,2024-10-25,2024_25,0022400085,LAL,PHX,239,223.5,,,,,,,16,insufficient_training_data
top_k_15_features,2024-10-25,2024_25,0022400078,TOR,PHI,222,219.5,,,,,,,16,insufficient_training_data
top_k_15_features,2024-10-26,2024_25,0022400091,CHI,OKC,209,232.0,,,,,,,26,insufficient_training_data
top_k_15_features,2024-10-26,2024_25,0022400088,CHA,MIA,220,223.5,,,,,,,26,insufficient_training_data
top_k_15_features,2024-10-26,2024_25,0022400090,WAS,CLE,251,229.0,,,,,,,26,insufficient_training_data
top_k_15_features,2024-10-26,2024_25,0022400087,DEN,LAC,213,219.5,,,,,,,26,insufficient_training_data
top_k_15_features,2024-10-26,2024_25,0022400089,DET,BOS,242,227.33333333333334,,,,,,,26,insufficient_training_data
top_k_15_features,2024-10-26,2024_25,0022400095,PHX,DAL,216,232.33333333333334,,,,,,,26,insufficient_training_data
top_k_15_features,2024-10-26,2024_25,0022400096,LAL,SAC,258,231.66666666666666,,,,,,,26,insufficient_training_data
top_k_15_features,2024-10-26,2024_25,0022400093,MIN,TOR,213,220.33333333333334,,,,,,,26,insufficient_training_data
top_k_15_features,2024-10-26,2024_25,0022400094,SAS,HOU,215,224.16666666666666,,,,,,,26,insufficient_training_data
top_k_15_features,2024-10-26,2024_25,0022400092,MEM,ORL,235,222.16666666666666,,,,,,,26,insufficient_training_data
top_k_15_features,2024-10-27,2024_25,0022400097,IND,PHI,232,228.66666666666666,,,,,,,36,insufficient_training_data
top_k_15_features,2024-10-27,2024_25,0022400098,BKN,MIL,217,231.5,,,,,,,36,insufficient_training_data
top_k_15_features,2024-10-27,2024_25,0022400099,POR,NOP,228,219.33333333333334,,,,,,,36,insufficient_training_data
top_k_15_features,2024-10-27,2024_25,0022400100,OKC,ATL,232,230.33333333333334,,,,,,,36,insufficient_training_data
top_k_15_features,2024-10-27,2024_25,0022400101,GSW,LAC,216,221.83333333333334,,,,,,,36,insufficient_training_data
top_k_15_features,2024-10-28,2024_25,0022400105,MIA,DET,204,219.33333333333334,,,,,,,41,insufficient_training_data
top_k_15_features,2024-10-28,2024_25,0022400107,TOR,DEN,252,220.5,,,,,,,41,insufficient_training_data
top_k_15_features,2024-10-28,2024_25,0022400102,ORL,IND,234,224.5,,,,,,,41,insufficient_training_data
top_k_15_features,2024-10-28,2024_25,0022400104,BOS,MIL,227,234.0,,,,,,,41,insufficient_training_data
top_k_15_features,2024-10-28,2024_25,0022400106,NYK,CLE,214,221.5,,,,,,,41,insufficient_training_data
top_k_15_features,2024-10-28,2024_25,0022400109,SAS,HOU,207,220.0,,,,,,,41,insufficient_training_data
top_k_15_features,2024-10-28,2024_25,0022400108,MEM,CHI,249,233.5,,,,,,,41,insufficient_training_data
top_k_15_features,2024-10-28,2024_25,0022400112,SAC,POR,209,227.66666666666666,,,,,,,41,insufficient_training_data
top_k_15_features,2024-10-28,2024_25,0022400111,PHX,LAL,214,227.5,,,,,,,41,insufficient_training_data
top_k_15_features,2024-10-28,2024_25,0022400103,ATL,WAS,240,233.33333333333334,,,,,,,41,insufficient_training_data
top_k_15_features,2024-10-28,2024_25,0022400110,DAL,UTA,212,233.33333333333334,,,,,,,41,insufficient_training_data
top_k_15_features,2024-10-29,2024_25,0022400116,GSW,NOP,230,217.66666666666666,,,,,,,52,insufficient_training_data
top_k_15_features,2024-10-29,2024_25,0022400115,UTA,SAC,209,235.33333333333334,,,,,,,52,insufficient_training_data
top_k_15_features,2024-10-29,2024_25,0022400114,MIN,DAL,234,222.5,,,,,,,52,insufficient_training_data
top_k_15_features,2024-10-29,2024_25,0022400113,BKN,DEN,283,218.0,,,,,,,52,insufficient_training_data
top_k_15_features,2024-10-30,2024_25,0022400123,CHI,ORL,201,227.33333333333334,,,,,,,56,insufficient_training_data
top_k_15_features,2024-10-30,2024_25,0022400121,WAS,ATL,253,233.33333333333334,,,,,,,56,insufficient_training_data
top_k_15_features,2024-10-30,2024_25,0022400117,CHA,TOR,271,223.5,,,,,,,56,insufficient_training_data
top_k_15_features,2024-10-30,2024_25,0022400118,CLE,LAL,244,224.83333333333334,,,,,,,56,insufficient_training_data
top_k_15_features,2024-10-30,2024_25,0022400119,IND,BOS,267,233.66666666666666,,,,,,,56,insufficient_training_data
top_k_15_features,2024-10-30,2024_25,0022400120,PHI,DET,200,217.5,,,,,,,56,insufficient_training_data
top_k_15_features,2024-10-30,2024_25,0022400126,GSW,NOP,193,219.5,,,,,,,56,insufficient_training_data
top_k_15_features,2024-10-30,2024_25,0022400122,MIA,NYK,223,214.5,,,,,,,56,insufficient_training_data
top_k_15_features,2024-10-30,2024_25,0022400124,MEM,BKN,225,225.83333333333334,,,,,,,56,insufficient_training_data
top_k_15_features,2024-10-30,2024_25,0022400127,LAC,POR,211,214.83333333333334,,,,,,,56,insufficient_training_data
top_k_15_features,2024-10-30,2024_25,0022400125,OKC,SAS,198,221.5,,,,,,,56,insufficient_training_data
top_k_15_features,2024-10-31,2024_25,0022400130,UTA,SAS,194,223.33333333333334,,,,,,,67,insufficient_training_data
top_k_15_features,2024-10-31,2024_25,0022400131,LAC,PHX,244,223.5,,,,,,,67,insufficient_training_data
top_k_15_features,2024-10-31,2024_25,0022400129,DAL,HOU,210,225.66666666666666,,,,,,,67,insufficient_training_data
top_k_15_features,2024-10-31,2024_25,0022400128,MEM,MIL,221,226.5,,,,,,,67,insufficient_training_data
top_k_15_features,2024-11-01,2024_25,0022400135,ATL,SAC,238,239.66666666666666,,,,,,,71,insufficient_training_data
top_k_15_features,2024-11-01,2024_25,0022400137,TOR,LAL,256,229.0,,,,,,,71,insufficient_training_data
top_k_15_features,2024-11-01,2024_25,0022400139,MIN,DEN,235,219.33333333333334,,,,,,,71,insufficient_training_data
top_k_15_features,2024-11-01,2024_25,0022400138,NOP,IND,243,232.33333333333334,,,,,,,71,insufficient_training_data
top_k_15_features,2024-11-01,2024_25,0022400136,BKN,CHI,232,226.16666666666666,,,,,,,71,insufficient_training_data
top_k_15_features,2024-11-01,2024_25,0022400140,POR,OKC,251,220.16666666666666,,,,,,,71,insufficient_training_data
top_k_15_features,2024-11-01,2024_25,0022400134,DET,NYK,226,218.5,,,,,,,71,insufficient_training_data
top_k_15_features,2024-11-01,2024_25,0022400133,CLE,ORL,229,217.16666666666666,,,,,,,71,insufficient_training_data
top_k_15_features,2024-11-01,2024_25,0022400132,CHA,BOS,233,231.66666666666666,,,,,,,71,insufficient_training_data
top_k_15_features,2024-11-02,2024_25,0022400141,CHA,BOS,216,231.33333333333334,,,,,,,80,insufficient_training_data
top_k_15_features,2024-11-02,2024_25,0022400142,PHI,MEM,231,223.33333333333334,,,,,,,80,insufficient_training_data
top_k_15_features,2024-11-02,2024_25,0022400143,TOR,SAC,259,232.5,,,,,,,80,insufficient_training_data
top_k_15_features,2024-11-02,2024_25,0022400149,PHX,POR,200,224.33333333333334,,,,,,,80,insufficient_training_data
top_k_15_features,2024-11-02,2024_25,0022400144,HOU,GSW,248,217.33333333333334,,,,,,,80,insufficient_training_data
top_k_15_features,2024-11-02,2024_25,0022400146,SAS,MIN,216,214.83333333333334,,,,,,,80,insufficient_training_data
top_k_15_features,2024-11-02,2024_25,0022400148,DEN,UTA,232,218.5,,,,,,,80,insufficient_training_data
top_k_15_features,2024-11-02,2024_25,0022400150,LAC,OKC,197,220.33333333333334,,,,,,,80,insufficient_training_data
top_k_15_features,2024-11-02,2024_25,0022400145,MIL,CLE,227,232.16666666666666,,,,,,,80,insufficient_training_data
top_k_15_features,2024-11-03,2024_25,0022400153,DAL,ORL,193,219.33333333333334,,,,,,,89,insufficient_training_data
top_k_15_features,2024-11-03,2024_25,0022400151,BKN,DET,198,219.5,,,,,,,89,insufficient_training_data
top_k_15_features,2024-11-03,2024_25,0022400152,NOP,ATL,237,230.83333333333334,,,,,,,89,insufficient_training_data
top_k_15_features,2024-11-04,2024_25,0022400160,CHI,UTA,261,228.0,,,,,,,92,insufficient_training_data
top_k_15_features,2024-11-04,2024_25,0022400154,CLE,MIL,230,230.33333333333334,,,,,,,92,insufficient_training_data
top_k_15_features,2024-11-04,2024_25,0022400155,WAS,GSW,237,231.5,,,,,,,92,insufficient_training_data
top_k_15_features,2024-11-04,2024_25,0022400156,DET,LAL,218,226.33333333333334,,,,,,,92,insufficient_training_data
top_k_15_features,2024-11-04,2024_25,0022400157,ATL,BOS,216,234.33333333333334,,,,,,,92,insufficient_training_data
top_k_15_features,2024-11-04,2024_25,0022400159,MIA,SAC,221,227.16666666666666,,,,,,,92,insufficient_training_data
top_k_15_features,2024-11-04,2024_25,0022400163,OKC,ORL,188,215.33333333333334,,,,,,,92,insufficient_training_data
top_k_15_features,2024-11-04,2024_25,0022400158,BKN,MEM,210,225.33333333333334,,,,,,,92,insufficient_training_data
top_k_15_features,2024-11-04,2024_25,0022400168,LAC,SAS,217,218.0,,,,,,,92,insufficient_training_data
top_k_15_features,2024-11-04,2024_25,0022400164,NOP,POR,218,221.66666666666666,,,,,,,92,insufficient_training_data
top_k_15_features,2024-11-04,2024_25,0022400165,DAL,IND,261,235.66666666666666,,,,,,,92,insufficient_training_data
top_k_15_features,2024-11-04,2024_25,0022400166,DEN,TOR,240,228.83333333333334,,,,,,,92,insufficient_training_data
top_k_15_features,2024-11-04,2024_25,0022400167,PHX,PHI,234,226.66666666666666,,,,,,,92,insufficient_training_data
top_k_15_features,2024-11-04,2024_25,0022400162,MIN,CHA,207,226.5,,,,,,,92,insufficient_training_data
top_k_15_features,2024-11-04,2024_25,0022400161,HOU,NYK,206,219.16666666666666,,,,,,,92,insufficient_training_data
top_k_15_features,2024-11-06,2024_25,0022400172,BOS,GSW,230,230.0,,,,,,,107,insufficient_training_data
top_k_15_features,2024-11-06,2024_25,0022400174,MEM,LAL,245,229.83333333333334,,,,,,,107,insufficient_training_data
top_k_15_features,2024-11-06,2024_25,0022400169,CHA,DET,215,222.66666666666666,,,,,,,107,insufficient_training_data
top_k_15_features,2024-11-06,2024_25,0022400170,IND,ORL,229,226.5,,,,,,,107,insufficient_training_data
top_k_15_features,2024-11-06,2024_25,0022400171,ATL,NYK,237,225.5,,,,,,,107,insufficient_training_data
top_k_15_features,2024-11-06,2024_25,0022400173,HOU,SAS,227,213.5,,,,,,,107,insufficient_training_data
top_k_15_features,2024-11-06,2024_25,0022400178,PHX,MIA,227,222.5,,,,,,,107,insufficient_training_data
top_k_15_features,2024-11-06,2024_25,0022400176,DAL,CHI,218,234.83333333333334,,,,,,,107,insufficient_training_data
top_k_15_features,2024-11-06,2024_25,0022400177,DEN,OKC,246,222.0,,,,,,,107,insufficient_training_data
top_k_15_features,2024-11-06,2024_25,0022400179,LAC,PHI,208,218.33333333333334,,,,,,,107,insufficient_training_data
top_k_15_features,2024-11-06,2024_25,0022400180,SAC,TOR,229,238.0,,,,,,,107,insufficient_training_data
top_k_15_features,2024-11-06,2024_25,0022400175,NOP,CLE,253,224.0,,,,,,,107,insufficient_training_data
top_k_15_features,2024-11-07,2024_25,0022400181,CHI,MIN,254,227.66666666666666,,,,,,,119,insufficient_training_data
top_k_15_features,2024-11-07,2024_25,0022400182,MIL,UTA,223,229.66666666666666,,,,,,,119,insufficient_training_data
top_k_15_features,2024-11-07,2024_25,0022400183,SAS,POR,223,217.5,,,,,,,119,insufficient_training_data
top_k_15_features,2024-11-08,2024_25,0022400188,CLE,GSW,253,231.33333333333334,,,,,,,122,insufficient_training_data
top_k_15_features,2024-11-08,2024_25,0022400189,NYK,MIL,210,224.83333333333334,,,,,,,122,insufficient_training_data
top_k_15_features,2024-11-08,2024_25,0022400185,DET,ATL,243,227.0,,,,,,,122,insufficient_training_data
top_k_15_features,2024-11-08,2024_25,0022400186,ORL,NOP,203,213.5,,,,,,,122,insufficient_training_data
top_k_15_features,2024-11-08,2024_25,0022400187,BOS,BKN,212,224.33333333333334,,,,,,,122,insufficient_training_data
top_k_15_features,2024-11-08,2024_25,0022400193,MIN,POR,229,220.66666666666666,,,,,,,122,insufficient_training_data
top_k_15_features,2024-11-08,2024_25,0022400184,CHA,IND,186,234.66666666666666,,,,,,,122,insufficient_training_data
top_k_15_features,2024-11-08,2024_25,0022400192,OKC,HOU,233,219.0,,,,,,,122,insufficient_training_data
top_k_15_features,2024-11-08,2024_25,0022400196,SAC,LAC,205,224.0,,,,,,,122,insufficient_training_data
top_k_15_features,2024-11-08,2024_25,0022400194,DEN,MIA,257,222.0,,,,,,,122,insufficient_training_data
top_k_15_features,2024-11-08,2024_25,0022400195,LAL,PHI,222,222.66666666666666,,,,,,,122,insufficient_training_data
top_k_15_features,2024-11-08,2024_25,0022400191,MEM,WAS,232,229.33333333333334,,,,,,,122,insufficient_training_data
top_k_15_features,2024-11-08,2024_25,0022400190,DAL,PHX,227,230.5,,,,,,,122,insufficient_training_data
top_k_15_features,2024-11-09,2024_25,0022400200,LAC,TOR,208,226.33333333333334,,,,,,,135,insufficient_training_data
top_k_15_features,2024-11-09,2024_25,0022400199,CLE,BKN,205,223.33333333333334,,,,,,,135,insufficient_training_data
top_k_15_features,2024-11-09,2024_25,0022400197,SAS,UTA,221,222.5,,,,,,,135,insufficient_training_data
top_k_15_features,2024-11-09,2024_25,0022400198,ATL,CHI,238,238.5,,,,,,,135,insufficient_training_data
top_k_15_features,2024-11-10,2024_25,0022400201,DET,HOU,200,220.33333333333334,,,,,,,139,insufficient_training_data
top_k_15_features,2024-11-10,2024_25,0022400206,MIN,MIA,189,218.33333333333334,,,,,,,139,insufficient_training_data
top_k_15_features,2024-11-10,2024_25,0022400203,IND,NYK,253,229.0,,,,,,,139,insufficient_training_data
top_k_15_features,2024-11-10,2024_25,0022400205,PHI,CHA,212,221.16666666666666,,,,,,,139,insufficient_training_data
top_k_15_features,2024-11-10,2024_25,0022400202,MIL,BOS,220,228.5,,,,,,,139,insufficient_training_data
top_k_15_features,2024-11-10,2024_25,0022400204,ORL,WAS,215,220.16666666666666,,,,,,,139,insufficient_training_data
top_k_15_features,2024-11-10,2024_25,0022400208,DEN,DAL,242,231.5,,,,,,,139,insufficient_training_data
top_k_15_features,2024-11-10,2024_25,0022400209,PHX,SAC,245,228.33333333333334,,,,,,,139,insufficient_training_data
top_k_15_features,2024-11-10,2024_25,0022400210,POR,MEM,223,226.0,,,,,,,139,insufficient_training_data
top_k_15_features,2024-11-10,2024_25,0022400211,LAL,TOR,226,235.33333333333334,,,,,,,139,insufficient_training_data
top_k_15_features,2024-11-10,2024_25,0022400207,OKC,GSW,243,227.5,,,,,,,139,insufficient_training_data
top_k_15_features,2024-11-11,2024_25,0022400212,CHI,CLE,232,237.16666666666666,,,,,,,150,insufficient_training_data
top_k_15_features,2024-11-11,2024_25,0022400215,OKC,LAC,262,218.83333333333334,,,,,,,150,insufficient_training_data
top_k_15_features,2024-11-11,2024_25,0022400214,NOP,BKN,212,212.83333333333334,,,,,,,150,insufficient_training_data
top_k_15_features,2024-11-11,2024_25,0022400216,SAS,SAC,212,222.0,,,,,,,150,insufficient_training_data
top_k_15_features,2024-11-11,2024_25,0022400213,HOU,WAS,199,226.5,,,,,,,150,insufficient_training_data
top_k_15_features,2024-11-12,2024_25,0022400002,DET,MIA,244,215.5,,,,,,,155,insufficient_training_data
top_k_15_features,2024-11-12,2024_25,0022400007,GSW,DAL,237,232.33333333333334,,,,,,,155,insufficient_training_data
top_k_15_features,2024-11-12,2024_25,0022400008,POR,MIN,230,218.5,,,,,,,155,insufficient_training_data
top_k_15_features,2024-11-12,2024_25,0022400006,UTA,PHX,232,228.33333333333334,,,,,,,155,insufficient_training_data
top_k_15_features,2024-11-12,2024_25,0022400001,BOS,ATL,233,227.0,,,,,,,155,insufficient_training_data
top_k_15_features,2024-11-12,2024_25,0022400004,PHI,NYK,210,215.5,,,,,,,155,insufficient_training_data
top_k_15_features,2024-11-12,2024_25,0022400003,ORL,CHA,203,213.33333333333334,,,,,,,155,insufficient_training_data
top_k_15_features,2024-11-12,2024_25,0022400005,MIL,TOR,184,227.83333333333334,,,,,,,155,insufficient_training_data
top_k_15_features,2024-11-13,2024_25,0022400217,ORL,IND,184,225.66666666666666,,,,,,,163,insufficient_training_data
top_k_15_features,2024-11-13,2024_25,0022400227,SAC,PHX,231,225.5,,,,,,,163,insufficient_training_data
top_k_15_features,2024-11-13,2024_25,0022400226,POR,MIN,204,221.75,,,,,,,163,insufficient_training_data
top_k_15_features,2024-11-13,2024_25,0022400225,LAL,MEM,251,230.5,,,,,,,163,insufficient_training_data
top_k_15_features,2024-11-13,2024_25,0022400224,SAS,WAS,269,222.66666666666666,,,,,,,163,insufficient_training_data
top_k_15_features,2024-11-13,2024_25,0022400223,MIL,DET,247,217.16666666666666,,,,,,,163,insufficient_training_data
top_k_15_features,2024-11-13,2024_25,0022400220,PHI,CLE,220,217.66666666666666,,,,,,,163,insufficient_training_data
top_k_15_features,2024-11-13,2024_25,0022400221,OKC,NOP,194,221.5,,,,,,,163,insufficient_training_data
top_k_15_features,2024-11-13,2024_25,0022400219,NYK,CHI,247,228.33333333333334,,,,,,,163,insufficient_training_data
top_k_15_features,2024-11-13,2024_25,0022400218,BKN,BOS,253,218.0,,,,,,,163,insufficient_training_data
top_k_15_features,2024-11-13,2024_25,0022400222,HOU,LAC,214,213.83333333333334,,,,,,,163,insufficient_training_data
top_k_15_features,2024-11-14,2024_25,0022400228,UTA,DAL,228,230.83333333333334,,,,,,,174,insufficient_training_data
top_k_15_features,2024-11-15,2024_25,0022400009,IND,MIA,235,227.83333333333334,,,,,,,175,insufficient_training_data
top_k_15_features,2024-11-15,2024_25,0022400012,ATL,WAS,246,240.33333333333334,,,,,,,175,insufficient_training_data
top_k_15_features,2024-11-15,2024_25,0022400010,ORL,PHI,184,210.66666666666666,,,,,,,175,insufficient_training_data
top_k_15_features,2024-11-15,2024_25,0022400011,TOR,DET,194,225.0,,,,,,,175,insufficient_training_data
top_k_15_features,2024-11-15,2024_25,0022400013,CLE,CHI,270,237.16666666666666,,,,,,,175,insufficient_training_data
top_k_15_features,2024-11-15,2024_25,0022400014,NYK,BKN,246,216.5,,,,,,,175,insufficient_training_data
top_k_15_features,2024-11-15,2024_25,0022400016,HOU,LAC,229,217.33333333333334,,,,,,,175,insufficient_training_data
top_k_15_features,2024-11-15,2024_25,0022400017,NOP,DEN,195,221.0,,,,,,,175,insufficient_training_data
top_k_15_features,2024-11-15,2024_25,0022400018,OKC,PHX,182,228.0,,,,,,,175,insufficient_training_data
top_k_15_features,2024-11-15,2024_25,0022400015,SAS,LAL,235,227.33333333333334,,,,,,,175,insufficient_training_data
top_k_15_features,2024-11-15,2024_25,0022400019,GSW,MEM,241,235.33333333333334,,,,,,,175,insufficient_training_data
top_k_15_features,2024-11-15,2024_25,0022400020,SAC,MIN,256,222.0,,,,,,,175,insufficient_training_data
top_k_15_features,2024-11-16,2024_25,0022400229,CHA,MIL,229,217.33333333333334,,,,,,,187,insufficient_training_data
top_k_15_features,2024-11-16,2024_25,0022400230,BOS,TOR,249,228.5,,,,,,,187,insufficient_training_data
top_k_15_features,2024-11-16,2024_25,0022400231,NOP,LAL,203,221.33333333333334,,,,,,,187,insufficient_training_data
top_k_15_features,2024-11-16,2024_25,0022400232,DAL,SAS,203,227.0,,,,,,,187,insufficient_training_data
top_k_15_features,2024-11-16,2024_25,0022400233,SAC,UTA,238,227.5,,,,,,,187,insufficient_training_data
top_k_15_features,2024-11-17,2024_25,0022400235,IND,MIA,229,228.66666666666666,,,,,,,192,insufficient_training_data
top_k_15_features,2024-11-17,2024_25,0022400238,MEM,DEN,195,228.0,,,,,,,192,insufficient_training_data
top_k_15_features,2024-11-17,2024_25,0022400234,MIN,PHX,237,219.5,,,,,,,192,insufficient_training_data
top_k_15_features,2024-11-17,2024_25,0022400237,WAS,DET,228,228.66666666666666,,,,,,,192,insufficient_training_data
top_k_15_features,2024-11-17,2024_25,0022400236,CLE,CHA,242,224.16666666666666,,,,,,,192,insufficient_training_data
top_k_15_features,2024-11-17,2024_25,0022400242,OKC,DAL,240,229.5,,,,,,,192,insufficient_training_data
top_k_15_features,2024-11-17,2024_25,0022400240,NYK,BKN,218,220.5,,,,,,,192,insufficient_training_data
top_k_15_features,2024-11-17,2024_25,0022400241,CHI,HOU,250,233.66666666666666,,,,,,,192,insufficient_training_data
top_k_15_features,2024-11-17,2024_25,0022400243,LAC,UTA,221,220.5,,,,,,,192,insufficient_training_data
top_k_15_features,2024-11-17,2024_25,0022400239,POR,ATL,224,232.33333333333334,,,,,,,192,insufficient_training_data
top_k_15_features,2024-11-18,2024_25,0022400245,MIA,PHI,195,212.66666666666666,,,,,,,202,insufficient_training_data
top_k_15_features,2024-11-18,2024_25,0022400247,TOR,IND,249,234.33333333333334,,,,,,,202,insufficient_training_data
top_k_15_features,2024-11-18,2024_25,0022400244,DET,CHI,234,233.5,,,,,,,202,insufficient_training_data
top_k_15_features,2024-11-18,2024_25,0022400246,NYK,WAS,240,231.16666666666666,,,,,,,202,insufficient_training_data
top_k_15_features,2024-11-18,2024_25,0022400251,LAC,GSW,201,226.16666666666666,,,,,,,202,insufficient_training_data
top_k_15_features,2024-11-18,2024_25,0022400250,SAC,ATL,217,234.83333333333334,,,,,,,202,insufficient_training_data
top_k_15_features,2024-11-18,2024_25,0022400249,PHX,ORL,208,211.16666666666666,,,,,,,202,insufficient_training_data
top_k_15_features,2024-11-18,2024_25,0022400248,MIL,HOU,201,222.33333333333334,,,,,,,202,insufficient_training_data
top_k_15_features,2024-11-19,2024_25,0022400021,BOS,CLE,237,234.83333333333334,,,,,,,210,insufficient_training_data
top_k_15_features,2024-11-19,2024_25,0022400022,BKN,CHA,231,220.83333333333334,,,,,,,210,insufficient_training_data
top_k_15_features,2024-11-19,2024_25,0022400023,MEM,DEN,232,226.83333333333334,,,,,,,210,insufficient_training_data
top_k_15_features,2024-11-19,2024_25,0022400024,DAL,NOP,223,221.83333333333334,,,,,,,210,insufficient_training_data
top_k_15_features,2024-11-19,2024_25,0022400025,SAS,OKC,214,223.16666666666666,,,,,,,210,insufficient_training_data
top_k_15_features,2024-11-19,2024_25,0022400026,LAL,UTA,242,235.33333333333334,,,,,,,210,insufficient_training_data
top_k_15_features,2024-11-20,2024_25,0022400255,MEM,PHI,228,219.5,,,,,,,216,insufficient_training_data
top_k_15_features,2024-11-20,2024_25,0022400252,CLE,NOP,228,222.0,,,,,,,216,insufficient_training_data
top_k_15_features,2024-11-20,2024_25,0022400253,MIL,CHI,228,238.0,,,,,,,216,insufficient_training_data
top_k_15_features,2024-11-20,2024_25,0022400254,HOU,IND,243,231.5,,,,,,,216,insufficient_training_data
top_k_15_features,2024-11-20,2024_25,0022400259,LAC,ORL,197,206.5,,,,,,,216,insufficient_training_data
top_k_15_features,2024-11-20,2024_25,0022400257,PHX,NYK,260,222.5,,,,,,,216,insufficient_training_data
top_k_15_features,2024-11-20,2024_25,0022400258,GSW,ATL,217,239.0,,,,,,,216,insufficient_training_data
top_k_15_features,2024-11-20,2024_25,0022400256,OKC,POR,208,223.83333333333334,,,,,,,216,insufficient_training_data
top_k_15_features,2024-11-21,2024_25,0022400263,LAL,ORL,237,217.33333333333334,,,,,,,224,insufficient_training_data
top_k_15_features,2024-11-21,2024_25,0022400262,SAS,UTA,244,224.16666666666666,,,,,,,224,insufficient_training_data
top_k_15_features,2024-11-21,2024_25,0022400260,CHA,DET,244,220.66666666666666,,,,,,,224,insufficient_training_data
top_k_15_features,2024-11-21,2024_25,0022400261,TOR,MIN,215,225.5,,,,,,,224,insufficient_training_data
top_k_15_features,2024-11-22,2024_25,0022400034,LAC,SAC,192,221.33333333333334,,,,,,,228,insufficient_training_data
top_k_15_features,2024-11-22,2024_25,0022400033,DEN,DAL,243,227.33333333333334,,,,,,,228,insufficient_training_data
top_k_15_features,2024-11-22,2024_25,0022400031,HOU,POR,204,223.16666666666666,,,,,,,228,insufficient_training_data
top_k_15_features,2024-11-22,2024_25,0022400032,NOP,GSW,220,223.5,,,,,,,228,insufficient_training_data
top_k_15_features,2024-11-22,2024_25,0022400029,MIL,IND,246,237.5,,,,,,,228,insufficient_training_data
top_k_15_features,2024-11-22,2024_25,0022400027,PHI,BKN,211,217.5,,,,,,,228,insufficient_training_data
top_k_15_features,2024-11-22,2024_25,0022400030,CHI,ATL,258,244.5,,,,,,,228,insufficient_training_data
top_k_15_features,2024-11-22,2024_25,0022400028,WAS,BOS,204,237.83333333333334,,,,,,,228,insufficient_training_data
top_k_15_features,2024-11-23,2024_25,0022400264,UTA,NYK,227,229.66666666666666,,,,,,,236,insufficient_training_data
top_k_15_features,2024-11-23,2024_25,0022400265,ORL,DET,211,206.66666666666666,,,,,,,236,insufficient_training_data
top_k_15_features,2024-11-23,2024_25,0022400266,CHI,MEM,273,243.16666666666666,,,,,,,236,insufficient_training_data
top_k_15_features,2024-11-23,2024_25,0022400267,HOU,POR,202,224.5,,,,,,,236,insufficient_training_data
top_k_15_features,2024-11-23,2024_25,0022400268,MIL,CHA,244,223.0,,,,,,,236,insufficient_training_data
top_k_15_features,2024-11-23,2024_25,0022400269,SAS,GSW,198,225.33333333333334,,,,,,,236,insufficient_training_data
top_k_15_features,2024-11-23,2024_25,0022400270,LAL,DEN,229,233.0,,,,,,,236,insufficient_training_data
top_k_15_features,2024-11-24,2024_25,0022400275,CLE,TOR,230,236.5,,,,,,,243,insufficient_training_data
top_k_15_features,2024-11-24,2024_25,0022400276,SAC,BKN,211,222.0,,,,,,,243,insufficient_training_data
top_k_15_features,2024-11-24,2024_25,0022400274,PHI,LAC,224,209.0,,,,,,,243,insufficient_training_data
top_k_15_features,2024-11-24,2024_25,0022400273,MIA,DAL,241,222.0,,,,,,,243,insufficient_training_data
top_k_15_features,2024-11-24,2024_25,0022400272,IND,WAS,218,242.66666666666666,,,,,,,243,insufficient_training_data
top_k_15_features,2024-11-24,2024_25,0022400271,BOS,MIN,212,222.5,,,,,,,243,insufficient_training_data
top_k_15_features,2024-11-25,2024_25,0022400280,ATL,DAL,248,237.5,,,,,,,249,insufficient_training_data
top_k_15_features,2024-11-25,2024_25,0022400277,CHA,ORL,179,213.5,,,,,,,249,insufficient_training_data
top_k_15_features,2024-11-25,2024_25,0022400279,IND,NOP,224,227.5,,,,,,,249,insufficient_training_data
top_k_15_features,2024-11-25,2024_25,0022400284,GSW,BKN,248,223.33333333333334,,,,,,,249,insufficient_training_data
top_k_15_features,2024-11-25,2024_25,0022400278,DET,TOR,202,222.83333333333334,,,,,,,249,insufficient_training_data
top_k_15_features,2024-11-25,2024_25,0022400282,MEM,POR,221,230.83333333333334,,,,,,,249,insufficient_training_data
top_k_15_features,2024-11-25,2024_25,0022400285,SAC,OKC,239,223.5,,,,,,,249,insufficient_training_data
top_k_15_features,2024-11-25,2024_25,0022400283,DEN,NYK,263,232.16666666666666,,,,,,,249,insufficient_training_data
top_k_15_features,2024-11-25,2024_25,0022400281,BOS,LAC,220,218.66666666666666,,,,,,,249,insufficient_training_data
top_k_15_features,2024-11-26,2024_25,0022400035,WAS,CHI,235,244.33333333333334,,,,,,,258,insufficient_training_data
top_k_15_features,2024-11-26,2024_25,0022400036,MIA,MIL,209,224.5,,,,,,,258,insufficient_training_data
top_k_15_features,2024-11-26,2024_25,0022400037,MIN,HOU,228,221.16666666666666,,,,,,,258,insufficient_training_data
top_k_15_features,2024-11-26,2024_25,0022400038,UTA,SAS,243,225.83333333333334,,,,,,,258,insufficient_training_data
top_k_15_features,2024-11-26,2024_25,0022400039,PHX,LAL,227,234.16666666666666,,,,,,,258,insufficient_training_data
top_k_15_features,2024-11-27,2024_25,0022400289,ORL,CHI,252,224.0,,,,,,,263,insufficient_training_data
top_k_15_features,2024-11-27,2024_25,0022400288,IND,POR,235,231.66666666666666,,,,,,,263,insufficient_training_data
top_k_15_features,2024-11-27,2024_25,0022400291,WAS,LAC,217,223.0,,,,,,,263,insufficient_training_data
top_k_15_features,2024-11-27,2024_25,0022400286,CHA,MIA,192,217.5,,,,,,,263,insufficient_training_data
top_k_15_features,2024-11-27,2024_25,0022400292,DAL,NYK,243,234.5,,,,,,,263,insufficient_training_data
top_k_15_features,2024-11-27,2024_25,0022400290,PHI,HOU,237,217.83333333333334,,,,,,,263,insufficient_training_data
top_k_15_features,2024-11-27,2024_25,0022400287,CLE,ATL,259,240.5,,,,,,,263,insufficient_training_data
top_k_15_features,2024-11-27,2024_25,0022400294,MIN,SAC,219,221.66666666666666,,,,,,,263,insufficient_training_data
top_k_15_features,2024-11-27,2024_25,0022400299,GSW,OKC,206,230.33333333333334,,,,,,,263,insufficient_training_data
top_k_15_features,2024-11-27,2024_25,0022400298,UTA,DEN,225,231.5,,,,,,,263,insufficient_training_data
top_k_15_features,2024-11-27,2024_25,0022400293,MEM,DET,242,225.16666666666666,,,,,,,263,insufficient_training_data
top_k_15_features,2024-11-27,2024_25,0022400296,SAS,LAL,220,226.66666666666666,,,,,,,263,insufficient_training_data
top_k_15_features,2024-11-27,2024_25,0022400297,PHX,BKN,244,219.33333333333334,,,,,,,263,insufficient_training_data
top_k_15_features,2024-11-27,2024_25,0022400295,NOP,TOR,212,222.33333333333334,,,,,,,263,insufficient_training_data
top_k_15_features,2024-11-29,2024_25,0022400044,MIN,LAC,185,216.66666666666666,,,,,,,277,insufficient_training_data
top_k_15_features,2024-11-29,2024_25,0022400041,ATL,CLE,218,246.83333333333334,,,,,,,277,insufficient_training_data
top_k_15_features,2024-11-29,2024_25,0022400042,MEM,NOP,229,230.16666666666666,,,,,,,277,insufficient_training_data
top_k_15_features,2024-11-29,2024_25,0022400043,BKN,ORL,223,209.66666666666666,,,,,,,277,insufficient_training_data
top_k_15_features,2024-11-29,2024_25,0022400040,CHA,NYK,197,222.83333333333334,,,,,,,277,insufficient_training_data
top_k_15_features,2024-11-29,2024_25,0022400049,POR,SAC,221,223.33333333333334,,,,,,,277,insufficient_training_data
top_k_15_features,2024-11-29,2024_25,0022400047,CHI,BOS,267,242.5,,,,,,,277,insufficient_training_data
top_k_15_features,2024-11-29,2024_25,0022400048,LAL,OKC,194,231.5,,,,,,,277,insufficient_training_data
top_k_15_features,2024-11-29,2024_25,0022400046,MIA,TOR,232,219.5,,,,,,,277,insufficient_training_data
top_k_15_features,2024-11-29,2024_25,0022400045,IND,DET,236,231.0,,,,,,,277,insufficient_training_data
top_k_15_features,2024-11-30,2024_25,0022400300,CHA,ATL,211,227.16666666666666,,,,,,,287,insufficient_training_data
top_k_15_features,2024-11-30,2024_25,0022400301,DET,PHI,207,217.16666666666666,,,,,,,287,insufficient_training_data
top_k_15_features,2024-11-30,2024_25,0022400302,MIL,WAS,238,230.5,,,,,,,287,insufficient_training_data
top_k_15_features,2024-11-30,2024_25,0022400303,PHX,GSW,218,231.66666666666666,,,,,,,287,insufficient_training_data
top_k_15_features,2024-11-30,2024_25,0022400304,UTA,DAL,200,233.16666666666666,,,,,,,287,insufficient_training_data
top_k_15_features,2024-12-01,2024_25,0022400309,TOR,MIA,235,222.0,,,,,,,292,insufficient_training_data
top_k_15_features,2024-12-01,2024_25,0022400306,MEM,IND,257,242.0,,,,,,,292,insufficient_training_data
top_k_15_features,2024-12-01,2024_25,0022400307,CLE,BOS,226,236.66666666666666,,,,,,,292,insufficient_training_data
top_k_15_features,2024-12-01,2024_25,0022400308,NYK,NOP,203,226.16666666666666,,,,,,,292,insufficient_training_data
top_k_15_features,2024-12-01,2024_25,0022400305,BKN,ORL,192,209.66666666666666,,,,,,,292,insufficient_training_data
top_k_15_features,2024-12-01,2024_25,0022400310,HOU,OKC,235,219.5,,,,,,,292,insufficient_training_data
top_k_15_features,2024-12-01,2024_25,0022400312,POR,DAL,268,228.33333333333334,,,,,,,292,insufficient_training_data
top_k_15_features,2024-12-01,2024_25,0022400313,SAC,SAS,252,225.5,,,,,,,292,insufficient_training_data
top_k_15_features,2024-12-01,2024_25,0022400314,LAC,DEN,248,223.16666666666666,,,,,,,292,insufficient_training_data
top_k_15_features,2024-12-01,2024_25,0022400311,UTA,LAL,209,231.33333333333334,,,,,,,292,insufficient_training_data
top_k_15_features,2024-12-02,2024_25,0022400315,ATL,NOP,236,227.66666666666666,,,,,,,302,insufficient_training_data
top_k_15_features,2024-12-02,2024_25,0022400316,BOS,MIA,197,220.5,,,,,,,302,insufficient_training_data
top_k_15_features,2024-12-02,2024_25,0022400317,CHI,BKN,230,233.5,,,,,,,302,insufficient_training_data
top_k_15_features,2024-12-02,2024_25,0022400318,MIN,LAL,189,221.33333333333334,,,,,,,302,insufficient_training_data
top_k_15_features,2024-12-03,2024_25,0022400055,OKC,UTA,239,222.5,,,,,,,306,insufficient_training_data
top_k_15_features,2024-12-03,2024_25,0022400050,CHA,PHI,214,209.0,,,,,,,306,insufficient_training_data
top_k_15_features,2024-12-03,2024_25,0022400052,DET,MIL,235,221.66666666666666,,,,,,,306,insufficient_training_data
top_k_15_features,2024-12-03,2024_25,0022400053,NYK,ORL,227,216.0,,,,,,,306,insufficient_training_data
top_k_15_features,2024-12-03,2024_25,0022400054,TOR,IND,233,238.66666666666666,,,,,,,306,insufficient_training_data
top_k_15_features,2024-12-03,2024_25,0022400058,DEN,GSW,234,239.0,,,,,,,306,insufficient_training_data
top_k_15_features,2024-12-03,2024_25,0022400056,DAL,MEM,237,241.66666666666666,,,,,,,306,insufficient_training_data
top_k_15_features,2024-12-03,2024_25,0022400057,PHX,SAS,197,230.0,,,,,,,306,insufficient_training_data
top_k_15_features,2024-12-03,2024_25,0022400060,LAC,POR,232,218.33333333333334,,,,,,,306,insufficient_training_data
top_k_15_features,2024-12-03,2024_25,0022400059,SAC,HOU,231,225.16666666666666,,,,,,,306,insufficient_training_data
top_k_15_features,2024-12-03,2024_25,0022400051,CLE,WAS,205,234.66666666666666,,,,,,,306,insufficient_training_data
top_k_15_features,2024-12-04,2024_25,0022400321,MIA,LAL,227,217.33333333333334,,,,,,,317,insufficient_training_data
top_k_15_features,2024-12-04,2024_25,0022400319,BOS,DET,250,221.0,,,,,,,317,insufficient_training_data
top_k_15_features,2024-12-04,2024_25,0022400320,BKN,IND,189,226.66666666666666,,,,,,,317,insufficient_training_data
top_k_15_features,2024-12-04,2024_25,0022400324,LAC,MIN,188,211.33333333333334,,,,,,,317,insufficient_training_data
top_k_15_features,2024-12-04,2024_25,0022400323,MIL,ATL,223,236.16666666666666,,,,,,,317,insufficient_training_data
top_k_15_features,2024-12-04,2024_25,0022400322,PHI,ORL,208,208.16666666666666,,,,,,,317,insufficient_training_data
top_k_15_features,2024-12-05,2024_25,0022400331,SAS,CHI,263,236.5,,,,,,,323,insufficient_training_data
top_k_15_features,2024-12-05,2024_25,0022400330,NOP,PHX,250,221.0,,,,,,,323,insufficient_training_data
top_k_15_features,2024-12-05,2024_25,0022400329,MEM,SAC,225,242.5,,,,,,,323,insufficient_training_data
top_k_15_features,2024-12-05,2024_25,0022400332,GSW,HOU,192,220.16666666666666,,,,,,,323,insufficient_training_data
top_k_15_features,2024-12-05,2024_25,0022400327,NYK,CHA,226,217.16666666666666,,,,,,,323,insufficient_training_data
top_k_15_features,2024-12-05,2024_25,0022400326,WAS,DAL,238,235.16666666666666,,,,,,,323,insufficient_training_data
top_k_15_features,2024-12-05,2024_25,0022400325,CLE,DEN,240,237.5,,,,,,,323,insufficient_training_data
top_k_15_features,2024-12-05,2024_25,0022400328,TOR,OKC,221,226.66666666666666,,,,,,,323,insufficient_training_data
top_k_15_features,2024-12-06,2024_25,0022400339,POR,UTA,240,225.83333333333334,,,,,,,331,insufficient_training_data
top_k_15_features,2024-12-06,2024_25,0022400338,GSW,MIN,197,220.16666666666666,,,,,,,331,insufficient_training_data
top_k_15_features,2024-12-06,2024_25,0022400336,CHI,IND,255,247.66666666666666,,,,,,,331,insufficient_training_data
top_k_15_features,2024-12-06,2024_25,0022400337,SAS,SAC,253,227.16666666666666,,,,,,,331,insufficient_training_data
top_k_15_features,2024-12-06,2024_25,0022400334,ATL,LAL,266,231.33333333333334,,,,,,,331,insufficient_training_data
top_k_15_features,2024-12-06,2024_25,0022400333,PHI,ORL,196,210.16666666666666,,,,,,,331,insufficient_training_data
top_k_15_features,2024-12-06,2024_25,0022400335,BOS,MIL,216,229.33333333333334,,,,,,,331,insufficient_training_data
top_k_15_features,2024-12-07,2024_25,0022400344,TOR,DAL,243,234.5,,,,,,,338,insufficient_training_data
top_k_15_features,2024-12-07,2024_25,0022400345,BOS,MEM,248,237.16666666666666,,,,,,,338,insufficient_training_data
top_k_15_features,2024-12-07,2024_25,0022400343,NYK,DET,231,225.66666666666666,,,,,,,338,insufficient_training_data
top_k_15_features,2024-12-07,2024_25,0022400346,MIA,PHX,232,220.0,,,,,,,338,insufficient_training_data
top_k_15_features,2024-12-07,2024_25,0022400341,WAS,DEN,235,231.16666666666666,,,,,,,338,insufficient_training_data
top_k_15_features,2024-12-07,2024_25,0022400340,CHA,CLE,218,219.16666666666666,,,,,,,338,insufficient_training_data
top_k_15_features,2024-12-07,2024_25,0022400342,NOP,OKC,228,224.16666666666666,,,,,,,338,insufficient_training_data
top_k_15_features,2024-12-08,2024_25,0022400352,ORL,PHX,225,211.16666666666666,,,,,,,345,insufficient_training_data
top_k_15_features,2024-12-08,2024_25,0022400348,BKN,MIL,231,218.66666666666666,,,,,,,345,insufficient_training_data
top_k_15_features,2024-12-08,2024_25,0022400349,IND,CHA,222,221.16666666666666,,,,,,,345,insufficient_training_data
top_k_15_features,2024-12-08,2024_25,0022400351,MIA,CLE,235,224.0,,,,,,,345,insufficient_training_data
top_k_15_features,2024-12-08,2024_25,0022400350,ATL,DEN,252,241.16666666666666,,,,,,,345,insufficient_training_data
top_k_15_features,2024-12-08,2024_25,0022400347,CHI,PHI,208,232.5,,,,,,,345,insufficient_training_data
top_k_15_features,2024-12-08,2024_25,0022400354,SAS,NOP,237,225.83333333333334,,,,,,,345,insufficient_training_data
top_k_15_features,2024-12-08,2024_25,0022400355,GSW,MIN,220,216.0,,,,,,,345,insufficient_training_data
top_k_15_features,2024-12-08,2024_25,0022400356,LAC,HOU,223,215.5,,,,,,,345,insufficient_training_data
top_k_15_features,2024-12-08,2024_25,0022400357,SAC,UTA,238,230.5,,,,,,,345,insufficient_training_data
top_k_15_features,2024-12-08,2024_25,0022400358,LAL,POR,205,225.5,,,,,,,345,insufficient_training_data
top_k_15_features,2024-12-08,2024_25,0022400353,WAS,MEM,252,242.0,,,,,,,345,insufficient_training_data
top_k_15_features,2024-12-09,2024_25,0022400359,TOR,NYK,221,231.0,,,,,,,357,insufficient_training_data
top_k_15_features,2024-12-10,2024_25,0022401203,OKC,DAL,222,231.33333333333334,,,,,,,358,insufficient_training_data
top_k_15_features,2024-12-10,2024_25,0022401201,MIL,ORL,223,213.16666666666666,,,,,,,358,insufficient_training_data
top_k_15_features,2024-12-11,2024_25,0022401204,HOU,GSW,181,222.16666666666666,,,,,,,360,insufficient_training_data
top_k_15_features,2024-12-11,2024_25,0022401202,NYK,ATL,208,236.16666666666666,,,,,,,360,insufficient_training_data
top_k_15_features,2024-12-12,2024_25,0022401207,NOP,SAC,220,231.66666666666666,,,,,,,362,insufficient_training_data
top_k_15_features,2024-12-12,2024_25,0022401206,MIA,TOR,218,224.0,,,,,,,362,insufficient_training_data
top_k_15_features,2024-12-12,2024_25,0022401205,BOS,DET,222,227.5,,,,,,,362,insufficient_training_data
top_k_15_features,2024-12-13,2024_25,0022401213,DEN,LAC,218,228.33333333333334,,,,,,,365,insufficient_training_data
top_k_15_features,2024-12-13,2024_25,0022401215,POR,SAS,234,224.66666666666666,,,,,,,365,insufficient_training_data
top_k_15_features,2024-12-13,2024_25,0022401214,UTA,PHX,260,231.33333333333334,,,,,,,365,insufficient_training_data
top_k_15_features,2024-12-13,2024_25,0022401212,CHI,CHA,204,231.16666666666666,,,,,,,365,insufficient_training_data
top_k_15_features,2024-12-13,2024_25,0022401209,PHI,IND,228,225.66666666666666,,,,,,,365,insufficient_training_data
top_k_15_features,2024-12-13,2024_25,0022401210,MIN,LAL,184,214.0,,,,,,,365,insufficient_training_data
top_k_15_features,2024-12-13,2024_25,0022401211,MEM,BKN,254,230.5,,,,,,,365,insufficient_training_data
top_k_15_features,2024-12-13,2024_25,0022401208,CLE,WAS,220,232.5,,,,,,,365,insufficient_training_data
top_k_15_features,2024-12-15,2024_25,0022401228,GSW,DAL,276,229.83333333333334,,,,,,,373,insufficient_training_data
top_k_15_features,2024-12-15,2024_25,0022401227,ORL,NYK,191,215.33333333333334,,,,,,,373,insufficient_training_data
top_k_15_features,2024-12-15,2024_25,0022401219,PHX,POR,225,229.0,,,,,,,373,insufficient_training_data
top_k_15_features,2024-12-15,2024_25,0022401220,LAL,MEM,226,232.5,,,,,,,373,insufficient_training_data
top_k_15_features,2024-12-15,2024_25,0022401217,WAS,BOS,210,229.83333333333334,,,,,,,373,insufficient_training_data
top_k_15_features,2024-12-15,2024_25,0022401216,IND,NOP,223,228.5,,,,,,,373,insufficient_training_data
top_k_15_features,2024-12-15,2024_25,0022401218,SAS,MIN,198,214.5,,,,,,,373,insufficient_training_data
top_k_15_features,2024-12-16,2024_25,0022401226,LAC,UTA,251,224.16666666666666,,,,,,,380,insufficient_training_data
top_k_15_features,2024-12-16,2024_25,0022401225,SAC,DEN,259,238.33333333333334,,,,,,,380,insufficient_training_data
top_k_15_features,2024-12-16,2024_25,0022401224,BKN,CLE,231,218.66666666666666,,,,,,,380,insufficient_training_data
top_k_15_features,2024-12-16,2024_25,0022401221,DET,MIA,249,218.33333333333334,,,,,,,380,insufficient_training_data
top_k_15_features,2024-12-16,2024_25,0022401222,CHA,PHI,229,214.5,,,,,,,380,insufficient_training_data
top_k_15_features,2024-12-16,2024_25,0022401223,TOR,CHI,243,238.5,,,,,,,380,insufficient_training_data
top_k_15_features,2024-12-19,2024_25,0022400364,TOR,BKN,195,218.16666666666666,,,,,,,386,insufficient_training_data
top_k_15_features,2024-12-19,2024_25,0022400366,MEM,GSW,237,235.66666666666666,,,,,,,386,insufficient_training_data
top_k_15_features,2024-12-19,2024_25,0022400360,DET,UTA,245,227.83333333333334,,,,,,,386,insufficient_training_data
top_k_15_features,2024-12-19,2024_25,0022400362,WAS,CHA,237,223.5,,,,,,,386,insufficient_training_data
top_k_15_features,2024-12-19,2024_25,0022400363,BOS,CHI,225,242.33333333333334,,,,,,,386,insufficient_training_data
top_k_15_features,2024-12-19,2024_25,0022400365,HOU,NOP,246,217.16666666666666,,,,,,,386,insufficient_training_data
top_k_15_features,2024-12-19,2024_25,0022400372,SAC,LAL,213,229.0,,,,,,,386,insufficient_training_data
top_k_15_features,2024-12-19,2024_25,0022400367,MIN,NYK,240,214.33333333333334,,,,,,,386,insufficient_training_data
top_k_15_features,2024-12-19,2024_25,0022400369,PHX,IND,231,234.5,,,,,,,386,insufficient_training_data
top_k_15_features,2024-12-19,2024_25,0022400370,SAS,ATL,259,233.5,,,,,,,386,insufficient_training_data
top_k_15_features,2024-12-19,2024_25,0022400371,POR,DEN,250,235.5,,,,,,,386,insufficient_training_data
top_k_15_features,2024-12-19,2024_25,0022400368,DAL,LAC,213,223.66666666666666,,,,,,,386,insufficient_training_data
top_k_15_features,2024-12-19,2024_25,0022400361,ORL,OKC,204,210.5,,,,,,,386,insufficient_training_data
top_k_15_features,2024-12-20,2024_25,0022400373,PHI,CHA,206,217.83333333333334,,,,,,,399,insufficient_training_data
top_k_15_features,2024-12-20,2024_25,0022400374,CLE,MIL,225,223.66666666666666,,,,,,,399,insufficient_training_data
top_k_15_features,2024-12-20,2024_25,0022400375,MIA,OKC,201,214.83333333333334,,,,,,,399,insufficient_training_data
top_k_15_features,2024-12-21,2024_25,0022400379,BKN,UTA,199,221.5,,,,,,,402,insufficient_training_data
top_k_15_features,2024-12-21,2024_25,0022400376,SAC,LAL,202,228.0,,,,,,,402,insufficient_training_data
top_k_15_features,2024-12-21,2024_25,0022400387,PHX,DET,258,225.83333333333334,,,,,,,402,insufficient_training_data
top_k_15_features,2024-12-21,2024_25,0022400378,ATL,MEM,240,241.5,,,,,,,402,insufficient_training_data
top_k_15_features,2024-12-21,2024_25,0022400380,CLE,PHI,225,221.33333333333334,,,,,,,402,insufficient_training_data
top_k_15_features,2024-12-21,2024_25,0022400381,CHI,BOS,221,243.0,,,,,,,402,insufficient_training_data
top_k_15_features,2024-12-21,2024_25,0022400382,MIL,WAS,213,224.5,,,,,,,402,insufficient_training_data
top_k_15_features,2024-12-21,2024_25,0022400386,SAS,POR,208,227.5,,,,,,,402,insufficient_training_data
top_k_15_features,2024-12-21,2024_25,0022400385,DAL,LAC,210,221.33333333333334,,,,,,,402,insufficient_training_data
top_k_15_features,2024-12-21,2024_25,0022400377,ORL,MIA,235,208.5,,,,,,,402,insufficient_training_data
top_k_15_features,2024-12-21,2024_25,0022400383,MIN,GSW,216,213.33333333333334,,,,,,,402,insufficient_training_data
top_k_15_features,2024-12-21,2024_25,0022400384,NOP,NYK,197,226.33333333333334,,,,,,,402,insufficient_training_data
top_k_15_features,2024-12-22,2024_25,0022400389,SAC,IND,217,235.83333333333334,,,,,,,414,insufficient_training_data
top_k_15_features,2024-12-22,2024_25,0022400390,NOP,DEN,261,232.0,,,,,,,414,insufficient_training_data
top_k_15_features,2024-12-22,2024_25,0022400388,TOR,HOU,224,223.0,,,,,,,414,insufficient_training_data
top_k_15_features,2024-12-23,2024_25,0022400397,NYK,TOR,264,227.16666666666666,,,,,,,417,insufficient_training_data
top_k_15_features,2024-12-23,2024_25,0022400391,CHA,HOU,215,218.5,,,,,,,417,insufficient_training_data
top_k_15_features,2024-12-23,2024_25,0022400392,CLE,UTA,237,232.33333333333334,,,,,,,417,insufficient_training_data
top_k_15_features,2024-12-23,2024_25,0022400393,ORL,BOS,212,215.0,,,,,,,417,insufficient_training_data
top_k_15_features,2024-12-23,2024_25,0022400394,PHI,SAS,217,217.0,,,,,,,417,insufficient_training_data
top_k_15_features,2024-12-23,2024_25,0022400395,ATL,MIN,221,222.16666666666666,,,,,,,417,insufficient_training_data
top_k_15_features,2024-12-23,2024_25,0022400396,MIA,BKN,205,214.5,,,,,,,417,insufficient_training_data
top_k_15_features,2024-12-23,2024_25,0022400398,CHI,MIL,203,233.33333333333334,,,,,,,417,insufficient_training_data
top_k_15_features,2024-12-23,2024_25,0022400399,MEM,LAC,224,230.5,,,,,,,417,insufficient_training_data
top_k_15_features,2024-12-23,2024_25,0022400403,GSW,IND,216,231.0,,,,,,,417,insufficient_training_data
top_k_15_features,2024-12-23,2024_25,0022400404,LAL,DET,231,223.83333333333334,,,,,,,417,insufficient_training_data
top_k_15_features,2024-12-23,2024_25,0022400401,DAL,POR,240,228.66666666666666,,,,,,,417,insufficient_training_data
top_k_15_features,2024-12-23,2024_25,0022400400,OKC,WAS,228,222.33333333333334,,,,,,,417,insufficient_training_data
top_k_15_features,2024-12-23,2024_25,0022400402,DEN,PHX,207,232.5,,,,,,,417,insufficient_training_data
top_k_15_features,2024-12-25,2024_25,0022400407,BOS,PHI,232,221.5,,,,,,,431,insufficient_training_data
top_k_15_features,2024-12-25,2024_25,0022400408,GSW,LAL,228,222.33333333333334,,,,,,,431,insufficient_training_data
top_k_15_features,2024-12-25,2024_25,0022400405,NYK,SAS,231,223.5,,,,,,,431,insufficient_training_data
top_k_15_features,2024-12-25,2024_25,0022400409,PHX,DEN,210,232.5,,,,,,,431,insufficient_training_data
top_k_15_features,2024-12-25,2024_25,0022400406,DAL,MIN,204,221.33333333333334,,,,,,,431,insufficient_training_data
top_k_15_features,2024-12-26,2024_25,0022400416,NOP,HOU,239,220.5,,,,,,,436,insufficient_training_data
top_k_15_features,2024-12-26,2024_25,0022400418,SAC,DET,227,227.33333333333334,,,,,,,436,insufficient_training_data
top_k_15_features,2024-12-26,2024_25,0022400417,POR,UTA,242,228.5,,,,,,,436,insufficient_training_data
top_k_15_features,2024-12-26,2024_25,0022400415,MIL,BKN,216,213.16666666666666,,,,,,,436,insufficient_training_data
top_k_15_features,2024-12-26,2024_25,0022400412,WAS,CHA,223,227.16666666666666,,,,,,,436,insufficient_training_data
top_k_15_features,2024-12-26,2024_25,0022400413,ATL,CHI,274,242.83333333333334,,,,,,,436,insufficient_training_data
top_k_15_features,2024-12-26,2024_25,0022400411,ORL,MIA,177,208.33333333333334,,,,,,,436,insufficient_training_data
top_k_15_features,2024-12-26,2024_25,0022400410,IND,OKC,234,226.83333333333334,,,,,,,436,insufficient_training_data
top_k_15_features,2024-12-26,2024_25,0022400414,MEM,TOR,281,238.5,,,,,,,436,insufficient_training_data
top_k_15_features,2024-12-27,2024_25,0022400422,HOU,MIN,225,213.33333333333334,,,,,,,445,insufficient_training_data
top_k_15_features,2024-12-27,2024_25,0022400419,ORL,NYK,193,212.0,,,,,,,445,insufficient_training_data
top_k_15_features,2024-12-27,2024_25,0022400420,BOS,IND,247,232.5,,,,,,,445,insufficient_training_data
top_k_15_features,2024-12-27,2024_25,0022400421,BKN,SAS,183,214.33333333333334,,,,,,,445,insufficient_training_data
top_k_15_features,2024-12-27,2024_25,0022400425,PHX,DAL,187,225.33333333333334,,,,,,,445,insufficient_training_data
top_k_15_features,2024-12-27,2024_25,0022400423,NOP,MEM,256,239.0,,,,,,,445,insufficient_training_data
top_k_15_features,2024-12-27,2024_25,0022400424,DEN,CLE,284,236.5,,,,,,,445,insufficient_training_data
top_k_15_features,2024-12-27,2024_25,0022400426,LAC,GSW,194,214.0,,,,,,,445,insufficient_training_data
top_k_15_features,2024-12-28,2024_25,0022400432,DEN,DET,255,230.83333333333334,,,,,,,453,insufficient_training_data
top_k_15_features,2024-12-28,2024_25,0022400434,POR,DAL,248,224.0,,,,,,,453,insufficient_training_data
top_k_15_features,2024-12-28,2024_25,0022400433,UTA,PHI,225,222.66666666666666,,,,,,,453,insufficient_training_data
top_k_15_features,2024-12-28,2024_25,0022400431,GSW,PHX,214,219.33333333333334,,,,,,,453,insufficient_training_data
top_k_15_features,2024-12-28,2024_25,0022400435,LAL,SAC,254,223.0,,,,,,,453,insufficient_training_data
top_k_15_features,2024-12-28,2024_25,0022400429,WAS,NYK,268,228.0,,,,,,,453,insufficient_training_data
top_k_15_features,2024-12-28,2024_25,0022400428,CHA,OKC,200,219.0,,,,,,,453,insufficient_training_data
top_k_15_features,2024-12-28,2024_25,0022400427,ATL,MIA,230,225.33333333333334,,,,,,,453,insufficient_training_data
top_k_15_features,2024-12-28,2024_25,0022400430,CHI,MIL,227,229.5,,,,,,,453,insufficient_training_data
top_k_15_features,2024-12-29,2024_25,0022400441,MIN,SAS,222,214.33333333333334,,,,,,,462,insufficient_training_data
top_k_15_features,2024-12-29,2024_25,0022400439,HOU,MIA,204,216.5,,,,,,,462,insufficient_training_data
top_k_15_features,2024-12-29,2024_25,0022400440,OKC,MEM,236,230.0,,,,,,,462,insufficient_training_data
top_k_15_features,2024-12-29,2024_25,0022400437,BOS,IND,237,233.66666666666666,,,,,,,462,insufficient_training_data
top_k_15_features,2024-12-29,2024_25,0022400436,ORL,BKN,203,204.5,,,,,,,462,insufficient_training_data
top_k_15_features,2024-12-29,2024_25,0022400438,TOR,ATL,243,237.33333333333334,,,,,,,462,insufficient_training_data
top_k_15_features,2024-12-30,2024_25,0022400448,SAC,DAL,210,230.0,,,,,,,468,insufficient_training_data
top_k_15_features,2024-12-30,2024_25,0022400447,POR,PHI,228,222.33333333333334,,,,,,,468,insufficient_training_data
top_k_15_features,2024-12-30,2024_25,0022400446,GSW,CLE,208,231.16666666666666,,,,,,,468,insufficient_training_data
top_k_15_features,2024-12-30,2024_25,0022400445,UTA,DEN,253,240.0,,,,,,,468,insufficient_training_data
top_k_15_features,2024-12-30,2024_25,0022400444,NOP,LAC,229,220.83333333333334,,,,,,,468,insufficient_training_data
top_k_15_features,2024-12-30,2024_25,0022400443,WAS,NYK,232,230.16666666666666,,,,,,,468,insufficient_training_data
top_k_15_features,2024-12-30,2024_25,0022400442,CHA,CHI,223,226.33333333333334,,,,,,,468,insufficient_training_data
top_k_15_features,2024-12-31,2024_25,0022400454,LAL,CLE,232,229.0,,,,,,,475,insufficient_training_data
top_k_15_features,2024-12-31,2024_25,0022400453,PHX,MEM,229,235.5,,,,,,,475,insufficient_training_data
top_k_15_features,2024-12-31,2024_25,0022400452,OKC,MIN,218,216.16666666666666,,,,,,,475,insufficient_training_data
top_k_15_features,2024-12-31,2024_25,0022400450,IND,MIL,232,230.16666666666666,,,,,,,475,insufficient_training_data
top_k_15_features,2024-12-31,2024_25,0022400449,BOS,TOR,196,233.16666666666666,,,,,,,475,insufficient_training_data
top_k_15_features,2024-12-31,2024_25,0022400451,SAS,LAC,208,217.16666666666666,,,,,,,475,insufficient_training_data
top_k_15_features,2025-01-01,2024_25,0022400462,SAC,PHI,220,223.5,,,,,,,481,insufficient_training_data
top_k_15_features,2025-01-01,2024_25,0022400461,DEN,ATL,259,246.33333333333334,,,,,,,481,insufficient_training_data
top_k_15_features,2025-01-01,2024_25,0022400460,HOU,DAL,209,221.5,,,,,,,481,insufficient_training_data
top_k_15_features,2025-01-01,2024_25,0022400459,TOR,BKN,243,221.5,,,,,,,481,insufficient_training_data
top_k_15_features,2025-01-01,2024_25,0022400456,WAS,CHI,232,237.16666666666666,,,,,,,481,insufficient_training_data
top_k_15_features,2025-01-01,2024_25,0022400457,MIA,NOP,227,222.16666666666666,,,,,,,481,insufficient_training_data
top_k_15_features,2025-01-01,2024_25,0022400455,DET,ORL,201,211.5,,,,,,,481,insufficient_training_data
top_k_15_features,2025-01-01,2024_25,0022400458,NYK,UTA,222,231.16666666666666,,,,,,,481,insufficient_training_data
top_k_15_features,2025-01-02,2024_25,0022400467,GSW,PHI,244,217.66666666666666,,,,,,,489,insufficient_training_data
top_k_15_features,2025-01-02,2024_25,0022400468,LAL,POR,220,225.0,,,,,,,489,insufficient_training_data
top_k_15_features,2025-01-02,2024_25,0022400466,OKC,LAC,214,219.33333333333334,,,,,,,489,insufficient_training_data
top_k_15_features,2025-01-02,2024_25,0022400463,MIA,IND,243,224.33333333333334,,,,,,,489,insufficient_training_data
top_k_15_features,2025-01-02,2024_25,0022400464,MIN,BOS,233,219.5,,,,,,,489,insufficient_training_data
top_k_15_features,2025-01-02,2024_25,0022400465,MIL,BKN,223,219.0,,,,,,,489,insufficient_training_data
top_k_15_features,2025-01-03,2024_25,0022400477,LAL,ATL,221,231.33333333333334,,,,,,,495,insufficient_training_data
top_k_15_features,2025-01-03,2024_25,0022400476,SAC,MEM,271,238.5,,,,,,,495,insufficient_training_data
top_k_15_features,2025-01-03,2024_25,0022400475,DEN,SAS,223,236.5,,,,,,,495,insufficient_training_data
top_k_15_features,2025-01-03,2024_25,0022400474,DAL,CLE,256,230.5,,,,,,,495,insufficient_training_data
top_k_15_features,2025-01-03,2024_25,0022400470,TOR,ORL,203,216.33333333333334,,,,,,,495,insufficient_training_data
top_k_15_features,2025-01-03,2024_25,0022400472,NOP,WAS,252,232.66666666666666,,,,,,,495,insufficient_training_data
top_k_15_features,2025-01-03,2024_25,0022400471,HOU,BOS,195,220.66666666666666,,,,,,,495,insufficient_training_data
top_k_15_features,2025-01-03,2024_25,0022400469,DET,CHA,192,216.5,,,,,,,495,insufficient_training_data
top_k_15_features,2025-01-03,2024_25,0022400473,OKC,NYK,224,221.66666666666666,,,,,,,495,insufficient_training_data
top_k_15_features,2025-01-04,2024_25,0022400480,IND,PHX,234,233.5,-1.6839819345011073,231.8160180654989,-1.6839819345011051,2.1839819345011073,2.183981934501105,4.76977709022719,504,
top_k_15_features,2025-01-04,2024_25,0022400482,CHI,NYK,265,234.83333333333334,1.0770167939279034,235.91035012726124,1.0770167939278963,29.089649872738754,29.08964987273876,846.2077297185302,504,
top_k_15_features,2025-01-04,2024_25,0022400478,BKN,PHI,217,214.33333333333334,-3.6465900247669047,210.68674330856643,-3.6465900247669083,6.313256691433562,6.3132566914335655,39.85721005193069,504,
top_k_15_features,2025-01-04,2024_25,0022400481,MIA,UTA,236,223.5,-6.390098468637665,217.10990153136234,-6.39009846863766,18.890098468637664,18.89009846863766,356.8358201548269,504,
top_k_15_features,2025-01-04,2024_25,0022400485,GSW,MEM,234,234.16666666666666,-0.4844019111591687,233.68226475550748,-0.48440191115918196,0.3177352444925115,0.31773524449252477,0.1009556855927245,504,
top_k_15_features,2025-01-04,2024_25,0022400483,MIL,POR,207,227.33333333333334,-3.8849982800517493,223.4483350532816,-3.8849982800517466,-16.448335053281593,16.448335053281596,270.5477260250121,504,
top_k_15_features,2025-01-04,2024_25,0022400486,LAC,ATL,236,227.83333333333334,1.766171004373006,229.59950433770635,1.7661710043730068,6.400495662293651,6.40049566229365,40.96634472303983,504,
top_k_15_features,2025-01-04,2024_25,0022400479,DET,MIN,224,217.66666666666666,1.9487621163023658,219.61542878296902,1.9487621163023618,4.384571217030977,4.384571217030981,19.224464757216538,504,
top_k_15_features,2025-01-04,2024_25,0022400484,SAS,DEN,233,237.0,4.500275452406922,241.50027545240692,4.500275452406925,-8.500275452406921,8.500275452406925,72.25468276679175,504,
top_k_15_features,2025-01-05,2024_25,0022400492,GSW,SAC,228,225.33333333333334,5.069910035607607,230.40324336894096,5.06991003560762,-2.4032433689409496,2.403243368940963,5.775578690358709,513,
top_k_15_features,2025-01-05,2024_25,0022400490,ORL,UTA,197,212.16666666666666,1.8274621222765226,213.9941287889432,1.827462122276529,-16.99412878894318,16.994128788943186,288.8004132951876,513,
top_k_15_features,2025-01-05,2024_25,0022400491,HOU,LAL,234,218.33333333333334,6.951301744847484,225.28463507818083,6.951301744847484,8.715364921819173,8.715364921819173,75.95758572047612,513,
top_k_15_features,2025-01-05,2024_25,0022400489,WAS,NOP,208,235.16666666666666,-0.17476857235376256,234.9918980943129,-0.17476857235376997,-26.991898094312894,26.991898094312887,728.5625627337716,513,
top_k_15_features,2025-01-05,2024_25,0022400487,OKC,BOS,197,221.5,-0.6318744379519418,220.86812556204805,-0.6318744379519501,-23.868125562048057,23.86812556204805,569.6874178456916,513,
top_k_15_features,2025-01-05,2024_25,0022400488,CLE,CHA,220,223.0,-3.7831107390591403,219.21688926094086,-3.78311073905914,0.7831107390591403,0.7831107390591399,0.6132624296297522,513,
top_k_15_features,2025-01-06,2024_25,0022400498,CHI,SAS,224,236.5,5.283002439042406,241.7830024390424,5.283002439042406,-17.783002439042406,17.783002439042406,316.23517574698815,519,
top_k_15_features,2025-01-06,2024_25,0022400496,NYK,ORL,197,210.0,-5.146753346657646,204.85324665334235,-5.146753346657647,-7.853246653342354,7.853246653342353,61.67348299823287,519,
top_k_15_features,2025-01-06,2024_25,0022400493,DET,POR,233,225.5,7.183802686686533,232.68380268668653,7.183802686686533,0.31619731331346657,0.31619731331346657,0.09998074094665454,519,
top_k_15_features,2025-01-06,2024_25,0022400494,PHI,PHX,208,223.33333333333334,0.2282303428951155,223.56156367622845,0.22823034289510247,-15.561563676228458,15.561563676228445,242.16226404931257,519,
top_k_15_features,2025-01-06,2024_25,0022400495,BKN,IND,212,222.83333333333334,-10.041831274853147,212.7915020584802,-10.041831274853138,-0.7915020584801962,0.791502058480205,0.626475508578402,519,
top_k_15_features,2025-01-06,2024_25,0022400500,MIN,LAC,214,214.5,3.6558637064038795,218.1558637064039,3.655863706403892,-4.1558637064038795,4.155863706403892,17.271203146205092,519,
top_k_15_features,2025-01-06,2024_25,0022400497,TOR,MIL,232,230.5,0.5579205137190092,231.057920513719,0.5579205137190115,0.9420794862809908,0.9420794862809885,0.8875137584714512,519,
top_k_15_features,2025-01-06,2024_25,0022400499,MEM,DAL,223,232.33333333333334,2.494671113567407,234.82800444690076,2.4946711135674207,-11.82800444690075,11.828004446900763,139.90168919590423,519,
top_k_15_features,2025-01-06,2024_25,0022400501,SAC,MIA,241,224.16666666666666,-0.9525086443341514,223.2141580223325,-0.9525086443341593,17.785841977667495,17.785841977667502,316.33617485455943,519,
top_k_15_features,2025-01-07,2024_25,0022400506,UTA,ATL,245,235.83333333333334,2.320876314169444,238.1542096475028,2.3208763141694533,6.845790352497213,6.845790352497204,46.864845550343794,528,
top_k_15_features,2025-01-07,2024_25,0022400507,DEN,BOS,224,235.5,-2.885891891295593,232.61410810870441,-2.8858918912955858,-8.614108108704407,8.614108108704414,74.20285850844714,528,
top_k_15_features,2025-01-07,2024_25,0022400508,GSW,MIA,212,218.5,7.65908819022621,226.1590881902262,7.659088190226214,-14.15908819022621,14.159088190226214,200.47977837860344,528,
top_k_15_features,2025-01-07,2024_25,0022400504,DAL,LAL,215,219.5,-0.7221911640620646,218.77780883593795,-0.7221911640620533,-3.777808835937935,3.7778088359379467,14.271839600890823,528,
top_k_15_features,2025-01-07,2024_25,0022400503,WAS,HOU,247,225.33333333333334,4.671872688526466,230.0052060218598,4.671872688526463,16.99479397814019,16.994793978140194,288.8230223594302,528,
top_k_15_features,2025-01-07,2024_25,0022400502,CHA,PHX,219,222.16666666666666,3.415677762213814,225.58234442888048,3.415677762213818,-6.5823444288804716,6.582344428880475,43.32725818041383,528,
top_k_15_features,2025-01-07,2024_25,0022400505,NOP,MIN,201,220.83333333333334,3.256443348905207,224.08977668223855,3.256443348905208,-23.08977668223855,23.08977668223855,533.1377872356471,528,
top_k_15_features,2025-01-08,2024_25,0022400509,CLE,OKC,251,227.83333333333334,-1.1460375533007883,226.68729578003254,-1.1460375533008005,24.312704219967447,24.312704219967458,591.1075864876234,535,
top_k_15_features,2025-01-08,2024_25,0022400510,IND,CHI,242,241.0,-0.002409341293115347,240.99759065870688,-0.0024093412931165403,1.0024093412931154,1.0024093412931165,1.0048244875116998,535,
top_k_15_features,2025-01-08,2024_25,0022400511,NYK,TOR,210,231.33333333333334,-2.6527492037415428,228.6805841295918,-2.6527492037415357,-18.6805841295918,18.680584129591807,348.9642234227573,535,
top_k_15_features,2025-01-08,2024_25,0022400512,PHI,WAS,212,221.5,-3.4880510791146633,218.01194892088535,-3.488051079114655,-6.011948920885336,6.011948920885345,36.14352982733447,535,
top_k_15_features,2025-01-08,2024_25,0022400513,BKN,DET,211,213.5,-6.024212978685582,207.47578702131443,-6.0242129786855685,3.524212978685582,3.5242129786855685,12.420077119135808,535,
top_k_15_features,2025-01-08,2024_25,0022400515,DEN,LAC,229,227.5,-3.7324953966483703,223.76750460335163,-3.7324953966483747,5.23249539664837,5.232495396648375,27.379008075946434,535,
top_k_15_features,2025-01-08,2024_25,0022400514,NOP,POR,219,226.5,0.19544295825668434,226.69544295825668,0.19544295825667746,-7.695442958256685,7.6954429582566775,59.21984232378228,535,
top_k_15_features,2025-01-08,2024_25,0022400516,MIL,SAS,226,222.33333333333334,2.4614429390559662,224.7947762723893,2.4614429390559565,1.205223727610691,1.2052237276107007,1.4525642335958326,535,
top_k_15_features,2025-01-09,2024_25,0022400517,CLE,TOR,258,234.66666666666666,-7.664706429422176,227.00196023724448,-7.664706429422182,30.998039762755518,30.998039762755525,960.8784691333726,543,
top_k_15_features,2025-01-09,2024_25,0022400518,DET,GSW,211,219.33333333333334,2.878893660368602,222.21222699370193,2.8788936603685897,-11.212226993701945,11.212226993701933,125.71403415829828,543,
top_k_15_features,2025-01-09,2024_25,0022400519,ORL,MIN,193,204.0,-1.2179145857418316,202.78208541425818,-1.2179145857418234,-9.782085414258168,9.782085414258177,95.68919505184256,543,
top_k_15_features,2025-01-09,2024_25,0022400520,MEM,HOU,234,233.5,1.589288824886497,235.0892888248865,1.589288824886495,-1.089288824886497,1.089288824886495,1.186550144022601,543,
top_k_15_features,2025-01-09,2024_25,0022400521,DAL,POR,228,219.66666666666666,2.070829750588795,221.73749641725544,2.0708297505887856,6.262503582744548,6.262503582744557,39.21895112388842,543,
top_k_15_features,2025-01-09,2024_25,0022400522,PHX,ATL,238,238.33333333333334,-4.500713517566811,233.83261981576652,-4.5007135175668225,4.167380184233468,4.16738018423348,17.36705759994187,543,
top_k_15_features,2025-01-09,2024_25,0022400523,UTA,MIA,189,223.0,3.3098377006591106,226.3098377006591,3.309837700659102,-37.30983770065911,37.3098377006591,1392.0239892495233,543,
top_k_15_features,2025-01-10,2024_25,0022400528,BOS,SAC,211,229.66666666666666,0.5494326061026642,230.21609927276933,0.5494326061026698,-19.21609927276932,19.216099272769327,369.25847126092583,550,
top_k_15_features,2025-01-10,2024_25,0022400525,IND,GSW,204,223.83333333333334,-2.5930914819342274,221.2402418513991,-2.5930914819342377,-17.240241851399116,17.240241851399105,297.22593909473323,550,
top_k_15_features,2025-01-10,2024_25,0022400527,PHI,NOP,238,220.33333333333334,0.44045965164478196,220.77379298497812,0.4404596516447725,17.226207015021874,17.226207015021885,296.7422081243892,550,
top_k_15_features,2025-01-10,2024_25,0022400530,CHI,WAS,243,241.5,-2.7450385617503708,238.75496143824964,-2.7450385617503628,4.245038561750371,4.245038561750363,18.02035239074759,550,
top_k_15_features,2025-01-10,2024_25,0022400529,NYK,OKC,227,225.0,1.1345655817586702,226.13456558175866,1.1345655817586646,0.8654344182413298,0.8654344182413354,0.7489767322767186,550,
top_k_15_features,2025-01-10,2024_25,0022400531,DEN,BKN,229,220.5,-4.1321448464964625,216.36785515350354,-4.132144846496459,12.632144846496463,12.632144846496459,159.57108342286705,550,
top_k_15_features,2025-01-10,2024_25,0022400526,ORL,MIL,215,209.33333333333334,5.92115296767078,215.25448630100414,5.921152967670793,-0.25448630100412295,0.2544863010041354,0.0647632773987674,550,
top_k_15_features,2025-01-11,2024_25,0022400533,PHX,UTA,220,228.5,-1.7378235426894855,226.76217645731052,-1.7378235426894832,-6.762176457310515,6.762176457310517,45.72703043980461,557,
top_k_15_features,2025-01-11,2024_25,0022400534,DET,TOR,237,230.33333333333334,3.161886341646489,233.49521967497984,3.1618863416464933,3.5047803250201683,3.504780325020164,12.283485126648445,557,
top_k_15_features,2025-01-11,2024_25,0022400535,MIN,MEM,252,230.0,4.764806393475306,234.7648063934753,4.764806393475311,17.235193606524696,17.23519360652469,297.0518986543895,557,
top_k_15_features,2025-01-11,2024_25,0022400536,POR,MIA,217,218.83333333333334,-1.5275127374961186,217.30582059583722,-1.5275127374961244,-0.3058205958372242,0.30582059583721843,0.0935262368382313,557,
top_k_15_features,2025-01-12,2024_25,0022400543,CLE,IND,201,238.66666666666666,-1.7076217209940734,236.9590449456726,-1.7076217209940694,-35.95904494567258,35.95904494567259,1293.0529134049013,561,
top_k_15_features,2025-01-12,2024_25,0022400539,NYK,MIL,246,227.33333333333334,4.434949077845648,231.768282411179,4.434949077845658,14.23171758882101,14.231717588820999,202.541785527957,561,
top_k_15_features,2025-01-12,2024_25,0022400540,DAL,DEN,213,229.0,-0.7444239410845556,228.25557605891544,-0.7444239410845626,-15.255576058915445,15.255576058915437,232.73260088935388,561,
top_k_15_features,2025-01-12,2024_25,0022400541,CHI,SAC,243,237.83333333333334,-1.8666507182099243,235.96668261512343,-1.866650718209911,7.0333173848765815,7.033317384876568,49.467553436406966,561,
top_k_15_features,2025-01-12,2024_25,0022400542,BOS,NOP,239,227.0,0.5799550188768314,227.57995501887683,0.5799550188768308,11.42004498112317,11.42004498112317,130.41742737087648,561,
top_k_15_features,2025-01-12,2024_25,0022400546,UTA,BKN,223,215.5,-0.025355863351999547,215.474644136648,-0.025355863351990138,7.525355863352,7.52535586335199,56.63098087008618,561,
top_k_15_features,2025-01-12,2024_25,0022400547,PHX,CHA,233,224.0,-1.169034201893163,222.83096579810683,-1.1690342018931688,10.169034201893163,10.169034201893169,103.40925659927304,561,
top_k_15_features,2025-01-12,2024_25,0022400545,WAS,OKC,231,230.33333333333334,-2.101028113160471,228.23230522017286,-2.1010281131604813,2.7676947798271283,2.7676947798271385,7.660134394282393,561,
top_k_15_features,2025-01-12,2024_25,0022400544,ORL,PHI,203,206.16666666666666,-3.48381843960273,202.68284822706391,-3.483818439602743,0.3171517729360729,0.31715177293608576,0.1005852470765025,561,
top_k_15_features,2025-01-13,2024_25,0022400548,WAS,MIN,226,224.33333333333334,3.186859257510585,227.52019259084392,3.1868592575105765,-1.5201925908439278,1.5201925908439193,2.310985513256748,570,
top_k_15_features,2025-01-13,2024_25,0022400549,NYK,DET,243,224.33333333333334,-1.0255726692262854,223.30776066410706,-1.0255726692262783,19.692239335892943,19.692239335892936,387.78429006208904,570,
top_k_15_features,2025-01-13,2024_25,0022400550,TOR,GSW,205,228.5,4.644659899591229,233.14465989959123,4.6446598995912325,-28.14465989959123,28.144659899591232,792.1218808636588,570,
top_k_15_features,2025-01-13,2024_25,0022400551,HOU,MEM,238,236.16666666666666,5.571827708954635,241.7384943756213,5.571827708954629,-3.7384943756212925,3.7384943756212863,13.976340196551991,570,
top_k_15_features,2025-01-13,2024_25,0022400552,LAL,SAS,228,222.5,0.7497699164433537,223.24976991644334,0.7497699164433413,4.750230083556646,4.750230083556659,22.5646858467267,570,
top_k_15_features,2025-01-13,2024_25,0022400553,LAC,MIA,207,215.33333333333334,-5.299612840943595,210.03372049238976,-5.299612840943581,-3.0337204923897474,3.0337204923897616,9.203460025945578,570,
top_k_15_features,2025-01-14,2024_25,0022400555,PHI,OKC,220,218.33333333333334,0.7679717707981636,219.1013051041315,0.7679717707981695,0.8986948958684936,0.8986948958684877,0.807652515860072,576,
top_k_15_features,2025-01-14,2024_25,0022400557,CHI,NOP,232,239.66666666666666,1.6238799018575463,241.2905465685242,1.6238799018575492,-9.290546568524203,9.290546568524206,86.3142555419169,576,
top_k_15_features,2025-01-14,2024_25,0022400556,ATL,PHX,239,235.16666666666666,0.29137572101277226,235.45804238767943,0.2913757210127699,3.5419576123205707,3.541957612320573,12.545463727475655,576,
top_k_15_features,2025-01-14,2024_25,0022400558,MIL,SAC,245,228.5,1.7397758258117209,230.23977582581173,1.7397758258117335,14.760224174188279,14.760224174188266,217.8642176722917,576,
top_k_15_features,2025-01-14,2024_25,0022400559,DAL,DEN,217,232.33333333333334,-4.311913588520596,228.02141974481276,-4.311913588520582,-11.021419744812746,11.02141974481276,121.47169319134858,576,
top_k_15_features,2025-01-14,2024_25,0022400560,POR,BKN,246,217.66666666666666,1.8042992038973917,219.47096587056404,1.8042992038973864,26.52903412943595,26.529034129435956,703.7896518407778,576,
top_k_15_features,2025-01-14,2024_25,0022400554,IND,CLE,244,230.66666666666666,1.47029678608996,232.13696345275662,1.4702967860899605,11.863036547243382,11.863036547243382,140.73163612123219,576,
top_k_15_features,2025-01-15,2024_25,0022400565,MIN,GSW,231,215.33333333333334,-0.04133393485168729,215.29199939848166,-0.04133393485167858,15.708000601518345,15.708000601518336,246.7412828973004,583,
top_k_15_features,2025-01-15,2024_25,0022400562,TOR,BOS,207,229.66666666666666,1.2082559867002292,230.8749226533669,1.2082559867002374,-23.874922653366887,23.874922653366895,570.0119317042518,583,
top_k_15_features,2025-01-15,2024_25,0022400563,CHI,ATL,204,243.5,-2.9047658274970423,240.59523417250296,-2.9047658274970445,-36.595234172502956,36.595234172502956,1339.211164140328,583,
top_k_15_features,2025-01-15,2024_25,0022400561,PHI,NYK,244,219.0,2.1036655940367095,221.1036655940367,2.1036655940366984,22.89633440596329,22.8963344059633,524.2421292296989,583,
top_k_15_features,2025-01-15,2024_25,0022400569,UTA,CHA,229,221.33333333333334,0.4873741279861892,221.82070746131953,0.48737412798618607,7.179292538680468,7.179292538680471,51.54224135595308,583,
top_k_15_features,2025-01-15,2024_25,0022400564,MIL,ORL,215,211.0,0.8438953294753346,211.84389532947534,0.8438953294753446,3.156104670524665,3.1561046705246554,9.960996691307544,583,
top_k_15_features,2025-01-15,2024_25,0022400568,DEN,HOU,236,231.5,-3.7539827110056683,227.74601728899432,-3.7539827110056763,8.25398271100567,8.253982711005676,68.12823059358061,583,
top_k_15_features,2025-01-15,2024_25,0022400571,LAC,BKN,193,213.0,-2.5738260802660884,210.4261739197339,-2.5738260802660875,-17.426173919733912,17.426173919733912,303.6715374808144,583,
top_k_15_features,2025-01-15,2024_25,0022400570,LAL,MIA,225,217.33333333333334,-0.38514911105021066,216.94818422228315,-0.3851491110501968,8.051815777716868,8.051815777716854,64.83173731829007,583,
top_k_15_features,2025-01-15,2024_25,0022400567,SAS,MEM,244,239.16666666666666,-0.3257879159094478,238.8408787507572,-0.32578791590944434,5.159121249242791,5.159121249242787,26.616532064388455,583,
top_k_15_features,2025-01-15,2024_25,0022400566,NOP,DAL,235,225.83333333333334,-1.362163242999781,224.47117009033357,-1.3621632429997703,10.528829909666438,10.528829909666428,110.85625926668635,583,
top_k_15_features,2025-01-16,2024_25,0022400576,SAC,HOU,259,226.16666666666666,-1.8800485115916596,224.286618155075,-1.8800485115916672,34.713381844925,34.71338184492501,1205.0188791115693,594,
top_k_15_features,2025-01-16,2024_25,0022400572,DET,IND,211,227.0,0.8531767026688705,227.85317670266886,0.8531767026688613,-16.853176702668872,16.85317670266886,284.02956497138047,594,
top_k_15_features,2025-01-16,2024_25,0022400573,WAS,PHX,253,231.66666666666666,1.8945716446859617,233.5612383113526,1.8945716446859535,19.438761688647382,19.43876168864739,377.8654559880255,594,
top_k_15_features,2025-01-16,2024_25,0022400574,OKC,CLE,248,232.5,-1.895516520921766,230.60448347907823,-1.895516520921774,17.395516520921767,17.395516520921774,302.60399502966237,594,
top_k_15_features,2025-01-16,2024_25,0022400575,POR,LAC,207,221.16666666666666,2.719248870468132,223.8859155371348,2.7192488704681352,-16.88591553713479,16.885915537134792,285.13414352725016,594,
top_k_15_features,2025-01-17,2024_25,0022400577,BOS,ORL,215,210.66666666666666,0.4640458203925029,211.13071248705916,0.4640458203924993,3.86928751294084,3.8692875129408435,14.971385857799937,599,
top_k_15_features,2025-01-17,2024_25,0022400578,NYK,MIN,215,219.33333333333334,-0.018163626596310226,219.31516970673704,-0.018163626596304994,-4.3151697067370325,4.315169706737038,18.620689597941013,599,
top_k_15_features,2025-01-17,2024_25,0022400580,MIL,TOR,242,229.66666666666666,1.419846517625146,231.0865131842918,1.4198465176251318,10.913486815708197,10.913486815708211,119.10419447663695,599,
top_k_15_features,2025-01-17,2024_25,0022400579,MIA,DEN,246,226.16666666666666,2.2182171886547604,228.38488385532142,2.218217188654762,17.61511614467858,17.61511614467858,310.292316790516,599,
top_k_15_features,2025-01-17,2024_25,0022400585,LAL,BKN,203,216.66666666666666,3.333323531494183,219.99999019816084,3.3333235314941874,-16.99999019816084,16.999990198160845,288.9996667375648,599,
top_k_15_features,2025-01-17,2024_25,0022400581,NOP,UTA,259,230.16666666666666,-0.39704846133515614,229.7696182053315,-0.39704846133514593,29.2303817946685,29.23038179466849,854.415219862087,599,
top_k_15_features,2025-01-17,2024_25,0022400584,CHI,CHA,248,235.0,0.3586709718805799,235.35867097188057,0.35867097188057073,12.64132902811942,12.64132902811943,159.8031995971749,599,
top_k_15_features,2025-01-17,2024_25,0022400582,SAS,MEM,252,239.16666666666666,0.513883870136655,239.6805505368033,0.5138838701366524,12.319449463196687,12.31944946319669,151.76883507625723,599,
top_k_15_features,2025-01-17,2024_25,0022400583,DAL,OKC,204,223.33333333333334,-0.6472901869986694,222.68604314633467,-0.6472901869986742,-18.686043146334672,18.68604314633467,349.1682084666808,599,
top_k_15_features,2025-01-18,2024_25,0022400586,DET,PHX,246,226.66666666666666,3.0785134966547463,229.7451801633214,3.0785134966547503,16.254819836678596,16.254819836678593,264.2191679228799,608,
top_k_15_features,2025-01-18,2024_25,0022400587,BOS,ATL,234,234.5,4.2457324321807945,238.7457324321808,4.245732432180802,-4.7457324321807945,4.745732432180802,22.521976317852708,608,
top_k_15_features,2025-01-18,2024_25,0022400588,IND,PHI,217,223.16666666666666,-1.1198289187953134,222.04683774787134,-1.1198289187953208,-5.0468377478713435,5.046837747871336,25.470571253339024,608,
top_k_15_features,2025-01-18,2024_25,0022400589,GSW,WAS,236,228.83333333333334,1.6916897571206084,230.52502309045394,1.6916897571205993,5.474976909546049,5.474976909546058,29.975372160062502,608,
top_k_15_features,2025-01-18,2024_25,0022400590,MIN,CLE,241,226.66666666666666,4.108488733503354,230.77515540017,4.10848873350335,10.22484459982999,10.224844599829993,104.54744709067256,608,
top_k_15_features,2025-01-18,2024_25,0022400591,POR,HOU,228,224.5,4.358970315035387,228.85897031503538,4.3589703150353785,-0.8589703150353873,0.8589703150353785,0.7378300021119774,608,
top_k_15_features,2025-01-19,2024_25,0022400597,POR,CHI,215,235.5,5.333236775719505,240.8332367757195,5.333236775719513,-25.833236775719506,25.833236775719513,667.3561223103871,614,
top_k_15_features,2025-01-19,2024_25,0022400595,OKC,BKN,228,217.5,0.04108131402228755,217.54108131402228,0.04108131402227855,10.458918685977713,10.458918685977721,109.38898007989394,614,
top_k_15_features,2025-01-19,2024_25,0022400592,MIA,SAS,235,219.5,-3.936107709734214,215.56389229026578,-3.936107709734216,19.436107709734213,19.436107709734216,377.76228290438985,614,
top_k_15_features,2025-01-19,2024_25,0022400593,ORL,DEN,213,221.5,5.627167285809302,227.1271672858093,5.627167285809293,-14.127167285809302,14.127167285809293,199.5768555212403,614,
top_k_15_features,2025-01-19,2024_25,0022400598,SAC,WAS,223,232.5,-0.7306490825558001,231.7693509174442,-0.7306490825558001,-8.7693509174442,8.7693509174442,76.90151551327943,614,
top_k_15_features,2025-01-19,2024_25,0022400596,LAC,LAL,218,214.66666666666666,-10.376256693158025,204.29040997350864,-10.376256693158012,13.709590026491368,13.709590026491355,187.95285869447125,614,
top_k_15_features,2025-01-19,2024_25,0022400594,MIL,PHI,232,223.16666666666666,-4.301472869187498,218.86519379747915,-4.301472869187506,13.134806202520842,13.13480620252085,172.52313397778016,614,
top_k_15_features,2025-01-20,2024_25,0022400603,CLE,PHX,210,233.5,2.222551999796534,235.72255199979654,2.2225519997965364,-25.722551999796533,25.722551999796536,661.6496813822368,621,
top_k_15_features,2025-01-20,2024_25,0022400605,NOP,UTA,242,232.5,1.521513438255456,234.02151343825545,1.5215134382554538,7.978486561744544,7.978486561744546,63.65624781593831,621,
top_k_15_features,2025-01-20,2024_25,0022400604,GSW,BOS,210,223.5,-1.4743503570778531,222.02564964292213,-1.474350357077867,-12.025649642922147,12.025649642922133,144.6162493343132,621,
top_k_15_features,2025-01-20,2024_25,0022400611,LAC,CHI,211,227.16666666666666,3.1006779040093413,230.267344570676,3.1006779040093306,-19.267344570676,19.267344570675988,371.2305668051575,621,
top_k_15_features,2025-01-20,2024_25,0022400602,NYK,ATL,229,235.66666666666666,2.0185922378668346,237.6852589045335,2.018592237866841,-8.685258904533491,8.685258904533498,75.43372223877842,621,
top_k_15_features,2025-01-20,2024_25,0022400600,HOU,DET,203,222.83333333333334,2.5059359746544443,225.3392693079878,2.5059359746544487,-22.339269307987788,22.33926930798779,499.0429532148053,621,
top_k_15_features,2025-01-20,2024_25,0022400599,CHA,DAL,215,223.5,0.046314369088721274,223.54631436908872,0.04631436908871933,-8.546314369088721,8.54631436908872,73.03948929529231,621,
top_k_15_features,2025-01-20,2024_25,0022400601,MEM,MIN,214,234.83333333333334,-3.9437416461406825,230.88959168719265,-3.943741646140694,-16.88959168719266,16.88959168719265,285.25830736008703,621,
top_k_15_features,2025-01-21,2024_25,0022400610,LAL,WAS,199,229.16666666666666,-5.316419883790885,223.8502467828758,-5.316419883790871,-24.85024678287577,24.850246782875786,617.5347651698283,629,
top_k_15_features,2025-01-21,2024_25,0022400609,DEN,PHI,253,229.16666666666666,-0.4259971140454599,228.7406695526212,-0.42599711404545815,24.2593304473788,24.2593304473788,588.5151137551202,629,
top_k_15_features,2025-01-21,2024_25,0022400608,TOR,ORL,202,215.33333333333334,-2.8497499835205797,212.48358334981276,-2.8497499835205815,-10.483583349812763,10.483583349812761,109.90551985247136,629,
top_k_15_features,2025-01-21,2024_25,0022400606,BKN,NYK,194,219.66666666666666,-1.7740698873477876,217.89259677931886,-1.7740698873477925,-23.89259677931887,23.892596779318865,570.8561808591182,629,
top_k_15_features,2025-01-21,2024_25,0022400607,MIA,POR,223,221.33333333333334,-1.5694417871748854,219.76389154615845,-1.5694417871748954,3.2361084538415428,3.2361084538415525,10.472397925024763,629,
top_k_15_features,2025-01-22,2024_25,0022400620,LAC,BOS,230,217.16666666666666,-1.1810669534866347,215.98559971318002,-1.181066953486635,14.014400286819978,14.014400286819978,196.40341539921988,634,
top_k_15_features,2025-01-22,2024_25,0022400619,SAC,GSW,240,228.33333333333334,-1.1415970594666947,227.19173627386664,-1.1415970594667044,12.808263726133351,12.808263726133362,164.05161967818367,634,
top_k_15_features,2025-01-22,2024_25,0022400618,OKC,UTA,237,225.66666666666666,0.5111197292666974,226.17778639593337,0.51111972926671,10.822213604066645,10.822213604066633,117.1203072920449,634,
top_k_15_features,2025-01-22,2024_25,0022400616,MEM,CHA,252,239.5,-3.06516682948222,236.43483317051778,-3.065166829482223,15.56516682948222,15.565166829482223,242.2744184296137,634,
top_k_15_features,2025-01-22,2024_25,0022400613,BKN,PHX,192,219.83333333333334,0.3670353557530693,220.20036868908642,0.36703535575307455,-28.200368689086414,28.200368689086417,795.2607942004056,634,
top_k_15_features,2025-01-22,2024_25,0022400614,DAL,MIN,229,217.16666666666666,-1.245838576623091,215.92082809004356,-1.2458385766231004,13.079171909956434,13.079171909956443,171.06473785019367,634,
top_k_15_features,2025-01-22,2024_25,0022400612,ATL,DET,218,235.66666666666666,2.353680179129877,238.02034684579652,2.353680179129867,-20.020346845796535,20.020346845796524,400.8142878259948,634,
top_k_15_features,2025-01-22,2024_25,0022400615,HOU,CLE,217,231.5,0.5917578494056358,232.09175784940564,0.5917578494056386,-15.091757849405635,15.091757849405639,227.7611549850967,634,
top_k_15_features,2025-01-23,2024_25,0022400623,ATL,TOR,241,234.33333333333334,-0.24374862496183117,234.08958470837152,-0.2437486249618246,6.910415291628488,6.910415291628482,47.753839502772756,642,
top_k_15_features,2025-01-23,2024_25,0022400622,ORL,POR,180,212.0,-8.027386984230006,203.97261301576998,-8.02738698423002,-23.972613015769994,23.97261301576998,574.6861748038642,642,
top_k_15_features,2025-01-23,2024_25,0022400625,OKC,DAL,236,220.5,-4.862113175577934,215.63788682442205,-4.862113175577946,20.362113175577935,20.362113175577946,414.61565297504495,642,
top_k_15_features,2025-01-23,2024_25,0022400624,MIL,MIA,221,223.83333333333334,-2.6862105544169266,221.1471227789164,-2.686210554416931,-0.14712277891641623,0.1471227789164118,0.02164511207608738,642,
top_k_15_features,2025-01-23,2024_25,0022400629,LAL,BOS,213,221.16666666666666,2.29269494468661,223.45936161135327,2.292694944686616,-10.459361611353266,10.459361611353273,109.39824531705054,642,
top_k_15_features,2025-01-23,2024_25,0022400626,DEN,SAC,255,240.66666666666666,2.359905731458066,243.02657239812473,2.3599057314580705,11.973427601875276,11.973427601875272,143.36296853734862,642,
top_k_15_features,2025-01-23,2024_25,0022400983,LAC,WAS,203,224.0,2.6322466241497837,226.6322466241498,2.6322466241497864,-23.632246624149783,23.632246624149786,558.483080504639,642,
top_k_15_features,2025-01-23,2024_25,0022400628,GSW,CHI,237,230.66666666666666,-2.6621759718632956,228.00449069480337,-2.6621759718632916,8.995509305196638,8.995509305196634,80.91918765987924,642,
top_k_15_features,2025-01-24,2024_25,0022400630,CHA,POR,199,220.83333333333334,0.7649177350420149,221.59825106837536,0.7649177350420189,-22.598251068375358,22.59825106837536,510.68095134932815,650,
top_k_15_features,2025-01-24,2024_25,0022400631,PHI,CLE,261,228.66666666666666,-1.2061502743134938,227.46051639235316,-1.2061502743135009,33.53948360764684,33.539483607646844,1124.8969606676114,650,
top_k_15_features,2025-01-24,2024_25,0022400632,MEM,NOP,265,242.83333333333334,-1.1263122817054265,241.70702105162792,-1.1263122817054239,23.292978948372085,23.29297894837208,542.5628682893049,650,
top_k_15_features,2025-01-25,2024_25,0022400646,LAC,MIL,244,224.83333333333334,3.8679724169806122,228.70130575031396,3.8679724169806207,15.298694249686045,15.298694249686037,234.0500457453766,653,
top_k_15_features,2025-01-25,2024_25,0022400639,ATL,TOR,211,236.0,-1.0035742753794432,234.99642572462056,-1.0035742753794352,-23.996425724620558,23.996425724620565,575.8284475572316,653,
top_k_15_features,2025-01-25,2024_25,0022400634,MIN,DEN,237,228.16666666666666,0.9469185221373456,229.113585188804,0.946918522137338,7.886414811195997,7.886414811196005,62.195538574251714,653,
top_k_15_features,2025-01-25,2024_25,0022400635,DAL,BOS,229,222.33333333333334,-4.870669557095725,217.4626637762376,-4.870669557095738,11.53733622376238,11.537336223762395,133.11012714013992,653,
top_k_15_features,2025-01-25,2024_25,0022400645,PHX,WAS,228,231.83333333333334,-2.594570462764378,229.23876287056896,-2.5945704627643806,-1.2387628705689648,1.2387628705689622,1.5345334495002554,653,
top_k_15_features,2025-01-25,2024_25,0022400637,CHA,NOP,215,228.16666666666666,2.079115125269101,230.24578179193577,2.0791151252691122,-15.245781791935759,15.24578179193577,232.43386244732025,653,
top_k_15_features,2025-01-25,2024_25,0022400638,ORL,DET,234,211.33333333333334,-3.6564975746972044,207.67683575863614,-3.656497574697198,26.323164241363862,26.323164241363855,692.9089756778168,653,
top_k_15_features,2025-01-25,2024_25,0022400636,BKN,MIA,203,209.5,-7.026041911265368,202.47395808873463,-7.0260419112653665,0.5260419112653683,0.5260419112653665,0.2767200924077197,653,
top_k_15_features,2025-01-25,2024_25,0022400640,CLE,HOU,266,227.0,-0.3049182572348496,226.69508174276515,-0.30491825723484567,39.30491825723485,39.304918257234846,1544.8765992079132,653,
top_k_15_features,2025-01-25,2024_25,0022400641,NYK,SAC,263,232.83333333333334,0.7403592332629532,233.5736925665963,0.7403592332629501,29.426307433403704,29.426307433403707,865.9075691651902,653,
top_k_15_features,2025-01-25,2024_25,0022400642,CHI,PHI,206,231.66666666666666,-3.6368860144154573,228.0297806522512,-3.6368860144154667,-22.0297806522512,22.02978065225119,485.3112355863009,653,
top_k_15_features,2025-01-25,2024_25,0022400643,MEM,UTA,228,245.33333333333334,1.222056807128484,246.55539014046184,1.2220568071284958,-18.555390140461828,18.55539014046184,344.3025032647484,653,
top_k_15_features,2025-01-25,2024_25,0022400644,GSW,LAL,226,219.0,-2.3757696710732557,216.62423032892676,-2.375769671073243,9.375769671073256,9.375769671073243,87.90505692501686,653,
top_k_15_features,2025-01-26,2024_25,0022400647,POR,OKC,226,225.5,5.393302337870293,230.8933023378703,5.393302337870296,-4.893302337870293,4.893302337870296,23.9444077698069,666,
top_k_15_features,2025-01-27,2024_25,0022400653,NYK,MEM,249,242.33333333333334,1.0703102206015058,243.40364355393484,1.070310220601499,5.596356446065151,5.596356446065158,31.31920547141505,667,
top_k_15_features,2025-01-27,2024_25,0022400649,CLE,DET,201,235.0,-2.8037146897982703,232.19628531020172,-2.8037146897982836,-31.19628531020173,31.196285310201716,973.2082171555074,667,
top_k_15_features,2025-01-27,2024_25,0022400650,BOS,HOU,226,221.83333333333334,2.924406893114156,224.7577402264475,2.924406893114167,1.2422597735525014,1.2422597735524903,1.5432093449866844,667,
top_k_15_features,2025-01-27,2024_25,0022400651,BKN,SAC,206,221.5,-4.681751390725467,216.81824860927452,-4.681751390725481,-10.818248609274534,10.81824860927452,117.03450297207007,667,
top_k_15_features,2025-01-27,2024_25,0022400652,MIA,ORL,244,207.5,-0.5634607535309532,206.93653924646904,-0.5634607535309613,37.063460753530954,37.06346075353096,1373.7001230285298,667,
top_k_15_features,2025-01-27,2024_25,0022400658,UTA,MIL,235,236.33333333333334,3.951215064038371,240.2845483973717,3.951215064038365,-5.284548397371713,5.284548397371708,27.926451764163886,667,
top_k_15_features,2025-01-27,2024_25,0022400648,CHA,LAL,219,222.16666666666666,0.7295918059768556,222.89625847264352,0.7295918059768667,-3.8962584726435128,3.896258472643524,15.180830085646445,667,
top_k_15_features,2025-01-27,2024_25,0022400655,CHI,DEN,250,246.16666666666666,1.4694920737565496,247.6361587404232,1.4694920737565553,2.3638412595767933,2.3638412595767875,5.587745500477573,667,
top_k_15_features,2025-01-27,2024_25,0022400656,MIN,ATL,192,220.0,-0.3791942852926335,219.62080571470736,-0.3791942852926411,-27.620805714707366,27.62080571470736,762.9089083296107,667,
top_k_15_features,2025-01-27,2024_25,0022400657,DAL,WAS,238,231.33333333333334,1.5080486908972257,232.84138202423057,1.5080486908972262,5.158617975769431,5.158617975769431,26.611339419931504,667,
top_k_15_features,2025-01-27,2024_25,0022400659,PHX,LAC,220,223.33333333333334,0.005187406851347026,223.3385207401847,0.005187406851348442,-3.33852074018469,3.3385207401846912,11.145720732643339,667,
top_k_15_features,2025-01-27,2024_25,0022400654,TOR,NOP,217,232.5,1.3039550743888995,233.8039550743889,1.3039550743889095,-16.8039550743889,16.80395507438891,282.37290614208075,667,
top_k_15_features,2025-01-28,2024_25,0022400532,ATL,HOU,196,227.0,4.967957896720411,231.9679578967204,4.9679578967204066,-35.967957896720414,35.96795789672041,1293.6939952602518,679,
top_k_15_features,2025-01-28,2024_25,0022400660,PHI,LAL,222,217.5,-1.3330256334909802,216.166974366509,-1.3330256334909905,5.83302563349098,5.8330256334909905,34.02418804096297,679,
top_k_15_features,2025-01-28,2024_25,0022400661,GSW,UTA,217,229.5,2.7538429302158143,232.25384293021582,2.753842930215825,-15.253842930215814,15.253842930215825,232.6797241396953,679,
top_k_15_features,2025-01-28,2024_25,0022400662,POR,MIL,237,229.83333333333334,1.7562272296012658,231.58956056293462,1.7562272296012793,5.410439437065391,5.410439437065378,29.27285490215232,679,
top_k_15_features,2025-01-29,2024_25,0022400667,MIA,CLE,232,227.5,4.202668080838176,231.70266808083818,4.20266808083818,0.2973319191618238,0.2973319191618202,0.0884062701524512,683,
top_k_15_features,2025-01-29,2024_25,0022400663,CHA,BKN,187,204.83333333333334,0.5762310607392035,205.40956439407253,0.5762310607391896,-18.409564394072547,18.409564394072532,338.91206117950316,683,
top_k_15_features,2025-01-29,2024_25,0022400664,IND,DET,252,229.5,1.301004038852266,230.80100403885226,1.3010040388522555,21.198995961147734,21.198995961147745,449.39742976075837,683,
top_k_15_features,2025-01-29,2024_25,0022400665,WAS,TOR,188,231.0,-1.2022953174930362,229.79770468250697,-1.202295317493025,-41.79770468250696,41.797704682506975,1747.0481167260655,683,
top_k_15_features,2025-01-29,2024_25,0022400673,GSW,OKC,225,228.33333333333334,-0.7771796699246958,227.55615366340865,-0.777179669924692,-2.5561536634086472,2.556153663408651,6.533921550957466,683,
top_k_15_features,2025-01-29,2024_25,0022400666,BOS,CHI,222,232.33333333333334,-0.684612578935957,231.64872075439737,-0.6846125789359689,-9.648720754397386,9.648720754397374,93.09781219633862,683,
top_k_15_features,2025-01-29,2024_25,0022400670,NOP,DAL,273,232.16666666666666,1.039985172971974,233.20665183963862,1.0399851729719671,39.79334816036137,39.793348160361376,1583.5105578117361,683,
top_k_15_features,2025-01-29,2024_25,0022400669,PHI,SAC,221,228.5,0.6246965731884764,229.1246965731885,0.624696573188487,-8.124696573188476,8.124696573188487,66.01069440638075,683,
top_k_15_features,2025-01-29,2024_25,0022400668,NYK,DEN,234,239.5,1.8868646250624832,241.3868646250625,1.8868646250624863,-7.386864625062483,7.386864625062486,54.565768988999544,683,
top_k_15_features,2025-01-29,2024_25,0022400671,SAS,LAC,244,222.5,0.1545312957844241,222.65453129578444,0.15453129578443736,21.345468704215577,21.345468704215563,455.629034202646,683,
top_k_15_features,2025-01-29,2024_25,0022400672,PHX,MIN,234,217.33333333333334,0.5237622585277343,217.85709559186108,0.5237622585277393,16.14290440813892,16.142904408138918,260.5933627303109,683,
top_k_15_features,2025-01-30,2024_25,0022400674,WAS,LAL,230,223.66666666666666,-1.571767195392041,222.09489947127463,-1.5717671953920274,7.9051005287253835,7.90510052872537,62.490614369254125,694,
top_k_15_features,2025-01-30,2024_25,0022400675,CLE,ATL,252,237.16666666666666,-4.6651679609685965,232.50149870569805,-4.665167960968603,19.49850129430194,19.498501294301946,380.19155272389463,694,
top_k_15_features,2025-01-30,2024_25,0022400676,MEM,HOU,239,238.0,0.5406240137723863,238.54062401377237,0.5406240137723728,0.45937598622761366,0.4593759862276272,0.21102629672260514,694,
top_k_15_features,2025-01-30,2024_25,0022400677,UTA,MIN,251,224.33333333333334,1.7568547345033119,226.09018806783666,1.756854734503321,24.909811932163347,24.909811932163336,620.4987304957469,694,
top_k_15_features,2025-01-30,2024_25,0022400678,POR,ORL,209,212.5,0.794417898177268,213.29441789817727,0.7944178981772723,-4.294417898177268,4.294417898177272,18.4420250841853,694,
top_k_15_features,2025-01-31,2024_25,0022400681,PHI,DEN,271,232.5,-5.326627444699029,227.17337255530097,-5.326627444699028,43.82662744469903,43.82662744469903,1920.773273176446,699,
top_k_15_features,2025-01-31,2024_25,0022400679,CHA,LAC,216,212.0,5.507405454089219,217.50740545408922,5.507405454089223,-1.507405454089219,1.5074054540892234,2.272271203017938,699,
top_k_15_features,2025-01-31,2024_25,0022400680,DET,DAL,219,229.33333333333334,2.368355628219135,231.7016889615525,2.368355628219149,-12.701688961552478,12.701688961552492,161.33290247602443,699,
top_k_15_features,2025-01-31,2024_25,0022400684,SAS,MIL,262,232.83333333333334,0.019319642420918944,232.85265297575427,0.019319642420924765,29.14734702424574,29.147347024245732,849.5678385518065,699,
top_k_15_features,2025-01-31,2024_25,0022400683,NOP,BOS,234,231.66666666666666,0.2991803681055878,231.96584703477225,0.29918036810559556,2.0341529652277552,2.0341529652277472,4.137778285944837,699,
top_k_15_features,2025-01-31,2024_25,0022400682,TOR,CHI,228,233.33333333333334,3.5277158540228344,236.86104918735617,3.52771585402283,-8.861049187356176,8.861049187356173,78.51819270074549,699,
top_k_15_features,2025-01-31,2024_25,0022400685,GSW,PHX,235,227.5,-1.5132159795085833,225.98678402049143,-1.5132159795085727,9.013215979508583,9.013215979508573,81.23806229326868,699,
top_k_15_features,2025-02-01,2024_25,0022400691,OKC,SAC,254,234.33333333333334,-1.5955145746019994,232.73781875873135,-1.5955145746019923,21.262181241268657,21.26218124126865,452.08035113655643,706,
top_k_15_features,2025-02-01,2024_25,0022400694,POR,PHX,235,228.5,3.4534775311220214,231.95347753112202,3.4534775311220187,3.0465224688779786,3.0465224688779813,9.28129915337839,706,
top_k_15_features,2025-02-01,2024_25,0022400693,SAS,MIA,208,224.0,-2.022162397119088,221.97783760288092,-2.022162397119075,-13.977837602880912,13.977837602880925,195.37994405251195,706,
top_k_15_features,2025-02-01,2024_25,0022400692,NYK,LAL,240,227.5,-1.745254439730172,225.75474556026984,-1.7452544397301608,14.245254439730171,14.24525443973016,202.92727405265185,706,
top_k_15_features,2025-02-01,2024_25,0022400690,MIN,WAS,208,223.16666666666666,0.5541123855774612,223.72077905224413,0.5541123855774686,-15.720779052244119,15.720779052244126,247.14289400947771,706,
top_k_15_features,2025-02-01,2024_25,0022400688,CHA,DEN,211,223.0,1.3207394436504,224.3207394436504,1.3207394436504103,-13.3207394436504,13.32073944365041,177.44209932562384,706,
top_k_15_features,2025-02-01,2024_25,0022400687,UTA,ORL,212,216.16666666666666,4.7219023019852715,220.88856896865192,4.721902301985267,-8.888568968651928,8.888568968651924,79.00665831048194,706,
top_k_15_features,2025-02-01,2024_25,0022400686,IND,ATL,259,239.5,-2.108437323885832,237.39156267611418,-2.1084373238858234,21.60843732388583,21.608437323885823,466.92456358030194,706,
top_k_15_features,2025-02-01,2024_25,0022400689,HOU,BKN,208,213.5,-4.850918580895568,208.64908141910442,-4.850918580895581,-0.6490814191044318,0.6490814191044194,0.421306688626607,706,
top_k_15_features,2025-02-02,2024_25,0022400699,MIL,MEM,251,245.0,-3.439405541553229,241.56059445844676,-3.439405541553242,9.43940554155323,9.439405541553242,89.10237697790606,715,
top_k_15_features,2025-02-02,2024_25,0022400698,PHI,BOS,228,222.33333333333334,1.8838470715676738,224.21718040490103,1.8838470715676863,3.7828195950989834,3.782819595098971,14.309724089064742,715,
top_k_15_features,2025-02-02,2024_25,0022400695,DET,CHI,246,233.16666666666666,0.21422452322179442,233.38089118988844,0.21422452322178742,12.619108810111548,12.619108810111555,159.24190716143508,715,
top_k_15_features,2025-02-02,2024_25,0022400696,CLE,DAL,245,236.66666666666666,-1.9851156892681983,234.68155097739847,-1.9851156892681843,10.318449022601541,10.318449022601527,106.4703902320264,715,
top_k_15_features,2025-02-02,2024_25,0022400697,TOR,LAC,223,220.0,6.284740843271898,226.2847408432719,6.284740843271891,-3.284740843271898,3.2847408432718908,10.789522407458533,715,
top_k_15_features,2025-02-03,2024_25,0022400704,MIN,SAC,230,221.83333333333334,1.3104391249971123,223.14377245833046,1.3104391249971172,6.856227541669545,6.85622754166954,47.007856103147944,720,
top_k_15_features,2025-02-03,2024_25,0022400700,CHA,WAS,238,217.0,1.1266443901681569,218.12664439016817,1.1266443901681669,19.873355609831844,19.873355609831833,394.9502631948344,720,
top_k_15_features,2025-02-03,2024_25,0022400701,DET,ATL,262,235.16666666666666,-0.772112795292021,234.39455387137463,-0.7721127952920313,27.605446128625363,27.605446128625374,762.0606559604377,720,
top_k_15_features,2025-02-03,2024_25,0022400702,NYK,HOU,242,224.16666666666666,1.0685703500115533,225.2352370166782,1.068570350011555,16.764762983321788,16.764762983321788,281.05727788695646,720,
top_k_15_features,2025-02-03,2024_25,0022400703,MEM,SAS,237,241.33333333333334,-2.0793949524572364,239.2539383808761,-2.0793949524572497,-2.2539383808761064,2.253938380876093,5.080238224786344,720,
top_k_15_features,2025-02-03,2024_25,0022400707,UTA,IND,223,239.16666666666666,3.8597296248379083,243.02639629150457,3.859729624837911,-20.026396291504565,20.026396291504568,401.0565484243879,720,
top_k_15_features,2025-02-03,2024_25,0022400705,OKC,MIL,221,233.0,-0.979450245919706,232.0205497540803,-0.9794502459197076,-11.020549754080294,11.020549754080292,121.45251688215919,720,
top_k_15_features,2025-02-03,2024_25,0022400706,DEN,NOP,238,239.33333333333334,-1.7088527647012701,237.62448056863207,-1.7088527647012768,0.3755194313679273,0.375519431367934,0.14101484333489647,720,
top_k_15_features,2025-02-03,2024_25,0022400708,GSW,ORL,203,212.33333333333334,-4.267094947551135,208.0662383857822,-4.267094947551129,-5.066238385782208,5.0662383857822135,25.66677138157317,720,
top_k_15_features,2025-02-03,2024_25,0022400709,POR,PHX,240,229.66666666666666,5.024567784108601,234.69123445077526,5.024567784108598,5.308765549224741,5.308765549224745,28.182991656635508,720,
top_k_15_features,2025-02-04,2024_25,0022400710,CLE,BOS,217,237.33333333333334,0.27934982578897055,237.61268315912233,0.2793498257889837,-20.612683159122312,20.612683159122327,424.8827070183652,730,
top_k_15_features,2025-02-04,2024_25,0022400712,PHI,DAL,234,225.5,3.496024868731638,228.99602486873164,3.496024868731638,5.003975131268362,5.003975131268362,25.03976711435222,730,
top_k_15_features,2025-02-04,2024_25,0022400711,BKN,HOU,196,209.5,-4.24911454075761,205.2508854592424,-4.249114540757603,-9.25088545924239,9.250885459242397,85.57888178002241,730,
top_k_15_features,2025-02-04,2024_25,0022400714,CHI,MIA,257,227.66666666666666,-0.1649456629755654,227.5017210036911,-0.1649456629755548,29.49827899630891,29.498278996308898,870.1484637440786,730,
top_k_15_features,2025-02-04,2024_25,0022400713,TOR,NYK,236,231.5,5.349450827278277,236.84945082727828,5.349450827278275,-0.849450827278277,0.8494508272782753,0.7215667079637462,730,
top_k_15_features,2025-02-04,2024_25,0022400715,LAC,LAL,219,220.5,1.212818831731541,221.71281883173154,1.2128188317315391,-2.712818831731541,2.712818831731539,7.359386013797273,730,
top_k_15_features,2025-02-04,2024_25,0022400716,POR,IND,201,233.33333333333334,5.180851730485448,238.5141850638188,5.180851730485443,-37.51418506381879,37.514185063818786,1407.3140810024445,730,
top_k_15_features,2025-02-05,2024_25,0022400717,CHA,MIL,214,220.16666666666666,2.1932094133844005,222.35987608005107,2.193209413384409,-8.359876080051057,8.359876080051066,69.88752807380997,737,
top_k_15_features,2025-02-05,2024_25,0022400718,DET,CLE,233,236.33333333333334,-4.328519471700709,232.00481386163264,-4.328519471700702,0.9951861383673659,0.9951861383673588,0.9903954499985358,737,
top_k_15_features,2025-02-05,2024_25,0022400719,ATL,SAS,251,240.16666666666666,-7.355276446557614,232.81139022010905,-7.35527644655761,18.188609779890957,18.188609779890953,330.8255257251448,737,
top_k_15_features,2025-02-05,2024_25,0022400720,BKN,WAS,221,216.83333333333334,-3.5705567768890227,213.26277655644432,-3.5705567768890205,7.7372234435556795,7.737223443555678,59.86462661550758,737,
top_k_15_features,2025-02-05,2024_25,0022400725,UTA,GSW,259,227.0,2.714965168389386,229.7149651683894,2.714965168389398,29.285034831610613,29.285034831610602,857.6132650886462,737,
top_k_15_features,2025-02-05,2024_25,0022400721,PHI,MIA,209,215.5,2.908836606833724,218.40883660683372,2.9088366068337166,-9.408836606833724,9.408836606833717,88.52620629409421,737,
top_k_15_features,2025-02-05,2024_25,0022400724,OKC,PHX,249,226.16666666666666,1.0008731560524011,227.16753982271905,1.0008731560523927,21.832460177280943,21.83246017728095,476.65631739255855,737,
top_k_15_features,2025-02-05,2024_25,0022400726,DEN,NOP,263,238.66666666666666,1.9254207110354837,240.59208737770214,1.9254207110354855,22.407912622297857,22.407912622297857,502.1145480885356,737,
top_k_15_features,2025-02-05,2024_25,0022400727,SAC,ORL,241,218.5,-0.3825855889457834,218.11741441105423,-0.38258558894577277,22.882585588945783,22.882585588945773,523.6127232354288,737,
top_k_15_features,2025-02-05,2024_25,0022400723,MIN,CHI,235,226.83333333333334,1.7857952415729483,228.61912857490628,1.7857952415729414,6.380871425093709,6.380871425093716,40.71552014357751,737,
top_k_15_features,2025-02-05,2024_25,0022400722,TOR,MEM,245,238.5,2.59368423059271,241.09368423059271,2.5936842305927144,3.90631576940729,3.9063157694072856,15.259302890320035,737,
top_k_15_features,2025-02-06,2024_25,0022400728,BOS,DAL,247,231.0,-2.229570409813227,228.77042959018678,-2.2295704098132205,18.229570409813228,18.22957040981322,332.31723732633776,748,
top_k_15_features,2025-02-06,2024_25,0022400729,MIN,HOU,241,214.33333333333334,-3.4920349036799054,210.84129842965345,-3.492034903679894,30.15870157034656,30.15870157034655,909.5472804092235,748,
top_k_15_features,2025-02-06,2024_25,0022400730,DEN,ORL,202,221.66666666666666,-1.5482178002240954,220.11844886644255,-1.5482178002241085,-18.118448866442563,18.11844886644255,328.27818932589327,748,
top_k_15_features,2025-02-06,2024_25,0022400731,LAL,GSW,232,221.5,0.11180494811512806,221.61180494811512,0.11180494811512176,10.388195051884871,10.388195051884878,107.91459643600547,748,
top_k_15_features,2025-02-06,2024_25,0022400732,POR,SAC,210,229.5,0.9790013428259527,230.47900134282594,0.9790013428259385,-20.479001342825953,20.47900134282594,419.3894959994666,748,
top_k_15_features,2025-02-06,2024_25,0022400733,LAC,IND,231,228.33333333333334,2.0080843834323128,230.34141771676565,2.0080843834323048,0.6585822832343444,0.6585822832343524,0.4337306237901728,748,
top_k_15_features,2025-02-07,2024_25,0022400735,WAS,CLE,258,236.0,-1.9092970398172577,234.09070296018274,-1.909297039817261,23.909297039817258,23.90929703981726,571.6544849382144,754,
top_k_15_features,2025-02-07,2024_25,0022400737,BKN,MIA,188,211.16666666666666,-1.80312854444578,209.3635381222209,-1.8031285444457694,-21.363538122220877,21.363538122220888,456.40076109958517,754,
top_k_15_features,2025-02-07,2024_25,0022400736,ATL,MIL,225,241.5,-5.701950786774868,235.79804921322514,-5.701950786774859,-10.79804921322513,10.798049213225141,116.5978668112321,754,
top_k_15_features,2025-02-07,2024_25,0022400738,DET,PHI,237,224.66666666666666,2.196201524539009,226.86286819120568,2.1962015245390205,10.137131808794333,10.137131808794322,102.76144130886965,754,
top_k_15_features,2025-02-07,2024_25,0022400739,OKC,TOR,230,231.5,-0.5061723081424769,230.99382769185752,-0.5061723081424816,-0.9938276918575231,0.9938276918575184,0.9876934811028425,754,
top_k_15_features,2025-02-07,2024_25,0022400740,PHX,UTA,262,231.5,0.8583696312727911,232.35836963127278,0.8583696312727795,29.64163036872721,29.64163036872722,878.6262509162518,754,
top_k_15_features,2025-02-07,2024_25,0022400734,CHA,SAS,233,227.5,-6.288769244658901,221.2112307553411,-6.2887692446589085,11.788769244658901,11.788769244658909,138.97508030381576,754,
top_k_15_features,2025-02-08,2024_25,0022400743,ORL,SAS,223,218.66666666666666,-4.636544994738115,214.03012167192855,-4.636544994738102,8.969878328071458,8.969878328071445,80.45871722040579,761,
top_k_15_features,2025-02-08,2024_25,0022400745,CHI,GSW,243,235.5,1.6007959834345233,237.10079598343452,1.600795983434523,5.899204016565477,5.899204016565477,34.80060802906226,761,
top_k_15_features,2025-02-08,2024_25,0022400741,DAL,HOU,221,226.0,0.32624754611203094,226.32624754611203,0.3262475461120289,-5.326247546112031,5.326247546112029,28.36891292246441,761,
top_k_15_features,2025-02-08,2024_25,0022400742,LAL,IND,241,231.0,2.7837122469207873,233.7837122469208,2.7837122469207998,7.216287753079213,7.2162877530792,52.07480893524085,761,
top_k_15_features,2025-02-08,2024_25,0022400744,WAS,ATL,236,236.83333333333334,2.542548974125079,239.37588230745843,2.542548974125083,-3.3758823074584217,3.3758823074584257,11.396581353810824,761,
top_k_15_features,2025-02-08,2024_25,0022400749,PHX,DEN,227,237.66666666666666,2.8157927400433613,240.48245940671,2.8157927400433493,-13.482459406710019,13.482459406710007,181.77671165358313,761,
top_k_15_features,2025-02-08,2024_25,0022400746,MEM,OKC,237,242.33333333333334,0.27494203380775806,242.6082753671411,0.27494203380774707,-5.6082753671411005,5.60827536714109,31.452752593681527,761,
top_k_15_features,2025-02-08,2024_25,0022400748,NYK,BOS,235,231.83333333333334,-2.382147864876677,229.45118546845666,-2.3821478648766856,5.548814531543334,5.548814531543343,30.789342705466566,761,
top_k_15_features,2025-02-08,2024_25,0022400751,LAC,UTA,240,224.5,-2.2122975662896387,222.28770243371036,-2.212297566289635,17.71229756628964,17.712297566289635,313.7254850767897,761,
top_k_15_features,2025-02-08,2024_25,0022400750,SAC,NOP,241,238.0,5.062464800798549,243.06246480079855,5.062464800798551,-2.0624648007985487,2.0624648007985513,4.253761054533008,761,
top_k_15_features,2025-02-08,2024_25,0022400747,MIN,POR,212,216.33333333333334,0.6111001156384709,216.9444334489718,0.6111001156384646,-4.944433448971814,4.944433448971807,24.447422131311242,761,
top_k_15_features,2025-02-09,2024_25,0022400752,DET,CHA,214,225.0,1.8608872755849484,226.86088727558496,1.8608872755849575,-12.860887275584949,12.860887275584957,165.40242151530308,772,
top_k_15_features,2025-02-09,2024_25,0022400753,HOU,TOR,181,224.5,2.6302339632141516,227.13023396321415,2.6302339632141525,-46.13023396321415,46.13023396321415,2127.9984855008765,772,
top_k_15_features,2025-02-09,2024_25,0022400754,MIL,PHI,262,227.16666666666666,-1.8446639641333196,225.32200270253333,-1.844663964133332,36.67799729746666,36.677997297466675,1345.2754857529726,772,
top_k_15_features,2025-02-10,2024_25,0022400756,ORL,ATL,218,221.66666666666666,-4.989845483628253,216.6768211830384,-4.989845483628244,1.3231788169615957,1.3231788169615868,1.7508021816558643,775,
top_k_15_features,2025-02-10,2024_25,0022400757,WAS,SAS,252,236.16666666666666,0.6085928640729854,236.77525953073965,0.608592864072989,15.224740469260357,15.224740469260354,231.79272235633397,775,
top_k_15_features,2025-02-10,2024_25,0022400759,MIA,BOS,188,219.33333333333334,3.428808970617101,222.76214230395044,3.428808970617098,-34.76214230395044,34.76214230395044,1208.4065375601008,775,
top_k_15_features,2025-02-10,2024_25,0022400755,CLE,MIN,235,228.66666666666666,-0.8316566573925361,227.83501000927413,-0.8316566573925286,7.1649899907258785,7.164989990725871,51.33708156720192,775,
top_k_15_features,2025-02-10,2024_25,0022400758,BKN,CHA,186,212.66666666666666,-5.9713461275116515,206.695320539155,-5.9713461275116515,-20.695320539155006,20.695320539155006,428.29629221837104,775,
top_k_15_features,2025-02-10,2024_25,0022400760,MIL,GSW,236,231.5,2.7040815621692396,234.20408156216925,2.70408156216925,1.7959184378307604,1.7959184378307498,3.2253230353404407,775,
top_k_15_features,2025-02-10,2024_25,0022400762,DAL,SAC,257,237.5,4.204967231764382,241.70496723176439,4.204967231764385,15.295032768235618,15.295032768235615,233.9380273814012,775,
top_k_15_features,2025-02-10,2024_25,0022400763,DEN,POR,263,233.0,-1.9351274493573303,231.06487255064266,-1.9351274493573385,31.93512744935733,31.93512744935734,1019.8523652066965,775,
top_k_15_features,2025-02-10,2024_25,0022400768,LAL,UTA,245,234.66666666666666,1.8033587832090627,236.47002544987572,1.8033587832090632,8.52997455012428,8.52997455012428,72.76046582576791,775,
top_k_15_features,2025-02-10,2024_25,0022400761,OKC,NOP,238,234.33333333333334,-1.7181167101898156,232.61521662314354,-1.718116710189804,5.384783376856473,5.384783376856461,28.995892015669675,775,
top_k_15_features,2025-02-11,2024_25,0022400764,PHI,TOR,209,226.16666666666666,-1.3238149679821103,224.84285169868454,-1.3238149679821163,-15.842851698684546,15.842851698684541,250.99594994651164,785,
top_k_15_features,2025-02-11,2024_25,0022400765,IND,NYK,243,239.66666666666666,-0.6735655384345275,238.99310112823213,-0.6735655384345307,4.00689887176787,4.0068988717678735,16.05523856857466,785,
top_k_15_features,2025-02-11,2024_25,0022400766,CHI,DET,224,238.5,1.7134570138201186,240.21345701382012,1.7134570138201184,-16.21345701382012,16.21345701382012,262.8761883389928,785,
top_k_15_features,2025-02-11,2024_25,0022400767,PHX,MEM,231,244.16666666666666,5.078500185165748,249.2451668518324,5.078500185165751,-18.245166851832405,18.24516685183241,332.8861134512041,785,
top_k_15_features,2025-02-12,2024_25,0022400770,ORL,CHA,188,204.33333333333334,2.1736700003382956,206.50700333367163,2.1736700003382907,-18.507003333671637,18.507003333671634,342.50917239253295,789,
top_k_15_features,2025-02-12,2024_25,0022400776,MIN,MIL,204,224.66666666666666,1.3637286818389989,226.03039534850566,1.3637286818390066,-22.030395348505657,22.030395348505664,485.33831921146,789,
top_k_15_features,2025-02-12,2024_25,0022400769,BOS,SAS,219,233.5,4.960503117232823,238.46050311723283,4.960503117232832,-19.460503117232822,19.460503117232832,378.7111815758288,789,
top_k_15_features,2025-02-12,2024_25,0022400772,BKN,PHI,196,212.66666666666666,-1.459725232577382,211.2069414340893,-1.4597252325773695,-15.206941434089275,15.206941434089288,231.25106777982157,789,
top_k_15_features,2025-02-12,2024_25,0022400773,NYK,ATL,297,239.66666666666666,-0.9954994858765555,238.6711671807901,-0.9954994858765644,58.3288328192099,58.32883281920991,3402.252738051339,789,
top_k_15_features,2025-02-12,2024_25,0022400775,CHI,DET,238,236.83333333333334,0.6080785716040586,237.4414119049374,0.608078571604068,0.5585880950625985,0.5585880950625892,0.3120206599456522,789,
top_k_15_features,2025-02-12,2024_25,0022400774,TOR,CLE,239,236.33333333333334,3.5049046823984082,239.83823801573175,3.5049046823984042,-0.838238015731751,0.838238015731747,0.7026429710178966,789,
top_k_15_features,2025-02-12,2024_25,0022400771,WAS,IND,264,239.5,1.728617437809941,241.22861743780993,1.7286174378099304,22.77138256219006,22.77138256219007,518.535863793614,789,
top_k_15_features,2025-02-12,2024_25,0022400778,OKC,MIA,216,218.83333333333334,0.39299231175011984,219.22632564508345,0.3929923117501062,-3.2263256450834628,3.226325645083449,10.409177168123133,789,
top_k_15_features,2025-02-12,2024_25,0022400779,HOU,PHX,230,223.5,-0.8651958892343633,222.63480411076563,-0.8651958892343714,7.365195889234363,7.365195889234371,54.24611048679488,789,
top_k_15_features,2025-02-12,2024_25,0022400780,DEN,POR,253,232.83333333333334,2.263946055548492,235.09727938888184,2.2639460555485016,17.902720611118166,17.902720611118156,320.50740527975483,789,
top_k_15_features,2025-02-12,2024_25,0022400777,NOP,SAC,230,238.5,-1.0892047187350482,237.41079528126494,-1.0892047187350613,-7.410795281264952,7.410795281264939,54.91988670081868,789,
top_k_15_features,2025-02-12,2024_25,0022400781,UTA,LAL,250,236.33333333333334,0.01710764724867657,236.35044098058202,0.01710764724867886,13.64955901941798,13.649559019417978,186.31046142457467,789,
top_k_15_features,2025-02-12,2024_25,0022400782,DAL,GSW,218,233.33333333333334,2.075245402468912,235.40857873580225,2.0752454024689087,-17.408578735802255,17.40857873580225,303.0586136006263,789,
top_k_15_features,2025-02-12,2024_25,0022400783,LAC,MEM,242,237.33333333333334,3.1615478074850993,240.49488114081845,3.161547807485107,1.5051188591815579,1.5051188591815503,2.2653827802639714,789,
top_k_15_features,2025-02-13,2024_25,0022400787,MIN,OKC,217,222.0,-2.6040697560691957,219.3959302439308,-2.604069756069208,-2.3959302439308043,2.395930243930792,5.740481733782264,804,
top_k_15_features,2025-02-13,2024_25,0022400786,DAL,MIA,231,221.66666666666666,-0.4171518245035615,221.2495148421631,-0.4171518245035486,9.750485157836904,9.750485157836891,95.0719608131975,804,
top_k_15_features,2025-02-13,2024_25,0022401004,UTA,LAC,236,225.66666666666666,4.972895446292523,230.63956211295917,4.972895446292512,5.36043788704082,5.360437887040831,28.73429434082277,804,
top_k_15_features,2025-02-13,2024_25,0022400784,HOU,GSW,203,216.66666666666666,0.8490920646235615,217.51575873129022,0.8490920646235622,-14.51575873129022,14.51575873129022,210.70725154502824,804,
top_k_15_features,2025-02-13,2024_25,0022400785,NOP,SAC,273,235.66666666666666,-1.8653728156419438,233.80129385102472,-1.8653728156419334,39.19870614897528,39.198706148975276,1536.5385637537122,804,
top_k_15_features,2025-02-19,2024_25,0022400524,LAL,CHA,197,227.16666666666666,-0.8683208123121525,226.2983458543545,-0.8683208123121631,-29.298345854354505,29.298345854354494,858.3930698013712,809,
top_k_15_features,2025-02-20,2024_25,0022400796,POR,LAL,212,227.0,2.5365018305086147,229.53650183050863,2.5365018305086267,-17.536501830508616,17.536501830508627,307.5288964514324,810,
top_k_15_features,2025-02-20,2024_25,0022400788,IND,MEM,240,249.83333333333334,2.54356991251267,252.37690324584602,2.5435699125126803,-12.376903245846012,12.376903245846023,153.18773395703383,810,
top_k_15_features,2025-02-20,2024_25,0022400789,PHI,BOS,228,223.5,-1.6691768667574296,221.83082313324257,-1.6691768667574252,6.16917686675743,6.169176866757425,38.058743213334964,810,
top_k_15_features,2025-02-20,2024_25,0022400790,ATL,ORL,222,222.66666666666666,-0.7597473253258824,221.90691934134077,-0.7597473253258897,0.09308065865922521,0.09308065865923254,0.008664009016436562,810,
top_k_15_features,2025-02-20,2024_25,0022400791,BKN,CLE,207,225.5,4.32033715631541,229.82033715631542,4.320337156315418,-22.82033715631541,22.820337156315418,520.76778792791,810,
top_k_15_features,2025-02-20,2024_25,0022400792,NYK,CHI,224,242.5,-2.4246982152323664,240.07530178476765,-2.424698215232354,-16.075301784767632,16.075301784767646,258.41532747135386,810,
top_k_15_features,2025-02-20,2024_25,0022400793,MIL,LAC,226,227.33333333333334,3.499814625528922,230.83314795886227,3.499814625528927,-4.833147958862265,4.83314795886227,23.359319192254524,810,
top_k_15_features,2025-02-20,2024_25,0022400794,DEN,CHA,244,228.33333333333334,-2.1184423966802415,226.2148909366531,-2.1184423966802512,17.785109063346898,17.78510906334691,316.3101043951443,810,
top_k_15_features,2025-02-20,2024_25,0022400795,SAS,PHX,229,237.0,1.012502288813614,238.0125022888136,1.0125022888136073,-9.012502288813614,9.012502288813607,81.22519750587051,810,
top_k_15_features,2025-02-21,2024_25,0022400797,CLE,NYK,247,239.5,-1.3490925115486483,238.15090748845134,-1.3490925115486618,8.849092511548648,8.849092511548662,78.3064382779466,819,
top_k_15_features,2025-02-21,2024_25,0022400800,TOR,MIA,231,221.33333333333334,0.6561446758811594,221.9894780092145,0.6561446758811655,9.010521990785497,9.010521990785492,81.18950654642894,819,
top_k_15_features,2025-02-21,2024_25,0022400801,HOU,MIN,236,216.5,2.6386683757242264,219.13866837572422,2.6386683757242224,16.861331624275774,16.861331624275778,284.30450414380243,819,
top_k_15_features,2025-02-21,2024_25,0022400799,WAS,MIL,205,229.66666666666666,3.9024084449776324,233.56907511164428,3.902408444977624,-28.56907511164429,28.56907511164428,816.1920527347727,819,
top_k_15_features,2025-02-21,2024_25,0022400798,ORL,MEM,209,224.5,2.4520440909615586,226.95204409096155,2.45204409096155,-17.952044090961557,17.95204409096155,322.27588704382754,819,
top_k_15_features,2025-02-21,2024_25,0022400805,SAC,GSW,240,233.5,-2.210734877608577,231.2892651223914,-2.210734877608587,8.710734877608576,8.710734877608587,75.87690210798668,819,
top_k_15_features,2025-02-21,2024_25,0022400804,UTA,OKC,237,236.5,1.34260547934857,237.84260547934858,1.3426054793485775,-0.84260547934857,0.8426054793485775,0.7099839938282462,819,
top_k_15_features,2025-02-21,2024_25,0022400802,SAS,DET,235,232.5,-0.4957689728158591,232.00423102718415,-0.49576897281585275,2.995768972815859,2.9957689728158527,8.97463173848615,819,
top_k_15_features,2025-02-21,2024_25,0022400803,DAL,NOP,214,236.83333333333334,1.1182312456328019,237.95156457896616,1.1182312456328134,-23.951564578966146,23.951564578966156,573.6774457803863,819,
top_k_15_features,2025-02-22,2024_25,0022400806,CHI,PHX,238,238.5,-5.805330825582798,232.6946691744172,-5.805330825582786,5.305330825582798,5.305330825582786,28.146535168878923,828,
top_k_15_features,2025-02-22,2024_25,0022400807,PHI,BKN,208,213.5,-3.6121980148835577,209.88780198511645,-3.612198014883546,-1.8878019851164423,1.8878019851164538,3.5637963350096236,828,
top_k_15_features,2025-02-22,2024_25,0022400808,DEN,LAL,223,240.66666666666666,0.08029775432717723,240.74696442099383,0.08029775432717656,-17.746964420993834,17.746964420993834,314.954746160021,828,
top_k_15_features,2025-02-22,2024_25,0022400809,UTA,HOU,239,228.66666666666666,-2.509042316046241,226.1576243506204,-2.509042316046248,12.842375649379584,12.84237564937959,164.92661231977786,828,
top_k_15_features,2025-02-22,2024_25,0022400810,POR,CHA,229,222.0,-1.0471309096941381,220.95286909030585,-1.0471309096941468,8.047130909694138,8.047130909694147,64.75631587775494,828,
top_k_15_features,2025-02-23,2024_25,0022400817,MIL,MIA,233,221.5,6.507520615639125,228.00752061563912,6.507520615639123,4.992479384360875,4.992479384360877,24.92485040326836,833,
top_k_15_features,2025-02-23,2024_25,0022400815,ORL,WAS,200,216.33333333333334,-7.784572361424672,208.54876097190868,-7.784572361424665,-8.54876097190867,8.548760971908678,73.081314154829,833,
top_k_15_features,2025-02-23,2024_25,0022400811,BOS,NYK,223,231.5,0.42729877274639494,231.92729877274638,0.42729877274638284,-8.927298772746395,8.927298772746383,79.69666337787908,833,
top_k_15_features,2025-02-23,2024_25,0022400813,IND,LAC,240,230.5,0.10574128511458816,230.6057412851146,0.1057412851145898,9.394258714885412,9.39425871488541,88.25209680220048,833,
top_k_15_features,2025-02-23,2024_25,0022400814,ATL,DET,291,237.33333333333334,0.6065923681109785,237.9399257014443,0.6065923681109666,53.060074298555676,53.06007429855569,2815.3714845682503,833,
top_k_15_features,2025-02-23,2024_25,0022400818,NOP,SAS,210,239.5,3.8234496260382564,243.32344962603827,3.8234496260382684,-33.323449626038254,33.32344962603827,1110.45229497911,833,
top_k_15_features,2025-02-23,2024_25,0022400816,TOR,PHX,236,227.5,-4.648416970123007,222.851583029877,-4.648416970123009,13.148416970123007,13.148416970123009,172.88086882021872,833,
top_k_15_features,2025-02-23,2024_25,0022400819,CLE,MEM,252,249.5,-0.806878665517016,248.69312133448298,-0.8068786655170186,3.306878665517016,3.3068786655170186,10.935446508451617,833,
top_k_15_features,2025-02-23,2024_25,0022400820,MIN,OKC,253,228.83333333333334,0.15822508646968966,228.99155841980303,0.15822508646968458,24.00844158019697,24.008441580196973,576.4052671097309,833,
top_k_15_features,2025-02-23,2024_25,0022400812,GSW,DAL,228,228.5,1.0844310194928544,229.58443101949285,1.084431019492854,-1.5844310194928544,1.584431019492854,2.5104216555311645,833,
top_k_15_features,2025-02-24,2024_25,0022400823,PHI,CHI,252,232.0,-1.8031255260139267,230.19687447398607,-1.803125526013929,21.803125526013925,21.80312552601393,475.3762827031202,843,
top_k_15_features,2025-02-24,2024_25,0022400821,DET,LAC,203,224.0,4.3649367002630495,228.36493670026306,4.364936700263058,-25.36493670026305,25.36493670026306,643.3800138083518,843,
top_k_15_features,2025-02-24,2024_25,0022400822,IND,DEN,241,246.33333333333334,4.7299236444548916,251.06325697778823,4.729923644454885,-10.063256977788235,10.063256977788228,101.26914100100346,843,
top_k_15_features,2025-02-24,2024_25,0022400824,WAS,BKN,206,214.16666666666666,2.7592775577442015,216.92594422441087,2.7592775577442126,-10.925944224410859,10.92594422441087,119.37625719493724,843,
top_k_15_features,2025-02-24,2024_25,0022400828,SAC,CHA,218,231.16666666666666,1.6914310220380329,232.8580976887047,1.6914310220380457,-14.85809768870469,14.858097688704703,220.76306692709204,843,
top_k_15_features,2025-02-24,2024_25,0022400827,UTA,POR,226,232.0,3.7260705006361623,235.72607050063615,3.7260705006361547,-9.726070500636162,9.726070500636155,94.59644738334482,843,
top_k_15_features,2025-02-24,2024_25,0022400826,OKC,MIN,259,227.16666666666666,-1.625865281564197,225.54080138510247,-1.625865281564188,33.45919861489754,33.45919861489753,1119.517971951161,843,
top_k_15_features,2025-02-24,2024_25,0022400825,ATL,MIA,184,227.16666666666666,0.40964196688894655,227.5763086335556,0.40964196688895527,-43.576308633555605,43.57630863355561,1898.8946741268935,843,
top_k_15_features,2025-02-25,2024_25,0022400834,GSW,CHA,220,222.5,-1.8849189150517223,220.6150810849483,-1.8849189150517134,-0.6150810849482777,0.6150810849482866,0.3783247410611614,851,
top_k_15_features,2025-02-25,2024_25,0022400833,NOP,SAS,212,237.83333333333334,2.0294097008057594,239.8627430341391,2.0294097008057577,-27.8627430341391,27.8627430341391,776.3324493864669,851,
top_k_15_features,2025-02-25,2024_25,0022400832,MEM,PHX,299,244.83333333333334,1.7010080238585912,246.53434135719192,1.7010080238585772,52.465658642808066,52.46565864280808,2752.645336823662,851,
top_k_15_features,2025-02-25,2024_25,0022400835,LAL,DAL,206,231.5,0.6296691667703757,232.12966916677038,0.629669166770384,-26.129669166770377,26.129669166770384,682.7596107648709,851,
top_k_15_features,2025-02-25,2024_25,0022400830,ORL,CLE,204,224.16666666666666,-1.3230183604226502,222.843648306244,-1.323018360422651,-18.843648306244006,18.843648306244006,355.0830814894126,851,
top_k_15_features,2025-02-25,2024_25,0022400829,TOR,BOS,212,226.33333333333334,0.27625633840306024,226.60958967173642,0.27625633840307273,-14.609589671736403,14.609589671736416,213.44011037650733,851,
top_k_15_features,2025-02-25,2024_25,0022400831,HOU,MIL,197,226.33333333333334,2.558667247997635,228.892000581331,2.558667247997647,-31.89200058133098,31.89200058133099,1017.0997010796162,851,
top_k_15_features,2025-02-26,2024_25,0022400844,HOU,SAS,224,227.0,2.1523284595588112,229.15232845955882,2.1523284595588166,-5.152328459558811,5.152328459558817,26.546488555179728,858,
top_k_15_features,2025-02-26,2024_25,0022400843,UTA,SAC,219,235.66666666666666,1.6477388506525892,237.31440551731924,1.647738850652587,-18.314405517319248,18.314405517319244,335.41744945281357,858,
top_k_15_features,2025-02-26,2024_25,0022400842,CHI,LAC,239,228.0,2.195982124065948,230.19598212406595,2.1959821240659494,8.804017875934052,8.80401787593405,77.51073075976632,858,
top_k_15_features,2025-02-26,2024_25,0022400841,MIA,ATL,240,229.16666666666666,1.712247246799692,230.87891391346636,1.7122472467997056,9.121086086533651,9.121086086533637,83.1942113979575,858,
top_k_15_features,2025-02-26,2024_25,0022400836,DET,BOS,214,225.83333333333334,0.24727193769354344,226.08060527102688,0.24727193769354017,-12.080605271026887,12.080605271026883,145.9410237143625,858,
top_k_15_features,2025-02-26,2024_25,0022400839,WAS,POR,250,230.33333333333334,3.0838818841261055,233.41721521745944,3.0838818841261,16.58278478254055,16.582784782540557,274.98875114405865,858,
top_k_15_features,2025-02-26,2024_25,0022400838,NYK,PHI,215,231.0,2.497369336675823,233.49736933667583,2.497369336675831,-18.497369336675824,18.49736933667583,342.1526723773953,858,
top_k_15_features,2025-02-26,2024_25,0022400837,IND,TOR,202,235.83333333333334,-1.0049217857904835,234.82841154754286,-1.0049217857904864,-32.828411547542856,32.828411547542856,1077.7046047348451,858,
top_k_15_features,2025-02-26,2024_25,0022400840,BKN,OKC,250,217.16666666666666,-3.3614779887274473,213.8051886779392,-3.3614779887274437,36.19481132206079,36.19481132206079,1310.0643666395797,858,
top_k_15_features,2025-02-27,2024_25,0022400845,ORL,GSW,236,210.5,3.2376811232171634,213.73768112321716,3.2376811232171576,22.262318876782835,22.262318876782842,495.6108417715617,867,
top_k_15_features,2025-02-27,2024_25,0022400847,DAL,CHA,199,223.33333333333334,1.0213128857285054,224.35464621906183,1.0213128857284914,-25.35464621906185,25.354646219061834,642.8580848937866,867,
top_k_15_features,2025-02-27,2024_25,0022400846,MIL,DEN,233,240.16666666666666,4.722477204729709,244.88914387139636,4.7224772047296995,-11.889143871396367,11.889143871396357,141.35174199476154,867,
top_k_15_features,2025-02-27,2024_25,0022400849,LAL,MIN,213,226.16666666666666,3.3893624948450953,229.55602916151176,3.389362494845102,-16.556029161511752,16.55602916151176,274.10210159682777,867,
top_k_15_features,2025-02-27,2024_25,0022400848,PHX,NOP,240,235.66666666666666,-1.534380160337124,234.13228650632954,-1.5343801603371219,5.8677134936704665,5.867713493670465,34.43006164380245,867,
top_k_15_features,2025-02-28,2024_25,0022400854,MIA,IND,245,225.5,0.33961515127386066,225.83961515127385,0.339615151273847,19.16038484872614,19.160384848726153,367.12034755129474,872,
top_k_15_features,2025-02-28,2024_25,0022400851,ATL,OKC,254,241.83333333333334,0.2428578391468541,242.0761911724802,0.24285783914686476,11.923808827519803,11.923808827519792,142.17721695523892,872,
top_k_15_features,2025-02-28,2024_25,0022400852,BOS,CLE,239,232.5,0.7082676097279458,233.20826760972795,0.7082676097279546,5.791732390272054,5.7917323902720454,33.54416408052634,872,
top_k_15_features,2025-02-28,2024_25,0022400853,BKN,POR,223,218.33333333333334,3.9536552069628734,222.28698854029622,3.9536552069628783,0.7130114597037838,0.7130114597037789,0.5083853416689135,872,
top_k_15_features,2025-02-28,2024_25,0022400850,DET,DEN,253,237.0,1.9885492161020228,238.98854921610203,1.9885492161020295,14.011450783897978,14.01145078389797,196.32075306959504,872,
top_k_15_features,2025-02-28,2024_25,0022400855,CHI,TOR,240,235.33333333333334,-0.2811073567268475,235.0522259766065,-0.2811073567268352,4.947774023393505,4.947774023393492,24.480467786567427,872,
top_k_15_features,2025-02-28,2024_25,0022400856,MEM,NYK,227,245.0,-0.4191335631852492,244.58086643681474,-0.4191335631852553,-17.580866436814752,17.580866436814745,309.08686466911917,872,
top_k_15_features,2025-02-28,2024_25,0022400857,PHX,NOP,233,235.66666666666666,0.39783894427881317,236.06450561094547,0.39783894427881705,-3.0645056109454702,3.0645056109454742,9.391194639516295,872,
top_k_15_features,2025-02-28,2024_25,0022400859,LAL,LAC,208,220.16666666666666,2.8004254040894603,222.9670920707561,2.8004254040894523,-14.967092070756117,14.96709207075611,224.01384505449042,872,
top_k_15_features,2025-02-28,2024_25,0022400858,UTA,MIN,233,226.33333333333334,2.4385524318199856,228.77188576515334,2.43855243182,4.228114234846672,4.228114234846657,17.876949982912937,872,
top_k_15_features,2025-03-01,2024_25,0022400860,CHA,WAS,213,219.66666666666666,-2.4452047808177584,217.2214618858489,-2.445204780817761,-4.221461885848899,4.221461885848896,17.82074045367492,882,
top_k_15_features,2025-03-01,2024_25,0022400861,DET,BKN,209,218.16666666666666,-2.565252681815947,215.60141398485072,-2.5652526818159345,-6.60141398485071,6.601413984850723,43.5786665993827,882,
top_k_15_features,2025-03-01,2024_25,0022400862,HOU,SAC,216,228.0,3.6973213908600897,231.69732139086008,3.6973213908600826,-15.69732139086009,15.697321390860083,246.40589884795352,882,
top_k_15_features,2025-03-01,2024_25,0022400863,MEM,SAS,258,242.33333333333334,-4.342341422631458,237.9909919107019,-4.342341422631449,20.009008089298113,20.009008089298106,400.3604047175971,882,
top_k_15_features,2025-03-01,2024_25,0022400864,PHI,GSW,245,225.66666666666666,1.416311549498582,227.08297821616523,1.4163115494985732,17.917021783834763,17.91702178383477,321.0196696024097,882,
top_k_15_features,2025-03-01,2024_25,0022400865,DAL,MIL,249,227.66666666666666,0.44329505955697734,228.10996172622364,0.4432950595569878,20.890038273776366,20.890038273776355,436.393699079841,882,
top_k_15_features,2025-03-02,2024_25,0022400869,MIA,NYK,228,223.0,2.638926930683665,225.63892693068365,2.6389269306836525,2.361073069316335,2.3610730693163475,5.574666038650918,888,
top_k_15_features,2025-03-02,2024_25,0022400866,BOS,DEN,213,235.33333333333334,2.72858749091817,238.0619208242515,2.7285874909181587,-25.061920824251512,25.0619208242515,628.099875401051,888,
top_k_15_features,2025-03-02,2024_25,0022400867,CLE,POR,262,234.33333333333334,1.4966729674851038,235.83000630081844,1.4966729674850967,26.169993699181553,26.16999369918156,684.8685702152026,888,
top_k_15_features,2025-03-02,2024_25,0022400874,LAL,LAC,210,219.83333333333334,-1.35890847903689,218.47442485429644,-1.3589084790368986,-8.474424854296453,8.474424854296444,71.8158766111173,888,
top_k_15_features,2025-03-02,2024_25,0022400868,IND,CHI,239,243.16666666666666,-0.4475745786759046,242.71909208799076,-0.4475745786758978,-3.7190920879907527,3.7190920879907594,13.831645958955466,888,
top_k_15_features,2025-03-02,2024_25,0022400872,UTA,NOP,249,232.0,3.6869934233782375,235.68699342337823,3.686993423378226,13.313006576621763,13.313006576621774,177.2361441091746,888,
top_k_15_features,2025-03-02,2024_25,0022400873,PHX,MIN,214,229.66666666666666,1.1650958414952644,230.83176250816192,1.1650958414952584,-16.831762508161923,16.831762508161916,283.3082291311651,888,
top_k_15_features,2025-03-02,2024_25,0022400871,SAS,OKC,278,235.33333333333334,0.5734769412180636,235.90681027455142,0.5734769412180754,42.093189725448596,42.09318972544858,1771.8366212626102,888,
top_k_15_features,2025-03-02,2024_25,0022400870,ORL,TOR,206,211.5,-0.02482944716499027,211.475170552835,-0.024829447164989915,-5.47517055283501,5.47517055283501,29.97749258263163,888,
top_k_15_features,2025-03-03,2024_25,0022400875,CHA,GSW,220,224.33333333333334,1.0185092638490671,225.3518425971824,1.0185092638490687,-5.35184259718241,5.3518425971824115,28.64221918501618,897,
top_k_15_features,2025-03-03,2024_25,0022400876,PHI,POR,221,228.16666666666666,-1.5356776019305192,226.63098906473613,-1.53567760193053,-5.630989064736138,5.630989064736127,31.708037847177845,897,
top_k_15_features,2025-03-03,2024_25,0022400877,MIA,WAS,196,219.5,1.2062115831061226,220.70621158310612,1.2062115831061249,-24.70621158310612,24.706211583106125,610.3968907892073,897,
top_k_15_features,2025-03-03,2024_25,0022400878,MEM,ATL,262,253.33333333333334,-4.477071814830563,248.85626151850278,-4.477071814830566,13.14373848149722,13.143738481497223,172.75786126999094,897,
top_k_15_features,2025-03-03,2024_25,0022400879,OKC,HOU,265,226.83333333333334,-2.321743451497437,224.5115898818359,-2.32174345149744,40.4884101181641,40.4884101181641,1639.311353896653,897,
top_k_15_features,2025-03-03,2024_25,0022400880,DAL,SAC,220,231.5,3.5964591404107162,235.09645914041073,3.5964591404107296,-15.096459140410715,15.09645914041073,227.90307857809066,897,
top_k_15_features,2025-03-03,2024_25,0022400881,UTA,DET,240,232.16666666666666,4.75289277161666,236.91955943828333,4.752892771616672,3.0804405617166832,3.080440561716671,9.489114054269319,897,
top_k_15_features,2025-03-04,2024_25,0022400886,CHI,CLE,256,246.0,-0.13558895160945983,245.86441104839054,-0.1355889516094635,10.13558895160946,10.135588951609463,102.73016339598783,904,
top_k_15_features,2025-03-04,2024_25,0022400883,ORL,TOR,227,209.5,-0.450173077228262,209.04982692277173,-0.45017307722827127,17.95017307722826,17.95017307722827,322.2087135024507,904,
top_k_15_features,2025-03-04,2024_25,0022400884,ATL,MIL,248,240.83333333333334,1.1253579736752932,241.95869130700865,1.1253579736753068,6.041308692991364,6.04130869299135,36.49741072401286,904,
top_k_15_features,2025-03-04,2024_25,0022400885,NYK,GSW,216,231.16666666666666,2.3219624915482813,233.48862915821493,2.321962491548277,-17.488629158214938,17.488629158214934,305.8521498335656,904,
top_k_15_features,2025-03-04,2024_25,0022400890,LAL,NOP,251,230.0,3.359095239990878,233.35909523999086,3.3590952399908645,17.64090476000912,17.640904760009136,311.20152075171296,904,
top_k_15_features,2025-03-04,2024_25,0022400887,MIN,PHI,238,223.33333333333334,1.092500031941492,224.42583336527483,1.0925000319414835,13.574166634725165,13.574166634725174,184.25799982728614,904,
top_k_15_features,2025-03-04,2024_25,0022400888,SAS,BKN,240,225.33333333333334,2.6546899555854027,227.98802328891875,2.654689955585411,12.011976711081255,12.011976711081246,144.28758450755822,904,
top_k_15_features,2025-03-04,2024_25,0022400889,PHX,LAC,236,225.33333333333334,-2.177767595001291,223.15556573833206,-2.177767595001285,12.84443426166795,12.844434261667942,164.9794915023093,904,
top_k_15_features,2025-03-04,2024_25,0022400882,IND,HOU,217,230.33333333333334,0.4707092439043702,230.8040425772377,0.4707092439043663,-13.804042577237713,13.804042577237709,190.5515914741915,904,
top_k_15_features,2025-03-05,2024_25,0022400892,CHA,MIN,235,223.5,-2.7736672139367866,220.7263327860632,-2.7736672139367897,14.273667213936786,14.27366721393679,203.73757573421403,913,
top_k_15_features,2025-03-05,2024_25,0022400894,WAS,UTA,247,230.5,-3.1724263265492945,227.3275736734507,-3.1724263265492993,19.672426326549296,19.6724263265493,387.00435757350994,913,
top_k_15_features,2025-03-05,2024_25,0022400891,BOS,POR,246,225.0,0.502639604831726,225.50263960483173,0.5026396048317281,20.497360395168275,20.497360395168272,420.1417831694128,913,
top_k_15_features,2025-03-05,2024_25,0022400893,CLE,MIA,219,227.16666666666666,2.946570762788363,230.113237429455,2.9465707627883546,-11.11323742945502,11.113237429455012,123.50404616343984,913,
top_k_15_features,2025-03-05,2024_25,0022400895,MEM,OKC,223,250.5,-0.56226535272898,249.93773464727101,-0.5622653527289856,-26.93773464727102,26.937734647271014,725.6415479267853,913,
top_k_15_features,2025-03-05,2024_25,0022400897,MIL,DAL,244,225.33333333333334,-1.2358683626199298,224.09746497071342,-1.2358683626199252,19.902535029286586,19.902535029286582,396.1109005919795,913,
top_k_15_features,2025-03-05,2024_25,0022400898,LAC,DET,238,219.5,4.456015673761183,223.9560156737612,4.456015673761186,14.043984326238817,14.043984326238814,197.23349575564146,913,
top_k_15_features,2025-03-05,2024_25,0022400896,DEN,SAC,226,237.0,1.5343981321749274,238.5343981321749,1.534398132174914,-12.534398132174928,12.534398132174914,157.11113653586997,913,
top_k_15_features,2025-03-06,2024_25,0022400899,ATL,IND,242,247.16666666666666,0.8649587502241364,248.0316254168908,0.8649587502241332,-6.031625416890794,6.03162541689079,36.380505169683,921,
top_k_15_features,2025-03-06,2024_25,0022400900,BOS,PHI,228,221.83333333333334,0.5652900689850227,222.39862340231838,0.5652900689850355,5.601376597681634,5.601376597681622,31.37541978905534,921,
top_k_15_features,2025-03-06,2024_25,0022400901,BKN,GSW,240,224.5,-0.3949055307531386,224.10509446924686,-0.3949055307531353,15.894905530753139,15.894905530753135,252.6480218315666,921,
top_k_15_features,2025-03-06,2024_25,0022400902,NOP,HOU,206,228.33333333333334,-1.1447028360303872,227.18863049730297,-1.1447028360303761,-21.188630497302956,21.188630497302967,448.95806235123734,921,
top_k_15_features,2025-03-06,2024_25,0022400903,LAL,NYK,222,229.66666666666666,2.2588886584105916,231.92555532507726,2.258888658410598,-9.925555325077248,9.925555325077255,98.51664851116945,921,
top_k_15_features,2025-03-06,2024_25,0022400944,ORL,CHI,248,219.16666666666666,-4.194495877918283,214.97217078874837,-4.1944958779182855,33.02782921125163,33.02782921125163,1090.8375024076063,921,
top_k_15_features,2025-03-07,2024_25,0022400907,MIA,MIN,210,216.16666666666666,-0.021694638406906344,216.14497202825976,-0.021694638406899003,-6.144972028259751,6.144972028259758,37.760681228094846,927,
top_k_15_features,2025-03-07,2024_25,0022400904,CHA,CLE,235,234.33333333333334,0.7077141660136675,235.041047499347,0.707714166013659,-0.04104749934701035,0.041047499347001803,0.0016848972026421135,927,
top_k_15_features,2025-03-07,2024_25,0022400905,TOR,UTA,227,229.83333333333334,-3.9644395127372056,225.86889382059613,-3.964439512737215,1.1311061794038628,1.1311061794038721,1.2794011890856245,927,
top_k_15_features,2025-03-07,2024_25,0022400906,DAL,MEM,233,239.33333333333334,-5.957773079130547,233.3755602542028,-5.957773079130533,-0.3755602542027958,0.37556025420281003,0.14104550453687928,927,
top_k_15_features,2025-03-07,2024_25,0022400911,LAC,NYK,200,220.16666666666666,-2.7156001217393833,217.45106654492727,-2.715600121739385,-17.451066544927272,17.451066544927272,304.5397235554799,927,
top_k_15_features,2025-03-07,2024_25,0022400909,DEN,PHX,290,237.5,1.4977051222426498,238.99770512224265,1.4977051222426496,51.00229487775735,51.00229487775735,2601.2340827977137,927,
top_k_15_features,2025-03-07,2024_25,0022400910,SAC,SAS,236,235.66666666666666,3.5877828367904474,239.2544495034571,3.5877828367904385,-3.2544495034571046,3.2544495034570957,10.591441570552137,927,
top_k_15_features,2025-03-07,2024_25,0022400908,OKC,POR,196,227.0,0.7137381901628138,227.71373819016281,0.7137381901628146,-31.713738190162815,31.713738190162815,1005.7611899941913,927,
top_k_15_features,2025-03-08,2024_25,0022400917,MIL,ORL,220,217.83333333333334,1.1856060520872282,219.01893938542057,1.1856060520872234,0.981060614579429,0.9810606145794338,0.9624799294789764,935,
top_k_15_features,2025-03-08,2024_25,0022400919,GSW,DET,225,233.33333333333334,2.573050477276371,235.90638381060973,2.5730504772763823,-10.906383810609714,10.906383810609725,118.9492078243299,935,
top_k_15_features,2025-03-08,2024_25,0022400916,MIA,CHI,223,226.33333333333334,-1.8696376539030455,224.4636956794303,-1.8696376539030553,-1.4636956794302973,1.4636956794302876,2.142405041982891,935,
top_k_15_features,2025-03-08,2024_25,0022400918,BOS,LAL,212,226.5,-0.4467026621973117,226.0532973378027,-0.4467026621973105,-14.053297337802688,14.05329733780269,197.49516606469217,935,
top_k_15_features,2025-03-08,2024_25,0022400914,ATL,IND,238,243.33333333333334,1.388593422732348,244.7219267560657,1.388593422732356,-6.721926756065691,6.721926756065699,45.18429931391193,935,
top_k_15_features,2025-03-08,2024_25,0022400913,HOU,NOP,263,229.66666666666666,-3.383155656894958,226.2835110097717,-3.3831556568949566,36.7164889902283,36.7164889902283,1348.100563769556,935,
top_k_15_features,2025-03-08,2024_25,0022400915,TOR,WAS,235,222.66666666666666,2.3264982545358075,224.99316492120246,2.3264982545358066,10.006835078797536,10.006835078797536,100.1367482942529,935,
top_k_15_features,2025-03-08,2024_25,0022400912,CHA,BKN,207,212.66666666666666,-1.0672052039017863,211.59946146276488,-1.0672052039017785,-4.599461462764871,4.599461462764879,21.155045747459237,935,
top_k_15_features,2025-03-09,2024_25,0022400923,NOP,MEM,211,240.16666666666666,-0.6267286157322773,239.53993805093438,-0.6267286157322758,-28.53993805093438,28.53993805093438,814.5280639511722,943,
top_k_15_features,2025-03-09,2024_25,0022400920,OKC,DEN,230,240.66666666666666,-0.9461815996432938,239.72048506702336,-0.9461815996432961,-9.720485067023363,9.720485067023361,94.48782993822415,943,
top_k_15_features,2025-03-09,2024_25,0022400921,DAL,PHX,241,228.83333333333334,-4.902070977185716,223.9312623561476,-4.90207097718573,17.068737643852373,17.068737643852387,291.34180475466354,943,
top_k_15_features,2025-03-09,2024_25,0022400922,MIL,CLE,212,237.83333333333334,2.7746658381064786,240.60799917143981,2.774665838106472,-28.607999171439822,28.607999171439815,818.4176165931011,943,
top_k_15_features,2025-03-09,2024_25,0022400924,PHI,UTA,248,225.33333333333334,0.35849916249275215,225.6918324958261,0.3584991624927625,22.308167504173905,22.308167504173895,497.65433739428016,943,
top_k_15_features,2025-03-09,2024_25,0022400926,POR,DET,231,232.16666666666666,0.09406011946710804,232.26072678613377,0.09406011946711601,-1.2607267861337652,1.2607267861337732,1.5894320292751927,943,
top_k_15_features,2025-03-09,2024_25,0022400925,MIN,SAS,265,233.0,1.02350565940504,234.02350565940503,1.023505659405032,30.97649434059496,30.976494340594968,959.5432016329121,943,
top_k_15_features,2025-03-09,2024_25,0022400927,LAC,SAC,221,220.83333333333334,3.920415628813424,224.75374896214677,3.92041562881343,-3.753748962146767,3.753748962146773,14.090631270817974,943,
top_k_15_features,2025-03-10,2024_25,0022400931,MIA,CHA,207,216.33333333333334,2.209852058127156,218.5431853914605,2.2098520581271544,-11.543185391460499,11.543185391460497,133.24512898162703,951,
top_k_15_features,2025-03-10,2024_25,0022400933,CHI,IND,224,241.5,-0.3166584253012503,241.18334157469874,-0.3166584253012559,-17.18334157469875,17.183341574698744,295.26722767277033,951,
top_k_15_features,2025-03-10,2024_25,0022400928,ATL,PHI,255,234.5,0.7004429178851285,235.20044291788514,0.700442917885141,19.799557082114873,19.79955708211486,392.0224606479247,951,
top_k_15_features,2025-03-10,2024_25,0022400929,BOS,UTA,222,228.66666666666666,0.2895399806647574,228.9562066473314,0.28953998066475606,-6.956206647331415,6.956206647331413,48.38881092037774,951,
top_k_15_features,2025-03-10,2024_25,0022400932,TOR,WAS,223,232.16666666666666,1.6503589484078074,233.81702561507447,1.6503589484078134,-10.817025615074465,10.81702561507447,117.00804315717723,951,
top_k_15_features,2025-03-10,2024_25,0022400939,SAC,NYK,237,220.83333333333334,-3.773683370950216,217.05964996238313,-3.7736833709502093,19.940350037616874,19.940350037616867,397.617559622687,951,
top_k_15_features,2025-03-10,2024_25,0022400934,HOU,ORL,181,213.5,-0.2229942537728211,213.2770057462272,-0.22299425377281068,-32.27700574622718,32.27700574622719,1041.805099941983,951,
top_k_15_features,2025-03-10,2024_25,0022400936,OKC,DEN,267,238.5,1.737973000874845,240.23797300087483,1.737973000874831,26.762026999125155,26.76202699912517,716.2060891019045,951,
top_k_15_features,2025-03-10,2024_25,0022400937,SAS,DAL,262,229.33333333333334,-1.1752177300511013,228.15811560328225,-1.175217730051088,33.84188439671776,33.841884396717745,1145.273139520808,951,
top_k_15_features,2025-03-10,2024_25,0022400938,GSW,POR,250,230.5,0.8847894918400084,231.38478949184,0.8847894918399959,18.61521050815999,18.615210508160004,346.52606226311065,951,
top_k_15_features,2025-03-10,2024_25,0022400935,MEM,PHX,238,242.66666666666666,0.21342583698148251,242.88009250364814,0.21342583698148587,-4.8800925036481395,4.880092503648143,23.8153028441628,951,
top_k_15_features,2025-03-10,2024_25,0022400930,BKN,LAL,219,215.66666666666666,2.954220143248598,218.62088680991525,2.954220143248591,0.37911319008474464,0.37911319008475175,0.14372681089623712,951,
top_k_15_features,2025-03-11,2024_25,0022400943,NOP,LAC,247,224.5,2.900897693808217,227.40089769380822,2.9008976938082185,19.59910230619178,19.59910230619178,384.124811208572,963,
top_k_15_features,2025-03-11,2024_25,0022400942,IND,MIL,229,234.0,1.540046292762708,235.5400462927627,1.5400462927626961,-6.5400462927627085,6.540046292762696,42.772205511479086,963,
top_k_15_features,2025-03-11,2024_25,0022400941,DET,WAS,226,234.5,1.3788728587914052,235.8788728587914,1.3788728587913965,-9.878872858791405,9.878872858791397,97.5921289601653,963,
top_k_15_features,2025-03-11,2024_25,0022400940,CLE,BKN,213,227.0,0.13243206402830737,227.1324320640283,0.13243206402830765,-14.132432064028308,14.132432064028308,199.72563604437542,963,
top_k_15_features,2025-03-12,2024_25,0022400948,MIA,LAC,223,209.5,1.9789717926824624,211.47897179268247,1.9789717926824721,11.521028207317539,11.521028207317528,132.73409095380612,967,
top_k_15_features,2025-03-12,2024_25,0022400950,MEM,UTA,237,246.83333333333334,-3.1304870213225087,243.70284631201082,-3.130487021322523,-6.702846312010834,6.70284631201082,44.92814868243705,967,
top_k_15_features,2025-03-12,2024_25,0022400953,POR,NYK,227,226.66666666666666,2.9338681473331536,229.60053481399981,2.9338681473331576,-2.600534813999811,2.600534813999815,6.762781318825051,967,
top_k_15_features,2025-03-12,2024_25,0022400951,SAS,DAL,242,237.5,4.438388101996096,241.93838810199608,4.4383881019960825,0.06161189800390421,0.06161189800391753,0.003796025975645137,967,
top_k_15_features,2025-03-12,2024_25,0022400949,HOU,PHX,215,228.66666666666666,-6.089058646796296,222.57760801987035,-6.089058646796303,-7.577608019870361,7.577608019870354,57.4201433028035,967,
top_k_15_features,2025-03-12,2024_25,0022400952,DEN,MIN,210,235.33333333333334,1.3005588316352579,236.63389216496861,1.3005588316352714,-26.6338921649686,26.633892164968614,709.3642118551766,967,
top_k_15_features,2025-03-12,2024_25,0022400947,TOR,PHI,223,219.33333333333334,-5.410393248046494,213.92294008528685,-5.410393248046489,9.07705991471315,9.077059914713146,82.39301669529223,967,
top_k_15_features,2025-03-12,2024_25,0022400946,BOS,OKC,230,228.0,-0.9042299986996981,227.0957700013003,-0.9042299986996909,2.904229998699698,2.904229998699691,8.434551885347206,967,
top_k_15_features,2025-03-12,2024_25,0022400945,ATL,CHA,233,233.66666666666666,-1.861171944678548,231.8054947219881,-1.8611719446785457,1.1945052780118908,1.1945052780118885,1.4268428591982592,967,
top_k_15_features,2025-03-13,2024_25,0022400954,DET,WAS,254,235.33333333333334,-3.617912224801803,231.71542110853153,-3.617912224801813,22.28457889146846,22.28457889146847,496.6024563700821,976,
top_k_15_features,2025-03-13,2024_25,0022400955,MIL,LAL,232,225.5,1.747297349511628,227.24729734951163,1.7472973495116264,4.752702650488372,4.752702650488374,22.588182483959212,976,
top_k_15_features,2025-03-13,2024_25,0022400956,CHI,BKN,226,230.0,1.5913391092115885,231.5913391092116,1.5913391092115887,-5.591339109211589,5.591339109211589,31.263073034199042,976,
top_k_15_features,2025-03-13,2024_25,0022400957,GSW,SAC,234,233.5,-0.4467315451310812,233.0532684548689,-0.4467315451310867,0.9467315451310812,0.9467315451310867,0.8963006185462948,976,
top_k_15_features,2025-03-13,2024_25,0022401141,NOP,ORL,206,217.16666666666666,1.487904645089033,218.6545713117557,1.4879046450890314,-12.65457131175569,12.654571311755689,160.1381750843101,976,
top_k_15_features,2025-03-14,2024_25,0022400958,MIA,BOS,194,216.16666666666666,2.557569744873072,218.72423641153972,2.5575697448730637,-24.724236411539728,24.72423641153972,611.2878661337065,981,
top_k_15_features,2025-03-14,2024_25,0022400965,DEN,LAL,257,231.5,-1.5378472341524845,229.96215276584752,-1.5378472341524798,27.037847234152483,27.03784723415248,731.0451830573669,981,
top_k_15_features,2025-03-14,2024_25,0022400959,PHI,IND,212,232.83333333333334,3.1138176876558945,235.94715102098922,3.1138176876558816,-23.94715102098924,23.947151020989224,573.4660420220653,981,
top_k_15_features,2025-03-14,2024_25,0022400962,MEM,CLE,257,244.16666666666666,0.40862702176860816,244.57529368843527,0.4086270217686092,12.424706311564735,12.424706311564734,154.37332692863652,981,
top_k_15_features,2025-03-14,2024_25,0022400960,ATL,LAC,219,232.33333333333334,1.2117559861609102,233.54508931949425,1.2117559861609095,-14.545089319494252,14.545089319494252,211.55962331206578,981,
top_k_15_features,2025-03-14,2024_25,0022400966,UTA,TOR,244,231.83333333333334,1.2956068957997289,233.12894022913306,1.2956068957997218,10.871059770866928,10.871059770866935,118.17994054176147,981,
top_k_15_features,2025-03-14,2024_25,0022400964,SAS,CHA,279,230.0,0.8986523787187264,230.89865237871874,0.8986523787187366,48.10134762128127,48.10134762128126,2313.7396429833407,981,
top_k_15_features,2025-03-14,2024_25,0022400963,MIN,ORL,229,208.5,-1.2894251257884972,207.21057487421152,-1.2894251257884832,21.789425125788497,21.789425125788483,474.77904731234247,981,
top_k_15_features,2025-03-14,2024_25,0022400967,PHX,SAC,228,235.33333333333334,-1.625164135228672,233.70816919810468,-1.6251641352286583,-5.70816919810467,5.7081691981046845,32.583195594191075,981,
top_k_15_features,2025-03-14,2024_25,0022400961,HOU,DAL,229,223.66666666666666,1.5510628915888403,225.21772955825548,1.5510628915888276,3.7822704417445028,3.782270441744515,14.30556969449425,981,
top_k_15_features,2025-03-15,2024_25,0022400968,BKN,BOS,228,214.83333333333334,0.8182971414956313,215.65163047482898,0.8182971414956342,12.348369525171027,12.348369525171023,152.48222993017242,991,
top_k_15_features,2025-03-15,2024_25,0022400975,DEN,WAS,249,239.33333333333334,1.2366667447113258,240.57000007804467,1.2366667447113286,8.429999921955332,8.429999921955329,71.06489868416685,991,
top_k_15_features,2025-03-15,2024_25,0022400974,GSW,NYK,191,229.5,-1.9442675734933976,227.5557324265066,-1.9442675734933914,-36.5557324265066,36.55573242650661,1336.3215732383467,991,
top_k_15_features,2025-03-15,2024_25,0022400973,SAS,NOP,234,237.5,5.947443481834237,243.44744348183423,5.947443481834227,-9.447443481834238,9.447443481834227,89.25418834245203,991,
top_k_15_features,2025-03-15,2024_25,0022400972,MIL,IND,245,235.5,0.6966450328392532,236.19664503283926,0.6966450328392568,8.803354967160747,8.803354967160743,77.49905867783373,991,
top_k_15_features,2025-03-15,2024_25,0022400971,MEM,MIA,216,228.0,-1.1032718477716013,226.8967281522284,-1.1032718477715946,-10.896728152228398,10.896728152228405,118.73868442356708,991,
top_k_15_features,2025-03-15,2024_25,0022400969,DET,OKC,220,234.5,-2.702100261115505,231.7978997388845,-2.702100261115504,-11.797899738884496,11.797899738884496,139.19043824877085,991,
top_k_15_features,2025-03-15,2024_25,0022400970,HOU,CHI,231,231.33333333333334,1.922784605335706,233.25611793866904,1.9227846053356927,-2.256117938669049,2.2561179386690355,5.090068153184218,991,
top_k_15_features,2025-03-16,2024_25,0022400977,LAL,PHX,203,229.66666666666666,-2.815690947195846,226.85097571947082,-2.815690947195833,-23.85097571947081,23.850975719470824,568.8690427707868,999,
top_k_15_features,2025-03-16,2024_25,0022400978,BKN,ATL,236,229.0,2.348019517716602,231.3480195177166,2.348019517716608,4.651980482283398,4.651980482283392,21.64092240754562,999,
top_k_15_features,2025-03-16,2024_25,0022400976,DAL,PHI,255,224.83333333333334,-4.422857011884275,220.41047632144907,-4.422857011884275,34.58952367855093,34.58952367855093,1196.4351483090356,999,
top_k_15_features,2025-03-16,2024_25,0022400538,LAC,CHA,211,221.5,3.297341841171107,224.79734184117112,3.297341841171118,-13.797341841171107,13.797341841171118,190.3666418821312,999,
top_k_15_features,2025-03-16,2024_25,0022400982,MIL,OKC,226,231.5,-0.5400732324627592,230.95992676753724,-0.5400732324627597,-4.959926767537241,4.95992676753724,24.60087353933242,999,
top_k_15_features,2025-03-16,2024_25,0022400981,MIN,UTA,230,231.5,-1.5991561899713127,229.90084381002868,-1.5991561899713247,0.0991561899713127,0.09915618997132469,0.009831950009629432,999,
top_k_15_features,2025-03-16,2024_25,0022400980,POR,TOR,207,228.66666666666666,1.1191994833871384,229.7858661500538,1.119199483387149,-22.785866150053796,22.785866150053806,519.1956962081679,999,
top_k_15_features,2025-03-16,2024_25,0022400979,CLE,ORL,211,219.5,0.5406769152860766,220.04067691528607,0.5406769152860704,-9.040676915286078,9.04067691528607,81.73383908658646,999,
top_k_15_features,2025-03-17,2024_25,0022400987,NOP,DET,208,233.16666666666666,1.962373610613914,235.12904027728058,1.9623736106139233,-27.12904027728057,27.12904027728058,735.984826366312,1007,
top_k_15_features,2025-03-17,2024_25,0022400985,HOU,PHI,281,222.5,0.7267297092732433,223.22672970927323,0.7267297092732292,57.77327029072676,57.77327029072677,3337.7507600853723,1007,
top_k_15_features,2025-03-17,2024_25,0022400537,LAL,SAS,234,229.33333333333334,-1.2649297400519612,228.06840359328137,-1.2649297400519686,5.931596406718619,5.931596406718626,35.18383593219731,1007,
top_k_15_features,2025-03-17,2024_25,0022400984,NYK,MIA,211,212.0,2.0902036227344967,214.0902036227345,2.0902036227344922,-3.0902036227344967,3.0902036227344922,9.54935842996138,1007,
top_k_15_features,2025-03-17,2024_25,0022400986,MIN,IND,262,229.0,1.1772128739862189,230.1772128739862,1.1772128739862069,31.822787126013782,31.822787126013793,1012.6897804675892,1007,
top_k_15_features,2025-03-17,2024_25,0022400995,POR,WAS,209,231.33333333333334,-1.6509418619910528,229.6823914713423,-1.6509418619910434,-20.68239147134229,20.6823914713423,427.7613169738527,1007,
top_k_15_features,2025-03-17,2024_25,0022400989,UTA,CHI,208,240.16666666666666,-1.385967303467086,238.78069936319957,-1.3859673034670834,-30.78069936319957,30.780699363199574,947.4514532876747,1007,
top_k_15_features,2025-03-17,2024_25,0022400990,GSW,DEN,219,236.5,1.902085886458262,238.40208588645825,1.9020858864582522,-19.402085886458263,19.402085886458252,376.4409367455025,1007,
top_k_15_features,2025-03-17,2024_25,0022400992,SAC,MEM,254,239.83333333333334,1.5349331376857958,241.36826647101913,1.5349331376857833,12.631733528980861,12.631733528980874,159.5606919471796,1007,
top_k_15_features,2025-03-17,2024_25,0022400991,PHX,TOR,218,227.5,1.168081283753453,228.66808128375345,1.1680812837534518,-10.668081283753454,10.668081283753452,113.80795827677069,1007,
top_k_15_features,2025-03-18,2024_25,0022400993,CHA,ATL,236,236.66666666666666,3.8532008279174033,240.51986749458405,3.853200827917391,-4.5198674945840605,4.519867494584048,20.42920216859748,1017,
top_k_15_features,2025-03-18,2024_25,0022400994,BOS,BKN,200,215.5,3.210429737599484,218.7104297375995,3.2104297375994975,-18.710429737599483,18.710429737599497,350.08018096564757,1017,
top_k_15_features,2025-03-18,2024_25,0022400997,LAC,CLE,251,231.33333333333334,2.114265461512567,233.4475987948459,2.1142654615125593,17.55240120515409,17.552401205154098,308.086788066695,1017,
top_k_15_features,2025-03-18,2024_25,0022401012,GSW,MIL,197,230.33333333333334,-0.6020561162119564,229.73127721712137,-0.6020561162119691,-32.73127721712139,32.731277217121374,1071.3365082640487,1017,
top_k_15_features,2025-03-19,2024_25,0022401001,MIN,NOP,234,228.5,-2.93995673507762,225.56004326492237,-2.9399567350776294,8.43995673507762,8.43995673507763,71.23286968998224,1021,
top_k_15_features,2025-03-19,2024_25,0022400627,UTA,WAS,240,234.33333333333334,-3.913010096226797,230.42032323710654,-3.913010096226799,9.579676762893454,9.579676762893456,91.77020688152085,1021,
top_k_15_features,2025-03-19,2024_25,0022400998,IND,DAL,266,234.33333333333334,3.4506604698365866,237.78399380316992,3.4506604698365777,28.216006196830072,28.21600619683008,796.1430056995534,1021,
top_k_15_features,2025-03-19,2024_25,0022400999,ORL,HOU,224,211.0,4.0088496161432285,215.00884961614324,4.008849616143237,8.991150383856771,8.991150383856763,80.8407852251276,1021,
top_k_15_features,2025-03-19,2024_25,0022401000,MIA,DET,229,218.0,1.212446389284738,219.21244638928474,1.212446389284736,9.787553610715262,9.787553610715264,95.7962056826254,1021,
top_k_15_features,2025-03-19,2024_25,0022401009,SAC,CLE,242,235.5,2.8787586985133706,238.37875869851337,2.8787586985133657,3.6212413014866294,3.6212413014866343,13.113388563592613,1021,
top_k_15_features,2025-03-19,2024_25,0022401002,OKC,PHI,233,229.16666666666666,4.372574212332037,233.5392408789987,4.37257421233204,-0.5392408789986938,0.5392408789986973,0.2907807255832877,1021,
top_k_15_features,2025-03-19,2024_25,0022401006,LAL,DEN,228,233.0,2.621506498908931,235.62150649890893,2.6215064989089285,-7.621506498908931,7.6215064989089285,58.087361312911035,1021,
top_k_15_features,2025-03-19,2024_25,0022401008,POR,MEM,214,235.5,0.7901999786440566,236.29019997864407,0.7901999786440683,-22.290199978644058,22.29019997864407,496.853015087944,1021,
top_k_15_features,2025-03-19,2024_25,0022401003,SAS,NYK,225,231.0,2.543046608002439,233.54304660800244,2.5430466080024416,-8.543046608002438,8.543046608002442,72.98364534650203,1021,
top_k_15_features,2025-03-19,2024_25,0022401007,PHX,CHI,248,235.33333333333334,1.417452936572086,236.75078626990543,1.41745293657209,11.24921373009457,11.249213730094567,126.54480954534813,1021,
top_k_15_features,2025-03-20,2024_25,0022401013,SAC,CHI,244,234.66666666666666,0.3971512926764904,235.06381795934314,0.3971512926764831,8.936182040656853,8.93618204065686,79.8553494637582,1032,
top_k_15_features,2025-03-20,2024_25,0022401011,IND,BKN,204,226.33333333333334,0.8612037842217898,227.19453711755514,0.8612037842218001,-23.194537117555132,23.194537117555143,537.9865520976432,1032,
top_k_15_features,2025-03-20,2024_25,0022401010,CHA,NYK,213,222.0,1.831901338771841,223.83190133877184,1.8319013387718428,-10.831901338771841,10.831901338771843,117.33008661288724,1032,
top_k_15_features,2025-03-20,2024_25,0022401005,GSW,TOR,231,226.0,1.6241554880311895,227.6241554880312,1.6241554880311924,3.3758445119688103,3.3758445119688076,11.396326168989917,1032,
top_k_15_features,2025-03-20,2024_25,0022400996,LAL,MIL,207,225.66666666666666,-0.7923470875062323,224.8743195791604,-0.7923470875062435,-17.874319579160424,17.874319579160414,319.4913004179573,1032,
top_k_15_features,2025-03-21,2024_25,0022401018,SAS,PHI,248,239.33333333333334,0.9491127903848376,240.2824461237182,0.9491127903848451,7.717553876281819,7.717553876281812,59.56063783331243,1037,
top_k_15_features,2025-03-21,2024_25,0022401015,MIA,HOU,200,214.5,4.111787422263038,218.61178742226303,4.111787422263035,-18.61178742226304,18.611787422263035,346.3986310515085,1037,
top_k_15_features,2025-03-21,2024_25,0022401016,MIN,NOP,227,229.0,-1.9704950327189084,227.0295049672811,-1.970495032718901,-0.029504967281091643,0.02950496728109897,0.0008705430942587208,1037,
top_k_15_features,2025-03-21,2024_25,0022401017,OKC,CHA,247,227.16666666666666,-0.7582833064064649,226.4083833602602,-0.7582833064064687,20.591616639739808,20.59161663973981,424.0146758380095,1037,
top_k_15_features,2025-03-21,2024_25,0022401014,WAS,ORL,225,215.83333333333334,2.365938208533695,218.19927154186703,2.3659382085336915,6.800728458132962,6.800728458132966,46.24990756125958,1037,
top_k_15_features,2025-03-21,2024_25,0022401020,UTA,BOS,220,228.0,-2.3328615462032847,225.66713845379672,-2.332861546203276,-5.667138453796715,5.667138453796724,32.116458254501524,1037,
top_k_15_features,2025-03-21,2024_25,0022401021,PHX,CLE,235,239.33333333333334,-0.37734655990024957,238.9559867734331,-0.37734655990024635,-3.9559867734330934,3.9559867734330965,15.649831351577602,1037,
top_k_15_features,2025-03-21,2024_25,0022401022,POR,DEN,237,225.5,-2.9535546768478467,222.54644532315214,-2.953554676847858,14.453554676847848,14.453554676847858,208.9052427966306,1037,
top_k_15_features,2025-03-21,2024_25,0022401023,LAC,MEM,236,231.33333333333334,1.6472900005427185,232.98062333387605,1.6472900005427107,3.0193766661239385,3.0193766661239465,9.116635451933758,1037,
top_k_15_features,2025-03-21,2024_25,0022401019,DAL,DET,240,235.66666666666666,2.742024560195379,238.40869122686203,2.742024560195375,1.5913087731379636,1.5913087731379676,2.5322636114658637,1037,
top_k_15_features,2025-03-22,2024_25,0022401024,IND,BKN,211,221.0,0.26107890581251153,221.26107890581252,0.2610789058125249,-10.26107890581251,10.261078905812525,105.28974031131077,1047,
top_k_15_features,2025-03-22,2024_25,0022401025,ATL,GSW,239,229.5,-0.2768091565926109,229.2231908434074,-0.27680915659260563,9.776809156592611,9.776809156592606,95.58599728443302,1047,
top_k_15_features,2025-03-22,2024_25,0022401026,NYK,WAS,225,222.66666666666666,3.296895686991032,225.9635623536577,3.2968956869910357,-0.9635623536576894,0.9635623536576929,0.9284524093863529,1047,
top_k_15_features,2025-03-22,2024_25,0022401027,SAC,MIL,222,226.33333333333334,2.7371733172128443,229.07050665054618,2.737173317212836,-7.0705066505461875,7.070506650546179,49.99206429541774,1047,
top_k_15_features,2025-03-22,2024_25,0022401028,LAL,CHI,261,233.5,-0.16941360691717244,233.33058639308283,-0.16941360691717477,27.66941360691717,27.669413606917175,765.5964493506533,1047,
top_k_15_features,2025-03-23,2024_25,0022401030,UTA,CLE,211,237.33333333333334,-2.016203158702878,235.31713017463048,-2.016203158702865,-24.317130174630464,24.317130174630478,591.3228199299241,1052,
top_k_15_features,2025-03-23,2024_25,0022401032,MIA,CHA,227,211.83333333333334,-4.962529661301296,206.87080367203205,-4.962529661301289,20.129196327967954,20.129196327967946,405.1845448098783,1052,
top_k_15_features,2025-03-23,2024_25,0022401029,DET,NOP,266,230.33333333333334,-4.912070541334838,225.42126279199852,-4.912070541334828,40.5787372080015,40.578737208001485,1646.6339133960441,1052,
top_k_15_features,2025-03-23,2024_25,0022401031,ATL,PHI,251,237.66666666666666,1.0815177835838408,238.7481844502505,1.0815177835838483,12.251815549749502,12.251815549749494,150.1069842650835,1052,
top_k_15_features,2025-03-23,2024_25,0022401034,POR,BOS,245,220.5,1.179062108418286,221.6790621084183,1.179062108418293,23.320937891581714,23.320937891581707,543.8661441430114,1052,
top_k_15_features,2025-03-23,2024_25,0022401033,TOR,SAS,212,234.5,-0.9810598983645988,233.5189401016354,-0.9810598983646059,-21.5189401016354,21.518940101635394,463.0647830977719,1052,
top_k_15_features,2025-03-23,2024_25,0022401035,HOU,DEN,227,227.16666666666666,-1.52499820258421,225.64166846408244,-1.5249982025842144,1.3583315359175527,1.3583315359175572,1.84506456146815,1052,
top_k_15_features,2025-03-23,2024_25,0022401036,LAC,OKC,204,228.5,3.0065397826448805,231.5065397826449,3.006539782644893,-27.50653978264488,27.506539782644893,756.6097308142262,1052,
top_k_15_features,2025-03-24,2024_25,0022401044,SAC,BOS,208,225.0,3.004614804324212,228.0046148043242,3.0046148043242056,-20.004614804324213,20.004614804324206,400.18461346938716,1060,
top_k_15_features,2025-03-24,2024_25,0022401042,DEN,CHI,248,239.33333333333334,0.5916936630917095,239.92502699642506,0.5916936630917178,8.074973003574948,8.07497300357494,65.20518900846407,1060,
top_k_15_features,2025-03-24,2024_25,0022401041,NOP,PHI,211,233.0,-1.8424283157188543,231.15757168428115,-1.8424283157188484,-20.157571684281145,20.15757168428115,406.32769620693324,1060,
top_k_15_features,2025-03-24,2024_25,0022401043,PHX,MIL,214,225.5,2.526774281286052,228.02677428128607,2.526774281286066,-14.026774281286052,14.026774281286066,196.75039673814823,1060,
top_k_15_features,2025-03-24,2024_25,0022401039,WAS,TOR,216,227.66666666666666,3.0652972104675373,230.7319638771342,3.0652972104675484,-14.731963877134195,14.731963877134206,217.0307596771871,1060,
top_k_15_features,2025-03-24,2024_25,0022401038,ORL,LAL,224,215.83333333333334,3.2703154974662314,219.10364883079959,3.2703154974662425,4.896351169200425,4.896351169200415,23.97425477213027,1060,
top_k_15_features,2025-03-24,2024_25,0022401037,IND,MIN,222,231.16666666666666,1.8147112951309785,232.98137796179765,1.8147112951309907,-10.981377961797635,10.981377961797648,120.59066193985507,1060,
top_k_15_features,2025-03-24,2024_25,0022401040,BKN,DAL,221,218.83333333333334,2.9701711054545346,221.80350443878788,2.97017110545454,-0.8035044387878774,0.8035044387878827,0.6456193831518303,1060,
top_k_15_features,2025-03-25,2024_25,0022401052,SAC,OKC,226,231.33333333333334,-2.5410724075585778,228.79226092577477,-2.5410724075585733,-2.792260925774765,2.7922609257747695,7.796721077608573,1068,
top_k_15_features,2025-03-25,2024_25,0022401050,UTA,MEM,243,240.5,-2.457921590860678,238.04207840913932,-2.4579215908606784,4.957921590860678,4.957921590860678,24.58098650112248,1068,
top_k_15_features,2025-03-25,2024_25,0022401049,HOU,ATL,235,234.5,-1.9553329971141262,232.5446670028859,-1.9553329971141125,2.4553329971141262,2.4553329971141125,6.02866012671737,1068,
top_k_15_features,2025-03-25,2024_25,0022401051,POR,CLE,233,232.0,2.115771981973385,234.11577198197338,2.1157719819733813,-1.115771981973385,1.1157719819733813,1.2449471157568077,1068,
top_k_15_features,2025-03-25,2024_25,0022401047,MIA,GSW,198,218.16666666666666,0.7313469110492534,218.89801357771591,0.7313469110492576,-20.89801357771591,20.898013577715915,436.72697149439875,1068,
top_k_15_features,2025-03-25,2024_25,0022401046,DET,SAS,218,235.16666666666666,1.1291490562605717,236.29581572292722,1.1291490562605588,-18.29581572292723,18.295815722927216,334.7368729673107,1068,
top_k_15_features,2025-03-25,2024_25,0022401045,CHA,ORL,215,213.16666666666666,1.9436948399368552,215.1103615066035,1.9436948399368532,-0.1103615066035124,0.1103615066035104,0.012179662139796672,1068,
top_k_15_features,2025-03-25,2024_25,0022401048,NYK,DAL,241,224.5,1.1480697599139706,225.64806975991397,1.148069759913966,15.351930240086029,15.351930240086034,235.68176209646802,1068,
top_k_15_features,2025-03-26,2024_25,0022401057,DEN,MIL,244,225.33333333333334,4.686526264700039,230.01985959803338,4.686526264700035,13.980140401966619,13.980140401966622,195.44432565869948,1076,
top_k_15_features,2025-03-26,2024_25,0022401056,NYK,LAC,239,217.5,2.946135410475649,220.44613541047565,2.946135410475648,18.553864589524352,18.553864589524352,344.24589120640564,1076,
top_k_15_features,2025-03-26,2024_25,0022401058,PHX,BOS,234,221.66666666666666,1.433754787320689,223.10042145398734,1.4337547873206802,10.899578546012654,10.899578546012663,118.8008124806995,1076,
top_k_15_features,2025-03-26,2024_25,0022401054,BKN,TOR,202,214.66666666666666,3.876705748860521,218.5433724155272,3.8767057488605303,-16.543372415527177,16.543372415527188,273.6831708788259,1076,
top_k_15_features,2025-03-26,2024_25,0022401053,PHI,WAS,233,230.16666666666666,1.8748231956608614,232.04148986232752,1.8748231956608663,0.9585101376724814,0.9585101376724765,0.9187416840209098,1076,
top_k_15_features,2025-03-26,2024_25,0022401055,IND,LAL,239,235.33333333333334,-0.6793269795056892,234.65400635382764,-0.6793269795057029,4.345993646172347,4.34599364617236,18.887660772570523,1076,
top_k_15_features,2025-03-27,2024_25,0022401066,SAC,POR,235,225.66666666666666,2.367505698627252,228.0341723652939,2.367505698627241,6.965827634706091,6.965827634706102,48.52275463643521,1082,
top_k_15_features,2025-03-27,2024_25,0022401065,UTA,HOU,231,227.83333333333334,-1.684637343164446,226.1486959901689,-1.6846373431644395,4.851304009831103,4.851304009831097,23.535150595803277,1082,
top_k_15_features,2025-03-27,2024_25,0022401064,OKC,MEM,229,237.83333333333334,3.7677586378759793,241.6010919712093,3.7677586378759713,-12.601091971209321,12.601091971209314,158.78751886687584,1082,
top_k_15_features,2025-03-27,2024_25,0022401063,CHI,LAL,236,237.83333333333334,0.5227682996450548,238.3561016329784,0.5227682996450653,-2.3561016329783975,2.356101632978408,5.551214904923522,1082,
top_k_15_features,2025-03-27,2024_25,0022401059,CLE,SAS,240,238.66666666666666,2.283774270451361,240.95044093711803,2.2837742704513744,-0.9504409371180182,0.9504409371180316,0.9033379749498021,1082,
top_k_15_features,2025-03-27,2024_25,0022401061,WAS,IND,271,234.5,1.6415599681336321,236.14155996813363,1.6415599681336346,34.858440031866365,34.858440031866365,1215.1108414552236,1082,
top_k_15_features,2025-03-27,2024_25,0022401060,ORL,DAL,193,218.5,2.290799972464838,220.79079997246484,2.290799972464839,-27.79079997246484,27.79079997246484,772.3285631095517,1082,
top_k_15_features,2025-03-27,2024_25,0022401062,MIA,ATL,234,228.0,0.788894746119353,228.78889474611935,0.7888947461193538,5.211105253880647,5.211105253880646,27.155617967022472,1082,
top_k_15_features,2025-03-28,2024_25,0022401068,BKN,LAC,232,214.33333333333334,2.907640658591879,217.24097399192522,2.9076406585918733,14.759026008074779,14.759026008074784,217.8288487070279,1090,
top_k_15_features,2025-03-28,2024_25,0022401067,DET,CLE,255,229.66666666666666,2.467989178678295,232.13465584534495,2.4679891786782946,22.865344154655048,22.865344154655048,522.8239633108178,1090,
top_k_15_features,2025-03-28,2024_25,0022401069,TOR,CHA,205,216.5,-3.892974675366561,212.60702532463344,-3.8929746753665597,-7.6070253246334385,7.60702532463344,57.866834289614495,1090,
top_k_15_features,2025-03-28,2024_25,0022401070,MIL,NYK,223,219.5,5.616761754116121,225.1167617541161,5.616761754116112,-2.116761754116121,2.116761754116112,4.48068032368872,1090,
top_k_15_features,2025-03-28,2024_25,0022401072,NOP,GSW,206,224.0,1.1329188307252576,225.13291883072526,1.1329188307252593,-19.13291883072526,19.13291883072526,366.06858298312125,1090,
top_k_15_features,2025-03-28,2024_25,0022401073,DEN,UTA,222,239.0,0.6773175529543394,239.67731755295435,0.6773175529543494,-17.67731755295434,17.67731755295435,312.48755586798796,1090,
top_k_15_features,2025-03-28,2024_25,0022401071,MIN,PHX,233,226.5,-0.2957852130099547,226.20421478699004,-0.29578521300996385,6.795785213009955,6.795785213009964,46.18269666136488,1090,
top_k_15_features,2025-03-29,2024_25,0022401079,OKC,IND,243,238.5,0.8561832937712657,239.35618329377127,0.8561832937712666,3.6438167062287343,3.6438167062287334,13.277400188591615,1097,
top_k_15_features,2025-03-29,2024_25,0022401076,PHI,MIA,213,217.83333333333334,3.675635842970536,221.50896917630388,3.675635842970536,-8.508969176303879,8.508969176303879,72.40255644328951,1097,
top_k_15_features,2025-03-29,2024_25,0022401080,SAS,BOS,232,228.83333333333334,2.714269287200874,231.5476026205342,2.714269287200864,0.4523973794657832,0.4523973794657934,0.20466338894751707,1097,
top_k_15_features,2025-03-29,2024_25,0022401078,MEM,LAL,261,237.16666666666666,1.6222094935329874,238.78887616019964,1.6222094935329778,22.211123839800354,22.211123839800365,493.3340222269481,1097,
top_k_15_features,2025-03-29,2024_25,0022401074,ORL,SAC,212,218.33333333333334,-0.9163357605548761,217.41699757277846,-0.9163357605548867,-5.416997572778467,5.416997572778456,29.343862703487684,1097,
top_k_15_features,2025-03-29,2024_25,0022401075,WAS,BKN,227,219.5,0.5527675453688938,220.05276754536888,0.5527675453688801,6.947232454631106,6.94723245463112,48.26403877867994,1097,
top_k_15_features,2025-03-29,2024_25,0022401077,CHI,DAL,239,237.0,1.1594438548585297,238.15944385485852,1.159443854858523,0.8405561451414703,0.8405561451414769,0.7065346331350996,1097,
top_k_15_features,2025-03-30,2024_25,0022401087,PHI,TOR,236,223.66666666666666,2.245600453180801,225.91226711984746,2.245600453180799,10.087732880152542,10.087732880152544,101.76235466131074,1104,
top_k_15_features,2025-03-30,2024_25,0022401088,PHX,HOU,257,224.5,0.6400670281447811,225.14006702814478,0.6400670281447844,31.85993297185522,31.859932971855216,1015.0553289711071,1104,
top_k_15_features,2025-03-30,2024_25,0022401086,SAS,GSW,254,232.66666666666666,5.682892225839328,238.349558892506,5.682892225839339,15.650441107494014,15.650441107494004,244.93630685913814,1104,
top_k_15_features,2025-03-30,2024_25,0022401085,NOP,CHA,192,212.83333333333334,-5.26618390927029,207.56714942406305,-5.266183909270296,-15.567149424063054,15.567149424063047,242.33614119110644,1104,
top_k_15_features,2025-03-30,2024_25,0022401083,MIL,ATL,269,235.5,1.5881900632743813,237.08819006327437,1.588190063274368,31.911809936725618,31.911809936725632,1018.3636134377008,1104,
top_k_15_features,2025-03-30,2024_25,0022401082,NYK,POR,203,220.5,0.7008961899003234,221.20089618990033,0.7008961899003339,-18.200896189900323,18.200896189900334,331.27262211552846,1104,
top_k_15_features,2025-03-30,2024_25,0022401081,CLE,LAC,249,230.5,0.33168380170250616,230.8316838017025,0.33168380170249634,18.168316198297493,18.168316198297504,330.08771348131944,1104,
top_k_15_features,2025-03-30,2024_25,0022401084,MIN,DET,227,225.66666666666666,-0.7171745954929805,224.94949207117367,-0.7171745954929918,2.050507928826323,2.0505079288263346,4.204582766179665,1104,
top_k_15_features,2025-03-31,2024_25,0022401092,WAS,MIA,214,220.5,1.039636474906521,221.53963647490653,1.0396364749065299,-7.539636474906521,7.53963647490653,56.84611817374096,1112,
top_k_15_features,2025-03-31,2024_25,0022401089,CHA,UTA,216,219.33333333333334,1.558590442726179,220.8919237760595,1.558590442726171,-4.891923776059522,4.891923776059514,23.93091823077637,1112,
top_k_15_features,2025-03-31,2024_25,0022401090,IND,SAC,220,234.5,-0.7321474159348926,233.7678525840651,-0.7321474159348895,-13.767852584065107,13.76785258406511,189.55376477654835,1112,
top_k_15_features,2025-03-31,2024_25,0022401091,ORL,LAC,183,211.33333333333334,4.472176405161151,215.8055097384945,4.47217640516115,-32.80550973849449,32.80550973849449,1076.201469202457,1112,
top_k_15_features,2025-03-31,2024_25,0022401096,LAL,HOU,202,225.33333333333334,-0.4545644788697601,224.87876885446357,-0.45456447886977003,-22.878768854463583,22.878768854463573,523.4380642959724,1112,
top_k_15_features,2025-03-31,2024_25,0022401093,MEM,BOS,220,236.33333333333334,1.432004778212752,237.7653381115461,1.4320047782127574,-17.765338111546093,17.7653381115461,315.6072382175524,1112,
top_k_15_features,2025-03-31,2024_25,0022401095,DAL,BKN,222,220.33333333333334,1.1264965868703032,221.45982992020365,1.126496586870303,0.540170079796354,0.5401700797963542,0.2917837151071997,1112,
top_k_15_features,2025-03-31,2024_25,0022401094,OKC,CHI,262,239.0,2.043335068641315,241.0433350686413,2.043335068641312,20.956664931358684,20.956664931358688,439.18180504523906,1112,
top_k_15_features,2025-04-01,2024_25,0022401102,DEN,MIN,279,230.66666666666666,2.1474917356603043,232.81415840232697,2.14749173566031,46.18584159767304,46.18584159767303,2133.131964085345,1120,
top_k_15_features,2025-04-01,2024_25,0022401098,NYK,PHI,196,223.0,0.4008826303284,223.4008826303284,0.40088263032839677,-27.4008826303284,27.400882630328397,750.8083689210324,1120,
top_k_15_features,2025-04-01,2024_25,0022401100,MEM,GSW,259,237.33333333333334,1.447055861634786,238.78038919496814,1.4470558616347944,20.21961080503187,20.219610805031863,408.83266110696127,1120,
top_k_15_features,2025-04-01,2024_25,0022400988,SAS,ORL,221,220.5,1.7158498792040888,222.2158498792041,1.715849879204086,-1.2158498792040888,1.215849879204086,1.4782909287605903,1120,
top_k_15_features,2025-04-01,2024_25,0022401097,ATL,POR,240,238.0,-2.1324379792162538,235.86756202078374,-2.132437979216263,4.132437979216254,4.132437979216263,17.07704365206899,1120,
top_k_15_features,2025-04-01,2024_25,0022401101,MIL,PHX,256,224.33333333333334,3.0882808179485575,227.4216141512819,3.0882808179485437,28.5783858487181,28.578385848718113,816.7241377182118,1120,
top_k_15_features,2025-04-01,2024_25,0022401099,CHI,TOR,255,236.0,1.0373416271704583,237.03734162717046,1.0373416271704627,17.96265837282954,17.962658372829537,322.65709581898307,1120,
top_k_15_features,2025-04-02,2024_25,0022401110,DEN,SAS,219,229.5,-1.6573781978807922,227.8426218021192,-1.6573781978808029,-8.842621802119208,8.842621802119197,78.19196033531375,1127,
top_k_15_features,2025-04-02,2024_25,0022401106,BOS,MIA,227,213.33333333333334,1.3041916054984215,214.63752493883177,1.3041916054984313,12.362475061168237,12.362475061168226,152.83078963800634,1127,
top_k_15_features,2025-04-02,2024_25,0022401104,IND,CHA,224,224.33333333333334,-0.3743349889284713,223.95899834440488,-0.3743349889284673,0.04100165559512847,0.041001655595124475,0.0016811357615412021,1127,
top_k_15_features,2025-04-02,2024_25,0022401105,WAS,SAC,227,231.5,-3.4600256655080903,228.03997433449192,-3.460025665508084,-1.0399743344919097,1.039974334491916,1.0815466164019034,1127,
top_k_15_features,2025-04-02,2024_25,0022401103,CLE,NYK,229,230.0,1.252120841445675,231.25212084144567,1.2521208414456737,-2.252120841445675,2.2521208414456737,5.072048284473969,1127,
top_k_15_features,2025-04-02,2024_25,0022401107,HOU,UTA,248,225.66666666666666,0.7652046501273888,226.43187131679406,0.7652046501274015,21.568128683205956,21.56812868320594,465.18417489533084,1127,
top_k_15_features,2025-04-02,2024_25,0022401111,LAC,NOP,212,216.5,-1.0792854658650506,215.42071453413496,-1.0792854658650413,-3.4207145341349494,3.4207145341349587,11.701287924042148,1127,
top_k_15_features,2025-04-02,2024_25,0022401109,DAL,ATL,238,237.83333333333334,0.9189366412740775,238.75226997460743,0.9189366412740867,-0.7522699746074203,0.7522699746074295,0.5659101146958626,1127,
top_k_15_features,2025-04-02,2024_25,0022401108,OKC,DET,222,231.33333333333334,4.167255643259471,235.5005889765928,4.167255643259466,-13.500588976592814,13.500588976592809,182.26590271489925,1127,
top_k_15_features,2025-04-03,2024_25,0022401113,BKN,MIN,195,215.66666666666666,3.2307156432662665,218.89738230993294,3.2307156432662794,-23.897382309932922,23.897382309932937,571.0848812670956,1136,
top_k_15_features,2025-04-03,2024_25,0022401114,MIA,MEM,218,227.83333333333334,1.0999670971464321,228.93330043047976,1.0999670971464184,-10.933300430479775,10.933300430479761,119.53705830312893,1136,
top_k_15_features,2025-04-03,2024_25,0022401115,PHI,MIL,239,224.66666666666666,-1.143809844284815,223.52285682238184,-1.1438098442848172,15.477143177618158,15.47714317761816,239.54196094049234,1136,
top_k_15_features,2025-04-03,2024_25,0022401116,TOR,POR,215,224.66666666666666,0.976666962122747,225.6433336287894,0.9766669621227493,-10.643333628789405,10.643333628789406,113.28055073371948,1136,
top_k_15_features,2025-04-03,2024_25,0022401117,LAL,GSW,239,228.16666666666666,-0.5792281560070147,227.58743851065964,-0.5792281560070194,11.412561489340357,11.412561489340362,130.24655974797471,1136,
top_k_15_features,2025-04-03,2024_25,0022401112,WAS,ORL,206,214.83333333333334,-0.45941848426797915,214.37391484906536,-0.45941848426798515,-8.373914849065363,8.373914849065358,70.1224498993973,1136,
top_k_15_features,2025-04-04,2024_25,0022401118,CHA,SAC,227,219.33333333333334,0.9407528323651202,220.27408616569846,0.9407528323651206,6.7259138343015366,6.7259138343015366,45.237916906448795,1142,
top_k_15_features,2025-04-04,2024_25,0022401123,HOU,OKC,236,229.33333333333334,2.3701411264287824,231.70347445976213,2.3701411264287913,4.296525540237875,4.296525540237866,18.460131717916287,1142,
top_k_15_features,2025-04-04,2024_25,0022401119,IND,UTA,252,235.16666666666666,-2.1588677775963414,233.00779888907033,-2.1588677775963276,18.992201110929685,18.99220111092967,360.7037030379982,1142,
top_k_15_features,2025-04-04,2024_25,0022401121,TOR,DET,222,227.33333333333334,0.2044628198517058,227.53779615318504,0.2044628198516989,-5.537796153185049,5.537796153185042,30.667186234231046,1142,
top_k_15_features,2025-04-04,2024_25,0022401122,CHI,POR,231,237.66666666666666,4.116485533611524,241.78315220027818,4.116485533611524,-10.783152200278181,10.783152200278181,116.27637137436417,1142,
top_k_15_features,2025-04-04,2024_25,0022401124,SAS,CLE,227,241.16666666666666,3.7586101188596555,244.9252767855263,3.75861011885965,-17.925276785526314,17.925276785526307,321.31554783772833,1142,
top_k_15_features,2025-04-04,2024_25,0022401126,LAL,NOP,232,219.66666666666666,1.9272807244365873,221.59394739110326,1.9272807244365993,10.406052608896756,10.406052608896744,108.28593089912673,1142,
top_k_15_features,2025-04-04,2024_25,0022401127,LAC,DAL,205,225.0,0.828399483932418,225.82839948393243,0.8283994839324293,-20.82839948393242,20.82839948393243,433.8222250622767,1142,
top_k_15_features,2025-04-04,2024_25,0022401120,BOS,PHX,226,228.0,0.8285668006680363,228.82856680066803,0.8285668006680282,-2.8285668006680362,2.8285668006680282,8.000790145841364,1142,
top_k_15_features,2025-04-04,2024_25,0022401125,GSW,DEN,222,233.5,3.6417206514472555,237.14172065144726,3.641720651447258,-15.141720651447255,15.141720651447258,229.27170428646437,1142,
top_k_15_features,2025-04-05,2024_25,0022401131,MIA,MIL,236,215.33333333333334,1.5222992466811027,216.85563258001446,1.522299246681115,19.144367419985553,19.144367419985542,366.5068039114039,1152,
top_k_15_features,2025-04-05,2024_25,0022401130,PHI,MIN,223,225.16666666666666,3.366956780118066,228.53362344678473,3.3669567801180733,-5.533623446784723,5.5336234467847305,30.620988450805722,1152,
top_k_15_features,2025-04-05,2024_25,0022401132,LAC,DAL,239,221.5,-3.5505968793362412,217.94940312066376,-3.55059687933624,21.05059687933624,21.05059687933624,443.12762897632064,1152,
top_k_15_features,2025-04-05,2024_25,0022401128,ATL,NYK,226,236.83333333333334,1.3627280940478228,238.19606142738115,1.3627280940478101,-12.196061427381165,12.196061427381153,148.7439143404544,1152,
top_k_15_features,2025-04-05,2024_25,0022401129,DET,MEM,212,239.66666666666666,-0.5622019529743953,239.10446471369227,-0.5622019529743909,-27.104464713692263,27.104464713692266,734.6520074157892,1152,
top_k_15_features,2025-04-06,2024_25,0022401134,BKN,TOR,229,214.83333333333334,1.1481282939492734,215.9814616272826,1.14812829394927,13.018538372717384,13.018538372717387,169.48234136191508,1157,
top_k_15_features,2025-04-06,2024_25,0022401135,OKC,LAL,225,232.0,-0.8129304927234727,231.18706950727653,-0.8129304927234671,-6.187069507276528,6.187069507276533,38.27982908787108,1157,
top_k_15_features,2025-04-06,2024_25,0022401136,ATL,UTA,281,244.16666666666666,-0.311997915497862,243.8546687511688,-0.31199791549786937,37.145331248831205,37.14533124883121,1379.7756335853965,1157,
top_k_15_features,2025-04-06,2024_25,0022401133,CHA,CHI,248,227.66666666666666,2.3443497085232208,230.01101637518988,2.344349708523225,17.98898362481012,17.988983624810118,323.60353185368655,1157,
top_k_15_features,2025-04-06,2024_25,0022401140,NYK,PHX,210,228.66666666666666,1.3280782686294754,229.99474493529613,1.3280782686294685,-19.994744935296133,19.994744935296126,399.7898250275501,1157,
top_k_15_features,2025-04-06,2024_25,0022401142,DEN,IND,245,239.5,-0.6232451461764978,238.8767548538235,-0.6232451461764867,6.123245146176497,6.123245146176487,37.494131120173904,1157,
top_k_15_features,2025-04-06,2024_25,0022401143,GSW,HOU,202,224.5,3.7961813458080287,228.29618134580804,3.796181345808037,-26.29618134580803,26.296181345808037,691.4891533716226,1157,
top_k_15_features,2025-04-06,2024_25,0022401139,POR,SAS,229,228.5,-2.304419943099817,226.19558005690018,-2.3044199430998162,2.804419943099817,2.8044199430998162,7.864771217255977,1157,
top_k_15_features,2025-04-06,2024_25,0022401137,BOS,WAS,214,226.0,-0.06871623512927036,225.93128376487073,-0.06871623512927272,-11.931283764870729,11.931283764870727,142.3555322778678,1157,
top_k_15_features,2025-04-06,2024_25,0022401138,CLE,SAC,233,236.5,-1.0722344595546103,235.4277655404454,-1.0722344595546076,-2.4277655404453897,2.4277655404453924,5.894045519374108,1157,
top_k_15_features,2025-04-06,2024_25,0022400617,NOP,MIL,218,220.5,-0.741011812253575,219.7589881877464,-0.7410118122535891,-1.758988187746425,1.7589881877464109,3.094039444631403,1157,
top_k_15_features,2025-04-07,2024_25,0022401145,MIA,PHI,222,213.5,2.667360487424247,216.16736048742425,2.667360487424247,5.832639512575753,5.832639512575753,34.01968368365991,1168,
top_k_15_features,2025-04-07,2024_25,0022401144,DET,SAC,244,230.5,-0.8295378738286188,229.67046212617137,-0.8295378738286274,14.329537873828619,14.329537873828627,205.33565567748906,1168,
top_k_15_features,2025-04-08,2024_25,0022401150,BKN,NOP,233,213.83333333333334,2.908685556572491,216.74201888990584,2.908685556572493,16.257981110094168,16.257981110094164,264.32194977617866,1170,
top_k_15_features,2025-04-08,2024_25,0022401155,LAC,SAS,239,227.5,0.25718457716655174,227.75718457716656,0.2571845771665551,11.242815422833448,11.242815422833445,126.40089863190157,1170,
top_k_15_features,2025-04-08,2024_25,0022401154,PHX,GSW,228,226.83333333333334,2.369430273194536,229.20276360652787,2.3694302731945243,-1.2027636065278786,1.202763606527867,1.4466402931879219,1170,
top_k_15_features,2025-04-08,2024_25,0022401153,OKC,LAL,256,226.33333333333334,0.9191641896330971,227.25249752296645,0.9191641896331078,28.74750247703356,28.74750247703355,826.41889866705,1170,
top_k_15_features,2025-04-08,2024_25,0022401152,MIL,MIN,213,222.5,0.9547343671236512,223.45473436712365,0.954734367123649,-10.45473436712365,10.454734367123649,109.30147068711632,1170,
top_k_15_features,2025-04-08,2024_25,0022401151,NYK,BOS,236,221.5,3.2583459399536303,224.75834593995364,3.2583459399536423,11.24165406004637,11.241654060046358,126.37478600575676,1170,
top_k_15_features,2025-04-08,2024_25,0022401149,ORL,ATL,231,225.33333333333334,2.2166475065736218,227.54998083990697,2.216647506573622,3.4500191600930354,3.450019160093035,11.90263220500905,1170,
top_k_15_features,2025-04-08,2024_25,0022401148,IND,WAS,202,238.66666666666666,-3.0336280344254254,235.63303863224124,-3.033628034425419,-33.63303863224123,33.63303863224124,1131.1812876378315,1170,
top_k_15_features,2025-04-08,2024_25,0022401147,CLE,CHI,248,240.5,-0.14012183828425673,240.35987816171576,-0.1401218382842444,7.640121838284257,7.640121838284244,58.37146170382782,1170,
top_k_15_features,2025-04-08,2024_25,0022401146,CHA,MEM,224,230.5,3.1282795344458703,233.62827953444588,3.1282795344458805,-9.62827953444587,9.62827953444588,92.70376679342938,1170,
top_k_15_features,2025-04-09,2024_25,0022401157,WAS,PHI,225,227.5,-1.069227084979156,226.43077291502084,-1.0692270849791612,-1.430772915020844,1.4307729150208388,2.0471111343572286,1180,
top_k_15_features,2025-04-09,2024_25,0022401158,TOR,CHA,222,217.16666666666666,-0.46645819989841025,216.70020846676826,-0.46645819989839765,5.299791533231753,5.2997915332317405,28.087790295714843,1180,
top_k_15_features,2025-04-09,2024_25,0022401159,DAL,LAL,209,227.16666666666666,0.3009866706431171,227.46765333730977,0.3009866706431126,-18.467653337309773,18.46765333730977,341.0542197870487,1180,
top_k_15_features,2025-04-09,2024_25,0022401166,LAC,HOU,251,219.16666666666666,1.3177030539595904,220.48436972062626,1.3177030539596046,30.515630279373752,30.515630279373738,931.2036913474313,1180,
top_k_15_features,2025-04-09,2024_25,0022401163,GSW,SAS,225,231.5,-1.3479768122067861,230.15202318779322,-1.347976812206781,-5.152023187793214,5.152023187793219,26.543342927559003,1180,
top_k_15_features,2025-04-09,2024_25,0022401164,PHX,OKC,237,229.16666666666666,-2.4838799800025773,226.6827866866641,-2.4838799800025697,10.31721331333592,10.317213313335913,106.4448905528758,1180,
top_k_15_features,2025-04-09,2024_25,0022401165,SAC,DEN,240,234.5,1.514390712695959,236.01439071269596,1.5143907126959562,3.985609287304041,3.985609287304044,15.885081391044249,1180,
top_k_15_features,2025-04-09,2024_25,0022401156,ORL,BOS,172,209.16666666666666,3.529756850392239,212.6964235170589,3.529756850392232,-40.696423517058896,40.69642351705889,1656.1988870798239,1180,
top_k_15_features,2025-04-09,2024_25,0022401162,UTA,POR,259,229.5,0.537686703242716,230.0376867032427,0.5376867032427128,28.962313296757284,28.962313296757287,838.815591499524,1180,
top_k_15_features,2025-04-09,2024_25,0022401160,CHI,MIA,230,226.66666666666666,1.1258392446811383,227.7925059113478,1.1258392446811456,2.2074940886522043,2.207494088652197,4.873030151434395,1180,
top_k_15_features,2025-04-10,2024_25,0022401167,DET,NYK,221,227.5,0.9459181060674503,228.44591810606744,0.9459181060674382,-7.445918106067451,7.445918106067438,55.44169644226291,1190,
top_k_15_features,2025-04-10,2024_25,0022401161,MIL,NOP,247,222.33333333333334,0.5298360403861309,222.86316937371947,0.5298360403861295,24.136830626280528,24.136830626280528,582.5865926817537,1190,
top_k_15_features,2025-04-10,2024_25,0022401170,MEM,MIN,266,232.5,0.6927648689234813,233.1927648689235,0.69276486892349,32.80723513107652,32.80723513107651,1076.3146769457408,1190,
top_k_15_features,2025-04-10,2024_25,0022401168,IND,CLE,226,232.5,0.013558321517480806,232.51355832151748,0.013558321517479044,-6.513558321517481,6.513558321517479,42.4264420078096,1190,
top_k_15_features,2025-04-10,2024_25,0022401169,BKN,ATL,242,230.5,2.2651439697609943,232.765143969761,2.2651439697609987,9.234856030239005,9.234856030239001,85.28256589924165,1190,
top_k_15_features,2025-04-11,2024_25,0022401178,DAL,TOR,226,225.16666666666666,1.9915444478784428,227.1582111145451,1.9915444478784536,-1.1582111145451,1.1582111145451108,1.341452985855828,1195,
top_k_15_features,2025-04-11,2024_25,0022401171,DET,MIL,244,228.66666666666666,-1.4509785608707717,227.2156881057959,-1.450978560870766,16.784311894204116,16.78431189420411,281.7131257619215,1195,
top_k_15_features,2025-04-11,2024_25,0022401172,IND,ORL,244,217.33333333333334,2.2802943759057737,219.61362770923913,2.2802943759057825,24.38637229076088,24.386372290760875,594.6951535035898,1195,
top_k_15_features,2025-04-11,2024_25,0022401173,PHI,ATL,234,240.16666666666666,-3.8552195253167265,236.31144714134993,-3.855219525316727,-2.3114471413499307,2.3114471413499302,5.342787887254764,1195,
top_k_15_features,2025-04-11,2024_25,0022401174,BOS,CHA,224,214.0,-1.3526533758401489,212.64734662415984,-1.3526533758401627,11.352653375840148,11.352653375840163,128.88273867197503,1195,
top_k_15_features,2025-04-11,2024_25,0022401177,NOP,MIA,257,215.16666666666666,3.291133298969913,218.45779996563658,3.2911332989699247,38.54220003436343,38.54220003436342,1485.5011834888835,1195,
top_k_15_features,2025-04-11,2024_25,0022401176,CHI,WAS,208,235.83333333333334,-1.60945698516513,234.2238763481682,-1.6094569851651386,-26.22387634816821,26.223876348168204,687.6916907240158,1195,
top_k_15_features,2025-04-11,2024_25,0022401175,NYK,CLE,210,226.5,2.553343179306439,229.05334317930644,2.553343179306438,-19.053343179306438,19.053343179306438,363.02988630842316,1195,
top_k_15_features,2025-04-11,2024_25,0022401180,DEN,MEM,226,241.5,-0.1035674695219696,241.39643253047802,-0.10356746952197682,-15.39643253047803,15.396432530478023,237.0501346655619,1195,
top_k_15_features,2025-04-11,2024_25,0022401181,UTA,OKC,256,233.66666666666666,-1.207155360872337,232.4595113057943,-1.207155360872349,23.54048869420568,23.540488694205692,554.154607962026,1195,
top_k_15_features,2025-04-11,2024_25,0022401182,PHX,SAS,215,232.5,0.7594723809520469,233.25947238095205,0.7594723809520474,-18.259472380952047,18.259472380952047,333.40833163075064,1195,
top_k_15_features,2025-04-11,2024_25,0022401183,POR,GSW,189,226.83333333333334,1.4984742527856993,228.33180758611906,1.4984742527857122,-39.33180758611904,39.331807586119055,1546.9910879914923,1195,
top_k_15_features,2025-04-11,2024_25,0022401184,SAC,LAC,201,226.16666666666666,2.6730064910521976,228.83967315771886,2.673006491052206,-27.839673157718856,27.839673157718863,775.0474015286122,1195,
top_k_15_features,2025-04-11,2024_25,0022401185,LAL,HOU,249,226.0,-0.06392421100009626,225.93607578899991,-0.06392421100008505,23.063924211000096,23.063924211000085,531.944600010756,1195,
top_k_15_features,2025-04-11,2024_25,0022401179,MIN,BKN,208,216.5,-3.1633252954648747,213.3366747045351,-3.1633252954648867,-5.336674704535126,5.336674704535113,28.48009690202494,1195,
top_k_15_features,2025-04-13,2024_25,0022401186,ATL,ORL,222,220.5,4.470938007065358,224.97093800706537,4.470938007065371,-2.9709380070653584,2.970938007065371,8.826472641825557,1210,
top_k_15_features,2025-04-13,2024_25,0022401189,CLE,IND,244,226.83333333333334,-0.5198033527842545,226.31352998054908,-0.5198033527842654,17.686470019450912,17.686470019450923,312.8112217489363,1210,
top_k_15_features,2025-04-13,2024_25,0022401191,PHI,CHI,224,233.5,3.7425257287606346,237.24252572876063,3.7425257287606257,-13.242525728760635,13.242525728760626,175.36448767688714,1210,
top_k_15_features,2025-04-13,2024_25,0022401190,MIA,WAS,237,215.33333333333334,-1.9258761481261026,213.40745718520725,-1.9258761481260933,23.59254281479276,23.59254281479275,556.608076467829,1210,
top_k_15_features,2025-04-13,2024_25,0022401193,HOU,DEN,237,233.66666666666666,3.97921748140024,237.6458841480669,3.979217481400241,-0.6458841480668971,0.645884148066898,0.4171663327241026,1210,
top_k_15_features,2025-04-13,2024_25,0022401187,BOS,CHA,179,211.5,0.6971311589498024,212.19713115894982,0.6971311589498157,-33.1971311589498,33.197131158949816,1102.0495171845168,1210,
top_k_15_features,2025-04-13,2024_25,0022401192,MIL,DET,273,224.0,2.1196701568940512,226.11967015689405,2.1196701568940455,46.88032984310595,46.880329843105955,2197.7653261984105,1210,
top_k_15_features,2025-04-13,2024_25,0022401198,GSW,LAC,243,218.33333333333334,2.066052196663317,220.39938552999666,2.066052196663321,22.60061447000334,22.600614470003336,510.7877744217242,1210,
top_k_15_features,2025-04-13,2024_25,0022401194,MEM,DAL,229,228.33333333333334,1.271067370722079,229.60440070405542,1.2710673707220792,-0.6044007040554218,0.604400704055422,0.36530021106268984,1210,
top_k_15_features,2025-04-13,2024_25,0022401196,NOP,OKC,215,235.66666666666666,0.9140636707313946,236.58073033739805,0.9140636707313945,-21.58073033739805,21.58073033739805,465.7279218954926,1210,
top_k_15_features,2025-04-13,2024_25,0022401197,SAS,TOR,243,228.66666666666666,-0.4748692328139751,228.19179743385268,-0.47486923281397253,14.808202566147317,14.808202566147315,219.28286324005194,1210,
top_k_15_features,2025-04-13,2024_25,0022401200,SAC,PHX,207,224.16666666666666,0.540426574069475,224.70709324073613,0.5404265740694711,-17.707093240736132,17.70709324073613,313.5411510361231,1210,
top_k_15_features,2025-04-13,2024_25,0022401199,POR,LAL,190,220.16666666666666,1.130869484330161,221.29753615099682,1.1308694843301623,-31.29753615099682,31.29753615099682,979.5357691229528,1210,
top_k_15_features,2025-04-13,2024_25,0022401195,MIN,UTA,221,232.33333333333334,1.5283626408873434,233.86169597422068,1.5283626408873374,-12.861695974220686,12.86169597422068,165.42322333328445,1210,
top_k_15_features,2025-04-13,2024_25,0022401188,BKN,NYK,218,214.0,2.0759893269397827,216.07598932693978,2.0759893269397764,1.9240106730602173,1.9240106730602236,3.7018170700496547,1210,
top_k_15_features,2025-10-21,2025_26,0022500001,OKC,HOU,249,227.5,3.00330864923126,230.50330864923126,3.0033086492312577,18.49669135076874,18.496691350768742,342.1275909256032,1225,
top_k_15_features,2025-10-21,2025_26,0022500002,LAL,GSW,228,225.83333333333334,1.9246132179473756,227.75794655128072,1.9246132179473818,0.24205344871928158,0.24205344871927537,0.05858987203689487,1225,
top_k_15_features,2025-10-22,2025_26,0022500080,CHA,BKN,253,227.16666666666666,0.942407271588639,228.1090739382553,0.9424072715886496,24.890926061744704,24.890926061744693,619.5582002112412,1227,
top_k_15_features,2025-10-22,2025_26,0022500083,BOS,PHI,233,228.0,-1.602390355809772,226.39760964419023,-1.6023903558097743,6.6023903558097725,6.602390355809774,43.59155841048992,1227,
top_k_15_features,2025-10-22,2025_26,0022500004,DAL,SAS,217,224.5,-0.17833840823426209,224.32166159176575,-0.17833840823425362,-7.3216615917657375,7.321661591765746,53.60672846433772,1227,
top_k_15_features,2025-10-22,2025_26,0022500089,POR,MIN,232,219.83333333333334,0.009361116463079938,219.84269444979643,0.009361116463082908,12.157305550203578,12.157305550203574,147.80007824101062,1227,
top_k_15_features,2025-10-22,2025_26,0022500082,ATL,TOR,256,235.83333333333334,1.7844402570913838,237.61777359042472,1.7844402570913758,18.382226409575274,18.38222640957528,337.90624777288696,1227,
top_k_15_features,2025-10-22,2025_26,0022500003,NYK,CLE,230,228.5,0.9153692558605905,229.41536925586058,0.9153692558605826,0.5846307441394095,0.5846307441394174,0.3417931069930089,1227,
top_k_15_features,2025-10-22,2025_26,0022500084,CHI,DET,226,233.5,1.0155676695061497,234.51556766950614,1.0155676695061402,-8.515567669506149,8.51556766950614,72.51489273393824,1227,
top_k_15_features,2025-10-22,2025_26,0022500085,MEM,NOP,250,238.5,0.6758458719936704,239.17584587199366,0.6758458719936584,10.82415412800633,10.824154128006342,117.16231258683672,1227,
top_k_15_features,2025-10-22,2025_26,0022500086,MIL,WAS,253,227.83333333333334,2.7118923085956474,230.545225641929,2.711892308595651,22.45477435807101,22.454774358071006,504.2168914718832,1227,
top_k_15_features,2025-10-22,2025_26,0022500087,UTA,LAC,237,226.16666666666666,-0.965688124499384,225.20097854216726,-0.965688124499394,11.799021457832726,11.799021457832737,139.21690736239736,1227,
top_k_15_features,2025-10-22,2025_26,0022500088,PHX,SAC,236,228.83333333333334,1.3184420168631779,230.15177535019652,1.3184420168631732,5.84822464980348,5.848224649803484,34.201731554569086,1227,
top_k_15_features,2025-10-22,2025_26,0022500081,ORL,MIA,246,216.33333333333334,0.5274707185140902,216.86080405184742,0.5274707185140812,29.139195948152565,29.139195948152576,849.0927405048315,1227,
top_k_15_features,2025-10-23,2025_26,0022500006,GSW,DEN,268,234.16666666666666,-0.32555412017121593,233.84111254649545,-0.3255541201712049,34.15888745350456,34.15888745350455,1166.8295920611904,1239,
top_k_15_features,2025-10-23,2025_26,0022500005,IND,OKC,276,232.16666666666666,-1.5863935212560567,230.5802731454106,-1.5863935212560705,45.4197268545894,45.41972685458941,2062.951587545511,1239,
top_k_15_features,2025-10-24,2025_26,0022500093,HOU,DET,226,225.16666666666666,4.3656437577861436,229.5323104244528,4.365643757786131,-3.5323104244528007,3.5323104244527883,12.477216934697838,1241,
top_k_15_features,2025-10-24,2025_26,0022500019,LAL,MIN,238,225.5,1.3831577428730366,226.88315774287304,1.3831577428730384,11.116842257126963,11.116842257126962,123.58418176984368,1241,
top_k_15_features,2025-10-24,2025_26,0022500090,ORL,ATL,218,234.5,0.4603783049167459,234.96037830491676,0.4603783049167589,-16.960378304916745,16.96037830491676,287.6544322458911,1241,
top_k_15_features,2025-10-24,2025_26,0022500091,BKN,CLE,255,228.5,2.367273870066212,230.8672738700662,2.3672738700662137,24.132726129933786,24.132726129933786,582.3884704623889,1241,
top_k_15_features,2025-10-24,2025_26,0022500092,TOR,MIL,238,234.16666666666666,0.8403403870072151,235.00700705367387,0.8403403870072168,2.992992946326128,2.992992946326126,8.958006776757944,1241,
top_k_15_features,2025-10-24,2025_26,0022500098,SAC,UTA,209,231.83333333333334,-1.8961818546849483,229.9371514786484,-1.8961818546849543,-20.937151478648396,20.93715147864839,438.3643120398684,1241,
top_k_15_features,2025-10-24,2025_26,0022500097,POR,GSW,258,226.5,2.288016054191051,228.78801605419105,2.288016054191047,29.21198394580895,29.211983945808953,853.3400060502,1241,
top_k_15_features,2025-10-24,2025_26,0022500095,NOP,SAS,236,232.16666666666666,1.3256932159611388,233.4923598826278,1.325693215961138,2.507640117372204,2.5076401173722047,6.2882589582544846,1241,
top_k_15_features,2025-10-24,2025_26,0022500096,DAL,WAS,224,227.83333333333334,0.4945847828304846,228.32791811616383,0.49458478283048635,-4.327918116163827,4.327918116163829,18.73087522021907,1241,
top_k_15_features,2025-10-24,2025_26,0022500099,LAC,PHX,231,222.5,-2.9888350838090965,219.5111649161909,-2.988835083809107,11.488835083809096,11.488835083809107,131.993331582963,1241,
top_k_15_features,2025-10-24,2025_26,0022500018,NYK,BOS,200,229.83333333333334,3.7042393533602174,233.53757268669355,3.704239353360208,-33.53757268669356,33.53757268669355,1124.7687817152532,1241,
top_k_15_features,2025-10-24,2025_26,0022500094,MEM,MIA,260,233.5,2.3020836779577287,235.80208367795774,2.3020836779577394,24.19791632204227,24.19791632204226,585.5391543285592,1241,
top_k_15_features,2025-10-25,2025_26,0022500104,DEN,PHX,244,232.5,0.9750553866429074,233.4750553866429,0.9750553866429073,10.524944613357093,10.524944613357093,110.77445911423449,1253,
top_k_15_features,2025-10-25,2025_26,0022500102,PHI,CHA,246,234.83333333333334,-2.3511041203450076,232.48222921298833,-2.3511041203450134,13.517770787011665,13.51777078701167,182.73012705018613,1253,
top_k_15_features,2025-10-25,2025_26,0022500103,MEM,IND,231,238.16666666666666,0.18625137812608905,238.35291804479274,0.18625137812608727,-7.352918044792746,7.3529180447927445,54.06540377343875,1253,
top_k_15_features,2025-10-25,2025_26,0022500100,ORL,CHI,208,233.16666666666666,1.4413116798650811,234.60797834653175,1.4413116798650947,-26.607978346531738,26.607978346531752,707.9845116895026,1253,
top_k_15_features,2025-10-25,2025_26,0022500101,ATL,OKC,217,235.83333333333334,1.4460473998659713,237.2793807331993,1.4460473998659609,-20.279380733199314,20.279380733199304,411.2532829220551,1253,
top_k_15_features,2025-10-26,2025_26,0022500110,MIN,IND,224,228.16666666666666,-0.8652488551884198,227.30141781147825,-0.8652488551884119,-3.3014178114782373,3.3014178114782453,10.899359565945806,1258,
top_k_15_features,2025-10-26,2025_26,0022500112,LAC,POR,221,226.5,1.0823885471261248,227.58238854712613,1.0823885471261292,-6.582388547126125,6.582388547126129,43.32783898533724,1258,
top_k_15_features,2025-10-26,2025_26,0022500113,SAC,LAL,247,230.16666666666666,0.7910834642462319,230.9577501309129,0.7910834642462419,16.04224986908711,16.0422498690871,257.3537808622251,1258,
top_k_15_features,2025-10-26,2025_26,0022500109,WAS,CHA,252,236.83333333333334,1.8483383794249433,238.6816717127583,1.8483383794249448,13.318328287241714,13.318328287241712,177.37786836674277,1258,
top_k_15_features,2025-10-26,2025_26,0022500111,DAL,TOR,268,231.5,-0.7639969150429068,230.7360030849571,-0.7639969150428954,37.26399691504291,37.263996915042895,1388.6054660843265,1258,
top_k_15_features,2025-10-26,2025_26,0022500107,CLE,MIL,231,236.16666666666666,-1.878529861500726,234.28813680516592,-1.8785298615007378,-3.288136805165931,3.2881368051659194,10.81184364948674,1258,
top_k_15_features,2025-10-26,2025_26,0022500105,SAS,BKN,225,228.16666666666666,-0.17150546919360496,227.99516119747304,-0.17150546919361886,-2.995161197473052,2.9951611974730383,8.970990598848125,1258,
top_k_15_features,2025-10-26,2025_26,0022500108,MIA,NYK,222,228.83333333333334,0.19850234692386018,229.03183568025722,0.19850234692387403,-7.031835680257203,7.031835680257217,49.446713034138476,1258,
top_k_15_features,2025-10-26,2025_26,0022500106,DET,BOS,232,227.5,-0.4091009693891625,227.09089903061084,-0.40910096938915785,4.909100969389162,4.909100969389158,24.09927232765757,1258,
top_k_15_features,2025-10-27,2025_26,0022500116,HOU,BKN,246,226.16666666666666,2.177338743129729,228.34400540979638,2.1773387431297238,17.655994590203612,17.65599459020362,311.73414496929945,1267,
top_k_15_features,2025-10-27,2025_26,0022500007,DET,CLE,211,231.16666666666666,0.14299285438576806,231.30965952105242,0.14299285438576703,-20.309659521052424,20.309659521052424,412.4822698610754,1267,
top_k_15_features,2025-10-27,2025_26,0022500008,MIN,DEN,241,228.5,1.8608268436371314,230.36082684363714,1.8608268436371418,10.639173156362869,10.639173156362858,113.19200545107202,1267,
top_k_15_features,2025-10-27,2025_26,0022500114,PHI,ORL,260,226.5,-1.1669964760305942,225.3330035239694,-1.1669964760305902,34.6669964760306,34.66699647603059,1201.8006446691174,1267,
top_k_15_features,2025-10-27,2025_26,0022500115,CHI,ATL,251,241.5,2.3443784452572296,243.84437844525723,2.3443784452572345,7.155621554742771,7.1556215547427655,51.20291983469927,1267,
top_k_15_features,2025-10-27,2025_26,0022500121,GSW,MEM,249,238.83333333333334,0.09727917452343815,238.93061250785678,0.09727917452343604,10.06938749214322,10.069387492143221,101.39256446693035,1267,
top_k_15_features,2025-10-27,2025_26,0022500117,NOP,BOS,212,232.5,1.669469827275034,234.16946982727504,1.6694698272750372,-22.169469827275034,22.169469827275037,491.4853924224583,1267,
top_k_15_features,2025-10-27,2025_26,0022500118,SAS,TOR,224,233.16666666666666,1.6741104627668224,234.8407771294335,1.6741104627668335,-10.84077712943348,10.84077712943349,117.52244877004823,1267,
top_k_15_features,2025-10-27,2025_26,0022500120,UTA,PHX,272,233.5,1.8236658133600743,235.32366581336007,1.8236658133600656,36.67633418663993,36.676334186639934,1345.1534893700932,1267,
top_k_15_features,2025-10-27,2025_26,0022500122,LAL,POR,230,225.83333333333334,0.15952942441411347,225.99286275774745,0.159529424414103,4.0071372422525435,4.007137242252554,16.057148878247403,1267,
top_k_15_features,2025-10-27,2025_26,0022500119,DAL,OKC,195,226.5,-0.9624695861770254,225.53753041382296,-0.9624695861770363,-30.537530413822974,30.537530413822964,932.5407637751625,1267,
top_k_15_features,2025-10-28,2025_26,0022500126,OKC,SAC,208,227.16666666666666,1.57264243773275,228.7393091043994,1.5726424377327533,-20.739309104399407,20.73930910439941,430.11894212782425,1278,
top_k_15_features,2025-10-28,2025_26,0022500124,MIA,CHA,261,240.5,-1.4358499078796068,239.0641500921204,-1.4358499078796,21.935849907879607,21.9358499078796,481.18151118102145,1278,
top_k_15_features,2025-10-28,2025_26,0022500125,MIL,NYK,232,228.5,0.3144976640380361,228.81449766403804,0.31449766403804347,3.185502335961964,3.1855023359619565,10.147425132419082,1278,
top_k_15_features,2025-10-28,2025_26,0022500127,GSW,LAC,177,223.83333333333334,0.8001709196518061,224.63350425298515,0.800170919651805,-47.63350425298515,47.63350425298515,2268.950727419154,1278,
top_k_15_features,2025-10-28,2025_26,0022500123,WAS,PHI,273,237.83333333333334,-2.2788896871310667,235.5544436462023,-2.2788896871310556,37.44555635379773,37.44555635379771,1402.1696906454404,1278,
top_k_15_features,2025-10-29,2025_26,0022500128,BOS,CLE,230,233.5,1.6072001067824806,235.10720010678247,1.6072001067824715,-5.10720010678248,5.1072001067824715,26.083492930718887,1283,
top_k_15_features,2025-10-29,2025_26,0022500129,DET,ORL,251,226.16666666666666,-1.2860115671849728,224.8806550994817,-1.2860115671849712,26.119344900518314,26.119344900518314,682.2201780322321,1283,
top_k_15_features,2025-10-29,2025_26,0022500131,TOR,HOU,260,232.5,0.07754209237763654,232.57754209237763,0.07754209237762666,27.422457907622363,27.422457907622373,751.9911976953208,1283,
top_k_15_features,2025-10-29,2025_26,0022500132,CHI,SAC,239,237.5,2.041150034999428,239.54115003499942,2.0411500349994185,-0.5411500349994278,0.5411500349994185,0.29284336037987185,1283,
top_k_15_features,2025-10-29,2025_26,0022500130,BKN,ATL,229,237.5,2.7585863232178154,240.25858632321783,2.758586323217827,-11.258586323217816,11.258586323217827,126.75576599734751,1283,
top_k_15_features,2025-10-29,2025_26,0022500136,MIN,LAL,231,223.5,-0.1111543927352054,223.38884560726478,-0.11115439273521588,7.611154392735205,7.611154392735216,57.929671190052574,1283,
top_k_15_features,2025-10-29,2025_26,0022500137,PHX,MEM,227,241.5,2.7139307390514538,244.21393073905145,2.713930739051449,-17.213930739051452,17.21393073905145,296.31941148886034,1283,
top_k_15_features,2025-10-29,2025_26,0022500134,DEN,NOP,210,235.5,-1.2190911625838012,234.2809088374162,-1.2190911625837941,-24.2809088374162,24.280908837416206,589.5625339709164,1283,
top_k_15_features,2025-10-29,2025_26,0022500135,UTA,POR,270,234.16666666666666,2.7966194631227013,236.96328612978937,2.7966194631227097,33.03671387021064,33.03671387021063,1091.4244633421677,1283,
top_k_15_features,2025-10-29,2025_26,0022500133,DAL,IND,212,228.16666666666666,2.6866117811009844,230.85327844776765,2.686611781100993,-18.853278447767643,18.85327844776765,355.44610822906014,1283,
top_k_15_features,2025-10-30,2025_26,0022500138,CHA,ORL,230,241.5,2.156976864473326,243.65697686447334,2.156976864473336,-13.656976864473325,13.656976864473336,186.51301707675995,1293,
top_k_15_features,2025-10-30,2025_26,0022500139,MIL,GSW,230,231.83333333333334,1.0643674247876316,232.89770075812098,1.0643674247876334,-2.8977007581209744,2.897700758120976,8.39666968361488,1293,
top_k_15_features,2025-10-30,2025_26,0022500140,OKC,WAS,235,231.16666666666666,1.5099290918273243,232.676595758494,1.5099290918273311,2.3234042415060188,2.3234042415060117,5.398207269448125,1293,
top_k_15_features,2025-10-30,2025_26,0022500141,SAS,MIA,208,231.16666666666666,-0.2226248630164951,230.94404180365015,-0.22262486301650597,-22.944041803650162,22.94404180365015,526.4290542876457,1293,
top_k_15_features,2025-10-31,2025_26,0022500021,PHI,BOS,217,234.5,3.9205959170196856,238.42059591701968,3.920595917019682,-21.420595917019686,21.420595917019682,458.8419294402403,1297,
top_k_15_features,2025-10-31,2025_26,0022500020,IND,ATL,236,232.5,1.2791308448341832,233.77913084483419,1.2791308448341852,2.2208691551658166,2.220869155165815,4.93225980436692,1297,
top_k_15_features,2025-10-31,2025_26,0022500022,CLE,TOR,213,239.16666666666666,-1.532203655443692,237.63446301122298,-1.5322036554436806,-24.634463011222966,24.634463011222977,606.856767851313,1297,
top_k_15_features,2025-10-31,2025_26,0022500023,CHI,NYK,260,234.16666666666666,2.8647204827324333,237.03138714939908,2.864720482732423,22.96861285060091,22.96861285060092,527.5571762807897,1297,
top_k_15_features,2025-10-31,2025_26,0022500025,PHX,UTA,214,237.5,2.6599502597798605,240.15995025977986,2.659950259779862,-26.159950259779862,26.159950259779862,684.3429975941565,1297,
top_k_15_features,2025-10-31,2025_26,0022500026,POR,DEN,216,240.16666666666666,-0.7788575753305786,239.38780909133607,-0.7788575753305906,-23.387809091336077,23.387809091336067,546.989614092782,1297,
top_k_15_features,2025-10-31,2025_26,0022500027,LAC,NOP,250,224.16666666666666,-1.9320884295532126,222.23457823711345,-1.932088429553204,27.765421762886554,27.765421762886547,770.9186456709739,1297,
top_k_15_features,2025-10-31,2025_26,0022500024,MEM,LAL,229,237.5,2.472414010435831,239.97241401043584,2.472414010435841,-10.97241401043583,10.972414010435841,120.39386921640875,1297,
top_k_15_features,2025-11-01,2025_26,0022500146,BOS,HOU,229,224.83333333333334,3.4066007567513794,228.23993409008472,3.4066007567513736,0.7600659099152778,0.7600659099152836,0.5777001874153479,1305,
top_k_15_features,2025-11-01,2025_26,0022500142,MIL,SAC,268,232.16666666666666,3.619637183629855,235.78630385029652,3.6196371836298624,32.21369614970349,32.21369614970348,1037.7222196254208,1305,
top_k_15_features,2025-11-01,2025_26,0022500143,CHA,MIN,227,230.16666666666666,1.0039790813992526,231.1706457480659,1.003979081399251,-4.17064574806591,4.170645748065908,17.39428595586024,1305,
top_k_15_features,2025-11-01,2025_26,0022500144,IND,GSW,223,230.83333333333334,0.36058047249272024,231.19391380582607,0.3605804724927282,-8.193913805826064,8.193913805826071,67.14022345730709,1305,
top_k_15_features,2025-11-01,2025_26,0022500145,WAS,ORL,219,235.5,2.6280484208393324,238.12804842083932,2.6280484208393204,-19.12804842083933,19.12804842083932,365.8822363899736,1305,
top_k_15_features,2025-11-02,2025_26,0022500148,OKC,NOP,243,229.5,1.1234890687658734,230.62348906876588,1.1234890687658776,12.376510931234126,12.376510931234122,153.17802283095773,1310,
top_k_15_features,2025-11-02,2025_26,0022500149,BKN,PHI,234,234.5,1.907852614022593,236.4078526140226,1.9078526140226018,-2.407852614022593,2.4078526140226018,5.7977542108554765,1310,
top_k_15_features,2025-11-02,2025_26,0022500150,CHA,UTA,229,236.83333333333334,3.923019306094869,240.7563526394282,3.923019306094858,-11.756352639428211,11.7563526394282,138.21182738259043,1310,
top_k_15_features,2025-11-02,2025_26,0022500153,NYK,CHI,244,234.83333333333334,2.481384362016698,237.31471769535005,2.481384362016712,6.685282304649959,6.685282304649945,44.69299949286568,1310,
top_k_15_features,2025-11-02,2025_26,0022500155,LAL,MIA,250,234.5,-0.8841934018486615,233.61580659815135,-0.8841934018486484,16.384193401848663,16.38419340184865,268.4417934291808,1310,
top_k_15_features,2025-11-02,2025_26,0022500154,PHX,SAS,248,227.5,1.8392946959329335,229.33929469593292,1.8392946959329208,18.660705304067065,18.66070530406708,348.2219224452372,1310,
top_k_15_features,2025-11-02,2025_26,0022500151,CLE,ATL,226,229.83333333333334,-0.4017915233478193,229.43154180998553,-0.40179152334781065,-3.4315418099855233,3.431541809985532,11.775479193678782,1310,
top_k_15_features,2025-11-02,2025_26,0022500152,TOR,MEM,221,238.5,2.1627410799828457,240.66274107998285,2.162741079982851,-19.662741079982844,19.66274107998285,386.6233867784452,1310,
top_k_15_features,2025-11-03,2025_26,0022500156,BKN,MIN,234,228.5,1.0570048552548261,229.55700485525483,1.0570048552548315,4.442995144745174,4.4429951447451685,19.740205856229142,1318,
top_k_15_features,2025-11-03,2025_26,0022500157,IND,MIL,232,235.5,-0.44936665886953836,235.05063334113046,-0.4493666588695362,-3.0506333411304616,3.050633341130464,9.306363782016817,1318,
top_k_15_features,2025-11-03,2025_26,0022500159,NYK,WAS,221,233.83333333333334,3.3402453868996864,237.17357872023302,3.3402453868996815,-16.173578720233028,16.173578720233024,261.5846486195745,1318,
top_k_15_features,2025-11-03,2025_26,0022500163,POR,LAL,238,235.0,-1.7837783701029482,233.21622162989706,-1.7837783701029366,4.783778370102948,4.783778370102937,22.884535494264707,1318,
top_k_15_features,2025-11-03,2025_26,0022500158,BOS,UTA,208,232.5,1.6241016075064685,234.12410160750647,1.624101607506475,-26.124101607506468,26.124101607506475,682.4686847993224,1318,
top_k_15_features,2025-11-03,2025_26,0022500160,HOU,DAL,212,225.5,-1.932547871949169,223.56745212805083,-1.9325478719491684,-11.567452128050832,11.567452128050832,133.80594873474772,1318,
top_k_15_features,2025-11-03,2025_26,0022500161,MEM,DET,220,236.5,1.8488968544878697,238.34889685448786,1.8488968544878617,-18.34889685448787,18.34889685448786,336.68201577663456,1318,
top_k_15_features,2025-11-03,2025_26,0022500162,DEN,SAC,254,236.5,-0.5785885314375216,235.92141146856247,-0.5785885314375321,18.07858853143752,18.078588531437532,326.83536328902466,1318,
top_k_15_features,2025-11-03,2025_26,0022500164,LAC,MIA,239,228.5,2.6420037152100067,231.14200371521,2.642003715209995,7.857996284789993,7.857996284790005,61.74810561177352,1318,
top_k_15_features,2025-11-04,2025_26,0022500165,TOR,MIL,228,237.5,1.318926349133867,238.81892634913387,1.318926349133875,-10.818926349133868,10.818926349133875,117.04916734798324,1327,
top_k_15_features,2025-11-04,2025_26,0022500166,ATL,ORL,239,228.5,2.076825735604816,230.5768257356048,2.076825735604814,8.423174264395184,8.423174264395186,70.94986468836939,1327,
top_k_15_features,2025-11-04,2025_26,0022500167,CHI,PHI,224,239.5,0.9667579833645602,240.46675798336457,0.9667579833645732,-16.46675798336456,16.466757983364573,271.1541184827009,1327,
top_k_15_features,2025-11-04,2025_26,0022500168,NOP,CHA,228,236.83333333333334,-5.538765518639434,231.29456781469392,-5.538765518639423,-3.2945678146939086,3.29456781469392,10.854177085617073,1327,
top_k_15_features,2025-11-04,2025_26,0022500169,GSW,PHX,225,232.5,0.5972506122029856,233.097250612203,0.5972506122029984,-8.097250612202986,8.097250612202998,65.56546747682184,1327,
top_k_15_features,2025-11-04,2025_26,0022500170,LAC,OKC,233,223.16666666666666,3.3890626134319093,226.55572928009857,3.3890626134319177,6.444270719901434,6.444270719901425,41.52862511137883,1327,
top_k_15_features,2025-11-05,2025_26,0022500172,DET,UTA,217,230.5,-2.1966507776322732,228.30334922236773,-2.1966507776322715,-11.303349222367727,11.303349222367729,127.76570364280113,1333,
top_k_15_features,2025-11-05,2025_26,0022500173,IND,BKN,215,233.16666666666666,-6.598470852809086,226.56819581385759,-6.598470852809072,-11.568195813857571,11.568195813857585,133.82315438775217,1333,
top_k_15_features,2025-11-05,2025_26,0022500174,BOS,WAS,243,232.16666666666666,-0.553265707852758,231.6134009588139,-0.553265707852745,11.3865990411861,11.386599041186088,129.65463772473993,1333,
top_k_15_features,2025-11-05,2025_26,0022500178,DEN,MIA,234,242.5,0.15237042552807906,242.6523704255281,0.15237042552809044,-8.65237042552808,8.65237042552809,74.86351398055315,1333,
top_k_15_features,2025-11-05,2025_26,0022500175,NYK,MIN,251,229.16666666666666,1.3043178409027252,230.47098450756937,1.304317840902712,20.529015492430617,20.52901549243063,421.4404770884569,1333,
top_k_15_features,2025-11-05,2025_26,0022500181,SAC,GSW,237,226.83333333333334,1.4053318327627553,228.2386651660961,1.405331832762755,8.761334833903902,8.761334833903902,76.76098807177792,1333,
top_k_15_features,2025-11-05,2025_26,0022500179,LAL,SAS,234,228.5,0.42241366069568687,228.9224136606957,0.4224136606956961,5.077586339304313,5.077586339304304,25.78188303308968,1333,
top_k_15_features,2025-11-05,2025_26,0022500180,POR,OKC,240,229.16666666666666,-1.803998050280768,227.3626686163859,-1.803998050280768,12.63733138361411,12.63733138361411,159.70214449927815,1333,
top_k_15_features,2025-11-05,2025_26,0022500171,CLE,PHI,253,234.16666666666666,0.6307405225659313,234.7974071892326,0.6307405225659295,18.202592810767413,18.202592810767413,331.3343850346015,1333,
top_k_15_features,2025-11-05,2025_26,0022500176,MEM,HOU,233,232.5,2.46892167454077,234.96892167454078,2.4689216745407805,-1.9689216745407698,1.9689216745407805,3.876652560476471,1333,
top_k_15_features,2025-11-05,2025_26,0022500177,DAL,NOP,200,226.83333333333334,-3.724901972036779,223.10843136129657,-3.7249019720367755,-23.108431361296564,23.108431361296567,533.9995999797547,1333,
top_k_15_features,2025-11-06,2025_26,0022500182,PHX,LAC,217,224.83333333333334,1.9569447676961773,226.79027810102951,1.9569447676961715,-9.79027810102952,9.790278101029514,95.84954529549807,1344,
top_k_15_features,2025-11-07,2025_26,0022500038,SAC,OKC,233,232.83333333333334,0.1883775649852829,233.02171089831862,0.1883775649852737,-0.021710898318625715,0.0217108983186165,0.0004713631058013048,1345,
top_k_15_features,2025-11-07,2025_26,0022500032,SAS,HOU,231,224.16666666666666,-1.7426572897117292,222.42400937695493,-1.7426572897117296,8.575990623045072,8.575990623045072,73.54761516655701,1345,
top_k_15_features,2025-11-07,2025_26,0022500029,WAS,CLE,263,241.83333333333334,3.5388247685293317,245.37215810186268,3.538824768529338,17.627841898137326,17.62784189813732,310.74080998572555,1345,
top_k_15_features,2025-11-07,2025_26,0022500030,ATL,TOR,206,235.5,0.017628912678650206,235.51762891267865,0.017628912678645747,-29.51762891267865,29.517628912678646,871.2904166266023,1345,
top_k_15_features,2025-11-07,2025_26,0022500031,BKN,DET,232,226.5,2.1488352735881118,228.6488352735881,2.148835273588105,3.3511647264118882,3.351164726411895,11.230305023547311,1345,
top_k_15_features,2025-11-07,2025_26,0022500028,ORL,BOS,233,227.83333333333334,-0.6052159247212645,227.22811740861206,-0.6052159247212785,5.7718825913879215,5.771882591387936,33.31462864876711,1345,
top_k_15_features,2025-11-07,2025_26,0022500033,MIA,CHA,234,243.16666666666666,0.6285817769448122,243.79524844361146,0.6285817769447988,-9.79524844361147,9.795248443611456,95.94689207207266,1345,
top_k_15_features,2025-11-07,2025_26,0022500034,MEM,DAL,222,231.16666666666666,0.09557679748866683,231.26224346415532,0.09557679748866121,-9.262243464155324,9.262243464155318,85.78915398928791,1345,
top_k_15_features,2025-11-07,2025_26,0022500036,MIN,UTA,234,231.5,-0.5928654555758601,230.90713454442414,-0.5928654555758612,3.0928654555758603,3.0928654555758612,9.56581672629448,1345,
top_k_15_features,2025-11-07,2025_26,0022500037,DEN,GSW,233,228.5,1.746871177033969,230.24687117703397,1.7468711770339667,2.7531288229660307,2.7531288229660333,7.579718315846336,1345,
top_k_15_features,2025-11-07,2025_26,0022500035,MIL,CHI,236,239.83333333333334,1.9525901604907765,241.78592349382413,1.9525901604907858,-5.78592349382412,5.785923493824129,33.47691067638601,1345,
top_k_15_features,2025-11-08,2025_26,0022500189,DEN,IND,217,233.5,-1.5921159836312635,231.90788401636874,-1.5921159836312597,-14.907884016368737,14.90788401636874,222.24500584550256,1356,
top_k_15_features,2025-11-08,2025_26,0022500183,WAS,DAL,216,229.83333333333334,0.7974108239731436,230.63074415730648,0.7974108239731379,-14.630744157306486,14.63074415730648,214.05867459655772,1356,
top_k_15_features,2025-11-08,2025_26,0022500184,PHI,TOR,250,237.16666666666666,0.6376006001565175,237.8042672668232,0.6376006001565315,12.195732733176825,12.195732733176811,148.73589689908033,1356,
top_k_15_features,2025-11-08,2025_26,0022500185,ATL,LAL,224,230.16666666666666,0.48188410895353123,230.64855077562018,0.4818841089535226,-6.648550775620189,6.64855077562018,44.20322741599969,1356,
top_k_15_features,2025-11-08,2025_26,0022500186,CLE,CHI,250,240.16666666666666,-1.4651185968835245,238.70154806978314,-1.4651185968835136,11.298451930216867,11.298451930216856,127.65501601942101,1356,
top_k_15_features,2025-11-08,2025_26,0022500187,MIA,POR,267,240.83333333333334,1.6729583790752447,242.5062917124086,1.6729583790752542,24.493708287591414,24.493708287591403,599.9417456776238,1356,
top_k_15_features,2025-11-08,2025_26,0022500188,SAS,NOP,245,225.5,-2.109787559384606,223.3902124406154,-2.109787559384614,21.609787559384607,21.609787559384614,466.98291836173405,1356,
top_k_15_features,2025-11-08,2025_26,0022500190,LAC,PHX,217,227.16666666666666,1.6136210168612561,228.78028768352792,1.6136210168612592,-11.780287683527913,11.780287683527916,138.77517790667952,1356,
top_k_15_features,2025-11-09,2025_26,0022500192,NYK,BKN,232,228.83333333333334,0.77717806187263,229.61051139520598,0.7771780618726325,2.3894886047940274,2.3894886047940247,5.709655792440495,1364,
top_k_15_features,2025-11-09,2025_26,0022500193,ORL,BOS,218,226.5,-0.5376765818592424,225.96232341814076,-0.5376765818592446,-7.962323418140757,7.962323418140755,63.398594215072684,1364,
top_k_15_features,2025-11-09,2025_26,0022500195,PHI,DET,219,232.5,0.3568585350746778,232.85685853507468,0.3568585350746787,-13.856858535074679,13.856858535074679,192.01252846107198,1364,
top_k_15_features,2025-11-09,2025_26,0022500191,MIL,HOU,237,231.83333333333334,2.6741902671946782,234.50752360052803,2.674190267194689,2.492476399471979,2.4924763994719683,6.212438601924747,1364,
top_k_15_features,2025-11-09,2025_26,0022500196,GSW,IND,197,227.16666666666666,-0.9754418942468406,226.19122477241982,-0.9754418942468419,-29.191224772419815,29.191224772419815,852.1276037139363,1364,
top_k_15_features,2025-11-09,2025_26,0022500197,SAC,MIN,261,235.5,0.3614853693811522,235.86148536938114,0.3614853693811426,25.138514630618847,25.138514630618857,631.9449178338383,1364,
top_k_15_features,2025-11-09,2025_26,0022500194,MEM,OKC,214,233.83333333333334,-0.2992313991682815,233.53410193416505,-0.299231399168292,-19.53410193416506,19.53410193416505,381.58113837435076,1364,
top_k_15_features,2025-11-10,2025_26,0022500204,PHX,NOP,219,228.16666666666666,0.6706882480117107,228.83735491467837,0.6706882480117144,-9.837354914678368,9.837354914678372,96.7735517173467,1371,
top_k_15_features,2025-11-10,2025_26,0022500203,DAL,MIL,230,230.83333333333334,-2.535290498076605,228.29804283525675,-2.5352904980765913,1.7019571647432623,1.7019571647432485,2.8966581906208773,1371,
top_k_15_features,2025-11-10,2025_26,0022500202,CHI,SAS,238,234.5,0.7996997527974504,235.29969975279744,0.7996997527974372,2.7003002472025495,2.700300247202563,7.291621425042222,1371,
top_k_15_features,2025-11-10,2025_26,0022500201,MIA,CLE,278,247.5,-0.06397279663550963,247.4360272033645,-0.06397279663551103,30.56397279663551,30.56397279663551,934.1564331134755,1371,
top_k_15_features,2025-11-10,2025_26,0022500205,UTA,MIN,233,233.83333333333334,-0.0755138296725261,233.7578195036608,-0.07551382967253062,-0.7578195036608167,0.7578195036608122,0.5742904001287198,1371,
top_k_15_features,2025-11-10,2025_26,0022500199,DET,WAS,272,235.5,0.4865691151874316,235.98656911518742,0.48656911518742163,36.01343088481257,36.01343088481258,1296.9672040951725,1371,
top_k_15_features,2025-11-10,2025_26,0022500198,CHA,LAL,232,229.5,2.6785650540160195,232.17856505401602,2.678565054016019,-0.17856505401601952,0.17856505401601908,0.03188547851574381,1371,
top_k_15_features,2025-11-10,2025_26,0022500206,LAC,ATL,207,222.16666666666666,-0.15061228841432106,222.01605437825233,-0.1506122884143224,-15.016054378252337,15.016054378252335,225.4818890906311,1371,
top_k_15_features,2025-11-10,2025_26,0022500200,ORL,POR,227,235.5,0.7749075507245422,236.27490755072455,0.7749075507245493,-9.274907550724542,9.27490755072455,86.02391007448726,1371,
top_k_15_features,2025-11-11,2025_26,0022500212,SAC,DEN,230,242.83333333333334,-1.3492353538914414,241.4840979794419,-1.3492353538914301,-11.484097979441902,11.484097979441913,131.88450640142182,1380,
top_k_15_features,2025-11-11,2025_26,0022500211,UTA,IND,280,231.5,-0.6543577471549119,230.8456422528451,-0.6543577471549042,49.15435774715491,49.154357747154904,2416.150885535287,1380,
top_k_15_features,2025-11-11,2025_26,0022500210,OKC,GSW,228,228.5,1.5875951377726087,230.0875951377726,1.5875951377726096,-2.0875951377726087,2.0875951377726096,4.358053459251841,1380,
top_k_15_features,2025-11-11,2025_26,0022500207,BKN,TOR,228,233.83333333333334,1.4687397020627335,235.30207303539606,1.4687397020627202,-7.302073035396076,7.302073035396063,53.32027061425827,1380,
top_k_15_features,2025-11-11,2025_26,0022500208,NYK,MEM,253,233.5,2.5988856694434017,236.0988856694434,2.598885669443405,16.9011143305566,16.901114330556595,285.64766561454553,1380,
top_k_15_features,2025-11-11,2025_26,0022500209,PHI,BOS,202,231.83333333333334,0.8381867829648925,232.67152011629824,0.8381867829648968,-30.671520116298236,30.67152011629824,940.7421462444876,1380,
top_k_15_features,2025-11-12,2025_26,0022500216,BOS,MEM,226,229.5,2.7950470967056584,232.29504709670564,2.7950470967056447,-6.295047096705659,6.295047096705645,39.62761794974217,1386,
top_k_15_features,2025-11-12,2025_26,0022500218,HOU,WAS,247,234.16666666666666,-2.064144314115367,232.1025223525513,-2.0641443141153673,14.89747764744871,14.89747764744871,221.93484025623394,1386,
top_k_15_features,2025-11-12,2025_26,0022500213,CHA,MIL,211,232.5,2.131080843518884,234.63108084351887,2.1310808435188733,-23.631080843518884,23.631080843518873,558.4279818329246,1386,
top_k_15_features,2025-11-12,2025_26,0022500214,DET,CHI,237,234.5,0.31555984811009274,234.8155598481101,0.3155598481100981,2.1844401518899073,2.184440151889902,4.771778777188778,1386,
top_k_15_features,2025-11-12,2025_26,0022500215,NYK,ORL,231,228.16666666666666,2.614404151231091,230.78107081789776,2.614404151231099,0.21892918210225165,0.21892918210224366,0.04792998677595736,1386,
top_k_15_features,2025-11-12,2025_26,0022500217,MIA,CLE,246,238.5,-0.23883740517436006,238.26116259482563,-0.23883740517436536,7.73883740517436,7.738837405174365,59.8896043837259,1386,
top_k_15_features,2025-11-12,2025_26,0022500221,DAL,PHX,237,227.5,-4.683132724785573,222.81686727521443,-4.683132724785565,14.183132724785573,14.183132724785565,201.1612538888832,1386,
top_k_15_features,2025-11-12,2025_26,0022500224,LAC,DEN,246,225.83333333333334,2.036217676970153,227.8695510103035,2.0362176769701534,18.130448989696504,18.130448989696504,328.71318056798697,1386,
top_k_15_features,2025-11-12,2025_26,0022500222,OKC,LAL,213,229.5,-0.0730923841474041,229.4269076158526,-0.07309238414740094,-16.426907615852596,16.4269076158526,269.8432938197561,1386,
top_k_15_features,2025-11-12,2025_26,0022500223,SAC,ATL,233,233.83333333333334,0.39144063998199446,234.22477397331534,0.39144063998199385,-1.2247739733153373,1.2247739733153367,1.500071285710637,1386,
top_k_15_features,2025-11-12,2025_26,0022500220,SAS,GSW,245,229.5,0.36958486239080063,229.8695848623908,0.3695848623908091,15.1304151376092,15.13041513760919,228.92946223639336,1386,
top_k_15_features,2025-11-12,2025_26,0022500219,NOP,POR,242,231.5,1.4008459235631046,232.9008459235631,1.4008459235631108,9.099154076436896,9.09915407643689,82.79460490673806,1386,
top_k_15_features,2025-11-13,2025_26,0022500225,CLE,TOR,239,240.5,-1.7685118868194536,238.73148811318055,-1.7685118868194536,0.2685118868194536,0.2685118868194536,0.07209863336334306,1398,
top_k_15_features,2025-11-13,2025_26,0022500226,PHX,IND,231,233.83333333333334,1.4447402723068081,235.27807360564015,1.4447402723068024,-4.2780736056401505,4.278073605640145,18.301913775274873,1398,
top_k_15_features,2025-11-13,2025_26,0022500227,UTA,ATL,254,232.83333333333334,-0.5152108460505095,232.31812248728284,-0.5152108460505076,21.68187751271717,21.681877512717165,470.1038124764703,1398,
top_k_15_features,2025-11-14,2025_26,0022500043,MIL,CHA,281,239.16666666666666,4.520107268557555,243.6867739352242,4.5201072685575525,37.31322606477579,37.31322606477579,1392.2768393610634,1401,
top_k_15_features,2025-11-14,2025_26,0022500039,NYK,MIA,272,238.16666666666666,2.63098259148089,240.79764925814754,2.630982591480887,31.202350741852452,31.202350741852456,973.5866918175805,1401,
top_k_15_features,2025-11-14,2025_26,0022500040,ORL,BKN,203,224.5,-2.4793008645792125,222.02069913542078,-2.4793008645792156,-19.020699135420788,19.020699135420784,361.786995600197,1401,
top_k_15_features,2025-11-14,2025_26,0022500041,DET,PHI,219,232.5,2.508333708361231,235.00833370836122,2.5083337083612207,-16.00833370836123,16.00833370836122,256.2667481182541,1401,
top_k_15_features,2025-11-14,2025_26,0022500046,DAL,LAC,260,219.5,-5.3797006584281535,214.12029934157184,-5.379700658428163,45.879700658428156,45.87970065842816,2104.9469325069736,1401,
top_k_15_features,2025-11-14,2025_26,0022500044,MIN,SAC,234,240.5,-0.6714916713478969,239.8285083286521,-0.6714916713478942,-5.828508328652103,5.828508328652106,33.971509337166964,1401,
top_k_15_features,2025-11-14,2025_26,0022500045,NOP,LAL,222,228.5,-0.9850562816430595,227.51494371835693,-0.9850562816430681,-5.514943718356941,5.514943718356932,30.41460421664458,1401,
top_k_15_features,2025-11-14,2025_26,0022500047,SAS,GSW,217,234.83333333333334,0.5951902668245407,235.4285236001579,0.5951902668245452,-18.428523600157884,18.428523600157888,339.61048208157627,1401,
top_k_15_features,2025-11-14,2025_26,0022500042,HOU,POR,256,235.83333333333334,-0.576825285383536,235.2565080479498,-0.576825285383535,20.743491952050192,20.743491952050192,430.2924583647711,1401,
top_k_15_features,2025-11-15,2025_26,0022500231,MIL,LAL,214,230.83333333333334,4.541475311086897,235.37480864442023,4.541475311086884,-21.37480864442024,21.374808644420227,456.88244458558165,1410,
top_k_15_features,2025-11-15,2025_26,0022500230,IND,TOR,240,233.5,-4.428084327831878,229.07191567216813,-4.4280843278318684,10.928084327831879,10.928084327831868,119.4230270762045,1410,
top_k_15_features,2025-11-15,2025_26,0022500232,MIN,DEN,235,234.5,0.06761405441363083,234.56761405441364,0.06761405441363877,0.43238594558636917,0.43238594558636123,0.18695760594061173,1410,
top_k_15_features,2025-11-15,2025_26,0022500228,CLE,MEM,208,238.5,0.3922211242075275,238.89222112420754,0.39222112420753774,-30.892221124207527,30.892221124207538,954.3293259869345,1410,
top_k_15_features,2025-11-15,2025_26,0022500229,CHA,OKC,205,227.83333333333334,-0.282256995897434,227.55107633743592,-0.28225699589742703,-22.55107633743591,22.551076337435916,508.5510439768621,1410,
top_k_15_features,2025-11-16,2025_26,0022500233,BOS,LAC,239,220.66666666666666,2.534277986890152,223.2009446535568,2.534277986890146,15.79905534644319,15.799055346443197,249.61014983997535,1415,
top_k_15_features,2025-11-16,2025_26,0022500234,SAS,SAC,233,238.16666666666666,3.168371996282471,241.33503866294913,3.168371996282474,-8.335038662949128,8.335038662949131,69.47286951285683,1415,
top_k_15_features,2025-11-16,2025_26,0022500235,WAS,BKN,235,234.5,-0.019315147802741517,234.48068485219727,-0.019315147802728916,0.5193151478027416,0.5193151478027289,0.2696882227373702,1415,
top_k_15_features,2025-11-16,2025_26,0022500236,HOU,ORL,230,227.83333333333334,0.6321142957871222,228.46544762912046,0.6321142957871189,1.534552370879535,1.5345523708795383,2.3548509789720122,1415,
top_k_15_features,2025-11-16,2025_26,0022500237,NOP,GSW,230,228.16666666666666,1.2926146629884403,229.45928132965508,1.2926146629884272,0.5407186703449025,0.5407186703449156,0.29237668045957355,1415,
top_k_15_features,2025-11-16,2025_26,0022500239,PHX,ATL,246,231.83333333333334,1.9859013297356587,233.819234663069,1.9859013297356682,12.180765336930998,12.180765336930989,148.3710441933795,1415,
top_k_15_features,2025-11-16,2025_26,0022500240,UTA,CHI,297,243.83333333333334,-0.15612341409206607,243.67720991924128,-0.15612341409206465,53.32279008075872,53.32279008075872,2843.319941996661,1415,
top_k_15_features,2025-11-16,2025_26,0022500238,DAL,POR,271,234.16666666666666,-4.360797908135752,229.8058687585309,-4.3607979081357655,41.194131241469094,41.19413124146911,1696.9564487393811,1415,
top_k_15_features,2025-11-17,2025_26,0022500241,CLE,MIL,224,236.16666666666666,-2.011142606310019,234.15552406035664,-2.011142606310017,-10.155524060356639,10.15552406035664,103.13466894048263,1423,
top_k_15_features,2025-11-17,2025_26,0022500242,DET,IND,239,230.16666666666666,1.5011095484304482,231.6677762150971,1.5011095484304349,7.332223784902895,7.332223784902908,53.76150563189592,1423,
top_k_15_features,2025-11-17,2025_26,0022500243,PHI,LAC,218,220.5,-1.9216123909960805,218.57838760900393,-1.9216123909960743,-0.5783876090039195,0.5783876090039257,0.33453222624927803,1423,
top_k_15_features,2025-11-17,2025_26,0022500244,MIA,NYK,228,241.5,-0.03168793854619131,241.46831206145382,-0.03168793854618457,-13.468312061453808,13.468312061453815,181.39542978470232,1423,
top_k_15_features,2025-11-17,2025_26,0022500245,TOR,CHA,218,238.5,1.069505866512178,239.56950586651217,1.0695058665121735,-21.569505866512177,21.569505866512173,465.2435833255031,1423,
top_k_15_features,2025-11-17,2025_26,0022500246,MIN,DAL,216,229.16666666666666,-0.047476666460845536,229.1191900002058,-0.04747666646085236,-13.119190000205812,13.119190000205805,172.1131462615,1423,
top_k_15_features,2025-11-17,2025_26,0022500247,NOP,OKC,235,226.5,-3.193425964249081,223.3065740357509,-3.193425964249087,11.69342596424908,11.693425964249087,136.7362107813747,1423,
top_k_15_features,2025-11-17,2025_26,0022500248,DEN,CHI,257,240.5,3.465334635175859,243.96533463517585,3.46533463517585,13.034665364824141,13.03466536482415,169.9025011729463,1423,
top_k_15_features,2025-11-18,2025_26,0022500249,ORL,GSW,234,222.83333333333334,4.039188297465869,226.8725216307992,4.03918829746587,7.127478369200788,7.127478369200787,50.80094790342511,1431,
top_k_15_features,2025-11-18,2025_26,0022500251,ATL,DET,232,228.5,-0.3993747642217176,228.1006252357783,-0.3993747642217045,3.899374764221718,3.8993747642217045,15.205123551849073,1431,
top_k_15_features,2025-11-18,2025_26,0022500250,BKN,BOS,212,223.16666666666666,-1.150276379292767,222.0163902873739,-1.1502763792927624,-10.01639028737389,10.016390287373895,100.32807438899809,1431,
top_k_15_features,2025-11-18,2025_26,0022500253,LAL,UTA,266,237.83333333333334,2.577892362410128,240.41122569574347,2.5778923624101253,25.58877430425653,25.588774304256532,654.7853703941794,1431,
top_k_15_features,2025-11-18,2025_26,0022500254,POR,PHX,237,237.16666666666666,1.131046760773995,238.29771342744064,1.1310467607739838,-1.297713427440652,1.297713427440641,1.684060139759736,1431,
top_k_15_features,2025-11-18,2025_26,0022500252,SAS,MEM,212,232.83333333333334,-0.23207343937101194,232.60125989396232,-0.2320734393710211,-20.601259893962332,20.60125989396232,424.41190921858043,1431,
top_k_15_features,2025-11-19,2025_26,0022500255,CLE,HOU,218,233.83333333333334,-0.476557037053596,233.35677629627975,-0.4765570370535954,-15.356776296279747,15.356776296279747,235.83057821397952,1437,
top_k_15_features,2025-11-19,2025_26,0022500256,IND,CHA,245,236.16666666666666,-2.729812653207233,233.43685401345942,-2.729812653207233,11.563145986540576,11.563145986540576,133.70634510604944,1437,
top_k_15_features,2025-11-19,2025_26,0022500257,MIA,GSW,206,231.83333333333334,-1.246730434118624,230.5866028992147,-1.246730434118632,-24.586602899214718,24.58660289921471,604.5010421236732,1437,
top_k_15_features,2025-11-19,2025_26,0022500258,PHI,TOR,233,234.5,3.2911269313228506,237.79112693132285,3.29112693132285,-4.79112693132285,4.79112693132285,22.954897272047113,1437,
top_k_15_features,2025-11-19,2025_26,0022500259,MIN,WAS,229,237.5,-2.1527142266794246,235.34728577332058,-2.1527142266794215,-6.347285773320575,6.3472857733205785,40.28803668819781,1437,
top_k_15_features,2025-11-19,2025_26,0022500260,NOP,DEN,243,233.16666666666666,0.7447397135409015,233.91140638020755,0.7447397135408949,9.08859361979244,9.088593619792448,82.602533985732,1437,
top_k_15_features,2025-11-19,2025_26,0022500261,OKC,SAC,212,233.5,-1.239309638765086,232.2606903612349,-1.2393096387650928,-20.260690361234914,20.260690361234907,410.49557391383706,1437,
top_k_15_features,2025-11-19,2025_26,0022500262,DAL,NYK,224,228.5,2.1426925054777763,230.64269250547778,2.1426925054777826,-6.642692505477776,6.642692505477783,44.125363722330704,1437,
top_k_15_features,2025-11-19,2025_26,0022500263,POR,CHI,243,243.83333333333334,-0.3188970845969199,243.51443624873642,-0.31889708459692656,-0.5144362487364229,0.5144362487364162,0.26464465401399595,1437,
top_k_15_features,2025-11-20,2025_26,0022500265,MEM,SAC,233,233.5,0.6624787638465305,234.16247876384654,0.6624787638465364,-1.1624787638465306,1.1624787638465364,1.3513568763941712,1446,
top_k_15_features,2025-11-20,2025_26,0022500264,ORL,LAC,230,218.5,2.4482263438052803,220.9482263438053,2.4482263438052883,9.051773656194719,9.051773656194712,81.93460632298058,1446,
top_k_15_features,2025-11-20,2025_26,0022500266,MIL,PHI,237,225.83333333333334,3.97421310400595,229.80754643733928,3.9742131040059405,7.192453562660708,7.192453562660717,51.731388251030836,1446,
top_k_15_features,2025-11-20,2025_26,0022500267,SAS,ATL,261,231.16666666666666,0.8506266363578887,232.01729330302456,0.8506266363579016,28.982706696975455,28.98270669697544,839.9972874829051,1446,
top_k_15_features,2025-11-21,2025_26,0022500056,GSW,POR,250,237.5,-2.5808991344147647,234.91910086558522,-2.5808991344147785,15.080899134414764,15.080899134414778,227.4335187023924,1450,
top_k_15_features,2025-11-21,2025_26,0022500048,CLE,IND,229,238.16666666666666,0.9202412122642427,239.0869078789309,0.9202412122642443,-10.0869078789309,10.086907878930901,101.7457105580383,1450,
top_k_15_features,2025-11-21,2025_26,0022500049,BOS,BKN,218,222.5,2.4709108222818954,224.9709108222819,2.470910822281894,-6.970910822281896,6.970910822281894,48.593597692206835,1450,
top_k_15_features,2025-11-21,2025_26,0022500050,TOR,WAS,250,240.5,0.07505282157923926,240.57505282157925,0.07505282157924853,9.42494717842076,9.424947178420751,88.82962931602128,1450,
top_k_15_features,2025-11-21,2025_26,0022500051,CHI,MIA,250,249.5,-3.3493047655396744,246.15069523446033,-3.349304765539671,3.8493047655396744,3.849304765539671,14.81714717800642,1450,
top_k_15_features,2025-11-21,2025_26,0022500052,DAL,NOP,233,232.5,-0.49336241452227125,232.00663758547773,-0.4933624145222666,0.9933624145222713,0.9933624145222666,0.9867688865855074,1450,
top_k_15_features,2025-11-21,2025_26,0022500053,PHX,MIN,227,234.16666666666666,1.8113493877232711,235.97801605438994,1.8113493877232827,-8.97801605438993,8.97801605438994,80.60477227288351,1450,
top_k_15_features,2025-11-21,2025_26,0022500054,HOU,DEN,221,234.5,1.9656044392189145,236.4656044392189,1.9656044392189074,-15.465604439218914,15.465604439218907,239.18492067038758,1450,
top_k_15_features,2025-11-21,2025_26,0022500055,UTA,OKC,256,235.5,-4.669540171868679,230.83045982813132,-4.669540171868675,25.16954017186868,25.169540171868675,633.5057524633111,1450,
top_k_15_features,2025-11-22,2025_26,0022500269,ORL,NYK,254,229.5,2.6119356398243547,232.11193563982437,2.6119356398243667,21.888064360175644,21.888064360175633,479.08736143519076,1459,
top_k_15_features,2025-11-22,2025_26,0022500270,NOP,ATL,213,230.83333333333334,1.6843666293060644,232.5176999626394,1.684366629306055,-19.51769996263941,19.517699962639398,380.940611831614,1459,
top_k_15_features,2025-11-22,2025_26,0022500268,CHA,LAC,247,228.5,0.7509317378249194,229.2509317378249,0.7509317378249136,17.74906826217508,17.749068262175086,315.0294241753509,1459,
top_k_15_features,2025-11-22,2025_26,0022500273,DAL,MEM,198,227.16666666666666,0.4727933282069995,227.63945999487365,0.4727933282069898,-29.639459994873658,29.639459994873647,878.4975887877154,1459,
top_k_15_features,2025-11-22,2025_26,0022500274,DEN,SAC,251,236.16666666666666,0.9084420300291386,237.0751086966958,0.9084420300291356,13.924891303304204,13.924891303304207,193.90259780883713,1459,
top_k_15_features,2025-11-22,2025_26,0022500272,MIL,DET,245,223.5,2.9532425554499024,226.4532425554499,2.95324255544989,18.546757444550096,18.54675744455011,343.9822117069749,1459,
top_k_15_features,2025-11-22,2025_26,0022500271,CHI,WAS,241,243.83333333333334,-3.0466971170099066,240.78663621632344,-3.0466971170098986,0.21336378367656383,0.21336378367655584,0.045524104184776114,1459,
