experiment,date,season,game_id,home_team,away_team,actual_total,market_total_line,pred_residual,pred_total,edge,residual_error,abs_error,squared_error,train_games,skip_reason
top_k_20_features,2024-10-22,2024_25,0022400061,BOS,NYK,241,222.5,,,,,,,0,insufficient_training_data
top_k_20_features,2024-10-22,2024_25,0022400062,LAL,MIN,213,220.0,,,,,,,0,insufficient_training_data
top_k_20_features,2024-10-23,2024_25,0022400067,TOR,CLE,242,224.33333333333334,,,,,,,2,insufficient_training_data
top_k_20_features,2024-10-23,2024_25,0022400064,ATL,BKN,236,222.33333333333334,,,,,,,2,insufficient_training_data
top_k_20_features,2024-10-23,2024_25,0022400066,PHI,MIL,233,223.5,,,,,,,2,insufficient_training_data
top_k_20_features,2024-10-23,2024_25,0022400063,DET,IND,224,234.66666666666666,,,,,,,2,insufficient_training_data
top_k_20_features,2024-10-23,2024_25,0022400065,MIA,ORL,213,208.0,,,,,,,2,insufficient_training_data
top_k_20_features,2024-10-23,2024_25,0022400069,NOP,CHI,234,227.16666666666666,,,,,,,2,insufficient_training_data
top_k_20_features,2024-10-23,2024_25,0022400070,UTA,MEM,250,228.66666666666666,,,,,,,2,insufficient_training_data
top_k_20_features,2024-10-23,2024_25,0022400071,LAC,PHX,229,224.66666666666666,,,,,,,2,insufficient_training_data
top_k_20_features,2024-10-23,2024_25,0022400072,POR,GSW,244,222.16666666666666,,,,,,,2,insufficient_training_data
top_k_20_features,2024-10-23,2024_25,0022400068,HOU,CHA,215,229.5,,,,,,,2,insufficient_training_data
top_k_20_features,2024-10-24,2024_25,0022400073,WAS,BOS,224,233.33333333333334,,,,,,,12,insufficient_training_data
top_k_20_features,2024-10-24,2024_25,0022400074,DAL,SAS,229,229.5,,,,,,,12,insufficient_training_data
top_k_20_features,2024-10-24,2024_25,0022400075,DEN,OKC,189,226.0,,,,,,,12,insufficient_training_data
top_k_20_features,2024-10-24,2024_25,0022400076,SAC,MIN,232,220.5,,,,,,,12,insufficient_training_data
top_k_20_features,2024-10-25,2024_25,0022400077,ORL,BKN,217,215.5,,,,,,,16,insufficient_training_data
top_k_20_features,2024-10-25,2024_25,0022400081,NYK,IND,221,226.5,,,,,,,16,insufficient_training_data
top_k_20_features,2024-10-25,2024_25,0022400086,POR,NOP,208,218.5,,,,,,,16,insufficient_training_data
top_k_20_features,2024-10-25,2024_25,0022400080,CLE,DET,214,227.66666666666666,,,,,,,16,insufficient_training_data
top_k_20_features,2024-10-25,2024_25,0022400079,ATL,CHA,245,223.5,,,,,,,16,insufficient_training_data
top_k_20_features,2024-10-25,2024_25,0022400082,HOU,MEM,236,222.16666666666666,,,,,,,16,insufficient_training_data
top_k_20_features,2024-10-25,2024_25,0022400083,MIL,CHI,255,233.66666666666666,,,,,,,16,insufficient_training_data
top_k_20_features,2024-10-25,2024_25,0022400084,UTA,GSW,213,232.66666666666666,,,,,,,16,insufficient_training_data
top_k_20_features,2024-10-25,2024_25,0022400085,LAL,PHX,239,223.5,,,,,,,16,insufficient_training_data
top_k_20_features,2024-10-25,2024_25,0022400078,TOR,PHI,222,219.5,,,,,,,16,insufficient_training_data
top_k_20_features,2024-10-26,2024_25,0022400091,CHI,OKC,209,232.0,,,,,,,26,insufficient_training_data
top_k_20_features,2024-10-26,2024_25,0022400088,CHA,MIA,220,223.5,,,,,,,26,insufficient_training_data
top_k_20_features,2024-10-26,2024_25,0022400090,WAS,CLE,251,229.0,,,,,,,26,insufficient_training_data
top_k_20_features,2024-10-26,2024_25,0022400087,DEN,LAC,213,219.5,,,,,,,26,insufficient_training_data
top_k_20_features,2024-10-26,2024_25,0022400089,DET,BOS,242,227.33333333333334,,,,,,,26,insufficient_training_data
top_k_20_features,2024-10-26,2024_25,0022400095,PHX,DAL,216,232.33333333333334,,,,,,,26,insufficient_training_data
top_k_20_features,2024-10-26,2024_25,0022400096,LAL,SAC,258,231.66666666666666,,,,,,,26,insufficient_training_data
top_k_20_features,2024-10-26,2024_25,0022400093,MIN,TOR,213,220.33333333333334,,,,,,,26,insufficient_training_data
top_k_20_features,2024-10-26,2024_25,0022400094,SAS,HOU,215,224.16666666666666,,,,,,,26,insufficient_training_data
top_k_20_features,2024-10-26,2024_25,0022400092,MEM,ORL,235,222.16666666666666,,,,,,,26,insufficient_training_data
top_k_20_features,2024-10-27,2024_25,0022400097,IND,PHI,232,228.66666666666666,,,,,,,36,insufficient_training_data
top_k_20_features,2024-10-27,2024_25,0022400098,BKN,MIL,217,231.5,,,,,,,36,insufficient_training_data
top_k_20_features,2024-10-27,2024_25,0022400099,POR,NOP,228,219.33333333333334,,,,,,,36,insufficient_training_data
top_k_20_features,2024-10-27,2024_25,0022400100,OKC,ATL,232,230.33333333333334,,,,,,,36,insufficient_training_data
top_k_20_features,2024-10-27,2024_25,0022400101,GSW,LAC,216,221.83333333333334,,,,,,,36,insufficient_training_data
top_k_20_features,2024-10-28,2024_25,0022400105,MIA,DET,204,219.33333333333334,,,,,,,41,insufficient_training_data
top_k_20_features,2024-10-28,2024_25,0022400107,TOR,DEN,252,220.5,,,,,,,41,insufficient_training_data
top_k_20_features,2024-10-28,2024_25,0022400102,ORL,IND,234,224.5,,,,,,,41,insufficient_training_data
top_k_20_features,2024-10-28,2024_25,0022400104,BOS,MIL,227,234.0,,,,,,,41,insufficient_training_data
top_k_20_features,2024-10-28,2024_25,0022400106,NYK,CLE,214,221.5,,,,,,,41,insufficient_training_data
top_k_20_features,2024-10-28,2024_25,0022400109,SAS,HOU,207,220.0,,,,,,,41,insufficient_training_data
top_k_20_features,2024-10-28,2024_25,0022400108,MEM,CHI,249,233.5,,,,,,,41,insufficient_training_data
top_k_20_features,2024-10-28,2024_25,0022400112,SAC,POR,209,227.66666666666666,,,,,,,41,insufficient_training_data
top_k_20_features,2024-10-28,2024_25,0022400111,PHX,LAL,214,227.5,,,,,,,41,insufficient_training_data
top_k_20_features,2024-10-28,2024_25,0022400103,ATL,WAS,240,233.33333333333334,,,,,,,41,insufficient_training_data
top_k_20_features,2024-10-28,2024_25,0022400110,DAL,UTA,212,233.33333333333334,,,,,,,41,insufficient_training_data
top_k_20_features,2024-10-29,2024_25,0022400116,GSW,NOP,230,217.66666666666666,,,,,,,52,insufficient_training_data
top_k_20_features,2024-10-29,2024_25,0022400115,UTA,SAC,209,235.33333333333334,,,,,,,52,insufficient_training_data
top_k_20_features,2024-10-29,2024_25,0022400114,MIN,DAL,234,222.5,,,,,,,52,insufficient_training_data
top_k_20_features,2024-10-29,2024_25,0022400113,BKN,DEN,283,218.0,,,,,,,52,insufficient_training_data
top_k_20_features,2024-10-30,2024_25,0022400123,CHI,ORL,201,227.33333333333334,,,,,,,56,insufficient_training_data
top_k_20_features,2024-10-30,2024_25,0022400121,WAS,ATL,253,233.33333333333334,,,,,,,56,insufficient_training_data
top_k_20_features,2024-10-30,2024_25,0022400117,CHA,TOR,271,223.5,,,,,,,56,insufficient_training_data
top_k_20_features,2024-10-30,2024_25,0022400118,CLE,LAL,244,224.83333333333334,,,,,,,56,insufficient_training_data
top_k_20_features,2024-10-30,2024_25,0022400119,IND,BOS,267,233.66666666666666,,,,,,,56,insufficient_training_data
top_k_20_features,2024-10-30,2024_25,0022400120,PHI,DET,200,217.5,,,,,,,56,insufficient_training_data
top_k_20_features,2024-10-30,2024_25,0022400126,GSW,NOP,193,219.5,,,,,,,56,insufficient_training_data
top_k_20_features,2024-10-30,2024_25,0022400122,MIA,NYK,223,214.5,,,,,,,56,insufficient_training_data
top_k_20_features,2024-10-30,2024_25,0022400124,MEM,BKN,225,225.83333333333334,,,,,,,56,insufficient_training_data
top_k_20_features,2024-10-30,2024_25,0022400127,LAC,POR,211,214.83333333333334,,,,,,,56,insufficient_training_data
top_k_20_features,2024-10-30,2024_25,0022400125,OKC,SAS,198,221.5,,,,,,,56,insufficient_training_data
top_k_20_features,2024-10-31,2024_25,0022400130,UTA,SAS,194,223.33333333333334,,,,,,,67,insufficient_training_data
top_k_20_features,2024-10-31,2024_25,0022400131,LAC,PHX,244,223.5,,,,,,,67,insufficient_training_data
top_k_20_features,2024-10-31,2024_25,0022400129,DAL,HOU,210,225.66666666666666,,,,,,,67,insufficient_training_data
top_k_20_features,2024-10-31,2024_25,0022400128,MEM,MIL,221,226.5,,,,,,,67,insufficient_training_data
top_k_20_features,2024-11-01,2024_25,0022400135,ATL,SAC,238,239.66666666666666,,,,,,,71,insufficient_training_data
top_k_20_features,2024-11-01,2024_25,0022400137,TOR,LAL,256,229.0,,,,,,,71,insufficient_training_data
top_k_20_features,2024-11-01,2024_25,0022400139,MIN,DEN,235,219.33333333333334,,,,,,,71,insufficient_training_data
top_k_20_features,2024-11-01,2024_25,0022400138,NOP,IND,243,232.33333333333334,,,,,,,71,insufficient_training_data
top_k_20_features,2024-11-01,2024_25,0022400136,BKN,CHI,232,226.16666666666666,,,,,,,71,insufficient_training_data
top_k_20_features,2024-11-01,2024_25,0022400140,POR,OKC,251,220.16666666666666,,,,,,,71,insufficient_training_data
top_k_20_features,2024-11-01,2024_25,0022400134,DET,NYK,226,218.5,,,,,,,71,insufficient_training_data
top_k_20_features,2024-11-01,2024_25,0022400133,CLE,ORL,229,217.16666666666666,,,,,,,71,insufficient_training_data
top_k_20_features,2024-11-01,2024_25,0022400132,CHA,BOS,233,231.66666666666666,,,,,,,71,insufficient_training_data
top_k_20_features,2024-11-02,2024_25,0022400141,CHA,BOS,216,231.33333333333334,,,,,,,80,insufficient_training_data
top_k_20_features,2024-11-02,2024_25,0022400142,PHI,MEM,231,223.33333333333334,,,,,,,80,insufficient_training_data
top_k_20_features,2024-11-02,2024_25,0022400143,TOR,SAC,259,232.5,,,,,,,80,insufficient_training_data
top_k_20_features,2024-11-02,2024_25,0022400149,PHX,POR,200,224.33333333333334,,,,,,,80,insufficient_training_data
top_k_20_features,2024-11-02,2024_25,0022400144,HOU,GSW,248,217.33333333333334,,,,,,,80,insufficient_training_data
top_k_20_features,2024-11-02,2024_25,0022400146,SAS,MIN,216,214.83333333333334,,,,,,,80,insufficient_training_data
top_k_20_features,2024-11-02,2024_25,0022400148,DEN,UTA,232,218.5,,,,,,,80,insufficient_training_data
top_k_20_features,2024-11-02,2024_25,0022400150,LAC,OKC,197,220.33333333333334,,,,,,,80,insufficient_training_data
top_k_20_features,2024-11-02,2024_25,0022400145,MIL,CLE,227,232.16666666666666,,,,,,,80,insufficient_training_data
top_k_20_features,2024-11-03,2024_25,0022400153,DAL,ORL,193,219.33333333333334,,,,,,,89,insufficient_training_data
top_k_20_features,2024-11-03,2024_25,0022400151,BKN,DET,198,219.5,,,,,,,89,insufficient_training_data
top_k_20_features,2024-11-03,2024_25,0022400152,NOP,ATL,237,230.83333333333334,,,,,,,89,insufficient_training_data
top_k_20_features,2024-11-04,2024_25,0022400160,CHI,UTA,261,228.0,,,,,,,92,insufficient_training_data
top_k_20_features,2024-11-04,2024_25,0022400154,CLE,MIL,230,230.33333333333334,,,,,,,92,insufficient_training_data
top_k_20_features,2024-11-04,2024_25,0022400155,WAS,GSW,237,231.5,,,,,,,92,insufficient_training_data
top_k_20_features,2024-11-04,2024_25,0022400156,DET,LAL,218,226.33333333333334,,,,,,,92,insufficient_training_data
top_k_20_features,2024-11-04,2024_25,0022400157,ATL,BOS,216,234.33333333333334,,,,,,,92,insufficient_training_data
top_k_20_features,2024-11-04,2024_25,0022400159,MIA,SAC,221,227.16666666666666,,,,,,,92,insufficient_training_data
top_k_20_features,2024-11-04,2024_25,0022400163,OKC,ORL,188,215.33333333333334,,,,,,,92,insufficient_training_data
top_k_20_features,2024-11-04,2024_25,0022400158,BKN,MEM,210,225.33333333333334,,,,,,,92,insufficient_training_data
top_k_20_features,2024-11-04,2024_25,0022400168,LAC,SAS,217,218.0,,,,,,,92,insufficient_training_data
top_k_20_features,2024-11-04,2024_25,0022400164,NOP,POR,218,221.66666666666666,,,,,,,92,insufficient_training_data
top_k_20_features,2024-11-04,2024_25,0022400165,DAL,IND,261,235.66666666666666,,,,,,,92,insufficient_training_data
top_k_20_features,2024-11-04,2024_25,0022400166,DEN,TOR,240,228.83333333333334,,,,,,,92,insufficient_training_data
top_k_20_features,2024-11-04,2024_25,0022400167,PHX,PHI,234,226.66666666666666,,,,,,,92,insufficient_training_data
top_k_20_features,2024-11-04,2024_25,0022400162,MIN,CHA,207,226.5,,,,,,,92,insufficient_training_data
top_k_20_features,2024-11-04,2024_25,0022400161,HOU,NYK,206,219.16666666666666,,,,,,,92,insufficient_training_data
top_k_20_features,2024-11-06,2024_25,0022400172,BOS,GSW,230,230.0,,,,,,,107,insufficient_training_data
top_k_20_features,2024-11-06,2024_25,0022400174,MEM,LAL,245,229.83333333333334,,,,,,,107,insufficient_training_data
top_k_20_features,2024-11-06,2024_25,0022400169,CHA,DET,215,222.66666666666666,,,,,,,107,insufficient_training_data
top_k_20_features,2024-11-06,2024_25,0022400170,IND,ORL,229,226.5,,,,,,,107,insufficient_training_data
top_k_20_features,2024-11-06,2024_25,0022400171,ATL,NYK,237,225.5,,,,,,,107,insufficient_training_data
top_k_20_features,2024-11-06,2024_25,0022400173,HOU,SAS,227,213.5,,,,,,,107,insufficient_training_data
top_k_20_features,2024-11-06,2024_25,0022400178,PHX,MIA,227,222.5,,,,,,,107,insufficient_training_data
top_k_20_features,2024-11-06,2024_25,0022400176,DAL,CHI,218,234.83333333333334,,,,,,,107,insufficient_training_data
top_k_20_features,2024-11-06,2024_25,0022400177,DEN,OKC,246,222.0,,,,,,,107,insufficient_training_data
top_k_20_features,2024-11-06,2024_25,0022400179,LAC,PHI,208,218.33333333333334,,,,,,,107,insufficient_training_data
top_k_20_features,2024-11-06,2024_25,0022400180,SAC,TOR,229,238.0,,,,,,,107,insufficient_training_data
top_k_20_features,2024-11-06,2024_25,0022400175,NOP,CLE,253,224.0,,,,,,,107,insufficient_training_data
top_k_20_features,2024-11-07,2024_25,0022400181,CHI,MIN,254,227.66666666666666,,,,,,,119,insufficient_training_data
top_k_20_features,2024-11-07,2024_25,0022400182,MIL,UTA,223,229.66666666666666,,,,,,,119,insufficient_training_data
top_k_20_features,2024-11-07,2024_25,0022400183,SAS,POR,223,217.5,,,,,,,119,insufficient_training_data
top_k_20_features,2024-11-08,2024_25,0022400188,CLE,GSW,253,231.33333333333334,,,,,,,122,insufficient_training_data
top_k_20_features,2024-11-08,2024_25,0022400189,NYK,MIL,210,224.83333333333334,,,,,,,122,insufficient_training_data
top_k_20_features,2024-11-08,2024_25,0022400185,DET,ATL,243,227.0,,,,,,,122,insufficient_training_data
top_k_20_features,2024-11-08,2024_25,0022400186,ORL,NOP,203,213.5,,,,,,,122,insufficient_training_data
top_k_20_features,2024-11-08,2024_25,0022400187,BOS,BKN,212,224.33333333333334,,,,,,,122,insufficient_training_data
top_k_20_features,2024-11-08,2024_25,0022400193,MIN,POR,229,220.66666666666666,,,,,,,122,insufficient_training_data
top_k_20_features,2024-11-08,2024_25,0022400184,CHA,IND,186,234.66666666666666,,,,,,,122,insufficient_training_data
top_k_20_features,2024-11-08,2024_25,0022400192,OKC,HOU,233,219.0,,,,,,,122,insufficient_training_data
top_k_20_features,2024-11-08,2024_25,0022400196,SAC,LAC,205,224.0,,,,,,,122,insufficient_training_data
top_k_20_features,2024-11-08,2024_25,0022400194,DEN,MIA,257,222.0,,,,,,,122,insufficient_training_data
top_k_20_features,2024-11-08,2024_25,0022400195,LAL,PHI,222,222.66666666666666,,,,,,,122,insufficient_training_data
top_k_20_features,2024-11-08,2024_25,0022400191,MEM,WAS,232,229.33333333333334,,,,,,,122,insufficient_training_data
top_k_20_features,2024-11-08,2024_25,0022400190,DAL,PHX,227,230.5,,,,,,,122,insufficient_training_data
top_k_20_features,2024-11-09,2024_25,0022400200,LAC,TOR,208,226.33333333333334,,,,,,,135,insufficient_training_data
top_k_20_features,2024-11-09,2024_25,0022400199,CLE,BKN,205,223.33333333333334,,,,,,,135,insufficient_training_data
top_k_20_features,2024-11-09,2024_25,0022400197,SAS,UTA,221,222.5,,,,,,,135,insufficient_training_data
top_k_20_features,2024-11-09,2024_25,0022400198,ATL,CHI,238,238.5,,,,,,,135,insufficient_training_data
top_k_20_features,2024-11-10,2024_25,0022400201,DET,HOU,200,220.33333333333334,,,,,,,139,insufficient_training_data
top_k_20_features,2024-11-10,2024_25,0022400206,MIN,MIA,189,218.33333333333334,,,,,,,139,insufficient_training_data
top_k_20_features,2024-11-10,2024_25,0022400203,IND,NYK,253,229.0,,,,,,,139,insufficient_training_data
top_k_20_features,2024-11-10,2024_25,0022400205,PHI,CHA,212,221.16666666666666,,,,,,,139,insufficient_training_data
top_k_20_features,2024-11-10,2024_25,0022400202,MIL,BOS,220,228.5,,,,,,,139,insufficient_training_data
top_k_20_features,2024-11-10,2024_25,0022400204,ORL,WAS,215,220.16666666666666,,,,,,,139,insufficient_training_data
top_k_20_features,2024-11-10,2024_25,0022400208,DEN,DAL,242,231.5,,,,,,,139,insufficient_training_data
top_k_20_features,2024-11-10,2024_25,0022400209,PHX,SAC,245,228.33333333333334,,,,,,,139,insufficient_training_data
top_k_20_features,2024-11-10,2024_25,0022400210,POR,MEM,223,226.0,,,,,,,139,insufficient_training_data
top_k_20_features,2024-11-10,2024_25,0022400211,LAL,TOR,226,235.33333333333334,,,,,,,139,insufficient_training_data
top_k_20_features,2024-11-10,2024_25,0022400207,OKC,GSW,243,227.5,,,,,,,139,insufficient_training_data
top_k_20_features,2024-11-11,2024_25,0022400212,CHI,CLE,232,237.16666666666666,,,,,,,150,insufficient_training_data
top_k_20_features,2024-11-11,2024_25,0022400215,OKC,LAC,262,218.83333333333334,,,,,,,150,insufficient_training_data
top_k_20_features,2024-11-11,2024_25,0022400214,NOP,BKN,212,212.83333333333334,,,,,,,150,insufficient_training_data
top_k_20_features,2024-11-11,2024_25,0022400216,SAS,SAC,212,222.0,,,,,,,150,insufficient_training_data
top_k_20_features,2024-11-11,2024_25,0022400213,HOU,WAS,199,226.5,,,,,,,150,insufficient_training_data
top_k_20_features,2024-11-12,2024_25,0022400002,DET,MIA,244,215.5,,,,,,,155,insufficient_training_data
top_k_20_features,2024-11-12,2024_25,0022400007,GSW,DAL,237,232.33333333333334,,,,,,,155,insufficient_training_data
top_k_20_features,2024-11-12,2024_25,0022400008,POR,MIN,230,218.5,,,,,,,155,insufficient_training_data
top_k_20_features,2024-11-12,2024_25,0022400006,UTA,PHX,232,228.33333333333334,,,,,,,155,insufficient_training_data
top_k_20_features,2024-11-12,2024_25,0022400001,BOS,ATL,233,227.0,,,,,,,155,insufficient_training_data
top_k_20_features,2024-11-12,2024_25,0022400004,PHI,NYK,210,215.5,,,,,,,155,insufficient_training_data
top_k_20_features,2024-11-12,2024_25,0022400003,ORL,CHA,203,213.33333333333334,,,,,,,155,insufficient_training_data
top_k_20_features,2024-11-12,2024_25,0022400005,MIL,TOR,184,227.83333333333334,,,,,,,155,insufficient_training_data
top_k_20_features,2024-11-13,2024_25,0022400217,ORL,IND,184,225.66666666666666,,,,,,,163,insufficient_training_data
top_k_20_features,2024-11-13,2024_25,0022400227,SAC,PHX,231,225.5,,,,,,,163,insufficient_training_data
top_k_20_features,2024-11-13,2024_25,0022400226,POR,MIN,204,221.75,,,,,,,163,insufficient_training_data
top_k_20_features,2024-11-13,2024_25,0022400225,LAL,MEM,251,230.5,,,,,,,163,insufficient_training_data
top_k_20_features,2024-11-13,2024_25,0022400224,SAS,WAS,269,222.66666666666666,,,,,,,163,insufficient_training_data
top_k_20_features,2024-11-13,2024_25,0022400223,MIL,DET,247,217.16666666666666,,,,,,,163,insufficient_training_data
top_k_20_features,2024-11-13,2024_25,0022400220,PHI,CLE,220,217.66666666666666,,,,,,,163,insufficient_training_data
top_k_20_features,2024-11-13,2024_25,0022400221,OKC,NOP,194,221.5,,,,,,,163,insufficient_training_data
top_k_20_features,2024-11-13,2024_25,0022400219,NYK,CHI,247,228.33333333333334,,,,,,,163,insufficient_training_data
top_k_20_features,2024-11-13,2024_25,0022400218,BKN,BOS,253,218.0,,,,,,,163,insufficient_training_data
top_k_20_features,2024-11-13,2024_25,0022400222,HOU,LAC,214,213.83333333333334,,,,,,,163,insufficient_training_data
top_k_20_features,2024-11-14,2024_25,0022400228,UTA,DAL,228,230.83333333333334,,,,,,,174,insufficient_training_data
top_k_20_features,2024-11-15,2024_25,0022400009,IND,MIA,235,227.83333333333334,,,,,,,175,insufficient_training_data
top_k_20_features,2024-11-15,2024_25,0022400012,ATL,WAS,246,240.33333333333334,,,,,,,175,insufficient_training_data
top_k_20_features,2024-11-15,2024_25,0022400010,ORL,PHI,184,210.66666666666666,,,,,,,175,insufficient_training_data
top_k_20_features,2024-11-15,2024_25,0022400011,TOR,DET,194,225.0,,,,,,,175,insufficient_training_data
top_k_20_features,2024-11-15,2024_25,0022400013,CLE,CHI,270,237.16666666666666,,,,,,,175,insufficient_training_data
top_k_20_features,2024-11-15,2024_25,0022400014,NYK,BKN,246,216.5,,,,,,,175,insufficient_training_data
top_k_20_features,2024-11-15,2024_25,0022400016,HOU,LAC,229,217.33333333333334,,,,,,,175,insufficient_training_data
top_k_20_features,2024-11-15,2024_25,0022400017,NOP,DEN,195,221.0,,,,,,,175,insufficient_training_data
top_k_20_features,2024-11-15,2024_25,0022400018,OKC,PHX,182,228.0,,,,,,,175,insufficient_training_data
top_k_20_features,2024-11-15,2024_25,0022400015,SAS,LAL,235,227.33333333333334,,,,,,,175,insufficient_training_data
top_k_20_features,2024-11-15,2024_25,0022400019,GSW,MEM,241,235.33333333333334,,,,,,,175,insufficient_training_data
top_k_20_features,2024-11-15,2024_25,0022400020,SAC,MIN,256,222.0,,,,,,,175,insufficient_training_data
top_k_20_features,2024-11-16,2024_25,0022400229,CHA,MIL,229,217.33333333333334,,,,,,,187,insufficient_training_data
top_k_20_features,2024-11-16,2024_25,0022400230,BOS,TOR,249,228.5,,,,,,,187,insufficient_training_data
top_k_20_features,2024-11-16,2024_25,0022400231,NOP,LAL,203,221.33333333333334,,,,,,,187,insufficient_training_data
top_k_20_features,2024-11-16,2024_25,0022400232,DAL,SAS,203,227.0,,,,,,,187,insufficient_training_data
top_k_20_features,2024-11-16,2024_25,0022400233,SAC,UTA,238,227.5,,,,,,,187,insufficient_training_data
top_k_20_features,2024-11-17,2024_25,0022400235,IND,MIA,229,228.66666666666666,,,,,,,192,insufficient_training_data
top_k_20_features,2024-11-17,2024_25,0022400238,MEM,DEN,195,228.0,,,,,,,192,insufficient_training_data
top_k_20_features,2024-11-17,2024_25,0022400234,MIN,PHX,237,219.5,,,,,,,192,insufficient_training_data
top_k_20_features,2024-11-17,2024_25,0022400237,WAS,DET,228,228.66666666666666,,,,,,,192,insufficient_training_data
top_k_20_features,2024-11-17,2024_25,0022400236,CLE,CHA,242,224.16666666666666,,,,,,,192,insufficient_training_data
top_k_20_features,2024-11-17,2024_25,0022400242,OKC,DAL,240,229.5,,,,,,,192,insufficient_training_data
top_k_20_features,2024-11-17,2024_25,0022400240,NYK,BKN,218,220.5,,,,,,,192,insufficient_training_data
top_k_20_features,2024-11-17,2024_25,0022400241,CHI,HOU,250,233.66666666666666,,,,,,,192,insufficient_training_data
top_k_20_features,2024-11-17,2024_25,0022400243,LAC,UTA,221,220.5,,,,,,,192,insufficient_training_data
top_k_20_features,2024-11-17,2024_25,0022400239,POR,ATL,224,232.33333333333334,,,,,,,192,insufficient_training_data
top_k_20_features,2024-11-18,2024_25,0022400245,MIA,PHI,195,212.66666666666666,,,,,,,202,insufficient_training_data
top_k_20_features,2024-11-18,2024_25,0022400247,TOR,IND,249,234.33333333333334,,,,,,,202,insufficient_training_data
top_k_20_features,2024-11-18,2024_25,0022400244,DET,CHI,234,233.5,,,,,,,202,insufficient_training_data
top_k_20_features,2024-11-18,2024_25,0022400246,NYK,WAS,240,231.16666666666666,,,,,,,202,insufficient_training_data
top_k_20_features,2024-11-18,2024_25,0022400251,LAC,GSW,201,226.16666666666666,,,,,,,202,insufficient_training_data
top_k_20_features,2024-11-18,2024_25,0022400250,SAC,ATL,217,234.83333333333334,,,,,,,202,insufficient_training_data
top_k_20_features,2024-11-18,2024_25,0022400249,PHX,ORL,208,211.16666666666666,,,,,,,202,insufficient_training_data
top_k_20_features,2024-11-18,2024_25,0022400248,MIL,HOU,201,222.33333333333334,,,,,,,202,insufficient_training_data
top_k_20_features,2024-11-19,2024_25,0022400021,BOS,CLE,237,234.83333333333334,,,,,,,210,insufficient_training_data
top_k_20_features,2024-11-19,2024_25,0022400022,BKN,CHA,231,220.83333333333334,,,,,,,210,insufficient_training_data
top_k_20_features,2024-11-19,2024_25,0022400023,MEM,DEN,232,226.83333333333334,,,,,,,210,insufficient_training_data
top_k_20_features,2024-11-19,2024_25,0022400024,DAL,NOP,223,221.83333333333334,,,,,,,210,insufficient_training_data
top_k_20_features,2024-11-19,2024_25,0022400025,SAS,OKC,214,223.16666666666666,,,,,,,210,insufficient_training_data
top_k_20_features,2024-11-19,2024_25,0022400026,LAL,UTA,242,235.33333333333334,,,,,,,210,insufficient_training_data
top_k_20_features,2024-11-20,2024_25,0022400255,MEM,PHI,228,219.5,,,,,,,216,insufficient_training_data
top_k_20_features,2024-11-20,2024_25,0022400252,CLE,NOP,228,222.0,,,,,,,216,insufficient_training_data
top_k_20_features,2024-11-20,2024_25,0022400253,MIL,CHI,228,238.0,,,,,,,216,insufficient_training_data
top_k_20_features,2024-11-20,2024_25,0022400254,HOU,IND,243,231.5,,,,,,,216,insufficient_training_data
top_k_20_features,2024-11-20,2024_25,0022400259,LAC,ORL,197,206.5,,,,,,,216,insufficient_training_data
top_k_20_features,2024-11-20,2024_25,0022400257,PHX,NYK,260,222.5,,,,,,,216,insufficient_training_data
top_k_20_features,2024-11-20,2024_25,0022400258,GSW,ATL,217,239.0,,,,,,,216,insufficient_training_data
top_k_20_features,2024-11-20,2024_25,0022400256,OKC,POR,208,223.83333333333334,,,,,,,216,insufficient_training_data
top_k_20_features,2024-11-21,2024_25,0022400263,LAL,ORL,237,217.33333333333334,,,,,,,224,insufficient_training_data
top_k_20_features,2024-11-21,2024_25,0022400262,SAS,UTA,244,224.16666666666666,,,,,,,224,insufficient_training_data
top_k_20_features,2024-11-21,2024_25,0022400260,CHA,DET,244,220.66666666666666,,,,,,,224,insufficient_training_data
top_k_20_features,2024-11-21,2024_25,0022400261,TOR,MIN,215,225.5,,,,,,,224,insufficient_training_data
top_k_20_features,2024-11-22,2024_25,0022400034,LAC,SAC,192,221.33333333333334,,,,,,,228,insufficient_training_data
top_k_20_features,2024-11-22,2024_25,0022400033,DEN,DAL,243,227.33333333333334,,,,,,,228,insufficient_training_data
top_k_20_features,2024-11-22,2024_25,0022400031,HOU,POR,204,223.16666666666666,,,,,,,228,insufficient_training_data
top_k_20_features,2024-11-22,2024_25,0022400032,NOP,GSW,220,223.5,,,,,,,228,insufficient_training_data
top_k_20_features,2024-11-22,2024_25,0022400029,MIL,IND,246,237.5,,,,,,,228,insufficient_training_data
top_k_20_features,2024-11-22,2024_25,0022400027,PHI,BKN,211,217.5,,,,,,,228,insufficient_training_data
top_k_20_features,2024-11-22,2024_25,0022400030,CHI,ATL,258,244.5,,,,,,,228,insufficient_training_data
top_k_20_features,2024-11-22,2024_25,0022400028,WAS,BOS,204,237.83333333333334,,,,,,,228,insufficient_training_data
top_k_20_features,2024-11-23,2024_25,0022400264,UTA,NYK,227,229.66666666666666,,,,,,,236,insufficient_training_data
top_k_20_features,2024-11-23,2024_25,0022400265,ORL,DET,211,206.66666666666666,,,,,,,236,insufficient_training_data
top_k_20_features,2024-11-23,2024_25,0022400266,CHI,MEM,273,243.16666666666666,,,,,,,236,insufficient_training_data
top_k_20_features,2024-11-23,2024_25,0022400267,HOU,POR,202,224.5,,,,,,,236,insufficient_training_data
top_k_20_features,2024-11-23,2024_25,0022400268,MIL,CHA,244,223.0,,,,,,,236,insufficient_training_data
top_k_20_features,2024-11-23,2024_25,0022400269,SAS,GSW,198,225.33333333333334,,,,,,,236,insufficient_training_data
top_k_20_features,2024-11-23,2024_25,0022400270,LAL,DEN,229,233.0,,,,,,,236,insufficient_training_data
top_k_20_features,2024-11-24,2024_25,0022400275,CLE,TOR,230,236.5,,,,,,,243,insufficient_training_data
top_k_20_features,2024-11-24,2024_25,0022400276,SAC,BKN,211,222.0,,,,,,,243,insufficient_training_data
top_k_20_features,2024-11-24,2024_25,0022400274,PHI,LAC,224,209.0,,,,,,,243,insufficient_training_data
top_k_20_features,2024-11-24,2024_25,0022400273,MIA,DAL,241,222.0,,,,,,,243,insufficient_training_data
top_k_20_features,2024-11-24,2024_25,0022400272,IND,WAS,218,242.66666666666666,,,,,,,243,insufficient_training_data
top_k_20_features,2024-11-24,2024_25,0022400271,BOS,MIN,212,222.5,,,,,,,243,insufficient_training_data
top_k_20_features,2024-11-25,2024_25,0022400280,ATL,DAL,248,237.5,,,,,,,249,insufficient_training_data
top_k_20_features,2024-11-25,2024_25,0022400277,CHA,ORL,179,213.5,,,,,,,249,insufficient_training_data
top_k_20_features,2024-11-25,2024_25,0022400279,IND,NOP,224,227.5,,,,,,,249,insufficient_training_data
top_k_20_features,2024-11-25,2024_25,0022400284,GSW,BKN,248,223.33333333333334,,,,,,,249,insufficient_training_data
top_k_20_features,2024-11-25,2024_25,0022400278,DET,TOR,202,222.83333333333334,,,,,,,249,insufficient_training_data
top_k_20_features,2024-11-25,2024_25,0022400282,MEM,POR,221,230.83333333333334,,,,,,,249,insufficient_training_data
top_k_20_features,2024-11-25,2024_25,0022400285,SAC,OKC,239,223.5,,,,,,,249,insufficient_training_data
top_k_20_features,2024-11-25,2024_25,0022400283,DEN,NYK,263,232.16666666666666,,,,,,,249,insufficient_training_data
top_k_20_features,2024-11-25,2024_25,0022400281,BOS,LAC,220,218.66666666666666,,,,,,,249,insufficient_training_data
top_k_20_features,2024-11-26,2024_25,0022400035,WAS,CHI,235,244.33333333333334,,,,,,,258,insufficient_training_data
top_k_20_features,2024-11-26,2024_25,0022400036,MIA,MIL,209,224.5,,,,,,,258,insufficient_training_data
top_k_20_features,2024-11-26,2024_25,0022400037,MIN,HOU,228,221.16666666666666,,,,,,,258,insufficient_training_data
top_k_20_features,2024-11-26,2024_25,0022400038,UTA,SAS,243,225.83333333333334,,,,,,,258,insufficient_training_data
top_k_20_features,2024-11-26,2024_25,0022400039,PHX,LAL,227,234.16666666666666,,,,,,,258,insufficient_training_data
top_k_20_features,2024-11-27,2024_25,0022400289,ORL,CHI,252,224.0,,,,,,,263,insufficient_training_data
top_k_20_features,2024-11-27,2024_25,0022400288,IND,POR,235,231.66666666666666,,,,,,,263,insufficient_training_data
top_k_20_features,2024-11-27,2024_25,0022400291,WAS,LAC,217,223.0,,,,,,,263,insufficient_training_data
top_k_20_features,2024-11-27,2024_25,0022400286,CHA,MIA,192,217.5,,,,,,,263,insufficient_training_data
top_k_20_features,2024-11-27,2024_25,0022400292,DAL,NYK,243,234.5,,,,,,,263,insufficient_training_data
top_k_20_features,2024-11-27,2024_25,0022400290,PHI,HOU,237,217.83333333333334,,,,,,,263,insufficient_training_data
top_k_20_features,2024-11-27,2024_25,0022400287,CLE,ATL,259,240.5,,,,,,,263,insufficient_training_data
top_k_20_features,2024-11-27,2024_25,0022400294,MIN,SAC,219,221.66666666666666,,,,,,,263,insufficient_training_data
top_k_20_features,2024-11-27,2024_25,0022400299,GSW,OKC,206,230.33333333333334,,,,,,,263,insufficient_training_data
top_k_20_features,2024-11-27,2024_25,0022400298,UTA,DEN,225,231.5,,,,,,,263,insufficient_training_data
top_k_20_features,2024-11-27,2024_25,0022400293,MEM,DET,242,225.16666666666666,,,,,,,263,insufficient_training_data
top_k_20_features,2024-11-27,2024_25,0022400296,SAS,LAL,220,226.66666666666666,,,,,,,263,insufficient_training_data
top_k_20_features,2024-11-27,2024_25,0022400297,PHX,BKN,244,219.33333333333334,,,,,,,263,insufficient_training_data
top_k_20_features,2024-11-27,2024_25,0022400295,NOP,TOR,212,222.33333333333334,,,,,,,263,insufficient_training_data
top_k_20_features,2024-11-29,2024_25,0022400044,MIN,LAC,185,216.66666666666666,,,,,,,277,insufficient_training_data
top_k_20_features,2024-11-29,2024_25,0022400041,ATL,CLE,218,246.83333333333334,,,,,,,277,insufficient_training_data
top_k_20_features,2024-11-29,2024_25,0022400042,MEM,NOP,229,230.16666666666666,,,,,,,277,insufficient_training_data
top_k_20_features,2024-11-29,2024_25,0022400043,BKN,ORL,223,209.66666666666666,,,,,,,277,insufficient_training_data
top_k_20_features,2024-11-29,2024_25,0022400040,CHA,NYK,197,222.83333333333334,,,,,,,277,insufficient_training_data
top_k_20_features,2024-11-29,2024_25,0022400049,POR,SAC,221,223.33333333333334,,,,,,,277,insufficient_training_data
top_k_20_features,2024-11-29,2024_25,0022400047,CHI,BOS,267,242.5,,,,,,,277,insufficient_training_data
top_k_20_features,2024-11-29,2024_25,0022400048,LAL,OKC,194,231.5,,,,,,,277,insufficient_training_data
top_k_20_features,2024-11-29,2024_25,0022400046,MIA,TOR,232,219.5,,,,,,,277,insufficient_training_data
top_k_20_features,2024-11-29,2024_25,0022400045,IND,DET,236,231.0,,,,,,,277,insufficient_training_data
top_k_20_features,2024-11-30,2024_25,0022400300,CHA,ATL,211,227.16666666666666,,,,,,,287,insufficient_training_data
top_k_20_features,2024-11-30,2024_25,0022400301,DET,PHI,207,217.16666666666666,,,,,,,287,insufficient_training_data
top_k_20_features,2024-11-30,2024_25,0022400302,MIL,WAS,238,230.5,,,,,,,287,insufficient_training_data
top_k_20_features,2024-11-30,2024_25,0022400303,PHX,GSW,218,231.66666666666666,,,,,,,287,insufficient_training_data
top_k_20_features,2024-11-30,2024_25,0022400304,UTA,DAL,200,233.16666666666666,,,,,,,287,insufficient_training_data
top_k_20_features,2024-12-01,2024_25,0022400309,TOR,MIA,235,222.0,,,,,,,292,insufficient_training_data
top_k_20_features,2024-12-01,2024_25,0022400306,MEM,IND,257,242.0,,,,,,,292,insufficient_training_data
top_k_20_features,2024-12-01,2024_25,0022400307,CLE,BOS,226,236.66666666666666,,,,,,,292,insufficient_training_data
top_k_20_features,2024-12-01,2024_25,0022400308,NYK,NOP,203,226.16666666666666,,,,,,,292,insufficient_training_data
top_k_20_features,2024-12-01,2024_25,0022400305,BKN,ORL,192,209.66666666666666,,,,,,,292,insufficient_training_data
top_k_20_features,2024-12-01,2024_25,0022400310,HOU,OKC,235,219.5,,,,,,,292,insufficient_training_data
top_k_20_features,2024-12-01,2024_25,0022400312,POR,DAL,268,228.33333333333334,,,,,,,292,insufficient_training_data
top_k_20_features,2024-12-01,2024_25,0022400313,SAC,SAS,252,225.5,,,,,,,292,insufficient_training_data
top_k_20_features,2024-12-01,2024_25,0022400314,LAC,DEN,248,223.16666666666666,,,,,,,292,insufficient_training_data
top_k_20_features,2024-12-01,2024_25,0022400311,UTA,LAL,209,231.33333333333334,,,,,,,292,insufficient_training_data
top_k_20_features,2024-12-02,2024_25,0022400315,ATL,NOP,236,227.66666666666666,,,,,,,302,insufficient_training_data
top_k_20_features,2024-12-02,2024_25,0022400316,BOS,MIA,197,220.5,,,,,,,302,insufficient_training_data
top_k_20_features,2024-12-02,2024_25,0022400317,CHI,BKN,230,233.5,,,,,,,302,insufficient_training_data
top_k_20_features,2024-12-02,2024_25,0022400318,MIN,LAL,189,221.33333333333334,,,,,,,302,insufficient_training_data
top_k_20_features,2024-12-03,2024_25,0022400055,OKC,UTA,239,222.5,,,,,,,306,insufficient_training_data
top_k_20_features,2024-12-03,2024_25,0022400050,CHA,PHI,214,209.0,,,,,,,306,insufficient_training_data
top_k_20_features,2024-12-03,2024_25,0022400052,DET,MIL,235,221.66666666666666,,,,,,,306,insufficient_training_data
top_k_20_features,2024-12-03,2024_25,0022400053,NYK,ORL,227,216.0,,,,,,,306,insufficient_training_data
top_k_20_features,2024-12-03,2024_25,0022400054,TOR,IND,233,238.66666666666666,,,,,,,306,insufficient_training_data
top_k_20_features,2024-12-03,2024_25,0022400058,DEN,GSW,234,239.0,,,,,,,306,insufficient_training_data
top_k_20_features,2024-12-03,2024_25,0022400056,DAL,MEM,237,241.66666666666666,,,,,,,306,insufficient_training_data
top_k_20_features,2024-12-03,2024_25,0022400057,PHX,SAS,197,230.0,,,,,,,306,insufficient_training_data
top_k_20_features,2024-12-03,2024_25,0022400060,LAC,POR,232,218.33333333333334,,,,,,,306,insufficient_training_data
top_k_20_features,2024-12-03,2024_25,0022400059,SAC,HOU,231,225.16666666666666,,,,,,,306,insufficient_training_data
top_k_20_features,2024-12-03,2024_25,0022400051,CLE,WAS,205,234.66666666666666,,,,,,,306,insufficient_training_data
top_k_20_features,2024-12-04,2024_25,0022400321,MIA,LAL,227,217.33333333333334,,,,,,,317,insufficient_training_data
top_k_20_features,2024-12-04,2024_25,0022400319,BOS,DET,250,221.0,,,,,,,317,insufficient_training_data
top_k_20_features,2024-12-04,2024_25,0022400320,BKN,IND,189,226.66666666666666,,,,,,,317,insufficient_training_data
top_k_20_features,2024-12-04,2024_25,0022400324,LAC,MIN,188,211.33333333333334,,,,,,,317,insufficient_training_data
top_k_20_features,2024-12-04,2024_25,0022400323,MIL,ATL,223,236.16666666666666,,,,,,,317,insufficient_training_data
top_k_20_features,2024-12-04,2024_25,0022400322,PHI,ORL,208,208.16666666666666,,,,,,,317,insufficient_training_data
top_k_20_features,2024-12-05,2024_25,0022400331,SAS,CHI,263,236.5,,,,,,,323,insufficient_training_data
top_k_20_features,2024-12-05,2024_25,0022400330,NOP,PHX,250,221.0,,,,,,,323,insufficient_training_data
top_k_20_features,2024-12-05,2024_25,0022400329,MEM,SAC,225,242.5,,,,,,,323,insufficient_training_data
top_k_20_features,2024-12-05,2024_25,0022400332,GSW,HOU,192,220.16666666666666,,,,,,,323,insufficient_training_data
top_k_20_features,2024-12-05,2024_25,0022400327,NYK,CHA,226,217.16666666666666,,,,,,,323,insufficient_training_data
top_k_20_features,2024-12-05,2024_25,0022400326,WAS,DAL,238,235.16666666666666,,,,,,,323,insufficient_training_data
top_k_20_features,2024-12-05,2024_25,0022400325,CLE,DEN,240,237.5,,,,,,,323,insufficient_training_data
top_k_20_features,2024-12-05,2024_25,0022400328,TOR,OKC,221,226.66666666666666,,,,,,,323,insufficient_training_data
top_k_20_features,2024-12-06,2024_25,0022400339,POR,UTA,240,225.83333333333334,,,,,,,331,insufficient_training_data
top_k_20_features,2024-12-06,2024_25,0022400338,GSW,MIN,197,220.16666666666666,,,,,,,331,insufficient_training_data
top_k_20_features,2024-12-06,2024_25,0022400336,CHI,IND,255,247.66666666666666,,,,,,,331,insufficient_training_data
top_k_20_features,2024-12-06,2024_25,0022400337,SAS,SAC,253,227.16666666666666,,,,,,,331,insufficient_training_data
top_k_20_features,2024-12-06,2024_25,0022400334,ATL,LAL,266,231.33333333333334,,,,,,,331,insufficient_training_data
top_k_20_features,2024-12-06,2024_25,0022400333,PHI,ORL,196,210.16666666666666,,,,,,,331,insufficient_training_data
top_k_20_features,2024-12-06,2024_25,0022400335,BOS,MIL,216,229.33333333333334,,,,,,,331,insufficient_training_data
top_k_20_features,2024-12-07,2024_25,0022400344,TOR,DAL,243,234.5,,,,,,,338,insufficient_training_data
top_k_20_features,2024-12-07,2024_25,0022400345,BOS,MEM,248,237.16666666666666,,,,,,,338,insufficient_training_data
top_k_20_features,2024-12-07,2024_25,0022400343,NYK,DET,231,225.66666666666666,,,,,,,338,insufficient_training_data
top_k_20_features,2024-12-07,2024_25,0022400346,MIA,PHX,232,220.0,,,,,,,338,insufficient_training_data
top_k_20_features,2024-12-07,2024_25,0022400341,WAS,DEN,235,231.16666666666666,,,,,,,338,insufficient_training_data
top_k_20_features,2024-12-07,2024_25,0022400340,CHA,CLE,218,219.16666666666666,,,,,,,338,insufficient_training_data
top_k_20_features,2024-12-07,2024_25,0022400342,NOP,OKC,228,224.16666666666666,,,,,,,338,insufficient_training_data
top_k_20_features,2024-12-08,2024_25,0022400352,ORL,PHX,225,211.16666666666666,,,,,,,345,insufficient_training_data
top_k_20_features,2024-12-08,2024_25,0022400348,BKN,MIL,231,218.66666666666666,,,,,,,345,insufficient_training_data
top_k_20_features,2024-12-08,2024_25,0022400349,IND,CHA,222,221.16666666666666,,,,,,,345,insufficient_training_data
top_k_20_features,2024-12-08,2024_25,0022400351,MIA,CLE,235,224.0,,,,,,,345,insufficient_training_data
top_k_20_features,2024-12-08,2024_25,0022400350,ATL,DEN,252,241.16666666666666,,,,,,,345,insufficient_training_data
top_k_20_features,2024-12-08,2024_25,0022400347,CHI,PHI,208,232.5,,,,,,,345,insufficient_training_data
top_k_20_features,2024-12-08,2024_25,0022400354,SAS,NOP,237,225.83333333333334,,,,,,,345,insufficient_training_data
top_k_20_features,2024-12-08,2024_25,0022400355,GSW,MIN,220,216.0,,,,,,,345,insufficient_training_data
top_k_20_features,2024-12-08,2024_25,0022400356,LAC,HOU,223,215.5,,,,,,,345,insufficient_training_data
top_k_20_features,2024-12-08,2024_25,0022400357,SAC,UTA,238,230.5,,,,,,,345,insufficient_training_data
top_k_20_features,2024-12-08,2024_25,0022400358,LAL,POR,205,225.5,,,,,,,345,insufficient_training_data
top_k_20_features,2024-12-08,2024_25,0022400353,WAS,MEM,252,242.0,,,,,,,345,insufficient_training_data
top_k_20_features,2024-12-09,2024_25,0022400359,TOR,NYK,221,231.0,,,,,,,357,insufficient_training_data
top_k_20_features,2024-12-10,2024_25,0022401203,OKC,DAL,222,231.33333333333334,,,,,,,358,insufficient_training_data
top_k_20_features,2024-12-10,2024_25,0022401201,MIL,ORL,223,213.16666666666666,,,,,,,358,insufficient_training_data
top_k_20_features,2024-12-11,2024_25,0022401204,HOU,GSW,181,222.16666666666666,,,,,,,360,insufficient_training_data
top_k_20_features,2024-12-11,2024_25,0022401202,NYK,ATL,208,236.16666666666666,,,,,,,360,insufficient_training_data
top_k_20_features,2024-12-12,2024_25,0022401207,NOP,SAC,220,231.66666666666666,,,,,,,362,insufficient_training_data
top_k_20_features,2024-12-12,2024_25,0022401206,MIA,TOR,218,224.0,,,,,,,362,insufficient_training_data
top_k_20_features,2024-12-12,2024_25,0022401205,BOS,DET,222,227.5,,,,,,,362,insufficient_training_data
top_k_20_features,2024-12-13,2024_25,0022401213,DEN,LAC,218,228.33333333333334,,,,,,,365,insufficient_training_data
top_k_20_features,2024-12-13,2024_25,0022401215,POR,SAS,234,224.66666666666666,,,,,,,365,insufficient_training_data
top_k_20_features,2024-12-13,2024_25,0022401214,UTA,PHX,260,231.33333333333334,,,,,,,365,insufficient_training_data
top_k_20_features,2024-12-13,2024_25,0022401212,CHI,CHA,204,231.16666666666666,,,,,,,365,insufficient_training_data
top_k_20_features,2024-12-13,2024_25,0022401209,PHI,IND,228,225.66666666666666,,,,,,,365,insufficient_training_data
top_k_20_features,2024-12-13,2024_25,0022401210,MIN,LAL,184,214.0,,,,,,,365,insufficient_training_data
top_k_20_features,2024-12-13,2024_25,0022401211,MEM,BKN,254,230.5,,,,,,,365,insufficient_training_data
top_k_20_features,2024-12-13,2024_25,0022401208,CLE,WAS,220,232.5,,,,,,,365,insufficient_training_data
top_k_20_features,2024-12-15,2024_25,0022401228,GSW,DAL,276,229.83333333333334,,,,,,,373,insufficient_training_data
top_k_20_features,2024-12-15,2024_25,0022401227,ORL,NYK,191,215.33333333333334,,,,,,,373,insufficient_training_data
top_k_20_features,2024-12-15,2024_25,0022401219,PHX,POR,225,229.0,,,,,,,373,insufficient_training_data
top_k_20_features,2024-12-15,2024_25,0022401220,LAL,MEM,226,232.5,,,,,,,373,insufficient_training_data
top_k_20_features,2024-12-15,2024_25,0022401217,WAS,BOS,210,229.83333333333334,,,,,,,373,insufficient_training_data
top_k_20_features,2024-12-15,2024_25,0022401216,IND,NOP,223,228.5,,,,,,,373,insufficient_training_data
top_k_20_features,2024-12-15,2024_25,0022401218,SAS,MIN,198,214.5,,,,,,,373,insufficient_training_data
top_k_20_features,2024-12-16,2024_25,0022401226,LAC,UTA,251,224.16666666666666,,,,,,,380,insufficient_training_data
top_k_20_features,2024-12-16,2024_25,0022401225,SAC,DEN,259,238.33333333333334,,,,,,,380,insufficient_training_data
top_k_20_features,2024-12-16,2024_25,0022401224,BKN,CLE,231,218.66666666666666,,,,,,,380,insufficient_training_data
top_k_20_features,2024-12-16,2024_25,0022401221,DET,MIA,249,218.33333333333334,,,,,,,380,insufficient_training_data
top_k_20_features,2024-12-16,2024_25,0022401222,CHA,PHI,229,214.5,,,,,,,380,insufficient_training_data
top_k_20_features,2024-12-16,2024_25,0022401223,TOR,CHI,243,238.5,,,,,,,380,insufficient_training_data
top_k_20_features,2024-12-19,2024_25,0022400364,TOR,BKN,195,218.16666666666666,,,,,,,386,insufficient_training_data
top_k_20_features,2024-12-19,2024_25,0022400366,MEM,GSW,237,235.66666666666666,,,,,,,386,insufficient_training_data
top_k_20_features,2024-12-19,2024_25,0022400360,DET,UTA,245,227.83333333333334,,,,,,,386,insufficient_training_data
top_k_20_features,2024-12-19,2024_25,0022400362,WAS,CHA,237,223.5,,,,,,,386,insufficient_training_data
top_k_20_features,2024-12-19,2024_25,0022400363,BOS,CHI,225,242.33333333333334,,,,,,,386,insufficient_training_data
top_k_20_features,2024-12-19,2024_25,0022400365,HOU,NOP,246,217.16666666666666,,,,,,,386,insufficient_training_data
top_k_20_features,2024-12-19,2024_25,0022400372,SAC,LAL,213,229.0,,,,,,,386,insufficient_training_data
top_k_20_features,2024-12-19,2024_25,0022400367,MIN,NYK,240,214.33333333333334,,,,,,,386,insufficient_training_data
top_k_20_features,2024-12-19,2024_25,0022400369,PHX,IND,231,234.5,,,,,,,386,insufficient_training_data
top_k_20_features,2024-12-19,2024_25,0022400370,SAS,ATL,259,233.5,,,,,,,386,insufficient_training_data
top_k_20_features,2024-12-19,2024_25,0022400371,POR,DEN,250,235.5,,,,,,,386,insufficient_training_data
top_k_20_features,2024-12-19,2024_25,0022400368,DAL,LAC,213,223.66666666666666,,,,,,,386,insufficient_training_data
top_k_20_features,2024-12-19,2024_25,0022400361,ORL,OKC,204,210.5,,,,,,,386,insufficient_training_data
top_k_20_features,2024-12-20,2024_25,0022400373,PHI,CHA,206,217.83333333333334,,,,,,,399,insufficient_training_data
top_k_20_features,2024-12-20,2024_25,0022400374,CLE,MIL,225,223.66666666666666,,,,,,,399,insufficient_training_data
top_k_20_features,2024-12-20,2024_25,0022400375,MIA,OKC,201,214.83333333333334,,,,,,,399,insufficient_training_data
top_k_20_features,2024-12-21,2024_25,0022400379,BKN,UTA,199,221.5,,,,,,,402,insufficient_training_data
top_k_20_features,2024-12-21,2024_25,0022400376,SAC,LAL,202,228.0,,,,,,,402,insufficient_training_data
top_k_20_features,2024-12-21,2024_25,0022400387,PHX,DET,258,225.83333333333334,,,,,,,402,insufficient_training_data
top_k_20_features,2024-12-21,2024_25,0022400378,ATL,MEM,240,241.5,,,,,,,402,insufficient_training_data
top_k_20_features,2024-12-21,2024_25,0022400380,CLE,PHI,225,221.33333333333334,,,,,,,402,insufficient_training_data
top_k_20_features,2024-12-21,2024_25,0022400381,CHI,BOS,221,243.0,,,,,,,402,insufficient_training_data
top_k_20_features,2024-12-21,2024_25,0022400382,MIL,WAS,213,224.5,,,,,,,402,insufficient_training_data
top_k_20_features,2024-12-21,2024_25,0022400386,SAS,POR,208,227.5,,,,,,,402,insufficient_training_data
top_k_20_features,2024-12-21,2024_25,0022400385,DAL,LAC,210,221.33333333333334,,,,,,,402,insufficient_training_data
top_k_20_features,2024-12-21,2024_25,0022400377,ORL,MIA,235,208.5,,,,,,,402,insufficient_training_data
top_k_20_features,2024-12-21,2024_25,0022400383,MIN,GSW,216,213.33333333333334,,,,,,,402,insufficient_training_data
top_k_20_features,2024-12-21,2024_25,0022400384,NOP,NYK,197,226.33333333333334,,,,,,,402,insufficient_training_data
top_k_20_features,2024-12-22,2024_25,0022400389,SAC,IND,217,235.83333333333334,,,,,,,414,insufficient_training_data
top_k_20_features,2024-12-22,2024_25,0022400390,NOP,DEN,261,232.0,,,,,,,414,insufficient_training_data
top_k_20_features,2024-12-22,2024_25,0022400388,TOR,HOU,224,223.0,,,,,,,414,insufficient_training_data
top_k_20_features,2024-12-23,2024_25,0022400397,NYK,TOR,264,227.16666666666666,,,,,,,417,insufficient_training_data
top_k_20_features,2024-12-23,2024_25,0022400391,CHA,HOU,215,218.5,,,,,,,417,insufficient_training_data
top_k_20_features,2024-12-23,2024_25,0022400392,CLE,UTA,237,232.33333333333334,,,,,,,417,insufficient_training_data
top_k_20_features,2024-12-23,2024_25,0022400393,ORL,BOS,212,215.0,,,,,,,417,insufficient_training_data
top_k_20_features,2024-12-23,2024_25,0022400394,PHI,SAS,217,217.0,,,,,,,417,insufficient_training_data
top_k_20_features,2024-12-23,2024_25,0022400395,ATL,MIN,221,222.16666666666666,,,,,,,417,insufficient_training_data
top_k_20_features,2024-12-23,2024_25,0022400396,MIA,BKN,205,214.5,,,,,,,417,insufficient_training_data
top_k_20_features,2024-12-23,2024_25,0022400398,CHI,MIL,203,233.33333333333334,,,,,,,417,insufficient_training_data
top_k_20_features,2024-12-23,2024_25,0022400399,MEM,LAC,224,230.5,,,,,,,417,insufficient_training_data
top_k_20_features,2024-12-23,2024_25,0022400403,GSW,IND,216,231.0,,,,,,,417,insufficient_training_data
top_k_20_features,2024-12-23,2024_25,0022400404,LAL,DET,231,223.83333333333334,,,,,,,417,insufficient_training_data
top_k_20_features,2024-12-23,2024_25,0022400401,DAL,POR,240,228.66666666666666,,,,,,,417,insufficient_training_data
top_k_20_features,2024-12-23,2024_25,0022400400,OKC,WAS,228,222.33333333333334,,,,,,,417,insufficient_training_data
top_k_20_features,2024-12-23,2024_25,0022400402,DEN,PHX,207,232.5,,,,,,,417,insufficient_training_data
top_k_20_features,2024-12-25,2024_25,0022400407,BOS,PHI,232,221.5,,,,,,,431,insufficient_training_data
top_k_20_features,2024-12-25,2024_25,0022400408,GSW,LAL,228,222.33333333333334,,,,,,,431,insufficient_training_data
top_k_20_features,2024-12-25,2024_25,0022400405,NYK,SAS,231,223.5,,,,,,,431,insufficient_training_data
top_k_20_features,2024-12-25,2024_25,0022400409,PHX,DEN,210,232.5,,,,,,,431,insufficient_training_data
top_k_20_features,2024-12-25,2024_25,0022400406,DAL,MIN,204,221.33333333333334,,,,,,,431,insufficient_training_data
top_k_20_features,2024-12-26,2024_25,0022400416,NOP,HOU,239,220.5,,,,,,,436,insufficient_training_data
top_k_20_features,2024-12-26,2024_25,0022400418,SAC,DET,227,227.33333333333334,,,,,,,436,insufficient_training_data
top_k_20_features,2024-12-26,2024_25,0022400417,POR,UTA,242,228.5,,,,,,,436,insufficient_training_data
top_k_20_features,2024-12-26,2024_25,0022400415,MIL,BKN,216,213.16666666666666,,,,,,,436,insufficient_training_data
top_k_20_features,2024-12-26,2024_25,0022400412,WAS,CHA,223,227.16666666666666,,,,,,,436,insufficient_training_data
top_k_20_features,2024-12-26,2024_25,0022400413,ATL,CHI,274,242.83333333333334,,,,,,,436,insufficient_training_data
top_k_20_features,2024-12-26,2024_25,0022400411,ORL,MIA,177,208.33333333333334,,,,,,,436,insufficient_training_data
top_k_20_features,2024-12-26,2024_25,0022400410,IND,OKC,234,226.83333333333334,,,,,,,436,insufficient_training_data
top_k_20_features,2024-12-26,2024_25,0022400414,MEM,TOR,281,238.5,,,,,,,436,insufficient_training_data
top_k_20_features,2024-12-27,2024_25,0022400422,HOU,MIN,225,213.33333333333334,,,,,,,445,insufficient_training_data
top_k_20_features,2024-12-27,2024_25,0022400419,ORL,NYK,193,212.0,,,,,,,445,insufficient_training_data
top_k_20_features,2024-12-27,2024_25,0022400420,BOS,IND,247,232.5,,,,,,,445,insufficient_training_data
top_k_20_features,2024-12-27,2024_25,0022400421,BKN,SAS,183,214.33333333333334,,,,,,,445,insufficient_training_data
top_k_20_features,2024-12-27,2024_25,0022400425,PHX,DAL,187,225.33333333333334,,,,,,,445,insufficient_training_data
top_k_20_features,2024-12-27,2024_25,0022400423,NOP,MEM,256,239.0,,,,,,,445,insufficient_training_data
top_k_20_features,2024-12-27,2024_25,0022400424,DEN,CLE,284,236.5,,,,,,,445,insufficient_training_data
top_k_20_features,2024-12-27,2024_25,0022400426,LAC,GSW,194,214.0,,,,,,,445,insufficient_training_data
top_k_20_features,2024-12-28,2024_25,0022400432,DEN,DET,255,230.83333333333334,,,,,,,453,insufficient_training_data
top_k_20_features,2024-12-28,2024_25,0022400434,POR,DAL,248,224.0,,,,,,,453,insufficient_training_data
top_k_20_features,2024-12-28,2024_25,0022400433,UTA,PHI,225,222.66666666666666,,,,,,,453,insufficient_training_data
top_k_20_features,2024-12-28,2024_25,0022400431,GSW,PHX,214,219.33333333333334,,,,,,,453,insufficient_training_data
top_k_20_features,2024-12-28,2024_25,0022400435,LAL,SAC,254,223.0,,,,,,,453,insufficient_training_data
top_k_20_features,2024-12-28,2024_25,0022400429,WAS,NYK,268,228.0,,,,,,,453,insufficient_training_data
top_k_20_features,2024-12-28,2024_25,0022400428,CHA,OKC,200,219.0,,,,,,,453,insufficient_training_data
top_k_20_features,2024-12-28,2024_25,0022400427,ATL,MIA,230,225.33333333333334,,,,,,,453,insufficient_training_data
top_k_20_features,2024-12-28,2024_25,0022400430,CHI,MIL,227,229.5,,,,,,,453,insufficient_training_data
top_k_20_features,2024-12-29,2024_25,0022400441,MIN,SAS,222,214.33333333333334,,,,,,,462,insufficient_training_data
top_k_20_features,2024-12-29,2024_25,0022400439,HOU,MIA,204,216.5,,,,,,,462,insufficient_training_data
top_k_20_features,2024-12-29,2024_25,0022400440,OKC,MEM,236,230.0,,,,,,,462,insufficient_training_data
top_k_20_features,2024-12-29,2024_25,0022400437,BOS,IND,237,233.66666666666666,,,,,,,462,insufficient_training_data
top_k_20_features,2024-12-29,2024_25,0022400436,ORL,BKN,203,204.5,,,,,,,462,insufficient_training_data
top_k_20_features,2024-12-29,2024_25,0022400438,TOR,ATL,243,237.33333333333334,,,,,,,462,insufficient_training_data
top_k_20_features,2024-12-30,2024_25,0022400448,SAC,DAL,210,230.0,,,,,,,468,insufficient_training_data
top_k_20_features,2024-12-30,2024_25,0022400447,POR,PHI,228,222.33333333333334,,,,,,,468,insufficient_training_data
top_k_20_features,2024-12-30,2024_25,0022400446,GSW,CLE,208,231.16666666666666,,,,,,,468,insufficient_training_data
top_k_20_features,2024-12-30,2024_25,0022400445,UTA,DEN,253,240.0,,,,,,,468,insufficient_training_data
top_k_20_features,2024-12-30,2024_25,0022400444,NOP,LAC,229,220.83333333333334,,,,,,,468,insufficient_training_data
top_k_20_features,2024-12-30,2024_25,0022400443,WAS,NYK,232,230.16666666666666,,,,,,,468,insufficient_training_data
top_k_20_features,2024-12-30,2024_25,0022400442,CHA,CHI,223,226.33333333333334,,,,,,,468,insufficient_training_data
top_k_20_features,2024-12-31,2024_25,0022400454,LAL,CLE,232,229.0,,,,,,,475,insufficient_training_data
top_k_20_features,2024-12-31,2024_25,0022400453,PHX,MEM,229,235.5,,,,,,,475,insufficient_training_data
top_k_20_features,2024-12-31,2024_25,0022400452,OKC,MIN,218,216.16666666666666,,,,,,,475,insufficient_training_data
top_k_20_features,2024-12-31,2024_25,0022400450,IND,MIL,232,230.16666666666666,,,,,,,475,insufficient_training_data
top_k_20_features,2024-12-31,2024_25,0022400449,BOS,TOR,196,233.16666666666666,,,,,,,475,insufficient_training_data
top_k_20_features,2024-12-31,2024_25,0022400451,SAS,LAC,208,217.16666666666666,,,,,,,475,insufficient_training_data
top_k_20_features,2025-01-01,2024_25,0022400462,SAC,PHI,220,223.5,,,,,,,481,insufficient_training_data
top_k_20_features,2025-01-01,2024_25,0022400461,DEN,ATL,259,246.33333333333334,,,,,,,481,insufficient_training_data
top_k_20_features,2025-01-01,2024_25,0022400460,HOU,DAL,209,221.5,,,,,,,481,insufficient_training_data
top_k_20_features,2025-01-01,2024_25,0022400459,TOR,BKN,243,221.5,,,,,,,481,insufficient_training_data
top_k_20_features,2025-01-01,2024_25,0022400456,WAS,CHI,232,237.16666666666666,,,,,,,481,insufficient_training_data
top_k_20_features,2025-01-01,2024_25,0022400457,MIA,NOP,227,222.16666666666666,,,,,,,481,insufficient_training_data
top_k_20_features,2025-01-01,2024_25,0022400455,DET,ORL,201,211.5,,,,,,,481,insufficient_training_data
top_k_20_features,2025-01-01,2024_25,0022400458,NYK,UTA,222,231.16666666666666,,,,,,,481,insufficient_training_data
top_k_20_features,2025-01-02,2024_25,0022400467,GSW,PHI,244,217.66666666666666,,,,,,,489,insufficient_training_data
top_k_20_features,2025-01-02,2024_25,0022400468,LAL,POR,220,225.0,,,,,,,489,insufficient_training_data
top_k_20_features,2025-01-02,2024_25,0022400466,OKC,LAC,214,219.33333333333334,,,,,,,489,insufficient_training_data
top_k_20_features,2025-01-02,2024_25,0022400463,MIA,IND,243,224.33333333333334,,,,,,,489,insufficient_training_data
top_k_20_features,2025-01-02,2024_25,0022400464,MIN,BOS,233,219.5,,,,,,,489,insufficient_training_data
top_k_20_features,2025-01-02,2024_25,0022400465,MIL,BKN,223,219.0,,,,,,,489,insufficient_training_data
top_k_20_features,2025-01-03,2024_25,0022400477,LAL,ATL,221,231.33333333333334,,,,,,,495,insufficient_training_data
top_k_20_features,2025-01-03,2024_25,0022400476,SAC,MEM,271,238.5,,,,,,,495,insufficient_training_data
top_k_20_features,2025-01-03,2024_25,0022400475,DEN,SAS,223,236.5,,,,,,,495,insufficient_training_data
top_k_20_features,2025-01-03,2024_25,0022400474,DAL,CLE,256,230.5,,,,,,,495,insufficient_training_data
top_k_20_features,2025-01-03,2024_25,0022400470,TOR,ORL,203,216.33333333333334,,,,,,,495,insufficient_training_data
top_k_20_features,2025-01-03,2024_25,0022400472,NOP,WAS,252,232.66666666666666,,,,,,,495,insufficient_training_data
top_k_20_features,2025-01-03,2024_25,0022400471,HOU,BOS,195,220.66666666666666,,,,,,,495,insufficient_training_data
top_k_20_features,2025-01-03,2024_25,0022400469,DET,CHA,192,216.5,,,,,,,495,insufficient_training_data
top_k_20_features,2025-01-03,2024_25,0022400473,OKC,NYK,224,221.66666666666666,,,,,,,495,insufficient_training_data
top_k_20_features,2025-01-04,2024_25,0022400480,IND,PHX,234,233.5,-2.094144046931124,231.40585595306888,-2.0941440469311203,2.594144046931124,2.5941440469311203,6.7295833362281705,504,
top_k_20_features,2025-01-04,2024_25,0022400482,CHI,NYK,265,234.83333333333334,1.7079219847959666,236.54125531812932,1.7079219847959735,28.45874468187069,28.458744681870684,809.9001488679029,504,
top_k_20_features,2025-01-04,2024_25,0022400478,BKN,PHI,217,214.33333333333334,-4.955454738912435,209.3778785944209,-4.955454738912437,7.622121405579092,7.622121405579094,58.09673472138702,504,
top_k_20_features,2025-01-04,2024_25,0022400481,MIA,UTA,236,223.5,-4.362159018964688,219.1378409810353,-4.3621590189646895,16.86215901896469,16.86215901896469,284.33240678085224,504,
top_k_20_features,2025-01-04,2024_25,0022400485,GSW,MEM,234,234.16666666666666,2.236706077557479,236.40337274422413,2.2367060775574714,-2.403372744224136,2.4033727442241286,5.7762005476794185,504,
top_k_20_features,2025-01-04,2024_25,0022400483,MIL,POR,207,227.33333333333334,-4.731360576924441,222.6019727564089,-4.7313605769244305,-15.601972756408902,15.601972756408912,243.42155389172592,504,
top_k_20_features,2025-01-04,2024_25,0022400486,LAC,ATL,236,227.83333333333334,5.561230975643565,233.3945643089769,5.561230975643554,2.605435691023092,2.6054356910231036,6.788295140057037,504,
top_k_20_features,2025-01-04,2024_25,0022400479,DET,MIN,224,217.66666666666666,4.250905984979796,221.91757265164645,4.250905984979795,2.082427348353547,2.082427348353548,4.336503661170789,504,
top_k_20_features,2025-01-04,2024_25,0022400484,SAS,DEN,233,237.0,3.690034000184451,240.69003400018445,3.690034000184454,-7.6900340001844505,7.690034000184454,59.13662292399292,504,
top_k_20_features,2025-01-05,2024_25,0022400492,GSW,SAC,228,225.33333333333334,4.0666816624609154,229.40001499579427,4.0666816624609226,-1.4000149957942583,1.4000149957942654,1.960041988448817,513,
top_k_20_features,2025-01-05,2024_25,0022400490,ORL,UTA,197,212.16666666666666,1.2935340257739858,213.46020069244065,1.2935340257739938,-16.460200692440644,16.46020069244065,270.93820683542367,513,
top_k_20_features,2025-01-05,2024_25,0022400491,HOU,LAL,234,218.33333333333334,5.727219957855943,224.06055329118928,5.727219957855937,9.939446708810713,9.93944670881072,98.79260087728827,513,
top_k_20_features,2025-01-05,2024_25,0022400489,WAS,NOP,208,235.16666666666666,0.003877873713829104,235.1705445403805,0.003877873713832969,-27.170544540380487,27.17054454038049,738.2384906208,513,
top_k_20_features,2025-01-05,2024_25,0022400487,OKC,BOS,197,221.5,-0.3286211904819776,221.17137880951802,-0.32862119048198224,-24.17137880951802,24.171378809518018,584.2555535532167,513,
top_k_20_features,2025-01-05,2024_25,0022400488,CLE,CHA,220,223.0,-5.781816907896888,217.21818309210312,-5.781816907896882,2.7818169078968884,2.781816907896882,7.738505309060971,513,
top_k_20_features,2025-01-06,2024_25,0022400498,CHI,SAS,224,236.5,2.376174258169064,238.87617425816907,2.3761742581690726,-14.876174258169064,14.876174258169073,221.30056055941216,519,
top_k_20_features,2025-01-06,2024_25,0022400496,NYK,ORL,197,210.0,-2.8700404251729275,207.12995957482707,-2.870040425172931,-10.129959574827073,10.129959574827069,102.61608098763061,519,
top_k_20_features,2025-01-06,2024_25,0022400493,DET,POR,233,225.5,5.6940585479689,231.1940585479689,5.694058547968893,1.8059414520311003,1.8059414520311066,3.2614245281642216,519,
top_k_20_features,2025-01-06,2024_25,0022400494,PHI,PHX,208,223.33333333333334,-0.5696829905552874,222.76365034277805,-0.5696829905552931,-14.763650342778055,14.76365034277805,217.96537144381043,519,
top_k_20_features,2025-01-06,2024_25,0022400495,BKN,IND,212,222.83333333333334,-11.476208428907837,211.35712490442552,-11.476208428907825,0.6428750955744942,0.6428750955744817,0.413288388509899,519,
top_k_20_features,2025-01-06,2024_25,0022400500,MIN,LAC,214,214.5,2.4092138843518565,216.90921388435186,2.409213884351857,-2.9092138843518565,2.909213884351857,8.463525424905619,519,
top_k_20_features,2025-01-06,2024_25,0022400497,TOR,MIL,232,230.5,0.493050119839217,230.9930501198392,0.49305011983921077,1.006949880160783,1.0069498801607892,1.0139480611558278,519,
top_k_20_features,2025-01-06,2024_25,0022400499,MEM,DAL,223,232.33333333333334,6.189360322055423,238.52269365538876,6.189360322055421,-15.522693655388766,15.522693655388764,240.95401831904658,519,
top_k_20_features,2025-01-06,2024_25,0022400501,SAC,MIA,241,224.16666666666666,-0.5179130416761732,223.6487536249905,-0.5179130416761666,17.351246375009516,17.35124637500951,301.06575076628064,519,
top_k_20_features,2025-01-07,2024_25,0022400506,UTA,ATL,245,235.83333333333334,2.812332846471709,238.64566617980506,2.812332846471719,6.354333820194949,6.354333820194938,40.3775582984732,528,
top_k_20_features,2025-01-07,2024_25,0022400507,DEN,BOS,224,235.5,-0.8510687199437539,234.64893128005625,-0.8510687199437541,-10.648931280056246,10.648931280056246,113.39973740736036,528,
top_k_20_features,2025-01-07,2024_25,0022400508,GSW,MIA,212,218.5,5.823940489595048,224.32394048959506,5.82394048959506,-12.32394048959505,12.32394048959506,151.87950919108053,528,
top_k_20_features,2025-01-07,2024_25,0022400504,DAL,LAL,215,219.5,0.18306886620708546,219.6830688662071,0.18306886620709406,-4.683068866207085,4.683068866207094,21.931134005638196,528,
top_k_20_features,2025-01-07,2024_25,0022400503,WAS,HOU,247,225.33333333333334,5.161494663560637,230.49482799689397,5.161494663560632,16.50517200310602,16.505172003106026,272.42070285211497,528,
top_k_20_features,2025-01-07,2024_25,0022400502,CHA,PHX,219,222.16666666666666,2.728079045887195,224.89474571255386,2.728079045887199,-5.894745712553853,5.894745712553856,34.74802701567207,528,
top_k_20_features,2025-01-07,2024_25,0022400505,NOP,MIN,201,220.83333333333334,4.306828567278082,225.14016190061142,4.306828567278075,-24.140161900611425,24.140161900611417,582.7474165877311,528,
top_k_20_features,2025-01-08,2024_25,0022400509,CLE,OKC,251,227.83333333333334,-2.7359845149318653,225.09734881840149,-2.7359845149318573,25.90265118159852,25.902651181598515,670.9473382355669,535,
top_k_20_features,2025-01-08,2024_25,0022400510,IND,CHI,242,241.0,-1.3464136718220097,239.653586328178,-1.346413671822006,2.3464136718220097,2.346413671822006,5.505657119313229,535,
top_k_20_features,2025-01-08,2024_25,0022400511,NYK,TOR,210,231.33333333333334,-1.5441360807645308,229.7891972525688,-1.544136080764531,-19.789197252568812,19.789197252568812,391.612327901077,535,
top_k_20_features,2025-01-08,2024_25,0022400512,PHI,WAS,212,221.5,-1.748488782257386,219.7515112177426,-1.7484887822573967,-7.751511217742614,7.751511217742603,60.08592615878942,535,
top_k_20_features,2025-01-08,2024_25,0022400513,BKN,DET,211,213.5,-3.3011730790210296,210.19882692097897,-3.3011730790210265,0.8011730790210296,0.8011730790210265,0.641878302548032,535,
top_k_20_features,2025-01-08,2024_25,0022400515,DEN,LAC,229,227.5,-2.302907335969229,225.19709266403078,-2.3029073359692234,3.802907335969229,3.8029073359692234,14.462104205968535,535,
top_k_20_features,2025-01-08,2024_25,0022400514,NOP,POR,219,226.5,-0.7857381250407844,225.71426187495922,-0.7857381250407798,-6.714261874959216,6.71426187495922,45.081312525530905,535,
top_k_20_features,2025-01-08,2024_25,0022400516,MIL,SAS,226,222.33333333333334,-0.39225556255811633,221.94107777077522,-0.39225556255811966,4.058922229224773,4.058922229224777,16.474849662895032,535,
top_k_20_features,2025-01-09,2024_25,0022400517,CLE,TOR,258,234.66666666666666,-5.7053433741056505,228.96132329256102,-5.705343374105638,29.038676707438995,29.03867670743898,843.2447449191592,543,
top_k_20_features,2025-01-09,2024_25,0022400518,DET,GSW,211,219.33333333333334,2.9611528669579856,222.29448620029132,2.961152866957974,-11.294486200291328,11.294486200291317,127.56541852857099,543,
top_k_20_features,2025-01-09,2024_25,0022400519,ORL,MIN,193,204.0,-1.6463751528872828,202.3536248471127,-1.6463751528872876,-9.353624847112718,9.353624847112712,87.49029778052432,543,
top_k_20_features,2025-01-09,2024_25,0022400520,MEM,HOU,234,233.5,1.936132990687771,235.43613299068778,1.9361329906877813,-1.436132990687771,1.4361329906877813,2.062477966941831,543,
top_k_20_features,2025-01-09,2024_25,0022400521,DAL,POR,228,219.66666666666666,0.22531200002451457,219.89197866669116,0.2253120000245019,8.108021333308828,8.108021333308841,65.74000994139128,543,
top_k_20_features,2025-01-09,2024_25,0022400522,PHX,ATL,238,238.33333333333334,-1.9570053780333256,236.3763279553,-1.9570053780333296,1.6236720446999828,1.6236720446999868,2.636310908740236,543,
top_k_20_features,2025-01-09,2024_25,0022400523,UTA,MIA,189,223.0,2.597469468264708,225.5974694682647,2.5974694682647055,-36.597469468264705,36.597469468264705,1339.3747714805672,543,
top_k_20_features,2025-01-10,2024_25,0022400528,BOS,SAC,211,229.66666666666666,-0.6599098164812269,229.00675685018544,-0.6599098164812176,-18.00675685018543,18.00675685018544,324.2432922617003,550,
top_k_20_features,2025-01-10,2024_25,0022400525,IND,GSW,204,223.83333333333334,-0.602031454609934,223.2313018787234,-0.6020314546099428,-19.231301878723407,19.2313018787234,369.8429719505902,550,
top_k_20_features,2025-01-10,2024_25,0022400527,PHI,NOP,238,220.33333333333334,0.809746711584701,221.14308004491804,0.8097467115846939,16.856919955081956,16.856919955081963,284.1557503720405,550,
top_k_20_features,2025-01-10,2024_25,0022400530,CHI,WAS,243,241.5,-0.5115799437808577,240.98842005621916,-0.5115799437808448,2.0115799437808577,2.011579943780845,4.046453870221347,550,
top_k_20_features,2025-01-10,2024_25,0022400529,NYK,OKC,227,225.0,2.5016245745479067,227.50162457454792,2.501624574547918,-0.5016245745479067,0.5016245745479182,0.25162721379037994,550,
top_k_20_features,2025-01-10,2024_25,0022400531,DEN,BKN,229,220.5,-3.472455240596273,217.02754475940372,-3.4724552405962754,11.972455240596274,11.972455240596275,143.33968448808122,550,
top_k_20_features,2025-01-10,2024_25,0022400526,ORL,MIL,215,209.33333333333334,3.497428734664952,212.8307620679983,3.4974287346649646,2.169237932001705,2.1692379320016926,4.70559320563498,550,
top_k_20_features,2025-01-11,2024_25,0022400533,PHX,UTA,220,228.5,-1.2850000849474585,227.21499991505254,-1.2850000849474554,-7.214999915052541,7.214999915052545,52.05622377420823,557,
top_k_20_features,2025-01-11,2024_25,0022400534,DET,TOR,237,230.33333333333334,0.5781068255860904,230.91144015891945,0.5781068255861044,6.088559841080567,6.088559841080553,37.07056093841884,557,
top_k_20_features,2025-01-11,2024_25,0022400535,MIN,MEM,252,230.0,4.8423900178187695,234.84239001781876,4.842390017818758,17.15760998218123,17.157609982181242,294.3835803006454,557,
top_k_20_features,2025-01-11,2024_25,0022400536,POR,MIA,217,218.83333333333334,-0.5213465555186083,218.31198677781472,-0.521346555518619,-1.3119867778147345,1.3119867778147238,1.7213093051606616,557,
top_k_20_features,2025-01-12,2024_25,0022400543,CLE,IND,201,238.66666666666666,-1.3882760003704384,237.27839066629622,-1.388276000370439,-36.27839066629622,36.27839066629622,1316.1216293364087,561,
top_k_20_features,2025-01-12,2024_25,0022400539,NYK,MIL,246,227.33333333333334,4.066808195589605,231.40014152892294,4.066808195589601,14.599858471077052,14.599858471077056,213.15586737548045,561,
top_k_20_features,2025-01-12,2024_25,0022400540,DAL,DEN,213,229.0,0.1606802742854677,229.16068027428545,0.16068027428545406,-16.16068027428547,16.160680274285454,261.167586927679,561,
top_k_20_features,2025-01-12,2024_25,0022400541,CHI,SAC,243,237.83333333333334,0.6789751773781109,238.51230851071145,0.6789751773781063,4.487691489288546,4.487691489288551,20.13937490303289,561,
top_k_20_features,2025-01-12,2024_25,0022400542,BOS,NOP,239,227.0,1.333626286902384,228.3336262869024,1.333626286902387,10.666373713097617,10.666373713097613,113.77152818745977,561,
top_k_20_features,2025-01-12,2024_25,0022400546,UTA,BKN,223,215.5,-0.8627773415559526,214.63722265844405,-0.8627773415559545,8.362777341555953,8.362777341555955,69.93604486444168,561,
top_k_20_features,2025-01-12,2024_25,0022400547,PHX,CHA,233,224.0,-2.560845940028924,221.4391540599711,-2.560845940028912,11.560845940028925,11.560845940028912,133.65315884908298,561,
top_k_20_features,2025-01-12,2024_25,0022400545,WAS,OKC,231,230.33333333333334,-3.746048529249488,226.58728480408385,-3.7460485292494923,4.412715195916145,4.4127151959161495,19.4720554002693,561,
top_k_20_features,2025-01-12,2024_25,0022400544,ORL,PHI,203,206.16666666666666,-3.3422752899109125,202.82439137675576,-3.3422752899109014,0.1756086232442553,0.1756086232442442,0.030838388557738905,561,
top_k_20_features,2025-01-13,2024_25,0022400548,WAS,MIN,226,224.33333333333334,4.569602603427249,228.9029359367606,4.569602603427256,-2.902935936760592,2.902935936760599,8.427037052936138,570,
top_k_20_features,2025-01-13,2024_25,0022400549,NYK,DET,243,224.33333333333334,-1.8626945394192493,222.4706387939141,-1.8626945394192376,20.529361206085905,20.529361206085895,421.4546715299445,570,
top_k_20_features,2025-01-13,2024_25,0022400550,TOR,GSW,205,228.5,4.593364599626402,233.0933645996264,4.593364599626398,-28.0933645996264,28.093364599626398,789.2371345275417,570,
top_k_20_features,2025-01-13,2024_25,0022400551,HOU,MEM,238,236.16666666666666,4.099693323167379,240.26635998983403,4.099693323167372,-2.2663599898340365,2.2663599898340294,5.136387603520502,570,
top_k_20_features,2025-01-13,2024_25,0022400552,LAL,SAS,228,222.5,0.9247071149797548,223.42470711497975,0.9247071149797534,4.575292885020245,4.575292885020247,20.93330498371689,570,
top_k_20_features,2025-01-13,2024_25,0022400553,LAC,MIA,207,215.33333333333334,-2.4305855818217634,212.90274775151158,-2.4305855818217594,-5.90274775151158,5.902747751511583,34.84243101797505,570,
top_k_20_features,2025-01-14,2024_25,0022400555,PHI,OKC,220,218.33333333333334,0.44239110515679947,218.77572443849013,0.44239110515678703,1.2242755615098577,1.2242755615098702,1.4988506505103079,576,
top_k_20_features,2025-01-14,2024_25,0022400557,CHI,NOP,232,239.66666666666666,1.6225001149152853,241.28916678158194,1.6225001149152831,-9.289166781581942,9.28916678158194,86.28861949604538,576,
top_k_20_features,2025-01-14,2024_25,0022400556,ATL,PHX,239,235.16666666666666,1.1920205926356129,236.35868725930226,1.1920205926356005,2.64131274069773,2.6413127406977424,6.976532994172219,576,
top_k_20_features,2025-01-14,2024_25,0022400558,MIL,SAC,245,228.5,-0.2523471005309719,228.24765289946902,-0.25234710053098297,16.752347100530972,16.752347100530983,280.64113337666885,576,
top_k_20_features,2025-01-14,2024_25,0022400559,DAL,DEN,217,232.33333333333334,-2.6476900152824765,229.68564331805086,-2.6476900152824783,-12.685643318050866,12.685643318050865,160.92554639280854,576,
top_k_20_features,2025-01-14,2024_25,0022400560,POR,BKN,246,217.66666666666666,0.21438588772606124,217.8810525543927,0.21438588772605272,28.118947445607283,28.11894744560729,790.6752054488247,576,
top_k_20_features,2025-01-14,2024_25,0022400554,IND,CLE,244,230.66666666666666,-1.3341545237573953,229.33251214290925,-1.3341545237574053,14.667487857090737,14.667487857090748,215.13520003790455,576,
top_k_20_features,2025-01-15,2024_25,0022400565,MIN,GSW,231,215.33333333333334,3.261720540640148,218.59505387397348,3.261720540640141,12.404946126026509,12.404946126026516,153.88268838962028,583,
top_k_20_features,2025-01-15,2024_25,0022400562,TOR,BOS,207,229.66666666666666,3.5375402683933466,233.20420693506,3.537540268393343,-26.204206935060004,26.20420693506,686.6604610954466,583,
top_k_20_features,2025-01-15,2024_25,0022400563,CHI,ATL,204,243.5,-3.9470071178694663,239.55299288213052,-3.9470071178694752,-35.55299288213053,35.552992882130525,1264.0153028768239,583,
top_k_20_features,2025-01-15,2024_25,0022400561,PHI,NYK,244,219.0,0.7274633446868022,219.7274633446868,0.7274633446868108,24.272536655313196,24.27253665531319,589.1560356835224,583,
top_k_20_features,2025-01-15,2024_25,0022400569,UTA,CHA,229,221.33333333333334,-1.520408878781608,219.81292445455173,-1.520408878781609,9.187075545448264,9.187075545448266,84.40235707777356,583,
top_k_20_features,2025-01-15,2024_25,0022400564,MIL,ORL,215,211.0,4.1816454922424615,215.18164549224247,4.181645492242467,-0.18164549224246151,0.18164549224246684,0.03299508485200808,583,
top_k_20_features,2025-01-15,2024_25,0022400568,DEN,HOU,236,231.5,0.22764547819643288,231.72764547819642,0.2276454781964219,4.2723545218035675,4.272354521803578,18.25301315997548,583,
top_k_20_features,2025-01-15,2024_25,0022400571,LAC,BKN,193,213.0,-2.726377612170247,210.27362238782976,-2.726377612170239,-17.273622387829754,17.27362238782976,298.37803039733353,583,
top_k_20_features,2025-01-15,2024_25,0022400570,LAL,MIA,225,217.33333333333334,-2.0891779904126997,215.24415534292064,-2.0891779904127077,9.755844657079358,9.755844657079365,95.17650497306398,583,
top_k_20_features,2025-01-15,2024_25,0022400567,SAS,MEM,244,239.16666666666666,1.3858100530190798,240.55247671968573,1.3858100530190711,3.447523280314263,3.4475232803142717,11.885416768308877,583,
top_k_20_features,2025-01-15,2024_25,0022400566,NOP,DAL,235,225.83333333333334,-1.2868413791042226,224.5464919542291,-1.2868413791042315,10.45350804577088,10.453508045770889,109.27583046299671,583,
top_k_20_features,2025-01-16,2024_25,0022400576,SAC,HOU,259,226.16666666666666,-1.9457748009498128,224.22089186571685,-1.9457748009498061,34.779108134283156,34.77910813428315,1209.5863626161604,594,
top_k_20_features,2025-01-16,2024_25,0022400572,DET,IND,211,227.0,0.4177943222743613,227.41779432227437,0.41779432227437496,-16.41779432227436,16.417794322274375,269.5439704085047,594,
top_k_20_features,2025-01-16,2024_25,0022400573,WAS,PHX,253,231.66666666666666,1.6449995130743431,233.311666179741,1.644999513074339,19.688333820259,19.688333820259004,387.6304886179545,594,
top_k_20_features,2025-01-16,2024_25,0022400574,OKC,CLE,248,232.5,-0.2926891095559214,232.2073108904441,-0.29268910955590854,15.792689109555921,15.792689109555909,249.4090293110858,594,
top_k_20_features,2025-01-16,2024_25,0022400575,POR,LAC,207,221.16666666666666,5.454709995531088,226.62137666219775,5.45470999553109,-19.621376662197747,19.621376662197747,384.9984221198384,594,
top_k_20_features,2025-01-17,2024_25,0022400577,BOS,ORL,215,210.66666666666666,3.0675330780245953,213.73419974469124,3.0675330780245815,1.2658002553087475,1.2658002553087613,1.6022502863397252,599,
top_k_20_features,2025-01-17,2024_25,0022400578,NYK,MIN,215,219.33333333333334,-0.5637928780868311,218.7695404552465,-0.5637928780868435,-3.7695404552465117,3.7695404552464993,14.209435243739986,599,
top_k_20_features,2025-01-17,2024_25,0022400580,MIL,TOR,242,229.66666666666666,1.2760003058453468,230.942666972512,1.2760003058453435,11.057333027487996,11.057333027488,122.26461368077692,599,
top_k_20_features,2025-01-17,2024_25,0022400579,MIA,DEN,246,226.16666666666666,2.6190248162504832,228.78569148291714,2.619024816250487,17.21430851708286,17.214308517082856,296.33241772131134,599,
top_k_20_features,2025-01-17,2024_25,0022400585,LAL,BKN,203,216.66666666666666,2.1101743928440593,218.77684105951073,2.1101743928440726,-15.776841059510716,15.77684105951073,248.90871381706364,599,
top_k_20_features,2025-01-17,2024_25,0022400581,NOP,UTA,259,230.16666666666666,-2.4628731494948277,227.70379351717182,-2.4628731494948397,31.296206482828172,31.296206482828183,979.4525402158167,599,
top_k_20_features,2025-01-17,2024_25,0022400584,CHI,CHA,248,235.0,-0.1287857504909435,234.87121424950905,-0.1287857504909482,13.128785750490943,13.128785750490948,172.36501528229417,599,
top_k_20_features,2025-01-17,2024_25,0022400582,SAS,MEM,252,239.16666666666666,0.49396465675294754,239.6606313234196,0.49396465675295076,12.339368676580396,12.339368676580392,152.26001933657332,599,
top_k_20_features,2025-01-17,2024_25,0022400583,DAL,OKC,204,223.33333333333334,0.5497315700400568,223.8830649033734,0.549731570040052,-19.8830649033734,19.883064903373395,395.3362699517589,599,
top_k_20_features,2025-01-18,2024_25,0022400586,DET,PHX,246,226.66666666666666,3.141734065089082,229.80840073175574,3.141734065089082,16.19159926824426,16.19159926824426,262.16788686340806,608,
top_k_20_features,2025-01-18,2024_25,0022400587,BOS,ATL,234,234.5,5.143340292382551,239.64334029238256,5.143340292382561,-5.643340292382551,5.643340292382561,31.84728965562849,608,
top_k_20_features,2025-01-18,2024_25,0022400588,IND,PHI,217,223.16666666666666,2.0539722259661986,225.22063889263285,2.0539722259661914,-8.220638892632856,8.220638892632849,67.57890380306783,608,
top_k_20_features,2025-01-18,2024_25,0022400589,GSW,WAS,236,228.83333333333334,0.3216372565473056,229.15497058988066,0.32163725654731934,6.845029410119351,6.845029410119338,46.85442762539869,608,
top_k_20_features,2025-01-18,2024_25,0022400590,MIN,CLE,241,226.66666666666666,1.661710795480577,228.32837746214724,1.6617107954805874,12.671622537852766,12.671622537852755,160.5700177418179,608,
top_k_20_features,2025-01-18,2024_25,0022400591,POR,HOU,228,224.5,2.3643785891644082,226.8643785891644,2.364378589164403,1.1356214108355918,1.135621410835597,1.289635988748232,608,
top_k_20_features,2025-01-19,2024_25,0022400597,POR,CHI,215,235.5,2.643695329588136,238.14369532958813,2.6436953295881267,-23.143695329588137,23.143695329588127,535.6306335087993,614,
top_k_20_features,2025-01-19,2024_25,0022400595,OKC,BKN,228,217.5,-2.117432535597152,215.38256746440285,-2.117432535597146,12.617432535597151,12.617432535597146,159.19960379034544,614,
top_k_20_features,2025-01-19,2024_25,0022400592,MIA,SAS,235,219.5,-0.4280182552530032,219.071981744747,-0.42801825525299364,15.928018255253003,15.928018255252994,253.7017655396726,614,
top_k_20_features,2025-01-19,2024_25,0022400593,ORL,DEN,213,221.5,5.21601189837821,226.7160118983782,5.216011898378213,-13.716011898378209,13.716011898378213,188.1289823964527,614,
top_k_20_features,2025-01-19,2024_25,0022400598,SAC,WAS,223,232.5,-2.872745495290219,229.62725450470978,-2.872745495290218,-6.62725450470978,6.627254504709782,43.9205022701961,614,
top_k_20_features,2025-01-19,2024_25,0022400596,LAC,LAL,218,214.66666666666666,-8.387880116909484,206.27878654975717,-8.387880116909486,11.721213450242827,11.721213450242828,137.3868447461534,614,
top_k_20_features,2025-01-19,2024_25,0022400594,MIL,PHI,232,223.16666666666666,-3.0345460161602,220.13212065050647,-3.034546016160192,11.867879349493542,11.867879349493535,140.84656025413508,614,
top_k_20_features,2025-01-20,2024_25,0022400603,CLE,PHX,210,233.5,2.7046359859940243,236.20463598599403,2.704635985994031,-26.204635985994024,26.20463598599403,686.6829471584533,621,
top_k_20_features,2025-01-20,2024_25,0022400605,NOP,UTA,242,232.5,2.8372048967109516,235.33720489671094,2.8372048967109436,6.6627951032890484,6.662795103289056,44.39283858841263,621,
top_k_20_features,2025-01-20,2024_25,0022400604,GSW,BOS,210,223.5,1.367082468824752,224.86708246882475,1.3670824688247478,-14.867082468824751,14.867082468824748,221.03014113483616,621,
top_k_20_features,2025-01-20,2024_25,0022400611,LAC,CHI,211,227.16666666666666,2.8923410679674926,230.05900773463415,2.892341067967493,-19.05900773463415,19.05900773463415,363.2457758288444,621,
top_k_20_features,2025-01-20,2024_25,0022400602,NYK,ATL,229,235.66666666666666,-0.3535364620011009,235.31313020466555,-0.35353646200110234,-6.313130204665557,6.313130204665555,39.85561298106055,621,
top_k_20_features,2025-01-20,2024_25,0022400600,HOU,DET,203,222.83333333333334,1.6559532480583397,224.4892865813917,1.6559532480583528,-21.48928658139168,21.489286581391696,461.7894377771812,621,
top_k_20_features,2025-01-20,2024_25,0022400599,CHA,DAL,215,223.5,3.4018738656398058,226.9018738656398,3.4018738656398,-11.901873865639805,11.9018738656398,141.6546015135997,621,
top_k_20_features,2025-01-20,2024_25,0022400601,MEM,MIN,214,234.83333333333334,-2.565859200926351,232.267474132407,-2.5658592009263543,-18.267474132406992,18.26747413240699,333.70061117815845,621,
top_k_20_features,2025-01-21,2024_25,0022400610,LAL,WAS,199,229.16666666666666,-5.605112394235092,223.56155427243158,-5.6051123942350785,-24.561554272431565,24.56155427243158,603.2699482776019,629,
top_k_20_features,2025-01-21,2024_25,0022400609,DEN,PHI,253,229.16666666666666,0.013934455683892663,229.18060112235054,0.013934455683880742,23.81939887764945,23.819398877649462,567.3637628925685,629,
top_k_20_features,2025-01-21,2024_25,0022400608,TOR,ORL,202,215.33333333333334,-0.16101498817878956,215.17231834515457,-0.16101498817877768,-13.172318345154553,13.172318345154565,173.5099705860955,629,
top_k_20_features,2025-01-21,2024_25,0022400606,BKN,NYK,194,219.66666666666666,-1.472916058823835,218.19375060784282,-1.4729160588238415,-24.193750607842823,24.193750607842816,585.3375684744946,629,
top_k_20_features,2025-01-21,2024_25,0022400607,MIA,POR,223,221.33333333333334,-0.14378678545110057,221.18954654788223,-0.14378678545111256,1.8104534521177578,1.8104534521177698,3.27774170228515,629,
top_k_20_features,2025-01-22,2024_25,0022400620,LAC,BOS,230,217.16666666666666,-2.2723714428169317,214.89429522384972,-2.272371442816933,15.105704776150274,15.105704776150276,228.18231678420926,634,
top_k_20_features,2025-01-22,2024_25,0022400619,SAC,GSW,240,228.33333333333334,-2.3451368780103805,225.98819645532296,-2.345136878010379,14.011803544677038,14.011803544677036,196.33063857462395,634,
top_k_20_features,2025-01-22,2024_25,0022400618,OKC,UTA,237,225.66666666666666,0.5614010603291938,226.22806772699585,0.5614010603291888,10.771932273004149,10.771932273004154,116.03452489418844,634,
top_k_20_features,2025-01-22,2024_25,0022400616,MEM,CHA,252,239.5,-4.567533579279884,234.93246642072012,-4.567533579279882,17.067533579279882,17.067533579279882,291.30070247984634,634,
top_k_20_features,2025-01-22,2024_25,0022400613,BKN,PHX,192,219.83333333333334,0.9305272466269628,220.7638605799603,0.9305272466269514,-28.763860579960305,28.763860579960294,827.3596754633937,634,
top_k_20_features,2025-01-22,2024_25,0022400614,DAL,MIN,229,217.16666666666666,-1.1769227486606646,215.98974391800598,-1.1769227486606724,13.010256081994008,13.010256081994015,169.26676331906225,634,
top_k_20_features,2025-01-22,2024_25,0022400612,ATL,DET,218,235.66666666666666,2.2893294853208914,237.95599615198756,2.2893294853209056,-19.95599615198755,19.955996151987563,398.2417824181424,634,
top_k_20_features,2025-01-22,2024_25,0022400615,HOU,CLE,217,231.5,0.25378165984596324,231.75378165984597,0.2537816598459699,-14.753781659845963,14.75378165984597,217.6740732664073,634,
top_k_20_features,2025-01-23,2024_25,0022400623,ATL,TOR,241,234.33333333333334,-0.6357823624739737,233.69755097085937,-0.6357823624739751,7.3024490291406305,7.302449029140632,53.32576182319696,642,
top_k_20_features,2025-01-23,2024_25,0022400622,ORL,POR,180,212.0,-6.526279293203155,205.47372070679685,-6.526279293203146,-25.473720706796847,25.473720706796854,648.9104466478908,642,
top_k_20_features,2025-01-23,2024_25,0022400625,OKC,DAL,236,220.5,-2.165747158386351,218.33425284161365,-2.1657471583863526,17.665747158386353,17.665747158386353,312.0786226640355,642,
top_k_20_features,2025-01-23,2024_25,0022400624,MIL,MIA,221,223.83333333333334,-2.1571511594599504,221.6761821738734,-2.157151159459943,-0.6761821738733924,0.6761821738734,0.45722233226415687,642,
top_k_20_features,2025-01-23,2024_25,0022400629,LAL,BOS,213,221.16666666666666,3.1620921060661176,224.32875877273278,3.162092106066126,-11.328758772732774,11.328758772732783,128.34077533077,642,
top_k_20_features,2025-01-23,2024_25,0022400626,DEN,SAC,255,240.66666666666666,0.6644588268289701,241.33112549349562,0.6644588268289624,13.668874506504373,13.66887450650438,186.83813027456537,642,
top_k_20_features,2025-01-23,2024_25,0022400983,LAC,WAS,203,224.0,0.25579669810252464,224.25579669810253,0.2557966981025288,-21.255796698102525,21.25579669810253,451.8088932710664,642,
top_k_20_features,2025-01-23,2024_25,0022400628,GSW,CHI,237,230.66666666666666,-2.690611128084232,227.97605553858241,-2.6906111280842424,9.023944461417575,9.023944461417585,81.43157364274911,642,
top_k_20_features,2025-01-24,2024_25,0022400630,CHA,POR,199,220.83333333333334,-1.5451356626386528,219.2881976706947,-1.5451356626386428,-20.28819767069469,20.2881976706947,411.6109647251819,650,
top_k_20_features,2025-01-24,2024_25,0022400631,PHI,CLE,261,228.66666666666666,0.040192408444707006,228.70685907511137,0.04019240844471028,32.29314092488863,32.29314092488863,1042.846950794717,650,
top_k_20_features,2025-01-24,2024_25,0022400632,MEM,NOP,265,242.83333333333334,-1.6545774258572556,241.17875590747607,-1.6545774258572692,23.821244092523912,23.821244092523926,567.451670115606,650,
top_k_20_features,2025-01-25,2024_25,0022400646,LAC,MIL,244,224.83333333333334,4.377156970846202,229.21049030417956,4.377156970846215,14.789509695820456,14.789509695820442,218.72959704276687,653,
top_k_20_features,2025-01-25,2024_25,0022400639,ATL,TOR,211,236.0,1.2628712490544054,237.2628712490544,1.262871249054399,-26.262871249054406,26.2628712490544,689.7384062444081,653,
top_k_20_features,2025-01-25,2024_25,0022400634,MIN,DEN,237,228.16666666666666,2.0411552112756977,230.20782187794237,2.041155211275708,6.792178122057646,6.792178122057635,46.13368364175838,653,
top_k_20_features,2025-01-25,2024_25,0022400635,DAL,BOS,229,222.33333333333334,-4.542283701276082,217.79104963205725,-4.542283701276091,11.20895036794274,11.208950367942748,125.64056835100386,653,
top_k_20_features,2025-01-25,2024_25,0022400645,PHX,WAS,228,231.83333333333334,-3.4171049379172156,228.41622839541614,-3.417104937917202,-0.4162283954161272,0.416228395416141,0.1732460771506954,653,
top_k_20_features,2025-01-25,2024_25,0022400637,CHA,NOP,215,228.16666666666666,2.9216281956770307,231.0882948623437,2.9216281956770445,-16.088294862343687,16.0882948623437,258.83323157771474,653,
top_k_20_features,2025-01-25,2024_25,0022400638,ORL,DET,234,211.33333333333334,-4.333551363675882,206.99978196965745,-4.333551363675895,27.000218030342538,27.000218030342552,729.011773686035,653,
top_k_20_features,2025-01-25,2024_25,0022400636,BKN,MIA,203,209.5,-7.5520310037795415,201.94796899622045,-7.552031003779547,1.0520310037795415,1.0520310037795468,1.106769232913401,653,
top_k_20_features,2025-01-25,2024_25,0022400640,CLE,HOU,266,227.0,0.054222878305580875,227.05422287830558,0.05422287830558048,38.94577712169442,38.94577712169442,1516.7735556126966,653,
top_k_20_features,2025-01-25,2024_25,0022400641,NYK,SAC,263,232.83333333333334,1.503619260291155,234.3369525936245,1.5036192602911456,28.6630474063755,28.66304740637551,821.57028662013,653,
top_k_20_features,2025-01-25,2024_25,0022400642,CHI,PHI,206,231.66666666666666,-2.797871285060393,228.86879538160628,-2.7978712850603813,-22.868795381606265,22.868795381606276,522.9818022057765,653,
top_k_20_features,2025-01-25,2024_25,0022400643,MEM,UTA,228,245.33333333333334,0.2868625640912422,245.6201958974246,0.2868625640912512,-17.620195897424583,17.620195897424594,310.4713034636185,653,
top_k_20_features,2025-01-25,2024_25,0022400644,GSW,LAL,226,219.0,-1.8832778829272154,217.11672211707278,-1.8832778829272172,8.883277882927215,8.883277882927217,78.91262594530386,653,
top_k_20_features,2025-01-26,2024_25,0022400647,POR,OKC,226,225.5,4.114621104507833,229.61462110450782,4.114621104507819,-3.614621104507833,3.614621104507819,13.065485729153325,666,
top_k_20_features,2025-01-27,2024_25,0022400653,NYK,MEM,249,242.33333333333334,2.9510223519929566,245.2843556853263,2.951022351992947,3.7156443146737006,3.7156443146737104,13.806012673167066,667,
top_k_20_features,2025-01-27,2024_25,0022400649,CLE,DET,201,235.0,-1.6355189640131829,233.3644810359868,-1.6355189640131869,-32.36448103598682,32.36448103598681,1047.45963272875,667,
top_k_20_features,2025-01-27,2024_25,0022400650,BOS,HOU,226,221.83333333333334,-1.3424399373916336,220.4908933959417,-1.3424399373916458,5.509106604058291,5.509106604058303,30.35025557487881,667,
top_k_20_features,2025-01-27,2024_25,0022400651,BKN,SAC,206,221.5,-6.15991400178064,215.34008599821937,-6.159914001780635,-9.34008599821936,9.340085998219365,87.23720645413343,667,
top_k_20_features,2025-01-27,2024_25,0022400652,MIA,ORL,244,207.5,0.14930825121561972,207.64930825121561,0.14930825121561497,36.35069174878438,36.350691748784385,1321.3727906151412,667,
top_k_20_features,2025-01-27,2024_25,0022400658,UTA,MIL,235,236.33333333333334,3.4933724745454318,239.82670580787877,3.493372474545424,-4.826705807878774,4.826705807878767,23.297088955810622,667,
top_k_20_features,2025-01-27,2024_25,0022400648,CHA,LAL,219,222.16666666666666,-0.14274041611119953,222.02392625055546,-0.14274041611119515,-3.0239262505554576,3.023926250555462,9.144129968798415,667,
top_k_20_features,2025-01-27,2024_25,0022400655,CHI,DEN,250,246.16666666666666,0.6746056807024687,246.8412723473691,0.6746056807024559,3.158727652630874,3.158727652630887,9.977560383495033,667,
top_k_20_features,2025-01-27,2024_25,0022400656,MIN,ATL,192,220.0,0.828202267039284,220.82820226703927,0.8282022670392735,-28.828202267039284,28.828202267039273,831.0652459493283,667,
top_k_20_features,2025-01-27,2024_25,0022400657,DAL,WAS,238,231.33333333333334,2.541581506193857,233.8749148395272,2.5415815061938645,4.1250851604728,4.125085160472793,17.016327581152847,667,
top_k_20_features,2025-01-27,2024_25,0022400659,PHX,LAC,220,223.33333333333334,2.6510576718457446,225.98439100517908,2.6510576718457344,-5.984391005179088,5.984391005179077,35.812935702868245,667,
top_k_20_features,2025-01-27,2024_25,0022400654,TOR,NOP,217,232.5,-2.1643720751340703,230.33562792486592,-2.1643720751340823,-13.33562792486593,13.335627924865918,177.83897215046366,667,
top_k_20_features,2025-01-28,2024_25,0022400532,ATL,HOU,196,227.0,4.614869159065827,231.61486915906582,4.614869159065819,-35.614869159065826,35.61486915906582,1268.4189052173776,679,
top_k_20_features,2025-01-28,2024_25,0022400660,PHI,LAL,222,217.5,-2.23438242302931,215.2656175769707,-2.2343824230293023,6.7343824230293095,6.734382423029302,45.35190661960602,679,
top_k_20_features,2025-01-28,2024_25,0022400661,GSW,UTA,217,229.5,1.174138254116462,230.67413825411646,1.174138254116457,-13.674138254116462,13.674138254116457,186.98205699269107,679,
top_k_20_features,2025-01-28,2024_25,0022400662,POR,MIL,237,229.83333333333334,3.8306925935596565,233.664025926893,3.830692593559661,3.3359740731070007,3.3359740731069962,11.128723016442082,679,
top_k_20_features,2025-01-29,2024_25,0022400667,MIA,CLE,232,227.5,4.114358627857222,231.61435862785723,4.114358627857229,0.3856413721427776,0.3856413721427714,0.14871926790815948,683,
top_k_20_features,2025-01-29,2024_25,0022400663,CHA,BKN,187,204.83333333333334,1.5416595000055544,206.3749928333389,1.5416595000055509,-19.374992833338897,19.374992833338894,375.3903472919335,683,
top_k_20_features,2025-01-29,2024_25,0022400664,IND,DET,252,229.5,2.433354232770203,231.9333542327702,2.433354232770199,20.066645767229797,20.0666457672298,402.67027234748167,683,
top_k_20_features,2025-01-29,2024_25,0022400665,WAS,TOR,188,231.0,-3.143349202292394,227.8566507977076,-3.1433492022923986,-39.85665079770761,39.8566507977076,1588.552612810406,683,
top_k_20_features,2025-01-29,2024_25,0022400673,GSW,OKC,225,228.33333333333334,0.027645465377415232,228.36097879871076,0.027645465377418077,-3.360978798710758,3.360978798710761,11.29617848538323,683,
top_k_20_features,2025-01-29,2024_25,0022400666,BOS,CHI,222,232.33333333333334,-3.1299084473883867,229.20342488594497,-3.129908447388374,-7.203424885944957,7.203424885944969,51.88933008745129,683,
top_k_20_features,2025-01-29,2024_25,0022400670,NOP,DAL,273,232.16666666666666,0.34316566936369874,232.50983233603034,0.3431656693636853,40.49016766396964,40.49016766396966,1639.4536774563742,683,
top_k_20_features,2025-01-29,2024_25,0022400669,PHI,SAC,221,228.5,-0.729591151859091,227.7704088481409,-0.729591151859097,-6.770408848140909,6.770408848140903,45.83843597098463,683,
top_k_20_features,2025-01-29,2024_25,0022400668,NYK,DEN,234,239.5,0.22526852794611868,239.72526852794613,0.2252685279461275,-5.725268527946119,5.7252685279461275,32.77869971709042,683,
top_k_20_features,2025-01-29,2024_25,0022400671,SAS,LAC,244,222.5,-0.5063387459081694,221.99366125409182,-0.506338745908181,22.00633874590817,22.00633874590818,484.27894499965964,683,
top_k_20_features,2025-01-29,2024_25,0022400672,PHX,MIN,234,217.33333333333334,2.0076855227166046,219.34101885604994,2.0076855227165993,14.658981143950053,14.658981143950058,214.88572817868334,683,
top_k_20_features,2025-01-30,2024_25,0022400674,WAS,LAL,230,223.66666666666666,-1.3317637846087957,222.33490288205786,-1.3317637846087962,7.665097117942139,7.665097117942139,58.75371382748489,694,
top_k_20_features,2025-01-30,2024_25,0022400675,CLE,ATL,252,237.16666666666666,-3.803481041013493,233.36318562565316,-3.803481041013498,18.636814374346837,18.63681437434684,347.33085002386105,694,
top_k_20_features,2025-01-30,2024_25,0022400676,MEM,HOU,239,238.0,0.617583500508826,238.61758350050883,0.6175835005088288,0.38241649949117396,0.3824164994911712,0.14624237908308094,694,
top_k_20_features,2025-01-30,2024_25,0022400677,UTA,MIN,251,224.33333333333334,2.656333106067478,226.98966643940082,2.6563331060674784,24.01033356059918,24.01033356059918,576.4961176912352,694,
top_k_20_features,2025-01-30,2024_25,0022400678,POR,ORL,209,212.5,0.01673683127396476,212.51673683127396,0.01673683127395975,-3.5167368312739646,3.5167368312739598,12.367437940438812,694,
top_k_20_features,2025-01-31,2024_25,0022400681,PHI,DEN,271,232.5,-5.90257825736147,226.59742174263852,-5.902578257361483,44.40257825736147,44.40257825736148,1971.5889559011107,699,
top_k_20_features,2025-01-31,2024_25,0022400679,CHA,LAC,216,212.0,6.878146780117625,218.87814678011762,6.878146780117618,-2.878146780117625,2.8781467801176177,8.283728887901411,699,
top_k_20_features,2025-01-31,2024_25,0022400680,DET,DAL,219,229.33333333333334,1.3037980949780583,230.6371314283114,1.303798094978049,-11.6371314283114,11.637131428311392,135.42282787979272,699,
top_k_20_features,2025-01-31,2024_25,0022400684,SAS,MIL,262,232.83333333333334,-1.1229185227494263,231.71041481058393,-1.1229185227494156,30.289585189416083,30.289585189416073,917.4589709468935,699,
top_k_20_features,2025-01-31,2024_25,0022400683,NOP,BOS,234,231.66666666666666,-1.5147562251929838,230.15191044147366,-1.514756225192997,3.8480895585263264,3.8480895585263397,14.80779325043944,699,
top_k_20_features,2025-01-31,2024_25,0022400682,TOR,CHI,228,233.33333333333334,3.374882704309715,236.70821603764307,3.3748827043097265,-8.708216037643059,8.70821603764307,75.83302655826395,699,
top_k_20_features,2025-01-31,2024_25,0022400685,GSW,PHX,235,227.5,-0.48918529376431596,227.0108147062357,-0.48918529376430797,7.989185293764316,7.989185293764308,63.82708165809989,699,
top_k_20_features,2025-02-01,2024_25,0022400691,OKC,SAC,254,234.33333333333334,-3.881517144152307,230.45181618918105,-3.8815171441522978,23.548183810818966,23.548183810818955,554.516960788116,706,
top_k_20_features,2025-02-01,2024_25,0022400694,POR,PHX,235,228.5,1.5847615141797047,230.08476151417972,1.5847615141797178,4.9152384858202955,4.915238485820282,24.15956937248886,706,
top_k_20_features,2025-02-01,2024_25,0022400693,SAS,MIA,208,224.0,-0.9876448167064714,223.01235518329352,-0.987644816706478,-15.01235518329353,15.012355183293522,225.37080814935987,706,
top_k_20_features,2025-02-01,2024_25,0022400692,NYK,LAL,240,227.5,-0.6942398816315634,226.80576011836843,-0.6942398816315745,13.194239881631564,13.194239881631574,174.0879660540372,706,
top_k_20_features,2025-02-01,2024_25,0022400690,MIN,WAS,208,223.16666666666666,-0.8976502405764923,222.26901642609016,-0.8976502405764961,-14.269016426090165,14.269016426090161,203.60482976803084,706,
top_k_20_features,2025-02-01,2024_25,0022400688,CHA,DEN,211,223.0,3.116865563225051,226.11686556322505,3.1168655632250477,-15.116865563225051,15.116865563225048,228.51962445661934,706,
top_k_20_features,2025-02-01,2024_25,0022400687,UTA,ORL,212,216.16666666666666,2.753113361202014,218.91978002786868,2.7531133612020255,-6.919780027868671,6.919780027868683,47.88335563409031,706,
top_k_20_features,2025-02-01,2024_25,0022400686,IND,ATL,259,239.5,-2.412116584945162,237.08788341505485,-2.412116584945153,21.91211658494516,21.912116584945153,480.14085323222844,706,
top_k_20_features,2025-02-01,2024_25,0022400689,HOU,BKN,208,213.5,-3.1531250130349897,210.34687498696502,-3.1531250130349804,-2.3468749869650103,2.3468749869650196,5.507822204442061,706,
top_k_20_features,2025-02-02,2024_25,0022400699,MIL,MEM,251,245.0,-0.29687391559864074,244.70312608440136,-0.2968739155986384,6.296873915598641,6.296873915598638,39.65062110894653,715,
top_k_20_features,2025-02-02,2024_25,0022400698,PHI,BOS,228,222.33333333333334,0.35502886440496134,222.68836219773831,0.3550288644049715,5.3116378022616955,5.311637802261686,28.21349614241535,715,
top_k_20_features,2025-02-02,2024_25,0022400695,DET,CHI,246,233.16666666666666,0.8085230814124609,233.97518974807912,0.80852308141246,12.024810251920883,12.024810251920883,144.59606159470155,715,
top_k_20_features,2025-02-02,2024_25,0022400696,CLE,DAL,245,236.66666666666666,0.9912459207473007,237.65791258741396,0.9912459207473034,7.342087412586042,7.342087412586039,53.90624757405436,715,
top_k_20_features,2025-02-02,2024_25,0022400697,TOR,LAC,223,220.0,5.4197042356328575,225.41970423563285,5.4197042356328495,-2.4197042356328575,2.4197042356328495,5.8549685879395525,715,
top_k_20_features,2025-02-03,2024_25,0022400704,MIN,SAC,230,221.83333333333334,-0.7277629790986049,221.10557035423474,-0.7277629790985998,8.894429645765262,8.894429645765257,79.11087872346788,720,
top_k_20_features,2025-02-03,2024_25,0022400700,CHA,WAS,238,217.0,0.5927797470995995,217.5927797470996,0.5927797470995984,20.4072202529004,20.4072202529004,416.45463845038836,720,
top_k_20_features,2025-02-03,2024_25,0022400701,DET,ATL,262,235.16666666666666,0.41780044875063915,235.58446711541728,0.4178004487506257,26.415532884582703,26.415532884582717,697.7803775764709,720,
top_k_20_features,2025-02-03,2024_25,0022400702,NYK,HOU,242,224.16666666666666,-0.13034581528433428,224.03632085138233,-0.1303458152843291,17.963679148617675,17.963679148617672,322.6937685544813,720,
top_k_20_features,2025-02-03,2024_25,0022400703,MEM,SAS,237,241.33333333333334,-1.7114627573128627,239.62187057602048,-1.7114627573128587,-2.62187057602048,2.621870576020484,6.8742053174019855,720,
top_k_20_features,2025-02-03,2024_25,0022400707,UTA,IND,223,239.16666666666666,5.347339305883277,244.51400597254994,5.347339305883281,-21.514005972549935,21.51400597254994,462.85245298691444,720,
top_k_20_features,2025-02-03,2024_25,0022400705,OKC,MIL,221,233.0,-1.8683037212133764,231.13169627878662,-1.8683037212133797,-10.131696278786624,10.13169627878662,102.65126948557865,720,
top_k_20_features,2025-02-03,2024_25,0022400706,DEN,NOP,238,239.33333333333334,-3.081934131705063,236.2513992016283,-3.0819341317050544,1.74860079837172,1.7486007983717116,3.057604752066187,720,
top_k_20_features,2025-02-03,2024_25,0022400708,GSW,ORL,203,212.33333333333334,-5.572978774514541,206.7603545588188,-5.572978774514553,-3.7603545588188014,3.76035455881879,14.140266408029255,720,
top_k_20_features,2025-02-03,2024_25,0022400709,POR,PHX,240,229.66666666666666,4.411508201651218,234.0781748683179,4.41150820165123,5.921825131682125,5.921825131682112,35.068012890221866,720,
top_k_20_features,2025-02-04,2024_25,0022400710,CLE,BOS,217,237.33333333333334,1.5873849557750224,238.92071828910838,1.5873849557750361,-21.920718289108365,21.92071828910838,480.5178903104506,730,
top_k_20_features,2025-02-04,2024_25,0022400712,PHI,DAL,234,225.5,4.654172162694846,230.15417216269483,4.6541721626948345,3.845827837305154,3.8458278373051655,14.790391754191326,730,
top_k_20_features,2025-02-04,2024_25,0022400711,BKN,HOU,196,209.5,-4.008527310884138,205.49147268911585,-4.008527310884148,-9.491472689115863,9.491472689115852,90.0880538082321,730,
top_k_20_features,2025-02-04,2024_25,0022400714,CHI,MIA,257,227.66666666666666,-2.6894866739836325,224.97717999268303,-2.689486673983623,32.02282000731697,32.022820007316966,1025.4610012210198,730,
top_k_20_features,2025-02-04,2024_25,0022400713,TOR,NYK,236,231.5,3.5542647835270023,235.054264783527,3.554264783527003,0.9457352164729977,0.9457352164729969,0.8944150996772262,730,
top_k_20_features,2025-02-04,2024_25,0022400715,LAC,LAL,219,220.5,2.907412507760939,223.40741250776094,2.907412507760938,-4.407412507760939,4.407412507760938,19.42528501356756,730,
top_k_20_features,2025-02-04,2024_25,0022400716,POR,IND,201,233.33333333333334,3.0783007206466286,236.41163405397998,3.078300720646638,-35.411634053979974,35.41163405397998,1253.9838263729946,730,
top_k_20_features,2025-02-05,2024_25,0022400717,CHA,MIL,214,220.16666666666666,2.7741562807864097,222.94082294745306,2.7741562807864,-8.940822947453068,8.940822947453057,79.93831497770317,737,
top_k_20_features,2025-02-05,2024_25,0022400718,DET,CLE,233,236.33333333333334,-0.17471368876215843,236.1586196445712,-0.17471368876215365,-3.1586196445711843,3.158619644571189,9.976878059071025,737,
top_k_20_features,2025-02-05,2024_25,0022400719,ATL,SAS,251,240.16666666666666,-5.884175144470422,234.28249152219624,-5.884175144470419,16.717508477803765,16.71750847780376,279.47508970544067,737,
top_k_20_features,2025-02-05,2024_25,0022400720,BKN,WAS,221,216.83333333333334,-2.890810688114056,213.9425226452193,-2.890810688114044,7.057477354780714,7.057477354780701,49.807986613242406,737,
top_k_20_features,2025-02-05,2024_25,0022400725,UTA,GSW,259,227.0,2.291568536379524,229.29156853637951,2.291568536379515,29.708431463620474,29.708431463620485,882.5909000286356,737,
top_k_20_features,2025-02-05,2024_25,0022400721,PHI,MIA,209,215.5,0.9625850100413171,216.46258501004132,0.9625850100413231,-7.462585010041317,7.462585010041323,55.69017503209346,737,
top_k_20_features,2025-02-05,2024_25,0022400724,OKC,PHX,249,226.16666666666666,0.967967873968958,227.1346345406356,0.967967873968945,21.865365459364384,21.865365459364398,478.09420667156564,737,
top_k_20_features,2025-02-05,2024_25,0022400726,DEN,NOP,263,238.66666666666666,1.2649656094247772,239.93163227609142,1.2649656094247632,23.068367723908565,23.06836772390858,532.1495894454671,737,
top_k_20_features,2025-02-05,2024_25,0022400727,SAC,ORL,241,218.5,0.3810376425062476,218.88103764250624,0.38103764250624295,22.118962357493754,22.118962357493757,489.2484957722258,737,
top_k_20_features,2025-02-05,2024_25,0022400723,MIN,CHI,235,226.83333333333334,1.9719119151108753,228.8052452484442,1.9719119151108657,6.194754751555782,6.1947547515557915,38.374986431923055,737,
top_k_20_features,2025-02-05,2024_25,0022400722,TOR,MEM,245,238.5,4.898073194100114,243.3980731941001,4.898073194100107,1.6019268058998861,1.6019268058998932,2.5661694914606343,737,
top_k_20_features,2025-02-06,2024_25,0022400728,BOS,DAL,247,231.0,-0.6665755041811952,230.3334244958188,-0.6665755041811963,16.666575504181196,16.666575504181196,277.77473903657267,748,
top_k_20_features,2025-02-06,2024_25,0022400729,MIN,HOU,241,214.33333333333334,-2.7646251330783467,211.568708200255,-2.76462513307834,29.431291799745004,29.431291799744997,866.2009370017371,748,
top_k_20_features,2025-02-06,2024_25,0022400730,DEN,ORL,202,221.66666666666666,0.32796901892490166,221.99463568559156,0.3279690189249038,-19.994635685591557,19.99463568559156,399.7854561995315,748,
top_k_20_features,2025-02-06,2024_25,0022400731,LAL,GSW,232,221.5,0.9429344186930837,222.44293441869308,0.9429344186930848,9.557065581306917,9.557065581306915,91.33750252540129,748,
top_k_20_features,2025-02-06,2024_25,0022400732,POR,SAC,210,229.5,2.137216467456587,231.6372164674566,2.1372164674565965,-21.637216467456586,21.637216467456597,468.16913645957493,748,
top_k_20_features,2025-02-06,2024_25,0022400733,LAC,IND,231,228.33333333333334,1.457593372746169,229.79092670607952,1.4575933727461745,1.2090732939204882,1.2090732939204827,1.461858230071726,748,
top_k_20_features,2025-02-07,2024_25,0022400735,WAS,CLE,258,236.0,0.7727654285739551,236.77276542857396,0.7727654285739618,21.227234571426045,21.227234571426038,450.5954875503448,754,
top_k_20_features,2025-02-07,2024_25,0022400737,BKN,MIA,188,211.16666666666666,-0.1802654588884881,210.98640120777816,-0.1802654588884991,-22.98640120777817,22.986401207778158,528.3746404849452,754,
top_k_20_features,2025-02-07,2024_25,0022400736,ATL,MIL,225,241.5,-4.158371094326971,237.34162890567302,-4.158371094326981,-12.34162890567303,12.34162890567302,152.3158040453438,754,
top_k_20_features,2025-02-07,2024_25,0022400738,DET,PHI,237,224.66666666666666,1.5544675005729274,226.2211341672396,1.5544675005729403,10.778865832760415,10.778865832760403,116.1839486406496,754,
top_k_20_features,2025-02-07,2024_25,0022400739,OKC,TOR,230,231.5,-0.9832869144646524,230.51671308553534,-0.9832869144646565,-0.5167130855353476,0.5167130855353435,0.26699241276345514,754,
top_k_20_features,2025-02-07,2024_25,0022400740,PHX,UTA,262,231.5,-0.09531076333203795,231.40468923666796,-0.09531076333203714,30.595310763332037,30.595310763332037,936.0730407048612,754,
top_k_20_features,2025-02-07,2024_25,0022400734,CHA,SAS,233,227.5,-5.9132787757323735,221.58672122426762,-5.91327877573238,11.413278775732373,11.41327877573238,130.2629324125832,754,
top_k_20_features,2025-02-08,2024_25,0022400743,ORL,SAS,223,218.66666666666666,-3.7747802427794133,214.89188642388726,-3.7747802427794,8.108113576112757,8.108113576112743,65.74150576314376,761,
top_k_20_features,2025-02-08,2024_25,0022400745,CHI,GSW,243,235.5,1.0112096041169274,236.5112096041169,1.0112096041169139,6.488790395883073,6.488790395883086,42.10440080170458,761,
top_k_20_features,2025-02-08,2024_25,0022400741,DAL,HOU,221,226.0,-0.10632515788942651,225.89367484211058,-0.10632515788941532,-4.893674842110573,4.893674842110585,23.948053460306056,761,
top_k_20_features,2025-02-08,2024_25,0022400742,LAL,IND,241,231.0,2.8447534829996504,233.84475348299966,2.844753482999664,7.15524651700035,7.155246517000336,51.19755271904544,761,
top_k_20_features,2025-02-08,2024_25,0022400744,WAS,ATL,236,236.83333333333334,0.9666991251924232,237.80003245852578,0.9666991251924344,-1.800032458525766,1.8000324585257772,3.240116851746354,761,
top_k_20_features,2025-02-08,2024_25,0022400749,PHX,DEN,227,237.66666666666666,2.067551147994067,239.73421781466072,2.0675511479940667,-12.734217814660724,12.734217814660724,162.16030335122255,761,
top_k_20_features,2025-02-08,2024_25,0022400746,MEM,OKC,237,242.33333333333334,-0.37764869840907817,241.95568463492427,-0.3776486984090752,-4.955684634924265,4.955684634924268,24.55881020082447,761,
top_k_20_features,2025-02-08,2024_25,0022400748,NYK,BOS,235,231.83333333333334,-1.5834149413276264,230.24991839200572,-1.583414941327618,4.750081607994284,4.750081607994275,22.563275282605478,761,
top_k_20_features,2025-02-08,2024_25,0022400751,LAC,UTA,240,224.5,-2.085978876948507,222.4140211230515,-2.085978876948502,17.585978876948506,17.585978876948502,309.2666530604789,761,
top_k_20_features,2025-02-08,2024_25,0022400750,SAC,NOP,241,238.0,3.036493000369427,241.03649300036943,3.0364930003694326,-0.03649300036942682,0.03649300036943259,0.0013317390759634074,761,
top_k_20_features,2025-02-08,2024_25,0022400747,MIN,POR,212,216.33333333333334,0.02603894919495716,216.3593722825283,0.02603894919496952,-4.3593722825283,4.359372282528312,19.004126697676107,761,
top_k_20_features,2025-02-09,2024_25,0022400752,DET,CHA,214,225.0,1.6416620742659522,226.64166207426595,1.6416620742659518,-12.641662074265952,12.641662074265952,159.81161999993412,772,
top_k_20_features,2025-02-09,2024_25,0022400753,HOU,TOR,181,224.5,2.1893374599992077,226.6893374599992,2.1893374599991944,-45.68933745999921,45.689337459999194,2087.5155575336858,772,
top_k_20_features,2025-02-09,2024_25,0022400754,MIL,PHI,262,227.16666666666666,-1.8637347721421023,225.30293189452456,-1.8637347721420952,36.697068105475445,36.69706810547544,1346.6748075379026,772,
top_k_20_features,2025-02-10,2024_25,0022400756,ORL,ATL,218,221.66666666666666,-4.169762484440032,217.49690418222661,-4.169762484440042,0.5030958177733744,0.5030958177733851,0.2531054018610711,775,
top_k_20_features,2025-02-10,2024_25,0022400757,WAS,SAS,252,236.16666666666666,0.1842358973354461,236.3509025640021,0.18423589733544077,15.649097435997897,15.649097435997902,244.8942505613561,775,
top_k_20_features,2025-02-10,2024_25,0022400759,MIA,BOS,188,219.33333333333334,1.9850901616127228,221.31842349494607,1.9850901616127317,-33.31842349494607,33.318423494946074,1110.1173441885746,775,
top_k_20_features,2025-02-10,2024_25,0022400755,CLE,MIN,235,228.66666666666666,-2.1087625750743277,226.55790409159232,-2.108762575074337,8.442095908407671,8.44209590840768,71.26898332675368,775,
top_k_20_features,2025-02-10,2024_25,0022400758,BKN,CHA,186,212.66666666666666,-5.682149989244391,206.98451667742228,-5.68214998924438,-20.984516677422267,20.984516677422278,440.3499401850137,775,
top_k_20_features,2025-02-10,2024_25,0022400760,MIL,GSW,236,231.5,0.20443571932764096,231.70443571932765,0.20443571932764826,4.295564280672359,4.295564280672352,18.45187248938818,775,
top_k_20_features,2025-02-10,2024_25,0022400762,DAL,SAC,257,237.5,3.378851404328829,240.87885140432883,3.3788514043288274,16.121148595671173,16.121148595671173,259.8914320437106,775,
top_k_20_features,2025-02-10,2024_25,0022400763,DEN,POR,263,233.0,-2.0717060131660876,230.92829398683392,-2.0717060131660787,32.071706013166086,32.07170601316608,1028.5943265949531,775,
top_k_20_features,2025-02-10,2024_25,0022400768,LAL,UTA,245,234.66666666666666,-0.1995444870360715,234.4671221796306,-0.1995444870360643,10.532877820369414,10.532877820369407,110.94151517882979,775,
top_k_20_features,2025-02-10,2024_25,0022400761,OKC,NOP,238,234.33333333333334,-1.4269750616713983,232.90635827166196,-1.426975061671385,5.0936417283380555,5.093641728338042,25.945186056666557,775,
top_k_20_features,2025-02-11,2024_25,0022400764,PHI,TOR,209,226.16666666666666,-1.0470894149479641,225.11957725171868,-1.0470894149479761,-16.11957725171869,16.11957725171868,259.8407707741264,785,
top_k_20_features,2025-02-11,2024_25,0022400765,IND,NYK,243,239.66666666666666,-0.4404589857613346,239.22620768090533,-0.4404589857613246,3.773792319094677,3.7737923190946674,14.241508467657908,785,
top_k_20_features,2025-02-11,2024_25,0022400766,CHI,DET,224,238.5,1.2515077708088203,239.75150777080881,1.2515077708088143,-15.75150777080882,15.751507770808814,248.10999705385046,785,
top_k_20_features,2025-02-11,2024_25,0022400767,PHX,MEM,231,244.16666666666666,3.898738071784431,248.0654047384511,3.898738071784436,-17.06540473845109,17.065404738451093,291.228038887149,785,
top_k_20_features,2025-02-12,2024_25,0022400770,ORL,CHA,188,204.33333333333334,-0.12037723035411091,204.21295610297923,-0.12037723035410863,-16.21295610297923,16.212956102979234,262.85994559713157,789,
top_k_20_features,2025-02-12,2024_25,0022400776,MIN,MIL,204,224.66666666666666,2.6321469049380792,227.29881357160474,2.6321469049380823,-23.298813571604736,23.29881357160474,542.8347138443931,789,
top_k_20_features,2025-02-12,2024_25,0022400769,BOS,SAS,219,233.5,2.054556386935086,235.55455638693508,2.054556386935076,-16.554556386935086,16.554556386935076,274.0533371682129,789,
top_k_20_features,2025-02-12,2024_25,0022400772,BKN,PHI,196,212.66666666666666,-2.549797598199463,210.1168690684672,-2.5497975981994614,-14.116869068467194,14.116869068467196,199.28599229624587,789,
top_k_20_features,2025-02-12,2024_25,0022400773,NYK,ATL,297,239.66666666666666,0.476522261327554,240.1431889279942,0.4765222613275455,56.85681107200579,56.8568110720058,3232.696965277761,789,
top_k_20_features,2025-02-12,2024_25,0022400775,CHI,DET,238,236.83333333333334,2.3740893795651146,239.20742271289845,2.374089379565106,-1.2074227128984574,1.207422712898449,1.4578696076230502,789,
top_k_20_features,2025-02-12,2024_25,0022400774,TOR,CLE,239,236.33333333333334,3.485273794760138,239.81860712809348,3.4852737947601327,-0.8186071280934808,0.8186071280934755,0.6701176301654478,789,
top_k_20_features,2025-02-12,2024_25,0022400771,WAS,IND,264,239.5,0.5310112603902296,240.03101126039022,0.5310112603902155,23.96898873960977,23.968988739609784,574.5124211995407,789,
top_k_20_features,2025-02-12,2024_25,0022400778,OKC,MIA,216,218.83333333333334,0.04821982301904289,218.8815531563524,0.048219823019053365,-2.8815531563523855,2.881553156352396,8.303348592884458,789,
top_k_20_features,2025-02-12,2024_25,0022400779,HOU,PHX,230,223.5,-1.5758568462805798,221.92414315371943,-1.5758568462805727,8.07585684628058,8.075856846280573,65.2194638016168,789,
top_k_20_features,2025-02-12,2024_25,0022400780,DEN,POR,253,232.83333333333334,2.2098889610084025,235.04322229434175,2.209888961008403,17.956777705658254,17.956777705658254,322.4458655704253,789,
top_k_20_features,2025-02-12,2024_25,0022400777,NOP,SAC,230,238.5,-0.9807319921176466,237.51926800788235,-0.9807319921176543,-7.519268007882354,7.519268007882346,56.53939137436294,789,
top_k_20_features,2025-02-12,2024_25,0022400781,UTA,LAL,250,236.33333333333334,1.8032404167083067,238.13657375004166,1.80324041670832,11.863426249958351,11.863426249958337,140.74088238820053,789,
top_k_20_features,2025-02-12,2024_25,0022400782,DAL,GSW,218,233.33333333333334,2.6212772015326418,235.954610534866,2.6212772015326493,-17.954610534865985,17.954610534865992,322.3680394587209,789,
top_k_20_features,2025-02-12,2024_25,0022400783,LAC,MEM,242,237.33333333333334,2.052313073013034,239.38564640634638,2.052313073013039,2.614353593653623,2.614353593653618,6.834844712649588,789,
top_k_20_features,2025-02-13,2024_25,0022400787,MIN,OKC,217,222.0,-2.2338477090375273,219.76615229096248,-2.2338477090375193,-2.7661522909624727,2.7661522909624807,7.65159849679698,804,
top_k_20_features,2025-02-13,2024_25,0022400786,DAL,MIA,231,221.66666666666666,-2.9156292709202436,218.7510373957464,-2.915629270920249,12.248962604253586,12.248962604253592,150.03708488040294,804,
top_k_20_features,2025-02-13,2024_25,0022401004,UTA,LAC,236,225.66666666666666,1.0263812589459482,226.6930479256126,1.0263812589459462,9.306952074387395,9.306952074387397,86.61935691494386,804,
top_k_20_features,2025-02-13,2024_25,0022400784,HOU,GSW,203,216.66666666666666,1.7704879069346244,218.43715457360128,1.770487906934619,-15.437154573601282,15.437154573601276,238.3057413292588,804,
top_k_20_features,2025-02-13,2024_25,0022400785,NOP,SAC,273,235.66666666666666,-1.5199588786313327,234.14670778803531,-1.5199588786313427,38.85329221196468,38.853292211964686,1509.5783157083156,804,
top_k_20_features,2025-02-19,2024_25,0022400524,LAL,CHA,197,227.16666666666666,-0.8190547309172278,226.34761193574943,-0.8190547309172302,-29.34761193574943,29.347611935749427,861.2823263313422,809,
top_k_20_features,2025-02-20,2024_25,0022400796,POR,LAL,212,227.0,1.3643801756411174,228.36438017564112,1.3643801756411165,-16.364380175641116,16.364380175641116,267.79293853291597,810,
top_k_20_features,2025-02-20,2024_25,0022400788,IND,MEM,240,249.83333333333334,3.4535315504469892,253.28686488378034,3.4535315504469963,-13.286864883780332,13.28686488378034,176.54077843983512,810,
top_k_20_features,2025-02-20,2024_25,0022400789,PHI,BOS,228,223.5,-2.7539376920494125,220.74606230795058,-2.753937692049419,7.253937692049412,7.253937692049419,52.61961204013525,810,
top_k_20_features,2025-02-20,2024_25,0022400790,ATL,ORL,222,222.66666666666666,0.8741624714251867,223.54082913809185,0.8741624714251941,-1.5408291380918437,1.5408291380918513,2.3741544327928774,810,
top_k_20_features,2025-02-20,2024_25,0022400791,BKN,CLE,207,225.5,3.9197601352392493,229.41976013523924,3.919760135239244,-22.41976013523925,22.419760135239244,502.6456445216628,810,
top_k_20_features,2025-02-20,2024_25,0022400792,NYK,CHI,224,242.5,-2.0832528822888783,240.4167471177111,-2.083252882288889,-16.41674711771112,16.41674711771111,269.50958592687607,810,
top_k_20_features,2025-02-20,2024_25,0022400793,MIL,LAC,226,227.33333333333334,2.1268190050431213,229.46015233837647,2.1268190050431315,-3.460152338376464,3.4601523383764743,11.972654204772184,810,
top_k_20_features,2025-02-20,2024_25,0022400794,DEN,CHA,244,228.33333333333334,-2.702011921500755,225.6313214118326,-2.702011921500741,18.368678588167413,18.3686785881674,337.4083530753995,810,
top_k_20_features,2025-02-20,2024_25,0022400795,SAS,PHX,229,237.0,1.288904696208398,238.2889046962084,1.288904696208391,-9.288904696208398,9.288904696208391,86.2837504552423,810,
top_k_20_features,2025-02-21,2024_25,0022400797,CLE,NYK,247,239.5,-2.0352348666670554,237.46476513333295,-2.0352348666670537,9.535234866667055,9.535234866667054,90.92070396250307,819,
top_k_20_features,2025-02-21,2024_25,0022400800,TOR,MIA,231,221.33333333333334,1.2539180495919997,222.58725138292533,1.253918049591988,8.412748617074657,8.41274861707467,70.77433929409176,819,
top_k_20_features,2025-02-21,2024_25,0022400801,HOU,MIN,236,216.5,1.9788891746618358,218.47888917466184,1.9788891746618447,17.521110825338162,17.521110825338155,306.9893245537819,819,
top_k_20_features,2025-02-21,2024_25,0022400799,WAS,MIL,205,229.66666666666666,2.930043143878007,232.59670981054467,2.9300431438780095,-27.596709810544663,27.596709810544667,761.5783923674122,819,
top_k_20_features,2025-02-21,2024_25,0022400798,ORL,MEM,209,224.5,2.1885674475156573,226.68856744751565,2.188567447515652,-17.68856744751566,17.688567447515652,312.88541834531037,819,
top_k_20_features,2025-02-21,2024_25,0022400805,SAC,GSW,240,233.5,0.105259659203348,233.60525965920334,0.10525965920334102,6.394740340796652,6.394740340796659,40.89270402621217,819,
top_k_20_features,2025-02-21,2024_25,0022400804,UTA,OKC,237,236.5,0.7211584129699788,237.22115841296997,0.7211584129699702,-0.22115841296997885,0.2211584129699702,0.04891104362739588,819,
top_k_20_features,2025-02-21,2024_25,0022400802,SAS,DET,235,232.5,-0.18058322644421745,232.3194167735558,-0.1805832264442131,2.6805832264442175,2.680583226444213,7.185526433894068,819,
top_k_20_features,2025-02-21,2024_25,0022400803,DAL,NOP,214,236.83333333333334,-0.21340765500770814,236.61992567832564,-0.21340765500769976,-22.619925678325636,22.619925678325643,511.6610376929758,819,
top_k_20_features,2025-02-22,2024_25,0022400806,CHI,PHX,238,238.5,-3.875512650853668,234.62448734914634,-3.875512650853665,3.375512650853668,3.375512650853665,11.394085656073136,828,
top_k_20_features,2025-02-22,2024_25,0022400807,PHI,BKN,208,213.5,-0.11934895956419235,213.3806510404358,-0.11934895956420633,-5.380651040435808,5.380651040435794,28.95140561894279,828,
top_k_20_features,2025-02-22,2024_25,0022400808,DEN,LAL,223,240.66666666666666,3.338290996583446,244.0049576632501,3.338290996583453,-21.004957663250103,21.00495766325011,441.20824643492955,828,
top_k_20_features,2025-02-22,2024_25,0022400809,UTA,HOU,239,228.66666666666666,-0.662775395641275,228.0038912710254,-0.6627753956412619,10.996108728974617,10.996108728974605,120.91440717943149,828,
top_k_20_features,2025-02-22,2024_25,0022400810,POR,CHA,229,222.0,-0.7893961128251591,221.21060388717484,-0.789396112825159,7.789396112825159,7.789396112825159,60.674691802495694,828,
top_k_20_features,2025-02-23,2024_25,0022400817,MIL,MIA,233,221.5,5.6524430299819475,227.15244302998195,5.652443029981953,5.8475569700180525,5.847556970018047,34.193922517606644,833,
top_k_20_features,2025-02-23,2024_25,0022400815,ORL,WAS,200,216.33333333333334,-6.55105778816377,209.78227554516957,-6.551057788163774,-9.782275545169572,9.782275545169568,95.69291484162258,833,
top_k_20_features,2025-02-23,2024_25,0022400811,BOS,NYK,223,231.5,0.1305414198076652,231.63054141980766,0.1305414198076562,-8.630541419807665,8.630541419807656,74.48624519901556,833,
top_k_20_features,2025-02-23,2024_25,0022400813,IND,LAC,240,230.5,1.0286940364540584,231.52869403645406,1.0286940364540555,8.471305963545941,8.471305963545944,71.76302472800909,833,
top_k_20_features,2025-02-23,2024_25,0022400814,ATL,DET,291,237.33333333333334,0.6021908914802087,237.93552422481355,0.6021908914802054,53.06447577518645,53.06447577518645,2815.8385892953497,833,
top_k_20_features,2025-02-23,2024_25,0022400818,NOP,SAS,210,239.5,2.202817173165595,241.70281717316558,2.2028171731655846,-31.702817173165595,31.702817173165585,1005.0686167151628,833,
top_k_20_features,2025-02-23,2024_25,0022400816,TOR,PHX,236,227.5,-2.8707274414316366,224.62927255856837,-2.870727441431626,11.370727441431637,11.370727441431626,129.2934425473262,833,
top_k_20_features,2025-02-23,2024_25,0022400819,CLE,MEM,252,249.5,-1.054607900802629,248.44539209919736,-1.0546079008026368,3.554607900802629,3.5546079008026368,12.635237328448529,833,
top_k_20_features,2025-02-23,2024_25,0022400820,MIN,OKC,253,228.83333333333334,-1.7693704087893152,227.06396292454403,-1.7693704087893138,25.93603707545597,25.93603707545597,672.6780191794268,833,
top_k_20_features,2025-02-23,2024_25,0022400812,GSW,DAL,228,228.5,1.0345017729353558,229.53450177293536,1.0345017729353572,-1.5345017729353558,1.5345017729353572,2.3546956911417545,833,
top_k_20_features,2025-02-24,2024_25,0022400823,PHI,CHI,252,232.0,-0.10241708721543305,231.89758291278457,-0.10241708721542864,20.102417087215432,20.10241708721543,404.10717274837083,843,
top_k_20_features,2025-02-24,2024_25,0022400821,DET,LAC,203,224.0,2.6644552179050462,226.66445521790504,2.6644552179050436,-23.664455217905047,23.664455217905044,560.0064407602332,843,
top_k_20_features,2025-02-24,2024_25,0022400822,IND,DEN,241,246.33333333333334,2.3206536248794873,248.65398695821284,2.3206536248794976,-7.65398695821283,7.65398695821284,58.58351635649225,843,
top_k_20_features,2025-02-24,2024_25,0022400824,WAS,BKN,206,214.16666666666666,5.600101823417582,219.76676849008425,5.600101823417589,-13.766768490084239,13.766768490084246,189.52391465957646,843,
top_k_20_features,2025-02-24,2024_25,0022400828,SAC,CHA,218,231.16666666666666,1.0383265350970914,232.20499320176376,1.0383265350970987,-14.204993201763749,14.204993201763756,201.78183186215452,843,
top_k_20_features,2025-02-24,2024_25,0022400827,UTA,POR,226,232.0,3.389778246474723,235.38977824647472,3.3897782464747195,-9.389778246474723,9.38977824647472,88.16793551796985,843,
top_k_20_features,2025-02-24,2024_25,0022400826,OKC,MIN,259,227.16666666666666,-1.3039466572262333,225.86272000944044,-1.30394665722622,33.13727999055958,33.13727999055956,1098.0793251727391,843,
top_k_20_features,2025-02-24,2024_25,0022400825,ATL,MIA,184,227.16666666666666,-0.16658404153459033,227.00008262513208,-0.16658404153457695,-43.000082625132066,43.00008262513208,1849.0071057681857,843,
top_k_20_features,2025-02-25,2024_25,0022400834,GSW,CHA,220,222.5,-2.1934067285155123,220.30659327148447,-2.1934067285155265,-0.3065932714844877,0.30659327148447346,0.09399943411955204,851,
top_k_20_features,2025-02-25,2024_25,0022400833,NOP,SAS,212,237.83333333333334,1.774908026275392,239.60824135960874,1.7749080262753978,-27.608241359608733,27.60824135960874,762.2149909704107,851,
top_k_20_features,2025-02-25,2024_25,0022400832,MEM,PHX,299,244.83333333333334,0.4048029372451568,245.2381362705785,0.40480293724516514,53.7618637294215,53.76186372942149,2890.337991660886,851,
top_k_20_features,2025-02-25,2024_25,0022400835,LAL,DAL,206,231.5,1.5880099146314666,233.08800991463147,1.5880099146314706,-27.088009914631467,27.08800991463147,733.7602811351728,851,
top_k_20_features,2025-02-25,2024_25,0022400830,ORL,CLE,204,224.16666666666666,-0.5790216670562409,223.5876449996104,-0.5790216670562529,-19.587644999610415,19.587644999610404,383.6758366307625,851,
top_k_20_features,2025-02-25,2024_25,0022400829,TOR,BOS,212,226.33333333333334,2.0934423589780224,228.42677569231137,2.0934423589780238,-16.426775692311367,16.426775692311367,269.8389596455116,851,
top_k_20_features,2025-02-25,2024_25,0022400831,HOU,MIL,197,226.33333333333334,1.9230593892731958,228.25639272260653,1.9230593892731918,-31.256392722606538,31.256392722606535,976.9620860298107,851,
top_k_20_features,2025-02-26,2024_25,0022400844,HOU,SAS,224,227.0,1.25974056086061,228.25974056086062,1.259740560860621,-4.25974056086061,4.259740560860621,18.145389645841156,858,
top_k_20_features,2025-02-26,2024_25,0022400843,UTA,SAC,219,235.66666666666666,2.0641647429430128,237.73083140960966,2.0641647429430066,-18.73083140960967,18.730831409609664,350.8440452952199,858,
top_k_20_features,2025-02-26,2024_25,0022400842,CHI,LAC,239,228.0,0.7002915241917875,228.70029152419178,0.7002915241917833,10.299708475808213,10.299708475808217,106.08399468663562,858,
top_k_20_features,2025-02-26,2024_25,0022400841,MIA,ATL,240,229.16666666666666,0.5113660480923854,229.67803271475904,0.5113660480923841,10.321967285240957,10.321967285240959,106.5430086375846,858,
top_k_20_features,2025-02-26,2024_25,0022400836,DET,BOS,214,225.83333333333334,2.3792240828616453,228.21255741619498,2.37922408286164,-14.212557416194988,14.212557416194983,201.996788308639,858,
top_k_20_features,2025-02-26,2024_25,0022400839,WAS,POR,250,230.33333333333334,3.0161971585000913,233.34953049183343,3.0161971585000913,16.650469508166566,16.650469508166566,277.23813484238457,858,
top_k_20_features,2025-02-26,2024_25,0022400838,NYK,PHI,215,231.0,2.3673820165849193,233.3673820165849,2.367382016584912,-18.36738201658492,18.367382016584912,337.3607221431668,858,
top_k_20_features,2025-02-26,2024_25,0022400837,IND,TOR,202,235.83333333333334,-0.89298656855447,234.94034676477887,-0.8929865685544769,-32.94034676477887,32.940346764778866,1085.0664449838775,858,
top_k_20_features,2025-02-26,2024_25,0022400840,BKN,OKC,250,217.16666666666666,-4.700343630252774,212.46632303641388,-4.700343630252775,37.53367696358612,37.53367696358612,1408.7769064068352,858,
top_k_20_features,2025-02-27,2024_25,0022400845,ORL,GSW,236,210.5,2.2565487832700035,212.75654878327,2.2565487832700057,23.243451216729998,23.243451216729994,540.258024464507,867,
top_k_20_features,2025-02-27,2024_25,0022400847,DAL,CHA,199,223.33333333333334,0.23286928268178766,223.56620261601512,0.23286928268177576,-24.56620261601513,24.56620261601512,603.498310971108,867,
top_k_20_features,2025-02-27,2024_25,0022400846,MIL,DEN,233,240.16666666666666,4.488260733120967,244.65492739978762,4.488260733120967,-11.654927399787624,11.654927399787624,135.8373326943203,867,
top_k_20_features,2025-02-27,2024_25,0022400849,LAL,MIN,213,226.16666666666666,2.8030628276661296,228.9697294943328,2.803062827666139,-15.969729494332787,15.969729494332796,255.03226012216282,867,
top_k_20_features,2025-02-27,2024_25,0022400848,PHX,NOP,240,235.66666666666666,-2.3956508625823454,233.2710158040843,-2.3956508625823574,6.728984195915688,6.7289841959157,45.27922830888326,867,
top_k_20_features,2025-02-28,2024_25,0022400854,MIA,IND,245,225.5,0.913171630485134,226.41317163048512,0.9131716304851238,18.586828369514865,18.586828369514876,345.47018883780305,872,
top_k_20_features,2025-02-28,2024_25,0022400851,ATL,OKC,254,241.83333333333334,-0.5570480534891572,241.2762852798442,-0.5570480534891544,12.723714720155815,12.723714720155812,161.89291627990968,872,
top_k_20_features,2025-02-28,2024_25,0022400852,BOS,CLE,239,232.5,1.9703864591100297,234.47038645911002,1.970386459110017,4.5296135408899705,4.529613540889983,20.51739882981389,872,
top_k_20_features,2025-02-28,2024_25,0022400853,BKN,POR,223,218.33333333333334,2.600383673870422,220.93371700720377,2.600383673870425,2.066282992796235,2.066282992796232,4.269525406318953,872,
top_k_20_features,2025-02-28,2024_25,0022400850,DET,DEN,253,237.0,2.9068473769104117,239.9068473769104,2.906847376910406,13.093152623089589,13.093152623089594,171.43064561151792,872,
top_k_20_features,2025-02-28,2024_25,0022400855,CHI,TOR,240,235.33333333333334,-0.7659305801916154,234.56740275314172,-0.7659305801916219,5.432597246858273,5.432597246858279,29.513112846572152,872,
top_k_20_features,2025-02-28,2024_25,0022400856,MEM,NYK,227,245.0,-0.5274775698052472,244.47252243019474,-0.5274775698052565,-17.472522430194754,17.472522430194743,305.28904007365844,872,
top_k_20_features,2025-02-28,2024_25,0022400857,PHX,NOP,233,235.66666666666666,-0.15411908844737754,235.51254757821928,-0.15411908844737354,-2.5125475782192797,2.5125475782192837,6.312895332815588,872,
top_k_20_features,2025-02-28,2024_25,0022400859,LAL,LAC,208,220.16666666666666,0.9172853593483992,221.08395202601506,0.9172853593483978,-13.083952026015057,13.083952026015055,171.18980061906348,872,
top_k_20_features,2025-02-28,2024_25,0022400858,UTA,MIN,233,226.33333333333334,0.4959438906857126,226.82927722401905,0.49594389068570877,6.170722775980945,6.170722775980948,38.07781957801002,872,
top_k_20_features,2025-03-01,2024_25,0022400860,CHA,WAS,213,219.66666666666666,-1.5605694390970883,218.10609722756956,-1.560569439097094,-5.106097227569569,5.106097227569563,26.07222889739358,882,
top_k_20_features,2025-03-01,2024_25,0022400861,DET,BKN,209,218.16666666666666,-0.30848575243990356,217.85818091422675,-0.30848575243990695,-8.858180914226754,8.85818091422675,78.46736910917106,882,
top_k_20_features,2025-03-01,2024_25,0022400862,HOU,SAC,216,228.0,1.841820650781305,229.8418206507813,1.841820650781301,-13.841820650781305,13.841820650781301,191.5959989283957,882,
top_k_20_features,2025-03-01,2024_25,0022400863,MEM,SAS,258,242.33333333333334,-1.6148176840280382,240.71851564930532,-1.6148176840280257,17.281484350694697,17.281484350694683,298.6497013633052,882,
top_k_20_features,2025-03-01,2024_25,0022400864,PHI,GSW,245,225.66666666666666,2.729417929902362,228.396084596569,2.729417929902354,16.60391540343098,16.60391540343099,275.69000672429286,882,
top_k_20_features,2025-03-01,2024_25,0022400865,DAL,MIL,249,227.66666666666666,0.03274043408361364,227.69940710075028,0.03274043408362104,21.30059289924973,21.30059289924972,453.71525785956766,882,
top_k_20_features,2025-03-02,2024_25,0022400869,MIA,NYK,228,223.0,1.868145959974536,224.86814595997453,1.8681459599745267,3.131854040025464,3.1318540400254733,9.808509728023878,888,
top_k_20_features,2025-03-02,2024_25,0022400866,BOS,DEN,213,235.33333333333334,2.5864701513724375,237.91980348470577,2.586470151372424,-24.91980348470578,24.919803484705767,620.9966057163537,888,
top_k_20_features,2025-03-02,2024_25,0022400867,CLE,POR,262,234.33333333333334,-0.30921305241425456,234.02412028091908,-0.30921305241426467,27.97587971908091,27.975879719080922,782.6498460564833,888,
top_k_20_features,2025-03-02,2024_25,0022400874,LAL,LAC,210,219.83333333333334,-0.4622726694291564,219.3710606639042,-0.46227266942915435,-9.371060663904187,9.371060663904188,87.8167779665724,888,
top_k_20_features,2025-03-02,2024_25,0022400868,IND,CHI,239,243.16666666666666,-0.9370293530119969,242.22963731365465,-0.937029353012008,-3.2296373136546603,3.2296373136546492,10.43055717775042,888,
top_k_20_features,2025-03-02,2024_25,0022400872,UTA,NOP,249,232.0,3.4793875091967847,235.47938750919678,3.4793875091967834,13.520612490803215,13.520612490803217,182.80696212646396,888,
top_k_20_features,2025-03-02,2024_25,0022400873,PHX,MIN,214,229.66666666666666,-1.5469813392232838,228.11968532744336,-1.5469813392232936,-14.119685327443374,14.119685327443364,199.36551374601942,888,
top_k_20_features,2025-03-02,2024_25,0022400871,SAS,OKC,278,235.33333333333334,1.8711461891471373,237.20447952248048,1.8711461891471401,40.79552047751952,40.79552047751952,1664.2744910317142,888,
top_k_20_features,2025-03-02,2024_25,0022400870,ORL,TOR,206,211.5,-0.523703724834977,210.97629627516503,-0.5237037248349736,-4.976296275165023,4.976296275165026,24.763524618221314,888,
top_k_20_features,2025-03-03,2024_25,0022400875,CHA,GSW,220,224.33333333333334,3.128395517237847,227.46172885057118,3.128395517237834,-7.461728850571189,7.461728850571177,55.67739743944626,897,
top_k_20_features,2025-03-03,2024_25,0022400876,PHI,POR,221,228.16666666666666,-1.6688730090670736,226.49779365759957,-1.6688730090670845,-5.497793657599583,5.497793657599573,30.22573510154209,897,
top_k_20_features,2025-03-03,2024_25,0022400877,MIA,WAS,196,219.5,0.4233584349949286,219.92335843499492,0.423358434994924,-23.923358434994928,23.923358434994924,572.3270788092428,897,
top_k_20_features,2025-03-03,2024_25,0022400878,MEM,ATL,262,253.33333333333334,-2.641778052805039,250.6915552805283,-2.6417780528050514,11.308444719471696,11.308444719471709,127.88092197334757,897,
top_k_20_features,2025-03-03,2024_25,0022400879,OKC,HOU,265,226.83333333333334,-3.344496713000297,223.48883662033305,-3.3444967130002965,41.511163379666954,41.511163379666954,1723.1766851334028,897,
top_k_20_features,2025-03-03,2024_25,0022400880,DAL,SAC,220,231.5,4.1469025303162885,235.64690253031628,4.146902530316282,-15.64690253031629,15.646902530316282,244.82555879321808,897,
top_k_20_features,2025-03-03,2024_25,0022400881,UTA,DET,240,232.16666666666666,3.8883141896303726,236.05498085629702,3.888314189630364,3.9450191437029702,3.9450191437029787,15.563176044182983,897,
top_k_20_features,2025-03-04,2024_25,0022400886,CHI,CLE,256,246.0,1.2137331933508224,247.21373319335083,1.2137331933508335,8.786266806649177,8.786266806649166,77.19848439762494,904,
top_k_20_features,2025-03-04,2024_25,0022400883,ORL,TOR,227,209.5,-0.9587126543317889,208.54128734566822,-0.9587126543317765,18.458712654331787,18.458712654331777,340.72407285518807,904,
top_k_20_features,2025-03-04,2024_25,0022400884,ATL,MIL,248,240.83333333333334,0.010986913038049335,240.84432024637138,0.010986913038038892,7.155679753628608,7.155679753628618,51.20375273649052,904,
top_k_20_features,2025-03-04,2024_25,0022400885,NYK,GSW,216,231.16666666666666,1.4643139985180351,232.6309806651847,1.464313998518037,-16.630980665184694,16.630980665184694,276.5895178857471,904,
top_k_20_features,2025-03-04,2024_25,0022400890,LAL,NOP,251,230.0,0.8879205437934219,230.88792054379343,0.8879205437934274,20.11207945620658,20.112079456206573,404.49574005276645,904,
top_k_20_features,2025-03-04,2024_25,0022400887,MIN,PHI,238,223.33333333333334,-1.1961149818917465,222.1372183514416,-1.1961149818917534,15.862781648558403,15.86278164855841,251.6278416298415,904,
top_k_20_features,2025-03-04,2024_25,0022400888,SAS,BKN,240,225.33333333333334,1.8234694031474374,227.15680273648078,1.8234694031474419,12.843197263519219,12.843197263519215,164.94771594966747,904,
top_k_20_features,2025-03-04,2024_25,0022400889,PHX,LAC,236,225.33333333333334,-0.4170011258800277,224.9163322074533,-0.41700112588003435,11.083667792546684,11.083667792546692,122.84769173553686,904,
top_k_20_features,2025-03-04,2024_25,0022400882,IND,HOU,217,230.33333333333334,-3.2241716383039325,227.1091616950294,-3.224171638303943,-10.10916169502941,10.1091616950294,102.19515017624968,904,
top_k_20_features,2025-03-05,2024_25,0022400892,CHA,MIN,235,223.5,-6.168052960252947,217.33194703974706,-6.168052960252936,17.668052960252947,17.668052960252936,312.16009540630256,913,
top_k_20_features,2025-03-05,2024_25,0022400894,WAS,UTA,247,230.5,-5.811996584197383,224.68800341580263,-5.811996584197374,22.31199658419738,22.311996584197374,497.82519157323526,913,
top_k_20_features,2025-03-05,2024_25,0022400891,BOS,POR,246,225.0,1.4540755629248119,226.4540755629248,1.4540755629247997,19.54592443707519,19.5459244370752,382.0431620998535,913,
top_k_20_features,2025-03-05,2024_25,0022400893,CLE,MIA,219,227.16666666666666,1.3503682470836398,228.5170349137503,1.3503682470836509,-9.517034913750297,9.517034913750308,90.57395354954234,913,
top_k_20_features,2025-03-05,2024_25,0022400895,MEM,OKC,223,250.5,-1.1619950857174184,249.33800491428258,-1.1619950857174217,-26.338004914282582,26.33800491428258,693.6905028647733,913,
top_k_20_features,2025-03-05,2024_25,0022400897,MIL,DAL,244,225.33333333333334,-1.4982529661468205,223.83508036718652,-1.498252966146822,20.16491963281348,20.16491963281348,406.6239837978265,913,
top_k_20_features,2025-03-05,2024_25,0022400898,LAC,DET,238,219.5,4.17649687634963,223.67649687634963,4.176496876349631,14.323503123650369,14.323503123650369,205.16274173322188,913,
top_k_20_features,2025-03-05,2024_25,0022400896,DEN,SAC,226,237.0,2.989440008885937,239.98944000888594,2.9894400088859356,-13.989440008885937,13.989440008885936,195.70443176221852,913,
top_k_20_features,2025-03-06,2024_25,0022400899,ATL,IND,242,247.16666666666666,-0.23252904308908484,246.93413762357758,-0.23252904308907318,-4.9341376235775725,4.934137623577584,24.34571408840385,921,
top_k_20_features,2025-03-06,2024_25,0022400900,BOS,PHI,228,221.83333333333334,-1.5627821471645251,220.27055118616883,-1.562782147164512,7.7294488138311825,7.729448813831169,59.744378965636066,921,
top_k_20_features,2025-03-06,2024_25,0022400901,BKN,GSW,240,224.5,0.26440313519048075,224.7644031351905,0.2644031351904914,15.23559686480952,15.235596864809509,232.12341182699333,921,
top_k_20_features,2025-03-06,2024_25,0022400902,NOP,HOU,206,228.33333333333334,-0.6203497379805643,227.71298359535277,-0.6203497379805754,-21.712983595352778,21.712983595352767,471.4536566120584,921,
top_k_20_features,2025-03-06,2024_25,0022400903,LAL,NYK,222,229.66666666666666,2.251283788930112,231.91795045559678,2.251283788930124,-9.917950455596769,9.917950455596781,98.3657412396724,921,
top_k_20_features,2025-03-06,2024_25,0022400944,ORL,CHI,248,219.16666666666666,-2.952377542142801,216.21428912452384,-2.9523775421428127,31.785710875476145,31.785710875476155,1010.3314158593631,921,
top_k_20_features,2025-03-07,2024_25,0022400907,MIA,MIN,210,216.16666666666666,1.5856898611367922,217.75235652780344,1.5856898611367853,-7.75235652780345,7.7523565278034425,60.09903173417665,927,
top_k_20_features,2025-03-07,2024_25,0022400904,CHA,CLE,235,234.33333333333334,2.8516100700619567,237.1849434033953,2.8516100700619518,-2.1849434033952995,2.1849434033952946,4.773977676040613,927,
top_k_20_features,2025-03-07,2024_25,0022400905,TOR,UTA,227,229.83333333333334,-1.1293157015469848,228.70401763178637,-1.1293157015469717,-1.704017631786358,1.7040176317863711,2.9036760894388327,927,
top_k_20_features,2025-03-07,2024_25,0022400906,DAL,MEM,233,239.33333333333334,-2.62565221593442,236.70768111739892,-2.625652215934423,-3.7076811173989226,3.70768111739892,13.746899268316504,927,
top_k_20_features,2025-03-07,2024_25,0022400911,LAC,NYK,200,220.16666666666666,-1.5580756978468167,218.60859096881984,-1.5580756978468173,-18.60859096881984,18.60859096881984,346.2796578448433,927,
top_k_20_features,2025-03-07,2024_25,0022400909,DEN,PHX,290,237.5,0.7678060214849038,238.26780602148492,0.7678060214849154,51.7321939785151,51.732193978515085,2676.2198938307124,927,
top_k_20_features,2025-03-07,2024_25,0022400910,SAC,SAS,236,235.66666666666666,1.5986463108205127,237.26531297748716,1.5986463108204987,-1.2653129774871699,1.2653129774871559,1.6010169309974118,927,
top_k_20_features,2025-03-07,2024_25,0022400908,OKC,POR,196,227.0,1.437923784638831,228.43792378463883,1.4379237846388264,-32.43792378463883,32.437923784638826,1052.2188994580372,927,
top_k_20_features,2025-03-08,2024_25,0022400917,MIL,ORL,220,217.83333333333334,-0.06658718148614869,217.7667461518472,-0.06658718148614184,2.2332538481528057,2.233253848152799,4.987422750289285,935,
top_k_20_features,2025-03-08,2024_25,0022400919,GSW,DET,225,233.33333333333334,2.660207373766651,235.99354070709998,2.6602073737666387,-10.993540707099994,10.993540707099982,120.85793727866437,935,
top_k_20_features,2025-03-08,2024_25,0022400916,MIA,CHI,223,226.33333333333334,-0.5607338445085388,225.7725994888248,-0.5607338445085475,-2.7725994888248042,2.7725994888247953,7.687307925431517,935,
top_k_20_features,2025-03-08,2024_25,0022400918,BOS,LAL,212,226.5,1.709137551354445,228.20913755135444,1.709137551354445,-16.209137551354445,16.209137551354445,262.73614015872874,935,
top_k_20_features,2025-03-08,2024_25,0022400914,ATL,IND,238,243.33333333333334,0.759559590420893,244.09289292375425,0.7595595904209063,-6.092892923754236,6.092892923754249,37.1233441803346,935,
top_k_20_features,2025-03-08,2024_25,0022400913,HOU,NOP,263,229.66666666666666,-1.894747814176484,227.77191885249016,-1.8947478141764975,35.228081147509826,35.22808114750984,1241.0177013355383,935,
top_k_20_features,2025-03-08,2024_25,0022400915,TOR,WAS,235,222.66666666666666,2.220270988506769,224.88693765517343,2.220270988506769,10.113062344826574,10.113062344826574,102.27402999034916,935,
top_k_20_features,2025-03-08,2024_25,0022400912,CHA,BKN,207,212.66666666666666,-0.042569041249191295,212.62409762541748,-0.04256904124918037,-5.624097625417466,5.624097625417477,31.6304741002265,935,
top_k_20_features,2025-03-09,2024_25,0022400923,NOP,MEM,211,240.16666666666666,3.165508861204383,243.33217552787104,3.165508861204387,-32.33217552787104,32.332175527871044,1045.3695743650633,943,
top_k_20_features,2025-03-09,2024_25,0022400920,OKC,DEN,230,240.66666666666666,0.21666701604538569,240.88333368271205,0.21666701604539185,-10.883333682712044,10.883333682712049,118.4469520492546,943,
top_k_20_features,2025-03-09,2024_25,0022400921,DAL,PHX,241,228.83333333333334,-3.5738435329814413,225.2594898003519,-3.573843532981442,15.7405101996481,15.7405101996481,247.76366134522584,943,
top_k_20_features,2025-03-09,2024_25,0022400922,MIL,CLE,212,237.83333333333334,3.7605098276462616,241.59384316097962,3.760509827646274,-29.593843160979603,29.593843160979617,875.7955530366601,943,
top_k_20_features,2025-03-09,2024_25,0022400924,PHI,UTA,248,225.33333333333334,-2.041373946385378,223.29195938694795,-2.0413739463853915,24.708040613052034,24.70804061305205,610.4872709362295,943,
top_k_20_features,2025-03-09,2024_25,0022400926,POR,DET,231,232.16666666666666,0.3556652259103862,232.52233189257706,0.35566522591039984,-1.5223318925770433,1.522331892577057,2.3174943911572443,943,
top_k_20_features,2025-03-09,2024_25,0022400925,MIN,SAS,265,233.0,-0.15457168241360209,232.8454283175864,-0.15457168241360364,32.154571682413604,32.154571682413604,1033.9164800794747,943,
top_k_20_features,2025-03-09,2024_25,0022400927,LAC,SAC,221,220.83333333333334,3.4525009069848696,224.28583424031822,3.4525009069848807,-3.2858342403182124,3.2858342403182235,10.796706654847636,943,
top_k_20_features,2025-03-10,2024_25,0022400931,MIA,CHA,207,216.33333333333334,-1.502179195481445,214.8311541378519,-1.5021791954814319,-7.831154137851898,7.831154137851911,61.326975130795105,951,
top_k_20_features,2025-03-10,2024_25,0022400933,CHI,IND,224,241.5,-0.017649517261303704,241.4823504827387,-0.01764951726130448,-17.482350482738696,17.482350482738696,305.6325784013139,951,
top_k_20_features,2025-03-10,2024_25,0022400928,ATL,PHI,255,234.5,-0.14575812356361617,234.3542418764364,-0.14575812356360984,20.645758123563617,20.64575812356361,426.2473284966928,951,
top_k_20_features,2025-03-10,2024_25,0022400929,BOS,UTA,222,228.66666666666666,-1.1242392508586534,227.542427415808,-1.1242392508586647,-5.542427415808004,5.5424274158079925,30.718501659500063,951,
top_k_20_features,2025-03-10,2024_25,0022400932,TOR,WAS,223,232.16666666666666,2.037441127868351,234.20410779453502,2.0374411278683624,-11.204107794535009,11.20410779453502,125.53203147156039,951,
top_k_20_features,2025-03-10,2024_25,0022400939,SAC,NYK,237,220.83333333333334,-3.3648793840852402,217.4684539492481,-3.364879384085242,19.5315460507519,19.5315460507519,381.4812911326421,951,
top_k_20_features,2025-03-10,2024_25,0022400934,HOU,ORL,181,213.5,0.11185401302653755,213.61185401302654,0.11185401302654441,-32.61185401302654,32.611854013026544,1063.5330221669556,951,
top_k_20_features,2025-03-10,2024_25,0022400936,OKC,DEN,267,238.5,1.691174164245619,240.1911741642456,1.6911741642456093,26.80882583575438,26.80882583575439,718.7131426918121,951,
top_k_20_features,2025-03-10,2024_25,0022400937,SAS,DAL,262,229.33333333333334,0.07271716342339463,229.40605049675673,0.07271716342339118,32.593949503243266,32.593949503243266,1062.365544219972,951,
top_k_20_features,2025-03-10,2024_25,0022400938,GSW,POR,250,230.5,-1.091419181928316,229.4085808180717,-1.091419181928302,20.591419181928316,20.591419181928302,424.00654392588484,951,
top_k_20_features,2025-03-10,2024_25,0022400935,MEM,PHX,238,242.66666666666666,1.3766420586607182,244.04330872532736,1.3766420586607069,-6.043308725327376,6.043308725327364,36.52158034961785,951,
top_k_20_features,2025-03-10,2024_25,0022400930,BKN,LAL,219,215.66666666666666,2.2366134922262377,217.9032801588929,2.2366134922262404,1.096719841107105,1.0967198411071024,1.202794409877988,951,
top_k_20_features,2025-03-11,2024_25,0022400943,NOP,LAC,247,224.5,3.492368291318365,227.99236829131837,3.492368291318371,19.007631708681636,19.00763170868163,361.2900631728793,963,
top_k_20_features,2025-03-11,2024_25,0022400942,IND,MIL,229,234.0,0.259707093657923,234.25970709365794,0.2597070936579371,-5.259707093657923,5.259707093657937,27.664518711075623,963,
top_k_20_features,2025-03-11,2024_25,0022400941,DET,WAS,226,234.5,1.8023009103226375,236.30230091032263,1.8023009103226286,-10.302300910322638,10.302300910322629,106.13740404683446,963,
top_k_20_features,2025-03-11,2024_25,0022400940,CLE,BKN,213,227.0,1.9324170942163814,228.9324170942164,1.9324170942163903,-15.932417094216381,15.93241709421639,253.84191446407866,963,
top_k_20_features,2025-03-12,2024_25,0022400948,MIA,LAC,223,209.5,1.4809226142677363,210.98092261426774,1.4809226142677403,12.019077385732263,12.01907738573226,144.45822120422062,967,
top_k_20_features,2025-03-12,2024_25,0022400950,MEM,UTA,237,246.83333333333334,-3.018845555366561,243.81448777796678,-3.0188455553665676,-6.814487777966782,6.814487777966775,46.43724367605856,967,
top_k_20_features,2025-03-12,2024_25,0022400953,POR,NYK,227,226.66666666666666,1.3928112885965405,228.0594779552632,1.3928112885965334,-1.0594779552631977,1.0594779552631906,1.122493537688671,967,
top_k_20_features,2025-03-12,2024_25,0022400951,SAS,DAL,242,237.5,2.552148721320714,240.05214872132072,2.5521487213207195,1.9478512786792859,1.9478512786792805,3.794124603852508,967,
top_k_20_features,2025-03-12,2024_25,0022400949,HOU,PHX,215,228.66666666666666,-4.849031911859046,223.8176347548076,-4.8490319118590435,-8.81763475480761,8.817634754807614,77.75068266919112,967,
top_k_20_features,2025-03-12,2024_25,0022400952,DEN,MIN,210,235.33333333333334,2.904357480016936,238.23769081335027,2.9043574800169267,-28.23769081335028,28.23769081335027,797.3671824703662,967,
top_k_20_features,2025-03-12,2024_25,0022400947,TOR,PHI,223,219.33333333333334,-4.87824914844423,214.4550841848891,-4.87824914844424,8.544915815110887,8.544915815110897,73.01558628733234,967,
top_k_20_features,2025-03-12,2024_25,0022400946,BOS,OKC,230,228.0,-0.2998704065632578,227.70012959343674,-0.29987040656325803,2.299870406563258,2.299870406563258,5.289403886985446,967,
top_k_20_features,2025-03-12,2024_25,0022400945,ATL,CHA,233,233.66666666666666,-3.115342115351627,230.55132455131502,-3.1153421153516376,2.44867544868497,2.4486754486849804,5.99601145299259,967,
top_k_20_features,2025-03-13,2024_25,0022400954,DET,WAS,254,235.33333333333334,0.46889371157597237,235.8022270449093,0.4688937115759586,18.197772955090684,18.1977729550907,331.15894052503046,976,
top_k_20_features,2025-03-13,2024_25,0022400955,MIL,LAL,232,225.5,2.6384002504130457,228.13840025041304,2.638400250413042,3.8615997495869543,3.861599749586958,14.911952626010056,976,
top_k_20_features,2025-03-13,2024_25,0022400956,CHI,BKN,226,230.0,1.4665127577914674,231.46651275779146,1.4665127577914632,-5.466512757791468,5.466512757791463,29.882761731096828,976,
top_k_20_features,2025-03-13,2024_25,0022400957,GSW,SAC,234,233.5,1.2716896090329304,234.77168960903293,1.2716896090329328,-0.7716896090329304,0.7716896090329328,0.5955048526894007,976,
top_k_20_features,2025-03-13,2024_25,0022401141,NOP,ORL,206,217.16666666666666,1.1063271702163628,218.27299383688302,1.1063271702163604,-12.27299383688302,12.272993836883018,150.62637772016853,976,
top_k_20_features,2025-03-14,2024_25,0022400958,MIA,BOS,194,216.16666666666666,1.6185552834995285,217.78522195016618,1.6185552834995178,-23.785221950166186,23.785221950166175,565.7367832186668,981,
top_k_20_features,2025-03-14,2024_25,0022400965,DEN,LAL,257,231.5,-0.14330731459598373,231.35669268540403,-0.14330731459597246,25.643307314595983,25.643307314595972,657.5792100308113,981,
top_k_20_features,2025-03-14,2024_25,0022400959,PHI,IND,212,232.83333333333334,4.045375262443725,236.87870859577706,4.045375262443713,-24.87870859577707,24.878708595777056,618.9501413935911,981,
top_k_20_features,2025-03-14,2024_25,0022400962,MEM,CLE,257,244.16666666666666,0.1624094852892201,244.3290761519559,0.16240948528923127,12.670923848044122,12.670923848044112,160.552311162933,981,
top_k_20_features,2025-03-14,2024_25,0022400960,ATL,LAC,219,232.33333333333334,1.9790090549151511,234.31234238824848,1.9790090549151387,-15.312342388248494,15.312342388248481,234.4678294149512,981,
top_k_20_features,2025-03-14,2024_25,0022400966,UTA,TOR,244,231.83333333333334,1.2158195387948154,233.04915287212816,1.2158195387948183,10.950847127871842,10.950847127871839,119.92105281801891,981,
top_k_20_features,2025-03-14,2024_25,0022400964,SAS,CHA,279,230.0,-0.9444629078982151,229.0555370921018,-0.9444629078982132,49.94446290789821,49.94446290789821,2494.4493751584205,981,
top_k_20_features,2025-03-14,2024_25,0022400963,MIN,ORL,229,208.5,-0.5025967666416506,207.99740323335834,-0.5025967666416591,21.002596766641652,21.00259676664166,441.1090709421467,981,
top_k_20_features,2025-03-14,2024_25,0022400967,PHX,SAC,228,235.33333333333334,-1.628836828978922,233.7044965043544,-1.6288368289789332,-5.704496504354421,5.70449650435441,32.54128036819168,981,
top_k_20_features,2025-03-14,2024_25,0022400961,HOU,DAL,229,223.66666666666666,-0.5330562509181018,223.13361041574856,-0.5330562509180936,5.866389584251444,5.866389584251436,34.41452675421374,981,
top_k_20_features,2025-03-15,2024_25,0022400968,BKN,BOS,228,214.83333333333334,0.44034781071009615,215.27368114404345,0.440347810710108,12.726318855956562,12.72631885595655,161.95919162347522,991,
top_k_20_features,2025-03-15,2024_25,0022400975,DEN,WAS,249,239.33333333333334,1.5326344488522825,240.86596778218563,1.532634448852292,8.134032217814374,8.134032217814365,66.16248012044208,991,
top_k_20_features,2025-03-15,2024_25,0022400974,GSW,NYK,191,229.5,-1.0503239351122424,228.44967606488777,-1.0503239351122318,-37.449676064887754,37.44967606488777,1402.4782373650278,991,
top_k_20_features,2025-03-15,2024_25,0022400973,SAS,NOP,234,237.5,4.192581198727714,241.6925811987277,4.192581198727709,-7.692581198727714,7.692581198727709,59.17580549901903,991,
top_k_20_features,2025-03-15,2024_25,0022400972,MIL,IND,245,235.5,1.2724599361348454,236.77245993613485,1.272459936134851,8.227540063865154,8.227540063865149,67.69241550250614,991,
top_k_20_features,2025-03-15,2024_25,0022400971,MEM,MIA,216,228.0,-0.15171053795998804,227.84828946204001,-0.15171053795998546,-11.848289462040013,11.848289462040015,140.38196317628845,991,
top_k_20_features,2025-03-15,2024_25,0022400969,DET,OKC,220,234.5,-2.031192052567376,232.46880794743262,-2.031192052567377,-12.468807947432623,12.468807947432623,155.47117162995895,991,
top_k_20_features,2025-03-15,2024_25,0022400970,HOU,CHI,231,231.33333333333334,0.9259504355127602,232.2592837688461,0.9259504355127604,-1.2592837688461032,1.2592837688461032,1.5857956104792457,991,
top_k_20_features,2025-03-16,2024_25,0022400977,LAL,PHX,203,229.66666666666666,-0.29414736927516616,229.37251929739148,-0.2941473692751799,-26.37251929739149,26.372519297391477,695.5097740912859,999,
top_k_20_features,2025-03-16,2024_25,0022400978,BKN,ATL,236,229.0,0.6480227652866014,229.6480227652866,0.648022765286612,6.351977234713399,6.351977234713388,40.34761479031714,999,
top_k_20_features,2025-03-16,2024_25,0022400976,DAL,PHI,255,224.83333333333334,-2.7674084703642423,222.0659248629691,-2.767408470364245,32.9340751370309,32.9340751370309,1084.653305131597,999,
top_k_20_features,2025-03-16,2024_25,0022400538,LAC,CHA,211,221.5,1.0825641742721281,222.58256417427214,1.082564174272136,-11.582564174272129,11.582564174272136,134.15579285113236,999,
top_k_20_features,2025-03-16,2024_25,0022400982,MIL,OKC,226,231.5,-1.0140148720627575,230.48598512793725,-1.014014872062745,-4.4859851279372425,4.485985127937255,20.12406256807423,999,
top_k_20_features,2025-03-16,2024_25,0022400981,MIN,UTA,230,231.5,1.05346926770969,232.5534692677097,1.053469267709687,-2.5534692677096897,2.553469267709687,6.520205301137845,999,
top_k_20_features,2025-03-16,2024_25,0022400980,POR,TOR,207,228.66666666666666,-0.26033516650761673,228.40633150015904,-0.2603351665076161,-21.40633150015904,21.40633150015904,458.2310282947012,999,
top_k_20_features,2025-03-16,2024_25,0022400979,CLE,ORL,211,219.5,0.8876455673635901,220.3876455673636,0.8876455673635917,-9.38764556736359,9.387645567363592,88.12788929844129,999,
top_k_20_features,2025-03-17,2024_25,0022400987,NOP,DET,208,233.16666666666666,2.178777130854524,235.34544379752117,2.178777130854513,-27.34544379752118,27.34544379752117,747.773296483389,1007,
top_k_20_features,2025-03-17,2024_25,0022400985,HOU,PHI,281,222.5,0.3574406638989425,222.85744066389896,0.3574406638989558,58.14255933610106,58.142559336101044,3380.5572061520306,1007,
top_k_20_features,2025-03-17,2024_25,0022400537,LAL,SAS,234,229.33333333333334,-1.152979284850247,228.18035404848308,-1.152979284850261,5.819645951516904,5.819645951516918,33.86827900100725,1007,
top_k_20_features,2025-03-17,2024_25,0022400984,NYK,MIA,211,212.0,0.7296525016938844,212.7296525016939,0.7296525016938915,-1.7296525016938844,1.7296525016938915,2.991697776615937,1007,
top_k_20_features,2025-03-17,2024_25,0022400986,MIN,IND,262,229.0,0.9409465879761041,229.9409465879761,0.9409465879761001,32.05905341202389,32.0590534120239,1027.7829056750013,1007,
top_k_20_features,2025-03-17,2024_25,0022400995,POR,WAS,209,231.33333333333334,-0.11696155623134313,231.216371777102,-0.11696155623133109,-22.216371777102,22.21637177710201,493.5671749384148,1007,
top_k_20_features,2025-03-17,2024_25,0022400989,UTA,CHI,208,240.16666666666666,-1.419356513501015,238.74731015316564,-1.4193565135010147,-30.747310153165643,30.747310153165643,945.397081654963,1007,
top_k_20_features,2025-03-17,2024_25,0022400990,GSW,DEN,219,236.5,1.3041793425130148,237.804179342513,1.3041793425130095,-18.804179342513017,18.80417934251301,353.597160745393,1007,
top_k_20_features,2025-03-17,2024_25,0022400992,SAC,MEM,254,239.83333333333334,1.5391285510761155,241.37246188440946,1.539128551076118,12.627538115590541,12.62753811559054,159.45471886069186,1007,
top_k_20_features,2025-03-17,2024_25,0022400991,PHX,TOR,218,227.5,-0.6607243283305797,226.8392756716694,-0.6607243283305877,-8.83927567166942,8.839275671669412,78.13279439976674,1007,
top_k_20_features,2025-03-18,2024_25,0022400993,CHA,ATL,236,236.66666666666666,2.2763052779083846,238.94297194457505,2.276305277908392,-2.9429719445750417,2.9429719445750493,8.661083866555847,1017,
top_k_20_features,2025-03-18,2024_25,0022400994,BOS,BKN,200,215.5,3.521774064344635,219.02177406434464,3.5217740643446405,-19.021774064344633,19.02177406434464,361.82788855497444,1017,
top_k_20_features,2025-03-18,2024_25,0022400997,LAC,CLE,251,231.33333333333334,1.8550519005131434,233.18838523384647,1.855051900513132,17.811614766153514,17.811614766153525,317.25362057785827,1017,
top_k_20_features,2025-03-18,2024_25,0022401012,GSW,MIL,197,230.33333333333334,-0.5843791597682646,229.74895417356507,-0.5843791597682753,-32.74895417356508,32.74895417356507,1072.4939994622648,1017,
top_k_20_features,2025-03-19,2024_25,0022401001,MIN,NOP,234,228.5,-2.4271298706795656,226.07287012932042,-2.427129870679579,7.927129870679566,7.927129870679579,62.83938798662044,1021,
top_k_20_features,2025-03-19,2024_25,0022400627,UTA,WAS,240,234.33333333333334,-2.59729000722514,231.73604332610822,-2.5972900072251264,8.263956673891798,8.263956673891784,68.29297990796056,1021,
top_k_20_features,2025-03-19,2024_25,0022400998,IND,DAL,266,234.33333333333334,-0.018565178931431225,234.31476815440192,-0.018565178931424953,31.68523184559809,31.685231845598082,1003.9539171093029,1021,
top_k_20_features,2025-03-19,2024_25,0022400999,ORL,HOU,224,211.0,4.865658462958145,215.86565846295815,4.865658462958152,8.134341537041855,8.134341537041848,66.16751224124434,1021,
top_k_20_features,2025-03-19,2024_25,0022401000,MIA,DET,229,218.0,1.6368646546015841,219.6368646546016,1.6368646546015952,9.363135345398415,9.363135345398405,87.66830349624891,1021,
top_k_20_features,2025-03-19,2024_25,0022401009,SAC,CLE,242,235.5,2.178157248896038,237.67815724889604,2.178157248896042,4.321842751103961,4.321842751103958,18.678324765269828,1021,
top_k_20_features,2025-03-19,2024_25,0022401002,OKC,PHI,233,229.16666666666666,3.9274934829162236,233.09416014958288,3.927493482916219,-0.09416014958288077,0.09416014958287633,0.008866133769469646,1021,
top_k_20_features,2025-03-19,2024_25,0022401006,LAL,DEN,228,233.0,0.6001596123663241,233.60015961236633,0.6001596123663262,-5.600159612366324,5.600159612366326,31.36178768397896,1021,
top_k_20_features,2025-03-19,2024_25,0022401008,POR,MEM,214,235.5,-1.2915673157519303,234.20843268424807,-1.2915673157519336,-20.20843268424807,20.208432684248066,408.3807515537855,1021,
top_k_20_features,2025-03-19,2024_25,0022401003,SAS,NYK,225,231.0,2.487012225602338,233.48701222560234,2.487012225602342,-8.487012225602339,8.487012225602342,72.02937651752362,1021,
top_k_20_features,2025-03-19,2024_25,0022401007,PHX,CHI,248,235.33333333333334,0.38842843341055855,235.7217617667439,0.388428433410553,12.278238233256099,12.278238233256104,150.75513411259197,1021,
top_k_20_features,2025-03-20,2024_25,0022401013,SAC,CHI,244,234.66666666666666,1.1299474169695682,235.79661408363623,1.1299474169695713,8.203385916363775,8.203385916363771,67.29554049279547,1032,
top_k_20_features,2025-03-20,2024_25,0022401011,IND,BKN,204,226.33333333333334,1.5712917136251097,227.90462504695844,1.5712917136251008,-23.90462504695845,23.904625046958444,571.4310986356729,1032,
top_k_20_features,2025-03-20,2024_25,0022401010,CHA,NYK,213,222.0,2.411359711073382,224.41135971107337,2.4113597110733735,-11.411359711073382,11.411359711073374,130.21913045550858,1032,
top_k_20_features,2025-03-20,2024_25,0022401005,GSW,TOR,231,226.0,1.2078370476914944,227.2078370476915,1.2078370476914984,3.7921629523085056,3.7921629523085016,14.380499856861132,1032,
top_k_20_features,2025-03-20,2024_25,0022400996,LAL,MIL,207,225.66666666666666,-0.7879628208870268,224.87870384577963,-0.7879628208870315,-17.87870384577963,17.878703845779626,319.64805120509516,1032,
top_k_20_features,2025-03-21,2024_25,0022401018,SAS,PHI,248,239.33333333333334,1.3908188878408063,240.72415222117414,1.390818887840794,7.275847778825851,7.275847778825863,52.937960900645244,1037,
top_k_20_features,2025-03-21,2024_25,0022401015,MIA,HOU,200,214.5,4.2738658638617695,218.77386586386177,4.273865863861772,-18.77386586386177,18.773865863861772,352.4580394742743,1037,
top_k_20_features,2025-03-21,2024_25,0022401016,MIN,NOP,227,229.0,0.019068466017263364,229.01906846601727,0.019068466017273522,-2.0190684660172633,2.0190684660172735,4.076637470465346,1037,
top_k_20_features,2025-03-21,2024_25,0022401017,OKC,CHA,247,227.16666666666666,1.3436577087722437,228.5103243754389,1.3436577087722412,18.489675624561098,18.4896756245611,341.86810470148896,1037,
top_k_20_features,2025-03-21,2024_25,0022401014,WAS,ORL,225,215.83333333333334,1.063115776516933,216.89644910985027,1.0631157765169235,8.103550890149725,8.103550890149734,65.66753702924655,1037,
top_k_20_features,2025-03-21,2024_25,0022401020,UTA,BOS,220,228.0,-1.2892742845774656,226.71072571542254,-1.2892742845774592,-6.710725715422535,6.710725715422541,45.03383962763337,1037,
top_k_20_features,2025-03-21,2024_25,0022401021,PHX,CLE,235,239.33333333333334,0.034442771945173575,239.36777610527852,0.034442771945180084,-4.367776105278517,4.367776105278523,19.077468105842023,1037,
top_k_20_features,2025-03-21,2024_25,0022401022,POR,DEN,237,225.5,-1.0189626592528849,224.48103734074712,-1.0189626592528782,12.518962659252885,12.518962659252878,156.7244260637679,1037,
top_k_20_features,2025-03-21,2024_25,0022401023,LAC,MEM,236,231.33333333333334,1.3008942753199129,232.63422760865325,1.300894275319905,3.365772391346744,3.365772391346752,11.328423790352034,1037,
top_k_20_features,2025-03-21,2024_25,0022401019,DAL,DET,240,235.66666666666666,0.9876801203613592,236.654346787028,0.9876801203613468,3.3456532129719836,3.345653212971996,11.193395421469841,1037,
top_k_20_features,2025-03-22,2024_25,0022401024,IND,BKN,211,221.0,0.9526009394013917,221.95260093940138,0.9526009394013784,-10.952600939401393,10.952600939401378,119.95946733777596,1047,
top_k_20_features,2025-03-22,2024_25,0022401025,ATL,GSW,239,229.5,1.3054165878115178,230.80541658781152,1.3054165878115214,8.194583412188482,8.194583412188479,67.15119729931457,1047,
top_k_20_features,2025-03-22,2024_25,0022401026,NYK,WAS,225,222.66666666666666,3.3253982234092336,225.99206489007588,3.3253982234092234,-0.9920648900758908,0.9920648900758806,0.9841927461212691,1047,
top_k_20_features,2025-03-22,2024_25,0022401027,SAC,MIL,222,226.33333333333334,3.4221414001361348,229.75547473346947,3.4221414001361268,-7.755474733469478,7.75547473346947,60.14738834148334,1047,
top_k_20_features,2025-03-22,2024_25,0022401028,LAL,CHI,261,233.5,0.76817922040219,234.2681792204022,0.7681792204022031,26.73182077959781,26.731820779597797,714.5902421925366,1047,
top_k_20_features,2025-03-23,2024_25,0022401030,UTA,CLE,211,237.33333333333334,-3.6896017700592147,233.64373156327412,-3.6896017700592267,-22.643731563274127,22.643731563274116,512.7385791096165,1052,
top_k_20_features,2025-03-23,2024_25,0022401032,MIA,CHA,227,211.83333333333334,-3.4218664768048073,208.41146685652853,-3.4218664768048086,18.588533143471466,18.588533143471466,345.5335644259372,1052,
top_k_20_features,2025-03-23,2024_25,0022401029,DET,NOP,266,230.33333333333334,-2.666436153299435,227.6668971800339,-2.666436153299429,38.33310281996609,38.333102819966086,1469.426771806092,1052,
top_k_20_features,2025-03-23,2024_25,0022401031,ATL,PHI,251,237.66666666666666,1.349398436637197,239.01606510330384,1.3493984366371876,11.983934896696146,11.983934896696155,143.61469560825188,1052,
top_k_20_features,2025-03-23,2024_25,0022401034,POR,BOS,245,220.5,1.8821966758868132,222.3821966758868,1.882196675886803,22.617803324113186,22.617803324113197,511.565027208266,1052,
top_k_20_features,2025-03-23,2024_25,0022401033,TOR,SAS,212,234.5,-3.870942069553228,230.62905793044678,-3.870942069553223,-18.629057930446773,18.629057930446777,347.04179937594193,1052,
top_k_20_features,2025-03-23,2024_25,0022401035,HOU,DEN,227,227.16666666666666,-1.4880294011546253,225.67863726551204,-1.4880294011546198,1.3213627344879681,1.3213627344879626,1.745999476093506,1052,
top_k_20_features,2025-03-23,2024_25,0022401036,LAC,OKC,204,228.5,2.4407872816802842,230.9407872816803,2.4407872816802865,-26.940787281680283,26.940787281680286,725.8060193567463,1052,
top_k_20_features,2025-03-24,2024_25,0022401044,SAC,BOS,208,225.0,2.553867841169293,227.5538678411693,2.553867841169307,-19.553867841169293,19.553867841169307,382.3537475499152,1060,
top_k_20_features,2025-03-24,2024_25,0022401042,DEN,CHI,248,239.33333333333334,0.4751069709985846,239.80844030433192,0.47510697099858135,8.191559695668072,8.191559695668076,67.10165024769366,1060,
top_k_20_features,2025-03-24,2024_25,0022401041,NOP,PHI,211,233.0,-1.3284198419031006,231.6715801580969,-1.3284198419030986,-20.671580158096898,20.6715801580969,427.3142262326255,1060,
top_k_20_features,2025-03-24,2024_25,0022401043,PHX,MIL,214,225.5,2.522461939376982,228.022461939377,2.5224619393769956,-14.022461939376981,14.022461939376996,196.62943884127645,1060,
top_k_20_features,2025-03-24,2024_25,0022401039,WAS,TOR,216,227.66666666666666,1.7454464517879482,229.4121131184546,1.7454464517879558,-13.412113118454606,13.412113118454613,179.88477830222232,1060,
top_k_20_features,2025-03-24,2024_25,0022401038,ORL,LAL,224,215.83333333333334,1.9269047680966491,217.76023810143,1.926904768096648,6.239761898570008,6.239761898570009,38.93462855084601,1060,
top_k_20_features,2025-03-24,2024_25,0022401037,IND,MIN,222,231.16666666666666,0.1195774684658889,231.28624413513253,0.11957746846587725,-9.286244135132547,9.286244135132534,86.2343301372834,1060,
top_k_20_features,2025-03-24,2024_25,0022401040,BKN,DAL,221,218.83333333333334,2.166797431017292,221.00013076435064,2.166797431017301,-0.0001307643506347489,0.00013076435064363068,1.7099315399250393e-08,1060,
top_k_20_features,2025-03-25,2024_25,0022401052,SAC,OKC,226,231.33333333333334,-1.2578417198560408,230.0754916134773,-1.2578417198560317,-4.075491613477302,4.075491613477311,16.609631891523897,1068,
top_k_20_features,2025-03-25,2024_25,0022401050,UTA,MEM,243,240.5,-3.655133909540691,236.8448660904593,-3.6551339095406945,6.155133909540691,6.1551339095406945,37.885673444377716,1068,
top_k_20_features,2025-03-25,2024_25,0022401049,HOU,ATL,235,234.5,-2.184374294275091,232.3156257057249,-2.184374294275102,2.684374294275091,2.684374294275102,7.2058653517649525,1068,
top_k_20_features,2025-03-25,2024_25,0022401051,POR,CLE,233,232.0,2.940347554693372,234.94034755469337,2.940347554693375,-1.9403475546933722,1.9403475546933748,3.7649486330045594,1068,
top_k_20_features,2025-03-25,2024_25,0022401047,MIA,GSW,198,218.16666666666666,1.8000216941833609,219.96668836085001,1.8000216941833571,-21.966688360850018,21.966688360850014,482.5353975427035,1068,
top_k_20_features,2025-03-25,2024_25,0022401046,DET,SAS,218,235.16666666666666,1.2667396264350848,236.43340629310174,1.2667396264350828,-18.433406293101744,18.43340629310174,339.7904675665628,1068,
top_k_20_features,2025-03-25,2024_25,0022401045,CHA,ORL,215,213.16666666666666,1.3763278171753341,214.542994483842,1.376327817175337,0.45700551615800866,0.4570055161580058,0.20885404179884529,1068,
top_k_20_features,2025-03-25,2024_25,0022401048,NYK,DAL,241,224.5,0.16304811474713812,224.66304811474714,0.16304811474714143,16.336951885252862,16.33695188525286,266.89599690106695,1068,
top_k_20_features,2025-03-26,2024_25,0022401057,DEN,MIL,244,225.33333333333334,3.34869634390039,228.68202967723374,3.3486963439004,15.317970322766268,15.317970322766257,234.64021480914778,1076,
top_k_20_features,2025-03-26,2024_25,0022401056,NYK,LAC,239,217.5,1.0079642375602988,218.5079642375603,1.0079642375602873,20.492035762439702,20.492035762439713,419.92352968910814,1076,
top_k_20_features,2025-03-26,2024_25,0022401058,PHX,BOS,234,221.66666666666666,2.318021948609386,223.98468861527604,2.3180219486093847,10.015311384723956,10.015311384723958,100.30646213298132,1076,
top_k_20_features,2025-03-26,2024_25,0022401054,BKN,TOR,202,214.66666666666666,2.8464184905454535,217.51308515721212,2.84641849054546,-15.51308515721211,15.513085157212117,240.6558110949149,1076,
top_k_20_features,2025-03-26,2024_25,0022401053,PHI,WAS,233,230.16666666666666,0.7783900169325605,230.9450566835992,0.7783900169325477,2.054943316400782,2.054943316400795,4.222792033620299,1076,
top_k_20_features,2025-03-26,2024_25,0022401055,IND,LAL,239,235.33333333333334,-1.744261116356413,233.58907221697692,-1.7442611163564266,5.41092778302307,5.410927783023084,29.278139473091105,1076,
top_k_20_features,2025-03-27,2024_25,0022401066,SAC,POR,235,225.66666666666666,3.063277172376397,228.72994383904305,3.063277172376388,6.270056160956946,6.270056160956955,39.31360426155427,1082,
top_k_20_features,2025-03-27,2024_25,0022401065,UTA,HOU,231,227.83333333333334,2.417906967948535,230.25124030128188,2.4179069679485394,0.7487596987181222,0.7487596987181178,0.5606410864244464,1082,
top_k_20_features,2025-03-27,2024_25,0022401064,OKC,MEM,229,237.83333333333334,1.9319555089878127,239.76528884232116,1.9319555089878122,-10.765288842321155,10.765288842321155,115.89144385860435,1082,
top_k_20_features,2025-03-27,2024_25,0022401063,CHI,LAL,236,237.83333333333334,1.2421920224470118,239.07552535578034,1.242192022447,-3.0755253557803544,3.075525355780343,9.458856214047804,1082,
top_k_20_features,2025-03-27,2024_25,0022401059,CLE,SAS,240,238.66666666666666,2.1415100739615034,240.80817674062817,2.1415100739615127,-0.8081767406281606,0.8081767406281699,0.6531496440923722,1082,
top_k_20_features,2025-03-27,2024_25,0022401061,WAS,IND,271,234.5,2.3095785374905398,236.80957853749055,2.3095785374905518,34.19042146250946,34.19042146250945,1168.9849197840267,1082,
top_k_20_features,2025-03-27,2024_25,0022401060,ORL,DAL,193,218.5,1.4157690406411956,219.9157690406412,1.4157690406412087,-26.915769040641194,26.91576904064121,724.4586230491398,1082,
top_k_20_features,2025-03-27,2024_25,0022401062,MIA,ATL,234,228.0,0.19958978575100927,228.19958978575102,0.19958978575101582,5.80041021424899,5.800410214248984,33.64475865356395,1082,
top_k_20_features,2025-03-28,2024_25,0022401068,BKN,LAC,232,214.33333333333334,6.784789470073709,221.11812280340706,6.784789470073719,10.88187719659295,10.881877196592939,118.41525132172939,1090,
top_k_20_features,2025-03-28,2024_25,0022401067,DET,CLE,255,229.66666666666666,0.8962678831942873,230.56293454986096,0.8962678831942981,24.437065450139055,24.437065450139045,597.1701678143794,1090,
top_k_20_features,2025-03-28,2024_25,0022401069,TOR,CHA,205,216.5,-3.764377290691258,212.73562270930873,-3.7643772906912716,-7.735622709308743,7.735622709308728,59.839858700772915,1090,
top_k_20_features,2025-03-28,2024_25,0022401070,MIL,NYK,223,219.5,1.886336217331716,221.38633621733172,1.886336217331717,1.613663782668284,1.613663782668283,2.6039108034953116,1090,
top_k_20_features,2025-03-28,2024_25,0022401072,NOP,GSW,206,224.0,0.3295131892398386,224.32951318923983,0.3295131892398331,-18.32951318923984,18.329513189239833,335.971053754517,1090,
top_k_20_features,2025-03-28,2024_25,0022401073,DEN,UTA,222,239.0,0.30824350649942817,239.30824350649942,0.3082435064994229,-17.308243506499426,17.308243506499423,299.5752932802794,1090,
top_k_20_features,2025-03-28,2024_25,0022401071,MIN,PHX,233,226.5,0.3284441045595841,226.8284441045596,0.32844410455959405,6.171555895440416,6.171555895440406,38.088102170545234,1090,
top_k_20_features,2025-03-29,2024_25,0022401079,OKC,IND,243,238.5,-0.14051330725872668,238.35948669274129,-0.1405133072587148,4.640513307258726,4.640513307258715,21.534363754845216,1097,
top_k_20_features,2025-03-29,2024_25,0022401076,PHI,MIA,213,217.83333333333334,4.4922154616868415,222.32554879502018,4.49221546168684,-9.325548795020184,9.325548795020183,86.96586032830238,1097,
top_k_20_features,2025-03-29,2024_25,0022401080,SAS,BOS,232,228.83333333333334,4.258079101404497,233.09141243473783,4.2580791014044905,-1.0914124347378396,1.0914124347378333,1.1911811027003654,1097,
top_k_20_features,2025-03-29,2024_25,0022401078,MEM,LAL,261,237.16666666666666,2.3253892692417164,239.49205593590838,2.3253892692417253,21.507944064091625,21.507944064091618,462.59165786409386,1097,
top_k_20_features,2025-03-29,2024_25,0022401074,ORL,SAC,212,218.33333333333334,-3.587721454338793,214.74561187899454,-3.587721454338805,-2.74561187899455,2.745611878994538,7.538384590075917,1097,
top_k_20_features,2025-03-29,2024_25,0022401075,WAS,BKN,227,219.5,0.908505852203786,220.40850585220377,0.9085058522037741,6.591494147796214,6.591494147796226,43.4477951004319,1097,
top_k_20_features,2025-03-29,2024_25,0022401077,CHI,DAL,239,237.0,0.17710811438242585,237.17710811438243,0.17710811438243468,1.8228918856175742,1.8228918856175653,3.322934826650363,1097,
top_k_20_features,2025-03-30,2024_25,0022401087,PHI,TOR,236,223.66666666666666,1.1882063782354673,224.85487304490212,1.1882063782354635,11.145126955097876,11.14512695509788,124.21385484524933,1104,
top_k_20_features,2025-03-30,2024_25,0022401088,PHX,HOU,257,224.5,1.6123308106488152,226.1123308106488,1.612330810648814,30.887669189351186,30.887669189351186,954.0481079507946,1104,
top_k_20_features,2025-03-30,2024_25,0022401086,SAS,GSW,254,232.66666666666666,2.290507309395801,234.95717397606245,2.2905073093957924,19.042826023937543,19.04282602393755,362.6292229779532,1104,
top_k_20_features,2025-03-30,2024_25,0022401085,NOP,CHA,192,212.83333333333334,-3.223156519295053,209.61017681403828,-3.2231565192950598,-17.61017681403829,17.610176814038283,310.11832742169156,1104,
top_k_20_features,2025-03-30,2024_25,0022401083,MIL,ATL,269,235.5,-1.5563006757566784,233.9436993242433,-1.5563006757566882,35.05630067575668,35.05630067575669,1228.9442170690588,1104,
top_k_20_features,2025-03-30,2024_25,0022401082,NYK,POR,203,220.5,0.9173362550754253,221.4173362550754,0.917336255075412,-18.417336255075426,18.417336255075412,339.1982747325152,1104,
top_k_20_features,2025-03-30,2024_25,0022401081,CLE,LAC,249,230.5,0.7755535468257222,231.27555354682573,0.7755535468257335,17.724446453174277,17.724446453174266,314.15600207144183,1104,
top_k_20_features,2025-03-30,2024_25,0022401084,MIN,DET,227,225.66666666666666,0.8895667915016522,226.55623345816832,0.8895667915016645,0.4437665418316906,0.4437665418316783,0.19692874364924667,1104,
top_k_20_features,2025-03-31,2024_25,0022401092,WAS,MIA,214,220.5,-0.041277783737085176,220.4587222162629,-0.04127778373708679,-6.458722216262915,6.458722216262913,41.715092666848115,1112,
top_k_20_features,2025-03-31,2024_25,0022401089,CHA,UTA,216,219.33333333333334,1.4113478212689679,220.74468115460232,1.4113478212689756,-4.74468115460231,4.744681154602318,22.51199925883839,1112,
top_k_20_features,2025-03-31,2024_25,0022401090,IND,SAC,220,234.5,-0.34569178570093123,234.15430821429908,-0.3456917857009216,-14.15430821429907,14.154308214299078,200.34444102537435,1112,
top_k_20_features,2025-03-31,2024_25,0022401091,ORL,LAC,183,211.33333333333334,4.174345124882462,215.5076784582158,4.17434512488245,-32.50767845821581,32.50767845821579,1056.749158742747,1112,
top_k_20_features,2025-03-31,2024_25,0022401096,LAL,HOU,202,225.33333333333334,0.9710756702062316,226.30440900353958,0.9710756702062326,-24.304409003539575,24.304409003539575,590.7042970113356,1112,
top_k_20_features,2025-03-31,2024_25,0022401093,MEM,BOS,220,236.33333333333334,1.8620646890210701,238.19539802235442,1.8620646890210821,-18.195398022354414,18.195398022354425,331.0725091918993,1112,
top_k_20_features,2025-03-31,2024_25,0022401095,DAL,BKN,222,220.33333333333334,1.071066846076743,221.4044001794101,1.0710668460767465,0.5955998205899142,0.5955998205899107,0.3547391462867338,1112,
top_k_20_features,2025-03-31,2024_25,0022401094,OKC,CHI,262,239.0,1.6223706445242139,240.6223706445242,1.62237064452421,21.377629355475786,21.37762935547579,457.0030368601002,1112,
top_k_20_features,2025-04-01,2024_25,0022401102,DEN,MIN,279,230.66666666666666,0.5104129135685662,231.17707958023522,0.5104129135685582,47.82292041976478,47.822920419764785,2287.031717475156,1120,
top_k_20_features,2025-04-01,2024_25,0022401098,NYK,PHI,196,223.0,1.2654390008859169,224.26543900088592,1.2654390008859195,-28.265439000885916,28.26543900088592,798.9350419128028,1120,
top_k_20_features,2025-04-01,2024_25,0022401100,MEM,GSW,259,237.33333333333334,2.0868930605313287,239.42022639386468,2.086893060531338,19.57977360613533,19.57977360613532,383.3675344675133,1120,
top_k_20_features,2025-04-01,2024_25,0022400988,SAS,ORL,221,220.5,2.4239460162909263,222.92394601629093,2.4239460162909268,-1.9239460162909263,1.9239460162909268,3.701568273601727,1120,
top_k_20_features,2025-04-01,2024_25,0022401097,ATL,POR,240,238.0,-1.8780570783571706,236.12194292164284,-1.878057078357159,3.8780570783571706,3.878057078357159,15.039326702996064,1120,
top_k_20_features,2025-04-01,2024_25,0022401101,MIL,PHX,256,224.33333333333334,1.9881249496165716,226.32145828294992,1.9881249496165765,29.678541717050084,29.67854171705008,880.815838450682,1120,
top_k_20_features,2025-04-01,2024_25,0022401099,CHI,TOR,255,236.0,-1.4663737737331943,234.53362622626682,-1.4663737737331815,20.466373773733196,20.46637377373318,418.87245544615337,1120,
top_k_20_features,2025-04-02,2024_25,0022401110,DEN,SAS,219,229.5,-0.0649967512956008,229.4350032487044,-0.06499675129560956,-10.4350032487044,10.43500324870439,108.88929280047118,1127,
top_k_20_features,2025-04-02,2024_25,0022401106,BOS,MIA,227,213.33333333333334,2.601681551757722,215.93501488509108,2.6016815517577356,11.064985114908936,11.064985114908922,122.433895593156,1127,
top_k_20_features,2025-04-02,2024_25,0022401104,IND,CHA,224,224.33333333333334,-1.5528717466638429,222.7804615866695,-1.5528717466638398,1.2195384133305,1.219538413330497,1.487273941588666,1127,
top_k_20_features,2025-04-02,2024_25,0022401105,WAS,SAC,227,231.5,-5.207207660313759,226.29279233968623,-5.20720766031377,0.7072076603137587,0.7072076603137702,0.500142674806477,1127,
top_k_20_features,2025-04-02,2024_25,0022401103,CLE,NYK,229,230.0,0.9168729885882503,230.91687298858824,0.9168729885882385,-1.9168729885882503,1.9168729885882385,3.6744020543792053,1127,
top_k_20_features,2025-04-02,2024_25,0022401107,HOU,UTA,248,225.66666666666666,1.6526984275866488,227.3193650942533,1.6526984275866425,20.680634905746693,20.6806349057467,427.6886601047888,1127,
top_k_20_features,2025-04-02,2024_25,0022401111,LAC,NOP,212,216.5,-0.31137348284957495,216.18862651715042,-0.3113734828495751,-4.188626517150425,4.188626517150425,17.5445921001757,1127,
top_k_20_features,2025-04-02,2024_25,0022401109,DAL,ATL,238,237.83333333333334,1.218555378705311,239.05188871203865,1.2185553787053038,-1.0518887120386538,1.0518887120386466,1.1064698625143228,1127,
top_k_20_features,2025-04-02,2024_25,0022401108,OKC,DET,222,231.33333333333334,5.259765968204151,236.5930993015375,5.259765968204164,-14.593099301537494,14.593099301537507,212.95854722453447,1127,
top_k_20_features,2025-04-03,2024_25,0022401113,BKN,MIN,195,215.66666666666666,6.275415302771896,221.94208196943856,6.275415302771904,-26.942081969438554,26.94208196943856,725.8757808479464,1136,
top_k_20_features,2025-04-03,2024_25,0022401114,MIA,MEM,218,227.83333333333334,0.9646700684479679,228.7980034017813,0.9646700684479583,-10.79800340178131,10.798003401781301,116.59687746488055,1136,
top_k_20_features,2025-04-03,2024_25,0022401115,PHI,MIL,239,224.66666666666666,-3.0587941840497317,221.60787248261693,-3.058794184049731,17.392127517383074,17.392127517383074,302.4860995809135,1136,
top_k_20_features,2025-04-03,2024_25,0022401116,TOR,POR,215,224.66666666666666,0.5711836452518275,225.2378503119185,0.5711836452518355,-10.237850311918486,10.237850311918493,104.81357900924958,1136,
top_k_20_features,2025-04-03,2024_25,0022401117,LAL,GSW,239,228.16666666666666,3.3499800799152433,231.5166467465819,3.349980079915241,7.4833532534181,7.483353253418102,56.000575915443285,1136,
top_k_20_features,2025-04-03,2024_25,0022401112,WAS,ORL,206,214.83333333333334,-0.8215312390387219,214.0118020942946,-0.8215312390387339,-8.011802094294621,8.011802094294609,64.18897279814348,1136,
top_k_20_features,2025-04-04,2024_25,0022401118,CHA,SAC,227,219.33333333333334,2.0637576613667687,221.3970909947001,2.0637576613667648,5.602909005299889,5.602909005299892,31.39258932167063,1142,
top_k_20_features,2025-04-04,2024_25,0022401123,HOU,OKC,236,229.33333333333334,1.444549579969765,230.7778829133031,1.4445495799697596,5.222117086696892,5.222117086696898,27.270506867171694,1142,
top_k_20_features,2025-04-04,2024_25,0022401119,IND,UTA,252,235.16666666666666,-3.71326183973263,231.45340482693402,-3.7132618397326382,20.546595173065974,20.54659517306598,422.1625732058583,1142,
top_k_20_features,2025-04-04,2024_25,0022401121,TOR,DET,222,227.33333333333334,0.7602850525008981,228.09361838583425,0.7602850525009046,-6.093618385834241,6.093618385834247,37.132185032177176,1142,
top_k_20_features,2025-04-04,2024_25,0022401122,CHI,POR,231,237.66666666666666,-0.10014697529846912,237.5665196913682,-0.10014697529845762,-6.566519691368188,6.5665196913682,43.11918085712632,1142,
top_k_20_features,2025-04-04,2024_25,0022401124,SAS,CLE,227,241.16666666666666,3.776693821602726,244.94336048826938,3.77669382160272,-17.943360488269384,17.943360488269377,321.96418561198664,1142,
top_k_20_features,2025-04-04,2024_25,0022401126,LAL,NOP,232,219.66666666666666,1.1559536413174,220.82262030798407,1.15595364131741,11.177379692015943,11.177379692015933,124.93381677949019,1142,
top_k_20_features,2025-04-04,2024_25,0022401127,LAC,DAL,205,225.0,0.7416733360393287,225.74167333603933,0.7416733360393266,-20.74167333603933,20.741673336039327,430.2170127789648,1142,
top_k_20_features,2025-04-04,2024_25,0022401120,BOS,PHX,226,228.0,0.4106402137513794,228.41064021375138,0.41064021375137827,-2.410640213751379,2.4106402137513783,5.8111862401552905,1142,
top_k_20_features,2025-04-04,2024_25,0022401125,GSW,DEN,222,233.5,2.760800902558936,236.26080090255894,2.760800902558941,-14.260800902558936,14.260800902558941,203.37044238242592,1142,
top_k_20_features,2025-04-05,2024_25,0022401131,MIA,MIL,236,215.33333333333334,0.7466551462321632,216.07998847956551,0.7466551462321718,19.920011520434493,19.920011520434485,396.80685897424263,1152,
top_k_20_features,2025-04-05,2024_25,0022401130,PHI,MIN,223,225.16666666666666,5.106509476409324,230.27317614307597,5.106509476409315,-7.273176143075982,7.273176143075972,52.89909120820947,1152,
top_k_20_features,2025-04-05,2024_25,0022401132,LAC,DAL,239,221.5,-3.3329946587486092,218.16700534125138,-3.3329946587486177,20.83299465874861,20.832994658748618,434.01366645144844,1152,
top_k_20_features,2025-04-05,2024_25,0022401128,ATL,NYK,226,236.83333333333334,0.8666309766688309,237.69996431000217,0.86663097666883,-11.699964310002173,11.699964310002173,136.88916485532462,1152,
top_k_20_features,2025-04-05,2024_25,0022401129,DET,MEM,212,239.66666666666666,1.5001364653158327,241.16680313198248,1.5001364653158191,-29.16680313198249,29.166803131982476,850.7024049398228,1152,
top_k_20_features,2025-04-06,2024_25,0022401134,BKN,TOR,229,214.83333333333334,1.6197871281980918,216.45312046153143,1.6197871281980838,12.546879538468566,12.546879538468573,157.42418615284137,1157,
top_k_20_features,2025-04-06,2024_25,0022401135,OKC,LAL,225,232.0,0.3360024807484821,232.33600248074848,0.3360024807484763,-7.3360024807484825,7.336002480748476,53.816932397547795,1157,
top_k_20_features,2025-04-06,2024_25,0022401136,ATL,UTA,281,244.16666666666666,-0.31821475221471596,243.84845191445194,-0.31821475221471474,37.15154808554806,37.15154808554806,1380.2375251527894,1157,
top_k_20_features,2025-04-06,2024_25,0022401133,CHA,CHI,248,227.66666666666666,2.927005622233294,230.59367228889994,2.927005622233281,17.406327711100047,17.40632771110006,302.9802443862099,1157,
top_k_20_features,2025-04-06,2024_25,0022401140,NYK,PHX,210,228.66666666666666,1.4114498443780295,230.0781165110447,1.4114498443780406,-20.078116511044687,20.078116511044698,403.1307626310857,1157,
top_k_20_features,2025-04-06,2024_25,0022401142,DEN,IND,245,239.5,1.2376151765268808,240.73761517652687,1.237615176526873,4.262384823473119,4.262384823473127,18.16792438337404,1157,
top_k_20_features,2025-04-06,2024_25,0022401143,GSW,HOU,202,224.5,4.3866041114259415,228.88660411142595,4.386604111425953,-26.886604111425942,26.886604111425953,722.889480644547,1157,
top_k_20_features,2025-04-06,2024_25,0022401139,POR,SAS,229,228.5,-3.2745361435004776,225.22546385649952,-3.274536143500484,3.7745361435004776,3.774536143500484,14.247123098591505,1157,
top_k_20_features,2025-04-06,2024_25,0022401137,BOS,WAS,214,226.0,0.7397783493187451,226.73977834931875,0.7397783493187546,-12.739778349318746,12.739778349318755,162.3019523897709,1157,
top_k_20_features,2025-04-06,2024_25,0022401138,CLE,SAC,233,236.5,-0.37454176615647555,236.12545823384352,-0.37454176615648294,-3.1254582338435246,3.125458233843517,9.768489171500237,1157,
top_k_20_features,2025-04-06,2024_25,0022400617,NOP,MIL,218,220.5,-1.466910916744827,219.03308908325516,-1.4669109167448369,-1.033089083255173,1.0330890832551631,1.0672730539409934,1157,
top_k_20_features,2025-04-07,2024_25,0022401145,MIA,PHI,222,213.5,2.447658613464994,215.947658613465,2.447658613464995,6.052341386535006,6.052341386535005,36.63083625916447,1168,
top_k_20_features,2025-04-07,2024_25,0022401144,DET,SAC,244,230.5,-0.5686930979490956,229.9313069020509,-0.568693097949108,14.068693097949096,14.068693097949108,197.92812548428088,1168,
top_k_20_features,2025-04-08,2024_25,0022401150,BKN,NOP,233,213.83333333333334,2.605457836493623,216.43879116982697,2.6054578364936276,16.561208830173033,16.56120883017303,274.2736379166011,1170,
top_k_20_features,2025-04-08,2024_25,0022401155,LAC,SAS,239,227.5,1.3282090349258189,228.8282090349258,1.3282090349258056,10.17179096507418,10.171790965074194,103.465331437165,1170,
top_k_20_features,2025-04-08,2024_25,0022401154,PHX,GSW,228,226.83333333333334,1.5847978017043698,228.41813113503773,1.584797801704383,-0.4181311350377126,0.4181311350377257,0.1748336460879368,1170,
top_k_20_features,2025-04-08,2024_25,0022401153,OKC,LAL,256,226.33333333333334,-0.37485004243623227,225.9584832908971,-0.3748500424362362,30.04151670910289,30.041516709102893,902.4927261833084,1170,
top_k_20_features,2025-04-08,2024_25,0022401152,MIL,MIN,213,222.5,0.9418962664409237,223.44189626644092,0.9418962664409207,-10.441896266440924,10.44189626644092,109.03319763911284,1170,
top_k_20_features,2025-04-08,2024_25,0022401151,NYK,BOS,236,221.5,5.601471635237739,227.10147163523774,5.601471635237743,8.89852836476226,8.898528364762257,79.18380705847844,1170,
top_k_20_features,2025-04-08,2024_25,0022401149,ORL,ATL,231,225.33333333333334,1.1811869560507853,226.51452028938414,1.1811869560507944,4.485479710615872,4.485479710615863,20.119528234346564,1170,
top_k_20_features,2025-04-08,2024_25,0022401148,IND,WAS,202,238.66666666666666,-0.7630790411460494,237.9035876255206,-0.7630790411460566,-35.90358762552061,35.9035876255206,1289.067604383436,1170,
top_k_20_features,2025-04-08,2024_25,0022401147,CLE,CHI,248,240.5,-0.7056435741739306,239.79435642582607,-0.7056435741739335,8.20564357417393,8.205643574173934,67.33258646638197,1170,
top_k_20_features,2025-04-08,2024_25,0022401146,CHA,MEM,224,230.5,4.323657241237,234.823657241237,4.323657241236987,-10.823657241237001,10.823657241236987,117.15155607578185,1170,
top_k_20_features,2025-04-09,2024_25,0022401157,WAS,PHI,225,227.5,-1.0735871128054406,226.42641288719457,-1.073587112805427,-1.4264128871945594,1.426412887194573,2.0346537247547576,1180,
top_k_20_features,2025-04-09,2024_25,0022401158,TOR,CHA,222,217.16666666666666,-0.38310723662119966,216.78355943004547,-0.3831072366211856,5.216440569954543,5.216440569954528,27.211252219867525,1180,
top_k_20_features,2025-04-09,2024_25,0022401159,DAL,LAL,209,227.16666666666666,-0.00924943830360422,227.15741722836304,-0.009249438303612578,-18.15741722836305,18.157417228363045,329.6918004048551,1180,
top_k_20_features,2025-04-09,2024_25,0022401166,LAC,HOU,251,219.16666666666666,1.3955490822794459,220.5622157489461,1.3955490822794445,30.4377842510539,30.4377842510539,926.4587101137047,1180,
top_k_20_features,2025-04-09,2024_25,0022401163,GSW,SAS,225,231.5,-2.369748870574078,229.13025112942591,-2.3697488705740852,-4.130251129425922,4.130251129425915,17.058974392124046,1180,
top_k_20_features,2025-04-09,2024_25,0022401164,PHX,OKC,237,229.16666666666666,-2.160762768665549,227.00590389800112,-2.160762768665535,9.994096101998892,9.994096101998878,99.88195689598916,1180,
top_k_20_features,2025-04-09,2024_25,0022401165,SAC,DEN,240,234.5,2.0220728767464484,236.52207287674645,2.0220728767464493,3.4779271232535516,3.4779271232535507,12.095977074662718,1180,
top_k_20_features,2025-04-09,2024_25,0022401156,ORL,BOS,172,209.16666666666666,4.244261558915298,213.41092822558196,4.244261558915298,-41.410928225581955,41.410928225581955,1714.8649765043003,1180,
top_k_20_features,2025-04-09,2024_25,0022401162,UTA,POR,259,229.5,0.07846483794857818,229.5784648379486,0.07846483794858727,29.421535162051423,29.421535162051413,865.6267312918277,1180,
top_k_20_features,2025-04-09,2024_25,0022401160,CHI,MIA,230,226.66666666666666,3.2935976025885894,229.96026426925525,3.2935976025885907,0.03973573074475345,0.03973573074475212,0.0015789282978194387,1180,
top_k_20_features,2025-04-10,2024_25,0022401167,DET,NYK,221,227.5,0.9696968766602719,228.46969687666027,0.9696968766602652,-7.469696876660272,7.469696876660265,55.79637142918812,1190,
top_k_20_features,2025-04-10,2024_25,0022401161,MIL,NOP,247,222.33333333333334,0.27657486140410986,222.60990819473744,0.27657486140410015,24.390091805262546,24.390091805262557,594.8765782691357,1190,
top_k_20_features,2025-04-10,2024_25,0022401170,MEM,MIN,266,232.5,1.0553172296662325,233.55531722966623,1.0553172296662297,32.44468277033377,32.44468277033377,1052.657440067593,1190,
top_k_20_features,2025-04-10,2024_25,0022401168,IND,CLE,226,232.5,1.4515858230203234,233.9515858230203,1.4515858230203094,-7.951585823020324,7.951585823020309,63.22771710085757,1190,
top_k_20_features,2025-04-10,2024_25,0022401169,BKN,ATL,242,230.5,0.8496161366724768,231.34961613667247,0.8496161366724664,10.650383863327523,10.650383863327534,113.43067643622751,1190,
top_k_20_features,2025-04-11,2024_25,0022401178,DAL,TOR,226,225.16666666666666,2.7327051903367363,227.8993718570034,2.7327051903367305,-1.8993718570033935,1.8993718570033877,3.6076134511764977,1195,
top_k_20_features,2025-04-11,2024_25,0022401171,DET,MIL,244,228.66666666666666,-0.19535766909078164,228.47130899757587,-0.19535766909078234,15.528691002424125,15.528691002424125,241.14024424876797,1195,
top_k_20_features,2025-04-11,2024_25,0022401172,IND,ORL,244,217.33333333333334,3.511308397655701,220.84464173098905,3.5113083976557107,23.155358269010957,23.155358269010947,536.1706165662537,1195,
top_k_20_features,2025-04-11,2024_25,0022401173,PHI,ATL,234,240.16666666666666,-2.9992001728021696,237.16746649386448,-2.999200172802176,-3.1674664938644876,3.167466493864481,10.032843989754149,1195,
top_k_20_features,2025-04-11,2024_25,0022401174,BOS,CHA,224,214.0,0.09237160916586803,214.09237160916587,0.09237160916586618,9.907628390834132,9.907628390834134,98.16110033086257,1195,
top_k_20_features,2025-04-11,2024_25,0022401177,NOP,MIA,257,215.16666666666666,3.165799632070534,218.3324662987372,3.165799632070531,38.66753370126281,38.66753370126281,1495.1781625382953,1195,
top_k_20_features,2025-04-11,2024_25,0022401176,CHI,WAS,208,235.83333333333334,-1.3353631373764558,234.4979701959569,-1.3353631373764472,-26.49797019595689,26.497970195956896,702.1424245058199,1195,
top_k_20_features,2025-04-11,2024_25,0022401175,NYK,CLE,210,226.5,0.97833009551164,227.47833009551164,0.9783300955116374,-17.47833009551164,17.478330095511637,305.49202292766785,1195,
top_k_20_features,2025-04-11,2024_25,0022401180,DEN,MEM,226,241.5,0.3484520980212515,241.84845209802126,0.3484520980212551,-15.848452098021252,15.848452098021255,251.17343390327432,1195,
top_k_20_features,2025-04-11,2024_25,0022401181,UTA,OKC,256,233.66666666666666,-0.4369138438414259,233.22975282282522,-0.43691384384143817,22.77024717717477,22.77024717717478,518.4841565096361,1195,
top_k_20_features,2025-04-11,2024_25,0022401182,PHX,SAS,215,232.5,-0.05452121551030357,232.4454787844897,-0.054521215510305865,-17.445478784489698,17.445478784489694,304.34473002008,1195,
top_k_20_features,2025-04-11,2024_25,0022401183,POR,GSW,189,226.83333333333334,3.1642838155372623,229.9976171488706,3.16428381553726,-40.9976171488706,40.9976171488706,1680.804611885369,1195,
top_k_20_features,2025-04-11,2024_25,0022401184,SAC,LAC,201,226.16666666666666,3.6862863063790803,229.85295297304575,3.6862863063790883,-28.85295297304574,28.852952973045745,832.4928952647894,1195,
top_k_20_features,2025-04-11,2024_25,0022401185,LAL,HOU,249,226.0,0.9892904875822267,226.98929048758222,0.9892904875822239,22.010709512417773,22.010709512417776,484.47133324003835,1195,
top_k_20_features,2025-04-11,2024_25,0022401179,MIN,BKN,208,216.5,-2.28111472142109,214.2188852785789,-2.2811147214210905,-6.2188852785789095,6.2188852785789095,38.67453410812548,1195,
top_k_20_features,2025-04-13,2024_25,0022401186,ATL,ORL,222,220.5,3.755680887116094,224.25568088711609,3.7556808871160854,-2.255680887116094,2.2556808871160854,5.08809626450081,1210,
top_k_20_features,2025-04-13,2024_25,0022401189,CLE,IND,244,226.83333333333334,1.5065902491436196,228.33992358247696,1.5065902491436134,15.660076417523037,15.660076417523044,245.23799340266137,1210,
top_k_20_features,2025-04-13,2024_25,0022401191,PHI,CHI,224,233.5,3.1613084717043884,236.6613084717044,3.1613084717043876,-12.661308471704388,12.661308471704388,160.3087322156533,1210,
top_k_20_features,2025-04-13,2024_25,0022401190,MIA,WAS,237,215.33333333333334,-0.8392222893801886,214.49411104395315,-0.8392222893801886,22.505888956046846,22.505888956046846,506.5150377019114,1210,
top_k_20_features,2025-04-13,2024_25,0022401193,HOU,DEN,237,233.66666666666666,2.889733138924201,236.55639980559087,2.889733138924214,0.44360019440914167,0.4436001944091288,0.19678113247981685,1210,
top_k_20_features,2025-04-13,2024_25,0022401187,BOS,CHA,179,211.5,0.31864469502412585,211.81864469502412,0.3186446950241191,-32.818644695024126,32.81864469502412,1077.0634396182347,1210,
top_k_20_features,2025-04-13,2024_25,0022401192,MIL,DET,273,224.0,2.6383323026972874,226.63833230269728,2.638332302697279,46.361667697302714,46.36166769730272,2149.4042316751224,1210,
top_k_20_features,2025-04-13,2024_25,0022401198,GSW,LAC,243,218.33333333333334,2.360400944598379,220.69373427793172,2.360400944598382,22.30626572206828,22.306265722068275,497.5694904635181,1210,
top_k_20_features,2025-04-13,2024_25,0022401194,MEM,DAL,229,228.33333333333334,0.7739703492095062,229.10730368254286,0.7739703492095202,-0.10730368254284905,0.10730368254286304,0.011514080287259532,1210,
top_k_20_features,2025-04-13,2024_25,0022401196,NOP,OKC,215,235.66666666666666,-0.408736958281229,235.25792970838543,-0.40873695828122436,-20.25792970838543,20.257929708385433,410.3837160698851,1210,
top_k_20_features,2025-04-13,2024_25,0022401197,SAS,TOR,243,228.66666666666666,-0.5291923486732023,228.13747431799345,-0.529192348673206,14.862525682006545,14.862525682006549,220.89466964830422,1210,
top_k_20_features,2025-04-13,2024_25,0022401200,SAC,PHX,207,224.16666666666666,1.6128693225014643,225.77953598916812,1.6128693225014672,-18.77953598916812,18.779535989168124,352.6709719684608,1210,
top_k_20_features,2025-04-13,2024_25,0022401199,POR,LAL,190,220.16666666666666,2.8075207992690303,222.9741874659357,2.8075207992690423,-32.974187465935685,32.9741874659357,1087.297039038671,1210,
top_k_20_features,2025-04-13,2024_25,0022401195,MIN,UTA,221,232.33333333333334,-0.08519266550095865,232.2481406678324,-0.08519266550095494,-11.248140667832384,11.248140667832388,126.52066848334483,1210,
top_k_20_features,2025-04-13,2024_25,0022401188,BKN,NYK,218,214.0,1.876379442316228,215.87637944231622,1.876379442316221,2.123620557683772,2.123620557683779,4.509764273017164,1210,
top_k_20_features,2025-10-21,2025_26,0022500001,OKC,HOU,249,227.5,2.266097846124923,229.76609784612492,2.2660978461249215,19.23390215387508,19.23390215387508,369.9429920648404,1225,
top_k_20_features,2025-10-21,2025_26,0022500002,LAL,GSW,228,225.83333333333334,3.0580215596135645,228.8913548929469,3.0580215596135645,-0.8913548929469073,0.8913548929469073,0.7945135451803925,1225,
top_k_20_features,2025-10-22,2025_26,0022500080,CHA,BKN,253,227.16666666666666,2.4980796570175174,229.66474632368417,2.498079657017513,23.335253676315826,23.33525367631583,544.5340641380114,1227,
top_k_20_features,2025-10-22,2025_26,0022500083,BOS,PHI,233,228.0,-2.018347326630415,225.98165267336958,-2.018347326630419,7.0183473266304155,7.018347326630419,49.25719919722035,1227,
top_k_20_features,2025-10-22,2025_26,0022500004,DAL,SAS,217,224.5,-0.5396190158612503,223.96038098413874,-0.5396190158612626,-6.96038098413875,6.960380984138737,48.44690344436014,1227,
top_k_20_features,2025-10-22,2025_26,0022500089,POR,MIN,232,219.83333333333334,1.3190600786444437,221.15239341197778,1.3190600786444406,10.847606588022213,10.847606588022217,117.670568688503,1227,
top_k_20_features,2025-10-22,2025_26,0022500082,ATL,TOR,256,235.83333333333334,1.9357845868006531,237.769117920134,1.9357845868006507,18.230882079866003,18.230882079866007,332.3650614099795,1227,
top_k_20_features,2025-10-22,2025_26,0022500003,NYK,CLE,230,228.5,0.32556458438407243,228.82556458438407,0.3255645843840682,1.1744354156159276,1.1744354156159318,1.3792985454529665,1227,
top_k_20_features,2025-10-22,2025_26,0022500084,CHI,DET,226,233.5,-0.70603693620549,232.7939630637945,-0.7060369362054928,-6.79396306379451,6.793963063794507,46.157934112204046,1227,
top_k_20_features,2025-10-22,2025_26,0022500085,MEM,NOP,250,238.5,0.6903497487184881,239.1903497487185,0.6903497487184893,10.809650251281512,10.80965025128151,116.84853855503043,1227,
top_k_20_features,2025-10-22,2025_26,0022500086,MIL,WAS,253,227.83333333333334,1.1769583963315013,229.01029172966486,1.1769583963315142,23.989708270335157,23.989708270335143,575.5061028957864,1227,
top_k_20_features,2025-10-22,2025_26,0022500087,UTA,LAC,237,226.16666666666666,0.8339940990498877,227.00066076571653,0.8339940990498746,9.999339234283456,9.999339234283468,99.9867851222807,1227,
top_k_20_features,2025-10-22,2025_26,0022500088,PHX,SAC,236,228.83333333333334,0.23028619068086145,229.0636195240142,0.23028619068085732,6.936380475985795,6.9363804759858,48.11337410763699,1227,
top_k_20_features,2025-10-22,2025_26,0022500081,ORL,MIA,246,216.33333333333334,0.48245587582506505,216.8157892091584,0.4824558758250532,29.184210790841593,29.184210790841604,851.7181594842755,1227,
top_k_20_features,2025-10-23,2025_26,0022500006,GSW,DEN,268,234.16666666666666,1.1697680809128606,235.33643474757952,1.1697680809128599,32.66356525242048,32.66356525242048,1066.9084949991307,1239,
top_k_20_features,2025-10-23,2025_26,0022500005,IND,OKC,276,232.16666666666666,-1.0803727330711816,231.08629393359547,-1.0803727330711865,44.91370606640452,44.91370606640453,2017.240992619383,1239,
top_k_20_features,2025-10-24,2025_26,0022500093,HOU,DET,226,225.16666666666666,3.790656863558586,228.95732353022524,3.7906568635585813,-2.9573235302252434,2.9573235302252385,8.745762462423867,1241,
top_k_20_features,2025-10-24,2025_26,0022500019,LAL,MIN,238,225.5,0.9802414072226521,226.48024140722265,0.9802414072226497,11.519758592777348,11.51975859277735,132.7048380358676,1241,
top_k_20_features,2025-10-24,2025_26,0022500090,ORL,ATL,218,234.5,1.1958045727412618,235.69580457274125,1.1958045727412525,-17.695804572741263,17.695804572741253,313.1414994766502,1241,
top_k_20_features,2025-10-24,2025_26,0022500091,BKN,CLE,255,228.5,2.5631935504992964,231.0631935504993,2.5631935504993066,23.936806449500704,23.936806449500693,572.970703000858,1241,
top_k_20_features,2025-10-24,2025_26,0022500092,TOR,MIL,238,234.16666666666666,2.5553542244272616,236.7220208910939,2.555354224427248,1.2779791089060812,1.277979108906095,1.6332306028004167,1241,
top_k_20_features,2025-10-24,2025_26,0022500098,SAC,UTA,209,231.83333333333334,-1.6669805235114443,230.1663528098219,-1.6669805235114552,-21.1663528098219,21.166352809821888,448.01449126985494,1241,
top_k_20_features,2025-10-24,2025_26,0022500097,POR,GSW,258,226.5,2.232514769274172,228.73251476927416,2.232514769274161,29.26748523072583,29.26748523072584,856.5856917307551,1241,
top_k_20_features,2025-10-24,2025_26,0022500095,NOP,SAS,236,232.16666666666666,2.3366986347907637,234.50336530145742,2.336698634790764,1.4966346985425791,1.4966346985425787,2.239915420881635,1241,
top_k_20_features,2025-10-24,2025_26,0022500096,DAL,WAS,224,227.83333333333334,1.3050039062914343,229.13833723962478,1.3050039062914323,-5.138337239624777,5.138337239624775,26.402509588114754,1241,
top_k_20_features,2025-10-24,2025_26,0022500099,LAC,PHX,231,222.5,-1.2766091656076526,221.22339083439235,-1.2766091656076526,9.776609165607653,9.776609165607653,95.58208677704356,1241,
top_k_20_features,2025-10-24,2025_26,0022500018,NYK,BOS,200,229.83333333333334,4.049307755871636,233.88264108920498,4.049307755871638,-33.88264108920498,33.88264108920498,1148.0333671798817,1241,
top_k_20_features,2025-10-24,2025_26,0022500094,MEM,MIA,260,233.5,5.016454670372875,238.51645467037287,5.016454670372866,21.483545329627127,21.483545329627134,461.54271993014385,1241,
top_k_20_features,2025-10-25,2025_26,0022500104,DEN,PHX,244,232.5,-1.3012656432168503,231.19873435678315,-1.3012656432168512,12.801265643216851,12.801265643216851,163.87240206820414,1253,
top_k_20_features,2025-10-25,2025_26,0022500102,PHI,CHA,246,234.83333333333334,-4.090489406500717,230.74284392683262,-4.090489406500723,15.257156073167375,15.25715607316738,232.78081144098826,1253,
top_k_20_features,2025-10-25,2025_26,0022500103,MEM,IND,231,238.16666666666666,0.7166066258919962,238.88327329255864,0.7166066258919841,-7.883273292558654,7.883273292558641,62.14599780516836,1253,
top_k_20_features,2025-10-25,2025_26,0022500100,ORL,CHI,208,233.16666666666666,1.5446362318154545,234.7113028984821,1.5446362318154456,-26.71130289848211,26.711302898482103,713.4937025344584,1253,
top_k_20_features,2025-10-25,2025_26,0022500101,ATL,OKC,217,235.83333333333334,1.3077267526301728,237.14106008596352,1.307726752630174,-20.141060085963517,20.141060085963517,405.6623013863927,1253,
top_k_20_features,2025-10-26,2025_26,0022500110,MIN,IND,224,228.16666666666666,0.7987284546885032,228.96539512135516,0.7987284546885007,-4.965395121355161,4.965395121355158,24.655148711177603,1258,
top_k_20_features,2025-10-26,2025_26,0022500112,LAC,POR,221,226.5,0.12880040344787846,226.62880040344788,0.12880040344788313,-5.628800403447879,5.628800403447883,31.68339398185505,1258,
top_k_20_features,2025-10-26,2025_26,0022500113,SAC,LAL,247,230.16666666666666,-0.3096251435908871,229.85704152307576,-0.30962514359089255,17.14295847692423,17.142958476924235,293.8810253415485,1258,
top_k_20_features,2025-10-26,2025_26,0022500109,WAS,CHA,252,236.83333333333334,0.5119310465282488,237.3452643798616,0.5119310465282467,14.654735620138409,14.65473562013841,214.76127609615352,1258,
top_k_20_features,2025-10-26,2025_26,0022500111,DAL,TOR,268,231.5,-0.688930927497815,230.8110690725022,-0.6889309274978075,37.188930927497815,37.18893092749781,1383.016583530203,1258,
top_k_20_features,2025-10-26,2025_26,0022500107,CLE,MIL,231,236.16666666666666,-0.3355797331257056,235.83108693354094,-0.3355797331257122,-4.831086933540951,4.831086933540945,23.33940095943005,1258,
top_k_20_features,2025-10-26,2025_26,0022500105,SAS,BKN,225,228.16666666666666,0.9762340407152983,229.14290070738195,0.9762340407152976,-4.142900707381956,4.142900707381955,17.1636262712259,1258,
top_k_20_features,2025-10-26,2025_26,0022500108,MIA,NYK,222,228.83333333333334,-0.0240039449992627,228.80932938833408,-0.02400394499926506,-6.80932938833408,6.809329388334078,46.36696671883015,1258,
top_k_20_features,2025-10-26,2025_26,0022500106,DET,BOS,232,227.5,0.270822341559174,227.77082234155918,0.2708223415591817,4.229177658440826,4.229177658440818,17.885943666654963,1258,
top_k_20_features,2025-10-27,2025_26,0022500116,HOU,BKN,246,226.16666666666666,2.1519077152844774,228.31857438195112,2.151907715284466,17.681425618048866,17.681425618048877,312.6328118865951,1267,
top_k_20_features,2025-10-27,2025_26,0022500007,DET,CLE,211,231.16666666666666,-0.042180678091323816,231.12448598857534,-0.042180678091312984,-20.124485988575334,20.124485988575344,404.99493630436535,1267,
top_k_20_features,2025-10-27,2025_26,0022500008,MIN,DEN,241,228.5,0.26847590409912797,228.76847590409912,0.2684759040991196,12.231524095900872,12.23152409590088,149.61018170860385,1267,
top_k_20_features,2025-10-27,2025_26,0022500114,PHI,ORL,260,226.5,0.4642119401495022,226.9642119401495,0.46421194014951084,33.035788059850496,33.03578805985049,1091.3632927353601,1267,
top_k_20_features,2025-10-27,2025_26,0022500115,CHI,ATL,251,241.5,1.9782952164330956,243.47829521643308,1.9782952164330823,7.521704783566904,7.521704783566918,56.57604285113345,1267,
top_k_20_features,2025-10-27,2025_26,0022500121,GSW,MEM,249,238.83333333333334,-0.2857160381691985,238.54761729516414,-0.2857160381691983,10.452382704835856,10.452382704835856,109.25230420835172,1267,
top_k_20_features,2025-10-27,2025_26,0022500117,NOP,BOS,212,232.5,1.8988722319502593,234.39887223195026,1.8988722319502642,-22.39887223195026,22.398872231950264,501.7094772632326,1267,
top_k_20_features,2025-10-27,2025_26,0022500118,SAS,TOR,224,233.16666666666666,0.9030058309651624,234.0696724976318,0.9030058309651565,-10.069672497631819,10.069672497631814,101.39830420956253,1267,
top_k_20_features,2025-10-27,2025_26,0022500120,UTA,PHX,272,233.5,1.1429878714622042,234.6429878714622,1.1429878714621964,37.3570121285378,37.357012128537804,1395.5463551717205,1267,
top_k_20_features,2025-10-27,2025_26,0022500122,LAL,POR,230,225.83333333333334,-0.45055141061616755,225.3827819227172,-0.450551410616157,4.617218077282825,4.617218077282814,21.31870277318721,1267,
top_k_20_features,2025-10-27,2025_26,0022500119,DAL,OKC,195,226.5,-0.776123096502602,225.7238769034974,-0.7761230965026016,-30.7238769034974,30.7238769034974,943.9566119812608,1267,
top_k_20_features,2025-10-28,2025_26,0022500126,OKC,SAC,208,227.16666666666666,0.7509158951517263,227.9175825618184,0.750915895151735,-19.917582561818385,19.917582561818392,396.7100951068521,1278,
top_k_20_features,2025-10-28,2025_26,0022500124,MIA,CHA,261,240.5,0.07429292123201214,240.574292921232,0.07429292123200071,20.42570707876799,20.425707078768,417.20950966763314,1278,
top_k_20_features,2025-10-28,2025_26,0022500125,MIL,NYK,232,228.5,2.0544543436290166,230.554454343629,2.054454343629004,1.4455456563709834,1.4455456563709959,2.089602244653053,1278,
top_k_20_features,2025-10-28,2025_26,0022500127,GSW,LAC,177,223.83333333333334,3.2051690283901495,227.0385023617235,3.205169028390145,-50.038502361723495,50.03850236172349,2503.8517186042072,1278,
top_k_20_features,2025-10-28,2025_26,0022500123,WAS,PHI,273,237.83333333333334,-2.5327678262212787,235.30056550711205,-2.5327678262212885,37.69943449288794,37.699434492887946,1421.2473610835493,1278,
top_k_20_features,2025-10-29,2025_26,0022500128,BOS,CLE,230,233.5,2.306104995687919,235.80610499568792,2.3061049956879174,-5.806104995687919,5.806104995687917,33.71085522095219,1283,
top_k_20_features,2025-10-29,2025_26,0022500129,DET,ORL,251,226.16666666666666,-0.6815431056911038,225.48512356097555,-0.6815431056911052,25.514876439024448,25.514876439024448,651.0089196986848,1283,
top_k_20_features,2025-10-29,2025_26,0022500131,TOR,HOU,260,232.5,-1.2204204678912747,231.27957953210873,-1.2204204678912731,28.720420467891273,28.720420467891273,824.862551852468,1283,
top_k_20_features,2025-10-29,2025_26,0022500132,CHI,SAC,239,237.5,2.2903058789651247,239.7903058789651,2.290305878965114,-0.7903058789651247,0.7903058789651141,0.6245833823268215,1283,
top_k_20_features,2025-10-29,2025_26,0022500130,BKN,ATL,229,237.5,0.9388916017454657,238.43889160174547,0.9388916017454676,-9.438891601745466,9.438891601745468,89.09267466950112,1283,
top_k_20_features,2025-10-29,2025_26,0022500136,MIN,LAL,231,223.5,-0.11432169822085603,223.38567830177914,-0.1143216982208628,7.614321698220856,7.614321698220863,57.97789492399704,1283,
top_k_20_features,2025-10-29,2025_26,0022500137,PHX,MEM,227,241.5,1.6801778235423346,243.18017782354232,1.6801778235423228,-16.180177823542333,16.180177823542323,261.7981544014508,1283,
top_k_20_features,2025-10-29,2025_26,0022500134,DEN,NOP,210,235.5,-1.3151502309394345,234.18484976906058,-1.3151502309394232,-24.184849769060566,24.184849769060577,584.9069583520294,1283,
top_k_20_features,2025-10-29,2025_26,0022500135,UTA,POR,270,234.16666666666666,1.5836464160551225,235.7503130827218,1.5836464160551316,34.24968691727822,34.24968691727821,1173.0410539315783,1283,
top_k_20_features,2025-10-29,2025_26,0022500133,DAL,IND,212,228.16666666666666,-0.292367233617213,227.87429943304946,-0.29236723361719896,-15.874299433049444,15.874299433049458,251.99338249011436,1283,
top_k_20_features,2025-10-30,2025_26,0022500138,CHA,ORL,230,241.5,2.0889106096019376,243.58891060960192,2.0889106096019248,-13.588910609601937,13.588910609601925,184.65849155575177,1293,
top_k_20_features,2025-10-30,2025_26,0022500139,MIL,GSW,230,231.83333333333334,1.177608082676508,233.01094141600984,1.1776080826764996,-3.010941416009851,3.0109414160098424,9.065768210643355,1293,
top_k_20_features,2025-10-30,2025_26,0022500140,OKC,WAS,235,231.16666666666666,2.6994565221268747,233.86612318879352,2.699456522126866,1.133876811206468,1.133876811206477,1.2856766229917687,1293,
top_k_20_features,2025-10-30,2025_26,0022500141,SAS,MIA,208,231.16666666666666,-1.3851507166566817,229.78151595000998,-1.3851507166566819,-21.781515950009975,21.781515950009975,474.43443708053894,1293,
top_k_20_features,2025-10-31,2025_26,0022500021,PHI,BOS,217,234.5,3.2494536005215955,237.7494536005216,3.249453600521605,-20.749453600521594,20.749453600521605,430.53982472019896,1297,
top_k_20_features,2025-10-31,2025_26,0022500020,IND,ATL,236,232.5,1.6219232474090917,234.1219232474091,1.6219232474090859,1.8780767525909083,1.8780767525909141,3.5271722886224337,1297,
top_k_20_features,2025-10-31,2025_26,0022500022,CLE,TOR,213,239.16666666666666,-1.7076457579090911,237.45902090875757,-1.7076457579090913,-24.459020908757566,24.459020908757566,598.2437038150398,1297,
top_k_20_features,2025-10-31,2025_26,0022500023,CHI,NYK,260,234.16666666666666,2.2504542883254466,236.4171209549921,2.250454288325443,23.582879045007896,23.5828790450079,556.1521840514727,1297,
top_k_20_features,2025-10-31,2025_26,0022500025,PHX,UTA,214,237.5,3.401705627889397,240.90170562788938,3.4017056278893847,-26.9017056278894,26.901705627889385,723.7017656896154,1297,
top_k_20_features,2025-10-31,2025_26,0022500026,POR,DEN,216,240.16666666666666,0.896584251210648,241.0632509178773,0.8965842512106406,-25.063250917877305,25.063250917877298,628.1665465724772,1297,
top_k_20_features,2025-10-31,2025_26,0022500027,LAC,NOP,250,224.16666666666666,-2.9866730637035954,221.17999360296307,-2.9866730637035914,28.820006397036938,28.820006397036934,830.5927687252498,1297,
top_k_20_features,2025-10-31,2025_26,0022500024,MEM,LAL,229,237.5,2.391450138452957,239.89145013845297,2.391450138452967,-10.891450138452957,10.891450138452967,118.62368611840716,1297,
top_k_20_features,2025-11-01,2025_26,0022500146,BOS,HOU,229,224.83333333333334,3.3940224872149067,228.22735582054824,3.3940224872148974,0.7726441794517505,0.7726441794517598,0.5969790280406831,1305,
top_k_20_features,2025-11-01,2025_26,0022500142,MIL,SAC,268,232.16666666666666,2.9529512857747244,235.1196179524414,2.9529512857747306,32.88038204755862,32.88038204755861,1081.1195235934147,1305,
top_k_20_features,2025-11-01,2025_26,0022500143,CHA,MIN,227,230.16666666666666,0.24816096950550454,230.41482763617216,0.2481609695055056,-3.414827636172162,3.414827636172163,11.661047784765161,1305,
top_k_20_features,2025-11-01,2025_26,0022500144,IND,GSW,223,230.83333333333334,1.604241595029825,232.43757492836318,1.6042415950298334,-9.437574928363167,9.437574928363176,89.06782052846921,1305,
top_k_20_features,2025-11-01,2025_26,0022500145,WAS,ORL,219,235.5,2.443375208192404,237.9433752081924,2.443375208192407,-18.943375208192403,18.943375208192407,358.8514642783587,1305,
top_k_20_features,2025-11-02,2025_26,0022500148,OKC,NOP,243,229.5,1.3746377519351973,230.8746377519352,1.3746377519352109,12.125362248064803,12.12536224806479,147.0244096467948,1310,
top_k_20_features,2025-11-02,2025_26,0022500149,BKN,PHI,234,234.5,1.3442255706691557,235.84422557066915,1.3442255706691526,-1.8442255706691557,1.8442255706691526,3.4011679555099614,1310,
top_k_20_features,2025-11-02,2025_26,0022500150,CHA,UTA,229,236.83333333333334,4.833526395678735,241.6668597290121,4.833526395678746,-12.666859729012078,12.666859729012089,160.4493353944682,1310,
top_k_20_features,2025-11-02,2025_26,0022500153,NYK,CHI,244,234.83333333333334,1.0834832753847108,235.91681660871805,1.0834832753847081,8.083183391281946,8.083183391281949,65.33785373709635,1310,
top_k_20_features,2025-11-02,2025_26,0022500155,LAL,MIA,250,234.5,-2.3705190417723325,232.12948095822767,-2.370519041772326,17.870519041772333,17.870519041772326,319.3554508223473,1310,
top_k_20_features,2025-11-02,2025_26,0022500154,PHX,SAS,248,227.5,1.1489923934372355,228.64899239343723,1.1489923934372257,19.351007606562764,19.351007606562774,374.46149538925033,1310,
top_k_20_features,2025-11-02,2025_26,0022500151,CLE,ATL,226,229.83333333333334,-0.0558355377203581,229.777497795613,-0.05583553772035543,-3.7774977956129847,3.7774977956129874,14.269489595860978,1310,
top_k_20_features,2025-11-02,2025_26,0022500152,TOR,MEM,221,238.5,3.7879004696945047,242.2879004696945,3.787900469694506,-21.287900469694506,21.287900469694506,453.17470640761957,1310,
top_k_20_features,2025-11-03,2025_26,0022500156,BKN,MIN,234,228.5,1.4383422489464688,229.93834224894647,1.4383422489464692,4.061657751053531,4.061657751053531,16.497063686693224,1318,
top_k_20_features,2025-11-03,2025_26,0022500157,IND,MIL,232,235.5,-0.6941584906662066,234.8058415093338,-0.6941584906662115,-2.8058415093337934,2.8058415093337885,7.872746575500512,1318,
top_k_20_features,2025-11-03,2025_26,0022500159,NYK,WAS,221,233.83333333333334,1.9370416657917167,235.77037499912507,1.9370416657917247,-14.77037499912506,14.770374999125067,218.16397761477884,1318,
top_k_20_features,2025-11-03,2025_26,0022500163,POR,LAL,238,235.0,-0.38040671026756134,234.61959328973245,-0.38040671026755035,3.3804067102675615,3.3804067102675504,11.427149526821882,1318,
top_k_20_features,2025-11-03,2025_26,0022500158,BOS,UTA,208,232.5,3.6119794110396795,236.11197941103967,3.6119794110396697,-28.11197941103968,28.11197941103967,790.2833864067183,1318,
top_k_20_features,2025-11-03,2025_26,0022500160,HOU,DAL,212,225.5,-1.510901057865614,223.98909894213438,-1.510901057865624,-11.989098942134387,11.989098942134376,143.73849344428763,1318,
top_k_20_features,2025-11-03,2025_26,0022500161,MEM,DET,220,236.5,1.2946526501620883,237.79465265016208,1.294652650162078,-17.79465265016209,17.794652650162078,316.6496629399203,1318,
top_k_20_features,2025-11-03,2025_26,0022500162,DEN,SAC,254,236.5,-0.33986666224972323,236.16013333775027,-0.33986666224973305,17.839866662249722,17.839866662249733,318.26084252684944,1318,
top_k_20_features,2025-11-03,2025_26,0022500164,LAC,MIA,239,228.5,2.6386066872987417,231.13860668729873,2.638606687298733,7.861393312701258,7.861393312701267,61.801504816984206,1318,
top_k_20_features,2025-11-04,2025_26,0022500165,TOR,MIL,228,237.5,2.296081493305631,239.79608149330562,2.2960814933056213,-11.796081493305632,11.796081493305621,139.14753859670736,1327,
top_k_20_features,2025-11-04,2025_26,0022500166,ATL,ORL,239,228.5,2.176247429538867,230.67624742953888,2.1762474295388756,8.323752570461133,8.323752570461124,69.28485685425818,1327,
top_k_20_features,2025-11-04,2025_26,0022500167,CHI,PHI,224,239.5,1.3354552473967067,240.8354552473967,1.335455247396709,-16.835455247396705,16.83545524739671,283.43255338709736,1327,
top_k_20_features,2025-11-04,2025_26,0022500168,NOP,CHA,228,236.83333333333334,-3.788572169110431,233.0447611642229,-3.788572169110438,-5.044761164222912,5.044761164222905,25.44961520405164,1327,
top_k_20_features,2025-11-04,2025_26,0022500169,GSW,PHX,225,232.5,1.6544126840940547,234.15441268409404,1.6544126840940407,-9.154412684094055,9.15441268409404,83.80327159070185,1327,
top_k_20_features,2025-11-04,2025_26,0022500170,LAC,OKC,233,223.16666666666666,0.5407276451765686,223.70739431184322,0.5407276451765597,9.292605688156774,9.292605688156783,86.35252047556381,1327,
top_k_20_features,2025-11-05,2025_26,0022500172,DET,UTA,217,230.5,-2.0429865017031252,228.45701349829687,-2.042986501703126,-11.457013498296874,11.457013498296874,131.26315830015676,1333,
top_k_20_features,2025-11-05,2025_26,0022500173,IND,BKN,215,233.16666666666666,-3.00462085911029,230.16204580755635,-3.004620859110304,-15.162045807556368,15.162045807556353,229.8876330704372,1333,
top_k_20_features,2025-11-05,2025_26,0022500174,BOS,WAS,243,232.16666666666666,0.730938042140822,232.89760470880748,0.7309380421408207,10.10239529119252,10.102395291192522,102.05839061950884,1333,
top_k_20_features,2025-11-05,2025_26,0022500178,DEN,MIA,234,242.5,0.9302765579703856,243.4302765579704,0.9302765579703873,-9.430276557970386,9.430276557970387,88.93011595980582,1333,
top_k_20_features,2025-11-05,2025_26,0022500175,NYK,MIN,251,229.16666666666666,1.6095170113284138,230.77618367799508,1.6095170113284212,20.22381632200493,20.22381632200492,409.0027466261927,1333,
top_k_20_features,2025-11-05,2025_26,0022500181,SAC,GSW,237,226.83333333333334,1.5742639936165914,228.40759732694994,1.5742639936165972,8.592402673050065,8.59240267305006,73.82938369583782,1333,
top_k_20_features,2025-11-05,2025_26,0022500179,LAL,SAS,234,228.5,0.7934307154011627,229.29343071540117,0.7934307154011719,4.706569284598837,4.706569284598828,22.151794430729126,1333,
top_k_20_features,2025-11-05,2025_26,0022500180,POR,OKC,240,229.16666666666666,-0.8769459063425571,228.2897207603241,-0.87694590634257,11.7102792396759,11.710279239675913,137.13063987118468,1333,
top_k_20_features,2025-11-05,2025_26,0022500171,CLE,PHI,253,234.16666666666666,0.7515954386371607,234.91826210530382,0.7515954386371675,18.081737894696182,18.081737894696175,326.9492452924917,1333,
top_k_20_features,2025-11-05,2025_26,0022500176,MEM,HOU,233,232.5,1.3774785616229217,233.87747856162292,1.3774785616229224,-0.8774785616229217,0.8774785616229224,0.7699686261078328,1333,
top_k_20_features,2025-11-05,2025_26,0022500177,DAL,NOP,200,226.83333333333334,-4.629748782980386,222.20358455035296,-4.629748782980386,-22.203584550352957,22.203584550352957,492.99916688467255,1333,
top_k_20_features,2025-11-06,2025_26,0022500182,PHX,LAC,217,224.83333333333334,1.4364756450236353,226.269808978357,1.4364756450236484,-9.269808978356979,9.269808978356991,85.92935849522789,1344,
top_k_20_features,2025-11-07,2025_26,0022500038,SAC,OKC,233,232.83333333333334,-0.826863636804692,232.00646969652865,-0.8268636368046884,0.9935303034713492,0.9935303034713456,0.9871024639158641,1345,
top_k_20_features,2025-11-07,2025_26,0022500032,SAS,HOU,231,224.16666666666666,-1.1018194290775272,223.06484723758913,-1.1018194290775227,7.93515276241087,7.9351527624108655,62.96664936279679,1345,
top_k_20_features,2025-11-07,2025_26,0022500029,WAS,CLE,263,241.83333333333334,3.840476386151353,245.6738097194847,3.8404763861513516,17.326190280515306,17.326190280515306,300.19686963662303,1345,
top_k_20_features,2025-11-07,2025_26,0022500030,ATL,TOR,206,235.5,-0.6029874638602581,234.89701253613975,-0.602987463860245,-28.89701253613974,28.897012536139755,835.0373335138181,1345,
top_k_20_features,2025-11-07,2025_26,0022500031,BKN,DET,232,226.5,1.5174469024364114,228.0174469024364,1.5174469024364043,3.9825530975635886,3.9825530975635957,15.860729174913391,1345,
top_k_20_features,2025-11-07,2025_26,0022500028,ORL,BOS,233,227.83333333333334,-2.831476886405352,225.001856446928,-2.8314768864053406,7.998143553072009,7.998143553071998,63.97030029554716,1345,
top_k_20_features,2025-11-07,2025_26,0022500033,MIA,CHA,234,243.16666666666666,2.3185188722368015,245.48518553890347,2.318518872236808,-11.485185538903458,11.485185538903465,131.90948686303727,1345,
top_k_20_features,2025-11-07,2025_26,0022500034,MEM,DAL,222,231.16666666666666,1.676260220279107,232.84292688694578,1.6762602202791186,-10.842926886945765,10.842926886945776,117.56906347565162,1345,
top_k_20_features,2025-11-07,2025_26,0022500036,MIN,UTA,234,231.5,-0.6541320214693678,230.84586797853063,-0.6541320214693656,3.1541320214693678,3.1541320214693656,9.948548808858426,1345,
top_k_20_features,2025-11-07,2025_26,0022500037,DEN,GSW,233,228.5,2.298811232072443,230.79881123207244,2.2988112320724383,2.201188767927557,2.2011887679275617,4.845231992050457,1345,
top_k_20_features,2025-11-07,2025_26,0022500035,MIL,CHI,236,239.83333333333334,0.940584292350621,240.77391762568396,0.9405842923506214,-4.773917625683964,4.773917625683964,22.79028949681602,1345,
top_k_20_features,2025-11-08,2025_26,0022500189,DEN,IND,217,233.5,-0.004185210869818266,233.49581478913018,-0.004185210869820821,-16.495814789130183,16.49581478913018,272.1119055572859,1356,
top_k_20_features,2025-11-08,2025_26,0022500183,WAS,DAL,216,229.83333333333334,3.5358387648033247,233.36917209813666,3.535838764803316,-17.369172098136666,17.36917209813666,301.688139374689,1356,
top_k_20_features,2025-11-08,2025_26,0022500184,PHI,TOR,250,237.16666666666666,0.5517827762650308,237.7184494429317,0.5517827762650427,12.281550557068313,12.2815505570683,150.83648408582468,1356,
top_k_20_features,2025-11-08,2025_26,0022500185,ATL,LAL,224,230.16666666666666,0.27663056626696564,230.44329723293362,0.2766305662669595,-6.443297232933623,6.443297232933617,41.51607923193,1356,
top_k_20_features,2025-11-08,2025_26,0022500186,CLE,CHI,250,240.16666666666666,-1.010722849677907,239.15594381698875,-1.0107228496779044,10.84405618301125,10.844056183011247,117.59355450030446,1356,
top_k_20_features,2025-11-08,2025_26,0022500187,MIA,POR,267,240.83333333333334,0.9712168112379199,241.80455014457127,0.9712168112379231,25.195449855428738,25.195449855428734,634.8106934174239,1356,
top_k_20_features,2025-11-08,2025_26,0022500188,SAS,NOP,245,225.5,-1.4285913919938729,224.07140860800612,-1.4285913919938764,20.928591391993873,20.928591391993876,438.0059376530402,1356,
top_k_20_features,2025-11-08,2025_26,0022500190,LAC,PHX,217,227.16666666666666,1.1856637282390845,228.35233039490575,1.185663728239092,-11.352330394905742,11.35233039490575,128.87540539510093,1356,
top_k_20_features,2025-11-09,2025_26,0022500192,NYK,BKN,232,228.83333333333334,2.1687829721724,231.00211630550575,2.1687829721724086,0.9978836944942571,0.9978836944942486,0.9957718677374909,1364,
top_k_20_features,2025-11-09,2025_26,0022500193,ORL,BOS,218,226.5,-2.735725486328104,223.7642745136719,-2.735725486328107,-5.7642745136718965,5.764274513671893,33.22686066896734,1364,
top_k_20_features,2025-11-09,2025_26,0022500195,PHI,DET,219,232.5,1.4565504740635344,233.95655047406353,1.4565504740635333,-14.956550474063535,14.956550474063533,223.6984020832101,1364,
top_k_20_features,2025-11-09,2025_26,0022500191,MIL,HOU,237,231.83333333333334,3.0301715764530366,234.86350490978637,3.0301715764530286,2.1364950902136206,2.1364950902136286,4.564611270506941,1364,
top_k_20_features,2025-11-09,2025_26,0022500196,GSW,IND,197,227.16666666666666,-1.5927706650393274,225.57389600162733,-1.5927706650393247,-28.57389600162733,28.573896001627332,816.4675327118144,1364,
top_k_20_features,2025-11-09,2025_26,0022500197,SAC,MIN,261,235.5,-0.12877272450000865,235.3712272755,-0.12877272450000987,25.62877272450001,25.62877272450001,656.8339913640757,1364,
top_k_20_features,2025-11-09,2025_26,0022500194,MEM,OKC,214,233.83333333333334,0.2644344455401306,234.09776777887348,0.2644344455401324,-20.097767778873475,20.097767778873475,403.92026969352486,1364,
top_k_20_features,2025-11-10,2025_26,0022500204,PHX,NOP,219,228.16666666666666,1.619578003644915,229.78624467031156,1.6195780036449037,-10.786244670311572,10.78624467031156,116.34307408782455,1371,
top_k_20_features,2025-11-10,2025_26,0022500203,DAL,MIL,230,230.83333333333334,-4.408728744797987,226.42460458853535,-4.4087287447979975,3.575395411464644,3.5753954114646547,12.783452348322507,1371,
top_k_20_features,2025-11-10,2025_26,0022500202,CHI,SAS,238,234.5,0.7670931024294475,235.26709310242944,0.7670931024294418,2.7329068975705524,2.732906897570558,7.4687801107887335,1371,
top_k_20_features,2025-11-10,2025_26,0022500201,MIA,CLE,278,247.5,0.928226232729262,248.42822623272926,0.9282262327292585,29.571773767270738,29.57177376727074,874.4898037426419,1371,
top_k_20_features,2025-11-10,2025_26,0022500205,UTA,MIN,233,233.83333333333334,0.696319814304232,234.5296531476376,0.6963198143042462,-1.5296531476375748,1.529653147637589,2.3398387520775836,1371,
top_k_20_features,2025-11-10,2025_26,0022500199,DET,WAS,272,235.5,-0.05844213621862385,235.44155786378138,-0.05844213621861627,36.55844213621862,36.558442136218616,1336.5196914272449,1371,
top_k_20_features,2025-11-10,2025_26,0022500198,CHA,LAL,232,229.5,2.4393032367238052,231.93930323672382,2.4393032367238163,0.060696763276194776,0.060696763276183674,0.003684097072205079,1371,
top_k_20_features,2025-11-10,2025_26,0022500206,LAC,ATL,207,222.16666666666666,0.41220430457543256,222.57887097124208,0.41220430457542534,-15.57887097124209,15.578870971242083,242.70122073860924,1371,
top_k_20_features,2025-11-10,2025_26,0022500200,ORL,POR,227,235.5,-0.056432212256002076,235.443567787744,-0.05643221225599859,-8.443567787743998,8.443567787744001,71.29383698622813,1371,
top_k_20_features,2025-11-11,2025_26,0022500212,SAC,DEN,230,242.83333333333334,-0.5408624591132888,242.29247087422004,-0.5408624591132991,-12.292470874220054,12.292470874220044,151.10484019354809,1380,
top_k_20_features,2025-11-11,2025_26,0022500211,UTA,IND,280,231.5,-2.842197113173783,228.6578028868262,-2.842197113173796,51.34219711317378,51.342197113173796,2636.0212044079917,1380,
top_k_20_features,2025-11-11,2025_26,0022500210,OKC,GSW,228,228.5,1.690875430327912,230.1908754303279,1.6908754303279068,-2.190875430327912,2.1908754303279068,4.79993515121449,1380,
top_k_20_features,2025-11-11,2025_26,0022500207,BKN,TOR,228,233.83333333333334,0.19135309153493418,234.02468642486826,0.1913530915349213,-6.0246864248682765,6.024686424868264,36.296846517991945,1380,
top_k_20_features,2025-11-11,2025_26,0022500208,NYK,MEM,253,233.5,1.6709399966668366,235.17093999666685,1.6709399966668457,17.829060003333165,17.829060003333154,317.875380602454,1380,
top_k_20_features,2025-11-11,2025_26,0022500209,PHI,BOS,202,231.83333333333334,0.7653132565214154,232.59864658985475,0.7653132565214094,-30.59864658985476,30.598646589854752,936.2771731308299,1380,
top_k_20_features,2025-11-12,2025_26,0022500216,BOS,MEM,226,229.5,3.1166373175205293,232.61663731752054,3.116637317520542,-6.61663731752053,6.616637317520542,43.77988939160544,1386,
top_k_20_features,2025-11-12,2025_26,0022500218,HOU,WAS,247,234.16666666666666,-2.9511519773036317,231.21551468936303,-2.951151977303624,15.784485310636974,15.784485310636967,249.1499765217142,1386,
top_k_20_features,2025-11-12,2025_26,0022500213,CHA,MIL,211,232.5,2.233418051703845,234.73341805170384,2.2334180517038362,-23.733418051703843,23.733418051703836,563.2751324169416,1386,
top_k_20_features,2025-11-12,2025_26,0022500214,DET,CHI,237,234.5,0.2871876442360104,234.787187644236,0.2871876442360133,2.2128123557639894,2.2128123557639867,4.896538521821764,1386,
top_k_20_features,2025-11-12,2025_26,0022500215,NYK,ORL,231,228.16666666666666,3.559125126102477,231.72579179276914,3.5591251261024865,-0.7257917927691344,0.7257917927691437,0.5267737264510477,1386,
top_k_20_features,2025-11-12,2025_26,0022500217,MIA,CLE,246,238.5,0.4572605873069084,238.9572605873069,0.4572605873069051,7.042739412693091,7.042739412693095,49.60017843510068,1386,
top_k_20_features,2025-11-12,2025_26,0022500221,DAL,PHX,237,227.5,-3.6796291357967705,223.82037086420323,-3.679629135796773,13.17962913579677,13.179629135796773,173.7026241571432,1386,
top_k_20_features,2025-11-12,2025_26,0022500224,LAC,DEN,246,225.83333333333334,1.015027084610358,226.8483604179437,1.0150270846103524,19.151639582056298,19.151639582056305,366.7852986809858,1386,
top_k_20_features,2025-11-12,2025_26,0022500222,OKC,LAL,213,229.5,1.8296186524000049,231.3296186524,1.8296186524000007,-18.329618652400004,18.3296186524,335.97491994241,1386,
top_k_20_features,2025-11-12,2025_26,0022500223,SAC,ATL,233,233.83333333333334,0.8519381862656734,234.685271519599,0.8519381862656701,-1.6852715195990162,1.685271519599013,2.840140094771566,1386,
top_k_20_features,2025-11-12,2025_26,0022500220,SAS,GSW,245,229.5,-0.38091701595633976,229.11908298404367,-0.380917015956328,15.88091701595634,15.880917015956328,252.20352526769125,1386,
top_k_20_features,2025-11-12,2025_26,0022500219,NOP,POR,242,231.5,1.019309734931167,232.51930973493117,1.01930973493117,9.480690265068834,9.48069026506883,89.88348790217088,1386,
top_k_20_features,2025-11-13,2025_26,0022500225,CLE,TOR,239,240.5,-0.7868418461492692,239.71315815385074,-0.7868418461492581,-0.7131581538507308,0.7131581538507419,0.5085945524037985,1398,
top_k_20_features,2025-11-13,2025_26,0022500226,PHX,IND,231,233.83333333333334,1.587643050676675,235.42097638401,1.587643050676661,-4.420976384010018,4.420976384010004,19.54503218797417,1398,
top_k_20_features,2025-11-13,2025_26,0022500227,UTA,ATL,254,232.83333333333334,0.15159890872696088,232.9849322420603,0.15159890872695314,21.015067757939697,21.015067757939704,441.6330728707969,1398,
top_k_20_features,2025-11-14,2025_26,0022500043,MIL,CHA,281,239.16666666666666,5.351995236058646,244.5186619027253,5.351995236058656,36.481338097274694,36.48133809727469,1330.8880293676655,1401,
top_k_20_features,2025-11-14,2025_26,0022500039,NYK,MIA,272,238.16666666666666,1.9296509356387541,240.09631760230542,1.9296509356387617,31.90368239769459,31.90368239769458,1017.844950532967,1401,
top_k_20_features,2025-11-14,2025_26,0022500040,ORL,BKN,203,224.5,-3.38107610365976,221.11892389634025,-3.381076103659751,-18.11892389634024,18.11892389634025,328.2954031613697,1401,
top_k_20_features,2025-11-14,2025_26,0022500041,DET,PHI,219,232.5,1.6844116864717742,234.18441168647178,1.6844116864717762,-15.184411686471774,15.184411686471776,230.56635826426066,1401,
top_k_20_features,2025-11-14,2025_26,0022500046,DAL,LAC,260,219.5,-5.938868219628833,213.56113178037117,-5.93886821962883,46.43886821962883,46.43886821962883,2156.5684815200525,1401,
top_k_20_features,2025-11-14,2025_26,0022500044,MIN,SAC,234,240.5,-1.8798609086154012,238.6201390913846,-1.8798609086153988,-4.6201390913845986,4.620139091384601,21.34568522374013,1401,
top_k_20_features,2025-11-14,2025_26,0022500045,NOP,LAL,222,228.5,0.20050054969013725,228.70050054969013,0.2005005496901333,-6.700500549690137,6.700500549690133,44.89670761639778,1401,
top_k_20_features,2025-11-14,2025_26,0022500047,SAS,GSW,217,234.83333333333334,-0.34384386926081334,234.48948946407253,-0.3438438692608088,-17.48948946407253,17.489489464072534,305.8822417139042,1401,
top_k_20_features,2025-11-14,2025_26,0022500042,HOU,POR,256,235.83333333333334,0.08983398111078089,235.92316731444413,0.089833981110786,20.076832685555875,20.07683268555587,403.07921068380455,1401,
top_k_20_features,2025-11-15,2025_26,0022500231,MIL,LAL,214,230.83333333333334,5.182067355824835,236.01540068915818,5.182067355824842,-22.015400689158177,22.015400689158184,484.6778675041867,1410,
top_k_20_features,2025-11-15,2025_26,0022500230,IND,TOR,240,233.5,-3.957027354013872,229.54297264598614,-3.95702735401386,10.457027354013873,10.45702735401386,109.3494210825941,1410,
top_k_20_features,2025-11-15,2025_26,0022500232,MIN,DEN,235,234.5,0.431558395284693,234.9315583952847,0.4315583952846964,0.06844160471530703,0.06844160471530358,0.004684253256005866,1410,
top_k_20_features,2025-11-15,2025_26,0022500228,CLE,MEM,208,238.5,0.538640459074761,239.03864045907477,0.5386404590747702,-31.03864045907476,31.03864045907477,963.3972015477133,1410,
top_k_20_features,2025-11-15,2025_26,0022500229,CHA,OKC,205,227.83333333333334,0.5156990125758147,228.34903234590917,0.5156990125758227,-23.34903234590916,23.349032345909166,545.1773114903125,1410,
top_k_20_features,2025-11-16,2025_26,0022500233,BOS,LAC,239,220.66666666666666,3.2055955470820865,223.87226221374874,3.2055955470820834,15.127737786251256,15.12773778625126,228.84845052957417,1415,
top_k_20_features,2025-11-16,2025_26,0022500234,SAS,SAC,233,238.16666666666666,1.7491738962871,239.91584056295375,1.7491738962870897,-6.915840562953758,6.915840562953747,47.8288506921964,1415,
top_k_20_features,2025-11-16,2025_26,0022500235,WAS,BKN,235,234.5,-0.9414950542837397,233.55850494571627,-0.9414950542837346,1.4414950542837397,1.4414950542837346,2.077907991524467,1415,
top_k_20_features,2025-11-16,2025_26,0022500236,HOU,ORL,230,227.83333333333334,1.4896789508253392,229.3230122841587,1.4896789508253505,0.676987715841318,0.6769877158413067,0.4583123674000298,1415,
top_k_20_features,2025-11-16,2025_26,0022500237,NOP,GSW,230,228.16666666666666,0.011205825497793592,228.17787249216445,0.011205825497796695,1.8221275078355492,1.8221275078355461,3.320148654810978,1415,
top_k_20_features,2025-11-16,2025_26,0022500239,PHX,ATL,246,231.83333333333334,1.5095250539347906,233.34285838726814,1.5095250539347944,12.657141612731866,12.657141612731863,160.20323380474855,1415,
top_k_20_features,2025-11-16,2025_26,0022500240,UTA,CHI,297,243.83333333333334,0.5307867827067577,244.3641201160401,0.5307867827067696,52.6358798839599,52.63587988395989,2770.5358511586533,1415,
top_k_20_features,2025-11-16,2025_26,0022500238,DAL,POR,271,234.16666666666666,-4.739733405897226,229.42693326076943,-4.739733405897226,41.57306673923057,41.57306673923057,1728.319878104519,1415,
top_k_20_features,2025-11-17,2025_26,0022500241,CLE,MIL,224,236.16666666666666,-1.71116973014608,234.45549693652057,-1.7111697301460822,-10.455496936520577,10.455496936520575,109.31741618959113,1423,
top_k_20_features,2025-11-17,2025_26,0022500242,DET,IND,239,230.16666666666666,1.5166434578360302,231.6833101245027,1.5166434578360395,7.316689875497312,7.316689875497303,53.533950734204744,1423,
top_k_20_features,2025-11-17,2025_26,0022500243,PHI,LAC,218,220.5,0.7047200884627071,221.2047200884627,0.7047200884626932,-3.204720088462707,3.204720088462693,10.270230845396332,1423,
top_k_20_features,2025-11-17,2025_26,0022500244,MIA,NYK,228,241.5,-0.4082806810637622,241.09171931893624,-0.4082806810637578,-13.091719318936239,13.091719318936242,171.39311472580843,1423,
top_k_20_features,2025-11-17,2025_26,0022500245,TOR,CHA,218,238.5,1.2609804267944573,239.76098042679445,1.2609804267944469,-21.760980426794458,21.760980426794447,473.540269135331,1423,
top_k_20_features,2025-11-17,2025_26,0022500246,MIN,DAL,216,229.16666666666666,-1.583689140325422,227.58297752634124,-1.5836891403254185,-11.582977526341235,11.582977526341239,134.1653683757262,1423,
top_k_20_features,2025-11-17,2025_26,0022500247,NOP,OKC,235,226.5,-2.668848989071673,223.83115101092832,-2.6688489890716767,11.168848989071673,11.168848989071677,124.74318774068742,1423,
top_k_20_features,2025-11-17,2025_26,0022500248,DEN,CHI,257,240.5,2.450558178920931,242.95055817892094,2.450558178920943,14.04944182107907,14.049441821079057,197.38681548388521,1423,
top_k_20_features,2025-11-18,2025_26,0022500249,ORL,GSW,234,222.83333333333334,1.7189742180096632,224.552307551343,1.718974218009663,9.447692448656994,9.447692448656994,89.25889260441039,1431,
top_k_20_features,2025-11-18,2025_26,0022500251,ATL,DET,232,228.5,-0.3665336337763739,228.13346636622362,-0.3665336337763847,3.866533633776374,3.8665336337763847,14.950082341124014,1431,
top_k_20_features,2025-11-18,2025_26,0022500250,BKN,BOS,212,223.16666666666666,-2.813130476620568,220.3535361900461,-2.8131304766205574,-8.35353619004609,8.3535361900461,69.7815668784099,1431,
top_k_20_features,2025-11-18,2025_26,0022500253,LAL,UTA,266,237.83333333333334,2.4277465959599254,240.26107992929326,2.427746595959917,25.738920070706733,25.73892007070674,662.4920064062303,1431,
top_k_20_features,2025-11-18,2025_26,0022500254,POR,PHX,237,237.16666666666666,-0.7035645516890361,236.46310211497763,-0.703564551689027,0.5368978850223789,0.5368978850223698,0.2882593389414938,1431,
top_k_20_features,2025-11-18,2025_26,0022500252,SAS,MEM,212,232.83333333333334,0.2775966518435945,233.11092998517694,0.27759665184359505,-21.110929985176938,21.110929985176938,445.6713648390427,1431,
top_k_20_features,2025-11-19,2025_26,0022500255,CLE,HOU,218,233.83333333333334,-0.17924689303362998,233.65408644029972,-0.1792468930336213,-15.654086440299713,15.654086440299722,245.0504222803756,1437,
top_k_20_features,2025-11-19,2025_26,0022500256,IND,CHA,245,236.16666666666666,-2.4221150748639375,233.74455159180272,-2.422115074863939,11.25544840819728,11.255448408197282,126.68511886959072,1437,
top_k_20_features,2025-11-19,2025_26,0022500257,MIA,GSW,206,231.83333333333334,-0.6920005365906489,231.1413327967427,-0.6920005365906547,-25.141332796742695,25.141332796742688,632.0866147965695,1437,
top_k_20_features,2025-11-19,2025_26,0022500258,PHI,TOR,233,234.5,2.835094328960843,237.33509432896085,2.8350943289608495,-4.335094328960842,4.3350943289608495,18.793042840988516,1437,
top_k_20_features,2025-11-19,2025_26,0022500259,MIN,WAS,229,237.5,-2.6085800154908427,234.89141998450916,-2.608580015490844,-5.891419984509158,5.891419984509156,34.708829433873866,1437,
top_k_20_features,2025-11-19,2025_26,0022500260,NOP,DEN,243,233.16666666666666,2.5840404148881695,235.75070708155482,2.5840404148881646,7.249292918445173,7.249292918445178,52.552247817419406,1437,
top_k_20_features,2025-11-19,2025_26,0022500261,OKC,SAC,212,233.5,-2.25674496346533,231.24325503653466,-2.256744963465337,-19.24325503653467,19.243255036534663,370.30286440111666,1437,
top_k_20_features,2025-11-19,2025_26,0022500262,DAL,NYK,224,228.5,0.6616518315712379,229.16165183157125,0.6616518315712483,-5.161651831571238,5.161651831571248,26.642649630362822,1437,
top_k_20_features,2025-11-19,2025_26,0022500263,POR,CHI,243,243.83333333333334,-0.6785180210774336,243.15481531225592,-0.6785180210774229,-0.15481531225590917,0.15481531225591993,0.023967780908897993,1437,
top_k_20_features,2025-11-20,2025_26,0022500265,MEM,SAC,233,233.5,-0.9176621891498975,232.5823378108501,-0.917662189149894,0.4176621891498975,0.41766218914989395,0.17444170424548178,1446,
top_k_20_features,2025-11-20,2025_26,0022500264,ORL,LAC,230,218.5,2.538119267383067,221.03811926738308,2.538119267383081,8.961880732616933,8.961880732616919,80.31530626565036,1446,
top_k_20_features,2025-11-20,2025_26,0022500266,MIL,PHI,237,225.83333333333334,1.9543413498533346,227.78767468318668,1.9543413498533369,9.212325316813322,9.21232531681332,84.86693774279965,1446,
top_k_20_features,2025-11-20,2025_26,0022500267,SAS,ATL,261,231.16666666666666,0.732952019837945,231.8996186865046,0.7329520198379385,29.100381313495397,29.100381313495404,846.8321925908325,1446,
top_k_20_features,2025-11-21,2025_26,0022500056,GSW,POR,250,237.5,-1.8376700881665315,235.66232991183347,-1.8376700881665329,14.337670088166531,14.337670088166533,205.56878355710532,1450,
top_k_20_features,2025-11-21,2025_26,0022500048,CLE,IND,229,238.16666666666666,1.7177829551813546,239.884449621848,1.7177829551813488,-10.884449621848011,10.884449621848006,118.4712435705472,1450,
top_k_20_features,2025-11-21,2025_26,0022500049,BOS,BKN,218,222.5,1.559196788061614,224.05919678806163,1.5591967880616266,-6.059196788061614,6.059196788061627,36.71386571645633,1450,
top_k_20_features,2025-11-21,2025_26,0022500050,TOR,WAS,250,240.5,-1.1140436866334034,239.3859563133666,-1.1140436866334085,10.614043686633403,10.614043686633408,112.65792338176252,1450,
top_k_20_features,2025-11-21,2025_26,0022500051,CHI,MIA,250,249.5,-3.9197289696025814,245.58027103039743,-3.9197289696025734,4.419728969602581,4.419728969602573,19.534004164744225,1450,
top_k_20_features,2025-11-21,2025_26,0022500052,DAL,NOP,233,232.5,0.9819612081537338,233.48196120815373,0.9819612081537343,-0.4819612081537338,0.48196120815373433,0.23228660616500724,1450,
top_k_20_features,2025-11-21,2025_26,0022500053,PHX,MIN,227,234.16666666666666,3.343363876418564,237.5100305430852,3.3433638764185503,-10.510030543085222,10.510030543085207,110.46074201658394,1450,
top_k_20_features,2025-11-21,2025_26,0022500054,HOU,DEN,221,234.5,1.9679124895507014,236.4679124895507,1.967912489550713,-15.467912489550702,15.467912489550713,239.25631678439893,1450,
top_k_20_features,2025-11-21,2025_26,0022500055,UTA,OKC,256,235.5,-6.689050542301411,228.8109494576986,-6.689050542301402,27.18905054230141,27.189050542301402,739.2444693918202,1450,
top_k_20_features,2025-11-22,2025_26,0022500269,ORL,NYK,254,229.5,1.4166133758697668,230.91661337586976,1.4166133758697583,23.083386624130235,23.08338662413024,532.8427380390749,1459,
top_k_20_features,2025-11-22,2025_26,0022500270,NOP,ATL,213,230.83333333333334,2.17838903042823,233.01172236376158,2.178389030428235,-20.01172236376157,20.011722363761578,400.4690319642753,1459,
top_k_20_features,2025-11-22,2025_26,0022500268,CHA,LAC,247,228.5,0.7942900027959404,229.29429000279595,0.7942900027959467,17.70570999720406,17.705709997204053,313.4921665050916,1459,
top_k_20_features,2025-11-22,2025_26,0022500273,DAL,MEM,198,227.16666666666666,1.3827920059230254,228.54945867258968,1.3827920059230223,-30.549458672589683,30.54945867258968,933.2694251882648,1459,
top_k_20_features,2025-11-22,2025_26,0022500274,DEN,SAC,251,236.16666666666666,1.4387522653435303,237.6054189320102,1.4387522653435383,13.394581067989812,13.394581067989805,179.4148019869509,1459,
top_k_20_features,2025-11-22,2025_26,0022500272,MIL,DET,245,223.5,5.753940797851802,229.2539407978518,5.753940797851811,15.7460592021482,15.746059202148189,247.93838039755565,1459,
top_k_20_features,2025-11-22,2025_26,0022500271,CHI,WAS,241,243.83333333333334,-1.8912424802571417,241.9420908530762,-1.891242480257148,-0.9420908530762011,0.9420908530761949,0.8875351754498326,1459,
