model,fold,fixture_id,date,home,away,btts_actual,btts_prob,btts_yes_odds,btts_no_odds,yes_edge,no_edge,vig,yes_edge_raw,no_edge_raw
poisson_leakfree,1,1035451,2024-03-09,manutd,everton,0,0.581705204909733,1.65,2.34,-0.004760960503800815,0.004760960503800871,0.033411033411033575,-0.02435540115087309,-0.009055632260160373
poisson_leakfree,1,1035444,2024-03-09,bournemouth,sheffutd,1,0.5303135246774399,,,,,,,
poisson_leakfree,1,1035453,2024-03-09,wolves,fulham,1,0.5704106909154095,1.7,2.24,0.0018827721336835967,-0.0018827721336836523,0.034663865546218364,-0.017824603202237554,-0.01683926234398092
poisson_leakfree,1,1035449,2024-03-09,crystalpalace,luton,1,0.4995566575511154,,,,,,,
poisson_leakfree,1,1035445,2024-03-09,arsenal,brentford,1,0.6903981012413176,2.02,1.84,0.2137141634174834,-0.2137141634174834,0.038527765820060234,0.19534859629082257,-0.2338763621108828
poisson_leakfree,1,1035446,2024-03-10,astonvilla,tottenham,0,0.7259053757095345,,,,,,,
poisson_leakfree,1,1035452,2024-03-10,westham,burnley,1,0.4532656050138486,1.78,2.12,-0.09032413857589505,0.090324138575895,0.03349586601653587,-0.1085321477951402,0.07503628177860427
poisson_leakfree,1,1035447,2024-03-10,brighton,nottmforest,0,0.6456972090350301,,,,,,,
poisson_leakfree,1,1035450,2024-03-10,liverpool,mancity,1,0.8352659292405992,1.45,2.89,0.16936731172907837,-0.16936731172907837,0.03567593365946786,0.14561075682680602,-0.18128669048627388
poisson_leakfree,1,1035448,2024-03-11,chelsea,newcastle,1,0.6692253847838818,1.46,2.88,0.005630914737798864,-0.005630914737798864,0.03215372907153724,-0.015706122065433203,-0.016447607006104037
poisson_leakfree,1,1035334,2024-03-13,bournemouth,luton,1,0.6636461921577951,1.53,2.61,0.0332114095490994,-0.03321140954909946,0.03673653369393737,0.010051420915965004,-0.04678795460990237
poisson_leakfree,1,1035460,2024-03-16,luton,nottmforest,1,0.6512410084383715,,,,,,,
poisson_leakfree,1,1035459,2024-03-16,fulham,tottenham,0,0.6276157194385963,1.46,2.87,-0.0352018325244523,0.03520183252445219,0.03336356259844386,-0.057315787410718744,0.023952224812274825
poisson_leakfree,1,1035456,2024-03-16,burnley,brentford,1,0.4640937931360112,1.63,2.37,-0.12840620686398885,0.12840620686398885,0.03543786078537958,-0.14940313937932626,0.11396527859394667
poisson_leakfree,1,1035462,2024-03-17,westham,astonvilla,1,0.6450772690237103,,,,,,,
poisson_leakfree,1,1035470,2024-03-30,newcastle,westham,1,0.5921520074982747,1.51,2.69,-0.04832418297791574,0.0483241829779158,0.03399886752504999,-0.07009964813086444,0.03610078060581451
poisson_leakfree,1,1035464,2024-03-30,bournemouth,everton,1,0.6222565072101557,1.6,2.44,0.018296111170551743,-0.018296111170551743,0.0348360655737705,-0.002743492789844315,-0.03209257278392619
poisson_leakfree,1,1035473,2024-03-30,tottenham,luton,1,0.6856606533092804,1.55,2.55,0.06370943379708527,-0.06370943379708532,0.03731815306767872,0.04049936298669976,-0.07781751605437848
poisson_leakfree,1,1035467,2024-03-30,chelsea,burnley,1,0.5737232684482497,1.8,2.07,0.038839547518017215,-0.038839547518017103,0.038647342995169254,0.018167712892694143,-0.056815055887863286
poisson_leakfree,1,1035472,2024-03-30,sheffutd,fulham,1,0.5653613668264065,,,,,,,
poisson_leakfree,1,1035471,2024-03-30,nottmforest,crystalpalace,1,0.4841219719872875,,,,,,,
poisson_leakfree,1,1035465,2024-03-30,astonvilla,wolves,0,0.6716024318118574,,,,,,,
poisson_leakfree,1,1035466,2024-03-30,brentford,manutd,1,0.5762526477677062,1.42,3.05,-0.1060739741562311,0.1060739741562311,0.03209420457169254,-0.12797270434496988,0.09587849977327734
poisson_leakfree,1,1035468,2024-03-31,liverpool,brighton,1,0.7600664653589049,1.54,2.63,0.12937102171382098,-0.12937102171382092,0.029578786232778764,0.11071581600825553,-0.14029460224103418
poisson_leakfree,1,1035469,2024-03-31,mancity,arsenal,0,0.8180977800385835,1.75,2.16,0.2656681125194019,-0.2656681125194018,0.03439153439153442,0.24666920861001207,-0.2810607430015464
poisson_leakfree,1,1035479,2024-04-02,westham,tottenham,1,0.6674352908445963,1.45,2.93,-0.0015144808449014668,0.0015144808449014668,0.03095210074143817,-0.022219881569196853,-0.008732219172241318
poisson_leakfree,1,1035478,2024-04-02,nottmforest,fulham,1,0.6009605839055737,,,,,,,
poisson_leakfree,1,1035481,2024-04-02,newcastle,everton,1,0.6155797262052576,1.61,2.43,0.014094577690406118,-0.014094577690406063,0.03264064616721618,-0.005538286217102617,-0.027102359950113508
poisson_leakfree,1,1035477,2024-04-02,burnley,wolves,1,0.5505698107757147,1.71,2.24,-0.01651879681922208,0.01651879681922208,0.031223893065998265,-0.034225510861712216,0.003001617795713951
poisson_leakfree,1,1035474,2024-04-02,bournemouth,crystalpalace,0,0.5368893762874015,,,,,,,
poisson_leakfree,1,1035475,2024-04-03,arsenal,luton,0,0.7145939278334489,2.07,1.8,0.2494776487636815,-0.2494776487636814,0.038647342995169254,0.23150214039383532,-0.27014948338900446
poisson_leakfree,1,1035476,2024-04-03,brentford,brighton,0,0.5730237314713045,1.48,2.78,-0.07955842815310865,0.0795584281531086,0.03538790589150298,-0.10265194420437118,0.06726403831286815
poisson_leakfree,1,1035483,2024-04-03,mancity,astonvilla,1,0.7179508576816446,,,,,,,
poisson_leakfree,1,1035482,2024-04-04,liverpool,sheffutd,1,0.6413338643933638,,,,,,,
poisson_leakfree,1,1035480,2024-04-04,chelsea,manutd,1,0.6733240216444053,1.45,2.92,0.005131801964771476,-0.005131801964771365,0.03212092583845072,-0.016331150769387848,-0.015789775069062817
poisson_leakfree,1,1035486,2024-04-06,crystalpalace,mancity,1,0.5568244565750384,,,,,,,
poisson_leakfree,1,1035488,2024-04-06,fulham,newcastle,0,0.6918205285031885,1.51,2.68,0.05220239007836747,-0.05220239007836752,0.035385983987348046,0.029568872874049412,-0.06495485686139746
poisson_leakfree,1,1035487,2024-04-06,everton,burnley,0,0.5645746926714957,1.71,2.23,-0.0014151550442402794,0.0014151550442402794,0.03322581491096943,-0.02022062896593113,-0.013005185945038356
poisson_leakfree,1,1035485,2024-04-06,brighton,arsenal,0,0.6288034380014632,1.8,2.09,0.09152837373411105,-0.09152837373411105,0.034024455077086735,0.07324788244590763,-0.10727233752299437
poisson_leakfree,1,1035484,2024-04-06,astonvilla,brentford,1,0.6029490597635048,,,,,,,
poisson_leakfree,1,1035489,2024-04-06,luton,bournemouth,1,0.5925065750688203,1.52,2.65,-0.042985031645808025,0.042985031645807914,0.03525322740814296,-0.06538816177328499,0.03013493436514192
poisson_leakfree,1,1035493,2024-04-06,wolves,westham,1,0.5596965698896599,1.67,2.31,-0.020705440160591393,0.020705440160591393,0.03170282811001379,-0.03910582531992102,0.007402997209907225
poisson_leakfree,1,1035490,2024-04-07,manutd,liverpool,1,0.7266604216756237,1.4,3.12,0.036394934949959934,-0.03639493494995999,0.034798534798534675,0.012374707389909423,-0.04717324218844421
poisson_leakfree,1,1035491,2024-04-07,sheffutd,chelsea,1,0.5913478363494746,,,,,,,
poisson_leakfree,1,1035492,2024-04-07,tottenham,nottmforest,1,0.6320455929360022,,,,,,,
poisson_leakfree,1,1035501,2024-04-13,newcastle,tottenham,0,0.7094127668528408,1.34,3.48,-0.01257893439197244,0.01257893439197244,0.033624978555498286,-0.03685588986357702,0.003230911308078732
poisson_leakfree,1,1035497,2024-04-13,burnley,brighton,1,0.4824051433490986,1.56,2.56,-0.1389540799518722,0.1389540799518723,0.03165064102564097,-0.15862049767654235,0.12696985665090144
poisson_leakfree,1,1035500,2024-04-13,mancity,luton,1,0.6246801554093857,2.05,1.81,0.1557682383109401,-0.1557682383109401,0.04029106589408449,0.13687527736060517,-0.1771663432546896
poisson_leakfree,1,1035496,2024-04-13,brentford,sheffutd,0,0.4956200364879508,,,,,,,
poisson_leakfree,1,1035502,2024-04-13,nottmforest,wolves,1,0.582425022095509,,,,,,,
poisson_leakfree,1,1035494,2024-04-13,bournemouth,manutd,1,0.6404196974647736,1.39,3.17,-0.05475574113171777,0.05475574113171766,0.03488187368086604,-0.07900476296688119,0.0441228892860151
poisson_leakfree,1,1035499,2024-04-14,liverpool,crystalpalace,0,0.6034379206021981,,,,,,,
poisson_leakfree,1,1035503,2024-04-14,westham,fulham,0,0.6081682174828711,1.55,2.58,-0.016529119078872334,0.016529119078872223,0.03275818954738674,-0.03699307283970954,0.004234883292322744
poisson_leakfree,1,1035495,2024-04-14,arsenal,astonvilla,0,0.7187762646828394,,,,,,,
poisson_leakfree,1,1035498,2024-04-15,chelsea,everton,0,0.6487961889474948,1.64,2.35,0.05982375786980065,-0.05982375786980054,0.03528801245459268,0.039040091386519205,-0.07432810384111183
poisson_leakfree,1,1035511,2024-04-20,sheffutd,burnley,1,0.4538831718794624,,,,,,,
poisson_leakfree,1,1035509,2024-04-20,luton,brentford,1,0.48711359407132915,1.55,2.56,-0.13575745215738133,0.13575745215738128,0.035786290322580516,-0.15804769625125148,0.12226140592867085
poisson_leakfree,1,1035513,2024-04-20,wolves,arsenal,0,0.6418951576648355,2.1,1.79,0.1817409160195913,-0.1817409160195913,0.0348496940675711,0.16570468147435935,-0.20055437554193045
poisson_leakfree,1,1035507,2024-04-21,everton,nottmforest,0,0.6115367514430479,,,,,,,
poisson_leakfree,1,1035506,2024-04-21,crystalpalace,westham,1,0.5041382876058594,,,,,,,
poisson_leakfree,1,1035504,2024-04-21,astonvilla,bournemouth,1,0.6289556907416378,,,,,,,
poisson_leakfree,1,1035508,2024-04-21,fulham,liverpool,1,0.7741867123224633,1.53,2.63,0.14197517386092484,-0.14197517386092484,0.03382290812395938,0.1205919410806332,-0.15441484920459259
poisson_leakfree,1,1035454,2024-04-23,arsenal,chelsea,0,0.7382839660996915,1.8,2.09,0.20100890183233933,-0.20100890183233933,0.034024455077086735,0.1827284105441359,-0.21675286562122265
poisson_leakfree,1,1035463,2024-04-24,wolves,bournemouth,0,0.530658062595009,1.52,2.66,-0.10570557376862733,0.10570557376862738,0.03383458646616555,-0.12723667424709628,0.09340208778093084
poisson_leakfree,1,1035461,2024-04-24,manutd,sheffutd,1,0.5208328221304637,,,,,,,
poisson_leakfree,1,1035458,2024-04-24,everton,liverpool,0,0.6436335585317452,1.76,2.15,0.09376143576959683,-0.09376143576959683,0.03329809725158572,0.07545174034992697,-0.10874983760151263
poisson_leakfree,1,1035457,2024-04-24,crystalpalace,newcastle,0,0.6258546745764223,,,,,,,
poisson_leakfree,1,1035455,2024-04-25,brighton,mancity,0,0.6279789388350756,1.74,2.18,0.07185648985548376,-0.07185648985548382,0.03342824000843603,0.05326629515691472,-0.0866945351653508
poisson_leakfree,1,1035522,2024-04-27,westham,liverpool,1,0.702546938762761,1.49,2.77,0.05231219697872347,-0.05231219697872336,0.03215176992222535,0.03140599916544551,-0.06355776908767075
poisson_leakfree,1,1035523,2024-04-27,wolves,luton,1,0.39742819833428583,1.6,2.47,-0.20945140854532102,0.20945140854532113,0.029858299595141746,-0.22757180166571417,0.19771350207057253
poisson_leakfree,1,1035517,2024-04-27,fulham,crystalpalace,1,0.6218844253588807,,,,,,,
poisson_leakfree,1,1035515,2024-04-27,astonvilla,chelsea,1,0.68069860160458,,,,,,,
poisson_leakfree,1,1035519,2024-04-27,newcastle,sheffutd,1,0.5282818631090801,,,,,,,
poisson_leakfree,1,1035516,2024-04-27,everton,brentford,0,0.5584740459750815,1.74,2.19,0.0012221375781349408,-0.0012221375781350519,0.031333648244370904,-0.016238597703079338,-0.015095050541291621
poisson_leakfree,1,1035518,2024-04-27,manutd,burnley,1,0.5790351225281719,1.42,3.03,-0.10186375387632252,0.10186375387632246,0.034258355413006036,-0.1251902295845042,0.09093187417149806
poisson_leakfree,1,1035514,2024-04-28,bournemouth,brighton,0,0.5296316267530107,1.41,3.09,-0.15703503991365597,0.15703503991365597,0.0328444536252841,-0.17958823140301772,0.14674377777773362
poisson_leakfree,1,1035521,2024-04-28,tottenham,arsenal,1,0.6960031319976325,1.49,2.75,0.04741822633725512,-0.047418226337255176,0.03477730323367911,0.024862192400317062,-0.059639495633996176
poisson_leakfree,1,1035520,2024-04-28,nottmforest,mancity,0,0.7219538521793843,,,,,,,
poisson_leakfree,1,1035428,2024-05-02,chelsea,tottenham,0,0.7200713666657235,1.31,3.68,-0.017403583234076092,0.017403583234076148,0.03509790906073684,-0.04328741196023067,0.008189502899493939
poisson_leakfree,1,1035531,2024-05-03,luton,everton,1,0.42125531777267344,1.59,2.48,-0.18808129156393594,0.18808129156393583,0.03215662406167574,-0.20767549983738942,0.17551887577571362
poisson_leakfree,1,1035524,2024-05-04,arsenal,bournemouth,0,0.6920748740039456,1.78,2.13,0.14731784075586385,-0.14731784075586374,0.03128132088410629,0.13027712119495682,-0.161558442079063
poisson_leakfree,1,1035525,2024-05-04,brentford,fulham,0,0.6444051661178131,1.52,2.67,0.007173662537860781,-0.007173662537860781,0.032426572048097846,-0.013489570724292244,-0.018937001323805602
poisson_leakfree,1,1035532,2024-05-04,mancity,wolves,1,0.5549154370030144,2.15,1.75,0.10619748828506564,-0.1061974882850657,0.03654485049833878,0.08979915793324694,-0.12634400843158577
poisson_leakfree,1,1035533,2024-05-04,sheffutd,nottmforest,1,0.532508603132926,,,,,,,
poisson_leakfree,1,1035527,2024-05-04,burnley,newcastle,1,0.6508416962994665,1.42,3.04,-0.0307726534763183,0.03077265347631819,0.03317272053372866,-0.053383655813209585,0.020210935279480813
poisson_leakfree,1,1035528,2024-05-05,chelsea,westham,0,0.6731585695464197,1.47,2.81,0.016616513471653382,-0.016616513471653382,0.03614399496453391,-0.007113539297117666,-0.02903045566741619
poisson_leakfree,1,1035526,2024-05-05,brighton,astonvilla,0,0.5057536621567557,,,,,,,
poisson_leakfree,1,1035530,2024-05-05,liverpool,tottenham,1,0.7562400609469826,1.44,2.96,0.08351278821970998,-0.08351278821970981,0.03228228228228236,0.061795616502538175,-0.09407789878482042
poisson_leakfree,1,1035529,2024-05-06,crystalpalace,manutd,0,0.6233926982622382,,,,,,,
poisson_leakfree,2,1208021,2024-08-16,manutd,fulham,0,0.5630707344523131,1.65,2.34,-0.023395430961220653,0.02339543096122071,0.033411033411033575,-0.04298987160829293,0.009578838197259465
poisson_leakfree,2,1208022,2024-08-17,ipswich,liverpool,0,0.0,1.65,2.33,-0.5854271356783919,0.585427135678392,0.03524515541682938,-0.6060606060606061,0.5708154506437768
poisson_leakfree,2,1208025,2024-08-17,newcastle,southampton,0,0.0,1.69,2.26,-0.5721518987341772,0.5721518987341773,0.034193852437555794,-0.591715976331361,0.5575221238938053
poisson_leakfree,2,1208023,2024-08-17,arsenal,wolves,0,0.5238819710162304,2.32,1.65,0.10826484255275426,-0.10826484255275426,0.03709508881922674,0.09284748825760963,-0.12994257707683643
poisson_leakfree,2,1208024,2024-08-17,everton,brighton,0,0.4734391937747184,1.68,2.28,-0.10231838198285731,0.10231838198285736,0.03383458646616555,-0.12179890146337685,0.08796431499721136
poisson_leakfree,2,1208026,2024-08-17,nottmforest,bournemouth,1,0.588506006664311,,,,,,,
poisson_leakfree,2,1208027,2024-08-17,westham,astonvilla,1,0.531891151894249,,,,,,,
poisson_leakfree,2,1208028,2024-08-18,brentford,crystalpalace,1,0.6052820555773004,,,,,,,
poisson_leakfree,2,1208029,2024-08-18,chelsea,mancity,0,0.7917607855170421,1.53,2.63,0.15954924705550366,-0.15954924705550366,0.03382290812395938,0.13816601427521202,-0.1719889223991714
poisson_leakfree,2,1208030,2024-08-19,leicester,tottenham,1,0.0,1.6,2.44,-0.6039603960396039,0.6039603960396039,0.0348360655737705,-0.625,0.5901639344262295
poisson_leakfree,2,1208038,2024-08-24,southampton,nottmforest,0,0.6432428658369092,,,,,,,
poisson_leakfree,2,1208032,2024-08-24,astonvilla,arsenal,0,0.6609999837509394,,,,,,,
poisson_leakfree,2,1208037,2024-08-24,mancity,ipswich,1,0.329890342090365,2.37,1.62,-0.07612469550362,0.07612469550362,0.039224878887325954,-0.09205058617967715,0.05282570729235114
poisson_leakfree,2,1208035,2024-08-24,fulham,leicester,1,0.4585277164414016,1.79,2.1,-0.08131804191335418,0.08131804191335412,0.0348496940675711,-0.10013150143569333,0.06528180736812217
poisson_leakfree,2,1208039,2024-08-24,tottenham,everton,0,0.5525765907284425,1.61,2.43,-0.04890855778640901,0.04890855778640907,0.03264064616721618,-0.06854142169391775,0.03590077552670162
poisson_leakfree,2,1208033,2024-08-24,brighton,manutd,1,0.5575920094598494,1.44,2.94,-0.11364086725247935,0.1136408672524793,0.03458049886621306,-0.13685243498459498,0.10227193611838187
poisson_leakfree,2,1208034,2024-08-24,crystalpalace,westham,0,0.593042888564179,,,,,,,
poisson_leakfree,2,1208031,2024-08-25,bournemouth,newcastle,1,0.6564462661236807,1.47,2.82,-0.0008963912189766665,0.0008963912189765555,0.034882037921551534,-0.02382584271985666,-0.01105619520169493
poisson_leakfree,2,1208040,2024-08-25,wolves,chelsea,1,0.4712027022624543,1.59,2.47,-0.13717168197399887,0.13717168197399887,0.0337891172052045,-0.15772811534760856,0.123938998142404
poisson_leakfree,2,1208036,2024-08-25,liverpool,brentford,0,0.7147759058233514,1.75,2.14,0.1646473711189812,-0.1646473711189812,0.03871829105473967,0.14334733439477998,-0.1820656254495196
poisson_leakfree,2,1208041,2024-08-31,arsenal,brighton,1,0.6482985473889016,1.85,2.03,0.12510267110024187,-0.1251026711002418,0.03315137797896428,0.10775800684836112,-0.1409093848273253
poisson_leakfree,2,1208044,2024-08-31,everton,bournemouth,1,0.5064983810261697,1.67,2.29,-0.07178444725665867,0.0717844472566585,0.035483617917004384,-0.09230401418341116,0.05682039626640667
poisson_leakfree,2,1208046,2024-08-31,leicester,astonvilla,1,0.43060209918354886,,,,,,,
poisson_leakfree,2,1208042,2024-08-31,brentford,southampton,1,0.42915418575591485,1.75,2.17,-0.12441724281551375,0.12441724281551364,0.032258064516129004,-0.14227438567265654,0.11001632115652749
poisson_leakfree,2,1208045,2024-08-31,ipswich,fulham,1,0.22241408987515748,1.69,2.26,-0.34973780885901967,0.34973780885901984,0.034193852437555794,-0.3693018864562035,0.33510803401864786
poisson_leakfree,2,1208049,2024-08-31,nottmforest,wolves,1,0.48934066544242316,,,,,,,
poisson_leakfree,2,1208050,2024-08-31,westham,mancity,1,0.6807548265977442,1.75,2.16,0.12832515907856268,-0.12832515907856257,0.03439153439153442,0.10932625516917283,-0.14371778956070713
poisson_leakfree,2,1208048,2024-09-01,newcastle,tottenham,1,0.7409505194742941,1.36,3.33,0.030929197512673645,-0.0309291975126737,0.03559441794735907,0.005656401827235369,-0.04125081977459444
poisson_leakfree,2,1208043,2024-09-01,chelsea,crystalpalace,1,0.7000715844812976,,,,,,,
poisson_leakfree,2,1208047,2024-09-01,manutd,liverpool,0,0.7232091072446465,1.48,2.8,0.06900349976801101,-0.06900349976801096,0.032818532818532864,0.04753343156897083,-0.08035196438750364
poisson_leakfree,3,1208058,2024-09-14,southampton,manutd,0,0.5441157620322862,1.58,2.48,-0.06672167639135917,0.06672167639135906,0.0361371988566761,-0.08879563037277705,0.05265843151610089
poisson_leakfree,3,1208055,2024-09-14,fulham,westham,1,0.5125770574098873,1.65,2.34,-0.07388910800364645,0.07388910800364651,0.033411033411033575,-0.09348354865071873,0.060072515239685265
poisson_leakfree,3,1208056,2024-09-14,liverpool,nottmforest,0,0.7292263713381516,,,,,,,
poisson_leakfree,3,1208057,2024-09-14,mancity,brentford,1,0.6959326087252669,2.02,1.84,0.21924867090143263,-0.21924867090143263,0.038527765820060234,0.2008831037747718,-0.23941086959483204
poisson_leakfree,3,1208053,2024-09-14,brighton,ipswich,0,0.25305265261754617,1.78,2.13,-0.2917043806305356,0.2917043806305357,0.03128132088410629,-0.30874510019144263,0.27746377930733646
poisson_leakfree,3,1208054,2024-09-14,crystalpalace,leicester,1,0.4060106114460401,,,,,,,
poisson_leakfree,3,1208052,2024-09-14,astonvilla,everton,1,0.5397701178575544,,,,,,,
poisson_leakfree,3,1208051,2024-09-14,bournemouth,chelsea,0,0.686867592141861,1.44,2.96,0.014140319414588376,-0.01414031941458821,0.03228228228228236,-0.007576852302583426,-0.024705429979698823
poisson_leakfree,3,1208059,2024-09-15,tottenham,arsenal,0,0.7215830576233812,1.49,2.75,0.07299815196300374,-0.0729981519630038,0.03477730323367911,0.050442118026065685,-0.0852194212597448
poisson_leakfree,3,1208060,2024-09-15,wolves,newcastle,1,0.5104691459745438,1.54,2.6,-0.11755017769695375,0.11755017769695375,0.033966033966033926,-0.1388815033761055,0.10491546941007157
poisson_leakfree,3,1208070,2024-09-21,westham,chelsea,0,0.599589289791702,1.49,2.77,-0.0506454519923355,0.05064545199233561,0.03215176992222535,-0.07155164980561346,0.03939987988338822
poisson_leakfree,3,1208064,2024-09-21,fulham,newcastle,1,0.6182263904141518,1.56,2.55,-0.002211565790227743,0.002211565790227632,0.03318250377073895,-0.02279925061148913,-0.010383253159249928
poisson_leakfree,3,1208066,2024-09-21,liverpool,bournemouth,0,0.7274655757601509,1.64,2.34,0.1395258772676886,-0.13952587726768867,0.03710652491140287,0.11770947819917532,-0.1548160031105783
poisson_leakfree,3,1208068,2024-09-21,southampton,ipswich,1,0.21836828558610116,1.68,2.28,-0.3573892901714745,0.3573892901714747,0.03383458646616555,-0.37686980965199407,0.3430352231858287
poisson_leakfree,3,1208065,2024-09-21,leicester,everton,1,0.380669859671576,1.67,2.3,-0.1986752284896331,0.19867522848963293,0.033585003905233,-0.21813253553800488,0.1845475316327717
poisson_leakfree,3,1208069,2024-09-21,tottenham,brentford,1,0.6245173409451735,1.56,2.56,0.003158117644202707,-0.0031581176442026515,0.03165064102564097,-0.016508300080467442,-0.015142340945173527
poisson_leakfree,3,1208061,2024-09-21,astonvilla,wolves,1,0.46236341747009924,,,,,,,
poisson_leakfree,3,1208063,2024-09-21,crystalpalace,manutd,0,0.6679704152993078,,,,,,,
poisson_leakfree,3,1208062,2024-09-22,brighton,nottmforest,1,0.6114615664212629,,,,,,,
poisson_leakfree,3,1208067,2024-09-22,mancity,arsenal,1,0.7584650410521544,1.93,1.93,0.2584650410521544,-0.2584650410521544,0.0362694300518136,0.2403303260262476,-0.2765997560780612
poisson_leakfree,3,1208078,2024-09-28,newcastle,mancity,1,0.8014182061508558,1.65,2.35,0.21391820615085577,-0.21391820615085577,0.03159252095422316,0.19535760009024972,-0.22695012104447282
poisson_leakfree,3,1208072,2024-09-28,arsenal,leicester,1,0.45928089546110834,2.44,1.59,0.06473995253306869,-0.06473995253306852,0.03876688318383348,0.04944482988733784,-0.08821171307117115
poisson_leakfree,3,1208075,2024-09-28,everton,crystalpalace,1,0.5487276646114907,,,,,,,
poisson_leakfree,3,1208074,2024-09-28,chelsea,brighton,1,0.6746038389602248,1.52,2.67,0.037372335380272514,-0.037372335380272514,0.032426572048097846,0.01670910211811949,-0.049135674166217336
poisson_leakfree,3,1208073,2024-09-28,brentford,westham,1,0.5272057081894412,1.52,2.67,-0.11002579539051105,0.11002579539051105,0.032426572048097846,-0.13068902865266407,0.09826245660456623
poisson_leakfree,3,1208079,2024-09-28,nottmforest,fulham,0,0.5191114457594779,,,,,,,
poisson_leakfree,3,1208080,2024-09-28,wolves,liverpool,1,0.5420129085835956,1.71,2.23,-0.023976939132140385,0.023976939132140385,0.03322581491096943,-0.042782413053831236,0.00955659814286175
poisson_leakfree,3,1208076,2024-09-29,ipswich,astonvilla,1,0.38529144466247334,,,,,,,
poisson_leakfree,3,1208077,2024-09-29,manutd,tottenham,0,0.682700326367712,1.41,3.05,-0.0011561758744403905,0.0011561758744403905,0.03708871061504482,-0.02651953178831634,-0.010569178826728476
poisson_leakfree,3,1208071,2024-09-30,bournemouth,southampton,1,0.6044981703919535,1.68,2.29,0.027671973918401926,-0.027671973918401926,0.03191931794551883,0.009260075153858294,-0.041179393099377126
poisson_leakfree,3,1208086,2024-10-05,crystalpalace,liverpool,0,0.719262961010284,,,,,,,
poisson_leakfree,3,1208081,2024-10-05,arsenal,southampton,1,0.6160885715369304,2.13,1.76,0.16364641215389703,-0.16364641215389697,0.03766538625693561,0.14660500346181304,-0.18427038971874865
poisson_leakfree,3,1208088,2024-10-05,leicester,bournemouth,0,0.4032171273678154,1.56,2.54,-0.21629506775413582,0.21629506775413587,0.03472642842721574,-0.23780851365782557,0.2030820852306099
poisson_leakfree,3,1208090,2024-10-05,westham,ipswich,1,0.36820563717528887,1.68,2.27,-0.20647790712850855,0.2064779071285086,0.035766729599328695,-0.22703245806280636,0.19126572846347767
poisson_leakfree,3,1208089,2024-10-05,mancity,fulham,1,0.6330354453116493,1.95,1.9,0.1395289518051558,-0.1395289518051558,0.03913630229419707,0.12021493249113646,-0.15935123478533353
poisson_leakfree,3,1208083,2024-10-05,brentford,wolves,1,0.3918955035803109,1.63,2.36,-0.19958319316154371,0.19958319316154371,0.03722574607465945,-0.22160142893502655,0.18437568286036704
poisson_leakfree,3,1208087,2024-10-05,everton,newcastle,0,0.5918740507588368,1.57,2.52,-0.024262868556566564,0.02426286855656662,0.0337680719846325,-0.04506862440039883,0.011300552415766385
poisson_leakfree,3,1208085,2024-10-06,chelsea,nottmforest,1,0.6626205587936932,,,,,,,
poisson_leakfree,3,1208082,2024-10-06,astonvilla,manutd,0,0.5864505216133091,,,,,,,
poisson_leakfree,3,1208084,2024-10-06,brighton,tottenham,1,0.7167747122215079,1.38,3.24,0.015476010922806593,-0.015476010922806538,0.03327965646806241,-0.007862968937912496,-0.025416687530149862
poisson_leakfree,3,1208099,2024-10-19,tottenham,westham,1,0.703008606882576,1.53,2.64,0.06991508170271987,-0.06991508170271993,0.03238265002970886,0.04941383564074597,-0.08179648567045483
poisson_leakfree,3,1208095,2024-10-19,manutd,brentford,1,0.573243466276465,1.56,2.53,-0.045338440813999514,0.0453384408139994,0.03628255802168834,-0.06778217474917592,0.03149961672748747
poisson_leakfree,3,1208092,2024-10-19,fulham,astonvilla,1,0.5619053831438668,,,,,,,
poisson_leakfree,3,1208098,2024-10-19,southampton,leicester,1,0.3607017105075627,1.66,2.32,-0.22221286235675897,0.22221286235675886,0.03344412131283758,-0.2417079280466542,0.20826380673381656
poisson_leakfree,3,1208096,2024-10-19,newcastle,brighton,0,0.6617192672562269,1.54,2.61,0.03280360460562459,-0.032803604605624426,0.03249241180275675,0.012368617905577528,-0.044861029708334166
poisson_leakfree,3,1208093,2024-10-19,ipswich,everton,0,0.34938626369572573,1.68,2.28,-0.22637131206184996,0.22637131206185013,0.03383458646616555,-0.2458518315423695,0.21201724507620412
poisson_leakfree,3,1208091,2024-10-19,bournemouth,arsenal,0,0.6899669985956758,1.8,2.09,0.15269193432832362,-0.15269193432832362,0.034024455077086735,0.1344114430401202,-0.16843589811720694
poisson_leakfree,3,1208100,2024-10-20,wolves,mancity,1,0.525557561623672,1.8,2.09,-0.011717502643680211,0.011717502643680211,0.034024455077086735,-0.029997993931883626,-0.0040264611452031085
poisson_leakfree,3,1208094,2024-10-20,liverpool,chelsea,1,0.7712595682986305,1.46,2.87,0.10844201633558193,-0.10844201633558204,0.03336356259844386,0.08632806144931549,-0.1196916240477594
poisson_leakfree,3,1208097,2024-10-21,nottmforest,crystalpalace,0,0.5715323156424209,,,,,,,
poisson_leakfree,3,1208110,2024-10-25,leicester,nottmforest,1,0.47758847878880895,,,,,,,
poisson_leakfree,3,1208111,2024-10-26,mancity,southampton,0,0.6316522817929928,1.94,1.91,0.13554838568909666,-0.13554838568909666,0.03902412694985702,0.11618836426721957,-0.1552124912170766
poisson_leakfree,3,1208106,2024-10-26,brighton,wolves,1,0.48235676618033624,1.71,2.23,-0.08363308153539978,0.08363308153539972,0.03322581491096943,-0.10243855545709063,0.06921274054612109
poisson_leakfree,3,1208105,2024-10-26,brentford,ipswich,1,0.41344737093608525,1.74,2.18,-0.1426750780435066,0.1426750780435065,0.03342824000843603,-0.16126527274207564,0.1278370327336395
poisson_leakfree,3,1208104,2024-10-26,astonvilla,bournemouth,1,0.6483522581467032,,,,,,,
poisson_leakfree,3,1208109,2024-10-26,everton,fulham,1,0.5177387923062919,1.63,2.38,-0.07577741717001729,0.07577741717001729,0.03366499974222825,-0.0957581402090455,0.0620931404668173
poisson_leakfree,3,1208112,2024-10-27,westham,manutd,1,0.6114298190132809,1.57,2.52,-0.004707100302122513,0.004707100302122569,0.0337680719846325,-0.025512856145954776,-0.008255215838677665
poisson_leakfree,3,1208107,2024-10-27,chelsea,newcastle,1,0.7047696657946965,1.5,2.73,0.059379594872710606,-0.05937959487271066,0.03296703296703285,0.038102999128029835,-0.07107003209506274
poisson_leakfree,3,1208108,2024-10-27,crystalpalace,tottenham,0,0.6769739314320772,,,,,,,
poisson_leakfree,3,1208103,2024-10-27,arsenal,liverpool,1,0.7500762722136745,1.68,2.27,0.17539272790987703,-0.17539272790987698,0.035766729599328695,0.15483817697557922,-0.19060490657490792
poisson_leakfree,3,1208118,2024-11-02,newcastle,arsenal,0,0.6879220715160516,1.78,2.12,0.1443323279263079,-0.14433232792630796,0.03349586601653587,0.12612431870706275,-0.15962018472359868
poisson_leakfree,3,1208113,2024-11-02,bournemouth,mancity,1,0.7036181280990458,1.65,2.33,0.1181909924206539,-0.11819099242065378,0.03524515541682938,0.0975575220384397,-0.13280267745526897
poisson_leakfree,3,1208116,2024-11-02,liverpool,brighton,1,0.6902688757081218,1.6,2.44,0.08630847966851785,-0.08630847966851785,0.0348360655737705,0.06526887570812179,-0.10010494128189229
poisson_leakfree,3,1208120,2024-11-02,southampton,everton,0,0.44265396530825496,1.72,2.2,-0.11857052448766348,0.11857052448766342,0.03594080338266381,-0.13874138352895438,0.10280058014629051
poisson_leakfree,3,1208115,2024-11-02,ipswich,leicester,1,0.3625972113770626,1.55,2.58,-0.26210012518468084,0.26210012518468073,0.03275818954738674,-0.28256407894551805,0.24980588939813125
poisson_leakfree,3,1208119,2024-11-02,nottmforest,westham,0,0.5790921820765628,,,,,,,
poisson_leakfree,3,1208122,2024-11-02,wolves,crystalpalace,1,0.43534098152135553,,,,,,,
poisson_leakfree,4,1208121,2024-11-03,tottenham,astonvilla,1,0.671101353750856,,,,,,,
poisson_leakfree,4,1208117,2024-11-03,manutd,chelsea,1,0.6724083729476108,1.42,3.03,-0.008490503456883625,0.008490503456883569,0.034258355413006036,-0.03181697916506532,-0.0024413762479408296
poisson_leakfree,4,1208114,2024-11-04,fulham,brentford,1,0.6388545102446477,1.61,2.42,0.03835823232901503,-0.03835823232901492,0.034341152918228035,0.017736497822287478,-0.05207765074051546
poisson_leakfree,4,1208126,2024-11-09,crystalpalace,fulham,0,0.5589396434416262,,,,,,,
poisson_leakfree,4,1208132,2024-11-09,wolves,southampton,0,0.44179460109169205,1.65,2.35,-0.14570539890830797,0.14570539890830803,0.03159252095422316,-0.16426600496891403,0.13267348401469098
poisson_leakfree,4,1208131,2024-11-09,westham,everton,0,0.518272901720092,1.75,2.17,-0.03529852685133661,0.035298526851336554,0.032258064516129004,-0.0531556697084794,0.0208976051923504
poisson_leakfree,4,1208127,2024-11-09,liverpool,astonvilla,0,0.660861443827025,,,,,,,
poisson_leakfree,4,1208123,2024-11-09,brentford,bournemouth,1,0.6516224480203092,1.5,2.71,0.007916984837411323,-0.007916984837411378,0.035670356703567,-0.01504421864635741,-0.020626138057209586
poisson_leakfree,4,1208124,2024-11-09,brighton,mancity,1,0.6588747391074354,1.49,2.78,0.007820874938817224,-0.007820874938817168,0.0308531698131429,-0.01226620048988003,-0.018586969323262814
poisson_leakfree,4,1208128,2024-11-10,manutd,leicester,0,0.5320959842183138,1.8,2.09,-0.0051790800490383315,0.0051790800490383315,0.034024455077086735,-0.023459571337241747,-0.010564883739844988
poisson_leakfree,4,1208130,2024-11-10,tottenham,ipswich,1,0.5001461411234557,1.72,2.19,-0.05995616066682563,0.059956160666825686,0.03801635340341947,-0.08124920771375366,0.043232854310334246
poisson_leakfree,4,1208129,2024-11-10,nottmforest,newcastle,1,0.5816901098049865,,,,,,,
poisson_leakfree,4,1208125,2024-11-10,chelsea,arsenal,1,0.6655481359568524,1.65,2.34,0.07908197054331856,-0.0790819705433185,0.033411033411033575,0.05948752989624628,-0.09289856330727975
poisson_leakfree,4,1208135,2024-11-23,astonvilla,crystalpalace,1,0.5568904957504565,,,,,,,
poisson_leakfree,4,1208133,2024-11-23,bournemouth,brighton,1,0.647312610700055,1.48,2.8,-0.006892996776580507,0.006892996776580562,0.032818532818532864,-0.02836306497562069,-0.00445546784291212
poisson_leakfree,4,1208140,2024-11-23,mancity,tottenham,0,0.7699792897791711,1.52,2.66,0.13361565341553472,-0.13361565341553466,0.03383458646616555,0.11208455293706576,-0.1459191394032312
poisson_leakfree,4,1208137,2024-11-23,fulham,wolves,1,0.5483323138190132,1.7,2.24,-0.020195604962712776,0.02019560496271272,0.034663865546218364,-0.03990298029863393,0.0052391147524154524
poisson_leakfree,4,1208136,2024-11-23,everton,brentford,0,0.5586017060784327,1.72,2.21,-0.0037392608426868312,0.0037392608426868867,0.033884036620014824,-0.0227936427587766,-0.011090393861238168
poisson_leakfree,4,1208134,2024-11-23,arsenal,nottmforest,0,0.5873827121674575,,,,,,,
poisson_leakfree,4,1208139,2024-11-23,leicester,chelsea,1,0.5429214525765232,1.69,2.26,-0.02923044615765391,0.029230446157654022,0.034193852437555794,-0.048794523754837726,0.014600671317282043
poisson_leakfree,4,1208142,2024-11-24,southampton,liverpool,1,0.535448956184912,1.68,2.28,-0.04030861957266374,0.04030861957266385,0.03383458646616555,-0.05978913905318328,0.025954552587017843
poisson_leakfree,4,1208138,2024-11-24,ipswich,manutd,1,0.48596559934200345,1.67,2.3,-0.09337948881920566,0.09337948881920555,0.033585003905233,-0.11283679586757744,0.07925179196234433
poisson_leakfree,4,1208141,2024-11-25,newcastle,westham,0,0.5897695713626722,1.73,2.19,0.03109610197491708,-0.031096101974917023,0.03465568664713503,0.011734889281747263,-0.04639057592888224
poisson_leakfree,4,1208144,2024-11-29,brighton,southampton,1,0.5146352783953011,1.59,2.43,-0.08984233354499738,0.08984233354499743,0.040453451354918846,-0.11429553921476177,0.07384208785984298
poisson_leakfree,4,1208146,2024-11-30,crystalpalace,newcastle,1,0.5776630630850642,,,,,,,
poisson_leakfree,4,1208143,2024-11-30,brentford,leicester,1,0.5406825992252178,1.68,2.29,-0.036143597248333825,0.036143597248333825,0.03191931794551883,-0.05455549601287746,0.022636178067358625
poisson_leakfree,4,1208149,2024-11-30,nottmforest,ipswich,0,0.4510265236215323,,,,,,,
poisson_leakfree,4,1208151,2024-11-30,westham,arsenal,1,0.5780051721991136,1.93,1.93,0.07800517219911363,-0.07800517219911363,0.0362694300518136,0.059870457173206826,-0.09613988722502043
poisson_leakfree,4,1208152,2024-11-30,wolves,bournemouth,1,0.5345100725178875,1.59,2.48,-0.07482653681872187,0.07482653681872176,0.03215662406167574,-0.09442074509217535,0.06226412103049955
poisson_leakfree,4,1208148,2024-12-01,manutd,everton,0,0.5326122503031864,1.88,1.99,0.018400363998276825,-0.01840036399827677,0.034427456431091574,0.000697356686165107,-0.03512481311725668
poisson_leakfree,4,1208150,2024-12-01,tottenham,fulham,1,0.6958258009065375,1.45,2.9,0.02915913423987082,-0.029159134239870765,0.034482758620689724,0.006170628492744301,-0.040653387113434025
poisson_leakfree,4,1208145,2024-12-01,chelsea,astonvilla,0,0.6990504373104147,,,,,,,
poisson_leakfree,4,1208147,2024-12-01,liverpool,mancity,0,0.7295392252545331,1.49,2.77,0.07930448347049557,-0.07930448347049546,0.03215176992222535,0.05839828565721761,-0.09055005557944285
poisson_leakfree,4,1208158,2024-12-03,ipswich,crystalpalace,0,0.5072404244745623,,,,,,,
poisson_leakfree,4,1208159,2024-12-03,leicester,westham,1,0.5015961300532392,1.63,2.37,-0.0909038699467608,0.0909038699467608,0.03543786078537958,-0.11190080246209821,0.07646294167671863
poisson_leakfree,4,1208161,2024-12-04,newcastle,liverpool,1,0.661034339499306,1.57,2.52,0.04489742018390264,-0.04489742018390258,0.0337680719846325,0.024091664340070373,-0.057859736324702815
poisson_leakfree,4,1208162,2024-12-04,southampton,chelsea,1,0.5674341763013984,1.66,2.32,-0.015480396562923326,0.015480396562923215,0.03344412131283758,-0.03497546225281856,0.0015313409399809186
poisson_leakfree,4,1208156,2024-12-04,everton,wolves,0,0.4193484211045382,1.83,2.05,-0.10900209435937935,0.10900209435937924,0.03425296548047441,-0.12709966632715575,0.09284670084668128
poisson_leakfree,4,1208160,2024-12-04,mancity,nottmforest,0,0.5808034447065041,,,,,,,
poisson_leakfree,4,1208154,2024-12-04,arsenal,manutd,0,0.6304434522909762,1.78,2.11,0.08802699984881679,-0.08802699984881679,0.03573140209808834,0.0686456994819874,-0.10437710158007574
poisson_leakfree,4,1208155,2024-12-04,astonvilla,brentford,1,0.6548902665112646,,,,,,,
poisson_leakfree,4,1208157,2024-12-05,fulham,brighton,1,0.607883417119855,1.57,2.52,-0.008253502195548323,0.008253502195548379,0.0337680719846325,-0.029059258039380587,-0.004708813945251855
poisson_leakfree,4,1208153,2024-12-05,bournemouth,tottenham,0,0.7242849894227524,1.42,3.03,0.04338611301825801,-0.043386113018258066,0.034258355413006036,0.020059637310076317,-0.054317992723082464
poisson_leakfree,4,1208165,2024-12-07,crystalpalace,mancity,1,0.612848743192479,,,,,,,
poisson_leakfree,4,1208164,2024-12-07,brentford,newcastle,1,0.6344820155813428,1.53,2.64,0.0013884904014865862,-0.0013884904014866417,0.03238265002970886,-0.019112755660487313,-0.013269894369221547
poisson_leakfree,4,1208163,2024-12-07,astonvilla,southampton,0,0.5489070368751441,,,,,,,
poisson_leakfree,4,1208170,2024-12-07,manutd,nottmforest,1,0.487891116866776,,,,,,,
poisson_leakfree,4,1208167,2024-12-08,fulham,arsenal,1,0.6770137912044256,1.79,2.11,0.13598815017878463,-0.13598815017878457,0.03259286716619458,0.11835457332733068,-0.15094744049352515
poisson_leakfree,4,1208169,2024-12-08,leicester,brighton,1,0.5081213053833991,1.64,2.36,-0.08187869461660091,0.08187869461660091,0.03348491112029772,-0.10163479217757654,0.06814988105727887
poisson_leakfree,4,1208168,2024-12-08,ipswich,bournemouth,1,0.5872953566907966,1.63,2.38,-0.006220852785512654,0.006220852785512654,0.03366499974222825,-0.026201575824540857,-0.00746342391768734
poisson_leakfree,4,1208171,2024-12-08,tottenham,chelsea,1,0.7887498018672352,1.35,3.4,0.07296032818302478,-0.07296032818302467,0.034858387799564294,0.0480090611264945,-0.08286744892605874
poisson_leakfree,4,1208172,2024-12-09,westham,wolves,1,0.49822644876447014,1.67,2.31,-0.08217556128578113,0.08217556128578118,0.03170282811001379,-0.10057594644511075,0.06887311833509702
poisson_leakfree,4,1208179,2024-12-14,newcastle,leicester,0,0.5438780594417106,1.76,2.13,-0.003679781175255914,0.0036797811752559695,0.03766538625693561,-0.024303758740107595,-0.013361627516828012
poisson_leakfree,4,1208182,2024-12-14,wolves,ipswich,1,0.44103328651793633,1.73,2.19,-0.11764018286981875,0.11764018286981887,0.03465568664713503,-0.13700139556298857,0.10234570891585365
poisson_leakfree,4,1208177,2024-12-14,liverpool,fulham,1,0.6532624951288775,1.72,2.18,0.09428813615451848,-0.09428813615451842,0.04011094516748459,0.07186714629166813,-0.11197809145915266
poisson_leakfree,4,1208174,2024-12-14,arsenal,everton,0,0.5723060567423627,2.28,1.67,0.14952124661578042,-0.14952124661578037,0.0373988864376511,0.13370956551429247,-0.17110845195194357
poisson_leakfree,4,1208180,2024-12-14,nottmforest,astonvilla,1,0.5645176121505149,,,,,,,
poisson_leakfree,4,1208175,2024-12-15,brighton,crystalpalace,1,0.5596694218163518,,,,,,,
poisson_leakfree,4,1208178,2024-12-15,mancity,manutd,1,0.5697458717579248,1.57,2.51,-0.04545020667344779,0.04545020667344768,0.03534904966122765,-0.06719680340131085,0.03184775374008314
poisson_leakfree,4,1208181,2024-12-15,southampton,tottenham,0,0.5167527388443517,1.33,3.52,-0.20902045703193695,0.20902045703193695,0.03597060833902943,-0.23512696040376857,0.1991563520647392
poisson_leakfree,4,1208176,2024-12-15,chelsea,brentford,1,0.753918287988215,1.61,2.42,0.15342201007258238,-0.15342201007258227,0.034341152918228035,0.13280027556585483,-0.1671414284840828
poisson_leakfree,4,1208173,2024-12-16,bournemouth,westham,1,0.7100542053882254,1.56,2.56,0.08869498208725457,-0.08869498208725451,0.03165064102564097,0.06902856436258442,-0.10067920538822539
poisson_leakfree,4,1208183,2024-12-21,astonvilla,mancity,1,0.6737789664038734,,,,,,,
poisson_leakfree,4,1208192,2024-12-21,westham,brighton,1,0.6178962140803516,1.45,2.91,-0.04953497858019884,0.04953497858019895,0.03329778409764206,-0.07175895833344159,0.038461174235799644
poisson_leakfree,4,1208184,2024-12-21,brentford,nottmforest,0,0.6068206935052025,,,,,,,
poisson_leakfree,4,1208188,2024-12-21,ipswich,newcastle,0,0.5473427442561789,1.63,2.37,-0.04515725574382112,0.04515725574382112,0.03543786078537958,-0.06615418825915853,0.030716327473778948
poisson_leakfree,4,1208185,2024-12-21,crystalpalace,arsenal,1,0.6331590825049549,,,,,,,
poisson_leakfree,4,1208191,2024-12-22,tottenham,liverpool,1,0.7268998054060083,1.36,3.35,0.015647151478195176,-0.01564715147819512,0.03380158033362601,-0.008394312241050472,-0.02540726809257543
poisson_leakfree,4,1208187,2024-12-22,fulham,southampton,0,0.45194827809365884,1.74,2.17,-0.103038934182556,0.10303893418255605,0.03554213676571849,-0.12276436558450204,0.08722222881878361
poisson_leakfree,4,1208190,2024-12-22,manutd,bournemouth,0,0.6470559468482378,1.62,2.39,0.05104597178589365,-0.051045971785893596,0.03569399245828819,0.029771996230953834,-0.06546598868924192
poisson_leakfree,4,1208189,2024-12-22,leicester,wolves,0,0.476049580848937,1.55,2.58,-0.14864775571280642,0.1486477557128063,0.03275818954738674,-0.16911170947364362,0.13635351992625683
poisson_leakfree,4,1208186,2024-12-22,everton,chelsea,0,0.5546155908059486,1.66,2.32,-0.028298982058373112,0.028298982058373,0.03344412131283758,-0.04779404774826834,0.014349926435430704
poisson_leakfree,4,1208201,2024-12-26,southampton,westham,0,0.45547153008342806,1.61,2.43,-0.1460136184314234,0.14601361843142352,0.03264064616721618,-0.16564648233893214,0.13300583617171607
poisson_leakfree,4,1208193,2024-12-26,bournemouth,crystalpalace,0,0.7066803949365283,,,,,,,
poisson_leakfree,4,1208199,2024-12-26,newcastle,astonvilla,0,0.6869865729816108,,,,,,,
poisson_leakfree,4,1208198,2024-12-26,mancity,everton,1,0.5121841225247233,1.88,1.98,-0.0007692453509242636,0.0007692453509243746,0.03696539866752646,-0.019730771092297927,-0.017234627575228423
poisson_leakfree,4,1208200,2024-12-26,nottmforest,tottenham,0,0.5929601072338879,,,,,,,
poisson_leakfree,4,1208196,2024-12-26,chelsea,fulham,1,0.6096429645783561,1.65,2.33,0.02421582889996421,-0.024215828899964098,0.03524515541682938,0.0035823585177500172,-0.03882751393457928
poisson_leakfree,4,1208197,2024-12-26,liverpool,leicester,1,0.6363983968327963,2.07,1.79,0.17266782688460974,-0.1726678268846098,0.0417510053167085,0.15330660939318275,-0.19505761470989125
poisson_leakfree,4,1208202,2024-12-26,wolves,manutd,0,0.5231491581160738,1.75,2.16,-0.02928050940310778,0.02928050940310789,0.03439153439153442,-0.04827941331249763,0.013887878920963326
poisson_leakfree,4,1208195,2024-12-27,brighton,brentford,0,0.5733630705772019,1.52,2.65,-0.062128536137426416,0.062128536137426305,0.03525322740814296,-0.08453166626490338,0.04927843885676031
poisson_leakfree,4,1208194,2024-12-27,arsenal,ipswich,0,0.5504110894928794,2.23,1.69,0.11928864051328764,-0.11928864051328758,0.040146469604903645,0.1019805962193368,-0.1421270658242404
poisson_leakfree,4,1208206,2024-12-29,everton,nottmforest,0,0.4361571775640466,,,,,,,
poisson_leakfree,4,1208211,2024-12-29,tottenham,wolves,1,0.5487544890815471,1.47,2.84,-0.11017822553562218,0.11017822553562223,0.03238478489987551,-0.13151761976199028,0.09913283486211483
poisson_leakfree,4,1208205,2024-12-29,crystalpalace,southampton,1,0.4397731618949245,,,,,,,
poisson_leakfree,4,1208212,2024-12-29,westham,liverpool,0,0.7223656772094177,1.69,2.26,0.15021377847524053,-0.15021377847524042,0.034193852437555794,0.13064970087805672,-0.1648435533156124
poisson_leakfree,4,1208209,2024-12-29,leicester,mancity,0,0.4950934867609654,1.68,2.26,-0.07851057415274026,0.07851057415274021,0.037715971344289834,-0.10014460847712986,0.06242863713283997
poisson_leakfree,4,1208207,2024-12-29,fulham,bournemouth,1,0.61471705204519,1.67,2.3,0.035371963883980895,-0.035371963883981006,0.033585003905233,0.01591465683560911,-0.04949966074084222
poisson_leakfree,4,1208203,2024-12-30,astonvilla,brighton,1,0.5988550570717543,,,,,,,
poisson_leakfree,4,1208210,2024-12-30,manutd,newcastle,0,0.6218914456470466,1.56,2.55,0.0014534894426669887,-0.0014534894426670997,0.03318250377073895,-0.0191341953785944,-0.01404830839214466
poisson_leakfree,4,1208208,2024-12-30,ipswich,chelsea,0,0.557291140952278,1.74,2.18,0.0011686919726862088,-0.0011686919726862643,0.03342824000843603,-0.01742150272588283,-0.01600673728255325
poisson_leakfree,4,1208204,2025-01-01,brentford,arsenal,1,0.6602032631438677,1.76,2.15,0.11033114038171932,-0.11033114038171932,0.03329809725158572,0.09202144496204945,-0.12531954221363512
poisson_leakfree,5,1208221,2025-01-04,tottenham,newcastle,1,0.6992814636634448,1.35,3.43,-0.018291758093877508,0.018291758093877397,0.032285930245113725,-0.04145927707729591,0.009173346832182072
poisson_leakfree,5,1208213,2025-01-04,bournemouth,everton,0,0.5339757675425493,1.75,2.16,-0.01845389997663227,0.018453899976632382,0.03439153439153442,-0.037452803886022124,0.003061269494487817
poisson_leakfree,5,1208220,2025-01-04,southampton,brentford,0,0.4070220359993142,1.56,2.54,-0.21249015912263702,0.21249015912263702,0.03472642842721574,-0.23400360502632678,0.19927717659911104
poisson_leakfree,5,1208219,2025-01-04,mancity,westham,1,0.577602876587865,1.72,2.19,0.017500574797583712,-0.017500574797583657,0.03801635340341947,-0.003792472249344314,-0.0342238811540751
poisson_leakfree,5,1208216,2025-01-04,crystalpalace,chelsea,1,0.7156233709207144,,,,,,,
poisson_leakfree,5,1208214,2025-01-04,astonvilla,leicester,1,0.49994546049670535,,,,,,,
poisson_leakfree,5,1208215,2025-01-04,brighton,arsenal,1,0.630473670917359,1.85,2.02,0.10850984662795327,-0.10850984662795338,0.035590045491035394,0.0899331303768185,-0.125523175867854
poisson_leakfree,5,1208217,2025-01-05,fulham,ipswich,1,0.4403959953422304,1.88,2.0,-0.07506792218354275,0.0750679221835428,0.03191489361702127,-0.09151889827479087,0.059604004657769605
poisson_leakfree,5,1208218,2025-01-05,liverpool,manutd,1,0.6505563932916237,1.79,2.11,0.10953075226598274,-0.10953075226598269,0.03259286716619458,0.0918971754145288,-0.12449004258072327
poisson_leakfree,5,1208222,2025-01-06,wolves,nottmforest,0,0.4570052596230155,,,,,,,
poisson_leakfree,5,1208229,2025-01-14,westham,fulham,1,0.539387977788735,1.72,2.2,-0.021836512007183395,0.02183651200718334,0.03594080338266381,-0.042007371048474296,0.0060665676658104295
poisson_leakfree,5,1208230,2025-01-14,chelsea,bournemouth,1,0.8039698122234197,1.56,2.55,0.1835318560190401,-0.1835318560190402,0.03318250377073895,0.1629441711977787,-0.19612667496851777
poisson_leakfree,5,1208224,2025-01-14,brentford,mancity,1,0.6321912657515002,1.51,2.69,-0.008284924724690224,0.008284924724690279,0.03399886752504999,-0.030060389877638927,-0.0039384776474110095
poisson_leakfree,5,1208228,2025-01-14,nottmforest,liverpool,1,0.6495241689071957,,,,,,,
poisson_leakfree,5,1208231,2025-01-15,newcastle,wolves,0,0.5739740437296046,1.76,2.15,0.024101920967456225,-0.024101920967456225,0.03329809725158572,0.005792225547786356,-0.039090322799372024
poisson_leakfree,5,1208225,2025-01-15,everton,astonvilla,0,0.4701840384692355,,,,,,,
poisson_leakfree,5,1208227,2025-01-15,leicester,crystalpalace,0,0.44456829243009827,,,,,,,
poisson_leakfree,5,1208223,2025-01-15,arsenal,tottenham,1,0.688841765631003,1.8,2.09,0.1515667013636508,-0.1515667013636508,0.034024455077086735,0.1332862100754474,-0.16731066515253412
poisson_leakfree,5,1208226,2025-01-16,ipswich,brighton,0,0.49560812055628,1.67,2.3,-0.0837369676049291,0.08373696760492899,0.033585003905233,-0.10319427465330089,0.06960927074806778
poisson_leakfree,5,1208232,2025-01-16,manutd,southampton,1,0.3877707976334008,2.03,1.83,-0.08632246661530396,0.08632246661530385,0.03905892487011764,-0.10484003980502293,0.06578111493490524
poisson_leakfree,5,1208240,2025-01-18,newcastle,bournemouth,1,0.7761716458548555,1.59,2.46,0.16876423844744826,-0.1687642384474481,0.03543488265071337,0.14724082824479268,-0.18267571089550594
poisson_leakfree,5,1208238,2025-01-18,leicester,fulham,0,0.44036232887379423,1.78,2.11,-0.10205412356836518,0.10205412356836518,0.03573140209808834,-0.12143542393519458,0.08570402183710624
poisson_leakfree,5,1208242,2025-01-18,westham,crystalpalace,0,0.5947052869047373,,,,,,,
poisson_leakfree,5,1208234,2025-01-18,brentford,liverpool,0,0.7589214685817117,1.5,2.73,0.11353139765972586,-0.11353139765972592,0.03296703296703285,0.09225480191504509,-0.125221834882078
poisson_leakfree,5,1208233,2025-01-18,arsenal,astonvilla,1,0.6814318621758029,,,,,,,
poisson_leakfree,5,1208239,2025-01-19,manutd,brighton,1,0.5350688883144326,1.65,2.34,-0.051397277099101246,0.0513972770991013,0.033411033411033575,-0.07099171774617352,0.03758068433514006
poisson_leakfree,5,1208236,2025-01-19,everton,tottenham,1,0.4493480770587907,1.7,2.23,-0.11808194838650193,0.11808194838650188,0.03666578739118975,-0.13888721705885637,0.10222142966766662
poisson_leakfree,5,1208241,2025-01-19,nottmforest,southampton,1,0.41658901304248785,,,,,,,
poisson_leakfree,5,1208237,2025-01-19,ipswich,mancity,0,0.49177439903032677,1.79,2.1,-0.04807135932442902,0.048071359324429075,0.0348496940675711,-0.06688481884676817,0.03203512477919712
poisson_leakfree,5,1208235,2025-01-20,chelsea,wolves,1,0.6059030698655551,1.6,2.45,0.0009647982606167949,-0.0009647982606167949,0.03316326530612246,-0.01909693013444491,-0.014066335171677491
poisson_leakfree,5,1208243,2025-01-25,bournemouth,nottmforest,0,0.6558118188409747,,,,,,,
poisson_leakfree,5,1208252,2025-01-25,wolves,arsenal,0,0.5628964077313203,2.02,1.86,0.08351496443235124,-0.08351496443235129,0.03268391355264555,0.06784690278082528,-0.10053081633347083
poisson_leakfree,5,1208248,2025-01-25,liverpool,ipswich,1,0.5430086261787141,2.14,1.75,0.09313716088308432,-0.09313716088308432,0.03871829105473967,0.07571890655254593,-0.11443719760728555
poisson_leakfree,5,1208250,2025-01-25,southampton,newcastle,1,0.5132624397934834,1.65,2.35,-0.07423756020651662,0.07423756020651662,0.03159252095422316,-0.09279816626712267,0.06120564531289957
poisson_leakfree,5,1208245,2025-01-25,brighton,everton,0,0.4465749285873372,1.92,1.95,-0.05730104040491085,0.0573010404049108,0.033653846153846256,-0.07425840474599615,0.04060455859214984
poisson_leakfree,5,1208249,2025-01-25,mancity,chelsea,1,0.7395856165099609,1.41,3.08,0.05361679691085164,-0.053616796910851805,0.033895182831352955,0.030365758353932515,-0.06426094118528558
poisson_leakfree,5,1208251,2025-01-26,tottenham,leicester,1,0.4485362346470863,1.47,2.84,-0.21039647997008298,0.2103964799700831,0.03238478489987551,-0.23173587419645109,0.1993510892965757
poisson_leakfree,5,1208246,2025-01-26,crystalpalace,brentford,1,0.6264498505713564,,,,,,,
poisson_leakfree,5,1208244,2025-01-26,astonvilla,westham,1,0.5617875789490819,,,,,,,
poisson_leakfree,5,1208247,2025-01-26,fulham,manutd,0,0.5718217962209078,1.66,2.31,-0.010042183627958834,0.010042183627958667,0.035310071454649705,-0.030587842333309134,-0.004722229121340682
poisson_leakfree,5,1208260,2025-02-01,newcastle,fulham,1,0.647001287515694,1.68,2.27,0.07231774321189655,-0.07231774321189649,0.035766729599328695,0.051763192277598735,-0.08752992187692743
poisson_leakfree,5,1208253,2025-02-01,bournemouth,liverpool,0,0.8278635161745526,1.49,2.77,0.17762877439051505,-0.17762877439051494,0.03215176992222535,0.1567225765772371,-0.18887434649946233
poisson_leakfree,5,1208261,2025-02-01,nottmforest,brighton,0,0.5090708208206568,,,,,,,
poisson_leakfree,5,1208262,2025-02-01,wolves,astonvilla,0,0.4962259857866639,,,,,,,
poisson_leakfree,5,1208257,2025-02-01,everton,leicester,0,0.3595687394303491,2.07,1.81,-0.10692610593047563,0.10692610593047569,0.03557797528491746,-0.12352304800926445,0.08794507272434704
poisson_leakfree,5,1208258,2025-02-01,ipswich,southampton,1,0.3323021590572014,1.7,2.25,-0.2373180941073556,0.23731809410735555,0.03267973856209139,-0.2559331350604457,0.22325339649835418
poisson_leakfree,5,1208259,2025-02-02,manutd,crystalpalace,0,0.5740963517303825,,,,,,,
poisson_leakfree,5,1208255,2025-02-02,brentford,tottenham,0,0.5973649146479881,1.33,3.56,-0.13065144527021222,0.13065144527021227,0.03277857565261466,-0.15451478460013213,0.12173620894751747
poisson_leakfree,5,1208254,2025-02-02,arsenal,mancity,1,0.6873013113295885,1.61,2.41,0.08779882376739945,-0.08779882376739945,0.036055771758459754,0.0661832989072283,-0.10223907066568805
poisson_leakfree,5,1208256,2025-02-03,chelsea,westham,1,0.6696672887656193,1.67,2.27,0.09352515678592388,-0.09352515678592382,0.03933102957081447,0.07086489355603842,-0.11019592312685278
poisson_leakfree,5,1208166,2025-02-12,everton,liverpool,1,0.6174413781890506,1.93,1.94,0.11614938852496792,-0.11614938852496803,0.03359863255167994,0.09930666316314385,-0.1329052957148239
poisson_leakfree,5,1208264,2025-02-14,brighton,chelsea,0,0.6001505255261593,1.51,2.7,-0.041179640744624435,0.0411796407446246,0.032622025999509585,-0.062101130102979796,0.02947910410347032
poisson_leakfree,5,1208270,2025-02-15,southampton,bournemouth,1,0.47743969209469456,1.59,2.47,-0.13093469214175862,0.13093469214175857,0.0337891172052045,-0.1514911255153683,0.1177020083101637
poisson_leakfree,5,1208267,2025-02-15,leicester,arsenal,0,0.44861314048487344,2.24,1.7,0.017141059266599312,-0.017141059266599368,0.034663865546218364,0.0021845690563020437,-0.03684843460252052
poisson_leakfree,5,1208266,2025-02-15,fulham,nottmforest,1,0.5794925450646042,,,,,,,
poisson_leakfree,5,1208272,2025-02-15,westham,brentford,0,0.5508837797587521,1.49,2.75,-0.09770112590162527,0.09770112590162522,0.03477730323367911,-0.12025715983856333,0.08547985660488422
poisson_leakfree,5,1208263,2025-02-15,astonvilla,ipswich,1,0.41960437799926553,,,,,,,
poisson_leakfree,5,1208265,2025-02-15,crystalpalace,everton,1,0.5192097129059855,,,,,,,
poisson_leakfree,5,1208269,2025-02-15,mancity,newcastle,0,0.7225241111580671,1.41,3.08,0.03655529155895787,-0.036555291558958036,0.033895182831352955,0.013304253002038746,-0.04719943583339181
poisson_leakfree,5,1208268,2025-02-16,liverpool,wolves,1,0.6441752846855066,1.94,1.91,0.1480713885816104,-0.1480713885816104,0.03902412694985702,0.1287113671597333,-0.16773549410959032
poisson_leakfree,5,1208271,2025-02-16,tottenham,manutd,0,0.5880243328511604,1.49,2.76,-0.06138743185472184,0.06138743185472195,0.03345978017702578,-0.08311660674615506,0.0496568265691294
poisson_leakfree,5,1208305,2025-02-19,astonvilla,liverpool,1,0.6380486277854905,,,,,,,
poisson_leakfree,5,1208279,2025-02-21,leicester,brentford,0,0.4204601353024201,1.54,2.59,-0.2066585087653764,0.20665850876537656,0.03545103545103556,-0.22889051404822924,0.1934394785971938
poisson_leakfree,5,1208273,2025-02-22,bournemouth,wolves,0,0.5666213506529938,1.74,2.18,0.01049890167340195,-0.010498901673402006,0.03342824000843603,-0.00809129302516709,-0.025336946983268993
poisson_leakfree,5,1208277,2025-02-22,fulham,crystalpalace,0,0.6325592758646275,,,,,,,
poisson_leakfree,5,1208282,2025-02-22,southampton,brighton,0,0.40362006832567904,1.64,2.36,-0.18637993167432093,0.186379931674321,0.03348491112029772,-0.20613602923529656,0.17265111811499895
poisson_leakfree,5,1208274,2025-02-22,arsenal,westham,0,0.5291064464594321,2.41,1.61,0.1286089340216211,-0.1286089340216211,0.036055771758459754,0.1141686871233325,-0.15022445888179226
poisson_leakfree,5,1208276,2025-02-22,everton,manutd,1,0.5253991134453555,1.96,1.91,0.031859061765768915,-0.031859061765768915,0.03376429105673684,0.01519503181270243,-0.04895932286943927
poisson_leakfree,5,1208278,2025-02-22,ipswich,tottenham,1,0.42864607915687797,1.48,2.79,-0.2247497053864475,0.2247497053864475,0.03409861474377607,-0.2470295965187977,0.21293098177502162
poisson_leakfree,5,1208275,2025-02-22,astonvilla,chelsea,1,0.5761476220395818,,,,,,,
poisson_leakfree,5,1208281,2025-02-23,newcastle,nottmforest,1,0.6666259249641172,,,,,,,
poisson_leakfree,5,1208280,2025-02-23,mancity,liverpool,0,0.7412305154010781,1.5,2.74,0.09500410030673856,-0.09500410030673845,0.031630170316301776,0.07456384873441146,-0.10619401905071313
poisson_leakfree,5,1208288,2025-02-25,wolves,fulham,1,0.5524589193549228,1.88,2.0,0.03699500182914961,-0.036995001829149554,0.03191489361702127,0.020544025737901483,-0.05245891935492275
poisson_leakfree,5,1208284,2025-02-25,brighton,bournemouth,1,0.6076082616632821,1.55,2.56,-0.0152627845654284,0.015262784565428344,0.035786290322580516,-0.03755302865929855,0.0017667383367179212
poisson_leakfree,5,1208289,2025-02-25,crystalpalace,astonvilla,1,0.5572860144156939,,,,,,,
poisson_leakfree,5,1208290,2025-02-25,chelsea,southampton,0,0.4552540019485992,1.92,1.93,-0.046044699350102025,0.046044699350102136,0.03896804835924028,-0.06557933138473415,0.02661128302549398
poisson_leakfree,5,1208292,2025-02-26,manutd,ipswich,1,0.41263355014096953,1.7,2.25,-0.15698670302358747,0.15698670302358747,0.03267973856209139,-0.17560174397667755,0.1429220054145861
poisson_leakfree,5,1208283,2025-02-26,brentford,everton,1,0.5755814367906955,1.67,2.3,-0.0037636513705135988,0.0037636513705134877,0.033585003905233,-0.023220958418885385,-0.010364045486347728
poisson_leakfree,5,1208291,2025-02-26,liverpool,newcastle,0,0.755726694513547,1.72,2.2,0.19450220471762858,-0.19450220471762864,0.03594080338266381,0.17433134567633768,-0.21027214905900155
poisson_leakfree,5,1208285,2025-02-26,nottmforest,arsenal,0,0.5945507891321788,,,,,,,
poisson_leakfree,5,1208286,2025-02-26,tottenham,mancity,0,0.6006009088728175,1.38,3.22,-0.09939909112718259,0.09939909112718254,0.035196687370600444,-0.12403677228660293,0.08884008491600243
poisson_leakfree,5,1208287,2025-02-27,westham,leicester,0,0.3472635809837042,1.83,2.05,-0.18108693448021335,0.1810869344802133,0.03425296548047441,-0.19918450644798974,0.16493154096751533
poisson_leakfree,6,1208297,2025-03-08,liverpool,southampton,1,0.4934406102439902,2.15,1.75,0.044722661526041485,-0.04472266152604154,0.03654485049833878,0.028324331174222783,-0.06486918167256162
poisson_leakfree,6,1208294,2025-03-08,brighton,fulham,1,0.6334399276333103,1.73,2.19,0.07476645824555517,-0.07476645824555511,0.03465568664713503,0.05540524555238535,-0.09006093219952033
poisson_leakfree,6,1208299,2025-03-08,nottmforest,mancity,0,0.6353677777589852,,,,,,,
poisson_leakfree,6,1208302,2025-03-08,wolves,everton,1,0.5295181701566222,2.13,1.78,0.07427520340470406,-0.07427520340470395,0.03128132088410629,0.060034602081504795,-0.09131592296561097
poisson_leakfree,6,1208296,2025-03-08,crystalpalace,ipswich,0,0.497703708419837,,,,,,,
poisson_leakfree,6,1208293,2025-03-08,brentford,astonvilla,0,0.5911847263810641,,,,,,,
poisson_leakfree,6,1208300,2025-03-09,tottenham,bournemouth,1,0.5730172749641294,1.43,2.99,-0.1034533132711648,0.1034533132711648,0.033748859835816436,-0.12628342433657003,0.09253456450075359
poisson_leakfree,6,1208295,2025-03-09,chelsea,leicester,0,0.43596811328812524,2.04,1.83,-0.03690010376613834,0.03690010376613839,0.03664416586306651,-0.05422796514324729,0.017583799280180834
poisson_leakfree,6,1208298,2025-03-09,manutd,arsenal,1,0.49307545907753325,2.02,1.85,0.015039283366938827,-0.015039283366938938,0.035590045491035394,-0.001974045872961794,-0.03361599961807371
poisson_leakfree,6,1208301,2025-03-10,westham,newcastle,0,0.5357371622862468,1.68,2.27,-0.03894638201755063,0.038946382017550685,0.035766729599328695,-0.05950093295184844,0.023734203352519745
poisson_leakfree,6,1208308,2025-03-15,ipswich,nottmforest,1,0.48461576211219953,,,,,,,
poisson_leakfree,6,1208303,2025-03-15,bournemouth,brentford,1,0.6530502399670688,1.51,2.69,0.01257404949087837,-0.012574049490878314,0.03399886752504999,-0.009201415662070334,-0.024797451862979603
poisson_leakfree,6,1208306,2025-03-15,everton,westham,1,0.45555431206010716,2.03,1.85,-0.021249811651233075,0.021249811651233186,0.03315137797896428,-0.03705652537831655,0.0039051473993524377
poisson_leakfree,6,1208310,2025-03-15,mancity,brighton,1,0.6627057959589358,1.5,2.74,0.016479380864596216,-0.016479380864596105,0.031630170316301776,-0.003960870707730879,-0.027669299608570785
poisson_leakfree,6,1208312,2025-03-15,southampton,wolves,1,0.37765877142896837,1.77,2.13,-0.16849507472487785,0.16849507472487785,0.034455319487546765,-0.18731297998346103,0.15285766049591432
poisson_leakfree,6,1208307,2025-03-16,fulham,tottenham,0,0.5751112091290268,1.66,2.32,-0.007803363735294888,0.007803363735294777,0.03344412131283758,-0.02729842942519012,-0.00614569188764752
poisson_leakfree,6,1208304,2025-03-16,arsenal,chelsea,0,0.6191784193768327,2.04,1.84,0.1449516152531214,-0.1449516152531214,0.03367433930093777,0.12898234094546018,-0.1626566802463979
poisson_leakfree,6,1208309,2025-03-16,leicester,manutd,0,0.3565288732724851,1.81,2.07,-0.17697628136669014,0.17697628136669008,0.03557797528491746,-0.19595731457281879,0.16037933928790127
poisson_leakfree,6,1208317,2025-04-01,wolves,westham,0,0.4462034456449208,2.01,1.86,-0.03441670939383895,0.034416709393838785,0.035146846413095734,-0.051308992166024525,0.016162145752928625
poisson_leakfree,6,1208314,2025-04-01,arsenal,fulham,1,0.5267583004253963,2.18,1.74,0.08288074940498807,-0.08288074940498813,0.03342824000843603,0.06804270409512109,-0.10147094410355717
poisson_leakfree,6,1208316,2025-04-01,nottmforest,manutd,0,0.527936007851228,,,,,,,
poisson_leakfree,6,1208320,2025-04-02,newcastle,brentford,1,0.6596038962306929,1.55,2.56,0.03673285000198245,-0.03673285000198251,0.035786290322580516,0.014442605908112305,-0.05022889623069293
poisson_leakfree,6,1208313,2025-04-02,bournemouth,ipswich,1,0.4804221073263727,1.93,1.94,-0.020869882337710033,0.020869882337709922,0.03359863255167994,-0.037712607699534106,0.004113975147854054
poisson_leakfree,6,1208321,2025-04-02,southampton,crystalpalace,1,0.4743311630430827,,,,,,,
poisson_leakfree,6,1208319,2025-04-02,mancity,leicester,0,0.4080793293344403,1.91,1.94,-0.09581677456166354,0.0958167745616636,0.03902412694985702,-0.11548088008964347,0.0764567531397865
poisson_leakfree,6,1208315,2025-04-02,brighton,astonvilla,0,0.582044954991007,,,,,,,
poisson_leakfree,6,1208322,2025-04-02,liverpool,everton,0,0.6632417327566293,1.96,1.91,0.16970168107704275,-0.16970168107704275,0.03376429105673684,0.15303765112397627,-0.1868019421807131
poisson_leakfree,6,1208318,2025-04-03,chelsea,tottenham,0,0.5947275052753042,1.52,2.67,-0.04250399830464813,0.04250399830464813,0.032426572048097846,-0.06316723156680115,0.030740659518703306
poisson_leakfree,6,1208326,2025-04-05,everton,arsenal,1,0.5422536568083425,2.17,1.75,0.09582508537977102,-0.09582508537977108,0.032258064516129004,0.08142416372078487,-0.11368222823691387
poisson_leakfree,6,1208332,2025-04-05,westham,bournemouth,1,0.49718966350196,1.68,2.28,-0.07856791225561571,0.07856791225561588,0.03383458646616555,-0.09804843173613526,0.06421384526996987
poisson_leakfree,6,1208325,2025-04-05,crystalpalace,brighton,1,0.6962361289637903,,,,,,,
poisson_leakfree,6,1208328,2025-04-05,ipswich,wolves,1,0.41159030409103264,1.98,1.88,-0.07545632803331964,0.0754563280333197,0.03696539866752646,-0.09346020095947244,0.056494802291946034
poisson_leakfree,6,1208323,2025-04-05,astonvilla,nottmforest,1,0.48851822524664174,,,,,,,
poisson_leakfree,6,1208327,2025-04-06,fulham,liverpool,1,0.6413646115222444,1.72,2.2,0.08014012172632601,-0.08014012172632606,0.03594080338266381,0.05996926268503511,-0.09591006606769897
poisson_leakfree,6,1208331,2025-04-06,tottenham,southampton,1,0.3933778431873561,1.68,2.27,-0.18130570111644134,0.18130570111644145,0.035766729599328695,-0.20186025205073915,0.1660935224514105
poisson_leakfree,6,1208324,2025-04-06,brentford,chelsea,0,0.6398105037908618,1.53,2.64,0.0067169786110056195,-0.006716978611005675,0.03238265002970886,-0.01378426745096828,-0.01859838257874058
poisson_leakfree,6,1208330,2025-04-06,manutd,mancity,0,0.6029406437821463,1.56,2.55,-0.01749731242223329,0.01749731242223318,0.03318250377073895,-0.03808499724349468,0.00490249347275562
poisson_leakfree,6,1208329,2025-04-07,leicester,newcastle,0,0.37424606483352185,1.9,1.97,-0.1347978628150569,0.134797862815057,0.0339300026716538,-0.15206972464016233,0.11813972196850864
poisson_leakfree,6,1208338,2025-04-12,mancity,crystalpalace,1,0.6826870737920061,,,,,,,
poisson_leakfree,6,1208341,2025-04-12,southampton,astonvilla,0,0.39690459909777226,,,,,,,
poisson_leakfree,6,1208335,2025-04-12,brighton,leicester,1,0.33158497893453076,2.0,1.88,-0.15295110353969604,0.1529511035396961,0.03191489361702127,-0.16841502106546924,0.13650012744844797
poisson_leakfree,6,1208340,2025-04-12,nottmforest,everton,0,0.5275826465801828,,,,,,,
poisson_leakfree,6,1208334,2025-04-12,arsenal,brentford,1,0.5469925236653462,1.79,2.1,0.007146765310590442,-0.007146765310590442,0.0348496940675711,-0.011666694211748707,-0.023182999855822395
poisson_leakfree,6,1208342,2025-04-13,wolves,tottenham,1,0.5440146748036757,1.62,2.39,-0.05199530025866839,0.05199530025866844,0.03569399245828819,-0.0732692758136082,0.03757528335532012
poisson_leakfree,6,1208337,2025-04-13,liverpool,westham,1,0.5223200240254604,1.99,1.87,0.03786406547623761,-0.03786406547623755,0.03727192110284028,0.0198074612113901,-0.057079382314230376
poisson_leakfree,6,1208336,2025-04-13,chelsea,ipswich,1,0.4929354087280517,2.11,1.77,0.03674984171774248,-0.036749841717742426,0.038905400701529036,0.01900175943895216,-0.05790716014048114
poisson_leakfree,6,1208339,2025-04-13,newcastle,manutd,1,0.5182838260700602,1.75,2.17,-0.03528760250136842,0.035287602501368365,0.032258064516129004,-0.053144745358511214,0.02088668084238221
poisson_leakfree,6,1208333,2025-04-14,bournemouth,fulham,0,0.5695352587095953,1.7,2.24,0.0010073399278693884,-0.001007339927869444,0.034663865546218364,-0.018700035408051763,-0.015963830138166712
poisson_leakfree,6,1208311,2025-04-16,newcastle,crystalpalace,0,0.683514696368396,,,,,,,
poisson_leakfree,6,1208346,2025-04-19,everton,mancity,0,0.5998764662841827,1.74,2.18,0.04375401730459083,-0.043754017304590886,0.03342824000843603,0.02516382260602179,-0.058592062614457874
poisson_leakfree,6,1208352,2025-04-19,westham,southampton,1,0.3329694214279047,1.7,2.24,-0.23555849735382123,0.23555849735382123,0.034663865546218364,-0.2552658726897424,0.22060200714352396
poisson_leakfree,6,1208345,2025-04-19,crystalpalace,bournemouth,0,0.6829651274013474,,,,,,,
poisson_leakfree,6,1208344,2025-04-19,brentford,brighton,1,0.615416874618723,1.53,2.63,-0.01679466384281547,0.01679466384281547,0.03382290812395938,-0.03817789662310711,0.004354988499147727
poisson_leakfree,6,1208343,2025-04-19,astonvilla,newcastle,1,0.6495141804931998,,,,,,,
poisson_leakfree,6,1208350,2025-04-20,manutd,wolves,0,0.4730607176545356,1.73,2.2,-0.08673572000449747,0.08673572000449747,0.032580136626379375,-0.10497396442638929,0.07239382780000986
poisson_leakfree,6,1208347,2025-04-20,fulham,chelsea,1,0.5265378245300547,1.66,2.32,-0.05637674833426698,0.05637674833426687,0.03344412131283758,-0.07587181402416221,0.04242769271132457
poisson_leakfree,6,1208348,2025-04-20,ipswich,arsenal,0,0.45957386641403825,2.05,1.83,-0.01207561812204433,0.012075618122044163,0.03425296548047441,-0.028231011634742287,-0.006021953845732231
poisson_leakfree,6,1208349,2025-04-20,leicester,liverpool,0,0.3921152683888994,1.88,1.98,-0.12083809948674823,0.1208380994867484,0.03696539866752646,-0.1397996252281219,0.1028342265605956
poisson_leakfree,6,1208351,2025-04-21,tottenham,nottmforest,1,0.5293851638178496,,,,,,,
poisson_leakfree,6,1208358,2025-04-22,mancity,astonvilla,1,0.6645919000718776,,,,,,,
poisson_leakfree,6,1208354,2025-04-23,arsenal,crystalpalace,1,0.6523731988672994,,,,,,,
poisson_leakfree,6,1208356,2025-04-26,chelsea,everton,0,0.5292317920840317,1.88,1.99,0.015019905779122156,-0.0150199057791221,0.034427456431091574,-0.0026831015329895624,-0.03174435489810201
poisson_leakfree,6,1208359,2025-04-26,newcastle,ipswich,0,0.48230233288884405,2.11,1.77,0.026116765878534842,-0.02611676587853473,0.038905400701529036,0.00836868359974452,-0.047274084301273445
poisson_leakfree,6,1208362,2025-04-26,wolves,leicester,0,0.29602902781923696,1.88,1.99,-0.2181828584856726,0.2181828584856726,0.034427456431091574,-0.2358858657977843,0.20145840936669268
poisson_leakfree,6,1208361,2025-04-26,southampton,fulham,1,0.3245680255689673,1.79,2.11,-0.2164576154566737,0.2164576154566737,0.03259286716619458,-0.23409119230812764,0.2014983251419331
poisson_leakfree,6,1208355,2025-04-26,brighton,westham,1,0.5555589132424528,1.66,2.32,-0.027355659621868922,0.02735565962186881,0.03344412131283758,-0.04685072531176415,0.013406603998926514
poisson_leakfree,6,1208353,2025-04-27,bournemouth,manutd,1,0.5075917217606435,1.63,2.38,-0.08592448771566574,0.08592448771566574,0.03366499974222825,-0.10590521075469395,0.07224021101246575
poisson_leakfree,6,1208357,2025-04-27,liverpool,tottenham,1,0.6671714790907821,1.75,2.14,0.11704294438641194,-0.11704294438641194,0.03871829105473967,0.09574290766221072,-0.13446119871695034
poisson_leakfree,6,1208360,2025-05-01,nottmforest,brentford,0,0.5015291733987289,,,,,,,
poisson_leakfree,7,1208371,2025-05-02,mancity,wolves,0,0.6242837072939623,1.88,2.0,0.10881978976818918,-0.10881978976818912,0.03191489361702127,0.09236881367694105,-0.12428370729396232
poisson_leakfree,7,1208364,2025-05-03,astonvilla,fulham,0,0.5726372375876786,,,,,,,
poisson_leakfree,7,1208369,2025-05-03,everton,ipswich,1,0.37434137425894853,1.96,1.91,-0.11919867742063806,0.11919867742063806,0.03376429105673684,-0.13586270737370454,0.1020984163169677
poisson_leakfree,7,1208370,2025-05-03,leicester,southampton,0,0.21008069471805027,1.65,2.35,-0.3774193052819498,0.3774193052819498,0.03159252095422316,-0.39597991134255583,0.36438739038833273
poisson_leakfree,7,1208363,2025-05-03,arsenal,bournemouth,1,0.5797028977675707,1.73,2.19,0.021029428379815585,-0.02102942837981553,0.03465568664713503,0.0016682156866457687,-0.036323902333780744
poisson_leakfree,7,1208372,2025-05-04,westham,tottenham,1,0.5080469010365166,1.55,2.58,-0.1166504355252268,0.11665043552522669,0.03275818954738674,-0.137114389286064,0.10435619973867721
poisson_leakfree,7,1208366,2025-05-04,brighton,newcastle,1,0.7105498559839131,1.51,2.7,0.0692196897131293,-0.06921968971312914,0.032622025999509585,0.048298200354773946,-0.08092022635428342
poisson_leakfree,7,1208365,2025-05-04,brentford,manutd,1,0.5061795144561553,1.61,2.41,-0.09332297310603377,0.09332297310603377,0.036055771758459754,-0.11493849796620492,0.07888272620774517
poisson_leakfree,7,1208367,2025-05-04,chelsea,liverpool,1,0.6514099951382671,1.49,2.77,0.0011752533542296328,-0.0011752533542295218,0.03215176992222535,-0.019730944459048327,-0.01242082546317691
poisson_leakfree,7,1208368,2025-05-05,crystalpalace,nottmforest,1,0.4862758698560384,,,,,,,
poisson_leakfree,7,1208374,2025-05-10,fulham,everton,1,0.41792068451075715,1.95,1.92,-0.07820334649699479,0.07820334649699479,0.033653846153846256,-0.09489982830975574,0.061245982155909484
poisson_leakfree,7,1208382,2025-05-10,wolves,brighton,0,0.6307134139736551,1.74,2.18,0.07459096499406326,-0.07459096499406331,0.03342824000843603,0.05600077029549422,-0.0894290103039303
poisson_leakfree,7,1208380,2025-05-10,southampton,mancity,0,0.36733767509666365,2.02,1.84,-0.10934626272717057,0.10934626272717052,0.038527765820060234,-0.1277118298538314,0.0891840640337711
poisson_leakfree,7,1208375,2025-05-10,ipswich,brentford,0,0.4354355060216595,1.56,2.55,-0.1850024501827201,0.18500245018272,0.03318250377073895,-0.2055901350039815,0.17240763123324243
poisson_leakfree,7,1208373,2025-05-10,bournemouth,astonvilla,0,0.6067339954429998,,,,,,,
poisson_leakfree,7,1208378,2025-05-11,newcastle,chelsea,0,0.6830140946261195,1.52,2.67,0.04578259104616722,-0.04578259104616722,0.032426572048097846,0.025119357784014196,-0.05754592983211204
poisson_leakfree,7,1208377,2025-05-11,manutd,westham,0,0.456021512463334,1.65,2.34,-0.1304446529501998,0.13044465295019986,0.033411033411033575,-0.15003909359727208,0.11662806018623861
poisson_leakfree,7,1208381,2025-05-11,tottenham,crystalpalace,0,0.6351423862313952,,,,,,,
poisson_leakfree,7,1208379,2025-05-11,nottmforest,leicester,1,0.29806012522210534,,,,,,,
poisson_leakfree,7,1208376,2025-05-11,liverpool,arsenal,1,0.6651269183669246,1.57,2.51,0.04993083993555203,-0.04993083993555214,0.03534904966122765,0.028184243207688975,-0.06353329286891668
poisson_leakfree,7,1208384,2025-05-16,astonvilla,tottenham,0,0.592026691713712,,,,,,,
poisson_leakfree,7,1208387,2025-05-16,chelsea,manutd,0,0.5815407199540449,1.69,2.25,0.010474730106329155,-0.0104747301063291,0.0361604207758055,-0.010175256377316089,-0.025985164398489302
poisson_leakfree,7,1208389,2025-05-18,everton,southampton,0,0.2910478074905031,2.08,1.81,-0.17424782232954833,0.17424782232954827,0.033255418614534626,-0.18972142327872765,0.15646600466419303
poisson_leakfree,7,1208390,2025-05-18,leicester,ipswich,0,0.3005723641265021,1.62,2.39,-0.295437610935842,0.29543761093584203,0.03569399245828819,-0.3167115864907818,0.2810175940324937
poisson_leakfree,7,1208383,2025-05-18,arsenal,newcastle,0,0.6609775820959701,1.72,2.2,0.0997530923000517,-0.09975309230005175,0.03594080338266381,0.07958223325876079,-0.11552303664142466
poisson_leakfree,7,1208385,2025-05-18,brentford,fulham,1,0.49243789683150635,1.58,2.5,-0.12030720120770927,0.12030720120770927,0.032911392405063244,-0.14047349557355687,0.10756210316849357
poisson_leakfree,7,1208392,2025-05-18,westham,nottmforest,1,0.3861502751069822,,,,,,,
poisson_leakfree,7,1208386,2025-05-19,brighton,liverpool,1,0.6979120723707359,1.45,2.89,0.03201345485921514,-0.03201345485921514,0.03567593365946786,0.008256899956942787,-0.04393283361641065
poisson_leakfree,7,1208391,2025-05-20,mancity,bournemouth,1,0.6094919968402202,1.79,2.1,0.06964623848546436,-0.06964623848546436,0.0348496940675711,0.050832778963125214,-0.08568247303069632
poisson_leakfree,7,1208388,2025-05-20,crystalpalace,wolves,1,0.6220680477617465,,,,,,,
poisson_leakfree,7,1208393,2025-05-25,bournemouth,leicester,0,0.4053425026198074,1.71,2.23,-0.1606473450959286,0.1606473450959286,0.03322581491096943,-0.17945281901761945,0.14622700410664996
poisson_leakfree,7,1208397,2025-05-25,manutd,astonvilla,0,0.595123985197418,,,,,,,
poisson_leakfree,7,1208402,2025-05-25,wolves,brentford,1,0.5568746481657538,1.46,2.87,-0.10594290379729476,0.10594290379729465,0.03336356259844386,-0.1280568586835612,0.09469329608511728
poisson_leakfree,7,1208398,2025-05-25,newcastle,everton,0,0.5747583421002742,2.13,1.76,0.12231618271724082,-0.12231618271724076,0.03766538625693561,0.10527477402515684,-0.14294016028209244
poisson_leakfree,7,1208394,2025-05-25,fulham,mancity,0,0.5074773904685715,1.69,2.25,-0.06358859937914418,0.06358859937914424,0.0361604207758055,-0.08423858586278943,0.04807816508698404
poisson_leakfree,7,1208401,2025-05-25,tottenham,brighton,1,0.5643350242299782,1.45,2.89,-0.10156359328154263,0.10156359328154263,0.03567593365946786,-0.12532014818381498,0.08964421452434712
poisson_leakfree,7,1208395,2025-05-25,ipswich,westham,1,0.37893308090152056,1.56,2.53,-0.239648826188944,0.2396488261889439,0.03628255802168834,-0.2620925601241204,0.22581000210243196
poisson_leakfree,7,1208399,2025-05-25,nottmforest,chelsea,0,0.4645567369430537,,,,,,,
poisson_leakfree,7,1208396,2025-05-25,liverpool,crystalpalace,1,0.7375786285970835,,,,,,,
poisson_leakfree,7,1208400,2025-05-25,southampton,arsenal,1,0.3886166703028662,1.88,1.97,-0.12307164138544557,0.12307164138544552,0.03952910681499078,-0.1432982233141551,0.10376911649916432
poisson_leakfree,8,1378991,2025-08-30,chelsea,fulham,0,0.52117423386739,1.83,2.03,-0.004732501883905282,0.004732501883905227,0.03905892487011764,-0.025273853564303894,-0.013785071305813745
poisson_leakfree,8,1378994,2025-08-30,manutd,burnley,1,0.5669406141317578,1.83,2.04,0.03980883118602141,-0.039808831186021354,0.03664416586306651,0.02049252670006385,-0.05713669256313031
poisson_leakfree,8,1378998,2025-08-30,wolves,everton,1,0.4871368191009941,2.08,1.79,0.024604519359392063,-0.02460451935939212,0.039428448646325664,0.006367588331763374,-0.045796036978089094
poisson_leakfree,8,1378997,2025-08-30,tottenham,bournemouth,0,0.535587209449022,1.61,2.37,-0.059890177485651286,0.05989017748565134,0.04305894069240246,-0.08553080297333815,0.0424718622809358
poisson_leakfree,8,1378996,2025-08-30,sunderland,brentford,1,0.42582022508402484,1.85,2.01,-0.09490516351701139,0.09490516351701134,0.0380529783514858,-0.11472031545651562,0.07666733710502982
poisson_leakfree,8,1378992,2025-08-30,leeds,newcastle,0,0.5525165141742269,1.85,2.01,0.03179112557319064,-0.03179112557319069,0.0380529783514858,0.01197597363368641,-0.05002895198517221
poisson_leakfree,8,1378990,2025-08-31,brighton,mancity,1,0.7063691782534702,1.52,2.6,0.07530121708842163,-0.07530121708842163,0.04251012145748989,0.04847444141136492,-0.09098456286885481
poisson_leakfree,8,1378995,2025-08-31,nottmforest,westham,0,0.4395683166526945,,,,,,,
poisson_leakfree,8,1378993,2025-08-31,liverpool,arsenal,0,0.7035734186615985,1.65,2.3,0.12129493764894028,-0.12129493764894028,0.040843214756258295,0.09751281260099243,-0.13835602735725072
poisson_leakfree,8,1378989,2025-08-31,astonvilla,crystalpalace,0,0.6389228287309355,,,,,,,
poisson_leakfree,8,1378999,2025-09-13,arsenal,nottmforest,0,0.5256504219444076,,,,,,,
poisson_leakfree,8,1379007,2025-09-13,newcastle,wolves,0,0.5048022654058368,2.11,1.77,0.048616698395527624,-0.04861669839552751,0.038905400701529036,0.030868616116737302,-0.06977401681826623
poisson_leakfree,8,1379000,2025-09-13,bournemouth,brighton,1,0.5946565385340375,1.49,2.67,-0.04717038454288558,0.04717038454288547,0.04567277480330789,-0.07648440106327792,0.030811626259969915
poisson_leakfree,8,1379005,2025-09-13,fulham,leeds,0,0.42483890452683615,1.9,1.96,-0.08293311619855248,0.08293311619855243,0.036519871106337254,-0.10147688494684803,0.06495701384051078
poisson_leakfree,8,1379004,2025-09-13,everton,astonvilla,0,0.5253670156855357,,,,,,,
poisson_leakfree,8,1379003,2025-09-13,crystalpalace,sunderland,0,0.5333945593835066,,,,,,,
poisson_leakfree,8,1379008,2025-09-13,westham,tottenham,0,0.4960753724186327,1.68,2.25,-0.07644371155083302,0.07644371155083296,0.03968253968253954,-0.09916272281946253,0.05948018313692294
poisson_leakfree,8,1379001,2025-09-13,brentford,chelsea,1,0.6463045864505906,1.73,2.16,0.09103466357141321,-0.09103466357141321,0.04099764504388781,0.06826990436966573,-0.10926754941355354
poisson_leakfree,8,1379002,2025-09-14,burnley,liverpool,0,0.5931759587924511,1.86,2.0,0.07504124376654442,-0.07504124376654436,0.037634408602150504,0.055541550190300604,-0.09317595879245111
poisson_leakfree,8,1379006,2025-09-14,mancity,manutd,0,0.7247670842641616,1.56,2.48,0.11090569812554785,-0.11090569812554774,0.04425144747725396,0.08374144323852062,-0.12799289071577452
poisson_leakfree,8,1379014,2025-09-20,liverpool,everton,1,0.6229480825654576,1.83,2.05,0.0945975671015401,-0.09459756710154021,0.03425296548047441,0.07649999513376371,-0.11075296061423817
poisson_leakfree,8,1379018,2025-09-20,wolves,leeds,1,0.355206788240805,1.95,1.92,-0.14091724276694695,0.14091724276694695,0.033653846153846256,-0.1576137245797079,0.12395987842586165
poisson_leakfree,8,1379012,2025-09-20,burnley,nottmforest,1,0.45050932040482056,,,,,,,
poisson_leakfree,8,1379017,2025-09-20,westham,crystalpalace,1,0.5621172926344127,,,,,,,
poisson_leakfree,8,1379011,2025-09-20,brighton,tottenham,1,0.5489355270462628,1.58,2.49,-0.062858084747349,0.062858084747349,0.034517818107874465,-0.08397586535880042,0.04945804725092601
poisson_leakfree,8,1379015,2025-09-20,manutd,chelsea,1,0.6713051586372809,1.52,2.65,0.035813551922652564,-0.035813551922652676,0.03525322740814296,0.013410421795175598,-0.04866364920331867
poisson_leakfree,8,1379013,2025-09-20,fulham,brentford,1,0.5480345517160825,1.85,2.03,0.024838675427422796,-0.02483867542742274,0.03315137797896428,0.007494011175542048,-0.04064538915450622
poisson_leakfree,8,1379009,2025-09-21,arsenal,mancity,1,0.6945974005830521,1.7,2.23,0.12716737513775944,-0.12716737513775944,0.03666578739118975,0.106362106465405,-0.1430278938565947
poisson_leakfree,8,1379010,2025-09-21,bournemouth,newcastle,0,0.5352664954094071,1.68,2.27,-0.03941704889439035,0.039417048894390405,0.035766729599328695,-0.05997159982868816,0.024204870229359465
poisson_leakfree,8,1379016,2025-09-21,sunderland,astonvilla,1,0.378174560425944,,,,,,,
poisson_leakfree,8,1379020,2025-09-27,brentford,manutd,1,0.6820475792376409,1.55,2.56,0.05917653300893044,-0.0591765330089305,0.035786290322580516,0.036886288915060295,-0.07267257923764092
poisson_leakfree,8,1379021,2025-09-27,chelsea,brighton,1,0.6221788354996124,1.61,2.42,0.021682557583979745,-0.021682557583979634,0.034341152918228035,0.0010608230772521932,-0.03540197599548017
poisson_leakfree,8,1379025,2025-09-27,mancity,burnley,1,0.5582041262909754,2.14,1.75,0.10833266099534555,-0.10833266099534555,0.03871829105473967,0.09091440666480716,-0.12963269771954677
poisson_leakfree,8,1379022,2025-09-27,crystalpalace,liverpool,1,0.7040480139348501,,,,,,,
poisson_leakfree,8,1379024,2025-09-27,leeds,bournemouth,1,0.3924110568378336,1.79,2.11,-0.14861458418780737,0.14861458418780743,0.03259286716619458,-0.16624816103926132,0.13365529387306685
poisson_leakfree,8,1379027,2025-09-27,nottmforest,sunderland,0,0.3909463370936863,,,,,,,
poisson_leakfree,8,1379028,2025-09-27,tottenham,wolves,1,0.4181411526978343,1.9,1.97,-0.09090277495074445,0.09090277495074461,0.0339300026716538,-0.10817463677584988,0.07424463410419624
poisson_leakfree,8,1379019,2025-09-28,astonvilla,fulham,1,0.4167329314133885,,,,,,,
poisson_leakfree,8,1379026,2025-09-28,newcastle,arsenal,1,0.5948166773272434,1.95,1.92,0.09869264631949148,-0.09869264631949148,0.033653846153846256,0.08199616450673053,-0.11565001066057679
poisson_leakfree,8,1379023,2025-09-29,everton,westham,1,0.4885167628162575,1.9,1.97,-0.020527164832321254,0.02052716483232142,0.0339300026716538,-0.03779902665742668,0.0038690239857730457
poisson_leakfree,8,1379031,2025-10-03,bournemouth,fulham,1,0.4440709536242504,1.91,1.96,-0.06238899469616299,0.06238899469616299,0.03376429105673684,-0.07948925579983335,0.04572496474309651
poisson_leakfree,8,1379035,2025-10-04,leeds,tottenham,1,0.4255498440487898,1.74,2.18,-0.13057260493080203,0.13057260493080197,0.03342824000843603,-0.14916279962937107,0.11573455962093498
poisson_leakfree,8,1379036,2025-10-04,manutd,sunderland,0,0.5462245898627013,1.78,2.12,0.002634846272957625,-0.0026348462729576805,0.03349586601653587,-0.015573162946287522,-0.017922703070248402
poisson_leakfree,8,1379029,2025-10-04,arsenal,westham,0,0.537942711782401,2.23,1.69,0.10682026280280926,-0.10682026280280921,0.040146469604903645,0.08951221850885843,-0.12965868811376202
poisson_leakfree,8,1379033,2025-10-04,chelsea,liverpool,1,0.6498090225766832,1.49,2.75,0.0012241169163057508,-0.0012241169163058063,0.03477730323367911,-0.021331917020632307,-0.013445386213046806
poisson_leakfree,8,1379037,2025-10-05,newcastle,nottmforest,0,0.4749450786480259,,,,,,,
poisson_leakfree,8,1379038,2025-10-05,wolves,brighton,1,0.4980947584672812,1.74,2.19,-0.05915714992966542,0.059157149929665254,0.031333648244370904,-0.0766178852108797,0.045284236966508684
poisson_leakfree,8,1379034,2025-10-05,everton,crystalpalace,1,0.6458442902585897,,,,,,,
poisson_leakfree,8,1379030,2025-10-05,astonvilla,burnley,1,0.3560430911794693,,,,,,,
poisson_leakfree,8,1379032,2025-10-05,brentford,mancity,0,0.6788577887559001,1.68,2.27,0.10417424445210266,-0.1041742444521026,0.035766729599328695,0.08361969351780485,-0.11938642311713354
poisson_leakfree,8,1379041,2025-10-18,crystalpalace,bournemouth,1,0.6011560043705205,,,,,,,
poisson_leakfree,8,1379044,2025-10-18,mancity,everton,0,0.6535375324436309,1.92,1.95,0.14966156345138282,-0.14966156345138282,0.033653846153846256,0.13270419911029752,-0.16635804526414377
poisson_leakfree,8,1379046,2025-10-18,sunderland,wolves,0,0.3816251258707535,2.02,1.85,-0.09641104983984095,0.09641104983984083,0.035590045491035394,-0.11342437907974157,0.07783433358870606
poisson_leakfree,8,1379045,2025-10-18,nottmforest,chelsea,0,0.5047883132121356,,,,,,,
poisson_leakfree,8,1379042,2025-10-18,fulham,arsenal,0,0.5336943882781553,2.12,1.78,0.0772841318678989,-0.07728413186789895,0.03349586601653587,0.061996275070608176,-0.0954921410871441
poisson_leakfree,8,1379039,2025-10-18,brighton,newcastle,1,0.6059940948223281,1.65,2.33,0.020566959143936248,-0.020566959143936137,0.03524515541682938,-6.651123827794425e-05,-0.03517864417855132
poisson_leakfree,8,1379040,2025-10-18,burnley,leeds,0,0.36489554741122154,2.03,1.85,-0.11190857630011869,0.11190857630011875,0.03315137797896428,-0.12771529002720217,0.094563912048238
poisson_leakfree,8,1379047,2025-10-19,tottenham,astonvilla,1,0.38766083746962393,,,,,,,
poisson_leakfree,8,1379043,2025-10-19,liverpool,manutd,1,0.7138419898280052,1.53,2.64,0.080748464648149,-0.08074846464814905,0.03238265002970886,0.0602472185861751,-0.09262986861588396
poisson_leakfree,8,1379048,2025-10-20,westham,brentford,0,0.49860837407265907,1.69,2.25,-0.07245761577505666,0.07245761577505677,0.0361604207758055,-0.0931076022587019,0.05694718148289657
poisson_leakfree,8,1379055,2025-10-24,leeds,westham,1,0.4380529506847936,1.9,1.97,-0.07099097696378515,0.0709909769637852,0.0339300026716538,-0.08826283878889057,0.05433283611723683
poisson_leakfree,8,1379057,2025-10-25,newcastle,fulham,1,0.4608214378988668,1.85,2.03,-0.0623744383897929,0.0623744383897929,0.03315137797896428,-0.07971910264167364,0.04656772466270942
poisson_leakfree,8,1379053,2025-10-25,chelsea,sunderland,1,0.46872835111877975,2.02,1.86,-0.010653092180189339,0.010653092180189283,0.03268391355264555,-0.026321153831715294,-0.0063627597209302555
poisson_leakfree,8,1379056,2025-10-25,manutd,brighton,1,0.6858563135864183,1.5,2.74,0.03962989849207876,-0.03962989849207865,0.031630170316301776,0.01918964691975167,-0.05081981723605333
poisson_leakfree,8,1379052,2025-10-25,brentford,liverpool,1,0.6566311986333124,1.54,2.61,0.02771553598271015,-0.027715535982709982,0.03249241180275675,0.007280549282663085,-0.03977296108541972
poisson_leakfree,8,1379051,2025-10-26,bournemouth,nottmforest,0,0.5182249358235034,,,,,,,
poisson_leakfree,8,1379058,2025-10-26,wolves,burnley,1,0.314533240061293,2.08,1.81,-0.15076238975875839,0.15076238975875833,0.033255418614534626,-0.1662359907079377,0.13298057209340308
poisson_leakfree,8,1379049,2025-10-26,arsenal,crystalpalace,0,0.7172181496710603,,,,,,,
poisson_leakfree,8,1379050,2025-10-26,astonvilla,mancity,0,0.47787084473168406,,,,,,,
poisson_leakfree,8,1379054,2025-10-26,everton,tottenham,0,0.5070942626416485,1.75,2.17,-0.04647716592978013,0.04647716592978007,0.032258064516129004,-0.06433430878692292,0.03207624427079392
logistic_tuned,1,1035451,2024-03-09,manutd,everton,0,0.6162220669042713,1.65,2.34,0.02975590149073748,-0.029755901490737424,0.033411033411033575,0.010161460843665204,-0.04357249425469867
logistic_tuned,1,1035444,2024-03-09,bournemouth,sheffutd,1,0.6079595583564266,,,,,,,
logistic_tuned,1,1035453,2024-03-09,wolves,fulham,1,0.6159500424011447,1.7,2.24,0.04742212361941878,-0.04742212361941883,0.034663865546218364,0.027714748283497626,-0.0623786138297161
logistic_tuned,1,1035449,2024-03-09,crystalpalace,luton,1,0.6057711071930171,,,,,,,
logistic_tuned,1,1035445,2024-03-09,arsenal,brentford,1,0.5874518871488923,2.02,1.84,0.11076794932505807,-0.11076794932505807,0.038527765820060234,0.09240238219839725,-0.13093014801845748
logistic_tuned,1,1035446,2024-03-10,astonvilla,tottenham,0,0.6432881113735471,,,,,,,
logistic_tuned,1,1035452,2024-03-10,westham,burnley,1,0.6104047352324914,1.78,2.12,0.06681499164274773,-0.06681499164274779,0.03349586601653587,0.04860698242350259,-0.08210284844003851
logistic_tuned,1,1035447,2024-03-10,brighton,nottmforest,0,0.6425226067503708,,,,,,,
logistic_tuned,1,1035450,2024-03-10,liverpool,mancity,1,0.6133565228671259,1.45,2.89,-0.052542094644394854,0.052542094644394854,0.03567593365946786,-0.07629864954666721,0.040622715887199345
logistic_tuned,1,1035448,2024-03-11,chelsea,newcastle,1,0.6426871425315129,1.46,2.88,-0.02090732751457003,0.02090732751457003,0.03215372907153724,-0.0422443643178021,0.010090635246264856
logistic_tuned,1,1035334,2024-03-13,bournemouth,luton,1,0.6340944161293687,1.53,2.61,0.003659633520673,-0.0036596335206730557,0.03673653369393737,-0.0195003551124614,-0.01723617858147597
logistic_tuned,1,1035460,2024-03-16,luton,nottmforest,1,0.6405239478994778,,,,,,,
logistic_tuned,1,1035459,2024-03-16,fulham,tottenham,0,0.6184860846024813,1.46,2.87,-0.044331467360567256,0.044331467360567145,0.03336356259844386,-0.0664454222468337,0.03308185964838978
logistic_tuned,1,1035456,2024-03-16,burnley,brentford,1,0.630535293342475,1.63,2.37,0.03803529334247502,-0.03803529334247502,0.03543786078537958,0.01703836082713761,-0.05247622161251719
logistic_tuned,1,1035462,2024-03-17,westham,astonvilla,1,0.6087257394040414,,,,,,,
logistic_tuned,1,1035470,2024-03-30,newcastle,westham,1,0.6284059391444646,1.51,2.69,-0.01207025133172579,0.012070251331725845,0.03399886752504999,-0.03384571648467449,-0.00015315104037544325
logistic_tuned,1,1035464,2024-03-30,bournemouth,everton,1,0.6127969739604355,1.6,2.44,0.00883657792083159,-0.00883657792083159,0.0348360655737705,-0.012203026039564469,-0.022633039534206034
logistic_tuned,1,1035473,2024-03-30,tottenham,luton,1,0.6572692615460298,1.55,2.55,0.03531804203383471,-0.03531804203383476,0.03731815306767872,0.012107971223449199,-0.049426124291127915
logistic_tuned,1,1035467,2024-03-30,chelsea,burnley,1,0.6312808807678596,1.8,2.07,0.09639715983762709,-0.09639715983762698,0.038647342995169254,0.07572532521230402,-0.11437266820747316
logistic_tuned,1,1035472,2024-03-30,sheffutd,fulham,1,0.6073104931027465,,,,,,,
logistic_tuned,1,1035471,2024-03-30,nottmforest,crystalpalace,1,0.6242545400210701,,,,,,,
logistic_tuned,1,1035465,2024-03-30,astonvilla,wolves,0,0.6558960567007331,,,,,,,
logistic_tuned,1,1035466,2024-03-30,brentford,manutd,1,0.6249264607234533,1.42,3.05,-0.05740016120048408,0.05740016120048408,0.03209420457169254,-0.07929889138922286,0.04720468681753032
logistic_tuned,1,1035468,2024-03-31,liverpool,brighton,1,0.6171327231589571,1.54,2.63,-0.013562720486126834,0.013562720486126889,0.029578786232778764,-0.03221792619169228,0.0026391399589136277
logistic_tuned,1,1035469,2024-03-31,mancity,arsenal,0,0.5831409075502464,1.75,2.16,0.030711240031064846,-0.030711240031064735,0.03439153439153442,0.011712336121674993,-0.0461038705132093
logistic_tuned,1,1035479,2024-04-02,westham,tottenham,1,0.6083506816218607,1.45,2.93,-0.060599090067637085,0.060599090067637085,0.03095210074143817,-0.08130449079193247,0.0503523900504943
logistic_tuned,1,1035478,2024-04-02,nottmforest,fulham,1,0.6246388653396767,,,,,,,
logistic_tuned,1,1035481,2024-04-02,newcastle,everton,1,0.6217894507628484,1.61,2.43,0.020304302247996953,-0.020304302247996897,0.03264064616721618,0.0006714383404882174,-0.03331208450770434
logistic_tuned,1,1035477,2024-04-02,burnley,wolves,1,0.6290697950512445,1.71,2.24,0.06198118745630776,-0.06198118745630776,0.031223893065998265,0.04427447341381763,-0.07549836647981589
logistic_tuned,1,1035474,2024-04-02,bournemouth,crystalpalace,0,0.610220979473995,,,,,,,
logistic_tuned,1,1035475,2024-04-03,arsenal,luton,0,0.6336478392043553,2.07,1.8,0.16853156013458792,-0.1685315601345878,0.038647342995169254,0.15055605176474174,-0.18920339475991088
logistic_tuned,1,1035476,2024-04-03,brentford,brighton,0,0.6215183909865567,1.48,2.78,-0.031063768637856426,0.03106376863785637,0.03538790589150298,-0.054157284689118956,0.01876937879761592
logistic_tuned,1,1035483,2024-04-03,mancity,astonvilla,1,0.6273433173158104,,,,,,,
logistic_tuned,1,1035482,2024-04-04,liverpool,sheffutd,1,0.6195417250699325,,,,,,,
logistic_tuned,1,1035480,2024-04-04,chelsea,manutd,1,0.6370373608487485,1.45,2.92,-0.031154858830885312,0.031154858830885424,0.03212092583845072,-0.052617811565044637,0.020496885726593972
logistic_tuned,1,1035486,2024-04-06,crystalpalace,mancity,1,0.6089801766062657,,,,,,,
logistic_tuned,1,1035488,2024-04-06,fulham,newcastle,0,0.6078852357525757,1.51,2.68,-0.03173290267224538,0.03173290267224532,0.035385983987348046,-0.05436641987656343,0.018980435889215386
logistic_tuned,1,1035487,2024-04-06,everton,burnley,0,0.6259925707346972,1.71,2.23,0.060002723018961146,-0.060002723018961146,0.03322581491096943,0.041197249097270294,-0.07442306400823978
logistic_tuned,1,1035485,2024-04-06,brighton,arsenal,0,0.6415999415143279,1.8,2.09,0.1043248772469757,-0.1043248772469757,0.034024455077086735,0.08604438595877228,-0.12006884103585902
logistic_tuned,1,1035484,2024-04-06,astonvilla,brentford,1,0.6365058727660724,,,,,,,
logistic_tuned,1,1035489,2024-04-06,luton,bournemouth,1,0.635845945201477,1.52,2.65,0.00035433848684862657,-0.0003543384868487376,0.03525322740814296,-0.02204879164062834,-0.013204435767514733
logistic_tuned,1,1035493,2024-04-06,wolves,westham,1,0.6242939966618457,1.67,2.31,0.043891986611594436,-0.043891986611594436,0.03170282811001379,0.02549160145226481,-0.057194429562278604
logistic_tuned,1,1035490,2024-04-07,manutd,liverpool,1,0.6362759486965723,1.4,3.12,-0.053989538029091455,0.0539895380290914,0.034798534798534675,-0.07800976558914197,0.04321123079060718
logistic_tuned,1,1035491,2024-04-07,sheffutd,chelsea,1,0.5999743649562047,,,,,,,
logistic_tuned,1,1035492,2024-04-07,tottenham,nottmforest,1,0.6602684747055221,,,,,,,
logistic_tuned,1,1035501,2024-04-13,newcastle,tottenham,0,0.6418673306464047,1.34,3.48,-0.0801243705984086,0.0801243705984086,0.033624978555498286,-0.10440132607001318,0.07077634751451489
logistic_tuned,1,1035497,2024-04-13,burnley,brighton,1,0.6340962739329109,1.56,2.56,0.012737050631940083,-0.012737050631940028,0.03165064102564097,-0.0069293670927300655,-0.024721273932910903
logistic_tuned,1,1035500,2024-04-13,mancity,luton,1,0.6116840060726527,2.05,1.81,0.14277208897420712,-0.14277208897420712,0.04029106589408449,0.12387912802387219,-0.16417019391795662
logistic_tuned,1,1035496,2024-04-13,brentford,sheffutd,0,0.6120995164612257,,,,,,,
logistic_tuned,1,1035502,2024-04-13,nottmforest,wolves,1,0.6353124372610444,,,,,,,
logistic_tuned,1,1035494,2024-04-13,bournemouth,manutd,1,0.6255395534193939,1.39,3.17,-0.0696358851770974,0.06963588517709729,0.03488187368086604,-0.09388490701226082,0.05900303333139473
logistic_tuned,1,1035499,2024-04-14,liverpool,crystalpalace,0,0.6088343215367811,,,,,,,
logistic_tuned,1,1035503,2024-04-14,westham,fulham,0,0.5992335301456408,1.55,2.58,-0.025463806416102575,0.025463806416102464,0.03275818954738674,-0.04592776017693978,0.013169570629552985
logistic_tuned,1,1035495,2024-04-14,arsenal,astonvilla,0,0.6447926409708448,,,,,,,
logistic_tuned,1,1035498,2024-04-15,chelsea,everton,0,0.609806932509268,1.64,2.35,0.020834501431573837,-0.020834501431573726,0.03528801245459268,5.083494829238866e-05,-0.03533884740288501
logistic_tuned,1,1035511,2024-04-20,sheffutd,burnley,1,0.611206669418736,,,,,,,
logistic_tuned,1,1035509,2024-04-20,luton,brentford,1,0.6375074917435442,1.55,2.56,0.014636445514833674,-0.014636445514833729,0.035786290322580516,-0.007653798579036475,-0.028132491743544152
logistic_tuned,1,1035513,2024-04-20,wolves,arsenal,0,0.6268220594081712,2.1,1.79,0.16666781776292694,-0.16666781776292694,0.0348496940675711,0.150631583217695,-0.1854812772852661
logistic_tuned,1,1035507,2024-04-21,everton,nottmforest,0,0.6236882206079647,,,,,,,
logistic_tuned,1,1035506,2024-04-21,crystalpalace,westham,1,0.6260714534966393,,,,,,,
logistic_tuned,1,1035504,2024-04-21,astonvilla,bournemouth,1,0.6328127945641148,,,,,,,
logistic_tuned,1,1035508,2024-04-21,fulham,liverpool,1,0.6189283164277424,1.53,2.63,-0.01328322203379606,0.01328322203379606,0.03382290812395938,-0.0346664548140877,0.0008435466901283162
logistic_tuned,1,1035454,2024-04-23,arsenal,chelsea,0,0.6150985329153705,1.8,2.09,0.07782346864801837,-0.07782346864801837,0.034024455077086735,0.05954297735981495,-0.09356743243690169
logistic_tuned,1,1035463,2024-04-24,wolves,bournemouth,0,0.6413187614864919,1.52,2.66,0.004955125122855564,-0.004955125122855508,0.03383458646616555,-0.016575975355613393,-0.017258611110552047
logistic_tuned,1,1035461,2024-04-24,manutd,sheffutd,1,0.6202751756228573,,,,,,,
logistic_tuned,1,1035458,2024-04-24,everton,liverpool,0,0.6208439576378171,1.76,2.15,0.07097183487566872,-0.07097183487566872,0.03329809725158572,0.052662139455998846,-0.08596023670758451
logistic_tuned,1,1035457,2024-04-24,crystalpalace,newcastle,0,0.6100147345850322,,,,,,,
logistic_tuned,1,1035455,2024-04-25,brighton,mancity,0,0.6397812279838708,1.74,2.18,0.08365877900427898,-0.08365877900427904,0.03342824000843603,0.06506858430570994,-0.09849682431414603
logistic_tuned,1,1035522,2024-04-27,westham,liverpool,1,0.6200094907869526,1.49,2.77,-0.03022525099708495,0.030225250997085062,0.03215176992222535,-0.05113144881036291,0.018979678888137674
logistic_tuned,1,1035523,2024-04-27,wolves,luton,1,0.6493593856405515,1.6,2.47,0.042479778760944664,-0.04247977876094461,0.029858299595141746,0.024359385640551512,-0.0542176852356932
logistic_tuned,1,1035517,2024-04-27,fulham,crystalpalace,1,0.5921432626793603,,,,,,,
logistic_tuned,1,1035515,2024-04-27,astonvilla,chelsea,1,0.625434325261438,,,,,,,
logistic_tuned,1,1035519,2024-04-27,newcastle,sheffutd,1,0.6234058370300989,,,,,,,
logistic_tuned,1,1035516,2024-04-27,everton,brentford,0,0.5970007614251294,1.74,2.19,0.03974885302818276,-0.03974885302818287,0.031333648244370904,0.022288117746968483,-0.05362176599133944
logistic_tuned,1,1035518,2024-04-27,manutd,burnley,1,0.635137777694356,1.42,3.03,-0.04576109871013845,0.04576109871013839,0.034258355413006036,-0.06908757441832014,0.034829219005313994
logistic_tuned,1,1035514,2024-04-28,bournemouth,brighton,0,0.6292832510691888,1.41,3.09,-0.05738341559747784,0.05738341559747784,0.0328444536252841,-0.07993660708683958,0.047092153461555486
logistic_tuned,1,1035521,2024-04-28,tottenham,arsenal,1,0.6473598096353859,1.49,2.75,-0.0012250960249915455,0.00122509602499149,0.03477730323367911,-0.023781129961929603,-0.01099617327174951
logistic_tuned,1,1035520,2024-04-28,nottmforest,mancity,0,0.6098618675160777,,,,,,,
logistic_tuned,1,1035428,2024-05-02,chelsea,tottenham,0,0.6530991784776591,1.31,3.68,-0.08437577142214048,0.08437577142214053,0.03509790906073684,-0.11025960014829506,0.07516169108755832
logistic_tuned,1,1035531,2024-05-03,luton,everton,1,0.6253571100333518,1.59,2.48,0.016020500696742435,-0.016020500696742546,0.03215662406167574,-0.0035737075767110493,-0.02858291648496475
logistic_tuned,1,1035524,2024-05-04,arsenal,bournemouth,0,0.5958170097871228,1.78,2.13,0.05105997653904104,-0.05105997653904093,0.03128132088410629,0.034019256978134016,-0.0653005778622402
logistic_tuned,1,1035525,2024-05-04,brentford,fulham,0,0.6306139351543565,1.52,2.67,-0.006617568425595799,0.006617568425595799,0.032426572048097846,-0.027280801687748824,-0.005145770360349022
logistic_tuned,1,1035532,2024-05-04,mancity,wolves,1,0.6009520596410256,2.15,1.75,0.15223411092307687,-0.15223411092307693,0.03654485049833878,0.13583578057125817,-0.172380631069597
logistic_tuned,1,1035533,2024-05-04,sheffutd,nottmforest,1,0.5977079530848631,,,,,,,
logistic_tuned,1,1035527,2024-05-04,burnley,newcastle,1,0.6225690451572059,1.42,3.04,-0.05904530461857893,0.05904530461857882,0.03317272053372866,-0.08165630695547021,0.04848358642174144
logistic_tuned,1,1035528,2024-05-05,chelsea,westham,0,0.6483235821439024,1.47,2.81,-0.008218473930863945,0.008218473930863945,0.03614399496453391,-0.031948526699634994,-0.004195468264898861
logistic_tuned,1,1035526,2024-05-05,brighton,astonvilla,0,0.653471566291695,,,,,,,
logistic_tuned,1,1035530,2024-05-05,liverpool,tottenham,1,0.6370946108489294,1.44,2.96,-0.03563266187834324,0.03563266187834341,0.03228228228228236,-0.05734983359551504,0.025067551313232794
logistic_tuned,1,1035529,2024-05-06,crystalpalace,manutd,0,0.6067993607636389,,,,,,,
logistic_tuned,2,1208021,2024-08-16,manutd,fulham,0,0.5783768611588147,1.65,2.34,-0.008089304254719099,0.008089304254719154,0.033411033411033575,-0.027683744901791374,-0.00572728850924209
logistic_tuned,2,1208022,2024-08-17,ipswich,liverpool,0,0.5627754831199331,1.65,2.33,-0.0226516525584588,0.022651652558458912,0.03524515541682938,-0.04328512294067299,0.008039967523843727
logistic_tuned,2,1208025,2024-08-17,newcastle,southampton,0,0.5647982595300374,1.69,2.26,-0.0073536392041397836,0.007353639204139895,0.034193852437555794,-0.0269177168013236,-0.007276135636232084
logistic_tuned,2,1208023,2024-08-17,arsenal,wolves,0,0.5952754823533335,2.32,1.65,0.1796583538898574,-0.1796583538898574,0.03709508881922674,0.16424099959471278,-0.20133608841393957
logistic_tuned,2,1208024,2024-08-17,everton,brighton,0,0.5997922169883771,1.68,2.28,0.024034641230801457,-0.024034641230801346,0.03383458646616555,0.004554121750281914,-0.038388708216447354
logistic_tuned,2,1208026,2024-08-17,nottmforest,bournemouth,1,0.5726885663212603,,,,,,,
logistic_tuned,2,1208027,2024-08-17,westham,astonvilla,1,0.5986229879234354,,,,,,,
logistic_tuned,2,1208028,2024-08-18,brentford,crystalpalace,1,0.5526427535127432,,,,,,,
logistic_tuned,2,1208029,2024-08-18,chelsea,mancity,0,0.5940264924765227,1.53,2.63,-0.03818504598501571,0.03818504598501571,0.03382290812395938,-0.05956827876530735,0.025745370641347964
logistic_tuned,2,1208030,2024-08-19,leicester,tottenham,1,0.5577732674246741,1.6,2.44,-0.046187128614929795,0.046187128614929795,0.0348360655737705,-0.06722673257532585,0.03239066700155535
logistic_tuned,2,1208038,2024-08-24,southampton,nottmforest,0,0.6052378057855015,,,,,,,
logistic_tuned,2,1208032,2024-08-24,astonvilla,arsenal,0,0.5800479319385728,,,,,,,
logistic_tuned,2,1208037,2024-08-24,mancity,ipswich,1,0.6345113986625804,2.37,1.62,0.22849636106859544,-0.2284963610685955,0.039224878887325954,0.2125704703925383,-0.25179534927986436
logistic_tuned,2,1208035,2024-08-24,fulham,leicester,1,0.6372135487821384,1.79,2.1,0.09736779042738264,-0.09736779042738264,0.0348496940675711,0.07855433090504349,-0.11340402497261459
logistic_tuned,2,1208039,2024-08-24,tottenham,everton,0,0.6261134168222051,1.61,2.43,0.02462826830735365,-0.024628268307353596,0.03264064616721618,0.004995404399844916,-0.03763605056706104
logistic_tuned,2,1208033,2024-08-24,brighton,manutd,1,0.6095018778470067,1.44,2.94,-0.06173099886532207,0.06173099886532202,0.03458049886621306,-0.08494256659743771,0.05036206773122459
logistic_tuned,2,1208034,2024-08-24,crystalpalace,westham,0,0.5922623320716622,,,,,,,
logistic_tuned,2,1208031,2024-08-25,bournemouth,newcastle,1,0.5872219712049447,1.47,2.82,-0.07012068613771272,0.0701206861377126,0.034882037921551534,-0.09305013763859271,0.05816809971704112
logistic_tuned,2,1208040,2024-08-25,wolves,chelsea,1,0.6384971163571158,1.59,2.47,0.030122732120662632,-0.030122732120662632,0.0337891172052045,0.009566298747052948,-0.0433554159522575
logistic_tuned,2,1208036,2024-08-25,liverpool,brentford,0,0.5616402243769573,1.75,2.14,0.011511689672587089,-0.011511689672587089,0.03871829105473967,-0.009788347051614132,-0.028929944003125485
logistic_tuned,2,1208041,2024-08-31,arsenal,brighton,1,0.5849876112461485,1.85,2.03,0.0617917349574888,-0.06179173495748874,0.03315137797896428,0.04444707070560805,-0.07759844868457222
logistic_tuned,2,1208044,2024-08-31,everton,bournemouth,1,0.5959463362361684,1.67,2.29,0.01766350795334004,-0.017663507953340207,0.035483617917004384,-0.0028560589734124564,-0.03262755894359204
logistic_tuned,2,1208046,2024-08-31,leicester,astonvilla,1,0.6274523162792601,,,,,,,
logistic_tuned,2,1208042,2024-08-31,brentford,southampton,1,0.6212424944386783,1.75,2.17,0.06767106586724969,-0.06767106586724975,0.032258064516129004,0.0498139230101069,-0.0820719875262359
logistic_tuned,2,1208045,2024-08-31,ipswich,fulham,1,0.584742815459962,1.69,2.26,0.012590916725784829,-0.012590916725784718,0.034193852437555794,-0.006973160871398987,-0.027220691566156696
logistic_tuned,2,1208049,2024-08-31,nottmforest,wolves,1,0.6079476410955185,,,,,,,
logistic_tuned,2,1208050,2024-08-31,westham,mancity,1,0.5433968555178657,1.75,2.16,-0.009032812001315893,0.009032812001316004,0.03439153439153442,-0.028031715910705746,-0.006359818480828561
logistic_tuned,2,1208048,2024-09-01,newcastle,tottenham,1,0.6108056079886787,1.36,3.33,-0.09921571397294182,0.09921571397294177,0.03559441794735907,-0.1244885096583801,0.08889409171102103
logistic_tuned,2,1208043,2024-09-01,chelsea,crystalpalace,1,0.5969986458299409,,,,,,,
logistic_tuned,2,1208047,2024-09-01,manutd,liverpool,0,0.5380836353789571,1.48,2.8,-0.11612197209767838,0.11612197209767844,0.032818532818532864,-0.13759204029671857,0.10477350747818576
logistic_tuned,3,1208058,2024-09-14,southampton,manutd,0,0.6055049713515617,1.58,2.48,-0.00533246707208368,0.005332467072083569,0.0361371988566761,-0.02740642105350155,-0.008730777803174605
logistic_tuned,3,1208055,2024-09-14,fulham,westham,1,0.6241897507494384,1.65,2.34,0.037723585335904586,-0.03772358533590453,0.033411033411033575,0.01812914468883231,-0.051540178099865774
logistic_tuned,3,1208056,2024-09-14,liverpool,nottmforest,0,0.5414402255848101,,,,,,,
logistic_tuned,3,1208057,2024-09-14,mancity,brentford,1,0.5745463254451904,2.02,1.84,0.09786238762135613,-0.09786238762135613,0.038527765820060234,0.07949682049469531,-0.11802458631475554
logistic_tuned,3,1208053,2024-09-14,brighton,ipswich,0,0.6308215889029143,1.78,2.13,0.08606455565483251,-0.0860645556548324,0.03128132088410629,0.06902383609392548,-0.10030515697803166
logistic_tuned,3,1208054,2024-09-14,crystalpalace,leicester,1,0.6346648093271284,,,,,,,
logistic_tuned,3,1208052,2024-09-14,astonvilla,everton,1,0.6005446436108012,,,,,,,
logistic_tuned,3,1208051,2024-09-14,bournemouth,chelsea,0,0.6442886923176155,1.44,2.96,-0.028438580409657077,0.028438580409657244,0.03228228228228236,-0.05015575212682888,0.01787346984454663
logistic_tuned,3,1208059,2024-09-15,tottenham,arsenal,0,0.6063640786949421,1.49,2.75,-0.042220826965435276,0.04222082696543522,0.03477730323367911,-0.06477686090237333,0.02999955766869422
logistic_tuned,3,1208060,2024-09-15,wolves,newcastle,1,0.5967178879896247,1.54,2.6,-0.031301435681872936,0.031301435681872936,0.033966033966033926,-0.05263276136102468,0.018666727394990756
logistic_tuned,3,1208070,2024-09-21,westham,chelsea,0,0.5939136130597126,1.49,2.77,-0.05632112872432493,0.05632112872432504,0.03215176992222535,-0.07722732653760289,0.045075556615377654
logistic_tuned,3,1208064,2024-09-21,fulham,newcastle,1,0.5888477810004673,1.56,2.55,-0.031590175203912274,0.03159017520391216,0.03318250377073895,-0.05217786002517366,0.018995356254434603
logistic_tuned,3,1208066,2024-09-21,liverpool,bournemouth,0,0.5560054460862697,1.64,2.34,-0.03193425240619263,0.031934252406192576,0.03710652491140287,-0.053750651474705924,0.01664412656330294
logistic_tuned,3,1208068,2024-09-21,southampton,ipswich,1,0.6346553100547898,1.68,2.28,0.05889773429721412,-0.05889773429721401,0.03383458646616555,0.03941721481669458,-0.07325180128286002
logistic_tuned,3,1208065,2024-09-21,leicester,everton,1,0.5659857542913391,1.67,2.3,-0.013359333869869983,0.013359333869869872,0.033585003905233,-0.03281664091824177,-0.0007683629869913444
logistic_tuned,3,1208069,2024-09-21,tottenham,brentford,1,0.627841318645427,1.56,2.56,0.006482095344456207,-0.006482095344456151,0.03165064102564097,-0.013184322380213942,-0.018466318645427027
logistic_tuned,3,1208061,2024-09-21,astonvilla,wolves,1,0.6603327971383547,,,,,,,
logistic_tuned,3,1208063,2024-09-21,crystalpalace,manutd,0,0.620162078897623,,,,,,,
logistic_tuned,3,1208062,2024-09-22,brighton,nottmforest,1,0.5966225792876696,,,,,,,
logistic_tuned,3,1208067,2024-09-22,mancity,arsenal,1,0.5263203319685419,1.93,1.93,0.026320331968541888,-0.026320331968541888,0.0362694300518136,0.008185616942635088,-0.04445504699444869
logistic_tuned,3,1208078,2024-09-28,newcastle,mancity,1,0.6160157692306114,1.65,2.35,0.028515769230611387,-0.028515769230611387,0.03159252095422316,0.009955163170005332,-0.041547684124228434
logistic_tuned,3,1208072,2024-09-28,arsenal,leicester,1,0.6080202432932231,2.44,1.59,0.21347930036518348,-0.21347930036518337,0.03876688318383348,0.19818417771945263,-0.236951060903286
logistic_tuned,3,1208075,2024-09-28,everton,crystalpalace,1,0.5629665844071432,,,,,,,
logistic_tuned,3,1208074,2024-09-28,chelsea,brighton,1,0.6320762502140018,1.52,2.67,-0.005155253365950463,0.005155253365950463,0.032426572048097846,-0.025818486628103487,-0.006608085419994358
logistic_tuned,3,1208073,2024-09-28,brentford,westham,1,0.6208243956981103,1.52,2.67,-0.016407107881841965,0.016407107881841965,0.032426572048097846,-0.03707034114399499,0.004643769095897143
logistic_tuned,3,1208079,2024-09-28,nottmforest,fulham,0,0.5680141208931122,,,,,,,
logistic_tuned,3,1208080,2024-09-28,wolves,liverpool,1,0.5532394190212985,1.71,2.23,-0.012750428694437543,0.012750428694437543,0.03322581491096943,-0.031555902616128395,-0.0016699122948410916
logistic_tuned,3,1208076,2024-09-29,ipswich,astonvilla,1,0.6518105972716537,,,,,,,
logistic_tuned,3,1208077,2024-09-29,manutd,tottenham,0,0.5737087920344176,1.41,3.05,-0.11014771020773484,0.11014771020773484,0.03708871061504482,-0.1355110661216108,0.09842235550656597
logistic_tuned,3,1208071,2024-09-30,bournemouth,southampton,1,0.6336262181266905,1.68,2.29,0.05680002165313891,-0.05680002165313891,0.03191931794551883,0.03838812288859528,-0.07030744083411411
logistic_tuned,3,1208086,2024-10-05,crystalpalace,liverpool,0,0.5922017020655184,,,,,,,
logistic_tuned,3,1208081,2024-10-05,arsenal,southampton,1,0.5821397392196508,2.13,1.76,0.1296975798366174,-0.12969757983661734,0.03766538625693561,0.11265617114453341,-0.15032155740146902
logistic_tuned,3,1208088,2024-10-05,leicester,bournemouth,0,0.6239369834978092,1.56,2.54,0.004424788375858024,-0.004424788375858024,0.03472642842721574,-0.01708865752783173,-0.01763777089938401
logistic_tuned,3,1208090,2024-10-05,westham,ipswich,1,0.6150299383237071,1.68,2.27,0.04034639401990969,-0.04034639401990964,0.035766729599328695,0.019791843085611882,-0.05555857268494058
logistic_tuned,3,1208089,2024-10-05,mancity,fulham,1,0.5601572138323291,1.95,1.9,0.06665072032583552,-0.06665072032583552,0.03913630229419707,0.047336701011816196,-0.08647300330601326
logistic_tuned,3,1208083,2024-10-05,brentford,wolves,1,0.6541011645642572,1.63,2.36,0.06262246782240255,-0.06262246782240255,0.03722574607465945,0.04060423204891972,-0.07782997812357922
logistic_tuned,3,1208087,2024-10-05,everton,newcastle,0,0.590556628360306,1.57,2.52,-0.025580290955097396,0.02558029095509745,0.0337680719846325,-0.04638604679892966,0.012617974814297217
logistic_tuned,3,1208085,2024-10-06,chelsea,nottmforest,1,0.601626896398812,,,,,,,
logistic_tuned,3,1208082,2024-10-06,astonvilla,manutd,0,0.596620473792181,,,,,,,
logistic_tuned,3,1208084,2024-10-06,brighton,tottenham,1,0.6220509302194964,1.38,3.24,-0.07924777107920489,0.07924777107920494,0.03327965646806241,-0.10258675093992398,0.06930709447186162
logistic_tuned,3,1208099,2024-10-19,tottenham,westham,1,0.5880581912787035,1.53,2.64,-0.04503533390115266,0.04503533390115261,0.03238265002970886,-0.06553657996312656,0.0331539299334177
logistic_tuned,3,1208095,2024-10-19,manutd,brentford,1,0.6063476536765848,1.56,2.53,-0.012234253413879737,0.012234253413879626,0.03628255802168834,-0.03467798734905614,-0.0016045706726323106
logistic_tuned,3,1208092,2024-10-19,fulham,astonvilla,1,0.5650781788113325,,,,,,,
logistic_tuned,3,1208098,2024-10-19,southampton,leicester,1,0.5857523503063783,1.66,2.32,0.0028377774420565993,-0.0028377774420567103,0.03344412131283758,-0.01665728824783863,-0.016786833064999007
logistic_tuned,3,1208096,2024-10-19,newcastle,brighton,0,0.6441220789868919,1.54,2.61,0.015206416336289608,-0.015206416336289441,0.03249241180275675,-0.0052285703637574565,-0.02726384143899918
logistic_tuned,3,1208093,2024-10-19,ipswich,everton,0,0.5690240645083688,1.68,2.28,-0.006733511249206847,0.006733511249206958,0.03383458646616555,-0.02621403072972639,-0.00762055573643905
logistic_tuned,3,1208091,2024-10-19,bournemouth,arsenal,0,0.5906748164940854,1.8,2.09,0.05339975222673321,-0.05339975222673321,0.034024455077086735,0.035119260938529795,-0.06914371601561653
logistic_tuned,3,1208100,2024-10-20,wolves,mancity,1,0.5788541024754201,1.8,2.09,0.041579038208067964,-0.041579038208067964,0.034024455077086735,0.02329854691986455,-0.057323001996951284
logistic_tuned,3,1208094,2024-10-20,liverpool,chelsea,1,0.6077884455526184,1.46,2.87,-0.05502910641043024,0.05502910641043013,0.03336356259844386,-0.07714306129669668,0.04377949869825276
logistic_tuned,3,1208097,2024-10-21,nottmforest,crystalpalace,0,0.5838295087199449,,,,,,,
logistic_tuned,3,1208110,2024-10-25,leicester,nottmforest,1,0.5872100545795675,,,,,,,
logistic_tuned,3,1208111,2024-10-26,mancity,southampton,0,0.5756228270816115,1.94,1.91,0.07951893097771534,-0.07951893097771534,0.03902412694985702,0.06015890955583825,-0.09918303650569527
logistic_tuned,3,1208106,2024-10-26,brighton,wolves,1,0.6397877547713662,1.71,2.23,0.07379790705563016,-0.07379790705563016,0.03322581491096943,0.05499243313393931,-0.0882182480449088
logistic_tuned,3,1208105,2024-10-26,brentford,ipswich,1,0.6242746858223962,1.74,2.18,0.06815223684280436,-0.06815223684280441,0.03342824000843603,0.04956204214423532,-0.0829902821526714
logistic_tuned,3,1208104,2024-10-26,astonvilla,bournemouth,1,0.6163961964534718,,,,,,,
logistic_tuned,3,1208109,2024-10-26,everton,fulham,1,0.5654472669954768,1.63,2.38,-0.02806894248083247,0.02806894248083247,0.03366499974222825,-0.048049665519860674,0.014384665777632477
logistic_tuned,3,1208112,2024-10-27,westham,manutd,1,0.5668250062178879,1.57,2.52,-0.04931191309751548,0.049311913097515536,0.0337680719846325,-0.07011766894134774,0.0363495969567153
logistic_tuned,3,1208107,2024-10-27,chelsea,newcastle,1,0.5973938635406423,1.5,2.73,-0.04799620738134358,0.047996207381343525,0.03296703296703285,-0.06927280312602435,0.036305770158991446
logistic_tuned,3,1208108,2024-10-27,crystalpalace,tottenham,0,0.6270025257934553,,,,,,,
logistic_tuned,3,1208103,2024-10-27,arsenal,liverpool,1,0.5549082230911563,1.68,2.27,-0.01977532121264114,0.019775321212641195,0.035766729599328695,-0.04032987214693895,0.004563142547610255
logistic_tuned,3,1208118,2024-11-02,newcastle,arsenal,0,0.608791089805254,1.78,2.12,0.06520134621551033,-0.06520134621551038,0.03349586601653587,0.04699333699626518,-0.0804892030128011
logistic_tuned,3,1208113,2024-11-02,bournemouth,mancity,1,0.6207690528114569,1.65,2.33,0.035341917133065004,-0.03534191713306489,0.03524515541682938,0.014708446750850812,-0.04995360216768008
logistic_tuned,3,1208116,2024-11-02,liverpool,brighton,1,0.5859774876967435,1.6,2.44,-0.017982908342860426,0.017982908342860426,0.0348360655737705,-0.039022512303256485,0.004186446729485982
logistic_tuned,3,1208120,2024-11-02,southampton,everton,0,0.59365445796937,1.72,2.2,0.03242996817345156,-0.03242996817345162,0.03594080338266381,0.012259109132160662,-0.04819991251482453
logistic_tuned,3,1208115,2024-11-02,ipswich,leicester,1,0.6143203319745356,1.55,2.58,-0.010377004587207805,0.010377004587207694,0.03275818954738674,-0.03084095834804501,-0.0019172311993417845
logistic_tuned,3,1208119,2024-11-02,nottmforest,westham,0,0.5667699043017438,,,,,,,
logistic_tuned,3,1208122,2024-11-02,wolves,crystalpalace,1,0.5960557313847644,,,,,,,
logistic_tuned,4,1208121,2024-11-03,tottenham,astonvilla,1,0.632461586944637,,,,,,,
logistic_tuned,4,1208117,2024-11-03,manutd,chelsea,1,0.6347965152125609,1.42,3.03,-0.04610236119193356,0.046102361191933505,0.034258355413006036,-0.06942883690011525,0.035170481487109106
logistic_tuned,4,1208114,2024-11-04,fulham,brentford,1,0.5969879066968856,1.61,2.42,-0.0035083712187470306,0.0035083712187471416,0.034341152918228035,-0.024130105725474582,-0.010211047192753397
logistic_tuned,4,1208126,2024-11-09,crystalpalace,fulham,0,0.6098302848546611,,,,,,,
logistic_tuned,4,1208132,2024-11-09,wolves,southampton,0,0.6274986391308691,1.65,2.35,0.039998639130869096,-0.039998639130869096,0.03159252095422316,0.02143803307026304,-0.05303055402448614
logistic_tuned,4,1208131,2024-11-09,westham,everton,0,0.5955238491116785,1.75,2.17,0.041952420540249946,-0.04195242054025,0.032258064516129004,0.024095277683107152,-0.056353342199236156
logistic_tuned,4,1208127,2024-11-09,liverpool,astonvilla,0,0.6027976761266635,,,,,,,
logistic_tuned,4,1208123,2024-11-09,brentford,bournemouth,1,0.6259029890494905,1.5,2.71,-0.01780247413340741,0.017802474133407353,0.035670356703567,-0.04076367761717614,0.005093320913609145
logistic_tuned,4,1208124,2024-11-09,brighton,mancity,1,0.6393332037065272,1.49,2.78,-0.01172066046209097,0.011720660462091026,0.0308531698131429,-0.031807735890788225,0.0009545660776453802
logistic_tuned,4,1208128,2024-11-10,manutd,leicester,0,0.6044956027442139,1.8,2.09,0.06722053847686171,-0.06722053847686171,0.034024455077086735,0.0489400471886583,-0.08296450226574503
logistic_tuned,4,1208130,2024-11-10,tottenham,ipswich,1,0.6586388695452745,1.72,2.19,0.0985365677549932,-0.09853656775499314,0.03801635340341947,0.07724352070806517,-0.11525987411148458
logistic_tuned,4,1208129,2024-11-10,nottmforest,newcastle,1,0.5979550664941501,,,,,,,
logistic_tuned,4,1208125,2024-11-10,chelsea,arsenal,1,0.6253254595941408,1.65,2.34,0.03885929418060696,-0.03885929418060691,0.033411033411033575,0.019264853533534687,-0.05267588694456815
logistic_tuned,4,1208135,2024-11-23,astonvilla,crystalpalace,1,0.6302838480408381,,,,,,,
logistic_tuned,4,1208133,2024-11-23,bournemouth,brighton,1,0.6416970699679009,1.48,2.8,-0.012508537508734596,0.012508537508734652,0.032818532818532864,-0.03397860570777478,0.0011600728892419698
logistic_tuned,4,1208140,2024-11-23,mancity,tottenham,0,0.6094265651349273,1.52,2.66,-0.02693707122870903,0.026937071228709086,0.03383458646616555,-0.04846817170717799,0.014633585241012548
logistic_tuned,4,1208137,2024-11-23,fulham,wolves,1,0.6218329720918814,1.7,2.24,0.05330505331015545,-0.053305053310155504,0.034663865546218364,0.0335976779742343,-0.06826154352045277
logistic_tuned,4,1208136,2024-11-23,everton,brentford,0,0.6239631107597611,1.72,2.21,0.06162214383864151,-0.06162214383864145,0.033884036620014824,0.04256776192255174,-0.07645179854256651
logistic_tuned,4,1208134,2024-11-23,arsenal,nottmforest,0,0.6224505466809701,,,,,,,
logistic_tuned,4,1208139,2024-11-23,leicester,chelsea,1,0.6365646567878149,1.69,2.26,0.06441275805363778,-0.06441275805363766,0.034193852437555794,0.04484868045645396,-0.07904253289400964
logistic_tuned,4,1208142,2024-11-24,southampton,liverpool,1,0.617526995879291,1.68,2.28,0.04176942012171536,-0.04176942012171525,0.03383458646616555,0.02228890064119582,-0.05612348710736126
logistic_tuned,4,1208138,2024-11-24,ipswich,manutd,1,0.6245553337466567,1.67,2.3,0.04521024558544762,-0.04521024558544773,0.033585003905233,0.02575293853707583,-0.059337942442308944
logistic_tuned,4,1208141,2024-11-25,newcastle,westham,0,0.5810142136480687,1.73,2.19,0.022340744260313627,-0.022340744260313572,0.03465568664713503,0.0029795315671438116,-0.03763521821427879
logistic_tuned,4,1208144,2024-11-29,brighton,southampton,1,0.639266138648311,1.59,2.43,0.03478852670801258,-0.034788526708012524,0.040453451354918846,0.01033532103824819,-0.05078877239316698
logistic_tuned,4,1208146,2024-11-30,crystalpalace,newcastle,1,0.6218196908175702,,,,,,,
logistic_tuned,4,1208143,2024-11-30,brentford,leicester,1,0.6525685032257009,1.68,2.29,0.07574230675214932,-0.07574230675214932,0.03191931794551883,0.05733040798760569,-0.08924972593312452
logistic_tuned,4,1208149,2024-11-30,nottmforest,ipswich,0,0.6080919865229522,,,,,,,
logistic_tuned,4,1208151,2024-11-30,westham,arsenal,1,0.592915773258895,1.93,1.93,0.092915773258895,-0.092915773258895,0.0362694300518136,0.0747810582329882,-0.1110504882848018
logistic_tuned,4,1208152,2024-11-30,wolves,bournemouth,1,0.605189148879228,1.59,2.48,-0.004147460457381347,0.004147460457381236,0.03215662406167574,-0.02374166873083483,-0.008414955330840967
logistic_tuned,4,1208148,2024-12-01,manutd,everton,0,0.558793930781539,1.88,1.99,0.0445820444766295,-0.044582044476629445,0.034427456431091574,0.026879037164517783,-0.06130649359560936
logistic_tuned,4,1208150,2024-12-01,tottenham,fulham,1,0.6262155187885303,1.45,2.9,-0.040451147878136307,0.04045114787813636,0.034482758620689724,-0.06343965362526283,0.028956895004573102
logistic_tuned,4,1208145,2024-12-01,chelsea,astonvilla,0,0.6451656369538805,,,,,,,
logistic_tuned,4,1208147,2024-12-01,liverpool,mancity,0,0.6111143405836215,1.49,2.77,-0.039120401200416044,0.039120401200416155,0.03215176992222535,-0.060026599013694004,0.027874829091468767
logistic_tuned,4,1208158,2024-12-03,ipswich,crystalpalace,0,0.6215531764863292,,,,,,,
logistic_tuned,4,1208159,2024-12-03,leicester,westham,1,0.5975272811851282,1.63,2.37,0.005027281185128185,-0.005027281185128185,0.03543786078537958,-0.015969651330209222,-0.01946820945517036
logistic_tuned,4,1208161,2024-12-04,newcastle,liverpool,1,0.5829621471318855,1.57,2.52,-0.03317477218351783,0.03317477218351789,0.0337680719846325,-0.053980528027350094,0.020212456042717653
logistic_tuned,4,1208162,2024-12-04,southampton,chelsea,1,0.627106971136585,1.66,2.32,0.04419239827226329,-0.0441923982722634,0.03344412131283758,0.02469733258236806,-0.0581414538952057
logistic_tuned,4,1208156,2024-12-04,everton,wolves,0,0.6225603520742482,1.83,2.05,0.09420983661033067,-0.09420983661033078,0.03425296548047441,0.07611226464255427,-0.11036523012302873
logistic_tuned,4,1208160,2024-12-04,mancity,nottmforest,0,0.6163370637403823,,,,,,,
logistic_tuned,4,1208154,2024-12-04,arsenal,manutd,0,0.5933289865361314,1.78,2.11,0.050912534093972006,-0.050912534093972006,0.03573140209808834,0.031531233727142616,-0.06726263582523095
logistic_tuned,4,1208155,2024-12-04,astonvilla,brentford,1,0.626200225748804,,,,,,,
logistic_tuned,4,1208157,2024-12-05,fulham,brighton,1,0.6196388036445842,1.57,2.52,0.00350188432918086,-0.0035018843291808044,0.0337680719846325,-0.017303871514651403,-0.01646420046998104
logistic_tuned,4,1208153,2024-12-05,bournemouth,tottenham,0,0.6019229339984784,1.42,3.03,-0.07897594240601602,0.07897594240601596,0.034258355413006036,-0.10230241811419771,0.06804406270119157
logistic_tuned,4,1208165,2024-12-07,crystalpalace,mancity,1,0.606281624090367,,,,,,,
logistic_tuned,4,1208164,2024-12-07,brentford,newcastle,1,0.6409866978067582,1.53,2.64,0.007893172626902034,-0.00789317262690209,0.03238265002970886,-0.012608073435071865,-0.019774576594636994
logistic_tuned,4,1208163,2024-12-07,astonvilla,southampton,0,0.6293582190405134,,,,,,,
logistic_tuned,4,1208170,2024-12-07,manutd,nottmforest,1,0.5992255635724271,,,,,,,
logistic_tuned,4,1208167,2024-12-08,fulham,arsenal,1,0.5957497244269233,1.79,2.11,0.05472408340128232,-0.054724083401282264,0.03259286716619458,0.03709050654982837,-0.06968337371602285
logistic_tuned,4,1208169,2024-12-08,leicester,brighton,1,0.6462693918958196,1.64,2.36,0.05626939189581959,-0.05626939189581959,0.03348491112029772,0.03651329433484396,-0.06999820545514163
logistic_tuned,4,1208168,2024-12-08,ipswich,bournemouth,1,0.6226442516807019,1.63,2.38,0.02912804220439269,-0.02912804220439269,0.03366499974222825,0.009147319165364487,-0.042812318907592684
logistic_tuned,4,1208171,2024-12-08,tottenham,chelsea,1,0.6805697374999415,1.35,3.4,-0.03521973618426888,0.03521973618426899,0.034858387799564294,-0.06017100324079916,0.02531261544123492
logistic_tuned,4,1208172,2024-12-09,westham,wolves,1,0.6044639095367094,1.67,2.31,0.024061899486458094,-0.024061899486458094,0.03170282811001379,0.00566151432712847,-0.03736434243714226
logistic_tuned,4,1208179,2024-12-14,newcastle,leicester,0,0.6177278460688036,1.76,2.13,0.07017000545183705,-0.07017000545183699,0.03766538625693561,0.049546027886985367,-0.08721141414392097
logistic_tuned,4,1208182,2024-12-14,wolves,ipswich,1,0.645276797839004,1.73,2.19,0.08660332845124896,-0.0866033284512489,0.03465568664713503,0.06724211575807915,-0.10189780240521412
logistic_tuned,4,1208177,2024-12-14,liverpool,fulham,1,0.5792597861746204,1.72,2.18,0.020285427200261386,-0.02028542720026133,0.04011094516748459,-0.0021355626625889634,-0.03797538250489557
logistic_tuned,4,1208174,2024-12-14,arsenal,everton,0,0.5827850894513628,2.28,1.67,0.1600002793247805,-0.16000027932478045,0.0373988864376511,0.14418859822329255,-0.18158748466094365
logistic_tuned,4,1208180,2024-12-14,nottmforest,astonvilla,1,0.6164318819057659,,,,,,,
logistic_tuned,4,1208175,2024-12-15,brighton,crystalpalace,1,0.6251945862214009,,,,,,,
logistic_tuned,4,1208178,2024-12-15,mancity,manutd,1,0.6333974306791215,1.57,2.51,0.01820135224774888,-0.018201352247748992,0.03534904966122765,-0.0035452444801141736,-0.03180380518111353
logistic_tuned,4,1208181,2024-12-15,southampton,tottenham,0,0.6575336736199905,1.33,3.52,-0.06823952225629815,0.06823952225629815,0.03597060833902943,-0.09434602562812977,0.058375417289100395
logistic_tuned,4,1208176,2024-12-15,chelsea,brentford,1,0.6265614013175056,1.61,2.42,0.026065123401872947,-0.026065123401872836,0.034341152918228035,0.005443388895145396,-0.039784541813373375
logistic_tuned,4,1208173,2024-12-16,bournemouth,westham,1,0.5668150367026195,1.56,2.56,-0.05454418659835136,0.05454418659835142,0.03165064102564097,-0.07421060432302151,0.04255996329738054
logistic_tuned,4,1208183,2024-12-21,astonvilla,mancity,1,0.6068051664339038,,,,,,,
logistic_tuned,4,1208192,2024-12-21,westham,brighton,1,0.6215559656142794,1.45,2.91,-0.045875227046271005,0.045875227046271116,0.03329778409764206,-0.06809920679951376,0.03480142270187181
logistic_tuned,4,1208184,2024-12-21,brentford,nottmforest,0,0.6236446225793386,,,,,,,
logistic_tuned,4,1208188,2024-12-21,ipswich,newcastle,0,0.595970180263995,1.63,2.37,0.0034701802639949264,-0.0034701802639949264,0.03543786078537958,-0.01752675225134248,-0.0179111085340371
logistic_tuned,4,1208185,2024-12-21,crystalpalace,arsenal,1,0.5711108370772092,,,,,,,
logistic_tuned,4,1208191,2024-12-22,tottenham,liverpool,1,0.6337299431517701,1.36,3.35,-0.077522710776043,0.07752271077604306,0.03380158033362601,-0.10156417449528865,0.06776259416166275
logistic_tuned,4,1208187,2024-12-22,fulham,southampton,0,0.6380296677068633,1.74,2.17,0.08304245543064848,-0.08304245543064848,0.03554213676571849,0.06331702402870243,-0.09885916079442092
logistic_tuned,4,1208190,2024-12-22,manutd,bournemouth,0,0.5863885508530116,1.62,2.39,-0.00962142420933254,0.009621424209332596,0.03569399245828819,-0.030895399764272358,-0.004798592694015724
logistic_tuned,4,1208189,2024-12-22,leicester,wolves,0,0.6617899161221068,1.55,2.58,0.03709257956036338,-0.03709257956036349,0.03275818954738674,0.016628625799526175,-0.04938681534691297
logistic_tuned,4,1208186,2024-12-22,everton,chelsea,0,0.6150141338151565,1.66,2.32,0.03209956095083477,-0.03209956095083488,0.03344412131283758,0.012604495260939541,-0.04604861657377718
logistic_tuned,4,1208201,2024-12-26,southampton,westham,0,0.6251729979652998,1.61,2.43,0.02368784945044833,-0.023687849450448273,0.03264064616721618,0.004054985542939593,-0.03669563171015572
logistic_tuned,4,1208193,2024-12-26,bournemouth,crystalpalace,0,0.5833228356317747,,,,,,,
logistic_tuned,4,1208199,2024-12-26,newcastle,astonvilla,0,0.5873585040887175,,,,,,,
logistic_tuned,4,1208198,2024-12-26,mancity,everton,1,0.5653768063569032,1.88,1.98,0.052423438481255635,-0.052423438481255524,0.03696539866752646,0.03346191273988197,-0.07042731140740832
logistic_tuned,4,1208200,2024-12-26,nottmforest,tottenham,0,0.5924990919814922,,,,,,,
logistic_tuned,4,1208196,2024-12-26,chelsea,fulham,1,0.6077845142311442,1.65,2.33,0.022357378552752327,-0.022357378552752216,0.03524515541682938,0.0017239081705381354,-0.0369690635873674
logistic_tuned,4,1208197,2024-12-26,liverpool,leicester,1,0.5970690458915878,2.07,1.79,0.13333847594340126,-0.1333384759434013,0.0417510053167085,0.11397725845197426,-0.15572826376868276
logistic_tuned,4,1208202,2024-12-26,wolves,manutd,0,0.5956041618484796,1.75,2.16,0.043174494329298096,-0.043174494329297985,0.03439153439153442,0.024175590419908244,-0.05856712481144255
logistic_tuned,4,1208195,2024-12-27,brighton,brentford,0,0.6391720406601497,1.52,2.65,0.003680433945521311,-0.003680433945521422,0.03525322740814296,-0.018722696181955656,-0.016530531226187417
logistic_tuned,4,1208194,2024-12-27,arsenal,ipswich,0,0.6101682157488603,2.23,1.69,0.17904576676926848,-0.17904576676926842,0.040146469604903645,0.16173772247531765,-0.20188419208022124
logistic_tuned,4,1208206,2024-12-29,everton,nottmforest,0,0.6049377013161393,,,,,,,
logistic_tuned,4,1208211,2024-12-29,tottenham,wolves,1,0.6730491267874479,1.47,2.84,0.014116412170278592,-0.014116412170278536,0.03238478489987551,-0.007222982056089511,-0.02516180284378594
logistic_tuned,4,1208205,2024-12-29,crystalpalace,southampton,1,0.628317443028109,,,,,,,
logistic_tuned,4,1208212,2024-12-29,westham,liverpool,0,0.5547144510600177,1.69,2.26,-0.017437447674159445,0.017437447674159556,0.034193852437555794,-0.03700152527134326,0.002807672833787578
logistic_tuned,4,1208209,2024-12-29,leicester,mancity,0,0.6400717860352978,1.68,2.26,0.06646772512159216,-0.06646772512159227,0.037715971344289834,0.04483369079720256,-0.08254966214149251
logistic_tuned,4,1208207,2024-12-29,fulham,bournemouth,1,0.6120422588365358,1.67,2.3,0.03269717067532674,-0.03269717067532685,0.033585003905233,0.01323986362695495,-0.046824867532188064
logistic_tuned,4,1208203,2024-12-30,astonvilla,brighton,1,0.6323380455493861,,,,,,,
logistic_tuned,4,1208210,2024-12-30,manutd,newcastle,0,0.5660630281148318,1.56,2.55,-0.0543749280895478,0.05437492808954769,0.03318250377073895,-0.07496261291080919,0.04178010914007013
logistic_tuned,4,1208208,2024-12-30,ipswich,chelsea,0,0.6493275734689978,1.74,2.18,0.09320512448940599,-0.09320512448940604,0.03342824000843603,0.07461492979083695,-0.10804316979927303
logistic_tuned,4,1208204,2025-01-01,brentford,arsenal,1,0.6079776870831648,1.76,2.15,0.058105564321016434,-0.058105564321016434,0.03329809725158572,0.039795868901346565,-0.07309396615293223
logistic_tuned,5,1208221,2025-01-04,tottenham,newcastle,1,0.6554912093836122,1.35,3.43,-0.06208201237371014,0.06208201237371003,0.032285930245113725,-0.08524953135712854,0.0529636011120147
logistic_tuned,5,1208213,2025-01-04,bournemouth,everton,0,0.6351545405113812,1.75,2.16,0.08272487299219966,-0.08272487299219955,0.03439153439153442,0.06372596908280981,-0.09811750347434411
logistic_tuned,5,1208220,2025-01-04,southampton,brentford,0,0.6629631187648528,1.56,2.54,0.043450923642901595,-0.043450923642901595,0.03472642842721574,0.02193747773921184,-0.05666390616642758
logistic_tuned,5,1208219,2025-01-04,mancity,westham,1,0.5701751441353654,1.72,2.19,0.010072842345084099,-0.010072842345084043,0.03801635340341947,-0.011220204701843928,-0.026796148701575484
logistic_tuned,5,1208216,2025-01-04,crystalpalace,chelsea,1,0.6699311471537257,,,,,,,
logistic_tuned,5,1208214,2025-01-04,astonvilla,leicester,1,0.6838631644285517,,,,,,,
logistic_tuned,5,1208215,2025-01-04,brighton,arsenal,1,0.5767079077713217,1.85,2.02,0.05474408348191606,-0.05474408348191617,0.035590045491035394,0.03616736723078129,-0.0717574127218168
logistic_tuned,5,1208217,2025-01-05,fulham,ipswich,1,0.6583660474384974,1.88,2.0,0.14290212991272422,-0.14290212991272416,0.03191489361702127,0.1264511538214761,-0.15836604743849736
logistic_tuned,5,1208218,2025-01-05,liverpool,manutd,1,0.5929013987270945,1.79,2.11,0.05187575770145347,-0.05187575770145342,0.03259286716619458,0.034242180849999526,-0.066835048016194
logistic_tuned,5,1208222,2025-01-06,wolves,nottmforest,0,0.5577241054845054,,,,,,,
logistic_tuned,5,1208229,2025-01-14,westham,fulham,1,0.5289522819979053,1.72,2.2,-0.0322722077980131,0.03227220779801304,0.03594080338266381,-0.052443066839304,0.01650226345664013
logistic_tuned,5,1208230,2025-01-14,chelsea,bournemouth,1,0.6398435301439883,1.56,2.55,0.019405573939608733,-0.019405573939608844,0.03318250377073895,-0.0011821108816526538,-0.032000392889086404
logistic_tuned,5,1208224,2025-01-14,brentford,mancity,1,0.62504909844746,1.51,2.69,-0.015427092028730383,0.015427092028730438,0.03399886752504999,-0.037202557181679086,0.0032036896566291495
logistic_tuned,5,1208228,2025-01-14,nottmforest,liverpool,1,0.46125624650164604,,,,,,,
logistic_tuned,5,1208231,2025-01-15,newcastle,wolves,0,0.5574768887187356,1.76,2.15,0.007604765956587212,-0.007604765956587212,0.03329809725158572,-0.010704929463082657,-0.02259316778850301
logistic_tuned,5,1208225,2025-01-15,everton,astonvilla,0,0.6079531881340502,,,,,,,
logistic_tuned,5,1208227,2025-01-15,leicester,crystalpalace,0,0.5904290008145188,,,,,,,
logistic_tuned,5,1208223,2025-01-15,arsenal,tottenham,1,0.6059072132168529,1.8,2.09,0.06863214894950076,-0.06863214894950076,0.034024455077086735,0.050351657661297344,-0.08437611273838408
logistic_tuned,5,1208226,2025-01-16,ipswich,brighton,0,0.642922523580435,1.67,2.3,0.06357743541922589,-0.063577435419226,0.033585003905233,0.044120128370854106,-0.07770513227608722
logistic_tuned,5,1208232,2025-01-16,manutd,southampton,1,0.588017765614236,2.03,1.83,0.11392450136553128,-0.11392450136553134,0.03905892487011764,0.09540692817581231,-0.13446585304592995
logistic_tuned,5,1208240,2025-01-18,newcastle,bournemouth,1,0.5376569877070969,1.59,2.46,-0.06975041970031037,0.06975041970031054,0.03543488265071337,-0.09127382990296595,0.05583894725225269
logistic_tuned,5,1208238,2025-01-18,leicester,fulham,0,0.5997527250420566,1.78,2.11,0.05733627259989715,-0.05733627259989715,0.03573140209808834,0.03795497223306776,-0.0736863743311561
logistic_tuned,5,1208242,2025-01-18,westham,crystalpalace,0,0.5872205807929405,,,,,,,
logistic_tuned,5,1208234,2025-01-18,brentford,liverpool,0,0.543737901648529,1.5,2.73,-0.10165216927345688,0.10165216927345683,0.03296703296703285,-0.12292876501813765,0.08996173205110475
logistic_tuned,5,1208233,2025-01-18,arsenal,astonvilla,1,0.640440458637233,,,,,,,
logistic_tuned,5,1208239,2025-01-19,manutd,brighton,1,0.6237505878382448,1.65,2.34,0.03728442242471097,-0.03728442242471092,0.033411033411033575,0.017689981777638697,-0.05110101518867216
logistic_tuned,5,1208236,2025-01-19,everton,tottenham,1,0.6299826320061962,1.7,2.23,0.06255260656090356,-0.06255260656090356,0.03666578739118975,0.04174733788854912,-0.07841312527973882
logistic_tuned,5,1208241,2025-01-19,nottmforest,southampton,1,0.5540783969649807,,,,,,,
logistic_tuned,5,1208237,2025-01-19,ipswich,mancity,0,0.6172846902707213,1.79,2.1,0.07743893191596551,-0.07743893191596551,0.0348496940675711,0.058625472393626366,-0.09347516646119747
logistic_tuned,5,1208235,2025-01-20,chelsea,wolves,1,0.6860531737305677,1.6,2.45,0.08111490212562944,-0.08111490212562944,0.03316326530612246,0.061053173730567734,-0.09421643903669014
logistic_tuned,5,1208243,2025-01-25,bournemouth,nottmforest,0,0.6026564740638619,,,,,,,
logistic_tuned,5,1208252,2025-01-25,wolves,arsenal,0,0.5792116778053525,2.02,1.86,0.09983023450638345,-0.09983023450638351,0.03268391355264555,0.0841621728548575,-0.11684608640750305
logistic_tuned,5,1208248,2025-01-25,liverpool,ipswich,1,0.6213827744566339,2.14,1.75,0.1715113091610041,-0.1715113091610041,0.03871829105473967,0.1540930548304657,-0.19281134588520532
logistic_tuned,5,1208250,2025-01-25,southampton,newcastle,1,0.5558720445896916,1.65,2.35,-0.031627955410308384,0.031627955410308384,0.03159252095422316,-0.05018856147091444,0.018596040516691337
logistic_tuned,5,1208245,2025-01-25,brighton,everton,0,0.5996848143884753,1.92,1.95,0.09580884539622725,-0.09580884539622725,0.033653846153846256,0.07885148105514195,-0.1125053272089882
logistic_tuned,5,1208249,2025-01-25,mancity,chelsea,1,0.6423904310588003,1.41,3.08,-0.04357838854030893,0.043578388540308766,0.033895182831352955,-0.06682942709722806,0.03293424426587499
logistic_tuned,5,1208251,2025-01-26,tottenham,leicester,1,0.724398670946487,1.47,2.84,0.06546595632931773,-0.06546595632931768,0.03238478489987551,0.04412656210294963,-0.07651134700282508
logistic_tuned,5,1208246,2025-01-26,crystalpalace,brentford,1,0.6283088180531928,,,,,,,
logistic_tuned,5,1208244,2025-01-26,astonvilla,westham,1,0.6282249326187787,,,,,,,
logistic_tuned,5,1208247,2025-01-26,fulham,manutd,0,0.5481071038000522,1.66,2.31,-0.03375687604881439,0.03375687604881422,0.035310071454649705,-0.05430253475416469,0.018992463299514872
logistic_tuned,5,1208260,2025-02-01,newcastle,fulham,1,0.5974929496426223,1.68,2.27,0.022809405338824917,-0.022809405338824862,0.035766729599328695,0.002254854404527107,-0.0380215840038558
logistic_tuned,5,1208253,2025-02-01,bournemouth,liverpool,0,0.6107032248503439,1.49,2.77,-0.03953151693369361,0.03953151693369372,0.03215176992222535,-0.06043771474697157,0.028285944824746334
logistic_tuned,5,1208261,2025-02-01,nottmforest,brighton,0,0.6219925245628494,,,,,,,
logistic_tuned,5,1208262,2025-02-01,wolves,astonvilla,0,0.6550340866387881,,,,,,,
logistic_tuned,5,1208257,2025-02-01,everton,leicester,0,0.611731635183087,2.07,1.81,0.1452367898222623,-0.1452367898222623,0.03557797528491746,0.12863984774347348,-0.16421782302839094
logistic_tuned,5,1208258,2025-02-01,ipswich,southampton,1,0.5909151789725435,1.7,2.25,0.02129492580798653,-0.021294925807986587,0.03267973856209139,0.0026798848548964527,-0.03535962341698795
logistic_tuned,5,1208259,2025-02-02,manutd,crystalpalace,0,0.5561939115835783,,,,,,,
logistic_tuned,5,1208255,2025-02-02,brentford,tottenham,0,0.693842862249495,1.33,3.56,-0.034173497668705366,0.03417349766870542,0.03277857565261466,-0.058036836998625274,0.025258261346010613
logistic_tuned,5,1208254,2025-02-02,arsenal,mancity,1,0.5749238880563851,1.61,2.41,-0.02457859950580399,0.02457859950580399,0.036055771758459754,-0.04619412436597514,0.010138352607515388
logistic_tuned,5,1208256,2025-02-03,chelsea,westham,1,0.6303783580251323,1.67,2.27,0.054236226045436875,-0.05423622604543682,0.03933102957081447,0.03157596281555142,-0.07090699238636577
logistic_tuned,5,1208166,2025-02-12,everton,liverpool,1,0.511869258811629,1.93,1.94,0.010577269147546309,-0.01057726914754642,0.03359863255167994,-0.006265456214277765,-0.027333176337402287
logistic_tuned,5,1208264,2025-02-14,brighton,chelsea,0,0.675594436697799,1.51,2.7,0.03426427042701519,-0.03426427042701502,0.032622025999509585,0.013342781068659826,-0.0459648070681693
logistic_tuned,5,1208270,2025-02-15,southampton,bournemouth,1,0.578642952354191,1.59,2.47,-0.029731431882262127,0.029731431882262127,0.0337891172052045,-0.05028786525587181,0.016498748050667256
logistic_tuned,5,1208267,2025-02-15,leicester,arsenal,0,0.577220465626778,2.24,1.7,0.14574838440850385,-0.1457483844085039,0.034663865546218364,0.13079189419820658,-0.16545575974442506
logistic_tuned,5,1208266,2025-02-15,fulham,nottmforest,1,0.5201657236545514,,,,,,,
logistic_tuned,5,1208272,2025-02-15,westham,brentford,0,0.6144695436942764,1.49,2.75,-0.03411536196610099,0.03411536196610093,0.03477730323367911,-0.056671395903039046,0.021894092669359932
logistic_tuned,5,1208263,2025-02-15,astonvilla,ipswich,1,0.6267573901251013,,,,,,,
logistic_tuned,5,1208265,2025-02-15,crystalpalace,everton,1,0.579809029810056,,,,,,,
logistic_tuned,5,1208269,2025-02-15,mancity,newcastle,0,0.5235430634374983,1.41,3.08,-0.16242575616161092,0.16242575616161076,0.033895182831352955,-0.18567679471853005,0.15178161188717698
logistic_tuned,5,1208268,2025-02-16,liverpool,wolves,1,0.6117229721993933,1.94,1.91,0.11561907609549715,-0.11561907609549715,0.03902412694985702,0.09625905467362006,-0.13528318162347708
logistic_tuned,5,1208271,2025-02-16,tottenham,manutd,0,0.6767979160711567,1.49,2.76,0.027386151365274447,-0.027386151365274336,0.03345978017702578,0.005656976473841224,-0.03911675665086689
logistic_tuned,5,1208305,2025-02-19,astonvilla,liverpool,1,0.6064592490215512,,,,,,,
logistic_tuned,5,1208279,2025-02-21,leicester,brentford,0,0.6138249401697821,1.54,2.59,-0.01329370389801443,0.013293703898014597,0.03545103545103556,-0.03552570918086728,7.467372983183118e-05
logistic_tuned,5,1208273,2025-02-22,bournemouth,wolves,0,0.6748456058746555,1.74,2.18,0.11872315689506363,-0.11872315689506369,0.03342824000843603,0.10013296219649459,-0.13356120220493067
logistic_tuned,5,1208277,2025-02-22,fulham,crystalpalace,0,0.5820936974848484,,,,,,,
logistic_tuned,5,1208282,2025-02-22,southampton,brighton,0,0.6108986743840357,1.64,2.36,0.020898674384035698,-0.020898674384035698,0.03348491112029772,0.0011425768230600708,-0.03462748794335774
logistic_tuned,5,1208274,2025-02-22,arsenal,westham,0,0.5953998949387805,2.41,1.61,0.19490238250096958,-0.19490238250096958,0.036055771758459754,0.18046213560268098,-0.21651790736114074
logistic_tuned,5,1208276,2025-02-22,everton,manutd,1,0.5570771975771985,1.96,1.91,0.06353714589761195,-0.06353714589761195,0.03376429105673684,0.04687311594454546,-0.0806374070012823
logistic_tuned,5,1208278,2025-02-22,ipswich,tottenham,1,0.6498696058097551,1.48,2.79,-0.0035261787335704176,0.003526178733570473,0.03409861474377607,-0.0258060698659206,-0.008292544877855412
logistic_tuned,5,1208275,2025-02-22,astonvilla,chelsea,1,0.665763936436681,,,,,,,
logistic_tuned,5,1208281,2025-02-23,newcastle,nottmforest,1,0.5915857068061102,,,,,,,
logistic_tuned,5,1208280,2025-02-23,mancity,liverpool,0,0.5653316550525507,1.5,2.74,-0.08089476004178886,0.08089476004178897,0.031630170316301776,-0.10133501161411596,0.06970484129781429
logistic_tuned,5,1208288,2025-02-25,wolves,fulham,1,0.5184371402767998,1.88,2.0,0.0029732227510266274,-0.002973222751026572,0.03191489361702127,-0.013477753340221499,-0.01843714027679977
logistic_tuned,5,1208284,2025-02-25,brighton,bournemouth,1,0.5625400551540318,1.55,2.56,-0.06033099107467865,0.0603309910746786,0.035786290322580516,-0.0826212351685488,0.046834944845968174
logistic_tuned,5,1208289,2025-02-25,crystalpalace,astonvilla,1,0.5720028639425261,,,,,,,
logistic_tuned,5,1208290,2025-02-25,chelsea,southampton,0,0.578335494385158,1.92,1.93,0.07703679308645672,-0.07703679308645661,0.03896804835924028,0.057502161051824596,-0.09647020941106477
logistic_tuned,5,1208292,2025-02-26,manutd,ipswich,1,0.5844433441633725,1.7,2.25,0.014823090998815514,-0.014823090998815569,0.03267973856209139,-0.003791949954274565,-0.028887788607816933
logistic_tuned,5,1208283,2025-02-26,brentford,everton,1,0.5507730411156183,1.67,2.3,-0.028572047045590798,0.028572047045590687,0.033585003905233,-0.048029354093962584,0.014444350188729471
logistic_tuned,5,1208291,2025-02-26,liverpool,newcastle,0,0.5252000704647234,1.72,2.2,-0.036024419331195046,0.03602441933119499,0.03594080338266381,-0.056195278372485946,0.02025447498982208
logistic_tuned,5,1208285,2025-02-26,nottmforest,arsenal,0,0.5801570013865291,,,,,,,
logistic_tuned,5,1208286,2025-02-26,tottenham,mancity,0,0.6361880915716417,1.38,3.22,-0.06381190842835838,0.06381190842835832,0.035196687370600444,-0.08844958958777871,0.05325290221717821
logistic_tuned,5,1208287,2025-02-27,westham,leicester,0,0.5635097192114349,1.83,2.05,0.035159203747517354,-0.035159203747517465,0.03425296548047441,0.01706163177974096,-0.05131459726021542
logistic_tuned,6,1208297,2025-03-08,liverpool,southampton,1,0.615916510035684,2.15,1.75,0.1671985613177353,-0.16719856131773536,0.03654485049833878,0.1508002309659166,-0.18734508146425544
logistic_tuned,6,1208294,2025-03-08,brighton,fulham,1,0.5837200414527638,1.73,2.19,0.02504657206500871,-0.025046572065008654,0.03465568664713503,0.005685359371838894,-0.04034104601897387
logistic_tuned,6,1208299,2025-03-08,nottmforest,mancity,0,0.6098426506985732,,,,,,,
logistic_tuned,6,1208302,2025-03-08,wolves,everton,1,0.5418102477717142,2.13,1.78,0.08656728101979605,-0.08656728101979594,0.03128132088410629,0.07232667969659679,-0.10360800058070296
logistic_tuned,6,1208296,2025-03-08,crystalpalace,ipswich,0,0.5826497676523439,,,,,,,
logistic_tuned,6,1208293,2025-03-08,brentford,astonvilla,0,0.5918734846096501,,,,,,,
logistic_tuned,6,1208300,2025-03-09,tottenham,bournemouth,1,0.6085365661878155,1.43,2.99,-0.06793402204747867,0.06793402204747867,0.033748859835816436,-0.0907641331128839,0.05701527327706746
logistic_tuned,6,1208295,2025-03-09,chelsea,leicester,0,0.6313324166893144,2.04,1.83,0.15846419963505082,-0.15846419963505076,0.03664416586306651,0.14113633825794186,-0.17778050412100832
logistic_tuned,6,1208298,2025-03-09,manutd,arsenal,1,0.5985771223341201,2.02,1.85,0.12054094662352566,-0.12054094662352577,0.035590045491035394,0.10352761738362504,-0.13911766287466054
logistic_tuned,6,1208301,2025-03-10,westham,newcastle,0,0.539251694028862,1.68,2.27,-0.03543185027493545,0.035431850274935506,0.035766729599328695,-0.05598640120923326,0.020219671609904566
logistic_tuned,6,1208308,2025-03-15,ipswich,nottmforest,1,0.5853304203167914,,,,,,,
logistic_tuned,6,1208303,2025-03-15,bournemouth,brentford,1,0.6409607281392359,1.51,2.69,0.000484537663045459,-0.00048453766304540347,0.03399886752504999,-0.021290927489903244,-0.012707940035146692
logistic_tuned,6,1208306,2025-03-15,everton,westham,1,0.6203641891415462,2.03,1.85,0.143560065430206,-0.14356006543020594,0.03315137797896428,0.12775335170312252,-0.1609047296820867
logistic_tuned,6,1208310,2025-03-15,mancity,brighton,1,0.6011030235757411,1.5,2.74,-0.045123391518598455,0.045123391518598566,0.031630170316301776,-0.06556364309092555,0.033933472774623885
logistic_tuned,6,1208312,2025-03-15,southampton,wolves,1,0.6118198720853021,1.77,2.13,0.06566602593145587,-0.06566602593145593,0.034455319487546765,0.046848120672872695,-0.08130344016041946
logistic_tuned,6,1208307,2025-03-16,fulham,tottenham,0,0.6193724119373493,1.66,2.32,0.036457839073027576,-0.03645783907302769,0.03344412131283758,0.016962773383132346,-0.050406894695969984
logistic_tuned,6,1208304,2025-03-16,arsenal,chelsea,0,0.6148568432917025,2.04,1.84,0.14063003916799122,-0.14063003916799122,0.03367433930093777,0.12466076486033001,-0.15833510416126773
logistic_tuned,6,1208309,2025-03-16,leicester,manutd,0,0.5920383216072098,1.81,2.07,0.05853316696803457,-0.05853316696803457,0.03557797528491746,0.03955213376190592,-0.07513010904682338
logistic_tuned,6,1208317,2025-04-01,wolves,westham,0,0.613011108498868,2.01,1.86,0.1323909534601082,-0.13239095346010832,0.035146846413095734,0.11549867068792263,-0.15064551710101848
logistic_tuned,6,1208314,2025-04-01,arsenal,fulham,1,0.553857424725777,2.18,1.74,0.10997987370536882,-0.10997987370536888,0.03342824000843603,0.09514182839550184,-0.12857006840393792
logistic_tuned,6,1208316,2025-04-01,nottmforest,manutd,0,0.6210158005027578,,,,,,,
logistic_tuned,6,1208320,2025-04-02,newcastle,brentford,1,0.6156443059049158,1.55,2.56,-0.007226740323794667,0.0072267403237946115,0.035786290322580516,-0.029516984417664816,-0.006269305904915812
logistic_tuned,6,1208313,2025-04-02,bournemouth,ipswich,1,0.6024676894484136,1.93,1.94,0.10117569978433083,-0.10117569978433094,0.03359863255167994,0.08433297442250676,-0.11793160697418681
logistic_tuned,6,1208321,2025-04-02,southampton,crystalpalace,1,0.5911997680097143,,,,,,,
logistic_tuned,6,1208319,2025-04-02,mancity,leicester,0,0.6023500443541935,1.91,1.94,0.09845394045808964,-0.09845394045808964,0.03902412694985702,0.07878983493010971,-0.11781396187996673
logistic_tuned,6,1208315,2025-04-02,brighton,astonvilla,0,0.5992093316466256,,,,,,,
logistic_tuned,6,1208322,2025-04-02,liverpool,everton,0,0.5600944764894454,1.96,1.91,0.06655442480985885,-0.06655442480985885,0.03376429105673684,0.049890394856792364,-0.0836546859135292
logistic_tuned,6,1208318,2025-04-03,chelsea,tottenham,0,0.6257844455313011,1.52,2.67,-0.011447058048651204,0.011447058048651204,0.032426572048097846,-0.03211029131080423,-0.00031628073729361716
logistic_tuned,6,1208326,2025-04-05,everton,arsenal,1,0.6279396392082811,2.17,1.75,0.18151106777970966,-0.1815110677797097,0.032258064516129004,0.1671101461207235,-0.1993682106368525
logistic_tuned,6,1208332,2025-04-05,westham,bournemouth,1,0.5774281755003823,1.68,2.28,0.0016705997428065888,-0.0016705997428064778,0.03383458646616555,-0.017809919737712954,-0.016024666728452486
logistic_tuned,6,1208325,2025-04-05,crystalpalace,brighton,1,0.5689096788008132,,,,,,,
logistic_tuned,6,1208328,2025-04-05,ipswich,wolves,1,0.6011499466304099,1.98,1.88,0.1141033145060576,-0.11410331450605748,0.03696539866752646,0.0960994415799048,-0.13306484024743115
logistic_tuned,6,1208323,2025-04-05,astonvilla,nottmforest,1,0.6152336360440531,,,,,,,
logistic_tuned,6,1208327,2025-04-06,fulham,liverpool,1,0.5838992044478025,1.72,2.2,0.022674714651884087,-0.022674714651884142,0.03594080338266381,0.0025038556105931864,-0.03844465899325705
logistic_tuned,6,1208331,2025-04-06,tottenham,southampton,1,0.6224148774423479,1.68,2.27,0.04773133313855049,-0.047731333138550436,0.035766729599328695,0.02717678220425268,-0.06294351180358138
logistic_tuned,6,1208324,2025-04-06,brentford,chelsea,0,0.6334496839853132,1.53,2.64,0.0003561588054570297,-0.0003561588054570852,0.03238265002970886,-0.02014508725651687,-0.01223756277319199
logistic_tuned,6,1208330,2025-04-06,manutd,mancity,0,0.6046816250120133,1.56,2.55,-0.015756331192366302,0.01575633119236619,0.03318250377073895,-0.03634401601362769,0.003161512242888631
logistic_tuned,6,1208329,2025-04-07,leicester,newcastle,0,0.5702486772562836,1.9,1.97,0.061204749607704834,-0.06120474960770472,0.0339300026716538,0.043932887782599406,-0.0778628904542531
logistic_tuned,6,1208338,2025-04-12,mancity,crystalpalace,1,0.5493476638890873,,,,,,,
logistic_tuned,6,1208341,2025-04-12,southampton,astonvilla,0,0.6116035885433246,,,,,,,
logistic_tuned,6,1208335,2025-04-12,brighton,leicester,1,0.6465912937742955,2.0,1.88,0.16205521130006867,-0.1620552113000686,0.03191489361702127,0.14659129377429547,-0.17850618739131674
logistic_tuned,6,1208340,2025-04-12,nottmforest,everton,0,0.6103779349907129,,,,,,,
logistic_tuned,6,1208334,2025-04-12,arsenal,brentford,1,0.5868106864470376,1.79,2.1,0.04696492809228181,-0.04696492809228181,0.0348496940675711,0.02815146856994266,-0.06300116263751376
logistic_tuned,6,1208342,2025-04-13,wolves,tottenham,1,0.6095031150956418,1.62,2.39,0.013493140033297712,-0.013493140033297657,0.03569399245828819,-0.007780835521642104,-0.027913156936645978
logistic_tuned,6,1208337,2025-04-13,liverpool,westham,1,0.5675712228388962,1.99,1.87,0.08311526428967336,-0.08311526428967331,0.03727192110284028,0.06505866002482585,-0.10233058112766613
logistic_tuned,6,1208336,2025-04-13,chelsea,ipswich,1,0.6091346427774806,2.11,1.77,0.15294907576717143,-0.15294907576717132,0.038905400701529036,0.1352009934883811,-0.17410639418991003
logistic_tuned,6,1208339,2025-04-13,newcastle,manutd,1,0.6116961809728544,1.75,2.17,0.05812475240142578,-0.05812475240142584,0.032258064516129004,0.04026760954428299,-0.072525674060412
logistic_tuned,6,1208333,2025-04-14,bournemouth,fulham,0,0.5832233254165617,1.7,2.24,0.014695406634835817,-0.014695406634835873,0.034663865546218364,-0.005011968701085334,-0.02965189684513314
logistic_tuned,6,1208311,2025-04-16,newcastle,crystalpalace,0,0.5556938188301793,,,,,,,
logistic_tuned,6,1208346,2025-04-19,everton,mancity,0,0.6057817318543244,1.74,2.18,0.049659282874732535,-0.04965928287473259,0.03342824000843603,0.031069088176163495,-0.06449732818459958
logistic_tuned,6,1208352,2025-04-19,westham,southampton,1,0.5599725146564453,1.7,2.24,-0.008555404125280663,0.008555404125280608,0.034663865546218364,-0.028262779461201815,-0.006401086085016661
logistic_tuned,6,1208345,2025-04-19,crystalpalace,bournemouth,0,0.6208091674460416,,,,,,,
logistic_tuned,6,1208344,2025-04-19,brentford,brighton,1,0.5802951223147926,1.53,2.63,-0.0519164161467458,0.0519164161467458,0.03382290812395938,-0.07329964892703744,0.03947674080307806
logistic_tuned,6,1208343,2025-04-19,astonvilla,newcastle,1,0.5930120818239837,,,,,,,
logistic_tuned,6,1208350,2025-04-20,manutd,wolves,0,0.5601723532763622,1.73,2.2,0.0003759156173290812,-0.0003759156173290812,0.032580136626379375,-0.017862328804562733,-0.014717807821816697
logistic_tuned,6,1208347,2025-04-20,fulham,chelsea,1,0.6261757274834125,1.66,2.32,0.04326115461909086,-0.04326115461909097,0.03344412131283758,0.023766088929195628,-0.057210210242033266
logistic_tuned,6,1208348,2025-04-20,ipswich,arsenal,0,0.5847318379416105,2.05,1.83,0.11308235340552797,-0.11308235340552808,0.03425296548047441,0.09692695989283001,-0.13117992537330447
logistic_tuned,6,1208349,2025-04-20,leicester,liverpool,0,0.5509543207635301,1.88,1.98,0.03800095288788252,-0.03800095288788241,0.03696539866752646,0.019039427146508858,-0.05600482581403521
logistic_tuned,6,1208351,2025-04-21,tottenham,nottmforest,1,0.6036472240910236,,,,,,,
logistic_tuned,6,1208358,2025-04-22,mancity,astonvilla,1,0.5785671591346231,,,,,,,
logistic_tuned,6,1208354,2025-04-23,arsenal,crystalpalace,1,0.5435502280911685,,,,,,,
logistic_tuned,6,1208356,2025-04-26,chelsea,everton,0,0.6158759420128262,1.88,1.99,0.1016640557079167,-0.10166405570791665,0.034427456431091574,0.08396104839580498,-0.11838850482689656
logistic_tuned,6,1208359,2025-04-26,newcastle,ipswich,0,0.6032778514391376,2.11,1.77,0.14709228442882838,-0.14709228442882827,0.038905400701529036,0.12934420215003806,-0.16824960285156698
logistic_tuned,6,1208362,2025-04-26,wolves,leicester,0,0.6003278909070735,1.88,1.99,0.08611600460216395,-0.0861160046021639,0.034427456431091574,0.06841299729005224,-0.10284045372114381
logistic_tuned,6,1208361,2025-04-26,southampton,fulham,1,0.5892290550477368,1.79,2.11,0.048203414022095825,-0.04820341402209577,0.03259286716619458,0.030569837170641878,-0.06316270433683635
logistic_tuned,6,1208355,2025-04-26,brighton,westham,1,0.6060394376681201,1.66,2.32,0.023124864803798384,-0.023124864803798495,0.03344412131283758,0.003629799113903154,-0.03707392042674079
logistic_tuned,6,1208353,2025-04-27,bournemouth,manutd,1,0.6189124341630482,1.63,2.38,0.025396224686738966,-0.025396224686738966,0.03366499974222825,0.005415501647710763,-0.03908050138993896
logistic_tuned,6,1208357,2025-04-27,liverpool,tottenham,1,0.5689445459166865,1.75,2.14,0.018816011212316353,-0.018816011212316353,0.03871829105473967,-0.0024840255118848686,-0.03623426554285475
logistic_tuned,6,1208360,2025-05-01,nottmforest,brentford,0,0.6034957093813728,,,,,,,
logistic_tuned,7,1208371,2025-05-02,mancity,wolves,0,0.5735782613350263,1.88,2.0,0.05811434380925318,-0.05811434380925312,0.03191489361702127,0.04166336771800505,-0.07357826133502632
logistic_tuned,7,1208364,2025-05-03,astonvilla,fulham,0,0.5977024038571151,,,,,,,
logistic_tuned,7,1208369,2025-05-03,everton,ipswich,1,0.6051585905309942,1.96,1.91,0.1116185388514076,-0.1116185388514076,0.03376429105673684,0.09495450889834112,-0.12871879995507796
logistic_tuned,7,1208370,2025-05-03,leicester,southampton,0,0.5996090734681416,1.65,2.35,0.012109073468141607,-0.012109073468141607,0.03159252095422316,-0.0064515325924644484,-0.025140988361758654
logistic_tuned,7,1208363,2025-05-03,arsenal,bournemouth,1,0.6084767187373099,1.73,2.19,0.04980324934955482,-0.04980324934955477,0.03465568664713503,0.030442036656385008,-0.06509772330351998
logistic_tuned,7,1208372,2025-05-04,westham,tottenham,1,0.5831160138868241,1.55,2.58,-0.04158132267491932,0.04158132267491921,0.03275818954738674,-0.062045276435756525,0.02928708688836973
logistic_tuned,7,1208366,2025-05-04,brighton,newcastle,1,0.6125133291857313,1.51,2.7,-0.02881683708505245,0.028816837085052616,0.032622025999509585,-0.04973832644340781,0.017116300443898336
logistic_tuned,7,1208365,2025-05-04,brentford,manutd,1,0.6122700828622547,1.61,2.41,0.01276759530006566,-0.01276759530006566,0.036055771758459754,-0.008847929560105494,-0.02720784219835426
logistic_tuned,7,1208367,2025-05-04,chelsea,liverpool,1,0.5847024171994948,1.49,2.77,-0.06553232458454272,0.06553232458454283,0.03215176992222535,-0.08643852239782068,0.054286752475595446
logistic_tuned,7,1208368,2025-05-05,crystalpalace,nottmforest,1,0.6192449370207331,,,,,,,
logistic_tuned,7,1208374,2025-05-10,fulham,everton,1,0.6029100666350257,1.95,1.92,0.10678603562727373,-0.10678603562727373,0.033653846153846256,0.09008955381451278,-0.12374339996835904
logistic_tuned,7,1208382,2025-05-10,wolves,brighton,0,0.5939560113702124,1.74,2.18,0.03783356239062052,-0.03783356239062058,0.03342824000843603,0.019243367692051483,-0.052671607700487566
logistic_tuned,7,1208380,2025-05-10,southampton,mancity,0,0.5903735570946026,2.02,1.84,0.11368961927076837,-0.11368961927076837,0.038527765820060234,0.09532405214410755,-0.13385181796416779
logistic_tuned,7,1208375,2025-05-10,ipswich,brentford,0,0.6125758806068349,1.56,2.55,-0.007862075597544704,0.007862075597544593,0.03318250377073895,-0.02844976041880609,-0.0047327433519329665
logistic_tuned,7,1208373,2025-05-10,bournemouth,astonvilla,0,0.6202818238409754,,,,,,,
logistic_tuned,7,1208378,2025-05-11,newcastle,chelsea,0,0.6038909863765961,1.52,2.67,-0.03334051720335618,0.03334051720335618,0.032426572048097846,-0.054003750465509204,0.021577178417411358
logistic_tuned,7,1208377,2025-05-11,manutd,westham,0,0.5694895248642593,1.65,2.34,-0.016976640549274502,0.016976640549274558,0.033411033411033575,-0.03657108119634678,0.0031600477853133135
logistic_tuned,7,1208381,2025-05-11,tottenham,crystalpalace,0,0.5990661386459,,,,,,,
logistic_tuned,7,1208379,2025-05-11,nottmforest,leicester,1,0.6193576811012113,,,,,,,
logistic_tuned,7,1208376,2025-05-11,liverpool,arsenal,1,0.5978053847788206,1.57,2.51,-0.01739069365255197,0.01739069365255186,0.03534904966122765,-0.039137290380415024,0.003788240719187319
logistic_tuned,7,1208384,2025-05-16,astonvilla,tottenham,0,0.5896411698354727,,,,,,,
logistic_tuned,7,1208387,2025-05-16,chelsea,manutd,0,0.5821164467813921,1.69,2.25,0.011050456933676345,-0.01105045693367629,0.0361604207758055,-0.0095995295499689,-0.02656089122583649
logistic_tuned,7,1208389,2025-05-18,everton,southampton,0,0.6082037898195718,2.08,1.81,0.1429081599995204,-0.14290815999952045,0.033255418614534626,0.12743455905034107,-0.1606899776648757
logistic_tuned,7,1208390,2025-05-18,leicester,ipswich,0,0.6100754544302737,1.62,2.39,0.014065479367929568,-0.014065479367929512,0.03569399245828819,-0.007208496187010249,-0.028485496271277833
logistic_tuned,7,1208383,2025-05-18,arsenal,newcastle,0,0.5868259108573979,1.72,2.2,0.025601421061479446,-0.0256014210614795,0.03594080338266381,0.005430562020188545,-0.04137136540285241
logistic_tuned,7,1208385,2025-05-18,brentford,fulham,1,0.6091552095789409,1.58,2.5,-0.0035898884602747483,0.003589888460274804,0.032911392405063244,-0.023756182826122352,-0.009155209578940893
logistic_tuned,7,1208392,2025-05-18,westham,nottmforest,1,0.5922071720120207,,,,,,,
logistic_tuned,7,1208386,2025-05-19,brighton,liverpool,1,0.5882805704930966,1.45,2.89,-0.07761804701842423,0.07761804701842423,0.03567593365946786,-0.10137460192069658,0.06569866826122872
logistic_tuned,7,1208391,2025-05-20,mancity,bournemouth,1,0.602219172362839,1.79,2.1,0.06237341400808316,-0.06237341400808316,0.0348496940675711,0.04355995448574401,-0.07840964855331511
logistic_tuned,7,1208388,2025-05-20,crystalpalace,wolves,1,0.6130933877839344,,,,,,,
logistic_tuned,7,1208393,2025-05-25,bournemouth,leicester,0,0.633138775526352,1.71,2.23,0.06714892781061599,-0.06714892781061599,0.03322581491096943,0.048343453888925136,-0.08156926879989462
logistic_tuned,7,1208397,2025-05-25,manutd,astonvilla,0,0.5875896242848251,,,,,,,
logistic_tuned,7,1208402,2025-05-25,wolves,brentford,1,0.6041379918571305,1.46,2.87,-0.05867956010591813,0.058679560105918016,0.03336356259844386,-0.08079351499218457,0.04742995239374065
logistic_tuned,7,1208398,2025-05-25,newcastle,everton,0,0.619188660813752,2.13,1.76,0.16674650143071862,-0.16674650143071856,0.03766538625693561,0.14970509273863464,-0.18737047899557024
logistic_tuned,7,1208394,2025-05-25,fulham,mancity,0,0.6065580416594302,1.69,2.25,0.03549205181171444,-0.03549205181171439,0.0361604207758055,0.014842065328069198,-0.05100248610387459
logistic_tuned,7,1208401,2025-05-25,tottenham,brighton,1,0.6284410203597867,1.45,2.89,-0.037457597151734134,0.037457597151734134,0.03567593365946786,-0.06121415205400649,0.025538218394538625
logistic_tuned,7,1208395,2025-05-25,ipswich,westham,1,0.6069506230011653,1.56,2.53,-0.011631284089299254,0.011631284089299143,0.03628255802168834,-0.034075018024475656,-0.002207539997212793
logistic_tuned,7,1208399,2025-05-25,nottmforest,chelsea,0,0.5952280287498274,,,,,,,
logistic_tuned,7,1208396,2025-05-25,liverpool,crystalpalace,1,0.6076611254218548,,,,,,,
logistic_tuned,7,1208400,2025-05-25,southampton,arsenal,1,0.5749234430698478,1.88,1.97,0.06323513138153602,-0.06323513138153608,0.03952910681499078,0.043008549452826506,-0.08253765626781728
logistic_tuned,8,1378991,2025-08-30,chelsea,fulham,0,0.5326420107282568,1.83,2.03,0.0067352749769614695,-0.006735274976961525,0.03905892487011764,-0.013806076703437142,-0.025252848166680497
logistic_tuned,8,1378994,2025-08-30,manutd,burnley,1,0.5605888734694375,1.83,2.04,0.03345709052370116,-0.033457090523701105,0.03664416586306651,0.014140786037743602,-0.05078495190081006
logistic_tuned,8,1378998,2025-08-30,wolves,everton,1,0.5772903389551267,2.08,1.79,0.11475803921352468,-0.11475803921352468,0.039428448646325664,0.09652110818589599,-0.13594955683222165
logistic_tuned,8,1378997,2025-08-30,tottenham,bournemouth,0,0.5898545534759758,1.61,2.37,-0.005622833458697518,0.005622833458697574,0.04305894069240246,-0.03126345894638438,-0.011795481746017966
logistic_tuned,8,1378996,2025-08-30,sunderland,brentford,1,0.5283289235923874,1.85,2.01,0.007603534991351135,-0.007603534991351191,0.0380529783514858,-0.012211616948153092,-0.025841361403332708
logistic_tuned,8,1378992,2025-08-30,leeds,newcastle,0,0.5383063671338097,1.85,2.01,0.017580978532773517,-0.017580978532773572,0.0380529783514858,-0.0022341734067307106,-0.03581880494475509
logistic_tuned,8,1378990,2025-08-31,brighton,mancity,1,0.6192714259742991,1.52,2.6,-0.011796535190749524,0.011796535190749524,0.04251012145748989,-0.03862331086780624,-0.0038868105896836536
logistic_tuned,8,1378995,2025-08-31,nottmforest,westham,0,0.5877265806888322,,,,,,,
logistic_tuned,8,1378993,2025-08-31,liverpool,arsenal,0,0.6020410163062222,1.65,2.3,0.019762535293563976,-0.019762535293563976,0.040843214756258295,-0.004019589754383879,-0.036823625001874416
logistic_tuned,8,1378989,2025-08-31,astonvilla,crystalpalace,0,0.5691590666486451,,,,,,,
logistic_tuned,8,1378999,2025-09-13,arsenal,nottmforest,0,0.5962213595925526,,,,,,,
logistic_tuned,8,1379007,2025-09-13,newcastle,wolves,0,0.5364907671608685,2.11,1.77,0.08030520015055931,-0.0803052001505592,0.038905400701529036,0.06255711787176899,-0.10146251857329791
logistic_tuned,8,1379000,2025-09-13,bournemouth,brighton,1,0.5445135859857206,1.49,2.67,-0.09731333709120249,0.09731333709120238,0.04567277480330789,-0.12662735361159483,0.08095457880828683
logistic_tuned,8,1379005,2025-09-13,fulham,leeds,0,0.560571536233377,1.9,1.96,0.05279951550798834,-0.05279951550798839,0.036519871106337254,0.034255746759692784,-0.07077561786603004
logistic_tuned,8,1379004,2025-09-13,everton,astonvilla,0,0.5593281527742388,,,,,,,
logistic_tuned,8,1379003,2025-09-13,crystalpalace,sunderland,0,0.5489437704036573,,,,,,,
logistic_tuned,8,1379008,2025-09-13,westham,tottenham,0,0.6082508677415591,1.68,2.25,0.035731783772093406,-0.03573178377209352,0.03968253968253954,0.013012772503463887,-0.05269531218600354
logistic_tuned,8,1379001,2025-09-13,brentford,chelsea,1,0.5662363630573484,1.73,2.16,0.010966440178170944,-0.010966440178170944,0.04099764504388781,-0.011798319023576531,-0.029199326020311278
logistic_tuned,8,1379002,2025-09-14,burnley,liverpool,0,0.5816391272552287,1.86,2.0,0.06350441222932202,-0.06350441222932196,0.037634408602150504,0.0440047186530782,-0.0816391272552287
logistic_tuned,8,1379006,2025-09-14,mancity,manutd,0,0.569052213178084,1.56,2.48,-0.044809172960529775,0.044809172960529886,0.04425144747725396,-0.071973427847557,0.0277219803703031
logistic_tuned,8,1379014,2025-09-20,liverpool,everton,1,0.5952607921461086,1.83,2.05,0.06691027668219107,-0.06691027668219118,0.03425296548047441,0.04881270471441468,-0.08306567019488914
logistic_tuned,8,1379018,2025-09-20,wolves,leeds,1,0.5393275888669804,1.95,1.92,0.04320355785922847,-0.04320355785922847,0.033653846153846256,0.026507076046467515,-0.06016092220031377
logistic_tuned,8,1379012,2025-09-20,burnley,nottmforest,1,0.6028025052951358,,,,,,,
logistic_tuned,8,1379017,2025-09-20,westham,crystalpalace,1,0.5610672856497514,,,,,,,
logistic_tuned,8,1379011,2025-09-20,brighton,tottenham,1,0.6394095299153317,1.58,2.49,0.02761591812171993,-0.02761591812171993,0.034517818107874465,0.006498137510268509,-0.04101595561814292
logistic_tuned,8,1379015,2025-09-20,manutd,chelsea,1,0.5477592267811386,1.52,2.65,-0.0877323799334897,0.08773237993348959,0.03525322740814296,-0.11013551006096667,0.0748822826528236
logistic_tuned,8,1379013,2025-09-20,fulham,brentford,1,0.5705325869072396,1.85,2.03,0.047336710618579914,-0.04733671061857986,0.03315137797896428,0.029992046366699165,-0.06314342434566333
logistic_tuned,8,1379009,2025-09-21,arsenal,mancity,1,0.549705331213134,1.7,2.23,-0.01772469423215861,0.01772469423215861,0.03666578739118975,-0.03852996290451305,0.0018641755133233517
logistic_tuned,8,1379010,2025-09-21,bournemouth,newcastle,0,0.5378187581008924,1.68,2.27,-0.03686478620290501,0.036864786202905064,0.035766729599328695,-0.05741933713720282,0.021652607537874125
logistic_tuned,8,1379016,2025-09-21,sunderland,astonvilla,1,0.5892727395280632,,,,,,,
logistic_tuned,8,1379020,2025-09-27,brentford,manutd,1,0.5561139068424776,1.55,2.56,-0.06675713938623284,0.06675713938623279,0.035786290322580516,-0.08904738348010299,0.053261093157522366
logistic_tuned,8,1379021,2025-09-27,chelsea,brighton,1,0.5743210178321656,1.61,2.42,-0.026175260083467045,0.026175260083467156,0.034341152918228035,-0.046796994590194596,0.012455841671966617
logistic_tuned,8,1379025,2025-09-27,mancity,burnley,1,0.5924860755993453,2.14,1.75,0.14261461030371547,-0.14261461030371547,0.03871829105473967,0.12519635597317708,-0.1639146470279167
logistic_tuned,8,1379022,2025-09-27,crystalpalace,liverpool,1,0.5931401064246653,,,,,,,
logistic_tuned,8,1379024,2025-09-27,leeds,bournemouth,1,0.5584041281873173,1.79,2.11,0.017378487161676337,-0.01737848716167628,0.03259286716619458,-0.00025508968977761004,-0.03233777747641686
logistic_tuned,8,1379027,2025-09-27,nottmforest,sunderland,0,0.5684283802974693,,,,,,,
logistic_tuned,8,1379028,2025-09-27,tottenham,wolves,1,0.5507741327577946,1.9,1.97,0.04173020510921588,-0.04173020510921577,0.0339300026716538,0.02445834328411045,-0.05838834595576414
logistic_tuned,8,1379019,2025-09-28,astonvilla,fulham,1,0.5397683828766084,,,,,,,
logistic_tuned,8,1379026,2025-09-28,newcastle,arsenal,1,0.5283391292989477,1.95,1.92,0.03221509829119573,-0.03221509829119573,0.033653846153846256,0.015518616478434777,-0.04917246263228103
logistic_tuned,8,1379023,2025-09-29,everton,westham,1,0.5312425981205174,1.9,1.97,0.022198670471938686,-0.022198670471938575,0.0339300026716538,0.004926808646833258,-0.03885681131848695
logistic_tuned,8,1379031,2025-10-03,bournemouth,fulham,1,0.5031682998138998,1.91,1.96,-0.0032916485065136447,0.0032916485065136447,0.03376429105673684,-0.020391909610184,-0.013372381446552839
logistic_tuned,8,1379035,2025-10-04,leeds,tottenham,1,0.5564782008821916,1.74,2.18,0.00035575190259973244,-0.00035575190259978795,0.03342824000843603,-0.018234442795969308,-0.015193797212466775
logistic_tuned,8,1379036,2025-10-04,manutd,sunderland,0,0.5676568406711706,1.78,2.12,0.024067097081426958,-0.024067097081427014,0.03349586601653587,0.005859087862181811,-0.039354953878717736
logistic_tuned,8,1379029,2025-10-04,arsenal,westham,0,0.5599994403534533,2.23,1.69,0.1288769913738615,-0.12887699137386144,0.040146469604903645,0.11156894707991066,-0.15171541668481425
logistic_tuned,8,1379033,2025-10-04,chelsea,liverpool,1,0.6073374452683827,1.49,2.75,-0.04124746039199467,0.04124746039199462,0.03477730323367911,-0.06380349432893273,0.029026191095253617
logistic_tuned,8,1379037,2025-10-05,newcastle,nottmforest,0,0.5793386549203609,,,,,,,
logistic_tuned,8,1379038,2025-10-05,wolves,brighton,1,0.547713690817059,1.74,2.19,-0.009538217579887598,0.009538217579887487,0.031333648244370904,-0.026998952861101877,-0.004334695383269083
logistic_tuned,8,1379034,2025-10-05,everton,crystalpalace,1,0.5485368993522313,,,,,,,
logistic_tuned,8,1379030,2025-10-05,astonvilla,burnley,1,0.5695477172057515,,,,,,,
logistic_tuned,8,1379032,2025-10-05,brentford,mancity,0,0.5174475853767666,1.68,2.27,-0.05723595892703082,0.05723595892703087,0.035766729599328695,-0.07779050986132863,0.04202378026199993
logistic_tuned,8,1379041,2025-10-18,crystalpalace,bournemouth,1,0.537246540019459,,,,,,,
logistic_tuned,8,1379044,2025-10-18,mancity,everton,0,0.5308175327564653,1.92,1.95,0.02694156376421719,-0.02694156376421719,0.033653846153846256,0.00998419942313189,-0.043638045576978146
logistic_tuned,8,1379046,2025-10-18,sunderland,wolves,0,0.5589269583736801,2.02,1.85,0.08089078266308569,-0.0808907826630858,0.035590045491035394,0.06387745342318507,-0.09946749891422058
logistic_tuned,8,1379045,2025-10-18,nottmforest,chelsea,0,0.5365058408983711,,,,,,,
logistic_tuned,8,1379042,2025-10-18,fulham,arsenal,0,0.557913510041083,2.12,1.78,0.10150325363082663,-0.10150325363082668,0.03349586601653587,0.0862153968335359,-0.11971126285007183
logistic_tuned,8,1379039,2025-10-18,brighton,newcastle,1,0.5941021595796768,1.65,2.33,0.00867502390128494,-0.008675023901284828,0.03524515541682938,-0.011958446480929252,-0.023286708935900013
logistic_tuned,8,1379040,2025-10-18,burnley,leeds,0,0.5327446239591269,2.03,1.85,0.055940500247786684,-0.05594050024778663,0.03315137797896428,0.04013378652070321,-0.07328516449966738
logistic_tuned,8,1379047,2025-10-19,tottenham,astonvilla,1,0.5666100928275928,,,,,,,
logistic_tuned,8,1379043,2025-10-19,liverpool,manutd,1,0.5791137953612189,1.53,2.64,-0.0539797298186373,0.053979729818637245,0.03238265002970886,-0.0744809758806112,0.04209832585090234
logistic_tuned,8,1379048,2025-10-20,westham,brentford,0,0.5465812786658265,1.69,2.25,-0.024484711181889218,0.024484711181889274,0.0361604207758055,-0.04513469766553446,0.008974276889729071
logistic_tuned,8,1379055,2025-10-24,leeds,westham,1,0.5310318897204902,1.9,1.97,0.02198796207191145,-0.021987962071911338,0.0339300026716538,0.004716100246806021,-0.03864610291845971
logistic_tuned,8,1379057,2025-10-25,newcastle,fulham,1,0.5156385508223084,1.85,2.03,-0.00755732546635135,0.0075573254663514056,0.03315137797896428,-0.024901989718232098,-0.008249388260732071
logistic_tuned,8,1379053,2025-10-25,chelsea,sunderland,1,0.589811506745898,2.02,1.86,0.1104300634469289,-0.11043006344692896,0.03268391355264555,0.09476200179540295,-0.1274459153480485
logistic_tuned,8,1379056,2025-10-25,manutd,brighton,1,0.5735046235077856,1.5,2.74,-0.0727217915865539,0.07272179158655401,0.031630170316301776,-0.09316204315888099,0.06153187284257933
logistic_tuned,8,1379052,2025-10-25,brentford,liverpool,1,0.553756917434769,1.54,2.61,-0.07515874521583332,0.07515874521583349,0.03249241180275675,-0.09559373191588039,0.06310132011312375
logistic_tuned,8,1379051,2025-10-26,bournemouth,nottmforest,0,0.6047144985741226,,,,,,,
logistic_tuned,8,1379058,2025-10-26,wolves,burnley,1,0.5629559170919727,2.08,1.81,0.09766028727192128,-0.09766028727192133,0.033255418614534626,0.08218668632274195,-0.11544210493727658
logistic_tuned,8,1379049,2025-10-26,arsenal,crystalpalace,0,0.5258129403608309,,,,,,,
logistic_tuned,8,1379050,2025-10-26,astonvilla,mancity,0,0.5164395714966824,,,,,,,
logistic_tuned,8,1379054,2025-10-26,everton,tottenham,0,0.5401106007231751,1.75,2.17,-0.013460827848253532,0.013460827848253476,0.032258064516129004,-0.031317970705396325,-0.0009400938107326784
rf_tuned,1,1035451,2024-03-09,manutd,everton,0,0.5640090019312651,1.65,2.34,-0.02245716348226867,0.022457163482268727,0.033411033411033575,-0.04205160412934095,0.008640570718307483
rf_tuned,1,1035444,2024-03-09,bournemouth,sheffutd,1,0.5848348231245574,,,,,,,
rf_tuned,1,1035453,2024-03-09,wolves,fulham,1,0.5809269868380407,1.7,2.24,0.012399068056314744,-0.0123990680563148,0.034663865546218364,-0.0073083072796064075,-0.027355558266612068
rf_tuned,1,1035449,2024-03-09,crystalpalace,luton,1,0.6355430114630284,,,,,,,
rf_tuned,1,1035445,2024-03-09,arsenal,brentford,1,0.608984165794725,2.02,1.84,0.1323002279708908,-0.1323002279708908,0.038527765820060234,0.11393466084422998,-0.15246242666429022
rf_tuned,1,1035446,2024-03-10,astonvilla,tottenham,0,0.7418925121148284,,,,,,,
rf_tuned,1,1035452,2024-03-10,westham,burnley,1,0.5976516840076456,1.78,2.12,0.05406194041790191,-0.054061940417901966,0.03349586601653587,0.03585393119865676,-0.06934979721519269
rf_tuned,1,1035447,2024-03-10,brighton,nottmforest,0,0.6650673293671723,,,,,,,
rf_tuned,1,1035450,2024-03-10,liverpool,mancity,1,0.6291125986926778,1.45,2.89,-0.036786018818843025,0.036786018818843025,0.03567593365946786,-0.06054257372111538,0.024866640061647516
rf_tuned,1,1035448,2024-03-11,chelsea,newcastle,1,0.6946640387059753,1.46,2.88,0.0310695686598923,-0.0310695686598923,0.03215372907153724,0.009732531856660231,-0.04188626092819747
rf_tuned,1,1035334,2024-03-13,bournemouth,luton,1,0.6826095719142647,1.53,2.61,0.05217478930556907,-0.052174789305569125,0.03673653369393737,0.02901480067243467,-0.06575133436637204
rf_tuned,1,1035460,2024-03-16,luton,nottmforest,1,0.708721348482933,,,,,,,
rf_tuned,1,1035459,2024-03-16,fulham,tottenham,0,0.6580548236798681,1.46,2.87,-0.004762728283180473,0.004762728283180362,0.03336356259844386,-0.026876683169446913,-0.0064868794289970055
rf_tuned,1,1035456,2024-03-16,burnley,brentford,1,0.6428615834625595,1.63,2.37,0.05036158346255948,-0.05036158346255948,0.03543786078537958,0.02936465094722207,-0.06480251173260165
rf_tuned,1,1035462,2024-03-17,westham,astonvilla,1,0.6104795141659689,,,,,,,
rf_tuned,1,1035470,2024-03-30,newcastle,westham,1,0.6828067531745013,1.51,2.69,0.042330562698310925,-0.04233056269831087,0.03399886752504999,0.020555097545362222,-0.05455396507041216
rf_tuned,1,1035464,2024-03-30,bournemouth,everton,1,0.6412045049189848,1.6,2.44,0.0372441088793809,-0.0372441088793809,0.0348360655737705,0.01620450491898484,-0.051040570492755344
rf_tuned,1,1035473,2024-03-30,tottenham,luton,1,0.7619356114698875,1.55,2.55,0.1399843919576924,-0.13998439195769247,0.03731815306767872,0.1167743211473069,-0.15409247421498562
rf_tuned,1,1035467,2024-03-30,chelsea,burnley,1,0.6393196897068709,1.8,2.07,0.10443596877663841,-0.1044359687766383,0.038647342995169254,0.08376413415131534,-0.12241147714648448
rf_tuned,1,1035472,2024-03-30,sheffutd,fulham,1,0.5510520911311285,,,,,,,
rf_tuned,1,1035471,2024-03-30,nottmforest,crystalpalace,1,0.5922135734960975,,,,,,,
rf_tuned,1,1035465,2024-03-30,astonvilla,wolves,0,0.704792696283414,,,,,,,
rf_tuned,1,1035466,2024-03-30,brentford,manutd,1,0.6646557596384649,1.42,3.05,-0.017670862285472433,0.017670862285472433,0.03209420457169254,-0.03956959247421121,0.007475387902518671
rf_tuned,1,1035468,2024-03-31,liverpool,brighton,1,0.6423179818535099,1.54,2.63,0.011622538208425959,-0.011622538208425903,0.029578786232778764,-0.007032667497139489,-0.022546118735639165
rf_tuned,1,1035469,2024-03-31,mancity,arsenal,0,0.5532814026217174,1.75,2.16,0.0008517351025358888,-0.0008517351025357778,0.03439153439153442,-0.018147168806853964,-0.016244365584680343
rf_tuned,1,1035479,2024-04-02,westham,tottenham,1,0.6212207548938533,1.45,2.93,-0.04772901679564445,0.04772901679564445,0.03095210074143817,-0.06843441751993984,0.03748231677850167
rf_tuned,1,1035478,2024-04-02,nottmforest,fulham,1,0.5608605153733139,,,,,,,
rf_tuned,1,1035481,2024-04-02,newcastle,everton,1,0.6440496353033024,1.61,2.43,0.04256448678845093,-0.04256448678845087,0.03264064616721618,0.022931622880942193,-0.05557226904815832
rf_tuned,1,1035477,2024-04-02,burnley,wolves,1,0.5924960307705665,1.71,2.24,0.025407423175629718,-0.025407423175629718,0.031223893065998265,0.007700709133139583,-0.03892460219913785
rf_tuned,1,1035474,2024-04-02,bournemouth,crystalpalace,0,0.5825839865279334,,,,,,,
rf_tuned,1,1035475,2024-04-03,arsenal,luton,0,0.6648683494049165,2.07,1.8,0.19975207033514908,-0.19975207033514897,0.038647342995169254,0.1817765619653029,-0.22042390496047204
rf_tuned,1,1035476,2024-04-03,brentford,brighton,0,0.5805503769265765,1.48,2.78,-0.07203178269783661,0.07203178269783655,0.03538790589150298,-0.09512529874909914,0.059737392857596106
rf_tuned,1,1035483,2024-04-03,mancity,astonvilla,1,0.6441635670613632,,,,,,,
rf_tuned,1,1035482,2024-04-04,liverpool,sheffutd,1,0.6225240249739832,,,,,,,
rf_tuned,1,1035480,2024-04-04,chelsea,manutd,1,0.6734214017216031,1.45,2.92,0.005229182041969316,-0.005229182041969205,0.03212092583845072,-0.016233770692190008,-0.015887155146260656
rf_tuned,1,1035486,2024-04-06,crystalpalace,mancity,1,0.5140233441657747,,,,,,,
rf_tuned,1,1035488,2024-04-06,fulham,newcastle,0,0.6621123977138539,1.51,2.68,0.022494259289032814,-0.02249425928903287,0.035385983987348046,-0.00013925791528524023,-0.035246726072062806
rf_tuned,1,1035487,2024-04-06,everton,burnley,0,0.6329141366883659,1.71,2.23,0.06692428897262992,-0.06692428897262992,0.03322581491096943,0.04811881505093907,-0.08134462996190855
rf_tuned,1,1035485,2024-04-06,brighton,arsenal,0,0.5895151723437627,1.8,2.09,0.05224010807641055,-0.05224010807641055,0.034024455077086735,0.033959616788207136,-0.06798407186529387
rf_tuned,1,1035484,2024-04-06,astonvilla,brentford,1,0.6968143342886237,,,,,,,
rf_tuned,1,1035489,2024-04-06,luton,bournemouth,1,0.6943329949871955,1.52,2.65,0.05884138827256713,-0.05884138827256724,0.03525322740814296,0.03643825814509016,-0.07169148555323324
rf_tuned,1,1035493,2024-04-06,wolves,westham,1,0.6505805469527551,1.67,2.31,0.07017853690250386,-0.07017853690250386,0.03170282811001379,0.05177815174317424,-0.08348097985318803
rf_tuned,1,1035490,2024-04-07,manutd,liverpool,1,0.6349506717483193,1.4,3.12,-0.05531481497734447,0.05531481497734442,0.034798534798534675,-0.07933504253739498,0.0445365077388602
rf_tuned,1,1035491,2024-04-07,sheffutd,chelsea,1,0.6176176952554746,,,,,,,
rf_tuned,1,1035492,2024-04-07,tottenham,nottmforest,1,0.6979001503644915,,,,,,,
rf_tuned,1,1035501,2024-04-13,newcastle,tottenham,0,0.6818996193917087,1.34,3.48,-0.04009208185310453,0.04009208185310453,0.033624978555498286,-0.06436903732470911,0.030744058769210825
rf_tuned,1,1035497,2024-04-13,burnley,brighton,1,0.591193232199749,1.56,2.56,-0.030165991101221867,0.030165991101221923,0.03165064102564097,-0.049832408825892016,0.018181767800251047
rf_tuned,1,1035500,2024-04-13,mancity,luton,1,0.6520371894881996,2.05,1.81,0.18312527238975396,-0.18312527238975396,0.04029106589408449,0.16423231143941902,-0.20452337733350345
rf_tuned,1,1035496,2024-04-13,brentford,sheffutd,0,0.6062509064575727,,,,,,,
rf_tuned,1,1035502,2024-04-13,nottmforest,wolves,1,0.634832177608727,,,,,,,
rf_tuned,1,1035494,2024-04-13,bournemouth,manutd,1,0.6876151098936188,1.39,3.17,-0.0075603287028724875,0.0075603287028723765,0.03488187368086604,-0.03180935053803591,-0.003072523142830186
rf_tuned,1,1035499,2024-04-14,liverpool,crystalpalace,0,0.5989123945129717,,,,,,,
rf_tuned,1,1035503,2024-04-14,westham,fulham,0,0.61530609481303,1.55,2.58,-0.00939124174871342,0.009391241748713308,0.03275818954738674,-0.029855195509550625,-0.0029029940378361707
rf_tuned,1,1035495,2024-04-14,arsenal,astonvilla,0,0.6583110860460626,,,,,,,
rf_tuned,1,1035498,2024-04-15,chelsea,everton,0,0.5650494648422627,1.64,2.35,-0.023922966235431442,0.023922966235431553,0.03528801245459268,-0.04470663271871289,0.00941862026412027
rf_tuned,1,1035511,2024-04-20,sheffutd,burnley,1,0.5995873327435095,,,,,,,
rf_tuned,1,1035509,2024-04-20,luton,brentford,1,0.7040230319758715,1.55,2.56,0.08115198574716098,-0.08115198574716104,0.035786290322580516,0.05886174165329083,-0.09464803197587146
rf_tuned,1,1035513,2024-04-20,wolves,arsenal,0,0.5236849029696167,2.1,1.79,0.06353066132437246,-0.06353066132437246,0.0348496940675711,0.04749442677914051,-0.08234412084671161
rf_tuned,1,1035507,2024-04-21,everton,nottmforest,0,0.6157255500688888,,,,,,,
rf_tuned,1,1035506,2024-04-21,crystalpalace,westham,1,0.6135034438654267,,,,,,,
rf_tuned,1,1035504,2024-04-21,astonvilla,bournemouth,1,0.7209038394580136,,,,,,,
rf_tuned,1,1035508,2024-04-21,fulham,liverpool,1,0.6287230430813843,1.53,2.63,-0.0034884953801541663,0.0034884953801541663,0.03382290812395938,-0.024871728160445805,-0.008951179963513578
rf_tuned,1,1035454,2024-04-23,arsenal,chelsea,0,0.6038235961393509,1.8,2.09,0.06654853187199872,-0.06654853187199872,0.034024455077086735,0.0482680405837953,-0.08229249566088204
rf_tuned,1,1035463,2024-04-24,wolves,bournemouth,0,0.6402764374956067,1.52,2.66,0.003912801131970345,-0.003912801131970289,0.03383458646616555,-0.01761829934649861,-0.016216287119666828
rf_tuned,1,1035461,2024-04-24,manutd,sheffutd,1,0.6213361174482258,,,,,,,
rf_tuned,1,1035458,2024-04-24,everton,liverpool,0,0.574772220958682,1.76,2.15,0.024900098196533604,-0.024900098196533604,0.03329809725158572,0.006590402776863735,-0.0398885000284494
rf_tuned,1,1035457,2024-04-24,crystalpalace,newcastle,0,0.5839718235960003,,,,,,,
rf_tuned,1,1035455,2024-04-25,brighton,mancity,0,0.5811351636134665,1.74,2.18,0.025012714633874666,-0.025012714633874722,0.03342824000843603,0.006422519935305626,-0.03985075994374171
rf_tuned,1,1035522,2024-04-27,westham,liverpool,1,0.6032648616347153,1.49,2.77,-0.04696988014932224,0.04696988014932235,0.03215176992222535,-0.0678760779626002,0.035724308040374964
rf_tuned,1,1035523,2024-04-27,wolves,luton,1,0.6702979214144841,1.6,2.47,0.06341831453487723,-0.06341831453487717,0.029858299595141746,0.04529792141448408,-0.07515622100962577
rf_tuned,1,1035517,2024-04-27,fulham,crystalpalace,1,0.5395432756352811,,,,,,,
rf_tuned,1,1035515,2024-04-27,astonvilla,chelsea,1,0.713652444659444,,,,,,,
rf_tuned,1,1035519,2024-04-27,newcastle,sheffutd,1,0.6306852239770062,,,,,,,
rf_tuned,1,1035516,2024-04-27,everton,brentford,0,0.5525447702843614,1.74,2.19,-0.004707138112585163,0.004707138112585052,0.031333648244370904,-0.022167873393799442,-0.009165774850571518
rf_tuned,1,1035518,2024-04-27,manutd,burnley,1,0.6727720852661397,1.42,3.03,-0.008126791138354683,0.008126791138354628,0.034258355413006036,-0.031453266846536376,-0.002805088566469771
rf_tuned,1,1035514,2024-04-28,bournemouth,brighton,0,0.6157225847263128,1.41,3.09,-0.07094408194035384,0.07094408194035384,0.0328444536252841,-0.09349727342971559,0.06065281980443149
rf_tuned,1,1035521,2024-04-28,tottenham,arsenal,1,0.6515655321666983,1.49,2.75,0.002980626506320916,-0.0029806265063209714,0.03477730323367911,-0.019575407430617142,-0.015201895803061971
rf_tuned,1,1035520,2024-04-28,nottmforest,mancity,0,0.5447501840250895,,,,,,,
rf_tuned,1,1035428,2024-05-02,chelsea,tottenham,0,0.6869399528878085,1.31,3.68,-0.050534997011991045,0.0505349970119911,0.03509790906073684,-0.07641882573814562,0.04132091667740889
rf_tuned,1,1035531,2024-05-03,luton,everton,1,0.6823368683176418,1.59,2.48,0.07300025898103246,-0.07300025898103257,0.03215662406167574,0.05340605070757898,-0.08556267476925478
rf_tuned,1,1035524,2024-05-04,arsenal,bournemouth,0,0.5398112141571154,1.78,2.13,-0.0049458190909663635,0.0049458190909664745,0.03128132088410629,-0.02198653865187339,-0.00929478223223279
rf_tuned,1,1035525,2024-05-04,brentford,fulham,0,0.5905242880376622,1.52,2.67,-0.04670721554229007,0.04670721554229007,0.032426572048097846,-0.0673704488044431,0.03494387675634525
rf_tuned,1,1035532,2024-05-04,mancity,wolves,1,0.5861186256687587,2.15,1.75,0.13740067695080999,-0.13740067695081004,0.03654485049833878,0.12100234659899128,-0.15754719709733012
rf_tuned,1,1035533,2024-05-04,sheffutd,nottmforest,1,0.5642852877783898,,,,,,,
rf_tuned,1,1035527,2024-05-04,burnley,newcastle,1,0.616052946081289,1.42,3.04,-0.06556140369449581,0.0655614036944957,0.03317272053372866,-0.0881724060313871,0.054999685497658324
rf_tuned,1,1035528,2024-05-05,chelsea,westham,0,0.6947993602645157,1.47,2.81,0.038257304189749375,-0.038257304189749375,0.03614399496453391,0.014527251420978327,-0.05067124638551218
rf_tuned,1,1035526,2024-05-05,brighton,astonvilla,0,0.6815475911434374,,,,,,,
rf_tuned,1,1035530,2024-05-05,liverpool,tottenham,1,0.6799593683687541,1.44,2.96,0.0072320956414815285,-0.007232095641481362,0.03228228228228236,-0.014485076075690273,-0.017797206206591976
rf_tuned,1,1035529,2024-05-06,crystalpalace,manutd,0,0.6622532127302162,,,,,,,
rf_tuned,2,1208021,2024-08-16,manutd,fulham,0,0.6220194984138704,1.65,2.34,0.035553333000336584,-0.03555333300033653,0.033411033411033575,0.01595889235326431,-0.04936992576429777
rf_tuned,2,1208022,2024-08-17,ipswich,liverpool,0,0.5156220730528095,1.65,2.33,-0.06980506262558239,0.0698050626255825,0.03524515541682938,-0.09043853300779658,0.05519337759096732
rf_tuned,2,1208025,2024-08-17,newcastle,southampton,0,0.5064845473884602,1.69,2.26,-0.065667351345717,0.0656673513457171,0.034193852437555794,-0.08523142894290081,0.05103757650534513
rf_tuned,2,1208023,2024-08-17,arsenal,wolves,0,0.616479233429819,2.32,1.65,0.20086210496634294,-0.20086210496634294,0.03709508881922674,0.1854447506711983,-0.2225398394904251
rf_tuned,2,1208024,2024-08-17,everton,brighton,0,0.5687780980260794,1.68,2.28,-0.00697947773149632,0.006979477731496431,0.03383458646616555,-0.026459997212015862,-0.007374589254149577
rf_tuned,2,1208026,2024-08-17,nottmforest,bournemouth,1,0.5386395370023568,,,,,,,
rf_tuned,2,1208027,2024-08-17,westham,astonvilla,1,0.6462286828687,,,,,,,
rf_tuned,2,1208028,2024-08-18,brentford,crystalpalace,1,0.5275377562921171,,,,,,,
rf_tuned,2,1208029,2024-08-18,chelsea,mancity,0,0.6093029475291781,1.53,2.63,-0.022908590932360307,0.022908590932360307,0.03382290812395938,-0.044291823712651945,0.010468915588692562
rf_tuned,2,1208030,2024-08-19,leicester,tottenham,1,0.655092936601521,1.6,2.44,0.05113254056191707,-0.05113254056191707,0.0348360655737705,0.030092936601521014,-0.06492900217529152
rf_tuned,2,1208038,2024-08-24,southampton,nottmforest,0,0.5723609375892905,,,,,,,
rf_tuned,2,1208032,2024-08-24,astonvilla,arsenal,0,0.5404499331519225,,,,,,,
rf_tuned,2,1208037,2024-08-24,mancity,ipswich,1,0.6640851576703872,2.37,1.62,0.25807012007640223,-0.2580701200764023,0.039224878887325954,0.24214422940034508,-0.28136910828767114
rf_tuned,2,1208035,2024-08-24,fulham,leicester,1,0.5262543922354874,1.79,2.1,-0.013591366119268367,0.013591366119268367,0.0348496940675711,-0.032404825641607515,-0.0024448684259635867
rf_tuned,2,1208039,2024-08-24,tottenham,everton,0,0.6347350498574705,1.61,2.43,0.03324990134261907,-0.033249901342619015,0.03264064616721618,0.013617037435110335,-0.04625768360232646
rf_tuned,2,1208033,2024-08-24,brighton,manutd,1,0.6257140438217693,1.44,2.94,-0.04551883289055947,0.04551883289055941,0.03458049886621306,-0.0687304006226751,0.03414990175646199
rf_tuned,2,1208034,2024-08-24,crystalpalace,westham,0,0.6126397484723334,,,,,,,
rf_tuned,2,1208031,2024-08-25,bournemouth,newcastle,1,0.6213611670437584,1.47,2.82,-0.035981490298898966,0.035981490298898855,0.034882037921551534,-0.05891094179977896,0.02402890387822737
rf_tuned,2,1208040,2024-08-25,wolves,chelsea,1,0.6624875922465858,1.59,2.47,0.05411320801013264,-0.05411320801013264,0.0337891172052045,0.03355677463652296,-0.06734589184172751
rf_tuned,2,1208036,2024-08-25,liverpool,brentford,0,0.5500478548578469,1.75,2.14,-8.067984652326832e-05,8.067984652326832e-05,0.03871829105473967,-0.02138071657072449,-0.017337574484015128
rf_tuned,2,1208041,2024-08-31,arsenal,brighton,1,0.5370765213588173,1.85,2.03,0.013880645070157627,-0.013880645070157571,0.03315137797896428,-0.0034640191817231214,-0.029687358797241048
rf_tuned,2,1208044,2024-08-31,everton,bournemouth,1,0.5540217502958259,1.67,2.29,-0.0242610779870025,0.024261077987002333,0.035483617917004384,-0.044780644913755,0.009297026996750501
rf_tuned,2,1208046,2024-08-31,leicester,astonvilla,1,0.6410106618086145,,,,,,,
rf_tuned,2,1208042,2024-08-31,brentford,southampton,1,0.5425554901550081,1.75,2.17,-0.011015938416420457,0.011015938416420401,0.032258064516129004,-0.02887308127356325,-0.0033849832425657533
rf_tuned,2,1208045,2024-08-31,ipswich,fulham,1,0.5891289909257645,1.69,2.26,0.016977092191587384,-0.016977092191587273,0.034193852437555794,-0.0025869854055964314,-0.03160686703195925
rf_tuned,2,1208049,2024-08-31,nottmforest,wolves,1,0.567033654619477,,,,,,,
rf_tuned,2,1208050,2024-08-31,westham,mancity,1,0.47787658483269246,1.75,2.16,-0.07455308268648908,0.07455308268648919,0.03439153439153442,-0.09355198659587893,0.05916045220434463
rf_tuned,2,1208048,2024-09-01,newcastle,tottenham,1,0.6646056372667019,1.36,3.33,-0.045415684694918634,0.04541568469491858,0.03559441794735907,-0.07068848038035691,0.03509406243299784
rf_tuned,2,1208043,2024-09-01,chelsea,crystalpalace,1,0.5816183453389144,,,,,,,
rf_tuned,2,1208047,2024-09-01,manutd,liverpool,0,0.613177509405686,1.48,2.8,-0.041028098070949426,0.04102809807094948,0.032818532818532864,-0.06249816626998961,0.0296796334514568
rf_tuned,3,1208058,2024-09-14,southampton,manutd,0,0.6292663513586546,1.58,2.48,0.018428912935009256,-0.018428912935009367,0.0361371988566761,-0.0036450410464086147,-0.03249215781026754
rf_tuned,3,1208055,2024-09-14,fulham,westham,1,0.5272020821100333,1.65,2.34,-0.059264083303500525,0.05926408330350058,0.033411033411033575,-0.0788585239505728,0.04544749053953934
rf_tuned,3,1208056,2024-09-14,liverpool,nottmforest,0,0.5086553315924979,,,,,,,
rf_tuned,3,1208057,2024-09-14,mancity,brentford,1,0.5468963831399284,2.02,1.84,0.07021244531609416,-0.07021244531609416,0.038527765820060234,0.05184687818943334,-0.09037464400949358
rf_tuned,3,1208053,2024-09-14,brighton,ipswich,0,0.6020335555027817,1.78,2.13,0.057276522254699924,-0.05727652225469981,0.03128132088410629,0.0402358026937929,-0.07151712357789908
rf_tuned,3,1208054,2024-09-14,crystalpalace,leicester,1,0.6047232867888154,,,,,,,
rf_tuned,3,1208052,2024-09-14,astonvilla,everton,1,0.5832570864295722,,,,,,,
rf_tuned,3,1208051,2024-09-14,bournemouth,chelsea,0,0.7197470340129548,1.44,2.96,0.04701976128568219,-0.04701976128568203,0.03228228228228236,0.025302589568510392,-0.05758487185079264
rf_tuned,3,1208059,2024-09-15,tottenham,arsenal,0,0.5753979185342396,1.49,2.75,-0.0731869871261378,0.07318698712613775,0.03477730323367911,-0.09574302106307586,0.06096571782939675
rf_tuned,3,1208060,2024-09-15,wolves,newcastle,1,0.6372838413925614,1.54,2.6,0.009264517721063847,-0.009264517721063847,0.033966033966033926,-0.0120668079580879,-0.021899226007946027
rf_tuned,3,1208070,2024-09-21,westham,chelsea,0,0.6984138536482114,1.49,2.77,0.048179111864173896,-0.048179111864173785,0.03215176992222535,0.027272914050895936,-0.05942468397312117
rf_tuned,3,1208064,2024-09-21,fulham,newcastle,1,0.6014141067821074,1.56,2.55,-0.0190238494222722,0.019023849422272088,0.03318250377073895,-0.039611534243533586,0.006429030472794528
rf_tuned,3,1208066,2024-09-21,liverpool,bournemouth,0,0.5875088708185268,1.64,2.34,-0.000430827673935541,0.0004308276739354855,0.03710652491140287,-0.022247226742448833,-0.01485929816895415
rf_tuned,3,1208068,2024-09-21,southampton,ipswich,1,0.6332800339495924,1.68,2.28,0.057522458192016734,-0.05752245819201662,0.03383458646616555,0.03804193871149719,-0.07187652517766263
rf_tuned,3,1208065,2024-09-21,leicester,everton,1,0.5925155444777566,1.67,2.3,0.013170456316547452,-0.013170456316547563,0.033585003905233,-0.006286850731824334,-0.02729815317340878
rf_tuned,3,1208069,2024-09-21,tottenham,brentford,1,0.6338363498515023,1.56,2.56,0.012477126550531459,-0.012477126550531403,0.03165064102564097,-0.00718929117413869,-0.02446134985150228
rf_tuned,3,1208061,2024-09-21,astonvilla,wolves,1,0.6227947372445454,,,,,,,
rf_tuned,3,1208063,2024-09-21,crystalpalace,manutd,0,0.5645956340754373,,,,,,,
rf_tuned,3,1208062,2024-09-22,brighton,nottmforest,1,0.5379287148935105,,,,,,,
rf_tuned,3,1208067,2024-09-22,mancity,arsenal,1,0.4561524186669503,1.93,1.93,-0.04384758133304972,0.04384758133304967,0.0362694300518136,-0.06198229635895652,0.025712866307142868
rf_tuned,3,1208078,2024-09-28,newcastle,mancity,1,0.49285851944416875,1.65,2.35,-0.09464148055583127,0.09464148055583121,0.03159252095422316,-0.11320208661643733,0.08160956566221417
rf_tuned,3,1208072,2024-09-28,arsenal,leicester,1,0.6066183986128268,2.44,1.59,0.2120774556847872,-0.2120774556847871,0.03876688318383348,0.19678233303905635,-0.2355492162228897
rf_tuned,3,1208075,2024-09-28,everton,crystalpalace,1,0.5674679329549179,,,,,,,
rf_tuned,3,1208074,2024-09-28,chelsea,brighton,1,0.625417416790534,1.52,2.67,-0.01181408678941831,0.01181408678941831,0.032426572048097846,-0.032477320051571335,5.074800347348862e-05
rf_tuned,3,1208073,2024-09-28,brentford,westham,1,0.6175382704222675,1.52,2.67,-0.019693233157684786,0.019693233157684786,0.032426572048097846,-0.04035646641983781,0.007929894371739965
rf_tuned,3,1208079,2024-09-28,nottmforest,fulham,0,0.5776427799520502,,,,,,,
rf_tuned,3,1208080,2024-09-28,wolves,liverpool,1,0.48525981734403273,1.71,2.23,-0.08073003037170329,0.08073003037170323,0.03322581491096943,-0.09953550429339414,0.0663096893824246
rf_tuned,3,1208076,2024-09-29,ipswich,astonvilla,1,0.6749546429998992,,,,,,,
rf_tuned,3,1208077,2024-09-29,manutd,tottenham,0,0.6454373215781569,1.41,3.05,-0.03841918066399552,0.03841918066399552,0.03708871061504482,-0.06378253657787147,0.026693825962826656
rf_tuned,3,1208071,2024-09-30,bournemouth,southampton,1,0.6187724094790155,1.68,2.29,0.04194621300546386,-0.04194621300546386,0.03191931794551883,0.02353431424092023,-0.05545363218643906
rf_tuned,3,1208086,2024-10-05,crystalpalace,liverpool,0,0.5097764168322851,,,,,,,
rf_tuned,3,1208081,2024-10-05,arsenal,southampton,1,0.6084719014151675,2.13,1.76,0.1560297420321341,-0.15602974203213404,0.03766538625693561,0.13898833334005012,-0.17665371959698573
rf_tuned,3,1208088,2024-10-05,leicester,bournemouth,0,0.6882547596233235,1.56,2.54,0.06874256450137228,-0.06874256450137228,0.03472642842721574,0.04722911859768253,-0.08195554702489827
rf_tuned,3,1208090,2024-10-05,westham,ipswich,1,0.6230127436044871,1.68,2.27,0.048329199300689685,-0.04832919930068963,0.035766729599328695,0.027774648366391874,-0.06354137796572057
rf_tuned,3,1208089,2024-10-05,mancity,fulham,1,0.5333561184667343,1.95,1.9,0.03984962496024069,-0.03984962496024069,0.03913630229419707,0.020535605646221367,-0.059671907940418434
rf_tuned,3,1208083,2024-10-05,brentford,wolves,1,0.6637672036351383,1.63,2.36,0.0722885068932837,-0.0722885068932837,0.03722574607465945,0.05027027111980087,-0.08749601719446037
rf_tuned,3,1208087,2024-10-05,everton,newcastle,0,0.6182266692578713,1.57,2.52,0.002089749942467911,-0.0020897499424678556,0.0337680719846325,-0.018716005901364352,-0.01505206608326809
rf_tuned,3,1208085,2024-10-06,chelsea,nottmforest,1,0.5547853979172909,,,,,,,
rf_tuned,3,1208082,2024-10-06,astonvilla,manutd,0,0.5516029946166704,,,,,,,
rf_tuned,3,1208084,2024-10-06,brighton,tottenham,1,0.6649470801025004,1.38,3.24,-0.036351621196200945,0.036351621196201,0.03327965646806241,-0.059690601056920034,0.026410944588857677
rf_tuned,3,1208099,2024-10-19,tottenham,westham,1,0.6401818804716365,1.53,2.64,0.007088355291780313,-0.007088355291780368,0.03238265002970886,-0.013412890770193586,-0.018969759259515273
rf_tuned,3,1208095,2024-10-19,manutd,brentford,1,0.647139878443185,1.56,2.53,0.028557971352720424,-0.028557971352720535,0.03628255802168834,0.006114237417544022,-0.04239679543923247
rf_tuned,3,1208092,2024-10-19,fulham,astonvilla,1,0.5430662421814358,,,,,,,
rf_tuned,3,1208098,2024-10-19,southampton,leicester,1,0.6037333005035757,1.66,2.32,0.020818727639253964,-0.020818727639254075,0.03344412131283758,0.0013236619493587343,-0.03476778326219637
rf_tuned,3,1208096,2024-10-19,newcastle,brighton,0,0.67730462890656,1.54,2.61,0.04838896625595768,-0.04838896625595751,0.03249241180275675,0.027953979555910613,-0.06044639135866725
rf_tuned,3,1208093,2024-10-19,ipswich,everton,0,0.5934330236852802,1.68,2.28,0.01767544792770448,-0.01767544792770437,0.03383458646616555,-0.001805071552815063,-0.032029514913350376
rf_tuned,3,1208091,2024-10-19,bournemouth,arsenal,0,0.39764793393683073,1.8,2.09,-0.13962713033052143,0.13962713033052143,0.034024455077086735,-0.15790762161872485,0.12388316654163811
rf_tuned,3,1208100,2024-10-20,wolves,mancity,1,0.5242161066624248,1.8,2.09,-0.013058957604927368,0.013058957604927368,0.034024455077086735,-0.031339448893130784,-0.0026850061839559514
rf_tuned,3,1208094,2024-10-20,liverpool,chelsea,1,0.6796369365756999,1.46,2.87,0.01681938461265131,-0.016819384612651422,0.03336356259844386,-0.005294570273615129,-0.02806899232482879
rf_tuned,3,1208097,2024-10-21,nottmforest,crystalpalace,0,0.5809723441295026,,,,,,,
rf_tuned,3,1208110,2024-10-25,leicester,nottmforest,1,0.5846452574065549,,,,,,,
rf_tuned,3,1208111,2024-10-26,mancity,southampton,0,0.6265598368599276,1.94,1.91,0.1304559407560314,-0.1304559407560314,0.03902412694985702,0.1110959193341543,-0.15012004628401132
rf_tuned,3,1208106,2024-10-26,brighton,wolves,1,0.6551658825251977,1.71,2.23,0.08917603480946168,-0.08917603480946168,0.03322581491096943,0.07037056088777083,-0.10359637579874031
rf_tuned,3,1208105,2024-10-26,brentford,ipswich,1,0.5759692854291408,1.74,2.18,0.019846836449548988,-0.019846836449549043,0.03342824000843603,0.0012566417509799477,-0.03468488175941603
rf_tuned,3,1208104,2024-10-26,astonvilla,bournemouth,1,0.5644669927166219,,,,,,,
rf_tuned,3,1208109,2024-10-26,everton,fulham,1,0.5329026474092989,1.63,2.38,-0.060613562067010296,0.060613562067010296,0.03366499974222825,-0.0805942851060385,0.0469292853638103
rf_tuned,3,1208112,2024-10-27,westham,manutd,1,0.5768344752260358,1.57,2.52,-0.03930244408936756,0.039302444089367616,0.0337680719846325,-0.060108199933199824,0.026340127948567382
rf_tuned,3,1208107,2024-10-27,chelsea,newcastle,1,0.6202064283204902,1.5,2.73,-0.025183642601495637,0.02518364260149558,0.03296703296703285,-0.04646023834617641,0.013493205379143502
rf_tuned,3,1208108,2024-10-27,crystalpalace,tottenham,0,0.6146578343900735,,,,,,,
rf_tuned,3,1208103,2024-10-27,arsenal,liverpool,1,0.4084793224065865,1.68,2.27,-0.1662042218972109,0.1662042218972109,0.035766729599328695,-0.1867587728315087,0.15099204323217996
rf_tuned,3,1208118,2024-11-02,newcastle,arsenal,0,0.4677964602268807,1.78,2.12,-0.07579328336286295,0.0757932833628629,0.03349586601653587,-0.0940012925821081,0.060505426565572173
rf_tuned,3,1208113,2024-11-02,bournemouth,mancity,1,0.4395341596937795,1.65,2.33,-0.14589297598461237,0.14589297598461248,0.03524515541682938,-0.16652644636682656,0.1312812909499973
rf_tuned,3,1208116,2024-11-02,liverpool,brighton,1,0.6149842122922115,1.6,2.44,0.01102381625260751,-0.01102381625260751,0.0348360655737705,-0.010015787707788548,-0.024820277865981955
rf_tuned,3,1208120,2024-11-02,southampton,everton,0,0.6069848445468582,1.72,2.2,0.04576035475093976,-0.04576035475093981,0.03594080338266381,0.025589495709648857,-0.061530299092312724
rf_tuned,3,1208115,2024-11-02,ipswich,leicester,1,0.6600118528975717,1.55,2.58,0.03531451633582827,-0.03531451633582838,0.03275818954738674,0.014850562574991066,-0.04760875212237786
rf_tuned,3,1208119,2024-11-02,nottmforest,westham,0,0.5649289634595632,,,,,,,
rf_tuned,3,1208122,2024-11-02,wolves,crystalpalace,1,0.6315938334155959,,,,,,,
rf_tuned,4,1208121,2024-11-03,tottenham,astonvilla,1,0.6167164099849822,,,,,,,
rf_tuned,4,1208117,2024-11-03,manutd,chelsea,1,0.6565175227483239,1.42,3.03,-0.024381353656170557,0.0243813536561705,0.034258355413006036,-0.04770782936435225,0.013449473951346103
rf_tuned,4,1208114,2024-11-04,fulham,brentford,1,0.6132346344420071,1.61,2.42,0.01273835652637445,-0.01273835652637434,0.034341152918228035,-0.007883377980353101,-0.02645777493787488
rf_tuned,4,1208126,2024-11-09,crystalpalace,fulham,0,0.5392989932427192,,,,,,,
rf_tuned,4,1208132,2024-11-09,wolves,southampton,0,0.7311735853369358,1.65,2.35,0.14367358533693575,-0.14367358533693575,0.03159252095422316,0.1251129792763297,-0.1567055002305528
rf_tuned,4,1208131,2024-11-09,westham,everton,0,0.5460154656610858,1.75,2.17,-0.007555962910342773,0.007555962910342717,0.032258064516129004,-0.025413105767485566,-0.006844958748643437
rf_tuned,4,1208127,2024-11-09,liverpool,astonvilla,0,0.5451738487152131,,,,,,,
rf_tuned,4,1208123,2024-11-09,brentford,bournemouth,1,0.5927089013500262,1.5,2.71,-0.05099656183287171,0.050996561832871656,0.035670356703567,-0.07395776531664044,0.03828740861307345
rf_tuned,4,1208124,2024-11-09,brighton,mancity,1,0.6329670129608151,1.49,2.78,-0.018086851207803067,0.018086851207803123,0.0308531698131429,-0.03817392663650032,0.007320756823357477
rf_tuned,4,1208128,2024-11-10,manutd,leicester,0,0.6226314973169491,1.8,2.09,0.08535643304959695,-0.08535643304959695,0.034024455077086735,0.06707594176139353,-0.10110039683848027
rf_tuned,4,1208130,2024-11-10,tottenham,ipswich,1,0.6460464686528694,1.72,2.19,0.0859441668625881,-0.08594416686258805,0.03801635340341947,0.06465111981566007,-0.10266747321907949
rf_tuned,4,1208129,2024-11-10,nottmforest,newcastle,1,0.5193214180534161,,,,,,,
rf_tuned,4,1208125,2024-11-10,chelsea,arsenal,1,0.5281664541683566,1.65,2.34,-0.05829971124517719,0.058299711245177244,0.033411033411033575,-0.07789415189224946,0.044483118481216
rf_tuned,4,1208135,2024-11-23,astonvilla,crystalpalace,1,0.594444130068848,,,,,,,
rf_tuned,4,1208133,2024-11-23,bournemouth,brighton,1,0.6626327873866188,1.48,2.8,0.008427179909983318,-0.008427179909983262,0.032818532818532864,-0.013042888289056864,-0.019775644529475944
rf_tuned,4,1208140,2024-11-23,mancity,tottenham,0,0.641373183431267,1.52,2.66,0.005009547067630682,-0.005009547067630626,0.03383458646616555,-0.016521553410838274,-0.017313033055327165
rf_tuned,4,1208137,2024-11-23,fulham,wolves,1,0.5998766826240375,1.7,2.24,0.031348763842311556,-0.03134876384231161,0.034663865546218364,0.011641388506390404,-0.04630525405260888
rf_tuned,4,1208136,2024-11-23,everton,brentford,0,0.5636787178799567,1.72,2.21,0.0013377509588371472,-0.0013377509588370917,0.033884036620014824,-0.01771663095725262,-0.016167405662762147
rf_tuned,4,1208134,2024-11-23,arsenal,nottmforest,0,0.5680815456196835,,,,,,,
rf_tuned,4,1208139,2024-11-23,leicester,chelsea,1,0.6080095989995402,1.69,2.26,0.03585770026536306,-0.035857700265362946,0.034193852437555794,0.016293622668179242,-0.050487475105734925
rf_tuned,4,1208142,2024-11-24,southampton,liverpool,1,0.4880589370170232,1.68,2.28,-0.0876986387405525,0.08769863874055261,0.03383458646616555,-0.10717915822107205,0.0733445717549066
rf_tuned,4,1208138,2024-11-24,ipswich,manutd,1,0.6042432424143107,1.67,2.3,0.0248981542531016,-0.024898154253101712,0.033585003905233,0.005440847204729815,-0.03902585110996293
rf_tuned,4,1208141,2024-11-25,newcastle,westham,0,0.5188985554778022,1.73,2.19,-0.039774913909952914,0.03977491390995297,0.03465568664713503,-0.05913612660312273,0.024480439955987754
rf_tuned,4,1208144,2024-11-29,brighton,southampton,1,0.7667115292976745,1.59,2.43,0.16223391735737602,-0.16223391735737597,0.040453451354918846,0.13778071168761163,-0.17823416304253042
rf_tuned,4,1208146,2024-11-30,crystalpalace,newcastle,1,0.5450230975118846,,,,,,,
rf_tuned,4,1208143,2024-11-30,brentford,leicester,1,0.6847896136894859,1.68,2.29,0.10796341721593428,-0.10796341721593428,0.03191931794551883,0.08955151845139064,-0.12147083639690948
rf_tuned,4,1208149,2024-11-30,nottmforest,ipswich,0,0.5801636001522364,,,,,,,
rf_tuned,4,1208151,2024-11-30,westham,arsenal,1,0.48251319180541613,1.93,1.93,-0.01748680819458387,0.017486808194583814,0.0362694300518136,-0.03562152322049067,-0.0006479068313229863
rf_tuned,4,1208152,2024-11-30,wolves,bournemouth,1,0.61285109836079,1.59,2.48,0.0035144890241806115,-0.0035144890241807225,0.03215662406167574,-0.016079719249272872,-0.016076904812402926
rf_tuned,4,1208148,2024-12-01,manutd,everton,0,0.5207125839344995,1.88,1.99,0.0065006976295899355,-0.00650069762958988,0.034427456431091574,-0.011202309682521783,-0.02322514674856979
rf_tuned,4,1208150,2024-12-01,tottenham,fulham,1,0.6630941602282325,1.45,2.9,-0.0035725064384340977,0.003572506438434153,0.034482758620689724,-0.026561012185560617,-0.007921746435129107
rf_tuned,4,1208145,2024-12-01,chelsea,astonvilla,0,0.6210037456002013,,,,,,,
rf_tuned,4,1208147,2024-12-01,liverpool,mancity,0,0.6016909497542909,1.49,2.77,-0.04854379202974657,0.04854379202974668,0.03215176992222535,-0.06944998984302453,0.03729821992079929
rf_tuned,4,1208158,2024-12-03,ipswich,crystalpalace,0,0.6322802216759655,,,,,,,
rf_tuned,4,1208159,2024-12-03,leicester,westham,1,0.6754608932715651,1.63,2.37,0.08296089327156508,-0.08296089327156508,0.03543786078537958,0.061963960756227676,-0.09740182154160726
rf_tuned,4,1208161,2024-12-04,newcastle,liverpool,1,0.4992409818561105,1.57,2.52,-0.11689593745929289,0.11689593745929289,0.0337680719846325,-0.13770169330312515,0.10393362131849265
rf_tuned,4,1208162,2024-12-04,southampton,chelsea,1,0.615597558459751,1.66,2.32,0.03268298559542926,-0.03268298559542937,0.03344412131283758,0.013187919905534029,-0.04663204121837167
rf_tuned,4,1208156,2024-12-04,everton,wolves,0,0.6165384218174146,1.83,2.05,0.08818790635349705,-0.08818790635349716,0.03425296548047441,0.07009033438572065,-0.10434329986619512
rf_tuned,4,1208160,2024-12-04,mancity,nottmforest,0,0.5784521896097296,,,,,,,
rf_tuned,4,1208154,2024-12-04,arsenal,manutd,0,0.5214138835579696,1.78,2.11,-0.02100256888418983,0.02100256888418983,0.03573140209808834,-0.04038386925101922,0.004652467152930884
rf_tuned,4,1208155,2024-12-04,astonvilla,brentford,1,0.5856059820987294,,,,,,,
rf_tuned,4,1208157,2024-12-05,fulham,brighton,1,0.6289635147551325,1.57,2.52,0.012826595439729083,-0.012826595439729027,0.0337680719846325,-0.00797916040410318,-0.02578891158052926
rf_tuned,4,1208153,2024-12-05,bournemouth,tottenham,0,0.6083192140878779,1.42,3.03,-0.0725796623166165,0.07257966231661644,0.034258355413006036,-0.0959061380247982,0.061647782611792046
rf_tuned,4,1208165,2024-12-07,crystalpalace,mancity,1,0.5387047099111546,,,,,,,
rf_tuned,4,1208164,2024-12-07,brentford,newcastle,1,0.6253537621764484,1.53,2.64,-0.007739763003407729,0.007739763003407674,0.03238265002970886,-0.028241009065381628,-0.004141640964327231
rf_tuned,4,1208163,2024-12-07,astonvilla,southampton,0,0.6606246178999087,,,,,,,
rf_tuned,4,1208170,2024-12-07,manutd,nottmforest,1,0.6053919309901304,,,,,,,
rf_tuned,4,1208167,2024-12-08,fulham,arsenal,1,0.4547380428885757,1.79,2.11,-0.08628759813706527,0.08628759813706538,0.03259286716619458,-0.10392117498851922,0.0713283078223248
rf_tuned,4,1208169,2024-12-08,leicester,brighton,1,0.6804592873034373,1.64,2.36,0.09045928730343733,-0.09045928730343733,0.03348491112029772,0.0707031897424617,-0.10418810086275937
rf_tuned,4,1208168,2024-12-08,ipswich,bournemouth,1,0.6295535178239391,1.63,2.38,0.03603730834762986,-0.03603730834762986,0.03366499974222825,0.016056585308601656,-0.04972158505082985
rf_tuned,4,1208171,2024-12-08,tottenham,chelsea,1,0.7122678797657387,1.35,3.4,-0.0035215939184717326,0.0035215939184718437,0.034858387799564294,-0.028472860975002012,-0.0063855268245622265
rf_tuned,4,1208172,2024-12-09,westham,wolves,1,0.6560776250379127,1.67,2.31,0.0756756149876614,-0.0756756149876614,0.03170282811001379,0.057275229828331775,-0.08897805793834557
rf_tuned,4,1208179,2024-12-14,newcastle,leicester,0,0.6257013905612329,1.76,2.13,0.07814354994426631,-0.07814354994426626,0.03766538625693561,0.05751957237941463,-0.09518495863635024
rf_tuned,4,1208182,2024-12-14,wolves,ipswich,1,0.723100427078618,1.73,2.19,0.1644269576908629,-0.16442695769086285,0.03465568664713503,0.1450657449976931,-0.17972143164482807
rf_tuned,4,1208177,2024-12-14,liverpool,fulham,1,0.5184063028534811,1.72,2.18,-0.04056805612087788,0.04056805612087794,0.04011094516748459,-0.06298904598372823,0.022878100816243696
rf_tuned,4,1208174,2024-12-14,arsenal,everton,0,0.5518800066596266,2.28,1.67,0.1290951965330443,-0.12909519653304424,0.0373988864376511,0.11328351543155635,-0.15068240186920745
rf_tuned,4,1208180,2024-12-14,nottmforest,astonvilla,1,0.5804565304944707,,,,,,,
rf_tuned,4,1208175,2024-12-15,brighton,crystalpalace,1,0.6098339198677261,,,,,,,
rf_tuned,4,1208178,2024-12-15,mancity,manutd,1,0.6208528393524366,1.57,2.51,0.005656760921064041,-0.005656760921064152,0.03534904966122765,-0.016089835806799013,-0.01925921385442869
rf_tuned,4,1208181,2024-12-15,southampton,tottenham,0,0.6920301662750282,1.33,3.52,-0.03374302960126041,0.03374302960126041,0.03597060833902943,-0.059849532973092034,0.02387892463406266
rf_tuned,4,1208176,2024-12-15,chelsea,brentford,1,0.6786696349122231,1.61,2.42,0.07817335699659045,-0.07817335699659034,0.034341152918228035,0.0575516224898629,-0.09189277540809088
rf_tuned,4,1208173,2024-12-16,bournemouth,westham,1,0.6294518260898108,1.56,2.56,0.008092602788839942,-0.008092602788839887,0.03165064102564097,-0.011573814935830207,-0.020076826089810762
rf_tuned,4,1208183,2024-12-21,astonvilla,mancity,1,0.5639334166768918,,,,,,,
rf_tuned,4,1208192,2024-12-21,westham,brighton,1,0.6407100379427777,1.45,2.91,-0.0267211547177727,0.02672115471777281,0.03329778409764206,-0.04894513447101545,0.015647350373373503
rf_tuned,4,1208184,2024-12-21,brentford,nottmforest,0,0.6174377438090971,,,,,,,
rf_tuned,4,1208188,2024-12-21,ipswich,newcastle,0,0.5895937646618519,1.63,2.37,-0.0029062353381481554,0.0029062353381481554,0.03543786078537958,-0.023903167853485563,-0.01153469293189402
rf_tuned,4,1208185,2024-12-21,crystalpalace,arsenal,1,0.4163438228022153,,,,,,,
rf_tuned,4,1208191,2024-12-22,tottenham,liverpool,1,0.6206368992224276,1.36,3.35,-0.09061575470538552,0.09061575470538558,0.03380158033362601,-0.11465721842463117,0.08085563809100527
rf_tuned,4,1208187,2024-12-22,fulham,southampton,0,0.6848970886379453,1.74,2.17,0.12990987636173046,-0.12990987636173046,0.03554213676571849,0.11018444495978441,-0.1457265817255029
rf_tuned,4,1208190,2024-12-22,manutd,bournemouth,0,0.571874368084637,1.62,2.39,-0.024135606977707114,0.02413560697770717,0.03569399245828819,-0.04540958253264693,0.009715590074358849
rf_tuned,4,1208189,2024-12-22,leicester,wolves,0,0.7465477936266842,1.55,2.58,0.1218504570649408,-0.12185045706494091,0.03275818954738674,0.10138650330410359,-0.1341446928514904
rf_tuned,4,1208186,2024-12-22,everton,chelsea,0,0.5590598988384408,1.66,2.32,-0.02385467402588093,0.023854674025880818,0.03344412131283758,-0.04334973971577616,0.00990561840293852
rf_tuned,4,1208201,2024-12-26,southampton,westham,0,0.7108224647785932,1.61,2.43,0.10933731626374177,-0.10933731626374171,0.03264064616721618,0.08970445235623303,-0.12234509852344916
rf_tuned,4,1208193,2024-12-26,bournemouth,crystalpalace,0,0.5453469778240926,,,,,,,
rf_tuned,4,1208199,2024-12-26,newcastle,astonvilla,0,0.5291335054704526,,,,,,,
rf_tuned,4,1208198,2024-12-26,mancity,everton,1,0.5522814612235327,1.88,1.98,0.03932809334788512,-0.03932809334788501,0.03696539866752646,0.020366567606511454,-0.057331966274037804
rf_tuned,4,1208200,2024-12-26,nottmforest,tottenham,0,0.5943641984615208,,,,,,,
rf_tuned,4,1208196,2024-12-26,chelsea,fulham,1,0.5704803312911313,1.65,2.33,-0.014946804387260593,0.014946804387260704,0.03524515541682938,-0.035580274769474785,0.00033511935264551873
rf_tuned,4,1208197,2024-12-26,liverpool,leicester,1,0.6374821838996813,2.07,1.79,0.1737516139514947,-0.17375161395149474,0.0417510053167085,0.1543903964600677,-0.1961414017767762
rf_tuned,4,1208202,2024-12-26,wolves,manutd,0,0.5613544717490471,1.75,2.16,0.008924804229865524,-0.008924804229865413,0.03439153439153442,-0.010074099679524329,-0.024317434712009978
rf_tuned,4,1208195,2024-12-27,brighton,brentford,0,0.7086075722369672,1.52,2.65,0.0731159655223389,-0.07311596552233901,0.03525322740814296,0.05071283539486193,-0.085966062803005
rf_tuned,4,1208194,2024-12-27,arsenal,ipswich,0,0.639482233950408,2.23,1.69,0.20835978497081625,-0.2083597849708162,0.040146469604903645,0.19105174067686542,-0.231198210281769
rf_tuned,4,1208206,2024-12-29,everton,nottmforest,0,0.5802521701251881,,,,,,,
rf_tuned,4,1208211,2024-12-29,tottenham,wolves,1,0.7483189402363806,1.47,2.84,0.08938622561921128,-0.08938622561921122,0.03238478489987551,0.06804683139284318,-0.10043161629271863
rf_tuned,4,1208205,2024-12-29,crystalpalace,southampton,1,0.6667748694901847,,,,,,,
rf_tuned,4,1208212,2024-12-29,westham,liverpool,0,0.46622874365751216,1.69,2.26,-0.105923155076665,0.10592315507666517,0.034193852437555794,-0.12548723267384881,0.09129338023629319
rf_tuned,4,1208209,2024-12-29,leicester,mancity,0,0.6164093807337447,1.68,2.26,0.0428053198200391,-0.04280531982003921,0.037715971344289834,0.021171285495649506,-0.05888725683993945
rf_tuned,4,1208207,2024-12-29,fulham,bournemouth,1,0.5321966409717331,1.67,2.3,-0.04714844718947597,0.04714844718947586,0.033585003905233,-0.06660575423784776,0.033020750332614646
rf_tuned,4,1208203,2024-12-30,astonvilla,brighton,1,0.6188041287095514,,,,,,,
rf_tuned,4,1208210,2024-12-30,manutd,newcastle,0,0.5841996487792183,1.56,2.55,-0.03623830742516132,0.03623830742516121,0.03318250377073895,-0.05682599224642271,0.02364348847568365
rf_tuned,4,1208208,2024-12-30,ipswich,chelsea,0,0.6651933690728083,1.74,2.18,0.1090709200932165,-0.10907092009321656,0.03342824000843603,0.09048072539464747,-0.12390896540308355
rf_tuned,4,1208204,2025-01-01,brentford,arsenal,1,0.42497426299387775,1.76,2.15,-0.12489785976827061,0.12489785976827061,0.03329809725158572,-0.14320755518794048,0.10990945793635482
rf_tuned,5,1208221,2025-01-04,tottenham,newcastle,1,0.6385324945627185,1.35,3.43,-0.07904072719460375,0.07904072719460364,0.032285930245113725,-0.10220824617802216,0.06992231593290832
rf_tuned,5,1208213,2025-01-04,bournemouth,everton,0,0.5827087074852606,1.75,2.16,0.030279039966079058,-0.030279039966078947,0.03439153439153442,0.011280136056689205,-0.04567167044822351
rf_tuned,5,1208220,2025-01-04,southampton,brentford,0,0.6396831285192469,1.56,2.54,0.0201709333972957,-0.0201709333972957,0.03472642842721574,-0.0013425125063940557,-0.03338391592082168
rf_tuned,5,1208219,2025-01-04,mancity,westham,1,0.5978589236215792,1.72,2.19,0.03775662183129791,-0.037756621831297854,0.03801635340341947,0.016463574784369883,-0.054479928187789295
rf_tuned,5,1208216,2025-01-04,crystalpalace,chelsea,1,0.6316649779515041,,,,,,,
rf_tuned,5,1208214,2025-01-04,astonvilla,leicester,1,0.6965587389126607,,,,,,,
rf_tuned,5,1208215,2025-01-04,brighton,arsenal,1,0.5323970869240953,1.85,2.02,0.010433262634689577,-0.010433262634689688,0.035590045491035394,-0.008143453616445195,-0.02744659187459031
rf_tuned,5,1208217,2025-01-05,fulham,ipswich,1,0.5781253805541289,1.88,2.0,0.06266146302835574,-0.06266146302835568,0.03191489361702127,0.04621048693710761,-0.07812538055412888
rf_tuned,5,1208218,2025-01-05,liverpool,manutd,1,0.5632450379085876,1.79,2.11,0.022219396882946607,-0.02221939688294655,0.03259286716619458,0.00458582003149266,-0.03717868719768713
rf_tuned,5,1208222,2025-01-06,wolves,nottmforest,0,0.5441141657853652,,,,,,,
rf_tuned,5,1208229,2025-01-14,westham,fulham,1,0.5522644098560583,1.72,2.2,-0.008960079939860144,0.008960079939860088,0.03594080338266381,-0.029130938981151044,-0.006809864401512822
rf_tuned,5,1208230,2025-01-14,chelsea,bournemouth,1,0.655880078907517,1.56,2.55,0.0354421227031374,-0.03544212270313751,0.03318250377073895,0.014854437881876015,-0.04803694165261507
rf_tuned,5,1208224,2025-01-14,brentford,mancity,1,0.6257855343026144,1.51,2.69,-0.014690656173576011,0.014690656173576067,0.03399886752504999,-0.036466121326524714,0.002467253801474778
rf_tuned,5,1208228,2025-01-14,nottmforest,liverpool,1,0.4374252510694264,,,,,,,
rf_tuned,5,1208231,2025-01-15,newcastle,wolves,0,0.49374720960375795,1.76,2.15,-0.05612491315839041,0.05612491315839041,0.03329809725158572,-0.07443460857806028,0.04113651132647461
rf_tuned,5,1208225,2025-01-15,everton,astonvilla,0,0.5428032199794044,,,,,,,
rf_tuned,5,1208227,2025-01-15,leicester,crystalpalace,0,0.6099976928182858,,,,,,,
rf_tuned,5,1208223,2025-01-15,arsenal,tottenham,1,0.5806259097949477,1.8,2.09,0.043350845527595494,-0.043350845527595494,0.034024455077086735,0.02507035423939208,-0.059094809316478814
rf_tuned,5,1208226,2025-01-16,ipswich,brighton,0,0.6325067164199821,1.67,2.3,0.05316162825877302,-0.05316162825877313,0.033585003905233,0.033704321210401234,-0.06728932511563435
rf_tuned,5,1208232,2025-01-16,manutd,southampton,1,0.6063000148948681,2.03,1.83,0.13220675064616333,-0.13220675064616338,0.03905892487011764,0.11368917745644436,-0.152748102326562
rf_tuned,5,1208240,2025-01-18,newcastle,bournemouth,1,0.5872157457855158,1.59,2.46,-0.020191661621891455,0.02019166162189162,0.03543488265071337,-0.041715071824547034,0.006280189173833772
rf_tuned,5,1208238,2025-01-18,leicester,fulham,0,0.5669265871373943,1.78,2.11,0.024510134695234886,-0.024510134695234886,0.03573140209808834,0.005128834328405496,-0.040860236426493834
rf_tuned,5,1208242,2025-01-18,westham,crystalpalace,0,0.6412355345237628,,,,,,,
rf_tuned,5,1208234,2025-01-18,brentford,liverpool,0,0.5343731965264784,1.5,2.73,-0.11101687439550745,0.11101687439550739,0.03296703296703285,-0.13229347014018822,0.09932643717315531
rf_tuned,5,1208233,2025-01-18,arsenal,astonvilla,1,0.5494608916830231,,,,,,,
rf_tuned,5,1208239,2025-01-19,manutd,brighton,1,0.5763561781337201,1.65,2.34,-0.010109987279813715,0.01010998727981377,0.033411033411033575,-0.02970442792688599,-0.003706605484147474
rf_tuned,5,1208236,2025-01-19,everton,tottenham,1,0.5320139331006147,1.7,2.23,-0.03541609234467791,0.03541609234467791,0.03666578739118975,-0.056221361017032345,0.019555573625842648
rf_tuned,5,1208241,2025-01-19,nottmforest,southampton,1,0.5516725250210821,,,,,,,
rf_tuned,5,1208237,2025-01-19,ipswich,mancity,0,0.5215617234561509,1.79,2.1,-0.018284034898604862,0.018284034898604862,0.0348496940675711,-0.03709749442094401,0.0022478003533729085
rf_tuned,5,1208235,2025-01-20,chelsea,wolves,1,0.7043423464740586,1.6,2.45,0.09940407486912028,-0.09940407486912028,0.03316326530612246,0.07934234647405858,-0.11250561178018098
rf_tuned,5,1208243,2025-01-25,bournemouth,nottmforest,0,0.5409689772268699,,,,,,,
rf_tuned,5,1208252,2025-01-25,wolves,arsenal,0,0.5473314780447954,2.02,1.86,0.06795003474582634,-0.0679500347458264,0.03268391355264555,0.05228197309430038,-0.08496588664694593
rf_tuned,5,1208248,2025-01-25,liverpool,ipswich,1,0.6621333540703175,2.14,1.75,0.21226188877468766,-0.21226188877468766,0.03871829105473967,0.19484363444414926,-0.23356192549888888
rf_tuned,5,1208250,2025-01-25,southampton,newcastle,1,0.5714472868255667,1.65,2.35,-0.016052713174433353,0.016052713174433353,0.03159252095422316,-0.03461331923503941,0.003020798280816306
rf_tuned,5,1208245,2025-01-25,brighton,everton,0,0.5810616045906426,1.92,1.95,0.07718563559839453,-0.07718563559839453,0.033653846153846256,0.06022827125730923,-0.09388211741115549
rf_tuned,5,1208249,2025-01-25,mancity,chelsea,1,0.5953916537040093,1.41,3.08,-0.09057716589510001,0.09057716589509984,0.033895182831352955,-0.11382820445201913,0.07993302162066607
rf_tuned,5,1208251,2025-01-26,tottenham,leicester,1,0.7512421809637888,1.47,2.84,0.09230946634661952,-0.09230946634661946,0.03238478489987551,0.07097007212025142,-0.10335485702012687
rf_tuned,5,1208246,2025-01-26,crystalpalace,brentford,1,0.5498417765186597,,,,,,,
rf_tuned,5,1208244,2025-01-26,astonvilla,westham,1,0.6252751980958609,,,,,,,
rf_tuned,5,1208247,2025-01-26,fulham,manutd,0,0.5428202970094791,1.66,2.31,-0.03904368283938753,0.03904368283938736,0.035310071454649705,-0.05958934154473783,0.024279270090088012
rf_tuned,5,1208260,2025-02-01,newcastle,fulham,1,0.5806016291565519,1.68,2.27,0.005918084852754468,-0.005918084852754413,0.035766729599328695,-0.014636466081543342,-0.021130263517785353
rf_tuned,5,1208253,2025-02-01,bournemouth,liverpool,0,0.5837115859023334,1.49,2.77,-0.0665231558817041,0.06652315588170421,0.03215176992222535,-0.08742935369498206,0.05527758377275682
rf_tuned,5,1208261,2025-02-01,nottmforest,brighton,0,0.5461085009387108,,,,,,,
rf_tuned,5,1208262,2025-02-01,wolves,astonvilla,0,0.6605608394307574,,,,,,,
rf_tuned,5,1208257,2025-02-01,everton,leicester,0,0.5242430258976074,2.07,1.81,0.057748180536782656,-0.057748180536782656,0.03557797528491746,0.041151238457993844,-0.0767292137429113
rf_tuned,5,1208258,2025-02-01,ipswich,southampton,1,0.66103589560301,1.7,2.25,0.09141564243845302,-0.09141564243845307,0.03267973856209139,0.07280060148536294,-0.10548034004745444
rf_tuned,5,1208259,2025-02-02,manutd,crystalpalace,0,0.5533061346031767,,,,,,,
rf_tuned,5,1208255,2025-02-02,brentford,tottenham,0,0.7118604486152349,1.33,3.56,-0.016155911302965453,0.01615591130296551,0.03277857565261466,-0.04001925063288536,0.0072406749802707004
rf_tuned,5,1208254,2025-02-02,arsenal,mancity,1,0.5602975650558354,1.61,2.41,-0.03920492250635366,0.03920492250635366,0.036055771758459754,-0.06082044736652481,0.024764675608065057
rf_tuned,5,1208256,2025-02-03,chelsea,westham,1,0.6369846968689756,1.67,2.27,0.06084256488928019,-0.06084256488928014,0.03933102957081447,0.038182301659394735,-0.07751333123020909
rf_tuned,5,1208166,2025-02-12,everton,liverpool,1,0.42011749505335827,1.93,1.94,-0.08117449461072446,0.08117449461072435,0.03359863255167994,-0.09801721997254853,0.06441858742086848
rf_tuned,5,1208264,2025-02-14,brighton,chelsea,0,0.6723241090276825,1.51,2.7,0.030993942756898707,-0.03099394275689854,0.032622025999509585,0.010072453398543346,-0.04269447939805282
rf_tuned,5,1208270,2025-02-15,southampton,bournemouth,1,0.5834496483123067,1.59,2.47,-0.024924735924146457,0.024924735924146457,0.0337891172052045,-0.04548116929775614,0.011692052092551586
rf_tuned,5,1208267,2025-02-15,leicester,arsenal,0,0.5143686560141193,2.24,1.7,0.08289657479584517,-0.08289657479584522,0.034663865546218364,0.0679400845855479,-0.10260395013176637
rf_tuned,5,1208266,2025-02-15,fulham,nottmforest,1,0.4760685377703568,,,,,,,
rf_tuned,5,1208272,2025-02-15,westham,brentford,0,0.591865962313445,1.49,2.75,-0.05671894334693239,0.05671894334693234,0.03477730323367911,-0.07927497728387045,0.04449767405019134
rf_tuned,5,1208263,2025-02-15,astonvilla,ipswich,1,0.6537028360675571,,,,,,,
rf_tuned,5,1208265,2025-02-15,crystalpalace,everton,1,0.5269237088187276,,,,,,,
rf_tuned,5,1208269,2025-02-15,mancity,newcastle,0,0.5977801175670643,1.41,3.08,-0.08818870203204499,0.08818870203204482,0.033895182831352955,-0.11143974058896411,0.07754455775761104
rf_tuned,5,1208268,2025-02-16,liverpool,wolves,1,0.6139469063902425,1.94,1.91,0.11784301028634636,-0.11784301028634636,0.03902412694985702,0.09848298886446927,-0.1375071158143263
rf_tuned,5,1208271,2025-02-16,tottenham,manutd,0,0.6950413836128783,1.49,2.76,0.04562961890699602,-0.045629618906995906,0.03345978017702578,0.023900444015562794,-0.05736022419258846
rf_tuned,5,1208305,2025-02-19,astonvilla,liverpool,1,0.5259551474178407,,,,,,,
rf_tuned,5,1208279,2025-02-21,leicester,brentford,0,0.5876175687845033,1.54,2.59,-0.03950107528329316,0.03950107528329333,0.03545103545103556,-0.061733080566146015,0.026282045115110564
rf_tuned,5,1208273,2025-02-22,bournemouth,wolves,0,0.5865407603923093,1.74,2.18,0.030418311412717447,-0.030418311412717502,0.03342824000843603,0.011828116714148407,-0.04525635672258449
rf_tuned,5,1208277,2025-02-22,fulham,crystalpalace,0,0.5018019829854882,,,,,,,
rf_tuned,5,1208282,2025-02-22,southampton,brighton,0,0.63040298869068,1.64,2.36,0.04040298869068004,-0.04040298869068004,0.03348491112029772,0.020646891129704414,-0.05413180225000208
rf_tuned,5,1208274,2025-02-22,arsenal,westham,0,0.6057680375491402,2.41,1.61,0.20527052511132926,-0.20527052511132926,0.036055771758459754,0.19083027821304066,-0.22688604997150041
rf_tuned,5,1208276,2025-02-22,everton,manutd,1,0.4985520691433863,1.96,1.91,0.005012017463799701,-0.005012017463799645,0.03376429105673684,-0.011652012489266783,-0.02211227856747
rf_tuned,5,1208278,2025-02-22,ipswich,tottenham,1,0.6853596970641378,1.48,2.79,0.03196391252081232,-0.031963912520812265,0.03409861474377607,0.009684021388462138,-0.04378263613223815
rf_tuned,5,1208275,2025-02-22,astonvilla,chelsea,1,0.6355415244230229,,,,,,,
rf_tuned,5,1208281,2025-02-23,newcastle,nottmforest,1,0.536555255319686,,,,,,,
rf_tuned,5,1208280,2025-02-23,mancity,liverpool,0,0.5596183771707604,1.5,2.74,-0.08660803792357918,0.0866080379235793,0.031630170316301776,-0.10704828949590628,0.07541811917960461
rf_tuned,5,1208288,2025-02-25,wolves,fulham,1,0.5253080424728815,1.88,2.0,0.009844124947108401,-0.009844124947108346,0.03191489361702127,-0.006606851144139725,-0.025308042472881542
rf_tuned,5,1208284,2025-02-25,brighton,bournemouth,1,0.6054812324428367,1.55,2.56,-0.017389813785873787,0.01738981378587373,0.035786290322580516,-0.039680057879743935,0.003893767557163308
rf_tuned,5,1208289,2025-02-25,crystalpalace,astonvilla,1,0.5233651220375416,,,,,,,
rf_tuned,5,1208290,2025-02-25,chelsea,southampton,0,0.6422223618415441,1.92,1.93,0.1409236605428429,-0.14092366054284278,0.03896804835924028,0.12138902850821076,-0.16035707686745093
rf_tuned,5,1208292,2025-02-26,manutd,ipswich,1,0.6167311524295073,1.7,2.25,0.04711089926495027,-0.04711089926495032,0.03267973856209139,0.02849585831186019,-0.06117559687395169
rf_tuned,5,1208283,2025-02-26,brentford,everton,1,0.5308166844049947,1.67,2.3,-0.04852840375621437,0.048528403756214256,0.033585003905233,-0.06798571080458615,0.03440070689935304
rf_tuned,5,1208291,2025-02-26,liverpool,newcastle,0,0.547095691129143,1.72,2.2,-0.01412879866677541,0.014128798666775355,0.03594080338266381,-0.03429965770806631,-0.001641145674597555
rf_tuned,5,1208285,2025-02-26,nottmforest,arsenal,0,0.5446104648716231,,,,,,,
rf_tuned,5,1208286,2025-02-26,tottenham,mancity,0,0.6827396512322882,1.38,3.22,-0.017260348767711875,0.01726034876771182,0.035196687370600444,-0.04189802992713221,0.006701342556531709
rf_tuned,5,1208287,2025-02-27,westham,leicester,0,0.5605840215187784,1.83,2.05,0.03223350605486086,-0.03223350605486097,0.03425296548047441,0.014135934087084467,-0.04838889956755893
rf_tuned,6,1208297,2025-03-08,liverpool,southampton,1,0.645283901888378,2.15,1.75,0.1965659531704293,-0.19656595317042935,0.03654485049833878,0.1801676228186106,-0.21671247331694943
rf_tuned,6,1208294,2025-03-08,brighton,fulham,1,0.5627663183690378,1.73,2.19,0.004092848981282704,-0.0040928489812826485,0.03465568664713503,-0.015268363711887112,-0.019387322935247864
rf_tuned,6,1208299,2025-03-08,nottmforest,mancity,0,0.5504157671497149,,,,,,,
rf_tuned,6,1208302,2025-03-08,wolves,everton,1,0.50069132587192,2.13,1.78,0.04544835912000189,-0.04544835912000178,0.03128132088410629,0.031207757796802627,-0.062489078680908805
rf_tuned,6,1208296,2025-03-08,crystalpalace,ipswich,0,0.5988962673689859,,,,,,,
rf_tuned,6,1208293,2025-03-08,brentford,astonvilla,0,0.6212734962614259,,,,,,,
rf_tuned,6,1208300,2025-03-09,tottenham,bournemouth,1,0.6234750376429281,1.43,2.99,-0.05299555059236605,0.05299555059236605,0.033748859835816436,-0.07582566165777127,0.042076801821954835
rf_tuned,6,1208295,2025-03-09,chelsea,leicester,0,0.6240481996340751,2.04,1.83,0.15117998257981152,-0.15117998257981147,0.03664416586306651,0.13385212120270257,-0.17049628706576903
rf_tuned,6,1208298,2025-03-09,manutd,arsenal,1,0.4955445278389061,2.02,1.85,0.0175083521283117,-0.01750835212831181,0.035590045491035394,0.0004950228884110786,-0.03608506837944658
rf_tuned,6,1208301,2025-03-10,westham,newcastle,0,0.47356953939216984,1.68,2.27,-0.10111400491162759,0.10111400491162764,0.035766729599328695,-0.1216685558459254,0.0859018262465967
rf_tuned,6,1208308,2025-03-15,ipswich,nottmforest,1,0.5048301857311772,,,,,,,
rf_tuned,6,1208303,2025-03-15,bournemouth,brentford,1,0.5989940960150181,1.51,2.69,-0.04148209446117235,0.0414820944611724,0.03399886752504999,-0.06325755961412105,0.029258692089071114
rf_tuned,6,1208306,2025-03-15,everton,westham,1,0.5032830014633622,2.03,1.85,0.026478877752022012,-0.026478877752021956,0.03315137797896428,0.010672164024938535,-0.043823542003902705
rf_tuned,6,1208310,2025-03-15,mancity,brighton,1,0.5437043635763742,1.5,2.74,-0.10252205151796534,0.10252205151796545,0.031630170316301776,-0.12296230309029244,0.09133213277399077
rf_tuned,6,1208312,2025-03-15,southampton,wolves,1,0.6111143646422517,1.77,2.13,0.06496051848840545,-0.0649605184884055,0.034455319487546765,0.04614261322982227,-0.08059793271736904
rf_tuned,6,1208307,2025-03-16,fulham,tottenham,0,0.6127799951582271,1.66,2.32,0.02986542229390543,-0.02986542229390554,0.03344412131283758,0.0103703566040102,-0.04381447791684784
rf_tuned,6,1208304,2025-03-16,arsenal,chelsea,0,0.4999265743116019,2.04,1.84,0.025699770187890603,-0.025699770187890603,0.03367433930093777,0.009730495880229395,-0.04340483518116711
rf_tuned,6,1208309,2025-03-16,leicester,manutd,0,0.5405606789042328,1.81,2.07,0.007055524265057511,-0.007055524265057511,0.03557797528491746,-0.011925508941071139,-0.023652466343846323
rf_tuned,6,1208317,2025-04-01,wolves,westham,0,0.5164880006335999,2.01,1.86,0.03586784559484013,-0.03586784559484024,0.035146846413095734,0.018975562822654557,-0.0541224092357504
rf_tuned,6,1208314,2025-04-01,arsenal,fulham,1,0.4194382885107138,2.18,1.74,-0.024439262509694415,0.024439262509694415,0.03342824000843603,-0.0392773078195614,0.005849067811125375
rf_tuned,6,1208316,2025-04-01,nottmforest,manutd,0,0.602634728149033,,,,,,,
rf_tuned,6,1208320,2025-04-02,newcastle,brentford,1,0.5655401212380393,1.55,2.56,-0.05733092499067116,0.057330924990671106,0.035786290322580516,-0.07962116908454131,0.04383487876196068
rf_tuned,6,1208313,2025-04-02,bournemouth,ipswich,1,0.605842486098013,1.93,1.94,0.10455049643393022,-0.10455049643393033,0.03359863255167994,0.08770777107210614,-0.1213064036237862
rf_tuned,6,1208321,2025-04-02,southampton,crystalpalace,1,0.5624860133556074,,,,,,,
rf_tuned,6,1208319,2025-04-02,mancity,leicester,0,0.6097905911809675,1.91,1.94,0.10589448728486361,-0.10589448728486361,0.03902412694985702,0.08623038175688369,-0.1252545087067407
rf_tuned,6,1208315,2025-04-02,brighton,astonvilla,0,0.6111993805476909,,,,,,,
rf_tuned,6,1208322,2025-04-02,liverpool,everton,0,0.5004162031345684,1.96,1.91,0.0068761514549817715,-0.0068761514549817715,0.03376429105673684,-0.009787878498084712,-0.023976412558652127
rf_tuned,6,1208318,2025-04-03,chelsea,tottenham,0,0.6781692207525495,1.52,2.67,0.0409377171725972,-0.0409377171725972,0.032426572048097846,0.020274483910444174,-0.05270105595854202
rf_tuned,6,1208326,2025-04-05,everton,arsenal,1,0.4662749924111162,2.17,1.75,0.019846420982544744,-0.019846420982544855,0.032258064516129004,0.005445499323558589,-0.03770356383968765
rf_tuned,6,1208332,2025-04-05,westham,bournemouth,1,0.48120755039189594,1.68,2.28,-0.09455002536567975,0.0945500253656798,0.03383458646616555,-0.11403054484619929,0.0801959583800338
rf_tuned,6,1208325,2025-04-05,crystalpalace,brighton,1,0.560964176759452,,,,,,,
rf_tuned,6,1208328,2025-04-05,ipswich,wolves,1,0.5260558128217917,1.98,1.88,0.039009180697439416,-0.039009180697439305,0.03696539866752646,0.02100530777128662,-0.05797070643881297
rf_tuned,6,1208323,2025-04-05,astonvilla,nottmforest,1,0.6036762816849689,,,,,,,
rf_tuned,6,1208327,2025-04-06,fulham,liverpool,1,0.5003573482254989,1.72,2.2,-0.0608671415704195,0.06086714157041945,0.03594080338266381,-0.0810380006117104,0.04509719722904654
rf_tuned,6,1208331,2025-04-06,tottenham,southampton,1,0.6861561727004286,1.68,2.27,0.11147262839663119,-0.11147262839663113,0.035766729599328695,0.09091807746233338,-0.12668480706166207
rf_tuned,6,1208324,2025-04-06,brentford,chelsea,0,0.5707033332806047,1.53,2.64,-0.062390191899251435,0.06239019189925138,0.03238265002970886,-0.08289143796122533,0.050508787931516475
rf_tuned,6,1208330,2025-04-06,manutd,mancity,0,0.5642520319581467,1.56,2.55,-0.05618592424623292,0.05618592424623281,0.03318250377073895,-0.07677360906749431,0.04359110529675525
rf_tuned,6,1208329,2025-04-07,leicester,newcastle,0,0.4883235920964119,1.9,1.97,-0.020720335552166846,0.020720335552166902,0.0339300026716538,-0.037992197377272274,0.004062194705618527
rf_tuned,6,1208338,2025-04-12,mancity,crystalpalace,1,0.5075448628128717,,,,,,,
rf_tuned,6,1208341,2025-04-12,southampton,astonvilla,0,0.5817295915953218,,,,,,,
rf_tuned,6,1208335,2025-04-12,brighton,leicester,1,0.6573723223884852,2.0,1.88,0.1728362399142584,-0.17283623991425834,0.03191489361702127,0.1573723223884852,-0.18928721600550646
rf_tuned,6,1208340,2025-04-12,nottmforest,everton,0,0.5386530096771691,,,,,,,
rf_tuned,6,1208334,2025-04-12,arsenal,brentford,1,0.4738910011480438,1.79,2.1,-0.06595475720671201,0.06595475720671207,0.0348496940675711,-0.08476821672905116,0.049918522661480114
rf_tuned,6,1208342,2025-04-13,wolves,tottenham,1,0.6085267159925752,1.62,2.39,0.01251674093023114,-0.012516740930231085,0.03569399245828819,-0.008757234624708676,-0.026936757833579406
rf_tuned,6,1208337,2025-04-13,liverpool,westham,1,0.5331699397869855,1.99,1.87,0.04871398123776266,-0.048713981237762605,0.03727192110284028,0.03065737697291515,-0.06792929807575543
rf_tuned,6,1208336,2025-04-13,chelsea,ipswich,1,0.6407202771329037,2.11,1.77,0.18453471012259448,-0.18453471012259437,0.038905400701529036,0.16678662784380416,-0.20569202854533308
rf_tuned,6,1208339,2025-04-13,newcastle,manutd,1,0.4988705177276394,1.75,2.17,-0.0547009108437892,0.0547009108437892,0.032258064516129004,-0.07255805370093199,0.04029998918480304
rf_tuned,6,1208333,2025-04-14,bournemouth,fulham,0,0.48120424361359826,1.7,2.24,-0.08732367516812767,0.08732367516812761,0.034663865546218364,-0.10703105050404882,0.07236718495783034
rf_tuned,6,1208311,2025-04-16,newcastle,crystalpalace,0,0.45644278283857515,,,,,,,
rf_tuned,6,1208346,2025-04-19,everton,mancity,0,0.4882553838504963,1.74,2.18,-0.06786706512909552,0.0678670651290954,0.03342824000843603,-0.08645725982766456,0.05302901981922842
rf_tuned,6,1208352,2025-04-19,westham,southampton,1,0.5981292529637887,1.7,2.24,0.02960133418206279,-0.029601334182062844,0.034663865546218364,0.009893958846141637,-0.04455782439236011
rf_tuned,6,1208345,2025-04-19,crystalpalace,bournemouth,0,0.575284120444893,,,,,,,
rf_tuned,6,1208344,2025-04-19,brentford,brighton,1,0.5834864068297607,1.53,2.63,-0.04872513163177772,0.04872513163177772,0.03382290812395938,-0.07010836441206936,0.036285456288109974
rf_tuned,6,1208343,2025-04-19,astonvilla,newcastle,1,0.5730072338417032,,,,,,,
rf_tuned,6,1208350,2025-04-20,manutd,wolves,0,0.48301928856283155,1.73,2.2,-0.07677714909620154,0.07677714909620159,0.032580136626379375,-0.09501539351809335,0.062435256891713975
rf_tuned,6,1208347,2025-04-20,fulham,chelsea,1,0.5516583564516945,1.66,2.32,-0.031256216412627214,0.0312562164126271,0.03344412131283758,-0.050751282102522444,0.017307160789684806
rf_tuned,6,1208348,2025-04-20,ipswich,arsenal,0,0.4754649588927814,2.05,1.83,0.0038154743566988225,-0.0038154743566989335,0.03425296548047441,-0.012339919155999135,-0.021913046324475327
rf_tuned,6,1208349,2025-04-20,leicester,liverpool,0,0.4660181499390297,1.88,1.98,-0.04693521793661792,0.046935217936618034,0.03696539866752646,-0.06589674367799159,0.028931345010465237
rf_tuned,6,1208351,2025-04-21,tottenham,nottmforest,1,0.6194146387956673,,,,,,,
rf_tuned,6,1208358,2025-04-22,mancity,astonvilla,1,0.5305474151937128,,,,,,,
rf_tuned,6,1208354,2025-04-23,arsenal,crystalpalace,1,0.4778185197832246,,,,,,,
rf_tuned,6,1208356,2025-04-26,chelsea,everton,0,0.5401495001868858,1.88,1.99,0.02593761388197624,-0.025937613881976185,0.034427456431091574,0.008234606569864522,-0.042662063000956096
rf_tuned,6,1208359,2025-04-26,newcastle,ipswich,0,0.5855391007527979,2.11,1.77,0.1293535337424887,-0.1293535337424886,0.038905400701529036,0.11160545146369838,-0.1505108521652273
rf_tuned,6,1208362,2025-04-26,wolves,leicester,0,0.6091977762252536,1.88,1.99,0.09498588992034407,-0.09498588992034401,0.034427456431091574,0.07728288260823235,-0.11171033903932392
rf_tuned,6,1208361,2025-04-26,southampton,fulham,1,0.4864830473739276,1.79,2.11,-0.05454259365171338,0.05454259365171338,0.03259286716619458,-0.07217617050316733,0.0395833033369728
rf_tuned,6,1208355,2025-04-26,brighton,westham,1,0.6024302703074423,1.66,2.32,0.01951569744312065,-0.01951569744312076,0.03344412131283758,2.0631753225419658e-05,-0.03346475306606306
rf_tuned,6,1208353,2025-04-27,bournemouth,manutd,1,0.533422428148134,1.63,2.38,-0.06009378132817522,0.06009378132817522,0.03366499974222825,-0.08007450436720343,0.04640950462497523
rf_tuned,6,1208357,2025-04-27,liverpool,tottenham,1,0.5461014908872344,1.75,2.14,-0.004027043817135811,0.004027043817135811,0.03871829105473967,-0.025327080541337033,-0.013391210513402585
rf_tuned,6,1208360,2025-05-01,nottmforest,brentford,0,0.5282282019254358,,,,,,,
rf_tuned,7,1208371,2025-05-02,mancity,wolves,0,0.54414733194938,1.88,2.0,0.02868341442360689,-0.028683414423606834,0.03191489361702127,0.012232438332358764,-0.04414733194938003
rf_tuned,7,1208364,2025-05-03,astonvilla,fulham,0,0.5747715575847568,,,,,,,
rf_tuned,7,1208369,2025-05-03,everton,ipswich,1,0.5855084138521399,1.96,1.91,0.09196836217255333,-0.09196836217255333,0.03376429105673684,0.07530433221948685,-0.10906862327622369
rf_tuned,7,1208370,2025-05-03,leicester,southampton,0,0.5982635493383364,1.65,2.35,0.010763549338336342,-0.010763549338336342,0.03159252095422316,-0.007797056722269713,-0.02379546423195339
rf_tuned,7,1208363,2025-05-03,arsenal,bournemouth,1,0.5479877195508133,1.73,2.19,-0.010685749836941816,0.010685749836941871,0.03465568664713503,-0.03004696253011163,-0.004608724117023344
rf_tuned,7,1208372,2025-05-04,westham,tottenham,1,0.5624406437717153,1.55,2.58,-0.0622566927900281,0.06225669279002799,0.03275818954738674,-0.0827206465508653,0.04996245700347851
rf_tuned,7,1208366,2025-05-04,brighton,newcastle,1,0.6599860204956132,1.51,2.7,0.018655854224829405,-0.018655854224829238,0.032622025999509585,-0.002265635133525956,-0.030356390865983518
rf_tuned,7,1208365,2025-05-04,brentford,manutd,1,0.593940791015612,1.61,2.41,-0.005561696546577011,0.005561696546577011,0.036055771758459754,-0.027177221406748164,-0.00887855035171159
rf_tuned,7,1208367,2025-05-04,chelsea,liverpool,1,0.5533127242846525,1.49,2.77,-0.096922017499385,0.09692201749938512,0.03215176992222535,-0.11782821531266296,0.08567644539043773
rf_tuned,7,1208368,2025-05-05,crystalpalace,nottmforest,1,0.6103068375099058,,,,,,,
rf_tuned,7,1208374,2025-05-10,fulham,everton,1,0.5334982123918086,1.95,1.92,0.03737418138405668,-0.03737418138405668,0.033653846153846256,0.020677699571295727,-0.05433154572514198
rf_tuned,7,1208382,2025-05-10,wolves,brighton,0,0.535420598900052,1.74,2.18,-0.02070185007953984,0.020701850079539785,0.03342824000843603,-0.03929204477810888,0.005863804769672798
rf_tuned,7,1208380,2025-05-10,southampton,mancity,0,0.4844067069778068,2.02,1.84,0.007722769153972575,-0.007722769153972631,0.038527765820060234,-0.010642797972688245,-0.027884967847372044
rf_tuned,7,1208375,2025-05-10,ipswich,brentford,0,0.5881675229136247,1.56,2.55,-0.03227043329075485,0.03227043329075474,0.03318250377073895,-0.05285811811201624,0.01967561434127718
rf_tuned,7,1208373,2025-05-10,bournemouth,astonvilla,0,0.5516070530495182,,,,,,,
rf_tuned,7,1208378,2025-05-11,newcastle,chelsea,0,0.5642507281816064,1.52,2.67,-0.07298077539834591,0.07298077539834591,0.032426572048097846,-0.09364400866049893,0.06121743661240109
rf_tuned,7,1208377,2025-05-11,manutd,westham,0,0.5215767214675657,1.65,2.34,-0.06488944394596807,0.06488944394596813,0.033411033411033575,-0.08448388459304035,0.051072851182006884
rf_tuned,7,1208381,2025-05-11,tottenham,crystalpalace,0,0.5980497987922953,,,,,,,
rf_tuned,7,1208379,2025-05-11,nottmforest,leicester,1,0.6027179955035343,,,,,,,
rf_tuned,7,1208376,2025-05-11,liverpool,arsenal,1,0.5748378909687615,1.57,2.51,-0.040358187462611106,0.040358187462610995,0.03534904966122765,-0.06210478419047416,0.026755734529246455
rf_tuned,7,1208384,2025-05-16,astonvilla,tottenham,0,0.6354455017256789,,,,,,,
rf_tuned,7,1208387,2025-05-16,chelsea,manutd,0,0.5558989042270666,1.69,2.25,-0.015167085620649168,0.015167085620649223,0.0361604207758055,-0.03581707210429441,-0.00034334867151097903
rf_tuned,7,1208389,2025-05-18,everton,southampton,0,0.5876664659971328,2.08,1.81,0.12237083617708139,-0.12237083617708144,0.033255418614534626,0.10689723522790207,-0.1401526538424367
rf_tuned,7,1208390,2025-05-18,leicester,ipswich,0,0.6118426685669849,1.62,2.39,0.015832693504640782,-0.015832693504640727,0.03569399245828819,-0.0054412820502990344,-0.030252710407989047
rf_tuned,7,1208383,2025-05-18,arsenal,newcastle,0,0.5386148871879874,1.72,2.2,-0.02260960260793099,0.022609602607930934,0.03594080338266381,-0.04278046164922189,0.006839658266558024
rf_tuned,7,1208385,2025-05-18,brentford,fulham,1,0.5625522934418605,1.58,2.5,-0.05019280459735509,0.050192804597355145,0.032911392405063244,-0.0703590989632027,0.03744770655813945
rf_tuned,7,1208392,2025-05-18,westham,nottmforest,1,0.5505781396449002,,,,,,,
rf_tuned,7,1208386,2025-05-19,brighton,liverpool,1,0.592224135988219,1.45,2.89,-0.0736744815233018,0.0736744815233018,0.03567593365946786,-0.09743103642557416,0.061755102766106296
rf_tuned,7,1208391,2025-05-20,mancity,bournemouth,1,0.5600006671247552,1.79,2.1,0.02015490876999937,-0.02015490876999937,0.0348496940675711,0.0013414492476602202,-0.03619114331523132
rf_tuned,7,1208388,2025-05-20,crystalpalace,wolves,1,0.6037986841788787,,,,,,,
rf_tuned,7,1208393,2025-05-25,bournemouth,leicester,0,0.6125532145551331,1.71,2.23,0.0465633668393971,-0.0465633668393971,0.03322581491096943,0.02775789291770625,-0.06098370782867574
rf_tuned,7,1208397,2025-05-25,manutd,astonvilla,0,0.5673079207774316,,,,,,,
rf_tuned,7,1208402,2025-05-25,wolves,brentford,1,0.5654286266433948,1.46,2.87,-0.09738892531965382,0.09738892531965371,0.03336356259844386,-0.11950288020592026,0.08613931760747634
rf_tuned,7,1208398,2025-05-25,newcastle,everton,0,0.5265550932592828,2.13,1.76,0.07411293387624945,-0.0741129338762494,0.03766538625693561,0.05707152518416547,-0.09473691144110108
rf_tuned,7,1208394,2025-05-25,fulham,mancity,0,0.5083070873440741,1.69,2.25,-0.06275890250364158,0.06275890250364163,0.0361604207758055,-0.08340888898728682,0.04724846821148143
rf_tuned,7,1208401,2025-05-25,tottenham,brighton,1,0.6336559684463066,1.45,2.89,-0.032242649065214235,0.032242649065214235,0.03567593365946786,-0.05599920396748659,0.020323270308018726
rf_tuned,7,1208395,2025-05-25,ipswich,westham,1,0.5515046268895406,1.56,2.53,-0.06707728020092396,0.06707728020092385,0.03628255802168834,-0.08952101413610036,0.053238456114411914
rf_tuned,7,1208399,2025-05-25,nottmforest,chelsea,0,0.5565377953234042,,,,,,,
rf_tuned,7,1208396,2025-05-25,liverpool,crystalpalace,1,0.6041158458960689,,,,,,,
rf_tuned,7,1208400,2025-05-25,southampton,arsenal,1,0.4837238409115494,1.88,1.97,-0.02796447077676234,0.027964470776762285,0.03952910681499078,-0.04819105270547186,0.008661945890481082
rf_tuned,8,1378991,2025-08-30,chelsea,fulham,0,0.5092605872126217,1.83,2.03,-0.016646148538673633,0.016646148538673577,0.03905892487011764,-0.037187500219072245,-0.0018714246510453947
rf_tuned,8,1378994,2025-08-30,manutd,burnley,1,0.5223308460746542,1.83,2.04,-0.004800936871082184,0.00480093687108224,0.03664416586306651,-0.024117241357039743,-0.012526924506026715
rf_tuned,8,1378998,2025-08-30,wolves,everton,1,0.4777246812435131,2.08,1.79,0.015192381501911045,-0.015192381501911045,0.039428448646325664,-0.0030445495257176436,-0.03638389912060802
rf_tuned,8,1378997,2025-08-30,tottenham,bournemouth,0,0.6137396494128943,1.61,2.37,0.018262262478220936,-0.01826226247822088,0.04305894069240246,-0.007378363009465927,-0.03568057768293642
rf_tuned,8,1378996,2025-08-30,sunderland,brentford,1,0.463714061979455,1.85,2.01,-0.05701132662158126,0.057011326621581204,0.0380529783514858,-0.07682647856108549,0.03877350020959969
rf_tuned,8,1378992,2025-08-30,leeds,newcastle,0,0.4575957870140181,1.85,2.01,-0.06312960158701814,0.06312960158701802,0.0380529783514858,-0.08294475352652236,0.04489177517503651
rf_tuned,8,1378990,2025-08-31,brighton,mancity,1,0.6054189115000195,1.52,2.6,-0.025649049665029122,0.025649049665029122,0.04251012145748989,-0.052475825342085836,0.009965703884595944
rf_tuned,8,1378995,2025-08-31,nottmforest,westham,0,0.5572181272855941,,,,,,,
rf_tuned,8,1378993,2025-08-31,liverpool,arsenal,0,0.5682979673682024,1.65,2.3,-0.01398051364445585,0.01398051364445585,0.040843214756258295,-0.037762638692403705,-0.00308057606385459
rf_tuned,8,1378989,2025-08-31,astonvilla,crystalpalace,0,0.5241241683987878,,,,,,,
rf_tuned,8,1378999,2025-09-13,arsenal,nottmforest,0,0.5515222873686928,,,,,,,
rf_tuned,8,1379007,2025-09-13,newcastle,wolves,0,0.5059080922233146,2.11,1.77,0.04972252521300535,-0.04972252521300524,0.038905400701529036,0.03197444293421503,-0.07087984363574396
rf_tuned,8,1379000,2025-09-13,bournemouth,brighton,1,0.5511320428189005,1.49,2.67,-0.09069488025802264,0.09069488025802253,0.04567277480330789,-0.12000889677841498,0.07433612197510697
rf_tuned,8,1379005,2025-09-13,fulham,leeds,0,0.5357077822867673,1.9,1.96,0.02793576156137867,-0.027935761561378725,0.036519871106337254,0.009391992813083117,-0.04591186391942037
rf_tuned,8,1379004,2025-09-13,everton,astonvilla,0,0.5208847480339324,,,,,,,
rf_tuned,8,1379003,2025-09-13,crystalpalace,sunderland,0,0.5132709069513962,,,,,,,
rf_tuned,8,1379008,2025-09-13,westham,tottenham,0,0.5759877049261064,1.68,2.25,0.003468620956640689,-0.0034686209566408,0.03968253968253954,-0.01925039031198883,-0.020432149370550823
rf_tuned,8,1379001,2025-09-13,brentford,chelsea,1,0.46416035031101666,1.73,2.16,-0.09110957256816077,0.09110957256816077,0.04099764504388781,-0.11387433176990824,0.07287668672602043
rf_tuned,8,1379002,2025-09-14,burnley,liverpool,0,0.5315013574850399,1.86,2.0,0.013366642459133216,-0.01336664245913316,0.037634408602150504,-0.0061330511171105995,-0.031501357485039905
rf_tuned,8,1379006,2025-09-14,mancity,manutd,0,0.6006837983706313,1.56,2.48,-0.01317758776798239,0.013177587767982502,0.04425144747725396,-0.04034184265500962,-0.003909604822244284
rf_tuned,8,1379014,2025-09-20,liverpool,everton,1,0.5388146506031837,1.83,2.05,0.01046413513926614,-0.01046413513926625,0.03425296548047441,-0.007633436828510254,-0.026619528651964208
rf_tuned,8,1379018,2025-09-20,wolves,leeds,1,0.4829873552802932,1.95,1.92,-0.013136675727458746,0.013136675727458691,0.033653846153846256,-0.0298331575402197,-0.0038206886136266105
rf_tuned,8,1379012,2025-09-20,burnley,nottmforest,1,0.5881568652210045,,,,,,,
rf_tuned,8,1379017,2025-09-20,westham,crystalpalace,1,0.4959302771953581,,,,,,,
rf_tuned,8,1379011,2025-09-20,brighton,tottenham,1,0.6712455160693794,1.58,2.49,0.05945190427576763,-0.05945190427576763,0.034517818107874465,0.03833412366431621,-0.07285194177219062
rf_tuned,8,1379015,2025-09-20,manutd,chelsea,1,0.4935998274642464,1.52,2.65,-0.14189177925038193,0.14189177925038188,0.03525322740814296,-0.1642949093778589,0.12904168196971588
rf_tuned,8,1379013,2025-09-20,fulham,brentford,1,0.5040318483256204,1.85,2.03,-0.019164027963039287,0.019164027963039343,0.03315137797896428,-0.036508692214920035,0.003357314235955866
rf_tuned,8,1379009,2025-09-21,arsenal,mancity,1,0.448237266069682,1.7,2.23,-0.11919275937561064,0.11919275937561058,0.03666578739118975,-0.13999802804796507,0.10333224065677532
rf_tuned,8,1379010,2025-09-21,bournemouth,newcastle,0,0.4987254114079967,1.68,2.27,-0.07595813289580072,0.07595813289580083,0.035766729599328695,-0.09651268383009853,0.060745954230769894
rf_tuned,8,1379016,2025-09-21,sunderland,astonvilla,1,0.5308951836223147,,,,,,,
rf_tuned,8,1379020,2025-09-27,brentford,manutd,1,0.5856959337223353,1.55,2.56,-0.037175112506375174,0.03717511250637512,0.035786290322580516,-0.05946535660024532,0.023679066277664695
rf_tuned,8,1379021,2025-09-27,chelsea,brighton,1,0.5558894794178447,1.61,2.42,-0.044606798497787925,0.044606798497788036,0.034341152918228035,-0.06522853300451548,0.030887380086287497
rf_tuned,8,1379025,2025-09-27,mancity,burnley,1,0.5574170968200716,2.14,1.75,0.10754563152444174,-0.10754563152444174,0.03871829105473967,0.09012737719390335,-0.12884566824864296
rf_tuned,8,1379022,2025-09-27,crystalpalace,liverpool,1,0.5329636637660593,,,,,,,
rf_tuned,8,1379024,2025-09-27,leeds,bournemouth,1,0.46713218632543424,1.79,2.11,-0.07389345470020675,0.07389345470020675,0.03259286716619458,-0.0915270315516607,0.05893416438546617
rf_tuned,8,1379027,2025-09-27,nottmforest,sunderland,0,0.5691122584795086,,,,,,,
rf_tuned,8,1379028,2025-09-27,tottenham,wolves,1,0.548517902301271,1.9,1.97,0.0394739746526922,-0.03947397465269209,0.0339300026716538,0.022202112827586773,-0.056132115499240465
rf_tuned,8,1379019,2025-09-28,astonvilla,fulham,1,0.5304299013352218,,,,,,,
rf_tuned,8,1379026,2025-09-28,newcastle,arsenal,1,0.4404268691034178,1.95,1.92,-0.05569716190433416,0.05569716190433416,0.033653846153846256,-0.07239364371709511,0.03873979756324886
rf_tuned,8,1379023,2025-09-29,everton,westham,1,0.48655649626250086,1.9,1.97,-0.022487431386077894,0.022487431386078005,0.0339300026716538,-0.03975929321118332,0.00582929053952963
rf_tuned,8,1379031,2025-10-03,bournemouth,fulham,1,0.48899231465472487,1.91,1.96,-0.017467633665688542,0.017467633665688598,0.03376429105673684,-0.0345678947693589,0.000803603712622114
rf_tuned,8,1379035,2025-10-04,leeds,tottenham,1,0.47828785243538413,1.74,2.18,-0.07783459654420771,0.0778345965442076,0.03342824000843603,-0.09642479124277675,0.06299655123434061
rf_tuned,8,1379036,2025-10-04,manutd,sunderland,0,0.5136997914275194,1.78,2.12,-0.02988995216222423,0.029889952162224176,0.03349586601653587,-0.04809796138146938,0.014602095364933454
rf_tuned,8,1379029,2025-10-04,arsenal,westham,0,0.49699102582789173,2.23,1.69,0.06586857684829994,-0.06586857684829994,0.040146469604903645,0.04856053255434911,-0.08870700215925276
rf_tuned,8,1379033,2025-10-04,chelsea,liverpool,1,0.6015141583942669,1.49,2.75,-0.04707074726611049,0.047070747266110435,0.03477730323367911,-0.06962678120304855,0.034849477969369436
rf_tuned,8,1379037,2025-10-05,newcastle,nottmforest,0,0.5176814842680438,,,,,,,
rf_tuned,8,1379038,2025-10-05,wolves,brighton,1,0.4962591088901193,1.74,2.19,-0.06099279950682729,0.06099279950682712,0.031333648244370904,-0.07845353478804157,0.04711988654367055
rf_tuned,8,1379034,2025-10-05,everton,crystalpalace,1,0.48054327012987935,,,,,,,
rf_tuned,8,1379030,2025-10-05,astonvilla,burnley,1,0.5625595808841948,,,,,,,
rf_tuned,8,1379032,2025-10-05,brentford,mancity,0,0.4672932175794798,1.68,2.27,-0.10739032672431764,0.10739032672431775,0.035766729599328695,-0.12794487765861545,0.09217814805928681
rf_tuned,8,1379041,2025-10-18,crystalpalace,bournemouth,1,0.5068904214962857,,,,,,,
rf_tuned,8,1379044,2025-10-18,mancity,everton,0,0.4801636775940723,1.92,1.95,-0.023712291398175767,0.023712291398175767,0.033653846153846256,-0.04066965573926107,0.007015809585414812
rf_tuned,8,1379046,2025-10-18,sunderland,wolves,0,0.4881424378635672,2.02,1.85,0.010106262152972778,-0.010106262152972945,0.035590045491035394,-0.006907067086927843,-0.028682978404107717
rf_tuned,8,1379045,2025-10-18,nottmforest,chelsea,0,0.5423036101661523,,,,,,,
rf_tuned,8,1379042,2025-10-18,fulham,arsenal,0,0.48881090808586886,2.12,1.78,0.03240065167561246,-0.03240065167561257,0.03349586601653587,0.017112794878321735,-0.050608660894857715
rf_tuned,8,1379039,2025-10-18,brighton,newcastle,1,0.5885464169043666,1.65,2.33,0.0031192812259747127,-0.0031192812259746017,0.03524515541682938,-0.01751418915623948,-0.017730966260589787
rf_tuned,8,1379040,2025-10-18,burnley,leeds,0,0.4845669520033823,2.03,1.85,0.007762828292042057,-0.007762828292042001,0.03315137797896428,-0.00804388543504142,-0.02510749254392275
rf_tuned,8,1379047,2025-10-19,tottenham,astonvilla,1,0.5681250753233489,,,,,,,
rf_tuned,8,1379043,2025-10-19,liverpool,manutd,1,0.6081159028813178,1.53,2.64,-0.024977622298538393,0.024977622298538338,0.03238265002970886,-0.04547886836051229,0.013096218330803433
rf_tuned,8,1379048,2025-10-20,westham,brentford,0,0.4985514099702096,1.69,2.25,-0.07251457987750615,0.07251457987750626,0.0361604207758055,-0.09316456636115139,0.057004145585346055
rf_tuned,8,1379055,2025-10-24,leeds,westham,1,0.5056822068784945,1.9,1.97,-0.003361720770084231,0.003361720770084342,0.0339300026716538,-0.02063358259518966,-0.013296420076464033
rf_tuned,8,1379057,2025-10-25,newcastle,fulham,1,0.4963519366278258,1.85,2.03,-0.026843939660833926,0.026843939660834037,0.03315137797896428,-0.044188603912714675,0.01103722593375056
rf_tuned,8,1379053,2025-10-25,chelsea,sunderland,1,0.530379102314726,2.02,1.86,0.05099765901575687,-0.050997659015756924,0.03268391355264555,0.035329597364230914,-0.06801351091687646
rf_tuned,8,1379056,2025-10-25,manutd,brighton,1,0.609542831471682,1.5,2.74,-0.036683583622657556,0.03668358362265767,0.031630170316301776,-0.05712383519498465,0.025493664878682987
rf_tuned,8,1379052,2025-10-25,brentford,liverpool,1,0.5553624590749513,1.54,2.61,-0.07355320357565098,0.07355320357565115,0.03249241180275675,-0.09398819027569805,0.06149577847294141
rf_tuned,8,1379051,2025-10-26,bournemouth,nottmforest,0,0.5902149052792528,,,,,,,
rf_tuned,8,1379058,2025-10-26,wolves,burnley,1,0.5264778998110368,2.08,1.81,0.06118226999098536,-0.061182269990985416,0.033255418614534626,0.04570866904180604,-0.07896408765634066
rf_tuned,8,1379049,2025-10-26,arsenal,crystalpalace,0,0.49902427250884623,,,,,,,
rf_tuned,8,1379050,2025-10-26,astonvilla,mancity,0,0.4669378911704245,,,,,,,
rf_tuned,8,1379054,2025-10-26,everton,tottenham,0,0.48911606766840326,1.75,2.17,-0.06445536090302534,0.06445536090302534,0.032258064516129004,-0.08231250376016813,0.050054439244039184
gbm_fixed,1,1035451,2024-03-09,manutd,everton,0,0.6581173422087053,1.65,2.34,0.07165117679517152,-0.07165117679517147,0.033411033411033575,0.05205673614809925,-0.08546776955913271
gbm_fixed,1,1035444,2024-03-09,bournemouth,sheffutd,1,0.6241388956139694,,,,,,,
gbm_fixed,1,1035453,2024-03-09,wolves,fulham,1,0.6252376006968351,1.7,2.24,0.05670968191510917,-0.05670968191510922,0.034663865546218364,0.037002306579188016,-0.07166617212540649
gbm_fixed,1,1035449,2024-03-09,crystalpalace,luton,1,0.599849864024466,,,,,,,
gbm_fixed,1,1035445,2024-03-09,arsenal,brentford,1,0.6534463997977954,2.02,1.84,0.17676246197396117,-0.17676246197396117,0.038527765820060234,0.15839689484730035,-0.19692466066736058
gbm_fixed,1,1035446,2024-03-10,astonvilla,tottenham,0,0.5869402201639627,,,,,,,
gbm_fixed,1,1035452,2024-03-10,westham,burnley,1,0.5867472134705236,1.78,2.12,0.04315746988077995,-0.04315746988078001,0.03349586601653587,0.024949460661534806,-0.05844532667807073
gbm_fixed,1,1035447,2024-03-10,brighton,nottmforest,0,0.5967576815915434,,,,,,,
gbm_fixed,1,1035450,2024-03-10,liverpool,mancity,1,0.5858700004235338,1.45,2.89,-0.08002861708798703,0.08002861708798703,0.03567593365946786,-0.10378517199025938,0.06810923833079152
gbm_fixed,1,1035448,2024-03-11,chelsea,newcastle,1,0.5952182387371171,1.46,2.88,-0.06837623130896586,0.06837623130896586,0.03215372907153724,-0.08971326811219793,0.05755953904066069
gbm_fixed,1,1035334,2024-03-13,bournemouth,luton,1,0.5803126818372706,1.53,2.61,-0.05012210077142509,0.05012210077142504,0.03673653369393737,-0.07328208940455949,0.036545555710622124
gbm_fixed,1,1035460,2024-03-16,luton,nottmforest,1,0.5829362150209534,,,,,,,
gbm_fixed,1,1035459,2024-03-16,fulham,tottenham,0,0.5869207968487159,1.46,2.87,-0.07589675511433269,0.07589675511433258,0.03336356259844386,-0.09801071000059913,0.06464714740215521
gbm_fixed,1,1035456,2024-03-16,burnley,brentford,1,0.6022676508219766,1.63,2.37,0.009767650821976614,-0.009767650821976614,0.03543786078537958,-0.011229281693360793,-0.02420857909201879
gbm_fixed,1,1035462,2024-03-17,westham,astonvilla,1,0.6203669902363099,,,,,,,
gbm_fixed,1,1035470,2024-03-30,newcastle,westham,1,0.5940487854963399,1.51,2.69,-0.04642740497985054,0.046427404979850595,0.03399886752504999,-0.06820287013279924,0.034204002607749306
gbm_fixed,1,1035464,2024-03-30,bournemouth,everton,1,0.6075908806846657,1.6,2.44,0.003630484645061771,-0.003630484645061771,0.0348360655737705,-0.017409119315334287,-0.017426946258436216
gbm_fixed,1,1035473,2024-03-30,tottenham,luton,1,0.5805514467174753,1.55,2.55,-0.04139977279471985,0.04139977279471979,0.03731815306767872,-0.06460984360510535,0.02729169053742664
gbm_fixed,1,1035467,2024-03-30,chelsea,burnley,1,0.5934838747827036,1.8,2.07,0.05860015385247108,-0.05860015385247097,0.038647342995169254,0.03792831922714801,-0.07657566222231715
gbm_fixed,1,1035472,2024-03-30,sheffutd,fulham,1,0.620669211868311,,,,,,,
gbm_fixed,1,1035471,2024-03-30,nottmforest,crystalpalace,1,0.6320749976140005,,,,,,,
gbm_fixed,1,1035465,2024-03-30,astonvilla,wolves,0,0.5831978145628021,,,,,,,
gbm_fixed,1,1035466,2024-03-30,brentford,manutd,1,0.5993296797982592,1.42,3.05,-0.0829969421256781,0.0829969421256781,0.03209420457169254,-0.10489567231441688,0.07280146774272434
gbm_fixed,1,1035468,2024-03-31,liverpool,brighton,1,0.6070889457231234,1.54,2.63,-0.023606497921960456,0.023606497921960512,0.029578786232778764,-0.042261703627525904,0.01268291739474725
gbm_fixed,1,1035469,2024-03-31,mancity,arsenal,0,0.6555660672652409,1.75,2.16,0.10313639974605937,-0.10313639974605926,0.03439153439153442,0.08413749583666952,-0.11852903022820382
gbm_fixed,1,1035479,2024-04-02,westham,tottenham,1,0.5824669388075996,1.45,2.93,-0.08648283288189818,0.08648283288189818,0.03095210074143817,-0.10718823360619356,0.07623613286475539
gbm_fixed,1,1035478,2024-04-02,nottmforest,fulham,1,0.6365807648437389,,,,,,,
gbm_fixed,1,1035481,2024-04-02,newcastle,everton,1,0.6067083614276066,1.61,2.43,0.005223212912755182,-0.005223212912755126,0.03264064616721618,-0.014409650994753553,-0.018230995172462572
gbm_fixed,1,1035477,2024-04-02,burnley,wolves,1,0.598271812737793,1.71,2.24,0.03118320514285622,-0.03118320514285622,0.031223893065998265,0.013476491100366084,-0.04470038416636435
gbm_fixed,1,1035474,2024-04-02,bournemouth,crystalpalace,0,0.6617600544261314,,,,,,,
gbm_fixed,1,1035475,2024-04-03,arsenal,luton,0,0.5914793885567932,2.07,1.8,0.12636310948702578,-0.12636310948702567,0.038647342995169254,0.1083876011171796,-0.14703494411234874
gbm_fixed,1,1035476,2024-04-03,brentford,brighton,0,0.6195296539025202,1.48,2.78,-0.03305250572189289,0.03305250572189283,0.03538790589150298,-0.05614602177315542,0.020758115881652384
gbm_fixed,1,1035483,2024-04-03,mancity,astonvilla,1,0.5951415491511141,,,,,,,
gbm_fixed,1,1035482,2024-04-04,liverpool,sheffutd,1,0.630929259838371,,,,,,,
gbm_fixed,1,1035480,2024-04-04,chelsea,manutd,1,0.5789603947646914,1.45,2.92,-0.08923182491494241,0.08923182491494253,0.03212092583845072,-0.11069477764910174,0.07857385181065107
gbm_fixed,1,1035486,2024-04-06,crystalpalace,mancity,1,0.6445999841442476,,,,,,,
gbm_fixed,1,1035488,2024-04-06,fulham,newcastle,0,0.5951846000093133,1.51,2.68,-0.04443353841550779,0.044433538415507734,0.035385983987348046,-0.06706705561982584,0.0316810716324778
gbm_fixed,1,1035487,2024-04-06,everton,burnley,0,0.6224164135836506,1.71,2.23,0.05642656586791461,-0.05642656586791461,0.03322581491096943,0.03762109194622376,-0.07084690685719325
gbm_fixed,1,1035485,2024-04-06,brighton,arsenal,0,0.5956173736474388,1.8,2.09,0.058342309380086665,-0.058342309380086665,0.034024455077086735,0.04006181809188325,-0.07408627316896998
gbm_fixed,1,1035484,2024-04-06,astonvilla,brentford,1,0.5853607436250515,,,,,,,
gbm_fixed,1,1035489,2024-04-06,luton,bournemouth,1,0.5775759886107467,1.52,2.65,-0.05791561810388168,0.05791561810388157,0.03525322740814296,-0.08031874823135865,0.04506552082321558
gbm_fixed,1,1035493,2024-04-06,wolves,westham,1,0.5752217343608612,1.67,2.31,-0.005180275689390057,0.005180275689390057,0.03170282811001379,-0.02358066084871968,-0.008122167261294111
gbm_fixed,1,1035490,2024-04-07,manutd,liverpool,1,0.5868006831054983,1.4,3.12,-0.10346480362016552,0.10346480362016547,0.034798534798534675,-0.12748503118021604,0.09268649638168125
gbm_fixed,1,1035491,2024-04-07,sheffutd,chelsea,1,0.6036094638343383,,,,,,,
gbm_fixed,1,1035492,2024-04-07,tottenham,nottmforest,1,0.5972065947181985,,,,,,,
gbm_fixed,1,1035501,2024-04-13,newcastle,tottenham,0,0.5872989628218926,1.34,3.48,-0.13469273842292062,0.13469273842292062,0.033624978555498286,-0.1589696938945252,0.1253447153390269
gbm_fixed,1,1035497,2024-04-13,burnley,brighton,1,0.6206574401461709,1.56,2.56,-0.000701783154799962,0.0007017831548000175,0.03165064102564097,-0.02036820087947011,-0.011282440146170858
gbm_fixed,1,1035500,2024-04-13,mancity,luton,1,0.6027524048352918,2.05,1.81,0.1338404877368462,-0.1338404877368462,0.04029106589408449,0.11494752678651127,-0.1552385926805957
gbm_fixed,1,1035496,2024-04-13,brentford,sheffutd,0,0.6163626391903468,,,,,,,
gbm_fixed,1,1035502,2024-04-13,nottmforest,wolves,1,0.5874579579493949,,,,,,,
gbm_fixed,1,1035494,2024-04-13,bournemouth,manutd,1,0.5870004957332591,1.39,3.17,-0.10817494286323226,0.10817494286323215,0.03488187368086604,-0.13242396469839568,0.09754209101752959
gbm_fixed,1,1035499,2024-04-14,liverpool,crystalpalace,0,0.6430069433889767,,,,,,,
gbm_fixed,1,1035503,2024-04-14,westham,fulham,0,0.6146221627653334,1.55,2.58,-0.010075173796409986,0.010075173796409875,0.03275818954738674,-0.030539127557247192,-0.0022190619901396036
gbm_fixed,1,1035495,2024-04-14,arsenal,astonvilla,0,0.6054500290269879,,,,,,,
gbm_fixed,1,1035498,2024-04-15,chelsea,everton,0,0.646788920360782,1.64,2.35,0.0578164892830878,-0.05781648928308769,0.03528801245459268,0.03703282279980635,-0.07232083525439897
gbm_fixed,1,1035511,2024-04-20,sheffutd,burnley,1,0.6322364938830416,,,,,,,
gbm_fixed,1,1035509,2024-04-20,luton,brentford,1,0.5821884112378242,1.55,2.56,-0.04068263499088631,0.04068263499088626,0.035786290322580516,-0.06297287908475646,0.027186588762175834
gbm_fixed,1,1035513,2024-04-20,wolves,arsenal,0,0.5956369535784811,2.1,1.79,0.1354827119332369,-0.1354827119332369,0.0348496940675711,0.11944647738800496,-0.15429617145557606
gbm_fixed,1,1035507,2024-04-21,everton,nottmforest,0,0.6293516476179247,,,,,,,
gbm_fixed,1,1035506,2024-04-21,crystalpalace,westham,1,0.5943033783264837,,,,,,,
gbm_fixed,1,1035504,2024-04-21,astonvilla,bournemouth,1,0.5849545878232469,,,,,,,
gbm_fixed,1,1035508,2024-04-21,fulham,liverpool,1,0.561568555282898,1.53,2.63,-0.07064298317864048,0.07064298317864048,0.03382290812395938,-0.09202621595893212,0.05820330783497274
gbm_fixed,1,1035454,2024-04-23,arsenal,chelsea,0,0.6266988296756089,1.8,2.09,0.0894237654082567,-0.0894237654082567,0.034024455077086735,0.07114327412005328,-0.10516772919714001
gbm_fixed,1,1035463,2024-04-24,wolves,bournemouth,0,0.5948248704347908,1.52,2.66,-0.041538765928845534,0.04153876592884559,0.03383458646616555,-0.06306986640731449,0.02923527994114905
gbm_fixed,1,1035461,2024-04-24,manutd,sheffutd,1,0.588679349552786,,,,,,,
gbm_fixed,1,1035458,2024-04-24,everton,liverpool,0,0.5890553339441384,1.76,2.15,0.039183211181990085,-0.039183211181990085,0.03329809725158572,0.020873515762320216,-0.054171613013905884
gbm_fixed,1,1035457,2024-04-24,crystalpalace,newcastle,0,0.6328958883300275,,,,,,,
gbm_fixed,1,1035455,2024-04-25,brighton,mancity,0,0.6310482839392778,1.74,2.18,0.07492583495968597,-0.07492583495968602,0.03342824000843603,0.056335640261116926,-0.08976388026955301
gbm_fixed,1,1035522,2024-04-27,westham,liverpool,1,0.5702335439790956,1.49,2.77,-0.08000119780494186,0.08000119780494197,0.03215176992222535,-0.10090739561821982,0.06875562569599458
gbm_fixed,1,1035523,2024-04-27,wolves,luton,1,0.5879706999655815,1.6,2.47,-0.01890890691402536,0.018908906914025414,0.029858299595141746,-0.03702930003441851,0.00717100043927682
gbm_fixed,1,1035517,2024-04-27,fulham,crystalpalace,1,0.656296523645471,,,,,,,
gbm_fixed,1,1035515,2024-04-27,astonvilla,chelsea,1,0.5778440948084047,,,,,,,
gbm_fixed,1,1035519,2024-04-27,newcastle,sheffutd,1,0.6286263247318417,,,,,,,
gbm_fixed,1,1035516,2024-04-27,everton,brentford,0,0.634041692178972,1.74,2.19,0.07678978378202539,-0.0767897837820255,0.031333648244370904,0.05932904850081111,-0.09066269674518207
gbm_fixed,1,1035518,2024-04-27,manutd,burnley,1,0.6025528475514463,1.42,3.03,-0.07834602885304809,0.07834602885304803,0.034258355413006036,-0.10167250456122978,0.06741414914822363
gbm_fixed,1,1035514,2024-04-28,bournemouth,brighton,0,0.6144887719469964,1.41,3.09,-0.07217789471967029,0.07217789471967029,0.0328444536252841,-0.09473108620903203,0.061886632583747936
gbm_fixed,1,1035521,2024-04-28,tottenham,arsenal,1,0.5970634370727059,1.49,2.75,-0.05152146858767148,0.051521468587671426,0.03477730323367911,-0.07407750252460954,0.039300199290930427
gbm_fixed,1,1035520,2024-04-28,nottmforest,mancity,0,0.6108445230933923,,,,,,,
gbm_fixed,1,1035428,2024-05-02,chelsea,tottenham,0,0.5768812464124612,1.31,3.68,-0.16059370348733837,0.16059370348733842,0.03509790906073684,-0.18647753221349295,0.15137962315275622
gbm_fixed,1,1035531,2024-05-03,luton,everton,1,0.5907927446739738,1.59,2.48,-0.01854386466263558,0.018543864662635468,0.03215662406167574,-0.03813807293608906,0.005981448874413264
gbm_fixed,1,1035524,2024-05-04,arsenal,bournemouth,0,0.6545221060988673,1.78,2.13,0.10976507285078552,-0.1097650728507854,0.03128132088410629,0.09272435328987849,-0.12400567417398467
gbm_fixed,1,1035525,2024-05-04,brentford,fulham,0,0.5874280257233818,1.52,2.67,-0.049803477856570466,0.049803477856570466,0.032426572048097846,-0.07046671111872349,0.038040139070625645
gbm_fixed,1,1035532,2024-05-04,mancity,wolves,1,0.6402769081496728,2.15,1.75,0.19155895943172402,-0.19155895943172407,0.03654485049833878,0.17516062907990532,-0.21170547957824415
gbm_fixed,1,1035533,2024-05-04,sheffutd,nottmforest,1,0.6080221946606079,,,,,,,
gbm_fixed,1,1035527,2024-05-04,burnley,newcastle,1,0.6109969301807899,1.42,3.04,-0.0706174195949949,0.07061741959499479,0.03317272053372866,-0.09322842193188619,0.06005570139815741
gbm_fixed,1,1035528,2024-05-05,chelsea,westham,0,0.5703986153805554,1.47,2.81,-0.08614344069421098,0.08614344069421098,0.03614399496453391,-0.10987349346298203,0.07372949849844818
gbm_fixed,1,1035526,2024-05-05,brighton,astonvilla,0,0.5896864266627946,,,,,,,
gbm_fixed,1,1035530,2024-05-05,liverpool,tottenham,1,0.5815782566057577,1.44,2.96,-0.09114901612151494,0.0911490161215151,0.03228228228228236,-0.11286618783868674,0.08058390555640449
gbm_fixed,1,1035529,2024-05-06,crystalpalace,manutd,0,0.6020552658316454,,,,,,,
gbm_fixed,2,1208021,2024-08-16,manutd,fulham,0,0.6220842249506233,1.65,2.34,0.03561805953708952,-0.035618059537089464,0.033411033411033575,0.016023618890017244,-0.04943465230105071
gbm_fixed,2,1208022,2024-08-17,ipswich,liverpool,0,0.5893758240627439,1.65,2.33,0.003948688384352028,-0.003948688384351917,0.03524515541682938,-0.016684781997862164,-0.018560373418967102
gbm_fixed,2,1208025,2024-08-17,newcastle,southampton,0,0.5791994716517621,1.69,2.26,0.007047572917584954,-0.007047572917584843,0.034193852437555794,-0.012516504679598861,-0.021677347757956822
gbm_fixed,2,1208023,2024-08-17,arsenal,wolves,0,0.6322752031605919,2.32,1.65,0.21665807469711584,-0.21665807469711584,0.03709508881922674,0.20124072040197122,-0.23833580922119801
gbm_fixed,2,1208024,2024-08-17,everton,brighton,0,0.5614229795749268,1.68,2.28,-0.014334596182648873,0.014334596182648984,0.03383458646616555,-0.033815115663168416,-1.947080299702364e-05
gbm_fixed,2,1208026,2024-08-17,nottmforest,bournemouth,1,0.5480096008225724,,,,,,,
gbm_fixed,2,1208027,2024-08-17,westham,astonvilla,1,0.5863650569368704,,,,,,,
gbm_fixed,2,1208028,2024-08-18,brentford,crystalpalace,1,0.5972079824174461,,,,,,,
gbm_fixed,2,1208029,2024-08-18,chelsea,mancity,0,0.6319440158529341,1.53,2.63,-0.0002675226086042981,0.0002675226086042981,0.03382290812395938,-0.021650755388895937,-0.012172152735063446
gbm_fixed,2,1208030,2024-08-19,leicester,tottenham,1,0.630185731977131,1.6,2.44,0.026225335937527072,-0.026225335937527072,0.0348360655737705,0.005185731977131014,-0.04002179755090152
gbm_fixed,2,1208038,2024-08-24,southampton,nottmforest,0,0.5992938392704807,,,,,,,
gbm_fixed,2,1208032,2024-08-24,astonvilla,arsenal,0,0.6105596746570795,,,,,,,
gbm_fixed,2,1208037,2024-08-24,mancity,ipswich,1,0.6357758574408194,2.37,1.62,0.22976081984683444,-0.2297608198468345,0.039224878887325954,0.2138349291707773,-0.25305980805810335
gbm_fixed,2,1208035,2024-08-24,fulham,leicester,1,0.6346822514648383,1.79,2.1,0.09483649311008246,-0.09483649311008246,0.0348496940675711,0.07602303358774332,-0.11087272765531442
gbm_fixed,2,1208039,2024-08-24,tottenham,everton,0,0.6056643743514505,1.61,2.43,0.004179225836599021,-0.004179225836598965,0.03264064616721618,-0.015453638070909714,-0.01718700809630641
gbm_fixed,2,1208033,2024-08-24,brighton,manutd,1,0.5987634570379032,1.44,2.94,-0.07246941967442555,0.0724694196744255,0.03458049886621306,-0.09568098740654118,0.06110048854032807
gbm_fixed,2,1208034,2024-08-24,crystalpalace,westham,0,0.5794493635898348,,,,,,,
gbm_fixed,2,1208031,2024-08-25,bournemouth,newcastle,1,0.6174748979478011,1.47,2.82,-0.03986775939485632,0.039867759394856206,0.034882037921551534,-0.06279721089573631,0.02791517297418472
gbm_fixed,2,1208040,2024-08-25,wolves,chelsea,1,0.6282800960763304,1.59,2.47,0.019905711839877216,-0.019905711839877216,0.0337891172052045,-0.0006507215337324679,-0.03313839567147209
gbm_fixed,2,1208036,2024-08-25,liverpool,brentford,0,0.571733245986884,1.75,2.14,0.021604711282513844,-0.021604711282513844,0.03871829105473967,0.00030467455831262313,-0.03902296561305224
gbm_fixed,2,1208041,2024-08-31,arsenal,brighton,1,0.5418285600525987,1.85,2.03,0.018632683763939006,-0.01863268376393895,0.03315137797896428,0.0012880195120582583,-0.03443939749102243
gbm_fixed,2,1208044,2024-08-31,everton,bournemouth,1,0.5777080438819571,1.67,2.29,-0.000574784400871331,0.0005747844008711644,0.035483617917004384,-0.021094351327623828,-0.014389266589380667
gbm_fixed,2,1208046,2024-08-31,leicester,astonvilla,1,0.6424780620091531,,,,,,,
gbm_fixed,2,1208042,2024-08-31,brentford,southampton,1,0.6200369782927837,1.75,2.17,0.0664655497213551,-0.06646554972135515,0.032258064516129004,0.048608406864212306,-0.08086647138034131
gbm_fixed,2,1208045,2024-08-31,ipswich,fulham,1,0.617212472682343,1.69,2.26,0.04506057394816587,-0.04506057394816576,0.034193852437555794,0.025496496350982056,-0.05969034878853774
gbm_fixed,2,1208049,2024-08-31,nottmforest,wolves,1,0.5509503972297101,,,,,,,
gbm_fixed,2,1208050,2024-08-31,westham,mancity,1,0.5875165456127445,1.75,2.16,0.03508687809356292,-0.03508687809356281,0.03439153439153442,0.01608797418417307,-0.05047950857570738
gbm_fixed,2,1208048,2024-09-01,newcastle,tottenham,1,0.6430361178600458,1.36,3.33,-0.06698520410157471,0.06698520410157466,0.03559441794735907,-0.09225799978701299,0.05666358183965392
gbm_fixed,2,1208043,2024-09-01,chelsea,crystalpalace,1,0.6331497165260014,,,,,,,
gbm_fixed,2,1208047,2024-09-01,manutd,liverpool,0,0.6371353220055462,1.48,2.8,-0.01707028547108924,0.017070285471089297,0.032818532818532864,-0.038540353670129424,0.005721820851596615
gbm_fixed,3,1208058,2024-09-14,southampton,manutd,0,0.6128376969483064,1.58,2.48,0.002000258524661014,-0.002000258524661125,0.0361371988566761,-0.020073695456756857,-0.0160635033999193
gbm_fixed,3,1208055,2024-09-14,fulham,westham,1,0.5722498896408936,1.65,2.34,-0.014216275772640175,0.01421627577264023,0.033411033411033575,-0.03381071641971245,0.000399683008678986
gbm_fixed,3,1208056,2024-09-14,liverpool,nottmforest,0,0.5897414464558463,,,,,,,
gbm_fixed,3,1208057,2024-09-14,mancity,brentford,1,0.6291895074075032,2.02,1.84,0.152505569583669,-0.152505569583669,0.038527765820060234,0.1341400024570082,-0.17266776827706842
gbm_fixed,3,1208053,2024-09-14,brighton,ipswich,0,0.5710481116935942,1.78,2.13,0.026291078445512372,-0.02629107844551226,0.03128132088410629,0.009250358884605347,-0.040531679768711526
gbm_fixed,3,1208054,2024-09-14,crystalpalace,leicester,1,0.6190754833124698,,,,,,,
gbm_fixed,3,1208052,2024-09-14,astonvilla,everton,1,0.6070715881081081,,,,,,,
gbm_fixed,3,1208051,2024-09-14,bournemouth,chelsea,0,0.6424087198314625,1.44,2.96,-0.03031855289581009,0.030318552895810258,0.03228228228228236,-0.05203572461298189,0.019753442330699644
gbm_fixed,3,1208059,2024-09-15,tottenham,arsenal,0,0.6094777313473909,1.49,2.75,-0.03910717431298649,0.03910717431298644,0.03477730323367911,-0.06166320824992455,0.026885905016245437
gbm_fixed,3,1208060,2024-09-15,wolves,newcastle,1,0.6292651039265624,1.54,2.6,0.0012457802550648323,-0.0012457802550648323,0.033966033966033926,-0.020085545424086915,-0.013880488541947011
gbm_fixed,3,1208070,2024-09-21,westham,chelsea,0,0.6462209415682523,1.49,2.77,-0.004013800215785235,0.004013800215785346,0.03215176992222535,-0.024919998029063195,-0.007231771893162042
gbm_fixed,3,1208064,2024-09-21,fulham,newcastle,1,0.6425820136250977,1.56,2.55,0.022144057420718122,-0.022144057420718233,0.03318250377073895,0.0015563725994567346,-0.03473887637019579
gbm_fixed,3,1208066,2024-09-21,liverpool,bournemouth,0,0.6183150673353109,1.64,2.34,0.030375368842848638,-0.030375368842848693,0.03710652491140287,0.008558969774335345,-0.04566549468573833
gbm_fixed,3,1208068,2024-09-21,southampton,ipswich,1,0.6274682797232007,1.68,2.28,0.05171070396562505,-0.05171070396562494,0.03383458646616555,0.032230184485105506,-0.06606477095127095
gbm_fixed,3,1208065,2024-09-21,leicester,everton,1,0.6169682800274452,1.67,2.3,0.03762319186623608,-0.037623191866236194,0.033585003905233,0.018165884817864297,-0.05175088872309741
gbm_fixed,3,1208069,2024-09-21,tottenham,brentford,1,0.6134736613025258,1.56,2.56,-0.007885561998445034,0.00788556199844509,0.03165064102564097,-0.027551979723115183,-0.004098661302525786
gbm_fixed,3,1208061,2024-09-21,astonvilla,wolves,1,0.6338090067447926,,,,,,,
gbm_fixed,3,1208063,2024-09-21,crystalpalace,manutd,0,0.6136800605415387,,,,,,,
gbm_fixed,3,1208062,2024-09-22,brighton,nottmforest,1,0.5928961311392763,,,,,,,
gbm_fixed,3,1208067,2024-09-22,mancity,arsenal,1,0.5989533680457015,1.93,1.93,0.09895336804570154,-0.09895336804570154,0.0362694300518136,0.08081865301979474,-0.11708808307160834
gbm_fixed,3,1208078,2024-09-28,newcastle,mancity,1,0.573243208655988,1.65,2.35,-0.014256791344012032,0.014256791344012032,0.03159252095422316,-0.03281739740461809,0.001224876450394985
gbm_fixed,3,1208072,2024-09-28,arsenal,leicester,1,0.614397144885458,2.44,1.59,0.2198562019574184,-0.21985620195741828,0.03876688318383348,0.20456107931168754,-0.2433279624955209
gbm_fixed,3,1208075,2024-09-28,everton,crystalpalace,1,0.5812440392284095,,,,,,,
gbm_fixed,3,1208074,2024-09-28,chelsea,brighton,1,0.6278493193395475,1.52,2.67,-0.009382184240404823,0.009382184240404823,0.032426572048097846,-0.030045417502557847,-0.0023811545455399985
gbm_fixed,3,1208073,2024-09-28,brentford,westham,1,0.6226307665176634,1.52,2.67,-0.014600737062288927,0.014600737062288927,0.032426572048097846,-0.03526397032444195,0.0028373982763441052
gbm_fixed,3,1208079,2024-09-28,nottmforest,fulham,0,0.62938130490804,,,,,,,
gbm_fixed,3,1208080,2024-09-28,wolves,liverpool,1,0.5818125848412053,1.71,2.23,0.015822737125469333,-0.015822737125469333,0.03322581491096943,-0.002982736796221519,-0.030243078114747968
gbm_fixed,3,1208076,2024-09-29,ipswich,astonvilla,1,0.6269590049147626,,,,,,,
gbm_fixed,3,1208077,2024-09-29,manutd,tottenham,0,0.6131359231403648,1.41,3.05,-0.07072057910178764,0.07072057910178764,0.03708871061504482,-0.09608393501566359,0.05899522440061877
gbm_fixed,3,1208071,2024-09-30,bournemouth,southampton,1,0.611593273876859,1.68,2.29,0.03476707740330742,-0.03476707740330742,0.03191931794551883,0.01635517863876379,-0.04827449658428262
gbm_fixed,3,1208086,2024-10-05,crystalpalace,liverpool,0,0.569381811303425,,,,,,,
gbm_fixed,3,1208081,2024-10-05,arsenal,southampton,1,0.6112182910107858,2.13,1.76,0.15877613162775245,-0.1587761316277524,0.03766538625693561,0.14173472293566847,-0.17940010919260407
gbm_fixed,3,1208088,2024-10-05,leicester,bournemouth,0,0.6191402196797651,1.56,2.54,-0.0003719754421861454,0.0003719754421861454,0.03472642842721574,-0.0218854213458759,-0.01284100708133984
gbm_fixed,3,1208090,2024-10-05,westham,ipswich,1,0.6164217285582474,1.68,2.27,0.04173818425444997,-0.04173818425444992,0.035766729599328695,0.021183633320152162,-0.05695036291948086
gbm_fixed,3,1208089,2024-10-05,mancity,fulham,1,0.6087366449868682,1.95,1.9,0.11523015148037463,-0.11523015148037463,0.03913630229419707,0.0959161321663553,-0.13505243446055237
gbm_fixed,3,1208083,2024-10-05,brentford,wolves,1,0.601143695808277,1.63,2.36,0.009664999066422375,-0.009664999066422375,0.03722574607465945,-0.012353236707060455,-0.02487250936759905
gbm_fixed,3,1208087,2024-10-05,everton,newcastle,0,0.611630284752967,1.57,2.52,-0.004506634562436385,0.00450663456243644,0.0337680719846325,-0.025312390406268648,-0.008455681578363794
gbm_fixed,3,1208085,2024-10-06,chelsea,nottmforest,1,0.5873256961834764,,,,,,,
gbm_fixed,3,1208082,2024-10-06,astonvilla,manutd,0,0.610811361533247,,,,,,,
gbm_fixed,3,1208084,2024-10-06,brighton,tottenham,1,0.6137355065586514,1.38,3.24,-0.08756319474004992,0.08756319474004998,0.03327965646806241,-0.11090217460076901,0.07762251813270665
gbm_fixed,3,1208099,2024-10-19,tottenham,westham,1,0.6170228871751078,1.53,2.64,-0.016070638004748394,0.01607063800474834,0.03238265002970886,-0.03657188406672229,0.004189234037013434
gbm_fixed,3,1208095,2024-10-19,manutd,brentford,1,0.6191833725093749,1.56,2.53,0.0006014654189103741,-0.0006014654189104851,0.03628255802168834,-0.021842268516266028,-0.014440289505422421
gbm_fixed,3,1208092,2024-10-19,fulham,astonvilla,1,0.5776236843857671,,,,,,,
gbm_fixed,3,1208098,2024-10-19,southampton,leicester,1,0.5701043877428262,1.66,2.32,-0.012810185121495454,0.012810185121495343,0.03344412131283758,-0.032305250811390684,-0.0011388705014469536
gbm_fixed,3,1208096,2024-10-19,newcastle,brighton,0,0.6090291528473016,1.54,2.61,-0.019886509803300645,0.01988650980330081,0.03249241180275675,-0.04032149650334771,0.007829084700591071
gbm_fixed,3,1208093,2024-10-19,ipswich,everton,0,0.5733989497806934,1.68,2.28,-0.0023586259768823004,0.0023586259768824114,0.03383458646616555,-0.021839145457401843,-0.011995441008763597
gbm_fixed,3,1208091,2024-10-19,bournemouth,arsenal,0,0.5478958437357752,1.8,2.09,0.010620779468422992,-0.010620779468422992,0.034024455077086735,-0.007659711819780424,-0.02636474325730631
gbm_fixed,3,1208100,2024-10-20,wolves,mancity,1,0.6197549807153505,1.8,2.09,0.08247991644799835,-0.08247991644799835,0.034024455077086735,0.06419942515979493,-0.09822388023688167
gbm_fixed,3,1208094,2024-10-20,liverpool,chelsea,1,0.6248566722551961,1.46,2.87,-0.037960879707852446,0.037960879707852335,0.03336356259844386,-0.06007483459411889,0.026711271995674968
gbm_fixed,3,1208097,2024-10-21,nottmforest,crystalpalace,0,0.5923125442380555,,,,,,,
gbm_fixed,3,1208110,2024-10-25,leicester,nottmforest,1,0.6006908605820722,,,,,,,
gbm_fixed,3,1208111,2024-10-26,mancity,southampton,0,0.5972251157439162,1.94,1.91,0.10112121964002008,-0.10112121964002008,0.03902412694985702,0.08176119821814298,-0.120785325168
gbm_fixed,3,1208106,2024-10-26,brighton,wolves,1,0.5938454632528261,1.71,2.23,0.02785561553709004,-0.02785561553709004,0.03322581491096943,0.009050141615399188,-0.042275956526368674
gbm_fixed,3,1208105,2024-10-26,brentford,ipswich,1,0.5540400780863932,1.74,2.18,-0.0020823708931986262,0.0020823708931985707,0.03342824000843603,-0.020672565591767667,-0.012755674416668417
gbm_fixed,3,1208104,2024-10-26,astonvilla,bournemouth,1,0.6062777090436458,,,,,,,
gbm_fixed,3,1208109,2024-10-26,everton,fulham,1,0.5484659083888861,1.63,2.38,-0.04505030108742314,0.04505030108742314,0.03366499974222825,-0.06503102412645134,0.031366024384223146
gbm_fixed,3,1208112,2024-10-27,westham,manutd,1,0.6018907327328911,1.57,2.52,-0.01424618658251231,0.014246186582512366,0.0337680719846325,-0.03505194242634457,0.0012838704417121316
gbm_fixed,3,1208107,2024-10-27,chelsea,newcastle,1,0.60261522099463,1.5,2.73,-0.04277484992735581,0.04277484992735575,0.03296703296703285,-0.06405144567203658,0.031084412705003672
gbm_fixed,3,1208108,2024-10-27,crystalpalace,tottenham,0,0.6084773097166974,,,,,,,
gbm_fixed,3,1208103,2024-10-27,arsenal,liverpool,1,0.5710463260406842,1.68,2.27,-0.003637218263113251,0.0036372182631133065,0.035766729599328695,-0.02419176919741106,-0.011574960401917633
gbm_fixed,3,1208118,2024-11-02,newcastle,arsenal,0,0.573017780110525,1.78,2.12,0.029428036520781298,-0.029428036520781353,0.03349586601653587,0.01122002730153615,-0.044715893318072075
gbm_fixed,3,1208113,2024-11-02,bournemouth,mancity,1,0.5677804417476034,1.65,2.33,-0.017646693930788437,0.01764669393078855,0.03524515541682938,-0.03828016431300263,0.0030350088961733634
gbm_fixed,3,1208116,2024-11-02,liverpool,brighton,1,0.5897948967530182,1.6,2.44,-0.014165499286585725,0.014165499286585725,0.0348360655737705,-0.035205103246981784,0.000369037673211281
gbm_fixed,3,1208120,2024-11-02,southampton,everton,0,0.616488028393967,1.72,2.2,0.055263538598048556,-0.05526353859804861,0.03594080338266381,0.035092679556757655,-0.07103348293942152
gbm_fixed,3,1208115,2024-11-02,ipswich,leicester,1,0.6237075423346629,1.55,2.58,-0.0009897942270805649,0.0009897942270804538,0.03275818954738674,-0.02145374798791777,-0.011304441559469025
gbm_fixed,3,1208119,2024-11-02,nottmforest,westham,0,0.5744582076001566,,,,,,,
gbm_fixed,3,1208122,2024-11-02,wolves,crystalpalace,1,0.6156748313086838,,,,,,,
gbm_fixed,4,1208121,2024-11-03,tottenham,astonvilla,1,0.6228668738789831,,,,,,,
gbm_fixed,4,1208117,2024-11-03,manutd,chelsea,1,0.6108072097239263,1.42,3.03,-0.0700916666805681,0.07009166668056804,0.034258355413006036,-0.09341814238874979,0.059159786975743645
gbm_fixed,4,1208114,2024-11-04,fulham,brentford,1,0.6161541291590125,1.61,2.42,0.015657851243379817,-0.015657851243379706,0.034341152918228035,-0.004963883263347735,-0.029377269654880245
gbm_fixed,4,1208126,2024-11-09,crystalpalace,fulham,0,0.6088247411534738,,,,,,,
gbm_fixed,4,1208132,2024-11-09,wolves,southampton,0,0.640050729257023,1.65,2.35,0.05255072925702298,-0.05255072925702298,0.03159252095422316,0.03399012319641692,-0.06558264415064002
gbm_fixed,4,1208131,2024-11-09,westham,everton,0,0.6432534506757005,1.75,2.17,0.0896820221042719,-0.08968202210427195,0.032258064516129004,0.0718248792471291,-0.1040829437632581
gbm_fixed,4,1208127,2024-11-09,liverpool,astonvilla,0,0.6222178268757957,,,,,,,
gbm_fixed,4,1208123,2024-11-09,brentford,bournemouth,1,0.6127315804872657,1.5,2.71,-0.03097388269563217,0.030973882695632116,0.035670356703567,-0.053935086179400904,0.018264729475833907
gbm_fixed,4,1208124,2024-11-09,brighton,mancity,1,0.6214168846304611,1.49,2.78,-0.029636979538157138,0.029636979538157193,0.0308531698131429,-0.04972405496685439,0.018870885153711547
gbm_fixed,4,1208128,2024-11-10,manutd,leicester,0,0.6369949404790562,1.8,2.09,0.09971987621170408,-0.09971987621170408,0.034024455077086735,0.08143938492350067,-0.1154638400005874
gbm_fixed,4,1208130,2024-11-10,tottenham,ipswich,1,0.6141346482081389,1.72,2.19,0.05403234641785759,-0.054032346417857535,0.03801635340341947,0.032739299370929564,-0.07075565277434898
gbm_fixed,4,1208129,2024-11-10,nottmforest,newcastle,1,0.6376263033432616,,,,,,,
gbm_fixed,4,1208125,2024-11-10,chelsea,arsenal,1,0.6007897244029908,1.65,2.34,0.01432355898945703,-0.014323558989456975,0.033411033411033575,-0.005270881657615245,-0.02814015175341822
gbm_fixed,4,1208135,2024-11-23,astonvilla,crystalpalace,1,0.6462746788571792,,,,,,,
gbm_fixed,4,1208133,2024-11-23,bournemouth,brighton,1,0.6120115491440545,1.48,2.8,-0.04219405833258094,0.042194058332581,0.032818532818532864,-0.06366412653162112,0.030845593713088315
gbm_fixed,4,1208140,2024-11-23,mancity,tottenham,0,0.600206364425598,1.52,2.66,-0.036157271938038305,0.03615727193803836,0.03383458646616555,-0.05768837241650726,0.02385378595034182
gbm_fixed,4,1208137,2024-11-23,fulham,wolves,1,0.6504320542571915,1.7,2.24,0.0819041354754656,-0.08190413547546566,0.034663865546218364,0.06219676013954445,-0.09686062568576292
gbm_fixed,4,1208136,2024-11-23,everton,brentford,0,0.6284844236385634,1.72,2.21,0.06614345671744382,-0.06614345671744376,0.033884036620014824,0.04708907480135405,-0.08097311142136882
gbm_fixed,4,1208134,2024-11-23,arsenal,nottmforest,0,0.6349693349516814,,,,,,,
gbm_fixed,4,1208139,2024-11-23,leicester,chelsea,1,0.6197718346447043,1.69,2.26,0.047619935910527156,-0.047619935910527045,0.034193852437555794,0.02805585831334334,-0.06224971075089902
gbm_fixed,4,1208142,2024-11-24,southampton,liverpool,1,0.6184336015539647,1.68,2.28,0.04267602579638896,-0.04267602579638885,0.03383458646616555,0.02319550631586942,-0.05703009278203486
gbm_fixed,4,1208138,2024-11-24,ipswich,manutd,1,0.6379770971461249,1.67,2.3,0.05863200898491583,-0.05863200898491594,0.033585003905233,0.03917470193654404,-0.07275970584177716
gbm_fixed,4,1208141,2024-11-25,newcastle,westham,0,0.6126126116205751,1.73,2.19,0.053939142232820037,-0.05393914223281998,0.03465568664713503,0.03457792953965022,-0.0692336161867852
gbm_fixed,4,1208144,2024-11-29,brighton,southampton,1,0.6206283540400497,1.59,2.43,0.016150742099751203,-0.016150742099751147,0.040453451354918846,-0.008302463570013185,-0.032150987784905605
gbm_fixed,4,1208146,2024-11-30,crystalpalace,newcastle,1,0.6261566109674549,,,,,,,
gbm_fixed,4,1208143,2024-11-30,brentford,leicester,1,0.6167106324800297,1.68,2.29,0.03988443600647806,-0.03988443600647806,0.03191931794551883,0.02147253724193443,-0.05339185518745326
gbm_fixed,4,1208149,2024-11-30,nottmforest,ipswich,0,0.6139674810718899,,,,,,,
gbm_fixed,4,1208151,2024-11-30,westham,arsenal,1,0.636830159618602,1.93,1.93,0.136830159618602,-0.136830159618602,0.0362694300518136,0.11869544459269521,-0.1549648746445088
gbm_fixed,4,1208152,2024-11-30,wolves,bournemouth,1,0.6101942025625454,1.59,2.48,0.0008575932259360375,-0.0008575932259361485,0.03215662406167574,-0.018736615047517446,-0.013420009014158352
gbm_fixed,4,1208148,2024-12-01,manutd,everton,0,0.6308465397622106,1.88,1.99,0.11663465345730106,-0.11663465345730101,0.034427456431091574,0.09893164614518934,-0.13335910257628092
gbm_fixed,4,1208150,2024-12-01,tottenham,fulham,1,0.6275889856081552,1.45,2.9,-0.03907768105851139,0.03907768105851145,0.034482758620689724,-0.06206618680563791,0.02758342818494819
gbm_fixed,4,1208145,2024-12-01,chelsea,astonvilla,0,0.6362211924039801,,,,,,,
gbm_fixed,4,1208147,2024-12-01,liverpool,mancity,0,0.6167377041635536,1.49,2.77,-0.03349703762048395,0.03349703762048406,0.03215176992222535,-0.05440323543376191,0.022251465511536672
gbm_fixed,4,1208158,2024-12-03,ipswich,crystalpalace,0,0.6267096220572926,,,,,,,
gbm_fixed,4,1208159,2024-12-03,leicester,westham,1,0.6242444921375108,1.63,2.37,0.03174449213751074,-0.03174449213751074,0.03543786078537958,0.01074755962217333,-0.04618542040755291
gbm_fixed,4,1208161,2024-12-04,newcastle,liverpool,1,0.6241422795879975,1.57,2.52,0.00800536027259413,-0.008005360272594075,0.0337680719846325,-0.012800395571238132,-0.02096767641339431
gbm_fixed,4,1208162,2024-12-04,southampton,chelsea,1,0.6290626196703799,1.66,2.32,0.04614804680605822,-0.04614804680605833,0.03344412131283758,0.026652981116162988,-0.060097102429000626
gbm_fixed,4,1208156,2024-12-04,everton,wolves,0,0.6239075465503481,1.83,2.05,0.09555703108643054,-0.09555703108643065,0.03425296548047441,0.07745945911865415,-0.11171242459912861
gbm_fixed,4,1208160,2024-12-04,mancity,nottmforest,0,0.6190175015752671,,,,,,,
gbm_fixed,4,1208154,2024-12-04,arsenal,manutd,0,0.6540828815463299,1.78,2.11,0.11166642910417046,-0.11166642910417046,0.03573140209808834,0.09228512873734107,-0.1280165308354294
gbm_fixed,4,1208155,2024-12-04,astonvilla,brentford,1,0.6323310525732272,,,,,,,
gbm_fixed,4,1208157,2024-12-05,fulham,brighton,1,0.6112167920718727,1.57,2.52,-0.0049201272435306365,0.004920127243530692,0.0337680719846325,-0.0257258830873629,-0.008042188897269542
gbm_fixed,4,1208153,2024-12-05,bournemouth,tottenham,0,0.6270771792090472,1.42,3.03,-0.05382169719544727,0.053821697195447216,0.034258355413006036,-0.07714817290362896,0.04288981749062282
gbm_fixed,4,1208165,2024-12-07,crystalpalace,mancity,1,0.6171068520168055,,,,,,,
gbm_fixed,4,1208164,2024-12-07,brentford,newcastle,1,0.6181906178773996,1.53,2.64,-0.01490290730245658,0.014902907302456525,0.03238265002970886,-0.03540415336443048,0.0030215033347216202
gbm_fixed,4,1208163,2024-12-07,astonvilla,southampton,0,0.6361512902169019,,,,,,,
gbm_fixed,4,1208170,2024-12-07,manutd,nottmforest,1,0.6370464566580939,,,,,,,
gbm_fixed,4,1208167,2024-12-08,fulham,arsenal,1,0.6426753064255745,1.79,2.11,0.10164966539993348,-0.10164966539993342,0.03259286716619458,0.08401608854847953,-0.116608955714674
gbm_fixed,4,1208169,2024-12-08,leicester,brighton,1,0.6168950133719882,1.64,2.36,0.026895013371988186,-0.026895013371988186,0.03348491112029772,0.007138915811012558,-0.040623826931310225
gbm_fixed,4,1208168,2024-12-08,ipswich,bournemouth,1,0.6203349486761393,1.63,2.38,0.026818739199830022,-0.026818739199830022,0.03366499974222825,0.006838016160801819,-0.040503015903030015
gbm_fixed,4,1208171,2024-12-08,tottenham,chelsea,1,0.6059501806263954,1.35,3.4,-0.10983929305781504,0.10983929305781515,0.034858387799564294,-0.13479056011434531,0.09993217231478108
gbm_fixed,4,1208172,2024-12-09,westham,wolves,1,0.6490164811527909,1.67,2.31,0.0686144711025396,-0.0686144711025396,0.03170282811001379,0.050214085943209974,-0.08191691405322377
gbm_fixed,4,1208179,2024-12-14,newcastle,leicester,0,0.6351640371730461,1.76,2.13,0.0876061965560796,-0.08760619655607954,0.03766538625693561,0.06698221899122792,-0.10464760524816352
gbm_fixed,4,1208182,2024-12-14,wolves,ipswich,1,0.6262523054691379,1.73,2.19,0.06757883608138282,-0.06757883608138276,0.03465568664713503,0.048217623388213005,-0.08287331003534798
gbm_fixed,4,1208177,2024-12-14,liverpool,fulham,1,0.6392665920963171,1.72,2.18,0.0802922331219581,-0.08029223312195805,0.04011094516748459,0.05787124325910775,-0.09798218842659229
gbm_fixed,4,1208174,2024-12-14,arsenal,everton,0,0.6322450719686976,2.28,1.67,0.20946026184211536,-0.2094602618421153,0.0373988864376511,0.1936485807406274,-0.2310474671782785
gbm_fixed,4,1208180,2024-12-14,nottmforest,astonvilla,1,0.6245116436979693,,,,,,,
gbm_fixed,4,1208175,2024-12-15,brighton,crystalpalace,1,0.6393664698762402,,,,,,,
gbm_fixed,4,1208178,2024-12-15,mancity,manutd,1,0.6084160814049407,1.57,2.51,-0.006779997026431839,0.006779997026431728,0.03534904966122765,-0.028526593754294893,-0.006822455906932812
gbm_fixed,4,1208181,2024-12-15,southampton,tottenham,0,0.619972437161496,1.33,3.52,-0.10580075871479266,0.10580075871479266,0.03597060833902943,-0.1319072620866243,0.09593665374759491
gbm_fixed,4,1208176,2024-12-15,chelsea,brentford,1,0.6004511032447652,1.61,2.42,-4.517467086739835e-05,4.517467086750937e-05,0.034341152918228035,-0.02066690917759495,-0.01367424374063303
gbm_fixed,4,1208173,2024-12-16,bournemouth,westham,1,0.6102595795435282,1.56,2.56,-0.011099643757442657,0.011099643757442712,0.03165064102564097,-0.030766061482112805,-0.0008845795435281634
gbm_fixed,4,1208183,2024-12-21,astonvilla,mancity,1,0.6128742589016414,,,,,,,
gbm_fixed,4,1208192,2024-12-21,westham,brighton,1,0.6055659580624536,1.45,2.91,-0.061865234598096785,0.061865234598096897,0.03329778409764206,-0.08408921435133954,0.05079143025369759
gbm_fixed,4,1208184,2024-12-21,brentford,nottmforest,0,0.6487866861341406,,,,,,,
gbm_fixed,4,1208188,2024-12-21,ipswich,newcastle,0,0.6061210294060178,1.63,2.37,0.013621029406017726,-0.013621029406017726,0.03543786078537958,-0.007375903109319681,-0.0280619576760599
gbm_fixed,4,1208185,2024-12-21,crystalpalace,arsenal,1,0.6213382820606295,,,,,,,
gbm_fixed,4,1208191,2024-12-22,tottenham,liverpool,1,0.5950627104327142,1.36,3.35,-0.11618994349509892,0.11618994349509898,0.03380158033362601,-0.14023140721434457,0.10642982688071867
gbm_fixed,4,1208187,2024-12-22,fulham,southampton,0,0.6311821480913808,1.74,2.17,0.07619493581516601,-0.07619493581516601,0.03554213676571849,0.05646950441321996,-0.09201164117893845
gbm_fixed,4,1208190,2024-12-22,manutd,bournemouth,0,0.6324993793956178,1.62,2.39,0.036489404333273745,-0.03648940433327369,0.03569399245828819,0.015215428778333928,-0.05090942123662201
gbm_fixed,4,1208189,2024-12-22,leicester,wolves,0,0.6124595216546257,1.55,2.58,-0.012237814907117728,0.012237814907117617,0.03275818954738674,-0.032701768667954934,-5.6420879431862136e-05
gbm_fixed,4,1208186,2024-12-22,everton,chelsea,0,0.6261103854947583,1.66,2.32,0.04319581263043659,-0.0431958126304367,0.03344412131283758,0.023700746940541362,-0.057144868253379
gbm_fixed,4,1208201,2024-12-26,southampton,westham,0,0.6096848703190714,1.61,2.43,0.008199721804219906,-0.00819972180421985,0.03264064616721618,-0.01143314210328883,-0.021207504063927296
gbm_fixed,4,1208193,2024-12-26,bournemouth,crystalpalace,0,0.6128970954008801,,,,,,,
gbm_fixed,4,1208199,2024-12-26,newcastle,astonvilla,0,0.6229613199115784,,,,,,,
gbm_fixed,4,1208198,2024-12-26,mancity,everton,1,0.6474384550479063,1.88,1.98,0.1344850871722587,-0.1344850871722586,0.03696539866752646,0.11552356143088505,-0.1524889600984114
gbm_fixed,4,1208200,2024-12-26,nottmforest,tottenham,0,0.6235720021917791,,,,,,,
gbm_fixed,4,1208196,2024-12-26,chelsea,fulham,1,0.6422168179394941,1.65,2.33,0.05678968226110226,-0.05678968226110215,0.03524515541682938,0.03615621187888807,-0.07140136729571733
gbm_fixed,4,1208197,2024-12-26,liverpool,leicester,1,0.6233328689627683,2.07,1.79,0.15960229901458173,-0.15960229901458178,0.0417510053167085,0.14024108152315473,-0.18199208683986323
gbm_fixed,4,1208202,2024-12-26,wolves,manutd,0,0.6366195243158319,1.75,2.16,0.08418985679665036,-0.08418985679665025,0.03439153439153442,0.06519095288726051,-0.09958248727879482
gbm_fixed,4,1208195,2024-12-27,brighton,brentford,0,0.6224938917058911,1.52,2.65,-0.012997715008737254,0.012997715008737143,0.03525322740814296,-0.03540084513621422,0.0001476177280711477
gbm_fixed,4,1208194,2024-12-27,arsenal,ipswich,0,0.6071667260127768,2.23,1.69,0.17604427703318498,-0.17604427703318493,0.040146469604903645,0.15873623273923415,-0.19888270234413774
gbm_fixed,4,1208206,2024-12-29,everton,nottmforest,0,0.6150737280453255,,,,,,,
gbm_fixed,4,1208211,2024-12-29,tottenham,wolves,1,0.6111792426356557,1.47,2.84,-0.047753471981513584,0.04775347198151364,0.03238478489987551,-0.06909286620788169,0.036708081308006235
gbm_fixed,4,1208205,2024-12-29,crystalpalace,southampton,1,0.6300060883213723,,,,,,,
gbm_fixed,4,1208212,2024-12-29,westham,liverpool,0,0.6216439111790205,1.69,2.26,0.04949201244484336,-0.04949201244484325,0.034193852437555794,0.029927934847659543,-0.06412178728521523
gbm_fixed,4,1208209,2024-12-29,leicester,mancity,0,0.6256052565978294,1.68,2.26,0.05200119568412376,-0.05200119568412387,0.037715971344289834,0.030367161359734163,-0.06808313270402411
gbm_fixed,4,1208207,2024-12-29,fulham,bournemouth,1,0.6408428223126656,1.67,2.3,0.06149773415145654,-0.06149773415145665,0.033585003905233,0.042040427103084754,-0.07562543100831787
gbm_fixed,4,1208203,2024-12-30,astonvilla,brighton,1,0.6256501493414914,,,,,,,
gbm_fixed,4,1208210,2024-12-30,manutd,newcastle,0,0.6178493506940209,1.56,2.55,-0.002588605510358666,0.002588605510358555,0.03318250377073895,-0.023176290331620053,-0.010006213439119005
gbm_fixed,4,1208208,2024-12-30,ipswich,chelsea,0,0.6304231618399337,1.74,2.18,0.0743007128603419,-0.07430071286034196,0.03342824000843603,0.05571051816177286,-0.08913875817020894
gbm_fixed,4,1208204,2025-01-01,brentford,arsenal,1,0.6249699720048502,1.76,2.15,0.0750978492427018,-0.0750978492427018,0.03329809725158572,0.05678815382303193,-0.0900862510746176
gbm_fixed,5,1208221,2025-01-04,tottenham,newcastle,1,0.6357282347144763,1.35,3.43,-0.08184498704284604,0.08184498704284593,0.032285930245113725,-0.10501250602626444,0.0727265757811506
gbm_fixed,5,1208213,2025-01-04,bournemouth,everton,0,0.6377565431607379,1.75,2.16,0.08532687564155639,-0.08532687564155628,0.03439153439153442,0.06632797173216654,-0.10071950612370084
gbm_fixed,5,1208220,2025-01-04,southampton,brentford,0,0.5931747125625647,1.56,2.54,-0.026337482559386505,0.026337482559386505,0.03472642842721574,-0.04785092846307626,0.01312450003586052
gbm_fixed,5,1208219,2025-01-04,mancity,westham,1,0.582315469830488,1.72,2.19,0.022213168040206677,-0.02221316804020662,0.03801635340341947,0.0009201209932786503,-0.03893647439669806
gbm_fixed,5,1208216,2025-01-04,crystalpalace,chelsea,1,0.6321039453335986,,,,,,,
gbm_fixed,5,1208214,2025-01-04,astonvilla,leicester,1,0.6412484230338711,,,,,,,
gbm_fixed,5,1208215,2025-01-04,brighton,arsenal,1,0.6313704956194014,1.85,2.02,0.10940667132999571,-0.10940667132999582,0.035590045491035394,0.09082995507886094,-0.12642000056989644
gbm_fixed,5,1208217,2025-01-05,fulham,ipswich,1,0.6421505102579692,1.88,2.0,0.12668659273219607,-0.126686592732196,0.03191489361702127,0.11023561664094794,-0.1421505102579692
gbm_fixed,5,1208218,2025-01-05,liverpool,manutd,1,0.5966878140428793,1.79,2.11,0.0556621730172383,-0.05566217301723825,0.03259286716619458,0.038028596165784356,-0.07062146333197883
gbm_fixed,5,1208222,2025-01-06,wolves,nottmforest,0,0.5627132366963001,,,,,,,
gbm_fixed,5,1208229,2025-01-14,westham,fulham,1,0.6206522559606132,1.72,2.2,0.059427766164694806,-0.05942776616469486,0.03594080338266381,0.039256907123403906,-0.07519771050606777
gbm_fixed,5,1208230,2025-01-14,chelsea,bournemouth,1,0.61455105242331,1.56,2.55,-0.005886903781069597,0.005886903781069486,0.03318250377073895,-0.026474588602330984,-0.006707915168408074
gbm_fixed,5,1208224,2025-01-14,brentford,mancity,1,0.5805931381995219,1.51,2.69,-0.05988305227666857,0.059883052276668625,0.03399886752504999,-0.08165851742961727,0.047659649904567336
gbm_fixed,5,1208228,2025-01-14,nottmforest,liverpool,1,0.5286016375841915,,,,,,,
gbm_fixed,5,1208231,2025-01-15,newcastle,wolves,0,0.5508304380655051,1.76,2.15,0.0009583153033567715,-0.0009583153033567715,0.03329809725158572,-0.017351380116313098,-0.01594671713527257
gbm_fixed,5,1208225,2025-01-15,everton,astonvilla,0,0.554258215606241,,,,,,,
gbm_fixed,5,1208227,2025-01-15,leicester,crystalpalace,0,0.5627173492863792,,,,,,,
gbm_fixed,5,1208223,2025-01-15,arsenal,tottenham,1,0.5913241909364697,1.8,2.09,0.05404912666911754,-0.05404912666911754,0.034024455077086735,0.03576863538091413,-0.06979309045800086
gbm_fixed,5,1208226,2025-01-16,ipswich,brighton,0,0.6037491116178455,1.67,2.3,0.024404023456636392,-0.024404023456636503,0.033585003905233,0.0049467164082646065,-0.03853172031349772
gbm_fixed,5,1208232,2025-01-16,manutd,southampton,1,0.5852044171336266,2.03,1.83,0.11111115288492185,-0.1111111528849219,0.03905892487011764,0.09259357969520288,-0.13165250456532052
gbm_fixed,5,1208240,2025-01-18,newcastle,bournemouth,1,0.5889601484708191,1.59,2.46,-0.018447258936588162,0.01844725893658833,0.03543488265071337,-0.03997066913924374,0.00453578648853048
gbm_fixed,5,1208238,2025-01-18,leicester,fulham,0,0.598790190731765,1.78,2.11,0.05637373828960557,-0.05637373828960557,0.03573140209808834,0.03699243792277618,-0.07272384002086452
gbm_fixed,5,1208242,2025-01-18,westham,crystalpalace,0,0.6123783479340661,,,,,,,
gbm_fixed,5,1208234,2025-01-18,brentford,liverpool,0,0.5503902652549879,1.5,2.73,-0.09499980566699795,0.0949998056669979,0.03296703296703285,-0.11627640141167872,0.08330936844464581
gbm_fixed,5,1208233,2025-01-18,arsenal,astonvilla,1,0.6058617191938688,,,,,,,
gbm_fixed,5,1208239,2025-01-19,manutd,brighton,1,0.6259759220796073,1.65,2.34,0.03950975666607348,-0.039509756666073426,0.033411033411033575,0.019915316019001206,-0.05332634943003467
gbm_fixed,5,1208236,2025-01-19,everton,tottenham,1,0.5897885042354959,1.7,2.23,0.02235847879020325,-0.02235847879020325,0.03666578739118975,0.0015532101178488134,-0.03821899750903851
gbm_fixed,5,1208241,2025-01-19,nottmforest,southampton,1,0.5674532706248285,,,,,,,
gbm_fixed,5,1208237,2025-01-19,ipswich,mancity,0,0.5735170995997676,1.79,2.1,0.03367134124501181,-0.03367134124501181,0.0348496940675711,0.014857881722672661,-0.04970757579024376
gbm_fixed,5,1208235,2025-01-20,chelsea,wolves,1,0.6027767843813541,1.6,2.45,-0.002161487223584224,0.002161487223584224,0.03316326530612246,-0.02222321561864593,-0.010940049687476472
gbm_fixed,5,1208243,2025-01-25,bournemouth,nottmforest,0,0.6108775774993868,,,,,,,
gbm_fixed,5,1208252,2025-01-25,wolves,arsenal,0,0.6043486929722668,2.02,1.86,0.1249672496732977,-0.12496724967329775,0.03268391355264555,0.10929918802177174,-0.1419831015744173
gbm_fixed,5,1208248,2025-01-25,liverpool,ipswich,1,0.6320276777522611,2.14,1.75,0.18215621245663127,-0.18215621245663127,0.03871829105473967,0.16473795812609288,-0.2034562491808325
gbm_fixed,5,1208250,2025-01-25,southampton,newcastle,1,0.5855995528325343,1.65,2.35,-0.0019004471674657353,0.0019004471674657353,0.03159252095422316,-0.02046105322807179,-0.011131467726151312
gbm_fixed,5,1208245,2025-01-25,brighton,everton,0,0.6053725054653364,1.92,1.95,0.10149653647308832,-0.10149653647308832,0.033653846153846256,0.08453917213200302,-0.11819301828584927
gbm_fixed,5,1208249,2025-01-25,mancity,chelsea,1,0.5793438518647074,1.41,3.08,-0.10662496773440189,0.10662496773440172,0.033895182831352955,-0.129876006291321,0.09598082345996795
gbm_fixed,5,1208251,2025-01-26,tottenham,leicester,1,0.6447407748479065,1.47,2.84,-0.014191939769262807,0.014191939769262862,0.03238478489987551,-0.03553133399563091,0.0031465490957554576
gbm_fixed,5,1208246,2025-01-26,crystalpalace,brentford,1,0.5853220645149898,,,,,,,
gbm_fixed,5,1208244,2025-01-26,astonvilla,westham,1,0.5945783884137985,,,,,,,
gbm_fixed,5,1208247,2025-01-26,fulham,manutd,0,0.6020996327057745,1.66,2.31,0.02023565285690787,-0.020235652856908037,0.035310071454649705,-0.0003100058484424295,-0.03500006560620739
gbm_fixed,5,1208260,2025-02-01,newcastle,fulham,1,0.6167284914240845,1.68,2.27,0.04204494712028706,-0.042044947120287,0.035766729599328695,0.021490396185989247,-0.05725712578531794
gbm_fixed,5,1208253,2025-02-01,bournemouth,liverpool,0,0.614149669816298,1.49,2.77,-0.03608507196773947,0.03608507196773958,0.03215176992222535,-0.05699126978101743,0.02483949985879219
gbm_fixed,5,1208261,2025-02-01,nottmforest,brighton,0,0.5826350828197295,,,,,,,
gbm_fixed,5,1208262,2025-02-01,wolves,astonvilla,0,0.638700473204572,,,,,,,
gbm_fixed,5,1208257,2025-02-01,everton,leicester,0,0.5879471853144166,2.07,1.81,0.12145233995359184,-0.12145233995359184,0.03557797528491746,0.10485539787480302,-0.1404333731597205
gbm_fixed,5,1208258,2025-02-01,ipswich,southampton,1,0.5932851023307759,1.7,2.25,0.023664849166218915,-0.02366484916621897,0.03267973856209139,0.005049808213128837,-0.037729546775220335
gbm_fixed,5,1208259,2025-02-02,manutd,crystalpalace,0,0.5780623569352871,,,,,,,
gbm_fixed,5,1208255,2025-02-02,brentford,tottenham,0,0.6391847725074771,1.33,3.56,-0.08883158741072328,0.08883158741072333,0.03277857565261466,-0.11269492674064319,0.07991635108802853
gbm_fixed,5,1208254,2025-02-02,arsenal,mancity,1,0.6206958382981504,1.61,2.41,0.021193350735961403,-0.021193350735961403,0.036055771758459754,-0.000422174124209751,-0.03563359763425
gbm_fixed,5,1208256,2025-02-03,chelsea,westham,1,0.6032396807634581,1.67,2.27,0.027097548783762693,-0.027097548783762637,0.03933102957081447,0.004437285553877235,-0.04376831512469159
gbm_fixed,5,1208166,2025-02-12,everton,liverpool,1,0.5490997526940448,1.93,1.94,0.047807763029962036,-0.04780776302996215,0.03359863255167994,0.030965037668137962,-0.06456367021981801
gbm_fixed,5,1208264,2025-02-14,brighton,chelsea,0,0.6469172312310429,1.51,2.7,0.00558706496025918,-0.005587064960259014,0.032622025999509585,-0.01533442439809618,-0.017287601601413294
gbm_fixed,5,1208270,2025-02-15,southampton,bournemouth,1,0.5766493875137436,1.59,2.47,-0.031724996722709564,0.031724996722709564,0.0337891172052045,-0.05228143009631925,0.018492312891114693
gbm_fixed,5,1208267,2025-02-15,leicester,arsenal,0,0.6050183685631952,2.24,1.7,0.1735462873449211,-0.17354628734492117,0.034663865546218364,0.15858979713462384,-0.19325366268084232
gbm_fixed,5,1208266,2025-02-15,fulham,nottmforest,1,0.5543294673926138,,,,,,,
gbm_fixed,5,1208272,2025-02-15,westham,brentford,0,0.5925731899497515,1.49,2.75,-0.05601171571062591,0.05601171571062585,0.03477730323367911,-0.07856774964756397,0.043790446413884854
gbm_fixed,5,1208263,2025-02-15,astonvilla,ipswich,1,0.6360745612090994,,,,,,,
gbm_fixed,5,1208265,2025-02-15,crystalpalace,everton,1,0.6135723518615842,,,,,,,
gbm_fixed,5,1208269,2025-02-15,mancity,newcastle,0,0.585529416960493,1.41,3.08,-0.10043940263861628,0.10043940263861612,0.033895182831352955,-0.1236904411955354,0.08979525836418234
gbm_fixed,5,1208268,2025-02-16,liverpool,wolves,1,0.6215157597784164,1.94,1.91,0.12541186367452029,-0.12541186367452029,0.03902412694985702,0.10605184225264319,-0.1450759692025002
gbm_fixed,5,1208271,2025-02-16,tottenham,manutd,0,0.6262657280415116,1.49,2.76,-0.02314603666437065,0.02314603666437076,0.03345978017702578,-0.04487521155580387,0.011415431378778207
gbm_fixed,5,1208305,2025-02-19,astonvilla,liverpool,1,0.582579291909471,,,,,,,
gbm_fixed,5,1208279,2025-02-21,leicester,brentford,0,0.6036963180008296,1.54,2.59,-0.023422326066966925,0.023422326066967092,0.03545103545103556,-0.04565433134981978,0.010203295898784326
gbm_fixed,5,1208273,2025-02-22,bournemouth,wolves,0,0.6124172956521845,1.74,2.18,0.05629484667259266,-0.05629484667259271,0.03342824000843603,0.03770465197402362,-0.0711328919824597
gbm_fixed,5,1208277,2025-02-22,fulham,crystalpalace,0,0.6227636453102621,,,,,,,
gbm_fixed,5,1208282,2025-02-22,southampton,brighton,0,0.640898872856601,1.64,2.36,0.050898872856600996,-0.050898872856600996,0.03348491112029772,0.03114277529562537,-0.06462768641592304
gbm_fixed,5,1208274,2025-02-22,arsenal,westham,0,0.6195084919167975,2.41,1.61,0.2190109794789865,-0.2190109794789865,0.036055771758459754,0.2045707325806979,-0.24062650433915767
gbm_fixed,5,1208276,2025-02-22,everton,manutd,1,0.5628185087937093,1.96,1.91,0.06927845711412273,-0.06927845711412273,0.03376429105673684,0.05261442716105624,-0.08637871821779308
gbm_fixed,5,1208278,2025-02-22,ipswich,tottenham,1,0.6531314444824542,1.48,2.79,-0.00026434006087128203,0.00026434006087133755,0.03409861474377607,-0.022544231193221465,-0.011554383550554548
gbm_fixed,5,1208275,2025-02-22,astonvilla,chelsea,1,0.6190650044155684,,,,,,,
gbm_fixed,5,1208281,2025-02-23,newcastle,nottmforest,1,0.5868690547480115,,,,,,,
gbm_fixed,5,1208280,2025-02-23,mancity,liverpool,0,0.5466128989278033,1.5,2.74,-0.09961351616653624,0.09961351616653635,0.031630170316301776,-0.12005376773886334,0.08842359742256167
gbm_fixed,5,1208288,2025-02-25,wolves,fulham,1,0.6074231800143425,1.88,2.0,0.09195926248856934,-0.09195926248856928,0.03191489361702127,0.07550828639732121,-0.10742318001434248
gbm_fixed,5,1208284,2025-02-25,brighton,bournemouth,1,0.6017839062795588,1.55,2.56,-0.02108713994915168,0.021087139949151623,0.035786290322580516,-0.04337738404302183,0.0075910937204412
gbm_fixed,5,1208289,2025-02-25,crystalpalace,astonvilla,1,0.5714028301707306,,,,,,,
gbm_fixed,5,1208290,2025-02-25,chelsea,southampton,0,0.5913353056852539,1.92,1.93,0.0900366043865527,-0.09003660438655259,0.03896804835924028,0.07050197235192057,-0.10947002071116074
gbm_fixed,5,1208292,2025-02-26,manutd,ipswich,1,0.6255933595526828,1.7,2.25,0.055973106388125804,-0.05597310638812586,0.03267973856209139,0.037358065435035726,-0.07003780399712722
gbm_fixed,5,1208283,2025-02-26,brentford,everton,1,0.6104136233352355,1.67,2.3,0.031068535174026413,-0.031068535174026524,0.033585003905233,0.011611228125654627,-0.04519623203088774
gbm_fixed,5,1208291,2025-02-26,liverpool,newcastle,0,0.6207185378899494,1.72,2.2,0.059494048094030916,-0.05949404809403097,0.03594080338266381,0.039323189052740015,-0.07526399243540388
gbm_fixed,5,1208285,2025-02-26,nottmforest,arsenal,0,0.6203862272440193,,,,,,,
gbm_fixed,5,1208286,2025-02-26,tottenham,mancity,0,0.6167676940833317,1.38,3.22,-0.08323230591666841,0.08323230591666836,0.035196687370600444,-0.10786998707608875,0.07267329970548825
gbm_fixed,5,1208287,2025-02-27,westham,leicester,0,0.6325043163832105,1.83,2.05,0.10415380091929294,-0.10415380091929305,0.03425296548047441,0.08605622895151654,-0.120309194431991
gbm_fixed,6,1208297,2025-03-08,liverpool,southampton,1,0.6222832655346087,2.15,1.75,0.17356531681665993,-0.17356531681666,0.03654485049833878,0.15716698646484123,-0.19371183696318006
gbm_fixed,6,1208294,2025-03-08,brighton,fulham,1,0.60742874756673,1.73,2.19,0.04875527817897496,-0.0487552781789749,0.03465568664713503,0.029394065485805143,-0.06404975213294012
gbm_fixed,6,1208299,2025-03-08,nottmforest,mancity,0,0.6055404639890518,,,,,,,
gbm_fixed,6,1208302,2025-03-08,wolves,everton,1,0.5924952315857511,2.13,1.78,0.13725226483383302,-0.1372522648338329,0.03128132088410629,0.12301166351063375,-0.15429298439473993
gbm_fixed,6,1208296,2025-03-08,crystalpalace,ipswich,0,0.5997010007332356,,,,,,,
gbm_fixed,6,1208293,2025-03-08,brentford,astonvilla,0,0.5902952520124872,,,,,,,
gbm_fixed,6,1208300,2025-03-09,tottenham,bournemouth,1,0.6145335324301069,1.43,2.99,-0.06193705580518727,0.06193705580518727,0.033748859835816436,-0.08476716687059249,0.051018307034776056
gbm_fixed,6,1208295,2025-03-09,chelsea,leicester,0,0.6308749980846068,2.04,1.83,0.1580067810303432,-0.15800678103034316,0.03664416586306651,0.14067891965323426,-0.17732308551630072
gbm_fixed,6,1208298,2025-03-09,manutd,arsenal,1,0.6233261457959278,2.02,1.85,0.1452899700853334,-0.1452899700853335,0.035590045491035394,0.12827664084543278,-0.16386668633646828
gbm_fixed,6,1208301,2025-03-10,westham,newcastle,0,0.6242840380323915,1.68,2.27,0.0496004937285941,-0.04960049372859404,0.035766729599328695,0.029045942794296287,-0.06481267239362498
gbm_fixed,6,1208308,2025-03-15,ipswich,nottmforest,1,0.5977133532671323,,,,,,,
gbm_fixed,6,1208303,2025-03-15,bournemouth,brentford,1,0.6279970064154188,1.51,2.69,-0.012479184060771642,0.012479184060771698,0.03399886752504999,-0.034254649213720345,0.00025578168867040896
gbm_fixed,6,1208306,2025-03-15,everton,westham,1,0.6071137572495352,2.03,1.85,0.13030963353819497,-0.1303096335381949,0.03315137797896428,0.11450291981111149,-0.14765429779007566
gbm_fixed,6,1208310,2025-03-15,mancity,brighton,1,0.5912325797761092,1.5,2.74,-0.05499383531823032,0.05499383531823043,0.031630170316301776,-0.07543408689055742,0.04380391657425575
gbm_fixed,6,1208312,2025-03-15,southampton,wolves,1,0.622667056687466,1.77,2.13,0.07651321053361981,-0.07651321053361987,0.034455319487546765,0.057695305275036635,-0.0921506247625834
gbm_fixed,6,1208307,2025-03-16,fulham,tottenham,0,0.6226058708210027,1.66,2.32,0.039691297956681026,-0.03969129795668114,0.03344412131283758,0.020196232266785796,-0.053640353579623434
gbm_fixed,6,1208304,2025-03-16,arsenal,chelsea,0,0.6006500864884947,2.04,1.84,0.1264232823647834,-0.1264232823647834,0.03367433930093777,0.11045400805712219,-0.1441283473580599
gbm_fixed,6,1208309,2025-03-16,leicester,manutd,0,0.5746934103147717,1.81,2.07,0.041188255675596475,-0.041188255675596475,0.03557797528491746,0.022207222469467824,-0.05778519775438529
gbm_fixed,6,1208317,2025-04-01,wolves,westham,0,0.6244671624290469,2.01,1.86,0.1438470073902871,-0.14384700739028722,0.035146846413095734,0.12695472461810153,-0.16210157103119738
gbm_fixed,6,1208314,2025-04-01,arsenal,fulham,1,0.5894902218466027,2.18,1.74,0.1456126708261945,-0.14561267082619456,0.03342824000843603,0.13077462551632751,-0.1642028655247636
gbm_fixed,6,1208316,2025-04-01,nottmforest,manutd,0,0.6200196871624074,,,,,,,
gbm_fixed,6,1208320,2025-04-02,newcastle,brentford,1,0.6030441617855086,1.55,2.56,-0.01982688444320191,0.019826884443201853,0.035786290322580516,-0.04211712853707206,0.00633083821449143
gbm_fixed,6,1208313,2025-04-02,bournemouth,ipswich,1,0.5994757649603722,1.93,1.94,0.09818377529628952,-0.09818377529628963,0.03359863255167994,0.08134104993446545,-0.1149396824861455
gbm_fixed,6,1208321,2025-04-02,southampton,crystalpalace,1,0.6317409576682439,,,,,,,
gbm_fixed,6,1208319,2025-04-02,mancity,leicester,0,0.6360716329105006,1.91,1.94,0.13217552901439678,-0.13217552901439678,0.03902412694985702,0.11251142348641685,-0.15153555043627387
gbm_fixed,6,1208315,2025-04-02,brighton,astonvilla,0,0.6124936456130972,,,,,,,
gbm_fixed,6,1208322,2025-04-02,liverpool,everton,0,0.6278216303757194,1.96,1.91,0.13428157869613278,-0.13428157869613278,0.03376429105673684,0.11761754874306629,-0.15138183979980313
gbm_fixed,6,1208318,2025-04-03,chelsea,tottenham,0,0.6045241600297846,1.52,2.67,-0.03270734355016769,0.03270734355016769,0.032426572048097846,-0.053370576812320714,0.020944004764222868
gbm_fixed,6,1208326,2025-04-05,everton,arsenal,1,0.6031981078102833,2.17,1.75,0.15676953638171182,-0.15676953638171187,0.032258064516129004,0.14236861472272566,-0.17462667923885467
gbm_fixed,6,1208332,2025-04-05,westham,bournemouth,1,0.6116130583230813,1.68,2.28,0.035855482565505636,-0.035855482565505525,0.03383458646616555,0.016374963084986094,-0.05020954955115153
gbm_fixed,6,1208325,2025-04-05,crystalpalace,brighton,1,0.5933608842629222,,,,,,,
gbm_fixed,6,1208328,2025-04-05,ipswich,wolves,1,0.6125182341917743,1.98,1.88,0.12547160206742203,-0.12547160206742192,0.03696539866752646,0.10746772914126923,-0.14443312780879558
gbm_fixed,6,1208323,2025-04-05,astonvilla,nottmforest,1,0.6076571096558712,,,,,,,
gbm_fixed,6,1208327,2025-04-06,fulham,liverpool,1,0.63019296241269,1.72,2.2,0.06896847261677153,-0.06896847261677158,0.03594080338266381,0.048797613575480625,-0.08473841695814449
gbm_fixed,6,1208331,2025-04-06,tottenham,southampton,1,0.6059081342196835,1.68,2.27,0.03122458991588606,-0.031224589915886003,0.035766729599328695,0.010670038981588248,-0.04643676858091694
gbm_fixed,6,1208324,2025-04-06,brentford,chelsea,0,0.6080431037517908,1.53,2.64,-0.02505042142806535,0.025050421428065295,0.03238265002970886,-0.04555166749003925,0.01316901746033039
gbm_fixed,6,1208330,2025-04-06,manutd,mancity,0,0.6181443303952036,1.56,2.55,-0.0022936258091760253,0.0022936258091759143,0.03318250377073895,-0.022881310630437413,-0.010301193140301645
gbm_fixed,6,1208329,2025-04-07,leicester,newcastle,0,0.6364481740048263,1.9,1.97,0.12740424635624759,-0.12740424635624747,0.0339300026716538,0.11013238453114216,-0.14406238720279585
gbm_fixed,6,1208338,2025-04-12,mancity,crystalpalace,1,0.597140915696777,,,,,,,
gbm_fixed,6,1208341,2025-04-12,southampton,astonvilla,0,0.6095060700625641,,,,,,,
gbm_fixed,6,1208335,2025-04-12,brighton,leicester,1,0.6143762913946309,2.0,1.88,0.1298402089204041,-0.12984020892040404,0.03191489361702127,0.1143762913946309,-0.14629118501165217
gbm_fixed,6,1208340,2025-04-12,nottmforest,everton,0,0.6210655868769276,,,,,,,
gbm_fixed,6,1208334,2025-04-12,arsenal,brentford,1,0.604238510597832,1.79,2.1,0.06439275224307617,-0.06439275224307617,0.0348496940675711,0.04557929272073702,-0.08042898678830812
gbm_fixed,6,1208342,2025-04-13,wolves,tottenham,1,0.6084484127044851,1.62,2.39,0.012438437642141031,-0.012438437642140976,0.03569399245828819,-0.008835537912798785,-0.026858454545489296
gbm_fixed,6,1208337,2025-04-13,liverpool,westham,1,0.6118413570147052,1.99,1.87,0.1273853984654824,-0.12738539846548236,0.03727192110284028,0.1093287942006349,-0.14660071530347518
gbm_fixed,6,1208336,2025-04-13,chelsea,ipswich,1,0.5999139940119246,2.11,1.77,0.14372842700161537,-0.14372842700161526,0.038905400701529036,0.12598034472282504,-0.16488574542435397
gbm_fixed,6,1208339,2025-04-13,newcastle,manutd,1,0.6226172206169945,1.75,2.17,0.06904579204556593,-0.06904579204556599,0.032258064516129004,0.05118864918842314,-0.08344671370455214
gbm_fixed,6,1208333,2025-04-14,bournemouth,fulham,0,0.6223550373499377,1.7,2.24,0.05382711856821176,-0.05382711856821182,0.034663865546218364,0.03411974323229061,-0.06878360877850909
gbm_fixed,6,1208311,2025-04-16,newcastle,crystalpalace,0,0.6105425165767577,,,,,,,
gbm_fixed,6,1208346,2025-04-19,everton,mancity,0,0.603736119348974,1.74,2.18,0.04761367036938213,-0.04761367036938219,0.03342824000843603,0.029023475670813093,-0.062451715679249176
gbm_fixed,6,1208352,2025-04-19,westham,southampton,1,0.6040725494804982,1.7,2.24,0.03554463069877223,-0.035544630698772284,0.034663865546218364,0.015837255362851077,-0.05050112090906955
gbm_fixed,6,1208345,2025-04-19,crystalpalace,bournemouth,0,0.6049318049459355,,,,,,,
gbm_fixed,6,1208344,2025-04-19,brentford,brighton,1,0.5999442737990043,1.53,2.63,-0.032267264662534156,0.032267264662534156,0.03382290812395938,-0.053650497442825795,0.019827589318866412
gbm_fixed,6,1208343,2025-04-19,astonvilla,newcastle,1,0.6139900826411048,,,,,,,
gbm_fixed,6,1208350,2025-04-20,manutd,wolves,0,0.6082158925710631,1.73,2.2,0.048419454912030035,-0.048419454912030035,0.032580136626379375,0.03018121049013822,-0.06276134711651765
gbm_fixed,6,1208347,2025-04-20,fulham,chelsea,1,0.6220592293794724,1.66,2.32,0.039144656515150755,-0.039144656515150866,0.03344412131283758,0.019649590825255525,-0.05309371213809316
gbm_fixed,6,1208348,2025-04-20,ipswich,arsenal,0,0.6052084340135886,2.05,1.83,0.13355894947750602,-0.13355894947750613,0.03425296548047441,0.11740355596480806,-0.15165652144528252
gbm_fixed,6,1208349,2025-04-20,leicester,liverpool,0,0.6136603847875468,1.88,1.98,0.1007070169118992,-0.1007070169118991,0.03696539866752646,0.08174549117052554,-0.11871088983805189
gbm_fixed,6,1208351,2025-04-21,tottenham,nottmforest,1,0.5968389948386916,,,,,,,
gbm_fixed,6,1208358,2025-04-22,mancity,astonvilla,1,0.6143761602506699,,,,,,,
gbm_fixed,6,1208354,2025-04-23,arsenal,crystalpalace,1,0.602544691280588,,,,,,,
gbm_fixed,6,1208356,2025-04-26,chelsea,everton,0,0.6157082337813236,1.88,1.99,0.101496347476414,-0.10149634747641395,0.034427456431091574,0.08379334016430229,-0.11822079659539386
gbm_fixed,6,1208359,2025-04-26,newcastle,ipswich,0,0.6206379489971188,2.11,1.77,0.16445238198680956,-0.16445238198680945,0.038905400701529036,0.14670429970801924,-0.18560970040954816
gbm_fixed,6,1208362,2025-04-26,wolves,leicester,0,0.6068466963081971,1.88,1.99,0.09263481000328755,-0.0926348100032875,0.034427456431091574,0.07493180269117583,-0.1093592591222674
gbm_fixed,6,1208361,2025-04-26,southampton,fulham,1,0.6091443795695872,1.79,2.11,0.06811873854394623,-0.06811873854394618,0.03259286716619458,0.050485161692492286,-0.08307802885868676
gbm_fixed,6,1208355,2025-04-26,brighton,westham,1,0.6167824936898925,1.66,2.32,0.033867920825570774,-0.033867920825570885,0.03344412131283758,0.014372855135675544,-0.04781697644851318
gbm_fixed,6,1208353,2025-04-27,bournemouth,manutd,1,0.6095777067004591,1.63,2.38,0.016061497224149845,-0.016061497224149845,0.03366499974222825,-0.003919225814878358,-0.02974577392734984
gbm_fixed,6,1208357,2025-04-27,liverpool,tottenham,1,0.6147800828678579,1.75,2.14,0.06465154816348773,-0.06465154816348773,0.03871829105473967,0.043351511439286505,-0.08206980249402612
gbm_fixed,6,1208360,2025-05-01,nottmforest,brentford,0,0.6038019428331163,,,,,,,
gbm_fixed,7,1208371,2025-05-02,mancity,wolves,0,0.5728581510025048,1.88,2.0,0.05739423347673167,-0.057394233476731615,0.03191489361702127,0.040943257385483545,-0.07285815100250481
gbm_fixed,7,1208364,2025-05-03,astonvilla,fulham,0,0.6001197743604486,,,,,,,
gbm_fixed,7,1208369,2025-05-03,everton,ipswich,1,0.5682675635078892,1.96,1.91,0.07472751182830262,-0.07472751182830262,0.03376429105673684,0.058063481875236134,-0.09182777293197297
gbm_fixed,7,1208370,2025-05-03,leicester,southampton,0,0.6002394354463856,1.65,2.35,0.01273943544638556,-0.01273943544638556,0.03159252095422316,-0.005821170614220494,-0.025771350340002608
gbm_fixed,7,1208363,2025-05-03,arsenal,bournemouth,1,0.5810998771188496,1.73,2.19,0.0224264077310945,-0.022426407731094444,0.03465568664713503,0.003065195037924684,-0.03772088168505966
gbm_fixed,7,1208372,2025-05-04,westham,tottenham,1,0.5954344591570726,1.55,2.58,-0.029262877404670817,0.029262877404670706,0.03275818954738674,-0.04972683116550802,0.016968641618121227
gbm_fixed,7,1208366,2025-05-04,brighton,newcastle,1,0.5960360101887027,1.51,2.7,-0.045294156082081094,0.04529415608208126,0.032622025999509585,-0.06621564544043645,0.03359361944092698
gbm_fixed,7,1208365,2025-05-04,brentford,manutd,1,0.5942759199184546,1.61,2.41,-0.005226567643734414,0.005226567643734414,0.036055771758459754,-0.026842092503905568,-0.009213679254554186
gbm_fixed,7,1208367,2025-05-04,chelsea,liverpool,1,0.5951776886475002,1.49,2.77,-0.055057053136537304,0.055057053136537415,0.03215176992222535,-0.07596325094981526,0.04381148102759003
gbm_fixed,7,1208368,2025-05-05,crystalpalace,nottmforest,1,0.5767580445266283,,,,,,,
gbm_fixed,7,1208374,2025-05-10,fulham,everton,1,0.5856816047078326,1.95,1.92,0.08955757370008066,-0.08955757370008066,0.033653846153846256,0.0728610918873197,-0.10651493804116596
gbm_fixed,7,1208382,2025-05-10,wolves,brighton,0,0.577326554063511,1.74,2.18,0.021204105083919123,-0.021204105083919178,0.03342824000843603,0.0026139103853500822,-0.036042150393786165
gbm_fixed,7,1208380,2025-05-10,southampton,mancity,0,0.5832336662439513,2.02,1.84,0.10654972842011712,-0.10654972842011712,0.038527765820060234,0.0881841612934563,-0.12671192711351653
gbm_fixed,7,1208375,2025-05-10,ipswich,brentford,0,0.5958010396666824,1.56,2.55,-0.024636916537697173,0.024636916537697062,0.03318250377073895,-0.04522460135895856,0.012042097588219502
gbm_fixed,7,1208373,2025-05-10,bournemouth,astonvilla,0,0.5565921020757978,,,,,,,
gbm_fixed,7,1208378,2025-05-11,newcastle,chelsea,0,0.584048352145949,1.52,2.67,-0.05318315143400332,0.05318315143400332,0.032426572048097846,-0.07384638469615634,0.041419812648058496
gbm_fixed,7,1208377,2025-05-11,manutd,westham,0,0.5905782857533978,1.65,2.34,0.004112120339863967,-0.004112120339863912,0.033411033411033575,-0.015482320307208308,-0.017928713103825156
gbm_fixed,7,1208381,2025-05-11,tottenham,crystalpalace,0,0.5892409850913637,,,,,,,
gbm_fixed,7,1208379,2025-05-11,nottmforest,leicester,1,0.5811582541003114,,,,,,,
gbm_fixed,7,1208376,2025-05-11,liverpool,arsenal,1,0.6027596936576918,1.57,2.51,-0.012436384773680809,0.012436384773680698,0.03534904966122765,-0.03418298150154386,-0.0011660681596838418
gbm_fixed,7,1208384,2025-05-16,astonvilla,tottenham,0,0.598956581188464,,,,,,,
gbm_fixed,7,1208387,2025-05-16,chelsea,manutd,0,0.5953799471543604,1.69,2.25,0.02431395730664465,-0.024313957306644596,0.0361604207758055,0.0036639708229994072,-0.0398243915988048
gbm_fixed,7,1208389,2025-05-18,everton,southampton,0,0.5959909179239631,2.08,1.81,0.13069528810391168,-0.13069528810391173,0.033255418614534626,0.11522168715473236,-0.14847710576926698
gbm_fixed,7,1208390,2025-05-18,leicester,ipswich,0,0.6106759319725598,1.62,2.39,0.01466595691021566,-0.014665956910215605,0.03569399245828819,-0.006608018644724156,-0.029085973813563926
gbm_fixed,7,1208383,2025-05-18,arsenal,newcastle,0,0.5708723595978901,1.72,2.2,0.009647869801971631,-0.009647869801971687,0.03594080338266381,-0.01052298923931927,-0.025417814143344597
gbm_fixed,7,1208385,2025-05-18,brentford,fulham,1,0.587395336297144,1.58,2.5,-0.025349761742071597,0.025349761742071653,0.032911392405063244,-0.0455160561079192,0.012604663702855956
gbm_fixed,7,1208392,2025-05-18,westham,nottmforest,1,0.5846322887328222,,,,,,,
gbm_fixed,7,1208386,2025-05-19,brighton,liverpool,1,0.6269449051528627,1.45,2.89,-0.03895371235865808,0.03895371235865808,0.03567593365946786,-0.06271026726093043,0.027034333601462568
gbm_fixed,7,1208391,2025-05-20,mancity,bournemouth,1,0.586897224849098,1.79,2.1,0.04705146649434222,-0.04705146649434222,0.0348496940675711,0.02823800697200307,-0.06308770103957417
gbm_fixed,7,1208388,2025-05-20,crystalpalace,wolves,1,0.5870789110227819,,,,,,,
gbm_fixed,7,1208393,2025-05-25,bournemouth,leicester,0,0.5959316869435735,1.71,2.23,0.02994183922783744,-0.02994183922783744,0.03322581491096943,0.01113636530614659,-0.044362180217116076
gbm_fixed,7,1208397,2025-05-25,manutd,astonvilla,0,0.5898719270721128,,,,,,,
gbm_fixed,7,1208402,2025-05-25,wolves,brentford,1,0.5930152213918357,1.46,2.87,-0.06980233057121288,0.06980233057121277,0.03336356259844386,-0.09191628545747932,0.0585527228590354
gbm_fixed,7,1208398,2025-05-25,newcastle,everton,0,0.5688191447350726,2.13,1.76,0.11637698535203916,-0.11637698535203911,0.03766538625693561,0.09933557665995518,-0.1370009629168908
gbm_fixed,7,1208394,2025-05-25,fulham,mancity,0,0.6082472015556925,1.69,2.25,0.037181211707976725,-0.03718121170797667,0.0361604207758055,0.01653122522433148,-0.05269164600013687
gbm_fixed,7,1208401,2025-05-25,tottenham,brighton,1,0.5812147134277472,1.45,2.89,-0.08468390408377358,0.08468390408377358,0.03567593365946786,-0.10844045898604593,0.07276452532657807
gbm_fixed,7,1208395,2025-05-25,ipswich,westham,1,0.5841483475923575,1.56,2.53,-0.034433559498107114,0.034433559498107,0.03628255802168834,-0.056877293433283516,0.020594735411595066
gbm_fixed,7,1208399,2025-05-25,nottmforest,chelsea,0,0.5841904277879604,,,,,,,
gbm_fixed,7,1208396,2025-05-25,liverpool,crystalpalace,1,0.5974238772426246,,,,,,,
gbm_fixed,7,1208400,2025-05-25,southampton,arsenal,1,0.5822461032538048,1.88,1.97,0.07055779156549302,-0.07055779156549308,0.03952910681499078,0.0503312096367835,-0.08986031645177428
gbm_fixed,8,1378991,2025-08-30,chelsea,fulham,0,0.5770731770461953,1.83,2.03,0.0511664412949,-0.051166441294900056,0.03905892487011764,0.03062508961450139,-0.06968401448461903
gbm_fixed,8,1378994,2025-08-30,manutd,burnley,1,0.6257038863853296,1.83,2.04,0.09857210343959322,-0.09857210343959316,0.03664416586306651,0.07925579895363566,-0.11589996481670212
gbm_fixed,8,1378998,2025-08-30,wolves,everton,1,0.580845748776992,2.08,1.79,0.11831344903538998,-0.11831344903538998,0.039428448646325664,0.1000765180077613,-0.13950496665408696
gbm_fixed,8,1378997,2025-08-30,tottenham,bournemouth,0,0.5462073485434834,1.61,2.37,-0.04927003839118993,0.049270038391189985,0.04305894069240246,-0.0749106638788768,0.031851723186474445
gbm_fixed,8,1378996,2025-08-30,sunderland,brentford,1,0.6185298694662642,1.85,2.01,0.09780448086522797,-0.09780448086522803,0.0380529783514858,0.07798932892572374,-0.11604230727720954
gbm_fixed,8,1378992,2025-08-30,leeds,newcastle,0,0.6186013447633001,1.85,2.01,0.09787595616226386,-0.09787595616226391,0.0380529783514858,0.07806080422275963,-0.11611378257424543
gbm_fixed,8,1378990,2025-08-31,brighton,mancity,1,0.5326664145213434,1.52,2.6,-0.09840154664370515,0.09840154664370515,0.04251012145748989,-0.12522832232076186,0.08271820086327197
gbm_fixed,8,1378995,2025-08-31,nottmforest,westham,0,0.6056797206898498,,,,,,,
gbm_fixed,8,1378993,2025-08-31,liverpool,arsenal,0,0.5643664717836188,1.65,2.3,-0.01791200922903946,0.01791200922903946,0.040843214756258295,-0.041694134276987316,0.000850919520729021
gbm_fixed,8,1378989,2025-08-31,astonvilla,crystalpalace,0,0.5944646447751174,,,,,,,
gbm_fixed,8,1378999,2025-09-13,arsenal,nottmforest,0,0.5761732524908709,,,,,,,
gbm_fixed,8,1379007,2025-09-13,newcastle,wolves,0,0.6132393882035186,2.11,1.77,0.15705382119320943,-0.15705382119320932,0.038905400701529036,0.1393057389144191,-0.17821113961594803
gbm_fixed,8,1379000,2025-09-13,bournemouth,brighton,1,0.5311032292567994,1.49,2.67,-0.1107236938201237,0.11072369382012359,0.04567277480330789,-0.14003771034051604,0.09436493553720804
gbm_fixed,8,1379005,2025-09-13,fulham,leeds,0,0.5434819664453538,1.9,1.96,0.03570994571996522,-0.035709945719965275,0.036519871106337254,0.017166176971669667,-0.05368604807800692
gbm_fixed,8,1379004,2025-09-13,everton,astonvilla,0,0.6107968290569563,,,,,,,
gbm_fixed,8,1379003,2025-09-13,crystalpalace,sunderland,0,0.5905651369117908,,,,,,,
gbm_fixed,8,1379008,2025-09-13,westham,tottenham,0,0.5439442930064882,1.68,2.25,-0.028574790962977548,0.028574790962977437,0.03968253968253954,-0.051293802231607066,0.011611262549067414
gbm_fixed,8,1379001,2025-09-13,brentford,chelsea,1,0.6072204530394679,1.73,2.16,0.0519505301602905,-0.0519505301602905,0.04099764504388781,0.029185770958543023,-0.07018341600243083
gbm_fixed,8,1379002,2025-09-14,burnley,liverpool,0,0.5828380238408748,1.86,2.0,0.06470330881496811,-0.06470330881496805,0.037634408602150504,0.04520361523872429,-0.0828380238408748
gbm_fixed,8,1379006,2025-09-14,mancity,manutd,0,0.5612135154795681,1.56,2.48,-0.05264787065904564,0.05264787065904575,0.04425144747725396,-0.07981212554607287,0.03556067806881896
gbm_fixed,8,1379014,2025-09-20,liverpool,everton,1,0.6073575234428491,1.83,2.05,0.07900700797893156,-0.07900700797893168,0.03425296548047441,0.06090943601115517,-0.09516240149162963
gbm_fixed,8,1379018,2025-09-20,wolves,leeds,1,0.5857708459016433,1.95,1.92,0.08964681489389137,-0.08964681489389137,0.033653846153846256,0.07295033308113041,-0.10660417923497667
gbm_fixed,8,1379012,2025-09-20,burnley,nottmforest,1,0.5602447554423775,,,,,,,
gbm_fixed,8,1379017,2025-09-20,westham,crystalpalace,1,0.5952372101319543,,,,,,,
gbm_fixed,8,1379011,2025-09-20,brighton,tottenham,1,0.5346322307842082,1.58,2.49,-0.07716138100940362,0.07716138100940362,0.034517818107874465,-0.09827916162085504,0.06376134351298063
gbm_fixed,8,1379015,2025-09-20,manutd,chelsea,1,0.5988126192183689,1.52,2.65,-0.03667898749625942,0.03667898749625931,0.03525322740814296,-0.059082117623736385,0.023828890215593312
gbm_fixed,8,1379013,2025-09-20,fulham,brentford,1,0.583947592148967,1.85,2.03,0.060751715860307254,-0.0607517158603072,0.03315137797896428,0.043407051608426506,-0.07655842958739068
gbm_fixed,8,1379009,2025-09-21,arsenal,mancity,1,0.6299933377074557,1.7,2.23,0.06256331226216305,-0.06256331226216305,0.03666578739118975,0.04175804358980861,-0.07842383098099831
gbm_fixed,8,1379010,2025-09-21,bournemouth,newcastle,0,0.6183135396582525,1.68,2.27,0.04362999535445511,-0.04362999535445505,0.035766729599328695,0.0230754444201573,-0.05884217401948599
gbm_fixed,8,1379016,2025-09-21,sunderland,astonvilla,1,0.619138810371413,,,,,,,
gbm_fixed,8,1379020,2025-09-27,brentford,manutd,1,0.5924992401434237,1.55,2.56,-0.03037180608528678,0.030371806085286723,0.035786290322580516,-0.05266205017915693,0.0168757598565763
gbm_fixed,8,1379021,2025-09-27,chelsea,brighton,1,0.530430032949757,1.61,2.42,-0.07006624496587566,0.07006624496587577,0.034341152918228035,-0.09068797947260321,0.05634682655437523
gbm_fixed,8,1379025,2025-09-27,mancity,burnley,1,0.6224947534539212,2.14,1.75,0.17262328815829142,-0.17262328815829142,0.03871829105473967,0.15520503382775303,-0.19392332488249264
gbm_fixed,8,1379022,2025-09-27,crystalpalace,liverpool,1,0.5931222383938699,,,,,,,
gbm_fixed,8,1379024,2025-09-27,leeds,bournemouth,1,0.5782152733759378,1.79,2.11,0.03718963235029682,-0.037189632350296764,0.03259286716619458,0.019556055498842873,-0.052148922665037345
gbm_fixed,8,1379027,2025-09-27,nottmforest,sunderland,0,0.5644499458148867,,,,,,,
gbm_fixed,8,1379028,2025-09-27,tottenham,wolves,1,0.6361425831662275,1.9,1.97,0.12709865551764876,-0.12709865551764865,0.0339300026716538,0.10982679369254333,-0.14375679636419703
gbm_fixed,8,1379019,2025-09-28,astonvilla,fulham,1,0.5640892887784335,,,,,,,
gbm_fixed,8,1379026,2025-09-28,newcastle,arsenal,1,0.6139052952611772,1.95,1.92,0.11778126425342528,-0.11778126425342528,0.033653846153846256,0.10108478244066432,-0.13473862859451058
gbm_fixed,8,1379023,2025-09-29,everton,westham,1,0.6162075174235683,1.9,1.97,0.10716358977498952,-0.10716358977498941,0.0339300026716538,0.08989172794988409,-0.12382173062153778
gbm_fixed,8,1379031,2025-10-03,bournemouth,fulham,1,0.602891589528918,1.91,1.96,0.09643164120850456,-0.09643164120850456,0.03376429105673684,0.0793313801048342,-0.11309567116157104
gbm_fixed,8,1379035,2025-10-04,leeds,tottenham,1,0.583867360769046,1.74,2.18,0.027744911789454152,-0.027744911789454207,0.03342824000843603,0.009154717090885112,-0.042582957099321195
gbm_fixed,8,1379036,2025-10-04,manutd,sunderland,0,0.6109844850693816,1.78,2.12,0.06739474147963798,-0.06739474147963803,0.03349586601653587,0.04918673226039283,-0.08268259827692875
gbm_fixed,8,1379029,2025-10-04,arsenal,westham,0,0.6270724632770154,2.23,1.69,0.1959500142974236,-0.19595001429742354,0.040146469604903645,0.17864197000347276,-0.21878843960837635
gbm_fixed,8,1379033,2025-10-04,chelsea,liverpool,1,0.5715381560047824,1.49,2.75,-0.07704674965559499,0.07704674965559494,0.03477730323367911,-0.09960278359253305,0.06482548035885394
gbm_fixed,8,1379037,2025-10-05,newcastle,nottmforest,0,0.5823459173120431,,,,,,,
gbm_fixed,8,1379038,2025-10-05,wolves,brighton,1,0.5874781168086107,1.74,2.19,0.030226208411664124,-0.030226208411664235,0.031333648244370904,0.012765473130449845,-0.044099121374820804
gbm_fixed,8,1379034,2025-10-05,everton,crystalpalace,1,0.5864404193020181,,,,,,,
gbm_fixed,8,1379030,2025-10-05,astonvilla,burnley,1,0.5962454791500832,,,,,,,
gbm_fixed,8,1379032,2025-10-05,brentford,mancity,0,0.6370976341932455,1.68,2.27,0.06241408988944808,-0.06241408988944802,0.035766729599328695,0.041859538955150266,-0.07762626855447896
gbm_fixed,8,1379041,2025-10-18,crystalpalace,bournemouth,1,0.5942246421738828,,,,,,,
gbm_fixed,8,1379044,2025-10-18,mancity,everton,0,0.636891693831944,1.92,1.95,0.13301572483969593,-0.13301572483969593,0.033653846153846256,0.11605836049861062,-0.14971220665245688
gbm_fixed,8,1379046,2025-10-18,sunderland,wolves,0,0.5997530022471855,2.02,1.85,0.1217168265365911,-0.12171682653659122,0.035590045491035394,0.10470349729669048,-0.140293542787726
gbm_fixed,8,1379045,2025-10-18,nottmforest,chelsea,0,0.5399325293207967,,,,,,,
gbm_fixed,8,1379042,2025-10-18,fulham,arsenal,0,0.6111456990818126,2.12,1.78,0.1547354426715562,-0.15473544267155626,0.03349586601653587,0.13944758587426548,-0.1729434518908014
gbm_fixed,8,1379039,2025-10-18,brighton,newcastle,1,0.5406171605427116,1.65,2.33,-0.0448099751356803,0.04480997513568041,0.03524515541682938,-0.0654434455178945,0.030198290101065228
gbm_fixed,8,1379040,2025-10-18,burnley,leeds,0,0.6110771374947099,2.03,1.85,0.1342730137833697,-0.13427301378336964,0.03315137797896428,0.11846630005628622,-0.1516176780352504
gbm_fixed,8,1379047,2025-10-19,tottenham,astonvilla,1,0.6419539562396382,,,,,,,
gbm_fixed,8,1379043,2025-10-19,liverpool,manutd,1,0.5776121197064278,1.53,2.64,-0.05548140547342839,0.055481405473428336,0.03238265002970886,-0.07598265153540229,0.04360000150569343
gbm_fixed,8,1379048,2025-10-20,westham,brentford,0,0.5724123718314896,1.69,2.25,0.0013463819837739033,-0.0013463819837738478,0.0361604207758055,-0.01930360449987134,-0.01685681627593405
gbm_fixed,8,1379055,2025-10-24,leeds,westham,1,0.5888939417270956,1.9,1.97,0.07985001407851688,-0.07985001407851677,0.0339300026716538,0.06257815225341146,-0.09650815492506515
gbm_fixed,8,1379057,2025-10-25,newcastle,fulham,1,0.5919235272030113,1.85,2.03,0.06872765091435162,-0.06872765091435157,0.03315137797896428,0.051382986662470875,-0.08453436464143504
gbm_fixed,8,1379053,2025-10-25,chelsea,sunderland,1,0.6092219520740226,2.02,1.86,0.12984050877505354,-0.1298405087750536,0.03268391355264555,0.11417244712352759,-0.14685636067617314
gbm_fixed,8,1379056,2025-10-25,manutd,brighton,1,0.55449629906209,1.5,2.74,-0.09173011603224956,0.09173011603224968,0.031630170316301776,-0.11217036760457666,0.080540197288275
gbm_fixed,8,1379052,2025-10-25,brentford,liverpool,1,0.5855362319058185,1.54,2.61,-0.04337943074478379,0.04337943074478395,0.03249241180275675,-0.06381441744483085,0.03132200564207421
gbm_fixed,8,1379051,2025-10-26,bournemouth,nottmforest,0,0.5974697344907266,,,,,,,
gbm_fixed,8,1379058,2025-10-26,wolves,burnley,1,0.5828736994249907,2.08,1.81,0.11757806960493927,-0.11757806960493933,0.033255418614534626,0.10210446865575995,-0.13535988727029458
gbm_fixed,8,1379049,2025-10-26,arsenal,crystalpalace,0,0.6020913839964177,,,,,,,
gbm_fixed,8,1379050,2025-10-26,astonvilla,mancity,0,0.6050028542696639,,,,,,,
gbm_fixed,8,1379054,2025-10-26,everton,tottenham,0,0.6123357212520424,1.75,2.17,0.05876429268061378,-0.05876429268061384,0.032258064516129004,0.04090714982347099,-0.0731652143396
