tree
version=v4
num_class=1
num_tree_per_iteration=1
label_index=0
max_feature_idx=25
objective=binary sigmoid:1
feature_names=p_win_lgbm p_win_logistic_pra p_implied edge_phase25 edge_prob_lgbm edge_prob_logistic market_is_points market_is_rebounds market_is_assists side_is_over side_is_under line odds home rest_days games_played L5_pra L10_pra L999_pra opp_def_L5_pra_allowed opp_def_L10_pra_allowed volatility_pra_L10 consistency_pra logistic_assists_055_gate lgbm_points_060_gate lgbm_rebounds_052_gate
feature_infos=[0.18513224883209803:0.82081278432636506] [0.0028625615134131328:0.99748983134254976] [0.35714285714285715:0.70414201183431957] none [-0.41164194471628912:0.33487969649371724] [-0.65469047102586564:0.5974243652894391] [0:1] [0:1] [0:1] [0:1] [0:1] [0.5:35.5] [-238:180] [0:1] [1:269] [1:215] [2.6000000000000001:58.600000000000001] [4.7000000000000002:57.600000000000001] [5.6835443037974684:49] [2.7999999999999998:31.800000000000001] [6.7999999999999998:26.600000000000001] none none [0:1] [0:1] [0:1]
tree_sizes=3458 3454 3452 3438 3495 3439 3456 3500 3480 3467 3459 3464 3463 3458 3456 3465 3448 3454 3500 3466 3497 3467 3434 3451 3438 3483 3473 3461 3459 3473 3463

Tree=0
num_leaves=31
num_cat=0
split_feature=0 0 0 0 0 0 0 2 7 5 19 7 5 5 16 1 0 1 5 2 1 11 11 15 11 2 0 16 0 4
split_gain=7245.35 1546.51 721.517 187.332 145.398 129.926 49.4157 46.5691 40.0915 33.0124 25.8333 23.8494 27.9065 22.854 25.4339 25.4613 22.8269 22.1546 20.7366 18.0664 17.0448 16.3634 15.1002 14.0779 13.7722 13.6696 13.7404 13.6217 12.9739 11.6907
threshold=0.50565907482880046 0.47071989704091849 0.54282103679125904 0.45011335260256963 0.51992649415436409 0.48823268548261867 0.58210630470043057 0.57805155960689369 1.0000000180025095e-35 0.33880564865715607 29.600000000000005 1.0000000180025095e-35 -0.34495149385354845 0.45511368848659206 25.700000000000006 0.12986761710273673 0.42602212109347842 0.026399945119700344 0.43117192676549715 0.48662088562633204 0.93645188757987829 7.0000000000000009 4.0000000000000009 77.500000000000014 4.0000000000000009 0.49752475247524758 0.48222355846276221 29.100000000000005 0.52957317017985461 -0.050547515765919475
decision_type=2 2 2 2 2 2 2 2 2 2 2 2 2 2 2 2 2 2 2 2 2 2 2 2 2 2 2 2 2 2
left_child=1 3 4 16 8 18 10 11 19 27 -4 29 -13 14 15 -6 -1 -5 25 23 -19 -11 -21 -2 -9 -3 -27 -10 -16 -7
right_child=2 5 6 17 13 7 -8 24 9 21 -12 12 -14 -15 28 -17 -18 20 -20 22 -22 -23 -24 -25 -26 26 -28 -29 -30 -31
leaf_value=-0.090466373094473945 0.040938289295804148 -0.04090463935582446 0.076140391465944701 -0.014122984470868741 0.027834794226500273 -0.0034760234945249357 0.094081698815844272 0.02457304182333123 0.041136821946904933 0.025774646079263552 -0.010862986354318023 0.011384382866887061 -0.014930597065659286 0.022009871399650993 0.051391182691059828 0.053068093825411222 -0.076515694039364299 -0.051547450289952723 -0.049722690348279704 0.037461063455416992 -0.071005291579598645 -0.023931237781190051 0.015586370685055282 -0.012355134859627664 0.0015339139626887066 -0.029018686232959369 -0.014564883788311285 0.070542504586539975 0.068933971962757482 -0.017089460590026546
leaf_weight=761.49277821183205 14.49791483581066 138.4917102009058 794.60775111615658 34.496999397873878 159.72925007343292 203.4800637960434 624.12687359750271 134.98291182518005 132.23103009164333 61.242167919874191 8.4992371350526792 240.47279115021229 173.23504784703255 67.241659343242645 198.96938368678093 273.95738127827644 498.48820102214813 585.47126542031765 108.99445651471615 94.986726149916649 142.74582967162132 22.498270839452744 479.9436497092247 81.242778211832047 125.73703129589558 445.71790881454945 263.97711405158043 57.739981040358543 238.70900872349739 717.43963195383549
leaf_count=3046 58 554 3179 138 639 814 2497 540 529 245 34 962 693 269 796 1096 1994 2342 436 380 571 90 1920 325 503 1783 1056 231 955 2870
internal_value=0.000312423 -0.0404536 0.0566582 -0.073109 0.0363275 -0.0145727 0.0834733 -0.00583029 0.0224629 0.0385998 0.0752122 -0.00960818 0.000352233 0.0502682 0.0524403 0.0437946 -0.0849575 -0.0535205 -0.0291366 0.0158649 -0.0553777 0.0123478 0.0192149 -0.00419871 0.0134859 -0.0264797 -0.0236524 0.050133 0.0609839 -0.0140877
internal_weight=7885.45 4575.22 3310.22 2022.7 1882.99 2552.53 1427.23 1595.35 944.383 273.711 803.107 1334.63 413.708 938.607 871.365 433.687 1259.98 762.714 957.181 670.671 728.217 83.7404 574.93 95.7407 260.72 848.187 709.695 189.971 437.678 920.92
internal_count=31545 18302 13243 8091 7533 10211 5710 6382 3778 1095 3213 5339 1655 3755 3486 1735 5040 3051 3829 2683 2913 335 2300 383 1043 3393 2839 760 1751 3684
is_linear=0
shrinkage=1


Tree=1
num_leaves=31
num_cat=0
split_feature=0 0 0 0 0 0 0 2 7 5 0 18 7 5 5 0 19 1 2 1 18 1 11 5 0 18 19 1 17 1
split_gain=6545.39 1400.79 654.991 144.527 138.192 93.8358 71.4857 42.0391 36.2299 29.8399 26.7624 22.5957 21.5266 25.1882 21.2542 20.7737 19.6321 16.707 16.3051 15.8293 15.4573 14.9705 14.7774 14.7696 14.5543 17.2527 15.5536 13.3306 13.0491 24.6373
threshold=0.50565907482880046 0.46900711473343676 0.53321262476242948 0.45011335260256963 0.48823268548261867 0.55157654133753875 0.51992649415436409 0.57805155960689369 1.0000000180025095e-35 0.33880564865715607 0.59097673031642073 26.376908179539765 1.0000000180025095e-35 -0.34495149385354845 0.43117192676549715 0.42602212109347842 29.600000000000005 0.93645188757987829 0.48662088562633204 0.97418079884459863 37.597398030942344 0.066713213816852079 7.0000000000000009 -0.47441908461895904 0.48222355846276221 12.111007462686569 25.700000000000006 0.025186294880903442 20.250000000000004 0.12986761710273673
decision_type=2 2 2 2 2 2 2 2 2 2 2 2 2 2 2 2 2 2 2 2 2 2 2 2 2 2 2 2 2 2
left_child=1 3 6 15 14 23 8 12 18 11 16 -10 -6 -14 24 -1 -7 27 -2 28 -21 -20 -11 -4 25 -3 -26 -5 29 -8
right_child=2 4 5 17 7 10 19 -9 9 22 -12 -13 13 -15 -16 -17 -18 -19 21 20 -22 -23 -24 -25 26 -27 -28 -29 -30 -31
leaf_value=-0.086316332261228562 -0.0041783193545947353 0.01327196976821673 0.076480615168156865 -0.012184505963166307 -0.01357774015554588 0.076703380693993906 -0.00010809969019444613 0.012620852791441645 0.032745161281959326 0.024298839900385484 0.091154268458081555 0.067926779214835975 0.01062249062993915 -0.014378575450848247 -0.049235519610471096 -0.072992513320367033 -0.0067383145884162068 -0.068482225155544654 0.031713119910010044 -0.013378473197423439 0.078208873161734693 0.013260862435226048 -0.022936601649230465 0.054390243218137527 -0.020424011638660748 -0.032630602817053482 0.028865256461892409 -0.050079684618688697 0.049981407780562231 0.044946416800647579
leaf_weight=759.93686026334763 95.731521010398865 20.991353332996368 91.874017536640167 24.746579006314278 920.86671191453934 677.80591201782227 41.487079352140427 260.69950291514397 110.68058055639267 61.231999129056931 508.27303439378738 79.16273421049118 240.46500092744827 173.22539694607258 117.16861006617546 497.75930106639862 6.996407911181449 130.33194288611412 149.21645137667656 21.487677618861202 5.7456885427236548 425.6514714807272 22.495050013065338 493.91259364783764 298.19289863109589 594.27891084551811 16.745738595724106 516.63596080243587 404.42499589920044 110.65677633881569
leaf_count=3046 383 84 368 99 3684 2716 166 1043 443 245 2038 317 962 693 469 1994 28 522 597 86 23 1703 90 1978 1193 2378 67 2068 1619 443
internal_value=0.000103773 -0.0386528 0.0536899 -0.0710421 -0.0150014 0.0743152 0.0296714 -0.0057322 0.0211532 0.0364988 0.082377 0.0474699 -0.00932181 0.000140717 -0.0291127 -0.0810534 0.0758427 -0.0522808 0.014881 0.0434332 0.00597711 0.0180638 0.0115362 0.0578759 -0.0265676 -0.0310545 -0.017779 -0.0483593 0.0452555 0.032636
internal_weight=7878.88 4572.04 3306.83 1929.41 2642.63 1778.86 1527.97 1595.26 944.17 273.57 1193.08 189.843 1334.56 413.69 1047.38 1257.7 684.802 671.714 670.599 583.802 27.2334 574.868 83.727 585.787 930.209 615.27 314.939 541.383 556.569 152.144
internal_count=31545 18302 13243 7729 10573 7128 6115 6382 3778 1095 4782 760 5339 1655 4191 5040 2744 2689 2683 2337 109 2300 335 2346 3722 2462 1260 2167 2228 609
is_linear=0
shrinkage=0.05


Tree=2
num_leaves=31
num_cat=0
split_feature=0 0 0 0 0 0 0 2 7 11 19 7 0 1 1 2 2 1 2 14 1 1 18 15 15 1 0 11 1 18
split_gain=5923.05 1274.61 599.634 155.651 118.6 105.562 41.6998 37.9477 32.8204 22.0133 21.9829 19.431 19.2219 18.6189 18.1801 17.569 16.115 15.432 15.1375 16.7116 14.1431 14.1383 13.3609 12.9567 12.7911 12.6129 16.4364 12.6002 21.3888 20.0788
threshold=0.50565907482880046 0.47071989704091849 0.54282103679125904 0.45011335260256963 0.51992649415436409 0.48823268548261867 0.58210630470043057 0.57805155960689369 1.0000000180025095e-35 7.0000000000000009 29.600000000000005 1.0000000180025095e-35 0.42602212109347842 0.026399945119700344 0.11795133246799704 0.56331045003813884 0.47394429469901173 0.95588798176469714 0.61685261303581929 5.5000000000000009 0.87827415424679134 0.93645188757987829 12.111007462686569 173.50000000000003 107.50000000000001 0.061399550519799076 0.5239346418766363 6.0000000000000009 0.12986761710273673 15.337301587301591
decision_type=2 2 2 2 2 2 2 2 2 2 2 2 2 2 2 2 2 2 2 2 2 2 2 2 2 2 2 2 2 2
left_child=1 3 4 12 8 15 10 11 18 16 -4 -7 -1 -5 -13 17 -10 23 19 -2 -11 -15 -17 -3 -24 26 -6 29 -29 -27
right_child=2 5 6 13 25 7 -8 -9 9 20 -12 14 -14 21 -16 22 -18 -19 -20 -21 -22 -23 24 -25 -26 27 -28 28 -30 -31
leaf_value=-0.082485638083136276 0.014269885457302787 -0.025856902418690667 0.068965300058296194 -0.012551387566039865 0.0291780609050049 -0.012900797049033477 0.08550282787593394 0.011991584837240435 0.010290805303241023 0.030068884752591136 -0.011262862460230449 0.010306468541873033 -0.06963655155166032 -0.046900077588622253 -0.010662710857769646 0.054909717144111331 0.048489495308377817 -0.052175449625622539 0.056975947735774295 -0.031176669303432686 -0.017479500514078265 -0.064669263371976718 -0.030163475507481892 -0.054281309331174234 -0.0048432054157737259 0.013026781337927083 0.06731507156997292 0.021892258159393604 0.044740886883541199 0.055064474514788013
leaf_weight=755.57407256960869 629.71900805830956 630.85246448218822 790.28822545707226 34.484129801392555 37.90322233736515 920.73625081777573 618.95624084770679 260.66697861254215 33.189767420291901 34.650328829884529 8.4970385134220106 213.19947224855423 495.71290558576584 584.02485574781895 200.44206286966801 6.7482116371393195 177.11332167685032 71.86550384759903 19.983587473630905 20.741715610027313 28.221249863505363 142.07589319348335 89.181129023432732 43.211263731122017 114.40871918201447 32.172844842076302 120.29219916462898 151.96824273467064 323.08691364526749 270.73149521648884
leaf_count=3046 2520 2526 3179 138 152 3684 2497 1043 133 139 34 853 1994 2342 802 27 710 288 80 83 113 571 357 173 458 129 483 609 1296 1086
internal_value=9.91154e-05 -0.0367953 0.0511556 -0.0665531 0.0326314 -0.0133257 0.0757092 -0.0054462 0.0201091 0.0347285 0.0681043 -0.00885701 -0.0774053 -0.0486851 0.000133035 -0.0264615 0.0424925 -0.0300662 0.0141407 0.0128084 0.00865251 -0.0503923 -0.0136457 -0.0276943 -0.0159685 0.0452446 0.0582333 0.0425898 0.0374484 0.0506217
internal_weight=7860.7 4563.18 3297.52 2011.87 1879.77 2551.31 1417.74 1595.04 943.619 273.175 798.785 1334.38 1251.29 760.585 413.642 956.267 210.303 745.929 670.444 650.461 62.8716 726.101 210.338 674.064 203.59 936.155 158.195 777.959 475.055 302.904
internal_count=31545 18302 13243 8091 7533 10211 5710 6382 3778 1095 3213 5339 5040 3051 1655 3829 843 2987 2683 2603 252 2913 842 2699 815 3755 635 3120 1905 1215
is_linear=0
shrinkage=0.05


Tree=3
num_leaves=31
num_cat=0
split_feature=0 0 0 0 0 0 0 2 7 19 11 15 0 7 1 2 2 1 2 0 1 1 11 15 0 1 0 15 1 1
split_gain=5367.62 1165.57 551.807 122.816 112.614 107.845 39.1141 34.2568 29.7713 20.0731 19.9464 18.1795 18.0379 16.3812 16.0694 14.7098 14.6214 14.0138 13.9449 15.1383 13.583 13.2342 12.4447 12.0272 11.7342 11.5433 15.0244 11.5204 11.7313 11.3739
threshold=0.50565907482880046 0.46900711473343676 0.54282103679125904 0.45011335260256963 0.48823268548261867 0.51992649415436409 0.58210630470043057 0.57805155960689369 1.0000000180025095e-35 29.600000000000005 7.0000000000000009 22.500000000000004 0.42602212109347842 1.0000000180025095e-35 0.95588798176469714 0.50247524752475259 0.47394429469901173 0.93645188757987829 0.48662088562633204 0.48333884748591666 0.066713213816852079 0.95507865849541462 4.0000000000000009 45.500000000000007 0.47864559323932682 0.061399550519799076 0.5239346418766363 23.500000000000004 0.063866234497295629 0.020842808458223023
decision_type=2 2 2 2 2 2 2 2 2 2 2 2 2 2 2 2 2 2 2 2 2 2 2 2 2 2 2 2 2 2
left_child=1 3 5 12 14 8 9 11 15 -4 16 -6 -1 -13 18 -2 -10 29 23 -20 -17 -12 -9 -3 -16 26 -7 -27 -29 -5
right_child=2 4 6 17 7 25 -8 22 10 -11 21 13 -14 -15 24 20 -18 -19 19 -21 -22 -23 -24 -25 -26 27 -28 28 -30 -31
leaf_value=-0.079084130318602688 0 0.027626989244715346 0.065938613731449422 -0.0023614699669248463 0.039352217836840259 0.027769453333077218 0.08202979380489997 0.021936073144142251 0.0097820086516950192 -0.010706359814674538 0.015782380583110222 -0.012863945349287385 -0.066590524757673047 -0.00077267834914567077 -0.065982762853686996 0.031093853638382359 0.046190681348891101 -0.062422819246926622 -0.026009533201843356 -0.010649185521675568 0.012618411023907953 -0.061658801073017591 3.44534314669256e-05 -0.041205294501973515 -0.02906698508274673 -0.0045435168753239653 0.064287133865418164 -0.0041214995638840365 0.042226217755151188 -0.045189161755111243
leaf_weight=748.83787524700165 156.68291041254997 6.4778535217046729 785.36098472774029 16.242291316390038 19.489749804139137 37.841201409697533 613.05259028077126 134.90130990743637 33.175850331783295 8.4969659149646741 56.811337158083916 908.29052890837193 492.55087029933929 406.33880266547203 42.039758235216141 136.08620239794254 176.64778782427311 129.14590859413147 579.9625059068203 223.76225666701794 377.46702720224857 5.9935901761054984 125.71554611623287 147.06386353075504 46.061521008610725 13.682872489094732 119.67967002093792 13.689496546983717 748.57339772582054 522.65770529210567
leaf_count=3046 627 26 3179 65 78 152 2497 540 133 34 228 3635 1994 1626 169 545 710 522 2325 896 1511 24 503 590 185 55 483 55 3010 2102
internal_value=9.47739e-05 -0.0350661 0.0488177 -0.0648244 -0.01354 0.0310607 0.072492 -0.00517476 0.0191208 0.0651107 0.0330625 -0.00841588 -0.0741368 -0.0091308 -0.026295 0.0134383 0.0404652 -0.0475038 -0.0243985 -0.0217412 0.017529 0.00822627 0.0113945 -0.0382527 -0.0467938 0.0431122 0.0555694 0.04057 0.0413869 -0.0439083
internal_weight=7832.78 4549.54 3283.24 1909.43 2640.1 1876.33 1406.91 1594.74 942.865 793.858 272.629 1334.12 1241.39 1314.63 1045.37 670.236 209.824 668.046 957.266 803.725 513.553 62.8049 260.617 153.542 88.1013 933.467 157.521 775.946 762.263 538.9
internal_count=31545 18302 13243 7729 10573 7533 5710 6382 3778 3213 1095 5339 5040 5261 4191 2683 843 2689 3837 3221 2056 252 1043 616 354 3755 635 3120 3065 2167
is_linear=0
shrinkage=0.05


Tree=4
num_leaves=31
num_cat=0
split_feature=4 2 2 4 4 4 2 4 25 2 4 2 2 2 4 2 4 4 4 4 4 2 4 4 4 5 2 2 4 2
split_gain=2180.61 699.312 574.166 493.799 438.057 331.698 178.125 172.228 155.366 142.095 160.156 127.345 124.275 90.1301 156.313 83.0967 74.9439 66.0205 48.4279 46.8253 33.5745 33.2283 33.1713 32.6247 30.5881 30.2114 28.3482 23.4268 22.0842 21.7848
threshold=-0.028511057337200853 0.52152014652014667 0.54750204750204767 -0.11431389478301295 0.047275423361935499 -0.062390026693129728 0.45663052543786492 0.013255813265475149 1.0000000180025095e-35 0.48900047824007659 0.0098982023735578756 0.61685261303581929 0.52152014652014667 0.58158263305322144 -0.069001490896758153 0.55255255255255264 0.0091254390096003907 0.079200027187274133 -0.016244859883931814 -0.14224914735103694 -0.16882577210718291 0.58158263305322144 -0.069853073647098265 -0.090712662118952639 -0.0086297545453181117 -0.50250986192937741 0.53808406229997874 0.47394429469901173 0.082821982575150568 0.49752475247524758
decision_type=2 2 2 2 2 2 2 2 2 2 2 2 2 2 2 2 2 2 2 2 2 2 2 2 2 2 2 2 2 2
left_child=2 4 5 11 9 23 17 15 13 16 24 19 29 14 -5 18 -2 -6 -3 -4 -13 -21 -15 -1 -11 -25 -14 -18 -8 -7
right_child=1 7 3 8 6 12 28 -9 -10 10 -12 20 26 22 -16 -17 27 -19 -20 21 -22 -23 -24 25 -26 -27 -28 -29 -30 -31
leaf_value=-0.074917520141999344 -0.046151789989706676 0.013261038178051155 -0.071680661572693052 -0.02803363996818934 -0.0080984001679023226 -0.067846373079442857 0.052197236954614472 0.073856744445744846 0.057707844705134639 -0.019789501541966355 0.037536049944130886 -0.043638519067821624 -0.018866355652036541 0.015361171918395717 0.013696616450641373 0.063758048134953435 -0.02021712694500967 0.043040110603844842 0.04110529712418539 -0.059954475476558945 0.017639955039192474 -0.022232372238942689 0.054192497185633175 -0.010012421523013612 0.0038272892170702136 -0.05991783117300159 0.0036774861209408552 0.0025002380088288514 0.07536045278134014 -0.040393860386224584
leaf_weight=504.21222305297852 220.97163996100426 257.44804273545742 253.10793972015381 433.3924595117569 169.44619382917881 105.19373682141304 225.71038633584976 618.34119413793087 142.14694748818874 268.47520650923252 303.35677017271519 30.150603845715523 425.0788459777832 395.39699293673038 465.00149548053741 257.50836771726608 273.01701867580414 100.34504501521587 399.85688762366772 114.11379733681679 85.456601068377495 121.00647847354412 64.004641085863113 33.026601329445839 279.44866342842579 415.0975134819746 206.95935072004795 193.51690958440304 195.51108953356743 240.35582546889782
leaf_count=2071 893 1033 1039 1743 679 430 918 2539 576 1076 1225 123 1705 1586 1865 1050 1096 407 1615 466 343 487 260 133 1120 1687 829 776 805 970
internal_value=9.06028e-05 0.0274683 -0.0254482 -0.0073769 0.00959157 -0.0451435 0.0426604 0.0534623 0.00799044 -0.00525698 0.00839285 -0.0455531 -0.0246724 0.002778 -0.00642971 0.0396653 -0.0221645 0.0109122 0.0302108 -0.0567246 0.00159128 -0.0405795 0.0207927 -0.0661474 -0.00773699 -0.056254 -0.0114771 -0.0107848 0.0629757 -0.0487828
internal_weight=7796.66 3762.95 4033.7 2103.78 2229.8 1929.92 691.013 1533.15 1499.94 1538.79 851.281 603.835 977.588 1357.8 898.394 914.813 687.506 269.791 657.305 488.228 115.607 235.12 459.402 952.336 547.924 448.124 632.038 466.534 421.221 345.55
internal_count=31545 15232 16313 8488 8995 7825 2809 6237 6030 6186 3421 2458 3934 5454 3608 3698 2765 1086 2648 1992 466 953 1846 3891 2196 1820 2534 1872 1723 1400
is_linear=0
shrinkage=0.05


Tree=5
num_leaves=31
num_cat=0
split_feature=0 0 0 0 0 0 1 0 1 2 2 7 1 18 17 7 18 1 15 1 11 18 1 0 19 17 1 19 0 11
split_gain=4384.77 994.458 514.218 109.88 98.7888 96.6687 42.7645 39.3778 38.5639 32.8749 30.3712 22.8954 18.3483 17.4672 16.6427 16.0379 15.3208 13.9601 13.342 13.005 14.7968 17.3054 13.8349 12.4668 12.1543 14.2225 11.9362 11.5128 10.4309 9.84854
threshold=0.50512245855676807 0.46900711473343676 0.54282103679125904 0.44169440299754764 0.51992649415436409 0.48430076625340218 0.95975399706698783 0.58210630470043057 0.96939881515480397 0.57805155960689369 0.48662088562633204 1.0000000180025095e-35 0.026399945119700344 11.398100931950063 45.300000000000004 1.0000000180025095e-35 36.673710317460326 0.93645188757987829 112.50000000000001 0.062318507649744136 6.0000000000000009 12.35077639751553 0.19016110914635745 0.525142130124571 8.3000000000000025 22.650000000000002 0.20017002693012267 29.600000000000005 0.40277766048750324 4.0000000000000009
decision_type=2 2 2 2 2 2 2 2 2 2 2 2 2 2 2 2 2 2 2 2 2 2 2 2 2 2 2 2 2 2
left_child=1 3 4 28 8 13 9 27 10 15 16 -12 -5 -3 -8 -7 -2 26 -10 23 21 -21 -22 -6 25 -15 -14 -4 -1 -11
right_child=2 5 7 12 19 6 14 -9 18 29 11 -13 17 24 -16 -17 -18 -19 -20 20 22 -23 -24 -25 -26 -27 -28 -29 -30 -31
leaf_value=-0.077530929550969185 -0.0077055531531857041 0.022478472110582626 0.060308834178070009 -0.014840922132203657 0.02966655478750406 -0.011094581739323098 -0.040103627267092185 0.076918794389208858 -0.053081445048343702 0.020133021981437727 0.016375756925782105 0.03552846768232247 -0.051348023823799362 0.056112180210949603 0.048156893766623771 0.00017503540829155116 0.046659289485516744 -0.061810119628328858 0 -0.008719990228869207 0.018708767804701897 0.047151701417055339 0.03673449754334427 0.060945519358093461 -0.029347744582597864 -0.02143140290224281 -0.037507818098483123 0.00028662468197705959 -0.067028252450374179 0.0014570841608188391
leaf_weight=428.65937301516533 137.25351609289646 17.207576170563698 768.07943005859852 42.354038715362549 46.312225744128227 939.90476052463055 108.7970757484436 589.02864018082619 25.204941481351852 149.72546821832657 540.65413205325603 220.66654950380325 372.55679194629192 8.9496053010225314 5.4839694648981085 474.02413029968739 14.199185863137243 167.21439947187901 22.46565842628479 14.375676602125166 169.98821683228016 286.66878175735474 293.16832438111305 110.09924808144569 753.8141585290432 16.890812247991562 277.93815152347088 8.2431768178939802 585.45815385878086 134.67529185116291
leaf_count=1788 550 69 3164 171 187 3764 436 2463 101 600 2167 890 1516 36 22 1898 57 686 90 58 686 1163 1188 450 3034 68 1132 33 2428 539
internal_value=-0.000488436 -0.0325321 0.0437656 -0.0603173 0.0268052 -0.0125727 -0.00618765 0.0671247 0.0155758 -0.00419102 0.0178695 0.0219376 -0.0471429 -0.0270878 -0.0357862 -0.00731313 -0.00254826 -0.0488079 -0.0281837 0.0385122 0.0357917 0.0444651 0.0301349 0.0517409 -0.028191 0.00534518 -0.0454489 0.0596781 -0.0714798 0.0113104
internal_weight=7730.06 4483.65 3246.41 1874.18 1881.06 2609.47 1812.61 1365.35 960.444 1698.33 912.773 761.321 860.063 796.862 114.281 1413.93 151.453 817.709 47.6706 920.612 764.201 301.044 463.157 156.411 779.655 25.8404 650.495 776.323 1014.12 284.401
internal_count=31434 18187 13247 7721 7587 10466 7259 5660 3855 6801 3664 3057 3505 3207 458 5662 607 3334 191 3732 3095 1221 1874 637 3138 104 2648 3197 4216 1139
is_linear=0
shrinkage=0.05


Tree=6
num_leaves=31
num_cat=0
split_feature=0 0 0 0 0 0 0 2 5 7 5 7 16 0 18 16 18 18 18 0 0 2 18 5 0 4 0 5 15 5
split_gain=3985.54 917.482 479.865 104.485 90.2735 88.7117 37.9635 32.9882 32.658 25.4672 22.4394 21.288 21.1237 20.654 19.0668 18.5302 19.2188 15.568 13.8172 14.8455 13.3759 11.7128 11.6846 11.5474 13.0186 10.6684 10.2126 9.63017 9.56708 9.46821
threshold=0.50512245855676807 0.46900711473343676 0.54282103679125904 0.44169440299754764 0.51992649415436409 0.48823268548261867 0.58210630470043057 0.57536963577353062 0.43997094876032139 1.0000000180025095e-35 0.45188345272135505 1.0000000180025095e-35 25.700000000000006 0.49583588533056305 27.574481458202392 31.500000000000004 38.757978723404264 31.150268817204303 11.398100931950063 0.48222355846276221 0.50267160226232266 0.48662088562633204 39.199735449735456 -0.49205993757558436 0.45011335260256963 0.030073522355411168 0.4164577177378409 0.2968137260833183 48.500000000000007 0.40357096461643249
decision_type=2 2 2 2 2 2 2 2 2 2 2 2 2 2 2 2 2 2 2 2 2 2 2 2 2 2 2 2 2 2
left_child=1 3 4 26 8 18 -4 11 9 21 12 20 14 -13 -6 -10 -17 -11 -3 29 -7 -2 -12 -5 -25 -21 -1 -9 -14 -20
right_child=2 5 6 23 10 7 -8 27 15 17 22 13 28 -15 -16 16 -18 -19 19 25 -22 -23 -24 24 -26 -27 -28 -29 -30 -31
leaf_value=-0.073250259580873722 -0.0064768255398157089 0.017573956595598853 0.057336987899896052 -0.03092009770810937 0.03469348237707532 -0.015997046779452073 0.074388081091332242 0.015194041842580186 0.012695804983452588 0.023776956418729709 0.0026833158961213801 -0.010017260033202222 0.0031128838092998401 0.012828786761720293 -0.00050659520624158499 -0.052384932468242142 0.023103883460915946 0.052435898767730062 -0.025631002492946392 -0.013453469727898912 -0.0028000665578753999 0.014647714602192108 0.061635712614352335 -0.059675970482349731 -0.043769974626035074 -0.050609266304693937 -0.062733287461526219 -0.011653204232450977 0.048345113523430627 -0.040862540570803657
leaf_weight=591.09606669843197 74.21855054795742 19.96717631816864 767.84491686522961 125.22527955472469 377.16104014217854 636.53527182340622 578.87386220693588 232.57087880373001 34.190827786922455 196.31725138425827 65.072402074933052 189.8939860612154 12.292147934436796 206.14776775240898 42.524839028716087 37.176464289426804 10.729029968380926 63.207197606563568 536.1416423022747 321.70073208212852 276.40427786111832 543.51864030957222 9.5931204557418805 171.8830269575119 556.98669944703579 20.60204342007637 407.79686500132084 38.710976153612137 409.44607704877853 128.32672150433064
leaf_count=2506 297 80 3197 511 1532 2550 2463 932 137 793 264 760 50 825 173 149 43 256 2162 1292 1107 2180 39 714 2280 83 1710 155 1674 520
internal_value=-0.000466495 -0.031078 0.0419027 -0.0579767 0.0255453 -0.0119556 0.0646749 -0.00451661 0.0148146 0.0176395 0.0367744 -0.00780763 0.0391077 0.00186219 0.0311156 -0.0152949 -0.0353612 0.0307936 -0.0233987 -0.0242179 -0.0120077 0.012101 0.0103968 -0.0451091 -0.0475355 -0.0157185 -0.0689684 0.0113417 0.0470397 -0.0285859
internal_weight=7682.16 4459.99 3222.17 1852.99 1875.45 2607 1346.72 1580.26 959.358 877.262 916.09 1308.98 841.424 396.042 419.686 82.0963 47.9055 259.524 1026.74 1006.77 912.94 617.737 74.6655 854.095 728.87 342.303 998.893 271.282 421.738 664.468
internal_count=31434 18187 13247 7721 7587 10466 5660 6329 3855 3526 3732 5242 3429 1585 1705 329 192 1049 4137 4057 3657 2477 303 3505 2994 1375 4216 1087 1724 2682
is_linear=0
shrinkage=0.05


Tree=7
num_leaves=31
num_cat=0
split_feature=4 2 2 4 4 4 4 2 2 4 2 4 2 2 2 4 4 4 4 4 4 4 4 4 4 2 2 2 2 5
split_gain=1624.25 489.039 469.118 363.023 339.419 245.045 201.706 171.116 96.0008 125.257 92.5051 105.778 88.8562 84.6791 81.6822 62.2156 58.5203 54.8254 49.1549 44.9842 34.4828 32.0798 23.8637 23.6636 22.7779 21.7703 21.7427 19.9591 19.9251 19.9084
threshold=-0.038370328300551752 0.52152014652014667 0.55255255255255264 0.040863881275250986 -0.11431389478301295 -0.010819704545144663 -0.07311031847010023 0.46620299934796788 0.4784798534798535 0.016499800562215731 0.57805155960689369 -0.062390026693129728 0.60314960629921266 0.54750204750204767 0.51337911437366812 0.096023085415173917 0.015819666191306262 -0.15987889614287437 -0.0086297545453181117 -0.089702491162124934 0.0075313273442058079 -0.095860863613925387 -0.13673011911755326 -0.053530853856294656 0.074599456095292851 0.61685261303581929 0.57171680117388124 0.44346116027531962 0.58930679709900502 0.40858101768036981
decision_type=2 2 2 2 2 2 2 2 2 2 2 2 2 2 2 2 2 2 2 2 2 2 2 2 2 2 2 2 2 2
left_child=2 3 6 8 12 13 -1 15 20 18 11 21 22 -3 -8 27 -7 -14 -10 25 -2 -6 -4 29 -9 -12 -15 -5 -21 -16
right_child=1 5 4 7 10 16 14 24 9 -11 19 -13 17 26 23 -17 -18 -19 -20 28 -22 -23 -24 -25 -26 -27 -28 -29 -30 -31
leaf_value=-0.063194708685188936 -0.047810402457817702 0.0086157049002229744 -0.065659360520886112 -0.020491450684464965 -0.044746100908328403 0.043355338658549215 -0.054145692402023729 0.04346110317379287 -0.021732852341811756 0.031031613777468887 0.00072370315614982443 0.019265883626360766 -0.052030975777355375 0.034197784550428927 -0.023213767321531749 0.051331039360818835 0.067678916142351414 0.0036425682769498993 0.0021805880066549724 0.021671403712196353 -0.018163446089447862 -0.013016885284765772 -0.039479268085161251 -0.0098947135780955969 0.066540572637437428 0.046048363884697824 0.066741263024330311 0.0071633044096829079 0.047710337769967054 -0.056582405440163054
leaf_weight=786.00442700088024 147.17732074856758 549.07106140255928 215.87372176349163 105.06166279315948 103.58215652406216 452.52390386164188 225.52693057060242 232.04116062819958 419.10460552573204 245.17807018756866 222.03911155462265 269.35012756288052 64.282818898558617 181.38342379033566 256.67674787342548 63.996065825223923 552.32379542291164 140.71533904969692 440.18493197858334 146.0072536021471 297.20073063671589 348.32985901832581 149.230045363307 334.00723987817764 203.53372369706631 30.021846577525139 72.614935532212257 171.49244070053101 150.50738257169724 54.515406832098961
leaf_count=3346 611 2210 927 422 425 1880 945 964 1693 1001 892 1085 271 745 1042 270 2373 568 1770 590 1198 1402 619 1343 878 122 307 691 620 224
internal_value=-0.000446073 0.0207731 -0.0255274 0.00560324 -0.00814496 0.0402773 -0.0448273 0.0335127 -0.00838019 -0.000478972 0.00624129 -0.0055224 -0.040193 0.0196732 -0.028236 0.00694076 0.0567354 -0.0138079 -0.00947816 0.0217154 -0.0280023 -0.0203088 -0.0549861 -0.0191646 0.0542699 0.00615807 0.0435438 -0.00332815 0.0349169 -0.0290917
internal_weight=7629.56 4132.89 3496.67 2324.97 1839.94 1807.92 1656.73 776.125 1548.85 1104.47 1269.84 721.262 570.102 803.069 870.726 340.55 1004.85 204.998 859.29 548.576 444.378 451.912 365.104 645.199 435.575 252.061 253.998 276.554 296.515 311.192
internal_count=31434 17013 14421 9498 7521 7515 6900 3225 6273 4464 5136 2912 2385 3262 3554 1383 4253 839 3463 2224 1809 1827 1546 2609 1842 1014 1052 1113 1210 1266
is_linear=0
shrinkage=0.05


Tree=8
num_leaves=31
num_cat=0
split_feature=4 2 2 4 4 4 4 2 2 4 2 2 4 2 2 4 4 2 4 4 4 2 4 4 2 2 4 4 2 2
split_gain=1477.23 447.733 430.063 317.722 309.793 274.351 189.827 135.573 99.9992 92.4843 104.594 86.9221 99.2659 82.7511 76.6398 66.2868 49.8055 44.7125 41.6808 41.5503 32.4581 29.1745 27.5412 22.112 21.6316 20.0152 19.0903 19.0133 18.9045 18.3832
threshold=-0.038370328300551752 0.51337911437366812 0.55255255255255264 0.047275423361935499 -0.11612831359394356 -0.010819704545144663 -0.066387818161032994 0.45663052543786492 0.54336947456213525 0.008369091325249935 0.4784798534798535 0.57805155960689369 -0.062390026693129728 0.60707117492666363 0.52493793726021221 0.020292922179904308 -0.15987889614287437 0.49752475247524758 -0.089702491162124934 0.079200027187274133 -0.095860863613925387 0.56709145427286367 -0.085860653110075 0.017567136652379831 0.60314960629921266 0.53808406229997874 -0.15987889614287437 0.082821982575150568 0.42463036422646955 0.58930679709900502
decision_type=2 2 2 2 2 2 2 2 2 2 2 2 2 2 2 2 2 2 2 2 2 2 2 2 2 2 2 2 2 2
left_child=2 3 6 9 13 8 22 19 -3 17 -11 12 20 26 -8 25 -15 -2 24 -5 -6 -10 -1 -12 -13 -7 -4 -9 -21 -20
right_child=1 5 4 7 11 15 14 27 21 10 23 18 -14 16 -16 -17 -18 -19 29 28 -22 -23 -24 -25 -26 -27 -28 -29 -30 -31
leaf_value=-0.065113563627576365 -0.035954840678851914 0.0015214441282338181 -0.067400725482687371 -0.0088141425927186334 -0.043449548685978785 0.033288426067939372 -0.043858905718014041 0.042702279782475087 0.028475883410870498 -0.015421353426574955 0.0057940856634047175 -0.0065136763264277385 0.018322807620833496 -0.049345906585957805 -0.011064233113127705 0.066175209036968566 0.0085083980908428058 -0.011031596575809934 0.020627199352435531 -0.0053792892752669991 -0.012375720841437 0.062965085170178209 -0.046780189480768744 0.03079747330978011 0.022381802761160814 0.05244948681370365 -0.043806684504395288 0.065650241509318738 0.045167648709244314 0.045702361490807343
leaf_weight=573.33245564997196 295.86391033232212 501.58619992434978 137.4189165532589 166.37374927103519 111.10523273050785 319.19029705226421 298.77320681512356 199.18909388780594 286.17568698525429 359.67116023600101 137.28347046673298 149.64408047497272 269.06533379852772 55.015065684914589 442.6724973320961 539.66118289530277 114.08594182133675 461.63042712211609 145.74053198099136 24.571880087256432 348.06931346654892 78.595455944538116 325.32796761393547 251.43083314597607 113.82889097929001 242.6119801402092 237.98703579604626 170.14908756315708 72.465879455208778 149.29931274056435
leaf_count=2501 1221 2016 604 668 460 1316 1248 838 1173 1450 553 601 1085 234 1784 2362 460 1859 590 99 1402 337 1367 1032 460 1035 1005 749 305 620
internal_value=-0.000426504 0.0198699 -0.0244375 0.00402996 -0.00777832 0.0370812 -0.0430336 0.0337593 0.0160196 -0.00846 0.00400057 0.00559655 -0.00577862 -0.0393896 -0.0242901 0.0536398 -0.0103023 -0.0207762 0.0204359 0.00632834 -0.0199133 0.035936 -0.0584881 0.0219836 0.0059549 0.0415798 -0.0524723 0.0533025 0.0323243 0.0333441
internal_weight=7577.82 4106.45 3471.37 2138.63 1831.26 1967.82 1640.11 632.75 866.357 1505.88 748.385 1286.75 728.24 544.507 741.446 1101.46 169.101 757.494 558.513 263.412 459.175 364.771 898.66 388.714 263.473 561.802 375.406 369.338 97.0378 295.04
internal_count=31434 17013 14421 8774 7521 8239 6900 2659 3526 6115 3035 5218 2947 2303 3032 4713 694 3080 2271 1072 1862 1510 3868 1585 1061 2351 1609 1587 404 1210
is_linear=0
shrinkage=0.05


Tree=9
num_leaves=31
num_cat=0
split_feature=0 0 0 0 0 0 0 1 5 7 2 5 16 7 1 1 1 17 16 5 17 16 1 16 0 2 4 15 17 0
split_gain=3053.31 741.31 389.599 95.9209 68.7926 67.278 36.7812 36.7339 26.5034 23.2003 21.7655 20.5771 19.8056 18.8916 17.0726 16.3417 13.1011 12.4814 12.2361 12.2321 17.3855 12.324 11.6803 11.6106 11.2616 11.0071 10.8213 12.8746 10.4652 9.88954
threshold=0.50565907482880046 0.46900711473343676 0.54282103679125904 0.44169440299754764 0.48823268548261867 0.51992649415436409 0.5890195998066271 0.95975399706698783 0.42149485852834534 1.0000000180025095e-35 0.57536963577353062 0.45188345272135505 25.700000000000006 1.0000000180025095e-35 0.026399945119700344 0.11636376603782232 0.93645188757987829 42.750000000000007 31.900000000000002 0.40625651739344365 26.950000000000003 24.100000000000005 0.20017002693012267 26.300000000000001 0.51544729405308032 0.50247524752475259 -0.023949147178979693 38.500000000000007 22.750000000000004 0.40277766048750324
decision_type=2 2 2 2 2 2 2 2 2 2 2 2 2 2 2 2 2 2 2 2 2 2 2 2 2 2 2 2 2 2
left_child=1 3 5 29 19 8 -4 10 9 25 13 12 15 -6 -5 -7 22 23 28 26 21 -21 -16 -9 -20 -2 -3 -28 -10 -1
right_child=2 4 6 14 7 11 -8 17 18 -11 -12 -13 -14 -15 16 -17 -18 -19 24 20 -22 -23 -24 -25 -26 -27 27 -29 -30 -31
leaf_value=-0.06906862901025411 -0.0021335931669973786 -0.014875604083725312 0.052131080847152581 -0.0083038074555684543 -0.0089195575765702168 0.012534696630835451 0.069781886499276968 0.034405967382235635 -0.028089000449626818 0.029811062805391437 0.010974769788480436 0.0070266609300290439 0.042416081463466399 0.0043370990960038295 -0.043943268422109195 0.033801871290492731 -0.054167802090799126 0.021766276629991723 -0.0093280189307177099 -0.031326249122311058 -0.043528881642032169 0.010827420209070397 -0.030072501265585146 -0.04305825285464765 -0.055811068087037286 0.014753943863049289 0.039643923406811103 -0.03169696416824936 0.017885602209514705 -0.058513429958059984
leaf_weight=397.97658325731754 122.70649798214436 658.34779988229275 814.40464603900909 41.683042928576469 842.76659962534904 135.12701791524887 470.15235494077206 4.980075627565383 16.179820239543915 234.61906903982162 269.85346561670303 73.931761041283607 413.79721982777119 393.89683425426483 361.20337888598442 278.89232911169529 160.3699051886797 9.2280128598213178 41.384504288434982 37.567021861672401 119.56245842576027 31.825235366821289 269.82353958487511 86.18441978096962 19.193526431918144 442.73117153346539 6.4303196072578421 166.23463279008865 51.031300947070122 550.95877981185913
leaf_count=1788 492 2664 3535 171 3379 553 2125 20 65 956 1083 303 1724 1577 1516 1152 686 37 166 153 489 130 1132 346 77 1781 26 675 205 2428
internal_value=-0.000407769 -0.0271791 0.0374921 -0.0520715 -0.0102895 0.022667 0.0586002 -0.00383878 0.0132036 0.0165826 -0.00188271 0.0323963 0.0346549 -0.00469305 -0.0396654 0.0268775 -0.0413096 -0.0331113 -0.00790943 -0.020446 -0.0319647 -0.0119337 -0.0380258 -0.0387387 -0.0242058 0.0110806 -0.0178173 -0.0289898 0.00671851 -0.0629523
internal_weight=7523.04 4408.89 3114.15 1782.02 2626.88 1829.59 1284.56 1606.91 927.846 800.057 1506.52 901.748 827.817 1236.66 833.08 414.019 791.397 100.393 127.789 1019.97 188.955 69.3923 631.027 91.1645 60.578 565.438 831.013 172.665 67.2111 948.935
internal_count=31434 18300 13134 7721 10579 7474 5660 6442 3742 3229 6039 3732 3429 4956 3505 1705 3334 403 513 4137 772 283 2648 366 243 2273 3365 701 270 4216
is_linear=0
shrinkage=0.05


Tree=10
num_leaves=31
num_cat=0
split_feature=0 0 0 0 0 0 0 5 2 5 5 23 5 16 15 19 17 20 11 0 5 15 16 15 11 7 5 20 0 15
split_gain=2785.6 687.167 377.622 83.2104 63.4675 60.9634 38.1721 26.9084 26.1077 22.279 17.6123 16.7419 18.9386 16.7216 16.2065 15.7188 15.2869 14.6756 14.5671 14.0263 13.177 16.9752 13.0418 14.7284 12.9441 11.1266 13.6509 11.6533 10.4153 10.3089
threshold=0.50565907482880046 0.46900711473343676 0.54282103679125904 0.44169440299754764 0.48430076625340218 0.51800364154479783 0.58210630470043057 0.44914055892382926 0.53808406229997874 -0.49205993757558436 0.41221790398456021 1.0000000180025095e-35 0.32418781936508961 25.700000000000006 25.500000000000004 29.600000000000005 25.750000000000004 20.750000000000004 10.000000000000002 0.52957317017985461 -0.39140276636674581 171.50000000000003 23.700000000000006 50.500000000000007 12.000000000000002 1.0000000180025095e-35 -0.29167938039990787 11.250000000000002 0.39697158622203893 189.50000000000003
decision_type=2 2 2 2 2 2 2 2 2 2 2 2 2 2 2 2 2 2 2 2 2 2 2 2 2 2 2 2 2 2
left_child=1 3 5 28 16 11 15 13 14 -5 17 25 -13 18 -6 -4 22 -10 -7 -15 21 -18 24 -24 -3 27 -27 -2 -1 -16
right_child=2 4 6 9 8 7 -8 -9 10 -11 -12 12 -14 19 29 -17 20 -19 -20 -21 -22 -23 23 -25 -26 26 -28 -29 -30 -31
leaf_value=-0.067606401064394736 -0.054187481091962079 -0.024010278320045049 0.050217809514207803 -0.018931657792000348 0.037626427082593644 0.032989998912213173 0.066985857410465782 0.003419187610012895 0.006297089421435061 -0.042047959934736479 -0.037009616082948067 0.034152802352144858 -0.026882747452488826 0.030790647522677718 -0.0098035381485895128 -0.018115491878666828 -0.015854630704289416 -0.017779697097754243 0.01479503392949217 0.04855854070993515 -0.038650537440964902 -0.069148499671908267 -0.0772892832371182 0.0070026435028985885 0.0040606555872572409 0.03397170194057287 0.0096716752023696204 0.010335315258272394 -0.056380115546533105 -0.051588027238378388
leaf_weight=336.54570341110229 6.9731610864400855 259.29533015191555 727.97824405133724 123.84211340546608 17.719562545418739 270.51203492283821 543.1420014500618 88.821206897497177 662.895652115345 696.97132776677608 27.04227003455162 16.605659380555153 52.531203418970108 239.93757258355618 1033.0121726542711 8.3594164699316007 192.48462915420532 69.788964733481407 188.01515217125416 212.69730651378632 178.44608768820763 16.198035404086113 5.4112134724855414 86.005839675664902 48.41032886505127 124.21691547334194 109.55774408578873 514.54221299290657 589.58850519359112 14.942891716957091
leaf_count=1549 28 1055 3199 519 71 1120 2511 364 2659 2967 109 67 211 994 4147 34 783 280 773 901 732 66 22 350 197 509 445 2069 2651 60
internal_value=-0.000132866 -0.0259124 0.0360658 -0.0501864 -0.00967216 0.0214545 0.0568927 0.0297563 -0.00455266 -0.0385691 0.00252401 0.0113765 -0.0121225 0.0323175 -0.00960213 0.0494329 -0.0215494 0.00399481 0.0255451 0.0391599 -0.0286426 -0.0200464 -0.0146514 0.00187955 -0.0195778 0.0135354 0.022614 0.00945277 -0.0604719 -0.010409
internal_weight=7462.49 4358.6 3103.89 1746.95 2611.65 1824.41 1279.48 999.983 1825.4 820.813 759.727 824.427 69.1369 911.162 1065.67 736.338 786.251 732.685 458.527 452.635 387.129 208.683 399.123 91.4171 307.706 755.29 233.775 521.515 926.134 1047.96
internal_count=31442 18217 13225 7686 10531 7481 5744 4152 7326 3486 3048 3329 278 3788 4278 3233 3205 2939 1893 1895 1581 849 1624 372 1252 3051 954 2097 4200 4207
is_linear=0
shrinkage=0.05


Tree=11
num_leaves=31
num_cat=0
split_feature=0 0 0 0 0 0 0 1 12 18 1 14 1 0 11 4 1 15 17 1 20 15 1 15 16 15 4 11 18 16
split_gain=2538.86 638.965 356.987 81.0095 57.6187 55.8549 37.6562 29.3288 23.7592 19.2301 23.3766 19.1873 18.2314 16.6217 14.858 18.9998 18.3056 14.2649 13.9487 16.2255 15.6317 13.7769 12.1639 12.0883 11.8143 13.4527 12.1489 11.4757 10.8846 10.8277
threshold=0.50565907482880046 0.46900711473343676 0.54282103679125904 0.45011335260256963 0.48430076625340218 0.51800364154479783 0.58210630470043057 0.96132711561742401 -110.49999999999999 37.845352016404654 0.94927079956200522 6.5000000000000009 0.026399945119700344 0.41053891923427194 5.0000000000000009 0.0091254390096003907 0.27797281473550517 20.500000000000004 25.750000000000004 0.031774486235367459 20.450000000000003 113.50000000000001 0.93727165376589106 23.500000000000004 23.700000000000006 50.500000000000007 -0.031051109193568901 4.0000000000000009 37.215132827324489 25.900000000000002
decision_type=2 2 2 2 2 2 2 2 2 2 2 2 2 2 2 2 2 2 2 2 2 2 2 2 2 2 2 2 2 2
left_child=1 3 5 13 18 9 -4 8 27 10 11 -2 28 -1 15 -7 -17 -10 24 20 -20 -12 -14 -16 26 -26 -3 -6 -5 -9
right_child=2 4 6 12 7 14 -8 29 17 -11 21 -13 22 -15 23 16 -18 -19 19 -21 -22 -23 -24 -25 25 -27 -28 -29 -30 -31
leaf_value=-0.064028731997796767 0.013124855047182707 -0.012089047302585355 0.047707364368554585 0.0219453439715863 0.011263729315711015 0.048456264928821179 0.065324959072822666 0.039286249760173697 0.049832756041944537 0.038200589211368818 -0.033399885786667305 -0.039188601446351702 -0.032288606859173841 -0.051409066394369443 -0.023312809104297498 0.047425941538619738 0.0073827619715128067 -0.0099273998165438273 -0.012396416168513171 -0.030791665418532357 0.066878126220047032 0.0078165144636926243 -0.050447874429701278 0.025339003898509765 -0.074324923291613387 0.0066469603793775549 -0.033865458515223927 -0.00092198526108137598 -0.04769614180333831 -0.033712924529794054
leaf_weight=453.33104020357132 662.87579499185085 214.83657379448414 725.11165101826191 22.103534579277042 272.68984660506248 174.66664797067642 529.45441798865795 5.2087794542312613 9.9918933361768705 59.514842838048935 48.751049682497978 17.863817378878593 473.4971916526556 646.31170447170734 12.829156115651129 46.103226244449615 75.752469971776009 777.20281462371349 31.663182824850082 346.16776974499226 7.6248550415039054 34.324414506554604 116.70659123361111 684.60202211141586 5.3511657118797293 86.081029698252678 92.082877650856972 660.09855020046234 7.3926950842142096 99.566299498081207
leaf_count=2133 2682 875 3233 90 1095 736 2511 21 40 241 196 72 2006 2917 53 194 315 3121 129 1421 31 138 510 2854 22 350 377 2647 30 402
internal_value=-0.000127065 -0.0248016 0.0346348 -0.0484655 -0.00920127 0.0204664 0.055151 -0.00432704 -0.00275844 0.0108233 0.0086789 0.0117392 -0.033978 -0.0566215 0.0284472 0.0378588 0.0226003 -0.00915628 -0.0205404 -0.0273353 0.00299264 -0.0163214 -0.0358958 0.0244337 -0.0139478 0.00177735 -0.0186477 0.00263583 0.00421985 -0.0300022
internal_weight=7399.76 4327.91 3071.85 1719.34 2608.57 1817.28 1254.57 1824.76 1719.98 823.33 763.815 680.74 619.7 1099.64 993.954 296.522 121.856 787.195 783.807 385.456 39.288 83.0755 590.204 697.431 398.352 91.4322 306.919 932.788 29.4962 104.775
internal_count=31442 18217 13225 7686 10531 7481 5744 7326 6903 3329 3088 2754 2636 5050 4152 1245 509 3161 3205 1581 160 334 2516 2907 1624 372 1252 3742 120 423
is_linear=0
shrinkage=0.05


Tree=12
num_leaves=31
num_cat=0
split_feature=0 0 0 0 0 0 0 5 1 18 1 2 5 15 16 19 18 5 4 15 0 1 5 16 5 14 16 4 0 1
split_gain=2317.62 486.729 435.762 82.0114 78.7994 37.2897 35.1366 23.9892 22.2049 21.539 27.3854 24.2212 20.1711 18.893 15.6354 14.827 14.3178 17.6276 13.9211 13.4358 13.3565 13.0722 12.4886 12.2575 11.5187 11.5033 11.3671 10.3242 10.28 9.72418
threshold=0.50267160226232266 0.46900711473343676 0.54282103679125904 0.51800364154479783 0.44169440299754764 0.58210630470043057 0.48380863288237325 0.44914055892382926 0.95975399706698783 36.96474735605171 0.97326801073742009 0.5073772083090663 -0.49205993757558436 98.500000000000014 25.700000000000006 29.600000000000005 27.26257507507508 -0.39140276636674581 -0.034348293193160177 168.50000000000003 0.52957317017985461 0.93645188757987829 -0.36945726432880771 26.300000000000001 -0.38310616819205517 2.5000000000000004 37.70000000000001 -0.012773914593130957 0.39697158622203893 0.071709376472693695
decision_type=2 2 2 2 2 2 2 2 2 2 2 2 2 2 2 2 2 2 2 2 2 2 2 2 2 2 2 2 2 2
left_child=1 4 3 9 28 15 16 14 13 10 11 -2 29 27 22 -4 -3 19 -15 -18 -16 24 -5 -10 -14 -25 -12 -8 -1 -6
right_child=2 6 5 7 12 -7 8 -9 23 -11 26 -13 21 18 20 -17 17 -19 -20 -21 -22 -23 -24 25 -26 -27 -28 -29 -30 -31
leaf_value=-0.064410261405923278 -0.0033643613157168899 -0.013973495582955667 0.046844529756826375 0.01348267027324262 -0.02142112557431396 0.063783086469095737 0.0076971870127936493 0.0022937467116016914 0.035787634337061711 0.032069463618599574 -0.02327296461607958 0.012322737060385875 -0.043875516022054362 -0.0032115988356545841 0.028118139398763793 -0.019651858302746412 -0.012066859056391833 -0.040352183577515049 -0.016108903254633277 -0.063189714756527737 0.045589586653233011 -0.051565706911396905 0.030302393903577307 -0.046729524844524119 -0.028713710595315911 -0.0071086389120662789 -0.096264035736334352 -0.0080062865329583247 -0.053004923639760317 0.025290664165824591
leaf_weight=319.70781178772449 360.4508848041296 437.26218813657761 705.47333219647408 195.71512490510941 110.20475848019123 515.49802380800247 344.59416833519936 88.524202182888985 6.4578880816698065 85.819442957639694 21.164955839514736 772.10172583162785 217.15589155256748 438.85649429261684 237.1560460627079 8.3262196481227857 148.85956262052059 150.85831767320633 401.93316256999969 14.053965851664541 208.52433581650257 157.40243346989155 258.11603373289108 61.376511007547379 307.48760026693344 26.606073692440987 7.2215448319911948 149.96745012700558 566.83918921649456 12.214297994971274
leaf_count=1549 1450 1790 3199 810 467 2511 1383 364 26 348 85 3120 940 1761 994 34 609 625 1616 58 901 702 1083 249 1325 108 29 603 2651 52
internal_value=-0.000121631 -0.0267047 0.0295889 0.0164319 -0.0468371 0.0535003 -0.0110903 0.0271929 -0.00648461 0.00789849 0.0061048 0.00732583 -0.0354817 -0.00482187 0.0296372 0.0460592 -0.0198498 -0.0280158 -0.00938419 -0.0165438 0.0363123 -0.038842 0.0230645 -0.0299123 -0.035006 -0.0348265 -0.0422902 0.00292461 -0.0571304 -0.0167028
internal_weight=7335.93 3871.84 3464.09 2234.79 1691.01 1229.3 2180.83 988.036 1429.79 1246.76 1160.94 1132.55 804.465 1335.35 899.512 713.8 751.034 313.772 840.79 162.914 445.68 682.046 453.831 94.4405 524.643 87.9826 28.3865 494.562 886.547 122.419
internal_count=31442 16514 14928 9184 7686 5744 8828 4152 5746 5032 4684 4570 3486 5363 3788 3233 3082 1292 3377 667 1895 2967 1893 383 2265 357 114 1986 4200 519
is_linear=0
shrinkage=0.05


Tree=13
num_leaves=31
num_cat=0
split_feature=0 0 0 0 0 0 1 0 2 11 18 5 1 0 5 17 5 17 14 1 15 4 20 1 17 16 15 1 1 15
split_gain=2117.2 601.744 278.463 76.7427 58.2711 39.288 25.5923 23.7286 22.0199 18.179 22.6825 19.9726 16.4857 16.3319 15.7724 15.0055 14.8137 17.2337 12.6173 16.8927 14.2721 11.785 11.4347 11.0386 10.7672 14.6681 14.547 11.7673 10.632 10.5319
threshold=0.50790258191082083 0.46900711473343676 0.54910914356899332 0.45011335260256963 0.48823268548261867 0.51800364154479783 0.96212187380074743 0.58210630470043057 0.52493793726021221 5.0000000000000009 15.337301587301591 0.38096044453808786 0.026399945119700344 0.40858905122566785 0.45337935268161667 36.150000000000013 0.46013432420420419 25.950000000000003 4.5000000000000009 0.059982491206527981 147.50000000000003 -0.1207300493179851 14.250000000000002 0.94927079956200522 22.950000000000003 24.300000000000001 72.500000000000014 0.094793962433336168 0.043470571055217302 129.50000000000003
decision_type=2 2 2 2 2 2 2 2 2 2 2 2 2 2 2 2 2 2 2 2 2 2 2 2 2 2 2 2 2 2
left_child=1 3 5 13 24 14 8 -4 22 10 -7 -12 -5 -1 18 -10 17 -11 19 -2 -20 29 -6 -18 25 26 -3 -27 -15 -14
right_child=2 4 7 12 6 9 -8 -9 15 16 11 -13 21 28 -16 -17 23 -19 20 -21 -22 -23 -24 -25 -26 27 -28 -29 -30 -31
leaf_value=-0.061399890927267456 0.035185633156992184 0.011054014257643916 0.047160087290971028 0.0052403107734011189 -0.019520573663524846 -0.00019124152694518037 -0.026413260029061525 0.062345418747426065 0.002419663335279953 0.017040150192475508 0.050230943869584599 0.021841805211835943 -0.027814523193488507 -0.033596469539290325 -0.020758423507594968 0.022558277237349586 -0.066401497479727248 0.032113039178038268 -0.039474765359503838 0.011481483021634011 0.024096830618186071 -0.035547793334866871 -0.0038306300458353739 0.0050859195487461123 -0.020781257393283677 -0.034342465506744989 -0.017524906180538303 0.041945990074512773 -0.051290823323011825 0.013567957494543327
leaf_weight=404.96423098444939 90.753376603126526 52.7660923153162 543.74613797664642 29.413509607315063 142.6259046792984 35.996682360768318 100.8582571297884 501.37755480408669 824.63678906857967 370.34735997021198 207.61304853856564 89.682883456349373 42.935622528195381 103.67974081635475 35.362598165869713 104.23583528399467 6.2296953648328772 394.20424610376358 22.523024767637253 445.93595197796822 14.296310707926748 512.30006188154221 631.41193002462387 36.2002132833004 652.81918226182461 6.407233431935313 276.7237189412117 21.921364456415176 545.49707967042923 23.660949215292931
leaf_count=2009 370 215 2513 120 573 153 408 2511 3313 1567 898 382 185 485 142 419 26 1695 91 1808 58 2229 2536 151 2681 26 1131 89 2556 102
internal_value=-0.000116758 -0.0214329 0.0340328 -0.0452836 -0.00734153 0.0218251 -0.0019528 0.054455 -0.000499679 0.0273041 0.0371566 0.0416941 -0.0311133 -0.0534523 0.0115533 0.00468714 0.0232246 0.0248215 0.0135576 0.0155049 -0.0146572 -0.0329697 -0.0067303 -0.00542398 -0.0169531 -0.00995113 -0.012931 0.0244554 -0.0484782 -0.0130386
internal_weight=7271.13 4476.86 2794.27 1662.45 2814.41 1749.15 1803.77 1045.12 1702.91 1140.27 333.293 297.296 608.31 1054.14 608.871 928.873 806.982 764.552 573.509 536.689 36.8193 578.897 774.038 42.4299 1010.64 357.818 329.49 28.3286 649.177 66.5966
internal_count=31442 19077 12365 7686 11391 7341 7249 5024 6841 4872 1433 1280 2636 5050 2469 3732 3439 3262 2327 2178 149 2516 3109 177 4142 1461 1346 115 3041 287
is_linear=0
shrinkage=0.05


Tree=14
num_leaves=31
num_cat=0
split_feature=0 0 0 0 0 0 0 18 7 2 20 2 15 17 15 15 4 15 0 17 18 15 18 4 15 2 15 0 16 15
split_gain=1933.63 414.1 399.529 70.4759 52.9961 41.3518 36.4442 20.4771 19.6666 17.2066 14.1422 13.9813 13.2485 12.9809 11.61 10.7883 10.6203 10.3473 9.91554 16.0332 10.7117 9.33024 9.30248 9.24915 8.38171 7.74953 8.76924 7.13722 6.9913 6.79796
threshold=0.50174491525239862 0.46028419066393417 0.54282103679125904 0.51800364154479783 0.48333884748591666 0.43442715220812705 0.58210630470043057 36.96474735605171 1.0000000180025095e-35 0.50247524752475259 22.250000000000004 0.45249795249795255 23.500000000000004 35.250000000000007 63.500000000000007 149.50000000000003 -0.10397978906479287 78.500000000000014 0.47291317046687747 35.750000000000007 22.482971255099141 146.50000000000003 12.936491935483874 -0.14530989755788787 174.50000000000003 0.57171680117388124 147.50000000000003 0.39697158622203893 44.900000000000006 175.50000000000003
decision_type=2 2 2 2 2 2 2 2 2 2 2 2 2 2 2 2 2 2 2 2 2 2 2 2 2 2 2 2 2 2
left_child=1 5 3 7 18 27 -4 8 9 -2 25 14 -5 -12 -6 21 -13 -18 19 20 -3 -14 -10 -20 -25 28 -27 -1 -7 -9
right_child=2 4 6 12 11 10 -8 29 22 -11 13 16 15 -15 -16 -17 17 -19 23 -21 -22 -23 -24 24 -26 26 -28 -29 -30 -31
leaf_value=-0.061631005427827706 -0.0093380823859016034 -0.030197625129066364 0.043071338834693718 -0.021332894776073606 0.042585970118850999 -0.042704030995062592 0.060999249155305496 0.033316897773165363 -0.039394514790851091 0.0059307451681998927 -0.01956489235331375 0.011290634547730086 0.023817966070421123 0.073555348136585194 -0.036014190449807859 0.035694175595479931 0.003199412339098877 -0.0086459253103140666 0.040539031282085018 -0.045665762752633829 -0.014204245874868408 -0.005605700352018554 0.017766438847504132 -0.015628546538535959 -0.042800665905043812 -0.033277669190544742 0.0060345313792766215 -0.051306786649804516 -0.0071385744376428369 -0.022567209078710293
leaf_weight=302.37388002872467 256.59946636855602 211.13702343404293 691.30490346252918 15.132939949631689 4.9781695306301108 475.97932183742523 487.18354785442352 86.023388713598251 7.1504431813955298 655.15247870981693 14.696947410702707 89.595194846391678 725.47854988276958 4.9017919003963462 57.148305460810661 206.90528494119644 224.2841862142086 1020.0295704901218 6.8782318830490103 88.780619353055954 211.67679476737976 27.662850916385651 293.61408001184464 487.45652112364769 30.34370057284832 68.091635197401047 17.617862835526466 418.11677625775337 14.626085475087164 5.6325378865003577
leaf_count=1549 1030 902 3233 63 20 2161 2511 350 29 2641 67 360 3089 22 231 882 902 4106 28 380 907 118 1198 2009 126 308 79 2052 66 23
internal_value=-0.000111536 -0.0249864 0.0268543 0.0146293 -0.0127571 -0.0475758 0.0504915 0.00702053 0.0052916 0.00162752 -0.037792 -0.00639253 0.0247981 0.00372653 -0.0295773 0.0255326 -0.00530682 -0.00650673 -0.0213251 -0.0262965 -0.0222078 0.02273 0.0163782 -0.0164639 -0.0172385 -0.039213 -0.025141 -0.0556545 -0.0416556 0.0298073
internal_weight=7206.55 3748.71 3457.84 2279.35 2432.31 1316.4 1178.49 1304.17 1212.52 911.752 595.914 1396.04 975.18 19.5987 62.1265 960.047 1333.91 1244.31 1036.27 511.594 422.814 753.141 300.765 524.678 517.8 576.315 85.7095 720.491 490.605 91.6559
internal_count=31442 16275 15167 9423 9971 6304 5744 5271 4898 3671 2703 5619 4152 89 251 4089 5368 5008 4352 2189 1809 3207 1227 2163 2135 2614 387 3601 2227 373
is_linear=0
shrinkage=0.05


Tree=15
num_leaves=31
num_cat=0
split_feature=0 0 0 0 0 0 0 7 7 1 19 1 17 17 15 19 2 1 1 11 17 19 1 11 1 0 1 2 1 0
split_gain=1773.28 428.481 355.999 72.3605 47.1114 38.949 21.5458 18.7898 18.2219 26.6054 19.9419 17.8708 16.6906 25.6126 15.9825 15.793 14.5764 14.5693 13.9187 15.7265 13.5625 13.3366 13.3101 12.415 11.7541 10.2662 10.1366 9.81249 9.55648 12.35
threshold=0.50267160226232266 0.45952632491596201 0.54910914356899332 0.51813010761607703 0.48380863288237325 0.43442715220812705 0.59097673031642073 1.0000000180025095e-35 1.0000000180025095e-35 0.84041945181816213 10.300000000000002 0.92591946856074958 34.550000000000004 37.750000000000007 23.500000000000004 29.600000000000005 0.52493793726021221 0.23364055229912986 0.061399550519799076 6.0000000000000009 32.250000000000007 24.500000000000004 0.15967176805401381 7.0000000000000009 0.97326801073742009 0.52460609218827248 0.95906487228137838 0.5584795321637428 0.93645188757987829 0.47233369644561934
decision_type=2 2 2 2 2 2 2 2 2 2 2 2 2 2 2 2 2 2 2 2 2 2 2 2 2 2 2 2 2 2
left_child=1 5 3 7 27 -1 15 21 16 20 -11 12 -7 -14 -5 -4 22 -9 25 -20 -10 24 -6 -19 -2 -16 -18 28 -3 -30
right_child=2 4 6 14 8 11 -8 17 9 10 -12 -13 13 -15 18 -17 26 23 19 -21 -22 -23 -24 -25 -26 -27 -28 -29 29 -31
leaf_value=-0.054669688586490586 0.0040933148656444119 -0.018914132791777345 0.0470051482958075 -0.019098737785322058 -0.024924322842835717 -0.036046820089302739 0.06134229952498918 0.028489040704667581 0.003604813082875791 0.076222117734417352 -0.018013254063982822 -0.052822328545996867 0.024363702579310885 -0.037983183778169928 0.020060504309373641 -0.026470712533296654 -0.0017988867816294222 0.015421386505036647 0.032162458701764395 0.018674453273160849 0.025031422131116518 0.026179019116831875 -0.0053459729055125201 -0.019397132106702731 -0.029277032486045421 0.047117097220112564 -0.025948861129398787 -0.010333775529994239 -0.049210621165951596 -0.020633608848106354
leaf_weight=702.14414349198341 859.72098118066788 691.71184375882149 606.9184902459383 19.363470897078514 222.45250736176968 352.66601359844208 383.18041396141052 173.56871645152569 296.60589797794819 5.699318289756774 162.77136191725731 133.97926752269268 31.052723959088326 34.766571119427681 49.999020040035248 7.2553584426641455 454.19040633738041 99.800220489501953 359.47310273349285 551.95434239506721 98.606666281819344 67.136525824666023 143.65016873180866 34.232499867677689 27.095152780413628 125.45834599435329 48.036506220698357 261.05583661794662 65.789173275232315 91.578541815280914
leaf_count=3596 3465 2911 2947 81 897 1613 2041 715 1191 23 655 630 141 155 212 31 1824 408 1567 2372 396 271 582 138 109 566 196 1092 297 385
internal_value=0.000495997 -0.0229259 0.0269233 0.0163643 -0.0111225 -0.0468358 0.0519819 0.00817246 -0.00512406 0.00186868 -0.0147523 -0.0368623 -0.0317294 -0.00850051 0.0257001 0.0461249 -0.0096689 0.0189219 0.0265045 0.0240026 0.00896844 0.00469944 -0.0172594 0.00648349 0.00306492 0.0394512 -0.00412342 -0.0188544 -0.0214668 -0.0326359
internal_weight=7161.91 3796.76 3365.16 2367.8 2542.15 1254.61 997.354 1261.55 1432.01 563.683 168.471 552.465 418.485 65.8193 1106.25 614.174 868.33 307.601 1086.88 911.427 395.213 953.953 366.103 134.033 886.816 175.457 502.227 1110.14 849.08 157.368
internal_count=31507 16584 14923 9904 10449 6135 5019 5106 5764 2265 678 2539 1909 296 4798 2978 3499 1261 4717 3939 1587 3845 1479 546 3574 778 2020 4685 3593 682
is_linear=0
shrinkage=0.05


Tree=16
num_leaves=31
num_cat=0
split_feature=0 0 0 0 0 0 1 5 16 1 5 16 1 5 0 19 5 20 1 11 15 1 16 16 11 14 20 15 11 1
split_gain=1616.67 403.771 337.816 66.4121 65.8529 21.6621 19.9645 17.3964 25.5013 16.7743 22.2843 17.1956 16.7028 15.9284 15.357 14.6666 14.1156 17.9062 12.8373 11.4998 11.0056 10.05 9.88853 15.2894 11.1557 9.85297 12.8223 9.69473 9.39379 12.612
threshold=0.50267160226232266 0.45011335260256963 0.54910914356899332 0.51813010761607703 0.47525109053367748 0.59097673031642073 0.9081394478296031 0.4262613460920528 25.700000000000006 0.19016110914635745 -0.46551108635068433 21.700000000000006 0.12986761710273673 -0.4826060089235909 0.42602212109347842 29.600000000000005 0.40625651739344365 21.550000000000004 0.97326801073742009 17.000000000000004 82.500000000000014 0.92403693542735954 33.300000000000004 42.300000000000004 8.0000000000000018 5.5000000000000009 17.150000000000002 119.50000000000001 4.0000000000000009 0.062318507649744136
decision_type=2 2 2 2 2 2 2 2 2 2 2 2 2 2 2 2 2 2 2 2 2 2 2 2 2 2 2 2 2 2
left_child=1 14 3 13 16 15 9 8 12 10 -6 -11 -5 28 -1 -4 -3 19 20 -18 -15 -16 24 -24 -9 -8 -27 -20 -2 -30
right_child=2 4 5 7 6 -7 25 22 -10 11 -12 -13 -14 18 21 -17 17 -19 27 -21 -22 -23 23 -25 -26 26 -28 -29 29 -31
leaf_value=-0.055086505555242284 0.033922734320321689 -0.020424748151618093 0.045584233156043034 0.0085564830538312851 0.0012591734825058197 0.06017680595015517 -0.016866808952598348 0.0043659169686285143 0.037058084225222825 -0.0011304061131499432 -0.012848787720973715 0.026744322792179177 0.027418055339145504 0.016631927954699789 -0.037422175229010368 -0.025023452911221822 -0.03233785148885053 0.027430422993317712 -0.047527016996326055 -0.063170746856933538 0.0034691003655912857 -0.055409646331040258 -0.0088143049616046451 0.047237976180909802 0.036354249840220114 -0.018834993615056157 0.065912874976390354 0.0043184345611208211 0.022652940792646403 -0.0067914011401234561
leaf_weight=565.57066538929939 76.384482488036156 743.69815203547478 594.85777872800827 194.50818315148354 508.87123095989227 371.37384587526321 483.90606613457203 51.144184872508049 398.19579771161079 173.6854355186224 620.33091554045677 80.870664209127426 299.97596691548824 199.36788526177406 298.82668833434582 7.2959324568510047 111.30273260176182 10.056922897696493 19.856765478849411 42.560502797365189 787.95636284351349 108.22173216938972 80.836467787623405 14.216462209820746 59.304640635848045 9.3086059242486971 8.3078389018774015 16.122692584991455 105.55839221179485 55.063008829951286
leaf_count=3003 312 3218 2947 829 2054 2041 1974 219 1776 704 2513 328 1307 806 1447 31 497 45 80 196 3188 533 350 62 255 38 34 65 431 224
internal_value=0.000475716 -0.0219708 0.0258439 0.0156111 -0.0123055 0.0506248 -0.00697393 0.0246011 0.0276247 -0.00387095 -0.00648711 0.00771259 0.0200121 0.00777236 -0.0497157 0.0447164 -0.0233726 -0.0366956 0.00505954 -0.0409346 0.00613352 -0.0422292 0.0114358 -0.000337541 0.0216044 -0.015523 0.020996 -0.0242085 0.0194571 0.01253
internal_weight=7097.54 3765.52 3332.02 2358.49 2792.9 973.528 1885.28 1098.18 892.68 1383.76 1129.2 254.556 494.484 1260.31 972.619 602.154 907.618 163.92 1023.3 153.863 987.324 407.048 205.502 95.0529 110.449 501.523 17.6164 35.9795 237.006 160.621
internal_count=31507 16584 14923 9904 11601 5019 7645 4798 3912 5599 4567 1032 2136 5106 4983 2978 3956 738 4139 693 3994 1980 886 412 474 2046 72 145 967 655
is_linear=0
shrinkage=0.05


Tree=17
num_leaves=31
num_cat=0
split_feature=0 0 0 0 0 0 0 11 1 1 7 1 18 15 19 1 19 4 14 15 8 17 18 11 15 1 17 7 18 17
split_gain=1477.44 442.889 257.381 57.6539 37.947 37.9355 21.7912 19.8262 18.769 15.907 17.803 15.4529 17.2009 15.0668 14.5785 13.7002 13.6269 13.5221 13.2824 13.1898 21.3843 13.0407 19.7991 12.6272 11.7004 11.631 11.4701 10.2702 9.61822 9.51663
threshold=0.50565907482880046 0.45952632491596201 0.54910914356899332 0.48380863288237325 0.52052372159454308 0.42602212109347842 0.59097673031642073 4.0000000000000009 0.92591946856074958 0.95001486353853748 1.0000000180025095e-35 0.048488195647308337 40.92409712303612 21.500000000000004 15.500000000000002 0.055693210764108922 29.600000000000005 -0.057230128838571308 8.5000000000000018 113.50000000000001 1.0000000180025095e-35 34.550000000000004 33.937416463558463 6.0000000000000009 87.500000000000014 0.23364055229912986 22.050000000000004 1.0000000180025095e-35 33.689039039039045 10.950000000000001
decision_type=2 2 2 2 2 2 2 2 2 2 2 2 2 2 2 2 2 2 2 2 2 2 2 2 2 2 2 2 2 2
left_child=1 5 4 29 9 -1 16 17 21 10 18 12 -6 -13 -14 26 -4 -5 -2 24 -21 25 -23 -15 -11 -7 -9 -17 -19 -3
right_child=2 3 6 7 11 8 -8 15 -10 19 -12 13 14 23 -16 27 -18 28 -20 20 -22 22 -24 -25 -26 -27 -28 -29 -30 -31
leaf_value=-0.053850921462327277 0.0090489579926672 0.025581065618184962 0.044217384085158837 0.015146506146324849 0.053808457993009318 -0.04258169917784687 0.059078086868757651 0.057183157517962172 -0.050943526778834625 -0.0013716749725210923 0.023930451262412042 -0.024563504008715254 0.065172917126436872 0.030908471726156402 -0.02497632800467138 -0.012576005316006063 -0.023669652368344743 0.0013268369182147875 -0.043967965318125184 0.025933214851694454 -0.06807367934829453 0.026045962141988951 -0.028413329685322904 0.018406749024697733 -0.043739595763563538 -0.025641057300234128 0.001489424066412216 -0.0021407560691330341 -0.031676512046687713 -0.017745145432927777
leaf_weight=550.01921996474266 568.16671314835548 12.645802944898604 582.89412118494511 212.78910142183304 78.767278388142586 221.29951667785645 359.66611707210541 9.4548356533050519 159.61459937691689 34.302427858114243 249.80472694337368 16.661347195506096 6.3680132031440762 329.62956129014492 14.492027297616003 654.74187554419041 7.3323159217834464 288.81391632556915 11.937378302216528 42.224041610956192 6.9414880573749533 23.307432278990746 57.600355446338654 533.56568048894405 31.395532369613647 192.3298095613718 295.36509132385254 370.50217404961586 23.789686545729637 1087.9549636542797
leaf_count=3003 2305 53 2947 857 361 1050 2041 38 789 139 1044 70 29 1471 66 2642 31 1162 48 171 28 108 269 2337 127 916 1188 1489 96 4632
internal_value=0.000456629 -0.0185887 0.0280255 -0.0081737 0.0175073 -0.044149 0.0493234 -0.0027922 -0.0359768 0.0103472 0.0127629 0.0244069 0.0431257 0.022277 0.00248492 -0.00604227 0.0433617 0.00542562 0.00794197 -0.00705904 0.012448 -0.0311268 -0.0126505 0.0231896 -0.02173 -0.0347248 0.0032515 -0.00881037 -0.00117811 -0.0172405
internal_weight=7034.38 4160.23 2874.15 2956.06 1924.26 1204.17 949.893 1855.46 654.152 944.772 829.909 979.484 99.6273 879.857 20.86 1330.06 590.226 525.393 580.104 114.863 49.1655 494.537 80.9078 863.195 65.698 413.629 304.82 1025.24 312.604 1100.6
internal_count=31507 18292 13215 12157 8196 6135 5019 7472 3132 3862 3397 4334 456 3878 95 5357 2978 2115 2353 465 199 2343 377 3808 266 1966 1226 4131 1258 4685
is_linear=0
shrinkage=0.05


Tree=18
num_leaves=31
num_cat=0
split_feature=4 12 12 4 4 4 4 12 4 4 12 12 4 12 12 4 12 5 4 5 11 18 12 20 11 4 4 12 19 4
split_gain=567.227 212.38 208.39 155.144 152.27 114.002 74.3147 66.7139 81.3531 61.2209 92.9661 46.0515 36.6012 33.6264 32.2518 30.409 29.5391 27.7771 22.2995 15.1235 14.8022 13.7095 13.5757 13.273 12.9734 12.1865 12.0597 11.6527 10.4989 10.4911
threshold=-0.038370328300551752 -118.99999999999999 -110.49999999999999 0.074599456095292851 -0.13927152274773785 0.013255813265475149 -0.064792296102365185 -138.99999999999997 -0.095860863613925387 0.0032273226137392867 105.50000000000001 -120.99999999999999 0.020292922179904308 124.50000000000001 -151.99999999999997 -0.062390026693129728 1.0000000180025095e-35 0.43117192676549715 -0.080577175266610526 -0.48035195594114183 9.0000000000000018 11.398100931950063 -110.49999999999999 13.750000000000002 6.0000000000000009 -0.016244859883931814 -0.015590592302941629 -162.99999999999997 24.500000000000004 -0.10916459323570381
decision_type=2 2 2 2 2 2 2 2 2 2 2 2 2 2 2 2 2 2 2 2 2 2 2 2 2 2 2 2 2 2
left_child=1 4 5 9 14 11 29 18 -9 16 12 20 -11 -5 -1 -10 26 22 27 -13 -2 -15 -8 -12 -20 -21 -4 -6 -22 -3
right_child=2 6 3 13 7 -7 17 8 15 10 23 19 -14 21 -16 -17 -18 -19 24 25 28 -23 -24 -25 -26 -27 -28 -29 -30 -31
leaf_value=-0.016515462778648064 0.044385011230513104 -0.056158393070714741 -0.0095886379390587844 0.047741709076417733 0.026130567976221177 0.05203729277739471 -0.0059953922839451317 -0.033272357297941174 -0.0097589198956457446 0.0075370517627189326 -0.024209971193714836 0.029346638381897768 0.031679824564379629 -0.077124415618178011 -0.052020829695443818 0.0082783569325853654 -0.021170379804178931 -0.047855457917006412 0.036350825750363427 0.0021186221543125663 0.027408676315082071 0.013185811114638363 -0.023836098674534616 -0.0035965779116115212 0.0033504577392549049 0.017420200075224775 0.0059220166525300313 0.0037081467912501104 -0.018100353411465056 -0.041286625780916728
leaf_weight=97.60469488799572 186.30522999167442 181.71314726769924 271.33341893553734 228.95424981415272 67.022621914744377 388.31528100371361 220.35562132298946 248.80787362158298 487.08619032800198 292.60432349145412 91.508502185344696 106.021209821105 340.4533364623785 4.406207710504531 188.85361231863499 448.81820720434189 361.337401881814 74.184004157781601 120.73205015063286 306.5277413725853 140.58950266242027 60.519338175654411 208.41199189424515 536.91253952682018 40.009468853473663 227.15763163566589 232.36019127070904 431.36723665893078 13.723686814308165 367.45064251124859
leaf_count=455 922 1034 1107 1256 282 2153 906 1196 2026 1217 378 455 1599 19 1051 1831 1575 360 548 1248 652 258 944 2218 177 1001 948 1775 63 1853
internal_value=0.000438204 -0.0151231 0.0135095 0.00468912 -0.00604224 0.0291029 -0.0335026 -0.000769672 -0.0078661 -1.51696e-05 0.00700753 0.020009 0.0205317 0.0387347 -0.0399505 -0.00110374 -0.0102618 -0.0195939 0.011977 0.0120862 0.034866 0.00687078 -0.0146825 -0.00660956 0.0281751 0.00864299 -0.0024237 0.00673814 0.0233199 -0.046226
internal_weight=6971.45 3182.42 3789.03 2420.39 2130.3 1368.64 1052.12 1843.84 1184.71 2126.51 1261.48 980.325 633.058 293.88 286.458 935.904 865.031 502.952 659.131 639.707 340.618 64.9255 428.768 628.421 160.742 533.685 503.694 498.39 154.313 549.164
internal_count=31507 14438 17069 10575 9341 6494 5097 7835 5053 9042 5412 4341 2816 1533 1506 3857 3630 2210 2782 2704 1637 277 1850 2596 725 2249 2055 2057 715 2887
is_linear=0
shrinkage=0.05


Tree=19
num_leaves=31
num_cat=0
split_feature=0 0 0 0 0 5 5 17 0 5 18 17 1 0 1 1 1 18 1 5 20 0 1 8 1 5 1 18 17 0
split_gain=1244.94 419.361 202.855 57.026 37.1574 24.1058 22.161 22.1434 21.0246 20.7782 20.3717 23.531 19.0071 15.6861 14.2795 13.8881 13.2962 13.0082 12.7181 11.747 12.1826 13.0648 10.9362 25.2407 10.6433 13.0902 9.83181 9.61149 9.50181 9.24505
threshold=0.50852850663742954 0.45952632491596201 0.55052993123204985 0.48823268548261867 0.42602212109347842 0.42503604359748082 -0.49537773159293702 25.750000000000004 0.59097673031642073 -0.47929046143339366 39.481357798165142 31.850000000000005 0.12986761710273673 0.51813010761607703 0.062318507649744136 0.95975399706698783 0.084694714523930612 21.907793522267209 0.94705180011802681 0.40625651739344365 22.050000000000004 0.479095021000504 0.27797281473550517 1.0000000180025095e-35 0.92591946856074958 -0.36231768381090684 0.9772984706881066 15.337301587301591 26.950000000000003 0.49018428149744214
decision_type=2 2 2 2 2 2 2 2 2 2 2 2 2 2 2 2 2 2 2 2 2 2 2 2 2 2 2 2 2 2
left_child=1 4 5 19 -1 7 -6 12 18 17 11 -7 14 -9 -2 16 -11 -5 -4 22 21 -21 23 -3 25 -8 -13 -14 -24 -19
right_child=2 3 8 9 6 10 24 13 -10 15 -12 26 27 -15 -16 -17 -18 29 -20 20 -22 -23 28 -25 -26 -27 -28 -29 -30 -31
leaf_value=-0.051648298574147794 0.028211356300777618 -0.012720084380092062 0.046272162311072569 0.026990803386612579 -0.010312973547978409 0.0132748672860538 -0.04319774987834521 0.017261306020847269 0.057198867026978309 -0.010036744386637772 0.04607409119895569 -0.007886442091872085 0.0065023464210827641 0.033818562720501689 0.0011325783444501632 -0.020324514068219026 0.001049483537008313 0.043277684983325432 0.029463130469437632 -0.035979253064702878 0.036590222486265062 -0.011445401749665298 -0.00045969882197064793 -0.044371366685639513 -0.048596291349211951 -0.024723150587683259 -0.041355550429160948 0.025084210105907431 -0.018670189417176443 0.0028257934267181652
leaf_weight=520.97155733406544 59.077371999621391 665.98395331203938 380.1779163479805 81.110654205083847 88.746731758117676 149.67550228536129 174.3749231249094 230.83250513672829 338.40542732179165 383.19393493235111 26.738756790757179 81.151914566755295 86.652022495865822 384.78370346128941 277.22370074689388 115.30282029509544 916.58905431628227 14.71238102018833 163.91640122234821 141.78974211215973 7.7554203420877448 89.239238694310188 276.59314207732677 69.688280940055847 153.54036191105843 219.17869032919407 30.295292511582375 372.00643661618233 96.853357717394829 318.37235118448734
leaf_count=3003 257 2812 1999 327 421 640 855 950 2041 1543 117 348 375 1768 1172 470 3691 59 861 636 34 374 1165 292 789 1067 131 1612 414 1284
internal_value=0.000420004 -0.0159509 0.027912 -0.00656357 -0.041726 0.0178012 -0.0335814 0.0204931 0.047361 -0.000810414 0.00459096 0.000307965 0.0149632 0.0276222 0.00591129 -0.00369597 -0.00221556 0.00903443 0.0412237 -0.014367 -0.0244477 -0.0265333 -0.0121902 -0.0157307 -0.0373442 -0.0329304 -0.0170583 0.0215867 -0.00519971 0.00464002
internal_weight=6914.93 4334 2580.94 3177.18 1156.81 1698.44 635.841 1410.58 882.5 1829.28 287.861 261.123 794.96 615.616 336.301 1415.09 1299.78 414.195 544.094 1347.9 238.784 231.029 1109.12 735.672 547.094 393.554 111.447 458.658 373.446 333.085
internal_count=31507 19236 12271 13101 6135 7370 3132 6134 4901 7374 1236 1119 3416 2718 1429 5704 5234 1670 2860 5727 1044 1010 4683 3104 2711 1922 479 1987 1579 1343
is_linear=0
shrinkage=0.05


Tree=20
num_leaves=31
num_cat=0
split_feature=4 2 2 4 4 4 2 4 25 5 2 2 4 2 4 2 4 11 4 11 15 5 5 2 2 2 4 5 4 17
split_gain=455.693 210.256 162.93 183.989 134.092 94.4789 71.0948 63.8759 58.7622 38.7993 34.2732 33.5363 56.5231 32.4874 29.0956 24.8835 24.668 23.0486 21.9382 18.2737 15.1678 14.9927 13.6868 11.5434 11.4911 11.3296 11.3091 10.9796 10.9289 9.74808
threshold=-0.038370328300551752 0.54336947456213525 0.50247524752475259 0.014013590341952488 -0.13673011911755326 0.069775322828077815 0.54336947456213525 -0.064792296102365185 1.0000000180025095e-35 0.43117192676549715 0.60314960629921266 0.57805155960689369 -0.07311031847010023 0.44053718366713251 0.0091254390096003907 0.4784798534798535 0.039771535736526815 7.0000000000000009 -0.014276920017636972 4.0000000000000009 15.500000000000002 0.45337935268161667 -0.4826060089235909 0.5282913913178916 0.63832570307390457 0.4784798534798535 -0.093916564116457588 -0.50811592480077794 -0.16882577210718291 12.350000000000003
decision_type=2 2 2 2 2 2 2 2 2 2 2 2 2 2 2 2 2 2 2 2 2 2 2 2 2 2 2 2 2 2
left_child=1 7 5 6 10 14 18 26 11 23 -3 12 -6 -7 20 29 -5 -8 22 -13 -2 -20 -4 -9 28 -22 -1 -28 -12 -16
right_child=2 4 3 16 8 13 17 9 -10 -11 24 19 -14 -15 15 -17 -18 -19 21 -21 25 -23 -24 -25 -26 -27 27 -29 -30 -31
leaf_value=-0.052498435268382417 0.059277887780917152 -0.049388270937968534 0.01929407042743193 0.032857091316019334 -0.019913043091450727 -0.0021534902240458015 0.041179913840582831 -0.021379110625010099 0.039126137731411693 -0.053331132627721094 -0.045360368601279462 0.017234547888208024 0.0027462264510388361 0.038168062984226155 -0.057387489338403146 0.010975251896045054 0.052856155792855998 0.018570858273961596 0.013795482910266969 -0.00035867873953072948 -0.029428676388260851 -0.026396375774906711 -0.0052897363601284164 -0.0046409242920131847 0.019525879031980116 -0.012218678873804106 0.011059494143207449 -0.039751041895888989 -0.0078757019859465992 -0.006326127618123358
leaf_weight=254.75997518002987 6.3661382347345343 187.2549120336771 63.530231967568398 294.9249130487442 492.41933454573154 68.403969213366508 184.11615474522114 230.95413494110107 90.780564218759537 73.383439674973488 31.082607269287109 264.44423353672028 623.00704331696033 182.74300111830235 9.4509928971528989 290.44160450994968 329.80747066438198 294.91735962033272 470.05506813526154 332.63942003250122 141.26264309883118 24.23612804710865 510.17887745797634 187.60786356031895 20.764809519052505 302.32742519676685 10.876865506172178 265.40439432859421 52.914812639355659 514.39552442729473
leaf_count=1513 27 1093 258 1515 2246 286 921 1055 427 370 169 1105 2535 1000 39 1257 1963 1365 2007 1393 673 99 2077 771 92 1265 47 1361 229 2118
internal_value=-0.000149497 -0.014219 0.0117481 0.0205276 -0.00514378 -0.000831377 0.0112736 -0.0328 -5.02423e-05 -0.0197946 -0.03657 -0.00213207 -0.00725341 0.0271694 -0.00639951 -0.000754069 0.0434297 0.0272778 0.00408864 0.00742645 -0.0166025 0.0118097 -0.00255582 -0.0138916 -0.0135853 -0.0177159 -0.0448326 -0.0377293 -0.0218435 -0.00726767
internal_weight=6805.45 3118.29 3687.16 2171.77 2095.31 1515.39 1547.03 1022.99 1803.29 491.945 292.017 1712.51 1115.43 251.147 1264.24 814.288 624.732 479.034 1068 597.084 449.956 494.291 573.709 418.562 104.762 443.59 531.041 276.281 83.9974 523.847
internal_count=31276 14406 16870 10205 9289 6665 6727 5117 7706 2196 1583 7279 4781 1286 5379 3414 3478 2286 4441 2498 1965 2106 2335 1826 490 1938 2921 1408 398 2157
is_linear=0
shrinkage=0.05


Tree=21
num_leaves=31
num_cat=0
split_feature=0 0 0 0 0 0 5 19 5 20 0 7 5 4 0 7 5 7 4 0 19 2 2 18 19 18 16 20 7 16
split_gain=1025.23 369.5 171.45 75.8446 26.2622 24.4479 24.3274 17.3976 17.2458 17.3084 14.6741 12.9491 18.6003 14.3943 12.3249 11.8892 21.7785 11.8375 11.7558 12.5595 11.0961 11.0128 10.9107 10.8571 9.79374 9.67669 9.44157 8.64491 15.0454 7.90933
threshold=0.50852850663742954 0.45011335260256963 0.55052993123204985 0.48430076625340218 0.52052372159454308 0.5890195998066271 0.30495212275382561 29.600000000000005 0.40625651739344365 22.250000000000004 0.43616488083785532 1.0000000180025095e-35 -0.34495149385354845 -0.056436274629946957 0.49145832757220581 1.0000000180025095e-35 0.22320735297558472 1.0000000180025095e-35 1.0000000180025095e-35 0.46693658301131774 9.0000000000000018 0.47394429469901173 0.61685261303581929 16.258403361344541 13.100000000000001 15.975765306122451 28.300000000000001 20.550000000000004 1.0000000180025095e-35 20.900000000000002
decision_type=2 2 2 2 2 2 2 2 2 2 2 2 2 2 2 2 2 2 2 2 2 2 2 2 2 2 2 2 2 2
left_child=1 10 4 8 6 7 17 -4 18 21 -1 13 14 29 -13 -6 25 22 19 -3 -8 -10 -2 -18 -15 -17 -22 -12 -29 -5
right_child=2 3 5 11 15 -7 20 -9 9 -11 27 12 -14 24 -16 16 23 -19 -20 -21 26 -23 -24 -25 -26 -27 -28 28 -30 -31
leaf_value=-0.048175254801965217 0.0088155712941409663 -0.019705070599275249 0.038056796683866266 0.01881756705825844 0.01783053172338599 0.054604320003956312 -0.070939751429431472 -0.042454835475732533 -0.0099849147123042652 0.043694362165680546 -0.037377605411111021 -0.0011826226994299176 -0.0060565981398216073 -0.01690118387148205 0.016966573479868099 0.0046300570728520464 -0.011939925139820763 0.028735165392067524 -0.032678069251051177 -0.008216910719631031 0.0074955636286984755 -0.03674205155366924 0.055934661987879233 0.024059760681845968 -0.0048921569586647083 0.052720655312689796 -0.012012707651161877 0.021304526430769286 -0.045419299912456232 0.00039599452800068011
leaf_weight=623.04502213001251 312.81150464713573 389.44432058930397 486.10500557720661 71.435614943504333 659.76818409562111 331.17325140535831 5.868496745824813 6.6667918413877478 49.083457604050636 7.8223735243082038 214.00852280855179 141.72613027691841 273.31115093827248 218.459681391716 272.1689807921648 11.985049292445181 23.902838081121445 127.08804948627949 79.492524906992912 618.26275663077831 128.25192043185234 188.91631513834 12.745460495352743 157.12452161312103 771.92414923012257 98.314801245927811 119.73170556128025 17.873148515820503 15.7713026702404 317.45106734335423
leaf_count=3718 1277 1790 2652 288 2998 2120 24 28 220 35 1112 571 1104 882 1099 54 108 544 343 2603 527 875 53 728 3119 459 489 93 81 1282
internal_value=-0.000143573 -0.014997 0.0254136 -0.00755114 0.0161413 0.0440571 0.0088253 0.036949 -0.0168497 -0.0288294 -0.0440584 -0.00154996 0.00405322 -0.00434539 0.0107411 0.0215691 0.0300097 0.0157744 -0.0141341 -0.0126632 -0.00354727 -0.0312514 0.0106922 0.0192748 -0.0075476 0.0475494 -0.00190433 -0.0336659 -0.00986693 0.00379672
internal_weight=6751.73 4270.2 2481.54 3399.5 1657.59 823.945 706.497 492.772 1333.02 245.822 870.698 2066.48 687.206 1379.27 413.895 951.095 291.327 452.645 1087.2 1007.71 253.852 238 325.557 181.027 990.384 110.3 247.984 247.653 33.6445 388.887
internal_count=31276 19215 12061 14211 7261 4800 2914 2680 5866 1130 5004 8345 2774 5571 1670 4347 1349 1874 4736 4393 1040 1095 1330 836 4001 513 1016 1286 174 1570
is_linear=0
shrinkage=0.05


Tree=22
num_leaves=31
num_cat=0
split_feature=0 0 0 0 0 25 1 5 11 0 19 1 0 18 1 1 18 7 19 20 11 20 5 17 1 18 2 17 17 11
split_gain=936.042 351.997 157.511 71.4049 24.6077 24.1446 20.7417 19.8511 17.7609 14.9396 14.5189 14.2256 13.9902 13.8174 13.6949 13.177 18.5794 12.5905 12.2565 11.6753 11.736 11.6449 11.4979 17.9621 10.7921 11.6287 10.4509 10.036 9.91871 9.91483
threshold=0.50972141717839803 0.45011335260256963 0.55052993123204985 0.48430076625340218 0.59893263935972141 1.0000000180025095e-35 0.93645188757987829 0.27074989541966599 4.0000000000000009 0.41053891923427194 30.300000000000004 0.027573015028923984 0.53225624757196732 15.975765306122451 0.017631579084629024 0.97326801073742009 38.903940379626967 1.0000000180025095e-35 16.500000000000004 17.050000000000004 4.0000000000000009 20.950000000000003 0.40006818066005367 30.050000000000004 0.025186294880903442 20.667919799498751 0.46949391641685773 14.65 13.050000000000002 17.000000000000004
decision_type=2 2 2 2 2 2 2 2 2 2 2 2 2 2 2 2 2 2 2 2 2 2 2 2 2 2 2 2 2 2
left_child=1 9 5 6 10 12 24 13 22 -1 -4 14 15 27 -10 29 -17 -13 -8 26 -21 -20 -5 -24 25 -3 -14 -7 -9 -2
right_child=2 3 4 8 -6 7 18 28 11 -11 -12 17 19 -15 -16 16 -18 -19 21 20 -22 -23 23 -25 -26 -27 -28 -29 -30 -31
leaf_value=-0.05140661269148266 0.0087021951914758103 -0.060632737883638127 0.037722072156286375 0.0085367146419491596 0.05593164814738151 0.039901149728009531 -0.044544579517357775 -0.054322969275173633 -0.024551657137613807 -0.037654297066298748 -0.052686729569815398 -0.0081477911191370749 -0.026019466183473641 0.050593263579769558 0.035705809853725123 -0.031781525024491296 0.049469329347925028 0.001631942253251879 -0.0260362558826518 0.056770123937945643 0.010094215729457463 0.016099854314069954 0.003604694718884062 -0.058578311878076252 -0.014172308503560792 0.021116983130156322 0.035645132560146252 -0.044047065607614559 0.019902907309349033 0.02266380156938029
leaf_weight=325.00537365674973 759.36581997573376 4.8026773184537879 546.62782572209835 516.41993659734726 252.43917472660542 6.9938069283962232 86.703166306018829 4.4933214783668509 12.148779332637785 524.55792470276356 4.3481013476848593 1013.4824379831553 7.0748251080512992 105.76801632344723 39.998398050665855 37.126618146896362 8.5439107418060285 486.14891193807125 131.31412413716316 14.532158717513083 180.95920276641846 18.51359735429287 37.051366358995438 16.721803933382034 1047.340543076396 37.319422662258148 135.11683048307896 7.0359086692333221 172.12544167041779 153.54366239905357
leaf_count=2079 3203 20 3103 2089 1678 31 407 20 49 2925 19 4097 34 504 161 154 36 1963 615 70 847 85 150 68 4583 156 638 32 799 661
internal_value=-0.000137409 -0.0140995 0.0249018 -0.00699412 0.0429541 0.0157902 -0.0160963 0.028677 -0.00130344 -0.0429266 0.0369901 -0.00407823 0.0128375 0.0444124 0.0215517 0.00974325 -0.0163972 -0.00497418 -0.0295332 0.021601 0.0136168 -0.0207891 0.00623874 -0.0157123 -0.013172 0.0115561 0.0325257 -0.00185883 0.0179566 0.0110581
internal_weight=6693.62 4297.53 2396.09 3447.97 803.415 1592.68 1325.99 296.416 2121.97 849.563 550.976 1551.78 1296.26 119.798 52.1472 958.58 45.6705 1499.63 236.531 337.683 195.491 149.828 570.193 53.7732 1089.46 42.1221 142.192 14.0297 176.619 912.909
internal_count=31276 19447 11829 14443 4800 7029 5866 1386 8577 5004 3122 6270 5643 567 210 4054 190 6060 1107 1589 917 700 2307 218 4759 176 672 63 819 3864
is_linear=0
shrinkage=0.05


Tree=23
num_leaves=31
num_cat=0
split_feature=0 0 0 0 0 1 0 5 0 1 16 18 1 18 7 17 1 1 1 20 16 7 5 18 5 0 6 0 16 18
split_gain=854.187 325.623 156.049 63.0551 24.6258 23.9812 22.4038 21.7794 14.9507 14.0599 14.6976 13.795 11.8405 14.0592 12.1014 11.7989 11.6543 11.3259 11.2349 10.6458 11.0136 10.2109 19.3012 9.76734 9.01222 9.79118 8.75766 8.72599 19.0725 8.41418
threshold=0.50852850663742954 0.45011335260256963 0.55052993123204985 0.48023065295442346 0.59893263935972141 0.94927079956200522 0.52052372159454308 0.30495212275382561 0.41053891923427194 0.95975399706698783 25.500000000000004 39.038690476190482 0.027573015028923984 40.657954545454551 1.0000000180025095e-35 33.150000000000013 0.11962833811825034 0.075126418832738392 0.94705180011802681 22.250000000000004 22.700000000000006 1.0000000180025095e-35 0.22320735297558472 12.603370786516855 -0.51551329418697767 0.46693658301131774 1.0000000180025095e-35 0.57200372413562717 25.100000000000005 15.975765306122451
decision_type=2 2 2 2 2 2 2 2 2 2 2 2 2 2 2 2 2 2 2 2 2 2 2 2 2 2 2 2 2 2
left_child=1 8 6 5 18 24 7 15 -1 12 -11 -12 13 -5 -14 16 -2 -17 -4 20 -7 -8 29 -24 26 -26 -3 -20 -29 -23
right_child=2 3 4 9 -6 19 21 -9 -10 10 11 -13 14 -15 -16 17 -18 -19 27 -21 -22 22 23 -25 25 -27 -28 28 -30 -31
leaf_value=-0.050458866882849611 0.0044581061552735066 -0.0095687207809231171 0.040731451225197578 0.0342945670680029 0.055120121991110216 0.023660630965290752 0.016335991352407164 -0.0037168321776136965 -0.03651583513244807 0.045586618223228008 -0.029024780977484118 0.011868075688334 -0.0046394786800418308 -0.020010332281820559 0.0032814277180666647 0.024429084605903546 0.022515562426972922 0.079325930797945879 0.014707143397054229 0.03326122357369235 -0.044405150948101733 0.0046481678053099038 -0.038698881339181396 0.020051835309593653 -0.021305882026346312 -0.010813398589788898 0.02583145794193567 -0.065388733760517667 0.044095371276505931 0.049625640056825751
leaf_weight=314.81597758829594 241.08293336629868 52.360732525587082 372.93908026814461 46.399553000926971 243.57473705708981 6.1242479532957068 651.95347395539284 253.55373205244541 514.13808342814445 8.5987386405467969 109.43506792187691 25.15530863404274 1309.4391469657421 15.826922371983526 762.46208199858665 55.129598945379257 142.80484208464622 11.441497027873991 93.15151609480381 4.9238495975732794 109.91808731853962 11.987296387553213 7.2333475053310385 171.22148977220058 401.47298920154572 506.26837375760078 26.056332528591156 4.0960555225610724 69.722204774618149 94.419146955013275
leaf_count=2079 997 225 2163 187 1678 29 2998 1040 2925 35 454 104 5298 64 3093 235 594 48 512 22 537 54 32 804 1882 2170 111 24 423 459
internal_value=-0.000131135 -0.0137373 0.0235136 -0.00685588 0.0418739 -0.0166441 0.0147417 0.00798844 -0.0418225 -0.00209459 -0.0172585 -0.0213415 -0.00107407 0.0203923 -0.00172215 0.0145876 0.0111925 0.034044 0.0358797 -0.0376736 -0.0407526 0.0198099 0.0277346 0.0176221 -0.0140559 -0.0154613 0.00214825 0.0249951 0.0378724 0.0446147
internal_weight=6637.71 4213.4 2424.31 3384.44 783.484 1107.12 1640.83 704.013 828.954 2277.32 143.189 134.59 2134.13 62.2265 2071.9 450.459 383.888 66.5711 539.909 120.966 116.042 936.815 284.861 178.455 986.158 907.741 78.4171 166.97 73.8183 106.406
internal_count=31276 19215 12061 14211 4800 4976 7261 2914 5004 9235 593 558 8642 251 8391 1874 1591 283 3122 588 566 4347 1349 836 4388 4052 336 959 447 513
is_linear=0
shrinkage=0.05


Tree=24
num_leaves=31
num_cat=0
split_feature=25 24 2 15 2 18 20 1 1 19 2 1 20 1 14 20 1 1 18 15 17 15 14 20 17 17 20 17 19 16
split_gain=263.758 114.296 23.3312 19.5313 15.4436 11.5998 10.4949 8.46412 7.95537 9.77518 11.6787 7.57864 7.47206 7.21986 7.10986 6.99789 6.33054 6.08916 5.56804 6.48526 5.51697 8.52427 5.24266 5.22834 6.57374 4.47381 4.3217 4.21725 3.5762 6.8891
threshold=1.0000000180025095e-35 1.0000000180025095e-35 0.49752475247524758 20.500000000000004 0.61685261303581929 16.258403361344541 13.750000000000002 0.070002892058534993 0.94067229220262238 20.700000000000006 0.53270007642755768 0.94139000340651113 22.650000000000002 0.012380630207725235 3.5000000000000004 18.550000000000004 0.026399945119700344 0.15606093923466222 17.539968652037622 88.500000000000014 19.350000000000005 108.50000000000001 1.5000000000000002 20.750000000000004 33.350000000000001 16.550000000000004 11.750000000000002 22.850000000000005 21.300000000000001 24.733333333333338
decision_type=2 2 2 2 2 2 2 2 2 2 2 2 2 2 2 2 2 2 2 2 2 2 2 2 2 2 2 2 2 2
left_child=1 2 3 25 12 14 11 -8 28 10 15 -5 13 -4 17 -10 -14 20 19 -6 21 -2 -12 -11 -25 -1 -20 -19 -7 -30
right_child=5 -3 4 6 18 8 7 -9 9 23 22 -13 16 -15 -16 -17 -18 27 26 -21 -22 -23 -24 24 -26 -27 -28 -29 29 -31
leaf_value=-0.0014541649696028858 0.0055249781061581515 0.056144653042445251 -0.035468636031653199 -0.018943562400869113 -0.041444568427141552 0.042339453031366887 -0.017506368824317303 -0.0065497692838107219 -0.01708012700758043 0.05438503001620737 -0.017978686150913376 -0.053378561914638217 0.027160380848050249 -0.0024999701683820204 -0.026937035035606145 0.032234037787362543 -0.019435046388812355 0.033197427925560463 0.060428491259112593 0.0088352395750218356 0.045032018046736094 -0.073516208350399001 0.036228557280583426 -0.031236394271485585 0.04181417930458646 0.054313786584651802 0.016801545846498112 -0.014843761046915628 0.012018852656468102 0.047500942968205548
leaf_weight=4.5901917815208462 13.021685451269155 79.990654572844505 16.592317759990692 150.81064355373383 8.4950007647275907 278.07516248524189 232.19471241533756 745.2372644841671 29.239049136638641 34.192875266075134 4.7314579635858527 18.064206257462502 7.6954500824213019 4511.4344254285097 8.5498739182949048 9.3968192934989911 99.094787016510963 53.201642513275146 6.0464073717594138 24.934264242649078 4.8472043573856345 4.4724969565868369 47.629833802580833 4.5199080258607855 8.9044418483972532 13.989702135324476 102.06144046783447 4.7895440906286231 30.980481863021851 25.259391993284225
leaf_count=21 74 575 87 690 41 1519 1002 3444 164 189 28 91 41 21011 44 57 500 297 29 113 27 24 285 26 55 61 460 27 159 135
internal_value=-0.000124896 -0.00318297 -0.00398351 -0.0103292 -0.00243466 0.0326359 -0.0111582 -0.00915921 0.0357599 0.0255529 0.0158328 -0.022686 -0.0029325 -0.00262266 0.015936 -0.00490486 -0.0160083 0.020589 0.013823 -0.00387818 -0.00137572 -0.0147012 0.0312101 0.0439511 0.0167996 0.0403345 0.0193414 0.0291249 0.0399681 0.0280999
internal_weight=6583.04 6021.23 5941.24 1164.89 4776.35 561.812 1146.31 977.432 472.929 138.614 90.9972 168.875 4634.82 4528.03 88.8824 38.6359 106.79 80.3326 141.537 33.4293 22.3414 17.4942 52.3613 47.6172 13.4243 18.5799 108.108 57.9912 334.315 56.2399
internal_count=31276 28166 27591 5309 22282 3110 5227 4446 2617 804 534 781 21639 21098 493 221 541 449 643 154 125 98 313 270 81 82 489 324 1813 294
is_linear=0
shrinkage=0.05


Tree=25
num_leaves=31
num_cat=0
split_feature=4 2 2 4 4 4 4 2 4 2 4 2 2 11 4 2 4 2 4 16 5 17 5 2 17 5 15 17 4 15
split_gain=345.532 153.233 129.44 126.952 98.971 69.6529 64.8363 49.8541 49.2386 43.1121 37.8781 35.0957 31.6551 28.0174 26.263 23.6687 16.0933 11.9555 18.0446 11.4757 11.2932 11.2575 11.2128 10.8344 10.7245 10.489 10.2355 9.83031 9.73876 12.2704
threshold=-0.051288001509460883 0.56331045003813884 0.52152014652014667 0.015819666191306262 0.074599456095292851 -0.080577175266610526 -0.14224914735103694 0.5584795321637428 -0.014276920017636972 0.49262279169093387 -0.026485204813977283 0.53270007642755768 0.44543650793650796 4.0000000000000009 0.015819666191306262 0.62546291100886553 -0.13387583166581038 0.58505509641873299 -0.099124442151320727 44.900000000000006 -0.49428528092920637 19.750000000000004 -0.4840228430637365 0.48900047824007659 12.65 -0.4782684953660597 36.500000000000007 26.250000000000004 -0.081440311559503334 39.500000000000007
decision_type=2 2 2 2 2 2 2 2 2 2 2 2 2 2 2 2 2 2 2 2 2 2 2 2 2 2 2 2 2 2
left_child=1 5 4 7 8 16 15 10 23 19 25 -7 21 28 -11 -3 -1 18 -15 -10 -18 -6 -12 -2 -25 -4 -19 -22 29 -8
right_child=2 6 3 -5 12 11 13 -9 9 14 22 -13 -14 17 -16 -17 20 26 -20 -21 27 -23 -24 24 -26 -27 -28 -29 -30 -31
leaf_value=-0.053420097837001371 -0.032718585659936912 -0.038571769147087522 0.011202845740084809 0.044833899230590619 -0.031026566768065252 -0.030129556647973989 -0.041950732070582419 0.031722725847484569 -0.0070882650626487125 0.0029181867324589716 0.033416574980058754 -0.0072021107386537435 0.040988711871682675 -0.028817773278309568 0.023382771289713028 0.010970132164674455 -0.018477849123085775 -0.062690308174524798 -0.0030921521594909568 0.030818782004944124 -0.030997424684889686 0.014343753435177346 0.013917389757245846 0.043953488694441718 -0.014933574557269402 -0.0041912131484181823 0.0059759635521191767 -0.048004181848827869 0.026032438182379786 0.010593561178437752
leaf_weight=150.24668942391872 94.74451319873333 142.97944755852222 142.83177807927132 366.91585789620876 20.002628654241562 270.4522395581007 11.445470228791235 267.72724014520645 841.99645110964775 410.4186298251152 85.531517654657364 438.01805944740772 183.64084085822105 90.379352241754532 254.28448459506035 28.769578665494919 90.584857925772667 5.4339153468608847 278.84743817150593 20.307871356606483 199.47238090634346 42.635928988456726 557.54837456345558 7.7736133038997641 344.66022361814976 489.30823577940464 258.30404898524284 153.53317183256149 109.63064271211624 276.44310577213764
leaf_count=1030 509 863 586 2406 87 1399 48 1409 3576 1681 407 1848 1179 434 1258 131 477 23 1144 88 1124 185 2500 33 1491 2006 1102 921 480 1171
internal_value=-3.07233e-05 -0.0146841 0.00885371 0.0183975 0.000642223 -0.0265665 -0.00180732 0.0121051 -0.0030844 0.00118599 0.00798039 -0.0159645 0.0305244 0.00292952 0.0107568 -0.0302424 -0.0392019 -0.00359785 -0.00940891 -0.00618626 -0.0343639 -9.12026e-05 0.0165234 -0.0176749 -0.0136084 -0.000703802 0.00451902 -0.0384199 0.0133338 0.00847338
internal_weight=6634.87 2504.54 4130.33 1909.86 2220.47 1302.31 1202.23 1542.95 1974.19 1527.01 1275.22 708.47 246.279 1030.48 664.703 171.749 593.837 632.965 369.227 862.304 443.59 62.6386 643.08 447.178 352.434 632.14 263.738 353.006 397.519 287.889
internal_count=31596 12195 19401 9314 10087 6799 5396 6908 8636 6603 5499 3247 1451 4402 2939 994 3552 2703 1578 3664 2522 272 2907 2033 1524 2592 1125 2045 1699 1219
is_linear=0
shrinkage=0.05


Tree=26
num_leaves=31
num_cat=0
split_feature=0 0 0 0 0 0 7 5 0 1 18 5 5 15 15 18 1 15 15 4 15 0 14 5 17 4 18 1 16 18
split_gain=774.321 242.606 197.723 37.1942 26.5468 24.2593 22.4502 32.6581 19.0134 18.0459 16.5173 16.1149 13.0662 10.8361 10.4113 10.2126 9.80342 9.73239 9.38583 9.28658 11.0664 10.111 8.90368 8.46442 7.98359 7.79908 8.51973 7.95218 7.46534 15.8666
threshold=0.50267160226232266 0.45219473294330509 0.55052993123204985 0.53015750189960886 0.47291317046687747 0.58699098979010211 1.0000000180025095e-35 0.36597833008057318 0.43442715220812705 0.94228194073276283 15.765098722415798 -0.51244060697693994 -0.4756323512840766 141.50000000000003 185.50000000000003 21.013583611746089 0.97326801073742009 30.500000000000004 104.50000000000001 -0.022550022019981238 25.500000000000004 0.49683330332277154 3.5000000000000004 -0.51694354397447939 20.750000000000004 -0.11176130500494359 31.298869944488505 0.026399945119700344 29.900000000000002 30.89715447154472
decision_type=2 2 2 2 2 2 2 2 2 2 2 2 2 2 2 2 2 2 2 2 2 2 2 2 2 2 2 2 2 2
left_child=1 8 3 6 16 9 14 17 -1 -4 -9 13 24 22 18 -16 25 -8 -2 21 -21 -13 -6 -10 -5 26 -3 -27 29 -14
right_child=2 4 5 12 11 -7 7 10 23 -11 -12 19 28 -15 15 -17 -18 -19 -20 20 -22 -23 -24 -25 -26 27 -28 -29 -30 -31
leaf_value=-0.045291075507872855 -7.060107463368531e-05 -0.012842879059085127 0.040171336611536601 -0.014682644932196976 -0.00091808869221052822 0.051173626886032268 -0.049632102856700534 -0.082004593283037719 0.0029727450806814669 0.018956515028793825 -0.00034344804643010954 -0.0072849326934626719 0.017891502793925471 0.035171799708507305 0.022734916136598362 -0.037396000212902854 -0.059229737093132701 0.026186960395492898 0.008626712146413652 0.037064319740937567 -0.012927742233452534 0.0033907885913046307 0.041337732967748397 -0.031632365075927669 0.046193962630906332 0.0053624547421395564 0.019166957398470297 -0.019891913790928851 0.028040107127225208 -0.025261309080237378
leaf_weight=533.1170354783535 542.81231068074703 69.212770596146584 296.15916626155376 5.6510253399610511 140.80156777799129 311.7104974091053 4.1541237831115714 6.436555251479148 18.552669003605843 153.63353399932384 120.09222114086151 861.94465485215187 287.52262917160988 31.036197930574417 9.3035589009523374 27.496496230363846 13.557063192129133 328.50851190090179 720.2563534528017 11.123742341995237 630.54819671809673 297.82705838978291 13.557934343814848 282.35662794113159 70.896069213747978 32.673393905162811 29.529958307743073 551.40038688480854 161.03207276761532 22.8265271037817
leaf_count=3568 2246 313 1754 27 571 2298 18 27 94 888 508 3563 1367 126 39 114 72 1437 2993 45 2594 1199 55 1557 367 138 134 2590 782 112
internal_value=-2.95735e-05 -0.0160438 0.0183249 0.0110289 -0.00871947 0.0404172 0.0074806 0.0169866 -0.0395975 0.032942 -0.00459854 -0.00577081 0.0224079 0.00825002 0.00411761 -0.0220382 -0.0171231 0.0252105 0.00488531 -0.00721691 -0.0120477 -0.00453906 0.00278538 -0.0294819 0.0416213 -0.0162713 -0.00320974 -0.0184699 0.0192691 0.0146943
internal_weight=6585.73 3517.24 3068.49 2306.99 2683.21 761.503 1759.06 459.191 834.026 449.793 126.529 1986.84 547.928 185.396 1299.87 36.8001 696.374 332.663 1263.07 1801.44 641.672 1159.77 154.36 300.909 76.5471 682.817 98.7427 584.074 471.381 310.349
internal_count=31596 16619 14977 10037 11400 4940 7382 1990 5219 2642 535 8153 2655 752 5392 153 3247 1455 5239 7401 2639 4762 626 1651 394 3175 447 2728 2261 1479
is_linear=0
shrinkage=0.05


Tree=27
num_leaves=31
num_cat=0
split_feature=0 0 0 0 0 0 0 7 19 7 5 15 0 4 16 18 19 5 15 23 15 5 11 0 16 18 5 18 16 18
split_gain=705.66 274.232 137.562 39.8818 23.0488 21.7033 18.7687 16.2862 15.3861 15.2614 28.4626 22.4693 14.5603 14.0706 13.7146 20.7329 13.1074 12.8812 12.1906 14.8122 12.7635 11.6838 11.2647 10.2271 10.1761 9.44079 11.5471 9.23178 8.84062 12.2564
threshold=0.50790258191082083 0.45219473294330509 0.55157654133753875 0.49683330332277154 0.58699098979010211 0.53015750189960886 0.43442715220812705 1.0000000180025095e-35 28.500000000000004 1.0000000180025095e-35 0.19761026866505946 47.500000000000007 0.47071989704091849 -0.0051882165923884385 25.700000000000006 27.574481458202392 8.3000000000000025 -0.51857725404557586 104.50000000000001 1.0000000180025095e-35 87.500000000000014 0.43210133384890598 4.0000000000000009 0.54185747440401333 39.300000000000004 13.230925324675328 -0.34495149385354845 30.155828308929088 34.100000000000009 23.411106233538195
decision_type=2 2 2 2 2 2 2 2 2 2 2 2 2 2 2 2 2 2 2 2 2 2 2 2 2 2 2 2 2 2
left_child=1 6 5 12 8 9 -1 13 28 18 27 -12 -3 22 15 -7 24 -18 20 -20 -2 -16 -5 -17 -14 -9 -27 -11 -4 -30
right_child=2 3 4 7 -6 14 -8 25 -10 10 11 -13 16 -15 21 23 17 -19 19 -21 -22 -23 -24 -25 -26 26 -28 -29 29 -31
leaf_value=-0.044320649733413112 0.0062047619538599767 -0.017155753561681371 0.038119864702481854 0.012417781252135836 0.050387247722494158 0.018546044802939081 -0.028455171183663287 -0.04313948042542376 -0.034365491940356326 0.026309805184027708 -0.068067680216044077 0.0088547355875800201 0.0093792035860868102 -0.011120860602216698 0.035620784143397706 -0.045731803212668072 0.01022525672606843 -0.009881271847268891 0.014503302013731394 -0.011231360592627457 -0.014432123571112102 0.013599306850436928 -0.0022248278360546192 0.013379526910442828 0.082042435549927212 0.0207234320329483 0.00027294552795329943 0.053588535056990565 -0.059149251651529136 0.02492597145092991
leaf_weight=517.94084870815277 192.78996166586876 583.84670582413673 297.50318241119385 181.2961862385273 301.02016937732697 238.67446079850197 296.30168199539185 7.6825172752141944 8.362409293651579 120.18213304877281 9.9782345145940763 161.45184110105038 43.260197162628174 308.92292346060276 207.38907265663147 20.23869422078133 84.374520465731621 1338.580087095499 401.91248564422131 64.649191424250603 122.29988902807236 86.319571316242218 474.86176876723766 11.20028445124626 5.3702544867992392 173.01111154258251 115.63507869839668 42.790370434522629 4.3861678689718238 110.18636505305767
leaf_count=3568 813 2776 1796 734 2298 1144 1651 31 39 537 42 710 178 1249 1071 92 345 5570 1699 278 514 410 1915 59 23 702 467 199 26 660
internal_value=-2.77729e-05 -0.0125577 0.0215254 -0.00617259 0.0397889 0.0136768 -0.0385576 0.00082246 0.0321788 0.00962785 0.0185724 0.00431118 -0.0104677 -0.00232161 0.0216795 0.0135056 -0.00780983 -0.0086849 0.00579293 0.010925 -0.00179147 0.0291726 0.00181458 -0.0245389 0.0176579 0.0110762 0.012551 0.0335313 0.0335494 0.021615
internal_weight=6532.42 4131.08 2401.33 3316.84 721.458 1679.88 814.243 1261.41 420.438 1116.05 334.403 171.43 2055.43 965.081 563.822 270.113 1471.59 1422.95 781.652 466.562 315.09 293.709 656.158 31.439 48.6305 296.329 288.646 162.973 412.076 114.573
internal_count=31596 19209 12387 13990 4819 7568 5219 5098 2521 4792 1488 752 8892 3898 2776 1295 6116 5915 3304 1977 1327 1481 2649 151 201 1200 1169 736 2482 686
is_linear=0
shrinkage=0.05


Tree=28
num_leaves=31
num_cat=0
split_feature=0 0 0 0 0 0 0 19 7 11 4 20 18 11 18 20 17 20 11 14 20 20 19 11 16 17 17 4 18 18
split_gain=644.358 214.867 176.981 32.0287 25.4599 24.1718 15.9167 14.0344 14.0323 19.812 13.144 12.7666 12.0214 11.929 17.8222 14.355 10.9399 10.3725 10.2364 9.90904 9.87822 9.61931 9.21771 9.50883 9.08736 8.60871 9.98192 8.47035 9.91472 9.7974
threshold=0.50267160226232266 0.45011335260256963 0.55052993123204985 0.51813010761607703 0.47291317046687747 0.58699098979010211 0.41053891923427194 28.500000000000004 1.0000000180025095e-35 8.0000000000000018 -0.022550022019981238 24.500000000000004 23.806429232192418 6.0000000000000009 15.337301587301591 22.150000000000002 13.050000000000002 14.950000000000001 4.0000000000000009 3.5000000000000004 22.450000000000003 22.150000000000002 9.0000000000000018 10.000000000000002 33.500000000000007 37.45000000000001 38.050000000000004 -0.1207300493179851 31.298869944488505 35.816829004329016
decision_type=2 2 2 2 2 2 2 2 2 2 2 2 2 2 2 2 2 2 2 2 2 2 2 2 2 2 2 2 2 2
left_child=1 6 3 8 21 7 -1 25 16 -10 22 -8 -11 14 19 -15 17 -2 -18 -5 -17 27 23 -6 -24 -4 -27 28 -3 -29
right_child=2 4 5 13 10 -7 11 -9 9 12 -12 -13 -14 15 -16 20 18 -19 -20 -21 -22 -23 24 -25 -26 26 -28 29 -30 -31
leaf_value=-0.047974569561256765 0.018643363566095177 -0.012792459800236891 0.035061789129259023 0.0016974667994122295 0.033212067902820934 0.049619835996617401 -0.033524738905141752 -0.03233594196141959 0.019648972186165251 -0.056358948710384042 -0.011146661412247922 0.059784223166900699 5.0112207645880231e-05 0.013823034647928934 0.027677275764012556 -0.096294716269519173 0.010464185745649141 -0.052231369382394914 -0.00084407700173367716 -0.0734419955778947 -0.0098740411936019401 0.017242976204712619 -0.0056911922697932549 -0.0056481922243259951 0.0042459205573573645 -0.051310158110570027 0.020753397056132227 -0.016298396620153623 0.026747624846032464 -0.033295392670132637
leaf_weight=278.83144742250443 7.167540147900584 55.433731809258461 365.31127607822418 35.294886559247971 35.660464435815811 290.65725463628769 465.42619056999683 8.446925222873686 253.61901107430458 13.054428607225416 639.72450883686543 3.5691815912723532 32.867665573954582 641.83523221313953 328.61392110586166 4.3070083558559444 288.86492444574833 17.220796838402748 648.69537600874901 4.8924871832132331 14.045665115118025 20.732990905642509 979.64523962140083 27.735342741012573 300.01300951838493 5.1418786197900763 54.354484438896179 534.9586378633976 22.070663630962372 101.75483720004559
leaf_count=2084 29 253 2241 161 145 2298 2874 39 1069 54 2639 22 136 2999 1606 20 1173 70 2633 22 65 96 4021 114 1234 31 331 2543 101 493
internal_value=-2.54125e-05 -0.0147309 0.0168793 0.0100644 -0.00819705 0.0384304 -0.0384649 0.0309025 0.00471829 0.014169 -0.00524647 -0.0327914 -0.0159645 0.0166125 0.0238311 0.0125694 0.00176909 -0.0312066 0.00263544 -0.00748564 -0.0308382 -0.0161486 -0.00243174 0.01615 -0.0033574 0.0321791 0.0143659 -0.0171272 -0.00144838 -0.0190274
internal_weight=6479.95 3465.56 3014.39 2290.48 2717.73 723.912 747.827 433.255 1261.49 299.541 1982.78 468.995 45.9221 1028.99 368.801 660.188 961.949 24.3883 937.56 40.1874 18.3527 734.951 1343.05 63.3958 1279.66 424.808 59.4964 714.218 77.5044 636.713
internal_count=31596 16619 14977 10037 11639 4940 4980 2642 5164 1259 8153 2896 190 4873 1789 3084 3905 99 3806 183 85 3486 5514 259 5255 2603 362 3390 354 3036
is_linear=0
shrinkage=0.05


Tree=29
num_leaves=31
num_cat=0
split_feature=0 0 0 0 0 0 0 7 1 1 1 16 18 1 4 7 5 17 19 16 0 16 0 16 2 5 18 19 1 18
split_gain=588.703 242.405 122.746 34.1887 23.3236 18.5698 18.5613 15.5758 18.8065 14.6883 12.8695 12.686 19.0912 14.8528 12.4578 12.3778 24.0471 13.3465 14.9659 11.9111 11.9061 11.5547 11.124 10.9948 10.317 9.87596 9.72166 9.45588 9.14382 8.97623
threshold=0.50852850663742954 0.45219473294330509 0.55157654133753875 0.49683330332277154 0.60875417928521913 0.43442715220812705 0.53015750189960886 1.0000000180025095e-35 0.067546066295362264 0.94705180011802681 0.95746206600264927 25.700000000000006 27.574481458202392 0.96939881515480397 -0.0051882165923884385 1.0000000180025095e-35 0.36597833008057318 34.750000000000007 15.900000000000002 47.900000000000006 0.47071989704091849 34.100000000000009 0.57200372413562717 22.700000000000006 0.58158263305322144 0.40732982596842765 15.765098722415798 23.100000000000005 0.050111093758536514 31.298869944488505
decision_type=2 2 2 2 2 2 2 2 2 2 2 2 2 2 2 2 2 2 2 2 2 2 2 2 2 2 2 2 2 2
left_child=1 5 6 10 9 -1 15 14 -9 -4 20 12 -8 -13 -5 17 29 28 -19 24 -3 -22 -11 -10 -12 -14 -18 -15 -2 -17
right_child=2 3 4 7 -6 -7 11 8 23 22 19 13 25 27 -16 16 26 18 -20 -21 21 -23 -24 -25 -26 -27 -28 -29 -30 -31
leaf_value=-0.042494719269830276 0.026248901449372527 -0.014706591272517215 0.038428505301014548 0.0016112569867253322 0.054356737635930331 -0.026395042628889455 0.017108140785533243 0.034249520703944998 0.017040440096128293 0.0075628521192861774 -0.030181117975340888 0.03269249666009913 -0.010851577418640859 0.012842834995549774 -0.01049959491564356 0.021021760232874734 -0.070990710469323856 0.0095081973207526965 -0.029239150038334979 0.036599617743233698 -0.0078837851002437117 0.0048141917278093447 0.033463038743689812 -0.0045246141303744054 0.017840161201018799 -0.083946823507499546 -6.4515756901737902e-05 -0.043538818370982661 0.0060661625429270123 0.046231332152908276
leaf_weight=489.60879351198673 62.003990679979324 535.80244100093842 354.44707452505827 663.92442274093628 164.02399977296591 287.10434173047543 235.43042428791523 66.09819021821022 98.978566586971283 84.912399873137474 139.39804175496101 236.16533327102661 25.817390039563183 42.172929838299751 311.73674276471138 176.58907346427441 5.0179370939731589 45.422693520784378 54.631717175245285 7.7585847824811927 1137.0903960168362 212.07319089770317 82.216246627271175 145.87152627110481 11.960278794169424 5.6071405261754981 88.855546519160271 8.9109103530645353 605.69429348409176 44.843230545520782
leaf_count=3568 269 2554 2367 2682 1372 1651 1144 269 403 499 651 1233 125 206 1262 804 21 199 235 35 4717 882 581 592 53 26 384 42 2555 215
internal_value=-2.40608e-05 -0.0114017 0.0200928 -0.00553375 0.0378569 -0.0365542 0.0126488 0.000847812 0.0105936 0.032649 -0.00955279 0.0200988 0.0122086 0.0274046 -0.00225388 0.00883119 0.017178 0.00539496 -0.0116068 -0.0232226 -0.00839505 -0.00588389 0.0203463 0.00417586 -0.0263442 -0.0242776 -0.00398054 0.00284425 0.00795152 0.0261682
internal_weight=6430.17 4107.41 2322.76 3330.69 685.6 776.713 1637.16 1286.61 310.948 521.576 2044.08 554.104 266.855 287.249 975.661 1083.06 315.306 767.753 100.054 159.117 1884.97 1349.16 167.129 244.85 151.358 31.4245 93.8735 51.0838 667.698 221.432
internal_count=31596 19319 12277 14100 4819 5219 7458 5208 1264 3447 8892 2776 1295 1481 3944 4682 1424 3258 434 739 8153 5599 1080 995 704 151 405 248 2824 1019
is_linear=0
shrinkage=0.05


Tree=30
num_leaves=31
num_cat=0
split_feature=0 0 0 0 0 0 7 1 11 5 20 1 1 2 1 0 18 4 15 1 20 20 14 18 11 17 20 0 4 15
split_gain=492.512 185.31 135.186 29.1177 25.2114 22.6539 19.009 21.6382 14.315 18.9454 14.4996 14.0524 13.758 13.7441 13.5825 13.5038 13.4246 13.6171 11.8721 14.3576 11.0759 10.9033 10.8215 10.3371 8.71377 8.27399 8.21506 7.86544 7.82368 7.69186
threshold=0.49727320585414075 0.54481634957352199 0.44169440299754764 0.5890195998066271 0.51813010761607703 0.47071989704091849 1.0000000180025095e-35 0.072542575276509549 5.0000000000000009 0.37674222494930276 18.650000000000002 0.95369632095057366 0.93645188757987829 0.61685261303581929 0.95746206600264927 0.39697158622203893 10.733805668016196 -0.044197845524508721 71.500000000000014 0.026399945119700344 24.350000000000005 24.500000000000004 2.5000000000000004 12.603370786516855 6.0000000000000009 27.950000000000003 17.450000000000003 0.47864559323932682 -0.076895767509373505 23.500000000000004
decision_type=2 2 2 2 2 2 2 2 2 2 2 2 2 2 2 2 2 2 2 2 2 2 2 2 2 2 2 2 2 2
left_child=2 4 15 11 6 12 13 25 9 23 -11 -3 18 20 16 -1 17 -7 -4 -20 -2 -17 -16 -6 -9 -8 -14 -24 -18 -10
right_child=1 3 5 -5 8 14 7 24 29 10 -12 -13 26 -15 22 21 28 -19 19 -21 -22 -23 27 -25 -26 -27 -28 -29 -30 -31
leaf_value=-0.048513094569776934 -0.00050483403751546286 0.031791260481457417 -0.031460555969509967 0.047660801360832235 -0.013855682934853515 0.065503799792753795 0.007310432180612632 0.011650820716416743 -0.02910186296330726 -0.010533524893647681 0.032859192503861538 0.013040091349324871 -0.046685273553960717 0.028103933935704303 -0.032514173331806 -0.032773553136539131 0.0012161546320239149 -0.010524864563440694 0.018673157763820093 -0.013558373924534387 -0.063577822325765115 0.05788262581748857 -0.042576712241471096 0.0358274937375909 -0.005155494302738612 0.042073517639266061 -0.020935686438282267 0.010601746398943823 -0.0078412928312832954 0.0098686015909750235
leaf_weight=186.43125377595425 1355.8280882388353 398.54076327383518 85.431154921650887 254.98951777815819 10.99422040581703 13.288752198219301 23.271646425127983 238.51832042634487 12.763672038912771 57.677779823541641 28.726718991994858 134.98095010221004 55.383934333920479 42.209960207343102 84.370074197649956 379.67759731411934 308.9746425896883 10.294633746147154 36.849181070923805 510.08787873387337 6.8984069079160681 3.2189510613679877 8.7992468476295453 161.20185154676437 113.40947003662586 69.317391157150269 73.379640802741051 31.627005726099014 1030.2951346486807 633.04191142320633
leaf_count=1504 5498 2491 421 2173 49 54 97 992 55 266 133 806 318 175 371 2625 1274 42 165 2527 28 20 42 815 465 295 408 134 4289 2954
internal_value=-4.70724e-05 0.0123618 -0.0156467 0.0337334 0.00623968 -0.0101326 0.00289043 0.011901 0.0130821 0.0230341 0.00385667 0.0270599 -0.0171523 3.53117e-05 -0.00653682 -0.0374126 -0.00508538 0.0322003 -0.0141007 -0.0113747 -0.000832433 -0.0319835 -0.0223306 0.0326201 0.00622082 0.0334073 -0.0320776 -0.000926289 -0.00574804 0.00908626
internal_weight=6360.48 3542.37 2818.11 788.511 2753.86 2248.78 1849.45 444.517 904.406 258.601 86.4045 533.522 761.132 1404.94 1487.65 569.328 1362.85 23.5834 632.368 546.937 1362.73 382.897 124.796 172.196 351.928 92.589 128.764 40.4263 1339.27 645.806
internal_count=31486 17292 14194 5470 11822 10045 7550 1849 4272 1263 399 3297 3839 5701 6206 4149 5659 96 3113 2692 5526 2645 547 864 1457 392 726 176 5563 3009
is_linear=0
shrinkage=0.05


end of trees

feature_importances:
p_win_lgbm=211
p_win_logistic_pra=107
edge_prob_lgbm=105
p_implied=92
edge_prob_logistic=70
L999_pra=56
games_played=52
L10_pra=40
line=37
L5_pra=37
market_is_rebounds=34
opp_def_L5_pra_allowed=29
opp_def_L10_pra_allowed=28
odds=11
rest_days=11
lgbm_rebounds_052_gate=4
market_is_assists=2
logistic_assists_055_gate=2
market_is_points=1
lgbm_points_060_gate=1

parameters:
[boosting: gbdt]
[objective: binary]
[metric: auc]
[tree_learner: serial]
[device_type: cpu]
[data_sample_strategy: bagging]
[data: ]
[valid: ]
[num_iterations: 200]
[learning_rate: 0.05]
[num_leaves: 31]
[num_threads: 0]
[seed: 0]
[deterministic: 0]
[force_col_wise: 0]
[force_row_wise: 0]
[histogram_pool_size: -1]
[max_depth: 6]
[min_data_in_leaf: 20]
[min_sum_hessian_in_leaf: 0.001]
[bagging_fraction: 0.8]
[pos_bagging_fraction: 1]
[neg_bagging_fraction: 1]
[bagging_freq: 5]
[bagging_seed: 3]
[bagging_by_query: 0]
[feature_fraction: 0.8]
[feature_fraction_bynode: 1]
[feature_fraction_seed: 2]
[extra_trees: 0]
[extra_seed: 6]
[early_stopping_round: 0]
[early_stopping_min_delta: 0]
[first_metric_only: 0]
[max_delta_step: 0]
[lambda_l1: 0.1]
[lambda_l2: 0.1]
[linear_lambda: 0]
[min_gain_to_split: 0]
[drop_rate: 0.1]
[max_drop: 50]
[skip_drop: 0.5]
[xgboost_dart_mode: 0]
[uniform_drop: 0]
[drop_seed: 4]
[top_rate: 0.2]
[other_rate: 0.1]
[min_data_per_group: 100]
[max_cat_threshold: 32]
[cat_l2: 10]
[cat_smooth: 10]
[max_cat_to_onehot: 4]
[top_k: 20]
[monotone_constraints: ]
[monotone_constraints_method: basic]
[monotone_penalty: 0]
[feature_contri: ]
[forcedsplits_filename: ]
[refit_decay_rate: 0.9]
[cegb_tradeoff: 1]
[cegb_penalty_split: 0]
[cegb_penalty_feature_lazy: ]
[cegb_penalty_feature_coupled: ]
[path_smooth: 0]
[interaction_constraints: ]
[verbosity: -1]
[saved_feature_importance_type: 0]
[use_quantized_grad: 0]
[num_grad_quant_bins: 4]
[quant_train_renew_leaf: 0]
[stochastic_rounding: 1]
[linear_tree: 0]
[max_bin: 255]
[max_bin_by_feature: ]
[min_data_in_bin: 3]
[bin_construct_sample_cnt: 200000]
[data_random_seed: 1]
[is_enable_sparse: 1]
[enable_bundle: 1]
[use_missing: 1]
[zero_as_missing: 0]
[feature_pre_filter: 1]
[pre_partition: 0]
[two_round: 0]
[header: 0]
[label_column: ]
[weight_column: ]
[group_column: ]
[ignore_column: ]
[categorical_feature: ]
[forcedbins_filename: ]
[precise_float_parser: 0]
[parser_config_file: ]
[objective_seed: 5]
[num_class: 1]
[is_unbalance: 0]
[scale_pos_weight: 0.999797]
[sigmoid: 1]
[boost_from_average: 1]
[reg_sqrt: 0]
[alpha: 0.9]
[fair_c: 1]
[poisson_max_delta_step: 0.7]
[tweedie_variance_power: 1.5]
[lambdarank_truncation_level: 30]
[lambdarank_norm: 1]
[label_gain: ]
[lambdarank_position_bias_regularization: 0]
[eval_at: ]
[multi_error_top_k: 1]
[auc_mu_weights: ]
[num_machines: 1]
[local_listen_port: 12400]
[time_out: 120]
[machine_list_filename: ]
[machines: ]
[gpu_platform_id: -1]
[gpu_device_id: -1]
[gpu_use_dp: 0]
[num_gpu: 1]

end of parameters

pandas_categorical:null
