tree
version=v4
num_class=1
num_tree_per_iteration=1
label_index=0
max_feature_idx=95
objective=binary sigmoid:1
feature_names=Column_0 Column_1 Column_2 Column_3 Column_4 Column_5 Column_6 Column_7 Column_8 Column_9 Column_10 Column_11 Column_12 Column_13 Column_14 Column_15 Column_16 Column_17 Column_18 Column_19 Column_20 Column_21 Column_22 Column_23 Column_24 Column_25 Column_26 Column_27 Column_28 Column_29 Column_30 Column_31 Column_32 Column_33 Column_34 Column_35 Column_36 Column_37 Column_38 Column_39 Column_40 Column_41 Column_42 Column_43 Column_44 Column_45 Column_46 Column_47 Column_48 Column_49 Column_50 Column_51 Column_52 Column_53 Column_54 Column_55 Column_56 Column_57 Column_58 Column_59 Column_60 Column_61 Column_62 Column_63 Column_64 Column_65 Column_66 Column_67 Column_68 Column_69 Column_70 Column_71 Column_72 Column_73 Column_74 Column_75 Column_76 Column_77 Column_78 Column_79 Column_80 Column_81 Column_82 Column_83 Column_84 Column_85 Column_86 Column_87 Column_88 Column_89 Column_90 Column_91 Column_92 Column_93 Column_94 Column_95
feature_infos=[0:14] [0:1] [0:0.40000000596046448] [0:0.5] [0:1] [0:0.60000002384185791] [0:0.60000002384185791] [0:2.4206411838531494] [0:1.4385849237442017] [0:1.615384578704834] [3:27.200000762939453] [0:14.600000381469727] none [9.6999998092651367:41.799999237060547] [0:1.0135141611099243] [2.7999999523162842:39.599998474121094] [4.6999998092651367:57.599998474121094] [0.69999998807907104:15.399999618530273] [0:5.3376026153564453] [0:15.854336738586426] [0:5.9632205963134766] [0:12.899999618530273] [0:1] [0:0.4166666567325592] [0:0.44999998807907104] [0:1] [0:0.55000001192092896] [0:0.55000001192092896] [0:2.3610155582427979] [0:1.1895128488540649] [0:1.2888675928115845] [2.6500000953674316:24.700000762939453] [0:12.399999618530273] [1:20] [10.5:42.099998474121094] [0:0.91324347257614136] [3.9000000953674316:36.349998474121094] [5.75:54.200000762939453] [1:15.449999809265137] [0:5.4906740188598633] [0:13.300751686096191] [0:5.4534392356872559] [0:12.550000190734863] [2.625:23.399999618530273] [0:11.800000190734863] [1:40] [12.125:39.5] [3.6363637447357178:34.849998474121094] [6.9090909957885742:51.25] [1:14.824999809265137] [0:15.199999809265137] [2.5999999046325684:27] [0:17.399999618530273] none [12.600000381469727:44.599998474121094] [1:41.799999237060547] [2.5999999046325684:58.599998474121094] [0.20000000298023224:17.600000381469727] [0:11.255555152893066] [2.7096774578094482:22.163637161254883] [0:12.104477882385254] [1:176] [12.032258033752441:37.954544067382812] [3.5322580337524414:33.692306518554688] [6.0161290168762207:49] [1:13.038216590881348] [1:176] [0:17] [0:30] [0:21] [0:5] [0:48] [0:45] [0:63] [0:23] [0:1] [0:1] [0.5:13.5] [-238:180] [0.69999998807907104:4.3000001907348633] [3.4000000953674316:17.5] [6.8000001907348633:26.600000381469727] [1.7999999523162842:7.4000000953674316] [0:6.1999998092651367] [1.2000000476837158:20.399999618530273] [2.7999999523162842:31.200000762939453] [0.40000000596046448:10] [1:269] [0:13] [0:31] [0:16] [0:80] [0:44] [0:36] [0:56] [0:18]
tree_sizes=3121 3468 3452 3640 3452 3452 3448 3453 3441 3462 3459 3450 3467 3469 3458 3467 3439 3437 3447 3468 3429 3445 3462 3430 3445 3428 3441 3430 3459 3432 3458 3431 3447 3446 3593 3614 3434 3447

Tree=0
num_leaves=31
num_cat=0
split_feature=76 17 17 74 40 74 40 74 89 74 89 9 28 63 22 11 9 28 63 22 11 92 92 92 92 81 42 61 86 61
split_gain=2.41215 28.1812 28.0923 24.4348 24.4608 24.3615 24.4608 20.9881 22.7429 20.9262 22.7429 20.1181 27.0776 30.7135 20.9846 21.198 20.006 26.9168 30.6339 20.9846 21.198 16.1322 16.1322 15.9143 15.9143 14.9788 15.201 14.9787 29.3063 14.9787
threshold=1.0000000180025095e-35 7.1055555343627939 7.1055555343627939 5.5833332538604745 7.9194378852844247 5.5833332538604745 7.9194378852844247 4.4166667461395273 19.012195587158207 4.4166667461395273 19.012195587158207 0.3940825760364533 0.43467049300670629 7.4628727436065683 0.063461540266871466 5.1499998569488534 0.3940825760364533 0.43467049300670629 7.4628727436065683 0.063461540266871466 5.1499998569488534 32.21954536437989 32.21954536437989 29.215588569641117 29.215588569641117 21.849999427795414 1.9875000119209292 92.500000000000014 4.9000000953674325 92.500000000000014
decision_type=2 2 2 2 2 2 2 2 2 2 2 2 2 2 2 2 2 2 2 2 2 2 2 2 2 2 2 2 2 2
left_child=1 5 3 9 -5 7 -7 16 21 11 22 -2 14 -14 15 -13 -1 19 -19 20 -18 23 24 -9 -11 26 -20 28 -16 -21
right_child=2 -3 -4 4 -6 6 -8 8 -10 10 -12 12 13 -15 27 -17 17 18 25 29 -22 -23 -24 -25 -26 -27 -28 -29 -30 -31
leaf_value=0.007148447791634001 -0.0066446556566418617 -0.0069944807440981338 0.0074982728790902722 -0.0044048203504143783 -0.026948103932503933 0.0049086124854065168 0.027451896067496071 -0.021286565470965465 0.013082084746741354 0.021790357605957603 -0.012578292611749212 -0.0030814372658372639 -0.017679138415262554 0.0070372756363807935 -0.013333009592881289 0.027702876459652932 0.0035852294008294028 0.018182930550254689 0.015636511452111455 0.0017708834092682215 -0.027199084324660793 -0.026530712628156105 0.027034504763148243 0.0090654553895299674 -0.0085616632545378289 -0.027440411624811624 -0.0065672307516307501 -0.017291963581626737 0.023328819144419144 0.017795755716618875
leaf_weight=159.5 159.5 207 207 83.75 25 83.75 25 13.000000000000002 13.249999999999998 13.000000000000002 13.249999999999998 30 21.75 266.75 26.5 12.749999999999998 30 21.75 12.999999999999998 39.5 12.749999999999998 28.75 28.75 14.749999999999998 14.749999999999998 12.999999999999998 240.5 57 12.999999999999998 57
leaf_count=638 638 828 828 335 100 335 100 52 53 52 53 120 87 1067 106 51 120 87 52 158 51 115 115 59 59 52 962 228 52 228
internal_value=0.000257037 -0.000447333 0.000961225 -0.00080589 -0.00958718 0.00132309 0.010091 -0.000128766 -0.0105008 0.000647634 0.0110046 -0.000582502 0.00167796 0.00517391 -0.00556498 0.00609985 0.00110368 -0.00115161 -0.00463969 0.00606877 -0.00559606 -0.0160313 0.0165351 -0.00515351 0.0056573 -0.00650233 -0.00542858 -0.0107326 -0.00126709 0.0112364
internal_weight=1945.25 972.5 972.75 765.75 108.75 765.5 108.75 656.75 69.75 657 69.75 587.25 427.75 288.5 139.25 42.75 587 427.5 288.25 139.25 42.75 56.5 56.5 27.75 27.75 266.5 253.5 96.5 39.5 96.5
internal_count=7781 3890 3891 3063 435 3062 435 2627 279 2628 279 2349 1711 1154 557 171 2348 1710 1153 557 171 226 226 111 111 1066 1014 386 158 386
is_linear=0
shrinkage=1


Tree=1
num_leaves=31
num_cat=0
split_feature=76 49 49 74 90 77 42 74 90 77 42 91 91 82 73 95 95 82 73 7 7 81 49 81 49 52 44 7 30 39
split_gain=2.31671 28.1732 28.0995 21.4814 22.6841 22.2685 23.8208 21.4175 22.6841 22.1195 23.2428 19.9398 19.9246 19.5388 20.7406 19.2105 19.1993 19.1566 20.7355 17.8838 17.8763 17.5925 18.48 17.5766 18.5481 16.9768 27.8165 23.5245 25.6687 19.9101
threshold=1.0000000180025095e-35 6.7875001430511483 6.7875001430511483 5.5833332538604745 3.0659420490264897 4.0000000000000009 1.9375000000000002 5.5833332538604745 3.0659420490264897 4.0000000000000009 1.9375000000000002 4.5000000000000009 4.5000000000000009 4.2500000000000009 24.166666984558109 5.4494950771331796 5.4494950771331796 4.2500000000000009 24.166666984558109 0.38430649042129522 0.38430649042129522 12.949999809265138 5.0851190090179452 12.949999809265138 5.0851190090179452 4.0999999046325692 2.7625000476837163 0.4470543265342713 0.38177730143070226 1.7730619907379153
decision_type=2 2 2 2 2 2 2 2 2 2 2 2 2 2 2 2 2 2 2 2 2 2 2 2 2 2 2 2 2 2
left_child=1 7 3 5 -5 6 -2 9 -9 10 -1 19 20 14 -8 21 23 18 -12 -7 -11 -13 -23 -14 -25 26 -4 28 -27 -28
right_child=2 -3 25 4 -6 11 13 8 -10 12 17 15 16 -15 -16 -17 -18 -19 -20 -21 -22 22 -24 24 -26 27 29 -29 -30 -31
leaf_value=0.013641946418647292 -0.013857298566565004 -0.0069265522537627503 0.012880063949747386 0.0024167656047007257 -0.016972565824679656 -0.031387375003163243 -0.0010872513618026584 -0.0024268442489598341 0.016962536897705251 0.031373286074355099 0.0010746510922289229 0.015273009133609251 -0.015271342240190127 0.014780754166239019 0.021712900924836593 -0.01122099521388166 0.011212647060062602 -0.014681526976076439 -0.021722657647732718 -0.0061866281159525457 0.006177931834694176 -0.002428493543098203 0.013873071790052247 0.0024265067163368958 -0.013904979592357003 -0.0040816492527736507 -0.027190199503261309 0.020774991067342645 0.02150441484006782 -0.00068132647528006574
leaf_weight=23.748453423380852 23.749077811837196 223.24620671570301 39.249426826834679 38.749336451292038 63.996124118566513 16.499311029911041 107.24736946821213 38.749287649989128 63.995946407318115 16.499383151531219 107.247423812747 31.498666375875473 31.498720496892929 83.497798040509224 18.748956769704819 60.49803738296032 60.498141527175903 83.246778443455696 18.74899123609066 35.498992666602135 35.499443337321281 237.99021035432816 31.498132973909378 237.99096466600895 31.498450011014938 50.499213725328445 16.999769732356071 59.748725295066833 22.749542608857155 33.999373704195023
leaf_count=95 95 893 157 155 256 66 429 155 256 66 429 126 126 334 75 242 242 333 75 142 142 952 126 952 126 202 68 239 91 136
internal_value=1.24101e-10 -0.000690305 0.000690128 -0.00116511 -0.00966009 0.000184486 0.00512577 0.00116791 0.00965004 -0.000180158 -0.00510851 -0.00260286 0.00259688 0.00727777 0.00230554 -0.000937108 0.000931759 -0.00723662 -0.00231772 -0.0141829 0.0141725 0.00112994 -0.000523146 -0.00113468 0.000517651 0.00691846 0.000223198 0.0114617 0.00386485 -0.00951765
internal_weight=1945.19 972.468 972.718 749.472 102.745 646.727 233.243 749.222 102.745 646.477 232.992 413.483 413.485 209.494 125.996 361.485 361.486 209.243 125.996 51.9983 51.9988 300.987 269.488 300.988 269.489 223.246 90.2486 132.997 73.2488 50.9991
internal_count=7781 3890 3891 2998 411 2587 933 2997 411 2586 932 1654 1654 838 504 1446 1446 837 504 208 208 1204 1078 1204 1078 893 361 532 293 204
is_linear=0
shrinkage=0.02


Tree=2
num_leaves=31
num_cat=0
split_feature=78 14 7 7 78 14 7 7 76 0 0 54 28 42 54 28 42 22 18 8 86 47 71 19 81 47 71 19 62 84
split_gain=60.6701 18.7778 22.8342 16.486 16.3785 17.1989 17.1911 16.4471 15.9438 23.8041 23.741 14.996 19.3931 19.2341 13.4277 18.8313 21.8518 13.4264 22.8382 20.1854 19.4339 12.8339 17.7808 19.3184 12.8336 12.9521 13.5378 16.8535 13.2094 12.7716
threshold=1.0000000180025095e-35 0.1014513522386551 0.53393176198005687 0.56137987971305858 -128.99999999999997 0.1014513522386551 0.53393176198005687 0.56137987971305858 1.0000000180025095e-35 5.9500000476837167 5.9500000476837167 33.699998855590827 0.39350260794162756 7.6375000476837167 33.699998855590827 0.39350260794162756 7.6375000476837167 0.12132352963089944 1.8986833095550539 0.26839080452919012 2.8999999761581425 24.837500572204593 33.708333969116218 6.2389895915985116 21.150000572204593 24.837500572204593 33.708333969116218 6.2389895915985116 25.890377044677738 9.7000002861022967
decision_type=2 2 2 2 2 2 2 2 2 2 2 2 2 2 2 2 2 2 2 2 2 2 2 2 2 2 2 2 2 2
left_child=4 -2 17 -4 5 -1 -7 -8 9 24 21 -11 13 -13 -12 16 -16 18 19 -3 -20 22 23 -10 25 26 27 28 -6 -22
right_child=1 2 3 -5 8 6 7 -9 10 11 14 12 -14 -15 15 -17 -18 -19 20 -21 29 -23 -24 -25 -26 -27 -28 -29 -30 -31
leaf_value=0.01000780418667516 -0.010058817844196434 -0.0081702964387130733 -0.021921374496436531 -0.0057858854772373583 0.0010516234125902578 0.00024436652010253947 0.02167365026556755 0.0051773680801575636 0.015549753332868361 0.015936523334720953 -0.014999197765993342 0.022012635000473339 -0.020695047712674601 -0.0089029984637183229 -0.022904013789278525 0.021102084889334176 0.010168188219819409 -0.0033598437451207164 -0.02105498667454208 0.019580589700056213 0.014350010930984692 0.020514445986634117 -0.0081897194025958384 0.00038016518392935793 -0.025454003513651402 -0.018810807943299312 0.008898194849211262 0.0013978724527690411 -0.018607956015306477 -0.0028668855844005414
leaf_weight=182.73490409553051 188.48449374735355 13.249031603336332 30.997891962528229 138.48879191279411 18.998988300561905 335.47178430855274 29.497928202152252 133.98813451826572 72.244807213544846 34.247155711054802 34.496899098157883 16.748531877994537 14.499132037162779 15.498430326581 16.498460650444034 13.749190732836722 15.498247906565664 193.73447446525097 16.998336225748062 50.245313882827759 24.997342944145203 25.747624307870865 31.495930522680283 62.744942665100098 13.997420847415922 25.49847799539566 28.99662259221077 60.995720997452736 48.747580677270889 55.496164366602898
leaf_count=731 754 53 124 554 76 1342 118 536 289 137 138 67 58 62 66 55 62 775 68 201 100 103 126 251 56 102 116 244 195 222
internal_value=1.20338e-09 -0.00464485 -0.0026982 -0.00873695 0.00268611 0.00475843 0.00283593 0.00815381 0.000120873 -0.0032468 0.00355964 0.00588218 -0.00148383 0.00715406 -0.00557784 0.0015268 -0.00688483 0.000187128 0.00445563 0.01379 -0.00162361 0.00737384 0.0053416 0.00849874 -0.00699556 -0.00558553 -0.00344767 -0.00622832 -0.0130946 0.00247984
internal_weight=1945.09 712.692 524.207 169.487 1232.4 681.693 498.958 163.486 550.704 278.228 272.476 80.9932 46.7461 32.247 80.2428 45.7459 31.9967 354.721 160.986 63.4943 97.4918 192.233 166.486 134.99 197.235 183.237 157.739 128.742 67.7466 80.4935
internal_count=7781 2851 2097 678 4930 2727 1996 654 2203 1113 1090 324 187 129 321 183 128 1419 644 254 390 769 666 540 789 733 631 515 271 322
is_linear=0
shrinkage=0.02


Tree=3
num_leaves=31
num_cat=0
split_feature=77 30 81 42 86 22 7 14 18 8 85 52 38 7 57 18 22 14 48 81 86 62 58 39 38 52 22 60 62 65
split_gain=0.00363715 0.0149232 0.00142903 0.00121715 0.00120191 0.00137702 0.000870802 0.000862461 0.00105272 0.00108537 0.00086572 0.00067667 0.000858172 0.000619533 0.000683239 0.00100448 0.00102119 0.000496174 0.000490044 0.00047364 0.0004713 0.000432161 0.00040283 0.000549125 0.00091107 0.00100184 0.00037803 0.000440362 0.000328574 0.000324449
threshold=2.0000000000000004 0.43803602457046514 21.250000000000004 5.1625001430511483 2.8999999761581425 0.13750000298023227 0.54715847969055187 0.1014513522386551 1.6507233381271365 0.26839080452919012 16.500000000000004 4.2999999523162851 6.3750000000000009 0.52911090850830089 8.0999999046325701 1.8986833095550539 0.13750000298023227 0.10227973386645318 32.329166412353523 21.849999427795414 4.9000000953674325 26.952754020690922 2.0592625141143803 1.7758792042732241 6.9249999523162851 4.2999999523162851 0.13750000298023227 4.5959820747375497 29.189614295959476 7.3727266788482675
decision_type=2 2 2 2 2 2 2 2 2 2 2 2 2 2 2 2 2 2 2 2 2 2 2 2 2 2 2 2 2 2
left_child=1 -1 4 18 13 7 22 -6 9 -9 28 21 -13 14 15 16 17 -2 19 -4 -12 -8 -7 24 -24 -26 27 -17 -10 -23
right_child=2 -3 3 -5 5 6 11 8 10 -11 20 12 -14 -15 -16 26 -18 -19 -20 -21 -22 29 23 -25 25 -27 -28 -29 -30 -31
leaf_value=0.00074643755174132013 -3.7141368517028405e-06 -0.00011722180169009375 5.5546077832588092e-05 -1.0740674380424144e-05 1.073856742199698e-06 -5.9997908600189202e-05 -4.9457756651762531e-05 4.0472728044665395e-05 -0.00018008020827786628 -0.00015574596851834516 1.2067465670168717e-05 -1.7986268648808271e-05 -0.00014091028119208942 -1.8498453377294879e-05 0.00010525465369991372 0.00013046612295139256 3.3331085714599504e-05 -0.00014086129992754468 3.4933400634961816e-05 0.0001784352526765214 -5.2710553880678961e-05 -4.2153918450574435e-06 1.8323447391537683e-05 6.6395990455634791e-06 0.00023383239773296379 5.5779931512978532e-06 2.7041661728000551e-05 2.6336926972252867e-05 -7.5236567253759599e-05 7.3418080637425184e-05
leaf_weight=12.748641997575758 15.997656673192976 21.496998474001884 18.496675536036491 61.990154907107353 121.98380163311958 28.496603056788445 77.493192479014397 13.498459607362745 13.998002901673315 68.488990664482117 102.48881742358208 49.494114682078362 41.991310194134712 114.98584507405758 47.9955133497715 41.993974179029465 53.995596364140511 30.995407149195671 26.495055302977562 38.990301370620728 79.990650802850723 138.48385632038116 71.492957159876823 399.45818497240543 19.997822389006615 12.499038830399511 84.991617545485497 26.494413882493973 81.989501789212227 25.497945666313171
leaf_count=51 64 86 74 248 488 114 310 54 56 274 410 198 168 460 192 168 216 124 106 156 320 554 286 1598 80 50 340 106 328 102
internal_value=1.35083e-09 0.000204293 -3.66006e-06 5.64793e-05 -8.6344e-06 -1.78216e-05 -2.72082e-06 -4.48939e-05 -6.04501e-05 -0.00012344 -4.19042e-05 -2.80863e-05 -7.44077e-05 2.10177e-05 3.60403e-05 2.29857e-05 -2.60003e-05 -9.41729e-05 0.000106097 0.000138895 -1.63283e-05 -1.05369e-05 1.31562e-05 1.72969e-05 5.82351e-05 0.000146041 5.52182e-05 9.01842e-05 -9.05261e-05 7.85603e-06
internal_weight=1945.01 34.2456 1910.77 145.972 1764.79 1347.34 864.905 482.438 360.454 81.9875 278.467 332.96 91.4854 417.45 302.464 254.469 100.989 46.9931 83.982 57.487 182.479 241.475 531.945 503.448 103.99 32.4969 153.48 68.4884 95.9875 163.982
internal_count=7781 137 7644 584 7060 5390 3460 1930 1442 328 1114 1332 366 1670 1210 1018 404 188 336 230 730 966 2128 2014 416 130 614 274 384 656
is_linear=0
shrinkage=0.02


Tree=4
num_leaves=31
num_cat=0
split_feature=76 49 49 74 77 42 74 77 42 40 40 91 91 82 73 95 95 82 73 7 7 52 44 25 39 81 49 81 49 89
split_gain=2.15703 26.93 26.8155 20.5658 21.1925 22.7678 20.5314 21.116 22.2056 20.5278 20.511 19.133 19.0526 18.6716 19.9374 18.4154 18.401 18.2653 19.9226 17.1337 17.0859 16.8739 27.653 23.8836 19.7896 16.8591 17.6822 16.8428 17.75 16.6989
threshold=1.0000000180025095e-35 6.7875001430511483 6.7875001430511483 5.5833332538604745 4.0000000000000009 1.9375000000000002 5.5833332538604745 4.0000000000000009 1.9375000000000002 7.9194378852844247 7.9194378852844247 4.5000000000000009 4.5000000000000009 4.2500000000000009 24.166666984558109 5.4494950771331796 5.4494950771331796 4.2500000000000009 24.166666984558109 0.38430649042129522 0.38430649042129522 4.0999999046325692 2.7625000476837163 0.075000001117587103 1.7730619907379153 12.949999809265138 5.2875001430511483 12.949999809265138 5.2875001430511483 20.366666793823246
decision_type=2 2 2 2 2 2 2 2 2 2 2 2 2 2 2 2 2 2 2 2 2 2 2 2 2 2 2 2 2 2
left_child=1 6 3 4 5 -2 7 8 -1 -5 -8 20 19 14 -7 27 25 18 -10 -6 -9 22 -3 -23 -24 -14 -27 -13 29 -29
right_child=2 21 -4 9 12 13 10 11 17 -11 -12 15 16 -15 -16 -17 -18 -19 -20 -21 -22 23 24 -25 -26 26 -28 28 -30 -31
leaf_value=0.013344188678777669 -0.013564733842260677 -0.012708426288629464 0.0067507457888137815 -0.0046588638309443863 -0.03071001949398728 -0.0010881496784803327 0.0046579917630585263 0.030709566110859367 0.0010632880162394628 -0.026110136956452257 0.026100690578295858 -0.014950264918873784 0.014951907709444386 0.014433870396391839 0.021268457818399429 0.010981740868796943 -0.010982183350818173 -0.01433512187251264 -0.021284918778975998 -0.0060397093992795971 0.0060736342472591052 0.0070023994056580352 0.027243151619431666 -0.015219573590249268 0.00081415813065581542 -0.0020582708775384638 0.016463574293592412 0.0032810547042720073 -0.016501867076257119 -0.020008586607472321
leaf_weight=23.744607359170914 23.747216150164604 39.246706306934357 223.2171882390976 79.742918580770493 16.492349043488503 107.2444289624691 79.74239493906498 16.492140859365463 107.24421021342278 22.988292410969734 22.987813428044319 31.496360912919044 31.495904445648193 83.487325936555862 18.744522035121918 60.493564337491989 60.493641346693039 83.234468951821327 18.74477681517601 35.497605875134468 35.497966751456261 23.498176530003548 16.999260351061821 109.48902498185635 33.997602239251137 246.98027312755585 22.494934320449829 233.98154367506504 22.49532113969326 12.998772814869879
leaf_count=95 95 157 893 319 66 429 319 66 429 92 92 126 126 334 75 242 242 333 75 142 142 94 68 438 136 988 90 936 90 52
internal_value=1.28647e-09 -0.000666117 0.000665953 -0.00114645 0.00017409 0.00499474 0.00115074 -0.000169169 -0.00498469 -0.00945904 0.0094562 0.00254421 -0.00254516 0.00709872 0.00223805 0.000912535 -0.000916918 -0.00706482 -0.0022617 -0.0138657 0.0138886 -0.00676342 -8.83279e-05 -0.0112931 0.00962398 0.00110615 -0.000512126 -0.00111131 0.000506184 0.0020553
internal_weight=1945.01 972.385 972.627 749.409 646.678 233.223 749.154 646.424 232.968 102.731 102.73 413.456 413.455 209.476 125.989 361.466 361.465 209.223 125.989 51.99 51.9901 223.231 90.2436 132.987 50.9969 300.971 269.475 300.972 269.476 246.98
internal_count=7781 3890 3891 2998 2587 933 2997 2586 932 411 411 1654 1654 838 504 1446 1446 837 504 208 208 893 361 532 204 1204 1078 1204 1078 988
is_linear=0
shrinkage=0.02


Tree=5
num_leaves=31
num_cat=0
split_feature=78 28 35 92 16 28 78 18 39 95 41 28 28 94 94 39 35 35 41 71 25 88 93 36 34 57 28 39 19 76
split_gain=57.9971 15.7862 16.2463 19.4724 16.9501 16.0929 15.6483 14.5381 16.0085 14.4755 18.9313 13.7898 13.7234 13.631 18.3113 14.721 13.3579 18.8443 14.8462 15.5527 12.8797 11.6752 13.5932 13.2149 15.6334 11.3427 11.1604 10.9752 14.1814 10.7859
threshold=1.0000000180025095e-35 0.39754985272884374 0.12743132561445239 29.507143020629886 39.350000381469734 0.45378135144710546 -136.99999999999997 2.1505784988403325 2.110390424728394 4.901219606399537 1.8851385116577151 0.39754985272884374 0.73861095309257518 23.664319038391117 34.460031509399421 1.8024289011955263 0.12743132561445239 0.14878918230533603 3.0667572021484379 33.875000000000007 0.17708333581686023 6.4729166030883798 25.29503154754639 22.675000190734867 34.675001144409187 6.9000000953674325 0.53026580810546886 2.178014993667603 6.5954513549804696 1.0000000180025095e-35
decision_type=2 2 2 2 2 2 2 2 2 2 2 2 2 2 2 2 2 2 2 2 2 2 2 2 2 2 2 2 2 2
left_child=6 21 -3 7 5 29 11 8 9 10 -4 -1 13 26 15 -15 -13 20 19 25 -18 -2 23 24 -23 -19 -7 -17 -29 -5
right_child=1 2 3 4 -6 12 -8 -9 -10 -11 -12 16 -14 14 -16 27 17 18 -20 -21 -22 22 -24 -25 -26 -27 -28 28 -30 -31
leaf_value=-0.0017987279179478852 0.0052630462037689205 -0.01140284508271391 -0.012785419295531363 0.023595919041814059 -0.017473432319247681 0.023895715613585056 0.00082483297262217774 -0.01737662750395089 0.012343591621492791 -0.018931986279328818 0.011070365698858281 0.012715718904879388 0.018183846544928228 -0.020260176470332365 0.013017456779071566 0.0052402510240880471 -0.015327323733050308 0.0059242387801107981 0.018624168040021205 -0.0081710047490653557 0.0031754495668538003 -0.019209081621854002 0.0099049677389778049 -0.02818808190461633 0.011374474967038193 0.025657254415751493 -0.0005037466149198826 0.0024905391696841785 -0.018797331712813475 0.0015003184432806854
leaf_weight=86.229798063635826 98.471195757389069 163.7145224660635 29.492230370640755 19.745040535926819 20.74520443379879 12.497481167316439 751.814065143466 56.991449326276779 17.996987551450729 32.494745388627052 24.244938910007477 116.47710256278515 13.748074546456335 30.742262870073318 18.496415436267853 31.491929590702057 27.494760304689407 135.47476835548878 38.741164073348045 29.991492331027985 33.243034675717354 13.497403100132944 15.245044618844984 13.747703790664671 13.247088223695753 12.748066902160643 18.746823847293854 21.747304707765579 29.493191346526146 15.996075451374052
leaf_count=345 394 655 118 79 83 50 3008 228 72 130 97 466 55 123 74 126 110 542 155 120 133 54 61 55 53 51 75 87 118 64
internal_value=1.10333e-10 -0.00454169 -0.00610604 -0.00390885 -0.000217072 0.00146595 0.00262647 -0.00925461 -0.00481357 -0.00839434 -0.00202225 0.00544599 -0.00100635 -0.00262279 -0.00543507 -0.00844284 0.00703086 0.00464637 0.00740302 0.00496371 -0.00520038 0.0011228 -0.0061918 -0.0122521 -0.00406043 0.0076214 0.00925585 -0.00405168 -0.00976241 0.0137069
internal_weight=1944.81 712.593 558.385 394.67 233.45 212.705 1232.21 161.22 104.229 86.2319 53.7372 480.4 176.963 163.215 131.971 113.475 394.17 277.693 216.955 178.214 60.7378 154.208 55.7372 40.4922 26.7445 148.223 31.2443 82.7324 51.2405 35.7411
internal_count=7781 2851 2234 1579 934 851 4930 645 417 345 215 1922 708 653 528 454 1577 1111 868 713 243 617 223 162 107 593 125 331 205 143
is_linear=0
shrinkage=0.02


Tree=6
num_leaves=31
num_cat=0
split_feature=78 14 28 88 40 78 14 28 88 76 0 0 54 28 21 14 40 86 15 35 63 65 65 39 54 48 71 19 0 21
split_gain=55.7041 17.7868 17.945 19.6112 20.8611 15.1705 16.316 16.2913 21.9983 15.2031 22.6109 22.5887 14.304 18.4886 17.9544 13.7857 13.6162 13.4353 13.3857 13.3987 21.1718 14.5279 13.4372 13.0508 13.727 12.8083 16.9286 13.9781 13.2839 13.0593
threshold=1.0000000180025095e-35 0.1014513522386551 0.38671399652957922 6.1126315593719491 7.9949984550476083 -128.99999999999997 0.1014513522386551 0.38671399652957922 6.1126315593719491 1.0000000180025095e-35 5.9500000476837167 5.9500000476837167 33.699998855590827 0.39350260794162756 7.9749999046325692 0.13611492514610293 7.6144597530364999 4.2999999523162851 28.349999427795414 0.12826693803071978 15.867068290710451 7.3727266788482675 3.0172464847564702 3.0133019685745244 33.699998855590827 36.100000381469734 33.708333969116218 6.2389895915985116 4.4500000476837167 3.2250000238418584
decision_type=2 2 2 2 2 2 2 2 2 2 2 2 2 2 2 2 2 2 2 2 2 2 2 2 2 2 2 2 2 2
left_child=5 -2 3 4 -3 6 -1 8 16 11 25 -7 -13 14 -14 -10 -8 -5 19 -9 21 -21 -22 -12 -25 26 27 28 29 -11
right_child=1 2 -4 17 -6 9 7 18 15 10 23 12 13 -15 -16 -17 -18 -19 -20 20 22 -23 -24 24 -26 -27 -28 -29 -30 -31
leaf_value=0.0096819218552528091 -0.009720948431340963 0.024734396509143327 -0.0042778105838840123 -0.012381861210026155 -0.0054820384853956636 -0.0068360079390346216 -0.026052444112972205 0.011535874513741287 -0.0054232645869285948 0.0092848323317941718 -0.011119382115663844 0.015531136636124819 0.01901935423447149 -0.020244518873301188 -0.011506588534345823 0.016056845250402622 -0.0019640709553621124 0.0083553524863996947 0.023768121424038943 0.0048732901373625343 0.015605298742344502 0.02529071873361716 -0.0055056144299673281 -0.0092029573789704708 0.019635907998385046 0.020242095314861413 -0.0081884125675183959 0.0012882911571631234 0.0011043713250558204 0.029590847595771921
leaf_weight=182.70167000591755 188.4448120445013 29.491594806313515 430.86858716607094 27.741266295313835 13.243231460452078 197.19873854517937 23.2457005828619 71.481788039207458 27.746000662446022 24.492848917841911 53.732986375689507 34.237955957651138 19.493383765220642 14.496033653616903 12.746857494115828 20.994616851210594 15.743551403284071 22.74182191491127 13.74696573615074 162.71253404021263 13.245943456888197 15.246140897274016 134.72039687633514 12.496655911207201 13.996529042720793 25.990135833621025 30.991217881441116 62.740116879343987 21.746134623885155 26.24224890768528
leaf_count=731 754 118 1724 111 53 789 93 286 111 98 215 137 78 58 51 84 63 91 55 651 53 61 539 50 56 104 124 251 87 105
internal_value=-1.03779e-09 -0.00445125 -0.00255643 0.00540008 0.0153705 0.002574 0.00456857 0.00269596 -0.00512819 0.000104936 0.00346315 -0.00318393 0.00571006 -0.00148464 0.00695028 0.00382911 -0.0163257 -0.00304008 0.00436543 0.00369426 0.00197444 0.0066225 -0.00361577 -0.00545519 0.00603281 0.0071857 0.00514412 0.00819978 0.0141824 0.0197879
internal_weight=1944.72 712.531 524.087 93.2179 42.7348 1232.19 681.585 498.884 87.7299 550.602 272.429 278.173 80.9742 46.7363 32.2402 48.7406 38.9893 50.4831 411.154 397.407 325.925 177.959 147.966 80.2262 26.4932 192.203 166.213 135.221 72.4812 50.7351
internal_count=7781 2851 2097 373 171 4930 2727 1996 351 2203 1090 1113 324 187 129 195 156 202 1645 1590 1304 712 592 321 106 769 665 541 290 203
is_linear=0
shrinkage=0.02


Tree=7
num_leaves=31
num_cat=0
split_feature=76 49 49 74 43 77 42 74 43 28 62 9 71 22 61 35 82 73 54 8 8 7 92 14 43 83 86 42 39 71
split_gain=2.05622 25.9098 25.4653 19.816 22.1473 20.0389 21.0859 19.6576 22.2426 20.3753 23.162 21.0059 19.3141 18.0848 17.74 17.6862 17.6422 18.2741 17.6389 15.5915 29.4192 17.3279 16.5403 15.784 15.4756 20.1613 16.5463 14.9989 14.9839 26.7232
threshold=1.0000000180025095e-35 6.7875001430511483 6.7875001430511483 5.5833332538604745 15.41249990463257 4.0000000000000009 1.9375000000000002 5.5833332538604745 15.41249990463257 0.43467049300670629 24.33615875244141 0.3940825760364533 28.833333015441898 0.063461540266871466 121.50000000000001 0.11248261854052545 4.1499998569488534 24.166666984558109 23.69999980926514 0.39772574603557592 0.35424785315990454 0.54955545067787182 32.169872283935554 0.099635399878025069 18.737500190734867 2.8999999761581425 2.8999999761581425 5.7625000476837167 1.9579957723617556 30.875000000000004
decision_type=2 2 2 2 2 2 2 2 2 2 2 2 2 2 2 2 2 2 2 2 2 2 2 2 2 2 2 2 2 2
left_child=1 3 7 5 -5 6 -1 9 -9 13 -11 12 -12 15 -14 -2 17 -8 -7 20 22 24 -20 -22 25 26 -21 -6 29 -3
right_child=2 28 -4 4 27 18 16 8 -10 10 11 -13 14 -15 -16 -17 -18 -19 19 21 23 -23 -24 -25 -26 -27 -28 -29 -30 -31
leaf_value=0.013007658813046734 0.019798969406558068 -0.00812911139071925 0.0065806661441840265 0.0008088070435489774 0.026305943409698589 -0.02092160371543066 0.0019337257566901002 -0.00074210995839907789 -0.019433922147736916 -0.0092212022178687694 -0.009204217938272816 0.0074813500968635384 -0.0025042752891568884 -0.0090387153119746017 0.025932512206342139 -0.0025738595849918696 -0.013208197178292467 -0.020043470823061463 0.013487818003836494 0.0010815713765784463 0.0085101992136386983 -0.0079586401689527384 0.00080960185107042547 -0.0163849738866352 0.033248254422164426 -0.0031383352407754433 0.0237297640668741 0.00069948093941293312 -0.010930777326328616 0.014788128069198948
leaf_weight=23.735660225152969 18.994584485888481 60.226970985531807 223.16138675808907 55.986357197165489 34.225444599986076 12.495740994811056 95.48747618496418 55.982392907142639 46.713719218969345 56.732905045151711 69.732573539018631 267.6736453473568 22.241781324148178 141.44580172002316 14.493097215890883 55.227871641516685 95.705548718571663 17.984308674931526 55.730916365981102 18.99417519569397 12.746327131986616 19.996849149465561 157.44399061799049 50.735285624861717 12.494474142789839 32.490386843681335 40.236692309379578 12.48884181678295 132.20261543989182 30.741387188434601
leaf_count=95 76 241 893 224 137 50 382 224 187 227 279 1071 89 566 58 221 383 72 223 76 51 80 630 203 50 130 161 50 529 123
internal_value=4.31276e-09 -0.000650441 0.000650282 0.00113186 0.00929255 -0.000164968 -0.00485664 -0.00111609 -0.00924452 0.000175023 0.00268692 0.00449261 -0.0030215 -0.00484338 0.00871496 0.00315167 -0.00688372 -0.00154947 0.00247858 0.003208 0.000565079 0.00909454 0.0041241 -0.0113863 0.0123667 0.00952217 0.0164669 0.0194602 -0.00663196 -0.000384575
internal_weight=1944.55 972.149 972.4 748.978 102.701 646.278 232.913 749.238 102.696 646.542 430.874 374.141 106.467 215.668 36.7349 74.2225 209.177 113.472 413.365 400.869 276.657 124.213 213.175 63.4816 104.216 91.7213 59.2309 46.7143 223.171 90.9684
internal_count=7781 3890 3891 2997 411 2586 932 2998 411 2587 1724 1497 426 863 147 297 837 454 1654 1604 1107 497 853 254 417 367 237 187 893 364
is_linear=0
shrinkage=0.02


Tree=8
num_leaves=31
num_cat=0
split_feature=78 14 7 7 78 80 22 40 62 13 13 88 85 28 62 35 28 35 71 41 93 26 36 41 39 71 11 13 86 73
split_gain=53.4245 17.1485 21.1426 15.708 14.4811 13.0163 16.6254 12.9603 16.3395 13.2618 13.4464 25.5817 17.5745 14.254 13.6303 12.978 12.8194 12.6554 11.709 13.3775 12.7527 12.3401 11.5092 20.7855 13.3483 11.1783 10.347 22.6266 19.25 10.0198
threshold=1.0000000180025095e-35 0.1014513522386551 0.53393176198005687 0.56137987971305858 -136.99999999999997 10.150000095367433 0.080128207802772536 8.1190366744995135 35.856298446655281 35.649999618530281 33.649999618530281 6.2565789222717294 14.500000000000002 0.48560948669910436 28.493094444274906 0.1761596277356148 0.39754985272884374 0.10851409286260606 34.833333969116218 2.6540062427520756 23.610323905944828 0.17692308127880099 20.625000000000004 2.9889377355575566 1.46586149930954 18.750000000000004 3.4500000476837163 33.549999237060554 2.8999999761581425 21.416666984558109
decision_type=2 2 2 2 2 2 2 2 2 2 2 2 2 2 2 2 2 2 2 2 2 2 2 2 2 2 2 2 2 2
left_child=4 -2 5 -4 16 6 -3 8 9 10 11 12 -7 14 -14 -15 -1 -18 19 21 -20 29 24 -24 -21 -23 -8 -28 -29 -19
right_child=1 2 3 -5 -6 7 26 -9 -10 -11 -12 -13 13 15 -16 -17 17 18 20 22 -22 25 23 -25 -26 -27 27 28 -30 -31
leaf_value=-0.0017520624923101438 -0.009534411405378744 0.0098473424367269864 -0.021184299972922985 -0.0054300006998214438 0.00078778703317130996 -0.012368778769713569 -0.0017744746073683182 -0.0059165710011851013 0.026483332278169201 -0.01352387338566975 0.016766198694439519 -0.01951381261511519 0.00072722844283012696 -0.010581766658409564 0.024432542630178106 0.012721834804466172 0.014961714657055107 -0.0018952264553625758 -0.0093794679355007887 0.00019318598263376644 0.013898306169413868 0.02253213331020092 0.021041766660193813 -0.013518809366018623 0.022850169259204904 0.0014999860889233474 -0.031526993707030909 -0.02359982293148007 0.0083646036790369135 0.010028959258523611
leaf_weight=86.210957005620003 188.4049651324749 23.989426150918007 30.980496749281883 138.43793658912182 751.64502499997616 16.744090586900711 45.234072759747505 50.716094359755516 13.740828931331633 15.994287133216856 33.734481170773506 17.990284398198128 13.745575383305548 19.244279026985168 32.983587741851807 18.994086131453514 63.214518755674362 111.46540127694607 38.227979272603989 13.242765098810194 12.489929884672163 23.488942980766296 12.992604643106462 14.993623584508894 48.473367884755135 17.743970602750778 19.989827156066895 12.494560211896898 18.990854576230049 37.728869214653969
leaf_count=345 754 96 124 554 3008 67 181 203 55 64 135 72 55 77 132 76 253 446 153 53 50 94 52 60 194 71 80 50 76 151
internal_value=5.66609e-09 -0.00435954 -0.00249893 -0.00831089 0.0025211 0.000277977 -0.00505616 0.00303068 0.00550798 0.00380688 0.00561344 0.00247036 0.00635882 0.0100494 0.0174595 0.000993797 0.00523381 0.00676214 0.00519546 0.00679641 -0.00364702 0.00379673 0.0131644 0.00252594 0.0179885 0.0134813 -0.00875308 -0.0148856 -0.00432005 0.00112021
internal_weight=1944.33 712.41 524.005 169.418 1231.92 354.586 120.699 233.888 183.172 169.431 153.436 119.702 101.712 84.9675 46.7292 38.2384 480.273 394.062 330.847 280.13 50.7179 190.427 89.7024 27.9862 61.7161 41.2329 96.7093 51.4752 31.4854 149.194
internal_count=7781 2851 2097 678 4930 1419 483 936 733 678 614 479 407 340 187 153 1922 1577 1324 1121 203 762 359 112 247 165 387 206 126 597
is_linear=0
shrinkage=0.02


Tree=9
num_leaves=31
num_cat=0
split_feature=76 49 49 74 43 28 67 64 9 71 74 43 77 42 67 54 61 82 73 50 54 91 52 60 25 52 60 7 30 75
split_gain=2.01526 25.0358 24.2902 19.0748 21.3371 19.4951 25.9707 20.2904 23.1687 19.7029 18.8945 21.4204 19.5763 21.3884 18.7641 19.2008 18.7459 17.8139 18.2213 17.6488 18.304 16.3926 15.9838 32.9883 23.0887 15.6443 32.8588 22.9499 25.5935 19.3181
threshold=1.0000000180025095e-35 6.7875001430511483 6.7875001430511483 5.5833332538604745 15.41249990463257 0.43467049300670629 8.166666507720949 12.881153583526613 0.3940825760364533 28.833333015441898 5.5833332538604745 15.41249990463257 4.0000000000000009 1.9375000000000002 8.166666507720949 23.69999980926514 121.50000000000001 4.1499998569488534 24.166666984558109 6.5000000000000009 35.699998855590827 4.5000000000000009 4.0999999046325692 2.5017985105514531 0.075000001117587103 4.0999999046325692 2.5017985105514531 0.4470543265342713 0.38177730143070226 1.0000000180025095e-35
decision_type=2 2 2 2 2 2 2 2 2 2 2 2 2 2 2 2 2 2 2 2 2 2 2 2 2 2 2 2 2 2
left_child=1 3 10 5 -5 6 -1 -7 9 -9 12 -12 13 -2 15 -14 -11 18 -15 -10 -21 -17 23 -4 -24 26 -3 28 29 -27
right_child=2 25 22 4 -6 7 -8 8 19 16 11 -13 14 17 -16 21 -18 -19 -20 20 -22 -23 24 -25 -26 27 -28 -29 -30 -31
leaf_value=0.0068231616366187684 -0.013173884326653841 -0.015714972077707463 0.015588829368829625 0.000789890983796948 0.019100291495064231 0.014779052719029779 -0.018433474271936576 0.0099005576719442788 -0.0084484275133352733 0.0034402294462780531 -0.00070888627804528291 -0.019055394139998055 0.020826628788655138 -0.0019844261021695763 0.013613245556317597 -0.015165160907340165 -0.02566886350511071 0.013201843891179395 0.019963419323348813 0.018607818395900987 -0.011487038087691527 -0.0027501969134725562 -0.0071441732079163987 -0.0094085971115142105 0.014708585391783298 0.017686997078365976 0.0092327111884913816 -0.020089569684218534 -0.020999519995273521 -0.007104021037165547
leaf_weight=197.8782472461462 23.736924171447754 33.730964168906212 33.728611811995506 55.982203483581543 46.685883149504662 25.23077891767025 17.745632588863373 75.217324212193489 258.85369470715523 22.735411703586578 55.977108687162399 46.685763955116272 12.494951754808424 95.474289268255234 27.240674287080765 48.958028003573418 14.488740310072897 95.938778236508369 17.979999989271164 20.744492501020432 13.245603844523428 324.61918589472771 23.49154157936573 56.474619150161743 109.42221270501614 23.736504226922989 56.475721448659897 59.707391634583473 22.738761812448502 26.733089059591293
leaf_count=792 95 135 135 224 187 101 71 301 1036 91 224 187 50 382 109 196 58 384 72 83 53 1299 94 226 438 95 226 239 91 107
internal_value=7.83261e-09 -0.000644006 0.000643828 0.00110818 0.00911611 -0.00016424 0.00474457 -0.00262281 -0.00370616 0.00401097 -0.00108144 -0.00905193 0.000184364 0.00481852 -0.00242954 -0.0035615 -0.00788989 0.00685815 0.00149382 -0.00666925 0.00688015 -0.0043772 0.00643636 -6.16094e-05 0.0108463 -0.0065244 -9.597e-05 -0.0108872 -0.00338196 0.00455552
internal_weight=1944.15 971.93 972.223 748.808 102.668 646.14 215.624 430.516 405.285 112.441 749.106 102.663 646.443 233.13 413.313 386.072 37.2242 209.393 113.454 292.844 33.9901 373.577 223.117 90.2032 132.914 223.122 90.2067 132.916 73.2084 50.4696
internal_count=7781 3890 3891 2997 411 2586 863 1723 1622 450 2998 411 2587 933 1654 1545 149 838 454 1172 136 1495 893 361 532 893 361 532 293 202
is_linear=0
shrinkage=0.02


Tree=10
num_leaves=31
num_cat=0
split_feature=78 28 78 38 76 0 0 54 58 88 67 91 84 28 57 34 28 38 88 67 30 58 7 15 17 58 63 88 93 39
split_gain=51.2563 14.2567 14.0147 14.9873 14.3821 21.4808 21.341 13.695 16.3482 12.8688 23.3813 15.455 16.0956 17.3127 13.1158 12.8512 12.6703 16.3711 17.3024 20.1557 17.9523 15.7668 13.7763 20.4621 18.3311 16.1512 14.9823 12.9813 17.3685 12.4478
threshold=1.0000000180025095e-35 0.39754985272884374 -128.99999999999997 12.275000095367433 1.0000000180025095e-35 5.9500000476837167 5.9500000476837167 35.500000000000007 6.1738691329956064 5.1241438388824472 4.5833332538604745 47.500000000000007 10.900000095367433 0.48767291009426122 3.5000000000000004 33.824998855590827 0.39754985272884374 4.8750000000000009 5.5067567825317392 4.8333332538604745 0.41931250691413885 4.9506802558898935 0.44187495112419134 20.250000000000004 4.9500000476837167 2.9906533956527714 23.528702735900882 6.4729166030883798 25.29503154754639 3.0133019685745244
decision_type=2 2 2 2 2 2 2 2 2 2 2 2 2 2 2 2 2 2 2 2 2 2 2 2 2 2 2 2 2 2
left_child=2 -2 3 16 6 -6 -4 8 -8 10 11 12 13 -3 -11 -12 27 22 19 21 -21 -19 23 -18 25 -24 -25 -1 -29 -7
right_child=1 9 4 -5 5 29 7 -9 -10 14 15 -13 -14 -15 -16 -17 17 18 -20 20 -22 -23 24 26 -26 -27 -28 28 -30 -31
leaf_value=-0.0049555560397390539 0.0011137653349314431 0.011647296542689345 -0.0066537635484014571 -0.016886254963096498 0.0069922010993734799 -0.010863470182266027 0.026618524163941188 -0.0044420746539992418 0.0028338941649780846 0.00076637430191271261 0.0022227128697711943 -0.013064513578058002 -0.0086424547803713864 -0.0034621016378680197 -0.01464977549607771 0.02383444060191045 -0.010573582285621552 0.012547414101536156 0.023493567151425147 -0.01500494063391446 0.012204117615120738 -0.0053446072459883533 0.00043313637690123427 0.021212220058810266 -0.01539639014695917 0.013679313832869402 -0.0055334926849664066 0.015868600719069152 -0.0098856831709642889 0.0058909185791746485
leaf_weight=91.943892940878868 154.11892208456993 42.965579584240913 197.12617008388042 12.994183674454687 192.115788012743 53.7165647149086 19.231279537081718 32.722741529345512 28.976588606834412 28.236760511994362 43.467462986707687 91.673563688993454 132.64682801067829 103.18065151572227 101.16205330193043 14.737397044897078 59.474690154194832 172.85782091319561 31.967683374881744 25.98162154853344 15.477849066257475 22.235038056969643 63.204558342695236 18.238037019968033 14.49120472371578 88.203160092234612 15.496070072054861 33.486705929040909 15.241703748703001 26.482343524694443
leaf_count=368 617 172 789 52 769 215 77 131 116 113 174 367 531 413 405 59 238 692 128 104 62 89 253 73 58 353 62 134 61 106
internal_value=7.12304e-09 -0.0042709 0.00246959 0.00438709 9.59467e-05 0.00336291 -0.00310355 0.00554386 0.0123222 -0.00575795 -0.00408933 -0.00594076 -0.00359831 0.000979915 -0.0112857 0.00769478 0.00480072 0.00622265 0.00968329 0.00781697 -0.00484712 0.0105082 0.00263629 -0.00351618 0.006093 0.00814975 0.00892633 -0.00053259 0.00781295 -0.00533103
internal_weight=1943.85 712.189 1231.67 681.294 550.371 272.315 278.057 80.9306 48.2079 558.07 428.671 370.467 278.793 146.146 129.399 58.2049 668.3 527.628 268.52 236.552 41.4595 195.093 259.108 93.2088 165.899 151.408 33.7341 140.672 48.7284 80.1989
internal_count=7781 2851 4930 2727 2203 1090 1113 324 193 2234 1716 1483 1116 585 518 233 2675 2112 1075 947 166 781 1037 373 664 606 135 563 195 321
is_linear=0
shrinkage=0.02


Tree=11
num_leaves=31
num_cat=0
split_feature=78 14 7 7 78 14 7 7 76 7 0 0 94 94 92 39 48 64 48 84 80 22 91 81 48 72 42 62 40 62
split_gain=49.2324 16.3988 19.7754 15.0294 13.4619 15.3237 15.3403 15.4199 13.814 20.9126 20.4982 13.898 14.8132 23.7902 13.4867 13.2296 13.0576 19.5533 13.7763 20.2963 12.4901 15.8099 12.4048 12.0659 14.2847 12.2351 11.8869 12.0974 11.8849 15.0306
threshold=1.0000000180025095e-35 0.1014513522386551 0.53393176198005687 0.56137987971305858 -128.99999999999997 0.1014513522386551 0.53393176198005687 0.56137987971305858 1.0000000180025095e-35 0.46073907613754278 5.9500000476837167 5.6499998569488534 23.014705657958988 29.707142829895023 35.180194854736335 3.0133019685745244 34.987499237060554 31.190485000610355 25.187500000000004 8.2999997138977069 10.150000095367433 0.080128207802772536 67.500000000000014 21.150000572204593 37.412500381469734 26.250000000000004 5.0125000476837167 34.895431518554695 8.1190366744995135 33.80104064941407
decision_type=2 2 2 2 2 2 2 2 2 2 2 2 2 2 2 2 2 2 2 2 2 2 2 2 2 2 2 2 2 2
left_child=4 -2 20 -4 5 -1 -7 -8 10 11 23 12 -10 -14 -13 -12 17 18 19 -11 21 -3 28 24 25 -6 27 -9 29 -22
right_child=1 2 3 -5 8 6 7 26 9 16 15 14 13 -15 -16 -17 -18 -19 -20 -21 22 -23 -24 -25 -26 -27 -28 -29 -30 -31
leaf_value=0.0092571650161005319 -0.0092475505138760392 0.0096284583193191574 -0.020587461024971779 -0.0051706275555881333 -0.0050664012707948613 3.6249257160297036e-05 0.020609946761483599 0.0048070029546167722 0.01993882261872754 -0.01583229825563336 0.010994639364343906 -0.01415110088902932 -0.018080921706065962 0.0095323070664918557 0.0033541635619999412 -0.0063277174692099739 0.026211511579288978 -0.011592170824577556 0.020497889381513451 0.011797448443831012 0.002264929275904885 -0.0085122965665984669 -0.01524435809569253 -0.024432235244946036 -0.024580331323040917 0.015507419107708583 0.022075009071717777 -0.015632703435722827 -0.0046842352543558022 0.014630156218706655
leaf_weight=182.57716898620129 188.3224621117115 23.984367653727531 30.950606971979141 138.38575318455696 156.66498844325542 335.27896898984909 29.462339505553246 106.904764726758 18.491739377379417 14.489703595638273 54.940232008695602 48.212060660123825 19.989112854003906 33.22343322634697 27.73039411008358 25.972964093089104 15.975610569119452 18.985667675733566 35.218211114406586 39.971716523170471 111.66563826799393 96.671569466590881 13.989166513085364 13.977671325206755 13.984845295548437 12.483464896678923 13.988259643316267 12.98986706137657 47.451180264353752 60.694596514105797
leaf_count=731 754 96 124 554 627 1342 118 428 74 58 220 193 80 133 111 104 64 76 141 160 447 387 56 56 56 50 56 52 190 243
internal_value=1.19091e-08 -0.00418593 -0.00236609 -0.00798845 0.00242051 0.00429995 0.00248481 0.00751068 9.40438e-05 0.00329598 -0.00304182 -0.00179661 0.00451825 -0.000840509 -0.00775905 0.0054342 0.00932854 0.00684646 0.01075 0.00444643 0.000319907 -0.00490622 0.00301692 -0.0065212 -0.00515413 -0.00354802 0.00462804 0.00259248 0.0041791 0.0066192
internal_weight=1943.63 712.115 523.793 169.336 1231.51 681.201 498.624 163.345 550.312 272.288 278.024 147.647 71.7043 53.2125 75.9425 80.9132 124.641 108.665 89.6796 54.4614 354.457 120.656 233.801 197.111 183.133 169.148 133.883 119.895 219.811 172.36
internal_count=7781 2851 2097 678 4930 2727 1996 654 2203 1090 1113 591 287 213 304 324 499 435 359 218 1419 483 936 789 733 677 536 480 880 690
is_linear=0
shrinkage=0.02


Tree=12
num_leaves=31
num_cat=0
split_feature=76 17 17 74 40 74 40 74 74 28 40 81 25 82 65 50 40 28 22 91 22 67 11 65 17 35 34 42 62 39
split_gain=1.80322 23.6583 23.0276 20.286 21.5754 20.0508 21.7106 19.1209 18.9681 16.6807 27.283 19.8985 16.1498 19.695 22.4694 18.5431 18.2147 18.5989 15.9374 15.769 18.8274 14.6805 14.5969 17.5183 14.416 13.8616 13.8142 20.86 12.895 12.6949
threshold=1.0000000180025095e-35 7.1055555343627939 7.1055555343627939 5.5833332538604745 7.9194378852844247 5.5833332538604745 7.9194378852844247 4.4166667461395273 4.4166667461395273 0.44288352131843572 5.3196568489074716 21.050000190734867 0.075000001117587103 3.4500000476837163 2.3236352205276494 6.2999999523162851 4.9657156467437753 0.42484104633331304 0.063461540266871466 4.5000000000000009 0.095454547554254546 3.8333333730697636 7.2500000000000009 6.1819121837615976 2.9500000476837163 0.10677197575569154 30.774999618530277 3.4125000238418584 24.33615875244141 1.7730619907379153
decision_type=2 2 2 2 2 2 2 2 2 2 2 2 2 2 2 2 2 2 2 2 2 2 2 2 2 2 2 2 2 2
left_child=1 5 3 7 -5 8 -7 9 12 18 -11 22 19 15 -15 21 26 -18 25 -1 -21 -14 23 28 -20 -2 27 -16 -12 -4
right_child=2 -3 29 4 -6 6 -8 -9 -10 10 11 -13 13 14 16 -17 17 -19 24 20 -22 -23 -24 -25 -26 -27 -28 -29 -30 -31
leaf_value=0.025265824077371338 0.020444746245553633 -0.0066115945196535556 -0.0012481498337112585 -0.0041330959635370833 -0.025332119115285524 0.0040932324966004522 0.025358441917787904 0.010238931295038219 -0.010170082571674203 -0.0093362088237276541 -0.0098173468616557721 0.021243884353060391 0.0063230291029464005 0.022038050856821832 0.019228300514263358 0.021745806465051837 0.0036718766641240432 -0.0084786816858199304 0.003700757825056068 -0.0075980851324434712 0.011422200830461282 -0.013053819325936682 0.020737325802371979 -0.014594854292898578 -0.012389639778993067 -0.0019348283739555802 0.022454528697209049 -0.014221068823775685 0.004933664982732424 0.0096883304630760916
leaf_weight=17.468880668282509 13.741451218724249 206.76648198068142 59.684629395604134 83.675790950655937 24.923914074897766 83.676277622580528 24.924281403422356 69.674857035279274 69.669418603181839 72.441259875893593 26.731943219900131 25.473611950874329 75.447710290551186 13.737684041261671 12.740235611796381 24.727071657776833 64.199243709445 234.29076288640499 27.731888219714165 32.727750167250633 57.199154496192932 19.729821979999542 16.984886169433594 24.227381631731987 113.14184442162514 56.95647881925106 16.238832980394363 17.985495820641518 209.3386013507843 147.07251080870628
leaf_count=70 55 828 239 335 100 335 100 279 279 290 107 102 302 55 51 99 257 938 111 131 229 79 68 97 453 228 65 72 838 589
internal_value=1.4115e-08 -0.000609301 0.000609159 -0.000991329 -0.00899833 0.00101352 0.00897369 0.000333319 -0.000303957 -0.000842905 0.00168932 0.00432742 0.000868039 -0.00070328 -0.00304616 0.00631518 -0.00404369 -0.00586534 -0.0053335 0.00787775 0.00450001 0.00230631 0.00277333 0.00160114 -0.00922214 0.00241506 0.00753409 -0.000351494 0.0032633 0.00653129
internal_weight=1943.33 971.529 971.801 765.044 108.6 764.763 108.601 656.444 656.162 586.769 375.198 302.756 586.493 479.097 359.192 119.905 345.455 298.49 211.572 107.396 89.9269 95.1775 277.283 260.298 140.874 70.6979 46.9646 30.7257 236.071 206.757
internal_count=7781 3890 3891 3063 435 3062 435 2628 2627 2349 1502 1212 2348 1918 1438 480 1383 1195 847 430 360 381 1110 1042 564 283 188 123 945 828
is_linear=0
shrinkage=0.02


Tree=13
num_leaves=31
num_cat=0
split_feature=78 14 28 88 40 18 91 39 95 38 14 78 14 28 88 49 14 76 0 0 54 58 40 15 35 46 35 20 40 54
split_gain=47.1598 15.8228 15.7912 18.2176 19.1319 14.7736 18.1908 26.4233 17.7651 16.7339 13.2187 12.9592 14.6054 14.6961 20.7589 13.2571 14.0345 13.0957 19.8479 19.5351 13.1199 15.5965 12.8191 12.6806 12.5993 21.8762 12.5956 14.3766 14.6362 12.1112
threshold=1.0000000180025095e-35 0.1014513522386551 0.38671399652957922 6.1126315593719491 7.9949984550476083 2.1083165407180791 46.500000000000007 1.8024289011955263 4.4568321704864511 2.8750000000000004 0.13611492514610293 -128.99999999999997 0.1014513522386551 0.38671399652957922 6.1126315593719491 4.6859848499298105 0.13544031977653506 1.0000000180025095e-35 5.9500000476837167 5.9500000476837167 35.500000000000007 6.1738691329956064 7.6144597530364999 28.349999427795414 0.12826693803071978 31.037499427795414 0.14878918230533603 2.3291606903076176 8.2715625762939471 33.699998855590827
decision_type=2 2 2 2 2 2 2 2 2 2 2 2 2 2 2 2 2 2 2 2 2 2 2 2 2 2 2 2 2 2
left_child=11 -2 3 4 -3 6 8 -8 9 -4 -5 12 -1 14 22 16 -16 19 -19 -13 21 -21 -14 24 -15 -26 -27 28 -28 -20
right_child=1 2 5 10 -6 -7 7 -9 -10 -11 -12 17 13 23 15 -17 -18 18 29 20 -22 -23 -24 -25 25 26 27 -29 -30 -31
leaf_value=0.0090542076160013522 -0.0090703715798875102 0.023750884034381761 -0.009089364950086623 0.0059260613218020735 -0.0052012584383441989 -0.0084334261201385752 -0.022583647323377264 0.0034248973273857519 -0.003186819918409712 0.013361352238144749 -0.014748474688809998 -0.0063647833165003777 -0.025315548363824103 0.010982377315401668 -0.0013475306831445559 -0.0079121926907724256 0.027501547775896369 0.0066941572945435701 -0.014107267539604593 0.025923281698414968 -0.004465668908571827 0.0026803644751491945 -0.0019344692075949283 0.02292640151118935 0.0065436801227373546 -0.013777035814781886 -0.012149431552593654 0.0079712105177940241 0.0090720738867330741 0.0015958959476875649
leaf_weight=182.50964777171612 188.25407584011555 29.447969809174538 16.477072283625603 28.721581056714058 13.231955841183661 173.54273465275764 32.949770256876945 29.716261774301529 109.38443376123905 68.441747888922691 21.728555485606194 197.03915886580944 23.22804082930088 71.414078891277313 13.491811677813532 21.738479405641556 13.48885130882263 192.01355309784412 34.458468317985535 19.203883692622185 32.715137526392937 28.96654212474823 15.732736349105833 13.727150559425352 174.08233672380447 38.220006212592125 48.718284994363785 46.947060868144035 17.731007933616638 45.702609181404114
leaf_count=731 754 118 66 115 53 695 132 119 438 274 87 789 93 286 54 87 54 769 138 77 131 116 63 55 697 153 195 188 71 183
internal_value=1.85938e-08 -0.00409749 -0.0023097 0.00515768 0.0147749 -0.00392507 -0.000880382 -0.0102504 0.0021416 0.00900517 -0.00297833 0.00236939 0.00421358 0.00244141 -0.0049918 0.00371075 0.0130754 8.62622e-05 0.00320453 -0.00296749 0.00530841 0.0119465 -0.015874 0.00402778 0.00337451 0.00170637 -0.00384771 -0.000501053 -0.00648679 -0.00515435
internal_weight=1943.03 711.896 523.642 93.1301 42.6799 430.512 256.969 62.666 194.303 84.9188 50.4501 1231.13 681.029 498.52 87.6799 48.7191 26.9807 550.099 272.175 277.925 80.8856 48.1704 38.9608 410.84 397.113 325.699 151.616 113.396 66.4493 80.1611
internal_count=7781 2851 2097 373 171 1724 1029 251 778 340 202 4930 2727 1996 351 195 108 2203 1090 1113 324 193 156 1645 1590 1304 607 454 266 321
is_linear=0
shrinkage=0.02


Tree=14
num_leaves=31
num_cat=0
split_feature=78 14 7 7 78 71 14 28 39 26 40 62 90 14 89 22 18 8 86 89 28 49 16 14 14 78 88 77 85 9
split_gain=45.3014 15.201 18.6575 14.3991 12.529 11.8139 13.276 12.4328 11.8907 12.3291 13.9445 13.2241 12.9362 11.377 11.359 11.2497 20.4138 18.5633 18.1802 15.7398 13.5629 11.0508 10.5425 10.5261 13.2666 13.5163 13.4591 12.6183 13.9362 11.981
threshold=1.0000000180025095e-35 0.1014513522386551 0.53393176198005687 0.56137987971305858 -136.99999999999997 34.416666030883796 0.087642632424831404 0.48869127035140997 2.334255695343018 0.052777778357267387 6.4933617115020761 28.653939247131351 3.9483659267425542 0.11877259984612466 17.015625000000004 0.12132352963089944 1.8986833095550539 0.26839080452919012 2.8999999761581425 11.616847991943361 0.39350260794162756 5.3624999523162851 26.44999980926514 0.11691442131996156 0.13300289958715442 117.00000000000001 5.1751918792724618 5.0000000000000009 14.500000000000002 0.38201016187667852
decision_type=2 2 2 2 2 2 2 2 2 2 2 2 2 2 2 2 2 2 2 2 2 2 2 2 2 2 2 2 2 2
left_child=4 -2 15 -4 5 6 -1 8 9 10 -8 -11 -13 -12 22 16 17 -3 -18 -20 -21 -16 -7 29 25 -25 27 28 -26 -17
right_child=1 2 3 -5 -6 14 7 -9 -10 11 13 12 -14 -15 21 23 18 -19 19 20 -22 -23 -24 24 26 -27 -28 -29 -30 -31
leaf_value=0.015478024064663356 -0.0088912244021598363 -0.0079821408342129283 -0.020067739202488746 -0.0049690858605207769 0.00070963050556542724 0.0048377346748986446 -0.0074499306408775806 0.0084014438975151418 0.0078578754015422598 0.0062353176512552093 -0.00059184096528091992 -0.026289881731984901 -0.0017350454846815115 0.025465928576997629 -0.0062575215537615594 0.00045392071627181765 -0.020302936124643081 0.018646314281366295 0.017491148409076996 0.0047383160916201292 -0.014897188180582424 0.01604637546373601 -0.01540076082783619 0.019208904688302005 -0.015660590999444578 -0.0061627716922250386 -0.015301842036621419 0.016613210971801767 0.0026261481594287263 -0.022990323943947798
leaf_weight=54.16099925339222 188.20668961107731 13.234564691781996 30.910761639475822 138.3271676003933 751.07263807952404 15.485621362924574 24.476788207888603 182.25618813931942 59.676877439022064 13.737836137413977 12.480030462145807 22.231314316391945 13.978083238005636 14.476333141326903 15.721068352460859 15.477842435240744 16.974134087562561 50.164578720927238 20.726020365953445 36.94922000169754 22.725589796900749 20.436856299638748 30.718183964490891 22.97639012336731 24.718633696436882 13.237900361418722 30.717212498188019 15.240594148635862 51.195214152336121 19.967911571264267
leaf_count=217 754 53 124 554 3008 62 98 730 239 55 50 89 56 58 63 62 68 201 83 148 91 82 123 92 99 53 123 61 205 80
internal_value=2.12961e-08 -0.00401637 -0.00226393 -0.00772681 0.00232243 0.00484689 0.00627542 0.00482362 0.000774872 -0.00339449 0.00347863 -0.0104721 -0.0168109 0.0134019 -0.00204713 0.000345465 0.00425548 0.0130876 -0.00149498 0.00247574 -0.00273935 0.00634889 -0.00861765 -0.00290273 -0.000694102 0.00993445 -0.00385239 5.84734e-06 -0.00332828 -0.0127531
internal_weight=1942.66 711.75 523.544 169.238 1230.91 479.836 397.474 343.313 161.057 101.38 51.4332 49.9472 36.2094 26.9564 82.3617 354.306 160.774 63.3991 97.375 80.4008 59.6748 36.1579 46.2038 193.532 158.086 36.2143 121.872 91.1544 75.9138 35.4458
internal_count=7781 2851 2097 678 4930 1922 1592 1375 645 406 206 200 145 108 330 1419 644 254 390 322 239 145 185 775 633 145 488 365 304 142
is_linear=0
shrinkage=0.02


Tree=15
num_leaves=31
num_cat=0
split_feature=78 14 18 58 91 2 40 68 95 30 59 8 22 78 38 14 22 18 8 86 91 76 50 34 50 34 82 58 19 35
split_gain=43.5167 14.6036 13.8168 26.6251 20.8343 14.6887 17.1448 14.8395 14.5298 15.4342 15.2804 13.2527 12.6713 12.0956 14.0549 13.3409 14.5979 19.3672 14.3987 14.085 14.497 12.5791 15.3492 16.9763 14.079 15.8607 12.7541 17.229 17.9067 12.4897
threshold=1.0000000180025095e-35 0.1014513522386551 2.0174180269241337 4.3417756557464608 36.500000000000007 1.0000000180025095e-35 6.8570218086242685 14.875000000000002 4.8271341323852548 0.61993321776390087 15.632456302642824 0.39672714471817022 0.13750000298023227 -128.99999999999997 12.275000095367433 0.1014513522386551 0.12132352963089944 1.8986833095550539 0.26839080452919012 2.8999999761581425 51.500000000000007 1.0000000180025095e-35 5.9000000953674325 35.475000381469734 5.9000000953674325 35.524999618530281 4.6499998569488534 5.2614479064941415 6.9039840698242196 0.15938580036163333
decision_type=2 2 2 2 2 2 2 2 2 2 2 2 2 2 2 2 2 2 2 2 2 2 2 2 2 2 2 2 2 2
left_child=13 -2 3 4 8 6 -5 12 9 -3 -10 -6 -7 14 15 -1 17 18 -17 -19 -21 24 -23 -24 26 -26 27 28 -15 -28
right_child=1 2 -4 5 11 7 -8 -9 10 -11 -12 -13 -14 21 -16 16 -18 19 -20 20 -22 22 23 -25 25 -27 29 -29 -30 -31
leaf_value=0.0091140608077025162 -0.0087159222419466841 0.016925749450772725 -0.0055966585908913688 0.013633548155265953 -0.021345102915469177 0.020407160178683631 -0.018287728168045241 0.035465482095545883 -0.0098396861220523806 -0.0054683859944361837 0.011726616536554687 -0.0031530313918766636 -0.0013929615630952766 -0.0056245648476744414 -0.016545652876438652 0.0090240981493595312 0.005230286788414965 0.019567359598616618 -0.01478338367445552 0.0048728728202261313 -0.014666937272942557 0.0063316499997662801 -0.0099113369811968111 0.0093842325387643328 0.0094406290824603899 -0.0092004948083513546 -0.0058173762811164894 -0.017606703507086065 0.010602176904743471 -0.026332841040507073
leaf_weight=179.91940107941628 188.15276037156582 35.954116731882095 251.60377709567547 13.977503806352617 32.93897633254528 23.949255362153053 12.980475202202795 12.472910597920416 52.920493587851524 18.720257073640823 17.482801079750061 31.179844871163368 19.227370247244835 74.168793678283691 12.990350991487501 12.480398923158644 321.57630072534084 17.977433860301971 54.68936762213707 60.922559514641762 20.23155577480793 186.9979801774025 58.668590068817139 26.465974226593971 60.139509722590446 26.216277450323105 26.961195066571236 26.226289838552475 42.958535119891167 21.206198021769524
leaf_count=721 754 144 1008 56 132 96 52 50 212 75 70 125 77 297 52 50 1288 72 219 244 81 749 235 106 241 105 108 105 172 85
internal_value=1.9255e-08 -0.00393712 -0.00221925 0.000907152 -0.00322904 0.0103803 -0.00173679 0.0162501 0.00152284 0.0092581 -0.00448426 -0.0124986 0.0106992 0.0022762 0.00405829 0.00445909 0.00274243 -0.00206833 -0.0103599 0.00354987 1.63793e-06 7.0366e-05 0.00312673 -0.00391288 -0.00292282 0.00378147 -0.00594574 -0.00295404 0.000326882 -0.0148495
internal_weight=1942.36 711.561 523.408 271.804 189.196 82.6075 26.958 55.6495 125.078 54.6744 70.4033 64.1188 43.1766 1230.8 680.787 667.797 487.878 166.301 67.1698 99.1315 81.1541 550.009 272.133 85.1346 277.877 86.3558 191.521 143.354 117.127 48.1674
internal_count=7781 2851 2097 1089 758 331 108 223 501 219 282 257 173 4930 2727 2675 1954 666 269 397 325 2203 1090 341 1113 346 767 574 469 193
is_linear=0
shrinkage=0.02


Tree=16
num_leaves=31
num_cat=0
split_feature=78 14 7 7 78 80 11 11 28 40 62 13 46 88 40 19 19 57 88 48 14 50 35 62 63 40 15 19 7 0
split_gain=41.8026 14.0312 17.6909 13.8285 11.8825 11.5525 12.229 24.1092 12.1768 11.5089 14.9946 12.3521 16.5209 13.3886 11.7436 12.4779 13.1456 10.8069 12.046 10.6042 9.93536 12.5213 9.63959 9.32176 9.99451 13.7814 10.2664 9.84235 13.1004 12.4017
threshold=1.0000000180025095e-35 0.1014513522386551 0.53393176198005687 0.56137987971305858 -160.99999999999997 10.150000095367433 6.4500000476837167 3.4500000476837163 0.39754985272884374 8.1190366744995135 35.856298446655281 35.649999618530281 33.937500000000007 6.2565789222717294 7.2107558250427255 4.047837734222413 4.9784529209136972 3.1000000238418584 4.4677083492279062 35.062500000000007 0.09824948757886888 2.6999999284744267 0.11395031586289407 34.911067962646491 21.800326347351078 6.9381191730499276 15.550000190734865 6.0975401401519784 0.61983084678649913 2.8500000238418584
decision_type=2 2 2 2 2 2 2 2 2 2 2 2 2 2 2 2 2 2 2 2 2 2 2 2 2 2 2 2 2 2
left_child=4 20 5 -4 22 6 7 17 -9 10 11 12 13 14 15 -7 -17 -3 -19 -14 21 -2 -1 24 25 27 -27 28 -5 -30
right_child=1 2 3 23 -6 9 -8 8 -10 -11 -12 -13 19 -15 -16 16 -18 18 -20 -21 -22 -23 -24 -25 -26 26 -28 -29 29 -31
leaf_value=0.021094667075884851 -0.025165847960409542 0.017881801307407692 -0.019599498629032611 0.0080676855121630999 0.0016166992542977297 0.019325975704428091 0.010191870476121689 -0.00096369830678071739 -0.023791674242566875 -0.0054756134235633145 0.025416854516935157 -0.013068266712055557 0.026949164053129575 -0.01452763720166002 0.018417050188221415 -0.017955001207096141 0.0027087864529139537 0.0070401642794341215 -0.014622556058919729 0.0040434270096223121 -0.021113062934885598 -0.0052138403075720407 0.0057192970907223696 0.010690563201688007 -0.022640230110193543 -0.0068810613600285252 0.015409067614438228 -0.022550615367478329 -0.004205083830226242 -0.028000379644128111
leaf_weight=19.940208181738853 13.715500667691229 12.731523260474203 30.86882658302784 19.47956283390522 1121.0510589927435 12.981842413544653 18.724750205874443 12.731603562831877 35.155185788869858 50.653966188430786 13.706245899200438 15.975503921508787 20.205610826611519 16.97245754301548 19.959504902362823 15.979821309447287 53.689477950334549 21.719618424773216 19.473818615078926 13.476377025246618 22.189406469464302 152.187808573246 89.603687331080437 13.978391349315642 13.713791772723196 14.226537048816679 19.724786326289177 17.221883550286293 26.960663244128227 12.978674501180647
leaf_count=80 55 51 124 78 4491 52 75 51 141 203 55 64 81 68 80 64 215 87 78 54 89 610 359 56 55 57 79 69 108 52
internal_value=1.82548e-08 -0.00385934 -0.00217535 -0.00749618 0.00223104 0.000366141 -0.00466261 -0.00739458 -0.0177224 0.00296094 0.00529684 0.00366739 0.00541182 0.00192693 0.00464862 0.00132366 -0.0020308 0.00177683 -0.00320069 0.0177844 -0.00854436 -0.00686331 0.00851807 -0.00479439 -0.00653569 -0.00453868 0.00606889 -0.00923775 -0.00537918 -0.0119376
internal_weight=1941.98 711.383 523.29 169.153 1230.59 354.137 120.536 101.812 47.8868 233.601 182.947 169.241 153.265 119.583 102.611 82.6511 69.6693 53.925 41.1934 33.682 188.093 165.903 109.544 138.284 124.306 110.592 33.9513 76.6408 59.4189 39.9393
internal_count=7781 2851 2097 678 4930 1419 483 408 192 936 733 678 614 479 411 331 279 216 165 135 754 665 439 554 498 443 136 307 238 160
is_linear=0
shrinkage=0.02


Tree=17
num_leaves=31
num_cat=0
split_feature=78 78 24 89 47 30 34 62 28 39 42 58 44 28 82 7 90 30 73 35 52 54 7 31 31 68 63 4 7 31
split_gain=40.332 12.5364 11.9881 16.6345 18.101 12.8276 13.1632 14.4131 11.2436 10.5576 18.1618 13.6333 12.8819 11.9521 10.8615 10.3998 10.0966 12.3536 13.1255 9.20754 8.45342 10.1179 9.1594 8.27892 11.6676 13.3729 12.9077 11.8736 16.9768 10.5003
threshold=-128.99999999999997 125.50000000000001 0.15192308276891711 10.110008239746096 13.887499809265138 0.5169418752193452 36.574998855590827 36.304574966430671 0.45378135144710546 2.2572103738784794 4.8624999523162851 4.7174744606018075 3.4027028083801274 0.4449994564056397 3.4500000476837163 0.5957019329071046 1.2843665480613711 0.58958113193511974 14.833333492279055 0.11395031586289407 4.2999999523162851 28.10000038146973 0.47910536825656896 11.924999713897707 18.024999618530277 11.833333492279055 23.785830497741703 0.25000000745058065 0.51968508958816539 19.425000190734867
decision_type=2 2 2 2 2 2 2 2 2 2 2 2 2 2 2 2 2 2 2 2 2 2 2 2 2 2 2 2 2 2
left_child=2 -2 3 20 -5 6 7 23 -7 10 14 -11 -13 -14 -4 16 -16 18 -18 -3 21 22 -1 -6 25 26 27 28 -25 -26
right_child=1 19 9 4 5 8 -8 -9 -10 11 -12 12 13 -15 15 -17 17 -19 -20 -21 -22 -23 -24 24 29 -27 -28 -29 -30 -31
leaf_value=-0.0058314159477816062 -0.0015058047823017047 -0.020989816547009165 0.012143071070862512 -0.014053473940186429 0.015461062893583533 0.0050747502462926688 0.015497201412337005 -0.017954254264960154 0.026996890351507919 0.016084248239513134 -0.020463179258693752 0.0092335493231691206 0.00051897279364938268 -0.024192173042112596 -0.013157231748260483 -0.014388665324952365 -0.012853931726596674 0.02277897310142794 0.013898293976161028 -0.0058734601173515283 -0.0016596897260191829 0.0220106183204536 0.015983922287914003 -0.0042152764215437196 0.015888386277937868 0.0053076049446350573 -0.022444397920676217 -0.019085313695837363 0.021634560171869613 0.00096422326961869537
leaf_weight=12.736447855830191 1152.5300721973181 19.691578507423401 22.210052952170372 21.218309760093689 20.469324797391891 18.719452798366547 33.439367979764938 13.484086290001867 18.713977605104446 30.702943861484528 21.473433166742325 30.712177336215973 20.97860760986805 12.49083164334297 14.734671473503111 24.964337736368179 16.472840100526813 12.47158896923065 13.225843042135237 88.8132084608078 12.718200504779814 45.421300783753395 19.462232619524002 46.94455049932003 39.406348273158073 78.601884856820107 15.731074765324591 13.985908880829809 12.970266312360762 36.162631422281265
leaf_count=51 4619 79 89 85 82 75 134 54 75 123 86 123 84 50 59 100 66 50 53 356 51 182 78 188 158 315 63 56 52 145
internal_value=5.48324e-09 -0.00211766 0.00392355 0.00576063 0.00388134 0.0049729 0.00364234 0.00221512 0.0160342 8.84677e-05 -0.00371654 0.00512331 -0.000120138 -0.00870325 -0.000261405 -0.00362658 0.00109478 0.00607456 -0.000940247 -0.00861679 0.0134545 0.015931 0.00735469 0.00324423 0.00221852 -0.000713831 -0.00599428 -0.00249258 0.00138066 0.00874661
internal_weight=1941.66 1261.03 680.623 460.185 369.847 348.629 311.195 277.756 37.4334 220.437 125.553 94.8846 64.1816 33.4694 104.079 81.8693 56.9049 42.1703 29.6987 108.505 90.3382 77.62 32.1987 264.272 243.803 168.234 89.6318 73.9007 59.9148 75.569
internal_count=7781 5054 2727 1844 1482 1397 1247 1113 150 883 503 380 257 134 417 328 228 169 119 435 362 311 129 1059 977 674 359 296 240 303
is_linear=0
shrinkage=0.02


Tree=18
num_leaves=31
num_cat=0
split_feature=78 38 78 28 35 92 16 28 28 94 39 29 88 52 82 46 91 28 79 86 52 56 46 13 76 35 28 65 49 52
split_gain=39.07 12.0365 11.2113 11.197 13.9951 17.2098 16.6836 14.4928 13.4926 12.9561 19.7836 12.6801 13.3654 14.841 12.4245 14.6986 12.2785 10.0935 9.83294 9.84492 13.558 11.3645 11.096 9.70328 9.36732 9.22737 8.8465 8.57097 20.5968 8.10579
threshold=1.0000000180025095e-35 12.275000095367433 -160.99999999999997 0.39754985272884374 0.12743132561445239 29.507143020629886 39.350000381469734 0.45378135144710546 0.73861095309257518 23.664319038391117 1.8024289011955263 0.2570785284042359 6.4729166030883798 5.9000000953674325 4.5499999523162851 27.037499427795414 22.500000000000004 0.53026580810546886 1.9499999880790713 3.8999999761581425 3.3000000715255742 30.10000038146973 33.662500381469734 31.250000000000004 1.0000000180025095e-35 0.11395031586289407 0.41642469167709356 3.5114070177078252 4.6625001430511483 5.5000000000000009
decision_type=2 2 2 2 2 2 2 2 2 2 2 2 2 2 2 2 2 2 2 2 2 2 2 2 2 2 2 2 2 2
left_child=2 3 25 11 26 14 7 24 9 17 23 -2 13 27 -6 -16 -14 -9 -12 22 -21 -22 -20 -11 -7 -1 -5 -13 -29 -28
right_child=1 -3 -4 4 5 6 -8 8 -10 10 18 12 16 -15 15 -17 -18 -19 19 20 21 -23 -24 -25 -26 -27 29 28 -30 -31
leaf_value=0.020581453904872739 0.015949730888440233 0.014640687797500449 0.0015602639561672525 -0.025000927885085265 -0.011968911781111749 0.022881250282960994 -0.018601451971737914 0.023276699185043555 0.018421777259226155 -0.0060157375434657084 -0.014080075764590321 0.021153274419213112 -0.020135884541484971 -0.011310075306049399 0.011247213436744482 -0.011024789136269877 0.00056152945903150439 5.5021402721571464e-05 0.01773468660502691 0.0094995575446355247 -0.026374714421627306 0.00010569870559448345 -0.0048662042260783694 -0.028870388416145403 0.0021493955311809479 0.0055282698076569783 -0.011960458871905682 -0.011868118057370956 0.015238132382573029 -0.0017671390107523361
leaf_weight=19.909181550145149 19.205024734139442 13.982574269175528 1120.8872454017401 14.953753948211668 112.97329762578011 19.207308635115623 17.436288669705391 12.475249797105791 13.737780600786207 12.945680260658266 17.953379541635513 15.466669261455534 23.697000131011009 20.686661079525948 23.960071414709091 23.456140607595444 22.211075082421303 18.725391000509262 24.470393553376198 17.225745663046837 13.21974238753319 12.720886588096617 13.473387852311133 17.442538544535637 15.962602138519285 89.56642572581768 102.46502991020679 19.215322032570839 26.92484138906002 44.869780004024506
leaf_count=80 77 56 4491 60 453 77 70 50 55 52 72 62 95 83 96 94 89 75 98 69 53 51 54 70 64 359 411 77 108 180
internal_value=2.06265e-08 -0.00373208 0.00215691 -0.00410062 -0.00541325 -0.00334769 0.000195746 0.00175975 -0.000602231 -0.00222902 -0.00501739 0.000794162 -0.00147619 0.00334702 -0.00836266 0.000229564 -0.0101221 0.00933997 -0.000687032 0.00227746 -0.00425529 -0.0133891 0.00970938 -0.0191341 0.0134717 0.00826583 -0.0103438 0.00826865 0.00394959 -0.00885616
internal_weight=1941.43 711.064 1230.36 697.081 549.674 387.386 226.996 209.56 174.39 160.652 129.452 147.407 128.202 82.2935 160.39 47.4162 45.9081 31.2006 99.0635 81.1102 43.1664 25.9406 37.9438 30.3882 35.1699 109.476 162.289 61.6068 46.1402 147.335
internal_count=7781 2851 4930 2795 2204 1553 910 840 699 644 519 591 514 330 643 190 184 125 397 325 173 104 152 122 141 439 651 247 185 591
is_linear=0
shrinkage=0.02


Tree=19
num_leaves=31
num_cat=0
split_feature=76 49 49 91 91 74 88 67 43 48 9 74 88 67 43 48 9 82 82 29 49 29 49 29 6 18 52 60 25 32
split_gain=1.68745 22.6347 21.9376 18.7014 18.5037 17.5649 20.8929 28.1086 18.9802 17.4588 20.3681 17.3692 20.7326 28.4969 19.3486 17.9187 20.4524 16.6586 16.6235 15.9995 31.815 15.6871 31.5701 14.5946 14.7758 15.1888 14.5236 30.9365 21.3219 14.457
threshold=1.0000000180025095e-35 6.7875001430511483 6.7875001430511483 73.500000000000014 73.500000000000014 5.5833332538604745 5.0073528289794931 8.166666507720949 15.41249990463257 14.362500190734865 0.40301659703254705 5.5833332538604745 5.0073528289794931 8.166666507720949 15.41249990463257 14.362500190734865 0.40301659703254705 3.4500000476837163 3.4500000476837163 0.36724714934825903 4.4375000000000009 0.36724714934825903 4.4375000000000009 0.4965075552463532 1.0000000180025095e-35 2.1965856552124028 4.0999999046325692 2.5017985105514531 0.075000001117587103 4.8250000476837167
decision_type=2 2 2 2 2 2 2 2 2 2 2 2 2 2 2 2 2 2 2 2 2 2 2 2 2 2 2 2 2 2
left_child=1 4 3 11 5 6 9 18 -7 -1 23 12 15 17 -13 -2 -17 -14 -8 20 -12 22 -18 24 25 -11 27 -4 -28 -22
right_child=2 -3 26 -5 -6 8 7 -9 -10 10 19 14 13 -15 -16 16 21 -19 -20 -21 29 -23 -24 -25 -26 -27 28 -29 -30 -31
leaf_value=0.011756685257139805 -0.011941141854508501 -0.0061866202022447551 0.01507175314325862 0.020710400812562674 -0.020572175944830656 0.0013341638307045761 0.016152440923575265 -0.015239259018381864 0.018849789054966985 -0.010412684469571963 0.013621849993535714 -0.0011875315164988623 -0.016142575602093815 0.01541297483905691 -0.0188718417291102 -0.0037366648962461353 -0.013482570610583409 -0.0037694175692666821 0.003791267850367866 -0.010801516913235328 -0.0028190310435463914 0.010782984347234988 0.010783277755844438 -0.014428572639418607 0.01552073345630431 0.014756945308955721 -0.0069854391537362143 -0.0091581347114427832 0.014025545771913141 -0.025525114530364938
leaf_weight=30.68453074991703 30.690210714936256 222.70147620141506 33.663422808051109 15.469810321927069 15.464992418885229 54.172049641609192 58.123056992888451 25.470699623227119 45.557111769914627 26.701469421386719 37.920433849096298 54.160000771284103 58.13305439054966 25.463916465640068 45.570285722613335 97.815595686435699 37.910348027944565 173.20713970065117 173.17547355592251 159.92926561832428 32.174079224467278 160.18497541546822 49.38054059445858 14.978638291358946 41.175914585590363 14.965244695544241 23.472697958350182 56.379131212830544 109.18406714498997 17.219337597489357
leaf_count=123 123 893 135 62 62 217 233 102 183 107 152 217 233 102 183 392 152 694 694 641 129 642 198 60 165 60 94 226 438 69
internal_value=6.39558e-09 -0.000589763 0.000589611 -0.00105097 0.00107723 0.00153446 0.000304477 0.00470161 0.00933545 -0.00270032 -0.00398589 -0.00151054 -0.00028791 -0.00466828 -0.00926812 0.00270398 0.00400567 -0.00687865 0.00689751 -0.00704229 -0.000156663 0.00706585 0.000244643 0.00373914 0.00702401 -0.00137262 0.00609988 -9.95183e-05 0.0103078 -0.0107347
internal_weight=1941.1 970.414 970.685 747.986 747.712 732.247 632.518 256.769 99.7292 375.749 345.064 732.516 632.786 256.804 99.7303 375.982 345.291 231.34 231.299 247.243 87.3139 247.476 87.2909 97.8213 82.8426 41.6667 222.699 90.0426 132.657 49.3934
internal_count=7781 3890 3891 2998 2997 2935 2535 1029 400 1506 1383 2936 2536 1029 400 1507 1384 927 927 991 350 992 350 392 332 167 893 361 532 198
is_linear=0
shrinkage=0.02


Tree=20
num_leaves=31
num_cat=0
split_feature=78 38 24 89 47 39 78 41 54 7 39 85 85 95 19 34 62 40 46 60 46 20 36 47 19 61 23 85 18 34
split_gain=37.8678 13.3542 14.0799 15.9261 18.5572 14.0786 11.8555 10.2288 15.7572 12.4826 11.0893 14.5606 15.849 14.0093 14.9662 9.82546 14.0111 10.016 11.0816 14.1919 12.8318 9.78721 9.77706 10.911 9.16033 9.66571 13.9413 9.65337 9.44048 15.6647
threshold=-128.99999999999997 12.275000095367433 0.15192308276891711 10.110008239746096 13.887499809265138 3.3113420009613042 125.50000000000001 1.8824847936630251 36.899999618530281 0.39672334492206579 2.2572103738784794 12.500000000000002 18.10000038146973 3.6287683248519902 6.9267594814300546 36.574998855590827 36.304574966430671 9.8400912284851092 31.362500190734867 3.6608142852783208 32.787500381469734 2.1736916303634648 16.675000190734867 17.787499427795414 4.9376103878021249 95.500000000000014 1.0000000180025095e-35 16.500000000000004 1.7677392363548281 34.574998855590827
decision_type=2 2 2 2 2 2 2 2 2 2 2 2 2 2 2 2 2 2 2 2 2 2 2 2 2 2 2 2 2 2
left_child=1 2 3 -1 -5 15 -2 9 10 -4 13 -12 -13 -9 -15 16 17 18 22 20 -20 -22 -6 -24 -21 26 -26 -28 -27 -30
right_child=6 -3 7 4 5 -7 -8 8 -10 -11 11 12 -14 14 -16 -17 -18 -19 19 24 21 -23 23 -25 25 28 27 -29 29 -31
leaf_value=0.013817142568580148 -0.0014573735052567699 -0.016285138952678128 -0.0062718353262986408 -0.013787480446413961 0.024974094103560437 0.02534197566167647 -0.008375492895530131 -0.019698411163406281 -0.022330004966147902 0.013089031639954021 -0.012814894021196335 0.023010883954035673 -0.0001833619509517347 0.0068473684305295456 -0.013240237464008452 0.015472295085059132 -0.016782103612723961 0.021640484456795041 -0.023976510516350392 0.015544614888068976 0.0069462481934307379 -0.012476333482666102 -0.0086914758867487809 0.015267042511235092 -0.0089245557944000204 0.0069969940850959393 0.02522813342034599 0.0066728641263181388 -0.017309273407500332 0.0061982069089121586
leaf_weight=88.77111229300499 1152.0370229482651 12.984781384468077 19.473456308245659 21.217743486166 16.212276250123978 13.716660425066946 108.40776970982552 20.471695318818092 14.731636568903921 42.156386315822601 12.985332414507864 22.950526133179665 24.220637112855911 39.656680941581726 23.703718990087509 30.422201365232468 12.98122502863407 12.963495597243307 13.485602453351019 26.168005511164665 23.687329187989235 18.469626799225807 12.481290653347971 19.455032631754875 14.216695114970205 27.922493100166321 17.945489123463631 29.903517171740532 27.7136490046978 19.190578803420067
leaf_count=356 4619 52 78 85 65 55 435 82 59 169 52 92 97 159 95 122 52 52 54 105 95 74 50 78 57 112 72 120 111 77
internal_value=1.04544e-08 0.00380287 0.00419377 0.00623371 0.0043541 0.00549652 -0.00205238 5.62773e-05 -0.00262885 0.00697149 -0.0006132 0.00593893 0.0111015 -0.0053149 -0.000667593 0.00465433 0.00353031 0.00447265 0.00363865 0.00172632 -0.00699524 -0.00156309 0.0123249 0.00590362 0.00470246 0.0026299 0.00846515 0.0136319 -0.00221021 -0.00769133
internal_weight=1940.7 680.259 667.274 446.924 358.153 336.935 1260.44 220.35 158.72 61.6298 143.989 60.1565 47.1712 83.8321 63.3604 323.219 292.796 279.815 266.852 218.703 55.6426 42.157 48.1486 31.9363 163.06 136.892 62.0657 47.849 74.8267 46.9042
internal_count=7781 2727 2675 1792 1436 1351 5054 883 636 247 577 241 189 336 254 1296 1174 1122 1070 877 223 169 193 128 654 549 249 192 300 188
is_linear=0
shrinkage=0.02


Tree=21
num_leaves=31
num_cat=0
split_feature=78 24 89 44 30 34 62 41 54 8 8 89 25 22 78 34 52 44 52 57 91 28 35 14 29 79 30 13 13 42
split_gain=36.6809 13.6089 16.8596 15.0662 12.9419 13.0723 12.1271 11.0351 19.9997 15.051 11.9503 19.1056 11.707 13.0822 10.5703 10.5093 9.8278 16.6441 12.4032 9.72108 9.65519 9.60892 8.6989 8.4558 9.1267 13.4698 9.46251 9.1171 17.9608 14.0336
threshold=1.0000000180025095e-35 0.15192308276891711 10.110008239746096 2.4624999761581425 0.5169418752193452 36.574998855590827 36.128389358520515 1.8851385116577151 36.899999618530281 0.40395407378673559 0.55179038643836986 14.620833396911623 0.15192308276891711 0.15833333879709247 -160.99999999999997 33.774999618530281 3.5000000000000004 4.4624998569488534 2.6999999284744267 3.6999999284744267 42.500000000000007 0.52565389871597301 0.11395031586289407 0.14840214699506762 0.40048882365226751 2.7500000000000004 0.37547829747200018 33.149999618530281 35.250000000000007 4.7763888835906991
decision_type=2 2 2 2 2 2 2 2 2 2 2 2 2 2 2 2 2 2 2 2 2 2 2 2 2 2 2 2 2 2
left_child=14 2 -2 21 5 6 23 10 9 16 11 20 19 -14 22 -6 18 -18 -9 -11 -3 -4 -1 27 25 26 -25 -5 -29 -30
right_child=1 7 3 4 15 -7 -8 8 -10 12 -12 -13 13 -15 -16 -17 17 -19 -20 -21 -22 -23 -24 24 -26 -27 -28 28 29 -31
leaf_value=0.019999516049661499 -0.013081393827350296 0.013674893661616727 0.018192463727819234 -0.012378461952922654 -0.026127785679982363 -0.015503432793454742 0.013568699543852486 -0.0056449806314195165 0.02477757007503981 0.031111540729370415 -0.024198481988308013 -0.021339780077980274 -0.014833012314352963 0.010148110950283982 0.0015109657995650808 -0.0045584954400995532 -0.022454178989502492 0.00085396254807507805 0.017941011658443768 0.0067300021097522486 -0.0070144546110670778 -0.0026633552873844839 0.005368131786909737 0.010948860336564224 -0.008654569194684783 0.021954659793032714 -0.010916482453661122 0.003091986904912406 0.0026645594303885056 -0.018712810979677381
leaf_weight=19.859990179538727 94.961284697055817 22.189226433634758 19.443672314286232 54.569722980260849 19.682409897446632 33.141306146979332 18.194369539618492 23.935630723834038 15.473240569233893 12.727881073951723 12.468325927853583 15.184275254607199 13.211488902568815 22.954150348901749 1120.4419514834881 16.704280450940132 23.675921335816383 25.40407906472683 14.214785784482954 13.456904903054236 15.205179795622824 16.197910457849503 89.511230200529099 15.474210932850839 19.937789589166641 16.708971753716469 16.210380434989929 84.001527085900307 18.42426523566246 36.853695586323738
leaf_count=80 381 89 78 219 79 133 73 96 62 51 50 61 53 92 4491 67 95 102 57 54 61 65 359 62 80 67 65 337 74 148
internal_value=2.90639e-08 -0.00361746 -0.00553276 -0.0036735 -0.00493532 -0.00362495 -0.00222087 0.000382142 0.00313167 0.000892536 -0.00659468 -0.00242018 0.00839648 0.00102238 0.00209028 -0.0162258 -0.00447112 -0.0103898 0.00314312 0.0185814 0.00526226 0.00871419 0.00802495 -0.00331661 0.00273303 0.00742463 -0.000237824 -0.00544909 -0.00273416 -0.0115877
internal_weight=1940.42 710.607 480.506 385.545 349.903 313.516 280.375 230.101 165.054 149.581 65.047 52.5787 62.3504 36.1656 1229.81 36.3867 87.2304 49.08 38.1504 26.1848 37.3944 35.6416 109.371 262.181 68.3314 48.3936 31.6846 193.849 139.279 55.278
internal_count=7781 2851 1928 1547 1404 1258 1125 923 662 600 261 211 250 145 4930 146 350 197 153 105 150 143 439 1052 274 194 127 778 559 222
is_linear=0
shrinkage=0.02


Tree=22
num_leaves=31
num_cat=0
split_feature=76 17 17 35 62 9 64 20 9 64 32 28 61 54 88 8 92 43 64 30 50 35 68 9 19 69 19 58 86 52
split_gain=1.66308 21.3849 21.1597 14.7606 21.6485 21.3812 17.5304 15.8196 14.4259 17.9732 21.8249 20.7458 15.5227 19.9862 15.1687 19.3268 19.2582 13.5623 13.6804 13.9006 18.9259 13.5334 13.4834 13.0042 12.8535 13.1831 14.2753 18.4315 14.1295 15.6961
threshold=1.0000000180025095e-35 7.1055555343627939 7.1055555343627939 0.1450939550995827 24.33615875244141 0.35322834551334387 16.787825584411625 3.2626675367355351 0.3940825760364533 13.355157375335695 3.0249999761581425 0.43467049300670629 121.50000000000001 36.699998855590827 4.4248118400573739 0.28680028021335607 32.169872283935554 15.462500095367433 39.05952453613282 0.48359757661819464 6.5000000000000009 0.12659347057342532 10.250000000000002 0.50092422962188732 9.9199266433715838 3.5833333730697636 7.4148497581481942 5.6303961277008066 5.7000000476837167 1.6999999880790713
decision_type=2 2 2 2 2 2 2 2 2 2 2 2 2 2 2 2 2 2 2 2 2 2 2 2 2 2 2 2 2 2
left_child=1 8 3 24 6 -6 -5 -7 -1 -10 11 -11 14 21 15 -12 22 -18 19 20 -19 -14 -16 -17 25 28 -27 -28 29 -2
right_child=2 -3 -4 4 5 7 -8 -9 9 10 12 -13 13 -15 16 23 17 18 -20 -21 -22 -23 -24 -25 -26 26 27 -29 -30 -31
leaf_value=0.0051792282642949029 -0.015299153798029957 -0.0062972626147516121 0.0062681947157498686 -0.015280482383526807 -0.0079311472476042769 0.0070667607096857026 0.0088576457193776745 -0.013752179884843221 0.015251028833680971 0.0043583316252379864 -0.028547477008179927 -0.010106023286469253 0.028388964922726762 -0.012510361834148836 0.0046965818188347509 -0.014715556472720968 -0.020836697121361825 -0.015623464126079191 -0.014602704410955377 0.01345483321887719 0.012027904867204189 0.0082947476851170619 0.029582235671415397 0.0049989072228765873 -0.021409167190840867 -0.013417943650521146 -0.01315478516306587 0.019494704558999518 0.011028452554146844 -0.00016278948212615632
leaf_weight=227.42513920366764 32.430201023817062 206.40855032205582 206.35005177557468 46.642812982201576 52.885721683502197 266.60165233910084 16.220139175653458 15.44532263278961 26.423660427331924 52.641651168465614 15.201061353087423 160.88214191794395 18.440287813544273 13.95608766376972 19.957135498523712 22.687344536185265 12.715081885457037 22.458128601312637 17.943181172013283 37.885953083634377 17.708010137081146 49.115502402186394 15.4515143930912 32.636107951402664 15.945482075214384 77.007447078824043 13.697118595242502 13.970411434769629 36.172238230705261 176.80180840194225
leaf_count=912 130 828 828 187 212 1069 65 62 106 211 61 645 74 56 80 91 51 90 72 152 71 197 62 131 64 309 55 56 145 709
internal_value=1.41203e-08 -0.00058562 0.000585507 -0.000949701 0.00171723 0.00373854 -0.00905227 0.00592668 0.000958438 -0.000832102 -0.00166591 -0.00654002 0.00184825 0.00927847 -0.000973414 -0.00857381 0.00274584 -0.00142667 0.00114429 0.00476433 -0.00343283 0.0137797 0.0155561 -0.00308571 -0.00384812 -0.00304825 -0.00899083 0.00333121 -0.000513489 -0.00250887
internal_weight=1940.11 969.937 970.17 763.82 397.796 334.933 62.863 282.047 763.528 536.103 509.679 213.524 296.155 81.5119 214.644 70.5245 144.119 108.71 95.9953 78.0521 40.1661 67.5558 35.4086 55.3235 366.025 350.079 104.675 27.6675 245.404 209.232
internal_count=7781 3890 3891 3063 1595 1343 252 1131 3062 2150 2044 856 1188 327 861 283 578 436 385 313 161 271 142 222 1468 1404 420 111 984 839
is_linear=0
shrinkage=0.02


Tree=23
num_leaves=31
num_cat=0
split_feature=78 38 78 28 38 29 38 18 66 15 4 19 94 42 67 0 60 36 50 34 10 59 81 18 35 54 39 78 77 15
split_gain=35.4315 12.8296 11.0991 10.6586 14.4378 13.856 12.9812 17.7187 15.4646 12.5427 14.6573 13.7764 11.1217 10.8917 15.3309 14.4351 13.1501 14.3734 10.0207 9.67528 9.53972 14.1452 9.49135 8.96371 8.56121 8.46136 9.75319 12.8217 9.18821 13.3931
threshold=-128.99999999999997 12.275000095367433 125.50000000000001 0.39754985272884374 4.8750000000000009 0.2570785284042359 2.9750000238418584 3.0041627883911137 77.500000000000014 14.150000095367433 1.0000000180025095e-35 4.7801654338836679 37.708333969116218 5.8125000000000009 4.8333332538604745 4.9500000476837167 1.7741348147392275 13.47499990463257 3.5000000000000004 33.175001144409187 16.650000572204593 14.455478191375734 16.750000000000004 3.4648231267929082 0.11395031586289407 29.10000038146973 2.0817655324935918 -138.99999999999997 4.0000000000000009 17.650000572204593
decision_type=2 2 2 2 2 2 2 2 2 2 2 2 2 2 2 2 2 2 2 2 2 2 2 2 2 2 2 2 2 2
left_child=1 3 -2 5 6 -1 -5 8 22 11 -11 -10 -7 14 16 19 -6 -18 -12 -16 21 -20 -8 -9 -4 -19 28 -28 29 -27
right_child=2 -3 24 4 13 12 7 23 9 10 18 -13 -14 -15 15 -17 17 25 20 -21 -22 -23 -24 -25 -26 26 27 -29 -30 -31
leaf_value=-0.016853795714007986 -0.0014098447517805783 -0.01601356155122494 -0.020058905858791679 0.010891831326372444 -0.0073860494755556873 -0.0011450546409445957 -0.0038686149845606334 0.020791238295077338 0.0046055732001064513 -0.012077621030409639 0.01779570022685821 -0.019001905227633304 0.014793239070252219 0.021973336857188098 -0.00058142939068807982 0.011578637667178291 0.025920014333846515 -0.0041088110721329753 0.007128335245186912 -0.024239589154399905 0.012600925498576889 -0.020925602256186861 -0.024736176785574781 -0.00039977593477546119 -0.0054612558815401689 0.027949568674959836 0.01078225335446336 -0.008196217102163967 0.029359197112251129 0.006370030113432493
leaf_weight=18.714065968990326 1151.6076958477497 12.979738652706144 19.626580819487572 52.366153448820114 16.456169068813324 100.55000206828117 16.721651166677475 21.438119530677795 16.957362830638885 18.21538071334362 26.669991672039032 23.71680311858654 21.205814450979233 22.403519615530968 14.216422334313394 16.426436513662338 23.400666519999504 17.206413969397545 16.956681951880459 13.46218505501747 22.188328444957733 12.480733677744864 18.216536283493042 12.723004549741743 88.695297449827194 15.695694863796232 49.784613683819771 19.943249866366386 15.69170521199703 43.079374119639397
leaf_count=75 4619 52 79 210 66 403 67 86 68 73 107 95 85 90 57 66 94 69 68 54 89 50 73 51 356 63 200 80 63 173
internal_value=1.32425e-08 0.00367968 -0.00198556 0.00406297 0.00536908 -0.000831748 0.00199903 -0.00025844 -0.00286975 0.000155601 0.00408152 -0.00915977 0.00163087 0.0086244 0.00740554 -0.00327373 0.00974587 0.0112714 0.00784092 -0.0120882 0.00269826 -0.00476584 -0.0147488 0.0128988 -0.00810617 0.00914761 0.0107295 0.00535412 0.0157627 0.0121328
internal_weight=1939.8 679.867 1259.93 666.887 526.417 140.47 258.651 206.285 172.123 137.185 96.5111 40.6742 121.756 267.766 245.363 44.105 201.258 184.802 78.2957 27.6786 51.6257 29.4374 34.9382 34.1611 108.322 161.401 144.195 69.7279 74.4668 58.7751
internal_count=7781 2727 5054 2675 2112 563 1037 827 690 550 387 163 488 1075 985 177 808 742 314 111 207 118 140 137 435 648 579 280 299 236
is_linear=0
shrinkage=0.02


Tree=24
num_leaves=31
num_cat=0
split_feature=78 24 38 34 62 93 28 20 14 28 79 91 34 19 41 19 8 60 15 60 15 51 69 51 78 73 14 14 61 59
split_gain=34.2577 12.9987 14.1823 13.2787 16.9213 13.5714 11.3791 12.7489 21.3404 14.0162 15.645 12.9729 12.445 13.8785 10.6394 12.3523 11.4129 15.7532 10.3285 15.0614 13.0202 16.9844 11.9801 10.7192 9.95504 9.30816 9.23032 9.52508 9.04258 8.7245
threshold=1.0000000180025095e-35 0.15192308276891711 12.275000095367433 36.574998855590827 36.304574966430671 9.7754817008972186 0.72834336757659923 2.3291606903076176 0.1014513522386551 0.5063442885875703 2.1499999761581425 30.500000000000004 33.675001144409187 7.1864454746246347 1.8851385116577151 4.6738634109497079 0.55179038643836986 2.7751405239105229 13.949999809265138 3.9301900863647465 19.44999980926514 13.299999713897707 1.8333333134651186 17.899999618530277 -160.99999999999997 9.8750000000000018 0.17697268724441531 0.11286745965480806 101.50000000000001 17.393244743347172
decision_type=2 2 2 2 2 2 2 2 2 2 2 2 2 2 2 2 2 2 2 2 2 2 2 2 2 2 2 2 2 2
left_child=24 2 3 4 5 -2 7 8 25 10 -10 -11 -9 -14 16 -16 17 28 -17 20 21 -20 23 -21 -1 -7 27 -12 -3 -29
right_child=1 14 -4 -5 -6 6 -8 12 9 11 26 -13 13 -15 15 18 -18 -19 19 22 -22 -23 -24 -25 -26 -27 -28 29 -30 -31
leaf_value=0.00778279539103564 -0.016199295222158482 0.019415147454253202 0.014480262418357679 -0.016896496986558748 0.016164128743102222 -0.0026997972321916967 0.013794047331507145 -0.015451500414161186 -0.0063634187284518284 -0.014846539447340674 0.023361054807964559 0.0047926352548011688 0.0045435775957074374 -0.01391968530607827 -0.0085791305169806049 0.016821296396917478 -0.023658645197172892 -0.015195943071345221 -0.010523888893440685 -0.0088803091771893147 -0.016219850395140931 0.01891298846758175 0.021247500063309412 0.014413049847087984 0.0014581992200612434 -0.019130110624818182 0.026387266599803297 0.0097659186586662398 -0.0025834852436396505 -0.0083455914566624625
leaf_weight=109.25990261137486 43.802029609680176 13.223206132650377 13.978451028466223 40.578373804688454 14.696478962898253 23.163476020097733 13.223890677094458 73.685160309076309 28.637647420167923 31.166012078523636 12.454455837607382 23.673485517501831 37.357937768101692 28.869554966688156 29.646356388926506 26.692842021584511 12.449245050549505 22.138635709881783 16.186560690402988 16.437548145651821 22.423413589596748 15.204949021339415 23.155739188194275 15.218951433897017 1120.0616913586855 34.090659841895103 12.954724401235579 31.904412806034088 17.190946146845818 15.961129039525984
leaf_count=439 176 53 56 163 59 93 53 296 115 125 50 95 150 116 119 107 50 89 65 66 90 61 93 61 4491 137 52 128 69 64
internal_value=3.33001e-08 -0.00349715 -0.00536965 -0.0059648 -0.00492263 -0.00567675 -0.00442136 -0.00510196 -0.00203273 0.0017842 0.00617125 -0.00636857 -0.00979656 -0.00350483 0.00041284 0.00311319 -0.00644029 -0.00236143 0.00567478 0.00293576 -0.00458012 0.0037343 0.0103149 0.00231804 0.00202032 -0.0124828 0.0110701 0.00778051 0.00698089 0.0037265
internal_weight=1939.49 710.166 480.198 466.219 425.641 410.945 367.143 353.919 214.006 156.752 101.912 54.8395 139.913 66.2275 229.968 164.966 65.002 52.5528 135.32 108.627 53.8149 31.3915 54.8122 31.6565 1229.32 57.2541 73.2747 60.32 30.4142 47.8655
internal_count=7781 2851 1928 1872 1709 1650 1474 1421 859 629 409 220 562 266 923 662 261 211 543 436 216 126 220 127 4930 230 294 242 122 192
is_linear=0
shrinkage=0.02


Tree=25
num_leaves=31
num_cat=0
split_feature=78 14 7 7 46 62 52 28 88 49 41 7 42 62 78 7 14 0 0 36 85 79 14 10 13 29 25 40 35 84
split_gain=33.1154 12.6866 13.273 14.158 11.7341 16.6957 19.6459 21.4107 23.6586 14.0104 17.3046 12.3931 10.9693 10.9251 10.4469 9.97186 11.5811 11.9998 15.2727 10.8351 9.931 9.19425 14.0079 9.68692 12.864 13.3392 12.3937 10.3895 8.16086 8.14952
threshold=-128.99999999999997 0.1014513522386551 0.53393176198005687 0.56137987971305858 24.056249618530277 28.052556991577152 3.3000000715255742 0.53026580810546886 5.0491936206817636 7.2025640010833749 3.0667572021484379 0.37229374051094061 5.1124999523162851 34.895431518554695 125.50000000000001 0.64250943064689647 0.09824948757886888 3.6833333969116215 4.3500001430511483 26.47500038146973 21.10000038146973 2.0499999523162846 0.13300289958715442 19.750000000000004 35.250000000000007 0.3074824064970017 0.17708333581686023 8.4002976417541522 0.11395031586289407 11.700000286102297
decision_type=2 2 2 2 2 2 2 2 2 2 2 2 2 2 2 2 2 2 2 2 2 2 2 2 2 2 2 2 2 2
left_child=1 15 4 -4 -3 -6 7 8 -7 21 -11 -10 13 29 -2 16 17 -1 -19 20 -20 22 -8 24 25 -23 27 -27 -16 -5
right_child=14 2 3 12 5 6 9 -9 11 10 -12 -13 -14 -15 28 -17 -18 18 19 -21 -22 23 -24 -25 -26 26 -28 -29 -30 -31
leaf_value=0.019138151932650942 -0.0013613275299070463 -0.019396639009308762 0.019170535950640645 0.00011990320989262171 0.011194997135505669 -0.024572856810960088 0.0018584157146760627 0.0096582329130812904 -0.013462580875941798 -0.021864088840456656 0.0039361895963192367 0.0084259365593317235 0.021144361273562118 -0.015413184195223924 -0.019546165685128302 -0.007040974159371949 0.024256214539670397 -0.011538943254782641 0.015432765681568714 -0.0049115825526744126 -0.0011281900087969923 0.01873214546428267 0.030857200234376259 -0.010765859565531258 0.021262302843457315 -0.016139385967408701 0.011861814768306703 0.005684151564591634 -0.0052794594985761892 0.011801172295689879
leaf_weight=29.09128038585186 1151.3286917805672 12.485867843031881 29.329702123999596 71.526030138134956 48.380204826593399 38.436652362346649 13.445519328117372 20.460553482174873 21.209724992513657 18.694460615515709 23.432730823755264 20.202198550105095 13.183234155178068 12.966954886913298 19.580739483237267 15.925811380147932 18.918457746505737 19.173188298940659 59.020583763718605 20.674378082156181 19.194057479500771 14.96129362285137 13.208750724792479 16.957573279738426 17.187620490789413 25.697113543748856 16.716198444366455 13.21209007501602 88.640410915017128 35.870604202151299
leaf_count=117 4619 50 118 287 194 154 54 82 85 75 94 81 53 52 79 64 76 77 237 83 77 60 53 68 69 103 67 53 356 144
internal_value=1.38887e-08 0.00355826 0.00190556 0.0065881 -0.000373203 0.000363986 -0.00154969 -0.00859544 -0.0132728 0.0025235 -0.007513 -0.00278459 0.00382473 0.00192774 -0.00191976 0.00807661 0.00952634 0.00763263 0.00479759 0.00796501 0.0113687 0.00574157 0.016229 0.00307252 0.00574603 0.00196787 -0.00254114 -0.00872894 -0.00786077 0.00402146
internal_weight=1939.11 679.563 497.565 162.877 334.689 322.203 273.822 100.309 79.8486 173.513 42.1272 41.4119 133.547 120.364 1259.55 181.998 166.072 147.153 118.062 98.889 78.2146 131.386 26.6543 104.732 87.7743 70.5867 55.6254 38.9092 108.221 107.397
internal_count=7781 2727 1996 654 1342 1292 1098 402 320 696 169 166 536 483 5054 731 667 591 474 397 314 527 107 420 352 283 223 156 435 431
is_linear=0
shrinkage=0.02


Tree=26
num_leaves=31
num_cat=0
split_feature=78 24 89 44 30 34 62 41 54 8 72 25 22 8 89 34 7 78 57 91 82 82 3 29 57 35 25 36 59 7
split_gain=32.02 12.4697 15.7875 14.3171 12.5518 11.9695 11.156 10.24 18.8585 14.1239 12.5858 11.1472 12.473 10.9741 17.9486 10.0235 9.64529 9.40061 9.25333 9.05985 8.97677 10.3393 8.57081 11.2331 9.22381 8.21915 7.59126 11.1015 10.0904 9.9756
threshold=1.0000000180025095e-35 0.15192308276891711 10.110008239746096 2.4624999761581425 0.5169418752193452 36.574998855590827 36.128389358520515 1.8851385116577151 36.899999618530281 0.40395407378673559 24.583333015441898 0.15192308276891711 0.15833333879709247 0.55179038643836986 14.620833396911623 33.774999618530281 0.50820180773735057 -160.99999999999997 3.6999999284744267 42.500000000000007 4.5499999523162851 3.4500000476837163 0.27500000596046453 0.39965897798538214 4.9000000953674325 0.11395031586289407 0.24264705926179889 22.875000000000004 14.321043491363527 0.52176824212074291
decision_type=2 2 2 2 2 2 2 2 2 2 2 2 2 2 2 2 2 2 2 2 2 2 2 2 2 2 2 2 2 2
left_child=17 2 20 16 5 6 26 13 9 10 22 18 -13 14 19 -6 -4 25 -11 -3 21 -2 23 24 -9 -1 29 28 -28 -5
right_child=1 7 3 4 15 -7 -8 8 -10 11 -12 12 -14 -15 -16 -17 -18 -19 -20 -21 -22 -23 -24 -25 -26 -27 27 -29 -30 -31
leaf_value=0.019220055908358531 -0.0074108477823699968 0.013311591068001061 0.017131759544589873 -0.002455551964774527 -0.025458241616458994 -0.014737581243412928 0.013135083702760087 -0.024343374401247484 0.024124437886477171 0.03037560620074185 0.014145202199609162 -0.01449685281246405 0.0099058755378171274 -0.023175774236990569 -0.020639192150422307 -0.0043796436282594045 -0.0041317079583717657 0.0014071766570006308 0.0065776525504995086 -0.0067345452151921286 -0.0013089768978504679 -0.022585609590176258 0.0054580564544031472 0.0041320215958840743 -0.0058328993018546176 0.0049737313779178909 0.00015915157801637658 -0.010373759472956733 0.023118904856619459 -0.01314061180297302
leaf_weight=19.784184396266937 32.0905422270298 22.188793256878853 21.428563386201859 173.55800203979015 19.643147930502892 33.062107771635056 18.183649674057961 24.14468240737915 15.461696922779081 12.707556813955309 12.676800489425657 13.196623265743254 22.946714594960213 12.430775821208952 15.154162555932997 16.692126736044884 14.17957693338394 1119.8179947733879 13.455847844481466 15.193160712718962 21.93012247979641 40.787214696407318 16.195607870817184 14.695643246173857 19.436079233884811 89.383129447698593 15.963160306215288 13.900770112872122 14.714012682437895 43.762368053197861
leaf_count=80 129 89 86 697 79 133 73 97 62 51 51 53 92 50 61 67 57 4491 54 61 88 164 65 59 78 359 64 56 59 176
internal_value=3.32621e-08 -0.00338209 -0.00521684 -0.00341691 -0.00464787 -0.00335675 -0.00201331 0.000448053 0.00309739 0.000922072 -0.00427655 0.00819342 0.000995973 -0.00627725 -0.00227882 -0.0157749 0.0086644 0.00195332 0.0181363 0.00516423 -0.0125277 -0.0159036 -0.00741235 -0.0109892 -0.0160881 0.00755557 -0.00306507 0.00445308 0.0111716 -0.00460723
internal_weight=1938.76 709.78 479.895 385.087 349.479 313.144 280.082 229.884 164.917 149.456 87.1488 62.3067 36.1433 64.9669 52.5361 36.3353 35.6081 1228.99 26.1634 37.382 94.8079 72.8778 74.472 58.2764 43.5808 109.167 261.898 44.5779 30.6772 217.32
internal_count=7781 2851 1928 1547 1404 1258 1125 923 662 600 350 250 145 261 211 146 143 4930 105 150 381 293 299 234 175 439 1052 179 123 873
is_linear=0
shrinkage=0.02


Tree=27
num_leaves=31
num_cat=0
split_feature=78 38 24 89 47 39 78 39 42 60 9 38 8 41 78 57 9 30 40 8 10 55 75 84 13 83 86 91 68 92
split_gain=30.9519 12.2932 13.3195 14.9987 17.6015 13.2056 9.83036 9.66848 16.67 15.7022 14.3348 12.8802 14.3078 14.2241 15.1747 10.6027 10.0863 8.7846 11.2552 13.4003 12.5034 11.9706 14.7519 11.3952 10.6314 16.349 11.8603 10.1043 8.98099 8.92641
threshold=-128.99999999999997 12.275000095367433 0.15192308276891711 10.110008239746096 13.887499809265138 3.3113420009613042 125.50000000000001 2.2572103738784794 4.8624999523162851 4.1391530036926278 0.59422466158866893 3.0749999284744267 0.30815631151199346 2.2124644517898564 -148.99999999999997 3.8999999761581425 0.49913178384304052 0.5169418752193452 9.8400912284851092 0.43831486999988561 12.34999990463257 17.69999980926514 1.0000000180025095e-35 8.9000000953674334 36.45000076293946 2.1000000238418584 4.0999999046325692 18.500000000000004 13.416666507720949 32.325195312500007
decision_type=2 2 2 2 2 2 2 2 2 2 2 2 2 2 2 2 2 2 2 2 2 2 2 2 2 2 2 2 2 2
left_child=1 2 3 -1 -5 17 -2 8 11 10 16 -4 -13 -14 -15 -11 -9 18 19 20 -6 22 -22 -23 25 -25 -27 -28 -29 -19
right_child=6 -3 7 4 5 -7 -8 9 -10 15 -12 12 13 14 -16 -17 -18 29 -20 -21 21 23 -24 24 -26 26 27 28 -30 -31
leaf_value=0.013170396466948476 -0.0013145670619588246 -0.015839402459922765 0.012605310280418867 -0.013697593747679395 0.01826054524232085 0.024341539190265812 -0.0076222817065663331 0.0083773412003219534 -0.019903245259875288 0.0042388201551088675 -0.0036671000460528702 0.010649438659841122 -0.02195258474967738 0.0095160434486250105 -0.01541407563335951 -0.021459402044940793 0.027372806307701926 0.024475597055943949 0.021733620545663669 -0.012098026638233395 0.0059121617162525364 0.010855025151047587 -0.023272454786713373 -0.015706605235678791 0.012379048346743788 -0.0067121689517290334 0.018812627101242593 -0.012061744978592427 0.010458871449484406 0.0042607709809265202
leaf_weight=88.579463541507721 1151.0479301065207 12.975113734602926 23.168551608920097 21.200128644704819 21.396396204829216 13.675125688314436 108.11169739067554 28.421225816011429 21.455847755074501 12.719962611794474 22.176852405071259 19.417970970273018 21.945079892873764 21.406458511948586 17.960460960865021 12.970454066991804 18.433106616139412 16.425820350646973 12.436477437615393 23.689578846096992 12.711048439145088 65.193600341677666 15.227078855037689 26.418201148509979 25.383037000894547 34.632672697305679 21.647520631551743 12.462414130568506 16.409668534994125 18.668219491839409
leaf_count=356 4619 52 93 85 86 55 435 114 86 51 89 78 88 86 72 52 74 66 50 95 51 262 61 106 102 139 87 50 66 75
internal_value=1.46905e-08 0.00344109 0.00381659 0.0058027 0.00397757 0.00509154 -0.00185615 -0.000209833 -0.00385383 0.00461262 0.00958024 -0.000539498 -0.0043119 -0.00905027 -0.00185788 -0.00873557 0.0158504 0.00427579 0.00312311 0.002282 0.0036366 0.00227667 -0.00999429 0.0039726 0.000696383 -0.0019615 0.00230287 0.00848294 0.000738019 0.0137224
internal_weight=1938.37 679.208 666.232 446.156 357.577 336.377 1259.16 220.076 125.354 94.7216 69.0312 103.899 80.73 61.312 39.3669 25.6904 46.8543 322.702 287.608 275.171 251.482 230.085 27.9381 202.147 136.954 111.57 85.1523 50.5196 28.8721 35.094
internal_count=7781 2727 2675 1792 1436 1351 5054 883 503 380 277 417 324 246 158 103 188 1296 1155 1105 1010 924 112 812 550 448 342 203 116 141
is_linear=0
shrinkage=0.02


Tree=28
num_leaves=31
num_cat=0
split_feature=78 14 28 40 35 92 16 82 46 14 23 29 48 49 86 28 28 9 92 4 20 14 50 66 71 35 76 40 80 4
split_gain=29.9286 12.1062 12.8786 12.0287 11.1224 14.9529 17.9852 11.4953 14.0642 11.1472 12.2337 19.0541 10.7252 10.5086 12.7596 10.0778 10.6679 10.4571 13.0785 9.68618 10.8587 9.34599 11.3272 9.44063 15.4502 10.4411 10.5482 9.94635 9.0825 8.93911
threshold=1.0000000180025095e-35 0.1014513522386551 0.38671399652957922 8.1190366744995135 0.12794155627489093 29.507143020629886 39.549999237060554 4.5499999523162851 26.412499427795414 0.13768488913774493 0.14642857760190967 0.33432465791702276 35.237499237060554 4.6625001430511483 4.2999999523162851 0.70258849859237682 0.46215249598026281 0.38107697665691381 33.846469879150398 0.10555555671453477 2.4859573841094975 0.09824948757886888 2.6999999284744267 73.500000000000014 34.166666030883796 0.080098025500774397 1.0000000180025095e-35 6.7415688037872323 10.550000190734865 0.16250000149011615
decision_type=2 2 2 2 2 2 2 2 2 2 2 2 2 2 2 2 2 2 2 2 2 2 2 2 2 2 2 2 2 2
left_child=-1 21 3 13 19 7 9 29 -9 10 11 -7 15 14 -3 16 -11 -18 -19 20 -4 22 -2 27 25 -25 -27 -24 -26 -6
right_child=1 2 4 -5 5 6 -8 8 -10 12 -12 -13 -14 -15 -16 -17 17 18 -20 -21 -22 -23 23 24 28 26 -28 -29 -30 -31
leaf_value=0.0018886301380631077 -0.023472732101875872 -0.013704973852848657 0.0039692160265319739 -0.0078076837670048452 -0.0021566802257137977 0.022499573747241656 -0.019208486416801514 0.015687272270602137 -0.0071270646042259434 0.0075473355040465255 0.024952588522916638 -0.006280598950422254 0.015894836273937167 0.015581773922455133 0.012676726931608037 0.01505397675823588 0.0045476051466853788 -0.00672828402853606 -0.029676300811491384 -0.017111927948154828 -0.017783690238976985 -0.019854645978721903 -0.0051287204991450229 0.0053206713487715255 0.016536351891707764 -0.0068636595676292971 -0.021835210458528688 0.018917110534642068 -0.0039885872571832626 -0.014523310282888816
leaf_weight=1228.5922347456217 13.617400363087652 14.185456335544588 27.883535355329514 22.160505637526512 36.104076251387596 14.959358081221579 14.922660231590269 17.951720520853996 27.162013754248619 24.904175996780396 17.455033451318741 23.90652097761631 15.701455265283583 41.313624754548073 15.181004926562307 12.717920735478399 20.925894424319267 43.04230323433876 12.914730221033095 38.528436824679375 13.683860078454016 22.071991950273514 14.680865287780763 12.935344040393828 14.455582186579703 38.789565667510033 36.570870473980904 12.950957596302031 21.376656368374825 66.342965543270111
leaf_count=4930 55 57 112 89 145 60 60 72 109 100 70 96 63 166 61 51 84 173 52 155 55 89 59 52 58 156 147 52 86 267
internal_value=3.78784e-08 -0.00327078 -0.00170505 0.00504899 -0.00316634 -0.00162382 0.00191922 -0.00646077 0.00195125 0.00360949 0.0110435 0.0047968 0.000393897 0.00907998 -6.69422e-05 -0.00173166 -0.00382897 -0.00751402 -0.0120246 -0.00988778 -0.00319177 -0.00763052 -0.00599903 -0.00443112 -0.00678466 -0.0112797 -0.014129 0.00614149 0.00429166 -0.0101651
internal_weight=1937.99 709.396 521.947 92.8406 429.107 349.011 201.45 147.561 45.1137 186.527 56.3209 38.8659 130.206 70.6801 29.3665 114.505 101.787 76.8829 55.957 80.0958 41.5674 187.449 165.377 151.76 124.128 88.2958 75.3604 27.6318 35.8322 102.447
internal_count=7781 2851 2097 373 1724 1402 809 593 181 749 226 156 523 284 118 460 409 309 225 322 167 754 665 610 499 355 303 111 144 412
is_linear=0
shrinkage=0.02


Tree=29
num_leaves=31
num_cat=0
split_feature=78 38 24 89 47 39 41 8 25 72 22 7 78 78 34 62 82 82 57 23 30 38 71 30 36 61 95 84 35 29
split_gain=29.0791 11.8121 12.801 14.4229 16.9093 12.725 9.5183 12.0468 13.8912 13.7391 13.5639 11.5412 9.16539 9.12949 9.08515 11.3744 8.70984 10.6913 8.18906 8.08788 10.5639 11.677 10.8067 10.3312 9.50645 8.71023 9.22367 12.033 7.70055 7.60221
threshold=-128.99999999999997 12.275000095367433 0.15192308276891711 10.110008239746096 13.887499809265138 3.2365096807479863 1.8824847936630251 0.40395407378673559 0.15192308276891711 22.416666984558109 0.15833333879709247 0.39672334492206579 125.50000000000001 -148.99999999999997 36.574998855590827 36.018524169921882 4.5499999523162851 3.4500000476837163 3.6999999284744267 1.0000000180025095e-35 0.5169418752193452 4.8750000000000009 34.833333969116218 0.39859101176261907 21.925000190734867 103.50000000000001 5.601886749267579 10.700000286102297 0.11395031586289407 0.30237396061420446
decision_type=2 2 2 2 2 2 2 2 2 2 2 2 2 2 2 2 2 2 2 2 2 2 2 2 2 2 2 2 2 2
left_child=1 2 3 16 -5 14 11 9 18 29 -10 -4 -2 -13 15 19 17 -1 -9 23 21 -21 25 -6 -24 -23 -27 -28 -14 -8
right_child=12 -3 6 4 5 -7 7 8 10 -11 -12 13 28 -15 -16 -17 -18 -19 -20 20 -22 22 24 -25 -26 26 27 -29 -30 -31
leaf_value=0.007393126866725214 -0.0012764940097631989 -0.01556723000009373 -0.0063038524882375038 -0.013461808512653455 0.0046875562331596043 0.022284442927040269 0.01751855077275263 -0.031637442004730357 0.014710334603433288 -0.013476860137280409 -0.010788517118586624 0.0016383734522375498 -0.01874866850737119 0.020450085866148604 0.014640553982745795 -0.012191968699109552 0.0012368439067808486 0.023292200731853979 -0.0097626687413790002 -0.0033481153941886709 0.016984478298923664 0.015214373334074669 -0.013410013368235892 -0.014073698257707979 0.0095690158460466652 0.016547245665467235 -0.013923231293283718 0.011167876430731279 -0.0048635721758225562 0.0021543639177375169
leaf_weight=30.330362319946289 1150.7250525504351 12.969458907842634 19.453986585140228 21.199511155486107 27.134445831179619 16.135275036096573 16.435153558850288 13.226263910531999 13.201374173164366 19.153915867209435 22.681297525763512 18.163563072681427 19.495952367782593 23.894485861063004 29.579650908708572 18.447253674268723 19.914818808436394 38.257092341780663 14.189711049199103 60.326951190829277 28.591756701469421 60.122870609164238 16.7042770087719 20.694509789347649 12.658610120415686 14.924027517437933 16.944884791970257 13.930573046207426 88.503975480794907 59.584228023886681
leaf_count=122 4619 52 78 85 109 65 66 53 53 77 91 73 79 96 119 74 80 154 57 242 115 242 67 83 51 60 68 56 356 239
internal_value=8.11945e-09 0.00333634 0.00370453 0.00565228 0.00386232 0.00495473 -0.000243454 -0.00283535 -0.00959698 0.00166172 -0.00140739 0.00643399 -0.00179933 0.0123259 0.00408108 0.00300581 0.0128806 0.0162614 -0.0203157 0.00403641 0.00562921 0.00396946 0.00723254 -0.00343002 -0.00350354 0.0102087 0.00363757 -0.00260248 -0.00737008 0.00547605
internal_weight=1937.58 678.85 665.881 445.897 357.395 336.195 219.984 158.472 63.2986 95.1733 35.8827 61.512 1258.72 42.058 320.06 290.48 88.5023 68.5875 27.416 272.033 224.204 195.612 135.285 47.829 29.3629 105.922 45.7995 30.8755 108 76.0194
internal_count=7781 2727 2675 1792 1436 1351 883 636 254 382 144 247 5054 169 1286 1167 356 276 110 1093 901 786 544 192 118 426 184 124 435 305
is_linear=0
shrinkage=0.02


Tree=30
num_leaves=31
num_cat=0
split_feature=78 24 89 47 30 34 62 47 89 64 73 24 27 20 34 34 75 78 82 82 9 40 19 36 19 68 71 38 25 34
split_gain=27.9743 11.9812 14.8749 18.1998 13.045 11.7391 10.4154 10.0163 14.1882 10.7929 11.025 13.1941 10.8235 11.7312 15.8621 9.26991 9.02231 8.68188 8.41307 9.98151 8.41037 8.31106 9.38147 9.37815 13.7036 14.3432 12.9892 13.1022 11.0307 13.637
threshold=1.0000000180025095e-35 0.15192308276891711 10.110008239746096 13.887499809265138 0.5169418752193452 36.574998855590827 36.128389358520515 25.187500000000004 17.373214721679691 27.566392898559574 21.416666984558109 0.29285715520381933 0.28636364638805395 1.7677392363548281 30.32499980926514 33.774999618530281 1.0000000180025095e-35 -160.99999999999997 4.5499999523162851 3.4500000476837163 0.67105036973953258 9.7369141578674334 9.4297380447387713 24.375000000000004 7.1431784629821786 14.875000000000002 34.833333969116218 4.8750000000000009 0.24264705926179889 33.774999618530281
decision_type=2 2 2 2 2 2 2 2 2 2 2 2 2 2 2 2 2 2 2 2 2 2 2 2 2 2 2 2 2 2
left_child=17 2 18 -4 5 6 21 8 9 10 11 12 13 -3 -15 -6 -11 -1 19 -2 -14 22 23 26 25 -25 27 -5 29 -29
right_child=1 7 3 4 15 -7 -8 -9 -10 16 -12 -13 20 14 -16 -17 -18 -19 -20 -21 -22 -23 -24 24 -26 -27 -28 28 -30 -31
leaf_value=0.0072147954856599736 -0.0069918597195490562 0.022351035391832742 0.014383000302258227 0.0051392778877254464 -0.024106104263717249 -0.013934121082850241 0.012988615058425784 0.013453483437837541 -0.015721805707577596 0.00078024984055531502 -0.013566522352753036 -0.01451513057948604 -0.017812488748547448 0.01428546770310804 -0.0091623371293051564 -0.0042053375295132553 0.017696636832938303 0.0013013030156918228 -0.0012049897752055528 -0.021917056293133893 0.0048962058510682313 -0.018473096701997441 0.014721553472429146 0.013999737666818802 -0.020622408656271431 -0.012611027425705079 0.010039249430271187 -0.017893166316908335 0.0054251028962089684 -0.0009603659188991533
leaf_weight=108.97761242091656 32.042660593986511 17.682320907711983 22.152259543538094 50.279870018362999 21.33887942135334 34.990924075245857 18.172363638877869 21.912622779607773 22.604727849364281 26.123321264982224 26.097715944051743 18.412940844893456 13.434559658169748 24.411761000752449 21.88711704313755 16.681880414485931 24.382185816764832 1119.2529782801867 21.919014051556587 40.674930319190025 12.681759506464003 12.660810574889181 12.939002573490141 14.201174601912497 25.837574705481529 18.86453340947628 37.086590066552162 45.735811084508896 21.15978042781353 32.575300395488739
leaf_count=439 129 71 89 202 86 141 73 88 91 105 105 74 54 98 88 67 98 4491 88 164 51 51 52 57 104 76 149 184 85 131
internal_value=3.0419e-08 -0.00316341 -0.00496302 -0.00321547 -0.00429083 -0.00299221 -0.00166975 0.00059296 -0.000763722 0.00106285 -0.00189526 0.000911781 0.00406453 0.00849335 0.00320086 -0.0153745 0.00894685 0.00182599 -0.0120664 -0.0153403 -0.00678543 -0.00265146 -0.00187709 -0.00275106 -0.0097095 -0.00118214 -0.000557303 -0.0031816 -0.00738758 -0.0108496
internal_weight=1937.17 708.944 479.313 384.677 362.524 324.504 289.513 229.631 207.718 185.114 134.608 108.51 90.0975 63.9812 46.2989 38.0208 50.5055 1228.23 94.6366 72.7176 26.1163 271.34 258.68 245.741 58.9033 33.0657 186.837 149.751 99.4709 78.3111
internal_count=7781 2851 1928 1547 1458 1305 1164 923 835 744 541 436 362 257 186 153 203 4930 381 293 105 1091 1040 988 237 133 751 602 400 315
is_linear=0
shrinkage=0.02


Tree=31
num_leaves=31
num_cat=0
split_feature=78 14 7 7 46 62 52 28 88 49 41 7 42 62 7 14 0 0 2 39 36 79 14 93 13 28 37 52 78 59
split_gain=27.1791 11.7822 12.3851 13.4903 11.1901 15.6246 18.7965 20.1569 22.3644 13.1149 16.7187 11.557 10.3415 10.3272 9.65328 11.1645 11.411 14.7721 10.4786 9.86418 9.03377 8.81215 13.484 9.69267 11.9094 9.06425 15.4235 9.56101 8.68329 8.31691
threshold=-128.99999999999997 0.1014513522386551 0.53393176198005687 0.56137987971305858 24.056249618530277 28.052556991577152 3.3000000715255742 0.53026580810546886 5.0491936206817636 7.2025640010833749 3.0667572021484379 0.37229374051094061 5.1124999523162851 34.895431518554695 0.64250943064689647 0.09824948757886888 3.6833333969116215 4.3500001430511483 1.0000000180025095e-35 2.5186800956726079 26.57499980926514 2.0499999523162846 0.13300289958715442 25.516666412353519 35.250000000000007 0.49763564765453344 29.875000000000004 4.5000000000000009 125.50000000000001 17.186533927917484
decision_type=2 2 2 2 2 2 2 2 2 2 2 2 2 2 2 2 2 2 2 2 2 2 2 2 2 2 2 2 2 2
left_child=1 14 4 -4 -3 -6 7 8 -7 21 -11 -10 13 -5 15 16 -1 -18 20 -20 29 22 -8 24 25 26 -23 -28 -2 -19
right_child=28 2 3 12 5 6 9 -9 11 10 -12 -13 -14 -15 -16 -17 17 18 19 -21 -22 23 -24 -25 -26 -27 27 -29 -30 -31
leaf_value=0.018395035426223279 -0.0012309397950349737 -0.01915094119079358 0.018465381938079693 0.0036598282460520975 0.010638077125212501 -0.024128437676189787 0.0015772557594871995 0.0091271852911658357 -0.013246660606855143 -0.021535867625730672 0.0038339870696456782 0.0079018085842029115 0.020313180210507445 -0.015243401484640238 -0.0072990872848202317 0.023499814217857688 -0.011683658654844074 -0.0036317419354147569 0.0058057166807533832 0.022950667787862426 -0.01339585982141784 -0.020782010620360006 0.03005562764226347 -0.0078869836324574581 0.022704998448393229 0.013906958082475922 0.016051357156638687 -0.0058479568600443123 -0.0071650405323213234 0.017164319009603902
leaf_weight=28.990062981843948 1150.4104962050915 12.479257196187971 29.232978850603104 107.24270597100258 48.302838861942291 38.396633222699165 13.429245695471765 20.434190601110458 21.194897145032883 18.683968022465706 23.406941562891006 20.173716083168983 13.134485006332396 12.957050591707228 15.90201899409294 18.860202610492706 19.156044185161591 16.191137835383419 30.357236161828041 24.062675356864929 13.44560447335243 12.950449228286741 13.174834907054899 25.669661805033684 14.402040049433706 19.677839532494545 15.944199070334436 15.953753605484961 107.88582745194435 14.65481775999069
leaf_count=117 4619 50 118 431 194 154 54 82 85 75 94 81 53 52 64 76 77 65 122 97 54 52 53 103 58 79 64 64 435 59
internal_value=-2.19429e-09 0.00322655 0.00163304 0.00616103 -0.000569046 0.000151562 -0.00170051 -0.00859583 -0.0131361 0.00228641 -0.00742758 -0.00293345 0.00346335 0.00162214 0.00758576 0.00901409 0.00715375 0.00438891 0.00750797 0.0133866 0.000284987 0.00540276 0.0156803 0.00278871 0.00626075 0.00259045 -0.00237483 0.00509842 -0.00173973 0.0062484
internal_weight=1936.76 678.461 496.842 162.567 334.274 321.795 273.492 100.199 79.7652 173.293 42.0909 41.3686 133.334 120.2 181.62 165.718 146.858 117.868 98.7115 54.4199 44.2916 131.202 26.6041 104.598 78.9283 64.5262 44.8484 31.898 1258.3 30.846
internal_count=7781 2727 1996 654 1342 1292 1098 402 320 696 169 166 536 483 731 667 591 474 397 219 178 527 107 420 317 259 180 128 5054 124
is_linear=0
shrinkage=0.02


Tree=32
num_leaves=31
num_cat=0
split_feature=78 24 9 28 88 67 30 58 86 9 14 46 14 7 92 7 58 49 41 54 18 18 95 51 43 50 14 7 82 82
split_gain=26.147 11.5182 12.6668 11.5169 15.5145 19.9234 16.2963 13.2807 12.2566 12.5482 11.7459 11.5283 10.2031 13.9378 11.1767 12.768 10.8626 10.0472 9.76403 17.6963 10.5141 12.9862 10.896 9.63165 9.57899 9.12968 8.93843 8.85031 8.36832 8.31888
threshold=1.0000000180025095e-35 0.15192308276891711 0.56562235951423656 0.39754985272884374 5.5067567825317392 4.5833332538604745 0.41931250691413885 4.9506802558898935 4.5000000000000009 0.39175131916999822 0.10862116143107416 35.062500000000007 0.11914051324129106 0.51224148273468029 29.670832633972172 0.46211832761764532 2.8496943712234502 4.5874998569488534 1.8851385116577151 36.899999618530281 1.9949874281883242 1.3745706081390383 3.6892045736312871 15.500000000000002 15.362500190734865 3.5000000000000004 0.10395498946309091 0.39672334492206579 4.5499999523162851 4.2500000000000009
decision_type=2 2 2 2 2 2 2 2 2 2 2 2 2 2 2 2 2 2 2 2 2 2 2 2 2 2 2 2 2 2
left_child=-1 2 3 8 5 7 -7 12 9 11 -10 -2 16 14 -14 23 -5 -6 27 20 21 -20 -23 -16 -15 -18 -22 -3 -29 -9
right_child=1 18 -4 4 17 6 -8 29 10 -11 -12 -13 13 24 15 -17 25 -19 19 -21 26 22 -24 -25 -26 -27 -28 28 -30 -31
leaf_value=0.001765540547782906 -0.0050917704933802019 0.0050541101083814667 -0.015154440851724533 -0.00096468496042358489 -0.0038241771064704312 0.016801496966480381 -0.0065914400991082056 -0.0034345825549767068 -0.0034294501412052815 -0.013697211670133578 0.019901539700030706 0.018090732457313886 -0.011749052529686679 -0.015492295285202061 0.012030509927553126 0.022821111444141336 -0.029574781461913297 -0.023351587970130334 -0.0046410998593771477 0.02359293686660115 -0.019731002274472716 0.027716024868920316 0.0066101760767510202 -0.012371349607431321 0.00079153590565153099 -0.012703048691812107 -0.0011299756595964147 -0.016292701520882497 0.0030066128206050337 0.015493868686450387
leaf_weight=1227.7806958705187 20.662838116288185 20.151020780205727 43.20096629858017 19.109249219298363 16.404342278838158 30.397432938218117 19.587664261460304 21.846163585782051 13.677503839135168 26.366492629051208 23.395538777112961 14.673640385270117 15.680342346429823 49.590896487236023 12.715285301208498 14.963544338941572 19.316510140895844 29.478557974100113 27.341878771781921 15.443805962800978 12.421113625168799 13.685518592596052 34.321182727813721 13.173440232872961 20.391765311360359 38.199122026562691 61.483357205986977 32.229639708995819 12.461908996105192 16.15562716126442
leaf_count=4930 83 81 174 77 66 122 79 88 55 106 94 59 63 200 51 60 78 119 110 62 50 55 138 53 82 154 247 130 50 65
internal_value=2.58168e-08 -0.00305937 -0.00482465 -0.00380062 -0.00556083 -0.00385726 0.0076345 -0.00623932 0.00220499 -0.00325594 0.0112939 0.00453487 -0.00826938 -0.0047811 0.00260476 0.00811418 -0.0140289 -0.01637 0.000624274 0.00321251 0.00110366 0.00636085 0.0126269 -0.000386341 -0.0107475 -0.0183694 -0.00425625 -0.00594971 -0.0109112 0.00461243
internal_weight=1936.31 708.526 478.987 435.786 337.01 291.127 49.9851 241.142 98.776 61.703 37.073 35.3365 203.14 126.515 56.5326 40.8523 76.6249 45.8829 229.539 164.697 149.253 75.3486 48.0067 25.8887 69.9827 57.5156 73.9045 64.8426 44.6915 38.0018
internal_count=7781 2851 1928 1754 1357 1172 201 971 397 248 149 142 818 509 227 164 309 185 923 662 600 303 193 104 282 232 297 261 180 153
is_linear=0
shrinkage=0.02


Tree=33
num_leaves=31
num_cat=0
split_feature=78 38 24 89 47 30 34 28 41 24 29 58 64 78 31 47 28 27 8 30 65 35 34 73 84 82 22 22 35 8
split_gain=25.5385 11.3289 12.4281 13.6388 16.1412 9.84839 11.4747 10.6198 10.3628 9.12572 11.9406 8.52614 9.91549 8.14874 7.65104 10.3808 13.475 11.5549 10.5561 9.27348 15.5951 15.4884 10.9746 11.4501 8.28535 8.15416 7.61591 7.42453 7.34105 7.03424
threshold=-128.99999999999997 12.275000095367433 0.15192308276891711 10.110008239746096 13.887499809265138 0.5169418752193452 36.574998855590827 0.45378135144710546 3.3726836442947392 0.29285715520381933 0.30461986362934118 4.6934134960174569 16.787825584411625 125.50000000000001 11.924999713897707 22.69999980926514 0.40020650625228887 0.1338235326111317 0.28022705018520361 0.38076670467853552 5.2974090576171884 0.13723805546760562 34.725000381469734 26.750000000000004 8.9000000953674334 4.0499999523162851 0.063461540266871466 0.13750000298023227 0.11395031586289407 0.45114716887474066
decision_type=2 2 2 2 2 2 2 2 2 2 2 2 2 2 2 2 2 2 2 2 2 2 2 2 2 2 2 2 2 2
left_child=1 2 3 11 -5 6 8 -7 14 10 -4 12 -1 -2 -6 19 18 24 -17 21 22 27 23 -21 -18 -26 -12 -16 -15 -13
right_child=13 -3 9 4 5 7 -8 -9 -10 -11 26 29 -14 28 15 16 17 -19 -20 20 -22 -23 -24 -25 25 -27 -28 -29 -30 -31
leaf_value=0.0051581545574877711 -0.0011937946645938708 -0.015388944876769077 0.011337881817813358 -0.013262686992539421 0.013523026111955895 0.0037699417839361098 0.014797639076025777 0.025133858080880218 0.013900578076357487 0.010632403212810049 -0.014503995692891371 -0.0072840911241000795 0.022435286269032871 -0.018082833085422051 0.022431192454927307 -0.018616707745358323 0.028410117902109591 -0.0027605109715819419 0.0040653054603001625 -0.0055641869883106248 -0.025693813103704558 -0.0096988525091371708 -0.019926818172946028 0.017515768780916669 -0.0021775817334991942 0.018807429856588193 -0.0020974993484054591 0.0025777827644533546 -0.0044988407889943122 0.012697728909921326
leaf_weight=19.861595258116722 1150.0569961518049 12.962528616189955 23.865345701575279 21.184222370386124 17.618435844779015 18.640017569065094 32.237161234021187 18.588605150580406 27.036784335970879 26.38089282810688 22.879662945866585 13.175781816244127 40.140597552061081 19.408735513687134 13.935189962387087 14.219339415431021 14.10274502635002 19.385017096996307 19.411337643861771 27.911689162254333 16.705718219280243 24.43272539973259 12.462968751788138 12.42562812566757 12.922381699085237 17.352384567260742 146.64354208111763 16.403997659683228 88.363676816225052 15.149979859590529
leaf_count=80 4619 52 96 85 71 75 130 75 109 106 92 53 162 79 56 57 57 78 78 112 67 98 50 50 52 70 589 66 356 61
internal_value=-4.85276e-09 0.00312877 0.00348969 0.00541036 0.00366928 0.00473747 0.00352799 0.0144371 0.00216387 -0.000402042 -0.00190729 0.0124469 0.0167163 -0.00168658 0.000837771 -0.000170454 0.00471858 0.0101213 -0.00552484 -0.00400186 -0.00885164 0.00215255 -0.00352287 0.00154543 0.0157484 0.00985026 -0.00377194 0.0116967 -0.00694518 0.00340315
internal_weight=1935.87 678.036 665.074 445.304 356.976 335.792 298.564 37.2286 266.326 219.769 193.389 88.328 60.0022 1257.83 239.29 221.671 97.3932 63.7625 33.6307 124.278 69.506 54.7719 52.8003 40.3373 44.3775 30.2748 169.523 30.3392 107.772 28.3258
internal_count=7781 2727 2675 1792 1436 1351 1201 150 1071 883 777 356 242 5054 962 891 392 257 135 499 279 220 212 162 179 122 681 122 435 114
is_linear=0
shrinkage=0.02


Tree=34
num_leaves=31
num_cat=0
split_feature=38 42 44 46 54 95 21 94 92 89 13 82 49 14 44 64 89 14 91 34 68 7 82 13 37 62 38 94 46 21
split_gain=0.0361267 0.0216217 0.0161807 0.0183058 0.0222775 0.0247165 0.0154211 0.0149729 0.0148006 0.0136624 0.0140404 0.0135631 0.012258 0.0121076 0.0113012 0.0119832 0.0107912 0.0127579 0.0103067 0.0101634 0.0099233 0.00931032 0.00915904 0.00881289 0.0102141 0.00994172 0.00989671 0.00860047 0.00863792 0.00837862
threshold=12.275000095367433 5.3125000000000009 4.5968749523162851 31.527205467224125 29.69999980926514 4.9818122386932382 3.4250000715255742 22.836667060852054 29.580779075622562 13.873015880584719 32.95000076293946 4.4500000476837167 5.3374998569488534 0.1044762395322323 1.8625000119209292 13.355157375335695 16.340909004211429 0.10862116143107416 49.500000000000007 33.725000381469734 11.250000000000002 0.44571653008461004 4.3500001430511483 35.250000000000007 40.725000381469734 34.72191238403321 5.2249999046325692 34.303846359252937 33.76250076293946 6.2750000953674325
decision_type=2 2 2 2 2 2 2 2 2 2 2 2 2 2 2 2 2 2 2 2 2 2 2 2 2 2 2 2 2 2
left_child=1 2 3 8 5 -5 -2 -6 11 10 22 14 -4 21 15 -1 -14 -18 -9 27 -10 -12 -3 24 26 29 -21 -11 -29 -25
right_child=6 9 12 4 7 -7 -8 18 20 19 13 -13 16 -15 -16 -17 17 -19 -20 23 -22 -23 -24 25 -26 -27 -28 28 -30 -31
leaf_value=1.9324924725169509e-06 0.0010518771470338706 1.0986300133590071e-05 7.9839287536122292e-05 0.0001027817541556302 -0.00019301616601349037 0.0012409437785955893 0.0002598658301062953 0.00011637879750338304 -0.00022675583682688264 -4.6168137086896789e-05 0.00017092596177722751 -9.3085764565634715e-05 -3.3305111020879969e-05 -0.00058485526739141393 2.96285080961481e-05 0.0004468810977597996 -0.00012794895811320774 -0.00057257636145340257 0.00037248841182024373 -0.0001872612537006122 0.00012394241841813923 -0.00052199199792835223 -0.00033226266523654217 0.0005559891860063786 8.4965085371898255e-05 -0.00010240924251912932 -0.00063056739343701209 0.00010913370865103546 0.00060315335185692342 6.0682293895264763e-06
leaf_weight=34.805855363607407 16.932357162237167 94.541744783520699 120.85363163053989 14.434690296649935 46.275202229619026 16.194429501891136 23.455819025635719 208.36614751815796 135.82916712760925 69.220658704638481 19.421760395169258 117.95485907793045 110.33351185917854 60.752526298165321 113.34356686472893 79.537202671170235 61.022530347108841 44.738820925354958 90.002440452575684 56.267633408308029 42.332028776407242 12.913734942674635 46.334644198417664 19.387808367609978 29.375200495123863 130.3536624610424 31.37686562538147 41.779360681772232 21.413446769118309 25.870070368051529
leaf_count=140 68 380 486 58 186 65 94 838 546 278 78 474 444 244 456 320 246 180 362 226 170 52 186 78 118 524 126 168 86 104
internal_value=2.348e-08 -1.25912e-05 3.67374e-05 8.10369e-05 0.000187657 0.000704558 0.000591909 0.000141719 4.65041e-06 -0.000105111 -0.000227852 8.09776e-05 -8.14663e-05 -0.000418449 0.000171153 0.000311439 -0.000171678 -0.000316034 0.000193634 -3.75485e-05 -0.000143428 -0.000105803 -0.000101909 -0.000103335 -0.00023779 -1.37407e-05 -0.000345966 0.000107839 0.000276537 0.000241646
internal_weight=1935.42 1895.03 1236.02 899.076 375.273 30.6291 40.3882 344.644 523.803 659.009 233.964 345.641 336.948 93.088 227.687 114.343 216.095 105.761 298.369 425.045 178.161 32.3355 140.876 292.631 117.02 175.612 87.6445 132.413 63.1928 45.2579
internal_count=7781 7619 4971 3615 1509 123 162 1386 2106 2648 940 1390 1356 374 916 460 870 426 1200 1708 716 130 566 1176 470 706 352 532 254 182
is_linear=0
shrinkage=0.02


Tree=35
num_leaves=31
num_cat=0
split_feature=38 77 49 22 89 14 38 21 9 0 37 14 91 13 9 84 91 14 40 19 43 82 39 34 20 86 61 14 2 39
split_gain=0.0346957 0.0230202 0.0200459 0.0193732 0.0174505 0.0173483 0.0162705 0.0148096 0.0133991 0.0126769 0.0105348 0.0130181 0.0103812 0.0112584 0.00965762 0.00909578 0.00899356 0.00886848 0.00808537 0.00791869 0.00769833 0.00755195 0.00827366 0.00715695 0.00859237 0.00737351 0.0101433 0.00963908 0.0088718 0.00766813
threshold=12.275000095367433 5.0000000000000009 5.4125001430511483 0.080128207802772536 13.873015880584719 0.10826134309172632 5.8750000000000009 3.4250000715255742 0.52537325024604808 3.5499999523162846 28.125000000000004 0.10299601778388025 44.500000000000007 33.250000000000007 0.5805565118789674 11.09999990463257 39.500000000000007 0.12297605723142625 8.1086368560791033 8.2416625022888201 16.712500572204593 5.5499999523162851 2.2436015605926518 33.725000381469734 2.9706890583038335 2.6999999284744267 131.50000000000003 0.10186471417546274 1.0000000180025095e-35 2.3441413640975957
decision_type=2 2 2 2 2 2 2 2 2 2 2 2 2 2 2 2 2 2 2 2 2 2 2 2 2 2 2 2 2 2
left_child=1 2 6 5 10 -4 9 -2 12 16 14 -12 13 18 -3 -7 21 -15 -5 -18 -11 22 -1 24 -6 26 28 -27 -25 -29
right_child=7 4 3 8 23 15 -8 -9 -10 20 11 -13 -14 17 -16 -17 19 -19 -20 -21 -22 -23 -24 25 -26 27 -28 29 -30 -31
leaf_value=-5.4625492423180532e-05 0.0010308114097520658 -4.3059963915952416e-05 0.00011845795057053554 5.6960500300546146e-05 3.6576166739523573e-05 -0.001024764171257068 0.00081437599676424059 0.00025466848289727468 0.00042352236262213676 0.0002535464928682202 -1.5646756955042886e-05 -0.00060008237087631137 0.00010708699170256257 -0.00013084538654272585 -0.00034702556409835282 -0.00033443024547201607 0.00028832829397006516 -0.00048116477254928205 -0.00036743258875298685 -0.00018572026224795421 3.2231685973878764e-05 -0.00048121059532748971 0.0004772987127069054 0.00039365504042197601 0.00054975969080346622 2.1114776877136214e-05 0.00058370778042043155 -0.0003978978708683241 -0.00021262260485929851 -0.00011475445641527403
leaf_weight=194.12494222819805 16.93281677365303 118.02895072102547 14.901217728853224 151.62501537799835 136.46349182724953 16.889026820659641 13.170474305748938 23.455858215689659 26.810878708958626 229.42436616122723 21.360942095518112 53.248191222548485 138.60818065702915 96.275605008006096 64.745179712772369 13.932628512382506 66.600126504898071 41.307602286338806 20.368799313902855 17.878941893577576 86.599631756544113 15.433985650539396 12.446498662233351 13.942652329802511 14.430561929941176 108.34929107129574 14.365512296557425 61.755354717373848 31.390745565295219 100.5576024055481
leaf_count=780 68 474 60 610 548 68 53 94 108 922 86 214 558 388 260 56 268 166 82 72 348 62 50 56 58 436 58 248 126 404
internal_value=2.3027e-08 -1.23393e-05 4.33713e-05 -4.86327e-05 -9.95588e-05 -0.000441827 0.000118737 0.000580064 -1.0784e-05 0.000104019 -0.000232486 -0.000432756 -3.67647e-05 -0.000101172 -0.000150736 -0.000712705 1.23717e-05 -0.000236024 6.70068e-06 0.000188002 0.0001929 -5.44602e-05 -2.25756e-05 -2.84669e-05 8.56538e-05 -8.05921e-05 0.000120596 -0.000124968 -2.6157e-05 -0.000222482
internal_weight=1935.43 1895.04 1156.4 520.719 738.638 45.7229 635.679 40.3887 474.996 622.508 257.383 74.6091 448.185 309.577 182.774 30.8217 306.484 137.583 171.994 84.4791 316.024 222.005 206.571 481.255 150.894 330.361 59.6989 270.662 45.3334 162.313
internal_count=7781 7619 4651 2096 2968 184 2555 162 1912 2502 1034 300 1804 1246 734 124 1232 554 692 340 1270 892 830 1934 606 1328 240 1088 182 652
is_linear=0
shrinkage=0.02


Tree=36
num_leaves=31
num_cat=0
split_feature=78 14 28 88 14 40 18 91 88 95 10 38 8 78 35 92 14 4 26 86 14 52 71 40 89 40 81 0 61 16
split_gain=24.5367 11.105 11.4803 18.4657 11.5323 11.0094 10.7659 18.2438 22.1373 16.1556 19.0747 18.6246 13.3088 16.2499 10.6142 11.4591 11.7464 11.9657 10.4386 10.0394 8.92353 10.0684 9.62415 11.5297 9.04215 10.7024 8.52947 13.863 8.39208 8.00516
threshold=-128.99999999999997 0.1014513522386551 0.38671399652957922 6.1126315593719491 0.13611492514610293 7.6144597530364999 2.0309913158416752 46.500000000000007 3.7198878526687627 4.8619048595428476 14.150000095367433 2.9250000715255742 0.33005237579345709 -160.99999999999997 0.12826693803071978 29.507143020629886 0.13768488913774493 0.16250000149011615 0.095454547554254546 3.8999999761581425 0.09824948757886888 5.5000000000000009 35.166666030883796 5.3402943611145028 19.643528938293461 6.631270408630372 17.849999427795414 5.0499999523162851 95.500000000000014 26.750000000000004
decision_type=2 2 2 2 2 2 2 2 2 2 2 2 2 2 2 2 2 2 2 2 2 2 2 2 2 2 2 2 2 2
left_child=1 20 3 5 -5 -3 7 9 29 11 -11 -4 -13 -14 -8 18 19 -18 -16 -17 21 22 23 -1 25 -23 27 -20 -12 -9
right_child=-2 2 6 4 -6 -7 14 8 -10 10 28 12 13 -15 15 16 17 -19 26 -21 -22 24 -24 -25 -26 -27 -28 -29 -30 -31
leaf_value=-0.0018739528203276304 -0.0016529597618763533 -0.024111117712507166 0.012805407630227771 -0.0053083140264651944 0.014373052374152347 -0.0024104581342244986 0.015780232718426518 0.010853057535540767 -0.0071621469389135982 0.011368594103866366 0.0005489830547102505 0.0018042592779739684 -0.0025313621055247739 -0.026021789948648136 0.027236257123409439 -0.023590265982857843 0.01684193712945968 -0.0021304725783038913 0.028105633956795436 -0.00067766798291380738 0.019627216523011672 0.0072816495899466508 -0.0023081297459914543 0.015748857131471183 0.011631381674330952 -0.016009770052915061 -0.0039705042818012834 -0.00064648587904636036 -0.018456352105481209 0.029851396737001309
leaf_weight=18.855841755867004 1257.7424028962851 23.137060850858688 12.66358609497547 27.677441075444221 20.902195245027542 15.695024937391279 38.912768185138702 20.120641782879829 19.656478196382523 46.935592293739319 21.362023830413818 17.174769148230553 17.418637186288834 36.386260882019997 12.379877269268034 13.214824914932253 21.144688785076141 35.82673554122448 13.392332479357721 18.162142649292946 20.805640399456024 12.421529024839399 23.837962433695793 69.901200234889984 13.889691323041914 21.637430399656296 18.416835099458694 13.438840642571448 16.450010702013969 15.86801043152809
leaf_count=76 5054 93 51 111 84 63 157 81 79 189 86 69 70 146 50 53 85 144 54 73 84 50 96 282 56 87 74 54 66 64
internal_value=2.25779e-08 0.00306785 0.0015203 -0.00505864 0.00315992 -0.0153402 0.00292661 -2.14087e-05 0.00990689 -0.00330224 0.00285214 -0.00953787 -0.0135242 -0.0184171 0.00649883 0.00402469 -0.000500965 0.00491105 0.0109629 -0.0103276 0.00730336 0.00570626 0.00897471 0.012005 -0.00196887 -0.00751523 0.00651052 0.0137047 -0.00771923 0.0192297
internal_weight=1935.43 677.686 496.337 87.4117 48.5796 38.8321 408.925 224.036 55.6451 168.391 84.7476 83.6433 70.9797 53.8049 184.889 145.976 88.3484 56.9714 57.6279 31.377 181.349 160.544 112.595 88.757 47.9487 34.059 45.248 26.8312 37.812 35.9887
internal_count=7781 2727 1996 351 195 156 1645 901 224 677 341 336 285 216 744 587 355 229 232 126 731 647 454 358 193 137 182 108 152 145
is_linear=0
shrinkage=0.02


Tree=37
num_leaves=31
num_cat=0
split_feature=78 14 7 7 34 7 14 0 0 2 39 62 52 57 41 9 78 62 92 29 40 42 58 9 55 85 30 54 7 39
split_gain=23.9001 11.1209 14.1324 12.4699 11.0382 9.9509 10.81 11.0158 13.6975 12.2862 11.0011 9.47551 14.248 14.5144 10.7811 10.4255 13.4265 11.6146 9.9905 12.9298 12.363 9.22672 11.1646 9.47705 14.8463 12.1536 9.06397 9.01672 8.00064 9.23018
threshold=1.0000000180025095e-35 0.1014513522386551 0.53393176198005687 0.56137987971305858 24.800000190734867 0.64250943064689647 0.09824948757886888 3.6833333969116215 4.3500001430511483 1.0000000180025095e-35 2.5186800956726079 28.052556991577152 3.3000000715255742 6.0999999046325692 2.1791627407073979 0.38785848021507269 113.00000000000001 34.293008804321296 35.144958496093757 0.3074824064970017 8.1967978477478045 5.0125000476837167 2.2864692211151127 0.39218868315219885 17.69999980926514 16.500000000000004 0.45084922015666967 36.699998855590827 0.46789143979549414 2.2657775878906254
decision_type=2 2 2 2 2 2 2 2 2 2 2 2 2 2 2 2 2 2 2 2 2 2 2 2 2 2 2 2 2 2
left_child=-1 5 4 -4 -3 6 7 -2 -9 27 26 -6 13 14 28 16 -14 -18 19 -17 -21 22 -5 -24 25 -25 -11 -10 29 -13
right_child=1 2 3 21 11 -7 -8 8 9 10 -12 12 15 -15 -16 18 17 -19 -20 20 -22 -23 23 24 -26 -27 -28 -29 -30 -31
leaf_value=0.0016885196650386254 -0.017616159928196644 0.016856414630130136 -0.017752622363075034 -0.011779254873999561 -0.0078294428093296543 0.0080418257332872233 -0.022335391989390666 0.010840996457180695 -0.0050458326726486149 -0.014751945782235296 -0.023267583736089469 0.019356977808059641 0.012348099020591637 -0.0085778872810531124 0.02066946954643608 -0.022088235141670538 -0.018083023889998374 0.0050492910270361607 0.0048132744539882777 0.0029587863360445049 -0.015554260120888706 -0.018927254895441403 -0.0062716222548798942 0.013060162749799171 0.021923392061905769 -0.01018611981823885 0.0071728828087955091 0.014598150037819431 -0.008384284551117796 0.00039549133323601884
leaf_weight=1226.9674705564976 29.650280818343163 16.429559260606766 30.559530407190323 33.269131436944008 51.476561158895493 15.864846557378767 19.9950220733881 20.603594765067101 32.033050149679184 17.6272206902504 24.795077487826347 20.644088074564934 37.582294166088104 18.412095174193382 29.863856568932533 22.567926496267319 15.123017996549605 20.385494410991669 27.108429193496704 36.569438740611076 23.831813126802444 14.14920239150524 35.499059364199638 15.682387769222258 17.923710346221924 21.100474774837494 13.183136954903601 13.197123154997824 12.436802655458449 20.432733103632927
leaf_count=4930 120 66 124 134 207 64 81 83 129 71 100 83 151 74 120 91 61 82 109 147 96 57 143 63 72 85 53 53 50 82
internal_value=5.1342e-08 -0.00292609 -0.00142465 -0.00619566 0.000849336 -0.00711075 -0.00851587 -0.00668701 -0.00401858 -0.00705481 -0.0133511 6.76408e-05 0.00149422 0.00749338 0.0110424 -0.00183961 0.00401599 -0.00480272 -0.00572769 -0.00917173 -0.00434569 -0.00362943 -0.00187643 0.00177588 0.0069979 -0.000275058 -0.00537075 0.000685829 0.00566985 0.00992502
internal_weight=1934.96 707.997 521.048 168.183 352.864 186.949 171.085 151.089 121.439 100.836 55.6054 336.435 284.958 101.79 83.3775 183.168 73.0908 35.5085 110.078 82.9692 60.4013 137.624 123.475 90.2056 54.7066 36.7829 30.8104 45.2302 53.5136 41.0768
internal_count=7781 2851 2097 678 1419 754 690 609 489 406 224 1353 1146 409 335 737 294 143 443 334 243 554 497 363 220 148 124 182 215 165
is_linear=0
shrinkage=0.02


end of trees

feature_importances:
Column_78=56
Column_14=52
Column_7=49
Column_28=48
Column_40=31
Column_35=27
Column_39=27
Column_62=27
Column_34=25
Column_49=25
Column_82=25
Column_38=23
Column_91=22
Column_0=21
Column_42=21
Column_88=21
Column_9=20
Column_22=20
Column_89=20
Column_8=19
Column_30=19
Column_52=19
Column_54=19
Column_19=18
Column_74=18
Column_76=17
Column_86=16
Column_92=16
Column_18=15
Column_41=15
Column_71=14
Column_13=13
Column_58=13
Column_24=12
Column_29=12
Column_46=12
Column_81=12
Column_95=12
Column_25=11
Column_47=11
Column_73=11
Column_43=10
Column_57=10
Column_61=10
Column_77=10
Column_36=9
Column_48=9
Column_50=9
Column_60=9
Column_67=9
Column_15=8
Column_17=8
Column_44=8
Column_64=8
Column_84=8
Column_85=8
Column_94=8
Column_20=7
Column_65=7
Column_11=6
Column_63=6
Column_68=6
Column_4=5
Column_16=5
Column_21=5
Column_59=5
Column_79=5
Column_93=5
Column_2=4
Column_10=4
Column_31=4
Column_80=4
Column_90=4
Column_23=3
Column_26=3
Column_37=3
Column_51=3
Column_72=3
Column_75=3
Column_27=2
Column_32=2
Column_55=2
Column_66=2
Column_69=2
Column_83=2
Column_3=1
Column_6=1
Column_56=1

parameters:
[boosting: gbdt]
[objective: binary]
[metric: auc,binary_logloss]
[tree_learner: serial]
[device_type: cpu]
[data_sample_strategy: bagging]
[data: ]
[valid: ]
[num_iterations: 1000]
[learning_rate: 0.02]
[num_leaves: 31]
[num_threads: 10]
[seed: 42]
[deterministic: 0]
[force_col_wise: 0]
[force_row_wise: 0]
[histogram_pool_size: -1]
[max_depth: -1]
[min_data_in_leaf: 50]
[min_sum_hessian_in_leaf: 0.001]
[bagging_fraction: 0.8]
[pos_bagging_fraction: 1]
[neg_bagging_fraction: 1]
[bagging_freq: 0]
[bagging_seed: 400]
[bagging_by_query: 0]
[feature_fraction: 0.8]
[feature_fraction_bynode: 1]
[feature_fraction_seed: 30056]
[extra_trees: 0]
[extra_seed: 12879]
[early_stopping_round: 0]
[early_stopping_min_delta: 0]
[first_metric_only: 0]
[max_delta_step: 0]
[lambda_l1: 0]
[lambda_l2: 0]
[linear_lambda: 0]
[min_gain_to_split: 0]
[drop_rate: 0.1]
[max_drop: 50]
[skip_drop: 0.5]
[xgboost_dart_mode: 0]
[uniform_drop: 0]
[drop_seed: 17869]
[top_rate: 0.2]
[other_rate: 0.1]
[min_data_per_group: 100]
[max_cat_threshold: 32]
[cat_l2: 10]
[cat_smooth: 10]
[max_cat_to_onehot: 4]
[top_k: 20]
[monotone_constraints: ]
[monotone_constraints_method: basic]
[monotone_penalty: 0]
[feature_contri: ]
[forcedsplits_filename: ]
[refit_decay_rate: 0.9]
[cegb_tradeoff: 1]
[cegb_penalty_split: 0]
[cegb_penalty_feature_lazy: ]
[cegb_penalty_feature_coupled: ]
[path_smooth: 0]
[interaction_constraints: ]
[verbosity: -1]
[saved_feature_importance_type: 0]
[use_quantized_grad: 0]
[num_grad_quant_bins: 4]
[quant_train_renew_leaf: 0]
[stochastic_rounding: 1]
[linear_tree: 0]
[max_bin: 255]
[max_bin_by_feature: ]
[min_data_in_bin: 3]
[bin_construct_sample_cnt: 200000]
[data_random_seed: 175]
[is_enable_sparse: 1]
[enable_bundle: 1]
[use_missing: 1]
[zero_as_missing: 0]
[feature_pre_filter: 1]
[pre_partition: 0]
[two_round: 0]
[header: 0]
[label_column: ]
[weight_column: ]
[group_column: ]
[ignore_column: ]
[categorical_feature: ]
[forcedbins_filename: ]
[precise_float_parser: 0]
[parser_config_file: ]
[objective_seed: 16083]
[num_class: 1]
[is_unbalance: 0]
[scale_pos_weight: 1]
[sigmoid: 1]
[boost_from_average: 1]
[reg_sqrt: 0]
[alpha: 0.9]
[fair_c: 1]
[poisson_max_delta_step: 0.7]
[tweedie_variance_power: 1.5]
[lambdarank_truncation_level: 30]
[lambdarank_norm: 1]
[label_gain: ]
[lambdarank_position_bias_regularization: 0]
[eval_at: ]
[multi_error_top_k: 1]
[auc_mu_weights: ]
[num_machines: 1]
[local_listen_port: 12400]
[time_out: 120]
[machine_list_filename: ]
[machines: ]
[gpu_platform_id: -1]
[gpu_device_id: -1]
[gpu_use_dp: 0]
[num_gpu: 1]

end of parameters

pandas_categorical:null
