tree
version=v4
num_class=1
num_tree_per_iteration=1
label_index=0
max_feature_idx=95
objective=binary sigmoid:1
feature_names=Column_0 Column_1 Column_2 Column_3 Column_4 Column_5 Column_6 Column_7 Column_8 Column_9 Column_10 Column_11 Column_12 Column_13 Column_14 Column_15 Column_16 Column_17 Column_18 Column_19 Column_20 Column_21 Column_22 Column_23 Column_24 Column_25 Column_26 Column_27 Column_28 Column_29 Column_30 Column_31 Column_32 Column_33 Column_34 Column_35 Column_36 Column_37 Column_38 Column_39 Column_40 Column_41 Column_42 Column_43 Column_44 Column_45 Column_46 Column_47 Column_48 Column_49 Column_50 Column_51 Column_52 Column_53 Column_54 Column_55 Column_56 Column_57 Column_58 Column_59 Column_60 Column_61 Column_62 Column_63 Column_64 Column_65 Column_66 Column_67 Column_68 Column_69 Column_70 Column_71 Column_72 Column_73 Column_74 Column_75 Column_76 Column_77 Column_78 Column_79 Column_80 Column_81 Column_82 Column_83 Column_84 Column_85 Column_86 Column_87 Column_88 Column_89 Column_90 Column_91 Column_92 Column_93 Column_94 Column_95
feature_infos=[0:14] [0:1] [0:0.40000000596046448] [0:0.5] [0:1] [0:0.60000002384185791] [0:0.60000002384185791] [0:2.4206411838531494] [0:1.4385849237442017] [0:1.615384578704834] [2.5999999046325684:27.200000762939453] [0:14.600000381469727] [1:10] [9.6999998092651367:41.799999237060547] [0:1.0140619277954102] [2.7999999523162842:39.599998474121094] [4.6999998092651367:57.599998474121094] [0.69999998807907104:15.399999618530273] [0:5.3376026153564453] [0:15.888674736022949] [0:6.1514225006103516] [0:12.899999618530273] [0:1] [0:0.4166666567325592] [0:0.44999998807907104] [0:1] [0:0.55555558204650879] [0:0.60000002384185791] [0:2.3610155582427979] [0:1.3996142148971558] [0:1.2888675928115845] [2.3499999046325684:24.700000762939453] [0:12.399999618530273] [1:20] [9.3500003814697266:42.099998474121094] [0:0.92392736673355103] [2.9500000476837158:36.349998474121094] [5.0500001907348633:54.200000762939453] [1:15.449999809265137] [0:5.4906740188598633] [0:13.96925163269043] [0:5.4534392356872559] [0:12.550000190734863] [2.625:23.399999618530273] [0:11.800000190734863] [1:40] [11.975000381469727:39.5] [3.6363637447357178:34.849998474121094] [6.9090909957885742:51.25] [1:14.824999809265137] [0:15.199999809265137] [2.5999999046325684:27] [0:17.399999618530273] none [12.600000381469727:44.599998474121094] [1:41.799999237060547] [2.5999999046325684:58.599998474121094] [0.20000000298023224:17.600000381469727] [0:11.255555152893066] [2.7096774578094482:22.163637161254883] [0:12.104477882385254] [1:178] [11.989898681640625:37.954544067382812] [3.5322580337524414:33.692306518554688] [6.0161290168762207:49] [1:13.038216590881348] [1:178] [0:17] [0:30] [0:21] [0:5] [0:48] [0:45] [0:63] [0:23] [0:1] [0:1] [0.5:15.5] [-195:150] [0.69999998807907104:4.3000001907348633] [3.4000000953674316:17.5] [6.8000001907348633:26.600000381469727] [1.7999999523162842:7.4000000953674316] [0:6.1999998092651367] [1.2000000476837158:20.399999618530273] [2.7999999523162842:31.200000762939453] [0.40000000596046448:10] [1:269] [0:13] [0:31] [0:16] [0:80] [0:44] [0:36] [0:56] [0:18]
tree_sizes=3049 3461 3472 3446 3441 3451 3470 3454 3442 3481 3456 3460 3436 3475 3457 3463 3481 3477 3448 3478 3450 3450 3474 3466 3466 3475 3461 3467 3471 3460 3443 3472 3453 3462 3470 3458 3461 3448 3463 3461 3462

Tree=0
num_leaves=31
num_cat=0
split_feature=78 78 25 40 65 81 40 25 65 43 35 84 80 65 88 94 21 84 48 37 50 60 68 39 39 39 93 64 79 40
split_gain=44.1517 20.5015 17.9864 19.301 18.9633 14.3121 13.8533 16.7222 15.51 14.7774 16.7873 12.8853 12.8129 17.7394 15.769 12.7963 20.4506 12.5822 12.7864 20.0475 13.3594 15.5305 13.2767 12.7587 13.9211 11.8095 14.4055 19.8352 11.8016 15.1757
threshold=-128.99999999999997 105.50000000000001 0.25657895207405096 7.4521806240081796 3.0441347360610966 11.449999809265138 7.3371486663818368 0.26969698071479803 3.0856468677520756 20.13749980926514 0.12936861068010333 16.899999618530277 9.4499998092651385 2.8106061220169072 5.0403575897216806 35.909183502197273 4.8250000476837167 9.9000000953674334 15.174999713897707 24.658332824707035 3.3000000715255742 5.9195725917816171 9.416666507720949 1.2820873260498049 1.0902979969978335 1.875831723213196 12.875961303710939 21.4403829574585 2.6499999761581425 5.742276906967164
decision_type=2 2 2 2 2 2 2 2 2 2 2 2 2 2 2 2 2 2 2 2 2 2 2 2 2 2 2 2 2 2
left_child=2 -2 4 25 12 -6 11 8 -8 10 15 17 -1 14 -14 16 -10 23 -19 22 -21 -22 28 24 -3 26 -4 -28 -20 -30
right_child=1 6 3 -5 5 -7 7 -9 9 -11 -12 -13 13 -15 -16 -17 -18 18 19 20 21 -23 -24 -25 -26 -27 27 -29 29 -31
leaf_value=0.026216564883826742 -0.00052412423735018752 -0.0086044877477522101 0.008471535644060656 -0.017120372053110199 0.020051859001473799 0.0033120774015404845 -0.017961212893951039 0.01681656488382674 0.020768945836207694 -0.018247951245205517 -0.0040744856998308496 -0.0265985294557959 0.010805575872837729 0.02401409574802427 -0.016479731412469556 0.026701810785466084 -0.011092526025264171 -0.016032491719946848 0.0023165648838267389 0.0048740361481945556 -0.018967965502913593 0.0062165648838267392 -0.008183435116173263 -0.0075908425235806688 -0.032815014063541682 -0.009595199822055615 -0.026337281270019414 0.0028934879607498158 0.0066737077409695948 0.035201180268442121
leaf_weight=25 1291.5 19 85.5 27.75 21.25 529.25 22.5 20 15.749999999999998 15.499999999999998 64.25 13.249999999999998 22.75 20.25 13.499999999999998 15.249999999999998 16.5 26.5 40 21.75 45.25 12.499999999999998 22.5 135 19 34 12.999999999999998 32.5 17.500000000000004 12.999999999999998
leaf_count=100 5166 76 342 111 85 2117 90 80 63 62 257 53 91 81 54 61 66 106 160 87 181 50 90 540 76 136 52 130 70 52
internal_value=-0.000187179 -0.00190561 0.00366015 -0.00168797 0.00529125 0.00395825 -0.00512037 -0.000360166 -0.00265422 5.23213e-05 0.00259061 -0.00721783 0.0142951 0.0090201 0.000644151 0.011606 0.00446773 -0.00652752 -0.00309801 -0.00111097 -0.00848532 -0.0135168 0.00519291 -0.0104725 -0.0207098 0.000907474 0.00363336 -0.00545816 0.00946195 0.018833
internal_weight=2671.25 1846.5 824.75 192.75 632 550.5 555 169.75 149.75 127.25 111.75 385.25 81.5 56.5 36.25 47.5 32.25 372 199 172.5 79.5 57.75 93 173 38 165 131 45.5 70.5 30.5
internal_count=10685 7386 3299 771 2528 2202 2220 679 599 509 447 1541 326 226 145 190 129 1488 796 690 318 231 372 692 152 660 524 182 282 122
is_linear=0
shrinkage=1


Tree=1
num_leaves=31
num_cat=0
split_feature=78 78 25 39 65 93 62 47 19 14 18 47 94 76 14 91 25 2 80 92 19 84 14 88 84 15 89 88 20 34
split_gain=42.4042 19.6912 17.2744 18.59 18.2161 15.059 17.8705 20.4835 13.971 17.7923 14.4835 14.8748 14.7888 14.1825 17.8038 18.9384 17.5848 13.3043 16.5795 15.7091 13.1335 16.6294 15.1681 14.5342 12.8785 17.0482 15.2699 19.8183 14.0595 12.8339
threshold=-128.99999999999997 105.50000000000001 0.25657895207405096 1.875831723213196 3.0441347360610966 12.719461917877199 24.192465782165531 6.8624999523162851 8.4454126358032244 0.14865849167108539 1.0222494602203371 11.012499809265138 22.101020812988285 1.0000000180025095e-35 0.080722372978925719 16.500000000000004 0.14642857760190967 1.0000000180025095e-35 10.650000095367433 34.841875076293952 8.0591554641723651 16.899999618530277 0.13539892435073855 7.8032259941101083 9.9000000953674334 25.050000190734867 5.7861990928649911 1.1126984357833865 1.3341453671455386 35.274999618530281
decision_type=2 2 2 2 2 2 2 2 2 2 2 2 2 2 2 2 2 2 2 2 2 2 2 2 2 2 2 2 2 2
left_child=2 -2 4 5 -1 6 7 -4 10 -10 11 -6 -13 14 -12 -16 -17 18 -15 -20 21 23 29 24 25 -3 -26 -28 -29 -22
right_child=1 20 3 -5 8 -7 -8 -9 9 -11 13 12 -14 17 15 16 -18 -19 19 -21 22 -23 -24 -25 26 -27 27 28 -30 -31
leaf_value=0.014194171812088121 -0.00033020705787527326 -0.010349782443316897 0.016127155854515744 -0.01252544730123425 0.01325404953405282 -0.0058177802204142631 0.014882735630991236 -0.014907870723364355 -0.011316273245130138 0.0084722266242436266 0.025790121703549801 -0.024538852386165481 0.0017799165083356636 0.005612767102592473 0.015801358352026198 -0.0062570128926562538 0.009518024404148423 0.0068265654911212007 -0.0037026160062643572 -0.029884505973946089 0.021250497681751638 -0.027867549202119861 -0.0053462312241575032 -0.023146619453790086 -0.019876795109289372 0.01059730940536726 0.022822948387336152 -0.020248827097799169 -0.00027914435589434036 -0.0010740822825923658
leaf_weight=81.491204813122749 1291.4999230206013 181.2418587654829 13.499757796525953 46.248320385813713 12.749916166067122 58.746845796704292 51.248928412795067 22.999476730823517 47.999868392944336 29.249846488237381 25.499734580516815 17.999804019927979 16.24995544552803 40.249474197626114 75.499206483364105 48.499793708324432 67.749618738889694 127.49930828809738 27.499924600124359 13.749962300062178 22.498262450098991 13.747651323676108 49.747948125004768 17.999093577265739 16.999051257967949 16.999141916632652 13.999363869428633 15.249148190021513 187.48997785151005 18.998359128832817
leaf_count=326 5166 725 54 185 51 235 205 92 192 117 102 72 65 161 302 194 271 510 110 55 90 55 199 72 68 68 56 61 750 76
internal_value=-3.2422e-10 -0.00168409 0.00377047 -0.00147083 0.00536897 0.0020191 0.00726584 -0.00342913 0.00406255 -0.00382355 0.00534983 -0.00518691 -0.0120518 0.00651165 0.0100899 0.00800198 0.00293661 0.00279217 -0.00351931 -0.0124299 -0.00483479 -0.00619956 0.00210127 -0.00553757 -0.00480386 -0.00855357 -0.00162359 -0.00019197 -0.00178118 0.0110297
internal_weight=2671.2 1846.47 824.731 192.743 631.988 146.495 87.7482 36.4992 550.496 77.2497 473.247 46.9997 34.2498 426.247 217.248 191.749 116.249 208.999 81.4994 41.2499 554.97 463.725 91.2446 449.978 431.979 198.241 233.738 216.738 202.739 41.4966
internal_count=10685 7386 3299 771 2528 586 351 146 2202 309 1893 188 137 1705 869 767 465 836 326 165 2220 1855 365 1800 1728 793 935 867 811 166
is_linear=0
shrinkage=0.02


Tree=2
num_leaves=31
num_cat=0
split_feature=78 88 65 88 76 93 80 8 65 15 81 49 25 0 21 85 91 17 41 21 16 83 70 25 55 18 13 19 25 59
split_gain=40.8726 21.3623 20.8005 18.8389 19.0537 22.511 20.1795 21.4885 18.8191 18.5009 18.7027 26.6509 17.778 17.6129 33.8877 17.3246 17.1463 16.3551 16.1525 23.4652 18.8929 17.1915 17.1885 18.5745 17.6765 16.1286 19.3277 16.07 15.4421 16.9736
threshold=-111.99999999999999 1.0965116620063784 4.3561024665832528 1.0965116620063784 1.0000000180025095e-35 6.1797161102294931 7.3500001430511483 0.20576294511556628 4.3561024665832528 6.3500001430511483 13.799999713897707 5.0625000000000009 0.43928571045398718 6.5499999523162851 5.5750000476837167 13.500000000000002 21.500000000000004 8.4499998092651385 2.1435948610305791 2.1750000715255742 20.050000190734867 2.3000000715255742 2.5000000000000004 0.38194444775581365 19.300000190734867 2.0112181901931767 34.850000381469734 7.4689354896545419 0.25657895207405096 6.8413398265838632
decision_type=2 2 2 2 2 2 2 2 2 2 2 2 2 2 2 2 2 2 2 2 2 2 2 2 2 2 2 2 2 2
left_child=3 2 -2 8 6 -6 -5 -8 -1 -3 11 -11 13 14 28 -16 -13 -18 19 -7 -20 -21 23 24 25 26 -22 -23 29 -9
right_child=1 9 -4 4 5 18 7 12 -10 10 -12 16 -14 -15 15 -17 17 -19 20 21 22 27 -24 -25 -26 -27 -28 -29 -30 -31
leaf_value=-0.018100920516958833 0.02019761417227444 -0.024736844096521864 4.5490624366459562e-05 0.017781010126339092 0.027067940522342133 0.018412890387749483 0.019041098638778921 0.02190060329017313 -5.9779340406235668e-05 -0.015996856041302521 -0.0019884041607229836 -0.012969859174471328 0.022725696368470376 0.011928695087222501 -0.031741439323302562 -0.0065859832647085963 0.014605238382108237 -0.0099452785306099641 -0.014204126691808426 -0.0054303404445593872 0.0046525032604668301 0.0019277526135701485 0.013977910730950538 -0.023414264520020347 -0.0061271897475721638 -0.0062165806503739927 0.029923282245523632 0.019053793521197588 -0.0031696528304117661 0.0042654941449124404
leaf_weight=33.746815860271454 30.247124493122101 15.998480767011641 63.496563225984573 48.243351355195045 12.49932163953781 38.247489422559738 37.497467800974846 23.498254284262657 73.496877536177635 98.24377429485321 966.1990782469511 27.498962566256523 18.498868688941002 73.746300369501114 14.499625012278555 44.747650966048241 33.748487815260887 15.99979294836521 48.748201876878738 85.995160967111588 89.498059257864952 83.244546592235565 28.499338939785957 15.749174520373343 143.49608810245991 45.498608261346817 13.999726340174673 29.747784107923508 108.74279603362083 307.73603165149689
leaf_count=135 121 64 254 193 50 153 150 94 294 393 3865 110 74 295 58 179 135 64 195 344 358 333 114 63 574 182 56 119 435 1231
internal_value=-1.00416e-10 -0.00263506 0.00654773 0.00232278 0.00298137 0.0004932 0.00531527 0.00435911 -0.00573686 -0.00337864 -0.00307935 -0.00908575 0.00342832 0.00280529 0.00145756 -0.0127423 -0.000296132 0.00670942 -4.02083e-05 0.00406579 -0.00256709 0.00130812 -0.000882458 -0.00225641 -0.00111718 0.00370789 0.00807078 0.00643657 0.00336971 0.00551656
internal_weight=2671.11 1251.43 93.7437 1419.68 1312.43 635.224 677.21 628.967 107.244 1157.69 1141.69 175.491 591.47 572.971 499.224 59.2473 77.2472 49.7483 622.724 237.235 385.489 198.987 336.741 308.242 292.492 148.996 103.498 112.992 439.977 331.234
internal_count=10685 5006 375 5679 5250 2541 2709 2516 429 4631 4567 702 2366 2292 1997 237 309 199 2491 949 1542 796 1347 1233 1170 596 414 452 1760 1325
is_linear=0
shrinkage=0.02


Tree=3
num_leaves=31
num_cat=0
split_feature=76 58 58 91 90 93 61 19 54 91 90 93 61 19 54 10 10 35 35 30 65 35 35 30 65 55 77 22 83 30
split_gain=23.2636 31.3251 30.8465 18.111 24.1172 20.7735 19.7096 23.7616 22.2263 18.0635 23.9986 20.8067 19.8778 23.7526 22.6086 18.0485 17.7656 17.3457 23.6672 18.3128 18.443 17.1984 23.7077 18.1663 18.5641 16.6482 16.1534 21.7157 19.9295 23.2947
threshold=1.0000000180025095e-35 1.3016557693481448 1.3016557693481448 48.500000000000007 5.6107993125915536 25.337398529052738 105.50000000000001 8.934763431549074 36.100000381469734 48.500000000000007 5.6107993125915536 25.337398529052738 105.50000000000001 8.934763431549074 36.100000381469734 18.94999980926514 18.94999980926514 0.091286897659301772 0.18291115760803225 0.41683071851730352 3.7692458629608159 0.091286897659301772 0.18291115760803225 0.41683071851730352 3.7692458629608159 20.69999980926514 7.0000000000000009 0.34166666865348821 2.1000000238418584 0.46216082572937017
decision_type=2 2 2 2 2 2 2 2 2 2 2 2 2 2 2 2 2 2 2 2 2 2 2 2 2 2 2 2 2 2
left_child=1 26 -2 4 5 -3 7 8 15 10 11 -4 13 14 16 -6 25 -11 -19 -20 -21 -5 -23 -24 -25 -12 28 -28 -1 -30
right_child=2 3 9 21 6 -7 -8 -9 -10 17 12 -13 -14 -15 -16 -17 -18 18 19 20 -22 22 23 24 -26 -27 27 -29 29 -31
leaf_value=-0.025201860181541066 0.006919452282894669 0.0034035929871472415 -0.003400003581458852 0.016286504046927358 0.010264299671169271 -0.016345723171666902 0.020989744423942296 -0.016155855337190071 0.024761423747909243 -0.016358563998477137 0.0048564708445032866 0.016365327067189461 -0.021007873846843432 0.016195951478401732 -0.02483798112363416 -0.012343848392733128 0.012315030161039329 0.006133781136408699 0.012605956104910766 -0.00022204763290402878 -0.019643269213161185 -0.0061299007846285529 -0.012517772322890071 0.0001876810770714625 0.019672547854566239 -0.01884323454732437 -0.0063527183214405671 0.019644259296971184 -0.023645586951595587 0.008422333805368741
leaf_weight=32.745630666613579 142.73605117201805 675.4341029971838 675.19283048808575 21.24801966547966 51.245008260011673 21.998114019632339 55.241440117359161 15.998742356896399 29.245255842804909 21.24874609708786 18.749261498451233 21.997813314199448 55.245254278182983 15.998880475759504 29.247599065303802 19.498805865645409 19.499157547950745 207.23612666130066 17.49932324886322 38.743891134858131 39.498026072978973 207.23449623584747 17.499061360955238 38.744514897465706 39.497262835502625 32.248482555150986 55.246671050786972 16.748956695199013 14.748533159494398 23.49621108174324
leaf_count=131 571 2702 2701 85 205 88 221 64 117 85 75 88 221 64 117 78 78 829 70 155 158 829 70 155 158 129 221 67 59 94
internal_value=1.38668e-09 0.001866 -0.00186702 0.00292633 0.00443189 0.00278067 0.0111575 0.00647469 0.0100957 -0.0029188 -0.00442311 -0.00277637 -0.0111376 -0.00642639 -0.010055 0.00403292 -0.00392184 0.0011093 0.00233438 -0.0058896 -0.0100263 -0.00110737 -0.00232723 0.00590379 0.0100238 -0.0101301 -0.00697999 -0.00030482 -0.0137497 -0.0039442
internal_weight=2671.01 1335.87 1335.14 1192.88 868.661 697.432 171.229 115.988 99.9891 1192.41 868.179 697.191 170.989 115.743 99.7445 70.7438 70.4969 324.226 302.977 95.7412 78.2419 324.223 302.975 95.7408 78.2418 50.9977 142.986 71.9956 70.9904 38.2447
internal_count=10685 5344 5341 4772 3475 2790 685 464 400 4770 3473 2789 684 463 399 283 282 1297 1212 383 313 1297 1212 383 313 204 572 288 284 153
is_linear=0
shrinkage=0.02


Tree=4
num_leaves=31
num_cat=0
split_feature=78 78 40 28 65 43 35 94 21 80 15 61 65 40 34 56 76 43 34 20 82 91 14 16 15 19 8 8 15 36
split_gain=39.432 18.4495 12.8055 15.7976 16.8713 14.1871 15.5706 15.1149 17.4045 12.5202 13.7468 14.7086 13.0876 13.3614 23.3346 23.5742 22.0025 17.4551 13.2767 13.0813 13.0118 12.7329 11.1561 11.993 13.3409 14.9622 13.6542 12.8695 10.914 11.5227
threshold=-128.99999999999997 105.50000000000001 7.3371486663818368 0.61628785729408275 3.1823090314865117 20.13749980926514 0.12936861068010333 35.909183502197273 4.8250000476837167 7.5000000000000009 6.0499999523162851 21.500000000000004 3.1823090314865117 7.2660167217254648 32.225000381469734 26.899999618530277 1.0000000180025095e-35 20.13749980926514 29.935416221618656 2.2315869331359868 3.6499999761581425 36.500000000000007 0.22932814806699756 23.44999980926514 23.550000190734867 6.9817607402801523 0.49232937395572668 0.27542723715305334 14.650000095367433 17.024999618530277
decision_type=2 2 2 2 2 2 2 2 2 2 2 2 2 2 2 2 2 2 2 2 2 2 2 2 2 2 2 2 2 2
left_child=9 -2 -3 4 -4 6 7 8 -6 19 -11 -12 18 14 -14 28 21 22 -13 -1 -18 -17 23 -15 25 -25 -27 -26 -16 -30
right_child=1 2 3 -5 5 -7 -8 -9 -10 10 11 12 13 17 15 16 20 -19 -20 -21 -22 -23 -24 24 27 26 -28 -29 29 -31
leaf_value=0.020071898975519052 -0.00031351239953929765 -0.0066908077998560616 -0.018372309765288732 0.015124983379005804 0.018880534479560829 -0.017523048595181993 -0.0037880376029140921 0.027727115040273458 -0.010635901792546025 0.023088879548654875 -0.017592087501898043 0.0024234224809189953 0.00010701748214305266 -0.023395432170234265 0.033493096847653697 0.021769151537287285 -0.019618308645264572 0.015523188678047398 0.016500247571516823 0.0025942912774550649 0.0019846490742741179 0.0020316128370486118 0.0092955764150016024 -0.010657258971273514 0.0019568528701365663 0.011802542572868771 -0.010971407938968378 -0.017957570230764254 -0.00021246541287261734 0.026437462306033402
leaf_weight=36.234337359666824 1291.4352768808603 385.17273430526257 22.743618845939636 23.49605356156826 15.496925964951517 15.495923355221747 60.494468256831169 15.493519872426985 16.497761338949203 13.245463833212851 14.247650623321531 54.234459713101387 254.4677392244339 14.497380897402762 19.247838795185089 33.989102810621262 14.748008191585539 19.746034890413284 52.981287598609924 32.488004207611084 45.745099127292633 21.246084555983543 21.496792018413544 31.246368765830994 18.995063975453377 44.993162021040916 13.7482493519783 40.99267540872097 12.498525336384775 13.498704239726065
leaf_count=145 5166 1541 91 94 62 62 242 62 66 53 57 217 1018 58 77 136 59 79 212 130 183 85 86 125 76 180 55 164 50 54
internal_value=6.69932e-10 -0.00162401 -0.00467402 -9.69504e-05 -0.00254292 0.000372705 0.00294081 0.0115126 0.00366066 0.00363631 0.00289321 0.002533 0.00292666 0.00181285 0.00387697 0.00983654 0.00505092 -0.00235562 0.00937957 0.0118095 -0.00328208 0.0141772 -0.00425397 -0.00602492 -0.0043458 0.000524465 0.00647237 -0.0116517 0.0220772 0.0136251
internal_weight=2670.91 1846.33 554.891 169.718 146.222 123.479 107.983 47.4882 31.9947 824.588 755.866 742.62 728.373 621.157 415.441 160.973 115.728 205.716 107.216 68.7223 60.4931 55.2352 185.97 164.473 149.976 89.9878 58.7414 59.9877 45.2451 25.9972
internal_count=10685 7386 2220 679 585 494 432 190 128 3299 3024 2971 2914 2485 1662 644 463 823 429 275 242 221 744 658 600 360 235 240 181 104
is_linear=0
shrinkage=0.02


Tree=5
num_leaves=31
num_cat=0
split_feature=78 78 25 39 93 62 64 49 28 84 37 48 4 57 15 64 80 64 84 35 76 29 55 82 88 0 79 84 84 21
split_gain=37.8737 17.7217 16.1666 17.7842 14.3566 16.9951 18.1884 14.2427 15.314 16.2432 21.0097 28.0804 16.3924 16.3675 15.0074 18.2331 17.7929 13.1835 11.7861 11.5938 11.5899 11.4409 12.3364 13.393 14.9165 11.3216 13.1405 11.1573 11.7134 20.5799
threshold=-128.99999999999997 105.50000000000001 0.25657895207405096 1.875831723213196 12.719461917877199 24.192465782165531 10.798148155212404 2.866071462631226 0.40437763929367071 9.9000000953674334 25.425000190734867 15.587500095367433 0.10555555671453477 5.2999999523162851 10.449999809265138 33.395715713500984 9.3499999046325701 23.210801124572757 10.500000000000002 0.14415156841278079 1.0000000180025095e-35 0.28444975614547735 22.500000000000004 3.4500000476837163 5.1026315689086923 5.5499999523162851 2.7500000000000004 16.899999618530277 9.9000000953674334 8.1500000953674334
decision_type=2 2 2 2 2 2 2 2 2 2 2 2 2 2 2 2 2 2 2 2 2 2 2 2 2 2 2 2 2 2
left_child=2 -2 7 4 5 6 -4 -1 21 14 11 -11 -13 25 -10 -16 -17 -6 -5 20 -15 -9 23 -23 -25 26 -12 28 -3 -30
right_child=1 27 3 18 17 -7 -8 8 9 10 13 12 -14 19 15 16 -18 -19 -20 -21 -22 22 -24 24 -26 -27 -28 -29 29 -31
leaf_value=0.015798832887145349 -0.0003072421198538193 -0.0072748421951521038 0.015874000470889375 -0.02204300221550657 -0.016198775466313899 0.014459730978737283 -0.013744846700278732 0.0099717308307822432 -0.0045232201104752536 0.022866220124737494 -0.0020512039581495637 -0.018692505466375565 -0.0011874096379352593 0.0053196920765414824 0.016074468344547468 0.016499877573855102 -0.0091676719001175157 0.0028430953875872656 -0.0018339145933351129 0.01011636042495483 -0.016256944772150141 -0.014346879036173571 -0.012753152003193284 -0.011646527774332203 0.011809609379170208 0.025329975499685048 0.020306638982877413 -0.020788865415463587 -0.00022686167481358345 -0.026468370036724708
leaf_weight=46.221828103065491 1291.4349698424339 248.1655662804842 12.743960618972777 23.993643432855606 26.492737486958504 51.234692022204399 23.74543234705925 28.485136762261391 23.993759021162987 13.245876193046568 22.494370609521866 36.242771506309509 52.241900593042374 18.742107287049294 131.96140602231026 18.24150413274765 26.491360530257225 32.244756728410721 22.246206998825073 31.241607189178467 21.24671958386898 17.74490088224411 42.487150460481644 14.746111780405043 40.98788645863533 25.242066189646721 19.744996279478073 16.484346747398376 277.68897747993469 12.492137521505354
leaf_count=185 5166 993 51 96 106 205 95 114 96 53 90 145 209 75 528 73 106 129 89 125 85 71 170 59 164 101 79 66 1111 50
internal_value=5.10176e-09 -0.00159158 0.00356395 -0.00150702 0.00190688 0.00703068 -0.00340043 0.00511061 0.00426695 0.00611774 0.00261154 -0.0042919 -0.00835739 0.00767448 0.0103185 0.0123339 0.00129923 -0.00574548 -0.0123203 0.000987595 -0.00614433 -0.00138506 -0.00417466 0.000785613 0.00560358 0.0147329 0.00840008 -0.00458103 -0.00408474 -0.00135654
internal_weight=2670.77 1846.27 824.505 192.701 146.462 87.7241 36.4894 631.803 585.582 441.13 240.442 101.731 88.4847 138.712 200.688 176.694 44.7329 58.7375 46.2399 71.2304 39.9888 144.451 115.966 73.4789 55.734 67.4814 42.2394 554.831 538.347 290.181
internal_count=10685 7386 3299 771 586 351 146 2528 2343 1765 962 407 354 555 803 707 179 235 185 285 160 578 464 294 223 270 169 2220 2154 1161
is_linear=0
shrinkage=0.02


Tree=6
num_leaves=31
num_cat=0
split_feature=78 88 65 88 65 15 76 57 17 56 63 89 80 8 30 59 90 76 8 80 57 17 56 44 59 25 72 84 40 56
split_gain=36.4815 20.2775 19.9584 17.9482 18.0315 17.7134 17.2948 19.4514 21.4201 22.7701 21.487 20.909 19.0269 20.1209 17.7923 17.392 23.6488 17.0086 20.32 17.9384 17.3268 18.5155 24.0146 17.1124 22.088 16.984 16.9139 16.4255 18.1184 20.1286
threshold=-111.99999999999999 1.0965116620063784 4.3561024665832528 1.0965116620063784 4.3561024665832528 6.3500001430511483 1.0000000180025095e-35 6.0999999046325692 8.3499999046325701 39.699998855590827 11.455682277679445 5.9850745201110849 7.3500001430511483 0.20576294511556628 0.34576225280761724 19.379938125610355 3.4622507095336919 1.0000000180025095e-35 0.20912542194128039 7.3500001430511483 6.0999999046325692 8.3499999046325701 38.100000381469734 1.9354729652404787 19.379938125610355 0.43928571045398718 11.416666507720949 6.9000000953674325 7.3827500343322763 34.899999618530281
decision_type=2 2 2 2 2 2 2 2 2 2 2 2 2 2 2 2 2 2 2 2 2 2 2 2 2 2 2 2 2 2
left_child=3 2 -2 4 -1 -3 12 11 15 10 -10 -8 -5 -14 -12 16 26 20 -19 -20 -7 23 -23 -22 -25 -15 -9 -21 29 -29
right_child=1 5 -4 6 -6 17 7 8 9 -11 14 -13 13 25 -16 -17 -18 18 19 27 21 22 -24 24 -26 -27 -28 28 -30 -31
leaf_value=-0.01777737429910025 0.019829115225539682 -0.024118292088800636 8.8014987138153514e-05 0.017170283473070588 -0.00011563172630431546 -0.0030820385702675927 0.025048805047795969 -0.011371008597473736 -0.010897114873271125 -0.014821528028388917 0.0034312511724576456 0.0022103778196204803 0.018345051346391882 0.0026236587435867868 0.024757395887742492 0.010472419615696046 -0.022798883584679394 -0.019630281783109889 -0.017137172937792905 0.00636717143814957 -0.0050891839975049881 -0.0094860885441544578 0.013378878665800288 0.017758348189911177 -0.010927132890991011 0.022098333774457152 0.0099334991166173496 -0.0057565563861211137 0.0013538834621325013 -0.023902510344733216
leaf_weight=33.736879214644432 30.243154495954514 15.990234464406965 63.491521596908569 48.211946412920952 73.486950382590294 349.67839954793453 16.739365845918655 46.243135347962379 19.247479245066643 23.244660869240761 33.994779974222183 380.89814627170563 37.473625525832176 572.83782348036766 28.995372802019119 15.49682880938053 48.24052594602108 36.988766729831696 40.482808783650398 61.736246272921562 24.747249841690063 61.244645461440086 26.248143583536148 76.242011368274689 12.497232049703596 18.490888699889183 21.996259689331055 285.20235671103001 139.72050105035305 26.745033115148544
leaf_count=135 121 64 254 193 294 1399 67 185 77 93 136 1524 150 2292 116 62 193 148 162 247 99 245 105 305 50 74 88 1141 559 107
internal_value=7.77143e-09 -0.0024896 0.00645741 0.0021948 -0.00567272 -0.00321412 0.00283772 0.000466998 -0.00406235 0.00265667 0.00759692 0.00317181 0.00506166 0.00413326 0.013248 -0.00943251 -0.0120807 -0.0029213 -0.00527804 -0.00431959 -0.000392428 0.00428715 -0.00262652 0.00961727 0.0137185 0.00323263 -0.00450372 -0.00330891 -0.00463148 -0.00731231
internal_weight=2670.59 1251.26 93.7347 1419.33 107.224 1157.52 1312.11 635.097 237.459 105.482 82.2376 397.638 677.014 628.802 62.9902 131.977 116.48 1141.53 590.876 553.887 550.658 200.979 87.4928 113.486 88.7392 591.329 68.2394 513.404 451.668 311.947
internal_count=10685 5006 375 5679 429 4631 5250 2541 950 422 329 1591 2709 2516 252 528 466 4567 2364 2216 2203 804 350 454 355 2366 273 2054 1807 1248
is_linear=0
shrinkage=0.02


Tree=7
num_leaves=31
num_cat=0
split_feature=78 78 40 44 35 28 28 29 80 15 61 20 65 54 39 40 34 56 76 43 51 84 84 39 39 62 48 37 29 68
split_gain=35.3917 16.6169 12.0568 17.5328 14.9595 19.0047 13.9837 12.9236 11.5722 13.11 14.1351 12.5559 12.1982 17.4621 15.1722 12.7006 22.0403 22.5972 20.6233 16.6552 11.5267 11.4841 11 12.3359 13.3175 12.2129 12.1873 19.042 15.7148 12.7386
threshold=-128.99999999999997 105.50000000000001 7.3371486663818368 6.9624998569488534 0.12936861068010333 0.61628785729408275 0.40286423265933996 0.34874893724918371 7.5000000000000009 6.0499999523162851 21.500000000000004 2.2315869331359868 3.1823090314865117 29.899999618530277 1.7758792042732241 7.2660167217254648 32.225000381469734 26.899999618530277 1.0000000180025095e-35 20.13749980926514 14.700000286102297 16.899999618530277 9.9000000953674334 1.2820873260498049 1.0902979969978335 24.192465782165531 15.174999713897707 24.658332824707035 0.34433189034461981 9.416666507720949
decision_type=2 2 2 2 2 2 2 2 2 2 2 2 2 2 2 2 2 2 2 2 2 2 2 2 2 2 2 2 2 2
left_child=8 -2 21 4 7 6 -6 -4 11 -10 -11 -1 13 14 -12 16 -14 -18 20 -17 -19 22 23 24 -3 -25 -24 29 -29 -28
right_child=1 2 3 -5 5 -7 -8 -9 9 10 12 -13 15 -15 -16 19 17 18 -20 -21 -22 -23 26 25 -26 -27 27 28 -30 -31
leaf_value=0.019406640890098161 -0.00029488656123134195 -0.0076590981711266931 0.02197861239915078 -0.020646440260935379 0.0077636982688951781 0.014515333132521728 -0.011715634762578845 0.0021564261919382096 0.022462565617642365 -0.017350752260014594 0.011223436054695744 0.0022770529170159939 3.9132015234174346e-05 0.015961943572029333 -0.011819287928437781 -0.0042286760660718145 0.021484535997191401 -0.0014907708535980774 -0.0032569550471892562 0.015093247910445171 0.019166605518950094 -0.024705953527715981 -0.015164446164127947 0.0078328202034273244 -0.031348737140203316 -0.0091047556322685144 0.0097331636728939346 -0.0017587211980234392 -0.020914606462859427 -0.0075524579135710004
leaf_weight=36.197160691022873 1291.3737388700247 18.990529969334602 22.73266538977623 14.986788183450697 19.492096051573753 20.7433250695467 60.480901718139648 31.231999546289444 13.233706340193747 14.245381861925123 22.733888894319534 32.470764547586441 254.42361882328987 61.437629923224449 22.986981347203255 185.92747950553894 45.219912767410278 14.741676732897757 60.481149539351463 19.739174008369446 40.458021253347397 13.223925694823263 26.484121263027191 19.989972531795502 18.97818748652935 114.94250138103962 70.489131316542625 54.485770717263222 24.985857874155045 22.495952233672142
leaf_count=145 5166 76 91 60 78 83 242 125 53 57 91 130 1018 246 92 744 181 59 242 79 162 53 106 80 76 460 282 218 100 90
internal_value=7.46039e-09 -0.00153852 -0.00443359 8.32797e-06 0.00200953 -0.00254323 -0.00696787 0.0105065 0.00344572 0.00273135 0.00237963 0.0113066 0.00276563 0.0089972 -0.000361704 0.00169031 0.00370305 0.0094966 0.00481049 -0.00237422 0.0136498 -0.00639079 -0.00573945 -0.00942931 -0.0195001 -0.00659549 -0.00253256 -0.000592683 -0.00778133 0.00555124
internal_weight=2670.4 1846.11 554.734 169.668 154.681 100.716 79.973 53.9647 824.297 755.629 742.395 68.6679 728.15 107.159 45.7209 620.991 415.324 160.901 115.681 205.667 55.1997 385.066 371.842 172.901 37.9687 134.932 198.941 172.457 79.4716 92.9851
internal_count=10685 7386 2220 679 619 403 320 216 3299 3024 2971 275 2914 429 183 2485 1662 644 463 823 221 1541 1488 692 152 540 796 690 318 372
is_linear=0
shrinkage=0.02


Tree=8
num_leaves=31
num_cat=0
split_feature=78 78 25 40 65 19 14 18 47 94 19 84 14 80 65 65 7 28 76 14 71 46 46 40 51 48 2 80 92 55
split_gain=33.9949 15.964 15.5285 17.2715 15.7741 12.5447 16.3678 13.5923 14.0677 13.8715 11.7746 14.988 14.1511 11.7632 16.8528 13.8594 11.648 13.5291 11.6372 16.3709 14.4757 12.4304 15.727 15.5532 12.7992 17.7281 12.3333 15.3999 14.5393 10.8837
threshold=-128.99999999999997 105.50000000000001 0.25657895207405096 7.4521806240081796 3.0441347360610966 8.4454126358032244 0.14865849167108539 1.0222494602203371 11.012499809265138 22.101020812988285 8.0591554641723651 16.899999618530277 0.13539892435073855 9.4499998092651385 2.8106061220169072 2.6655480861663823 0.61939600110054027 0.44736690819263464 1.0000000180025095e-35 0.080722372978925719 29.633333206176761 35.38750076293946 34.302778244018562 7.2660167217254648 14.500000000000002 21.437500000000004 1.0000000180025095e-35 10.650000095367433 34.841875076293952 11.500000000000002
decision_type=2 2 2 2 2 2 2 2 2 2 2 2 2 2 2 2 2 2 2 2 2 2 2 2 2 2 2 2 2 2
left_child=2 -2 4 -4 13 7 -7 8 -6 -10 11 -3 -12 -1 15 -15 17 -14 19 -9 21 22 23 24 25 29 27 -20 -29 -21
right_child=1 10 3 -5 5 6 -8 18 9 -11 12 -13 16 14 -16 -17 -18 -19 26 20 -22 -23 -24 -25 -26 -27 -28 28 -30 -31
leaf_value=0.024551248113351125 -0.00028898899969072208 -0.0050106454063417937 0.00086242784813894474 -0.016197047832582096 0.012627719655371778 -0.010983688119591764 0.0080000807408201445 0.02433809288937 -0.024084466435410748 0.0014101948778854922 0.010849885232814736 -0.026240850463105092 0.005357894705886458 0.0095659209978932128 0.022686960008350701 -0.015930151803975563 0.010689698005695894 -0.020176020871985997 0.0053795385337862146 0.0095520427550798859 -0.00036557027525682212 -0.0065530739991042997 0.030171835334472284 -0.007864674656799386 0.028589198356845324 -0.0010543979448350651 0.0065397027569300816 -0.0036183170099580099 -0.028815178715006683 0.034505782221820942
leaf_weight=24.938894927501678 1291.3732666522264 449.71666213870049 164.89855109155178 27.73088550567627 12.742671608924864 47.983026266098022 29.236541658639908 25.450495451688766 17.992448464035988 16.243252456188202 41.471986085176468 13.706716656684874 12.991958796977995 22.477202415466309 20.214625969529152 13.742262512445448 13.74407337605953 22.984790980815887 40.232244729995728 15.49159672856331 65.461695462465286 13.9864654392004 18.725245639681816 15.994932919740675 17.971470236778259 31.231255382299423 127.45190779864788 27.494152471423149 13.73724879324436 12.741956189274786
leaf_count=100 5166 1800 660 111 51 192 117 102 72 65 166 55 52 90 81 55 55 92 161 62 262 56 75 64 72 125 510 110 55 51
internal_value=8.89976e-09 -0.00150786 0.00337734 -0.00159345 0.00489351 0.0036779 -0.00379613 0.00489821 -0.00531141 -0.0119884 -0.00434587 -0.00563857 0.00222336 0.0131123 0.00805731 -0.00010771 -0.004972 -0.0109552 0.00602418 0.00926732 0.00726549 0.0112256 0.0134427 0.0100899 0.0137985 0.0093285 0.00265468 -0.00342353 -0.0120133 0.0208138
internal_weight=2670.16 1845.99 824.171 192.629 631.542 550.169 77.2196 472.949 46.9784 34.2357 554.616 463.423 91.1928 81.373 56.4341 36.2195 49.7208 35.9767 425.971 217.055 191.605 126.143 112.156 93.4312 77.4363 59.4648 208.916 81.4636 41.2314 28.2336
internal_count=10685 7386 3299 771 2528 2202 309 1893 188 137 2220 1855 365 326 226 145 199 144 1705 869 767 505 449 374 310 238 836 326 165 113
is_linear=0
shrinkage=0.02


Tree=9
num_leaves=31
num_cat=0
split_feature=78 59 15 88 56 20 65 88 65 15 76 81 27 84 29 64 83 86 15 19 34 56 30 81 20 25 15 9 71 68
split_gain=32.6659 19.5554 25.9377 24.1799 20.6974 19.4466 18.011 17.0797 17.3554 16.5399 17.3955 19.9374 18.9235 18.4194 17.1317 27.432 18.6429 16.4352 16.3748 15.5771 14.9517 21.5583 17.4285 18.8626 20.4741 15.4879 14.8676 14.8066 19.4778 14.6447
threshold=-111.99999999999999 19.14362716674805 24.94999980926514 1.0965116620063784 42.100000381469734 1.9091878533363345 4.3561024665832528 1.0965116620063784 4.3561024665832528 6.3500001430511483 1.0000000180025095e-35 13.250000000000002 1.0000000180025095e-35 6.9000000953674325 0.4455630630254746 17.593979835510257 2.5000000000000004 2.5000000000000004 6.3500001430511483 4.5243778228759775 32.274999618530281 26.899999618530277 0.32743090391159063 13.799999713897707 1.2569553256034853 0.24264705926179889 9.2500000000000018 0.45789526402950292 33.583333969116218 4.2916667461395273
decision_type=2 2 2 2 2 2 2 2 2 2 2 2 2 2 2 2 2 2 2 2 2 2 2 2 2 2 2 2 2 2
left_child=7 2 3 6 18 -3 -2 8 -1 -9 11 19 -12 27 17 26 -17 29 -5 -11 22 -22 -20 25 -25 -24 -16 28 -13 -15
right_child=1 5 -4 4 -6 -7 -8 9 -10 10 12 13 -14 14 15 16 -18 -19 20 -21 21 -23 23 24 -26 -27 -28 -29 -30 -31
leaf_value=-0.017476353132178532 0.020512428255901938 -0.020680934919611919 0.011371344340978076 -0.023528848995747524 0.02245839075235908 -0.0044130392312624264 0.0013530995765193236 0.022320497516274775 -0.00014651758123045909 -0.0058502366671650602 -0.012672661761593153 -0.024599707541097433 0.001003500529428719 -0.019344138562674959 -0.0030570133200699067 0.00099013604019257536 -0.016901615441664183 0.0083529343661742691 0.012626542853724341 0.017379619481737534 -0.013390692783380037 -0.0029405046640313772 -0.018086359895282785 -0.017417872052111334 0.000703016920407079 -0.0011021651569001084 0.016756312408958508 0.0044903387637452571 0.0058345643847665064 0.0088667388659249956
leaf_weight=33.72501614689827 29.733359411358833 42.721437126398087 59.471957296133041 15.973949015140532 12.495602533221243 94.210319250822067 57.736675038933754 16.971447482705116 73.479794844985008 13.737839534878729 43.486220628023148 25.744153007864952 583.48160672187805 16.984497427940372 24.488154515624046 47.47952438890934 45.734458938241005 328.01953180134296 34.742120504379272 72.390076860785484 116.20062194764614 246.40857005119324 48.216567754745483 26.484341040253639 427.85951121151447 38.725363090634346 39.722548127174377 27.978567257523537 12.493565008044241 12.989873290061949
leaf_count=135 119 171 238 64 50 377 231 68 294 55 174 103 2335 68 98 190 183 1313 139 290 465 986 193 106 1712 155 159 112 50 52
internal_value=1.70311e-08 -0.00235602 -0.00147935 -0.00220405 -0.00311483 -0.00948847 0.00786586 0.00207722 -0.00559822 0.00270453 0.0024474 0.00469372 5.49278e-05 0.00336388 0.00463957 -0.000859028 -0.00778826 0.00705753 -0.00344957 0.0136743 -0.00310786 -0.00628934 -0.00110512 -0.00198648 -0.000353275 -0.0105213 0.00920007 -0.00656592 -0.0146558 -0.0071185
internal_weight=2669.89 1250.98 1114.05 1054.58 967.107 136.932 87.47 1418.91 107.205 1311.7 1294.73 667.763 626.968 581.635 515.419 157.425 93.214 357.994 954.611 86.1279 938.637 362.609 576.028 541.286 454.344 86.9419 64.2107 66.2163 38.2377 29.9744
internal_count=10685 5006 4458 4220 3870 548 350 5679 429 5250 5182 2673 2509 2328 2063 630 373 1433 3820 345 3756 1451 2305 2166 1818 348 257 265 153 120
is_linear=0
shrinkage=0.02


Tree=10
num_leaves=31
num_cat=0
split_feature=78 78 76 92 92 20 20 27 27 88 56 60 10 18 79 94 88 63 60 88 16 27 16 88 84 6 19 46 56 36
split_gain=31.928 17.8652 13.475 24.5519 23.4104 21.0705 20.2855 18.895 18.5438 15.9753 17.3508 25.6324 17.9546 16.0506 17.1721 16.8151 15.9238 16.8284 26.4818 19.6635 19.268 15.8026 15.6129 15.3129 21.8583 20.3745 18.9396 18.482 15.0676 15.6017
threshold=-135.49999999999997 105.50000000000001 1.0000000180025095e-35 35.414039611816413 35.414039611816413 1.69409716129303 1.6867120862007143 1.0000000180025095e-35 1.0000000180025095e-35 6.6821050643920907 22.899999618530277 1.218367397785187 12.250000000000002 1.060531795024872 1.6500000357627871 24.163533210754398 6.6821050643920907 11.607433795928957 1.2344010472297671 1.1856158375740053 16.472222328186039 0.14642857760190967 16.472222328186039 5.0403575897216806 11.09999990463257 0.29285715520381933 8.7235307693481463 32.51250076293946 25.10000038146973 14.325000286102297
decision_type=2 2 2 2 2 2 2 2 2 2 2 2 2 2 2 2 2 2 2 2 2 2 2 2 2 2 2 2 2 2
left_child=-1 2 4 5 6 -4 -2 -8 -7 10 11 22 -13 15 -15 -12 17 18 20 -19 -9 -20 -10 24 25 26 28 -26 -16 -30
right_child=1 -3 3 -5 -6 8 7 16 9 -11 13 12 -14 14 23 -17 -18 19 21 -21 -22 -23 -24 -25 27 -27 -28 -29 29 -31
leaf_value=0.0042809111105274944 -0.0072387167098526412 -0.0042017541010973859 0.007299533650554425 -0.011426141120190863 0.011170366626678743 -0.014798507441897389 0.014861320267666242 -0.021605332686176402 0.022207294066863267 -0.016877453535044697 0.032620635045004232 -0.011261707336317405 0.0097692003356881895 -0.016323000701457039 0.027362918103862949 0.0032445258176066385 0.0167909118280191 -0.016051406253786215 0.0022562963839694297 -0.00047593823903468134 0.0086818344714934565 0.017521456500890948 -0.006095000044438692 0.011236348168972151 -0.016993330591537421 -0.018275586479483377 -0.012786844328401714 0.0012886467252350607 -0.01071082343583216 0.012195010796471381
leaf_weight=552.62891155481339 111.96002416312695 554.46259304881096 113.71924072504044 94.721975758671761 94.432978808879852 42.739039808511734 42.73499459028244 20.491534695029259 19.488779589533806 24.493616059422493 13.748348638415338 132.97460636496544 18.496094524860382 21.243729457259178 19.246778190135956 17.996927693486214 24.491323798894882 35.988301232457161 48.239439025521278 327.16989842057228 14.241083890199659 61.976658925414085 12.995308205485342 60.24016597867012 43.744703441858292 12.995999932289122 14.74696861207485 44.742138519883156 14.997214630246161 57.488236024975777
leaf_count=2213 448 2220 455 379 378 171 171 82 78 98 55 532 74 85 77 72 98 144 193 1309 57 248 52 241 175 52 59 179 60 230
internal_value=1.7064e-08 -0.00111748 -2.30356e-05 -0.00188139 0.00183317 -0.000563655 0.000550251 0.00206599 -0.0021259 -0.00110329 -0.000338429 -0.0052363 -0.00869362 0.00246671 0.000986074 0.0159668 0.00103931 0.00028006 0.00604128 -0.00201944 -0.00918697 0.0108402 0.0108849 0.00235709 -0.000214957 0.0053652 0.00825061 -0.0077493 0.0116326 0.0074558
internal_weight=2669.64 2117.01 1562.55 780.82 781.726 686.098 687.293 575.333 572.379 529.64 505.146 183.955 151.471 321.191 289.446 31.7453 532.598 508.107 144.949 363.158 34.7326 110.216 32.4841 268.202 207.962 119.475 106.479 88.4868 91.7322 72.4855
internal_count=10685 8472 6252 3124 3128 2745 2750 2302 2290 2119 2021 736 606 1285 1158 127 2131 2033 580 1453 139 441 130 1073 832 478 426 354 367 290
is_linear=0
shrinkage=0.02


Tree=11
num_leaves=31
num_cat=0
split_feature=78 78 19 84 88 14 29 84 39 48 37 76 8 50 8 91 50 91 59 95 58 88 59 95 58 88 20 88 90 20
split_gain=30.6659 17.1593 13.4273 13.8691 14.194 13.0755 13.8388 12.957 14.1425 13.2166 21.578 12.9424 20.9828 20.0138 19.4227 17.4326 17.2973 18.09 16.8121 19.8132 18.1732 16.607 16.0831 20.2243 18.7549 16.7477 15.1756 17.6778 26.7258 14.6764
threshold=-135.49999999999997 105.50000000000001 8.4454126358032244 16.899999618530277 8.2880845069885272 0.13539892435073855 0.435418650507927 9.9000000953674334 1.2820873260498049 15.174999713897707 24.97500038146973 1.0000000180025095e-35 0.71819421648979198 6.9000000953674325 0.71819421648979198 47.500000000000007 6.9000000953674325 47.500000000000007 6.6602542400360116 8.0227274894714373 1.3016557693481448 1.451680660247803 6.6602542400360116 8.0227274894714373 1.3016557693481448 1.451680660247803 1.6867120862007143 5.0073528289794931 6.8601627349853525 1.6867120862007143
decision_type=2 2 2 2 2 2 2 2 2 2 2 2 2 2 2 2 2 2 2 2 2 2 2 2 2 2 2 2 2 2
left_child=2 11 3 4 7 -4 -7 8 -1 -9 -11 12 16 14 18 -15 22 -18 19 21 -20 -13 23 25 -24 -2 -22 28 -28 -26
right_child=1 -3 5 -5 -6 6 -8 9 -10 10 -12 13 -14 15 -16 -17 17 -19 20 -21 26 -23 24 -25 29 -27 27 -29 -30 -31
leaf_value=0.018527785436993953 -0.0072752030045740339 -0.0041180600060321303 -0.013131800762309263 0.024341560514263182 0.023952234782591182 0.013666224245613895 -0.0106933580082232 0.013976174540299037 0.0052795302071239961 -0.0071440225250890442 0.0055023101892412822 0.0069462366025627711 -0.020525330196455506 -0.017884090655757589 0.021044717174130857 0.0014688516715088088 0.017773742458943406 -0.0019981609550611618 0.010882123802095498 -0.031380078827080618 0.0057920085137511054 -0.015129702455354601 -0.011026563152139767 0.031374283148646702 -0.0056530250016346689 0.014894280549713342 -0.0034763051745120193 0.0047156511662483531 -0.02635230220814179 0.0028028559198436244
leaf_weight=39.952558100223541 24.990809291601181 554.41713450849056 32.97474117577076 14.982897654175757 14.968645408749579 23.465888097882271 15.484296992421148 27.949886173009872 166.75767961144447 104.92758069932461 111.1254788339138 24.988168746232986 16.489221185445786 53.725462436676025 15.988060951232908 28.49083885550499 53.710759311914444 28.242722824215889 53.985778003931046 14.496279850602148 99.975019589066505 29.988705649971962 54.226309731602669 14.493214935064314 99.961516946554184 29.983734175562859 339.15029412508011 98.225632235407829 21.73758490383625 459.58324865996838
leaf_count=160 100 2220 132 60 60 94 62 112 668 420 445 100 66 215 64 114 215 113 216 58 400 120 217 58 400 120 1357 393 87 1839
internal_value=1.77918e-08 -0.00109521 0.00419559 0.00540158 0.0047922 -0.00386385 0.00398229 0.00415588 0.00784013 0.00103472 -0.000639464 -2.25746e-05 0.00179661 -0.00184393 -0.000745371 -0.0111776 0.00227763 0.01096 -0.00125578 -0.0105802 -0.000199146 -0.00509571 0.0012362 0.0103571 0.000203872 0.00481628 -0.00126916 -0.00280677 -0.00485421 0.00129223
internal_weight=2669.44 2116.85 552.59 480.665 465.682 71.9249 38.9502 450.713 206.71 244.003 216.053 1562.43 781.682 780.752 698.536 82.2163 765.192 81.9535 682.547 69.4732 613.074 54.9769 683.239 69.4678 613.771 54.9745 559.089 459.114 360.888 559.545
internal_count=10685 8472 2213 1925 1865 288 156 1805 828 977 865 6252 3128 3124 2795 329 3062 328 2731 278 2453 220 2734 278 2456 220 2237 1837 1444 2239
is_linear=0
shrinkage=0.02


Tree=12
num_leaves=31
num_cat=0
split_feature=78 25 39 78 93 63 62 63 7 49 81 7 39 82 28 57 60 89 41 83 85 40 44 25 28 54 79 74 31 19
split_gain=29.5727 14.7399 16.9112 13.699 13.5483 21.0564 13.8045 14.3062 12.8518 15.4426 15.8007 13.2767 15.283 15.0281 17.0234 13.1765 12.8198 17.2386 22.0212 13.8178 12.5503 11.3297 16.8269 12.1183 18.3695 10.5251 10.425 10.4044 10.6756 10.6213
threshold=-128.99999999999997 0.25657895207405096 1.875831723213196 105.50000000000001 13.432467460632326 19.543562889099125 24.192465782165531 6.578608751296998 0.40787267684936529 5.0625000000000009 14.550000190734865 0.36669392883777624 2.0121505260467534 4.0499999523162851 0.3922495841979981 8.0999999046325701 1.9463063478469851 17.015625000000004 2.4796673059463505 2.3000000715255742 24.899999618530277 7.3371486663818368 6.9624998569488534 0.26969698071479803 0.40286423265933996 28.500000000000004 2.8500000238418584 4.2916667461395273 16.875000000000004 8.6478319168090838
decision_type=2 2 2 2 2 2 2 2 2 2 2 2 2 2 2 2 2 2 2 2 2 2 2 2 2 2 2 2 2 2
left_child=1 8 4 -2 6 -6 7 -3 11 10 -10 12 -1 14 -13 16 -11 18 -18 -19 -12 -5 23 24 -23 -20 -8 29 -29 -14
right_child=3 2 -4 21 5 -7 26 -9 9 15 20 13 27 -15 -16 -17 17 19 25 -21 -22 22 -24 -25 -26 -27 -28 28 -30 -31
leaf_value=-0.0043323290659033134 -0.00027727772698068153 0.013982784065063076 -0.012238537283705817 -0.0059341888346563787 -0.014084467294509292 0.01582481378322342 0.017334618665163545 -0.011778340181947991 0.019914066399931901 0.01478738425618501 0.0056593583362363068 -0.016036767833196228 0.0085809236066908025 -0.014419594386180276 0.012431822479597759 0.010624471371581188 0.0043106794359055621 -0.0085675611712804772 -0.0027843678122972267 0.018013794765718481 0.024538166192148644 0.011235788214281402 -0.019975625466618432 0.016975266894135935 -0.0047804322848282871 -0.024330641147326075 -0.0023156609208347515 0.03149839793429321 0.0062872724348431918 -0.011761441623818559
leaf_weight=52.93191322684288 1291.1389099806547 12.968492552638052 46.22096985578537 384.78304290771484 38.225383475422859 12.492203667759894 42.446223706007004 25.733186632394791 52.109870597720146 17.229611039161682 157.31939700245857 12.482068121433256 57.898041099309921 39.964360892772675 25.70249605178833 53.933750510215759 28.972996160387993 12.481740728020666 12.739103302359579 20.955791369080544 15.470334917306898 41.215630933642387 14.970369085669516 19.487325400114059 93.911480873823166 31.474363937973976 14.484599620103834 14.219156816601755 12.736139386892317 12.479786708950995
leaf_count=212 5166 52 185 1541 153 50 170 103 209 69 630 50 232 160 103 216 116 50 51 84 62 165 60 78 376 126 58 57 51 50
internal_value=2.10893e-08 0.00315116 -0.00169229 -0.00140637 0.00163848 -0.00671754 0.00607 -0.00314608 0.00462907 0.00677858 0.0102608 0.000839542 0.00431688 -0.0058467 0.00312579 0.00237354 -0.00121944 -0.00380602 -0.00924172 0.00809136 0.00734963 -0.00403606 0.000270736 0.00223107 0.000104736 -0.0181226 0.0123351 0.00902051 0.0195864 0.0049737
internal_weight=2669.18 823.672 192.571 1845.51 146.35 50.7176 95.6325 38.7017 631.101 402.687 224.9 228.414 150.265 78.1489 38.1846 177.787 123.854 106.624 73.1865 33.4375 172.79 554.368 169.585 154.614 135.127 44.2135 56.9308 97.3331 26.9553 70.3778
internal_count=10685 3299 771 7386 586 203 383 155 2528 1613 901 915 602 313 153 712 496 427 293 134 692 2220 679 619 541 177 228 390 108 282
is_linear=0
shrinkage=0.02


Tree=13
num_leaves=31
num_cat=0
split_feature=78 78 19 84 14 88 76 93 43 50 8 91 93 43 50 8 91 88 59 58 59 27 88 90 13 79 27 7 74 20
split_gain=28.5017 15.7904 12.8004 16.0066 13.8424 13.3277 12.4284 20.7512 21.5162 22.0958 19.9882 19.9784 19.8015 23.4893 22.7151 19.89 19.8763 16.4186 19.3244 15.4574 22.0786 14.3622 14.1577 26.2542 17.0952 14.4206 13.9319 14.5066 27.8404 15.9765
threshold=-135.49999999999997 105.50000000000001 8.0591554641723651 16.899999618530277 0.13539892435073855 7.8032259941101083 1.0000000180025095e-35 5.8928570747375497 5.2124998569488534 6.9000000953674325 0.6865084469318391 47.500000000000007 5.8928570747375497 5.2124998569488534 6.9000000953674325 0.6865084469318391 47.500000000000007 1.0965116620063784 6.6602542400360116 1.2875939607620241 6.6602542400360116 1.0000000180025095e-35 5.0403575897216806 6.8601627349853525 35.750000000000007 1.9499999880790713 1.0000000180025095e-35 0.47393155097961431 7.8333332538604745 1.7392473816871645
decision_type=2 2 2 2 2 2 2 2 2 2 2 2 2 2 2 2 2 2 2 2 2 2 2 2 2 2 2 2 2 2
left_child=2 6 3 5 -4 -1 7 -2 -9 10 17 -11 -8 -14 15 19 -16 -10 -19 -15 -21 -20 23 26 25 -24 -22 28 29 -28
right_child=1 -3 4 -5 -6 -7 12 8 9 11 -12 -13 13 14 16 -17 -18 18 21 20 22 -23 24 -25 -26 -27 27 -29 -30 -31
leaf_value=0.00403852550740355 -0.015817215603499277 -0.0039559786656857242 -0.01134055116656185 0.026678234725712607 0.0043498061335511479 0.021629952341138577 0.015443272814829814 0.024788250064566898 -0.011121732815881347 0.019319733148602202 -0.022783607225922799 -0.0015933431787312502 -0.026008479128072467 0.0074809325279663989 -0.019454849258339183 0.022724673378330864 0.0014040672111816205 0.016161702907227252 0.011626284746785915 -0.021373121069415812 -0.015143208202770276 0.000134852503235018 -0.0083473608559090796 -0.023611980584420988 -0.0077209731452787204 0.013092044966926364 0.015598446497763688 -0.0035529814221226851 0.029015319142756266 -0.003399638428342525
leaf_weight=430.06032101809978 25.9847082644701 554.27985623478889 41.44803860783577 13.714442819356917 49.173787266016006 17.945947796106339 25.726043984293938 16.730974704027176 40.727898776531219 50.937132209539413 14.242764517664908 28.492734283208847 16.488993853330612 73.217839166522026 50.958748698234558 14.241104573011397 28.488818377256393 36.220385894179344 47.469562605023384 23.239359185099602 29.735143482685089 520.7921330332756 15.244292706251143 23.719475999474525 32.489034041762352 70.984677776694298 22.995442688465118 259.66255444288254 16.494860738515854 76.975863441824913
leaf_count=1723 104 2220 166 55 197 72 103 67 163 204 57 114 66 293 204 57 114 145 190 93 119 2084 61 95 130 284 92 1039 66 308
internal_value=3.02007e-08 -0.00105579 0.00404588 0.00539473 -0.00282655 0.00474319 -2.68263e-05 0.00175597 0.00236029 0.00185244 0.000652119 0.0118179 -0.00181176 -0.00239976 -0.00187259 -0.000654653 -0.0119751 0.00116945 0.00199759 -0.00117104 -0.00227941 0.00109479 -0.00147014 -0.00315962 0.00464326 0.0093018 -0.00196434 -0.000922475 0.00494227 0.000970309
internal_weight=2668.88 2116.54 552.343 461.721 90.6218 448.006 1562.26 781.598 755.614 738.883 659.453 79.4299 780.662 754.936 738.447 659 79.4476 645.21 604.482 644.759 571.541 568.262 548.301 429.583 118.718 86.229 405.864 376.129 116.466 99.9713
internal_count=10685 8472 2213 1850 363 1795 6252 3128 3024 2957 2639 318 3124 3021 2955 2637 318 2582 2419 2580 2287 2274 2194 1719 475 345 1624 1505 466 400
is_linear=0
shrinkage=0.02


Tree=14
num_leaves=31
num_cat=0
split_feature=78 59 15 88 56 54 65 83 59 15 88 56 54 43 16 65 3 13 89 15 48 29 41 81 61 68 13 48 88 23
split_gain=27.526 18.7127 25.0761 23.1791 19.5655 18.7671 17.2611 17.1378 16.0499 22.7133 20.2136 17.1052 15.7776 16.2154 15.6788 15.5198 15.3889 15.297 15.2757 15.0855 13.864 17.2495 23.9024 16.7192 13.2413 13.3543 12.3176 12.1277 15.0873 17.998
threshold=-111.99999999999999 19.14362716674805 24.94999980926514 1.0965116620063784 42.100000381469734 35.100000381469734 4.3561024665832528 3.6999999284744267 19.14362716674805 24.94999980926514 1.0965116620063784 42.300001144409187 35.100000381469734 19.037499427795414 11.84999990463257 4.3561024665832528 0.36666667461395269 30.349999427795414 19.512854576110843 6.3500001430511483 14.837500095367433 0.51377236843109142 1.9348770380020144 11.550000190734865 29.500000000000004 15.416666507720949 37.45000076293946 18.412499427795414 2.1305539608001713 0.19375000149011615
decision_type=2 2 2 2 2 2 2 2 2 2 2 2 2 2 2 2 2 2 2 2 2 2 2 2 2 2 2 2 2 2
left_child=8 2 3 6 14 -3 -2 18 9 10 15 19 -10 -14 -5 -1 17 24 -7 -12 -19 23 -23 -22 -16 -26 -4 -25 -29 -30
right_child=1 5 26 4 -6 7 -8 -9 12 -11 11 -13 13 -15 16 -17 -18 20 -20 -21 21 22 -24 27 25 -27 -28 28 29 -31
leaf_value=-0.018028375922593005 0.020227189519672232 -0.0016830437162006146 0.016025975962169859 -0.023050107061839041 0.021960734370668592 -0.010673266619418992 0.0014668444705443939 0.0030536264246629279 0.001497732071996479 -0.010231870006232283 0.021588251502504527 -0.018662384735958583 -0.00092992971144207823 0.019431126122132995 0.019087080645605731 -0.0012298832677140946 -0.021630524163247143 -0.024448722198423437 -0.031825601798482407 0.002561745480312599 -0.022698155848207471 -0.011461173784861214 0.015391841168127482 0.012438388288190716 -0.00097278022192456696 0.01817956176551655 -0.0063193861991222323 -0.013882312136366018 -0.0025375377182912072 -0.020603292147615974
leaf_weight=33.201406896114349 29.717709839344025 67.94060792028904 46.967413306236267 15.710663512349127 12.488890916109083 26.475079610943794 57.721056923270226 14.232239603996275 78.416190475225449 66.422938019037247 16.934459164738655 14.975382700562475 21.210066214203835 59.633905947208405 14.989210933446882 65.201257929205894 17.230653822422028 13.736586079001425 28.206247761845589 1062.0658440738916 21.213603422045708 20.229166612029076 38.481935173273087 16.234517633914948 326.48490892350674 15.242367416620253 12.492148488759993 67.458643510937691 363.74189257621765 23.482385843992233
leaf_count=133 119 272 188 63 50 106 231 57 314 266 68 60 85 239 60 261 69 55 113 4253 85 81 154 65 1307 61 50 270 1456 94
internal_value=3.16171e-08 -0.00216306 -0.00130539 -0.00201816 -0.00291007 -0.00914217 0.0078429 -0.016496 0.00190749 0.00115067 0.00178475 0.00256573 0.00788946 0.0140892 -0.00323558 -0.00689775 -0.00290389 -0.00255365 -0.0215843 0.00286036 -0.00460214 -0.00410721 0.00613952 -0.00532964 0.000688507 -0.000118511 0.0113313 -0.00454724 -0.00515371 -0.0036331
internal_weight=2668.54 1250.48 1113.62 1054.16 966.725 136.854 87.4388 68.9136 1418.06 1258.8 1192.38 1093.98 159.26 80.844 954.237 98.4027 938.526 921.295 54.6813 1079 564.579 550.842 58.7111 492.131 356.716 341.727 59.4596 470.917 454.683 387.224
internal_count=10685 5006 4458 4220 3870 548 350 276 5679 5041 4775 4381 638 324 3820 394 3757 3688 219 4321 2260 2205 235 1970 1428 1368 238 1885 1820 1550
is_linear=0
shrinkage=0.02


Tree=15
num_leaves=31
num_cat=0
split_feature=78 76 90 27 58 91 50 80 84 19 94 35 41 13 13 86 58 59 29 28 15 41 63 41 41 26 46 85 20 82
split_gain=26.8552 15.0677 24.2044 26.7836 24.069 19.322 23.7906 22.8666 22.0091 26.5215 18.8373 19.8755 18.7305 17.8918 22.5374 17.6863 17.2463 19.3356 22.9402 18.7254 17.2228 17.0403 16.6039 26.0744 16.8396 17.4585 16.0514 15.2528 15.5052 18.545
threshold=-135.49999999999997 1.0000000180025095e-35 5.582630157470704 1.0000000180025095e-35 1.3016557693481448 48.500000000000007 6.9000000953674325 8.5500001907348651 6.9000000953674325 7.8628876209259042 19.616025924682621 0.091286897659301772 2.8416532278060918 30.849999427795414 36.149999618530281 6.0999999046325692 1.2875939607620241 6.6602542400360116 0.52561286091804515 1.1076142191886904 9.4499998092651385 2.0121505260467534 11.156412124633791 2.9410878419876103 3.3466397523880009 0.23611111193895343 26.962500572204593 27.899999618530277 1.6867120862007143 4.1499998569488534
decision_type=2 2 2 2 2 2 2 2 2 2 2 2 2 2 2 2 2 2 2 2 2 2 2 2 2 2 2 2 2 2
left_child=-1 2 3 -2 21 6 7 -6 -9 27 26 -12 -11 -4 15 -15 19 18 -18 -5 -20 -3 24 -24 25 -23 -7 28 29 -10
right_child=1 4 13 16 5 10 -8 8 9 12 11 -13 -14 14 -16 -17 17 -19 20 -21 -22 22 23 -25 -26 -27 -28 -29 -30 -31
leaf_value=0.0039278189398880333 0.012956456371864275 0.025870927447049941 0.029353799137702835 -0.013835093726100145 -0.013517876787820252 0.0050591665357818186 -0.015913643110821545 0.010252642705289692 -0.0082703192460262271 0.011767247918442712 -0.016515093768189385 0.0056436186129351683 -0.0094025020332096174 0.0040341795994385844 0.016409468063348746 -0.016837364027013108 0.03084898472405926 -0.0014417213266862175 -0.010625396712008324 0.0069133981394550103 0.019791173618982364 -0.0068364459699138715 -0.0092334110012507273 0.021764397462304047 -0.01863975675780968 0.021673947231551471 -0.017101374873004886 -0.02785802956737805 -0.0074846610031407482 0.011047809229570237
leaf_weight=552.19371092319489 53.45289520919323 14.727002546191214 13.489526584744452 80.153516545891762 89.62084898352623 20.228286698460579 77.863853931427002 48.469202980399132 35.952304318547249 63.21133591234684 17.729776352643967 186.62935310602188 22.7289087921381 104.14994920790195 52.648460686206818 19.240141451358795 16.480253651738167 647.05500021576881 18.469701603055004 22.222541034221649 12.476406261324881 22.983841478824615 16.240162312984467 32.73173962533474 20.986963227391243 13.71981070935726 36.967037498950958 12.478213042020796 298.49955093860626 44.456193342804909
leaf_count=2213 214 59 54 321 359 81 312 194 144 253 71 747 91 417 211 77 66 2590 74 89 50 92 65 131 84 55 148 50 1195 178
internal_value=2.43632e-08 -0.00102495 0.000692003 -0.000748594 -0.00268385 -0.00375028 -0.00549779 -0.00417995 -0.00258832 -0.00389223 0.000881679 0.00372117 0.00616841 0.00715518 0.00545414 0.000779693 -0.00166792 -0.000538242 0.0117883 -0.00933127 0.00163752 0.0057046 0.00292021 0.0114848 -0.00435005 0.00382073 -0.00926385 -0.00610134 -0.00538485 0.00241027
internal_weight=2668.26 2116.06 1039.84 850.31 1076.22 954.835 693.28 615.417 525.796 477.327 261.554 204.359 85.9402 189.528 176.039 123.39 796.857 694.481 47.4264 102.376 30.9461 121.39 106.663 48.9719 57.6906 36.7037 57.1953 391.386 378.908 80.4085
internal_count=10685 8472 4163 3404 4309 3823 2776 2464 2105 1911 1047 818 344 759 705 494 3190 2780 190 410 124 486 427 196 231 147 229 1567 1517 322
is_linear=0
shrinkage=0.02


Tree=16
num_leaves=31
num_cat=0
split_feature=78 59 15 88 56 20 20 59 15 88 20 56 20 15 54 43 15 34 56 30 81 20 35 25 16 62 35 76 46 39
split_gain=25.9001 17.8946 23.8242 22.0882 18.7615 18.2329 17.026 15.2981 21.9363 19.3532 17.6945 16.3104 15.9904 15.2703 14.7287 18.4886 14.4903 14.2062 20.3524 15.9477 17.6409 19.3797 16.7214 14.8534 14.3679 19.506 16.7199 21.9021 16.1291 13.9215
threshold=-111.99999999999999 19.14362716674805 24.94999980926514 1.0965116620063784 42.100000381469734 1.9091878533363345 2.2759571075439458 19.14362716674805 24.94999980926514 1.0965116620063784 1.9091878533363345 42.300001144409187 2.2759571075439458 6.3500001430511483 35.100000381469734 19.087500572204593 6.3500001430511483 32.274999618530281 26.899999618530277 0.32743090391159063 13.799999713897707 1.2569553256034853 0.12569113075733188 0.24264705926179889 29.849999427795414 30.924289703369144 0.13599263131618503 1.0000000180025095e-35 33.987499237060554 2.0046807527542119
decision_type=2 2 2 2 2 2 2 2 2 2 2 2 2 2 2 2 2 2 2 2 2 2 2 2 2 2 2 2 2 2
left_child=7 2 3 6 13 -3 -2 8 9 12 -9 16 -1 -5 -7 -16 -11 19 -19 -15 23 -22 -23 -21 25 -20 27 28 -26 -29
right_child=1 5 -4 4 -6 14 -8 10 -10 11 -12 -13 -14 17 15 -17 -18 18 24 20 21 22 -24 -25 26 -27 -28 29 -30 -31
leaf_value=-0.017276140694145528 0.018883816611271708 -0.019773527983248624 0.011058975465552033 -0.02256377619289078 0.021536252307085824 0.0036299549632755695 0.00072287731300763926 0.017974133351595593 -0.010075328565900958 0.021154726133178363 0.0033679973171164561 -0.018234058632653934 -0.00057820162276950055 0.012275577131716476 0.0071821237512010219 -0.020598453061603565 0.0024941720925857223 -0.012819301642610951 -0.016030839187304986 -0.017379437808352528 -0.016737828826875488 0.015568716740683426 -0.00016447784572529378 -0.00073789853273468261 -0.0073935888187184043 0.010686182226184834 -0.013393151512330639 -0.024756262157622722 0.015694411010488157 -0.0030340173690663404
leaf_weight=36.432644993066788 33.451856940984726 42.648521393537521 59.444808006286621 15.926084220409392 12.481607660651205 48.707703143358231 53.951603502035141 47.127105847001076 66.414058402180672 16.910245299339294 112.07177145779133 14.969763427972792 61.942727535963058 34.731712237000465 13.733960047364233 31.701482206583023 1061.9108503013849 116.11049464344978 13.740079224109648 48.146019369363785 26.454081788659096 28.985238596796989 398.68511910736561 38.696586817502975 17.990362122654915 53.462168946862221 68.420944631099701 16.97759211063385 36.984795212745667 38.709105357527733
leaf_count=146 134 171 238 64 50 195 216 189 266 68 449 60 248 139 55 127 4253 465 55 193 106 116 1596 155 72 214 274 68 148 155
internal_value=2.16303e-08 -0.00209853 -0.00125979 -0.00195462 -0.00282533 -0.00892501 0.0076736 0.00185044 0.00111156 0.00173477 0.0076918 0.00249898 -0.00676217 -0.00314405 -0.00401044 -0.0122011 0.00278667 -0.00281436 -0.00591644 -0.000861647 -0.0017051 -0.000125727 0.000901835 -0.00996406 -0.0026621 0.00522366 -0.00562129 -0.000816041 0.00813897 -0.00965663
internal_weight=2667.92 1250.14 1113.35 1053.91 966.502 136.792 87.4035 1417.78 1258.58 1192.17 159.199 1093.79 98.3754 954.02 94.1431 45.4354 1078.82 938.094 362.396 575.699 540.967 454.124 427.67 86.8426 246.285 67.2022 179.083 110.662 54.9752 55.6867
internal_count=10685 5006 4458 4220 3870 548 350 5679 5041 4775 638 4381 394 3820 377 182 4321 3756 1451 2305 2166 1818 1712 348 986 269 717 443 220 223
is_linear=0
shrinkage=0.02


Tree=17
num_leaves=31
num_cat=0
split_feature=78 76 93 0 43 90 27 8 42 23 80 43 72 88 88 55 48 39 74 42 80 85 26 57 65 26 10 27 7 91
split_gain=25.2835 14.31 23.3844 20.4754 19.4841 21.2434 27.7294 19.3105 16.8338 16.6014 15.5556 15.1228 14.9154 14.7316 15.6334 20.0658 15.8702 14.6972 20.6659 23.8683 20.355 16.1149 14.3344 13.8736 21.2292 18.0746 16.4438 13.8382 13.9905 13.7925
threshold=-135.49999999999997 1.0000000180025095e-35 5.8928570747375497 6.5499999523162851 5.2124998569488534 5.582630157470704 1.0000000180025095e-35 0.22259107977151874 6.8374998569488534 0.095454547554254546 7.3500001430511483 15.437500000000002 31.750000000000004 6.1735479831695566 1.0965116620063784 10.900000095367433 15.887499809265138 1.5552305579185488 5.2916667461395273 2.4522727727890019 7.0499999523162851 24.300000190734867 0.10818713530898096 4.7000000476837167 4.4845826625823983 0.20526316016912463 12.84999990463257 0.14642857760190967 0.37499102950096136 47.500000000000007
decision_type=2 2 2 2 2 2 2 2 2 2 2 2 2 2 2 2 2 2 2 2 2 2 2 2 2 2 2 2 2 2
left_child=-1 2 -2 7 -4 6 -6 -3 10 12 -9 -11 -7 14 15 16 -12 -8 19 -19 -21 23 -17 25 26 27 -25 28 -22 -5
right_child=1 3 4 29 5 9 17 8 -10 11 13 -13 -14 -15 -16 22 -18 18 -20 20 21 -23 -24 24 -26 -27 -28 -29 -30 -31
leaf_value=0.0038115559636943291 -0.015775730554843211 -0.011621473721696932 0.021176662431070702 -0.014722468989681053 0.013763776091299201 0.012981180288918013 -0.0053924330218227505 -0.010790848443466712 0.021810630295493644 0.017132424266001263 0.013310686002854762 -0.0075751996189737008 -0.0099959704846351791 0.017647476369761918 -0.0016927252978891848 0.027068834792689109 -0.015077437826997506 0.016314050776497637 -0.0074787603931087609 0.025633495815837626 -0.0038339665903834776 0.013160306691029978 0.0025940406226871073 -0.0029299591570083783 -0.0019045393599707262 0.011562787865668911 0.024632149546531174 -0.0048969427091826263 -0.030930142636662401 -0.00070159168818356298
leaf_weight=552.06652963161469 33.436709225177765 71.141120076179504 19.205896854400635 85.799254059791565 50.4381452947855 118.79448010027409 260.49186608195305 61.856623932719231 12.990568220615385 12.731766387820242 13.223219558596609 44.693139523267746 12.488600969314573 17.727468952536583 711.74092169106007 24.474539220333099 19.483721658587456 44.963231578469276 102.68435704708099 12.716210529208182 12.738827347755434 32.706680089235306 15.720005765557287 12.987037956714628 102.19504669308662 20.7178795337677 25.977456986904144 100.6643284112215 18.976724937558174 41.705631256103516
leaf_count=2213 134 285 77 344 202 476 1043 248 52 51 53 179 50 71 2850 98 78 180 411 51 51 131 63 52 409 83 104 403 76 167
internal_value=1.13626e-08 -0.000994673 0.000678687 -0.00261164 0.00122549 0.000837253 -0.000589388 -0.00159996 -0.000787227 0.00687212 -0.0011269 -0.00209723 0.0107954 -0.000381888 -0.000789227 0.00803168 -0.00360029 -0.00155746 0.000492445 0.00262044 0.000807823 -0.000157692 0.0174968 -0.00163799 0.00288464 -0.00580795 0.0154456 -0.00852653 -0.0200467 -0.0101364
internal_weight=2667.54 2115.47 1039.61 1075.86 1006.17 986.966 798.258 948.358 877.217 188.708 864.227 57.4249 131.283 802.37 784.642 72.9015 32.7069 747.82 487.328 384.643 339.68 326.964 40.1945 294.257 141.16 153.098 38.9645 132.38 31.7156 127.505
internal_count=10685 8472 4163 4309 4029 3952 3196 3798 3513 756 3461 230 526 3213 3142 292 131 2994 1951 1540 1360 1309 161 1178 565 613 156 530 127 511
is_linear=0
shrinkage=0.02


Tree=18
num_leaves=31
num_cat=0
split_feature=78 59 56 76 54 85 0 59 56 20 38 49 81 42 25 32 60 20 32 0 19 31 10 10 81 91 37 41 20 34
split_gain=24.4405 17.1734 22.547 19.1558 17.4566 16.3204 14.809 14.7422 19.4583 17.0284 13.7777 16.107 21.2262 21.0808 17.6194 16.5672 14.4923 13.8245 13.322 13.0863 12.9245 28.2718 14.6141 12.7864 12.5706 16.4127 14.0161 18.2289 12.9059 13.1867
threshold=-111.99999999999999 19.14362716674805 39.899999618530281 1.0000000180025095e-35 35.100000381469734 22.10000038146973 9.2500000000000018 19.14362716674805 39.899999618530281 1.9091878533363345 9.9249997138977069 5.0625000000000009 14.550000190734865 6.1124999523162851 0.29285715520381933 1.2250000238418581 1.3922809362411501 1.1269078254699709 2.5249999761581425 9.2500000000000018 7.6174142360687265 17.125000000000004 13.650000095367433 20.250000000000004 14.750000000000002 22.500000000000004 19.024999618530277 3.7193748950958256 2.5436164140701298 33.725000381469734
decision_type=2 2 2 2 2 2 2 2 2 2 2 2 2 2 2 2 2 2 2 2 2 2 2 2 2 2 2 2 2 2
left_child=7 2 6 -4 -3 -6 10 8 19 -9 11 12 13 14 15 -2 -13 -14 -17 23 24 22 -22 -1 25 -18 -26 28 -28 -30
right_child=1 4 3 -5 5 -7 -8 9 -10 -11 -12 16 17 -15 -16 18 20 -19 -20 -21 21 -23 -24 -25 26 -27 27 -29 29 -31
leaf_value=0.0015672807550732354 0.00054229095520340234 -0.0015348873886493631 0.028073893554859113 0.00070551503745136751 -0.021289528708627232 0.0015463378810632736 -0.021879439696108761 0.017625301166569397 -0.011396539472351124 0.0032919587462883347 -0.0098424122326362003 -0.012743891597333674 -0.01584684269483299 0.014258333488578634 -0.00042407174944569272 -0.033536786569342371 -0.003035829815483791 -0.00016122319350917475 -0.015145147846695937 0.019283716023687576 0.019583350887371717 0.034535211102957132 -0.0051985285346178587 -0.016304416594854852 0.015107914797574918 0.017587457095965417 0.0016623698236048114 0.019816762433306302 -0.0045062857822868339 -0.021384055277853857
leaf_weight=1177.5199497938156 15.955075412988661 67.90844352543354 18.957872629165649 22.2192213088274 52.349593102931976 16.453098520636559 14.458134338259695 47.087299063801765 48.146797940135002 112.04528488218784 73.674764707684517 24.205498591065407 23.694077327847481 12.728360548615454 32.668329536914825 25.42292682826519 25.456247225403786 436.95245204865932 41.421965643763542 16.452555596828461 14.491334840655325 15.984590873122213 27.736887142062187 16.233852565288544 21.22563824057579 39.212256506085396 103.9070743471384 14.487247020006178 84.440359205007553 23.717852637171745
leaf_count=4717 64 272 76 89 210 66 58 189 193 449 295 97 95 51 131 102 102 1750 166 66 58 64 111 65 85 157 416 58 338 95
internal_value=1.10176e-08 -0.00203894 -0.00121727 0.0133059 -0.00872854 -0.0158287 -0.0017752 0.00179766 0.00107234 0.00753319 -0.00150031 -0.000875527 -0.00297122 -0.0101692 -0.0128619 -0.0177692 0.00224968 -0.000968038 -0.02214 0.0015684 0.00322882 0.011881 0.0033058 0.00132424 0.0016168 0.00946926 -0.00043264 -0.00188863 -0.00337143 -0.00820739
internal_weight=2667.22 1249.73 1113.02 41.1771 136.711 68.8027 1071.84 1417.49 1258.35 159.133 1057.38 983.708 588.843 128.197 115.468 82.8 394.865 460.647 66.8449 1210.21 370.659 58.2128 42.2282 1193.75 312.447 64.6685 247.778 226.553 212.065 108.158
internal_count=10685 5006 4458 165 548 276 4293 5679 5041 638 4235 3940 2359 514 463 332 1581 1845 268 4848 1484 233 169 4782 1251 259 992 907 849 433
is_linear=0
shrinkage=0.02


Tree=19
num_leaves=31
num_cat=0
split_feature=78 78 38 65 80 84 13 56 38 65 80 84 13 55 94 84 48 39 68 91 76 92 92 20 20 27 27 58 59 41
split_gain=23.8256 13.9251 11.328 11.8681 14.7324 13.3575 13.2879 13.6997 10.9645 11.7003 14.4949 13.6999 12.5579 14.8684 13.7693 15.1345 13.9464 13.4754 13.62 11.7497 10.8455 22.1757 21.0968 18.8414 18.5849 16.8613 16.0456 16.6127 19.4321 19.5129
threshold=105.50000000000001 -135.49999999999997 9.9749999046325701 5.6512882709503183 8.4499998092651385 16.69999980926514 36.750000000000007 36.899999618530281 9.9749999046325701 5.6512882709503183 8.4499998092651385 13.900000095367433 36.750000000000007 18.300000190734867 24.627717018127445 10.09999990463257 15.174999713897707 2.3523919582366948 9.416666507720949 10.500000000000002 1.0000000180025095e-35 35.414039611816413 35.414039611816413 1.69409716129303 1.6867120862007143 1.0000000180025095e-35 1.0000000180025095e-35 1.3016557693481448 7.1494815349578866 3.2473065853118901
decision_type=2 2 2 2 2 2 2 2 2 2 2 2 2 2 2 2 2 2 2 2 2 2 2 2 2 2 2 2 2 2
left_child=1 2 3 4 -1 6 7 -6 9 10 -2 12 13 14 15 -12 -17 18 -18 -15 22 23 24 -22 -3 -25 -26 28 29 -28
right_child=8 20 -4 -5 5 -7 -8 -9 -10 -11 11 -13 -14 19 -16 16 17 -19 -20 -21 21 -23 -24 25 26 -27 27 -29 -30 -31
leaf_value=0.012967777070926627 -0.012864330237905588 -0.0070072891229698677 0.01830057619570255 -0.0026629693188709438 0.0023767267407367012 0.022724943493243575 0.016905506939440863 -0.012929954362682256 -0.018062722100418715 0.0025863181046235483 -0.0078346952599408094 -0.011059483527949963 -0.016349119165538981 -0.0054847383530872039 -0.015701337392887382 -0.0090459316450119485 0.023463728080110623 -0.0069767230970477837 -0.00050169777566082014 0.011063846108699449 0.0070248807379218884 -0.010743991672096111 0.010539521209358952 -0.013983308576171898 0.013703210628781423 -0.00091592681499236533 -0.0096318693748991806 0.0025244203532856081 -0.017232189432957807 0.016231707733816058
leaf_weight=71.186427146196365 71.700782120227814 111.88831911981106 20.462433889508247 111.54382058978081 287.18100157380104 13.19156777858734 22.923771753907204 25.462539851665497 20.455264613032341 112.53600712120533 65.102317854762077 67.824546441435814 19.927444249391556 23.205281764268875 29.68696117401123 20.175274148583412 29.474699974060059 13.731731757521628 13.987052857875822 65.89690837264061 113.64219854772091 94.579706355929375 94.28353451192379 42.683449968695641 42.663653552532196 529.23162184655666 26.706627488136292 444.64288558065891 40.204608470201492 20.721616581082344
leaf_count=286 288 448 82 447 1151 53 92 102 82 451 261 272 80 93 119 81 118 55 56 264 455 379 378 171 171 2119 107 1780 161 83
internal_value=1.6179e-09 0.000967647 0.00369816 0.00313596 0.00467624 0.00298383 0.00220778 0.00113011 -0.003693 -0.00314178 -0.00467398 -0.00299136 -0.00104527 0.00012202 -0.00331044 -0.00072853 0.00525099 0.0102943 0.0157511 0.00675402 2.32453e-06 -0.00166565 0.00166822 -0.000413197 0.000450418 -0.00189118 0.00190175 0.000955829 -0.00700309 0.00166805
internal_weight=2666.9 2113.2 551.952 531.489 419.945 348.759 335.567 312.644 553.704 533.249 420.713 349.012 281.188 261.26 172.158 142.471 77.3688 57.1935 43.4618 89.1022 1561.25 780.137 781.111 685.557 686.828 571.915 574.939 532.276 87.6329 47.4282
internal_count=10685 8465 2213 2131 1684 1398 1345 1253 2220 2138 1687 1399 1127 1047 690 571 310 229 174 357 6252 3124 3128 2745 2750 2290 2302 2131 351 190
is_linear=0
shrinkage=0.02


Tree=20
num_leaves=31
num_cat=0
split_feature=78 78 40 28 65 35 21 94 84 84 39 39 89 54 62 62 58 30 73 38 65 80 84 40 28 28 48 76 92 92
split_gain=22.8878 13.377 12.2225 14.7846 14.6976 13.5442 13.0001 17.4947 11.1625 10.8757 12.4929 13.4768 11.7912 17.8234 11.765 11.3354 15.0489 12.2996 10.6786 10.5409 11.241 13.937 13.1637 12.4243 16.5509 11.377 11.1686 10.4171 21.305 20.269
threshold=105.50000000000001 -135.49999999999997 7.3371486663818368 0.61628785729408275 3.1823090314865117 0.12936861068010333 4.9749999046325692 35.909183502197273 16.899999618530277 9.9000000953674334 1.2820873260498049 1.0902979969978335 5.7861990928649911 31.500000000000004 24.192465782165531 30.497252464294437 1.3790667057037356 0.58705976605415355 14.833333492279055 9.9749999046325701 5.6512882709503183 8.4499998092651385 13.900000095367433 7.518893003463746 0.61628785729408275 0.40286423265933996 35.337499618530281 1.0000000180025095e-35 35.414039611816413 35.414039611816413
decision_type=2 2 2 2 2 2 2 2 2 2 2 2 2 2 2 2 2 2 2 2 2 2 2 2 2 2 2 2 2 2
left_child=1 2 8 4 -4 6 -6 -8 9 10 11 -1 -11 15 -12 16 -14 18 -18 20 21 -2 23 -23 25 26 -25 29 -29 -3
right_child=19 27 3 -5 5 -7 7 -9 -10 12 14 -13 13 -15 -16 -17 17 -19 -20 -21 -22 22 -24 24 -26 -27 -28 28 -30 -31
leaf_value=0.0067665573366379192 -0.012616520385192733 0.00044145531430235351 0.016318829741695306 -0.015684963301844001 -0.021632013872760109 0.0047113455858046075 0.012406824422293716 -0.016022067609879051 0.023692767215783169 0.018250353092524145 -0.0084162080434331266 0.030550555544370219 -0.021299825245563873 0.0071016118270524984 0.0082292641623093292 -0.017177980089030064 0.00087294258238792308 -0.0095774406884054329 0.022183670095807809 -0.017714930279610009 0.0025344480493121276 -0.0038173522713875704 -0.010842616543335333 0.024187213786338896 0.025658167857081603 -0.0046886307350250669 -0.0012274172046203618 -0.00040495506937415369 -0.010532239756596277 0.010332099919548969
leaf_weight=18.945145726203918 71.647459387779236 686.75911499559879 22.611805960536003 23.219110503792763 19.729912534356117 68.134849026799202 17.962269693613052 16.716800063848495 13.167658165097235 15.935496106743811 19.946722194552422 19.174870669841766 12.734059870243071 83.547654762864113 114.37937243282795 24.724053561687469 23.966057240962982 21.46170037984848 15.480924710631369 20.439870670437813 112.54232954978943 195.06777653098106 67.797771856188774 13.980941340327265 13.478809922933577 44.918572977185249 13.68851789832115 685.52629993855953 94.55189023911953 94.253092154860497
leaf_count=76 288 2750 91 93 79 273 72 67 53 64 80 77 51 335 459 99 96 86 62 82 451 782 272 56 54 180 55 2745 379 378
internal_value=-1.09844e-09 0.000948423 0.00362497 -0.000866915 0.00150338 -0.00123037 -0.00867101 -0.00129712 0.0055973 0.00495383 0.00862518 0.0187302 0.00175388 0.00030881 0.0057575 -0.00546064 -0.00152679 0.00260713 0.00923631 -0.00362011 -0.00307971 -0.004582 -0.00293224 -0.00102459 0.0053051 0.00152576 0.0116142 2.27745e-06 -0.00163247 0.00163507
internal_weight=2666.49 2112.93 551.838 168.375 145.156 122.544 54.409 34.6791 383.464 370.296 172.446 38.12 197.85 181.914 134.326 98.3668 73.6427 60.9087 39.447 553.562 533.122 420.58 348.932 281.135 86.0668 72.588 27.6695 1561.09 780.078 781.012
internal_count=10685 8465 2213 675 582 491 218 139 1538 1485 692 153 793 729 539 394 295 244 158 2220 2138 1687 1399 1127 345 291 111 6252 3124 3128
is_linear=0
shrinkage=0.02


Tree=21
num_leaves=31
num_cat=0
split_feature=78 25 39 65 93 63 46 73 28 82 84 81 84 92 19 14 18 78 19 84 14 88 34 8 47 94 84 89 88 20
split_gain=22.0235 13.6344 16.1731 14.3492 12.7784 17.8179 12.369 11.5662 11.5342 16.6517 11.4194 11.3076 11.2086 10.7974 13.2828 14.9952 11.3967 10.7746 10.2571 14.1596 13.5374 12.7427 11.8429 11.1289 10.2456 11.5543 10.1961 14.0757 16.3815 12.7385
threshold=-128.99999999999997 0.25657895207405096 1.875831723213196 3.0441347360610966 12.719461917877199 19.543562889099125 28.037499427795414 12.250000000000002 0.44736690819263464 4.1499998569488534 10.500000000000002 11.449999809265138 8.9000000953674334 37.355655670166023 8.4454126358032244 0.14865849167108539 1.0222494602203371 105.50000000000001 8.0591554641723651 16.899999618530277 0.13539892435073855 7.8032259941101083 35.274999618530281 0.53768604993820202 11.062500000000002 22.101020812988285 9.9000000953674334 5.7861990928649911 1.1126984357833865 1.3341453671455386
decision_type=2 2 2 2 2 2 2 2 2 2 2 2 2 2 2 2 2 2 2 2 2 2 2 2 2 2 2 2 2 2
left_child=1 3 4 8 6 12 7 -3 9 -1 -4 -5 -6 14 16 -16 24 -2 19 21 22 26 -20 -22 -13 -26 -19 -28 -29 -30
right_child=17 2 10 11 5 -7 -8 -9 -10 -11 -12 13 -14 -15 15 -17 -18 18 20 -21 23 -23 -24 -25 25 -27 27 28 29 -31
leaf_value=0.014787922985517987 -0.00021276436012612911 0.0060919681361268994 -0.021831551544031883 0.017343266676307059 0.0045545672519637639 0.015301678574973455 0.016337087423500908 -0.014297910367191771 0.018301722951431034 -0.013949378517097072 -0.0019300640640699995 0.0080008074259618894 -0.017626804831270274 0.019315858328799524 -0.01292328546776832 0.0059222302849623668 0.0043102595266681573 -0.0068039342752088195 0.02085192261706395 -0.024843300973959356 -0.0105348196217089 -0.020689038607055652 -0.00061726920978825842 0.010303456182821058 -0.024959674435175296 -0.00042115195394145852 -0.018189790354917496 0.021694985037103522 -0.018309825516112318 0.00072885404845197759
leaf_weight=19.607403859496117 1290.1478659212589 41.353823840618134 23.965716794133186 21.09542141854763 12.489348113536833 12.482199788093565 30.913552895188332 15.225037381052969 47.740469142794609 13.701400026679037 22.230573460459709 13.71158032119274 33.702315345406532 14.692513838410376 45.947586387395859 26.704282775521278 396.24686926603317 197.55052050948143 22.466518342494965 13.624267235398291 35.151689425110817 17.884598225355148 18.94333091378212 14.472117021679876 15.479900211095812 15.224362432956694 16.933307006955147 13.965695336461065 15.198540881276129 187.22310280799866
leaf_count=79 5166 166 96 85 50 50 124 61 192 55 89 55 135 59 184 107 1589 793 90 55 141 72 76 58 62 61 68 56 61 750
internal_value=6.88676e-09 0.00272141 -0.00193915 0.00414412 0.00132107 -0.0059001 0.0061637 0.000605172 0.0119996 0.00296699 -0.0122546 0.00298462 -0.0116294 0.00241095 0.00192708 -0.00599633 0.00323342 -0.00121416 -0.00354868 -0.00475682 0.00258776 -0.004147 0.0110306 -0.00445762 -0.00637343 -0.0127925 -0.00346037 -0.0006294 0.000744781 -0.000700638
internal_weight=2666.08 822.514 192.363 630.152 146.166 58.6739 87.4924 56.5789 81.0493 33.3088 46.1963 549.103 46.1917 528.007 513.315 72.6519 440.663 1843.56 553.414 462.38 91.0337 448.756 41.4098 49.6238 44.4158 30.7043 430.871 233.321 216.387 202.422
internal_count=10685 3299 771 2528 586 235 351 227 326 134 185 2202 185 2117 2058 291 1767 7386 2220 1855 365 1800 166 199 178 123 1728 935 867 811
is_linear=0
shrinkage=0.02


Tree=22
num_leaves=31
num_cat=0
split_feature=78 76 93 0 21 8 43 21 8 79 43 88 0 90 27 39 84 80 59 92 55 13 51 35 19 0 88 88 26 61
split_gain=21.2365 12.7567 22.2009 19.1374 24.6568 18.7823 18.5617 20.9567 16.7327 16.6165 18.0602 19.8776 15.9925 18.7386 18.5415 20.0461 27.8427 22.9038 18.3727 15.6954 13.9283 13.4755 20.0451 14.1279 13.4076 18.0787 20.4344 15.1447 13.1682 12.8663
threshold=-135.49999999999997 1.0000000180025095e-35 5.8928570747375497 6.5499999523162851 6.4249999523162851 0.22259107977151874 5.2124998569488534 1.7071428894996645 0.71819421648979198 1.2500000000000002 5.3844697475433358 1.0965116620063784 2.1499999761581425 5.3100962638854989 1.0000000180025095e-35 1.5276602506637575 14.299999713897707 6.8500001430511483 6.6602542400360116 36.581169128417976 9.2999997138977069 30.050000190734867 15.09999990463257 0.14741612225770953 6.6317417621612558 7.4500000476837167 5.2457578182220468 4.2018518447875985 0.20526316016912463 121.50000000000001
decision_type=2 2 2 2 2 2 2 2 2 2 2 2 2 2 2 2 2 2 2 2 2 2 2 2 2 2 2 2 2 2
left_child=-1 2 -2 4 5 -3 -4 -8 9 -7 -11 -12 -9 14 -14 -16 17 -17 -19 24 -20 -18 23 -23 27 26 -26 -15 -22 -29
right_child=1 3 6 -5 -6 8 7 12 -10 10 11 -13 13 19 15 16 21 18 20 -21 28 22 -24 -25 25 -27 -28 29 -30 -31
leaf_value=0.0034953710129756359 -0.015371343150061379 -0.012031389239142947 0.020687481238617314 -0.0097183886577534538 0.018564763232518048 -0.024194284636517877 -0.0056005714255714144 0.011293824005286295 0.013218985470609361 -0.016877763038515466 0.0099311226305337924 -0.0017314892681222708 0.012912953487488985 0.02805946468932579 -0.012353124447445657 0.023814445037089096 0.024097211892459183 0.01865319866431717 -0.02071105634392453 0.020736990089595061 -0.004267127601636723 -0.020713184762688887 0.018316689650022745 0.0082546122401439478 0.0042506691860453886 0.017279360031367094 -0.015754668352814853 0.012338145322352534 0.011667860753015126 -0.010739986266982813
leaf_weight=551.44481351971626 33.405937850475311 68.82891757786274 19.181100890040398 127.34652096033096 23.971825391054153 12.946932926774023 168.47313578426838 69.90623539686203 31.143639773130417 28.917236998677254 63.634096473455429 718.42573790252209 37.913722902536392 16.469534501433372 60.909922212362289 12.952534705400465 22.223026424646378 14.71073769032955 19.227557569742203 27.146441206336021 311.14981357753277 13.719570755958559 25.213161215186119 13.227587699890135 48.678941413760185 19.404222398996353 35.185849383473396 34.166787996888161 22.225167751312256 13.473527804017065
leaf_count=2213 134 276 77 511 96 52 675 280 125 116 255 2878 152 66 244 52 89 59 77 109 1246 55 101 53 195 78 141 137 89 54
internal_value=7.50619e-09 -0.000911694 0.000668739 -0.00243884 -0.00146083 -0.00198043 0.00120161 0.000822689 -0.00117137 -0.00171531 -0.00135645 -0.000782534 0.00214576 0.0012908 -0.000585867 -0.00157856 -0.000135075 -0.00232406 -0.00324578 0.0066304 -0.00415941 0.0110555 0.00549909 -0.00649372 0.00434251 -0.000117468 -0.00414266 0.0115267 -0.00320479 0.00581124
internal_weight=2665.62 2114.18 1038.96 1075.21 947.868 923.897 1005.56 986.377 855.068 823.924 810.977 782.06 817.904 747.998 553.473 515.559 454.649 380.266 367.313 194.525 352.603 74.3833 52.1603 26.9472 167.379 103.269 83.8648 64.1099 333.375 47.6403
internal_count=10685 8472 4163 4309 3798 3702 4029 3952 3426 3301 3249 3133 3277 2997 2217 2065 1821 1523 1471 780 1412 298 209 108 671 414 336 257 1335 191
is_linear=0
shrinkage=0.02


Tree=23
num_leaves=31
num_cat=0
split_feature=78 76 58 90 27 13 13 68 86 58 59 37 28 8 59 50 21 52 90 28 80 14 52 65 39 80 55 22 50 14
split_gain=20.9533 12.1049 22.6178 20.9674 24.8225 17.7491 21.7377 17.6292 16.6954 15.5399 19.3503 24.2917 19.1845 15.0617 17.455 16.6302 20.0272 18.5154 16.3776 16.8564 19.57 19.6517 19.0316 17.3713 16.8837 13.8099 13.6292 13.5256 13.4242 16.9993
threshold=105.50000000000001 1.0000000180025095e-35 1.3016557693481448 5.582630157470704 1.0000000180025095e-35 30.849999427795414 36.149999618530281 24.250000000000004 6.0999999046325692 1.2875939607620241 6.6602542400360116 15.525000095367433 1.1076142191886904 0.66291439533233654 6.6602542400360116 6.9000000953674325 6.1749999523162851 4.2999999523162851 6.9058823585510263 0.67792281508445751 7.7500000000000009 0.091955069452524199 2.8999999761581425 6.4739444255828866 2.6596510410308842 11.550000190734865 26.899999618530277 0.19375000149011615 3.3000000715255742 0.23489078134298327
decision_type=2 2 2 2 2 2 2 2 2 2 2 2 2 2 2 2 2 2 2 2 2 2 2 2 2 2 2 2 2 2
left_child=1 2 -1 4 -3 -5 8 13 -7 12 11 -11 27 14 25 16 18 -17 19 20 22 23 -16 -22 -23 -4 -18 -6 29 -21
right_child=-2 3 7 5 9 6 -8 -9 -10 10 -12 -13 -14 -15 15 17 26 -19 -20 28 21 24 -24 -25 -26 -27 -28 -29 -30 -31
leaf_value=-0.0057328708296307818 -0.003465184241020935 -0.012492565328279064 0.023856474869613009 -0.028784748024072951 0.030064485653413006 -0.0035322989038609658 -0.015725486292785845 -0.019501343766638084 0.016762760042701316 0.010350897151232245 0.0014277005878926183 -0.021066177828405946 -0.0076693368056967208 -0.0094343402337995676 0.026133533684320056 0.0023946098800698206 -0.0037032841629884789 0.01873506792669501 0.01505073096325125 0.0078006051762789519 0.0012633727151373606 -0.003704578432272539 0.00068268850418195691 0.02075598897014928 0.012088167358735597 0.00096998578873996888 -0.027540660636192853 0.0093666198484013523 -0.0075868293324003466 0.028901738509226699
leaf_weight=121.47379620373249 553.14028185606003 53.397116363048553 31.111302241683006 13.471224352717398 15.726385444402693 103.54030288755894 52.555155873298645 13.223534241318701 19.223735123872757 13.953609883785246 645.86801396310329 33.427776828408241 21.948051780462265 33.411868661642075 22.882200181484222 53.844987779855728 41.413591325283051 57.205931380391121 45.341417774558067 121.30518034100533 48.400882557034492 337.60132487118244 24.162731200456619 29.393063902854919 29.438883811235428 15.954310372471808 12.487173765897749 64.118902310729027 18.716945379972458 17.470872074365616
leaf_count=487 2220 214 125 54 63 415 211 53 77 56 2587 134 88 134 92 216 166 230 182 486 194 1352 97 118 118 64 50 257 75 70
internal_value=8.71255e-09 0.000907525 0.0023949 -0.000633785 0.000707572 -0.00666196 -0.00496208 0.00343051 -0.000354277 0.00159413 0.000522673 -0.011814 0.00889111 0.00375306 0.00423899 0.00358971 0.00251832 0.0108121 0.0034295 0.00261807 0.000794729 -0.00050261 0.0130617 0.00862831 -0.0024379 0.0160984 -0.00922568 0.0134433 0.00831269 0.0104571
internal_weight=2665.21 2112.07 1074.84 1037.23 848.44 188.79 175.319 953.366 122.764 795.043 693.249 47.3814 101.793 940.143 906.731 859.665 748.614 111.051 694.714 649.372 491.879 444.834 47.0449 77.7939 367.04 47.0656 53.9008 79.8453 157.493 138.776
internal_count=10685 8465 4309 4156 3399 757 703 3822 492 3185 2777 190 408 3769 3635 3446 3000 446 2784 2602 1971 1782 189 312 1470 189 216 320 631 556
is_linear=0
shrinkage=0.02


Tree=24
num_leaves=31
num_cat=0
split_feature=78 59 15 88 20 20 15 59 15 88 20 20 15 82 65 82 25 22 82 0 62 15 6 19 54 78 69 74 49 9
split_gain=20.3282 16.2403 22.0107 20.3204 16.932 16.5262 14.8693 14.2759 20.3037 18.1917 16.0681 15.2346 14.1833 14.0342 13.5224 12.0677 12.0395 16.421 13.9196 17.5973 15.4128 13.0665 12.9293 14.9234 12.6221 12.1355 12.1102 15.1719 14.2715 15.8689
threshold=-111.99999999999999 19.14362716674805 24.94999980926514 1.0965116620063784 1.9091878533363345 3.4095447063446049 6.3500001430511483 19.14362716674805 24.94999980926514 1.0965116620063784 1.9091878533363345 2.2759571075439458 6.3500001430511483 4.7500000000000009 4.3561024665832528 4.7500000000000009 0.25657895207405096 0.18465909361839297 3.4500000476837163 5.5499999523162851 24.802912712097172 21.849999427795414 0.17142857611179355 4.9376103878021249 31.69999980926514 104.50000000000001 4.4166667461395273 5.4166667461395273 4.5125000476837167 0.51513990759849559
decision_type=2 2 2 2 2 2 2 2 2 2 2 2 2 2 2 2 2 2 2 2 2 2 2 2 2 2 2 2 2 2
left_child=7 2 3 5 -3 14 -5 8 9 11 -9 -1 -11 -6 -2 -12 17 26 24 20 -20 22 25 -24 -19 -22 28 -28 -8 -30
right_child=1 4 -4 6 13 -7 16 10 -10 12 15 -13 -14 -15 -16 -17 -18 18 19 -21 21 -23 23 -25 -26 -27 27 -29 29 -31
leaf_value=-0.016984900223262347 0.022684752279113929 -0.018844849678413454 0.010787836253408184 -0.021769646748443429 -0.0086917895221445846 -0.01123202880356846 -0.0032823157026633811 0.017105211622611732 -0.0098429873219491922 0.020474097560977938 0.0073387884035715526 -0.00067758825784180576 0.0019822510487245162 0.0081725936645591045 0.0047868573300545109 -0.0071722629856566028 0.0017810059036159056 -0.0064378033411014359 -0.015854979309228644 -0.020309589315541166 0.013399983113165996 -0.013963213615540759 0.010933238739615823 -0.011879106199834356 -0.022255269785398407 -0.0013487411733230218 0.0032633574883293975 -0.015673596387076164 0.0022656437909904627 0.019636258087065987
leaf_weight=36.390587821602821 27.142621874809265 42.509794041514397 59.361598432064056 15.861389622092245 65.814608842134476 15.480901584029196 179.74091662466526 46.977514445781708 66.331619709730148 16.8509860932827 79.763755202293396 61.8838100284338 1075.8384886980057 28.193636789917946 44.681641787290573 32.169109344482422 226.37114669382572 41.397488132119179 29.443121492862701 24.939663529396057 49.467541143298149 23.703038215637207 15.975441783666609 40.678684741258621 39.372876018285751 40.65639916062355 27.445414111018181 44.140583530068398 141.48058941960335 24.710949793457985
leaf_count=146 109 171 238 64 264 62 721 189 266 68 320 248 4313 113 179 129 907 166 118 100 198 95 64 163 158 163 110 177 567 99
internal_value=2.24732e-08 -0.00186038 -0.00106118 -0.00172935 -0.00837049 0.00751074 -0.00256499 0.00164021 0.000926327 0.00152613 0.00728841 -0.00671612 0.00226742 -0.00363406 0.0115505 0.00316836 -0.00224418 -0.0035042 -0.0070267 -0.00446865 -0.00249257 -0.000184797 0.00204027 -0.00544644 -0.0141483 0.00674659 -0.000925633 -0.00841334 0.000623847 0.00484847
internal_weight=2664.78 1248.57 1112.05 1052.69 136.518 87.3052 965.385 1416.21 1257.3 1190.96 158.91 98.2744 1092.69 94.0082 71.8243 111.933 949.524 723.153 305.634 224.864 199.924 170.481 146.778 56.6541 80.7704 90.1239 417.518 71.586 345.932 166.192
internal_count=10685 5006 4458 4220 548 350 3870 5679 5041 4775 638 394 4381 377 288 449 3806 2899 1225 901 801 683 588 227 324 361 1674 287 1387 666
is_linear=0
shrinkage=0.02


Tree=25
num_leaves=31
num_cat=0
split_feature=78 76 93 58 91 50 81 84 84 19 43 90 27 58 41 63 23 41 41 27 49 19 63 41 41 26 41 7 8 88
split_gain=19.7306 11.9012 21.2548 21.1926 18.2315 21.0055 19.9221 21.07 19.3901 19.3037 17.6839 18.66 24.747 16.6613 15.8796 15.8533 15.6006 15.5695 23.8236 39.8997 29.3994 16.0165 15.5344 24.5414 15.8254 16.3847 15.4532 17.3539 17.6999 15.0804
threshold=-135.49999999999997 1.0000000180025095e-35 5.8928570747375497 1.3016557693481448 48.500000000000007 6.9000000953674325 13.250000000000002 6.9000000953674325 5.7000000476837167 7.8628876209259042 5.2124998569488534 5.582630157470704 1.0000000180025095e-35 1.2875939607620241 2.0121505260467534 26.378016471862797 0.095454547554254546 2.1435948610305791 1.828592121601105 0.091666668653488173 4.6859848499298105 6.5517168045043954 11.156412124633791 2.9410878419876103 3.3466397523880009 0.23611111193895343 2.8416532278060918 0.4336018711328507 0.54765233397483837 1.7047930359840395
decision_type=2 2 2 2 2 2 2 2 2 2 2 2 2 2 2 2 2 2 2 2 2 2 2 2 2 2 2 2 2 2
left_child=-1 2 -2 14 5 6 -5 8 -8 17 -4 12 -12 -14 -3 -15 -13 18 20 -20 21 -9 24 -24 25 -16 27 -11 -29 -6
right_child=1 3 10 4 29 -7 7 9 -10 26 11 16 13 15 22 -17 -18 -19 19 -21 -22 -23 23 -25 -26 -27 -28 28 -30 -31
leaf_value=0.0033699999024804574 -0.01505553695962512 0.025019988030705657 0.020205157634270828 -0.014115410425498893 -0.011290953603010093 -0.014861158480948565 -0.0035855047741622389 -0.0072676937471776908 0.020137098105917402 0.022155618909422456 0.01303445524957394 0.010268978160202251 -0.0099543821141417407 7.3200700751025908e-05 -0.0065977139897841876 -0.020422935997566567 -0.0022394159462850831 -0.0088050288326761272 -0.019682490085461232 0.017054513231865524 0.019289859564929374 -0.029001847059859524 -0.0089867069849448363 0.02110236620879892 -0.018061607206201816 0.021046224194586065 -0.0092883779388720847 -0.0084579566664704352 0.019963101023877296 0.0030017477360400257
leaf_weight=551.17288385331631 33.36872199177742 14.684472411870955 19.148751869797707 66.953139334917068 33.936201319098473 77.581601530313492 25.705574065446854 55.323456823825836 29.712580308318138 26.223198980093002 50.347157180309296 131.02244390547276 82.066042825579643 649.69520568847656 22.967192694544792 15.454173147678373 57.338101372122765 250.46874338388443 15.472787812352179 50.168199241161346 13.734127089381216 17.967321768403053 16.223109990358353 32.694105476140976 20.964029014110565 13.687285944819449 23.697038277983665 25.964325234293938 13.231677561998366 227.36198145151138
leaf_count=2213 134 59 77 269 136 312 103 222 119 105 202 526 329 2603 92 62 230 1004 62 201 55 72 65 131 84 55 95 104 53 911
internal_value=1.40516e-08 -0.000878974 0.000647944 -0.00235435 -0.00335573 -0.00505488 -0.00381706 -0.00255808 0.00913343 -0.00387432 0.00116931 0.000799588 -0.000537551 -0.00145203 0.0055224 -0.000403009 0.00646135 -0.00573645 -0.000702048 0.00839493 -0.0075637 -0.0125958 0.00283493 0.0111235 -0.00420194 0.00372491 0.00454939 0.00956189 0.00113634 0.00114548
internal_weight=2664.34 2113.16 1038.44 1074.72 953.502 692.204 614.622 547.669 55.4182 492.251 1005.07 985.923 797.563 747.215 121.22 665.149 188.361 403.135 152.666 65.641 87.0249 73.2908 106.536 48.9172 57.6185 36.6545 89.1162 65.4192 39.196 261.298
internal_count=10685 8472 4163 4309 3823 2776 2464 2195 222 1973 4029 3952 3196 2994 486 2665 756 1616 612 263 349 294 427 196 231 147 357 262 157 1047
is_linear=0
shrinkage=0.02


Tree=26
num_leaves=31
num_cat=0
split_feature=78 76 93 58 43 21 91 50 80 84 91 49 49 56 17 41 56 35 46 48 39 40 49 63 63 41 41 92 58 39
split_gain=19.3344 11.2964 21.2131 21.0524 20.2661 20.2872 18.8864 21.2835 20.624 21.5357 17.2539 18.0032 21.6162 19.0736 18.0933 16.7187 16.103 16.3114 15.9576 17.9357 20.1414 15.687 15.6714 18.8632 14.7234 25.0745 16.0512 14.7215 19.1187 22.0345
threshold=105.50000000000001 1.0000000180025095e-35 5.8928570747375497 1.3016557693481448 5.2124998569488534 1.7071428894996645 48.500000000000007 6.9000000953674325 8.5500001907348651 6.9000000953674325 51.500000000000007 6.0125000476837167 5.3624999523162851 22.500000000000004 8.3499999046325701 2.0121505260467534 18.10000038146973 0.091286897659301772 36.658334732055671 21.537499427795414 1.6397407650947573 9.7474999427795428 6.1375000476837167 26.093842506408695 11.156412124633791 2.9410878419876103 3.3466397523880009 34.841875076293952 1.9436607360839846 2.3569045066833501
decision_type=2 2 2 2 2 2 2 2 2 2 2 2 2 2 2 2 2 2 2 2 2 2 2 2 2 2 2 2 2 2
left_child=1 3 -3 15 -4 -6 7 8 -5 -10 11 12 -7 -14 -13 -1 -8 -18 19 -12 -21 22 23 -11 26 -26 -17 28 -16 -30
right_child=-2 2 4 6 5 10 16 -9 9 21 18 14 13 -15 27 24 17 -19 -20 20 -22 -23 -24 -25 25 -27 -28 -29 29 -31
leaf_value=-0.025352182220062164 -0.0033297745653027224 0.015136880049358845 -0.021639902412744459 0.012676076869449627 0.0055772438227602028 -0.0030213112936860347 0.012154270651505268 0.014912226205370208 -0.010428520177732922 0.0027018069346396436 -0.0062309883892635301 -0.013510523553171653 0.031950832625088264 0.0040240532438903069 -0.015717442473570861 -0.0038839338437874418 0.01534961866171583 -0.0046537784156945594 -0.018605019305547438 0.027564753807378013 0.0051575938050390027 -0.016069997683994374 0.0091493696084160043 -0.019329543108019626 0.0095153802379212404 -0.020914211532792683 0.01806514816463264 -0.013970955559408787 0.017866357942832822 -0.0087012167852228168
leaf_weight=14.933197766542433 552.7770813703537 33.096204623579979 18.920380249619484 89.320226594805717 168.40827672183514 340.46636804938316 31.41004966199398 77.527973040938377 48.416372328996658 278.14378602802753 46.434401750564575 120.24425429105759 12.736014187335966 42.184390991926193 16.965792611241341 36.654198929667473 17.665393576025963 211.87466806173325 12.723880052566527 18.480649217963219 121.82002027332783 15.728600665926932 166.33131130039692 16.465265586972237 16.202240198850632 32.678633913397789 20.940914779901505 29.347908928990364 35.699299663305283 19.20446352660656
leaf_count=60 2220 133 76 359 675 1365 126 312 194 1115 186 482 51 169 68 147 71 849 51 74 488 63 667 66 65 131 84 118 143 77
internal_value=8.65473e-09 0.000871921 -0.00061738 0.00230915 -0.0011369 -0.000742951 0.00330852 0.00503766 0.00379165 0.00228036 -0.00204684 -0.00370026 -0.00114312 0.0105003 -0.00826565 -0.00553441 -0.00127647 -0.00311432 0.00306656 0.00454323 0.0081091 0.00357123 0.00424144 0.00147051 -0.00275498 -0.0108279 0.0040965 -0.00203486 0.00283925 0.00857344
internal_weight=2663.8 2111.03 1036.73 1074.29 1003.64 984.716 952.884 691.934 614.406 525.085 816.307 616.848 395.387 54.9204 221.462 121.409 260.95 229.54 199.459 186.735 140.301 476.669 460.94 294.609 106.476 48.8809 57.5951 101.217 71.8696 54.9038
internal_count=10685 8465 4156 4309 4023 3947 3822 2776 2464 2105 3272 2473 1585 220 888 487 1046 920 799 748 562 1911 1848 1181 427 196 231 406 288 220
is_linear=0
shrinkage=0.02


Tree=27
num_leaves=31
num_cat=0
split_feature=78 25 80 65 17 18 42 83 59 59 15 88 20 56 20 15 83 13 57 10 41 42 80 91 2 56 39 34 56 30
split_gain=18.7559 15.5733 14.2085 22.4447 29.6226 16.597 18.3794 15.0707 14.5924 13.6882 19.4188 17.2532 15.3026 14.9425 14.7175 13.0688 12.5094 23.6408 18.7152 16.6064 14.0295 12.4408 18.4623 12.2537 12.1157 20.0019 14.5731 11.9856 19.8387 12.6462
threshold=-111.99999999999999 0.25657895207405096 9.4499998092651385 5.6081142425537118 9.3499999046325701 1.034362852573395 1.8375000357627871 1.1000000238418581 7.8019332885742196 19.14362716674805 24.94999980926514 1.0965116620063784 1.9091878533363345 42.300001144409187 2.2759571075439458 6.3500001430511483 2.6999999284744267 29.44999980926514 6.2999999523162851 20.650000572204593 2.8015620708465581 5.5375001430511483 12.750000000000002 21.500000000000004 0.13392857462167743 34.500000000000007 1.5276602506637575 32.274999618530281 26.899999618530277 0.32166549563407904
decision_type=2 2 2 2 2 2 2 2 2 2 2 2 2 2 2 2 2 2 2 2 2 2 2 2 2 2 2 2 2 2
left_child=9 2 3 7 -5 8 -7 -2 -4 10 11 14 -11 15 -1 -13 19 -18 -19 21 -20 -8 -23 -10 25 26 -9 29 -29 -17
right_child=1 -3 5 4 -6 6 16 24 23 12 -12 13 -14 -15 -16 27 17 18 20 -21 -22 22 -24 -25 -26 -27 -28 28 -30 -31
leaf_value=-0.016665437658039035 -0.025302499247565904 0.0022080592352671994 -0.0098419373343364164 0.0073664020481567782 -0.017859990647616477 -0.013036453517808305 -0.0026033178168424699 -0.018135690666647965 0.023476453331909897 0.016699415163282234 -0.0096580863599298166 0.019961894673354744 0.0030890184651010083 -0.017691011940772806 -0.00063017044786771426 -0.011387472841143942 0.009033291898664763 -0.010845437942405447 0.012407100264969224 0.022895706656642249 -0.0060799786374883735 0.0024691655176799819 0.026610645081669226 0.0032391606923722815 -0.017558068638939512 -0.020322668284000305 0.005500022029488189 0.011463630652285896 0.0019261416104340812 0.0011518971350608386
leaf_weight=36.353607013821602 26.798397213220596 297.23901201784611 13.699359759688376 69.823079496622086 25.390588402748108 60.109737530350685 191.11372226476669 12.943978056311606 24.440004631876945 46.895662635564804 66.295737937092781 16.801084354519844 111.86416682600975 14.922117799520491 61.842969611287117 33.93962650001049 43.140216678380966 159.71177305281162 28.426411554217339 13.703425228595732 38.874176993966103 82.507587641477585 14.970262199640272 23.45253786444664 43.496874555945396 24.147271946072578 53.82400119304657 126.12087291479111 282.96543128788471 617.48545609414577
leaf_count=146 108 1192 55 280 102 241 766 52 98 189 266 68 449 60 248 136 173 641 114 55 156 331 60 94 175 97 216 506 1135 2476
internal_value=1.15561e-08 -0.00178758 -0.00303699 -0.00706006 0.000639291 -0.00155084 -0.00251584 -0.0116074 0.00835991 0.00157585 0.000876811 0.0014635 0.00710936 0.00218545 -0.00656663 0.00246076 -0.00141113 -0.00453859 -0.00711771 0.00138379 0.00172859 0.000362323 0.00617672 0.0135664 -0.00887697 -0.00472365 0.000917883 0.0021835 0.00486654 0.000498589
internal_weight=2663.3 1247.81 950.573 256.424 95.2137 694.149 632.557 161.211 61.5919 1415.49 1256.73 1190.43 158.76 1092.23 98.1966 1077.31 572.448 270.153 227.012 302.295 67.3006 288.592 97.4778 47.8925 134.412 90.9153 66.768 1060.51 409.086 651.425
internal_count=10685 5006 3814 1030 382 2784 2537 648 247 5679 5041 4775 638 4381 394 4321 2296 1084 911 1212 270 1157 391 192 540 365 268 4253 1641 2612
is_linear=0
shrinkage=0.02


Tree=28
num_leaves=31
num_cat=0
split_feature=76 58 58 8 8 68 90 93 28 39 50 88 85 57 15 73 68 90 93 39 50 88 85 7 86 62 68 83 49 32
split_gain=13.7996 23.6222 23.3243 16.0121 15.742 15.0996 15.42 15.8154 14.8074 14.7758 17.4947 15.9342 14.8109 14.6949 26.8173 16.221 14.6346 14.9387 15.5166 14.9559 17.2418 16.1356 15.0655 14.3281 18.2844 14.7188 28.9474 24.4099 22.329 18.9252
threshold=1.0000000180025095e-35 1.3016557693481448 1.3016557693481448 0.71819421648979198 0.71819421648979198 24.250000000000004 5.6107993125915536 25.337398529052738 1.1076142191886904 1.9858874678611758 6.7000000476837167 5.2457578182220468 16.69999980926514 7.5000000000000009 9.5500001907348651 20.416666984558109 24.250000000000004 5.6107993125915536 25.337398529052738 1.9858874678611758 6.7000000476837167 5.2457578182220468 16.69999980926514 0.57293981313705455 7.2999999523162851 30.497252464294437 12.416666507720949 2.5000000000000004 2.8125000000000004 3.0749999284744267
decision_type=2 2 2 2 2 2 2 2 2 2 2 2 2 2 2 2 2 2 2 2 2 2 2 2 2 2 2 2 2 2
left_child=2 8 13 5 16 6 7 -3 -2 -8 11 12 -11 -1 -15 -16 17 18 23 -19 21 22 -21 24 25 26 28 29 -4 -27
right_child=1 3 4 -5 -6 -7 9 -9 -10 10 -12 -13 -14 14 15 -17 -18 19 -20 20 -22 -23 -24 -25 -26 27 -28 -29 -30 -31
leaf_value=-0.011931808349530495 0.0095890644883008767 -0.0023430168204963053 0.01617979464031126 0.012350178730138068 -0.012226694457494931 0.016601118026277374 -0.017504273579782612 0.012872591095917905 -0.0062522729922044468 -0.017730892680898502 -0.014189439473259395 0.0082591342386193443 0.0018204693179475356 0.025774324478478661 0.0012429118196829378 -0.024351371876872405 -0.016306626236736226 0.017474450628219451 -0.012729050475806325 0.017813130811924514 0.014025989141889454 -0.0083479003065110354 -0.0019067486824630561 0.0056260144628874588 0.02168259257975539 0.016960019900581547 -0.019623410053307942 -0.0033534322727636866 -0.0035163432739804476 0.0029162023878008983
leaf_weight=79.407582327723503 112.38153970241547 901.40654300153255 26.643085852265358 28.873514115810394 28.892456471920013 15.944088980555533 48.792529091238976 28.179231733083725 29.877242058515549 28.378290966153145 55.103443041443825 48.09185066819191 34.147714719176292 13.684605702757834 35.659696996212006 13.714273065328596 15.950105562806128 48.780095160007477 28.177160650491714 28.368364334106445 55.048720568418503 48.316274702548981 34.153009906411171 334.42418158054352 15.709218084812163 58.814826801419258 39.416848078370094 146.56947363913059 169.46175584197044 110.48239213228226
leaf_count=319 451 3615 107 116 116 64 196 113 120 114 222 193 137 55 143 55 64 196 113 114 222 194 137 1341 63 236 158 588 680 443
internal_value=1.49994e-09 -0.00144003 0.00143949 -0.00236161 0.00235563 -0.00272779 -0.00299716 -0.00188177 0.00626206 -0.00783062 -0.00498245 -0.000396053 -0.00705319 -0.00620782 0.00100021 -0.00586624 0.00271874 0.00298392 0.00188588 0.00773939 0.00487672 0.000332637 0.00704092 0.00234267 0.000406449 -0.000199714 -0.00398392 0.00262193 -0.000840398 0.00779511
internal_weight=2662.85 1331.18 1331.67 1188.92 1189.21 1160.04 1144.1 929.586 142.259 214.514 165.721 110.618 62.526 142.466 63.0586 49.374 1160.32 1144.37 929.699 214.666 165.886 110.838 62.5214 901.522 567.098 551.388 235.522 315.867 196.105 169.297
internal_count=10685 5341 5344 4770 4772 4654 4590 3728 571 862 666 444 251 572 253 198 4656 4592 3729 863 667 445 251 3616 2275 2212 945 1267 787 679
is_linear=0
shrinkage=0.02


Tree=29
num_leaves=31
num_cat=0
split_feature=76 58 58 91 94 51 93 40 55 60 8 59 91 93 88 56 17 36 81 84 38 16 81 86 69 77 44 30 83 57
split_gain=13.2554 22.6902 22.4069 15.4367 18.2974 18.6697 17.3942 19.9418 16.9502 16.6375 15.3794 19.4012 17.6777 17.7533 16.1448 15.363 21.537 15.1669 14.8608 16.9337 22.4392 16.7118 14.599 17.593 15.2366 14.4895 19.3167 18.7815 23.8437 14.1177
threshold=1.0000000180025095e-35 1.3016557693481448 1.3016557693481448 48.500000000000007 20.243182182312015 13.700000286102297 12.320629596710207 6.8376715183258066 18.10000038146973 4.1143193244934091 0.71819421648979198 6.6602542400360116 48.500000000000007 12.320629596710207 1.7047930359840395 24.500000000000004 2.8785715103149419 13.174999713897707 13.150000095367433 6.9000000953674325 5.0750000476837167 31.050000190734867 13.150000095367433 3.1000000238418584 4.5833332538604745 7.0000000000000009 2.1270161867141728 0.46216082572937017 2.1000000238418584 7.5000000000000009
decision_type=2 2 2 2 2 2 2 2 2 2 2 2 2 2 2 2 2 2 2 2 2 2 2 2 2 2 2 2 2 2
left_child=2 25 29 6 15 9 7 -4 -7 17 11 -3 13 -13 -14 16 -5 -6 -15 20 -20 -22 -8 24 -24 27 -27 -2 -29 -1
right_child=1 10 3 4 5 8 22 -9 -10 -11 -12 12 14 18 -16 -17 -18 -19 19 -21 21 -23 23 -25 -26 26 -28 28 -30 -31
leaf_value=-0.011697214631270672 0.027102966646683085 -0.014028247293127719 0.0017914469655256626 -0.010032820635755548 -0.0034258733569631546 0.016292486424138431 0.014413055907430703 -0.013349916842698557 -0.0030213796578572247 0.0013908809502395181 0.012104080413768988 0.0018847834428737452 -0.010256490055854764 -0.014302242012915091 0.0037324146678843545 -0.011517923134817689 0.015947904795427861 -0.026498195725523917 -0.0083535248205776954 -0.0053666875456256811 0.034745469475166907 0.0052103790803582619 -0.0052919662372733671 0.0062851653195258803 0.013798215991337346 -0.018680731776340463 0.0056338242131226592 0.019530675733929522 -0.0090249117124334283 0.00098058788313050904
leaf_weight=79.380407214164734 23.661233559250832 57.222608327865601 194.32815158367157 16.440529495477676 16.972204104065895 20.935914143919945 65.041144490242004 42.381256073713303 137.87220264971256 23.461063474416733 28.871372386813164 179.52935609221458 37.641278922557831 65.049162998795509 267.69040298461914 15.950418680906294 57.051362559199333 34.691390007734299 23.915373310446739 497.168416634202 12.980383649468424 18.707206219434738 104.4461866915226 439.54002630710602 19.91166515648365 17.181867212057114 54.6063042730093 23.368199929594994 23.417405053973198 63.034661963582039
leaf_count=319 95 230 780 66 68 84 262 170 553 94 116 720 151 262 1073 64 229 139 96 1995 52 75 419 1764 80 69 219 94 94 253
internal_value=3.76059e-09 -0.00141141 0.00141097 0.0023089 -0.00141956 -0.00436125 0.00370172 -0.000919514 -0.000475203 -0.0125761 -0.00231467 -0.00267357 -0.00208433 -0.00365137 0.00200786 0.00627431 0.0101359 -0.0189186 -0.00526009 -0.00419603 0.00627131 0.017309 0.00544098 0.00440612 -0.00223533 0.00613786 -0.000185651 0.0125818 0.00523787 -0.00608586
internal_weight=2662.45 1331.01 1331.44 1189.02 323.375 233.933 865.648 236.709 158.808 75.1247 1188.78 1159.9 1102.68 797.35 305.332 89.4423 73.4919 51.6636 617.821 552.771 55.603 31.6876 628.939 563.898 124.358 142.235 71.7882 70.4468 46.7856 142.415
internal_count=10685 5341 5344 4772 1297 938 3475 950 637 301 4770 4654 4424 3200 1224 359 295 207 2480 2218 223 127 2525 2263 499 571 288 283 188 572
is_linear=0
shrinkage=0.02


Tree=30
num_leaves=31
num_cat=0
split_feature=78 40 28 65 43 35 94 21 42 85 84 78 84 20 39 39 18 79 83 46 8 55 55 23 38 65 28 25 84 83
split_gain=18.2612 11.4252 13.8433 13.6152 12.8813 14.4959 12.9352 16.8327 10.9287 14.8436 10.691 10.4992 10.1151 12.3667 11.9293 12.6308 11.5413 12.3978 19.2261 14.8268 15.1005 12.3252 10.4624 13.7915 10.0707 10.3327 12.9882 14.8728 13.3858 14.7701
threshold=-135.49999999999997 7.3371486663818368 0.61628785729408275 3.1823090314865117 20.13749980926514 0.12936861068010333 35.909183502197273 4.8250000476837167 6.1124999523162851 16.899999618530277 16.899999618530277 105.50000000000001 9.9000000953674334 1.2569553256034853 1.2820873260498049 1.0902979969978335 1.0222494602203371 2.6499999761581425 3.1000000238418584 28.837500572204593 0.33761040866374975 9.9000000953674334 13.500000000000002 0.095454547554254546 9.9749999046325701 5.6512882709503183 0.38486412167549139 0.26969698071479803 9.9000000953674334 2.8999999761581425
decision_type=2 2 2 2 2 2 2 2 2 2 2 2 2 2 2 2 2 2 2 2 2 2 2 2 2 2 2 2 2 2
left_child=1 10 3 -3 5 6 7 -5 9 -7 12 -2 14 -14 15 -1 -15 18 21 -19 -21 -18 -23 -24 25 26 -13 28 -28 -30
right_child=11 2 -4 4 -6 8 -8 -9 -10 -11 -12 24 13 16 -16 -17 17 19 -20 20 -22 22 23 -25 -26 -27 27 -29 29 -31
leaf_value=0.0063770973955737803 -6.4270336491310326e-06 0.015491960885416768 -0.015449997779490268 -0.019970572949960408 0.015665919763825167 0.019736216500035129 -0.027227715918405875 0.0093211631765486268 -0.011136950357607638 -0.0036599892298768244 0.022898358103281256 0.0036619311745137253 0.020734796119841858 -0.014230602728015754 0.0052645663301937639 0.029442674787081465 0.019152096929317127 -0.015199217311446142 0.025924987346256003 -0.0065796444367892705 0.016821454147783389 -0.013521690999686295 -0.0061738155939745389 0.01775138735480513 -0.017010844742065059 0.0026986900684805399 -0.013213544447024734 0.0010256086407214495 0.0026040938188930992 -0.010555721927139501
leaf_weight=18.907719373703003 1558.8738373667002 22.499899789690971 23.190816104412079 15.223201319575312 15.400049105286596 21.432312577962875 15.438427805900572 16.196440145373344 16.717570722103119 21.962012723088264 13.113953799009321 71.089754030108452 12.444077745079992 19.951151117682457 134.01083052158356 19.079069197177887 14.15144146978855 29.429071918129921 17.154846683144569 26.916341811418533 18.688345596194267 19.704106420278549 21.911131098866463 17.204742610454559 20.384836405515671 112.40314055979252 116.97677607834339 95.115000009536743 68.047370597720146 68.413495287299156
leaf_count=76 6252 91 93 61 62 86 62 65 67 88 53 286 50 80 539 77 57 118 69 108 75 79 88 69 82 451 471 382 273 275
internal_value=6.27028e-09 0.00324337 -0.00110344 0.00119316 -0.00143593 -0.00389801 -0.0122369 -0.00487104 0.0026023 0.00789532 0.00515241 -0.000846015 0.00452268 0.00143526 0.00806886 0.0179619 0.000137854 0.00187355 0.00687334 -0.00413192 0.00300989 0.0023945 -0.0016372 0.00434946 -0.0032152 -0.00268663 -0.00412912 -0.00571816 -0.00824909 -0.00399347
internal_weight=2662.03 550.728 168.061 144.87 122.37 106.97 46.8581 31.4196 60.1119 43.3943 382.667 2111.3 369.553 197.555 171.998 37.9868 185.111 165.16 90.1263 75.0338 45.6047 72.9714 58.82 39.1159 552.43 532.046 419.642 348.553 253.438 136.461
internal_count=10685 2213 675 582 491 429 188 126 241 174 1538 8472 1485 793 692 153 743 663 362 301 183 293 236 157 2220 2138 1687 1401 1019 548
is_linear=0
shrinkage=0.02


Tree=31
num_leaves=31
num_cat=0
split_feature=78 19 84 14 88 34 8 76 92 0 8 42 90 27 27 60 13 62 5 17 83 80 80 88 88 51 61 91 23 83
split_gain=17.5466 10.874 13.8801 12.8233 12.1528 11.9171 11.0453 10.215 20.0776 17.1042 16.6759 15.3389 15.3133 21.9042 18.1542 16.7617 20.3507 15.4067 17.9429 25.1445 14.0162 13.452 13.3699 13.7778 12.9254 19.0258 12.8906 12.4095 12.2769 12.1097
threshold=-135.49999999999997 8.0591554641723651 16.899999618530277 0.13539892435073855 7.8032259941101083 35.274999618530281 0.53768604993820202 1.0000000180025095e-35 18.061188697814945 6.5499999523162851 0.22259107977151874 6.8374998569488534 5.582630157470704 1.0000000180025095e-35 0.12549019977450374 5.0666851997375497 36.049999237060554 24.4570426940918 0.18333333730697635 4.9500000476837167 4.2999999523162851 7.0499999523162851 7.3500001430511483 6.1735479831695566 1.0965116620063784 9.7000002861022967 120.50000000000001 47.500000000000007 0.095454547554254546 2.1000000238418584
decision_type=2 2 2 2 2 2 2 2 2 2 2 2 2 2 2 2 2 2 2 2 2 2 2 2 2 2 2 2 2 2
left_child=1 2 4 5 -1 -3 -5 8 26 10 -9 22 13 -10 20 -14 28 18 -16 -20 -15 -19 29 24 25 -24 -2 -11 -17 -12
right_child=7 3 -4 6 -6 -7 -8 9 12 27 11 -13 15 14 17 16 -18 21 19 -21 -22 -23 23 -25 -26 -27 -28 -29 -30 -31
leaf_value=0.0031479505427148254 -0.02226166011904843 -0.021105505786442488 0.024352744572584052 0.009817848942206402 0.020006989379216567 0.00047562199926893227 -0.01110267250371182 -0.01060105914844077 0.012548126191739371 -0.013454408604209154 -0.016934398018885608 0.02106806061221719 0.022807835488141626 -0.0056094048358381965 0.021109612353641186 0.0036052021677373714 0.014586511931547901 0.017988032303947063 -0.014984822531276303 0.020908228266258301 0.01362699702964418 -0.00065756825141151864 -0.00087652467039678816 0.017296598406922058 -0.0013669679016484794 0.020003431429848183 0.002700325927014316 -0.00013692756301949592 -0.010767985979294428 0.0012366457525495535
leaf_weight=428.67554710805416 24.605812609195709 22.6840430945158 13.570185616612433 34.827649027109146 17.813649892807007 18.649144977331161 14.214843869209288 70.904057070612907 51.520341277122498 85.371530637145042 37.476899564266205 12.974017828702925 21.653776824474335 296.53807461261749 32.672992318868637 82.444797322154045 51.354828432202339 16.159280389547348 18.636214554309845 13.435080781579016 15.966848745942114 366.72681933641434 43.580029681324959 17.703556045889854 710.69613915681839 29.119848296046257 12.468353271484373 41.638322412967682 33.401085093617439 24.106491535902023
leaf_count=1723 99 91 55 140 72 75 57 285 207 344 151 52 87 1189 131 331 207 65 75 54 64 1470 175 71 2850 117 50 167 134 97
internal_value=1.72484e-08 0.00318028 0.00442621 -0.00316212 0.00382058 -0.0113683 0.00375409 -0.000829164 0.000585956 -0.00219685 -0.00127213 -0.000516743 0.0011215 -7.20193e-05 -0.000927386 0.00625101 0.00410677 0.00165512 0.0106783 5.12411e-05 -0.00462656 0.000129349 -0.00084136 -0.000151029 -0.000545319 0.00748692 -0.0138667 -0.00908847 -0.000538925 -0.00982144
internal_weight=2661.59 550.435 460.059 90.3757 446.489 41.3332 49.0425 2111.16 1037.58 1073.57 946.561 875.657 1000.51 811.656 760.135 188.854 167.201 447.63 64.7443 32.0713 312.505 382.886 862.683 801.1 783.396 72.6999 37.0742 127.01 115.846 61.5834
internal_count=10685 2213 1850 363 1795 166 197 8472 4163 4309 3798 3513 4014 3255 3048 759 672 1795 260 129 1253 1535 3461 3213 3142 292 149 511 465 248
is_linear=0
shrinkage=0.02


Tree=32
num_leaves=31
num_cat=0
split_feature=78 40 44 35 25 28 29 29 16 88 78 38 65 28 25 7 81 40 24 49 67 88 58 9 54 34 34 91 36 28
split_gain=17.1349 9.95841 14.9507 13.2543 15.8249 11.0491 10.7922 10.2869 10.0444 10.6282 9.81563 10.7938 10.8487 13.472 14.4616 13.0937 12.2931 11.6392 11.0109 10.8356 9.59108 9.29158 11.2399 11.4521 10.7666 16.2787 9.18154 17.6372 11.1469 10.674
threshold=105.50000000000001 7.3371486663818368 6.9624998569488534 0.12936861068010333 0.26969698071479803 0.40286423265933996 0.34874893724918371 0.39348798990249639 25.150000572204593 5.4549071788787851 -135.49999999999997 9.9749999046325701 5.6512882709503183 0.38486412167549139 0.26969698071479803 0.38377302885055548 13.449999809265138 7.2826848030090341 0.21111111342906955 3.9375000000000004 5.1666667461395273 8.1392307281494158 4.5544242858886728 0.36214104294776922 36.100000381469734 33.725000381469734 33.455770492553718 44.500000000000007 19.97500038146973 0.77293443679809581
decision_type=2 2 2 2 2 2 2 2 2 2 2 2 2 2 2 2 2 2 2 2 2 2 2 2 2 2 2 2 2 2
left_child=10 21 3 6 5 -5 -3 -8 -7 -10 11 12 13 15 16 -1 -15 18 19 -16 -14 22 24 -24 25 -2 29 28 -28 -18
right_child=1 2 -4 4 -6 8 7 -9 9 -11 -12 -13 20 14 17 -17 26 -19 -20 -21 -22 -23 23 -25 -26 -27 27 -29 -30 -31
leaf_value=0.00062515260716192503 -0.005868743073120828 0.021274686106252588 -0.018268679427408403 0.008121253560387804 0.016240703866289691 0.0038650767511622529 -0.009425536508184857 0.013649648493027385 -0.019660431249275055 0.0019163740449574188 1.0475637043659302e-05 0.017394796567552089 -0.0051094963493683813 0.018645903625774327 -0.012203162223777106 -0.020199141929552761 0.001411159758167048 -0.016566900804943094 0.011736154258684161 0.0066927089554272134 0.013223759009590164 -0.021465338202890857 -0.012301458043430977 0.0051120812347042865 0.0071712393821849619 -0.022992472528498439 0.031276513660678844 -0.0041493667774565304 0.011378065090084892 0.017074717941385813
leaf_weight=55.865258872509003 229.53777633607388 22.635186553001404 14.833351925015448 19.44185172021389 16.691180378198624 17.440798550844193 14.204319372773172 16.948598518967628 34.319537952542305 12.442098170518873 1558.5777139514685 20.395978808403015 98.370929405093193 38.053078934550285 26.882549151778221 15.40889051556587 127.96450333297253 15.959118559956549 29.857120767235756 22.133039087057114 12.912557229399679 13.112046852707861 18.888764530420303 75.447723209857941 21.636640518903732 24.585146278142929 18.082018315792084 18.402295380830765 29.852116838097572 20.141421273350716
leaf_count=225 923 91 60 78 67 70 57 68 138 50 6252 82 395 154 108 62 514 64 120 89 52 53 76 303 87 99 73 74 120 81
internal_value=2.25196e-08 -0.00313641 0.000908607 0.00275429 -0.00153998 -0.00508811 0.0107648 0.00312841 -0.00908818 -0.0139194 0.000821237 0.00311758 0.00256803 0.00404355 0.00566888 -0.00387689 0.00816991 -0.000990253 0.00216153 -0.00367071 -0.00298223 -0.00491986 -0.00433367 0.00162541 -0.00637225 -0.00752538 0.00631093 0.0124946 0.0188843 0.0035413
internal_weight=2661.02 552.165 168.957 154.124 100.335 83.6443 53.7881 31.1529 64.2024 46.7616 2108.86 550.281 529.885 418.601 347.327 71.2741 252.495 94.8318 78.8727 49.0156 111.283 383.208 370.096 94.3365 275.76 254.123 214.442 66.3364 47.9341 148.106
internal_count=10685 2220 679 619 403 336 216 125 258 188 8465 2213 2131 1684 1397 287 1016 381 317 197 447 1541 1488 379 1109 1022 862 267 193 595
is_linear=0
shrinkage=0.02


Tree=33
num_leaves=31
num_cat=0
split_feature=78 59 56 88 20 54 76 83 89 3 92 19 38 48 92 65 59 47 20 88 65 57 30 37 83 55 13 83 19 81
split_gain=16.543 15.0779 21.015 17.3419 17.2951 16.515 16.0413 15.7484 14.2481 14.2016 13.2059 13.2055 13.4443 16.258 13.203 12.6445 12.6058 22.5959 15.2009 14.4237 15.2314 12.5199 15.7289 17.2603 18.0936 16.9743 16.7534 15.9845 13.1845 12.5717
threshold=-111.99999999999999 19.14362716674805 39.899999618530281 1.0965116620063784 3.4095447063446049 35.100000381469734 1.0000000180025095e-35 3.6999999284744267 19.512854576110843 0.36666667461395269 37.355655670166023 2.9774119853973393 9.9249997138977069 37.725000381469734 37.355655670166023 4.3561024665832528 19.14362716674805 21.987500190734867 1.9091878533363345 1.0965116620063784 4.3561024665832528 5.9000000953674325 0.59133037924766552 29.925000190734867 2.6999999284744267 8.2999997138977069 35.850000381469734 1.5000000000000002 4.6243910789489755 14.449999809265138
decision_type=2 2 2 2 2 2 2 2 2 2 2 2 2 2 2 2 2 2 2 2 2 2 2 2 2 2 2 2 2 2
left_child=10 2 3 4 15 -3 -4 8 -7 11 16 -5 13 14 21 -2 17 19 -18 20 -1 22 23 26 -25 -24 29 -27 -29 -13
right_child=1 5 6 9 -6 7 -8 -9 -10 -11 -12 12 -14 -15 -16 -17 18 -19 -20 -21 -22 -23 25 24 -26 27 -28 28 -30 -31
leaf_value=-0.017183137303014892 0.022013949055011844 -0.00095730568226179858 0.026703216002988684 -0.018225940771037313 -0.011803528219607321 -0.0092320633293287383 0.0016043961159786931 0.0038945399862269333 -0.029731876462328305 -0.019505291094290771 0.015319453311644868 -0.013858869532846436 -0.010523094426556585 0.021573262297849706 -0.016842085231522912 0.0047375744795497953 0.0162609984583016 -0.0062385046677256419 0.0025317212109030171 0.002345381455117077 -0.00014983887507658971 0.0028226786114145977 -0.014512058986570221 0.0096161908113862153 -0.0076001390140792591 -0.0085151003691807392 -0.02659110306961868 0.023404621757848031 0.0056162740630262475 -0.0036726048891965271
leaf_weight=31.554084315896034 27.052439227700233 67.710066109895706 18.849733620882034 19.366274684667587 15.96748912334442 26.339689359068871 22.16062293946743 14.162363559007643 27.955733448266983 18.635580822825432 27.05515943467617 59.579547956585884 62.268944203853607 12.683014571666716 21.15442168712616 45.357529193162918 45.775714963674545 169.86185896396637 109.233796402812 967.75090520083904 62.777639329433441 258.54384692013264 19.097367495298386 61.835312888026237 40.351902171969414 25.622922837734222 15.926072016358374 20.70344266295433 85.482978880405426 259.77853344380856
leaf_count=127 109 272 76 78 64 106 89 57 113 75 109 240 250 51 85 182 185 682 439 3885 252 1037 77 248 162 103 64 83 343 1042
internal_value=2.68448e-08 -0.0016796 -0.000909346 -0.00144814 0.00703735 -0.00796083 0.0131407 -0.0148879 -0.019787 -0.00221257 0.00148078 -0.00187772 -0.00154199 -0.000907032 -0.00123548 0.011192 0.00121083 0.000534485 0.0065861 0.00161771 -0.0058475 -0.000845658 -0.00245759 -0.00437816 0.00281777 0.00311006 -0.00657132 0.00566326 0.00908451 -0.00557296
internal_weight=2660.59 1246.59 1110.42 1069.41 88.3775 136.168 41.0104 68.4578 54.2954 981.03 1414.01 962.395 943.028 880.759 868.076 72.41 1386.95 1231.94 155.01 1062.08 94.3317 846.922 588.378 437.471 102.187 150.907 335.284 131.809 106.186 319.358
internal_count=10685 5006 4458 4293 355 548 165 276 219 3938 5679 3863 3785 3535 3484 291 5570 4946 624 4264 379 3399 2362 1756 410 606 1346 529 426 1282
is_linear=0
shrinkage=0.02


Tree=34
num_leaves=31
num_cat=0
split_feature=78 76 93 43 21 58 91 50 80 84 19 9 94 42 46 51 55 91 88 14 19 20 82 86 16 78 28 55 80 61
split_gain=16.0287 9.64647 19.7386 19.1977 18.4754 18.1216 17.2033 19.9654 19.1942 20.4722 24.3728 16.9658 16.8576 16.1262 15.4134 14.3516 21.433 14.2604 13.8799 16.7198 13.795 13.5557 14.7766 14.7455 17.0755 14.6371 13.4721 13.3259 16.5817 16.1719
threshold=105.50000000000001 1.0000000180025095e-35 5.8928570747375497 5.2124998569488534 1.7071428894996645 1.3016557693481448 48.500000000000007 6.9000000953674325 8.5500001907348651 6.9000000953674325 7.8628876209259042 0.45789526402950292 19.616025924682621 1.6125000119209292 26.962500572204593 13.700000286102297 18.10000038146973 49.500000000000007 4.9480433464050302 0.11122090369462968 4.5243778228759775 1.7958236336708071 4.0499999523162851 2.8999999761581425 14.550000190734865 -128.99999999999997 0.50200608372688305 20.899999618530277 7.0499999523162851 64.500000000000014
decision_type=2 2 2 2 2 2 2 2 2 2 2 2 2 2 2 2 2 2 2 2 2 2 2 2 2 2 2 2 2 2
left_child=1 5 -3 -4 -5 -1 7 8 20 -10 21 18 14 -6 -8 -14 -17 27 19 -12 -7 22 -11 26 -25 -24 -23 28 -15 -30
right_child=-2 2 3 4 13 6 12 -9 9 10 11 -13 15 17 -16 16 -18 -19 -20 -21 -22 23 25 24 -26 -27 -28 -29 29 -31
leaf_value=-0.0051605576093886234 -0.0030348415674335406 0.014632748174593278 -0.021060729162690795 0.0053341378927863501 -0.022339762233951919 -0.0047954025609299898 -0.0057734116241171486 0.014285960208184329 -0.010355717360065997 0.0087609049269780671 -0.009772997301384893 -0.017539845113632536 -0.010943559321252539 -0.020618383099236363 0.01598462299111187 0.019259373473505582 -0.0034259200799457842 0.002875077966000067 -0.013000510892175665 0.019244553402268102 0.015751769898385396 0.010908701587247532 0.0032250166153036221 -0.012015958413547832 0.010760886389856728 -0.015664425490185152 -0.013902793336584831 -0.0070089756750334785 -0.011380959697611112 0.0017355975900088208
leaf_weight=121.18607410788536 551.72966396808624 33.01691572368145 18.879638209939003 168.23422919213772 15.219004347920416 15.913021400570868 20.148368462920189 77.242299631237984 48.38508129119873 41.07692976295948 12.704701095819471 33.200762033462524 75.368512436747551 16.143371284008026 36.82717576622963 19.67535188794136 108.67366863787174 213.03604307770729 18.96014404296875 21.190620869398117 73.156357407569885 14.449171289801596 31.769968628883362 13.955424606800078 232.6834575086832 33.936666995286942 22.207374900579453 223.50202064216137 42.893472999334335 304.64572739601135
leaf_count=487 2220 133 76 675 61 64 81 312 194 165 51 133 302 65 148 79 436 854 76 85 295 58 128 56 934 136 89 898 172 1222
internal_value=1.50701e-08 0.000794226 -0.000582671 -0.00108376 -0.00070034 0.00212345 0.00305114 0.00470312 0.00349677 0.00203911 0.00329867 -0.00633524 -0.00132657 -0.00194532 0.00829029 -0.00401621 5.16377e-05 -0.00155745 0.00070285 0.00836815 0.0120808 0.00542403 -0.000648683 0.00771304 0.00947212 -0.00653115 -0.00412267 -0.00316561 -0.000803659 0.000116745
internal_weight=2660.01 2108.28 1035.57 1002.55 983.674 1072.71 951.525 690.832 613.59 524.52 476.135 86.0562 260.693 815.44 56.9755 203.718 128.349 800.221 52.8555 33.8953 89.0694 390.079 106.784 283.295 246.639 65.7066 36.6565 587.185 363.683 347.539
internal_count=10685 8465 4156 4023 3947 4309 3822 2776 2464 2105 1911 345 1046 3272 229 817 515 3211 212 136 359 1566 429 1137 990 264 147 2357 1459 1394
is_linear=0
shrinkage=0.02


Tree=35
num_leaves=31
num_cat=0
split_feature=78 19 88 84 61 20 84 48 37 46 15 15 19 41 80 86 41 7 28 62 76 92 50 52 82 59 90 60 23 14
split_gain=15.5755 10.0473 10.9164 11.7571 10.557 13.9298 9.65307 12.3133 20.0112 12.5744 16.8566 11.7204 11.1389 10.7795 9.73246 12.5588 9.89902 9.77487 9.63489 10.1383 9.46178 19.2562 16.4744 17.6939 17.7739 15.1596 16.3166 15.2383 15.5343 16.6679
threshold=-135.49999999999997 8.5217270851135272 8.2880845069885272 16.899999618530277 74.500000000000014 2.0988087654113774 9.9000000953674334 15.174999713897707 24.97500038146973 28.737500190734867 15.150000095367433 25.050000190734867 4.7670731544494638 1.7374532222747805 10.84999990463257 3.6999999284744267 2.0012491941452031 0.47789961099624639 0.38750582933425909 24.192465782165531 1.0000000180025095e-35 18.061188697814945 6.9000000953674325 4.2999999523162851 3.6499999761581425 4.9676418304443368 5.582630157470704 5.0666851997375497 0.095454547554254546 0.091266956180334105
decision_type=2 2 2 2 2 2 2 2 2 2 2 2 2 2 2 2 2 2 2 2 2 2 2 2 2 2 2 2 2 2
left_child=1 2 3 6 -3 -6 11 -8 9 -9 12 18 -11 -10 17 -16 -17 -15 -1 -20 21 -2 -22 24 -24 -23 -27 -28 29 -29
right_child=20 4 -4 -5 5 -7 7 8 13 10 -12 -13 -14 14 15 16 -18 -19 19 -21 22 25 23 -25 -26 26 27 28 -30 -31
leaf_value=-0.0053992349062846187 -0.013581688095561163 -0.020633357530477223 0.020524458504738715 0.021506667933651333 0.0090858255734463343 -0.011089473915083161 0.012776650510731756 -0.015291967748430585 0.020776124574885712 -0.0079249569355984706 -0.019438224497384252 -0.0090481648323132297 0.013180509168237761 0.0027472410750571524 0.022928406053102705 -0.01227819565750818 0.0074087337589132732 -0.019035566424847709 -0.0015734023005302862 0.011416688925959309 -0.0012315850783499237 0.017495895430624488 0.015060547570029082 -0.016871756328186507 -0.0088355617792313396 -0.00052548470850666295 0.022035509858210216 0.019762201215243479 -0.0056665952053436622 0.0031664363285948743
leaf_weight=20.375291839241982 37.028804123401642 12.725164145231245 15.498032599687575 14.010475754737852 29.06287382543087 25.876898050308228 27.741355881094933 47.381998792290688 14.172294676303862 16.199610844254494 15.212408974766729 18.616455972194672 26.147649735212326 19.165834307670593 14.65887802839279 14.172592654824255 36.598491430282593 14.455338805913923 29.071228951215744 138.66263431310654 955.9403185993433 22.073893785476685 18.179041236639023 59.164560079574585 39.510735616087914 789.61545856297016 21.119403153657913 33.730502262711525 47.52685958147049 85.740229278802872
leaf_count=82 149 51 63 57 117 104 112 190 57 65 61 75 105 77 59 57 147 58 117 559 3838 89 73 239 159 3168 85 136 191 345
internal_value=2.82801e-08 0.00299819 0.00401104 0.0034626 -0.00421879 -0.000416838 0.00290408 0.000226126 -0.00136977 -0.00766148 -0.0013802 0.00608958 0.00510678 0.00446173 0.00212746 0.00662142 0.00191319 -0.00661822 0.0075877 0.00916528 -0.000781344 0.000581095 -0.00209811 -0.00918685 -0.00130549 0.00110563 0.00073559 0.00602891 0.00400464 0.00785196
internal_weight=2659.44 549.806 482.141 466.643 67.6649 54.9398 452.632 245.906 218.165 104.942 57.5597 206.726 42.3473 113.223 99.0511 65.43 50.7711 33.6212 188.109 167.734 2109.63 1036.84 1072.79 116.854 57.6898 999.806 977.732 188.117 166.998 119.471
internal_count=10685 2213 1941 1878 272 221 1821 988 876 421 231 833 170 455 398 263 204 135 758 676 8472 4163 4309 471 232 4014 3925 757 672 481
is_linear=0
shrinkage=0.02


Tree=36
num_leaves=31
num_cat=0
split_feature=78 40 44 56 15 14 15 84 40 40 19 7 24 84 92 50 58 14 18 91 85 40 14 76 93 43 58 27 90 44
split_gain=15.1954 9.57687 14.2493 10.3707 12.4473 14.3551 11.2652 9.93764 10.1331 16.554 11.787 9.82194 9.75505 12.4637 9.07269 9.78598 17.3117 12.8328 12.1444 9.99429 9.5841 11.8396 10.2656 8.99947 18.9353 18.4891 17.3517 16.8123 20.6982 17.5639
threshold=105.50000000000001 7.3371486663818368 6.9624998569488534 36.899999618530281 17.050000190734867 0.12427676469087602 14.949999809265138 16.899999618530277 5.2349784374237069 5.4584796428680429 3.524910688400269 0.51633676886558544 0.240384615957737 8.2999997138977069 26.424812316894535 7.0999999046325692 4.5544242858886728 0.10962115228176118 1.845263719558716 25.500000000000004 13.700000286102297 6.6863665580749521 0.18428318202495578 1.0000000180025095e-35 5.8928570747375497 5.2124998569488534 1.3016557693481448 1.0000000180025095e-35 5.582630157470704 6.1625001430511483
decision_type=2 2 2 2 2 2 2 2 2 2 2 2 2 2 2 2 2 2 2 2 2 2 2 2 2 2 2 2 2 2
left_child=23 7 3 4 6 -6 -3 8 10 -10 -2 -7 13 -12 -11 16 17 18 -16 -18 -19 22 -22 26 -25 -26 -1 -27 -29 -30
right_child=1 2 -4 -5 5 11 -8 -9 9 14 12 -13 -14 -15 15 -17 19 20 -20 -21 21 -23 -24 24 25 27 -28 28 29 -31
leaf_value=-0.0050707802261184178 -0.010994369019847173 -0.00079537612451428699 -0.017743031225770197 0.013190337880888522 0.0044002532070112829 -0.020200054806541738 0.021479871495806265 -0.021867330887006525 -0.023675943609064835 0.0040253942572150824 -0.0065627725673101482 -0.0012156481244839546 -0.006259176343743714 0.014169245046986322 0.012781133793420807 -0.017532793358282395 -0.0038094418661979612 -0.021926684628275225 -0.01223688347154849 0.015098335701704289 -0.0088384288766363683 -0.019769655688035803 0.01143256918401455 0.014353366901560569 -0.020665987535654844 -0.0099122656288454011 0.0029660088799152019 0.0014866300820146738 -0.015068588199038384 -0.0014586768617292837
leaf_weight=121.1468850672245 25.259348779916763 18.663518622517586 14.7814365029335 30.820081323385239 42.538106217980385 24.841620951890945 17.688188791275024 13.035937681794165 20.121899470686913 39.089442208409309 15.617737010121344 19.42490054666996 23.860619679093361 45.077575132250786 18.857481077313423 27.7457005828619 21.625610798597336 28.218015253543854 13.189867451786993 23.155879363417625 30.105777189135551 22.903304219245911 14.957983478903769 32.985387474298477 18.853229492902756 72.908357128500938 950.96810726821423 745.66457158327103 59.17512720823288 105.6401836425066
leaf_count=487 102 75 60 124 171 100 71 53 81 157 63 78 96 181 76 112 87 114 53 93 121 92 60 133 76 293 3822 2991 238 425
internal_value=4.44273e-08 -0.00295523 0.00101398 0.00281462 0.00021808 -0.00389654 0.0100434 -0.00470495 -0.00409994 -0.0062517 0.000994043 -0.0118694 0.00457534 0.00883461 -0.00478991 -0.00650632 -0.00473804 -0.00847664 0.00248436 0.0059675 -0.0121287 -0.00806082 -0.00210989 0.000773563 -0.000556505 -0.00104721 0.00205787 -0.000671088 6.89163e-05 -0.00634517
internal_weight=2658.92 551.58 168.758 153.976 123.156 86.8046 36.3517 382.822 369.786 259.971 109.815 44.2665 84.5559 60.6953 239.849 200.76 173.014 128.232 32.0473 44.7815 96.1851 67.9671 45.0638 2107.34 1035.23 1002.24 1072.11 983.388 910.48 164.815
internal_count=10685 2220 679 619 495 349 146 1541 1488 1046 442 178 340 244 965 808 696 516 129 180 387 273 181 8465 4156 4023 4309 3947 3654 663
is_linear=0
shrinkage=0.02


Tree=37
num_leaves=31
num_cat=0
split_feature=78 15 61 38 39 14 13 50 30 9 8 30 18 76 79 35 8 13 61 29 30 18 13 14 16 80 35 57 80 76
split_gain=14.8352 9.36821 10.6655 9.21745 12.8126 12.0529 16.656 13.1811 12.9912 11.2317 13.2194 16.2963 12.3651 17.0864 14.6226 10.7465 15.0254 12.8192 9.28201 9.15706 9.68573 9.0514 13.8307 8.62501 8.26591 7.84323 12.1347 7.62936 7.34803 14.4176
threshold=-128.99999999999997 6.0499999523162851 21.500000000000004 3.9750000238418584 1.0647729039192202 0.11016182228922845 28.150000572204593 2.8999999761581425 0.67805984616279613 0.68407166004180919 0.28007586300373083 0.47488257288932806 2.5347566604614262 1.0000000180025095e-35 2.7500000000000004 0.19036396592855456 0.50431713461875927 31.171428680419925 144.50000000000003 0.48308081924915319 0.58526363968849193 2.2638330459594731 32.549999237060554 0.14397025108337405 13.949999809265138 10.250000000000002 0.22269125282764438 3.6999999284744267 9.4499998092651385 1.0000000180025095e-35
decision_type=2 2 2 2 2 2 2 2 2 2 2 2 2 2 2 2 2 2 2 2 2 2 2 2 2 2 2 2 2 2
left_child=1 -1 -3 4 -4 19 7 24 21 10 28 15 13 14 -13 16 18 25 -12 20 -6 22 23 -8 -7 -17 -27 -25 -5 -30
right_child=-2 2 3 9 5 6 8 -9 -10 -11 11 12 -14 -15 -16 17 -18 -19 -20 -21 -22 -23 -24 27 -26 26 -28 -29 29 -31
leaf_value=0.01876454109380948 -0.00099746429896960622 -0.01449843903502771 -0.014199865422196525 0.013636539864252895 0.011053515910779684 -0.0044430843998171125 0.028449738484617126 -0.011644521353106585 0.00010321370247491345 0.018844706875570012 -0.00066492477095727643 0.011319257723839588 -0.021193191425895902 -0.013353009107733604 -0.011571313701224354 0.014385731944397436 -0.017703891791790886 0.021879210247884636 0.014470813109118883 -0.015670962956110503 -0.0098212358559521002 0.022674369263552378 -0.0058096458773607244 0.018533891938732842 0.015991937602789566 0.010261221328929827 -0.016785600389220407 -0.00078512541904789308 0.010983092011844693 -0.0045166915947113173
leaf_weight=13.493818253278731 1838.7931475192308 15.44535720348358 12.680189415812491 35.141711741685867 23.266266256570816 13.156563162803648 15.386088088154791 23.894628584384918 26.766416803002357 13.431783363223074 173.88945430517197 32.788158893585205 22.15702149271965 46.359400138258934 16.924904823303223 13.888840734958647 19.447330623865128 19.659453555941582 17.872435927391052 14.409515738487242 14.389970183372496 43.816635936498642 15.163230687379835 19.327268362045288 19.884215146303177 12.452779784798624 14.203170716762541 14.172678396105765 46.315582305192947 49.832752034068108
leaf_count=55 7386 62 51 142 94 53 62 96 108 54 699 132 89 186 68 56 78 79 72 58 58 177 61 78 80 50 57 57 187 200
internal_value=1.58076e-08 0.00223784 0.0019612 0.00228272 0.00540067 0.0064208 0.00873992 -0.00032862 0.012575 0.000787169 0.000321572 -0.00152782 -0.00772499 -0.00461884 0.00352612 0.00117171 -0.000953027 0.00862574 0.000745744 -0.00211203 0.00307643 0.0156698 0.0108779 0.0160539 0.00785488 0.00219937 -0.00415022 0.0103607 0.00581019 0.0029497
internal_weight=2658.41 819.618 806.124 790.678 256.314 243.633 191.568 56.9354 134.632 534.365 520.933 389.643 118.229 96.0725 49.7131 271.413 211.209 60.2042 191.762 52.0658 37.6562 107.866 64.0493 48.886 33.0408 40.5448 26.656 33.4999 131.29 96.1483
internal_count=10685 3299 3244 3182 1033 982 772 229 543 2149 2095 1566 475 386 200 1091 849 242 771 210 152 435 258 197 133 163 107 135 529 387
is_linear=0
shrinkage=0.02


Tree=38
num_leaves=31
num_cat=0
split_feature=78 59 56 88 20 54 85 76 15 9 16 34 56 3 38 24 42 20 79 55 15 20 41 59 41 92 59 15 88 54
split_gain=14.419 14.3258 20.1399 16.5508 16.5879 15.8654 15.1849 15.0219 14.3413 18.0371 13.3725 14.6719 21.1601 15.1699 13.7796 16.3524 16.0141 12.9179 19.9766 16.1155 15.9999 17.7028 14.1705 13.4949 13.3712 17.4092 12.7205 17.6758 15.5824 14.4911
threshold=-111.99999999999999 19.14362716674805 39.899999618530281 1.0965116620063784 3.4095447063446049 35.100000381469734 22.10000038146973 1.0000000180025095e-35 24.94999980926514 0.41483008861541754 11.84999990463257 33.574998855590827 27.10000038146973 0.36666667461395269 9.9249997138977069 0.14642857760190967 4.3875000476837167 1.292261600494385 1.8499999642372134 14.900000095367433 22.150000572204593 1.367459833621979 1.4295972585678103 16.166563034057621 1.7374532222747805 28.683876991271976 19.14362716674805 24.94999980926514 1.0965116620063784 34.899999618530281
decision_type=2 2 2 2 2 2 2 2 2 2 2 2 2 2 2 2 2 2 2 2 2 2 2 2 2 2 2 2 2 2
left_child=26 2 3 4 -2 -3 -7 -4 10 -10 -5 13 -13 17 15 16 -14 22 19 -19 21 -20 -12 -22 25 -23 27 28 -1 -28
right_child=1 5 7 8 -6 6 -8 -9 9 -11 11 12 14 -15 -16 -17 -18 18 20 -21 23 24 -24 -25 -26 -27 29 -29 -30 -31
leaf_value=-0.0063708198454148681 0.011020497511728549 -0.0008324508830265425 0.026103786875879234 -0.020970603076939081 -0.011508744500680068 -0.019791404733460301 0.0023045205931967426 0.0017889540898480677 0.026625536466048597 -0.0013545874459306051 0.004045435988149897 -0.015700735018135382 -0.0053574496662523521 -0.019977467766391113 -0.017134177918527685 -0.0080072330667644645 0.012982986425594548 -0.0016459231018283358 0.025587904362687788 -0.019378864034989011 0.0020218437873720566 0.0052506486339233714 -0.018559627709029379 -0.023178168234067514 0.0033641389351278563 -0.016279494118655626 8.9960262542056765e-05 -0.0093537782407105852 0.0019558418073691458 0.012246726155397876
leaf_weight=97.977407291531563 72.330867499113083 67.656615272164345 18.787949845194817 15.554626211524008 15.956294059753416 51.926023170351982 16.360610276460648 22.140684500336647 15.417021945118902 22.91086757183075 17.420123144984245 71.082185924053192 31.629249081015587 16.118482172489166 22.622945711016655 62.185587242245674 47.856937527656555 52.973188892006874 13.212615206837652 33.439942955970764 15.956139177083967 27.1674784719944 30.53891384601593 18.190751791000366 432.41385804116726 33.60471910238266 71.84032253921032 66.140487059950829 1090.2709312438965 86.382587149739265
leaf_count=394 291 272 76 63 64 210 66 89 62 92 70 286 127 65 91 250 192 213 53 135 64 109 123 73 1735 135 289 266 4381 349
internal_value=4.2599e-08 -0.00156874 -0.000817914 -0.00134527 0.00694875 -0.00769664 -0.0144975 0.0129505 -0.00209224 0.00990015 -0.0025802 -0.00227142 -0.00658403 -0.000802488 -0.00263968 -0.000325122 0.00568494 -0.000344548 0.000420725 -0.00850817 0.00184812 0.00274164 -0.0103488 -0.0114027 0.00212958 -0.0066547 0.00138319 0.00070914 0.00126926 0.00672701
internal_weight=2658.07 1245.45 1109.51 1068.58 88.2872 135.943 68.2866 40.9286 980.296 38.3279 941.968 926.413 235.377 691.036 164.295 141.672 79.4862 674.918 626.959 86.4131 540.546 506.399 47.959 34.1469 493.186 60.7722 1412.61 1254.39 1188.25 158.223
internal_count=10685 5006 4458 4293 355 548 276 165 3938 154 3784 3721 946 2775 660 569 319 2710 2517 348 2169 2032 193 137 1979 244 5679 5041 4775 638
is_linear=0
shrinkage=0.02


Tree=39
num_leaves=31
num_cat=0
split_feature=78 38 65 28 81 7 34 91 35 79 89 44 15 39 91 71 76 8 58 91 0 18 81 94 35 41 93 43 58 59
split_gain=14.0281 10.4477 9.98107 12.756 12.6585 12.2318 11.2719 21.6805 11.7704 11.6326 9.49328 16.3947 14.3526 9.67309 9.73786 9.19683 8.70828 18.7797 17.7217 15.9696 16.9661 18.4611 18.1124 16.943 17.6934 14.6293 14.5214 18.7489 15.35 16.9599
threshold=-135.49999999999997 9.9749999046325701 5.6512882709503183 0.38486412167549139 13.449999809265138 0.38377302885055548 33.375000000000007 58.500000000000007 0.12662058323621753 2.5499999523162846 13.18614721298218 3.9532608985900883 15.150000095367433 1.6878240108489992 16.500000000000004 16.833333015441898 1.0000000180025095e-35 0.71819421648979198 1.3016557693481448 48.500000000000007 6.4500000476837167 2.2416486740112309 13.150000095367433 19.616025924682621 0.091286897659301772 2.0121505260467534 5.8928570747375497 5.2124998569488534 1.2875939607620241 6.6602542400360116
decision_type=2 2 2 2 2 2 2 2 2 2 2 2 2 2 2 2 2 2 2 2 2 2 2 2 2 2 2 2 2 2
left_child=1 2 3 5 -5 -1 8 9 -6 -8 12 -12 13 14 -10 -16 17 26 25 20 21 22 -20 -21 -25 -18 -2 -28 -29 -30
right_child=16 -3 -4 4 6 -7 7 -9 10 -11 11 -13 -14 -15 15 -17 18 -19 19 23 -22 -23 -24 24 -26 -27 27 28 29 -31
leaf_value=0.00036590694461535722 -0.01314402368721472 0.016909692700154452 -0.0030207283263422335 0.014376831817487447 -0.014754292470727839 -0.019778102184623142 0.0067259066894032292 -0.012428107067042161 -0.00095655520857428219 0.024063272598834333 0.019923252269298676 -0.0064280106344053317 -0.013137272970924579 -0.0035033636150889609 0.025562959631737686 0.007017177368320613 0.023975872426280246 -0.01680367324717225 -0.016826033086962022 -0.0083473019992363947 -0.012460536192471248 0.003147893025809801 -0.0038459024200073887 -0.015154964682550506 0.0058000827119794327 0.0026285478882782042 0.022482135388922179 -0.006822414049186226 0.016594378029988716 0.0013124994174308919
leaf_weight=55.741751551628113 28.290432557463646 20.349785134196281 111.13267481327057 52.267822280526161 16.677370101213455 15.385558098554609 30.98397459089756 13.685623437166212 32.519724547863007 30.935789600014687 28.301696836948395 14.173863530158995 25.895682454109192 53.019715994596481 16.062815099954605 32.010053679347038 14.60563415288925 24.314248204231262 48.017307087779045 56.995684131979942 93.016108885407448 137.63217002153397 411.61524173617363 17.643776416778564 186.29486368596554 106.27963937819004 16.572833389043808 90.321528732776642 30.081041261553764 846.63885320723057
leaf_count=225 114 82 447 212 67 62 125 55 131 125 114 57 104 213 65 129 59 98 194 229 376 553 1653 71 747 427 67 363 121 3400
internal_value=2.46413e-08 0.00284724 0.00230607 0.00372345 0.00530695 -0.00399145 0.00369595 0.0103528 0.00139426 0.0153878 0.00272761 0.01113 0.000490135 0.00313129 0.00749605 0.013214 -0.000741577 0.000565857 -0.00200525 -0.00292192 -0.00451519 -0.00327781 -0.00520192 0.00129295 0.00398715 0.00520778 0.000983216 0.00138954 0.00102806 0.00183683
internal_weight=2657.46 549.144 528.794 417.661 346.534 71.1273 294.266 75.6054 218.661 61.9198 201.984 42.4756 159.508 133.612 80.5926 48.0729 2108.32 1036.22 1072.1 951.215 690.281 597.265 459.633 260.934 203.939 120.885 1011.9 983.614 967.041 876.72
internal_count=10685 2213 2131 1684 1397 287 1185 305 880 250 813 171 642 538 325 194 8472 4163 4309 3823 2776 2400 1847 1047 818 486 4065 3951 3884 3521
is_linear=0
shrinkage=0.02


Tree=40
num_leaves=31
num_cat=0
split_feature=78 19 84 88 66 20 60 34 46 46 84 94 62 62 92 72 18 29 56 7 91 20 76 92 0 21 8 59 90 27
split_gain=13.8075 9.2391 10.719 11.5304 10.2264 14.6782 9.75314 10.2146 17.4294 12.0665 13.5925 12.3505 11.7038 11.201 13.6949 18.4341 11.6211 13.2424 10.8981 9.03754 8.5516 8.3487 8.16926 18.0363 16.0343 24.8335 16.7742 15.3806 15.3152 22.5289
threshold=105.50000000000001 8.5217270851135272 16.899999618530277 8.2880845069885272 74.500000000000014 2.0988087654113774 1.1494680643081667 32.274999618530281 32.287500381469734 32.662500381469734 9.9000000953674334 25.926767349243168 24.192465782165531 31.983466148376468 35.29603576660157 26.250000000000004 2.2461074590682988 0.35963279008865362 15.500000000000002 0.77383202314376842 37.500000000000007 2.5039936304092412 1.0000000180025095e-35 18.061188697814945 6.5499999523162851 6.4249999523162851 0.71819421648979198 4.9676418304443368 5.582630157470704 1.0000000180025095e-35
decision_type=2 2 2 2 2 2 2 2 2 2 2 2 2 2 2 2 2 2 2 2 2 2 2 2 2 2 2 2 2 2
left_child=22 2 3 6 -3 20 -2 9 -9 10 12 18 -8 -10 15 16 17 -15 -12 -20 -6 -7 24 -24 25 26 -1 -25 29 -29
right_child=1 4 -4 -5 5 21 7 8 13 -11 11 -13 -14 14 -16 -17 -18 -19 19 -21 -22 -23 23 27 -26 -27 -28 28 -30 -31
leaf_value=0.0020948720448917646 -0.01139615089674915 0.020453086845657865 -0.020596005942004107 -0.020703922387858297 -0.019224698428541086 0.022761269634776451 0.010746611936644265 -0.023790372119255325 0.012331522787786594 0.019438173139205678 -0.0063228421223642832 -0.010136975689678347 -0.0086539614927398072 0.0013337447388270559 0.0047259631509912782 0.013795884032742064 -0.022653150970614117 -0.017715444285434347 0.013949161679052673 -0.0018691663188897334 0.0023664991239559824 0.00012963310511885843 0.013280280742033525 -0.017555221460233039 0.0086464358183135255 -0.019048422395739621 -0.012808680225853112 -0.012329749454509436 -0.0058000500714733014 0.0014462386774424054
leaf_weight=889.54935872554779 46.299421519041061 12.463906839489935 14.719829320907591 14.68643109500408 15.882389590144159 12.921190813183786 14.677903681993483 18.339735344052315 16.634078502655029 13.454819858074186 19.356752723455429 19.661019071936607 81.514482468366623 32.772264987230301 40.950381353497505 12.430810466408728 28.756052598357201 26.321255803108215 63.598664283752441 18.693992480635643 13.63856355845928 13.160958632826803 36.492334425449371 22.044760122895241 126.56972570717335 23.92981743812561 31.269881531596184 50.751146078109741 187.47436425089836 737.81165958940983
leaf_count=3576 187 50 60 60 64 52 59 74 67 54 78 79 329 132 165 50 116 106 255 75 55 53 147 89 511 96 126 204 755 2961
internal_value=3.64242e-08 -0.00281883 -0.00379124 -0.00326285 0.00407945 0.000409155 -0.00269798 -0.00170889 -0.00533561 0.00105805 -7.89532e-05 0.00437318 -0.00569365 -0.00319166 -0.00501997 -0.00899981 -0.0122254 -0.00715109 0.00717974 0.0103558 -0.00924965 0.0113414 0.000737496 -0.000530102 0.00196162 0.00106604 0.00158877 -0.00103504 -0.000661919 0.000559629
internal_weight=2656.83 550.935 482.868 468.148 68.067 55.6031 453.462 407.162 176.205 230.958 217.503 121.31 96.1924 157.865 141.231 100.28 87.8496 59.0935 101.649 82.2927 29.521 26.0821 2105.89 1034.57 1071.32 944.749 920.819 998.082 976.037 788.563
internal_count=10685 2220 1946 1886 274 224 1826 1639 710 929 875 487 388 636 569 404 354 238 408 330 119 105 8465 4156 4309 3798 3702 4009 3920 3165
is_linear=0
shrinkage=0.02


end of trees

feature_importances:
Column_78=55
Column_88=52
Column_84=44
Column_20=38
Column_15=37
Column_65=35
Column_76=35
Column_59=32
Column_19=30
Column_80=29
Column_39=28
Column_56=28
Column_91=28
Column_8=25
Column_58=25
Column_41=24
Column_28=23
Column_40=22
Column_14=21
Column_25=21
Column_93=21
Column_35=20
Column_27=19
Column_92=19
Column_43=18
Column_13=17
Column_81=17
Column_90=17
Column_50=16
Column_83=16
Column_34=15
Column_55=15
Column_54=14
Column_94=14
Column_21=13
Column_30=13
Column_48=13
Column_62=13
Column_0=12
Column_7=12
Column_18=12
Column_46=12
Column_16=11
Column_29=11
Column_38=11
Column_49=11
Column_61=11
Column_57=10
Column_63=10
Column_79=10
Column_82=10
Column_85=10
Column_42=9
Column_60=9
Column_68=9
Column_37=8
Column_44=8
Column_89=8
Column_10=7
Column_17=7
Column_86=7
Column_9=6
Column_23=6
Column_51=6
Column_26=5
Column_47=5
Column_64=5
Column_36=4
Column_74=4
Column_2=3
Column_3=3
Column_22=3
Column_24=3
Column_32=3
Column_52=3
Column_71=3
Column_72=3
Column_73=3
Column_6=2
Column_31=2
Column_69=2
Column_77=2
Column_95=2
Column_4=1
Column_5=1
Column_66=1
Column_67=1
Column_70=1

parameters:
[boosting: gbdt]
[objective: binary]
[metric: auc,binary_logloss]
[tree_learner: serial]
[device_type: cpu]
[data_sample_strategy: bagging]
[data: ]
[valid: ]
[num_iterations: 1000]
[learning_rate: 0.02]
[num_leaves: 31]
[num_threads: 10]
[seed: 42]
[deterministic: 0]
[force_col_wise: 0]
[force_row_wise: 0]
[histogram_pool_size: -1]
[max_depth: -1]
[min_data_in_leaf: 50]
[min_sum_hessian_in_leaf: 0.001]
[bagging_fraction: 0.8]
[pos_bagging_fraction: 1]
[neg_bagging_fraction: 1]
[bagging_freq: 0]
[bagging_seed: 400]
[bagging_by_query: 0]
[feature_fraction: 0.8]
[feature_fraction_bynode: 1]
[feature_fraction_seed: 30056]
[extra_trees: 0]
[extra_seed: 12879]
[early_stopping_round: 0]
[early_stopping_min_delta: 0]
[first_metric_only: 0]
[max_delta_step: 0]
[lambda_l1: 0]
[lambda_l2: 0]
[linear_lambda: 0]
[min_gain_to_split: 0]
[drop_rate: 0.1]
[max_drop: 50]
[skip_drop: 0.5]
[xgboost_dart_mode: 0]
[uniform_drop: 0]
[drop_seed: 17869]
[top_rate: 0.2]
[other_rate: 0.1]
[min_data_per_group: 100]
[max_cat_threshold: 32]
[cat_l2: 10]
[cat_smooth: 10]
[max_cat_to_onehot: 4]
[top_k: 20]
[monotone_constraints: ]
[monotone_constraints_method: basic]
[monotone_penalty: 0]
[feature_contri: ]
[forcedsplits_filename: ]
[refit_decay_rate: 0.9]
[cegb_tradeoff: 1]
[cegb_penalty_split: 0]
[cegb_penalty_feature_lazy: ]
[cegb_penalty_feature_coupled: ]
[path_smooth: 0]
[interaction_constraints: ]
[verbosity: -1]
[saved_feature_importance_type: 0]
[use_quantized_grad: 0]
[num_grad_quant_bins: 4]
[quant_train_renew_leaf: 0]
[stochastic_rounding: 1]
[linear_tree: 0]
[max_bin: 255]
[max_bin_by_feature: ]
[min_data_in_bin: 3]
[bin_construct_sample_cnt: 200000]
[data_random_seed: 175]
[is_enable_sparse: 1]
[enable_bundle: 1]
[use_missing: 1]
[zero_as_missing: 0]
[feature_pre_filter: 1]
[pre_partition: 0]
[two_round: 0]
[header: 0]
[label_column: ]
[weight_column: ]
[group_column: ]
[ignore_column: ]
[categorical_feature: ]
[forcedbins_filename: ]
[precise_float_parser: 0]
[parser_config_file: ]
[objective_seed: 16083]
[num_class: 1]
[is_unbalance: 0]
[scale_pos_weight: 1]
[sigmoid: 1]
[boost_from_average: 1]
[reg_sqrt: 0]
[alpha: 0.9]
[fair_c: 1]
[poisson_max_delta_step: 0.7]
[tweedie_variance_power: 1.5]
[lambdarank_truncation_level: 30]
[lambdarank_norm: 1]
[label_gain: ]
[lambdarank_position_bias_regularization: 0]
[eval_at: ]
[multi_error_top_k: 1]
[auc_mu_weights: ]
[num_machines: 1]
[local_listen_port: 12400]
[time_out: 120]
[machine_list_filename: ]
[machines: ]
[gpu_platform_id: -1]
[gpu_device_id: -1]
[gpu_use_dp: 0]
[num_gpu: 1]

end of parameters

pandas_categorical:null
