season,gameweek,date,home_norm,away_norm,home_goals,away_goals,home_squad_size,home_available_count,home_injured_count,home_doubtful_count,home_availability_pct,home_avg_chance_of_playing,home_expected_minutes_pct,home_missing_attack_quality,home_available_attack_quality,home_attack_quality_pct,away_squad_size,away_available_count,away_injured_count,away_doubtful_count,away_availability_pct,away_avg_chance_of_playing,away_expected_minutes_pct,away_missing_attack_quality,away_available_attack_quality,away_attack_quality_pct
2023-24,1,2023-08-11,burnley,mancity,0.0,3.0,44,25,4,1,56.81818181818182,57.38636363636363,57.38636363636363,7.57,58.690000000000005,88.57530938726231,31,24,1,0,77.41935483870968,76.61290322580645,76.61290322580645,0.15,143.79,99.89578991246351
2023-24,1,2023-08-12,arsenal,nottmforest,2.0,1.0,38,29,0,1,76.31578947368422,78.28947368421052,78.28947368421053,26.3,107.58999999999999,80.35700948539845,56,30,2,0,53.57142857142857,53.57142857142857,53.57142857142857,7.17,68.72,90.55211490314929
2023-24,1,2023-08-12,bournemouth,westham,1.0,1.0,41,27,2,1,65.85365853658537,66.46341463414635,66.46341463414635,9.149999999999999,80.75999999999999,89.82315648982315,34,25,0,1,73.52941176470588,69.11764705882354,69.11764705882352,5.11,78.72,93.90433019205535
2023-24,1,2023-08-12,brighton,luton,4.0,1.0,47,28,9,0,59.57446808510638,59.57446808510638,59.57446808510638,33.019999999999996,68.33999999999999,67.42304656669297,49,24,7,2,48.97959183673469,50.0,50.0,18.46,53.45,74.32902238909749
2023-24,1,2023-08-12,everton,fulham,0.0,1.0,34,24,4,1,70.58823529411765,72.79411764705883,72.79411764705883,11.379999999999999,73.56,86.60230751118438,38,28,1,0,73.68421052631578,71.05263157894737,71.05263157894737,4.12,84.36,95.34358047016275
2023-24,1,2023-08-12,sheffutd,crystalpalace,0.0,1.0,45,30,3,3,66.66666666666666,69.44444444444444,69.44444444444444,4.359999999999999,55.230000000000004,92.6833361302232,39,27,4,1,69.23076923076923,67.3076923076923,67.3076923076923,3.84,75.4,95.15396264512871
2023-24,1,2023-08-12,newcastle,astonvilla,5.0,1.0,44,25,6,1,56.81818181818182,57.95454545454545,57.95454545454546,22.42,97.17,81.25261309474037,44,24,8,1,54.54545454545454,56.25,56.25,23.31,83.00999999999999,78.07562076749436
2023-24,1,2023-08-13,brentford,tottenham,2.0,2.0,44,29,4,2,65.9090909090909,69.31818181818181,69.31818181818183,10.11,91.41,90.04137115839244,43,23,8,1,53.48837209302325,55.23255813953488,55.23255813953488,33.2,86.76,72.324108036012
2023-24,1,2023-08-13,chelsea,liverpool,1.0,1.0,59,36,4,1,61.016949152542374,60.59322033898305,60.59322033898306,18.43,94.09,83.62068965517241,42,32,2,1,76.19047619047619,75.5952380952381,75.59523809523809,0.59,145.44,99.5959734301171
2023-24,1,2023-08-14,manutd,wolves,1.0,0.0,47,28,3,3,59.57446808510638,61.702127659574465,61.702127659574465,8.64,79.75,90.22513859033828,46,29,2,1,63.04347826086957,66.84782608695652,66.84782608695652,15.12,56.580000000000005,78.9121338912134
2023-24,2,2023-08-18,nottmforest,sheffutd,2.0,1.0,56,30,2,0,53.57142857142857,53.57142857142857,53.57142857142857,7.17,68.72,90.55211490314929,45,30,3,3,66.66666666666666,69.44444444444444,69.44444444444444,4.359999999999999,55.230000000000004,92.6833361302232
2023-24,2,2023-08-19,fulham,brentford,0.0,3.0,38,28,1,0,73.68421052631578,71.05263157894737,71.05263157894737,4.12,84.36,95.34358047016275,44,29,4,2,65.9090909090909,69.31818181818181,69.31818181818183,10.11,91.41,90.04137115839244
2023-24,2,2023-08-19,liverpool,bournemouth,3.0,1.0,42,32,2,1,76.19047619047619,75.5952380952381,75.59523809523809,0.59,145.44,99.5959734301171,41,27,2,1,65.85365853658537,66.46341463414635,66.46341463414635,9.149999999999999,80.75999999999999,89.82315648982315
2023-24,2,2023-08-19,wolves,brighton,1.0,4.0,46,29,2,1,63.04347826086957,66.84782608695652,66.84782608695652,15.12,56.580000000000005,78.9121338912134,47,28,9,0,59.57446808510638,59.57446808510638,59.57446808510638,33.019999999999996,68.33999999999999,67.42304656669297
2023-24,2,2023-08-19,tottenham,manutd,2.0,0.0,43,23,8,1,53.48837209302325,55.23255813953488,55.23255813953488,33.2,86.76,72.324108036012,47,28,3,3,59.57446808510638,61.702127659574465,61.702127659574465,8.64,79.75,90.22513859033828
2023-24,2,2023-08-19,mancity,newcastle,1.0,0.0,31,24,1,0,77.41935483870968,76.61290322580645,76.61290322580645,0.15,143.79,99.89578991246351,44,25,6,1,56.81818181818182,57.95454545454545,57.95454545454546,22.42,97.17,81.25261309474037
2023-24,2,2023-08-20,astonvilla,everton,4.0,0.0,44,24,8,1,54.54545454545454,56.25,56.25,23.31,83.00999999999999,78.07562076749436,34,24,4,1,70.58823529411765,72.79411764705883,72.79411764705883,11.379999999999999,73.56,86.60230751118438
2023-24,2,2023-08-20,westham,chelsea,3.0,1.0,34,25,0,1,73.52941176470588,69.11764705882354,69.11764705882352,5.11,78.72,93.90433019205535,59,36,4,1,61.016949152542374,60.59322033898305,60.59322033898306,18.43,94.09,83.62068965517241
2023-24,2,2023-08-21,crystalpalace,arsenal,0.0,1.0,39,27,4,1,69.23076923076923,67.3076923076923,67.3076923076923,3.84,75.4,95.15396264512871,38,29,0,1,76.31578947368422,78.28947368421052,78.28947368421053,26.3,107.58999999999999,80.35700948539845
2023-24,3,2023-08-25,chelsea,luton,3.0,0.0,59,36,4,1,61.016949152542374,60.59322033898305,60.59322033898306,18.43,94.09,83.62068965517241,49,24,7,2,48.97959183673469,50.0,50.0,18.46,53.45,74.32902238909749
2023-24,3,2023-08-26,bournemouth,tottenham,0.0,2.0,41,27,2,1,65.85365853658537,66.46341463414635,66.46341463414635,9.149999999999999,80.75999999999999,89.82315648982315,43,23,8,1,53.48837209302325,55.23255813953488,55.23255813953488,33.2,86.76,72.324108036012
2023-24,3,2023-08-26,arsenal,fulham,2.0,2.0,38,29,0,1,76.31578947368422,78.28947368421052,78.28947368421053,26.3,107.58999999999999,80.35700948539845,38,28,1,0,73.68421052631578,71.05263157894737,71.05263157894737,4.12,84.36,95.34358047016275
2023-24,3,2023-08-26,brentford,crystalpalace,1.0,1.0,44,29,4,2,65.9090909090909,69.31818181818181,69.31818181818183,10.11,91.41,90.04137115839244,39,27,4,1,69.23076923076923,67.3076923076923,67.3076923076923,3.84,75.4,95.15396264512871
2023-24,3,2023-08-26,everton,wolves,0.0,1.0,34,24,4,1,70.58823529411765,72.79411764705883,72.79411764705883,11.379999999999999,73.56,86.60230751118438,46,29,2,1,63.04347826086957,66.84782608695652,66.84782608695652,15.12,56.580000000000005,78.9121338912134
2023-24,3,2023-08-26,manutd,nottmforest,3.0,2.0,47,28,3,3,59.57446808510638,61.702127659574465,61.702127659574465,8.64,79.75,90.22513859033828,56,30,2,0,53.57142857142857,53.57142857142857,53.57142857142857,7.17,68.72,90.55211490314929
2023-24,3,2023-08-26,brighton,westham,1.0,3.0,47,28,9,0,59.57446808510638,59.57446808510638,59.57446808510638,33.019999999999996,68.33999999999999,67.42304656669297,34,25,0,1,73.52941176470588,69.11764705882354,69.11764705882352,5.11,78.72,93.90433019205535
2023-24,3,2023-08-27,burnley,astonvilla,1.0,3.0,44,25,4,1,56.81818181818182,57.38636363636363,57.38636363636363,7.57,58.690000000000005,88.57530938726231,44,24,8,1,54.54545454545454,56.25,56.25,23.31,83.00999999999999,78.07562076749436
2023-24,3,2023-08-27,sheffutd,mancity,1.0,2.0,45,30,3,3,66.66666666666666,69.44444444444444,69.44444444444444,4.359999999999999,55.230000000000004,92.6833361302232,31,24,1,0,77.41935483870968,76.61290322580645,76.61290322580645,0.15,143.79,99.89578991246351
2023-24,3,2023-08-27,newcastle,liverpool,1.0,2.0,44,25,6,1,56.81818181818182,57.95454545454545,57.95454545454546,22.42,97.17,81.25261309474037,42,32,2,1,76.19047619047619,75.5952380952381,75.59523809523809,0.59,145.44,99.5959734301171
2023-24,4,2023-09-01,luton,westham,1.0,2.0,49,24,7,2,48.97959183673469,50.0,50.0,18.46,53.45,74.32902238909749,34,25,0,1,73.52941176470588,69.11764705882354,69.11764705882352,5.11,78.72,93.90433019205535
2023-24,4,2023-09-02,sheffutd,everton,2.0,2.0,45,30,3,3,66.66666666666666,69.44444444444444,69.44444444444444,4.359999999999999,55.230000000000004,92.6833361302232,34,24,4,1,70.58823529411765,72.79411764705883,72.79411764705883,11.379999999999999,73.56,86.60230751118438
2023-24,4,2023-09-02,brentford,bournemouth,2.0,2.0,44,29,4,2,65.9090909090909,69.31818181818181,69.31818181818183,10.11,91.41,90.04137115839244,41,27,2,1,65.85365853658537,66.46341463414635,66.46341463414635,9.149999999999999,80.75999999999999,89.82315648982315
2023-24,4,2023-09-02,burnley,tottenham,2.0,5.0,44,25,4,1,56.81818181818182,57.38636363636363,57.38636363636363,7.57,58.690000000000005,88.57530938726231,43,23,8,1,53.48837209302325,55.23255813953488,55.23255813953488,33.2,86.76,72.324108036012
2023-24,4,2023-09-02,chelsea,nottmforest,0.0,1.0,59,36,4,1,61.016949152542374,60.59322033898305,60.59322033898306,18.43,94.09,83.62068965517241,56,30,2,0,53.57142857142857,53.57142857142857,53.57142857142857,7.17,68.72,90.55211490314929
2023-24,4,2023-09-02,mancity,fulham,5.0,1.0,31,24,1,0,77.41935483870968,76.61290322580645,76.61290322580645,0.15,143.79,99.89578991246351,38,28,1,0,73.68421052631578,71.05263157894737,71.05263157894737,4.12,84.36,95.34358047016275
2023-24,4,2023-09-02,brighton,newcastle,3.0,1.0,47,28,9,0,59.57446808510638,59.57446808510638,59.57446808510638,33.019999999999996,68.33999999999999,67.42304656669297,44,25,6,1,56.81818181818182,57.95454545454545,57.95454545454546,22.42,97.17,81.25261309474037
2023-24,4,2023-09-03,crystalpalace,wolves,3.0,2.0,39,27,4,1,69.23076923076923,67.3076923076923,67.3076923076923,3.84,75.4,95.15396264512871,46,29,2,1,63.04347826086957,66.84782608695652,66.84782608695652,15.12,56.580000000000005,78.9121338912134
2023-24,4,2023-09-03,liverpool,astonvilla,3.0,0.0,42,32,2,1,76.19047619047619,75.5952380952381,75.59523809523809,0.59,145.44,99.5959734301171,44,24,8,1,54.54545454545454,56.25,56.25,23.31,83.00999999999999,78.07562076749436
2023-24,4,2023-09-03,arsenal,manutd,3.0,1.0,38,29,0,1,76.31578947368422,78.28947368421052,78.28947368421053,26.3,107.58999999999999,80.35700948539845,47,28,3,3,59.57446808510638,61.702127659574465,61.702127659574465,8.64,79.75,90.22513859033828
2023-24,5,2023-09-16,wolves,liverpool,1.0,3.0,46,29,2,1,63.04347826086957,66.84782608695652,66.84782608695652,15.12,56.580000000000005,78.9121338912134,42,32,2,1,76.19047619047619,75.5952380952381,75.59523809523809,0.59,145.44,99.5959734301171
2023-24,5,2023-09-16,astonvilla,crystalpalace,3.0,1.0,44,24,8,1,54.54545454545454,56.25,56.25,23.31,83.00999999999999,78.07562076749436,39,27,4,1,69.23076923076923,67.3076923076923,67.3076923076923,3.84,75.4,95.15396264512871
2023-24,5,2023-09-16,fulham,luton,1.0,0.0,38,28,1,0,73.68421052631578,71.05263157894737,71.05263157894737,4.12,84.36,95.34358047016275,49,24,7,2,48.97959183673469,50.0,50.0,18.46,53.45,74.32902238909749
2023-24,5,2023-09-16,manutd,brighton,1.0,3.0,47,28,3,3,59.57446808510638,61.702127659574465,61.702127659574465,8.64,79.75,90.22513859033828,47,28,9,0,59.57446808510638,59.57446808510638,59.57446808510638,33.019999999999996,68.33999999999999,67.42304656669297
2023-24,5,2023-09-16,tottenham,sheffutd,2.0,1.0,43,23,8,1,53.48837209302325,55.23255813953488,55.23255813953488,33.2,86.76,72.324108036012,45,30,3,3,66.66666666666666,69.44444444444444,69.44444444444444,4.359999999999999,55.230000000000004,92.6833361302232
2023-24,5,2023-09-16,westham,mancity,1.0,3.0,34,25,0,1,73.52941176470588,69.11764705882354,69.11764705882352,5.11,78.72,93.90433019205535,31,24,1,0,77.41935483870968,76.61290322580645,76.61290322580645,0.15,143.79,99.89578991246351
2023-24,5,2023-09-16,newcastle,brentford,1.0,0.0,44,25,6,1,56.81818181818182,57.95454545454545,57.95454545454546,22.42,97.17,81.25261309474037,44,29,4,2,65.9090909090909,69.31818181818181,69.31818181818183,10.11,91.41,90.04137115839244
2023-24,5,2023-09-17,bournemouth,chelsea,0.0,0.0,41,27,2,1,65.85365853658537,66.46341463414635,66.46341463414635,9.149999999999999,80.75999999999999,89.82315648982315,59,36,4,1,61.016949152542374,60.59322033898305,60.59322033898306,18.43,94.09,83.62068965517241
2023-24,5,2023-09-17,everton,arsenal,0.0,1.0,34,24,4,1,70.58823529411765,72.79411764705883,72.79411764705883,11.379999999999999,73.56,86.60230751118438,38,29,0,1,76.31578947368422,78.28947368421052,78.28947368421053,26.3,107.58999999999999,80.35700948539845
2023-24,5,2023-09-18,nottmforest,burnley,1.0,1.0,56,30,2,0,53.57142857142857,53.57142857142857,53.57142857142857,7.17,68.72,90.55211490314929,44,25,4,1,56.81818181818182,57.38636363636363,57.38636363636363,7.57,58.690000000000005,88.57530938726231
2023-24,6,2023-09-23,crystalpalace,fulham,0.0,0.0,39,27,4,1,69.23076923076923,67.3076923076923,67.3076923076923,3.84,75.4,95.15396264512871,38,28,1,0,73.68421052631578,71.05263157894737,71.05263157894737,4.12,84.36,95.34358047016275
2023-24,6,2023-09-23,luton,wolves,1.0,1.0,49,24,7,2,48.97959183673469,50.0,50.0,18.46,53.45,74.32902238909749,46,29,2,1,63.04347826086957,66.84782608695652,66.84782608695652,15.12,56.580000000000005,78.9121338912134
2023-24,6,2023-09-23,mancity,nottmforest,2.0,0.0,31,24,1,0,77.41935483870968,76.61290322580645,76.61290322580645,0.15,143.79,99.89578991246351,56,30,2,0,53.57142857142857,53.57142857142857,53.57142857142857,7.17,68.72,90.55211490314929
2023-24,6,2023-09-23,brentford,everton,1.0,3.0,44,29,4,2,65.9090909090909,69.31818181818181,69.31818181818183,10.11,91.41,90.04137115839244,34,24,4,1,70.58823529411765,72.79411764705883,72.79411764705883,11.379999999999999,73.56,86.60230751118438
2023-24,6,2023-09-23,burnley,manutd,0.0,1.0,44,25,4,1,56.81818181818182,57.38636363636363,57.38636363636363,7.57,58.690000000000005,88.57530938726231,47,28,3,3,59.57446808510638,61.702127659574465,61.702127659574465,8.64,79.75,90.22513859033828
2023-24,6,2023-09-24,arsenal,tottenham,2.0,2.0,38,29,0,1,76.31578947368422,78.28947368421052,78.28947368421053,26.3,107.58999999999999,80.35700948539845,43,23,8,1,53.48837209302325,55.23255813953488,55.23255813953488,33.2,86.76,72.324108036012
2023-24,6,2023-09-24,brighton,bournemouth,3.0,1.0,47,28,9,0,59.57446808510638,59.57446808510638,59.57446808510638,33.019999999999996,68.33999999999999,67.42304656669297,41,27,2,1,65.85365853658537,66.46341463414635,66.46341463414635,9.149999999999999,80.75999999999999,89.82315648982315
2023-24,6,2023-09-24,chelsea,astonvilla,0.0,1.0,59,36,4,1,61.016949152542374,60.59322033898305,60.59322033898306,18.43,94.09,83.62068965517241,44,24,8,1,54.54545454545454,56.25,56.25,23.31,83.00999999999999,78.07562076749436
2023-24,6,2023-09-24,liverpool,westham,3.0,1.0,42,32,2,1,76.19047619047619,75.5952380952381,75.59523809523809,0.59,145.44,99.5959734301171,34,25,0,1,73.52941176470588,69.11764705882354,69.11764705882352,5.11,78.72,93.90433019205535
2023-24,6,2023-09-24,sheffutd,newcastle,0.0,8.0,45,30,3,3,66.66666666666666,69.44444444444444,69.44444444444444,4.359999999999999,55.230000000000004,92.6833361302232,44,25,6,1,56.81818181818182,57.95454545454545,57.95454545454546,22.42,97.17,81.25261309474037
2023-24,7,2023-09-30,astonvilla,brighton,6.0,1.0,44,24,8,1,54.54545454545454,56.25,56.25,23.31,83.00999999999999,78.07562076749436,47,28,9,0,59.57446808510638,59.57446808510638,59.57446808510638,33.019999999999996,68.33999999999999,67.42304656669297
2023-24,7,2023-09-30,bournemouth,arsenal,0.0,4.0,41,27,2,1,65.85365853658537,66.46341463414635,66.46341463414635,9.149999999999999,80.75999999999999,89.82315648982315,38,29,0,1,76.31578947368422,78.28947368421052,78.28947368421053,26.3,107.58999999999999,80.35700948539845
2023-24,7,2023-09-30,everton,luton,1.0,2.0,34,24,4,1,70.58823529411765,72.79411764705883,72.79411764705883,11.379999999999999,73.56,86.60230751118438,49,24,7,2,48.97959183673469,50.0,50.0,18.46,53.45,74.32902238909749
2023-24,7,2023-09-30,manutd,crystalpalace,0.0,1.0,47,28,3,3,59.57446808510638,61.702127659574465,61.702127659574465,8.64,79.75,90.22513859033828,39,27,4,1,69.23076923076923,67.3076923076923,67.3076923076923,3.84,75.4,95.15396264512871
2023-24,7,2023-09-30,newcastle,burnley,2.0,0.0,44,25,6,1,56.81818181818182,57.95454545454545,57.95454545454546,22.42,97.17,81.25261309474037,44,25,4,1,56.81818181818182,57.38636363636363,57.38636363636363,7.57,58.690000000000005,88.57530938726231
2023-24,7,2023-09-30,westham,sheffutd,2.0,0.0,34,25,0,1,73.52941176470588,69.11764705882354,69.11764705882352,5.11,78.72,93.90433019205535,45,30,3,3,66.66666666666666,69.44444444444444,69.44444444444444,4.359999999999999,55.230000000000004,92.6833361302232
2023-24,7,2023-09-30,wolves,mancity,2.0,1.0,46,29,2,1,63.04347826086957,66.84782608695652,66.84782608695652,15.12,56.580000000000005,78.9121338912134,31,24,1,0,77.41935483870968,76.61290322580645,76.61290322580645,0.15,143.79,99.89578991246351
2023-24,7,2023-09-30,tottenham,liverpool,2.0,1.0,43,23,8,1,53.48837209302325,55.23255813953488,55.23255813953488,33.2,86.76,72.324108036012,42,32,2,1,76.19047619047619,75.5952380952381,75.59523809523809,0.59,145.44,99.5959734301171
2023-24,7,2023-10-01,nottmforest,brentford,1.0,1.0,56,30,2,0,53.57142857142857,53.57142857142857,53.57142857142857,7.17,68.72,90.55211490314929,44,29,4,2,65.9090909090909,69.31818181818181,69.31818181818183,10.11,91.41,90.04137115839244
2023-24,7,2023-10-02,fulham,chelsea,0.0,2.0,38,28,1,0,73.68421052631578,71.05263157894737,71.05263157894737,4.12,84.36,95.34358047016275,59,36,4,1,61.016949152542374,60.59322033898305,60.59322033898306,18.43,94.09,83.62068965517241
2023-24,7,2023-10-03,luton,burnley,1.0,2.0,49,24,7,2,48.97959183673469,50.0,50.0,18.46,53.45,74.32902238909749,44,25,4,1,56.81818181818182,57.38636363636363,57.38636363636363,7.57,58.690000000000005,88.57530938726231
2023-24,8,2023-10-07,luton,tottenham,0.0,1.0,49,24,7,2,48.97959183673469,50.0,50.0,18.46,53.45,74.32902238909749,43,23,8,1,53.48837209302325,55.23255813953488,55.23255813953488,33.2,86.76,72.324108036012
2023-24,8,2023-10-07,burnley,chelsea,1.0,4.0,44,25,4,1,56.81818181818182,57.38636363636363,57.38636363636363,7.57,58.690000000000005,88.57530938726231,59,36,4,1,61.016949152542374,60.59322033898305,60.59322033898306,18.43,94.09,83.62068965517241
2023-24,8,2023-10-07,everton,bournemouth,3.0,0.0,34,24,4,1,70.58823529411765,72.79411764705883,72.79411764705883,11.379999999999999,73.56,86.60230751118438,41,27,2,1,65.85365853658537,66.46341463414635,66.46341463414635,9.149999999999999,80.75999999999999,89.82315648982315
2023-24,8,2023-10-07,fulham,sheffutd,3.0,1.0,38,28,1,0,73.68421052631578,71.05263157894737,71.05263157894737,4.12,84.36,95.34358047016275,45,30,3,3,66.66666666666666,69.44444444444444,69.44444444444444,4.359999999999999,55.230000000000004,92.6833361302232
2023-24,8,2023-10-07,manutd,brentford,2.0,1.0,47,28,3,3,59.57446808510638,61.702127659574465,61.702127659574465,8.64,79.75,90.22513859033828,44,29,4,2,65.9090909090909,69.31818181818181,69.31818181818183,10.11,91.41,90.04137115839244
2023-24,8,2023-10-07,crystalpalace,nottmforest,0.0,0.0,39,27,4,1,69.23076923076923,67.3076923076923,67.3076923076923,3.84,75.4,95.15396264512871,56,30,2,0,53.57142857142857,53.57142857142857,53.57142857142857,7.17,68.72,90.55211490314929
2023-24,8,2023-10-08,brighton,liverpool,2.0,2.0,47,28,9,0,59.57446808510638,59.57446808510638,59.57446808510638,33.019999999999996,68.33999999999999,67.42304656669297,42,32,2,1,76.19047619047619,75.5952380952381,75.59523809523809,0.59,145.44,99.5959734301171
2023-24,8,2023-10-08,westham,newcastle,2.0,2.0,34,25,0,1,73.52941176470588,69.11764705882354,69.11764705882352,5.11,78.72,93.90433019205535,44,25,6,1,56.81818181818182,57.95454545454545,57.95454545454546,22.42,97.17,81.25261309474037
2023-24,8,2023-10-08,wolves,astonvilla,1.0,1.0,46,29,2,1,63.04347826086957,66.84782608695652,66.84782608695652,15.12,56.580000000000005,78.9121338912134,44,24,8,1,54.54545454545454,56.25,56.25,23.31,83.00999999999999,78.07562076749436
2023-24,8,2023-10-08,arsenal,mancity,1.0,0.0,38,29,0,1,76.31578947368422,78.28947368421052,78.28947368421053,26.3,107.58999999999999,80.35700948539845,31,24,1,0,77.41935483870968,76.61290322580645,76.61290322580645,0.15,143.79,99.89578991246351
2023-24,9,2023-10-21,liverpool,everton,2.0,0.0,42,32,2,1,76.19047619047619,75.5952380952381,75.59523809523809,0.59,145.44,99.5959734301171,34,24,4,1,70.58823529411765,72.79411764705883,72.79411764705883,11.379999999999999,73.56,86.60230751118438
2023-24,9,2023-10-21,bournemouth,wolves,1.0,2.0,41,27,2,1,65.85365853658537,66.46341463414635,66.46341463414635,9.149999999999999,80.75999999999999,89.82315648982315,46,29,2,1,63.04347826086957,66.84782608695652,66.84782608695652,15.12,56.580000000000005,78.9121338912134
2023-24,9,2023-10-21,brentford,burnley,3.0,0.0,44,29,4,2,65.9090909090909,69.31818181818181,69.31818181818183,10.11,91.41,90.04137115839244,44,25,4,1,56.81818181818182,57.38636363636363,57.38636363636363,7.57,58.690000000000005,88.57530938726231
2023-24,9,2023-10-21,mancity,brighton,2.0,1.0,31,24,1,0,77.41935483870968,76.61290322580645,76.61290322580645,0.15,143.79,99.89578991246351,47,28,9,0,59.57446808510638,59.57446808510638,59.57446808510638,33.019999999999996,68.33999999999999,67.42304656669297
2023-24,9,2023-10-21,newcastle,crystalpalace,4.0,0.0,44,25,6,1,56.81818181818182,57.95454545454545,57.95454545454546,22.42,97.17,81.25261309474037,39,27,4,1,69.23076923076923,67.3076923076923,67.3076923076923,3.84,75.4,95.15396264512871
2023-24,9,2023-10-21,nottmforest,luton,2.0,2.0,56,30,2,0,53.57142857142857,53.57142857142857,53.57142857142857,7.17,68.72,90.55211490314929,49,24,7,2,48.97959183673469,50.0,50.0,18.46,53.45,74.32902238909749
2023-24,9,2023-10-21,chelsea,arsenal,2.0,2.0,59,36,4,1,61.016949152542374,60.59322033898305,60.59322033898306,18.43,94.09,83.62068965517241,38,29,0,1,76.31578947368422,78.28947368421052,78.28947368421053,26.3,107.58999999999999,80.35700948539845
2023-24,9,2023-10-21,sheffutd,manutd,1.0,2.0,45,30,3,3,66.66666666666666,69.44444444444444,69.44444444444444,4.359999999999999,55.230000000000004,92.6833361302232,47,28,3,3,59.57446808510638,61.702127659574465,61.702127659574465,8.64,79.75,90.22513859033828
2023-24,9,2023-10-22,astonvilla,westham,4.0,1.0,44,24,8,1,54.54545454545454,56.25,56.25,23.31,83.00999999999999,78.07562076749436,34,25,0,1,73.52941176470588,69.11764705882354,69.11764705882352,5.11,78.72,93.90433019205535
2023-24,9,2023-10-23,tottenham,fulham,2.0,0.0,43,23,8,1,53.48837209302325,55.23255813953488,55.23255813953488,33.2,86.76,72.324108036012,38,28,1,0,73.68421052631578,71.05263157894737,71.05263157894737,4.12,84.36,95.34358047016275
2023-24,10,2023-10-27,crystalpalace,tottenham,1.0,2.0,39,27,4,1,69.23076923076923,67.3076923076923,67.3076923076923,3.84,75.4,95.15396264512871,43,23,8,1,53.48837209302325,55.23255813953488,55.23255813953488,33.2,86.76,72.324108036012
2023-24,10,2023-10-28,chelsea,brentford,0.0,2.0,59,36,4,1,61.016949152542374,60.59322033898305,60.59322033898306,18.43,94.09,83.62068965517241,44,29,4,2,65.9090909090909,69.31818181818181,69.31818181818183,10.11,91.41,90.04137115839244
2023-24,10,2023-10-28,arsenal,sheffutd,5.0,0.0,38,29,0,1,76.31578947368422,78.28947368421052,78.28947368421053,26.3,107.58999999999999,80.35700948539845,45,30,3,3,66.66666666666666,69.44444444444444,69.44444444444444,4.359999999999999,55.230000000000004,92.6833361302232
2023-24,10,2023-10-28,bournemouth,burnley,2.0,1.0,41,27,2,1,65.85365853658537,66.46341463414635,66.46341463414635,9.149999999999999,80.75999999999999,89.82315648982315,44,25,4,1,56.81818181818182,57.38636363636363,57.38636363636363,7.57,58.690000000000005,88.57530938726231
2023-24,10,2023-10-28,wolves,newcastle,2.0,2.0,46,29,2,1,63.04347826086957,66.84782608695652,66.84782608695652,15.12,56.580000000000005,78.9121338912134,44,25,6,1,56.81818181818182,57.95454545454545,57.95454545454546,22.42,97.17,81.25261309474037
2023-24,10,2023-10-29,westham,everton,0.0,1.0,34,25,0,1,73.52941176470588,69.11764705882354,69.11764705882352,5.11,78.72,93.90433019205535,34,24,4,1,70.58823529411765,72.79411764705883,72.79411764705883,11.379999999999999,73.56,86.60230751118438
2023-24,10,2023-10-29,astonvilla,luton,3.0,1.0,44,24,8,1,54.54545454545454,56.25,56.25,23.31,83.00999999999999,78.07562076749436,49,24,7,2,48.97959183673469,50.0,50.0,18.46,53.45,74.32902238909749
2023-24,10,2023-10-29,brighton,fulham,1.0,1.0,47,28,9,0,59.57446808510638,59.57446808510638,59.57446808510638,33.019999999999996,68.33999999999999,67.42304656669297,38,28,1,0,73.68421052631578,71.05263157894737,71.05263157894737,4.12,84.36,95.34358047016275
2023-24,10,2023-10-29,liverpool,nottmforest,3.0,0.0,42,32,2,1,76.19047619047619,75.5952380952381,75.59523809523809,0.59,145.44,99.5959734301171,56,30,2,0,53.57142857142857,53.57142857142857,53.57142857142857,7.17,68.72,90.55211490314929
2023-24,10,2023-10-29,manutd,mancity,0.0,3.0,47,28,3,3,59.57446808510638,61.702127659574465,61.702127659574465,8.64,79.75,90.22513859033828,31,24,1,0,77.41935483870968,76.61290322580645,76.61290322580645,0.15,143.79,99.89578991246351
2023-24,11,2023-11-04,fulham,manutd,0.0,1.0,38,28,1,0,73.68421052631578,71.05263157894737,71.05263157894737,4.12,84.36,95.34358047016275,47,28,3,3,59.57446808510638,61.702127659574465,61.702127659574465,8.64,79.75,90.22513859033828
2023-24,11,2023-11-04,brentford,westham,3.0,2.0,44,29,4,2,65.9090909090909,69.31818181818181,69.31818181818183,10.11,91.41,90.04137115839244,34,25,0,1,73.52941176470588,69.11764705882354,69.11764705882352,5.11,78.72,93.90433019205535
2023-24,11,2023-11-04,burnley,crystalpalace,0.0,2.0,44,25,4,1,56.81818181818182,57.38636363636363,57.38636363636363,7.57,58.690000000000005,88.57530938726231,39,27,4,1,69.23076923076923,67.3076923076923,67.3076923076923,3.84,75.4,95.15396264512871
2023-24,11,2023-11-04,everton,brighton,1.0,1.0,34,24,4,1,70.58823529411765,72.79411764705883,72.79411764705883,11.379999999999999,73.56,86.60230751118438,47,28,9,0,59.57446808510638,59.57446808510638,59.57446808510638,33.019999999999996,68.33999999999999,67.42304656669297
2023-24,11,2023-11-04,mancity,bournemouth,6.0,1.0,31,24,1,0,77.41935483870968,76.61290322580645,76.61290322580645,0.15,143.79,99.89578991246351,41,27,2,1,65.85365853658537,66.46341463414635,66.46341463414635,9.149999999999999,80.75999999999999,89.82315648982315
2023-24,11,2023-11-04,sheffutd,wolves,2.0,1.0,45,30,3,3,66.66666666666666,69.44444444444444,69.44444444444444,4.359999999999999,55.230000000000004,92.6833361302232,46,29,2,1,63.04347826086957,66.84782608695652,66.84782608695652,15.12,56.580000000000005,78.9121338912134
2023-24,11,2023-11-04,newcastle,arsenal,1.0,0.0,44,25,6,1,56.81818181818182,57.95454545454545,57.95454545454546,22.42,97.17,81.25261309474037,38,29,0,1,76.31578947368422,78.28947368421052,78.28947368421053,26.3,107.58999999999999,80.35700948539845
2023-24,11,2023-11-05,nottmforest,astonvilla,2.0,0.0,56,30,2,0,53.57142857142857,53.57142857142857,53.57142857142857,7.17,68.72,90.55211490314929,44,24,8,1,54.54545454545454,56.25,56.25,23.31,83.00999999999999,78.07562076749436
2023-24,11,2023-11-05,luton,liverpool,1.0,1.0,49,24,7,2,48.97959183673469,50.0,50.0,18.46,53.45,74.32902238909749,42,32,2,1,76.19047619047619,75.5952380952381,75.59523809523809,0.59,145.44,99.5959734301171
2023-24,11,2023-11-06,tottenham,chelsea,1.0,4.0,43,23,8,1,53.48837209302325,55.23255813953488,55.23255813953488,33.2,86.76,72.324108036012,59,36,4,1,61.016949152542374,60.59322033898305,60.59322033898306,18.43,94.09,83.62068965517241
2023-24,12,2023-11-11,wolves,tottenham,2.0,1.0,46,29,2,1,63.04347826086957,66.84782608695652,66.84782608695652,15.12,56.580000000000005,78.9121338912134,43,23,8,1,53.48837209302325,55.23255813953488,55.23255813953488,33.2,86.76,72.324108036012
2023-24,12,2023-11-11,arsenal,burnley,3.0,1.0,38,29,0,1,76.31578947368422,78.28947368421052,78.28947368421053,26.3,107.58999999999999,80.35700948539845,44,25,4,1,56.81818181818182,57.38636363636363,57.38636363636363,7.57,58.690000000000005,88.57530938726231
2023-24,12,2023-11-11,crystalpalace,everton,2.0,3.0,39,27,4,1,69.23076923076923,67.3076923076923,67.3076923076923,3.84,75.4,95.15396264512871,34,24,4,1,70.58823529411765,72.79411764705883,72.79411764705883,11.379999999999999,73.56,86.60230751118438
2023-24,12,2023-11-11,manutd,luton,1.0,0.0,47,28,3,3,59.57446808510638,61.702127659574465,61.702127659574465,8.64,79.75,90.22513859033828,49,24,7,2,48.97959183673469,50.0,50.0,18.46,53.45,74.32902238909749
2023-24,12,2023-11-11,bournemouth,newcastle,2.0,0.0,41,27,2,1,65.85365853658537,66.46341463414635,66.46341463414635,9.149999999999999,80.75999999999999,89.82315648982315,44,25,6,1,56.81818181818182,57.95454545454545,57.95454545454546,22.42,97.17,81.25261309474037
2023-24,12,2023-11-12,astonvilla,fulham,3.0,1.0,44,24,8,1,54.54545454545454,56.25,56.25,23.31,83.00999999999999,78.07562076749436,38,28,1,0,73.68421052631578,71.05263157894737,71.05263157894737,4.12,84.36,95.34358047016275
2023-24,12,2023-11-12,brighton,sheffutd,1.0,1.0,47,28,9,0,59.57446808510638,59.57446808510638,59.57446808510638,33.019999999999996,68.33999999999999,67.42304656669297,45,30,3,3,66.66666666666666,69.44444444444444,69.44444444444444,4.359999999999999,55.230000000000004,92.6833361302232
2023-24,12,2023-11-12,liverpool,brentford,3.0,0.0,42,32,2,1,76.19047619047619,75.5952380952381,75.59523809523809,0.59,145.44,99.5959734301171,44,29,4,2,65.9090909090909,69.31818181818181,69.31818181818183,10.11,91.41,90.04137115839244
2023-24,12,2023-11-12,westham,nottmforest,3.0,2.0,34,25,0,1,73.52941176470588,69.11764705882354,69.11764705882352,5.11,78.72,93.90433019205535,56,30,2,0,53.57142857142857,53.57142857142857,53.57142857142857,7.17,68.72,90.55211490314929
2023-24,12,2023-11-12,chelsea,mancity,4.0,4.0,59,36,4,1,61.016949152542374,60.59322033898305,60.59322033898306,18.43,94.09,83.62068965517241,31,24,1,0,77.41935483870968,76.61290322580645,76.61290322580645,0.15,143.79,99.89578991246351
2023-24,13,2023-11-25,mancity,liverpool,1.0,1.0,31,24,1,0,77.41935483870968,76.61290322580645,76.61290322580645,0.15,143.79,99.89578991246351,42,32,2,1,76.19047619047619,75.5952380952381,75.59523809523809,0.59,145.44,99.5959734301171
2023-24,13,2023-11-25,burnley,westham,1.0,2.0,44,25,4,1,56.81818181818182,57.38636363636363,57.38636363636363,7.57,58.690000000000005,88.57530938726231,34,25,0,1,73.52941176470588,69.11764705882354,69.11764705882352,5.11,78.72,93.90433019205535
2023-24,13,2023-11-25,luton,crystalpalace,2.0,1.0,49,24,7,2,48.97959183673469,50.0,50.0,18.46,53.45,74.32902238909749,39,27,4,1,69.23076923076923,67.3076923076923,67.3076923076923,3.84,75.4,95.15396264512871
2023-24,13,2023-11-25,newcastle,chelsea,4.0,1.0,44,25,6,1,56.81818181818182,57.95454545454545,57.95454545454546,22.42,97.17,81.25261309474037,59,36,4,1,61.016949152542374,60.59322033898305,60.59322033898306,18.43,94.09,83.62068965517241
2023-24,13,2023-11-25,nottmforest,brighton,2.0,3.0,56,30,2,0,53.57142857142857,53.57142857142857,53.57142857142857,7.17,68.72,90.55211490314929,47,28,9,0,59.57446808510638,59.57446808510638,59.57446808510638,33.019999999999996,68.33999999999999,67.42304656669297
2023-24,13,2023-11-25,sheffutd,bournemouth,1.0,3.0,45,30,3,3,66.66666666666666,69.44444444444444,69.44444444444444,4.359999999999999,55.230000000000004,92.6833361302232,41,27,2,1,65.85365853658537,66.46341463414635,66.46341463414635,9.149999999999999,80.75999999999999,89.82315648982315
2023-24,13,2023-11-25,brentford,arsenal,0.0,1.0,44,29,4,2,65.9090909090909,69.31818181818181,69.31818181818183,10.11,91.41,90.04137115839244,38,29,0,1,76.31578947368422,78.28947368421052,78.28947368421053,26.3,107.58999999999999,80.35700948539845
2023-24,13,2023-11-26,tottenham,astonvilla,1.0,2.0,43,23,8,1,53.48837209302325,55.23255813953488,55.23255813953488,33.2,86.76,72.324108036012,44,24,8,1,54.54545454545454,56.25,56.25,23.31,83.00999999999999,78.07562076749436
2023-24,13,2023-11-26,everton,manutd,0.0,3.0,34,24,4,1,70.58823529411765,72.79411764705883,72.79411764705883,11.379999999999999,73.56,86.60230751118438,47,28,3,3,59.57446808510638,61.702127659574465,61.702127659574465,8.64,79.75,90.22513859033828
2023-24,13,2023-11-27,fulham,wolves,3.0,2.0,38,28,1,0,73.68421052631578,71.05263157894737,71.05263157894737,4.12,84.36,95.34358047016275,46,29,2,1,63.04347826086957,66.84782608695652,66.84782608695652,15.12,56.580000000000005,78.9121338912134
2023-24,14,2023-12-02,arsenal,wolves,2.0,1.0,38,29,0,1,76.31578947368422,78.28947368421052,78.28947368421053,26.3,107.58999999999999,80.35700948539845,46,29,2,1,63.04347826086957,66.84782608695652,66.84782608695652,15.12,56.580000000000005,78.9121338912134
2023-24,14,2023-12-02,brentford,luton,3.0,1.0,44,29,4,2,65.9090909090909,69.31818181818181,69.31818181818183,10.11,91.41,90.04137115839244,49,24,7,2,48.97959183673469,50.0,50.0,18.46,53.45,74.32902238909749
2023-24,14,2023-12-02,burnley,sheffutd,5.0,0.0,44,25,4,1,56.81818181818182,57.38636363636363,57.38636363636363,7.57,58.690000000000005,88.57530938726231,45,30,3,3,66.66666666666666,69.44444444444444,69.44444444444444,4.359999999999999,55.230000000000004,92.6833361302232
2023-24,14,2023-12-02,nottmforest,everton,0.0,1.0,56,30,2,0,53.57142857142857,53.57142857142857,53.57142857142857,7.17,68.72,90.55211490314929,34,24,4,1,70.58823529411765,72.79411764705883,72.79411764705883,11.379999999999999,73.56,86.60230751118438
2023-24,14,2023-12-02,newcastle,manutd,1.0,0.0,44,25,6,1,56.81818181818182,57.95454545454545,57.95454545454546,22.42,97.17,81.25261309474037,47,28,3,3,59.57446808510638,61.702127659574465,61.702127659574465,8.64,79.75,90.22513859033828
2023-24,14,2023-12-03,bournemouth,astonvilla,2.0,2.0,41,27,2,1,65.85365853658537,66.46341463414635,66.46341463414635,9.149999999999999,80.75999999999999,89.82315648982315,44,24,8,1,54.54545454545454,56.25,56.25,23.31,83.00999999999999,78.07562076749436
2023-24,14,2023-12-03,chelsea,brighton,3.0,2.0,59,36,4,1,61.016949152542374,60.59322033898305,60.59322033898306,18.43,94.09,83.62068965517241,47,28,9,0,59.57446808510638,59.57446808510638,59.57446808510638,33.019999999999996,68.33999999999999,67.42304656669297
2023-24,14,2023-12-03,liverpool,fulham,4.0,3.0,42,32,2,1,76.19047619047619,75.5952380952381,75.59523809523809,0.59,145.44,99.5959734301171,38,28,1,0,73.68421052631578,71.05263157894737,71.05263157894737,4.12,84.36,95.34358047016275
2023-24,14,2023-12-03,westham,crystalpalace,1.0,1.0,34,25,0,1,73.52941176470588,69.11764705882354,69.11764705882352,5.11,78.72,93.90433019205535,39,27,4,1,69.23076923076923,67.3076923076923,67.3076923076923,3.84,75.4,95.15396264512871
2023-24,14,2023-12-03,mancity,tottenham,3.0,3.0,31,24,1,0,77.41935483870968,76.61290322580645,76.61290322580645,0.15,143.79,99.89578991246351,43,23,8,1,53.48837209302325,55.23255813953488,55.23255813953488,33.2,86.76,72.324108036012
2023-24,15,2023-12-05,wolves,burnley,1.0,0.0,46,29,2,1,63.04347826086957,66.84782608695652,66.84782608695652,15.12,56.580000000000005,78.9121338912134,44,25,4,1,56.81818181818182,57.38636363636363,57.38636363636363,7.57,58.690000000000005,88.57530938726231
2023-24,15,2023-12-05,luton,arsenal,3.0,4.0,49,24,7,2,48.97959183673469,50.0,50.0,18.46,53.45,74.32902238909749,38,29,0,1,76.31578947368422,78.28947368421052,78.28947368421053,26.3,107.58999999999999,80.35700948539845
2023-24,15,2023-12-06,brighton,brentford,2.0,1.0,47,28,9,0,59.57446808510638,59.57446808510638,59.57446808510638,33.019999999999996,68.33999999999999,67.42304656669297,44,29,4,2,65.9090909090909,69.31818181818181,69.31818181818183,10.11,91.41,90.04137115839244
2023-24,15,2023-12-06,crystalpalace,bournemouth,0.0,2.0,39,27,4,1,69.23076923076923,67.3076923076923,67.3076923076923,3.84,75.4,95.15396264512871,41,27,2,1,65.85365853658537,66.46341463414635,66.46341463414635,9.149999999999999,80.75999999999999,89.82315648982315
2023-24,15,2023-12-06,fulham,nottmforest,5.0,0.0,38,28,1,0,73.68421052631578,71.05263157894737,71.05263157894737,4.12,84.36,95.34358047016275,56,30,2,0,53.57142857142857,53.57142857142857,53.57142857142857,7.17,68.72,90.55211490314929
2023-24,15,2023-12-06,sheffutd,liverpool,0.0,2.0,45,30,3,3,66.66666666666666,69.44444444444444,69.44444444444444,4.359999999999999,55.230000000000004,92.6833361302232,42,32,2,1,76.19047619047619,75.5952380952381,75.59523809523809,0.59,145.44,99.5959734301171
2023-24,15,2023-12-06,astonvilla,mancity,1.0,0.0,44,24,8,1,54.54545454545454,56.25,56.25,23.31,83.00999999999999,78.07562076749436,31,24,1,0,77.41935483870968,76.61290322580645,76.61290322580645,0.15,143.79,99.89578991246351
2023-24,15,2023-12-06,manutd,chelsea,2.0,1.0,47,28,3,3,59.57446808510638,61.702127659574465,61.702127659574465,8.64,79.75,90.22513859033828,59,36,4,1,61.016949152542374,60.59322033898305,60.59322033898306,18.43,94.09,83.62068965517241
2023-24,15,2023-12-07,everton,newcastle,3.0,0.0,34,24,4,1,70.58823529411765,72.79411764705883,72.79411764705883,11.379999999999999,73.56,86.60230751118438,44,25,6,1,56.81818181818182,57.95454545454545,57.95454545454546,22.42,97.17,81.25261309474037
2023-24,15,2023-12-07,tottenham,westham,1.0,2.0,43,23,8,1,53.48837209302325,55.23255813953488,55.23255813953488,33.2,86.76,72.324108036012,34,25,0,1,73.52941176470588,69.11764705882354,69.11764705882352,5.11,78.72,93.90433019205535
2023-24,16,2023-12-09,crystalpalace,liverpool,1.0,2.0,39,27,4,1,69.23076923076923,67.3076923076923,67.3076923076923,3.84,75.4,95.15396264512871,42,32,2,1,76.19047619047619,75.5952380952381,75.59523809523809,0.59,145.44,99.5959734301171
2023-24,16,2023-12-09,brighton,burnley,1.0,1.0,47,28,9,0,59.57446808510638,59.57446808510638,59.57446808510638,33.019999999999996,68.33999999999999,67.42304656669297,44,25,4,1,56.81818181818182,57.38636363636363,57.38636363636363,7.57,58.690000000000005,88.57530938726231
2023-24,16,2023-12-09,manutd,bournemouth,0.0,3.0,47,28,3,3,59.57446808510638,61.702127659574465,61.702127659574465,8.64,79.75,90.22513859033828,41,27,2,1,65.85365853658537,66.46341463414635,66.46341463414635,9.149999999999999,80.75999999999999,89.82315648982315
2023-24,16,2023-12-09,sheffutd,brentford,1.0,0.0,45,30,3,3,66.66666666666666,69.44444444444444,69.44444444444444,4.359999999999999,55.230000000000004,92.6833361302232,44,29,4,2,65.9090909090909,69.31818181818181,69.31818181818183,10.11,91.41,90.04137115839244
2023-24,16,2023-12-09,wolves,nottmforest,1.0,1.0,46,29,2,1,63.04347826086957,66.84782608695652,66.84782608695652,15.12,56.580000000000005,78.9121338912134,56,30,2,0,53.57142857142857,53.57142857142857,53.57142857142857,7.17,68.72,90.55211490314929
2023-24,16,2023-12-09,astonvilla,arsenal,1.0,0.0,44,24,8,1,54.54545454545454,56.25,56.25,23.31,83.00999999999999,78.07562076749436,38,29,0,1,76.31578947368422,78.28947368421052,78.28947368421053,26.3,107.58999999999999,80.35700948539845
2023-24,16,2023-12-10,everton,chelsea,2.0,0.0,34,24,4,1,70.58823529411765,72.79411764705883,72.79411764705883,11.379999999999999,73.56,86.60230751118438,59,36,4,1,61.016949152542374,60.59322033898305,60.59322033898306,18.43,94.09,83.62068965517241
2023-24,16,2023-12-10,fulham,westham,5.0,0.0,38,28,1,0,73.68421052631578,71.05263157894737,71.05263157894737,4.12,84.36,95.34358047016275,34,25,0,1,73.52941176470588,69.11764705882354,69.11764705882352,5.11,78.72,93.90433019205535
2023-24,16,2023-12-10,luton,mancity,1.0,2.0,49,24,7,2,48.97959183673469,50.0,50.0,18.46,53.45,74.32902238909749,31,24,1,0,77.41935483870968,76.61290322580645,76.61290322580645,0.15,143.79,99.89578991246351
2023-24,16,2023-12-10,tottenham,newcastle,4.0,1.0,43,23,8,1,53.48837209302325,55.23255813953488,55.23255813953488,33.2,86.76,72.324108036012,44,25,6,1,56.81818181818182,57.95454545454545,57.95454545454546,22.42,97.17,81.25261309474037
2023-24,17,2023-12-15,nottmforest,tottenham,0.0,2.0,56,30,2,0,53.57142857142857,53.57142857142857,53.57142857142857,7.17,68.72,90.55211490314929,43,23,8,1,53.48837209302325,55.23255813953488,55.23255813953488,33.2,86.76,72.324108036012
2023-24,17,2023-12-16,chelsea,sheffutd,2.0,0.0,59,36,4,1,61.016949152542374,60.59322033898305,60.59322033898306,18.43,94.09,83.62068965517241,45,30,3,3,66.66666666666666,69.44444444444444,69.44444444444444,4.359999999999999,55.230000000000004,92.6833361302232
2023-24,17,2023-12-16,mancity,crystalpalace,2.0,2.0,31,24,1,0,77.41935483870968,76.61290322580645,76.61290322580645,0.15,143.79,99.89578991246351,39,27,4,1,69.23076923076923,67.3076923076923,67.3076923076923,3.84,75.4,95.15396264512871
2023-24,17,2023-12-16,newcastle,fulham,3.0,0.0,44,25,6,1,56.81818181818182,57.95454545454545,57.95454545454546,22.42,97.17,81.25261309474037,38,28,1,0,73.68421052631578,71.05263157894737,71.05263157894737,4.12,84.36,95.34358047016275
2023-24,17,2023-12-16,burnley,everton,0.0,2.0,44,25,4,1,56.81818181818182,57.38636363636363,57.38636363636363,7.57,58.690000000000005,88.57530938726231,34,24,4,1,70.58823529411765,72.79411764705883,72.79411764705883,11.379999999999999,73.56,86.60230751118438
2023-24,17,2023-12-17,arsenal,brighton,2.0,0.0,38,29,0,1,76.31578947368422,78.28947368421052,78.28947368421053,26.3,107.58999999999999,80.35700948539845,47,28,9,0,59.57446808510638,59.57446808510638,59.57446808510638,33.019999999999996,68.33999999999999,67.42304656669297
2023-24,17,2023-12-17,brentford,astonvilla,1.0,2.0,44,29,4,2,65.9090909090909,69.31818181818181,69.31818181818183,10.11,91.41,90.04137115839244,44,24,8,1,54.54545454545454,56.25,56.25,23.31,83.00999999999999,78.07562076749436
2023-24,17,2023-12-17,westham,wolves,3.0,0.0,34,25,0,1,73.52941176470588,69.11764705882354,69.11764705882352,5.11,78.72,93.90433019205535,46,29,2,1,63.04347826086957,66.84782608695652,66.84782608695652,15.12,56.580000000000005,78.9121338912134
2023-24,17,2023-12-17,liverpool,manutd,0.0,0.0,42,32,2,1,76.19047619047619,75.5952380952381,75.59523809523809,0.59,145.44,99.5959734301171,47,28,3,3,59.57446808510638,61.702127659574465,61.702127659574465,8.64,79.75,90.22513859033828
2023-24,18,2023-12-21,crystalpalace,brighton,1.0,1.0,39,27,4,1,69.23076923076923,67.3076923076923,67.3076923076923,3.84,75.4,95.15396264512871,47,28,9,0,59.57446808510638,59.57446808510638,59.57446808510638,33.019999999999996,68.33999999999999,67.42304656669297
2023-24,18,2023-12-22,astonvilla,sheffutd,1.0,1.0,44,24,8,1,54.54545454545454,56.25,56.25,23.31,83.00999999999999,78.07562076749436,45,30,3,3,66.66666666666666,69.44444444444444,69.44444444444444,4.359999999999999,55.230000000000004,92.6833361302232
2023-24,18,2023-12-23,westham,manutd,2.0,0.0,34,25,0,1,73.52941176470588,69.11764705882354,69.11764705882352,5.11,78.72,93.90433019205535,47,28,3,3,59.57446808510638,61.702127659574465,61.702127659574465,8.64,79.75,90.22513859033828
2023-24,18,2023-12-23,fulham,burnley,0.0,2.0,38,28,1,0,73.68421052631578,71.05263157894737,71.05263157894737,4.12,84.36,95.34358047016275,44,25,4,1,56.81818181818182,57.38636363636363,57.38636363636363,7.57,58.690000000000005,88.57530938726231
2023-24,18,2023-12-23,luton,newcastle,1.0,0.0,49,24,7,2,48.97959183673469,50.0,50.0,18.46,53.45,74.32902238909749,44,25,6,1,56.81818181818182,57.95454545454545,57.95454545454546,22.42,97.17,81.25261309474037
2023-24,18,2023-12-23,nottmforest,bournemouth,2.0,3.0,56,30,2,0,53.57142857142857,53.57142857142857,53.57142857142857,7.17,68.72,90.55211490314929,41,27,2,1,65.85365853658537,66.46341463414635,66.46341463414635,9.149999999999999,80.75999999999999,89.82315648982315
2023-24,18,2023-12-23,tottenham,everton,2.0,1.0,43,23,8,1,53.48837209302325,55.23255813953488,55.23255813953488,33.2,86.76,72.324108036012,34,24,4,1,70.58823529411765,72.79411764705883,72.79411764705883,11.379999999999999,73.56,86.60230751118438
2023-24,18,2023-12-23,liverpool,arsenal,1.0,1.0,42,32,2,1,76.19047619047619,75.5952380952381,75.59523809523809,0.59,145.44,99.5959734301171,38,29,0,1,76.31578947368422,78.28947368421052,78.28947368421053,26.3,107.58999999999999,80.35700948539845
2023-24,18,2023-12-24,wolves,chelsea,2.0,1.0,46,29,2,1,63.04347826086957,66.84782608695652,66.84782608695652,15.12,56.580000000000005,78.9121338912134,59,36,4,1,61.016949152542374,60.59322033898305,60.59322033898306,18.43,94.09,83.62068965517241
2023-24,19,2023-12-26,newcastle,nottmforest,1.0,3.0,44,25,6,1,56.81818181818182,57.95454545454545,57.95454545454546,22.42,97.17,81.25261309474037,56,30,2,0,53.57142857142857,53.57142857142857,53.57142857142857,7.17,68.72,90.55211490314929
2023-24,19,2023-12-26,bournemouth,fulham,3.0,0.0,41,27,2,1,65.85365853658537,66.46341463414635,66.46341463414635,9.149999999999999,80.75999999999999,89.82315648982315,38,28,1,0,73.68421052631578,71.05263157894737,71.05263157894737,4.12,84.36,95.34358047016275
2023-24,19,2023-12-26,sheffutd,luton,2.0,3.0,45,30,3,3,66.66666666666666,69.44444444444444,69.44444444444444,4.359999999999999,55.230000000000004,92.6833361302232,49,24,7,2,48.97959183673469,50.0,50.0,18.46,53.45,74.32902238909749
2023-24,19,2023-12-26,burnley,liverpool,0.0,2.0,44,25,4,1,56.81818181818182,57.38636363636363,57.38636363636363,7.57,58.690000000000005,88.57530938726231,42,32,2,1,76.19047619047619,75.5952380952381,75.59523809523809,0.59,145.44,99.5959734301171
2023-24,19,2023-12-26,manutd,astonvilla,3.0,2.0,47,28,3,3,59.57446808510638,61.702127659574465,61.702127659574465,8.64,79.75,90.22513859033828,44,24,8,1,54.54545454545454,56.25,56.25,23.31,83.00999999999999,78.07562076749436
2023-24,19,2023-12-27,brentford,wolves,1.0,4.0,44,29,4,2,65.9090909090909,69.31818181818181,69.31818181818183,10.11,91.41,90.04137115839244,46,29,2,1,63.04347826086957,66.84782608695652,66.84782608695652,15.12,56.580000000000005,78.9121338912134
2023-24,19,2023-12-27,chelsea,crystalpalace,2.0,1.0,59,36,4,1,61.016949152542374,60.59322033898305,60.59322033898306,18.43,94.09,83.62068965517241,39,27,4,1,69.23076923076923,67.3076923076923,67.3076923076923,3.84,75.4,95.15396264512871
2023-24,19,2023-12-27,everton,mancity,1.0,3.0,34,24,4,1,70.58823529411765,72.79411764705883,72.79411764705883,11.379999999999999,73.56,86.60230751118438,31,24,1,0,77.41935483870968,76.61290322580645,76.61290322580645,0.15,143.79,99.89578991246351
2023-24,19,2023-12-28,brighton,tottenham,4.0,2.0,47,28,9,0,59.57446808510638,59.57446808510638,59.57446808510638,33.019999999999996,68.33999999999999,67.42304656669297,43,23,8,1,53.48837209302325,55.23255813953488,55.23255813953488,33.2,86.76,72.324108036012
2023-24,19,2023-12-28,arsenal,westham,0.0,2.0,38,29,0,1,76.31578947368422,78.28947368421052,78.28947368421053,26.3,107.58999999999999,80.35700948539845,34,25,0,1,73.52941176470588,69.11764705882354,69.11764705882352,5.11,78.72,93.90433019205535
2023-24,20,2023-12-30,luton,chelsea,2.0,3.0,49,24,7,2,48.97959183673469,50.0,50.0,18.46,53.45,74.32902238909749,59,36,4,1,61.016949152542374,60.59322033898305,60.59322033898306,18.43,94.09,83.62068965517241
2023-24,20,2023-12-30,astonvilla,burnley,3.0,2.0,44,24,8,1,54.54545454545454,56.25,56.25,23.31,83.00999999999999,78.07562076749436,44,25,4,1,56.81818181818182,57.38636363636363,57.38636363636363,7.57,58.690000000000005,88.57530938726231
2023-24,20,2023-12-30,crystalpalace,brentford,3.0,1.0,39,27,4,1,69.23076923076923,67.3076923076923,67.3076923076923,3.84,75.4,95.15396264512871,44,29,4,2,65.9090909090909,69.31818181818181,69.31818181818183,10.11,91.41,90.04137115839244
2023-24,20,2023-12-30,mancity,sheffutd,2.0,0.0,31,24,1,0,77.41935483870968,76.61290322580645,76.61290322580645,0.15,143.79,99.89578991246351,45,30,3,3,66.66666666666666,69.44444444444444,69.44444444444444,4.359999999999999,55.230000000000004,92.6833361302232
2023-24,20,2023-12-30,wolves,everton,3.0,0.0,46,29,2,1,63.04347826086957,66.84782608695652,66.84782608695652,15.12,56.580000000000005,78.9121338912134,34,24,4,1,70.58823529411765,72.79411764705883,72.79411764705883,11.379999999999999,73.56,86.60230751118438
2023-24,20,2023-12-30,nottmforest,manutd,2.0,1.0,56,30,2,0,53.57142857142857,53.57142857142857,53.57142857142857,7.17,68.72,90.55211490314929,47,28,3,3,59.57446808510638,61.702127659574465,61.702127659574465,8.64,79.75,90.22513859033828
2023-24,20,2023-12-31,fulham,arsenal,2.0,1.0,38,28,1,0,73.68421052631578,71.05263157894737,71.05263157894737,4.12,84.36,95.34358047016275,38,29,0,1,76.31578947368422,78.28947368421052,78.28947368421053,26.3,107.58999999999999,80.35700948539845
2023-24,20,2023-12-31,tottenham,bournemouth,3.0,1.0,43,23,8,1,53.48837209302325,55.23255813953488,55.23255813953488,33.2,86.76,72.324108036012,41,27,2,1,65.85365853658537,66.46341463414635,66.46341463414635,9.149999999999999,80.75999999999999,89.82315648982315
2023-24,20,2024-01-01,liverpool,newcastle,4.0,2.0,42,32,2,1,76.19047619047619,75.5952380952381,75.59523809523809,0.59,145.44,99.5959734301171,44,25,6,1,56.81818181818182,57.95454545454545,57.95454545454546,22.42,97.17,81.25261309474037
2023-24,20,2024-01-02,westham,brighton,0.0,0.0,34,25,0,1,73.52941176470588,69.11764705882354,69.11764705882352,5.11,78.72,93.90433019205535,47,28,9,0,59.57446808510638,59.57446808510638,59.57446808510638,33.019999999999996,68.33999999999999,67.42304656669297
2023-24,21,2024-01-12,burnley,luton,1.0,1.0,44,25,4,1,56.81818181818182,57.38636363636363,57.38636363636363,7.57,58.690000000000005,88.57530938726231,49,24,7,2,48.97959183673469,50.0,50.0,18.46,53.45,74.32902238909749
2023-24,21,2024-01-13,chelsea,fulham,1.0,0.0,59,36,4,1,61.016949152542374,60.59322033898305,60.59322033898306,18.43,94.09,83.62068965517241,38,28,1,0,73.68421052631578,71.05263157894737,71.05263157894737,4.12,84.36,95.34358047016275
2023-24,21,2024-01-13,newcastle,mancity,2.0,3.0,44,25,6,1,56.81818181818182,57.95454545454545,57.95454545454546,22.42,97.17,81.25261309474037,31,24,1,0,77.41935483870968,76.61290322580645,76.61290322580645,0.15,143.79,99.89578991246351
2023-24,21,2024-01-14,everton,astonvilla,0.0,0.0,34,24,4,1,70.58823529411765,72.79411764705883,72.79411764705883,11.379999999999999,73.56,86.60230751118438,44,24,8,1,54.54545454545454,56.25,56.25,23.31,83.00999999999999,78.07562076749436
2023-24,21,2024-01-14,manutd,tottenham,2.0,2.0,47,28,3,3,59.57446808510638,61.702127659574465,61.702127659574465,8.64,79.75,90.22513859033828,43,23,8,1,53.48837209302325,55.23255813953488,55.23255813953488,33.2,86.76,72.324108036012
2023-24,21,2024-01-20,arsenal,crystalpalace,5.0,0.0,38,29,0,1,76.31578947368422,78.28947368421052,78.28947368421053,26.3,107.58999999999999,80.35700948539845,39,27,4,1,69.23076923076923,67.3076923076923,67.3076923076923,3.84,75.4,95.15396264512871
2023-24,21,2024-01-20,brentford,nottmforest,3.0,2.0,44,29,4,2,65.9090909090909,69.31818181818181,69.31818181818183,10.11,91.41,90.04137115839244,56,30,2,0,53.57142857142857,53.57142857142857,53.57142857142857,7.17,68.72,90.55211490314929
2023-24,21,2024-01-21,sheffutd,westham,2.0,2.0,45,30,3,3,66.66666666666666,69.44444444444444,69.44444444444444,4.359999999999999,55.230000000000004,92.6833361302232,34,25,0,1,73.52941176470588,69.11764705882354,69.11764705882352,5.11,78.72,93.90433019205535
2023-24,21,2024-01-21,bournemouth,liverpool,0.0,4.0,41,27,2,1,65.85365853658537,66.46341463414635,66.46341463414635,9.149999999999999,80.75999999999999,89.82315648982315,42,32,2,1,76.19047619047619,75.5952380952381,75.59523809523809,0.59,145.44,99.5959734301171
2023-24,21,2024-01-22,brighton,wolves,0.0,0.0,47,28,9,0,59.57446808510638,59.57446808510638,59.57446808510638,33.019999999999996,68.33999999999999,67.42304656669297,46,29,2,1,63.04347826086957,66.84782608695652,66.84782608695652,15.12,56.580000000000005,78.9121338912134
2023-24,22,2024-01-30,nottmforest,arsenal,1.0,2.0,56,30,2,0,53.57142857142857,53.57142857142857,53.57142857142857,7.17,68.72,90.55211490314929,38,29,0,1,76.31578947368422,78.28947368421052,78.28947368421053,26.3,107.58999999999999,80.35700948539845
2023-24,22,2024-01-30,fulham,everton,0.0,0.0,38,28,1,0,73.68421052631578,71.05263157894737,71.05263157894737,4.12,84.36,95.34358047016275,34,24,4,1,70.58823529411765,72.79411764705883,72.79411764705883,11.379999999999999,73.56,86.60230751118438
2023-24,22,2024-01-30,luton,brighton,4.0,0.0,49,24,7,2,48.97959183673469,50.0,50.0,18.46,53.45,74.32902238909749,47,28,9,0,59.57446808510638,59.57446808510638,59.57446808510638,33.019999999999996,68.33999999999999,67.42304656669297
2023-24,22,2024-01-30,crystalpalace,sheffutd,3.0,2.0,39,27,4,1,69.23076923076923,67.3076923076923,67.3076923076923,3.84,75.4,95.15396264512871,45,30,3,3,66.66666666666666,69.44444444444444,69.44444444444444,4.359999999999999,55.230000000000004,92.6833361302232
2023-24,22,2024-01-30,astonvilla,newcastle,1.0,3.0,44,24,8,1,54.54545454545454,56.25,56.25,23.31,83.00999999999999,78.07562076749436,44,25,6,1,56.81818181818182,57.95454545454545,57.95454545454546,22.42,97.17,81.25261309474037
2023-24,22,2024-01-31,mancity,burnley,3.0,1.0,31,24,1,0,77.41935483870968,76.61290322580645,76.61290322580645,0.15,143.79,99.89578991246351,44,25,4,1,56.81818181818182,57.38636363636363,57.38636363636363,7.57,58.690000000000005,88.57530938726231
2023-24,22,2024-01-31,tottenham,brentford,3.0,2.0,43,23,8,1,53.48837209302325,55.23255813953488,55.23255813953488,33.2,86.76,72.324108036012,44,29,4,2,65.9090909090909,69.31818181818181,69.31818181818183,10.11,91.41,90.04137115839244
2023-24,22,2024-01-31,liverpool,chelsea,4.0,1.0,42,32,2,1,76.19047619047619,75.5952380952381,75.59523809523809,0.59,145.44,99.5959734301171,59,36,4,1,61.016949152542374,60.59322033898305,60.59322033898306,18.43,94.09,83.62068965517241
2023-24,22,2024-02-01,westham,bournemouth,1.0,1.0,34,25,0,1,73.52941176470588,69.11764705882354,69.11764705882352,5.11,78.72,93.90433019205535,41,27,2,1,65.85365853658537,66.46341463414635,66.46341463414635,9.149999999999999,80.75999999999999,89.82315648982315
2023-24,22,2024-02-01,wolves,manutd,3.0,4.0,46,29,2,1,63.04347826086957,66.84782608695652,66.84782608695652,15.12,56.580000000000005,78.9121338912134,47,28,3,3,59.57446808510638,61.702127659574465,61.702127659574465,8.64,79.75,90.22513859033828
2023-24,23,2024-02-03,everton,tottenham,2.0,2.0,34,24,4,1,70.58823529411765,72.79411764705883,72.79411764705883,11.379999999999999,73.56,86.60230751118438,43,23,8,1,53.48837209302325,55.23255813953488,55.23255813953488,33.2,86.76,72.324108036012
2023-24,23,2024-02-03,brighton,crystalpalace,4.0,1.0,47,28,9,0,59.57446808510638,59.57446808510638,59.57446808510638,33.019999999999996,68.33999999999999,67.42304656669297,39,27,4,1,69.23076923076923,67.3076923076923,67.3076923076923,3.84,75.4,95.15396264512871
2023-24,23,2024-02-03,burnley,fulham,2.0,2.0,44,25,4,1,56.81818181818182,57.38636363636363,57.38636363636363,7.57,58.690000000000005,88.57530938726231,38,28,1,0,73.68421052631578,71.05263157894737,71.05263157894737,4.12,84.36,95.34358047016275
2023-24,23,2024-02-03,newcastle,luton,4.0,4.0,44,25,6,1,56.81818181818182,57.95454545454545,57.95454545454546,22.42,97.17,81.25261309474037,49,24,7,2,48.97959183673469,50.0,50.0,18.46,53.45,74.32902238909749
2023-24,23,2024-02-03,sheffutd,astonvilla,0.0,5.0,45,30,3,3,66.66666666666666,69.44444444444444,69.44444444444444,4.359999999999999,55.230000000000004,92.6833361302232,44,24,8,1,54.54545454545454,56.25,56.25,23.31,83.00999999999999,78.07562076749436
2023-24,23,2024-02-04,bournemouth,nottmforest,1.0,1.0,41,27,2,1,65.85365853658537,66.46341463414635,66.46341463414635,9.149999999999999,80.75999999999999,89.82315648982315,56,30,2,0,53.57142857142857,53.57142857142857,53.57142857142857,7.17,68.72,90.55211490314929
2023-24,23,2024-02-04,chelsea,wolves,2.0,4.0,59,36,4,1,61.016949152542374,60.59322033898305,60.59322033898306,18.43,94.09,83.62068965517241,46,29,2,1,63.04347826086957,66.84782608695652,66.84782608695652,15.12,56.580000000000005,78.9121338912134
2023-24,23,2024-02-04,manutd,westham,3.0,0.0,47,28,3,3,59.57446808510638,61.702127659574465,61.702127659574465,8.64,79.75,90.22513859033828,34,25,0,1,73.52941176470588,69.11764705882354,69.11764705882352,5.11,78.72,93.90433019205535
2023-24,23,2024-02-04,arsenal,liverpool,3.0,1.0,38,29,0,1,76.31578947368422,78.28947368421052,78.28947368421053,26.3,107.58999999999999,80.35700948539845,42,32,2,1,76.19047619047619,75.5952380952381,75.59523809523809,0.59,145.44,99.5959734301171
2023-24,23,2024-02-05,brentford,mancity,1.0,3.0,44,29,4,2,65.9090909090909,69.31818181818181,69.31818181818183,10.11,91.41,90.04137115839244,31,24,1,0,77.41935483870968,76.61290322580645,76.61290322580645,0.15,143.79,99.89578991246351
2023-24,24,2024-02-10,mancity,everton,2.0,0.0,31,24,1,0,77.41935483870968,76.61290322580645,76.61290322580645,0.15,143.79,99.89578991246351,34,24,4,1,70.58823529411765,72.79411764705883,72.79411764705883,11.379999999999999,73.56,86.60230751118438
2023-24,24,2024-02-10,fulham,bournemouth,3.0,1.0,38,28,1,0,73.68421052631578,71.05263157894737,71.05263157894737,4.12,84.36,95.34358047016275,41,27,2,1,65.85365853658537,66.46341463414635,66.46341463414635,9.149999999999999,80.75999999999999,89.82315648982315
2023-24,24,2024-02-10,liverpool,burnley,3.0,1.0,42,32,2,1,76.19047619047619,75.5952380952381,75.59523809523809,0.59,145.44,99.5959734301171,44,25,4,1,56.81818181818182,57.38636363636363,57.38636363636363,7.57,58.690000000000005,88.57530938726231
2023-24,24,2024-02-10,luton,sheffutd,1.0,3.0,49,24,7,2,48.97959183673469,50.0,50.0,18.46,53.45,74.32902238909749,45,30,3,3,66.66666666666666,69.44444444444444,69.44444444444444,4.359999999999999,55.230000000000004,92.6833361302232
2023-24,24,2024-02-10,tottenham,brighton,2.0,1.0,43,23,8,1,53.48837209302325,55.23255813953488,55.23255813953488,33.2,86.76,72.324108036012,47,28,9,0,59.57446808510638,59.57446808510638,59.57446808510638,33.019999999999996,68.33999999999999,67.42304656669297
2023-24,24,2024-02-10,wolves,brentford,0.0,2.0,46,29,2,1,63.04347826086957,66.84782608695652,66.84782608695652,15.12,56.580000000000005,78.9121338912134,44,29,4,2,65.9090909090909,69.31818181818181,69.31818181818183,10.11,91.41,90.04137115839244
2023-24,24,2024-02-10,nottmforest,newcastle,2.0,3.0,56,30,2,0,53.57142857142857,53.57142857142857,53.57142857142857,7.17,68.72,90.55211490314929,44,25,6,1,56.81818181818182,57.95454545454545,57.95454545454546,22.42,97.17,81.25261309474037
2023-24,24,2024-02-11,westham,arsenal,0.0,6.0,34,25,0,1,73.52941176470588,69.11764705882354,69.11764705882352,5.11,78.72,93.90433019205535,38,29,0,1,76.31578947368422,78.28947368421052,78.28947368421053,26.3,107.58999999999999,80.35700948539845
2023-24,24,2024-02-11,astonvilla,manutd,1.0,2.0,44,24,8,1,54.54545454545454,56.25,56.25,23.31,83.00999999999999,78.07562076749436,47,28,3,3,59.57446808510638,61.702127659574465,61.702127659574465,8.64,79.75,90.22513859033828
2023-24,24,2024-02-12,crystalpalace,chelsea,1.0,3.0,39,27,4,1,69.23076923076923,67.3076923076923,67.3076923076923,3.84,75.4,95.15396264512871,59,36,4,1,61.016949152542374,60.59322033898305,60.59322033898306,18.43,94.09,83.62068965517241
2023-24,25,2024-02-17,brentford,liverpool,1.0,4.0,44,29,4,2,65.9090909090909,69.31818181818181,69.31818181818183,10.11,91.41,90.04137115839244,42,32,2,1,76.19047619047619,75.5952380952381,75.59523809523809,0.59,145.44,99.5959734301171
2023-24,25,2024-02-17,burnley,arsenal,0.0,5.0,44,25,4,1,56.81818181818182,57.38636363636363,57.38636363636363,7.57,58.690000000000005,88.57530938726231,38,29,0,1,76.31578947368422,78.28947368421052,78.28947368421053,26.3,107.58999999999999,80.35700948539845
2023-24,25,2024-02-17,fulham,astonvilla,1.0,2.0,38,28,1,0,73.68421052631578,71.05263157894737,71.05263157894737,4.12,84.36,95.34358047016275,44,24,8,1,54.54545454545454,56.25,56.25,23.31,83.00999999999999,78.07562076749436
2023-24,25,2024-02-17,newcastle,bournemouth,2.0,2.0,44,25,6,1,56.81818181818182,57.95454545454545,57.95454545454546,22.42,97.17,81.25261309474037,41,27,2,1,65.85365853658537,66.46341463414635,66.46341463414635,9.149999999999999,80.75999999999999,89.82315648982315
2023-24,25,2024-02-17,nottmforest,westham,2.0,0.0,56,30,2,0,53.57142857142857,53.57142857142857,53.57142857142857,7.17,68.72,90.55211490314929,34,25,0,1,73.52941176470588,69.11764705882354,69.11764705882352,5.11,78.72,93.90433019205535
2023-24,25,2024-02-17,tottenham,wolves,1.0,2.0,43,23,8,1,53.48837209302325,55.23255813953488,55.23255813953488,33.2,86.76,72.324108036012,46,29,2,1,63.04347826086957,66.84782608695652,66.84782608695652,15.12,56.580000000000005,78.9121338912134
2023-24,25,2024-02-17,mancity,chelsea,1.0,1.0,31,24,1,0,77.41935483870968,76.61290322580645,76.61290322580645,0.15,143.79,99.89578991246351,59,36,4,1,61.016949152542374,60.59322033898305,60.59322033898306,18.43,94.09,83.62068965517241
2023-24,25,2024-02-18,sheffutd,brighton,0.0,5.0,45,30,3,3,66.66666666666666,69.44444444444444,69.44444444444444,4.359999999999999,55.230000000000004,92.6833361302232,47,28,9,0,59.57446808510638,59.57446808510638,59.57446808510638,33.019999999999996,68.33999999999999,67.42304656669297
2023-24,25,2024-02-18,luton,manutd,1.0,2.0,49,24,7,2,48.97959183673469,50.0,50.0,18.46,53.45,74.32902238909749,47,28,3,3,59.57446808510638,61.702127659574465,61.702127659574465,8.64,79.75,90.22513859033828
2023-24,25,2024-02-19,everton,crystalpalace,1.0,1.0,34,24,4,1,70.58823529411765,72.79411764705883,72.79411764705883,11.379999999999999,73.56,86.60230751118438,39,27,4,1,69.23076923076923,67.3076923076923,67.3076923076923,3.84,75.4,95.15396264512871
2023-24,25,2024-02-20,mancity,brentford,1.0,0.0,31,24,1,0,77.41935483870968,76.61290322580645,76.61290322580645,0.15,143.79,99.89578991246351,44,29,4,2,65.9090909090909,69.31818181818181,69.31818181818183,10.11,91.41,90.04137115839244
2023-24,25,2024-02-21,liverpool,luton,4.0,1.0,42,32,2,1,76.19047619047619,75.5952380952381,75.59523809523809,0.59,145.44,99.5959734301171,49,24,7,2,48.97959183673469,50.0,50.0,18.46,53.45,74.32902238909749
2023-24,26,2024-02-24,astonvilla,nottmforest,4.0,2.0,44,24,8,1,54.54545454545454,56.25,56.25,23.31,83.00999999999999,78.07562076749436,56,30,2,0,53.57142857142857,53.57142857142857,53.57142857142857,7.17,68.72,90.55211490314929
2023-24,26,2024-02-24,brighton,everton,1.0,1.0,47,28,9,0,59.57446808510638,59.57446808510638,59.57446808510638,33.019999999999996,68.33999999999999,67.42304656669297,34,24,4,1,70.58823529411765,72.79411764705883,72.79411764705883,11.379999999999999,73.56,86.60230751118438
2023-24,26,2024-02-24,crystalpalace,burnley,3.0,0.0,39,27,4,1,69.23076923076923,67.3076923076923,67.3076923076923,3.84,75.4,95.15396264512871,44,25,4,1,56.81818181818182,57.38636363636363,57.38636363636363,7.57,58.690000000000005,88.57530938726231
2023-24,26,2024-02-24,manutd,fulham,1.0,2.0,47,28,3,3,59.57446808510638,61.702127659574465,61.702127659574465,8.64,79.75,90.22513859033828,38,28,1,0,73.68421052631578,71.05263157894737,71.05263157894737,4.12,84.36,95.34358047016275
2023-24,26,2024-02-24,bournemouth,mancity,0.0,1.0,41,27,2,1,65.85365853658537,66.46341463414635,66.46341463414635,9.149999999999999,80.75999999999999,89.82315648982315,31,24,1,0,77.41935483870968,76.61290322580645,76.61290322580645,0.15,143.79,99.89578991246351
2023-24,26,2024-02-24,arsenal,newcastle,4.0,1.0,38,29,0,1,76.31578947368422,78.28947368421052,78.28947368421053,26.3,107.58999999999999,80.35700948539845,44,25,6,1,56.81818181818182,57.95454545454545,57.95454545454546,22.42,97.17,81.25261309474037
2023-24,26,2024-02-25,wolves,sheffutd,1.0,0.0,46,29,2,1,63.04347826086957,66.84782608695652,66.84782608695652,15.12,56.580000000000005,78.9121338912134,45,30,3,3,66.66666666666666,69.44444444444444,69.44444444444444,4.359999999999999,55.230000000000004,92.6833361302232
2023-24,26,2024-02-26,westham,brentford,4.0,2.0,34,25,0,1,73.52941176470588,69.11764705882354,69.11764705882352,5.11,78.72,93.90433019205535,44,29,4,2,65.9090909090909,69.31818181818181,69.31818181818183,10.11,91.41,90.04137115839244
2023-24,27,2024-03-02,brentford,chelsea,2.0,2.0,44,29,4,2,65.9090909090909,69.31818181818181,69.31818181818183,10.11,91.41,90.04137115839244,59,36,4,1,61.016949152542374,60.59322033898305,60.59322033898306,18.43,94.09,83.62068965517241
2023-24,27,2024-03-02,everton,westham,1.0,3.0,34,24,4,1,70.58823529411765,72.79411764705883,72.79411764705883,11.379999999999999,73.56,86.60230751118438,34,25,0,1,73.52941176470588,69.11764705882354,69.11764705882352,5.11,78.72,93.90433019205535
2023-24,27,2024-03-02,fulham,brighton,3.0,0.0,38,28,1,0,73.68421052631578,71.05263157894737,71.05263157894737,4.12,84.36,95.34358047016275,47,28,9,0,59.57446808510638,59.57446808510638,59.57446808510638,33.019999999999996,68.33999999999999,67.42304656669297
2023-24,27,2024-03-02,newcastle,wolves,3.0,0.0,44,25,6,1,56.81818181818182,57.95454545454545,57.95454545454546,22.42,97.17,81.25261309474037,46,29,2,1,63.04347826086957,66.84782608695652,66.84782608695652,15.12,56.580000000000005,78.9121338912134
2023-24,27,2024-03-02,nottmforest,liverpool,0.0,1.0,56,30,2,0,53.57142857142857,53.57142857142857,53.57142857142857,7.17,68.72,90.55211490314929,42,32,2,1,76.19047619047619,75.5952380952381,75.59523809523809,0.59,145.44,99.5959734301171
2023-24,27,2024-03-02,tottenham,crystalpalace,3.0,1.0,43,23,8,1,53.48837209302325,55.23255813953488,55.23255813953488,33.2,86.76,72.324108036012,39,27,4,1,69.23076923076923,67.3076923076923,67.3076923076923,3.84,75.4,95.15396264512871
2023-24,27,2024-03-02,luton,astonvilla,2.0,3.0,49,24,7,2,48.97959183673469,50.0,50.0,18.46,53.45,74.32902238909749,44,24,8,1,54.54545454545454,56.25,56.25,23.31,83.00999999999999,78.07562076749436
2023-24,27,2024-03-03,burnley,bournemouth,0.0,2.0,44,25,4,1,56.81818181818182,57.38636363636363,57.38636363636363,7.57,58.690000000000005,88.57530938726231,41,27,2,1,65.85365853658537,66.46341463414635,66.46341463414635,9.149999999999999,80.75999999999999,89.82315648982315
2023-24,27,2024-03-03,mancity,manutd,3.0,1.0,31,24,1,0,77.41935483870968,76.61290322580645,76.61290322580645,0.15,143.79,99.89578991246351,47,28,3,3,59.57446808510638,61.702127659574465,61.702127659574465,8.64,79.75,90.22513859033828
2023-24,27,2024-03-04,sheffutd,arsenal,0.0,6.0,45,30,3,3,66.66666666666666,69.44444444444444,69.44444444444444,4.359999999999999,55.230000000000004,92.6833361302232,38,29,0,1,76.31578947368422,78.28947368421052,78.28947368421053,26.3,107.58999999999999,80.35700948539845
2023-24,28,2024-03-09,manutd,everton,2.0,0.0,47,28,3,3,59.57446808510638,61.702127659574465,61.702127659574465,8.64,79.75,90.22513859033828,34,24,4,1,70.58823529411765,72.79411764705883,72.79411764705883,11.379999999999999,73.56,86.60230751118438
2023-24,28,2024-03-09,bournemouth,sheffutd,2.0,2.0,41,27,2,1,65.85365853658537,66.46341463414635,66.46341463414635,9.149999999999999,80.75999999999999,89.82315648982315,45,30,3,3,66.66666666666666,69.44444444444444,69.44444444444444,4.359999999999999,55.230000000000004,92.6833361302232
2023-24,28,2024-03-09,crystalpalace,luton,1.0,1.0,39,27,4,1,69.23076923076923,67.3076923076923,67.3076923076923,3.84,75.4,95.15396264512871,49,24,7,2,48.97959183673469,50.0,50.0,18.46,53.45,74.32902238909749
2023-24,28,2024-03-09,wolves,fulham,2.0,1.0,46,29,2,1,63.04347826086957,66.84782608695652,66.84782608695652,15.12,56.580000000000005,78.9121338912134,38,28,1,0,73.68421052631578,71.05263157894737,71.05263157894737,4.12,84.36,95.34358047016275
2023-24,28,2024-03-09,arsenal,brentford,2.0,1.0,38,29,0,1,76.31578947368422,78.28947368421052,78.28947368421053,26.3,107.58999999999999,80.35700948539845,44,29,4,2,65.9090909090909,69.31818181818181,69.31818181818183,10.11,91.41,90.04137115839244
2023-24,28,2024-03-10,astonvilla,tottenham,0.0,4.0,44,24,8,1,54.54545454545454,56.25,56.25,23.31,83.00999999999999,78.07562076749436,43,23,8,1,53.48837209302325,55.23255813953488,55.23255813953488,33.2,86.76,72.324108036012
2023-24,28,2024-03-10,brighton,nottmforest,1.0,0.0,47,28,9,0,59.57446808510638,59.57446808510638,59.57446808510638,33.019999999999996,68.33999999999999,67.42304656669297,56,30,2,0,53.57142857142857,53.57142857142857,53.57142857142857,7.17,68.72,90.55211490314929
2023-24,28,2024-03-10,westham,burnley,2.0,2.0,34,25,0,1,73.52941176470588,69.11764705882354,69.11764705882352,5.11,78.72,93.90433019205535,44,25,4,1,56.81818181818182,57.38636363636363,57.38636363636363,7.57,58.690000000000005,88.57530938726231
2023-24,28,2024-03-10,liverpool,mancity,1.0,1.0,42,32,2,1,76.19047619047619,75.5952380952381,75.59523809523809,0.59,145.44,99.5959734301171,31,24,1,0,77.41935483870968,76.61290322580645,76.61290322580645,0.15,143.79,99.89578991246351
2023-24,28,2024-03-11,chelsea,newcastle,3.0,2.0,59,36,4,1,61.016949152542374,60.59322033898305,60.59322033898306,18.43,94.09,83.62068965517241,44,25,6,1,56.81818181818182,57.95454545454545,57.95454545454546,22.42,97.17,81.25261309474037
2023-24,28,2024-03-13,bournemouth,luton,4.0,3.0,41,27,2,1,65.85365853658537,66.46341463414635,66.46341463414635,9.149999999999999,80.75999999999999,89.82315648982315,49,24,7,2,48.97959183673469,50.0,50.0,18.46,53.45,74.32902238909749
2023-24,29,2024-03-16,burnley,brentford,2.0,1.0,44,25,4,1,56.81818181818182,57.38636363636363,57.38636363636363,7.57,58.690000000000005,88.57530938726231,44,29,4,2,65.9090909090909,69.31818181818181,69.31818181818183,10.11,91.41,90.04137115839244
2023-24,29,2024-03-16,luton,nottmforest,1.0,1.0,49,24,7,2,48.97959183673469,50.0,50.0,18.46,53.45,74.32902238909749,56,30,2,0,53.57142857142857,53.57142857142857,53.57142857142857,7.17,68.72,90.55211490314929
2023-24,29,2024-03-16,fulham,tottenham,3.0,0.0,38,28,1,0,73.68421052631578,71.05263157894737,71.05263157894737,4.12,84.36,95.34358047016275,43,23,8,1,53.48837209302325,55.23255813953488,55.23255813953488,33.2,86.76,72.324108036012
2023-24,29,2024-03-17,westham,astonvilla,1.0,1.0,34,25,0,1,73.52941176470588,69.11764705882354,69.11764705882352,5.11,78.72,93.90433019205535,44,24,8,1,54.54545454545454,56.25,56.25,23.31,83.00999999999999,78.07562076749436
2023-24,30,2024-03-30,newcastle,westham,4.0,3.0,44,25,6,1,56.81818181818182,57.95454545454545,57.95454545454546,22.42,97.17,81.25261309474037,34,25,0,1,73.52941176470588,69.11764705882354,69.11764705882352,5.11,78.72,93.90433019205535
2023-24,30,2024-03-30,bournemouth,everton,2.0,1.0,41,27,2,1,65.85365853658537,66.46341463414635,66.46341463414635,9.149999999999999,80.75999999999999,89.82315648982315,34,24,4,1,70.58823529411765,72.79411764705883,72.79411764705883,11.379999999999999,73.56,86.60230751118438
2023-24,30,2024-03-30,chelsea,burnley,2.0,2.0,59,36,4,1,61.016949152542374,60.59322033898305,60.59322033898306,18.43,94.09,83.62068965517241,44,25,4,1,56.81818181818182,57.38636363636363,57.38636363636363,7.57,58.690000000000005,88.57530938726231
2023-24,30,2024-03-30,nottmforest,crystalpalace,1.0,1.0,56,30,2,0,53.57142857142857,53.57142857142857,53.57142857142857,7.17,68.72,90.55211490314929,39,27,4,1,69.23076923076923,67.3076923076923,67.3076923076923,3.84,75.4,95.15396264512871
2023-24,30,2024-03-30,sheffutd,fulham,3.0,3.0,45,30,3,3,66.66666666666666,69.44444444444444,69.44444444444444,4.359999999999999,55.230000000000004,92.6833361302232,38,28,1,0,73.68421052631578,71.05263157894737,71.05263157894737,4.12,84.36,95.34358047016275
2023-24,30,2024-03-30,tottenham,luton,2.0,1.0,43,23,8,1,53.48837209302325,55.23255813953488,55.23255813953488,33.2,86.76,72.324108036012,49,24,7,2,48.97959183673469,50.0,50.0,18.46,53.45,74.32902238909749
2023-24,30,2024-03-30,astonvilla,wolves,2.0,0.0,44,24,8,1,54.54545454545454,56.25,56.25,23.31,83.00999999999999,78.07562076749436,46,29,2,1,63.04347826086957,66.84782608695652,66.84782608695652,15.12,56.580000000000005,78.9121338912134
2023-24,30,2024-03-30,brentford,manutd,1.0,1.0,44,29,4,2,65.9090909090909,69.31818181818181,69.31818181818183,10.11,91.41,90.04137115839244,47,28,3,3,59.57446808510638,61.702127659574465,61.702127659574465,8.64,79.75,90.22513859033828
2023-24,30,2024-03-31,liverpool,brighton,2.0,1.0,42,32,2,1,76.19047619047619,75.5952380952381,75.59523809523809,0.59,145.44,99.5959734301171,47,28,9,0,59.57446808510638,59.57446808510638,59.57446808510638,33.019999999999996,68.33999999999999,67.42304656669297
2023-24,30,2024-03-31,mancity,arsenal,0.0,0.0,31,24,1,0,77.41935483870968,76.61290322580645,76.61290322580645,0.15,143.79,99.89578991246351,38,29,0,1,76.31578947368422,78.28947368421052,78.28947368421053,26.3,107.58999999999999,80.35700948539845
2023-24,31,2024-04-02,newcastle,everton,1.0,1.0,44,25,6,1,56.81818181818182,57.95454545454545,57.95454545454546,22.42,97.17,81.25261309474037,34,24,4,1,70.58823529411765,72.79411764705883,72.79411764705883,11.379999999999999,73.56,86.60230751118438
2023-24,31,2024-04-02,nottmforest,fulham,3.0,1.0,56,30,2,0,53.57142857142857,53.57142857142857,53.57142857142857,7.17,68.72,90.55211490314929,38,28,1,0,73.68421052631578,71.05263157894737,71.05263157894737,4.12,84.36,95.34358047016275
2023-24,31,2024-04-02,bournemouth,crystalpalace,1.0,0.0,41,27,2,1,65.85365853658537,66.46341463414635,66.46341463414635,9.149999999999999,80.75999999999999,89.82315648982315,39,27,4,1,69.23076923076923,67.3076923076923,67.3076923076923,3.84,75.4,95.15396264512871
2023-24,31,2024-04-02,burnley,wolves,1.0,1.0,44,25,4,1,56.81818181818182,57.38636363636363,57.38636363636363,7.57,58.690000000000005,88.57530938726231,46,29,2,1,63.04347826086957,66.84782608695652,66.84782608695652,15.12,56.580000000000005,78.9121338912134
2023-24,31,2024-04-02,westham,tottenham,1.0,1.0,34,25,0,1,73.52941176470588,69.11764705882354,69.11764705882352,5.11,78.72,93.90433019205535,43,23,8,1,53.48837209302325,55.23255813953488,55.23255813953488,33.2,86.76,72.324108036012
2023-24,31,2024-04-03,arsenal,luton,2.0,0.0,38,29,0,1,76.31578947368422,78.28947368421052,78.28947368421053,26.3,107.58999999999999,80.35700948539845,49,24,7,2,48.97959183673469,50.0,50.0,18.46,53.45,74.32902238909749
2023-24,31,2024-04-03,brentford,brighton,0.0,0.0,44,29,4,2,65.9090909090909,69.31818181818181,69.31818181818183,10.11,91.41,90.04137115839244,47,28,9,0,59.57446808510638,59.57446808510638,59.57446808510638,33.019999999999996,68.33999999999999,67.42304656669297
2023-24,31,2024-04-03,mancity,astonvilla,4.0,1.0,31,24,1,0,77.41935483870968,76.61290322580645,76.61290322580645,0.15,143.79,99.89578991246351,44,24,8,1,54.54545454545454,56.25,56.25,23.31,83.00999999999999,78.07562076749436
2023-24,31,2024-04-04,liverpool,sheffutd,3.0,1.0,42,32,2,1,76.19047619047619,75.5952380952381,75.59523809523809,0.59,145.44,99.5959734301171,45,30,3,3,66.66666666666666,69.44444444444444,69.44444444444444,4.359999999999999,55.230000000000004,92.6833361302232
2023-24,31,2024-04-04,chelsea,manutd,4.0,3.0,59,36,4,1,61.016949152542374,60.59322033898305,60.59322033898306,18.43,94.09,83.62068965517241,47,28,3,3,59.57446808510638,61.702127659574465,61.702127659574465,8.64,79.75,90.22513859033828
2023-24,32,2024-04-06,crystalpalace,mancity,2.0,4.0,39,27,4,1,69.23076923076923,67.3076923076923,67.3076923076923,3.84,75.4,95.15396264512871,31,24,1,0,77.41935483870968,76.61290322580645,76.61290322580645,0.15,143.79,99.89578991246351
2023-24,32,2024-04-06,astonvilla,brentford,3.0,3.0,44,24,8,1,54.54545454545454,56.25,56.25,23.31,83.00999999999999,78.07562076749436,44,29,4,2,65.9090909090909,69.31818181818181,69.31818181818183,10.11,91.41,90.04137115839244
2023-24,32,2024-04-06,everton,burnley,1.0,0.0,34,24,4,1,70.58823529411765,72.79411764705883,72.79411764705883,11.379999999999999,73.56,86.60230751118438,44,25,4,1,56.81818181818182,57.38636363636363,57.38636363636363,7.57,58.690000000000005,88.57530938726231
2023-24,32,2024-04-06,fulham,newcastle,0.0,1.0,38,28,1,0,73.68421052631578,71.05263157894737,71.05263157894737,4.12,84.36,95.34358047016275,44,25,6,1,56.81818181818182,57.95454545454545,57.95454545454546,22.42,97.17,81.25261309474037
2023-24,32,2024-04-06,luton,bournemouth,2.0,1.0,49,24,7,2,48.97959183673469,50.0,50.0,18.46,53.45,74.32902238909749,41,27,2,1,65.85365853658537,66.46341463414635,66.46341463414635,9.149999999999999,80.75999999999999,89.82315648982315
2023-24,32,2024-04-06,wolves,westham,1.0,2.0,46,29,2,1,63.04347826086957,66.84782608695652,66.84782608695652,15.12,56.580000000000005,78.9121338912134,34,25,0,1,73.52941176470588,69.11764705882354,69.11764705882352,5.11,78.72,93.90433019205535
2023-24,32,2024-04-06,brighton,arsenal,0.0,3.0,47,28,9,0,59.57446808510638,59.57446808510638,59.57446808510638,33.019999999999996,68.33999999999999,67.42304656669297,38,29,0,1,76.31578947368422,78.28947368421052,78.28947368421053,26.3,107.58999999999999,80.35700948539845
2023-24,32,2024-04-07,manutd,liverpool,2.0,2.0,47,28,3,3,59.57446808510638,61.702127659574465,61.702127659574465,8.64,79.75,90.22513859033828,42,32,2,1,76.19047619047619,75.5952380952381,75.59523809523809,0.59,145.44,99.5959734301171
2023-24,32,2024-04-07,sheffutd,chelsea,2.0,2.0,45,30,3,3,66.66666666666666,69.44444444444444,69.44444444444444,4.359999999999999,55.230000000000004,92.6833361302232,59,36,4,1,61.016949152542374,60.59322033898305,60.59322033898306,18.43,94.09,83.62068965517241
2023-24,32,2024-04-07,tottenham,nottmforest,3.0,1.0,43,23,8,1,53.48837209302325,55.23255813953488,55.23255813953488,33.2,86.76,72.324108036012,56,30,2,0,53.57142857142857,53.57142857142857,53.57142857142857,7.17,68.72,90.55211490314929
2023-24,33,2024-04-13,newcastle,tottenham,4.0,0.0,44,25,6,1,56.81818181818182,57.95454545454545,57.95454545454546,22.42,97.17,81.25261309474037,43,23,8,1,53.48837209302325,55.23255813953488,55.23255813953488,33.2,86.76,72.324108036012
2023-24,33,2024-04-13,brentford,sheffutd,2.0,0.0,44,29,4,2,65.9090909090909,69.31818181818181,69.31818181818183,10.11,91.41,90.04137115839244,45,30,3,3,66.66666666666666,69.44444444444444,69.44444444444444,4.359999999999999,55.230000000000004,92.6833361302232
2023-24,33,2024-04-13,burnley,brighton,1.0,1.0,44,25,4,1,56.81818181818182,57.38636363636363,57.38636363636363,7.57,58.690000000000005,88.57530938726231,47,28,9,0,59.57446808510638,59.57446808510638,59.57446808510638,33.019999999999996,68.33999999999999,67.42304656669297
2023-24,33,2024-04-13,mancity,luton,5.0,1.0,31,24,1,0,77.41935483870968,76.61290322580645,76.61290322580645,0.15,143.79,99.89578991246351,49,24,7,2,48.97959183673469,50.0,50.0,18.46,53.45,74.32902238909749
2023-24,33,2024-04-13,nottmforest,wolves,2.0,2.0,56,30,2,0,53.57142857142857,53.57142857142857,53.57142857142857,7.17,68.72,90.55211490314929,46,29,2,1,63.04347826086957,66.84782608695652,66.84782608695652,15.12,56.580000000000005,78.9121338912134
2023-24,33,2024-04-13,bournemouth,manutd,2.0,2.0,41,27,2,1,65.85365853658537,66.46341463414635,66.46341463414635,9.149999999999999,80.75999999999999,89.82315648982315,47,28,3,3,59.57446808510638,61.702127659574465,61.702127659574465,8.64,79.75,90.22513859033828
2023-24,33,2024-04-14,liverpool,crystalpalace,0.0,1.0,42,32,2,1,76.19047619047619,75.5952380952381,75.59523809523809,0.59,145.44,99.5959734301171,39,27,4,1,69.23076923076923,67.3076923076923,67.3076923076923,3.84,75.4,95.15396264512871
2023-24,33,2024-04-14,westham,fulham,0.0,2.0,34,25,0,1,73.52941176470588,69.11764705882354,69.11764705882352,5.11,78.72,93.90433019205535,38,28,1,0,73.68421052631578,71.05263157894737,71.05263157894737,4.12,84.36,95.34358047016275
2023-24,33,2024-04-14,arsenal,astonvilla,0.0,2.0,38,29,0,1,76.31578947368422,78.28947368421052,78.28947368421053,26.3,107.58999999999999,80.35700948539845,44,24,8,1,54.54545454545454,56.25,56.25,23.31,83.00999999999999,78.07562076749436
2023-24,33,2024-04-15,chelsea,everton,6.0,0.0,59,36,4,1,61.016949152542374,60.59322033898305,60.59322033898306,18.43,94.09,83.62068965517241,34,24,4,1,70.58823529411765,72.79411764705883,72.79411764705883,11.379999999999999,73.56,86.60230751118438
2023-24,34,2024-04-20,luton,brentford,1.0,5.0,49,24,7,2,48.97959183673469,50.0,50.0,18.46,53.45,74.32902238909749,44,29,4,2,65.9090909090909,69.31818181818181,69.31818181818183,10.11,91.41,90.04137115839244
2023-24,34,2024-04-20,sheffutd,burnley,1.0,4.0,45,30,3,3,66.66666666666666,69.44444444444444,69.44444444444444,4.359999999999999,55.230000000000004,92.6833361302232,44,25,4,1,56.81818181818182,57.38636363636363,57.38636363636363,7.57,58.690000000000005,88.57530938726231
2023-24,34,2024-04-20,wolves,arsenal,0.0,2.0,46,29,2,1,63.04347826086957,66.84782608695652,66.84782608695652,15.12,56.580000000000005,78.9121338912134,38,29,0,1,76.31578947368422,78.28947368421052,78.28947368421053,26.3,107.58999999999999,80.35700948539845
2023-24,34,2024-04-21,everton,nottmforest,2.0,0.0,34,24,4,1,70.58823529411765,72.79411764705883,72.79411764705883,11.379999999999999,73.56,86.60230751118438,56,30,2,0,53.57142857142857,53.57142857142857,53.57142857142857,7.17,68.72,90.55211490314929
2023-24,34,2024-04-21,astonvilla,bournemouth,3.0,1.0,44,24,8,1,54.54545454545454,56.25,56.25,23.31,83.00999999999999,78.07562076749436,41,27,2,1,65.85365853658537,66.46341463414635,66.46341463414635,9.149999999999999,80.75999999999999,89.82315648982315
2023-24,34,2024-04-21,crystalpalace,westham,5.0,2.0,39,27,4,1,69.23076923076923,67.3076923076923,67.3076923076923,3.84,75.4,95.15396264512871,34,25,0,1,73.52941176470588,69.11764705882354,69.11764705882352,5.11,78.72,93.90433019205535
2023-24,34,2024-04-21,fulham,liverpool,1.0,3.0,38,28,1,0,73.68421052631578,71.05263157894737,71.05263157894737,4.12,84.36,95.34358047016275,42,32,2,1,76.19047619047619,75.5952380952381,75.59523809523809,0.59,145.44,99.5959734301171
2023-24,34,2024-04-23,arsenal,chelsea,5.0,0.0,38,29,0,1,76.31578947368422,78.28947368421052,78.28947368421053,26.3,107.58999999999999,80.35700948539845,59,36,4,1,61.016949152542374,60.59322033898305,60.59322033898306,18.43,94.09,83.62068965517241
2023-24,34,2024-04-24,wolves,bournemouth,0.0,1.0,46,29,2,1,63.04347826086957,66.84782608695652,66.84782608695652,15.12,56.580000000000005,78.9121338912134,41,27,2,1,65.85365853658537,66.46341463414635,66.46341463414635,9.149999999999999,80.75999999999999,89.82315648982315
2023-24,34,2024-04-24,crystalpalace,newcastle,2.0,0.0,39,27,4,1,69.23076923076923,67.3076923076923,67.3076923076923,3.84,75.4,95.15396264512871,44,25,6,1,56.81818181818182,57.95454545454545,57.95454545454546,22.42,97.17,81.25261309474037
2023-24,34,2024-04-24,everton,liverpool,2.0,0.0,34,24,4,1,70.58823529411765,72.79411764705883,72.79411764705883,11.379999999999999,73.56,86.60230751118438,42,32,2,1,76.19047619047619,75.5952380952381,75.59523809523809,0.59,145.44,99.5959734301171
2023-24,34,2024-04-24,manutd,sheffutd,4.0,2.0,47,28,3,3,59.57446808510638,61.702127659574465,61.702127659574465,8.64,79.75,90.22513859033828,45,30,3,3,66.66666666666666,69.44444444444444,69.44444444444444,4.359999999999999,55.230000000000004,92.6833361302232
2023-24,34,2024-04-25,brighton,mancity,0.0,4.0,47,28,9,0,59.57446808510638,59.57446808510638,59.57446808510638,33.019999999999996,68.33999999999999,67.42304656669297,31,24,1,0,77.41935483870968,76.61290322580645,76.61290322580645,0.15,143.79,99.89578991246351
2023-24,35,2024-04-27,westham,liverpool,2.0,2.0,34,25,0,1,73.52941176470588,69.11764705882354,69.11764705882352,5.11,78.72,93.90433019205535,42,32,2,1,76.19047619047619,75.5952380952381,75.59523809523809,0.59,145.44,99.5959734301171
2023-24,35,2024-04-27,fulham,crystalpalace,1.0,1.0,38,28,1,0,73.68421052631578,71.05263157894737,71.05263157894737,4.12,84.36,95.34358047016275,39,27,4,1,69.23076923076923,67.3076923076923,67.3076923076923,3.84,75.4,95.15396264512871
2023-24,35,2024-04-27,manutd,burnley,1.0,1.0,47,28,3,3,59.57446808510638,61.702127659574465,61.702127659574465,8.64,79.75,90.22513859033828,44,25,4,1,56.81818181818182,57.38636363636363,57.38636363636363,7.57,58.690000000000005,88.57530938726231
2023-24,35,2024-04-27,newcastle,sheffutd,5.0,1.0,44,25,6,1,56.81818181818182,57.95454545454545,57.95454545454546,22.42,97.17,81.25261309474037,45,30,3,3,66.66666666666666,69.44444444444444,69.44444444444444,4.359999999999999,55.230000000000004,92.6833361302232
2023-24,35,2024-04-27,wolves,luton,2.0,1.0,46,29,2,1,63.04347826086957,66.84782608695652,66.84782608695652,15.12,56.580000000000005,78.9121338912134,49,24,7,2,48.97959183673469,50.0,50.0,18.46,53.45,74.32902238909749
2023-24,35,2024-04-27,everton,brentford,1.0,0.0,34,24,4,1,70.58823529411765,72.79411764705883,72.79411764705883,11.379999999999999,73.56,86.60230751118438,44,29,4,2,65.9090909090909,69.31818181818181,69.31818181818183,10.11,91.41,90.04137115839244
2023-24,35,2024-04-27,astonvilla,chelsea,2.0,2.0,44,24,8,1,54.54545454545454,56.25,56.25,23.31,83.00999999999999,78.07562076749436,59,36,4,1,61.016949152542374,60.59322033898305,60.59322033898306,18.43,94.09,83.62068965517241
2023-24,35,2024-04-28,bournemouth,brighton,3.0,0.0,41,27,2,1,65.85365853658537,66.46341463414635,66.46341463414635,9.149999999999999,80.75999999999999,89.82315648982315,47,28,9,0,59.57446808510638,59.57446808510638,59.57446808510638,33.019999999999996,68.33999999999999,67.42304656669297
2023-24,35,2024-04-28,tottenham,arsenal,2.0,3.0,43,23,8,1,53.48837209302325,55.23255813953488,55.23255813953488,33.2,86.76,72.324108036012,38,29,0,1,76.31578947368422,78.28947368421052,78.28947368421053,26.3,107.58999999999999,80.35700948539845
2023-24,35,2024-04-28,nottmforest,mancity,0.0,2.0,56,30,2,0,53.57142857142857,53.57142857142857,53.57142857142857,7.17,68.72,90.55211490314929,31,24,1,0,77.41935483870968,76.61290322580645,76.61290322580645,0.15,143.79,99.89578991246351
2023-24,35,2024-05-02,chelsea,tottenham,2.0,0.0,59,36,4,1,61.016949152542374,60.59322033898305,60.59322033898306,18.43,94.09,83.62068965517241,43,23,8,1,53.48837209302325,55.23255813953488,55.23255813953488,33.2,86.76,72.324108036012
2023-24,36,2024-05-03,luton,everton,1.0,1.0,49,24,7,2,48.97959183673469,50.0,50.0,18.46,53.45,74.32902238909749,34,24,4,1,70.58823529411765,72.79411764705883,72.79411764705883,11.379999999999999,73.56,86.60230751118438
2023-24,36,2024-05-04,arsenal,bournemouth,3.0,0.0,38,29,0,1,76.31578947368422,78.28947368421052,78.28947368421053,26.3,107.58999999999999,80.35700948539845,41,27,2,1,65.85365853658537,66.46341463414635,66.46341463414635,9.149999999999999,80.75999999999999,89.82315648982315
2023-24,36,2024-05-04,brentford,fulham,0.0,0.0,44,29,4,2,65.9090909090909,69.31818181818181,69.31818181818183,10.11,91.41,90.04137115839244,38,28,1,0,73.68421052631578,71.05263157894737,71.05263157894737,4.12,84.36,95.34358047016275
2023-24,36,2024-05-04,burnley,newcastle,1.0,4.0,44,25,4,1,56.81818181818182,57.38636363636363,57.38636363636363,7.57,58.690000000000005,88.57530938726231,44,25,6,1,56.81818181818182,57.95454545454545,57.95454545454546,22.42,97.17,81.25261309474037
2023-24,36,2024-05-04,sheffutd,nottmforest,1.0,3.0,45,30,3,3,66.66666666666666,69.44444444444444,69.44444444444444,4.359999999999999,55.230000000000004,92.6833361302232,56,30,2,0,53.57142857142857,53.57142857142857,53.57142857142857,7.17,68.72,90.55211490314929
2023-24,36,2024-05-04,mancity,wolves,5.0,1.0,31,24,1,0,77.41935483870968,76.61290322580645,76.61290322580645,0.15,143.79,99.89578991246351,46,29,2,1,63.04347826086957,66.84782608695652,66.84782608695652,15.12,56.580000000000005,78.9121338912134
2023-24,36,2024-05-05,brighton,astonvilla,1.0,0.0,47,28,9,0,59.57446808510638,59.57446808510638,59.57446808510638,33.019999999999996,68.33999999999999,67.42304656669297,44,24,8,1,54.54545454545454,56.25,56.25,23.31,83.00999999999999,78.07562076749436
2023-24,36,2024-05-05,chelsea,westham,5.0,0.0,59,36,4,1,61.016949152542374,60.59322033898305,60.59322033898306,18.43,94.09,83.62068965517241,34,25,0,1,73.52941176470588,69.11764705882354,69.11764705882352,5.11,78.72,93.90433019205535
2023-24,36,2024-05-05,liverpool,tottenham,4.0,2.0,42,32,2,1,76.19047619047619,75.5952380952381,75.59523809523809,0.59,145.44,99.5959734301171,43,23,8,1,53.48837209302325,55.23255813953488,55.23255813953488,33.2,86.76,72.324108036012
2023-24,36,2024-05-06,crystalpalace,manutd,4.0,0.0,39,27,4,1,69.23076923076923,67.3076923076923,67.3076923076923,3.84,75.4,95.15396264512871,47,28,3,3,59.57446808510638,61.702127659574465,61.702127659574465,8.64,79.75,90.22513859033828
2023-24,37,2024-05-11,fulham,mancity,0.0,4.0,38,28,1,0,73.68421052631578,71.05263157894737,71.05263157894737,4.12,84.36,95.34358047016275,31,24,1,0,77.41935483870968,76.61290322580645,76.61290322580645,0.15,143.79,99.89578991246351
2023-24,37,2024-05-11,bournemouth,brentford,1.0,2.0,41,27,2,1,65.85365853658537,66.46341463414635,66.46341463414635,9.149999999999999,80.75999999999999,89.82315648982315,44,29,4,2,65.9090909090909,69.31818181818181,69.31818181818183,10.11,91.41,90.04137115839244
2023-24,37,2024-05-11,everton,sheffutd,1.0,0.0,34,24,4,1,70.58823529411765,72.79411764705883,72.79411764705883,11.379999999999999,73.56,86.60230751118438,45,30,3,3,66.66666666666666,69.44444444444444,69.44444444444444,4.359999999999999,55.230000000000004,92.6833361302232
2023-24,37,2024-05-11,newcastle,brighton,1.0,1.0,44,25,6,1,56.81818181818182,57.95454545454545,57.95454545454546,22.42,97.17,81.25261309474037,47,28,9,0,59.57446808510638,59.57446808510638,59.57446808510638,33.019999999999996,68.33999999999999,67.42304656669297
2023-24,37,2024-05-11,tottenham,burnley,2.0,1.0,43,23,8,1,53.48837209302325,55.23255813953488,55.23255813953488,33.2,86.76,72.324108036012,44,25,4,1,56.81818181818182,57.38636363636363,57.38636363636363,7.57,58.690000000000005,88.57530938726231
2023-24,37,2024-05-11,westham,luton,3.0,1.0,34,25,0,1,73.52941176470588,69.11764705882354,69.11764705882352,5.11,78.72,93.90433019205535,49,24,7,2,48.97959183673469,50.0,50.0,18.46,53.45,74.32902238909749
2023-24,37,2024-05-11,wolves,crystalpalace,1.0,3.0,46,29,2,1,63.04347826086957,66.84782608695652,66.84782608695652,15.12,56.580000000000005,78.9121338912134,39,27,4,1,69.23076923076923,67.3076923076923,67.3076923076923,3.84,75.4,95.15396264512871
2023-24,37,2024-05-11,nottmforest,chelsea,2.0,3.0,56,30,2,0,53.57142857142857,53.57142857142857,53.57142857142857,7.17,68.72,90.55211490314929,59,36,4,1,61.016949152542374,60.59322033898305,60.59322033898306,18.43,94.09,83.62068965517241
2023-24,37,2024-05-12,manutd,arsenal,0.0,1.0,47,28,3,3,59.57446808510638,61.702127659574465,61.702127659574465,8.64,79.75,90.22513859033828,38,29,0,1,76.31578947368422,78.28947368421052,78.28947368421053,26.3,107.58999999999999,80.35700948539845
2023-24,37,2024-05-13,astonvilla,liverpool,3.0,3.0,44,24,8,1,54.54545454545454,56.25,56.25,23.31,83.00999999999999,78.07562076749436,42,32,2,1,76.19047619047619,75.5952380952381,75.59523809523809,0.59,145.44,99.5959734301171
2023-24,37,2024-05-14,tottenham,mancity,0.0,2.0,43,23,8,1,53.48837209302325,55.23255813953488,55.23255813953488,33.2,86.76,72.324108036012,31,24,1,0,77.41935483870968,76.61290322580645,76.61290322580645,0.15,143.79,99.89578991246351
2023-24,37,2024-05-15,brighton,chelsea,1.0,2.0,47,28,9,0,59.57446808510638,59.57446808510638,59.57446808510638,33.019999999999996,68.33999999999999,67.42304656669297,59,36,4,1,61.016949152542374,60.59322033898305,60.59322033898306,18.43,94.09,83.62068965517241
2023-24,37,2024-05-15,manutd,newcastle,3.0,2.0,47,28,3,3,59.57446808510638,61.702127659574465,61.702127659574465,8.64,79.75,90.22513859033828,44,25,6,1,56.81818181818182,57.95454545454545,57.95454545454546,22.42,97.17,81.25261309474037
2023-24,38,2024-05-19,arsenal,everton,2.0,1.0,38,29,0,1,76.31578947368422,78.28947368421052,78.28947368421053,26.3,107.58999999999999,80.35700948539845,34,24,4,1,70.58823529411765,72.79411764705883,72.79411764705883,11.379999999999999,73.56,86.60230751118438
2023-24,38,2024-05-19,brentford,newcastle,2.0,4.0,44,29,4,2,65.9090909090909,69.31818181818181,69.31818181818183,10.11,91.41,90.04137115839244,44,25,6,1,56.81818181818182,57.95454545454545,57.95454545454546,22.42,97.17,81.25261309474037
2023-24,38,2024-05-19,brighton,manutd,0.0,2.0,47,28,9,0,59.57446808510638,59.57446808510638,59.57446808510638,33.019999999999996,68.33999999999999,67.42304656669297,47,28,3,3,59.57446808510638,61.702127659574465,61.702127659574465,8.64,79.75,90.22513859033828
2023-24,38,2024-05-19,burnley,nottmforest,1.0,2.0,44,25,4,1,56.81818181818182,57.38636363636363,57.38636363636363,7.57,58.690000000000005,88.57530938726231,56,30,2,0,53.57142857142857,53.57142857142857,53.57142857142857,7.17,68.72,90.55211490314929
2023-24,38,2024-05-19,chelsea,bournemouth,2.0,1.0,59,36,4,1,61.016949152542374,60.59322033898305,60.59322033898306,18.43,94.09,83.62068965517241,41,27,2,1,65.85365853658537,66.46341463414635,66.46341463414635,9.149999999999999,80.75999999999999,89.82315648982315
2023-24,38,2024-05-19,crystalpalace,astonvilla,5.0,0.0,39,27,4,1,69.23076923076923,67.3076923076923,67.3076923076923,3.84,75.4,95.15396264512871,44,24,8,1,54.54545454545454,56.25,56.25,23.31,83.00999999999999,78.07562076749436
2023-24,38,2024-05-19,liverpool,wolves,2.0,0.0,42,32,2,1,76.19047619047619,75.5952380952381,75.59523809523809,0.59,145.44,99.5959734301171,46,29,2,1,63.04347826086957,66.84782608695652,66.84782608695652,15.12,56.580000000000005,78.9121338912134
2023-24,38,2024-05-19,luton,fulham,2.0,4.0,49,24,7,2,48.97959183673469,50.0,50.0,18.46,53.45,74.32902238909749,38,28,1,0,73.68421052631578,71.05263157894737,71.05263157894737,4.12,84.36,95.34358047016275
2023-24,38,2024-05-19,mancity,westham,3.0,1.0,31,24,1,0,77.41935483870968,76.61290322580645,76.61290322580645,0.15,143.79,99.89578991246351,34,25,0,1,73.52941176470588,69.11764705882354,69.11764705882352,5.11,78.72,93.90433019205535
2023-24,38,2024-05-19,sheffutd,tottenham,0.0,3.0,45,30,3,3,66.66666666666666,69.44444444444444,69.44444444444444,4.359999999999999,55.230000000000004,92.6833361302232,43,23,8,1,53.48837209302325,55.23255813953488,55.23255813953488,33.2,86.76,72.324108036012
2024-25,1,2024-08-16,manutd,fulham,1.0,0.0,43,35,1,1,81.3953488372093,82.55813953488372,82.55813953488372,6.17,78.66,92.72662973004833,32,24,4,0,75.0,75.0,75.0,9.4,75.64000000000001,88.94637817497649
2024-25,1,2024-08-17,ipswich,liverpool,0.0,2.0,40,26,5,1,65.0,63.75,63.74999999999999,6.3,51.77,89.15102462545205,35,27,1,0,77.14285714285715,80.0,80.0,8.47,124.0,93.6060994942251
2024-25,1,2024-08-17,arsenal,wolves,2.0,0.0,37,29,5,0,78.37837837837837,78.37837837837837,78.37837837837837,13.89,92.96000000000001,87.0004679457183,46,31,5,0,67.3913043478261,66.30434782608695,66.30434782608695,2.6299999999999994,68.74000000000002,96.3149782821914
2024-25,1,2024-08-17,everton,brighton,0.0,3.0,36,26,6,0,72.22222222222221,72.22222222222223,72.22222222222221,12.68,56.93,81.78422640425225,52,29,3,2,55.769230769230774,54.80769230769231,54.807692307692314,9.23,86.94000000000001,90.40241239471769
2024-25,1,2024-08-17,newcastle,southampton,1.0,0.0,35,25,2,1,71.42857142857143,70.71428571428571,70.71428571428572,11.370000000000001,95.1,89.32093547478162,43,28,1,3,65.11627906976744,66.86046511627907,66.86046511627907,12.580000000000002,44.52,77.96847635726795
2024-25,1,2024-08-17,nottmforest,bournemouth,1.0,1.0,35,25,1,0,71.42857142857143,70.71428571428571,70.71428571428572,2.27,74.24,97.03306757286629,41,28,4,0,68.29268292682927,67.07317073170732,67.07317073170732,23.700000000000003,72.50999999999999,75.36638603055815
2024-25,1,2024-08-17,westham,astonvilla,1.0,2.0,33,28,2,0,84.84848484848484,84.84848484848484,84.84848484848484,6.430000000000001,75.5,92.15183693396801,44,27,0,0,61.36363636363637,60.79545454545455,60.79545454545454,6.7700000000000005,90.27000000000001,93.0234954657873
2024-25,1,2024-08-18,brentford,crystalpalace,2.0,1.0,40,29,3,0,72.5,70.0,70.0,8.55,90.98,91.40962523862153,36,23,4,2,63.888888888888886,68.05555555555556,68.05555555555556,8.69,86.95,90.913843580092
2024-25,1,2024-08-18,chelsea,mancity,0.0,2.0,48,30,2,0,62.5,62.5,62.5,3.6799999999999997,93.14999999999999,96.1995249406176,39,32,1,0,82.05128205128204,79.48717948717949,79.48717948717949,2.23,120.9,98.18890603427272
2024-25,1,2024-08-19,leicester,tottenham,1.0,1.0,41,30,4,0,73.17073170731707,70.73170731707317,70.73170731707317,8.07,49.48,85.97741094700261,48,29,5,2,60.416666666666664,60.416666666666664,60.416666666666664,38.51,57.75,59.99376688136297
2024-25,2,2024-08-24,brighton,manutd,2.0,1.0,52,29,3,2,55.769230769230774,54.80769230769231,54.807692307692314,9.23,86.94000000000001,90.40241239471769,43,35,1,1,81.3953488372093,82.55813953488372,82.55813953488372,6.17,78.66,92.72662973004833
2024-25,2,2024-08-24,crystalpalace,westham,0.0,2.0,36,23,4,2,63.888888888888886,68.05555555555556,68.05555555555556,8.69,86.95,90.913843580092,33,28,2,0,84.84848484848484,84.84848484848484,84.84848484848484,6.430000000000001,75.5,92.15183693396801
2024-25,2,2024-08-24,fulham,leicester,2.0,1.0,32,24,4,0,75.0,75.0,75.0,9.4,75.64000000000001,88.94637817497649,41,30,4,0,73.17073170731707,70.73170731707317,70.73170731707317,8.07,49.48,85.97741094700261
2024-25,2,2024-08-24,mancity,ipswich,4.0,1.0,39,32,1,0,82.05128205128204,79.48717948717949,79.48717948717949,2.23,120.9,98.18890603427272,40,26,5,1,65.0,63.75,63.74999999999999,6.3,51.77,89.15102462545205
2024-25,2,2024-08-24,southampton,nottmforest,0.0,1.0,43,28,1,3,65.11627906976744,66.86046511627907,66.86046511627907,12.580000000000002,44.52,77.96847635726795,35,25,1,0,71.42857142857143,70.71428571428571,70.71428571428572,2.27,74.24,97.03306757286629
2024-25,2,2024-08-24,tottenham,everton,4.0,0.0,48,29,5,2,60.416666666666664,60.416666666666664,60.416666666666664,38.51,57.75,59.99376688136297,36,26,6,0,72.22222222222221,72.22222222222223,72.22222222222221,12.68,56.93,81.78422640425225
2024-25,2,2024-08-24,astonvilla,arsenal,0.0,2.0,44,27,0,0,61.36363636363637,60.79545454545455,60.79545454545454,6.7700000000000005,90.27000000000001,93.0234954657873,37,29,5,0,78.37837837837837,78.37837837837837,78.37837837837837,13.89,92.96000000000001,87.0004679457183
2024-25,2,2024-08-25,bournemouth,newcastle,1.0,1.0,41,28,4,0,68.29268292682927,67.07317073170732,67.07317073170732,23.700000000000003,72.50999999999999,75.36638603055815,35,25,2,1,71.42857142857143,70.71428571428571,70.71428571428572,11.370000000000001,95.1,89.32093547478162
2024-25,2,2024-08-25,wolves,chelsea,2.0,6.0,46,31,5,0,67.3913043478261,66.30434782608695,66.30434782608695,2.6299999999999994,68.74000000000002,96.3149782821914,48,30,2,0,62.5,62.5,62.5,3.6799999999999997,93.14999999999999,96.1995249406176
2024-25,2,2024-08-25,liverpool,brentford,2.0,0.0,35,27,1,0,77.14285714285715,80.0,80.0,8.47,124.0,93.6060994942251,40,29,3,0,72.5,70.0,70.0,8.55,90.98,91.40962523862153
2024-25,3,2024-08-31,arsenal,brighton,1.0,1.0,37,29,5,0,78.37837837837837,78.37837837837837,78.37837837837837,13.89,92.96000000000001,87.0004679457183,52,29,3,2,55.769230769230774,54.80769230769231,54.807692307692314,9.23,86.94000000000001,90.40241239471769
2024-25,3,2024-08-31,brentford,southampton,3.0,1.0,40,29,3,0,72.5,70.0,70.0,8.55,90.98,91.40962523862153,43,28,1,3,65.11627906976744,66.86046511627907,66.86046511627907,12.580000000000002,44.52,77.96847635726795
2024-25,3,2024-08-31,everton,bournemouth,2.0,3.0,36,26,6,0,72.22222222222221,72.22222222222223,72.22222222222221,12.68,56.93,81.78422640425225,41,28,4,0,68.29268292682927,67.07317073170732,67.07317073170732,23.700000000000003,72.50999999999999,75.36638603055815
2024-25,3,2024-08-31,ipswich,fulham,1.0,1.0,40,26,5,1,65.0,63.75,63.74999999999999,6.3,51.77,89.15102462545205,32,24,4,0,75.0,75.0,75.0,9.4,75.64000000000001,88.94637817497649
2024-25,3,2024-08-31,leicester,astonvilla,1.0,2.0,41,30,4,0,73.17073170731707,70.73170731707317,70.73170731707317,8.07,49.48,85.97741094700261,44,27,0,0,61.36363636363637,60.79545454545455,60.79545454545454,6.7700000000000005,90.27000000000001,93.0234954657873
2024-25,3,2024-08-31,nottmforest,wolves,1.0,1.0,35,25,1,0,71.42857142857143,70.71428571428571,70.71428571428572,2.27,74.24,97.03306757286629,46,31,5,0,67.3913043478261,66.30434782608695,66.30434782608695,2.6299999999999994,68.74000000000002,96.3149782821914
2024-25,3,2024-08-31,westham,mancity,1.0,3.0,33,28,2,0,84.84848484848484,84.84848484848484,84.84848484848484,6.430000000000001,75.5,92.15183693396801,39,32,1,0,82.05128205128204,79.48717948717949,79.48717948717949,2.23,120.9,98.18890603427272
2024-25,3,2024-09-01,chelsea,crystalpalace,1.0,1.0,48,30,2,0,62.5,62.5,62.5,3.6799999999999997,93.14999999999999,96.1995249406176,36,23,4,2,63.888888888888886,68.05555555555556,68.05555555555556,8.69,86.95,90.913843580092
2024-25,3,2024-09-01,newcastle,tottenham,2.0,1.0,35,25,2,1,71.42857142857143,70.71428571428571,70.71428571428572,11.370000000000001,95.1,89.32093547478162,48,29,5,2,60.416666666666664,60.416666666666664,60.416666666666664,38.51,57.75,59.99376688136297
2024-25,3,2024-09-01,manutd,liverpool,0.0,3.0,43,35,1,1,81.3953488372093,82.55813953488372,82.55813953488372,6.17,78.66,92.72662973004833,35,27,1,0,77.14285714285715,80.0,80.0,8.47,124.0,93.6060994942251
2024-25,4,2024-09-14,southampton,manutd,0.0,3.0,43,28,1,3,65.11627906976744,66.86046511627907,66.86046511627907,12.580000000000002,44.52,77.96847635726795,43,35,1,1,81.3953488372093,82.55813953488372,82.55813953488372,6.17,78.66,92.72662973004833
2024-25,4,2024-09-14,brighton,ipswich,0.0,0.0,52,29,3,2,55.769230769230774,54.80769230769231,54.807692307692314,9.23,86.94000000000001,90.40241239471769,40,26,5,1,65.0,63.75,63.74999999999999,6.3,51.77,89.15102462545205
2024-25,4,2024-09-14,crystalpalace,leicester,2.0,2.0,36,23,4,2,63.888888888888886,68.05555555555556,68.05555555555556,8.69,86.95,90.913843580092,41,30,4,0,73.17073170731707,70.73170731707317,70.73170731707317,8.07,49.48,85.97741094700261
2024-25,4,2024-09-14,fulham,westham,1.0,1.0,32,24,4,0,75.0,75.0,75.0,9.4,75.64000000000001,88.94637817497649,33,28,2,0,84.84848484848484,84.84848484848484,84.84848484848484,6.430000000000001,75.5,92.15183693396801
2024-25,4,2024-09-14,liverpool,nottmforest,0.0,1.0,35,27,1,0,77.14285714285715,80.0,80.0,8.47,124.0,93.6060994942251,35,25,1,0,71.42857142857143,70.71428571428571,70.71428571428572,2.27,74.24,97.03306757286629
2024-25,4,2024-09-14,mancity,brentford,2.0,1.0,39,32,1,0,82.05128205128204,79.48717948717949,79.48717948717949,2.23,120.9,98.18890603427272,40,29,3,0,72.5,70.0,70.0,8.55,90.98,91.40962523862153
2024-25,4,2024-09-14,astonvilla,everton,3.0,2.0,44,27,0,0,61.36363636363637,60.79545454545455,60.79545454545454,6.7700000000000005,90.27000000000001,93.0234954657873,36,26,6,0,72.22222222222221,72.22222222222223,72.22222222222221,12.68,56.93,81.78422640425225
2024-25,4,2024-09-14,bournemouth,chelsea,0.0,1.0,41,28,4,0,68.29268292682927,67.07317073170732,67.07317073170732,23.700000000000003,72.50999999999999,75.36638603055815,48,30,2,0,62.5,62.5,62.5,3.6799999999999997,93.14999999999999,96.1995249406176
2024-25,4,2024-09-15,tottenham,arsenal,0.0,1.0,48,29,5,2,60.416666666666664,60.416666666666664,60.416666666666664,38.51,57.75,59.99376688136297,37,29,5,0,78.37837837837837,78.37837837837837,78.37837837837837,13.89,92.96000000000001,87.0004679457183
2024-25,4,2024-09-15,wolves,newcastle,1.0,2.0,46,31,5,0,67.3913043478261,66.30434782608695,66.30434782608695,2.6299999999999994,68.74000000000002,96.3149782821914,35,25,2,1,71.42857142857143,70.71428571428571,70.71428571428572,11.370000000000001,95.1,89.32093547478162
2024-25,5,2024-09-21,westham,chelsea,0.0,3.0,33,28,2,0,84.84848484848484,84.84848484848484,84.84848484848484,6.430000000000001,75.5,92.15183693396801,48,30,2,0,62.5,62.5,62.5,3.6799999999999997,93.14999999999999,96.1995249406176
2024-25,5,2024-09-21,astonvilla,wolves,3.0,1.0,44,27,0,0,61.36363636363637,60.79545454545455,60.79545454545454,6.7700000000000005,90.27000000000001,93.0234954657873,46,31,5,0,67.3913043478261,66.30434782608695,66.30434782608695,2.6299999999999994,68.74000000000002,96.3149782821914
2024-25,5,2024-09-21,fulham,newcastle,3.0,1.0,32,24,4,0,75.0,75.0,75.0,9.4,75.64000000000001,88.94637817497649,35,25,2,1,71.42857142857143,70.71428571428571,70.71428571428572,11.370000000000001,95.1,89.32093547478162
2024-25,5,2024-09-21,leicester,everton,1.0,1.0,41,30,4,0,73.17073170731707,70.73170731707317,70.73170731707317,8.07,49.48,85.97741094700261,36,26,6,0,72.22222222222221,72.22222222222223,72.22222222222221,12.68,56.93,81.78422640425225
2024-25,5,2024-09-21,liverpool,bournemouth,3.0,0.0,35,27,1,0,77.14285714285715,80.0,80.0,8.47,124.0,93.6060994942251,41,28,4,0,68.29268292682927,67.07317073170732,67.07317073170732,23.700000000000003,72.50999999999999,75.36638603055815
2024-25,5,2024-09-21,southampton,ipswich,1.0,1.0,43,28,1,3,65.11627906976744,66.86046511627907,66.86046511627907,12.580000000000002,44.52,77.96847635726795,40,26,5,1,65.0,63.75,63.74999999999999,6.3,51.77,89.15102462545205
2024-25,5,2024-09-21,tottenham,brentford,3.0,1.0,48,29,5,2,60.416666666666664,60.416666666666664,60.416666666666664,38.51,57.75,59.99376688136297,40,29,3,0,72.5,70.0,70.0,8.55,90.98,91.40962523862153
2024-25,5,2024-09-21,crystalpalace,manutd,0.0,0.0,36,23,4,2,63.888888888888886,68.05555555555556,68.05555555555556,8.69,86.95,90.913843580092,43,35,1,1,81.3953488372093,82.55813953488372,82.55813953488372,6.17,78.66,92.72662973004833
2024-25,5,2024-09-22,brighton,nottmforest,2.0,2.0,52,29,3,2,55.769230769230774,54.80769230769231,54.807692307692314,9.23,86.94000000000001,90.40241239471769,35,25,1,0,71.42857142857143,70.71428571428571,70.71428571428572,2.27,74.24,97.03306757286629
2024-25,5,2024-09-22,mancity,arsenal,2.0,2.0,39,32,1,0,82.05128205128204,79.48717948717949,79.48717948717949,2.23,120.9,98.18890603427272,37,29,5,0,78.37837837837837,78.37837837837837,78.37837837837837,13.89,92.96000000000001,87.0004679457183
2024-25,6,2024-09-28,newcastle,mancity,1.0,1.0,35,25,2,1,71.42857142857143,70.71428571428571,70.71428571428572,11.370000000000001,95.1,89.32093547478162,39,32,1,0,82.05128205128204,79.48717948717949,79.48717948717949,2.23,120.9,98.18890603427272
2024-25,6,2024-09-28,arsenal,leicester,4.0,2.0,37,29,5,0,78.37837837837837,78.37837837837837,78.37837837837837,13.89,92.96000000000001,87.0004679457183,41,30,4,0,73.17073170731707,70.73170731707317,70.73170731707317,8.07,49.48,85.97741094700261
2024-25,6,2024-09-28,brentford,westham,1.0,1.0,40,29,3,0,72.5,70.0,70.0,8.55,90.98,91.40962523862153,33,28,2,0,84.84848484848484,84.84848484848484,84.84848484848484,6.430000000000001,75.5,92.15183693396801
2024-25,6,2024-09-28,chelsea,brighton,4.0,2.0,48,30,2,0,62.5,62.5,62.5,3.6799999999999997,93.14999999999999,96.1995249406176,52,29,3,2,55.769230769230774,54.80769230769231,54.807692307692314,9.23,86.94000000000001,90.40241239471769
2024-25,6,2024-09-28,everton,crystalpalace,2.0,1.0,36,26,6,0,72.22222222222221,72.22222222222223,72.22222222222221,12.68,56.93,81.78422640425225,36,23,4,2,63.888888888888886,68.05555555555556,68.05555555555556,8.69,86.95,90.913843580092
2024-25,6,2024-09-28,nottmforest,fulham,0.0,1.0,35,25,1,0,71.42857142857143,70.71428571428571,70.71428571428572,2.27,74.24,97.03306757286629,32,24,4,0,75.0,75.0,75.0,9.4,75.64000000000001,88.94637817497649
2024-25,6,2024-09-28,wolves,liverpool,1.0,2.0,46,31,5,0,67.3913043478261,66.30434782608695,66.30434782608695,2.6299999999999994,68.74000000000002,96.3149782821914,35,27,1,0,77.14285714285715,80.0,80.0,8.47,124.0,93.6060994942251
2024-25,6,2024-09-29,ipswich,astonvilla,2.0,2.0,40,26,5,1,65.0,63.75,63.74999999999999,6.3,51.77,89.15102462545205,44,27,0,0,61.36363636363637,60.79545454545455,60.79545454545454,6.7700000000000005,90.27000000000001,93.0234954657873
2024-25,6,2024-09-29,manutd,tottenham,0.0,3.0,43,35,1,1,81.3953488372093,82.55813953488372,82.55813953488372,6.17,78.66,92.72662973004833,48,29,5,2,60.416666666666664,60.416666666666664,60.416666666666664,38.51,57.75,59.99376688136297
2024-25,6,2024-09-30,bournemouth,southampton,3.0,1.0,41,28,4,0,68.29268292682927,67.07317073170732,67.07317073170732,23.700000000000003,72.50999999999999,75.36638603055815,43,28,1,3,65.11627906976744,66.86046511627907,66.86046511627907,12.580000000000002,44.52,77.96847635726795
2024-25,7,2024-10-05,crystalpalace,liverpool,0.0,1.0,36,23,4,2,63.888888888888886,68.05555555555556,68.05555555555556,8.69,86.95,90.913843580092,35,27,1,0,77.14285714285715,80.0,80.0,8.47,124.0,93.6060994942251
2024-25,7,2024-10-05,arsenal,southampton,3.0,1.0,37,29,5,0,78.37837837837837,78.37837837837837,78.37837837837837,13.89,92.96000000000001,87.0004679457183,43,28,1,3,65.11627906976744,66.86046511627907,66.86046511627907,12.580000000000002,44.52,77.96847635726795
2024-25,7,2024-10-05,brentford,wolves,5.0,3.0,40,29,3,0,72.5,70.0,70.0,8.55,90.98,91.40962523862153,46,31,5,0,67.3913043478261,66.30434782608695,66.30434782608695,2.6299999999999994,68.74000000000002,96.3149782821914
2024-25,7,2024-10-05,leicester,bournemouth,1.0,0.0,41,30,4,0,73.17073170731707,70.73170731707317,70.73170731707317,8.07,49.48,85.97741094700261,41,28,4,0,68.29268292682927,67.07317073170732,67.07317073170732,23.700000000000003,72.50999999999999,75.36638603055815
2024-25,7,2024-10-05,mancity,fulham,3.0,2.0,39,32,1,0,82.05128205128204,79.48717948717949,79.48717948717949,2.23,120.9,98.18890603427272,32,24,4,0,75.0,75.0,75.0,9.4,75.64000000000001,88.94637817497649
2024-25,7,2024-10-05,westham,ipswich,4.0,1.0,33,28,2,0,84.84848484848484,84.84848484848484,84.84848484848484,6.430000000000001,75.5,92.15183693396801,40,26,5,1,65.0,63.75,63.74999999999999,6.3,51.77,89.15102462545205
2024-25,7,2024-10-05,everton,newcastle,0.0,0.0,36,26,6,0,72.22222222222221,72.22222222222223,72.22222222222221,12.68,56.93,81.78422640425225,35,25,2,1,71.42857142857143,70.71428571428571,70.71428571428572,11.370000000000001,95.1,89.32093547478162
2024-25,7,2024-10-06,astonvilla,manutd,0.0,0.0,44,27,0,0,61.36363636363637,60.79545454545455,60.79545454545454,6.7700000000000005,90.27000000000001,93.0234954657873,43,35,1,1,81.3953488372093,82.55813953488372,82.55813953488372,6.17,78.66,92.72662973004833
2024-25,7,2024-10-06,chelsea,nottmforest,1.0,1.0,48,30,2,0,62.5,62.5,62.5,3.6799999999999997,93.14999999999999,96.1995249406176,35,25,1,0,71.42857142857143,70.71428571428571,70.71428571428572,2.27,74.24,97.03306757286629
2024-25,7,2024-10-06,brighton,tottenham,3.0,2.0,52,29,3,2,55.769230769230774,54.80769230769231,54.807692307692314,9.23,86.94000000000001,90.40241239471769,48,29,5,2,60.416666666666664,60.416666666666664,60.416666666666664,38.51,57.75,59.99376688136297
2024-25,8,2024-10-19,tottenham,westham,4.0,1.0,48,29,5,2,60.416666666666664,60.416666666666664,60.416666666666664,38.51,57.75,59.99376688136297,33,28,2,0,84.84848484848484,84.84848484848484,84.84848484848484,6.430000000000001,75.5,92.15183693396801
2024-25,8,2024-10-19,fulham,astonvilla,1.0,3.0,32,24,4,0,75.0,75.0,75.0,9.4,75.64000000000001,88.94637817497649,44,27,0,0,61.36363636363637,60.79545454545455,60.79545454545454,6.7700000000000005,90.27000000000001,93.0234954657873
2024-25,8,2024-10-19,manutd,brentford,2.0,1.0,43,35,1,1,81.3953488372093,82.55813953488372,82.55813953488372,6.17,78.66,92.72662973004833,40,29,3,0,72.5,70.0,70.0,8.55,90.98,91.40962523862153
2024-25,8,2024-10-19,newcastle,brighton,0.0,1.0,35,25,2,1,71.42857142857143,70.71428571428571,70.71428571428572,11.370000000000001,95.1,89.32093547478162,52,29,3,2,55.769230769230774,54.80769230769231,54.807692307692314,9.23,86.94000000000001,90.40241239471769
2024-25,8,2024-10-19,southampton,leicester,2.0,3.0,43,28,1,3,65.11627906976744,66.86046511627907,66.86046511627907,12.580000000000002,44.52,77.96847635726795,41,30,4,0,73.17073170731707,70.73170731707317,70.73170731707317,8.07,49.48,85.97741094700261
2024-25,8,2024-10-19,ipswich,everton,0.0,2.0,40,26,5,1,65.0,63.75,63.74999999999999,6.3,51.77,89.15102462545205,36,26,6,0,72.22222222222221,72.22222222222223,72.22222222222221,12.68,56.93,81.78422640425225
2024-25,8,2024-10-19,bournemouth,arsenal,2.0,0.0,41,28,4,0,68.29268292682927,67.07317073170732,67.07317073170732,23.700000000000003,72.50999999999999,75.36638603055815,37,29,5,0,78.37837837837837,78.37837837837837,78.37837837837837,13.89,92.96000000000001,87.0004679457183
2024-25,8,2024-10-20,wolves,mancity,1.0,2.0,46,31,5,0,67.3913043478261,66.30434782608695,66.30434782608695,2.6299999999999994,68.74000000000002,96.3149782821914,39,32,1,0,82.05128205128204,79.48717948717949,79.48717948717949,2.23,120.9,98.18890603427272
2024-25,8,2024-10-20,liverpool,chelsea,2.0,1.0,35,27,1,0,77.14285714285715,80.0,80.0,8.47,124.0,93.6060994942251,48,30,2,0,62.5,62.5,62.5,3.6799999999999997,93.14999999999999,96.1995249406176
2024-25,8,2024-10-21,nottmforest,crystalpalace,1.0,0.0,35,25,1,0,71.42857142857143,70.71428571428571,70.71428571428572,2.27,74.24,97.03306757286629,36,23,4,2,63.888888888888886,68.05555555555556,68.05555555555556,8.69,86.95,90.913843580092
2024-25,9,2024-10-25,leicester,nottmforest,1.0,3.0,41,30,4,0,73.17073170731707,70.73170731707317,70.73170731707317,8.07,49.48,85.97741094700261,35,25,1,0,71.42857142857143,70.71428571428571,70.71428571428572,2.27,74.24,97.03306757286629
2024-25,9,2024-10-26,astonvilla,bournemouth,1.0,1.0,44,27,0,0,61.36363636363637,60.79545454545455,60.79545454545454,6.7700000000000005,90.27000000000001,93.0234954657873,41,28,4,0,68.29268292682927,67.07317073170732,67.07317073170732,23.700000000000003,72.50999999999999,75.36638603055815
2024-25,9,2024-10-26,brentford,ipswich,4.0,3.0,40,29,3,0,72.5,70.0,70.0,8.55,90.98,91.40962523862153,40,26,5,1,65.0,63.75,63.74999999999999,6.3,51.77,89.15102462545205
2024-25,9,2024-10-26,brighton,wolves,2.0,2.0,52,29,3,2,55.769230769230774,54.80769230769231,54.807692307692314,9.23,86.94000000000001,90.40241239471769,46,31,5,0,67.3913043478261,66.30434782608695,66.30434782608695,2.6299999999999994,68.74000000000002,96.3149782821914
2024-25,9,2024-10-26,mancity,southampton,1.0,0.0,39,32,1,0,82.05128205128204,79.48717948717949,79.48717948717949,2.23,120.9,98.18890603427272,43,28,1,3,65.11627906976744,66.86046511627907,66.86046511627907,12.580000000000002,44.52,77.96847635726795
2024-25,9,2024-10-26,everton,fulham,1.0,1.0,36,26,6,0,72.22222222222221,72.22222222222223,72.22222222222221,12.68,56.93,81.78422640425225,32,24,4,0,75.0,75.0,75.0,9.4,75.64000000000001,88.94637817497649
2024-25,9,2024-10-27,chelsea,newcastle,2.0,1.0,48,30,2,0,62.5,62.5,62.5,3.6799999999999997,93.14999999999999,96.1995249406176,35,25,2,1,71.42857142857143,70.71428571428571,70.71428571428572,11.370000000000001,95.1,89.32093547478162
2024-25,9,2024-10-27,crystalpalace,tottenham,1.0,0.0,36,23,4,2,63.888888888888886,68.05555555555556,68.05555555555556,8.69,86.95,90.913843580092,48,29,5,2,60.416666666666664,60.416666666666664,60.416666666666664,38.51,57.75,59.99376688136297
2024-25,9,2024-10-27,westham,manutd,2.0,1.0,33,28,2,0,84.84848484848484,84.84848484848484,84.84848484848484,6.430000000000001,75.5,92.15183693396801,43,35,1,1,81.3953488372093,82.55813953488372,82.55813953488372,6.17,78.66,92.72662973004833
2024-25,9,2024-10-27,arsenal,liverpool,2.0,2.0,37,29,5,0,78.37837837837837,78.37837837837837,78.37837837837837,13.89,92.96000000000001,87.0004679457183,35,27,1,0,77.14285714285715,80.0,80.0,8.47,124.0,93.6060994942251
2024-25,10,2024-11-02,newcastle,arsenal,1.0,0.0,35,25,2,1,71.42857142857143,70.71428571428571,70.71428571428572,11.370000000000001,95.1,89.32093547478162,37,29,5,0,78.37837837837837,78.37837837837837,78.37837837837837,13.89,92.96000000000001,87.0004679457183
2024-25,10,2024-11-02,bournemouth,mancity,2.0,1.0,41,28,4,0,68.29268292682927,67.07317073170732,67.07317073170732,23.700000000000003,72.50999999999999,75.36638603055815,39,32,1,0,82.05128205128204,79.48717948717949,79.48717948717949,2.23,120.9,98.18890603427272
2024-25,10,2024-11-02,ipswich,leicester,1.0,1.0,40,26,5,1,65.0,63.75,63.74999999999999,6.3,51.77,89.15102462545205,41,30,4,0,73.17073170731707,70.73170731707317,70.73170731707317,8.07,49.48,85.97741094700261
2024-25,10,2024-11-02,liverpool,brighton,2.0,1.0,35,27,1,0,77.14285714285715,80.0,80.0,8.47,124.0,93.6060994942251,52,29,3,2,55.769230769230774,54.80769230769231,54.807692307692314,9.23,86.94000000000001,90.40241239471769
2024-25,10,2024-11-02,nottmforest,westham,3.0,0.0,35,25,1,0,71.42857142857143,70.71428571428571,70.71428571428572,2.27,74.24,97.03306757286629,33,28,2,0,84.84848484848484,84.84848484848484,84.84848484848484,6.430000000000001,75.5,92.15183693396801
2024-25,10,2024-11-02,southampton,everton,1.0,0.0,43,28,1,3,65.11627906976744,66.86046511627907,66.86046511627907,12.580000000000002,44.52,77.96847635726795,36,26,6,0,72.22222222222221,72.22222222222223,72.22222222222221,12.68,56.93,81.78422640425225
2024-25,10,2024-11-02,wolves,crystalpalace,2.0,2.0,46,31,5,0,67.3913043478261,66.30434782608695,66.30434782608695,2.6299999999999994,68.74000000000002,96.3149782821914,36,23,4,2,63.888888888888886,68.05555555555556,68.05555555555556,8.69,86.95,90.913843580092
2024-25,10,2024-11-03,tottenham,astonvilla,4.0,1.0,48,29,5,2,60.416666666666664,60.416666666666664,60.416666666666664,38.51,57.75,59.99376688136297,44,27,0,0,61.36363636363637,60.79545454545455,60.79545454545454,6.7700000000000005,90.27000000000001,93.0234954657873
2024-25,10,2024-11-03,manutd,chelsea,1.0,1.0,43,35,1,1,81.3953488372093,82.55813953488372,82.55813953488372,6.17,78.66,92.72662973004833,48,30,2,0,62.5,62.5,62.5,3.6799999999999997,93.14999999999999,96.1995249406176
2024-25,10,2024-11-04,fulham,brentford,2.0,1.0,32,24,4,0,75.0,75.0,75.0,9.4,75.64000000000001,88.94637817497649,40,29,3,0,72.5,70.0,70.0,8.55,90.98,91.40962523862153
2024-25,11,2024-11-09,brentford,bournemouth,3.0,2.0,40,29,3,0,72.5,70.0,70.0,8.55,90.98,91.40962523862153,41,28,4,0,68.29268292682927,67.07317073170732,67.07317073170732,23.700000000000003,72.50999999999999,75.36638603055815
2024-25,11,2024-11-09,crystalpalace,fulham,0.0,2.0,36,23,4,2,63.888888888888886,68.05555555555556,68.05555555555556,8.69,86.95,90.913843580092,32,24,4,0,75.0,75.0,75.0,9.4,75.64000000000001,88.94637817497649
2024-25,11,2024-11-09,westham,everton,0.0,0.0,33,28,2,0,84.84848484848484,84.84848484848484,84.84848484848484,6.430000000000001,75.5,92.15183693396801,36,26,6,0,72.22222222222221,72.22222222222223,72.22222222222221,12.68,56.93,81.78422640425225
2024-25,11,2024-11-09,wolves,southampton,2.0,0.0,46,31,5,0,67.3913043478261,66.30434782608695,66.30434782608695,2.6299999999999994,68.74000000000002,96.3149782821914,43,28,1,3,65.11627906976744,66.86046511627907,66.86046511627907,12.580000000000002,44.52,77.96847635726795
2024-25,11,2024-11-09,brighton,mancity,2.0,1.0,52,29,3,2,55.769230769230774,54.80769230769231,54.807692307692314,9.23,86.94000000000001,90.40241239471769,39,32,1,0,82.05128205128204,79.48717948717949,79.48717948717949,2.23,120.9,98.18890603427272
2024-25,11,2024-11-09,liverpool,astonvilla,2.0,0.0,35,27,1,0,77.14285714285715,80.0,80.0,8.47,124.0,93.6060994942251,44,27,0,0,61.36363636363637,60.79545454545455,60.79545454545454,6.7700000000000005,90.27000000000001,93.0234954657873
2024-25,11,2024-11-10,manutd,leicester,3.0,0.0,43,35,1,1,81.3953488372093,82.55813953488372,82.55813953488372,6.17,78.66,92.72662973004833,41,30,4,0,73.17073170731707,70.73170731707317,70.73170731707317,8.07,49.48,85.97741094700261
2024-25,11,2024-11-10,nottmforest,newcastle,1.0,3.0,35,25,1,0,71.42857142857143,70.71428571428571,70.71428571428572,2.27,74.24,97.03306757286629,35,25,2,1,71.42857142857143,70.71428571428571,70.71428571428572,11.370000000000001,95.1,89.32093547478162
2024-25,11,2024-11-10,tottenham,ipswich,1.0,2.0,48,29,5,2,60.416666666666664,60.416666666666664,60.416666666666664,38.51,57.75,59.99376688136297,40,26,5,1,65.0,63.75,63.74999999999999,6.3,51.77,89.15102462545205
2024-25,11,2024-11-10,chelsea,arsenal,1.0,1.0,48,30,2,0,62.5,62.5,62.5,3.6799999999999997,93.14999999999999,96.1995249406176,37,29,5,0,78.37837837837837,78.37837837837837,78.37837837837837,13.89,92.96000000000001,87.0004679457183
2024-25,12,2024-11-23,leicester,chelsea,1.0,2.0,41,30,4,0,73.17073170731707,70.73170731707317,70.73170731707317,8.07,49.48,85.97741094700261,48,30,2,0,62.5,62.5,62.5,3.6799999999999997,93.14999999999999,96.1995249406176
2024-25,12,2024-11-23,arsenal,nottmforest,3.0,0.0,37,29,5,0,78.37837837837837,78.37837837837837,78.37837837837837,13.89,92.96000000000001,87.0004679457183,35,25,1,0,71.42857142857143,70.71428571428571,70.71428571428572,2.27,74.24,97.03306757286629
2024-25,12,2024-11-23,astonvilla,crystalpalace,2.0,2.0,44,27,0,0,61.36363636363637,60.79545454545455,60.79545454545454,6.7700000000000005,90.27000000000001,93.0234954657873,36,23,4,2,63.888888888888886,68.05555555555556,68.05555555555556,8.69,86.95,90.913843580092
2024-25,12,2024-11-23,bournemouth,brighton,1.0,2.0,41,28,4,0,68.29268292682927,67.07317073170732,67.07317073170732,23.700000000000003,72.50999999999999,75.36638603055815,52,29,3,2,55.769230769230774,54.80769230769231,54.807692307692314,9.23,86.94000000000001,90.40241239471769
2024-25,12,2024-11-23,everton,brentford,0.0,0.0,36,26,6,0,72.22222222222221,72.22222222222223,72.22222222222221,12.68,56.93,81.78422640425225,40,29,3,0,72.5,70.0,70.0,8.55,90.98,91.40962523862153
2024-25,12,2024-11-23,fulham,wolves,1.0,4.0,32,24,4,0,75.0,75.0,75.0,9.4,75.64000000000001,88.94637817497649,46,31,5,0,67.3913043478261,66.30434782608695,66.30434782608695,2.6299999999999994,68.74000000000002,96.3149782821914
2024-25,12,2024-11-23,mancity,tottenham,0.0,4.0,39,32,1,0,82.05128205128204,79.48717948717949,79.48717948717949,2.23,120.9,98.18890603427272,48,29,5,2,60.416666666666664,60.416666666666664,60.416666666666664,38.51,57.75,59.99376688136297
2024-25,12,2024-11-24,southampton,liverpool,2.0,3.0,43,28,1,3,65.11627906976744,66.86046511627907,66.86046511627907,12.580000000000002,44.52,77.96847635726795,35,27,1,0,77.14285714285715,80.0,80.0,8.47,124.0,93.6060994942251
2024-25,12,2024-11-24,ipswich,manutd,1.0,1.0,40,26,5,1,65.0,63.75,63.74999999999999,6.3,51.77,89.15102462545205,43,35,1,1,81.3953488372093,82.55813953488372,82.55813953488372,6.17,78.66,92.72662973004833
2024-25,12,2024-11-25,newcastle,westham,0.0,2.0,35,25,2,1,71.42857142857143,70.71428571428571,70.71428571428572,11.370000000000001,95.1,89.32093547478162,33,28,2,0,84.84848484848484,84.84848484848484,84.84848484848484,6.430000000000001,75.5,92.15183693396801
2024-25,13,2024-11-29,brighton,southampton,1.0,1.0,52,29,3,2,55.769230769230774,54.80769230769231,54.807692307692314,9.23,86.94000000000001,90.40241239471769,43,28,1,3,65.11627906976744,66.86046511627907,66.86046511627907,12.580000000000002,44.52,77.96847635726795
2024-25,13,2024-11-30,brentford,leicester,4.0,1.0,40,29,3,0,72.5,70.0,70.0,8.55,90.98,91.40962523862153,41,30,4,0,73.17073170731707,70.73170731707317,70.73170731707317,8.07,49.48,85.97741094700261
2024-25,13,2024-11-30,crystalpalace,newcastle,1.0,1.0,36,23,4,2,63.888888888888886,68.05555555555556,68.05555555555556,8.69,86.95,90.913843580092,35,25,2,1,71.42857142857143,70.71428571428571,70.71428571428572,11.370000000000001,95.1,89.32093547478162
2024-25,13,2024-11-30,nottmforest,ipswich,1.0,0.0,35,25,1,0,71.42857142857143,70.71428571428571,70.71428571428572,2.27,74.24,97.03306757286629,40,26,5,1,65.0,63.75,63.74999999999999,6.3,51.77,89.15102462545205
2024-25,13,2024-11-30,wolves,bournemouth,2.0,4.0,46,31,5,0,67.3913043478261,66.30434782608695,66.30434782608695,2.6299999999999994,68.74000000000002,96.3149782821914,41,28,4,0,68.29268292682927,67.07317073170732,67.07317073170732,23.700000000000003,72.50999999999999,75.36638603055815
2024-25,13,2024-11-30,westham,arsenal,2.0,5.0,33,28,2,0,84.84848484848484,84.84848484848484,84.84848484848484,6.430000000000001,75.5,92.15183693396801,37,29,5,0,78.37837837837837,78.37837837837837,78.37837837837837,13.89,92.96000000000001,87.0004679457183
2024-25,13,2024-12-01,chelsea,astonvilla,3.0,0.0,48,30,2,0,62.5,62.5,62.5,3.6799999999999997,93.14999999999999,96.1995249406176,44,27,0,0,61.36363636363637,60.79545454545455,60.79545454545454,6.7700000000000005,90.27000000000001,93.0234954657873
2024-25,13,2024-12-01,manutd,everton,4.0,0.0,43,35,1,1,81.3953488372093,82.55813953488372,82.55813953488372,6.17,78.66,92.72662973004833,36,26,6,0,72.22222222222221,72.22222222222223,72.22222222222221,12.68,56.93,81.78422640425225
2024-25,13,2024-12-01,tottenham,fulham,1.0,1.0,48,29,5,2,60.416666666666664,60.416666666666664,60.416666666666664,38.51,57.75,59.99376688136297,32,24,4,0,75.0,75.0,75.0,9.4,75.64000000000001,88.94637817497649
2024-25,13,2024-12-01,liverpool,mancity,2.0,0.0,35,27,1,0,77.14285714285715,80.0,80.0,8.47,124.0,93.6060994942251,39,32,1,0,82.05128205128204,79.48717948717949,79.48717948717949,2.23,120.9,98.18890603427272
2024-25,14,2024-12-03,ipswich,crystalpalace,0.0,1.0,40,26,5,1,65.0,63.75,63.74999999999999,6.3,51.77,89.15102462545205,36,23,4,2,63.888888888888886,68.05555555555556,68.05555555555556,8.69,86.95,90.913843580092
2024-25,14,2024-12-03,leicester,westham,3.0,1.0,41,30,4,0,73.17073170731707,70.73170731707317,70.73170731707317,8.07,49.48,85.97741094700261,33,28,2,0,84.84848484848484,84.84848484848484,84.84848484848484,6.430000000000001,75.5,92.15183693396801
2024-25,14,2024-12-04,everton,wolves,4.0,0.0,36,26,6,0,72.22222222222221,72.22222222222223,72.22222222222221,12.68,56.93,81.78422640425225,46,31,5,0,67.3913043478261,66.30434782608695,66.30434782608695,2.6299999999999994,68.74000000000002,96.3149782821914
2024-25,14,2024-12-04,mancity,nottmforest,3.0,0.0,39,32,1,0,82.05128205128204,79.48717948717949,79.48717948717949,2.23,120.9,98.18890603427272,35,25,1,0,71.42857142857143,70.71428571428571,70.71428571428572,2.27,74.24,97.03306757286629
2024-25,14,2024-12-04,newcastle,liverpool,3.0,3.0,35,25,2,1,71.42857142857143,70.71428571428571,70.71428571428572,11.370000000000001,95.1,89.32093547478162,35,27,1,0,77.14285714285715,80.0,80.0,8.47,124.0,93.6060994942251
2024-25,14,2024-12-04,southampton,chelsea,1.0,5.0,43,28,1,3,65.11627906976744,66.86046511627907,66.86046511627907,12.580000000000002,44.52,77.96847635726795,48,30,2,0,62.5,62.5,62.5,3.6799999999999997,93.14999999999999,96.1995249406176
2024-25,14,2024-12-04,arsenal,manutd,2.0,0.0,37,29,5,0,78.37837837837837,78.37837837837837,78.37837837837837,13.89,92.96000000000001,87.0004679457183,43,35,1,1,81.3953488372093,82.55813953488372,82.55813953488372,6.17,78.66,92.72662973004833
2024-25,14,2024-12-04,astonvilla,brentford,3.0,1.0,44,27,0,0,61.36363636363637,60.79545454545455,60.79545454545454,6.7700000000000005,90.27000000000001,93.0234954657873,40,29,3,0,72.5,70.0,70.0,8.55,90.98,91.40962523862153
2024-25,14,2024-12-05,fulham,brighton,3.0,1.0,32,24,4,0,75.0,75.0,75.0,9.4,75.64000000000001,88.94637817497649,52,29,3,2,55.769230769230774,54.80769230769231,54.807692307692314,9.23,86.94000000000001,90.40241239471769
2024-25,14,2024-12-05,bournemouth,tottenham,1.0,0.0,41,28,4,0,68.29268292682927,67.07317073170732,67.07317073170732,23.700000000000003,72.50999999999999,75.36638603055815,48,29,5,2,60.416666666666664,60.416666666666664,60.416666666666664,38.51,57.75,59.99376688136297
2024-25,15,2024-12-07,astonvilla,southampton,1.0,0.0,44,27,0,0,61.36363636363637,60.79545454545455,60.79545454545454,6.7700000000000005,90.27000000000001,93.0234954657873,43,28,1,3,65.11627906976744,66.86046511627907,66.86046511627907,12.580000000000002,44.52,77.96847635726795
2024-25,15,2024-12-07,brentford,newcastle,4.0,2.0,40,29,3,0,72.5,70.0,70.0,8.55,90.98,91.40962523862153,35,25,2,1,71.42857142857143,70.71428571428571,70.71428571428572,11.370000000000001,95.1,89.32093547478162
2024-25,15,2024-12-07,crystalpalace,mancity,2.0,2.0,36,23,4,2,63.888888888888886,68.05555555555556,68.05555555555556,8.69,86.95,90.913843580092,39,32,1,0,82.05128205128204,79.48717948717949,79.48717948717949,2.23,120.9,98.18890603427272
2024-25,15,2024-12-07,manutd,nottmforest,2.0,3.0,43,35,1,1,81.3953488372093,82.55813953488372,82.55813953488372,6.17,78.66,92.72662973004833,35,25,1,0,71.42857142857143,70.71428571428571,70.71428571428572,2.27,74.24,97.03306757286629
2024-25,15,2024-12-08,fulham,arsenal,1.0,1.0,32,24,4,0,75.0,75.0,75.0,9.4,75.64000000000001,88.94637817497649,37,29,5,0,78.37837837837837,78.37837837837837,78.37837837837837,13.89,92.96000000000001,87.0004679457183
2024-25,15,2024-12-08,ipswich,bournemouth,1.0,2.0,40,26,5,1,65.0,63.75,63.74999999999999,6.3,51.77,89.15102462545205,41,28,4,0,68.29268292682927,67.07317073170732,67.07317073170732,23.700000000000003,72.50999999999999,75.36638603055815
2024-25,15,2024-12-08,leicester,brighton,2.0,2.0,41,30,4,0,73.17073170731707,70.73170731707317,70.73170731707317,8.07,49.48,85.97741094700261,52,29,3,2,55.769230769230774,54.80769230769231,54.807692307692314,9.23,86.94000000000001,90.40241239471769
2024-25,15,2024-12-08,tottenham,chelsea,3.0,4.0,48,29,5,2,60.416666666666664,60.416666666666664,60.416666666666664,38.51,57.75,59.99376688136297,48,30,2,0,62.5,62.5,62.5,3.6799999999999997,93.14999999999999,96.1995249406176
2024-25,15,2024-12-09,westham,wolves,2.0,1.0,33,28,2,0,84.84848484848484,84.84848484848484,84.84848484848484,6.430000000000001,75.5,92.15183693396801,46,31,5,0,67.3913043478261,66.30434782608695,66.30434782608695,2.6299999999999994,68.74000000000002,96.3149782821914
2024-25,16,2024-12-14,arsenal,everton,0.0,0.0,37,29,5,0,78.37837837837837,78.37837837837837,78.37837837837837,13.89,92.96000000000001,87.0004679457183,36,26,6,0,72.22222222222221,72.22222222222223,72.22222222222221,12.68,56.93,81.78422640425225
2024-25,16,2024-12-14,liverpool,fulham,2.0,2.0,35,27,1,0,77.14285714285715,80.0,80.0,8.47,124.0,93.6060994942251,32,24,4,0,75.0,75.0,75.0,9.4,75.64000000000001,88.94637817497649
2024-25,16,2024-12-14,newcastle,leicester,4.0,0.0,35,25,2,1,71.42857142857143,70.71428571428571,70.71428571428572,11.370000000000001,95.1,89.32093547478162,41,30,4,0,73.17073170731707,70.73170731707317,70.73170731707317,8.07,49.48,85.97741094700261
2024-25,16,2024-12-14,wolves,ipswich,1.0,2.0,46,31,5,0,67.3913043478261,66.30434782608695,66.30434782608695,2.6299999999999994,68.74000000000002,96.3149782821914,40,26,5,1,65.0,63.75,63.74999999999999,6.3,51.77,89.15102462545205
2024-25,16,2024-12-14,nottmforest,astonvilla,2.0,1.0,35,25,1,0,71.42857142857143,70.71428571428571,70.71428571428572,2.27,74.24,97.03306757286629,44,27,0,0,61.36363636363637,60.79545454545455,60.79545454545454,6.7700000000000005,90.27000000000001,93.0234954657873
2024-25,16,2024-12-15,brighton,crystalpalace,1.0,3.0,52,29,3,2,55.769230769230774,54.80769230769231,54.807692307692314,9.23,86.94000000000001,90.40241239471769,36,23,4,2,63.888888888888886,68.05555555555556,68.05555555555556,8.69,86.95,90.913843580092
2024-25,16,2024-12-15,mancity,manutd,1.0,2.0,39,32,1,0,82.05128205128204,79.48717948717949,79.48717948717949,2.23,120.9,98.18890603427272,43,35,1,1,81.3953488372093,82.55813953488372,82.55813953488372,6.17,78.66,92.72662973004833
2024-25,16,2024-12-15,chelsea,brentford,2.0,1.0,48,30,2,0,62.5,62.5,62.5,3.6799999999999997,93.14999999999999,96.1995249406176,40,29,3,0,72.5,70.0,70.0,8.55,90.98,91.40962523862153
2024-25,16,2024-12-15,southampton,tottenham,0.0,5.0,43,28,1,3,65.11627906976744,66.86046511627907,66.86046511627907,12.580000000000002,44.52,77.96847635726795,48,29,5,2,60.416666666666664,60.416666666666664,60.416666666666664,38.51,57.75,59.99376688136297
2024-25,16,2024-12-16,bournemouth,westham,1.0,1.0,41,28,4,0,68.29268292682927,67.07317073170732,67.07317073170732,23.700000000000003,72.50999999999999,75.36638603055815,33,28,2,0,84.84848484848484,84.84848484848484,84.84848484848484,6.430000000000001,75.5,92.15183693396801
2024-25,17,2024-12-21,astonvilla,mancity,2.0,1.0,44,27,0,0,61.36363636363637,60.79545454545455,60.79545454545454,6.7700000000000005,90.27000000000001,93.0234954657873,39,32,1,0,82.05128205128204,79.48717948717949,79.48717948717949,2.23,120.9,98.18890603427272
2024-25,17,2024-12-21,brentford,nottmforest,0.0,2.0,40,29,3,0,72.5,70.0,70.0,8.55,90.98,91.40962523862153,35,25,1,0,71.42857142857143,70.71428571428571,70.71428571428572,2.27,74.24,97.03306757286629
2024-25,17,2024-12-21,ipswich,newcastle,0.0,4.0,40,26,5,1,65.0,63.75,63.74999999999999,6.3,51.77,89.15102462545205,35,25,2,1,71.42857142857143,70.71428571428571,70.71428571428572,11.370000000000001,95.1,89.32093547478162
2024-25,17,2024-12-21,westham,brighton,1.0,1.0,33,28,2,0,84.84848484848484,84.84848484848484,84.84848484848484,6.430000000000001,75.5,92.15183693396801,52,29,3,2,55.769230769230774,54.80769230769231,54.807692307692314,9.23,86.94000000000001,90.40241239471769
2024-25,17,2024-12-21,crystalpalace,arsenal,1.0,5.0,36,23,4,2,63.888888888888886,68.05555555555556,68.05555555555556,8.69,86.95,90.913843580092,37,29,5,0,78.37837837837837,78.37837837837837,78.37837837837837,13.89,92.96000000000001,87.0004679457183
2024-25,17,2024-12-22,everton,chelsea,0.0,0.0,36,26,6,0,72.22222222222221,72.22222222222223,72.22222222222221,12.68,56.93,81.78422640425225,48,30,2,0,62.5,62.5,62.5,3.6799999999999997,93.14999999999999,96.1995249406176
2024-25,17,2024-12-22,fulham,southampton,0.0,0.0,32,24,4,0,75.0,75.0,75.0,9.4,75.64000000000001,88.94637817497649,43,28,1,3,65.11627906976744,66.86046511627907,66.86046511627907,12.580000000000002,44.52,77.96847635726795
2024-25,17,2024-12-22,leicester,wolves,0.0,3.0,41,30,4,0,73.17073170731707,70.73170731707317,70.73170731707317,8.07,49.48,85.97741094700261,46,31,5,0,67.3913043478261,66.30434782608695,66.30434782608695,2.6299999999999994,68.74000000000002,96.3149782821914
2024-25,17,2024-12-22,manutd,bournemouth,0.0,3.0,43,35,1,1,81.3953488372093,82.55813953488372,82.55813953488372,6.17,78.66,92.72662973004833,41,28,4,0,68.29268292682927,67.07317073170732,67.07317073170732,23.700000000000003,72.50999999999999,75.36638603055815
2024-25,17,2024-12-22,tottenham,liverpool,3.0,6.0,48,29,5,2,60.416666666666664,60.416666666666664,60.416666666666664,38.51,57.75,59.99376688136297,35,27,1,0,77.14285714285715,80.0,80.0,8.47,124.0,93.6060994942251
2024-25,18,2024-12-26,mancity,everton,1.0,1.0,39,32,1,0,82.05128205128204,79.48717948717949,79.48717948717949,2.23,120.9,98.18890603427272,36,26,6,0,72.22222222222221,72.22222222222223,72.22222222222221,12.68,56.93,81.78422640425225
2024-25,18,2024-12-26,bournemouth,crystalpalace,0.0,0.0,41,28,4,0,68.29268292682927,67.07317073170732,67.07317073170732,23.700000000000003,72.50999999999999,75.36638603055815,36,23,4,2,63.888888888888886,68.05555555555556,68.05555555555556,8.69,86.95,90.913843580092
2024-25,18,2024-12-26,chelsea,fulham,1.0,2.0,48,30,2,0,62.5,62.5,62.5,3.6799999999999997,93.14999999999999,96.1995249406176,32,24,4,0,75.0,75.0,75.0,9.4,75.64000000000001,88.94637817497649
2024-25,18,2024-12-26,newcastle,astonvilla,3.0,0.0,35,25,2,1,71.42857142857143,70.71428571428571,70.71428571428572,11.370000000000001,95.1,89.32093547478162,44,27,0,0,61.36363636363637,60.79545454545455,60.79545454545454,6.7700000000000005,90.27000000000001,93.0234954657873
2024-25,18,2024-12-26,nottmforest,tottenham,1.0,0.0,35,25,1,0,71.42857142857143,70.71428571428571,70.71428571428572,2.27,74.24,97.03306757286629,48,29,5,2,60.416666666666664,60.416666666666664,60.416666666666664,38.51,57.75,59.99376688136297
2024-25,18,2024-12-26,southampton,westham,0.0,1.0,43,28,1,3,65.11627906976744,66.86046511627907,66.86046511627907,12.580000000000002,44.52,77.96847635726795,33,28,2,0,84.84848484848484,84.84848484848484,84.84848484848484,6.430000000000001,75.5,92.15183693396801
2024-25,18,2024-12-26,wolves,manutd,2.0,0.0,46,31,5,0,67.3913043478261,66.30434782608695,66.30434782608695,2.6299999999999994,68.74000000000002,96.3149782821914,43,35,1,1,81.3953488372093,82.55813953488372,82.55813953488372,6.17,78.66,92.72662973004833
2024-25,18,2024-12-26,liverpool,leicester,3.0,1.0,35,27,1,0,77.14285714285715,80.0,80.0,8.47,124.0,93.6060994942251,41,30,4,0,73.17073170731707,70.73170731707317,70.73170731707317,8.07,49.48,85.97741094700261
2024-25,18,2024-12-27,brighton,brentford,0.0,0.0,52,29,3,2,55.769230769230774,54.80769230769231,54.807692307692314,9.23,86.94000000000001,90.40241239471769,40,29,3,0,72.5,70.0,70.0,8.55,90.98,91.40962523862153
2024-25,18,2024-12-27,arsenal,ipswich,1.0,0.0,37,29,5,0,78.37837837837837,78.37837837837837,78.37837837837837,13.89,92.96000000000001,87.0004679457183,40,26,5,1,65.0,63.75,63.74999999999999,6.3,51.77,89.15102462545205
2024-25,19,2024-12-29,leicester,mancity,0.0,2.0,41,30,4,0,73.17073170731707,70.73170731707317,70.73170731707317,8.07,49.48,85.97741094700261,39,32,1,0,82.05128205128204,79.48717948717949,79.48717948717949,2.23,120.9,98.18890603427272
2024-25,19,2024-12-29,crystalpalace,southampton,2.0,1.0,36,23,4,2,63.888888888888886,68.05555555555556,68.05555555555556,8.69,86.95,90.913843580092,43,28,1,3,65.11627906976744,66.86046511627907,66.86046511627907,12.580000000000002,44.52,77.96847635726795
2024-25,19,2024-12-29,everton,nottmforest,0.0,2.0,36,26,6,0,72.22222222222221,72.22222222222223,72.22222222222221,12.68,56.93,81.78422640425225,35,25,1,0,71.42857142857143,70.71428571428571,70.71428571428572,2.27,74.24,97.03306757286629
2024-25,19,2024-12-29,fulham,bournemouth,2.0,2.0,32,24,4,0,75.0,75.0,75.0,9.4,75.64000000000001,88.94637817497649,41,28,4,0,68.29268292682927,67.07317073170732,67.07317073170732,23.700000000000003,72.50999999999999,75.36638603055815
2024-25,19,2024-12-29,tottenham,wolves,2.0,2.0,48,29,5,2,60.416666666666664,60.416666666666664,60.416666666666664,38.51,57.75,59.99376688136297,46,31,5,0,67.3913043478261,66.30434782608695,66.30434782608695,2.6299999999999994,68.74000000000002,96.3149782821914
2024-25,19,2024-12-29,westham,liverpool,0.0,5.0,33,28,2,0,84.84848484848484,84.84848484848484,84.84848484848484,6.430000000000001,75.5,92.15183693396801,35,27,1,0,77.14285714285715,80.0,80.0,8.47,124.0,93.6060994942251
2024-25,19,2024-12-30,astonvilla,brighton,2.0,2.0,44,27,0,0,61.36363636363637,60.79545454545455,60.79545454545454,6.7700000000000005,90.27000000000001,93.0234954657873,52,29,3,2,55.769230769230774,54.80769230769231,54.807692307692314,9.23,86.94000000000001,90.40241239471769
2024-25,19,2024-12-30,ipswich,chelsea,2.0,0.0,40,26,5,1,65.0,63.75,63.74999999999999,6.3,51.77,89.15102462545205,48,30,2,0,62.5,62.5,62.5,3.6799999999999997,93.14999999999999,96.1995249406176
2024-25,19,2024-12-30,manutd,newcastle,0.0,2.0,43,35,1,1,81.3953488372093,82.55813953488372,82.55813953488372,6.17,78.66,92.72662973004833,35,25,2,1,71.42857142857143,70.71428571428571,70.71428571428572,11.370000000000001,95.1,89.32093547478162
2024-25,19,2025-01-01,brentford,arsenal,1.0,3.0,40,29,3,0,72.5,70.0,70.0,8.55,90.98,91.40962523862153,37,29,5,0,78.37837837837837,78.37837837837837,78.37837837837837,13.89,92.96000000000001,87.0004679457183
2024-25,20,2025-01-04,tottenham,newcastle,1.0,2.0,48,29,5,2,60.416666666666664,60.416666666666664,60.416666666666664,38.51,57.75,59.99376688136297,35,25,2,1,71.42857142857143,70.71428571428571,70.71428571428572,11.370000000000001,95.1,89.32093547478162
2024-25,20,2025-01-04,astonvilla,leicester,2.0,1.0,44,27,0,0,61.36363636363637,60.79545454545455,60.79545454545454,6.7700000000000005,90.27000000000001,93.0234954657873,41,30,4,0,73.17073170731707,70.73170731707317,70.73170731707317,8.07,49.48,85.97741094700261
2024-25,20,2025-01-04,bournemouth,everton,1.0,0.0,41,28,4,0,68.29268292682927,67.07317073170732,67.07317073170732,23.700000000000003,72.50999999999999,75.36638603055815,36,26,6,0,72.22222222222221,72.22222222222223,72.22222222222221,12.68,56.93,81.78422640425225
2024-25,20,2025-01-04,crystalpalace,chelsea,1.0,1.0,36,23,4,2,63.888888888888886,68.05555555555556,68.05555555555556,8.69,86.95,90.913843580092,48,30,2,0,62.5,62.5,62.5,3.6799999999999997,93.14999999999999,96.1995249406176
2024-25,20,2025-01-04,mancity,westham,4.0,1.0,39,32,1,0,82.05128205128204,79.48717948717949,79.48717948717949,2.23,120.9,98.18890603427272,33,28,2,0,84.84848484848484,84.84848484848484,84.84848484848484,6.430000000000001,75.5,92.15183693396801
2024-25,20,2025-01-04,southampton,brentford,0.0,5.0,43,28,1,3,65.11627906976744,66.86046511627907,66.86046511627907,12.580000000000002,44.52,77.96847635726795,40,29,3,0,72.5,70.0,70.0,8.55,90.98,91.40962523862153
2024-25,20,2025-01-04,brighton,arsenal,1.0,1.0,52,29,3,2,55.769230769230774,54.80769230769231,54.807692307692314,9.23,86.94000000000001,90.40241239471769,37,29,5,0,78.37837837837837,78.37837837837837,78.37837837837837,13.89,92.96000000000001,87.0004679457183
2024-25,20,2025-01-05,fulham,ipswich,2.0,2.0,32,24,4,0,75.0,75.0,75.0,9.4,75.64000000000001,88.94637817497649,40,26,5,1,65.0,63.75,63.74999999999999,6.3,51.77,89.15102462545205
2024-25,20,2025-01-05,liverpool,manutd,2.0,2.0,35,27,1,0,77.14285714285715,80.0,80.0,8.47,124.0,93.6060994942251,43,35,1,1,81.3953488372093,82.55813953488372,82.55813953488372,6.17,78.66,92.72662973004833
2024-25,20,2025-01-06,wolves,nottmforest,0.0,3.0,46,31,5,0,67.3913043478261,66.30434782608695,66.30434782608695,2.6299999999999994,68.74000000000002,96.3149782821914,35,25,1,0,71.42857142857143,70.71428571428571,70.71428571428572,2.27,74.24,97.03306757286629
2024-25,21,2025-01-14,brentford,mancity,2.0,2.0,40,29,3,0,72.5,70.0,70.0,8.55,90.98,91.40962523862153,39,32,1,0,82.05128205128204,79.48717948717949,79.48717948717949,2.23,120.9,98.18890603427272
2024-25,21,2025-01-14,chelsea,bournemouth,2.0,2.0,48,30,2,0,62.5,62.5,62.5,3.6799999999999997,93.14999999999999,96.1995249406176,41,28,4,0,68.29268292682927,67.07317073170732,67.07317073170732,23.700000000000003,72.50999999999999,75.36638603055815
2024-25,21,2025-01-14,westham,fulham,3.0,2.0,33,28,2,0,84.84848484848484,84.84848484848484,84.84848484848484,6.430000000000001,75.5,92.15183693396801,32,24,4,0,75.0,75.0,75.0,9.4,75.64000000000001,88.94637817497649
2024-25,21,2025-01-14,nottmforest,liverpool,1.0,1.0,35,25,1,0,71.42857142857143,70.71428571428571,70.71428571428572,2.27,74.24,97.03306757286629,35,27,1,0,77.14285714285715,80.0,80.0,8.47,124.0,93.6060994942251
2024-25,21,2025-01-15,everton,astonvilla,0.0,1.0,36,26,6,0,72.22222222222221,72.22222222222223,72.22222222222221,12.68,56.93,81.78422640425225,44,27,0,0,61.36363636363637,60.79545454545455,60.79545454545454,6.7700000000000005,90.27000000000001,93.0234954657873
2024-25,21,2025-01-15,leicester,crystalpalace,0.0,2.0,41,30,4,0,73.17073170731707,70.73170731707317,70.73170731707317,8.07,49.48,85.97741094700261,36,23,4,2,63.888888888888886,68.05555555555556,68.05555555555556,8.69,86.95,90.913843580092
2024-25,21,2025-01-15,newcastle,wolves,3.0,0.0,35,25,2,1,71.42857142857143,70.71428571428571,70.71428571428572,11.370000000000001,95.1,89.32093547478162,46,31,5,0,67.3913043478261,66.30434782608695,66.30434782608695,2.6299999999999994,68.74000000000002,96.3149782821914
2024-25,21,2025-01-15,arsenal,tottenham,2.0,1.0,37,29,5,0,78.37837837837837,78.37837837837837,78.37837837837837,13.89,92.96000000000001,87.0004679457183,48,29,5,2,60.416666666666664,60.416666666666664,60.416666666666664,38.51,57.75,59.99376688136297
2024-25,21,2025-01-16,ipswich,brighton,0.0,2.0,40,26,5,1,65.0,63.75,63.74999999999999,6.3,51.77,89.15102462545205,52,29,3,2,55.769230769230774,54.80769230769231,54.807692307692314,9.23,86.94000000000001,90.40241239471769
2024-25,21,2025-01-16,manutd,southampton,3.0,1.0,43,35,1,1,81.3953488372093,82.55813953488372,82.55813953488372,6.17,78.66,92.72662973004833,43,28,1,3,65.11627906976744,66.86046511627907,66.86046511627907,12.580000000000002,44.52,77.96847635726795
2024-25,22,2025-01-18,newcastle,bournemouth,1.0,4.0,35,25,2,1,71.42857142857143,70.71428571428571,70.71428571428572,11.370000000000001,95.1,89.32093547478162,41,28,4,0,68.29268292682927,67.07317073170732,67.07317073170732,23.700000000000003,72.50999999999999,75.36638603055815
2024-25,22,2025-01-18,brentford,liverpool,0.0,2.0,40,29,3,0,72.5,70.0,70.0,8.55,90.98,91.40962523862153,35,27,1,0,77.14285714285715,80.0,80.0,8.47,124.0,93.6060994942251
2024-25,22,2025-01-18,leicester,fulham,0.0,2.0,41,30,4,0,73.17073170731707,70.73170731707317,70.73170731707317,8.07,49.48,85.97741094700261,32,24,4,0,75.0,75.0,75.0,9.4,75.64000000000001,88.94637817497649
2024-25,22,2025-01-18,westham,crystalpalace,0.0,2.0,33,28,2,0,84.84848484848484,84.84848484848484,84.84848484848484,6.430000000000001,75.5,92.15183693396801,36,23,4,2,63.888888888888886,68.05555555555556,68.05555555555556,8.69,86.95,90.913843580092
2024-25,22,2025-01-18,arsenal,astonvilla,2.0,2.0,37,29,5,0,78.37837837837837,78.37837837837837,78.37837837837837,13.89,92.96000000000001,87.0004679457183,44,27,0,0,61.36363636363637,60.79545454545455,60.79545454545454,6.7700000000000005,90.27000000000001,93.0234954657873
2024-25,22,2025-01-19,everton,tottenham,3.0,2.0,36,26,6,0,72.22222222222221,72.22222222222223,72.22222222222221,12.68,56.93,81.78422640425225,48,29,5,2,60.416666666666664,60.416666666666664,60.416666666666664,38.51,57.75,59.99376688136297
2024-25,22,2025-01-19,manutd,brighton,1.0,3.0,43,35,1,1,81.3953488372093,82.55813953488372,82.55813953488372,6.17,78.66,92.72662973004833,52,29,3,2,55.769230769230774,54.80769230769231,54.807692307692314,9.23,86.94000000000001,90.40241239471769
2024-25,22,2025-01-19,nottmforest,southampton,3.0,2.0,35,25,1,0,71.42857142857143,70.71428571428571,70.71428571428572,2.27,74.24,97.03306757286629,43,28,1,3,65.11627906976744,66.86046511627907,66.86046511627907,12.580000000000002,44.52,77.96847635726795
2024-25,22,2025-01-19,ipswich,mancity,0.0,6.0,40,26,5,1,65.0,63.75,63.74999999999999,6.3,51.77,89.15102462545205,39,32,1,0,82.05128205128204,79.48717948717949,79.48717948717949,2.23,120.9,98.18890603427272
2024-25,22,2025-01-20,chelsea,wolves,3.0,1.0,48,30,2,0,62.5,62.5,62.5,3.6799999999999997,93.14999999999999,96.1995249406176,46,31,5,0,67.3913043478261,66.30434782608695,66.30434782608695,2.6299999999999994,68.74000000000002,96.3149782821914
2024-25,23,2025-01-25,bournemouth,nottmforest,5.0,0.0,41,28,4,0,68.29268292682927,67.07317073170732,67.07317073170732,23.700000000000003,72.50999999999999,75.36638603055815,35,25,1,0,71.42857142857143,70.71428571428571,70.71428571428572,2.27,74.24,97.03306757286629
2024-25,23,2025-01-25,brighton,everton,0.0,1.0,52,29,3,2,55.769230769230774,54.80769230769231,54.807692307692314,9.23,86.94000000000001,90.40241239471769,36,26,6,0,72.22222222222221,72.22222222222223,72.22222222222221,12.68,56.93,81.78422640425225
2024-25,23,2025-01-25,liverpool,ipswich,4.0,1.0,35,27,1,0,77.14285714285715,80.0,80.0,8.47,124.0,93.6060994942251,40,26,5,1,65.0,63.75,63.74999999999999,6.3,51.77,89.15102462545205
2024-25,23,2025-01-25,southampton,newcastle,1.0,3.0,43,28,1,3,65.11627906976744,66.86046511627907,66.86046511627907,12.580000000000002,44.52,77.96847635726795,35,25,2,1,71.42857142857143,70.71428571428571,70.71428571428572,11.370000000000001,95.1,89.32093547478162
2024-25,23,2025-01-25,wolves,arsenal,0.0,1.0,46,31,5,0,67.3913043478261,66.30434782608695,66.30434782608695,2.6299999999999994,68.74000000000002,96.3149782821914,37,29,5,0,78.37837837837837,78.37837837837837,78.37837837837837,13.89,92.96000000000001,87.0004679457183
2024-25,23,2025-01-25,mancity,chelsea,3.0,1.0,39,32,1,0,82.05128205128204,79.48717948717949,79.48717948717949,2.23,120.9,98.18890603427272,48,30,2,0,62.5,62.5,62.5,3.6799999999999997,93.14999999999999,96.1995249406176
2024-25,23,2025-01-26,crystalpalace,brentford,1.0,2.0,36,23,4,2,63.888888888888886,68.05555555555556,68.05555555555556,8.69,86.95,90.913843580092,40,29,3,0,72.5,70.0,70.0,8.55,90.98,91.40962523862153
2024-25,23,2025-01-26,tottenham,leicester,1.0,2.0,48,29,5,2,60.416666666666664,60.416666666666664,60.416666666666664,38.51,57.75,59.99376688136297,41,30,4,0,73.17073170731707,70.73170731707317,70.73170731707317,8.07,49.48,85.97741094700261
2024-25,23,2025-01-26,astonvilla,westham,1.0,1.0,44,27,0,0,61.36363636363637,60.79545454545455,60.79545454545454,6.7700000000000005,90.27000000000001,93.0234954657873,33,28,2,0,84.84848484848484,84.84848484848484,84.84848484848484,6.430000000000001,75.5,92.15183693396801
2024-25,23,2025-01-26,fulham,manutd,0.0,1.0,32,24,4,0,75.0,75.0,75.0,9.4,75.64000000000001,88.94637817497649,43,35,1,1,81.3953488372093,82.55813953488372,82.55813953488372,6.17,78.66,92.72662973004833
2024-25,24,2025-02-01,nottmforest,brighton,7.0,0.0,35,25,1,0,71.42857142857143,70.71428571428571,70.71428571428572,2.27,74.24,97.03306757286629,52,29,3,2,55.769230769230774,54.80769230769231,54.807692307692314,9.23,86.94000000000001,90.40241239471769
2024-25,24,2025-02-01,bournemouth,liverpool,0.0,2.0,41,28,4,0,68.29268292682927,67.07317073170732,67.07317073170732,23.700000000000003,72.50999999999999,75.36638603055815,35,27,1,0,77.14285714285715,80.0,80.0,8.47,124.0,93.6060994942251
2024-25,24,2025-02-01,everton,leicester,4.0,0.0,36,26,6,0,72.22222222222221,72.22222222222223,72.22222222222221,12.68,56.93,81.78422640425225,41,30,4,0,73.17073170731707,70.73170731707317,70.73170731707317,8.07,49.48,85.97741094700261
2024-25,24,2025-02-01,ipswich,southampton,1.0,2.0,40,26,5,1,65.0,63.75,63.74999999999999,6.3,51.77,89.15102462545205,43,28,1,3,65.11627906976744,66.86046511627907,66.86046511627907,12.580000000000002,44.52,77.96847635726795
2024-25,24,2025-02-01,newcastle,fulham,1.0,2.0,35,25,2,1,71.42857142857143,70.71428571428571,70.71428571428572,11.370000000000001,95.1,89.32093547478162,32,24,4,0,75.0,75.0,75.0,9.4,75.64000000000001,88.94637817497649
2024-25,24,2025-02-01,wolves,astonvilla,2.0,0.0,46,31,5,0,67.3913043478261,66.30434782608695,66.30434782608695,2.6299999999999994,68.74000000000002,96.3149782821914,44,27,0,0,61.36363636363637,60.79545454545455,60.79545454545454,6.7700000000000005,90.27000000000001,93.0234954657873
2024-25,24,2025-02-02,brentford,tottenham,0.0,2.0,40,29,3,0,72.5,70.0,70.0,8.55,90.98,91.40962523862153,48,29,5,2,60.416666666666664,60.416666666666664,60.416666666666664,38.51,57.75,59.99376688136297
2024-25,24,2025-02-02,manutd,crystalpalace,0.0,2.0,43,35,1,1,81.3953488372093,82.55813953488372,82.55813953488372,6.17,78.66,92.72662973004833,36,23,4,2,63.888888888888886,68.05555555555556,68.05555555555556,8.69,86.95,90.913843580092
2024-25,24,2025-02-02,arsenal,mancity,5.0,1.0,37,29,5,0,78.37837837837837,78.37837837837837,78.37837837837837,13.89,92.96000000000001,87.0004679457183,39,32,1,0,82.05128205128204,79.48717948717949,79.48717948717949,2.23,120.9,98.18890603427272
2024-25,24,2025-02-03,chelsea,westham,2.0,1.0,48,30,2,0,62.5,62.5,62.5,3.6799999999999997,93.14999999999999,96.1995249406176,33,28,2,0,84.84848484848484,84.84848484848484,84.84848484848484,6.430000000000001,75.5,92.15183693396801
2024-25,24,2025-02-12,everton,liverpool,2.0,2.0,36,26,6,0,72.22222222222221,72.22222222222223,72.22222222222221,12.68,56.93,81.78422640425225,35,27,1,0,77.14285714285715,80.0,80.0,8.47,124.0,93.6060994942251
2024-25,25,2025-02-14,brighton,chelsea,3.0,0.0,52,29,3,2,55.769230769230774,54.80769230769231,54.807692307692314,9.23,86.94000000000001,90.40241239471769,48,30,2,0,62.5,62.5,62.5,3.6799999999999997,93.14999999999999,96.1995249406176
2024-25,25,2025-02-15,leicester,arsenal,0.0,2.0,41,30,4,0,73.17073170731707,70.73170731707317,70.73170731707317,8.07,49.48,85.97741094700261,37,29,5,0,78.37837837837837,78.37837837837837,78.37837837837837,13.89,92.96000000000001,87.0004679457183
2024-25,25,2025-02-15,astonvilla,ipswich,1.0,1.0,44,27,0,0,61.36363636363637,60.79545454545455,60.79545454545454,6.7700000000000005,90.27000000000001,93.0234954657873,40,26,5,1,65.0,63.75,63.74999999999999,6.3,51.77,89.15102462545205
2024-25,25,2025-02-15,fulham,nottmforest,2.0,1.0,32,24,4,0,75.0,75.0,75.0,9.4,75.64000000000001,88.94637817497649,35,25,1,0,71.42857142857143,70.71428571428571,70.71428571428572,2.27,74.24,97.03306757286629
2024-25,25,2025-02-15,mancity,newcastle,4.0,0.0,39,32,1,0,82.05128205128204,79.48717948717949,79.48717948717949,2.23,120.9,98.18890603427272,35,25,2,1,71.42857142857143,70.71428571428571,70.71428571428572,11.370000000000001,95.1,89.32093547478162
2024-25,25,2025-02-15,southampton,bournemouth,1.0,3.0,43,28,1,3,65.11627906976744,66.86046511627907,66.86046511627907,12.580000000000002,44.52,77.96847635726795,41,28,4,0,68.29268292682927,67.07317073170732,67.07317073170732,23.700000000000003,72.50999999999999,75.36638603055815
2024-25,25,2025-02-15,westham,brentford,0.0,1.0,33,28,2,0,84.84848484848484,84.84848484848484,84.84848484848484,6.430000000000001,75.5,92.15183693396801,40,29,3,0,72.5,70.0,70.0,8.55,90.98,91.40962523862153
2024-25,25,2025-02-15,crystalpalace,everton,1.0,2.0,36,23,4,2,63.888888888888886,68.05555555555556,68.05555555555556,8.69,86.95,90.913843580092,36,26,6,0,72.22222222222221,72.22222222222223,72.22222222222221,12.68,56.93,81.78422640425225
2024-25,25,2025-02-16,liverpool,wolves,2.0,1.0,35,27,1,0,77.14285714285715,80.0,80.0,8.47,124.0,93.6060994942251,46,31,5,0,67.3913043478261,66.30434782608695,66.30434782608695,2.6299999999999994,68.74000000000002,96.3149782821914
2024-25,25,2025-02-16,tottenham,manutd,1.0,0.0,48,29,5,2,60.416666666666664,60.416666666666664,60.416666666666664,38.51,57.75,59.99376688136297,43,35,1,1,81.3953488372093,82.55813953488372,82.55813953488372,6.17,78.66,92.72662973004833
2024-25,25,2025-02-19,astonvilla,liverpool,2.0,2.0,44,27,0,0,61.36363636363637,60.79545454545455,60.79545454545454,6.7700000000000005,90.27000000000001,93.0234954657873,35,27,1,0,77.14285714285715,80.0,80.0,8.47,124.0,93.6060994942251
2024-25,26,2025-02-21,leicester,brentford,0.0,4.0,41,30,4,0,73.17073170731707,70.73170731707317,70.73170731707317,8.07,49.48,85.97741094700261,40,29,3,0,72.5,70.0,70.0,8.55,90.98,91.40962523862153
2024-25,26,2025-02-22,everton,manutd,2.0,2.0,36,26,6,0,72.22222222222221,72.22222222222223,72.22222222222221,12.68,56.93,81.78422640425225,43,35,1,1,81.3953488372093,82.55813953488372,82.55813953488372,6.17,78.66,92.72662973004833
2024-25,26,2025-02-22,arsenal,westham,0.0,1.0,37,29,5,0,78.37837837837837,78.37837837837837,78.37837837837837,13.89,92.96000000000001,87.0004679457183,33,28,2,0,84.84848484848484,84.84848484848484,84.84848484848484,6.430000000000001,75.5,92.15183693396801
2024-25,26,2025-02-22,bournemouth,wolves,0.0,1.0,41,28,4,0,68.29268292682927,67.07317073170732,67.07317073170732,23.700000000000003,72.50999999999999,75.36638603055815,46,31,5,0,67.3913043478261,66.30434782608695,66.30434782608695,2.6299999999999994,68.74000000000002,96.3149782821914
2024-25,26,2025-02-22,fulham,crystalpalace,0.0,2.0,32,24,4,0,75.0,75.0,75.0,9.4,75.64000000000001,88.94637817497649,36,23,4,2,63.888888888888886,68.05555555555556,68.05555555555556,8.69,86.95,90.913843580092
2024-25,26,2025-02-22,ipswich,tottenham,1.0,4.0,40,26,5,1,65.0,63.75,63.74999999999999,6.3,51.77,89.15102462545205,48,29,5,2,60.416666666666664,60.416666666666664,60.416666666666664,38.51,57.75,59.99376688136297
2024-25,26,2025-02-22,southampton,brighton,0.0,4.0,43,28,1,3,65.11627906976744,66.86046511627907,66.86046511627907,12.580000000000002,44.52,77.96847635726795,52,29,3,2,55.769230769230774,54.80769230769231,54.807692307692314,9.23,86.94000000000001,90.40241239471769
2024-25,26,2025-02-22,astonvilla,chelsea,2.0,1.0,44,27,0,0,61.36363636363637,60.79545454545455,60.79545454545454,6.7700000000000005,90.27000000000001,93.0234954657873,48,30,2,0,62.5,62.5,62.5,3.6799999999999997,93.14999999999999,96.1995249406176
2024-25,26,2025-02-23,newcastle,nottmforest,4.0,3.0,35,25,2,1,71.42857142857143,70.71428571428571,70.71428571428572,11.370000000000001,95.1,89.32093547478162,35,25,1,0,71.42857142857143,70.71428571428571,70.71428571428572,2.27,74.24,97.03306757286629
2024-25,26,2025-02-23,mancity,liverpool,0.0,2.0,39,32,1,0,82.05128205128204,79.48717948717949,79.48717948717949,2.23,120.9,98.18890603427272,35,27,1,0,77.14285714285715,80.0,80.0,8.47,124.0,93.6060994942251
2024-25,27,2025-02-25,brighton,bournemouth,2.0,1.0,52,29,3,2,55.769230769230774,54.80769230769231,54.807692307692314,9.23,86.94000000000001,90.40241239471769,41,28,4,0,68.29268292682927,67.07317073170732,67.07317073170732,23.700000000000003,72.50999999999999,75.36638603055815
2024-25,27,2025-02-25,crystalpalace,astonvilla,4.0,1.0,36,23,4,2,63.888888888888886,68.05555555555556,68.05555555555556,8.69,86.95,90.913843580092,44,27,0,0,61.36363636363637,60.79545454545455,60.79545454545454,6.7700000000000005,90.27000000000001,93.0234954657873
2024-25,27,2025-02-25,wolves,fulham,1.0,2.0,46,31,5,0,67.3913043478261,66.30434782608695,66.30434782608695,2.6299999999999994,68.74000000000002,96.3149782821914,32,24,4,0,75.0,75.0,75.0,9.4,75.64000000000001,88.94637817497649
2024-25,27,2025-02-25,chelsea,southampton,4.0,0.0,48,30,2,0,62.5,62.5,62.5,3.6799999999999997,93.14999999999999,96.1995249406176,43,28,1,3,65.11627906976744,66.86046511627907,66.86046511627907,12.580000000000002,44.52,77.96847635726795
2024-25,27,2025-02-26,brentford,everton,1.0,1.0,40,29,3,0,72.5,70.0,70.0,8.55,90.98,91.40962523862153,36,26,6,0,72.22222222222221,72.22222222222223,72.22222222222221,12.68,56.93,81.78422640425225
2024-25,27,2025-02-26,manutd,ipswich,3.0,2.0,43,35,1,1,81.3953488372093,82.55813953488372,82.55813953488372,6.17,78.66,92.72662973004833,40,26,5,1,65.0,63.75,63.74999999999999,6.3,51.77,89.15102462545205
2024-25,27,2025-02-26,nottmforest,arsenal,0.0,0.0,35,25,1,0,71.42857142857143,70.71428571428571,70.71428571428572,2.27,74.24,97.03306757286629,37,29,5,0,78.37837837837837,78.37837837837837,78.37837837837837,13.89,92.96000000000001,87.0004679457183
2024-25,27,2025-02-26,tottenham,mancity,0.0,1.0,48,29,5,2,60.416666666666664,60.416666666666664,60.416666666666664,38.51,57.75,59.99376688136297,39,32,1,0,82.05128205128204,79.48717948717949,79.48717948717949,2.23,120.9,98.18890603427272
2024-25,27,2025-02-26,liverpool,newcastle,2.0,0.0,35,27,1,0,77.14285714285715,80.0,80.0,8.47,124.0,93.6060994942251,35,25,2,1,71.42857142857143,70.71428571428571,70.71428571428572,11.370000000000001,95.1,89.32093547478162
2024-25,27,2025-02-27,westham,leicester,2.0,0.0,33,28,2,0,84.84848484848484,84.84848484848484,84.84848484848484,6.430000000000001,75.5,92.15183693396801,41,30,4,0,73.17073170731707,70.73170731707317,70.73170731707317,8.07,49.48,85.97741094700261
2024-25,28,2025-03-08,nottmforest,mancity,1.0,0.0,35,25,1,0,71.42857142857143,70.71428571428571,70.71428571428572,2.27,74.24,97.03306757286629,39,32,1,0,82.05128205128204,79.48717948717949,79.48717948717949,2.23,120.9,98.18890603427272
2024-25,28,2025-03-08,brighton,fulham,2.0,1.0,52,29,3,2,55.769230769230774,54.80769230769231,54.807692307692314,9.23,86.94000000000001,90.40241239471769,32,24,4,0,75.0,75.0,75.0,9.4,75.64000000000001,88.94637817497649
2024-25,28,2025-03-08,crystalpalace,ipswich,1.0,0.0,36,23,4,2,63.888888888888886,68.05555555555556,68.05555555555556,8.69,86.95,90.913843580092,40,26,5,1,65.0,63.75,63.74999999999999,6.3,51.77,89.15102462545205
2024-25,28,2025-03-08,liverpool,southampton,3.0,1.0,35,27,1,0,77.14285714285715,80.0,80.0,8.47,124.0,93.6060994942251,43,28,1,3,65.11627906976744,66.86046511627907,66.86046511627907,12.580000000000002,44.52,77.96847635726795
2024-25,28,2025-03-08,brentford,astonvilla,0.0,1.0,40,29,3,0,72.5,70.0,70.0,8.55,90.98,91.40962523862153,44,27,0,0,61.36363636363637,60.79545454545455,60.79545454545454,6.7700000000000005,90.27000000000001,93.0234954657873
2024-25,28,2025-03-08,wolves,everton,1.0,1.0,46,31,5,0,67.3913043478261,66.30434782608695,66.30434782608695,2.6299999999999994,68.74000000000002,96.3149782821914,36,26,6,0,72.22222222222221,72.22222222222223,72.22222222222221,12.68,56.93,81.78422640425225
2024-25,28,2025-03-09,chelsea,leicester,1.0,0.0,48,30,2,0,62.5,62.5,62.5,3.6799999999999997,93.14999999999999,96.1995249406176,41,30,4,0,73.17073170731707,70.73170731707317,70.73170731707317,8.07,49.48,85.97741094700261
2024-25,28,2025-03-09,tottenham,bournemouth,2.0,2.0,48,29,5,2,60.416666666666664,60.416666666666664,60.416666666666664,38.51,57.75,59.99376688136297,41,28,4,0,68.29268292682927,67.07317073170732,67.07317073170732,23.700000000000003,72.50999999999999,75.36638603055815
2024-25,28,2025-03-09,manutd,arsenal,1.0,1.0,43,35,1,1,81.3953488372093,82.55813953488372,82.55813953488372,6.17,78.66,92.72662973004833,37,29,5,0,78.37837837837837,78.37837837837837,78.37837837837837,13.89,92.96000000000001,87.0004679457183
2024-25,28,2025-03-10,westham,newcastle,0.0,1.0,33,28,2,0,84.84848484848484,84.84848484848484,84.84848484848484,6.430000000000001,75.5,92.15183693396801,35,25,2,1,71.42857142857143,70.71428571428571,70.71428571428572,11.370000000000001,95.1,89.32093547478162
2024-25,29,2025-03-15,everton,westham,1.0,1.0,36,26,6,0,72.22222222222221,72.22222222222223,72.22222222222221,12.68,56.93,81.78422640425225,33,28,2,0,84.84848484848484,84.84848484848484,84.84848484848484,6.430000000000001,75.5,92.15183693396801
2024-25,29,2025-03-15,ipswich,nottmforest,2.0,4.0,40,26,5,1,65.0,63.75,63.74999999999999,6.3,51.77,89.15102462545205,35,25,1,0,71.42857142857143,70.71428571428571,70.71428571428572,2.27,74.24,97.03306757286629
2024-25,29,2025-03-15,mancity,brighton,2.0,2.0,39,32,1,0,82.05128205128204,79.48717948717949,79.48717948717949,2.23,120.9,98.18890603427272,52,29,3,2,55.769230769230774,54.80769230769231,54.807692307692314,9.23,86.94000000000001,90.40241239471769
2024-25,29,2025-03-15,southampton,wolves,1.0,2.0,43,28,1,3,65.11627906976744,66.86046511627907,66.86046511627907,12.580000000000002,44.52,77.96847635726795,46,31,5,0,67.3913043478261,66.30434782608695,66.30434782608695,2.6299999999999994,68.74000000000002,96.3149782821914
2024-25,29,2025-03-15,bournemouth,brentford,1.0,2.0,41,28,4,0,68.29268292682927,67.07317073170732,67.07317073170732,23.700000000000003,72.50999999999999,75.36638603055815,40,29,3,0,72.5,70.0,70.0,8.55,90.98,91.40962523862153
2024-25,29,2025-03-16,arsenal,chelsea,1.0,0.0,37,29,5,0,78.37837837837837,78.37837837837837,78.37837837837837,13.89,92.96000000000001,87.0004679457183,48,30,2,0,62.5,62.5,62.5,3.6799999999999997,93.14999999999999,96.1995249406176
2024-25,29,2025-03-16,fulham,tottenham,2.0,0.0,32,24,4,0,75.0,75.0,75.0,9.4,75.64000000000001,88.94637817497649,48,29,5,2,60.416666666666664,60.416666666666664,60.416666666666664,38.51,57.75,59.99376688136297
2024-25,29,2025-03-16,leicester,manutd,0.0,3.0,41,30,4,0,73.17073170731707,70.73170731707317,70.73170731707317,8.07,49.48,85.97741094700261,43,35,1,1,81.3953488372093,82.55813953488372,82.55813953488372,6.17,78.66,92.72662973004833
2024-25,30,2025-04-01,arsenal,fulham,2.0,1.0,37,29,5,0,78.37837837837837,78.37837837837837,78.37837837837837,13.89,92.96000000000001,87.0004679457183,32,24,4,0,75.0,75.0,75.0,9.4,75.64000000000001,88.94637817497649
2024-25,30,2025-04-01,wolves,westham,1.0,0.0,46,31,5,0,67.3913043478261,66.30434782608695,66.30434782608695,2.6299999999999994,68.74000000000002,96.3149782821914,33,28,2,0,84.84848484848484,84.84848484848484,84.84848484848484,6.430000000000001,75.5,92.15183693396801
2024-25,30,2025-04-01,nottmforest,manutd,1.0,0.0,35,25,1,0,71.42857142857143,70.71428571428571,70.71428571428572,2.27,74.24,97.03306757286629,43,35,1,1,81.3953488372093,82.55813953488372,82.55813953488372,6.17,78.66,92.72662973004833
2024-25,30,2025-04-02,bournemouth,ipswich,1.0,2.0,41,28,4,0,68.29268292682927,67.07317073170732,67.07317073170732,23.700000000000003,72.50999999999999,75.36638603055815,40,26,5,1,65.0,63.75,63.74999999999999,6.3,51.77,89.15102462545205
2024-25,30,2025-04-02,brighton,astonvilla,0.0,3.0,52,29,3,2,55.769230769230774,54.80769230769231,54.807692307692314,9.23,86.94000000000001,90.40241239471769,44,27,0,0,61.36363636363637,60.79545454545455,60.79545454545454,6.7700000000000005,90.27000000000001,93.0234954657873
2024-25,30,2025-04-02,mancity,leicester,2.0,0.0,39,32,1,0,82.05128205128204,79.48717948717949,79.48717948717949,2.23,120.9,98.18890603427272,41,30,4,0,73.17073170731707,70.73170731707317,70.73170731707317,8.07,49.48,85.97741094700261
2024-25,30,2025-04-02,newcastle,brentford,2.0,1.0,35,25,2,1,71.42857142857143,70.71428571428571,70.71428571428572,11.370000000000001,95.1,89.32093547478162,40,29,3,0,72.5,70.0,70.0,8.55,90.98,91.40962523862153
2024-25,30,2025-04-02,southampton,crystalpalace,1.0,1.0,43,28,1,3,65.11627906976744,66.86046511627907,66.86046511627907,12.580000000000002,44.52,77.96847635726795,36,23,4,2,63.888888888888886,68.05555555555556,68.05555555555556,8.69,86.95,90.913843580092
2024-25,30,2025-04-02,liverpool,everton,1.0,0.0,35,27,1,0,77.14285714285715,80.0,80.0,8.47,124.0,93.6060994942251,36,26,6,0,72.22222222222221,72.22222222222223,72.22222222222221,12.68,56.93,81.78422640425225
2024-25,30,2025-04-03,chelsea,tottenham,1.0,0.0,48,30,2,0,62.5,62.5,62.5,3.6799999999999997,93.14999999999999,96.1995249406176,48,29,5,2,60.416666666666664,60.416666666666664,60.416666666666664,38.51,57.75,59.99376688136297
2024-25,31,2025-04-05,everton,arsenal,1.0,1.0,36,26,6,0,72.22222222222221,72.22222222222223,72.22222222222221,12.68,56.93,81.78422640425225,37,29,5,0,78.37837837837837,78.37837837837837,78.37837837837837,13.89,92.96000000000001,87.0004679457183
2024-25,31,2025-04-05,crystalpalace,brighton,2.0,1.0,36,23,4,2,63.888888888888886,68.05555555555556,68.05555555555556,8.69,86.95,90.913843580092,52,29,3,2,55.769230769230774,54.80769230769231,54.807692307692314,9.23,86.94000000000001,90.40241239471769
2024-25,31,2025-04-05,ipswich,wolves,1.0,2.0,40,26,5,1,65.0,63.75,63.74999999999999,6.3,51.77,89.15102462545205,46,31,5,0,67.3913043478261,66.30434782608695,66.30434782608695,2.6299999999999994,68.74000000000002,96.3149782821914
2024-25,31,2025-04-05,westham,bournemouth,2.0,2.0,33,28,2,0,84.84848484848484,84.84848484848484,84.84848484848484,6.430000000000001,75.5,92.15183693396801,41,28,4,0,68.29268292682927,67.07317073170732,67.07317073170732,23.700000000000003,72.50999999999999,75.36638603055815
2024-25,31,2025-04-05,astonvilla,nottmforest,2.0,1.0,44,27,0,0,61.36363636363637,60.79545454545455,60.79545454545454,6.7700000000000005,90.27000000000001,93.0234954657873,35,25,1,0,71.42857142857143,70.71428571428571,70.71428571428572,2.27,74.24,97.03306757286629
2024-25,31,2025-04-06,brentford,chelsea,0.0,0.0,40,29,3,0,72.5,70.0,70.0,8.55,90.98,91.40962523862153,48,30,2,0,62.5,62.5,62.5,3.6799999999999997,93.14999999999999,96.1995249406176
2024-25,31,2025-04-06,fulham,liverpool,3.0,2.0,32,24,4,0,75.0,75.0,75.0,9.4,75.64000000000001,88.94637817497649,35,27,1,0,77.14285714285715,80.0,80.0,8.47,124.0,93.6060994942251
2024-25,31,2025-04-06,tottenham,southampton,3.0,1.0,48,29,5,2,60.416666666666664,60.416666666666664,60.416666666666664,38.51,57.75,59.99376688136297,43,28,1,3,65.11627906976744,66.86046511627907,66.86046511627907,12.580000000000002,44.52,77.96847635726795
2024-25,31,2025-04-06,manutd,mancity,0.0,0.0,43,35,1,1,81.3953488372093,82.55813953488372,82.55813953488372,6.17,78.66,92.72662973004833,39,32,1,0,82.05128205128204,79.48717948717949,79.48717948717949,2.23,120.9,98.18890603427272
2024-25,31,2025-04-07,leicester,newcastle,0.0,3.0,41,30,4,0,73.17073170731707,70.73170731707317,70.73170731707317,8.07,49.48,85.97741094700261,35,25,2,1,71.42857142857143,70.71428571428571,70.71428571428572,11.370000000000001,95.1,89.32093547478162
2024-25,32,2025-04-12,mancity,crystalpalace,5.0,2.0,39,32,1,0,82.05128205128204,79.48717948717949,79.48717948717949,2.23,120.9,98.18890603427272,36,23,4,2,63.888888888888886,68.05555555555556,68.05555555555556,8.69,86.95,90.913843580092
2024-25,32,2025-04-12,brighton,leicester,2.0,2.0,52,29,3,2,55.769230769230774,54.80769230769231,54.807692307692314,9.23,86.94000000000001,90.40241239471769,41,30,4,0,73.17073170731707,70.73170731707317,70.73170731707317,8.07,49.48,85.97741094700261
2024-25,32,2025-04-12,nottmforest,everton,0.0,1.0,35,25,1,0,71.42857142857143,70.71428571428571,70.71428571428572,2.27,74.24,97.03306757286629,36,26,6,0,72.22222222222221,72.22222222222223,72.22222222222221,12.68,56.93,81.78422640425225
2024-25,32,2025-04-12,southampton,astonvilla,0.0,3.0,43,28,1,3,65.11627906976744,66.86046511627907,66.86046511627907,12.580000000000002,44.52,77.96847635726795,44,27,0,0,61.36363636363637,60.79545454545455,60.79545454545454,6.7700000000000005,90.27000000000001,93.0234954657873
2024-25,32,2025-04-12,arsenal,brentford,1.0,1.0,37,29,5,0,78.37837837837837,78.37837837837837,78.37837837837837,13.89,92.96000000000001,87.0004679457183,40,29,3,0,72.5,70.0,70.0,8.55,90.98,91.40962523862153
2024-25,32,2025-04-13,chelsea,ipswich,2.0,2.0,48,30,2,0,62.5,62.5,62.5,3.6799999999999997,93.14999999999999,96.1995249406176,40,26,5,1,65.0,63.75,63.74999999999999,6.3,51.77,89.15102462545205
2024-25,32,2025-04-13,liverpool,westham,2.0,1.0,35,27,1,0,77.14285714285715,80.0,80.0,8.47,124.0,93.6060994942251,33,28,2,0,84.84848484848484,84.84848484848484,84.84848484848484,6.430000000000001,75.5,92.15183693396801
2024-25,32,2025-04-13,wolves,tottenham,4.0,2.0,46,31,5,0,67.3913043478261,66.30434782608695,66.30434782608695,2.6299999999999994,68.74000000000002,96.3149782821914,48,29,5,2,60.416666666666664,60.416666666666664,60.416666666666664,38.51,57.75,59.99376688136297
2024-25,32,2025-04-13,newcastle,manutd,4.0,1.0,35,25,2,1,71.42857142857143,70.71428571428571,70.71428571428572,11.370000000000001,95.1,89.32093547478162,43,35,1,1,81.3953488372093,82.55813953488372,82.55813953488372,6.17,78.66,92.72662973004833
2024-25,32,2025-04-14,bournemouth,fulham,1.0,0.0,41,28,4,0,68.29268292682927,67.07317073170732,67.07317073170732,23.700000000000003,72.50999999999999,75.36638603055815,32,24,4,0,75.0,75.0,75.0,9.4,75.64000000000001,88.94637817497649
2024-25,32,2025-04-16,newcastle,crystalpalace,5.0,0.0,35,25,2,1,71.42857142857143,70.71428571428571,70.71428571428572,11.370000000000001,95.1,89.32093547478162,36,23,4,2,63.888888888888886,68.05555555555556,68.05555555555556,8.69,86.95,90.913843580092
2024-25,33,2025-04-19,brentford,brighton,4.0,2.0,40,29,3,0,72.5,70.0,70.0,8.55,90.98,91.40962523862153,52,29,3,2,55.769230769230774,54.80769230769231,54.807692307692314,9.23,86.94000000000001,90.40241239471769
2024-25,33,2025-04-19,crystalpalace,bournemouth,0.0,0.0,36,23,4,2,63.888888888888886,68.05555555555556,68.05555555555556,8.69,86.95,90.913843580092,41,28,4,0,68.29268292682927,67.07317073170732,67.07317073170732,23.700000000000003,72.50999999999999,75.36638603055815
2024-25,33,2025-04-19,everton,mancity,0.0,2.0,36,26,6,0,72.22222222222221,72.22222222222223,72.22222222222221,12.68,56.93,81.78422640425225,39,32,1,0,82.05128205128204,79.48717948717949,79.48717948717949,2.23,120.9,98.18890603427272
2024-25,33,2025-04-19,westham,southampton,1.0,1.0,33,28,2,0,84.84848484848484,84.84848484848484,84.84848484848484,6.430000000000001,75.5,92.15183693396801,43,28,1,3,65.11627906976744,66.86046511627907,66.86046511627907,12.580000000000002,44.52,77.96847635726795
2024-25,33,2025-04-19,astonvilla,newcastle,4.0,1.0,44,27,0,0,61.36363636363637,60.79545454545455,60.79545454545454,6.7700000000000005,90.27000000000001,93.0234954657873,35,25,2,1,71.42857142857143,70.71428571428571,70.71428571428572,11.370000000000001,95.1,89.32093547478162
2024-25,33,2025-04-20,fulham,chelsea,1.0,2.0,32,24,4,0,75.0,75.0,75.0,9.4,75.64000000000001,88.94637817497649,48,30,2,0,62.5,62.5,62.5,3.6799999999999997,93.14999999999999,96.1995249406176
2024-25,33,2025-04-20,ipswich,arsenal,0.0,4.0,40,26,5,1,65.0,63.75,63.74999999999999,6.3,51.77,89.15102462545205,37,29,5,0,78.37837837837837,78.37837837837837,78.37837837837837,13.89,92.96000000000001,87.0004679457183
2024-25,33,2025-04-20,manutd,wolves,0.0,1.0,43,35,1,1,81.3953488372093,82.55813953488372,82.55813953488372,6.17,78.66,92.72662973004833,46,31,5,0,67.3913043478261,66.30434782608695,66.30434782608695,2.6299999999999994,68.74000000000002,96.3149782821914
2024-25,33,2025-04-20,leicester,liverpool,0.0,1.0,41,30,4,0,73.17073170731707,70.73170731707317,70.73170731707317,8.07,49.48,85.97741094700261,35,27,1,0,77.14285714285715,80.0,80.0,8.47,124.0,93.6060994942251
2024-25,33,2025-04-21,tottenham,nottmforest,1.0,2.0,48,29,5,2,60.416666666666664,60.416666666666664,60.416666666666664,38.51,57.75,59.99376688136297,35,25,1,0,71.42857142857143,70.71428571428571,70.71428571428572,2.27,74.24,97.03306757286629
2024-25,33,2025-04-22,mancity,astonvilla,2.0,1.0,39,32,1,0,82.05128205128204,79.48717948717949,79.48717948717949,2.23,120.9,98.18890603427272,44,27,0,0,61.36363636363637,60.79545454545455,60.79545454545454,6.7700000000000005,90.27000000000001,93.0234954657873
2024-25,33,2025-04-23,arsenal,crystalpalace,2.0,2.0,37,29,5,0,78.37837837837837,78.37837837837837,78.37837837837837,13.89,92.96000000000001,87.0004679457183,36,23,4,2,63.888888888888886,68.05555555555556,68.05555555555556,8.69,86.95,90.913843580092
2024-25,34,2025-04-26,chelsea,everton,1.0,0.0,48,30,2,0,62.5,62.5,62.5,3.6799999999999997,93.14999999999999,96.1995249406176,36,26,6,0,72.22222222222221,72.22222222222223,72.22222222222221,12.68,56.93,81.78422640425225
2024-25,34,2025-04-26,brighton,westham,3.0,2.0,52,29,3,2,55.769230769230774,54.80769230769231,54.807692307692314,9.23,86.94000000000001,90.40241239471769,33,28,2,0,84.84848484848484,84.84848484848484,84.84848484848484,6.430000000000001,75.5,92.15183693396801
2024-25,34,2025-04-26,newcastle,ipswich,3.0,0.0,35,25,2,1,71.42857142857143,70.71428571428571,70.71428571428572,11.370000000000001,95.1,89.32093547478162,40,26,5,1,65.0,63.75,63.74999999999999,6.3,51.77,89.15102462545205
2024-25,34,2025-04-26,southampton,fulham,1.0,2.0,43,28,1,3,65.11627906976744,66.86046511627907,66.86046511627907,12.580000000000002,44.52,77.96847635726795,32,24,4,0,75.0,75.0,75.0,9.4,75.64000000000001,88.94637817497649
2024-25,34,2025-04-26,wolves,leicester,3.0,0.0,46,31,5,0,67.3913043478261,66.30434782608695,66.30434782608695,2.6299999999999994,68.74000000000002,96.3149782821914,41,30,4,0,73.17073170731707,70.73170731707317,70.73170731707317,8.07,49.48,85.97741094700261
2024-25,34,2025-04-27,bournemouth,manutd,1.0,1.0,41,28,4,0,68.29268292682927,67.07317073170732,67.07317073170732,23.700000000000003,72.50999999999999,75.36638603055815,43,35,1,1,81.3953488372093,82.55813953488372,82.55813953488372,6.17,78.66,92.72662973004833
2024-25,34,2025-04-27,liverpool,tottenham,5.0,1.0,35,27,1,0,77.14285714285715,80.0,80.0,8.47,124.0,93.6060994942251,48,29,5,2,60.416666666666664,60.416666666666664,60.416666666666664,38.51,57.75,59.99376688136297
2024-25,34,2025-05-01,nottmforest,brentford,0.0,2.0,35,25,1,0,71.42857142857143,70.71428571428571,70.71428571428572,2.27,74.24,97.03306757286629,40,29,3,0,72.5,70.0,70.0,8.55,90.98,91.40962523862153
2024-25,35,2025-05-02,mancity,wolves,1.0,0.0,39,32,1,0,82.05128205128204,79.48717948717949,79.48717948717949,2.23,120.9,98.18890603427272,46,31,5,0,67.3913043478261,66.30434782608695,66.30434782608695,2.6299999999999994,68.74000000000002,96.3149782821914
2024-25,35,2025-05-03,astonvilla,fulham,1.0,0.0,44,27,0,0,61.36363636363637,60.79545454545455,60.79545454545454,6.7700000000000005,90.27000000000001,93.0234954657873,32,24,4,0,75.0,75.0,75.0,9.4,75.64000000000001,88.94637817497649
2024-25,35,2025-05-03,everton,ipswich,2.0,2.0,36,26,6,0,72.22222222222221,72.22222222222223,72.22222222222221,12.68,56.93,81.78422640425225,40,26,5,1,65.0,63.75,63.74999999999999,6.3,51.77,89.15102462545205
2024-25,35,2025-05-03,leicester,southampton,2.0,0.0,41,30,4,0,73.17073170731707,70.73170731707317,70.73170731707317,8.07,49.48,85.97741094700261,43,28,1,3,65.11627906976744,66.86046511627907,66.86046511627907,12.580000000000002,44.52,77.96847635726795
2024-25,35,2025-05-03,arsenal,bournemouth,1.0,2.0,37,29,5,0,78.37837837837837,78.37837837837837,78.37837837837837,13.89,92.96000000000001,87.0004679457183,41,28,4,0,68.29268292682927,67.07317073170732,67.07317073170732,23.700000000000003,72.50999999999999,75.36638603055815
2024-25,35,2025-05-04,brentford,manutd,4.0,3.0,40,29,3,0,72.5,70.0,70.0,8.55,90.98,91.40962523862153,43,35,1,1,81.3953488372093,82.55813953488372,82.55813953488372,6.17,78.66,92.72662973004833
2024-25,35,2025-05-04,brighton,newcastle,1.0,1.0,52,29,3,2,55.769230769230774,54.80769230769231,54.807692307692314,9.23,86.94000000000001,90.40241239471769,35,25,2,1,71.42857142857143,70.71428571428571,70.71428571428572,11.370000000000001,95.1,89.32093547478162
2024-25,35,2025-05-04,westham,tottenham,1.0,1.0,33,28,2,0,84.84848484848484,84.84848484848484,84.84848484848484,6.430000000000001,75.5,92.15183693396801,48,29,5,2,60.416666666666664,60.416666666666664,60.416666666666664,38.51,57.75,59.99376688136297
2024-25,35,2025-05-04,chelsea,liverpool,3.0,1.0,48,30,2,0,62.5,62.5,62.5,3.6799999999999997,93.14999999999999,96.1995249406176,35,27,1,0,77.14285714285715,80.0,80.0,8.47,124.0,93.6060994942251
2024-25,35,2025-05-05,crystalpalace,nottmforest,1.0,1.0,36,23,4,2,63.888888888888886,68.05555555555556,68.05555555555556,8.69,86.95,90.913843580092,35,25,1,0,71.42857142857143,70.71428571428571,70.71428571428572,2.27,74.24,97.03306757286629
2024-25,36,2025-05-10,fulham,everton,1.0,3.0,32,24,4,0,75.0,75.0,75.0,9.4,75.64000000000001,88.94637817497649,36,26,6,0,72.22222222222221,72.22222222222223,72.22222222222221,12.68,56.93,81.78422640425225
2024-25,36,2025-05-10,ipswich,brentford,0.0,1.0,40,26,5,1,65.0,63.75,63.74999999999999,6.3,51.77,89.15102462545205,40,29,3,0,72.5,70.0,70.0,8.55,90.98,91.40962523862153
2024-25,36,2025-05-10,southampton,mancity,0.0,0.0,43,28,1,3,65.11627906976744,66.86046511627907,66.86046511627907,12.580000000000002,44.52,77.96847635726795,39,32,1,0,82.05128205128204,79.48717948717949,79.48717948717949,2.23,120.9,98.18890603427272
2024-25,36,2025-05-10,wolves,brighton,0.0,2.0,46,31,5,0,67.3913043478261,66.30434782608695,66.30434782608695,2.6299999999999994,68.74000000000002,96.3149782821914,52,29,3,2,55.769230769230774,54.80769230769231,54.807692307692314,9.23,86.94000000000001,90.40241239471769
2024-25,36,2025-05-10,bournemouth,astonvilla,0.0,1.0,41,28,4,0,68.29268292682927,67.07317073170732,67.07317073170732,23.700000000000003,72.50999999999999,75.36638603055815,44,27,0,0,61.36363636363637,60.79545454545455,60.79545454545454,6.7700000000000005,90.27000000000001,93.0234954657873
2024-25,36,2025-05-11,newcastle,chelsea,2.0,0.0,35,25,2,1,71.42857142857143,70.71428571428571,70.71428571428572,11.370000000000001,95.1,89.32093547478162,48,30,2,0,62.5,62.5,62.5,3.6799999999999997,93.14999999999999,96.1995249406176
2024-25,36,2025-05-11,manutd,westham,0.0,2.0,43,35,1,1,81.3953488372093,82.55813953488372,82.55813953488372,6.17,78.66,92.72662973004833,33,28,2,0,84.84848484848484,84.84848484848484,84.84848484848484,6.430000000000001,75.5,92.15183693396801
2024-25,36,2025-05-11,nottmforest,leicester,2.0,2.0,35,25,1,0,71.42857142857143,70.71428571428571,70.71428571428572,2.27,74.24,97.03306757286629,41,30,4,0,73.17073170731707,70.73170731707317,70.73170731707317,8.07,49.48,85.97741094700261
2024-25,36,2025-05-11,tottenham,crystalpalace,0.0,2.0,48,29,5,2,60.416666666666664,60.416666666666664,60.416666666666664,38.51,57.75,59.99376688136297,36,23,4,2,63.888888888888886,68.05555555555556,68.05555555555556,8.69,86.95,90.913843580092
2024-25,36,2025-05-11,liverpool,arsenal,2.0,2.0,35,27,1,0,77.14285714285715,80.0,80.0,8.47,124.0,93.6060994942251,37,29,5,0,78.37837837837837,78.37837837837837,78.37837837837837,13.89,92.96000000000001,87.0004679457183
2024-25,37,2025-05-16,astonvilla,tottenham,2.0,0.0,44,27,0,0,61.36363636363637,60.79545454545455,60.79545454545454,6.7700000000000005,90.27000000000001,93.0234954657873,48,29,5,2,60.416666666666664,60.416666666666664,60.416666666666664,38.51,57.75,59.99376688136297
2024-25,37,2025-05-16,chelsea,manutd,1.0,0.0,48,30,2,0,62.5,62.5,62.5,3.6799999999999997,93.14999999999999,96.1995249406176,43,35,1,1,81.3953488372093,82.55813953488372,82.55813953488372,6.17,78.66,92.72662973004833
2024-25,37,2025-05-18,everton,southampton,2.0,0.0,36,26,6,0,72.22222222222221,72.22222222222223,72.22222222222221,12.68,56.93,81.78422640425225,43,28,1,3,65.11627906976744,66.86046511627907,66.86046511627907,12.580000000000002,44.52,77.96847635726795
2024-25,37,2025-05-18,westham,nottmforest,1.0,2.0,33,28,2,0,84.84848484848484,84.84848484848484,84.84848484848484,6.430000000000001,75.5,92.15183693396801,35,25,1,0,71.42857142857143,70.71428571428571,70.71428571428572,2.27,74.24,97.03306757286629
2024-25,37,2025-05-18,brentford,fulham,2.0,3.0,40,29,3,0,72.5,70.0,70.0,8.55,90.98,91.40962523862153,32,24,4,0,75.0,75.0,75.0,9.4,75.64000000000001,88.94637817497649
2024-25,37,2025-05-18,leicester,ipswich,2.0,0.0,41,30,4,0,73.17073170731707,70.73170731707317,70.73170731707317,8.07,49.48,85.97741094700261,40,26,5,1,65.0,63.75,63.74999999999999,6.3,51.77,89.15102462545205
2024-25,37,2025-05-18,arsenal,newcastle,1.0,0.0,37,29,5,0,78.37837837837837,78.37837837837837,78.37837837837837,13.89,92.96000000000001,87.0004679457183,35,25,2,1,71.42857142857143,70.71428571428571,70.71428571428572,11.370000000000001,95.1,89.32093547478162
2024-25,37,2025-05-19,brighton,liverpool,3.0,2.0,52,29,3,2,55.769230769230774,54.80769230769231,54.807692307692314,9.23,86.94000000000001,90.40241239471769,35,27,1,0,77.14285714285715,80.0,80.0,8.47,124.0,93.6060994942251
2024-25,37,2025-05-20,crystalpalace,wolves,4.0,2.0,36,23,4,2,63.888888888888886,68.05555555555556,68.05555555555556,8.69,86.95,90.913843580092,46,31,5,0,67.3913043478261,66.30434782608695,66.30434782608695,2.6299999999999994,68.74000000000002,96.3149782821914
2024-25,37,2025-05-20,mancity,bournemouth,3.0,1.0,39,32,1,0,82.05128205128204,79.48717948717949,79.48717948717949,2.23,120.9,98.18890603427272,41,28,4,0,68.29268292682927,67.07317073170732,67.07317073170732,23.700000000000003,72.50999999999999,75.36638603055815
2024-25,38,2025-05-25,bournemouth,leicester,2.0,0.0,41,28,4,0,68.29268292682927,67.07317073170732,67.07317073170732,23.700000000000003,72.50999999999999,75.36638603055815,41,30,4,0,73.17073170731707,70.73170731707317,70.73170731707317,8.07,49.48,85.97741094700261
2024-25,38,2025-05-25,fulham,mancity,0.0,2.0,32,24,4,0,75.0,75.0,75.0,9.4,75.64000000000001,88.94637817497649,39,32,1,0,82.05128205128204,79.48717948717949,79.48717948717949,2.23,120.9,98.18890603427272
2024-25,38,2025-05-25,ipswich,westham,1.0,3.0,40,26,5,1,65.0,63.75,63.74999999999999,6.3,51.77,89.15102462545205,33,28,2,0,84.84848484848484,84.84848484848484,84.84848484848484,6.430000000000001,75.5,92.15183693396801
2024-25,38,2025-05-25,liverpool,crystalpalace,1.0,1.0,35,27,1,0,77.14285714285715,80.0,80.0,8.47,124.0,93.6060994942251,36,23,4,2,63.888888888888886,68.05555555555556,68.05555555555556,8.69,86.95,90.913843580092
2024-25,38,2025-05-25,manutd,astonvilla,2.0,0.0,43,35,1,1,81.3953488372093,82.55813953488372,82.55813953488372,6.17,78.66,92.72662973004833,44,27,0,0,61.36363636363637,60.79545454545455,60.79545454545454,6.7700000000000005,90.27000000000001,93.0234954657873
2024-25,38,2025-05-25,newcastle,everton,0.0,1.0,35,25,2,1,71.42857142857143,70.71428571428571,70.71428571428572,11.370000000000001,95.1,89.32093547478162,36,26,6,0,72.22222222222221,72.22222222222223,72.22222222222221,12.68,56.93,81.78422640425225
2024-25,38,2025-05-25,nottmforest,chelsea,0.0,1.0,35,25,1,0,71.42857142857143,70.71428571428571,70.71428571428572,2.27,74.24,97.03306757286629,48,30,2,0,62.5,62.5,62.5,3.6799999999999997,93.14999999999999,96.1995249406176
2024-25,38,2025-05-25,southampton,arsenal,1.0,2.0,43,28,1,3,65.11627906976744,66.86046511627907,66.86046511627907,12.580000000000002,44.52,77.96847635726795,37,29,5,0,78.37837837837837,78.37837837837837,78.37837837837837,13.89,92.96000000000001,87.0004679457183
2024-25,38,2025-05-25,tottenham,brighton,1.0,4.0,48,29,5,2,60.416666666666664,60.416666666666664,60.416666666666664,38.51,57.75,59.99376688136297,52,29,3,2,55.769230769230774,54.80769230769231,54.807692307692314,9.23,86.94000000000001,90.40241239471769
2024-25,38,2025-05-25,wolves,brentford,1.0,1.0,46,31,5,0,67.3913043478261,66.30434782608695,66.30434782608695,2.6299999999999994,68.74000000000002,96.3149782821914,40,29,3,0,72.5,70.0,70.0,8.55,90.98,91.40962523862153
2025-26,1,2025-08-15,liverpool,bournemouth,4.0,2.0,36,22,5,3,61.111111111111114,70.83333333333333,70.83333333333334,3.4699999999999998,21.4,86.04744672295939,40,28,0,0,70.0,66.25,66.25,0.0,18.26,100.0
2025-26,1,2025-08-16,astonvilla,newcastle,0.0,0.0,42,27,3,0,64.28571428571429,66.66666666666667,66.66666666666666,1.92,11.850000000000001,86.05664488017429,36,26,3,1,72.22222222222221,71.52777777777777,71.52777777777779,0.42000000000000004,19.289999999999996,97.869101978691
2025-26,1,2025-08-16,brighton,fulham,1.0,1.0,43,22,3,4,51.162790697674424,57.55813953488372,57.55813953488372,5.61,15.18,73.01587301587303,29,19,1,5,65.51724137931035,68.96551724137932,68.96551724137932,5.0600000000000005,10.82,68.13602015113351
2025-26,1,2025-08-16,tottenham,burnley,3.0,0.0,39,23,8,0,58.97435897435898,53.205128205128204,53.205128205128204,0.25,16.669999999999998,98.5224586288416,41,29,3,0,70.73170731707317,70.73170731707317,70.73170731707317,0.0,11.65,100.0
2025-26,1,2025-08-16,sunderland,westham,3.0,0.0,45,30,2,4,66.66666666666666,66.66666666666667,66.66666666666666,1.5699999999999998,10.779999999999998,87.28744939271255,34,23,4,0,67.64705882352942,68.38235294117646,68.38235294117648,1.65,11.600000000000001,87.54716981132076
2025-26,1,2025-08-16,wolves,mancity,0.0,4.0,36,26,3,0,72.22222222222221,75.0,75.0,1.3,14.629999999999997,91.83929692404269,35,28,0,1,80.0,76.42857142857143,76.42857142857142,0.36,26.83,98.67598381757999
2025-26,1,2025-08-17,chelsea,crystalpalace,0.0,0.0,36,24,4,0,66.66666666666666,63.888888888888886,63.888888888888886,0.9400000000000001,21.54,95.81850533807828,37,25,5,0,67.56756756756756,72.97297297297297,72.97297297297297,3.23,24.560000000000006,88.37711406980928
2025-26,1,2025-08-17,nottmforest,brentford,3.0,1.0,37,23,5,0,62.16216216216216,64.86486486486487,64.86486486486487,4.0200000000000005,12.120000000000001,75.09293680297398,37,30,2,0,81.08108108108108,78.37837837837837,78.37837837837837,0.01,20.78,99.95189995189995
2025-26,1,2025-08-17,manutd,arsenal,0.0,1.0,39,28,1,1,71.7948717948718,73.07692307692308,73.07692307692307,0.34,25.259999999999998,98.671875,35,23,4,2,65.71428571428571,69.28571428571429,69.28571428571428,3.26,22.52,87.3545384018619
2025-26,1,2025-08-18,leeds,everton,1.0,0.0,34,26,0,0,76.47058823529412,72.05882352941177,72.05882352941177,0.0,18.12,100.0,35,27,2,0,77.14285714285715,77.14285714285714,77.14285714285715,0.0,21.3,100.0
2025-26,2,2025-08-22,westham,chelsea,1.0,5.0,34,23,4,0,67.64705882352942,68.38235294117646,68.38235294117648,1.65,11.600000000000001,87.54716981132076,36,24,4,0,66.66666666666666,63.888888888888886,63.888888888888886,0.9400000000000001,21.54,95.81850533807828
2025-26,2,2025-08-23,mancity,tottenham,0.0,2.0,35,28,0,1,80.0,76.42857142857143,76.42857142857142,0.36,26.83,98.67598381757999,39,23,8,0,58.97435897435898,53.205128205128204,53.205128205128204,0.25,16.669999999999998,98.5224586288416
2025-26,2,2025-08-23,bournemouth,wolves,1.0,0.0,40,28,0,0,70.0,66.25,66.25,0.0,18.26,100.0,36,26,3,0,72.22222222222221,75.0,75.0,1.3,14.629999999999997,91.83929692404269
2025-26,2,2025-08-23,brentford,astonvilla,1.0,0.0,37,30,2,0,81.08108108108108,78.37837837837837,78.37837837837837,0.01,20.78,99.95189995189995,42,27,3,0,64.28571428571429,66.66666666666667,66.66666666666666,1.92,11.850000000000001,86.05664488017429
2025-26,2,2025-08-23,burnley,sunderland,2.0,0.0,41,29,3,0,70.73170731707317,70.73170731707317,70.73170731707317,0.0,11.65,100.0,45,30,2,4,66.66666666666666,66.66666666666667,66.66666666666666,1.5699999999999998,10.779999999999998,87.28744939271255
2025-26,2,2025-08-23,arsenal,leeds,5.0,0.0,35,23,4,2,65.71428571428571,69.28571428571429,69.28571428571428,3.26,22.52,87.3545384018619,34,26,0,0,76.47058823529412,72.05882352941177,72.05882352941177,0.0,18.12,100.0
2025-26,2,2025-08-24,crystalpalace,nottmforest,1.0,1.0,37,25,5,0,67.56756756756756,72.97297297297297,72.97297297297297,3.23,24.560000000000006,88.37711406980928,37,23,5,0,62.16216216216216,64.86486486486487,64.86486486486487,4.0200000000000005,12.120000000000001,75.09293680297398
2025-26,2,2025-08-24,everton,brighton,2.0,0.0,35,27,2,0,77.14285714285715,77.14285714285714,77.14285714285715,0.0,21.3,100.0,43,22,3,4,51.162790697674424,57.55813953488372,57.55813953488372,5.61,15.18,73.01587301587303
2025-26,2,2025-08-24,fulham,manutd,1.0,1.0,29,19,1,5,65.51724137931035,68.96551724137932,68.96551724137932,5.0600000000000005,10.82,68.13602015113351,39,28,1,1,71.7948717948718,73.07692307692308,73.07692307692307,0.34,25.259999999999998,98.671875
2025-26,2,2025-08-25,newcastle,liverpool,2.0,3.0,36,26,3,1,72.22222222222221,71.52777777777777,71.52777777777779,0.42000000000000004,19.289999999999996,97.869101978691,36,22,5,3,61.111111111111114,70.83333333333333,70.83333333333334,3.4699999999999998,21.4,86.04744672295939
2025-26,3,2025-08-30,chelsea,fulham,2.0,0.0,36,24,4,0,66.66666666666666,63.888888888888886,63.888888888888886,0.9400000000000001,21.54,95.81850533807828,29,19,1,5,65.51724137931035,68.96551724137932,68.96551724137932,5.0600000000000005,10.82,68.13602015113351
2025-26,3,2025-08-30,manutd,burnley,3.0,2.0,39,28,1,1,71.7948717948718,73.07692307692308,73.07692307692307,0.34,25.259999999999998,98.671875,41,29,3,0,70.73170731707317,70.73170731707317,70.73170731707317,0.0,11.65,100.0
2025-26,3,2025-08-30,tottenham,bournemouth,0.0,1.0,39,23,8,0,58.97435897435898,53.205128205128204,53.205128205128204,0.25,16.669999999999998,98.5224586288416,40,28,0,0,70.0,66.25,66.25,0.0,18.26,100.0
2025-26,3,2025-08-30,sunderland,brentford,2.0,1.0,45,30,2,4,66.66666666666666,66.66666666666667,66.66666666666666,1.5699999999999998,10.779999999999998,87.28744939271255,37,30,2,0,81.08108108108108,78.37837837837837,78.37837837837837,0.01,20.78,99.95189995189995
2025-26,3,2025-08-30,wolves,everton,2.0,3.0,36,26,3,0,72.22222222222221,75.0,75.0,1.3,14.629999999999997,91.83929692404269,35,27,2,0,77.14285714285715,77.14285714285714,77.14285714285715,0.0,21.3,100.0
2025-26,3,2025-08-30,leeds,newcastle,0.0,0.0,34,26,0,0,76.47058823529412,72.05882352941177,72.05882352941177,0.0,18.12,100.0,36,26,3,1,72.22222222222221,71.52777777777777,71.52777777777779,0.42000000000000004,19.289999999999996,97.869101978691
2025-26,3,2025-08-31,brighton,mancity,2.0,1.0,43,22,3,4,51.162790697674424,57.55813953488372,57.55813953488372,5.61,15.18,73.01587301587303,35,28,0,1,80.0,76.42857142857143,76.42857142857142,0.36,26.83,98.67598381757999
2025-26,3,2025-08-31,nottmforest,westham,0.0,3.0,37,23,5,0,62.16216216216216,64.86486486486487,64.86486486486487,4.0200000000000005,12.120000000000001,75.09293680297398,34,23,4,0,67.64705882352942,68.38235294117646,68.38235294117648,1.65,11.600000000000001,87.54716981132076
2025-26,3,2025-08-31,liverpool,arsenal,1.0,0.0,36,22,5,3,61.111111111111114,70.83333333333333,70.83333333333334,3.4699999999999998,21.4,86.04744672295939,35,23,4,2,65.71428571428571,69.28571428571429,69.28571428571428,3.26,22.52,87.3545384018619
2025-26,3,2025-08-31,astonvilla,crystalpalace,0.0,3.0,42,27,3,0,64.28571428571429,66.66666666666667,66.66666666666666,1.92,11.850000000000001,86.05664488017429,37,25,5,0,67.56756756756756,72.97297297297297,72.97297297297297,3.23,24.560000000000006,88.37711406980928
2025-26,4,2025-09-13,arsenal,nottmforest,3.0,0.0,35,23,4,2,65.71428571428571,69.28571428571429,69.28571428571428,3.26,22.52,87.3545384018619,37,23,5,0,62.16216216216216,64.86486486486487,64.86486486486487,4.0200000000000005,12.120000000000001,75.09293680297398
2025-26,4,2025-09-13,bournemouth,brighton,2.0,1.0,40,28,0,0,70.0,66.25,66.25,0.0,18.26,100.0,43,22,3,4,51.162790697674424,57.55813953488372,57.55813953488372,5.61,15.18,73.01587301587303
2025-26,4,2025-09-13,crystalpalace,sunderland,0.0,0.0,37,25,5,0,67.56756756756756,72.97297297297297,72.97297297297297,3.23,24.560000000000006,88.37711406980928,45,30,2,4,66.66666666666666,66.66666666666667,66.66666666666666,1.5699999999999998,10.779999999999998,87.28744939271255
2025-26,4,2025-09-13,everton,astonvilla,0.0,0.0,35,27,2,0,77.14285714285715,77.14285714285714,77.14285714285715,0.0,21.3,100.0,42,27,3,0,64.28571428571429,66.66666666666667,66.66666666666666,1.92,11.850000000000001,86.05664488017429
2025-26,4,2025-09-13,fulham,leeds,1.0,0.0,29,19,1,5,65.51724137931035,68.96551724137932,68.96551724137932,5.0600000000000005,10.82,68.13602015113351,34,26,0,0,76.47058823529412,72.05882352941177,72.05882352941177,0.0,18.12,100.0
2025-26,4,2025-09-13,newcastle,wolves,1.0,0.0,36,26,3,1,72.22222222222221,71.52777777777777,71.52777777777779,0.42000000000000004,19.289999999999996,97.869101978691,36,26,3,0,72.22222222222221,75.0,75.0,1.3,14.629999999999997,91.83929692404269
2025-26,4,2025-09-13,westham,tottenham,0.0,3.0,34,23,4,0,67.64705882352942,68.38235294117646,68.38235294117648,1.65,11.600000000000001,87.54716981132076,39,23,8,0,58.97435897435898,53.205128205128204,53.205128205128204,0.25,16.669999999999998,98.5224586288416
2025-26,4,2025-09-13,brentford,chelsea,2.0,2.0,37,30,2,0,81.08108108108108,78.37837837837837,78.37837837837837,0.01,20.78,99.95189995189995,36,24,4,0,66.66666666666666,63.888888888888886,63.888888888888886,0.9400000000000001,21.54,95.81850533807828
2025-26,4,2025-09-14,burnley,liverpool,0.0,1.0,41,29,3,0,70.73170731707317,70.73170731707317,70.73170731707317,0.0,11.65,100.0,36,22,5,3,61.111111111111114,70.83333333333333,70.83333333333334,3.4699999999999998,21.4,86.04744672295939
2025-26,4,2025-09-14,mancity,manutd,3.0,0.0,35,28,0,1,80.0,76.42857142857143,76.42857142857142,0.36,26.83,98.67598381757999,39,28,1,1,71.7948717948718,73.07692307692308,73.07692307692307,0.34,25.259999999999998,98.671875
2025-26,5,2025-09-20,liverpool,everton,2.0,1.0,36,22,5,3,61.111111111111114,70.83333333333333,70.83333333333334,3.4699999999999998,21.4,86.04744672295939,35,27,2,0,77.14285714285715,77.14285714285714,77.14285714285715,0.0,21.3,100.0
2025-26,5,2025-09-20,brighton,tottenham,2.0,2.0,43,22,3,4,51.162790697674424,57.55813953488372,57.55813953488372,5.61,15.18,73.01587301587303,39,23,8,0,58.97435897435898,53.205128205128204,53.205128205128204,0.25,16.669999999999998,98.5224586288416
2025-26,5,2025-09-20,burnley,nottmforest,1.0,1.0,41,29,3,0,70.73170731707317,70.73170731707317,70.73170731707317,0.0,11.65,100.0,37,23,5,0,62.16216216216216,64.86486486486487,64.86486486486487,4.0200000000000005,12.120000000000001,75.09293680297398
2025-26,5,2025-09-20,westham,crystalpalace,1.0,2.0,34,23,4,0,67.64705882352942,68.38235294117646,68.38235294117648,1.65,11.600000000000001,87.54716981132076,37,25,5,0,67.56756756756756,72.97297297297297,72.97297297297297,3.23,24.560000000000006,88.37711406980928
2025-26,5,2025-09-20,wolves,leeds,1.0,3.0,36,26,3,0,72.22222222222221,75.0,75.0,1.3,14.629999999999997,91.83929692404269,34,26,0,0,76.47058823529412,72.05882352941177,72.05882352941177,0.0,18.12,100.0
2025-26,5,2025-09-20,manutd,chelsea,2.0,1.0,39,28,1,1,71.7948717948718,73.07692307692308,73.07692307692307,0.34,25.259999999999998,98.671875,36,24,4,0,66.66666666666666,63.888888888888886,63.888888888888886,0.9400000000000001,21.54,95.81850533807828
2025-26,5,2025-09-20,fulham,brentford,3.0,1.0,29,19,1,5,65.51724137931035,68.96551724137932,68.96551724137932,5.0600000000000005,10.82,68.13602015113351,37,30,2,0,81.08108108108108,78.37837837837837,78.37837837837837,0.01,20.78,99.95189995189995
2025-26,5,2025-09-21,bournemouth,newcastle,0.0,0.0,40,28,0,0,70.0,66.25,66.25,0.0,18.26,100.0,36,26,3,1,72.22222222222221,71.52777777777777,71.52777777777779,0.42000000000000004,19.289999999999996,97.869101978691
2025-26,5,2025-09-21,sunderland,astonvilla,1.0,1.0,45,30,2,4,66.66666666666666,66.66666666666667,66.66666666666666,1.5699999999999998,10.779999999999998,87.28744939271255,42,27,3,0,64.28571428571429,66.66666666666667,66.66666666666666,1.92,11.850000000000001,86.05664488017429
2025-26,5,2025-09-21,arsenal,mancity,1.0,1.0,35,23,4,2,65.71428571428571,69.28571428571429,69.28571428571428,3.26,22.52,87.3545384018619,35,28,0,1,80.0,76.42857142857143,76.42857142857142,0.36,26.83,98.67598381757999
2025-26,6,2025-09-27,brentford,manutd,3.0,1.0,37,30,2,0,81.08108108108108,78.37837837837837,78.37837837837837,0.01,20.78,99.95189995189995,39,28,1,1,71.7948717948718,73.07692307692308,73.07692307692307,0.34,25.259999999999998,98.671875
2025-26,6,2025-09-27,chelsea,brighton,1.0,3.0,36,24,4,0,66.66666666666666,63.888888888888886,63.888888888888886,0.9400000000000001,21.54,95.81850533807828,43,22,3,4,51.162790697674424,57.55813953488372,57.55813953488372,5.61,15.18,73.01587301587303
2025-26,6,2025-09-27,crystalpalace,liverpool,2.0,1.0,37,25,5,0,67.56756756756756,72.97297297297297,72.97297297297297,3.23,24.560000000000006,88.37711406980928,36,22,5,3,61.111111111111114,70.83333333333333,70.83333333333334,3.4699999999999998,21.4,86.04744672295939
2025-26,6,2025-09-27,leeds,bournemouth,2.0,2.0,34,26,0,0,76.47058823529412,72.05882352941177,72.05882352941177,0.0,18.12,100.0,40,28,0,0,70.0,66.25,66.25,0.0,18.26,100.0
2025-26,6,2025-09-27,mancity,burnley,5.0,1.0,35,28,0,1,80.0,76.42857142857143,76.42857142857142,0.36,26.83,98.67598381757999,41,29,3,0,70.73170731707317,70.73170731707317,70.73170731707317,0.0,11.65,100.0
2025-26,6,2025-09-27,nottmforest,sunderland,0.0,1.0,37,23,5,0,62.16216216216216,64.86486486486487,64.86486486486487,4.0200000000000005,12.120000000000001,75.09293680297398,45,30,2,4,66.66666666666666,66.66666666666667,66.66666666666666,1.5699999999999998,10.779999999999998,87.28744939271255
2025-26,6,2025-09-27,tottenham,wolves,1.0,1.0,39,23,8,0,58.97435897435898,53.205128205128204,53.205128205128204,0.25,16.669999999999998,98.5224586288416,36,26,3,0,72.22222222222221,75.0,75.0,1.3,14.629999999999997,91.83929692404269
2025-26,6,2025-09-28,astonvilla,fulham,3.0,1.0,42,27,3,0,64.28571428571429,66.66666666666667,66.66666666666666,1.92,11.850000000000001,86.05664488017429,29,19,1,5,65.51724137931035,68.96551724137932,68.96551724137932,5.0600000000000005,10.82,68.13602015113351
2025-26,6,2025-09-28,newcastle,arsenal,1.0,2.0,36,26,3,1,72.22222222222221,71.52777777777777,71.52777777777779,0.42000000000000004,19.289999999999996,97.869101978691,35,23,4,2,65.71428571428571,69.28571428571429,69.28571428571428,3.26,22.52,87.3545384018619
2025-26,6,2025-09-29,everton,westham,1.0,1.0,35,27,2,0,77.14285714285715,77.14285714285714,77.14285714285715,0.0,21.3,100.0,34,23,4,0,67.64705882352942,68.38235294117646,68.38235294117648,1.65,11.600000000000001,87.54716981132076
2025-26,7,2025-10-03,bournemouth,fulham,3.0,1.0,40,28,0,0,70.0,66.25,66.25,0.0,18.26,100.0,29,19,1,5,65.51724137931035,68.96551724137932,68.96551724137932,5.0600000000000005,10.82,68.13602015113351
2025-26,7,2025-10-04,leeds,tottenham,1.0,2.0,34,26,0,0,76.47058823529412,72.05882352941177,72.05882352941177,0.0,18.12,100.0,39,23,8,0,58.97435897435898,53.205128205128204,53.205128205128204,0.25,16.669999999999998,98.5224586288416
2025-26,7,2025-10-04,arsenal,westham,2.0,0.0,35,23,4,2,65.71428571428571,69.28571428571429,69.28571428571428,3.26,22.52,87.3545384018619,34,23,4,0,67.64705882352942,68.38235294117646,68.38235294117648,1.65,11.600000000000001,87.54716981132076
2025-26,7,2025-10-04,manutd,sunderland,2.0,0.0,39,28,1,1,71.7948717948718,73.07692307692308,73.07692307692307,0.34,25.259999999999998,98.671875,45,30,2,4,66.66666666666666,66.66666666666667,66.66666666666666,1.5699999999999998,10.779999999999998,87.28744939271255
2025-26,7,2025-10-04,chelsea,liverpool,2.0,1.0,36,24,4,0,66.66666666666666,63.888888888888886,63.888888888888886,0.9400000000000001,21.54,95.81850533807828,36,22,5,3,61.111111111111114,70.83333333333333,70.83333333333334,3.4699999999999998,21.4,86.04744672295939
2025-26,7,2025-10-05,astonvilla,burnley,2.0,1.0,42,27,3,0,64.28571428571429,66.66666666666667,66.66666666666666,1.92,11.850000000000001,86.05664488017429,41,29,3,0,70.73170731707317,70.73170731707317,70.73170731707317,0.0,11.65,100.0
2025-26,7,2025-10-05,everton,crystalpalace,2.0,1.0,35,27,2,0,77.14285714285715,77.14285714285714,77.14285714285715,0.0,21.3,100.0,37,25,5,0,67.56756756756756,72.97297297297297,72.97297297297297,3.23,24.560000000000006,88.37711406980928
2025-26,7,2025-10-05,newcastle,nottmforest,2.0,0.0,36,26,3,1,72.22222222222221,71.52777777777777,71.52777777777779,0.42000000000000004,19.289999999999996,97.869101978691,37,23,5,0,62.16216216216216,64.86486486486487,64.86486486486487,4.0200000000000005,12.120000000000001,75.09293680297398
2025-26,7,2025-10-05,wolves,brighton,1.0,1.0,36,26,3,0,72.22222222222221,75.0,75.0,1.3,14.629999999999997,91.83929692404269,43,22,3,4,51.162790697674424,57.55813953488372,57.55813953488372,5.61,15.18,73.01587301587303
2025-26,7,2025-10-05,brentford,mancity,0.0,1.0,37,30,2,0,81.08108108108108,78.37837837837837,78.37837837837837,0.01,20.78,99.95189995189995,35,28,0,1,80.0,76.42857142857143,76.42857142857142,0.36,26.83,98.67598381757999
2025-26,8,2025-10-18,nottmforest,chelsea,0.0,3.0,37,23,5,0,62.16216216216216,64.86486486486487,64.86486486486487,4.0200000000000005,12.120000000000001,75.09293680297398,36,24,4,0,66.66666666666666,63.888888888888886,63.888888888888886,0.9400000000000001,21.54,95.81850533807828
2025-26,8,2025-10-18,brighton,newcastle,2.0,1.0,43,22,3,4,51.162790697674424,57.55813953488372,57.55813953488372,5.61,15.18,73.01587301587303,36,26,3,1,72.22222222222221,71.52777777777777,71.52777777777779,0.42000000000000004,19.289999999999996,97.869101978691
2025-26,8,2025-10-18,burnley,leeds,2.0,0.0,41,29,3,0,70.73170731707317,70.73170731707317,70.73170731707317,0.0,11.65,100.0,34,26,0,0,76.47058823529412,72.05882352941177,72.05882352941177,0.0,18.12,100.0
2025-26,8,2025-10-18,crystalpalace,bournemouth,3.0,3.0,37,25,5,0,67.56756756756756,72.97297297297297,72.97297297297297,3.23,24.560000000000006,88.37711406980928,40,28,0,0,70.0,66.25,66.25,0.0,18.26,100.0
2025-26,8,2025-10-18,mancity,everton,2.0,0.0,35,28,0,1,80.0,76.42857142857143,76.42857142857142,0.36,26.83,98.67598381757999,35,27,2,0,77.14285714285715,77.14285714285714,77.14285714285715,0.0,21.3,100.0
2025-26,8,2025-10-18,sunderland,wolves,2.0,0.0,45,30,2,4,66.66666666666666,66.66666666666667,66.66666666666666,1.5699999999999998,10.779999999999998,87.28744939271255,36,26,3,0,72.22222222222221,75.0,75.0,1.3,14.629999999999997,91.83929692404269
2025-26,8,2025-10-18,fulham,arsenal,0.0,1.0,29,19,1,5,65.51724137931035,68.96551724137932,68.96551724137932,5.0600000000000005,10.82,68.13602015113351,35,23,4,2,65.71428571428571,69.28571428571429,69.28571428571428,3.26,22.52,87.3545384018619
2025-26,8,2025-10-19,tottenham,astonvilla,1.0,2.0,39,23,8,0,58.97435897435898,53.205128205128204,53.205128205128204,0.25,16.669999999999998,98.5224586288416,42,27,3,0,64.28571428571429,66.66666666666667,66.66666666666666,1.92,11.850000000000001,86.05664488017429
2025-26,8,2025-10-19,liverpool,manutd,1.0,2.0,36,22,5,3,61.111111111111114,70.83333333333333,70.83333333333334,3.4699999999999998,21.4,86.04744672295939,39,28,1,1,71.7948717948718,73.07692307692308,73.07692307692307,0.34,25.259999999999998,98.671875
2025-26,8,2025-10-20,westham,brentford,0.0,2.0,34,23,4,0,67.64705882352942,68.38235294117646,68.38235294117648,1.65,11.600000000000001,87.54716981132076,37,30,2,0,81.08108108108108,78.37837837837837,78.37837837837837,0.01,20.78,99.95189995189995
2025-26,9,2025-10-24,leeds,westham,2.0,1.0,34,26,0,0,76.47058823529412,72.05882352941177,72.05882352941177,0.0,18.12,100.0,34,23,4,0,67.64705882352942,68.38235294117646,68.38235294117648,1.65,11.600000000000001,87.54716981132076
2025-26,9,2025-10-25,chelsea,sunderland,1.0,2.0,36,24,4,0,66.66666666666666,63.888888888888886,63.888888888888886,0.9400000000000001,21.54,95.81850533807828,45,30,2,4,66.66666666666666,66.66666666666667,66.66666666666666,1.5699999999999998,10.779999999999998,87.28744939271255
2025-26,9,2025-10-25,newcastle,fulham,2.0,1.0,36,26,3,1,72.22222222222221,71.52777777777777,71.52777777777779,0.42000000000000004,19.289999999999996,97.869101978691,29,19,1,5,65.51724137931035,68.96551724137932,68.96551724137932,5.0600000000000005,10.82,68.13602015113351
2025-26,9,2025-10-25,manutd,brighton,4.0,2.0,39,28,1,1,71.7948717948718,73.07692307692308,73.07692307692307,0.34,25.259999999999998,98.671875,43,22,3,4,51.162790697674424,57.55813953488372,57.55813953488372,5.61,15.18,73.01587301587303
2025-26,9,2025-10-25,brentford,liverpool,3.0,2.0,37,30,2,0,81.08108108108108,78.37837837837837,78.37837837837837,0.01,20.78,99.95189995189995,36,22,5,3,61.111111111111114,70.83333333333333,70.83333333333334,3.4699999999999998,21.4,86.04744672295939
2025-26,9,2025-10-26,arsenal,crystalpalace,1.0,0.0,35,23,4,2,65.71428571428571,69.28571428571429,69.28571428571428,3.26,22.52,87.3545384018619,37,25,5,0,67.56756756756756,72.97297297297297,72.97297297297297,3.23,24.560000000000006,88.37711406980928
2025-26,9,2025-10-26,astonvilla,mancity,1.0,0.0,42,27,3,0,64.28571428571429,66.66666666666667,66.66666666666666,1.92,11.850000000000001,86.05664488017429,35,28,0,1,80.0,76.42857142857143,76.42857142857142,0.36,26.83,98.67598381757999
2025-26,9,2025-10-26,bournemouth,nottmforest,2.0,0.0,40,28,0,0,70.0,66.25,66.25,0.0,18.26,100.0,37,23,5,0,62.16216216216216,64.86486486486487,64.86486486486487,4.0200000000000005,12.120000000000001,75.09293680297398
2025-26,9,2025-10-26,wolves,burnley,2.0,3.0,36,26,3,0,72.22222222222221,75.0,75.0,1.3,14.629999999999997,91.83929692404269,41,29,3,0,70.73170731707317,70.73170731707317,70.73170731707317,0.0,11.65,100.0
2025-26,9,2025-10-26,everton,tottenham,0.0,3.0,35,27,2,0,77.14285714285715,77.14285714285714,77.14285714285715,0.0,21.3,100.0,39,23,8,0,58.97435897435898,53.205128205128204,53.205128205128204,0.25,16.669999999999998,98.5224586288416
