bet_id,sportsbook,type,status,odds,closing_line,ev,amount,profit,time_placed,time_settled,time_placed_iso,time_settled_iso,bet_info,tags,sports,leagues
O/0003172/0004148,Fanduel Sportsbook,straight,SETTLED_VOID,1.8771929824561404,,,10,0.00,03/08/2026 13:40:20 GMT,03/08/2026 21:49:40 GMT,2026-03-08T13:40:20.000Z,2026-03-08T21:49:40.000Z,DeMar DeRozan Under 15.5 DeMar DeRozan - Points Chicago Bulls @ Sacramento Kings,,Basketball,NBA
26095859000119905,Fanatics,straight,SETTLED_WIN,2.15,2.2800000000000002,-0.0570,10,11.50,03/08/2026 13:39:56 GMT,03/08/2026 21:39:22 GMT,2026-03-08T13:39:56.787Z,2026-03-08T21:39:22.766Z,10+ Landry Shamet - Points New York Knicks at Los Angeles Lakers,,Basketball,NBA
0fc2c911-bac3-409a-9661-4da6802fdb64,ProphetX,straight,SETTLED_WIN,2.0682,2.09,-0.0104,65,69.43,03/08/2026 13:39:36 GMT,03/08/2026 19:53:00 GMT,2026-03-08T13:39:36.000Z,2026-03-08T19:53:00.451Z,Boston Celtics -1.0 Spread Boston Celtics at Cleveland Cavaliers,,Basketball,NBA
26095860000159905,Fanatics,straight,SETTLED_WIN,2.05,2.15,-0.0465,10,10.50,03/08/2026 13:40:59 GMT,03/08/2026 19:22:43 GMT,2026-03-08T13:40:59.874Z,2026-03-08T19:22:43.398Z,Over 5.5 Dean Wade - Points OU Boston Celtics at Cleveland Cavaliers,,Basketball,NBA
26095851000149805,Fanatics,straight,SETTLED_WIN,2.25,2.06,0.0922,10,12.50,03/08/2026 13:31:56 GMT,03/08/2026 19:00:44 GMT,2026-03-08T13:31:56.438Z,2026-03-08T19:00:44.797Z,4+ Sam Hauser - Rebounds Boston Celtics at Cleveland Cavaliers,,Basketball,NBA
O/0003172/0004150,Fanduel Sportsbook,straight,SETTLED_WIN,2,2.1799999999999997,-0.0826,15,15.00,03/08/2026 13:43:01 GMT,03/08/2026 18:44:06 GMT,2026-03-08T13:43:01.000Z,2026-03-08T18:44:06.000Z,Jaylen Brown Over 6.5 Jaylen Brown - Rebounds Boston Celtics @ Cleveland Cavaliers,,Basketball,NBA
20G7FHKF81,BetMGM,straight,SETTLED_WIN,1.8695652173913042,1.6666666666666665,0.1217,50,43.48,03/07/2026 18:57:51 GMT,03/08/2026 04:40:00 GMT,2026-03-07T18:57:51.543Z,2026-03-08T04:40:00.000Z,Golden State Warriors +15.5 Spread Golden State Warriors at Oklahoma City Thunder,,Basketball,NBA
639084952084983792,Draftkings Sportsbook,straight,SETTLED_LOSS,1.8928571428571428,1.606060606060606,0.1786,15,-15.00,03/07/2026 15:46:48 GMT,03/08/2026 04:16:13 GMT,2026-03-07T15:46:48.366Z,2026-03-08T04:16:13.734Z,Over 9.5 Jared McCain Points O/U GS Warriors @ OKC Thunder,,Basketball,NBA
639084951011310506,Draftkings Sportsbook,straight,SETTLED_WIN,1.7751937984496124,1.7692307692307692,0.0034,20,15.50,03/07/2026 15:45:00 GMT,03/08/2026 04:15:57 GMT,2026-03-07T15:45:00.626Z,2026-03-08T04:15:57.156Z,Under 5.5 Draymond Green Rebounds O/U GS Warriors @ OKC Thunder,,Basketball,NBA
20G79H6C3G,BetMGM,straight,SETTLED_LOSS,2.09,1.8695652173913042,0.1179,15,-15.00,03/07/2026 15:45:59 GMT,03/08/2026 04:10:00 GMT,2026-03-07T15:45:59.093Z,2026-03-08T04:10:00.000Z,Over 12.5 Bobby Portis (MIL) : Points Utah Jazz at Milwaukee Bucks,,Basketball,NBA
26094544000069905,Fanatics,straight,SETTLED_LOSS,1.7692307692307692,1.6896551724137931,0.0471,20,-20.00,03/07/2026 15:44:09 GMT,03/08/2026 03:46:34 GMT,2026-03-07T15:44:09.991Z,2026-03-08T03:46:34.061Z,3+ Jaylen Wells - Rebounds Los Angeles Clippers at Memphis Grizzlies,,Basketball,NBA
26094738000319905,Fanatics,straight,SETTLED_LOSS,2.05,1.8695652173913042,0.0965,15,-15.00,03/07/2026 18:58:51 GMT,03/08/2026 03:34:57 GMT,2026-03-07T18:58:51.645Z,2026-03-08T03:34:57.241Z,13+ Bobby Portis - Points Utah Jazz at Milwaukee Bucks,,Basketball,NBA
O/0003172/0004145,Fanduel Sportsbook,straight,SETTLED_WIN,1.9615384615384617,1.8,0.0897,15,14.42,03/07/2026 15:47:22 GMT,03/08/2026 03:07:02 GMT,2026-03-07T15:47:22.000Z,2026-03-08T03:07:02.000Z,Darius Garland To Score 15+ Points Los Angeles Clippers @ Memphis Grizzlies,,Basketball,NBA
019cc9a7-b25d-793d-928e-616ce2631c54,Novig,straight,SETTLED_LOSS,3.3783783783783785,3.4,-0.0064,9.99888,-10.00,03/07/2026 18:55:41 GMT,03/08/2026 03:00:00 GMT,2026-03-07T18:55:41.458Z,2026-03-08T03:00:00.000Z,Sacramento State Moneyline Sacramento State @ Idaho,,Basketball,NCAAM
20G79KAJFN,BetMGM,straight,SETTLED_WIN,2,2.0700000000000003,-0.0338,20,20.00,03/07/2026 15:47:56 GMT,03/08/2026 02:10:00 GMT,2026-03-07T15:47:56.687Z,2026-03-08T02:10:00.000Z,Over 6.5 Terance Mann (BKN): Points Brooklyn Nets at Detroit Pistons,,Basketball,NBA
92abebde-105a-4026-ad4d-05de189748ba,ProphetX,straight,SETTLED_LOSS,2.0388,2,0.0194,35,-35.00,03/07/2026 18:58:14 GMT,03/08/2026 02:00:00 GMT,2026-03-07T18:58:14.000Z,2026-03-08T02:00:00.000Z,over 215.0 Total Points Brooklyn Nets at Detroit Pistons,,Basketball,NBA
26094543000249905,Fanatics,straight,SETTLED_LOSS,1.6666666666666665,1.6896551724137931,-0.0136,20,-20.00,03/07/2026 15:43:57 GMT,03/08/2026 01:36:59 GMT,2026-03-07T15:43:57.897Z,2026-03-08T01:36:59.642Z,8+ Onyeka Okongwu - Rebounds Philadelphia 76ers at Atlanta Hawks,,Basketball,NBA
019cc9a9-01b5-7eb8-bdab-2d04af43a8f1,Novig,straight,SETTLED_LOSS,2.0366598778004072,1.925925925925926,0.0575,24.99681,-25.00,03/07/2026 18:57:06 GMT,03/08/2026 01:35:00 GMT,2026-03-07T18:57:06.856Z,2026-03-08T01:35:00.000Z,Over 219.5 Total Golden State Warriors @ Oklahoma City Thunder,,Basketball,NBA
26094543000169805,Fanatics,straight,SETTLED_WIN,2.4299999999999997,2.13,0.1408,10,14.38,03/07/2026 15:43:40 GMT,03/08/2026 01:21:20 GMT,2026-03-07T15:43:40.162Z,2026-03-08T01:21:20.527Z,4+ Zaccharie Risacher - Rebounds Philadelphia 76ers at Atlanta Hawks,,Basketball,NBA
019cc9a9-db9f-77f0-823a-e61c277183d2,Novig,straight,SETTLED_LOSS,1.8832391713747647,1.847457627118644,0.0194,49.99896,-50.00,03/07/2026 18:58:01 GMT,03/08/2026 01:05:00 GMT,2026-03-07T18:58:01.641Z,2026-03-08T01:05:00.000Z,away +10.5 Spread Utah Jazz @ Milwaukee Bucks,,Basketball,NBA
e3dddbad-3572-4ae9-8732-20fac0adc92a,ProphetX,straight,SETTLED_WIN,2.188,2.0631744,0.0605,15,17.82,03/07/2026 18:55:56 GMT,03/07/2026 23:12:40 GMT,2026-03-07T18:55:56.000Z,2026-03-07T23:12:40.377Z,Boise State Broncos Moneyline Boise State Broncos at Colorado State Rams,,Basketball,NCAAM
019cc9a8-7869-7a00-ab6c-c1301e344a7b,Novig,straight,SETTLED_WIN,2,2.0942688,-0.0450,25,25.00,03/07/2026 18:56:29 GMT,03/07/2026 23:00:00 GMT,2026-03-07T18:56:29.660Z,2026-03-07T23:00:00.000Z,Furman Moneyline Furman @ Samford,,Basketball,NCAAM
26094546000139905,Fanatics,straight,SETTLED_LOSS,2.1,2.08,0.0096,17,-17.00,03/07/2026 15:46:28 GMT,03/07/2026 22:45:36 GMT,2026-03-07T15:46:28.776Z,2026-03-07T22:45:36.986Z,12+ Ayo Dosunmu - Points Orlando Magic at Minnesota Timberwolves,,Basketball,NBA
26094544000069805,Fanatics,straight,SETTLED_VOID,2.15,,,30,0.00,03/07/2026 15:44:25 GMT,03/07/2026 22:35:57 GMT,2026-03-07T15:44:25.519Z,2026-03-07T22:35:57.026Z,6+ Cade Cunningham - Rebounds Brooklyn Nets at Detroit Pistons,,Basketball,NBA
26094544000109805,Fanatics,straight,SETTLED_WIN,1.8695652173913042,1.8695652173913042,,20,17.39,03/07/2026 15:44:33 GMT,03/07/2026 21:07:14 GMT,2026-03-07T15:44:33.626Z,2026-03-07T21:07:14.027Z,7+ Julius Randle - Rebounds Orlando Magic at Minnesota Timberwolves,,Basketball,NBA
019cc9a7-8681-7e09-b2ca-48266913f09c,Novig,straight,SETTLED_LOSS,2.2271714922048997,2.1,0.0606,24.99583,-25.00,03/07/2026 18:55:29 GMT,03/07/2026 21:00:00 GMT,2026-03-07T18:55:29.365Z,2026-03-07T21:00:00.000Z,Kennesaw State Moneyline Kennesaw State @ New Mexico State,,Basketball,NCAAM
019cc9aa-31a7-7c97-a787-e99cb1073b61,Novig,straight,SETTLED_LOSS,1.9762845849802375,2,-0.0119,44.99858,-45.00,03/07/2026 18:58:23 GMT,03/07/2026 20:05:00 GMT,2026-03-07T18:58:23.881Z,2026-03-07T20:05:00.000Z,Over 224.5 Total Orlando Magic @ Minnesota Timberwolves,,Basketball,NBA
019cc9a8-520c-7389-993a-2cae88ab8542,Novig,straight,SETTLED_LOSS,2.028397565922921,1.9803921568627452,0.0242,14.99706,-15.00,03/07/2026 18:56:22 GMT,03/07/2026 19:00:00 GMT,2026-03-07T18:56:22.351Z,2026-03-07T19:00:00.000Z,away Moneyline SMU @ Florida State,,Basketball,NCAAM
dc65feb9-7004-4deb-9038-7cc41ff097bd,ProphetX,straight,SETTLED_LOSS,1.9158878504672898,1.8695652173913042,0.0248,55,-55.00,03/06/2026 15:07:48 GMT,03/07/2026 06:06:27 GMT,2026-03-06T15:07:48.000Z,2026-03-07T06:06:27.305Z,Indiana Pacers +9.5 Spread Indiana Pacers at Los Angeles Lakers,,Basketball,NBA
639084069714646284,Draftkings Sportsbook,straight,SETTLED_WIN,2,2.2,-0.0909,15,15.00,03/06/2026 15:16:11 GMT,03/07/2026 06:04:03 GMT,2026-03-06T15:16:11.172Z,2026-03-07T06:04:03.096Z,Under 4.5 Austin Reaves Rebounds O/U IND Pacers @ LA Lakers,,Basketball,NBA
O/0003172/0004140,Fanduel Sportsbook,straight,SETTLED_LOSS,2.04,2.3443464,-0.1298,20,-20.00,03/06/2026 15:13:14 GMT,03/07/2026 05:58:42 GMT,2026-03-06T15:13:14.000Z,2026-03-07T05:58:42.000Z,Ben Sheppard Over 6.5 Ben Sheppard - Points Indiana Pacers @ Los Angeles Lakers,,Basketball,NBA
8c6bea8e-8ca9-4ef3-9512-e6907c40b284,ProphetX,straight,SETTLED_WIN,1.9702970297029705,2.05,-0.0389,35,33.97,03/06/2026 15:10:27 GMT,03/07/2026 05:30:00 GMT,2026-03-06T15:10:27.000Z,2026-03-07T05:30:00.000Z,over 223.0 Total Points Los Angeles Clippers at San Antonio Spurs,,Basketball,NBA
26093072000189805,Fanatics,straight,SETTLED_WIN,2.05,2.04,0.0049,20,21.00,03/06/2026 15:12:47 GMT,03/07/2026 05:27:17 GMT,2026-03-06T15:12:47.629Z,2026-03-07T05:27:17.635Z,23+ Pascal Siakam - Points Indiana Pacers at Los Angeles Lakers,,Basketball,NBA
639084069311385216,Draftkings Sportsbook,straight,SETTLED_WIN,2.08,1.8849557522123894,0.1035,15,16.20,03/06/2026 15:15:30 GMT,03/07/2026 05:13:46 GMT,2026-03-06T15:15:30.427Z,2026-03-07T05:13:46.153Z,Under 11.5 Victor Wembanyama Rebounds O/U LA Clippers @ SA Spurs,,Basketball,NBA
639084068596648992,Draftkings Sportsbook,straight,SETTLED_WIN,2,1.8547008547008548,0.0783,20,20.00,03/06/2026 15:14:19 GMT,03/07/2026 05:03:26 GMT,2026-03-06T15:14:19.616Z,2026-03-07T05:03:26.898Z,Under 8.5 Oso Ighodaro Rebounds O/U NO Pelicans @ PHO Suns,,Basketball,NBA
20G5UKD985,BetMGM,straight,SETTLED_LOSS,2.09,2,0.0450,20,-20.00,03/06/2026 15:15:17 GMT,03/07/2026 05:00:00 GMT,2026-03-06T15:15:17.957Z,2026-03-07T05:00:00.000Z,Over 4.5 Christian Braun - Rebounds New York Knicks @ Denver Nuggets,,Basketball,NBA
O/0003172/0004141,Fanduel Sportsbook,straight,SETTLED_LOSS,1.8771929824561404,1.9615384615384617,-0.0430,25,-25.00,03/06/2026 15:14:09 GMT,03/07/2026 04:42:27 GMT,2026-03-06T15:14:09.000Z,2026-03-07T04:42:27.000Z,Saddiq Bey Under 5.5 Saddiq Bey - Rebounds New Orleans Pelicans @ Phoenix Suns,,Basketball,NBA
26093073000129905,Fanatics,straight,SETTLED_LOSS,1.8695652173913042,2.06,-0.0924,20,-20.00,03/06/2026 15:13:38 GMT,03/07/2026 04:35:50 GMT,2026-03-06T15:13:38.943Z,2026-03-07T04:35:50.871Z,Over 3.5 Bruce Brown - Rebounds OU New York Knicks at Denver Nuggets,,Basketball,NBA
O/0003172/0004142,Fanduel Sportsbook,straight,SETTLED_LOSS,2.02,2.1,-0.0381,15,-15.00,03/06/2026 15:15:44 GMT,03/07/2026 04:30:54 GMT,2026-03-06T15:15:44.000Z,2026-03-07T04:30:54.000Z,Cam Johnson To Record 4+ Rebounds New York Knicks @ Denver Nuggets,,Basketball,NBA
26093073000179905,Fanatics,straight,SETTLED_VOID,1.6666666666666665,1.6493506493506493,0.0105,30,0.00,03/06/2026 15:13:53 GMT,03/07/2026 04:30:08 GMT,2026-03-06T15:13:53.524Z,2026-03-07T04:30:08.500Z,Over 3.5 Jamal Murray - Rebounds OU New York Knicks at Denver Nuggets,,Basketball,NBA
019cc3b0-6c94-7b66-a629-a658823b9c7b,Novig,straight,SETTLED_LOSS,2.0202020202020203,1.8928571428571428,0.0673,34.9965,-35.00,03/06/2026 15:07:28 GMT,03/07/2026 03:35:00 GMT,2026-03-06T15:07:28.859Z,2026-03-07T03:35:00.000Z,Under 235.5 Total Indiana Pacers @ Los Angeles Lakers,,Basketball,NBA
e89725c0-196f-11f1-a9fa-f7e36598ebfe,Caesars Sportsbook,straight,SETTLED_WIN,2.52,2.34,0.0769,25,38.00,03/06/2026 15:19:45 GMT,03/07/2026 03:33:33 GMT,2026-03-06T15:19:45.948Z,2026-03-07T03:33:33.341Z,Fairfield Stags Money Line Fairfield Stags at St. Peter's Peacocks,,Basketball,NCAAM
223e3c68-0456-4754-b198-d88360407dda,ProphetX,straight,SETTLED_LOSS,2.0682,1.8285704918032788,0.1310,35,-35.00,03/06/2026 15:11:00 GMT,03/07/2026 03:29:23 GMT,2026-03-06T15:11:00.000Z,2026-03-07T03:29:23.190Z,over 220.0 Total Points Portland Trail Blazers at Houston Rockets,,Basketball,NBA
O/0003172/0004143,Fanduel Sportsbook,straight,SETTLED_LOSS,2.04,1.9523809523809523,0.0449,15,-15.00,03/06/2026 15:15:59 GMT,03/07/2026 03:17:03 GMT,2026-03-06T15:15:59.000Z,2026-03-07T03:17:03.000Z,OG Anunoby Under 4.5 OG Anunoby - Rebounds New York Knicks @ Denver Nuggets,,Basketball,NBA
O/0003172/0004139,Fanduel Sportsbook,straight,SETTLED_WIN,1.900900900900901,2.23,-0.1476,20,18.02,03/06/2026 15:13:04 GMT,03/07/2026 02:54:03 GMT,2026-03-06T15:13:04.000Z,2026-03-07T02:54:03.000Z,Landry Shamet To Score 10+ Points New York Knicks @ Denver Nuggets,,Basketball,NBA
639084067388889300,Draftkings Sportsbook,straight,SETTLED_WIN,1.847457627118644,1.4761904761904763,0.2515,20,16.94,03/06/2026 15:12:18 GMT,03/07/2026 02:42:14 GMT,2026-03-06T15:12:18.592Z,2026-03-07T02:42:14.471Z,Over 12.5 Jayson Tatum Points O/U DAL Mavericks @ BOS Celtics,,Basketball,NBA
26093073000089905,Fanatics,straight,SETTLED_LOSS,1.9523809523809523,1.6944444444444444,0.1522,20,-20.00,03/06/2026 15:13:24 GMT,03/07/2026 02:36:17 GMT,2026-03-06T15:13:24.645Z,2026-03-07T02:36:17.574Z,12+ Kel'el Ware - Points Miami Heat at Charlotte Hornets,,Basketball,NBA
26093066000159905,Fanatics,straight,SETTLED_LOSS,2.05,2.2295192000000004,-0.0805,15,-15.00,03/06/2026 15:07:00 GMT,03/07/2026 02:36:14 GMT,2026-03-06T15:07:00.366Z,2026-03-07T02:36:14.854Z,10+ Kel'el Ware - Rebounds Miami Heat at Charlotte Hornets,,Basketball,NBA
639084073994737775,Draftkings Sportsbook,parlay,SETTLED_LOSS,7.98,8.178439274770174,-0.0243,10,-10.00,03/06/2026 15:23:19 GMT,03/07/2026 02:28:32 GMT,2026-03-06T15:23:19.969Z,2026-03-07T02:28:32.325Z,CHA Hornets Moneyline MIA Heat @ CHA Hornets | NY Knicks Moneyline NY Knicks @ DEN Nuggets | PHO Suns Moneyline NO Pelicans @ PHO Suns | IND Pacers +9.5 Spread IND Pacers @ LA Lakers,,Basketball,NBA
O/0003172/0004144,Fanduel Sportsbook,straight,SETTLED_LOSS,1.6849315068493151,1.5882352941176472,0.0609,25,-25.00,03/06/2026 15:16:24 GMT,03/07/2026 02:26:30 GMT,2026-03-06T15:16:24.000Z,2026-03-07T02:26:30.000Z,Nikola Vucevic To Record 6+ Rebounds Dallas Mavericks @ Boston Celtics,,Basketball,NBA
019cc3b3-5e58-7d12-8d14-230278f7e717,Novig,straight,SETTLED_WIN,1.953125,2.15,-0.0916,54.99904,52.42,03/06/2026 15:10:47 GMT,03/07/2026 02:05:00 GMT,2026-03-06T15:10:47.174Z,2026-03-07T02:05:00.000Z,away -1.5 Spread New York Knicks @ Denver Nuggets,,Basketball,NBA
639084071717413242,Draftkings Sportsbook,straight,SETTLED_WIN,2.1,2.1,,25,27.50,03/06/2026 15:19:31 GMT,03/07/2026 02:01:15 GMT,2026-03-06T15:19:31.407Z,2026-03-07T02:01:15.962Z,VCU Moneyline VCU @ Dayton,,Basketball,NCAAM
f1e28b74-5c76-46c7-b19a-5c4565139bc2,ProphetX,straight,SETTLED_LOSS,2.584,2.9,-0.1090,25,-25.00,03/06/2026 15:19:57 GMT,03/07/2026 01:42:59 GMT,2026-03-06T15:19:57.000Z,2026-03-07T01:42:59.628Z,Eastern Michigan Eagles Moneyline Bowling Green Falcons at Eastern Michigan Eagles,,Basketball,NCAAM
O/0003172/0004138,Fanduel Sportsbook,straight,SETTLED_WIN,1.8,1.8,,25,20.00,03/06/2026 15:11:50 GMT,03/07/2026 01:25:31 GMT,2026-03-06T15:11:50.000Z,2026-03-07T01:25:31.000Z,Davion Mitchell Over 7.5 Davion Mitchell - Points Miami Heat @ Charlotte Hornets,,Basketball,NBA
019cc3b3-d292-7062-a531-1a8d87062f3f,Novig,straight,SETTLED_LOSS,1.9254835852452925,1.78125,0.0810,34.999,-35.00,03/06/2026 15:11:10 GMT,03/07/2026 00:05:00 GMT,2026-03-06T15:11:10.982Z,2026-03-07T00:05:00.000Z,Over 223.5 Total Dallas Mavericks @ Boston Celtics,,Basketball,NBA
019cc3b3-f7a7-7a9d-ade1-797a5f5f157e,Novig,straight,SETTLED_LOSS,2.0876826722338206,2.1100000000000003,-0.0106,44.99726,-45.00,03/06/2026 15:11:24 GMT,03/07/2026 00:05:00 GMT,2026-03-06T15:11:24.321Z,2026-03-07T00:05:00.000Z,away +14.5 Spread Dallas Mavericks @ Boston Celtics,,Basketball,NBA
0bed2b00-1970-11f1-a425-8f597abf512b,Caesars Sportsbook,parlay,SETTLED_LOSS,13.562857142857142,10.219248,0.3272,7,-7.00,03/06/2026 15:20:45 GMT,03/07/2026 00:00:00 GMT,2026-03-06T15:20:45.232Z,2026-03-07T00:00:00.000Z,VCU Rams Money Line VCU Rams at Dayton Flyers | Central Michigan Chippewas Money Line Central Michigan Chippewas at Ball State Cardinals | Fairfield Stags Money Line Fairfield Stags at St. Peter's Peacocks,,Basketball,NCAAM
019cc3bb-43b9-70cd-bd3b-aa9f04f3b521,Novig,straight,SETTLED_LOSS,2.288329519450801,2.17,0.0545,24.9964,-25.00,03/06/2026 15:19:19 GMT,03/07/2026 00:00:00 GMT,2026-03-06T15:19:19.069Z,2026-03-07T00:00:00.000Z,Central Michigan Moneyline Central Michigan @ Ball State,,Basketball,NCAAM
639083251277919228,Draftkings Sportsbook,straight,SETTLED_LOSS,2.09,1.7246376811594204,0.2118,20,-20.00,03/05/2026 16:32:08 GMT,03/06/2026 05:34:43 GMT,2026-03-05T16:32:08.765Z,2026-03-06T05:34:43.275Z,LA Lakers +5.5 Spread LA Lakers @ DEN Nuggets,,Basketball,NBA
2a57010f-6b0e-4fc7-b9a0-ed4b1c2bf479,ProphetX,straight,SETTLED_WIN,1.97029702970297,2.02,-0.0246,45,43.66,03/05/2026 16:31:03 GMT,03/06/2026 05:00:00 GMT,2026-03-05T16:31:03.000Z,2026-03-06T05:00:00.000Z,Chicago Bulls +10.5 Spread Chicago Bulls at Phoenix Suns,,Basketball,NBA
a5a67170-18b2-11f1-aac4-4d2c06102e7e,Caesars Sportsbook,straight,SETTLED_LOSS,2.62,2.45,0.0694,20,-20.00,03/05/2026 16:44:58 GMT,03/06/2026 04:48:27 GMT,2026-03-05T16:44:58.759Z,2026-03-06T04:48:27.490Z,Lindenwood Lions Money Line Lindenwood Lions at Southeast Missouri State Redhawks,,Basketball,NCAAM
O/0003172/0004135,Fanduel Sportsbook,straight,SETTLED_WIN,2.5300000000000002,2.08,0.2163,10,15.30,03/05/2026 16:36:05 GMT,03/06/2026 04:37:36 GMT,2026-03-05T16:36:05.000Z,2026-03-06T04:37:36.000Z,Collin Gillespie Under 4.5 Collin Gillespie - Rebounds Chicago Bulls @ Phoenix Suns,,Basketball,NBA
26091723000019905,Fanatics,straight,SETTLED_WIN,2,1.7874015748031495,0.1189,20,20.00,03/05/2026 16:43:01 GMT,03/06/2026 04:27:46 GMT,2026-03-05T16:43:01.662Z,2026-03-06T04:27:46.015Z,Over 14.5 DeMar DeRozan - Points OU New Orleans Pelicans at Sacramento Kings,,Basketball,NBA
O/0003172/0004136,Fanduel Sportsbook,straight,SETTLED_LOSS,2.12,2.25,-0.0578,15,-15.00,03/05/2026 16:36:33 GMT,03/06/2026 04:17:59 GMT,2026-03-05T16:36:33.000Z,2026-03-06T04:17:59.000Z,Oso Ighodaro Under 7.5 Oso Ighodaro - Rebounds Chicago Bulls @ Phoenix Suns,,Basketball,NBA
20G4H619EH,BetMGM,straight,SETTLED_WIN,2.15,1.9090909090909092,0.1262,15,17.25,03/05/2026 16:38:00 GMT,03/06/2026 03:57:08 GMT,2026-03-05T16:38:00.767Z,2026-03-06T03:57:08.811Z,Under 4.5 Stephon Castle - Rebounds Detroit Pistons @ San Antonio Spurs,,Basketball,NBA
639083254046029574,Draftkings Sportsbook,straight,SETTLED_LOSS,1.847457627118644,1.8904549834284348,-0.0227,20,-20.00,03/05/2026 16:36:44 GMT,03/06/2026 03:56:14 GMT,2026-03-05T16:36:44.450Z,2026-03-06T03:56:14.730Z,4+ Devin Vassell Rebounds DET Pistons @ SA Spurs,,Basketball,NBA
O/0003172/0004137,Fanduel Sportsbook,straight,SETTLED_LOSS,2.04,2.05,-0.0049,15,-15.00,03/05/2026 16:43:17 GMT,03/06/2026 03:43:22 GMT,2026-03-05T16:43:17.000Z,2026-03-06T03:43:22.000Z,Dylan Harper Over 10.5 Dylan Harper - Points Detroit Pistons @ San Antonio Spurs,,Basketball,NBA
O/0003172/0004134,Fanduel Sportsbook,straight,SETTLED_LOSS,2.7,2.31,0.1688,10,-10.00,03/05/2026 16:30:49 GMT,03/06/2026 03:37:02 GMT,2026-03-05T16:30:49.000Z,2026-03-06T03:37:02.000Z,Detroit Pistons Moneyline Detroit Pistons @ San Antonio Spurs,,Basketball,NBA
PlacedBet:rQwUh+adl3xnbzh549hmWop+36Q=,theScore Bet,straight,SETTLED_LOSS,1.9523809523809523,1.9523809523809523,,15,-15.00,03/05/2026 16:40:02 GMT,03/06/2026 03:36:54 GMT,2026-03-05T16:40:02.245Z,2026-03-06T03:36:54.462Z,Under 11.5 Victor Wembanyama Total Rebounds Detroit Pistons @ San Antonio Spurs,,Basketball,NBA
019cbee0-e5ed-7a5a-b009-6955c2e6ed57,Novig,straight,SETTLED_LOSS,2,2.05,-0.0244,15,-15.00,03/05/2026 16:42:19 GMT,03/06/2026 03:05:00 GMT,2026-03-05T16:42:19.678Z,2026-03-06T03:05:00.000Z,Over 8.5 Luke Kennard POINTS Los Angeles Lakers @ Denver Nuggets,,Basketball,NBA
019cbed7-c2e3-7785-a589-7801b7c4a0f0,Novig,straight,SETTLED_WIN,1.5037593984962407,1.4166666666666667,0.0615,44.9939,22.67,03/05/2026 16:32:21 GMT,03/06/2026 03:05:00 GMT,2026-03-05T16:32:21.694Z,2026-03-06T03:05:00.000Z,New Orleans Pelicans Moneyline New Orleans Pelicans @ Sacramento Kings,,Basketball,NBA
019cbed6-eb08-7cf6-b53e-30a03d84af29,Novig,straight,SETTLED_WIN,1.993140168761107,1.9523809523809523,0.0209,34.99503,34.75,03/05/2026 16:31:25 GMT,03/06/2026 03:05:00 GMT,2026-03-05T16:31:25.240Z,2026-03-06T03:05:00.000Z,Under 240.5 Total Los Angeles Lakers @ Denver Nuggets,,Basketball,NBA
20G4H72Z73,BetMGM,straight,SETTLED_WIN,1.9090909090909092,1.9090909090909092,,15,13.64,03/05/2026 16:39:10 GMT,03/06/2026 03:00:00 GMT,2026-03-05T16:39:10.133Z,2026-03-06T03:00:00.000Z,Under 3.5 Anthony Black - Rebounds Dallas Mavericks @ Orlando Magic,,Basketball,NBA
20G4HA8BB0,BetMGM,straight,SETTLED_VOID,1.9090909090909092,,,15,0.00,03/05/2026 16:42:35 GMT,03/06/2026 02:35:17 GMT,2026-03-05T16:42:35.053Z,2026-03-06T02:35:17.267Z,Over 10.5 Justin Champagnie (WAS): Points Utah Jazz at Washington Wizards,,Basketball,NBA
cd5a6883-7613-40d3-869d-2de5cf14cb5c,ProphetX,straight,SETTLED_WIN,2.0192,1.7518796992481203,0.1526,35,35.67,03/05/2026 16:29:58 GMT,03/06/2026 02:35:04 GMT,2026-03-05T16:29:58.000Z,2026-03-06T02:35:04.649Z,under 243.0 Total Points Utah Jazz at Washington Wizards,,Basketball,NBA
O/0003172/0004133,Fanduel Sportsbook,straight,SETTLED_WIN,1.925925925925926,1.7246376811594204,0.1167,45,41.67,03/05/2026 16:28:57 GMT,03/06/2026 02:34:33 GMT,2026-03-05T16:28:57.000Z,2026-03-06T02:34:33.000Z,Dallas Mavericks 9.5 Spread Betting Dallas Mavericks @ Orlando Magic,,Basketball,NBA
PlacedBet:gOp59kVf3sLB1PKhPlio4dUqJH4=,theScore Bet,straight,SETTLED_LOSS,1.6451612903225807,1.6451612903225805,0.0000,45,-45.00,03/05/2026 16:33:13 GMT,03/06/2026 02:25:07 GMT,2026-03-05T16:33:13.932Z,2026-03-06T02:25:07.344Z,WSH Wizards Moneyline Utah Jazz @ Washington Wizards,,Basketball,NBA
26091714000089805,Fanatics,parlay,SETTLED_LOSS,11.88,9.202081331503088,0.2910,7.5,-7.50,03/05/2026 16:34:54 GMT,03/06/2026 02:23:41 GMT,2026-03-05T16:34:54.455Z,2026-03-06T02:23:41.996Z,Washington Wizards Money Line Utah Jazz at Washington Wizards | Dallas Mavericks +9.5 Spread Dallas Mavericks at Orlando Magic | Detroit Pistons Money Line Detroit Pistons at San Antonio Spurs | New Orleans Pelicans Money Line New Orleans Pelicans at Sacramento Kings,,Basketball,NBA
639083253838626496,Draftkings Sportsbook,straight,SETTLED_LOSS,2.05,2,0.0250,14,-14.00,03/05/2026 16:36:22 GMT,03/06/2026 02:16:29 GMT,2026-03-05T16:36:22.992Z,2026-03-06T02:16:29.967Z,Under 8.5 Kyle Filipowski Rebounds O/U UTA Jazz @ WAS Wizards,,Basketball,NBA
019cbed6-c84b-7968-ab75-149d0d83c456,Novig,straight,SETTLED_LOSS,1.9516039986846208,1.9090909090909092,0.0223,34.94049,-34.94,03/05/2026 16:31:16 GMT,03/06/2026 02:05:00 GMT,2026-03-05T16:31:16.460Z,2026-03-06T02:05:00.000Z,Over 224.5 Total Chicago Bulls @ Phoenix Suns,,Basketball,NBA
019cbedc-2ea2-7e2d-8597-566dbf099e93,Novig,straight,SETTLED_LOSS,2.061855670103093,2.06,0.0009,14.9962,-15.00,03/05/2026 16:37:12 GMT,03/06/2026 01:05:00 GMT,2026-03-05T16:37:12.239Z,2026-03-06T01:05:00.000Z,Over 4.5 Jaden McDaniels REBOUNDS Toronto Raptors @ Minnesota Timberwolves,,Basketball,NBA
019cbed6-292f-7f3d-89be-2d1d6d313039,Novig,straight,SETTLED_LOSS,2.4813895781637716,2.31,0.0742,44.99898,-45.00,03/05/2026 16:30:38 GMT,03/06/2026 01:05:00 GMT,2026-03-05T16:30:38.643Z,2026-03-06T01:05:00.000Z,Detroit Pistons Moneyline Detroit Pistons @ San Antonio Spurs,,Basketball,NBA
019cbedd-9761-72d6-a165-05771fab5ff3,Novig,straight,SETTLED_WIN,2.2271714922048997,2.09,0.0656,14.9966,18.40,03/05/2026 16:38:48 GMT,03/06/2026 00:35:00 GMT,2026-03-05T16:38:48.458Z,2026-03-06T00:35:00.000Z,Under 2.5 Pat Spencer REBOUNDS Golden State Warriors @ Houston Rockets,,Basketball,NBA
019cbed6-0753-79f1-90b3-fdfb3a9fc42b,Novig,straight,SETTLED_WIN,2.0366598778004072,1.9174311926605505,0.0622,34.99848,36.28,03/05/2026 16:30:27 GMT,03/06/2026 00:35:00 GMT,2026-03-05T16:30:27.040Z,2026-03-06T00:35:00.000Z,Over 214.5 Total Golden State Warriors @ Houston Rockets,,Basketball,NBA
019cbed5-d917-7e09-8152-33c62da4446b,Novig,straight,SETTLED_WIN,2.011332357670455,2.1,-0.0422,44.99505,45.50,03/05/2026 16:30:18 GMT,03/06/2026 00:35:00 GMT,2026-03-05T16:30:18.620Z,2026-03-06T00:35:00.000Z,GSW +8.5 Spread Golden State Warriors @ Houston Rockets,,Basketball,NBA
019cbee0-26e7-7add-b289-3cb76d94a08a,Novig,straight,SETTLED_LOSS,1.9723865877712032,2.02,-0.0236,16.99971,-17.00,03/05/2026 16:41:39 GMT,03/06/2026 00:05:00 GMT,2026-03-05T16:41:39.818Z,2026-03-06T00:05:00.000Z,Over 4.5 Naji Marshall REBOUNDS Dallas Mavericks @ Orlando Magic,,Basketball,NBA
O/0003172/0004129,Fanduel Sportsbook,straight,SETTLED_LOSS,1.9174311926605505,1.7692307692307692,0.0838,10,-10.00,03/04/2026 15:35:09 GMT,03/05/2026 06:11:41 GMT,2026-03-04T15:35:09.000Z,2026-03-05T06:11:41.000Z,Darius Garland Over 13.5 Darius Garland - Points Indiana Pacers @ Los Angeles Clippers,,Basketball,NBA
O/0003172/0004130,Fanduel Sportsbook,straight,SETTLED_LOSS,1.7352941176470589,1.7692307692307692,-0.0192,10,-10.00,03/04/2026 15:35:14 GMT,03/05/2026 06:11:39 GMT,2026-03-04T15:35:14.000Z,2026-03-05T06:11:39.000Z,Darius Garland Over 13.5 Darius Garland - Points Indiana Pacers @ Los Angeles Clippers,,Basketball,NBA
O/0003172/0004132,Fanduel Sportsbook,straight,SETTLED_WIN,1.8928571428571428,1.6329113924050633,0.1592,10,8.93,03/04/2026 15:35:48 GMT,03/05/2026 04:15:28 GMT,2026-03-04T15:35:48.000Z,2026-03-05T04:15:28.000Z,Bobby Portis Over 10.5 Bobby Portis - Points Atlanta Hawks @ Milwaukee Bucks,,Basketball,NBA
O/0003172/0004131,Fanduel Sportsbook,straight,SETTLED_WIN,2.08,1.6329113924050633,0.2738,10,10.80,03/04/2026 15:35:44 GMT,03/05/2026 04:15:28 GMT,2026-03-04T15:35:44.000Z,2026-03-05T04:15:28.000Z,Bobby Portis Over 10.5 Bobby Portis - Points Atlanta Hawks @ Milwaukee Bucks,,Basketball,NBA
O/0003172/0004127,Fanduel Sportsbook,straight,SETTLED_WIN,2.0300000000000002,1.381679389312977,0.4692,10,10.30,03/04/2026 15:32:08 GMT,03/05/2026 04:04:09 GMT,2026-03-04T15:32:08.000Z,2026-03-05T04:04:09.000Z,Ryan Rollins To Record 4+ Rebounds Atlanta Hawks @ Milwaukee Bucks,,Basketball,NBA
O/0003172/0004128,Fanduel Sportsbook,straight,SETTLED_WIN,1.9803921568627452,1.381679389312977,0.4333,10,9.90,03/04/2026 15:32:20 GMT,03/05/2026 04:04:06 GMT,2026-03-04T15:32:20.000Z,2026-03-05T04:04:06.000Z,Ryan Rollins To Record 4+ Rebounds Atlanta Hawks @ Milwaukee Bucks,,Basketball,NBA
019cb97b-e89d-7abd-b98e-cc8ad4b673ee,Novig,straight,SETTLED_LOSS,2.028397565922921,2.44,-0.1687,19.99608,-20.00,03/04/2026 15:33:54 GMT,03/05/2026 03:35:00 GMT,2026-03-04T15:33:54.103Z,2026-03-05T03:35:00.000Z,Over 16.5 Andrew Nembhard POINTS Indiana Pacers @ Los Angeles Clippers,,Basketball,NBA
019cb927-c4ea-7bdb-a839-a6965706e1be,Novig,straight,SETTLED_LOSS,1.9193857965451055,1.819672131147541,0.0548,44.99877,-45.00,03/04/2026 14:02:03 GMT,03/05/2026 03:35:00 GMT,2026-03-04T14:02:03.689Z,2026-03-05T03:35:00.000Z,away +12.5 Spread Indiana Pacers @ Los Angeles Clippers,,Basketball,NBA
506dfa97-0b82-4271-80ce-1c184dfba4ae,ProphetX,straight,SETTLED_LOSS,1.9514563106796114,1.8,0.0841,35,-35.00,03/04/2026 14:00:24 GMT,03/05/2026 03:30:00 GMT,2026-03-04T14:00:24.000Z,2026-03-05T03:30:00.000Z,over 213.0 Total Points Charlotte Hornets at Boston Celtics,,Basketball,NBA
O/0003172/0004126,Fanduel Sportsbook,straight,SETTLED_WIN,1.9090909090909092,1.5649717514124295,0.2199,30,27.27,03/04/2026 14:01:50 GMT,03/05/2026 03:29:14 GMT,2026-03-04T14:01:50.000Z,2026-03-05T03:29:14.000Z,Under 237.5 Alternate Total Points Portland Trail Blazers @ Memphis Grizzlies,,Basketball,NBA
63b53628-d98e-4923-abf5-f597dc9081c1,ProphetX,straight,SETTLED_WIN,1.9333333333333336,1.9174311926605505,0.0083,45,41.99,03/04/2026 13:59:50 GMT,03/05/2026 03:00:00 GMT,2026-03-04T13:59:50.000Z,2026-03-05T03:00:00.000Z,New York Knicks +4.5 Spread Oklahoma City Thunder at New York Knicks,,Basketball,NBA
20G326R5Y7,BetMGM,straight,SETTLED_LOSS,1.9523809523809523,1.8695652173913042,0.0443,20,-20.00,03/04/2026 15:34:46 GMT,03/05/2026 02:55:40 GMT,2026-03-04T15:34:46.550Z,2026-03-05T02:55:40.093Z,Over 19.5 Brandon Miller (CHA): Points Charlotte Hornets at Boston Celtics,,Basketball,NBA
26090211000059905,Fanatics,straight,SETTLED_LOSS,1.8695652173913042,1.8695652173913042,,20,-20.00,03/04/2026 15:31:40 GMT,03/05/2026 02:54:34 GMT,2026-03-04T15:31:40.001Z,2026-03-05T02:54:34.440Z,Over 3.5 Derrick White - Rebounds OU Charlotte Hornets at Boston Celtics,,Basketball,NBA
26090210000039805,Fanatics,straight,SETTLED_LOSS,1.7142857142857144,1.6666666666666665,0.0286,20,-20.00,03/04/2026 15:30:07 GMT,03/05/2026 02:54:30 GMT,2026-03-04T15:30:07.438Z,2026-03-05T02:54:30.576Z,Over 4.5 Kon Knueppel - Rebounds OU Charlotte Hornets at Boston Celtics,,Basketball,NBA
26090215000089805,Fanatics,straight,SETTLED_LOSS,2,2.2800000000000002,-0.1228,20,-20.00,03/04/2026 15:35:32 GMT,03/05/2026 02:50:16 GMT,2026-03-04T15:35:32.329Z,2026-03-05T02:50:16.879Z,Over 9.5 Jared McCain - Points OU Oklahoma City Thunder at New York Knicks,,Basketball,NBA
26090213000069905,Fanatics,straight,SETTLED_WIN,1.6896551724137931,1.2857142857142856,0.3142,30,20.69,03/04/2026 15:33:21 GMT,03/05/2026 02:50:07 GMT,2026-03-04T15:33:21.226Z,2026-03-05T02:50:07.307Z,Over 2.5 Jaylen Wells - Rebounds OU Portland Trail Blazers at Memphis Grizzlies,,Basketball,NBA
75f4bb20-17d2-11f1-882a-b71cecb61201,Caesars Sportsbook,straight,SETTLED_WIN,1.91,1.8620689655172413,0.0257,50,45.45,03/04/2026 14:00:11 GMT,03/05/2026 02:47:08 GMT,2026-03-04T14:00:11.474Z,2026-03-05T02:47:08.394Z,Charlotte Hornets 7 Spread Charlotte Hornets at Boston Celtics,,Basketball,NBA
639082350888262651,Draftkings Sportsbook,straight,SETTLED_LOSS,1.8403361344537816,1.7142857142857144,0.0735,15,-15.00,03/04/2026 15:31:28 GMT,03/05/2026 02:42:51 GMT,2026-03-04T15:31:28.385Z,2026-03-05T02:42:51.451Z,Under 8.5 Kyle Filipowski Rebounds O/U UTA Jazz @ PHI 76ers,,Basketball,NBA
712d6f10-17d2-11f1-b4fb-5bcc8d8b8ba1,Caesars Sportsbook,straight,SETTLED_LOSS,1.91,2.01,-0.0498,35,-35.00,03/04/2026 14:00:03 GMT,03/05/2026 02:42:51 GMT,2026-03-04T14:00:03.457Z,2026-03-05T02:42:51.237Z,Over 222 Total Points Oklahoma City Thunder at New York Knicks,,Basketball,NBA
019cb97b-98cb-730f-a13c-bb74d3d9a7b5,Novig,straight,SETTLED_WIN,1.972386587771203,2.04,-0.0331,19.99608,19.44,03/04/2026 15:33:37 GMT,03/05/2026 02:35:00 GMT,2026-03-04T15:33:37.457Z,2026-03-05T02:35:00.000Z,Over 7.5 Onyeka Okongwu REBOUNDS Atlanta Hawks @ Milwaukee Bucks,,Basketball,NBA
26090213000119905,Fanatics,straight,SETTLED_WIN,2.15,2.1,0.0238,20,23.00,03/04/2026 15:33:47 GMT,03/05/2026 02:31:36 GMT,2026-03-04T15:33:47.247Z,2026-03-05T02:31:36.954Z,Over 3.5 Luguentz Dort - Rebounds OU Oklahoma City Thunder at New York Knicks,,Basketball,NBA
639082350756426330,Draftkings Sportsbook,straight,SETTLED_LOSS,1.8695652173913042,1.8333333333333335,0.0198,5,-5.00,03/04/2026 15:31:15 GMT,03/05/2026 02:24:42 GMT,2026-03-04T15:31:15.706Z,2026-03-05T02:24:42.783Z,Under 12.5 Karl-Anthony Towns Rebounds O/U OKC Thunder @ NY Knicks,,Basketball,NBA
639082350721421625,Draftkings Sportsbook,straight,SETTLED_LOSS,2.09,1.8333333333333335,0.1400,10,-10.00,03/04/2026 15:31:11 GMT,03/05/2026 02:24:42 GMT,2026-03-04T15:31:11.901Z,2026-03-05T02:24:42.761Z,Under 12.5 Karl-Anthony Towns Rebounds O/U OKC Thunder @ NY Knicks,,Basketball,NBA
26090212000139905,Fanatics,straight,SETTLED_WIN,2.19,1.9174311926605505,0.1422,10,11.90,03/04/2026 15:32:54 GMT,03/05/2026 02:03:12 GMT,2026-03-04T15:32:54.662Z,2026-03-05T02:03:12.499Z,Over 6.5 Jaylen Brown - Rebounds OU Charlotte Hornets at Boston Celtics,,Basketball,NBA
26090212000149905,Fanatics,straight,SETTLED_WIN,2.19,1.9174311926605505,0.1422,10,11.90,03/04/2026 15:32:59 GMT,03/05/2026 02:03:12 GMT,2026-03-04T15:32:59.674Z,2026-03-05T02:03:12.287Z,Over 6.5 Jaylen Brown - Rebounds OU Charlotte Hornets at Boston Celtics,,Basketball,NBA
26090215000039905,Fanatics,straight,SETTLED_WIN,1.9090909090909092,1.9615384615384617,-0.0267,20,18.18,03/04/2026 15:35:24 GMT,03/05/2026 01:39:41 GMT,2026-03-04T15:35:24.701Z,2026-03-05T01:39:41.107Z,Over 8.5 Landry Shamet - Points OU Oklahoma City Thunder at New York Knicks,,Basketball,NBA
019cb927-2dcd-7de2-8e47-20be2b8159ff,Novig,straight,SETTLED_WIN,2.0366598778004072,2.05,-0.0065,44.99524,46.64,03/04/2026 14:01:23 GMT,03/05/2026 01:05:00 GMT,2026-03-04T14:01:23.224Z,2026-03-05T01:05:00.000Z,home +8.5 Spread Portland Trail Blazers @ Memphis Grizzlies,,Basketball,NBA
019cb927-04de-7340-bfe0-293e04baef81,Novig,straight,SETTLED_WIN,1.9960079840319362,1.8,0.1089,29.99988,29.88,03/04/2026 14:01:12 GMT,03/05/2026 00:35:00 GMT,2026-03-04T14:01:12.742Z,2026-03-05T00:35:00.000Z,Under 239.5 Total Utah Jazz @ Philadelphia 76ers,,Basketball,NBA
019cb926-d425-7f5d-9eff-aaf7711d8cac,Novig,straight,SETTLED_WIN,1.8832391713747645,1.704225352112676,0.1050,44.99694,39.74,03/04/2026 14:01:03 GMT,03/05/2026 00:35:00 GMT,2026-03-04T14:01:03.143Z,2026-03-05T00:35:00.000Z,away +9.5 Spread Utah Jazz @ Philadelphia 76ers,,Basketball,NBA
639077975279726996,Draftkings Sportsbook,straight,SETTLED_WIN,2.3,2.35,-0.0213,25,32.50,02/27/2026 13:58:48 GMT,03/04/2026 21:28:12 GMT,2026-02-27T13:58:48.649Z,2026-03-04T21:28:12.673Z,No Both Teams to Score Hamburg vs Leverkusen,,Soccer,Bundesliga
16a1704d-ef6f-4012-9561-293e9523fc7c,ProphetX,straight,SETTLED_LOSS,1.9702970297029705,1.9174311926605505,0.0276,35,-35.00,03/03/2026 14:18:02 GMT,03/04/2026 07:00:00 GMT,2026-03-03T14:18:02.000Z,2026-03-04T07:00:00.000Z,over 223.0 Total Points Phoenix Suns at Sacramento Kings,,Basketball,NBA
05881740-9db4-41ba-8f27-910eb6903c11,ProphetX,straight,SETTLED_LOSS,1.97029702970297,1.8064516129032258,0.0907,45,-45.00,03/03/2026 14:18:47 GMT,03/04/2026 07:00:00 GMT,2026-03-03T14:18:47.000Z,2026-03-04T07:00:00.000Z,Sacramento Kings +10.5 Spread Phoenix Suns at Sacramento Kings,,Basketball,NBA
d397ebb5-3ba4-42a2-ab53-4286ecda8f1a,ProphetX,straight,SETTLED_WIN,1.9423076923076925,1.9615384615384617,-0.0098,30,28.27,03/03/2026 14:17:20 GMT,03/04/2026 06:30:00 GMT,2026-03-03T14:17:20.000Z,2026-03-04T06:30:00.000Z,under 243.0 Total Points New Orleans Pelicans at Los Angeles Lakers,,Basketball,NBA
475bb740-1733-11f1-a2fa-413e64415657,Caesars Sportsbook,straight,SETTLED_LOSS,2.4,2.24,0.0714,10,-10.00,03/03/2026 19:00:43 GMT,03/04/2026 04:24:36 GMT,2026-03-03T19:00:43.316Z,2026-03-04T04:24:36.047Z,Grambling State Tigers Money Line Grambling State Tigers at Alabama A&M Bulldogs,,Basketball,NCAAM
639081600618062734,Draftkings Sportsbook,straight,SETTLED_WIN,2.05,1.9174311926605505,0.0691,10,10.50,03/03/2026 18:41:02 GMT,03/04/2026 04:07:28 GMT,2026-03-03T18:41:02.461Z,2026-03-04T04:07:28.853Z,Over 3.5 Devin Vassell Rebounds O/U SA Spurs @ PHI 76ers,,Basketball,NBA
019cb512-8536-7942-bd6a-f011b806f8db,Novig,straight,SETTLED_WIN,2.3041474654377883,2.54,-0.0929,9.99936,13.04,03/03/2026 19:00:19 GMT,03/04/2026 04:05:00 GMT,2026-03-03T19:00:19.451Z,2026-03-04T04:05:00.000Z,Over 6.5 Oso Ighodaro REBOUNDS Phoenix Suns @ Sacramento Kings,,Basketball,NBA
O/0003172/0004121,Fanduel Sportsbook,straight,SETTLED_LOSS,1.8928571428571428,1.7246376811594204,0.0975,10,-10.00,03/02/2026 16:03:24 GMT,03/04/2026 03:36:06 GMT,2026-03-02T16:03:24.000Z,2026-03-04T03:36:06.000Z,Stephon Castle Over 15.5 Stephon Castle - Points San Antonio Spurs @ Philadelphia 76ers,,Basketball,NBA
O/0003172/0004125,Fanduel Sportsbook,straight,SETTLED_WIN,1.8771929824561404,1.8849557522123894,-0.0041,15,13.16,03/03/2026 18:43:43 GMT,03/04/2026 03:35:59 GMT,2026-03-03T18:43:43.000Z,2026-03-04T03:35:59.000Z,Stephon Castle Under 4.5 Stephon Castle - Rebounds San Antonio Spurs @ Philadelphia 76ers,,Basketball,NBA
019cb500-947d-7689-8b0c-99bd22b0255b,Novig,straight,SETTLED_LOSS,1.8248175182481752,1.6849315068493151,0.0830,19.99652,-20.00,03/03/2026 18:40:45 GMT,03/04/2026 03:35:00 GMT,2026-03-03T18:40:45.445Z,2026-03-04T03:35:00.000Z,Over 4.5 Derik Queen REBOUNDS New Orleans Pelicans @ Los Angeles Lakers,,Basketball,NBA
019cb40f-007c-7635-b892-92755cab6e28,Novig,straight,SETTLED_LOSS,1.9569471624266144,1.9090909090909092,0.0251,34.99839,-35.00,03/03/2026 14:16:54 GMT,03/04/2026 03:35:00 GMT,2026-03-03T14:16:54.485Z,2026-03-04T03:35:00.000Z,away +8.5 Spread New Orleans Pelicans @ Los Angeles Lakers,,Basketball,NBA
805ccac0-170b-11f1-8570-1f465aace54c,Caesars Sportsbook,straight,SETTLED_WIN,1.91,2.05,-0.0683,40,36.36,03/03/2026 14:15:59 GMT,03/04/2026 03:32:33 GMT,2026-03-03T14:15:59.084Z,2026-03-04T03:32:33.318Z,Memphis Grizzlies 14 Spread Memphis Grizzlies at Minnesota Timberwolves,,Basketball,NBA
639081441955706176,Draftkings Sportsbook,straight,SETTLED_WIN,1.9090909090909092,1.8333333333333335,0.0413,35,31.81,03/03/2026 14:16:35 GMT,03/04/2026 03:31:33 GMT,2026-03-03T14:16:35.986Z,2026-03-04T03:31:33.232Z,Under 237.5 Total MEM Grizzlies @ MIN Timberwolves,,Basketball,NBA
396778b0-7255-4e80-939f-389caf5c3d0b,ProphetX,straight,SETTLED_LOSS,2.0094000000000003,1.99009900990099,0.0097,35,-35.00,03/03/2026 14:13:14 GMT,03/04/2026 03:30:00 GMT,2026-03-03T14:13:14.000Z,2026-03-04T03:30:00.000Z,over 222.0 Total Points New York Knicks at Toronto Raptors,,Basketball,NBA
639080641795647800,Draftkings Sportsbook,straight,SETTLED_LOSS,1.8849557522123894,1.8403361344537816,0.0242,10,-10.00,03/02/2026 16:02:59 GMT,03/04/2026 03:17:05 GMT,2026-03-02T16:02:59.561Z,2026-03-04T03:17:05.162Z,Under 25.5 Jalen Brunson Points O/U NY Knicks @ TOR Raptors,,Basketball,NBA
639081611921394499,Draftkings Sportsbook,straight,SETTLED_WIN,3.22,3.1,0.0387,7,15.54,03/03/2026 18:59:53 GMT,03/04/2026 03:16:57 GMT,2026-03-03T18:59:53.102Z,2026-03-04T03:16:57.348Z,11+ Kel'el Ware Rebounds BKN Nets @ MIA Heat,,Basketball,NBA
20G1U4BE0Y,BetMGM,straight,SETTLED_WIN,1.7692307692307692,1.7692307692307692,,20,15.38,03/03/2026 18:44:47 GMT,03/04/2026 03:10:00 GMT,2026-03-03T18:44:47.287Z,2026-03-04T03:10:00.000Z,Over 3.5 Bilal Coulibaly (WAS): Rebounds Washington Wizards at Orlando Magic,,Basketball,NBA
20G1JWYS7S,BetMGM,straight,SETTLED_LOSS,1.8333333333333335,1.9523809523809523,-0.0610,25,-25.00,03/03/2026 14:20:18 GMT,03/04/2026 03:10:00 GMT,2026-03-03T14:20:18.700Z,2026-03-04T03:10:00.000Z,Washington Wizards +16.5 Spread Washington Wizards at Orlando Magic,,Basketball,NBA
20G1JWYK9W,BetMGM,straight,SETTLED_LOSS,1.9523809523809523,1.9523809523809523,,20,-20.00,03/03/2026 14:20:08 GMT,03/04/2026 03:10:00 GMT,2026-03-03T14:20:08.303Z,2026-03-04T03:10:00.000Z,Washington Wizards +16.5 Spread Washington Wizards at Orlando Magic,,Basketball,NBA
2775f3fb-4c54-4364-94e3-6cf58e09dec5,ProphetX,straight,SETTLED_LOSS,1.9702970297029705,2.05,-0.0389,40,-40.00,03/03/2026 14:13:00 GMT,03/04/2026 03:00:00 GMT,2026-03-03T14:13:00.000Z,2026-03-04T03:00:00.000Z,Dallas Mavericks +13.0 Spread Dallas Mavericks at Charlotte Hornets,,Basketball,NBA
26088963000029905,Fanatics,straight,SETTLED_WIN,2.4299999999999997,2,0.2150,10,14.38,03/03/2026 18:43:04 GMT,03/04/2026 02:47:19 GMT,2026-03-03T18:43:04.099Z,2026-03-04T02:47:19.883Z,Over 4.5 Jaden McDaniels - Rebounds OU Memphis Grizzlies at Minnesota Timberwolves,,Basketball,NBA
639081600210889522,Draftkings Sportsbook,straight,SETTLED_WIN,2.16,2.15,0.0047,10,11.60,03/03/2026 18:40:22 GMT,03/04/2026 02:46:20 GMT,2026-03-03T18:40:22.418Z,2026-03-04T02:46:20.124Z,4+ Grant Williams Rebounds DAL Mavericks @ CHA Hornets,,Basketball,NBA
PlacedBet:pI7vy9bKIZU3xcQLBhjVFjc6u0w=,theScore Bet,straight,SETTLED_WIN,1.625,1.819672131147541,-0.1070,17,10.63,03/03/2026 18:45:10 GMT,03/04/2026 02:34:05 GMT,2026-03-03T18:45:10.110Z,2026-03-04T02:34:05.397Z,Over 5.5 Cade Cunningham Total Rebounds Detroit Pistons @ Cleveland Cavaliers,,Basketball,NBA
26088965000119805,Fanatics,straight,SETTLED_WIN,1.9523809523809523,1.9523809523809523,,15,14.29,03/03/2026 18:45:26 GMT,03/04/2026 01:11:56 GMT,2026-03-03T18:45:26.330Z,2026-03-04T01:11:56.355Z,Over 1.5 P.J. Washington Jr. - Assists OU Dallas Mavericks at Charlotte Hornets,,Basketball,NBA
019cb503-da2b-771c-9a1f-464ecc14f9a2,Novig,straight,SETTLED_LOSS,1.8181818181818181,1.6666666666666665,0.0909,14.9985,-15.00,03/03/2026 18:44:19 GMT,03/04/2026 01:05:00 GMT,2026-03-03T18:44:19.713Z,2026-03-04T01:05:00.000Z,Over 2.5 Jaylen Wells REBOUNDS Memphis Grizzlies @ Minnesota Timberwolves,,Basketball,NBA
019cb40c-8aa2-7962-ba7e-c73a1594164a,Novig,straight,SETTLED_LOSS,2.0080321285140563,2,0.0040,24.9996,-25.00,03/03/2026 14:14:11 GMT,03/04/2026 01:05:00 GMT,2026-03-03T14:14:11.059Z,2026-03-04T01:05:00.000Z,home +7.5 Spread San Antonio Spurs @ Philadelphia 76ers,,Basketball,NBA
639081612121213534,Draftkings Sportsbook,straight,SETTLED_VOID,5.51,,,7,0.00,03/03/2026 19:00:11 GMT,03/04/2026 00:11:21 GMT,2026-03-03T19:00:11.601Z,2026-03-04T00:11:21.649Z,6+ Dean Wade Rebounds DET Pistons @ CLE Cavaliers,,Basketball,NBA
019cb503-96c4-7d30-a48a-2438bfc1eb8c,Novig,straight,SETTLED_LOSS,1.9083969465648853,1.9523809523809523,-0.0225,14.99688,-15.00,03/03/2026 18:44:05 GMT,03/04/2026 00:05:00 GMT,2026-03-03T18:44:05.976Z,2026-03-04T00:05:00.000Z,Over 2.5 Tre Johnson REBOUNDS Washington Wizards @ Orlando Magic,,Basketball,NBA
019cb512-af4e-7d6a-bd0c-1dbcd2674849,Novig,straight,SETTLED_LOSS,2.237136465324385,1.9629818719940808,0.1397,9.99939,-10.00,03/03/2026 19:00:29 GMT,03/04/2026 00:00:00 GMT,2026-03-03T19:00:29.198Z,2026-03-04T00:00:00.000Z,Missouri Moneyline Missouri @ Oklahoma,,Basketball,NCAAM
26088962000069805,Fanatics,straight,SETTLED_VOID,2.5,,,10,0.00,03/03/2026 18:42:36 GMT,03/03/2026 22:47:32 GMT,2026-03-03T18:42:36.136Z,2026-03-03T22:47:32.399Z,Over 3.5 Dean Wade - Rebounds OU Detroit Pistons at Cleveland Cavaliers,,Basketball,NBA
26087364000069905,Fanatics,straight,SETTLED_LOSS,2.1,2.05,0.0244,10,-10.00,03/02/2026 16:04:20 GMT,03/03/2026 05:42:37 GMT,2026-03-02T16:04:20.512Z,2026-03-03T05:42:37.496Z,17+ De'Anthony Melton - Points Los Angeles Clippers at Golden State Warriors,,Basketball,NBA
PlacedBet:benKeFyE34t44S56ugxFWBbmnsg=,theScore Bet,straight,SETTLED_LOSS,1.8,2,-0.1000,10,-10.00,03/02/2026 16:01:46 GMT,03/03/2026 05:37:24 GMT,2026-03-02T16:01:46.337Z,2026-03-03T05:37:24.768Z,Over 12.5 Gui Santos Total Points Los Angeles Clippers @ Golden State Warriors,,Basketball,NBA
639080646761825810,Draftkings Sportsbook,straight,SETTLED_WIN,2.05,1.847457627118644,0.1096,15,15.75,03/02/2026 16:11:16 GMT,03/03/2026 05:02:38 GMT,2026-03-02T16:11:16.141Z,2026-03-03T05:02:38.577Z,Under 4.5 Bruce Brown Rebounds O/U DEN Nuggets @ UTA Jazz,,Basketball,NBA
2f0e7730-16a8-11f1-87f0-d7de97f56c25,Caesars Sportsbook,straight,SETTLED_WIN,2,2.1,-0.0476,15,15.00,03/03/2026 02:25:02 GMT,03/03/2026 04:58:56 GMT,2026-03-03T02:25:02.499Z,2026-03-03T04:58:56.245Z,Sacramento State Hornets Money Line Idaho State Bengals at Sacramento State Hornets,,Basketball,NCAAM
PlacedBet:48zPCnaIVyiJIB6bWvsaVZ5o2GI=,theScore Bet,parlay,SETTLED_LOSS,10.907142857142857,10.08,0.0821,7,-7.00,03/02/2026 15:42:50 GMT,03/03/2026 04:58:00 GMT,2026-03-02T15:42:50.558Z,2026-03-03T04:58:00.129Z,South Carolina State Moneyline South Carolina State Bulldogs @ Delaware State Hornets | North Carolina Central Moneyline North Carolina Central Eagles @ Maryland-Eastern Shore Hawks | Idaho State Moneyline Idaho State Bengals @ Sacramento State Hornets,,Basketball,NCAAM
O/0003172/0004120,Fanduel Sportsbook,straight,SETTLED_LOSS,1.9433962264150944,1.9803921568627452,-0.0187,10,-10.00,03/02/2026 16:03:15 GMT,03/03/2026 04:45:06 GMT,2026-03-02T16:03:15.000Z,2026-03-03T04:45:06.000Z,Brice Sensabaugh Over 16.5 Brice Sensabaugh - Points Denver Nuggets @ Utah Jazz,,Basketball,NBA
O/0003172/0004123,Fanduel Sportsbook,straight,SETTLED_LOSS,2.16,2.0700000000000003,0.0435,15,-15.00,03/02/2026 16:11:04 GMT,03/03/2026 04:37:21 GMT,2026-03-02T16:11:04.000Z,2026-03-03T04:37:21.000Z,Kyle Filipowski Under 7.5 Kyle Filipowski - Rebounds Denver Nuggets @ Utah Jazz,,Basketball,NBA
20G09A2F1K,BetMGM,straight,SETTLED_LOSS,2.05,2.13,-0.0376,15,-15.00,03/02/2026 16:10:52 GMT,03/03/2026 04:35:46 GMT,2026-03-02T16:10:52.623Z,2026-03-03T04:35:46.884Z,Under 2.5 Pat Spencer (GSW): Rebounds Los Angeles Clippers at Golden State Warriors,,Basketball,NBA
019caf52-2224-7c3c-8778-43d2d6d6f25a,Novig,straight,SETTLED_WIN,1.8903591682419658,1.8928571428571428,-0.0013,44.99674,40.06,03/02/2026 16:12:05 GMT,03/03/2026 03:05:00 GMT,2026-03-02T16:12:05.569Z,2026-03-03T03:05:00.000Z,Los Angeles Clippers Moneyline Los Angeles Clippers @ Golden State Warriors,,Basketball,NBA
019caf52-036f-730f-bb98-3872710447c6,Novig,straight,SETTLED_LOSS,2.0704347833043597,1.970873786407767,0.0505,24.999579999999998,-25.00,03/02/2026 16:11:57 GMT,03/03/2026 03:05:00 GMT,2026-03-02T16:11:57.011Z,2026-03-03T03:05:00.000Z,Over 216.5 Total Los Angeles Clippers @ Golden State Warriors,,Basketball,NBA
019caf34-c617-7c16-8d9e-954c41887152,Novig,straight,SETTLED_LOSS,2.0746887966804977,1.9090909090909092,0.0867,24.99652,-25.00,03/02/2026 15:40:06 GMT,03/03/2026 03:00:00 GMT,2026-03-02T15:40:06.983Z,2026-03-03T03:00:00.000Z,Idaho State Moneyline Idaho State @ Sacramento State,,Basketball,NCAAM
26087364000049905,Fanatics,straight,SETTLED_VOID,2.4299999999999997,3.9,-0.3769,10,0.00,03/02/2026 16:04:12 GMT,03/03/2026 02:50:07 GMT,2026-03-02T16:04:12.721Z,2026-03-03T02:50:07.598Z,14+ Kyle Kuzma - Points Boston Celtics at Milwaukee Bucks,,Basketball,NBA
a4473f52-8dac-4133-b7b8-8ca52816ab5c,ProphetX,straight,SETTLED_LOSS,1.9897999999999998,1.9433962264150944,0.0239,30,-30.00,03/02/2026 16:00:20 GMT,03/03/2026 02:49:52 GMT,2026-03-02T16:00:20.000Z,2026-03-03T02:49:52.700Z,over 216.0 Total Points Boston Celtics at Milwaukee Bucks,,Basketball,NBA
26087371000129905,Fanatics,straight,SETTLED_LOSS,2.31,2.35,-0.0170,10,-10.00,03/02/2026 16:11:41 GMT,03/03/2026 02:37:25 GMT,2026-03-02T16:11:41.705Z,2026-03-03T02:37:25.541Z,Over 3.5 Bilal Coulibaly - Rebounds OU Houston Rockets at Washington Wizards,,Basketball,NBA
639080641682642140,Draftkings Sportsbook,straight,SETTLED_VOID,1.8403361344537816,,,10,0.00,03/02/2026 16:02:48 GMT,03/03/2026 02:29:26 GMT,2026-03-02T16:02:48.872Z,2026-03-03T02:29:26.667Z,11+ Tristan Vukcevic Points HOU Rockets @ WAS Wizards,,Basketball,NBA
O/0003172/0004122,Fanduel Sportsbook,straight,SETTLED_WIN,2,2.15,-0.0698,10,10.00,03/02/2026 16:09:02 GMT,03/03/2026 02:20:51 GMT,2026-03-02T16:09:02.000Z,2026-03-03T02:20:51.000Z,Bobby Portis Over 10.5 Bobby Portis - Points Boston Celtics @ Milwaukee Bucks,,Basketball,NBA
O/0003172/0004119,Fanduel Sportsbook,straight,SETTLED_WIN,2.16,2.4299999999999997,-0.1111,25,29.00,03/02/2026 15:41:58 GMT,03/03/2026 02:18:40 GMT,2026-03-02T15:41:58.000Z,2026-03-03T02:18:40.000Z,South Carolina State Moneyline South Carolina State @ Delaware State,,Basketball,NCAAM
228e5750-164e-11f1-a62c-3da8034b2b75,Caesars Sportsbook,straight,SETTLED_WIN,2.15,2.20378,-0.0244,25,28.75,03/02/2026 15:40:26 GMT,03/03/2026 02:18:19 GMT,2026-03-02T15:40:26.821Z,2026-03-03T02:18:19.038Z,North Carolina Central Eagles Money Line North Carolina Central Eagles at UMES Hawks,,Basketball,NCAAM
O/0003172/0004124,Fanduel Sportsbook,straight,SETTLED_LOSS,2.08,2.2,-0.0545,7.5,-7.50,03/02/2026 16:11:26 GMT,03/03/2026 02:07:56 GMT,2026-03-02T16:11:26.000Z,2026-03-03T02:07:56.000Z,Sam Hauser Under 3.5 Sam Hauser - Rebounds Boston Celtics @ Milwaukee Bucks,,Basketball,NBA
019caf52-6780-7f6d-ba15-8a8211bdc9fe,Novig,straight,SETTLED_LOSS,2,1.8928571428571428,0.0566,25,-25.00,03/02/2026 16:12:22 GMT,03/03/2026 02:05:00 GMT,2026-03-02T16:12:22.019Z,2026-03-03T02:05:00.000Z,Under 243.5 Total Denver Nuggets @ Utah Jazz,,Basketball,NBA
019caf52-45e0-741d-acbb-ecfc40123ca1,Novig,straight,SETTLED_WIN,2.0698897845698396,1.9433962264150944,0.0651,24.9965,26.74,03/02/2026 16:12:14 GMT,03/03/2026 02:05:00 GMT,2026-03-02T16:12:14.235Z,2026-03-03T02:05:00.000Z,home +11.5 Spread Denver Nuggets @ Utah Jazz,,Basketball,NBA
019caf4a-5354-7aa3-b2cf-69f9c0104111,Novig,straight,SETTLED_LOSS,2.0790020790020787,2.7800000000000002,-0.2522,9.99999,-10.00,03/02/2026 16:03:32 GMT,03/03/2026 00:35:00 GMT,2026-03-02T16:03:32.133Z,2026-03-03T00:35:00.000Z,Over 11.5 Myles Turner POINTS Boston Celtics @ Milwaukee Bucks,,Basketball,NBA
019caf4f-2d46-72d5-8a10-8d1b33616aba,Novig,straight,SETTLED_WIN,2.320185614849188,1.8,0.2890,9.9992,13.20,03/02/2026 16:08:50 GMT,03/03/2026 00:35:00 GMT,2026-03-02T16:08:50.516Z,2026-03-03T00:35:00.000Z,Over 8.5 Baylor Scheierman POINTS Boston Celtics @ Milwaukee Bucks,,Basketball,NBA
019caf52-88eb-797e-b7a0-1360b8b0c44c,Novig,straight,SETTLED_WIN,1.9607843137254901,2.8613007999999995,-0.3147,44.9973,43.23,03/02/2026 16:12:31 GMT,03/03/2026 00:35:00 GMT,2026-03-02T16:12:31.038Z,2026-03-03T00:35:00.000Z,away -7.5 Spread Boston Celtics @ Milwaukee Bucks,,Basketball,NBA
019caf50-6272-74eb-8f1d-8b74c9eac5f6,Novig,straight,SETTLED_LOSS,2.0491803278688523,2,0.0246,14.99624,-15.00,03/02/2026 16:10:09 GMT,03/03/2026 00:05:00 GMT,2026-03-02T16:10:09.501Z,2026-03-03T00:05:00.000Z,Under 9.5 Alperen Sengun REBOUNDS Houston Rockets @ Washington Wizards,,Basketball,NBA
019caf48-d6bc-71d5-aebd-650e1ba6a710,Novig,straight,SETTLED_WIN,2.02020202020202,1.8695652173913042,0.0806,9.999,10.20,03/02/2026 16:02:00 GMT,03/03/2026 00:05:00 GMT,2026-03-02T16:02:00.492Z,2026-03-03T00:05:00.000Z,Over 9.5 Bilal Coulibaly POINTS Houston Rockets @ Washington Wizards,,Basketball,NBA
d586c6e0-1576-11f1-80ec-bfde31131782,Caesars Sportsbook,straight,SETTLED_LOSS,1.91,1.925925925925926,-0.0083,40,-40.00,03/01/2026 13:59:15 GMT,03/02/2026 04:32:02 GMT,2026-03-01T13:59:15.790Z,2026-03-02T04:32:02.790Z,New Orleans Pelicans 9 Spread New Orleans Pelicans at Los Angeles Clippers,,Basketball,NBA
26085799000099805,Fanatics,straight,SETTLED_WIN,2.04,1.847457627118644,0.1042,10,10.42,03/01/2026 13:59:37 GMT,03/02/2026 04:22:21 GMT,2026-03-01T13:59:37.572Z,2026-03-02T04:22:21.586Z,Over 222.0 Total Points New Orleans Pelicans at Los Angeles Clippers,,Basketball,NBA
26085799000109805,Fanatics,straight,SETTLED_WIN,1.8333333333333335,1.847457627118644,-0.0076,20,16.67,03/01/2026 13:59:41 GMT,03/02/2026 04:22:21 GMT,2026-03-01T13:59:41.805Z,2026-03-02T04:22:21.426Z,Over 222.0 Total Points New Orleans Pelicans at Los Angeles Clippers,,Basketball,NBA
26085798000079805,Fanatics,straight,SETTLED_LOSS,2.08,2.02,0.0297,10,-10.00,03/01/2026 13:58:21 GMT,03/02/2026 03:38:05 GMT,2026-03-01T13:58:21.227Z,2026-03-02T03:38:05.090Z,Over 221.0 Total Points Philadelphia 76ers at Boston Celtics,,Basketball,NBA
26085798000109805,Fanatics,straight,SETTLED_LOSS,1.8695652173913042,2.02,-0.0745,15,-15.00,03/01/2026 13:58:28 GMT,03/02/2026 03:38:03 GMT,2026-03-01T13:58:28.631Z,2026-03-02T03:38:03.513Z,Over 221.0 Total Points Philadelphia 76ers at Boston Celtics,,Basketball,NBA
019ca9b2-b3b9-75f1-b8bb-706dbfe96d3d,Novig,straight,SETTLED_LOSS,1.8484288354898335,1.900900900900901,-0.0276,44.99497,-44.99,03/01/2026 13:59:53 GMT,03/02/2026 02:35:00 GMT,2026-03-01T13:59:53.133Z,2026-03-02T02:35:00.000Z,away +13.5 Spread Sacramento Kings @ Los Angeles Lakers,,Basketball,NBA
O/0003172/0004118,Fanduel Sportsbook,straight,SETTLED_LOSS,2.21,1.8620689655172413,0.1869,10,-10.00,03/01/2026 13:56:44 GMT,03/02/2026 01:28:39 GMT,2026-03-01T13:56:44.000Z,2026-03-02T01:28:39.000Z,Over 223.5 Alternate Total Points Detroit Pistons @ Orlando Magic,,Basketball,NBA
O/0003172/0004117,Fanduel Sportsbook,straight,SETTLED_WIN,2.04,1.8928571428571428,0.0777,27.5,28.60,03/01/2026 13:56:10 GMT,03/02/2026 01:25:58 GMT,2026-03-01T13:56:10.000Z,2026-03-02T01:25:58.000Z,Under 236.5 Alternate Total Points Portland Trail Blazers @ Atlanta Hawks,,Basketball,NBA
019ca9b0-b624-7700-be57-f4c4eaca793c,Novig,straight,SETTLED_LOSS,2,1.9090909090909092,0.0476,27.5,-27.50,03/01/2026 13:57:41 GMT,03/02/2026 01:05:00 GMT,2026-03-01T13:57:41.638Z,2026-03-02T01:05:00.000Z,away +9.5 Spread Philadelphia 76ers @ Boston Celtics,,Basketball,NBA
019ca9b1-c9a2-776e-820b-f11e256988ed,Novig,straight,SETTLED_WIN,2.0368358483109303,2.08,-0.0208,24.99956,25.92,03/01/2026 13:58:51 GMT,03/02/2026 01:05:00 GMT,2026-03-01T13:58:51.927Z,2026-03-02T01:05:00.000Z,home +15.5 Spread Oklahoma City Thunder @ Dallas Mavericks,,Basketball,NBA
9888f6bc-3c1b-4752-ac53-c0c7c3e15f23,ProphetX,straight,SETTLED_WIN,1.9074074074074074,1.925925925925926,-0.0096,28,25.41,03/01/2026 13:55:37 GMT,03/02/2026 01:00:00 GMT,2026-03-01T13:55:37.000Z,2026-03-02T01:00:00.000Z,under 238.0 Total Points Memphis Grizzlies at Indiana Pacers,,Basketball,NBA
1999e25e-c8ca-467d-928b-f18a95f4c968,ProphetX,straight,SETTLED_LOSS,1.9245283018867925,1.8077042198993418,0.0646,27,-27.00,03/01/2026 13:53:45 GMT,03/01/2026 23:30:00 GMT,2026-03-01T13:53:45.000Z,2026-03-01T23:30:00.000Z,over 222.5 Total Points Cleveland Cavaliers at Brooklyn Nets,,Basketball,NBA
b9a1120f-c30d-4606-b018-ea044c84b961,ProphetX,straight,SETTLED_WIN,2.0094000000000003,1.9345794392523366,0.0387,30,30.28,03/01/2026 13:55:11 GMT,03/01/2026 23:13:15 GMT,2026-03-01T13:55:11.000Z,2026-03-01T23:13:15.591Z,Minnesota Timberwolves +3.0 Spread Minnesota Timberwolves at Denver Nuggets,,Basketball,NBA
9068fc9f-9c24-4c4b-8817-1dc54ba706d4,ProphetX,straight,SETTLED_WIN,1.9423076923076925,2.0700000000000003,-0.0617,25,23.56,03/01/2026 13:54:48 GMT,03/01/2026 23:13:15 GMT,2026-03-01T13:54:48.000Z,2026-03-01T23:13:15.590Z,under 239.5 Total Points Minnesota Timberwolves at Denver Nuggets,,Basketball,NBA
019ca9b0-7048-71f3-b597-26290a3ac413,Novig,straight,SETTLED_LOSS,2.105263157894737,2.05,0.0270,44.99675,-45.00,03/01/2026 13:57:24 GMT,03/01/2026 23:05:00 GMT,2026-03-01T13:57:24.568Z,2026-03-01T23:05:00.000Z,home +4.5 Spread Detroit Pistons @ Orlando Magic,,Basketball,NBA
639079704284750506,Draftkings Sportsbook,straight,SETTLED_WIN,1.8928571428571428,1.8695652173913042,0.0125,25,22.32,03/01/2026 14:00:29 GMT,03/01/2026 20:36:17 GMT,2026-03-01T14:00:29.006Z,2026-03-01T20:36:17.971Z,NY Knicks +1.5 Spread SA Spurs @ NY Knicks,,Basketball,NBA
639079704199938060,Draftkings Sportsbook,straight,SETTLED_WIN,2.12,1.8695652173913042,0.1340,20,22.40,03/01/2026 14:00:19 GMT,03/01/2026 20:36:17 GMT,2026-03-01T14:00:19.970Z,2026-03-01T20:36:17.929Z,NY Knicks +1.5 Spread SA Spurs @ NY Knicks,,Basketball,NBA
019ca9ad-a3cf-7edf-a23c-bd8163414f97,Novig,straight,SETTLED_WIN,2.0408163265306123,2.01,0.0153,19.9969,20.81,03/01/2026 13:54:23 GMT,03/01/2026 20:35:00 GMT,2026-03-01T13:54:23.286Z,2026-03-01T20:35:00.000Z,home +11.5 Spread Cleveland Cavaliers @ Brooklyn Nets,,Basketball,NBA
66b0f3a0-13e4-11f1-a04e-e72eddb8da56,Caesars Sportsbook,straight,SETTLED_LOSS,1.66667,1.625,0.0256,50,-50.00,02/27/2026 13:58:32 GMT,03/01/2026 18:27:28 GMT,2026-02-27T13:58:32.154Z,2026-03-01T18:27:28.369Z,Yes Both Teams To Score Eintracht Frankfurt vs Freiburg,,Soccer,Bundesliga
61b35550-13e4-11f1-9911-bbeacb89b318,Caesars Sportsbook,straight,SETTLED_LOSS,1.55556,1.5405405405405406,0.0097,65,-65.00,02/27/2026 13:58:23 GMT,03/01/2026 16:26:14 GMT,2026-02-27T13:58:23.781Z,2026-03-01T16:26:14.507Z,Yes Both Teams To Score Stuttgart vs Wolfsburg,,Soccer,Bundesliga
36adb120-13e4-11f1-a04e-e72eddb8da56,Caesars Sportsbook,straight,SETTLED_WIN,1.66667,1.606060606060606,0.0377,50,33.33,02/27/2026 13:57:11 GMT,03/01/2026 15:28:28 GMT,2026-02-27T13:57:11.602Z,2026-03-01T15:28:28.531Z,Yes Both Teams To Score Fulham vs Tottenham,,Soccer,English Premier League
8887faf2-900b-4bac-b68d-f354edce1657,ProphetX,straight,SETTLED_WIN,1.890909090909091,1.8064516129032258,0.0468,20,17.82,02/28/2026 15:33:03 GMT,03/01/2026 05:30:00 GMT,2026-02-28T15:33:03.000Z,2026-03-01T05:30:00.000Z,under 246.5 Total Points New Orleans Pelicans at Utah Jazz,,Basketball,NBA
639078894486489352,Draftkings Sportsbook,straight,SETTLED_LOSS,1.9090909090909092,2.05,-0.0687,15,-15.00,02/28/2026 15:30:49 GMT,03/01/2026 05:19:14 GMT,2026-02-28T15:30:49.491Z,2026-03-01T05:19:14.753Z,18+ Brice Sensabaugh Points NO Pelicans @ UTA Jazz,,Basketball,NBA
26084450000019805,Fanatics,straight,SETTLED_LOSS,1.5714285714285714,1.606060606060606,-0.0216,20,-20.00,02/28/2026 15:30:01 GMT,03/01/2026 05:11:38 GMT,2026-02-28T15:30:01.707Z,2026-03-01T05:11:38.382Z,Over 2.5 Cody Williams - Rebounds OU New Orleans Pelicans at Utah Jazz,,Basketball,NBA
O/0003172/0004108,Fanduel Sportsbook,straight,SETTLED_WIN,2.1,2.25,-0.0667,15,16.50,02/28/2026 15:27:59 GMT,03/01/2026 05:08:47 GMT,2026-02-28T15:27:59.000Z,2026-03-01T05:08:47.000Z,Kyle Filipowski Under 7.5 Kyle Filipowski - Rebounds New Orleans Pelicans @ Utah Jazz,,Basketball,NBA
O/0003172/0004109,Fanduel Sportsbook,straight,SETTLED_LOSS,1.9615384615384617,1.9174311926605505,0.0230,15,-15.00,02/28/2026 15:29:01 GMT,03/01/2026 03:47:56 GMT,2026-02-28T15:29:01.000Z,2026-03-01T03:47:56.000Z,Pat Spencer Under 2.5 Pat Spencer - Rebounds Los Angeles Lakers @ Golden State Warriors,,Basketball,NBA
639078894279804895,Draftkings Sportsbook,straight,SETTLED_WIN,1.9090909090909092,1.900900900900901,0.0043,20,18.18,02/28/2026 15:30:26 GMT,03/01/2026 03:06:23 GMT,2026-02-28T15:30:26.363Z,2026-03-01T03:06:23.632Z,8+ Gary Payton II Points LA Lakers @ GS Warriors,,Basketball,NBA
20FS70N329,BetMGM,straight,SETTLED_WIN,2,1.8695652173913042,0.0698,17,17.00,02/28/2026 15:28:40 GMT,03/01/2026 02:37:49 GMT,2026-02-28T15:28:40.403Z,2026-03-01T02:37:49.197Z,Under 8.5 Scottie Barnes (TOR) : Rebounds Toronto Raptors at Washington Wizards,,Basketball,NBA
019ca4e1-6207-758e-bdf8-4d63dcf5bfef,Novig,straight,SETTLED_LOSS,1.9193857965451055,1.8064516129032258,0.0625,34.99557,-35.00,02/28/2026 15:32:46 GMT,03/01/2026 02:35:00 GMT,2026-02-28T15:32:46.255Z,2026-03-01T02:35:00.000Z,home +6.5 Spread New Orleans Pelicans @ Utah Jazz,,Basketball,NBA
O/0003172/0004112,Fanduel Sportsbook,straight,SETTLED_WIN,1.925925925925926,2.0300000000000002,-0.0513,35,32.41,02/28/2026 15:32:34 GMT,03/01/2026 02:31:06 GMT,2026-02-28T15:32:34.000Z,2026-03-01T02:31:06.000Z,Washington Wizards +13.5 Alternate Spread Toronto Raptors @ Washington Wizards,,Basketball,NBA
PlacedBet:g3jR1m70GTYPl5y/hHmip8yA6oE=,theScore Bet,straight,SETTLED_WIN,1.9090909090909092,1.99009900990099,-0.0407,20,18.18,02/28/2026 15:31:05 GMT,03/01/2026 02:30:53 GMT,2026-02-28T15:31:05.166Z,2026-03-01T02:30:53.873Z,Over 9.5 Bilal Coulibaly Total Points Toronto Raptors @ Washington Wizards,,Basketball,NBA
O/0003172/0004111,Fanduel Sportsbook,straight,SETTLED_WIN,1.9615384615384617,1.8849557522123894,0.0406,17,16.35,02/28/2026 15:30:39 GMT,03/01/2026 02:11:07 GMT,2026-02-28T15:30:39.000Z,2026-03-01T02:11:07.000Z,Luke Kennard Over 6.5 Luke Kennard - Points Los Angeles Lakers @ Golden State Warriors,,Basketball,NBA
O/0003172/0004114,Fanduel Sportsbook,straight,SETTLED_WIN,2.2800000000000002,2.45,-0.0694,15,19.20,02/28/2026 15:34:26 GMT,03/01/2026 01:57:09 GMT,2026-02-28T15:34:26.000Z,2026-03-01T01:57:09.000Z,Wright State Moneyline Wright State @ Northern Kentucky,,Basketball,NCAAM
019ca4db-7b78-70d8-9551-41b601067ef2,Novig,straight,SETTLED_LOSS,1.9083969465648858,1.8771929824561404,0.0166,34.99796,-35.00,02/28/2026 15:26:19 GMT,03/01/2026 01:35:00 GMT,2026-02-28T15:26:19.698Z,2026-03-01T01:35:00.000Z,GSW +4.5 Spread Los Angeles Lakers @ Golden State Warriors,,Basketball,NBA
O/0003172/0004116,Fanduel Sportsbook,straight,SETTLED_WIN,2.16,2.05,0.0537,15,17.40,02/28/2026 15:35:16 GMT,03/01/2026 01:16:53 GMT,2026-02-28T15:35:16.000Z,2026-03-01T01:16:53.000Z,Alabama State Moneyline Alabama State @ Alabama A&M,,Basketball,NCAAM
019ca4e5-06ce-778a-adba-df4d58ead027,Novig,straight,SETTLED_WIN,2.2522522522522523,2.1,0.0725,14.99832,18.78,02/28/2026 15:36:44 GMT,03/01/2026 01:00:00 GMT,2026-02-28T15:36:44.290Z,2026-03-01T01:00:00.000Z,Baylor Moneyline Baylor @ UCF,,Basketball,NCAAM
PlacedBet:KoRMi5mh+T8akkQWlFFO5iMv8ZE=,theScore Bet,straight,SETTLED_WIN,2.2,2.1768063999999994,0.0107,15,18.00,02/28/2026 15:35:48 GMT,03/01/2026 00:57:01 GMT,2026-02-28T15:35:48.856Z,2026-03-01T00:57:01.729Z,Weber State Moneyline Weber State Wildcats @ Idaho State Bengals,,Basketball,NCAAM
639078898211110838,Draftkings Sportsbook,straight,SETTLED_WIN,2.1,2.1,,15,16.50,02/28/2026 15:37:00 GMT,02/28/2026 23:34:25 GMT,2026-02-28T15:37:00.786Z,2026-02-28T23:34:25.374Z,Ball State Moneyline Ball State @ Northern Illinois,,Basketball,NCAAM
119a9e03-5702-483e-a750-01c801aa68ce,ProphetX,straight,SETTLED_WIN,1.9702970297029705,1.925925925925926,0.0230,35,33.96,02/28/2026 15:25:58 GMT,02/28/2026 23:30:00 GMT,2026-02-28T15:25:58.000Z,2026-02-28T23:30:00.000Z,Miami Heat +2.5 Spread Houston Rockets at Miami Heat,,Basketball,NBA
019ca4e3-d888-7236-b98c-5f5af6a24ce2,Novig,straight,SETTLED_LOSS,2.197802197802198,2.15,0.0222,14.9968,-15.00,02/28/2026 15:35:24 GMT,02/28/2026 23:00:00 GMT,2026-02-28T15:35:24.290Z,2026-02-28T23:00:00.000Z,Dartmouth Moneyline Dartmouth @ Princeton,,Basketball,NCAAM
O/0003172/0004110,Fanduel Sportsbook,straight,SETTLED_WIN,2.08,2.1,-0.0095,17,18.36,02/28/2026 15:30:14 GMT,02/28/2026 22:39:27 GMT,2026-02-28T15:30:14.000Z,2026-02-28T22:39:27.000Z,Kel'el Ware Over 8.5 Kel'el Ware - Alt Points Houston Rockets @ Miami Heat,,Basketball,NBA
O/0003172/0004115,Fanduel Sportsbook,straight,SETTLED_WIN,2.3200000000000003,2.3200000000000003,,15,19.80,02/28/2026 15:34:55 GMT,02/28/2026 22:28:09 GMT,2026-02-28T15:34:55.000Z,2026-02-28T22:28:09.000Z,Florida International Moneyline Florida International @ Louisiana Tech,,Basketball,NCAAM
019ca4e3-8651-7c61-87f4-5838abbe32d7,Novig,straight,SETTLED_WIN,2.336448598130841,2.15,0.0867,14.99712,20.04,02/28/2026 15:35:03 GMT,02/28/2026 21:00:00 GMT,2026-02-28T15:35:03.802Z,2026-02-28T21:00:00.000Z,Northern Colorado Moneyline Northern Colorado @ Idaho,,Basketball,NCAAM
639078892317863002,Draftkings Sportsbook,straight,SETTLED_LOSS,1.8928571428571428,1.9090909090909092,-0.0085,20,-20.00,02/28/2026 15:27:12 GMT,02/28/2026 20:53:22 GMT,2026-02-28T15:27:12.214Z,2026-02-28T20:53:22.305Z,4+ Grant Williams Rebounds POR Trail Blazers @ CHA Hornets,,Basketball,NBA
O/0003172/0004113,Fanduel Sportsbook,straight,SETTLED_LOSS,2.3600000000000003,2.45,-0.0367,15,-15.00,02/28/2026 15:34:09 GMT,02/28/2026 20:52:47 GMT,2026-02-28T15:34:09.000Z,2026-02-28T20:52:47.000Z,New Hampshire Moneyline New Hampshire @ Albany,,Basketball,NCAAM
019ca4db-ad30-7b22-899c-bcb4ca98007d,Novig,straight,SETTLED_WIN,1.8621973929236502,1.8849557522123894,-0.0121,19.99788,17.24,02/28/2026 15:26:30 GMT,02/28/2026 20:35:00 GMT,2026-02-28T15:26:30.848Z,2026-02-28T20:35:00.000Z,Over 6.5 Kel'el Ware REBOUNDS Houston Rockets @ Miami Heat,,Basketball,NBA
3265f550-13e4-11f1-a408-614ac02578f1,Caesars Sportsbook,straight,SETTLED_LOSS,1.71429,1.8,-0.0476,45,-45.00,02/27/2026 13:57:04 GMT,02/28/2026 19:28:12 GMT,2026-02-27T13:57:04.421Z,2026-02-28T19:28:12.647Z,Yes Both Teams To Score Leeds vs Man City,,Soccer,English Premier League
019ca4e5-3009-7a03-8fbd-961d603262ce,Novig,straight,SETTLED_LOSS,2.053388090349076,2,0.0267,14.9996,-15.00,02/28/2026 15:36:52 GMT,02/28/2026 19:00:00 GMT,2026-02-28T15:36:52.280Z,2026-02-28T19:00:00.000Z,Youngstown State Moneyline Youngstown State @ Green Bay,,Basketball,NCAAM
019ca4e2-65e1-7740-8536-960a102fb1b6,Novig,straight,SETTLED_WIN,2.380952380952381,2.25,0.0582,9.996,13.80,02/28/2026 15:33:51 GMT,02/28/2026 19:00:00 GMT,2026-02-28T15:33:51.572Z,2026-02-28T19:00:00.000Z,Tennessee State Moneyline Tennessee State @ UT Martin,,Basketball,NCAAM
a55dbd9e-0d83-4ee3-ad37-eacd1da19797,ProphetX,straight,SETTLED_WIN,1.6805555555555554,,,50,34.03,02/27/2026 13:56:33 GMT,02/28/2026 17:41:40 GMT,2026-02-27T13:56:33.000Z,2026-02-28T17:41:40.984Z,Both Teams To Score - YES Premier League West Ham United FC at Liverpool FC,,Soccer,English Premier League
b2742644-aef3-4250-abdf-a1ad183d2de0,ProphetX,straight,SETTLED_WIN,1.8032786885245902,,,40,32.13,02/27/2026 13:56:17 GMT,02/28/2026 17:41:40 GMT,2026-02-27T13:56:17.000Z,2026-02-28T17:41:40.983Z,Both Teams To Score - YES Premier League Brentford FC at Burnley FC,,Soccer,English Premier League
3b5fa070-13e4-11f1-a2fa-413e64415657,Caesars Sportsbook,straight,SETTLED_LOSS,1.68966,1.6896551724137931,0.0000,50,-50.00,02/27/2026 13:57:19 GMT,02/28/2026 16:29:50 GMT,2026-02-27T13:57:19.479Z,2026-02-28T16:29:50.276Z,Yes Both Teams To Score Werder Bremen vs Heidenheim,,Soccer,Bundesliga
639077974939610306,Draftkings Sportsbook,straight,SETTLED_LOSS,1.9523809523809523,2.05,-0.0476,40,-40.00,02/27/2026 13:58:14 GMT,02/28/2026 16:25:33 GMT,2026-02-27T13:58:14.879Z,2026-02-28T16:25:33.936Z,Yes Both Teams to Score Hoffenheim vs St Pauli,,Soccer,Bundesliga
O/0003172/0004104,Fanduel Sportsbook,straight,SETTLED_WIN,1.6666666666666665,1.6944444444444444,-0.0164,50,33.33,02/27/2026 13:57:40 GMT,02/28/2026 16:21:52 GMT,2026-02-27T13:57:40.000Z,2026-02-28T16:21:52.000Z,Yes Both Teams To Score Leverkusen v Mainz,,Soccer,Bundesliga
639078897602691814,Draftkings Sportsbook,straight,SETTLED_CASH_OUT,1.9174311926605505,2.05,-0.0647,15,0.00,02/28/2026 15:36:01 GMT,02/28/2026 15:37:13 GMT,2026-02-28T15:36:01.701Z,2026-02-28T15:37:13.199Z,18+ Brice Sensabaugh Points NO Pelicans @ UTA Jazz,,Basketball,NBA
26082976000109805,Fanatics,straight,SETTLED_LOSS,2,1.9615384615384617,0.0196,15,-15.00,02/27/2026 14:56:36 GMT,02/28/2026 05:49:08 GMT,2026-02-27T14:56:36.428Z,2026-02-28T05:49:08.335Z,Over 9.5 Isaiah Hartenstein - Points OU Denver Nuggets at Oklahoma City Thunder,,Basketball,NBA
20FPRHL3H2,BetMGM,straight,SETTLED_WIN,1.8771929824561404,1.7142857142857144,0.0950,15,13.27,02/27/2026 14:41:24 GMT,02/28/2026 05:40:00 GMT,2026-02-27T14:41:24.540Z,2026-02-28T05:40:00.000Z,Over 2.5 Cason Wallace (OKC) : Rebounds Denver Nuggets at Oklahoma City Thunder,,Basketball,NBA
f21dc457-6587-4a53-803d-57abca956d09,ProphetX,straight,SETTLED_LOSS,2.089,2.26,-0.0757,15,-15.00,02/27/2026 14:56:47 GMT,02/28/2026 05:30:00 GMT,2026-02-27T14:56:47.000Z,2026-02-28T05:30:00.000Z,over 10.5 Julian Strawther Points Denver Nuggets at Oklahoma City Thunder,,Basketball,NBA
20FPRU1XED,BetMGM,straight,SETTLED_WIN,2.04,2.16,-0.0556,20,20.91,02/27/2026 14:51:07 GMT,02/28/2026 04:01:08 GMT,2026-02-27T14:51:07.017Z,2026-02-28T04:01:08.482Z,Under 5.5 Naji Marshall (DAL): Rebounds Memphis Grizzlies at Dallas Mavericks,,Basketball,NBA
O/0003172/0004107,Fanduel Sportsbook,straight,SETTLED_WIN,1.847457627118644,2.75,-0.3282,15,12.71,02/27/2026 14:52:27 GMT,02/28/2026 03:54:18 GMT,2026-02-27T14:52:27.000Z,2026-02-28T03:54:18.000Z,Daniel Gafford Under 7.5 Daniel Gafford - Rebounds Memphis Grizzlies @ Dallas Mavericks,,Basketball,NBA
dfdd7e11-d976-421a-beae-efb5438f1ac7,ProphetX,straight,SETTLED_WIN,1.9996,2.05,-0.0246,35,34.99,02/27/2026 13:52:59 GMT,02/28/2026 03:51:44 GMT,2026-02-27T13:52:59.000Z,2026-02-28T03:51:44.617Z,under 240.0 Total Points Memphis Grizzlies at Dallas Mavericks,,Basketball,NBA
20FPRZ8F53,BetMGM,straight,SETTLED_LOSS,1.8,1.8333333333333335,-0.0182,15,-15.00,02/27/2026 14:55:33 GMT,02/28/2026 03:51:42 GMT,2026-02-27T14:55:33.060Z,2026-02-28T03:51:42.675Z,Under 3.5 Jaylen Wells (MEM): Rebounds Memphis Grizzlies at Dallas Mavericks,,Basketball,NBA
O/0003172/0004105,Fanduel Sportsbook,straight,SETTLED_WIN,2.42,2.2,0.1000,10,14.20,02/27/2026 14:40:26 GMT,02/28/2026 03:46:37 GMT,2026-02-27T14:40:26.000Z,2026-02-28T03:46:37.000Z,Isaiah Hartenstein To Record 4+ Assists Denver Nuggets @ Oklahoma City Thunder,,Basketball,NBA
26082960000099905,Fanatics,straight,SETTLED_LOSS,2.1,2.1,,15,-15.00,02/27/2026 14:40:50 GMT,02/28/2026 03:27:10 GMT,2026-02-27T14:40:50.125Z,2026-02-28T03:27:10.897Z,Over 5.5 Bobby Portis - Rebounds OU New York Knicks at Milwaukee Bucks,,Basketball,NBA
e3d04370-3346-45df-b208-c099def1373d,ProphetX,straight,SETTLED_LOSS,1.9607843137254903,1.9090909090909092,0.0271,40,-40.00,02/27/2026 13:52:38 GMT,02/28/2026 03:22:29 GMT,2026-02-27T13:52:38.000Z,2026-02-28T03:22:29.548Z,Milwaukee Bucks +8.5 Spread New York Knicks at Milwaukee Bucks,,Basketball,NBA
619ab7cc-98fd-4ac1-80a9-f06ee5b53fd8,ProphetX,straight,SETTLED_WIN,2.0388,2.21,-0.0775,35,36.36,02/27/2026 13:52:23 GMT,02/28/2026 03:22:29 GMT,2026-02-27T13:52:23.000Z,2026-02-28T03:22:29.547Z,over 221.0 Total Points New York Knicks at Milwaukee Bucks,,Basketball,NBA
5287b908-a5b2-4d20-93cb-7861d4c7a705,ProphetX,straight,SETTLED_LOSS,1.9607843137254903,1.8547008547008548,0.0572,45,-45.00,02/27/2026 13:51:46 GMT,02/28/2026 03:22:29 GMT,2026-02-27T13:51:46.000Z,2026-02-28T03:22:29.546Z,Brooklyn Nets +18.0 Spread Brooklyn Nets at Boston Celtics,,Basketball,NBA
26082914000109905,Fanatics,parlay,SETTLED_LOSS,8.54,6.071475535401395,0.4066,5,-5.00,02/27/2026 13:54:25 GMT,02/28/2026 03:19:56 GMT,2026-02-27T13:54:25.400Z,2026-02-28T03:19:56.480Z,Detroit Pistons Money Line Cleveland Cavaliers at Detroit Pistons | Boston Celtics Money Line Brooklyn Nets at Boston Celtics | Milwaukee Bucks +9.0 Spread New York Knicks at Milwaukee Bucks | Dallas Mavericks Money Line Memphis Grizzlies at Dallas Mavericks | Denver Nuggets +9.5 Spread Denver Nuggets at Oklahoma City Thunder,,Basketball,NBA
26082960000019905,Fanatics,straight,SETTLED_LOSS,1.8333333333333335,1.7518796992481203,0.0465,15,-15.00,02/27/2026 14:40:12 GMT,02/28/2026 03:00:52 GMT,2026-02-27T14:40:12.540Z,2026-02-28T03:00:52.378Z,Over 4.5 Baylor Scheierman - Rebounds OU Brooklyn Nets at Boston Celtics,,Basketball,NBA
019c9f99-54bf-703b-aba0-31ff4cb4ece6,Novig,straight,SETTLED_WIN,2.100840336134454,2,0.0504,14.99876,16.51,02/27/2026 14:56:01 GMT,02/28/2026 02:35:00 GMT,2026-02-27T14:56:01.320Z,2026-02-28T02:35:00.000Z,Over 28.5 Shai Gilgeous-Alexander POINTS Denver Nuggets @ Oklahoma City Thunder,,Basketball,NBA
26082960000109905,Fanatics,straight,SETTLED_WIN,2,1.9090909090909092,0.0476,10,10.00,02/27/2026 14:40:58 GMT,02/28/2026 00:54:25 GMT,2026-02-27T14:40:58.010Z,2026-02-28T00:54:25.099Z,Over 5.5 Cade Cunningham - Rebounds OU Cleveland Cavaliers at Detroit Pistons,,Basketball,NBA
019c9f5e-f01a-712c-b945-cc330a002935,Novig,straight,SETTLED_WIN,2.0366598778004072,2,0.0183,34.99848,36.28,02/27/2026 13:52:08 GMT,02/28/2026 00:35:00 GMT,2026-02-27T13:52:08.554Z,2026-02-28T00:35:00.000Z,Over 208.5 Total Brooklyn Nets @ Boston Celtics,,Basketball,NBA
O/0003172/0004106,Fanduel Sportsbook,straight,SETTLED_VOID,2.02,,,10,0.00,02/27/2026 14:50:17 GMT,02/27/2026 23:57:46 GMT,2026-02-27T14:50:17.000Z,2026-02-27T23:57:46.000Z,P.J. Washington Under 7.5 P.J. Washington - Rebounds Memphis Grizzlies @ Dallas Mavericks,,Basketball,NBA
dfd09994-12bb-4dfd-a601-224cd6617172,ProphetX,straight,SETTLED_WIN,2.0780000000000003,,,35,37.73,02/27/2026 13:55:52 GMT,02/27/2026 23:00:00 GMT,2026-02-27T13:55:52.000Z,2026-02-27T23:00:00.000Z,Both Teams To Score - NO Premier League Aston Villa FC at Wolverhampton Wanderers FC,,Soccer,English Premier League
639076515259260170,Draftkings Sportsbook,straight,SETTLED_LOSS,2.12,1.9803921568627452,0.0705,20,-20.00,02/25/2026 21:25:26 GMT,02/26/2026 05:52:22 GMT,2026-02-25T21:25:26.954Z,2026-02-26T05:52:22.001Z,Over 3.5 Payton Pritchard Rebounds O/U BOS Celtics @ DEN Nuggets,,Basketball,NBA
26080479000029921,Fanatics,straight,SETTLED_LOSS,1.8695652173913042,1.9090909090909092,-0.0207,15,-15.00,02/25/2026 21:19:51 GMT,02/26/2026 05:38:10 GMT,2026-02-25T21:19:51.046Z,2026-02-26T05:38:10.243Z,Over 4.5 Baylor Scheierman - Rebounds OU Boston Celtics at Denver Nuggets,,Basketball,NBA
26080485000019921,Fanatics,straight,SETTLED_WIN,2,1.9523809523809523,0.0244,15,15.00,02/25/2026 21:25:01 GMT,02/26/2026 04:39:15 GMT,2026-02-25T21:25:01.436Z,2026-02-26T04:39:15.409Z,Over 4.5 Christian Braun - Rebounds OU Boston Celtics at Denver Nuggets,,Basketball,NBA
26080484000019921,Fanatics,straight,SETTLED_WIN,2.04,1.847457627118644,0.1042,10,10.42,02/25/2026 21:24:34 GMT,02/26/2026 04:02:41 GMT,2026-02-25T21:24:34.246Z,2026-02-26T04:02:41.075Z,Over 3.5 Cameron Johnson - Rebounds OU Boston Celtics at Denver Nuggets,,Basketball,NBA
26080484000029921,Fanatics,straight,SETTLED_WIN,1.8333333333333335,1.847457627118644,-0.0076,10,8.33,02/25/2026 21:24:38 GMT,02/26/2026 04:02:40 GMT,2026-02-25T21:24:38.485Z,2026-02-26T04:02:40.712Z,Over 3.5 Cameron Johnson - Rebounds OU Boston Celtics at Denver Nuggets,,Basketball,NBA
b33f4d8a-dbdd-4749-91ca-f521c0cdbf8b,ProphetX,straight,SETTLED_WIN,1.550561797752809,1.4166666666666667,0.0945,45,24.77,02/25/2026 21:20:38 GMT,02/26/2026 04:00:00 GMT,2026-02-25T21:20:38.000Z,2026-02-26T04:00:00.000Z,Milwaukee Bucks +8.5 Spread Cleveland Cavaliers at Milwaukee Bucks,,Basketball,NBA
a85f1ebd-e2e9-4df1-9069-31d4ee2428d6,ProphetX,straight,SETTLED_LOSS,1.9423076923076925,1.8928571428571428,0.0261,45,-45.00,02/25/2026 21:21:13 GMT,02/26/2026 04:00:00 GMT,2026-02-25T21:21:13.000Z,2026-02-26T04:00:00.000Z,Sacramento Kings +14.0 Spread Sacramento Kings at Houston Rockets,,Basketball,NBA
c48a9033-8c5d-470a-a10b-103f42c0a90f,ProphetX,straight,SETTLED_WIN,1.899082568807339,1.8264462809917354,0.0398,35,31.47,02/25/2026 21:22:00 GMT,02/26/2026 03:30:00 GMT,2026-02-25T21:22:00.000Z,2026-02-26T03:30:00.000Z,over 219.0 Total Points Oklahoma City Thunder at Detroit Pistons,,Basketball,NBA
8087ba4e-d5f3-4acd-baeb-614009a5419a,ProphetX,straight,SETTLED_LOSS,1.9702970297029703,1.9523809523809523,0.0092,50,-50.00,02/25/2026 21:21:31 GMT,02/26/2026 03:30:00 GMT,2026-02-25T21:21:31.000Z,2026-02-26T03:30:00.000Z,Memphis Grizzlies +4.0 Spread Golden State Warriors at Memphis Grizzlies,,Basketball,NBA
639076515622456787,Draftkings Sportsbook,straight,SETTLED_WIN,2.7,2.35,0.1489,10,17.00,02/25/2026 21:26:01 GMT,02/26/2026 03:20:40 GMT,2026-02-25T21:26:01.887Z,2026-02-26T03:20:40.051Z,Over 2.5 Harrison Barnes Rebounds O/U SA Spurs @ TOR Raptors,,Basketball,NBA
639076514336381394,Draftkings Sportsbook,straight,SETTLED_WIN,1.7407407407407407,1.8,-0.0329,20,14.81,02/25/2026 21:23:53 GMT,02/26/2026 03:20:39 GMT,2026-02-25T21:23:53.384Z,2026-02-26T03:20:39.217Z,Under 5.5 Collin Murray-Boyles Rebounds O/U SA Spurs @ TOR Raptors,,Basketball,NBA
26080484000039921,Fanatics,straight,SETTLED_LOSS,2.19,1.9523809523809523,0.1217,10,-10.00,02/25/2026 21:24:48 GMT,02/26/2026 03:14:20 GMT,2026-02-25T21:24:48.978Z,2026-02-26T03:14:20.011Z,Over 3.5 Cason Wallace - Rebounds OU Oklahoma City Thunder at Detroit Pistons,,Basketball,NBA
26080484000049921,Fanatics,straight,SETTLED_LOSS,1.9523809523809523,1.9523809523809523,,10,-10.00,02/25/2026 21:24:52 GMT,02/26/2026 03:14:19 GMT,2026-02-25T21:24:52.638Z,2026-02-26T03:14:19.895Z,Over 3.5 Cason Wallace - Rebounds OU Oklahoma City Thunder at Detroit Pistons,,Basketball,NBA
019c96ac-466c-7733-ab65-da78e7c2a3d1,Novig,straight,SETTLED_LOSS,1.9408823202578065,1.99009900990099,-0.0247,44.995,-44.99,02/25/2026 21:20:04 GMT,02/26/2026 03:05:00 GMT,2026-02-25T21:20:04.233Z,2026-02-26T03:05:00.000Z,away +3.5 Spread Boston Celtics @ Denver Nuggets,,Basketball,NBA
019c95eb-5e9e-7452-9602-46b1398bff85,Novig,straight,SETTLED_WIN,2.320185614849188,2.2,0.0546,34.9972,46.20,02/25/2026 17:49:21 GMT,02/26/2026 02:00:00 GMT,2026-02-25T17:49:21.677Z,2026-02-26T02:00:00.000Z,away Moneyline LSU @ Ole Miss,,Basketball,NCAAM
019c96ad-0e9c-75bf-a509-2bd63bdee4ba,Novig,straight,SETTLED_WIN,1.9569471624266144,1.8928571428571428,0.0339,34.99839,33.49,02/25/2026 21:20:56 GMT,02/26/2026 01:05:00 GMT,2026-02-25T21:20:56.322Z,2026-02-26T01:05:00.000Z,Over 221.5 Total Sacramento Kings @ Houston Rockets,,Basketball,NBA
019c96af-f79f-77c0-bdb6-f0b91070179b,Novig,straight,SETTLED_WIN,1.7793594306049823,1.6666666666666665,0.0676,14.99978,11.69,02/25/2026 21:24:04 GMT,02/26/2026 00:35:00 GMT,2026-02-25T21:24:04.831Z,2026-02-26T00:35:00.000Z,Under 4.5 Moses Moody REBOUNDS Golden State Warriors @ Memphis Grizzlies,,Basketball,NBA
019c96b0-1d6b-7627-8d38-e8eb3bde56fa,Novig,straight,SETTLED_WIN,2.1459227467811157,2.08,0.0317,14.99588,17.18,02/25/2026 21:24:15 GMT,02/26/2026 00:35:00 GMT,2026-02-25T21:24:15.023Z,2026-02-26T00:35:00.000Z,Under 11.5 Victor Wembanyama REBOUNDS San Antonio Spurs @ Toronto Raptors,,Basketball,NBA
019c96ad-cdeb-7e5d-be5c-83ce53ca77fc,Novig,straight,SETTLED_WIN,1.9230769230769234,1.7462686567164178,0.1012,54.9952,50.76,02/25/2026 21:21:45 GMT,02/26/2026 00:35:00 GMT,2026-02-25T21:21:45.791Z,2026-02-26T00:35:00.000Z,home +7.5 Spread San Antonio Spurs @ Toronto Raptors,,Basketball,NBA
a903c0ff-d937-4333-a83d-346b0f361ea9,ProphetX,straight,SETTLED_LOSS,1.9423076923076925,1.8,0.0791,30,-30.00,02/24/2026 15:14:17 GMT,02/25/2026 06:00:00 GMT,2026-02-24T15:14:17.000Z,2026-02-25T06:00:00.000Z,under 236.5 Total Points Minnesota Timberwolves at Portland Trail Blazers,,Basketball,NBA
2853727c-dcb4-40a3-86ca-75b20c19a548,ProphetX,straight,SETTLED_LOSS,2.0584,1.9368834420737084,0.0627,25,-25.00,02/24/2026 15:14:49 GMT,02/25/2026 05:00:00 GMT,2026-02-24T15:14:49.000Z,2026-02-25T05:00:00.000Z,over 207.0 Total Points Boston Celtics at Phoenix Suns,,Basketball,NBA
fa546a58-70b4-4f6a-9e03-df6f6874fb07,ProphetX,straight,SETTLED_WIN,1.9158878504672896,1.9197960917587087,-0.0020,45,41.22,02/24/2026 15:15:46 GMT,02/25/2026 04:00:00 GMT,2026-02-24T15:15:46.000Z,2026-02-25T04:00:00.000Z,Milwaukee Bucks +6.5 Spread Miami Heat at Milwaukee Bucks,,Basketball,NBA
019c9036-8f5d-78da-b1dd-ba4753129199,Novig,straight,SETTLED_WIN,2.849002849002849,3.16,-0.0984,24.99822,46.22,02/24/2026 15:13:49 GMT,02/25/2026 03:35:00 GMT,2026-02-24T15:13:49.493Z,2026-02-25T03:35:00.000Z,Orlando Magic Moneyline Orlando Magic @ Los Angeles Lakers,,Basketball,NBA
23453a9e-d6f6-492f-8231-0864dc816ae8,ProphetX,straight,SETTLED_LOSS,2.0486000000000004,1.9523809523809523,0.0493,25,-25.00,02/24/2026 15:17:05 GMT,02/25/2026 03:30:00 GMT,2026-02-24T15:17:05.000Z,2026-02-25T03:30:00.000Z,Brooklyn Nets +1.5 Spread Dallas Mavericks at Brooklyn Nets,,Basketball,NBA
f75b5327-33f6-48e4-9748-96103292a443,ProphetX,straight,SETTLED_WIN,2.0094000000000003,1.9345794392523366,0.0387,35,35.33,02/24/2026 15:16:03 GMT,02/25/2026 03:30:00 GMT,2026-02-24T15:16:03.000Z,2026-02-25T03:30:00.000Z,over 217.0 Total Points Oklahoma City Thunder at Toronto Raptors,,Basketball,NBA
22d934a2-1cec-4a07-a424-0f780597520f,ProphetX,straight,SETTLED_LOSS,1.9333333333333336,1.9615384615384617,-0.0144,45,-45.00,02/24/2026 15:16:28 GMT,02/25/2026 03:30:00 GMT,2026-02-24T15:16:28.000Z,2026-02-25T03:30:00.000Z,Toronto Raptors Moneyline Oklahoma City Thunder at Toronto Raptors,,Basketball,NBA
019c9036-c7f5-74f1-a11a-b0a8ed8ddde5,Novig,straight,SETTLED_WIN,2.0202020202020203,1.925925925925926,0.0490,24.9975,25.50,02/24/2026 15:13:58 GMT,02/25/2026 03:05:00 GMT,2026-02-24T15:13:58.703Z,2026-02-25T03:05:00.000Z,home +6.5 Spread Minnesota Timberwolves @ Portland Trail Blazers,,Basketball,NBA
75fb2fef-9f65-4c14-9257-c76eb5ef3bfd,ProphetX,straight,SETTLED_LOSS,1.9996,2.09,-0.0433,35,-35.00,02/24/2026 15:17:23 GMT,02/25/2026 03:00:00 GMT,2026-02-24T15:17:23.000Z,2026-02-25T03:00:00.000Z,Indiana Pacers +10.0 Spread Philadelphia 76ers at Indiana Pacers,,Basketball,NBA
019c9037-3ea0-72a4-9445-435c0ee49904,Novig,straight,SETTLED_WIN,1.9250876033445148,2.1105264000000004,-0.0879,34.99581,32.37,02/24/2026 15:14:29 GMT,02/25/2026 02:05:00 GMT,2026-02-24T15:14:29.606Z,2026-02-25T02:05:00.000Z,away -6.5 Spread Boston Celtics @ Phoenix Suns,,Basketball,NBA
019c9037-bb36-78b7-a9b5-9047ad434aaa,Novig,straight,SETTLED_WIN,1.9960079840319362,1.9433962264150944,0.0271,34.99986,34.86,02/24/2026 15:15:01 GMT,02/25/2026 01:05:00 GMT,2026-02-24T15:15:01.772Z,2026-02-25T01:05:00.000Z,home +1.5 Spread Golden State Warriors @ New Orleans Pelicans,,Basketball,NBA
639074607868431161,Draftkings Sportsbook,straight,SETTLED_WIN,1.6711409395973154,1.5376344086021505,0.0868,18,12.08,02/23/2026 16:26:26 GMT,02/24/2026 04:48:45 GMT,2026-02-23T16:26:26.448Z,2026-02-24T04:48:45.660Z,Over 3.5 Ace Bailey Rebounds O/U UTA Jazz @ HOU Rockets,,Basketball,NBA
639074609058713319,Draftkings Sportsbook,straight,SETTLED_VOID,1.9615384615384617,,,15,0.00,02/23/2026 16:28:25 GMT,02/24/2026 03:37:55 GMT,2026-02-23T16:28:25.320Z,2026-02-24T03:37:55.637Z,16+ Keyonte George Points UTA Jazz @ HOU Rockets,,Basketball,NBA
639074608964724053,Draftkings Sportsbook,straight,SETTLED_LOSS,1.9090909090909092,1.9523809523809523,-0.0222,15,-15.00,02/23/2026 16:28:17 GMT,02/24/2026 03:35:19 GMT,2026-02-23T16:28:17.002Z,2026-02-24T03:35:19.500Z,Over 13.5 Malik Monk Points O/U SAC Kings @ MEM Grizzlies,,Basketball,NBA
639074542187008186,Draftkings Sportsbook,parlay,SETTLED_LOSS,7.2,6.709090909090909,0.0732,10,-10.00,02/23/2026 14:36:59 GMT,02/24/2026 03:10:00 GMT,2026-02-23T14:36:59.763Z,2026-02-24T03:10:00.000Z,DET Pistons +1.5 Spread Alternate SA Spurs @ DET Pistons | MEM Grizzlies -3.5 Spread SAC Kings @ MEM Grizzlies | UTA Jazz +13.5 Spread UTA Jazz @ HOU Rockets,,Basketball,NBA
639074608186910392,Draftkings Sportsbook,straight,SETTLED_LOSS,1.925925925925926,1.9523809523809523,-0.0136,15,-15.00,02/23/2026 16:26:57 GMT,02/24/2026 02:46:59 GMT,2026-02-23T16:26:57.551Z,2026-02-24T02:46:59.286Z,Under 10.5 Jalen Duren Rebounds O/U SA Spurs @ DET Pistons,,Basketball,NBA
019c8b51-fb51-7d70-a353-cb7fa6045adf,Novig,straight,SETTLED_LOSS,1.9569471624266146,1.9470167115902963,0.0051,44.64607,-44.65,02/23/2026 16:25:54 GMT,02/24/2026 02:35:00 GMT,2026-02-23T16:25:54.564Z,2026-02-24T02:35:00.000Z,away +13.5 Spread Utah Jazz @ Houston Rockets,,Basketball,NBA
639074607784257044,Draftkings Sportsbook,straight,SETTLED_VOID,2.21,,,13,0.00,02/23/2026 16:26:17 GMT,02/24/2026 01:10:17 GMT,2026-02-23T16:26:17.471Z,2026-02-24T01:10:17.867Z,Under 2.5 Ty Jerome Rebounds O/U SAC Kings @ MEM Grizzlies,,Basketball,NBA
019c8aed-df01-70bd-b9fe-66e5bd1ffa6a,Novig,straight,SETTLED_LOSS,1.8832391713747645,2.15,-0.1241,59.99769,-60.00,02/23/2026 14:36:15 GMT,02/24/2026 01:05:00 GMT,2026-02-23T14:36:15.100Z,2026-02-24T01:05:00.000Z,home -3.5 Spread Sacramento Kings @ Memphis Grizzlies,,Basketball,NBA
019c8b53-cbde-73d1-b078-31fa4b43477f,Novig,straight,SETTLED_LOSS,2.0080321285140563,2.05,-0.0205,14.99976,-15.00,02/23/2026 16:27:35 GMT,02/24/2026 00:05:00 GMT,2026-02-23T16:27:35.351Z,2026-02-24T00:05:00.000Z,Over 27.5 Cade Cunningham POINTS San Antonio Spurs @ Detroit Pistons,,Basketball,NBA
019c8b54-1b3b-738a-a76c-58387a85a53f,Novig,straight,SETTLED_LOSS,2.5,2.3899999999999997,0.0460,14,-14.00,02/23/2026 16:27:55 GMT,02/24/2026 00:05:00 GMT,2026-02-23T16:27:55.518Z,2026-02-24T00:05:00.000Z,Over 11.5 Dylan Harper POINTS San Antonio Spurs @ Detroit Pistons,,Basketball,NBA
019c8aed-bd72-7cff-833b-3beee62ac933,Novig,straight,SETTLED_LOSS,1.8115942028985508,1.7194244604316546,0.0536,59.99688,-60.00,02/23/2026 14:36:06 GMT,02/24/2026 00:05:00 GMT,2026-02-23T14:36:06.135Z,2026-02-24T00:05:00.000Z,home +1.5 Spread San Antonio Spurs @ Detroit Pistons,,Basketball,NBA
26072964000179805,Fanatics,straight,SETTLED_LOSS,1.6896551724137931,1.7142857142857144,-0.0144,40,-40.00,02/20/2026 16:04:46 GMT,02/23/2026 21:55:16 GMT,2026-02-20T16:04:46.381Z,2026-02-23T21:55:16.294Z,Yes Both Teams to Score Everton vs Man Utd,,Soccer,English Premier League
e71cc892-22c8-475d-a06b-e558c29e7285,ProphetX,straight,SETTLED_WIN,1.9702970297029705,1.970873786407767,-0.0003,35,33.96,02/22/2026 17:39:09 GMT,02/23/2026 05:00:00 GMT,2026-02-22T17:39:09.000Z,2026-02-23T05:00:00.000Z,over 215.0 Total Points Orlando Magic at Los Angeles Clippers,,Basketball,NBA
26075937000049921,Fanatics,straight,SETTLED_LOSS,1.9090909090909092,1.8771929824561404,0.0170,35,-35.00,02/22/2026 17:37:45 GMT,02/23/2026 02:26:31 GMT,2026-02-22T17:37:45.966Z,2026-02-23T02:26:31.935Z,Under 240.0 Total Points Philadelphia 76ers at Minnesota Timberwolves,,Basketball,NBA
019c866e-1aa5-752b-ae02-76484f929016,Novig,straight,SETTLED_LOSS,1.996007984031936,1.9955354455445544,0.0002,54.99978,-55.00,02/22/2026 17:38:23 GMT,02/23/2026 01:05:00 GMT,2026-02-22T17:38:23.926Z,2026-02-23T01:05:00.000Z,home +3.5 Spread Portland Trail Blazers @ Phoenix Suns,,Basketball,NBA
019c866e-cbd8-737c-93f3-714e6c432396,Novig,straight,SETTLED_LOSS,1.9960079840319362,1.7692307692307692,0.1282,34.99986,-35.00,02/22/2026 17:38:56 GMT,02/23/2026 01:05:00 GMT,2026-02-22T17:38:56.819Z,2026-02-23T01:05:00.000Z,Over 222.5 Total Portland Trail Blazers @ Phoenix Suns,,Basketball,NBA
9a467951-0dda-4782-9b47-501e5c065d75,ProphetX,straight,SETTLED_LOSS,1.9607843137254903,1.847457627118644,0.0613,55,-55.00,02/22/2026 17:35:58 GMT,02/23/2026 00:31:57 GMT,2026-02-22T17:35:58.000Z,2026-02-23T00:31:57.771Z,Indiana Pacers +2.0 Spread Dallas Mavericks at Indiana Pacers,,Basketball,NBA
019c866c-baee-733b-a590-20aeafad30dc,Novig,straight,SETTLED_LOSS,2.100840336134454,2.02,0.0400,54.99704,-55.00,02/22/2026 17:37:04 GMT,02/23/2026 00:05:00 GMT,2026-02-22T17:37:04.575Z,2026-02-23T00:05:00.000Z,home -9.5 Spread Philadelphia 76ers @ Minnesota Timberwolves,,Basketball,NBA
019c866c-5af3-730e-998c-42b519a40f20,Novig,straight,SETTLED_WIN,1.86218858977669,1.9523809523809523,-0.0462,54.9998,47.42,02/22/2026 17:36:26 GMT,02/22/2026 23:35:00 GMT,2026-02-22T17:36:26.045Z,2026-02-22T23:35:00.000Z,Boston Celtics Moneyline Boston Celtics @ Los Angeles Lakers,,Basketball,NBA
42f8a81b-5209-41a8-941b-d57ea068f845,ProphetX,straight,SETTLED_WIN,2.0976,2.02,0.0384,55,60.37,02/22/2026 17:35:10 GMT,02/22/2026 23:30:00 GMT,2026-02-22T17:35:10.000Z,2026-02-22T23:30:00.000Z,Golden State Warriors +6.0 Spread Denver Nuggets at Golden State Warriors,,Basketball,NBA
26075934000029921,Fanatics,straight,SETTLED_LOSS,2.08,2.0300000000000002,0.0246,25,-25.00,02/22/2026 17:34:46 GMT,02/22/2026 23:01:49 GMT,2026-02-22T17:34:46.012Z,2026-02-22T23:01:49.601Z,Over 219.0 Total Points Toronto Raptors at Milwaukee Bucks,,Basketball,NBA
2adc5a90-0e76-11f1-87f0-d7de97f56c25,Caesars Sportsbook,straight,SETTLED_WIN,1.95238,1.819672131147541,0.0729,35,33.33,02/20/2026 16:06:51 GMT,02/22/2026 17:54:16 GMT,2026-02-20T16:06:51.321Z,2026-02-22T17:54:16.560Z,Yes Both Teams To Score St. Pauli vs Werder Bremen,,Soccer,Bundesliga
O/0003172/0004101,Fanduel Sportsbook,straight,SETTLED_WIN,1.8620689655172413,2.02,-0.0782,35,30.17,02/20/2026 16:03:11 GMT,02/22/2026 15:59:06 GMT,2026-02-20T16:03:11.000Z,2026-02-22T15:59:06.000Z,No Both Teams To Score Crystal Palace v Wolves,,Soccer,English Premier League
20FFB8RUGL,BetMGM,straight,SETTLED_LOSS,2.2,2.1,0.0476,10,-10.00,02/21/2026 15:04:48 GMT,02/22/2026 04:40:00 GMT,2026-02-21T15:04:48.143Z,2026-02-22T04:40:00.000Z,Over 4.5 OG Anunoby (NYK): Rebounds Houston Rockets at New York Knicks,,Basketball,NBA
O/0003172/0004102,Fanduel Sportsbook,straight,SETTLED_LOSS,1.925925925925926,1.7142857142857144,0.1235,35,-35.00,02/21/2026 14:55:06 GMT,02/22/2026 04:11:50 GMT,2026-02-21T14:55:06.000Z,2026-02-22T04:11:50.000Z,Over 217.5 Total Points Houston Rockets @ New York Knicks,,Basketball,NBA
20FFB8PF69,BetMGM,straight,SETTLED_LOSS,2.1,2.12,-0.0094,15,-15.00,02/21/2026 15:04:20 GMT,02/22/2026 04:10:00 GMT,2026-02-21T15:04:20.627Z,2026-02-22T04:10:00.000Z,Over 3.5 Devin Vassell (SAS) : Rebounds Sacramento Kings at San Antonio Spurs,,Basketball,NBA
6159ef4e-bf47-40e1-8b89-39e6dd33bf2a,ProphetX,straight,SETTLED_WIN,2.188,1.7692307692307692,0.2367,10,11.88,02/21/2026 15:06:25 GMT,02/22/2026 04:00:00 GMT,2026-02-21T15:06:25.000Z,2026-02-22T04:00:00.000Z,over 16.5 Ty Jerome Points Memphis Grizzlies at Miami Heat,,Basketball,NBA
b658ad94-f16a-4a99-bb9b-a81e5435ef04,ProphetX,straight,SETTLED_LOSS,2.1384999999999996,2.26,-0.0538,15,-15.00,02/21/2026 15:03:37 GMT,02/22/2026 04:00:00 GMT,2026-02-21T15:03:37.000Z,2026-02-22T04:00:00.000Z,over 2.5 DeMar DeRozan Rebounds Sacramento Kings at San Antonio Spurs,,Basketball,NBA
639072831133621604,Draftkings Sportsbook,straight,SETTLED_LOSS,1.819672131147541,1.847457627118644,-0.0150,15,-15.00,02/21/2026 15:05:12 GMT,02/22/2026 03:54:03 GMT,2026-02-21T15:05:12.829Z,2026-02-22T03:54:03.488Z,Over 11.5 Russell Westbrook Points O/U SAC Kings @ SA Spurs,,Basketball,NBA
639072828913597137,Draftkings Sportsbook,straight,SETTLED_WIN,1.8130081300813008,1.7692307692307692,0.0247,15,12.19,02/21/2026 15:01:29 GMT,02/22/2026 03:43:54 GMT,2026-02-21T15:01:29.728Z,2026-02-22T03:43:54.143Z,Under 3.5 Norman Powell Rebounds O/U MEM Grizzlies @ MIA Heat,,Basketball,NBA
639072830273663050,Draftkings Sportsbook,straight,SETTLED_WIN,1.6622516556291391,1.6896551724137931,-0.0162,20,13.24,02/21/2026 15:03:48 GMT,02/22/2026 03:33:46 GMT,2026-02-21T15:03:48.376Z,2026-02-22T03:33:46.659Z,Over 4.5 Tobias Harris Rebounds O/U DET Pistons @ CHI Bulls,,Basketball,NBA
26074334000039805,Fanatics,straight,SETTLED_LOSS,1.8,2.09,-0.1388,20,-20.00,02/21/2026 14:54:08 GMT,02/22/2026 03:28:46 GMT,2026-02-21T14:54:08.092Z,2026-02-22T03:28:46.719Z,Memphis Grizzlies +11.0 Spread Memphis Grizzlies at Miami Heat,,Basketball,NBA
26074333000189905,Fanatics,straight,SETTLED_LOSS,2,2.09,-0.0431,25,-25.00,02/21/2026 14:53:59 GMT,02/22/2026 03:28:46 GMT,2026-02-21T14:53:59.988Z,2026-02-22T03:28:46.106Z,Memphis Grizzlies +11.0 Spread Memphis Grizzlies at Miami Heat,,Basketball,NBA
20FFB7L6G4,BetMGM,straight,SETTLED_WIN,2.04,1.6666666666666665,0.2240,20,20.91,02/21/2026 15:03:20 GMT,02/22/2026 03:10:00 GMT,2026-02-21T15:03:20.783Z,2026-02-22T03:10:00.000Z,Under 6.5 Zion Williamson (NOP): Rebounds Philadelphia 76ers at New Orleans Pelicans,,Basketball,NBA
20FFAXH8TE,BetMGM,straight,SETTLED_LOSS,1.425531914893617,1.4166666666666667,0.0063,55,-55.00,02/21/2026 14:53:20 GMT,02/22/2026 03:10:00 GMT,2026-02-21T14:53:20.260Z,2026-02-22T03:10:00.000Z,Philadelphia 76ers +3.5 Spread Philadelphia 76ers at New Orleans Pelicans,,Basketball,NBA
639072828986135728,Draftkings Sportsbook,straight,SETTLED_LOSS,1.900900900900901,1.9615384615384617,-0.0309,15,-15.00,02/21/2026 15:01:38 GMT,02/22/2026 03:00:05 GMT,2026-02-21T15:01:38.418Z,2026-02-22T03:00:05.857Z,Under 10.5 Jalen Duren Rebounds O/U DET Pistons @ CHI Bulls,,Basketball,NBA
1a57db43-d634-4060-ac91-458f6b33c0ea,ProphetX,straight,SETTLED_LOSS,1.8389830508474576,1.847457627118644,-0.0046,15,-15.00,02/21/2026 15:04:03 GMT,02/22/2026 03:00:00 GMT,2026-02-21T15:04:03.000Z,2026-02-22T03:00:00.000Z,over 5.5 Saddiq Bey Rebounds Philadelphia 76ers at New Orleans Pelicans,,Basketball,NBA
639072831715395003,Draftkings Sportsbook,straight,SETTLED_WIN,1.970873786407767,2.2800000000000002,-0.1356,15,14.56,02/21/2026 15:06:10 GMT,02/22/2026 02:54:17 GMT,2026-02-21T15:06:10.304Z,2026-02-22T02:54:17.633Z,9+ Harrison Barnes Points SAC Kings @ SA Spurs,,Basketball,NBA
639072830758618949,Draftkings Sportsbook,straight,SETTLED_LOSS,2.09,1.8695652173913042,0.1179,15,-15.00,02/21/2026 15:04:34 GMT,02/22/2026 02:53:33 GMT,2026-02-21T15:04:34.605Z,2026-02-22T02:53:33.867Z,Under 7.5 Derik Queen Rebounds O/U PHI 76ers @ NO Pelicans,,Basketball,NBA
019c80be-32c7-782e-b7cd-96373dc0f950,Novig,straight,SETTLED_LOSS,2.159827213822894,2.4,-0.1001,11.99633,-12.00,02/21/2026 15:07:59 GMT,02/22/2026 02:30:00 GMT,2026-02-21T15:07:59.515Z,2026-02-22T02:30:00.000Z,Montana Moneyline Montana @ Weber State,,Basketball,NCAAM
PlacedBet:GOCTzGoZBCI8HS0eYRYUeyIPia8=,theScore Bet,straight,SETTLED_LOSS,2.4,2.85,-0.1579,12,-12.00,02/21/2026 15:07:44 GMT,02/22/2026 01:42:33 GMT,2026-02-21T15:07:44.416Z,2026-02-22T01:42:33.859Z,Prairie View Moneyline Prairie View A&M Panthers @ Arkansas-Pine Bluff Golden Lions,,Basketball,NCAAM
019c80b1-ea81-7165-b564-73d81fb6ec59,Novig,straight,SETTLED_LOSS,1.9882783381665237,1.9523809523809523,0.0184,49.99803,-50.00,02/21/2026 14:54:36 GMT,02/22/2026 01:35:00 GMT,2026-02-21T14:54:36.374Z,2026-02-22T01:35:00.000Z,NYK -3.5 Spread Houston Rockets @ New York Knicks,,Basketball,NBA
20FFB9UHC5,BetMGM,straight,SETTLED_LOSS,1.8695652173913042,1.9090909090909092,-0.0207,15,-15.00,02/21/2026 15:05:42 GMT,02/22/2026 01:10:00 GMT,2026-02-21T15:05:42.960Z,2026-02-22T01:10:00.000Z,Under 22.5 Paolo Banchero (ORL) : Points Orlando Magic at Phoenix Suns,,Basketball,NBA
019c80b9-ae79-72a3-ac08-5e28054846e3,Novig,straight,SETTLED_LOSS,1.941747572815534,2.02,-0.0387,14.9968,-15.00,02/21/2026 15:03:02 GMT,02/22/2026 01:05:00 GMT,2026-02-21T15:03:02.973Z,2026-02-22T01:05:00.000Z,Over 7.5 Jalen Smith REBOUNDS Detroit Pistons @ Chicago Bulls,,Basketball,NBA
019c80b8-1190-7297-9104-eab417dd992d,Novig,straight,SETTLED_WIN,1.7761989342806395,1.7633587786259541,0.0073,14.99832,11.64,02/21/2026 15:01:17 GMT,02/22/2026 01:05:00 GMT,2026-02-21T15:01:17.508Z,2026-02-22T01:05:00.000Z,Under 4.5 Devin Carter REBOUNDS Sacramento Kings @ San Antonio Spurs,,Basketball,NBA
019c80bc-463d-7cc7-b737-09b88800d4f5,Novig,straight,SETTLED_WIN,2.0491803278688523,2.06,-0.0053,9.99912,10.49,02/21/2026 15:05:51 GMT,02/22/2026 01:05:00 GMT,2026-02-21T15:05:51.806Z,2026-02-22T01:05:00.000Z,Over 15.5 Stephon Castle POINTS Sacramento Kings @ San Antonio Spurs,,Basketball,NBA
019c80b1-bc08-7c1e-8c65-42f0f64bc519,Novig,straight,SETTLED_WIN,1.9435022020802255,1.9174311926605505,0.0136,44.996089999999995,42.45,02/21/2026 14:54:23 GMT,02/22/2026 01:05:00 GMT,2026-02-21T14:54:23.859Z,2026-02-22T01:05:00.000Z,away +18.5 Spread Sacramento Kings @ San Antonio Spurs,,Basketball,NBA
639072825708671609,Draftkings Sportsbook,parlay,SETTLED_LOSS,11.68,10.618280632411068,0.1000,7,-7.00,02/21/2026 14:56:09 GMT,02/22/2026 01:01:10 GMT,2026-02-21T14:56:09.563Z,2026-02-22T01:01:10.789Z,ORL Magic +1.5 Spread ORL Magic @ PHO Suns | NY Knicks -3.5 Spread HOU Rockets @ NY Knicks | SAC Kings +18.5 Spread SAC Kings @ SA Spurs | PHI 76ers +3.5 Spread Alternate PHI 76ers @ NO Pelicans,,Basketball,NBA
d5f965be-5254-42d5-a82b-e705d140fd12,ProphetX,straight,SETTLED_LOSS,2.0094000000000003,2.2044143999999997,-0.0885,47.5,-47.50,02/21/2026 14:52:26 GMT,02/22/2026 01:00:00 GMT,2026-02-21T14:52:26.000Z,2026-02-22T01:00:00.000Z,Orlando Magic +1.5 Spread Orlando Magic at Phoenix Suns,,Basketball,NBA
PlacedBet:tnpA0jb16IohlsN1XzoEjX4Oc0w=,theScore Bet,straight,SETTLED_WIN,2.15,2.62,-0.1794,12,13.80,02/21/2026 15:08:27 GMT,02/22/2026 00:51:01 GMT,2026-02-21T15:08:27.257Z,2026-02-22T00:51:01.994Z,Incarnate Word Moneyline Incarnate Word Cardinals @ East Texas A&M Lions,,Basketball,NCAAM
20FFB9TK8N,BetMGM,straight,SETTLED_WIN,1.847457627118644,2.05,-0.0988,10,8.47,02/21/2026 15:05:23 GMT,02/22/2026 00:31:43 GMT,2026-02-21T15:05:23.650Z,2026-02-22T00:31:43.190Z,Over 5.5 Oso Ighodaro (PHX): Points Orlando Magic at Phoenix Suns,,Basketball,NBA
20FFB6JE39,BetMGM,straight,SETTLED_LOSS,2.15,2.12,0.0142,15,-15.00,02/21/2026 15:02:53 GMT,02/22/2026 00:31:43 GMT,2026-02-21T15:02:53.023Z,2026-02-22T00:31:43.190Z,Under 2.5 Grayson Allen (PHX) : Rebounds Orlando Magic at Phoenix Suns,,Basketball,NBA
b2501780-0f36-11f1-9e7a-23062f78b98c,Caesars Sportsbook,straight,SETTLED_LOSS,2.17,2.15,0.0093,15,-15.00,02/21/2026 15:05:01 GMT,02/21/2026 23:46:00 GMT,2026-02-21T15:05:01.944Z,2026-02-21T23:46:00.631Z,Under 4.5 Jordan Goodwin - Total Rebounds Orlando Magic at Phoenix Suns,,Basketball,NBA
O/0003172/0004103,Fanduel Sportsbook,straight,SETTLED_LOSS,2.26,2.2800000000000002,-0.0088,12,-12.00,02/21/2026 15:07:31 GMT,02/21/2026 23:34:32 GMT,2026-02-21T15:07:31.000Z,2026-02-21T23:34:32.000Z,Houston Christian Moneyline Houston Christian @ NW State,,Basketball,NCAAM
019c80af-b38d-75fd-bd76-157c8bd54c3e,Novig,straight,SETTLED_WIN,1.9899536487103164,2.0700000000000003,-0.0387,34.99579,34.64,02/21/2026 14:52:08 GMT,02/21/2026 22:05:00 GMT,2026-02-21T14:52:08.809Z,2026-02-21T22:05:00.000Z,Over 219.5 Total Orlando Magic @ Phoenix Suns,,Basketball,NBA
019c80be-c329-7043-93ca-b19dcf987bd8,Novig,straight,SETTLED_LOSS,2.0833333333333335,2.23,-0.0658,12,-12.00,02/21/2026 15:08:41 GMT,02/21/2026 21:30:00 GMT,2026-02-21T15:08:41.033Z,2026-02-21T21:30:00.000Z,Radford Moneyline Radford @ UNC Asheville,,Basketball,NCAAM
O/0003172/0004085,Fanduel Sportsbook,straight,SETTLED_WIN,1.7194244604316546,1.5714285714285714,0.0942,10,7.20,02/12/2026 15:17:46 GMT,02/21/2026 20:23:08 GMT,2026-02-12T15:17:46.000Z,2026-02-21T20:23:08.000Z,Yes Both Teams To Score Man City v Newcastle,,Soccer,English Premier League
O/0003172/0004087,Fanduel Sportsbook,straight,SETTLED_WIN,1.5952380952380953,1.5714285714285714,0.0152,29,17.26,02/12/2026 15:17:58 GMT,02/21/2026 20:23:07 GMT,2026-02-12T15:17:58.000Z,2026-02-21T20:23:07.000Z,Yes Both Teams To Score Man City v Newcastle,,Soccer,English Premier League
O/0003172/0004086,Fanduel Sportsbook,straight,SETTLED_WIN,1.7194244604316546,1.5714285714285714,0.0942,10,7.20,02/12/2026 15:17:53 GMT,02/21/2026 20:23:05 GMT,2026-02-12T15:17:53.000Z,2026-02-21T20:23:05.000Z,Yes Both Teams To Score Man City v Newcastle,,Soccer,English Premier League
26061396000059805,Fanatics,straight,SETTLED_LOSS,1.4761904761904763,1.505058775510204,-0.0192,50,-50.00,02/12/2026 15:16:23 GMT,02/21/2026 19:24:17 GMT,2026-02-12T15:16:23.686Z,2026-02-21T19:24:17.462Z,Yes Both Teams to Score West Ham vs Bournemouth,,Soccer,English Premier League
019c80be-7ce3-75d2-b9a5-192153821484,Novig,straight,SETTLED_LOSS,2.257336343115124,2.3,-0.0185,11.99644,-12.00,02/21/2026 15:08:17 GMT,02/21/2026 19:00:00 GMT,2026-02-21T15:08:17.061Z,2026-02-21T19:00:00.000Z,Notre Dame Moneyline Notre Dame @ Pittsburgh,,Basketball,NCAAM
019c80be-5c2b-74cd-86ee-9e5c2760db76,Novig,straight,SETTLED_LOSS,2.0964360587002098,1.9090909090909092,0.0981,11.99655,-12.00,02/21/2026 15:08:07 GMT,02/21/2026 18:00:00 GMT,2026-02-21T15:08:07.813Z,2026-02-21T18:00:00.000Z,Mississippi State Moneyline Mississippi State @ South Carolina,,Basketball,NCAAM
20FE02MLYG,BetMGM,straight,SETTLED_WIN,2.05,2,0.0250,20,21.00,02/20/2026 16:02:53 GMT,02/21/2026 18:00:00 GMT,2026-02-20T16:02:53.807Z,2026-02-21T18:00:00.000Z,Yes Both teams to score Chelsea - Burnley,,Soccer,English Premier League
26061391000119905,Fanatics,straight,SETTLED_LOSS,1.625,1.6666666666666665,-0.0250,50,-50.00,02/12/2026 15:11:29 GMT,02/21/2026 16:58:24 GMT,2026-02-12T15:11:29.525Z,2026-02-21T16:58:24.508Z,Yes Both Teams to Score Brentford vs Brighton,,Soccer,English Premier League
26061391000129905,Fanatics,straight,SETTLED_WIN,1.7692307692307692,1.7407407407407407,0.0164,40,30.77,02/12/2026 15:11:42 GMT,02/21/2026 16:50:35 GMT,2026-02-12T15:11:42.107Z,2026-02-21T16:50:35.666Z,Yes Both Teams to Score Aston Villa vs Leeds,,Soccer,English Premier League
639072003910272826,Draftkings Sportsbook,straight,SETTLED_WIN,2.15,2.1,0.0238,25,28.75,02/20/2026 16:06:30 GMT,02/21/2026 16:27:35 GMT,2026-02-20T16:06:30.052Z,2026-02-21T16:27:35.918Z,No Both Teams to Score Union Berlin vs Leverkusen,,Soccer,Bundesliga
26072966000129905,Fanatics,straight,SETTLED_WIN,1.7692307692307692,1.7692307692307692,,50,38.46,02/20/2026 16:06:42 GMT,02/21/2026 16:10:07 GMT,2026-02-20T16:06:42.662Z,2026-02-21T16:10:07.035Z,Yes Both Teams to Score Bayern Munich vs Eintracht Frankfurt,,Soccer,Bundesliga
26072965000049905,Fanatics,straight,SETTLED_WIN,1.5555555555555556,1.526315789473684,0.0192,50,27.78,02/20/2026 16:05:15 GMT,02/21/2026 15:15:46 GMT,2026-02-20T16:05:15.255Z,2026-02-21T15:15:46.339Z,Yes Both Teams to Score FC Koln vs Hoffenheim,,Soccer,Bundesliga
20FDZP3YBS,BetMGM,straight,SETTLED_LOSS,1.7692307692307692,1.847457627118644,-0.0423,20,-20.00,02/20/2026 15:51:48 GMT,02/21/2026 06:10:00 GMT,2026-02-20T15:51:48.530Z,2026-02-21T06:10:00.000Z,Under 4.5 Austin Reaves (LAL) : Rebounds Los Angeles Clippers at Los Angeles Lakers,,Basketball,NBA
20FDZU9Z5H,BetMGM,straight,SETTLED_LOSS,1.9523809523809523,1.925925925925926,0.0137,10,-10.00,02/20/2026 15:55:55 GMT,02/21/2026 06:10:00 GMT,2026-02-20T15:55:55.090Z,2026-02-21T06:10:00.000Z,Over 8.5 Bruce Brown Jr. (DEN): Points Denver Nuggets at Portland Trail Blazers,,Basketball,NBA
20FDZU9KMC,BetMGM,straight,SETTLED_LOSS,1.7692307692307692,1.7633587786259541,0.0033,12,-12.00,02/20/2026 15:55:38 GMT,02/21/2026 06:10:00 GMT,2026-02-20T15:55:38.303Z,2026-02-21T06:10:00.000Z,Over 11.5 Scoot Henderson (POR): Points Denver Nuggets at Portland Trail Blazers,,Basketball,NBA
7f6971d1-c6ea-49f5-bdba-cd120bcfd207,ProphetX,straight,SETTLED_WIN,1.99,1.8928571428571428,0.0513,10,9.90,02/20/2026 15:56:35 GMT,02/21/2026 06:00:00 GMT,2026-02-20T15:56:35.000Z,2026-02-21T06:00:00.000Z,over 10.5 Julian Strawther Points Denver Nuggets at Portland Trail Blazers,,Basketball,NBA
5cd74422-0ec7-41dc-8ff2-0fb64ed31203,ProphetX,straight,SETTLED_LOSS,2.2348,2.1,0.0642,35,-35.00,02/20/2026 15:49:24 GMT,02/21/2026 06:00:00 GMT,2026-02-20T15:49:24.000Z,2026-02-21T06:00:00.000Z,under 239.0 Total Points Denver Nuggets at Portland Trail Blazers,,Basketball,NBA
76c986fa-de0c-48b6-bb2f-abd01b98b9da,ProphetX,straight,SETTLED_WIN,1.8032786885245902,1.6756756756756757,0.0762,35,28.12,02/20/2026 15:49:00 GMT,02/21/2026 06:00:00 GMT,2026-02-20T15:49:00.000Z,2026-02-21T06:00:00.000Z,over 224.0 Total Points Los Angeles Clippers at Los Angeles Lakers,,Basketball,NBA
639071997066684435,Draftkings Sportsbook,straight,SETTLED_WIN,1.970873786407767,1.8064516129032258,0.0910,15,14.56,02/20/2026 15:55:06 GMT,02/21/2026 05:52:06 GMT,2026-02-20T15:55:06.669Z,2026-02-21T05:52:06.384Z,3+ Julian Strawther Rebounds DEN Nuggets @ POR Trail Blazers,,Basketball,NBA
639071999649331379,Draftkings Sportsbook,parlay,SETTLED_LOSS,10.33,8.283673469387754,0.2470,5,-5.00,02/20/2026 15:59:23 GMT,02/21/2026 03:50:51 GMT,2026-02-20T15:59:23.793Z,2026-02-21T03:50:51.280Z,Yes Rudy Gobert Double-Double DAL Mavericks @ MIN Timberwolves | Yes Chet Holmgren Double-Double BKN Nets @ OKC Thunder | Yes Jalen Johnson Double-Double MIA Heat @ ATL Hawks | Yes Nikola Jokic Double-Double DEN Nuggets @ POR Trail Blazers,,Basketball,NBA
PlacedBet:AU2sFDYr43DumKO4IImZIp7rKII=,theScore Bet,straight,SETTLED_LOSS,1.9523809523809523,2.6399999999999997,-0.2605,13,-13.00,02/20/2026 15:56:23 GMT,02/21/2026 03:37:11 GMT,2026-02-20T15:56:23.373Z,2026-02-21T03:37:11.736Z,Over 15.5 Isaiah Joe Total Points Brooklyn Nets @ Oklahoma City Thunder,,Basketball,NBA
639071994537576771,Draftkings Sportsbook,straight,SETTLED_WIN,1.819672131147541,2,-0.0902,20,16.39,02/20/2026 15:50:54 GMT,02/21/2026 03:30:31 GMT,2026-02-20T15:50:54.668Z,2026-02-21T03:30:31.954Z,Under 6.5 Zion Williamson Rebounds O/U MIL Bucks @ NO Pelicans,,Basketball,NBA
20FDZLY4PJ,BetMGM,straight,SETTLED_WIN,1.8,1.7462686567164178,0.0308,35,28.00,02/20/2026 15:48:27 GMT,02/21/2026 03:07:21 GMT,2026-02-20T15:48:27.537Z,2026-02-21T03:07:21.582Z,Over 221.5 Totals Milwaukee Bucks at New Orleans Pelicans,,Basketball,NBA
20FDZS72DK,BetMGM,straight,SETTLED_LOSS,1.9523809523809523,1.7407407407407407,0.1216,15,-15.00,02/20/2026 15:53:50 GMT,02/21/2026 03:07:21 GMT,2026-02-20T15:53:50.340Z,2026-02-21T03:07:21.581Z,Under 4.5 Noah Clowney (BKN): Rebounds Brooklyn Nets at Oklahoma City Thunder,,Basketball,NBA
20FDZR5NTE,BetMGM,straight,SETTLED_WIN,1.9090909090909092,1.5050505050505052,0.2685,15,13.64,02/20/2026 15:52:53 GMT,02/21/2026 03:07:21 GMT,2026-02-20T15:52:53.677Z,2026-02-21T03:07:21.581Z,Over 3.5 Dean Wade (CLE) : Rebounds Cleveland Cavaliers at Charlotte Hornets,,Basketball,NBA
20FDZU9B1D,BetMGM,straight,SETTLED_WIN,1.9090909090909092,1.9523809523809523,-0.0222,10,9.09,02/20/2026 15:55:26 GMT,02/21/2026 03:07:21 GMT,2026-02-20T15:55:26.157Z,2026-02-21T03:07:21.580Z,Over 13.5 Kyle Kuzma (MIL): Points Milwaukee Bucks at New Orleans Pelicans,,Basketball,NBA
20FDZWABY0,BetMGM,straight,SETTLED_WIN,2.05,1.8333333333333335,0.1182,15,15.75,02/20/2026 15:56:08 GMT,02/21/2026 03:07:21 GMT,2026-02-20T15:56:08.683Z,2026-02-21T03:07:21.580Z,Over 5.5 Dean Wade (CLE) : Points Cleveland Cavaliers at Charlotte Hornets,,Basketball,NBA
e9d6e7b0-c9c7-4f9b-b2ea-1e4829e7febb,ProphetX,straight,SETTLED_LOSS,1.98,1.9174311926605505,0.0326,47,-47.00,02/20/2026 15:47:22 GMT,02/21/2026 03:07:10 GMT,2026-02-20T15:47:22.000Z,2026-02-21T03:07:10.448Z,Atlanta Hawks +3.5 Spread Miami Heat at Atlanta Hawks,,Basketball,NBA
60cea6ca-cc8d-49cb-9b19-08da7e325659,ProphetX,straight,SETTLED_WIN,2.1172000000000004,2.1100000000000003,0.0034,35,39.10,02/20/2026 15:47:34 GMT,02/21/2026 03:07:10 GMT,2026-02-20T15:47:34.000Z,2026-02-21T03:07:10.442Z,under 238.0 Total Points Dallas Mavericks at Minnesota Timberwolves,,Basketball,NBA
019c7bbd-90c8-74b4-892d-4fb3f497e114,Novig,straight,SETTLED_LOSS,2.079002079002079,2.05,0.0141,44.99755,-45.00,02/20/2026 15:49:13 GMT,02/21/2026 03:05:00 GMT,2026-02-20T15:49:13.119Z,2026-02-21T03:05:00.000Z,Portland Trail Blazers Moneyline Denver Nuggets @ Portland Trail Blazers,,Basketball,NBA
639071997468292065,Draftkings Sportsbook,straight,SETTLED_WIN,1.8771929824561404,1.8333333333333335,0.0239,10,8.77,02/20/2026 15:55:45 GMT,02/21/2026 03:00:25 GMT,2026-02-20T15:55:45.566Z,2026-02-21T03:00:25.833Z,Under 21.5 Norman Powell Points O/U MIA Heat @ ATL Hawks,,Basketball,NBA
639071996395595389,Draftkings Sportsbook,straight,SETTLED_WIN,1.8064516129032258,2.1399999999999997,-0.1559,17,13.70,02/20/2026 15:54:00 GMT,02/21/2026 03:00:25 GMT,2026-02-20T15:54:00.050Z,2026-02-21T03:00:25.704Z,4+ Zaccharie Risacher Rebounds MIA Heat @ ATL Hawks,,Basketball,NBA
6232d1f5-f060-4f9b-af22-af38250caa5a,ProphetX,straight,SETTLED_WIN,1.9607843137254903,1.8695652173913042,0.0488,35,33.62,02/20/2026 15:46:59 GMT,02/21/2026 03:00:00 GMT,2026-02-20T15:46:59.000Z,2026-02-21T03:00:00.000Z,under 238.0 Total Points Utah Jazz at Memphis Grizzlies,,Basketball,NBA
09ac2a53-b484-4dfa-8eac-1bfe6cae1aab,ProphetX,straight,SETTLED_WIN,2.0192,1.925925925925926,0.0484,45,45.86,02/20/2026 15:46:30 GMT,02/21/2026 03:00:00 GMT,2026-02-20T15:46:30.000Z,2026-02-21T03:00:00.000Z,Charlotte Hornets +6.0 Spread Cleveland Cavaliers at Charlotte Hornets,,Basketball,NBA
O/0003172/0004099,Fanduel Sportsbook,straight,SETTLED_WIN,2.08,2,0.0400,15,16.20,02/20/2026 15:54:17 GMT,02/21/2026 02:49:43 GMT,2026-02-20T15:54:17.000Z,2026-02-21T02:49:43.000Z,Norman Powell Under 3.5 Norman Powell - Rebounds Miami Heat @ Atlanta Hawks,,Basketball,NBA
O/0003172/0004098,Fanduel Sportsbook,straight,SETTLED_LOSS,1.925925925925926,2.02,-0.0466,15,-15.00,02/20/2026 15:53:31 GMT,02/21/2026 02:39:40 GMT,2026-02-20T15:53:31.000Z,2026-02-21T02:39:40.000Z,Derik Queen Under 7.5 Derik Queen - Rebounds Milwaukee Bucks @ New Orleans Pelicans,,Basketball,NBA
3fd40210-0e74-11f1-882a-b71cecb61201,Caesars Sportsbook,straight,SETTLED_WIN,1.92593,2.15,-0.1042,15,13.89,02/20/2026 15:53:07 GMT,02/21/2026 02:34:43 GMT,2026-02-20T15:53:07.505Z,2026-02-21T02:34:43.125Z,Under 3.5 Isaiah Collier - Total Rebounds Utah Jazz at Memphis Grizzlies,,Basketball,NBA
639071995320807145,Draftkings Sportsbook,straight,SETTLED_LOSS,1.925925925925926,1.900900900900901,0.0132,13,-13.00,02/20/2026 15:52:11 GMT,02/21/2026 02:18:55 GMT,2026-02-20T15:52:11.277Z,2026-02-21T02:18:55.670Z,Under 11.5 Rudy Gobert Rebounds O/U DAL Mavericks @ MIN Timberwolves,,Basketball,NBA
O/0003172/0004097,Fanduel Sportsbook,parlay,SETTLED_WIN,4.96,4.059059487298053,0.2220,5,19.81,02/19/2026 15:49:09 GMT,02/21/2026 01:54:47 GMT,2026-02-19T15:49:09.000Z,2026-02-21T01:54:47.000Z,Jalen Johnson To Record A Double Double Atlanta Hawks @ Philadelphia 76ers | Karl-Anthony Towns To Record A Double Double Detroit Pistons @ New York Knicks | Rudy Gobert To Record A Double Double Dallas Mavericks @ Minnesota Timberwolves,,Basketball,NBA
019c7bbd-39a1-7a4e-80b1-a00745726708,Novig,straight,SETTLED_LOSS,1.9960079840319362,1.7194244604316546,0.1609,34.99986,-35.00,02/20/2026 15:48:48 GMT,02/21/2026 01:05:00 GMT,2026-02-20T15:48:48.168Z,2026-02-21T01:05:00.000Z,Over 212.5 Total Brooklyn Nets @ Oklahoma City Thunder,,Basketball,NBA
019c7bbc-3f28-7f40-b279-e6fe1574b211,Novig,straight,SETTLED_WIN,2.5218326976898613,2.58,-0.0225,44.999019999999994,68.48,02/20/2026 15:47:47 GMT,02/21/2026 01:05:00 GMT,2026-02-20T15:47:47.069Z,2026-02-21T01:05:00.000Z,Milwaukee Bucks Moneyline Milwaukee Bucks @ New Orleans Pelicans,,Basketball,NBA
019c7bbd-0ce7-7918-837d-74492bcc4446,Novig,straight,SETTLED_LOSS,2.079002079002079,1.8849557522123894,0.1029,34.99756,-35.00,02/20/2026 15:48:37 GMT,02/21/2026 01:05:00 GMT,2026-02-20T15:48:37.709Z,2026-02-21T01:05:00.000Z,away +17.5 Spread Brooklyn Nets @ Oklahoma City Thunder,,Basketball,NBA
019c7bbb-b31a-72b9-a382-8220c2b19b19,Novig,straight,SETTLED_WIN,1.9569471624266144,1.9246347264695889,0.0168,34.99839,33.49,02/20/2026 15:47:07 GMT,02/21/2026 00:35:00 GMT,2026-02-20T15:47:07.499Z,2026-02-21T00:35:00.000Z,Under 244.5 Total Miami Heat @ Atlanta Hawks,,Basketball,NBA
019c7bbf-555d-78aa-b649-a6fcbc2fdbc5,Novig,straight,SETTLED_WIN,1.9723865877712032,1.6262815467842116,0.2128,16.99971,16.53,02/20/2026 15:51:08 GMT,02/21/2026 00:05:00 GMT,2026-02-20T15:51:08.213Z,2026-02-21T00:05:00.000Z,Over 8.5 Jarrett Allen REBOUNDS Cleveland Cavaliers @ Charlotte Hornets,,Basketball,NBA
019c7bc2-1e56-7bbd-ba25-3fa62b05e235,Novig,straight,SETTLED_LOSS,2.252252252252252,2,0.1261,11.99688,-12.00,02/20/2026 15:54:08 GMT,02/21/2026 00:05:00 GMT,2026-02-20T15:54:08.637Z,2026-02-21T00:05:00.000Z,Over 4.5 James Harden REBOUNDS Cleveland Cavaliers @ Charlotte Hornets,,Basketball,NBA
019c7bbb-5517-74c6-a197-9dc42cf72366,Novig,straight,SETTLED_WIN,1.9960079840319362,1.7692307692307692,0.1282,39.99984,39.84,02/20/2026 15:46:46 GMT,02/21/2026 00:05:00 GMT,2026-02-20T15:46:46.132Z,2026-02-21T00:05:00.000Z,Memphis Grizzlies Moneyline Utah Jazz @ Memphis Grizzlies,,Basketball,NBA
ecca00e0-0e75-11f1-b4fb-5bcc8d8b8ba1,Caesars Sportsbook,straight,SETTLED_LOSS,2.3,2.3,,25,-25.00,02/20/2026 16:05:07 GMT,02/20/2026 21:06:33 GMT,2026-02-20T16:05:07.182Z,2026-02-20T21:06:33.538Z,No Both Teams To Score Mainz vs Hamburg,,Soccer,Bundesliga
O/0003172/0004100,Fanduel Sportsbook,straight,SETTLED_VOID,2.08,,,13,0.00,02/20/2026 15:54:29 GMT,02/20/2026 18:33:10 GMT,2026-02-20T15:54:29.000Z,2026-02-20T18:33:10.000Z,Grant Williams Under 5.5 Grant Williams - Rebounds Cleveland Cavaliers @ Charlotte Hornets,,Basketball,NBA
cec4f71e-7ab5-4ed8-94a3-872bc0ea3f18,ProphetX,straight,SETTLED_WIN,2.0192,2.0121919999999998,0.0035,45,45.86,02/19/2026 15:32:16 GMT,02/20/2026 06:30:00 GMT,2026-02-19T15:32:16.000Z,2026-02-20T06:30:00.000Z,Los Angeles Clippers +4.0 Spread Denver Nuggets at Los Angeles Clippers,,Basketball,NBA
639071125461264921,Draftkings Sportsbook,straight,SETTLED_LOSS,1.6097560975609757,1.9433962264150944,-0.1717,15,-15.00,02/19/2026 15:42:25 GMT,02/20/2026 06:26:25 GMT,2026-02-19T15:42:25.713Z,2026-02-20T06:26:25.901Z,Over 2.5 Julian Strawther Rebounds O/U DEN Nuggets @ LA Clippers,,Basketball,NBA
20FCJDMEWE,BetMGM,straight,SETTLED_LOSS,1.9523809523809523,2,-0.0238,10,-10.00,02/19/2026 15:41:23 GMT,02/20/2026 06:10:00 GMT,2026-02-19T15:41:23.810Z,2026-02-20T06:10:00.000Z,Over 6.5 Neemias Queta (BOS): Rebounds Boston Celtics at Golden State Warriors,,Basketball,NBA
1ebaf7aa-6848-4651-9840-0ca0d250b9b4,ProphetX,straight,SETTLED_LOSS,2.0395,2.15,-0.0514,15,-15.00,02/19/2026 15:46:42 GMT,02/20/2026 06:00:00 GMT,2026-02-19T15:46:42.000Z,2026-02-20T06:00:00.000Z,under 8.5 Maxime Raynaud Rebounds Orlando Magic at Sacramento Kings,,Basketball,NBA
752d403b-df81-4d7c-b1e2-e9fac2b9a09c,ProphetX,straight,SETTLED_WIN,1.9158878504672898,1.9523809523809523,-0.0187,35,32.06,02/19/2026 15:30:08 GMT,02/20/2026 05:23:15 GMT,2026-02-19T15:30:08.000Z,2026-02-20T05:23:15.139Z,over 211.5 Total Points Boston Celtics at Golden State Warriors,,Basketball,NBA
O/0003172/0004090,Fanduel Sportsbook,straight,SETTLED_WIN,2.1399999999999997,1.9379608727272728,0.1043,10,11.40,02/19/2026 15:30:23 GMT,02/20/2026 05:22:06 GMT,2026-02-19T15:30:23.000Z,2026-02-20T05:22:06.000Z,Boston Celtics -5.5 Spread Betting Boston Celtics @ Golden State Warriors,,Basketball,NBA
O/0003172/0004091,Fanduel Sportsbook,straight,SETTLED_WIN,1.9090909090909092,1.9379608727272728,-0.0149,35,31.82,02/19/2026 15:30:32 GMT,02/20/2026 05:22:05 GMT,2026-02-19T15:30:32.000Z,2026-02-20T05:22:05.000Z,Boston Celtics -5.5 Spread Betting Boston Celtics @ Golden State Warriors,,Basketball,NBA
20FCJHW725,BetMGM,straight,SETTLED_LOSS,1.9523809523809523,1.9523809523809523,,10,-10.00,02/19/2026 15:45:16 GMT,02/20/2026 04:43:28 GMT,2026-02-19T15:45:16.663Z,2026-02-20T04:43:28.498Z,Under 3.5 Payton Pritchard (BOS) : Rebounds Boston Celtics at Golden State Warriors,,Basketball,NBA
O/0003172/0004095,Fanduel Sportsbook,straight,SETTLED_WIN,1.8,1.5376344086021505,0.1706,15,12.00,02/19/2026 15:46:57 GMT,02/20/2026 04:28:51 GMT,2026-02-19T15:46:57.000Z,2026-02-20T04:28:51.000Z,John Collins To Record 6+ Rebounds Denver Nuggets @ Los Angeles Clippers,,Basketball,NBA
26071499000079905,Fanatics,straight,SETTLED_WIN,1.8,2.1,-0.1429,15,12.00,02/19/2026 15:39:34 GMT,02/20/2026 04:07:42 GMT,2026-02-19T15:39:34.932Z,2026-02-20T04:07:42.402Z,Alabama A&M Money Line Alabama A&M Bulldogs at Florida A&M Rattlers,,Basketball,NCAAM
26071498000069905,Fanatics,straight,SETTLED_WIN,2.1,2.9,-0.2759,15,16.50,02/19/2026 15:38:54 GMT,02/20/2026 04:06:04 GMT,2026-02-19T15:38:54.366Z,2026-02-20T04:06:04.539Z,Texas Southern Money Line Texas Southern Tigers at Arkansas-Pine Bluff Golden Lions,,Basketball,NCAAM
20FCJER6WC,BetMGM,straight,SETTLED_LOSS,2.1,1.8,0.1667,12,-12.00,02/19/2026 15:42:44 GMT,02/20/2026 03:49:22 GMT,2026-02-19T15:42:44.357Z,2026-02-20T03:49:22.506Z,Under 5.5 Brandon Ingram (TOR): Rebounds Toronto Raptors at Chicago Bulls,,Basketball,NBA
O/0003172/0004096,Fanduel Sportsbook,straight,SETTLED_WIN,1.9090909090909092,1.9523809523809523,-0.0222,16,14.55,02/19/2026 15:47:21 GMT,02/20/2026 03:45:27 GMT,2026-02-19T15:47:21.000Z,2026-02-20T03:45:27.000Z,Victor Wembanyama Under 11.5 Victor Wembanyama - Rebounds Phoenix Suns @ San Antonio Spurs,,Basketball,NBA
O/0003172/0004089,Fanduel Sportsbook,straight,SETTLED_WIN,1.925925925925926,1.8547008547008548,0.0384,35,32.41,02/19/2026 15:29:54 GMT,02/20/2026 03:40:16 GMT,2026-02-19T15:29:54.000Z,2026-02-20T03:40:16.000Z,Toronto Raptors -5.5 Spread Betting Toronto Raptors @ Chicago Bulls,,Basketball,NBA
O/0003172/0004088,Fanduel Sportsbook,straight,SETTLED_WIN,2.16,1.8547008547008548,0.1646,10,11.60,02/19/2026 15:29:49 GMT,02/20/2026 03:40:15 GMT,2026-02-19T15:29:49.000Z,2026-02-20T03:40:15.000Z,Toronto Raptors -5.5 Spread Betting Toronto Raptors @ Chicago Bulls,,Basketball,NBA
639071126232953008,Draftkings Sportsbook,straight,SETTLED_LOSS,1.925925925925926,2.1399999999999997,-0.1000,15,-15.00,02/19/2026 15:43:43 GMT,02/20/2026 03:24:55 GMT,2026-02-19T15:43:43.439Z,2026-02-20T03:24:55.024Z,Over 4.5 OG Anunoby Rebounds O/U DET Pistons @ NY Knicks,,Basketball,NBA
65dac2fe-04a9-442f-8fdb-f286306239fa,ProphetX,straight,SETTLED_WIN,1.9607843137254903,2.12,-0.0751,35,33.62,02/19/2026 15:28:58 GMT,02/20/2026 03:16:35 GMT,2026-02-19T15:28:58.000Z,2026-02-20T03:16:35.991Z,over 222.0 Total Points Detroit Pistons at New York Knicks,,Basketball,NBA
20FCJFS621,BetMGM,straight,SETTLED_WIN,2.1,2.35,-0.1064,12,13.20,02/19/2026 15:43:12 GMT,02/20/2026 03:10:00 GMT,2026-02-19T15:43:12.730Z,2026-02-20T03:10:00.000Z,Under 4.5 Aaron Nesmith (IND): Rebounds Indiana Pacers at Washington Wizards,,Basketball,NBA
20FCJ7B5SE,BetMGM,parlay,SETTLED_LOSS,6.01,5.544610727137716,0.0839,7.5,-7.50,02/19/2026 15:35:21 GMT,02/20/2026 03:10:00 GMT,2026-02-19T15:35:21.110Z,2026-02-20T03:10:00.000Z,Charlotte Hornets +5.5 Spread Houston Rockets at Charlotte Hornets | Cleveland Cavaliers -12.5 Spread Brooklyn Nets at Cleveland Cavaliers | 76ers Moneyline Atlanta Hawks at Philadelphia 76ers,,Basketball,NBA
019c7687-022e-7b3e-bf3d-3a34ff82ee4e,Novig,straight,SETTLED_WIN,1.926782273603083,1.7633587786259541,0.0927,34.99617,32.43,02/19/2026 15:31:32 GMT,02/20/2026 03:05:00 GMT,2026-02-19T15:31:32.172Z,2026-02-20T03:05:00.000Z,Over 223.5 Total Orlando Magic @ Sacramento Kings,,Basketball,NBA
019c7687-7be3-7e40-90fa-e12a9bbf99cd,Novig,straight,SETTLED_LOSS,2.032520325203252,1.9090909090909092,0.0647,34.99596,-35.00,02/19/2026 15:32:01 GMT,02/20/2026 03:05:00 GMT,2026-02-19T15:32:01.071Z,2026-02-20T03:05:00.000Z,home +8.5 Spread Orlando Magic @ Sacramento Kings,,Basketball,NBA
d7252d93-e7ce-4bf9-89cf-13a3c1da7c90,ProphetX,straight,SETTLED_WIN,2.0094000000000003,2.15,-0.0654,30,30.28,02/19/2026 15:28:25 GMT,02/20/2026 03:00:00 GMT,2026-02-19T15:28:25.000Z,2026-02-20T03:00:00.000Z,under 238.0 Total Points Atlanta Hawks at Philadelphia 76ers,,Basketball,NBA
639071128676171083,Draftkings Sportsbook,straight,SETTLED_WIN,1.62111801242236,1.7246376811594204,-0.0600,25,15.52,02/19/2026 15:47:47 GMT,02/20/2026 02:44:11 GMT,2026-02-19T15:47:47.349Z,2026-02-20T02:44:11.701Z,Over 2.5 Sion James Rebounds O/U HOU Rockets @ CHA Hornets,,Basketball,NBA
9b3e6df0-0da9-11f1-8570-1f465aace54c,Caesars Sportsbook,straight,SETTLED_WIN,2.27,2.6,-0.1269,10,12.70,02/19/2026 15:42:33 GMT,02/20/2026 02:30:07 GMT,2026-02-19T15:42:33.039Z,2026-02-20T02:30:07.039Z,Under 3.5 Donovan Mitchell - Total Rebounds Brooklyn Nets at Cleveland Cavaliers,,Basketball,NBA
e6c11a4b-d542-4250-b522-202686864987,ProphetX,straight,SETTLED_WIN,1.98,1.9826806445350416,-0.0014,45,44.10,02/19/2026 15:26:51 GMT,02/20/2026 02:24:48 GMT,2026-02-19T15:26:51.000Z,2026-02-20T02:24:48.139Z,Charlotte Hornets +4.5 Spread Houston Rockets at Charlotte Hornets,,Basketball,NBA
3112a979-1d1a-4ea8-a912-1c17ddaf4f07,ProphetX,straight,SETTLED_WIN,1.98,2.09,-0.0526,45,44.10,02/19/2026 15:28:00 GMT,02/20/2026 02:24:48 GMT,2026-02-19T15:28:00.000Z,2026-02-20T02:24:48.138Z,Cleveland Cavaliers -16.5 Spread Brooklyn Nets at Cleveland Cavaliers,,Basketball,NBA
26071493000069905,Fanatics,straight,SETTLED_WIN,2.13,1.8928571428571428,0.1253,25,28.41,02/19/2026 15:33:30 GMT,02/20/2026 02:24:42 GMT,2026-02-19T15:33:30.670Z,2026-02-20T02:24:42.458Z,Washington Wizards +2.5 Spread Indiana Pacers at Washington Wizards,,Basketball,NBA
PlacedBet:eMxlQeLySHMpD0fKO6cfQ8g0J4g=,theScore Bet,parlay,SETTLED_LOSS,10.232857142857142,12.190961538461538,-0.1606,7,-7.00,02/19/2026 15:38:38 GMT,02/20/2026 02:10:31 GMT,2026-02-19T15:38:38.691Z,2026-02-20T02:10:31.741Z,Longwood Moneyline Longwood Lancers @ Presbyterian Blue Hose | Alabama A&M Moneyline Alabama A&M Bulldogs @ Florida A&M Rattlers | Texas Southern Moneyline Texas Southern Tigers @ Arkansas-Pine Bluff Golden Lions,,Basketball,NCAAM
24528d20-0da9-11f1-a2fa-413e64415657,Caesars Sportsbook,straight,SETTLED_LOSS,2.4,2.26,0.0619,15,-15.00,02/19/2026 15:39:13 GMT,02/20/2026 02:05:54 GMT,2026-02-19T15:39:13.522Z,2026-02-20T02:05:54.131Z,Longwood Lancers Money Line Longwood Lancers at Presbyterian Blue Hose,,Basketball,NCAAM
O/0003172/0004092,Fanduel Sportsbook,straight,SETTLED_WIN,1.9433962264150944,1.8695652173913042,0.0395,15,14.15,02/19/2026 15:41:56 GMT,02/20/2026 01:59:27 GMT,2026-02-19T15:41:56.000Z,2026-02-20T01:59:27.000Z,Jock Landale Over 4.5 Jock Landale - Rebounds Atlanta Hawks @ Philadelphia 76ers,,Basketball,NBA
639071124668100915,Draftkings Sportsbook,straight,SETTLED_WIN,2.21,2.42,-0.0868,10,12.10,02/19/2026 15:41:07 GMT,02/20/2026 01:45:07 GMT,2026-02-19T15:41:07.441Z,2026-02-20T01:45:07.511Z,Over 3.5 Zaccharie Risacher Rebounds O/U ATL Hawks @ PHI 76ers,,Basketball,NBA
O/0003172/0004093,Fanduel Sportsbook,straight,SETTLED_WIN,2.02,1.9615384615384617,0.0298,10,10.20,02/19/2026 15:44:02 GMT,02/20/2026 01:39:49 GMT,2026-02-19T15:44:02.000Z,2026-02-20T01:39:49.000Z,Jarrett Allen Over 8.5 Jarrett Allen - Rebounds Brooklyn Nets @ Cleveland Cavaliers,,Basketball,NBA
O/0003172/0004094,Fanduel Sportsbook,straight,SETTLED_WIN,1.847457627118644,1.9615384615384617,-0.0582,7,5.93,02/19/2026 15:44:17 GMT,02/20/2026 01:39:46 GMT,2026-02-19T15:44:17.000Z,2026-02-20T01:39:46.000Z,Jarrett Allen Over 8.5 Jarrett Allen - Rebounds Brooklyn Nets @ Cleveland Cavaliers,,Basketball,NBA
019c7691-7c18-7186-8fb0-85b03153a2df,Novig,straight,SETTLED_VOID,1.941747572815534,,,14.9968,0.00,02/19/2026 15:42:58 GMT,02/20/2026 01:35:00 GMT,2026-02-19T15:42:58.342Z,2026-02-20T01:35:00.000Z,Over 2.5 Grayson Allen REBOUNDS Phoenix Suns @ San Antonio Spurs,,Basketball,NBA
019c7684-6f29-7226-9d80-a77e0f239fcf,Novig,straight,SETTLED_WIN,2.5510204081632653,2.4299999999999997,0.0498,34.99776,54.28,02/19/2026 15:28:45 GMT,02/20/2026 00:35:00 GMT,2026-02-19T15:28:45.939Z,2026-02-20T00:35:00.000Z,Detroit Pistons Moneyline Detroit Pistons @ New York Knicks,,Basketball,NBA
019c7695-b1c3-7f39-b444-d1c69b6dfd34,Novig,straight,SETTLED_LOSS,1.9083969465648851,1.9523809523809523,-0.0225,19.99584,-20.00,02/19/2026 15:47:32 GMT,02/20/2026 00:05:00 GMT,2026-02-19T15:47:32.370Z,2026-02-20T00:05:00.000Z,Under 6.5 Jarace Walker REBOUNDS Indiana Pacers @ Washington Wizards,,Basketball,NBA
019c7683-2576-74df-8c1d-89a9a84ef92a,Novig,straight,SETTLED_LOSS,1.945525291828794,1.7933751861042182,0.0848,29.99704,-30.00,02/19/2026 15:27:15 GMT,02/20/2026 00:05:00 GMT,2026-02-19T15:27:15.448Z,2026-02-20T00:05:00.000Z,Over 216.5 Total Houston Rockets @ Charlotte Hornets,,Basketball,NBA
019c7683-feda-746a-8987-1431acd67753,Novig,straight,SETTLED_LOSS,1.8975332068311195,1.9568271062271063,-0.0303,49.99649,-50.00,02/19/2026 15:28:11 GMT,02/20/2026 00:05:00 GMT,2026-02-19T15:28:11.740Z,2026-02-20T00:05:00.000Z,Philadelphia 76ers Moneyline Atlanta Hawks @ Philadelphia 76ers,,Basketball,NBA
019c7688-131d-7613-b40a-ec821de50544,Novig,straight,SETTLED_WIN,2.1459227467811157,2.15,-0.0019,34.9966,40.10,02/19/2026 15:32:39 GMT,02/20/2026 00:05:00 GMT,2026-02-19T15:32:39.262Z,2026-02-20T00:05:00.000Z,Washington Wizards Moneyline Indiana Pacers @ Washington Wizards,,Basketball,NBA
639070251649063382,Draftkings Sportsbook,straight,SETTLED_LOSS,2.1,2.2,-0.0455,25,-25.00,02/18/2026 15:26:05 GMT,02/19/2026 04:15:12 GMT,2026-02-18T15:26:05.468Z,2026-02-19T04:15:12.921Z,Pacific Moneyline Pacific @ Washington State,,Basketball,NCAAM
PlacedBet:jSzgHn0W3l5o/p/hraoLHTpiSEw=,theScore Bet,parlay,SETTLED_LOSS,11.424,9.922,0.1514,5,-5.00,02/18/2026 15:29:37 GMT,02/19/2026 04:00:33 GMT,2026-02-18T15:29:37.380Z,2026-02-19T04:00:33.474Z,Kennesaw State Moneyline Kennesaw State Owls @ Missouri State Bears | Murray State Moneyline Murray State Racers @ Illinois State Redbirds | Pacific Moneyline Pacific Tigers @ Washington State Cougars,,Basketball,NCAAM
f6e56310-0cdd-11f1-8ded-295f53b1efae,Caesars Sportsbook,straight,SETTLED_WIN,2.3,2.0700000000000003,0.1111,25,32.50,02/18/2026 15:24:49 GMT,02/19/2026 03:50:48 GMT,2026-02-18T15:24:49.473Z,2026-02-19T03:50:48.678Z,Kennesaw State Owls Money Line Kennesaw State Owls at Missouri State Bears,,Basketball,NCAAM
019c715d-9c7c-7829-b1f4-a08bc96efebd,Novig,straight,SETTLED_LOSS,2.0618556701030926,2.2,-0.0628,24.9969,-25.00,02/18/2026 15:28:12 GMT,02/19/2026 02:00:00 GMT,2026-02-18T15:28:12.025Z,2026-02-19T02:00:00.000Z,Murray State Moneyline Murray State @ Illinois State,,Basketball,NCAAM
ee649c30-0821-11f1-a9b1-e9ef0b790987,Caesars Sportsbook,straight,SETTLED_LOSS,1.625,1.6329113924050633,-0.0048,45,-45.00,02/12/2026 14:48:45 GMT,02/18/2026 21:23:06 GMT,2026-02-12T14:48:45.171Z,2026-02-18T21:23:06.039Z,No Both Teams To Score Wolves vs Arsenal,,Soccer,English Premier League
26061399000019805,Fanatics,parlay,SETTLED_LOSS,7.48,6.153269140610914,0.2156,10,-10.00,02/12/2026 15:19:01 GMT,02/18/2026 21:22:02 GMT,2026-02-12T15:19:01.275Z,2026-02-18T21:22:02.702Z,No Both Teams to Score Wolves vs Arsenal | Yes Both Teams to Score Brentford vs Brighton | Yes Both Teams to Score West Ham vs Bournemouth | Yes Both Teams to Score Man City vs Newcastle,,Soccer,English Premier League
O/0003172/0004078,Fanduel Sportsbook,straight,SETTLED_WIN,1.5494505494505495,1.5,0.0330,55,30.22,02/09/2026 18:37:36 GMT,02/15/2026 18:00:24 GMT,2026-02-09T18:37:36.000Z,2026-02-15T18:00:24.000Z,Yes Both Teams To Score RB Leipzig v Wolfsburg,,Soccer,Bundesliga
602bdba0-05e6-11f1-a9b4-f917a6c7d322,Caesars Sportsbook,straight,SETTLED_LOSS,1.74074,1.6666666666666665,0.0444,40,-40.00,02/09/2026 18:37:23 GMT,02/15/2026 16:23:43 GMT,2026-02-09T18:37:23.930Z,2026-02-15T16:23:43.899Z,Yes Both Teams To Score Augsburg vs Heidenheim,,Soccer,Bundesliga
8cb12ce0-05e4-11f1-9c2a-e7a42e8ae163,Caesars Sportsbook,straight,SETTLED_WIN,1.625,1.625,,50,31.25,02/09/2026 18:24:19 GMT,02/14/2026 19:10:56 GMT,2026-02-09T18:24:19.630Z,2026-02-14T19:10:56.613Z,Yes Both Teams To Score Stuttgart vs FC Koln,,Soccer,Bundesliga
639062580892142899,Draftkings Sportsbook,straight,SETTLED_LOSS,2,1.9615384615384617,0.0196,40,-40.00,02/09/2026 18:21:29 GMT,02/14/2026 16:30:17 GMT,2026-02-09T18:21:29.626Z,2026-02-14T16:30:17.762Z,No Both Teams to Score Hamburg vs Union Berlin,,Soccer,Bundesliga
26057261000039405,Fanatics,straight,SETTLED_LOSS,1.6666666666666665,1.7142857142857144,-0.0278,50,-50.00,02/09/2026 18:21:50 GMT,02/14/2026 16:28:03 GMT,2026-02-09T18:21:50.333Z,2026-02-14T16:28:03.459Z,Yes Both Teams to Score Hoffenheim vs Freiburg,,Soccer,Bundesliga
f089cfe0-05e1-11f1-9bc8-77e9ed43ab75,Caesars Sportsbook,straight,SETTLED_LOSS,2,1.9523809523809523,0.0244,35,-35.00,02/09/2026 18:05:38 GMT,02/14/2026 16:23:07 GMT,2026-02-09T18:05:38.654Z,2026-02-14T16:23:07.270Z,Yes Both Teams To Score Bayer Leverkusen vs St. Pauli,,Soccer,Bundesliga
639065039979024773,Draftkings Sportsbook,straight,SETTLED_WIN,2.02,1.925925925925926,0.0488,15,15.30,02/12/2026 14:39:58 GMT,02/13/2026 05:41:37 GMT,2026-02-12T14:39:58.474Z,2026-02-13T05:41:37.741Z,Under 4.5 Austin Reaves Rebounds O/U DAL Mavericks @ LA Lakers,,Basketball,NBA
6c6f2957-bb95-42f0-8de3-20da428b3d52,ProphetX,straight,SETTLED_LOSS,1.908256880733945,1.7407407407407407,0.0962,35,-35.00,02/12/2026 14:42:16 GMT,02/13/2026 05:00:00 GMT,2026-02-12T14:42:16.000Z,2026-02-13T05:00:00.000Z,under 239.0 Total Points Portland Trail Blazers at Utah Jazz,,Basketball,NBA
9714fb5b-04d9-4627-bc3c-449e5c23fd33,ProphetX,straight,SETTLED_LOSS,1.99,1.7633587786259541,0.1285,45,-45.00,02/12/2026 14:42:57 GMT,02/13/2026 05:00:00 GMT,2026-02-12T14:42:57.000Z,2026-02-13T05:00:00.000Z,Utah Jazz +7.5 Spread Portland Trail Blazers at Utah Jazz,,Basketball,NBA
O/0003172/0004084,Fanduel Sportsbook,straight,SETTLED_WIN,2.1399999999999997,2.1399999999999997,,15,17.10,02/12/2026 14:38:54 GMT,02/13/2026 04:36:10 GMT,2026-02-12T14:38:54.000Z,2026-02-13T04:36:10.000Z,Isaiah Collier Under 3.5 Isaiah Collier - Rebounds Portland Trail Blazers @ Utah Jazz,,Basketball,NBA
26061357000139905,Fanatics,straight,SETTLED_VOID,2.1,,,12,0.00,02/12/2026 14:37:43 GMT,02/13/2026 04:35:22 GMT,2026-02-12T14:37:43.167Z,2026-02-13T04:35:22.513Z,10+ Jusuf Nurkic - Rebounds Portland Trail Blazers at Utah Jazz,,Basketball,NBA
019c524e-3d6f-7428-8dd4-cd729f33530c,Novig,straight,SETTLED_WIN,1.9342359767891681,2.04,-0.0518,34.99573,32.69,02/12/2026 14:43:19 GMT,02/13/2026 03:05:00 GMT,2026-02-12T14:43:19.776Z,2026-02-13T03:05:00.000Z,Under 236.5 Total Dallas Mavericks @ Los Angeles Lakers,,Basketball,NBA
019c524a-b153-7637-ba9b-5ed300442aba,Novig,straight,SETTLED_WIN,2.2522522522522523,2.16,0.0427,14.99832,18.78,02/12/2026 14:39:18 GMT,02/13/2026 03:05:00 GMT,2026-02-12T14:39:18.787Z,2026-02-13T03:05:00.000Z,Under 23.5 Austin Reaves POINTS Dallas Mavericks @ Los Angeles Lakers,,Basketball,NBA
11035e06-e38e-4417-b021-f99014226cd7,ProphetX,straight,SETTLED_LOSS,1.9998999999999998,1.9174311926605505,0.0430,35,-35.00,02/12/2026 14:41:44 GMT,02/13/2026 02:53:12 GMT,2026-02-12T14:41:44.000Z,2026-02-13T02:53:12.045Z,over 214.5 Total Points Milwaukee Bucks at Oklahoma City Thunder,,Basketball,NBA
131e8d65-93e1-4805-b8e6-a1c5b9685878,ProphetX,straight,SETTLED_WIN,1.98019801980198,2.04,-0.0293,45,44.10,02/12/2026 14:40:59 GMT,02/13/2026 02:53:12 GMT,2026-02-12T14:40:59.000Z,2026-02-13T02:53:12.045Z,Milwaukee Bucks +13.0 Spread Milwaukee Bucks at Oklahoma City Thunder,,Basketball,NBA
26061359000019805,Fanatics,straight,SETTLED_WIN,1.8333333333333335,1.4,0.3095,20,16.67,02/12/2026 14:39:05 GMT,02/13/2026 01:37:40 GMT,2026-02-12T14:39:05.296Z,2026-02-13T01:37:40.619Z,6+ Bobby Portis - Rebounds Milwaukee Bucks at Oklahoma City Thunder,,Basketball,NBA
26061360000059805,Fanatics,straight,SETTLED_VOID,2.31,,,25,0.00,02/12/2026 14:40:30 GMT,02/13/2026 00:57:51 GMT,2026-02-12T14:40:30.339Z,2026-02-13T00:57:51.048Z,7+ Deni Avdija - Rebounds Portland Trail Blazers at Utah Jazz,,Basketball,NBA
019c524b-7450-7238-9e0d-5d7650116175,Novig,straight,SETTLED_VOID,2.1008403361344534,,,12.99956,0.00,02/12/2026 14:40:10 GMT,02/13/2026 00:35:00 GMT,2026-02-12T14:40:10.085Z,2026-02-13T00:35:00.000Z,Over 5.5 Myles Turner REBOUNDS Milwaukee Bucks @ Oklahoma City Thunder,,Basketball,NBA
26060040000029805,Fanatics,straight,SETTLED_LOSS,1.4761904761904763,1.9090909090909092,-0.2268,30,-30.00,02/11/2026 16:40:11 GMT,02/12/2026 05:47:42 GMT,2026-02-11T16:40:11.134Z,2026-02-12T05:47:42.017Z,9+ Julian Champagnie - Points San Antonio Spurs at Golden State Warriors,,Basketball,NBA
26060040000079905,Fanatics,parlay,SETTLED_LOSS,4.54,,,10,-10.00,02/11/2026 16:40:45 GMT,02/12/2026 05:47:38 GMT,2026-02-11T16:40:45.654Z,2026-02-12T05:47:38.019Z,5+ Kyle Kuzma - Rebounds Milwaukee Bucks at Orlando Magic | 9+ Julian Champagnie - Points San Antonio Spurs at Golden State Warriors | 5+ Keldon Johnson - Rebounds San Antonio Spurs at Golden State Warriors,,Basketball,NBA
26060039000039805,Fanatics,straight,SETTLED_WIN,1.7518796992481203,2,-0.1241,20,15.15,02/11/2026 16:39:23 GMT,02/12/2026 05:35:45 GMT,2026-02-11T16:39:23.200Z,2026-02-12T05:35:45.838Z,5+ Keldon Johnson - Rebounds San Antonio Spurs at Golden State Warriors,,Basketball,NBA
26060039000069805,Fanatics,straight,SETTLED_WIN,1.7692307692307692,1.9433962264150944,-0.0896,15,11.54,02/11/2026 16:39:36 GMT,02/12/2026 05:05:18 GMT,2026-02-11T16:39:36.936Z,2026-02-12T05:05:18.090Z,11+ Keldon Johnson - Points San Antonio Spurs at Golden State Warriors,,Basketball,NBA
32de2986-0565-4d23-bfaa-dc3a024e03c4,ProphetX,straight,SETTLED_LOSS,1.891891891891892,1.900900900900901,-0.0047,48.5,-48.50,02/11/2026 15:10:23 GMT,02/12/2026 05:00:00 GMT,2026-02-11T15:10:23.000Z,2026-02-12T05:00:00.000Z,Sacramento Kings +6.5 Spread Sacramento Kings at Utah Jazz,,Basketball,NBA
a78e7a52-ecfb-4d2c-9f22-5ca5a3da8542,ProphetX,straight,SETTLED_WIN,2.0296000000000003,2.2800000000000002,-0.1098,25,25.74,02/11/2026 15:09:51 GMT,02/12/2026 05:00:00 GMT,2026-02-11T15:09:51.000Z,2026-02-12T05:00:00.000Z,over 217.0 Total Points Oklahoma City Thunder at Phoenix Suns,,Basketball,NBA
df3736e9-7c59-401a-8542-f73a76d9f0b4,ProphetX,straight,SETTLED_PUSH,2.0395,2.16,-0.0558,35,0.00,02/11/2026 15:11:00 GMT,02/12/2026 05:00:00 GMT,2026-02-11T15:11:00.000Z,2026-02-12T05:00:00.000Z,under 238.0 Total Points Memphis Grizzlies at Denver Nuggets,,Basketball,NBA
d89b0269-a20d-4983-8697-57274de71e44,ProphetX,straight,SETTLED_WIN,1.9705882352941178,2.06,-0.0434,48.5,47.07,02/11/2026 15:10:46 GMT,02/12/2026 05:00:00 GMT,2026-02-11T15:10:46.000Z,2026-02-12T05:00:00.000Z,Memphis Grizzlies +13.5 Spread Memphis Grizzlies at Denver Nuggets,,Basketball,NBA
O/0003172/0004081,Fanduel Sportsbook,straight,SETTLED_LOSS,1.8928571428571428,1.9090909090909092,-0.0085,15,-15.00,02/10/2026 16:41:05 GMT,02/12/2026 04:21:50 GMT,2026-02-10T16:41:05.000Z,2026-02-12T04:21:50.000Z,Isaiah Hartenstein Over 9.5 Isaiah Hartenstein - Points Oklahoma City Thunder @ Phoenix Suns,,Basketball,NBA
639064194049145630,Draftkings Sportsbook,straight,SETTLED_LOSS,1.925925925925926,2,-0.0370,50,-50.00,02/11/2026 15:10:04 GMT,02/12/2026 04:17:08 GMT,2026-02-11T15:10:04.717Z,2026-02-12T04:17:08.068Z,PHO Suns +7.5 Spread OKC Thunder @ PHO Suns,,Basketball,NBA
cff9ee84-1de4-4920-b9c5-b46580367e9c,ProphetX,straight,SETTLED_WIN,2.0296000000000003,2.1,-0.0335,25,25.74,02/11/2026 15:09:13 GMT,02/12/2026 04:00:00 GMT,2026-02-11T15:09:13.000Z,2026-02-12T04:00:00.000Z,Miami Heat Moneyline Miami Heat at New Orleans Pelicans,,Basketball,NBA
639064248006036458,Draftkings Sportsbook,straight,SETTLED_LOSS,1.6024096385542168,1.847457627118644,-0.1326,20,-20.00,02/11/2026 16:40:01 GMT,02/12/2026 03:48:38 GMT,2026-02-11T16:40:01.725Z,2026-02-12T03:48:38.578Z,4+ Clint Capela Points LA Clippers @ HOU Rockets,,Basketball,NBA
20F19ABZSN,BetMGM,straight,SETTLED_WIN,2.01,2.1093264000000005,-0.0471,20,20.34,02/11/2026 15:06:21 GMT,02/12/2026 03:40:00 GMT,2026-02-11T15:06:21.180Z,2026-02-12T03:40:00.000Z,Indiana Pacers +5.5 Spread Indiana Pacers at Brooklyn Nets,,Basketball,NBA
20F19ACA3C,BetMGM,straight,SETTLED_WIN,2.01,2.1093264000000005,-0.0471,20,20.34,02/11/2026 15:06:36 GMT,02/12/2026 03:40:00 GMT,2026-02-11T15:06:36.670Z,2026-02-12T03:40:00.000Z,Indiana Pacers +5.5 Spread Indiana Pacers at Brooklyn Nets,,Basketball,NBA
26060038000029905,Fanatics,straight,SETTLED_LOSS,1.7692307692307692,1.970873786407767,-0.1023,13,-13.00,02/11/2026 16:38:12 GMT,02/12/2026 03:38:54 GMT,2026-02-11T16:38:12.205Z,2026-02-12T03:38:54.359Z,7+ Amen Thompson - Rebounds Los Angeles Clippers at Houston Rockets,,Basketball,NBA
26060039000089805,Fanatics,straight,SETTLED_WIN,2.05,1.7142857142857144,0.1958,15,15.75,02/11/2026 16:39:45 GMT,02/12/2026 03:33:58 GMT,2026-02-11T16:39:45.405Z,2026-02-12T03:33:58.975Z,21+ Dillon Brooks - Points Oklahoma City Thunder at Phoenix Suns,,Basketball,NBA
7c78dcb0-075b-11f1-9c2a-e7a42e8ae163,Caesars Sportsbook,straight,SETTLED_WIN,1.91,1.8333333333333335,0.0418,45,40.91,02/11/2026 15:08:13 GMT,02/12/2026 03:32:05 GMT,2026-02-11T15:08:13.691Z,2026-02-12T03:32:05.951Z,Los Angeles Clippers 9.5 Spread Los Angeles Clippers at Houston Rockets,,Basketball,NBA
639064193680046672,Draftkings Sportsbook,straight,SETTLED_WIN,2.19,2.1,0.0429,10,11.90,02/11/2026 15:09:26 GMT,02/12/2026 03:26:57 GMT,2026-02-11T15:09:26.396Z,2026-02-12T03:26:57.789Z,MIA Heat Moneyline MIA Heat @ NO Pelicans,,Basketball,NBA
556b98af-9395-457b-b2c2-cf37da78f864,ProphetX,straight,SETTLED_WIN,1.9339622641509435,1.617283950617284,0.1958,30,28.02,02/11/2026 15:07:15 GMT,02/12/2026 03:18:54 GMT,2026-02-11T15:07:15.000Z,2026-02-12T03:18:54.000Z,New York Knicks +2.5 Spread New York Knicks at Philadelphia 76ers,,Basketball,NBA
5cf610b6-2157-4d92-9e51-5e2ffc20b274,ProphetX,straight,SETTLED_WIN,2.1978999999999997,1.7815682109503754,0.2337,15,17.97,02/11/2026 15:07:31 GMT,02/12/2026 03:18:54 GMT,2026-02-11T15:07:31.000Z,2026-02-12T03:18:54.000Z,New York Knicks Moneyline New York Knicks at Philadelphia 76ers,,Basketball,NBA
66783529-c985-4c42-8239-0fdccefb261f,ProphetX,straight,SETTLED_LOSS,1.9428571428571426,1.8849557522123894,0.0307,25,-25.00,02/11/2026 15:07:43 GMT,02/12/2026 03:18:53 GMT,2026-02-11T15:07:43.000Z,2026-02-12T03:18:53.999Z,over 222.5 Total Points Detroit Pistons at Toronto Raptors,,Basketball,NBA
5185d8b5-05bc-4b89-96d1-929cc9b86603,ProphetX,straight,SETTLED_WIN,1.9428571428571428,1.7194244604316546,0.1299,27,25.45,02/11/2026 15:06:59 GMT,02/12/2026 03:18:53 GMT,2026-02-11T15:06:59.000Z,2026-02-12T03:18:53.983Z,over 222.0 Total Points New York Knicks at Philadelphia 76ers,,Basketball,NBA
97ba126d-0fa4-4411-9e8a-6f8fe90c98c4,ProphetX,straight,SETTLED_WIN,1.9611650485436891,2.0580368,-0.0471,27,25.95,02/11/2026 15:06:46 GMT,02/12/2026 03:18:53 GMT,2026-02-11T15:06:46.000Z,2026-02-12T03:18:53.982Z,over 216.5 Total Points Indiana Pacers at Brooklyn Nets,,Basketball,NBA
f10e3e6b-5a5c-4d1c-ade8-4186254070ce,ProphetX,straight,SETTLED_WIN,1.99,1.847457627118644,0.0772,35,34.65,02/11/2026 15:05:42 GMT,02/12/2026 03:18:53 GMT,2026-02-11T15:05:42.000Z,2026-02-12T03:18:53.982Z,over 225.5 Total Points Chicago Bulls at Boston Celtics,,Basketball,NBA
639064191248750802,Draftkings Sportsbook,straight,SETTLED_LOSS,1.9523809523809523,2.05,-0.0476,45,-45.00,02/11/2026 15:05:26 GMT,02/12/2026 02:39:48 GMT,2026-02-11T15:05:26.391Z,2026-02-12T02:39:48.727Z,CHI Bulls +13.5 Spread CHI Bulls @ BOS Celtics,,Basketball,NBA
O/0003172/0004083,Fanduel Sportsbook,straight,SETTLED_WIN,2,2.25,-0.1111,14,14.00,02/11/2026 16:39:08 GMT,02/12/2026 01:31:11 GMT,2026-02-11T16:39:08.000Z,2026-02-12T01:31:11.000Z,Myles Turner To Record 6+ Rebounds Milwaukee Bucks @ Orlando Magic,,Basketball,NBA
26060038000089805,Fanatics,straight,SETTLED_WIN,1.6896551724137931,1.6666666666666665,0.0138,17,11.72,02/11/2026 16:38:29 GMT,02/12/2026 01:30:01 GMT,2026-02-11T16:38:29.834Z,2026-02-12T01:30:01.877Z,5+ Kyle Kuzma - Rebounds Milwaukee Bucks at Orlando Magic,,Basketball,NBA
019c4d3f-4c5f-7422-a59e-d89621d5361e,Novig,straight,SETTLED_LOSS,2.0366598778004072,1.6451612903225805,0.2380,24.99681,-25.00,02/11/2026 15:08:44 GMT,02/12/2026 01:05:00 GMT,2026-02-11T15:08:44.958Z,2026-02-12T01:05:00.000Z,Over 208.5 Total Los Angeles Clippers @ Houston Rockets,,Basketball,NBA
019c4d40-2a17-7b8d-8cfc-44d081979283,Novig,straight,SETTLED_WIN,2.0366598778004072,2.1,-0.0302,9.99676,10.36,02/11/2026 15:09:39 GMT,02/12/2026 01:05:00 GMT,2026-02-11T15:09:39.082Z,2026-02-12T01:05:00.000Z,Miami Heat Moneyline Miami Heat @ New Orleans Pelicans,,Basketball,NBA
019c4d3f-7f56-7c3d-b548-c92440a1defb,Novig,straight,SETTLED_LOSS,1.8466385857052732,2.1100000000000003,-0.1248,24.996769999999998,-25.00,02/11/2026 15:08:55 GMT,02/12/2026 01:05:00 GMT,2026-02-11T15:08:55.590Z,2026-02-12T01:05:00.000Z,Under 236.5 Total Portland Trail Blazers @ Minnesota Timberwolves,,Basketball,NBA
019c4d3b-a5a3-7381-aed2-bc06e7c2344f,Novig,straight,SETTLED_WIN,1.923076923076923,2.01,-0.0432,24.9964,23.07,02/11/2026 15:04:47 GMT,02/12/2026 00:05:00 GMT,2026-02-11T15:04:47.714Z,2026-02-12T00:05:00.000Z,Over 220.5 Total Milwaukee Bucks @ Orlando Magic,,Basketball,NBA
26058600000049605,Fanatics,straight,SETTLED_LOSS,2.15,1.9803921568627452,0.0856,15,-15.00,02/10/2026 16:40:35 GMT,02/11/2026 05:58:34 GMT,2026-02-10T16:40:35.725Z,2026-02-11T05:58:34.554Z,4+ Devin Vassell - Rebounds San Antonio Spurs at Los Angeles Lakers,,Basketball,NBA
20EZZBD1SB,BetMGM,straight,SETTLED_WIN,1.510204081632653,1.526315789473684,-0.0106,20,10.21,02/10/2026 16:43:47 GMT,02/11/2026 05:00:00 GMT,2026-02-10T16:43:47.773Z,2026-02-11T05:00:00.000Z,Arkansas Moneyline Arkansas at LSU,,Basketball,NCAAM
639063385108075565,Draftkings Sportsbook,straight,SETTLED_WIN,1.9174311926605505,1.847457627118644,0.0379,15,13.76,02/10/2026 16:41:51 GMT,02/11/2026 04:31:43 GMT,2026-02-10T16:41:51.558Z,2026-02-11T04:31:43.034Z,Over 20.5 Dillon Brooks Points O/U DAL Mavericks @ PHO Suns,,Basketball,NBA
PlacedBet:cOqyJkKU7UhiZ7JQ+emv7TarlB0=,theScore Bet,straight,SETTLED_LOSS,1.8,1.6756756756756757,0.0742,17,-17.00,02/10/2026 16:42:21 GMT,02/11/2026 04:29:36 GMT,2026-02-10T16:42:21.589Z,2026-02-11T04:29:36.291Z,Over 10.5 Brandon Williams Total Points Dallas Mavericks @ Phoenix Suns,,Basketball,NBA
5d402979-f82b-44e4-ab70-529f35624c3a,ProphetX,straight,SETTLED_WIN,1.9611650485436891,2.09,-0.0616,35,33.64,02/10/2026 16:39:19 GMT,02/11/2026 04:00:00 GMT,2026-02-10T16:39:19.000Z,2026-02-11T04:00:00.000Z,Los Angeles Clippers +8.0 Spread Los Angeles Clippers at Houston Rockets,,Basketball,NBA
019c486d-2c5c-7302-a5aa-7265354af7de,Novig,straight,SETTLED_LOSS,2.34192037470726,2.23,0.0502,14.99624,-15.00,02/10/2026 16:40:44 GMT,02/11/2026 03:35:00 GMT,2026-02-10T16:40:44.004Z,2026-02-11T03:35:00.000Z,Over 4.5 Keldon Johnson REBOUNDS San Antonio Spurs @ Los Angeles Lakers,,Basketball,NBA
019c486d-c04e-7cec-b261-ed5047dd4a67,Novig,straight,SETTLED_LOSS,1.8181818181818181,1.819672131147541,-0.0008,14.9985,-15.00,02/10/2026 16:41:20 GMT,02/11/2026 03:35:00 GMT,2026-02-10T16:41:20.712Z,2026-02-11T03:35:00.000Z,Over 10.5 Keldon Johnson POINTS San Antonio Spurs @ Los Angeles Lakers,,Basketball,NBA
019c486c-5167-7bc7-ac59-43d1473de1a4,Novig,straight,SETTLED_LOSS,2.109704641350211,3.17,-0.3345,44.99682,-45.00,02/10/2026 16:39:48 GMT,02/11/2026 03:35:00 GMT,2026-02-10T16:39:48.252Z,2026-02-11T03:35:00.000Z,home +8.5 Spread San Antonio Spurs @ Los Angeles Lakers,,Basketball,NBA
26058602000029605,Fanatics,straight,SETTLED_LOSS,2.19,1.8,0.2167,25,-25.00,02/10/2026 16:42:08 GMT,02/11/2026 03:32:17 GMT,2026-02-10T16:42:08.737Z,2026-02-11T03:32:17.368Z,Over 3.5 Clint Capela - Points OU Los Angeles Clippers at Houston Rockets,,Basketball,NBA
f4da1494-b01f-4943-8ebb-55278dd65b4b,ProphetX,straight,SETTLED_WIN,1.9705882352941178,1.8,0.0948,35,33.98,02/10/2026 16:39:05 GMT,02/11/2026 03:30:00 GMT,2026-02-10T16:39:05.000Z,2026-02-11T03:30:00.000Z,over 225.0 Total Points Indiana Pacers at New York Knicks,,Basketball,NBA
O/0003172/0004079,Fanduel Sportsbook,straight,SETTLED_WIN,1.9433962264150944,1.8771929824561404,0.0353,45,42.45,02/10/2026 16:38:50 GMT,02/11/2026 03:27:58 GMT,2026-02-10T16:38:50.000Z,2026-02-11T03:27:58.000Z,Indiana Pacers 12.0 Spread Betting Indiana Pacers @ New York Knicks,,Basketball,NBA
O/0003172/0004080,Fanduel Sportsbook,straight,SETTLED_LOSS,1.9090909090909092,1.8695652173913042,0.0211,35,-35.00,02/10/2026 16:39:30 GMT,02/11/2026 03:24:14 GMT,2026-02-10T16:39:30.000Z,2026-02-11T03:24:14.000Z,Over 212.5 Total Points Los Angeles Clippers @ Houston Rockets,,Basketball,NBA
26058600000029405,Fanatics,straight,SETTLED_WIN,1.8,1.7575757575757576,0.0241,15,12.00,02/10/2026 16:40:26 GMT,02/11/2026 03:18:43 GMT,2026-02-10T16:40:26.528Z,2026-02-11T03:18:43.988Z,7+ Amen Thompson - Rebounds Los Angeles Clippers at Houston Rockets,,Basketball,NBA
20EZZDFHM6,BetMGM,parlay,SETTLED_LOSS,3.95,3.763320463320463,0.0496,20,-20.00,02/10/2026 16:45:25 GMT,02/11/2026 03:00:00 GMT,2026-02-10T16:45:25.700Z,2026-02-11T03:00:00.000Z,St. Joseph's Moneyline Fordham at St. Joseph's | Virginia Moneyline Virginia at Florida State | Arkansas Moneyline Arkansas at LSU | Iowa State Moneyline Iowa State at TCU,,Basketball,NCAAM
91f498ee-5e79-4068-b3c7-fd12292beaab,ProphetX,straight,SETTLED_LOSS,1.4604651162790696,1.562735699693565,-0.0654,30,-30.00,02/10/2026 16:44:22 GMT,02/11/2026 02:25:51 GMT,2026-02-10T16:44:22.000Z,2026-02-11T02:25:51.066Z,Saint Joseph's Hawks Moneyline Fordham Rams at Saint Joseph's Hawks,,Basketball,NCAAM
fba8aa1f-021e-4844-a692-c542f4067edc,ProphetX,straight,SETTLED_LOSS,1.5689655172413792,1.606060606060606,-0.0231,30,-30.00,02/10/2026 16:44:02 GMT,02/11/2026 02:25:51 GMT,2026-02-10T16:44:02.000Z,2026-02-11T02:25:51.066Z,George Mason Patriots Moneyline George Mason Patriots at Richmond Spiders,,Basketball,NCAAM
26058604000019505,Fanatics,straight,SETTLED_WIN,1.5714285714285714,1.6369426751592355,-0.0400,30,17.14,02/10/2026 16:44:53 GMT,02/11/2026 02:13:46 GMT,2026-02-10T16:44:53.558Z,2026-02-11T02:13:46.698Z,BYU Money Line Brigham Young Cougars at Baylor Bears,,Basketball,NCAAM
019c486d-9e84-7c12-9e4f-45551d11c9ff,Novig,straight,SETTLED_VOID,2,,,20,0.00,02/10/2026 16:41:13 GMT,02/11/2026 02:05:00 GMT,2026-02-10T16:41:13.485Z,2026-02-11T02:05:00.000Z,Over 8.5 Klay Thompson POINTS Dallas Mavericks @ Phoenix Suns,,Basketball,NBA
019c486c-2e1f-74fa-9408-f317cc548174,Novig,straight,SETTLED_LOSS,1.9723865877712032,1.9090909090909092,0.0332,34.99821,-35.00,02/10/2026 16:39:39 GMT,02/11/2026 02:05:00 GMT,2026-02-10T16:39:39.150Z,2026-02-11T02:05:00.000Z,away +8.5 Spread Dallas Mavericks @ Phoenix Suns,,Basketball,NBA
019c486d-4c40-7f99-9315-6d469c5fc160,Novig,straight,SETTLED_WIN,1.8348623853211008,1.7692307692307692,0.0371,19.99605,16.69,02/10/2026 16:40:51 GMT,02/11/2026 00:35:00 GMT,2026-02-10T16:40:51.209Z,2026-02-11T00:35:00.000Z,Over 2.5 Andrew Nembhard REBOUNDS Indiana Pacers @ New York Knicks,,Basketball,NBA
019c4870-aed7-7ad8-affd-6ad4e28ecfb3,Novig,straight,SETTLED_LOSS,1.838235294117647,1.7407407407407407,0.0560,19.99744,-20.00,02/10/2026 16:44:34 GMT,02/11/2026 00:00:00 GMT,2026-02-10T16:44:34.081Z,2026-02-11T00:00:00.000Z,Nebraska Moneyline Purdue @ Nebraska,,Basketball,NCAAM
adcd1872-16b5-4ce7-87bb-85e2d47b0540,ProphetX,straight,SETTLED_WIN,1.7071428571428573,,,35,24.75,02/09/2026 18:01:57 GMT,02/10/2026 22:16:28 GMT,2026-02-09T18:01:57.000Z,2026-02-10T22:16:28.033Z,Both Teams To Score - YES Premier League AFC Bournemouth at Everton FC,,Soccer,English Premier League
019c486d-dd13-70f3-b16f-b90b4626a5b0,Novig,straight,SETTLED_VOID,1.9801980198019802,,,14.9985,0.00,02/10/2026 16:41:28 GMT,02/10/2026 22:16:26 GMT,2026-02-10T16:41:28.029Z,2026-02-10T22:16:26.910Z,Under 19.5 Austin Reaves POINTS San Antonio Spurs @ Los Angeles Lakers,,Basketball,NBA
20EYLWK6A2,BetMGM,straight,SETTLED_WIN,1.526315789473684,1.5681818181818183,-0.0267,40,21.05,02/09/2026 18:04:29 GMT,02/10/2026 22:16:26 GMT,2026-02-09T18:04:29.610Z,2026-02-10T22:16:26.367Z,Yes Both teams to score West Ham United - Manchester United,,Soccer,English Premier League
O/0003172/0004082,Fanduel Sportsbook,straight,SETTLED_LOSS,1.4545454545454546,,,23,-23.00,02/10/2026 21:04:53 GMT,02/10/2026 22:11:17 GMT,2026-02-10T21:04:53.000Z,2026-02-10T22:11:17.000Z,No Both Teams To Score West Ham v Man Utd,,Soccer,English Premier League
a2d20790-05e1-11f1-a9b4-f917a6c7d322,Caesars Sportsbook,straight,SETTLED_WIN,1.66667,1.5121369949494952,0.1022,45,30.00,02/09/2026 18:03:28 GMT,02/10/2026 20:59:34 GMT,2026-02-09T18:03:28.265Z,2026-02-10T20:59:34.849Z,Yes Both Teams To Score Tottenham vs Newcastle,,Soccer,English Premier League
O/0003172/0004043,Fanduel Sportsbook,straight,SETTLED_WIN,1.6666666666666665,1.7706233301526717,-0.0587,37,24.67,02/02/2026 14:59:55 GMT,02/10/2026 20:57:41 GMT,2026-02-02T14:59:55.000Z,2026-02-10T20:57:41.000Z,Yes Both Teams To Score Chelsea v Leeds,,Soccer,English Premier League
20EYK20FT8,BetMGM,straight,SETTLED_WIN,1.9523809523809523,1.8,0.0847,20,19.05,02/09/2026 17:06:06 GMT,02/10/2026 06:04:13 GMT,2026-02-09T17:06:06.220Z,2026-02-10T06:04:13.670Z,Under 3.5 De'Anthony Melton (GSW): Rebounds Memphis Grizzlies at Golden State Warriors,,Basketball,NBA
639062528993444160,Draftkings Sportsbook,straight,SETTLED_LOSS,2.06,1.7692307692307692,0.1643,10,-10.00,02/09/2026 16:54:59 GMT,02/10/2026 06:00:00 GMT,2026-02-09T16:54:59.101Z,2026-02-10T06:00:00.000Z,Under 3.5 Jerami Grant Rebounds O/U PHI 76ers @ POR Trail Blazers,,Basketball,NBA
1a4eb51c-ef93-4d90-aac0-1a434f9ae045,ProphetX,straight,SETTLED_WIN,1.9705882352941178,2.26,-0.1281,30,29.12,02/09/2026 14:39:22 GMT,02/10/2026 06:00:00 GMT,2026-02-09T14:39:22.000Z,2026-02-10T06:00:00.000Z,over 222.5 Total Points Memphis Grizzlies at Golden State Warriors,,Basketball,NBA
O/0003172/0004075,Fanduel Sportsbook,straight,SETTLED_WIN,1.8771929824561404,1.9090909090909092,-0.0167,35,30.70,02/09/2026 14:39:40 GMT,02/10/2026 05:43:58 GMT,2026-02-09T14:39:40.000Z,2026-02-10T05:43:58.000Z,Over 221.5 Total Points Oklahoma City Thunder @ Los Angeles Lakers,,Basketball,NBA
O/0003172/0004077,Fanduel Sportsbook,straight,SETTLED_WIN,1.8771929824561404,1.847457627118644,0.0161,15,13.16,02/09/2026 16:56:50 GMT,02/10/2026 05:36:03 GMT,2026-02-09T16:56:50.000Z,2026-02-10T05:36:03.000Z,Cedric Coward Under 6.5 Cedric Coward - Rebounds Memphis Grizzlies @ Golden State Warriors,,Basketball,NBA
26057174000059605,Fanatics,straight,SETTLED_WIN,2.1,2.06,0.0194,10,11.00,02/09/2026 16:54:36 GMT,02/10/2026 05:32:17 GMT,2026-02-09T16:54:36.197Z,2026-02-10T05:32:17.339Z,4+ Luguentz Dort - Rebounds Oklahoma City Thunder at Los Angeles Lakers,,Basketball,NBA
3bf223e0-9763-46bd-9056-eb0f4badab9d,ProphetX,straight,SETTLED_WIN,2.0098000000000003,2.25,-0.1068,45,45.44,02/09/2026 14:38:39 GMT,02/10/2026 05:00:00 GMT,2026-02-09T14:38:39.000Z,2026-02-10T05:00:00.000Z,Cleveland Cavaliers Moneyline Cleveland Cavaliers at Denver Nuggets,,Basketball,NBA
639062528446601933,Draftkings Sportsbook,straight,SETTLED_LOSS,2.48,2.75,-0.0982,10,-10.00,02/09/2026 16:54:05 GMT,02/10/2026 04:50:54 GMT,2026-02-09T16:54:05.396Z,2026-02-10T04:50:54.877Z,4+ Dennis Schroder Assists CLE Cavaliers @ DEN Nuggets,,Basketball,NBA
PlacedBet:khsR9MSakM6EiwTYBPObq0ekd9w=,theScore Bet,straight,SETTLED_LOSS,1.6896551724137931,1.4545454545454546,0.1616,20,-20.00,02/09/2026 14:46:33 GMT,02/10/2026 04:19:44 GMT,2026-02-09T14:46:33.930Z,2026-02-10T04:19:44.171Z,Arizona Moneyline Arizona Wildcats @ Kansas Jayhawks,,Basketball,NCAAM
89344b3b-338b-4ce2-93f0-3814ebafef8d,ProphetX,straight,SETTLED_LOSS,1.9801980198019804,1.995338217821782,-0.0076,35,-35.00,02/09/2026 14:37:58 GMT,02/10/2026 03:46:06 GMT,2026-02-09T14:37:58.000Z,2026-02-10T03:46:06.244Z,under 238.5 Total Points Atlanta Hawks at Minnesota Timberwolves,,Basketball,NBA
20EYECMCU5,BetMGM,straight,SETTLED_WIN,1.7692307692307692,1.970873786407767,-0.1023,25,19.23,02/09/2026 14:36:07 GMT,02/10/2026 03:40:00 GMT,2026-02-09T14:36:07.230Z,2026-02-10T03:40:00.000Z,Under 220.5 Totals Milwaukee Bucks at Orlando Magic,,Basketball,NBA
639062529633336036,Draftkings Sportsbook,straight,SETTLED_WIN,1.6802721088435373,1.6666666666666665,0.0082,20,13.60,02/09/2026 16:56:04 GMT,02/10/2026 03:24:52 GMT,2026-02-09T16:56:04.414Z,2026-02-10T03:24:52.834Z,Over 6.5 Julius Randle Rebounds O/U ATL Hawks @ MIN Timberwolves,,Basketball,NBA
26057238000039705,Fanatics,parlay,SETTLED_LOSS,4.3100000000000005,,,7,-7.00,02/09/2026 17:58:24 GMT,02/10/2026 03:20:26 GMT,2026-02-09T17:58:24.613Z,2026-02-10T03:20:26.288Z,10+ Jusuf Nurkic - Rebounds Utah Jazz at Miami Heat | 22+ Lauri Markkanen - Points Utah Jazz at Miami Heat | 8+ Domantas Sabonis - Rebounds Sacramento Kings at New Orleans Pelicans,,Basketball,NBA
O/0003172/0004076,Fanduel Sportsbook,straight,SETTLED_LOSS,1.8333333333333335,1.7407407407407407,0.0532,15,-15.00,02/09/2026 16:56:32 GMT,02/10/2026 03:12:07 GMT,2026-02-09T16:56:32.000Z,2026-02-10T03:12:07.000Z,Anthony Black Under 4.5 Anthony Black - Rebounds Milwaukee Bucks @ Orlando Magic,,Basketball,NBA
20EYK21AAA,BetMGM,straight,SETTLED_WIN,1.7692307692307692,1.7692307692307692,,20,15.38,02/09/2026 17:06:42 GMT,02/10/2026 03:08:19 GMT,2026-02-09T17:06:42.823Z,2026-02-10T03:08:19.711Z,Over 4.5 Tobias Harris (DET): Rebounds Detroit Pistons at Charlotte Hornets,,Basketball,NBA
9223b93a-dcf6-41be-967e-a55009e7336d,ProphetX,straight,SETTLED_LOSS,1.9339622641509435,1.8403361344537816,0.0509,55,-55.00,02/09/2026 14:35:12 GMT,02/10/2026 03:08:05 GMT,2026-02-09T14:35:12.000Z,2026-02-10T03:08:05.622Z,Milwaukee Bucks +10.5 Spread Milwaukee Bucks at Orlando Magic,,Basketball,NBA
e2c49f56-6cd3-42ea-8f1d-eb43e075cd50,Novig,parlay,SETTLED_LOSS,10.638297872340425,,,5,-5.00,02/09/2026 18:00:58 GMT,02/10/2026 03:05:00 GMT,2026-02-09T18:00:58.041Z,2026-02-10T03:05:00.000Z,Under 4.5 Pat Spencer REBOUNDS Memphis Grizzlies @ Golden State Warriors | Under 5.5 Gui Santos REBOUNDS Memphis Grizzlies @ Golden State Warriors | Under 5.5 Al Horford REBOUNDS Memphis Grizzlies @ Golden State Warriors,,Basketball,NBA
019c4354-4bf5-7f60-9831-130d447ff4e1,Novig,straight,SETTLED_LOSS,2.197802197802198,2.1,0.0466,9.99635,-10.00,02/09/2026 16:55:51 GMT,02/10/2026 03:05:00 GMT,2026-02-09T16:55:51.144Z,2026-02-10T03:05:00.000Z,Under 5.5 Gui Santos REBOUNDS Memphis Grizzlies @ Golden State Warriors,,Basketball,NBA
019c42d8-4ed0-74e3-a915-7027c4e43105,Novig,straight,SETTLED_LOSS,1.8832391713747643,1.847457627118644,0.0194,13.221900000000002,-13.22,02/09/2026 14:40:03 GMT,02/10/2026 03:05:00 GMT,2026-02-09T14:40:03.105Z,2026-02-10T03:05:00.000Z,home +7.5 Spread Oklahoma City Thunder @ Los Angeles Lakers,,Basketball,NBA
O/0003172/0004074,Fanduel Sportsbook,straight,SETTLED_LOSS,1.8333333333333335,1.6451612903225805,0.1144,25,-25.00,02/09/2026 14:32:42 GMT,02/10/2026 03:03:51 GMT,2026-02-09T14:32:42.000Z,2026-02-10T03:03:51.000Z,Under 222.5 Alternate Total Points Chicago Bulls @ Brooklyn Nets,,Basketball,NBA
O/0003172/0004073,Fanduel Sportsbook,straight,SETTLED_WIN,1.8620689655172413,1.8130081300813008,0.0271,20,17.24,02/09/2026 14:28:46 GMT,02/10/2026 03:03:50 GMT,2026-02-09T14:28:46.000Z,2026-02-10T03:03:50.000Z,Brooklyn Nets +4.5 Alternate Spread Chicago Bulls @ Brooklyn Nets,,Basketball,NBA
5b9fdb74-da47-47c2-ae5a-b6be8b216985,ProphetX,straight,SETTLED_LOSS,2.386,2.27,0.0511,35,-35.00,02/09/2026 14:27:18 GMT,02/10/2026 03:00:00 GMT,2026-02-09T14:27:18.000Z,2026-02-10T03:00:00.000Z,Charlotte Hornets Moneyline Detroit Pistons at Charlotte Hornets,,Basketball,NBA
639062568069880553,Draftkings Sportsbook,parlay,SETTLED_LOSS,7.3,,,5,-5.00,02/09/2026 18:00:07 GMT,02/10/2026 02:59:24 GMT,2026-02-09T18:00:07.730Z,2026-02-10T02:59:24.007Z,18+ Jalen Duren Points DET Pistons @ CHA Hornets | Over 5.5 Miles Bridges Rebounds O/U DET Pistons @ CHA Hornets | Over 2.5 Sion James Rebounds O/U DET Pistons @ CHA Hornets,,Basketball,NBA
639062567700924328,Draftkings Sportsbook,parlay,SETTLED_LOSS,9.07,7.8447260115606925,0.1562,5,-5.00,02/09/2026 17:59:30 GMT,02/10/2026 02:59:19 GMT,2026-02-09T17:59:30.845Z,2026-02-10T02:59:19.000Z,Over 6.5 Julius Randle Rebounds O/U ATL Hawks @ MIN Timberwolves | 18+ Jalen Duren Points DET Pistons @ CHA Hornets | Under 5.5 Gui Santos Rebounds O/U MEM Grizzlies @ GS Warriors,,Basketball,NBA
6e3751b0-05d8-11f1-9039-19af4b9c77b5,Caesars Sportsbook,straight,SETTLED_LOSS,1.77,1.6849315068493151,0.0505,15,-15.00,02/09/2026 16:57:34 GMT,02/10/2026 02:57:17 GMT,2026-02-09T16:57:34.539Z,2026-02-10T02:57:17.074Z,Under 8.5 Paolo Banchero - Total Rebounds Milwaukee Bucks at Orlando Magic,,Basketball,NBA
26057174000039605,Fanatics,straight,SETTLED_LOSS,2.05,2.1,-0.0238,10,-10.00,02/09/2026 16:54:26 GMT,02/10/2026 02:49:37 GMT,2026-02-09T16:54:26.926Z,2026-02-10T02:49:37.374Z,6+ Miles Bridges - Rebounds Detroit Pistons at Charlotte Hornets,,Basketball,NBA
PlacedBet:sH+y2aju9jA76X0HfUlAKC5YHao=,theScore Bet,parlay,SETTLED_LOSS,13.876,,,5,-5.00,02/09/2026 17:56:32 GMT,02/10/2026 02:47:43 GMT,2026-02-09T17:56:32.868Z,2026-02-10T02:47:43.402Z,CHA Hornets Moneyline Detroit Pistons @ Charlotte Hornets | BKN Nets Moneyline Chicago Bulls @ Brooklyn Nets | Over 8.5 Domantas Sabonis Total Rebounds Sacramento Kings @ New Orleans Pelicans,,Basketball,NBA
a6047c70-05d9-11f1-92da-fb64e306e7fb,Caesars Sportsbook,straight,SETTLED_LOSS,1.68966,1.847457627118644,-0.0854,15,-15.00,02/09/2026 17:06:17 GMT,02/10/2026 02:22:07 GMT,2026-02-09T17:06:17.655Z,2026-02-10T02:22:07.361Z,Under 2.5 Collin Sexton - Total Rebounds Chicago Bulls at Brooklyn Nets,,Basketball,NBA
019c42d7-6376-7975-8c7a-a1d3cf05d6d9,Novig,straight,SETTLED_WIN,1.876172607879925,2.3,-0.1843,24.9977,21.90,02/09/2026 14:39:00 GMT,02/10/2026 02:05:00 GMT,2026-02-09T14:39:00.875Z,2026-02-10T02:05:00.000Z,Under 239.5 Total Cleveland Cavaliers @ Denver Nuggets,,Basketball,NBA
26057172000049505,Fanatics,straight,SETTLED_VOID,2.05,,,10,0.00,02/09/2026 16:52:30 GMT,02/10/2026 02:03:54 GMT,2026-02-09T16:52:30.160Z,2026-02-10T02:03:54.988Z,9+ Domantas Sabonis - Rebounds Sacramento Kings at New Orleans Pelicans,,Basketball,NBA
20EYJMC5GB,BetMGM,straight,SETTLED_WIN,2.26,2,0.1300,15,18.90,02/09/2026 16:53:21 GMT,02/10/2026 01:54:07 GMT,2026-02-09T16:53:21.460Z,2026-02-10T01:54:07.187Z,Over 9.5 Jusuf Nurkic (UTA): Rebounds Utah Jazz at Miami Heat,,Basketball,NBA
019c4353-3092-77d3-a12a-52ae7d8ea9ef,Novig,straight,SETTLED_LOSS,2.5510204081632657,2.54,0.0043,9.99992,-10.00,02/09/2026 16:54:15 GMT,02/10/2026 01:05:00 GMT,2026-02-09T16:54:15.449Z,2026-02-10T01:05:00.000Z,Under 3.5 Nique Clifford REBOUNDS Sacramento Kings @ New Orleans Pelicans,,Basketball,NBA
019c42cd-747c-73e1-bc35-fe578e1ae885,Novig,straight,SETTLED_WIN,2.493765586034913,2.4,0.0391,29.99881,44.81,02/09/2026 14:28:14 GMT,02/10/2026 00:35:00 GMT,2026-02-09T14:28:14.655Z,2026-02-10T00:35:00.000Z,Brooklyn Nets Moneyline Chicago Bulls @ Brooklyn Nets,,Basketball,NBA
019c4355-6e15-799e-ba01-7ca01419a933,Novig,straight,SETTLED_LOSS,1.8348623853211008,1.7692307692307692,0.0371,14.9984,-15.00,02/09/2026 16:56:41 GMT,02/10/2026 00:05:00 GMT,2026-02-09T16:56:41.942Z,2026-02-10T00:05:00.000Z,Over 2.5 Sion James REBOUNDS Detroit Pistons @ Charlotte Hornets,,Basketball,NBA
019c42cd-2743-72ec-9708-1aaabcdf6471,Novig,straight,SETTLED_LOSS,1.9723865877712032,2,-0.0138,34.99821,-35.00,02/09/2026 14:27:51 GMT,02/10/2026 00:05:00 GMT,2026-02-09T14:27:51.770Z,2026-02-10T00:05:00.000Z,Over 222.5 Total Detroit Pistons @ Charlotte Hornets,,Basketball,NBA
019c42cc-e2f0-78bf-9b5d-0dc386e59305,Novig,straight,SETTLED_LOSS,1.8832391713747645,1.8,0.0462,19.99746,-20.00,02/09/2026 14:27:34 GMT,02/10/2026 00:05:00 GMT,2026-02-09T14:27:34.010Z,2026-02-10T00:05:00.000Z,home +3.5 Spread Detroit Pistons @ Charlotte Hornets,,Basketball,NBA
019c42dd-5731-738d-8a04-f9879006b71e,Novig,straight,SETTLED_LOSS,1.9801980198019802,2.1,-0.0570,19.998,-20.00,02/09/2026 14:45:32 GMT,02/10/2026 00:00:00 GMT,2026-02-09T14:45:32.415Z,2026-02-10T00:00:00.000Z,Incarnate Word Moneyline Incarnate Word @ Southeastern Louisiana,,Basketball,NCAAM
PlacedBet:+UOpi4fr6vvu9aiDgmoE9zYLCC0=,theScore Bet,straight,SETTLED_LOSS,2.25,2.42,-0.0702,20,-20.00,02/09/2026 14:44:51 GMT,02/09/2026 23:15:14 GMT,2026-02-09T14:44:51.786Z,2026-02-09T23:15:14.782Z,St. Francis (PA) Moneyline St. Francis (PA) Red Flash @ Chicago State Cougars,,Basketball,NCAAM
PlacedBet:+ILVlNUhKlag8oIVOLY5DYbSwa4=,theScore Bet,parlay,SETTLED_LOSS,8.32857142857143,6.8,0.2248,7,-7.00,02/09/2026 14:46:59 GMT,02/09/2026 23:15:09 GMT,2026-02-09T14:46:59.284Z,2026-02-09T23:15:09.780Z,St. Francis (PA) Moneyline St. Francis (PA) Red Flash @ Chicago State Cougars | Incarnate Word Moneyline Incarnate Word Cardinals @ Southeastern Louisiana Lions | Arizona Moneyline Arizona Wildcats @ Kansas Jayhawks,,Basketball,NCAAM
26041227000019805,Fanatics,straight,SETTLED_LOSS,4.8,3.03,0.5842,20,-20.00,01/29/2026 15:07:17 GMT,02/09/2026 03:42:48 GMT,2026-01-29T15:07:17.648Z,2026-02-09T03:42:48.506Z,New England Patriots Money Line Seattle Seahawks at New England Patriots,,American Football,NFL
f0820290-004d-11f1-aa63-7db89dd9c0e7,Caesars Sportsbook,parlay,SETTLED_LOSS,6.938,,,5,-5.00,02/02/2026 15:43:37 GMT,02/09/2026 03:29:33 GMT,2026-02-02T15:43:37.273Z,2026-02-09T03:29:33.151Z,Over 17.5 TreVeyon Henderson Total Rushing Yards Seattle Seahawks at New England Patriots | Over 229.5 Sam Darnold Total Passing Yards Seattle Seahawks at New England Patriots | 4+ Cooper Kupp - Receptions Seattle Seahawks at New England Patriots,,American Football,NFL
26046939000039905,Fanatics,straight,SETTLED_WIN,2.99,2.6,0.1500,10,19.95,02/02/2026 14:19:22 GMT,02/09/2026 03:14:26 GMT,2026-02-02T14:19:22.995Z,2026-02-09T03:14:26.316Z,Rhamondre Stevenson Anytime Touchdown Scorer Seattle Seahawks at New England Patriots,,American Football,NFL
26056266000029705,Fanatics,straight,SETTLED_LOSS,1.6451612903225805,,,30,-30.00,02/09/2026 01:46:07 GMT,02/09/2026 03:03:08 GMT,2026-02-09T01:46:07.576Z,2026-02-09T03:03:08.518Z,Under 31.5 Total Points Seattle Seahawks at New England Patriots,,American Football,NFL
O/0003172/0004042,Fanduel Sportsbook,straight,SETTLED_LOSS,7.5,,,5,-5.00,02/02/2026 14:28:53 GMT,02/09/2026 02:37:04 GMT,2026-02-02T14:28:53.000Z,2026-02-09T02:37:04.000Z,Drake Maye 1st Team Touchdown Scorer Seattle Seahawks @ New England Patriots,,American Football,NFL
O/0003172/0004041,Fanduel Sportsbook,straight,SETTLED_LOSS,4.5,,,5,-5.00,02/02/2026 14:28:47 GMT,02/09/2026 02:37:03 GMT,2026-02-02T14:28:47.000Z,2026-02-09T02:37:03.000Z,Rhamondre Stevenson 1st Team Touchdown Scorer Seattle Seahawks @ New England Patriots,,American Football,NFL
ca40abf0-0047-11f1-b09a-4ddf17bc2c97,Caesars Sportsbook,straight,SETTLED_WIN,1.55556,1.4830917874396135,0.0489,30,16.67,02/02/2026 14:59:36 GMT,02/08/2026 18:14:10 GMT,2026-02-02T14:59:36.111Z,2026-02-08T18:14:10.549Z,Yes Both Teams To Score Liverpool vs Man City,,Soccer,English Premier League
26046981000039505,Fanatics,straight,SETTLED_WIN,1.5714285714285714,1.6024096385542168,-0.0193,40,22.86,02/02/2026 15:01:48 GMT,02/08/2026 17:06:37 GMT,2026-02-02T15:01:48.412Z,2026-02-08T17:06:37.299Z,Yes Both Teams to Score Bayern Munich vs Hoffenheim,,Soccer,Bundesliga
b1850337-14e1-4d5d-804f-8e8138bbd63d,ProphetX,straight,SETTLED_WIN,1.9428571428571428,2.15,-0.0963,50,47.14,02/07/2026 14:29:09 GMT,02/08/2026 06:00:00 GMT,2026-02-07T14:29:09.000Z,2026-02-08T06:00:00.000Z,Memphis Grizzlies +8.5 Spread Memphis Grizzlies at Portland Trail Blazers,,Basketball,NBA
26054444000019405,Fanatics,straight,SETTLED_LOSS,1.7692307692307692,1.6369426751592355,0.0808,13,-13.00,02/07/2026 19:24:00 GMT,02/08/2026 05:29:56 GMT,2026-02-07T19:24:00.820Z,2026-02-08T05:29:56.164Z,4+ Jrue Holiday - Rebounds Memphis Grizzlies at Portland Trail Blazers,,Basketball,NBA
O/0003172/0004069,Fanduel Sportsbook,straight,SETTLED_WIN,1.9433962264150944,2.1399999999999997,-0.0919,57,53.77,02/07/2026 14:29:42 GMT,02/08/2026 05:26:49 GMT,2026-02-07T14:29:42.000Z,2026-02-08T05:26:49.000Z,Sacramento Kings 12.0 Spread Betting Cleveland Cavaliers @ Sacramento Kings,,Basketball,NBA
1dea8f98-74c3-494b-833b-3b78594095c8,ProphetX,straight,SETTLED_LOSS,1.9,1.8403361344537816,0.0324,30,-30.00,02/07/2026 14:28:50 GMT,02/08/2026 05:00:00 GMT,2026-02-07T14:28:50.000Z,2026-02-08T05:00:00.000Z,over 223.5 Total Points Philadelphia 76ers at Phoenix Suns,,Basketball,NBA
650886f6-b3a6-402e-a945-a551a591b291,ProphetX,straight,SETTLED_LOSS,1.8839285714285714,1.8064516129032258,0.0429,60,-60.00,02/07/2026 14:28:05 GMT,02/08/2026 05:00:00 GMT,2026-02-07T14:28:05.000Z,2026-02-08T05:00:00.000Z,Phoenix Suns Moneyline Philadelphia 76ers at Phoenix Suns,,Basketball,NBA
639060890583127650,Draftkings Sportsbook,straight,SETTLED_WIN,2.02,1.900900900900901,0.0627,10,10.20,02/07/2026 19:24:19 GMT,02/08/2026 04:19:32 GMT,2026-02-07T19:24:19.716Z,2026-02-08T04:19:32.223Z,Under 5.5 Al Horford Rebounds O/U GS Warriors @ LA Lakers,,Basketball,NBA
c69a8fc0-0457-11f1-8388-13b15494a89a,Caesars Sportsbook,straight,SETTLED_LOSS,1.91,2.8200000000000003,-0.3227,15,-15.00,02/07/2026 19:04:06 GMT,02/08/2026 04:11:12 GMT,2026-02-07T19:04:06.588Z,2026-02-08T04:11:12.037Z,Under 17.5 Jerami Grant - Total Points Memphis Grizzlies at Portland Trail Blazers,,Basketball,NBA
PlacedBet:aZYq/X5gcLwRlbpw22YgyIM+P+s=,theScore Bet,straight,SETTLED_WIN,1.9523809523809523,1.5813953488372094,0.2346,12,11.43,02/07/2026 18:57:24 GMT,02/08/2026 04:09:06 GMT,2026-02-07T18:57:24.435Z,2026-02-08T04:09:06.734Z,Under 23.5 Austin Reaves Total Points Golden State Warriors @ Los Angeles Lakers,,Basketball,NBA
b736cd0f-7790-4bbb-9f74-1be5e517d04b,ProphetX,straight,SETTLED_LOSS,2.0197000000000003,2.51,-0.1953,50,-50.00,02/07/2026 14:27:32 GMT,02/08/2026 04:00:00 GMT,2026-02-07T14:27:32.000Z,2026-02-08T04:00:00.000Z,Chicago Bulls +5.5 Spread Denver Nuggets at Chicago Bulls,,Basketball,NBA
639060890230948313,Draftkings Sportsbook,straight,SETTLED_LOSS,1.8547008547008548,1.819672131147541,0.0193,15,-15.00,02/07/2026 19:23:44 GMT,02/08/2026 03:51:37 GMT,2026-02-07T19:23:44.436Z,2026-02-08T03:51:37.326Z,Under 4.5 Royce O'Neale Rebounds O/U PHI 76ers @ PHO Suns,,Basketball,NBA
019c3978-0b45-7c76-9586-a16230f8cbf1,Novig,straight,SETTLED_LOSS,2,1.4761904761904763,0.3548,10,-10.00,02/07/2026 19:01:23 GMT,02/08/2026 03:05:00 GMT,2026-02-07T19:01:23.569Z,2026-02-08T03:05:00.000Z,Over 16.5 DeMar DeRozan POINTS Cleveland Cavaliers @ Sacramento Kings,,Basketball,NBA
019c3983-aa57-7bbe-a292-f8d0c9fbbf3a,Novig,straight,SETTLED_LOSS,1.972386587771203,1.4651162790697674,0.3462,11.99562,-12.00,02/07/2026 19:11:00 GMT,02/08/2026 03:05:00 GMT,2026-02-07T19:11:00.737Z,2026-02-08T03:05:00.000Z,Over 15.5 Ty Jerome POINTS Memphis Grizzlies @ Portland Trail Blazers,,Basketball,NBA
019c3984-35cf-7ddf-af98-87994c06b40f,Novig,straight,SETTLED_VOID,2.079002079002079,,,10.03847,0.00,02/07/2026 19:11:34 GMT,02/08/2026 03:05:00 GMT,2026-02-07T19:11:34.714Z,2026-02-08T03:05:00.000Z,Over 16.5 Zach LaVine POINTS Cleveland Cavaliers @ Sacramento Kings,,Basketball,NBA
019c398f-fae6-7e84-9d1c-a1be56ae4c83,Novig,straight,SETTLED_LOSS,2.008032128514056,2,0.0040,9.99984,-10.00,02/07/2026 19:24:25 GMT,02/08/2026 03:05:00 GMT,2026-02-07T19:24:25.293Z,2026-02-08T03:05:00.000Z,Under 4.5 Russell Westbrook REBOUNDS Cleveland Cavaliers @ Sacramento Kings,,Basketball,NBA
019c3881-c8e0-76b1-8f17-90caf3ccad03,Novig,straight,SETTLED_LOSS,1.953125,1.5813953488372094,0.2351,34.9952,-35.00,02/07/2026 14:29:18 GMT,02/08/2026 03:05:00 GMT,2026-02-07T14:29:18.416Z,2026-02-08T03:05:00.000Z,Under 234.5 Total Memphis Grizzlies @ Portland Trail Blazers,,Basketball,NBA
bac783c8-9d73-4719-bff8-08a898af2e82,ProphetX,straight,SETTLED_WIN,2.287,2.1,0.0890,10,12.87,02/07/2026 18:56:59 GMT,02/08/2026 03:00:00 GMT,2026-02-07T18:56:59.000Z,2026-02-08T03:00:00.000Z,over 9.5 Jusuf Nurkić Rebounds Utah Jazz at Orlando Magic,,Basketball,NBA
97e5e422-6fa2-4f28-8d2c-482e7a1a105e,ProphetX,straight,SETTLED_WIN,1.9611650485436893,1.7092198581560285,0.1474,30,28.84,02/07/2026 14:26:30 GMT,02/08/2026 03:00:00 GMT,2026-02-07T14:26:30.000Z,2026-02-08T03:00:00.000Z,under 238.0 Total Points Utah Jazz at Orlando Magic,,Basketball,NBA
019c397b-1e6b-7257-a781-bd3382b6390a,Novig,straight,SETTLED_LOSS,1.893939393939394,1.900900900900901,-0.0037,9.99504,-10.00,02/07/2026 19:01:37 GMT,02/08/2026 02:05:00 GMT,2026-02-07T19:01:37.932Z,2026-02-08T02:05:00.000Z,Over 5.5 Oso Ighodaro POINTS Philadelphia 76ers @ Phoenix Suns,,Basketball,NBA
PlacedBet:uszRi04mjaWs0Tegq2A3C/juxzQ=,theScore Bet,straight,SETTLED_LOSS,1.3571428571428572,1.3875968992248062,-0.0219,20,-20.00,02/05/2026 14:30:44 GMT,02/08/2026 01:45:59 GMT,2026-02-05T14:30:44.006Z,2026-02-08T01:45:59.921Z,Duke Moneyline Duke Blue Devils @ North Carolina Tar Heels,,Basketball,NCAAM
PlacedBet:sWSIz3oVXzlJPvFJZZ50FyG3LN4=,theScore Bet,parlay,SETTLED_LOSS,8.203636363636363,8.125535614777283,0.0096,5.5,-5.50,02/06/2026 15:29:37 GMT,02/08/2026 01:45:49 GMT,2026-02-06T15:29:37.978Z,2026-02-08T01:45:49.902Z,Northern Iowa Moneyline Bradley Braves @ Northern Iowa Panthers | Belmont Moneyline Belmont Bruins @ UIC Flames | Alabama Moneyline Alabama Crimson Tide @ Auburn Tigers | Duke Moneyline Duke Blue Devils @ North Carolina Tar Heels,,Basketball,NCAAM
26054430000099805,Fanatics,straight,SETTLED_LOSS,2.19,2.3,-0.0478,20,-20.00,02/07/2026 19:10:51 GMT,02/08/2026 01:38:43 GMT,2026-02-07T19:10:51.129Z,2026-02-08T01:38:43.952Z,14+ Keldon Johnson - Points Dallas Mavericks at San Antonio Spurs,,Basketball,NBA
019c398f-736f-7975-8598-171825fe5982,Novig,straight,SETTLED_LOSS,1.9379844961240311,2.2,-0.1191,12.99804,-13.00,02/07/2026 19:23:51 GMT,02/08/2026 01:35:00 GMT,2026-02-07T19:23:51.834Z,2026-02-08T01:35:00.000Z,Over 3.5 Quinten Post REBOUNDS Golden State Warriors @ Los Angeles Lakers,,Basketball,NBA
019c3880-5a40-7915-99aa-b684a586d4f0,Novig,straight,SETTLED_LOSS,1.9607843137254903,2.0586911999999997,-0.0476,34.9962,-35.00,02/07/2026 14:27:45 GMT,02/08/2026 01:35:00 GMT,2026-02-07T14:27:45.029Z,2026-02-08T01:35:00.000Z,Over 220.5 Total Golden State Warriors @ Los Angeles Lakers,,Basketball,NBA
O/0003172/0004072,Fanduel Sportsbook,straight,SETTLED_LOSS,1.7692307692307692,2.16,-0.1809,14,-14.00,02/07/2026 19:24:09 GMT,02/08/2026 01:33:17 GMT,2026-02-07T19:24:09.000Z,2026-02-08T01:33:17.000Z,P.J. Washington To Record 6+ Rebounds Dallas Mavericks @ San Antonio Spurs,,Basketball,NBA
019c387f-7bcb-7292-9a5c-3f027eafb4b3,Novig,straight,SETTLED_WIN,1.9417475728155338,1.9523809523809523,-0.0054,49.9962,47.08,02/07/2026 14:26:49 GMT,02/08/2026 00:35:00 GMT,2026-02-07T14:26:49.118Z,2026-02-08T00:35:00.000Z,away -1.5 Spread Charlotte Hornets @ Atlanta Hawks,,Basketball,NBA
5e08c313-1082-4e9e-8b0f-be1dd97730ed,ProphetX,straight,SETTLED_LOSS,1.792,1.7874015748031495,0.0026,12,-12.00,02/07/2026 18:58:05 GMT,02/07/2026 23:30:00 GMT,2026-02-07T18:58:05.000Z,2026-02-07T23:30:00.000Z,over 3.5 Clint Capela Points Houston Rockets at Oklahoma City Thunder,,Basketball,NBA
O/0003172/0004062,Fanduel Sportsbook,straight,SETTLED_WIN,2.1399999999999997,2.2800000000000002,-0.0614,15,17.10,02/06/2026 15:30:58 GMT,02/07/2026 23:23:55 GMT,2026-02-06T15:30:58.000Z,2026-02-07T23:23:55.000Z,Alabama Moneyline Alabama @ Auburn,,Basketball,NCAAM
O/0003172/0004070,Fanduel Sportsbook,straight,SETTLED_LOSS,1.7692307692307692,1.8333333333333335,-0.0350,13,-13.00,02/07/2026 19:11:18 GMT,02/07/2026 23:22:52 GMT,2026-02-07T19:11:18.000Z,2026-02-07T23:22:52.000Z,Isaiah Hartenstein To Score 10+ Points Houston Rockets @ Oklahoma City Thunder,,Basketball,NBA
26054443000059605,Fanatics,straight,SETTLED_VOID,1.8,,,20,0.00,02/07/2026 19:23:16 GMT,02/07/2026 23:17:44 GMT,2026-02-07T19:23:16.678Z,2026-02-07T23:17:44.456Z,12+ Malik Monk - Points Cleveland Cavaliers at Sacramento Kings,,Basketball,NBA
26054444000159605,Fanatics,straight,SETTLED_VOID,1.7692307692307692,,,15,0.00,02/07/2026 19:24:44 GMT,02/07/2026 23:11:16 GMT,2026-02-07T19:24:44.404Z,2026-02-07T23:11:16.320Z,7+ Amen Thompson - Rebounds Houston Rockets at Oklahoma City Thunder,,Basketball,NBA
019c3984-1a6d-776c-b8eb-7702b16a263f,Novig,straight,SETTLED_WIN,2.0703933747412004,1.9523809523809523,0.0604,9.9981,10.70,02/07/2026 19:11:27 GMT,02/07/2026 23:05:00 GMT,2026-02-07T19:11:27.591Z,2026-02-07T23:05:00.000Z,Over 15.5 Stephon Castle POINTS Dallas Mavericks @ San Antonio Spurs,,Basketball,NBA
019c387e-b86a-7b4f-86d6-b8d05629a499,Novig,straight,SETTLED_LOSS,2.097402003505307,2.15,-0.0245,54.996610000000004,-55.00,02/07/2026 14:26:05 GMT,02/07/2026 23:05:00 GMT,2026-02-07T14:26:05.126Z,2026-02-07T23:05:00.000Z,away +9.5 Spread Dallas Mavericks @ San Antonio Spurs,,Basketball,NBA
26054444000079605,Fanatics,straight,SETTLED_LOSS,1.9090909090909092,1.970873786407767,-0.0313,15,-15.00,02/07/2026 19:24:35 GMT,02/07/2026 22:22:11 GMT,2026-02-07T19:24:35.377Z,2026-02-07T22:22:11.920Z,Washington Wizards +7.0 Spread Washington Wizards at Brooklyn Nets,,Basketball,NBA
26054445000019405,Fanatics,straight,SETTLED_VOID,2.1,,,10,0.00,02/07/2026 19:25:00 GMT,02/07/2026 21:20:08 GMT,2026-02-07T19:25:00.665Z,2026-02-07T21:20:08.323Z,11+ Domantas Sabonis - Rebounds Cleveland Cavaliers at Sacramento Kings,,Basketball,NBA
O/0003172/0004071,Fanduel Sportsbook,straight,SETTLED_VOID,1.847457627118644,,,10,0.00,02/07/2026 19:23:06 GMT,02/07/2026 21:06:19 GMT,2026-02-07T19:23:06.000Z,2026-02-07T21:06:19.000Z,Scoot Henderson To Score 10+ Points Memphis Grizzlies @ Portland Trail Blazers,,Basketball,NBA
019c3990-5d82-79f5-8451-73d0ad346784,Novig,straight,SETTLED_LOSS,2.040816326530612,2,0.0204,9.996,-10.00,02/07/2026 19:24:50 GMT,02/07/2026 20:35:00 GMT,2026-02-07T19:24:50.561Z,2026-02-07T20:35:00.000Z,Over 4.5 Jaylin Williams REBOUNDS Houston Rockets @ Oklahoma City Thunder,,Basketball,NBA
019c387e-3dcf-7e40-8a5f-e129ef974333,Novig,straight,SETTLED_LOSS,1.757469244288225,1.6802721088435373,0.0459,29.99768,-30.00,02/07/2026 14:25:28 GMT,02/07/2026 20:35:00 GMT,2026-02-07T14:25:28.396Z,2026-02-07T20:35:00.000Z,Oklahoma City Thunder Moneyline Houston Rockets @ Oklahoma City Thunder,,Basketball,NBA
019c387e-82b8-7d3e-a79d-1abeec5c9e1e,Novig,straight,SETTLED_WIN,2.079002079002079,2.0223028,0.0280,34.99756,37.76,02/07/2026 14:25:47 GMT,02/07/2026 20:35:00 GMT,2026-02-07T14:25:47.349Z,2026-02-07T20:35:00.000Z,Over 214.5 Total Houston Rockets @ Oklahoma City Thunder,,Basketball,NBA
019c387d-f634-7153-91cc-7d7bde613fb1,Novig,straight,SETTLED_LOSS,2.1231422505307855,1.9289269643475255,0.1007,29.99799,-30.00,02/07/2026 14:25:15 GMT,02/07/2026 20:35:00 GMT,2026-02-07T14:25:15.899Z,2026-02-07T20:35:00.000Z,home -3.5 Spread Houston Rockets @ Oklahoma City Thunder,,Basketball,NBA
c5ce36a0-0047-11f1-aeeb-47c93c5c81b6,Caesars Sportsbook,straight,SETTLED_WIN,1.625,1.6097560975609757,0.0095,40,25.00,02/02/2026 14:59:28 GMT,02/07/2026 18:09:03 GMT,2026-02-02T14:59:28.650Z,2026-02-07T18:09:03.427Z,Yes Both Teams To Score Newcastle vs Brentford,,Soccer,English Premier League
26046978000069705,Fanatics,straight,SETTLED_WIN,1.526315789473684,1.5714285714285714,-0.0287,50,26.32,02/02/2026 14:59:00 GMT,02/07/2026 16:57:25 GMT,2026-02-02T14:59:00.214Z,2026-02-07T16:57:25.050Z,No Both Teams to Score Arsenal vs Sunderland,,Soccer,English Premier League
bab220b0-0047-11f1-9407-a539ed702b1a,Caesars Sportsbook,straight,SETTLED_WIN,2,1.8,0.1111,35,35.00,02/02/2026 14:59:10 GMT,02/07/2026 16:34:45 GMT,2026-02-02T14:59:10.011Z,2026-02-07T16:34:45.303Z,Yes Both Teams To Score Fulham vs Everton,,Soccer,English Premier League
O/0003172/0004044,Fanduel Sportsbook,straight,SETTLED_WIN,2.2800000000000002,2.2,0.0364,35,44.80,02/02/2026 15:00:09 GMT,02/07/2026 16:29:30 GMT,2026-02-02T15:00:09.000Z,2026-02-07T16:29:30.000Z,No Both Teams To Score FC Heidenheim v Hamburger SV,,Soccer,Bundesliga
O/0003172/0004046,Fanduel Sportsbook,straight,SETTLED_LOSS,1.7142857142857144,1.7692307692307692,-0.0311,40,-40.00,02/02/2026 15:01:33 GMT,02/07/2026 16:28:11 GMT,2026-02-02T15:01:33.000Z,2026-02-07T16:28:11.000Z,Yes Both Teams To Score Freiburg v Werder Bremen,,Soccer,Bundesliga
26046981000049605,Fanatics,straight,SETTLED_LOSS,1.7142857142857144,1.7142857142857144,,30,-30.00,02/02/2026 15:01:15 GMT,02/07/2026 16:26:17 GMT,2026-02-02T15:01:15.591Z,2026-02-07T16:26:17.829Z,Yes Both Teams to Score Mainz vs Augsburg,,Soccer,Bundesliga
c17b7e50-0047-11f1-aa63-7db89dd9c0e7,Caesars Sportsbook,straight,SETTLED_LOSS,2.15,2.23,-0.0359,35,-35.00,02/02/2026 14:59:21 GMT,02/07/2026 16:18:15 GMT,2026-02-02T14:59:21.397Z,2026-02-07T16:18:15.155Z,No Both Teams To Score Wolves vs Chelsea,,Soccer,English Premier League
4f101200-0046-11f1-92eb-45c07ca91264,Caesars Sportsbook,straight,SETTLED_WIN,1.58824,1.5681818181818183,0.0128,40,23.53,02/02/2026 14:48:59 GMT,02/07/2026 16:16:12 GMT,2026-02-02T14:48:59.936Z,2026-02-07T16:16:12.274Z,Yes Both Teams To Score Bournemouth vs Aston Villa,,Soccer,English Premier League
O/0003172/0004045,Fanduel Sportsbook,straight,SETTLED_LOSS,2.38,2.55,-0.0667,35,-35.00,02/02/2026 15:01:22 GMT,02/07/2026 15:42:02 GMT,2026-02-02T15:01:22.000Z,2026-02-07T15:42:02.000Z,No Both Teams To Score Wolfsburg v Dortmund,,Soccer,Bundesliga
41212d00-0046-11f1-882e-5114bb83d822,Caesars Sportsbook,straight,SETTLED_LOSS,1.66667,1.606060606060606,0.0377,35,-35.00,02/02/2026 14:48:36 GMT,02/07/2026 14:28:12 GMT,2026-02-02T14:48:36.560Z,2026-02-07T14:28:12.039Z,Yes Both Teams To Score Man Utd vs Tottenham,,Soccer,English Premier League
b33b581c-7824-45b6-ba80-44c0bba82574,ProphetX,straight,SETTLED_PUSH,2.0098000000000003,1.2475247524752475,0.6110,15,0.00,02/06/2026 15:55:13 GMT,02/07/2026 06:00:00 GMT,2026-02-06T15:55:13.000Z,2026-02-07T06:00:00.000Z,over 10.5 Domantas Sabonis Rebounds Los Angeles Clippers at Sacramento Kings,,Basketball,NBA
6e025226-0b73-4dad-bdf9-73b17317f9c9,ProphetX,straight,SETTLED_WIN,2.0197000000000003,1.8,0.1221,17.5,17.85,02/06/2026 15:58:12 GMT,02/07/2026 06:00:00 GMT,2026-02-06T15:58:12.000Z,2026-02-07T06:00:00.000Z,over 9.5 Malik Monk Points Los Angeles Clippers at Sacramento Kings,,Basketball,NBA
82a2b234-6e90-49ba-91f2-994730896407,ProphetX,straight,SETTLED_WIN,1.421276595744681,1.3339079008572,0.0655,40,16.85,02/06/2026 14:21:10 GMT,02/07/2026 06:00:00 GMT,2026-02-06T14:21:10.000Z,2026-02-07T06:00:00.000Z,Portland Trail Blazers Moneyline Memphis Grizzlies at Portland Trail Blazers,,Basketball,NBA
ba2c3dff-252f-4dcb-88ab-ad640487ea18,ProphetX,straight,SETTLED_LOSS,1.9166666666666667,2.24,-0.1443,20,-20.00,02/06/2026 14:20:47 GMT,02/07/2026 06:00:00 GMT,2026-02-06T14:20:47.000Z,2026-02-07T06:00:00.000Z,Memphis Grizzlies +7.5 Spread Memphis Grizzlies at Portland Trail Blazers,,Basketball,NBA
963c5d26-f0e7-4eba-bec7-95d6d9f0acc6,ProphetX,straight,SETTLED_LOSS,2.5444,2.4014696,0.0595,15,-15.00,02/06/2026 13:44:49 GMT,02/07/2026 06:00:00 GMT,2026-02-06T13:44:49.000Z,2026-02-07T06:00:00.000Z,Sacramento Kings Moneyline Los Angeles Clippers at Sacramento Kings,,Basketball,NBA
a8d312b7-ec81-4619-bcb3-b171c2ae95b4,ProphetX,straight,SETTLED_WIN,1.9166666666666667,1.8849557522123894,0.0168,40,36.67,02/06/2026 13:44:27 GMT,02/07/2026 06:00:00 GMT,2026-02-06T13:44:27.000Z,2026-02-07T06:00:00.000Z,Sacramento Kings +4.0 Spread Los Angeles Clippers at Sacramento Kings,,Basketball,NBA
5849ea02-b8d3-4970-945e-9c13960425f1,ProphetX,straight,SETTLED_WIN,1.9166666666666665,1.8928571428571428,0.0126,35,32.09,02/06/2026 13:47:24 GMT,02/07/2026 06:00:00 GMT,2026-02-06T13:47:24.000Z,2026-02-07T06:00:00.000Z,over 221.5 Total Points Los Angeles Clippers at Sacramento Kings,,Basketball,NBA
O/0003172/0004067,Fanduel Sportsbook,straight,SETTLED_WIN,1.9433962264150944,2.3200000000000003,-0.1623,15,14.15,02/06/2026 15:56:50 GMT,02/07/2026 05:51:23 GMT,2026-02-06T15:56:50.000Z,2026-02-07T05:51:23.000Z,Russell Westbrook Under 4.5 Russell Westbrook - Rebounds Los Angeles Clippers @ Sacramento Kings,,Basketball,NBA
PlacedBet:A1LR3kr39TnTOiowAMbCoLbExC8=,theScore Bet,straight,SETTLED_LOSS,2.05,1.9090909090909092,0.0738,13,-13.00,02/06/2026 15:57:32 GMT,02/07/2026 05:50:31 GMT,2026-02-06T15:57:32.260Z,2026-02-07T05:50:31.090Z,Over 2.5 Malik Monk Total Assists Los Angeles Clippers @ Sacramento Kings,,Basketball,NBA
639059902321402470,Draftkings Sportsbook,straight,SETTLED_WIN,1.847457627118644,1.9090909090909092,-0.0323,10,8.47,02/06/2026 15:57:13 GMT,02/07/2026 05:32:17 GMT,2026-02-06T15:57:13.219Z,2026-02-07T05:32:17.396Z,Under 3.5 Jaylen Wells Rebounds O/U MEM Grizzlies @ POR Trail Blazers,,Basketball,NBA
d304fcac-0bef-4bdd-a09e-4a6707e58fea,ProphetX,straight,SETTLED_WIN,1.860869565217391,1.9523809523809523,-0.0469,35,30.13,02/06/2026 13:43:58 GMT,02/07/2026 04:00:00 GMT,2026-02-06T13:43:58.000Z,2026-02-07T04:00:00.000Z,under 237.5 Total Points New Orleans Pelicans at Minnesota Timberwolves,,Basketball,NBA
639059886215127555,Draftkings Sportsbook,straight,SETTLED_WIN,1.5882352941176472,1.7692307692307692,-0.1023,20,11.76,02/06/2026 15:30:21 GMT,02/07/2026 03:59:16 GMT,2026-02-06T15:30:21.777Z,2026-02-07T03:59:16.744Z,Belmont Moneyline Belmont @ Illinois Chicago,,Basketball,NCAAM
20ET9W7R6A,BetMGM,straight,SETTLED_WIN,2.1399999999999997,1.7407407407407407,0.2294,15,17.14,02/06/2026 15:56:26 GMT,02/07/2026 03:40:00 GMT,2026-02-06T15:56:26.653Z,2026-02-07T03:40:00.000Z,Over 4.5 Tobias Harris (DET): Rebounds New York Knicks at Detroit Pistons,,Basketball,NBA
20ET9YB8K5,BetMGM,straight,SETTLED_LOSS,1.847457627118644,2.05,-0.0988,15,-15.00,02/06/2026 15:58:27 GMT,02/07/2026 03:40:00 GMT,2026-02-06T15:58:27.073Z,2026-02-07T03:40:00.000Z,Over 7.5 Simone Fontecchio (MIA): Points Miami Heat at Boston Celtics,,Basketball,NBA
639059902251808579,Draftkings Sportsbook,straight,SETTLED_WIN,1.9174311926605505,1.819672131147541,0.0537,15,13.76,02/06/2026 15:57:03 GMT,02/07/2026 03:35:21 GMT,2026-02-06T15:57:03.739Z,2026-02-07T03:35:21.762Z,Under 4.5 Jaden McDaniels Rebounds O/U NO Pelicans @ MIN Timberwolves,,Basketball,NBA
O/0003172/0004065,Fanduel Sportsbook,straight,SETTLED_LOSS,1.7142857142857144,1.7692307692307692,-0.0311,17,-17.00,02/06/2026 15:55:46 GMT,02/07/2026 03:31:31 GMT,2026-02-06T15:55:46.000Z,2026-02-07T03:31:31.000Z,Zion Williamson To Record 6+ Rebounds New Orleans Pelicans @ Minnesota Timberwolves,,Basketball,NBA
533b8803-7860-416a-8b40-5fe4c58512f4,ProphetX,straight,SETTLED_PUSH,2.0395,2.04,-0.0002,11,0.00,02/06/2026 15:54:59 GMT,02/07/2026 03:30:00 GMT,2026-02-06T15:54:59.000Z,2026-02-07T03:30:00.000Z,over 11.5 Karl-Anthony Towns Rebounds New York Knicks at Detroit Pistons,,Basketball,NBA
20e9d00e-fd11-437a-85a0-e20f0e40b1f2,ProphetX,straight,SETTLED_LOSS,1.868421052631579,2.31,-0.1912,35,-35.00,02/06/2026 13:41:34 GMT,02/07/2026 03:30:00 GMT,2026-02-06T13:41:34.000Z,2026-02-07T03:30:00.000Z,over 222.0 Total Points New York Knicks at Detroit Pistons,,Basketball,NBA
87d51f9e-dacd-4ccf-b96c-079a022fa1c1,ProphetX,straight,SETTLED_LOSS,1.9166666666666667,2.85,-0.3275,55,-55.00,02/06/2026 13:42:24 GMT,02/07/2026 03:30:00 GMT,2026-02-06T13:42:24.000Z,2026-02-07T03:30:00.000Z,New York Knicks -1.0 Spread New York Knicks at Detroit Pistons,,Basketball,NBA
PlacedBet:Qnkp3cAWLIGZqUwQTx6eWgnfMQc=,theScore Bet,parlay,SETTLED_LOSS,4.96,,,7,-7.00,02/06/2026 16:01:55 GMT,02/07/2026 03:29:40 GMT,2026-02-06T16:01:55.520Z,2026-02-07T03:29:40.210Z,Over 5.5 Zion Williamson Total Rebounds New Orleans Pelicans @ Minnesota Timberwolves | MIN Timberwolves Moneyline New Orleans Pelicans @ Minnesota Timberwolves | Under 11.5 Rudy Gobert Total Rebounds New Orleans Pelicans @ Minnesota Timberwolves,,Basketball,NBA
639059903294481540,Draftkings Sportsbook,straight,SETTLED_LOSS,1.8547008547008548,2.24,-0.1720,15,-15.00,02/06/2026 15:58:50 GMT,02/07/2026 03:20:42 GMT,2026-02-06T15:58:50.810Z,2026-02-07T03:20:42.455Z,Under 15.5 Mikal Bridges Points O/U NY Knicks @ DET Pistons,,Basketball,NBA
639059902034669589,Draftkings Sportsbook,straight,SETTLED_WIN,1.970873786407767,2.4,-0.1788,15,14.56,02/06/2026 15:56:42 GMT,02/07/2026 03:20:09 GMT,2026-02-06T15:56:42.753Z,2026-02-07T03:20:09.488Z,Under 3.5 Mikal Bridges Rebounds O/U NY Knicks @ DET Pistons,,Basketball,NBA
26052794000049605,Fanatics,straight,SETTLED_LOSS,2.25,2.3600000000000003,-0.0466,12,-12.00,02/06/2026 15:54:28 GMT,02/07/2026 03:13:07 GMT,2026-02-06T15:54:28.500Z,2026-02-07T03:13:07.259Z,4+ Simone Fontecchio - Rebounds Miami Heat at Boston Celtics,,Basketball,NBA
26052799000069405,Fanatics,straight,SETTLED_LOSS,1.9523809523809523,1.9174311926605505,0.0182,15,-15.00,02/06/2026 15:59:43 GMT,02/07/2026 03:12:54 GMT,2026-02-06T15:59:43.792Z,2026-02-07T03:12:54.695Z,11+ Sam Hauser - Points Miami Heat at Boston Celtics,,Basketball,NBA
26052804000019805,Fanatics,parlay,SETTLED_LOSS,3.99,,,5,-5.00,02/06/2026 16:04:08 GMT,02/07/2026 03:07:32 GMT,2026-02-06T16:04:08.070Z,2026-02-07T03:07:32.460Z,Under 15.5 Mikal Bridges - Points OU New York Knicks at Detroit Pistons | 12+ Karl-Anthony Towns - Rebounds New York Knicks at Detroit Pistons | 11+ Duncan Robinson - Points New York Knicks at Detroit Pistons | 18+ Jalen Duren - Points New York Knicks at Detroit Pistons,,Basketball,NBA
O/0003172/0004066,Fanduel Sportsbook,straight,SETTLED_LOSS,1.9803921568627452,2.12,-0.0659,15,-15.00,02/06/2026 15:55:58 GMT,02/07/2026 03:04:56 GMT,2026-02-06T15:55:58.000Z,2026-02-07T03:04:56.000Z,Cade Cunningham Under 4.5 Cade Cunningham - Rebounds New York Knicks @ Detroit Pistons,,Basketball,NBA
O/0003172/0004068,Fanduel Sportsbook,straight,SETTLED_LOSS,1.8771929824561404,1.9523809523809523,-0.0385,15,-15.00,02/06/2026 15:57:43 GMT,02/07/2026 03:04:49 GMT,2026-02-06T15:57:43.000Z,2026-02-07T03:04:49.000Z,Josh Hart Over 4.5 Josh Hart - Assists New York Knicks @ Detroit Pistons,,Basketball,NBA
O/0003172/0004063,Fanduel Sportsbook,straight,SETTLED_WIN,1.8849557522123894,2,-0.0575,15,13.27,02/06/2026 15:54:45 GMT,02/07/2026 02:31:50 GMT,2026-02-06T15:54:45.000Z,2026-02-07T02:31:50.000Z,Neemias Queta To Record 8+ Rebounds Miami Heat @ Boston Celtics,,Basketball,NBA
O/0003172/0004064,Fanduel Sportsbook,straight,SETTLED_LOSS,2.08,1.9523809523809523,0.0654,10,-10.00,02/06/2026 15:55:33 GMT,02/07/2026 02:00:11 GMT,2026-02-06T15:55:33.000Z,2026-02-07T02:00:11.000Z,Rudy Gobert Under 11.5 Rudy Gobert - Rebounds New Orleans Pelicans @ Minnesota Timberwolves,,Basketball,NBA
019c33ac-845a-71e1-9c3a-2892a1abadaf,Novig,straight,SETTLED_LOSS,2.252252252252252,2.05,0.0987,11.99688,-12.00,02/06/2026 15:57:54 GMT,02/07/2026 01:05:00 GMT,2026-02-06T15:57:54.973Z,2026-02-07T01:05:00.000Z,Over 5.5 Yves Missi POINTS New Orleans Pelicans @ Minnesota Timberwolves,,Basketball,NBA
019c3331-9719-7dd6-bee9-73a8ed345050,Novig,straight,SETTLED_LOSS,1.733102253032929,1.7194244604316546,0.0080,34.99505,-35.00,02/06/2026 13:43:39 GMT,02/07/2026 01:05:00 GMT,2026-02-06T13:43:39.042Z,2026-02-07T01:05:00.000Z,Over 220.5 Total Indiana Pacers @ Milwaukee Bucks,,Basketball,NBA
019c3330-f4db-723d-a6d6-2c5f28d8e522,Novig,straight,SETTLED_WIN,2.069737592620439,2.0929996,-0.0111,54.99731,58.83,02/06/2026 13:43:02 GMT,02/07/2026 01:05:00 GMT,2026-02-06T13:43:02.698Z,2026-02-07T01:05:00.000Z,Milwaukee Bucks Moneyline Indiana Pacers @ Milwaukee Bucks,,Basketball,NBA
019c3394-0c2d-7f3e-ba3e-9b2285fc3bb1,Novig,straight,SETTLED_WIN,1.5432098765432098,1.5714285714285714,-0.0180,34.99848,19.01,02/06/2026 15:31:12 GMT,02/07/2026 01:00:00 GMT,2026-02-06T15:31:12.210Z,2026-02-07T01:00:00.000Z,Northern Iowa Moneyline Bradley @ Northern Iowa,,Basketball,NCAAM
019c33ad-2f26-7867-a470-c3559be9f51a,Novig,straight,SETTLED_LOSS,2,2.2997216,-0.1303,13,-13.00,02/06/2026 15:58:37 GMT,02/07/2026 00:35:00 GMT,2026-02-06T15:58:37.287Z,2026-02-07T00:35:00.000Z,Under 16.5 Derrick White POINTS Miami Heat @ Boston Celtics,,Basketball,NBA
O/0003172/0004060,Fanduel Sportsbook,straight,SETTLED_LOSS,2.9299999999999997,2.2800000000000002,0.2851,15,-15.00,02/05/2026 19:24:15 GMT,02/06/2026 05:49:22 GMT,2026-02-05T19:24:15.000Z,2026-02-06T05:49:22.000Z,Philadelphia 76ers Moneyline Philadelphia 76ers @ Los Angeles Lakers,,Basketball,NBA
5539b424-b0c9-4636-bb30-5f3a71fbb1d8,ProphetX,straight,SETTLED_WIN,1.908256880733945,1.7092198581560285,0.1164,40,36.33,02/05/2026 19:23:54 GMT,02/06/2026 05:37:31 GMT,2026-02-05T19:23:54.000Z,2026-02-06T05:37:31.171Z,Philadelphia 76ers +4.5 Spread Philadelphia 76ers at Los Angeles Lakers,,Basketball,NBA
PlacedBet:xC0u/l7uXN0T0QpAKFrpAhXFj28=,theScore Bet,straight,SETTLED_LOSS,3.25,3.30156,-0.0156,10,-10.00,02/05/2026 14:34:22 GMT,02/06/2026 05:06:44 GMT,2026-02-05T14:34:22.832Z,2026-02-06T05:06:44.244Z,UC Riverside Moneyline UC Riverside Highlanders @ Cal State Fullerton Titans,,Basketball,NCAAM
O/0003172/0004059,Fanduel Sportsbook,straight,SETTLED_WIN,2.7199999999999998,2.75,-0.0109,10,17.20,02/05/2026 14:33:54 GMT,02/06/2026 04:39:49 GMT,2026-02-05T14:33:54.000Z,2026-02-06T04:39:49.000Z,Jacksonville State Moneyline Jacksonville State @ Western Kentucky,,Basketball,NCAAM
PlacedBet:V6w01yeaLZ9TguHxb9t6eBM4ni0=,theScore Bet,parlay,SETTLED_LOSS,9.921333333333333,9.903344373631665,0.0018,7.5,-7.50,02/05/2026 19:28:33 GMT,02/06/2026 04:01:03 GMT,2026-02-05T19:28:33.574Z,2026-02-06T04:01:03.093Z,ORL Magic -8.5 Game Spread Brooklyn Nets @ Orlando Magic | CHA Hornets +4.5 Game Spread Charlotte Hornets @ Houston Rockets | DAL Mavericks +8.5 Game Spread San Antonio Spurs @ Dallas Mavericks | PHX Suns Moneyline Golden State Warriors @ Phoenix Suns,,Basketball,NBA
2bbfdfbc-07cf-46c5-8fef-d60c3a00b8b5,ProphetX,straight,SETTLED_WIN,1.8319327731092439,1.7142857142857144,0.0686,50,41.60,02/05/2026 14:16:16 GMT,02/06/2026 03:30:00 GMT,2026-02-05T14:16:16.000Z,2026-02-06T03:30:00.000Z,Utah Jazz +10.5 Spread Utah Jazz at Atlanta Hawks,,Basketball,NBA
5f7016b9-046d-4df4-bee5-546cebedd305,ProphetX,straight,SETTLED_WIN,1.868421052631579,1.847457627118644,0.0113,37,32.14,02/05/2026 14:15:49 GMT,02/06/2026 02:40:34 GMT,2026-02-05T14:15:49.000Z,2026-02-06T02:40:34.946Z,over 213.5 Total Points Brooklyn Nets at Orlando Magic,,Basketball,NBA
O/0003172/0004061,Fanduel Sportsbook,straight,SETTLED_WIN,2.05,1.8403361344537816,0.1139,25,26.25,02/05/2026 19:25:06 GMT,02/06/2026 02:38:42 GMT,2026-02-05T19:25:06.000Z,2026-02-06T02:38:42.000Z,Orlando Magic -8.5 Alternate Spread Brooklyn Nets @ Orlando Magic,,Basketball,NBA
26051254000069805,Fanatics,straight,SETTLED_WIN,1.8,2.31,-0.2208,50,40.00,02/05/2026 14:14:41 GMT,02/06/2026 02:27:51 GMT,2026-02-05T14:14:41.878Z,2026-02-06T02:27:51.339Z,Washington Wizards +15.0 Spread Washington Wizards at Detroit Pistons,,Basketball,NBA
PlacedBet:GLtYFCa2SNg+vfcdjaY1HS2gOT0=,theScore Bet,parlay,SETTLED_LOSS,5.742,5.27796239985163,0.0879,5,-5.00,02/05/2026 14:35:43 GMT,02/06/2026 02:27:25 GMT,2026-02-05T14:35:43.164Z,2026-02-06T02:27:25.778Z,Bellarmine Moneyline Stetson Hatters @ Bellarmine Knights | Saint Peter's Moneyline Saint Peter's Peacocks @ Manhattan Jaspers | Siena Moneyline Iona Gaels @ Siena Saints | Mercer Moneyline Mercer Bears @ Chattanooga Mocs | Idaho State Moneyline Northern Arizona Lumberjacks @ Idaho State Bengals,,Basketball,NCAAM
PlacedBet:9yHGYiuiqg6VUilaHYtaFDYNwEg=,theScore Bet,straight,SETTLED_WIN,2.05,1.9523809523809523,0.0500,11,11.55,02/05/2026 14:32:17 GMT,02/06/2026 02:08:47 GMT,2026-02-05T14:32:17.192Z,2026-02-06T02:08:47.552Z,Fairfield Moneyline Fairfield Stags @ Sacred Heart Pioneers,,Basketball,NCAAM
26051269000049705,Fanatics,straight,SETTLED_WIN,1.2666666666666666,1.2581204517628932,0.0068,30,8.00,02/05/2026 14:29:53 GMT,02/06/2026 02:07:46 GMT,2026-02-05T14:29:53.461Z,2026-02-06T02:07:46.187Z,Siena Saints Money Line Iona Gaels at Siena Saints,,Basketball,NCAAM
O/0003172/0004058,Fanduel Sportsbook,straight,SETTLED_WIN,3.15,3.05,0.0328,5,10.75,02/05/2026 14:29:32 GMT,02/06/2026 02:06:52 GMT,2026-02-05T14:29:32.000Z,2026-02-06T02:06:52.000Z,WV Mountaineers Moneyline WV Mountaineers @ Cincinnati,,Basketball,NCAAM
26051271000079705,Fanatics,straight,SETTLED_LOSS,2,1.8,0.1111,10,-10.00,02/05/2026 14:31:58 GMT,02/06/2026 02:02:34 GMT,2026-02-05T14:31:58.531Z,2026-02-06T02:02:34.115Z,Florida Gulf Coast Eagles Money Line Florida Gulf Coast Eagles at Eastern Kentucky Colonels,,Basketball,NCAAM
20ERT7EBMN,BetMGM,straight,SETTLED_WIN,1.425531914893617,1.526315789473684,-0.0660,20,8.51,02/05/2026 14:31:36 GMT,02/06/2026 02:00:30 GMT,2026-02-05T14:31:36.103Z,2026-02-06T02:00:30.092Z,Bellarmine Moneyline Stetson at Bellarmine,,Basketball,NCAAM
019c2e35-eac2-7191-9eba-8e996f2aa397,Novig,straight,SETTLED_LOSS,1.3020833333333333,1.3095975232198143,-0.0057,24.9984,-25.00,02/05/2026 14:30:14 GMT,02/06/2026 02:00:00 GMT,2026-02-05T14:30:14.363Z,2026-02-06T02:00:00.000Z,Idaho State Moneyline Northern Arizona @ Idaho State,,Basketball,NCAAM
PlacedBet:njokuu8tB/TyySSxJHyJaMgsI5s=,theScore Bet,straight,SETTLED_LOSS,1.7142857142857142,1.9523809523809523,-0.1220,15,-15.00,02/05/2026 14:34:02 GMT,02/06/2026 01:57:30 GMT,2026-02-05T14:34:02.121Z,2026-02-06T01:57:30.403Z,Le Moyne Moneyline Le Moyne Dolphins @ Wagner Seahawks,,Basketball,NCAAM
019c2e39-d2fc-757e-8932-87da31e35514,Novig,straight,SETTLED_WIN,2.0964360587002098,1.9523809523809523,0.0738,9.99792,10.96,02/05/2026 14:34:29 GMT,02/06/2026 01:25:00 GMT,2026-02-05T14:34:29.917Z,2026-02-06T01:25:00.000Z,Lindenwood Moneyline Lindenwood @ Little Rock,,Basketball,NCAAM
019c2e2a-2dce-7cc8-857f-cb1fbb4e3698,Novig,straight,SETTLED_LOSS,1.9083969465648858,1.8130081300813008,0.0526,34.99796,-35.00,02/05/2026 14:17:24 GMT,02/06/2026 01:05:00 GMT,2026-02-05T14:17:24.918Z,2026-02-06T01:05:00.000Z,Over 216.5 Total Charlotte Hornets @ Houston Rockets,,Basketball,NBA
019c2e2a-90bc-7db0-a01c-a2fc6f00d8e2,Novig,straight,SETTLED_WIN,2.386634844868735,2.6458304,-0.0980,14.99601,20.79,02/05/2026 14:17:51 GMT,02/06/2026 01:05:00 GMT,2026-02-05T14:17:51.169Z,2026-02-06T01:05:00.000Z,Charlotte Hornets Moneyline Charlotte Hornets @ Houston Rockets,,Basketball,NBA
019c2e2a-64fc-7e3b-a99c-25e813e2b869,Novig,straight,SETTLED_WIN,1.923076923076923,2.13,-0.0971,34.996,32.30,02/05/2026 14:17:40 GMT,02/06/2026 01:05:00 GMT,2026-02-05T14:17:40.705Z,2026-02-06T01:05:00.000Z,away +3.5 Spread Charlotte Hornets @ Houston Rockets,,Basketball,NBA
019c2e36-15b3-7a4b-8504-ab6571984c4c,Novig,straight,SETTLED_LOSS,2.247191011235955,2.1799999999999997,0.0308,6.99985,-7.00,02/05/2026 14:30:25 GMT,02/06/2026 01:00:00 GMT,2026-02-05T14:30:25.414Z,2026-02-06T01:00:00.000Z,Omaha Moneyline Omaha @ North Dakota,,Basketball,NCAAM
26051273000029805,Fanatics,straight,SETTLED_WIN,1.8695652173913042,2.1,-0.1097,15,13.04,02/05/2026 14:33:31 GMT,02/06/2026 00:58:46 GMT,2026-02-05T14:33:31.966Z,2026-02-06T00:58:46.624Z,Albany Money Line Albany Great Danes at Bryant Bulldogs,,Basketball,NCAAM
019c2e29-a619-708b-b7b0-7ff6662d36e5,Novig,straight,SETTLED_WIN,1.8450184501845017,2.08,-0.1130,44.99684,38.02,02/05/2026 14:16:50 GMT,02/06/2026 00:35:00 GMT,2026-02-05T14:16:50.301Z,2026-02-06T00:35:00.000Z,Under 244.5 Total Utah Jazz @ Atlanta Hawks,,Basketball,NBA
019c2e29-58db-790c-b99b-920959816a6b,Novig,straight,SETTLED_WIN,1.298701298701299,1.3472222222222223,-0.0360,59.9984,17.92,02/05/2026 14:16:33 GMT,02/06/2026 00:35:00 GMT,2026-02-05T14:16:33.784Z,2026-02-06T00:35:00.000Z,Atlanta Hawks Moneyline Utah Jazz @ Atlanta Hawks,,Basketball,NBA
019c2e39-89ea-7dde-a0f5-82a0823f0581,Novig,straight,SETTLED_LOSS,1.8348623853211008,1.8045666666666667,0.0168,14.9984,-15.00,02/05/2026 14:34:11 GMT,02/06/2026 00:00:00 GMT,2026-02-05T14:34:11.378Z,2026-02-06T00:00:00.000Z,Elon Moneyline Elon @ Hampton,,Basketball,NCAAM
019c2e37-ed69-7690-9461-9e76bbc05f81,Novig,straight,SETTLED_WIN,1.5313935681470139,1.4878048780487805,0.0293,19.99486,10.63,02/05/2026 14:32:28 GMT,02/06/2026 00:00:00 GMT,2026-02-05T14:32:28.576Z,2026-02-06T00:00:00.000Z,Saint Peter's Moneyline Saint Peter's @ Manhattan,,Basketball,NCAAM
019c2e39-0d8d-799f-a585-a9565d294fb3,Novig,straight,SETTLED_WIN,1.6474464579901154,1.8,-0.0848,14.99897,9.71,02/05/2026 14:33:41 GMT,02/06/2026 00:00:00 GMT,2026-02-05T14:33:41.317Z,2026-02-06T00:00:00.000Z,Merrimack Moneyline Merrimack @ Mount St. Mary's,,Basketball,NCAAM
019c2e36-8c58-7467-b4af-32daf624a72c,Novig,straight,SETTLED_WIN,1.834862385321101,1.9090909090909092,-0.0389,11.99545,10.01,02/05/2026 14:30:57 GMT,02/06/2026 00:00:00 GMT,2026-02-05T14:30:57.869Z,2026-02-06T00:00:00.000Z,home Moneyline UMass Lowell @ NJIT,,Basketball,NCAAM
03fadc9a-2323-444a-b1f7-8e42ef8ee6a3,ProphetX,straight,SETTLED_LOSS,2.2177,2.3644928,-0.0621,35,-35.00,02/04/2026 13:30:13 GMT,02/05/2026 06:30:00 GMT,2026-02-04T13:30:13.000Z,2026-02-05T06:30:00.000Z,Los Angeles Clippers Moneyline Cleveland Cavaliers at Los Angeles Clippers,,Basketball,NBA
33dec39d-37d1-4365-b0ae-17e9d3b04b4f,ProphetX,straight,SETTLED_LOSS,1.99,2.16,-0.0787,25,-25.00,02/04/2026 13:30:27 GMT,02/05/2026 06:30:00 GMT,2026-02-04T13:30:27.000Z,2026-02-05T06:30:00.000Z,Los Angeles Clippers +2.0 Spread Cleveland Cavaliers at Los Angeles Clippers,,Basketball,NBA
6818c903-dc07-4896-8675-4427105972f3,ProphetX,straight,SETTLED_LOSS,1.9611650485436891,2.1,-0.0661,35,-35.00,02/04/2026 13:30:44 GMT,02/05/2026 06:30:00 GMT,2026-02-04T13:30:44.000Z,2026-02-05T06:30:00.000Z,over 223.0 Total Points Cleveland Cavaliers at Los Angeles Clippers,,Basketball,NBA
6b7e09e7-2208-4414-b890-d0328e2b9f04,ProphetX,straight,SETTLED_LOSS,1.9705882352941178,1.6896551724137931,0.1663,60,-60.00,02/04/2026 20:05:47 GMT,02/05/2026 06:00:00 GMT,2026-02-04T20:05:47.000Z,2026-02-05T06:00:00.000Z,Sacramento Kings Moneyline Memphis Grizzlies at Sacramento Kings,,Basketball,NBA
O/0003172/0004054,Fanduel Sportsbook,parlay,SETTLED_LOSS,9.74,,,7.5,-7.50,02/04/2026 14:33:01 GMT,02/05/2026 05:39:59 GMT,2026-02-04T14:33:01.000Z,2026-02-05T05:39:59.000Z,Cedric Coward Under 6.5 Cedric Coward - Rebounds Memphis Grizzlies @ Sacramento Kings | Russell Westbrook Under 4.5 Russell Westbrook - Rebounds Memphis Grizzlies @ Sacramento Kings | Zach LaVine Under 2.5 Zach LaVine - Rebounds Memphis Grizzlies @ Sacramento Kings,,Basketball,NBA
O/0003172/0004055,Fanduel Sportsbook,straight,SETTLED_LOSS,2.1,1.8333333333333335,0.1455,20,-20.00,02/04/2026 15:08:02 GMT,02/05/2026 05:39:55 GMT,2026-02-04T15:08:02.000Z,2026-02-05T05:39:55.000Z,Cedric Coward Under 6.5 Cedric Coward - Rebounds Memphis Grizzlies @ Sacramento Kings,,Basketball,NBA
31edb54c-2b13-4dee-a22a-21c69b250587,ProphetX,straight,SETTLED_LOSS,2.0593000000000004,2.1406891999999997,-0.0380,35,-35.00,02/04/2026 13:29:33 GMT,02/05/2026 05:30:00 GMT,2026-02-04T13:29:33.000Z,2026-02-05T05:30:00.000Z,over 223.0 Total Points Oklahoma City Thunder at San Antonio Spurs,,Basketball,NBA
639058140963513561,Draftkings Sportsbook,straight,SETTLED_WIN,1.9345794392523366,2.15,-0.1002,15,14.01,02/04/2026 15:01:34 GMT,02/05/2026 05:09:45 GMT,2026-02-04T15:01:34.854Z,2026-02-05T05:09:45.801Z,Under 5.5 Julian Champagnie Rebounds O/U OKC Thunder @ SA Spurs,,Basketball,NBA
019c295d-f997-7908-b5f1-3eb7c2b19529,Novig,straight,SETTLED_LOSS,1.787923348038186,1.7936507936507935,-0.0032,14.995049999999999,-15.00,02/04/2026 15:55:58 GMT,02/05/2026 04:15:00 GMT,2026-02-04T15:55:58.302Z,2026-02-05T04:15:00.000Z,Washington State Moneyline Washington State @ Oregon State,,Basketball,NCAAM
453f2b68-ac7f-40c8-9cac-56e9e0a2420d,ProphetX,straight,SETTLED_WIN,2.0296000000000003,1.8403361344537816,0.1028,35,36.04,02/04/2026 13:27:38 GMT,02/05/2026 04:00:00 GMT,2026-02-04T13:27:38.000Z,2026-02-05T04:00:00.000Z,over 222.5 Total Points New Orleans Pelicans at Milwaukee Bucks,,Basketball,NBA
ab1b1709-f761-43b9-9d30-6b73520b3fb3,ProphetX,straight,SETTLED_WIN,1.99,1.9940201980198022,-0.0020,40,39.60,02/04/2026 13:28:51 GMT,02/05/2026 04:00:00 GMT,2026-02-04T13:28:51.000Z,2026-02-05T04:00:00.000Z,Milwaukee Bucks +4.5 Spread New Orleans Pelicans at Milwaukee Bucks,,Basketball,NBA
d0b215ba-5ce5-46fc-9069-104c639e64d8,ProphetX,straight,SETTLED_WIN,2.0296000000000003,1.9940201980198022,0.0178,6.73,6.93,02/04/2026 13:28:08 GMT,02/05/2026 04:00:00 GMT,2026-02-04T13:28:08.000Z,2026-02-05T04:00:00.000Z,Milwaukee Bucks +4.5 Spread New Orleans Pelicans at Milwaukee Bucks,,Basketball,NBA
f194efcc-e924-4489-8439-377164cb2715,ProphetX,straight,SETTLED_WIN,2.584,2.6165632,-0.0124,20,31.68,02/04/2026 13:29:14 GMT,02/05/2026 04:00:00 GMT,2026-02-04T13:29:14.000Z,2026-02-05T04:00:00.000Z,Milwaukee Bucks Moneyline New Orleans Pelicans at Milwaukee Bucks,,Basketball,NBA
639058127643191130,Draftkings Sportsbook,parlay,SETTLED_LOSS,7.65,,,6,-6.00,02/04/2026 14:39:23 GMT,02/05/2026 03:38:31 GMT,2026-02-04T14:39:23.250Z,2026-02-05T03:38:31.054Z,4+ Jamal Murray Rebounds DEN Nuggets @ NY Knicks | 7+ Amen Thompson Rebounds BOS Celtics @ HOU Rockets | 4+ Baylor Scheierman Rebounds BOS Celtics @ HOU Rockets,,Basketball,NBA
639058137882795417,Draftkings Sportsbook,straight,SETTLED_LOSS,1.970873786407767,2.3200000000000003,-0.1505,15,-15.00,02/04/2026 14:56:29 GMT,02/05/2026 03:38:26 GMT,2026-02-04T14:56:29.127Z,2026-02-05T03:38:26.934Z,8+ Amen Thompson Rebounds BOS Celtics @ HOU Rockets,,Basketball,NBA
639058125411820458,Draftkings Sportsbook,parlay,SETTLED_LOSS,7.52,7.775348837209302,-0.0328,5,-5.00,02/04/2026 14:35:39 GMT,02/05/2026 03:38:21 GMT,2026-02-04T14:35:39.839Z,2026-02-05T03:38:21.428Z,Under 5.5 Julian Champagnie Rebounds O/U OKC Thunder @ SA Spurs | Under 6.5 Cedric Coward Rebounds O/U MEM Grizzlies @ SAC Kings | Over 9.5 Alperen Sengun Rebounds O/U BOS Celtics @ HOU Rockets,,Basketball,NBA
92724052-2c72-42c2-b26b-7644736ab6d4,ProphetX,straight,SETTLED_WIN,1.8389830508474578,2.3388231999999998,-0.2137,50,41.95,02/04/2026 13:27:18 GMT,02/05/2026 03:35:38 GMT,2026-02-04T13:27:18.000Z,2026-02-05T03:35:38.742Z,Boston Celtics +6.0 Spread Boston Celtics at Houston Rockets,,Basketball,NBA
40e8163c-4bdc-408d-a8f1-0e5d82440431,ProphetX,straight,SETTLED_LOSS,2.0989000000000004,2.44,-0.1398,35,-35.00,02/04/2026 13:26:56 GMT,02/05/2026 03:35:38 GMT,2026-02-04T13:26:56.000Z,2026-02-05T03:35:38.733Z,over 215.5 Total Points Boston Celtics at Houston Rockets,,Basketball,NBA
20EPDXTHK3,BetMGM,straight,SETTLED_LOSS,2.04,2.21,-0.0769,15,-15.00,02/04/2026 14:53:16 GMT,02/05/2026 03:35:36 GMT,2026-02-04T14:53:16.500Z,2026-02-05T03:35:36.656Z,Over 9.5 Alperen Sengun (HOU): Rebounds Boston Celtics at Houston Rockets,,Basketball,NBA
PlacedBet:f+QtMUtfr9Zl5PL2lCcrIg0Tu6k=,theScore Bet,straight,SETTLED_WIN,1.6666666666666667,1.7194244604316546,-0.0307,15,10.00,02/04/2026 15:55:45 GMT,02/05/2026 03:32:18 GMT,2026-02-04T15:55:45.845Z,2026-02-05T03:32:18.721Z,South Dakota Moneyline South Dakota Coyotes @ Kansas City Roos,,Basketball,NCAAM
PlacedBet:uP5jD+loGDEriCMhFuczpAaQVCQ=,theScore Bet,parlay,SETTLED_LOSS,12.76142857142857,,,7,-7.00,02/04/2026 14:34:23 GMT,02/05/2026 03:31:08 GMT,2026-02-04T14:34:23.064Z,2026-02-05T03:31:08.654Z,Over 9.5 Alperen Sengun Total Rebounds Boston Celtics @ Houston Rockets | 8+ Jaylen Brown Total Rebounds Boston Celtics @ Houston Rockets | Over 3.5 Sam Hauser Total Rebounds Boston Celtics @ Houston Rockets | BOS Celtics +9.5 Game Spread Boston Celtics @ Houston Rockets,,Basketball,NBA
PlacedBet:8vL5/x8lw7YuI7276mbgqH0ZDeU=,theScore Bet,parlay,SETTLED_LOSS,6.832,,,10,-10.00,02/04/2026 14:41:56 GMT,02/05/2026 03:30:18 GMT,2026-02-04T14:41:56.208Z,2026-02-05T03:30:18.753Z,BOS Celtics +8.5 Game Spread Boston Celtics @ Houston Rockets | Over 3.5 Sam Hauser Total Rebounds Boston Celtics @ Houston Rockets | 6+ Amen Thompson Total Rebounds Boston Celtics @ Houston Rockets | 6+ Jaylen Brown Total Rebounds Boston Celtics @ Houston Rockets | 8+ Alperen Sengun Total Rebounds Boston Celtics @ Houston Rockets,,Basketball,NBA
019c2926-cca4-7cd3-8e07-0e9662d21655,Novig,straight,SETTLED_WIN,2.512562814070352,2.5,0.0050,9.99776,15.12,02/04/2026 14:55:45 GMT,02/05/2026 03:05:00 GMT,2026-02-04T14:55:45.090Z,2026-02-05T03:05:00.000Z,Under 4.5 Russell Westbrook REBOUNDS Memphis Grizzlies @ Sacramento Kings,,Basketball,NBA
019c2929-317b-76fd-b8f4-d79eeb4f57d4,Novig,straight,SETTLED_WIN,2.320185614849188,2.09,0.1101,9.9992,13.20,02/04/2026 14:58:16 GMT,02/05/2026 03:05:00 GMT,2026-02-04T14:58:16.882Z,2026-02-05T03:05:00.000Z,Under 2.5 Zach LaVine REBOUNDS Memphis Grizzlies @ Sacramento Kings,,Basketball,NBA
019c28d8-35f7-7359-a2fa-b274e0e26148,Novig,straight,SETTLED_LOSS,1.9607843137254901,1.6896551724137931,0.1605,49.9953,-50.00,02/04/2026 13:29:48 GMT,02/05/2026 03:05:00 GMT,2026-02-04T13:29:48.102Z,2026-02-05T03:05:00.000Z,Sacramento Kings Moneyline Memphis Grizzlies @ Sacramento Kings,,Basketball,NBA
26049771000029405,Fanatics,parlay,SETTLED_LOSS,7.96,8.030737868478768,-0.0088,7.5,-7.50,02/04/2026 13:31:39 GMT,02/05/2026 03:02:48 GMT,2026-02-04T13:31:39.829Z,2026-02-05T03:02:48.191Z,Toronto Raptors +1.5 Spread Minnesota Timberwolves at Toronto Raptors | Boston Celtics +6.0 Spread Boston Celtics at Houston Rockets | Sacramento Kings Money Line Memphis Grizzlies at Sacramento Kings,,Basketball,NBA
26049861000049805,Fanatics,straight,SETTLED_WIN,1.9523809523809523,1.9090909090909092,0.0227,15,14.29,02/04/2026 15:01:50 GMT,02/05/2026 02:32:39 GMT,2026-02-04T15:01:50.986Z,2026-02-05T02:32:39.909Z,4+ Jamal Murray - Rebounds Denver Nuggets at New York Knicks,,Basketball,NBA
O/0003172/0004056,Fanduel Sportsbook,straight,SETTLED_WIN,3.25,3.35,-0.0299,7.5,16.88,02/04/2026 15:53:16 GMT,02/05/2026 02:31:07 GMT,2026-02-04T15:53:16.000Z,2026-02-05T02:31:07.000Z,Arkansas Pine Bluff Moneyline Arkansas Pine Bluff @ Grambling State,,Basketball,NCAAM
639058174150558518,Draftkings Sportsbook,straight,SETTLED_LOSS,2.05,2.2,-0.0682,10,-10.00,02/04/2026 15:56:55 GMT,02/05/2026 02:28:32 GMT,2026-02-04T15:56:55.967Z,2026-02-05T02:28:32.548Z,Lehigh Moneyline Lehigh @ Loyola Maryland,,Basketball,NCAAM
2d62ea90-01e2-11f1-a1e7-f99e1ee8b60f,Caesars Sportsbook,straight,SETTLED_WIN,2.4,2.4,,7.5,10.50,02/04/2026 15:57:16 GMT,02/05/2026 02:23:12 GMT,2026-02-04T15:57:16.089Z,2026-02-05T02:23:12.571Z,East Texas A&M Lions Money Line East Texas A&M Lions at Northwestern State Demons,,Basketball,NCAAM
20EPEBFBDC,BetMGM,straight,SETTLED_LOSS,1.9090909090909092,1.819672131147541,0.0491,15,-15.00,02/04/2026 15:07:38 GMT,02/05/2026 02:23:08 GMT,2026-02-04T15:07:38.170Z,2026-02-05T02:23:08.167Z,Under 5.5 Trey Murphy III (NOP): Rebounds New Orleans Pelicans at Milwaukee Bucks,,Basketball,NBA
8e2031e0-01e1-11f1-9bc8-77e9ed43ab75,Caesars Sportsbook,straight,SETTLED_WIN,1.8,1.62111801242236,0.1103,15,12.00,02/04/2026 15:52:48 GMT,02/05/2026 02:17:09 GMT,2026-02-04T15:52:48.894Z,2026-02-05T02:17:09.113Z,Tulsa Golden Hurricane Money Line Tulsa Golden Hurricane at Florida Atlantic Owls,,Basketball,NCAAM
O/0003172/0004057,Fanduel Sportsbook,straight,SETTLED_LOSS,3.2,3.35,-0.0448,7,-7.00,02/04/2026 15:56:40 GMT,02/05/2026 02:12:00 GMT,2026-02-04T15:56:40.000Z,2026-02-05T02:12:00.000Z,Furman Moneyline Furman @ East Tennessee State,,Basketball,NCAAM
019c295a-9dbd-7b43-96ca-080c2fefda08,Novig,straight,SETTLED_LOSS,1.3440860215053765,1.2857142857142856,0.0454,19.99872,-20.00,02/04/2026 15:52:13 GMT,02/05/2026 02:00:00 GMT,2026-02-04T15:52:13.134Z,2026-02-05T02:00:00.000Z,away Moneyline BYU @ Oklahoma State,,Basketball,NCAAM
639058175322683123,Draftkings Sportsbook,parlay,SETTLED_LOSS,9.93,7.0928191921984975,0.4000,5,-5.00,02/04/2026 15:58:51 GMT,02/05/2026 01:59:05 GMT,2026-02-04T15:58:51.820Z,2026-02-05T01:59:05.005Z,Villanova Moneyline Seton Hall @ Villanova | Winthrop Moneyline Winthrop @ Radford | George Mason Moneyline Duquesne @ George Mason | Oakland Moneyline Oakland @ Cleveland State | James Madison Moneyline Louisiana @ James Madison | Washington State Moneyline Washington State @ Oregon State,,Basketball,NCAAM
639058174905736049,Draftkings Sportsbook,parlay,SETTLED_LOSS,10.15,8.155145708007637,0.2446,5,-5.00,02/04/2026 15:58:10 GMT,02/05/2026 01:54:07 GMT,2026-02-04T15:58:10.692Z,2026-02-05T01:54:07.647Z,MD Eastern Shore Moneyline MD Eastern Shore @ South Carolina State | Northern Kentucky Moneyline Green Bay @ Northern Kentucky | Wright State Moneyline Wright State @ Robert Morris | South Dakota Moneyline South Dakota @ UMKC | BYU Moneyline BYU @ Oklahoma State,,Basketball,NCAAM
639058172773923918,Draftkings Sportsbook,straight,SETTLED_WIN,1.5555555555555556,1.5714285714285714,-0.0101,15,8.33,02/04/2026 15:54:36 GMT,02/05/2026 01:43:51 GMT,2026-02-04T15:54:36.398Z,2026-02-05T01:43:51.194Z,Navy Moneyline Navy @ Lafayette,,Basketball,NCAAM
019c2927-b811-71d4-8547-93ab66fe84e5,Novig,straight,SETTLED_VOID,2.5380710659898478,,,9.99972,0.00,02/04/2026 14:56:38 GMT,02/05/2026 01:05:00 GMT,2026-02-04T14:56:38.042Z,2026-02-05T01:05:00.000Z,Over 7.5 Jaylen Brown REBOUNDS Boston Celtics @ Houston Rockets,,Basketball,NBA
019c2921-a7da-79db-b719-d4618a3c1181,Novig,straight,SETTLED_WIN,2.206189732316979,1.6666666666666665,0.3237,9.99914,12.06,02/04/2026 14:50:20 GMT,02/05/2026 01:05:00 GMT,2026-02-04T14:50:20.557Z,2026-02-05T01:05:00.000Z,Over 3.5 Baylor Scheierman REBOUNDS Boston Celtics @ Houston Rockets,,Basketball,NBA
0aafd1b6-6a75-41e8-9ef1-0cd02d828d98,Novig,parlay,SETTLED_LOSS,11.235955056179776,10.385232786885247,0.0819,5,-5.00,02/04/2026 14:37:17 GMT,02/05/2026 01:05:00 GMT,2026-02-04T14:37:17.599Z,2026-02-05T01:05:00.000Z,Los Angeles Clippers Moneyline Cleveland Cavaliers @ Los Angeles Clippers | Under 5.5 Trey Murphy III REBOUNDS New Orleans Pelicans @ Milwaukee Bucks | Under 4.5 Russell Westbrook REBOUNDS Memphis Grizzlies @ Sacramento Kings,,Basketball,NBA
019c295a-77f9-7698-8abc-2c5eea95304e,Novig,straight,SETTLED_LOSS,1.7421602787456445,1.847457627118644,-0.0570,14.99862,-15.00,02/04/2026 15:52:04 GMT,02/05/2026 01:00:00 GMT,2026-02-04T15:52:04.219Z,2026-02-05T01:00:00.000Z,North Texas Moneyline North Texas @ Rice,,Basketball,NCAAM
019c295d-47af-7c5b-823d-ef3fff8ce672,Novig,straight,SETTLED_LOSS,1.594896331738437,1.5882352941176472,0.0042,14.99784,-15.00,02/04/2026 15:55:09 GMT,02/05/2026 01:00:00 GMT,2026-02-04T15:55:09.933Z,2026-02-05T01:00:00.000Z,Maryland-Eastern Shore Moneyline Maryland-Eastern Shore @ South Carolina State,,Basketball,NCAAM
019c28d5-494a-7028-8994-b8faba4052b7,Novig,straight,SETTLED_LOSS,2.0757282466046494,2.09,-0.0068,59.99822,-60.00,02/04/2026 13:26:38 GMT,02/05/2026 00:35:00 GMT,2026-02-04T13:26:38.763Z,2026-02-05T00:35:00.000Z,home +1.5 Spread Minnesota Timberwolves @ Toronto Raptors,,Basketball,NBA
019c295f-11cf-7d4c-acb4-84f279c51327,Novig,straight,SETTLED_WIN,2.0790020790020787,2.05,0.0141,9.99999,10.79,02/04/2026 15:57:06 GMT,02/05/2026 00:30:00 GMT,2026-02-04T15:57:06.599Z,2026-02-05T00:30:00.000Z,New Mexico State Moneyline New Mexico State @ Louisiana Tech,,Basketball,NCAAM
019c295c-f11a-745b-ab60-598f150cfd5e,Novig,straight,SETTLED_WIN,3.6526809191722873,3.35,0.0904,6.9976,18.56,02/04/2026 15:54:48 GMT,02/05/2026 00:30:00 GMT,2026-02-04T15:54:48.183Z,2026-02-05T00:30:00.000Z,Florida International Moneyline Florida International @ Middle Tennessee,,Basketball,NCAAM
019c295d-7ad6-73c5-a8e9-20c35a08fb09,Novig,straight,SETTLED_WIN,1.6313213703099512,1.5714285714285714,0.0381,14.99398,9.47,02/04/2026 15:55:22 GMT,02/05/2026 00:00:00 GMT,2026-02-04T15:55:22.297Z,2026-02-05T00:00:00.000Z,Winthrop Moneyline Winthrop @ Radford,,Basketball,NCAAM
019c2959-eb35-724e-86a4-531e0c6a89dd,Novig,straight,SETTLED_WIN,2.277904328018223,2.2199999999999998,0.0261,9.99603,12.77,02/04/2026 15:51:30 GMT,02/05/2026 00:00:00 GMT,2026-02-04T15:51:30.620Z,2026-02-05T00:00:00.000Z,Youngstown State Moneyline Youngstown State @ Purdue Fort Wayne,,Basketball,NCAAM
019c295e-32e1-7b68-b5f5-11fcaa66f926,Novig,straight,SETTLED_LOSS,1.7152658662092624,1.9345794392523366,-0.1134,14.99476,-14.99,02/04/2026 15:56:10 GMT,02/05/2026 00:00:00 GMT,2026-02-04T15:56:10.177Z,2026-02-05T00:00:00.000Z,Wright State Moneyline Wright State @ Robert Morris,,Basketball,NCAAM
019c295a-3547-7c7b-8a0d-683edd78713f,Novig,straight,SETTLED_WIN,1.3020833333333335,1.4,-0.0699,30.99648,9.36,02/04/2026 15:51:53 GMT,02/04/2026 23:30:00 GMT,2026-02-04T15:51:53.111Z,2026-02-04T23:30:00.000Z,Villanova Moneyline Seton Hall @ Villanova,,Basketball,NCAAM
019c295d-9e20-7abe-ab0c-b61cfa62eef6,Novig,straight,SETTLED_LOSS,1.8691588785046729,1.8264462809917354,0.0234,14.99605,-15.00,02/04/2026 15:55:29 GMT,02/04/2026 23:00:00 GMT,2026-02-04T15:55:29.524Z,2026-02-04T23:00:00.000Z,Western Carolina Moneyline Western Carolina @ UNC Greensboro,,Basketball,NCAAM
26049854000019905,Fanatics,straight,SETTLED_VOID,1.8,,,20,0.00,02/04/2026 14:54:04 GMT,02/04/2026 22:11:25 GMT,2026-02-04T14:54:04.584Z,2026-02-04T22:11:25.788Z,4+ Luguentz Dort - Rebounds Oklahoma City Thunder at San Antonio Spurs,,Basketball,NBA
019c2922-f38d-7d81-b2aa-ead86c24a0ac,Novig,straight,SETTLED_VOID,2,,,10,0.00,02/04/2026 14:51:34 GMT,02/04/2026 18:47:49 GMT,2026-02-04T14:51:34.243Z,2026-02-04T18:47:49.388Z,Over 3.5 Sam Hauser REBOUNDS Boston Celtics @ Houston Rockets,,Basketball,NBA
639057247375776852,Draftkings Sportsbook,straight,SETTLED_WIN,1.9433962264150944,1.8,0.0797,15,14.15,02/03/2026 14:12:16 GMT,02/04/2026 06:52:51 GMT,2026-02-03T14:12:16.704Z,2026-02-04T06:52:51.051Z,Under 3.5 Jerami Grant Rebounds O/U PHO Suns @ POR Trail Blazers,,Basketball,NBA
O/0003172/0004050,Fanduel Sportsbook,straight,SETTLED_LOSS,2.02,1.8333333333333335,0.1018,15,-15.00,02/03/2026 14:13:03 GMT,02/04/2026 06:52:41 GMT,2026-02-03T14:13:03.000Z,2026-02-04T06:52:41.000Z,Jrue Holiday Under 3.5 Jrue Holiday - Rebounds Phoenix Suns @ Portland Trail Blazers,,Basketball,NBA
639057217362710267,Draftkings Sportsbook,straight,SETTLED_WIN,1.9523809523809523,1.847457627118644,0.0568,35,33.33,02/03/2026 13:22:17 GMT,02/04/2026 06:37:21 GMT,2026-02-03T13:22:17.242Z,2026-02-04T06:37:21.350Z,Over 217.5 Total PHO Suns @ POR Trail Blazers,,Basketball,NBA
495e9120-0103-11f1-97cd-47dd0207f96e,Caesars Sportsbook,straight,SETTLED_LOSS,1.91,1.7352941176470589,0.1007,35,-35.00,02/03/2026 13:21:45 GMT,02/04/2026 05:18:42 GMT,2026-02-03T13:21:45.266Z,2026-02-04T05:18:42.580Z,Over 219 Total Points Philadelphia 76ers at Golden State Warriors,,Basketball,NBA
019c2411-fbb5-7494-af27-a5632a991c67,Novig,straight,SETTLED_LOSS,2.092050209205021,1.8771929824561404,0.1145,9.99976,-10.00,02/03/2026 15:14:46 GMT,02/04/2026 04:00:00 GMT,2026-02-03T15:14:46.918Z,2026-02-04T04:00:00.000Z,away Moneyline UNLV @ Fresno State,,Basketball,NCAAM
639057247142294551,Draftkings Sportsbook,straight,SETTLED_WIN,2.1,1.8849557522123894,0.1141,15,16.50,02/03/2026 14:11:54 GMT,02/04/2026 03:45:08 GMT,2026-02-03T14:11:54.232Z,2026-02-04T03:45:08.842Z,Under 8.5 Neemias Queta Rebounds O/U BOS Celtics @ DAL Mavericks,,Basketball,NBA
639057307639976464,Draftkings Sportsbook,parlay,SETTLED_WIN,2.27,,,5,6.35,02/03/2026 15:52:43 GMT,02/04/2026 03:40:04 GMT,2026-02-03T15:52:43.742Z,2026-02-04T03:40:04.824Z,Under 18.5 Bobby Portis Points O/U CHI Bulls @ MIL Bucks | Under 9.5 Nikola Vucevic Rebounds O/U CHI Bulls @ MIL Bucks | Under 2.5 Isaac Okoro Rebounds O/U CHI Bulls @ MIL Bucks,,Basketball,NBA
26fa27c0-0117-11f1-8aef-cd0d4ea9e2b2,Caesars Sportsbook,parlay,SETTLED_WIN,15.676,,,5,73.38,02/03/2026 15:43:57 GMT,02/04/2026 03:39:54 GMT,2026-02-03T15:43:57.500Z,2026-02-04T03:39:54.442Z,Boston Celtics Money Line Boston Celtics at Dallas Mavericks | Over 7.5 Jaylen Brown - Total Rebounds Boston Celtics at Dallas Mavericks | Under 8.5 Neemias Queta - Total Rebounds Boston Celtics at Dallas Mavericks | Under 3.5 Isaac Okoro - Total Rebounds Chicago Bulls at Milwaukee Bucks,,Basketball,NBA
57a73e73-51ac-47d2-81ae-7a0eeade14a0,ProphetX,straight,SETTLED_WIN,1.9339622641509435,1.732597134360638,0.1162,35,32.69,02/03/2026 13:21:29 GMT,02/04/2026 03:27:31 GMT,2026-02-03T13:21:29.000Z,2026-02-04T03:27:31.127Z,over 219.5 Total Points Orlando Magic at Oklahoma City Thunder,,Basketball,NBA
1505745f-cfbf-452a-8683-0266447b3cf4,ProphetX,straight,SETTLED_LOSS,1.6265822784810127,1.9090909090909092,-0.1480,67,-67.00,02/03/2026 13:20:07 GMT,02/04/2026 03:27:31 GMT,2026-02-03T13:20:07.000Z,2026-02-04T03:27:31.127Z,Miami Heat Moneyline Atlanta Hawks at Miami Heat,,Basketball,NBA
22c76eb0-5853-4e3a-bef5-9180cc22e957,ProphetX,straight,SETTLED_WIN,2.3266,2.06,0.1294,50,66.33,02/03/2026 13:20:59 GMT,02/04/2026 03:27:31 GMT,2026-02-03T13:20:59.000Z,2026-02-04T03:27:31.126Z,Milwaukee Bucks Moneyline Chicago Bulls at Milwaukee Bucks,,Basketball,NBA
1a590742-44b8-4fe4-9849-97f2f5d650c5,ProphetX,straight,SETTLED_LOSS,1.9801980198019804,1.6666666666666665,0.1881,35,-35.00,02/03/2026 13:20:21 GMT,02/04/2026 03:27:31 GMT,2026-02-03T13:20:21.000Z,2026-02-04T03:27:31.126Z,under 240.0 Total Points Atlanta Hawks at Miami Heat,,Basketball,NBA
O/0003172/0004052,Fanduel Sportsbook,straight,SETTLED_WIN,2.3600000000000003,3.2,-0.2625,10,13.60,02/03/2026 14:14:44 GMT,02/04/2026 03:26:00 GMT,2026-02-03T14:14:44.000Z,2026-02-04T03:26:00.000Z,Isaac Okoro Under 2.5 Isaac Okoro - Rebounds Chicago Bulls @ Milwaukee Bucks,,Basketball,NBA
PlacedBet:O6opOu8EC+9a2uhLCxRpz0zG2hs=,theScore Bet,straight,SETTLED_WIN,1.5555555555555556,1.9523809523809523,-0.2033,25,13.89,02/03/2026 14:14:33 GMT,02/04/2026 03:20:30 GMT,2026-02-03T14:14:33.710Z,2026-02-04T03:20:30.060Z,Under 3.5 Isaac Okoro Total Rebounds Chicago Bulls @ Milwaukee Bucks,,Basketball,NBA
PlacedBet:WR4aZL20Xj9j6WxmktFoC909KqA=,theScore Bet,straight,SETTLED_PUSH,1.8,,,20,0.00,02/03/2026 14:12:48 GMT,02/04/2026 03:20:09 GMT,2026-02-03T14:12:48.101Z,2026-02-04T03:20:09.851Z,Under 3.5 Norman Powell Total Rebounds Atlanta Hawks @ Miami Heat,,Basketball,NBA
639057246538314533,Draftkings Sportsbook,straight,SETTLED_LOSS,1.9615384615384617,2.05,-0.0432,15,-15.00,02/03/2026 14:10:54 GMT,02/04/2026 03:14:40 GMT,2026-02-03T14:10:54.659Z,2026-02-04T03:14:40.694Z,Under 3.5 Noah Clowney Rebounds O/U LA Lakers @ BKN Nets,,Basketball,NBA
f41003e0-0114-11f1-bb54-23146c06c3ad,Caesars Sportsbook,straight,SETTLED_LOSS,1.91,2.2516276,-0.1517,25,-25.00,02/03/2026 15:28:13 GMT,02/04/2026 03:10:51 GMT,2026-02-03T15:28:13.086Z,2026-02-04T03:10:51.163Z,Miami Heat -3 Spread Atlanta Hawks at Miami Heat,,Basketball,NBA
20a24cb0-1124-48e5-86bb-e4412577d6f1,ProphetX,straight,SETTLED_LOSS,1.99,1.9090909090909092,0.0424,60,-60.00,02/03/2026 13:19:28 GMT,02/04/2026 02:54:17 GMT,2026-02-03T13:19:28.000Z,2026-02-04T02:54:17.861Z,Brooklyn Nets +8.0 Spread Los Angeles Lakers at Brooklyn Nets,,Basketball,NBA
be83f41e-3983-429b-9cd8-a4247da46fa5,ProphetX,straight,SETTLED_WIN,1.99,1.8849557522123894,0.0557,35,34.65,02/03/2026 13:19:48 GMT,02/04/2026 02:54:17 GMT,2026-02-03T13:19:48.000Z,2026-02-04T02:54:17.861Z,over 222.5 Total Points Los Angeles Lakers at Brooklyn Nets,,Basketball,NBA
1e435470-741d-4e9f-a079-0ab9a21a5aae,ProphetX,straight,SETTLED_LOSS,1.9705882352941178,1.6666666666666665,0.1824,35,-35.00,02/03/2026 13:19:00 GMT,02/04/2026 02:48:19 GMT,2026-02-03T13:19:00.000Z,2026-02-04T02:48:19.850Z,under 236.5 Total Points Utah Jazz at Indiana Pacers,,Basketball,NBA
26048480000029805,Fanatics,parlay,SETTLED_LOSS,9.2,,,5,-5.00,02/03/2026 16:00:11 GMT,02/04/2026 02:36:13 GMT,2026-02-03T16:00:11.271Z,2026-02-04T02:36:13.060Z,5+ Kyshawn George - Rebounds New York Knicks at Washington Wizards | Miami Heat Money Line Atlanta Hawks at Miami Heat | Brooklyn Nets +12.5 Spread Los Angeles Lakers at Brooklyn Nets | 4+ Noah Clowney - Rebounds Los Angeles Lakers at Brooklyn Nets,,Basketball,NBA
26048373000029705,Fanatics,straight,SETTLED_LOSS,1.8,1.6666666666666665,0.0800,20,-20.00,02/03/2026 14:13:57 GMT,02/04/2026 02:36:07 GMT,2026-02-03T14:13:57.039Z,2026-02-04T02:36:07.527Z,5+ Kyshawn George - Rebounds New York Knicks at Washington Wizards,,Basketball,NBA
20EN1JPMGZ,BetMGM,straight,SETTLED_WIN,1.5714285714285714,1.5,0.0476,20,11.43,02/03/2026 15:14:26 GMT,02/04/2026 02:30:00 GMT,2026-02-03T15:14:26.243Z,2026-02-04T02:30:00.000Z,Miami OH Moneyline Miami (OH) at Buffalo,,Basketball,NCAAM
O/0003172/0004053,Fanduel Sportsbook,parlay,SETTLED_LOSS,5.79,,,7.5,-7.50,02/03/2026 15:42:20 GMT,02/04/2026 02:15:57 GMT,2026-02-03T15:42:20.000Z,2026-02-04T02:15:57.000Z,Indiana Pacers Moneyline Utah Jazz @ Indiana Pacers | Tobias Harris Over 4.5 Tobias Harris - Rebounds Denver Nuggets @ Detroit Pistons | Nikola Vucevic Under 10.5 Nikola Vucevic - Alt Rebounds Chicago Bulls @ Milwaukee Bucks,,Basketball,NBA
26048372000019405,Fanatics,straight,SETTLED_WIN,2.1,2.26,-0.0708,12,13.20,02/03/2026 14:12:05 GMT,02/04/2026 02:11:23 GMT,2026-02-03T14:12:05.413Z,2026-02-04T02:11:23.660Z,8+ Jaylen Brown - Rebounds Boston Celtics at Dallas Mavericks,,Basketball,NBA
26048435000029605,Fanatics,parlay,SETTLED_LOSS,6.78,6.486141047279056,0.0453,7,-7.00,02/03/2026 15:15:57 GMT,02/04/2026 01:59:46 GMT,2026-02-03T15:15:57.981Z,2026-02-04T01:59:46.145Z,Miami (OH) Money Line Miami Ohio Redhawks at Buffalo Bulls | Niagara Money Line Canisius Golden Griffins at Niagara Purple Eagles | Toledo Money Line Kent State Golden Flashes at Toledo Rockets | Bradley Money Line Valparaiso Beacons at Bradley Braves,,Basketball,NCAAM
26048371000029505,Fanatics,straight,SETTLED_WIN,2.15,2.35,-0.0851,15,17.25,02/03/2026 14:11:35 GMT,02/04/2026 01:32:50 GMT,2026-02-03T14:11:35.491Z,2026-02-04T01:32:50.566Z,4+ Jake Laravia - Rebounds Los Angeles Lakers at Brooklyn Nets,,Basketball,NBA
019c2410-c10c-785c-b9c6-5297043ed151,Novig,straight,SETTLED_WIN,2.512562814070352,2.8,-0.1027,9.99776,15.12,02/03/2026 15:13:29 GMT,02/04/2026 01:30:00 GMT,2026-02-03T15:13:29.788Z,2026-02-04T01:30:00.000Z,SIU Edwardsville Moneyline SIU Edwardsville @ Lindenwood,,Basketball,NCAAM
ecba0890-0112-11f1-9cbe-298356f301fb,Caesars Sportsbook,straight,SETTLED_WIN,1.68966,1.7407407407407407,-0.0293,15,10.34,02/03/2026 15:13:41 GMT,02/04/2026 01:29:02 GMT,2026-02-03T15:13:41.785Z,2026-02-04T01:29:02.244Z,Niagara Purple Eagles Money Line Canisius Golden Griffins at Niagara Purple Eagles,,Basketball,NCAAM
26048371000019805,Fanatics,straight,SETTLED_WIN,2,1.9523809523809523,0.0244,15,15.00,02/03/2026 14:11:44 GMT,02/04/2026 01:18:00 GMT,2026-02-03T14:11:44.031Z,2026-02-04T01:18:00.156Z,5+ Tobias Harris - Rebounds Denver Nuggets at Detroit Pistons,,Basketball,NBA
019c23a9-f625-7660-bb4f-ca814e4a40f9,Novig,straight,SETTLED_WIN,2,2.2199999999999998,-0.0991,35,35.00,02/03/2026 13:21:10 GMT,02/04/2026 01:05:00 GMT,2026-02-03T13:21:10.256Z,2026-02-04T01:05:00.000Z,Over 224.5 Total Chicago Bulls @ Milwaukee Bucks,,Basketball,NBA
019c23a9-6128-7afc-9f2e-606b4b5a5f34,Novig,straight,SETTLED_LOSS,1.9468571428571428,1.9090909090909092,0.0198,35,-35.00,02/03/2026 13:20:34 GMT,02/04/2026 01:05:00 GMT,2026-02-03T13:20:34.244Z,2026-02-04T01:05:00.000Z,Over 222.5 Total Boston Celtics @ Dallas Mavericks,,Basketball,NBA
O/0003172/0004051,Fanduel Sportsbook,straight,SETTLED_LOSS,1.9433962264150944,2.4,-0.1903,17,-17.00,02/03/2026 14:13:22 GMT,02/04/2026 00:55:19 GMT,2026-02-03T14:13:22.000Z,2026-02-04T00:55:19.000Z,Kyle Filipowski Under 8.5 Kyle Filipowski - Rebounds Utah Jazz @ Indiana Pacers,,Basketball,NBA
fa23a83a-88b8-4c20-be3e-4344dafec354,Novig,parlay,SETTLED_VOID,6.289308176100628,,,5,0.00,02/03/2026 15:58:19 GMT,02/04/2026 00:35:00 GMT,2026-02-03T15:58:19.700Z,2026-02-04T00:35:00.000Z,Over 3.5 Noah Clowney REBOUNDS Los Angeles Lakers @ Brooklyn Nets | Over 2.5 Terance Mann REBOUNDS Los Angeles Lakers @ Brooklyn Nets | Over 3.5 Jake LaRavia REBOUNDS Los Angeles Lakers @ Brooklyn Nets,,Basketball,NBA
019c23d8-e45f-77e4-8528-acd6d59dde25,Novig,straight,SETTLED_VOID,2.008032128514056,2.4,-0.1633,19.99968,0.00,02/03/2026 14:12:27 GMT,02/04/2026 00:35:00 GMT,2026-02-03T14:12:27.766Z,2026-02-04T00:35:00.000Z,Over 2.5 Terance Mann REBOUNDS Los Angeles Lakers @ Brooklyn Nets,,Basketball,NBA
019c24a3-eaae-7c74-ac40-74ce84064f64,Novig,straight,SETTLED_LOSS,2,1.8695652173913042,0.0698,15,-15.00,02/03/2026 17:54:19 GMT,02/04/2026 00:05:00 GMT,2026-02-03T17:54:19.937Z,2026-02-04T00:05:00.000Z,home -4.5 Spread Denver Nuggets @ Detroit Pistons,,Basketball,NBA
019c23d9-e73c-7b69-9b17-d04cb0af6d6b,Novig,straight,SETTLED_VOID,1.8315018315018317,,,19.99998,0.00,02/03/2026 14:13:34 GMT,02/04/2026 00:05:00 GMT,2026-02-03T14:13:34.773Z,2026-02-04T00:05:00.000Z,Under 6.5 Pascal Siakam REBOUNDS Utah Jazz @ Indiana Pacers,,Basketball,NBA
019c23a7-4053-7103-af89-b20a91b21d70,Novig,straight,SETTLED_WIN,1.6051364365971106,1.5434782608695652,0.0399,69.99405,42.36,02/03/2026 13:18:19 GMT,02/04/2026 00:05:00 GMT,2026-02-03T13:18:19.289Z,2026-02-04T00:05:00.000Z,Detroit Pistons Moneyline Denver Nuggets @ Detroit Pistons,,Basketball,NBA
019c23a7-929c-78ee-b6df-7be1c5957cd1,Novig,straight,SETTLED_LOSS,1.6666666666666667,2.35,-0.2908,69.996,-70.00,02/03/2026 13:18:37 GMT,02/04/2026 00:05:00 GMT,2026-02-03T13:18:37.489Z,2026-02-04T00:05:00.000Z,Indiana Pacers Moneyline Utah Jazz @ Indiana Pacers,,Basketball,NBA
019c2411-d96c-701b-b170-eb16c4a2bb19,Novig,straight,SETTLED_LOSS,1.881503923022354,2.02,-0.0686,14.99864,-15.00,02/03/2026 15:14:39 GMT,02/04/2026 00:00:00 GMT,2026-02-03T15:14:39.166Z,2026-02-04T00:00:00.000Z,Toledo Moneyline Kent State @ Toledo,,Basketball,NCAAM
26048373000039605,Fanatics,straight,SETTLED_VOID,1.8695652173913042,,,17,0.00,02/03/2026 14:13:46 GMT,02/03/2026 21:11:19 GMT,2026-02-03T14:13:46.877Z,2026-02-03T21:11:19.573Z,Under 9.5 Nikola Vucevic - Rebounds OU Chicago Bulls at Milwaukee Bucks,,Basketball,NBA
639056438715343677,Draftkings Sportsbook,parlay,SETTLED_LOSS,16.78,11.803224489795918,0.4216,3.5,-3.50,02/02/2026 15:44:31 GMT,02/03/2026 05:43:05 GMT,2026-02-02T15:44:31.534Z,2026-02-03T05:43:05.655Z,8+ Zion Williamson Rebounds NO Pelicans @ CHA Hornets | 12+ Alperen Sengun Rebounds HOU Rockets @ IND Pacers | 10+ Ivica Zubac Rebounds PHI 76ers @ LA Clippers,,Basketball,NBA
O/0003172/0004049,Fanduel Sportsbook,straight,SETTLED_WIN,3.1,2.8200000000000003,0.0993,7,14.70,02/03/2026 02:30:15 GMT,02/03/2026 05:34:28 GMT,2026-02-03T02:30:15.000Z,2026-02-03T05:34:28.000Z,Ivica Zubac Under 9.5 Ivica Zubac - Alt Rebounds Philadelphia 76ers @ Los Angeles Clippers,,Basketball,NBA
bf9367f0-0048-11f1-b09a-4ddf17bc2c97,Caesars Sportsbook,parlay,SETTLED_LOSS,5.059,,,10,-10.00,02/02/2026 15:06:27 GMT,02/03/2026 05:33:55 GMT,2026-02-02T15:06:27.695Z,2026-02-03T05:33:55.442Z,Los Angeles Clippers Money Line Philadelphia 76ers at Los Angeles Clippers | Over 6.5 Derik Queen - Total Rebounds New Orleans Pelicans at Charlotte Hornets | 2+ Grant Williams - Rebounds New Orleans Pelicans at Charlotte Hornets,,Basketball,NBA
O/0003172/0004047,Fanduel Sportsbook,straight,SETTLED_WIN,3.6,3,0.2000,5,13.00,02/02/2026 15:37:32 GMT,02/03/2026 04:23:07 GMT,2026-02-02T15:37:32.000Z,2026-02-03T04:23:07.000Z,Incarnate Word Moneyline Incarnate Word @ Texas A&M-CC,,Basketball,NCAAM
639056434810704027,Draftkings Sportsbook,straight,SETTLED_WIN,3.21,2.66,0.2068,6,13.26,02/02/2026 15:38:01 GMT,02/03/2026 04:10:45 GMT,2026-02-02T15:38:01.872Z,2026-02-03T04:10:45.344Z,Kansas Moneyline Kansas @ Texas Tech,,Basketball,NCAAM
6c98c8b0-004d-11f1-b09a-4ddf17bc2c97,Caesars Sportsbook,parlay,SETTLED_WIN,5.316,4.602051531608593,0.1551,10,43.16,02/02/2026 15:39:55 GMT,02/03/2026 03:32:38 GMT,2026-02-02T15:39:55.963Z,2026-02-03T03:32:38.640Z,Lamar Cardinals Money Line Southeastern Louisiana Lions at Lamar Cardinals | Bethune Cookman Wildcats Money Line Bethune Cookman Wildcats at Alabama A&M Bulldogs | Grambling State Tigers Money Line Grambling State Tigers at Alcorn State Braves | Southern Jaguars Money Line Southern Jaguars at Jackson State Tigers,,Basketball,NCAAM
639056435196649380,Draftkings Sportsbook,straight,SETTLED_WIN,1.4878048780487805,1.4545454545454546,0.0229,12,5.85,02/02/2026 15:38:39 GMT,02/03/2026 03:31:26 GMT,2026-02-02T15:38:39.779Z,2026-02-03T03:31:26.610Z,Southern University Moneyline Southern University @ Jackson State,,Basketball,NCAAM
0567ce08-7a71-43e3-9ede-2ea12c1e0ad5,ProphetX,straight,SETTLED_WIN,2.0296000000000003,1.9433962264150944,0.0444,40,41.20,02/02/2026 14:30:49 GMT,02/03/2026 03:30:00 GMT,2026-02-02T14:30:49.000Z,2026-02-03T03:30:00.000Z,Memphis Grizzlies +7.5 Spread Minnesota Timberwolves at Memphis Grizzlies,,Basketball,NBA
019c1ec3-8b18-7520-a29b-d5b0c7560ec6,Novig,straight,SETTLED_LOSS,1.8018018018018016,2.04,-0.1168,59.9955,-60.00,02/02/2026 14:31:03 GMT,02/03/2026 03:05:00 GMT,2026-02-02T14:31:03.684Z,2026-02-03T03:05:00.000Z,Los Angeles Clippers Moneyline Philadelphia 76ers @ Los Angeles Clippers,,Basketball,NBA
019c1ec3-b8b5-70f1-a007-5184b618b800,Novig,straight,SETTLED_WIN,1.923076923076923,2.0823384,-0.0765,34.996,32.30,02/02/2026 14:31:15 GMT,02/03/2026 03:05:00 GMT,2026-02-02T14:31:15.038Z,2026-02-03T03:05:00.000Z,Over 220.5 Total Philadelphia 76ers @ Los Angeles Clippers,,Basketball,NBA
2d6bbf6f-c74b-446e-9ccc-a15a2eea0aad,ProphetX,straight,SETTLED_WIN,2.0395,2.06,-0.0100,35,36.38,02/02/2026 14:30:31 GMT,02/03/2026 03:00:00 GMT,2026-02-02T14:30:31.000Z,2026-02-03T03:00:00.000Z,Indiana Pacers +6.0 Spread Houston Rockets at Indiana Pacers,,Basketball,NBA
d36f36e5-6c75-4d9d-98ea-ad06cb4d2f78,ProphetX,straight,SETTLED_WIN,1.9339622641509435,2.0300000000000002,-0.0473,35,32.69,02/02/2026 14:30:03 GMT,02/03/2026 03:00:00 GMT,2026-02-02T14:30:03.000Z,2026-02-03T03:00:00.000Z,over 219.0 Total Points Houston Rockets at Indiana Pacers,,Basketball,NBA
639056440544260428,Draftkings Sportsbook,parlay,SETTLED_LOSS,96.75,86.94,0.1128,2,-2.00,02/02/2026 15:47:34 GMT,02/03/2026 02:41:00 GMT,2026-02-02T15:47:34.849Z,2026-02-03T02:41:00.807Z,Aliaksei Protas Anytime Goalscorer NY Islanders @ WAS Capitals | Oliver Kapanen Anytime Goalscorer MTL Canadiens @ MIN Wild | Yegor Chinakhov Anytime Goalscorer OTT Senators @ PIT Penguins,,Ice Hockey,NHL
639056440812496573,Draftkings Sportsbook,parlay,SETTLED_LOSS,96.75,86.94,0.1128,1,-1.00,02/02/2026 15:48:01 GMT,02/03/2026 02:41:00 GMT,2026-02-02T15:48:01.928Z,2026-02-03T02:41:00.613Z,Aliaksei Protas Anytime Goalscorer NY Islanders @ WAS Capitals | Oliver Kapanen Anytime Goalscorer MTL Canadiens @ MIN Wild | Yegor Chinakhov Anytime Goalscorer OTT Senators @ PIT Penguins,,Ice Hockey,NHL
26046962000019405,Fanatics,parlay,SETTLED_LOSS,6,,,7,-7.00,02/02/2026 14:42:05 GMT,02/03/2026 02:40:56 GMT,2026-02-02T14:42:05.073Z,2026-02-03T02:40:56.376Z,3+ Andrew Nembhard - Rebounds Houston Rockets at Indiana Pacers | 4+ Johnny Furphy - Rebounds Houston Rockets at Indiana Pacers | 6+ Pascal Siakam - Rebounds Houston Rockets at Indiana Pacers,,Basketball,NBA
26046947000029705,Fanatics,straight,SETTLED_LOSS,1.7142857142857144,1.7575757575757576,-0.0246,18,-18.00,02/02/2026 14:27:11 GMT,02/03/2026 02:40:56 GMT,2026-02-02T14:27:11.658Z,2026-02-03T02:40:56.349Z,3+ Andrew Nembhard - Rebounds Houston Rockets at Indiana Pacers,,Basketball,NBA
O/0003172/0004040,Fanduel Sportsbook,straight,SETTLED_LOSS,1.7142857142857144,1.7407407407407407,-0.0152,20,-20.00,02/02/2026 14:28:09 GMT,02/03/2026 02:40:30 GMT,2026-02-02T14:28:09.000Z,2026-02-03T02:40:30.000Z,Pascal Siakam To Record 6+ Rebounds Houston Rockets @ Indiana Pacers,,Basketball,NBA
26046949000019405,Fanatics,straight,SETTLED_WIN,1.8,1.7692307692307692,0.0174,20,16.00,02/02/2026 14:29:20 GMT,02/03/2026 01:41:42 GMT,2026-02-02T14:29:20.326Z,2026-02-03T01:41:42.480Z,4+ Johnny Furphy - Rebounds Houston Rockets at Indiana Pacers,,Basketball,NBA
019c1f01-3dcf-7ef8-91e8-bb3763d4e90e,Novig,straight,SETTLED_WIN,1.4245014245014245,1.4587155963302751,-0.0235,14.99472,6.37,02/02/2026 15:38:25 GMT,02/03/2026 01:25:00 GMT,2026-02-02T15:38:25.391Z,2026-02-03T01:25:00.000Z,Grambling Moneyline Grambling @ Alcorn State,,Basketball,NCAAM
019c1f01-058c-7413-9fc3-9fb8b2a06d41,Novig,straight,SETTLED_WIN,1.6155088852988693,1.7407407407407407,-0.0719,11.99622,7.38,02/02/2026 15:38:13 GMT,02/03/2026 01:00:00 GMT,2026-02-02T15:38:13.432Z,2026-02-03T01:00:00.000Z,Bethune Cookman Moneyline Bethune Cookman @ Alabama A&M,,Basketball,NCAAM
019c1f00-25ea-7d89-93cd-9da2bcf11359,Novig,straight,SETTLED_LOSS,2.159827213822894,2.1296,0.0142,6.99593,-7.00,02/02/2026 15:37:14 GMT,02/03/2026 00:30:00 GMT,2026-02-02T15:37:14.705Z,2026-02-03T00:30:00.000Z,Texas A&M Commerce Moneyline New Orleans @ Texas A&M Commerce,,Basketball,NCAAM
019c1f01-9a38-7d2a-a089-3a4d2f2d937c,Novig,straight,SETTLED_WIN,1.3908205841446453,1.3846153846153846,0.0045,14.99834,5.86,02/02/2026 15:38:48 GMT,02/03/2026 00:00:00 GMT,2026-02-02T15:38:48.056Z,2026-02-03T00:00:00.000Z,Lamar Moneyline Southeastern Louisiana @ Lamar,,Basketball,NCAAM
b45f9140-c9b5-4fea-8552-74d19cb74a15,ProphetX,straight,SETTLED_LOSS,1.9611650485436893,1.9602809523809526,0.0005,15,-15.00,02/02/2026 14:18:34 GMT,02/02/2026 23:00:00 GMT,2026-02-02T14:18:34.000Z,2026-02-02T23:00:00.000Z,over 5.5 Yves Missi Rebounds New Orleans Pelicans at Charlotte Hornets,,Basketball,NBA
26046939000029905,Fanatics,straight,SETTLED_LOSS,1.9523809523809523,2.05,-0.0476,15,-15.00,02/02/2026 14:19:22 GMT,02/02/2026 22:36:30 GMT,2026-02-02T14:19:22.847Z,2026-02-02T22:36:30.933Z,3+ Jeremiah Fears - Rebounds New Orleans Pelicans at Charlotte Hornets,,Basketball,NBA
O/0003172/0004048,Fanduel Sportsbook,parlay,SETTLED_LOSS,169.13,132.23980500000002,0.2790,1,-1.00,02/02/2026 15:46:49 GMT,02/02/2026 22:34:21 GMT,2026-02-02T15:46:49.000Z,2026-02-02T22:34:21.000Z,Saddiq Bey 4+ Made Threes New Orleans Pelicans @ Charlotte Hornets | Tari Eason To Record 10+ Rebounds Houston Rockets @ Indiana Pacers | Ty Jerome To Record 6+ Assists Minnesota Timberwolves @ Memphis Grizzlies,,Basketball,NBA
PlacedBet:twHM9LB2fYb06rK9idiSYcae0nU=,theScore Bet,parlay,SETTLED_LOSS,7.289333333333333,,,7.5,-7.50,02/02/2026 15:07:41 GMT,02/02/2026 22:29:35 GMT,2026-02-02T15:07:41.951Z,2026-02-02T22:29:35.919Z,Over 5.5 Yves Missi Total Rebounds New Orleans Pelicans @ Charlotte Hornets | Over 5.5 Zion Williamson Total Rebounds New Orleans Pelicans @ Charlotte Hornets | Under 12.5 Rudy Gobert Total Rebounds Minnesota Timberwolves @ Memphis Grizzlies,,Basketball,NBA
639056401906198737,Draftkings Sportsbook,parlay,SETTLED_LOSS,10.1,,,6,-6.00,02/02/2026 14:43:12 GMT,02/02/2026 22:00:22 GMT,2026-02-02T14:43:12.014Z,2026-02-02T22:00:22.939Z,CHA Hornets Moneyline NO Pelicans @ CHA Hornets | Under 4.5 LaMelo Ball Rebounds O/U NO Pelicans @ CHA Hornets | Over 2.5 Grant Williams Rebounds O/U NO Pelicans @ CHA Hornets | Over 5.5 Zion Williamson Rebounds O/U NO Pelicans @ CHA Hornets,,Basketball,NBA
639056392643395364,Draftkings Sportsbook,straight,SETTLED_LOSS,2.15,1.9090909090909092,0.1262,15,-15.00,02/02/2026 14:27:44 GMT,02/02/2026 22:00:22 GMT,2026-02-02T14:27:44.291Z,2026-02-02T22:00:22.939Z,Under 4.5 LaMelo Ball Rebounds O/U NO Pelicans @ CHA Hornets,,Basketball,NBA
26028542000039705,Fanatics,straight,SETTLED_WIN,1.8,1.7370156258448228,0.0363,30,24.00,01/20/2026 19:42:41 GMT,02/02/2026 21:54:10 GMT,2026-01-20T19:42:41.802Z,2026-02-02T21:54:10.208Z,No Both Teams to Score Sunderland vs Burnley,,Soccer,English Premier League
20ELK59TP3,BetMGM,straight,SETTLED_LOSS,1.7142857142857144,1.8695652173913042,-0.0831,20,-20.00,02/02/2026 14:29:51 GMT,02/02/2026 21:22:39 GMT,2026-02-02T14:29:51.880Z,2026-02-02T21:22:39.641Z,Under 5.5 Kon Knueppel (CHA): Rebounds New Orleans Pelicans at Charlotte Hornets,,Basketball,NBA
26046949000029705,Fanatics,straight,SETTLED_WIN,1.6896551724137931,1.6666666666666665,0.0138,20,13.79,02/02/2026 14:29:29 GMT,02/02/2026 21:03:19 GMT,2026-02-02T14:29:29.708Z,2026-02-02T21:03:19.051Z,3+ Grant Williams - Rebounds New Orleans Pelicans at Charlotte Hornets,,Basketball,NBA
019c1eb0-dae2-76d5-8e87-de28d8ca4356,Novig,straight,SETTLED_WIN,1.8761726078799248,1.6896551724137931,0.1104,14.99862,13.14,02/02/2026 14:11:12 GMT,02/02/2026 20:05:00 GMT,2026-02-02T14:11:12.485Z,2026-02-02T20:05:00.000Z,Over 5.5 Zion Williamson REBOUNDS New Orleans Pelicans @ Charlotte Hornets,,Basketball,NBA
019c1eaf-e174-775f-8906-1cd1129f5858,Novig,straight,SETTLED_WIN,2.159827213822894,2,0.0799,14.99657,17.39,02/02/2026 14:10:23 GMT,02/02/2026 20:05:00 GMT,2026-02-02T14:10:23.030Z,2026-02-02T20:05:00.000Z,Over 6.5 Derik Queen REBOUNDS New Orleans Pelicans @ Charlotte Hornets,,Basketball,NBA
dfc984be-055d-4818-ab27-62b44ea5f528,ProphetX,straight,SETTLED_WIN,1.9998999999999998,1.7462686567164178,0.1452,40,40.00,02/01/2026 14:58:20 GMT,02/02/2026 05:30:00 GMT,2026-02-01T14:58:20.000Z,2026-02-02T05:30:00.000Z,over 223.0 Total Points Oklahoma City Thunder at Denver Nuggets,,Basketball,NBA
a7b8b9dc-5c87-42a2-917e-3254a9354cd8,ProphetX,straight,SETTLED_LOSS,2.1186999999999996,1.9090909090909092,0.1098,55,-55.00,02/01/2026 14:59:30 GMT,02/02/2026 05:30:00 GMT,2026-02-01T14:59:30.000Z,2026-02-02T05:30:00.000Z,Denver Nuggets +7.0 Spread Oklahoma City Thunder at Denver Nuggets,,Basketball,NBA
20EK7TWHD6,BetMGM,straight,SETTLED_VOID,2,,,15,0.00,02/01/2026 15:22:25 GMT,02/02/2026 05:10:00 GMT,2026-02-01T15:22:25.390Z,2026-02-02T05:10:00.000Z,Over 6.5 Deni Avdija (POR): Rebounds Cleveland Cavaliers at Portland Trail Blazers,,Basketball,NBA
2f7a62c3-1ba3-48e9-b44a-3aeadd005144,ProphetX,straight,SETTLED_LOSS,1.9998999999999998,2.0921372,-0.0441,35,-35.00,02/01/2026 14:56:28 GMT,02/02/2026 04:50:09 GMT,2026-02-01T14:56:28.000Z,2026-02-02T04:50:09.739Z,over 224.0 Total Points Orlando Magic at San Antonio Spurs,,Basketball,NBA
639055558817588373,Draftkings Sportsbook,straight,SETTLED_WIN,2.17,1.9523809523809523,0.1115,10,11.70,02/01/2026 15:18:02 GMT,02/02/2026 04:29:10 GMT,2026-02-01T15:18:02.011Z,2026-02-02T04:29:10.401Z,Under 2.5 Sam Merrill Rebounds O/U CLE Cavaliers @ POR Trail Blazers,,Basketball,NBA
O/0003172/0004038,Fanduel Sportsbook,straight,SETTLED_WIN,1.9090909090909092,1.9090909090909092,,17,15.45,02/01/2026 15:21:15 GMT,02/02/2026 04:27:49 GMT,2026-02-01T15:21:15.000Z,2026-02-02T04:27:49.000Z,Jaylon Tyson Under 6.5 Jaylon Tyson - Rebounds Cleveland Cavaliers @ Portland Trail Blazers,,Basketball,NBA
695a4090-ff7e-11f0-9aed-39f787d84b66,Caesars Sportsbook,straight,SETTLED_LOSS,2.4,2.6,-0.0769,55,-55.00,02/01/2026 14:58:04 GMT,02/02/2026 04:18:49 GMT,2026-02-01T14:58:04.697Z,2026-02-02T04:18:49.169Z,Portland Trail Blazers Money Line Cleveland Cavaliers at Portland Trail Blazers,,Basketball,NBA
639055561349114608,Draftkings Sportsbook,straight,SETTLED_WIN,1.8695652173913042,1.9523809523809523,-0.0424,15,13.04,02/01/2026 15:22:13 GMT,02/02/2026 03:53:11 GMT,2026-02-01T15:22:13.738Z,2026-02-02T03:53:11.815Z,Under 4.5 Royce O'Neale Rebounds O/U LA Clippers @ PHO Suns,,Basketball,NBA
26045558000069705,Fanatics,straight,SETTLED_LOSS,1.9523809523809523,1.9090909090909092,0.0227,20,-20.00,02/01/2026 15:18:28 GMT,02/02/2026 02:33:40 GMT,2026-02-01T15:18:28.922Z,2026-02-02T02:33:40.544Z,4+ Jake Laravia - Rebounds Los Angeles Lakers at New York Knicks,,Basketball,NBA
O/0003172/0004033,Fanduel Sportsbook,straight,SETTLED_LOSS,3.1,2.9583096,0.0479,25,-25.00,02/01/2026 14:56:43 GMT,02/02/2026 02:26:09 GMT,2026-02-01T14:56:43.000Z,2026-02-02T02:26:09.000Z,Los Angeles Lakers Moneyline Los Angeles Lakers @ New York Knicks,,Basketball,NBA
O/0003172/0004034,Fanduel Sportsbook,straight,SETTLED_LOSS,2.6799999999999997,2.9583096,-0.0941,20,-20.00,02/01/2026 14:56:49 GMT,02/02/2026 02:26:08 GMT,2026-02-01T14:56:49.000Z,2026-02-02T02:26:08.000Z,Los Angeles Lakers Moneyline Los Angeles Lakers @ New York Knicks,,Basketball,NBA
639055549712006555,Draftkings Sportsbook,straight,SETTLED_LOSS,2.1399999999999997,2.2199999999999998,-0.0360,20,-20.00,02/01/2026 15:02:51 GMT,02/02/2026 02:25:28 GMT,2026-02-01T15:02:51.164Z,2026-02-02T02:25:28.866Z,LA Lakers +4.5 Spread LA Lakers @ NY Knicks,,Basketball,NBA
20EK7RR3RZ,BetMGM,straight,SETTLED_VOID,2,,,15,0.00,02/01/2026 15:20:44 GMT,02/02/2026 02:10:00 GMT,2026-02-01T15:20:44.490Z,2026-02-02T02:10:00.000Z,Under 3.5 Keyonte George (UTA): Rebounds Utah Jazz at Toronto Raptors,,Basketball,NBA
639055561233370023,Draftkings Sportsbook,straight,SETTLED_LOSS,1.9433962264150944,2.21,-0.1206,15,-15.00,02/01/2026 15:22:03 GMT,02/02/2026 01:41:23 GMT,2026-02-01T15:22:03.483Z,2026-02-02T01:41:23.090Z,Under 2.5 Malik Monk Rebounds O/U SAC Kings @ WAS Wizards,,Basketball,NBA
PlacedBet:1JjGJf1o8BQ0BbQJfmaziAwtO6c=,theScore Bet,straight,SETTLED_WIN,1.9090909090909092,1.8695652173913042,0.0211,15,13.64,02/01/2026 15:20:58 GMT,02/02/2026 01:39:38 GMT,2026-02-01T15:20:58.643Z,2026-02-02T01:39:38.402Z,Under 7.5 Collin Murray-Boyles Total Rebounds Utah Jazz @ Toronto Raptors,,Basketball,NBA
54007c9d-cdc1-4ca3-9264-8a474c04abeb,ProphetX,straight,SETTLED_WIN,1.942857142857143,1.7556971818860128,0.1066,35,33.00,02/01/2026 14:55:04 GMT,02/02/2026 01:39:13 GMT,2026-02-01T14:55:04.000Z,2026-02-02T01:39:13.211Z,under 236.0 Total Points Chicago Bulls at Miami Heat,,Basketball,NBA
6de72fda-a3b9-4f0d-ae5c-5bd9eb46c27a,ProphetX,straight,SETTLED_LOSS,1.9000000000000004,2.09,-0.0909,35,-35.00,02/01/2026 14:54:47 GMT,02/02/2026 01:39:13 GMT,2026-02-01T14:54:47.000Z,2026-02-02T01:39:13.210Z,over 215.0 Total Points Brooklyn Nets at Detroit Pistons,,Basketball,NBA
20EK7PMR2U,BetMGM,straight,SETTLED_WIN,2,3.1,-0.3548,15,15.00,02/01/2026 15:19:48 GMT,02/02/2026 01:39:11 GMT,2026-02-01T15:19:48.717Z,2026-02-02T01:39:11.852Z,Under 3.5 Nique Clifford (SAC): Rebounds Sacramento Kings at Washington Wizards,,Basketball,NBA
O/0003172/0004035,Fanduel Sportsbook,straight,SETTLED_WIN,2.1399999999999997,2.1799999999999997,-0.0183,15,17.10,02/01/2026 15:17:34 GMT,02/02/2026 01:37:36 GMT,2026-02-01T15:17:34.000Z,2026-02-02T01:37:36.000Z,Immanuel Quickley Over 4.5 Immanuel Quickley - Rebounds Utah Jazz @ Toronto Raptors,,Basketball,NBA
639055561120522421,Draftkings Sportsbook,straight,SETTLED_WIN,2,2.4,-0.1667,12,12.00,02/01/2026 15:21:51 GMT,02/02/2026 01:36:23 GMT,2026-02-01T15:21:51.876Z,2026-02-02T01:36:23.568Z,Under 9.5 Nikola Vucevic Rebounds O/U CHI Bulls @ MIA Heat,,Basketball,NBA
O/0003172/0004037,Fanduel Sportsbook,straight,SETTLED_WIN,1.9803921568627452,1.7142857142857144,0.1552,15,14.71,02/01/2026 15:20:30 GMT,02/02/2026 01:34:08 GMT,2026-02-01T15:20:30.000Z,2026-02-02T01:34:08.000Z,Jalen Duren Under 10.5 Jalen Duren - Rebounds Brooklyn Nets @ Detroit Pistons,,Basketball,NBA
O/0003172/0004031,Fanduel Sportsbook,straight,SETTLED_WIN,2.1399999999999997,1.8064516129032258,0.1846,25,28.50,02/01/2026 14:56:09 GMT,02/02/2026 01:32:56 GMT,2026-02-01T14:56:09.000Z,2026-02-02T01:32:56.000Z,Utah Jazz 11.0 Spread Betting Utah Jazz @ Toronto Raptors,,Basketball,NBA
O/0003172/0004032,Fanduel Sportsbook,straight,SETTLED_WIN,1.9090909090909092,1.8064516129032258,0.0568,25,22.73,02/01/2026 14:56:14 GMT,02/02/2026 01:32:54 GMT,2026-02-01T14:56:14.000Z,2026-02-02T01:32:54.000Z,Utah Jazz 11.0 Spread Betting Utah Jazz @ Toronto Raptors,,Basketball,NBA
2b5d8a60-ff81-11f0-92eb-45c07ca91264,Caesars Sportsbook,straight,SETTLED_WIN,2.07,2.16,-0.0417,15,16.05,02/01/2026 15:17:49 GMT,02/02/2026 01:28:50 GMT,2026-02-01T15:17:49.190Z,2026-02-02T01:28:50.632Z,Under 4.5 Cade Cunningham - Total Rebounds Brooklyn Nets at Detroit Pistons,,Basketball,NBA
639055549405624254,Draftkings Sportsbook,parlay,SETTLED_LOSS,13,19.48022445190459,-0.3327,7,-7.00,02/01/2026 15:02:21 GMT,02/02/2026 01:23:47 GMT,2026-02-01T15:02:21.643Z,2026-02-02T01:23:47.789Z,LA Lakers Moneyline LA Lakers @ NY Knicks | POR Trail Blazers Moneyline CLE Cavaliers @ POR Trail Blazers | CHI Bulls +4.5 Spread CHI Bulls @ MIA Heat | BOS Celtics Moneyline MIL Bucks @ BOS Celtics,,Basketball,NBA
019c19b5-8fa1-71fe-a0a1-7aac63ffa63d,Novig,straight,SETTLED_LOSS,2.0202020202020203,2.26,-0.1061,34.9965,-35.00,02/01/2026 14:57:39 GMT,02/02/2026 01:05:00 GMT,2026-02-01T14:57:39.109Z,2026-02-02T01:05:00.000Z,Over 213.5 Total Los Angeles Clippers @ Phoenix Suns,,Basketball,NBA
019c19b8-2e83-721b-b16b-24fa9f1cd67d,Novig,straight,SETTLED_LOSS,2.0790020790020787,1.7330452554744524,0.1996,39.99996,-40.00,02/01/2026 15:00:35 GMT,02/02/2026 01:05:00 GMT,2026-02-01T15:00:35.751Z,2026-02-02T01:05:00.000Z,Phoenix Suns Moneyline Los Angeles Clippers @ Phoenix Suns,,Basketball,NBA
019c19b7-f899-7003-a648-747432b4b1c7,Novig,straight,SETTLED_LOSS,1.8050541516245489,1.5464480874316942,0.1672,24.99648,-25.00,02/01/2026 15:00:20 GMT,02/02/2026 01:05:00 GMT,2026-02-01T15:00:20.094Z,2026-02-02T01:05:00.000Z,home +2.5 Spread Los Angeles Clippers @ Phoenix Suns,,Basketball,NBA
019c19ca-3b63-75d1-bf6e-6596e20a72d8,Novig,straight,SETTLED_WIN,1.7825311942959001,1.6289308176100628,0.0943,19.99965,15.65,02/01/2026 15:20:15 GMT,02/02/2026 00:05:00 GMT,2026-02-01T15:20:15.066Z,2026-02-02T00:05:00.000Z,Over 6.5 Luka Doncic REBOUNDS Los Angeles Lakers @ New York Knicks,,Basketball,NBA
20EK7PLW03,BetMGM,straight,SETTLED_LOSS,2.26,2.1,0.0762,15,-15.00,02/01/2026 15:19:25 GMT,02/01/2026 23:40:00 GMT,2026-02-01T15:19:25.463Z,2026-02-01T23:40:00.000Z,Under 8.5 Bobby Portis (MIL) : Rebounds Milwaukee Bucks at Boston Celtics,,Basketball,NBA
346cc0e5-44a0-40fc-97f3-e82935d0bec2,ProphetX,straight,SETTLED_LOSS,1.98019801980198,1.847457627118644,0.0719,35,-35.00,02/01/2026 14:54:10 GMT,02/01/2026 23:30:00 GMT,2026-02-01T14:54:10.000Z,2026-02-01T23:30:00.000Z,over 217.0 Total Points Milwaukee Bucks at Boston Celtics,,Basketball,NBA
639055560041282949,Draftkings Sportsbook,straight,SETTLED_VOID,1.9345794392523366,,,17,0.00,02/01/2026 15:20:02 GMT,02/01/2026 23:12:30 GMT,2026-02-01T15:20:02.788Z,2026-02-01T23:12:30.947Z,Under 9.5 Jalen Smith Rebounds O/U CHI Bulls @ MIA Heat,,Basketball,NBA
019c19cb-5797-79e2-aa2c-799f9ae69073,Novig,straight,SETTLED_VOID,1.9920318725099602,,,19.99968,0.00,02/01/2026 15:21:25 GMT,02/01/2026 23:05:00 GMT,2026-02-01T15:21:25.716Z,2026-02-01T23:05:00.000Z,Under 4.5 Russell Westbrook REBOUNDS Sacramento Kings @ Washington Wizards,,Basketball,NBA
019c19cc-6864-7dc6-b36d-b1ca4e2a4126,Novig,straight,SETTLED_LOSS,1.9083969465648858,2.4,-0.2048,13.49824,-13.50,02/01/2026 15:22:38 GMT,02/01/2026 23:05:00 GMT,2026-02-01T15:22:38.410Z,2026-02-01T23:05:00.000Z,Under 2.5 Zach LaVine REBOUNDS Sacramento Kings @ Washington Wizards,,Basketball,NBA
019c19b3-6774-765f-b9b6-21b0abf40987,Novig,straight,SETTLED_LOSS,1.923076923076923,2.1399999999999997,-0.1014,44.9956,-45.00,02/01/2026 14:55:31 GMT,02/01/2026 23:05:00 GMT,2026-02-01T14:55:31.890Z,2026-02-01T23:05:00.000Z,away +4.5 Spread Chicago Bulls @ Miami Heat,,Basketball,NBA
019c19b2-8a87-7949-89fe-1689b6421b04,Novig,straight,SETTLED_LOSS,2,2.25,-0.1111,37.5,-37.50,02/01/2026 14:54:24 GMT,02/01/2026 23:05:00 GMT,2026-02-01T14:54:24.271Z,2026-02-01T23:05:00.000Z,away +12.5 Spread Brooklyn Nets @ Detroit Pistons,,Basketball,NBA
O/0003172/0004036,Fanduel Sportsbook,straight,SETTLED_WIN,1.925925925925926,1.847457627118644,0.0425,17,15.74,02/01/2026 15:19:35 GMT,02/01/2026 22:54:20 GMT,2026-02-01T15:19:35.000Z,2026-02-01T22:54:20.000Z,Neemias Queta Under 8.5 Neemias Queta - Rebounds Milwaukee Bucks @ Boston Celtics,,Basketball,NBA
20EK7W22WN,BetMGM,straight,SETTLED_WIN,1.425531914893617,1.6369426751592355,-0.1291,20,8.51,02/01/2026 15:24:42 GMT,02/01/2026 21:57:16 GMT,2026-02-01T15:24:42.527Z,2026-02-01T21:57:16.773Z,Oakland Moneyline Northern Kentucky at Oakland,,Basketball,NCAAM
O/0003172/0004039,Fanduel Sportsbook,straight,SETTLED_VOID,1.8771929824561404,,,20,0.00,02/01/2026 15:21:38 GMT,02/01/2026 21:15:52 GMT,2026-02-01T15:21:38.000Z,2026-02-01T21:15:52.000Z,Norman Powell Under 3.5 Norman Powell - Rebounds Chicago Bulls @ Miami Heat,,Basketball,NBA
PlacedBet:HLR0THLWXDKJp3kxtsO0zdaiuZc=,theScore Bet,parlay,SETTLED_LOSS,8.178,7.943887447249087,0.0295,5,-5.00,02/01/2026 15:25:48 GMT,02/01/2026 21:09:05 GMT,2026-02-01T15:25:48.523Z,2026-02-01T21:09:05.237Z,Samford Moneyline Samford Bulldogs @ Western Carolina Catamounts | Furman Moneyline Chattanooga Mocs @ Furman Paladins | Wright State Moneyline Wright State Raiders @ Green Bay Phoenix | Saint Peter's Moneyline Saint Peter's Peacocks @ Rider Broncs | Oakland Moneyline Northern Kentucky Norse @ Oakland Golden Grizzlies,,Basketball,NCAAM
639055562458188435,Draftkings Sportsbook,straight,SETTLED_WIN,1.5555555555555556,1.5714285714285714,-0.0101,20,11.11,02/01/2026 15:24:06 GMT,02/01/2026 20:59:57 GMT,2026-02-01T15:24:06.371Z,2026-02-01T20:59:57.654Z,Wright State Moneyline Wright State @ Green Bay,,Basketball,NCAAM
28e39440-ff82-11f0-b09a-4ddf17bc2c97,Caesars Sportsbook,straight,SETTLED_LOSS,2.18,2.2,-0.0091,15,-15.00,02/01/2026 15:24:54 GMT,02/01/2026 20:57:17 GMT,2026-02-01T15:24:54.532Z,2026-02-01T20:57:17.975Z,Fairfield Stags Money Line Quinnipiac Bobcats at Fairfield Stags,,Basketball,NCAAM
11761827-36a5-49f1-af72-24fb287d909f,ProphetX,straight,SETTLED_WIN,2.1780999999999997,1.9090909090909092,0.1409,15,17.67,02/01/2026 15:23:41 GMT,02/01/2026 20:47:19 GMT,2026-02-01T15:23:41.000Z,2026-02-01T20:47:19.568Z,Samford Bulldogs Moneyline Samford Bulldogs at Western Carolina Catamounts,,Basketball,NCAAM
019c19b2-0b9f-766b-8aeb-3dbc897a5428,Novig,straight,SETTLED_LOSS,1.9230769230769234,1.8979539897039899,0.0132,49.998,-50.00,02/01/2026 14:53:50 GMT,02/01/2026 20:35:00 GMT,2026-02-01T14:53:50.955Z,2026-02-01T20:35:00.000Z,away +13.5 Spread Milwaukee Bucks @ Boston Celtics,,Basketball,NBA
019c19cd-1dd5-7e86-82ef-b215e2fa109d,Novig,straight,SETTLED_LOSS,3.3333333333333335,3.1,0.0753,7.5,-7.50,02/01/2026 15:23:26 GMT,02/01/2026 18:00:00 GMT,2026-02-01T15:23:26.474Z,2026-02-01T18:00:00.000Z,Sacred Heart Moneyline Sacred Heart @ Merrimack,,Basketball,NCAAM
O/0003172/0004004,Fanduel Sportsbook,straight,SETTLED_WIN,1.9090909090909092,1.8695652173913042,0.0211,30,27.27,01/28/2026 15:21:45 GMT,02/01/2026 17:20:44 GMT,2026-01-28T15:21:45.000Z,2026-02-01T17:20:44.000Z,Yes Both Teams To Score Dortmund v FC Heidenheim,,Soccer,Bundesliga
b94d082e-de33-467e-b65d-f1cd9cbdd794,Novig,parlay,SETTLED_LOSS,19.607843137254903,16.567709346991034,0.1835,5,-5.00,02/01/2026 15:26:20 GMT,02/01/2026 17:00:00 GMT,2026-02-01T15:26:20.783Z,2026-02-01T17:00:00.000Z,Saint Peter's Moneyline Saint Peter's @ Rider | Sacred Heart Moneyline Sacred Heart @ Merrimack | Rhode Island Moneyline Rhode Island @ Duquesne | Samford Moneyline Samford @ Western Carolina,,Basketball,NCAAM
019c19cd-9557-7a55-a1c8-b8c77077c50b,Novig,straight,SETTLED_LOSS,2.347417840375587,2.2508724,0.0429,14.99946,-15.00,02/01/2026 15:23:53 GMT,02/01/2026 17:00:00 GMT,2026-02-01T15:23:53.573Z,2026-02-01T17:00:00.000Z,Rhode Island Moneyline Rhode Island @ Duquesne,,Basketball,NCAAM
1c6e63c0-fc5d-11f0-bb54-23146c06c3ad,Caesars Sportsbook,straight,SETTLED_LOSS,1.625,1.6896551724137931,-0.0383,35,-35.00,01/28/2026 15:22:08 GMT,02/01/2026 16:26:31 GMT,2026-01-28T15:22:08.764Z,2026-02-01T16:26:31.605Z,Yes Both Teams To Score Stuttgart vs Freiburg,,Soccer,Bundesliga
26028542000069905,Fanatics,straight,SETTLED_LOSS,1.6666666666666665,1.6993006993006992,-0.0192,40,-40.00,01/20/2026 19:42:34 GMT,02/01/2026 16:04:07 GMT,2026-01-20T19:42:34.999Z,2026-02-01T16:04:07.926Z,Yes Both Teams to Score Aston Villa vs Brentford,,Soccer,English Premier League
PlacedBet:U66TEgJNN6J5WhGKIEdcuh9IlCo=,theScore Bet,straight,SETTLED_WIN,1.4,,,25,10.00,02/01/2026 15:52:04 GMT,02/01/2026 16:04:05 GMT,2026-02-01T15:52:04.763Z,2026-02-01T16:04:05.148Z,No Both Teams To Score Aston Villa vs Brentford,,Soccer,English Premier League
e01f5b50-ff85-11f0-a4bb-c105a3d4106c,Caesars Sportsbook,straight,SETTLED_CASH_OUT,2.18,2.2,-0.0091,25,0.00,02/01/2026 15:51:30 GMT,02/01/2026 15:52:14 GMT,2026-02-01T15:51:30.437Z,2026-02-01T15:52:14.529Z,Fairfield Stags Money Line Quinnipiac Bobcats at Fairfield Stags,,Basketball,NCAAM
2bf21990-fc5d-11f0-97cd-47dd0207f96e,Caesars Sportsbook,straight,SETTLED_WIN,1.77,1.617283950617284,0.0944,35,26.92,01/28/2026 15:22:34 GMT,02/01/2026 15:45:55 GMT,2026-01-28T15:22:34.793Z,2026-02-01T15:45:55.782Z,Yes Both Teams To Score Man Utd vs Fulham,,Soccer,English Premier League
20EHUJTWW9,BetMGM,straight,SETTLED_WIN,1.847457627118644,1.8333333333333335,0.0077,15,12.71,01/31/2026 15:46:07 GMT,02/01/2026 04:40:00 GMT,2026-01-31T15:46:07.747Z,2026-02-01T04:40:00.000Z,Over 4.5 Naji Marshall (DAL): Rebounds Dallas Mavericks at Houston Rockets,,Basketball,NBA
d5909980-1af2-4893-9daf-5d41ba9dad85,ProphetX,straight,SETTLED_LOSS,2.0197000000000003,2.38,-0.1514,35,-35.00,01/31/2026 15:39:46 GMT,02/01/2026 04:00:00 GMT,2026-01-31T15:39:46.000Z,2026-02-01T04:00:00.000Z,Memphis Grizzlies +8.0 Spread Minnesota Timberwolves at Memphis Grizzlies,,Basketball,NBA
221200b0-febb-11f0-97cd-47dd0207f96e,Caesars Sportsbook,straight,SETTLED_LOSS,1.91,2.0133775999999997,-0.0513,35,-35.00,01/31/2026 15:40:13 GMT,02/01/2026 03:57:46 GMT,2026-01-31T15:40:13.243Z,2026-02-01T03:57:46.355Z,Over 223 Total Points Dallas Mavericks at Houston Rockets,,Basketball,NBA
26044145000109905,Fanatics,straight,SETTLED_WIN,2.15,1.847457627118644,0.1638,12.5,14.38,01/31/2026 15:45:52 GMT,02/01/2026 03:14:43 GMT,2026-01-31T15:45:52.443Z,2026-02-01T03:14:43.368Z,6+ Cooper Flagg - Rebounds Dallas Mavericks at Houston Rockets,,Basketball,NBA
639054716320530826,Draftkings Sportsbook,straight,SETTLED_WIN,2.1,2.0113072,0.0441,10,11.00,01/31/2026 15:53:51 GMT,02/01/2026 03:09:08 GMT,2026-01-31T15:53:51.865Z,2026-02-01T03:09:08.284Z,Cal Poly Moneyline Cal Poly @ UC Riverside,,Basketball,NCAAM
O/0003172/0004029,Fanduel Sportsbook,straight,SETTLED_WIN,1.704225352112676,1.7352941176470589,-0.0179,20,14.08,01/31/2026 15:50:26 GMT,02/01/2026 03:03:16 GMT,2026-01-31T15:50:26.000Z,2026-02-01T03:03:16.000Z,Tari Eason To Record 6+ Rebounds Dallas Mavericks @ Houston Rockets,,Basketball,NBA
20EHUJWPTA,BetMGM,straight,SETTLED_LOSS,2,2,,12.5,-12.50,01/31/2026 15:46:55 GMT,02/01/2026 02:59:51 GMT,2026-01-31T15:46:55.767Z,2026-02-01T02:59:51.625Z,Under 3.5 Tyrese Maxey (PHI): Rebounds New Orleans Pelicans at Philadelphia 76ers,,Basketball,NBA
20EHUL11TJ,BetMGM,straight,SETTLED_WIN,1.9523809523809523,2.1,-0.0703,10,9.52,01/31/2026 15:48:53 GMT,02/01/2026 02:59:51 GMT,2026-01-31T15:48:53.007Z,2026-02-01T02:59:51.624Z,Under 3.5 Nickeil Alexander-Walker (ATL): Rebounds Atlanta Hawks at Indiana Pacers,,Basketball,NBA
20EHUM2NM7,BetMGM,straight,SETTLED_WIN,1.9523809523809523,1.9090909090909092,0.0227,15,14.29,01/31/2026 15:49:38 GMT,02/01/2026 02:59:51 GMT,2026-01-31T15:49:38.003Z,2026-02-01T02:59:51.624Z,Under 7.5 Pascal Siakam (IND): Rebounds Atlanta Hawks at Indiana Pacers,,Basketball,NBA
b3936402-7127-4094-b895-764043913518,ProphetX,straight,SETTLED_WIN,1.891891891891892,1.5319148936170213,0.2350,45,40.13,01/31/2026 15:38:44 GMT,02/01/2026 02:59:37 GMT,2026-01-31T15:38:44.000Z,2026-02-01T02:59:37.575Z,New Orleans Pelicans +10.5 Spread New Orleans Pelicans at Philadelphia 76ers,,Basketball,NBA
639054714122645659,Draftkings Sportsbook,straight,SETTLED_VOID,1.8547008547008548,,,15,0.00,01/31/2026 15:50:13 GMT,02/01/2026 02:49:49 GMT,2026-01-31T15:50:13.084Z,2026-02-01T02:49:49.170Z,Under 5.5 Paul George Rebounds O/U NO Pelicans @ PHI 76ers,,Basketball,NBA
bc935d0d-7389-4acc-8c21-c01851ac3492,ProphetX,straight,SETTLED_WIN,2.0098000000000003,1.925925925925926,0.0435,47.5,47.97,01/31/2026 15:38:22 GMT,02/01/2026 02:30:12 GMT,2026-01-31T15:38:22.000Z,2026-02-01T02:30:12.459Z,Indiana Pacers +1.5 Spread Atlanta Hawks at Indiana Pacers,,Basketball,NBA
20EHUHRER0,BetMGM,straight,SETTLED_WIN,2.1399999999999997,1.7751937984496124,0.2055,15,17.14,01/31/2026 15:45:14 GMT,02/01/2026 02:30:10 GMT,2026-01-31T15:45:14.497Z,2026-02-01T02:30:10.467Z,Over 5.5 Daniel Gafford (DAL) : Rebounds Dallas Mavericks at Houston Rockets,,Basketball,NBA
26044147000019505,Fanatics,straight,SETTLED_WIN,1.8333333333333335,1.847457627118644,-0.0076,20,16.67,01/31/2026 15:47:06 GMT,02/01/2026 02:27:52 GMT,2026-01-31T15:47:06.278Z,2026-02-01T02:27:52.082Z,3+ Jeremiah Fears - Rebounds New Orleans Pelicans at Philadelphia 76ers,,Basketball,NBA
26044147000059605,Fanatics,straight,SETTLED_WIN,1.8,1.8,,15,12.00,01/31/2026 15:47:33 GMT,02/01/2026 02:14:40 GMT,2026-01-31T15:47:33.657Z,2026-02-01T02:14:40.041Z,6+ Yves Missi - Rebounds New Orleans Pelicans at Philadelphia 76ers,,Basketball,NBA
20EHULZFAZ,BetMGM,straight,SETTLED_LOSS,2.05,1.7692307692307692,0.1587,15,-15.00,01/31/2026 15:48:09 GMT,02/01/2026 01:51:56 GMT,2026-01-31T15:48:09.043Z,2026-02-01T01:51:56.306Z,Under 4.5 Jarace Walker (IND): Rebounds Atlanta Hawks at Indiana Pacers,,Basketball,NBA
019c14bb-bf07-70de-ab37-280cf36d1b92,Novig,straight,SETTLED_LOSS,1.937984496124031,1.7352941176470589,0.1168,14.99496,-14.99,01/31/2026 15:46:17 GMT,02/01/2026 01:35:00 GMT,2026-01-31T15:46:17.638Z,2026-02-01T01:35:00.000Z,Over 5.5 PJ Washington REBOUNDS Dallas Mavericks @ Houston Rockets,,Basketball,NBA
019c14b5-f0bc-7b22-a385-d761613a3462,Novig,straight,SETTLED_WIN,2.0120724346076457,1.970873786407767,0.0209,49.9982,50.60,01/31/2026 15:39:58 GMT,02/01/2026 01:35:00 GMT,2026-01-31T15:39:58.466Z,2026-02-01T01:35:00.000Z,away +10.5 Spread Dallas Mavericks @ Houston Rockets,,Basketball,NBA
O/0003172/0004030,Fanduel Sportsbook,straight,SETTLED_WIN,2.2800000000000002,2.45,-0.0694,7,8.96,01/31/2026 15:53:31 GMT,02/01/2026 01:27:01 GMT,2026-01-31T15:53:31.000Z,2026-02-01T01:27:01.000Z,Oregon State Moneyline Oregon State @ San Diego,,Basketball,NCAAM
019c14bf-afeb-7b8e-ac82-da6c570e9190,Novig,straight,SETTLED_LOSS,1.9920318725099602,2.1,-0.0514,14.99976,-15.00,01/31/2026 15:50:39 GMT,02/01/2026 01:05:00 GMT,2026-01-31T15:50:39.337Z,2026-02-01T01:05:00.000Z,Over 4.5 Donte DiVincenzo REBOUNDS Minnesota Timberwolves @ Memphis Grizzlies,,Basketball,NBA
019c14b5-0fca-7334-b164-a58888af1a9c,Novig,straight,SETTLED_WIN,2.631578947368421,2.75,-0.0431,49.9966,81.57,01/31/2026 15:39:03 GMT,02/01/2026 01:05:00 GMT,2026-01-31T15:39:03.412Z,2026-02-01T01:05:00.000Z,Chicago Bulls Moneyline Chicago Bulls @ Miami Heat,,Basketball,NBA
019c14c1-68e4-7ad1-a5f5-29a87616cbfc,Novig,straight,SETTLED_WIN,2.155172413793103,2.08,0.0361,4.99728,5.77,01/31/2026 15:52:30 GMT,02/01/2026 01:00:00 GMT,2026-01-31T15:52:30.253Z,2026-02-01T01:00:00.000Z,Washington Moneyline Washington @ Northwestern,,Basketball,NCAAM
019c14c1-a6eb-703e-9002-f79787b9f59b,Novig,straight,SETTLED_WIN,2.1186440677966103,1.8695652173913042,0.1332,9.99696,11.18,01/31/2026 15:52:43 GMT,01/31/2026 23:05:00 GMT,2026-01-31T15:52:43.995Z,2026-01-31T23:05:00.000Z,Oklahoma State Moneyline Oklahoma State @ Utah,,Basketball,NCAAM
019c14c2-f256-739a-8e5c-72df76fff38b,Novig,straight,SETTLED_WIN,3.1249999999999996,3.1,0.0081,4.9984,10.62,01/31/2026 15:54:10 GMT,01/31/2026 23:00:00 GMT,2026-01-31T15:54:10.935Z,2026-01-31T23:00:00.000Z,Princeton Moneyline Princeton @ Columbia,,Basketball,NCAAM
b2ce2ddd-ebc7-4b50-b987-0f22827013e1,ProphetX,straight,SETTLED_LOSS,2.0494000000000003,2.1100000000000003,-0.0287,7,-7.00,01/31/2026 15:52:16 GMT,01/31/2026 22:00:00 GMT,2026-01-31T15:52:16.000Z,2026-01-31T22:00:00.000Z,Oklahoma Sooners Moneyline Texas Longhorns at Oklahoma Sooners,,Basketball,NCAAM
26028542000019605,Fanatics,straight,SETTLED_WIN,1.606060606060606,1.5555555555555556,0.0325,40,24.24,01/20/2026 19:42:25 GMT,01/31/2026 20:41:16 GMT,2026-01-20T19:42:25.045Z,2026-01-31T20:41:16.964Z,Yes Both Teams to Score Liverpool vs Newcastle,,Soccer,English Premier League
019c14c2-04bc-797f-a735-638c025413e9,Novig,straight,SETTLED_LOSS,2.320185614849188,2.25,0.0312,6.99944,-7.00,01/31/2026 15:53:08 GMT,01/31/2026 20:00:00 GMT,2026-01-31T15:53:08.100Z,2026-01-31T20:00:00.000Z,Idaho State Moneyline Idaho State @ Weber State,,Basketball,NCAAM
26044149000079705,Fanatics,straight,SETTLED_LOSS,1.8,1.8064516129032258,-0.0036,20,-20.00,01/31/2026 15:49:48 GMT,01/31/2026 19:44:52 GMT,2026-01-31T15:49:48.789Z,2026-01-31T19:44:52.596Z,3+ Dylan Harper - Rebounds San Antonio Spurs at Charlotte Hornets,,Basketball,NBA
26044147000019405,Fanatics,straight,SETTLED_LOSS,1.9523809523809523,1.9174311926605505,0.0182,12.5,-12.50,01/31/2026 15:47:17 GMT,01/31/2026 19:44:45 GMT,2026-01-31T15:47:17.647Z,2026-01-31T19:44:45.457Z,4+ De'Aaron Fox - Rebounds San Antonio Spurs at Charlotte Hornets,,Basketball,NBA
O/0003172/0003963,Fanduel Sportsbook,straight,SETTLED_WIN,1.641025641025641,1.625,0.0099,30,19.23,01/20/2026 19:42:14 GMT,01/31/2026 18:49:46 GMT,2026-01-20T19:42:14.000Z,2026-01-31T18:49:46.000Z,Yes Both Teams To Score Chelsea v West Ham,,Soccer,English Premier League
019c14c1-dd0c-7f0d-a3ea-822e8853283e,Novig,straight,SETTLED_LOSS,2.08768267223382,2.2618128,-0.0770,6.99819,-7.00,01/31/2026 15:52:59 GMT,01/31/2026 18:00:00 GMT,2026-01-31T15:52:59.907Z,2026-01-31T18:00:00.000Z,Robert Morris Moneyline Robert Morris @ Purdue Fort Wayne,,Basketball,NCAAM
019c14b4-4350-7929-b166-5644807fb36e,Novig,straight,SETTLED_WIN,2.0876826722338206,2.0223968,0.0323,24.99901,27.19,01/31/2026 15:38:07 GMT,01/31/2026 17:05:00 GMT,2026-01-31T15:38:07.612Z,2026-01-31T17:05:00.000Z,home +3.5 Spread San Antonio Spurs @ Charlotte Hornets,,Basketball,NBA
23404ce0-fc5d-11f0-a4bb-c105a3d4106c,Caesars Sportsbook,straight,SETTLED_LOSS,1.66667,1.6944895104895104,-0.0164,35,-35.00,01/28/2026 15:22:20 GMT,01/31/2026 16:54:14 GMT,2026-01-28T15:22:20.206Z,2026-01-31T16:54:14.455Z,Yes Both Teams To Score Wolves vs Bournemouth,,Soccer,English Premier League
fb1b0c50-fc5c-11f0-aa63-7db89dd9c0e7,Caesars Sportsbook,straight,SETTLED_WIN,1.77,1.8,-0.0167,30,23.08,01/28/2026 15:21:12 GMT,01/31/2026 16:01:51 GMT,2026-01-28T15:21:12.853Z,2026-01-31T16:01:51.762Z,Yes Both Teams To Score Hoffenheim vs Union Berlin,,Soccer,Bundesliga
f4914fc0-fc5c-11f0-9cbe-298356f301fb,Caesars Sportsbook,straight,SETTLED_WIN,1.625,1.5714285714285714,0.0341,25,15.63,01/28/2026 15:21:01 GMT,01/31/2026 15:23:05 GMT,2026-01-28T15:21:01.884Z,2026-01-31T15:23:05.800Z,Yes Both Teams To Score RB Leipzig vs Mainz,,Soccer,Bundesliga
ee3c37c0-fc5c-11f0-a4bb-c105a3d4106c,Caesars Sportsbook,straight,SETTLED_LOSS,1.83,1.8620689655172413,-0.0172,25,-25.00,01/28/2026 15:20:51 GMT,01/31/2026 15:12:57 GMT,2026-01-28T15:20:51.260Z,2026-01-31T15:12:57.072Z,No Both Teams To Score Augsburg vs St. Pauli,,Soccer,Bundesliga
08026007-9245-484e-bc8f-2aa9ce435c7d,ProphetX,straight,SETTLED_WIN,1.925233644859813,1.8695652173913042,0.0298,30,27.76,01/30/2026 14:29:49 GMT,01/31/2026 06:00:00 GMT,2026-01-30T14:29:49.000Z,2026-01-31T06:00:00.000Z,over 224.5 Total Points Detroit Pistons at Golden State Warriors,,Basketball,NBA
4034b3ff-c6b3-4cc2-a1fb-be7e92541d4b,ProphetX,straight,SETTLED_WIN,2.1582999999999997,2.0330312,0.0616,45,52.12,01/30/2026 14:30:18 GMT,01/31/2026 06:00:00 GMT,2026-01-30T14:30:18.000Z,2026-01-31T06:00:00.000Z,Detroit Pistons +1.5 Spread Detroit Pistons at Golden State Warriors,,Basketball,NBA
20EGCXY48K,BetMGM,straight,SETTLED_WIN,2.05,2.24,-0.0848,15,15.75,01/30/2026 14:53:47 GMT,01/31/2026 05:01:17 GMT,2026-01-30T14:53:47.730Z,2026-01-31T05:01:17.360Z,Under 3.5 Keyonte George (UTA): Rebounds Brooklyn Nets at Utah Jazz,,Basketball,NBA
20EGCYYH1M,BetMGM,straight,SETTLED_WIN,2,1.9523809523809523,0.0244,12.5,12.50,01/30/2026 14:54:01 GMT,01/31/2026 05:01:17 GMT,2026-01-30T14:54:01.063Z,2026-01-31T05:01:17.360Z,Under 3.5 Terance Mann (BKN): Rebounds Brooklyn Nets at Utah Jazz,,Basketball,NBA
639053815115419736,Draftkings Sportsbook,straight,SETTLED_LOSS,2.19,2.16,0.0139,15,-15.00,01/30/2026 14:51:51 GMT,01/31/2026 04:41:53 GMT,2026-01-30T14:51:51.119Z,2026-01-31T04:41:53.127Z,Under 4.5 Royce O'Neale Rebounds O/U CLE Cavaliers @ PHO Suns,,Basketball,NBA
639053817783133056,Draftkings Sportsbook,straight,SETTLED_WIN,1.8620689655172413,2,-0.0690,15,12.93,01/30/2026 14:56:18 GMT,01/31/2026 04:41:49 GMT,2026-01-30T14:56:18.566Z,2026-01-31T04:41:49.980Z,Over 4.5 James Harden Rebounds O/U LA Clippers @ DEN Nuggets,,Basketball,NBA
31b03b2e-4bdd-4c48-bc39-ddd085cd8d60,ProphetX,straight,SETTLED_LOSS,2.1384999999999996,2.05,0.0432,15,-15.00,01/30/2026 16:20:00 GMT,01/31/2026 04:35:18 GMT,2026-01-30T16:20:00.000Z,2026-01-31T04:35:18.147Z,Boise State Broncos Moneyline Boise State Broncos at Grand Canyon Antelopes,,Basketball,NCAAM
f870c51b-a8d4-4e15-a9b1-4e6dd9d244b4,ProphetX,straight,SETTLED_WIN,1.9000000000000004,1.3333333333333333,0.4250,35,31.50,01/30/2026 14:29:08 GMT,01/31/2026 04:35:18 GMT,2026-01-30T14:29:08.000Z,2026-01-31T04:35:18.017Z,over 209.0 Total Points Los Angeles Clippers at Denver Nuggets,,Basketball,NBA
aa116c58-c485-4c03-9967-d6ab987a954a,ProphetX,straight,SETTLED_WIN,2.0791,1.9210669384981311,0.0823,35,37.77,01/30/2026 14:28:54 GMT,01/31/2026 04:35:18 GMT,2026-01-30T14:28:54.000Z,2026-01-31T04:35:18.015Z,over 221.5 Total Points Cleveland Cavaliers at Phoenix Suns,,Basketball,NBA
26042651000019905,Fanatics,straight,SETTLED_LOSS,1.9090909090909092,2.25,-0.1515,17,-17.00,01/30/2026 14:51:02 GMT,01/31/2026 04:31:35 GMT,2026-01-30T14:51:02.140Z,2026-01-31T04:31:35.716Z,11+ Ivica Zubac - Rebounds Los Angeles Clippers at Denver Nuggets,,Basketball,NBA
26042654000029705,Fanatics,straight,SETTLED_LOSS,1.7142857142857144,1.8,-0.0476,20,-20.00,01/30/2026 14:54:22 GMT,01/31/2026 04:31:34 GMT,2026-01-30T14:54:22.829Z,2026-01-31T04:31:34.886Z,3+ Kris Dunn - Rebounds Los Angeles Clippers at Denver Nuggets,,Basketball,NBA
1b680fd0-fde8-11f0-9169-21324101816e,Caesars Sportsbook,straight,SETTLED_WIN,1.95238,1.5555555555555556,0.2551,55,52.38,01/30/2026 14:29:38 GMT,01/31/2026 04:24:43 GMT,2026-01-30T14:29:38.253Z,2026-01-31T04:24:43.297Z,Denver Nuggets 6 Spread Los Angeles Clippers at Denver Nuggets,,Basketball,NBA
20EGCZ1DGG,BetMGM,straight,SETTLED_WIN,1.9090909090909092,2,-0.0455,15,13.64,01/30/2026 14:55:45 GMT,01/31/2026 03:40:00 GMT,2026-01-30T14:55:45.493Z,2026-01-31T03:40:00.000Z,Under 3.5 Mikal Bridges (NYK): Rebounds Portland Trail Blazers at New York Knicks,,Basketball,NBA
bae08cd4-f190-412f-a061-38d20a497cf8,ProphetX,straight,SETTLED_LOSS,1.8250000000000002,1.8299885726527618,-0.0027,17,-17.00,01/30/2026 14:50:16 GMT,01/31/2026 03:30:00 GMT,2026-01-30T14:50:16.000Z,2026-01-31T03:30:00.000Z,over 4.5 Sam Hauser Rebounds Sacramento Kings at Boston Celtics,,Basketball,NBA
26042625000049605,Fanatics,straight,SETTLED_WIN,1.8333333333333335,1.72992700729927,0.0598,35,29.17,01/30/2026 14:25:44 GMT,01/31/2026 03:05:12 GMT,2026-01-30T14:25:44.276Z,2026-01-31T03:05:12.836Z,Over 219.0 Total Points Toronto Raptors at Orlando Magic,,Basketball,NBA
019c0f64-1f8b-7ebd-86fa-00dab45c8d2c,Novig,straight,SETTLED_WIN,1.9083969465646753,1.704225352112676,0.1198,0.00524,0.00,01/30/2026 14:52:45 GMT,01/31/2026 03:05:00 GMT,2026-01-30T14:52:45.766Z,2026-01-31T03:05:00.000Z,Under 5.5 Cade Cunningham REBOUNDS Detroit Pistons @ Golden State Warriors,,Basketball,NBA
019c0f62-f51a-78f3-86c5-c6be5cbc5745,Novig,straight,SETTLED_LOSS,2.100840336134454,2,0.0504,14.99876,-15.00,01/30/2026 14:51:16 GMT,01/31/2026 03:05:00 GMT,2026-01-30T14:51:16.916Z,2026-01-31T03:05:00.000Z,Over 3.5 Quinten Post REBOUNDS Detroit Pistons @ Golden State Warriors,,Basketball,NBA
019c0f64-8765-731d-8924-762e95aa6a5e,Novig,straight,SETTLED_WIN,2.109704641350211,2.42,-0.1282,9.99666,11.09,01/30/2026 14:52:59 GMT,01/31/2026 03:05:00 GMT,2026-01-30T14:52:59.021Z,2026-01-31T03:05:00.000Z,Under 4.5 Cade Cunningham REBOUNDS Detroit Pistons @ Golden State Warriors,,Basketball,NBA
019c0f4f-ff45-7ac9-a78e-5a3bd9f81b15,Novig,straight,SETTLED_WIN,2.188183807439825,2.0330312,0.0763,14.99874,17.82,01/30/2026 14:30:31 GMT,01/31/2026 03:05:00 GMT,2026-01-30T14:30:31.461Z,2026-01-31T03:05:00.000Z,away +1.5 Spread Detroit Pistons @ Golden State Warriors,,Basketball,NBA
O/0003172/0004027,Fanduel Sportsbook,straight,SETTLED_WIN,1.9433962264150944,1.8695652173913042,0.0395,17,16.04,01/30/2026 14:54:54 GMT,01/31/2026 02:58:54 GMT,2026-01-30T14:54:54.000Z,2026-01-31T02:58:54.000Z,Payton Pritchard Under 4.5 Payton Pritchard - Rebounds Sacramento Kings @ Boston Celtics,,Basketball,NBA
124017c3-1c0d-462b-8fc9-9e4d08a896d7,ProphetX,straight,SETTLED_LOSS,1.99,1.8547008547008548,0.0729,55,-55.00,01/30/2026 14:27:55 GMT,01/31/2026 02:55:03 GMT,2026-01-30T14:27:55.000Z,2026-01-31T02:55:03.288Z,Portland Trail Blazers +7.5 Spread Portland Trail Blazers at New York Knicks,,Basketball,NBA
639053804864739994,Draftkings Sportsbook,parlay,SETTLED_LOSS,11.27,13.257789972550059,-0.1499,7,-7.00,01/30/2026 14:34:46 GMT,01/31/2026 02:51:36 GMT,2026-01-30T14:34:46.263Z,2026-01-31T02:51:36.543Z,TOR Raptors Moneyline TOR Raptors @ ORL Magic | BOS Celtics Moneyline SAC Kings @ BOS Celtics | WAS Wizards Moneyline LA Lakers @ WAS Wizards,,Basketball,NBA
20EGFJ485R,BetMGM,straight,SETTLED_LOSS,1.4784688995215312,1.4,0.0560,20,-20.00,01/30/2026 16:18:47 GMT,01/31/2026 02:16:58 GMT,2026-01-30T16:18:47.280Z,2026-01-31T02:16:58.698Z,Northern Kentucky Moneyline Northern Kentucky at Detroit U.,,Basketball,NCAAM
20EGFK5L07,BetMGM,straight,SETTLED_WIN,1.4,1.5050505050505052,-0.0698,50,20.00,01/30/2026 16:19:42 GMT,01/31/2026 02:16:58 GMT,2026-01-30T16:19:42.837Z,2026-01-31T02:16:58.697Z,Charlotte Moneyline Rice at Charlotte,,Basketball,NCAAM
bd95d164-fa89-4317-8070-aeec121bdb47,ProphetX,straight,SETTLED_WIN,1.4714285714285715,1.5,-0.0190,45,21.22,01/30/2026 16:17:49 GMT,01/31/2026 02:16:47 GMT,2026-01-30T16:17:49.000Z,2026-01-31T02:16:47.015Z,Columbia Lions Moneyline Penn Quakers at Columbia Lions,,Basketball,NCAAM
639053872124495769,Draftkings Sportsbook,parlay,SETTLED_LOSS,12.51,10.311347517730498,0.2132,6,-6.00,01/30/2026 16:26:52 GMT,01/31/2026 02:12:43 GMT,2026-01-30T16:26:52.143Z,2026-01-31T02:12:43.988Z,Columbia Moneyline Pennsylvania @ Columbia | Quinnipiac Moneyline Sacred Heart @ Quinnipiac | Northern Kentucky Moneyline Northern Kentucky @ Detroit Mercy | Manhattan Moneyline Rider @ Manhattan | Boise State Moneyline Boise State @ Grand Canyon | Charlotte Moneyline Rice @ Charlotte,,Basketball,NCAAM
651e2830-fdf7-11f0-9407-a539ed702b1a,Caesars Sportsbook,straight,SETTLED_WIN,1.38462,1.425531914893617,-0.0287,50,19.23,01/30/2026 16:19:04 GMT,01/31/2026 02:10:06 GMT,2026-01-30T16:19:04.371Z,2026-01-31T02:10:06.302Z,Manhattan Jaspers Money Line Rider Broncs at Manhattan Jaspers,,Basketball,NCAAM
019c0f4e-3cab-78f5-9264-9dee20fc35e0,Novig,straight,SETTLED_WIN,2.570694087403599,2.1528844,0.1941,54.99682,86.38,01/30/2026 14:28:37 GMT,01/31/2026 02:05:00 GMT,2026-01-30T14:28:37.157Z,2026-01-31T02:05:00.000Z,Phoenix Suns Moneyline Cleveland Cavaliers @ Phoenix Suns,,Basketball,NBA
26042654000039405,Fanatics,straight,SETTLED_WIN,1.8,1.8695652173913042,-0.0372,20,16.00,01/30/2026 14:54:37 GMT,01/31/2026 01:49:37 GMT,2026-01-30T14:54:37.457Z,2026-01-31T01:49:37.321Z,3+ Jeremiah Fears - Rebounds Memphis Grizzlies at New Orleans Pelicans,,Basketball,NBA
O/0003172/0004028,Fanduel Sportsbook,straight,SETTLED_LOSS,3.15,3.75,-0.1600,5,-5.00,01/30/2026 16:18:11 GMT,01/31/2026 00:50:12 GMT,2026-01-30T16:18:11.000Z,2026-01-31T00:50:12.000Z,Princeton Moneyline Princeton @ Cornell,,Basketball,NCAAM
019c0f67-40fc-7aaa-a388-b108f77164ed,Novig,straight,SETTLED_WIN,1.9782373884866185,1.8849557522123894,0.0495,14.9982,14.67,01/30/2026 14:55:55 GMT,01/31/2026 00:35:00 GMT,2026-01-30T14:55:55.821Z,2026-01-31T00:35:00.000Z,Under 4.5 Desmond Bane REBOUNDS Toronto Raptors @ Orlando Magic,,Basketball,NBA
019c0f65-acb1-782e-b29c-330dddd2b693,Novig,straight,SETTLED_LOSS,1.9083969465648851,1.6896551724137931,0.1295,16.99856,-17.00,01/30/2026 14:54:10 GMT,01/31/2026 00:35:00 GMT,2026-01-30T14:54:10.707Z,2026-01-31T00:35:00.000Z,Over 5.5 Precious Achiuwa REBOUNDS Sacramento Kings @ Boston Celtics,,Basketball,NBA
019c0f67-6b60-7b40-a892-f966e0b03f9b,Novig,straight,SETTLED_VOID,2.1141649048625792,,,16.99938,0.00,01/30/2026 14:56:05 GMT,01/31/2026 00:35:00 GMT,2026-01-30T14:56:05.872Z,2026-01-31T00:35:00.000Z,Under 4.5 Russell Westbrook REBOUNDS Sacramento Kings @ Boston Celtics,,Basketball,NBA
019c0f4c-0e65-7832-ae7d-6a64d698913d,Novig,straight,SETTLED_LOSS,2.004008016032064,2.1232979999999997,-0.0562,59.99976,-60.00,01/30/2026 14:26:12 GMT,01/31/2026 00:35:00 GMT,2026-01-30T14:26:12.544Z,2026-01-31T00:35:00.000Z,away +1.5 Spread Toronto Raptors @ Orlando Magic,,Basketball,NBA
019c0f4c-37b4-7567-8b7e-312a39367d62,Novig,straight,SETTLED_LOSS,1.9417475728155338,2.0371487999999998,-0.0468,49.9962,-50.00,01/30/2026 14:26:24 GMT,01/31/2026 00:35:00 GMT,2026-01-30T14:26:24.053Z,2026-01-31T00:35:00.000Z,away +11.5 Spread Sacramento Kings @ Boston Celtics,,Basketball,NBA
019c0f51-d8bd-7c34-aa71-82f58619915d,Novig,straight,SETTLED_LOSS,4.11522633744856,5,-0.1770,14.99796,-15.00,01/30/2026 14:32:32 GMT,01/31/2026 00:05:00 GMT,2026-01-30T14:32:32.566Z,2026-01-31T00:05:00.000Z,Washington Wizards Moneyline Los Angeles Lakers @ Washington Wizards,,Basketball,NBA
639052963565329290,Draftkings Sportsbook,straight,SETTLED_LOSS,2.04,1.7692307692307692,0.1530,10,-10.00,01/29/2026 15:12:36 GMT,01/30/2026 05:16:07 GMT,2026-01-29T15:12:36.544Z,2026-01-30T05:16:07.228Z,Under 2.5 Isaiah Joe Rebounds O/U OKC Thunder @ MIN Timberwolves,,Basketball,NBA
639052962307505717,Draftkings Sportsbook,straight,SETTLED_WIN,1.72992700729927,1.7092198581560285,0.0121,20,14.59,01/29/2026 15:10:29 GMT,01/30/2026 04:50:42 GMT,2026-01-29T15:10:29.155Z,2026-01-30T04:50:42.897Z,Under 5.5 Cade Cunningham Rebounds O/U DET Pistons @ PHO Suns,,Basketball,NBA
639052963330850823,Draftkings Sportsbook,straight,SETTLED_WIN,2.0700000000000003,2.23,-0.0717,15,16.05,01/29/2026 15:12:11 GMT,01/30/2026 04:45:38 GMT,2026-01-29T15:12:11.921Z,2026-01-30T04:45:38.639Z,Under 5.5 Peyton Watson Rebounds O/U BKN Nets @ DEN Nuggets,,Basketball,NBA
26041254000049605,Fanatics,parlay,SETTLED_LOSS,8.43,,,7.5,-7.50,01/29/2026 15:34:28 GMT,01/30/2026 04:36:42 GMT,2026-01-29T15:34:28.373Z,2026-01-30T04:36:42.968Z,Denver Nuggets Money Line Brooklyn Nets at Denver Nuggets | Under 5.5 Peyton Watson - Rebounds OU Brooklyn Nets at Denver Nuggets | 4+ Zeke Nnaji - Rebounds Brooklyn Nets at Denver Nuggets | 4+ Jalen Pickett - Rebounds Brooklyn Nets at Denver Nuggets,,Basketball,NBA
639052977943812721,Draftkings Sportsbook,parlay,SETTLED_LOSS,6.1,,,8,-8.00,01/29/2026 15:36:33 GMT,01/30/2026 04:25:17 GMT,2026-01-29T15:36:33.014Z,2026-01-30T04:25:17.129Z,DET Pistons Moneyline DET Pistons @ PHO Suns | Under 10.5 Jalen Duren Rebounds O/U DET Pistons @ PHO Suns | Under 5.5 Cade Cunningham Rebounds O/U DET Pistons @ PHO Suns,,Basketball,NBA
O/0003172/0004025,Fanduel Sportsbook,straight,SETTLED_LOSS,2,2.04,-0.0196,15,-15.00,01/29/2026 15:13:01 GMT,01/30/2026 04:08:22 GMT,2026-01-29T15:13:01.000Z,2026-01-30T04:08:22.000Z,Jalen Duren Under 10.5 Jalen Duren - Rebounds Detroit Pistons @ Phoenix Suns,,Basketball,NBA
019c0a71-3707-7a49-bd11-86b58fcc4433,Novig,straight,SETTLED_LOSS,2.197802197802198,2.2199999999999998,-0.0100,4.9959,-5.00,01/29/2026 15:48:41 GMT,01/30/2026 04:00:00 GMT,2026-01-29T15:48:41.200Z,2026-01-30T04:00:00.000Z,Hawaii Moneyline Hawaii @ UC Irvine,,Basketball,NCAAM
639052964191914882,Draftkings Sportsbook,straight,SETTLED_WIN,1.9433962264150944,2.3,-0.1550,15,14.15,01/29/2026 15:13:39 GMT,01/30/2026 03:44:45 GMT,2026-01-29T15:13:39.384Z,2026-01-30T03:44:45.274Z,Under 2.5 Isaac Okoro Rebounds O/U MIA Heat @ CHI Bulls,,Basketball,NBA
c3a83ce0-fd27-11f0-92eb-45c07ca91264,Caesars Sportsbook,parlay,SETTLED_LOSS,7.826,,,5,-5.00,01/29/2026 15:32:47 GMT,01/30/2026 03:40:00 GMT,2026-01-29T15:32:47.662Z,2026-01-30T03:40:00.560Z,Over 8.5 Jalen Smith - Total Rebounds Miami Heat at Chicago Bulls | Over 2.5 Ayo Dosunmu - Total Rebounds Miami Heat at Chicago Bulls | Chicago Bulls Money Line Miami Heat at Chicago Bulls,,Basketball,NBA
PlacedBet:ymQgMkYK/uOM6FH6xe06BUa+mWU=,theScore Bet,parlay,SETTLED_LOSS,11.18206896551724,10.953508970056742,0.0209,7.25,-7.25,01/29/2026 15:00:12 GMT,01/30/2026 03:39:53 GMT,2026-01-29T15:00:12.271Z,2026-01-30T03:39:53.206Z,WSH Wizards Moneyline Milwaukee Bucks @ Washington Wizards | CHI Bulls Moneyline Miami Heat @ Chicago Bulls | DEN Nuggets Moneyline Brooklyn Nets @ Denver Nuggets | DET Pistons Moneyline Detroit Pistons @ Phoenix Suns,,Basketball,NBA
26041228000029905,Fanatics,straight,SETTLED_WIN,1.8333333333333335,1.8,0.0185,20,16.67,01/29/2026 15:08:57 GMT,01/30/2026 03:37:27 GMT,2026-01-29T15:08:57.301Z,2026-01-30T03:37:27.967Z,6+ Cooper Flagg - Rebounds Charlotte Hornets at Dallas Mavericks,,Basketball,NBA
O/0003172/0004019,Fanduel Sportsbook,straight,SETTLED_WIN,1.925925925925926,,,35,32.41,01/29/2026 14:57:24 GMT,01/30/2026 03:34:12 GMT,2026-01-29T14:57:24.000Z,2026-01-30T03:34:12.000Z,Under 238.5 Total Points Miami Heat @ Chicago Bulls,,Basketball,NBA
O/0003172/0004023,Fanduel Sportsbook,straight,SETTLED_LOSS,1.8849557522123894,1.819672131147541,0.0359,15,-15.00,01/29/2026 15:12:02 GMT,01/30/2026 03:20:01 GMT,2026-01-29T15:12:02.000Z,2026-01-30T03:20:01.000Z,Amen Thompson To Record 8+ Rebounds Houston Rockets @ Atlanta Hawks,,Basketball,NBA
O/0003172/0004022,Fanduel Sportsbook,straight,SETTLED_WIN,1.7142857142857144,1.3076923076923077,0.3109,20,14.29,01/29/2026 15:10:52 GMT,01/30/2026 03:19:59 GMT,2026-01-29T15:10:52.000Z,2026-01-30T03:19:59.000Z,Dyson Daniels To Record 6+ Rebounds Houston Rockets @ Atlanta Hawks,,Basketball,NBA
04f2c910-fd26-11f0-9cbe-298356f301fb,Caesars Sportsbook,parlay,SETTLED_LOSS,12.501333333333333,,,7.5,-7.50,01/29/2026 15:20:18 GMT,01/30/2026 03:18:14 GMT,2026-01-29T15:20:18.209Z,2026-01-30T03:18:14.019Z,Over 7.5 Onyeka Okongwu - Total Rebounds Houston Rockets at Atlanta Hawks | Over 5.5 Dyson Daniels - Total Rebounds Houston Rockets at Atlanta Hawks | Over 7.5 Amen Thompson - Total Rebounds Houston Rockets at Atlanta Hawks | Atlanta Hawks Money Line Houston Rockets at Atlanta Hawks,,Basketball,NBA
PlacedBet:CXqnPA+G4pn4a6uOWA9mvHYVlEY=,theScore Bet,parlay,SETTLED_LOSS,15.138,15.089798570500324,0.0032,5,-5.00,01/29/2026 16:03:50 GMT,01/30/2026 03:08:10 GMT,2026-01-29T16:03:50.052Z,2026-01-30T03:08:10.155Z,Georgia State Moneyline Georgia State Panthers @ Louisiana Ragin' Cajuns | UT‎‎ Martin Moneyline UT Martin Skyhawks @ Eastern Illinois Panthers | Lindenwood Moneyline Lindenwood Lions @ Southern Indiana Screaming Eagles | UC Davis Moneyline UC Davis Aggies @ Cal St Northridge | Montana State Moneyline Montana State Bobcats @ Sacramento State Hornets,,Basketball,NCAAM
25201a40-fd2a-11f0-957c-f91622aaf03b,Caesars Sportsbook,straight,SETTLED_WIN,2.4,2.4299999999999997,-0.0123,5,7.00,01/29/2026 15:49:50 GMT,01/30/2026 03:07:01 GMT,2026-01-29T15:49:50.180Z,2026-01-30T03:07:01.436Z,Utah Tech Trailblazers Money Line Utah Tech Trailblazers at Abilene Christian Wildcats,,Basketball,NCAAM
O/0003172/0004024,Fanduel Sportsbook,straight,SETTLED_LOSS,2.06,1.8,0.1444,12,-12.00,01/29/2026 15:12:26 GMT,01/30/2026 03:06:22 GMT,2026-01-29T15:12:26.000Z,2026-01-30T03:06:22.000Z,Reed Sheppard Under 2.5 Reed Sheppard - Rebounds Houston Rockets @ Atlanta Hawks,,Basketball,NBA
20EF0H3G9D,BetMGM,straight,SETTLED_WIN,2,1.9090909090909092,0.0476,13,13.00,01/29/2026 15:13:17 GMT,01/30/2026 03:02:10 GMT,2026-01-29T15:13:17.123Z,2026-01-30T03:02:10.614Z,Under 10.5 Bobby Portis (MIL) : Rebounds Milwaukee Bucks at Washington Wizards,,Basketball,NBA
20EF0F10XE,BetMGM,straight,SETTLED_LOSS,1.9523809523809523,1.9803921568627452,-0.0141,15,-15.00,01/29/2026 15:11:45 GMT,01/30/2026 03:02:10 GMT,2026-01-29T15:11:45.867Z,2026-01-30T03:02:10.614Z,Under 6.5 Kyle Kuzma (MIL): Rebounds Milwaukee Bucks at Washington Wizards,,Basketball,NBA
26041233000029505,Fanatics,straight,SETTLED_WIN,1.8,1.7692307692307692,0.0174,20,16.00,01/29/2026 15:13:27 GMT,01/30/2026 02:38:38 GMT,2026-01-29T15:13:27.304Z,2026-01-30T02:38:38.737Z,3+ Ayo Dosunmu - Rebounds Miami Heat at Chicago Bulls,,Basketball,NBA
O/0003172/0004018,Fanduel Sportsbook,straight,SETTLED_LOSS,1.8771929824561404,1.8695652173913042,0.0041,35,-35.00,01/29/2026 14:56:31 GMT,01/30/2026 02:37:51 GMT,2026-01-29T14:56:31.000Z,2026-01-30T02:37:51.000Z,Over 222.5 Total Points Milwaukee Bucks @ Washington Wizards,,Basketball,NBA
O/0003172/0004021,Fanduel Sportsbook,straight,SETTLED_WIN,2.1799999999999997,2.1399999999999997,0.0187,30,35.40,01/29/2026 14:58:31 GMT,01/30/2026 02:37:49 GMT,2026-01-29T14:58:31.000Z,2026-01-30T02:37:49.000Z,Washington Wizards Moneyline Milwaukee Bucks @ Washington Wizards,,Basketball,NBA
O/0003172/0004020,Fanduel Sportsbook,straight,SETTLED_WIN,2.48,2.1399999999999997,0.1589,25,37.00,01/29/2026 14:58:27 GMT,01/30/2026 02:37:49 GMT,2026-01-29T14:58:27.000Z,2026-01-30T02:37:49.000Z,Washington Wizards Moneyline Milwaukee Bucks @ Washington Wizards,,Basketball,NBA
O/0003172/0004016,Fanduel Sportsbook,straight,SETTLED_WIN,2.09,1.6993006993006992,0.2299,25,27.25,01/29/2026 14:56:05 GMT,01/30/2026 02:35:43 GMT,2026-01-29T14:56:05.000Z,2026-01-30T02:35:43.000Z,Sacramento Kings 12.0 Spread Betting Sacramento Kings @ Philadelphia 76ers,,Basketball,NBA
O/0003172/0004017,Fanduel Sportsbook,straight,SETTLED_WIN,1.8695652173913042,1.6993006993006992,0.1002,30,26.09,01/29/2026 14:56:15 GMT,01/30/2026 02:35:43 GMT,2026-01-29T14:56:15.000Z,2026-01-30T02:35:43.000Z,Sacramento Kings 12.0 Spread Betting Sacramento Kings @ Philadelphia 76ers,,Basketball,NBA
019c0a42-cad3-7f80-8333-3086d229680d,Novig,straight,SETTLED_WIN,2.0366598778004072,1.8333333333333335,0.1109,44.99524,46.64,01/29/2026 14:57:58 GMT,01/30/2026 02:35:00 GMT,2026-01-29T14:57:58.908Z,2026-01-30T02:35:00.000Z,home +6.5 Spread Oklahoma City Thunder @ Minnesota Timberwolves,,Basketball,NBA
fa4e4560-fd2b-11f0-9cbe-298356f301fb,Caesars Sportsbook,straight,SETTLED_LOSS,3.78,4.2,-0.1000,5,-5.00,01/29/2026 16:02:57 GMT,01/30/2026 02:07:00 GMT,2026-01-29T16:02:57.334Z,2026-01-30T02:07:00.601Z,Le Moyne Dolphins Money Line Le Moyne Dolphins at LIU Sharks,,Basketball,NCAAM
0d7dc415-5dbd-4662-8964-518775a7f136,Novig,parlay,SETTLED_LOSS,12.195121951219512,,,5,-5.00,01/29/2026 15:35:35 GMT,01/30/2026 02:05:00 GMT,2026-01-29T15:35:35.264Z,2026-01-30T02:05:00.000Z,Detroit Pistons Moneyline Detroit Pistons @ Phoenix Suns | Under 10.5 Jalen Duren REBOUNDS Detroit Pistons @ Phoenix Suns | Under 5.5 Cade Cunningham REBOUNDS Detroit Pistons @ Phoenix Suns | Over 10.5 Duncan Robinson POINTS Detroit Pistons @ Phoenix Suns,,Basketball,NBA
019c0a50-50e5-7b39-8ab0-6eac89b412c4,Novig,straight,SETTLED_LOSS,1.9083969465648851,1.9523809523809523,-0.0225,16.99856,-17.00,01/29/2026 15:12:46 GMT,01/30/2026 02:05:00 GMT,2026-01-29T15:12:46.673Z,2026-01-30T02:05:00.000Z,Over 3.5 Jalen Pickett REBOUNDS Brooklyn Nets @ Denver Nuggets,,Basketball,NBA
019c0a42-9bfb-761b-93b8-b52c775875d7,Novig,straight,SETTLED_LOSS,1.9157088122605366,1.9523809523809523,-0.0188,34.99488,-34.99,01/29/2026 14:57:46 GMT,01/30/2026 02:05:00 GMT,2026-01-29T14:57:46.871Z,2026-01-30T02:05:00.000Z,Over 214.5 Total Detroit Pistons @ Phoenix Suns,,Basketball,NBA
019c0a42-7804-7bf0-9481-cb57d560f53e,Novig,straight,SETTLED_WIN,1.9607843137254903,2,-0.0196,34.9962,33.62,01/29/2026 14:57:37 GMT,01/30/2026 02:05:00 GMT,2026-01-29T14:57:37.158Z,2026-01-30T02:05:00.000Z,Over 209.5 Total Brooklyn Nets @ Denver Nuggets,,Basketball,NBA
O/0003172/0004026,Fanduel Sportsbook,parlay,SETTLED_LOSS,14.67,,,5,-5.00,01/29/2026 15:31:43 GMT,01/30/2026 01:30:10 GMT,2026-01-29T15:31:43.000Z,2026-01-30T01:30:10.000Z,Washington Wizards Moneyline Milwaukee Bucks @ Washington Wizards | Myles Turner Under 6.5 Myles Turner - Rebounds Milwaukee Bucks @ Washington Wizards | Bobby Portis Under 10.5 Bobby Portis - Rebounds Milwaukee Bucks @ Washington Wizards | Kyle Kuzma Under 6.5 Kyle Kuzma - Rebounds Milwaukee Bucks @ Washington Wizards,,Basketball,NBA
26041233000059505,Fanatics,straight,SETTLED_WIN,1.9523809523809523,1.9615384615384617,-0.0047,15,14.29,01/29/2026 15:13:48 GMT,01/30/2026 01:13:39 GMT,2026-01-29T15:13:48.412Z,2026-01-30T01:13:39.842Z,7+ Myles Turner - Rebounds Milwaukee Bucks at Washington Wizards,,Basketball,NBA
019c0a4b-9664-7b8e-b2b6-9ba17bb6c111,Novig,straight,SETTLED_VOID,1.7730496453900708,,,14.99644,0.00,01/29/2026 15:07:36 GMT,01/30/2026 01:05:00 GMT,2026-01-29T15:07:36.605Z,2026-01-30T01:05:00.000Z,Over 9.5 Jalen Johnson REBOUNDS Houston Rockets @ Atlanta Hawks,,Basketball,NBA
019c0a41-e5a9-7ce5-97ca-ec99d3ee5ff8,Novig,straight,SETTLED_LOSS,2.138256117047563,2.1813599999999997,-0.0198,59.99749,-60.00,01/29/2026 14:57:04 GMT,01/30/2026 01:05:00 GMT,2026-01-29T14:57:04.685Z,2026-01-30T01:05:00.000Z,Chicago Bulls Moneyline Miami Heat @ Chicago Bulls,,Basketball,NBA
019c0a41-b0a0-7d35-b8bf-8e82ecef79d8,Novig,straight,SETTLED_LOSS,2,2.45,-0.1837,45,-45.00,01/29/2026 14:56:48 GMT,01/30/2026 01:05:00 GMT,2026-01-29T14:56:48.122Z,2026-01-30T01:05:00.000Z,home +3.5 Spread Houston Rockets @ Atlanta Hawks,,Basketball,NBA
f418d540-fd29-11f0-b09a-4ddf17bc2c97,Caesars Sportsbook,straight,SETTLED_WIN,2.15,2,0.0750,10,11.50,01/29/2026 15:48:27 GMT,01/30/2026 00:57:17 GMT,2026-01-29T15:48:27.924Z,2026-01-30T00:57:17.890Z,Wofford Terriers Money Line Wofford Terriers at Chattanooga Mocs,,Basketball,NCAAM
019c0a4b-fd19-7a97-9bf6-eff9071582b7,Novig,straight,SETTLED_WIN,2.3640661938534278,2.25,0.0507,9.99972,13.64,01/29/2026 15:08:00 GMT,01/30/2026 00:05:00 GMT,2026-01-29T15:08:00.254Z,2026-01-30T00:05:00.000Z,Under 2.5 Cole Anthony REBOUNDS Milwaukee Bucks @ Washington Wizards,,Basketball,NBA
019c0a4b-c78a-7d2d-8e4d-12a48cf20b55,Novig,straight,SETTLED_WIN,2.336448598130841,2.6,-0.1014,9.99808,13.36,01/29/2026 15:07:46 GMT,01/30/2026 00:05:00 GMT,2026-01-29T15:07:46.917Z,2026-01-30T00:05:00.000Z,Under 2.5 Tre Johnson REBOUNDS Milwaukee Bucks @ Washington Wizards,,Basketball,NBA
019c0a71-f319-7d76-a40a-afc54d154e98,Novig,straight,SETTLED_LOSS,2.1321961620469083,2.2,-0.0308,4.99954,-5.00,01/29/2026 15:49:28 GMT,01/30/2026 00:00:00 GMT,2026-01-29T15:49:28.926Z,2026-01-30T00:00:00.000Z,Fairleigh Dickinson Moneyline Fairleigh Dickinson @ Stonehill,,Basketball,NCAAM
019c0a72-18f3-7998-b86f-d794f4ed82f6,Novig,straight,SETTLED_WIN,2.1367521367521367,1.9523809523809523,0.0944,4.99824,5.68,01/29/2026 15:49:37 GMT,01/30/2026 00:00:00 GMT,2026-01-29T15:49:37.995Z,2026-01-30T00:00:00.000Z,Stetson Moneyline Stetson @ North Florida,,Basketball,NCAAM
26041226000049405,Fanatics,straight,SETTLED_VOID,1.9523809523809523,,,15,0.00,01/29/2026 15:07:00 GMT,01/29/2026 18:23:57 GMT,2026-01-29T15:07:00.396Z,2026-01-29T18:23:57.431Z,8+ Onyeka Okongwu - Rebounds Houston Rockets at Atlanta Hawks,,Basketball,NBA
639052196764132460,Draftkings Sportsbook,parlay,SETTLED_WIN,12.49,11.355218612740897,0.0999,5,57.45,01/28/2026 17:54:36 GMT,01/29/2026 06:00:55 GMT,2026-01-28T17:54:36.811Z,2026-01-29T06:00:55.470Z,Oakland Moneyline Oakland @ Purdue Fort Wayne | Auburn Moneyline Texas @ Auburn | Fordham Moneyline La Salle @ Fordham | Southern Illinois Moneyline Northern Iowa @ Southern Illinois | UCLA Moneyline UCLA @ Oregon,,Basketball,NCAAM
26039824000029705,Fanatics,straight,SETTLED_LOSS,1.8695652173913042,2.05,-0.0880,15,-15.00,01/28/2026 15:44:28 GMT,01/29/2026 05:09:49 GMT,2026-01-28T15:44:28.849Z,2026-01-29T05:09:49.859Z,8+ Amen Thompson - Rebounds San Antonio Spurs at Houston Rockets,,Basketball,NBA
26039818000069705,Fanatics,straight,SETTLED_LOSS,1.9090909090909092,1.9362496914124494,-0.0140,30,-30.00,01/28/2026 15:38:53 GMT,01/29/2026 05:02:48 GMT,2026-01-28T15:38:53.017Z,2026-01-29T05:02:48.680Z,Over 220.0 Total Points San Antonio Spurs at Houston Rockets,,Basketball,NBA
26039818000049905,Fanatics,straight,SETTLED_WIN,1.9090909090909092,1.8771929824561404,0.0170,50,45.45,01/28/2026 15:38:38 GMT,01/29/2026 05:02:43 GMT,2026-01-28T15:38:38.968Z,2026-01-29T05:02:43.091Z,San Antonio Spurs +3.0 Spread San Antonio Spurs at Houston Rockets,,Basketball,NBA
PlacedBet:pmeMFVgxh3WMs19ceiwRqzYuxl4=,theScore Bet,straight,SETTLED_WIN,2.3,2.1,0.0952,7.6,9.88,01/28/2026 15:44:48 GMT,01/29/2026 04:29:15 GMT,2026-01-28T15:44:48.327Z,2026-01-29T04:29:15.362Z,Under 3.5 Stephen Curry Total Rebounds Golden State Warriors @ Utah Jazz,,Basketball,NBA
019c0790-36a0-7c3a-a6c1-d7ff0e926152,Novig,straight,SETTLED_LOSS,2.7472527472527473,2.8899999999999997,-0.0494,7.4984,-7.50,01/29/2026 02:23:46 GMT,01/29/2026 04:00:00 GMT,2026-01-29T02:23:46.653Z,2026-01-29T04:00:00.000Z,Oregon Moneyline UCLA @ Oregon,,Basketball,NCAAM
O/0003172/0004013,Fanduel Sportsbook,straight,SETTLED_LOSS,2.1,1.8547008547008548,0.1323,12,-12.00,01/28/2026 15:45:15 GMT,01/29/2026 03:50:34 GMT,2026-01-28T15:45:15.000Z,2026-01-29T03:50:34.000Z,Keyonte George Under 3.5 Keyonte George - Rebounds Golden State Warriors @ Utah Jazz,,Basketball,NBA
20EDLFPHLA,BetMGM,straight,SETTLED_LOSS,2,1.8849557522123894,0.0610,15,-15.00,01/28/2026 15:43:28 GMT,01/29/2026 03:32:29 GMT,2026-01-28T15:43:28.293Z,2026-01-29T03:32:29.839Z,Over 2.5 Karl-Anthony Towns (NYK): Assists New York Knicks at Toronto Raptors,,Basketball,NBA
20EDLEN7LE,BetMGM,straight,SETTLED_LOSS,2.1399999999999997,2.1799999999999997,-0.0183,15,-15.00,01/28/2026 15:42:53 GMT,01/29/2026 02:58:00 GMT,2026-01-28T15:42:53.610Z,2026-01-29T02:58:00.542Z,Over 6.5 Dyson Daniels (ATL): Rebounds Atlanta Hawks at Boston Celtics,,Basketball,NBA
O/0003172/0004007,Fanduel Sportsbook,straight,SETTLED_WIN,1.8771929824561404,2,-0.0614,25,21.93,01/28/2026 15:40:12 GMT,01/29/2026 02:56:14 GMT,2026-01-28T15:40:12.000Z,2026-01-29T02:56:14.000Z,New York Knicks 2.0 Spread Betting New York Knicks @ Toronto Raptors,,Basketball,NBA
O/0003172/0004006,Fanduel Sportsbook,straight,SETTLED_WIN,2.1,2,0.0500,25,27.50,01/28/2026 15:40:08 GMT,01/29/2026 02:56:13 GMT,2026-01-28T15:40:08.000Z,2026-01-29T02:56:13.000Z,New York Knicks 2.0 Spread Betting New York Knicks @ Toronto Raptors,,Basketball,NBA
O/0003172/0004012,Fanduel Sportsbook,straight,SETTLED_WIN,2.02,2,0.0100,15,15.30,01/28/2026 15:43:55 GMT,01/29/2026 02:55:21 GMT,2026-01-28T15:43:55.000Z,2026-01-29T02:55:21.000Z,Payton Pritchard Under 4.5 Payton Pritchard - Rebounds Atlanta Hawks @ Boston Celtics,,Basketball,NBA
O/0003172/0004010,Fanduel Sportsbook,straight,SETTLED_LOSS,1.847457627118644,2,-0.0763,15,-15.00,01/28/2026 15:41:34 GMT,01/29/2026 02:46:30 GMT,2026-01-28T15:41:34.000Z,2026-01-29T02:46:30.000Z,Anthony Black Under 4.5 Anthony Black - Rebounds Orlando Magic @ Miami Heat,,Basketball,NBA
639052117122575269,Draftkings Sportsbook,straight,SETTLED_WIN,1.9433962264150944,1.7692307692307692,0.0984,10,9.40,01/28/2026 15:41:53 GMT,01/29/2026 02:39:10 GMT,2026-01-28T15:41:53.577Z,2026-01-29T02:39:10.236Z,Under 5.5 Jarace Walker Rebounds O/U CHI Bulls @ IND Pacers,,Basketball,NBA
019c0541-1b6f-70b0-84e1-71e3fb77256b,Novig,straight,SETTLED_LOSS,2.3584905660377355,2.25,0.0482,9.99792,-10.00,01/28/2026 15:38:05 GMT,01/29/2026 02:35:00 GMT,2026-01-28T15:38:05.777Z,2026-01-29T02:35:00.000Z,Over 5.5 Kevin Durant REBOUNDS San Antonio Spurs @ Houston Rockets,,Basketball,NBA
O/0003172/0004011,Fanduel Sportsbook,straight,SETTLED_WIN,1.8,1.625,0.1077,15,12.00,01/28/2026 15:42:10 GMT,01/29/2026 02:31:22 GMT,2026-01-28T15:42:10.000Z,2026-01-29T02:31:22.000Z,Dean Wade Under 5.5 Dean Wade - Rebounds Los Angeles Lakers @ Cleveland Cavaliers,,Basketball,NBA
O/0003172/0004008,Fanduel Sportsbook,straight,SETTLED_WIN,2.1399999999999997,1.9523809523809523,0.0961,2,2.28,01/28/2026 15:40:50 GMT,01/29/2026 02:27:50 GMT,2026-01-28T15:40:50.000Z,2026-01-29T02:27:50.000Z,Indiana Pacers 2.0 Spread Betting Chicago Bulls @ Indiana Pacers,,Basketball,NBA
O/0003172/0004009,Fanduel Sportsbook,straight,SETTLED_WIN,1.9090909090909092,1.9523809523809523,-0.0222,48,43.64,01/28/2026 15:40:58 GMT,01/29/2026 02:27:47 GMT,2026-01-28T15:40:58.000Z,2026-01-29T02:27:47.000Z,Indiana Pacers 2.0 Spread Betting Chicago Bulls @ Indiana Pacers,,Basketball,NBA
O/0003172/0004014,Fanduel Sportsbook,straight,SETTLED_WIN,2.76,2.8,-0.0143,5,8.80,01/28/2026 17:53:22 GMT,01/29/2026 02:25:54 GMT,2026-01-28T17:53:22.000Z,2026-01-29T02:25:54.000Z,Charlotte Moneyline Charlotte @ Temple,,Basketball,NCAAM
O/0003172/0004015,Fanduel Sportsbook,straight,SETTLED_LOSS,3.25,2.9,0.1207,5,-5.00,01/28/2026 17:53:39 GMT,01/29/2026 02:16:46 GMT,2026-01-28T17:53:39.000Z,2026-01-29T02:16:46.000Z,Western Kentucky Moneyline Western Kentucky @ Kennesaw State,,Basketball,NCAAM
019c0542-42ac-71ec-b578-6d225e7521fc,Novig,straight,SETTLED_WIN,1.32148017073825,1.3472222222222223,-0.0191,84.9956,27.32,01/28/2026 15:39:22 GMT,01/29/2026 02:05:00 GMT,2026-01-28T15:39:22.345Z,2026-01-29T02:05:00.000Z,GSW Moneyline Golden State Warriors @ Utah Jazz,,Basketball,NBA
019c0542-0c73-7096-9469-b724f3082c12,Novig,straight,SETTLED_LOSS,2,2.1799999999999997,-0.0826,30,-30.00,01/28/2026 15:39:06 GMT,01/29/2026 02:05:00 GMT,2026-01-28T15:39:06.475Z,2026-01-29T02:05:00.000Z,Under 239.5 Total Golden State Warriors @ Utah Jazz,,Basketball,NBA
019c0546-a491-70ca-98c1-ba53f49dc0ad,Novig,straight,SETTLED_WIN,2.127659574468085,2.06,0.0328,14.9977,16.91,01/28/2026 15:44:05 GMT,01/29/2026 02:05:00 GMT,2026-01-28T15:44:05.473Z,2026-01-29T02:05:00.000Z,Under 5.5 Draymond Green REBOUNDS Golden State Warriors @ Utah Jazz,,Basketball,NBA
26039825000019705,Fanatics,straight,SETTLED_WIN,1.7142857142857144,1.78125,-0.0376,20,14.29,01/28/2026 15:45:03 GMT,01/29/2026 02:03:52 GMT,2026-01-28T15:45:03.959Z,2026-01-29T02:03:52.260Z,5+ Sam Hauser - Rebounds Atlanta Hawks at Boston Celtics,,Basketball,NBA
019c0542-8be0-70e1-a469-622f203c873e,Novig,straight,SETTLED_LOSS,2.004008016032064,2.29,-0.1249,39.99984,-40.00,01/28/2026 15:39:38 GMT,01/29/2026 01:35:00 GMT,2026-01-28T15:39:38.236Z,2026-01-29T01:35:00.000Z,home +6.5 Spread Minnesota Timberwolves @ Dallas Mavericks,,Basketball,NBA
019c0547-d96e-7dc3-bf46-341765b1b58a,Novig,straight,SETTLED_LOSS,2.347417840375587,1.7142857142857144,0.3693,14.99946,-15.00,01/28/2026 15:45:25 GMT,01/29/2026 01:05:00 GMT,2026-01-28T15:45:25.589Z,2026-01-29T01:05:00.000Z,Over 7.5 Jock Landale REBOUNDS Charlotte Hornets @ Memphis Grizzlies,,Basketball,NBA
019c0543-4f02-74bf-8fe6-b0e9cbdb744e,Novig,straight,SETTLED_LOSS,2.0491803278688523,1.9561538461538461,0.0476,29.99736,-30.00,01/28/2026 15:40:28 GMT,01/29/2026 00:35:00 GMT,2026-01-28T15:40:28.263Z,2026-01-29T00:35:00.000Z,Over 221.5 Total New York Knicks @ Toronto Raptors,,Basketball,NBA
019c0546-355a-72e9-b806-0625595ba989,Novig,straight,SETTLED_WIN,2.100840336134454,2.08,0.0100,11.99996,13.21,01/28/2026 15:43:39 GMT,01/29/2026 00:35:00 GMT,2026-01-28T15:43:39.504Z,2026-01-29T00:35:00.000Z,Under 4.5 Desmond Bane REBOUNDS Orlando Magic @ Miami Heat,,Basketball,NBA
019c0543-ef63-70fe-83d2-5fab42ae3c3d,Novig,straight,SETTLED_WIN,1.9230769230769231,1.7874015748031495,0.0759,29.9988,27.69,01/28/2026 15:41:08 GMT,01/29/2026 00:05:00 GMT,2026-01-28T15:41:08.930Z,2026-01-29T00:05:00.000Z,Under 236.5 Total Los Angeles Lakers @ Cleveland Cavaliers,,Basketball,NBA
019c0544-1681-7928-9a30-bb88c2e44c89,Novig,straight,SETTLED_WIN,1.9157088122605366,1.7874015748031495,0.0718,14.99706,13.73,01/28/2026 15:41:19 GMT,01/29/2026 00:05:00 GMT,2026-01-28T15:41:19.848Z,2026-01-29T00:05:00.000Z,Under 9.5 Jarrett Allen REBOUNDS Los Angeles Lakers @ Cleveland Cavaliers,,Basketball,NBA
019c0545-046f-703b-8154-2a1f0d7c7d64,Novig,straight,SETTLED_LOSS,1.8552875695732838,2.05,-0.0950,14.99498,-14.99,01/28/2026 15:42:19 GMT,01/29/2026 00:05:00 GMT,2026-01-28T15:42:19.354Z,2026-01-29T00:05:00.000Z,Over 3.5 De'Andre Hunter REBOUNDS Los Angeles Lakers @ Cleveland Cavaliers,,Basketball,NBA
019c05bb-e890-7b05-bcf2-879eae16eb70,Novig,straight,SETTLED_WIN,2.2624434389140275,2.31,-0.0206,9.99804,12.62,01/28/2026 17:52:25 GMT,01/29/2026 00:00:00 GMT,2026-01-28T17:52:25.200Z,2026-01-29T00:00:00.000Z,Rice Moneyline Rice @ East Carolina,,Basketball,NCAAM
019c05bc-72d7-7226-8644-9d700b3f380c,Novig,straight,SETTLED_WIN,1.9762845849802375,1.9090909090909092,0.0352,9.99856,9.76,01/28/2026 17:52:56 GMT,01/29/2026 00:00:00 GMT,2026-01-28T17:52:56.699Z,2026-01-29T00:00:00.000Z,Tennessee Moneyline Tennessee @ Georgia,,Basketball,NCAAM
6efec620-fc71-11f0-b09a-4ddf17bc2c97,Caesars Sportsbook,parlay,SETTLED_LOSS,6.665,6.00057615322019,0.1107,10,-10.00,01/28/2026 17:47:37 GMT,01/28/2026 21:58:47 GMT,2026-01-28T17:47:37.218Z,2026-01-28T21:58:47.494Z,Yes Both Teams To Score Pafos vs Slavia Prague | Yes Both Teams To Score Borussia Dortmund vs Inter Milan | Yes Both Teams To Score Club Brugge vs Marseille | Yes Both Teams To Score PSV Eindhoven vs Bayern Munich,,Soccer,UEFA Champions League
467583b0-fc5d-11f0-b6ed-e1b5d361408b,Caesars Sportsbook,straight,SETTLED_LOSS,1.5,1.510204081632653,-0.0068,55,-55.00,01/28/2026 15:23:19 GMT,01/28/2026 21:58:47 GMT,2026-01-28T15:23:19.275Z,2026-01-28T21:58:47.470Z,Yes Both Teams To Score Club Brugge vs Marseille,,Soccer,UEFA Champions League
3b7b2690-fc5d-11f0-b6ed-e1b5d361408b,Caesars Sportsbook,straight,SETTLED_LOSS,1.58824,1.6896551724137931,-0.0600,40,-40.00,01/28/2026 15:23:00 GMT,01/28/2026 21:57:04 GMT,2026-01-28T15:23:00.857Z,2026-01-28T21:57:04.765Z,Yes Both Teams To Score Bayer Leverkusen vs Villarreal,,Soccer,UEFA Champions League
O/0003172/0004005,Fanduel Sportsbook,straight,SETTLED_LOSS,1.5952380952380953,1.585858549931601,0.0059,35,-35.00,01/28/2026 15:22:49 GMT,01/28/2026 21:54:22 GMT,2026-01-28T15:22:49.000Z,2026-01-28T21:54:22.000Z,Yes Both Teams To Score Man City v Galatasaray,,Soccer,UEFA Champions League
PlacedBet:o4xaUj5D7Hc+9vdLAS4hIP3BCf8=,theScore Bet,parlay,SETTLED_LOSS,7.847,7.592728522519287,0.0335,10,-10.00,01/28/2026 15:26:34 GMT,01/28/2026 21:54:05 GMT,2026-01-28T15:26:34.231Z,2026-01-28T21:54:05.839Z,Yes Both Teams To Score Manchester City vs Galatasaray Istanbul | Yes Both Teams To Score Bayer Leverkusen vs Villarreal | Yes Both Teams To Score SSC Napoli vs Chelsea | Yes Both Teams To Score Ajax vs Olympiacos Piraeus,,Soccer,UEFA Champions League
639052106402132955,Draftkings Sportsbook,straight,SETTLED_WIN,2.45,2.33,0.0515,25,36.25,01/28/2026 15:24:01 GMT,01/28/2026 21:53:37 GMT,2026-01-28T15:24:01.404Z,2026-01-28T21:53:37.081Z,No Both Teams to Score Monaco vs Juventus,,Soccer,UEFA Champions League
983a48c0-fc5d-11f0-9cbe-298356f301fb,Caesars Sportsbook,straight,SETTLED_WIN,1.47619,1.4476882168512124,0.0197,50,23.81,01/28/2026 15:25:36 GMT,01/28/2026 21:38:11 GMT,2026-01-28T15:25:36.460Z,2026-01-28T21:38:11.324Z,Yes Both Teams To Score PSV Eindhoven vs Bayern Munich,,Soccer,UEFA Champions League
26039804000029405,Fanatics,straight,SETTLED_WIN,1.5555555555555556,1.6384345991561182,-0.0506,40,22.22,01/28/2026 15:24:47 GMT,01/28/2026 21:28:27 GMT,2026-01-28T15:24:47.186Z,2026-01-28T21:28:27.668Z,Yes Both Teams to Score Ajax vs Olympiakos,,Soccer,UEFA Champions League
9ce88e90-fc5d-11f0-b6ed-e1b5d361408b,Caesars Sportsbook,straight,SETTLED_WIN,1.5,1.5336004784688995,-0.0219,50,25.00,01/28/2026 15:25:44 GMT,01/28/2026 20:38:55 GMT,2026-01-28T15:25:44.313Z,2026-01-28T20:38:55.301Z,Yes Both Teams To Score Benfica vs Real Madrid,,Soccer,UEFA Champions League
PlacedBet:iMYZWY3JPRrOO4Y96ewZl3rEXIE=,theScore Bet,straight,SETTLED_WIN,1.7407407407407407,1.7486030632135894,-0.0045,40,29.63,01/28/2026 15:25:21 GMT,01/28/2026 20:35:54 GMT,2026-01-28T15:25:21.455Z,2026-01-28T20:35:54.823Z,Yes Both Teams To Score SSC Napoli vs Chelsea,,Soccer,UEFA Champions League
aacec010-fba4-11f0-882e-5114bb83d822,Caesars Sportsbook,parlay,SETTLED_LOSS,6.008,3.8038461538461537,0.5795,10,-10.00,01/27/2026 17:21:50 GMT,01/28/2026 05:40:05 GMT,2026-01-27T17:21:50.737Z,2026-01-28T05:40:05.683Z,Over 3.5 Jalen Pickett - Total Rebounds Detroit Pistons at Denver Nuggets | Over 6.5 Lauri Markkanen - Total Rebounds Los Angeles Clippers at Utah Jazz,,Basketball,NBA
26038482000029905,Fanatics,straight,SETTLED_LOSS,2.05,2.15,-0.0465,20,-20.00,01/27/2026 17:22:13 GMT,01/28/2026 05:37:54 GMT,2026-01-27T17:22:13.299Z,2026-01-28T05:37:54.526Z,7+ Lauri Markkanen - Rebounds Los Angeles Clippers at Utah Jazz,,Basketball,NBA
26038480000049405,Fanatics,straight,SETTLED_LOSS,1.9523809523809523,1.625,0.2015,20,-20.00,01/27/2026 17:20:48 GMT,01/28/2026 05:37:50 GMT,2026-01-27T17:20:48.737Z,2026-01-28T05:37:50.372Z,3+ Kris Dunn - Rebounds Los Angeles Clippers at Utah Jazz,,Basketball,NBA
26038482000039705,Fanatics,straight,SETTLED_LOSS,1.7692307692307692,1.7692307692307692,,20,-20.00,01/27/2026 17:22:19 GMT,01/28/2026 04:28:38 GMT,2026-01-27T17:22:19.610Z,2026-01-28T04:28:38.587Z,4+ Jalen Pickett - Rebounds Detroit Pistons at Denver Nuggets,,Basketball,NBA
26038395000029405,Fanatics,parlay,SETTLED_LOSS,10.25,9.90179622910019,0.0352,7.5,-7.50,01/27/2026 15:55:12 GMT,01/28/2026 04:11:48 GMT,2026-01-27T15:55:12.689Z,2026-01-28T04:11:48.185Z,Arkansas Money Line Arkansas Razorbacks at Oklahoma Sooners | Kent State Money Line Ohio Bobcats at Kent State Golden Flashes | Illinois Chicago Flames Money Line Indiana State Sycamores at Illinois Chicago Flames | Purdue Money Line Purdue Boilermakers at Indiana Hoosiers | Vanderbilt Money Line Kentucky Wildcats at Vanderbilt Commodores | New Mexico Money Line New Mexico Lobos at UNLV Runnin Rebels,,Basketball,NCAAM
O/0003172/0004003,Fanduel Sportsbook,straight,SETTLED_LOSS,1.4878048780487805,1.5,-0.0081,20,-20.00,01/27/2026 15:53:32 GMT,01/28/2026 04:04:42 GMT,2026-01-27T15:53:32.000Z,2026-01-28T04:04:42.000Z,Purdue Moneyline Purdue @ Indiana,,Basketball,NCAAM
019c0028-24d3-762e-a763-675ec89e6df3,Novig,straight,SETTLED_WIN,1.490342778839133,1.5405405405405406,-0.0326,24.99425,12.26,01/27/2026 15:52:45 GMT,01/28/2026 04:00:00 GMT,2026-01-27T15:52:45.321Z,2026-01-28T04:00:00.000Z,New Mexico Moneyline New Mexico @ UNLV,,Basketball,NCAAM
20EC7YHTP7,BetMGM,parlay,SETTLED_LOSS,5.51,4.772437897174774,0.1545,7.5,-7.50,01/27/2026 15:58:20 GMT,01/28/2026 03:52:59 GMT,2026-01-27T15:58:20.150Z,2026-01-28T03:52:59.183Z,New Orleans Pelicans +14.5 Spread New Orleans Pelicans at Oklahoma City Thunder | Milwaukee Bucks +10.5 Spread Milwaukee Bucks at Philadelphia 76ers | Clippers Moneyline Los Angeles Clippers at Utah Jazz,,Basketball,NBA
639051259979101686,Draftkings Sportsbook,straight,SETTLED_WIN,1.6024096385542168,1.7407407407407407,-0.0795,15,9.03,01/27/2026 15:53:17 GMT,01/28/2026 03:46:31 GMT,2026-01-27T15:53:17.891Z,2026-01-28T03:46:31.846Z,Saint Josephs Moneyline Saint Josephs @ Loyola Chicago,,Basketball,NCAAM
227c0800-fb98-11f0-a4bb-c105a3d4106c,Caesars Sportsbook,straight,SETTLED_LOSS,1.91,1.9090909090909092,0.0005,15,-15.00,01/27/2026 15:52:08 GMT,01/28/2026 03:42:12 GMT,2026-01-27T15:52:08.064Z,2026-01-28T03:42:12.298Z,Incarnate Word Cardinals Money Line Incarnate Word Cardinals at Houston Christian Huskies,,Basketball,NCAAM
c907fcb0-fb98-11f0-9407-a539ed702b1a,Caesars Sportsbook,straight,SETTLED_WIN,1.91,1.9090909090909092,0.0005,40,36.36,01/27/2026 15:56:47 GMT,01/28/2026 03:06:49 GMT,2026-01-27T15:56:47.483Z,2026-01-28T03:06:49.868Z,Over 219 Total Points Milwaukee Bucks at Philadelphia 76ers,,Basketball,NBA
019c002c-84f1-747d-9994-af970fd3944f,Novig,straight,SETTLED_WIN,1.3404825737265413,1.3246753246753247,0.0119,99.99384,34.05,01/27/2026 15:57:29 GMT,01/28/2026 03:05:00 GMT,2026-01-27T15:57:29.016Z,2026-01-28T03:05:00.000Z,Los Angeles Clippers Moneyline Los Angeles Clippers @ Utah Jazz,,Basketball,NBA
26038480000029405,Fanatics,straight,SETTLED_WIN,1.8695652173913042,1.6289308176100628,0.1477,20,17.39,01/27/2026 17:20:42 GMT,01/28/2026 02:47:26 GMT,2026-01-27T17:20:42.322Z,2026-01-28T02:47:26.147Z,5+ Precious Achiuwa - Rebounds Sacramento Kings at New York Knicks,,Basketball,NBA
8e3a5040-fba4-11f0-bb54-23146c06c3ad,Caesars Sportsbook,straight,SETTLED_WIN,1.80645,1.5714285714285714,0.1496,20,16.13,01/27/2026 17:21:02 GMT,01/28/2026 02:37:00 GMT,2026-01-27T17:21:02.788Z,2026-01-28T02:37:00.362Z,Over 4.5 VJ Edgecombe - Total Rebounds Milwaukee Bucks at Philadelphia 76ers,,Basketball,NBA
2ff2d6d0-fb98-11f0-9169-21324101816e,Caesars Sportsbook,straight,SETTLED_LOSS,1.60606,1.6451612903225805,-0.0238,15,-15.00,01/27/2026 15:52:30 GMT,01/28/2026 02:35:21 GMT,2026-01-27T15:52:30.653Z,2026-01-28T02:35:21.468Z,Eastern Michigan Eagles Money Line Eastern Michigan Eagles at Central Michigan Chippewas,,Basketball,NCAAM
019c002c-3abf-74ff-97df-e35a5a95b840,Novig,straight,SETTLED_LOSS,2.0161290322580645,2,0.0081,34.99776,-35.00,01/27/2026 15:57:07 GMT,01/28/2026 02:05:00 GMT,2026-01-27T15:57:07.453Z,2026-01-28T02:05:00.000Z,Over 216.5 Total Detroit Pistons @ Denver Nuggets,,Basketball,NBA
019c002c-5b6e-7eee-a42e-06128e8c87e7,Novig,straight,SETTLED_LOSS,2.079002079002079,2.0422372,0.0180,34.99756,-35.00,01/27/2026 15:57:15 GMT,01/28/2026 02:05:00 GMT,2026-01-27T15:57:15.744Z,2026-01-28T02:05:00.000Z,Over 211.5 Total Brooklyn Nets @ Phoenix Suns,,Basketball,NBA
26038394000019805,Fanatics,straight,SETTLED_WIN,1.6896551724137931,1.625,0.0398,15,10.34,01/27/2026 15:54:04 GMT,01/28/2026 02:04:45 GMT,2026-01-27T15:54:04.018Z,2026-01-28T02:04:45.131Z,Arkansas Money Line Arkansas Razorbacks at Oklahoma Sooners,,Basketball,NCAAM
019c0079-332a-7db8-9ef0-79f200c61083,Novig,straight,SETTLED_LOSS,1.8416206261510129,1.9433962264150944,-0.0524,19.99869,-20.00,01/27/2026 17:21:14 GMT,01/28/2026 01:05:00 GMT,2026-01-27T17:21:14.462Z,2026-01-28T01:05:00.000Z,Over 2.5 Jeremiah Fears REBOUNDS New Orleans Pelicans @ Oklahoma City Thunder,,Basketball,NBA
019c002c-0e60-7176-8c57-849792afdf33,Novig,straight,SETTLED_WIN,1.9157088122605364,1.9725314474304574,-0.0288,49.99716,45.78,01/27/2026 15:56:56 GMT,01/28/2026 01:05:00 GMT,2026-01-27T15:56:56.314Z,2026-01-28T01:05:00.000Z,away +14.5 Spread New Orleans Pelicans @ Oklahoma City Thunder,,Basketball,NBA
019c002b-b479-70ab-8343-1ba3ff8ac928,Novig,straight,SETTLED_LOSS,1.9607843137254901,1.847457627118644,0.0613,49.9953,-50.00,01/27/2026 15:56:32 GMT,01/28/2026 01:05:00 GMT,2026-01-27T15:56:32.904Z,2026-01-28T01:05:00.000Z,away +10.5 Spread Milwaukee Bucks @ Philadelphia 76ers,,Basketball,NBA
019c002b-8932-7110-bf88-f231343f3cfb,Novig,straight,SETTLED_LOSS,1.976284584980237,2.1494020000000003,-0.0805,59.99642,-60.00,01/27/2026 15:56:24 GMT,01/28/2026 00:35:00 GMT,2026-01-27T15:56:24.133Z,2026-01-28T00:35:00.000Z,away +13.5 Spread Sacramento Kings @ New York Knicks,,Basketball,NBA
O/0003172/0004002,Fanduel Sportsbook,straight,SETTLED_WIN,2.6799999999999997,2.63,0.0190,10,16.80,01/27/2026 15:51:52 GMT,01/27/2026 23:27:09 GMT,2026-01-27T15:51:52.000Z,2026-01-27T23:27:09.000Z,New Orleans Moneyline New Orleans @ Nicholls,,Basketball,NCAAM
019c0029-1aa0-763e-9f1f-1f820aeefb15,Novig,straight,SETTLED_LOSS,2.0703933747412004,2.05,0.0099,9.9981,-10.00,01/27/2026 15:53:42 GMT,01/27/2026 23:00:00 GMT,2026-01-27T15:53:42.135Z,2026-01-27T23:00:00.000Z,Wake Forest Moneyline Wake Forest @ Pittsburgh,,Basketball,NCAAM
019c0027-2a7b-71a7-8c34-e54bd20fff22,Novig,straight,SETTLED_WIN,2.277904328018223,2.26,0.0079,9.99603,12.77,01/27/2026 15:51:38 GMT,01/27/2026 19:00:00 GMT,2026-01-27T15:51:38.301Z,2026-01-27T19:00:00.000Z,Alabama A&M Moneyline Alabama A&M @ Prairie View A&M,,Basketball,NCAAM
O/0003172/0004001,Fanduel Sportsbook,straight,SETTLED_WIN,1.8064516129032258,1.9433962264150944,-0.0705,45,36.29,01/26/2026 19:10:46 GMT,01/27/2026 03:38:13 GMT,2026-01-26T19:10:46.000Z,2026-01-27T03:38:13.000Z,Portland Trail Blazers +8.5 Alternate Spread Portland Trail Blazers @ Boston Celtics,,Basketball,NBA
O/0003172/0004000,Fanduel Sportsbook,straight,SETTLED_WIN,1.9615384615384617,1.9433962264150944,0.0093,10,9.70,01/26/2026 19:10:37 GMT,01/27/2026 03:38:13 GMT,2026-01-26T19:10:37.000Z,2026-01-27T03:38:13.000Z,Portland Trail Blazers +8.5 Alternate Spread Portland Trail Blazers @ Boston Celtics,,Basketball,NBA
639050512654755878,Draftkings Sportsbook,straight,SETTLED_WIN,1.9615384615384617,2.02,-0.0289,20,19.23,01/26/2026 19:07:45 GMT,01/27/2026 03:37:31 GMT,2026-01-26T19:07:45.268Z,2026-01-27T03:37:31.169Z,8+ Amen Thompson Rebounds MEM Grizzlies @ HOU Rockets,,Basketball,NBA
26037146000019605,Fanatics,straight,SETTLED_LOSS,2.1,2.2199999999999998,-0.0541,15,-15.00,01/26/2026 19:06:08 GMT,01/27/2026 03:28:38 GMT,2026-01-26T19:06:08.303Z,2026-01-27T03:28:38.989Z,7+ LeBron James - Rebounds Los Angeles Lakers at Chicago Bulls,,Basketball,NBA
O/0003172/0003998,Fanduel Sportsbook,straight,SETTLED_LOSS,2.16,2.3200000000000003,-0.0690,15,-15.00,01/26/2026 19:07:13 GMT,01/27/2026 03:28:18 GMT,2026-01-26T19:07:13.000Z,2026-01-27T03:28:18.000Z,Jalen Smith Over 8.5 Jalen Smith - Alt Rebounds Los Angeles Lakers @ Chicago Bulls,,Basketball,NBA
df86cc90-faea-11f0-b6ed-e1b5d361408b,Caesars Sportsbook,straight,SETTLED_WIN,1.91,2.02,-0.0545,60,54.55,01/26/2026 19:11:52 GMT,01/27/2026 03:27:10 GMT,2026-01-26T19:11:52.793Z,2026-01-27T03:27:10.569Z,Memphis Grizzlies 10 Spread Memphis Grizzlies at Houston Rockets,,Basketball,NBA
cb64fd90-faea-11f0-aa63-7db89dd9c0e7,Caesars Sportsbook,straight,SETTLED_LOSS,1.91,1.970873786407767,-0.0309,60,-60.00,01/26/2026 19:11:19 GMT,01/27/2026 03:21:49 GMT,2026-01-26T19:11:19.017Z,2026-01-27T03:21:49.996Z,Chicago Bulls 1 Spread Los Angeles Lakers at Chicago Bulls,,Basketball,NBA
26037148000029405,Fanatics,straight,SETTLED_WIN,1.9090909090909092,1.847457627118644,0.0334,20,18.18,01/26/2026 19:08:24 GMT,01/27/2026 03:03:53 GMT,2026-01-26T19:08:24.745Z,2026-01-27T03:03:53.572Z,4+ Jake Laravia - Rebounds Los Angeles Lakers at Chicago Bulls,,Basketball,NBA
639050516173649717,Draftkings Sportsbook,parlay,SETTLED_WIN,5.18,,,8,33.48,01/26/2026 19:13:37 GMT,01/27/2026 03:00:00 GMT,2026-01-26T19:13:37.832Z,2026-01-27T03:00:00.000Z,Abilene Christian Moneyline Abilene Christian @ Tarleton State | Jackson State Moneyline Jackson State @ Florida A&M | Le Moyne Moneyline Le Moyne @ Fairleigh Dickinson,,Basketball,NCAAM
019bfbb4-d70e-7da6-8fd1-9969fc2b0aa0,Novig,straight,SETTLED_VOID,2.008032128514056,,,19.99968,0.00,01/26/2026 19:08:15 GMT,01/27/2026 02:35:00 GMT,2026-01-26T19:08:15.947Z,2026-01-27T02:35:00.000Z,Under 3.5 Stephen Curry REBOUNDS Golden State Warriors @ Minnesota Timberwolves,,Basketball,NBA
019bfbb9-3beb-72d6-8da9-0ef96406fd91,Novig,straight,SETTLED_LOSS,2.127659574468085,2.12,0.0036,59.9955,-60.00,01/26/2026 19:13:04 GMT,01/27/2026 02:35:00 GMT,2026-01-26T19:13:04.706Z,2026-01-27T02:35:00.000Z,GSW +7.5 Spread Golden State Warriors @ Minnesota Timberwolves,,Basketball,NBA
019bfbb7-f6e0-7efe-a000-d51d2b871600,Novig,straight,SETTLED_LOSS,1.8832391713747645,1.8695652173913042,0.0073,34.99821,-35.00,01/26/2026 19:11:40 GMT,01/27/2026 01:05:00 GMT,2026-01-26T19:11:40.949Z,2026-01-27T01:05:00.000Z,Under 236.5 Total Los Angeles Lakers @ Chicago Bulls,,Basketball,NBA
019bfbb7-62fe-7de5-b45f-96f484ab20da,Novig,straight,SETTLED_LOSS,1.8903591682419658,2,-0.0548,59.99918,-60.00,01/26/2026 19:11:03 GMT,01/27/2026 01:05:00 GMT,2026-01-26T19:11:03.878Z,2026-01-27T01:05:00.000Z,Over 224.5 Total Portland Trail Blazers @ Boston Celtics,,Basketball,NBA
019bfbb4-a757-7f83-952c-ebf9c329011d,Novig,straight,SETTLED_VOID,1.550387596899225,,,25.1937,0.00,01/26/2026 19:08:05 GMT,01/27/2026 01:05:00 GMT,2026-01-26T19:08:05.459Z,2026-01-27T01:05:00.000Z,Over 6.5 Jock Landale REBOUNDS Memphis Grizzlies @ Houston Rockets,,Basketball,NBA
019bfbb8-79ae-7b75-8c1e-850ea8d12029,Novig,straight,SETTLED_LOSS,1.9607843137254903,1.8333333333333335,0.0695,9.996,-10.00,01/26/2026 19:12:13 GMT,01/27/2026 01:05:00 GMT,2026-01-26T19:12:13.707Z,2026-01-27T01:05:00.000Z,Over 224.5 Total Memphis Grizzlies @ Houston Rockets,,Basketball,NBA
019bfbb8-4a24-7bcd-a03e-24c226bfeb31,Novig,straight,SETTLED_LOSS,1.9607843137254901,1.8333333333333335,0.0695,24.9951,-25.00,01/26/2026 19:12:05 GMT,01/27/2026 01:05:00 GMT,2026-01-26T19:12:05.331Z,2026-01-27T01:05:00.000Z,Over 224.5 Total Memphis Grizzlies @ Houston Rockets,,Basketball,NBA
O/0003172/0003997,Fanduel Sportsbook,straight,SETTLED_VOID,2.44,,,15,0.00,01/26/2026 19:07:04 GMT,01/26/2026 23:32:29 GMT,2026-01-26T19:07:04.000Z,2026-01-26T23:32:29.000Z,De'Andre Hunter To Record 4+ Rebounds Orlando Magic @ Cleveland Cavaliers,,Basketball,NBA
O/0003172/0003999,Fanduel Sportsbook,straight,SETTLED_WIN,1.9615384615384617,1.9615384615384617,,20,19.23,01/26/2026 19:07:28 GMT,01/26/2026 22:29:29 GMT,2026-01-26T19:07:28.000Z,2026-01-26T22:29:29.000Z,Tyrese Maxey Under 3.5 Tyrese Maxey - Rebounds Philadelphia 76ers @ Charlotte Hornets,,Basketball,NBA
639050514023743997,Draftkings Sportsbook,straight,SETTLED_WIN,2.02,1.819672131147541,0.1101,20,20.40,01/26/2026 19:10:02 GMT,01/26/2026 22:24:07 GMT,2026-01-26T19:10:02.509Z,2026-01-26T22:24:07.349Z,CHA Hornets Moneyline PHI 76ers @ CHA Hornets,,Basketball,NBA
639050514114436512,Draftkings Sportsbook,straight,SETTLED_WIN,1.819672131147541,1.819672131147541,,35,28.68,01/26/2026 19:10:12 GMT,01/26/2026 22:24:07 GMT,2026-01-26T19:10:12.193Z,2026-01-26T22:24:07.161Z,CHA Hornets Moneyline PHI 76ers @ CHA Hornets,,Basketball,NBA
639050512050837306,Draftkings Sportsbook,straight,SETTLED_WIN,2.55,2.5,0.0200,15,23.25,01/26/2026 19:06:45 GMT,01/26/2026 21:56:27 GMT,2026-01-26T19:06:45.367Z,2026-01-26T21:56:27.877Z,6+ Ryan Kalkbrenner Rebounds PHI 76ers @ CHA Hornets,,Basketball,NBA
15504930-f638-11f0-b3ea-b1118fee35b2,Caesars Sportsbook,straight,SETTLED_WIN,1.95238,1.9615384615384617,-0.0047,35,33.33,01/20/2026 19:41:58 GMT,01/26/2026 21:36:50 GMT,2026-01-20T19:41:58.467Z,2026-01-26T21:36:50.079Z,Yes Both Teams To Score Everton vs Leeds,,Soccer,English Premier League
bdf2d7a0-fa03-11f0-92eb-45c07ca91264,Caesars Sportsbook,straight,SETTLED_WIN,1.91,1.9090909090909092,0.0005,35,31.82,01/25/2026 15:37:22 GMT,01/26/2026 04:19:27 GMT,2026-01-25T15:37:22.714Z,2026-01-26T04:19:27.236Z,Over 211 Total Points Brooklyn Nets at Los Angeles Clippers,,Basketball,NBA
PlacedBet:TGoDkFkYsrivzBYXAQJt15Ajy44=,theScore Bet,straight,SETTLED_LOSS,1.9090909090909092,1.7352941176470589,0.1002,20,-20.00,01/25/2026 15:40:10 GMT,01/26/2026 03:39:17 GMT,2026-01-25T15:40:10.573Z,2026-01-26T03:39:17.540Z,Under 5.5 Oso Ighodaro Total Rebounds Miami Heat @ Phoenix Suns,,Basketball,NBA
O/0003172/0003995,Fanduel Sportsbook,straight,SETTLED_LOSS,1.9090909090909092,1.9523809523809523,-0.0222,18,-18.00,01/25/2026 15:39:47 GMT,01/26/2026 03:27:14 GMT,2026-01-25T15:39:47.000Z,2026-01-26T03:27:14.000Z,Grayson Allen Under 3.5 Grayson Allen - Rebounds Miami Heat @ Phoenix Suns,,Basketball,NBA
O/0003172/0003985,Fanduel Sportsbook,straight,SETTLED_LOSS,81,,,3,-3.00,01/23/2026 18:19:25 GMT,01/26/2026 03:06:49 GMT,2026-01-23T18:19:25.000Z,2026-01-26T03:06:49.000Z,Each Team to Score 1+ Rushing TDs & 1+ Passing TDs in Each Half Game Specials - Popular Los Angeles Rams @ Seattle Seahawks,,American Football,NFL
O/0003172/0003987,Fanduel Sportsbook,straight,SETTLED_LOSS,14,,,5,-5.00,01/23/2026 18:20:05 GMT,01/26/2026 02:54:08 GMT,2026-01-23T18:20:05.000Z,2026-01-26T02:54:08.000Z,Each Team to Score 1+ TD & 1+ FG in Each Half Game Specials - Popular Los Angeles Rams @ Seattle Seahawks,,American Football,NFL
O/0003172/0003974,Fanduel Sportsbook,straight,SETTLED_LOSS,10,7.5,0.3333,7,-7.00,01/22/2026 15:22:48 GMT,01/26/2026 02:53:59 GMT,2026-01-22T15:22:48.000Z,2026-01-26T02:53:59.000Z,Terrance Ferguson Any Time Touchdown Scorer Los Angeles Rams @ Seattle Seahawks,,American Football,NFL
b28dd1d0-fa03-11f0-8aef-cd0d4ea9e2b2,Caesars Sportsbook,straight,SETTLED_LOSS,1.91,1.8928571428571428,0.0091,35,-35.00,01/25/2026 15:37:03 GMT,01/26/2026 02:36:37 GMT,2026-01-25T15:37:03.597Z,2026-01-26T02:36:37.562Z,Over 225 Total Points Toronto Raptors at Oklahoma City Thunder,,Basketball,NBA
O/0003172/0003992,Fanduel Sportsbook,straight,SETTLED_WIN,1.9433962264150944,1.9433962264150944,,50,47.17,01/25/2026 15:36:55 GMT,01/26/2026 02:36:21 GMT,2026-01-25T15:36:55.000Z,2026-01-26T02:36:21.000Z,Toronto Raptors +11.5 Alternate Spread Toronto Raptors @ Oklahoma City Thunder,,Basketball,NBA
639049523516138804,Draftkings Sportsbook,straight,SETTLED_WIN,1.99009900990099,1.7142857142857144,0.1609,18,17.82,01/25/2026 15:39:12 GMT,01/26/2026 02:35:56 GMT,2026-01-25T15:39:12.887Z,2026-01-26T02:35:56.444Z,Under 5.5 Keldon Johnson Rebounds O/U NO Pelicans @ SA Spurs,,Basketball,NBA
20E55WJSF1,BetMGM,straight,SETTLED_LOSS,4.33,4.3,0.0070,10,-10.00,01/22/2026 15:24:37 GMT,01/26/2026 02:30:00 GMT,2026-01-22T15:24:37.607Z,2026-01-26T02:30:00.000Z,Yes Colby Parkinson to score 1+ TDs Los Angeles Rams @ Seattle Seahawks,,American Football,NFL
O/0003172/0003993,Fanduel Sportsbook,straight,SETTLED_WIN,1.9090909090909092,1.9803921568627452,-0.0360,35,31.82,01/25/2026 15:37:15 GMT,01/26/2026 02:25:50 GMT,2026-01-25T15:37:15.000Z,2026-01-26T02:25:50.000Z,Under 239.5 Alternate Total Points New Orleans Pelicans @ San Antonio Spurs,,Basketball,NBA
639049524521665001,Draftkings Sportsbook,straight,SETTLED_LOSS,1.9803921568627452,1.925925925925926,0.0283,20,-20.00,01/25/2026 15:40:50 GMT,01/26/2026 01:32:48 GMT,2026-01-25T15:40:50.997Z,2026-01-26T01:32:48.065Z,Under 4.5 Saddiq Bey Rebounds O/U NO Pelicans @ SA Spurs,,Basketball,NBA
639049523632536769,Draftkings Sportsbook,straight,SETTLED_LOSS,1.925925925925926,2,-0.0370,18,-18.00,01/25/2026 15:39:22 GMT,01/26/2026 01:05:02 GMT,2026-01-25T15:39:22.968Z,2026-01-26T01:05:02.427Z,5+ Jaden McDaniels Rebounds GS Warriors @ MIN Timberwolves,,Basketball,NBA
639049523161395582,Draftkings Sportsbook,straight,SETTLED_WIN,2.0700000000000003,1.9615384615384617,0.0553,15,16.05,01/25/2026 15:38:35 GMT,01/26/2026 01:04:39 GMT,2026-01-25T15:38:35.023Z,2026-01-26T01:04:39.213Z,Under 3.5 Stephen Curry Rebounds O/U GS Warriors @ MIN Timberwolves,,Basketball,NBA
O/0003172/0003994,Fanduel Sportsbook,straight,SETTLED_WIN,2.24,2.1799999999999997,0.0275,17,21.08,01/25/2026 15:39:01 GMT,01/26/2026 00:53:41 GMT,2026-01-25T15:39:01.000Z,2026-01-26T00:53:41.000Z,Draymond Green Under 5.5 Draymond Green - Alt Rebounds Golden State Warriors @ Minnesota Timberwolves,,Basketball,NBA
019bf5ce-a6e3-7d4b-8bf0-df1b8e4e231a,Novig,straight,SETTLED_WIN,1.9801980198019802,1.8695652173913042,0.0592,19.998,19.60,01/25/2026 15:38:45 GMT,01/26/2026 00:05:00 GMT,2026-01-25T15:38:45.711Z,2026-01-26T00:05:00.000Z,Over 5.5 Yves Missi REBOUNDS New Orleans Pelicans @ San Antonio Spurs,,Basketball,NBA
019bf5cf-bfe5-7498-b962-9112693f0e10,Novig,straight,SETTLED_WIN,1.8939791767317127,1.8,0.0522,19.994940000000003,17.88,01/25/2026 15:39:54 GMT,01/26/2026 00:05:00 GMT,2026-01-25T15:39:54.229Z,2026-01-26T00:05:00.000Z,Over 5.5 Zion Williamson REBOUNDS New Orleans Pelicans @ San Antonio Spurs,,Basketball,NBA
O/0003172/0003996,Fanduel Sportsbook,straight,SETTLED_WIN,1.8771929824561404,2.1,-0.1061,20,17.54,01/25/2026 15:41:01 GMT,01/26/2026 00:00:57 GMT,2026-01-25T15:41:01.000Z,2026-01-26T00:00:57.000Z,Donte DiVincenzo Over 4.5 Donte DiVincenzo - Rebounds Golden State Warriors @ Minnesota Timberwolves,,Basketball,NBA
019bf5cf-68df-7195-953e-747679f664b9,Novig,straight,SETTLED_VOID,1.86219739292365,,,20.07306,0.00,01/25/2026 15:39:37 GMT,01/25/2026 23:57:49 GMT,2026-01-25T15:39:37.062Z,2026-01-25T23:57:49.061Z,Over 5.5 Dwight Powell REBOUNDS Dallas Mavericks @ Milwaukee Bucks,,Basketball,NBA
019bf5cc-c98b-71a4-9e3b-5e1b83268677,Novig,straight,SETTLED_VOID,1.9267822736030826,,,59.9964,0.00,01/25/2026 15:36:40 GMT,01/25/2026 23:57:49 GMT,2026-01-25T15:36:40.915Z,2026-01-25T23:57:49.060Z,Milwaukee Bucks Moneyline Dallas Mavericks @ Milwaukee Bucks,,Basketball,NBA
639049524388555432,Draftkings Sportsbook,straight,SETTLED_LOSS,1.9174311926605505,1.8333333333333335,0.0459,20,-20.00,01/25/2026 15:40:40 GMT,01/25/2026 23:31:29 GMT,2026-01-25T15:40:40.302Z,2026-01-25T23:31:29.386Z,Under 6.5 Naz Reid Rebounds O/U GS Warriors @ MIN Timberwolves,,Basketball,NBA
639046921927886025,Draftkings Sportsbook,straight,SETTLED_LOSS,3.6,3.7,-0.0270,10,-10.00,01/22/2026 15:23:13 GMT,01/25/2026 23:00:00 GMT,2026-01-22T15:23:13.763Z,2026-01-25T23:00:00.000Z,TreVeyon Henderson Anytime TD Scorer NE Patriots @ DEN Broncos,,American Football,NFL
O/0003172/0003991,Fanduel Sportsbook,straight,SETTLED_LOSS,2.04,1.847457627118644,0.1042,50,-50.00,01/25/2026 15:35:52 GMT,01/25/2026 22:40:01 GMT,2026-01-25T15:35:52.000Z,2026-01-25T22:40:01.000Z,Sacramento Kings +13.5 Alternate Spread Sacramento Kings @ Detroit Pistons,,Basketball,NBA
O/0003172/0003984,Fanduel Sportsbook,straight,SETTLED_LOSS,101,,,3,-3.00,01/23/2026 18:19:25 GMT,01/25/2026 21:37:26 GMT,2026-01-23T18:19:25.000Z,2026-01-25T21:37:26.000Z,Each Team to Score 1+ Rushing TDs & 1+ Passing TDs in Each Half Game Specials - Popular New England Patriots @ Denver Broncos,,American Football,NFL
O/0003172/0003986,Fanduel Sportsbook,parlay,SETTLED_LOSS,8181,,,3,-3.00,01/23/2026 18:19:25 GMT,01/25/2026 21:37:22 GMT,2026-01-23T18:19:25.000Z,2026-01-25T21:37:22.000Z,Each Team to Score 1+ Rushing TDs & 1+ Passing TDs in Each Half Game Specials - Popular New England Patriots @ Denver Broncos | Each Team to Score 1+ Rushing TDs & 1+ Passing TDs in Each Half Game Specials - Popular Los Angeles Rams @ Seattle Seahawks,,American Football,NFL
O/0003172/0003989,Fanduel Sportsbook,parlay,SETTLED_LOSS,266,,,5,-5.00,01/23/2026 18:20:05 GMT,01/25/2026 21:37:20 GMT,2026-01-23T18:20:05.000Z,2026-01-25T21:37:20.000Z,Each Team to Score 1+ TD & 1+ FG in Each Half Game Specials - Popular New England Patriots @ Denver Broncos | Each Team to Score 1+ TD & 1+ FG in Each Half Game Specials - Popular Los Angeles Rams @ Seattle Seahawks,,American Football,NFL
O/0003172/0003988,Fanduel Sportsbook,straight,SETTLED_LOSS,19,,,5,-5.00,01/23/2026 18:20:05 GMT,01/25/2026 21:37:20 GMT,2026-01-23T18:20:05.000Z,2026-01-25T21:37:20.000Z,Each Team to Score 1+ TD & 1+ FG in Each Half Game Specials - Popular New England Patriots @ Denver Broncos,,American Football,NFL
26035500000049505,Fanatics,straight,SETTLED_VOID,2.05,,,20,0.00,01/25/2026 15:40:27 GMT,01/25/2026 20:38:13 GMT,2026-01-25T15:40:27.296Z,2026-01-25T20:38:13.703Z,Under 8.5 Bobby Portis - Rebounds OU Dallas Mavericks at Milwaukee Bucks,,Basketball,NBA
019bf5cc-98e4-7857-9c6d-3ab59c5d97ed,Novig,straight,SETTLED_VOID,1.9083969465648853,,,49.99484,0.00,01/25/2026 15:36:32 GMT,01/25/2026 20:35:00 GMT,2026-01-25T15:36:32.728Z,2026-01-25T20:35:00.000Z,away +5.5 Spread Denver Nuggets @ Memphis Grizzlies,,Basketball,NBA
26031163000029705,Fanatics,straight,SETTLED_WIN,3.9,3.45,0.1304,10,29.00,01/22/2026 15:23:30 GMT,01/25/2026 20:18:31 GMT,2026-01-22T15:23:30.281Z,2026-01-25T20:18:31.530Z,Courtland Sutton Anytime Touchdown Scorer New England Patriots at Denver Broncos,,American Football,NFL
a9dcc870-fa03-11f0-8aef-cd0d4ea9e2b2,Caesars Sportsbook,straight,SETTLED_VOID,1.91,,,35,0.00,01/25/2026 15:36:49 GMT,01/25/2026 20:14:58 GMT,2026-01-25T15:36:49.015Z,2026-01-25T20:14:58.684Z,Over 220 Total Points Dallas Mavericks at Milwaukee Bucks,,Basketball,NBA
019bf5cd-e12d-7d62-b06c-57071b22278c,Novig,straight,SETTLED_LOSS,2.4271844660194173,2.46,-0.0133,19.99848,-20.00,01/25/2026 15:37:53 GMT,01/25/2026 20:05:00 GMT,2026-01-25T15:37:53.087Z,2026-01-25T20:05:00.000Z,Over 5.5 Precious Achiuwa REBOUNDS Sacramento Kings @ Detroit Pistons,,Basketball,NBA
9731baf0-fa03-11f0-9cbe-298356f301fb,Caesars Sportsbook,straight,SETTLED_VOID,1.91,,,35,0.00,01/25/2026 15:36:17 GMT,01/25/2026 18:16:19 GMT,2026-01-25T15:36:17.695Z,2026-01-25T18:16:19.597Z,Over 222 Total Points Denver Nuggets at Memphis Grizzlies,,Basketball,NBA
O/0003172/0003990,Fanduel Sportsbook,straight,SETTLED_LOSS,2.1,1.7935662562179726,0.1709,25,-25.00,01/24/2026 15:38:45 GMT,01/25/2026 05:05:09 GMT,2026-01-24T15:38:45.000Z,2026-01-25T05:05:09.000Z,Under 246.5 Total Points Miami Heat @ Utah Jazz,,Basketball,NBA
019bf0a7-9e1d-71b4-9fb0-c47b5223a890,Novig,straight,SETTLED_LOSS,2.5354522303159444,2.56,-0.0096,49.99897,-50.00,01/24/2026 15:38:01 GMT,01/25/2026 01:35:00 GMT,2026-01-24T15:38:01.669Z,2026-01-25T01:35:00.000Z,Dallas Mavericks Moneyline Los Angeles Lakers @ Dallas Mavericks,,Basketball,NBA
019bf0a7-2d30-7e66-89c3-1f3721f89e87,Novig,straight,SETTLED_VOID,1.9047619047619049,,,34.9965,0.00,01/24/2026 15:37:34 GMT,01/24/2026 21:13:10 GMT,2026-01-24T15:37:34.544Z,2026-01-24T21:13:10.613Z,Under 238.5 Total Golden State Warriors @ Minnesota Timberwolves,,Basketball,NBA
019bf0a6-da92-7407-82a6-383cf864bfa8,Novig,straight,SETTLED_LOSS,1.9057883194877274,2.01,-0.0518,59.99617,-60.00,01/24/2026 15:37:12 GMT,01/24/2026 20:05:00 GMT,2026-01-24T15:37:12.227Z,2026-01-24T20:05:00.000Z,Philadelphia 76ers Moneyline New York Knicks @ Philadelphia 76ers,,Basketball,NBA
639045348912883092,Draftkings Sportsbook,straight,SETTLED_WIN,2.05,2.05,,25,26.25,01/20/2026 19:41:30 GMT,01/24/2026 19:26:05 GMT,2026-01-20T19:41:30.808Z,2026-01-24T19:26:05.233Z,No Both Teams to Score Union Berlin vs Dortmund,,Soccer,Bundesliga
10375ab0-f638-11f0-b324-e522f1d4cad6,Caesars Sportsbook,straight,SETTLED_WIN,1.55556,1.5555555555555556,0.0000,50,27.78,01/20/2026 19:41:49 GMT,01/24/2026 18:16:46 GMT,2026-01-20T19:41:49.915Z,2026-01-24T18:16:46.950Z,Yes Both Teams To Score Bournemouth vs Liverpool,,Soccer,English Premier League
019bf0a6-8bec-7a78-b4e8-a00db13855d6,Novig,straight,SETTLED_WIN,1.9801980198019804,2.0577308,-0.0377,49.995,49.01,01/24/2026 15:36:50 GMT,01/24/2026 17:05:00 GMT,2026-01-24T15:36:50.467Z,2026-01-24T17:05:00.000Z,away +11.5 Spread Washington Wizards @ Charlotte Hornets,,Basketball,NBA
O/0003172/0003928,Fanduel Sportsbook,straight,SETTLED_WIN,1.8928571428571428,1.9141364651393602,-0.0111,25,22.32,01/13/2026 16:11:59 GMT,01/24/2026 16:56:31 GMT,2026-01-13T16:11:59.000Z,2026-01-24T16:56:31.000Z,No Both Teams To Score Man City v Wolves,,Soccer,English Premier League
26018251000039805,Fanatics,parlay,SETTLED_WIN,5.3,6.032388817235068,-0.1214,10,43.08,01/13/2026 16:11:33 GMT,01/24/2026 16:56:28 GMT,2026-01-13T16:11:33.426Z,2026-01-24T16:56:28.822Z,Yes Both Teams to Score Burnley vs Tottenham | Yes Both Teams to Score Fulham vs Brighton | No Both Teams to Score Man City vs Wolves,,Soccer,English Premier League
O/0003172/0003929,Fanduel Sportsbook,straight,SETTLED_WIN,1.6849315068493151,1.7142857142857144,-0.0171,30,20.55,01/13/2026 16:12:09 GMT,01/24/2026 16:30:25 GMT,2026-01-13T16:12:09.000Z,2026-01-24T16:30:25.000Z,Yes Both Teams To Score Fulham v Brighton,,Soccer,English Premier League
26028541000019905,Fanatics,straight,SETTLED_LOSS,1.5882352941176472,1.606060606060606,-0.0111,40,-40.00,01/20/2026 19:41:06 GMT,01/24/2026 16:29:24 GMT,2026-01-20T19:41:06.497Z,2026-01-24T16:29:24.068Z,Yes Both Teams to Score Leverkusen vs Werder Bremen,,Soccer,Bundesliga
O/0003172/0003927,Fanduel Sportsbook,straight,SETTLED_WIN,1.8064516129032258,1.900900900900901,-0.0497,30,24.19,01/13/2026 16:11:49 GMT,01/24/2026 15:47:20 GMT,2026-01-13T16:11:49.000Z,2026-01-24T15:47:20.000Z,Yes Both Teams To Score Burnley v Tottenham,,Soccer,English Premier League
fafd8c00-f637-11f0-8012-d326847aeca0,Caesars Sportsbook,straight,SETTLED_WIN,1.47619,1.5555555555555556,-0.0510,50,23.81,01/20/2026 19:41:14 GMT,01/24/2026 15:45:35 GMT,2026-01-20T19:41:14.304Z,2026-01-24T15:45:35.319Z,Yes Both Teams To Score Eintracht Frankfurt vs Hoffenheim,,Soccer,Bundesliga
O/0003172/0003982,Fanduel Sportsbook,straight,SETTLED_LOSS,1.9803921568627452,2.1,-0.0570,20,-20.00,01/23/2026 15:54:35 GMT,01/24/2026 05:26:57 GMT,2026-01-23T15:54:35.000Z,2026-01-24T05:26:57.000Z,Scottie Barnes Under 8.5 Scottie Barnes - Rebounds Toronto Raptors @ Portland Trail Blazers,,Basketball,NBA
20E6KWG545,BetMGM,straight,SETTLED_WIN,1.6451612903225805,1.641025641025641,0.0025,20,12.90,01/23/2026 15:56:45 GMT,01/24/2026 04:41:10 GMT,2026-01-23T15:56:45.310Z,2026-01-24T04:41:10.896Z,Over 4.5 Myles Turner (MIL): Rebounds Denver Nuggets at Milwaukee Bucks,,Basketball,NBA
20E6KUF0UG,BetMGM,straight,SETTLED_WIN,1.9090909090909092,2.05,-0.0687,20,18.18,01/23/2026 15:55:56 GMT,01/24/2026 04:10:00 GMT,2026-01-23T15:55:56.073Z,2026-01-24T04:10:00.000Z,Under 3.5 Isaiah Joe (OKC) : Rebounds Indiana Pacers at Oklahoma City Thunder,,Basketball,NBA
639047804203802178,Draftkings Sportsbook,straight,SETTLED_LOSS,1.6711409395973154,2.06,-0.1888,25,-25.00,01/23/2026 15:53:40 GMT,01/24/2026 03:50:07 GMT,2026-01-23T15:53:40.924Z,2026-01-24T03:50:07.022Z,7+ Pascal Siakam Rebounds IND Pacers @ OKC Thunder,,Basketball,NBA
639047804426362743,Draftkings Sportsbook,straight,SETTLED_LOSS,2.1100000000000003,,,15,-15.00,01/23/2026 15:54:02 GMT,01/24/2026 03:50:01 GMT,2026-01-23T15:54:02.855Z,2026-01-24T03:50:01.986Z,Under 3.5 Jarace Walker Rebounds O/U IND Pacers @ OKC Thunder,,Basketball,NBA
PlacedBet:qJSsMvzqL/jrlSGU409gwJV4odY=,theScore Bet,parlay,SETTLED_LOSS,9.844,,,7.5,-7.50,01/23/2026 16:07:08 GMT,01/24/2026 03:42:09 GMT,2026-01-23T16:07:08.461Z,2026-01-24T03:42:09.753Z,OKC Thunder Moneyline Indiana Pacers @ Oklahoma City Thunder | Under 3.5 Isaiah Joe Total Rebounds Indiana Pacers @ Oklahoma City Thunder | Under 4.5 Kenrich Williams Total Rebounds Indiana Pacers @ Oklahoma City Thunder | Under 9.5 Chet Holmgren Total Rebounds Indiana Pacers @ Oklahoma City Thunder,,Basketball,NBA
O/0003172/0003979,Fanduel Sportsbook,straight,SETTLED_LOSS,2.3600000000000003,3,-0.2133,15,-15.00,01/23/2026 15:51:25 GMT,01/24/2026 03:37:26 GMT,2026-01-23T15:51:25.000Z,2026-01-24T03:37:26.000Z,Jeremiah Fears To Record 4+ Rebounds New Orleans Pelicans @ Memphis Grizzlies,,Basketball,NBA
O/0003172/0003978,Fanduel Sportsbook,straight,SETTLED_LOSS,1.847457627118644,1.9090909090909092,-0.0323,35,-35.00,01/23/2026 13:36:04 GMT,01/24/2026 03:31:00 GMT,2026-01-23T13:36:04.000Z,2026-01-24T03:31:00.000Z,Under 240.5 Alternate Total Points New Orleans Pelicans @ Memphis Grizzlies,,Basketball,NBA
639047805680136468,Draftkings Sportsbook,straight,SETTLED_LOSS,1.925925925925926,1.925925925925926,,20,-20.00,01/23/2026 15:56:09 GMT,01/24/2026 03:22:32 GMT,2026-01-23T15:56:09.043Z,2026-01-24T03:22:32.966Z,Under 9.5 Chet Holmgren Rebounds O/U IND Pacers @ OKC Thunder,,Basketball,NBA
26032634000069805,Fanatics,straight,SETTLED_LOSS,1.8333333333333335,1.9803921568627452,-0.0743,20,-20.00,01/23/2026 15:54:43 GMT,01/24/2026 03:06:06 GMT,2026-01-23T15:54:43.304Z,2026-01-24T03:06:06.523Z,4+ De'Andre Hunter - Rebounds Sacramento Kings at Cleveland Cavaliers,,Basketball,NBA
26032648000049805,Fanatics,parlay,SETTLED_LOSS,10,,,7.5,-7.50,01/23/2026 16:08:46 GMT,01/24/2026 03:06:06 GMT,2026-01-23T16:08:46.495Z,2026-01-24T03:06:06.406Z,Cleveland Cavaliers Money Line Sacramento Kings at Cleveland Cavaliers | 7+ Maxime Raynaud - Rebounds Sacramento Kings at Cleveland Cavaliers | 6+ Precious Achiuwa - Rebounds Sacramento Kings at Cleveland Cavaliers | 4+ De'Andre Hunter - Rebounds Sacramento Kings at Cleveland Cavaliers,,Basketball,NBA
019beb12-c9fa-7e08-b01d-73449fae4c76,Novig,straight,SETTLED_LOSS,1.845018450184502,1.847457627118644,-0.0013,59.9994,-60.00,01/23/2026 13:37:25 GMT,01/24/2026 03:05:00 GMT,2026-01-23T13:37:25.461Z,2026-01-24T03:05:00.000Z,home +4.5 Spread Toronto Raptors @ Portland Trail Blazers,,Basketball,NBA
639047812646994496,Draftkings Sportsbook,parlay,SETTLED_LOSS,3.5,,,7.5,-7.50,01/23/2026 16:07:44 GMT,01/24/2026 02:59:33 GMT,2026-01-23T16:07:44.391Z,2026-01-24T02:59:33.197Z,DET Pistons Moneyline HOU Rockets @ DET Pistons | 8+ Amen Thompson Rebounds HOU Rockets @ DET Pistons | 5+ Tari Eason Rebounds HOU Rockets @ DET Pistons,,Basketball,NBA
639047804510040660,Draftkings Sportsbook,straight,SETTLED_LOSS,1.6849315068493151,1.6666666666666665,0.0110,25,-25.00,01/23/2026 15:54:12 GMT,01/24/2026 02:54:37 GMT,2026-01-23T15:54:12.039Z,2026-01-24T02:54:37.863Z,8+ Onyeka Okongwu Rebounds PHO Suns @ ATL Hawks,,Basketball,NBA
O/0003172/0003981,Fanduel Sportsbook,straight,SETTLED_LOSS,2.02,2.3,-0.1217,15,-15.00,01/23/2026 15:54:21 GMT,01/24/2026 02:49:26 GMT,2026-01-23T15:54:21.000Z,2026-01-24T02:49:26.000Z,Kenrich Williams Under 4.5 Kenrich Williams - Rebounds Indiana Pacers @ Oklahoma City Thunder,,Basketball,NBA
O/0003172/0003980,Fanduel Sportsbook,straight,SETTLED_WIN,1.6849315068493151,1.6896551724137931,-0.0028,20,13.70,01/23/2026 15:53:49 GMT,01/24/2026 02:47:08 GMT,2026-01-23T15:53:49.000Z,2026-01-24T02:47:08.000Z,Noah Clowney To Record 4+ Rebounds Boston Celtics @ Brooklyn Nets,,Basketball,NBA
O/0003172/0003977,Fanduel Sportsbook,straight,SETTLED_LOSS,1.704225352112676,1.7194244604316546,-0.0088,65,-65.00,01/23/2026 13:34:38 GMT,01/24/2026 02:47:07 GMT,2026-01-23T13:34:38.000Z,2026-01-24T02:47:07.000Z,Phoenix Suns Moneyline Phoenix Suns @ Atlanta Hawks,,Basketball,NBA
019beb12-5ff9-7f20-96ba-7c6ef8761b71,Novig,straight,SETTLED_LOSS,1.923076923076923,2.33,-0.1746,34.996,-35.00,01/23/2026 13:36:54 GMT,01/24/2026 02:35:00 GMT,2026-01-23T13:36:54.495Z,2026-01-24T02:35:00.000Z,Over 217.5 Total Denver Nuggets @ Milwaukee Bucks,,Basketball,NBA
26032633000019705,Fanatics,straight,SETTLED_WIN,2.2,2.2,,15,18.00,01/23/2026 15:53:02 GMT,01/24/2026 02:22:25 GMT,2026-01-23T15:53:02.847Z,2026-01-24T02:22:25.366Z,8+ Amen Thompson - Rebounds Houston Rockets at Detroit Pistons,,Basketball,NBA
26032633000039705,Fanatics,straight,SETTLED_WIN,1.9090909090909092,2.3,-0.1700,20,18.18,01/23/2026 15:53:11 GMT,01/24/2026 02:05:57 GMT,2026-01-23T15:53:11.243Z,2026-01-24T02:05:57.030Z,6+ Precious Achiuwa - Rebounds Sacramento Kings at Cleveland Cavaliers,,Basketball,NBA
O/0003172/0003983,Fanduel Sportsbook,straight,SETTLED_VOID,1.7575757575757576,,,20,0.00,01/23/2026 15:56:57 GMT,01/24/2026 01:39:07 GMT,2026-01-23T15:56:57.000Z,2026-01-24T01:39:07.000Z,Peyton Watson Under 6.5 Peyton Watson - Rebounds Denver Nuggets @ Milwaukee Bucks,,Basketball,NBA
019beb8f-7c8d-7086-a4c3-0ca99fd6852e,Novig,straight,SETTLED_WIN,1.8416206261510129,1.7407407407407407,0.0580,19.99869,16.83,01/23/2026 15:53:30 GMT,01/24/2026 01:05:00 GMT,2026-01-23T15:53:30.713Z,2026-01-24T01:05:00.000Z,Over 4.5 Johnny Furphy REBOUNDS Indiana Pacers @ Oklahoma City Thunder,,Basketball,NBA
019beb11-f3bf-7e91-9fd0-61a25765f12e,Novig,straight,SETTLED_WIN,1.779359430604982,1.7407407407407407,0.0222,49.99552,38.96,01/23/2026 13:36:27 GMT,01/24/2026 01:05:00 GMT,2026-01-23T13:36:27.329Z,2026-01-24T01:05:00.000Z,away +17.5 Spread Indiana Pacers @ Oklahoma City Thunder,,Basketball,NBA
ddc9f8e3-06fe-422a-8dc2-72e8cfc8d16a,Novig,parlay,SETTLED_LOSS,4.065040650406504,,,10,-10.00,01/23/2026 16:09:10 GMT,01/24/2026 00:35:00 GMT,2026-01-23T16:09:10.830Z,2026-01-24T00:35:00.000Z,Boston Celtics Moneyline Boston Celtics @ Brooklyn Nets | Over 3.5 Noah Clowney REBOUNDS Boston Celtics @ Brooklyn Nets | Over 4.5 Sam Hauser REBOUNDS Boston Celtics @ Brooklyn Nets,,Basketball,NBA
019beb8f-4ee4-7af9-8ceb-8d90a4a174c7,Novig,straight,SETTLED_LOSS,2.4096385542168672,2.62,-0.0803,14.9981,-15.00,01/23/2026 15:53:22 GMT,01/24/2026 00:35:00 GMT,2026-01-23T15:53:22.286Z,2026-01-24T00:35:00.000Z,Over 6.5 Maxime Raynaud REBOUNDS Sacramento Kings @ Cleveland Cavaliers,,Basketball,NBA
019beb8e-7df8-76f3-9a56-39a205099134,Novig,straight,SETTLED_LOSS,2.086646860526763,1.9615384615384617,0.0638,14.99535,-15.00,01/23/2026 15:52:29 GMT,01/24/2026 00:35:00 GMT,2026-01-23T15:52:29.022Z,2026-01-24T00:35:00.000Z,Over 4.5 Sam Hauser REBOUNDS Boston Celtics @ Brooklyn Nets,,Basketball,NBA
019beb10-af62-7d8a-ac94-509644d74014,Novig,straight,SETTLED_WIN,1.9083969465648858,2.0300000000000002,-0.0599,34.99796,31.79,01/23/2026 13:35:05 GMT,01/24/2026 00:35:00 GMT,2026-01-23T13:35:05.181Z,2026-01-24T00:35:00.000Z,Over 215.5 Total Boston Celtics @ Brooklyn Nets,,Basketball,NBA
019beb10-f3e9-70d6-9ef6-3391ffff673f,Novig,straight,SETTLED_WIN,1.9196987703524087,1.9090909090909092,0.0056,9.99636,9.19,01/23/2026 13:35:19 GMT,01/24/2026 00:35:00 GMT,2026-01-23T13:35:19.662Z,2026-01-24T00:35:00.000Z,home +8.5 Spread Boston Celtics @ Brooklyn Nets,,Basketball,NBA
019beb11-3a99-7a11-8da3-293b4a2f4300,Novig,straight,SETTLED_WIN,1.8552875695732838,2.0300000000000002,-0.0861,59.99609,51.31,01/23/2026 13:35:40 GMT,01/24/2026 00:35:00 GMT,2026-01-23T13:35:40.097Z,2026-01-24T00:35:00.000Z,away +12.5 Spread Sacramento Kings @ Cleveland Cavaliers,,Basketball,NBA
639047803161778839,Draftkings Sportsbook,straight,SETTLED_VOID,1.8333333333333335,,,15,0.00,01/23/2026 15:51:55 GMT,01/24/2026 00:13:34 GMT,2026-01-23T15:51:55.129Z,2026-01-24T00:13:34.253Z,5+ Tari Eason Rebounds HOU Rockets @ DET Pistons,,Basketball,NBA
019beb0f-3fe9-74a0-b8f7-d249a624de36,Novig,straight,SETTLED_LOSS,1.6155088852988693,1.5882352941176472,0.0172,59.99967,-60.00,01/23/2026 13:33:33 GMT,01/24/2026 00:05:00 GMT,2026-01-23T13:33:33.675Z,2026-01-24T00:05:00.000Z,Detroit Pistons Moneyline Houston Rockets @ Detroit Pistons,,Basketball,NBA
019beb0f-9d9d-79a4-8e1d-726712bf40f1,Novig,straight,SETTLED_LOSS,1.9801980198019802,1.8695652173913042,0.0592,34.9965,-35.00,01/23/2026 13:33:54 GMT,01/24/2026 00:05:00 GMT,2026-01-23T13:33:54.155Z,2026-01-24T00:05:00.000Z,Over 216.5 Total Houston Rockets @ Detroit Pistons,,Basketball,NBA
639045349013612286,Draftkings Sportsbook,straight,SETTLED_WIN,1.9090909090909092,1.8005435990358811,0.0603,25,22.72,01/20/2026 19:41:40 GMT,01/23/2026 21:33:19 GMT,2026-01-20T19:41:40.943Z,2026-01-23T21:33:19.721Z,No Both Teams to Score St Pauli vs Hamburg,,Soccer,Bundesliga
26032643000029805,Fanatics,parlay,SETTLED_LOSS,4.66,4.343589743589744,0.0728,7,-7.00,01/23/2026 16:03:26 GMT,01/23/2026 21:17:38 GMT,2026-01-23T16:03:26.368Z,2026-01-23T21:17:38.868Z,Lipscomb Money Line Florida Gulf Coast Eagles at Lipscomb Bisons | Kennesaw State Money Line Kennesaw State Owls at Louisiana Tech Bulldogs | Le Moyne Money Line Wagner Seahawks at Le Moyne Dolphins | Utah State Money Line Utah State Aggies at Colorado State Rams,,Basketball,NCAAM
PlacedBet:i3A65wr9cDIcxhlj9otIHnRCYEY=,theScore Bet,parlay,SETTLED_LOSS,9.644,8.163380281690142,0.1814,5,-5.00,01/23/2026 16:01:29 GMT,01/23/2026 19:47:34 GMT,2026-01-23T16:01:29.527Z,2026-01-23T19:47:34.280Z,New Haven Moneyline Mercyhurst Lakers @ New Haven Chargers | Kennesaw State Moneyline Kennesaw State Owls @ Louisiana Tech Bulldogs | Middle Tennessee Moneyline Middle Tennessee Blue Raiders @ Jacksonville State Gamecocks | Le Moyne Moneyline Wagner Seahawks @ Le Moyne Dolphins,,Basketball,NCAAM
ed80a050-f874-11f0-92eb-45c07ca91264,Caesars Sportsbook,parlay,SETTLED_LOSS,5.558,4.209891975308643,0.3202,10,-10.00,01/23/2026 16:02:33 GMT,01/23/2026 18:00:00 GMT,2026-01-23T16:02:33.301Z,2026-01-23T18:00:00.000Z,New Haven Chargers Money Line Mercyhurst Lakers at New Haven Chargers | Utah State Aggies Money Line Utah State Aggies at Colorado State Rams | Furman Paladins Money Line Furman Paladins at UNC Greensboro Spartans,,Basketball,NCAAM
20E5AENNPP,BetMGM,straight,SETTLED_LOSS,1.7142857142857144,1.7142857142857144,,20,-20.00,01/22/2026 17:50:49 GMT,01/23/2026 06:10:00 GMT,2026-01-22T17:50:49.530Z,2026-01-23T06:10:00.000Z,Over 2.5 Kris Dunn (LAC): Rebounds Los Angeles Lakers at Los Angeles Clippers,,Basketball,NBA
20E5ADKUGL,BetMGM,straight,SETTLED_LOSS,2.09,1.9523809523809523,0.0705,15,-15.00,01/22/2026 17:49:10 GMT,01/23/2026 06:10:00 GMT,2026-01-22T17:49:10.513Z,2026-01-23T06:10:00.000Z,Over 5.5 LeBron James (LAL) : Rebounds Los Angeles Lakers at Los Angeles Clippers,,Basketball,NBA
f1fae770-f7bc-11f0-afad-154fce18d73d,Caesars Sportsbook,parlay,SETTLED_LOSS,16,,,5,-5.00,01/22/2026 18:05:33 GMT,01/23/2026 05:44:57 GMT,2026-01-22T18:05:33.415Z,2026-01-23T05:44:57.321Z,Over 3.5 James Harden - Total Rebounds Los Angeles Lakers at Los Angeles Clippers | Los Angeles Clippers Money Line Los Angeles Lakers at Los Angeles Clippers | Over 5.5 LeBron James - Total Rebounds Los Angeles Lakers at Los Angeles Clippers | Over 4.5 Kawhi Leonard - Total Rebounds Los Angeles Lakers at Los Angeles Clippers,,Basketball,NBA
686b1d80-f79a-11f0-9407-a539ed702b1a,Caesars Sportsbook,straight,SETTLED_LOSS,1.91,1.8771929824561404,0.0175,35,-35.00,01/22/2026 13:58:19 GMT,01/23/2026 05:41:44 GMT,2026-01-22T13:58:19.736Z,2026-01-23T05:41:44.010Z,Over 224 Total Points Los Angeles Lakers at Los Angeles Clippers,,Basketball,NBA
639046870785082675,Draftkings Sportsbook,straight,SETTLED_WIN,1.8928571428571428,1.7352941176470589,0.0908,41,36.60,01/22/2026 13:57:57 GMT,01/23/2026 05:40:44 GMT,2026-01-22T13:57:57.759Z,2026-01-23T05:40:44.410Z,LA Clippers Moneyline LA Lakers @ LA Clippers,,Basketball,NBA
639046870853637378,Draftkings Sportsbook,straight,SETTLED_WIN,1.8928571428571428,1.7352941176470589,0.0908,25,22.32,01/22/2026 13:58:05 GMT,01/23/2026 05:40:44 GMT,2026-01-22T13:58:05.614Z,2026-01-23T05:40:44.246Z,LA Clippers Moneyline LA Lakers @ LA Clippers,,Basketball,NBA
26031079000039505,Fanatics,straight,SETTLED_WIN,1.7692307692307692,1.5714285714285714,0.1259,30,23.08,01/22/2026 13:59:11 GMT,01/23/2026 05:22:25 GMT,2026-01-22T13:59:11.154Z,2026-01-23T05:22:25.079Z,Under 241.0 Total Points Miami Heat at Portland Trail Blazers,,Basketball,NBA
20E535ZFW6,BetMGM,straight,SETTLED_WIN,2,1.9615384615384617,0.0196,20,20.00,01/22/2026 13:57:13 GMT,01/23/2026 05:10:00 GMT,2026-01-22T13:57:13.390Z,2026-01-23T05:10:00.000Z,Under 238.5 Totals San Antonio Spurs at Utah Jazz,,Basketball,NBA
639047011094388274,Draftkings Sportsbook,straight,SETTLED_WIN,2.33,2.08,0.1202,15,19.95,01/22/2026 17:51:50 GMT,01/23/2026 04:41:31 GMT,2026-01-22T17:51:50.990Z,2026-01-23T04:41:31.027Z,Under 2.5 Harrison Barnes Rebounds O/U SA Spurs @ UTA Jazz,,Basketball,NBA
26031310000039905,Fanatics,straight,SETTLED_WIN,1.6666666666666665,1.6666666666666665,,20,13.33,01/22/2026 17:50:11 GMT,01/23/2026 04:38:44 GMT,2026-01-22T17:50:11.298Z,2026-01-23T04:38:44.621Z,4+ James Harden - Rebounds Los Angeles Lakers at Los Angeles Clippers,,Basketball,NBA
PlacedBet:RixBA/oTeoJF2FzTR86WeJ+tiq8=,theScore Bet,parlay,SETTLED_WIN,4.888,,,10,38.88,01/22/2026 18:02:40 GMT,01/23/2026 04:29:54 GMT,2026-01-22T18:02:40.629Z,2026-01-23T04:29:54.581Z,Over 9.5 Jusuf Nurkic Total Rebounds San Antonio Spurs @ Utah Jazz | Under 3.5 Harrison Barnes Total Rebounds San Antonio Spurs @ Utah Jazz | SA Spurs Moneyline San Antonio Spurs @ Utah Jazz | Under 4.5 Keyonte George Total Rebounds San Antonio Spurs @ Utah Jazz,,Basketball,NBA
26031313000049405,Fanatics,straight,SETTLED_WIN,2.2,2.1,0.0476,12,14.40,01/22/2026 17:53:45 GMT,01/23/2026 04:25:20 GMT,2026-01-22T17:53:45.633Z,2026-01-23T04:25:20.567Z,11+ Jusuf Nurkic - Rebounds San Antonio Spurs at Utah Jazz,,Basketball,NBA
0a7ec5f0-f79a-11f0-9cbe-298356f301fb,Caesars Sportsbook,straight,SETTLED_WIN,1.91,1.9822189866045428,-0.0364,30,27.27,01/22/2026 13:55:42 GMT,01/23/2026 03:31:42 GMT,2026-01-22T13:55:42.159Z,2026-01-23T03:31:42.964Z,Under 239 Total Points Chicago Bulls at Minnesota Timberwolves,,Basketball,NBA
639047010796709436,Draftkings Sportsbook,straight,SETTLED_LOSS,2.01,1.6896551724137931,0.1896,15,-15.00,01/22/2026 17:51:19 GMT,01/23/2026 03:30:00 GMT,2026-01-22T17:51:19.549Z,2026-01-23T03:30:00.000Z,Under 2.5 Klay Thompson Rebounds O/U GS Warriors @ DAL Mavericks,,Basketball,NBA
O/0003172/0003973,Fanduel Sportsbook,straight,SETTLED_WIN,1.8064516129032258,2,-0.0968,25,20.16,01/22/2026 13:55:16 GMT,01/23/2026 03:12:42 GMT,2026-01-22T13:55:16.000Z,2026-01-23T03:12:42.000Z,Dallas Mavericks +6.5 Alternate Spread Golden State Warriors @ Dallas Mavericks,,Basketball,NBA
O/0003172/0003972,Fanduel Sportsbook,straight,SETTLED_WIN,2.01,2,0.0050,25,25.25,01/22/2026 13:55:11 GMT,01/23/2026 03:12:40 GMT,2026-01-22T13:55:11.000Z,2026-01-23T03:12:40.000Z,Dallas Mavericks +6.5 Alternate Spread Golden State Warriors @ Dallas Mavericks,,Basketball,NBA
639047011031727485,Draftkings Sportsbook,straight,SETTLED_WIN,1.7575757575757576,2.15,-0.1825,15,11.36,01/22/2026 17:51:44 GMT,01/23/2026 03:08:30 GMT,2026-01-22T17:51:44.100Z,2026-01-23T03:08:30.643Z,Over 2.5 Brandon Williams Rebounds O/U GS Warriors @ DAL Mavericks,,Basketball,NBA
019be6d4-4bee-7b48-b86e-735655109fc1,Novig,straight,SETTLED_WIN,1.7761989342806397,1.8,-0.0132,19.99776,15.52,01/22/2026 17:50:37 GMT,01/23/2026 03:05:00 GMT,2026-01-22T17:50:37.131Z,2026-01-23T03:05:00.000Z,Over 4.5 Kawhi Leonard REBOUNDS Los Angeles Lakers @ Los Angeles Clippers,,Basketball,NBA
019be6d4-ac76-729d-8928-d1746884d635,Novig,straight,SETTLED_LOSS,2.0964360587002093,2.5,-0.1614,12.4974,-12.50,01/22/2026 17:51:03 GMT,01/23/2026 03:05:00 GMT,2026-01-22T17:51:03.909Z,2026-01-23T03:05:00.000Z,Under 4.5 Toumani Camara REBOUNDS Miami Heat @ Portland Trail Blazers,,Basketball,NBA
019be5ff-dc97-7834-88ea-000b9e2b60f0,Novig,straight,SETTLED_WIN,1.8978165941776068,1.6779794548691958,0.1310,59.995259999999995,53.86,01/22/2026 13:58:34 GMT,01/23/2026 03:05:00 GMT,2026-01-22T13:58:34.546Z,2026-01-23T03:05:00.000Z,Portland Trail Blazers Moneyline Miami Heat @ Portland Trail Blazers,,Basketball,NBA
20E5AHSNNW,BetMGM,straight,SETTLED_LOSS,2.25,2.2800000000000002,-0.0132,15,-15.00,01/22/2026 17:53:12 GMT,01/23/2026 03:04:02 GMT,2026-01-22T17:53:12.597Z,2026-01-23T03:04:02.989Z,Under 3.5 Stephen Curry (GSW) : Rebounds Golden State Warriors at Dallas Mavericks,,Basketball,NBA
26031321000029605,Fanatics,parlay,SETTLED_LOSS,8.120000000000001,,,10,-10.00,01/22/2026 18:01:09 GMT,01/23/2026 02:45:24 GMT,2026-01-22T18:01:09.232Z,2026-01-23T02:45:24.934Z,6+ Tari Eason - Rebounds Houston Rockets at Philadelphia 76ers | 9+ Alperen Sengun - Rebounds Houston Rockets at Philadelphia 76ers | Philadelphia 76ers +5.0 Spread Houston Rockets at Philadelphia 76ers,,Basketball,NBA
O/0003172/0003975,Fanduel Sportsbook,straight,SETTLED_LOSS,1.7692307692307692,1.7751937984496124,-0.0034,20,-20.00,01/22/2026 17:54:35 GMT,01/23/2026 02:41:58 GMT,2026-01-22T17:54:35.000Z,2026-01-23T02:41:58.000Z,Alperen Sengun Over 8.5 Alperen Sengun - Rebounds Houston Rockets @ Philadelphia 76ers,,Basketball,NBA
26031312000109705,Fanatics,straight,SETTLED_WIN,1.9523809523809523,2,-0.0238,20,19.05,01/22/2026 17:52:56 GMT,01/23/2026 02:33:22 GMT,2026-01-22T17:52:56.440Z,2026-01-23T02:33:22.798Z,5+ Jaden McDaniels - Rebounds Chicago Bulls at Minnesota Timberwolves,,Basketball,NBA
PlacedBet:MOZYvEByKIGiTUFhFWjmKKuiJIo=,theScore Bet,straight,SETTLED_LOSS,2.5,2.45,0.0204,10,-10.00,01/22/2026 17:53:57 GMT,01/23/2026 02:28:59 GMT,2026-01-22T17:53:57.847Z,2026-01-23T02:28:59.024Z,Under 2.5 Tre Johnson Total Rebounds Denver Nuggets @ Washington Wizards,,Basketball,NBA
O/0003172/0003976,Fanduel Sportsbook,parlay,SETTLED_LOSS,22.34,,,5,-5.00,01/22/2026 18:04:08 GMT,01/23/2026 02:17:28 GMT,2026-01-22T18:04:08.000Z,2026-01-23T02:17:28.000Z,Dallas Mavericks Moneyline Golden State Warriors @ Dallas Mavericks | Klay Thompson Under 2.5 Klay Thompson - Rebounds Golden State Warriors @ Dallas Mavericks | Moses Moody Under 3.5 Moses Moody - Rebounds Golden State Warriors @ Dallas Mavericks | Stephen Curry Under 3.5 Stephen Curry - Rebounds Golden State Warriors @ Dallas Mavericks,,Basketball,NBA
019be6d4-1659-7ad9-a998-d1ce1982739c,Novig,straight,SETTLED_LOSS,1.8484288354898335,1.8333333333333335,0.0082,19.99536,-20.00,01/22/2026 17:50:24 GMT,01/23/2026 02:05:00 GMT,2026-01-22T17:50:24.308Z,2026-01-23T02:05:00.000Z,Under 3.5 Keyonte George REBOUNDS San Antonio Spurs @ Utah Jazz,,Basketball,NBA
019be5fd-857a-79ba-b55e-9f8580fdc401,Novig,straight,SETTLED_WIN,1.1778563015312131,1.1923076923076923,-0.0121,124.99827,22.23,01/22/2026 13:56:00 GMT,01/23/2026 02:05:00 GMT,2026-01-22T13:56:00.818Z,2026-01-23T02:05:00.000Z,SAS Moneyline San Antonio Spurs @ Utah Jazz,,Basketball,NBA
26031314000029505,Fanatics,straight,SETTLED_WIN,2.05,2.3,-0.1087,20,21.00,01/22/2026 17:54:46 GMT,01/23/2026 01:54:56 GMT,2026-01-22T17:54:46.181Z,2026-01-23T01:54:56.399Z,6+ Tari Eason - Rebounds Houston Rockets at Philadelphia 76ers,,Basketball,NBA
26031312000129605,Fanatics,straight,SETTLED_WIN,1.6666666666666665,1.7518796992481203,-0.0486,20,13.33,01/22/2026 17:52:45 GMT,01/23/2026 01:30:28 GMT,2026-01-22T17:52:45.049Z,2026-01-23T01:30:28.806Z,5+ Kon Knueppel - Rebounds Charlotte Hornets at Orlando Magic,,Basketball,NBA
26031312000059705,Fanatics,straight,SETTLED_WIN,1.6666666666666665,1.6666666666666665,,20,13.33,01/22/2026 17:52:29 GMT,01/23/2026 01:29:17 GMT,2026-01-22T17:52:29.479Z,2026-01-23T01:29:17.829Z,4+ LaMelo Ball - Rebounds Charlotte Hornets at Orlando Magic,,Basketball,NBA
e7a094e9-ce33-433e-8754-3fdb249fd0c3,Novig,parlay,SETTLED_LOSS,8.130081300813009,,,7.5,-7.50,01/22/2026 18:04:35 GMT,01/23/2026 01:05:00 GMT,2026-01-22T18:04:35.549Z,2026-01-23T01:05:00.000Z,Over 8.5 Jalen Smith REBOUNDS Chicago Bulls @ Minnesota Timberwolves | Minnesota Timberwolves Moneyline Chicago Bulls @ Minnesota Timberwolves | Over 4.5 Jaden McDaniels REBOUNDS Chicago Bulls @ Minnesota Timberwolves,,Basketball,NBA
019be6d7-b4af-7de4-84a0-14021ce827c0,Novig,straight,SETTLED_LOSS,2.4068600870584653,2.4299999999999997,-0.0095,13.99749,-14.00,01/22/2026 17:54:20 GMT,01/23/2026 01:05:00 GMT,2026-01-22T17:54:20.116Z,2026-01-23T01:05:00.000Z,Over 8.5 Jalen Smith REBOUNDS Chicago Bulls @ Minnesota Timberwolves,,Basketball,NBA
019be6d3-64de-7e7c-81ee-57739f1cd035,Novig,straight,SETTLED_LOSS,2.100840336134454,2.34,-0.1022,11.99996,-12.00,01/22/2026 17:49:37 GMT,01/23/2026 00:35:00 GMT,2026-01-22T17:49:37.777Z,2026-01-23T00:35:00.000Z,Over 3.5 Moses Moody REBOUNDS Golden State Warriors @ Dallas Mavericks,,Basketball,NBA
019be6d6-da21-7c28-992b-c42a8aa59ff9,Novig,straight,SETTLED_LOSS,2.1691973969631237,2.1399999999999997,0.0136,14.99633,-15.00,01/22/2026 17:53:23 GMT,01/23/2026 00:05:00 GMT,2026-01-22T17:53:23.887Z,2026-01-23T00:05:00.000Z,Over 8.5 Paolo Banchero REBOUNDS Charlotte Hornets @ Orlando Magic,,Basketball,NBA
019be6d7-86b7-7a61-b16d-c3fcfc86f21b,Novig,straight,SETTLED_LOSS,2.3696682464454977,2.34,0.0127,12.49964,-12.50,01/22/2026 17:54:08 GMT,01/23/2026 00:05:00 GMT,2026-01-22T17:54:08.547Z,2026-01-23T00:05:00.000Z,Over 4.5 Goga Bitadze REBOUNDS Charlotte Hornets @ Orlando Magic,,Basketball,NBA
019be6d5-9ba9-7a9f-8c3e-2091a7ec25e4,Novig,straight,SETTLED_LOSS,1.925308436145382,1.9615384615384617,-0.0185,14.995,-14.99,01/22/2026 17:52:07 GMT,01/23/2026 00:05:00 GMT,2026-01-22T17:52:07.969Z,2026-01-23T00:05:00.000Z,Under 7.5 Alexandre Sarr REBOUNDS Denver Nuggets @ Washington Wizards,,Basketball,NBA
019be5fb-d42a-791c-b8db-97ca54665267,Novig,straight,SETTLED_WIN,1.8939393939393938,1.925925925925926,-0.0166,34.99584,31.28,01/22/2026 13:54:07 GMT,01/23/2026 00:05:00 GMT,2026-01-22T13:54:07.969Z,2026-01-23T00:05:00.000Z,Over 220.5 Total Houston Rockets @ Philadelphia 76ers,,Basketball,NBA
019be5fb-9d78-72e5-bd9d-097fc8139ab3,Novig,straight,SETTLED_WIN,2.1691973969631237,2.2032788,-0.0155,59.99915,70.15,01/22/2026 13:53:54 GMT,01/23/2026 00:05:00 GMT,2026-01-22T13:53:54.105Z,2026-01-23T00:05:00.000Z,Philadelphia 76ers Moneyline Houston Rockets @ Philadelphia 76ers,,Basketball,NBA
019be5fc-1817-73d3-8fb9-8e43c200a432,Novig,straight,SETTLED_LOSS,1.8281535648994516,1.970873786407767,-0.0724,44.99622,-45.00,01/22/2026 13:54:25 GMT,01/23/2026 00:05:00 GMT,2026-01-22T13:54:25.671Z,2026-01-23T00:05:00.000Z,home +6.5 Spread Denver Nuggets @ Washington Wizards,,Basketball,NBA
019be5fb-62be-71e4-ae9c-1c316b13f4d9,Novig,straight,SETTLED_WIN,1.9267822736030826,1.6451612903225805,0.1712,59.9964,55.60,01/22/2026 13:53:41 GMT,01/23/2026 00:05:00 GMT,2026-01-22T13:53:41.221Z,2026-01-23T00:05:00.000Z,away +6.5 Spread Charlotte Hornets @ Orlando Magic,,Basketball,NBA
20E3S8W259,BetMGM,straight,SETTLED_LOSS,1.625,1.4444444444444444,0.1250,15,-15.00,01/21/2026 15:36:01 GMT,01/22/2026 06:10:00 GMT,2026-01-21T15:36:01.690Z,2026-01-22T06:10:00.000Z,Over 1.5 Dennis Schroder (SAC): Rebounds Toronto Raptors at Sacramento Kings,,Basketball,NBA
20E3S7U1HT,BetMGM,straight,SETTLED_LOSS,1.8695652173913042,2.35,-0.2044,15,-15.00,01/21/2026 15:35:18 GMT,01/22/2026 06:10:00 GMT,2026-01-21T15:35:18.657Z,2026-01-22T06:10:00.000Z,Under 6.5 Sandro Mamukelashvili (TOR): Rebounds Toronto Raptors at Sacramento Kings,,Basketball,NBA
O/0003172/0003969,Fanduel Sportsbook,straight,SETTLED_WIN,1.8928571428571428,1.7692307692307692,0.0699,15,13.39,01/21/2026 15:32:48 GMT,01/22/2026 05:44:37 GMT,2026-01-21T15:32:48.000Z,2026-01-22T05:44:37.000Z,Scottie Barnes Under 9.5 Scottie Barnes - Rebounds Toronto Raptors @ Sacramento Kings,,Basketball,NBA
O/0003172/0003971,Fanduel Sportsbook,parlay,SETTLED_WIN,7.04,,,7.5,45.35,01/21/2026 15:59:52 GMT,01/22/2026 05:44:34 GMT,2026-01-21T15:59:52.000Z,2026-01-22T05:44:34.000Z,Toronto Raptors Moneyline Toronto Raptors @ Sacramento Kings | Precious Achiuwa To Record 6+ Rebounds Toronto Raptors @ Sacramento Kings | Scottie Barnes Under 9.5 Scottie Barnes - Rebounds Toronto Raptors @ Sacramento Kings,,Basketball,NBA
20E3S7TRXU,BetMGM,straight,SETTLED_LOSS,1.9523809523809523,2.04,-0.0430,15,-15.00,01/21/2026 15:35:07 GMT,01/22/2026 05:40:00 GMT,2026-01-21T15:35:07.290Z,2026-01-22T05:40:00.000Z,Under 4.5 Shai Gilgeous-Alexander (OKC): Rebounds Oklahoma City Thunder at Milwaukee Bucks,,Basketball,NBA
20E3S5RXAE,BetMGM,straight,SETTLED_WIN,2.1,2.4,-0.1250,15,16.50,01/21/2026 15:33:49 GMT,01/22/2026 05:40:00 GMT,2026-01-21T15:33:49.247Z,2026-01-22T05:40:00.000Z,Under 4.5 Kyle Kuzma (MIL): Rebounds Oklahoma City Thunder at Milwaukee Bucks,,Basketball,NBA
PlacedBet:2yMtR8nTNqGIO3eiuKnRf37s5rg=,theScore Bet,straight,SETTLED_LOSS,1.8695652173913044,1.6666666666666665,0.1217,15,-15.00,01/21/2026 15:34:05 GMT,01/22/2026 05:39:21 GMT,2026-01-21T15:34:05.515Z,2026-01-22T05:39:21.254Z,Under 2.5 Jamal Shead Total Rebounds Toronto Raptors @ Sacramento Kings,,Basketball,NBA
59da97d0-f6ca-11f0-8aef-cd0d4ea9e2b2,Caesars Sportsbook,straight,SETTLED_WIN,1.91,1.7142857142857144,0.1142,35,31.82,01/21/2026 13:08:59 GMT,01/22/2026 05:26:20 GMT,2026-01-21T13:08:59.981Z,2026-01-22T05:26:20.000Z,Over 223.5 Total Points Toronto Raptors at Sacramento Kings,,Basketball,NBA
O/0003172/0003967,Fanduel Sportsbook,straight,SETTLED_WIN,2.5300000000000002,1.7407407407407407,0.4534,15,22.95,01/21/2026 15:30:42 GMT,01/22/2026 04:30:39 GMT,2026-01-21T15:30:42.000Z,2026-01-22T04:30:39.000Z,Precious Achiuwa To Record 6+ Rebounds Toronto Raptors @ Sacramento Kings,,Basketball,NBA
639046079604844687,Draftkings Sportsbook,parlay,SETTLED_LOSS,7.9,,,10,-10.00,01/21/2026 15:59:19 GMT,01/22/2026 03:48:26 GMT,2026-01-21T15:59:19.365Z,2026-01-22T03:48:26.475Z,MEM Grizzlies Moneyline ATL Hawks @ MEM Grizzlies | Under 3.5 Ja Morant Rebounds O/U ATL Hawks @ MEM Grizzlies | Over 6.5 Cedric Coward Rebounds O/U ATL Hawks @ MEM Grizzlies,,Basketball,NBA
O/0003172/0003966,Fanduel Sportsbook,straight,SETTLED_LOSS,2,2.2199999999999998,-0.0991,27.5,-27.50,01/21/2026 13:07:35 GMT,01/22/2026 03:32:08 GMT,2026-01-21T13:07:35.000Z,2026-01-22T03:32:08.000Z,Under 237.5 Alternate Total Points Atlanta Hawks @ Memphis Grizzlies,,Basketball,NBA
O/0003172/0003970,Fanduel Sportsbook,straight,SETTLED_LOSS,1.9803921568627452,1.900900900900901,0.0418,20,-20.00,01/21/2026 15:34:54 GMT,01/22/2026 03:05:09 GMT,2026-01-21T15:34:54.000Z,2026-01-22T03:05:09.000Z,Payton Pritchard Under 4.5 Payton Pritchard - Rebounds Indiana Pacers @ Boston Celtics,,Basketball,NBA
019be0ac-505e-7d9c-8e06-e7f35b4c0763,Novig,straight,SETTLED_LOSS,1.9801980198019804,2.04,-0.0293,49.995,-49.99,01/21/2026 13:09:20 GMT,01/22/2026 03:05:00 GMT,2026-01-21T13:09:20.748Z,2026-01-22T03:05:00.000Z,home +4.5 Spread Toronto Raptors @ Sacramento Kings,,Basketball,NBA
639046063471311169,Draftkings Sportsbook,straight,SETTLED_LOSS,2.04,1.9090909090909092,0.0686,15,-15.00,01/21/2026 15:32:27 GMT,01/22/2026 03:00:00 GMT,2026-01-21T15:32:27.514Z,2026-01-22T03:00:00.000Z,Under 5.5 Jaylon Tyson Rebounds O/U CLE Cavaliers @ CHA Hornets,,Basketball,NBA
PlacedBet:EHyPNy2YcgZKDj21A502nn//xqk=,theScore Bet,parlay,SETTLED_LOSS,12.236,,,7.5,-7.50,01/21/2026 16:00:28 GMT,01/22/2026 02:59:35 GMT,2026-01-21T16:00:28.631Z,2026-01-22T02:59:35.556Z,Under 4.5 Payton Pritchard Total Rebounds Indiana Pacers @ Boston Celtics | BOS Celtics Moneyline Indiana Pacers @ Boston Celtics | Over 4.5 Sam Hauser Total Rebounds Indiana Pacers @ Boston Celtics | Over 4.5 Johnny Furphy Total Rebounds Indiana Pacers @ Boston Celtics,,Basketball,NBA
26029734000039905,Fanatics,straight,SETTLED_LOSS,1.7692307692307692,1.6896551724137931,0.0471,20,-20.00,01/21/2026 15:34:44 GMT,01/22/2026 02:55:16 GMT,2026-01-21T15:34:44.959Z,2026-01-22T02:55:16.926Z,6+ Miles Bridges - Rebounds Cleveland Cavaliers at Charlotte Hornets,,Basketball,NBA
26029763000029605,Fanatics,parlay,SETTLED_LOSS,11.87,,,5.5,-5.50,01/21/2026 16:03:31 GMT,01/22/2026 02:55:12 GMT,2026-01-21T16:03:31.699Z,2026-01-22T02:55:12.809Z,Charlotte Hornets Money Line Cleveland Cavaliers at Charlotte Hornets | 12+ Collin Sexton - Points Cleveland Cavaliers at Charlotte Hornets | Under 5.5 Jaylon Tyson - Rebounds OU Cleveland Cavaliers at Charlotte Hornets | 6+ Miles Bridges - Rebounds Cleveland Cavaliers at Charlotte Hornets,,Basketball,NBA
0ea6bb40-f6ca-11f0-92eb-45c07ca91264,Caesars Sportsbook,straight,SETTLED_LOSS,1.91,2.1799999999999997,-0.1239,35,-35.00,01/21/2026 13:06:53 GMT,01/22/2026 02:49:15 GMT,2026-01-21T13:06:53.812Z,2026-01-22T02:49:15.523Z,Over 222.5 Total Points Brooklyn Nets at New York Knicks,,Basketball,NBA
639046066016998493,Draftkings Sportsbook,straight,SETTLED_VOID,1.9090909090909092,,,20,0.00,01/21/2026 15:36:42 GMT,01/22/2026 02:48:54 GMT,2026-01-21T15:36:42.491Z,2026-01-22T02:48:54.787Z,Under 5.5 Jaylin Williams (OKC) Rebounds O/U OKC Thunder @ MIL Bucks,,Basketball,NBA
O/0003172/0003964,Fanduel Sportsbook,straight,SETTLED_LOSS,2.1399999999999997,2.13,0.0047,25,-25.00,01/21/2026 13:05:20 GMT,01/22/2026 02:48:40 GMT,2026-01-21T13:05:20.000Z,2026-01-22T02:48:40.000Z,Brooklyn Nets 11.5 Spread Betting Brooklyn Nets @ New York Knicks,,Basketball,NBA
O/0003172/0003965,Fanduel Sportsbook,straight,SETTLED_LOSS,1.9090909090909092,2.13,-0.1037,25,-25.00,01/21/2026 13:05:25 GMT,01/22/2026 02:48:36 GMT,2026-01-21T13:05:25.000Z,2026-01-22T02:48:36.000Z,Brooklyn Nets 11.5 Spread Betting Brooklyn Nets @ New York Knicks,,Basketball,NBA
26029731000019405,Fanatics,straight,SETTLED_WIN,2.2,2.2,,15,18.00,01/21/2026 15:31:22 GMT,01/22/2026 02:42:05 GMT,2026-01-21T15:31:22.252Z,2026-01-22T02:42:05.791Z,5+ Sam Hauser - Rebounds Indiana Pacers at Boston Celtics,,Basketball,NBA
639046079001190713,Draftkings Sportsbook,parlay,SETTLED_LOSS,5.2,,,5.75,-5.75,01/21/2026 15:58:18 GMT,01/22/2026 02:37:45 GMT,2026-01-21T15:58:18.525Z,2026-01-22T02:37:45.805Z,Under 10.5 Jalen Duren Rebounds O/U DET Pistons @ NO Pelicans | DET Pistons Moneyline DET Pistons @ NO Pelicans | Under 5.5 Cade Cunningham Rebounds O/U DET Pistons @ NO Pelicans | 6+ Zion Williamson Rebounds DET Pistons @ NO Pelicans,,Basketball,NBA
026c7050-1d9d-482a-b7b7-7ad5b2082c14,Novig,parlay,SETTLED_LOSS,8.771929824561402,,,5,-5.00,01/21/2026 16:00:47 GMT,01/22/2026 02:35:00 GMT,2026-01-21T16:00:47.019Z,2026-01-22T02:35:00.000Z,Oklahoma City Thunder Moneyline Oklahoma City Thunder @ Milwaukee Bucks | Over 12.5 Bobby Portis POINTS Oklahoma City Thunder @ Milwaukee Bucks | Under 4.5 Kyle Kuzma REBOUNDS Oklahoma City Thunder @ Milwaukee Bucks | Under 4.5 Shai Gilgeous-Alexander REBOUNDS Oklahoma City Thunder @ Milwaukee Bucks,,Basketball,NBA
019be0ab-8884-7ee0-b97d-60d4feb5e703,Novig,straight,SETTLED_LOSS,1.9220948233446182,2.4,-0.1991,59.99704,-60.00,01/21/2026 13:08:27 GMT,01/22/2026 02:35:00 GMT,2026-01-21T13:08:27.386Z,2026-01-22T02:35:00.000Z,home +9.5 Spread Oklahoma City Thunder @ Milwaukee Bucks,,Basketball,NBA
d8a06bd0-f6de-11f0-92eb-45c07ca91264,Caesars Sportsbook,straight,SETTLED_LOSS,2.02,2.38,-0.1513,15,-15.00,01/21/2026 15:35:42 GMT,01/22/2026 02:28:24 GMT,2026-01-21T15:35:42.605Z,2026-01-22T02:28:24.168Z,Under 10.5 Jalen Duren - Total Rebounds Detroit Pistons at New Orleans Pelicans,,Basketball,NBA
20E3S7U91S,BetMGM,straight,SETTLED_WIN,1.7692307692307692,1.8,-0.0171,20,15.38,01/21/2026 15:35:30 GMT,01/22/2026 02:17:51 GMT,2026-01-21T15:35:30.733Z,2026-01-22T02:17:51.547Z,Over 4.5 Kon Knueppel (CHA): Rebounds Cleveland Cavaliers at Charlotte Hornets,,Basketball,NBA
26029736000029705,Fanatics,straight,SETTLED_WIN,1.606060606060606,1.6666666666666665,-0.0364,20,12.12,01/21/2026 15:36:19 GMT,01/22/2026 02:14:57 GMT,2026-01-21T15:36:19.814Z,2026-01-22T02:14:57.292Z,4+ Noah Clowney - Rebounds Brooklyn Nets at New York Knicks,,Basketball,NBA
019be0ab-0839-7d57-82cf-b84c89d3797e,Novig,straight,SETTLED_WIN,1.2690355329949239,1.3802281368821292,-0.0806,84.99368,22.87,01/21/2026 13:07:49 GMT,01/22/2026 01:05:00 GMT,2026-01-21T13:07:49.430Z,2026-01-22T01:05:00.000Z,Detroit Pistons Moneyline Detroit Pistons @ New Orleans Pelicans,,Basketball,NBA
019be0aa-686a-7482-b9fc-51e9c0f0a614,Novig,straight,SETTLED_LOSS,1.821493624772313,1.8834477546309019,-0.0329,49.99743,-50.00,01/21/2026 13:07:08 GMT,01/22/2026 01:05:00 GMT,2026-01-21T13:07:08.406Z,2026-01-22T01:05:00.000Z,Memphis Grizzlies Moneyline Atlanta Hawks @ Memphis Grizzlies,,Basketball,NBA
019be0ab-339a-7147-b2e8-380712e4bab7,Novig,straight,SETTLED_WIN,1.9801980198019802,1.8333333333333335,0.0801,34.9965,34.30,01/21/2026 13:07:57 GMT,01/22/2026 01:05:00 GMT,2026-01-21T13:07:57.756Z,2026-01-22T01:05:00.000Z,Under 234.5 Total Detroit Pistons @ New Orleans Pelicans,,Basketball,NBA
019be12e-d96c-75e0-8fcb-404d0c4827a9,Novig,straight,SETTLED_WIN,2.0491803278688523,2.15,-0.0469,14.99624,15.73,01/21/2026 15:31:49 GMT,01/22/2026 00:35:00 GMT,2026-01-21T15:31:49.441Z,2026-01-22T00:35:00.000Z,Over 6.5 Pascal Siakam REBOUNDS Indiana Pacers @ Boston Celtics,,Basketball,NBA
019be12e-a3b1-73eb-8d2f-af639920bf42,Novig,straight,SETTLED_WIN,2.1691973969631237,2.09,0.0379,14.99633,17.53,01/21/2026 15:31:35 GMT,01/22/2026 00:35:00 GMT,2026-01-21T15:31:35.947Z,2026-01-22T00:35:00.000Z,Over 4.5 Johnny Furphy REBOUNDS Indiana Pacers @ Boston Celtics,,Basketball,NBA
019be0a7-6bfe-7968-ac63-2454373b779e,Novig,straight,SETTLED_WIN,1.976284584980237,1.97677149343015,-0.0002,34.99496,34.17,01/21/2026 13:03:51 GMT,01/22/2026 00:05:00 GMT,2026-01-21T13:03:51.893Z,2026-01-22T00:05:00.000Z,Under 237.5 Total Cleveland Cavaliers @ Charlotte Hornets,,Basketball,NBA
019be0a7-225b-7a9d-8cd5-cf1285b20484,Novig,straight,SETTLED_LOSS,1.9569471624266146,2.02,-0.0312,49.99624,-50.00,01/21/2026 13:03:36 GMT,01/22/2026 00:05:00 GMT,2026-01-21T13:03:36.894Z,2026-01-22T00:05:00.000Z,home +2.5 Spread Cleveland Cavaliers @ Charlotte Hornets,,Basketball,NBA
O/0003172/0003968,Fanduel Sportsbook,straight,SETTLED_VOID,2.1,,,15,0.00,01/21/2026 15:32:38 GMT,01/21/2026 23:02:48 GMT,2026-01-21T15:32:38.000Z,2026-01-21T23:02:48.000Z,Cade Cunningham Under 5.5 Cade Cunningham - Rebounds Detroit Pistons @ New Orleans Pelicans,,Basketball,NBA
26029736000019405,Fanatics,straight,SETTLED_VOID,1.7142857142857144,,,20,0.00,01/21/2026 15:36:11 GMT,01/21/2026 19:13:47 GMT,2026-01-21T15:36:11.447Z,2026-01-21T19:13:47.017Z,5+ Myles Turner - Rebounds Oklahoma City Thunder at Milwaukee Bucks,,Basketball,NBA
20E2BTJDDB,BetMGM,straight,SETTLED_WIN,1.8333333333333335,1.9090909090909092,-0.0397,10,8.33,01/20/2026 15:22:16 GMT,01/21/2026 06:10:00 GMT,2026-01-20T15:22:16.667Z,2026-01-21T06:10:00.000Z,Under 5.5 Brandin Podziemski (GSW): Rebounds Toronto Raptors at Golden State Warriors,,Basketball,NBA
20E2BTK127,BetMGM,straight,SETTLED_LOSS,1.8333333333333335,1.847457627118644,-0.0076,20,-20.00,01/20/2026 15:22:42 GMT,01/21/2026 06:10:00 GMT,2026-01-20T15:22:42.663Z,2026-01-21T06:10:00.000Z,Under 3.5 Moses Moody (GSW) : Rebounds Toronto Raptors at Golden State Warriors,,Basketball,NBA
20E2BTJJ2A,BetMGM,straight,SETTLED_WIN,1.8333333333333335,1.9090909090909092,-0.0397,10,8.33,01/20/2026 15:22:23 GMT,01/21/2026 06:10:00 GMT,2026-01-20T15:22:23.370Z,2026-01-21T06:10:00.000Z,Under 5.5 Brandin Podziemski (GSW): Rebounds Toronto Raptors at Golden State Warriors,,Basketball,NBA
26028280000029805,Fanatics,straight,SETTLED_LOSS,1.9523809523809523,1.5,0.3016,15,-15.00,01/20/2026 15:20:34 GMT,01/21/2026 05:41:17 GMT,2026-01-20T15:20:34.918Z,2026-01-21T05:41:17.387Z,9+ Scottie Barnes - Rebounds Toronto Raptors at Golden State Warriors,,Basketball,NBA
448ebf70-f614-11f0-8e78-e3f5880cb6ba,Caesars Sportsbook,parlay,SETTLED_LOSS,16.5,,,10,-10.00,01/20/2026 15:25:35 GMT,01/21/2026 05:35:56 GMT,2026-01-20T15:25:35.847Z,2026-01-21T05:35:56.829Z,Over 6.5 LeBron James - Total Rebounds Los Angeles Lakers at Denver Nuggets | Denver Nuggets Money Line Los Angeles Lakers at Denver Nuggets | Under 6.5 Luka Doncic - Total Rebounds Los Angeles Lakers at Denver Nuggets,,Basketball,NBA
26028277000029605,Fanatics,straight,SETTLED_LOSS,1.8695652173913042,1.8333333333333335,0.0198,20,-20.00,01/20/2026 15:17:44 GMT,01/21/2026 05:35:24 GMT,2026-01-20T15:17:44.344Z,2026-01-21T05:35:24.457Z,6+ Precious Achiuwa - Rebounds Miami Heat at Sacramento Kings,,Basketball,NBA
639045197628324004,Draftkings Sportsbook,parlay,SETTLED_LOSS,9.4,,,10,-10.00,01/20/2026 15:29:22 GMT,01/21/2026 05:31:47 GMT,2026-01-20T15:29:22.785Z,2026-01-21T05:31:47.391Z,SAC Kings Moneyline MIA Heat @ SAC Kings | Over 5.5 Precious Achiuwa Rebounds O/U MIA Heat @ SAC Kings | 7+ Maxime Raynaud Rebounds MIA Heat @ SAC Kings,,Basketball,NBA
574b2120-f60b-11f0-a27c-19ca2f864398,Caesars Sportsbook,straight,SETTLED_LOSS,1.91,2.0027704,-0.0463,30,-30.00,01/20/2026 14:21:41 GMT,01/21/2026 05:28:33 GMT,2026-01-20T14:21:41.810Z,2026-01-21T05:28:33.292Z,Under 238 Total Points Miami Heat at Sacramento Kings,,Basketball,NBA
20E29WP0EX,BetMGM,straight,SETTLED_LOSS,1.847457627118644,1.5649717514124295,0.1805,30,-30.00,01/20/2026 14:20:46 GMT,01/21/2026 05:10:00 GMT,2026-01-20T14:20:46.560Z,2026-01-21T05:10:00.000Z,Under 245.5 Totals Minnesota Timberwolves at Utah Jazz,,Basketball,NBA
20E2BUL3C0,BetMGM,straight,SETTLED_WIN,2,2.05,-0.0244,10,10.00,01/20/2026 15:23:24 GMT,01/21/2026 05:00:00 GMT,2026-01-20T15:23:24.913Z,2026-01-21T05:00:00.000Z,Yes Jaden McDaniels to record 5+ rebounds Minnesota Timberwolves @ Utah Jazz,,Basketball,NBA
O/0003172/0003958,Fanduel Sportsbook,straight,SETTLED_WIN,2.04,2.52,-0.1905,15,15.60,01/20/2026 15:17:29 GMT,01/21/2026 04:51:16 GMT,2026-01-20T15:17:29.000Z,2026-01-21T04:51:16.000Z,LeBron James Over 6.5 LeBron James - Rebounds Los Angeles Lakers @ Denver Nuggets,,Basketball,NBA
639045192677276469,Draftkings Sportsbook,straight,SETTLED_WIN,2.02,2.06,-0.0194,15,15.30,01/20/2026 15:21:07 GMT,01/21/2026 04:46:10 GMT,2026-01-20T15:21:07.318Z,2026-01-21T04:46:10.264Z,Under 3.5 Keyonte George Rebounds O/U MIN Timberwolves @ UTA Jazz,,Basketball,NBA
2aded1f0-f614-11f0-907b-43649a037d8c,Caesars Sportsbook,parlay,SETTLED_LOSS,5.017,,,10,-10.00,01/20/2026 15:24:52 GMT,01/21/2026 04:45:04 GMT,2026-01-20T15:24:52.751Z,2026-01-21T04:45:04.694Z,Minnesota Timberwolves Money Line Minnesota Timberwolves at Utah Jazz | Over 4.5 Jaden McDaniels - Total Rebounds Minnesota Timberwolves at Utah Jazz | Under 3.5 Keyonte George - Total Rebounds Minnesota Timberwolves at Utah Jazz,,Basketball,NBA
639045192007954546,Draftkings Sportsbook,straight,SETTLED_LOSS,2.1100000000000003,2.2,-0.0409,15,-15.00,01/20/2026 15:20:01 GMT,01/21/2026 04:44:14 GMT,2026-01-20T15:20:01.609Z,2026-01-21T04:44:14.970Z,Under 6.5 Luka Doncic Rebounds O/U LA Lakers @ DEN Nuggets,,Basketball,NBA
26028263000049905,Fanatics,straight,SETTLED_WIN,2.2,2.41,-0.0871,12,14.40,01/20/2026 15:03:41 GMT,01/21/2026 04:42:42 GMT,2026-01-20T15:03:41.402Z,2026-01-21T04:42:42.674Z,7+ Maxime Raynaud - Rebounds Miami Heat at Sacramento Kings,,Basketball,NBA
O/0003172/0003960,Fanduel Sportsbook,parlay,SETTLED_LOSS,8.29,,,10,-10.00,01/20/2026 15:27:35 GMT,01/21/2026 04:33:30 GMT,2026-01-20T15:27:35.000Z,2026-01-21T04:33:30.000Z,Golden State Warriors Moneyline Toronto Raptors @ Golden State Warriors | Moses Moody Under 3.5 Moses Moody - Rebounds Toronto Raptors @ Golden State Warriors | Stephen Curry Under 3.5 Stephen Curry - Rebounds Toronto Raptors @ Golden State Warriors,,Basketball,NBA
O/0003172/0003959,Fanduel Sportsbook,straight,SETTLED_LOSS,1.925925925925926,1.7142857142857144,0.1235,15,-15.00,01/20/2026 15:20:43 GMT,01/21/2026 04:22:38 GMT,2026-01-20T15:20:43.000Z,2026-01-21T04:22:38.000Z,Naz Reid Under 6.5 Naz Reid - Rebounds Minnesota Timberwolves @ Utah Jazz,,Basketball,NBA
PlacedBet:28x9LY9ZprxN8Clpr1PWyE6w8OE=,theScore Bet,straight,SETTLED_LOSS,1.8695652173913044,1.925925925925926,-0.0293,50,-50.00,01/20/2026 14:20:07 GMT,01/21/2026 04:01:13 GMT,2026-01-20T14:20:07.441Z,2026-01-21T04:01:13.144Z,SA Spurs +4.5 Game Spread San Antonio Spurs @ Houston Rockets,,Basketball,NBA
PlacedBet:IkB1e/0U1oMTEH29sa5oCfUl3H0=,theScore Bet,parlay,SETTLED_LOSS,12.666,,,10,-10.00,01/20/2026 15:30:42 GMT,01/21/2026 03:59:42 GMT,2026-01-20T15:30:42.907Z,2026-01-21T03:59:42.552Z,Under 2.5 Harrison Barnes Total Rebounds San Antonio Spurs @ Houston Rockets | HOU Rockets Moneyline San Antonio Spurs @ Houston Rockets | Over 3.5 De'Aaron Fox Total Rebounds San Antonio Spurs @ Houston Rockets | Over 5.5 Luke Kornet Total Rebounds San Antonio Spurs @ Houston Rockets,,Basketball,NBA
PlacedBet:BiqTBrghlkEop0hPjJWucwYHx0k=,theScore Bet,straight,SETTLED_WIN,2.1,1.9174311926605505,0.0952,10,11.00,01/20/2026 15:20:57 GMT,01/21/2026 03:59:27 GMT,2026-01-20T15:20:57.045Z,2026-01-21T03:59:27.175Z,Under 2.5 Harrison Barnes Total Rebounds San Antonio Spurs @ Houston Rockets,,Basketball,NBA
56315da0-f614-11f0-8e78-e3f5880cb6ba,Caesars Sportsbook,parlay,SETTLED_WIN,6.7,,,10,57.00,01/20/2026 15:26:05 GMT,01/21/2026 03:57:17 GMT,2026-01-20T15:26:05.434Z,2026-01-21T03:57:17.659Z,Over 5.5 Tari Eason - Total Rebounds San Antonio Spurs at Houston Rockets | Over 7.5 Amen Thompson - Total Rebounds San Antonio Spurs at Houston Rockets | Houston Rockets Money Line San Antonio Spurs at Houston Rockets,,Basketball,NBA
639045191150549213,Draftkings Sportsbook,straight,SETTLED_WIN,2.13,2.24,-0.0491,15,16.95,01/20/2026 15:18:35 GMT,01/21/2026 03:54:55 GMT,2026-01-20T15:18:35.043Z,2026-01-21T03:54:55.230Z,Over 7.5 Amen Thompson Rebounds O/U SA Spurs @ HOU Rockets,,Basketball,NBA
26028253000039405,Fanatics,straight,SETTLED_LOSS,1.9523809523809523,1.7142857142857144,0.1389,20,-20.00,01/20/2026 14:53:24 GMT,01/21/2026 03:19:58 GMT,2026-01-20T14:53:24.097Z,2026-01-21T03:19:58.226Z,5+ Matas Buzelis - Rebounds Los Angeles Clippers at Chicago Bulls,,Basketball,NBA
26028264000029505,Fanatics,straight,SETTLED_WIN,1.9523809523809523,2.8600000000000003,-0.3173,20,19.05,01/20/2026 15:04:23 GMT,01/21/2026 03:19:46 GMT,2026-01-20T15:04:23.884Z,2026-01-21T03:19:46.664Z,6+ Tari Eason - Rebounds San Antonio Spurs at Houston Rockets,,Basketball,NBA
019bdbfb-c781-7eed-af3b-d988c07376ea,Novig,straight,SETTLED_WIN,2.2271714922048997,2.15,0.0359,12.49567,15.33,01/20/2026 15:17:59 GMT,01/21/2026 03:05:00 GMT,2026-01-20T15:17:59.985Z,2026-01-21T03:05:00.000Z,Under 3.5 Stephen Curry REBOUNDS Toronto Raptors @ Golden State Warriors,,Basketball,NBA
019bdbfd-efab-75f4-a78e-4a6eeeb0637e,Novig,straight,SETTLED_LOSS,2.0408163265306123,1.8695652173913042,0.0916,19.9969,-20.00,01/20/2026 15:20:14 GMT,01/21/2026 03:05:00 GMT,2026-01-20T15:20:14.894Z,2026-01-21T03:05:00.000Z,Under 4.5 Quinten Post REBOUNDS Toronto Raptors @ Golden State Warriors,,Basketball,NBA
019bdbc7-ceb6-7ec0-9051-73502d69eabb,Novig,straight,SETTLED_LOSS,1.6891891891891893,1.6289308176100628,0.0370,49.9944,-49.99,01/20/2026 14:21:06 GMT,01/21/2026 03:05:00 GMT,2026-01-20T14:21:06.167Z,2026-01-21T03:05:00.000Z,GSW Moneyline Toronto Raptors @ Golden State Warriors,,Basketball,NBA
019bdbc7-a243-7082-b4a3-4dd5d6314944,Novig,straight,SETTLED_LOSS,2.288329519450801,2.3802824,-0.0386,49.99717,-50.00,01/20/2026 14:20:57 GMT,01/21/2026 03:05:00 GMT,2026-01-20T14:20:57.457Z,2026-01-21T03:05:00.000Z,Denver Nuggets Moneyline Los Angeles Lakers @ Denver Nuggets,,Basketball,NBA
019bdbc8-0832-71bf-94e6-5f251b56e133,Novig,straight,SETTLED_LOSS,2.109704641350211,2.27,-0.0706,59.99892,-60.00,01/20/2026 14:21:23 GMT,01/21/2026 03:05:00 GMT,2026-01-20T14:21:23.036Z,2026-01-21T03:05:00.000Z,home +2.5 Spread Miami Heat @ Sacramento Kings,,Basketball,NBA
PlacedBet:2+zZSA+vaI1T5B2l9WEejQHUZXw=,theScore Bet,parlay,SETTLED_LOSS,15.908,19.02384612522992,-0.1638,10,-10.00,01/20/2026 14:22:46 GMT,01/21/2026 02:39:36 GMT,2026-01-20T14:22:46.408Z,2026-01-21T02:39:36.048Z,PHI 76ers Moneyline Phoenix Suns @ Philadelphia 76ers | DEN Nuggets Moneyline Los Angeles Lakers @ Denver Nuggets | GS Warriors Moneyline Toronto Raptors @ Golden State Warriors | SAC Kings +2.5 Game Spread Miami Heat @ Sacramento Kings,,Basketball,NBA
PlacedBet:RMR4CvzwGAr6VeiLiI/Fg+9iclY=,theScore Bet,straight,SETTLED_WIN,1.6896551724137931,1.7692307692307692,-0.0450,20,13.79,01/20/2026 15:22:05 GMT,01/21/2026 02:39:15 GMT,2026-01-20T15:22:05.199Z,2026-01-21T02:39:15.926Z,Over 2.5 Grayson Allen Total Rebounds Phoenix Suns @ Philadelphia 76ers,,Basketball,NBA
26028283000019805,Fanatics,straight,SETTLED_LOSS,1.8333333333333335,1.8,0.0185,20,-20.00,01/20/2026 15:23:13 GMT,01/21/2026 02:38:53 GMT,2026-01-20T15:23:13.360Z,2026-01-21T02:38:53.421Z,5+ Royce O'Neale - Rebounds Phoenix Suns at Philadelphia 76ers,,Basketball,NBA
20E2BSHXKS,BetMGM,straight,SETTLED_WIN,2.1,2.2,-0.0455,20,22.00,01/20/2026 15:21:56 GMT,01/21/2026 02:33:33 GMT,2026-01-20T15:21:56.550Z,2026-01-21T02:33:33.311Z,Over 3.5 Quentin Grimes (PHI): Rebounds Phoenix Suns at Philadelphia 76ers,,Basketball,NBA
O/0003172/0003961,Fanduel Sportsbook,parlay,SETTLED_LOSS,6.93,,,10,-10.00,01/20/2026 15:28:29 GMT,01/21/2026 02:31:32 GMT,2026-01-20T15:28:29.000Z,2026-01-21T02:31:32.000Z,Philadelphia 76ers Moneyline Phoenix Suns @ Philadelphia 76ers | Quentin Grimes To Record 4+ Rebounds Phoenix Suns @ Philadelphia 76ers | Royce O'Neale Over 4.5 Royce O'Neale - Rebounds Phoenix Suns @ Philadelphia 76ers,,Basketball,NBA
019bdc00-891b-7440-989a-5391dda8a678,Novig,straight,SETTLED_WIN,2.197802197802198,2.2199999999999998,-0.0100,24.9977,29.94,01/20/2026 15:23:03 GMT,01/21/2026 01:05:00 GMT,2026-01-20T15:23:03.694Z,2026-01-21T01:05:00.000Z,Over 5.5 Luke Kornet REBOUNDS San Antonio Spurs @ Houston Rockets,,Basketball,NBA
019bdc00-542a-7b73-b98e-ae1c5b550bed,Novig,straight,SETTLED_WIN,1.953125,1.3846153846153846,0.4106,24.99584,23.82,01/20/2026 15:22:55 GMT,01/21/2026 01:05:00 GMT,2026-01-20T15:22:55.549Z,2026-01-21T01:05:00.000Z,Over 7.5 Jalen Smith REBOUNDS Los Angeles Clippers @ Chicago Bulls,,Basketball,NBA
019bdbc6-5988-7ba2-b4a7-cfa99981b76c,Novig,straight,SETTLED_LOSS,2.0408163265306123,1.9174311926605505,0.0643,34.9958,-35.00,01/20/2026 14:19:30 GMT,01/21/2026 01:05:00 GMT,2026-01-20T14:19:30.667Z,2026-01-21T01:05:00.000Z,Over 220.5 Total San Antonio Spurs @ Houston Rockets,,Basketball,NBA
019bdbc6-2d0e-736c-8bbc-49c625de8776,Novig,straight,SETTLED_LOSS,2.4390243902439024,2.29,0.0651,59.9994,-60.00,01/20/2026 14:19:20 GMT,01/21/2026 01:05:00 GMT,2026-01-20T14:19:20.713Z,2026-01-21T01:05:00.000Z,Los Angeles Clippers Moneyline Los Angeles Clippers @ Chicago Bulls,,Basketball,NBA
019bdbc5-c286-7dff-b107-d7e05ddc5561,Novig,straight,SETTLED_LOSS,1.8691588785046729,2.25,-0.1693,49.99575,-50.00,01/20/2026 14:18:55 GMT,01/21/2026 00:05:00 GMT,2026-01-20T14:18:55.530Z,2026-01-21T00:05:00.000Z,Philadelphia 76ers Moneyline Phoenix Suns @ Philadelphia 76ers,,Basketball,NBA
019bdbc5-f490-7d6d-8a22-e4b67f4f13b2,Novig,straight,SETTLED_WIN,1.9920318725099602,2.017692,-0.0127,34.99944,34.72,01/20/2026 14:19:09 GMT,01/21/2026 00:05:00 GMT,2026-01-20T14:19:09.475Z,2026-01-21T00:05:00.000Z,Over 223.5 Total Phoenix Suns @ Philadelphia 76ers,,Basketball,NBA
d3cd80e0-f637-11f0-8e78-7fbfba9c7e7f,Caesars Sportsbook,straight,SETTLED_LOSS,1.625,1.625,,25,-25.00,01/20/2026 19:40:08 GMT,01/20/2026 21:55:23 GMT,2026-01-20T19:40:08.558Z,2026-01-20T21:55:23.341Z,Yes Both Teams To Score Tottenham vs Borussia Dortmund,,Soccer,UEFA Champions League
O/0003172/0003962,Fanduel Sportsbook,straight,SETTLED_WIN,1.5952380952380953,1.5747126436781609,0.0130,40,23.81,01/20/2026 19:40:37 GMT,01/20/2026 21:18:32 GMT,2026-01-20T19:40:37.000Z,2026-01-20T21:18:32.000Z,Yes Both Teams To Score Villarreal v Ajax,,Soccer,UEFA Champions League
O/0003172/0003922,Fanduel Sportsbook,straight,SETTLED_LOSS,3.65,3.87,-0.0568,20,-20.00,01/12/2026 17:50:15 GMT,01/20/2026 04:18:11 GMT,2026-01-12T17:50:15.000Z,2026-01-20T04:18:11.000Z,Miami Florida Moneyline Miami Florida @ Indiana,,American Football,NCAAFB
639044291696670224,Draftkings Sportsbook,straight,SETTLED_LOSS,4.38,3.87,0.1318,20,-20.00,01/19/2026 14:19:30 GMT,01/20/2026 03:30:00 GMT,2026-01-19T14:19:30.188Z,2026-01-20T03:30:00.000Z,Miami FL Moneyline Miami FL @ Indiana,,American Football,NCAAFB
019bd69e-e847-70dd-baa1-f6f2d45fde6b,Novig,straight,SETTLED_LOSS,1.7793594306049823,1.8695652173913042,-0.0482,44.99934,-45.00,01/19/2026 14:18:24 GMT,01/20/2026 03:05:00 GMT,2026-01-19T14:18:24.134Z,2026-01-20T03:05:00.000Z,Under 240.5 Total Miami Heat @ Golden State Warriors,,Basketball,NBA
639044290298260880,Draftkings Sportsbook,straight,SETTLED_LOSS,1.847457627118644,2.05,-0.0988,40,-40.00,01/19/2026 14:17:09 GMT,01/20/2026 02:56:50 GMT,2026-01-19T14:17:09.662Z,2026-01-20T02:56:50.228Z,BKN Nets +8.5 Spread PHO Suns @ BKN Nets,,Basketball,NBA
639044290048176437,Draftkings Sportsbook,straight,SETTLED_WIN,1.7633587786259541,2.12,-0.1682,40,30.53,01/19/2026 14:16:45 GMT,01/20/2026 02:56:47 GMT,2026-01-19T14:16:45.846Z,2026-01-20T02:56:47.474Z,Over 216.5 Total Alternate PHO Suns @ BKN Nets,,Basketball,NBA
019bd69e-2862-7b5d-9347-96af53ee5b5d,Novig,straight,SETTLED_WIN,1.6666666666666667,1.7872372047244094,-0.0675,60,40.00,01/19/2026 14:17:35 GMT,01/20/2026 01:05:00 GMT,2026-01-19T14:17:35.514Z,2026-01-20T01:05:00.000Z,Detroit Pistons Moneyline Boston Celtics @ Detroit Pistons,,Basketball,NBA
019bd69e-83ab-7fee-bf1a-d95be1c40bb5,Novig,straight,SETTLED_LOSS,1.9342359767891686,1.9651829723674386,-0.0157,44.99968,-45.00,01/19/2026 14:17:58 GMT,01/20/2026 01:05:00 GMT,2026-01-19T14:17:58.150Z,2026-01-20T01:05:00.000Z,Over 223.5 Total Boston Celtics @ Detroit Pistons,,Basketball,NBA
639044289475257508,Draftkings Sportsbook,straight,SETTLED_WIN,1.8333333333333335,1.847457627118644,-0.0076,55,45.83,01/19/2026 14:15:46 GMT,01/20/2026 00:30:36 GMT,2026-01-19T14:15:46.106Z,2026-01-20T00:30:36.062Z,UTA Jazz +17.5 Spread Alternate UTA Jazz @ SA Spurs,,Basketball,NBA
639044289750383667,Draftkings Sportsbook,straight,SETTLED_WIN,1.7936507936507935,1.5555555555555556,0.1531,40,31.74,01/19/2026 14:16:15 GMT,01/20/2026 00:30:36 GMT,2026-01-19T14:16:15.207Z,2026-01-20T00:30:36.013Z,Under 243.5 Total Alternate UTA Jazz @ SA Spurs,,Basketball,NBA
019bc865-618a-7177-8ad0-6d63efbb6e6e,Novig,straight,SETTLED_WIN,1.855287569573284,1.8,0.0307,44.99572,38.48,01/16/2026 20:00:50 GMT,01/20/2026 00:30:00 GMT,2026-01-16T20:00:50.894Z,2026-01-20T00:30:00.000Z,away +9.5 Spread Miami Florida @ Indiana,,American Football,NCAAFB
019bd69b-a91f-7c7e-bf69-39d677a3d615,Novig,straight,SETTLED_WIN,1.8867924528301887,2.3252943999999998,-0.1886,49.9949,44.34,01/19/2026 14:14:51 GMT,01/19/2026 22:05:00 GMT,2026-01-19T14:14:51.367Z,2026-01-19T22:05:00.000Z,away +10.5 Spread Dallas Mavericks @ New York Knicks,,Basketball,NBA
019bd69b-57ce-7496-a5a6-ea0ca9123735,Novig,straight,SETTLED_LOSS,1.834862385321101,1.72992700729927,0.0607,39.99755,-40.00,01/19/2026 14:14:28 GMT,01/19/2026 20:05:00 GMT,2026-01-19T14:14:28.887Z,2026-01-19T20:05:00.000Z,Over 223.5 Total Los Angeles Clippers @ Washington Wizards,,Basketball,NBA
019bd69a-c41e-71d6-9ded-02b6bc89e685,Novig,straight,SETTLED_WIN,1.937984496124031,1.8333333333333335,0.0571,29.99508,28.13,01/19/2026 14:13:56 GMT,01/19/2026 18:05:00 GMT,2026-01-19T14:13:56.410Z,2026-01-19T18:05:00.000Z,away +2.5 Spread Milwaukee Bucks @ Atlanta Hawks,,Basketball,NBA
639043457040723812,Draftkings Sportsbook,straight,SETTLED_LOSS,2.09,1.8695652173913042,0.1179,15,-15.00,01/18/2026 15:08:23 GMT,01/19/2026 05:04:12 GMT,2026-01-18T15:08:23.049Z,2026-01-19T05:04:12.865Z,Under 4.5 Sandro Mamukelashvili Rebounds O/U TOR Raptors @ LA Lakers,,Basketball,NBA
90b89d40-f47e-11f0-aeae-e58c3c6d29fe,Caesars Sportsbook,parlay,SETTLED_LOSS,5.75,,,10,-10.00,01/18/2026 15:01:27 GMT,01/19/2026 05:01:38 GMT,2026-01-18T15:01:27.956Z,2026-01-19T05:01:38.328Z,Under 5.5 Jake LaRavia - Total Rebounds Toronto Raptors at Los Angeles Lakers | Toronto Raptors Money Line Toronto Raptors at Los Angeles Lakers | Over 5.5 Brandon Ingram - Total Rebounds Toronto Raptors at Los Angeles Lakers,,Basketball,NBA
26025388000059805,Fanatics,straight,SETTLED_LOSS,1.9523809523809523,2.1,-0.0703,10,-10.00,01/18/2026 15:08:36 GMT,01/19/2026 05:01:04 GMT,2026-01-18T15:08:36.413Z,2026-01-19T05:01:04.839Z,4+ Immanuel Quickley - Rebounds Toronto Raptors at Los Angeles Lakers,,Basketball,NBA
PlacedBet:uGmijx5cIPDc9vHRmdUwp5EEE/o=,theScore Bet,straight,SETTLED_WIN,1.8695652173913044,1.606060606060606,0.1641,15,13.04,01/18/2026 15:07:11 GMT,01/19/2026 04:59:07 GMT,2026-01-18T15:07:11.625Z,2026-01-19T04:59:07.055Z,Under 5.5 Jake LaRavia Total Rebounds Toronto Raptors @ Los Angeles Lakers,,Basketball,NBA
O/0003172/0003954,Fanduel Sportsbook,straight,SETTLED_WIN,1.8771929824561404,1.6666666666666665,0.1263,15,13.16,01/18/2026 15:06:20 GMT,01/19/2026 04:57:56 GMT,2026-01-18T15:06:20.000Z,2026-01-19T04:57:56.000Z,Luka Doncic Under 7.5 Luka Doncic - Rebounds Toronto Raptors @ Los Angeles Lakers,,Basketball,NBA
O/0003172/0003956,Fanduel Sportsbook,straight,SETTLED_WIN,1.8849557522123894,1.9090909090909092,-0.0126,15,13.27,01/18/2026 15:08:49 GMT,01/19/2026 04:57:53 GMT,2026-01-18T15:08:49.000Z,2026-01-19T04:57:53.000Z,Brandon Ingram To Record 6+ Rebounds Toronto Raptors @ Los Angeles Lakers,,Basketball,NBA
26025338000049905,Fanatics,parlay,SETTLED_LOSS,7.88,9.244714285714286,-0.1476,10,-10.00,01/18/2026 14:18:21 GMT,01/19/2026 04:53:55 GMT,2026-01-18T14:18:21.168Z,2026-01-19T04:53:55.608Z,Denver Nuggets Money Line Charlotte Hornets at Denver Nuggets | Portland Trail Blazers Money Line Portland Trail Blazers at Sacramento Kings | Toronto Raptors Money Line Toronto Raptors at Los Angeles Lakers,,Basketball,NBA
639043455654503074,Draftkings Sportsbook,straight,SETTLED_WIN,1.8264462809917354,1.625,0.1240,15,12.39,01/18/2026 15:06:05 GMT,01/19/2026 04:43:35 GMT,2026-01-18T15:06:05.647Z,2026-01-19T04:43:35.623Z,Under 3.5 DeMar DeRozan Rebounds O/U POR Trail Blazers @ SAC Kings,,Basketball,NBA
26025388000079705,Fanatics,straight,SETTLED_LOSS,1.7692307692307692,1.7352941176470589,0.0196,20,-20.00,01/18/2026 15:08:29 GMT,01/19/2026 03:24:56 GMT,2026-01-18T15:08:29.965Z,2026-01-19T03:24:56.258Z,5+ Kon Knueppel - Rebounds Charlotte Hornets at Denver Nuggets,,Basketball,NBA
26025387000079405,Fanatics,straight,SETTLED_LOSS,1.8695652173913042,1.4166666666666667,0.3197,10,-10.00,01/18/2026 15:07:48 GMT,01/19/2026 03:24:52 GMT,2026-01-18T15:07:48.576Z,2026-01-19T03:24:52.688Z,4+ Bruce Brown - Rebounds Charlotte Hornets at Denver Nuggets,,Basketball,NBA
26025387000049905,Fanatics,straight,SETTLED_LOSS,1.9523809523809523,1.4166666666666667,0.3782,10,-10.00,01/18/2026 15:07:43 GMT,01/19/2026 03:24:51 GMT,2026-01-18T15:07:43.925Z,2026-01-19T03:24:51.462Z,4+ Bruce Brown - Rebounds Charlotte Hornets at Denver Nuggets,,Basketball,NBA
PlacedBet:mhROaJnL7xZdKCiLCJdrzN2/BCE=,theScore Bet,parlay,SETTLED_LOSS,6.264,,,10,-10.00,01/18/2026 14:59:48 GMT,01/19/2026 03:19:52 GMT,2026-01-18T14:59:48.781Z,2026-01-19T03:19:52.393Z,DEN Nuggets Moneyline Charlotte Hornets @ Denver Nuggets | Over 3.5 Bruce Brown Total Rebounds Charlotte Hornets @ Denver Nuggets | Over 4.5 Kon Knueppel Total Rebounds Charlotte Hornets @ Denver Nuggets,,Basketball,NBA
019bd142-9d67-79d2-9f83-bec96daee0bb,Novig,straight,SETTLED_LOSS,1.8939393939393938,2.2199999999999998,-0.1469,59.99664,-60.00,01/18/2026 13:19:27 GMT,01/19/2026 02:35:00 GMT,2026-01-18T13:19:27.318Z,2026-01-19T02:35:00.000Z,Toronto Raptors Moneyline Toronto Raptors @ Los Angeles Lakers,,Basketball,NBA
639043455537062422,Draftkings Sportsbook,straight,SETTLED_LOSS,2.3600000000000003,2.29,0.0306,10,-10.00,01/18/2026 15:05:53 GMT,01/19/2026 02:26:35 GMT,2026-01-18T15:05:53.360Z,2026-01-19T02:26:35.722Z,4+ Jeremiah Fears Rebounds NO Pelicans @ HOU Rockets,,Basketball,NBA
639043454094220182,Draftkings Sportsbook,parlay,SETTLED_LOSS,2.58,,,10,-10.00,01/18/2026 15:03:29 GMT,01/19/2026 02:26:34 GMT,2026-01-18T15:03:29.602Z,2026-01-19T02:26:34.154Z,HOU Rockets Moneyline NO Pelicans @ HOU Rockets | Over 4.5 Tari Eason Rebounds O/U NO Pelicans @ HOU Rockets | 4+ Jeremiah Fears Rebounds NO Pelicans @ HOU Rockets,,Basketball,NBA
26025388000039405,Fanatics,straight,SETTLED_LOSS,1.7692307692307692,1.8264462809917354,-0.0313,15,-15.00,01/18/2026 15:08:12 GMT,01/19/2026 02:23:16 GMT,2026-01-18T15:08:12.945Z,2026-01-19T02:23:16.960Z,5+ Trey Murphy III - Rebounds New Orleans Pelicans at Houston Rockets,,Basketball,NBA
26025388000019505,Fanatics,straight,SETTLED_WIN,2.15,2.16,-0.0046,15,17.25,01/18/2026 15:08:04 GMT,01/19/2026 02:16:09 GMT,2026-01-18T15:08:04.394Z,2026-01-19T02:16:09.919Z,8+ Amen Thompson - Rebounds New Orleans Pelicans at Houston Rockets,,Basketball,NBA
26025278000059605,Fanatics,straight,SETTLED_WIN,1.8695652173913042,1.8771929824561404,-0.0041,30,26.09,01/18/2026 13:18:50 GMT,01/19/2026 02:14:01 GMT,2026-01-18T13:18:50.995Z,2026-01-19T02:14:01.952Z,Over 222.0 Total Points Brooklyn Nets at Chicago Bulls,,Basketball,NBA
019bd142-805b-7252-b868-72e155f23bc6,Novig,straight,SETTLED_WIN,2.2831050228310503,1.9615384615384617,0.1639,49.9977,64.15,01/18/2026 13:19:17 GMT,01/19/2026 02:05:00 GMT,2026-01-18T13:19:17.700Z,2026-01-19T02:05:00.000Z,Portland Trail Blazers Moneyline Portland Trail Blazers @ Sacramento Kings,,Basketball,NBA
019bd1a4-a37f-7c32-a5e1-f843c0f8efad,Novig,straight,SETTLED_LOSS,1.9801980198019802,2.05,-0.0340,19.998,-20.00,01/18/2026 15:06:32 GMT,01/19/2026 01:05:00 GMT,2026-01-18T15:06:32.626Z,2026-01-19T01:05:00.000Z,Over 4.5 LaMelo Ball REBOUNDS Charlotte Hornets @ Denver Nuggets,,Basketball,NBA
019bd142-53ae-78e1-9838-92972369437a,Novig,straight,SETTLED_LOSS,1.9230769230769231,2.2199999999999998,-0.1337,69.9972,-70.00,01/18/2026 13:19:10 GMT,01/19/2026 01:05:00 GMT,2026-01-18T13:19:10.011Z,2026-01-19T01:05:00.000Z,Denver Nuggets Moneyline Charlotte Hornets @ Denver Nuggets,,Basketball,NBA
019bd1a7-2c6e-7c06-a70b-38a9fa1a8c10,Novig,straight,SETTLED_LOSS,2.347417840375587,2.44,-0.0379,14.99946,-15.00,01/18/2026 15:09:17 GMT,01/19/2026 00:05:00 GMT,2026-01-18T15:09:17.378Z,2026-01-19T00:05:00.000Z,Over 7.5 Derik Queen REBOUNDS New Orleans Pelicans @ Houston Rockets,,Basketball,NBA
019bd142-335e-7629-95bf-b84e3e79d74b,Novig,straight,SETTLED_WIN,1.9267822736030826,1.9523809523809523,-0.0131,59.9964,55.60,01/18/2026 13:18:58 GMT,01/19/2026 00:05:00 GMT,2026-01-18T13:18:58.956Z,2026-01-19T00:05:00.000Z,away +13.5 Spread New Orleans Pelicans @ Houston Rockets,,Basketball,NBA
26025389000079905,Fanatics,straight,SETTLED_VOID,1.7142857142857144,,,20,0.00,01/18/2026 15:09:29 GMT,01/18/2026 23:01:44 GMT,2026-01-18T15:09:29.529Z,2026-01-18T23:01:44.140Z,5+ Tari Eason - Rebounds New Orleans Pelicans at Houston Rockets,,Basketball,NBA
O/0003172/0003955,Fanduel Sportsbook,straight,SETTLED_LOSS,1.7142857142857144,1.8,-0.0476,15,-15.00,01/18/2026 15:06:54 GMT,01/18/2026 19:45:16 GMT,2026-01-18T15:06:54.000Z,2026-01-18T19:45:16.000Z,Cedric Coward To Record 6+ Rebounds Orlando Magic @ Memphis Grizzlies,,Basketball,NBA
26025388000079805,Fanatics,straight,SETTLED_LOSS,1.9523809523809523,2.1399999999999997,-0.0877,20,-20.00,01/18/2026 15:08:58 GMT,01/18/2026 19:40:55 GMT,2026-01-18T15:08:58.571Z,2026-01-18T19:40:55.349Z,3+ Cam Spencer - Rebounds Orlando Magic at Memphis Grizzlies,,Basketball,NBA
PlacedBet:iOIYjEaPlr/iaU5VrjORpDkxJMY=,theScore Bet,parlay,SETTLED_LOSS,8.2875,,,7.5,-7.50,01/18/2026 15:04:26 GMT,01/18/2026 19:39:47 GMT,2026-01-18T15:04:26.167Z,2026-01-18T19:39:47.850Z,Over 2.5 Cam Spencer Total Rebounds Orlando Magic @ Memphis Grizzlies | Over 7.5 Jock Landale Total Rebounds Orlando Magic @ Memphis Grizzlies | MEM Grizzlies Moneyline Orlando Magic @ Memphis Grizzlies,,Basketball,NBA
019bd1a4-d925-7087-ae91-e958c302158b,Novig,straight,SETTLED_LOSS,1.9013536517792313,1.8849557522123894,0.0087,19.99628,-20.00,01/18/2026 15:06:43 GMT,01/18/2026 17:05:00 GMT,2026-01-18T15:06:43.573Z,2026-01-18T17:05:00.000Z,Over 8.5 Paolo Banchero REBOUNDS Orlando Magic @ Memphis Grizzlies,,Basketball,NBA
019bd1a5-6304-7622-9d91-8f206c413895,Novig,straight,SETTLED_LOSS,1.742160278745645,1.8333333333333335,-0.0497,19.99816,-20.00,01/18/2026 15:07:19 GMT,01/18/2026 17:05:00 GMT,2026-01-18T15:07:19.694Z,2026-01-18T17:05:00.000Z,Over 2.5 Jaylen Wells REBOUNDS Orlando Magic @ Memphis Grizzlies,,Basketball,NBA
019bd1a7-0972-74fa-b966-f36ba539131c,Novig,straight,SETTLED_WIN,2.150537634408602,2.92,-0.2635,14.99625,17.25,01/18/2026 15:09:07 GMT,01/18/2026 17:05:00 GMT,2026-01-18T15:09:07.706Z,2026-01-18T17:05:00.000Z,Over 7.5 Jock Landale REBOUNDS Orlando Magic @ Memphis Grizzlies,,Basketball,NBA
019bd141-b063-79f4-a7e2-4a31504172c2,Novig,straight,SETTLED_WIN,2.029776184572821,1.9174311926605505,0.0586,49.99566,51.48,01/18/2026 13:18:27 GMT,01/18/2026 17:05:00 GMT,2026-01-18T13:18:27.752Z,2026-01-18T17:05:00.000Z,home +3.5 Spread Orlando Magic @ Memphis Grizzlies,,Basketball,NBA
O/0003172/0003948,Fanduel Sportsbook,straight,SETTLED_WIN,1.819672131147541,1.617283950617284,0.1251,48,39.34,01/17/2026 14:14:54 GMT,01/18/2026 04:25:10 GMT,2026-01-17T14:14:54.000Z,2026-01-18T04:25:10.000Z,Washington Wizards +13.5 Alternate Spread Washington Wizards @ Denver Nuggets,,Basketball,NBA
8bfda6f0-f3b2-11f0-8886-bb64e45c9fa8,Caesars Sportsbook,parlay,SETTLED_LOSS,11.2,,,7.5,-7.50,01/17/2026 14:41:02 GMT,01/18/2026 04:03:13 GMT,2026-01-17T14:41:02.687Z,2026-01-18T04:03:13.562Z,Under 3.5 Stephen Curry - Total Rebounds Charlotte Hornets at Golden State Warriors | Charlotte Hornets Money Line Charlotte Hornets at Golden State Warriors | Over 3.5 Brandin Podziemski - Total Rebounds Charlotte Hornets at Golden State Warriors,,Basketball,NBA
639042573776940945,Draftkings Sportsbook,straight,SETTLED_WIN,1.9523809523809523,1.9090909090909092,0.0227,20,19.04,01/17/2026 14:36:17 GMT,01/18/2026 03:50:28 GMT,2026-01-17T14:36:17.667Z,2026-01-18T03:50:28.584Z,Under 3.5 Pelle Larsson Rebounds O/U OKC Thunder @ MIA Heat,,Basketball,NBA
26023913000079805,Fanatics,straight,SETTLED_WIN,1.8695652173913042,1.6756756756756757,0.1157,20,17.39,01/17/2026 14:33:43 GMT,01/18/2026 03:46:04 GMT,2026-01-17T14:33:43.341Z,2026-01-18T03:46:04.666Z,4+ Brandin Podziemski - Rebounds Charlotte Hornets at Golden State Warriors,,Basketball,NBA
O/0003172/0003953,Fanduel Sportsbook,parlay,SETTLED_LOSS,5.41,,,10,-10.00,01/17/2026 14:39:14 GMT,01/18/2026 03:44:23 GMT,2026-01-17T14:39:14.000Z,2026-01-18T03:44:23.000Z,De'Aaron Fox To Record 4+ Rebounds Minnesota Timberwolves @ San Antonio Spurs | San Antonio Spurs Moneyline Minnesota Timberwolves @ San Antonio Spurs | Julius Randle Over 6.5 Julius Randle - Rebounds Minnesota Timberwolves @ San Antonio Spurs,,Basketball,NBA
O/0003172/0003952,Fanduel Sportsbook,straight,SETTLED_LOSS,1.78125,1.7407407407407407,0.0233,15,-15.00,01/17/2026 14:37:38 GMT,01/18/2026 03:44:23 GMT,2026-01-17T14:37:38.000Z,2026-01-18T03:44:23.000Z,De'Aaron Fox To Record 4+ Rebounds Minnesota Timberwolves @ San Antonio Spurs,,Basketball,NBA
26023910000099405,Fanatics,parlay,SETTLED_LOSS,4.08,,,10,-10.00,01/17/2026 14:30:54 GMT,01/18/2026 03:43:56 GMT,2026-01-17T14:30:54.332Z,2026-01-18T03:43:56.970Z,Oklahoma City Thunder Money Line Oklahoma City Thunder at Miami Heat | Under 3.5 Pelle Larsson - Rebounds OU Oklahoma City Thunder at Miami Heat | 3+ Cason Wallace - Rebounds Oklahoma City Thunder at Miami Heat,,Basketball,NBA
639042574196301851,Draftkings Sportsbook,straight,SETTLED_LOSS,2.05,1.8333333333333335,0.1182,15,-15.00,01/17/2026 14:36:59 GMT,01/18/2026 03:25:11 GMT,2026-01-17T14:36:59.712Z,2026-01-18T03:25:11.807Z,Under 3.5 Devin Booker Rebounds O/U PHO Suns @ NY Knicks,,Basketball,NBA
O/0003172/0003950,Fanduel Sportsbook,straight,SETTLED_WIN,1.8771929824561404,1.847457627118644,0.0161,15,13.16,01/17/2026 14:33:34 GMT,01/18/2026 03:23:41 GMT,2026-01-17T14:33:34.000Z,2026-01-18T03:23:41.000Z,Alex Caruso Over 2.5 Alex Caruso - Rebounds Oklahoma City Thunder @ Miami Heat,,Basketball,NBA
20DY2MTT3J,BetMGM,straight,SETTLED_LOSS,1.8,2.25,-0.2000,25,-25.00,01/17/2026 14:13:30 GMT,01/18/2026 03:18:38 GMT,2026-01-17T14:13:30.430Z,2026-01-18T03:18:38.027Z,Indiana Pacers +13.5 Spread Indiana Pacers at Detroit Pistons,,Basketball,NBA
20DY2MTD8M,BetMGM,straight,SETTLED_LOSS,1.9523809523809523,2.25,-0.1323,20,-20.00,01/17/2026 14:13:21 GMT,01/18/2026 03:18:38 GMT,2026-01-17T14:13:21.163Z,2026-01-18T03:18:38.027Z,Indiana Pacers +13.5 Spread Indiana Pacers at Detroit Pistons,,Basketball,NBA
20DY3B6PDZ,BetMGM,straight,SETTLED_LOSS,2.05,2.2800000000000002,-0.1009,20,-20.00,01/17/2026 14:35:28 GMT,01/18/2026 03:18:38 GMT,2026-01-17T14:35:28.253Z,2026-01-18T03:18:38.026Z,Under 2.5 Quinten Post (GSW): Rebounds Charlotte Hornets at Golden State Warriors,,Basketball,NBA
20DY3CC773,BetMGM,straight,SETTLED_WIN,1.9090909090909092,2,-0.0455,15,13.64,01/17/2026 14:36:48 GMT,01/18/2026 03:18:38 GMT,2026-01-17T14:36:48.240Z,2026-01-18T03:18:38.025Z,Over 3.5 Luguentz Dort (OKC) : Rebounds Oklahoma City Thunder at Miami Heat,,Basketball,NBA
20DY3DG8D8,BetMGM,straight,SETTLED_WIN,1.9523809523809523,1.423728813559322,0.3713,20,19.05,01/17/2026 14:37:52 GMT,01/18/2026 03:18:38 GMT,2026-01-17T14:37:52.660Z,2026-01-18T03:18:38.025Z,Over 4.5 Johnny Furphy (IND): Rebounds Indiana Pacers at Detroit Pistons,,Basketball,NBA
26023916000049405,Fanatics,straight,SETTLED_WIN,2,1.9090909090909092,0.0476,20,20.00,01/17/2026 14:36:25 GMT,01/18/2026 03:14:55 GMT,2026-01-17T14:36:25.710Z,2026-01-18T03:14:55.444Z,5+ Royce O'Neale - Rebounds Phoenix Suns at New York Knicks,,Basketball,NBA
639042577065279621,Draftkings Sportsbook,parlay,SETTLED_LOSS,5.95,,,10,-10.00,01/17/2026 14:41:47 GMT,01/18/2026 03:14:10 GMT,2026-01-17T14:41:47.034Z,2026-01-18T03:14:10.536Z,Under 3.5 Devin Booker Rebounds O/U PHO Suns @ NY Knicks | NY Knicks Moneyline PHO Suns @ NY Knicks | Over 4.5 Royce O'Neale Rebounds O/U PHO Suns @ NY Knicks,,Basketball,NBA
26023917000039405,Fanatics,straight,SETTLED_WIN,1.7692307692307692,1.526315789473684,0.1592,20,15.38,01/17/2026 14:37:20 GMT,01/18/2026 03:06:51 GMT,2026-01-17T14:37:20.930Z,2026-01-18T03:06:51.116Z,7+ Julius Randle - Rebounds Minnesota Timberwolves at San Antonio Spurs,,Basketball,NBA
019bcc60-85d1-7e2f-ae97-dc692c59dff0,Novig,straight,SETTLED_WIN,1.9267822736030829,1.5714285714285714,0.2261,19.99707,18.53,01/17/2026 14:34:03 GMT,01/18/2026 03:05:00 GMT,2026-01-17T14:34:03.293Z,2026-01-18T03:05:00.000Z,Over 6.5 LeBron James REBOUNDS Los Angeles Lakers @ Portland Trail Blazers,,Basketball,NBA
26023912000089705,Fanatics,straight,SETTLED_LOSS,2.1,1.3703703703703702,0.5324,20,-20.00,01/17/2026 14:32:58 GMT,01/18/2026 03:04:45 GMT,2026-01-17T14:32:58.732Z,2026-01-18T03:04:45.916Z,3+ Ben Sheppard - Rebounds Indiana Pacers at Detroit Pistons,,Basketball,NBA
PlacedBet:Zk0FojkL+WhQF/IpW0HuuxNmHts=,theScore Bet,parlay,SETTLED_LOSS,4.703333333333333,,,15,-15.00,01/17/2026 14:32:18 GMT,01/18/2026 02:59:29 GMT,2026-01-17T14:32:18.732Z,2026-01-18T02:59:29.937Z,DET Pistons Moneyline Indiana Pacers @ Detroit Pistons | Over 2.5 Ben Sheppard Total Rebounds Indiana Pacers @ Detroit Pistons | Over 6.5 Pascal Siakam Total Rebounds Indiana Pacers @ Detroit Pistons,,Basketball,NBA
PlacedBet:Pw24hY4l+lKDSXn68UDs5s/6Rok=,theScore Bet,straight,SETTLED_WIN,2,1.847457627118644,0.0826,20,20.00,01/17/2026 14:34:40 GMT,01/18/2026 02:59:14 GMT,2026-01-17T14:34:40.428Z,2026-01-18T02:59:14.678Z,Under 11.5 Jalen Duren Total Rebounds Indiana Pacers @ Detroit Pistons,,Basketball,NBA
26023915000079405,Fanatics,straight,SETTLED_VOID,1.7142857142857144,,,20,0.00,01/17/2026 14:35:38 GMT,01/18/2026 02:27:52 GMT,2026-01-17T14:35:38.693Z,2026-01-18T02:27:52.182Z,6+ Naz Reid - Rebounds Minnesota Timberwolves at San Antonio Spurs,,Basketball,NBA
20DY3DDHG4,BetMGM,straight,SETTLED_WIN,1.847457627118644,1.7194244604316546,0.0745,15,12.71,01/17/2026 14:37:11 GMT,01/18/2026 01:42:01 GMT,2026-01-17T14:37:11.610Z,2026-01-18T01:42:01.859Z,Over 2.5 Cason Wallace (OKC) : Rebounds Oklahoma City Thunder at Miami Heat,,Basketball,NBA
019bcc5f-ed7e-7888-88c5-1d3be3036750,Novig,straight,SETTLED_WIN,1.7985611510791366,1.8620689655172413,-0.0341,19.99932,15.97,01/17/2026 14:33:21 GMT,01/18/2026 01:35:00 GMT,2026-01-17T14:33:21.825Z,2026-01-18T01:35:00.000Z,Under 3.5 Stephen Curry REBOUNDS Charlotte Hornets @ Golden State Warriors,,Basketball,NBA
019bcc4e-4858-7440-8002-20c5fa0983af,Novig,straight,SETTLED_LOSS,3.344481605351171,3.4,-0.0163,24.99939,-25.00,01/17/2026 14:14:08 GMT,01/18/2026 01:35:00 GMT,2026-01-17T14:14:08.613Z,2026-01-18T01:35:00.000Z,Charlotte Hornets Moneyline Charlotte Hornets @ Golden State Warriors,,Basketball,NBA
O/0003172/0003120,Fanduel Sportsbook,straight,SETTLED_LOSS,8,,,15,-15.00,08/26/2025 13:57:22 GMT,01/18/2026 01:15:53 GMT,2025-08-26T13:57:22.000Z,2026-01-18T01:15:53.000Z,Buffalo Bills Super Bowl LX Winner NFL Futures 2025-26,,American Football,NFL
019bcc5f-c3a4-707f-b533-1f94abb296cf,Novig,straight,SETTLED_WIN,1.8348623853211008,1.5714285714285714,0.1676,19.99605,16.69,01/17/2026 14:33:11 GMT,01/18/2026 01:05:00 GMT,2026-01-17T14:33:11.977Z,2026-01-18T01:05:00.000Z,Over 4.5 Jaden McDaniels REBOUNDS Minnesota Timberwolves @ San Antonio Spurs,,Basketball,NBA
019bcc61-48d1-75e3-bc40-9fbaa025fc56,Novig,straight,SETTLED_LOSS,2.0703933747412004,2.2800000000000002,-0.0919,19.9962,-20.00,01/17/2026 14:34:49 GMT,01/18/2026 00:35:00 GMT,2026-01-17T14:34:49.421Z,2026-01-18T00:35:00.000Z,Under 4.5 Tobias Harris REBOUNDS Indiana Pacers @ Detroit Pistons,,Basketball,NBA
019bcc4c-876e-72b6-a022-19c53beabb3f,Novig,straight,SETTLED_WIN,1.680672268907563,1.625,0.0343,59.9998,40.84,01/17/2026 14:12:13 GMT,01/18/2026 00:35:00 GMT,2026-01-17T14:12:13.525Z,2026-01-18T00:35:00.000Z,Boston Celtics Moneyline Boston Celtics @ Atlanta Hawks,,Basketball,NBA
019bcc4e-00ca-73e1-9b2b-613fb2e79c84,Novig,straight,SETTLED_LOSS,1.8975332068311195,2,-0.0512,34.99807,-35.00,01/17/2026 14:13:47 GMT,01/18/2026 00:35:00 GMT,2026-01-17T14:13:47.224Z,2026-01-18T00:35:00.000Z,Over 224.5 Total Phoenix Suns @ New York Knicks,,Basketball,NBA
7834a650-f3b2-11f0-aeae-e58c3c6d29fe,Caesars Sportsbook,parlay,SETTLED_WIN,1.8,,,15,12.00,01/17/2026 14:40:29 GMT,01/18/2026 00:23:44 GMT,2026-01-17T14:40:29.493Z,2026-01-18T00:23:44.079Z,Over 10.5 Jusuf Nurkic - Total Rebounds Utah Jazz at Dallas Mavericks | Under 7.5 PJ Washington - Total Rebounds Utah Jazz at Dallas Mavericks | Dallas Mavericks Money Line Utah Jazz at Dallas Mavericks,,Basketball,NBA
O/0003172/0003951,Fanduel Sportsbook,straight,SETTLED_VOID,1.8771929824561404,,,15,0.00,01/17/2026 14:33:51 GMT,01/18/2026 00:21:32 GMT,2026-01-17T14:33:51.000Z,2026-01-18T00:21:32.000Z,Jusuf Nurkic Over 10.5 Jusuf Nurkic - Rebounds Utah Jazz @ Dallas Mavericks,,Basketball,NBA
26023891000059605,Fanatics,straight,SETTLED_LOSS,1.7692307692307692,1.8,-0.0171,30,-30.00,01/17/2026 14:11:38 GMT,01/18/2026 00:11:49 GMT,2026-01-17T14:11:38.547Z,2026-01-18T00:11:49.386Z,Under 243.0 Total Points Utah Jazz at Dallas Mavericks,,Basketball,NBA
639042573955983316,Draftkings Sportsbook,straight,SETTLED_VOID,2.06,,,20,0.00,01/17/2026 14:36:35 GMT,01/17/2026 22:13:43 GMT,2026-01-17T14:36:35.276Z,2026-01-17T22:13:43.210Z,Under 7.5 P.J. Washington Rebounds O/U UTA Jazz @ DAL Mavericks,,Basketball,NBA
019bcc4b-1157-7d1c-818c-48a0fddc893e,Novig,straight,SETTLED_WIN,1.6750418760469012,1.6578947368421053,0.0103,54.99564,37.12,01/17/2026 14:10:49 GMT,01/17/2026 22:05:00 GMT,2026-01-17T14:10:49.232Z,2026-01-17T22:05:00.000Z,Dallas Mavericks Moneyline Utah Jazz @ Dallas Mavericks,,Basketball,NBA
019bcc64-3406-78f5-933c-a1492824e24f,Novig,straight,SETTLED_VOID,1.9083969465648851,,,19.99584,0.00,01/17/2026 14:38:00 GMT,01/17/2026 20:57:05 GMT,2026-01-17T14:38:00.726Z,2026-01-17T20:57:05.392Z,Over 6.5 Pascal Siakam REBOUNDS Indiana Pacers @ Detroit Pistons,,Basketball,NBA
019bcc60-ebd4-7102-a0e0-f6a71cad6a80,Novig,straight,SETTLED_VOID,1.7452006980802792,,,19.9977,0.00,01/17/2026 14:34:26 GMT,01/17/2026 20:57:05 GMT,2026-01-17T14:34:26.157Z,2026-01-17T20:57:05.392Z,Over 2.5 Andrew Nembhard REBOUNDS Indiana Pacers @ Detroit Pistons,,Basketball,NBA
c55bae70-ecae-11f0-be9a-b5ef56cdb1d1,Caesars Sportsbook,straight,SETTLED_LOSS,1.71429,1.5952380952380953,0.0746,40,-40.00,01/08/2026 16:26:22 GMT,01/17/2026 16:59:03 GMT,2026-01-08T16:26:22.807Z,2026-01-17T16:59:03.788Z,Yes Both Teams To Score Chelsea vs Brentford,,Soccer,English Premier League
bfbdb170-ecae-11f0-b3ea-b1118fee35b2,Caesars Sportsbook,straight,SETTLED_LOSS,1.86957,1.7407407407407407,0.0740,30,-30.00,01/08/2026 16:26:13 GMT,01/17/2026 16:57:46 GMT,2026-01-08T16:26:13.383Z,2026-01-17T16:57:46.375Z,Yes Both Teams To Score Leeds vs Fulham,,Soccer,English Premier League
O/0003172/0003949,Fanduel Sportsbook,parlay,SETTLED_LOSS,6.02,5.345997697910957,0.1261,20,-20.00,01/17/2026 14:15:49 GMT,01/17/2026 15:33:48 GMT,2026-01-17T14:15:49.000Z,2026-01-17T15:33:48.000Z,No Both Teams To Score Sunderland v Crystal Palace | Yes Both Teams To Score Chelsea v Brentford | Yes Both Teams To Score Leeds v Fulham,,Soccer,English Premier League
26011066000019705,Fanatics,straight,SETTLED_LOSS,1.9090909090909092,1.925925925925926,-0.0087,30,-30.00,01/08/2026 16:26:05 GMT,01/17/2026 15:33:39 GMT,2026-01-08T16:26:05.139Z,2026-01-17T15:33:39.008Z,No Both Teams to Score Sunderland vs Crystal Palace,,Soccer,English Premier League
20DHHSMWD2,BetMGM,parlay,SETTLED_LOSS,9.96,7.809591107086513,0.2754,10,-10.00,01/08/2026 16:25:54 GMT,01/17/2026 14:42:10 GMT,2026-01-08T16:25:54.077Z,2026-01-17T14:42:10.858Z,Yes Both teams to score Manchester United - Manchester City | Yes Both teams to score Chelsea - Brentford | No Both teams to score Sunderland AFC - Crystal Palace | Yes Both teams to score Leeds - Fulham,,Soccer,English Premier League
5e5cf3a0-ecae-11f0-b324-e522f1d4cad6,Caesars Sportsbook,straight,SETTLED_LOSS,1.55556,1.4608294930875576,0.0648,40,-40.00,01/08/2026 16:23:30 GMT,01/17/2026 14:27:23 GMT,2026-01-08T16:23:30.010Z,2026-01-17T14:27:23.681Z,Yes Both Teams To Score Man Utd vs Man City,,Soccer,English Premier League
O/0003172/0003947,Fanduel Sportsbook,straight,SETTLED_LOSS,2.12,2.26,-0.0619,15,-15.00,01/16/2026 13:50:43 GMT,01/17/2026 05:50:41 GMT,2026-01-16T13:50:43.000Z,2026-01-17T05:50:41.000Z,Domantas Sabonis To Record 10+ Rebounds Washington Wizards @ Sacramento Kings,,Basketball,NBA
da183450-f2e4-11f0-be9a-b5ef56cdb1d1,Caesars Sportsbook,parlay,SETTLED_WIN,11.5,,,10,105.00,01/16/2026 14:08:37 GMT,01/17/2026 05:37:13 GMT,2026-01-16T14:08:37.397Z,2026-01-17T05:37:13.763Z,Houston Rockets Money Line Minnesota Timberwolves at Houston Rockets | Over 5.5 Naz Reid - Total Rebounds Minnesota Timberwolves at Houston Rockets | Under 14.5 Donte DiVincenzo - Total Points Minnesota Timberwolves at Houston Rockets,,Basketball,NBA
26022428000029405,Fanatics,straight,SETTLED_LOSS,1.9523809523809523,1.9523809523809523,,20,-20.00,01/16/2026 13:48:49 GMT,01/17/2026 05:34:33 GMT,2026-01-16T13:48:49.076Z,2026-01-17T05:34:33.021Z,6+ Kevin Durant - Rebounds Minnesota Timberwolves at Houston Rockets,,Basketball,NBA
639041408884482060,Draftkings Sportsbook,straight,SETTLED_LOSS,1.8695652173913042,1.925925925925926,-0.0293,55,-55.00,01/16/2026 06:14:49 GMT,01/17/2026 05:32:33 GMT,2026-01-16T06:14:49.327Z,2026-01-17T05:32:33.836Z,WAS Wizards +7.5 Spread WAS Wizards @ SAC Kings,,Basketball,NBA
O/0003172/0003946,Fanduel Sportsbook,straight,SETTLED_WIN,2.3,2.1,0.0952,15,19.50,01/16/2026 13:50:30 GMT,01/17/2026 03:58:33 GMT,2026-01-16T13:50:30.000Z,2026-01-17T03:58:33.000Z,Naz Reid To Record 6+ Rebounds Minnesota Timberwolves @ Houston Rockets,,Basketball,NBA
26022430000019605,Fanatics,straight,SETTLED_VOID,1.8695652173913042,,,15,0.00,01/16/2026 13:50:04 GMT,01/17/2026 03:23:54 GMT,2026-01-16T13:50:04.651Z,2026-01-17T03:23:54.035Z,6+ John Collins - Rebounds Los Angeles Clippers at Toronto Raptors,,Basketball,NBA
639041695449810734,Draftkings Sportsbook,parlay,SETTLED_LOSS,3.9,,,10,-10.00,01/16/2026 14:12:23 GMT,01/17/2026 03:20:19 GMT,2026-01-16T14:12:23.874Z,2026-01-17T03:20:19.414Z,TOR Raptors Moneyline LA Clippers @ TOR Raptors | Under 5.5 Kawhi Leonard Rebounds O/U LA Clippers @ TOR Raptors | Under 4.5 James Harden Rebounds O/U LA Clippers @ TOR Raptors,,Basketball,NBA
O/0003172/0003945,Fanduel Sportsbook,straight,SETTLED_LOSS,2.1399999999999997,1.7692307692307692,0.2096,55,-55.00,01/16/2026 06:13:11 GMT,01/17/2026 03:17:51 GMT,2026-01-16T06:13:11.000Z,2026-01-17T03:17:51.000Z,Toronto Raptors Moneyline Los Angeles Clippers @ Toronto Raptors,,Basketball,NBA
54183702-70a2-4de7-8a38-74c266e3ada0,Novig,parlay,SETTLED_WIN,5.524861878453039,,,10,45.25,01/16/2026 14:09:42 GMT,01/17/2026 03:05:00 GMT,2026-01-16T14:09:42.981Z,2026-01-17T03:05:00.000Z,Under 6.5 Russell Westbrook REBOUNDS Washington Wizards @ Sacramento Kings | Under 7.5 Alexandre Sarr REBOUNDS Washington Wizards @ Sacramento Kings | Sacramento Kings Moneyline Washington Wizards @ Sacramento Kings,,Basketball,NBA
019bc704-ccb4-7e4c-b6bb-6665b47343c3,Novig,straight,SETTLED_LOSS,3.322259136212624,3.3594880000000003,-0.0111,12.24769,-12.25,01/16/2026 13:35:49 GMT,01/17/2026 03:05:00 GMT,2026-01-16T13:35:49.641Z,2026-01-17T03:05:00.000Z,Washington Wizards Moneyline Washington Wizards @ Sacramento Kings,,Basketball,NBA
26022430000029905,Fanatics,straight,SETTLED_WIN,2.1,2.2,-0.0455,15,16.50,01/16/2026 13:50:52 GMT,01/17/2026 02:59:35 GMT,2026-01-16T13:50:52.845Z,2026-01-17T02:59:35.490Z,11+ Ivica Zubac - Rebounds Los Angeles Clippers at Toronto Raptors,,Basketball,NBA
639041408263526885,Draftkings Sportsbook,straight,SETTLED_WIN,1.9523809523809523,2.23,-0.1245,30,28.57,01/16/2026 06:13:45 GMT,01/17/2026 02:54:28 GMT,2026-01-16T06:13:45.995Z,2026-01-17T02:54:28.716Z,Over 216.5 Total LA Clippers @ TOR Raptors,,Basketball,NBA
639041682768066789,Draftkings Sportsbook,straight,SETTLED_LOSS,1.847457627118644,1.8849557522123894,-0.0199,20,-20.00,01/16/2026 13:51:17 GMT,01/17/2026 02:45:04 GMT,2026-01-16T13:51:17.549Z,2026-01-17T02:45:04.713Z,Over 8.5 Jarrett Allen Rebounds O/U CLE Cavaliers @ PHI 76ers,,Basketball,NBA
26022429000019405,Fanatics,straight,SETTLED_VOID,1.8695652173913042,,,15,0.00,01/16/2026 13:49:26 GMT,01/17/2026 02:43:07 GMT,2026-01-16T13:49:26.417Z,2026-01-17T02:43:07.275Z,5+ Andre Drummond - Rebounds Cleveland Cavaliers at Philadelphia 76ers,,Basketball,NBA
PlacedBet:hC26EJzknSUxIcAEZ8SvwAKA7GY=,theScore Bet,parlay,SETTLED_LOSS,5.837,,,10,-10.00,01/16/2026 14:10:57 GMT,01/17/2026 02:39:51 GMT,2026-01-16T14:10:57.726Z,2026-01-17T02:39:51.144Z,PHI 76ers Moneyline Cleveland Cavaliers @ Philadelphia 76ers | Over 4.5 Andre Drummond Total Rebounds Cleveland Cavaliers @ Philadelphia 76ers | Under 5.5 Jaylon Tyson Total Rebounds Cleveland Cavaliers @ Philadelphia 76ers,,Basketball,NBA
019bc570-d05c-758d-b016-dcdd54bbc4a5,Novig,straight,SETTLED_LOSS,1.8832391713747645,1.9174311926605505,-0.0178,34.99821,-35.00,01/16/2026 06:14:28 GMT,01/17/2026 02:35:00 GMT,2026-01-16T06:14:28.513Z,2026-01-17T02:35:00.000Z,Over 221.5 Total Minnesota Timberwolves @ Houston Rockets,,Basketball,NBA
019bc570-759d-79d3-b2b4-4420250e5364,Novig,straight,SETTLED_WIN,1.6666666666666667,1.6575974025974025,0.0055,60,40.00,01/16/2026 06:14:08 GMT,01/17/2026 02:35:00 GMT,2026-01-16T06:14:08.281Z,2026-01-17T02:35:00.000Z,Houston Rockets Moneyline Minnesota Timberwolves @ Houston Rockets,,Basketball,NBA
26022453000019505,Fanatics,parlay,SETTLED_WIN,8.75,,,10,77.50,01/16/2026 14:13:02 GMT,01/17/2026 02:26:48 GMT,2026-01-16T14:13:02.592Z,2026-01-17T02:26:48.736Z,Indiana Pacers Money Line New Orleans Pelicans at Indiana Pacers | 9+ Derik Queen - Rebounds New Orleans Pelicans at Indiana Pacers | Under 3.5 Jarace Walker - Rebounds OU New Orleans Pelicans at Indiana Pacers,,Basketball,NBA
019bc56f-21a1-71e1-8f1f-67357467ad5d,Novig,straight,SETTLED_WIN,1.8832391713747645,1.9407028742726151,-0.0296,59.99769,52.99,01/16/2026 06:12:38 GMT,01/17/2026 00:35:00 GMT,2026-01-16T06:12:38.673Z,2026-01-17T00:35:00.000Z,Brooklyn Nets Moneyline Chicago Bulls @ Brooklyn Nets,,Basketball,NBA
e4bab370-f2a2-11f0-b3ea-b1118fee35b2,Caesars Sportsbook,parlay,SETTLED_LOSS,13.663,9.916943188796422,0.3777,10,-10.00,01/16/2026 06:16:28 GMT,01/17/2026 00:10:00 GMT,2026-01-16T06:16:28.455Z,2026-01-17T00:10:00.000Z,Philadelphia 76ers Money Line Cleveland Cavaliers at Philadelphia 76ers | Toronto Raptors Money Line Los Angeles Clippers at Toronto Raptors | Brooklyn Nets Money Line Chicago Bulls at Brooklyn Nets | Houston Rockets Money Line Minnesota Timberwolves at Houston Rockets,,Basketball,NBA
019bc711-7ef3-7b48-b423-a276748f6bb6,Novig,straight,SETTLED_LOSS,2.100840336134454,2.19,-0.0407,16.99796,-17.00,01/16/2026 13:49:35 GMT,01/17/2026 00:05:00 GMT,2026-01-16T13:49:35.399Z,2026-01-17T00:05:00.000Z,Over 6.5 Yves Missi REBOUNDS New Orleans Pelicans @ Indiana Pacers,,Basketball,NBA
019bc711-bf4c-775f-8c10-47e3203b90bd,Novig,straight,SETTLED_LOSS,2.150537634408602,2.1,0.0241,9.9975,-10.00,01/16/2026 13:49:54 GMT,01/17/2026 00:05:00 GMT,2026-01-16T13:49:54.279Z,2026-01-17T00:05:00.000Z,Over 5.5 Johnny Furphy REBOUNDS New Orleans Pelicans @ Indiana Pacers,,Basketball,NBA
019bc710-fb86-7c6d-96b3-b836a5d6e50a,Novig,straight,SETTLED_WIN,2.197802197802198,2.2199999999999998,-0.0100,14.9968,17.96,01/16/2026 13:49:06 GMT,01/17/2026 00:05:00 GMT,2026-01-16T13:49:06.128Z,2026-01-17T00:05:00.000Z,Over 8.5 Derik Queen REBOUNDS New Orleans Pelicans @ Indiana Pacers,,Basketball,NBA
019bc712-1418-7d9f-a7ff-951b38a1749c,Novig,straight,SETTLED_LOSS,2.0781911935898103,2.15,-0.0334,14.99862,-15.00,01/16/2026 13:50:13 GMT,01/17/2026 00:05:00 GMT,2026-01-16T13:50:13.513Z,2026-01-17T00:05:00.000Z,Over 5.5 Jaylon Tyson REBOUNDS Cleveland Cavaliers @ Philadelphia 76ers,,Basketball,NBA
019bc56e-9178-7345-9782-51b37100e93d,Novig,straight,SETTLED_LOSS,1.9011406844106464,2.13,-0.1074,34.99478,-34.99,01/16/2026 06:12:00 GMT,01/17/2026 00:05:00 GMT,2026-01-16T06:12:00.799Z,2026-01-17T00:05:00.000Z,Under 239.5 Total New Orleans Pelicans @ Indiana Pacers,,Basketball,NBA
019bc56e-d81c-7dda-abec-d582e45f717e,Novig,straight,SETTLED_LOSS,1.8518518518518519,1.7599775010044194,0.0522,59.9994,-60.00,01/16/2026 06:12:20 GMT,01/17/2026 00:05:00 GMT,2026-01-16T06:12:20.363Z,2026-01-17T00:05:00.000Z,Philadelphia 76ers Moneyline Cleveland Cavaliers @ Philadelphia 76ers,,Basketball,NBA
20DUB619MD,BetMGM,straight,SETTLED_LOSS,2.56,2.95,-0.1322,15,-15.00,01/15/2026 15:34:56 GMT,01/16/2026 06:04:44 GMT,2026-01-15T15:34:56.670Z,2026-01-16T06:04:44.555Z,Over 3.5 Jerami Grant (POR) : Rebounds Atlanta Hawks at Portland Trail Blazers,,Basketball,NBA
26021093000039505,Fanatics,straight,SETTLED_LOSS,2.2,2.12,0.0377,20,-20.00,01/15/2026 15:33:57 GMT,01/16/2026 06:00:48 GMT,2026-01-15T15:33:57.184Z,2026-01-16T06:00:48.121Z,3+ Rui Hachimura - Rebounds Charlotte Hornets at Los Angeles Lakers,,Basketball,NBA
O/0003172/0003942,Fanduel Sportsbook,straight,SETTLED_LOSS,2.02,1.8547008547008548,0.0891,10,-10.00,01/15/2026 15:39:55 GMT,01/16/2026 05:48:46 GMT,2026-01-15T15:39:55.000Z,2026-01-16T05:48:46.000Z,Draymond Green To Record 6+ Rebounds New York Knicks @ Golden State Warriors,,Basketball,NBA
47ffa590-f22a-11f0-8886-bb64e45c9fa8,Caesars Sportsbook,parlay,SETTLED_LOSS,10.75,,,10,-10.00,01/15/2026 15:53:05 GMT,01/16/2026 05:31:19 GMT,2026-01-15T15:53:05.897Z,2026-01-16T05:31:19.772Z,Over 7.5 Onyeka Okongwu - Total Rebounds Atlanta Hawks at Portland Trail Blazers | Portland Trail Blazers Money Line Atlanta Hawks at Portland Trail Blazers | Over 3.5 Jerami Grant - Total Rebounds Atlanta Hawks at Portland Trail Blazers,,Basketball,NBA
PlacedBet:CnKnXIPpv0yuSJoItoCMp18TIAc=,theScore Bet,straight,SETTLED_WIN,1.8,1.6666666666666665,0.0800,10,8.00,01/15/2026 15:44:52 GMT,01/16/2026 05:29:29 GMT,2026-01-15T15:44:52.895Z,2026-01-16T05:29:29.197Z,Over 7.5 Onyeka Okongwu Total Rebounds Atlanta Hawks @ Portland Trail Blazers,,Basketball,NBA
26021100000019605,Fanatics,straight,SETTLED_WIN,2.15,1.9523809523809523,0.1012,10,11.50,01/15/2026 15:40:16 GMT,01/16/2026 04:38:36 GMT,2026-01-15T15:40:16.377Z,2026-01-16T04:38:36.618Z,5+ Kon Knueppel - Rebounds Charlotte Hornets at Los Angeles Lakers,,Basketball,NBA
26021104000019805,Fanatics,straight,SETTLED_WIN,1.8695652173913042,2,-0.0652,20,17.39,01/15/2026 15:44:12 GMT,01/16/2026 04:25:06 GMT,2026-01-15T15:44:12.135Z,2026-01-16T04:25:06.850Z,Over 1.5 Josh Green - Rebounds OU Charlotte Hornets at Los Angeles Lakers,,Basketball,NBA
26021102000029905,Fanatics,straight,SETTLED_WIN,1.8333333333333335,2.1,-0.1270,20,16.67,01/15/2026 15:42:29 GMT,01/16/2026 04:02:43 GMT,2026-01-15T15:42:29.167Z,2026-01-16T04:02:43.045Z,5+ Shaedon Sharpe - Rebounds Atlanta Hawks at Portland Trail Blazers,,Basketball,NBA
26021101000109805,Fanatics,straight,SETTLED_WIN,2.05,2.0300000000000002,0.0099,10,10.50,01/15/2026 15:41:52 GMT,01/16/2026 04:00:43 GMT,2026-01-15T15:41:52.933Z,2026-01-16T04:00:43.264Z,4+ Brandin Podziemski - Rebounds New York Knicks at Golden State Warriors,,Basketball,NBA
26021113000029905,Fanatics,parlay,SETTLED_WIN,1.8849557522123894,,,7.5,6.70,01/15/2026 15:53:53 GMT,01/16/2026 03:49:13 GMT,2026-01-15T15:53:53.613Z,2026-01-16T03:49:13.822Z,Dallas Mavericks Money Line Utah Jazz at Dallas Mavericks | Under 7.5 P.J. Washington Jr. - Rebounds OU Utah Jazz at Dallas Mavericks | Under 6.5 Cooper Flagg - Rebounds OU Utah Jazz at Dallas Mavericks,,Basketball,NBA
639040857501321238,Draftkings Sportsbook,straight,SETTLED_WIN,1.8928571428571428,1.7692307692307692,0.0699,50,44.64,01/15/2026 14:55:50 GMT,01/16/2026 03:48:31 GMT,2026-01-15T14:55:50.171Z,2026-01-16T03:48:31.524Z,DAL Mavericks Moneyline UTA Jazz @ DAL Mavericks,,Basketball,NBA
019bc24f-b590-7a01-818e-617ca5248012,Novig,straight,SETTLED_WIN,1.9342359767891684,1.8,0.0746,19.99756,18.68,01/15/2026 15:39:30 GMT,01/16/2026 03:35:00 GMT,2026-01-15T15:39:30.517Z,2026-01-16T03:35:00.000Z,Over 5.5 LeBron James REBOUNDS Charlotte Hornets @ Los Angeles Lakers,,Basketball,NBA
019bc228-1086-78db-984f-71eec0a6f8ba,Novig,straight,SETTLED_WIN,1.9455252918287937,1.7874015748031495,0.0885,34.99826,33.09,01/15/2026 14:56:07 GMT,01/16/2026 03:35:00 GMT,2026-01-15T14:56:07.136Z,2026-01-16T03:35:00.000Z,away +4.5 Spread Charlotte Hornets @ Los Angeles Lakers,,Basketball,NBA
639040884793407279,Draftkings Sportsbook,straight,SETTLED_WIN,2.2199999999999998,2.3200000000000003,-0.0431,10,12.20,01/15/2026 15:41:19 GMT,01/16/2026 03:34:22 GMT,2026-01-15T15:41:19.501Z,2026-01-16T03:34:22.046Z,Under 2.5 Harrison Barnes Rebounds O/U MIL Bucks @ SA Spurs,,Basketball,NBA
26021105000019705,Fanatics,straight,SETTLED_LOSS,1.7142857142857144,1.8,-0.0476,20,-20.00,01/15/2026 15:45:01 GMT,01/16/2026 03:31:50 GMT,2026-01-15T15:45:01.337Z,2026-01-16T03:31:50.310Z,6+ Luke Kornet - Rebounds Milwaukee Bucks at San Antonio Spurs,,Basketball,NBA
26021104000059605,Fanatics,straight,SETTLED_LOSS,1.8695652173913042,2.16,-0.1345,10,-10.00,01/15/2026 15:44:39 GMT,01/16/2026 03:31:49 GMT,2026-01-15T15:44:39.305Z,2026-01-16T03:31:49.164Z,5+ Myles Turner - Rebounds Milwaukee Bucks at San Antonio Spurs,,Basketball,NBA
26021106000049705,Fanatics,parlay,SETTLED_LOSS,3.2,,,10,-10.00,01/15/2026 15:46:58 GMT,01/16/2026 03:11:38 GMT,2026-01-15T15:46:58.385Z,2026-01-16T03:11:38.239Z,2+ Jalen Duren - Assists Phoenix Suns at Detroit Pistons | Under 3.5 Devin Booker - Rebounds OU Phoenix Suns at Detroit Pistons | 5+ Luka Garza - Rebounds Boston Celtics at Miami Heat | Under 7.5 P.J. Washington Jr. - Rebounds OU Utah Jazz at Dallas Mavericks,,Basketball,NBA
019bc251-c858-72af-bd67-375366c088df,Novig,straight,SETTLED_VOID,2.197802197802198,,,14.9968,0.00,01/15/2026 15:41:43 GMT,01/16/2026 03:05:00 GMT,2026-01-15T15:41:43.017Z,2026-01-16T03:05:00.000Z,Over 8.5 Mitchell Robinson REBOUNDS New York Knicks @ Golden State Warriors,,Basketball,NBA
019bc227-ee9a-75ae-b3f9-9d8d22d0d647,Novig,straight,SETTLED_WIN,2.5125628140703515,2.5450632,-0.0128,49.99676,75.62,01/15/2026 14:55:58 GMT,01/16/2026 03:05:00 GMT,2026-01-15T14:55:58.939Z,2026-01-16T03:05:00.000Z,Portland Trail Blazers Moneyline Atlanta Hawks @ Portland Trail Blazers,,Basketball,NBA
639040852294876535,Draftkings Sportsbook,straight,SETTLED_WIN,1.8,1.7352941176470589,0.0373,60,48.00,01/15/2026 14:47:09 GMT,01/16/2026 03:03:44 GMT,2026-01-15T14:47:09.429Z,2026-01-16T03:03:44.814Z,BOS Celtics Moneyline BOS Celtics @ MIA Heat,,Basketball,NBA
PlacedBet:TIU61yZBw/BWAawW2haDeN7m1kY=,theScore Bet,straight,SETTLED_LOSS,4.1,3.9,0.0513,5,-5.00,01/15/2026 15:56:08 GMT,01/16/2026 02:59:44 GMT,2026-01-15T15:56:08.001Z,2026-01-16T02:59:44.544Z,Yes Amen Thompson To Record A Double Double Oklahoma City Thunder @ Houston Rockets,,Basketball,NBA
O/0003172/0003937,Fanduel Sportsbook,straight,SETTLED_LOSS,2.1399999999999997,2.0363808000000003,0.0509,25,-25.00,01/15/2026 14:55:38 GMT,01/16/2026 02:56:16 GMT,2026-01-15T14:55:38.000Z,2026-01-16T02:56:16.000Z,Over 222.5 Total Points Oklahoma City Thunder @ Houston Rockets,,Basketball,NBA
26021028000029505,Fanatics,straight,SETTLED_WIN,1.1818181818181819,1.2380952380952381,-0.0455,40,7.27,01/15/2026 14:28:34 GMT,01/16/2026 02:52:09 GMT,2026-01-15T14:28:34.887Z,2026-01-16T02:52:09.232Z,Phoenix Suns +16.0 Spread Phoenix Suns at Detroit Pistons,,Basketball,NBA
26021110000039605,Fanatics,parlay,SETTLED_WIN,2.3200000000000003,,,10,13.20,01/15/2026 15:50:56 GMT,01/16/2026 02:52:09 GMT,2026-01-15T15:50:56.731Z,2026-01-16T02:52:09.105Z,Phoenix Suns +16.0 Spread Phoenix Suns at Detroit Pistons | 2+ Jalen Duren - Assists Phoenix Suns at Detroit Pistons | Under 3.5 Devin Booker - Rebounds OU Phoenix Suns at Detroit Pistons,,Basketball,NBA
O/0003172/0003939,Fanduel Sportsbook,straight,SETTLED_WIN,2.35,2.24,0.0491,15,20.25,01/15/2026 15:38:29 GMT,01/16/2026 02:42:58 GMT,2026-01-15T15:38:29.000Z,2026-01-16T02:42:58.000Z,Kevin Durant To Record 6+ Rebounds Oklahoma City Thunder @ Houston Rockets,,Basketball,NBA
20DUBB6033,BetMGM,straight,SETTLED_WIN,1.9523809523809523,2.1,-0.0703,15,14.29,01/15/2026 15:39:05 GMT,01/16/2026 02:29:29 GMT,2026-01-15T15:39:05.397Z,2026-01-16T02:29:29.322Z,Over 2.5 Cason Wallace (OKC) : Rebounds Oklahoma City Thunder at Houston Rockets,,Basketball,NBA
20DUBD8Y9E,BetMGM,straight,SETTLED_WIN,2.05,2.01,0.0199,20,21.00,01/15/2026 15:41:33 GMT,01/16/2026 02:29:29 GMT,2026-01-15T15:41:33.150Z,2026-01-16T02:29:29.322Z,Over 1.5 Jalen Duren (DET): Assists Phoenix Suns at Detroit Pistons,,Basketball,NBA
20DUBEA1BM,BetMGM,straight,SETTLED_WIN,2.15,2,0.0750,10,11.50,01/15/2026 15:42:41 GMT,01/16/2026 02:29:29 GMT,2026-01-15T15:42:41.207Z,2026-01-16T02:29:29.321Z,Over 7.5 Amen Thompson (HOU) : Rebounds Oklahoma City Thunder at Houston Rockets,,Basketball,NBA
26021104000019605,Fanatics,straight,SETTLED_WIN,2.05,2,0.0250,10,10.50,01/15/2026 15:44:19 GMT,01/16/2026 02:11:10 GMT,2026-01-15T15:44:19.673Z,2026-01-16T02:11:10.357Z,5+ Ryan Rollins - Rebounds Milwaukee Bucks at San Antonio Spurs,,Basketball,NBA
O/0003172/0003944,Fanduel Sportsbook,straight,SETTLED_WIN,2.08,2,0.0400,15,16.20,01/15/2026 15:40:59 GMT,01/16/2026 02:04:15 GMT,2026-01-15T15:40:59.000Z,2026-01-16T02:04:15.000Z,Ryan Rollins Over 4.5 Ryan Rollins - Rebounds Milwaukee Bucks @ San Antonio Spurs,,Basketball,NBA
O/0003172/0003943,Fanduel Sportsbook,straight,SETTLED_LOSS,2.2199999999999998,2.4,-0.0750,7.5,-7.50,01/15/2026 15:40:46 GMT,01/16/2026 01:59:09 GMT,2026-01-15T15:40:46.000Z,2026-01-16T01:59:09.000Z,Tobias Harris Under 3.5 Tobias Harris - Rebounds Phoenix Suns @ Detroit Pistons,,Basketball,NBA
019bc25f-3733-7ae4-98df-d3cabd6745c0,Novig,straight,SETTLED_LOSS,4.310344827586207,4.4,-0.0204,4.9996,-5.00,01/15/2026 15:56:24 GMT,01/16/2026 01:05:00 GMT,2026-01-15T15:56:24.788Z,2026-01-16T01:05:00.000Z,Over 0.5 Kevin Porter Jr. DOUBLE DOUBLE Milwaukee Bucks @ San Antonio Spurs,,Basketball,NBA
019bc250-a6b8-7b17-8622-5e4adbd66fab,Novig,straight,SETTLED_WIN,2.197802197802198,2.1,0.0466,9.99635,11.97,01/15/2026 15:40:29 GMT,01/16/2026 01:05:00 GMT,2026-01-15T15:40:29.892Z,2026-01-16T01:05:00.000Z,Under 3.5 Kyle Kuzma REBOUNDS Milwaukee Bucks @ San Antonio Spurs,,Basketball,NBA
a6b98650-f22a-11f0-b769-093fdea9464c,Caesars Sportsbook,parlay,SETTLED_LOSS,8.348,7.5,0.1131,7.5,-7.50,01/15/2026 15:55:44 GMT,01/16/2026 00:40:00 GMT,2026-01-15T15:55:44.821Z,2026-01-16T00:40:00.000Z,Paolo Banchero Player to Score a Double Double Memphis Grizzlies at Orlando Magic | Bam Adebayo Player to Score a Double Double Boston Celtics at Miami Heat | Jalen Johnson Player to Score a Double Double Atlanta Hawks at Portland Trail Blazers,,Basketball,NBA
9eee74f7-9acb-4e72-bdf3-bbe36a0f1dd7,Novig,parlay,SETTLED_LOSS,8.19672131147541,,,10,-10.00,01/15/2026 15:52:02 GMT,01/16/2026 00:35:00 GMT,2026-01-15T15:52:02.459Z,2026-01-16T00:35:00.000Z,Over 7.5 Amen Thompson REBOUNDS Oklahoma City Thunder @ Houston Rockets | Over 3.5 Luguentz Dort REBOUNDS Oklahoma City Thunder @ Houston Rockets | home +5.5 Spread Oklahoma City Thunder @ Houston Rockets,,Basketball,NBA
019bc25f-ac9b-78e1-a486-8e7717c96d08,Novig,straight,SETTLED_LOSS,1.9353333333333333,2,-0.0323,15,-15.00,01/15/2026 15:56:53 GMT,01/16/2026 00:35:00 GMT,2026-01-15T15:56:53.293Z,2026-01-16T00:35:00.000Z,Over 0.5 Bam Adebayo DOUBLE DOUBLE Boston Celtics @ Miami Heat,,Basketball,NBA
019bc24b-ca24-7968-a1a2-f5addd67bcde,Novig,straight,SETTLED_LOSS,2.2421524663677133,2.42,-0.0735,14.99898,-15.00,01/15/2026 15:35:10 GMT,01/16/2026 00:35:00 GMT,2026-01-15T15:35:10.845Z,2026-01-16T00:35:00.000Z,Over 3.5 Luguentz Dort REBOUNDS Oklahoma City Thunder @ Houston Rockets,,Basketball,NBA
019bc226-dda5-7927-8c8d-18db5b53c0d1,Novig,straight,SETTLED_LOSS,2.2123893805309733,2.05,0.0792,49.99572,-50.00,01/15/2026 14:54:51 GMT,01/16/2026 00:35:00 GMT,2026-01-15T14:54:51.034Z,2026-01-16T00:35:00.000Z,home +3.5 Spread Oklahoma City Thunder @ Houston Rockets,,Basketball,NBA
019bc252-2573-79a2-9553-37d40d1289c7,Novig,straight,SETTLED_WIN,1.926782273603083,1.6451612903225805,0.1712,9.99594,9.26,01/15/2026 15:42:04 GMT,01/16/2026 00:05:00 GMT,2026-01-15T15:42:04.472Z,2026-01-16T00:05:00.000Z,Over 2.5 Grayson Allen REBOUNDS Phoenix Suns @ Detroit Pistons,,Basketball,NBA
O/0003172/0003941,Fanduel Sportsbook,straight,SETTLED_VOID,2.16,,,12,0.00,01/15/2026 15:39:43 GMT,01/15/2026 23:46:44 GMT,2026-01-15T15:39:43.000Z,2026-01-15T23:46:44.000Z,Cooper Flagg Under 6.5 Cooper Flagg - Rebounds Utah Jazz @ Dallas Mavericks,,Basketball,NBA
O/0003172/0003938,Fanduel Sportsbook,straight,SETTLED_LOSS,1.8849557522123894,1.7692307692307692,0.0654,17,-17.00,01/15/2026 15:35:56 GMT,01/15/2026 21:50:03 GMT,2026-01-15T15:35:56.000Z,2026-01-15T21:50:03.000Z,Jock Landale Over 6.5 Jock Landale - Rebounds Memphis Grizzlies @ Orlando Magic,,Basketball,NBA
O/0003172/0003940,Fanduel Sportsbook,straight,SETTLED_LOSS,1.8849557522123894,1.7692307692307692,0.0654,10,-10.00,01/15/2026 15:39:17 GMT,01/15/2026 21:50:02 GMT,2026-01-15T15:39:17.000Z,2026-01-15T21:50:02.000Z,Jock Landale Over 6.5 Jock Landale - Rebounds Memphis Grizzlies @ Orlando Magic,,Basketball,NBA
PlacedBet:w5aQ8pEbxlFzNBJmMi2f90/0JNM=,theScore Bet,parlay,SETTLED_LOSS,5.567,,,10,-10.00,01/15/2026 15:54:42 GMT,01/15/2026 21:49:48 GMT,2026-01-15T15:54:42.503Z,2026-01-15T21:49:48.084Z,Over 6.5 Jock Landale Total Rebounds Memphis Grizzlies @ Orlando Magic | Over 16.5 Franz Wagner Total Points Memphis Grizzlies @ Orlando Magic | ORL Magic Moneyline Memphis Grizzlies @ Orlando Magic,,Basketball,NBA
PlacedBet:nm+38jnQIGGxzzULQV9lr3Vu5W4=,theScore Bet,straight,SETTLED_WIN,2.15,1.9523809523809523,0.1012,15,17.25,01/15/2026 15:35:41 GMT,01/15/2026 21:49:17 GMT,2026-01-15T15:35:41.834Z,2026-01-15T21:49:17.512Z,Over 16.5 Franz Wagner Total Points Memphis Grizzlies @ Orlando Magic,,Basketball,NBA
20DUBE9P7F,BetMGM,straight,SETTLED_LOSS,2.15,2.05,0.0488,10,-10.00,01/15/2026 15:42:20 GMT,01/15/2026 21:24:23 GMT,2026-01-15T15:42:20.880Z,2026-01-15T21:24:23.830Z,Under 2.5 Tristan da Silva (ORL): Rebounds Memphis Grizzlies at Orlando Magic (Neutral Venue),,Basketball,NBA
26021116000049705,Fanatics,straight,SETTLED_WIN,2.6,2.5,0.0400,10,16.00,01/15/2026 15:56:44 GMT,01/15/2026 21:03:34 GMT,2026-01-15T15:56:44.038Z,2026-01-15T21:03:34.409Z,Paolo Banchero To Record a Double Double Memphis Grizzlies at Orlando Magic,,Basketball,NBA
019bc254-5727-7c82-bbe9-0401793580b5,Novig,straight,SETTLED_LOSS,2.109704641350211,2.05,0.0291,9.99666,-10.00,01/15/2026 15:44:31 GMT,01/15/2026 19:05:00 GMT,2026-01-15T15:44:31.665Z,2026-01-15T19:05:00.000Z,Over 4.5 Desmond Bane REBOUNDS Memphis Grizzlies @ Orlando Magic,,Basketball,NBA
019bc20d-8b1e-7205-82aa-158e86f2efe0,Novig,straight,SETTLED_LOSS,2.857142857142857,2.96,-0.0347,35,-35.00,01/15/2026 14:27:17 GMT,01/15/2026 19:05:00 GMT,2026-01-15T14:27:17.998Z,2026-01-15T19:05:00.000Z,Memphis Grizzlies Moneyline Memphis Grizzlies @ Orlando Magic,,Basketball,NBA
20DSRZ03RA,BetMGM,straight,SETTLED_LOSS,2,1.7352941176470589,0.1525,50,-50.00,01/14/2026 12:47:47 GMT,01/15/2026 06:40:00 GMT,2026-01-14T12:47:47.893Z,2026-01-15T06:40:00.000Z,Washington Wizards +13.5 Spread Washington Wizards at Los Angeles Clippers,,Basketball,NBA
PlacedBet:O9aFe5tuaLpBQe9SKQXF8lcXn3I=,theScore Bet,parlay,SETTLED_LOSS,4.769333333333333,,,15,-15.00,01/14/2026 15:08:44 GMT,01/15/2026 05:59:29 GMT,2026-01-14T15:08:44.829Z,2026-01-15T05:59:29.173Z,Under 6.5 John Collins Total Rebounds Washington Wizards @ Los Angeles Clippers | Under 4.5 James Harden Total Rebounds Washington Wizards @ Los Angeles Clippers | LA Clippers Moneyline Washington Wizards @ Los Angeles Clippers,,Basketball,NBA
26019616000029505,Fanatics,straight,SETTLED_LOSS,2,2.05,-0.0244,20,-20.00,01/14/2026 14:56:18 GMT,01/15/2026 05:41:47 GMT,2026-01-14T14:56:18.341Z,2026-01-15T05:41:47.115Z,12+ Karl-Anthony Towns - Rebounds New York Knicks at Sacramento Kings,,Basketball,NBA
26019610000059705,Fanatics,straight,SETTLED_LOSS,2,2,,15,-15.00,01/14/2026 14:50:58 GMT,01/15/2026 05:41:43 GMT,2026-01-14T14:50:58.296Z,2026-01-15T05:41:43.783Z,8+ Josh Hart - Rebounds New York Knicks at Sacramento Kings,,Basketball,NBA
20DSWY1GRA,BetMGM,straight,SETTLED_WIN,2.25,2.2,0.0227,10,12.50,01/14/2026 14:54:04 GMT,01/15/2026 05:40:00 GMT,2026-01-14T14:54:04.817Z,2026-01-15T05:40:00.000Z,Under 2.5 Klay Thompson (DAL): Rebounds Denver Nuggets at Dallas Mavericks,,Basketball,NBA
20DSWSSNZC,BetMGM,straight,SETTLED_LOSS,2.2,2.62,-0.1603,15,-15.00,01/14/2026 14:49:10 GMT,01/15/2026 05:40:00 GMT,2026-01-14T14:49:10.440Z,2026-01-15T05:40:00.000Z,Under 4.5 Naji Marshall (DAL): Rebounds Denver Nuggets at Dallas Mavericks,,Basketball,NBA
PlacedBet:tNi1v6vh7CuUcICoyH3LwxZse4I=,theScore Bet,straight,SETTLED_WIN,1.7692307692307692,1.7692307692307692,,5,3.85,01/14/2026 14:57:00 GMT,01/15/2026 05:39:13 GMT,2026-01-14T14:57:00.965Z,2026-01-15T05:39:13.888Z,Over 2.5 Zach LaVine Total Rebounds New York Knicks @ Sacramento Kings,,Basketball,NBA
O/0003172/0003932,Fanduel Sportsbook,straight,SETTLED_WIN,1.8771929824561404,1.9090909090909092,-0.0167,25,21.93,01/14/2026 12:46:52 GMT,01/15/2026 05:34:41 GMT,2026-01-14T12:46:52.000Z,2026-01-15T05:34:41.000Z,Sacramento Kings 11.5 Spread Betting New York Knicks @ Sacramento Kings,,Basketball,NBA
O/0003172/0003931,Fanduel Sportsbook,straight,SETTLED_WIN,2.1,1.9090909090909092,0.1000,25,27.50,01/14/2026 12:46:47 GMT,01/15/2026 05:34:37 GMT,2026-01-14T12:46:47.000Z,2026-01-15T05:34:37.000Z,Sacramento Kings 11.5 Spread Betting New York Knicks @ Sacramento Kings,,Basketball,NBA
61cb8090-f15b-11f0-a27c-19ca2f864398,Caesars Sportsbook,parlay,SETTLED_LOSS,21.674,29.942827199999993,-0.2762,10,-10.00,01/14/2026 15:12:03 GMT,01/15/2026 05:25:19 GMT,2026-01-14T15:12:03.353Z,2026-01-15T05:25:19.670Z,Under 2.5 Jamal Shead - Total Rebounds Toronto Raptors at Indiana Pacers | Under 4.5 James Harden - Total Rebounds Washington Wizards at Los Angeles Clippers | Over 8.5 Derik Queen - Total Rebounds Brooklyn Nets at New Orleans Pelicans | Under 4.5 Naji Marshall - Total Rebounds Denver Nuggets at Dallas Mavericks,,Basketball,NBA
O/0003172/0003933,Fanduel Sportsbook,straight,SETTLED_LOSS,1.8333333333333335,1.4166666666666667,0.2941,25,-25.00,01/14/2026 14:49:43 GMT,01/15/2026 05:06:44 GMT,2026-01-14T14:49:43.000Z,2026-01-15T05:06:44.000Z,Cooper Flagg To Record 6+ Rebounds Denver Nuggets @ Dallas Mavericks,,Basketball,NBA
O/0003172/0003936,Fanduel Sportsbook,parlay,SETTLED_LOSS,6.09,,,10,-10.00,01/14/2026 15:03:14 GMT,01/15/2026 05:03:51 GMT,2026-01-14T15:03:14.000Z,2026-01-15T05:03:51.000Z,Dallas Mavericks Moneyline Denver Nuggets @ Dallas Mavericks | Naji Marshall Under 4.5 Naji Marshall - Rebounds Denver Nuggets @ Dallas Mavericks | Cooper Flagg To Record 6+ Rebounds Denver Nuggets @ Dallas Mavericks,,Basketball,NBA
26019617000019405,Fanatics,straight,SETTLED_WIN,1.6896551724137931,1.526315789473684,0.1070,20,13.79,01/14/2026 14:57:09 GMT,01/15/2026 04:48:01 GMT,2026-01-14T14:57:09.934Z,2026-01-15T04:48:01.059Z,2+ Miles McBride - Rebounds New York Knicks at Sacramento Kings,,Basketball,NBA
639039996874458642,Draftkings Sportsbook,straight,SETTLED_WIN,1.9433962264150944,2.23,-0.1285,35,33.01,01/14/2026 15:01:26 GMT,01/15/2026 03:45:57 GMT,2026-01-14T15:01:26.240Z,2026-01-15T03:45:57.065Z,Under 5.5 Matas Buzelis Rebounds O/U UTA Jazz @ CHI Bulls,,Basketball,NBA
019bbcfb-8077-7fa4-b21a-f2989430dcc8,Novig,straight,SETTLED_LOSS,2.1739130434782608,2.4,-0.0942,14.996,-15.00,01/14/2026 14:49:21 GMT,01/15/2026 03:35:00 GMT,2026-01-14T14:49:21.956Z,2026-01-15T03:35:00.000Z,Under 4.5 James Harden REBOUNDS Washington Wizards @ Los Angeles Clippers,,Basketball,NBA
c2eedcb0-f15a-11f0-8886-bb64e45c9fa8,Caesars Sportsbook,parlay,SETTLED_LOSS,8.475,,,10,-10.00,01/14/2026 15:07:36 GMT,01/15/2026 03:29:06 GMT,2026-01-14T15:07:36.827Z,2026-01-15T03:29:06.564Z,Under 5.5 Zion Williamson - Total Rebounds Brooklyn Nets at New Orleans Pelicans | Brooklyn Nets Money Line Brooklyn Nets at New Orleans Pelicans | Over 8.5 Derik Queen - Total Rebounds Brooklyn Nets at New Orleans Pelicans,,Basketball,NBA
O/0003172/0003930,Fanduel Sportsbook,straight,SETTLED_LOSS,1.7575757575757576,1.6578947368421053,0.0601,35,-35.00,01/14/2026 12:45:57 GMT,01/15/2026 03:27:10 GMT,2026-01-14T12:45:57.000Z,2026-01-15T03:27:10.000Z,Under 245.5 Alternate Total Points Utah Jazz @ Chicago Bulls,,Basketball,NBA
20DSWWY8UR,BetMGM,straight,SETTLED_VOID,2.05,,,15,0.00,01/14/2026 14:52:03 GMT,01/15/2026 03:10:00 GMT,2026-01-14T14:52:03.423Z,2026-01-15T03:10:00.000Z,Under 4.5 Immanuel Quickley (TOR) : Rebounds Toronto Raptors at Indiana Pacers,,Basketball,NBA
20DSWWYZLS,BetMGM,straight,SETTLED_WIN,1.8333333333333335,1.847457627118644,-0.0076,20,16.67,01/14/2026 14:52:21 GMT,01/15/2026 03:10:00 GMT,2026-01-14T14:52:21.730Z,2026-01-15T03:10:00.000Z,Under 5.5 Aaron Nesmith (IND): Rebounds Toronto Raptors at Indiana Pacers,,Basketball,NBA
639039998500979084,Draftkings Sportsbook,parlay,SETTLED_LOSS,5.2,,,10,-10.00,01/14/2026 15:04:09 GMT,01/15/2026 02:40:13 GMT,2026-01-14T15:04:09.204Z,2026-01-15T02:40:13.980Z,TOR Raptors Moneyline TOR Raptors @ IND Pacers | 7+ Pascal Siakam Rebounds TOR Raptors @ IND Pacers | Under 4.5 Immanuel Quickley Rebounds O/U TOR Raptors @ IND Pacers | Under 2.5 Jamal Shead Rebounds O/U TOR Raptors @ IND Pacers,,Basketball,NBA
019bbc8a-dfe2-7b1b-94c0-40c42ae28ecc,Novig,straight,SETTLED_LOSS,1.9824641759689474,1.8695652173913042,0.0604,59.996039999999994,-60.00,01/14/2026 12:46:21 GMT,01/15/2026 02:35:00 GMT,2026-01-14T12:46:21.577Z,2026-01-15T02:35:00.000Z,Dallas Mavericks Moneyline Denver Nuggets @ Dallas Mavericks,,Basketball,NBA
O/0003172/0003934,Fanduel Sportsbook,straight,SETTLED_WIN,1.8928571428571428,1.847457627118644,0.0246,10,8.93,01/14/2026 14:51:08 GMT,01/15/2026 02:32:58 GMT,2026-01-14T14:51:08.000Z,2026-01-15T02:32:58.000Z,Paul George Under 5.5 Paul George - Rebounds Cleveland Cavaliers @ Philadelphia 76ers,,Basketball,NBA
d3d6a670-f146-11f0-a27c-19ca2f864398,Caesars Sportsbook,straight,SETTLED_LOSS,1.91,1.9067011580688824,0.0017,35,-35.00,01/14/2026 12:44:55 GMT,01/15/2026 02:30:59 GMT,2026-01-14T12:44:55.255Z,2026-01-15T02:30:59.756Z,Under 237.5 Total Points Cleveland Cavaliers at Philadelphia 76ers,,Basketball,NBA
639040001672744234,Draftkings Sportsbook,parlay,SETTLED_LOSS,7.6,,,10,-10.00,01/14/2026 15:09:26 GMT,01/15/2026 02:30:05 GMT,2026-01-14T15:09:26.020Z,2026-01-15T02:30:05.168Z,PHI 76ers Moneyline CLE Cavaliers @ PHI 76ers | Under 5.5 Paul George Rebounds O/U CLE Cavaliers @ PHI 76ers | Under 4.5 Jaylon Tyson Rebounds O/U CLE Cavaliers @ PHI 76ers,,Basketball,NBA
O/0003172/0003935,Fanduel Sportsbook,straight,SETTLED_WIN,1.6493506493506493,1.625,0.0150,15,9.74,01/14/2026 14:52:33 GMT,01/15/2026 02:03:29 GMT,2026-01-14T14:52:33.000Z,2026-01-15T02:03:29.000Z,Pascal Siakam Over 6.5 Pascal Siakam - Rebounds Toronto Raptors @ Indiana Pacers,,Basketball,NBA
019bbcff-9571-7afb-bd2e-1d63a11d03e6,Novig,straight,SETTLED_LOSS,2,1.72992700729927,0.1561,15,-15.00,01/14/2026 14:53:49 GMT,01/15/2026 01:05:00 GMT,2026-01-14T14:53:49.555Z,2026-01-15T01:05:00.000Z,Over 5.5 Matas Buzelis REBOUNDS Utah Jazz @ Chicago Bulls,,Basketball,NBA
019bbcff-0598-7b47-8600-b22f665c6a3d,Novig,straight,SETTLED_WIN,1.9493177387914231,1.8695652173913042,0.0427,14.99499,14.24,01/14/2026 14:53:24 GMT,01/15/2026 01:05:00 GMT,2026-01-14T14:53:24.700Z,2026-01-15T01:05:00.000Z,Over 5.5 Zion Williamson REBOUNDS Brooklyn Nets @ New Orleans Pelicans,,Basketball,NBA
019bbcfa-c046-74e5-a485-f4d9473d3ac5,Novig,straight,SETTLED_LOSS,2.2988505747126435,2.25,0.0217,14.9988,-15.00,01/14/2026 14:48:34 GMT,01/15/2026 01:05:00 GMT,2026-01-14T14:48:34.908Z,2026-01-15T01:05:00.000Z,Over 8.5 Derik Queen REBOUNDS Brooklyn Nets @ New Orleans Pelicans,,Basketball,NBA
019bbc89-d8a5-7b1c-a4a9-34c59d5181eb,Novig,straight,SETTLED_WIN,1.7857142857142858,1.5050505050505054,0.1865,59.0856,46.42,01/14/2026 12:45:15 GMT,01/15/2026 01:05:00 GMT,2026-01-14T12:45:15.048Z,2026-01-15T01:05:00.000Z,Chicago Bulls Moneyline Utah Jazz @ Chicago Bulls,,Basketball,NBA
019bbcfa-f4a1-7913-9a7b-41e19240169d,Novig,straight,SETTLED_LOSS,1.972386587771203,1.9090909090909092,0.0332,19.99608,-20.00,01/14/2026 14:48:45 GMT,01/15/2026 00:05:00 GMT,2026-01-14T14:48:45.336Z,2026-01-15T00:05:00.000Z,Under 2.5 Darius Garland REBOUNDS Cleveland Cavaliers @ Philadelphia 76ers,,Basketball,NBA
019bbc89-1383-7e94-8963-d8c87a5eba62,Novig,straight,SETTLED_LOSS,1.9514221230399316,1.9736813249571674,-0.0113,59.99727,-60.00,01/14/2026 12:44:24 GMT,01/15/2026 00:05:00 GMT,2026-01-14T12:44:24.180Z,2026-01-15T00:05:00.000Z,Philadelphia 76ers Moneyline Cleveland Cavaliers @ Philadelphia 76ers,,Basketball,NBA
019bbc88-acce-735c-ba19-79c818cdfedf,Novig,straight,SETTLED_LOSS,1.8939393939393938,2,-0.0530,34.99584,-35.00,01/14/2026 12:43:59 GMT,01/15/2026 00:05:00 GMT,2026-01-14T12:43:59.514Z,2026-01-15T00:05:00.000Z,Over 221.5 Total Toronto Raptors @ Indiana Pacers,,Basketball,NBA
20DRGSGKPL,BetMGM,parlay,SETTLED_LOSS,12.33,12.920372100534042,-0.0457,10,-10.00,01/13/2026 15:21:29 GMT,01/14/2026 07:00:00 GMT,2026-01-13T15:21:29.940Z,2026-01-14T07:00:00.000Z,Villanova Moneyline Villanova at Providence | Wisconsin Moneyline Wisconsin at Minnesota U | Toledo Moneyline Ohio at Toledo | Eastern Illinois Moneyline Western Illinois at Eastern Illinois | Boise St Moneyline Boise State at UNLV,,Basketball,NCAAM
26018192000029605,Fanatics,straight,SETTLED_LOSS,1.6896551724137931,1.7142857142857144,-0.0144,15,-15.00,01/13/2026 15:12:25 GMT,01/14/2026 06:37:28 GMT,2026-01-13T15:12:25.823Z,2026-01-14T06:37:28.782Z,Over 1.5 Will Richard - Rebounds OU Portland Trail Blazers at Golden State Warriors,,Basketball,NBA
O/0003172/0003924,Fanduel Sportsbook,straight,SETTLED_LOSS,2.1399999999999997,2.25,-0.0489,15,-15.00,01/13/2026 15:09:44 GMT,01/14/2026 06:36:50 GMT,2026-01-13T15:09:44.000Z,2026-01-14T06:36:50.000Z,Stephen Curry Under 3.5 Stephen Curry - Rebounds Portland Trail Blazers @ Golden State Warriors,,Basketball,NBA
639039172867366628,Draftkings Sportsbook,straight,SETTLED_LOSS,1.6896551724137931,2.01,-0.1594,5,-5.00,01/13/2026 16:08:07 GMT,01/14/2026 06:02:49 GMT,2026-01-13T16:08:07.432Z,2026-01-14T06:02:49.178Z,35+ Luka Doncic Points ATL Hawks @ LA Lakers,,Basketball,NBA
PlacedBet:ky5zPIuSeE/Rmt0QhSDxSTc9gUQ=,theScore Bet,straight,SETTLED_WIN,1.5128205128205128,1.526315789473684,-0.0088,20,10.26,01/13/2026 15:22:05 GMT,01/14/2026 04:24:43 GMT,2026-01-13T15:22:05.211Z,2026-01-14T04:24:43.784Z,Alabama Moneyline Alabama Crimson Tide @ Mississippi State Bulldogs,,Basketball,NCAAM
019bbaa7-6a7b-7f9f-a224-ea1344df3795,Novig,straight,SETTLED_WIN,2.1691973969631237,2.23,-0.0273,40.99673,47.93,01/14/2026 03:58:20 GMT,01/14/2026 04:00:00 GMT,2026-01-14T03:58:20.698Z,2026-01-14T04:00:00.000Z,home Moneyline Boise State @ UNLV,,Basketball,NCAAM
639039137225777452,Draftkings Sportsbook,straight,SETTLED_LOSS,2.12,2.12,,20,-20.00,01/13/2026 15:08:41 GMT,01/14/2026 03:50:39 GMT,2026-01-13T15:08:41.908Z,2026-01-14T03:50:39.683Z,Under 4.5 Shai Gilgeous-Alexander Rebounds O/U SA Spurs @ OKC Thunder,,Basketball,NBA
639039135682898480,Draftkings Sportsbook,straight,SETTLED_WIN,1.7692307692307692,1.9174311926605505,-0.0773,20,15.38,01/13/2026 15:06:06 GMT,01/14/2026 03:50:13 GMT,2026-01-13T15:06:06.886Z,2026-01-14T03:50:13.807Z,Over 3.5 De'Aaron Fox Rebounds O/U SA Spurs @ OKC Thunder,,Basketball,NBA
20DRGCZYYS,BetMGM,straight,SETTLED_LOSS,1.8849557522123894,1.9090909090909092,-0.0126,20,-20.00,01/13/2026 15:08:22 GMT,01/14/2026 03:41:18 GMT,2026-01-13T15:08:22.823Z,2026-01-14T03:41:18.954Z,Yes Julian Champagnie to record 7+ rebounds San Antonio Spurs @ Oklahoma City Thunder,,Basketball,NBA
PlacedBet:ca/omymtG5nRvI/5QL7Ty8gmDWE=,theScore Bet,parlay,SETTLED_LOSS,5.237333333333333,,,15,-15.00,01/13/2026 15:16:31 GMT,01/14/2026 03:40:51 GMT,2026-01-13T15:16:31.039Z,2026-01-14T03:40:51.716Z,Under 4.5 Shai Gilgeous-Alexander Total Rebounds San Antonio Spurs @ Oklahoma City Thunder | Over 5.5 Luke Kornet Total Rebounds San Antonio Spurs @ Oklahoma City Thunder | OKC Thunder Moneyline San Antonio Spurs @ Oklahoma City Thunder,,Basketball,NBA
019bb7e7-f582-77ad-b57b-c3cab9e1bdf7,Novig,straight,SETTLED_WIN,1.8348623853211008,1.7692307692307692,0.0371,19.99605,16.69,01/13/2026 15:09:55 GMT,01/14/2026 03:35:00 GMT,2026-01-13T15:09:55.905Z,2026-01-14T03:35:00.000Z,Over 7.5 Onyeka Okongwu REBOUNDS Atlanta Hawks @ Los Angeles Lakers,,Basketball,NBA
019bb787-2183-7d63-b8f3-5ee93e00b5a8,Novig,straight,SETTLED_WIN,2.4390243902439024,1.8602116275195735,0.3112,59.9994,86.34,01/13/2026 13:24:10 GMT,01/14/2026 03:35:00 GMT,2026-01-13T13:24:10.646Z,2026-01-14T03:35:00.000Z,Los Angeles Lakers Moneyline Atlanta Hawks @ Los Angeles Lakers,,Basketball,NBA
26018189000029805,Fanatics,straight,SETTLED_LOSS,1.7142857142857144,1.9803921568627452,-0.1344,20,-20.00,01/13/2026 15:09:25 GMT,01/14/2026 03:33:57 GMT,2026-01-13T15:09:25.593Z,2026-01-14T03:33:57.277Z,9+ Nikola Vucevic - Rebounds Chicago Bulls at Houston Rockets,,Basketball,NBA
26018195000019605,Fanatics,parlay,SETTLED_LOSS,6.17,,,10,-10.00,01/13/2026 15:15:27 GMT,01/14/2026 03:33:55 GMT,2026-01-13T15:15:27.102Z,2026-01-14T03:33:55.563Z,Houston Rockets Money Line Chicago Bulls at Houston Rockets | 9+ Nikola Vucevic - Rebounds Chicago Bulls at Houston Rockets | 5+ Kevin Durant - Rebounds Chicago Bulls at Houston Rockets | Over 1.5 Will Richard - Rebounds OU Portland Trail Blazers at Golden State Warriors,,Basketball,NBA
639039138837016220,Draftkings Sportsbook,straight,SETTLED_LOSS,2.26,2.19,0.0320,15,-15.00,01/13/2026 15:11:23 GMT,01/14/2026 03:25:10 GMT,2026-01-13T15:11:23.010Z,2026-01-14T03:25:10.651Z,Under 2.5 Grayson Allen Rebounds O/U PHO Suns @ MIA Heat,,Basketball,NBA
O/0003172/0003925,Fanduel Sportsbook,straight,SETTLED_LOSS,2.16,2.12,0.0189,20,-20.00,01/13/2026 15:12:36 GMT,01/14/2026 03:20:53 GMT,2026-01-13T15:12:36.000Z,2026-01-14T03:20:53.000Z,Aaron Gordon Under 6.5 Aaron Gordon - Rebounds Denver Nuggets @ New Orleans Pelicans,,Basketball,NBA
20DRGF3G2U,BetMGM,straight,SETTLED_WIN,2.13,1.8849557522123894,0.1300,20,22.73,01/13/2026 15:11:38 GMT,01/14/2026 03:05:51 GMT,2026-01-13T15:11:38.960Z,2026-01-14T03:05:51.863Z,Over 12.5 Jordan Poole (NOP): Points Denver Nuggets at New Orleans Pelicans,,Basketball,NBA
88a2d6b0-f092-11f0-8e78-7fbfba9c7e7f,Caesars Sportsbook,parlay,SETTLED_LOSS,14.83,,,10,-10.00,01/13/2026 15:14:19 GMT,01/14/2026 02:52:25 GMT,2026-01-13T15:14:19.675Z,2026-01-14T02:52:25.521Z,Over 3.5 De'Aaron Fox - Total Rebounds San Antonio Spurs at Oklahoma City Thunder | Under 4.5 Shai Gilgeous-Alexander - Total Rebounds San Antonio Spurs at Oklahoma City Thunder | 6+ Luke Kornet - Rebounds San Antonio Spurs at Oklahoma City Thunder | 5+ Kevin Durant - Rebounds Chicago Bulls at Houston Rockets,,Basketball,NBA
PlacedBet:tomcIh5xFzX0ssK/8uOQx2mVBiw=,theScore Bet,parlay,SETTLED_LOSS,4.8705,4.465614173889068,0.0907,20,-20.00,01/13/2026 15:20:38 GMT,01/14/2026 02:10:57 GMT,2026-01-13T15:20:38.527Z,2026-01-14T02:10:57.627Z,Northern Iowa Moneyline UIC Flames @ Northern Iowa Panthers | Connecticut Moneyline Connecticut Huskies @ Seton Hall Pirates | Alabama Moneyline Alabama Crimson Tide @ Mississippi State Bulldogs | Colorado State Moneyline Colorado State Rams @ Fresno State Bulldogs,,Basketball,NCAAM
O/0003172/0003926,Fanduel Sportsbook,straight,SETTLED_WIN,1.8333333333333335,1.8333333333333335,,15,12.50,01/13/2026 15:21:50 GMT,01/14/2026 02:07:20 GMT,2026-01-13T15:21:50.000Z,2026-01-14T02:07:20.000Z,Wisconsin Moneyline Wisconsin @ Minnesota,,Basketball,NCAAM
O/0003172/0003923,Fanduel Sportsbook,straight,SETTLED_WIN,1.819672131147541,1.7692307692307692,0.0285,20,16.39,01/13/2026 15:06:46 GMT,01/14/2026 02:05:51 GMT,2026-01-13T15:06:46.000Z,2026-01-14T02:05:51.000Z,Luke Kornet To Record 6+ Rebounds San Antonio Spurs @ Oklahoma City Thunder,,Basketball,NBA
b2f9a7d0-f093-11f0-aeae-e58c3c6d29fe,Caesars Sportsbook,straight,SETTLED_WIN,1.77,1.7692307692307692,0.0004,20,15.38,01/13/2026 15:22:40 GMT,01/14/2026 02:02:50 GMT,2026-01-13T15:22:40.205Z,2026-01-14T02:02:50.544Z,Toledo Rockets Money Line Ohio Bobcats at Toledo Rockets,,Basketball,NCAAM
019bb7f3-ccd8-79df-9bb8-dfcf03b313f2,Novig,straight,SETTLED_LOSS,1.5943641527724934,1.5882352941176472,0.0039,24.99429,-24.99,01/13/2026 15:22:52 GMT,01/14/2026 02:00:00 GMT,2026-01-13T15:22:52.190Z,2026-01-14T02:00:00.000Z,Iowa State Moneyline Iowa State @ Kansas,,Basketball,NCAAM
639039135782936354,Draftkings Sportsbook,straight,SETTLED_WIN,1.6369426751592355,1.62111801242236,0.0098,25,15.92,01/13/2026 15:06:17 GMT,01/14/2026 01:43:31 GMT,2026-01-13T15:06:17.100Z,2026-01-14T01:43:31.009Z,5+ Kevin Durant Rebounds CHI Bulls @ HOU Rockets,,Basketball,NBA
639039145449127799,Draftkings Sportsbook,straight,SETTLED_WIN,1.704225352112676,1.6896551724137931,0.0086,15,10.56,01/13/2026 15:22:24 GMT,01/14/2026 01:37:51 GMT,2026-01-13T15:22:24.827Z,2026-01-14T01:37:51.812Z,Villanova Moneyline Villanova @ Providence,,Basketball,NCAAM
019bb7ea-198f-74b7-b3dd-b3d868d11fca,Novig,straight,SETTLED_LOSS,2.1096286873499284,2.1799999999999997,-0.0323,19.99878,-20.00,01/13/2026 15:12:16 GMT,01/14/2026 01:05:00 GMT,2026-01-13T15:12:16.408Z,2026-01-14T01:05:00.000Z,Under 8.5 Jamal Murray ASSISTS Denver Nuggets @ New Orleans Pelicans,,Basketball,NBA
019bb786-e18e-7d93-ae2b-2c8693a52cf5,Novig,straight,SETTLED_LOSS,1.8796992481203008,1.9548650217706822,-0.0385,49.99736,-50.00,01/13/2026 13:23:54 GMT,01/14/2026 01:05:00 GMT,2026-01-13T13:23:54.756Z,2026-01-14T01:05:00.000Z,SAS +8.5 Spread San Antonio Spurs @ Oklahoma City Thunder,,Basketball,NBA
019bb786-6628-7406-b302-e2dfd3a60da2,Novig,straight,SETTLED_LOSS,2.2675736961451247,2.25,0.0078,54.99711,-55.00,01/13/2026 13:23:25 GMT,01/14/2026 01:05:00 GMT,2026-01-13T13:23:25.446Z,2026-01-14T01:05:00.000Z,New Orleans Pelicans Moneyline Denver Nuggets @ New Orleans Pelicans,,Basketball,NBA
019bb785-798f-78cb-a6ef-9aedc4a5d244,Novig,straight,SETTLED_WIN,1.86219739292365,1.8620689655172413,0.0001,29.99682,25.86,01/13/2026 13:22:25 GMT,01/14/2026 01:05:00 GMT,2026-01-13T13:22:25.173Z,2026-01-14T01:05:00.000Z,Over 223.5 Total Chicago Bulls @ Houston Rockets,,Basketball,NBA
019bb786-0aac-70eb-8f37-a0aa49a9d874,Novig,straight,SETTLED_LOSS,1.7123287671232876,1.8648680787811223,-0.0818,59.99432,-59.99,01/13/2026 13:23:00 GMT,01/14/2026 01:05:00 GMT,2026-01-13T13:23:00.577Z,2026-01-14T01:05:00.000Z,Milwaukee Bucks Moneyline Minnesota Timberwolves @ Milwaukee Bucks,,Basketball,NBA
019bb785-1f4f-77f5-9b3c-9c911fc02609,Novig,straight,SETTLED_WIN,1.8656716417910448,1.8547008547008548,0.0059,49.99808,43.28,01/13/2026 13:21:59 GMT,01/14/2026 01:05:00 GMT,2026-01-13T13:21:59.847Z,2026-01-14T01:05:00.000Z,away +13.5 Spread Chicago Bulls @ Houston Rockets,,Basketball,NBA
O/0003172/0003890,Fanduel Sportsbook,straight,SETTLED_VOID,2.44,,,20,0.00,01/08/2026 17:40:25 GMT,01/13/2026 22:35:18 GMT,2026-01-08T17:40:25.000Z,2026-01-13T22:35:18.000Z,No Both Teams To Score Hamburger SV v Leverkusen,,Soccer,Bundesliga
O/0003172/0003889,Fanduel Sportsbook,straight,SETTLED_WIN,1.9433962264150944,1.7692307692307692,0.0984,40,37.74,01/08/2026 17:40:14 GMT,01/13/2026 20:50:49 GMT,2026-01-08T17:40:14.000Z,2026-01-13T20:50:49.000Z,Yes Both Teams To Score Mainz v FC Heidenheim,,Soccer,Bundesliga
20DP586UFF,BetMGM,straight,SETTLED_WIN,2.2,1.8130081300813008,0.2135,10,12.00,01/12/2026 16:08:41 GMT,01/13/2026 06:10:00 GMT,2026-01-12T16:08:41.600Z,2026-01-13T06:10:00.000Z,Under 2.5 Malik Monk (SAC): Rebounds Los Angeles Lakers at Sacramento Kings,,Basketball,NBA
639038275583831442,Draftkings Sportsbook,straight,SETTLED_WIN,2.16,2,0.0800,15,17.40,01/12/2026 15:12:38 GMT,01/13/2026 05:57:39 GMT,2026-01-12T15:12:38.671Z,2026-01-13T05:57:39.467Z,Under 4.5 James Harden Rebounds O/U CHA Hornets @ LA Clippers,,Basketball,NBA
26016753000029505,Fanatics,parlay,SETTLED_WIN,4.279999999999999,3.666666666666667,0.1673,10,32.84,01/12/2026 15:13:23 GMT,01/13/2026 05:56:18 GMT,2026-01-12T15:13:23.629Z,2026-01-13T05:56:18.279Z,7+ C. Murray-Boyles - Rebounds Philadelphia 76ers at Toronto Raptors | Under 4.5 James Harden - Rebounds OU Charlotte Hornets at Los Angeles Clippers,,Basketball,NBA
26016751000029405,Fanatics,straight,SETTLED_LOSS,2.15,2.45,-0.1224,15,-15.00,01/12/2026 15:11:20 GMT,01/13/2026 05:56:17 GMT,2026-01-12T15:11:20.906Z,2026-01-13T05:56:17.844Z,7+ Miles Bridges - Rebounds Charlotte Hornets at Los Angeles Clippers,,Basketball,NBA
26016809000039805,Fanatics,straight,SETTLED_LOSS,1.9523809523809523,1.8849557522123894,0.0358,10,-10.00,01/12/2026 16:09:33 GMT,01/13/2026 05:56:15 GMT,2026-01-12T16:09:33.205Z,2026-01-13T05:56:15.895Z,6+ Ryan Kalkbrenner - Rebounds Charlotte Hornets at Los Angeles Clippers,,Basketball,NBA
26016756000019605,Fanatics,straight,SETTLED_VOID,1.7142857142857144,,,15,0.00,01/12/2026 15:16:02 GMT,01/13/2026 05:31:27 GMT,2026-01-12T15:16:02.149Z,2026-01-13T05:31:27.662Z,3+ Rui Hachimura - Rebounds Los Angeles Lakers at Sacramento Kings,,Basketball,NBA
26016777000049805,Fanatics,straight,SETTLED_WIN,2.2,2.45,-0.1020,10,12.00,01/12/2026 15:37:56 GMT,01/13/2026 05:31:26 GMT,2026-01-12T15:37:56.790Z,2026-01-13T05:31:26.641Z,Under 2.5 Nique Clifford - Rebounds OU Los Angeles Lakers at Sacramento Kings,,Basketball,NBA
20DP3LEZPY,BetMGM,straight,SETTLED_LOSS,2.19,2.05,0.0683,15,-15.00,01/12/2026 15:16:50 GMT,01/13/2026 04:40:00 GMT,2026-01-12T15:16:50.203Z,2026-01-13T04:40:00.000Z,Under 21.5 Cooper Flagg (DAL): Points Brooklyn Nets at Dallas Mavericks,,Basketball,NBA
639038277450623187,Draftkings Sportsbook,straight,SETTLED_LOSS,2.17,2.1799999999999997,-0.0046,15,-15.00,01/12/2026 15:15:45 GMT,01/13/2026 04:06:01 GMT,2026-01-12T15:15:45.340Z,2026-01-13T04:06:01.575Z,Under 3.5 Max Christie Rebounds O/U BKN Nets @ DAL Mavericks,,Basketball,NBA
26016760000029405,Fanatics,straight,SETTLED_WIN,2.15,2.08,0.0337,10,11.50,01/12/2026 15:20:30 GMT,01/13/2026 03:57:34 GMT,2026-01-12T15:20:30.614Z,2026-01-13T03:57:34.866Z,Under 2.5 Klay Thompson - Rebounds OU Brooklyn Nets at Dallas Mavericks,,Basketball,NBA
019bb2c9-5596-7a3a-a080-22aa72c43369,Novig,straight,SETTLED_WIN,2.0242914979757085,2.1399999999999997,-0.0541,14.99784,15.36,01/12/2026 15:18:22 GMT,01/13/2026 03:35:00 GMT,2026-01-12T15:18:22.484Z,2026-01-13T03:35:00.000Z,Over 10.5 Ivica Zubac REBOUNDS Charlotte Hornets @ Los Angeles Clippers,,Basketball,NBA
019bb237-5d6d-789b-b565-f4878c43bea7,Novig,straight,SETTLED_WIN,1.953125,1.9778153436131733,-0.0125,29.99808,28.59,01/12/2026 12:38:56 GMT,01/13/2026 03:05:00 GMT,2026-01-12T12:38:56.418Z,2026-01-13T03:05:00.000Z,home +9.5 Spread Los Angeles Lakers @ Sacramento Kings,,Basketball,NBA
O/0003172/0003918,Fanduel Sportsbook,straight,SETTLED_WIN,1.9803921568627452,2.2,-0.0998,5,4.90,01/12/2026 15:20:20 GMT,01/13/2026 02:49:53 GMT,2026-01-12T15:20:20.000Z,2026-01-13T02:49:53.000Z,Derrick White Under 23.5 Derrick White - Points Boston Celtics @ Indiana Pacers,,Basketball,NBA
26016751000039705,Fanatics,straight,SETTLED_WIN,1.7692307692307692,1.8333333333333335,-0.0350,15,11.54,01/12/2026 15:11:36 GMT,01/13/2026 02:46:51 GMT,2026-01-12T15:11:36.803Z,2026-01-13T02:46:51.926Z,7+ C. Murray-Boyles - Rebounds Philadelphia 76ers at Toronto Raptors,,Basketball,NBA
76ab07f0-efb3-11f0-bf6c-ab64bfbc115a,Caesars Sportsbook,straight,SETTLED_LOSS,1.91,1.7692307692307692,0.0796,35,-35.00,01/12/2026 12:37:31 GMT,01/13/2026 02:46:38 GMT,2026-01-12T12:37:31.759Z,2026-01-13T02:46:38.096Z,Over 224.5 Total Points Boston Celtics at Indiana Pacers,,Basketball,NBA
26016751000019405,Fanatics,straight,SETTLED_LOSS,1.7142857142857144,1.7874015748031495,-0.0409,15,-15.00,01/12/2026 15:11:04 GMT,01/13/2026 02:32:36 GMT,2026-01-12T15:11:04.698Z,2026-01-13T02:32:36.876Z,9+ Jarrett Allen - Rebounds Utah Jazz at Cleveland Cavaliers,,Basketball,NBA
26016749000039705,Fanatics,parlay,SETTLED_LOSS,3.59,3.3698630136986303,0.0653,20,-20.00,01/12/2026 15:09:28 GMT,01/13/2026 02:32:29 GMT,2026-01-12T15:09:28.351Z,2026-01-13T02:32:29.321Z,9+ Jarrett Allen - Rebounds Utah Jazz at Cleveland Cavaliers | Under 4.5 James Harden - Rebounds OU Charlotte Hornets at Los Angeles Clippers,,Basketball,NBA
O/0003172/0003920,Fanduel Sportsbook,straight,SETTLED_WIN,1.4761904761904763,1.5405405405405406,-0.0418,20,9.52,01/12/2026 16:11:17 GMT,01/13/2026 02:30:24 GMT,2026-01-12T16:11:17.000Z,2026-01-13T02:30:24.000Z,Texas A&M-CC Moneyline Texas A&M-CC @ East Texas A&M,,Basketball,NCAAM
PlacedBet:SDUVVtKNn8Kif/xtAs3+LWwQv4E=,theScore Bet,straight,SETTLED_LOSS,2.1,1.8092932074482035,0.1607,15,-15.00,01/12/2026 16:11:41 GMT,01/13/2026 02:27:39 GMT,2026-01-12T16:11:41.085Z,2026-01-13T02:27:39.265Z,Grambling State Moneyline Grambling State Tigers @ Florida A&M Rattlers,,Basketball,NCAAM
639038310394846381,Draftkings Sportsbook,straight,SETTLED_LOSS,1.7407407407407407,1.7142857142857144,0.0154,15,-15.00,01/12/2026 16:10:38 GMT,01/13/2026 02:24:16 GMT,2026-01-12T16:10:38.800Z,2026-01-13T02:24:16.941Z,SE Louisiana Moneyline New Orleans @ SE Louisiana,,Basketball,NCAAM
O/0003172/0003919,Fanduel Sportsbook,straight,SETTLED_LOSS,2.34,2.3,0.0174,15,-15.00,01/12/2026 16:11:01 GMT,01/13/2026 02:02:37 GMT,2026-01-12T16:11:01.000Z,2026-01-13T02:02:37.000Z,Arkansas-Pine Bluff Moneyline Arkansas-Pine Bluff @ Prairie View A&M,,Basketball,NCAAM
O/0003172/0003921,Fanduel Sportsbook,straight,SETTLED_WIN,3.15,3.4,-0.0735,15,32.25,01/12/2026 16:11:27 GMT,01/13/2026 01:58:56 GMT,2026-01-12T16:11:27.000Z,2026-01-13T01:58:56.000Z,Maryland-Eastern Shore Moneyline Maryland-Eastern Shore @ Norfolk State,,Basketball,NCAAM
26016812000039905,Fanatics,parlay,SETTLED_LOSS,14.86,9.83927306616962,0.5103,5,-5.00,01/12/2026 16:12:53 GMT,01/13/2026 01:56:36 GMT,2026-01-12T16:12:53.525Z,2026-01-13T01:56:36.758Z,Grambling State Money Line Grambling St Tigers at Florida A&M Rattlers | SE Louisiana Money Line New Orleans Privateers at SE Louisiana Lions | Arkansas-Pine Bluff Money Line Arkansas-Pine Bluff Golden Lions at Prairie View A&M Panthers | Texas A&M-CC Money Line Texas A&M-Corpus Christi Islanders at Texas A&M–Commerce Lions,,Basketball,NCAAM
019bb237-04ef-7c72-80af-d379a6c76743,Novig,straight,SETTLED_LOSS,2.493765586034913,2.37,0.0522,44.99621,-45.00,01/12/2026 12:38:34 GMT,01/13/2026 01:35:00 GMT,2026-01-12T12:38:34.790Z,2026-01-13T01:35:00.000Z,Brooklyn Nets Moneyline Brooklyn Nets @ Dallas Mavericks,,Basketball,NBA
019bb236-ab39-7517-8bcc-6f1118ccbda6,Novig,straight,SETTLED_LOSS,1.9335550476454635,1.9090909090909092,0.0128,29.99656,-30.00,01/12/2026 12:38:11 GMT,01/13/2026 00:35:00 GMT,2026-01-12T12:38:11.942Z,2026-01-13T00:35:00.000Z,Over 220.5 Total Philadelphia 76ers @ Toronto Raptors,,Basketball,NBA
019bb236-5a45-7ee5-84b3-94e57ebf774f,Novig,straight,SETTLED_LOSS,1.9120458891013385,1.9433962264150944,-0.0161,59.99856,-60.00,01/12/2026 12:37:52 GMT,01/13/2026 00:35:00 GMT,2026-01-12T12:37:52.192Z,2026-01-13T00:35:00.000Z,home +3.5 Spread Philadelphia 76ers @ Toronto Raptors,,Basketball,NBA
019bb235-ca7a-7f29-803a-456e392ba299,Novig,straight,SETTLED_WIN,1.8587360594795541,1.847457627118644,0.0061,34.9969,30.05,01/12/2026 12:37:13 GMT,01/13/2026 00:05:00 GMT,2026-01-12T12:37:13.178Z,2026-01-13T00:05:00.000Z,Under 251.5 Total Utah Jazz @ Cleveland Cavaliers,,Basketball,NBA
019bb235-745c-7114-ac27-54424b9173fc,Novig,straight,SETTLED_WIN,1.8939393939393938,1.8849557522123894,0.0048,59.99664,53.63,01/12/2026 12:36:51 GMT,01/13/2026 00:05:00 GMT,2026-01-12T12:36:51.233Z,2026-01-13T00:05:00.000Z,away +13.5 Spread Utah Jazz @ Cleveland Cavaliers,,Basketball,NBA
O/0003172/0003752,Fanduel Sportsbook,straight,SETTLED_CASH_OUT,23,,,10,44.94,12/07/2025 18:17:36 GMT,01/12/2026 17:49:54 GMT,2025-12-07T18:17:36.000Z,2026-01-12T17:49:54.000Z,Miami Florida NCAAF FBS Championship Winner 2025-26 College Football Futures 2025-26,,American Football,NCAAFB
O/0003172/0003913,Fanduel Sportsbook,straight,SETTLED_WIN,2.24,2.26,-0.0088,15,18.60,01/11/2026 18:06:34 GMT,01/12/2026 04:35:25 GMT,2026-01-11T18:06:34.000Z,2026-01-12T04:35:25.000Z,Maxime Raynaud To Record 8+ Rebounds Houston Rockets @ Sacramento Kings,,Basketball,NBA
8e12da70-ef14-11f0-8012-d326847aeca0,Caesars Sportsbook,straight,SETTLED_LOSS,1.91,1.847457627118644,0.0339,40,-40.00,01/11/2026 17:40:01 GMT,01/12/2026 04:30:40 GMT,2026-01-11T17:40:01.047Z,2026-01-12T04:30:40.650Z,Over 222 Total Points Houston Rockets at Sacramento Kings,,Basketball,NBA
PlacedBet:4v3AvLSRr+w2w53jlIJwvC0m7H0=,theScore Bet,straight,SETTLED_LOSS,2.15,2.15,,79.48,-79.48,01/12/2026 01:04:50 GMT,01/12/2026 03:59:00 GMT,2026-01-12T01:04:50.839Z,2026-01-12T03:59:00.616Z,Under 8.5 Onyeka Okongwu Total Rebounds Atlanta Hawks @ Golden State Warriors,,Basketball,NBA
O/0003172/0003910,Fanduel Sportsbook,straight,SETTLED_LOSS,1.4761904761904763,1.3875968992248062,0.0638,65,-65.00,01/11/2026 17:39:17 GMT,01/12/2026 03:57:18 GMT,2026-01-11T17:39:17.000Z,2026-01-12T03:57:18.000Z,Golden State Warriors Moneyline Atlanta Hawks @ Golden State Warriors,,Basketball,NBA
26015459000119705,Fanatics,straight,SETTLED_WIN,1.8333333333333335,1.9090909090909092,-0.0397,60,50.00,01/11/2026 17:39:43 GMT,01/12/2026 03:56:55 GMT,2026-01-11T17:39:43.314Z,2026-01-12T03:56:55.764Z,Under 236.0 Total Points Atlanta Hawks at Golden State Warriors,,Basketball,NBA
639037515104820589,Draftkings Sportsbook,parlay,SETTLED_WIN,6.68,4.489669421487603,0.4879,15,85.20,01/11/2026 18:05:10 GMT,01/12/2026 03:46:05 GMT,2026-01-11T18:05:10.041Z,2026-01-12T03:46:05.075Z,6+ Cedric Coward Rebounds BKN Nets @ MEM Grizzlies | Over 7.5 Onyeka Okongwu Rebounds O/U ATL Hawks @ GS Warriors | Over 3.5 De'Aaron Fox Rebounds O/U SA Spurs @ MIN Timberwolves,,Basketball,NBA
O/0003172/0003915,Fanduel Sportsbook,straight,SETTLED_WIN,1.8849557522123894,1.4,0.3464,15,13.27,01/11/2026 18:08:02 GMT,01/12/2026 03:41:19 GMT,2026-01-11T18:08:02.000Z,2026-01-12T03:41:19.000Z,Onyeka Okongwu To Record 8+ Rebounds Atlanta Hawks @ Golden State Warriors,,Basketball,NBA
O/0003172/0003912,Fanduel Sportsbook,straight,SETTLED_WIN,1.8849557522123894,1.4,0.3464,15,13.27,01/11/2026 18:03:04 GMT,01/12/2026 03:41:19 GMT,2026-01-11T18:03:04.000Z,2026-01-12T03:41:19.000Z,Onyeka Okongwu To Record 8+ Rebounds Atlanta Hawks @ Golden State Warriors,,Basketball,NBA
26015484000089505,Fanatics,parlay,SETTLED_WIN,7.11,4.489669421487603,0.5836,10,61.11,01/11/2026 18:04:44 GMT,01/12/2026 03:36:12 GMT,2026-01-11T18:04:44.876Z,2026-01-12T03:36:12.614Z,6+ Cedric Coward - Rebounds Brooklyn Nets at Memphis Grizzlies | 4+ De'Aaron Fox - Rebounds San Antonio Spurs at Minnesota Timberwolves | 8+ Onyeka Okongwu - Rebounds Atlanta Hawks at Golden State Warriors,,Basketball,NBA
26015461000049805,Fanatics,straight,SETTLED_LOSS,1.8,1.9798644584047211,-0.0908,50,-50.00,01/11/2026 17:41:06 GMT,01/12/2026 03:21:32 GMT,2026-01-11T17:41:06.452Z,2026-01-12T03:21:32.238Z,Washington Wizards +15.0 Spread Washington Wizards at Phoenix Suns,,Basketball,NBA
26015487000039605,Fanatics,straight,SETTLED_LOSS,2.25,1.8849557522123894,0.1937,15,-15.00,01/11/2026 18:07:06 GMT,01/12/2026 02:42:27 GMT,2026-01-11T18:07:06.720Z,2026-01-12T02:42:27.050Z,10+ Victor Wembanyama - Rebounds San Antonio Spurs at Minnesota Timberwolves,,Basketball,NBA
PlacedBet:FDoNOTkwPw2fHyi1SqmwxQZ8ljg=,theScore Bet,straight,SETTLED_WIN,2.3,2.45,-0.0612,20,26.00,01/11/2026 18:02:36 GMT,01/12/2026 02:39:26 GMT,2026-01-11T18:02:36.830Z,2026-01-12T02:39:26.040Z,Over 6.5 Julian Champagnie Total Rebounds San Antonio Spurs @ Minnesota Timberwolves,,Basketball,NBA
PlacedBet:BrFIkYR/i32L6NdW3sBGB897dak=,theScore Bet,straight,SETTLED_WIN,2.25,1.8333333333333335,0.2273,15,18.75,01/11/2026 18:08:59 GMT,01/12/2026 02:29:18 GMT,2026-01-11T18:08:59.308Z,2026-01-12T02:29:18.558Z,Under 3.5 Aaron Wiggins Total Rebounds Miami Heat @ Oklahoma City Thunder,,Basketball,NBA
505bc020-ef14-11f0-8898-1ff3570f8ffd,Caesars Sportsbook,straight,SETTLED_WIN,1.91,2.1,-0.0905,55,50.00,01/11/2026 17:38:17 GMT,01/12/2026 02:24:54 GMT,2026-01-11T17:38:17.506Z,2026-01-12T02:24:54.995Z,Miami Heat 14 Spread Miami Heat at Oklahoma City Thunder,,Basketball,NBA
019bae24-d0f3-7c08-b827-6180199a816f,Novig,straight,SETTLED_WIN,1.9607843137254901,2.01,-0.0245,49.9953,48.03,01/11/2026 17:40:15 GMT,01/12/2026 02:05:00 GMT,2026-01-11T17:40:15.371Z,2026-01-12T02:05:00.000Z,home +13.5 Spread Houston Rockets @ Sacramento Kings,,Basketball,NBA
3891d0b0-ef14-11f0-b324-e522f1d4cad6,Caesars Sportsbook,straight,SETTLED_WIN,1.91,2.15,-0.1116,32,29.09,01/11/2026 17:37:37 GMT,01/12/2026 01:59:53 GMT,2026-01-11T17:37:37.595Z,2026-01-12T01:59:53.059Z,Over 222 Total Points Philadelphia 76ers at Toronto Raptors,,Basketball,NBA
PlacedBet:RVZ3WztRZgS03maG1d/Q3ckXz60=,theScore Bet,straight,SETTLED_PUSH,2.3,,,15,0.00,01/11/2026 18:03:11 GMT,01/12/2026 01:42:10 GMT,2026-01-11T18:03:11.855Z,2026-01-12T01:42:10.903Z,Under 4.5 Jamal Murray Total Rebounds Milwaukee Bucks @ Denver Nuggets,,Basketball,NBA
639037517040080880,Draftkings Sportsbook,straight,SETTLED_WIN,1.6896551724137931,1.7692307692307692,-0.0450,15,10.34,01/11/2026 18:08:23 GMT,01/12/2026 01:28:40 GMT,2026-01-11T18:08:23.592Z,2026-01-12T01:28:40.407Z,11+ Rudy Gobert Rebounds SA Spurs @ MIN Timberwolves,,Basketball,NBA
26015486000089905,Fanatics,straight,SETTLED_LOSS,2.25,2.58,-0.1279,15,-15.00,01/11/2026 18:06:21 GMT,01/12/2026 01:28:10 GMT,2026-01-11T18:06:21.860Z,2026-01-12T01:28:10.671Z,4+ Jrue Holiday - Rebounds New York Knicks at Portland Trail Blazers,,Basketball,NBA
O/0003172/0003917,Fanduel Sportsbook,straight,SETTLED_LOSS,1.8771929824561404,2,-0.0614,15,-15.00,01/11/2026 18:08:32 GMT,01/12/2026 01:25:21 GMT,2026-01-11T18:08:32.000Z,2026-01-12T01:25:21.000Z,Jordan Clarkson Over 7.5 Jordan Clarkson - Points New York Knicks @ Portland Trail Blazers,,Basketball,NBA
019bae3d-1a6d-7171-8530-dfa77690ed30,Novig,straight,SETTLED_LOSS,2.178649237472767,2.1100000000000003,0.0325,14.99553,-15.00,01/11/2026 18:06:42 GMT,01/12/2026 01:05:00 GMT,2026-01-11T18:06:42.942Z,2026-01-12T01:05:00.000Z,Over 6.5 Justin Champagnie REBOUNDS Washington Wizards @ Phoenix Suns,,Basketball,NBA
019bae23-50c1-7f8b-9238-b7c4548e33a6,Novig,straight,SETTLED_LOSS,1.7857142857142858,1.5050505050505054,0.1865,59.9984,-60.00,01/11/2026 17:38:36 GMT,01/12/2026 01:05:00 GMT,2026-01-11T17:38:36.461Z,2026-01-12T01:05:00.000Z,Milwaukee Bucks Moneyline Milwaukee Bucks @ Denver Nuggets,,Basketball,NBA
019bae23-8721-78dd-9774-f2d9160f00d3,Novig,straight,SETTLED_LOSS,1.9646365422396856,2.1399999999999997,-0.0819,31.99574,-32.00,01/11/2026 17:38:50 GMT,01/12/2026 01:05:00 GMT,2026-01-11T17:38:50.881Z,2026-01-12T01:05:00.000Z,Over 220.5 Total Milwaukee Bucks @ Denver Nuggets,,Basketball,NBA
O/0003172/0003911,Fanduel Sportsbook,straight,SETTLED_WIN,2.06,2.05,0.0049,15,15.90,01/11/2026 18:01:53 GMT,01/12/2026 01:04:33 GMT,2026-01-11T18:01:53.000Z,2026-01-12T01:04:33.000Z,De'Aaron Fox To Record 4+ Rebounds San Antonio Spurs @ Minnesota Timberwolves,,Basketball,NBA
O/0003172/0003914,Fanduel Sportsbook,straight,SETTLED_WIN,2.06,2.05,0.0049,15,15.90,01/11/2026 18:06:54 GMT,01/12/2026 01:04:30 GMT,2026-01-11T18:06:54.000Z,2026-01-12T01:04:30.000Z,De'Aaron Fox To Record 4+ Rebounds San Antonio Spurs @ Minnesota Timberwolves,,Basketball,NBA
PlacedBet:BRG96DIpEEJKbnThl/yO1GQ45e8=,theScore Bet,parlay,SETTLED_LOSS,10.294236842105263,11.157916897202641,-0.0774,5,0.00,01/09/2026 14:26:03 GMT,01/12/2026 00:49:20 GMT,2026-01-09T14:26:03.732Z,2026-01-12T00:49:20.956Z,CHI Bears Moneyline Green Bay Packers @ Chicago Bears | PHI Eagles Moneyline San Francisco 49ers @ Philadelphia Eagles | NE Patriots Moneyline Los Angeles Chargers @ New England Patriots | PIT Steelers Moneyline Houston Texans @ Pittsburgh Steelers,,American Football,NFL
26011256000059505,Fanatics,parlay,SETTLED_LOSS,10.25,11.157916897202641,-0.0814,10,-10.00,01/08/2026 19:36:58 GMT,01/12/2026 00:47:31 GMT,2026-01-08T19:36:58.954Z,2026-01-12T00:47:31.316Z,Chicago Bears Money Line Green Bay Packers at Chicago Bears | Philadelphia Eagles Money Line San Francisco 49ers at Philadelphia Eagles | New England Patriots Money Line Los Angeles Chargers at New England Patriots | Pittsburgh Steelers Money Line Houston Texans at Pittsburgh Steelers,,American Football,NFL
26015685000109405,Fanatics,straight,SETTLED_WIN,1.8333333333333335,1.8333333333333335,,20,16.67,01/11/2026 21:25:29 GMT,01/12/2026 00:46:51 GMT,2026-01-11T21:25:29.493Z,2026-01-12T00:46:51.588Z,Under 45.5 Total Points San Francisco 49ers at Philadelphia Eagles,,American Football,NFL
O/0003172/0003892,Fanduel Sportsbook,parlay,SETTLED_LOSS,4.3,4.6006883259911895,-0.0654,20,-20.00,01/09/2026 14:26:43 GMT,01/12/2026 00:46:06 GMT,2026-01-09T14:26:43.000Z,2026-01-12T00:46:06.000Z,Chicago Bears Moneyline Green Bay Packers @ Chicago Bears | Philadelphia Eagles Moneyline San Francisco 49ers @ Philadelphia Eagles | New England Patriots Moneyline Los Angeles Chargers @ New England Patriots,,American Football,NFL
019bae25-f0de-7338-b053-e29a7191650e,Novig,straight,SETTLED_WIN,1.7857142857142858,1.78125,0.0025,59.9984,47.14,01/11/2026 17:41:29 GMT,01/12/2026 00:05:00 GMT,2026-01-11T17:41:29.334Z,2026-01-12T00:05:00.000Z,Minnesota Timberwolves Moneyline San Antonio Spurs @ Minnesota Timberwolves,,Basketball,NBA
019bae3e-0b23-7896-9f7e-81b8bca1ee71,Novig,straight,SETTLED_LOSS,1.9267822736030826,1.526315789473684,0.2624,14.9991,-15.00,01/11/2026 18:07:44 GMT,01/11/2026 23:05:00 GMT,2026-01-11T18:07:44.382Z,2026-01-11T23:05:00.000Z,Over 6.5 Josh Hart REBOUNDS New York Knicks @ Portland Trail Blazers,,Basketball,NBA
019bae22-06ea-7405-adae-6765c151c603,Novig,straight,SETTLED_WIN,1.953125,1.6451612903225805,0.1872,49.9968,47.65,01/11/2026 17:37:12 GMT,01/11/2026 23:05:00 GMT,2026-01-11T17:37:12.707Z,2026-01-11T23:05:00.000Z,home +4.5 Spread Philadelphia 76ers @ Toronto Raptors,,Basketball,NBA
019bae22-abe6-7e23-b72f-7d9eecf2e419,Novig,straight,SETTLED_LOSS,2.0161290322580645,2.09,-0.0353,59.99616,-60.00,01/11/2026 17:37:57 GMT,01/11/2026 23:05:00 GMT,2026-01-11T17:37:57.855Z,2026-01-11T23:05:00.000Z,home +4.5 Spread New York Knicks @ Portland Trail Blazers,,Basketball,NBA
O/0003172/0003909,Fanduel Sportsbook,straight,SETTLED_LOSS,1.9090909090909092,1.9090909090909092,,30,-30.00,01/11/2026 17:36:52 GMT,01/11/2026 22:48:53 GMT,2026-01-11T17:36:52.000Z,2026-01-11T22:48:53.000Z,Over 220.5 Total Points Brooklyn Nets @ Memphis Grizzlies,,Basketball,NBA
639037513416147752,Draftkings Sportsbook,straight,SETTLED_WIN,1.6289308176100628,1.606060606060606,0.0142,15,9.43,01/11/2026 18:02:22 GMT,01/11/2026 22:22:44 GMT,2026-01-11T18:02:22.742Z,2026-01-11T22:22:44.245Z,6+ Cedric Coward Rebounds BKN Nets @ MEM Grizzlies,,Basketball,NBA
639037517252312437,Draftkings Sportsbook,straight,SETTLED_WIN,1.6289308176100628,1.606060606060606,0.0142,15,9.43,01/11/2026 18:08:45 GMT,01/11/2026 22:22:44 GMT,2026-01-11T18:08:45.173Z,2026-01-11T22:22:44.182Z,6+ Cedric Coward Rebounds BKN Nets @ MEM Grizzlies,,Basketball,NBA
O/0003172/0003916,Fanduel Sportsbook,straight,SETTLED_LOSS,2.02,2.24,-0.0982,15,-15.00,01/11/2026 18:08:12 GMT,01/11/2026 22:19:41 GMT,2026-01-11T18:08:12.000Z,2026-01-11T22:19:41.000Z,Desmond Bane Under 19.5 Desmond Bane - Points New Orleans Pelicans @ Orlando Magic,,Basketball,NBA
019bae3e-2c75-7f00-bcf8-1e4482c1774e,Novig,straight,SETTLED_WIN,2.531645569620253,2.4699999999999998,0.0250,14.99815,22.97,01/11/2026 18:07:51 GMT,01/11/2026 20:35:00 GMT,2026-01-11T18:07:51.546Z,2026-01-11T20:35:00.000Z,Over 7.5 Jock Landale REBOUNDS Brooklyn Nets @ Memphis Grizzlies,,Basketball,NBA
20DHL24U1S,BetMGM,parlay,SETTLED_LOSS,5.62,5.538006372325898,0.0148,10,-10.00,01/08/2026 17:38:59 GMT,01/11/2026 17:30:00 GMT,2026-01-08T17:38:59.077Z,2026-01-11T17:30:00.000Z,Yes Both teams to score Borussia Monchengladbach - FC Augsburg | Yes Both teams to score Bayern Munich - VfL Wolfsburg | Yes Both teams to score 1. FSV Mainz 05 - 1. FC Heidenheim,,Soccer,Bundesliga
26011140000019805,Fanatics,straight,SETTLED_WIN,1.8,1.8333333333333335,-0.0182,40,32.00,01/08/2026 17:40:04 GMT,01/11/2026 16:43:31 GMT,2026-01-08T17:40:04.151Z,2026-01-11T16:43:31.686Z,Yes Both Teams to Score Bayern Munich vs Wolfsburg,,Soccer,Bundesliga
PlacedBet:LF2/jzahTrlxwlNEr/5+oXEJwsI=,theScore Bet,straight,SETTLED_LOSS,1.7407407407407407,1.7692307692307692,-0.0161,40,-40.00,01/08/2026 17:39:18 GMT,01/11/2026 16:24:50 GMT,2026-01-08T17:39:18.188Z,2026-01-11T16:24:50.447Z,Yes Both Teams To Score Borussia Monchengladbach vs FC Augsburg,,Soccer,Bundesliga
O/0003172/0003888,Fanduel Sportsbook,parlay,SETTLED_LOSS,13.61,,,5,-5.00,01/08/2026 17:38:21 GMT,01/11/2026 16:23:15 GMT,2026-01-08T17:38:21.000Z,2026-01-11T16:23:15.000Z,Yes Both Teams To Score Mgladbach v Augsburg | Yes Both Teams To Score Bayern Munich v Wolfsburg | No Both Teams To Score Hamburger SV v Leverkusen | Yes Both Teams To Score Mainz v FC Heidenheim,,Soccer,Bundesliga
20DLAP5BKB,BetMGM,straight,SETTLED_LOSS,2.09,1.925925925925926,0.0852,15,-15.00,01/10/2026 15:51:42 GMT,01/11/2026 05:40:00 GMT,2026-01-10T15:51:42.973Z,2026-01-11T05:40:00.000Z,Over 2.5 Isaiah Collier (UTA): Rebounds Charlotte Hornets at Utah Jazz,,Basketball,NBA
O/0003172/0003908,Fanduel Sportsbook,straight,SETTLED_WIN,1.8849557522123894,1.8849557522123894,,20,17.70,01/11/2026 02:39:55 GMT,01/11/2026 05:05:06 GMT,2026-01-11T02:39:55.000Z,2026-01-11T05:05:06.000Z,Isaiah Collier Under 2.5 Isaiah Collier - Rebounds Charlotte Hornets @ Utah Jazz,,Basketball,NBA
O/0003172/0003901,Fanduel Sportsbook,parlay,SETTLED_LOSS,11.8,,,10,-10.00,01/10/2026 15:48:40 GMT,01/11/2026 05:05:05 GMT,2026-01-10T15:48:40.000Z,2026-01-11T05:05:05.000Z,Jarrett Allen Over 8.5 Jarrett Allen - Rebounds Minnesota Timberwolves @ Cleveland Cavaliers | Julian Champagnie To Record 6+ Rebounds San Antonio Spurs @ Boston Celtics | Neemias Queta To Record 8+ Rebounds San Antonio Spurs @ Boston Celtics | Isaiah Collier Over 2.5 Isaiah Collier - Rebounds Charlotte Hornets @ Utah Jazz,,Basketball,NBA
639036573399666338,Draftkings Sportsbook,straight,SETTLED_LOSS,2.33,2.4,-0.0292,11,-11.00,01/10/2026 15:55:39 GMT,01/11/2026 04:22:00 GMT,2026-01-10T15:55:39.705Z,2026-01-11T04:22:00.733Z,Under 1.5 Collin Sexton Rebounds O/U CHA Hornets @ UTA Jazz,,Basketball,NBA
26013910000019905,Fanatics,parlay,SETTLED_WIN,6.38,4.2380676415178975,0.5054,10,53.87,01/10/2026 15:50:03 GMT,01/11/2026 04:01:18 GMT,2026-01-10T15:50:03.888Z,2026-01-11T04:01:18.978Z,9+ Jarrett Allen - Rebounds Minnesota Timberwolves at Cleveland Cavaliers | Under 5.5 Naji Marshall - Rebounds OU Dallas Mavericks at Chicago Bulls | 7+ Moussa Diabate - Rebounds Charlotte Hornets at Utah Jazz,,Basketball,NBA
26013916000019605,Fanatics,straight,SETTLED_WIN,1.9523809523809523,1.8849557522123894,0.0358,10,9.52,01/10/2026 15:56:07 GMT,01/11/2026 03:25:40 GMT,2026-01-10T15:56:07.535Z,2026-01-11T03:25:40.896Z,Under 23.5 Cooper Flagg - Points OU Dallas Mavericks at Chicago Bulls,,Basketball,NBA
O/0003172/0003904,Fanduel Sportsbook,straight,SETTLED_LOSS,2.06,2.08,-0.0096,10,-10.00,01/10/2026 15:54:01 GMT,01/11/2026 03:25:07 GMT,2026-01-10T15:54:01.000Z,2026-01-11T03:25:07.000Z,Victor Wembanyama To Record 10+ Rebounds San Antonio Spurs @ Boston Celtics,,Basketball,NBA
O/0003172/0003903,Fanduel Sportsbook,straight,SETTLED_WIN,2.16,2.1100000000000003,0.0237,10,11.60,01/10/2026 15:52:19 GMT,01/11/2026 03:22:50 GMT,2026-01-10T15:52:19.000Z,2026-01-11T03:22:50.000Z,Naji Marshall Under 5.5 Naji Marshall - Rebounds Dallas Mavericks @ Chicago Bulls,,Basketball,NBA
26013904000059905,Fanatics,straight,SETTLED_WIN,1.8,1.495049504950495,0.2040,30,24.00,01/10/2026 15:44:41 GMT,01/11/2026 03:08:19 GMT,2026-01-10T15:44:41.064Z,2026-01-11T03:08:19.008Z,Los Angeles Clippers +6.0 Spread Los Angeles Clippers at Detroit Pistons,,Basketball,NBA
26013916000019705,Fanatics,straight,SETTLED_WIN,1.8,1.6578947368421053,0.0857,10,8.00,01/10/2026 15:56:23 GMT,01/11/2026 03:05:34 GMT,2026-01-10T15:56:23.466Z,2026-01-11T03:05:34.972Z,5+ Luka Garza - Rebounds San Antonio Spurs at Boston Celtics,,Basketball,NBA
639036573936989522,Draftkings Sportsbook,straight,SETTLED_WIN,1.7692307692307692,2,-0.1154,10,7.69,01/10/2026 15:56:32 GMT,01/11/2026 02:57:36 GMT,2026-01-10T15:56:32.981Z,2026-01-11T02:57:36.048Z,3+ Sion James Rebounds CHA Hornets @ UTA Jazz,,Basketball,NBA
O/0003172/0003902,Fanduel Sportsbook,straight,SETTLED_WIN,1.7692307692307692,1.8547008547008548,-0.0461,15,11.54,01/10/2026 15:51:58 GMT,01/11/2026 02:36:26 GMT,2026-01-10T15:51:58.000Z,2026-01-11T02:36:26.000Z,Neemias Queta To Record 8+ Rebounds San Antonio Spurs @ Boston Celtics,,Basketball,NBA
237a5e9a-d42e-47ee-9778-92681c620652,Novig,parlay,SETTLED_LOSS,19.607843137254903,,,3,-3.00,01/10/2026 15:48:53 GMT,01/11/2026 02:35:00 GMT,2026-01-10T15:48:53.409Z,2026-01-11T02:35:00.000Z,Over 5.5 Julian Champagnie REBOUNDS San Antonio Spurs @ Boston Celtics | Over 7.5 Neemias Queta REBOUNDS San Antonio Spurs @ Boston Celtics | Under 5.5 Naji Marshall REBOUNDS Dallas Mavericks @ Chicago Bulls | Over 2.5 Isaiah Collier REBOUNDS Charlotte Hornets @ Utah Jazz | Over 8.5 Jarrett Allen REBOUNDS Minnesota Timberwolves @ Cleveland Cavaliers,,Basketball,NBA
019ba895-7a0d-7d46-a6f4-126792360167,Novig,straight,SETTLED_LOSS,1.945525291828794,2.13,-0.0866,29.99704,-30.00,01/10/2026 15:45:32 GMT,01/11/2026 02:35:00 GMT,2026-01-10T15:45:32.109Z,2026-01-11T02:35:00.000Z,Under 239.5 Total Charlotte Hornets @ Utah Jazz,,Basketball,NBA
019ba895-b04b-782b-ae42-d7025b2ff6e3,Novig,straight,SETTLED_LOSS,2.6525198938992043,2.964088,-0.1051,59.99955,-60.00,01/10/2026 15:45:44 GMT,01/11/2026 02:35:00 GMT,2026-01-10T15:45:44.119Z,2026-01-11T02:35:00.000Z,Utah Jazz Moneyline Charlotte Hornets @ Utah Jazz,,Basketball,NBA
26013916000029405,Fanatics,straight,SETTLED_WIN,2.2,2.2,,10,12.00,01/10/2026 15:56:17 GMT,01/11/2026 02:30:51 GMT,2026-01-10T15:56:17.181Z,2026-01-11T02:30:51.126Z,4+ De'Aaron Fox - Rebounds San Antonio Spurs at Boston Celtics,,Basketball,NBA
O/0003172/0003906,Fanduel Sportsbook,straight,SETTLED_LOSS,1.8,1.9615384615384617,-0.0824,10,-10.00,01/10/2026 15:54:29 GMT,01/11/2026 02:29:18 GMT,2026-01-10T15:54:29.000Z,2026-01-11T02:29:18.000Z,Kel'el Ware To Score 10+ Points Miami Heat @ Indiana Pacers,,Basketball,NBA
O/0003172/0003905,Fanduel Sportsbook,straight,SETTLED_LOSS,1.7352941176470589,2.02,-0.1409,10,-10.00,01/10/2026 15:54:17 GMT,01/11/2026 02:29:01 GMT,2026-01-10T15:54:17.000Z,2026-01-11T02:29:01.000Z,Kel'el Ware Over 8.5 Kel'el Ware - Rebounds Miami Heat @ Indiana Pacers,,Basketball,NBA
26013904000069805,Fanatics,straight,SETTLED_WIN,1.7692307692307692,1.7633587786259541,0.0033,20,15.38,01/10/2026 15:44:23 GMT,01/11/2026 02:24:24 GMT,2026-01-10T15:44:23.174Z,2026-01-11T02:24:24.417Z,Indiana Pacers +8.0 Spread Miami Heat at Indiana Pacers,,Basketball,NBA
019ba895-31f3-743f-85ef-5cd4c2fd50fd,Novig,straight,SETTLED_LOSS,2.03245446977979,2.0917028,-0.0283,49.99866,-50.00,01/10/2026 15:45:13 GMT,01/11/2026 01:05:00 GMT,2026-01-10T15:45:13.967Z,2026-01-11T01:05:00.000Z,Boston Celtics Moneyline San Antonio Spurs @ Boston Celtics,,Basketball,NBA
019ba89b-898b-739c-9e03-d99a364722fe,Novig,straight,SETTLED_WIN,1.8761726078799252,1.8849557522123894,-0.0047,9.99908,8.76,01/10/2026 15:52:09 GMT,01/11/2026 01:05:00 GMT,2026-01-10T15:52:09.031Z,2026-01-11T01:05:00.000Z,Over 5.5 Julian Champagnie REBOUNDS San Antonio Spurs @ Boston Celtics,,Basketball,NBA
O/0003172/0003898,Fanduel Sportsbook,parlay,SETTLED_LOSS,1763.32,,,0.09,-0.09,01/10/2026 01:25:17 GMT,01/11/2026 00:55:39 GMT,2026-01-10T01:25:17.000Z,2026-01-11T00:55:39.000Z,Puka Nacua to Record a 20+ Yard TD Reception Game Specials - Receiving Los Angeles Rams @ Carolina Panthers | Christian Watson to Record a 20+ Yard TD Reception Game Specials - Receiving Green Bay Packers @ Chicago Bears | A.J. Brown to Record a 20+ Yard TD Reception Game Specials - Receiving San Francisco 49ers @ Philadelphia Eagles | Quentin Johnston to Record a 20+ Yard TD Reception Game Specials - Receiving Los Angeles Chargers @ New England Patriots | Nico Collins to Record a 20+ Yard TD Reception Game Specials - Receiving Houston Texans @ Pittsburgh Steelers,,American Football,NFL
019ba894-eec6-757c-bd48-27ed344827b8,Novig,straight,SETTLED_LOSS,1.9011406844106467,2.000760499009901,-0.0498,39.99704,-40.00,01/10/2026 15:44:56 GMT,01/11/2026 00:35:00 GMT,2026-01-10T15:44:56.114Z,2026-01-11T00:35:00.000Z,Over 215.5 Total Los Angeles Clippers @ Detroit Pistons,,Basketball,NBA
O/0003172/0003907,Fanduel Sportsbook,straight,SETTLED_WIN,1.9090909090909092,1.8695652173913042,0.0211,10,9.09,01/10/2026 15:55:51 GMT,01/11/2026 00:26:09 GMT,2026-01-10T15:55:51.000Z,2026-01-11T00:26:09.000Z,Johnny Furphy Over 6.5 Johnny Furphy - Points Miami Heat @ Indiana Pacers,,Basketball,NBA
26013904000039605,Fanatics,straight,SETTLED_LOSS,1.9090909090909092,1.6711409395973154,0.1424,20,-20.00,01/10/2026 15:44:08 GMT,01/10/2026 20:29:50 GMT,2026-01-10T15:44:08.486Z,2026-01-10T20:29:50.250Z,Minnesota Timberwolves +5.0 Spread Minnesota Timberwolves at Cleveland Cavaliers,,Basketball,NBA
26013910000029705,Fanatics,straight,SETTLED_WIN,1.7692307692307692,1.7352941176470589,0.0196,20,15.38,01/10/2026 15:50:30 GMT,01/10/2026 19:09:27 GMT,2026-01-10T15:50:30.024Z,2026-01-10T19:09:27.709Z,9+ Jarrett Allen - Rebounds Minnesota Timberwolves at Cleveland Cavaliers,,Basketball,NBA
019ba89f-b571-7026-91f5-1a85671ae208,Novig,straight,SETTLED_LOSS,1.8115942028985508,1.8,0.0064,9.99672,-10.00,01/10/2026 15:56:41 GMT,01/10/2026 18:05:00 GMT,2026-01-10T15:56:41.587Z,2026-01-10T18:05:00.000Z,Under 18.5 Darius Garland POINTS Minnesota Timberwolves @ Cleveland Cavaliers,,Basketball,NBA
019ba893-c5c2-76e0-834b-a012692625e5,Novig,straight,SETTLED_LOSS,1.851851851851852,1.9090909090909092,-0.0300,34.9974,-35.00,01/10/2026 15:43:38 GMT,01/10/2026 18:05:00 GMT,2026-01-10T15:43:38.922Z,2026-01-10T18:05:00.000Z,Under 240.5 Total Minnesota Timberwolves @ Cleveland Cavaliers,,Basketball,NBA
20DJTXG589,BetMGM,straight,SETTLED_LOSS,1.7407407407407407,1.7692307692307692,-0.0161,55,-55.00,01/09/2026 14:21:00 GMT,01/10/2026 06:10:00 GMT,2026-01-09T14:21:00.383Z,2026-01-10T06:10:00.000Z,Sacramento Kings +16.5 Spread Sacramento Kings at Golden State Warriors,,Basketball,NBA
639035681742513625,Draftkings Sportsbook,parlay,SETTLED_LOSS,19.02,9.35199958370915,1.0338,7,-7.00,01/09/2026 15:09:35 GMT,01/10/2026 06:01:48 GMT,2026-01-09T15:09:35.761Z,2026-01-10T06:01:48.404Z,4+ Jake LaRavia Rebounds MIL Bucks @ LA Lakers | 8+ Amen Thompson Rebounds HOU Rockets @ POR Trail Blazers | Under 3.5 Devin Booker Rebounds O/U NY Knicks @ PHO Suns | Under 2.5 Jordan Poole Rebounds O/U NO Pelicans @ WAS Wizards,,Basketball,NBA
O/0003172/0003895,Fanduel Sportsbook,straight,SETTLED_LOSS,1.7142857142857144,1.3448275862068966,0.2747,15,-15.00,01/09/2026 16:52:54 GMT,01/10/2026 05:58:14 GMT,2026-01-09T16:52:54.000Z,2026-01-10T05:58:14.000Z,Jake Laravia To Record 4+ Rebounds Milwaukee Bucks @ Los Angeles Lakers,,Basketball,NBA
O/0003172/0003893,Fanduel Sportsbook,straight,SETTLED_LOSS,1.7142857142857144,1.3448275862068966,0.2747,10,-10.00,01/09/2026 15:10:25 GMT,01/10/2026 05:58:14 GMT,2026-01-09T15:10:25.000Z,2026-01-10T05:58:14.000Z,Jake Laravia To Record 4+ Rebounds Milwaukee Bucks @ Los Angeles Lakers,,Basketball,NBA
O/0003172/0003900,Fanduel Sportsbook,straight,SETTLED_WIN,2.34,,,56,75.04,01/10/2026 04:56:08 GMT,01/10/2026 05:58:11 GMT,2026-01-10T04:56:08.000Z,2026-01-10T05:58:11.000Z,Jake Laravia Under 3.5 Jake Laravia - Rebounds Milwaukee Bucks @ Los Angeles Lakers,,Basketball,NBA
639035749153224424,Draftkings Sportsbook,straight,SETTLED_LOSS,1.7194244604316546,1.6896551724137931,0.0176,15,-15.00,01/09/2026 17:01:55 GMT,01/10/2026 05:46:38 GMT,2026-01-09T17:01:55.490Z,2026-01-10T05:46:38.002Z,Over 6.5 Tari Eason Rebounds O/U HOU Rockets @ POR Trail Blazers,,Basketball,NBA
76e0b390-ed66-11f0-8886-bb64e45c9fa8,Caesars Sportsbook,straight,SETTLED_LOSS,1.91,1.819672131147541,0.0496,35,-35.00,01/09/2026 14:21:18 GMT,01/10/2026 05:30:28 GMT,2026-01-09T14:21:18.537Z,2026-01-10T05:30:28.883Z,Over 220.5 Total Points Houston Rockets at Portland Trail Blazers,,Basketball,NBA
O/0003172/0003896,Fanduel Sportsbook,straight,SETTLED_WIN,2.6399999999999997,2.3600000000000003,0.1186,7.5,12.30,01/09/2026 16:53:36 GMT,01/10/2026 05:22:43 GMT,2026-01-09T16:53:36.000Z,2026-01-10T05:22:43.000Z,Stephen Curry Under 3.5 Stephen Curry - Alt Rebounds Sacramento Kings @ Golden State Warriors,,Basketball,NBA
O/0003172/0003897,Fanduel Sportsbook,straight,SETTLED_WIN,2.02,2.24,-0.0982,10,10.20,01/09/2026 17:02:44 GMT,01/10/2026 05:22:41 GMT,2026-01-09T17:02:44.000Z,2026-01-10T05:22:41.000Z,Nique Clifford Under 2.5 Nique Clifford - Rebounds Sacramento Kings @ Golden State Warriors,,Basketball,NBA
O/0003172/0003894,Fanduel Sportsbook,straight,SETTLED_WIN,2.24,2.24,,10,12.40,01/09/2026 16:52:18 GMT,01/10/2026 05:21:10 GMT,2026-01-09T16:52:18.000Z,2026-01-10T05:21:10.000Z,Amen Thompson To Record 8+ Rebounds Houston Rockets @ Portland Trail Blazers,,Basketball,NBA
26012532000019705,Fanatics,straight,SETTLED_WIN,2.15,2.62,-0.1794,10,11.50,01/09/2026 16:52:01 GMT,01/10/2026 05:11:22 GMT,2026-01-09T16:52:01.253Z,2026-01-10T05:11:22.417Z,3+ Dorian Finney-Smith - Rebounds Houston Rockets at Portland Trail Blazers,,Basketball,NBA
e2d31510-ed7b-11f0-8e78-e3f5880cb6ba,Caesars Sportsbook,straight,SETTLED_WIN,2.18,2.05,0.0634,10,11.80,01/09/2026 16:54:39 GMT,01/10/2026 04:50:35 GMT,2026-01-09T16:54:39.073Z,2026-01-10T04:50:35.699Z,Under 3.5 Devin Booker - Total Rebounds New York Knicks at Phoenix Suns,,Basketball,NBA
26012534000029905,Fanatics,straight,SETTLED_LOSS,2.05,1.9174311926605505,0.0691,10,-10.00,01/09/2026 16:54:16 GMT,01/10/2026 04:44:31 GMT,2026-01-09T16:54:16.559Z,2026-01-10T04:44:31.411Z,12+ Mark Williams - Points New York Knicks at Phoenix Suns,,Basketball,NBA
PlacedBet:d7a3ivVxFOC1PcYE6xe9gM3lRC4=,theScore Bet,straight,SETTLED_WIN,2.1,2.05,0.0244,50,55.00,01/09/2026 14:20:22 GMT,01/10/2026 04:39:52 GMT,2026-01-09T14:20:22.125Z,2026-01-10T04:39:52.536Z,PHX Suns Moneyline New York Knicks @ Phoenix Suns,,Basketball,NBA
459c8ca0-ed66-11f0-befb-4f157d39bbfc,Caesars Sportsbook,straight,SETTLED_LOSS,1.95238,2.25,-0.1323,60,-60.00,01/09/2026 14:19:55 GMT,01/10/2026 04:12:26 GMT,2026-01-09T14:19:55.882Z,2026-01-10T04:12:26.430Z,Denver Nuggets -1 Spread Atlanta Hawks at Denver Nuggets,,Basketball,NBA
639035749234829396,Draftkings Sportsbook,straight,SETTLED_VOID,1.9433962264150944,,,10,0.00,01/09/2026 17:02:02 GMT,01/10/2026 04:10:58 GMT,2026-01-09T17:02:02.468Z,2026-01-10T04:10:58.973Z,Over 3.5 Zaccharie Risacher Rebounds O/U ATL Hawks @ DEN Nuggets,,Basketball,NBA
O/0003172/0003899,Fanduel Sportsbook,straight,SETTLED_LOSS,2.33,,,10,-10.00,01/10/2026 01:25:51 GMT,01/10/2026 04:08:32 GMT,2026-01-10T01:25:51.000Z,2026-01-10T04:08:32.000Z,Oregon 6.5 Spread Oregon @ Indiana,,American Football,NCAAFB
019ba322-76c5-7c54-8422-fdcb1aefe2ef,Novig,straight,SETTLED_WIN,1.941747572815534,1.9523809523809523,-0.0054,29.99875,28.25,01/09/2026 14:21:48 GMT,01/10/2026 03:35:00 GMT,2026-01-09T14:21:48.076Z,2026-01-10T03:35:00.000Z,away +3.5 Spread Milwaukee Bucks @ Los Angeles Lakers,,Basketball,NBA
019ba322-398e-7961-84e9-7869f55b951f,Novig,straight,SETTLED_WIN,1.9569471624266146,2,-0.0215,29.9957,28.70,01/09/2026 14:21:32 GMT,01/10/2026 03:05:00 GMT,2026-01-09T14:21:32.989Z,2026-01-10T03:05:00.000Z,home +6.5 Spread Houston Rockets @ Portland Trail Blazers,,Basketball,NBA
26012532000069705,Fanatics,straight,SETTLED_WIN,2,2.05,-0.0244,10,10.00,01/09/2026 16:52:38 GMT,01/10/2026 02:47:46 GMT,2026-01-09T16:52:38.548Z,2026-01-10T02:47:46.591Z,9+ Jordan Clarkson - Points New York Knicks at Phoenix Suns,,Basketball,NBA
639035744996876477,Draftkings Sportsbook,straight,SETTLED_WIN,2.4299999999999997,1.704225352112676,0.4259,15,21.45,01/09/2026 16:55:00 GMT,01/10/2026 02:43:44 GMT,2026-01-09T16:55:00.011Z,2026-01-10T02:43:44.541Z,Under 2.5 Jordan Poole Rebounds O/U NO Pelicans @ WAS Wizards,,Basketball,NBA
26012378000039605,Fanatics,straight,SETTLED_LOSS,1.9090909090909092,1.980768536074624,-0.0362,30,-30.00,01/09/2026 14:18:11 GMT,01/10/2026 02:26:57 GMT,2026-01-09T14:18:11.471Z,2026-01-10T02:26:57.320Z,Washington Wizards +3.0 Spread New Orleans Pelicans at Washington Wizards,,Basketball,NBA
O/0003172/0003891,Fanduel Sportsbook,straight,SETTLED_WIN,1.9090909090909092,2.04,-0.0642,30,27.27,01/09/2026 14:18:51 GMT,01/10/2026 02:26:30 GMT,2026-01-09T14:18:51.000Z,2026-01-10T02:26:30.000Z,Under 242.5 Total Points New Orleans Pelicans @ Washington Wizards,,Basketball,NBA
PlacedBet:aHpqB7Ura8qKc8L226U8aTD5SG4=,theScore Bet,straight,SETTLED_LOSS,1.9090909090909092,1.9090909090909092,,15,-15.00,01/09/2026 16:55:14 GMT,01/10/2026 02:19:19 GMT,2026-01-09T16:55:14.817Z,2026-01-10T02:19:19.109Z,Under 16.5 Payton Pritchard Total Points Toronto Raptors @ Boston Celtics,,Basketball,NBA
639035742899916616,Draftkings Sportsbook,parlay,SETTLED_WIN,3.52,3.8018409087308505,-0.0741,10,25.23,01/09/2026 16:51:29 GMT,01/10/2026 02:18:06 GMT,2026-01-09T16:51:29.735Z,2026-01-10T02:18:06.606Z,Miami OH Moneyline Miami OH @ Toledo | Fairfield Moneyline Rider @ Fairfield | Wright State Moneyline Wright State @ Detroit Mercy,,Basketball,NCAAM
019ba3a9-d982-7e2b-805b-3d70b9d9eb7f,Novig,straight,SETTLED_LOSS,1.6949152542372883,1.7860679133858268,-0.0510,9.9946,-9.99,01/09/2026 16:49:38 GMT,01/10/2026 01:00:00 GMT,2026-01-09T16:49:38.640Z,2026-01-10T01:00:00.000Z,Milwaukee Moneyline Northern Kentucky @ Milwaukee,,Basketball,NCAAM
019ba3a9-ba8c-737f-91ec-662970300a88,Novig,straight,SETTLED_WIN,1.5732685945107208,1.526315789473684,0.0308,24.99891,14.33,01/09/2026 16:49:30 GMT,01/10/2026 01:00:00 GMT,2026-01-09T16:49:30.801Z,2026-01-10T01:00:00.000Z,Akron Moneyline Akron @ Bowling Green,,Basketball,NCAAM
0ebe7ad0-ed7b-11f0-befb-4f157d39bbfc,Caesars Sportsbook,straight,SETTLED_WIN,2,2.05,-0.0244,10,10.00,01/09/2026 16:48:43 GMT,01/10/2026 00:54:06 GMT,2026-01-09T16:48:43.261Z,2026-01-10T00:54:06.840Z,Miami (OH) RedHawks Money Line Miami (OH) RedHawks at Toledo Rockets,,Basketball,NCAAM
019ba320-4307-7c42-aeec-84f4b30cb0cc,Novig,straight,SETTLED_WIN,1.8761726078799248,1.9615384615384617,-0.0435,34.99678,30.66,01/09/2026 14:19:22 GMT,01/10/2026 00:35:00 GMT,2026-01-09T14:19:22.234Z,2026-01-10T00:35:00.000Z,Over 214.5 Total Los Angeles Clippers @ Brooklyn Nets,,Basketball,NBA
019ba320-0d14-746c-9d67-e75780d340aa,Novig,straight,SETTLED_LOSS,1.9801980198019804,2.378224,-0.1674,49.995,-49.99,01/09/2026 14:19:08 GMT,01/10/2026 00:35:00 GMT,2026-01-09T14:19:08.642Z,2026-01-10T00:35:00.000Z,home +3.5 Spread Los Angeles Clippers @ Brooklyn Nets,,Basketball,NBA
019ba3b5-5344-7126-b83f-f622e713bb0d,Novig,straight,SETTLED_LOSS,1.724182073626975,1.704225352112676,0.0117,12.49868,-12.50,01/09/2026 17:02:20 GMT,01/10/2026 00:05:00 GMT,2026-01-09T17:02:20.081Z,2026-01-10T00:05:00.000Z,Over 4.5 Goga Bitadze REBOUNDS Philadelphia 76ers @ Orlando Magic,,Basketball,NBA
019ba3ae-3564-7e08-8e1e-71b9059fa8ed,Novig,straight,SETTLED_WIN,2.02020202020202,2,0.0101,9.999,10.20,01/09/2026 16:54:27 GMT,01/10/2026 00:05:00 GMT,2026-01-09T16:54:27.204Z,2026-01-10T00:05:00.000Z,Over 6.5 Justin Champagnie REBOUNDS New Orleans Pelicans @ Washington Wizards,,Basketball,NBA
019ba31e-59ac-71df-ac1f-3d7a7a4a8064,Novig,straight,SETTLED_LOSS,2.252252252252252,2.2912872,-0.0170,44.9994,-45.00,01/09/2026 14:17:18 GMT,01/10/2026 00:05:00 GMT,2026-01-09T14:17:18.623Z,2026-01-10T00:05:00.000Z,Washington Wizards Moneyline New Orleans Pelicans @ Washington Wizards,,Basketball,NBA
019ba31d-4ae5-7862-8c56-62515ca4e6ea,Novig,straight,SETTLED_WIN,1.8450184501845015,1.7874015748031495,0.0322,34.99694,29.57,01/09/2026 14:16:10 GMT,01/10/2026 00:05:00 GMT,2026-01-09T14:16:10.610Z,2026-01-10T00:05:00.000Z,Over 221.5 Total Toronto Raptors @ Boston Celtics,,Basketball,NBA
019ba31d-82e0-7038-a007-a4d708e914ec,Novig,straight,SETTLED_LOSS,1.7951017224309378,1.7751937984496124,0.0112,59.9966,-60.00,01/09/2026 14:16:28 GMT,01/10/2026 00:05:00 GMT,2026-01-09T14:16:28.446Z,2026-01-10T00:05:00.000Z,home +4.5 Spread Philadelphia 76ers @ Orlando Magic,,Basketball,NBA
019ba3a9-2c58-7346-b09d-4b31f932048b,Novig,straight,SETTLED_WIN,1.466275659824047,1.5319148936170213,-0.0428,24.9953,11.65,01/09/2026 16:48:56 GMT,01/10/2026 00:00:00 GMT,2026-01-09T16:48:56.162Z,2026-01-10T00:00:00.000Z,Wright State Moneyline Wright State @ Detroit Mercy,,Basketball,NCAAM
019ba3a9-982d-70f8-8e21-8ab5fcf66868,Novig,straight,SETTLED_LOSS,1.5151515151515151,1.4524747789263919,0.0432,24.9942,-24.99,01/09/2026 16:49:22 GMT,01/10/2026 00:00:00 GMT,2026-01-09T16:49:22.037Z,2026-01-10T00:00:00.000Z,Siena Moneyline Merrimack @ Siena,,Basketball,NCAAM
O/0003172/0003886,Fanduel Sportsbook,straight,SETTLED_WIN,1.8264462809917354,1.6162595603733816,0.1300,10,8.30,01/08/2026 14:28:37 GMT,01/09/2026 04:30:03 GMT,2026-01-08T14:28:37.000Z,2026-01-09T04:30:03.000Z,Miami Florida Moneyline Miami Florida @ Ole Miss,,American Football,NCAAFB
O/0003172/0003839,Fanduel Sportsbook,straight,SETTLED_WIN,1.617283950617284,1.6162595603733816,0.0006,30,18.52,01/02/2026 04:59:24 GMT,01/09/2026 04:30:03 GMT,2026-01-02T04:59:24.000Z,2026-01-09T04:30:03.000Z,Miami Florida Moneyline Miami Florida @ Ole Miss,,American Football,NCAAFB
639034865948520090,Draftkings Sportsbook,straight,SETTLED_WIN,1.704225352112676,1.8849557522123894,-0.0959,15,10.56,01/08/2026 16:29:54 GMT,01/09/2026 04:27:47 GMT,2026-01-08T16:29:54.067Z,2026-01-09T04:27:47.619Z,Over 6.5 Daniel Gafford Rebounds O/U DAL Mavericks @ UTA Jazz,,Basketball,NBA
PlacedBet:OUiqo3pq8MlY6PcxyG6rZwl0uZo=,theScore Bet,straight,SETTLED_LOSS,1.9523809523809523,1.9615384615384617,-0.0047,3,0.00,01/08/2026 14:24:42 GMT,01/09/2026 04:19:43 GMT,2026-01-08T14:24:42.353Z,2026-01-09T04:19:43.676Z,Under 3.5 Max Christie Total Rebounds Dallas Mavericks @ Utah Jazz,,Basketball,NBA
PlacedBet:6iwjU8YOIL5/DB/C4dr27Upf5Ho=,theScore Bet,parlay,SETTLED_LOSS,8.836,,,10,-10.00,01/08/2026 14:19:55 GMT,01/09/2026 04:19:39 GMT,2026-01-08T14:19:55.557Z,2026-01-09T04:19:39.727Z,Over 9.5 Kel'el Ware Total Rebounds Miami Heat @ Chicago Bulls | Under 6.5 Kevin Love Total Rebounds Dallas Mavericks @ Utah Jazz | Under 3.5 Max Christie Total Rebounds Dallas Mavericks @ Utah Jazz,,Basketball,NBA
PlacedBet:AtfeYttfQ3/+30A9XsJ1ZmtBsNI=,theScore Bet,straight,SETTLED_LOSS,1.9523809523809523,1.9615384615384617,-0.0047,7,-7.00,01/08/2026 14:24:53 GMT,01/09/2026 04:19:27 GMT,2026-01-08T14:24:53.433Z,2026-01-09T04:19:27.167Z,Under 3.5 Max Christie Total Rebounds Dallas Mavericks @ Utah Jazz,,Basketball,NBA
26010844000019405,Fanatics,straight,SETTLED_WIN,1.8333333333333335,2.04,-0.1013,35,29.17,01/08/2026 12:44:31 GMT,01/09/2026 04:14:34 GMT,2026-01-08T12:44:31.972Z,2026-01-09T04:14:34.876Z,Under 242.0 Total Points Dallas Mavericks at Utah Jazz,,Basketball,NBA
20DHASN90Y,BetMGM,straight,SETTLED_VOID,1.8,,,30,0.00,01/08/2026 12:41:47 GMT,01/09/2026 04:10:00 GMT,2026-01-08T12:41:47.560Z,2026-01-09T04:10:00.000Z,Under 240.5 Totals Miami Heat at Chicago Bulls,,Basketball,NBA
639034789786133138,Draftkings Sportsbook,straight,SETTLED_VOID,1.9090909090909092,,,10,0.00,01/08/2026 14:22:58 GMT,01/09/2026 04:10:00 GMT,2026-01-08T14:22:58.184Z,2026-01-09T04:10:00.000Z,CHI Bulls +7.5 Spread MIA Heat @ CHI Bulls,,Basketball,NBA
639034728106929153,Draftkings Sportsbook,straight,SETTLED_VOID,1.8695652173913042,,,60,0.00,01/08/2026 12:40:10 GMT,01/09/2026 04:10:00 GMT,2026-01-08T12:40:10.080Z,2026-01-09T04:10:00.000Z,CHI Bulls +7.5 Spread MIA Heat @ CHI Bulls,,Basketball,NBA
O/0003172/0003884,Fanduel Sportsbook,straight,SETTLED_LOSS,2.04,2.09,-0.0239,10,-10.00,01/08/2026 14:23:23 GMT,01/09/2026 03:33:34 GMT,2026-01-08T14:23:23.000Z,2026-01-09T03:33:34.000Z,Jaden McDaniels Under 4.5 Jaden McDaniels - Rebounds Cleveland Cavaliers @ Minnesota Timberwolves,,Basketball,NBA
O/0003172/0003885,Fanduel Sportsbook,straight,SETTLED_LOSS,1.8771929824561404,2,-0.0614,10,-10.00,01/08/2026 14:23:34 GMT,01/09/2026 03:33:34 GMT,2026-01-08T14:23:34.000Z,2026-01-09T03:33:34.000Z,Evan Mobley Over 8.5 Evan Mobley - Rebounds Cleveland Cavaliers @ Minnesota Timberwolves,,Basketball,NBA
639029286741984137,Draftkings Sportsbook,straight,SETTLED_WIN,1.6756756756756757,,,15,10.13,01/02/2026 05:31:15 GMT,01/09/2026 03:30:00 GMT,2026-01-02T05:31:15.211Z,2026-01-09T03:30:00.000Z,Miami FL Moneyline Miami FL @ Ole Miss,,other,other
O/0003172/0003881,Fanduel Sportsbook,straight,SETTLED_LOSS,1.819672131147541,1.8,0.0109,37,-37.00,01/08/2026 12:43:31 GMT,01/09/2026 03:29:52 GMT,2026-01-08T12:43:31.000Z,2026-01-09T03:29:52.000Z,Under 241.5 Alternate Total Points Cleveland Cavaliers @ Minnesota Timberwolves,,Basketball,NBA
26010940000019505,Fanatics,parlay,SETTLED_LOSS,4.12,,,5,-5.00,01/08/2026 14:20:18 GMT,01/09/2026 02:56:42 GMT,2026-01-08T14:20:18.749Z,2026-01-09T02:56:42.493Z,11+ Kel'el Ware - Points Miami Heat at Chicago Bulls | 10+ Kel'el Ware - Rebounds Miami Heat at Chicago Bulls | Under 3.5 Max Christie - Rebounds OU Dallas Mavericks at Utah Jazz | Under 6.5 Kevin Love - Rebounds OU Dallas Mavericks at Utah Jazz,,Basketball,NBA
26010939000019605,Fanatics,parlay,SETTLED_LOSS,4.12,,,10,-10.00,01/08/2026 14:19:03 GMT,01/09/2026 02:56:42 GMT,2026-01-08T14:19:03.458Z,2026-01-09T02:56:42.169Z,11+ Kel'el Ware - Points Miami Heat at Chicago Bulls | Under 3.5 Max Christie - Rebounds OU Dallas Mavericks at Utah Jazz | Under 6.5 Kevin Love - Rebounds OU Dallas Mavericks at Utah Jazz,,Basketball,NBA
26010944000029505,Fanatics,straight,SETTLED_VOID,2.05,,,10,0.00,01/08/2026 14:24:23 GMT,01/09/2026 02:56:34 GMT,2026-01-08T14:24:23.056Z,2026-01-09T02:56:34.363Z,Under 2.5 Patrick Williams - Rebounds OU Miami Heat at Chicago Bulls,,Basketball,NBA
26010941000039605,Fanatics,straight,SETTLED_VOID,1.9523809523809523,,,10,0.00,01/08/2026 14:21:37 GMT,01/09/2026 02:56:17 GMT,2026-01-08T14:21:37.741Z,2026-01-09T02:56:17.291Z,11+ Kel'el Ware - Points Miami Heat at Chicago Bulls,,Basketball,NBA
26010941000039805,Fanatics,straight,SETTLED_VOID,2,,,10,0.00,01/08/2026 14:21:24 GMT,01/09/2026 02:56:11 GMT,2026-01-08T14:21:24.688Z,2026-01-09T02:56:11.961Z,10+ Kel'el Ware - Rebounds Miami Heat at Chicago Bulls,,Basketball,NBA
639034865820424417,Draftkings Sportsbook,straight,SETTLED_WIN,2.0700000000000003,2.12,-0.0236,10,10.70,01/08/2026 16:29:41 GMT,01/09/2026 02:45:53 GMT,2026-01-08T16:29:41.796Z,2026-01-09T02:45:53.373Z,Under 4.5 Brandon Miller Rebounds O/U IND Pacers @ CHA Hornets,,Basketball,NBA
a6431480-ec9d-11f0-804e-8bfdec2b11e4,Caesars Sportsbook,straight,SETTLED_LOSS,2.16,2.74,-0.2117,10,-10.00,01/08/2026 14:23:49 GMT,01/09/2026 02:43:29 GMT,2026-01-08T14:23:49.192Z,2026-01-09T02:43:29.354Z,Under 6.5 Kevin Love - Total Rebounds Dallas Mavericks at Utah Jazz,,Basketball,NBA
O/0003172/0003882,Fanduel Sportsbook,straight,SETTLED_LOSS,2.2199999999999998,2.12,0.0472,10,-10.00,01/08/2026 14:21:54 GMT,01/09/2026 02:40:30 GMT,2026-01-08T14:21:54.000Z,2026-01-09T02:40:30.000Z,Aaron Nesmith Under 4.5 Aaron Nesmith - Rebounds Indiana Pacers @ Charlotte Hornets,,Basketball,NBA
O/0003172/0003883,Fanduel Sportsbook,straight,SETTLED_LOSS,1.9615384615384617,1.606060606060606,0.2213,10,-10.00,01/08/2026 14:22:24 GMT,01/09/2026 02:40:30 GMT,2026-01-08T14:22:24.000Z,2026-01-09T02:40:30.000Z,Collin Sexton Over 13.5 Collin Sexton - Points Indiana Pacers @ Charlotte Hornets,,Basketball,NBA
O/0003172/0003887,Fanduel Sportsbook,straight,SETTLED_WIN,1.7246376811594204,1.6896551724137931,0.0207,15,10.87,01/08/2026 16:29:21 GMT,01/09/2026 02:40:26 GMT,2026-01-08T16:29:21.000Z,2026-01-09T02:40:26.000Z,Jarace Walker Under 3.5 Jarace Walker - Rebounds Indiana Pacers @ Charlotte Hornets,,Basketball,NBA
019b9dfc-805a-7b03-a2d9-3c108a5043d5,Novig,straight,SETTLED_VOID,1.8761726078799252,,,9.99908,0.00,01/08/2026 14:22:15 GMT,01/09/2026 02:05:00 GMT,2026-01-08T14:22:15.317Z,2026-01-09T02:05:00.000Z,Over 7.5 Svi Mykhailiuk POINTS Dallas Mavericks @ Utah Jazz,,Basketball,NBA
639034789964846463,Draftkings Sportsbook,straight,SETTLED_LOSS,2.08,1.7142857142857144,0.2133,10,-10.00,01/08/2026 14:23:15 GMT,01/09/2026 01:34:40 GMT,2026-01-08T14:23:15.177Z,2026-01-09T01:34:40.338Z,Under 6.5 Pascal Siakam Rebounds O/U IND Pacers @ CHA Hornets,,Basketball,NBA
019b9dfc-d824-7058-899f-e10e20d385aa,Novig,straight,SETTLED_WIN,2.1645021645021645,2.15,0.0067,9.99768,11.64,01/08/2026 14:22:43 GMT,01/09/2026 01:05:00 GMT,2026-01-08T14:22:43.863Z,2026-01-09T01:05:00.000Z,Under 2.5 Darius Garland REBOUNDS Cleveland Cavaliers @ Minnesota Timberwolves,,Basketball,NBA
019b9dfe-1dca-766d-903e-0f91c0e3848b,Novig,straight,SETTLED_LOSS,2.100840336134454,2.34,-0.1022,9.996,-10.00,01/08/2026 14:23:59 GMT,01/09/2026 01:05:00 GMT,2026-01-08T14:23:59.372Z,2026-01-09T01:05:00.000Z,Over 4.5 Donte DiVincenzo REBOUNDS Cleveland Cavaliers @ Minnesota Timberwolves,,Basketball,NBA
019b9da1-1587-78e5-a552-e1d63217217a,Novig,straight,SETTLED_WIN,1.7889087656529516,1.6973252953942608,0.0540,74.99544,59.16,01/08/2026 12:42:24 GMT,01/09/2026 01:05:00 GMT,2026-01-08T12:42:24.950Z,2026-01-09T01:05:00.000Z,Minnesota Timberwolves Moneyline Cleveland Cavaliers @ Minnesota Timberwolves,,Basketball,NBA
26011141000029605,Fanatics,straight,SETTLED_LOSS,1.8695652173913042,1.8695652173913042,,40,-40.00,01/08/2026 17:41:38 GMT,01/08/2026 21:55:14 GMT,2026-01-08T17:41:38.049Z,2026-01-08T21:55:14.760Z,Yes Both Teams to Score Arsenal vs Liverpool,,Soccer,English Premier League
26011063000029605,Fanatics,parlay,SETTLED_LOSS,1.8620689655172413,,,30,-30.00,01/08/2026 16:23:06 GMT,01/08/2026 21:55:13 GMT,2026-01-08T16:23:06.706Z,2026-01-08T21:55:13.907Z,Yes Both Teams to Score Arsenal vs Liverpool | Under 2.5 Patrick Williams - Rebounds OU Miami Heat at Chicago Bulls,,Soccer | Basketball,English Premier League | NBA
26009559000029405,Fanatics,straight,SETTLED_WIN,2.15,2.2,-0.0227,10,11.50,01/07/2026 15:19:48 GMT,01/08/2026 05:22:32 GMT,2026-01-07T15:19:48.288Z,2026-01-08T05:22:32.009Z,3+ Dorian Finney-Smith - Rebounds Houston Rockets at Portland Trail Blazers,,Basketball,NBA
26009516000019405,Fanatics,straight,SETTLED_WIN,1.6666666666666665,1.606060606060606,0.0377,15,10.00,01/07/2026 14:36:00 GMT,01/08/2026 04:44:38 GMT,2026-01-07T14:36:00.967Z,2026-01-08T04:44:38.600Z,6+ Tari Eason - Rebounds Houston Rockets at Portland Trail Blazers,,Basketball,NBA
26009557000049605,Fanatics,straight,SETTLED_WIN,1.9523809523809523,2.1399999999999997,-0.0877,20,19.05,01/07/2026 15:17:28 GMT,01/08/2026 04:21:57 GMT,2026-01-07T15:17:28.014Z,2026-01-08T04:21:57.438Z,9+ Victor Wembanyama - Rebounds Los Angeles Lakers at San Antonio Spurs,,Basketball,NBA
O/0003172/0003876,Fanduel Sportsbook,straight,SETTLED_LOSS,1.9090909090909092,2.02,-0.0549,25,-25.00,01/07/2026 12:49:17 GMT,01/08/2026 03:49:56 GMT,2026-01-07T12:49:17.000Z,2026-01-08T03:49:56.000Z,Under 242.5 Total Points Utah Jazz @ Oklahoma City Thunder,,Basketball,NBA
639033957898465025,Draftkings Sportsbook,straight,SETTLED_LOSS,1.72992700729927,1.7142857142857144,0.0091,15,-15.00,01/07/2026 15:16:29 GMT,01/08/2026 03:30:00 GMT,2026-01-07T15:16:29.922Z,2026-01-08T03:30:00.000Z,Over 3.5 Noah Clowney Rebounds O/U ORL Magic @ BKN Nets,,Basketball,NBA
639033939880098538,Draftkings Sportsbook,straight,SETTLED_WIN,1.6097560975609757,1.7142857142857144,-0.0610,10,6.09,01/07/2026 14:46:26 GMT,01/08/2026 03:21:11 GMT,2026-01-07T14:46:26.458Z,2026-01-08T03:21:11.428Z,Over 3.5 Keyonte George Rebounds O/U UTA Jazz @ OKC Thunder,,Basketball,NBA
20DG2PEM8M,BetMGM,straight,SETTLED_VOID,2.4,,,10,0.00,01/07/2026 15:19:31 GMT,01/08/2026 03:11:37 GMT,2026-01-07T15:19:31.360Z,2026-01-08T03:11:37.683Z,Under 1.5 Trae Young (ATL) : Rebounds New Orleans Pelicans at Atlanta Hawks,,Basketball,NBA
019b9881-c1ee-739b-a72b-3359699340f9,Novig,straight,SETTLED_WIN,2,2.05,-0.0244,35,35.00,01/07/2026 12:50:06 GMT,01/08/2026 03:05:00 GMT,2026-01-07T12:50:06.252Z,2026-01-08T03:05:00.000Z,home +6.5 Spread Houston Rockets @ Portland Trail Blazers,,Basketball,NBA
26009404000019905,Fanatics,straight,SETTLED_LOSS,1.8,1.921032619775739,-0.0630,30,-30.00,01/07/2026 12:44:22 GMT,01/08/2026 02:52:57 GMT,2026-01-07T12:44:22.323Z,2026-01-08T02:52:57.337Z,New Orleans Pelicans +11.0 Spread New Orleans Pelicans at Atlanta Hawks,,Basketball,NBA
91b534f0-ebe7-11f0-8e78-e3f5880cb6ba,Caesars Sportsbook,straight,SETTLED_LOSS,1.74074,1.8333333333333335,-0.0505,15,-15.00,01/07/2026 16:40:26 GMT,01/08/2026 02:50:29 GMT,2026-01-07T16:40:26.303Z,2026-01-08T02:50:29.611Z,Southern Illinois Salukis Money Line Southern Illinois Salukis at UIC Flames,,Basketball,NCAAM
639033940820076970,Draftkings Sportsbook,parlay,SETTLED_LOSS,10.06,10.775510204081634,-0.0664,7,-7.00,01/07/2026 14:48:01 GMT,01/08/2026 02:46:55 GMT,2026-01-07T14:48:01.256Z,2026-01-08T02:46:55.713Z,Over 8.5 Scottie Barnes Rebounds O/U TOR Raptors @ CHA Hornets | 6+ Tari Eason Rebounds HOU Rockets @ POR Trail Blazers | Over 3.5 Keyonte George Rebounds O/U UTA Jazz @ OKC Thunder | Over 3.5 Zaccharie Risacher Rebounds O/U NO Pelicans @ ATL Hawks,,Basketball,NBA
26009525000069605,Fanatics,straight,SETTLED_LOSS,2.2,2.12,0.0377,10,-10.00,01/07/2026 14:45:58 GMT,01/08/2026 02:40:40 GMT,2026-01-07T14:45:58.134Z,2026-01-08T02:40:40.540Z,4+ Bruce Brown - Rebounds Denver Nuggets at Boston Celtics,,Basketball,NBA
019b9909-274f-7237-8166-ccdf24dd58fb,Novig,straight,SETTLED_WIN,2.0202161631294544,2.05,-0.0145,9.998930000000001,10.20,01/07/2026 15:18:05 GMT,01/08/2026 02:35:00 GMT,2026-01-07T15:18:05.744Z,2026-01-08T02:35:00.000Z,Over 12.5 Keldon Johnson POINTS Los Angeles Lakers @ San Antonio Spurs,,Basketball,NBA
7fb3ade0-ebe7-11f0-a27c-19ca2f864398,Caesars Sportsbook,straight,SETTLED_LOSS,1.68966,1.7692307692307692,-0.0450,20,-20.00,01/07/2026 16:39:56 GMT,01/08/2026 02:25:01 GMT,2026-01-07T16:39:56.094Z,2026-01-08T02:25:01.326Z,Duquesne Dukes Money Line Duquesne Dukes at Saint Joseph's Hawks,,Basketball,NCAAM
PlacedBet:h4y9IXA7bTxC/EfyKACuahaiIEo=,theScore Bet,parlay,SETTLED_LOSS,10.1088,14.528494559161121,-0.3042,5,0.00,01/07/2026 16:44:28 GMT,01/08/2026 02:21:47 GMT,2026-01-07T16:44:28.689Z,2026-01-08T02:21:47.651Z,TOR Raptors Moneyline Toronto Raptors @ Charlotte Hornets | WSH Wizards +14.5 Game Spread Washington Wizards @ Philadelphia 76ers | DET Pistons Moneyline Chicago Bulls @ Detroit Pistons | MEM Grizzlies Moneyline Phoenix Suns @ Memphis Grizzlies,,Basketball,NBA
O/0003172/0003879,Fanduel Sportsbook,straight,SETTLED_WIN,2.4,2.1799999999999997,0.1009,10,14.00,01/07/2026 16:40:57 GMT,01/08/2026 02:20:15 GMT,2026-01-07T16:40:57.000Z,2026-01-08T02:20:15.000Z,Saint Louis Moneyline Saint Louis @ VCU,,Basketball,NCAAM
67f13b80-ebc6-11f0-8886-bb64e45c9fa8,Caesars Sportsbook,straight,SETTLED_LOSS,1.91,2.4699999999999998,-0.2267,45,-45.00,01/07/2026 12:43:02 GMT,01/08/2026 02:19:20 GMT,2026-01-07T12:43:02.840Z,2026-01-08T02:19:20.159Z,Washington Wizards 12.5 Spread Washington Wizards at Philadelphia 76ers,,Basketball,NBA
a9352310-ebe7-11f0-8e78-e3f5880cb6ba,Caesars Sportsbook,straight,SETTLED_LOSS,2,2,,10,-10.00,01/07/2026 16:41:05 GMT,01/08/2026 02:10:41 GMT,2026-01-07T16:41:05.729Z,2026-01-08T02:10:41.163Z,Oklahoma Sooners Money Line Oklahoma Sooners at Mississippi State Bulldogs,,Basketball,NCAAM
26009557000039905,Fanatics,straight,SETTLED_WIN,1.9090909090909092,1.7692307692307692,0.0791,10,9.09,01/07/2026 15:17:34 GMT,01/08/2026 02:09:43 GMT,2026-01-07T15:17:34.861Z,2026-01-08T02:09:43.269Z,8+ Jordan Clarkson - Points Los Angeles Clippers at New York Knicks,,Basketball,NBA
26009558000029605,Fanatics,straight,SETTLED_WIN,2.15,1.7142857142857144,0.2542,10,11.55,01/07/2026 15:18:41 GMT,01/08/2026 02:07:51 GMT,2026-01-07T15:18:41.716Z,2026-01-08T02:07:51.767Z,8+ Derik Queen - Rebounds New Orleans Pelicans at Atlanta Hawks,,Basketball,NBA
7b4ecd20-ebe7-11f0-befb-4f157d39bbfc,Caesars Sportsbook,straight,SETTLED_LOSS,2.85,3.1,-0.0806,10,-10.00,01/07/2026 16:39:48 GMT,01/08/2026 02:04:15 GMT,2026-01-07T16:39:48.722Z,2026-01-08T02:04:15.234Z,American Eagles Money Line American Eagles at Colgate Raiders,,Basketball,NCAAM
639034009119327011,Draftkings Sportsbook,parlay,SETTLED_LOSS,13.81,12.461493239271018,0.1082,5,-5.00,01/07/2026 16:41:51 GMT,01/08/2026 01:57:55 GMT,2026-01-07T16:41:51.307Z,2026-01-08T01:57:55.706Z,FIU Moneyline FIU @ Jacksonville State | Southern Illinois Moneyline Southern Illinois @ Illinois Chicago | Oklahoma Moneyline Oklahoma @ Mississippi State | Duquesne Moneyline Duquesne @ Saint Josephs,,Basketball,NCAAM
O/0003172/0003878,Fanduel Sportsbook,straight,SETTLED_WIN,2.26,2.25,0.0044,10,12.60,01/07/2026 16:27:21 GMT,01/08/2026 01:55:23 GMT,2026-01-07T16:27:21.000Z,2026-01-08T01:55:23.000Z,Belmont Moneyline Belmont @ Northern Iowa,,Basketball,NCAAM
O/0003172/0003880,Fanduel Sportsbook,straight,SETTLED_WIN,4.4,,,2,6.80,01/08/2026 01:19:54 GMT,01/08/2026 01:51:52 GMT,2026-01-08T01:19:54.000Z,2026-01-08T01:51:52.000Z,Colgate Moneyline American @ Colgate,,Basketball,NCAAM
O/0003172/0003877,Fanduel Sportsbook,straight,SETTLED_WIN,2.3,1.3703703703703702,0.6784,10,13.00,01/07/2026 14:35:25 GMT,01/08/2026 01:50:50 GMT,2026-01-07T14:35:25.000Z,2026-01-08T01:50:50.000Z,Collin Sexton Over 12.5 Collin Sexton - Points Toronto Raptors @ Charlotte Hornets,,Basketball,NBA
019b9880-933d-7baa-8d72-585070396830,Novig,straight,SETTLED_WIN,1.9120458891013385,1.9835418365365949,-0.0360,44.99892,41.04,01/07/2026 12:48:50 GMT,01/08/2026 01:05:00 GMT,2026-01-07T12:48:50.012Z,2026-01-08T01:05:00.000Z,away +19.5 Spread Utah Jazz @ Oklahoma City Thunder,,Basketball,NBA
019b9880-6538-7d91-8488-4ea33b90b962,Novig,straight,SETTLED_LOSS,1.9417475728155338,2.15,-0.0969,24.9981,-25.00,01/07/2026 12:48:32 GMT,01/08/2026 01:05:00 GMT,2026-01-07T12:48:32.719Z,2026-01-08T01:05:00.000Z,home +4.5 Spread Phoenix Suns @ Memphis Grizzlies,,Basketball,NBA
019b9947-01dc-795b-9cca-0be3b7278445,Novig,straight,SETTLED_LOSS,2.469135802469136,2.726468,-0.0944,7.49655,-7.50,01/07/2026 16:25:32 GMT,01/08/2026 01:00:00 GMT,2026-01-07T16:25:32.561Z,2026-01-08T01:00:00.000Z,Troy Moneyline Troy @ Arkansas State,,Basketball,NCAAM
019b9908-f69c-7cdb-9c23-e5553b088974,Novig,straight,SETTLED_VOID,2,,,13,0.00,01/07/2026 15:17:46 GMT,01/08/2026 00:35:00 GMT,2026-01-07T15:17:46.650Z,2026-01-08T00:35:00.000Z,Over 18.5 Trae Young POINTS New Orleans Pelicans @ Atlanta Hawks,,Basketball,NBA
019b98e2-ebda-79af-a2cf-b67d4fcd31d9,Novig,straight,SETTLED_WIN,1.9400801899811861,2.06,-0.0582,14.999379999999999,14.10,01/07/2026 14:36:12 GMT,01/08/2026 00:35:00 GMT,2026-01-07T14:36:12.737Z,2026-01-08T00:35:00.000Z,Over 3.5 Zaccharie Risacher REBOUNDS New Orleans Pelicans @ Atlanta Hawks,,Basketball,NBA
019b987f-6b3c-798f-a4ce-40415da1f681,Novig,straight,SETTLED_LOSS,2.1739130434782608,2.15,0.0111,19.9962,-20.00,01/07/2026 12:47:29 GMT,01/08/2026 00:35:00 GMT,2026-01-07T12:47:29.669Z,2026-01-08T00:35:00.000Z,Brooklyn Nets Moneyline Orlando Magic @ Brooklyn Nets,,Basketball,NBA
019b987c-20f2-7aeb-91a7-04db89145eec,Novig,straight,SETTLED_WIN,1.8796992481203008,1.847457627118644,0.0175,34.99496,30.79,01/07/2026 12:43:54 GMT,01/08/2026 00:35:00 GMT,2026-01-07T12:43:54.240Z,2026-01-08T00:35:00.000Z,Under 247.5 Total New Orleans Pelicans @ Atlanta Hawks,,Basketball,NBA
019b987f-9c07-78ec-bac9-5a71b717d240,Novig,straight,SETTLED_LOSS,1.845018450184502,2,-0.0775,36.99692,-37.00,01/07/2026 12:47:46 GMT,01/08/2026 00:35:00 GMT,2026-01-07T12:47:46.896Z,2026-01-08T00:35:00.000Z,Over 221.5 Total Orlando Magic @ Brooklyn Nets,,Basketball,NBA
019b987f-28ea-7ffe-a55a-23ae27b65a20,Novig,straight,SETTLED_WIN,1.9083969465648853,1.9090909090909092,-0.0004,49.99484,45.42,01/07/2026 12:47:14 GMT,01/08/2026 00:35:00 GMT,2026-01-07T12:47:14.098Z,2026-01-08T00:35:00.000Z,home +2.5 Spread Orlando Magic @ Brooklyn Nets,,Basketball,NBA
019b987f-ebca-79ab-a082-cc8ef8c1e819,Novig,straight,SETTLED_WIN,1.923076923076923,2,-0.0385,34.996,32.30,01/07/2026 12:48:06 GMT,01/08/2026 00:35:00 GMT,2026-01-07T12:48:06.665Z,2026-01-08T00:35:00.000Z,Over 223.5 Total Los Angeles Clippers @ New York Knicks,,Basketball,NBA
019b98e4-ac10-7494-8467-378eda8f57d6,Novig,straight,SETTLED_LOSS,1.9085343896290958,2.16,-0.1164,9.997200000000001,-10.00,01/07/2026 14:38:05 GMT,01/08/2026 00:05:00 GMT,2026-01-07T14:38:05.292Z,2026-01-08T00:05:00.000Z,Over 8.5 Scottie Barnes REBOUNDS Toronto Raptors @ Charlotte Hornets,,Basketball,NBA
019b98e4-d2a5-7a55-be9c-a2683e38d4e6,Novig,straight,SETTLED_LOSS,1.8975332068311197,2.16,-0.1215,19.99965,-20.00,01/07/2026 14:45:29 GMT,01/08/2026 00:05:00 GMT,2026-01-07T14:45:29.240Z,2026-01-08T00:05:00.000Z,Over 8.5 Scottie Barnes REBOUNDS Toronto Raptors @ Charlotte Hornets,,Basketball,NBA
019b987a-8346-7520-ad52-35f039470f8a,Novig,straight,SETTLED_WIN,1.7699115044247788,1.7633587786259541,0.0037,59.99735,46.19,01/07/2026 12:42:10 GMT,01/08/2026 00:05:00 GMT,2026-01-07T12:42:10.452Z,2026-01-08T00:05:00.000Z,Toronto Raptors Moneyline Toronto Raptors @ Charlotte Hornets,,Basketball,NBA
019b987b-e1bd-700e-8667-c74840711182,Novig,straight,SETTLED_WIN,1.9920318725099602,2,-0.0040,44.99928,44.64,01/07/2026 12:43:38 GMT,01/08/2026 00:05:00 GMT,2026-01-07T12:43:38.404Z,2026-01-08T00:05:00.000Z,away +9.5 Spread Denver Nuggets @ Boston Celtics,,Basketball,NBA
019b987a-d83a-74fa-bf24-435fd7663029,Novig,straight,SETTLED_LOSS,1.9120458891013383,1.6802721088435373,0.1379,34.99916,-35.00,01/07/2026 12:42:31 GMT,01/08/2026 00:05:00 GMT,2026-01-07T12:42:31.526Z,2026-01-08T00:05:00.000Z,away +10.5 Spread Chicago Bulls @ Detroit Pistons,,Basketball,NBA
019b987b-914c-7dfa-b439-2bf0c083342d,Novig,straight,SETTLED_LOSS,1.9193857965451055,1.8771929824561404,0.0225,29.99918,-30.00,01/07/2026 12:43:18 GMT,01/08/2026 00:05:00 GMT,2026-01-07T12:43:18.753Z,2026-01-08T00:05:00.000Z,Under 235.5 Total Washington Wizards @ Philadelphia 76ers,,Basketball,NBA
019b9947-2f42-7af4-83e2-5bea7beb2dd3,Novig,straight,SETTLED_LOSS,2.0491803278688523,2.02,0.0144,9.99912,-10.00,01/07/2026 16:25:40 GMT,01/08/2026 00:00:00 GMT,2026-01-07T16:25:40.745Z,2026-01-08T00:00:00.000Z,Florida International Moneyline Florida International @ Jacksonville State,,Basketball,NCAAM
019b9948-df5b-711d-b8aa-2a18265bf3b5,Novig,straight,SETTLED_LOSS,3.134796238244514,3.5,-0.1043,9.99746,-10.00,01/07/2026 16:28:14 GMT,01/08/2026 00:00:00 GMT,2026-01-07T16:28:14.983Z,2026-01-08T00:00:00.000Z,Missouri State Moneyline Missouri State @ Kennesaw State,,Basketball,NCAAM
019b9954-6e9a-7231-9499-ebab706702c9,Novig,straight,SETTLED_WIN,2.3696682464454977,2.1399999999999997,0.1073,9.99718,13.69,01/07/2026 16:40:11 GMT,01/08/2026 00:00:00 GMT,2026-01-07T16:40:11.566Z,2026-01-08T00:00:00.000Z,Marshall Moneyline Marshall @ James Madison,,Basketball,NCAAM
019b9954-d448-7a07-b213-cd01a185491b,Novig,straight,SETTLED_WIN,2.557544757033248,2.6799999999999997,-0.0457,9.99787,15.57,01/07/2026 16:40:38 GMT,01/07/2026 23:00:00 GMT,2026-01-07T16:40:38.192Z,2026-01-07T23:00:00.000Z,Loyola Maryland Moneyline Loyola Maryland @ Army,,Basketball,NCAAM
639029750708967516,Draftkings Sportsbook,straight,SETTLED_LOSS,1.8,2,-0.1000,25,-25.00,01/02/2026 18:24:30 GMT,01/07/2026 21:27:07 GMT,2026-01-02T18:24:30.270Z,2026-01-07T21:27:07.768Z,No Both Teams to Score Everton vs Wolves,,Soccer,English Premier League
639029750575381020,Draftkings Sportsbook,straight,SETTLED_WIN,2,1.8264462809917354,0.0950,25,25.00,01/02/2026 18:24:17 GMT,01/07/2026 21:23:34 GMT,2026-01-02T18:24:17.271Z,2026-01-07T21:23:34.091Z,No Both Teams to Score Brentford vs Sunderland,,Soccer,English Premier League
824f8370-e9ef-11f0-b70b-65b83090a04c,Caesars Sportsbook,straight,SETTLED_WIN,1.68966,1.7518796992481203,-0.0355,35,24.14,01/05/2026 04:32:14 GMT,01/07/2026 21:07:16 GMT,2026-01-05T04:32:14.119Z,2026-01-07T21:07:16.390Z,Yes Both Teams To Score Fulham vs Chelsea,,Soccer,English Premier League
O/0003172/0003865,Fanduel Sportsbook,parlay,SETTLED_LOSS,6.01,5.638008318079209,0.0660,10,-10.00,01/05/2026 04:32:00 GMT,01/07/2026 20:57:31 GMT,2026-01-05T04:32:00.000Z,2026-01-07T20:57:31.000Z,Yes Both Teams To Score Bournemouth v Tottenham | No Both Teams To Score Everton v Wolves | Yes Both Teams To Score Fulham v Chelsea,,Soccer,English Premier League
26002543000059805,Fanatics,straight,SETTLED_WIN,1.606060606060606,1.6329113924050633,-0.0164,30,18.18,01/02/2026 18:23:57 GMT,01/07/2026 19:52:31 GMT,2026-01-02T18:23:57.730Z,2026-01-07T19:52:31.116Z,Yes Both Teams to Score Bournemouth vs Tottenham,,Soccer,English Premier League
639033214935643552,Draftkings Sportsbook,parlay,SETTLED_LOSS,16.91,,,7,-7.00,01/06/2026 18:38:12 GMT,01/07/2026 06:50:35 GMT,2026-01-06T18:38:12.540Z,2026-01-07T06:50:35.527Z,10+ Klay Thompson Points DAL Mavericks @ SAC Kings | Over 16.5 Alexandre Sarr Points O/U ORL Magic @ WAS Wizards | Over 4.5 Donte DiVincenzo Rebounds O/U MIA Heat @ MIN Timberwolves | Over 9.5 Kel'el Ware Rebounds O/U MIA Heat @ MIN Timberwolves,,Basketball,NBA
PlacedBet:ELYLZxL4gz/9/Q8z/80pQbWV9Ro=,theScore Bet,parlay,SETTLED_LOSS,9.646,11.325125,-0.1483,10,-10.00,01/06/2026 19:25:09 GMT,01/07/2026 06:49:29 GMT,2026-01-06T19:25:09.855Z,2026-01-07T06:49:29.620Z,Under 2.5 Darius Garland Total Rebounds Cleveland Cavaliers @ Indiana Pacers | Over 4.5 Donte DiVincenzo Total Rebounds Miami Heat @ Minnesota Timberwolves | Under 4.5 Naji Marshall Total Rebounds Dallas Mavericks @ Sacramento Kings,,Basketball,NBA
26008366000039805,Fanatics,straight,SETTLED_WIN,2.15,2.05,0.0488,10,11.50,01/06/2026 19:26:47 GMT,01/07/2026 06:47:19 GMT,2026-01-06T19:26:47.382Z,2026-01-07T06:47:19.094Z,Under 2.5 Nique Clifford - Rebounds OU Dallas Mavericks at Sacramento Kings,,Basketball,NBA
26008315000029505,Fanatics,straight,SETTLED_LOSS,1.9090909090909092,1.5649717514124295,0.2199,10,-10.00,01/06/2026 18:35:21 GMT,01/07/2026 06:47:18 GMT,2026-01-06T18:35:21.162Z,2026-01-07T06:47:18.656Z,10+ Klay Thompson - Points Dallas Mavericks at Sacramento Kings,,Basketball,NBA
26008863000029805,Fanatics,straight,SETTLED_WIN,1.606060606060606,1.606060606060606,,36,21.82,01/07/2026 03:43:40 GMT,01/07/2026 06:24:13 GMT,2026-01-07T03:43:40.221Z,2026-01-07T06:24:13.265Z,5+ Naji Marshall - Rebounds Dallas Mavericks at Sacramento Kings,,Basketball,NBA
651cd750-eb2d-11f0-bbf8-132e90fbfc9e,Caesars Sportsbook,straight,SETTLED_WIN,2.1,2.05,0.0244,10,11.00,01/06/2026 18:27:45 GMT,01/07/2026 06:19:14 GMT,2026-01-06T18:27:45.093Z,2026-01-07T06:19:14.479Z,San Diego State Aztecs Money Line San Diego State Aztecs at Nevada Wolf Pack,,Basketball,NCAAM
019b9671-f4fb-7e48-a937-4c28631b2a10,Novig,straight,SETTLED_WIN,2.3986517199661526,2.369632,0.0122,14.299700000000001,20.00,01/07/2026 03:13:34 GMT,01/07/2026 04:05:00 GMT,2026-01-07T03:13:34.064Z,2026-01-07T04:05:00.000Z,Under 9.5 Klay Thompson POINTS Dallas Mavericks @ Sacramento Kings,,Basketball,NBA
019b94c5-7d5c-703c-b01b-3b505eee502d,Novig,straight,SETTLED_LOSS,2.232142857142857,2.45,-0.0889,9.99936,-10.00,01/06/2026 19:25:34 GMT,01/07/2026 04:05:00 GMT,2026-01-06T19:25:34.553Z,2026-01-07T04:05:00.000Z,Under 4.5 Naji Marshall REBOUNDS Dallas Mavericks @ Sacramento Kings,,Basketball,NBA
019b91db-5faf-7ae6-bcc8-100c403a3cc3,Novig,straight,SETTLED_WIN,1.764483655192338,1.7142857142857144,0.0293,44.998999999999995,34.40,01/06/2026 05:50:38 GMT,01/07/2026 04:05:00 GMT,2026-01-06T05:50:38.888Z,2026-01-07T04:05:00.000Z,home +6.5 Spread Dallas Mavericks @ Sacramento Kings,,Basketball,NBA
PlacedBet:TwBSpl3kU7RSIod6+fpa2inzoGE=,theScore Bet,straight,SETTLED_WIN,1.8333333333333333,1.72992700729927,0.0598,15,12.50,01/06/2026 18:37:24 GMT,01/07/2026 03:31:44 GMT,2026-01-06T18:37:24.930Z,2026-01-07T03:31:44.556Z,Under 7.5 Luka Doncic Total Rebounds Los Angeles Lakers @ New Orleans Pelicans,,Basketball,NBA
20DEUH3UPC,BetMGM,straight,SETTLED_WIN,2.38,2.05,0.1610,20,27.60,01/06/2026 18:25:56 GMT,01/07/2026 03:27:08 GMT,2026-01-06T18:25:56.007Z,2026-01-07T03:27:08.022Z,Under 5.5 Keldon Johnson (SAS): Rebounds San Antonio Spurs at Memphis Grizzlies,,Basketball,NBA
O/0003172/0003869,Fanduel Sportsbook,straight,SETTLED_WIN,1.9090909090909092,1.9090909090909092,,23,20.91,01/06/2026 05:48:11 GMT,01/07/2026 03:26:50 GMT,2026-01-06T05:48:11.000Z,2026-01-07T03:26:50.000Z,Under 238.5 Total Points Miami Heat @ Minnesota Timberwolves,,Basketball,NBA
26007549000019805,Fanatics,straight,SETTLED_WIN,1.8333333333333335,2.25,-0.1852,30,25.00,01/06/2026 05:49:03 GMT,01/07/2026 03:26:04 GMT,2026-01-06T05:49:03.093Z,2026-01-07T03:26:04.017Z,Under 241.0 Total Points Los Angeles Lakers at New Orleans Pelicans,,Basketball,NBA
O/0003172/0003871,Fanduel Sportsbook,straight,SETTLED_LOSS,1.8771929824561404,1.9523809523809523,-0.0385,30,-30.00,01/06/2026 05:50:17 GMT,01/07/2026 03:26:02 GMT,2026-01-06T05:50:17.000Z,2026-01-07T03:26:02.000Z,New Orleans Pelicans 5.5 Spread Betting Los Angeles Lakers @ New Orleans Pelicans,,Basketball,NBA
639033237004381234,Draftkings Sportsbook,parlay,SETTLED_WIN,6.04,4.700704753336331,0.2849,20,100.80,01/06/2026 19:15:01 GMT,01/07/2026 03:26:01 GMT,2026-01-06T19:15:01.128Z,2026-01-07T03:26:01.071Z,MIN Timberwolves Moneyline MIA Heat @ MIN Timberwolves | WAS Wizards +8.5 Spread Alternate ORL Magic @ WAS Wizards | MEM Grizzlies +7.5 Spread SA Spurs @ MEM Grizzlies,,Basketball,NBA
O/0003172/0003870,Fanduel Sportsbook,straight,SETTLED_LOSS,2.15,1.9523809523809523,0.1012,10,-10.00,01/06/2026 05:49:50 GMT,01/07/2026 03:26:01 GMT,2026-01-06T05:49:50.000Z,2026-01-07T03:26:01.000Z,New Orleans Pelicans 5.5 Spread Betting Los Angeles Lakers @ New Orleans Pelicans,,Basketball,NBA
26008304000029505,Fanatics,straight,SETTLED_WIN,2.1,2.24,-0.0625,20,22.00,01/06/2026 18:24:25 GMT,01/07/2026 03:09:16 GMT,2026-01-06T18:24:25.876Z,2026-01-07T03:09:16.924Z,5+ Donte DiVincenzo - Rebounds Miami Heat at Minnesota Timberwolves,,Basketball,NBA
639033210714469862,Draftkings Sportsbook,parlay,SETTLED_LOSS,6.26,4.787301587301586,0.3076,20,-20.00,01/06/2026 18:31:11 GMT,01/07/2026 03:06:27 GMT,2026-01-06T18:31:11.565Z,2026-01-07T03:06:27.207Z,Iowa Moneyline Iowa @ Minnesota | Syracuse Moneyline Syracuse @ Georgia Tech | St. Johns Moneyline St. Johns @ Butler | Houston Moneyline Texas Tech @ Houston,,Basketball,NCAAM
20DEUWFPS7,BetMGM,straight,SETTLED_WIN,2.1,2.38,-0.1176,5,5.50,01/06/2026 18:36:09 GMT,01/07/2026 02:33:16 GMT,2026-01-06T18:36:09.627Z,2026-01-07T02:33:16.506Z,Under 2.5 Darius Garland (CLE): Rebounds Cleveland Cavaliers at Indiana Pacers,,Basketball,NBA
O/0003172/0003873,Fanduel Sportsbook,straight,SETTLED_WIN,2.42,2.4,0.0083,15,21.30,01/06/2026 18:25:16 GMT,01/07/2026 02:30:14 GMT,2026-01-06T18:25:16.000Z,2026-01-07T02:30:14.000Z,Tre Johnson Under 2.5 Tre Johnson - Alt Rebounds Orlando Magic @ Washington Wizards,,Basketball,NBA
PlacedBet:WhvFbc/Ec3hZzI9g02+hpzUWszA=,theScore Bet,straight,SETTLED_LOSS,1.9523809523809523,1.9433962264150944,0.0046,5,0.00,01/06/2026 18:36:34 GMT,01/07/2026 02:29:59 GMT,2026-01-06T18:36:34.090Z,2026-01-07T02:29:59.943Z,Under 23.5 Darius Garland Total Points Cleveland Cavaliers @ Indiana Pacers,,Basketball,NBA
PlacedBet:AXAxg3P3mALVKfkuDUWPzma4Ko4=,theScore Bet,straight,SETTLED_LOSS,1.9523809523809523,1.9433962264150944,0.0046,7.5,-7.50,01/06/2026 18:36:42 GMT,01/07/2026 02:29:59 GMT,2026-01-06T18:36:42.448Z,2026-01-07T02:29:59.942Z,Under 23.5 Darius Garland Total Points Cleveland Cavaliers @ Indiana Pacers,,Basketball,NBA
O/0003172/0003875,Fanduel Sportsbook,straight,SETTLED_LOSS,3.4,,,13,-13.00,01/07/2026 02:02:18 GMT,01/07/2026 02:26:35 GMT,2026-01-07T02:02:18.000Z,2026-01-07T02:26:35.000Z,Orlando Magic Moneyline Orlando Magic @ Washington Wizards,,Basketball,NBA
O/0003172/0003872,Fanduel Sportsbook,straight,SETTLED_LOSS,2.1799999999999997,2.2199999999999998,-0.0180,15,-15.00,01/06/2026 18:25:03 GMT,01/07/2026 02:21:00 GMT,2026-01-06T18:25:03.000Z,2026-01-07T02:21:00.000Z,Bilal Coulibaly Under 4.5 Bilal Coulibaly - Rebounds Orlando Magic @ Washington Wizards,,Basketball,NBA
26008309000019605,Fanatics,straight,SETTLED_WIN,1.526315789473684,1.526315789473684,,30,15.79,01/06/2026 18:29:12 GMT,01/07/2026 02:05:35 GMT,2026-01-06T18:29:12.144Z,2026-01-07T02:05:35.124Z,St. John's Money Line St. John's Red Storm at Butler Bulldogs,,Basketball,NCAAM
019b9491-64a2-7635-85a8-e7f7ecc961d5,Novig,straight,SETTLED_WIN,1.3965763376160785,1.2819537028143309,0.0894,29.994780000000002,11.90,01/06/2026 18:28:43 GMT,01/07/2026 02:00:00 GMT,2026-01-06T18:28:43.648Z,2026-01-07T02:00:00.000Z,Houston Moneyline Texas Tech @ Houston,,Basketball,NCAAM
019b9491-969a-7718-aa29-c9aca7720547,Novig,straight,SETTLED_LOSS,2.570694087403599,2.6,-0.0113,11.99676,-12.00,01/06/2026 18:28:54 GMT,01/07/2026 02:00:00 GMT,2026-01-06T18:28:54.439Z,2026-01-07T02:00:00.000Z,away Moneyline UCLA @ Wisconsin,,Basketball,NCAAM
95e08e30-eb2e-11f0-9294-eb96013261b6,Caesars Sportsbook,straight,SETTLED_LOSS,2.22,1.8695652173913042,0.1874,10,-10.00,01/06/2026 18:36:16 GMT,01/07/2026 01:38:38 GMT,2026-01-06T18:36:16.403Z,2026-01-07T01:38:38.327Z,Under 3.5 Tyler Herro - Total Rebounds Miami Heat at Minnesota Timberwolves,,Basketball,NBA
019b94c5-ae94-72ab-8b8c-e846b5469587,Novig,straight,SETTLED_WIN,1.953125,1.8,0.0851,14.99648,14.29,01/06/2026 19:25:49 GMT,01/07/2026 01:05:00 GMT,2026-01-06T19:25:49.820Z,2026-01-07T01:05:00.000Z,Over 6.5 Jock Landale REBOUNDS San Antonio Spurs @ Memphis Grizzlies,,Basketball,NBA
019b9497-10c7-7858-ab54-55f91785a73c,Novig,straight,SETTLED_WIN,2.0703933747412004,2.0300000000000002,0.0199,9.9981,10.70,01/06/2026 18:34:49 GMT,01/07/2026 01:05:00 GMT,2026-01-06T18:34:49.349Z,2026-01-07T01:05:00.000Z,Over 9.5 Kel'el Ware REBOUNDS Miami Heat @ Minnesota Timberwolves,,Basketball,NBA
019b91dd-94a0-7393-a366-288f6f920fb1,Novig,straight,SETTLED_WIN,1.4816080994576104,1.5494505494505495,-0.0438,74.99959,36.12,01/06/2026 05:53:04 GMT,01/07/2026 01:05:00 GMT,2026-01-06T05:53:04.416Z,2026-01-07T01:05:00.000Z,Minnesota Timberwolves Moneyline Miami Heat @ Minnesota Timberwolves,,Basketball,NBA
019b91d8-2d81-77fe-a817-560ae10615e2,Novig,straight,SETTLED_WIN,1.9157088122605364,1.9190791709140336,-0.0018,19.99782,18.31,01/06/2026 05:47:07 GMT,01/07/2026 01:05:00 GMT,2026-01-06T05:47:07.255Z,2026-01-07T01:05:00.000Z,Under 238.5 Total San Antonio Spurs @ Memphis Grizzlies,,Basketball,NBA
019b91d8-6d8b-7aca-bc4d-9b314baeb5db,Novig,straight,SETTLED_WIN,1.845018450184502,1.8849557522123894,-0.0212,11.99988,10.14,01/06/2026 05:47:29 GMT,01/07/2026 01:05:00 GMT,2026-01-06T05:47:29.067Z,2026-01-07T01:05:00.000Z,home +6.5 Spread San Antonio Spurs @ Memphis Grizzlies,,Basketball,NBA
c30b51c0-eb2d-11f0-b723-2fc586de8ab1,Caesars Sportsbook,parlay,SETTLED_LOSS,15.966,12.446984126984125,0.2827,5,-5.00,01/06/2026 18:30:22 GMT,01/07/2026 01:00:00 GMT,2026-01-06T18:30:22.684Z,2026-01-07T01:00:00.000Z,Syracuse Orange Money Line Syracuse Orange at Georgia Tech Yellow Jackets | Houston Cougars Money Line Texas Tech Red Raiders at Houston Cougars | St. John's Red Storm Money Line St. John's Red Storm at Butler Bulldogs | UCLA Bruins Money Line UCLA Bruins at Wisconsin Badgers | Iowa Hawkeyes Money Line Iowa Hawkeyes at Minnesota Golden Gophers,,Basketball,NCAAM
019b9492-0956-738d-91a6-5f6d2792aa32,Novig,straight,SETTLED_LOSS,1.4492753623188406,1.4545454545454546,-0.0036,29.9943,-29.99,01/06/2026 18:29:21 GMT,01/07/2026 01:00:00 GMT,2026-01-06T18:29:21.731Z,2026-01-07T01:00:00.000Z,Iowa Moneyline Iowa @ Minnesota,,Basketball,NCAAM
3f39be90-eb2d-11f0-bbf8-132e90fbfc9e,Caesars Sportsbook,parlay,SETTLED_LOSS,9.878,9.754338461538463,0.0127,10,-10.00,01/06/2026 18:26:41 GMT,01/07/2026 00:10:00 GMT,2026-01-06T18:26:41.529Z,2026-01-07T00:10:00.000Z,Under 4.5 Bilal Coulibaly - Total Rebounds Orlando Magic at Washington Wizards | Under 5.5 Keldon Johnson - Total Rebounds San Antonio Spurs at Memphis Grizzlies | Over 4.5 Donte DiVincenzo - Total Rebounds Miami Heat at Minnesota Timberwolves,,Basketball,NBA
019b94c5-e7aa-72e8-8b30-edcbb7bf660e,Novig,straight,SETTLED_LOSS,1.9011406844106467,1.9090909090909092,-0.0042,19.99852,-20.00,01/06/2026 19:26:03 GMT,01/07/2026 00:05:00 GMT,2026-01-06T19:26:03.603Z,2026-01-07T00:05:00.000Z,Over 6.5 Justin Champagnie REBOUNDS Orlando Magic @ Washington Wizards,,Basketball,NBA
019b9497-5c61-7fb9-ac0e-ae1f23040178,Novig,straight,SETTLED_WIN,1.8867924528301887,1.8695652173913042,0.0092,9.9958,8.86,01/06/2026 18:35:10 GMT,01/07/2026 00:05:00 GMT,2026-01-06T18:35:10.391Z,2026-01-07T00:05:00.000Z,Over 16.5 Alexandre Sarr POINTS Orlando Magic @ Washington Wizards,,Basketball,NBA
019b9499-950a-7ea9-aec0-d1da85b0c2a3,Novig,straight,SETTLED_WIN,1.9011406844106467,1.8928571428571428,0.0044,19.99852,18.02,01/06/2026 18:37:34 GMT,01/07/2026 00:05:00 GMT,2026-01-06T18:37:34.912Z,2026-01-07T00:05:00.000Z,Under 22.5 Desmond Bane POINTS Orlando Magic @ Washington Wizards,,Basketball,NBA
019b91d6-4f89-79ec-b19c-6c7159923f1a,Novig,straight,SETTLED_WIN,1.9596358680868542,2.15,-0.0885,59.995839999999994,57.57,01/06/2026 05:45:09 GMT,01/07/2026 00:05:00 GMT,2026-01-06T05:45:09.826Z,2026-01-07T00:05:00.000Z,home +5.5 Spread Cleveland Cavaliers @ Indiana Pacers,,Basketball,NBA
019b91d6-a18c-7f3e-ab51-bc643b076a30,Novig,straight,SETTLED_LOSS,2.906976744186047,3.08,-0.0562,11.99872,-12.00,01/06/2026 05:45:29 GMT,01/07/2026 00:05:00 GMT,2026-01-06T05:45:29.805Z,2026-01-07T00:05:00.000Z,home Pacers Moneyline Cleveland Cavaliers @ Indiana Pacers,,Basketball,NBA
019b91d7-6f10-75cc-bcb9-d790ea5e83cf,Novig,straight,SETTLED_WIN,3.367003367003367,3.439696,-0.0211,24.99849,59.17,01/06/2026 05:46:21 GMT,01/07/2026 00:05:00 GMT,2026-01-06T05:46:21.076Z,2026-01-07T00:05:00.000Z,home Wizards Moneyline Orlando Magic @ Washington Wizards,,Basketball,NBA
019b91d7-0a29-76be-815a-55d43edd67d0,Novig,straight,SETTLED_WIN,1.8026021474550225,1.99009900990099,-0.0942,59.9966,48.15,01/06/2026 05:45:56 GMT,01/07/2026 00:05:00 GMT,2026-01-06T05:45:56.737Z,2026-01-07T00:05:00.000Z,home +7.5 Spread Orlando Magic @ Washington Wizards,,Basketball,NBA
019b9490-f1c0-74c6-bc20-fda5c165ba7e,Novig,straight,SETTLED_WIN,1.7064846416382253,1.606060606060606,0.0625,19.99432,14.13,01/06/2026 18:28:09 GMT,01/07/2026 00:00:00 GMT,2026-01-06T18:28:09.959Z,2026-01-07T00:00:00.000Z,home Golden Flashes Moneyline Bowling Green @ Kent State,,Basketball,NCAAM
019b9490-b57b-7b68-9157-290ede75f819,Novig,straight,SETTLED_WIN,1.7492623893584036,1.7407407407407407,0.0049,19.997,14.98,01/06/2026 18:27:55 GMT,01/07/2026 00:00:00 GMT,2026-01-06T18:27:55.982Z,2026-01-07T00:00:00.000Z,away Orange Moneyline Syracuse @ Georgia Tech,,Basketball,NCAAM
O/0003172/0003874,Fanduel Sportsbook,straight,SETTLED_LOSS,3.5,,,11,-11.00,01/06/2026 20:24:36 GMT,01/06/2026 21:14:09 GMT,2026-01-06T20:24:36.000Z,2026-01-06T21:14:09.000Z,No Both Teams To Score West Ham v Nottm Forest,,Soccer,English Premier League
26007554000019405,Fanatics,straight,SETTLED_WIN,1.7692307692307692,1.6993006993006992,0.0412,30,23.08,01/06/2026 05:54:27 GMT,01/06/2026 21:14:05 GMT,2026-01-06T05:54:27.098Z,2026-01-06T21:14:05.291Z,Yes Both Teams to Score West Ham vs Nottm Forest,,Soccer,English Premier League
O/0003172/0003868,Fanduel Sportsbook,straight,SETTLED_LOSS,2.02,2.04,-0.0098,10,-10.00,01/05/2026 15:37:40 GMT,01/06/2026 05:39:18 GMT,2026-01-05T15:37:40.000Z,2026-01-06T05:39:18.000Z,Stephen Curry Under 3.5 Stephen Curry - Rebounds Golden State Warriors @ Los Angeles Clippers,,Basketball,NBA
O/0003172/0003866,Fanduel Sportsbook,parlay,SETTLED_WIN,11.7,18.58288920056101,-0.3704,5,53.50,01/05/2026 04:35:46 GMT,01/06/2026 05:35:07 GMT,2026-01-05T04:35:46.000Z,2026-01-06T05:35:07.000Z,Detroit Pistons 2.5 Spread Betting New York Knicks @ Detroit Pistons | Boston Celtics Moneyline Chicago Bulls @ Boston Celtics | Denver Nuggets 11.5 Spread Betting Denver Nuggets @ Philadelphia 76ers | Los Angeles Clippers Moneyline Golden State Warriors @ Los Angeles Clippers | Portland Trail Blazers Moneyline Utah Jazz @ Portland Trail Blazers,,Basketball,NBA
O/0003172/0003864,Fanduel Sportsbook,straight,SETTLED_LOSS,1.8771929824561404,1.9818074160357215,-0.0528,35,-35.00,01/05/2026 04:28:34 GMT,01/06/2026 05:35:07 GMT,2026-01-05T04:28:34.000Z,2026-01-06T05:35:07.000Z,Over 222.5 Total Points Golden State Warriors @ Los Angeles Clippers,,Basketball,NBA
20DCLDHTDM,BetMGM,straight,SETTLED_LOSS,1.8,1.625,0.1077,35,-35.00,01/05/2026 04:29:37 GMT,01/06/2026 05:19:30 GMT,2026-01-05T04:29:37.523Z,2026-01-06T05:19:30.783Z,Under 246.5 Totals Utah Jazz at Portland Trail Blazers,,Basketball,NBA
26006028000059405,Fanatics,straight,SETTLED_WIN,1.8,2.1799999999999997,-0.1743,60,48.00,01/05/2026 04:28:18 GMT,01/06/2026 04:15:09 GMT,2026-01-05T04:28:18.288Z,2026-01-06T04:15:09.409Z,Denver Nuggets +12.0 Spread Denver Nuggets at Philadelphia 76ers,,Basketball,NBA
8d34d7b0-ea4c-11f0-bc5f-19ab5e22ac3c,Caesars Sportsbook,straight,SETTLED_WIN,1.55866,1.3076923076923077,0.1919,25,13.97,01/05/2026 15:38:15 GMT,01/06/2026 03:53:04 GMT,2026-01-05T15:38:15.595Z,2026-01-06T03:53:04.996Z,Under 3.5 Reed Sheppard - Total Rebounds Phoenix Suns at Houston Rockets,,Basketball,NBA
O/0003172/0003862,Fanduel Sportsbook,straight,SETTLED_LOSS,1.847457627118644,2,-0.0763,30,-30.00,01/05/2026 04:27:28 GMT,01/06/2026 03:43:45 GMT,2026-01-05T04:27:28.000Z,2026-01-06T03:43:45.000Z,Over 223.5 Alternate Total Points Phoenix Suns @ Houston Rockets,,Basketball,NBA
639032241859544805,Draftkings Sportsbook,straight,SETTLED_LOSS,2.13,2.2,-0.0318,10,-10.00,01/05/2026 15:36:27 GMT,01/06/2026 03:39:27 GMT,2026-01-05T15:36:27.012Z,2026-01-06T03:39:27.033Z,Over 3.5 Collin Sexton Assists O/U CHA Hornets @ OKC Thunder,,Basketball,NBA
O/0003172/0003867,Fanduel Sportsbook,straight,SETTLED_WIN,2.1,1.99009900990099,0.0552,10,11.00,01/05/2026 15:36:46 GMT,01/06/2026 03:29:10 GMT,2026-01-05T15:36:46.000Z,2026-01-06T03:29:10.000Z,Shai Gilgeous-Alexander Under 4.5 Shai Gilgeous-Alexander - Rebounds Charlotte Hornets @ Oklahoma City Thunder,,Basketball,NBA
O/0003172/0003863,Fanduel Sportsbook,straight,SETTLED_WIN,1.8928571428571428,1.8695652173913042,0.0125,50,44.64,01/05/2026 04:27:47 GMT,01/06/2026 03:24:18 GMT,2026-01-05T04:27:47.000Z,2026-01-06T03:24:18.000Z,Charlotte Hornets 16.5 Spread Betting Charlotte Hornets @ Oklahoma City Thunder,,Basketball,NBA
019b8c6a-2b83-7b5d-b24f-9ac46dd13e27,Novig,straight,SETTLED_WIN,1.8792997837346812,2.53506,-0.2587,59.99575,52.75,01/05/2026 04:28:51 GMT,01/06/2026 03:05:00 GMT,2026-01-05T04:28:51.661Z,2026-01-06T03:05:00.000Z,home Clippers Moneyline Golden State Warriors @ Los Angeles Clippers,,Basketball,NBA
639031839948906392,Draftkings Sportsbook,straight,SETTLED_WIN,1.925925925925926,2.05,-0.0605,20,18.51,01/05/2026 04:26:34 GMT,01/06/2026 02:57:30 GMT,2026-01-05T04:26:34.534Z,2026-01-06T02:57:30.612Z,Under 235.5 Total ATL Hawks @ TOR Raptors,,Basketball,NBA
26006695000039605,Fanatics,straight,SETTLED_WIN,2.2,2.15,0.0233,10,12.00,01/05/2026 15:35:40 GMT,01/06/2026 02:55:37 GMT,2026-01-05T15:35:40.896Z,2026-01-06T02:55:37.817Z,4+ Zaccharie Risacher - Rebounds Atlanta Hawks at Toronto Raptors,,Basketball,NBA
26006707000029705,Fanatics,straight,SETTLED_WIN,1.606060606060606,1.5649717514124295,0.0263,10,6.06,01/05/2026 15:47:17 GMT,01/06/2026 02:48:41 GMT,2026-01-05T15:47:17.793Z,2026-01-06T02:48:41.844Z,Texas A&M-CC Money Line Texas A&M-Corpus Christi Islanders at Houston Christian Huskies,,Basketball,NCAAM
26006703000019405,Fanatics,parlay,SETTLED_LOSS,9.26,,,5,-5.00,01/05/2026 15:43:30 GMT,01/06/2026 02:40:08 GMT,2026-01-05T15:43:30.995Z,2026-01-06T02:40:08.117Z,Detroit Pistons +3.5 Spread New York Knicks at Detroit Pistons | Boston Celtics Money Line Chicago Bulls at Boston Celtics | Chicago Bulls +12.0 Spread Chicago Bulls at Boston Celtics | Denver Nuggets +12.5 Spread Denver Nuggets at Philadelphia 76ers,,Basketball,NBA
O/0003172/0003861,Fanduel Sportsbook,straight,SETTLED_LOSS,1.8333333333333335,1.7866377952755903,0.0261,50,-50.00,01/05/2026 04:26:02 GMT,01/06/2026 02:39:36 GMT,2026-01-05T04:26:02.000Z,2026-01-06T02:39:36.000Z,Chicago Bulls +11.5 Alternate Spread Chicago Bulls @ Boston Celtics,,Basketball,NBA
20DCL9FT8B,BetMGM,straight,SETTLED_WIN,1.847457627118644,1.6896551724137931,0.0934,50,42.37,01/05/2026 04:25:00 GMT,01/06/2026 02:37:37 GMT,2026-01-05T04:25:00.720Z,2026-01-06T02:37:37.631Z,Detroit Pistons +3.5 Spread New York Knicks at Detroit Pistons,,Basketball,NBA
019b8ece-a4dd-7442-a31b-be12d5cba69b,Novig,straight,SETTLED_VOID,1.769911504424779,,,9.99485,0.00,01/05/2026 15:37:51 GMT,01/06/2026 02:37:24 GMT,2026-01-05T15:37:51.306Z,2026-01-06T02:37:24.450Z,Under 4.5 James Harden REBOUNDS Golden State Warriors @ Los Angeles Clippers,,Basketball,NBA
26006695000029905,Fanatics,straight,SETTLED_WIN,2.05,2,0.0250,10,10.50,01/05/2026 15:35:59 GMT,01/06/2026 02:32:30 GMT,2026-01-05T15:35:59.814Z,2026-01-06T02:32:30.024Z,8+ Onyeka Okongwu - Rebounds Atlanta Hawks at Toronto Raptors,,Basketball,NBA
O/0003172/0003860,Fanduel Sportsbook,straight,SETTLED_WIN,1.9090909090909092,1.7407407407407407,0.0967,35,31.82,01/05/2026 04:25:32 GMT,01/06/2026 02:26:08 GMT,2026-01-05T04:25:32.000Z,2026-01-06T02:26:08.000Z,Under 235.5 Total Points New York Knicks @ Detroit Pistons,,Basketball,NBA
PlacedBet:ew64J4K74c1TLD0qbqupJ2v1Xv8=,theScore Bet,parlay,SETTLED_LOSS,10.848,10.025494018270077,0.0820,5,-5.00,01/05/2026 15:45:55 GMT,01/06/2026 02:23:44 GMT,2026-01-05T15:45:55.305Z,2026-01-06T02:23:44.961Z,Oregon Moneyline Oregon Ducks @ Rutgers Scarlet Knights | College of Charleston Moneyline William & Mary Tribe @ College of Charleston Cougars | Incarnate Word Moneyline Incarnate Word Cardinals @ UT Rio Grande Valley Vaqueros | New Orleans Moneyline East Texas A&M Lions @ New Orleans Privateers | Texas A&M-Corpus Christi Moneyline Texas A&M-Corpus Christi Islanders @ Houston Christian Huskies,,Basketball,NCAAM
639032248910346067,Draftkings Sportsbook,straight,SETTLED_LOSS,1.4,1.5,-0.0667,38,-38.00,01/05/2026 15:48:12 GMT,01/06/2026 02:19:21 GMT,2026-01-05T15:48:12.058Z,2026-01-06T02:19:21.446Z,Oregon Moneyline Oregon @ Rutgers,,Basketball,NCAAM
e6aa7ec0-ea4d-11f0-bc5f-19ab5e22ac3c,Caesars Sportsbook,straight,SETTLED_WIN,2.066666666666667,1.641025641025641,0.2594,30,32.00,01/05/2026 15:47:55 GMT,01/06/2026 02:09:53 GMT,2026-01-05T15:47:55.180Z,2026-01-06T02:09:53.051Z,Charleston Cougars Money Line William & Mary Tribe at Charleston Cougars,,Basketball,NCAAM
14c74370-ea4d-11f0-86cb-c1583f225d9d,Caesars Sportsbook,parlay,SETTLED_LOSS,16.116,,,5,-5.00,01/05/2026 15:42:03 GMT,01/06/2026 01:10:00 GMT,2026-01-05T15:42:03.047Z,2026-01-06T01:10:00.000Z,Over 7.5 Onyeka Okongwu - Total Rebounds Atlanta Hawks at Toronto Raptors | Under 3.5 Stephen Curry - Total Rebounds Golden State Warriors at Los Angeles Clippers | Under 4.5 James Harden - Total Rebounds Golden State Warriors at Los Angeles Clippers | Under 2.5 Reed Sheppard - Total Rebounds Phoenix Suns at Houston Rockets,,Basketball,NBA
019b8c68-61ef-7ce4-bdc1-0df157f9ecdd,Novig,straight,SETTLED_WIN,1.9566763739828412,1.9523809523809523,0.0022,54.99632,52.61,01/05/2026 04:26:59 GMT,01/06/2026 01:05:00 GMT,2026-01-05T04:26:59.133Z,2026-01-06T01:05:00.000Z,away +8.5 Spread Phoenix Suns @ Houston Rockets,,Basketball,NBA
019b8ed6-7437-7e61-be17-6db3e957f02d,Novig,straight,SETTLED_WIN,2.0618556701030926,2.55,-0.1914,9.99585,10.61,01/05/2026 15:46:21 GMT,01/06/2026 00:00:00 GMT,2026-01-05T15:46:21.322Z,2026-01-06T00:00:00.000Z,home Phoenix Moneyline Milwaukee @ Green Bay,,Basketball,NCAAM
019b8ed6-4779-7250-ba7f-f85f2da6f054,Novig,straight,SETTLED_LOSS,2.150537634408602,1.9523809523809523,0.1015,9.9975,-10.00,01/05/2026 15:46:11 GMT,01/05/2026 23:30:00 GMT,2026-01-05T15:46:11.141Z,2026-01-05T23:30:00.000Z,away Hornets Moneyline Alabama State @ Arkansas Pine Bluff,,Basketball,NCAAM
O/0003172/0003858,Fanduel Sportsbook,straight,SETTLED_LOSS,2.1399999999999997,2,0.0700,10,-10.00,01/04/2026 15:38:00 GMT,01/05/2026 04:36:46 GMT,2026-01-04T15:38:00.000Z,2026-01-05T04:36:46.000Z,DeMar DeRozan Under 3.5 DeMar DeRozan - Rebounds Milwaukee Bucks @ Sacramento Kings,,Basketball,NBA
O/0003172/0003844,Fanduel Sportsbook,straight,SETTLED_LOSS,1.7692307692307692,1.6896551724137931,0.0471,15,-15.00,01/02/2026 18:03:10 GMT,01/05/2026 04:35:58 GMT,2026-01-02T18:03:10.000Z,2026-01-05T04:35:58.000Z,Derrick Henry Any Time Touchdown Scorer Baltimore Ravens @ Pittsburgh Steelers,,American Football,NFL
PlacedBet:oWALEXF55hYkN4Gigx1cVwOhMwA=,theScore Bet,straight,SETTLED_LOSS,2.25,2.25,,10,-10.00,01/04/2026 15:40:22 GMT,01/05/2026 03:39:00 GMT,2026-01-04T15:40:22.490Z,2026-01-05T03:39:00.914Z,Under 2.5 Aaron Wiggins Total Rebounds Oklahoma City Thunder @ Phoenix Suns,,Basketball,NBA
O/0003172/0003856,Fanduel Sportsbook,straight,SETTLED_WIN,1.7575757575757576,1.7874015748031495,-0.0167,10,7.58,01/04/2026 15:37:33 GMT,01/05/2026 02:53:47 GMT,2026-01-04T15:37:33.000Z,2026-01-05T02:53:47.000Z,Oso Ighodaro Over 4.5 Oso Ighodaro - Rebounds Oklahoma City Thunder @ Phoenix Suns,,Basketball,NBA
019b89a9-d18e-766b-ab96-6846c05523ef,Novig,straight,SETTLED_WIN,2.2675736961451247,2.5,-0.0930,9.99747,12.67,01/04/2026 15:39:39 GMT,01/05/2026 02:05:00 GMT,2026-01-04T15:39:39.224Z,2026-01-05T02:05:00.000Z,Under 4.5 Kevin Porter Jr. REBOUNDS Milwaukee Bucks @ Sacramento Kings,,Basketball,NBA
20DBW33D7A,BetMGM,straight,SETTLED_LOSS,2,1.970873786407767,0.0148,20,-20.00,01/04/2026 15:31:21 GMT,01/05/2026 01:30:43 GMT,2026-01-04T15:31:21.770Z,2026-01-05T01:30:43.778Z,Washington Wizards +10.5 Spread Minnesota Timberwolves at Washington Wizards,,Basketball,NBA
20DBW101Y4,BetMGM,straight,SETTLED_WIN,1.9090909090909092,2.12,-0.0995,35,31.82,01/04/2026 15:29:27 GMT,01/05/2026 01:30:43 GMT,2026-01-04T15:29:27.260Z,2026-01-05T01:30:43.778Z,Under 244.5 Totals New Orleans Pelicans at Miami Heat,,Basketball,NBA
O/0003172/0003857,Fanduel Sportsbook,straight,SETTLED_LOSS,2.2199999999999998,2.35,-0.0553,10,-10.00,01/04/2026 15:37:47 GMT,01/05/2026 01:22:26 GMT,2026-01-04T15:37:47.000Z,2026-01-05T01:22:26.000Z,Tre Johnson Under 2.5 Tre Johnson - Rebounds Minnesota Timberwolves @ Washington Wizards,,Basketball,NBA
PlacedBet:Q0n8utnkU19EuYXsZSTk7fgG9Tw=,theScore Bet,parlay,SETTLED_LOSS,8.711428571428572,6.988171828171829,0.2466,7,-7.00,01/04/2026 15:45:50 GMT,01/05/2026 01:21:18 GMT,2026-01-04T15:45:50.503Z,2026-01-05T01:21:18.781Z,DET Pistons +5.5 Game Spread Detroit Pistons @ Cleveland Cavaliers | BKN Nets Moneyline Denver Nuggets @ Brooklyn Nets | WSH Wizards +10.5 Game Spread Minnesota Timberwolves @ Washington Wizards,,Basketball,NBA
26005716000109505,Fanatics,straight,SETTLED_WIN,1.7142857142857144,,,40,28.57,01/04/2026 23:16:42 GMT,01/05/2026 01:16:46 GMT,2026-01-04T23:16:42.196Z,2026-01-05T01:16:46.478Z,Minnesota Timberwolves -10.5 Spread Minnesota Timberwolves at Washington Wizards,,Basketball,NBA
26005716000099905,Fanatics,straight,SETTLED_WIN,1.8849557522123894,,,10,8.93,01/04/2026 23:16:49 GMT,01/05/2026 01:16:45 GMT,2026-01-04T23:16:49.878Z,2026-01-05T01:16:45.561Z,Minnesota Timberwolves -10.5 Spread Minnesota Timberwolves at Washington Wizards,,Basketball,NBA
26005250000019505,Fanatics,straight,SETTLED_LOSS,1.7692307692307692,2.08,-0.1494,30,-30.00,01/04/2026 15:30:00 GMT,01/05/2026 01:07:51 GMT,2026-01-04T15:30:00.978Z,2026-01-05T01:07:51.571Z,Under 237.0 Total Points Minnesota Timberwolves at Washington Wizards,,Basketball,NBA
019b89a8-a355-73b2-9073-d01da8543a20,Novig,straight,SETTLED_WIN,2.066115702479339,2.05,0.0079,9.99944,10.66,01/04/2026 15:38:14 GMT,01/05/2026 01:05:00 GMT,2026-01-04T15:38:14.486Z,2026-01-05T01:05:00.000Z,Over 7.5 Luguentz Dort POINTS Oklahoma City Thunder @ Phoenix Suns,,Basketball,NBA
019b89a8-d6d8-760b-8ec4-807c49fcb176,Novig,straight,SETTLED_WIN,2.398081534772182,2.35,0.0205,9.99966,13.98,01/04/2026 15:38:26 GMT,01/05/2026 01:05:00 GMT,2026-01-04T15:38:26.062Z,2026-01-05T01:05:00.000Z,Under 2.5 Ajay Mitchell REBOUNDS Oklahoma City Thunder @ Phoenix Suns,,Basketball,NBA
26002522000029505,Fanatics,straight,SETTLED_LOSS,2.95,2.75,0.0727,10,-10.00,01/02/2026 18:02:35 GMT,01/05/2026 00:36:00 GMT,2026-01-02T18:02:35.628Z,2026-01-05T00:36:00.115Z,Courtland Sutton Anytime Touchdown Scorer Los Angeles Chargers at Denver Broncos,,American Football,NFL
O/0003172/0003848,Fanduel Sportsbook,straight,SETTLED_LOSS,4.9,4.5,0.0889,5,-5.00,01/02/2026 18:06:10 GMT,01/05/2026 00:35:49 GMT,2026-01-02T18:06:10.000Z,2026-01-05T00:35:49.000Z,Troy Franklin Any Time Touchdown Scorer Los Angeles Chargers @ Denver Broncos,,American Football,NFL
O/0003172/0003846,Fanduel Sportsbook,straight,SETTLED_LOSS,4.1,4.15,-0.0120,5,-5.00,01/02/2026 18:05:26 GMT,01/05/2026 00:27:01 GMT,2026-01-02T18:05:26.000Z,2026-01-05T00:27:01.000Z,Terry McLaurin Any Time Touchdown Scorer Washington Commanders @ Philadelphia Eagles,,American Football,NFL
019b89a2-8220-7edf-86a5-1aea8700a0cc,Novig,straight,SETTLED_LOSS,1.8939393939393936,1.970873786407767,-0.0390,19.99536,-20.00,01/04/2026 15:31:30 GMT,01/04/2026 23:05:00 GMT,2026-01-04T15:31:30.354Z,2026-01-04T23:05:00.000Z,home +10.5 Spread Minnesota Timberwolves @ Washington Wizards,,Basketball,NBA
20DBW0XLDB,BetMGM,straight,SETTLED_WIN,1.847457627118644,1.847457627118644,,35,29.66,01/04/2026 15:28:29 GMT,01/04/2026 22:58:56 GMT,2026-01-04T15:28:29.410Z,2026-01-04T22:58:56.001Z,Over 223.5 Totals Denver Nuggets at Brooklyn Nets,,Basketball,NBA
PlacedBet:4BZrjSo7E1Oheougj+t9m18hpms=,theScore Bet,straight,SETTLED_LOSS,1.9523809523809523,2.02,-0.0335,10,-10.00,01/04/2026 15:39:54 GMT,01/04/2026 22:39:41 GMT,2026-01-04T15:39:54.051Z,2026-01-04T22:39:41.990Z,Under 21.5 Desmond Bane Total Points Indiana Pacers @ Orlando Magic,,Basketball,NBA
O/0003172/0003859,Fanduel Sportsbook,parlay,SETTLED_LOSS,20.42,16.234798534798536,0.2578,5,-5.00,01/04/2026 15:41:16 GMT,01/04/2026 22:36:24 GMT,2026-01-04T15:41:16.000Z,2026-01-04T22:36:24.000Z,Desmond Bane Under 21.5 Desmond Bane - Points Indiana Pacers @ Orlando Magic | Tre Johnson Under 2.5 Tre Johnson - Rebounds Minnesota Timberwolves @ Washington Wizards | Oso Ighodaro Over 4.5 Oso Ighodaro - Rebounds Oklahoma City Thunder @ Phoenix Suns | DeMar DeRozan Under 3.5 DeMar DeRozan - Rebounds Milwaukee Bucks @ Sacramento Kings,,Basketball,NBA
O/0003172/0003843,Fanduel Sportsbook,straight,SETTLED_WIN,2.75,2.85,-0.0351,8,14.00,01/02/2026 18:02:47 GMT,01/04/2026 22:10:51 GMT,2026-01-02T18:02:47.000Z,2026-01-04T22:10:51.000Z,Chris Rodriguez Jr. Any Time Touchdown Scorer Washington Commanders @ Philadelphia Eagles,,American Football,NFL
O/0003172/0002593,Fanduel Sportsbook,parlay,SETTLED_LOSS,78.77,,,4,-4.00,08/09/2025 21:30:56 GMT,01/04/2026 21:47:22 GMT,2025-08-09T21:30:56.000Z,2026-01-04T21:47:22.000Z,Jonathan Taylor 10+ Regular Season Rushing TDs 2025-26 10+ Regular Season Rushing TDs 2025-26 | Chase Brown 10+ Regular Season Rushing TDs 2025-26 10+ Regular Season Rushing TDs 2025-26 | Bijan Robinson 12+ Regular Season Rushing TDs 2025-26 12+ Regular Season Rushing TDs 2025-26 | James Cook 12+ Regular Season Rushing TDs 2025-26 12+ Regular Season Rushing TDs 2025-26 | Jahmyr Gibbs 12+ Regular Season Rushing TDs 2025-26 12+ Regular Season Rushing TDs 2025-26,,American Football,NFL
26002527000069505,Fanatics,straight,SETTLED_WIN,2.15,2.2,-0.0227,10,11.50,01/02/2026 18:07:25 GMT,01/04/2026 21:29:55 GMT,2026-01-02T18:07:25.300Z,2026-01-04T21:29:55.711Z,TreVeyon Henderson Anytime Touchdown Scorer Miami Dolphins at New England Patriots,,American Football,NFL
26002524000019705,Fanatics,straight,SETTLED_WIN,2.15,2.2,-0.0227,10,11.50,01/02/2026 18:04:05 GMT,01/04/2026 21:29:54 GMT,2026-01-02T18:04:05.912Z,2026-01-04T21:29:54.618Z,TreVeyon Henderson Anytime Touchdown Scorer Miami Dolphins at New England Patriots,,American Football,NFL
26002523000029605,Fanatics,straight,SETTLED_LOSS,2.65,2.8,-0.0536,7,-7.00,01/02/2026 18:03:40 GMT,01/04/2026 21:07:13 GMT,2026-01-02T18:03:40.122Z,2026-01-04T21:07:13.509Z,Tyler Allgeier Anytime Touchdown Scorer New Orleans Saints at Atlanta Falcons,,American Football,NFL
639029738011065673,Draftkings Sportsbook,straight,SETTLED_LOSS,3.4,3.8,-0.1053,5,-5.00,01/02/2026 18:03:22 GMT,01/04/2026 20:56:29 GMT,2026-01-02T18:03:22.418Z,2026-01-04T20:56:29.232Z,Raheim Sanders Anytime TD Scorer CLE Browns @ CIN Bengals,,American Football,NFL
O/0003172/0003850,Fanduel Sportsbook,straight,SETTLED_LOSS,3.7,4.05,-0.0864,7,-7.00,01/02/2026 18:07:40 GMT,01/04/2026 20:48:54 GMT,2026-01-02T18:07:40.000Z,2026-01-04T20:48:54.000Z,Chimere Dike Any Time Touchdown Scorer Tennessee Titans @ Jacksonville Jaguars,,American Football,NFL
O/0003172/0003849,Fanduel Sportsbook,straight,SETTLED_LOSS,2.8,3.07,-0.0879,7,-7.00,01/02/2026 18:06:21 GMT,01/04/2026 20:48:41 GMT,2026-01-02T18:06:21.000Z,2026-01-04T20:48:41.000Z,Tony Pollard Any Time Touchdown Scorer Tennessee Titans @ Jacksonville Jaguars,,American Football,NFL
019b899e-d50f-7680-8f10-8687222b0808,Novig,straight,SETTLED_WIN,2.3137175368508722,2.209678,0.0471,49.99746,65.68,01/04/2026 15:27:31 GMT,01/04/2026 20:35:00 GMT,2026-01-04T15:27:31.500Z,2026-01-04T20:35:00.000Z,home Nets Moneyline Denver Nuggets @ Brooklyn Nets,,Basketball,NBA
639029737444939082,Draftkings Sportsbook,straight,SETTLED_VOID,1.9523809523809523,,,10,0.00,01/02/2026 18:02:24 GMT,01/04/2026 20:09:47 GMT,2026-01-02T18:02:24.341Z,2026-01-04T20:09:47.243Z,De'Von Achane Anytime TD Scorer MIA Dolphins @ NE Patriots,,American Football,NFL
O/0003172/0003847,Fanduel Sportsbook,straight,SETTLED_VOID,4.3,,,3,0.00,01/02/2026 18:05:35 GMT,01/04/2026 19:59:36 GMT,2026-01-02T18:05:35.000Z,2026-01-04T19:59:36.000Z,Jaylen Waddle Any Time Touchdown Scorer Miami Dolphins @ New England Patriots,,American Football,NFL
019b899d-ef41-70e0-88c5-6d9b6efbfa66,Novig,straight,SETTLED_WIN,1.8587360594795541,2.0329140000000003,-0.0857,34.9969,30.05,01/04/2026 15:26:35 GMT,01/04/2026 19:05:00 GMT,2026-01-04T15:26:35.300Z,2026-01-04T19:05:00.000Z,Under 238.5 Total Detroit Pistons @ Cleveland Cavaliers,,Basketball,NBA
019b899e-7829-7773-8dfc-b186b06fe1e6,Novig,straight,SETTLED_WIN,1.8792997837346812,1.6711409395973154,0.1246,59.99575,52.75,01/04/2026 15:27:07 GMT,01/04/2026 19:05:00 GMT,2026-01-04T15:27:07.718Z,2026-01-04T19:05:00.000Z,away +5.5 Spread Detroit Pistons @ Cleveland Cavaliers,,Basketball,NBA
26005259000019605,Fanatics,straight,SETTLED_VOID,2.2,,,10,0.00,01/04/2026 15:39:18 GMT,01/04/2026 18:20:09 GMT,2026-01-04T15:39:18.317Z,2026-01-04T18:20:09.696Z,9+ Jarrett Allen - Rebounds Detroit Pistons at Cleveland Cavaliers,,Basketball,NBA
019b7fe0-eea7-7dc5-85d1-13047e1c548d,Novig,straight,SETTLED_VOID,2.631578947368421,,,9.9978,0.00,01/02/2026 18:03:28 GMT,01/04/2026 18:00:00 GMT,2026-01-02T18:03:28.925Z,2026-01-04T18:00:00.000Z,Over 0.5 Nico Collins TOUCHDOWNS Indianapolis Colts @ Houston Texans,,American Football,NFL
019b7fe1-36bd-763f-94ce-6dca4e201fd4,Novig,straight,SETTLED_WIN,2.4154589371980673,2.4,0.0064,9.9981,14.15,01/02/2026 18:03:50 GMT,01/04/2026 18:00:00 GMT,2026-01-02T18:03:50.499Z,2026-01-04T18:00:00.000Z,Over 0.5 Tee Higgins TOUCHDOWNS Cleveland Browns @ Cincinnati Bengals,,American Football,NFL
O/0003172/0003851,Fanduel Sportsbook,straight,SETTLED_LOSS,1.819672131147541,1.9523809523809523,-0.0680,12,-12.00,01/02/2026 18:23:12 GMT,01/04/2026 16:41:48 GMT,2026-01-02T18:23:12.000Z,2026-01-04T16:41:48.000Z,No Both Teams To Score Tottenham v Sunderland,,Soccer,English Premier League
97fd85f0-e869-11f0-bbf8-132e90fbfc9e,Caesars Sportsbook,parlay,SETTLED_WIN,3.2256,3.049910873440285,0.0576,25,55.64,01/03/2026 06:01:06 GMT,01/04/2026 16:34:25 GMT,2026-01-03T06:01:06.767Z,2026-01-04T16:34:25.972Z,Under 239.5 Total Points Portland Trail Blazers at San Antonio Spurs | Yes Both Teams To Score Fulham vs Liverpool,,Basketball | Soccer,NBA | English Premier League
0cfd3ab0-e808-11f0-bbf8-132e90fbfc9e,Caesars Sportsbook,straight,SETTLED_WIN,1.68966,1.7633587786259541,-0.0418,30,20.69,01/02/2026 18:22:52 GMT,01/04/2026 16:34:25 GMT,2026-01-02T18:22:52.379Z,2026-01-04T16:34:25.953Z,Yes Both Teams To Score Fulham vs Liverpool,,Soccer,English Premier League
26005262000059805,Fanatics,straight,SETTLED_LOSS,4.1,,,17,-17.00,01/04/2026 15:42:29 GMT,01/04/2026 16:33:50 GMT,2026-01-04T15:42:29.720Z,2026-01-04T16:33:50.139Z,No Both Teams to Score Fulham vs Liverpool,,Soccer,English Premier League
035ffc90-e808-11f0-b70b-65b83090a04c,Caesars Sportsbook,straight,SETTLED_WIN,1.66667,1.7692307692307692,-0.0580,35,23.33,01/02/2026 18:22:36 GMT,01/04/2026 13:54:08 GMT,2026-01-02T18:22:36.249Z,2026-01-04T13:54:08.851Z,Yes Both Teams To Score Leeds vs Man Utd,,Soccer,English Premier League
26003242000029605,Fanatics,straight,SETTLED_WIN,1.8695652173913042,2.0700000000000003,-0.0968,30,26.09,01/03/2026 06:02:32 GMT,01/04/2026 05:32:24 GMT,2026-01-03T06:02:32.725Z,2026-01-04T05:32:24.073Z,Over 222.0 Total Points Boston Celtics at Los Angeles Clippers,,Basketball,NBA
O/0003172/0003855,Fanduel Sportsbook,straight,SETTLED_WIN,1.9090909090909092,1.925925925925926,-0.0087,45,40.91,01/03/2026 06:01:51 GMT,01/04/2026 05:28:50 GMT,2026-01-03T06:01:51.000Z,2026-01-04T05:28:50.000Z,Utah Jazz 12.5 Spread Betting Utah Jazz @ Golden State Warriors,,Basketball,NBA
O/0003172/0003854,Fanduel Sportsbook,straight,SETTLED_WIN,1.8771929824561404,1.8695652173913042,0.0041,20,17.54,01/03/2026 06:01:34 GMT,01/04/2026 03:51:41 GMT,2026-01-03T06:01:34.000Z,2026-01-04T03:51:41.000Z,Dallas Mavericks 8.5 Spread Betting Houston Rockets @ Dallas Mavericks,,Basketball,NBA
639029739575762071,Draftkings Sportsbook,straight,SETTLED_LOSS,2.9,3.05,-0.0492,5,-5.00,01/02/2026 18:05:58 GMT,01/04/2026 03:49:27 GMT,2026-01-02T18:05:58.640Z,2026-01-04T03:49:27.108Z,Jauan Jennings Anytime TD Scorer SEA Seahawks @ SF 49ers,,American Football,NFL
O/0003172/0003845,Fanduel Sportsbook,straight,SETTLED_LOSS,10,12,-0.1667,3.5,-3.50,01/02/2026 18:05:16 GMT,01/04/2026 03:48:11 GMT,2026-01-02T18:05:16.000Z,2026-01-04T03:48:11.000Z,Jake Tonges Any Time Touchdown Scorer Seattle Seahawks @ San Francisco 49ers,,American Football,NFL
9e782750-e869-11f0-a8cf-e3b4521105b4,Caesars Sportsbook,straight,SETTLED_WIN,1.91,1.7352941176470589,0.1007,25,22.73,01/03/2026 06:01:17 GMT,01/04/2026 03:32:03 GMT,2026-01-03T06:01:17.637Z,2026-01-04T03:32:03.285Z,Under 239.5 Total Points Portland Trail Blazers at San Antonio Spurs,,Basketball,NBA
26003240000029505,Fanatics,straight,SETTLED_WIN,1.8333333333333335,2.1,-0.1270,20,16.67,01/03/2026 06:00:42 GMT,01/04/2026 03:19:34 GMT,2026-01-03T06:00:42.808Z,2026-01-04T03:19:34.190Z,Under 238.0 Total Points Charlotte Hornets at Chicago Bulls,,Basketball,NBA
019b8272-d8ea-7138-818f-8875273d108c,Novig,straight,SETTLED_WIN,1.9230769230769234,2.84,-0.3229,49.998,46.15,01/03/2026 06:02:07 GMT,01/04/2026 03:05:00 GMT,2026-01-03T06:02:07.247Z,2026-01-04T03:05:00.000Z,Under 239.5 Total Utah Jazz @ Golden State Warriors,,Basketball,NBA
26002523000069905,Fanatics,straight,SETTLED_WIN,2.25,2.12,0.0613,10,12.50,01/02/2026 18:03:58 GMT,01/04/2026 01:30:50 GMT,2026-01-02T18:03:58.721Z,2026-01-04T01:30:50.680Z,Zach Charbonnet Anytime Touchdown Scorer Seattle Seahawks at San Francisco 49ers,,American Football,NFL
019b8271-32f3-74f1-a7aa-f80ae0b8aad0,Novig,straight,SETTLED_LOSS,1.7699115044247786,1.819672131147541,-0.0273,54.9971,-55.00,01/03/2026 06:00:19 GMT,01/04/2026 01:05:00 GMT,2026-01-03T06:00:19.141Z,2026-01-04T01:05:00.000Z,home Bulls Moneyline Charlotte Hornets @ Chicago Bulls,,Basketball,NBA
019b8271-0025-757a-b59d-b1daa24a62fb,Novig,straight,SETTLED_WIN,1.6583747927031507,1.5376344086021505,0.0785,54.99963,36.21,01/03/2026 06:00:07 GMT,01/04/2026 00:35:00 GMT,2026-01-03T06:00:07.325Z,2026-01-04T00:35:00.000Z,home Raptors Moneyline Atlanta Hawks @ Toronto Raptors,,Basketball,NBA
O/0003172/0003852,Fanduel Sportsbook,straight,SETTLED_LOSS,2.1399999999999997,1.6578947368421053,0.2908,10,-10.00,01/03/2026 05:59:46 GMT,01/04/2026 00:33:16 GMT,2026-01-03T05:59:46.000Z,2026-01-04T00:33:16.000Z,Under 239.5 Total Points Minnesota Timberwolves @ Miami Heat,,Basketball,NBA
O/0003172/0003853,Fanduel Sportsbook,straight,SETTLED_LOSS,1.9090909090909092,1.6578947368421053,0.1515,20,-20.00,01/03/2026 05:59:51 GMT,01/04/2026 00:33:14 GMT,2026-01-03T05:59:51.000Z,2026-01-04T00:33:14.000Z,Under 239.5 Total Points Minnesota Timberwolves @ Miami Heat,,Basketball,NBA
26002522000029705,Fanatics,straight,SETTLED_LOSS,2.7,2.8,-0.0357,7,-7.00,01/02/2026 18:02:05 GMT,01/04/2026 00:27:03 GMT,2026-01-02T18:02:05.960Z,2026-01-04T00:27:03.754Z,Tetairoa McMillan Anytime Touchdown Scorer Carolina Panthers at Tampa Bay Buccaneers,,American Football,NFL
O/0003172/0003834,Fanduel Sportsbook,straight,SETTLED_LOSS,4.5,5,-0.1000,10,-10.00,12/29/2025 18:12:21 GMT,01/04/2026 00:25:14 GMT,2025-12-29T18:12:21.000Z,2026-01-04T00:25:14.000Z,Emeka Egbuka Any Time Touchdown Scorer Carolina Panthers @ Tampa Bay Buccaneers,,American Football,NFL
019b8550-64de-707b-ac0a-5232520219d3,Novig,straight,SETTLED_LOSS,2.298850574712644,2.2,0.0449,46.9974,-47.00,01/03/2026 19:23:26 GMT,01/03/2026 22:05:00 GMT,2026-01-03T19:23:26.244Z,2026-01-03T22:05:00.000Z,home Heat Moneyline Minnesota Timberwolves @ Miami Heat,,Basketball,NBA
019b7fe0-810f-73d3-b7a7-9b4dba798767,Novig,straight,SETTLED_WIN,3.875968992248062,4.12,-0.0592,7.49748,21.56,01/02/2026 18:03:02 GMT,01/03/2026 21:30:00 GMT,2026-01-02T18:03:02.859Z,2026-01-03T21:30:00.000Z,Over 0.5 Jalen Coker TOUCHDOWNS Carolina Panthers @ Tampa Bay Buccaneers,,American Football,NFL
019b7fe4-3cfa-73f2-977a-7f6740075de4,Novig,straight,SETTLED_LOSS,4.048582995951417,4.3,-0.0585,4.99928,-5.00,01/02/2026 18:07:09 GMT,01/03/2026 21:30:00 GMT,2026-01-02T18:07:09.517Z,2026-01-03T21:30:00.000Z,Over 0.5 Jalen McMillan TOUCHDOWNS Carolina Panthers @ Tampa Bay Buccaneers,,American Football,NFL
019b6b4f-32d8-7d08-a4aa-99598994daa0,Novig,straight,SETTLED_LOSS,2.5188916876574305,2.8,-0.1004,19.99689,-20.00,12/29/2025 18:11:57 GMT,01/03/2026 21:30:00 GMT,2025-12-29T18:11:57.891Z,2026-01-03T21:30:00.000Z,Over 0.5 Bucky Irving TOUCHDOWNS Carolina Panthers @ Tampa Bay Buccaneers,,American Football,NFL
639029749306563855,Draftkings Sportsbook,straight,SETTLED_LOSS,1.8695652173913042,1.8797154408334629,-0.0054,15,-15.00,01/02/2026 18:22:10 GMT,01/03/2026 16:52:23 GMT,2026-01-02T18:22:10.482Z,2026-01-03T16:52:23.064Z,Yes Both Teams to Score Brighton vs Burnley,,Soccer,English Premier League
O/0003172/0003840,Fanduel Sportsbook,straight,SETTLED_LOSS,2.54,2.8080048,-0.0954,10,-10.00,01/02/2026 05:07:16 GMT,01/03/2026 06:05:06 GMT,2026-01-02T05:07:16.000Z,2026-01-03T06:05:06.000Z,Memphis Grizzlies Moneyline Memphis Grizzlies @ Los Angeles Lakers,,Basketball,NBA
639029637496933218,Draftkings Sportsbook,straight,SETTLED_WIN,1.6622516556291391,1.5555555555555556,0.0686,10,6.62,01/02/2026 15:15:49 GMT,01/03/2026 05:51:43 GMT,2026-01-02T15:15:49.420Z,2026-01-03T05:51:43.031Z,Under 5.5 Shai Gilgeous-Alexander Rebounds O/U OKC Thunder @ GS Warriors,,Basketball,NBA
PlacedBet:9eiew6Q1DgUX4Fa24dOMZMkYkeY=,theScore Bet,straight,SETTLED_LOSS,1.8333333333333333,2.66,-0.3108,40,-40.00,01/02/2026 05:06:57 GMT,01/03/2026 05:30:43 GMT,2026-01-02T05:06:57.401Z,2026-01-03T05:30:43.900Z,GS Warriors +9.5 Game Spread Oklahoma City Thunder @ Golden State Warriors,,Basketball,NBA
PlacedBet:VIOWuwUYuky21vAq4ae0SxX9v0E=,theScore Bet,straight,SETTLED_LOSS,1.8333333333333333,2.0809320000000002,-0.1190,40,-40.00,01/02/2026 05:06:34 GMT,01/03/2026 04:30:39 GMT,2026-01-02T05:06:34.106Z,2026-01-03T04:30:39.608Z,SAC Kings +12.5 Game Spread Sacramento Kings @ Phoenix Suns,,Basketball,NBA
26002353000029505,Fanatics,straight,SETTLED_WIN,2.1,2,0.0500,10,11.00,01/02/2026 15:13:38 GMT,01/03/2026 04:26:08 GMT,2026-01-02T15:13:38.745Z,2026-01-03T04:26:08.142Z,5+ Precious Achiuwa - Rebounds Sacramento Kings at Phoenix Suns,,Basketball,NBA
20CMGX61Y2,BetMGM,straight,SETTLED_WIN,2.56,1.7475060985797828,0.4649,15,23.40,12/19/2025 18:05:33 GMT,01/03/2026 04:00:00 GMT,2025-12-19T18:05:33.183Z,2026-01-03T04:00:00.000Z,SMU Moneyline Arizona at SMU (Neutral  Venue),,American Football,NCAAFB
20D8EH0K77,BetMGM,straight,SETTLED_WIN,1.847457627118644,1.9117496723460026,-0.0336,45,38.14,01/02/2026 05:05:09 GMT,01/03/2026 03:56:33 GMT,2026-01-02T05:05:09.210Z,2026-01-03T03:56:33.284Z,Chicago Bulls +5.5 Spread Orlando Magic at Chicago Bulls,,Basketball,NBA
20D8EH0PAG,BetMGM,straight,SETTLED_WIN,2.01,1.9117496723460026,0.0514,10,10.17,01/02/2026 05:05:30 GMT,01/03/2026 03:56:33 GMT,2026-01-02T05:05:30.380Z,2026-01-03T03:56:33.284Z,Chicago Bulls +5.5 Spread Orlando Magic at Chicago Bulls,,Basketball,NBA
639029637402389349,Draftkings Sportsbook,straight,SETTLED_LOSS,3.9,2.41,0.6183,20,-20.00,01/02/2026 15:15:41 GMT,01/03/2026 03:51:24 GMT,2026-01-02T15:15:41.371Z,2026-01-03T03:51:24.714Z,7+ Bobby Portis Rebounds CHA Hornets @ MIL Bucks,,Basketball,NBA
639029639341862793,Draftkings Sportsbook,straight,SETTLED_LOSS,2.45,2.41,0.0166,5,-5.00,01/02/2026 15:18:54 GMT,01/03/2026 03:51:23 GMT,2026-01-02T15:18:54.253Z,2026-01-03T03:51:23.481Z,7+ Bobby Portis Rebounds CHA Hornets @ MIL Bucks,,Basketball,NBA
183d5230-e7ee-11f0-b723-2fc586de8ab1,Caesars Sportsbook,parlay,SETTLED_LOSS,3.99,,,10,-10.00,01/02/2026 15:17:04 GMT,01/03/2026 03:41:35 GMT,2026-01-02T15:17:04.339Z,2026-01-03T03:41:35.693Z,Under 20.5 Trey Murphy III - Total Points Portland Trail Blazers at New Orleans Pelicans | Under 19.5 Stephon Castle - Total Points San Antonio Spurs at Indiana Pacers | Over 20.5 LaMelo Ball - Total Points Charlotte Hornets at Milwaukee Bucks,,Basketball,NBA
PlacedBet:cc51DrlImm4ETcIQRkVtqSg3lfw=,theScore Bet,straight,SETTLED_LOSS,2,2.4219304,-0.1742,40,-40.00,01/02/2026 05:06:19 GMT,01/03/2026 03:40:42 GMT,2026-01-02T05:06:19.629Z,2026-01-03T03:40:42.439Z,NO Pelicans Moneyline Portland Trail Blazers @ New Orleans Pelicans,,Basketball,NBA
639029639231231362,Draftkings Sportsbook,straight,SETTLED_LOSS,2.34,2.9,-0.1931,10,-10.00,01/02/2026 15:18:44 GMT,01/03/2026 03:20:50 GMT,2026-01-02T15:18:44.134Z,2026-01-03T03:20:50.361Z,Under 2.5 Nickeil Alexander-Walker Rebounds O/U ATL Hawks @ NY Knicks,,Basketball,NBA
20D91JX5WN,BetMGM,straight,SETTLED_VOID,2.6799999999999997,,,20,0.00,01/02/2026 15:14:56 GMT,01/03/2026 03:15:20 GMT,2026-01-02T15:14:56.820Z,2026-01-03T03:15:20.077Z,Under 1.5 Trae Young (ATL) : Rebounds Atlanta Hawks at New York Knicks,,Basketball,NBA
20D91N1UCF,BetMGM,straight,SETTLED_VOID,2.4,,,10,0.00,01/02/2026 15:18:29 GMT,01/03/2026 03:15:20 GMT,2026-01-02T15:18:29.783Z,2026-01-03T03:15:20.076Z,Under 1.5 Trae Young (ATL) : Rebounds Atlanta Hawks at New York Knicks,,Basketball,NBA
PlacedBet:ECVAf5KLf0heUxnA6/B8iVa8NCw=,theScore Bet,straight,SETTLED_WIN,2.25,2,0.1250,10,12.50,01/02/2026 15:19:41 GMT,01/03/2026 03:00:10 GMT,2026-01-02T15:19:41.973Z,2026-01-03T03:00:10.199Z,Under 2.5 Darius Garland Total Rebounds Denver Nuggets @ Cleveland Cavaliers,,Basketball,NBA
26001744000039605,Fanatics,straight,SETTLED_WIN,1.8695652173913042,1.5555555555555556,0.2019,20,17.39,01/02/2026 05:04:17 GMT,01/03/2026 02:57:50 GMT,2026-01-02T05:04:17.478Z,2026-01-03T02:57:50.074Z,Under 246.0 Total Points Atlanta Hawks at New York Knicks,,Basketball,NBA
O/0003172/0003842,Fanduel Sportsbook,parlay,SETTLED_LOSS,5.08,6.4514018487603,-0.2126,10,-10.00,01/02/2026 15:24:17 GMT,01/03/2026 02:57:46 GMT,2026-01-02T15:24:17.000Z,2026-01-03T02:57:46.000Z,New York Knicks Moneyline Atlanta Hawks @ New York Knicks | New Orleans Pelicans Moneyline Portland Trail Blazers @ New Orleans Pelicans | Milwaukee Bucks Moneyline Charlotte Hornets @ Milwaukee Bucks | Phoenix Suns Moneyline Sacramento Kings @ Phoenix Suns,,Basketball,NBA
26002353000059405,Fanatics,straight,SETTLED_WIN,2.1,2.08,0.0096,10,11.00,01/02/2026 15:13:46 GMT,01/03/2026 02:56:29 GMT,2026-01-02T15:13:46.541Z,2026-01-03T02:56:29.272Z,8+ Onyeka Okongwu - Rebounds Atlanta Hawks at New York Knicks,,Basketball,NBA
PlacedBet:R5dgT2OTC2gKNuIL1f1cHZQPGYU=,theScore Bet,straight,SETTLED_LOSS,1.8333333333333333,1.7633587786259541,0.0397,20,-20.00,01/02/2026 05:03:12 GMT,01/03/2026 02:40:51 GMT,2026-01-02T05:03:12.129Z,2026-01-03T02:40:51.925Z,IND Pacers +6.5 Game Spread San Antonio Spurs @ Indiana Pacers,,Basketball,NBA
PlacedBet:EMkPyrvLVzMy1uQHkTobhg9+Koo=,theScore Bet,straight,SETTLED_WIN,2.15,1.9615384615384617,0.0961,10,11.50,01/02/2026 15:19:50 GMT,01/03/2026 02:39:26 GMT,2026-01-02T15:19:50.949Z,2026-01-03T02:39:26.678Z,Under 3.5 Dylan Harper Total Rebounds San Antonio Spurs @ Indiana Pacers,,Basketball,NBA
639029639449335280,Draftkings Sportsbook,straight,SETTLED_VOID,1.8695652173913042,,,10,0.00,01/02/2026 15:19:05 GMT,01/03/2026 01:10:58 GMT,2026-01-02T15:19:05.212Z,2026-01-03T01:10:58.087Z,Under 20.5 Trey Murphy III Points O/U POR Trail Blazers @ NO Pelicans,,Basketball,NBA
019b7f48-c415-7515-9d3a-f4197b2473a6,Novig,straight,SETTLED_LOSS,1.9531250000000002,2.1,-0.0699,9.99936,-10.00,01/02/2026 15:17:18 GMT,01/03/2026 01:05:00 GMT,2026-01-02T15:17:18.469Z,2026-01-03T01:05:00.000Z,Over 20.5 LaMelo Ball POINTS Charlotte Hornets @ Milwaukee Bucks,,Basketball,NBA
019b7d18-e593-7f9d-9072-de090ae203d1,Novig,straight,SETTLED_WIN,1.8315018315018317,1.72992700729927,0.0587,19.99998,16.63,01/02/2026 05:05:49 GMT,01/03/2026 01:05:00 GMT,2026-01-02T05:05:49.221Z,2026-01-03T01:05:00.000Z,Under 236.5 Total Orlando Magic @ Chicago Bulls,,Basketball,NBA
019b7f45-b238-779b-940d-62d153fa70bd,Novig,straight,SETTLED_WIN,2,1.6896551724137931,0.1837,10,10.00,01/02/2026 15:13:58 GMT,01/03/2026 00:35:00 GMT,2026-01-02T15:13:58.191Z,2026-01-03T00:35:00.000Z,Over 2.5 Zaccharie Risacher REBOUNDS Atlanta Hawks @ New York Knicks,,Basketball,NBA
019b7f4a-86d0-7560-b641-44c56565634d,Novig,straight,SETTLED_WIN,2.3094688221709005,2.52,-0.0835,9.99797,13.09,01/02/2026 15:19:15 GMT,01/03/2026 00:35:00 GMT,2026-01-02T15:19:15.833Z,2026-01-03T00:35:00.000Z,Under 5.5 Peyton Watson REBOUNDS Denver Nuggets @ Cleveland Cavaliers,,Basketball,NBA
019b7d16-e380-7037-a541-50ffe839db1f,Novig,straight,SETTLED_WIN,1.953125,1.9523809523809523,0.0004,34.9952,33.35,01/02/2026 05:03:35 GMT,01/03/2026 00:35:00 GMT,2026-01-02T05:03:35.438Z,2026-01-03T00:35:00.000Z,away +13.5 Spread Denver Nuggets @ Cleveland Cavaliers,,Basketball,NBA
019b7d17-224b-7382-b577-330e773c995b,Novig,straight,SETTLED_WIN,1.8691588785046729,2.15,-0.1306,24.9952,21.72,01/02/2026 05:03:50 GMT,01/03/2026 00:35:00 GMT,2026-01-02T05:03:50.530Z,2026-01-03T00:35:00.000Z,Under 238.5 Total Denver Nuggets @ Cleveland Cavaliers,,Basketball,NBA
639017644269915014,Draftkings Sportsbook,straight,SETTLED_LOSS,3.3,3.6,-0.0833,10,-10.00,12/19/2025 18:07:06 GMT,01/03/2026 00:30:00 GMT,2025-12-19T18:07:06.854Z,2026-01-03T00:30:00.000Z,Cincinnati Moneyline Navy @ Cincinnati,,American Football,NCAAFB
019b7f48-e843-7563-9e7d-333ac31308e8,Novig,straight,SETTLED_WIN,2.197802197802198,2.02,0.0880,9.99635,11.97,01/02/2026 15:17:25 GMT,01/03/2026 00:05:00 GMT,2026-01-02T15:17:25.374Z,2026-01-03T00:05:00.000Z,Under 19.5 Stephon Castle POINTS San Antonio Spurs @ Indiana Pacers,,Basketball,NBA
019b7d15-e339-766f-be9f-70135d6fac6e,Novig,straight,SETTLED_WIN,2.0547974562916207,1.7142857142857144,0.1986,34.99615,36.91,01/02/2026 05:02:33 GMT,01/03/2026 00:05:00 GMT,2026-01-02T05:02:33.966Z,2026-01-03T00:05:00.000Z,home Wizards Moneyline Brooklyn Nets @ Washington Wizards,,Basketball,NBA
daf8b500-dd06-11f0-90de-f9c0ca9edaf1,Caesars Sportsbook,straight,SETTLED_WIN,1.93458,1.5747126436781609,0.2285,10,9.35,12/19/2025 18:16:36 GMT,01/02/2026 21:50:50 GMT,2025-12-19T18:16:36.176Z,2026-01-02T21:50:50.812Z,Under 59.5 Total Points Rice Owls at Texas State Bobcats,,American Football,NCAAFB
O/0003172/0003841,Fanduel Sportsbook,straight,SETTLED_VOID,2.6,,,10,0.00,01/02/2026 15:14:25 GMT,01/02/2026 19:54:57 GMT,2026-01-02T15:14:25.000Z,2026-01-02T19:54:57.000Z,Stephen Curry Under 3.5 Stephen Curry - Rebounds Oklahoma City Thunder @ Golden State Warriors,,Basketball,NBA
26000569000019905,Fanatics,straight,SETTLED_LOSS,1.9090909090909092,2.26,-0.1553,40,-40.00,01/01/2026 09:29:01 GMT,01/02/2026 06:00:24 GMT,2026-01-01T09:29:01.395Z,2026-01-02T06:00:24.664Z,Utah Jazz +12.0 Spread Utah Jazz at Los Angeles Clippers,,Basketball,NBA
019b78e2-d963-73cf-b793-09b5a753c75b,Novig,straight,SETTLED_LOSS,2.1231422505307855,2.2855600000000003,-0.0711,34.9953,-35.00,01/01/2026 09:28:16 GMT,01/02/2026 01:35:00 GMT,2026-01-01T09:28:16.737Z,2026-01-02T01:35:00.000Z,home Mavericks Moneyline Philadelphia 76ers @ Dallas Mavericks,,Basketball,NBA
26000566000019905,Fanatics,straight,SETTLED_LOSS,1.9090909090909092,2.24,-0.1477,40,-40.00,01/01/2026 09:26:57 GMT,01/02/2026 01:21:44 GMT,2026-01-01T09:26:57.159Z,2026-01-02T01:21:44.149Z,Brooklyn Nets +11.0 Spread Houston Rockets at Brooklyn Nets,,Basketball,NBA
019b7b52-ec4f-7fc1-a1ed-b4258d4512d9,Novig,straight,SETTLED_WIN,3.0487804878048776,3,0.0163,6.99952,14.34,01/01/2026 20:49:53 GMT,01/02/2026 01:00:00 GMT,2026-01-01T20:49:53.510Z,2026-01-02T01:00:00.000Z,away Rebels Moneyline Ole Miss @ Georgia,,American Football,NCAAFB
019b78e2-5b1f-72fb-bcb9-6ae2ef8b8033,Novig,straight,SETTLED_LOSS,1.5220700152207,1.5599500624219726,-0.0243,59.99724,-60.00,01/01/2026 09:27:46 GMT,01/02/2026 00:05:00 GMT,2026-01-01T09:27:46.521Z,2026-01-02T00:05:00.000Z,home Pistons Moneyline Miami Heat @ Detroit Pistons,,Basketball,NBA
019b7b4d-8de9-7bdf-9a6e-56d9b48a664f,Novig,straight,SETTLED_LOSS,1.926782273603083,2.01,-0.0414,34.99617,-35.00,01/01/2026 20:44:05 GMT,01/01/2026 23:05:00 GMT,2026-01-01T20:44:05.386Z,2026-01-01T23:05:00.000Z,Over 216.5 Total Houston Rockets @ Brooklyn Nets,,Basketball,NBA
019b78e1-f429-738b-bf3e-5779ffc5fbde,Novig,straight,SETTLED_LOSS,5.0761421319796955,6,-0.1540,9.99972,-10.00,01/01/2026 09:27:17 GMT,01/01/2026 23:05:00 GMT,2026-01-01T09:27:17.581Z,2026-01-01T23:05:00.000Z,home Nets Moneyline Houston Rockets @ Brooklyn Nets,,Basketball,NBA
019b7b52-b4bc-7620-802c-31c4412e44e4,Novig,straight,SETTLED_LOSS,3.289473684210526,3.25,0.0121,6.99808,-7.00,01/01/2026 20:49:42 GMT,01/01/2026 21:00:00 GMT,2026-01-01T20:49:42.001Z,2026-01-01T21:00:00.000Z,away Crimson Tide Moneyline Alabama @ Indiana,,American Football,NCAAFB
O/0003172/0003828,Fanduel Sportsbook,parlay,SETTLED_LOSS,5.58,4.7234755416573595,0.1813,10,-10.00,12/28/2025 14:26:41 GMT,01/01/2026 19:25:08 GMT,2025-12-28T14:26:41.000Z,2026-01-01T19:25:08.000Z,Yes Both Teams To Score West Ham v Brighton | Yes Both Teams To Score Chelsea v Bournemouth | Yes Both Teams To Score Liverpool v Leeds,,Soccer,English Premier League
PlacedBet:WZa0+s+k+O5xRgGXFMRJesR/SAk=,theScore Bet,straight,SETTLED_LOSS,1.7692307692307692,1.9090909090909092,-0.0733,40,-40.00,12/28/2025 14:25:34 GMT,01/01/2026 19:25:04 GMT,2025-12-28T14:25:34.563Z,2026-01-01T19:25:04.651Z,Yes Both Teams To Score Liverpool vs Leeds United,,Soccer,English Premier League
639027236045881816,Draftkings Sportsbook,straight,SETTLED_WIN,2.15,2.02,0.0644,14.72,16.92,12/30/2025 20:33:25 GMT,01/01/2026 19:25:01 GMT,2025-12-30T20:33:25.651Z,2026-01-01T19:25:01.762Z,No Both Teams to Score Liverpool vs Leeds,,Soccer,English Premier League
019b6b74-7fe7-719f-bead-7ffdeb8bbae1,Novig,straight,SETTLED_LOSS,2.1551724137931036,1.9126939115929942,0.1268,19.9984,-20.00,12/29/2025 18:52:39 GMT,01/01/2026 17:00:00 GMT,2025-12-29T18:52:39.496Z,2026-01-01T17:00:00.000Z,home Red Raiders Moneyline Oregon @ Texas Tech,,American Football,NCAAFB
O/0003172/0003838,Fanduel Sportsbook,straight,SETTLED_WIN,2.19,1.8333333333333335,0.1945,10,11.90,12/31/2025 18:16:23 GMT,01/01/2026 03:51:32 GMT,2025-12-31T18:16:23.000Z,2026-01-01T03:51:32.000Z,Miami Florida 9.5 Spread Miami Florida @ Ohio State,,American Football,NCAAFB
20D6D594FP,BetMGM,straight,SETTLED_LOSS,2.04,1.9090909090909092,0.0686,20,-20.00,12/31/2025 18:13:24 GMT,01/01/2026 03:49:22 GMT,2025-12-31T18:13:24.780Z,2026-01-01T03:49:22.681Z,Portland Trail Blazers +16.5 Spread Portland Trail Blazers at Oklahoma City Thunder,,Basketball,NBA
O/0003172/0003837,Fanduel Sportsbook,straight,SETTLED_WIN,1.8333333333333335,1.8333333333333335,,40,33.33,12/31/2025 18:11:31 GMT,01/01/2026 02:27:40 GMT,2025-12-31T18:11:31.000Z,2026-01-01T02:27:40.000Z,Chicago Bulls Moneyline New Orleans Pelicans @ Chicago Bulls,,Basketball,NBA
019b759c-4d95-7f4a-bdba-256cc43d8e89,Novig,straight,SETTLED_WIN,1.8796992481203005,1.8333333333333335,0.0253,44.99656,39.58,12/31/2025 18:12:21 GMT,01/01/2026 01:05:00 GMT,2025-12-31T18:12:21.317Z,2026-01-01T01:05:00.000Z,away +11.5 Spread Washington Wizards @ Milwaukee Bucks,,Basketball,NBA
019b6b74-1591-79c8-93d7-b735547246ef,Novig,straight,SETTLED_WIN,4.016064257028112,3.72,0.0796,9.99984,30.16,12/29/2025 18:52:18 GMT,01/01/2026 00:30:00 GMT,2025-12-29T18:52:18.272Z,2026-01-01T00:30:00.000Z,away Hurricanes Moneyline Miami Florida @ Ohio State,,American Football,NCAAFB
019b759b-ea9c-7fcb-9ab6-5d09452f6f39,Novig,straight,SETTLED_WIN,1.773049645390071,1.6451612903225805,0.0777,19.99944,15.46,12/31/2025 18:11:55 GMT,01/01/2026 00:05:00 GMT,2025-12-31T18:11:55.181Z,2026-01-01T00:05:00.000Z,SAS Moneyline New York Knicks @ San Antonio Spurs,,Basketball,NBA
O/0003172/0003814,Fanduel Sportsbook,straight,SETTLED_WIN,1.8695652173913042,1.5714285714285714,0.1897,10,8.70,12/19/2025 18:18:16 GMT,12/31/2025 23:10:57 GMT,2025-12-19T18:18:16.000Z,2025-12-31T23:10:57.000Z,Over 45.5 Total Match Points Michigan @ Texas,,American Football,NCAAFB
25525250000049505,Fanatics,straight,SETTLED_LOSS,1.8,1.9523809523809523,-0.0780,30,-30.00,12/31/2025 18:10:57 GMT,12/31/2025 22:52:24 GMT,2025-12-31T18:10:57.981Z,2025-12-31T22:52:24.109Z,Phoenix Suns +7.0 Spread Phoenix Suns at Cleveland Cavaliers,,Basketball,NBA
O/0003172/0003836,Fanduel Sportsbook,straight,SETTLED_LOSS,1.8333333333333335,1.7936507936507935,0.0221,55,-55.00,12/31/2025 18:09:17 GMT,12/31/2025 22:14:55 GMT,2025-12-31T18:09:17.000Z,2025-12-31T22:14:55.000Z,Minnesota Timberwolves -4.5 Alternate Spread Minnesota Timberwolves @ Atlanta Hawks,,Basketball,NBA
PlacedBet:n8pMAqfyVoKg8HWN2kczyF4sRA0=,theScore Bet,straight,SETTLED_WIN,1.9090909090909092,1.8695652173913042,0.0211,10,9.09,12/19/2025 18:19:47 GMT,12/31/2025 20:32:55 GMT,2025-12-19T18:19:47.581Z,2025-12-31T20:32:55.417Z,Over 46.5 Total Points Iowa Hawkeyes @ Vanderbilt Commodores,,American Football,NCAAFB
639028013060073007,Draftkings Sportsbook,straight,SETTLED_WIN,1.3508771929824561,1.3508771929824561,,45,15.78,12/31/2025 18:08:25 GMT,12/31/2025 20:28:13 GMT,2025-12-31T18:08:25.528Z,2025-12-31T20:28:13.719Z,GS Warriors Moneyline GS Warriors @ CHA Hornets,,Basketball,NBA
019b7599-de3d-788f-9aa9-8b76204d0450,Novig,straight,SETTLED_LOSS,1.5600624024961,1.5208333333333335,0.0258,44.9982,-45.00,12/31/2025 18:09:46 GMT,12/31/2025 20:05:00 GMT,2025-12-31T18:09:46.050Z,2025-12-31T20:05:00.000Z,away Timberwolves Moneyline Minnesota Timberwolves @ Atlanta Hawks,,Basketball,NBA
019b37cd-8e44-748f-993c-1b2962b5dabb,Novig,straight,SETTLED_WIN,2.8901734104046244,2.4699999999999998,0.1701,9.9994,18.90,12/19/2025 18:10:04 GMT,12/31/2025 17:00:00 GMT,2025-12-19T18:10:04.341Z,2025-12-31T17:00:00.000Z,away Hawkeyes Moneyline Iowa @ Vanderbilt,,American Football,NCAAFB
20D5BNCGAU,BetMGM,straight,SETTLED_WIN,2.25,2.3,-0.0217,7.5,9.38,12/31/2025 00:22:29 GMT,12/31/2025 06:33:29 GMT,2025-12-31T00:22:29.240Z,2025-12-31T06:33:29.016Z,Yes Will Luka Doncic (LAL) record a double-double in the game? (incl. overtime) Detroit Pistons at Los Angeles Lakers,,Basketball,NBA
20D5BPD0NP,BetMGM,straight,SETTLED_LOSS,10,10.5,-0.0476,2.5,-2.50,12/31/2025 00:23:03 GMT,12/31/2025 06:33:29 GMT,2025-12-31T00:23:03.390Z,2025-12-31T06:33:29.015Z,Yes Will Luka Doncic (LAL) record a triple-double in the game? (incl. overtime) Detroit Pistons at Los Angeles Lakers,,Basketball,NBA
20D4P5XHX7,BetMGM,straight,SETTLED_LOSS,1.847457627118644,1.7692307692307692,0.0442,35,-35.00,12/30/2025 13:25:21 GMT,12/31/2025 06:33:29 GMT,2025-12-30T13:25:21.913Z,2025-12-31T06:33:29.015Z,Sacramento Kings +10.5 Spread Sacramento Kings at Los Angeles Clippers,,Basketball,NBA
O/0003172/0003835,Fanduel Sportsbook,straight,SETTLED_LOSS,1.7142857142857144,1.7462686567164178,-0.0183,18,-18.00,12/31/2025 00:21:26 GMT,12/31/2025 06:20:11 GMT,2025-12-31T00:21:26.000Z,2025-12-31T06:20:11.000Z,Jalen Duren To Record A Double Double Detroit Pistons @ Los Angeles Lakers,,Basketball,NBA
639026980461837683,Draftkings Sportsbook,parlay,SETTLED_LOSS,8.51,8.37029177718833,0.0167,5,-5.00,12/30/2025 13:27:25 GMT,12/31/2025 04:00:00 GMT,2025-12-30T13:27:25.744Z,2025-12-31T04:00:00.000Z,MEM Grizzlies Moneyline PHI 76ers @ MEM Grizzlies | BOS Celtics Moneyline BOS Celtics @ UTA Jazz | DET Pistons Moneyline DET Pistons @ LA Lakers | SAC Kings +10.5 Spread Alternate SAC Kings @ LA Clippers,,Basketball,NBA
019b6f6f-b994-76dd-ad7d-4e6e240a795e,Novig,straight,SETTLED_WIN,1.8181818181818183,1.7299658861573102,0.0510,44.9955,36.81,12/30/2025 13:25:59 GMT,12/31/2025 03:35:00 GMT,2025-12-30T13:25:59.549Z,2025-12-31T03:35:00.000Z,away Pistons Moneyline Detroit Pistons @ Los Angeles Lakers,,Basketball,NBA
019b6f6d-ef14-72eb-8610-ee42b9889183,Novig,straight,SETTLED_WIN,1.3623978201634879,1.3794052550933544,-0.0123,74.99278,27.18,12/30/2025 13:24:01 GMT,12/31/2025 02:05:00 GMT,2025-12-30T13:24:01.510Z,2025-12-31T02:05:00.000Z,away Celtics Moneyline Boston Celtics @ Utah Jazz,,Basketball,NBA
019b6f6e-3dd0-7e29-a289-0a82b5de86ac,Novig,straight,SETTLED_LOSS,1.9178725668816163,2.1,-0.0867,36.99933,-37.00,12/30/2025 13:24:23 GMT,12/31/2025 02:05:00 GMT,2025-12-30T13:24:23.978Z,2025-12-31T02:05:00.000Z,Under 241.5 Total Boston Celtics @ Utah Jazz,,Basketball,NBA
PlacedBet:1u9rsR9XTisr5nt9IbeRzEPjq4g=,theScore Bet,straight,SETTLED_WIN,1.9523809523809523,2,-0.0238,10,9.52,12/19/2025 18:14:43 GMT,12/31/2025 02:00:51 GMT,2025-12-19T18:14:43.447Z,2025-12-31T02:00:51.329Z,Under 61.5 Total Points Tennessee Volunteers @ Illinois Fighting Illini,,American Football,NCAAFB
019b6f6d-beba-7c34-abe4-27d3949b1758,Novig,straight,SETTLED_LOSS,2.070393374741201,2.1317392,-0.0288,64.99731,-65.00,12/30/2025 13:23:46 GMT,12/31/2025 01:05:00 GMT,2025-12-30T13:23:46.881Z,2025-12-31T01:05:00.000Z,home Grizzlies Moneyline Philadelphia 76ers @ Memphis Grizzlies,,Basketball,NBA
019b37cc-9afb-75cb-b274-00817ae45191,Novig,straight,SETTLED_LOSS,1.7730496453900708,1.7444732610114093,0.0164,14.99676,-15.00,12/19/2025 18:08:37 GMT,12/30/2025 22:30:00 GMT,2025-12-19T18:08:37.202Z,2025-12-30T22:30:00.000Z,away Volunteers Moneyline Tennessee @ Illinois,,American Football,NCAAFB
O/0003172/0003827,Fanduel Sportsbook,straight,SETTLED_WIN,1.6097560975609757,1.625,-0.0094,35,21.34,12/28/2025 14:24:52 GMT,12/30/2025 20:03:04 GMT,2025-12-28T14:24:52.000Z,2025-12-30T20:03:04.000Z,Yes Both Teams To Score West Ham v Brighton,,Soccer,English Premier League
PlacedBet:LpcnPTPSTWwjl/LT6wpmSWPg4QA=,theScore Bet,straight,SETTLED_WIN,1.625,1.5649717514124295,0.0384,25,15.63,12/28/2025 14:24:22 GMT,12/30/2025 19:46:09 GMT,2025-12-28T14:24:22.118Z,2025-12-30T19:46:09.070Z,Yes Both Teams To Score Chelsea vs Bournemouth,,Soccer,English Premier League
25522355000019705,Fanatics,parlay,SETTLED_WIN,13.67,,,3.5,44.36,12/29/2025 17:55:05 GMT,12/30/2025 06:12:34 GMT,2025-12-29T17:55:05.001Z,2025-12-30T06:12:34.680Z,Bam Adebayo To Record a Double Double Denver Nuggets at Miami Heat | Scottie Barnes To Record a Double Double Orlando Magic at Toronto Raptors | Alperen Sengun To Record a Double Double Indiana Pacers at Houston Rockets | Deni Avdija To Record a Double Double Dallas Mavericks at Portland Trail Blazers,,Basketball,NBA
25522353000029705,Fanatics,straight,SETTLED_WIN,2,2,,10,10.00,12/29/2025 17:53:26 GMT,12/30/2025 06:12:34 GMT,2025-12-29T17:53:26.277Z,2025-12-30T06:12:34.235Z,Deni Avdija To Record a Double Double Dallas Mavericks at Portland Trail Blazers,,Basketball,NBA
O/0003172/0003833,Fanduel Sportsbook,straight,SETTLED_WIN,1.9615384615384617,1.7692307692307692,0.1087,10,9.62,12/29/2025 15:15:20 GMT,12/30/2025 05:39:43 GMT,2025-12-29T15:15:20.000Z,2025-12-30T05:39:43.000Z,Klay Thompson Over 11.5 Klay Thompson - Points Dallas Mavericks @ Portland Trail Blazers,,Basketball,NBA
25522369000039905,Fanatics,straight,SETTLED_LOSS,2.8,2.7,0.0370,30,-30.00,12/29/2025 18:09:59 GMT,12/30/2025 04:14:58 GMT,2025-12-29T18:09:59.657Z,2025-12-30T04:14:58.393Z,Drake London Anytime Touchdown Scorer Los Angeles Rams at Atlanta Falcons,,American Football,NFL
639026276619637192,Draftkings Sportsbook,straight,SETTLED_LOSS,4.46,4,0.1150,5,-5.00,12/29/2025 17:54:22 GMT,12/30/2025 04:10:00 GMT,2025-12-29T17:54:22.563Z,2025-12-30T04:10:00.000Z,Yes Evan Mobley Double-Double CLE Cavaliers @ SA Spurs,,Basketball,NBA
20D3DJL126,BetMGM,straight,SETTLED_LOSS,2.3,2.5,-0.0800,7.5,-7.50,12/29/2025 15:14:00 GMT,12/30/2025 04:10:00 GMT,2025-12-29T15:14:00.767Z,2025-12-30T04:10:00.000Z,Over 2.5 Andrew Nembhard (IND): Rebounds Indiana Pacers at Houston Rockets,,Basketball,NBA
ed6879b0-e4c6-11f0-a879-19504b630ea9,Caesars Sportsbook,parlay,SETTLED_LOSS,5.697,4.365617617617617,0.3050,10,-10.00,12/29/2025 14:59:08 GMT,12/30/2025 03:46:13 GMT,2025-12-29T14:59:08.619Z,2025-12-30T03:46:13.389Z,San Antonio Spurs Money Line Cleveland Cavaliers at San Antonio Spurs | Houston Rockets Money Line Indiana Pacers at Houston Rockets | Miami Heat Money Line Denver Nuggets at Miami Heat | Over 206.5 Total Points Golden State Warriors at Brooklyn Nets,,Basketball,NBA
25522195000049705,Fanatics,straight,SETTLED_LOSS,2.2,2.6799999999999997,-0.1791,10,-10.00,12/29/2025 15:15:44 GMT,12/30/2025 03:42:27 GMT,2025-12-29T15:15:44.210Z,2025-12-30T03:42:27.847Z,13+ Keldon Johnson - Points Cleveland Cavaliers at San Antonio Spurs,,Basketball,NBA
PlacedBet:ASmWLhpduxPYmHFb5xtzR+nxAi4=,theScore Bet,straight,SETTLED_WIN,2.2,2.2,,10,12.00,12/29/2025 15:16:27 GMT,12/30/2025 03:40:22 GMT,2025-12-29T15:16:27.773Z,2025-12-30T03:40:22.541Z,Under 4.5 Stephon Castle Total Rebounds Cleveland Cavaliers @ San Antonio Spurs,,Basketball,NBA
O/0003172/0003832,Fanduel Sportsbook,straight,SETTLED_LOSS,2.08,1.8771929824561404,0.1080,7.5,-7.50,12/29/2025 15:14:58 GMT,12/30/2025 03:37:45 GMT,2025-12-29T15:14:58.000Z,2025-12-30T03:37:45.000Z,Evan Mobley To Record 8+ Rebounds Cleveland Cavaliers @ San Antonio Spurs,,Basketball,NBA
O/0003172/0003830,Fanduel Sportsbook,straight,SETTLED_WIN,1.819672131147541,1.7593397556390977,0.0343,15,12.30,12/29/2025 13:14:15 GMT,12/30/2025 03:36:25 GMT,2025-12-29T13:14:15.000Z,2025-12-30T03:36:25.000Z,New Orleans Pelicans +9.5 Alternate Spread New York Knicks @ New Orleans Pelicans,,Basketball,NBA
3e2171e0-e4b8-11f0-a5de-333f243fb3d5,Caesars Sportsbook,straight,SETTLED_LOSS,1.91,1.9615384615384617,-0.0263,35,-35.00,12/29/2025 13:14:01 GMT,12/30/2025 03:35:18 GMT,2025-12-29T13:14:01.598Z,2025-12-30T03:35:18.792Z,Under 247 Total Points New York Knicks at New Orleans Pelicans,,Basketball,NBA
11e1ee20-e4b8-11f0-b70b-65b83090a04c,Caesars Sportsbook,straight,SETTLED_WIN,1.91,2.26,-0.1549,35,31.82,12/29/2025 13:12:47 GMT,12/30/2025 03:20:27 GMT,2025-12-29T13:12:47.362Z,2025-12-30T03:20:27.622Z,Under 240 Total Points Minnesota Timberwolves at Chicago Bulls,,Basketball,NBA
25522194000029705,Fanatics,straight,SETTLED_WIN,2.2,2.1,0.0476,10,12.00,12/29/2025 15:14:37 GMT,12/30/2025 03:13:04 GMT,2025-12-29T15:14:37.941Z,2025-12-30T03:13:04.993Z,8+ Amen Thompson - Rebounds Indiana Pacers at Houston Rockets,,Basketball,NBA
639026163323212679,Draftkings Sportsbook,straight,SETTLED_LOSS,1.6024096385542168,1.428632502462871,0.1216,15,-15.00,12/29/2025 14:45:32 GMT,12/30/2025 03:09:18 GMT,2025-12-29T14:45:32.840Z,2025-12-30T03:09:18.494Z,UT Rio Grande Valley Moneyline New Orleans @ UT Rio Grande Valley,,Basketball,NCAAM
330f3410-e4c5-11f0-b05c-edb51033bc78,Caesars Sportsbook,straight,SETTLED_WIN,2.3,2.25,0.0222,5,6.50,12/29/2025 14:46:46 GMT,12/30/2025 03:08:12 GMT,2025-12-29T14:46:46.481Z,2025-12-30T03:08:12.516Z,Tarleton State Texans Money Line Tarleton State Texans at UT Arlington Mavericks,,Basketball,NCAAM
25522068000049605,Fanatics,straight,SETTLED_LOSS,1.9090909090909092,2.35,-0.1876,60,-60.00,12/29/2025 13:08:41 GMT,12/30/2025 03:06:03 GMT,2025-12-29T13:08:41.340Z,2025-12-30T03:06:03.812Z,Brooklyn Nets +4.0 Spread Golden State Warriors at Brooklyn Nets,,Basketball,NBA
25522069000029605,Fanatics,straight,SETTLED_WIN,1.7142857142857144,1.526315789473684,0.1232,40,28.57,12/29/2025 13:09:57 GMT,12/30/2025 03:03:14 GMT,2025-12-29T13:09:57.386Z,2025-12-30T03:03:14.192Z,Over 220.0 Total Points Golden State Warriors at Brooklyn Nets,,Basketball,NBA
O/0003172/0003829,Fanduel Sportsbook,straight,SETTLED_WIN,1.8771929824561404,1.8695652173913042,0.0041,50,43.86,12/29/2025 13:11:30 GMT,12/30/2025 03:01:39 GMT,2025-12-29T13:11:30.000Z,2025-12-30T03:01:39.000Z,Toronto Raptors 2.0 Spread Betting Orlando Magic @ Toronto Raptors,,Basketball,NBA
639026181324997843,Draftkings Sportsbook,straight,SETTLED_WIN,2.1799999999999997,2,0.0900,7.5,8.85,12/29/2025 15:15:33 GMT,12/30/2025 02:59:28 GMT,2025-12-29T15:15:33.342Z,2025-12-30T02:59:28.035Z,Under 2.5 Pelle Larsson Rebounds O/U DEN Nuggets @ MIA Heat,,Basketball,NBA
20D3CLCNTF,BetMGM,straight,SETTLED_LOSS,1.7462686567164178,1.7462686567164178,,10,-10.00,12/29/2025 14:44:41 GMT,12/30/2025 02:44:49 GMT,2025-12-29T14:44:41.280Z,2025-12-30T02:44:49.486Z,Western KY Moneyline Western Kentucky at Jacksonville State,,Basketball,NCAAM
20D39JMA20,BetMGM,straight,SETTLED_LOSS,1.9090909090909092,1.8620689655172413,0.0253,70,-70.00,12/29/2025 13:06:46 GMT,12/30/2025 02:44:49 GMT,2025-12-29T13:06:46.520Z,2025-12-30T02:44:49.486Z,Charlotte Hornets +3.5 Spread Milwaukee Bucks at Charlotte Hornets,,Basketball,NBA
20D3D41JE5,BetMGM,parlay,SETTLED_LOSS,7.45,7.149661016949152,0.0420,7.5,-7.50,12/29/2025 15:00:57 GMT,12/30/2025 02:44:49 GMT,2025-12-29T15:00:57.440Z,2025-12-30T02:44:49.485Z,Charlotte Hornets +3.5 Spread Milwaukee Bucks at Charlotte Hornets | Brooklyn Nets +4.5 Spread Golden State Warriors at Brooklyn Nets | Toronto Raptors +2.5 Spread Orlando Magic at Toronto Raptors,,Basketball,NBA
20D3DLNLSY,BetMGM,straight,SETTLED_WIN,2.3,2.5,-0.0800,7.5,9.75,12/29/2025 15:16:07 GMT,12/30/2025 02:44:49 GMT,2025-12-29T15:16:07.533Z,2025-12-30T02:44:49.484Z,Under 1.5 Collin Sexton (CHA): Rebounds Milwaukee Bucks at Charlotte Hornets,,Basketball,NBA
cc684920-e4b7-11f0-b4a3-47a81ed313b4,Caesars Sportsbook,straight,SETTLED_LOSS,1.91,1.8695652173913042,0.0216,30,-30.00,12/29/2025 13:10:50 GMT,12/30/2025 02:40:36 GMT,2025-12-29T13:10:50.802Z,2025-12-30T02:40:36.300Z,Under 245 Total Points Denver Nuggets at Miami Heat,,Basketball,NBA
25522193000019605,Fanatics,parlay,SETTLED_LOSS,15.42,,,5,-5.00,12/29/2025 15:13:04 GMT,12/30/2025 02:31:18 GMT,2025-12-29T15:13:04.209Z,2025-12-30T02:31:18.930Z,Charlotte Hornets +3.5 Spread Milwaukee Bucks at Charlotte Hornets | 7+ Bobby Portis - Rebounds Milwaukee Bucks at Charlotte Hornets | Brooklyn Nets +4.5 Spread Golden State Warriors at Brooklyn Nets | Toronto Raptors +2.0 Spread Orlando Magic at Toronto Raptors,,Basketball,NBA
25522193000019505,Fanatics,straight,SETTLED_LOSS,2.2,2.26,-0.0265,10,-10.00,12/29/2025 15:13:13 GMT,12/30/2025 02:31:18 GMT,2025-12-29T15:13:13.069Z,2025-12-30T02:31:18.722Z,7+ Bobby Portis - Rebounds Milwaukee Bucks at Charlotte Hornets,,Basketball,NBA
PlacedBet:n7G/cXSIZiaChr76bKAakinH9wY=,theScore Bet,parlay,SETTLED_LOSS,953.51,877.2292569646786,0.0870,1,-1.00,12/29/2025 17:58:05 GMT,12/30/2025 02:20:59 GMT,2025-12-29T17:58:05.979Z,2025-12-30T02:20:59.039Z,MIL Bucks Moneyline Milwaukee Bucks @ Charlotte Hornets | WSH Wizards +10.5 Game Spread Phoenix Suns @ Washington Wizards | MIA Heat +2.5 Game Spread Denver Nuggets @ Miami Heat | GS Warriors -3.5 Game Spread Golden State Warriors @ Brooklyn Nets | ORL Magic Moneyline Orlando Magic @ Toronto Raptors | OKC Thunder -16.5 Game Spread Atlanta Hawks @ Oklahoma City Thunder | SA Spurs -3.5 Game Spread Cleveland Cavaliers @ San Antonio Spurs | HOU Rockets -14.5 Game Spread Indiana Pacers @ Houston Rockets | MIN Timberwolves -5.5 Game Spread Minnesota Timberwolves @ Chicago Bulls | NO Pelicans +8.5 Game Spread New York Knicks @ New Orleans Pelicans | DAL Mavericks +2.5 Game Spread Dallas Mavericks @ Portland Trail Blazers,,Basketball,NBA
639026174042781261,Draftkings Sportsbook,parlay,SETTLED_LOSS,15.57,15.536293706293707,0.0022,5,-5.00,12/29/2025 15:03:23 GMT,12/30/2025 02:18:44 GMT,2025-12-29T15:03:23.893Z,2025-12-30T02:18:44.437Z,WAS Wizards Moneyline PHO Suns @ WAS Wizards | CHI Bulls Moneyline MIN Timberwolves @ CHI Bulls | HOU Rockets Moneyline IND Pacers @ HOU Rockets,,Basketball,NBA
O/0003172/0003831,Fanduel Sportsbook,straight,SETTLED_LOSS,3.4,3.5,-0.0286,10,-10.00,12/29/2025 14:45:55 GMT,12/30/2025 02:16:29 GMT,2025-12-29T14:45:55.000Z,2025-12-30T02:16:29.000Z,Southern Illinois Moneyline Southern Illinois @ Murray State,,Basketball,NCAAM
281488d0-e4c5-11f0-9364-75ed55b82a48,Caesars Sportsbook,straight,SETTLED_WIN,1.77,1.704225352112676,0.0386,10,7.69,12/29/2025 14:46:28 GMT,12/30/2025 02:03:20 GMT,2025-12-29T14:46:28.061Z,2025-12-30T02:03:20.153Z,Manhattan Jaspers Money Line Manhattan Jaspers at Rider Broncs,,Basketball,NCAAM
41fceb70-e4c5-11f0-bc5f-19ab5e22ac3c,Caesars Sportsbook,straight,SETTLED_LOSS,2.4,2.52,-0.0476,5,-5.00,12/29/2025 14:47:11 GMT,12/30/2025 01:58:31 GMT,2025-12-29T14:47:11.527Z,2025-12-30T01:58:31.178Z,Oakland Golden Grizzlies Money Line Oakland Golden Grizzlies at Wright State Raiders,,Basketball,NCAAM
019b6a3d-a0cc-7a06-93f5-e357a212c1db,Novig,straight,SETTLED_WIN,1.9051895289410141,1.6666666666666665,0.1431,59.99928,54.31,12/29/2025 13:13:08 GMT,12/30/2025 01:05:00 GMT,2025-12-29T13:13:08.163Z,2025-12-30T01:05:00.000Z,away +15.5 Spread Indiana Pacers @ Houston Rockets,,Basketball,NBA
019b6a3d-fa16-7758-9b16-203717cb2a4b,Novig,straight,SETTLED_WIN,1.8281535648994518,1.7874015748031495,0.0228,29.99748,24.84,12/29/2025 13:13:29 GMT,12/30/2025 01:05:00 GMT,2025-12-29T13:13:29.945Z,2025-12-30T01:05:00.000Z,Over 220.5 Total Indiana Pacers @ Houston Rockets,,Basketball,NBA
019b6a3c-ee68-7b4c-b181-f3d39aadb079,Novig,straight,SETTLED_LOSS,3.0837611396315308,2.904056,0.0619,44.997,-45.00,12/29/2025 13:12:24 GMT,12/30/2025 01:05:00 GMT,2025-12-29T13:12:24.778Z,2025-12-30T01:05:00.000Z,home Bulls Moneyline Minnesota Timberwolves @ Chicago Bulls,,Basketball,NBA
019b6a3e-fe22-7989-baa9-10003f4a10b6,Novig,straight,SETTLED_WIN,1.9083969465648856,1.989932737254902,-0.0410,44.99588,40.87,12/29/2025 13:14:42 GMT,12/30/2025 01:05:00 GMT,2025-12-29T13:14:42.471Z,2025-12-30T01:05:00.000Z,away +16.5 Spread Atlanta Hawks @ Oklahoma City Thunder,,Basketball,NBA
019b6a3f-65e0-79b7-a6c4-fe022b3e14f8,Novig,straight,SETTLED_LOSS,1.6611295681063125,1.7168518388086733,-0.0325,74.99716,-75.00,12/29/2025 13:15:03 GMT,12/30/2025 01:05:00 GMT,2025-12-29T13:15:03.772Z,2025-12-30T01:05:00.000Z,SAS Moneyline Cleveland Cavaliers @ San Antonio Spurs,,Basketball,NBA
019b6a93-8ba0-7029-95c0-a63b465057de,Novig,straight,SETTLED_LOSS,2.1231422505307855,2.4,-0.1154,4.99731,-5.00,12/29/2025 14:46:56 GMT,12/30/2025 01:00:00 GMT,2025-12-29T14:46:56.044Z,2025-12-30T01:00:00.000Z,away Mastodons Moneyline Purdue Fort Wayne @ Milwaukee,,Basketball,NCAAM
019b6b3e-9eee-7075-8ac3-ee59bdcd51dc,Novig,straight,SETTLED_WIN,2.1645021645021645,2.35,-0.0789,11.99814,13.97,12/29/2025 17:53:55 GMT,12/30/2025 00:35:00 GMT,2025-12-29T17:53:55.015Z,2025-12-30T00:35:00.000Z,Over 0.5 Scottie Barnes DOUBLE DOUBLE Orlando Magic @ Toronto Raptors,,Basketball,NBA
019b6b3e-dc6f-7862-9495-1f540f303f9f,Novig,straight,SETTLED_WIN,2.398081534772182,2.37,0.0118,11.99709,16.77,12/29/2025 17:54:06 GMT,12/30/2025 00:35:00 GMT,2025-12-29T17:54:06.062Z,2025-12-30T00:35:00.000Z,Over 0.5 Bam Adebayo DOUBLE DOUBLE Denver Nuggets @ Miami Heat,,Basketball,NBA
019b6a3b-0cff-780b-b8c9-8cf1437056b0,Novig,straight,SETTLED_WIN,2.1982118703440996,2.1,0.0468,49.99973,59.91,12/29/2025 13:10:19 GMT,12/30/2025 00:35:00 GMT,2025-12-29T13:10:19.210Z,2025-12-30T00:35:00.000Z,home Heat Moneyline Denver Nuggets @ Miami Heat,,Basketball,NBA
019b6a3c-7d75-72b5-9ed8-78494ae7ca39,Novig,straight,SETTLED_LOSS,1.930376166197502,2.0317344000000004,-0.0499,34.99836,-35.00,12/29/2025 13:11:53 GMT,12/30/2025 00:35:00 GMT,2025-12-29T13:11:53.894Z,2025-12-30T00:35:00.000Z,Over 221.5 Total Orlando Magic @ Toronto Raptors,,Basketball,NBA
019b6aad-615d-7816-9ee2-eb34626c6f58,Novig,straight,SETTLED_LOSS,1.9531250000000002,2.2,-0.1122,9.99936,-10.00,12/29/2025 15:15:10 GMT,12/30/2025 00:05:00 GMT,2025-12-29T15:15:10.513Z,2025-12-30T00:05:00.000Z,Over 27.5 Giannis Antetokounmpo POINTS Milwaukee Bucks @ Charlotte Hornets,,Basketball,NBA
019b6a36-8ad3-72b0-92a0-d5cc0c668d9b,Novig,straight,SETTLED_LOSS,5,4.7,0.0638,25,-25.00,12/29/2025 13:05:39 GMT,12/30/2025 00:05:00 GMT,2025-12-29T13:05:39.221Z,2025-12-30T00:05:00.000Z,home Wizards Moneyline Phoenix Suns @ Washington Wizards,,Basketball,NBA
019b6a38-65fa-7883-abba-51628ed4b7a8,Novig,straight,SETTLED_LOSS,1.8048050350526874,1.847457627118644,-0.0231,59.9954,-60.00,12/29/2025 13:07:30 GMT,12/30/2025 00:05:00 GMT,2025-12-29T13:07:30.376Z,2025-12-30T00:05:00.000Z,home +11.5 Spread Phoenix Suns @ Washington Wizards,,Basketball,NBA
019b6a93-aef5-78f3-a3f4-617e1d5fec63,Novig,straight,SETTLED_LOSS,2.1097046413502105,2,0.0549,4.99596,-5.00,12/29/2025 14:47:04 GMT,12/30/2025 00:00:00 GMT,2025-12-29T14:47:04.555Z,2025-12-30T00:00:00.000Z,away Jaguars Moneyline IUPUI @ Cleveland State,,Basketball,NCAAM
019b6a92-6512-7956-b36c-f3562226012a,Novig,straight,SETTLED_LOSS,2.1367521367521367,2.25,-0.0503,9.99648,-10.00,12/29/2025 14:45:40 GMT,12/30/2025 00:00:00 GMT,2025-12-29T14:45:40.208Z,2025-12-30T00:00:00.000Z,away Seawolves Moneyline Stony Brook @ Hampton,,Basketball,NCAAM
019b6a92-c0b1-7225-8609-4caee5a4cddb,Novig,straight,SETTLED_WIN,2.1141649048625797,1.9615384615384617,0.0778,9.99922,11.14,12/29/2025 14:46:07 GMT,12/30/2025 00:00:00 GMT,2025-12-29T14:46:07.803Z,2025-12-30T00:00:00.000Z,away Norse Moneyline Northern Kentucky @ Robert Morris,,Basketball,NCAAM
019b6a8e-a0c7-74c4-859b-837a067b372c,Novig,straight,SETTLED_LOSS,1.607717041800643,1.7214160509354752,-0.0660,74.99454,-74.99,12/29/2025 14:41:33 GMT,12/30/2025 00:00:00 GMT,2025-12-29T14:41:33.624Z,2025-12-30T00:00:00.000Z,Fairfield Moneyline Saint Peter's @ Fairfield,,Basketball,NCAAM
019b6a91-a3de-7108-bd43-b96929fc6bb9,Novig,straight,SETTLED_LOSS,1.5313935681470139,1.7194244604316546,-0.1094,24.99684,-25.00,12/29/2025 14:44:51 GMT,12/30/2025 00:00:00 GMT,2025-12-29T14:44:51.101Z,2025-12-30T00:00:00.000Z,away Gaels Moneyline Iona @ Mount St. Mary's,,Basketball,NCAAM
O/0003172/0003807,Fanduel Sportsbook,straight,SETTLED_LOSS,3.35,4.1,-0.1829,5.75,-5.75,12/19/2025 18:04:11 GMT,12/29/2025 22:12:22 GMT,2025-12-19T18:04:11.000Z,2025-12-29T22:12:22.000Z,Appalachian State Moneyline Georgia Southern @ Appalachian State,,American Football,NCAAFB
019b6a8e-e5ce-7169-8191-ada615ceb363,Novig,straight,SETTLED_LOSS,2.0491803278688523,2.48,-0.1737,7.49568,-7.50,12/29/2025 14:41:52 GMT,12/29/2025 22:00:00 GMT,2025-12-29T14:41:52.669Z,2025-12-29T22:00:00.000Z,away Tigers Moneyline Towson @ William & Mary,,Basketball,NCAAM
639017649892635028,Draftkings Sportsbook,straight,SETTLED_WIN,1.9523809523809523,1.8,0.0847,10,9.52,12/19/2025 18:16:29 GMT,12/29/2025 22:00:00 GMT,2025-12-19T18:16:29.803Z,2025-12-29T22:00:00.000Z,Under 59.5 Total Georgia Southern @ Appalachian State,,American Football,NCAAFB
25522353000049705,Fanatics,straight,SETTLED_VOID,1.6666666666666665,,,10,0.00,12/29/2025 17:53:38 GMT,12/29/2025 19:08:28 GMT,2025-12-29T17:53:38.287Z,2025-12-29T19:08:28.164Z,Alperen Sengun To Record a Double Double Indiana Pacers at Houston Rockets,,Basketball,NBA
019b6a8e-c022-7ab1-8af5-d0f48e9838e0,Novig,straight,SETTLED_WIN,1.9841269841269842,2.1,-0.0552,7.49952,7.38,12/29/2025 14:41:41 GMT,12/29/2025 19:00:00 GMT,2025-12-29T14:41:41.633Z,2025-12-29T19:00:00.000Z,Merrimack Moneyline Merrimack @ Sacred Heart,,Basketball,NCAAM
019b6a8e-7457-73ae-9514-128019a632b6,Novig,straight,SETTLED_WIN,1.9083969465648851,1.8333333333333335,0.0409,4.99896,4.54,12/29/2025 14:41:24 GMT,12/29/2025 19:00:00 GMT,2025-12-29T14:41:24.449Z,2025-12-29T19:00:00.000Z,away Bears Moneyline Missouri State @ Delaware,,Basketball,NCAAM
639024931695348493,Draftkings Sportsbook,straight,SETTLED_WIN,1.9090909090909092,2.1100000000000003,-0.0952,35,31.81,12/28/2025 04:32:50 GMT,12/29/2025 04:31:18 GMT,2025-12-28T04:32:50.551Z,2025-12-29T04:31:18.736Z,LA Clippers +3.5 Spread DET Pistons @ LA Clippers,,Basketball,NBA
019b633b-31ec-79df-a27d-abd76b391b9f,Novig,straight,SETTLED_LOSS,1.846066458392502,2.0700000000000003,-0.1082,54.998020000000004,-55.00,12/28/2025 04:33:12 GMT,12/29/2025 02:35:00 GMT,2025-12-28T04:33:12.822Z,2025-12-29T02:35:00.000Z,away +12.5 Spread Sacramento Kings @ Los Angeles Lakers,,Basketball,NBA
25520112000029405,Fanatics,straight,SETTLED_WIN,1.9090909090909092,2.2,-0.1322,30,27.27,12/28/2025 04:32:18 GMT,12/29/2025 01:34:07 GMT,2025-12-28T04:32:18.492Z,2025-12-29T01:34:07.615Z,Under 238.5 Total Points Memphis Grizzlies at Washington Wizards,,Basketball,NBA
O/0003172/0003826,Fanduel Sportsbook,straight,SETTLED_WIN,1.8771929824561404,1.970873786407767,-0.0475,48,42.11,12/28/2025 04:29:30 GMT,12/28/2025 23:18:34 GMT,2025-12-28T04:29:30.000Z,2025-12-28T23:18:34.000Z,Toronto Raptors 4.0 Spread Betting Golden State Warriors @ Toronto Raptors,,Basketball,NBA
019b6339-1c0f-7fee-ade7-5dff31762ed9,Novig,straight,SETTLED_WIN,1.8621973929236497,1.970873786407767,-0.0551,74.99742,64.66,12/28/2025 04:30:50 GMT,12/28/2025 23:05:00 GMT,2025-12-28T04:30:50.863Z,2025-12-28T23:05:00.000Z,home +7.5 Spread Memphis Grizzlies @ Washington Wizards,,Basketball,NBA
019b6339-4c3c-7c92-891c-0756f25890db,Novig,straight,SETTLED_WIN,3.276144150342615,3.55,-0.0771,39.998239999999996,91.04,12/28/2025 04:31:06 GMT,12/28/2025 23:05:00 GMT,2025-12-28T04:31:06.859Z,2025-12-28T23:05:00.000Z,home Wizards Moneyline Memphis Grizzlies @ Washington Wizards,,Basketball,NBA
639024930051179865,Draftkings Sportsbook,straight,SETTLED_WIN,1.8928571428571428,1.6666666666666665,0.1357,35,31.25,12/28/2025 04:30:05 GMT,12/28/2025 22:52:49 GMT,2025-12-28T04:30:05.104Z,2025-12-28T22:52:49.759Z,Over 223.5 Total GS Warriors @ TOR Raptors,,Basketball,NBA
019b6338-be31-7462-83c7-ebe24db375d8,Novig,straight,SETTLED_LOSS,1.876172607879925,1.8695652173913042,0.0035,54.99494,-54.99,12/28/2025 04:30:30 GMT,12/28/2025 20:35:00 GMT,2025-12-28T04:30:30.854Z,2025-12-28T20:35:00.000Z,away +15.5 Spread Philadelphia 76ers @ Oklahoma City Thunder,,Basketball,NBA
d5a39ef0-e3f8-11f0-bbf8-132e90fbfc9e,Caesars Sportsbook,straight,SETTLED_LOSS,1.71429,1.7692307692307692,-0.0311,25,-25.00,12/28/2025 14:23:52 GMT,12/28/2025 18:30:15 GMT,2025-12-28T14:23:52.415Z,2025-12-28T18:30:15.853Z,Yes Both Teams To Score Crystal Palace vs Tottenham,,Soccer,English Premier League
O/0003172/0003809,Fanduel Sportsbook,straight,SETTLED_WIN,1.9090909090909092,1.8,0.0606,10,9.09,12/19/2025 18:14:00 GMT,12/28/2025 04:39:51 GMT,2025-12-19T18:14:00.000Z,2025-12-28T04:39:51.000Z,Over 41.5 Total Match Points LSU @ Houston,,American Football,NCAAFB
PlacedBet:g4CsDwmh3ycAgr70YB9sVtPYm7c=,theScore Bet,straight,SETTLED_LOSS,2,2.3,-0.1304,10,-10.00,12/19/2025 18:16:58 GMT,12/28/2025 03:42:38 GMT,2025-12-19T18:16:58.289Z,2025-12-28T03:42:38.839Z,Over 45.5 Total Points Virginia Cavaliers @ Missouri Tigers,,American Football,NCAAFB
151884a0-e2e2-11f0-9b9f-f9ae2641cfc0,Caesars Sportsbook,straight,SETTLED_LOSS,1.91,2.121748,-0.0998,35,-35.00,12/27/2025 05:08:29 GMT,12/28/2025 03:38:02 GMT,2025-12-27T05:08:29.290Z,2025-12-28T03:38:02.240Z,Under 243 Total Points New York Knicks at Atlanta Hawks,,Basketball,NBA
25518709000019805,Fanatics,straight,SETTLED_LOSS,1.8,1.5988023952095807,0.1258,50,-50.00,12/27/2025 05:09:01 GMT,12/28/2025 03:27:06 GMT,2025-12-27T05:09:01.425Z,2025-12-28T03:27:06.442Z,Indiana Pacers +9.0 Spread Indiana Pacers at Miami Heat,,Basketball,NBA
697050a0-e2e2-11f0-b70b-65b83090a04c,Caesars Sportsbook,straight,SETTLED_WIN,1.91,1.9090909090909092,0.0005,35,31.82,12/27/2025 05:10:50 GMT,12/28/2025 03:22:38 GMT,2025-12-27T05:10:50.794Z,2025-12-28T03:22:38.361Z,Over 224 Total Points Brooklyn Nets at Minnesota Timberwolves,,Basketball,NBA
25518709000019505,Fanatics,straight,SETTLED_WIN,1.8,2.3,-0.2174,50,40.00,12/27/2025 05:09:46 GMT,12/28/2025 03:22:22 GMT,2025-12-27T05:09:46.809Z,2025-12-28T03:22:22.803Z,Brooklyn Nets +10.0 Spread Brooklyn Nets at Minnesota Timberwolves,,Basketball,NBA
O/0003172/0003825,Fanduel Sportsbook,straight,SETTLED_LOSS,2.94,2.6649048000000004,0.1032,35,-35.00,12/27/2025 05:06:57 GMT,12/28/2025 02:32:27 GMT,2025-12-27T05:06:57.000Z,2025-12-28T02:32:27.000Z,New Orleans Pelicans Moneyline Phoenix Suns @ New Orleans Pelicans,,Basketball,NBA
25518707000029605,Fanatics,straight,SETTLED_WIN,1.8333333333333335,1.9900274348623852,-0.0787,40,33.33,12/27/2025 05:07:33 GMT,12/28/2025 02:31:38 GMT,2025-12-27T05:07:33.136Z,2025-12-28T02:31:38.577Z,Under 240.0 Total Points Phoenix Suns at New Orleans Pelicans,,Basketball,NBA
cc4ad2a0-e2e1-11f0-9364-75ed55b82a48,Caesars Sportsbook,straight,SETTLED_LOSS,1.91,1.9243899511274973,-0.0075,35,-35.00,12/27/2025 05:06:27 GMT,12/28/2025 02:25:00 GMT,2025-12-27T05:06:27.146Z,2025-12-28T02:25:00.947Z,Under 235.5 Total Points Denver Nuggets at Orlando Magic,,Basketball,NBA
019b37cb-843d-7374-8063-11f8441bb62a,Novig,straight,SETTLED_LOSS,2.2727272727272725,2.062194,0.1021,9.9968,-10.00,12/19/2025 18:07:29 GMT,12/28/2025 02:20:00 GMT,2025-12-19T18:07:29.923Z,2025-12-28T02:20:00.000Z,away Tigers Moneyline LSU @ Houston,,American Football,NCAAFB
019b5e34-cd58-77a8-9641-ef56ade5b8c8,Novig,straight,SETTLED_WIN,1.4749262536873158,1.4788920791176738,-0.0027,74.99358,35.62,12/27/2025 05:08:06 GMT,12/28/2025 01:05:00 GMT,2025-12-27T05:08:06.584Z,2025-12-28T01:05:00.000Z,away Moneyline New York Knicks @ Atlanta Hawks,,Basketball,NBA
019b5e35-f213-7b35-89f0-4544f3d92cd0,Novig,straight,SETTLED_LOSS,1.4449256121998872,1.8,-0.1973,74.99348,-74.99,12/27/2025 05:09:17 GMT,12/28/2025 01:05:00 GMT,2025-12-27T05:09:17.487Z,2025-12-28T01:05:00.000Z,home Bulls Moneyline Milwaukee Bucks @ Chicago Bulls,,Basketball,NBA
019b5e36-d8f2-797d-829f-595d85aa7027,Novig,straight,SETTLED_WIN,1.9083969465648856,1.6666666666666665,0.1450,59.998,54.50,12/27/2025 05:10:16 GMT,12/28/2025 01:05:00 GMT,2025-12-27T05:10:16.662Z,2025-12-28T01:05:00.000Z,away +17.5 Spread Utah Jazz @ San Antonio Spurs,,Basketball,NBA
PlacedBet:dZ34FsWKJCh/f7+uuSs597j3XM4=,theScore Bet,straight,SETTLED_LOSS,1.9523809523809523,2.27,-0.1399,10,-10.00,12/19/2025 18:14:30 GMT,12/28/2025 00:46:50 GMT,2025-12-19T18:14:30.720Z,2025-12-28T00:46:50.195Z,Over 42.5 Total Points Miami (OH) RedHawks @ Fresno State Bulldogs,,American Football,NCAAFB
019b37ce-8f43-77af-a04c-c80321c343b7,Novig,straight,SETTLED_LOSS,1.550387596899225,1.5714285714285714,-0.0134,24.99375,-24.99,12/19/2025 18:10:45 GMT,12/28/2025 00:30:00 GMT,2025-12-19T18:10:45.401Z,2025-12-28T00:30:00.000Z,home Tigers Moneyline Virginia @ Missouri,,American Football,NCAAFB
019b5e32-e6e3-71c6-becb-cb17f97ee226,Novig,straight,SETTLED_WIN,2.785515320334262,2.524844,0.1032,44.99706,80.34,12/27/2025 05:05:58 GMT,12/28/2025 00:05:00 GMT,2025-12-27T05:05:58.047Z,2025-12-28T00:05:00.000Z,home Magic Moneyline Denver Nuggets @ Orlando Magic,,Basketball,NBA
019b37ce-cf8c-7776-aaad-263720e1072d,Novig,straight,SETTLED_WIN,1.669449081803005,1.3952569169960474,0.1965,24.99627,16.73,12/19/2025 18:11:01 GMT,12/27/2025 22:45:00 GMT,2025-12-19T18:11:01.607Z,2025-12-27T22:45:00.000Z,away Mean Green Moneyline North Texas @ San Diego State,,American Football,NCAAFB
c0ef83f0-dd06-11f0-86cb-c1583f225d9d,Caesars Sportsbook,straight,SETTLED_WIN,1.86957,2.16,-0.1345,10,8.70,12/19/2025 18:15:52 GMT,12/27/2025 22:28:05 GMT,2025-12-19T18:15:52.495Z,2025-12-27T22:28:05.661Z,Over 43.5 Total Points Connecticut Huskies at Army Black Knights,,American Football,NCAAFB
019b5e32-73ef-7e12-b4e0-b011412dc49a,Novig,straight,SETTLED_WIN,2.2675736961451247,2.26,0.0034,39.9987,50.70,12/27/2025 05:05:33 GMT,12/27/2025 22:05:00 GMT,2025-12-27T05:05:33.826Z,2025-12-27T22:05:00.000Z,home Kings Moneyline Dallas Mavericks @ Sacramento Kings,,Basketball,NBA
20CMGX6FLE,BetMGM,straight,SETTLED_WIN,2.45,2.15,0.1395,10,14.50,12/19/2025 18:05:53 GMT,12/27/2025 20:00:00 GMT,2025-12-19T18:05:53.413Z,2025-12-27T20:00:00.000Z,Penn St Moneyline Penn State at Clemson (Neutral  Venue),,American Football,NCAAFB
PlacedBet:lxTo2LiycSVdD0VuL8k3sm43gNM=,theScore Bet,straight,SETTLED_WIN,3.8,5.06,-0.2490,5,14.00,12/19/2025 18:07:55 GMT,12/27/2025 19:26:47 GMT,2025-12-19T18:07:55.810Z,2025-12-27T19:26:47.627Z,East Carolina Moneyline Pittsburgh Panthers @ East Carolina Pirates,,American Football,NCAAFB
O/0003172/0003816,Fanduel Sportsbook,straight,SETTLED_WIN,1.9090909090909092,1.5128205128205128,0.2619,10,9.09,12/19/2025 18:19:33 GMT,12/27/2025 19:26:17 GMT,2025-12-19T18:19:33.000Z,2025-12-27T19:26:17.000Z,Under 57.5 Total Match Points Pittsburgh @ East Carolina,,American Football,NCAAFB
019b37cc-d482-7533-8269-c763d1966333,Novig,straight,SETTLED_LOSS,3.9215686274509807,3.77,0.0402,9.99855,-10.00,12/19/2025 18:08:51 GMT,12/27/2025 19:15:00 GMT,2025-12-19T18:08:51.432Z,2025-12-27T19:15:00.000Z,away Huskies Moneyline Connecticut @ Army,,American Football,NCAAFB
O/0003172/0003824,Fanduel Sportsbook,straight,SETTLED_LOSS,1.819672131147541,2.1,-0.1335,48,-48.00,12/26/2025 17:50:17 GMT,12/27/2025 05:05:02 GMT,2025-12-26T17:50:17.000Z,2025-12-27T05:05:02.000Z,Under 243.5 Alternate Total Points Detroit Pistons @ Utah Jazz,,Basketball,NBA
O/0003172/0003811,Fanduel Sportsbook,straight,SETTLED_LOSS,1.9523809523809523,2.35,-0.1692,10,-10.00,12/19/2025 18:16:11 GMT,12/27/2025 04:02:01 GMT,2025-12-19T18:16:11.000Z,2025-12-27T04:02:01.000Z,Under 59.5 Total Match Points FIU @ UTSA,,American Football,NCAAFB
PlacedBet:gN+O8oTFOUKY4Ojp0gvtzxe874I=,theScore Bet,straight,SETTLED_WIN,1.9523809523809523,,,77,73.33,12/27/2025 03:15:23 GMT,12/27/2025 03:49:35 GMT,2025-12-27T03:15:23.369Z,2025-12-27T03:49:35.119Z,PHX Suns Moneyline Phoenix Suns @ New Orleans Pelicans,,Basketball,NBA
639023681702071170,Draftkings Sportsbook,straight,SETTLED_WIN,1.8695652173913042,2.0317352000000004,-0.0798,45,39.13,12/26/2025 17:49:29 GMT,12/27/2025 03:41:30 GMT,2025-12-26T17:49:29.491Z,2025-12-27T03:41:30.886Z,Under 240.5 Total PHO Suns @ NO Pelicans,,Basketball,NBA
f15f5cf0-e282-11f0-86cb-c1583f225d9d,Caesars Sportsbook,straight,SETTLED_WIN,2.05,2.16,-0.0509,75,78.75,12/26/2025 17:47:27 GMT,12/27/2025 03:08:22 GMT,2025-12-26T17:47:27.167Z,2025-12-27T03:08:22.266Z,Chicago Bulls Money Line Philadelphia 76ers at Chicago Bulls,,Basketball,NBA
25518028000019605,Fanatics,straight,SETTLED_WIN,1.8333333333333335,2.01,-0.0879,40,33.33,12/26/2025 17:48:03 GMT,12/27/2025 03:08:04 GMT,2025-12-26T17:48:03.288Z,2025-12-27T03:08:04.110Z,Under 241.0 Total Points Philadelphia 76ers at Chicago Bulls,,Basketball,NBA
019b5bc7-c6f2-709f-a513-cc80945a68d0,Novig,straight,SETTLED_LOSS,1.2562814070351758,1.2958579881656804,-0.0305,99.99352,-99.99,12/26/2025 17:49:43 GMT,12/27/2025 02:35:00 GMT,2025-12-26T17:49:43.762Z,2025-12-27T02:35:00.000Z,away Pistons Moneyline Detroit Pistons @ Utah Jazz,,Basketball,NBA
O/0003172/0003823,Fanduel Sportsbook,straight,SETTLED_LOSS,1.847457627118644,1.8333333333333335,0.0077,40,-40.00,12/26/2025 17:47:09 GMT,12/27/2025 02:34:56 GMT,2025-12-26T17:47:09.000Z,2025-12-27T02:34:56.000Z,Indiana Pacers +9.5 Alternate Spread Boston Celtics @ Indiana Pacers,,Basketball,NBA
O/0003172/0003822,Fanduel Sportsbook,straight,SETTLED_WIN,1.9090909090909092,1.8695652173913042,0.0211,40,36.36,12/26/2025 17:46:50 GMT,12/27/2025 02:34:53 GMT,2025-12-26T17:46:50.000Z,2025-12-27T02:34:53.000Z,Over 221.5 Total Points Boston Celtics @ Indiana Pacers,,Basketball,NBA
cfee5250-dd06-11f0-9b9f-f9ae2641cfc0,Caesars Sportsbook,straight,SETTLED_LOSS,1.91,1.9523809523809523,-0.0217,10,-10.00,12/19/2025 18:16:17 GMT,12/27/2025 01:07:44 GMT,2025-12-19T18:16:17.653Z,2025-12-27T01:07:44.434Z,Over 44.5 Total Points New Mexico Lobos at Minnesota Golden Gophers,,American Football,NCAAFB
019b5bc6-7ca3-7932-a6c1-38a39b2dbd34,Novig,straight,SETTLED_WIN,1.5360983102918586,1.570348385051601,-0.0218,59.99616,32.16,12/26/2025 17:48:18 GMT,12/27/2025 01:05:00 GMT,2025-12-26T17:48:18.080Z,2025-12-27T01:05:00.000Z,home Grizzlies Moneyline Milwaukee Bucks @ Memphis Grizzlies,,Basketball,NBA
019b5bc6-b8d4-7dd2-81cb-1d8303fd692e,Novig,straight,SETTLED_LOSS,2.7709702796037283,2.75,0.0076,74.999,-75.00,12/26/2025 17:48:35 GMT,12/27/2025 01:05:00 GMT,2025-12-26T17:48:35.937Z,2025-12-27T01:05:00.000Z,home Pelicans Moneyline Phoenix Suns @ New Orleans Pelicans,,Basketball,NBA
019b5bc4-9986-7cfd-ad17-b699c86403fd,Novig,straight,SETTLED_WIN,3.4965034965034962,3.7,-0.0550,59.99994,149.79,12/26/2025 17:46:13 GMT,12/27/2025 00:05:00 GMT,2025-12-26T17:46:13.342Z,2025-12-27T00:05:00.000Z,home Wizards Moneyline Toronto Raptors @ Washington Wizards,,Basketball,NBA
019b5bc4-5ace-705f-b445-772a88741388,Novig,straight,SETTLED_WIN,1.923076923076923,2.04,-0.0573,44.9956,41.53,12/26/2025 17:45:59 GMT,12/27/2025 00:05:00 GMT,2025-12-26T17:45:59.048Z,2025-12-27T00:05:00.000Z,Under 249.5 Total Miami Heat @ Atlanta Hawks,,Basketball,NBA
O/0003172/0003810,Fanduel Sportsbook,straight,SETTLED_LOSS,1.925925925925926,1.9523809523809523,-0.0136,10,-10.00,12/19/2025 18:15:03 GMT,12/26/2025 21:15:56 GMT,2025-12-19T18:15:03.000Z,2025-12-26T21:15:56.000Z,Over 43.5 Total Match Points Central Michigan @ Northwestern,,American Football,NCAAFB
O/0003172/0003821,Fanduel Sportsbook,parlay,SETTLED_LOSS,7,5.273174872665534,0.3275,10,-10.00,12/24/2025 14:51:50 GMT,12/25/2025 21:09:12 GMT,2025-12-24T14:51:50.000Z,2025-12-25T21:09:12.000Z,CeeDee Lamb Any Time Touchdown Scorer Dallas Cowboys @ Washington Commanders | Jahmyr Gibbs Any Time Touchdown Scorer Detroit Lions @ Minnesota Vikings | RJ Harvey Any Time Touchdown Scorer Denver Broncos @ Kansas City Chiefs,,American Football,NFL
639022618129547316,Draftkings Sportsbook,parlay,SETTLED_LOSS,1062.09,,,5,-5.00,12/25/2025 12:16:54 GMT,12/25/2025 21:00:00 GMT,2025-12-25T12:16:54.441Z,2025-12-25T21:00:00.000Z,Under 59.5 Total Georgia Southern @ Appalachian State | DAL Cowboys D/ST Anytime TD Scorer DAL Cowboys @ WAS Commanders | 1+ Josh Johnson (WAS) Interceptions Thrown DAL Cowboys @ WAS Commanders | DEN Broncos D/ST Anytime TD Scorer DEN Broncos @ KC Chiefs | Over 0.5 Chris Oladokun Interceptions Thrown O/U DEN Broncos @ KC Chiefs | DET Lions D/ST Anytime TD Scorer DET Lions @ MIN Vikings | Over 0.5 Max Brosmer Interceptions Thrown O/U DET Lions @ MIN Vikings,,American Football,NCAAFB | NFL
639022618989658251,Draftkings Sportsbook,parlay,SETTLED_LOSS,3.84,4.152073732718893,-0.0752,12.5,-12.50,12/25/2025 12:18:18 GMT,12/25/2025 21:00:00 GMT,2025-12-25T12:18:18.853Z,2025-12-25T21:00:00.000Z,Over 0.5 Chris Oladokun Interceptions Thrown O/U DEN Broncos @ KC Chiefs | Over 0.5 Max Brosmer Interceptions Thrown O/U DET Lions @ MIN Vikings | 1+ Josh Johnson (WAS) Interceptions Thrown DAL Cowboys @ WAS Commanders,,American Football,NFL
O/0003172/0003808,Fanduel Sportsbook,straight,SETTLED_WIN,1.9615384615384617,1.8771929824561404,0.0449,15,14.42,12/19/2025 18:08:19 GMT,12/25/2025 04:52:50 GMT,2025-12-19T18:08:19.000Z,2025-12-25T04:52:50.000Z,Hawaii Moneyline California @ Hawaii,,American Football,NCAAFB
019b515d-4d19-7b86-96c9-4af91bca566d,Novig,straight,SETTLED_WIN,1.9157088122605364,1.8771929824561404,0.0205,9.9963,9.15,12/24/2025 17:17:11 GMT,12/25/2025 01:00:00 GMT,2025-12-24T17:17:11.439Z,2025-12-25T01:00:00.000Z,home Rainbow Warriors Moneyline California @ Hawaii,,American Football,NCAAFB
fb3c59a0-e005-11f0-90de-f9c0ca9edaf1,Caesars Sportsbook,straight,SETTLED_WIN,1.86957,1.819672131147541,0.0274,30,26.09,12/23/2025 13:47:54 GMT,12/24/2025 03:27:10 GMT,2025-12-23T13:47:54.298Z,2025-12-24T03:27:10.470Z,Dallas Mavericks 7.5 Spread Denver Nuggets at Dallas Mavericks,,Basketball,NBA
8d7a0d90-e005-11f0-b723-2fc586de8ab1,Caesars Sportsbook,straight,SETTLED_WIN,1.91,2.21,-0.1357,25,22.73,12/23/2025 13:44:50 GMT,12/24/2025 03:10:00 GMT,2025-12-23T13:44:50.153Z,2025-12-24T03:10:00.913Z,Under 252 Total Points Chicago Bulls at Atlanta Hawks,,Basketball,NBA
25513465000049505,Fanatics,straight,SETTLED_LOSS,1.8,1.970873786407767,-0.0867,55,-55.00,12/23/2025 13:45:44 GMT,12/24/2025 02:50:24 GMT,2025-12-23T13:45:44.078Z,2025-12-24T02:50:24.363Z,New Orleans Pelicans +10.0 Spread New Orleans Pelicans at Cleveland Cavaliers,,Basketball,NBA
25513466000039505,Fanatics,straight,SETTLED_LOSS,1.8333333333333335,2.33,-0.2132,30,-30.00,12/23/2025 13:46:16 GMT,12/24/2025 02:45:32 GMT,2025-12-23T13:46:16.683Z,2025-12-24T02:45:32.412Z,Under 245.0 Total Points New Orleans Pelicans at Cleveland Cavaliers,,Basketball,NBA
O/0003172/0003820,Fanduel Sportsbook,straight,SETTLED_WIN,1.8771929824561404,1.8928571428571428,-0.0083,54,47.37,12/23/2025 13:37:58 GMT,12/24/2025 02:42:04 GMT,2025-12-23T13:37:58.000Z,2025-12-24T02:42:04.000Z,Brooklyn Nets 10.0 Spread Betting Brooklyn Nets @ Philadelphia 76ers,,Basketball,NBA
O/0003172/0003815,Fanduel Sportsbook,straight,SETTLED_WIN,1.9523809523809523,2.15,-0.0919,10,9.52,12/19/2025 18:18:35 GMT,12/24/2025 02:30:07 GMT,2025-12-19T18:18:35.000Z,2025-12-24T02:30:07.000Z,Under 57.5 Total Match Points Western Kentucky @ Southern Miss,,American Football,NCAAFB
PlacedBet:4em+TLu0cD4awYn0FxldRU8kd+s=,theScore Bet,straight,SETTLED_LOSS,2.25,1.7633587786259541,0.2760,10,-10.00,12/19/2025 18:06:24 GMT,12/24/2025 02:30:04 GMT,2025-12-19T18:06:24.639Z,2025-12-24T02:30:04.407Z,Southern Mississippi Moneyline Western Kentucky Hilltoppers @ Southern Miss Golden Eagles,,American Football,NCAAFB
25513456000039405,Fanatics,straight,SETTLED_LOSS,1.8,2.1,-0.1429,60,-60.00,12/23/2025 13:36:41 GMT,12/24/2025 02:26:46 GMT,2025-12-23T13:36:41.926Z,2025-12-24T02:26:46.919Z,Washington Wizards +6.0 Spread Washington Wizards at Charlotte Hornets,,Basketball,NBA
019b4b78-3124-7622-aebc-6e7453319974,Novig,straight,SETTLED_WIN,1.6458334000040535,1.6118340026773763,0.0211,74.99544,48.43,12/23/2025 13:48:50 GMT,12/24/2025 02:05:00 GMT,2025-12-23T13:48:50.719Z,2025-12-24T02:05:00.000Z,away Grizzlies Moneyline Memphis Grizzlies @ Utah Jazz,,Basketball,NBA
019b4b78-7fcb-7467-bca3-cf91cfdb6627,Novig,straight,SETTLED_LOSS,1.8903591682419658,1.7751937984496124,0.0649,29.99959,-30.00,12/23/2025 13:49:13 GMT,12/24/2025 02:05:00 GMT,2025-12-23T13:49:13.864Z,2025-12-24T02:05:00.000Z,Under 244.5 Total Memphis Grizzlies @ Utah Jazz,,Basketball,NBA
019b4b78-bd40-7515-a228-e7f0e25dab03,Novig,straight,SETTLED_LOSS,1.8576068123917124,1.617283950617284,0.1486,39.9977,-40.00,12/23/2025 13:49:27 GMT,12/24/2025 02:05:00 GMT,2025-12-23T13:49:27.185Z,2025-12-24T02:05:00.000Z,away +6.5 Spread Los Angeles Lakers @ Phoenix Suns,,Basketball,NBA
019b37ce-44e3-7bc3-afd7-cca673b4feda,Novig,straight,SETTLED_WIN,3.1847133757961785,3.1,0.0273,9.99776,21.84,12/19/2025 18:10:26 GMT,12/24/2025 02:00:00 GMT,2025-12-19T18:10:26.896Z,2025-12-24T02:00:00.000Z,home Bobcats Moneyline UNLV @ Ohio,,American Football,NCAAFB
019b37d1-5017-7714-84c6-155439a9e835,Novig,straight,SETTLED_WIN,1.9569471624266144,1.970873786407767,-0.0071,9.99516,9.56,12/19/2025 18:13:45 GMT,12/24/2025 02:00:00 GMT,2025-12-19T18:13:45.359Z,2025-12-24T02:00:00.000Z,Under 64.5 Total UNLV @ Ohio,,American Football,NCAAFB
019b4b77-dd4b-7fe8-bb11-b7024fbf9321,Novig,straight,SETTLED_WIN,1.8248175182481752,2.06,-0.1142,44.99628,37.11,12/23/2025 13:48:30 GMT,12/24/2025 01:35:00 GMT,2025-12-23T13:48:30.375Z,2025-12-24T01:35:00.000Z,SAS +6.5 Spread Oklahoma City Thunder @ San Antonio Spurs,,Basketball,NBA
019b4b6f-260a-74cf-a3db-b45cf0b70daf,Novig,straight,SETTLED_WIN,2.5974025974025974,2.3899999999999997,0.0868,74.998,119.80,12/23/2025 13:38:58 GMT,12/24/2025 00:35:00 GMT,2025-12-23T13:38:58.208Z,2025-12-24T00:35:00.000Z,away Bulls Moneyline Chicago Bulls @ Atlanta Hawks,,Basketball,NBA
019b4b76-3815-7ba2-8ec9-2399b0462d42,Novig,straight,SETTLED_LOSS,1.9607843137254901,1.925925925925926,0.0181,44.9973,-45.00,12/23/2025 13:46:42 GMT,12/24/2025 00:35:00 GMT,2025-12-23T13:46:42.299Z,2025-12-24T00:35:00.000Z,home +1.5 Spread Milwaukee Bucks @ Indiana Pacers,,Basketball,NBA
019b4b76-f0bd-784f-a183-15d9e81fbe29,Novig,straight,SETTLED_WIN,1.962086331798599,1.9519853211009173,0.0052,59.99736,57.72,12/23/2025 13:47:29 GMT,12/24/2025 00:35:00 GMT,2025-12-23T13:47:29.497Z,2025-12-24T00:35:00.000Z,away +5.5 Spread Toronto Raptors @ Miami Heat,,Basketball,NBA
019b4b6d-41ce-7364-836b-3c1e4887fbf6,Novig,straight,SETTLED_LOSS,2.932551319648094,3.197576,-0.0829,19.99965,-20.00,12/23/2025 13:36:57 GMT,12/24/2025 00:05:00 GMT,2025-12-23T13:36:57.913Z,2025-12-24T00:05:00.000Z,away Wizards Moneyline Washington Wizards @ Charlotte Hornets,,Basketball,NBA
019b4b6e-95fa-7566-ae5a-af7a8057c046,Novig,straight,SETTLED_WIN,1.937984496124031,1.8695652173913042,0.0366,29.99508,28.13,12/23/2025 13:38:21 GMT,12/24/2025 00:05:00 GMT,2025-12-23T13:38:21.156Z,2025-12-24T00:05:00.000Z,Over 218.5 Total Brooklyn Nets @ Philadelphia 76ers,,Basketball,NBA
O/0003172/0003812,Fanduel Sportsbook,straight,SETTLED_WIN,1.8695652173913042,2.024154,-0.0764,10,8.70,12/19/2025 18:16:49 GMT,12/23/2025 22:19:51 GMT,2025-12-19T18:16:49.000Z,2025-12-23T22:19:51.000Z,Over 44.5 Total Match Points Toledo @ Louisville,,American Football,NCAAFB
25512064000029905,Fanatics,straight,SETTLED_WIN,2.0700000000000003,1.7462686567164178,0.1854,50,53.57,12/22/2025 14:24:10 GMT,12/23/2025 04:57:54 GMT,2025-12-22T14:24:10.693Z,2025-12-23T04:57:54.064Z,Memphis Grizzlies +17.0 Spread Memphis Grizzlies at Oklahoma City Thunder,,Basketball,NBA
25512064000019805,Fanatics,straight,SETTLED_WIN,1.7142857142857144,1.7462686567164178,-0.0183,10,7.14,12/22/2025 14:24:15 GMT,12/23/2025 04:57:53 GMT,2025-12-22T14:24:15.306Z,2025-12-23T04:57:53.661Z,Memphis Grizzlies +17.0 Spread Memphis Grizzlies at Oklahoma City Thunder,,Basketball,NBA
25506349000029505,Fanatics,straight,SETTLED_LOSS,3.8,3.25,0.1692,5,-5.00,12/18/2025 15:09:05 GMT,12/23/2025 04:21:54 GMT,2025-12-18T15:09:05.832Z,2025-12-23T04:21:54.138Z,Tyler Warren Anytime Touchdown Scorer San Francisco 49ers at Indianapolis Colts,,American Football,NFL
O/0003172/0003819,Fanduel Sportsbook,straight,SETTLED_LOSS,1.9090909090909092,1.8333333333333335,0.0413,48,-48.00,12/22/2025 14:23:33 GMT,12/23/2025 04:21:00 GMT,2025-12-22T14:23:33.000Z,2025-12-23T04:21:00.000Z,Utah Jazz +13.5 Alternate Spread Utah Jazz @ Denver Nuggets,,Basketball,NBA
20CSGZNA5F,BetMGM,straight,SETTLED_WIN,1.9803921568627452,2.0700000000000003,-0.0433,60,58.82,12/22/2025 14:23:01 GMT,12/23/2025 04:10:00 GMT,2025-12-22T14:23:01.813Z,2025-12-23T04:10:00.000Z,Pelicans Moneyline Dallas Mavericks at New Orleans Pelicans,,Basketball,NBA
019b4672-ac52-7738-907f-2153662b265d,Novig,straight,SETTLED_WIN,1.9417475728155338,1.9732655625356939,-0.0160,34.9994,32.96,12/22/2025 14:24:41 GMT,12/23/2025 03:05:00 GMT,2025-12-22T14:24:41.926Z,2025-12-23T03:05:00.000Z,Under 235.5 Total Detroit Pistons @ Portland Trail Blazers,,Basketball,NBA
019b4672-7d16-76c1-949c-15c3e74ee032,Novig,straight,SETTLED_LOSS,2.9821431428708576,2.96,0.0075,49.9976,-50.00,12/22/2025 14:24:29 GMT,12/23/2025 03:05:00 GMT,2025-12-22T14:24:29.553Z,2025-12-23T03:05:00.000Z,away Magic Moneyline Orlando Magic @ Golden State Warriors,,Basketball,NBA
O/0003172/0003818,Fanduel Sportsbook,straight,SETTLED_WIN,1.8620689655172413,2,-0.0690,60,51.72,12/22/2025 14:21:40 GMT,12/23/2025 02:42:01 GMT,2025-12-22T14:21:40.000Z,2025-12-23T02:42:01.000Z,Charlotte Hornets +9.5 Alternate Spread Charlotte Hornets @ Cleveland Cavaliers,,Basketball,NBA
019b4671-d7e4-78da-9c37-0e5fa77d5415,Novig,straight,SETTLED_WIN,1.9047619047619049,2.08,-0.0842,49.99575,45.23,12/22/2025 14:23:47 GMT,12/23/2025 02:05:00 GMT,2025-12-22T14:23:47.204Z,2025-12-23T02:05:00.000Z,Under 249.5 Total Utah Jazz @ Denver Nuggets,,Basketball,NBA
019b4671-5585-7967-86e4-38c2fabf0a26,Novig,straight,SETTLED_WIN,1.8796992481203008,1.8064516129032258,0.0405,49.99736,43.98,12/22/2025 14:23:13 GMT,12/23/2025 01:05:00 GMT,2025-12-22T14:23:13.829Z,2025-12-23T01:05:00.000Z,Under 242.5 Total Dallas Mavericks @ New Orleans Pelicans,,Basketball,NBA
019b4670-40b7-7c1a-9509-1031915e8c5c,Novig,straight,SETTLED_LOSS,1.9723865877712032,1.8695652173913042,0.0550,34.99821,-35.00,12/22/2025 14:22:02 GMT,12/23/2025 00:35:00 GMT,2025-12-22T14:22:02.800Z,2025-12-23T00:35:00.000Z,Over 224.5 Total Indiana Pacers @ Boston Celtics,,Basketball,NBA
019b4670-143b-777b-934a-7c0642a71673,Novig,straight,SETTLED_LOSS,1.9724401281700341,2.02,-0.0235,34.99726,-35.00,12/22/2025 14:21:55 GMT,12/23/2025 00:05:00 GMT,2025-12-22T14:21:55.132Z,2025-12-23T00:05:00.000Z,Under 238.5 Total Charlotte Hornets @ Cleveland Cavaliers,,Basketball,NBA
25503497000039605,Fanatics,straight,SETTLED_LOSS,1.8,1.7407407407407407,0.0340,40,-40.00,12/16/2025 15:37:27 GMT,12/22/2025 21:59:51 GMT,2025-12-16T15:37:27.601Z,2025-12-22T21:59:51.104Z,Yes Both Teams to Score Fulham vs Nottm Forest,,Soccer,English Premier League
O/0003172/0003792,Fanduel Sportsbook,straight,SETTLED_LOSS,4.9,4.6,0.0652,2,-2.00,12/18/2025 15:04:42 GMT,12/22/2025 04:26:58 GMT,2025-12-18T15:04:42.000Z,2025-12-22T04:26:58.000Z,Mack Hollins Any Time Touchdown Scorer New England Patriots @ Baltimore Ravens,,American Football,NFL
019b4212-1706-72b0-9270-a8cb268c0874,Novig,straight,SETTLED_WIN,2.019795009353462,2.0027703485148516,0.0085,54.99568,56.08,12/21/2025 18:00:42 GMT,12/22/2025 03:05:00 GMT,2025-12-21T18:00:42.985Z,2025-12-22T03:05:00.000Z,home +11.5 Spread Houston Rockets @ Sacramento Kings,,Basketball,NBA
019b4211-e47b-708a-b804-d6bb51bef2a9,Novig,straight,SETTLED_WIN,2.0241497870842444,2,0.0121,34.99741,35.84,12/21/2025 18:00:32 GMT,12/22/2025 03:05:00 GMT,2025-12-21T18:00:32.166Z,2025-12-22T03:05:00.000Z,Over 223.5 Total Houston Rockets @ Sacramento Kings,,Basketball,NBA
ebec06a0-de96-11f0-b70b-65b83090a04c,Caesars Sportsbook,straight,SETTLED_LOSS,1.91,1.9739436512469066,-0.0324,30,-30.00,12/21/2025 18:00:23 GMT,12/22/2025 02:26:26 GMT,2025-12-21T18:00:23.306Z,2025-12-22T02:26:26.685Z,Minnesota Timberwolves -12 Spread Milwaukee Bucks at Minnesota Timberwolves,,Basketball,NBA
e53594c0-de96-11f0-b05c-edb51033bc78,Caesars Sportsbook,straight,SETTLED_LOSS,1.91,1.912259528759529,-0.0012,32,-32.00,12/21/2025 18:00:12 GMT,12/22/2025 01:23:57 GMT,2025-12-21T18:00:12.044Z,2025-12-22T01:23:57.376Z,Over 216 Total Points Toronto Raptors at Brooklyn Nets,,Basketball,NBA
O/0003172/0003794,Fanduel Sportsbook,straight,SETTLED_LOSS,11,9.5,0.1579,6,-6.00,12/18/2025 15:10:52 GMT,12/22/2025 00:24:12 GMT,2025-12-18T15:10:52.000Z,2025-12-22T00:24:12.000Z,Tim Patrick Any Time Touchdown Scorer Jacksonville Jaguars @ Denver Broncos,,American Football,NFL
20CKYEC48Y,BetMGM,straight,SETTLED_VOID,2.19,,,10,0.00,12/18/2025 15:10:36 GMT,12/21/2025 23:39:32 GMT,2025-12-18T15:10:36.097Z,2025-12-21T23:39:32.462Z,Yes Woody Marks to score 1+ TDs Las Vegas Raiders @ Houston Texans,,American Football,NFL
5ed440e0-dc23-11f0-a579-efc356f872d4,Caesars Sportsbook,straight,SETTLED_WIN,1.86957,1.9090909090909092,-0.0207,7,6.09,12/18/2025 15:08:12 GMT,12/21/2025 23:19:29 GMT,2025-12-18T15:08:12.142Z,2025-12-21T23:19:29.599Z,Travis Etienne Jr. Player to Score a Touchdown Jacksonville Jaguars at Denver Broncos,,American Football,NFL
25506351000019605,Fanatics,straight,SETTLED_WIN,3.5,3.65,-0.0411,9,22.50,12/18/2025 15:11:06 GMT,12/21/2025 23:18:03 GMT,2025-12-18T15:11:06.639Z,2025-12-21T23:18:03.247Z,Ashton Jeanty Anytime Touchdown Scorer Las Vegas Raiders at Houston Texans,,American Football,NFL
25506347000099705,Fanatics,straight,SETTLED_WIN,4.95,4.75,0.0421,4,15.80,12/18/2025 15:07:57 GMT,12/21/2025 21:43:29 GMT,2025-12-18T15:07:57.670Z,2025-12-21T21:43:29.066Z,Parker Washington Anytime Touchdown Scorer Jacksonville Jaguars at Denver Broncos,,American Football,NFL
25506344000069605,Fanatics,straight,SETTLED_LOSS,4.75,4.6,0.0326,2,-2.00,12/18/2025 15:04:17 GMT,12/21/2025 21:04:01 GMT,2025-12-18T15:04:17.706Z,2025-12-21T21:04:01.893Z,Adonai Mitchell Anytime Touchdown Scorer New York Jets at New Orleans Saints,,American Football,NFL
25506344000019605,Fanatics,straight,SETTLED_LOSS,3.09,3.2,-0.0344,10,-10.00,12/18/2025 15:04:01 GMT,12/21/2025 21:02:22 GMT,2025-12-18T15:04:01.667Z,2025-12-21T21:02:22.603Z,Kareem Hunt Anytime Touchdown Scorer Kansas City Chiefs at Tennessee Titans,,American Football,NFL
25506349000079505,Fanatics,straight,SETTLED_LOSS,4.05,4.6,-0.1196,6,-6.00,12/18/2025 15:09:39 GMT,12/21/2025 21:02:22 GMT,2025-12-18T15:09:39.302Z,2025-12-21T21:02:22.471Z,Isiah Pacheco Anytime Touchdown Scorer Kansas City Chiefs at Tennessee Titans,,American Football,NFL
25506347000059705,Fanatics,straight,SETTLED_LOSS,2.7,2.85,-0.0526,4,-4.00,12/18/2025 15:07:29 GMT,12/21/2025 21:02:18 GMT,2025-12-18T15:07:29.832Z,2025-12-21T21:02:18.273Z,Tyrone Tracy Anytime Touchdown Scorer Minnesota Vikings at New York Giants,,American Football,NFL
25506347000079405,Fanatics,straight,SETTLED_LOSS,4.75,4.7,0.0106,3,-3.00,12/18/2025 15:07:39 GMT,12/21/2025 21:02:17 GMT,2025-12-18T15:07:39.614Z,2025-12-21T21:02:17.565Z,Darius Slayton Anytime Touchdown Scorer Minnesota Vikings at New York Giants,,American Football,NFL
25506346000079705,Fanatics,straight,SETTLED_LOSS,3.5,3.5,,3,-3.00,12/18/2025 15:06:58 GMT,12/21/2025 21:02:15 GMT,2025-12-18T15:06:58.557Z,2025-12-21T21:02:15.058Z,Wan'dale Robinson Anytime Touchdown Scorer Minnesota Vikings at New York Giants,,American Football,NFL
25506351000039605,Fanatics,straight,SETTLED_LOSS,2.45,2.5,-0.0200,10,-10.00,12/18/2025 15:11:46 GMT,12/21/2025 21:02:08 GMT,2025-12-18T15:11:46.061Z,2025-12-21T21:02:08.601Z,Bucky Irving Anytime Touchdown Scorer Tampa Bay Buccaneers at Carolina Panthers,,American Football,NFL
25506347000069705,Fanatics,straight,SETTLED_LOSS,3.2,3.65,-0.1233,4,-4.00,12/18/2025 15:07:49 GMT,12/21/2025 21:02:08 GMT,2025-12-18T15:07:49.107Z,2025-12-21T21:02:08.173Z,Emeka Egbuka Anytime Touchdown Scorer Tampa Bay Buccaneers at Carolina Panthers,,American Football,NFL
O/0003172/0003793,Fanduel Sportsbook,straight,SETTLED_LOSS,4,4.05,-0.0123,2,-2.00,12/18/2025 15:05:04 GMT,12/21/2025 21:00:45 GMT,2025-12-18T15:05:04.000Z,2025-12-21T21:00:45.000Z,Xavier Worthy Any Time Touchdown Scorer Kansas City Chiefs @ Tennessee Titans,,American Football,NFL
639016674822082078,Draftkings Sportsbook,straight,SETTLED_LOSS,6,6,,8,-8.00,12/18/2025 15:11:22 GMT,12/21/2025 21:00:00 GMT,2025-12-18T15:11:22.772Z,2025-12-21T21:00:00.000Z,Rachaad White Anytime TD Scorer TB Buccaneers @ CAR Panthers,,American Football,NFL
20CKY9712S,BetMGM,straight,SETTLED_LOSS,3.75,4.05,-0.0741,6.25,0.00,12/18/2025 15:05:44 GMT,12/21/2025 21:00:00 GMT,2025-12-18T15:05:44.457Z,2025-12-21T21:00:00.000Z,Yes Theo Johnson to score 1+ TDs Minnesota Vikings @ New York Giants,,American Football,NFL
25506351000019505,Fanatics,straight,SETTLED_LOSS,3.8,3.8,,10,-10.00,12/18/2025 15:11:38 GMT,12/21/2025 20:59:20 GMT,2025-12-18T15:11:38.495Z,2025-12-21T20:59:20.975Z,Kimani Vidal Anytime Touchdown Scorer Los Angeles Chargers at Dallas Cowboys,,American Football,NFL
019b4211-1e57-7d61-b73e-5c6afb28730c,Novig,straight,SETTLED_LOSS,2.0408163265306123,2,0.0204,24.9998,-25.00,12/21/2025 17:59:42 GMT,12/21/2025 20:35:00 GMT,2025-12-21T17:59:42.830Z,2025-12-21T20:35:00.000Z,Under 247.5 Total Chicago Bulls @ Atlanta Hawks,,Basketball,NBA
019b4211-5484-76af-b947-542f2a9cfa4b,Novig,straight,SETTLED_WIN,2.053388090349076,1.9174311926605505,0.0709,31.9959,33.70,12/21/2025 17:59:55 GMT,12/21/2025 20:35:00 GMT,2025-12-21T17:59:55.716Z,2025-12-21T20:35:00.000Z,away +4.5 Spread Chicago Bulls @ Atlanta Hawks,,Basketball,NBA
20CKYDAYZ9,BetMGM,straight,SETTLED_WIN,3.8,4.35,-0.1264,5,14.00,12/18/2025 15:09:25 GMT,12/21/2025 20:19:12 GMT,2025-12-18T15:09:25.253Z,2025-12-21T20:19:12.224Z,Yes Harold Fannin Jr. to score 1+ TDs Buffalo Bills @ Cleveland Browns,,American Football,NFL
25506345000079805,Fanatics,straight,SETTLED_WIN,3.1,3.5,-0.1143,3,6.30,12/18/2025 15:05:57 GMT,12/21/2025 19:53:25 GMT,2025-12-18T15:05:57.240Z,2025-12-21T19:53:25.471Z,Sean Tucker Anytime Touchdown Scorer Tampa Bay Buccaneers at Carolina Panthers,,American Football,NFL
20CH573599,BetMGM,straight,SETTLED_WIN,1.5714285714285714,1.5882352941176472,-0.0106,6.25,3.57,12/16/2025 15:35:56 GMT,12/21/2025 18:00:15 GMT,2025-12-16T15:35:56.360Z,2025-12-21T18:00:15.527Z,Yes Both teams to score Aston Villa - Manchester United,,Soccer,English Premier League
20CH583DRZ,BetMGM,straight,SETTLED_WIN,1.5714285714285714,1.5882352941176472,-0.0106,6.25,3.57,12/16/2025 15:36:14 GMT,12/21/2025 18:00:15 GMT,2025-12-16T15:36:14.817Z,2025-12-21T18:00:15.513Z,Yes Both teams to score Aston Villa - Manchester United,,Soccer,English Premier League
25509322000039905,Fanatics,straight,SETTLED_WIN,1.9090909090909092,1.9345794392523366,-0.0132,65,59.09,12/20/2025 16:42:16 GMT,12/21/2025 05:59:48 GMT,2025-12-20T16:42:16.341Z,2025-12-21T05:59:48.572Z,Los Angeles Clippers +1.0 Spread Los Angeles Lakers at Los Angeles Clippers,,Basketball,NBA
O/0003172/0003817,Fanduel Sportsbook,straight,SETTLED_WIN,1.9090909090909092,1.6666666666666665,0.1455,55,50.00,12/20/2025 16:41:27 GMT,12/21/2025 05:41:56 GMT,2025-12-20T16:41:27.000Z,2025-12-21T05:41:56.000Z,Under 239.5 Total Points Portland Trail Blazers @ Sacramento Kings,,Basketball,NBA
b10c4290-ddc2-11f0-90de-f9c0ca9edaf1,Caesars Sportsbook,straight,SETTLED_LOSS,1.91,2.3,-0.1696,45,-45.00,12/20/2025 16:41:11 GMT,12/21/2025 05:17:49 GMT,2025-12-20T16:41:11.225Z,2025-12-21T05:17:49.394Z,Under 236.5 Total Points Orlando Magic at Utah Jazz,,Basketball,NBA
019b3ca3-7e74-7a6c-88db-06a9dd7b0341,Novig,straight,SETTLED_LOSS,1.9920318725099602,1.9174311926605505,0.0389,59.99904,-60.00,12/20/2025 16:41:50 GMT,12/21/2025 03:05:00 GMT,2025-12-20T16:41:50.107Z,2025-12-21T03:05:00.000Z,home +4.5 Spread Portland Trail Blazers @ Sacramento Kings,,Basketball,NBA
O/0003172/0003813,Fanduel Sportsbook,straight,SETTLED_WIN,1.9090909090909092,1.7692307692307692,0.0791,10,9.09,12/19/2025 18:18:03 GMT,12/21/2025 02:57:04 GMT,2025-12-19T18:18:03.000Z,2025-12-21T02:57:04.000Z,Over 45.5 Total Match Points James Madison @ Oregon,,American Football,NCAAFB
25509320000059605,Fanatics,straight,SETTLED_LOSS,1.9090909090909092,1.999923076923077,-0.0454,30,-30.00,12/20/2025 16:40:41 GMT,12/21/2025 02:37:10 GMT,2025-12-20T16:40:41.412Z,2025-12-21T02:37:10.174Z,Under 235.0 Total Points Indiana Pacers at New Orleans Pelicans,,Basketball,NBA
019b3201-6fde-7243-adfc-4cafdb47c870,Novig,straight,SETTLED_LOSS,2.457002457002457,2.66,-0.0763,5.99918,-6.00,12/18/2025 15:08:37 GMT,12/21/2025 01:20:00 GMT,2025-12-18T15:08:37.875Z,2025-12-21T01:20:00.000Z,Over 0.5 D'Andre Swift TOUCHDOWNS Green Bay Packers @ Chicago Bears,,American Football,NFL
25506346000029605,Fanatics,straight,SETTLED_LOSS,3.8,3.8,,3,-3.00,12/18/2025 15:06:34 GMT,12/21/2025 01:08:46 GMT,2025-12-18T15:06:34.188Z,2025-12-21T01:08:46.818Z,Deebo Samuel Anytime Touchdown Scorer Philadelphia Eagles at Washington Commanders,,American Football,NFL
25506347000029805,Fanatics,straight,SETTLED_WIN,1.9523809523809523,1.8695652173913042,0.0443,5,4.76,12/18/2025 15:07:12 GMT,12/21/2025 00:23:20 GMT,2025-12-18T15:07:12.295Z,2025-12-21T00:23:20.763Z,Saquon Barkley Anytime Touchdown Scorer Philadelphia Eagles at Washington Commanders,,American Football,NFL
019b3ca1-9e3a-7de6-81d3-f00dc0666bf1,Novig,straight,SETTLED_LOSS,2.0746887966804977,1.9088425673379803,0.0869,54.9962,-55.00,12/20/2025 16:39:47 GMT,12/21/2025 00:05:00 GMT,2025-12-20T16:39:47.010Z,2025-12-21T00:05:00.000Z,home Raptors Moneyline Boston Celtics @ Toronto Raptors,,Basketball,NBA
019b3ca2-995a-7551-9aa4-35497afd9e6f,Novig,straight,SETTLED_LOSS,2.347417840375587,2.24,0.0480,34.9959,-35.00,12/20/2025 16:40:52 GMT,12/21/2025 00:05:00 GMT,2025-12-20T16:40:52.715Z,2025-12-21T00:05:00.000Z,away Pacers Moneyline Indiana Pacers @ New Orleans Pelicans,,Basketball,NBA
019b3ca1-7917-737a-a65f-19012c231111,Novig,straight,SETTLED_LOSS,2.094549745556457,2.06,0.0168,79.99810000000001,-80.00,12/20/2025 16:39:36 GMT,12/20/2025 22:05:00 GMT,2025-12-20T16:39:36.808Z,2025-12-20T22:05:00.000Z,home Nuggets Moneyline Houston Rockets @ Denver Nuggets,,Basketball,NBA
639007282428761130,Draftkings Sportsbook,straight,SETTLED_LOSS,1.9090909090909092,,,10,-10.00,12/07/2025 18:17:22 GMT,12/20/2025 20:35:14 GMT,2025-12-07T18:17:22.994Z,2025-12-20T20:35:14.570Z,Over 52.5 Total Miami FL @ Texas A&M,,other,other
639007282378519890,Draftkings Sportsbook,straight,SETTLED_WIN,2.45,,,10,14.50,12/07/2025 18:17:18 GMT,12/20/2025 20:35:10 GMT,2025-12-07T18:17:18.134Z,2025-12-20T20:35:10.047Z,Miami FL Moneyline Miami FL @ Texas A&M,,other,other
639007282328097580,Draftkings Sportsbook,straight,SETTLED_WIN,1.9090909090909092,,,10,9.09,12/07/2025 18:17:12 GMT,12/20/2025 20:35:05 GMT,2025-12-07T18:17:12.876Z,2025-12-20T20:35:05.892Z,Miami FL +4 Spread Miami FL @ Texas A&M,,other,other
019b37d5-dc51-77a3-8df0-51867f9db3f5,Novig,straight,SETTLED_WIN,1.972386587771203,1.9523809523809523,0.0102,9.99804,9.72,12/19/2025 18:19:18 GMT,12/20/2025 20:30:00 GMT,2025-12-19T18:19:18.596Z,2025-12-20T20:30:00.000Z,Under 57.5 Total Tulane @ Ole Miss,,American Football,NCAAFB
O/0003172/0003782,Fanduel Sportsbook,straight,SETTLED_WIN,1.5681818181818183,1.6944444444444444,-0.0745,5,2.84,12/16/2025 15:34:36 GMT,12/20/2025 19:15:12 GMT,2025-12-16T15:34:36.000Z,2025-12-20T19:15:12.000Z,Yes Both Teams To Score Tottenham v Liverpool,,Soccer,English Premier League
20CH550FSY,BetMGM,straight,SETTLED_WIN,1.847457627118644,1.7692307692307692,0.0442,6.25,5.30,12/16/2025 15:33:20 GMT,12/20/2025 18:00:00 GMT,2025-12-16T15:33:20.180Z,2025-12-20T18:00:00.000Z,Yes Both teams to score AFC Bournemouth - Burnley,,Soccer,English Premier League
20CH550MNK,BetMGM,straight,SETTLED_WIN,1.847457627118644,1.7692307692307692,0.0442,6.25,5.30,12/16/2025 15:33:32 GMT,12/20/2025 18:00:00 GMT,2025-12-16T15:33:32.553Z,2025-12-20T18:00:00.000Z,Yes Both teams to score AFC Bournemouth - Burnley,,Soccer,English Premier League
25492098000019505,Fanatics,straight,SETTLED_LOSS,1.7692307692307692,1.8130081300813008,-0.0241,44,-44.00,12/08/2025 17:38:17 GMT,12/20/2025 16:54:25 GMT,2025-12-08T17:38:17.802Z,2025-12-20T16:54:25.799Z,Yes Both Teams to Score Wolves vs Brentford,,Soccer,English Premier League
25492098000019805,Fanatics,straight,SETTLED_LOSS,1.8695652173913042,1.925925925925926,-0.0293,22,-22.00,12/08/2025 17:38:03 GMT,12/20/2025 16:52:59 GMT,2025-12-08T17:38:03.884Z,2025-12-20T16:52:59.216Z,Yes Both Teams to Score Man City vs West Ham,,Soccer,English Premier League
O/0003172/0003754,Fanduel Sportsbook,straight,SETTLED_WIN,1.6024096385542168,1.5555555555555556,0.0301,44,26.51,12/08/2025 17:37:42 GMT,12/20/2025 13:40:41 GMT,2025-12-08T17:37:42.000Z,2025-12-20T13:40:41.000Z,Yes Both Teams To Score Newcastle v Chelsea,,Soccer,English Premier League
O/0003172/0003800,Fanduel Sportsbook,straight,SETTLED_WIN,1.6493506493506493,1.7246376811594204,-0.0437,15,9.74,12/19/2025 12:44:22 GMT,12/20/2025 05:23:46 GMT,2025-12-19T12:44:22.000Z,2025-12-20T05:23:46.000Z,Donte DiVincenzo To Record 4+ Rebounds Oklahoma City Thunder @ Minnesota Timberwolves,,Basketball,NBA
O/0003172/0003801,Fanduel Sportsbook,straight,SETTLED_WIN,1.8695652173913042,1.6993006993006992,0.1002,18,15.65,12/19/2025 12:44:35 GMT,12/20/2025 05:23:46 GMT,2025-12-19T12:44:35.000Z,2025-12-20T05:23:46.000Z,Naz Reid To Record 6+ Rebounds Oklahoma City Thunder @ Minnesota Timberwolves,,Basketball,NBA
O/0003172/0003799,Fanduel Sportsbook,straight,SETTLED_WIN,1.7751937984496124,1.7246376811594204,0.0293,10,7.80,12/19/2025 12:44:14 GMT,12/20/2025 05:23:44 GMT,2025-12-19T12:44:14.000Z,2025-12-20T05:23:44.000Z,Donte DiVincenzo To Record 4+ Rebounds Oklahoma City Thunder @ Minnesota Timberwolves,,Basketball,NBA
O/0003172/0003795,Fanduel Sportsbook,straight,SETTLED_WIN,1.9090909090909092,1.7092198581560285,0.1169,20,18.18,12/19/2025 12:29:41 GMT,12/20/2025 05:18:04 GMT,2025-12-19T12:29:41.000Z,2025-12-20T05:18:04.000Z,Minnesota Timberwolves 8.0 Spread Betting Oklahoma City Thunder @ Minnesota Timberwolves,,Basketball,NBA
O/0003172/0003796,Fanduel Sportsbook,straight,SETTLED_WIN,2.08,2.1799999999999997,-0.0459,10,10.80,12/19/2025 12:37:16 GMT,12/20/2025 03:57:07 GMT,2025-12-19T12:37:16.000Z,2025-12-20T03:57:07.000Z,Belmont Moneyline Belmont @ UC Irvine,,Basketball,NCAAM
20CM96JSHB,BetMGM,straight,SETTLED_LOSS,5,5.3,-0.0566,5,-5.00,12/19/2025 13:58:04 GMT,12/20/2025 03:40:00 GMT,2025-12-19T13:58:04.113Z,2025-12-20T03:40:00.000Z,Yes Will Josh Giddey (CHI) record a triple-double in the game? (incl. overtime) Chicago Bulls at Cleveland Cavaliers,,Basketball,NBA
PlacedBet:wTw29N72ZxU6O9AyCOg4Dl1iAKw=,theScore Bet,straight,SETTLED_LOSS,1.4761904761904763,1.5882352941176472,-0.0705,20,-20.00,12/19/2025 12:38:27 GMT,12/20/2025 03:32:04 GMT,2025-12-19T12:38:27.622Z,2025-12-20T03:32:04.943Z,Wisconsin Moneyline Villanova Wildcats @ Wisconsin Badgers,,Basketball,NCAAM
PlacedBet:N/3iJ54zbTAarvWbQN2SsSUYf9c=,theScore Bet,straight,SETTLED_LOSS,1.4761904761904763,1.5882352941176472,-0.0705,2,-2.00,12/19/2025 12:38:11 GMT,12/20/2025 03:32:04 GMT,2025-12-19T12:38:11.581Z,2025-12-20T03:32:04.886Z,Wisconsin Moneyline Villanova Wildcats @ Wisconsin Badgers,,Basketball,NCAAM
25507723000089905,Fanatics,parlay,SETTLED_LOSS,11.66,,,10,-10.00,12/19/2025 14:03:44 GMT,12/20/2025 03:00:37 GMT,2025-12-19T14:03:44.601Z,2025-12-20T03:00:37.210Z,18+ Karl-Anthony Towns - Points Philadelphia 76ers at New York Knicks | 9+ Karl-Anthony Towns - Rebounds Philadelphia 76ers at New York Knicks | 14+ Bam Adebayo - Points Miami Heat at Boston Celtics | 10+ Bam Adebayo - Rebounds Miami Heat at Boston Celtics | Josh Giddey To Record a Double Double Chicago Bulls at Cleveland Cavaliers | Jalen Johnson To Record a Double Double San Antonio Spurs at Atlanta Hawks,,Basketball,NBA
O/0003172/0003798,Fanduel Sportsbook,straight,SETTLED_WIN,1.72992700729927,1.7692307692307692,-0.0222,15,10.95,12/19/2025 12:38:47 GMT,12/20/2025 02:52:55 GMT,2025-12-19T12:38:47.000Z,2025-12-20T02:52:55.000Z,Tulsa Moneyline Tulsa @ Western Kentucky,,Basketball,NCAAM
O/0003172/0003803,Fanduel Sportsbook,straight,SETTLED_WIN,1.819672131147541,1.8771929824561404,-0.0306,15,12.30,12/19/2025 12:45:21 GMT,12/20/2025 02:45:15 GMT,2025-12-19T12:45:21.000Z,2025-12-20T02:45:15.000Z,Karl-Anthony Towns Over 10.5 Karl-Anthony Towns - Rebounds Philadelphia 76ers @ New York Knicks,,Basketball,NBA
O/0003172/0003802,Fanduel Sportsbook,straight,SETTLED_LOSS,2.1799999999999997,1.99009900990099,0.0954,17,-17.00,12/19/2025 12:45:09 GMT,12/20/2025 02:45:15 GMT,2025-12-19T12:45:09.000Z,2025-12-20T02:45:15.000Z,Tyrese Maxey To Record 4+ Rebounds Philadelphia 76ers @ New York Knicks,,Basketball,NBA
25507625000039605,Fanatics,straight,SETTLED_LOSS,1.8333333333333335,,,30,-30.00,12/19/2025 12:25:45 GMT,12/20/2025 02:41:42 GMT,2025-12-19T12:25:45.886Z,2025-12-20T02:41:42.594Z,Under 241.0 Total Points Chicago Bulls at Cleveland Cavaliers,,Basketball,NBA
O/0003172/0003804,Fanduel Sportsbook,parlay,SETTLED_LOSS,11.91,,,5,-5.00,12/19/2025 13:59:01 GMT,12/20/2025 02:41:18 GMT,2025-12-19T13:59:01.000Z,2025-12-20T02:41:18.000Z,Karl-Anthony Towns To Record A Double Double Philadelphia 76ers @ New York Knicks | Dyson Daniels To Record A Double Double San Antonio Spurs @ Atlanta Hawks,,Basketball,NBA
O/0003172/0003805,Fanduel Sportsbook,straight,SETTLED_LOSS,7.5,,,5,-5.00,12/19/2025 13:59:10 GMT,12/20/2025 02:41:15 GMT,2025-12-19T13:59:10.000Z,2025-12-20T02:41:15.000Z,Dyson Daniels To Record A Double Double San Antonio Spurs @ Atlanta Hawks,,Basketball,NBA
20CM692107,BetMGM,straight,SETTLED_WIN,1.8695652173913042,,,35,30.43,12/19/2025 12:25:12 GMT,12/20/2025 02:39:34 GMT,2025-12-19T12:25:12.653Z,2025-12-20T02:39:34.943Z,Under 242.5 Totals San Antonio Spurs at Atlanta Hawks,,Basketball,NBA
O/0003172/0003806,Fanduel Sportsbook,straight,SETTLED_WIN,2.2,2.25,-0.0222,10,12.00,12/19/2025 14:00:41 GMT,12/20/2025 02:39:31 GMT,2025-12-19T14:00:41.000Z,2025-12-20T02:39:31.000Z,Bam Adebayo To Record A Double Double Miami Heat @ Boston Celtics,,Basketball,NBA
25507637000039605,Fanatics,straight,SETTLED_WIN,1.3636363636363638,1.4444444444444444,-0.0559,20,7.27,12/19/2025 12:37:48 GMT,12/20/2025 02:39:09 GMT,2025-12-19T12:37:48.079Z,2025-12-20T02:39:09.667Z,Norfolk State Money Line Norfolk State Spartans at Jackson State Tigers,,Basketball,NCAAM
20CM97M3ZR,BetMGM,straight,SETTLED_WIN,1.4545454545454546,,,30,13.64,12/19/2025 13:59:48 GMT,12/20/2025 02:38:46 GMT,2025-12-19T13:59:48.717Z,2025-12-20T02:38:46.138Z,Yes Will Jalen Johnson (Atl) record a double-double in the game? (incl. overtime) San Antonio Spurs at Atlanta Hawks,,Basketball,NBA
25507644000019505,Fanatics,straight,SETTLED_WIN,1.8695652173913042,1.7692307692307692,0.0567,16,13.91,12/19/2025 12:44:57 GMT,12/20/2025 01:54:31 GMT,2025-12-19T12:44:57.483Z,2025-12-20T01:54:31.447Z,3+ Zaccharie Risacher - Rebounds San Antonio Spurs at Atlanta Hawks,,Basketball,NBA
O/0003172/0003797,Fanduel Sportsbook,straight,SETTLED_WIN,2.34,2,0.1700,10,13.40,12/19/2025 12:38:36 GMT,12/20/2025 01:44:02 GMT,2025-12-19T12:38:36.000Z,2025-12-20T01:44:02.000Z,Seton Hall Moneyline Seton Hall @ Providence,,Basketball,NCAAM
019b37c4-91fb-7ac6-ad3a-4b2b00225b98,Novig,straight,SETTLED_WIN,1.912045889101338,1.7142857142857144,0.1154,24.9994,22.80,12/19/2025 17:59:51 GMT,12/20/2025 01:00:00 GMT,2025-12-19T17:59:51.196Z,2025-12-20T01:00:00.000Z,Over 40.5 Total Alabama @ Oklahoma,,American Football,NCAAFB
019b36e6-b373-7c4d-b7b6-86126550c939,Novig,straight,SETTLED_LOSS,1.6420361247947457,,,39.99912,-40.00,12/19/2025 13:57:32 GMT,12/20/2025 00:35:00 GMT,2025-12-19T13:57:32.297Z,2025-12-20T00:35:00.000Z,Over 0.5 Josh Giddey DOUBLE DOUBLE Chicago Bulls @ Cleveland Cavaliers,,Basketball,NBA
019b36e6-32a6-74c4-94be-2959b588076d,Novig,straight,SETTLED_WIN,1.529051987767584,1.5714285714285714,-0.0270,24.99588,13.22,12/19/2025 13:57:01 GMT,12/20/2025 00:05:00 GMT,2025-12-19T13:57:01.135Z,2025-12-20T00:05:00.000Z,Over 0.5 Karl-Anthony Towns DOUBLE DOUBLE Philadelphia 76ers @ New York Knicks,,Basketball,NBA
019b36a4-c98a-7693-b6b6-fecc6a3c3b9f,Novig,straight,SETTLED_WIN,1.7301038062283736,1.78125,-0.0287,14.9991,10.95,12/19/2025 12:45:34 GMT,12/20/2025 00:05:00 GMT,2025-12-19T12:45:34.602Z,2025-12-20T00:05:00.000Z,Over 8.5 Bam Adebayo REBOUNDS Miami Heat @ Boston Celtics,,Basketball,NBA
019b3691-2455-7ed9-8662-4659d0a20025,Novig,straight,SETTLED_LOSS,1.5483880602905933,1.4608294930875576,0.0599,74.99412000000001,-74.99,12/19/2025 12:24:06 GMT,12/20/2025 00:05:00 GMT,2025-12-19T12:24:06.460Z,2025-12-20T00:05:00.000Z,home Moneyline Philadelphia 76ers @ New York Knicks,,Basketball,NBA
772c1230-dd04-11f0-9b9f-f9ae2641cfc0,Caesars Sportsbook,straight,SETTLED_WIN,1.91,1.8547008547008548,0.0298,15,13.64,12/19/2025 17:59:29 GMT,12/19/2025 22:58:42 GMT,2025-12-19T17:59:29.747Z,2025-12-19T22:58:42.001Z,Under 57.5 Total Points Memphis Tigers at NC State Wolfpack,,American Football,NCAAFB
25506348000059705,Fanatics,straight,SETTLED_VOID,2.75,,,6,0.00,12/18/2025 15:08:50 GMT,12/19/2025 20:07:57 GMT,2025-12-18T15:08:50.336Z,2025-12-19T20:07:57.112Z,Rashee Rice Anytime Touchdown Scorer Kansas City Chiefs at Tennessee Titans,,American Football,NFL
019b37c8-ee6b-734a-8ef4-d15a29c3a252,Novig,straight,SETTLED_LOSS,2.4752475247524752,2.45,0.0103,14.99648,-15.00,12/19/2025 18:04:40 GMT,12/19/2025 19:30:00 GMT,2025-12-19T18:04:40.970Z,2025-12-19T19:30:00.000Z,away Tigers Moneyline Memphis @ North Carolina State,,American Football,NCAAFB
019b369d-63ec-7719-bc24-0e7a8658fa47,Novig,straight,SETTLED_WIN,1.9801980198019802,2.1502592,-0.0791,9.999,9.80,12/19/2025 12:37:28 GMT,12/19/2025 16:00:00 GMT,2025-12-19T12:37:28.638Z,2025-12-19T16:00:00.000Z,home Pioneers Moneyline Dartmouth @ Sacred Heart,,Basketball,NCAAM
O/0003172/0003789,Fanduel Sportsbook,straight,SETTLED_WIN,1.8928571428571428,1.8928571428571428,,57,50.89,12/18/2025 14:13:00 GMT,12/19/2025 06:06:26 GMT,2025-12-18T14:13:00.000Z,2025-12-19T06:06:26.000Z,Sacramento Kings 9.0 Spread Betting Sacramento Kings @ Portland Trail Blazers,,Basketball,NBA
639016648276202585,Draftkings Sportsbook,parlay,SETTLED_WIN,5.2,4.76416634738586,0.0915,10,42.00,12/18/2025 14:27:09 GMT,12/19/2025 06:00:00 GMT,2025-12-18T14:27:09.190Z,2025-12-19T06:00:00.000Z,OKC Thunder Moneyline LA Clippers @ OKC Thunder | LA Lakers Moneyline LA Lakers @ UTA Jazz | TOR Raptors Moneyline TOR Raptors @ MIL Bucks | SA Spurs Moneyline WAS Wizards @ SA Spurs | POR Trail Blazers Moneyline SAC Kings @ POR Trail Blazers | Bradley Moneyline Bradley @ Indiana State,,Basketball,NBA | NCAAM
O/0003172/0003790,Fanduel Sportsbook,parlay,SETTLED_CASH_OUT,9.12,8.268183421516753,0.1030,5,31.38,12/18/2025 14:26:18 GMT,12/19/2025 05:04:37 GMT,2025-12-18T14:26:18.000Z,2025-12-19T05:04:37.000Z,Temple Moneyline Temple @ Davidson | Oklahoma City Thunder Moneyline Los Angeles Clippers @ Oklahoma City Thunder | Toronto Raptors Moneyline Toronto Raptors @ Milwaukee Bucks | San Antonio Spurs Moneyline Washington Wizards @ San Antonio Spurs | Los Angeles Lakers Moneyline Los Angeles Lakers @ Utah Jazz | Portland Trail Blazers Moneyline Sacramento Kings @ Portland Trail Blazers,,Basketball,NCAAM | NBA
639015813439465925,Draftkings Sportsbook,straight,SETTLED_WIN,1.847457627118644,1.900900900900901,-0.0281,12,10.16,12/17/2025 15:15:43 GMT,12/19/2025 04:32:48 GMT,2025-12-17T15:15:43.470Z,2025-12-19T04:32:48.652Z,Under 22.5 Desmond Bane Points O/U ORL Magic @ DEN Nuggets,,Basketball,NBA
O/0003172/0003786,Fanduel Sportsbook,straight,SETTLED_WIN,1.9090909090909092,2.3,-0.1700,12,10.91,12/17/2025 15:15:53 GMT,12/19/2025 04:32:25 GMT,2025-12-17T15:15:53.000Z,2025-12-19T04:32:25.000Z,Jamal Murray Under 3.5 Jamal Murray - Rebounds Orlando Magic @ Denver Nuggets,,Basketball,NBA
PlacedBet:taDE2ofCdYxEIP0Yfjbrlp4dMms=,theScore Bet,straight,SETTLED_LOSS,1.8695652173913044,1.9433962264150944,-0.0380,35,-35.00,12/18/2025 14:12:09 GMT,12/19/2025 04:30:52 GMT,2025-12-18T14:12:09.568Z,2025-12-19T04:30:52.521Z,Under 237.5 Total Points Orlando Magic @ Denver Nuggets,,Basketball,NBA
25504915000019505,Fanatics,straight,SETTLED_LOSS,1.7692307692307692,1.6896551724137931,0.0471,12,-12.00,12/17/2025 15:15:37 GMT,12/19/2025 03:58:14 GMT,2025-12-17T15:15:37.001Z,2025-12-19T03:58:14.514Z,7+ Amen Thompson - Rebounds Houston Rockets at New Orleans Pelicans,,Basketball,NBA
25506290000049905,Fanatics,straight,SETTLED_WIN,1.8,1.8981328828828827,-0.0517,20,16.00,12/18/2025 14:10:50 GMT,12/19/2025 03:51:05 GMT,2025-12-18T14:10:50.148Z,2025-12-19T03:51:05.337Z,New Orleans Pelicans +10.0 Spread Houston Rockets at New Orleans Pelicans,,Basketball,NBA
PlacedBet:mUdKV1VvUNM6NmZzEYJEZ3chtm4=,theScore Bet,parlay,SETTLED_LOSS,7.096,6.1661077535377355,0.1508,15,-15.00,12/18/2025 14:19:29 GMT,12/19/2025 03:31:46 GMT,2025-12-18T14:19:29.951Z,2025-12-19T03:31:46.265Z,WSH Wizards +15.5 Game Spread Washington Wizards @ San Antonio Spurs | OKC Thunder -15.5 Game Spread Los Angeles Clippers @ Oklahoma City Thunder | ORL Magic +7.5 Game Spread Orlando Magic @ Denver Nuggets,,Basketball,NBA
O/0003172/0003788,Fanduel Sportsbook,straight,SETTLED_WIN,1.9090909090909092,1.7575757575757576,0.0862,36,32.73,12/18/2025 14:09:07 GMT,12/19/2025 03:25:33 GMT,2025-12-18T14:09:07.000Z,2025-12-19T03:25:33.000Z,Over 220.5 Total Points Los Angeles Clippers @ Oklahoma City Thunder,,Basketball,NBA
019b31ce-b50e-7d98-b54f-d9c3c4f28431,Novig,straight,SETTLED_LOSS,1.9607843137254903,1.9803921568627452,-0.0099,34.9962,-35.00,12/18/2025 14:13:13 GMT,12/19/2025 03:05:00 GMT,2025-12-18T14:13:13.337Z,2025-12-19T03:05:00.000Z,Under 238.5 Total Sacramento Kings @ Portland Trail Blazers,,Basketball,NBA
639016671812147746,Draftkings Sportsbook,straight,SETTLED_WIN,3.34,2.95,0.1322,5,11.70,12/18/2025 15:06:19 GMT,12/19/2025 02:56:56 GMT,2025-12-18T15:06:19.939Z,2025-12-19T02:56:56.195Z,Kenneth Walker III Anytime TD Scorer LA Rams @ SEA Seahawks,,American Football,NFL
25506288000029605,Fanatics,straight,SETTLED_LOSS,1.8,2.1144236000000003,-0.1487,50,-50.00,12/18/2025 14:08:18 GMT,12/19/2025 02:54:45 GMT,2025-12-18T14:08:18.623Z,2025-12-19T02:54:45.965Z,Brooklyn Nets +7.0 Spread Miami Heat at Brooklyn Nets,,Basketball,NBA
639016648409310112,Draftkings Sportsbook,straight,SETTLED_WIN,1.5555555555555556,1.4608294930875576,0.0648,10,5.55,12/18/2025 14:27:19 GMT,12/19/2025 02:53:43 GMT,2025-12-18T14:27:19.584Z,2025-12-19T02:53:43.714Z,Bradley Moneyline Bradley @ Indiana State,,Basketball,NCAAM
25506282000029405,Fanatics,straight,SETTLED_WIN,1.9090909090909092,1.7407407407407407,0.0967,47,42.73,12/18/2025 14:02:48 GMT,12/19/2025 02:31:31 GMT,2025-12-18T14:02:48.264Z,2025-12-19T02:31:31.450Z,Indiana Pacers +5.0 Spread New York Knicks at Indiana Pacers,,Basketball,NBA
O/0003172/0003787,Fanduel Sportsbook,straight,SETTLED_LOSS,1.8771929824561404,2.0068387999999997,-0.0646,55,-55.00,12/18/2025 14:01:40 GMT,12/19/2025 02:23:33 GMT,2025-12-18T14:01:40.000Z,2025-12-19T02:23:33.000Z,Under 239.5 Total Points Atlanta Hawks @ Charlotte Hornets,,Basketball,NBA
O/0003172/0003791,Fanduel Sportsbook,straight,SETTLED_WIN,3.1,2.92,0.0616,5,10.50,12/18/2025 14:26:27 GMT,12/19/2025 02:14:04 GMT,2025-12-18T14:26:27.000Z,2025-12-19T02:14:04.000Z,Temple Moneyline Temple @ Davidson,,Basketball,NCAAM
25506306000039505,Fanatics,straight,SETTLED_WIN,1.2857142857142856,1.3125,-0.0204,30,8.57,12/18/2025 14:26:48 GMT,12/19/2025 02:07:13 GMT,2025-12-18T14:26:48.198Z,2025-12-19T02:07:13.524Z,William & Mary Tribe Money Line Radford Highlanders at William & Mary Tribe,,Basketball,NCAAM
25506308000019705,Fanatics,parlay,SETTLED_LOSS,4.96,4.18890512589928,0.1841,10,-10.00,12/18/2025 14:28:06 GMT,12/19/2025 02:07:13 GMT,2025-12-18T14:28:06.052Z,2025-12-19T02:07:13.452Z,SIU Edwardsville Money Line SIU Edwardsville Cougars at Eastern Illinois Panthers | Bradley Money Line Bradley Braves at Indiana State Sycamores | William & Mary Tribe Money Line Radford Highlanders at William & Mary Tribe | SE Missouri Money Line Southeast Missouri State Redhawks at Tennessee Tech Golden Eagles,,Basketball,NCAAM
019b31d9-f948-7f0d-8c8a-3ca8fb2fbf01,Novig,straight,SETTLED_LOSS,1.7152658662092624,1.6666666666666665,0.0292,9.99845,-10.00,12/18/2025 14:25:29 GMT,12/19/2025 02:05:00 GMT,2025-12-18T14:25:29.786Z,2025-12-19T02:05:00.000Z,away Redhawks Moneyline Southeast Missouri State @ Tennessee Tech,,Basketball,NCAAM
019b31cd-5370-745b-aa99-17317f53ecd5,Novig,straight,SETTLED_LOSS,1.8450184501845017,1.8064516129032258,0.0213,53.99946,-54.00,12/18/2025 14:11:44 GMT,12/19/2025 02:05:00 GMT,2025-12-18T14:11:44.650Z,2025-12-19T02:05:00.000Z,away +7.5 Spread Orlando Magic @ Denver Nuggets,,Basketball,NBA
019b31cd-f91c-7b77-af0e-bba81253fa85,Novig,straight,SETTLED_LOSS,1.912045889101338,1.78125,0.0734,24.9994,-25.00,12/18/2025 14:12:25 GMT,12/19/2025 02:05:00 GMT,2025-12-18T14:12:25.215Z,2025-12-19T02:05:00.000Z,Under 244.5 Total Los Angeles Lakers @ Utah Jazz,,Basketball,NBA
7426d670-dc1d-11f0-b70b-65b83090a04c,Caesars Sportsbook,straight,SETTLED_LOSS,1.35971,1.3791300153226265,-0.0141,20,-20.00,12/18/2025 14:25:50 GMT,12/19/2025 02:02:02 GMT,2025-12-18T14:25:50.935Z,2025-12-19T02:02:02.851Z,SIU Edwardsville Cougars Money Line SIU Edwardsville Cougars at Eastern Illinois Panthers,,Basketball,NCAAM
019b31cc-e756-7045-bbec-842cfbe81699,Novig,straight,SETTLED_WIN,1.9305019305019304,1.8547008547008548,0.0409,19.99998,18.61,12/18/2025 14:11:14 GMT,12/19/2025 01:35:00 GMT,2025-12-18T14:11:14.975Z,2025-12-19T01:35:00.000Z,home +6.5 Spread Detroit Pistons @ Dallas Mavericks,,Basketball,NBA
019b31d9-ce1c-740d-a52a-873323dcb450,Novig,straight,SETTLED_WIN,2.298850574712644,1.7142857142857144,0.3410,9.9963,12.98,12/18/2025 14:25:21 GMT,12/19/2025 01:30:00 GMT,2025-12-18T14:25:21.433Z,2025-12-19T01:30:00.000Z,away Trojans Moneyline Little Rock @ Southern Indiana,,Basketball,NCAAM
019b3202-e118-7968-84f6-7d8f18f71995,Novig,straight,SETTLED_WIN,4.0983606557377055,4.2,-0.0242,5.99996,18.59,12/18/2025 15:10:13 GMT,12/19/2025 01:15:00 GMT,2025-12-18T15:10:13.045Z,2025-12-19T01:15:00.000Z,Over 0.5 Blake Corum TOUCHDOWNS Los Angeles Rams @ Seattle Seahawks,,American Football,NFL
019b31cb-7ea1-71f9-b030-61f4bb1e2782,Novig,straight,SETTLED_LOSS,1.912045889101338,1.9523809523809523,-0.0207,49.9988,-50.00,12/18/2025 14:09:45 GMT,12/19/2025 01:05:00 GMT,2025-12-18T14:09:45.971Z,2025-12-19T01:05:00.000Z,away +15.5 Spread Washington Wizards @ San Antonio Spurs,,Basketball,NBA
019b31ca-9cc2-7006-abba-0f53bd0eb21d,Novig,straight,SETTLED_WIN,1.7691402629016033,1.8,-0.0171,74.99688,57.68,12/18/2025 14:08:45 GMT,12/19/2025 01:05:00 GMT,2025-12-18T14:08:45.380Z,2025-12-19T01:05:00.000Z,home -15.5 Spread Los Angeles Clippers @ Oklahoma City Thunder,,Basketball,NBA
019b31cc-04f8-73af-a75f-18d64648de3d,Novig,straight,SETTLED_LOSS,1.9047619047619049,2.02,-0.0570,34.9965,-35.00,12/18/2025 14:10:17 GMT,12/19/2025 01:05:00 GMT,2025-12-18T14:10:17.069Z,2025-12-19T01:05:00.000Z,Over 219.5 Total Toronto Raptors @ Milwaukee Bucks,,Basketball,NBA
019b31cb-c3ee-7b1c-bba7-9af81d86f8c1,Novig,straight,SETTLED_WIN,1.9120458891013383,1.9090909090909092,0.0015,34.99916,31.92,12/18/2025 14:10:01 GMT,12/19/2025 01:05:00 GMT,2025-12-18T14:10:01.269Z,2025-12-19T01:05:00.000Z,Under 241.5 Total Washington Wizards @ San Antonio Spurs,,Basketball,NBA
019b31cc-38a8-7885-b7ac-dcc86c722e77,Novig,straight,SETTLED_LOSS,1.9047619047619049,1.9996041504950495,-0.0474,34.9965,-35.00,12/18/2025 14:10:31 GMT,12/19/2025 01:05:00 GMT,2025-12-18T14:10:31.232Z,2025-12-19T01:05:00.000Z,Under 235.5 Total Houston Rockets @ New Orleans Pelicans,,Basketball,NBA
019b31c3-2894-7866-abb8-d5b579c245c6,Novig,straight,SETTLED_WIN,1.949317738791423,1.78125,0.0944,64.9971,61.70,12/18/2025 14:00:39 GMT,12/19/2025 00:05:00 GMT,2025-12-18T14:00:39.710Z,2025-12-19T00:05:00.000Z,home +5.5 Spread Atlanta Hawks @ Charlotte Hornets,,Basketball,NBA
019b31c3-62f2-7372-9342-f346a10c8511,Novig,straight,SETTLED_WIN,2.857142857142857,2.5854072,0.1051,14.9975,27.85,12/18/2025 14:00:51 GMT,12/19/2025 00:05:00 GMT,2025-12-18T14:00:51.502Z,2025-12-19T00:05:00.000Z,home Hornets Moneyline Atlanta Hawks @ Charlotte Hornets,,Basketball,NBA
019b31c5-6796-715e-9898-8886e4205254,Novig,straight,SETTLED_WIN,1.9493177387914231,1.7692307692307692,0.1018,53.99838,51.26,12/18/2025 14:03:05 GMT,12/19/2025 00:05:00 GMT,2025-12-18T14:03:05.558Z,2025-12-19T00:05:00.000Z,Over 224.5 Total New York Knicks @ Indiana Pacers,,Basketball,NBA
25504908000029805,Fanatics,straight,SETTLED_WIN,1.3333333333333333,1.4,-0.0476,30,10.00,12/17/2025 15:09:00 GMT,12/18/2025 04:13:53 GMT,2025-12-17T15:09:00.282Z,2025-12-18T04:13:53.458Z,Stephen F. Austin Money Line Texas A&M-Corpus Christi Islanders at SFA Lumberjacks,,Basketball,NCAAM
20CJG8Z8FZ,BetMGM,straight,SETTLED_WIN,1.8333333333333335,1.9433962264150944,-0.0566,12,10.00,12/17/2025 14:32:46 GMT,12/18/2025 04:10:00 GMT,2025-12-17T14:32:46.957Z,2025-12-18T04:10:00.000Z,Under 243.5 Totals Cleveland Cavaliers at Chicago Bulls,,Basketball,NBA
20CJFXHJBJ,BetMGM,straight,SETTLED_WIN,2.19,2.1234783999999998,0.0313,18,21.43,12/17/2025 14:21:42 GMT,12/18/2025 04:10:00 GMT,2025-12-17T14:21:42.893Z,2025-12-18T04:10:00.000Z,Chicago Bulls +4.5 Spread Cleveland Cavaliers at Chicago Bulls,,Basketball,NBA
20CJFXH11S,BetMGM,straight,SETTLED_WIN,2.13,2.0107048,0.0593,50,56.82,12/17/2025 14:21:12 GMT,12/18/2025 04:10:00 GMT,2025-12-17T14:21:12.590Z,2025-12-18T04:10:00.000Z,Under 242.5 Totals Cleveland Cavaliers at Chicago Bulls,,Basketball,NBA
20CJFXH96G,BetMGM,straight,SETTLED_WIN,1.9523809523809523,2.1234783999999998,-0.0806,6.25,5.95,12/17/2025 14:21:27 GMT,12/18/2025 04:10:00 GMT,2025-12-17T14:21:27.480Z,2025-12-18T04:10:00.000Z,Chicago Bulls +4.5 Spread Cleveland Cavaliers at Chicago Bulls,,Basketball,NBA
639015812087323248,Draftkings Sportsbook,parlay,SETTLED_LOSS,8.2,,,7,-7.00,12/17/2025 15:13:29 GMT,12/18/2025 04:00:00 GMT,2025-12-17T15:13:29.152Z,2025-12-18T04:00:00.000Z,Over 4.5 Matas Buzelis Rebounds O/U CLE Cavaliers @ CHI Bulls | Under 6.5 Santi Aldama Rebounds O/U MEM Grizzlies @ MIN Timberwolves | Under 1.5 Terrence Shannon Jr. Rebounds O/U MEM Grizzlies @ MIN Timberwolves,,Basketball,NBA
639015812618314331,Draftkings Sportsbook,straight,SETTLED_WIN,2.2800000000000002,2.2,0.0364,12,15.36,12/17/2025 15:14:21 GMT,12/18/2025 04:00:00 GMT,2025-12-17T15:14:21.473Z,2025-12-18T04:00:00.000Z,Under 1.5 Terrence Shannon Jr. Rebounds O/U MEM Grizzlies @ MIN Timberwolves,,Basketball,NBA
O/0003172/0003785,Fanduel Sportsbook,straight,SETTLED_LOSS,1.7352941176470589,1.8,-0.0359,12,-12.00,12/17/2025 15:14:14 GMT,12/18/2025 03:22:50 GMT,2025-12-17T15:14:14.000Z,2025-12-18T03:22:50.000Z,Matas Buzelis Over 4.5 Matas Buzelis - Rebounds Cleveland Cavaliers @ Chicago Bulls,,Basketball,NBA
PlacedBet:OH2TcbXs/1oJKnMVVVS3rA1Q25k=,theScore Bet,straight,SETTLED_LOSS,2,1.6993006993006992,0.1770,12,-12.00,12/17/2025 14:31:38 GMT,12/18/2025 03:03:07 GMT,2025-12-17T14:31:38.313Z,2025-12-18T03:03:07.669Z,James Madison Moneyline James Madison Dukes @ Old Dominion Monarchs,,Basketball,NCAAM
PlacedBet:meGHvkmzOZ5DpCb/qLnbN3+BKYY=,theScore Bet,straight,SETTLED_LOSS,2.15,2.304652,-0.0671,12,-12.00,12/17/2025 14:27:32 GMT,12/18/2025 02:27:36 GMT,2025-12-17T14:27:32.583Z,2025-12-18T02:27:36.672Z,Youngstown St. Moneyline Youngstown State Penguins @ Robert Morris Colonials,,Basketball,NCAAM
PlacedBet:mxFc4Gs2EG+Yc0ozI3iaxiEL0k0=,theScore Bet,straight,SETTLED_LOSS,2.65,2.6,0.0192,12,-12.00,12/17/2025 15:08:40 GMT,12/18/2025 02:25:01 GMT,2025-12-17T15:08:40.095Z,2025-12-18T02:25:01.101Z,Houston Christian Moneyline Houston Christian Huskies @ Nicholls State Colonels,,Basketball,NCAAM
PlacedBet:dLCjEWMbXJfd1BtRVAoyhGkXILs=,theScore Bet,straight,SETTLED_LOSS,2.05,2.35,-0.1277,12,-12.00,12/17/2025 14:28:44 GMT,12/18/2025 02:07:58 GMT,2025-12-17T14:28:44.449Z,2025-12-18T02:07:58.269Z,Siena Moneyline Siena Saints @ Vermont Catamounts,,Basketball,NCAAM
25504906000049705,Fanatics,straight,SETTLED_LOSS,1.625,2.02,-0.1955,20,-20.00,12/17/2025 15:06:51 GMT,12/18/2025 02:06:22 GMT,2025-12-17T15:06:51.600Z,2025-12-18T02:06:22.453Z,Jacksonville Money Line Jacksonville Dolphins at Florida A&M Rattlers,,Basketball,NCAAM
019b2cb9-6d96-784c-b1ee-6e7e0ff7b4a0,Novig,straight,SETTLED_WIN,1.6920473773265654,1.7407407407407407,-0.0280,11.9973,8.30,12/17/2025 14:31:56 GMT,12/18/2025 02:00:00 GMT,2025-12-17T14:31:56.851Z,2025-12-18T02:00:00.000Z,Seattle U Moneyline Seattle U @ UC Davis,,Basketball,NCAAM
019b2cd8-c960-74f1-9218-102fd041b08b,Novig,straight,SETTLED_WIN,1.6286644951140063,1.526315789473684,0.0671,17.99634,11.31,12/17/2025 15:06:15 GMT,12/18/2025 01:30:00 GMT,2025-12-17T15:06:15.155Z,2025-12-18T01:30:00.000Z,away Red Wolves Moneyline Arkansas State @ Texas State,,Basketball,NCAAM
639015809816518258,Draftkings Sportsbook,parlay,SETTLED_LOSS,11.61,10.890769701221377,0.0660,5,-5.00,12/17/2025 15:09:40 GMT,12/18/2025 01:24:40 GMT,2025-12-17T15:09:40.225Z,2025-12-18T01:24:40.284Z,Xavier Moneyline Creighton @ Xavier | Arkansas State Moneyline Arkansas State @ Texas State | Seattle Moneyline Seattle @ UC Davis | Stephen F. Austin Moneyline A&M-Corpus Christi @ Stephen F. Austin | Jacksonville Moneyline Jacksonville @ Florida A&M,,Basketball,NCAAM
639015788074701239,Draftkings Sportsbook,straight,SETTLED_LOSS,1.617283950617284,1.625,-0.0047,12,-12.00,12/17/2025 14:33:28 GMT,12/18/2025 01:24:38 GMT,2025-12-17T14:33:28.355Z,2025-12-18T01:24:38.965Z,Xavier Moneyline Creighton @ Xavier,,Basketball,NCAAM
019b2ce1-230a-7996-ab9d-4ecc8fc1c122,Novig,straight,SETTLED_WIN,2,1.819672131147541,0.0991,12,12.00,12/17/2025 15:15:14 GMT,12/18/2025 01:05:00 GMT,2025-12-17T15:15:14.912Z,2025-12-18T01:05:00.000Z,Over 9.5 Kevin Huerter POINTS Cleveland Cavaliers @ Chicago Bulls,,Basketball,NBA
019b2ce0-740a-714d-91a9-fe4a6f3230a3,Novig,straight,SETTLED_LOSS,2.252252252252252,1.9433962264150944,0.1589,11.99688,-12.00,12/17/2025 15:14:28 GMT,12/18/2025 01:05:00 GMT,2025-12-17T15:14:28.586Z,2025-12-18T01:05:00.000Z,Under 6.5 Santi Aldama REBOUNDS Memphis Grizzlies @ Minnesota Timberwolves,,Basketball,NBA
019b2cdb-4648-7079-987b-0d35d249c9d6,Novig,straight,SETTLED_LOSS,2.5188916876574305,2.5067215999999997,0.0049,11.99734,-12.00,12/17/2025 15:08:50 GMT,12/18/2025 00:30:00 GMT,2025-12-17T15:08:50.223Z,2025-12-18T00:30:00.000Z,away Owls Moneyline Kennesaw State @ Middle Tennessee,,Basketball,NCAAM
019b2cd9-9f35-7614-ae8d-40c100bbcb42,Novig,straight,SETTLED_LOSS,1.4705882352941175,1.3333333333333333,0.1029,34.9996,-35.00,12/17/2025 15:07:01 GMT,12/18/2025 00:00:00 GMT,2025-12-17T15:07:01.599Z,2025-12-18T00:00:00.000Z,away Gauchos Moneyline UC Santa Barbara @ Green Bay,,Basketball,NCAAM
25503501000019405,Fanatics,straight,SETTLED_WIN,1.625,1.6896551724137931,-0.0383,20,12.50,12/16/2025 15:41:55 GMT,12/17/2025 05:08:47 GMT,2025-12-16T15:41:55.837Z,2025-12-17T05:08:47.477Z,Montana State Money Line Montana State Bobcats at Cal Poly Mustangs,,Basketball,NCAAM
25502116000019805,Fanatics,straight,SETTLED_LOSS,1.8695652173913042,3.31,-0.4352,10,-10.00,12/15/2025 16:36:50 GMT,12/17/2025 04:15:18 GMT,2025-12-15T16:36:50.979Z,2025-12-17T04:15:18.468Z,11+ Victor Wembanyama - Rebounds San Antonio Spurs at New York Knicks,,Basketball,NBA
O/0003172/0003784,Fanduel Sportsbook,straight,SETTLED_WIN,1.5,1.4587155963302751,0.0283,28,14.00,12/16/2025 15:35:17 GMT,12/17/2025 03:56:53 GMT,2025-12-16T15:35:17.000Z,2025-12-17T03:56:53.000Z,Karl-Anthony Towns To Record A Double Double San Antonio Spurs @ New York Knicks,,Basketball,NBA
O/0003172/0003783,Fanduel Sportsbook,straight,SETTLED_WIN,1.7462686567164178,1.4587155963302751,0.1971,10,7.50,12/16/2025 15:35:10 GMT,12/17/2025 03:56:53 GMT,2025-12-16T15:35:10.000Z,2025-12-17T03:56:53.000Z,Karl-Anthony Towns To Record A Double Double San Antonio Spurs @ New York Knicks,,Basketball,NBA
639014134378109392,Draftkings Sportsbook,straight,SETTLED_WIN,2.1,1.9174311926605505,0.0952,10,11.00,12/15/2025 16:37:17 GMT,12/17/2025 03:33:36 GMT,2025-12-15T16:37:17.925Z,2025-12-17T03:33:36.573Z,Over 6.5 Mitchell Robinson Rebounds O/U SA Spurs @ NY Knicks,,Basketball,NBA
25502103000039705,Fanatics,straight,SETTLED_LOSS,1.8695652173913042,2.6799999999999997,-0.3024,30,-30.00,12/15/2025 16:23:36 GMT,12/17/2025 02:22:08 GMT,2025-12-15T16:23:36.222Z,2025-12-17T02:22:08.906Z,Louisville Money Line Louisville Cardinals at Tennessee Volunteers,,Basketball,NCAAM
019b27ca-420e-72f3-9044-27ed19fc854e,Novig,straight,SETTLED_WIN,1.769911504424779,,,74.9981,57.74,12/16/2025 15:32:09 GMT,12/17/2025 01:35:00 GMT,2025-12-16T15:32:09.615Z,2025-12-17T01:35:00.000Z,home Moneyline San Antonio Spurs @ New York Knicks,,Basketball,NBA
019b27d3-76f8-7998-a42b-269a19f6fb62,Novig,straight,SETTLED_WIN,1.3869625520110955,1.3424657534246576,0.0331,34.99734,13.54,12/16/2025 15:42:12 GMT,12/17/2025 00:30:00 GMT,2025-12-16T15:42:12.144Z,2025-12-17T00:30:00.000Z,home Yellow Jackets Moneyline Marist @ Georgia Tech,,Basketball,NCAAM
019b27d4-05b7-7c35-aca4-82e09c952aef,Novig,straight,SETTLED_WIN,1.3605442176870748,1.3773584905660377,-0.0122,34.99335,12.62,12/16/2025 15:42:47 GMT,12/17/2025 00:00:00 GMT,2025-12-16T15:42:47.999Z,2025-12-17T00:00:00.000Z,home Flyers Moneyline Florida State @ Dayton,,Basketball,NCAAM
019b27d3-e6a7-732e-992b-98a92b17fc0f,Novig,straight,SETTLED_LOSS,1.3551794502460688,1.3663003663003663,-0.0081,24.993000000000002,-24.99,12/16/2025 15:42:40 GMT,12/17/2025 00:00:00 GMT,2025-12-16T15:42:40.288Z,2025-12-17T00:00:00.000Z,home Spartans Moneyline North Carolina A&T @ UNC Greensboro,,Basketball,NCAAM
019b27d2-8dd3-731c-911a-68881c592c42,Novig,straight,SETTLED_WIN,2.51811919097504,2.6,-0.0315,14.99929,22.77,12/16/2025 15:41:15 GMT,12/17/2025 00:00:00 GMT,2025-12-16T15:41:15.825Z,2025-12-17T00:00:00.000Z,away Vaqueros Moneyline UT Rio Grande Valley @ Lamar,,Basketball,NCAAM
019b27d3-5854-7436-bcec-360a3e9a4d6f,Novig,straight,SETTLED_WIN,1.9801980198019804,1.9090909090909092,0.0372,24.9975,24.50,12/16/2025 15:42:03 GMT,12/17/2025 00:00:00 GMT,2025-12-16T15:42:03.475Z,2025-12-17T00:00:00.000Z,away RedHawks Moneyline Miami Ohio @ Wright State,,Basketball,NCAAM
019b27d3-c8de-77af-9373-0ed2aeb51fdc,Novig,straight,SETTLED_WIN,1.8796992481203008,1.8771929824561404,0.0013,24.99868,21.99,12/16/2025 15:42:32 GMT,12/16/2025 23:00:00 GMT,2025-12-16T15:42:32.203Z,2025-12-16T23:00:00.000Z,away Big Green Moneyline Dartmouth @ Holy Cross,,Basketball,NCAAM
PlacedBet:/GHh7zOmO0BMnm3yqd0PllclBxw=,theScore Bet,parlay,SETTLED_LOSS,6.18,5.6406936666322895,0.0956,12,-12.00,12/16/2025 15:43:35 GMT,12/16/2025 18:13:48 GMT,2025-12-16T15:43:35.557Z,2025-12-16T18:13:48.063Z,Drexel Moneyline Howard Bison @ Drexel Dragons | UNC Greensboro Moneyline North Carolina A&T Aggies @ UNC Greensboro Spartans | Dayton Moneyline Florida State Seminoles @ Dayton Flyers | Georgia Tech Moneyline Marist Red Foxes @ Georgia Tech Yellow Jackets | Montana State Moneyline Montana State Bobcats @ Cal Poly Mustangs,,Basketball,NCAAM
019b27d3-97aa-7e8f-ba8e-6e8463dd31db,Novig,straight,SETTLED_LOSS,1.4184397163120568,1.3875968992248062,0.0222,34.9962,-35.00,12/16/2025 15:42:20 GMT,12/16/2025 16:00:00 GMT,2025-12-16T15:42:20.944Z,2025-12-16T16:00:00.000Z,home Dragons Moneyline Howard @ Drexel,,Basketball,NCAAM
e06baa70-d9d1-11f0-86cb-c1583f225d9d,Caesars Sportsbook,straight,SETTLED_WIN,1.91,2.1163272,-0.0975,65,59.09,12/15/2025 16:19:48 GMT,12/16/2025 05:53:06 GMT,2025-12-15T16:19:48.503Z,2025-12-16T05:53:06.736Z,Memphis Grizzlies 4.5 Spread Memphis Grizzlies at Los Angeles Clippers,,Basketball,NBA
25502102000019405,Fanatics,parlay,SETTLED_LOSS,8.940000000000001,6.600641087906751,0.3544,10,-10.00,12/15/2025 16:22:08 GMT,12/16/2025 05:52:18 GMT,2025-12-15T16:22:08.326Z,2025-12-16T05:52:18.452Z,Toronto Raptors +6.5 Spread Toronto Raptors at Miami Heat | Dallas Mavericks Money Line Dallas Mavericks at Utah Jazz | Memphis Grizzlies +4.5 Spread Memphis Grizzlies at Los Angeles Clippers,,Basketball,NBA
PlacedBet:WF0OG+qEBl3cea/8n1Z4onCq3N0=,theScore Bet,straight,SETTLED_LOSS,1.9523809523809523,1.970873786407767,-0.0094,65,-65.00,12/15/2025 16:19:34 GMT,12/16/2025 05:29:41 GMT,2025-12-15T16:19:34.222Z,2025-12-16T05:29:41.407Z,Under 236.5 Total Points Houston Rockets @ Denver Nuggets,,Basketball,NBA
25502110000019905,Fanatics,straight,SETTLED_WIN,1.9090909090909092,2.05,-0.0687,20,18.18,12/15/2025 16:30:08 GMT,12/16/2025 04:44:11 GMT,2025-12-15T16:30:08.484Z,2025-12-16T04:44:11.690Z,3+ Reed Sheppard - Rebounds Houston Rockets at Denver Nuggets,,Basketball,NBA
O/0003172/0003781,Fanduel Sportsbook,straight,SETTLED_WIN,1.8771929824561404,1.8928571428571428,-0.0083,20,17.54,12/15/2025 16:30:00 GMT,12/16/2025 04:16:00 GMT,2025-12-15T16:30:00.000Z,2025-12-16T04:16:00.000Z,Josh Okogie Over 2.5 Josh Okogie - Rebounds Houston Rockets @ Denver Nuggets,,Basketball,NBA
25502109000099705,Fanatics,straight,SETTLED_WIN,2,1.9090909090909092,0.0476,20,20.00,12/15/2025 16:29:44 GMT,12/16/2025 03:39:24 GMT,2025-12-15T16:29:44.955Z,2025-12-16T03:39:24.774Z,7+ Amen Thompson - Rebounds Houston Rockets at Denver Nuggets,,Basketball,NBA
019b22d9-23a2-70c3-8ce4-f94f95559dbf,Novig,straight,SETTLED_WIN,2.2675736961451247,2.3,-0.0141,14.99841,19.01,12/15/2025 16:30:23 GMT,12/16/2025 03:35:00 GMT,2025-12-15T16:30:23.182Z,2025-12-16T03:35:00.000Z,Under 4.5 James Harden REBOUNDS Memphis Grizzlies @ Los Angeles Clippers,,Basketball,NBA
PlacedBet:7te3Dg4myA5kFYP0qyy2BsJxkNw=,theScore Bet,straight,SETTLED_LOSS,2.25,2.3,-0.0217,15,-15.00,12/15/2025 16:30:44 GMT,12/16/2025 02:59:11 GMT,2025-12-15T16:30:44.722Z,2025-12-16T02:59:11.920Z,Under 3.5 Immanuel Quickley Total Rebounds Toronto Raptors @ Miami Heat,,Basketball,NBA
O/0003172/0003780,Fanduel Sportsbook,straight,SETTLED_WIN,1.8620689655172413,1.7142857142857144,0.0862,65,56.03,12/15/2025 16:17:56 GMT,12/16/2025 02:57:17 GMT,2025-12-15T16:17:56.000Z,2025-12-16T02:57:17.000Z,Toronto Raptors +6.5 Alternate Spread Toronto Raptors @ Miami Heat,,Basketball,NBA
639014124661672159,Draftkings Sportsbook,parlay,SETTLED_LOSS,6.98,5.991898460707533,0.1649,10,-10.00,12/15/2025 16:21:05 GMT,12/16/2025 02:55:39 GMT,2025-12-15T16:21:05.872Z,2025-12-16T02:55:39.683Z,BOS Celtics Moneyline DET Pistons @ BOS Celtics | DAL Mavericks Moneyline DAL Mavericks @ UTA Jazz | TOR Raptors +6.5 Spread Alternate TOR Raptors @ MIA Heat,,Basketball,NBA
639014123204323431,Draftkings Sportsbook,straight,SETTLED_WIN,1.6993006993006992,1.62111801242236,0.0482,50,34.96,12/15/2025 16:18:41 GMT,12/16/2025 02:55:38 GMT,2025-12-15T16:18:41.977Z,2025-12-16T02:55:38.665Z,Under 238.5 Total Alternate TOR Raptors @ MIA Heat,,Basketball,NBA
639014124848574961,Draftkings Sportsbook,straight,SETTLED_LOSS,2,1.9433962264150944,0.0291,15,-15.00,12/15/2025 16:21:25 GMT,12/16/2025 02:45:54 GMT,2025-12-15T16:21:25.374Z,2025-12-16T02:45:54.015Z,BOS Celtics Moneyline DET Pistons @ BOS Celtics,,Basketball,NBA
019b22de-e0a3-7370-95ad-acd19fa3e858,Novig,straight,SETTLED_LOSS,2.0618556701030926,1.8403361344537816,0.1204,9.99585,-10.00,12/15/2025 16:36:33 GMT,12/16/2025 02:35:00 GMT,2025-12-15T16:36:33.789Z,2025-12-16T02:35:00.000Z,Over 8.5 Aaron Holiday POINTS Houston Rockets @ Denver Nuggets,,Basketball,NBA
7bad0b3a-8360-4245-b5a9-078b3b2107c6,Novig,parlay,SETTLED_WIN,7.936507936507937,,,5,34.68,12/15/2025 16:31:10 GMT,12/16/2025 02:35:00 GMT,2025-12-15T16:31:10.655Z,2025-12-16T02:35:00.000Z,Over 6.5 Amen Thompson REBOUNDS Houston Rockets @ Denver Nuggets | Over 2.5 Reed Sheppard REBOUNDS Houston Rockets @ Denver Nuggets | Over 2.5 Josh Okogie REBOUNDS Houston Rockets @ Denver Nuggets,,Basketball,NBA
019b22df-489d-72ed-8d66-766beffa1b64,Novig,straight,SETTLED_LOSS,2.1008865741342846,1.6666666666666665,0.2605,4.99789,-5.00,12/15/2025 16:36:59 GMT,12/16/2025 02:05:00 GMT,2025-12-15T16:36:59.852Z,2025-12-16T02:05:00.000Z,Over 12.5 Klay Thompson POINTS Dallas Mavericks @ Utah Jazz,,Basketball,NBA
019b22ce-e81b-7f36-aee8-20425ca4a392,Novig,straight,SETTLED_LOSS,2.012072434607646,2.05,-0.0185,64.99766,-65.00,12/15/2025 16:19:07 GMT,12/16/2025 02:05:00 GMT,2025-12-15T16:19:07.135Z,2025-12-16T02:05:00.000Z,Under 239.5 Total Dallas Mavericks @ Utah Jazz,,Basketball,NBA
019b22ce-a49a-7e66-90dc-cec05f983566,Novig,straight,SETTLED_LOSS,1.8691588785046729,1.8928571428571428,-0.0125,66.99805,-67.00,12/15/2025 16:18:54 GMT,12/16/2025 02:05:00 GMT,2025-12-15T16:18:54.096Z,2025-12-16T02:05:00.000Z,away Mavericks Moneyline Dallas Mavericks @ Utah Jazz,,Basketball,NBA
25502103000019705,Fanatics,parlay,SETTLED_LOSS,3.9,6.173099415204678,-0.3682,10,-10.00,12/15/2025 16:23:12 GMT,12/16/2025 02:01:47 GMT,2025-12-15T16:23:12.362Z,2025-12-16T02:01:47.815Z,SE Louisiana Money Line Texas A&M–Commerce Lions at SE Louisiana Lions | Wyoming Cowboys Money Line Wyoming Cowboys at South Dakota State Jackrabbits | Louisville Money Line Louisville Cardinals at Tennessee Volunteers,,Basketball,NCAAM
019b22d2-d940-7c7c-bf3b-4fe52084e64e,Novig,straight,SETTLED_WIN,1.4284356156613505,1.5555555555555556,-0.0817,74.99813,32.13,12/15/2025 16:23:27 GMT,12/16/2025 01:00:00 GMT,2025-12-15T16:23:27.050Z,2025-12-16T01:00:00.000Z,away Cowboys Moneyline Wyoming @ South Dakota State,,Basketball,NCAAM
019b22cd-5fde-77ad-8615-96042d09744d,Novig,straight,SETTLED_LOSS,1.8484288354898335,1.9433962264150944,-0.0489,69.99999,-70.00,12/15/2025 16:17:30 GMT,12/16/2025 00:05:00 GMT,2025-12-15T16:17:30.796Z,2025-12-16T00:05:00.000Z,home Celtics Moneyline Detroit Pistons @ Boston Celtics,,Basketball,NBA
7813a380-d5e7-11f0-90de-f9c0ca9edaf1,Caesars Sportsbook,straight,SETTLED_WIN,1.55556,1.526315789473684,0.0192,60,33.33,12/10/2025 16:44:17 GMT,12/15/2025 20:42:23 GMT,2025-12-10T16:44:17.720Z,2025-12-15T20:42:23.653Z,Yes Both Teams To Score Man Utd vs Bournemouth,,Soccer,English Premier League
639013206747214757,Draftkings Sportsbook,straight,SETTLED_LOSS,1.7751937984496124,1.8849557522123894,-0.0582,15,-15.00,12/14/2025 14:51:14 GMT,12/15/2025 04:53:45 GMT,2025-12-14T14:51:14.671Z,2025-12-15T04:53:45.350Z,Over 2.5 Buddy Hield Rebounds O/U GS Warriors @ POR Trail Blazers,,Basketball,NBA
25500566000089405,Fanatics,straight,SETTLED_LOSS,1.7692307692307692,1.9090909090909092,-0.0733,30,-30.00,12/14/2025 14:46:21 GMT,12/15/2025 04:12:05 GMT,2025-12-14T14:46:21.914Z,2025-12-15T04:12:05.912Z,Under 237.0 Total Points Golden State Warriors at Portland Trail Blazers,,Basketball,NBA
O/0003172/0003779,Fanduel Sportsbook,straight,SETTLED_WIN,2.1799999999999997,2.1399999999999997,0.0187,15,17.70,12/14/2025 14:50:58 GMT,12/15/2025 04:08:35 GMT,2025-12-14T14:50:58.000Z,2025-12-15T04:08:35.000Z,Brandin Podziemski To Record 4+ Rebounds Golden State Warriors @ Portland Trail Blazers,,Basketball,NBA
O/0003172/0003778,Fanduel Sportsbook,straight,SETTLED_WIN,2.3,2.1,0.0952,15,19.50,12/14/2025 14:50:47 GMT,12/15/2025 03:43:03 GMT,2025-12-14T14:50:47.000Z,2025-12-15T03:43:03.000Z,Devin Booker To Record 4+ Rebounds Los Angeles Lakers @ Phoenix Suns,,Basketball,NBA
O/0003172/0003776,Fanduel Sportsbook,straight,SETTLED_WIN,1.9090909090909092,2.0061936,-0.0484,40,36.36,12/14/2025 14:45:04 GMT,12/15/2025 02:26:08 GMT,2025-12-14T14:45:04.000Z,2025-12-15T02:26:08.000Z,Under 247.5 Total Points New Orleans Pelicans @ Chicago Bulls,,Basketball,NBA
019b1d53-0493-77d2-93a7-cfb5baf5c73b,Novig,straight,SETTLED_LOSS,1.5603245054951373,1.5128205128205128,0.0314,79.99618,-80.00,12/14/2025 14:45:42 GMT,12/15/2025 02:05:00 GMT,2025-12-14T14:45:42.363Z,2025-12-15T02:05:00.000Z,GSW Moneyline Golden State Warriors @ Portland Trail Blazers,,Basketball,NBA
O/0003172/0003775,Fanduel Sportsbook,straight,SETTLED_WIN,1.847457627118644,1.819672131147541,0.0153,25,21.19,12/14/2025 14:43:34 GMT,12/15/2025 01:34:13 GMT,2025-12-14T14:43:34.000Z,2025-12-15T01:34:13.000Z,Philadelphia 76ers +5.5 Alternate Spread Philadelphia 76ers @ Atlanta Hawks,,Basketball,NBA
639013202871670061,Draftkings Sportsbook,straight,SETTLED_LOSS,1.847457627118644,1.8928571428571428,-0.0240,55,-55.00,12/14/2025 14:44:46 GMT,12/15/2025 01:16:44 GMT,2025-12-14T14:44:46.268Z,2025-12-15T01:16:44.405Z,Over 215.5 Total Alternate MIL Bucks @ BKN Nets,,Basketball,NBA
019b1d52-b8aa-7b80-91d1-cbb550b750ee,Novig,straight,SETTLED_LOSS,2.028397565922921,1.9263843791722297,0.0530,59.9981,-60.00,12/14/2025 14:45:27 GMT,12/15/2025 01:05:00 GMT,2025-12-14T14:45:27.492Z,2025-12-15T01:05:00.000Z,home Suns Moneyline Los Angeles Lakers @ Phoenix Suns,,Basketball,NBA
019b1d57-6dc2-7763-8883-554b6d0c0824,Novig,straight,SETTLED_LOSS,1.9083969465648853,1.847457627118644,0.0330,14.99688,-15.00,12/14/2025 14:50:32 GMT,12/15/2025 00:05:00 GMT,2025-12-14T14:50:32.370Z,2025-12-15T00:05:00.000Z,Over 4.5 Jalen Smith REBOUNDS New Orleans Pelicans @ Chicago Bulls,,Basketball,NBA
O/0003172/0003957,Fanduel Sportsbook,straight,PLACED,20,,,100,0.00,01/20/2026 14:17:27 GMT,,2026-01-20T14:17:27.000Z,,Miami Florida NCAAF FBS Championship Winner 2026-27 College Football Futures 2026-27,,American Football,NCAAFB
39d61301-878d-46e6-9818-b567bb1a0b5f,ProphetX,straight,SETTLED_LOSS,2.0094000000000003,1.9090909090909092,0.0525,50,-50.00,03/08/2026 13:36:01 GMT,03/09/2026 00:26:36 GMT,2026-03-08T13:36:01.000Z,2026-03-09T00:26:36.886Z,Dallas Mavericks +10.0 Spread Dallas Mavericks at Toronto Raptors,,Basketball,NBA
20G8JN04K3,BetMGM,straight,SETTLED_WIN,2.05,1.8,0.1389,15,15.75,03/08/2026 13:42:47 GMT,03/09/2026 00:26:51 GMT,2026-03-08T13:42:47.253Z,2026-03-09T00:26:51.490Z,Over 2.5 Bam Adebayo (MIA) : Assists Detroit Pistons at Miami Heat,,Basketball,NBA
26095863000119905,Fanatics,straight,SETTLED_LOSS,1.7692307692307692,2.04,-0.1327,20,-20.00,03/08/2026 13:43:56 GMT,03/09/2026 00:29:13 GMT,2026-03-08T13:43:56.921Z,2026-03-09T00:29:13.333Z,3+ Brandon Williams - Rebounds Dallas Mavericks at Toronto Raptors,,Basketball,NBA
O/0003172/0004146,Fanduel Sportsbook,straight,SETTLED_WIN,2,2.02,-0.0099,55,55.00,03/08/2026 13:39:15 GMT,03/09/2026 00:32:13 GMT,2026-03-08T13:39:15.000Z,2026-03-09T00:32:13.000Z,Miami Heat Moneyline Detroit Pistons @ Miami Heat,,Basketball,NBA
019ccda6-2a34-77b0-8a51-b0294b6ac932,Novig,straight,SETTLED_LOSS,1.8018018018018016,1.5988023952095807,0.1270,44.9994,-45.00,03/08/2026 13:32:30 GMT,03/09/2026 01:05:00 GMT,2026-03-08T13:32:30.867Z,2026-03-09T01:05:00.000Z,Chicago Bulls Moneyline Chicago Bulls @ Sacramento Kings,,Basketball,NBA
019ccdae-83d4-780a-bb7e-8fe10112ffe9,Novig,straight,SETTLED_LOSS,2.1598272138228944,2.62,-0.1756,9.99617,-10.00,03/08/2026 13:41:38 GMT,03/09/2026 01:05:00 GMT,2026-03-08T13:41:38.281Z,2026-03-09T01:05:00.000Z,Over 3.5 Isaac Okoro REBOUNDS Chicago Bulls @ Sacramento Kings,,Basketball,NBA
26095863000019905,Fanatics,straight,SETTLED_WIN,1.8695652173913042,1.9523809523809523,-0.0424,20,17.39,03/08/2026 13:43:10 GMT,03/09/2026 01:41:36 GMT,2026-03-08T13:43:10.777Z,2026-03-09T01:41:36.038Z,4+ Devin Vassell - Rebounds Houston Rockets at San Antonio Spurs,,Basketball,NBA
caefe06d-2258-4c3c-a89e-d0d822278262,ProphetX,straight,SETTLED_LOSS,2.0094000000000003,2.1100000000000003,-0.0477,35,-35.00,03/08/2026 13:35:40 GMT,03/09/2026 02:00:00 GMT,2026-03-08T13:35:40.000Z,2026-03-09T02:00:00.000Z,under 243.0 Total Points Washington Wizards at New Orleans Pelicans,,Basketball,NBA
20G8JNZEMH,BetMGM,straight,SETTLED_WIN,2.05,1.9090909090909092,0.0738,15,15.75,03/08/2026 13:42:28 GMT,03/09/2026 02:00:00 GMT,2026-03-08T13:42:28.323Z,2026-03-09T02:00:00.000Z,Under 6.5 Zion Williamson - Rebounds Washington Wizards @ New Orleans Pelicans,,Basketball,NBA
019ccda5-d5de-7c59-8477-4c6c1596cdef,Novig,straight,SETTLED_LOSS,1.9607843137254903,1.9803921568627452,-0.0099,34.9962,-35.00,03/08/2026 13:32:09 GMT,03/09/2026 02:05:00 GMT,2026-03-08T13:32:09.523Z,2026-03-09T02:05:00.000Z,Over 218.5 Total Charlotte Hornets @ Phoenix Suns,,Basketball,NBA
019ccda6-072e-76d6-a3a2-54521db340d3,Novig,straight,SETTLED_WIN,2.6954177897574123,2.76,-0.0234,49.99967,84.77,03/08/2026 13:32:19 GMT,03/09/2026 02:05:00 GMT,2026-03-08T13:32:19.547Z,2026-03-09T02:05:00.000Z,Phoenix Suns Moneyline Charlotte Hornets @ Phoenix Suns,,Basketball,NBA
26095861000119905,Fanatics,straight,SETTLED_WIN,1.6666666666666665,1.6896551724137931,-0.0136,20,13.33,03/08/2026 13:41:52 GMT,03/09/2026 02:20:10 GMT,2026-03-08T13:41:52.581Z,2026-03-09T02:20:10.700Z,3+ Reed Sheppard - Rebounds Houston Rockets at San Antonio Spurs,,Basketball,NBA
O/0003172/0004147,Fanduel Sportsbook,straight,SETTLED_WIN,2,1.8547008547008548,0.0783,10,10.00,03/08/2026 13:40:04 GMT,03/09/2026 02:33:25 GMT,2026-03-08T13:40:04.000Z,2026-03-09T02:33:25.000Z,Jay Huff Over 10.5 Jay Huff - Points Indiana Pacers @ Portland Trail Blazers,,Basketball,NBA
3270f52b-8bb2-4036-8d7b-fac7ee942b0c,ProphetX,straight,SETTLED_WIN,1.9702970297029703,1.8928571428571428,0.0409,15.59,15.13,03/08/2026 13:33:53 GMT,03/09/2026 03:00:00 GMT,2026-03-08T13:33:53.000Z,2026-03-09T03:00:00.000Z,over 222.0 Total Points Houston Rockets at San Antonio Spurs,,Basketball,NBA
83b39584-9079-453d-bc01-b9a0897fbbb8,ProphetX,straight,SETTLED_WIN,2.1074,2.2148387999999994,-0.0485,40,44.30,03/08/2026 13:34:33 GMT,03/09/2026 03:00:00 GMT,2026-03-08T13:34:33.000Z,2026-03-09T03:00:00.000Z,over 219.5 Total Points Orlando Magic at Milwaukee Bucks,,Basketball,NBA
O/0003172/0004151,Fanduel Sportsbook,straight,SETTLED_WIN,1.78125,1.6666666666666665,0.0688,15,11.72,03/08/2026 13:43:25 GMT,03/09/2026 03:12:11 GMT,2026-03-08T13:43:25.000Z,2026-03-09T03:12:11.000Z,Ryan Kalkbrenner To Record 4+ Rebounds Charlotte Hornets @ Phoenix Suns,,Basketball,NBA
639085736151317921,Draftkings Sportsbook,straight,SETTLED_LOSS,1.9523809523809523,2.06,-0.0522,45,-45.00,03/08/2026 13:33:34 GMT,03/09/2026 03:25:55 GMT,2026-03-08T13:33:34.821Z,2026-03-09T03:25:55.849Z,IND Pacers +8.5 Spread IND Pacers @ POR Trail Blazers,,Basketball,NBA
f8420302-15aa-412b-8a30-5abc029309fd,ProphetX,straight,SETTLED_LOSS,1.9897999999999998,2.06,-0.0341,35,-35.00,03/08/2026 13:32:55 GMT,03/09/2026 04:00:00 GMT,2026-03-08T13:32:55.000Z,2026-03-09T04:00:00.000Z,under 236.5 Total Points Indiana Pacers at Portland Trail Blazers,,Basketball,NBA
O/0003172/0004149,Fanduel Sportsbook,straight,SETTLED_LOSS,2.04,2.7,-0.2444,10,-10.00,03/08/2026 13:40:37 GMT,03/09/2026 04:37:58 GMT,2026-03-08T13:40:37.000Z,2026-03-09T04:37:58.000Z,Oso Ighodaro To Score 10+ Points Charlotte Hornets @ Phoenix Suns,,Basketball,NBA
26095863000109805,Fanatics,straight,SETTLED_LOSS,2.25,2.19,0.0274,20,-20.00,03/08/2026 13:43:45 GMT,03/09/2026 04:40:08 GMT,2026-03-08T13:43:45.705Z,2026-03-09T04:40:08.827Z,3+ Coby White - Rebounds Charlotte Hornets at Phoenix Suns,,Basketball,NBA
