🏀 NBA Historical Player Props Odds Collector v2
================================================

📅 Date range: 2024-10-22 to 2025-04-13
📊 Total dates: 174
💰 Budget: 40,000 credits
🎯 Markets: player_points, player_rebounds, player_assists
📚 Bookmakers: draftkings, fanduel
💾 Output: data/nba/historical-odds-2024.json


[1/174] Processing 2024-10-22...
  Step 1: Fetching event IDs...
  Credits: 27368 used, 72632.0 remaining
  Found 52 game(s)

  Step 2: Fetching odds for game 1/52
    New York Knicks @ Boston Celtics
    Event ID: 92cf7db605a734b10e69eabf56e1eac9
    Commence: 2024-10-22T23:40:00Z
  Credits: 27398 used, 72602.0 remaining
    ✅ Success (1/52 games collected)
    💰 Est. credits used: 30/40,000

  Step 2: Fetching odds for game 2/52
    Minnesota Timberwolves @ Los Angeles Lakers
    Event ID: 026ffb7b2ccf8a09dab9b24f33de27f7
    Commence: 2024-10-23T02:00:00Z
  Credits: 27428 used, 72572.0 remaining
    ✅ Success (2/52 games collected)
    💰 Est. credits used: 60/40,000

  Step 2: Fetching odds for game 3/52
    Indiana Pacers @ Detroit Pistons
    Event ID: bcd8b3510e7a9d55ccbd7ce761761e11
    Commence: 2024-10-23T23:00:00Z
  Credits: 27458 used, 72542.0 remaining
    ✅ Success (3/52 games collected)
    💰 Est. credits used: 90/40,000

  Step 2: Fetching odds for game 4/52
    Brooklyn Nets @ Atlanta Hawks
    Event ID: 3f1e025363323de9c99f3d7ec0eb26b7
    Commence: 2024-10-23T23:30:00Z
  Credits: 27488 used, 72512.0 remaining
    ✅ Success (4/52 games collected)
    💰 Est. credits used: 120/40,000

  Step 2: Fetching odds for game 5/52
    Cleveland Cavaliers @ Toronto Raptors
    Event ID: 520febbdcfd2e1f8c002f0e5969ddd49
    Commence: 2024-10-23T23:30:00Z
  Credits: 27518 used, 72482.0 remaining
    ✅ Success (5/52 games collected)
    💰 Est. credits used: 150/40,000

  Step 2: Fetching odds for game 6/52
    Orlando Magic @ Miami Heat
    Event ID: 8e1c55c639dc5d22d84decb3f27c7b66
    Commence: 2024-10-23T23:30:00Z
  Credits: 27548 used, 72452.0 remaining
    ✅ Success (6/52 games collected)
    💰 Est. credits used: 180/40,000

  Step 2: Fetching odds for game 7/52
    Milwaukee Bucks @ Philadelphia 76ers
    Event ID: 5908e64fdee6aa0aee10509f928b8344
    Commence: 2024-10-23T23:30:00Z
  Credits: 27578 used, 72422.0 remaining
    ✅ Success (7/52 games collected)
    💰 Est. credits used: 210/40,000

  Step 2: Fetching odds for game 8/52
    Charlotte Hornets @ Houston Rockets
    Event ID: 3614297da4247a7aaef3dbd9463e644b
    Commence: 2024-10-24T00:00:00Z
  Credits: 27608 used, 72392.0 remaining
    ✅ Success (8/52 games collected)
    💰 Est. credits used: 240/40,000

  Step 2: Fetching odds for game 9/52
    Chicago Bulls @ New Orleans Pelicans
    Event ID: ed3d298bba3be64b2ccdf364afa3c097
    Commence: 2024-10-24T00:00:00Z
  Credits: 27638 used, 72362.0 remaining
    ✅ Success (9/52 games collected)
    💰 Est. credits used: 270/40,000

  Step 2: Fetching odds for game 10/52
    Memphis Grizzlies @ Utah Jazz
    Event ID: 6f2e578dbd59095e80b5b0c74f43d8d8
    Commence: 2024-10-24T01:00:00Z
  Credits: 27668 used, 72332.0 remaining
    ✅ Success (10/52 games collected)
    💰 Est. credits used: 300/40,000

  Step 2: Fetching odds for game 11/52
    Golden State Warriors @ Portland Trail Blazers
    Event ID: 7f82790f1c8e7caa7dfa873ec0547fe4
    Commence: 2024-10-24T02:00:00Z
  Credits: 27698 used, 72302.0 remaining
    ✅ Success (11/52 games collected)
    💰 Est. credits used: 330/40,000

  Step 2: Fetching odds for game 12/52
    Phoenix Suns @ Los Angeles Clippers
    Event ID: 8de94b8af5293483abe2a5c52875810d
    Commence: 2024-10-24T02:00:00Z
  Credits: 27728 used, 72272.0 remaining
    ✅ Success (12/52 games collected)
    💰 Est. credits used: 360/40,000

  Step 2: Fetching odds for game 13/52
    Boston Celtics @ Washington Wizards
    Event ID: 9e5c6a9f958653c964712b118e07f6ab
    Commence: 2024-10-24T23:00:00Z
  Credits: 27728 used, 72272.0 remaining
    ✅ Success (13/52 games collected)
    💰 Est. credits used: 390/40,000

  Step 2: Fetching odds for game 14/52
    San Antonio Spurs @ Dallas Mavericks
    Event ID: 9fc2bfeed6fed586c135c5f1bafbab54
    Commence: 2024-10-24T23:30:00Z
  Credits: 27758 used, 72242.0 remaining
    ✅ Success (14/52 games collected)
    💰 Est. credits used: 420/40,000

  Step 2: Fetching odds for game 15/52
    Oklahoma City Thunder @ Denver Nuggets
    Event ID: d1c48b0232af93a5b1b27fce495ae28b
    Commence: 2024-10-25T02:00:00Z
  Credits: 27788 used, 72212.0 remaining
    ✅ Success (15/52 games collected)
    💰 Est. credits used: 450/40,000

  Step 2: Fetching odds for game 16/52
    Minnesota Timberwolves @ Sacramento Kings
    Event ID: 933e68c9038b6d3a7ffd59790addde8d
    Commence: 2024-10-25T02:00:00Z
  Credits: 27788 used, 72212.0 remaining
    ✅ Success (16/52 games collected)
    💰 Est. credits used: 480/40,000

  Step 2: Fetching odds for game 17/52
    Indiana Pacers @ New York Knicks
    Event ID: 3212efff7788723bdd2ec598fd8f7a43
    Commence: 2024-10-25T23:30:00Z
  Credits: 27788 used, 72212.0 remaining
    ✅ Success (17/52 games collected)
    💰 Est. credits used: 510/40,000

  Step 2: Fetching odds for game 18/52
    Miami Heat @ Washington Wizards
    Event ID: d35ddee1c4251399c3eca618798adf8c
    Commence: 2024-11-03T01:30:00Z
  Credits: 27788 used, 72212.0 remaining
    ✅ Success (18/52 games collected)
    💰 Est. credits used: 540/40,000

  Step 2: Fetching odds for game 19/52
    Atlanta Hawks @ Boston Celtics
    Event ID: 74058cb479045efa21ebd5c57050e23e
    Commence: 2024-11-13T00:00:00Z
  Credits: 27788 used, 72212.0 remaining
    ✅ Success (19/52 games collected)
    💰 Est. credits used: 570/40,000

  Step 2: Fetching odds for game 20/52
    Charlotte Hornets @ Orlando Magic
    Event ID: ff0b160b9779ae75b9f7d05511270837
    Commence: 2024-11-13T00:00:00Z
  Credits: 27788 used, 72212.0 remaining
    ✅ Success (20/52 games collected)
    💰 Est. credits used: 600/40,000

  Step 2: Fetching odds for game 21/52
    Miami Heat @ Detroit Pistons
    Event ID: e80e0c514aa69872360f58b079796a8b
    Commence: 2024-11-13T00:00:00Z
  Credits: 27788 used, 72212.0 remaining
    ✅ Success (21/52 games collected)
    💰 Est. credits used: 630/40,000

  Step 2: Fetching odds for game 22/52
    New York Knicks @ Philadelphia 76ers
    Event ID: 2d650fff73dcc627c1c0de3a4694e9fc
    Commence: 2024-11-13T00:30:00Z
  Credits: 27788 used, 72212.0 remaining
    ✅ Success (22/52 games collected)
    💰 Est. credits used: 660/40,000

  Step 2: Fetching odds for game 23/52
    Toronto Raptors @ Milwaukee Bucks
    Event ID: 30e4d7fc5396e7b0b8be16b278c123fe
    Commence: 2024-11-13T01:00:00Z
  Credits: 27788 used, 72212.0 remaining
    ✅ Success (23/52 games collected)
    💰 Est. credits used: 690/40,000

  Step 2: Fetching odds for game 24/52
    Phoenix Suns @ Utah Jazz
    Event ID: 6050b0be3ce7b57b77ef6695b9cecaa1
    Commence: 2024-11-13T02:00:00Z
  Credits: 27788 used, 72212.0 remaining
    ✅ Success (24/52 games collected)
    💰 Est. credits used: 720/40,000

  Step 2: Fetching odds for game 25/52
    Dallas Mavericks @ Golden State Warriors
    Event ID: f0bfcb563a5de00b392bda6960db1796
    Commence: 2024-11-13T03:00:00Z
  Credits: 27788 used, 72212.0 remaining
    ✅ Success (25/52 games collected)
    💰 Est. credits used: 750/40,000

  Step 2: Fetching odds for game 26/52
    Minnesota Timberwolves @ Portland Trail Blazers
    Event ID: 4a86e15d2c8c52972524be69d15941cc
    Commence: 2024-11-13T03:00:00Z
  Credits: 27788 used, 72212.0 remaining
    ✅ Success (26/52 games collected)
    💰 Est. credits used: 780/40,000

  Step 2: Fetching odds for game 27/52
    Detroit Pistons @ Toronto Raptors
    Event ID: b545064206b8dded3eacfe94a3486010
    Commence: 2024-11-16T00:00:00Z
  Credits: 27788 used, 72212.0 remaining
    ✅ Success (27/52 games collected)
    💰 Est. credits used: 810/40,000

  Step 2: Fetching odds for game 28/52
    Miami Heat @ Indiana Pacers
    Event ID: 0619b014dfdc9d5586485d1092d0ad57
    Commence: 2024-11-16T00:00:00Z
  Credits: 27788 used, 72212.0 remaining
    ✅ Success (28/52 games collected)
    💰 Est. credits used: 840/40,000

  Step 2: Fetching odds for game 29/52
    Philadelphia 76ers @ Orlando Magic
    Event ID: ca224a310a95b9304f7c8b6e2494ee15
    Commence: 2024-11-16T00:00:00Z
  Credits: 27788 used, 72212.0 remaining
    ✅ Success (29/52 games collected)
    💰 Est. credits used: 870/40,000

  Step 2: Fetching odds for game 30/52
    Washington Wizards @ Atlanta Hawks
    Event ID: 1a46dad2277cca4a74204b8e2bbe6bc6
    Commence: 2024-11-16T00:30:00Z
  Credits: 27788 used, 72212.0 remaining
    ✅ Success (30/52 games collected)
    💰 Est. credits used: 900/40,000

  Step 2: Fetching odds for game 31/52
    Brooklyn Nets @ New York Knicks
    Event ID: 432e5ff1dfaf3992cc9fde2c1582c76f
    Commence: 2024-11-16T00:30:00Z
  Credits: 27788 used, 72212.0 remaining
    ✅ Success (31/52 games collected)
    💰 Est. credits used: 930/40,000
🏀 NBA Historical Player Props Odds Collector v2
================================================

📅 Date range: 2024-10-22 to 2025-04-13
📊 Total dates: 174
💰 Budget: 40,000 credits
🎯 Markets: player_points, player_rebounds, player_assists
📚 Bookmakers: draftkings, fanduel
💾 Output: data/nba/historical-odds-2024.json


[1/174] Processing 2024-10-22...
  Step 1: Fetching event IDs...
  Credits: 27813 used, 72187.0 remaining
  Found 52 game(s)

  Step 2: Fetching odds for game 1/52
    New York Knicks @ Boston Celtics
    Event ID: 92cf7db605a734b10e69eabf56e1eac9
    Commence: 2024-10-22T23:40:00Z
  Credits: 27843 used, 72157.0 remaining
    ✅ Success (1/52 games collected)
    💰 Est. credits used: 30/40,000

  Step 2: Fetching odds for game 2/52
    Minnesota Timberwolves @ Los Angeles Lakers
    Event ID: 026ffb7b2ccf8a09dab9b24f33de27f7
    Commence: 2024-10-23T02:00:00Z
  Credits: 27873 used, 72127.0 remaining
    ✅ Success (2/52 games collected)
    💰 Est. credits used: 60/40,000

  Step 2: Fetching odds for game 3/52
    Indiana Pacers @ Detroit Pistons
    Event ID: bcd8b3510e7a9d55ccbd7ce761761e11
    Commence: 2024-10-23T23:00:00Z
  Credits: 27903 used, 72097.0 remaining
    ✅ Success (3/52 games collected)
    💰 Est. credits used: 90/40,000

  Step 2: Fetching odds for game 4/52
    Brooklyn Nets @ Atlanta Hawks
    Event ID: 3f1e025363323de9c99f3d7ec0eb26b7
    Commence: 2024-10-23T23:30:00Z
  Credits: 27933 used, 72067.0 remaining
    ✅ Success (4/52 games collected)
    💰 Est. credits used: 120/40,000

  Step 2: Fetching odds for game 5/52
    Cleveland Cavaliers @ Toronto Raptors
    Event ID: 520febbdcfd2e1f8c002f0e5969ddd49
    Commence: 2024-10-23T23:30:00Z
  Credits: 27963 used, 72037.0 remaining
    ✅ Success (5/52 games collected)
    💰 Est. credits used: 150/40,000

  Step 2: Fetching odds for game 6/52
    Orlando Magic @ Miami Heat
    Event ID: 8e1c55c639dc5d22d84decb3f27c7b66
    Commence: 2024-10-23T23:30:00Z
  Credits: 27993 used, 72007.0 remaining
    ✅ Success (6/52 games collected)
    💰 Est. credits used: 180/40,000

  Step 2: Fetching odds for game 7/52
    Milwaukee Bucks @ Philadelphia 76ers
    Event ID: 5908e64fdee6aa0aee10509f928b8344
    Commence: 2024-10-23T23:30:00Z
  Credits: 28023 used, 71977.0 remaining
    ✅ Success (7/52 games collected)
    💰 Est. credits used: 210/40,000

  Step 2: Fetching odds for game 8/52
    Charlotte Hornets @ Houston Rockets
    Event ID: 3614297da4247a7aaef3dbd9463e644b
    Commence: 2024-10-24T00:00:00Z
  Credits: 28053 used, 71947.0 remaining
    ✅ Success (8/52 games collected)
    💰 Est. credits used: 240/40,000

  Step 2: Fetching odds for game 9/52
    Chicago Bulls @ New Orleans Pelicans
    Event ID: ed3d298bba3be64b2ccdf364afa3c097
    Commence: 2024-10-24T00:00:00Z
  Credits: 28083 used, 71917.0 remaining
    ✅ Success (9/52 games collected)
    💰 Est. credits used: 270/40,000

  Step 2: Fetching odds for game 10/52
    Memphis Grizzlies @ Utah Jazz
    Event ID: 6f2e578dbd59095e80b5b0c74f43d8d8
    Commence: 2024-10-24T01:00:00Z
  Credits: 28113 used, 71887.0 remaining
    ✅ Success (10/52 games collected)
    💰 Est. credits used: 300/40,000

  Step 2: Fetching odds for game 11/52
    Golden State Warriors @ Portland Trail Blazers
    Event ID: 7f82790f1c8e7caa7dfa873ec0547fe4
    Commence: 2024-10-24T02:00:00Z
  Credits: 28143 used, 71857.0 remaining
    ✅ Success (11/52 games collected)
    💰 Est. credits used: 330/40,000

  Step 2: Fetching odds for game 12/52
    Phoenix Suns @ Los Angeles Clippers
    Event ID: 8de94b8af5293483abe2a5c52875810d
    Commence: 2024-10-24T02:00:00Z
  Credits: 28173 used, 71827.0 remaining
    ✅ Success (12/52 games collected)
    💰 Est. credits used: 360/40,000

  Step 2: Fetching odds for game 13/52
    Boston Celtics @ Washington Wizards
    Event ID: 9e5c6a9f958653c964712b118e07f6ab
    Commence: 2024-10-24T23:00:00Z
  Credits: 28173 used, 71827.0 remaining
    ✅ Success (13/52 games collected)
    💰 Est. credits used: 390/40,000

  Step 2: Fetching odds for game 14/52
    San Antonio Spurs @ Dallas Mavericks
    Event ID: 9fc2bfeed6fed586c135c5f1bafbab54
    Commence: 2024-10-24T23:30:00Z
  Credits: 28203 used, 71797.0 remaining
    ✅ Success (14/52 games collected)
    💰 Est. credits used: 420/40,000

  Step 2: Fetching odds for game 15/52
    Oklahoma City Thunder @ Denver Nuggets
    Event ID: d1c48b0232af93a5b1b27fce495ae28b
    Commence: 2024-10-25T02:00:00Z
  Credits: 28233 used, 71767.0 remaining
    ✅ Success (15/52 games collected)
    💰 Est. credits used: 450/40,000

  Step 2: Fetching odds for game 16/52
    Minnesota Timberwolves @ Sacramento Kings
    Event ID: 933e68c9038b6d3a7ffd59790addde8d
    Commence: 2024-10-25T02:00:00Z
  Credits: 28233 used, 71767.0 remaining
    ✅ Success (16/52 games collected)
    💰 Est. credits used: 480/40,000

  Step 2: Fetching odds for game 17/52
    Indiana Pacers @ New York Knicks
    Event ID: 3212efff7788723bdd2ec598fd8f7a43
    Commence: 2024-10-25T23:30:00Z
  Credits: 28233 used, 71767.0 remaining
    ✅ Success (17/52 games collected)
    💰 Est. credits used: 510/40,000

  Step 2: Fetching odds for game 18/52
    Miami Heat @ Washington Wizards
    Event ID: d35ddee1c4251399c3eca618798adf8c
    Commence: 2024-11-03T01:30:00Z
  Credits: 28233 used, 71767.0 remaining
    ✅ Success (18/52 games collected)
    💰 Est. credits used: 540/40,000

  Step 2: Fetching odds for game 19/52
    Atlanta Hawks @ Boston Celtics
    Event ID: 74058cb479045efa21ebd5c57050e23e
    Commence: 2024-11-13T00:00:00Z
  Credits: 28233 used, 71767.0 remaining
    ✅ Success (19/52 games collected)
    💰 Est. credits used: 570/40,000

  Step 2: Fetching odds for game 20/52
    Charlotte Hornets @ Orlando Magic
    Event ID: ff0b160b9779ae75b9f7d05511270837
    Commence: 2024-11-13T00:00:00Z
  Credits: 28233 used, 71767.0 remaining
    ✅ Success (20/52 games collected)
    💰 Est. credits used: 600/40,000

  Step 2: Fetching odds for game 21/52
    Miami Heat @ Detroit Pistons
    Event ID: e80e0c514aa69872360f58b079796a8b
    Commence: 2024-11-13T00:00:00Z
  Credits: 28233 used, 71767.0 remaining
    ✅ Success (21/52 games collected)
    💰 Est. credits used: 630/40,000

  Step 2: Fetching odds for game 22/52
    New York Knicks @ Philadelphia 76ers
    Event ID: 2d650fff73dcc627c1c0de3a4694e9fc
    Commence: 2024-11-13T00:30:00Z
  Credits: 28233 used, 71767.0 remaining
    ✅ Success (22/52 games collected)
    💰 Est. credits used: 660/40,000

  Step 2: Fetching odds for game 23/52
    Toronto Raptors @ Milwaukee Bucks
    Event ID: 30e4d7fc5396e7b0b8be16b278c123fe
    Commence: 2024-11-13T01:00:00Z
  Credits: 28233 used, 71767.0 remaining
    ✅ Success (23/52 games collected)
    💰 Est. credits used: 690/40,000

  Step 2: Fetching odds for game 24/52
    Phoenix Suns @ Utah Jazz
    Event ID: 6050b0be3ce7b57b77ef6695b9cecaa1
    Commence: 2024-11-13T02:00:00Z
  Credits: 28233 used, 71767.0 remaining
    ✅ Success (24/52 games collected)
    💰 Est. credits used: 720/40,000

  Step 2: Fetching odds for game 25/52
    Dallas Mavericks @ Golden State Warriors
    Event ID: f0bfcb563a5de00b392bda6960db1796
    Commence: 2024-11-13T03:00:00Z
  Credits: 28233 used, 71767.0 remaining
    ✅ Success (25/52 games collected)
    💰 Est. credits used: 750/40,000

  Step 2: Fetching odds for game 26/52
    Minnesota Timberwolves @ Portland Trail Blazers
    Event ID: 4a86e15d2c8c52972524be69d15941cc
    Commence: 2024-11-13T03:00:00Z
  Credits: 28233 used, 71767.0 remaining
    ✅ Success (26/52 games collected)
    💰 Est. credits used: 780/40,000

  Step 2: Fetching odds for game 27/52
    Detroit Pistons @ Toronto Raptors
    Event ID: b545064206b8dded3eacfe94a3486010
    Commence: 2024-11-16T00:00:00Z
  Credits: 28233 used, 71767.0 remaining
    ✅ Success (27/52 games collected)
    💰 Est. credits used: 810/40,000

  Step 2: Fetching odds for game 28/52
    Miami Heat @ Indiana Pacers
    Event ID: 0619b014dfdc9d5586485d1092d0ad57
    Commence: 2024-11-16T00:00:00Z
  Credits: 28233 used, 71767.0 remaining
    ✅ Success (28/52 games collected)
    💰 Est. credits used: 840/40,000

  Step 2: Fetching odds for game 29/52
    Philadelphia 76ers @ Orlando Magic
    Event ID: ca224a310a95b9304f7c8b6e2494ee15
    Commence: 2024-11-16T00:00:00Z
  Credits: 28233 used, 71767.0 remaining
    ✅ Success (29/52 games collected)
    💰 Est. credits used: 870/40,000

  Step 2: Fetching odds for game 30/52
    Washington Wizards @ Atlanta Hawks
    Event ID: 1a46dad2277cca4a74204b8e2bbe6bc6
    Commence: 2024-11-16T00:30:00Z
  Credits: 28233 used, 71767.0 remaining
    ✅ Success (30/52 games collected)
    💰 Est. credits used: 900/40,000

  Step 2: Fetching odds for game 31/52
    Brooklyn Nets @ New York Knicks
    Event ID: 432e5ff1dfaf3992cc9fde2c1582c76f
    Commence: 2024-11-16T00:30:00Z
  Credits: 28233 used, 71767.0 remaining
    ✅ Success (31/52 games collected)
    💰 Est. credits used: 930/40,000

  Step 2: Fetching odds for game 32/52
    Chicago Bulls @ Cleveland Cavaliers
    Event ID: 0c8bcf32079a8c03a4b22e13a8c77a41
    Commence: 2024-11-16T00:30:00Z
  Credits: 28233 used, 71767.0 remaining
    ✅ Success (32/52 games collected)
    💰 Est. credits used: 960/40,000

  Step 2: Fetching odds for game 33/52
    Los Angeles Lakers @ San Antonio Spurs
    Event ID: cfa354d9b48630ea2630af8defb2b9ef
    Commence: 2024-11-16T00:30:00Z
  Credits: 28233 used, 71767.0 remaining
    ✅ Success (33/52 games collected)
    💰 Est. credits used: 990/40,000

  Step 2: Fetching odds for game 34/52
    Denver Nuggets @ New Orleans Pelicans
    Event ID: 3dc935a0b75960161d6bfdf8f2fa8e3d
    Commence: 2024-11-16T01:00:00Z
  Credits: 28233 used, 71767.0 remaining
    ✅ Success (34/52 games collected)
    💰 Est. credits used: 1,020/40,000

  Step 2: Fetching odds for game 35/52
    Los Angeles Clippers @ Houston Rockets
    Event ID: 4440572120e5bfc80b66c6092af854dc
    Commence: 2024-11-16T01:00:00Z
  Credits: 28233 used, 71767.0 remaining
    ✅ Success (35/52 games collected)
    💰 Est. credits used: 1,050/40,000

  Step 2: Fetching odds for game 36/52
    Phoenix Suns @ Oklahoma City Thunder
    Event ID: 4f810271cfe5cec9d74be5bf4bac935b
    Commence: 2024-11-16T01:00:00Z
  Credits: 28233 used, 71767.0 remaining
    ✅ Success (36/52 games collected)
    💰 Est. credits used: 1,080/40,000

  Step 2: Fetching odds for game 37/52
    Memphis Grizzlies @ Golden State Warriors
    Event ID: f539352357353e1bec8c5e594d1a816b
    Commence: 2024-11-16T03:00:00Z
  Credits: 28233 used, 71767.0 remaining
    ✅ Success (37/52 games collected)
    💰 Est. credits used: 1,110/40,000

  Step 2: Fetching odds for game 38/52
    Minnesota Timberwolves @ Sacramento Kings
    Event ID: 88ce2e9fedcf84d708244491037ed0f2
    Commence: 2024-11-16T03:00:00Z
  Credits: 28233 used, 71767.0 remaining
    ✅ Success (38/52 games collected)
    💰 Est. credits used: 1,140/40,000

  Step 2: Fetching odds for game 39/52
    San Antonio Spurs @ New York Knicks
    Event ID: 973a6ea86af7d9e2bf4c52509822f5bf
    Commence: 2024-12-25T17:00:00Z
  Credits: 28233 used, 71767.0 remaining
    ✅ Success (39/52 games collected)
    💰 Est. credits used: 1,170/40,000

  Step 2: Fetching odds for game 40/52
    Minnesota Timberwolves @ Dallas Mavericks
    Event ID: 07a07eaa8f786d68cb371107f36f5b33
    Commence: 2024-12-25T19:30:00Z
  Credits: 28233 used, 71767.0 remaining
    ✅ Success (40/52 games collected)
    💰 Est. credits used: 1,200/40,000

  Step 2: Fetching odds for game 41/52
    Philadelphia 76ers @ Boston Celtics
    Event ID: 6f66bc2154fb45b2047e1c1c5afcdc38
    Commence: 2024-12-25T22:00:00Z
  Credits: 28233 used, 71767.0 remaining
    ✅ Success (41/52 games collected)
    💰 Est. credits used: 1,230/40,000

  Step 2: Fetching odds for game 42/52
    Los Angeles Lakers @ Golden State Warriors
    Event ID: bc6f994bad539db5054c8b750c437fb8
    Commence: 2024-12-26T01:00:00Z
  Credits: 28233 used, 71767.0 remaining
    ✅ Success (42/52 games collected)
    💰 Est. credits used: 1,260/40,000

  Step 2: Fetching odds for game 43/52
    Denver Nuggets @ Phoenix Suns
    Event ID: 22a9b650e64ca15cb0c83dc0148a571e
    Commence: 2024-12-26T03:30:00Z
  Credits: 28233 used, 71767.0 remaining
    ✅ Success (43/52 games collected)
    💰 Est. credits used: 1,290/40,000

  Step 2: Fetching odds for game 44/52
    Dallas Mavericks @ Charlotte Hornets
    Event ID: 018bca38c1fc33355f7dfc20ad69b2ee
    Commence: 2025-01-20T17:00:00Z
  Credits: 28233 used, 71767.0 remaining
    ✅ Success (44/52 games collected)
    💰 Est. credits used: 1,320/40,000

  Step 2: Fetching odds for game 45/52
    Detroit Pistons @ Houston Rockets
    Event ID: 648497f8f49bde0d229d66eb1e3c27d3
    Commence: 2025-01-20T19:00:00Z
  Credits: 28233 used, 71767.0 remaining
    ✅ Success (45/52 games collected)
    💰 Est. credits used: 1,350/40,000

  Step 2: Fetching odds for game 46/52
    Minnesota Timberwolves @ Memphis Grizzlies
    Event ID: 499a4015cf50b478efb61409fa0786d5
    Commence: 2025-01-20T19:30:00Z
  Credits: 28233 used, 71767.0 remaining
    ✅ Success (46/52 games collected)
    💰 Est. credits used: 1,380/40,000

  Step 2: Fetching odds for game 47/52
    Atlanta Hawks @ New York Knicks
    Event ID: b736883206d52bd2d7f89ed1d3c89f62
    Commence: 2025-01-20T20:00:00Z
  Credits: 28233 used, 71767.0 remaining
    ✅ Success (47/52 games collected)
    💰 Est. credits used: 1,410/40,000

  Step 2: Fetching odds for game 48/52
    Phoenix Suns @ Cleveland Cavaliers
    Event ID: 78c8db06b7974d20983f9b3c9bc1b678
    Commence: 2025-01-20T20:30:00Z
  Credits: 28233 used, 71767.0 remaining
    ✅ Success (48/52 games collected)
    💰 Est. credits used: 1,440/40,000

  Step 2: Fetching odds for game 49/52
    Boston Celtics @ Golden State Warriors
    Event ID: 173d7d5f2bf8881f4bc4a2179fdf895f
    Commence: 2025-01-20T22:00:00Z
  Credits: 28233 used, 71767.0 remaining
    ✅ Success (49/52 games collected)
    💰 Est. credits used: 1,470/40,000

  Step 2: Fetching odds for game 50/52
    Utah Jazz @ New Orleans Pelicans
    Event ID: 20515d2b43e180979c39074d4f7bcb3f
    Commence: 2025-01-21T01:00:00Z
  Credits: 28233 used, 71767.0 remaining
    ✅ Success (50/52 games collected)
    💰 Est. credits used: 1,500/40,000

  Step 2: Fetching odds for game 51/52
    San Antonio Spurs @ Indiana Pacers
    Event ID: 59065cde52a9e2b367362915f8e2298a
    Commence: 2025-01-23T19:00:00Z
  Credits: 28233 used, 71767.0 remaining
    ✅ Success (51/52 games collected)
    💰 Est. credits used: 1,530/40,000

  Step 2: Fetching odds for game 52/52
    Indiana Pacers @ San Antonio Spurs
    Event ID: 178af5284f2a47d4e8b7771bebab5da9
    Commence: 2025-01-25T17:00:00Z
  Credits: 28233 used, 71767.0 remaining
    ✅ Success (52/52 games collected)
    💰 Est. credits used: 1,560/40,000

[2/174] Processing 2024-10-23...
  Step 1: Fetching event IDs...
  Credits: 28234 used, 71766.0 remaining
  Found 50 game(s)

  Step 2: Fetching odds for game 1/50
    Indiana Pacers @ Detroit Pistons
    Event ID: bcd8b3510e7a9d55ccbd7ce761761e11
    Commence: 2024-10-23T23:00:00Z
  Credits: 28264 used, 71736.0 remaining
    ✅ Success (53/102 games collected)
    💰 Est. credits used: 1,590/40,000

  Step 2: Fetching odds for game 2/50
    Brooklyn Nets @ Atlanta Hawks
    Event ID: 3f1e025363323de9c99f3d7ec0eb26b7
    Commence: 2024-10-23T23:30:00Z
  Credits: 28294 used, 71706.0 remaining
    ✅ Success (54/102 games collected)
    💰 Est. credits used: 1,620/40,000

  Step 2: Fetching odds for game 3/50
    Cleveland Cavaliers @ Toronto Raptors
    Event ID: 520febbdcfd2e1f8c002f0e5969ddd49
    Commence: 2024-10-23T23:30:00Z
  Credits: 28324 used, 71676.0 remaining
    ✅ Success (55/102 games collected)
    💰 Est. credits used: 1,650/40,000

  Step 2: Fetching odds for game 4/50
    Orlando Magic @ Miami Heat
    Event ID: 8e1c55c639dc5d22d84decb3f27c7b66
    Commence: 2024-10-23T23:30:00Z
  Credits: 28354 used, 71646.0 remaining
    ✅ Success (56/102 games collected)
    💰 Est. credits used: 1,680/40,000

  Step 2: Fetching odds for game 5/50
    Milwaukee Bucks @ Philadelphia 76ers
    Event ID: 5908e64fdee6aa0aee10509f928b8344
    Commence: 2024-10-23T23:30:00Z
  Credits: 28384 used, 71616.0 remaining
    ✅ Success (57/102 games collected)
    💰 Est. credits used: 1,710/40,000

  Step 2: Fetching odds for game 6/50
    Charlotte Hornets @ Houston Rockets
    Event ID: 3614297da4247a7aaef3dbd9463e644b
    Commence: 2024-10-24T00:00:00Z
  Credits: 28414 used, 71586.0 remaining
    ✅ Success (58/102 games collected)
    💰 Est. credits used: 1,740/40,000

  Step 2: Fetching odds for game 7/50
    Chicago Bulls @ New Orleans Pelicans
    Event ID: ed3d298bba3be64b2ccdf364afa3c097
    Commence: 2024-10-24T00:00:00Z
  Credits: 28444 used, 71556.0 remaining
    ✅ Success (59/102 games collected)
    💰 Est. credits used: 1,770/40,000

  Step 2: Fetching odds for game 8/50
    Memphis Grizzlies @ Utah Jazz
    Event ID: 6f2e578dbd59095e80b5b0c74f43d8d8
    Commence: 2024-10-24T01:00:00Z
  Credits: 28474 used, 71526.0 remaining
    ✅ Success (60/102 games collected)
    💰 Est. credits used: 1,800/40,000

  Step 2: Fetching odds for game 9/50
    Golden State Warriors @ Portland Trail Blazers
    Event ID: 7f82790f1c8e7caa7dfa873ec0547fe4
    Commence: 2024-10-24T02:00:00Z
  Credits: 28504 used, 71496.0 remaining
    ✅ Success (61/102 games collected)
    💰 Est. credits used: 1,830/40,000

  Step 2: Fetching odds for game 10/50
    Phoenix Suns @ Los Angeles Clippers
    Event ID: 8de94b8af5293483abe2a5c52875810d
    Commence: 2024-10-24T02:00:00Z
  Credits: 28534 used, 71466.0 remaining
    ✅ Success (62/102 games collected)
    💰 Est. credits used: 1,860/40,000

  Step 2: Fetching odds for game 11/50
    Boston Celtics @ Washington Wizards
    Event ID: 9e5c6a9f958653c964712b118e07f6ab
    Commence: 2024-10-24T23:00:00Z
  Credits: 28564 used, 71436.0 remaining
    ✅ Success (63/102 games collected)
    💰 Est. credits used: 1,890/40,000

  Step 2: Fetching odds for game 12/50
    San Antonio Spurs @ Dallas Mavericks
    Event ID: 9fc2bfeed6fed586c135c5f1bafbab54
    Commence: 2024-10-24T23:30:00Z
  Credits: 28594 used, 71406.0 remaining
    ✅ Success (64/102 games collected)
    💰 Est. credits used: 1,920/40,000

  Step 2: Fetching odds for game 13/50
    Oklahoma City Thunder @ Denver Nuggets
    Event ID: d1c48b0232af93a5b1b27fce495ae28b
    Commence: 2024-10-25T02:00:00Z
  Credits: 28624 used, 71376.0 remaining
    ✅ Success (65/102 games collected)
    💰 Est. credits used: 1,950/40,000

  Step 2: Fetching odds for game 14/50
    Minnesota Timberwolves @ Sacramento Kings
    Event ID: 933e68c9038b6d3a7ffd59790addde8d
    Commence: 2024-10-25T02:00:00Z
  Credits: 28634 used, 71366.0 remaining
    ✅ Success (66/102 games collected)
    💰 Est. credits used: 1,980/40,000

  Step 2: Fetching odds for game 15/50
    Indiana Pacers @ New York Knicks
    Event ID: 3212efff7788723bdd2ec598fd8f7a43
    Commence: 2024-10-25T23:30:00Z
  Credits: 28634 used, 71366.0 remaining
    ✅ Success (67/102 games collected)
    💰 Est. credits used: 2,010/40,000

  Step 2: Fetching odds for game 16/50
    Miami Heat @ Washington Wizards
    Event ID: d35ddee1c4251399c3eca618798adf8c
    Commence: 2024-11-03T01:30:00Z
  Credits: 28634 used, 71366.0 remaining
  Retry 1/3: HTTP 404: Not Found
  Credits: 28634 used, 71366.0 remaining
  Retry 2/3: HTTP 404: Not Found
  Credits: 28634 used, 71366.0 remaining
  Retry 3/3: HTTP 404: Not Found
  ❌ Failed to fetch odds for d35ddee1c4251399c3eca618798adf8c: HTTP 404: Not Found
    ⚠️  No odds data available

  Step 2: Fetching odds for game 17/50
    Atlanta Hawks @ Boston Celtics
    Event ID: 74058cb479045efa21ebd5c57050e23e
    Commence: 2024-11-13T00:00:00Z
  Credits: 28634 used, 71366.0 remaining
    ✅ Success (68/102 games collected)
    💰 Est. credits used: 2,040/40,000

  Step 2: Fetching odds for game 18/50
    Charlotte Hornets @ Orlando Magic
    Event ID: ff0b160b9779ae75b9f7d05511270837
    Commence: 2024-11-13T00:00:00Z
  Credits: 28634 used, 71366.0 remaining
    ✅ Success (69/102 games collected)
    💰 Est. credits used: 2,070/40,000

  Step 2: Fetching odds for game 19/50
    Miami Heat @ Detroit Pistons
    Event ID: e80e0c514aa69872360f58b079796a8b
    Commence: 2024-11-13T00:00:00Z
  Credits: 28634 used, 71366.0 remaining
    ✅ Success (70/102 games collected)
    💰 Est. credits used: 2,100/40,000

  Step 2: Fetching odds for game 20/50
    New York Knicks @ Philadelphia 76ers
    Event ID: 2d650fff73dcc627c1c0de3a4694e9fc
    Commence: 2024-11-13T00:30:00Z
  Credits: 28634 used, 71366.0 remaining
    ✅ Success (71/102 games collected)
    💰 Est. credits used: 2,130/40,000

  Step 2: Fetching odds for game 21/50
    Toronto Raptors @ Milwaukee Bucks
    Event ID: 30e4d7fc5396e7b0b8be16b278c123fe
    Commence: 2024-11-13T01:00:00Z
  Credits: 28634 used, 71366.0 remaining
    ✅ Success (72/102 games collected)
    💰 Est. credits used: 2,160/40,000

  Step 2: Fetching odds for game 22/50
    Phoenix Suns @ Utah Jazz
    Event ID: 6050b0be3ce7b57b77ef6695b9cecaa1
    Commence: 2024-11-13T02:00:00Z
  Credits: 28634 used, 71366.0 remaining
    ✅ Success (73/102 games collected)
    💰 Est. credits used: 2,190/40,000

  Step 2: Fetching odds for game 23/50
    Dallas Mavericks @ Golden State Warriors
    Event ID: f0bfcb563a5de00b392bda6960db1796
    Commence: 2024-11-13T03:00:00Z
  Credits: 28634 used, 71366.0 remaining
    ✅ Success (74/102 games collected)
    💰 Est. credits used: 2,220/40,000

  Step 2: Fetching odds for game 24/50
    Minnesota Timberwolves @ Portland Trail Blazers
    Event ID: 4a86e15d2c8c52972524be69d15941cc
    Commence: 2024-11-13T03:00:00Z
  Credits: 28634 used, 71366.0 remaining
    ✅ Success (75/102 games collected)
    💰 Est. credits used: 2,250/40,000

  Step 2: Fetching odds for game 25/50
    Detroit Pistons @ Toronto Raptors
    Event ID: b545064206b8dded3eacfe94a3486010
    Commence: 2024-11-16T00:00:00Z
  Credits: 28634 used, 71366.0 remaining
  Retry 1/3: HTTP 404: Not Found
  Credits: 28634 used, 71366.0 remaining
  Retry 2/3: HTTP 404: Not Found
  Credits: 28634 used, 71366.0 remaining
  Retry 3/3: HTTP 404: Not Found
  ❌ Failed to fetch odds for b545064206b8dded3eacfe94a3486010: HTTP 404: Not Found
    ⚠️  No odds data available

  Step 2: Fetching odds for game 26/50
    Miami Heat @ Indiana Pacers
    Event ID: 0619b014dfdc9d5586485d1092d0ad57
    Commence: 2024-11-16T00:00:00Z
  Credits: 28634 used, 71366.0 remaining
  Retry 1/3: HTTP 404: Not Found
  Credits: 28635 used, 71365.0 remaining
  Retry 2/3: HTTP 404: Not Found
  Credits: 28635 used, 71365.0 remaining
  Retry 3/3: HTTP 404: Not Found
  ❌ Failed to fetch odds for 0619b014dfdc9d5586485d1092d0ad57: HTTP 404: Not Found
    ⚠️  No odds data available

  Step 2: Fetching odds for game 27/50
    Philadelphia 76ers @ Orlando Magic
    Event ID: ca224a310a95b9304f7c8b6e2494ee15
    Commence: 2024-11-16T00:00:00Z
  Credits: 28635 used, 71365.0 remaining
  Retry 1/3: HTTP 404: Not Found
  Credits: 28635 used, 71365.0 remaining
  Retry 2/3: HTTP 404: Not Found
  Credits: 28635 used, 71365.0 remaining
  Retry 3/3: HTTP 404: Not Found
  ❌ Failed to fetch odds for ca224a310a95b9304f7c8b6e2494ee15: HTTP 404: Not Found
    ⚠️  No odds data available

  Step 2: Fetching odds for game 28/50
    Washington Wizards @ Atlanta Hawks
    Event ID: 1a46dad2277cca4a74204b8e2bbe6bc6
    Commence: 2024-11-16T00:30:00Z
  Credits: 28635 used, 71365.0 remaining
  Retry 1/3: HTTP 404: Not Found
  Credits: 28635 used, 71365.0 remaining
  Retry 2/3: HTTP 404: Not Found
  Credits: 28635 used, 71365.0 remaining
  Retry 3/3: HTTP 404: Not Found
  ❌ Failed to fetch odds for 1a46dad2277cca4a74204b8e2bbe6bc6: HTTP 404: Not Found
    ⚠️  No odds data available

  Step 2: Fetching odds for game 29/50
    Brooklyn Nets @ New York Knicks
    Event ID: 432e5ff1dfaf3992cc9fde2c1582c76f
    Commence: 2024-11-16T00:30:00Z
  Credits: 28635 used, 71365.0 remaining
  Retry 1/3: HTTP 404: Not Found
  Credits: 28635 used, 71365.0 remaining
  Retry 2/3: HTTP 404: Not Found
  Credits: 28635 used, 71365.0 remaining
  Retry 3/3: HTTP 404: Not Found
  ❌ Failed to fetch odds for 432e5ff1dfaf3992cc9fde2c1582c76f: HTTP 404: Not Found
    ⚠️  No odds data available

  Step 2: Fetching odds for game 30/50
    Chicago Bulls @ Cleveland Cavaliers
    Event ID: 0c8bcf32079a8c03a4b22e13a8c77a41
    Commence: 2024-11-16T00:30:00Z
  Credits: 28635 used, 71365.0 remaining
  Retry 1/3: HTTP 404: Not Found
  Credits: 28635 used, 71365.0 remaining
  Retry 2/3: HTTP 404: Not Found
  Credits: 28635 used, 71365.0 remaining
  Retry 3/3: HTTP 404: Not Found
  ❌ Failed to fetch odds for 0c8bcf32079a8c03a4b22e13a8c77a41: HTTP 404: Not Found
    ⚠️  No odds data available

  Step 2: Fetching odds for game 31/50
    Los Angeles Lakers @ San Antonio Spurs
    Event ID: cfa354d9b48630ea2630af8defb2b9ef
    Commence: 2024-11-16T00:30:00Z
  Credits: 28635 used, 71365.0 remaining
  Retry 1/3: HTTP 404: Not Found
  Credits: 28635 used, 71365.0 remaining
  Retry 2/3: HTTP 404: Not Found
  Credits: 28635 used, 71365.0 remaining
  Retry 3/3: HTTP 404: Not Found
  ❌ Failed to fetch odds for cfa354d9b48630ea2630af8defb2b9ef: HTTP 404: Not Found
    ⚠️  No odds data available

  Step 2: Fetching odds for game 32/50
    Denver Nuggets @ New Orleans Pelicans
    Event ID: 3dc935a0b75960161d6bfdf8f2fa8e3d
    Commence: 2024-11-16T01:00:00Z
  Credits: 28635 used, 71365.0 remaining
  Retry 1/3: HTTP 404: Not Found
  Credits: 28635 used, 71365.0 remaining
  Retry 2/3: HTTP 404: Not Found
  Credits: 28635 used, 71365.0 remaining
  Retry 3/3: HTTP 404: Not Found
  ❌ Failed to fetch odds for 3dc935a0b75960161d6bfdf8f2fa8e3d: HTTP 404: Not Found
    ⚠️  No odds data available

  Step 2: Fetching odds for game 33/50
    Los Angeles Clippers @ Houston Rockets
    Event ID: 4440572120e5bfc80b66c6092af854dc
    Commence: 2024-11-16T01:00:00Z
  Credits: 28635 used, 71365.0 remaining
  Retry 1/3: HTTP 404: Not Found
  Credits: 28635 used, 71365.0 remaining
  Retry 2/3: HTTP 404: Not Found
  Credits: 28635 used, 71365.0 remaining
  Retry 3/3: HTTP 404: Not Found
  ❌ Failed to fetch odds for 4440572120e5bfc80b66c6092af854dc: HTTP 404: Not Found
    ⚠️  No odds data available

  Step 2: Fetching odds for game 34/50
    Phoenix Suns @ Oklahoma City Thunder
    Event ID: 4f810271cfe5cec9d74be5bf4bac935b
    Commence: 2024-11-16T01:00:00Z
  Credits: 28635 used, 71365.0 remaining
  Retry 1/3: HTTP 404: Not Found
  Credits: 28635 used, 71365.0 remaining
  Retry 2/3: HTTP 404: Not Found
  Credits: 28635 used, 71365.0 remaining
  Retry 3/3: HTTP 404: Not Found
  ❌ Failed to fetch odds for 4f810271cfe5cec9d74be5bf4bac935b: HTTP 404: Not Found
    ⚠️  No odds data available

  Step 2: Fetching odds for game 35/50
    Memphis Grizzlies @ Golden State Warriors
    Event ID: f539352357353e1bec8c5e594d1a816b
    Commence: 2024-11-16T03:00:00Z
  Credits: 28635 used, 71365.0 remaining
  Retry 1/3: HTTP 404: Not Found
  Credits: 28635 used, 71365.0 remaining
  Retry 2/3: HTTP 404: Not Found
  Credits: 28635 used, 71365.0 remaining
  Retry 3/3: HTTP 404: Not Found
  ❌ Failed to fetch odds for f539352357353e1bec8c5e594d1a816b: HTTP 404: Not Found
    ⚠️  No odds data available

  Step 2: Fetching odds for game 36/50
    Minnesota Timberwolves @ Sacramento Kings
    Event ID: 88ce2e9fedcf84d708244491037ed0f2
    Commence: 2024-11-16T03:00:00Z
  Credits: 28635 used, 71365.0 remaining
  Retry 1/3: HTTP 404: Not Found
  Credits: 28635 used, 71365.0 remaining
  Retry 2/3: HTTP 404: Not Found
  Credits: 28635 used, 71365.0 remaining
  Retry 3/3: HTTP 404: Not Found
  ❌ Failed to fetch odds for 88ce2e9fedcf84d708244491037ed0f2: HTTP 404: Not Found
    ⚠️  No odds data available

  Step 2: Fetching odds for game 37/50
    San Antonio Spurs @ New York Knicks
    Event ID: 973a6ea86af7d9e2bf4c52509822f5bf
    Commence: 2024-12-25T17:00:00Z
  Credits: 28635 used, 71365.0 remaining
    ✅ Success (76/102 games collected)
    💰 Est. credits used: 2,280/40,000

  Step 2: Fetching odds for game 38/50
    Minnesota Timberwolves @ Dallas Mavericks
    Event ID: 07a07eaa8f786d68cb371107f36f5b33
    Commence: 2024-12-25T19:30:00Z
  Credits: 28635 used, 71365.0 remaining
    ✅ Success (77/102 games collected)
    💰 Est. credits used: 2,310/40,000

  Step 2: Fetching odds for game 39/50
    Philadelphia 76ers @ Boston Celtics
    Event ID: 6f66bc2154fb45b2047e1c1c5afcdc38
    Commence: 2024-12-25T22:00:00Z
  Credits: 28635 used, 71365.0 remaining
    ✅ Success (78/102 games collected)
    💰 Est. credits used: 2,340/40,000

  Step 2: Fetching odds for game 40/50
    Los Angeles Lakers @ Golden State Warriors
    Event ID: bc6f994bad539db5054c8b750c437fb8
    Commence: 2024-12-26T01:00:00Z
  Credits: 28635 used, 71365.0 remaining
    ✅ Success (79/102 games collected)
    💰 Est. credits used: 2,370/40,000

  Step 2: Fetching odds for game 41/50
    Denver Nuggets @ Phoenix Suns
    Event ID: 22a9b650e64ca15cb0c83dc0148a571e
    Commence: 2024-12-26T03:30:00Z
  Credits: 28635 used, 71365.0 remaining
    ✅ Success (80/102 games collected)
    💰 Est. credits used: 2,400/40,000

  Step 2: Fetching odds for game 42/50
    Dallas Mavericks @ Charlotte Hornets
    Event ID: 018bca38c1fc33355f7dfc20ad69b2ee
    Commence: 2025-01-20T17:00:00Z
  Credits: 28635 used, 71365.0 remaining
  Retry 1/3: HTTP 404: Not Found
  Credits: 28635 used, 71365.0 remaining
  Retry 2/3: HTTP 404: Not Found
  Credits: 28635 used, 71365.0 remaining
  Retry 3/3: HTTP 404: Not Found
  ❌ Failed to fetch odds for 018bca38c1fc33355f7dfc20ad69b2ee: HTTP 404: Not Found
    ⚠️  No odds data available

  Step 2: Fetching odds for game 43/50
    Detroit Pistons @ Houston Rockets
    Event ID: 648497f8f49bde0d229d66eb1e3c27d3
    Commence: 2025-01-20T19:00:00Z
  Credits: 28635 used, 71365.0 remaining
  Retry 1/3: HTTP 404: Not Found
  Credits: 28635 used, 71365.0 remaining
  Retry 2/3: HTTP 404: Not Found
  Credits: 28635 used, 71365.0 remaining
  Retry 3/3: HTTP 404: Not Found
  ❌ Failed to fetch odds for 648497f8f49bde0d229d66eb1e3c27d3: HTTP 404: Not Found
    ⚠️  No odds data available

  Step 2: Fetching odds for game 44/50
    Minnesota Timberwolves @ Memphis Grizzlies
    Event ID: 499a4015cf50b478efb61409fa0786d5
    Commence: 2025-01-20T19:30:00Z
  Credits: 28635 used, 71365.0 remaining
  Retry 1/3: HTTP 404: Not Found
  Credits: 28635 used, 71365.0 remaining
  Retry 2/3: HTTP 404: Not Found
  Credits: 28635 used, 71365.0 remaining
  Retry 3/3: HTTP 404: Not Found
  ❌ Failed to fetch odds for 499a4015cf50b478efb61409fa0786d5: HTTP 404: Not Found
    ⚠️  No odds data available

  Step 2: Fetching odds for game 45/50
    Atlanta Hawks @ New York Knicks
    Event ID: b736883206d52bd2d7f89ed1d3c89f62
    Commence: 2025-01-20T20:00:00Z
  Credits: 28635 used, 71365.0 remaining
  Retry 1/3: HTTP 404: Not Found
  Credits: 28635 used, 71365.0 remaining
  Retry 2/3: HTTP 404: Not Found
  Credits: 28635 used, 71365.0 remaining
  Retry 3/3: HTTP 404: Not Found
  ❌ Failed to fetch odds for b736883206d52bd2d7f89ed1d3c89f62: HTTP 404: Not Found
    ⚠️  No odds data available

  Step 2: Fetching odds for game 46/50
    Phoenix Suns @ Cleveland Cavaliers
    Event ID: 78c8db06b7974d20983f9b3c9bc1b678
    Commence: 2025-01-20T20:30:00Z
  Credits: 28635 used, 71365.0 remaining
  Retry 1/3: HTTP 404: Not Found
  Credits: 28635 used, 71365.0 remaining
  Retry 2/3: HTTP 404: Not Found
  Credits: 28635 used, 71365.0 remaining
  Retry 3/3: HTTP 404: Not Found
  ❌ Failed to fetch odds for 78c8db06b7974d20983f9b3c9bc1b678: HTTP 404: Not Found
    ⚠️  No odds data available

  Step 2: Fetching odds for game 47/50
    Boston Celtics @ Golden State Warriors
    Event ID: 173d7d5f2bf8881f4bc4a2179fdf895f
    Commence: 2025-01-20T22:00:00Z
  Credits: 28635 used, 71365.0 remaining
  Retry 1/3: HTTP 404: Not Found
  Credits: 28635 used, 71365.0 remaining
  Retry 2/3: HTTP 404: Not Found
  Credits: 28635 used, 71365.0 remaining
  Retry 3/3: HTTP 404: Not Found
  ❌ Failed to fetch odds for 173d7d5f2bf8881f4bc4a2179fdf895f: HTTP 404: Not Found
    ⚠️  No odds data available

  Step 2: Fetching odds for game 48/50
    Utah Jazz @ New Orleans Pelicans
    Event ID: 20515d2b43e180979c39074d4f7bcb3f
    Commence: 2025-01-21T01:00:00Z
  Credits: 28635 used, 71365.0 remaining
  Retry 1/3: HTTP 404: Not Found
  Credits: 28635 used, 71365.0 remaining
  Retry 2/3: HTTP 404: Not Found
  Credits: 28635 used, 71365.0 remaining
  Retry 3/3: HTTP 404: Not Found
  ❌ Failed to fetch odds for 20515d2b43e180979c39074d4f7bcb3f: HTTP 404: Not Found
    ⚠️  No odds data available

  Step 2: Fetching odds for game 49/50
    San Antonio Spurs @ Indiana Pacers
    Event ID: 59065cde52a9e2b367362915f8e2298a
    Commence: 2025-01-23T19:00:00Z
  Credits: 28635 used, 71365.0 remaining
  Retry 1/3: HTTP 404: Not Found
  Credits: 28635 used, 71365.0 remaining
  Retry 2/3: HTTP 404: Not Found
  Credits: 28635 used, 71365.0 remaining
  Retry 3/3: HTTP 404: Not Found
  ❌ Failed to fetch odds for 59065cde52a9e2b367362915f8e2298a: HTTP 404: Not Found
    ⚠️  No odds data available

  Step 2: Fetching odds for game 50/50
    Indiana Pacers @ San Antonio Spurs
    Event ID: 178af5284f2a47d4e8b7771bebab5da9
    Commence: 2025-01-25T17:00:00Z
  Credits: 28635 used, 71365.0 remaining
  Retry 1/3: HTTP 404: Not Found
  Credits: 28635 used, 71365.0 remaining
  Retry 2/3: HTTP 404: Not Found
  Credits: 28635 used, 71365.0 remaining
  Retry 3/3: HTTP 404: Not Found
  ❌ Failed to fetch odds for 178af5284f2a47d4e8b7771bebab5da9: HTTP 404: Not Found
    ⚠️  No odds data available

[3/174] Processing 2024-10-24...
  Step 1: Fetching event IDs...
  Credits: 28636 used, 71364.0 remaining
  Found 25 game(s)

  Step 2: Fetching odds for game 1/25
    Boston Celtics @ Washington Wizards
    Event ID: 9e5c6a9f958653c964712b118e07f6ab
    Commence: 2024-10-24T23:10:00Z
  Credits: 28666 used, 71334.0 remaining
    ✅ Success (81/127 games collected)
    💰 Est. credits used: 2,430/40,000

  Step 2: Fetching odds for game 2/25
    San Antonio Spurs @ Dallas Mavericks
    Event ID: 9fc2bfeed6fed586c135c5f1bafbab54
    Commence: 2024-10-24T23:40:00Z
  Credits: 28696 used, 71304.0 remaining
    ✅ Success (82/127 games collected)
    💰 Est. credits used: 2,460/40,000

  Step 2: Fetching odds for game 3/25
    Oklahoma City Thunder @ Denver Nuggets
    Event ID: d1c48b0232af93a5b1b27fce495ae28b
    Commence: 2024-10-25T02:00:00Z
  Credits: 28726 used, 71274.0 remaining
    ✅ Success (83/127 games collected)
    💰 Est. credits used: 2,490/40,000

  Step 2: Fetching odds for game 4/25
    Minnesota Timberwolves @ Sacramento Kings
    Event ID: 933e68c9038b6d3a7ffd59790addde8d
    Commence: 2024-10-25T02:10:00Z
  Credits: 28756 used, 71244.0 remaining
    ✅ Success (84/127 games collected)
    💰 Est. credits used: 2,520/40,000

  Step 2: Fetching odds for game 5/25
    Brooklyn Nets @ Orlando Magic
    Event ID: 7cdee69a4e2927c0b2c17e7bfbfd6ab0
    Commence: 2024-10-25T23:10:00Z
  Credits: 28786 used, 71214.0 remaining
    ✅ Success (85/127 games collected)
    💰 Est. credits used: 2,550/40,000

  Step 2: Fetching odds for game 6/25
    Philadelphia 76ers @ Toronto Raptors
    Event ID: 0f18f0a08f985e86e9db9430b5a85e3f
    Commence: 2024-10-25T23:10:00Z
  Credits: 28786 used, 71214.0 remaining
    ✅ Success (86/127 games collected)
    💰 Est. credits used: 2,580/40,000

  Step 2: Fetching odds for game 7/25
    Charlotte Hornets @ Atlanta Hawks
    Event ID: d9b45f284cc30d3ee16f3d38499ff6fe
    Commence: 2024-10-25T23:40:00Z
  Credits: 28816 used, 71184.0 remaining
    ✅ Success (87/127 games collected)
    💰 Est. credits used: 2,610/40,000

  Step 2: Fetching odds for game 8/25
    Detroit Pistons @ Cleveland Cavaliers
    Event ID: d427c123a47ed18e5c6a00749921fa34
    Commence: 2024-10-25T23:40:00Z
  Credits: 28846 used, 71154.0 remaining
    ✅ Success (88/127 games collected)
    💰 Est. credits used: 2,640/40,000

  Step 2: Fetching odds for game 9/25
    Indiana Pacers @ New York Knicks
    Event ID: 3212efff7788723bdd2ec598fd8f7a43
    Commence: 2024-10-25T23:40:00Z
  Credits: 28876 used, 71124.0 remaining
    ✅ Success (89/127 games collected)
    💰 Est. credits used: 2,670/40,000

  Step 2: Fetching odds for game 10/25
    Chicago Bulls @ Milwaukee Bucks
    Event ID: 4d100d17e68d4c23be0801e6574919e7
    Commence: 2024-10-26T00:10:00Z
  Credits: 28876 used, 71124.0 remaining
    ✅ Success (90/127 games collected)
    💰 Est. credits used: 2,700/40,000

  Step 2: Fetching odds for game 11/25
    Memphis Grizzlies @ Houston Rockets
    Event ID: b2442e1bb0182208b3850a6574b179f0
    Commence: 2024-10-26T00:10:00Z
  Credits: 28886 used, 71114.0 remaining
    ✅ Success (91/127 games collected)
    💰 Est. credits used: 2,730/40,000

  Step 2: Fetching odds for game 12/25
    Phoenix Suns @ Los Angeles Lakers
    Event ID: 74aea6b7943c5717d05eb1e6d05a75c6
    Commence: 2024-10-26T02:10:00Z
  Credits: 28916 used, 71084.0 remaining
    ✅ Success (92/127 games collected)
    💰 Est. credits used: 2,760/40,000

  Step 2: Fetching odds for game 13/25
    Atlanta Hawks @ Boston Celtics
    Event ID: 74058cb479045efa21ebd5c57050e23e
    Commence: 2024-11-13T00:00:00Z
  Credits: 28916 used, 71084.0 remaining
    ✅ Success (93/127 games collected)
    💰 Est. credits used: 2,790/40,000

  Step 2: Fetching odds for game 14/25
    Charlotte Hornets @ Orlando Magic
    Event ID: ff0b160b9779ae75b9f7d05511270837
    Commence: 2024-11-13T00:00:00Z
  Credits: 28916 used, 71084.0 remaining
    ✅ Success (94/127 games collected)
    💰 Est. credits used: 2,820/40,000

  Step 2: Fetching odds for game 15/25
    Miami Heat @ Detroit Pistons
    Event ID: e80e0c514aa69872360f58b079796a8b
    Commence: 2024-11-13T00:00:00Z
  Credits: 28916 used, 71084.0 remaining
    ✅ Success (95/127 games collected)
    💰 Est. credits used: 2,850/40,000

  Step 2: Fetching odds for game 16/25
    New York Knicks @ Philadelphia 76ers
    Event ID: 2d650fff73dcc627c1c0de3a4694e9fc
    Commence: 2024-11-13T00:30:00Z
  Credits: 28916 used, 71084.0 remaining
    ✅ Success (96/127 games collected)
    💰 Est. credits used: 2,880/40,000

  Step 2: Fetching odds for game 17/25
    Toronto Raptors @ Milwaukee Bucks
    Event ID: 30e4d7fc5396e7b0b8be16b278c123fe
    Commence: 2024-11-13T01:00:00Z
  Credits: 28916 used, 71084.0 remaining
    ✅ Success (97/127 games collected)
    💰 Est. credits used: 2,910/40,000

  Step 2: Fetching odds for game 18/25
    Phoenix Suns @ Utah Jazz
    Event ID: 6050b0be3ce7b57b77ef6695b9cecaa1
    Commence: 2024-11-13T02:00:00Z
  Credits: 28916 used, 71084.0 remaining
    ✅ Success (98/127 games collected)
    💰 Est. credits used: 2,940/40,000

  Step 2: Fetching odds for game 19/25
    Dallas Mavericks @ Golden State Warriors
    Event ID: f0bfcb563a5de00b392bda6960db1796
    Commence: 2024-11-13T03:00:00Z
  Credits: 28916 used, 71084.0 remaining
    ✅ Success (99/127 games collected)
    💰 Est. credits used: 2,970/40,000

  Step 2: Fetching odds for game 20/25
    Minnesota Timberwolves @ Portland Trail Blazers
    Event ID: 4a86e15d2c8c52972524be69d15941cc
    Commence: 2024-11-13T03:00:00Z
  Credits: 28916 used, 71084.0 remaining
    ✅ Success (100/127 games collected)
    💰 Est. credits used: 3,000/40,000

  Step 2: Fetching odds for game 21/25
    San Antonio Spurs @ New York Knicks
    Event ID: 973a6ea86af7d9e2bf4c52509822f5bf
    Commence: 2024-12-25T17:00:00Z
  Credits: 28916 used, 71084.0 remaining
    ✅ Success (101/127 games collected)
    💰 Est. credits used: 3,030/40,000

  Step 2: Fetching odds for game 22/25
    Minnesota Timberwolves @ Dallas Mavericks
    Event ID: 07a07eaa8f786d68cb371107f36f5b33
    Commence: 2024-12-25T19:30:00Z
  Credits: 28916 used, 71084.0 remaining
    ✅ Success (102/127 games collected)
    💰 Est. credits used: 3,060/40,000

  Step 2: Fetching odds for game 23/25
    Philadelphia 76ers @ Boston Celtics
    Event ID: 6f66bc2154fb45b2047e1c1c5afcdc38
    Commence: 2024-12-25T22:00:00Z
  Credits: 28916 used, 71084.0 remaining
    ✅ Success (103/127 games collected)
    💰 Est. credits used: 3,090/40,000

  Step 2: Fetching odds for game 24/25
    Los Angeles Lakers @ Golden State Warriors
    Event ID: bc6f994bad539db5054c8b750c437fb8
    Commence: 2024-12-26T01:00:00Z
  Credits: 28916 used, 71084.0 remaining
    ✅ Success (104/127 games collected)
    💰 Est. credits used: 3,120/40,000

  Step 2: Fetching odds for game 25/25
    Denver Nuggets @ Phoenix Suns
    Event ID: 22a9b650e64ca15cb0c83dc0148a571e
    Commence: 2024-12-26T03:30:00Z
  Credits: 28916 used, 71084.0 remaining
    ✅ Success (105/127 games collected)
    💰 Est. credits used: 3,150/40,000

[4/174] Processing 2024-10-25...
  Step 1: Fetching event IDs...
  Credits: 28917 used, 71083.0 remaining
  Found 23 game(s)

  Step 2: Fetching odds for game 1/23
    Brooklyn Nets @ Orlando Magic
    Event ID: 7cdee69a4e2927c0b2c17e7bfbfd6ab0
    Commence: 2024-10-25T23:10:00Z
  Credits: 28947 used, 71053.0 remaining
    ✅ Success (106/150 games collected)
    💰 Est. credits used: 3,180/40,000

  Step 2: Fetching odds for game 2/23
    Philadelphia 76ers @ Toronto Raptors
    Event ID: 0f18f0a08f985e86e9db9430b5a85e3f
    Commence: 2024-10-25T23:10:00Z
  Credits: 28977 used, 71023.0 remaining
    ✅ Success (107/150 games collected)
    💰 Est. credits used: 3,210/40,000

  Step 2: Fetching odds for game 3/23
    Charlotte Hornets @ Atlanta Hawks
    Event ID: d9b45f284cc30d3ee16f3d38499ff6fe
    Commence: 2024-10-25T23:40:00Z
  Credits: 29007 used, 70993.0 remaining
    ✅ Success (108/150 games collected)
    💰 Est. credits used: 3,240/40,000

  Step 2: Fetching odds for game 4/23
    Detroit Pistons @ Cleveland Cavaliers
    Event ID: d427c123a47ed18e5c6a00749921fa34
    Commence: 2024-10-25T23:40:00Z
  Credits: 29037 used, 70963.0 remaining
    ✅ Success (109/150 games collected)
    💰 Est. credits used: 3,270/40,000

  Step 2: Fetching odds for game 5/23
    Indiana Pacers @ New York Knicks
    Event ID: 3212efff7788723bdd2ec598fd8f7a43
    Commence: 2024-10-25T23:40:00Z
  Credits: 29067 used, 70933.0 remaining
    ✅ Success (110/150 games collected)
    💰 Est. credits used: 3,300/40,000

  Step 2: Fetching odds for game 6/23
    Chicago Bulls @ Milwaukee Bucks
    Event ID: 4d100d17e68d4c23be0801e6574919e7
    Commence: 2024-10-26T00:10:00Z
  Credits: 29097 used, 70903.0 remaining
    ✅ Success (111/150 games collected)
    💰 Est. credits used: 3,330/40,000

  Step 2: Fetching odds for game 7/23
    Memphis Grizzlies @ Houston Rockets
    Event ID: b2442e1bb0182208b3850a6574b179f0
    Commence: 2024-10-26T00:10:00Z
  Credits: 29127 used, 70873.0 remaining
    ✅ Success (112/150 games collected)
    💰 Est. credits used: 3,360/40,000

  Step 2: Fetching odds for game 8/23
    Golden State Warriors @ Utah Jazz
    Event ID: cf2f4cd5b4e9c76b594bcc5346ba509a
    Commence: 2024-10-26T01:40:00Z
  Credits: 29157 used, 70843.0 remaining
    ✅ Success (113/150 games collected)
    💰 Est. credits used: 3,390/40,000

  Step 2: Fetching odds for game 9/23
    Phoenix Suns @ Los Angeles Lakers
    Event ID: 74aea6b7943c5717d05eb1e6d05a75c6
    Commence: 2024-10-26T02:10:00Z
  Credits: 29187 used, 70813.0 remaining
    ✅ Success (114/150 games collected)
    💰 Est. credits used: 3,420/40,000

  Step 2: Fetching odds for game 10/23
    New Orleans Pelicans @ Portland Trail Blazers
    Event ID: 21491b71fdca2f4146fcd5263a14675f
    Commence: 2024-10-26T02:10:00Z
  Credits: 29217 used, 70783.0 remaining
    ✅ Success (115/150 games collected)
    💰 Est. credits used: 3,450/40,000

  Step 2: Fetching odds for game 11/23
    Atlanta Hawks @ Boston Celtics
    Event ID: 74058cb479045efa21ebd5c57050e23e
    Commence: 2024-11-13T00:00:00Z
  Credits: 29217 used, 70783.0 remaining
    ✅ Success (116/150 games collected)
    💰 Est. credits used: 3,480/40,000

  Step 2: Fetching odds for game 12/23
    Charlotte Hornets @ Orlando Magic
    Event ID: ff0b160b9779ae75b9f7d05511270837
    Commence: 2024-11-13T00:00:00Z
  Credits: 29217 used, 70783.0 remaining
    ✅ Success (117/150 games collected)
    💰 Est. credits used: 3,510/40,000

  Step 2: Fetching odds for game 13/23
    Miami Heat @ Detroit Pistons
    Event ID: e80e0c514aa69872360f58b079796a8b
    Commence: 2024-11-13T00:00:00Z
  Credits: 29217 used, 70783.0 remaining
    ✅ Success (118/150 games collected)
    💰 Est. credits used: 3,540/40,000

  Step 2: Fetching odds for game 14/23
    New York Knicks @ Philadelphia 76ers
    Event ID: 2d650fff73dcc627c1c0de3a4694e9fc
    Commence: 2024-11-13T00:30:00Z
  Credits: 29217 used, 70783.0 remaining
    ✅ Success (119/150 games collected)
    💰 Est. credits used: 3,570/40,000

  Step 2: Fetching odds for game 15/23
    Toronto Raptors @ Milwaukee Bucks
    Event ID: 30e4d7fc5396e7b0b8be16b278c123fe
    Commence: 2024-11-13T01:00:00Z
  Credits: 29217 used, 70783.0 remaining
    ✅ Success (120/150 games collected)
    💰 Est. credits used: 3,600/40,000

  Step 2: Fetching odds for game 16/23
    Phoenix Suns @ Utah Jazz
    Event ID: 6050b0be3ce7b57b77ef6695b9cecaa1
    Commence: 2024-11-13T02:00:00Z
  Credits: 29217 used, 70783.0 remaining
    ✅ Success (121/150 games collected)
    💰 Est. credits used: 3,630/40,000

  Step 2: Fetching odds for game 17/23
    Dallas Mavericks @ Golden State Warriors
    Event ID: f0bfcb563a5de00b392bda6960db1796
    Commence: 2024-11-13T03:00:00Z
  Credits: 29217 used, 70783.0 remaining
    ✅ Success (122/150 games collected)
    💰 Est. credits used: 3,660/40,000

  Step 2: Fetching odds for game 18/23
    Minnesota Timberwolves @ Portland Trail Blazers
    Event ID: 4a86e15d2c8c52972524be69d15941cc
    Commence: 2024-11-13T03:00:00Z
  Credits: 29217 used, 70783.0 remaining
    ✅ Success (123/150 games collected)
    💰 Est. credits used: 3,690/40,000

  Step 2: Fetching odds for game 19/23
    San Antonio Spurs @ New York Knicks
    Event ID: 973a6ea86af7d9e2bf4c52509822f5bf
    Commence: 2024-12-25T17:00:00Z
  Credits: 29217 used, 70783.0 remaining
    ✅ Success (124/150 games collected)
    💰 Est. credits used: 3,720/40,000

  Step 2: Fetching odds for game 20/23
    Minnesota Timberwolves @ Dallas Mavericks
    Event ID: 07a07eaa8f786d68cb371107f36f5b33
    Commence: 2024-12-25T19:30:00Z
  Credits: 29217 used, 70783.0 remaining
    ✅ Success (125/150 games collected)
    💰 Est. credits used: 3,750/40,000

  Step 2: Fetching odds for game 21/23
    Philadelphia 76ers @ Boston Celtics
    Event ID: 6f66bc2154fb45b2047e1c1c5afcdc38
    Commence: 2024-12-25T22:00:00Z
  Credits: 29217 used, 70783.0 remaining
    ✅ Success (126/150 games collected)
    💰 Est. credits used: 3,780/40,000

  Step 2: Fetching odds for game 22/23
    Los Angeles Lakers @ Golden State Warriors
    Event ID: bc6f994bad539db5054c8b750c437fb8
    Commence: 2024-12-26T01:00:00Z
  Credits: 29217 used, 70783.0 remaining
    ✅ Success (127/150 games collected)
    💰 Est. credits used: 3,810/40,000

  Step 2: Fetching odds for game 23/23
    Denver Nuggets @ Phoenix Suns
    Event ID: 22a9b650e64ca15cb0c83dc0148a571e
    Commence: 2024-12-26T03:30:00Z
  Credits: 29217 used, 70783.0 remaining
    ✅ Success (128/150 games collected)
    💰 Est. credits used: 3,840/40,000

[5/174] Processing 2024-10-26...
  Step 1: Fetching event IDs...
  Credits: 29218 used, 70782.0 remaining
  Found 23 game(s)

  Step 2: Fetching odds for game 1/23
    Los Angeles Clippers @ Denver Nuggets
    Event ID: cfb19547e4e15469539403ef660d3a4e
    Commence: 2024-10-26T21:10:00Z
  Credits: 29218 used, 70782.0 remaining
  Retry 1/3: HTTP 404: Not Found
  Credits: 29218 used, 70782.0 remaining
  Retry 2/3: HTTP 404: Not Found
  Credits: 29218 used, 70782.0 remaining
  Retry 3/3: HTTP 404: Not Found
  ❌ Failed to fetch odds for cfb19547e4e15469539403ef660d3a4e: HTTP 404: Not Found
    ⚠️  No odds data available

  Step 2: Fetching odds for game 2/23
    Boston Celtics @ Detroit Pistons
    Event ID: feb862ee9dbe752f1bba0ffb774ddc4a
    Commence: 2024-10-26T23:10:00Z
  Credits: 29248 used, 70752.0 remaining
    ✅ Success (129/173 games collected)
    💰 Est. credits used: 3,870/40,000

  Step 2: Fetching odds for game 3/23
    Miami Heat @ Charlotte Hornets
    Event ID: f02c49d363fa412285c5bd630e6b8db0
    Commence: 2024-10-26T23:10:00Z
  Credits: 29278 used, 70722.0 remaining
    ✅ Success (130/173 games collected)
    💰 Est. credits used: 3,900/40,000

  Step 2: Fetching odds for game 4/23
    Cleveland Cavaliers @ Washington Wizards
    Event ID: 69e41216a389779310992902c407fb16
    Commence: 2024-10-26T23:10:00Z
  Credits: 29308 used, 70692.0 remaining
    ✅ Success (131/173 games collected)
    💰 Est. credits used: 3,930/40,000

  Step 2: Fetching odds for game 5/23
    Oklahoma City Thunder @ Chicago Bulls
    Event ID: f9c7d537298de376639b2518f9d89d15
    Commence: 2024-10-27T00:10:00Z
  Credits: 29338 used, 70662.0 remaining
    ✅ Success (132/173 games collected)
    💰 Est. credits used: 3,960/40,000

  Step 2: Fetching odds for game 6/23
    Orlando Magic @ Memphis Grizzlies
    Event ID: 12d7b6212965fe28084bd6d296a3ef86
    Commence: 2024-10-27T00:10:00Z
  Credits: 29368 used, 70632.0 remaining
    ✅ Success (133/173 games collected)
    💰 Est. credits used: 3,990/40,000

  Step 2: Fetching odds for game 7/23
    Toronto Raptors @ Minnesota Timberwolves
    Event ID: 7f8a6c1e24166c8829e4545b4bdf9904
    Commence: 2024-10-27T00:10:00Z
  Credits: 29398 used, 70602.0 remaining
    ✅ Success (134/173 games collected)
    💰 Est. credits used: 4,020/40,000

  Step 2: Fetching odds for game 8/23
    Houston Rockets @ San Antonio Spurs
    Event ID: 467b1bf2892dff18154294934b7edbe7
    Commence: 2024-10-27T00:40:00Z
  Credits: 29428 used, 70572.0 remaining
    ✅ Success (135/173 games collected)
    💰 Est. credits used: 4,050/40,000

  Step 2: Fetching odds for game 9/23
    Dallas Mavericks @ Phoenix Suns
    Event ID: 8de0609d2ecb76c604ea0234f3634e97
    Commence: 2024-10-27T02:10:00Z
  Credits: 29458 used, 70542.0 remaining
    ✅ Success (136/173 games collected)
    💰 Est. credits used: 4,080/40,000

  Step 2: Fetching odds for game 10/23
    Sacramento Kings @ Los Angeles Lakers
    Event ID: 0e1aef8ecad498b06dc9785da1b02a84
    Commence: 2024-10-27T02:40:00Z
  Credits: 29488 used, 70512.0 remaining
    ✅ Success (137/173 games collected)
    💰 Est. credits used: 4,110/40,000

  Step 2: Fetching odds for game 11/23
    Atlanta Hawks @ Boston Celtics
    Event ID: 74058cb479045efa21ebd5c57050e23e
    Commence: 2024-11-13T00:00:00Z
  Credits: 29488 used, 70512.0 remaining
    ✅ Success (138/173 games collected)
    💰 Est. credits used: 4,140/40,000

  Step 2: Fetching odds for game 12/23
    Charlotte Hornets @ Orlando Magic
    Event ID: ff0b160b9779ae75b9f7d05511270837
    Commence: 2024-11-13T00:00:00Z
  Credits: 29488 used, 70512.0 remaining
    ✅ Success (139/173 games collected)
    💰 Est. credits used: 4,170/40,000

  Step 2: Fetching odds for game 13/23
    Miami Heat @ Detroit Pistons
    Event ID: e80e0c514aa69872360f58b079796a8b
    Commence: 2024-11-13T00:00:00Z
  Credits: 29488 used, 70512.0 remaining
    ✅ Success (140/173 games collected)
    💰 Est. credits used: 4,200/40,000

  Step 2: Fetching odds for game 14/23
    New York Knicks @ Philadelphia 76ers
    Event ID: 2d650fff73dcc627c1c0de3a4694e9fc
    Commence: 2024-11-13T00:30:00Z
  Credits: 29488 used, 70512.0 remaining
    ✅ Success (141/173 games collected)
    💰 Est. credits used: 4,230/40,000

  Step 2: Fetching odds for game 15/23
    Toronto Raptors @ Milwaukee Bucks
    Event ID: 30e4d7fc5396e7b0b8be16b278c123fe
    Commence: 2024-11-13T01:00:00Z
  Credits: 29488 used, 70512.0 remaining
    ✅ Success (142/173 games collected)
    💰 Est. credits used: 4,260/40,000

  Step 2: Fetching odds for game 16/23
    Phoenix Suns @ Utah Jazz
    Event ID: 6050b0be3ce7b57b77ef6695b9cecaa1
    Commence: 2024-11-13T02:00:00Z
  Credits: 29488 used, 70512.0 remaining
    ✅ Success (143/173 games collected)
    💰 Est. credits used: 4,290/40,000

  Step 2: Fetching odds for game 17/23
    Dallas Mavericks @ Golden State Warriors
    Event ID: f0bfcb563a5de00b392bda6960db1796
    Commence: 2024-11-13T03:00:00Z
  Credits: 29488 used, 70512.0 remaining
    ✅ Success (144/173 games collected)
    💰 Est. credits used: 4,320/40,000

  Step 2: Fetching odds for game 18/23
    Minnesota Timberwolves @ Portland Trail Blazers
    Event ID: 4a86e15d2c8c52972524be69d15941cc
    Commence: 2024-11-13T03:00:00Z
  Credits: 29488 used, 70512.0 remaining
    ✅ Success (145/173 games collected)
    💰 Est. credits used: 4,350/40,000

  Step 2: Fetching odds for game 19/23
    San Antonio Spurs @ New York Knicks
    Event ID: 973a6ea86af7d9e2bf4c52509822f5bf
    Commence: 2024-12-25T17:00:00Z
  Credits: 29488 used, 70512.0 remaining
    ✅ Success (146/173 games collected)
    💰 Est. credits used: 4,380/40,000

  Step 2: Fetching odds for game 20/23
    Minnesota Timberwolves @ Dallas Mavericks
    Event ID: 07a07eaa8f786d68cb371107f36f5b33
    Commence: 2024-12-25T19:30:00Z
  Credits: 29488 used, 70512.0 remaining
    ✅ Success (147/173 games collected)
    💰 Est. credits used: 4,410/40,000

  Step 2: Fetching odds for game 21/23
    Philadelphia 76ers @ Boston Celtics
    Event ID: 6f66bc2154fb45b2047e1c1c5afcdc38
    Commence: 2024-12-25T22:00:00Z
  Credits: 29488 used, 70512.0 remaining
    ✅ Success (148/173 games collected)
    💰 Est. credits used: 4,440/40,000

  Step 2: Fetching odds for game 22/23
    Los Angeles Lakers @ Golden State Warriors
    Event ID: bc6f994bad539db5054c8b750c437fb8
    Commence: 2024-12-26T01:00:00Z
  Credits: 29488 used, 70512.0 remaining
    ✅ Success (149/173 games collected)
    💰 Est. credits used: 4,470/40,000

  Step 2: Fetching odds for game 23/23
    Denver Nuggets @ Phoenix Suns
    Event ID: 22a9b650e64ca15cb0c83dc0148a571e
    Commence: 2024-12-26T03:30:00Z
  Credits: 29488 used, 70512.0 remaining
    ✅ Success (150/173 games collected)
    💰 Est. credits used: 4,500/40,000

[6/174] Processing 2024-10-27...
  Step 1: Fetching event IDs...
  Credits: 29489 used, 70511.0 remaining
  Found 18 game(s)

  Step 2: Fetching odds for game 1/18
    Philadelphia 76ers @ Indiana Pacers
    Event ID: 6aed95c15b1b55b0d40f911cf702c2e8
    Commence: 2024-10-27T19:40:00Z
  Credits: 29489 used, 70511.0 remaining
  Retry 1/3: HTTP 404: Not Found
  Credits: 29489 used, 70511.0 remaining
  Retry 2/3: HTTP 404: Not Found
  Credits: 29489 used, 70511.0 remaining
  Retry 3/3: HTTP 404: Not Found
  ❌ Failed to fetch odds for 6aed95c15b1b55b0d40f911cf702c2e8: HTTP 404: Not Found
    ⚠️  No odds data available

  Step 2: Fetching odds for game 2/18
    Milwaukee Bucks @ Brooklyn Nets
    Event ID: cfd6ffdc9bdbbb7be1a69e17b936efbe
    Commence: 2024-10-27T22:10:00Z
  Credits: 29519 used, 70481.0 remaining
    ✅ Success (151/191 games collected)
    💰 Est. credits used: 4,530/40,000

  Step 2: Fetching odds for game 3/18
    New Orleans Pelicans @ Portland Trail Blazers
    Event ID: f3886316e64ad5e79bc457ce7d19a9bb
    Commence: 2024-10-27T22:10:00Z
  Credits: 29549 used, 70451.0 remaining
    ✅ Success (152/191 games collected)
    💰 Est. credits used: 4,560/40,000

  Step 2: Fetching odds for game 4/18
    Atlanta Hawks @ Oklahoma City Thunder
    Event ID: 6e6ff2fd930b652ba8469b898ecd8cf2
    Commence: 2024-10-27T23:10:00Z
  Credits: 29579 used, 70421.0 remaining
    ✅ Success (153/191 games collected)
    💰 Est. credits used: 4,590/40,000

  Step 2: Fetching odds for game 5/18
    Los Angeles Clippers @ Golden State Warriors
    Event ID: 76a04d121df0cce534863990126ac8c9
    Commence: 2024-10-28T00:40:00Z
  Credits: 29609 used, 70391.0 remaining
    ✅ Success (154/191 games collected)
    💰 Est. credits used: 4,620/40,000

  Step 2: Fetching odds for game 6/18
    Atlanta Hawks @ Boston Celtics
    Event ID: 74058cb479045efa21ebd5c57050e23e
    Commence: 2024-11-13T00:00:00Z
  Credits: 29609 used, 70391.0 remaining
    ✅ Success (155/191 games collected)
    💰 Est. credits used: 4,650/40,000

  Step 2: Fetching odds for game 7/18
    Charlotte Hornets @ Orlando Magic
    Event ID: ff0b160b9779ae75b9f7d05511270837
    Commence: 2024-11-13T00:00:00Z
  Credits: 29609 used, 70391.0 remaining
    ✅ Success (156/191 games collected)
    💰 Est. credits used: 4,680/40,000

  Step 2: Fetching odds for game 8/18
    Miami Heat @ Detroit Pistons
    Event ID: e80e0c514aa69872360f58b079796a8b
    Commence: 2024-11-13T00:00:00Z
  Credits: 29609 used, 70391.0 remaining
    ✅ Success (157/191 games collected)
    💰 Est. credits used: 4,710/40,000

  Step 2: Fetching odds for game 9/18
    New York Knicks @ Philadelphia 76ers
    Event ID: 2d650fff73dcc627c1c0de3a4694e9fc
    Commence: 2024-11-13T00:30:00Z
  Credits: 29609 used, 70391.0 remaining
    ✅ Success (158/191 games collected)
    💰 Est. credits used: 4,740/40,000

  Step 2: Fetching odds for game 10/18
    Toronto Raptors @ Milwaukee Bucks
    Event ID: 30e4d7fc5396e7b0b8be16b278c123fe
    Commence: 2024-11-13T01:00:00Z
  Credits: 29609 used, 70391.0 remaining
    ✅ Success (159/191 games collected)
    💰 Est. credits used: 4,770/40,000

  Step 2: Fetching odds for game 11/18
    Phoenix Suns @ Utah Jazz
    Event ID: 6050b0be3ce7b57b77ef6695b9cecaa1
    Commence: 2024-11-13T02:00:00Z
  Credits: 29609 used, 70391.0 remaining
    ✅ Success (160/191 games collected)
    💰 Est. credits used: 4,800/40,000

  Step 2: Fetching odds for game 12/18
    Dallas Mavericks @ Golden State Warriors
    Event ID: f0bfcb563a5de00b392bda6960db1796
    Commence: 2024-11-13T03:00:00Z
  Credits: 29609 used, 70391.0 remaining
    ✅ Success (161/191 games collected)
    💰 Est. credits used: 4,830/40,000

  Step 2: Fetching odds for game 13/18
    Minnesota Timberwolves @ Portland Trail Blazers
    Event ID: 4a86e15d2c8c52972524be69d15941cc
    Commence: 2024-11-13T03:00:00Z
  Credits: 29609 used, 70391.0 remaining
    ✅ Success (162/191 games collected)
    💰 Est. credits used: 4,860/40,000

  Step 2: Fetching odds for game 14/18
    San Antonio Spurs @ New York Knicks
    Event ID: 973a6ea86af7d9e2bf4c52509822f5bf
    Commence: 2024-12-25T17:00:00Z
  Credits: 29609 used, 70391.0 remaining
    ✅ Success (163/191 games collected)
    💰 Est. credits used: 4,890/40,000

  Step 2: Fetching odds for game 15/18
    Minnesota Timberwolves @ Dallas Mavericks
    Event ID: 07a07eaa8f786d68cb371107f36f5b33
    Commence: 2024-12-25T19:30:00Z
  Credits: 29609 used, 70391.0 remaining
    ✅ Success (164/191 games collected)
    💰 Est. credits used: 4,920/40,000

  Step 2: Fetching odds for game 16/18
    Philadelphia 76ers @ Boston Celtics
    Event ID: 6f66bc2154fb45b2047e1c1c5afcdc38
    Commence: 2024-12-25T22:00:00Z
  Credits: 29609 used, 70391.0 remaining
    ✅ Success (165/191 games collected)
    💰 Est. credits used: 4,950/40,000

  Step 2: Fetching odds for game 17/18
    Los Angeles Lakers @ Golden State Warriors
    Event ID: bc6f994bad539db5054c8b750c437fb8
    Commence: 2024-12-26T01:00:00Z
  Credits: 29609 used, 70391.0 remaining
    ✅ Success (166/191 games collected)
    💰 Est. credits used: 4,980/40,000

  Step 2: Fetching odds for game 18/18
    Denver Nuggets @ Phoenix Suns
    Event ID: 22a9b650e64ca15cb0c83dc0148a571e
    Commence: 2024-12-26T03:30:00Z
  Credits: 29609 used, 70391.0 remaining
    ✅ Success (167/191 games collected)
    💰 Est. credits used: 5,010/40,000

[7/174] Processing 2024-10-28...
  Step 1: Fetching event IDs...
  Credits: 29610 used, 70390.0 remaining
  Found 24 game(s)

  Step 2: Fetching odds for game 1/24
    Indiana Pacers @ Orlando Magic
    Event ID: afbdf758c85a15cc869323ec93480b5d
    Commence: 2024-10-28T23:10:00Z
  Credits: 29640 used, 70360.0 remaining
    ✅ Success (168/215 games collected)
    💰 Est. credits used: 5,040/40,000

  Step 2: Fetching odds for game 2/24
    Washington Wizards @ Atlanta Hawks
    Event ID: 56f6aed143df37149b0a9d7802322276
    Commence: 2024-10-28T23:30:00Z
  Credits: 29671 used, 70329.0 remaining
    ✅ Success (169/215 games collected)
    💰 Est. credits used: 5,070/40,000

  Step 2: Fetching odds for game 3/24
    Milwaukee Bucks @ Boston Celtics
    Event ID: 9127a905bc028e42d027e15c225d310f
    Commence: 2024-10-28T23:40:00Z
  Credits: 29701 used, 70299.0 remaining
    ✅ Success (170/215 games collected)
    💰 Est. credits used: 5,100/40,000

  Step 2: Fetching odds for game 4/24
    Cleveland Cavaliers @ New York Knicks
    Event ID: cb47726dd9940fa88bf3d2f24a0794ce
    Commence: 2024-10-28T23:40:00Z
  Credits: 29731 used, 70269.0 remaining
    ✅ Success (171/215 games collected)
    💰 Est. credits used: 5,130/40,000

  Step 2: Fetching odds for game 5/24
    Denver Nuggets @ Toronto Raptors
    Event ID: 91073994cd05f4738b880e0d07a3e270
    Commence: 2024-10-28T23:40:00Z
  Credits: 29761 used, 70239.0 remaining
    ✅ Success (172/215 games collected)
    💰 Est. credits used: 5,160/40,000

  Step 2: Fetching odds for game 6/24
    Detroit Pistons @ Miami Heat
    Event ID: 7ffca5e7b2cac47cf2958f98f4b13e2e
    Commence: 2024-10-28T23:40:00Z
  Credits: 29791 used, 70209.0 remaining
    ✅ Success (173/215 games collected)
    💰 Est. credits used: 5,190/40,000

  Step 2: Fetching odds for game 7/24
    Chicago Bulls @ Memphis Grizzlies
    Event ID: 79230185cd438af68ea49c6d68f5f91b
    Commence: 2024-10-29T00:10:00Z
  Credits: 29821 used, 70179.0 remaining
    ✅ Success (174/215 games collected)
    💰 Est. credits used: 5,220/40,000

  Step 2: Fetching odds for game 8/24
    Houston Rockets @ San Antonio Spurs
    Event ID: a06a25ca228baede0d7fba2e86118c9f
    Commence: 2024-10-29T00:10:00Z
  Credits: 29851 used, 70149.0 remaining
    ✅ Success (175/215 games collected)
    💰 Est. credits used: 5,250/40,000

  Step 2: Fetching odds for game 9/24
    Utah Jazz @ Dallas Mavericks
    Event ID: 803eb6e3fb8e7139f9471dcb29a6693b
    Commence: 2024-10-29T00:40:00Z
  Credits: 29881 used, 70119.0 remaining
    ✅ Success (176/215 games collected)
    💰 Est. credits used: 5,280/40,000

  Step 2: Fetching odds for game 10/24
    Los Angeles Lakers @ Phoenix Suns
    Event ID: b06bb50b14ed2f9b40418a1d2dd209d4
    Commence: 2024-10-29T02:10:00Z
  Credits: 29911 used, 70089.0 remaining
    ✅ Success (177/215 games collected)
    💰 Est. credits used: 5,310/40,000

  Step 2: Fetching odds for game 11/24
    Portland Trail Blazers @ Sacramento Kings
    Event ID: 197c28e2d655a7b5f33f005ffa99d233
    Commence: 2024-10-29T02:10:00Z
  Credits: 29941 used, 70059.0 remaining
    ✅ Success (178/215 games collected)
    💰 Est. credits used: 5,340/40,000

  Step 2: Fetching odds for game 12/24
    Atlanta Hawks @ Boston Celtics
    Event ID: 74058cb479045efa21ebd5c57050e23e
    Commence: 2024-11-13T00:00:00Z
  Credits: 29941 used, 70059.0 remaining
    ✅ Success (179/215 games collected)
    💰 Est. credits used: 5,370/40,000

  Step 2: Fetching odds for game 13/24
    Charlotte Hornets @ Orlando Magic
    Event ID: ff0b160b9779ae75b9f7d05511270837
    Commence: 2024-11-13T00:00:00Z
  Credits: 29941 used, 70059.0 remaining
    ✅ Success (180/215 games collected)
    💰 Est. credits used: 5,400/40,000

  Step 2: Fetching odds for game 14/24
    Miami Heat @ Detroit Pistons
    Event ID: e80e0c514aa69872360f58b079796a8b
    Commence: 2024-11-13T00:00:00Z
  Credits: 29941 used, 70059.0 remaining
    ✅ Success (181/215 games collected)
    💰 Est. credits used: 5,430/40,000

  Step 2: Fetching odds for game 15/24
    New York Knicks @ Philadelphia 76ers
    Event ID: 2d650fff73dcc627c1c0de3a4694e9fc
    Commence: 2024-11-13T00:30:00Z
  Credits: 29941 used, 70059.0 remaining
    ✅ Success (182/215 games collected)
    💰 Est. credits used: 5,460/40,000

  Step 2: Fetching odds for game 16/24
    Toronto Raptors @ Milwaukee Bucks
    Event ID: 30e4d7fc5396e7b0b8be16b278c123fe
    Commence: 2024-11-13T01:00:00Z
  Credits: 29941 used, 70059.0 remaining
    ✅ Success (183/215 games collected)
    💰 Est. credits used: 5,490/40,000

  Step 2: Fetching odds for game 17/24
    Phoenix Suns @ Utah Jazz
    Event ID: 6050b0be3ce7b57b77ef6695b9cecaa1
    Commence: 2024-11-13T02:00:00Z
  Credits: 29941 used, 70059.0 remaining
    ✅ Success (184/215 games collected)
    💰 Est. credits used: 5,520/40,000

  Step 2: Fetching odds for game 18/24
    Dallas Mavericks @ Golden State Warriors
    Event ID: f0bfcb563a5de00b392bda6960db1796
    Commence: 2024-11-13T03:00:00Z
  Credits: 29941 used, 70059.0 remaining
    ✅ Success (185/215 games collected)
    💰 Est. credits used: 5,550/40,000

  Step 2: Fetching odds for game 19/24
    Minnesota Timberwolves @ Portland Trail Blazers
    Event ID: 4a86e15d2c8c52972524be69d15941cc
    Commence: 2024-11-13T03:00:00Z
  Credits: 29941 used, 70059.0 remaining
    ✅ Success (186/215 games collected)
    💰 Est. credits used: 5,580/40,000

  Step 2: Fetching odds for game 20/24
    San Antonio Spurs @ New York Knicks
    Event ID: 973a6ea86af7d9e2bf4c52509822f5bf
    Commence: 2024-12-25T17:00:00Z
  Credits: 29941 used, 70059.0 remaining
    ✅ Success (187/215 games collected)
    💰 Est. credits used: 5,610/40,000

  Step 2: Fetching odds for game 21/24
    Minnesota Timberwolves @ Dallas Mavericks
    Event ID: 07a07eaa8f786d68cb371107f36f5b33
    Commence: 2024-12-25T19:30:00Z
  Credits: 29941 used, 70059.0 remaining
    ✅ Success (188/215 games collected)
    💰 Est. credits used: 5,640/40,000

  Step 2: Fetching odds for game 22/24
    Philadelphia 76ers @ Boston Celtics
    Event ID: 6f66bc2154fb45b2047e1c1c5afcdc38
    Commence: 2024-12-25T22:00:00Z
  Credits: 29941 used, 70059.0 remaining
    ✅ Success (189/215 games collected)
    💰 Est. credits used: 5,670/40,000

  Step 2: Fetching odds for game 23/24
    Los Angeles Lakers @ Golden State Warriors
    Event ID: bc6f994bad539db5054c8b750c437fb8
    Commence: 2024-12-26T01:00:00Z
  Credits: 29941 used, 70059.0 remaining
    ✅ Success (190/215 games collected)
    💰 Est. credits used: 5,700/40,000

  Step 2: Fetching odds for game 24/24
    Denver Nuggets @ Phoenix Suns
    Event ID: 22a9b650e64ca15cb0c83dc0148a571e
    Commence: 2024-12-26T03:30:00Z
  Credits: 29941 used, 70059.0 remaining
    ✅ Success (191/215 games collected)
    💰 Est. credits used: 5,730/40,000

[8/174] Processing 2024-10-29...
  Step 1: Fetching event IDs...
  Credits: 29942 used, 70058.0 remaining
  Found 17 game(s)

  Step 2: Fetching odds for game 1/17
    Denver Nuggets @ Brooklyn Nets
    Event ID: 351ec2a958a204ecb22489330d658ce6
    Commence: 2024-10-29T23:30:00Z
  Credits: 29972 used, 70028.0 remaining
    ✅ Success (192/232 games collected)
    💰 Est. credits used: 5,760/40,000

  Step 2: Fetching odds for game 2/17
    Dallas Mavericks @ Minnesota Timberwolves
    Event ID: 15893327c28d5d11f74b1b9a0560aa78
    Commence: 2024-10-29T23:30:00Z
  Credits: 30002 used, 69998.0 remaining
    ✅ Success (193/232 games collected)
    💰 Est. credits used: 5,790/40,000

  Step 2: Fetching odds for game 3/17
    Sacramento Kings @ Utah Jazz
    Event ID: 64b97e005d46756473c62e9fe2fe9363
    Commence: 2024-10-30T01:00:00Z
  Credits: 30032 used, 69968.0 remaining
    ✅ Success (194/232 games collected)
    💰 Est. credits used: 5,820/40,000

  Step 2: Fetching odds for game 4/17
    New Orleans Pelicans @ Golden State Warriors
    Event ID: 7e53379b83a207f929bf35d6f4a0e5c3
    Commence: 2024-10-30T02:00:00Z
  Credits: 30062 used, 69938.0 remaining
    ✅ Success (195/232 games collected)
    💰 Est. credits used: 5,850/40,000

  Step 2: Fetching odds for game 5/17
    Atlanta Hawks @ Boston Celtics
    Event ID: 74058cb479045efa21ebd5c57050e23e
    Commence: 2024-11-13T00:00:00Z
  Credits: 30062 used, 69938.0 remaining
    ✅ Success (196/232 games collected)
    💰 Est. credits used: 5,880/40,000

  Step 2: Fetching odds for game 6/17
    Charlotte Hornets @ Orlando Magic
    Event ID: ff0b160b9779ae75b9f7d05511270837
    Commence: 2024-11-13T00:00:00Z
  Credits: 30062 used, 69938.0 remaining
    ✅ Success (197/232 games collected)
    💰 Est. credits used: 5,910/40,000

  Step 2: Fetching odds for game 7/17
    Miami Heat @ Detroit Pistons
    Event ID: e80e0c514aa69872360f58b079796a8b
    Commence: 2024-11-13T00:00:00Z
  Credits: 30062 used, 69938.0 remaining
    ✅ Success (198/232 games collected)
    💰 Est. credits used: 5,940/40,000

  Step 2: Fetching odds for game 8/17
    New York Knicks @ Philadelphia 76ers
    Event ID: 2d650fff73dcc627c1c0de3a4694e9fc
    Commence: 2024-11-13T00:30:00Z
  Credits: 30062 used, 69938.0 remaining
    ✅ Success (199/232 games collected)
    💰 Est. credits used: 5,970/40,000

  Step 2: Fetching odds for game 9/17
    Toronto Raptors @ Milwaukee Bucks
    Event ID: 30e4d7fc5396e7b0b8be16b278c123fe
    Commence: 2024-11-13T01:00:00Z
  Credits: 30062 used, 69938.0 remaining
    ✅ Success (200/232 games collected)
    💰 Est. credits used: 6,000/40,000

  Step 2: Fetching odds for game 10/17
    Phoenix Suns @ Utah Jazz
    Event ID: 6050b0be3ce7b57b77ef6695b9cecaa1
    Commence: 2024-11-13T02:00:00Z
  Credits: 30062 used, 69938.0 remaining
    ✅ Success (201/232 games collected)
    💰 Est. credits used: 6,030/40,000

  Step 2: Fetching odds for game 11/17
    Dallas Mavericks @ Golden State Warriors
    Event ID: f0bfcb563a5de00b392bda6960db1796
    Commence: 2024-11-13T03:00:00Z
  Credits: 30062 used, 69938.0 remaining
    ✅ Success (202/232 games collected)
    💰 Est. credits used: 6,060/40,000

  Step 2: Fetching odds for game 12/17
    Minnesota Timberwolves @ Portland Trail Blazers
    Event ID: 4a86e15d2c8c52972524be69d15941cc
    Commence: 2024-11-13T03:00:00Z
  Credits: 30062 used, 69938.0 remaining
    ✅ Success (203/232 games collected)
    💰 Est. credits used: 6,090/40,000

  Step 2: Fetching odds for game 13/17
    San Antonio Spurs @ New York Knicks
    Event ID: 973a6ea86af7d9e2bf4c52509822f5bf
    Commence: 2024-12-25T17:00:00Z
  Credits: 30062 used, 69938.0 remaining
    ✅ Success (204/232 games collected)
    💰 Est. credits used: 6,120/40,000

  Step 2: Fetching odds for game 14/17
    Minnesota Timberwolves @ Dallas Mavericks
    Event ID: 07a07eaa8f786d68cb371107f36f5b33
    Commence: 2024-12-25T19:30:00Z
  Credits: 30062 used, 69938.0 remaining
    ✅ Success (205/232 games collected)
    💰 Est. credits used: 6,150/40,000

  Step 2: Fetching odds for game 15/17
    Philadelphia 76ers @ Boston Celtics
    Event ID: 6f66bc2154fb45b2047e1c1c5afcdc38
    Commence: 2024-12-25T22:00:00Z
  Credits: 30062 used, 69938.0 remaining
    ✅ Success (206/232 games collected)
    💰 Est. credits used: 6,180/40,000

  Step 2: Fetching odds for game 16/17
    Los Angeles Lakers @ Golden State Warriors
    Event ID: bc6f994bad539db5054c8b750c437fb8
    Commence: 2024-12-26T01:00:00Z
  Credits: 30062 used, 69938.0 remaining
    ✅ Success (207/232 games collected)
    💰 Est. credits used: 6,210/40,000

  Step 2: Fetching odds for game 17/17
    Denver Nuggets @ Phoenix Suns
    Event ID: 22a9b650e64ca15cb0c83dc0148a571e
    Commence: 2024-12-26T03:30:00Z
  Credits: 30062 used, 69938.0 remaining
    ✅ Success (208/232 games collected)
    💰 Est. credits used: 6,240/40,000

[9/174] Processing 2024-10-30...
  Step 1: Fetching event IDs...
  Credits: 30063 used, 69937.0 remaining
  Found 24 game(s)

  Step 2: Fetching odds for game 1/24
    Atlanta Hawks @ Washington Wizards
    Event ID: 9fadc26265b153d0280dd8382d9c5ac5
    Commence: 2024-10-30T23:10:00Z
  Credits: 30093 used, 69907.0 remaining
    ✅ Success (209/256 games collected)
    💰 Est. credits used: 6,270/40,000

  Step 2: Fetching odds for game 2/24
    Boston Celtics @ Indiana Pacers
    Event ID: cde552586229236873e3698b720babd8
    Commence: 2024-10-30T23:10:00Z
  Credits: 30123 used, 69877.0 remaining
    ✅ Success (210/256 games collected)
    💰 Est. credits used: 6,300/40,000

  Step 2: Fetching odds for game 3/24
    Toronto Raptors @ Charlotte Hornets
    Event ID: 0e47e2449a96f6b0ad731135660f3871
    Commence: 2024-10-30T23:10:00Z
  Credits: 30153 used, 69847.0 remaining
    ✅ Success (211/256 games collected)
    💰 Est. credits used: 6,330/40,000

  Step 2: Fetching odds for game 4/24
    Los Angeles Lakers @ Cleveland Cavaliers
    Event ID: 3366cac8007c5e968fa480aa6ce14408
    Commence: 2024-10-30T23:10:00Z
  Credits: 30183 used, 69817.0 remaining
    ✅ Success (212/256 games collected)
    💰 Est. credits used: 6,360/40,000

  Step 2: Fetching odds for game 5/24
    Detroit Pistons @ Philadelphia 76ers
    Event ID: a3c6e5d32e56f40a45b595b4cf999e79
    Commence: 2024-10-30T23:10:00Z
  Credits: 30213 used, 69787.0 remaining
    ✅ Success (213/256 games collected)
    💰 Est. credits used: 6,390/40,000

  Step 2: Fetching odds for game 6/24
    New York Knicks @ Miami Heat
    Event ID: 18029e934db1e5370d8acabb33c17e0f
    Commence: 2024-10-30T23:40:00Z
  Credits: 30243 used, 69757.0 remaining
    ✅ Success (214/256 games collected)
    💰 Est. credits used: 6,420/40,000

  Step 2: Fetching odds for game 7/24
    Brooklyn Nets @ Memphis Grizzlies
    Event ID: 4849304d19eb215b0d30f83f7ee7aa28
    Commence: 2024-10-31T00:10:00Z
  Credits: 30273 used, 69727.0 remaining
    ✅ Success (215/256 games collected)
    💰 Est. credits used: 6,450/40,000

  Step 2: Fetching odds for game 8/24
    Orlando Magic @ Chicago Bulls
    Event ID: 53ae735ffa24e569c3893b37c067e232
    Commence: 2024-10-31T00:10:00Z
  Credits: 30303 used, 69697.0 remaining
    ✅ Success (216/256 games collected)
    💰 Est. credits used: 6,480/40,000

  Step 2: Fetching odds for game 9/24
    San Antonio Spurs @ Oklahoma City Thunder
    Event ID: 7555c1b4ee9fafda7ef05850a0753425
    Commence: 2024-10-31T01:40:00Z
  Credits: 30333 used, 69667.0 remaining
    ✅ Success (217/256 games collected)
    💰 Est. credits used: 6,510/40,000

  Step 2: Fetching odds for game 10/24
    New Orleans Pelicans @ Golden State Warriors
    Event ID: 9b89376475f9e0121ebac0b7a1dac95b
    Commence: 2024-10-31T02:10:00Z
  Credits: 30363 used, 69637.0 remaining
    ✅ Success (218/256 games collected)
    💰 Est. credits used: 6,540/40,000

  Step 2: Fetching odds for game 11/24
    Portland Trail Blazers @ Los Angeles Clippers
    Event ID: 902fc430d7ad80e0f78ca62198993956
    Commence: 2024-10-31T02:40:00Z
  Credits: 30393 used, 69607.0 remaining
    ✅ Success (219/256 games collected)
    💰 Est. credits used: 6,570/40,000

  Step 2: Fetching odds for game 12/24
    Atlanta Hawks @ Boston Celtics
    Event ID: 74058cb479045efa21ebd5c57050e23e
    Commence: 2024-11-13T00:00:00Z
  Credits: 30393 used, 69607.0 remaining
    ✅ Success (220/256 games collected)
    💰 Est. credits used: 6,600/40,000

  Step 2: Fetching odds for game 13/24
    Charlotte Hornets @ Orlando Magic
    Event ID: ff0b160b9779ae75b9f7d05511270837
    Commence: 2024-11-13T00:00:00Z
  Credits: 30393 used, 69607.0 remaining
    ✅ Success (221/256 games collected)
    💰 Est. credits used: 6,630/40,000

  Step 2: Fetching odds for game 14/24
    Miami Heat @ Detroit Pistons
    Event ID: e80e0c514aa69872360f58b079796a8b
    Commence: 2024-11-13T00:00:00Z
  Credits: 30393 used, 69607.0 remaining
    ✅ Success (222/256 games collected)
    💰 Est. credits used: 6,660/40,000

  Step 2: Fetching odds for game 15/24
    New York Knicks @ Philadelphia 76ers
    Event ID: 2d650fff73dcc627c1c0de3a4694e9fc
    Commence: 2024-11-13T00:30:00Z
  Credits: 30393 used, 69607.0 remaining
    ✅ Success (223/256 games collected)
    💰 Est. credits used: 6,690/40,000

  Step 2: Fetching odds for game 16/24
    Toronto Raptors @ Milwaukee Bucks
    Event ID: 30e4d7fc5396e7b0b8be16b278c123fe
    Commence: 2024-11-13T01:00:00Z
  Credits: 30393 used, 69607.0 remaining
    ✅ Success (224/256 games collected)
    💰 Est. credits used: 6,720/40,000

  Step 2: Fetching odds for game 17/24
    Phoenix Suns @ Utah Jazz
    Event ID: 6050b0be3ce7b57b77ef6695b9cecaa1
    Commence: 2024-11-13T02:00:00Z
  Credits: 30393 used, 69607.0 remaining
    ✅ Success (225/256 games collected)
    💰 Est. credits used: 6,750/40,000

  Step 2: Fetching odds for game 18/24
    Dallas Mavericks @ Golden State Warriors
    Event ID: f0bfcb563a5de00b392bda6960db1796
    Commence: 2024-11-13T03:00:00Z
  Credits: 30393 used, 69607.0 remaining
    ✅ Success (226/256 games collected)
    💰 Est. credits used: 6,780/40,000

  Step 2: Fetching odds for game 19/24
    Minnesota Timberwolves @ Portland Trail Blazers
    Event ID: 4a86e15d2c8c52972524be69d15941cc
    Commence: 2024-11-13T03:00:00Z
  Credits: 30393 used, 69607.0 remaining
    ✅ Success (227/256 games collected)
    💰 Est. credits used: 6,810/40,000

  Step 2: Fetching odds for game 20/24
    San Antonio Spurs @ New York Knicks
    Event ID: 973a6ea86af7d9e2bf4c52509822f5bf
    Commence: 2024-12-25T17:00:00Z
  Credits: 30393 used, 69607.0 remaining
    ✅ Success (228/256 games collected)
    💰 Est. credits used: 6,840/40,000

  Step 2: Fetching odds for game 21/24
    Minnesota Timberwolves @ Dallas Mavericks
    Event ID: 07a07eaa8f786d68cb371107f36f5b33
    Commence: 2024-12-25T19:30:00Z
  Credits: 30393 used, 69607.0 remaining
    ✅ Success (229/256 games collected)
    💰 Est. credits used: 6,870/40,000

  Step 2: Fetching odds for game 22/24
    Philadelphia 76ers @ Boston Celtics
    Event ID: 6f66bc2154fb45b2047e1c1c5afcdc38
    Commence: 2024-12-25T22:00:00Z
  Credits: 30393 used, 69607.0 remaining
    ✅ Success (230/256 games collected)
    💰 Est. credits used: 6,900/40,000

  Step 2: Fetching odds for game 23/24
    Los Angeles Lakers @ Golden State Warriors
    Event ID: bc6f994bad539db5054c8b750c437fb8
    Commence: 2024-12-26T01:00:00Z
  Credits: 30393 used, 69607.0 remaining
    ✅ Success (231/256 games collected)
    💰 Est. credits used: 6,930/40,000

  Step 2: Fetching odds for game 24/24
    Denver Nuggets @ Phoenix Suns
    Event ID: 22a9b650e64ca15cb0c83dc0148a571e
    Commence: 2024-12-26T03:30:00Z
  Credits: 30393 used, 69607.0 remaining
    ✅ Success (232/256 games collected)
    💰 Est. credits used: 6,960/40,000

[10/174] Processing 2024-10-31...
  Step 1: Fetching event IDs...
  Credits: 30394 used, 69606.0 remaining
  Found 17 game(s)

  Step 2: Fetching odds for game 1/17
    Milwaukee Bucks @ Memphis Grizzlies
    Event ID: 189d69ff1460fe7810e1f523220f2a4c
    Commence: 2024-11-01T00:10:00Z
  Credits: 30424 used, 69576.0 remaining
    ✅ Success (233/273 games collected)
    💰 Est. credits used: 6,990/40,000

  Step 2: Fetching odds for game 2/17
    Houston Rockets @ Dallas Mavericks
    Event ID: 23e16aad02fd623a17b1a24c28846a36
    Commence: 2024-11-01T00:30:00Z
  Credits: 30454 used, 69546.0 remaining
    ✅ Success (234/273 games collected)
    💰 Est. credits used: 7,020/40,000

  Step 2: Fetching odds for game 3/17
    San Antonio Spurs @ Utah Jazz
    Event ID: e3a74199e6cc3f0ad1099045b5c8cce7
    Commence: 2024-11-01T01:10:00Z
  Credits: 30484 used, 69516.0 remaining
    ✅ Success (235/273 games collected)
    💰 Est. credits used: 7,050/40,000

  Step 2: Fetching odds for game 4/17
    Phoenix Suns @ Los Angeles Clippers
    Event ID: 508b10d9c88192aa51f65527745b05ea
    Commence: 2024-11-01T02:30:00Z
  Credits: 30514 used, 69486.0 remaining
    ✅ Success (236/273 games collected)
    💰 Est. credits used: 7,080/40,000

  Step 2: Fetching odds for game 5/17
    Atlanta Hawks @ Boston Celtics
    Event ID: 74058cb479045efa21ebd5c57050e23e
    Commence: 2024-11-13T00:00:00Z
  Credits: 30514 used, 69486.0 remaining
    ✅ Success (237/273 games collected)
    💰 Est. credits used: 7,110/40,000

  Step 2: Fetching odds for game 6/17
    Charlotte Hornets @ Orlando Magic
    Event ID: ff0b160b9779ae75b9f7d05511270837
    Commence: 2024-11-13T00:00:00Z
  Credits: 30514 used, 69486.0 remaining
    ✅ Success (238/273 games collected)
    💰 Est. credits used: 7,140/40,000

  Step 2: Fetching odds for game 7/17
    Miami Heat @ Detroit Pistons
    Event ID: e80e0c514aa69872360f58b079796a8b
    Commence: 2024-11-13T00:00:00Z
  Credits: 30514 used, 69486.0 remaining
    ✅ Success (239/273 games collected)
    💰 Est. credits used: 7,170/40,000

  Step 2: Fetching odds for game 8/17
    New York Knicks @ Philadelphia 76ers
    Event ID: 2d650fff73dcc627c1c0de3a4694e9fc
    Commence: 2024-11-13T00:30:00Z
  Credits: 30514 used, 69486.0 remaining
    ✅ Success (240/273 games collected)
    💰 Est. credits used: 7,200/40,000

  Step 2: Fetching odds for game 9/17
    Toronto Raptors @ Milwaukee Bucks
    Event ID: 30e4d7fc5396e7b0b8be16b278c123fe
    Commence: 2024-11-13T01:00:00Z
  Credits: 30514 used, 69486.0 remaining
    ✅ Success (241/273 games collected)
    💰 Est. credits used: 7,230/40,000

  Step 2: Fetching odds for game 10/17
    Minnesota Timberwolves @ Portland Trail Blazers
    Event ID: 4a86e15d2c8c52972524be69d15941cc
    Commence: 2024-11-13T02:00:00Z
  Credits: 30514 used, 69486.0 remaining
    ✅ Success (242/273 games collected)
    💰 Est. credits used: 7,260/40,000

  Step 2: Fetching odds for game 11/17
    Phoenix Suns @ Utah Jazz
    Event ID: 6050b0be3ce7b57b77ef6695b9cecaa1
    Commence: 2024-11-13T02:00:00Z
  Credits: 30514 used, 69486.0 remaining
    ✅ Success (243/273 games collected)
    💰 Est. credits used: 7,290/40,000

  Step 2: Fetching odds for game 12/17
    Dallas Mavericks @ Golden State Warriors
    Event ID: f0bfcb563a5de00b392bda6960db1796
    Commence: 2024-11-13T03:00:00Z
  Credits: 30514 used, 69486.0 remaining
    ✅ Success (244/273 games collected)
    💰 Est. credits used: 7,320/40,000

  Step 2: Fetching odds for game 13/17
    San Antonio Spurs @ New York Knicks
    Event ID: 973a6ea86af7d9e2bf4c52509822f5bf
    Commence: 2024-12-25T17:00:00Z
  Credits: 30514 used, 69486.0 remaining
    ✅ Success (245/273 games collected)
    💰 Est. credits used: 7,350/40,000

  Step 2: Fetching odds for game 14/17
    Minnesota Timberwolves @ Dallas Mavericks
    Event ID: 07a07eaa8f786d68cb371107f36f5b33
    Commence: 2024-12-25T19:30:00Z
  Credits: 30514 used, 69486.0 remaining
    ✅ Success (246/273 games collected)
    💰 Est. credits used: 7,380/40,000

  Step 2: Fetching odds for game 15/17
    Philadelphia 76ers @ Boston Celtics
    Event ID: 6f66bc2154fb45b2047e1c1c5afcdc38
    Commence: 2024-12-25T22:00:00Z
  Credits: 30514 used, 69486.0 remaining
    ✅ Success (247/273 games collected)
    💰 Est. credits used: 7,410/40,000

  Step 2: Fetching odds for game 16/17
    Los Angeles Lakers @ Golden State Warriors
    Event ID: bc6f994bad539db5054c8b750c437fb8
    Commence: 2024-12-26T01:00:00Z
  Credits: 30514 used, 69486.0 remaining
    ✅ Success (248/273 games collected)
    💰 Est. credits used: 7,440/40,000

  Step 2: Fetching odds for game 17/17
    Denver Nuggets @ Phoenix Suns
    Event ID: 22a9b650e64ca15cb0c83dc0148a571e
    Commence: 2024-12-26T03:30:00Z
  Credits: 30514 used, 69486.0 remaining
    ✅ Success (249/273 games collected)
    💰 Est. credits used: 7,470/40,000

💾 Checkpoint saved: data/nba/checkpoints/checkpoint-2024-10-31.json

[11/174] Processing 2024-11-01...
  Step 1: Fetching event IDs...
  Credits: 30515 used, 69485.0 remaining
  Found 22 game(s)

  Step 2: Fetching odds for game 1/22
    Boston Celtics @ Charlotte Hornets
    Event ID: e3520db55ef2d7e8de8e2ed204a544c8
    Commence: 2024-11-01T23:10:00Z
  Credits: 30545 used, 69455.0 remaining
    ✅ Success (250/295 games collected)
    💰 Est. credits used: 7,500/40,000

  Step 2: Fetching odds for game 2/22
    Orlando Magic @ Cleveland Cavaliers
    Event ID: 78f15d141ebf7a3845bd4be3a4828a82
    Commence: 2024-11-01T23:10:00Z
  Credits: 30575 used, 69425.0 remaining
    ✅ Success (251/295 games collected)
    💰 Est. credits used: 7,530/40,000

  Step 2: Fetching odds for game 3/22
    New York Knicks @ Detroit Pistons
    Event ID: 77edacd134038bd26fb356dd29652cf3
    Commence: 2024-11-01T23:10:00Z
  Credits: 30605 used, 69395.0 remaining
    ✅ Success (252/295 games collected)
    💰 Est. credits used: 7,560/40,000

  Step 2: Fetching odds for game 4/22
    Sacramento Kings @ Atlanta Hawks
    Event ID: 4de83a69c1b9c9f100c25c109450b15d
    Commence: 2024-11-01T23:40:00Z
  Credits: 30635 used, 69365.0 remaining
    ✅ Success (253/295 games collected)
    💰 Est. credits used: 7,590/40,000

  Step 2: Fetching odds for game 5/22
    Chicago Bulls @ Brooklyn Nets
    Event ID: f329b1799617663930ea0ac475620925
    Commence: 2024-11-01T23:40:00Z
  Credits: 30665 used, 69335.0 remaining
    ✅ Success (254/295 games collected)
    💰 Est. credits used: 7,620/40,000

  Step 2: Fetching odds for game 6/22
    Los Angeles Lakers @ Toronto Raptors
    Event ID: 6b3c89551ffb520dc60046290dbab9c5
    Commence: 2024-11-01T23:40:00Z
  Credits: 30695 used, 69305.0 remaining
    ✅ Success (255/295 games collected)
    💰 Est. credits used: 7,650/40,000

  Step 2: Fetching odds for game 7/22
    Indiana Pacers @ New Orleans Pelicans
    Event ID: 7a829c48eb616be7d32bb1ea8f06b0e2
    Commence: 2024-11-02T00:10:00Z
  Credits: 30725 used, 69275.0 remaining
    ✅ Success (256/295 games collected)
    💰 Est. credits used: 7,680/40,000

  Step 2: Fetching odds for game 8/22
    Denver Nuggets @ Minnesota Timberwolves
    Event ID: 346bdb44d864cef818dec9050320d883
    Commence: 2024-11-02T01:40:00Z
  Credits: 30755 used, 69245.0 remaining
    ✅ Success (257/295 games collected)
    💰 Est. credits used: 7,710/40,000

  Step 2: Fetching odds for game 9/22
    Oklahoma City Thunder @ Portland Trail Blazers
    Event ID: 3df5560073801880965b6f162a21ec36
    Commence: 2024-11-02T02:10:00Z
  Credits: 30785 used, 69215.0 remaining
    ✅ Success (258/295 games collected)
    💰 Est. credits used: 7,740/40,000

  Step 2: Fetching odds for game 10/22
    Atlanta Hawks @ Boston Celtics
    Event ID: 74058cb479045efa21ebd5c57050e23e
    Commence: 2024-11-13T00:00:00Z
  Credits: 30785 used, 69215.0 remaining
    ✅ Success (259/295 games collected)
    💰 Est. credits used: 7,770/40,000

  Step 2: Fetching odds for game 11/22
    Charlotte Hornets @ Orlando Magic
    Event ID: ff0b160b9779ae75b9f7d05511270837
    Commence: 2024-11-13T00:00:00Z
  Credits: 30785 used, 69215.0 remaining
    ✅ Success (260/295 games collected)
    💰 Est. credits used: 7,800/40,000

  Step 2: Fetching odds for game 12/22
    Miami Heat @ Detroit Pistons
    Event ID: e80e0c514aa69872360f58b079796a8b
    Commence: 2024-11-13T00:00:00Z
  Credits: 30785 used, 69215.0 remaining
    ✅ Success (261/295 games collected)
    💰 Est. credits used: 7,830/40,000

  Step 2: Fetching odds for game 13/22
    New York Knicks @ Philadelphia 76ers
    Event ID: 2d650fff73dcc627c1c0de3a4694e9fc
    Commence: 2024-11-13T00:30:00Z
  Credits: 30785 used, 69215.0 remaining
    ✅ Success (262/295 games collected)
    💰 Est. credits used: 7,860/40,000

  Step 2: Fetching odds for game 14/22
    Toronto Raptors @ Milwaukee Bucks
    Event ID: 30e4d7fc5396e7b0b8be16b278c123fe
    Commence: 2024-11-13T01:00:00Z
  Credits: 30785 used, 69215.0 remaining
    ✅ Success (263/295 games collected)
    💰 Est. credits used: 7,890/40,000

  Step 2: Fetching odds for game 15/22
    Minnesota Timberwolves @ Portland Trail Blazers
    Event ID: 4a86e15d2c8c52972524be69d15941cc
    Commence: 2024-11-13T02:00:00Z
  Credits: 30785 used, 69215.0 remaining
    ✅ Success (264/295 games collected)
    💰 Est. credits used: 7,920/40,000

  Step 2: Fetching odds for game 16/22
    Phoenix Suns @ Utah Jazz
    Event ID: 6050b0be3ce7b57b77ef6695b9cecaa1
    Commence: 2024-11-13T02:00:00Z
  Credits: 30785 used, 69215.0 remaining
    ✅ Success (265/295 games collected)
    💰 Est. credits used: 7,950/40,000

  Step 2: Fetching odds for game 17/22
    Dallas Mavericks @ Golden State Warriors
    Event ID: f0bfcb563a5de00b392bda6960db1796
    Commence: 2024-11-13T03:00:00Z
  Credits: 30785 used, 69215.0 remaining
    ✅ Success (266/295 games collected)
    💰 Est. credits used: 7,980/40,000

  Step 2: Fetching odds for game 18/22
    San Antonio Spurs @ New York Knicks
    Event ID: 973a6ea86af7d9e2bf4c52509822f5bf
    Commence: 2024-12-25T17:00:00Z
  Credits: 30785 used, 69215.0 remaining
    ✅ Success (267/295 games collected)
    💰 Est. credits used: 8,010/40,000

  Step 2: Fetching odds for game 19/22
    Minnesota Timberwolves @ Dallas Mavericks
    Event ID: 07a07eaa8f786d68cb371107f36f5b33
    Commence: 2024-12-25T19:30:00Z
  Credits: 30785 used, 69215.0 remaining
    ✅ Success (268/295 games collected)
    💰 Est. credits used: 8,040/40,000

  Step 2: Fetching odds for game 20/22
    Philadelphia 76ers @ Boston Celtics
    Event ID: 6f66bc2154fb45b2047e1c1c5afcdc38
    Commence: 2024-12-25T22:00:00Z
  Credits: 30785 used, 69215.0 remaining
    ✅ Success (269/295 games collected)
    💰 Est. credits used: 8,070/40,000

  Step 2: Fetching odds for game 21/22
    Los Angeles Lakers @ Golden State Warriors
    Event ID: bc6f994bad539db5054c8b750c437fb8
    Commence: 2024-12-26T01:00:00Z
  Credits: 30785 used, 69215.0 remaining
    ✅ Success (270/295 games collected)
    💰 Est. credits used: 8,100/40,000

  Step 2: Fetching odds for game 22/22
    Denver Nuggets @ Phoenix Suns
    Event ID: 22a9b650e64ca15cb0c83dc0148a571e
    Commence: 2024-12-26T03:30:00Z
  Credits: 30785 used, 69215.0 remaining
    ✅ Success (271/295 games collected)
    💰 Est. credits used: 8,130/40,000

[12/174] Processing 2024-11-02...
  Step 1: Fetching event IDs...
  Credits: 30786 used, 69214.0 remaining
  Found 23 game(s)

  Step 2: Fetching odds for game 1/23
    Boston Celtics @ Charlotte Hornets
    Event ID: b6a441be8a8bfbc98f81f10fc9871242
    Commence: 2024-11-02T22:10:00Z
  Credits: 30816 used, 69184.0 remaining
    ✅ Success (272/318 games collected)
    💰 Est. credits used: 8,160/40,000

  Step 2: Fetching odds for game 2/23
    Memphis Grizzlies @ Philadelphia 76ers
    Event ID: 6804bef5473a20af6f1961f35222d029
    Commence: 2024-11-02T23:40:00Z
  Credits: 30846 used, 69154.0 remaining
    ✅ Success (273/318 games collected)
    💰 Est. credits used: 8,190/40,000

  Step 2: Fetching odds for game 3/23
    Sacramento Kings @ Toronto Raptors
    Event ID: d087a0df2d70a552190892fb8437a2f8
    Commence: 2024-11-02T23:40:00Z
  Credits: 30876 used, 69124.0 remaining
    ✅ Success (274/318 games collected)
    💰 Est. credits used: 8,220/40,000

  Step 2: Fetching odds for game 4/23
    Cleveland Cavaliers @ Milwaukee Bucks
    Event ID: c964ff35d3877fe2cc177840e7849b56
    Commence: 2024-11-03T00:10:00Z
  Credits: 30906 used, 69094.0 remaining
    ✅ Success (275/318 games collected)
    💰 Est. credits used: 8,250/40,000

  Step 2: Fetching odds for game 5/23
    Golden State Warriors @ Houston Rockets
    Event ID: d0795fd9220c18669a07a0482b1c7d12
    Commence: 2024-11-03T00:10:00Z
  Credits: 30936 used, 69064.0 remaining
    ✅ Success (276/318 games collected)
    💰 Est. credits used: 8,280/40,000

  Step 2: Fetching odds for game 6/23
    Minnesota Timberwolves @ San Antonio Spurs
    Event ID: dd70c59ef34cad65eae610a55f9f1b1f
    Commence: 2024-11-03T00:10:00Z
  Credits: 30966 used, 69034.0 remaining
    ✅ Success (277/318 games collected)
    💰 Est. credits used: 8,310/40,000

  Step 2: Fetching odds for game 7/23
    Miami Heat @ Washington Wizards
    Event ID: d35ddee1c4251399c3eca618798adf8c
    Commence: 2024-11-03T01:40:00Z
  Credits: 30996 used, 69004.0 remaining
    ✅ Success (278/318 games collected)
    💰 Est. credits used: 8,340/40,000

  Step 2: Fetching odds for game 8/23
    Utah Jazz @ Denver Nuggets
    Event ID: 9d4e84b4698222b4a7268cc54d4702e2
    Commence: 2024-11-03T02:10:00Z
  Credits: 31026 used, 68974.0 remaining
    ✅ Success (279/318 games collected)
    💰 Est. credits used: 8,370/40,000

  Step 2: Fetching odds for game 9/23
    Portland Trail Blazers @ Phoenix Suns
    Event ID: c240b61df0fe48c2f99bd6a768215273
    Commence: 2024-11-03T02:10:00Z
  Credits: 31056 used, 68944.0 remaining
    ✅ Success (280/318 games collected)
    💰 Est. credits used: 8,400/40,000

  Step 2: Fetching odds for game 10/23
    Oklahoma City Thunder @ Los Angeles Clippers
    Event ID: 1f282e297378b2bf5962666aff292e7c
    Commence: 2024-11-03T02:40:00Z
  Credits: 31086 used, 68914.0 remaining
    ✅ Success (281/318 games collected)
    💰 Est. credits used: 8,430/40,000

  Step 2: Fetching odds for game 11/23
    Atlanta Hawks @ Boston Celtics
    Event ID: 74058cb479045efa21ebd5c57050e23e
    Commence: 2024-11-13T00:00:00Z
  Credits: 31086 used, 68914.0 remaining
    ✅ Success (282/318 games collected)
    💰 Est. credits used: 8,460/40,000

  Step 2: Fetching odds for game 12/23
    Charlotte Hornets @ Orlando Magic
    Event ID: ff0b160b9779ae75b9f7d05511270837
    Commence: 2024-11-13T00:00:00Z
  Credits: 31086 used, 68914.0 remaining
    ✅ Success (283/318 games collected)
    💰 Est. credits used: 8,490/40,000

  Step 2: Fetching odds for game 13/23
    Miami Heat @ Detroit Pistons
    Event ID: e80e0c514aa69872360f58b079796a8b
    Commence: 2024-11-13T00:00:00Z
  Credits: 31086 used, 68914.0 remaining
    ✅ Success (284/318 games collected)
    💰 Est. credits used: 8,520/40,000

  Step 2: Fetching odds for game 14/23
    New York Knicks @ Philadelphia 76ers
    Event ID: 2d650fff73dcc627c1c0de3a4694e9fc
    Commence: 2024-11-13T00:30:00Z
  Credits: 31086 used, 68914.0 remaining
    ✅ Success (285/318 games collected)
    💰 Est. credits used: 8,550/40,000

  Step 2: Fetching odds for game 15/23
    Toronto Raptors @ Milwaukee Bucks
    Event ID: 30e4d7fc5396e7b0b8be16b278c123fe
    Commence: 2024-11-13T01:00:00Z
  Credits: 31086 used, 68914.0 remaining
    ✅ Success (286/318 games collected)
    💰 Est. credits used: 8,580/40,000

  Step 2: Fetching odds for game 16/23
    Minnesota Timberwolves @ Portland Trail Blazers
    Event ID: 4a86e15d2c8c52972524be69d15941cc
    Commence: 2024-11-13T02:00:00Z
  Credits: 31086 used, 68914.0 remaining
    ✅ Success (287/318 games collected)
    💰 Est. credits used: 8,610/40,000

  Step 2: Fetching odds for game 17/23
    Phoenix Suns @ Utah Jazz
    Event ID: 6050b0be3ce7b57b77ef6695b9cecaa1
    Commence: 2024-11-13T02:00:00Z
  Credits: 31086 used, 68914.0 remaining
    ✅ Success (288/318 games collected)
    💰 Est. credits used: 8,640/40,000

  Step 2: Fetching odds for game 18/23
    Dallas Mavericks @ Golden State Warriors
    Event ID: f0bfcb563a5de00b392bda6960db1796
    Commence: 2024-11-13T03:00:00Z
  Credits: 31086 used, 68914.0 remaining
    ✅ Success (289/318 games collected)
    💰 Est. credits used: 8,670/40,000

  Step 2: Fetching odds for game 19/23
    San Antonio Spurs @ New York Knicks
    Event ID: 973a6ea86af7d9e2bf4c52509822f5bf
    Commence: 2024-12-25T17:00:00Z
  Credits: 31086 used, 68914.0 remaining
    ✅ Success (290/318 games collected)
    💰 Est. credits used: 8,700/40,000

  Step 2: Fetching odds for game 20/23
    Minnesota Timberwolves @ Dallas Mavericks
    Event ID: 07a07eaa8f786d68cb371107f36f5b33
    Commence: 2024-12-25T19:30:00Z
  Credits: 31086 used, 68914.0 remaining
    ✅ Success (291/318 games collected)
    💰 Est. credits used: 8,730/40,000

  Step 2: Fetching odds for game 21/23
    Philadelphia 76ers @ Boston Celtics
    Event ID: 6f66bc2154fb45b2047e1c1c5afcdc38
    Commence: 2024-12-25T22:00:00Z
  Credits: 31086 used, 68914.0 remaining
    ✅ Success (292/318 games collected)
    💰 Est. credits used: 8,760/40,000

  Step 2: Fetching odds for game 22/23
    Los Angeles Lakers @ Golden State Warriors
    Event ID: bc6f994bad539db5054c8b750c437fb8
    Commence: 2024-12-26T01:00:00Z
  Credits: 31086 used, 68914.0 remaining
    ✅ Success (293/318 games collected)
    💰 Est. credits used: 8,790/40,000

  Step 2: Fetching odds for game 23/23
    Denver Nuggets @ Phoenix Suns
    Event ID: 22a9b650e64ca15cb0c83dc0148a571e
    Commence: 2024-12-26T03:30:00Z
  Credits: 31086 used, 68914.0 remaining
    ✅ Success (294/318 games collected)
    💰 Est. credits used: 8,820/40,000

[13/174] Processing 2024-11-03...
  Step 1: Fetching event IDs...
  Credits: 31087 used, 68913.0 remaining
  Found 16 game(s)

  Step 2: Fetching odds for game 1/16
    Detroit Pistons @ Brooklyn Nets
    Event ID: 52f131451119b9bd5610b4cab700baf3
    Commence: 2024-11-03T20:40:00Z
  Credits: 31087 used, 68913.0 remaining
  Retry 1/3: HTTP 404: Not Found
  Credits: 31087 used, 68913.0 remaining
  Retry 2/3: HTTP 404: Not Found
  Credits: 31087 used, 68913.0 remaining
  Retry 3/3: HTTP 404: Not Found
  ❌ Failed to fetch odds for 52f131451119b9bd5610b4cab700baf3: HTTP 404: Not Found
    ⚠️  No odds data available

  Step 2: Fetching odds for game 2/16
    Atlanta Hawks @ New Orleans Pelicans
    Event ID: a3522d8758b3a10aa1a60ad4cd23db58
    Commence: 2024-11-04T00:10:00Z
  Credits: 31117 used, 68883.0 remaining
    ✅ Success (295/334 games collected)
    💰 Est. credits used: 8,850/40,000

  Step 2: Fetching odds for game 3/16
    Orlando Magic @ Dallas Mavericks
    Event ID: de5c040a818f5bd3daaf5b0fd3ccaa87
    Commence: 2024-11-04T00:40:00Z
  Credits: 31147 used, 68853.0 remaining
    ✅ Success (296/334 games collected)
    💰 Est. credits used: 8,880/40,000

  Step 2: Fetching odds for game 4/16
    Atlanta Hawks @ Boston Celtics
    Event ID: 74058cb479045efa21ebd5c57050e23e
    Commence: 2024-11-13T00:00:00Z
  Credits: 31147 used, 68853.0 remaining
    ✅ Success (297/334 games collected)
    💰 Est. credits used: 8,910/40,000

  Step 2: Fetching odds for game 5/16
    Charlotte Hornets @ Orlando Magic
    Event ID: ff0b160b9779ae75b9f7d05511270837
    Commence: 2024-11-13T00:00:00Z
  Credits: 31147 used, 68853.0 remaining
    ✅ Success (298/334 games collected)
    💰 Est. credits used: 8,940/40,000

  Step 2: Fetching odds for game 6/16
    Miami Heat @ Detroit Pistons
    Event ID: e80e0c514aa69872360f58b079796a8b
    Commence: 2024-11-13T00:00:00Z
  Credits: 31147 used, 68853.0 remaining
    ✅ Success (299/334 games collected)
    💰 Est. credits used: 8,970/40,000

  Step 2: Fetching odds for game 7/16
    New York Knicks @ Philadelphia 76ers
    Event ID: 2d650fff73dcc627c1c0de3a4694e9fc
    Commence: 2024-11-13T00:30:00Z
  Credits: 31147 used, 68853.0 remaining
    ✅ Success (300/334 games collected)
    💰 Est. credits used: 9,000/40,000

  Step 2: Fetching odds for game 8/16
    Toronto Raptors @ Milwaukee Bucks
    Event ID: 30e4d7fc5396e7b0b8be16b278c123fe
    Commence: 2024-11-13T01:00:00Z
  Credits: 31147 used, 68853.0 remaining
    ✅ Success (301/334 games collected)
    💰 Est. credits used: 9,030/40,000

  Step 2: Fetching odds for game 9/16
    Minnesota Timberwolves @ Portland Trail Blazers
    Event ID: 4a86e15d2c8c52972524be69d15941cc
    Commence: 2024-11-13T02:00:00Z
  Credits: 31147 used, 68853.0 remaining
    ✅ Success (302/334 games collected)
    💰 Est. credits used: 9,060/40,000

  Step 2: Fetching odds for game 10/16
    Phoenix Suns @ Utah Jazz
    Event ID: 6050b0be3ce7b57b77ef6695b9cecaa1
    Commence: 2024-11-13T02:00:00Z
  Credits: 31147 used, 68853.0 remaining
    ✅ Success (303/334 games collected)
    💰 Est. credits used: 9,090/40,000

  Step 2: Fetching odds for game 11/16
    Dallas Mavericks @ Golden State Warriors
    Event ID: f0bfcb563a5de00b392bda6960db1796
    Commence: 2024-11-13T03:00:00Z
  Credits: 31147 used, 68853.0 remaining
    ✅ Success (304/334 games collected)
    💰 Est. credits used: 9,120/40,000

  Step 2: Fetching odds for game 12/16
    San Antonio Spurs @ New York Knicks
    Event ID: 973a6ea86af7d9e2bf4c52509822f5bf
    Commence: 2024-12-25T17:00:00Z
  Credits: 31147 used, 68853.0 remaining
    ✅ Success (305/334 games collected)
    💰 Est. credits used: 9,150/40,000

  Step 2: Fetching odds for game 13/16
    Minnesota Timberwolves @ Dallas Mavericks
    Event ID: 07a07eaa8f786d68cb371107f36f5b33
    Commence: 2024-12-25T19:30:00Z
  Credits: 31147 used, 68853.0 remaining
    ✅ Success (306/334 games collected)
    💰 Est. credits used: 9,180/40,000

  Step 2: Fetching odds for game 14/16
    Philadelphia 76ers @ Boston Celtics
    Event ID: 6f66bc2154fb45b2047e1c1c5afcdc38
    Commence: 2024-12-25T22:00:00Z
  Credits: 31147 used, 68853.0 remaining
    ✅ Success (307/334 games collected)
    💰 Est. credits used: 9,210/40,000

  Step 2: Fetching odds for game 15/16
    Los Angeles Lakers @ Golden State Warriors
    Event ID: bc6f994bad539db5054c8b750c437fb8
    Commence: 2024-12-26T01:00:00Z
  Credits: 31147 used, 68853.0 remaining
    ✅ Success (308/334 games collected)
    💰 Est. credits used: 9,240/40,000

  Step 2: Fetching odds for game 16/16
    Denver Nuggets @ Phoenix Suns
    Event ID: 22a9b650e64ca15cb0c83dc0148a571e
    Commence: 2024-12-26T03:30:00Z
  Credits: 31147 used, 68853.0 remaining
    ✅ Success (309/334 games collected)
    💰 Est. credits used: 9,270/40,000

[14/174] Processing 2024-11-04...
  Step 1: Fetching event IDs...
  Credits: 31148 used, 68852.0 remaining
  Found 28 game(s)

  Step 2: Fetching odds for game 1/28
    Milwaukee Bucks @ Cleveland Cavaliers
    Event ID: a8a342f91ff1a2a962cd0208f6d134ae
    Commence: 2024-11-05T00:00:00Z
  Credits: 31178 used, 68822.0 remaining
    ✅ Success (310/362 games collected)
    💰 Est. credits used: 9,300/40,000

  Step 2: Fetching odds for game 2/28
    Golden State Warriors @ Washington Wizards
    Event ID: 6e5283e3561335f5b8aaa8ac235a3649
    Commence: 2024-11-05T00:15:00Z
  Credits: 31208 used, 68792.0 remaining
    ✅ Success (311/362 games collected)
    💰 Est. credits used: 9,330/40,000

  Step 2: Fetching odds for game 3/28
    Los Angeles Lakers @ Detroit Pistons
    Event ID: 4a65852b312d2567a2416479d4e7865d
    Commence: 2024-11-05T00:30:00Z
  Credits: 31238 used, 68762.0 remaining
    ✅ Success (312/362 games collected)
    💰 Est. credits used: 9,360/40,000

  Step 2: Fetching odds for game 4/28
    Boston Celtics @ Atlanta Hawks
    Event ID: 3daf8c9d55f6171788c9c9be784d1c0d
    Commence: 2024-11-05T00:45:00Z
  Credits: 31268 used, 68732.0 remaining
    ✅ Success (313/362 games collected)
    💰 Est. credits used: 9,390/40,000

  Step 2: Fetching odds for game 5/28
    Memphis Grizzlies @ Brooklyn Nets
    Event ID: 5bfef772da68c1f21b2f64b5d51a8335
    Commence: 2024-11-05T01:00:00Z
  Credits: 31298 used, 68702.0 remaining
    ✅ Success (314/362 games collected)
    💰 Est. credits used: 9,420/40,000

  Step 2: Fetching odds for game 6/28
    Sacramento Kings @ Miami Heat
    Event ID: df0ba6367cbeced18131b9ebb7a1fb0a
    Commence: 2024-11-05T01:15:00Z
  Credits: 31328 used, 68672.0 remaining
    ✅ Success (315/362 games collected)
    💰 Est. credits used: 9,450/40,000

  Step 2: Fetching odds for game 7/28
    Utah Jazz @ Chicago Bulls
    Event ID: d915fdc124456eba7588db14472b11e4
    Commence: 2024-11-05T01:30:00Z
  Credits: 31358 used, 68642.0 remaining
    ✅ Success (316/362 games collected)
    💰 Est. credits used: 9,480/40,000

  Step 2: Fetching odds for game 8/28
    New York Knicks @ Houston Rockets
    Event ID: 0699f97f41299dacc9f8925b8578f6e4
    Commence: 2024-11-05T01:45:00Z
  Credits: 31388 used, 68612.0 remaining
    ✅ Success (317/362 games collected)
    💰 Est. credits used: 9,510/40,000

  Step 2: Fetching odds for game 9/28
    Charlotte Hornets @ Minnesota Timberwolves
    Event ID: 5c9b05d1970612383a2610f28c75dbab
    Commence: 2024-11-05T02:00:00Z
  Credits: 31418 used, 68582.0 remaining
    ✅ Success (318/362 games collected)
    💰 Est. credits used: 9,540/40,000

  Step 2: Fetching odds for game 10/28
    Orlando Magic @ Oklahoma City Thunder
    Event ID: fae985eb0a67b6ab4ebc41b1b48bd8d7
    Commence: 2024-11-05T02:15:00Z
  Credits: 31448 used, 68552.0 remaining
    ✅ Success (319/362 games collected)
    💰 Est. credits used: 9,570/40,000

  Step 2: Fetching odds for game 11/28
    Portland Trail Blazers @ New Orleans Pelicans
    Event ID: 656e5296ddc350f402a0fc488696ef99
    Commence: 2024-11-05T02:30:00Z
  Credits: 31478 used, 68522.0 remaining
    ✅ Success (320/362 games collected)
    💰 Est. credits used: 9,600/40,000

  Step 2: Fetching odds for game 12/28
    Indiana Pacers @ Dallas Mavericks
    Event ID: 39e379d0f4ea095a76ea00b31c461146
    Commence: 2024-11-05T02:45:00Z
  Credits: 31508 used, 68492.0 remaining
    ✅ Success (321/362 games collected)
    💰 Est. credits used: 9,630/40,000

  Step 2: Fetching odds for game 13/28
    Toronto Raptors @ Denver Nuggets
    Event ID: cd22e81b39058cad060b23ff583d705f
    Commence: 2024-11-05T03:00:00Z
  Credits: 31538 used, 68462.0 remaining
    ✅ Success (322/362 games collected)
    💰 Est. credits used: 9,660/40,000

  Step 2: Fetching odds for game 14/28
    Philadelphia 76ers @ Phoenix Suns
    Event ID: f5d380ca5f80d45b776b8cc4365ef870
    Commence: 2024-11-05T03:15:00Z
  Credits: 31568 used, 68432.0 remaining
    ✅ Success (323/362 games collected)
    💰 Est. credits used: 9,690/40,000

  Step 2: Fetching odds for game 15/28
    San Antonio Spurs @ Los Angeles Clippers
    Event ID: e77b1486f5db9ced78ba28c74434339e
    Commence: 2024-11-05T03:30:00Z
  Credits: 31598 used, 68402.0 remaining
    ✅ Success (324/362 games collected)
    💰 Est. credits used: 9,720/40,000

  Step 2: Fetching odds for game 16/28
    Atlanta Hawks @ Boston Celtics
    Event ID: 74058cb479045efa21ebd5c57050e23e
    Commence: 2024-11-13T00:00:00Z
  Credits: 31598 used, 68402.0 remaining
    ✅ Success (325/362 games collected)
    💰 Est. credits used: 9,750/40,000

  Step 2: Fetching odds for game 17/28
    Charlotte Hornets @ Orlando Magic
    Event ID: ff0b160b9779ae75b9f7d05511270837
    Commence: 2024-11-13T00:00:00Z
  Credits: 31598 used, 68402.0 remaining
  Retry 1/3: HTTP 404: Not Found
  Credits: 31598 used, 68402.0 remaining
  Retry 2/3: HTTP 404: Not Found
  Credits: 31598 used, 68402.0 remaining
  Retry 3/3: HTTP 404: Not Found
  ❌ Failed to fetch odds for ff0b160b9779ae75b9f7d05511270837: HTTP 404: Not Found
    ⚠️  No odds data available

  Step 2: Fetching odds for game 18/28
    Miami Heat @ Detroit Pistons
    Event ID: e80e0c514aa69872360f58b079796a8b
    Commence: 2024-11-13T00:00:00Z
  Credits: 31598 used, 68402.0 remaining
    ✅ Success (326/362 games collected)
    💰 Est. credits used: 9,780/40,000

  Step 2: Fetching odds for game 19/28
    New York Knicks @ Philadelphia 76ers
    Event ID: 2d650fff73dcc627c1c0de3a4694e9fc
    Commence: 2024-11-13T00:30:00Z
  Credits: 31598 used, 68402.0 remaining
    ✅ Success (327/362 games collected)
    💰 Est. credits used: 9,810/40,000

  Step 2: Fetching odds for game 20/28
    Toronto Raptors @ Milwaukee Bucks
    Event ID: 30e4d7fc5396e7b0b8be16b278c123fe
    Commence: 2024-11-13T01:00:00Z
  Credits: 31598 used, 68402.0 remaining
    ✅ Success (328/362 games collected)
    💰 Est. credits used: 9,840/40,000

  Step 2: Fetching odds for game 21/28
    Phoenix Suns @ Utah Jazz
    Event ID: 6050b0be3ce7b57b77ef6695b9cecaa1
    Commence: 2024-11-13T02:00:00Z
  Credits: 31598 used, 68402.0 remaining
    ✅ Success (329/362 games collected)
    💰 Est. credits used: 9,870/40,000

  Step 2: Fetching odds for game 22/28
    Dallas Mavericks @ Golden State Warriors
    Event ID: f0bfcb563a5de00b392bda6960db1796
    Commence: 2024-11-13T03:00:00Z
  Credits: 31598 used, 68402.0 remaining
    ✅ Success (330/362 games collected)
    💰 Est. credits used: 9,900/40,000

  Step 2: Fetching odds for game 23/28
    Minnesota Timberwolves @ Portland Trail Blazers
    Event ID: 4a86e15d2c8c52972524be69d15941cc
    Commence: 2024-11-13T03:00:00Z
  Credits: 31598 used, 68402.0 remaining
    ✅ Success (331/362 games collected)
    💰 Est. credits used: 9,930/40,000

  Step 2: Fetching odds for game 24/28
    San Antonio Spurs @ New York Knicks
    Event ID: 973a6ea86af7d9e2bf4c52509822f5bf
    Commence: 2024-12-25T17:00:00Z
  Credits: 31598 used, 68402.0 remaining
    ✅ Success (332/362 games collected)
    💰 Est. credits used: 9,960/40,000

  Step 2: Fetching odds for game 25/28
    Minnesota Timberwolves @ Dallas Mavericks
    Event ID: 07a07eaa8f786d68cb371107f36f5b33
    Commence: 2024-12-25T19:30:00Z
  Credits: 31598 used, 68402.0 remaining
    ✅ Success (333/362 games collected)
    💰 Est. credits used: 9,990/40,000

  Step 2: Fetching odds for game 26/28
    Philadelphia 76ers @ Boston Celtics
    Event ID: 6f66bc2154fb45b2047e1c1c5afcdc38
    Commence: 2024-12-25T22:00:00Z
  Credits: 31598 used, 68402.0 remaining
    ✅ Success (334/362 games collected)
    💰 Est. credits used: 10,020/40,000

  Step 2: Fetching odds for game 27/28
    Los Angeles Lakers @ Golden State Warriors
    Event ID: bc6f994bad539db5054c8b750c437fb8
    Commence: 2024-12-26T01:00:00Z
  Credits: 31598 used, 68402.0 remaining
    ✅ Success (335/362 games collected)
    💰 Est. credits used: 10,050/40,000

  Step 2: Fetching odds for game 28/28
    Denver Nuggets @ Phoenix Suns
    Event ID: 22a9b650e64ca15cb0c83dc0148a571e
    Commence: 2024-12-26T03:30:00Z
  Credits: 31598 used, 68402.0 remaining
    ✅ Success (336/362 games collected)
    💰 Est. credits used: 10,080/40,000

[15/174] Processing 2024-11-05...
  Step 1: Fetching event IDs...
  Credits: 31599 used, 68401.0 remaining
  Found 27 game(s)

  Step 2: Fetching odds for game 1/27
    Detroit Pistons @ Charlotte Hornets
    Event ID: d8a4500a8cc85a77dcea342ae4099316
    Commence: 2024-11-07T00:10:00Z
  Credits: 31629 used, 68371.0 remaining
    ✅ Success (337/389 games collected)
    💰 Est. credits used: 10,110/40,000

  Step 2: Fetching odds for game 2/27
    Orlando Magic @ Indiana Pacers
    Event ID: bc5e0e6e79a5d82ad2b20e991492db8c
    Commence: 2024-11-07T00:10:00Z
  Credits: 31659 used, 68341.0 remaining
    ✅ Success (338/389 games collected)
    💰 Est. credits used: 10,140/40,000

  Step 2: Fetching odds for game 3/27
    New York Knicks @ Atlanta Hawks
    Event ID: 55e42ff38d847dc50703546e7493cce2
    Commence: 2024-11-07T00:40:00Z
  Credits: 31659 used, 68341.0 remaining
    ✅ Success (339/389 games collected)
    💰 Est. credits used: 10,170/40,000

  Step 2: Fetching odds for game 4/27
    Golden State Warriors @ Boston Celtics
    Event ID: 6dc1349cbc1293f743feb18946ff2f4c
    Commence: 2024-11-07T00:40:00Z
  Credits: 31689 used, 68311.0 remaining
    ✅ Success (340/389 games collected)
    💰 Est. credits used: 10,200/40,000

  Step 2: Fetching odds for game 5/27
    Cleveland Cavaliers @ New Orleans Pelicans
    Event ID: 2aca7da4384db5d91c0bf5e7ef8bad3e
    Commence: 2024-11-07T01:10:00Z
  Credits: 31719 used, 68281.0 remaining
    ✅ Success (341/389 games collected)
    💰 Est. credits used: 10,230/40,000

  Step 2: Fetching odds for game 6/27
    San Antonio Spurs @ Houston Rockets
    Event ID: e11aab280c73770d02d2a81c162debeb
    Commence: 2024-11-07T01:10:00Z
  Credits: 31739 used, 68261.0 remaining
    ✅ Success (342/389 games collected)
    💰 Est. credits used: 10,260/40,000

  Step 2: Fetching odds for game 7/27
    Los Angeles Lakers @ Memphis Grizzlies
    Event ID: 8a6e6ad9eff01832c4dcc8085227f319
    Commence: 2024-11-07T01:10:00Z
  Credits: 31739 used, 68261.0 remaining
    ✅ Success (343/389 games collected)
    💰 Est. credits used: 10,290/40,000

  Step 2: Fetching odds for game 8/27
    Chicago Bulls @ Dallas Mavericks
    Event ID: c109fa8f6b5af24ef9718aed21811c35
    Commence: 2024-11-07T01:40:00Z
  Credits: 31739 used, 68261.0 remaining
    ✅ Success (344/389 games collected)
    💰 Est. credits used: 10,320/40,000

  Step 2: Fetching odds for game 9/27
    Oklahoma City Thunder @ Denver Nuggets
    Event ID: 9e3ad3534d3b3a6702d2ee41b756ec3d
    Commence: 2024-11-07T02:10:00Z
  Credits: 31769 used, 68231.0 remaining
    ✅ Success (345/389 games collected)
    💰 Est. credits used: 10,350/40,000

  Step 2: Fetching odds for game 10/27
    Miami Heat @ Phoenix Suns
    Event ID: 6b8b7ee373af6d1ae89c0f2940635b00
    Commence: 2024-11-07T02:10:00Z
  Credits: 31769 used, 68231.0 remaining
    ✅ Success (346/389 games collected)
    💰 Est. credits used: 10,380/40,000

  Step 2: Fetching odds for game 11/27
    Philadelphia 76ers @ Los Angeles Clippers
    Event ID: b66e2dcd5f73800d50d9e6cedb0f5816
    Commence: 2024-11-07T03:10:00Z
  Credits: 31769 used, 68231.0 remaining
    ✅ Success (347/389 games collected)
    💰 Est. credits used: 10,410/40,000

  Step 2: Fetching odds for game 12/27
    Toronto Raptors @ Sacramento Kings
    Event ID: cb8bf9aed92604c1334706f5c0c82c57
    Commence: 2024-11-07T03:10:00Z
  Credits: 31769 used, 68231.0 remaining
    ✅ Success (348/389 games collected)
    💰 Est. credits used: 10,440/40,000

  Step 2: Fetching odds for game 13/27
    Minnesota Timberwolves @ Chicago Bulls
    Event ID: 84d6b1ca05b2ad858b5b9ac52ea4b0ee
    Commence: 2024-11-08T01:10:00Z
  Credits: 31769 used, 68231.0 remaining
    ✅ Success (349/389 games collected)
    💰 Est. credits used: 10,470/40,000

  Step 2: Fetching odds for game 14/27
    Utah Jazz @ Milwaukee Bucks
    Event ID: 1e6137994854a6163d6f9fea8dc6e83e
    Commence: 2024-11-08T01:10:00Z
  Credits: 31769 used, 68231.0 remaining
    ✅ Success (350/389 games collected)
    💰 Est. credits used: 10,500/40,000

  Step 2: Fetching odds for game 15/27
    Portland Trail Blazers @ San Antonio Spurs
    Event ID: 808cd638f31e1657b3c5cd3841a76b4a
    Commence: 2024-11-08T01:10:00Z
  Credits: 31769 used, 68231.0 remaining
    ✅ Success (351/389 games collected)
    💰 Est. credits used: 10,530/40,000

  Step 2: Fetching odds for game 16/27
    Atlanta Hawks @ Boston Celtics
    Event ID: 74058cb479045efa21ebd5c57050e23e
    Commence: 2024-11-13T00:00:00Z
  Credits: 31769 used, 68231.0 remaining
    ✅ Success (352/389 games collected)
    💰 Est. credits used: 10,560/40,000

  Step 2: Fetching odds for game 17/27
    Miami Heat @ Detroit Pistons
    Event ID: e80e0c514aa69872360f58b079796a8b
    Commence: 2024-11-13T00:00:00Z
  Credits: 31769 used, 68231.0 remaining
    ✅ Success (353/389 games collected)
    💰 Est. credits used: 10,590/40,000

  Step 2: Fetching odds for game 18/27
    New York Knicks @ Philadelphia 76ers
    Event ID: 2d650fff73dcc627c1c0de3a4694e9fc
    Commence: 2024-11-13T00:30:00Z
  Credits: 31769 used, 68231.0 remaining
    ✅ Success (354/389 games collected)
    💰 Est. credits used: 10,620/40,000

  Step 2: Fetching odds for game 19/27
    Toronto Raptors @ Milwaukee Bucks
    Event ID: 30e4d7fc5396e7b0b8be16b278c123fe
    Commence: 2024-11-13T01:00:00Z
  Credits: 31769 used, 68231.0 remaining
    ✅ Success (355/389 games collected)
    💰 Est. credits used: 10,650/40,000

  Step 2: Fetching odds for game 20/27
    Phoenix Suns @ Utah Jazz
    Event ID: 6050b0be3ce7b57b77ef6695b9cecaa1
    Commence: 2024-11-13T02:00:00Z
  Credits: 31769 used, 68231.0 remaining
    ✅ Success (356/389 games collected)
    💰 Est. credits used: 10,680/40,000

  Step 2: Fetching odds for game 21/27
    Dallas Mavericks @ Golden State Warriors
    Event ID: f0bfcb563a5de00b392bda6960db1796
    Commence: 2024-11-13T03:00:00Z
  Credits: 31769 used, 68231.0 remaining
    ✅ Success (357/389 games collected)
    💰 Est. credits used: 10,710/40,000

  Step 2: Fetching odds for game 22/27
    Minnesota Timberwolves @ Portland Trail Blazers
    Event ID: 4a86e15d2c8c52972524be69d15941cc
    Commence: 2024-11-13T03:00:00Z
  Credits: 31769 used, 68231.0 remaining
    ✅ Success (358/389 games collected)
    💰 Est. credits used: 10,740/40,000

  Step 2: Fetching odds for game 23/27
    San Antonio Spurs @ New York Knicks
    Event ID: 973a6ea86af7d9e2bf4c52509822f5bf
    Commence: 2024-12-25T17:00:00Z
  Credits: 31769 used, 68231.0 remaining
    ✅ Success (359/389 games collected)
    💰 Est. credits used: 10,770/40,000

  Step 2: Fetching odds for game 24/27
    Minnesota Timberwolves @ Dallas Mavericks
    Event ID: 07a07eaa8f786d68cb371107f36f5b33
    Commence: 2024-12-25T19:30:00Z
  Credits: 31769 used, 68231.0 remaining
    ✅ Success (360/389 games collected)
    💰 Est. credits used: 10,800/40,000

  Step 2: Fetching odds for game 25/27
    Philadelphia 76ers @ Boston Celtics
    Event ID: 6f66bc2154fb45b2047e1c1c5afcdc38
    Commence: 2024-12-25T22:00:00Z
  Credits: 31769 used, 68231.0 remaining
    ✅ Success (361/389 games collected)
    💰 Est. credits used: 10,830/40,000

  Step 2: Fetching odds for game 26/27
    Los Angeles Lakers @ Golden State Warriors
    Event ID: bc6f994bad539db5054c8b750c437fb8
    Commence: 2024-12-26T01:00:00Z
  Credits: 31769 used, 68231.0 remaining
    ✅ Success (362/389 games collected)
    💰 Est. credits used: 10,860/40,000

  Step 2: Fetching odds for game 27/27
    Denver Nuggets @ Phoenix Suns
    Event ID: 22a9b650e64ca15cb0c83dc0148a571e
    Commence: 2024-12-26T03:30:00Z
  Credits: 31769 used, 68231.0 remaining
    ✅ Success (363/389 games collected)
    💰 Est. credits used: 10,890/40,000

[16/174] Processing 2024-11-06...
  Step 1: Fetching event IDs...
  Credits: 31770 used, 68230.0 remaining
  Found 27 game(s)

  Step 2: Fetching odds for game 1/27
    Detroit Pistons @ Charlotte Hornets
    Event ID: d8a4500a8cc85a77dcea342ae4099316
    Commence: 2024-11-07T00:10:00Z
  Credits: 31800 used, 68200.0 remaining
    ✅ Success (364/416 games collected)
    💰 Est. credits used: 10,920/40,000

  Step 2: Fetching odds for game 2/27
    Orlando Magic @ Indiana Pacers
    Event ID: bc5e0e6e79a5d82ad2b20e991492db8c
    Commence: 2024-11-07T00:10:00Z
  Credits: 31830 used, 68170.0 remaining
    ✅ Success (365/416 games collected)
    💰 Est. credits used: 10,950/40,000

  Step 2: Fetching odds for game 3/27
    New York Knicks @ Atlanta Hawks
    Event ID: 55e42ff38d847dc50703546e7493cce2
    Commence: 2024-11-07T00:40:00Z
  Credits: 31860 used, 68140.0 remaining
    ✅ Success (366/416 games collected)
    💰 Est. credits used: 10,980/40,000

  Step 2: Fetching odds for game 4/27
    Golden State Warriors @ Boston Celtics
    Event ID: 6dc1349cbc1293f743feb18946ff2f4c
    Commence: 2024-11-07T00:40:00Z
  Credits: 31890 used, 68110.0 remaining
    ✅ Success (367/416 games collected)
    💰 Est. credits used: 11,010/40,000

  Step 2: Fetching odds for game 5/27
    Cleveland Cavaliers @ New Orleans Pelicans
    Event ID: 2aca7da4384db5d91c0bf5e7ef8bad3e
    Commence: 2024-11-07T01:10:00Z
  Credits: 31920 used, 68080.0 remaining
    ✅ Success (368/416 games collected)
    💰 Est. credits used: 11,040/40,000

  Step 2: Fetching odds for game 6/27
    San Antonio Spurs @ Houston Rockets
    Event ID: e11aab280c73770d02d2a81c162debeb
    Commence: 2024-11-07T01:10:00Z
  Credits: 31950 used, 68050.0 remaining
    ✅ Success (369/416 games collected)
    💰 Est. credits used: 11,070/40,000

  Step 2: Fetching odds for game 7/27
    Los Angeles Lakers @ Memphis Grizzlies
    Event ID: 8a6e6ad9eff01832c4dcc8085227f319
    Commence: 2024-11-07T01:10:00Z
  Credits: 31981 used, 68019.0 remaining
    ✅ Success (370/416 games collected)
    💰 Est. credits used: 11,100/40,000

  Step 2: Fetching odds for game 8/27
    Chicago Bulls @ Dallas Mavericks
    Event ID: c109fa8f6b5af24ef9718aed21811c35
    Commence: 2024-11-07T01:40:00Z
  Credits: 32011 used, 67989.0 remaining
    ✅ Success (371/416 games collected)
    💰 Est. credits used: 11,130/40,000

  Step 2: Fetching odds for game 9/27
    Oklahoma City Thunder @ Denver Nuggets
    Event ID: 9e3ad3534d3b3a6702d2ee41b756ec3d
    Commence: 2024-11-07T02:10:00Z
  Credits: 32041 used, 67959.0 remaining
    ✅ Success (372/416 games collected)
    💰 Est. credits used: 11,160/40,000

  Step 2: Fetching odds for game 10/27
    Miami Heat @ Phoenix Suns
    Event ID: 6b8b7ee373af6d1ae89c0f2940635b00
    Commence: 2024-11-07T02:10:00Z
  Credits: 32071 used, 67929.0 remaining
    ✅ Success (373/416 games collected)
    💰 Est. credits used: 11,190/40,000

  Step 2: Fetching odds for game 11/27
    Philadelphia 76ers @ Los Angeles Clippers
    Event ID: b66e2dcd5f73800d50d9e6cedb0f5816
    Commence: 2024-11-07T03:10:00Z
  Credits: 32101 used, 67899.0 remaining
    ✅ Success (374/416 games collected)
    💰 Est. credits used: 11,220/40,000

  Step 2: Fetching odds for game 12/27
    Toronto Raptors @ Sacramento Kings
    Event ID: cb8bf9aed92604c1334706f5c0c82c57
    Commence: 2024-11-07T03:10:00Z
  Credits: 32131 used, 67869.0 remaining
    ✅ Success (375/416 games collected)
    💰 Est. credits used: 11,250/40,000

  Step 2: Fetching odds for game 13/27
    Minnesota Timberwolves @ Chicago Bulls
    Event ID: 84d6b1ca05b2ad858b5b9ac52ea4b0ee
    Commence: 2024-11-08T01:10:00Z
  Credits: 32131 used, 67869.0 remaining
    ✅ Success (376/416 games collected)
    💰 Est. credits used: 11,280/40,000

  Step 2: Fetching odds for game 14/27
    Utah Jazz @ Milwaukee Bucks
    Event ID: 1e6137994854a6163d6f9fea8dc6e83e
    Commence: 2024-11-08T01:10:00Z
  Credits: 32131 used, 67869.0 remaining
    ✅ Success (377/416 games collected)
    💰 Est. credits used: 11,310/40,000

  Step 2: Fetching odds for game 15/27
    Portland Trail Blazers @ San Antonio Spurs
    Event ID: 808cd638f31e1657b3c5cd3841a76b4a
    Commence: 2024-11-08T01:10:00Z
  Credits: 32131 used, 67869.0 remaining
    ✅ Success (378/416 games collected)
    💰 Est. credits used: 11,340/40,000

  Step 2: Fetching odds for game 16/27
    Atlanta Hawks @ Boston Celtics
    Event ID: 74058cb479045efa21ebd5c57050e23e
    Commence: 2024-11-13T00:00:00Z
  Credits: 32131 used, 67869.0 remaining
    ✅ Success (379/416 games collected)
    💰 Est. credits used: 11,370/40,000

  Step 2: Fetching odds for game 17/27
    Miami Heat @ Detroit Pistons
    Event ID: e80e0c514aa69872360f58b079796a8b
    Commence: 2024-11-13T00:00:00Z
  Credits: 32131 used, 67869.0 remaining
    ✅ Success (380/416 games collected)
    💰 Est. credits used: 11,400/40,000

  Step 2: Fetching odds for game 18/27
    New York Knicks @ Philadelphia 76ers
    Event ID: 2d650fff73dcc627c1c0de3a4694e9fc
    Commence: 2024-11-13T00:30:00Z
  Credits: 32131 used, 67869.0 remaining
    ✅ Success (381/416 games collected)
    💰 Est. credits used: 11,430/40,000

  Step 2: Fetching odds for game 19/27
    Toronto Raptors @ Milwaukee Bucks
    Event ID: 30e4d7fc5396e7b0b8be16b278c123fe
    Commence: 2024-11-13T01:00:00Z
  Credits: 32131 used, 67869.0 remaining
    ✅ Success (382/416 games collected)
    💰 Est. credits used: 11,460/40,000

  Step 2: Fetching odds for game 20/27
    Phoenix Suns @ Utah Jazz
    Event ID: 6050b0be3ce7b57b77ef6695b9cecaa1
    Commence: 2024-11-13T02:00:00Z
  Credits: 32131 used, 67869.0 remaining
    ✅ Success (383/416 games collected)
    💰 Est. credits used: 11,490/40,000

  Step 2: Fetching odds for game 21/27
    Dallas Mavericks @ Golden State Warriors
    Event ID: f0bfcb563a5de00b392bda6960db1796
    Commence: 2024-11-13T03:00:00Z
  Credits: 32131 used, 67869.0 remaining
    ✅ Success (384/416 games collected)
    💰 Est. credits used: 11,520/40,000

  Step 2: Fetching odds for game 22/27
    Minnesota Timberwolves @ Portland Trail Blazers
    Event ID: 4a86e15d2c8c52972524be69d15941cc
    Commence: 2024-11-13T03:00:00Z
  Credits: 32131 used, 67869.0 remaining
    ✅ Success (385/416 games collected)
    💰 Est. credits used: 11,550/40,000

  Step 2: Fetching odds for game 23/27
    San Antonio Spurs @ New York Knicks
    Event ID: 973a6ea86af7d9e2bf4c52509822f5bf
    Commence: 2024-12-25T17:00:00Z
  Credits: 32131 used, 67869.0 remaining
    ✅ Success (386/416 games collected)
    💰 Est. credits used: 11,580/40,000

  Step 2: Fetching odds for game 24/27
    Minnesota Timberwolves @ Dallas Mavericks
    Event ID: 07a07eaa8f786d68cb371107f36f5b33
    Commence: 2024-12-25T19:30:00Z
  Credits: 32131 used, 67869.0 remaining
    ✅ Success (387/416 games collected)
    💰 Est. credits used: 11,610/40,000

  Step 2: Fetching odds for game 25/27
    Philadelphia 76ers @ Boston Celtics
    Event ID: 6f66bc2154fb45b2047e1c1c5afcdc38
    Commence: 2024-12-25T22:00:00Z
  Credits: 32131 used, 67869.0 remaining
    ✅ Success (388/416 games collected)
    💰 Est. credits used: 11,640/40,000

  Step 2: Fetching odds for game 26/27
    Los Angeles Lakers @ Golden State Warriors
    Event ID: bc6f994bad539db5054c8b750c437fb8
    Commence: 2024-12-26T01:00:00Z
  Credits: 32131 used, 67869.0 remaining
    ✅ Success (389/416 games collected)
    💰 Est. credits used: 11,670/40,000

  Step 2: Fetching odds for game 27/27
    Denver Nuggets @ Phoenix Suns
    Event ID: 22a9b650e64ca15cb0c83dc0148a571e
    Commence: 2024-12-26T03:30:00Z
  Credits: 32131 used, 67869.0 remaining
    ✅ Success (390/416 games collected)
    💰 Est. credits used: 11,700/40,000

[17/174] Processing 2024-11-07...
  Step 1: Fetching event IDs...
  Credits: 32132 used, 67868.0 remaining
  Found 15 game(s)

  Step 2: Fetching odds for game 1/15
    Minnesota Timberwolves @ Chicago Bulls
    Event ID: 84d6b1ca05b2ad858b5b9ac52ea4b0ee
    Commence: 2024-11-08T01:10:00Z
  Credits: 32162 used, 67838.0 remaining
    ✅ Success (391/431 games collected)
    💰 Est. credits used: 11,730/40,000

  Step 2: Fetching odds for game 2/15
    Utah Jazz @ Milwaukee Bucks
    Event ID: 1e6137994854a6163d6f9fea8dc6e83e
    Commence: 2024-11-08T01:10:00Z
  Credits: 32192 used, 67808.0 remaining
    ✅ Success (392/431 games collected)
    💰 Est. credits used: 11,760/40,000

  Step 2: Fetching odds for game 3/15
    Portland Trail Blazers @ San Antonio Spurs
    Event ID: 808cd638f31e1657b3c5cd3841a76b4a
    Commence: 2024-11-08T01:10:00Z
  Credits: 32222 used, 67778.0 remaining
    ✅ Success (393/431 games collected)
    💰 Est. credits used: 11,790/40,000

  Step 2: Fetching odds for game 4/15
    Atlanta Hawks @ Boston Celtics
    Event ID: 74058cb479045efa21ebd5c57050e23e
    Commence: 2024-11-13T00:00:00Z
  Credits: 32222 used, 67778.0 remaining
    ✅ Success (394/431 games collected)
    💰 Est. credits used: 11,820/40,000

  Step 2: Fetching odds for game 5/15
    Miami Heat @ Detroit Pistons
    Event ID: e80e0c514aa69872360f58b079796a8b
    Commence: 2024-11-13T00:00:00Z
  Credits: 32222 used, 67778.0 remaining
    ✅ Success (395/431 games collected)
    💰 Est. credits used: 11,850/40,000

  Step 2: Fetching odds for game 6/15
    New York Knicks @ Philadelphia 76ers
    Event ID: 2d650fff73dcc627c1c0de3a4694e9fc
    Commence: 2024-11-13T00:30:00Z
  Credits: 32222 used, 67778.0 remaining
    ✅ Success (396/431 games collected)
    💰 Est. credits used: 11,880/40,000

  Step 2: Fetching odds for game 7/15
    Toronto Raptors @ Milwaukee Bucks
    Event ID: 30e4d7fc5396e7b0b8be16b278c123fe
    Commence: 2024-11-13T01:00:00Z
  Credits: 32225 used, 67775.0 remaining
    ✅ Success (397/431 games collected)
    💰 Est. credits used: 11,910/40,000

  Step 2: Fetching odds for game 8/15
    Phoenix Suns @ Utah Jazz
    Event ID: 6050b0be3ce7b57b77ef6695b9cecaa1
    Commence: 2024-11-13T02:00:00Z
  Credits: 32225 used, 67775.0 remaining
    ✅ Success (398/431 games collected)
    💰 Est. credits used: 11,940/40,000

  Step 2: Fetching odds for game 9/15
    Dallas Mavericks @ Golden State Warriors
    Event ID: f0bfcb563a5de00b392bda6960db1796
    Commence: 2024-11-13T03:00:00Z
  Credits: 32225 used, 67775.0 remaining
    ✅ Success (399/431 games collected)
    💰 Est. credits used: 11,970/40,000

  Step 2: Fetching odds for game 10/15
    Minnesota Timberwolves @ Portland Trail Blazers
    Event ID: 4a86e15d2c8c52972524be69d15941cc
    Commence: 2024-11-13T03:00:00Z
  Credits: 32225 used, 67775.0 remaining
    ✅ Success (400/431 games collected)
    💰 Est. credits used: 12,000/40,000

  Step 2: Fetching odds for game 11/15
    San Antonio Spurs @ New York Knicks
    Event ID: 973a6ea86af7d9e2bf4c52509822f5bf
    Commence: 2024-12-25T17:00:00Z
  Credits: 32225 used, 67775.0 remaining
    ✅ Success (401/431 games collected)
    💰 Est. credits used: 12,030/40,000

  Step 2: Fetching odds for game 12/15
    Minnesota Timberwolves @ Dallas Mavericks
    Event ID: 07a07eaa8f786d68cb371107f36f5b33
    Commence: 2024-12-25T19:30:00Z
  Credits: 32225 used, 67775.0 remaining
    ✅ Success (402/431 games collected)
    💰 Est. credits used: 12,060/40,000

  Step 2: Fetching odds for game 13/15
    Philadelphia 76ers @ Boston Celtics
    Event ID: 6f66bc2154fb45b2047e1c1c5afcdc38
    Commence: 2024-12-25T22:00:00Z
  Credits: 32225 used, 67775.0 remaining
    ✅ Success (403/431 games collected)
    💰 Est. credits used: 12,090/40,000

  Step 2: Fetching odds for game 14/15
    Los Angeles Lakers @ Golden State Warriors
    Event ID: bc6f994bad539db5054c8b750c437fb8
    Commence: 2024-12-26T01:00:00Z
  Credits: 32225 used, 67775.0 remaining
    ✅ Success (404/431 games collected)
    💰 Est. credits used: 12,120/40,000

  Step 2: Fetching odds for game 15/15
    Denver Nuggets @ Phoenix Suns
    Event ID: 22a9b650e64ca15cb0c83dc0148a571e
    Commence: 2024-12-26T03:30:00Z
  Credits: 32225 used, 67775.0 remaining
    ✅ Success (405/431 games collected)
    💰 Est. credits used: 12,150/40,000

[18/174] Processing 2024-11-08...
  Step 1: Fetching event IDs...
  Credits: 32226 used, 67774.0 remaining
  Found 25 game(s)

  Step 2: Fetching odds for game 1/25
    Atlanta Hawks @ Detroit Pistons
    Event ID: a8ecc9d55ef3ef2d1ae9e2ef518cb059
    Commence: 2024-11-09T00:10:00Z
  Credits: 32256 used, 67744.0 remaining
    ✅ Success (406/456 games collected)
    💰 Est. credits used: 12,180/40,000

  Step 2: Fetching odds for game 2/25
    Indiana Pacers @ Charlotte Hornets
    Event ID: 12242c9b25747345d3b9251f19ae8065
    Commence: 2024-11-09T00:10:00Z
  Credits: 32286 used, 67714.0 remaining
    ✅ Success (407/456 games collected)
    💰 Est. credits used: 12,210/40,000

  Step 2: Fetching odds for game 3/25
    New Orleans Pelicans @ Orlando Magic
    Event ID: faadb19c2f6776135eeabc11eee01d67
    Commence: 2024-11-09T00:10:00Z
  Credits: 32316 used, 67684.0 remaining
    ✅ Success (408/456 games collected)
    💰 Est. credits used: 12,240/40,000

  Step 2: Fetching odds for game 4/25
    Brooklyn Nets @ Boston Celtics
    Event ID: b432836ef47656bc4bb88d999827ba26
    Commence: 2024-11-09T00:40:00Z
  Credits: 32346 used, 67654.0 remaining
    ✅ Success (409/456 games collected)
    💰 Est. credits used: 12,270/40,000

  Step 2: Fetching odds for game 5/25
    Golden State Warriors @ Cleveland Cavaliers
    Event ID: 8dadd3e43cf1e51c8b709476bc0afff7
    Commence: 2024-11-09T00:40:00Z
  Credits: 32376 used, 67624.0 remaining
    ✅ Success (410/456 games collected)
    💰 Est. credits used: 12,300/40,000

  Step 2: Fetching odds for game 6/25
    Phoenix Suns @ Dallas Mavericks
    Event ID: 13171f5216a88dd17acb9052569ad894
    Commence: 2024-11-09T00:40:00Z
  Credits: 32406 used, 67594.0 remaining
    ✅ Success (411/456 games collected)
    💰 Est. credits used: 12,330/40,000

  Step 2: Fetching odds for game 7/25
    Milwaukee Bucks @ New York Knicks
    Event ID: da5d3ecb8094a13ab7c7c8e7997e0ae8
    Commence: 2024-11-09T00:40:00Z
  Credits: 32436 used, 67564.0 remaining
    ✅ Success (412/456 games collected)
    💰 Est. credits used: 12,360/40,000

  Step 2: Fetching odds for game 8/25
    Washington Wizards @ Memphis Grizzlies
    Event ID: 1ec253bda365ce2183af3ac8e70f8342
    Commence: 2024-11-09T01:00:00Z
  Credits: 32466 used, 67534.0 remaining
    ✅ Success (413/456 games collected)
    💰 Est. credits used: 12,390/40,000

  Step 2: Fetching odds for game 9/25
    Houston Rockets @ Oklahoma City Thunder
    Event ID: c59598a6a551486fcd9943a821ed9f0f
    Commence: 2024-11-09T01:10:00Z
  Credits: 32496 used, 67504.0 remaining
    ✅ Success (414/456 games collected)
    💰 Est. credits used: 12,420/40,000

  Step 2: Fetching odds for game 10/25
    Miami Heat @ Denver Nuggets
    Event ID: 1eaaa199fcb79189ebcfa731fdcaf5d0
    Commence: 2024-11-09T02:10:00Z
  Credits: 32526 used, 67474.0 remaining
    ✅ Success (415/456 games collected)
    💰 Est. credits used: 12,450/40,000

  Step 2: Fetching odds for game 11/25
    Portland Trail Blazers @ Minnesota Timberwolves
    Event ID: a50aa9b1ee0c9e8f42406a9168d33ec0
    Commence: 2024-11-09T02:10:00Z
  Credits: 32556 used, 67444.0 remaining
    ✅ Success (416/456 games collected)
    💰 Est. credits used: 12,480/40,000

  Step 2: Fetching odds for game 12/25
    Los Angeles Clippers @ Sacramento Kings
    Event ID: 57e8fedc4a95d37b5d52f3a4a529c353
    Commence: 2024-11-09T03:10:00Z
  Credits: 32586 used, 67414.0 remaining
    ✅ Success (417/456 games collected)
    💰 Est. credits used: 12,510/40,000

  Step 2: Fetching odds for game 13/25
    Philadelphia 76ers @ Los Angeles Lakers
    Event ID: 16610ec97fb84294cf3c0fc7f7f31a5b
    Commence: 2024-11-09T03:10:00Z
  Credits: 32616 used, 67384.0 remaining
    ✅ Success (418/456 games collected)
    💰 Est. credits used: 12,540/40,000

  Step 2: Fetching odds for game 14/25
    Atlanta Hawks @ Boston Celtics
    Event ID: 74058cb479045efa21ebd5c57050e23e
    Commence: 2024-11-13T00:00:00Z
  Credits: 32616 used, 67384.0 remaining
  Retry 1/3: HTTP 404: Not Found
  Credits: 32616 used, 67384.0 remaining
  Retry 2/3: HTTP 404: Not Found
  Credits: 32616 used, 67384.0 remaining
  Retry 3/3: HTTP 404: Not Found
  ❌ Failed to fetch odds for 74058cb479045efa21ebd5c57050e23e: HTTP 404: Not Found
    ⚠️  No odds data available

  Step 2: Fetching odds for game 15/25
    Miami Heat @ Detroit Pistons
    Event ID: e80e0c514aa69872360f58b079796a8b
    Commence: 2024-11-13T00:00:00Z
  Credits: 32616 used, 67384.0 remaining
  Retry 1/3: HTTP 404: Not Found
  Credits: 32616 used, 67384.0 remaining
  Retry 2/3: HTTP 404: Not Found
  Credits: 32616 used, 67384.0 remaining
  Retry 3/3: HTTP 404: Not Found
  ❌ Failed to fetch odds for e80e0c514aa69872360f58b079796a8b: HTTP 404: Not Found
    ⚠️  No odds data available

  Step 2: Fetching odds for game 16/25
    New York Knicks @ Philadelphia 76ers
    Event ID: 2d650fff73dcc627c1c0de3a4694e9fc
    Commence: 2024-11-13T00:30:00Z
  Credits: 32616 used, 67384.0 remaining
  Retry 1/3: HTTP 404: Not Found
  Credits: 32616 used, 67384.0 remaining
  Retry 2/3: HTTP 404: Not Found
  Credits: 32616 used, 67384.0 remaining
  Retry 3/3: HTTP 404: Not Found
  ❌ Failed to fetch odds for 2d650fff73dcc627c1c0de3a4694e9fc: HTTP 404: Not Found
    ⚠️  No odds data available

  Step 2: Fetching odds for game 17/25
    Toronto Raptors @ Milwaukee Bucks
    Event ID: 30e4d7fc5396e7b0b8be16b278c123fe
    Commence: 2024-11-13T01:00:00Z
  Credits: 32616 used, 67384.0 remaining
  Retry 1/3: HTTP 404: Not Found
  Credits: 32616 used, 67384.0 remaining
  Retry 2/3: HTTP 404: Not Found
  Credits: 32616 used, 67384.0 remaining
  Retry 3/3: HTTP 404: Not Found
  ❌ Failed to fetch odds for 30e4d7fc5396e7b0b8be16b278c123fe: HTTP 404: Not Found
    ⚠️  No odds data available

  Step 2: Fetching odds for game 18/25
    Phoenix Suns @ Utah Jazz
    Event ID: 6050b0be3ce7b57b77ef6695b9cecaa1
    Commence: 2024-11-13T02:00:00Z
  Credits: 32616 used, 67384.0 remaining
  Retry 1/3: HTTP 404: Not Found
  Credits: 32616 used, 67384.0 remaining
  Retry 2/3: HTTP 404: Not Found
  Credits: 32616 used, 67384.0 remaining
  Retry 3/3: HTTP 404: Not Found
  ❌ Failed to fetch odds for 6050b0be3ce7b57b77ef6695b9cecaa1: HTTP 404: Not Found
    ⚠️  No odds data available

  Step 2: Fetching odds for game 19/25
    Dallas Mavericks @ Golden State Warriors
    Event ID: f0bfcb563a5de00b392bda6960db1796
    Commence: 2024-11-13T03:00:00Z
  Credits: 32616 used, 67384.0 remaining
  Retry 1/3: HTTP 404: Not Found
  Credits: 32616 used, 67384.0 remaining
  Retry 2/3: HTTP 404: Not Found
  Credits: 32616 used, 67384.0 remaining
  Retry 3/3: HTTP 404: Not Found
  ❌ Failed to fetch odds for f0bfcb563a5de00b392bda6960db1796: HTTP 404: Not Found
    ⚠️  No odds data available

  Step 2: Fetching odds for game 20/25
    Minnesota Timberwolves @ Portland Trail Blazers
    Event ID: 4a86e15d2c8c52972524be69d15941cc
    Commence: 2024-11-13T03:00:00Z
  Credits: 32616 used, 67384.0 remaining
  Retry 1/3: HTTP 404: Not Found
  Credits: 32616 used, 67384.0 remaining
  Retry 2/3: HTTP 404: Not Found
  Credits: 32616 used, 67384.0 remaining
  Retry 3/3: HTTP 404: Not Found
  ❌ Failed to fetch odds for 4a86e15d2c8c52972524be69d15941cc: HTTP 404: Not Found
    ⚠️  No odds data available

  Step 2: Fetching odds for game 21/25
    San Antonio Spurs @ New York Knicks
    Event ID: 973a6ea86af7d9e2bf4c52509822f5bf
    Commence: 2024-12-25T17:00:00Z
  Credits: 32616 used, 67384.0 remaining
    ✅ Success (419/456 games collected)
    💰 Est. credits used: 12,570/40,000

  Step 2: Fetching odds for game 22/25
    Minnesota Timberwolves @ Dallas Mavericks
    Event ID: 07a07eaa8f786d68cb371107f36f5b33
    Commence: 2024-12-25T19:30:00Z
  Credits: 32616 used, 67384.0 remaining
    ✅ Success (420/456 games collected)
    💰 Est. credits used: 12,600/40,000

  Step 2: Fetching odds for game 23/25
    Philadelphia 76ers @ Boston Celtics
    Event ID: 6f66bc2154fb45b2047e1c1c5afcdc38
    Commence: 2024-12-25T22:00:00Z
  Credits: 32616 used, 67384.0 remaining
    ✅ Success (421/456 games collected)
    💰 Est. credits used: 12,630/40,000

  Step 2: Fetching odds for game 24/25
    Los Angeles Lakers @ Golden State Warriors
    Event ID: bc6f994bad539db5054c8b750c437fb8
    Commence: 2024-12-26T01:00:00Z
  Credits: 32616 used, 67384.0 remaining
    ✅ Success (422/456 games collected)
    💰 Est. credits used: 12,660/40,000

  Step 2: Fetching odds for game 25/25
    Denver Nuggets @ Phoenix Suns
    Event ID: 22a9b650e64ca15cb0c83dc0148a571e
    Commence: 2024-12-26T03:30:00Z
  Credits: 32616 used, 67384.0 remaining
    ✅ Success (423/456 games collected)
    💰 Est. credits used: 12,690/40,000

[19/174] Processing 2024-11-09...
  Step 1: Fetching event IDs...
  Credits: 32617 used, 67383.0 remaining
  Found 12 game(s)

  Step 2: Fetching odds for game 1/12
    Utah Jazz @ San Antonio Spurs
    Event ID: 8504db816d5b4c739b490bd225691a89
    Commence: 2024-11-09T22:10:00Z
  Credits: 32647 used, 67353.0 remaining
    ✅ Success (424/468 games collected)
    💰 Est. credits used: 12,720/40,000

  Step 2: Fetching odds for game 2/12
    Chicago Bulls @ Atlanta Hawks
    Event ID: e18731fc875e44084ff38e50db6a0161
    Commence: 2024-11-10T00:40:00Z
  Credits: 32677 used, 67323.0 remaining
    ✅ Success (425/468 games collected)
    💰 Est. credits used: 12,750/40,000

  Step 2: Fetching odds for game 3/12
    Brooklyn Nets @ Cleveland Cavaliers
    Event ID: d5e0219685ec27694d99dde4f7d3cbb9
    Commence: 2024-11-10T00:40:00Z
  Credits: 32707 used, 67293.0 remaining
    ✅ Success (426/468 games collected)
    💰 Est. credits used: 12,780/40,000

  Step 2: Fetching odds for game 4/12
    Toronto Raptors @ Los Angeles Clippers
    Event ID: f0602ae5c6b288647779977a72a8e250
    Commence: 2024-11-10T03:40:00Z
  Credits: 32737 used, 67263.0 remaining
    ✅ Success (427/468 games collected)
    💰 Est. credits used: 12,810/40,000

  Step 2: Fetching odds for game 5/12
    Boston Celtics @ Milwaukee Bucks
    Event ID: d082b83dd23d8910ae6b84cdf74a6f9c
    Commence: 2024-11-10T20:40:00Z
  Credits: 32737 used, 67263.0 remaining
    ✅ Success (428/468 games collected)
    💰 Est. credits used: 12,840/40,000

  Step 2: Fetching odds for game 6/12
    New York Knicks @ Indiana Pacers
    Event ID: 8ba94b6f56fc0bb50bd04ad13e2b73fb
    Commence: 2024-11-10T22:10:00Z
  Credits: 32767 used, 67233.0 remaining
    ✅ Success (429/468 games collected)
    💰 Est. credits used: 12,870/40,000

  Step 2: Fetching odds for game 7/12
    Sacramento Kings @ Phoenix Suns
    Event ID: 2186b9470c9e358ca60ec9f62eb383ab
    Commence: 2024-11-11T01:10:00Z
  Credits: 32797 used, 67203.0 remaining
    ✅ Success (430/468 games collected)
    💰 Est. credits used: 12,900/40,000

  Step 2: Fetching odds for game 8/12
    San Antonio Spurs @ New York Knicks
    Event ID: 973a6ea86af7d9e2bf4c52509822f5bf
    Commence: 2024-12-25T17:00:00Z
  Credits: 32797 used, 67203.0 remaining
    ✅ Success (431/468 games collected)
    💰 Est. credits used: 12,930/40,000

  Step 2: Fetching odds for game 9/12
    Minnesota Timberwolves @ Dallas Mavericks
    Event ID: 07a07eaa8f786d68cb371107f36f5b33
    Commence: 2024-12-25T19:30:00Z
  Credits: 32797 used, 67203.0 remaining
    ✅ Success (432/468 games collected)
    💰 Est. credits used: 12,960/40,000

  Step 2: Fetching odds for game 10/12
    Philadelphia 76ers @ Boston Celtics
    Event ID: 6f66bc2154fb45b2047e1c1c5afcdc38
    Commence: 2024-12-25T22:00:00Z
  Credits: 32797 used, 67203.0 remaining
    ✅ Success (433/468 games collected)
    💰 Est. credits used: 12,990/40,000

  Step 2: Fetching odds for game 11/12
    Los Angeles Lakers @ Golden State Warriors
    Event ID: bc6f994bad539db5054c8b750c437fb8
    Commence: 2024-12-26T01:00:00Z
  Credits: 32797 used, 67203.0 remaining
    ✅ Success (434/468 games collected)
    💰 Est. credits used: 13,020/40,000

  Step 2: Fetching odds for game 12/12
    Denver Nuggets @ Phoenix Suns
    Event ID: 22a9b650e64ca15cb0c83dc0148a571e
    Commence: 2024-12-26T03:30:00Z
  Credits: 32797 used, 67203.0 remaining
    ✅ Success (435/468 games collected)
    💰 Est. credits used: 13,050/40,000

[20/174] Processing 2024-11-10...
  Step 1: Fetching event IDs...
  Credits: 32798 used, 67202.0 remaining
  Found 16 game(s)

  Step 2: Fetching odds for game 1/16
    Houston Rockets @ Detroit Pistons
    Event ID: 03107774cb0b0cc72417346ff491d10b
    Commence: 2024-11-10T20:10:00Z
  Credits: 32798 used, 67202.0 remaining
  Retry 1/3: HTTP 404: Not Found
  Credits: 32798 used, 67202.0 remaining
  Retry 2/3: HTTP 404: Not Found
  Credits: 32798 used, 67202.0 remaining
  Retry 3/3: HTTP 404: Not Found
  ❌ Failed to fetch odds for 03107774cb0b0cc72417346ff491d10b: HTTP 404: Not Found
    ⚠️  No odds data available

  Step 2: Fetching odds for game 2/16
    Boston Celtics @ Milwaukee Bucks
    Event ID: d082b83dd23d8910ae6b84cdf74a6f9c
    Commence: 2024-11-10T20:40:00Z
  Credits: 32798 used, 67202.0 remaining
  Retry 1/3: HTTP 404: Not Found
  Credits: 32798 used, 67202.0 remaining
  Retry 2/3: HTTP 404: Not Found
  Credits: 32798 used, 67202.0 remaining
  Retry 3/3: HTTP 404: Not Found
  ❌ Failed to fetch odds for d082b83dd23d8910ae6b84cdf74a6f9c: HTTP 404: Not Found
    ⚠️  No odds data available

  Step 2: Fetching odds for game 3/16
    New York Knicks @ Indiana Pacers
    Event ID: 8ba94b6f56fc0bb50bd04ad13e2b73fb
    Commence: 2024-11-10T22:10:00Z
  Credits: 32828 used, 67172.0 remaining
    ✅ Success (436/484 games collected)
    💰 Est. credits used: 13,080/40,000

  Step 2: Fetching odds for game 4/16
    Washington Wizards @ Orlando Magic
    Event ID: 2f1d263e41f6003cbc4dbfbba0adc84e
    Commence: 2024-11-10T23:10:00Z
  Credits: 32858 used, 67142.0 remaining
    ✅ Success (437/484 games collected)
    💰 Est. credits used: 13,110/40,000

  Step 2: Fetching odds for game 5/16
    Charlotte Hornets @ Philadelphia 76ers
    Event ID: 5ba3634de6acb1ee1df9993f24229994
    Commence: 2024-11-11T00:10:00Z
  Credits: 32888 used, 67112.0 remaining
    ✅ Success (438/484 games collected)
    💰 Est. credits used: 13,140/40,000

  Step 2: Fetching odds for game 6/16
    Golden State Warriors @ Oklahoma City Thunder
    Event ID: e4f700f813869b6430e7db005a85a087
    Commence: 2024-11-11T00:10:00Z
  Credits: 32918 used, 67082.0 remaining
    ✅ Success (439/484 games collected)
    💰 Est. credits used: 13,170/40,000

  Step 2: Fetching odds for game 7/16
    Miami Heat @ Minnesota Timberwolves
    Event ID: 22966137a0b1df67555591c1a15cb76e
    Commence: 2024-11-11T00:10:00Z
  Credits: 32948 used, 67052.0 remaining
    ✅ Success (440/484 games collected)
    💰 Est. credits used: 13,200/40,000

  Step 2: Fetching odds for game 8/16
    Dallas Mavericks @ Denver Nuggets
    Event ID: 95c6606a73e1218dfde3a620a8f70281
    Commence: 2024-11-11T01:10:00Z
  Credits: 32978 used, 67022.0 remaining
    ✅ Success (441/484 games collected)
    💰 Est. credits used: 13,230/40,000

  Step 2: Fetching odds for game 9/16
    Sacramento Kings @ Phoenix Suns
    Event ID: 2186b9470c9e358ca60ec9f62eb383ab
    Commence: 2024-11-11T01:10:00Z
  Credits: 33008 used, 66992.0 remaining
    ✅ Success (442/484 games collected)
    💰 Est. credits used: 13,260/40,000

  Step 2: Fetching odds for game 10/16
    Memphis Grizzlies @ Portland Trail Blazers
    Event ID: 6b8494ce0f87df2a92dd6c1b2e96821f
    Commence: 2024-11-11T02:10:00Z
  Credits: 33038 used, 66962.0 remaining
    ✅ Success (443/484 games collected)
    💰 Est. credits used: 13,290/40,000

  Step 2: Fetching odds for game 11/16
    Toronto Raptors @ Los Angeles Lakers
    Event ID: 86063535fd6ffaed9aab4bfd1a0082c4
    Commence: 2024-11-11T02:40:00Z
  Credits: 33068 used, 66932.0 remaining
    ✅ Success (444/484 games collected)
    💰 Est. credits used: 13,320/40,000

  Step 2: Fetching odds for game 12/16
    San Antonio Spurs @ New York Knicks
    Event ID: 973a6ea86af7d9e2bf4c52509822f5bf
    Commence: 2024-12-25T17:00:00Z
  Credits: 33068 used, 66932.0 remaining
    ✅ Success (445/484 games collected)
    💰 Est. credits used: 13,350/40,000

  Step 2: Fetching odds for game 13/16
    Minnesota Timberwolves @ Dallas Mavericks
    Event ID: 07a07eaa8f786d68cb371107f36f5b33
    Commence: 2024-12-25T19:30:00Z
  Credits: 33068 used, 66932.0 remaining
    ✅ Success (446/484 games collected)
    💰 Est. credits used: 13,380/40,000

  Step 2: Fetching odds for game 14/16
    Philadelphia 76ers @ Boston Celtics
    Event ID: 6f66bc2154fb45b2047e1c1c5afcdc38
    Commence: 2024-12-25T22:00:00Z
  Credits: 33068 used, 66932.0 remaining
    ✅ Success (447/484 games collected)
    💰 Est. credits used: 13,410/40,000

  Step 2: Fetching odds for game 15/16
    Los Angeles Lakers @ Golden State Warriors
    Event ID: bc6f994bad539db5054c8b750c437fb8
    Commence: 2024-12-26T01:00:00Z
  Credits: 33068 used, 66932.0 remaining
    ✅ Success (448/484 games collected)
    💰 Est. credits used: 13,440/40,000

  Step 2: Fetching odds for game 16/16
    Denver Nuggets @ Phoenix Suns
    Event ID: 22a9b650e64ca15cb0c83dc0148a571e
    Commence: 2024-12-26T03:30:00Z
  Credits: 33068 used, 66932.0 remaining
    ✅ Success (449/484 games collected)
    💰 Est. credits used: 13,470/40,000

💾 Checkpoint saved: data/nba/checkpoints/checkpoint-2024-11-10.json

[21/174] Processing 2024-11-11...
  Step 1: Fetching event IDs...
  Credits: 33069 used, 66931.0 remaining
  Found 19 game(s)

  Step 2: Fetching odds for game 1/19
    Brooklyn Nets @ New Orleans Pelicans
    Event ID: 4c65fb969ac80375654b3bf008db7e8a
    Commence: 2024-11-12T01:10:00Z
  Credits: 33099 used, 66901.0 remaining
    ✅ Success (450/503 games collected)
    💰 Est. credits used: 13,500/40,000

  Step 2: Fetching odds for game 2/19
    Cleveland Cavaliers @ Chicago Bulls
    Event ID: f6332b5b82fa9a4e4b1e2be7091171cc
    Commence: 2024-11-12T01:10:00Z
  Credits: 33129 used, 66871.0 remaining
    ✅ Success (451/503 games collected)
    💰 Est. credits used: 13,530/40,000

  Step 2: Fetching odds for game 3/19
    Washington Wizards @ Houston Rockets
    Event ID: ce9117fa84821ae069a20238f90206a3
    Commence: 2024-11-12T01:10:00Z
  Credits: 33159 used, 66841.0 remaining
    ✅ Success (452/503 games collected)
    💰 Est. credits used: 13,560/40,000

  Step 2: Fetching odds for game 4/19
    Los Angeles Clippers @ Oklahoma City Thunder
    Event ID: aac06078dcea994124e8ba33553dab22
    Commence: 2024-11-12T01:10:00Z
  Credits: 33189 used, 66811.0 remaining
    ✅ Success (453/503 games collected)
    💰 Est. credits used: 13,590/40,000

  Step 2: Fetching odds for game 5/19
    Sacramento Kings @ San Antonio Spurs
    Event ID: a03bb6d54e8c501291594c78c582efe3
    Commence: 2024-11-12T01:10:00Z
  Credits: 33219 used, 66781.0 remaining
    ✅ Success (454/503 games collected)
    💰 Est. credits used: 13,620/40,000

  Step 2: Fetching odds for game 6/19
    Charlotte Hornets @ Orlando Magic
    Event ID: ff0b160b9779ae75b9f7d05511270837
    Commence: 2024-11-13T00:00:00Z
  Credits: 33249 used, 66751.0 remaining
    ✅ Success (455/503 games collected)
    💰 Est. credits used: 13,650/40,000

  Step 2: Fetching odds for game 7/19
    Atlanta Hawks @ Boston Celtics
    Event ID: 74058cb479045efa21ebd5c57050e23e
    Commence: 2024-11-13T00:10:00Z
  Credits: 33249 used, 66751.0 remaining
    ✅ Success (456/503 games collected)
    💰 Est. credits used: 13,680/40,000

  Step 2: Fetching odds for game 8/19
    Miami Heat @ Detroit Pistons
    Event ID: e80e0c514aa69872360f58b079796a8b
    Commence: 2024-11-13T00:10:00Z
  Credits: 33249 used, 66751.0 remaining
    ✅ Success (457/503 games collected)
    💰 Est. credits used: 13,710/40,000

  Step 2: Fetching odds for game 9/19
    New York Knicks @ Philadelphia 76ers
    Event ID: 2d650fff73dcc627c1c0de3a4694e9fc
    Commence: 2024-11-13T00:40:00Z
  Credits: 33279 used, 66721.0 remaining
    ✅ Success (458/503 games collected)
    💰 Est. credits used: 13,740/40,000

  Step 2: Fetching odds for game 10/19
    Toronto Raptors @ Milwaukee Bucks
    Event ID: 30e4d7fc5396e7b0b8be16b278c123fe
    Commence: 2024-11-13T01:10:00Z
  Credits: 33279 used, 66721.0 remaining
    ✅ Success (459/503 games collected)
    💰 Est. credits used: 13,770/40,000

  Step 2: Fetching odds for game 11/19
    Phoenix Suns @ Utah Jazz
    Event ID: 6050b0be3ce7b57b77ef6695b9cecaa1
    Commence: 2024-11-13T02:10:00Z
  Credits: 33279 used, 66721.0 remaining
    ✅ Success (460/503 games collected)
    💰 Est. credits used: 13,800/40,000

  Step 2: Fetching odds for game 12/19
    Dallas Mavericks @ Golden State Warriors
    Event ID: f0bfcb563a5de00b392bda6960db1796
    Commence: 2024-11-13T03:10:00Z
  Credits: 33279 used, 66721.0 remaining
    ✅ Success (461/503 games collected)
    💰 Est. credits used: 13,830/40,000

  Step 2: Fetching odds for game 13/19
    Minnesota Timberwolves @ Portland Trail Blazers
    Event ID: 4a86e15d2c8c52972524be69d15941cc
    Commence: 2024-11-13T03:10:00Z
  Credits: 33279 used, 66721.0 remaining
    ✅ Success (462/503 games collected)
    💰 Est. credits used: 13,860/40,000

  Step 2: Fetching odds for game 14/19
    Minnesota Timberwolves @ Portland Trail Blazers
    Event ID: e6189dd8c7a2ba60a32c5252d17d6de6
    Commence: 2024-11-14T03:10:00Z
  Credits: 33279 used, 66721.0 remaining
  Retry 1/3: HTTP 404: Not Found
  Credits: 33279 used, 66721.0 remaining
  Retry 2/3: HTTP 404: Not Found
  Credits: 33279 used, 66721.0 remaining
  Retry 3/3: HTTP 404: Not Found
  ❌ Failed to fetch odds for e6189dd8c7a2ba60a32c5252d17d6de6: HTTP 404: Not Found
    ⚠️  No odds data available

  Step 2: Fetching odds for game 15/19
    San Antonio Spurs @ New York Knicks
    Event ID: 973a6ea86af7d9e2bf4c52509822f5bf
    Commence: 2024-12-25T17:00:00Z
  Credits: 33279 used, 66721.0 remaining
    ✅ Success (463/503 games collected)
    💰 Est. credits used: 13,890/40,000

  Step 2: Fetching odds for game 16/19
    Minnesota Timberwolves @ Dallas Mavericks
    Event ID: 07a07eaa8f786d68cb371107f36f5b33
    Commence: 2024-12-25T19:30:00Z
  Credits: 33279 used, 66721.0 remaining
    ✅ Success (464/503 games collected)
    💰 Est. credits used: 13,920/40,000

  Step 2: Fetching odds for game 17/19
    Philadelphia 76ers @ Boston Celtics
    Event ID: 6f66bc2154fb45b2047e1c1c5afcdc38
    Commence: 2024-12-25T22:00:00Z
  Credits: 33279 used, 66721.0 remaining
    ✅ Success (465/503 games collected)
    💰 Est. credits used: 13,950/40,000

  Step 2: Fetching odds for game 18/19
    Los Angeles Lakers @ Golden State Warriors
    Event ID: bc6f994bad539db5054c8b750c437fb8
    Commence: 2024-12-26T01:00:00Z
  Credits: 33279 used, 66721.0 remaining
    ✅ Success (466/503 games collected)
    💰 Est. credits used: 13,980/40,000

  Step 2: Fetching odds for game 19/19
    Denver Nuggets @ Phoenix Suns
    Event ID: 22a9b650e64ca15cb0c83dc0148a571e
    Commence: 2024-12-26T03:30:00Z
  Credits: 33279 used, 66721.0 remaining
    ✅ Success (467/503 games collected)
    💰 Est. credits used: 14,010/40,000

[22/174] Processing 2024-11-12...
  Step 1: Fetching event IDs...
  Credits: 33280 used, 66720.0 remaining
  Found 13 game(s)

  Step 2: Fetching odds for game 1/13
    Atlanta Hawks @ Boston Celtics
    Event ID: 74058cb479045efa21ebd5c57050e23e
    Commence: 2024-11-13T00:10:00Z
  Credits: 33310 used, 66690.0 remaining
    ✅ Success (468/516 games collected)
    💰 Est. credits used: 14,040/40,000

  Step 2: Fetching odds for game 2/13
    Charlotte Hornets @ Orlando Magic
    Event ID: ff0b160b9779ae75b9f7d05511270837
    Commence: 2024-11-13T00:10:00Z
  Credits: 33340 used, 66660.0 remaining
    ✅ Success (469/516 games collected)
    💰 Est. credits used: 14,070/40,000

  Step 2: Fetching odds for game 3/13
    Miami Heat @ Detroit Pistons
    Event ID: e80e0c514aa69872360f58b079796a8b
    Commence: 2024-11-13T00:10:00Z
  Credits: 33370 used, 66630.0 remaining
    ✅ Success (470/516 games collected)
    💰 Est. credits used: 14,100/40,000

  Step 2: Fetching odds for game 4/13
    New York Knicks @ Philadelphia 76ers
    Event ID: 2d650fff73dcc627c1c0de3a4694e9fc
    Commence: 2024-11-13T00:40:00Z
  Credits: 33400 used, 66600.0 remaining
    ✅ Success (471/516 games collected)
    💰 Est. credits used: 14,130/40,000

  Step 2: Fetching odds for game 5/13
    Toronto Raptors @ Milwaukee Bucks
    Event ID: 30e4d7fc5396e7b0b8be16b278c123fe
    Commence: 2024-11-13T01:10:00Z
  Credits: 33430 used, 66570.0 remaining
    ✅ Success (472/516 games collected)
    💰 Est. credits used: 14,160/40,000

  Step 2: Fetching odds for game 6/13
    Phoenix Suns @ Utah Jazz
    Event ID: 6050b0be3ce7b57b77ef6695b9cecaa1
    Commence: 2024-11-13T02:10:00Z
  Credits: 33460 used, 66540.0 remaining
    ✅ Success (473/516 games collected)
    💰 Est. credits used: 14,190/40,000

  Step 2: Fetching odds for game 7/13
    Dallas Mavericks @ Golden State Warriors
    Event ID: f0bfcb563a5de00b392bda6960db1796
    Commence: 2024-11-13T03:10:00Z
  Credits: 33490 used, 66510.0 remaining
    ✅ Success (474/516 games collected)
    💰 Est. credits used: 14,220/40,000

  Step 2: Fetching odds for game 8/13
    Minnesota Timberwolves @ Portland Trail Blazers
    Event ID: 4a86e15d2c8c52972524be69d15941cc
    Commence: 2024-11-13T03:10:00Z
  Credits: 33520 used, 66480.0 remaining
    ✅ Success (475/516 games collected)
    💰 Est. credits used: 14,250/40,000

  Step 2: Fetching odds for game 9/13
    San Antonio Spurs @ New York Knicks
    Event ID: 973a6ea86af7d9e2bf4c52509822f5bf
    Commence: 2024-12-25T17:00:00Z
  Credits: 33520 used, 66480.0 remaining
    ✅ Success (476/516 games collected)
    💰 Est. credits used: 14,280/40,000

  Step 2: Fetching odds for game 10/13
    Minnesota Timberwolves @ Dallas Mavericks
    Event ID: 07a07eaa8f786d68cb371107f36f5b33
    Commence: 2024-12-25T19:30:00Z
  Credits: 33520 used, 66480.0 remaining
    ✅ Success (477/516 games collected)
    💰 Est. credits used: 14,310/40,000

  Step 2: Fetching odds for game 11/13
    Philadelphia 76ers @ Boston Celtics
    Event ID: 6f66bc2154fb45b2047e1c1c5afcdc38
    Commence: 2024-12-25T22:00:00Z
  Credits: 33520 used, 66480.0 remaining
    ✅ Success (478/516 games collected)
    💰 Est. credits used: 14,340/40,000

  Step 2: Fetching odds for game 12/13
    Los Angeles Lakers @ Golden State Warriors
    Event ID: bc6f994bad539db5054c8b750c437fb8
    Commence: 2024-12-26T01:00:00Z
  Credits: 33520 used, 66480.0 remaining
    ✅ Success (479/516 games collected)
    💰 Est. credits used: 14,370/40,000

  Step 2: Fetching odds for game 13/13
    Denver Nuggets @ Phoenix Suns
    Event ID: 22a9b650e64ca15cb0c83dc0148a571e
    Commence: 2024-12-26T03:30:00Z
  Credits: 33520 used, 66480.0 remaining
    ✅ Success (480/516 games collected)
    💰 Est. credits used: 14,400/40,000

[23/174] Processing 2024-11-13...
  Step 1: Fetching event IDs...
  Credits: 33521 used, 66479.0 remaining
  Found 16 game(s)

  Step 2: Fetching odds for game 1/16
    Indiana Pacers @ Orlando Magic
    Event ID: da66702637cc0413553b92c792a05c50
    Commence: 2024-11-14T00:10:00Z
  Credits: 33551 used, 66449.0 remaining
    ✅ Success (481/532 games collected)
    💰 Est. credits used: 14,430/40,000

  Step 2: Fetching odds for game 2/16
    Boston Celtics @ Brooklyn Nets
    Event ID: 8e4ee6d0217de06a9defe24875b1b24e
    Commence: 2024-11-14T00:40:00Z
  Credits: 33581 used, 66419.0 remaining
    ✅ Success (482/532 games collected)
    💰 Est. credits used: 14,460/40,000

  Step 2: Fetching odds for game 3/16
    Chicago Bulls @ New York Knicks
    Event ID: ca4ada15a7c62966e17f7eecb36b2745
    Commence: 2024-11-14T00:40:00Z
  Credits: 33611 used, 66389.0 remaining
    ✅ Success (483/532 games collected)
    💰 Est. credits used: 14,490/40,000

  Step 2: Fetching odds for game 4/16
    Cleveland Cavaliers @ Philadelphia 76ers
    Event ID: 479ed48e101593d026f662ec12a3c984
    Commence: 2024-11-14T00:40:00Z
  Credits: 33641 used, 66359.0 remaining
    ✅ Success (484/532 games collected)
    💰 Est. credits used: 14,520/40,000

  Step 2: Fetching odds for game 5/16
    New Orleans Pelicans @ Oklahoma City Thunder
    Event ID: 9c27acba13d14a8066e297096bce0349
    Commence: 2024-11-14T00:40:00Z
  Credits: 33671 used, 66329.0 remaining
    ✅ Success (485/532 games collected)
    💰 Est. credits used: 14,550/40,000

  Step 2: Fetching odds for game 6/16
    Detroit Pistons @ Milwaukee Bucks
    Event ID: ca77278189a9747eae7bd56344e86485
    Commence: 2024-11-14T01:10:00Z
  Credits: 33701 used, 66299.0 remaining
    ✅ Success (486/532 games collected)
    💰 Est. credits used: 14,580/40,000

  Step 2: Fetching odds for game 7/16
    Los Angeles Clippers @ Houston Rockets
    Event ID: 521751e36a2efea1e1a05a7ed22120a4
    Commence: 2024-11-14T01:10:00Z
  Credits: 33731 used, 66269.0 remaining
    ✅ Success (487/532 games collected)
    💰 Est. credits used: 14,610/40,000

  Step 2: Fetching odds for game 8/16
    Washington Wizards @ San Antonio Spurs
    Event ID: 3eb19bad0a5843a7a402bded7ee83760
    Commence: 2024-11-14T01:10:00Z
  Credits: 33761 used, 66239.0 remaining
    ✅ Success (488/532 games collected)
    💰 Est. credits used: 14,640/40,000

  Step 2: Fetching odds for game 9/16
    Memphis Grizzlies @ Los Angeles Lakers
    Event ID: c64a5e1b02e660dda2a9fdebff5bd591
    Commence: 2024-11-14T03:10:00Z
  Credits: 33791 used, 66209.0 remaining
    ✅ Success (489/532 games collected)
    💰 Est. credits used: 14,670/40,000

  Step 2: Fetching odds for game 10/16
    Minnesota Timberwolves @ Portland Trail Blazers
    Event ID: e6189dd8c7a2ba60a32c5252d17d6de6
    Commence: 2024-11-14T03:10:00Z
  Credits: 33821 used, 66179.0 remaining
    ✅ Success (490/532 games collected)
    💰 Est. credits used: 14,700/40,000

  Step 2: Fetching odds for game 11/16
    Phoenix Suns @ Sacramento Kings
    Event ID: aaca57d0691d4402964f21d9fa8a0d2c
    Commence: 2024-11-14T03:10:00Z
  Credits: 33851 used, 66149.0 remaining
    ✅ Success (491/532 games collected)
    💰 Est. credits used: 14,730/40,000

  Step 2: Fetching odds for game 12/16
    San Antonio Spurs @ New York Knicks
    Event ID: 973a6ea86af7d9e2bf4c52509822f5bf
    Commence: 2024-12-25T17:00:00Z
  Credits: 33851 used, 66149.0 remaining
    ✅ Success (492/532 games collected)
    💰 Est. credits used: 14,760/40,000

  Step 2: Fetching odds for game 13/16
    Minnesota Timberwolves @ Dallas Mavericks
    Event ID: 07a07eaa8f786d68cb371107f36f5b33
    Commence: 2024-12-25T19:30:00Z
  Credits: 33851 used, 66149.0 remaining
    ✅ Success (493/532 games collected)
    💰 Est. credits used: 14,790/40,000

  Step 2: Fetching odds for game 14/16
    Philadelphia 76ers @ Boston Celtics
    Event ID: 6f66bc2154fb45b2047e1c1c5afcdc38
    Commence: 2024-12-25T22:00:00Z
  Credits: 33851 used, 66149.0 remaining
    ✅ Success (494/532 games collected)
    💰 Est. credits used: 14,820/40,000

  Step 2: Fetching odds for game 15/16
    Los Angeles Lakers @ Golden State Warriors
    Event ID: bc6f994bad539db5054c8b750c437fb8
    Commence: 2024-12-26T01:00:00Z
  Credits: 33851 used, 66149.0 remaining
    ✅ Success (495/532 games collected)
    💰 Est. credits used: 14,850/40,000

  Step 2: Fetching odds for game 16/16
    Denver Nuggets @ Phoenix Suns
    Event ID: 22a9b650e64ca15cb0c83dc0148a571e
    Commence: 2024-12-26T03:30:00Z
  Credits: 33851 used, 66149.0 remaining
    ✅ Success (496/532 games collected)
    💰 Est. credits used: 14,880/40,000

[24/174] Processing 2024-11-14...
  Step 1: Fetching event IDs...
  Credits: 33852 used, 66148.0 remaining
  Found 18 game(s)

  Step 2: Fetching odds for game 1/18
    Dallas Mavericks @ Utah Jazz
    Event ID: 48c42a6286126b7f36c3d6e76c631de0
    Commence: 2024-11-15T02:10:00Z
  Credits: 33882 used, 66118.0 remaining
    ✅ Success (497/550 games collected)
    💰 Est. credits used: 14,910/40,000

  Step 2: Fetching odds for game 2/18
    Detroit Pistons @ Toronto Raptors
    Event ID: b545064206b8dded3eacfe94a3486010
    Commence: 2024-11-16T00:00:00Z
  Credits: 33882 used, 66118.0 remaining
    ✅ Success (498/550 games collected)
    💰 Est. credits used: 14,940/40,000

  Step 2: Fetching odds for game 3/18
    Miami Heat @ Indiana Pacers
    Event ID: 0619b014dfdc9d5586485d1092d0ad57
    Commence: 2024-11-16T00:00:00Z
  Credits: 33912 used, 66088.0 remaining
    ✅ Success (499/550 games collected)
    💰 Est. credits used: 14,970/40,000

  Step 2: Fetching odds for game 4/18
    Philadelphia 76ers @ Orlando Magic
    Event ID: ca224a310a95b9304f7c8b6e2494ee15
    Commence: 2024-11-16T00:00:00Z
  Credits: 33942 used, 66058.0 remaining
    ✅ Success (500/550 games collected)
    💰 Est. credits used: 15,000/40,000

  Step 2: Fetching odds for game 5/18
    Washington Wizards @ Atlanta Hawks
    Event ID: 1a46dad2277cca4a74204b8e2bbe6bc6
    Commence: 2024-11-16T00:30:00Z
  Credits: 33942 used, 66058.0 remaining
    ✅ Success (501/550 games collected)
    💰 Est. credits used: 15,030/40,000

  Step 2: Fetching odds for game 6/18
    Brooklyn Nets @ New York Knicks
    Event ID: 432e5ff1dfaf3992cc9fde2c1582c76f
    Commence: 2024-11-16T00:30:00Z
  Credits: 33942 used, 66058.0 remaining
    ✅ Success (502/550 games collected)
    💰 Est. credits used: 15,060/40,000

  Step 2: Fetching odds for game 7/18
    Chicago Bulls @ Cleveland Cavaliers
    Event ID: 0c8bcf32079a8c03a4b22e13a8c77a41
    Commence: 2024-11-16T00:30:00Z
  Credits: 33942 used, 66058.0 remaining
    ✅ Success (503/550 games collected)
    💰 Est. credits used: 15,090/40,000

  Step 2: Fetching odds for game 8/18
    Los Angeles Lakers @ San Antonio Spurs
    Event ID: cfa354d9b48630ea2630af8defb2b9ef
    Commence: 2024-11-16T00:30:00Z
  Credits: 33972 used, 66028.0 remaining
    ✅ Success (504/550 games collected)
    💰 Est. credits used: 15,120/40,000

  Step 2: Fetching odds for game 9/18
    Denver Nuggets @ New Orleans Pelicans
    Event ID: 3dc935a0b75960161d6bfdf8f2fa8e3d
    Commence: 2024-11-16T01:00:00Z
  Credits: 33972 used, 66028.0 remaining
    ✅ Success (505/550 games collected)
    💰 Est. credits used: 15,150/40,000

  Step 2: Fetching odds for game 10/18
    Los Angeles Clippers @ Houston Rockets
    Event ID: 4440572120e5bfc80b66c6092af854dc
    Commence: 2024-11-16T01:00:00Z
  Credits: 34002 used, 65998.0 remaining
    ✅ Success (506/550 games collected)
    💰 Est. credits used: 15,180/40,000

  Step 2: Fetching odds for game 11/18
    Phoenix Suns @ Oklahoma City Thunder
    Event ID: 4f810271cfe5cec9d74be5bf4bac935b
    Commence: 2024-11-16T01:00:00Z
  Credits: 34032 used, 65968.0 remaining
    ✅ Success (507/550 games collected)
    💰 Est. credits used: 15,210/40,000

  Step 2: Fetching odds for game 12/18
    Memphis Grizzlies @ Golden State Warriors
    Event ID: f539352357353e1bec8c5e594d1a816b
    Commence: 2024-11-16T03:00:00Z
  Credits: 34032 used, 65968.0 remaining
    ✅ Success (508/550 games collected)
    💰 Est. credits used: 15,240/40,000

  Step 2: Fetching odds for game 13/18
    Minnesota Timberwolves @ Sacramento Kings
    Event ID: 88ce2e9fedcf84d708244491037ed0f2
    Commence: 2024-11-16T03:00:00Z
  Credits: 34052 used, 65948.0 remaining
    ✅ Success (509/550 games collected)
    💰 Est. credits used: 15,270/40,000

  Step 2: Fetching odds for game 14/18
    San Antonio Spurs @ New York Knicks
    Event ID: 973a6ea86af7d9e2bf4c52509822f5bf
    Commence: 2024-12-25T17:00:00Z
  Credits: 34052 used, 65948.0 remaining
    ✅ Success (510/550 games collected)
    💰 Est. credits used: 15,300/40,000

  Step 2: Fetching odds for game 15/18
    Minnesota Timberwolves @ Dallas Mavericks
    Event ID: 07a07eaa8f786d68cb371107f36f5b33
    Commence: 2024-12-25T19:30:00Z
  Credits: 34052 used, 65948.0 remaining
    ✅ Success (511/550 games collected)
    💰 Est. credits used: 15,330/40,000

  Step 2: Fetching odds for game 16/18
    Philadelphia 76ers @ Boston Celtics
    Event ID: 6f66bc2154fb45b2047e1c1c5afcdc38
    Commence: 2024-12-25T22:00:00Z
  Credits: 34052 used, 65948.0 remaining
    ✅ Success (512/550 games collected)
    💰 Est. credits used: 15,360/40,000

  Step 2: Fetching odds for game 17/18
    Los Angeles Lakers @ Golden State Warriors
    Event ID: bc6f994bad539db5054c8b750c437fb8
    Commence: 2024-12-26T01:00:00Z
  Credits: 34052 used, 65948.0 remaining
    ✅ Success (513/550 games collected)
    💰 Est. credits used: 15,390/40,000

  Step 2: Fetching odds for game 18/18
    Denver Nuggets @ Phoenix Suns
    Event ID: 22a9b650e64ca15cb0c83dc0148a571e
    Commence: 2024-12-26T03:30:00Z
  Credits: 34052 used, 65948.0 remaining
    ✅ Success (514/550 games collected)
    💰 Est. credits used: 15,420/40,000

[25/174] Processing 2024-11-15...
  Step 1: Fetching event IDs...
  Credits: 34053 used, 65947.0 remaining
  Found 17 game(s)

  Step 2: Fetching odds for game 1/17
    Detroit Pistons @ Toronto Raptors
    Event ID: b545064206b8dded3eacfe94a3486010
    Commence: 2024-11-16T00:10:00Z
  Credits: 34083 used, 65917.0 remaining
    ✅ Success (515/567 games collected)
    💰 Est. credits used: 15,450/40,000

  Step 2: Fetching odds for game 2/17
    Miami Heat @ Indiana Pacers
    Event ID: 0619b014dfdc9d5586485d1092d0ad57
    Commence: 2024-11-16T00:10:00Z
  Credits: 34113 used, 65887.0 remaining
    ✅ Success (516/567 games collected)
    💰 Est. credits used: 15,480/40,000

  Step 2: Fetching odds for game 3/17
    Philadelphia 76ers @ Orlando Magic
    Event ID: ca224a310a95b9304f7c8b6e2494ee15
    Commence: 2024-11-16T00:10:00Z
  Credits: 34143 used, 65857.0 remaining
    ✅ Success (517/567 games collected)
    💰 Est. credits used: 15,510/40,000

  Step 2: Fetching odds for game 4/17
    Los Angeles Lakers @ San Antonio Spurs
    Event ID: cfa354d9b48630ea2630af8defb2b9ef
    Commence: 2024-11-16T00:30:00Z
  Credits: 34173 used, 65827.0 remaining
    ✅ Success (518/567 games collected)
    💰 Est. credits used: 15,540/40,000

  Step 2: Fetching odds for game 5/17
    Washington Wizards @ Atlanta Hawks
    Event ID: 1a46dad2277cca4a74204b8e2bbe6bc6
    Commence: 2024-11-16T00:40:00Z
  Credits: 34203 used, 65797.0 remaining
    ✅ Success (519/567 games collected)
    💰 Est. credits used: 15,570/40,000

  Step 2: Fetching odds for game 6/17
    Brooklyn Nets @ New York Knicks
    Event ID: 432e5ff1dfaf3992cc9fde2c1582c76f
    Commence: 2024-11-16T00:40:00Z
  Credits: 34233 used, 65767.0 remaining
    ✅ Success (520/567 games collected)
    💰 Est. credits used: 15,600/40,000

  Step 2: Fetching odds for game 7/17
    Chicago Bulls @ Cleveland Cavaliers
    Event ID: 0c8bcf32079a8c03a4b22e13a8c77a41
    Commence: 2024-11-16T00:40:00Z
  Credits: 34264 used, 65736.0 remaining
    ✅ Success (521/567 games collected)
    💰 Est. credits used: 15,630/40,000

  Step 2: Fetching odds for game 8/17
    Denver Nuggets @ New Orleans Pelicans
    Event ID: 3dc935a0b75960161d6bfdf8f2fa8e3d
    Commence: 2024-11-16T01:10:00Z
  Credits: 34294 used, 65706.0 remaining
    ✅ Success (522/567 games collected)
    💰 Est. credits used: 15,660/40,000

  Step 2: Fetching odds for game 9/17
    Los Angeles Clippers @ Houston Rockets
    Event ID: 4440572120e5bfc80b66c6092af854dc
    Commence: 2024-11-16T01:10:00Z
  Credits: 34324 used, 65676.0 remaining
    ✅ Success (523/567 games collected)
    💰 Est. credits used: 15,690/40,000

  Step 2: Fetching odds for game 10/17
    Phoenix Suns @ Oklahoma City Thunder
    Event ID: 4f810271cfe5cec9d74be5bf4bac935b
    Commence: 2024-11-16T01:10:00Z
  Credits: 34354 used, 65646.0 remaining
    ✅ Success (524/567 games collected)
    💰 Est. credits used: 15,720/40,000

  Step 2: Fetching odds for game 11/17
    Memphis Grizzlies @ Golden State Warriors
    Event ID: f539352357353e1bec8c5e594d1a816b
    Commence: 2024-11-16T03:10:00Z
  Credits: 34384 used, 65616.0 remaining
    ✅ Success (525/567 games collected)
    💰 Est. credits used: 15,750/40,000

  Step 2: Fetching odds for game 12/17
    Minnesota Timberwolves @ Sacramento Kings
    Event ID: 88ce2e9fedcf84d708244491037ed0f2
    Commence: 2024-11-16T03:10:00Z
  Credits: 34414 used, 65586.0 remaining
    ✅ Success (526/567 games collected)
    💰 Est. credits used: 15,780/40,000

  Step 2: Fetching odds for game 13/17
    San Antonio Spurs @ New York Knicks
    Event ID: 973a6ea86af7d9e2bf4c52509822f5bf
    Commence: 2024-12-25T17:00:00Z
  Credits: 34414 used, 65586.0 remaining
    ✅ Success (527/567 games collected)
    💰 Est. credits used: 15,810/40,000

  Step 2: Fetching odds for game 14/17
    Minnesota Timberwolves @ Dallas Mavericks
    Event ID: 07a07eaa8f786d68cb371107f36f5b33
    Commence: 2024-12-25T19:30:00Z
  Credits: 34414 used, 65586.0 remaining
    ✅ Success (528/567 games collected)
    💰 Est. credits used: 15,840/40,000

  Step 2: Fetching odds for game 15/17
    Philadelphia 76ers @ Boston Celtics
    Event ID: 6f66bc2154fb45b2047e1c1c5afcdc38
    Commence: 2024-12-25T22:00:00Z
  Credits: 34414 used, 65586.0 remaining
    ✅ Success (529/567 games collected)
    💰 Est. credits used: 15,870/40,000

  Step 2: Fetching odds for game 16/17
    Los Angeles Lakers @ Golden State Warriors
    Event ID: bc6f994bad539db5054c8b750c437fb8
    Commence: 2024-12-26T01:00:00Z
  Credits: 34414 used, 65586.0 remaining
    ✅ Success (530/567 games collected)
    💰 Est. credits used: 15,900/40,000

  Step 2: Fetching odds for game 17/17
    Denver Nuggets @ Phoenix Suns
    Event ID: 22a9b650e64ca15cb0c83dc0148a571e
    Commence: 2024-12-26T03:30:00Z
  Credits: 34414 used, 65586.0 remaining
    ✅ Success (531/567 games collected)
    💰 Est. credits used: 15,930/40,000

[26/174] Processing 2024-11-16...
  Step 1: Fetching event IDs...
  Credits: 34415 used, 65585.0 remaining
  Found 10 game(s)

  Step 2: Fetching odds for game 1/10
    Milwaukee Bucks @ Charlotte Hornets
    Event ID: 53cda0357baf3c631baf0a85c03bbc47
    Commence: 2024-11-16T20:10:00Z
  Credits: 34415 used, 65585.0 remaining
  Retry 1/3: HTTP 404: Not Found
  Credits: 34415 used, 65585.0 remaining
  Retry 2/3: HTTP 404: Not Found
  Credits: 34415 used, 65585.0 remaining
  Retry 3/3: HTTP 404: Not Found
  ❌ Failed to fetch odds for 53cda0357baf3c631baf0a85c03bbc47: HTTP 404: Not Found
    ⚠️  No odds data available

  Step 2: Fetching odds for game 2/10
    Toronto Raptors @ Boston Celtics
    Event ID: c5d4bea033d5df350953050bdcb5dbf6
    Commence: 2024-11-17T01:10:00Z
  Credits: 34445 used, 65555.0 remaining
    ✅ Success (532/577 games collected)
    💰 Est. credits used: 15,960/40,000

  Step 2: Fetching odds for game 3/10
    Los Angeles Lakers @ New Orleans Pelicans
    Event ID: 0549c21b21c85673d2615dade308ae9a
    Commence: 2024-11-17T01:10:00Z
  Credits: 34475 used, 65525.0 remaining
    ✅ Success (533/577 games collected)
    💰 Est. credits used: 15,990/40,000

  Step 2: Fetching odds for game 4/10
    San Antonio Spurs @ Dallas Mavericks
    Event ID: 3e6ba3e7385a2b5706ce9d646cdff9b7
    Commence: 2024-11-17T01:40:00Z
  Credits: 34505 used, 65495.0 remaining
    ✅ Success (534/577 games collected)
    💰 Est. credits used: 16,020/40,000

  Step 2: Fetching odds for game 5/10
    Utah Jazz @ Sacramento Kings
    Event ID: e6401fb536035ca54741dd0891e5bf62
    Commence: 2024-11-17T03:10:00Z
  Credits: 34535 used, 65465.0 remaining
    ✅ Success (535/577 games collected)
    💰 Est. credits used: 16,050/40,000

  Step 2: Fetching odds for game 6/10
    San Antonio Spurs @ New York Knicks
    Event ID: 973a6ea86af7d9e2bf4c52509822f5bf
    Commence: 2024-12-25T17:00:00Z
  Credits: 34535 used, 65465.0 remaining
    ✅ Success (536/577 games collected)
    💰 Est. credits used: 16,080/40,000

  Step 2: Fetching odds for game 7/10
    Minnesota Timberwolves @ Dallas Mavericks
    Event ID: 07a07eaa8f786d68cb371107f36f5b33
    Commence: 2024-12-25T19:30:00Z
  Credits: 34535 used, 65465.0 remaining
    ✅ Success (537/577 games collected)
    💰 Est. credits used: 16,110/40,000

  Step 2: Fetching odds for game 8/10
    Philadelphia 76ers @ Boston Celtics
    Event ID: 6f66bc2154fb45b2047e1c1c5afcdc38
    Commence: 2024-12-25T22:00:00Z
  Credits: 34535 used, 65465.0 remaining
    ✅ Success (538/577 games collected)
    💰 Est. credits used: 16,140/40,000

  Step 2: Fetching odds for game 9/10
    Los Angeles Lakers @ Golden State Warriors
    Event ID: bc6f994bad539db5054c8b750c437fb8
    Commence: 2024-12-26T01:00:00Z
  Credits: 34535 used, 65465.0 remaining
    ✅ Success (539/577 games collected)
    💰 Est. credits used: 16,170/40,000

  Step 2: Fetching odds for game 10/10
    Denver Nuggets @ Phoenix Suns
    Event ID: 22a9b650e64ca15cb0c83dc0148a571e
    Commence: 2024-12-26T03:30:00Z
  Credits: 34535 used, 65465.0 remaining
    ✅ Success (540/577 games collected)
    💰 Est. credits used: 16,200/40,000

[27/174] Processing 2024-11-17...
  Step 1: Fetching event IDs...
  Credits: 34536 used, 65464.0 remaining
  Found 15 game(s)

  Step 2: Fetching odds for game 1/15
    Phoenix Suns @ Minnesota Timberwolves
    Event ID: a312863a7b37f4834c28ef6baf35388a
    Commence: 2024-11-17T20:40:00Z
  Credits: 34536 used, 65464.0 remaining
  Retry 1/3: HTTP 404: Not Found
  Credits: 34536 used, 65464.0 remaining
  Retry 2/3: HTTP 404: Not Found
  Credits: 34536 used, 65464.0 remaining
  Retry 3/3: HTTP 404: Not Found
  ❌ Failed to fetch odds for a312863a7b37f4834c28ef6baf35388a: HTTP 404: Not Found
    ⚠️  No odds data available

  Step 2: Fetching odds for game 2/15
    Miami Heat @ Indiana Pacers
    Event ID: 3de0de5cb1a2515f900818c1450c27d6
    Commence: 2024-11-17T22:10:00Z
  Credits: 34566 used, 65434.0 remaining
    ✅ Success (541/592 games collected)
    💰 Est. credits used: 16,230/40,000

  Step 2: Fetching odds for game 3/15
    Atlanta Hawks @ Portland Trail Blazers
    Event ID: a11dadc22992b37ca8f2a3eca789d203
    Commence: 2024-11-17T23:10:00Z
  Credits: 34596 used, 65404.0 remaining
    ✅ Success (542/592 games collected)
    💰 Est. credits used: 16,260/40,000

  Step 2: Fetching odds for game 4/15
    Charlotte Hornets @ Cleveland Cavaliers
    Event ID: 93653e2e21378af10008b568019af044
    Commence: 2024-11-17T23:10:00Z
  Credits: 34626 used, 65374.0 remaining
    ✅ Success (543/592 games collected)
    💰 Est. credits used: 16,290/40,000

  Step 2: Fetching odds for game 5/15
    Denver Nuggets @ Memphis Grizzlies
    Event ID: b032b3afc0dd7def72f7db31f4acfba2
    Commence: 2024-11-17T23:10:00Z
  Credits: 34656 used, 65344.0 remaining
    ✅ Success (544/592 games collected)
    💰 Est. credits used: 16,320/40,000

  Step 2: Fetching odds for game 6/15
    Detroit Pistons @ Washington Wizards
    Event ID: 68e4a684137c1d8d8cdb617dc70e2740
    Commence: 2024-11-17T23:10:00Z
  Credits: 34686 used, 65314.0 remaining
    ✅ Success (545/592 games collected)
    💰 Est. credits used: 16,350/40,000

  Step 2: Fetching odds for game 7/15
    Brooklyn Nets @ New York Knicks
    Event ID: 08f615a23f6087399bb05e8a2c3c42c3
    Commence: 2024-11-18T00:10:00Z
  Credits: 34716 used, 65284.0 remaining
    ✅ Success (546/592 games collected)
    💰 Est. credits used: 16,380/40,000

  Step 2: Fetching odds for game 8/15
    Houston Rockets @ Chicago Bulls
    Event ID: 3fd9e6f1140a0057fc6a783a4e93ad6a
    Commence: 2024-11-18T00:10:00Z
  Credits: 34746 used, 65254.0 remaining
    ✅ Success (547/592 games collected)
    💰 Est. credits used: 16,410/40,000

  Step 2: Fetching odds for game 9/15
    Dallas Mavericks @ Oklahoma City Thunder
    Event ID: 9f5a7ab5e928494aa397e4c30a0bf648
    Commence: 2024-11-18T00:10:00Z
  Credits: 34776 used, 65224.0 remaining
    ✅ Success (548/592 games collected)
    💰 Est. credits used: 16,440/40,000

  Step 2: Fetching odds for game 10/15
    Utah Jazz @ Los Angeles Clippers
    Event ID: 098e51ebb9ad331b0fe039e0f3230d91
    Commence: 2024-11-18T02:10:00Z
  Credits: 34806 used, 65194.0 remaining
    ✅ Success (549/592 games collected)
    💰 Est. credits used: 16,470/40,000

  Step 2: Fetching odds for game 11/15
    San Antonio Spurs @ New York Knicks
    Event ID: 973a6ea86af7d9e2bf4c52509822f5bf
    Commence: 2024-12-25T17:00:00Z
  Credits: 34806 used, 65194.0 remaining
    ✅ Success (550/592 games collected)
    💰 Est. credits used: 16,500/40,000

  Step 2: Fetching odds for game 12/15
    Minnesota Timberwolves @ Dallas Mavericks
    Event ID: 07a07eaa8f786d68cb371107f36f5b33
    Commence: 2024-12-25T19:30:00Z
  Credits: 34806 used, 65194.0 remaining
    ✅ Success (551/592 games collected)
    💰 Est. credits used: 16,530/40,000

  Step 2: Fetching odds for game 13/15
    Philadelphia 76ers @ Boston Celtics
    Event ID: 6f66bc2154fb45b2047e1c1c5afcdc38
    Commence: 2024-12-25T22:00:00Z
  Credits: 34806 used, 65194.0 remaining
    ✅ Success (552/592 games collected)
    💰 Est. credits used: 16,560/40,000

  Step 2: Fetching odds for game 14/15
    Los Angeles Lakers @ Golden State Warriors
    Event ID: bc6f994bad539db5054c8b750c437fb8
    Commence: 2024-12-26T01:00:00Z
  Credits: 34806 used, 65194.0 remaining
    ✅ Success (553/592 games collected)
    💰 Est. credits used: 16,590/40,000

  Step 2: Fetching odds for game 15/15
    Denver Nuggets @ Phoenix Suns
    Event ID: 22a9b650e64ca15cb0c83dc0148a571e
    Commence: 2024-12-26T03:30:00Z
  Credits: 34806 used, 65194.0 remaining
    ✅ Success (554/592 games collected)
    💰 Est. credits used: 16,620/40,000

[28/174] Processing 2024-11-18...
  Step 1: Fetching event IDs...
  Credits: 34807 used, 65193.0 remaining
  Found 19 game(s)

  Step 2: Fetching odds for game 1/19
    Chicago Bulls @ Detroit Pistons
    Event ID: c2b6a1922c38c48e109c505afeb8b073
    Commence: 2024-11-19T00:10:00Z
  Credits: 34837 used, 65163.0 remaining
    ✅ Success (555/611 games collected)
    💰 Est. credits used: 16,650/40,000

  Step 2: Fetching odds for game 2/19
    Indiana Pacers @ Toronto Raptors
    Event ID: 2260a4f4b2b303b29d4e58f6d0ee642b
    Commence: 2024-11-19T00:40:00Z
  Credits: 34867 used, 65133.0 remaining
    ✅ Success (556/611 games collected)
    💰 Est. credits used: 16,680/40,000

  Step 2: Fetching odds for game 3/19
    Philadelphia 76ers @ Miami Heat
    Event ID: c160c10efd1d38c5221aad509e82802f
    Commence: 2024-11-19T00:40:00Z
  Credits: 34897 used, 65103.0 remaining
    ✅ Success (557/611 games collected)
    💰 Est. credits used: 16,710/40,000

  Step 2: Fetching odds for game 4/19
    Washington Wizards @ New York Knicks
    Event ID: 3425c4597f2b4d3d1a67b0faeb4d55b3
    Commence: 2024-11-19T00:40:00Z
  Credits: 34927 used, 65073.0 remaining
    ✅ Success (558/611 games collected)
    💰 Est. credits used: 16,740/40,000

  Step 2: Fetching odds for game 5/19
    Houston Rockets @ Milwaukee Bucks
    Event ID: 1353a1cc4f8e9aad91c1e7c0154fffa4
    Commence: 2024-11-19T01:10:00Z
  Credits: 34957 used, 65043.0 remaining
    ✅ Success (559/611 games collected)
    💰 Est. credits used: 16,770/40,000

  Step 2: Fetching odds for game 6/19
    Orlando Magic @ Phoenix Suns
    Event ID: 2c4636c6b6877f3ebd69eb0686c81862
    Commence: 2024-11-19T02:10:00Z
  Credits: 34987 used, 65013.0 remaining
    ✅ Success (560/611 games collected)
    💰 Est. credits used: 16,800/40,000

  Step 2: Fetching odds for game 7/19
    Atlanta Hawks @ Sacramento Kings
    Event ID: 57f5956a2a5eb2762e08a3d4f8e8b2d0
    Commence: 2024-11-19T03:10:00Z
  Credits: 35017 used, 64983.0 remaining
    ✅ Success (561/611 games collected)
    💰 Est. credits used: 16,830/40,000

  Step 2: Fetching odds for game 8/19
    Golden State Warriors @ Los Angeles Clippers
    Event ID: 4eb1757948972e8fe4040d4a35d8760b
    Commence: 2024-11-19T03:30:00Z
  Credits: 35047 used, 64953.0 remaining
    ✅ Success (562/611 games collected)
    💰 Est. credits used: 16,860/40,000

  Step 2: Fetching odds for game 9/19
    Cleveland Cavaliers @ Boston Celtics
    Event ID: 28ce00ceda2646f4b0579095537d2c55
    Commence: 2024-11-20T00:10:00Z
  Credits: 35047 used, 64953.0 remaining
    ✅ Success (563/611 games collected)
    💰 Est. credits used: 16,890/40,000

  Step 2: Fetching odds for game 10/19
    Charlotte Hornets @ Brooklyn Nets
    Event ID: 4f0bbc699601b7e229affc95e3305210
    Commence: 2024-11-20T00:40:00Z
  Credits: 35047 used, 64953.0 remaining
    ✅ Success (564/611 games collected)
    💰 Est. credits used: 16,920/40,000

  Step 2: Fetching odds for game 11/19
    Denver Nuggets @ Memphis Grizzlies
    Event ID: d070638782ccca86d8b610ef704f9be0
    Commence: 2024-11-20T01:10:00Z
  Credits: 35047 used, 64953.0 remaining
    ✅ Success (565/611 games collected)
    💰 Est. credits used: 16,950/40,000

  Step 2: Fetching odds for game 12/19
    New Orleans Pelicans @ Dallas Mavericks
    Event ID: 5dc4f9a9d1a0eeacee652cd7556b57e7
    Commence: 2024-11-20T01:40:00Z
  Credits: 35047 used, 64953.0 remaining
    ✅ Success (566/611 games collected)
    💰 Est. credits used: 16,980/40,000

  Step 2: Fetching odds for game 13/19
    Oklahoma City Thunder @ San Antonio Spurs
    Event ID: 1868bde5ea04d48d73e7ec63602deebd
    Commence: 2024-11-20T02:30:00Z
  Credits: 35047 used, 64953.0 remaining
    ✅ Success (567/611 games collected)
    💰 Est. credits used: 17,010/40,000

  Step 2: Fetching odds for game 14/19
    Utah Jazz @ Los Angeles Lakers
    Event ID: 4da1e5d0859d00cf060770cbe9d575ac
    Commence: 2024-11-20T03:40:00Z
  Credits: 35047 used, 64953.0 remaining
    ✅ Success (568/611 games collected)
    💰 Est. credits used: 17,040/40,000

  Step 2: Fetching odds for game 15/19
    San Antonio Spurs @ New York Knicks
    Event ID: 973a6ea86af7d9e2bf4c52509822f5bf
    Commence: 2024-12-25T17:00:00Z
  Credits: 35047 used, 64953.0 remaining
    ✅ Success (569/611 games collected)
    💰 Est. credits used: 17,070/40,000

  Step 2: Fetching odds for game 16/19
    Minnesota Timberwolves @ Dallas Mavericks
    Event ID: 07a07eaa8f786d68cb371107f36f5b33
    Commence: 2024-12-25T19:30:00Z
  Credits: 35047 used, 64953.0 remaining
    ✅ Success (570/611 games collected)
    💰 Est. credits used: 17,100/40,000

  Step 2: Fetching odds for game 17/19
    Philadelphia 76ers @ Boston Celtics
    Event ID: 6f66bc2154fb45b2047e1c1c5afcdc38
    Commence: 2024-12-25T22:00:00Z
  Credits: 35047 used, 64953.0 remaining
    ✅ Success (571/611 games collected)
    💰 Est. credits used: 17,130/40,000

  Step 2: Fetching odds for game 18/19
    Los Angeles Lakers @ Golden State Warriors
    Event ID: bc6f994bad539db5054c8b750c437fb8
    Commence: 2024-12-26T01:00:00Z
  Credits: 35047 used, 64953.0 remaining
    ✅ Success (572/611 games collected)
    💰 Est. credits used: 17,160/40,000

  Step 2: Fetching odds for game 19/19
    Denver Nuggets @ Phoenix Suns
    Event ID: 22a9b650e64ca15cb0c83dc0148a571e
    Commence: 2024-12-26T03:30:00Z
  Credits: 35047 used, 64953.0 remaining
    ✅ Success (573/611 games collected)
    💰 Est. credits used: 17,190/40,000

[29/174] Processing 2024-11-19...
  Step 1: Fetching event IDs...
  Credits: 35048 used, 64952.0 remaining
  Found 11 game(s)

  Step 2: Fetching odds for game 1/11
    Cleveland Cavaliers @ Boston Celtics
    Event ID: 28ce00ceda2646f4b0579095537d2c55
    Commence: 2024-11-20T00:10:00Z
  Credits: 35078 used, 64922.0 remaining
    ✅ Success (574/622 games collected)
    💰 Est. credits used: 17,220/40,000

  Step 2: Fetching odds for game 2/11
    Charlotte Hornets @ Brooklyn Nets
    Event ID: 4f0bbc699601b7e229affc95e3305210
    Commence: 2024-11-20T00:40:00Z
  Credits: 35108 used, 64892.0 remaining
    ✅ Success (575/622 games collected)
    💰 Est. credits used: 17,250/40,000

  Step 2: Fetching odds for game 3/11
    Denver Nuggets @ Memphis Grizzlies
    Event ID: d070638782ccca86d8b610ef704f9be0
    Commence: 2024-11-20T01:10:00Z
  Credits: 35138 used, 64862.0 remaining
    ✅ Success (576/622 games collected)
    💰 Est. credits used: 17,280/40,000

  Step 2: Fetching odds for game 4/11
    New Orleans Pelicans @ Dallas Mavericks
    Event ID: 5dc4f9a9d1a0eeacee652cd7556b57e7
    Commence: 2024-11-20T01:40:00Z
  Credits: 35168 used, 64832.0 remaining
    ✅ Success (577/622 games collected)
    💰 Est. credits used: 17,310/40,000

  Step 2: Fetching odds for game 5/11
    Oklahoma City Thunder @ San Antonio Spurs
    Event ID: 1868bde5ea04d48d73e7ec63602deebd
    Commence: 2024-11-20T02:40:00Z
  Credits: 35198 used, 64802.0 remaining
    ✅ Success (578/622 games collected)
    💰 Est. credits used: 17,340/40,000

  Step 2: Fetching odds for game 6/11
    Utah Jazz @ Los Angeles Lakers
    Event ID: 4da1e5d0859d00cf060770cbe9d575ac
    Commence: 2024-11-20T03:40:00Z
  Credits: 35228 used, 64772.0 remaining
    ✅ Success (579/622 games collected)
    💰 Est. credits used: 17,370/40,000

  Step 2: Fetching odds for game 7/11
    San Antonio Spurs @ New York Knicks
    Event ID: 973a6ea86af7d9e2bf4c52509822f5bf
    Commence: 2024-12-25T17:00:00Z
  Credits: 35228 used, 64772.0 remaining
    ✅ Success (580/622 games collected)
    💰 Est. credits used: 17,400/40,000

  Step 2: Fetching odds for game 8/11
    Minnesota Timberwolves @ Dallas Mavericks
    Event ID: 07a07eaa8f786d68cb371107f36f5b33
    Commence: 2024-12-25T19:30:00Z
  Credits: 35228 used, 64772.0 remaining
    ✅ Success (581/622 games collected)
    💰 Est. credits used: 17,430/40,000

  Step 2: Fetching odds for game 9/11
    Philadelphia 76ers @ Boston Celtics
    Event ID: 6f66bc2154fb45b2047e1c1c5afcdc38
    Commence: 2024-12-25T22:00:00Z
  Credits: 35228 used, 64772.0 remaining
    ✅ Success (582/622 games collected)
    💰 Est. credits used: 17,460/40,000

  Step 2: Fetching odds for game 10/11
    Los Angeles Lakers @ Golden State Warriors
    Event ID: bc6f994bad539db5054c8b750c437fb8
    Commence: 2024-12-26T01:00:00Z
  Credits: 35228 used, 64772.0 remaining
    ✅ Success (583/622 games collected)
    💰 Est. credits used: 17,490/40,000

  Step 2: Fetching odds for game 11/11
    Denver Nuggets @ Phoenix Suns
    Event ID: 22a9b650e64ca15cb0c83dc0148a571e
    Commence: 2024-12-26T03:30:00Z
  Credits: 35228 used, 64772.0 remaining
    ✅ Success (584/622 games collected)
    💰 Est. credits used: 17,520/40,000

[30/174] Processing 2024-11-20...
  Step 1: Fetching event IDs...
  Credits: 35229 used, 64771.0 remaining
  Found 19 game(s)

  Step 2: Fetching odds for game 1/19
    Chicago Bulls @ Milwaukee Bucks
    Event ID: 9b2809453fe61d0a5e1269a2fb7a2af0
    Commence: 2024-11-21T00:40:00Z
  Credits: 35259 used, 64741.0 remaining
    ✅ Success (585/641 games collected)
    💰 Est. credits used: 17,550/40,000

  Step 2: Fetching odds for game 2/19
    New Orleans Pelicans @ Cleveland Cavaliers
    Event ID: ee5a41f6f099b865b1fb2c309c2cb6ec
    Commence: 2024-11-21T00:40:00Z
  Credits: 35289 used, 64711.0 remaining
    ✅ Success (586/641 games collected)
    💰 Est. credits used: 17,580/40,000

  Step 2: Fetching odds for game 3/19
    Indiana Pacers @ Houston Rockets
    Event ID: 12af867f2363b63481b69fe2d0b346e5
    Commence: 2024-11-21T01:10:00Z
  Credits: 35319 used, 64681.0 remaining
    ✅ Success (587/641 games collected)
    💰 Est. credits used: 17,610/40,000

  Step 2: Fetching odds for game 4/19
    Philadelphia 76ers @ Memphis Grizzlies
    Event ID: 30daa4a2a4df041706fd92e2a824923b
    Commence: 2024-11-21T01:10:00Z
  Credits: 35349 used, 64651.0 remaining
    ✅ Success (588/641 games collected)
    💰 Est. credits used: 17,640/40,000

  Step 2: Fetching odds for game 5/19
    Portland Trail Blazers @ Oklahoma City Thunder
    Event ID: 09ffc6f23bd619ecf418571575771aa6
    Commence: 2024-11-21T01:10:00Z
  Credits: 35379 used, 64621.0 remaining
    ✅ Success (589/641 games collected)
    💰 Est. credits used: 17,670/40,000

  Step 2: Fetching odds for game 6/19
    New York Knicks @ Phoenix Suns
    Event ID: d6d94773bc361c4d725b0e3dfbd959e2
    Commence: 2024-11-21T03:00:00Z
  Credits: 35409 used, 64591.0 remaining
    ✅ Success (590/641 games collected)
    💰 Est. credits used: 17,700/40,000

  Step 2: Fetching odds for game 7/19
    Atlanta Hawks @ Golden State Warriors
    Event ID: c39f736bf74b27b466d5343ce86ddc5a
    Commence: 2024-11-21T03:10:00Z
  Credits: 35439 used, 64561.0 remaining
    ✅ Success (591/641 games collected)
    💰 Est. credits used: 17,730/40,000

  Step 2: Fetching odds for game 8/19
    Orlando Magic @ Los Angeles Clippers
    Event ID: 339370f3b9b0c4768e43cf3cbc91e8f5
    Commence: 2024-11-21T03:40:00Z
  Credits: 35469 used, 64531.0 remaining
    ✅ Success (592/641 games collected)
    💰 Est. credits used: 17,760/40,000

  Step 2: Fetching odds for game 9/19
    Boston Celtics @ Washington Wizards
    Event ID: b600186d2dc2ace2fa5ac10c04e17059
    Commence: 2024-11-23T00:10:00Z
  Credits: 35469 used, 64531.0 remaining
    ✅ Success (593/641 games collected)
    💰 Est. credits used: 17,790/40,000

  Step 2: Fetching odds for game 10/19
    Brooklyn Nets @ Philadelphia 76ers
    Event ID: 472f1e3e2efd7d64a3af836936a83ec5
    Commence: 2024-11-23T00:10:00Z
  Credits: 35469 used, 64531.0 remaining
    ✅ Success (594/641 games collected)
    💰 Est. credits used: 17,820/40,000

  Step 2: Fetching odds for game 11/19
    Golden State Warriors @ New Orleans Pelicans
    Event ID: 9cc15bb04622261a10545f179a61c3a8
    Commence: 2024-11-23T00:40:00Z
  Credits: 35469 used, 64531.0 remaining
    ✅ Success (595/641 games collected)
    💰 Est. credits used: 17,850/40,000

  Step 2: Fetching odds for game 12/19
    Atlanta Hawks @ Chicago Bulls
    Event ID: feff9ee9f3337c34943c5ae257f40c5e
    Commence: 2024-11-23T01:10:00Z
  Credits: 35469 used, 64531.0 remaining
    ✅ Success (596/641 games collected)
    💰 Est. credits used: 17,880/40,000

  Step 2: Fetching odds for game 13/19
    Portland Trail Blazers @ Houston Rockets
    Event ID: d5867a7b248d1fa208569ce6399e662c
    Commence: 2024-11-23T01:10:00Z
  Credits: 35469 used, 64531.0 remaining
    ✅ Success (597/641 games collected)
    💰 Est. credits used: 17,910/40,000

  Step 2: Fetching odds for game 14/19
    Indiana Pacers @ Milwaukee Bucks
    Event ID: cae716a9887d0ec78c9daee644d94f1c
    Commence: 2024-11-23T01:10:00Z
  Credits: 35469 used, 64531.0 remaining
    ✅ Success (598/641 games collected)
    💰 Est. credits used: 17,940/40,000

  Step 2: Fetching odds for game 15/19
    San Antonio Spurs @ New York Knicks
    Event ID: 973a6ea86af7d9e2bf4c52509822f5bf
    Commence: 2024-12-25T17:00:00Z
  Credits: 35469 used, 64531.0 remaining
    ✅ Success (599/641 games collected)
    💰 Est. credits used: 17,970/40,000

  Step 2: Fetching odds for game 16/19
    Minnesota Timberwolves @ Dallas Mavericks
    Event ID: 07a07eaa8f786d68cb371107f36f5b33
    Commence: 2024-12-25T19:30:00Z
  Credits: 35469 used, 64531.0 remaining
    ✅ Success (600/641 games collected)
    💰 Est. credits used: 18,000/40,000

  Step 2: Fetching odds for game 17/19
    Philadelphia 76ers @ Boston Celtics
    Event ID: 6f66bc2154fb45b2047e1c1c5afcdc38
    Commence: 2024-12-25T22:00:00Z
  Credits: 35469 used, 64531.0 remaining
    ✅ Success (601/641 games collected)
    💰 Est. credits used: 18,030/40,000

  Step 2: Fetching odds for game 18/19
    Los Angeles Lakers @ Golden State Warriors
    Event ID: bc6f994bad539db5054c8b750c437fb8
    Commence: 2024-12-26T01:00:00Z
  Credits: 35469 used, 64531.0 remaining
    ✅ Success (602/641 games collected)
    💰 Est. credits used: 18,060/40,000

  Step 2: Fetching odds for game 19/19
    Denver Nuggets @ Phoenix Suns
    Event ID: 22a9b650e64ca15cb0c83dc0148a571e
    Commence: 2024-12-26T03:30:00Z
  Credits: 35469 used, 64531.0 remaining
    ✅ Success (603/641 games collected)
    💰 Est. credits used: 18,090/40,000

💾 Checkpoint saved: data/nba/checkpoints/checkpoint-2024-11-20.json

[31/174] Processing 2024-11-21...
  Step 1: Fetching event IDs...
  Credits: 35470 used, 64530.0 remaining
  Found 15 game(s)

  Step 2: Fetching odds for game 1/15
    Detroit Pistons @ Charlotte Hornets
    Event ID: a94279dcfb065a9c40cc6869d6b68fcd
    Commence: 2024-11-22T00:10:00Z
  Credits: 35500 used, 64500.0 remaining
    ✅ Success (604/656 games collected)
    💰 Est. credits used: 18,120/40,000

  Step 2: Fetching odds for game 2/15
    Minnesota Timberwolves @ Toronto Raptors
    Event ID: fc0af137075bbfab01411d88dcec50a5
    Commence: 2024-11-22T00:40:00Z
  Credits: 35530 used, 64470.0 remaining
    ✅ Success (605/656 games collected)
    💰 Est. credits used: 18,150/40,000

  Step 2: Fetching odds for game 3/15
    Utah Jazz @ San Antonio Spurs
    Event ID: 882bf20a823fe5d98b78592b3e2ccc89
    Commence: 2024-11-22T01:10:00Z
  Credits: 35560 used, 64440.0 remaining
    ✅ Success (606/656 games collected)
    💰 Est. credits used: 18,180/40,000

  Step 2: Fetching odds for game 4/15
    Orlando Magic @ Los Angeles Lakers
    Event ID: 5c89c0aa80d567680f352f9c2a3b8222
    Commence: 2024-11-22T03:40:00Z
  Credits: 35590 used, 64410.0 remaining
    ✅ Success (607/656 games collected)
    💰 Est. credits used: 18,210/40,000

  Step 2: Fetching odds for game 5/15
    Boston Celtics @ Washington Wizards
    Event ID: b600186d2dc2ace2fa5ac10c04e17059
    Commence: 2024-11-23T00:10:00Z
  Credits: 35590 used, 64410.0 remaining
    ✅ Success (608/656 games collected)
    💰 Est. credits used: 18,240/40,000

  Step 2: Fetching odds for game 6/15
    Brooklyn Nets @ Philadelphia 76ers
    Event ID: 472f1e3e2efd7d64a3af836936a83ec5
    Commence: 2024-11-23T00:10:00Z
  Credits: 35590 used, 64410.0 remaining
    ✅ Success (609/656 games collected)
    💰 Est. credits used: 18,270/40,000

  Step 2: Fetching odds for game 7/15
    Golden State Warriors @ New Orleans Pelicans
    Event ID: 9cc15bb04622261a10545f179a61c3a8
    Commence: 2024-11-23T00:40:00Z
  Credits: 35590 used, 64410.0 remaining
    ✅ Success (610/656 games collected)
    💰 Est. credits used: 18,300/40,000

  Step 2: Fetching odds for game 8/15
    Atlanta Hawks @ Chicago Bulls
    Event ID: feff9ee9f3337c34943c5ae257f40c5e
    Commence: 2024-11-23T01:10:00Z
  Credits: 35590 used, 64410.0 remaining
    ✅ Success (611/656 games collected)
    💰 Est. credits used: 18,330/40,000

  Step 2: Fetching odds for game 9/15
    Portland Trail Blazers @ Houston Rockets
    Event ID: d5867a7b248d1fa208569ce6399e662c
    Commence: 2024-11-23T01:10:00Z
  Credits: 35590 used, 64410.0 remaining
    ✅ Success (612/656 games collected)
    💰 Est. credits used: 18,360/40,000

  Step 2: Fetching odds for game 10/15
    Indiana Pacers @ Milwaukee Bucks
    Event ID: cae716a9887d0ec78c9daee644d94f1c
    Commence: 2024-11-23T01:10:00Z
  Credits: 35590 used, 64410.0 remaining
    ✅ Success (613/656 games collected)
    💰 Est. credits used: 18,390/40,000

  Step 2: Fetching odds for game 11/15
    San Antonio Spurs @ New York Knicks
    Event ID: 973a6ea86af7d9e2bf4c52509822f5bf
    Commence: 2024-12-25T17:00:00Z
  Credits: 35590 used, 64410.0 remaining
    ✅ Success (614/656 games collected)
    💰 Est. credits used: 18,420/40,000

  Step 2: Fetching odds for game 12/15
    Minnesota Timberwolves @ Dallas Mavericks
    Event ID: 07a07eaa8f786d68cb371107f36f5b33
    Commence: 2024-12-25T19:30:00Z
  Credits: 35590 used, 64410.0 remaining
    ✅ Success (615/656 games collected)
    💰 Est. credits used: 18,450/40,000

  Step 2: Fetching odds for game 13/15
    Philadelphia 76ers @ Boston Celtics
    Event ID: 6f66bc2154fb45b2047e1c1c5afcdc38
    Commence: 2024-12-25T22:00:00Z
  Credits: 35590 used, 64410.0 remaining
    ✅ Success (616/656 games collected)
    💰 Est. credits used: 18,480/40,000

  Step 2: Fetching odds for game 14/15
    Los Angeles Lakers @ Golden State Warriors
    Event ID: bc6f994bad539db5054c8b750c437fb8
    Commence: 2024-12-26T01:00:00Z
  Credits: 35590 used, 64410.0 remaining
    ✅ Success (617/656 games collected)
    💰 Est. credits used: 18,510/40,000

  Step 2: Fetching odds for game 15/15
    Denver Nuggets @ Phoenix Suns
    Event ID: 22a9b650e64ca15cb0c83dc0148a571e
    Commence: 2024-12-26T03:30:00Z
  Credits: 35590 used, 64410.0 remaining
    ✅ Success (618/656 games collected)
    💰 Est. credits used: 18,540/40,000

[32/174] Processing 2024-11-22...
  Step 1: Fetching event IDs...
  Credits: 35591 used, 64409.0 remaining
  Found 13 game(s)

  Step 2: Fetching odds for game 1/13
    Boston Celtics @ Washington Wizards
    Event ID: b600186d2dc2ace2fa5ac10c04e17059
    Commence: 2024-11-23T00:10:00Z
  Credits: 35621 used, 64379.0 remaining
    ✅ Success (619/669 games collected)
    💰 Est. credits used: 18,570/40,000

  Step 2: Fetching odds for game 2/13
    Brooklyn Nets @ Philadelphia 76ers
    Event ID: 472f1e3e2efd7d64a3af836936a83ec5
    Commence: 2024-11-23T00:10:00Z
  Credits: 35651 used, 64349.0 remaining
    ✅ Success (620/669 games collected)
    💰 Est. credits used: 18,600/40,000

  Step 2: Fetching odds for game 3/13
    Golden State Warriors @ New Orleans Pelicans
    Event ID: 9cc15bb04622261a10545f179a61c3a8
    Commence: 2024-11-23T00:40:00Z
  Credits: 35681 used, 64319.0 remaining
    ✅ Success (621/669 games collected)
    💰 Est. credits used: 18,630/40,000

  Step 2: Fetching odds for game 4/13
    Atlanta Hawks @ Chicago Bulls
    Event ID: feff9ee9f3337c34943c5ae257f40c5e
    Commence: 2024-11-23T01:10:00Z
  Credits: 35711 used, 64289.0 remaining
    ✅ Success (622/669 games collected)
    💰 Est. credits used: 18,660/40,000

  Step 2: Fetching odds for game 5/13
    Portland Trail Blazers @ Houston Rockets
    Event ID: d5867a7b248d1fa208569ce6399e662c
    Commence: 2024-11-23T01:10:00Z
  Credits: 35741 used, 64259.0 remaining
    ✅ Success (623/669 games collected)
    💰 Est. credits used: 18,690/40,000

  Step 2: Fetching odds for game 6/13
    Indiana Pacers @ Milwaukee Bucks
    Event ID: cae716a9887d0ec78c9daee644d94f1c
    Commence: 2024-11-23T01:10:00Z
  Credits: 35771 used, 64229.0 remaining
    ✅ Success (624/669 games collected)
    💰 Est. credits used: 18,720/40,000

  Step 2: Fetching odds for game 7/13
    Dallas Mavericks @ Denver Nuggets
    Event ID: 9e56472e15b270db1994636e56e96a90
    Commence: 2024-11-23T03:10:00Z
  Credits: 35801 used, 64199.0 remaining
    ✅ Success (625/669 games collected)
    💰 Est. credits used: 18,750/40,000

  Step 2: Fetching odds for game 8/13
    Sacramento Kings @ Los Angeles Clippers
    Event ID: f1f07b258350717d5f038c3cea64a258
    Commence: 2024-11-23T03:30:00Z
  Credits: 35831 used, 64169.0 remaining
    ✅ Success (626/669 games collected)
    💰 Est. credits used: 18,780/40,000

  Step 2: Fetching odds for game 9/13
    San Antonio Spurs @ New York Knicks
    Event ID: 973a6ea86af7d9e2bf4c52509822f5bf
    Commence: 2024-12-25T17:00:00Z
  Credits: 35831 used, 64169.0 remaining
    ✅ Success (627/669 games collected)
    💰 Est. credits used: 18,810/40,000

  Step 2: Fetching odds for game 10/13
    Minnesota Timberwolves @ Dallas Mavericks
    Event ID: 07a07eaa8f786d68cb371107f36f5b33
    Commence: 2024-12-25T19:30:00Z
  Credits: 35831 used, 64169.0 remaining
    ✅ Success (628/669 games collected)
    💰 Est. credits used: 18,840/40,000

  Step 2: Fetching odds for game 11/13
    Philadelphia 76ers @ Boston Celtics
    Event ID: 6f66bc2154fb45b2047e1c1c5afcdc38
    Commence: 2024-12-25T22:00:00Z
  Credits: 35831 used, 64169.0 remaining
    ✅ Success (629/669 games collected)
    💰 Est. credits used: 18,870/40,000

  Step 2: Fetching odds for game 12/13
    Los Angeles Lakers @ Golden State Warriors
    Event ID: bc6f994bad539db5054c8b750c437fb8
    Commence: 2024-12-26T01:00:00Z
  Credits: 35831 used, 64169.0 remaining
    ✅ Success (630/669 games collected)
    💰 Est. credits used: 18,900/40,000

  Step 2: Fetching odds for game 13/13
    Denver Nuggets @ Phoenix Suns
    Event ID: 22a9b650e64ca15cb0c83dc0148a571e
    Commence: 2024-12-26T03:30:00Z
  Credits: 35831 used, 64169.0 remaining
    ✅ Success (631/669 games collected)
    💰 Est. credits used: 18,930/40,000

[33/174] Processing 2024-11-23...
  Step 1: Fetching event IDs...
  Credits: 35832 used, 64168.0 remaining
  Found 17 game(s)

  Step 2: Fetching odds for game 1/17
    New York Knicks @ Utah Jazz
    Event ID: b260c49ab9337ae42774bb3b1531a915
    Commence: 2024-11-23T22:10:00Z
  Credits: 35862 used, 64138.0 remaining
    ✅ Success (632/686 games collected)
    💰 Est. credits used: 18,960/40,000

  Step 2: Fetching odds for game 2/17
    Detroit Pistons @ Orlando Magic
    Event ID: 41bf45335490b6b8fa552ffb71126c3b
    Commence: 2024-11-24T00:10:00Z
  Credits: 35892 used, 64108.0 remaining
    ✅ Success (633/686 games collected)
    💰 Est. credits used: 18,990/40,000

  Step 2: Fetching odds for game 3/17
    Charlotte Hornets @ Milwaukee Bucks
    Event ID: 981b23d30d332edfe527196c4818dcf2
    Commence: 2024-11-24T01:10:00Z
  Credits: 35922 used, 64078.0 remaining
    ✅ Success (634/686 games collected)
    💰 Est. credits used: 19,020/40,000

  Step 2: Fetching odds for game 4/17
    Memphis Grizzlies @ Chicago Bulls
    Event ID: ce345bbb3a55d78421626f5745a3307f
    Commence: 2024-11-24T01:10:00Z
  Credits: 35952 used, 64048.0 remaining
    ✅ Success (635/686 games collected)
    💰 Est. credits used: 19,050/40,000

  Step 2: Fetching odds for game 5/17
    Portland Trail Blazers @ Houston Rockets
    Event ID: 400a07daeb99713dc9054016d7b56f9b
    Commence: 2024-11-24T01:10:00Z
  Credits: 35982 used, 64018.0 remaining
    ✅ Success (636/686 games collected)
    💰 Est. credits used: 19,080/40,000

  Step 2: Fetching odds for game 6/17
    Golden State Warriors @ San Antonio Spurs
    Event ID: 21b07d359b35843040b942719eb15875
    Commence: 2024-11-24T01:40:00Z
  Credits: 36012 used, 63988.0 remaining
    ✅ Success (637/686 games collected)
    💰 Est. credits used: 19,110/40,000

  Step 2: Fetching odds for game 7/17
    Denver Nuggets @ Los Angeles Lakers
    Event ID: b856eee19b805c01422c94a007faee08
    Commence: 2024-11-24T03:40:00Z
  Credits: 36042 used, 63958.0 remaining
    ✅ Success (638/686 games collected)
    💰 Est. credits used: 19,140/40,000

  Step 2: Fetching odds for game 8/17
    Chicago Bulls @ Washington Wizards
    Event ID: 8371571bb6059f03debc55b594422565
    Commence: 2024-11-27T00:00:00Z
  Credits: 36042 used, 63958.0 remaining
    ✅ Success (639/686 games collected)
    💰 Est. credits used: 19,170/40,000

  Step 2: Fetching odds for game 9/17
    Milwaukee Bucks @ Miami Heat
    Event ID: 979282582fedc5d942f4f0f2f22763ee
    Commence: 2024-11-27T00:30:00Z
  Credits: 36042 used, 63958.0 remaining
    ✅ Success (640/686 games collected)
    💰 Est. credits used: 19,200/40,000

  Step 2: Fetching odds for game 10/17
    Houston Rockets @ Minnesota Timberwolves
    Event ID: 312350cf1c97873d6cb81224bac3873e
    Commence: 2024-11-27T01:00:00Z
  Credits: 36042 used, 63958.0 remaining
    ✅ Success (641/686 games collected)
    💰 Est. credits used: 19,230/40,000

  Step 2: Fetching odds for game 11/17
    San Antonio Spurs @ Utah Jazz
    Event ID: 0a3002d2aaa7b94c5c9c4d3bf792ac7d
    Commence: 2024-11-27T02:00:00Z
  Credits: 36042 used, 63958.0 remaining
    ✅ Success (642/686 games collected)
    💰 Est. credits used: 19,260/40,000

  Step 2: Fetching odds for game 12/17
    Los Angeles Lakers @ Phoenix Suns
    Event ID: 0ae85f4502bca2d13e62d2e35c94744c
    Commence: 2024-11-27T03:00:00Z
  Credits: 36042 used, 63958.0 remaining
    ✅ Success (643/686 games collected)
    💰 Est. credits used: 19,290/40,000

  Step 2: Fetching odds for game 13/17
    San Antonio Spurs @ New York Knicks
    Event ID: 973a6ea86af7d9e2bf4c52509822f5bf
    Commence: 2024-12-25T17:00:00Z
  Credits: 36042 used, 63958.0 remaining
    ✅ Success (644/686 games collected)
    💰 Est. credits used: 19,320/40,000

  Step 2: Fetching odds for game 14/17
    Minnesota Timberwolves @ Dallas Mavericks
    Event ID: 07a07eaa8f786d68cb371107f36f5b33
    Commence: 2024-12-25T19:30:00Z
  Credits: 36042 used, 63958.0 remaining
    ✅ Success (645/686 games collected)
    💰 Est. credits used: 19,350/40,000

  Step 2: Fetching odds for game 15/17
    Philadelphia 76ers @ Boston Celtics
    Event ID: 6f66bc2154fb45b2047e1c1c5afcdc38
    Commence: 2024-12-25T22:00:00Z
  Credits: 36042 used, 63958.0 remaining
    ✅ Success (646/686 games collected)
    💰 Est. credits used: 19,380/40,000

  Step 2: Fetching odds for game 16/17
    Los Angeles Lakers @ Golden State Warriors
    Event ID: bc6f994bad539db5054c8b750c437fb8
    Commence: 2024-12-26T01:00:00Z
  Credits: 36042 used, 63958.0 remaining
    ✅ Success (647/686 games collected)
    💰 Est. credits used: 19,410/40,000

  Step 2: Fetching odds for game 17/17
    Denver Nuggets @ Phoenix Suns
    Event ID: 22a9b650e64ca15cb0c83dc0148a571e
    Commence: 2024-12-26T03:30:00Z
  Credits: 36042 used, 63958.0 remaining
    ✅ Success (648/686 games collected)
    💰 Est. credits used: 19,440/40,000

[34/174] Processing 2024-11-24...
  Step 1: Fetching event IDs...
  Credits: 36043 used, 63957.0 remaining
  Found 16 game(s)

  Step 2: Fetching odds for game 1/16
    Minnesota Timberwolves @ Boston Celtics
    Event ID: acd573d323ba35d9fb96987bc7fd4516
    Commence: 2024-11-24T20:40:00Z
  Credits: 36043 used, 63957.0 remaining
  Retry 1/3: HTTP 404: Not Found
  Credits: 36043 used, 63957.0 remaining
  Retry 2/3: HTTP 404: Not Found
  Credits: 36043 used, 63957.0 remaining
  Retry 3/3: HTTP 404: Not Found
  ❌ Failed to fetch odds for acd573d323ba35d9fb96987bc7fd4516: HTTP 404: Not Found
    ⚠️  No odds data available

  Step 2: Fetching odds for game 2/16
    Washington Wizards @ Indiana Pacers
    Event ID: f436744b60efd24a59222398bc0b134a
    Commence: 2024-11-24T22:10:00Z
  Credits: 36073 used, 63927.0 remaining
    ✅ Success (649/702 games collected)
    💰 Est. credits used: 19,470/40,000

  Step 2: Fetching odds for game 3/16
    Dallas Mavericks @ Miami Heat
    Event ID: 09f005fd2a562151c80a569a94c75e8f
    Commence: 2024-11-24T23:10:00Z
  Credits: 36103 used, 63897.0 remaining
    ✅ Success (650/702 games collected)
    💰 Est. credits used: 19,500/40,000

  Step 2: Fetching odds for game 4/16
    Los Angeles Clippers @ Philadelphia 76ers
    Event ID: 51b8fadeddaf0e6dca09d48b50b23c82
    Commence: 2024-11-24T23:10:00Z
  Credits: 36133 used, 63867.0 remaining
    ✅ Success (651/702 games collected)
    💰 Est. credits used: 19,530/40,000

  Step 2: Fetching odds for game 5/16
    Toronto Raptors @ Cleveland Cavaliers
    Event ID: 28a11effc6120d500f3e3ae1abf4d5a2
    Commence: 2024-11-25T00:40:00Z
  Credits: 36163 used, 63837.0 remaining
    ✅ Success (652/702 games collected)
    💰 Est. credits used: 19,560/40,000

  Step 2: Fetching odds for game 6/16
    Brooklyn Nets @ Sacramento Kings
    Event ID: 53867fc0835e5d1d0a4c24a08c0d9630
    Commence: 2024-11-25T02:10:00Z
  Credits: 36193 used, 63807.0 remaining
    ✅ Success (653/702 games collected)
    💰 Est. credits used: 19,590/40,000

  Step 2: Fetching odds for game 7/16
    Chicago Bulls @ Washington Wizards
    Event ID: 8371571bb6059f03debc55b594422565
    Commence: 2024-11-27T00:00:00Z
  Credits: 36193 used, 63807.0 remaining
    ✅ Success (654/702 games collected)
    💰 Est. credits used: 19,620/40,000

  Step 2: Fetching odds for game 8/16
    Milwaukee Bucks @ Miami Heat
    Event ID: 979282582fedc5d942f4f0f2f22763ee
    Commence: 2024-11-27T00:30:00Z
  Credits: 36193 used, 63807.0 remaining
    ✅ Success (655/702 games collected)
    💰 Est. credits used: 19,650/40,000

  Step 2: Fetching odds for game 9/16
    Houston Rockets @ Minnesota Timberwolves
    Event ID: 312350cf1c97873d6cb81224bac3873e
    Commence: 2024-11-27T01:00:00Z
  Credits: 36193 used, 63807.0 remaining
    ✅ Success (656/702 games collected)
    💰 Est. credits used: 19,680/40,000

  Step 2: Fetching odds for game 10/16
    San Antonio Spurs @ Utah Jazz
    Event ID: 0a3002d2aaa7b94c5c9c4d3bf792ac7d
    Commence: 2024-11-27T02:00:00Z
  Credits: 36193 used, 63807.0 remaining
    ✅ Success (657/702 games collected)
    💰 Est. credits used: 19,710/40,000

  Step 2: Fetching odds for game 11/16
    Los Angeles Lakers @ Phoenix Suns
    Event ID: 0ae85f4502bca2d13e62d2e35c94744c
    Commence: 2024-11-27T03:00:00Z
  Credits: 36193 used, 63807.0 remaining
    ✅ Success (658/702 games collected)
    💰 Est. credits used: 19,740/40,000

  Step 2: Fetching odds for game 12/16
    San Antonio Spurs @ New York Knicks
    Event ID: 973a6ea86af7d9e2bf4c52509822f5bf
    Commence: 2024-12-25T17:00:00Z
  Credits: 36193 used, 63807.0 remaining
    ✅ Success (659/702 games collected)
    💰 Est. credits used: 19,770/40,000

  Step 2: Fetching odds for game 13/16
    Minnesota Timberwolves @ Dallas Mavericks
    Event ID: 07a07eaa8f786d68cb371107f36f5b33
    Commence: 2024-12-25T19:30:00Z
  Credits: 36193 used, 63807.0 remaining
    ✅ Success (660/702 games collected)
    💰 Est. credits used: 19,800/40,000

  Step 2: Fetching odds for game 14/16
    Philadelphia 76ers @ Boston Celtics
    Event ID: 6f66bc2154fb45b2047e1c1c5afcdc38
    Commence: 2024-12-25T22:00:00Z
  Credits: 36193 used, 63807.0 remaining
    ✅ Success (661/702 games collected)
    💰 Est. credits used: 19,830/40,000

  Step 2: Fetching odds for game 15/16
    Los Angeles Lakers @ Golden State Warriors
    Event ID: bc6f994bad539db5054c8b750c437fb8
    Commence: 2024-12-26T01:00:00Z
  Credits: 36193 used, 63807.0 remaining
    ✅ Success (662/702 games collected)
    💰 Est. credits used: 19,860/40,000

  Step 2: Fetching odds for game 16/16
    Denver Nuggets @ Phoenix Suns
    Event ID: 22a9b650e64ca15cb0c83dc0148a571e
    Commence: 2024-12-26T03:30:00Z
  Credits: 36193 used, 63807.0 remaining
    ✅ Success (663/702 games collected)
    💰 Est. credits used: 19,890/40,000

[35/174] Processing 2024-11-25...
  Step 1: Fetching event IDs...
  Credits: 36194 used, 63806.0 remaining
  Found 19 game(s)

  Step 2: Fetching odds for game 1/19
    Orlando Magic @ Charlotte Hornets
    Event ID: 4a4a2472a449232216e801c0081d6aeb
    Commence: 2024-11-26T00:00:00Z
  Credits: 36224 used, 63776.0 remaining
    ✅ Success (664/721 games collected)
    💰 Est. credits used: 19,920/40,000

  Step 2: Fetching odds for game 2/19
    Toronto Raptors @ Detroit Pistons
    Event ID: 7756376eb4f2e1e0038fbe527931285f
    Commence: 2024-11-26T00:00:00Z
  Credits: 36254 used, 63746.0 remaining
    ✅ Success (665/721 games collected)
    💰 Est. credits used: 19,950/40,000

  Step 2: Fetching odds for game 3/19
    New Orleans Pelicans @ Indiana Pacers
    Event ID: db6b727fdd113e43ea377b627aa6b9a5
    Commence: 2024-11-26T00:00:00Z
  Credits: 36284 used, 63716.0 remaining
    ✅ Success (666/721 games collected)
    💰 Est. credits used: 19,980/40,000

  Step 2: Fetching odds for game 4/19
    Dallas Mavericks @ Atlanta Hawks
    Event ID: 0563c24a2934af84c792fb58df7fe593
    Commence: 2024-11-26T00:30:00Z
  Credits: 36314 used, 63686.0 remaining
    ✅ Success (667/721 games collected)
    💰 Est. credits used: 20,010/40,000

  Step 2: Fetching odds for game 5/19
    Los Angeles Clippers @ Boston Celtics
    Event ID: 640b97f9acd0a423b80942157388230e
    Commence: 2024-11-26T00:30:00Z
  Credits: 36344 used, 63656.0 remaining
    ✅ Success (668/721 games collected)
    💰 Est. credits used: 20,040/40,000

  Step 2: Fetching odds for game 6/19
    Portland Trail Blazers @ Memphis Grizzlies
    Event ID: 6962b115d0e0a3d42ab6d7edf72a820f
    Commence: 2024-11-26T01:00:00Z
  Credits: 36374 used, 63626.0 remaining
    ✅ Success (669/721 games collected)
    💰 Est. credits used: 20,070/40,000

  Step 2: Fetching odds for game 7/19
    New York Knicks @ Denver Nuggets
    Event ID: 4548309c59e38d9bb091bde61ea421dc
    Commence: 2024-11-26T02:00:00Z
  Credits: 36404 used, 63596.0 remaining
    ✅ Success (670/721 games collected)
    💰 Est. credits used: 20,100/40,000

  Step 2: Fetching odds for game 8/19
    Brooklyn Nets @ Golden State Warriors
    Event ID: 787144f993e9c92a0ee844b8f204f702
    Commence: 2024-11-26T03:00:00Z
  Credits: 36434 used, 63566.0 remaining
    ✅ Success (671/721 games collected)
    💰 Est. credits used: 20,130/40,000

  Step 2: Fetching odds for game 9/19
    Oklahoma City Thunder @ Sacramento Kings
    Event ID: a5a334c286280111c77ec6ea1d8fc8b9
    Commence: 2024-11-26T03:00:00Z
  Credits: 36464 used, 63536.0 remaining
    ✅ Success (672/721 games collected)
    💰 Est. credits used: 20,160/40,000

  Step 2: Fetching odds for game 10/19
    Chicago Bulls @ Washington Wizards
    Event ID: 8371571bb6059f03debc55b594422565
    Commence: 2024-11-27T00:00:00Z
  Credits: 36464 used, 63536.0 remaining
    ✅ Success (673/721 games collected)
    💰 Est. credits used: 20,190/40,000

  Step 2: Fetching odds for game 11/19
    Milwaukee Bucks @ Miami Heat
    Event ID: 979282582fedc5d942f4f0f2f22763ee
    Commence: 2024-11-27T00:30:00Z
  Credits: 36464 used, 63536.0 remaining
    ✅ Success (674/721 games collected)
    💰 Est. credits used: 20,220/40,000

  Step 2: Fetching odds for game 12/19
    Houston Rockets @ Minnesota Timberwolves
    Event ID: 312350cf1c97873d6cb81224bac3873e
    Commence: 2024-11-27T01:00:00Z
  Credits: 36464 used, 63536.0 remaining
    ✅ Success (675/721 games collected)
    💰 Est. credits used: 20,250/40,000

  Step 2: Fetching odds for game 13/19
    San Antonio Spurs @ Utah Jazz
    Event ID: 0a3002d2aaa7b94c5c9c4d3bf792ac7d
    Commence: 2024-11-27T02:00:00Z
  Credits: 36464 used, 63536.0 remaining
    ✅ Success (676/721 games collected)
    💰 Est. credits used: 20,280/40,000

  Step 2: Fetching odds for game 14/19
    Los Angeles Lakers @ Phoenix Suns
    Event ID: 0ae85f4502bca2d13e62d2e35c94744c
    Commence: 2024-11-27T03:00:00Z
  Credits: 36464 used, 63536.0 remaining
    ✅ Success (677/721 games collected)
    💰 Est. credits used: 20,310/40,000

  Step 2: Fetching odds for game 15/19
    San Antonio Spurs @ New York Knicks
    Event ID: 973a6ea86af7d9e2bf4c52509822f5bf
    Commence: 2024-12-25T17:00:00Z
  Credits: 36464 used, 63536.0 remaining
    ✅ Success (678/721 games collected)
    💰 Est. credits used: 20,340/40,000

  Step 2: Fetching odds for game 16/19
    Minnesota Timberwolves @ Dallas Mavericks
    Event ID: 07a07eaa8f786d68cb371107f36f5b33
    Commence: 2024-12-25T19:30:00Z
  Credits: 36464 used, 63536.0 remaining
    ✅ Success (679/721 games collected)
    💰 Est. credits used: 20,370/40,000

  Step 2: Fetching odds for game 17/19
    Philadelphia 76ers @ Boston Celtics
    Event ID: 6f66bc2154fb45b2047e1c1c5afcdc38
    Commence: 2024-12-25T22:00:00Z
  Credits: 36464 used, 63536.0 remaining
    ✅ Success (680/721 games collected)
    💰 Est. credits used: 20,400/40,000

  Step 2: Fetching odds for game 18/19
    Los Angeles Lakers @ Golden State Warriors
    Event ID: bc6f994bad539db5054c8b750c437fb8
    Commence: 2024-12-26T01:00:00Z
  Credits: 36464 used, 63536.0 remaining
    ✅ Success (681/721 games collected)
    💰 Est. credits used: 20,430/40,000

  Step 2: Fetching odds for game 19/19
    Denver Nuggets @ Phoenix Suns
    Event ID: 22a9b650e64ca15cb0c83dc0148a571e
    Commence: 2024-12-26T03:30:00Z
  Credits: 36464 used, 63536.0 remaining
    ✅ Success (682/721 games collected)
    💰 Est. credits used: 20,460/40,000

[36/174] Processing 2024-11-26...
  Step 1: Fetching event IDs...
  Credits: 36465 used, 63535.0 remaining
  Found 10 game(s)

  Step 2: Fetching odds for game 1/10
    Chicago Bulls @ Washington Wizards
    Event ID: 8371571bb6059f03debc55b594422565
    Commence: 2024-11-27T00:00:00Z
  Credits: 36495 used, 63505.0 remaining
    ✅ Success (683/731 games collected)
    💰 Est. credits used: 20,490/40,000

  Step 2: Fetching odds for game 2/10
    Milwaukee Bucks @ Miami Heat
    Event ID: 979282582fedc5d942f4f0f2f22763ee
    Commence: 2024-11-27T00:30:00Z
  Credits: 36525 used, 63475.0 remaining
    ✅ Success (684/731 games collected)
    💰 Est. credits used: 20,520/40,000

  Step 2: Fetching odds for game 3/10
    Houston Rockets @ Minnesota Timberwolves
    Event ID: 312350cf1c97873d6cb81224bac3873e
    Commence: 2024-11-27T01:00:00Z
  Credits: 36555 used, 63445.0 remaining
    ✅ Success (685/731 games collected)
    💰 Est. credits used: 20,550/40,000

  Step 2: Fetching odds for game 4/10
    San Antonio Spurs @ Utah Jazz
    Event ID: 0a3002d2aaa7b94c5c9c4d3bf792ac7d
    Commence: 2024-11-27T02:00:00Z
  Credits: 36585 used, 63415.0 remaining
    ✅ Success (686/731 games collected)
    💰 Est. credits used: 20,580/40,000

  Step 2: Fetching odds for game 5/10
    Los Angeles Lakers @ Phoenix Suns
    Event ID: 0ae85f4502bca2d13e62d2e35c94744c
    Commence: 2024-11-27T03:00:00Z
  Credits: 36615 used, 63385.0 remaining
    ✅ Success (687/731 games collected)
    💰 Est. credits used: 20,610/40,000

  Step 2: Fetching odds for game 6/10
    San Antonio Spurs @ New York Knicks
    Event ID: 973a6ea86af7d9e2bf4c52509822f5bf
    Commence: 2024-12-25T17:00:00Z
  Credits: 36615 used, 63385.0 remaining
    ✅ Success (688/731 games collected)
    💰 Est. credits used: 20,640/40,000

  Step 2: Fetching odds for game 7/10
    Minnesota Timberwolves @ Dallas Mavericks
    Event ID: 07a07eaa8f786d68cb371107f36f5b33
    Commence: 2024-12-25T19:30:00Z
  Credits: 36615 used, 63385.0 remaining
    ✅ Success (689/731 games collected)
    💰 Est. credits used: 20,670/40,000

  Step 2: Fetching odds for game 8/10
    Philadelphia 76ers @ Boston Celtics
    Event ID: 6f66bc2154fb45b2047e1c1c5afcdc38
    Commence: 2024-12-25T22:00:00Z
  Credits: 36615 used, 63385.0 remaining
    ✅ Success (690/731 games collected)
    💰 Est. credits used: 20,700/40,000

  Step 2: Fetching odds for game 9/10
    Los Angeles Lakers @ Golden State Warriors
    Event ID: bc6f994bad539db5054c8b750c437fb8
    Commence: 2024-12-26T01:00:00Z
  Credits: 36615 used, 63385.0 remaining
    ✅ Success (691/731 games collected)
    💰 Est. credits used: 20,730/40,000

  Step 2: Fetching odds for game 10/10
    Denver Nuggets @ Phoenix Suns
    Event ID: 22a9b650e64ca15cb0c83dc0148a571e
    Commence: 2024-12-26T03:30:00Z
  Credits: 36615 used, 63385.0 remaining
    ✅ Success (692/731 games collected)
    💰 Est. credits used: 20,760/40,000

[37/174] Processing 2024-11-27...
  Step 1: Fetching event IDs...
  Credits: 36616 used, 63384.0 remaining
  Found 19 game(s)

  Step 2: Fetching odds for game 1/19
    Atlanta Hawks @ Cleveland Cavaliers
    Event ID: ec08adb1c3a277a93dc0dbfd05eee50d
    Commence: 2024-11-28T00:10:00Z
  Credits: 36646 used, 63354.0 remaining
    ✅ Success (693/750 games collected)
    💰 Est. credits used: 20,790/40,000

  Step 2: Fetching odds for game 2/19
    Miami Heat @ Charlotte Hornets
    Event ID: dadbec70e3f8e655af81b4354da4a733
    Commence: 2024-11-28T00:10:00Z
  Credits: 36676 used, 63324.0 remaining
    ✅ Success (694/750 games collected)
    💰 Est. credits used: 20,820/40,000

  Step 2: Fetching odds for game 3/19
    Chicago Bulls @ Orlando Magic
    Event ID: 500f21047b7113b0f265a4eb8070edfe
    Commence: 2024-11-28T00:10:00Z
  Credits: 36706 used, 63294.0 remaining
    ✅ Success (695/750 games collected)
    💰 Est. credits used: 20,850/40,000

  Step 2: Fetching odds for game 4/19
    Houston Rockets @ Philadelphia 76ers
    Event ID: c735cde8bd598324a51bb899324a5a49
    Commence: 2024-11-28T00:10:00Z
  Credits: 36736 used, 63264.0 remaining
    ✅ Success (696/750 games collected)
    💰 Est. credits used: 20,880/40,000

  Step 2: Fetching odds for game 5/19
    Portland Trail Blazers @ Indiana Pacers
    Event ID: 4d67f8c5b511dff44092940fc914a470
    Commence: 2024-11-28T00:10:00Z
  Credits: 36766 used, 63234.0 remaining
    ✅ Success (697/750 games collected)
    💰 Est. credits used: 20,910/40,000

  Step 2: Fetching odds for game 6/19
    Los Angeles Clippers @ Washington Wizards
    Event ID: 19a2df14f1abd46ae75a31f621fdc0e7
    Commence: 2024-11-28T00:10:00Z
  Credits: 36796 used, 63204.0 remaining
    ✅ Success (698/750 games collected)
    💰 Est. credits used: 20,940/40,000

  Step 2: Fetching odds for game 7/19
    New York Knicks @ Dallas Mavericks
    Event ID: edcdf25d5f5f290610ded28cae0ffb07
    Commence: 2024-11-28T00:40:00Z
  Credits: 36826 used, 63174.0 remaining
    ✅ Success (699/750 games collected)
    💰 Est. credits used: 20,970/40,000

  Step 2: Fetching odds for game 8/19
    Detroit Pistons @ Memphis Grizzlies
    Event ID: 0f1f50c453002029b144358dbd2d7c5b
    Commence: 2024-11-28T01:10:00Z
  Credits: 36856 used, 63144.0 remaining
    ✅ Success (700/750 games collected)
    💰 Est. credits used: 21,000/40,000

  Step 2: Fetching odds for game 9/19
    Sacramento Kings @ Minnesota Timberwolves
    Event ID: b964c7d3a8467679ae7b966aaccf2e75
    Commence: 2024-11-28T01:10:00Z
  Credits: 36886 used, 63114.0 remaining
    ✅ Success (701/750 games collected)
    💰 Est. credits used: 21,030/40,000

  Step 2: Fetching odds for game 10/19
    Toronto Raptors @ New Orleans Pelicans
    Event ID: 19f5a8e6df36d2dcd01e39bdc4f4ed1e
    Commence: 2024-11-28T01:10:00Z
  Credits: 36916 used, 63084.0 remaining
    ✅ Success (702/750 games collected)
    💰 Est. credits used: 21,060/40,000

  Step 2: Fetching odds for game 11/19
    Los Angeles Lakers @ San Antonio Spurs
    Event ID: 7c21f0f776e1c48708c5efbd73c9bce1
    Commence: 2024-11-28T01:40:00Z
  Credits: 36946 used, 63054.0 remaining
    ✅ Success (703/750 games collected)
    💰 Est. credits used: 21,090/40,000

  Step 2: Fetching odds for game 12/19
    Brooklyn Nets @ Phoenix Suns
    Event ID: 693801537443a99cda79a98e7f9a1697
    Commence: 2024-11-28T02:10:00Z
  Credits: 36976 used, 63024.0 remaining
    ✅ Success (704/750 games collected)
    💰 Est. credits used: 21,120/40,000

  Step 2: Fetching odds for game 13/19
    Denver Nuggets @ Utah Jazz
    Event ID: 4051baa4fc86ea2edd7c499e16dd0f30
    Commence: 2024-11-28T02:10:00Z
  Credits: 37006 used, 62994.0 remaining
    ✅ Success (705/750 games collected)
    💰 Est. credits used: 21,150/40,000

  Step 2: Fetching odds for game 14/19
    Oklahoma City Thunder @ Golden State Warriors
    Event ID: 6719711e94412208c9fd5fa2da3d6835
    Commence: 2024-11-28T03:10:00Z
  Credits: 37036 used, 62964.0 remaining
    ✅ Success (706/750 games collected)
    💰 Est. credits used: 21,180/40,000

  Step 2: Fetching odds for game 15/19
    San Antonio Spurs @ New York Knicks
    Event ID: 973a6ea86af7d9e2bf4c52509822f5bf
    Commence: 2024-12-25T17:00:00Z
  Credits: 37036 used, 62964.0 remaining
    ✅ Success (707/750 games collected)
    💰 Est. credits used: 21,210/40,000

  Step 2: Fetching odds for game 16/19
    Minnesota Timberwolves @ Dallas Mavericks
    Event ID: 07a07eaa8f786d68cb371107f36f5b33
    Commence: 2024-12-25T19:30:00Z
  Credits: 37036 used, 62964.0 remaining
    ✅ Success (708/750 games collected)
    💰 Est. credits used: 21,240/40,000

  Step 2: Fetching odds for game 17/19
    Philadelphia 76ers @ Boston Celtics
    Event ID: 6f66bc2154fb45b2047e1c1c5afcdc38
    Commence: 2024-12-25T22:00:00Z
  Credits: 37037 used, 62963.0 remaining
    ✅ Success (709/750 games collected)
    💰 Est. credits used: 21,270/40,000

  Step 2: Fetching odds for game 18/19
    Los Angeles Lakers @ Golden State Warriors
    Event ID: bc6f994bad539db5054c8b750c437fb8
    Commence: 2024-12-26T01:00:00Z
  Credits: 37037 used, 62963.0 remaining
    ✅ Success (710/750 games collected)
    💰 Est. credits used: 21,300/40,000

  Step 2: Fetching odds for game 19/19
    Denver Nuggets @ Phoenix Suns
    Event ID: 22a9b650e64ca15cb0c83dc0148a571e
    Commence: 2024-12-26T03:30:00Z
  Credits: 37037 used, 62963.0 remaining
    ✅ Success (711/750 games collected)
    💰 Est. credits used: 21,330/40,000

[38/174] Processing 2024-11-28...
  Step 1: Fetching event IDs...
  Credits: 37038 used, 62962.0 remaining
  Found 15 game(s)

  Step 2: Fetching odds for game 1/15
    New York Knicks @ Charlotte Hornets
    Event ID: 75b64ab4b7b899475e75f3c3fed6e6d6
    Commence: 2024-11-29T17:10:00Z
  Credits: 37068 used, 62932.0 remaining
    ✅ Success (712/765 games collected)
    💰 Est. credits used: 21,360/40,000

  Step 2: Fetching odds for game 2/15
    Cleveland Cavaliers @ Atlanta Hawks
    Event ID: fea39cdef1993115642387a9d17d3aa8
    Commence: 2024-11-29T19:40:00Z
  Credits: 37098 used, 62902.0 remaining
    ✅ Success (713/765 games collected)
    💰 Est. credits used: 21,390/40,000

  Step 2: Fetching odds for game 3/15
    New Orleans Pelicans @ Memphis Grizzlies
    Event ID: 057e5aae2a26f423eaf44d3e6bcab7eb
    Commence: 2024-11-29T22:10:00Z
  Credits: 37098 used, 62902.0 remaining
    ✅ Success (714/765 games collected)
    💰 Est. credits used: 21,420/40,000

  Step 2: Fetching odds for game 4/15
    Orlando Magic @ Brooklyn Nets
    Event ID: 9d0591b5528cb94518423d0b98163127
    Commence: 2024-11-30T00:40:00Z
  Credits: 37128 used, 62872.0 remaining
    ✅ Success (715/765 games collected)
    💰 Est. credits used: 21,450/40,000

  Step 2: Fetching odds for game 5/15
    Los Angeles Clippers @ Minnesota Timberwolves
    Event ID: 505781b2259d8ce45cba4e34aecf5d26
    Commence: 2024-11-30T00:40:00Z
  Credits: 37158 used, 62842.0 remaining
    ✅ Success (716/765 games collected)
    💰 Est. credits used: 21,480/40,000

  Step 2: Fetching odds for game 6/15
    Boston Celtics @ Chicago Bulls
    Event ID: 97daad0d675ac67ead333551dac221e7
    Commence: 2024-11-30T01:10:00Z
  Credits: 37188 used, 62812.0 remaining
    ✅ Success (717/765 games collected)
    💰 Est. credits used: 21,510/40,000

  Step 2: Fetching odds for game 7/15
    Detroit Pistons @ Indiana Pacers
    Event ID: 962ea9850dad2028b34dc93947a626a7
    Commence: 2024-11-30T01:10:00Z
  Credits: 37218 used, 62782.0 remaining
    ✅ Success (718/765 games collected)
    💰 Est. credits used: 21,540/40,000

  Step 2: Fetching odds for game 8/15
    Toronto Raptors @ Miami Heat
    Event ID: f3facf03d0bcded5d8f4c868ad2cae58
    Commence: 2024-11-30T01:10:00Z
  Credits: 37248 used, 62752.0 remaining
    ✅ Success (719/765 games collected)
    💰 Est. credits used: 21,570/40,000

  Step 2: Fetching odds for game 9/15
    Oklahoma City Thunder @ Los Angeles Lakers
    Event ID: 363cc300fd430fdf4510ff652bc54ef7
    Commence: 2024-11-30T03:10:00Z
  Credits: 37278 used, 62722.0 remaining
    ✅ Success (720/765 games collected)
    💰 Est. credits used: 21,600/40,000

  Step 2: Fetching odds for game 10/15
    Sacramento Kings @ Portland Trail Blazers
    Event ID: ced44c7cacce1e7ddc97f529434326b6
    Commence: 2024-11-30T03:10:00Z
  Credits: 37308 used, 62692.0 remaining
    ✅ Success (721/765 games collected)
    💰 Est. credits used: 21,630/40,000

  Step 2: Fetching odds for game 11/15
    San Antonio Spurs @ New York Knicks
    Event ID: 973a6ea86af7d9e2bf4c52509822f5bf
    Commence: 2024-12-25T17:00:00Z
  Credits: 37308 used, 62692.0 remaining
    ✅ Success (722/765 games collected)
    💰 Est. credits used: 21,660/40,000

  Step 2: Fetching odds for game 12/15
    Minnesota Timberwolves @ Dallas Mavericks
    Event ID: 07a07eaa8f786d68cb371107f36f5b33
    Commence: 2024-12-25T19:30:00Z
  Credits: 37308 used, 62692.0 remaining
    ✅ Success (723/765 games collected)
    💰 Est. credits used: 21,690/40,000

  Step 2: Fetching odds for game 13/15
    Philadelphia 76ers @ Boston Celtics
    Event ID: 6f66bc2154fb45b2047e1c1c5afcdc38
    Commence: 2024-12-25T22:00:00Z
  Credits: 37308 used, 62692.0 remaining
    ✅ Success (724/765 games collected)
    💰 Est. credits used: 21,720/40,000

  Step 2: Fetching odds for game 14/15
    Los Angeles Lakers @ Golden State Warriors
    Event ID: bc6f994bad539db5054c8b750c437fb8
    Commence: 2024-12-26T01:00:00Z
  Credits: 37308 used, 62692.0 remaining
    ✅ Success (725/765 games collected)
    💰 Est. credits used: 21,750/40,000

  Step 2: Fetching odds for game 15/15
    Denver Nuggets @ Phoenix Suns
    Event ID: 22a9b650e64ca15cb0c83dc0148a571e
    Commence: 2024-12-26T03:30:00Z
  Credits: 37308 used, 62692.0 remaining
    ✅ Success (726/765 games collected)
    💰 Est. credits used: 21,780/40,000

[39/174] Processing 2024-11-29...
  Step 1: Fetching event IDs...
  Credits: 37309 used, 62691.0 remaining
  Found 15 game(s)

  Step 2: Fetching odds for game 1/15
    New York Knicks @ Charlotte Hornets
    Event ID: 75b64ab4b7b899475e75f3c3fed6e6d6
    Commence: 2024-11-29T17:10:00Z
  Credits: 37309 used, 62691.0 remaining
  Retry 1/3: HTTP 404: Not Found
  Credits: 37309 used, 62691.0 remaining
  Retry 2/3: HTTP 404: Not Found
  Credits: 37309 used, 62691.0 remaining
  Retry 3/3: HTTP 404: Not Found
  ❌ Failed to fetch odds for 75b64ab4b7b899475e75f3c3fed6e6d6: HTTP 404: Not Found
    ⚠️  No odds data available

  Step 2: Fetching odds for game 2/15
    Cleveland Cavaliers @ Atlanta Hawks
    Event ID: fea39cdef1993115642387a9d17d3aa8
    Commence: 2024-11-29T19:40:00Z
  Credits: 37309 used, 62691.0 remaining
  Retry 1/3: HTTP 404: Not Found
  Credits: 37309 used, 62691.0 remaining
  Retry 2/3: HTTP 404: Not Found
  Credits: 37309 used, 62691.0 remaining
  Retry 3/3: HTTP 404: Not Found
  ❌ Failed to fetch odds for fea39cdef1993115642387a9d17d3aa8: HTTP 404: Not Found
    ⚠️  No odds data available

  Step 2: Fetching odds for game 3/15
    New Orleans Pelicans @ Memphis Grizzlies
    Event ID: 057e5aae2a26f423eaf44d3e6bcab7eb
    Commence: 2024-11-29T22:10:00Z
  Credits: 37309 used, 62691.0 remaining
    ✅ Success (727/780 games collected)
    💰 Est. credits used: 21,810/40,000

  Step 2: Fetching odds for game 4/15
    Orlando Magic @ Brooklyn Nets
    Event ID: 9d0591b5528cb94518423d0b98163127
    Commence: 2024-11-30T00:40:00Z
  Credits: 37339 used, 62661.0 remaining
    ✅ Success (728/780 games collected)
    💰 Est. credits used: 21,840/40,000

  Step 2: Fetching odds for game 5/15
    Los Angeles Clippers @ Minnesota Timberwolves
    Event ID: 505781b2259d8ce45cba4e34aecf5d26
    Commence: 2024-11-30T00:40:00Z
  Credits: 37369 used, 62631.0 remaining
    ✅ Success (729/780 games collected)
    💰 Est. credits used: 21,870/40,000

  Step 2: Fetching odds for game 6/15
    Boston Celtics @ Chicago Bulls
    Event ID: 97daad0d675ac67ead333551dac221e7
    Commence: 2024-11-30T01:10:00Z
  Credits: 37399 used, 62601.0 remaining
    ✅ Success (730/780 games collected)
    💰 Est. credits used: 21,900/40,000

  Step 2: Fetching odds for game 7/15
    Detroit Pistons @ Indiana Pacers
    Event ID: 962ea9850dad2028b34dc93947a626a7
    Commence: 2024-11-30T01:10:00Z
  Credits: 37429 used, 62571.0 remaining
    ✅ Success (731/780 games collected)
    💰 Est. credits used: 21,930/40,000

  Step 2: Fetching odds for game 8/15
    Toronto Raptors @ Miami Heat
    Event ID: f3facf03d0bcded5d8f4c868ad2cae58
    Commence: 2024-11-30T01:10:00Z
  Credits: 37459 used, 62541.0 remaining
    ✅ Success (732/780 games collected)
    💰 Est. credits used: 21,960/40,000

  Step 2: Fetching odds for game 9/15
    Oklahoma City Thunder @ Los Angeles Lakers
    Event ID: 363cc300fd430fdf4510ff652bc54ef7
    Commence: 2024-11-30T03:10:00Z
  Credits: 37489 used, 62511.0 remaining
    ✅ Success (733/780 games collected)
    💰 Est. credits used: 21,990/40,000

  Step 2: Fetching odds for game 10/15
    Sacramento Kings @ Portland Trail Blazers
    Event ID: ced44c7cacce1e7ddc97f529434326b6
    Commence: 2024-11-30T03:10:00Z
  Credits: 37519 used, 62481.0 remaining
    ✅ Success (734/780 games collected)
    💰 Est. credits used: 22,020/40,000

  Step 2: Fetching odds for game 11/15
    San Antonio Spurs @ New York Knicks
    Event ID: 973a6ea86af7d9e2bf4c52509822f5bf
    Commence: 2024-12-25T17:00:00Z
  Credits: 37519 used, 62481.0 remaining
    ✅ Success (735/780 games collected)
    💰 Est. credits used: 22,050/40,000

  Step 2: Fetching odds for game 12/15
    Minnesota Timberwolves @ Dallas Mavericks
    Event ID: 07a07eaa8f786d68cb371107f36f5b33
    Commence: 2024-12-25T19:30:00Z
  Credits: 37519 used, 62481.0 remaining
    ✅ Success (736/780 games collected)
    💰 Est. credits used: 22,080/40,000

  Step 2: Fetching odds for game 13/15
    Philadelphia 76ers @ Boston Celtics
    Event ID: 6f66bc2154fb45b2047e1c1c5afcdc38
    Commence: 2024-12-25T22:00:00Z
  Credits: 37519 used, 62481.0 remaining
    ✅ Success (737/780 games collected)
    💰 Est. credits used: 22,110/40,000

  Step 2: Fetching odds for game 14/15
    Los Angeles Lakers @ Golden State Warriors
    Event ID: bc6f994bad539db5054c8b750c437fb8
    Commence: 2024-12-26T01:00:00Z
  Credits: 37519 used, 62481.0 remaining
    ✅ Success (738/780 games collected)
    💰 Est. credits used: 22,140/40,000

  Step 2: Fetching odds for game 15/15
    Denver Nuggets @ Phoenix Suns
    Event ID: 22a9b650e64ca15cb0c83dc0148a571e
    Commence: 2024-12-26T03:30:00Z
  Credits: 37519 used, 62481.0 remaining
    ✅ Success (739/780 games collected)
    💰 Est. credits used: 22,170/40,000

[40/174] Processing 2024-11-30...
  Step 1: Fetching event IDs...
  Credits: 37520 used, 62480.0 remaining
  Found 10 game(s)

  Step 2: Fetching odds for game 1/10
    Atlanta Hawks @ Charlotte Hornets
    Event ID: 618d92be3ea6080d179e501aebc7f971
    Commence: 2024-11-30T23:10:00Z
  Credits: 37550 used, 62450.0 remaining
    ✅ Success (740/790 games collected)
    💰 Est. credits used: 22,200/40,000

  Step 2: Fetching odds for game 2/10
    Philadelphia 76ers @ Detroit Pistons
    Event ID: b34338e9f9ac81db22c012514c338784
    Commence: 2024-12-01T00:10:00Z
  Credits: 37580 used, 62420.0 remaining
    ✅ Success (741/790 games collected)
    💰 Est. credits used: 22,230/40,000

  Step 2: Fetching odds for game 3/10
    Washington Wizards @ Milwaukee Bucks
    Event ID: e34e658b91c8b7cec8596408592450bb
    Commence: 2024-12-01T01:10:00Z
  Credits: 37610 used, 62390.0 remaining
    ✅ Success (742/790 games collected)
    💰 Est. credits used: 22,260/40,000

  Step 2: Fetching odds for game 4/10
    Golden State Warriors @ Phoenix Suns
    Event ID: 24c5878202cb5d7e806d17ae27a1d17e
    Commence: 2024-12-01T02:10:00Z
  Credits: 37640 used, 62360.0 remaining
    ✅ Success (743/790 games collected)
    💰 Est. credits used: 22,290/40,000

  Step 2: Fetching odds for game 5/10
    Dallas Mavericks @ Utah Jazz
    Event ID: 94e37c8227c1196969b7702bea4ea97f
    Commence: 2024-12-01T02:40:00Z
  Credits: 37670 used, 62330.0 remaining
    ✅ Success (744/790 games collected)
    💰 Est. credits used: 22,320/40,000

  Step 2: Fetching odds for game 6/10
    San Antonio Spurs @ New York Knicks
    Event ID: 973a6ea86af7d9e2bf4c52509822f5bf
    Commence: 2024-12-25T17:00:00Z
  Credits: 37670 used, 62330.0 remaining
    ✅ Success (745/790 games collected)
    💰 Est. credits used: 22,350/40,000

  Step 2: Fetching odds for game 7/10
    Minnesota Timberwolves @ Dallas Mavericks
    Event ID: 07a07eaa8f786d68cb371107f36f5b33
    Commence: 2024-12-25T19:30:00Z
  Credits: 37670 used, 62330.0 remaining
    ✅ Success (746/790 games collected)
    💰 Est. credits used: 22,380/40,000

  Step 2: Fetching odds for game 8/10
    Philadelphia 76ers @ Boston Celtics
    Event ID: 6f66bc2154fb45b2047e1c1c5afcdc38
    Commence: 2024-12-25T22:00:00Z
  Credits: 37670 used, 62330.0 remaining
    ✅ Success (747/790 games collected)
    💰 Est. credits used: 22,410/40,000

  Step 2: Fetching odds for game 9/10
    Los Angeles Lakers @ Golden State Warriors
    Event ID: bc6f994bad539db5054c8b750c437fb8
    Commence: 2024-12-26T01:00:00Z
  Credits: 37670 used, 62330.0 remaining
    ✅ Success (748/790 games collected)
    💰 Est. credits used: 22,440/40,000

  Step 2: Fetching odds for game 10/10
    Denver Nuggets @ Phoenix Suns
    Event ID: 22a9b650e64ca15cb0c83dc0148a571e
    Commence: 2024-12-26T03:30:00Z
  Credits: 37670 used, 62330.0 remaining
    ✅ Success (749/790 games collected)
    💰 Est. credits used: 22,470/40,000

💾 Checkpoint saved: data/nba/checkpoints/checkpoint-2024-11-30.json

[41/174] Processing 2024-12-01...
  Step 1: Fetching event IDs...
  Credits: 37671 used, 62329.0 remaining
  Found 26 game(s)

  Step 2: Fetching odds for game 1/26
    Orlando Magic @ Brooklyn Nets
    Event ID: 63d09cdb1e59c1435acde1892c74c9d0
    Commence: 2024-12-01T20:40:00Z
  Credits: 37671 used, 62329.0 remaining
  Retry 1/3: HTTP 404: Not Found
  Credits: 37671 used, 62329.0 remaining
  Retry 2/3: HTTP 404: Not Found
  Credits: 37671 used, 62329.0 remaining
  Retry 3/3: HTTP 404: Not Found
  ❌ Failed to fetch odds for 63d09cdb1e59c1435acde1892c74c9d0: HTTP 404: Not Found
    ⚠️  No odds data available

  Step 2: Fetching odds for game 2/26
    Indiana Pacers @ Memphis Grizzlies
    Event ID: 3b444a47972a5c9e2df655aaf00e2421
    Commence: 2024-12-01T20:40:00Z
  Credits: 37671 used, 62329.0 remaining
  Retry 1/3: HTTP 404: Not Found
  Credits: 37671 used, 62329.0 remaining
  Retry 2/3: HTTP 404: Not Found
  Credits: 37671 used, 62329.0 remaining
  Retry 3/3: HTTP 404: Not Found
  ❌ Failed to fetch odds for 3b444a47972a5c9e2df655aaf00e2421: HTTP 404: Not Found
    ⚠️  No odds data available

  Step 2: Fetching odds for game 3/26
    Boston Celtics @ Cleveland Cavaliers
    Event ID: 93dc92cd7fc9ce1ac4da3b06e2158788
    Commence: 2024-12-01T23:10:00Z
  Credits: 37701 used, 62299.0 remaining
    ✅ Success (750/816 games collected)
    💰 Est. credits used: 22,500/40,000

  Step 2: Fetching odds for game 4/26
    Miami Heat @ Toronto Raptors
    Event ID: 9d8521a8ab02c5c86f8bec7d1af0ebe4
    Commence: 2024-12-01T23:10:00Z
  Credits: 37731 used, 62269.0 remaining
    ✅ Success (751/816 games collected)
    💰 Est. credits used: 22,530/40,000

  Step 2: Fetching odds for game 5/26
    New Orleans Pelicans @ New York Knicks
    Event ID: 3ef2b1162b9c3d3a66e556b9db6f2725
    Commence: 2024-12-01T23:10:00Z
  Credits: 37761 used, 62239.0 remaining
    ✅ Success (752/816 games collected)
    💰 Est. credits used: 22,560/40,000

  Step 2: Fetching odds for game 6/26
    Oklahoma City Thunder @ Houston Rockets
    Event ID: bf975b14263b2d381ec75836a25c3cef
    Commence: 2024-12-02T00:10:00Z
  Credits: 37791 used, 62209.0 remaining
    ✅ Success (753/816 games collected)
    💰 Est. credits used: 22,590/40,000

  Step 2: Fetching odds for game 7/26
    Los Angeles Lakers @ Utah Jazz
    Event ID: 0d3378401caed94fcf1f210413477cb8
    Commence: 2024-12-02T01:10:00Z
  Credits: 37821 used, 62179.0 remaining
    ✅ Success (754/816 games collected)
    💰 Est. credits used: 22,620/40,000

  Step 2: Fetching odds for game 8/26
    Dallas Mavericks @ Portland Trail Blazers
    Event ID: 543fb709d4b6baf6793f197a3e1d81eb
    Commence: 2024-12-02T02:10:00Z
  Credits: 37851 used, 62149.0 remaining
    ✅ Success (755/816 games collected)
    💰 Est. credits used: 22,650/40,000

  Step 2: Fetching odds for game 9/26
    San Antonio Spurs @ Sacramento Kings
    Event ID: dc8372c0dddd11fb24716db6a27bc19f
    Commence: 2024-12-02T02:10:00Z
  Credits: 37881 used, 62119.0 remaining
    ✅ Success (756/816 games collected)
    💰 Est. credits used: 22,680/40,000

  Step 2: Fetching odds for game 10/26
    Denver Nuggets @ Los Angeles Clippers
    Event ID: ccad2ed3b522ebd6d8de25f4e2a43cb9
    Commence: 2024-12-02T03:10:00Z
  Credits: 37911 used, 62089.0 remaining
    ✅ Success (757/816 games collected)
    💰 Est. credits used: 22,710/40,000

  Step 2: Fetching odds for game 11/26
    Philadelphia 76ers @ Charlotte Hornets
    Event ID: a529d206e3ed0dfda3123b17eab6a162
    Commence: 2024-12-04T00:10:00Z
  Credits: 37911 used, 62089.0 remaining
    ✅ Success (758/816 games collected)
    💰 Est. credits used: 22,740/40,000

  Step 2: Fetching odds for game 12/26
    Washington Wizards @ Cleveland Cavaliers
    Event ID: 476416aa38d1c8fb8a9bfc5ae8fe6251
    Commence: 2024-12-04T00:10:00Z
  Credits: 37911 used, 62089.0 remaining
    ✅ Success (759/816 games collected)
    💰 Est. credits used: 22,770/40,000

  Step 2: Fetching odds for game 13/26
    Milwaukee Bucks @ Detroit Pistons
    Event ID: 51b9bfc3b65785071f6baf407abb4cbd
    Commence: 2024-12-04T00:10:00Z
  Credits: 37911 used, 62089.0 remaining
    ✅ Success (760/816 games collected)
    💰 Est. credits used: 22,800/40,000

  Step 2: Fetching odds for game 14/26
    Orlando Magic @ New York Knicks
    Event ID: 823e03f1e150f589e94392112743e204
    Commence: 2024-12-04T00:30:00Z
  Credits: 37911 used, 62089.0 remaining
    ✅ Success (761/816 games collected)
    💰 Est. credits used: 22,830/40,000

  Step 2: Fetching odds for game 15/26
    Indiana Pacers @ Toronto Raptors
    Event ID: f53359e43a9975db8b93a561183faeb8
    Commence: 2024-12-04T00:40:00Z
  Credits: 37911 used, 62089.0 remaining
    ✅ Success (762/816 games collected)
    💰 Est. credits used: 22,860/40,000

  Step 2: Fetching odds for game 16/26
    Utah Jazz @ Oklahoma City Thunder
    Event ID: 09758dcdf7adb5fded5490f2191ba107
    Commence: 2024-12-04T01:10:00Z
  Credits: 37911 used, 62089.0 remaining
    ✅ Success (763/816 games collected)
    💰 Est. credits used: 22,890/40,000

  Step 2: Fetching odds for game 17/26
    Memphis Grizzlies @ Dallas Mavericks
    Event ID: 6060ee0918c66681cee75352d305f91c
    Commence: 2024-12-04T01:40:00Z
  Credits: 37911 used, 62089.0 remaining
    ✅ Success (764/816 games collected)
    💰 Est. credits used: 22,920/40,000

  Step 2: Fetching odds for game 18/26
    San Antonio Spurs @ Phoenix Suns
    Event ID: 413cdfb55ea70d2f55ddc47233d14b99
    Commence: 2024-12-04T02:10:00Z
  Credits: 37911 used, 62089.0 remaining
    ✅ Success (765/816 games collected)
    💰 Est. credits used: 22,950/40,000

  Step 2: Fetching odds for game 19/26
    Golden State Warriors @ Denver Nuggets
    Event ID: eaf04a3044de875dc6c83132d04ae9f6
    Commence: 2024-12-04T03:00:00Z
  Credits: 37911 used, 62089.0 remaining
    ✅ Success (766/816 games collected)
    💰 Est. credits used: 22,980/40,000

  Step 2: Fetching odds for game 20/26
    Houston Rockets @ Sacramento Kings
    Event ID: 30f75d85c74e0811f06c0fbe86044f54
    Commence: 2024-12-04T03:10:00Z
  Credits: 37911 used, 62089.0 remaining
    ✅ Success (767/816 games collected)
    💰 Est. credits used: 23,010/40,000

  Step 2: Fetching odds for game 21/26
    Portland Trail Blazers @ Los Angeles Clippers
    Event ID: e707fb0dc8825d51e20056a4bcaa4fa8
    Commence: 2024-12-04T03:40:00Z
  Credits: 37911 used, 62089.0 remaining
    ✅ Success (768/816 games collected)
    💰 Est. credits used: 23,040/40,000

  Step 2: Fetching odds for game 22/26
    San Antonio Spurs @ New York Knicks
    Event ID: 973a6ea86af7d9e2bf4c52509822f5bf
    Commence: 2024-12-25T17:00:00Z
  Credits: 37911 used, 62089.0 remaining
    ✅ Success (769/816 games collected)
    💰 Est. credits used: 23,070/40,000

  Step 2: Fetching odds for game 23/26
    Minnesota Timberwolves @ Dallas Mavericks
    Event ID: 07a07eaa8f786d68cb371107f36f5b33
    Commence: 2024-12-25T19:30:00Z
  Credits: 37911 used, 62089.0 remaining
    ✅ Success (770/816 games collected)
    💰 Est. credits used: 23,100/40,000

  Step 2: Fetching odds for game 24/26
    Philadelphia 76ers @ Boston Celtics
    Event ID: 6f66bc2154fb45b2047e1c1c5afcdc38
    Commence: 2024-12-25T22:00:00Z
  Credits: 37911 used, 62089.0 remaining
    ✅ Success (771/816 games collected)
    💰 Est. credits used: 23,130/40,000

  Step 2: Fetching odds for game 25/26
    Los Angeles Lakers @ Golden State Warriors
    Event ID: bc6f994bad539db5054c8b750c437fb8
    Commence: 2024-12-26T01:00:00Z
  Credits: 37911 used, 62089.0 remaining
    ✅ Success (772/816 games collected)
    💰 Est. credits used: 23,160/40,000

  Step 2: Fetching odds for game 26/26
    Denver Nuggets @ Phoenix Suns
    Event ID: 22a9b650e64ca15cb0c83dc0148a571e
    Commence: 2024-12-26T03:30:00Z
  Credits: 37911 used, 62089.0 remaining
    ✅ Success (773/816 games collected)
    💰 Est. credits used: 23,190/40,000

[42/174] Processing 2024-12-02...
  Step 1: Fetching event IDs...
  Credits: 37912 used, 62088.0 remaining
  Found 20 game(s)

  Step 2: Fetching odds for game 1/20
    New Orleans Pelicans @ Atlanta Hawks
    Event ID: f39bf2e3df253fc7f6af9c6cf532b6a9
    Commence: 2024-12-03T00:40:00Z
  Credits: 37942 used, 62058.0 remaining
    ✅ Success (774/836 games collected)
    💰 Est. credits used: 23,220/40,000

  Step 2: Fetching odds for game 2/20
    Miami Heat @ Boston Celtics
    Event ID: 3bc9be32097c263541ef9179500048c3
    Commence: 2024-12-03T00:40:00Z
  Credits: 37972 used, 62028.0 remaining
    ✅ Success (775/836 games collected)
    💰 Est. credits used: 23,250/40,000

  Step 2: Fetching odds for game 3/20
    Brooklyn Nets @ Chicago Bulls
    Event ID: 50bd2a1df8fb7f7af8d8cef115cfbfdd
    Commence: 2024-12-03T01:10:00Z
  Credits: 38002 used, 61998.0 remaining
    ✅ Success (776/836 games collected)
    💰 Est. credits used: 23,280/40,000

  Step 2: Fetching odds for game 4/20
    Los Angeles Lakers @ Minnesota Timberwolves
    Event ID: 01f6fb3f81f056771f34518ee02cbe20
    Commence: 2024-12-03T01:10:00Z
  Credits: 38032 used, 61968.0 remaining
    ✅ Success (777/836 games collected)
    💰 Est. credits used: 23,310/40,000

  Step 2: Fetching odds for game 5/20
    Philadelphia 76ers @ Charlotte Hornets
    Event ID: a529d206e3ed0dfda3123b17eab6a162
    Commence: 2024-12-04T00:10:00Z
  Credits: 38032 used, 61968.0 remaining
    ✅ Success (778/836 games collected)
    💰 Est. credits used: 23,340/40,000

  Step 2: Fetching odds for game 6/20
    Washington Wizards @ Cleveland Cavaliers
    Event ID: 476416aa38d1c8fb8a9bfc5ae8fe6251
    Commence: 2024-12-04T00:10:00Z
  Credits: 38032 used, 61968.0 remaining
    ✅ Success (779/836 games collected)
    💰 Est. credits used: 23,370/40,000

  Step 2: Fetching odds for game 7/20
    Milwaukee Bucks @ Detroit Pistons
    Event ID: 51b9bfc3b65785071f6baf407abb4cbd
    Commence: 2024-12-04T00:10:00Z
  Credits: 38032 used, 61968.0 remaining
    ✅ Success (780/836 games collected)
    💰 Est. credits used: 23,400/40,000

  Step 2: Fetching odds for game 8/20
    Orlando Magic @ New York Knicks
    Event ID: 823e03f1e150f589e94392112743e204
    Commence: 2024-12-04T00:30:00Z
  Credits: 38032 used, 61968.0 remaining
    ✅ Success (781/836 games collected)
    💰 Est. credits used: 23,430/40,000

  Step 2: Fetching odds for game 9/20
    Indiana Pacers @ Toronto Raptors
    Event ID: f53359e43a9975db8b93a561183faeb8
    Commence: 2024-12-04T00:40:00Z
  Credits: 38032 used, 61968.0 remaining
    ✅ Success (782/836 games collected)
    💰 Est. credits used: 23,460/40,000

  Step 2: Fetching odds for game 10/20
    Utah Jazz @ Oklahoma City Thunder
    Event ID: 09758dcdf7adb5fded5490f2191ba107
    Commence: 2024-12-04T01:10:00Z
  Credits: 38032 used, 61968.0 remaining
    ✅ Success (783/836 games collected)
    💰 Est. credits used: 23,490/40,000

  Step 2: Fetching odds for game 11/20
    Memphis Grizzlies @ Dallas Mavericks
    Event ID: 6060ee0918c66681cee75352d305f91c
    Commence: 2024-12-04T01:40:00Z
  Credits: 38032 used, 61968.0 remaining
    ✅ Success (784/836 games collected)
    💰 Est. credits used: 23,520/40,000

  Step 2: Fetching odds for game 12/20
    San Antonio Spurs @ Phoenix Suns
    Event ID: 413cdfb55ea70d2f55ddc47233d14b99
    Commence: 2024-12-04T02:10:00Z
  Credits: 38032 used, 61968.0 remaining
    ✅ Success (785/836 games collected)
    💰 Est. credits used: 23,550/40,000

  Step 2: Fetching odds for game 13/20
    Golden State Warriors @ Denver Nuggets
    Event ID: eaf04a3044de875dc6c83132d04ae9f6
    Commence: 2024-12-04T03:00:00Z
  Credits: 38032 used, 61968.0 remaining
    ✅ Success (786/836 games collected)
    💰 Est. credits used: 23,580/40,000

  Step 2: Fetching odds for game 14/20
    Houston Rockets @ Sacramento Kings
    Event ID: 30f75d85c74e0811f06c0fbe86044f54
    Commence: 2024-12-04T03:10:00Z
  Credits: 38032 used, 61968.0 remaining
    ✅ Success (787/836 games collected)
    💰 Est. credits used: 23,610/40,000

  Step 2: Fetching odds for game 15/20
    Portland Trail Blazers @ Los Angeles Clippers
    Event ID: e707fb0dc8825d51e20056a4bcaa4fa8
    Commence: 2024-12-04T03:40:00Z
  Credits: 38032 used, 61968.0 remaining
    ✅ Success (788/836 games collected)
    💰 Est. credits used: 23,640/40,000

  Step 2: Fetching odds for game 16/20
    San Antonio Spurs @ New York Knicks
    Event ID: 973a6ea86af7d9e2bf4c52509822f5bf
    Commence: 2024-12-25T17:00:00Z
  Credits: 38032 used, 61968.0 remaining
    ✅ Success (789/836 games collected)
    💰 Est. credits used: 23,670/40,000

  Step 2: Fetching odds for game 17/20
    Minnesota Timberwolves @ Dallas Mavericks
    Event ID: 07a07eaa8f786d68cb371107f36f5b33
    Commence: 2024-12-25T19:30:00Z
  Credits: 38032 used, 61968.0 remaining
    ✅ Success (790/836 games collected)
    💰 Est. credits used: 23,700/40,000

  Step 2: Fetching odds for game 18/20
    Philadelphia 76ers @ Boston Celtics
    Event ID: 6f66bc2154fb45b2047e1c1c5afcdc38
    Commence: 2024-12-25T22:00:00Z
  Credits: 38032 used, 61968.0 remaining
    ✅ Success (791/836 games collected)
    💰 Est. credits used: 23,730/40,000

  Step 2: Fetching odds for game 19/20
    Los Angeles Lakers @ Golden State Warriors
    Event ID: bc6f994bad539db5054c8b750c437fb8
    Commence: 2024-12-26T01:00:00Z
  Credits: 38032 used, 61968.0 remaining
    ✅ Success (792/836 games collected)
    💰 Est. credits used: 23,760/40,000

  Step 2: Fetching odds for game 20/20
    Denver Nuggets @ Phoenix Suns
    Event ID: 22a9b650e64ca15cb0c83dc0148a571e
    Commence: 2024-12-26T03:30:00Z
  Credits: 38032 used, 61968.0 remaining
    ✅ Success (793/836 games collected)
    💰 Est. credits used: 23,790/40,000

[43/174] Processing 2024-12-03...
  Step 1: Fetching event IDs...
  Credits: 38033 used, 61967.0 remaining
  Found 16 game(s)

  Step 2: Fetching odds for game 1/16
    Philadelphia 76ers @ Charlotte Hornets
    Event ID: a529d206e3ed0dfda3123b17eab6a162
    Commence: 2024-12-04T00:10:00Z
  Credits: 38063 used, 61937.0 remaining
    ✅ Success (794/852 games collected)
    💰 Est. credits used: 23,820/40,000

  Step 2: Fetching odds for game 2/16
    Washington Wizards @ Cleveland Cavaliers
    Event ID: 476416aa38d1c8fb8a9bfc5ae8fe6251
    Commence: 2024-12-04T00:10:00Z
  Credits: 38093 used, 61907.0 remaining
    ✅ Success (795/852 games collected)
    💰 Est. credits used: 23,850/40,000

  Step 2: Fetching odds for game 3/16
    Milwaukee Bucks @ Detroit Pistons
    Event ID: 51b9bfc3b65785071f6baf407abb4cbd
    Commence: 2024-12-04T00:10:00Z
  Credits: 38123 used, 61877.0 remaining
    ✅ Success (796/852 games collected)
    💰 Est. credits used: 23,880/40,000

  Step 2: Fetching odds for game 4/16
    Orlando Magic @ New York Knicks
    Event ID: 823e03f1e150f589e94392112743e204
    Commence: 2024-12-04T00:30:00Z
  Credits: 38153 used, 61847.0 remaining
    ✅ Success (797/852 games collected)
    💰 Est. credits used: 23,910/40,000

  Step 2: Fetching odds for game 5/16
    Indiana Pacers @ Toronto Raptors
    Event ID: f53359e43a9975db8b93a561183faeb8
    Commence: 2024-12-04T00:40:00Z
  Credits: 38183 used, 61817.0 remaining
    ✅ Success (798/852 games collected)
    💰 Est. credits used: 23,940/40,000

  Step 2: Fetching odds for game 6/16
    Utah Jazz @ Oklahoma City Thunder
    Event ID: 09758dcdf7adb5fded5490f2191ba107
    Commence: 2024-12-04T01:10:00Z
  Credits: 38213 used, 61787.0 remaining
    ✅ Success (799/852 games collected)
    💰 Est. credits used: 23,970/40,000

  Step 2: Fetching odds for game 7/16
    Memphis Grizzlies @ Dallas Mavericks
    Event ID: 6060ee0918c66681cee75352d305f91c
    Commence: 2024-12-04T01:40:00Z
  Credits: 38243 used, 61757.0 remaining
    ✅ Success (800/852 games collected)
    💰 Est. credits used: 24,000/40,000

  Step 2: Fetching odds for game 8/16
    San Antonio Spurs @ Phoenix Suns
    Event ID: 413cdfb55ea70d2f55ddc47233d14b99
    Commence: 2024-12-04T02:10:00Z
  Credits: 38273 used, 61727.0 remaining
    ✅ Success (801/852 games collected)
    💰 Est. credits used: 24,030/40,000

  Step 2: Fetching odds for game 9/16
    Golden State Warriors @ Denver Nuggets
    Event ID: eaf04a3044de875dc6c83132d04ae9f6
    Commence: 2024-12-04T03:00:00Z
  Credits: 38303 used, 61697.0 remaining
    ✅ Success (802/852 games collected)
    💰 Est. credits used: 24,060/40,000

  Step 2: Fetching odds for game 10/16
    Houston Rockets @ Sacramento Kings
    Event ID: 30f75d85c74e0811f06c0fbe86044f54
    Commence: 2024-12-04T03:10:00Z
  Credits: 38333 used, 61667.0 remaining
    ✅ Success (803/852 games collected)
    💰 Est. credits used: 24,090/40,000

  Step 2: Fetching odds for game 11/16
    Portland Trail Blazers @ Los Angeles Clippers
    Event ID: e707fb0dc8825d51e20056a4bcaa4fa8
    Commence: 2024-12-04T03:40:00Z
  Credits: 38363 used, 61637.0 remaining
    ✅ Success (804/852 games collected)
    💰 Est. credits used: 24,120/40,000

  Step 2: Fetching odds for game 12/16
    San Antonio Spurs @ New York Knicks
    Event ID: 973a6ea86af7d9e2bf4c52509822f5bf
    Commence: 2024-12-25T17:00:00Z
  Credits: 38363 used, 61637.0 remaining
    ✅ Success (805/852 games collected)
    💰 Est. credits used: 24,150/40,000

  Step 2: Fetching odds for game 13/16
    Minnesota Timberwolves @ Dallas Mavericks
    Event ID: 07a07eaa8f786d68cb371107f36f5b33
    Commence: 2024-12-25T19:30:00Z
  Credits: 38363 used, 61637.0 remaining
    ✅ Success (806/852 games collected)
    💰 Est. credits used: 24,180/40,000

  Step 2: Fetching odds for game 14/16
    Philadelphia 76ers @ Boston Celtics
    Event ID: 6f66bc2154fb45b2047e1c1c5afcdc38
    Commence: 2024-12-25T22:00:00Z
  Credits: 38363 used, 61637.0 remaining
    ✅ Success (807/852 games collected)
    💰 Est. credits used: 24,210/40,000

  Step 2: Fetching odds for game 15/16
    Los Angeles Lakers @ Golden State Warriors
    Event ID: bc6f994bad539db5054c8b750c437fb8
    Commence: 2024-12-26T01:00:00Z
  Credits: 38363 used, 61637.0 remaining
    ✅ Success (808/852 games collected)
    💰 Est. credits used: 24,240/40,000

  Step 2: Fetching odds for game 16/16
    Denver Nuggets @ Phoenix Suns
    Event ID: 22a9b650e64ca15cb0c83dc0148a571e
    Commence: 2024-12-26T03:30:00Z
  Credits: 38363 used, 61637.0 remaining
    ✅ Success (809/852 games collected)
    💰 Est. credits used: 24,270/40,000

[44/174] Processing 2024-12-04...
  Step 1: Fetching event IDs...
  Credits: 38364 used, 61636.0 remaining
  Found 15 game(s)

  Step 2: Fetching odds for game 1/15
    Detroit Pistons @ Boston Celtics
    Event ID: a521a13f2cf073291f8bffac0ba75837
    Commence: 2024-12-05T00:40:00Z
  Credits: 38394 used, 61606.0 remaining
    ✅ Success (810/867 games collected)
    💰 Est. credits used: 24,300/40,000

  Step 2: Fetching odds for game 2/15
    Indiana Pacers @ Brooklyn Nets
    Event ID: 9da7eeb45b9873ae6df89b33a573fd7f
    Commence: 2024-12-05T00:40:00Z
  Credits: 38424 used, 61576.0 remaining
    ✅ Success (811/867 games collected)
    💰 Est. credits used: 24,330/40,000

  Step 2: Fetching odds for game 3/15
    Los Angeles Lakers @ Miami Heat
    Event ID: f1bb4f3b905e5b9437c3c0ea33b8769c
    Commence: 2024-12-05T00:40:00Z
  Credits: 38454 used, 61546.0 remaining
    ✅ Success (812/867 games collected)
    💰 Est. credits used: 24,360/40,000

  Step 2: Fetching odds for game 4/15
    Orlando Magic @ Philadelphia 76ers
    Event ID: 417efaa5b7a4706dfa04b33aef252675
    Commence: 2024-12-05T00:40:00Z
  Credits: 38484 used, 61516.0 remaining
    ✅ Success (813/867 games collected)
    💰 Est. credits used: 24,390/40,000

  Step 2: Fetching odds for game 5/15
    Atlanta Hawks @ Milwaukee Bucks
    Event ID: f1ab290af81df58166c626360d5e62cc
    Commence: 2024-12-05T01:10:00Z
  Credits: 38514 used, 61486.0 remaining
    ✅ Success (814/867 games collected)
    💰 Est. credits used: 24,420/40,000

  Step 2: Fetching odds for game 6/15
    Minnesota Timberwolves @ Los Angeles Clippers
    Event ID: d0f89787fe1b4d71bac9102a21327f99
    Commence: 2024-12-05T03:40:00Z
  Credits: 38544 used, 61456.0 remaining
    ✅ Success (815/867 games collected)
    💰 Est. credits used: 24,450/40,000

  Step 2: Fetching odds for game 7/15
    Orlando Magic @ Milwaukee Bucks
    Event ID: 7e2048eb3f47487e576dae3b41d296bf
    Commence: 2024-12-11T00:00:00Z
  Credits: 38544 used, 61456.0 remaining
    ✅ Success (816/867 games collected)
    💰 Est. credits used: 24,480/40,000

  Step 2: Fetching odds for game 8/15
    Dallas Mavericks @ Oklahoma City Thunder
    Event ID: 9267739cadf69b4bab8e7b7815d8b5e7
    Commence: 2024-12-11T02:30:00Z
  Credits: 38544 used, 61456.0 remaining
    ✅ Success (817/867 games collected)
    💰 Est. credits used: 24,510/40,000

  Step 2: Fetching odds for game 9/15
    Atlanta Hawks @ New York Knicks
    Event ID: 0667c1e4b0ffd20ab6acdceee432183f
    Commence: 2024-12-11T23:00:00Z
  Credits: 38544 used, 61456.0 remaining
    ✅ Success (818/867 games collected)
    💰 Est. credits used: 24,540/40,000

  Step 2: Fetching odds for game 10/15
    Golden State Warriors @ Houston Rockets
    Event ID: 15efbb0a504a461af257905a64ad03f0
    Commence: 2024-12-12T02:30:00Z
  Credits: 38544 used, 61456.0 remaining
    ✅ Success (819/867 games collected)
    💰 Est. credits used: 24,570/40,000

  Step 2: Fetching odds for game 11/15
    San Antonio Spurs @ New York Knicks
    Event ID: 973a6ea86af7d9e2bf4c52509822f5bf
    Commence: 2024-12-25T17:00:00Z
  Credits: 38544 used, 61456.0 remaining
    ✅ Success (820/867 games collected)
    💰 Est. credits used: 24,600/40,000

  Step 2: Fetching odds for game 12/15
    Minnesota Timberwolves @ Dallas Mavericks
    Event ID: 07a07eaa8f786d68cb371107f36f5b33
    Commence: 2024-12-25T19:30:00Z
  Credits: 38544 used, 61456.0 remaining
    ✅ Success (821/867 games collected)
    💰 Est. credits used: 24,630/40,000

  Step 2: Fetching odds for game 13/15
    Philadelphia 76ers @ Boston Celtics
    Event ID: 6f66bc2154fb45b2047e1c1c5afcdc38
    Commence: 2024-12-25T22:00:00Z
  Credits: 38544 used, 61456.0 remaining
    ✅ Success (822/867 games collected)
    💰 Est. credits used: 24,660/40,000

  Step 2: Fetching odds for game 14/15
    Los Angeles Lakers @ Golden State Warriors
    Event ID: bc6f994bad539db5054c8b750c437fb8
    Commence: 2024-12-26T01:00:00Z
  Credits: 38544 used, 61456.0 remaining
    ✅ Success (823/867 games collected)
    💰 Est. credits used: 24,690/40,000

  Step 2: Fetching odds for game 15/15
    Denver Nuggets @ Phoenix Suns
    Event ID: 22a9b650e64ca15cb0c83dc0148a571e
    Commence: 2024-12-26T03:30:00Z
  Credits: 38544 used, 61456.0 remaining
    ✅ Success (824/867 games collected)
    💰 Est. credits used: 24,720/40,000

[45/174] Processing 2024-12-05...
  Step 1: Fetching event IDs...
  Credits: 38545 used, 61455.0 remaining
  Found 17 game(s)

  Step 2: Fetching odds for game 1/17
    Denver Nuggets @ Cleveland Cavaliers
    Event ID: ca4bb2d50c5d55cf031d8cad02d92b7a
    Commence: 2024-12-06T00:10:00Z
  Credits: 38575 used, 61425.0 remaining
    ✅ Success (825/884 games collected)
    💰 Est. credits used: 24,750/40,000

  Step 2: Fetching odds for game 2/17
    Dallas Mavericks @ Washington Wizards
    Event ID: 40960b0e939d16dfb5565e4b010eb92e
    Commence: 2024-12-06T00:10:00Z
  Credits: 38605 used, 61395.0 remaining
    ✅ Success (826/884 games collected)
    💰 Est. credits used: 24,780/40,000

  Step 2: Fetching odds for game 3/17
    Charlotte Hornets @ New York Knicks
    Event ID: 798c3ee76086c9f5cadfbd86b4e58d3b
    Commence: 2024-12-06T00:40:00Z
  Credits: 38635 used, 61365.0 remaining
    ✅ Success (827/884 games collected)
    💰 Est. credits used: 24,810/40,000

  Step 2: Fetching odds for game 4/17
    Oklahoma City Thunder @ Toronto Raptors
    Event ID: 6f03cdfc23339b78c996582d25c31370
    Commence: 2024-12-06T00:40:00Z
  Credits: 38665 used, 61335.0 remaining
    ✅ Success (828/884 games collected)
    💰 Est. credits used: 24,840/40,000

  Step 2: Fetching odds for game 5/17
    Chicago Bulls @ San Antonio Spurs
    Event ID: 8d2bb8205f807002d278230d36fcc28e
    Commence: 2024-12-06T01:10:00Z
  Credits: 38695 used, 61305.0 remaining
    ✅ Success (829/884 games collected)
    💰 Est. credits used: 24,870/40,000

  Step 2: Fetching odds for game 6/17
    Sacramento Kings @ Memphis Grizzlies
    Event ID: 0ae64846be96f62ac260ab692449e0c1
    Commence: 2024-12-06T01:10:00Z
  Credits: 38725 used, 61275.0 remaining
    ✅ Success (830/884 games collected)
    💰 Est. credits used: 24,900/40,000

  Step 2: Fetching odds for game 7/17
    Phoenix Suns @ New Orleans Pelicans
    Event ID: c4ce3c29c8d33833f12d44896aeb1d58
    Commence: 2024-12-06T01:10:00Z
  Credits: 38755 used, 61245.0 remaining
    ✅ Success (831/884 games collected)
    💰 Est. credits used: 24,930/40,000

  Step 2: Fetching odds for game 8/17
    Houston Rockets @ Golden State Warriors
    Event ID: 326c817bae57ebf40a20871f95c4e1ad
    Commence: 2024-12-06T03:10:00Z
  Credits: 38785 used, 61215.0 remaining
    ✅ Success (832/884 games collected)
    💰 Est. credits used: 24,960/40,000

  Step 2: Fetching odds for game 9/17
    Orlando Magic @ Milwaukee Bucks
    Event ID: 7e2048eb3f47487e576dae3b41d296bf
    Commence: 2024-12-11T00:00:00Z
  Credits: 38785 used, 61215.0 remaining
    ✅ Success (833/884 games collected)
    💰 Est. credits used: 24,990/40,000

  Step 2: Fetching odds for game 10/17
    Dallas Mavericks @ Oklahoma City Thunder
    Event ID: 9267739cadf69b4bab8e7b7815d8b5e7
    Commence: 2024-12-11T02:30:00Z
  Credits: 38785 used, 61215.0 remaining
    ✅ Success (834/884 games collected)
    💰 Est. credits used: 25,020/40,000

  Step 2: Fetching odds for game 11/17
    Atlanta Hawks @ New York Knicks
    Event ID: 0667c1e4b0ffd20ab6acdceee432183f
    Commence: 2024-12-11T23:00:00Z
  Credits: 38785 used, 61215.0 remaining
    ✅ Success (835/884 games collected)
    💰 Est. credits used: 25,050/40,000

  Step 2: Fetching odds for game 12/17
    Golden State Warriors @ Houston Rockets
    Event ID: 15efbb0a504a461af257905a64ad03f0
    Commence: 2024-12-12T02:30:00Z
  Credits: 38785 used, 61215.0 remaining
    ✅ Success (836/884 games collected)
    💰 Est. credits used: 25,080/40,000

  Step 2: Fetching odds for game 13/17
    San Antonio Spurs @ New York Knicks
    Event ID: 973a6ea86af7d9e2bf4c52509822f5bf
    Commence: 2024-12-25T17:00:00Z
  Credits: 38785 used, 61215.0 remaining
    ✅ Success (837/884 games collected)
    💰 Est. credits used: 25,110/40,000

  Step 2: Fetching odds for game 14/17
    Minnesota Timberwolves @ Dallas Mavericks
    Event ID: 07a07eaa8f786d68cb371107f36f5b33
    Commence: 2024-12-25T19:30:00Z
  Credits: 38785 used, 61215.0 remaining
    ✅ Success (838/884 games collected)
    💰 Est. credits used: 25,140/40,000

  Step 2: Fetching odds for game 15/17
    Philadelphia 76ers @ Boston Celtics
    Event ID: 6f66bc2154fb45b2047e1c1c5afcdc38
    Commence: 2024-12-25T22:00:00Z
  Credits: 38785 used, 61215.0 remaining
    ✅ Success (839/884 games collected)
    💰 Est. credits used: 25,170/40,000

  Step 2: Fetching odds for game 16/17
    Los Angeles Lakers @ Golden State Warriors
    Event ID: bc6f994bad539db5054c8b750c437fb8
    Commence: 2024-12-26T01:00:00Z
  Credits: 38785 used, 61215.0 remaining
    ✅ Success (840/884 games collected)
    💰 Est. credits used: 25,200/40,000

  Step 2: Fetching odds for game 17/17
    Denver Nuggets @ Phoenix Suns
    Event ID: 22a9b650e64ca15cb0c83dc0148a571e
    Commence: 2024-12-26T03:30:00Z
  Credits: 38785 used, 61215.0 remaining
    ✅ Success (841/884 games collected)
    💰 Est. credits used: 25,230/40,000

[46/174] Processing 2024-12-06...
  Step 1: Fetching event IDs...
  Credits: 38786 used, 61214.0 remaining
  Found 16 game(s)

  Step 2: Fetching odds for game 1/16
    Orlando Magic @ Philadelphia 76ers
    Event ID: cc7e0e6b1a36a1ac19c0d74550479f67
    Commence: 2024-12-07T00:10:00Z
  Credits: 38816 used, 61184.0 remaining
    ✅ Success (842/900 games collected)
    💰 Est. credits used: 25,260/40,000

  Step 2: Fetching odds for game 2/16
    Los Angeles Lakers @ Atlanta Hawks
    Event ID: 054686aafaf26a3a9c0cb2d3f85f7e1a
    Commence: 2024-12-07T00:40:00Z
  Credits: 38846 used, 61154.0 remaining
    ✅ Success (843/900 games collected)
    💰 Est. credits used: 25,290/40,000

  Step 2: Fetching odds for game 3/16
    Milwaukee Bucks @ Boston Celtics
    Event ID: 777d86c37951e9c17d4b0c10571de4c0
    Commence: 2024-12-07T00:40:00Z
  Credits: 38876 used, 61124.0 remaining
    ✅ Success (844/900 games collected)
    💰 Est. credits used: 25,320/40,000

  Step 2: Fetching odds for game 4/16
    Indiana Pacers @ Chicago Bulls
    Event ID: 2a9e5dccbd62f770ab94b927a2861f5b
    Commence: 2024-12-07T01:10:00Z
  Credits: 38906 used, 61094.0 remaining
    ✅ Success (845/900 games collected)
    💰 Est. credits used: 25,350/40,000

  Step 2: Fetching odds for game 5/16
    Sacramento Kings @ San Antonio Spurs
    Event ID: 77eeb214cb14729b743e125373a73f04
    Commence: 2024-12-07T01:10:00Z
  Credits: 38936 used, 61064.0 remaining
    ✅ Success (846/900 games collected)
    💰 Est. credits used: 25,380/40,000

  Step 2: Fetching odds for game 6/16
    Minnesota Timberwolves @ Golden State Warriors
    Event ID: 8da11d2f43b74f5a290662bef25077b6
    Commence: 2024-12-07T03:10:00Z
  Credits: 38966 used, 61034.0 remaining
    ✅ Success (847/900 games collected)
    💰 Est. credits used: 25,410/40,000

  Step 2: Fetching odds for game 7/16
    Utah Jazz @ Portland Trail Blazers
    Event ID: 7e9b9a80be69537fba4e661ad6475a08
    Commence: 2024-12-07T03:10:00Z
  Credits: 38996 used, 61004.0 remaining
    ✅ Success (848/900 games collected)
    💰 Est. credits used: 25,440/40,000

  Step 2: Fetching odds for game 8/16
    Orlando Magic @ Milwaukee Bucks
    Event ID: 7e2048eb3f47487e576dae3b41d296bf
    Commence: 2024-12-11T00:00:00Z
  Credits: 38996 used, 61004.0 remaining
    ✅ Success (849/900 games collected)
    💰 Est. credits used: 25,470/40,000

  Step 2: Fetching odds for game 9/16
    Dallas Mavericks @ Oklahoma City Thunder
    Event ID: 9267739cadf69b4bab8e7b7815d8b5e7
    Commence: 2024-12-11T02:30:00Z
  Credits: 38996 used, 61004.0 remaining
    ✅ Success (850/900 games collected)
    💰 Est. credits used: 25,500/40,000

  Step 2: Fetching odds for game 10/16
    Atlanta Hawks @ New York Knicks
    Event ID: 0667c1e4b0ffd20ab6acdceee432183f
    Commence: 2024-12-11T23:00:00Z
  Credits: 38996 used, 61004.0 remaining
    ✅ Success (851/900 games collected)
    💰 Est. credits used: 25,530/40,000

  Step 2: Fetching odds for game 11/16
    Golden State Warriors @ Houston Rockets
    Event ID: 15efbb0a504a461af257905a64ad03f0
    Commence: 2024-12-12T02:30:00Z
  Credits: 38996 used, 61004.0 remaining
    ✅ Success (852/900 games collected)
    💰 Est. credits used: 25,560/40,000

  Step 2: Fetching odds for game 12/16
    San Antonio Spurs @ New York Knicks
    Event ID: 973a6ea86af7d9e2bf4c52509822f5bf
    Commence: 2024-12-25T17:00:00Z
  Credits: 38996 used, 61004.0 remaining
    ✅ Success (853/900 games collected)
    💰 Est. credits used: 25,590/40,000

  Step 2: Fetching odds for game 13/16
    Minnesota Timberwolves @ Dallas Mavericks
    Event ID: 07a07eaa8f786d68cb371107f36f5b33
    Commence: 2024-12-25T19:30:00Z
  Credits: 38996 used, 61004.0 remaining
    ✅ Success (854/900 games collected)
    💰 Est. credits used: 25,620/40,000

  Step 2: Fetching odds for game 14/16
    Philadelphia 76ers @ Boston Celtics
    Event ID: 6f66bc2154fb45b2047e1c1c5afcdc38
    Commence: 2024-12-25T22:00:00Z
  Credits: 38996 used, 61004.0 remaining
    ✅ Success (855/900 games collected)
    💰 Est. credits used: 25,650/40,000

  Step 2: Fetching odds for game 15/16
    Los Angeles Lakers @ Golden State Warriors
    Event ID: bc6f994bad539db5054c8b750c437fb8
    Commence: 2024-12-26T01:00:00Z
  Credits: 38996 used, 61004.0 remaining
    ✅ Success (856/900 games collected)
    💰 Est. credits used: 25,680/40,000

  Step 2: Fetching odds for game 16/16
    Denver Nuggets @ Phoenix Suns
    Event ID: 22a9b650e64ca15cb0c83dc0148a571e
    Commence: 2024-12-26T03:30:00Z
  Credits: 38996 used, 61004.0 remaining
    ✅ Success (857/900 games collected)
    💰 Est. credits used: 25,710/40,000

[47/174] Processing 2024-12-07...
  Step 1: Fetching event IDs...
  Credits: 38997 used, 61003.0 remaining
  Found 16 game(s)

  Step 2: Fetching odds for game 1/16
    Cleveland Cavaliers @ Charlotte Hornets
    Event ID: 223a860079cb85067264a18d348a9b3f
    Commence: 2024-12-07T18:10:00Z
  Credits: 38997 used, 61003.0 remaining
  Retry 1/3: HTTP 404: Not Found
  Credits: 38997 used, 61003.0 remaining
  Retry 2/3: HTTP 404: Not Found
  Credits: 38997 used, 61003.0 remaining
  Retry 3/3: HTTP 404: Not Found
  ❌ Failed to fetch odds for 223a860079cb85067264a18d348a9b3f: HTTP 404: Not Found
    ⚠️  No odds data available

  Step 2: Fetching odds for game 2/16
    Denver Nuggets @ Washington Wizards
    Event ID: 2d89d4690f6f62dd422e539fbb16c997
    Commence: 2024-12-08T00:10:00Z
  Credits: 39027 used, 60973.0 remaining
    ✅ Success (858/916 games collected)
    💰 Est. credits used: 25,740/40,000

  Step 2: Fetching odds for game 3/16
    Oklahoma City Thunder @ New Orleans Pelicans
    Event ID: 53f2f3e546f666cc19dc82a02f0e76fe
    Commence: 2024-12-08T00:10:00Z
  Credits: 39057 used, 60943.0 remaining
    ✅ Success (859/916 games collected)
    💰 Est. credits used: 25,770/40,000

  Step 2: Fetching odds for game 4/16
    Dallas Mavericks @ Toronto Raptors
    Event ID: 2f39629dea728dc80d1173ff831453a1
    Commence: 2024-12-08T00:40:00Z
  Credits: 39087 used, 60913.0 remaining
    ✅ Success (860/916 games collected)
    💰 Est. credits used: 25,800/40,000

  Step 2: Fetching odds for game 5/16
    Detroit Pistons @ New York Knicks
    Event ID: 77e6e9aaf71d7c5297ed7a1152c967f4
    Commence: 2024-12-08T00:40:00Z
  Credits: 39117 used, 60883.0 remaining
    ✅ Success (861/916 games collected)
    💰 Est. credits used: 25,830/40,000

  Step 2: Fetching odds for game 6/16
    Memphis Grizzlies @ Boston Celtics
    Event ID: df1b3decfabf837d1854ef97683838de
    Commence: 2024-12-08T01:10:00Z
  Credits: 39147 used, 60853.0 remaining
    ✅ Success (862/916 games collected)
    💰 Est. credits used: 25,860/40,000

  Step 2: Fetching odds for game 7/16
    Phoenix Suns @ Miami Heat
    Event ID: 532f3d249b5041fc73a13cfc992d24dd
    Commence: 2024-12-08T01:10:00Z
  Credits: 39177 used, 60823.0 remaining
    ✅ Success (863/916 games collected)
    💰 Est. credits used: 25,890/40,000

  Step 2: Fetching odds for game 8/16
    Orlando Magic @ Milwaukee Bucks
    Event ID: 7e2048eb3f47487e576dae3b41d296bf
    Commence: 2024-12-11T00:00:00Z
  Credits: 39177 used, 60823.0 remaining
    ✅ Success (864/916 games collected)
    💰 Est. credits used: 25,920/40,000

  Step 2: Fetching odds for game 9/16
    Dallas Mavericks @ Oklahoma City Thunder
    Event ID: 9267739cadf69b4bab8e7b7815d8b5e7
    Commence: 2024-12-11T02:30:00Z
  Credits: 39177 used, 60823.0 remaining
    ✅ Success (865/916 games collected)
    💰 Est. credits used: 25,950/40,000

  Step 2: Fetching odds for game 10/16
    Atlanta Hawks @ New York Knicks
    Event ID: 0667c1e4b0ffd20ab6acdceee432183f
    Commence: 2024-12-11T23:00:00Z
  Credits: 39177 used, 60823.0 remaining
    ✅ Success (866/916 games collected)
    💰 Est. credits used: 25,980/40,000

  Step 2: Fetching odds for game 11/16
    Golden State Warriors @ Houston Rockets
    Event ID: 15efbb0a504a461af257905a64ad03f0
    Commence: 2024-12-12T02:30:00Z
  Credits: 39177 used, 60823.0 remaining
    ✅ Success (867/916 games collected)
    💰 Est. credits used: 26,010/40,000

  Step 2: Fetching odds for game 12/16
    San Antonio Spurs @ New York Knicks
    Event ID: 973a6ea86af7d9e2bf4c52509822f5bf
    Commence: 2024-12-25T17:00:00Z
  Credits: 39177 used, 60823.0 remaining
    ✅ Success (868/916 games collected)
    💰 Est. credits used: 26,040/40,000

  Step 2: Fetching odds for game 13/16
    Minnesota Timberwolves @ Dallas Mavericks
    Event ID: 07a07eaa8f786d68cb371107f36f5b33
    Commence: 2024-12-25T19:30:00Z
  Credits: 39177 used, 60823.0 remaining
    ✅ Success (869/916 games collected)
    💰 Est. credits used: 26,070/40,000

  Step 2: Fetching odds for game 14/16
    Philadelphia 76ers @ Boston Celtics
    Event ID: 6f66bc2154fb45b2047e1c1c5afcdc38
    Commence: 2024-12-25T22:00:00Z
  Credits: 39177 used, 60823.0 remaining
    ✅ Success (870/916 games collected)
    💰 Est. credits used: 26,100/40,000

  Step 2: Fetching odds for game 15/16
    Los Angeles Lakers @ Golden State Warriors
    Event ID: bc6f994bad539db5054c8b750c437fb8
    Commence: 2024-12-26T01:00:00Z
  Credits: 39177 used, 60823.0 remaining
    ✅ Success (871/916 games collected)
    💰 Est. credits used: 26,130/40,000

  Step 2: Fetching odds for game 16/16
    Denver Nuggets @ Phoenix Suns
    Event ID: 22a9b650e64ca15cb0c83dc0148a571e
    Commence: 2024-12-26T03:30:00Z
  Credits: 39177 used, 60823.0 remaining
    ✅ Success (872/916 games collected)
    💰 Est. credits used: 26,160/40,000

[48/174] Processing 2024-12-08...
  Step 1: Fetching event IDs...
  Credits: 39178 used, 60822.0 remaining
  Found 21 game(s)

  Step 2: Fetching odds for game 1/21
    Philadelphia 76ers @ Chicago Bulls
    Event ID: 17428abcf1af6a66a8040613d5b3f5d1
    Commence: 2024-12-08T18:10:00Z
  Credits: 39178 used, 60822.0 remaining
  Retry 1/3: HTTP 404: Not Found
  Credits: 39178 used, 60822.0 remaining
  Retry 2/3: HTTP 404: Not Found
  Credits: 39178 used, 60822.0 remaining
  Retry 3/3: HTTP 404: Not Found
  ❌ Failed to fetch odds for 17428abcf1af6a66a8040613d5b3f5d1: HTTP 404: Not Found
    ⚠️  No odds data available

  Step 2: Fetching odds for game 2/21
    Milwaukee Bucks @ Brooklyn Nets
    Event ID: b04a03862d6825f5e36e9a66f9c1888f
    Commence: 2024-12-08T20:40:00Z
  Credits: 39178 used, 60822.0 remaining
  Retry 1/3: HTTP 404: Not Found
  Credits: 39178 used, 60822.0 remaining
  Retry 2/3: HTTP 404: Not Found
  Credits: 39178 used, 60822.0 remaining
  Retry 3/3: HTTP 404: Not Found
  ❌ Failed to fetch odds for b04a03862d6825f5e36e9a66f9c1888f: HTTP 404: Not Found
    ⚠️  No odds data available

  Step 2: Fetching odds for game 3/21
    Charlotte Hornets @ Indiana Pacers
    Event ID: 893abcad44bcaefd924d3fc880cce6c4
    Commence: 2024-12-08T22:10:00Z
  Credits: 39208 used, 60792.0 remaining
    ✅ Success (873/937 games collected)
    💰 Est. credits used: 26,190/40,000

  Step 2: Fetching odds for game 4/21
    Denver Nuggets @ Atlanta Hawks
    Event ID: 9fe0bbe2b1e033ae048452a8285d1bc1
    Commence: 2024-12-08T23:10:00Z
  Credits: 39238 used, 60762.0 remaining
    ✅ Success (874/937 games collected)
    💰 Est. credits used: 26,220/40,000

  Step 2: Fetching odds for game 5/21
    Cleveland Cavaliers @ Miami Heat
    Event ID: eb7c4b88e286929ef2a576fe508e2169
    Commence: 2024-12-08T23:10:00Z
  Credits: 39268 used, 60732.0 remaining
    ✅ Success (875/937 games collected)
    💰 Est. credits used: 26,250/40,000

  Step 2: Fetching odds for game 6/21
    Phoenix Suns @ Orlando Magic
    Event ID: 0ccc7d1a321b80fb5bb3db3d6f0e6427
    Commence: 2024-12-08T23:40:00Z
  Credits: 39298 used, 60702.0 remaining
    ✅ Success (876/937 games collected)
    💰 Est. credits used: 26,280/40,000

  Step 2: Fetching odds for game 7/21
    Memphis Grizzlies @ Washington Wizards
    Event ID: 6f7b9dfc4b525c5a8dc930da48dd92e2
    Commence: 2024-12-09T00:00:00Z
  Credits: 39328 used, 60672.0 remaining
    ✅ Success (877/937 games collected)
    💰 Est. credits used: 26,310/40,000

  Step 2: Fetching odds for game 8/21
    New Orleans Pelicans @ San Antonio Spurs
    Event ID: 1546bea5c1e65c866ee758b94a5f9527
    Commence: 2024-12-09T00:10:00Z
  Credits: 39359 used, 60641.0 remaining
    ✅ Success (878/937 games collected)
    💰 Est. credits used: 26,340/40,000

  Step 2: Fetching odds for game 9/21
    Minnesota Timberwolves @ Golden State Warriors
    Event ID: 3cdac2eab39fad8c74a6291b911ea993
    Commence: 2024-12-09T01:40:00Z
  Credits: 39389 used, 60611.0 remaining
    ✅ Success (879/937 games collected)
    💰 Est. credits used: 26,370/40,000

  Step 2: Fetching odds for game 10/21
    Houston Rockets @ Los Angeles Clippers
    Event ID: fb8aee02b1cddedd9e4156f5853e2727
    Commence: 2024-12-09T02:10:00Z
  Credits: 39419 used, 60581.0 remaining
    ✅ Success (880/937 games collected)
    💰 Est. credits used: 26,400/40,000

  Step 2: Fetching odds for game 11/21
    Utah Jazz @ Sacramento Kings
    Event ID: 42dde05336b258ab17e18670922ff9c9
    Commence: 2024-12-09T02:10:00Z
  Credits: 39449 used, 60551.0 remaining
    ✅ Success (881/937 games collected)
    💰 Est. credits used: 26,430/40,000

  Step 2: Fetching odds for game 12/21
    Portland Trail Blazers @ Los Angeles Lakers
    Event ID: 0717c42f68b5c2524c27431cf8861329
    Commence: 2024-12-09T02:40:00Z
  Credits: 39479 used, 60521.0 remaining
    ✅ Success (882/937 games collected)
    💰 Est. credits used: 26,460/40,000

  Step 2: Fetching odds for game 13/21
    Orlando Magic @ Milwaukee Bucks
    Event ID: 7e2048eb3f47487e576dae3b41d296bf
    Commence: 2024-12-11T00:00:00Z
  Credits: 39479 used, 60521.0 remaining
    ✅ Success (883/937 games collected)
    💰 Est. credits used: 26,490/40,000

  Step 2: Fetching odds for game 14/21
    Dallas Mavericks @ Oklahoma City Thunder
    Event ID: 9267739cadf69b4bab8e7b7815d8b5e7
    Commence: 2024-12-11T02:30:00Z
  Credits: 39479 used, 60521.0 remaining
    ✅ Success (884/937 games collected)
    💰 Est. credits used: 26,520/40,000

  Step 2: Fetching odds for game 15/21
    Atlanta Hawks @ New York Knicks
    Event ID: 0667c1e4b0ffd20ab6acdceee432183f
    Commence: 2024-12-11T23:00:00Z
  Credits: 39479 used, 60521.0 remaining
    ✅ Success (885/937 games collected)
    💰 Est. credits used: 26,550/40,000

  Step 2: Fetching odds for game 16/21
    Golden State Warriors @ Houston Rockets
    Event ID: 15efbb0a504a461af257905a64ad03f0
    Commence: 2024-12-12T02:30:00Z
  Credits: 39479 used, 60521.0 remaining
    ✅ Success (886/937 games collected)
    💰 Est. credits used: 26,580/40,000

  Step 2: Fetching odds for game 17/21
    San Antonio Spurs @ New York Knicks
    Event ID: 973a6ea86af7d9e2bf4c52509822f5bf
    Commence: 2024-12-25T17:00:00Z
  Credits: 39479 used, 60521.0 remaining
    ✅ Success (887/937 games collected)
    💰 Est. credits used: 26,610/40,000

  Step 2: Fetching odds for game 18/21
    Minnesota Timberwolves @ Dallas Mavericks
    Event ID: 07a07eaa8f786d68cb371107f36f5b33
    Commence: 2024-12-25T19:30:00Z
  Credits: 39479 used, 60521.0 remaining
    ✅ Success (888/937 games collected)
    💰 Est. credits used: 26,640/40,000

  Step 2: Fetching odds for game 19/21
    Philadelphia 76ers @ Boston Celtics
    Event ID: 6f66bc2154fb45b2047e1c1c5afcdc38
    Commence: 2024-12-25T22:00:00Z
  Credits: 39479 used, 60521.0 remaining
    ✅ Success (889/937 games collected)
    💰 Est. credits used: 26,670/40,000

  Step 2: Fetching odds for game 20/21
    Los Angeles Lakers @ Golden State Warriors
    Event ID: bc6f994bad539db5054c8b750c437fb8
    Commence: 2024-12-26T01:00:00Z
  Credits: 39479 used, 60521.0 remaining
    ✅ Success (890/937 games collected)
    💰 Est. credits used: 26,700/40,000

  Step 2: Fetching odds for game 21/21
    Denver Nuggets @ Phoenix Suns
    Event ID: 22a9b650e64ca15cb0c83dc0148a571e
    Commence: 2024-12-26T03:30:00Z
  Credits: 39479 used, 60521.0 remaining
    ✅ Success (891/937 games collected)
    💰 Est. credits used: 26,730/40,000

[49/174] Processing 2024-12-09...
  Step 1: Fetching event IDs...
  Credits: 39480 used, 60520.0 remaining
  Found 10 game(s)

  Step 2: Fetching odds for game 1/10
    New York Knicks @ Toronto Raptors
    Event ID: 081e6621470f217e705dfdb7a7002270
    Commence: 2024-12-10T00:40:00Z
  Credits: 39510 used, 60490.0 remaining
    ✅ Success (892/947 games collected)
    💰 Est. credits used: 26,760/40,000

  Step 2: Fetching odds for game 2/10
    Orlando Magic @ Milwaukee Bucks
    Event ID: 7e2048eb3f47487e576dae3b41d296bf
    Commence: 2024-12-11T00:00:00Z
  Credits: 39540 used, 60460.0 remaining
    ✅ Success (893/947 games collected)
    💰 Est. credits used: 26,790/40,000

  Step 2: Fetching odds for game 3/10
    Dallas Mavericks @ Oklahoma City Thunder
    Event ID: 9267739cadf69b4bab8e7b7815d8b5e7
    Commence: 2024-12-11T02:30:00Z
  Credits: 39570 used, 60430.0 remaining
    ✅ Success (894/947 games collected)
    💰 Est. credits used: 26,820/40,000

  Step 2: Fetching odds for game 4/10
    Atlanta Hawks @ New York Knicks
    Event ID: 0667c1e4b0ffd20ab6acdceee432183f
    Commence: 2024-12-12T00:00:00Z
  Credits: 39600 used, 60400.0 remaining
    ✅ Success (895/947 games collected)
    💰 Est. credits used: 26,850/40,000

  Step 2: Fetching odds for game 5/10
    Golden State Warriors @ Houston Rockets
    Event ID: 15efbb0a504a461af257905a64ad03f0
    Commence: 2024-12-12T02:30:00Z
  Credits: 39630 used, 60370.0 remaining
    ✅ Success (896/947 games collected)
    💰 Est. credits used: 26,880/40,000

  Step 2: Fetching odds for game 6/10
    San Antonio Spurs @ New York Knicks
    Event ID: 973a6ea86af7d9e2bf4c52509822f5bf
    Commence: 2024-12-25T17:00:00Z
  Credits: 39630 used, 60370.0 remaining
    ✅ Success (897/947 games collected)
    💰 Est. credits used: 26,910/40,000

  Step 2: Fetching odds for game 7/10
    Minnesota Timberwolves @ Dallas Mavericks
    Event ID: 07a07eaa8f786d68cb371107f36f5b33
    Commence: 2024-12-25T19:30:00Z
  Credits: 39630 used, 60370.0 remaining
    ✅ Success (898/947 games collected)
    💰 Est. credits used: 26,940/40,000

  Step 2: Fetching odds for game 8/10
    Philadelphia 76ers @ Boston Celtics
    Event ID: 6f66bc2154fb45b2047e1c1c5afcdc38
    Commence: 2024-12-25T22:00:00Z
  Credits: 39630 used, 60370.0 remaining
    ✅ Success (899/947 games collected)
    💰 Est. credits used: 26,970/40,000

  Step 2: Fetching odds for game 9/10
    Los Angeles Lakers @ Golden State Warriors
    Event ID: bc6f994bad539db5054c8b750c437fb8
    Commence: 2024-12-26T01:00:00Z
  Credits: 39630 used, 60370.0 remaining
    ✅ Success (900/947 games collected)
    💰 Est. credits used: 27,000/40,000

  Step 2: Fetching odds for game 10/10
    Denver Nuggets @ Phoenix Suns
    Event ID: 22a9b650e64ca15cb0c83dc0148a571e
    Commence: 2024-12-26T03:30:00Z
  Credits: 39630 used, 60370.0 remaining
    ✅ Success (901/947 games collected)
    💰 Est. credits used: 27,030/40,000

[50/174] Processing 2024-12-10...
  Step 1: Fetching event IDs...
  Credits: 39631 used, 60369.0 remaining
  Found 12 game(s)

  Step 2: Fetching odds for game 1/12
    Orlando Magic @ Milwaukee Bucks
    Event ID: 7e2048eb3f47487e576dae3b41d296bf
    Commence: 2024-12-11T00:00:00Z
  Credits: 39661 used, 60339.0 remaining
    ✅ Success (902/959 games collected)
    💰 Est. credits used: 27,060/40,000

  Step 2: Fetching odds for game 2/12
    Dallas Mavericks @ Oklahoma City Thunder
    Event ID: 9267739cadf69b4bab8e7b7815d8b5e7
    Commence: 2024-12-11T02:30:00Z
  Credits: 39691 used, 60309.0 remaining
    ✅ Success (903/959 games collected)
    💰 Est. credits used: 27,090/40,000

  Step 2: Fetching odds for game 3/12
    Atlanta Hawks @ New York Knicks
    Event ID: 0667c1e4b0ffd20ab6acdceee432183f
    Commence: 2024-12-12T00:00:00Z
  Credits: 39721 used, 60279.0 remaining
    ✅ Success (904/959 games collected)
    💰 Est. credits used: 27,120/40,000

  Step 2: Fetching odds for game 4/12
    Golden State Warriors @ Houston Rockets
    Event ID: 15efbb0a504a461af257905a64ad03f0
    Commence: 2024-12-12T02:30:00Z
  Credits: 39751 used, 60249.0 remaining
    ✅ Success (905/959 games collected)
    💰 Est. credits used: 27,150/40,000

  Step 2: Fetching odds for game 5/12
    Detroit Pistons @ Boston Celtics
    Event ID: 7008c6d2f130e944fdd99fc0ca2c2952
    Commence: 2024-12-13T00:40:00Z
  Credits: 39751 used, 60249.0 remaining
    ✅ Success (906/959 games collected)
    💰 Est. credits used: 27,180/40,000

  Step 2: Fetching odds for game 6/12
    Toronto Raptors @ Miami Heat
    Event ID: 43ca075ce123acf59381e4455bfb54b0
    Commence: 2024-12-13T00:40:00Z
  Credits: 39751 used, 60249.0 remaining
    ✅ Success (907/959 games collected)
    💰 Est. credits used: 27,210/40,000

  Step 2: Fetching odds for game 7/12
    Sacramento Kings @ New Orleans Pelicans
    Event ID: 48451f605af0efc8aa220afa2c3394da
    Commence: 2024-12-13T01:10:00Z
  Credits: 39751 used, 60249.0 remaining
    ✅ Success (908/959 games collected)
    💰 Est. credits used: 27,240/40,000

  Step 2: Fetching odds for game 8/12
    San Antonio Spurs @ New York Knicks
    Event ID: 973a6ea86af7d9e2bf4c52509822f5bf
    Commence: 2024-12-25T17:00:00Z
  Credits: 39751 used, 60249.0 remaining
    ✅ Success (909/959 games collected)
    💰 Est. credits used: 27,270/40,000

  Step 2: Fetching odds for game 9/12
    Minnesota Timberwolves @ Dallas Mavericks
    Event ID: 07a07eaa8f786d68cb371107f36f5b33
    Commence: 2024-12-25T19:30:00Z
  Credits: 39751 used, 60249.0 remaining
    ✅ Success (910/959 games collected)
    💰 Est. credits used: 27,300/40,000

  Step 2: Fetching odds for game 10/12
    Philadelphia 76ers @ Boston Celtics
    Event ID: 6f66bc2154fb45b2047e1c1c5afcdc38
    Commence: 2024-12-25T22:00:00Z
  Credits: 39751 used, 60249.0 remaining
    ✅ Success (911/959 games collected)
    💰 Est. credits used: 27,330/40,000

  Step 2: Fetching odds for game 11/12
    Los Angeles Lakers @ Golden State Warriors
    Event ID: bc6f994bad539db5054c8b750c437fb8
    Commence: 2024-12-26T01:00:00Z
  Credits: 39751 used, 60249.0 remaining
    ✅ Success (912/959 games collected)
    💰 Est. credits used: 27,360/40,000

  Step 2: Fetching odds for game 12/12
    Denver Nuggets @ Phoenix Suns
    Event ID: 22a9b650e64ca15cb0c83dc0148a571e
    Commence: 2024-12-26T03:30:00Z
  Credits: 39751 used, 60249.0 remaining
    ✅ Success (913/959 games collected)
    💰 Est. credits used: 27,390/40,000

💾 Checkpoint saved: data/nba/checkpoints/checkpoint-2024-12-10.json

[51/174] Processing 2024-12-11...
  Step 1: Fetching event IDs...
  Credits: 39752 used, 60248.0 remaining
  Found 10 game(s)

  Step 2: Fetching odds for game 1/10
    Atlanta Hawks @ New York Knicks
    Event ID: 0667c1e4b0ffd20ab6acdceee432183f
    Commence: 2024-12-12T00:00:00Z
  Credits: 39782 used, 60218.0 remaining
    ✅ Success (914/969 games collected)
    💰 Est. credits used: 27,420/40,000

  Step 2: Fetching odds for game 2/10
    Golden State Warriors @ Houston Rockets
    Event ID: 15efbb0a504a461af257905a64ad03f0
    Commence: 2024-12-12T02:30:00Z
  Credits: 39812 used, 60188.0 remaining
    ✅ Success (915/969 games collected)
    💰 Est. credits used: 27,450/40,000

  Step 2: Fetching odds for game 3/10
    Detroit Pistons @ Boston Celtics
    Event ID: 7008c6d2f130e944fdd99fc0ca2c2952
    Commence: 2024-12-13T00:40:00Z
  Credits: 39842 used, 60158.0 remaining
    ✅ Success (916/969 games collected)
    💰 Est. credits used: 27,480/40,000

  Step 2: Fetching odds for game 4/10
    Toronto Raptors @ Miami Heat
    Event ID: 43ca075ce123acf59381e4455bfb54b0
    Commence: 2024-12-13T00:40:00Z
  Credits: 39872 used, 60128.0 remaining
    ✅ Success (917/969 games collected)
    💰 Est. credits used: 27,510/40,000

  Step 2: Fetching odds for game 5/10
    Sacramento Kings @ New Orleans Pelicans
    Event ID: 48451f605af0efc8aa220afa2c3394da
    Commence: 2024-12-13T01:10:00Z
  Credits: 39902 used, 60098.0 remaining
    ✅ Success (918/969 games collected)
    💰 Est. credits used: 27,540/40,000

  Step 2: Fetching odds for game 6/10
    San Antonio Spurs @ New York Knicks
    Event ID: 973a6ea86af7d9e2bf4c52509822f5bf
    Commence: 2024-12-25T17:00:00Z
  Credits: 39902 used, 60098.0 remaining
    ✅ Success (919/969 games collected)
    💰 Est. credits used: 27,570/40,000

  Step 2: Fetching odds for game 7/10
    Minnesota Timberwolves @ Dallas Mavericks
    Event ID: 07a07eaa8f786d68cb371107f36f5b33
    Commence: 2024-12-25T19:30:00Z
  Credits: 39902 used, 60098.0 remaining
    ✅ Success (920/969 games collected)
    💰 Est. credits used: 27,600/40,000

  Step 2: Fetching odds for game 8/10
    Philadelphia 76ers @ Boston Celtics
    Event ID: 6f66bc2154fb45b2047e1c1c5afcdc38
    Commence: 2024-12-25T22:00:00Z
  Credits: 39902 used, 60098.0 remaining
    ✅ Success (921/969 games collected)
    💰 Est. credits used: 27,630/40,000

  Step 2: Fetching odds for game 9/10
    Los Angeles Lakers @ Golden State Warriors
    Event ID: bc6f994bad539db5054c8b750c437fb8
    Commence: 2024-12-26T01:00:00Z
  Credits: 39902 used, 60098.0 remaining
    ✅ Success (922/969 games collected)
    💰 Est. credits used: 27,660/40,000

  Step 2: Fetching odds for game 10/10
    Denver Nuggets @ Phoenix Suns
    Event ID: 22a9b650e64ca15cb0c83dc0148a571e
    Commence: 2024-12-26T03:30:00Z
  Credits: 39902 used, 60098.0 remaining
    ✅ Success (923/969 games collected)
    💰 Est. credits used: 27,690/40,000

[52/174] Processing 2024-12-12...
  Step 1: Fetching event IDs...
  Credits: 39903 used, 60097.0 remaining
  Found 18 game(s)

  Step 2: Fetching odds for game 1/18
    Detroit Pistons @ Boston Celtics
    Event ID: 7008c6d2f130e944fdd99fc0ca2c2952
    Commence: 2024-12-13T00:40:00Z
  Credits: 39933 used, 60067.0 remaining
    ✅ Success (924/987 games collected)
    💰 Est. credits used: 27,720/40,000

  Step 2: Fetching odds for game 2/18
    Toronto Raptors @ Miami Heat
    Event ID: 43ca075ce123acf59381e4455bfb54b0
    Commence: 2024-12-13T00:40:00Z
  Credits: 39963 used, 60037.0 remaining
    ✅ Success (925/987 games collected)
    💰 Est. credits used: 27,750/40,000

  Step 2: Fetching odds for game 3/18
    Sacramento Kings @ New Orleans Pelicans
    Event ID: 48451f605af0efc8aa220afa2c3394da
    Commence: 2024-12-13T01:10:00Z
  Credits: 39993 used, 60007.0 remaining
    ✅ Success (926/987 games collected)
    💰 Est. credits used: 27,780/40,000

  Step 2: Fetching odds for game 4/18
    Washington Wizards @ Cleveland Cavaliers
    Event ID: 571baeece08b336e3826b7ca98b656d6
    Commence: 2024-12-14T00:10:00Z
  Credits: 40023 used, 59977.0 remaining
    ✅ Success (927/987 games collected)
    💰 Est. credits used: 27,810/40,000

  Step 2: Fetching odds for game 5/18
    Indiana Pacers @ Philadelphia 76ers
    Event ID: d051b9de0b1bf363e5827f1b2845e1a1
    Commence: 2024-12-14T00:10:00Z
  Credits: 40053 used, 59947.0 remaining
    ✅ Success (928/987 games collected)
    💰 Est. credits used: 27,840/40,000

  Step 2: Fetching odds for game 6/18
    Brooklyn Nets @ Memphis Grizzlies
    Event ID: bec5c54189264e7ee9b5f331f1769d30
    Commence: 2024-12-14T01:10:00Z
  Credits: 40053 used, 59947.0 remaining
    ✅ Success (929/987 games collected)
    💰 Est. credits used: 27,870/40,000

  Step 2: Fetching odds for game 7/18
    Charlotte Hornets @ Chicago Bulls
    Event ID: 588eb7f774dce2830329b5f78d43baa1
    Commence: 2024-12-14T01:10:00Z
  Credits: 40083 used, 59917.0 remaining
    ✅ Success (930/987 games collected)
    💰 Est. credits used: 27,900/40,000

  Step 2: Fetching odds for game 8/18
    Los Angeles Lakers @ Minnesota Timberwolves
    Event ID: 623861b782c1cc51619c7dee7b916d40
    Commence: 2024-12-14T01:10:00Z
  Credits: 40113 used, 59887.0 remaining
    ✅ Success (931/987 games collected)
    💰 Est. credits used: 27,930/40,000

  Step 2: Fetching odds for game 9/18
    Los Angeles Clippers @ Denver Nuggets
    Event ID: ea90eb672a04820dcd2b3c397a95c336
    Commence: 2024-12-14T02:10:00Z
  Credits: 40143 used, 59857.0 remaining
    ✅ Success (932/987 games collected)
    💰 Est. credits used: 27,960/40,000

  Step 2: Fetching odds for game 10/18
    Phoenix Suns @ Utah Jazz
    Event ID: cd8c159ede7f08847d2d82bb92bc08b4
    Commence: 2024-12-14T02:40:00Z
  Credits: 40143 used, 59857.0 remaining
    ✅ Success (933/987 games collected)
    💰 Est. credits used: 27,990/40,000

  Step 2: Fetching odds for game 11/18
    San Antonio Spurs @ Portland Trail Blazers
    Event ID: 01e15864afd824ea8f60b9766da2b1b6
    Commence: 2024-12-14T03:10:00Z
  Credits: 40143 used, 59857.0 remaining
    ✅ Success (934/987 games collected)
    💰 Est. credits used: 28,020/40,000

  Step 2: Fetching odds for game 12/18
    Atlanta Hawks @ Milwaukee Bucks
    Event ID: 9c0cdf4d91abf7e718d57cb1565a7079
    Commence: 2024-12-14T21:30:00Z
  Credits: 40143 used, 59857.0 remaining
    ✅ Success (935/987 games collected)
    💰 Est. credits used: 28,050/40,000

  Step 2: Fetching odds for game 13/18
    Houston Rockets @ Oklahoma City Thunder
    Event ID: 5a58a058b265aa10346a63c741bfdc43
    Commence: 2024-12-15T01:30:00Z
  Credits: 40143 used, 59857.0 remaining
    ✅ Success (936/987 games collected)
    💰 Est. credits used: 28,080/40,000

  Step 2: Fetching odds for game 14/18
    San Antonio Spurs @ New York Knicks
    Event ID: 973a6ea86af7d9e2bf4c52509822f5bf
    Commence: 2024-12-25T17:00:00Z
  Credits: 40143 used, 59857.0 remaining
    ✅ Success (937/987 games collected)
    💰 Est. credits used: 28,110/40,000

  Step 2: Fetching odds for game 15/18
    Minnesota Timberwolves @ Dallas Mavericks
    Event ID: 07a07eaa8f786d68cb371107f36f5b33
    Commence: 2024-12-25T19:30:00Z
  Credits: 40143 used, 59857.0 remaining
    ✅ Success (938/987 games collected)
    💰 Est. credits used: 28,140/40,000

  Step 2: Fetching odds for game 16/18
    Philadelphia 76ers @ Boston Celtics
    Event ID: 6f66bc2154fb45b2047e1c1c5afcdc38
    Commence: 2024-12-25T22:00:00Z
  Credits: 40143 used, 59857.0 remaining
    ✅ Success (939/987 games collected)
    💰 Est. credits used: 28,170/40,000

  Step 2: Fetching odds for game 17/18
    Los Angeles Lakers @ Golden State Warriors
    Event ID: bc6f994bad539db5054c8b750c437fb8
    Commence: 2024-12-26T01:00:00Z
  Credits: 40143 used, 59857.0 remaining
    ✅ Success (940/987 games collected)
    💰 Est. credits used: 28,200/40,000

  Step 2: Fetching odds for game 18/18
    Denver Nuggets @ Phoenix Suns
    Event ID: 22a9b650e64ca15cb0c83dc0148a571e
    Commence: 2024-12-26T03:30:00Z
  Credits: 40143 used, 59857.0 remaining
    ✅ Success (941/987 games collected)
    💰 Est. credits used: 28,230/40,000

[53/174] Processing 2024-12-13...
  Step 1: Fetching event IDs...
  Credits: 40144 used, 59856.0 remaining
  Found 15 game(s)

  Step 2: Fetching odds for game 1/15
    Washington Wizards @ Cleveland Cavaliers
    Event ID: 571baeece08b336e3826b7ca98b656d6
    Commence: 2024-12-14T00:10:00Z
  Credits: 40174 used, 59826.0 remaining
    ✅ Success (942/1002 games collected)
    💰 Est. credits used: 28,260/40,000

  Step 2: Fetching odds for game 2/15
    Indiana Pacers @ Philadelphia 76ers
    Event ID: d051b9de0b1bf363e5827f1b2845e1a1
    Commence: 2024-12-14T00:10:00Z
  Credits: 40204 used, 59796.0 remaining
    ✅ Success (943/1002 games collected)
    💰 Est. credits used: 28,290/40,000

  Step 2: Fetching odds for game 3/15
    Brooklyn Nets @ Memphis Grizzlies
    Event ID: bec5c54189264e7ee9b5f331f1769d30
    Commence: 2024-12-14T01:10:00Z
  Credits: 40234 used, 59766.0 remaining
    ✅ Success (944/1002 games collected)
    💰 Est. credits used: 28,320/40,000

  Step 2: Fetching odds for game 4/15
    Charlotte Hornets @ Chicago Bulls
    Event ID: 588eb7f774dce2830329b5f78d43baa1
    Commence: 2024-12-14T01:10:00Z
  Credits: 40264 used, 59736.0 remaining
    ✅ Success (945/1002 games collected)
    💰 Est. credits used: 28,350/40,000

  Step 2: Fetching odds for game 5/15
    Los Angeles Lakers @ Minnesota Timberwolves
    Event ID: 623861b782c1cc51619c7dee7b916d40
    Commence: 2024-12-14T01:10:00Z
  Credits: 40294 used, 59706.0 remaining
    ✅ Success (946/1002 games collected)
    💰 Est. credits used: 28,380/40,000

  Step 2: Fetching odds for game 6/15
    Los Angeles Clippers @ Denver Nuggets
    Event ID: ea90eb672a04820dcd2b3c397a95c336
    Commence: 2024-12-14T02:10:00Z
  Credits: 40324 used, 59676.0 remaining
    ✅ Success (947/1002 games collected)
    💰 Est. credits used: 28,410/40,000

  Step 2: Fetching odds for game 7/15
    Phoenix Suns @ Utah Jazz
    Event ID: cd8c159ede7f08847d2d82bb92bc08b4
    Commence: 2024-12-14T02:40:00Z
  Credits: 40354 used, 59646.0 remaining
    ✅ Success (948/1002 games collected)
    💰 Est. credits used: 28,440/40,000

  Step 2: Fetching odds for game 8/15
    San Antonio Spurs @ Portland Trail Blazers
    Event ID: 01e15864afd824ea8f60b9766da2b1b6
    Commence: 2024-12-14T03:10:00Z
  Credits: 40384 used, 59616.0 remaining
    ✅ Success (949/1002 games collected)
    💰 Est. credits used: 28,470/40,000

  Step 2: Fetching odds for game 9/15
    Atlanta Hawks @ Milwaukee Bucks
    Event ID: 9c0cdf4d91abf7e718d57cb1565a7079
    Commence: 2024-12-14T21:30:00Z
  Credits: 40414 used, 59586.0 remaining
    ✅ Success (950/1002 games collected)
    💰 Est. credits used: 28,500/40,000

  Step 2: Fetching odds for game 10/15
    Houston Rockets @ Oklahoma City Thunder
    Event ID: 5a58a058b265aa10346a63c741bfdc43
    Commence: 2024-12-15T01:30:00Z
  Credits: 40444 used, 59556.0 remaining
    ✅ Success (951/1002 games collected)
    💰 Est. credits used: 28,530/40,000

  Step 2: Fetching odds for game 11/15
    San Antonio Spurs @ New York Knicks
    Event ID: 973a6ea86af7d9e2bf4c52509822f5bf
    Commence: 2024-12-25T17:00:00Z
  Credits: 40444 used, 59556.0 remaining
    ✅ Success (952/1002 games collected)
    💰 Est. credits used: 28,560/40,000

  Step 2: Fetching odds for game 12/15
    Minnesota Timberwolves @ Dallas Mavericks
    Event ID: 07a07eaa8f786d68cb371107f36f5b33
    Commence: 2024-12-25T19:30:00Z
  Credits: 40444 used, 59556.0 remaining
    ✅ Success (953/1002 games collected)
    💰 Est. credits used: 28,590/40,000

  Step 2: Fetching odds for game 13/15
    Philadelphia 76ers @ Boston Celtics
    Event ID: 6f66bc2154fb45b2047e1c1c5afcdc38
    Commence: 2024-12-25T22:00:00Z
  Credits: 40444 used, 59556.0 remaining
    ✅ Success (954/1002 games collected)
    💰 Est. credits used: 28,620/40,000

  Step 2: Fetching odds for game 14/15
    Los Angeles Lakers @ Golden State Warriors
    Event ID: bc6f994bad539db5054c8b750c437fb8
    Commence: 2024-12-26T01:00:00Z
  Credits: 40444 used, 59556.0 remaining
    ✅ Success (955/1002 games collected)
    💰 Est. credits used: 28,650/40,000

  Step 2: Fetching odds for game 15/15
    Denver Nuggets @ Phoenix Suns
    Event ID: 22a9b650e64ca15cb0c83dc0148a571e
    Commence: 2024-12-26T03:30:00Z
  Credits: 40444 used, 59556.0 remaining
    ✅ Success (956/1002 games collected)
    💰 Est. credits used: 28,680/40,000

[54/174] Processing 2024-12-14...
  Step 1: Fetching event IDs...
  Credits: 40445 used, 59555.0 remaining
  Found 13 game(s)

  Step 2: Fetching odds for game 1/13
    Atlanta Hawks @ Milwaukee Bucks
    Event ID: 9c0cdf4d91abf7e718d57cb1565a7079
    Commence: 2024-12-14T21:30:00Z
  Credits: 40445 used, 59555.0 remaining
    ✅ Success (957/1015 games collected)
    💰 Est. credits used: 28,710/40,000

  Step 2: Fetching odds for game 2/13
    Houston Rockets @ Oklahoma City Thunder
    Event ID: 5a58a058b265aa10346a63c741bfdc43
    Commence: 2024-12-15T01:30:00Z
  Credits: 40475 used, 59525.0 remaining
    ✅ Success (958/1015 games collected)
    💰 Est. credits used: 28,740/40,000

  Step 2: Fetching odds for game 3/13
    New Orleans Pelicans @ Indiana Pacers
    Event ID: d39aa4878e703e91b1aa9e62e785375a
    Commence: 2024-12-15T22:10:00Z
  Credits: 40505 used, 59495.0 remaining
    ✅ Success (959/1015 games collected)
    💰 Est. credits used: 28,770/40,000

  Step 2: Fetching odds for game 4/13
    Boston Celtics @ Washington Wizards
    Event ID: d06ca60172ba8aa0a163912aef82c90c
    Commence: 2024-12-15T23:10:00Z
  Credits: 40505 used, 59495.0 remaining
    ✅ Success (960/1015 games collected)
    💰 Est. credits used: 28,800/40,000

  Step 2: Fetching odds for game 5/13
    New York Knicks @ Orlando Magic
    Event ID: a4bdbd45f909b1f12bcb318d61e628ca
    Commence: 2024-12-15T23:10:00Z
  Credits: 40535 used, 59465.0 remaining
    ✅ Success (961/1015 games collected)
    💰 Est. credits used: 28,830/40,000

  Step 2: Fetching odds for game 6/13
    Minnesota Timberwolves @ San Antonio Spurs
    Event ID: e45d417f345d21a702da9414af2aee73
    Commence: 2024-12-16T00:10:00Z
  Credits: 40565 used, 59435.0 remaining
    ✅ Success (962/1015 games collected)
    💰 Est. credits used: 28,860/40,000

  Step 2: Fetching odds for game 7/13
    Portland Trail Blazers @ Phoenix Suns
    Event ID: 0410ba016f5c48252bf26ebb09e5f08a
    Commence: 2024-12-16T01:10:00Z
  Credits: 40565 used, 59435.0 remaining
    ✅ Success (963/1015 games collected)
    💰 Est. credits used: 28,890/40,000

  Step 2: Fetching odds for game 8/13
    Dallas Mavericks @ Golden State Warriors
    Event ID: 2ed631812e25779f3ad3703ec54656b5
    Commence: 2024-12-16T01:40:00Z
  Credits: 40595 used, 59405.0 remaining
    ✅ Success (964/1015 games collected)
    💰 Est. credits used: 28,920/40,000

  Step 2: Fetching odds for game 9/13
    Memphis Grizzlies @ Los Angeles Lakers
    Event ID: dcd0da92bf3c4f3a97d2023b9ac14ae8
    Commence: 2024-12-16T02:40:00Z
  Credits: 40595 used, 59405.0 remaining
    ✅ Success (965/1015 games collected)
    💰 Est. credits used: 28,950/40,000

  Step 2: Fetching odds for game 10/13
    San Antonio Spurs @ New York Knicks
    Event ID: 973a6ea86af7d9e2bf4c52509822f5bf
    Commence: 2024-12-25T17:00:00Z
  Credits: 40595 used, 59405.0 remaining
    ✅ Success (966/1015 games collected)
    💰 Est. credits used: 28,980/40,000

  Step 2: Fetching odds for game 11/13
    Minnesota Timberwolves @ Dallas Mavericks
    Event ID: 07a07eaa8f786d68cb371107f36f5b33
    Commence: 2024-12-25T19:30:00Z
  Credits: 40595 used, 59405.0 remaining
    ✅ Success (967/1015 games collected)
    💰 Est. credits used: 29,010/40,000

  Step 2: Fetching odds for game 12/13
    Los Angeles Lakers @ Golden State Warriors
    Event ID: bc6f994bad539db5054c8b750c437fb8
    Commence: 2024-12-26T01:00:00Z
  Credits: 40595 used, 59405.0 remaining
    ✅ Success (968/1015 games collected)
    💰 Est. credits used: 29,040/40,000

  Step 2: Fetching odds for game 13/13
    Denver Nuggets @ Phoenix Suns
    Event ID: 22a9b650e64ca15cb0c83dc0148a571e
    Commence: 2024-12-26T03:30:00Z
  Credits: 40595 used, 59405.0 remaining
    ✅ Success (969/1015 games collected)
    💰 Est. credits used: 29,070/40,000

[55/174] Processing 2024-12-15...
  Step 1: Fetching event IDs...
  Credits: 40596 used, 59404.0 remaining
  Found 12 game(s)

  Step 2: Fetching odds for game 1/12
    New Orleans Pelicans @ Indiana Pacers
    Event ID: d39aa4878e703e91b1aa9e62e785375a
    Commence: 2024-12-15T22:10:00Z
  Credits: 40626 used, 59374.0 remaining
    ✅ Success (970/1027 games collected)
    💰 Est. credits used: 29,100/40,000

  Step 2: Fetching odds for game 2/12
    Boston Celtics @ Washington Wizards
    Event ID: d06ca60172ba8aa0a163912aef82c90c
    Commence: 2024-12-15T23:10:00Z
  Credits: 40656 used, 59344.0 remaining
    ✅ Success (971/1027 games collected)
    💰 Est. credits used: 29,130/40,000

  Step 2: Fetching odds for game 3/12
    New York Knicks @ Orlando Magic
    Event ID: a4bdbd45f909b1f12bcb318d61e628ca
    Commence: 2024-12-15T23:10:00Z
  Credits: 40686 used, 59314.0 remaining
    ✅ Success (972/1027 games collected)
    💰 Est. credits used: 29,160/40,000

  Step 2: Fetching odds for game 4/12
    Minnesota Timberwolves @ San Antonio Spurs
    Event ID: e45d417f345d21a702da9414af2aee73
    Commence: 2024-12-16T00:10:00Z
  Credits: 40716 used, 59284.0 remaining
    ✅ Success (973/1027 games collected)
    💰 Est. credits used: 29,190/40,000

  Step 2: Fetching odds for game 5/12
    Portland Trail Blazers @ Phoenix Suns
    Event ID: 0410ba016f5c48252bf26ebb09e5f08a
    Commence: 2024-12-16T01:10:00Z
  Credits: 40746 used, 59254.0 remaining
    ✅ Success (974/1027 games collected)
    💰 Est. credits used: 29,220/40,000

  Step 2: Fetching odds for game 6/12
    Dallas Mavericks @ Golden State Warriors
    Event ID: 2ed631812e25779f3ad3703ec54656b5
    Commence: 2024-12-16T01:40:00Z
  Credits: 40776 used, 59224.0 remaining
    ✅ Success (975/1027 games collected)
    💰 Est. credits used: 29,250/40,000

  Step 2: Fetching odds for game 7/12
    Memphis Grizzlies @ Los Angeles Lakers
    Event ID: dcd0da92bf3c4f3a97d2023b9ac14ae8
    Commence: 2024-12-16T02:40:00Z
  Credits: 40806 used, 59194.0 remaining
    ✅ Success (976/1027 games collected)
    💰 Est. credits used: 29,280/40,000

  Step 2: Fetching odds for game 8/12
    Milwaukee Bucks @ Oklahoma City Thunder
    Event ID: 552b0679668ac1011ceb86524711c27b
    Commence: 2024-12-18T01:40:00Z
  Credits: 40836 used, 59164.0 remaining
    ✅ Success (977/1027 games collected)
    💰 Est. credits used: 29,310/40,000

  Step 2: Fetching odds for game 9/12
    San Antonio Spurs @ New York Knicks
    Event ID: 973a6ea86af7d9e2bf4c52509822f5bf
    Commence: 2024-12-25T17:00:00Z
  Credits: 40836 used, 59164.0 remaining
    ✅ Success (978/1027 games collected)
    💰 Est. credits used: 29,340/40,000

  Step 2: Fetching odds for game 10/12
    Minnesota Timberwolves @ Dallas Mavericks
    Event ID: 07a07eaa8f786d68cb371107f36f5b33
    Commence: 2024-12-25T19:30:00Z
  Credits: 40836 used, 59164.0 remaining
    ✅ Success (979/1027 games collected)
    💰 Est. credits used: 29,370/40,000

  Step 2: Fetching odds for game 11/12
    Los Angeles Lakers @ Golden State Warriors
    Event ID: bc6f994bad539db5054c8b750c437fb8
    Commence: 2024-12-26T01:00:00Z
  Credits: 40836 used, 59164.0 remaining
    ✅ Success (980/1027 games collected)
    💰 Est. credits used: 29,400/40,000

  Step 2: Fetching odds for game 12/12
    Denver Nuggets @ Phoenix Suns
    Event ID: 22a9b650e64ca15cb0c83dc0148a571e
    Commence: 2024-12-26T03:30:00Z
  Credits: 40836 used, 59164.0 remaining
    ✅ Success (981/1027 games collected)
    💰 Est. credits used: 29,430/40,000

[56/174] Processing 2024-12-16...
  Step 1: Fetching event IDs...
  Credits: 40837 used, 59163.0 remaining
  Found 11 game(s)

  Step 2: Fetching odds for game 1/11
    Philadelphia 76ers @ Charlotte Hornets
    Event ID: 2a31912a9ecdfebe488e739445bb3433
    Commence: 2024-12-17T00:10:00Z
  Credits: 40867 used, 59133.0 remaining
    ✅ Success (982/1038 games collected)
    💰 Est. credits used: 29,460/40,000

  Step 2: Fetching odds for game 2/11
    Miami Heat @ Detroit Pistons
    Event ID: 7443aaf02669cab6651424f81b3ede58
    Commence: 2024-12-17T00:10:00Z
  Credits: 40897 used, 59103.0 remaining
    ✅ Success (983/1038 games collected)
    💰 Est. credits used: 29,490/40,000

  Step 2: Fetching odds for game 3/11
    Cleveland Cavaliers @ Brooklyn Nets
    Event ID: edcdaa8d607277d189d7993fe9c396e6
    Commence: 2024-12-17T00:40:00Z
  Credits: 40927 used, 59073.0 remaining
    ✅ Success (984/1038 games collected)
    💰 Est. credits used: 29,520/40,000

  Step 2: Fetching odds for game 4/11
    Chicago Bulls @ Toronto Raptors
    Event ID: 5f31a3ad7465f5265d9f393ed141f213
    Commence: 2024-12-17T00:40:00Z
  Credits: 40957 used, 59043.0 remaining
    ✅ Success (985/1038 games collected)
    💰 Est. credits used: 29,550/40,000

  Step 2: Fetching odds for game 5/11
    Denver Nuggets @ Sacramento Kings
    Event ID: 04f9c6a45bf9361d47a32ac0542bb3e4
    Commence: 2024-12-17T03:10:00Z
  Credits: 40987 used, 59013.0 remaining
    ✅ Success (986/1038 games collected)
    💰 Est. credits used: 29,580/40,000

  Step 2: Fetching odds for game 6/11
    Utah Jazz @ Los Angeles Clippers
    Event ID: d298cc7d7547424883b2ddffcc91a730
    Commence: 2024-12-17T03:40:00Z
  Credits: 41017 used, 58983.0 remaining
    ✅ Success (987/1038 games collected)
    💰 Est. credits used: 29,610/40,000

  Step 2: Fetching odds for game 7/11
    Milwaukee Bucks @ Oklahoma City Thunder
    Event ID: 552b0679668ac1011ceb86524711c27b
    Commence: 2024-12-18T01:40:00Z
  Credits: 41047 used, 58953.0 remaining
    ✅ Success (988/1038 games collected)
    💰 Est. credits used: 29,640/40,000

  Step 2: Fetching odds for game 8/11
    San Antonio Spurs @ New York Knicks
    Event ID: 973a6ea86af7d9e2bf4c52509822f5bf
    Commence: 2024-12-25T17:00:00Z
  Credits: 41047 used, 58953.0 remaining
    ✅ Success (989/1038 games collected)
    💰 Est. credits used: 29,670/40,000

  Step 2: Fetching odds for game 9/11
    Minnesota Timberwolves @ Dallas Mavericks
    Event ID: 07a07eaa8f786d68cb371107f36f5b33
    Commence: 2024-12-25T19:30:00Z
  Credits: 41047 used, 58953.0 remaining
    ✅ Success (990/1038 games collected)
    💰 Est. credits used: 29,700/40,000

  Step 2: Fetching odds for game 10/11
    Los Angeles Lakers @ Golden State Warriors
    Event ID: bc6f994bad539db5054c8b750c437fb8
    Commence: 2024-12-26T01:00:00Z
  Credits: 41047 used, 58953.0 remaining
    ✅ Success (991/1038 games collected)
    💰 Est. credits used: 29,730/40,000

  Step 2: Fetching odds for game 11/11
    Denver Nuggets @ Phoenix Suns
    Event ID: 22a9b650e64ca15cb0c83dc0148a571e
    Commence: 2024-12-26T03:30:00Z
  Credits: 41047 used, 58953.0 remaining
    ✅ Success (992/1038 games collected)
    💰 Est. credits used: 29,760/40,000

[57/174] Processing 2024-12-17...
  Step 1: Fetching event IDs...
  Credits: 41048 used, 58952.0 remaining
  Found 18 game(s)

  Step 2: Fetching odds for game 1/18
    Milwaukee Bucks @ Oklahoma City Thunder
    Event ID: 552b0679668ac1011ceb86524711c27b
    Commence: 2024-12-18T01:40:00Z
  Credits: 41078 used, 58922.0 remaining
    ✅ Success (993/1056 games collected)
    💰 Est. credits used: 29,790/40,000

  Step 2: Fetching odds for game 2/18
    Oklahoma City Thunder @ Orlando Magic
    Event ID: 9bcbac9c9a2d69aba5d65416ad520221
    Commence: 2024-12-20T00:00:00Z
  Credits: 41108 used, 58892.0 remaining
    ✅ Success (994/1056 games collected)
    💰 Est. credits used: 29,820/40,000

  Step 2: Fetching odds for game 3/18
    Charlotte Hornets @ Washington Wizards
    Event ID: 689e962f39b76d1fbb129c94a56cfb65
    Commence: 2024-12-20T00:10:00Z
  Credits: 41108 used, 58892.0 remaining
    ✅ Success (995/1056 games collected)
    💰 Est. credits used: 29,850/40,000

  Step 2: Fetching odds for game 4/18
    Utah Jazz @ Detroit Pistons
    Event ID: 4da343a0092066f8ba76605cc93f9e99
    Commence: 2024-12-20T00:10:00Z
  Credits: 41138 used, 58862.0 remaining
    ✅ Success (996/1056 games collected)
    💰 Est. credits used: 29,880/40,000

  Step 2: Fetching odds for game 5/18
    Brooklyn Nets @ Toronto Raptors
    Event ID: 4f50ef6ba691863493d1518e5809002a
    Commence: 2024-12-20T00:30:00Z
  Credits: 41168 used, 58832.0 remaining
    ✅ Success (997/1056 games collected)
    💰 Est. credits used: 29,910/40,000

  Step 2: Fetching odds for game 6/18
    Chicago Bulls @ Boston Celtics
    Event ID: 7a9b0d738dd82c314cc060949d355833
    Commence: 2024-12-20T00:40:00Z
  Credits: 41168 used, 58832.0 remaining
    ✅ Success (998/1056 games collected)
    💰 Est. credits used: 29,940/40,000

  Step 2: Fetching odds for game 7/18
    Atlanta Hawks @ San Antonio Spurs
    Event ID: 0837d9568df4daac2dd707b8e927b9d3
    Commence: 2024-12-20T01:10:00Z
  Credits: 41198 used, 58802.0 remaining
    ✅ Success (999/1056 games collected)
    💰 Est. credits used: 29,970/40,000

  Step 2: Fetching odds for game 8/18
    Golden State Warriors @ Memphis Grizzlies
    Event ID: a53d227fcd0b37ba102524b758d0322e
    Commence: 2024-12-20T01:10:00Z
  Credits: 41228 used, 58772.0 remaining
    ✅ Success (1000/1056 games collected)
    💰 Est. credits used: 30,000/40,000

  Step 2: Fetching odds for game 9/18
    New Orleans Pelicans @ Houston Rockets
    Event ID: 060d352f0c7cb2692c6265d50e2fe240
    Commence: 2024-12-20T01:10:00Z
  Credits: 41258 used, 58742.0 remaining
    ✅ Success (1001/1056 games collected)
    💰 Est. credits used: 30,030/40,000

  Step 2: Fetching odds for game 10/18
    Los Angeles Clippers @ Dallas Mavericks
    Event ID: 301210ba967d10356037e1f79a5e0d02
    Commence: 2024-12-20T01:30:00Z
  Credits: 41288 used, 58712.0 remaining
    ✅ Success (1002/1056 games collected)
    💰 Est. credits used: 30,060/40,000

  Step 2: Fetching odds for game 11/18
    Indiana Pacers @ Phoenix Suns
    Event ID: ee575ce96a769e7bdb5d7d2609a7fca0
    Commence: 2024-12-20T02:10:00Z
  Credits: 41288 used, 58712.0 remaining
    ✅ Success (1003/1056 games collected)
    💰 Est. credits used: 30,090/40,000

  Step 2: Fetching odds for game 12/18
    New York Knicks @ Minnesota Timberwolves
    Event ID: 1c742df7f4aebc9328c3824455b24eee
    Commence: 2024-12-20T02:30:00Z
  Credits: 41318 used, 58682.0 remaining
    ✅ Success (1004/1056 games collected)
    💰 Est. credits used: 30,120/40,000

  Step 2: Fetching odds for game 13/18
    Denver Nuggets @ Portland Trail Blazers
    Event ID: 5fd5e867bfeef8ce745416d8749be6e6
    Commence: 2024-12-20T03:00:00Z
  Credits: 41348 used, 58652.0 remaining
    ✅ Success (1005/1056 games collected)
    💰 Est. credits used: 30,150/40,000

  Step 2: Fetching odds for game 14/18
    Los Angeles Lakers @ Sacramento Kings
    Event ID: 69b2a23ca9e715f8b441c297d40f2028
    Commence: 2024-12-20T03:00:00Z
  Credits: 41378 used, 58622.0 remaining
    ✅ Success (1006/1056 games collected)
    💰 Est. credits used: 30,180/40,000

  Step 2: Fetching odds for game 15/18
    San Antonio Spurs @ New York Knicks
    Event ID: 973a6ea86af7d9e2bf4c52509822f5bf
    Commence: 2024-12-25T17:00:00Z
  Credits: 41378 used, 58622.0 remaining
    ✅ Success (1007/1056 games collected)
    💰 Est. credits used: 30,210/40,000

  Step 2: Fetching odds for game 16/18
    Minnesota Timberwolves @ Dallas Mavericks
    Event ID: 07a07eaa8f786d68cb371107f36f5b33
    Commence: 2024-12-25T19:30:00Z
  Credits: 41378 used, 58622.0 remaining
    ✅ Success (1008/1056 games collected)
    💰 Est. credits used: 30,240/40,000

  Step 2: Fetching odds for game 17/18
    Los Angeles Lakers @ Golden State Warriors
    Event ID: bc6f994bad539db5054c8b750c437fb8
    Commence: 2024-12-26T01:00:00Z
  Credits: 41378 used, 58622.0 remaining
    ✅ Success (1009/1056 games collected)
    💰 Est. credits used: 30,270/40,000

  Step 2: Fetching odds for game 18/18
    Denver Nuggets @ Phoenix Suns
    Event ID: 22a9b650e64ca15cb0c83dc0148a571e
    Commence: 2024-12-26T03:30:00Z
  Credits: 41378 used, 58622.0 remaining
    ✅ Success (1010/1056 games collected)
    💰 Est. credits used: 30,300/40,000

[58/174] Processing 2024-12-18...
  Step 1: Fetching event IDs...
  Credits: 41379 used, 58621.0 remaining
  Found 17 game(s)

  Step 2: Fetching odds for game 1/17
    Oklahoma City Thunder @ Orlando Magic
    Event ID: 9bcbac9c9a2d69aba5d65416ad520221
    Commence: 2024-12-20T00:00:00Z
  Credits: 41409 used, 58591.0 remaining
    ✅ Success (1011/1073 games collected)
    💰 Est. credits used: 30,330/40,000

  Step 2: Fetching odds for game 2/17
    Charlotte Hornets @ Washington Wizards
    Event ID: 689e962f39b76d1fbb129c94a56cfb65
    Commence: 2024-12-20T00:10:00Z
  Credits: 41439 used, 58561.0 remaining
    ✅ Success (1012/1073 games collected)
    💰 Est. credits used: 30,360/40,000

  Step 2: Fetching odds for game 3/17
    Utah Jazz @ Detroit Pistons
    Event ID: 4da343a0092066f8ba76605cc93f9e99
    Commence: 2024-12-20T00:10:00Z
  Credits: 41469 used, 58531.0 remaining
    ✅ Success (1013/1073 games collected)
    💰 Est. credits used: 30,390/40,000

  Step 2: Fetching odds for game 4/17
    Chicago Bulls @ Boston Celtics
    Event ID: 7a9b0d738dd82c314cc060949d355833
    Commence: 2024-12-20T00:40:00Z
  Credits: 41499 used, 58501.0 remaining
    ✅ Success (1014/1073 games collected)
    💰 Est. credits used: 30,420/40,000

  Step 2: Fetching odds for game 5/17
    Brooklyn Nets @ Toronto Raptors
    Event ID: 4f50ef6ba691863493d1518e5809002a
    Commence: 2024-12-20T00:40:00Z
  Credits: 41529 used, 58471.0 remaining
    ✅ Success (1015/1073 games collected)
    💰 Est. credits used: 30,450/40,000

  Step 2: Fetching odds for game 6/17
    Atlanta Hawks @ San Antonio Spurs
    Event ID: 0837d9568df4daac2dd707b8e927b9d3
    Commence: 2024-12-20T01:10:00Z
  Credits: 41559 used, 58441.0 remaining
    ✅ Success (1016/1073 games collected)
    💰 Est. credits used: 30,480/40,000

  Step 2: Fetching odds for game 7/17
    Golden State Warriors @ Memphis Grizzlies
    Event ID: a53d227fcd0b37ba102524b758d0322e
    Commence: 2024-12-20T01:10:00Z
  Credits: 41589 used, 58411.0 remaining
    ✅ Success (1017/1073 games collected)
    💰 Est. credits used: 30,510/40,000

  Step 2: Fetching odds for game 8/17
    New Orleans Pelicans @ Houston Rockets
    Event ID: 060d352f0c7cb2692c6265d50e2fe240
    Commence: 2024-12-20T01:10:00Z
  Credits: 41619 used, 58381.0 remaining
    ✅ Success (1018/1073 games collected)
    💰 Est. credits used: 30,540/40,000

  Step 2: Fetching odds for game 9/17
    Los Angeles Clippers @ Dallas Mavericks
    Event ID: 301210ba967d10356037e1f79a5e0d02
    Commence: 2024-12-20T01:40:00Z
  Credits: 41649 used, 58351.0 remaining
    ✅ Success (1019/1073 games collected)
    💰 Est. credits used: 30,570/40,000

  Step 2: Fetching odds for game 10/17
    Indiana Pacers @ Phoenix Suns
    Event ID: ee575ce96a769e7bdb5d7d2609a7fca0
    Commence: 2024-12-20T02:10:00Z
  Credits: 41679 used, 58321.0 remaining
    ✅ Success (1020/1073 games collected)
    💰 Est. credits used: 30,600/40,000

  Step 2: Fetching odds for game 11/17
    New York Knicks @ Minnesota Timberwolves
    Event ID: 1c742df7f4aebc9328c3824455b24eee
    Commence: 2024-12-20T02:30:00Z
  Credits: 41709 used, 58291.0 remaining
    ✅ Success (1021/1073 games collected)
    💰 Est. credits used: 30,630/40,000

  Step 2: Fetching odds for game 12/17
    Denver Nuggets @ Portland Trail Blazers
    Event ID: 5fd5e867bfeef8ce745416d8749be6e6
    Commence: 2024-12-20T03:10:00Z
  Credits: 41739 used, 58261.0 remaining
    ✅ Success (1022/1073 games collected)
    💰 Est. credits used: 30,660/40,000

  Step 2: Fetching odds for game 13/17
    Los Angeles Lakers @ Sacramento Kings
    Event ID: 69b2a23ca9e715f8b441c297d40f2028
    Commence: 2024-12-20T03:10:00Z
  Credits: 41769 used, 58231.0 remaining
    ✅ Success (1023/1073 games collected)
    💰 Est. credits used: 30,690/40,000

  Step 2: Fetching odds for game 14/17
    San Antonio Spurs @ New York Knicks
    Event ID: 973a6ea86af7d9e2bf4c52509822f5bf
    Commence: 2024-12-25T17:00:00Z
  Credits: 41769 used, 58231.0 remaining
    ✅ Success (1024/1073 games collected)
    💰 Est. credits used: 30,720/40,000

  Step 2: Fetching odds for game 15/17
    Minnesota Timberwolves @ Dallas Mavericks
    Event ID: 07a07eaa8f786d68cb371107f36f5b33
    Commence: 2024-12-25T19:30:00Z
  Credits: 41769 used, 58231.0 remaining
    ✅ Success (1025/1073 games collected)
    💰 Est. credits used: 30,750/40,000

  Step 2: Fetching odds for game 16/17
    Los Angeles Lakers @ Golden State Warriors
    Event ID: bc6f994bad539db5054c8b750c437fb8
    Commence: 2024-12-26T01:00:00Z
  Credits: 41769 used, 58231.0 remaining
    ✅ Success (1026/1073 games collected)
    💰 Est. credits used: 30,780/40,000

  Step 2: Fetching odds for game 17/17
    Denver Nuggets @ Phoenix Suns
    Event ID: 22a9b650e64ca15cb0c83dc0148a571e
    Commence: 2024-12-26T03:30:00Z
  Credits: 41769 used, 58231.0 remaining
    ✅ Success (1027/1073 games collected)
    💰 Est. credits used: 30,810/40,000

[59/174] Processing 2024-12-19...
  Step 1: Fetching event IDs...
  Credits: 41770 used, 58230.0 remaining
  Found 17 game(s)

  Step 2: Fetching odds for game 1/17
    Oklahoma City Thunder @ Orlando Magic
    Event ID: 9bcbac9c9a2d69aba5d65416ad520221
    Commence: 2024-12-20T00:00:00Z
  Credits: 41800 used, 58200.0 remaining
    ✅ Success (1028/1090 games collected)
    💰 Est. credits used: 30,840/40,000

  Step 2: Fetching odds for game 2/17
    Charlotte Hornets @ Washington Wizards
    Event ID: 689e962f39b76d1fbb129c94a56cfb65
    Commence: 2024-12-20T00:10:00Z
  Credits: 41830 used, 58170.0 remaining
    ✅ Success (1029/1090 games collected)
    💰 Est. credits used: 30,870/40,000

  Step 2: Fetching odds for game 3/17
    Utah Jazz @ Detroit Pistons
    Event ID: 4da343a0092066f8ba76605cc93f9e99
    Commence: 2024-12-20T00:10:00Z
  Credits: 41860 used, 58140.0 remaining
    ✅ Success (1030/1090 games collected)
    💰 Est. credits used: 30,900/40,000

  Step 2: Fetching odds for game 4/17
    Chicago Bulls @ Boston Celtics
    Event ID: 7a9b0d738dd82c314cc060949d355833
    Commence: 2024-12-20T00:40:00Z
  Credits: 41890 used, 58110.0 remaining
    ✅ Success (1031/1090 games collected)
    💰 Est. credits used: 30,930/40,000

  Step 2: Fetching odds for game 5/17
    Brooklyn Nets @ Toronto Raptors
    Event ID: 4f50ef6ba691863493d1518e5809002a
    Commence: 2024-12-20T00:40:00Z
  Credits: 41920 used, 58080.0 remaining
    ✅ Success (1032/1090 games collected)
    💰 Est. credits used: 30,960/40,000

  Step 2: Fetching odds for game 6/17
    Atlanta Hawks @ San Antonio Spurs
    Event ID: 0837d9568df4daac2dd707b8e927b9d3
    Commence: 2024-12-20T01:10:00Z
  Credits: 41950 used, 58050.0 remaining
    ✅ Success (1033/1090 games collected)
    💰 Est. credits used: 30,990/40,000

  Step 2: Fetching odds for game 7/17
    Golden State Warriors @ Memphis Grizzlies
    Event ID: a53d227fcd0b37ba102524b758d0322e
    Commence: 2024-12-20T01:10:00Z
  Credits: 41980 used, 58020.0 remaining
    ✅ Success (1034/1090 games collected)
    💰 Est. credits used: 31,020/40,000

  Step 2: Fetching odds for game 8/17
    New Orleans Pelicans @ Houston Rockets
    Event ID: 060d352f0c7cb2692c6265d50e2fe240
    Commence: 2024-12-20T01:10:00Z
  Credits: 42010 used, 57990.0 remaining
    ✅ Success (1035/1090 games collected)
    💰 Est. credits used: 31,050/40,000

  Step 2: Fetching odds for game 9/17
    Los Angeles Clippers @ Dallas Mavericks
    Event ID: 301210ba967d10356037e1f79a5e0d02
    Commence: 2024-12-20T01:40:00Z
  Credits: 42040 used, 57960.0 remaining
    ✅ Success (1036/1090 games collected)
    💰 Est. credits used: 31,080/40,000

  Step 2: Fetching odds for game 10/17
    Indiana Pacers @ Phoenix Suns
    Event ID: ee575ce96a769e7bdb5d7d2609a7fca0
    Commence: 2024-12-20T02:10:00Z
  Credits: 42070 used, 57930.0 remaining
    ✅ Success (1037/1090 games collected)
    💰 Est. credits used: 31,110/40,000

  Step 2: Fetching odds for game 11/17
    New York Knicks @ Minnesota Timberwolves
    Event ID: 1c742df7f4aebc9328c3824455b24eee
    Commence: 2024-12-20T02:30:00Z
  Credits: 42100 used, 57900.0 remaining
    ✅ Success (1038/1090 games collected)
    💰 Est. credits used: 31,140/40,000

  Step 2: Fetching odds for game 12/17
    Denver Nuggets @ Portland Trail Blazers
    Event ID: 5fd5e867bfeef8ce745416d8749be6e6
    Commence: 2024-12-20T03:10:00Z
  Credits: 42130 used, 57870.0 remaining
    ✅ Success (1039/1090 games collected)
    💰 Est. credits used: 31,170/40,000

  Step 2: Fetching odds for game 13/17
    Los Angeles Lakers @ Sacramento Kings
    Event ID: 69b2a23ca9e715f8b441c297d40f2028
    Commence: 2024-12-20T03:10:00Z
  Credits: 42160 used, 57840.0 remaining
    ✅ Success (1040/1090 games collected)
    💰 Est. credits used: 31,200/40,000

  Step 2: Fetching odds for game 14/17
    San Antonio Spurs @ New York Knicks
    Event ID: 973a6ea86af7d9e2bf4c52509822f5bf
    Commence: 2024-12-25T17:00:00Z
  Credits: 42160 used, 57840.0 remaining
    ✅ Success (1041/1090 games collected)
    💰 Est. credits used: 31,230/40,000

  Step 2: Fetching odds for game 15/17
    Minnesota Timberwolves @ Dallas Mavericks
    Event ID: 07a07eaa8f786d68cb371107f36f5b33
    Commence: 2024-12-25T19:30:00Z
  Credits: 42160 used, 57840.0 remaining
    ✅ Success (1042/1090 games collected)
    💰 Est. credits used: 31,260/40,000

  Step 2: Fetching odds for game 16/17
    Los Angeles Lakers @ Golden State Warriors
    Event ID: bc6f994bad539db5054c8b750c437fb8
    Commence: 2024-12-26T01:00:00Z
  Credits: 42160 used, 57840.0 remaining
    ✅ Success (1043/1090 games collected)
    💰 Est. credits used: 31,290/40,000

  Step 2: Fetching odds for game 17/17
    Denver Nuggets @ Phoenix Suns
    Event ID: 22a9b650e64ca15cb0c83dc0148a571e
    Commence: 2024-12-26T03:30:00Z
  Credits: 42160 used, 57840.0 remaining
    ✅ Success (1044/1090 games collected)
    💰 Est. credits used: 31,320/40,000

[60/174] Processing 2024-12-20...
  Step 1: Fetching event IDs...
  Credits: 42161 used, 57839.0 remaining
  Found 7 game(s)

  Step 2: Fetching odds for game 1/7
    Charlotte Hornets @ Philadelphia 76ers
    Event ID: 2a7dbcfb83d9321a10d76ff067ee48e8
    Commence: 2024-12-21T00:10:00Z
  Credits: 42191 used, 57809.0 remaining
    ✅ Success (1045/1097 games collected)
    💰 Est. credits used: 31,350/40,000

  Step 2: Fetching odds for game 2/7
    Milwaukee Bucks @ Cleveland Cavaliers
    Event ID: de4b0a58518b04e6a594bf13cf088bf9
    Commence: 2024-12-21T00:40:00Z
  Credits: 42221 used, 57779.0 remaining
    ✅ Success (1046/1097 games collected)
    💰 Est. credits used: 31,380/40,000

  Step 2: Fetching odds for game 3/7
    Oklahoma City Thunder @ Miami Heat
    Event ID: 7e71c7e05484687ee8c14b8a0b9ab364
    Commence: 2024-12-21T01:10:00Z
  Credits: 42251 used, 57749.0 remaining
    ✅ Success (1047/1097 games collected)
    💰 Est. credits used: 31,410/40,000

  Step 2: Fetching odds for game 4/7
    San Antonio Spurs @ New York Knicks
    Event ID: 973a6ea86af7d9e2bf4c52509822f5bf
    Commence: 2024-12-25T17:00:00Z
  Credits: 42251 used, 57749.0 remaining
    ✅ Success (1048/1097 games collected)
    💰 Est. credits used: 31,440/40,000

  Step 2: Fetching odds for game 5/7
    Minnesota Timberwolves @ Dallas Mavericks
    Event ID: 07a07eaa8f786d68cb371107f36f5b33
    Commence: 2024-12-25T19:30:00Z
  Credits: 42251 used, 57749.0 remaining
    ✅ Success (1049/1097 games collected)
    💰 Est. credits used: 31,470/40,000

  Step 2: Fetching odds for game 6/7
    Los Angeles Lakers @ Golden State Warriors
    Event ID: bc6f994bad539db5054c8b750c437fb8
    Commence: 2024-12-26T01:00:00Z
  Credits: 42251 used, 57749.0 remaining
    ✅ Success (1050/1097 games collected)
    💰 Est. credits used: 31,500/40,000

  Step 2: Fetching odds for game 7/7
    Denver Nuggets @ Phoenix Suns
    Event ID: 22a9b650e64ca15cb0c83dc0148a571e
    Commence: 2024-12-26T03:30:00Z
  Credits: 42251 used, 57749.0 remaining
    ✅ Success (1051/1097 games collected)
    💰 Est. credits used: 31,530/40,000

💾 Checkpoint saved: data/nba/checkpoints/checkpoint-2024-12-20.json

[61/174] Processing 2024-12-21...
  Step 1: Fetching event IDs...
  Credits: 42252 used, 57748.0 remaining
  Found 16 game(s)

  Step 2: Fetching odds for game 1/16
    Los Angeles Lakers @ Sacramento Kings
    Event ID: 6c862db84095718c9991f8b053ee0f97
    Commence: 2024-12-21T23:10:00Z
  Credits: 42282 used, 57718.0 remaining
    ✅ Success (1052/1113 games collected)
    💰 Est. credits used: 31,560/40,000

  Step 2: Fetching odds for game 2/16
    Miami Heat @ Orlando Magic
    Event ID: 18aa38443177f6700205547721af548f
    Commence: 2024-12-22T00:10:00Z
  Credits: 42312 used, 57688.0 remaining
    ✅ Success (1053/1113 games collected)
    💰 Est. credits used: 31,590/40,000

  Step 2: Fetching odds for game 3/16
    Memphis Grizzlies @ Atlanta Hawks
    Event ID: 83b021d80acb98e663163868877a0a18
    Commence: 2024-12-22T00:40:00Z
  Credits: 42342 used, 57658.0 remaining
    ✅ Success (1054/1113 games collected)
    💰 Est. credits used: 31,620/40,000

  Step 2: Fetching odds for game 4/16
    Utah Jazz @ Brooklyn Nets
    Event ID: 6504e5952ce79a153f38459f95a047fb
    Commence: 2024-12-22T00:40:00Z
  Credits: 42372 used, 57628.0 remaining
    ✅ Success (1055/1113 games collected)
    💰 Est. credits used: 31,650/40,000

  Step 2: Fetching odds for game 5/16
    Boston Celtics @ Chicago Bulls
    Event ID: dae3fc7ce74c00ce2864375961c2e1c4
    Commence: 2024-12-22T01:10:00Z
  Credits: 42402 used, 57598.0 remaining
    ✅ Success (1056/1113 games collected)
    💰 Est. credits used: 31,680/40,000

  Step 2: Fetching odds for game 6/16
    Philadelphia 76ers @ Cleveland Cavaliers
    Event ID: c2ada948dd2fde81b6268f418bfe3f52
    Commence: 2024-12-22T01:10:00Z
  Credits: 42432 used, 57568.0 remaining
    ✅ Success (1057/1113 games collected)
    💰 Est. credits used: 31,710/40,000

  Step 2: Fetching odds for game 7/16
    Golden State Warriors @ Minnesota Timberwolves
    Event ID: b9d90ca3edc4711f12b18ca7946846ce
    Commence: 2024-12-22T01:10:00Z
  Credits: 42462 used, 57538.0 remaining
    ✅ Success (1058/1113 games collected)
    💰 Est. credits used: 31,740/40,000

  Step 2: Fetching odds for game 8/16
    Washington Wizards @ Milwaukee Bucks
    Event ID: dde018748d6f9c1384f4ac2ed1594024
    Commence: 2024-12-22T01:10:00Z
  Credits: 42492 used, 57508.0 remaining
    ✅ Success (1059/1113 games collected)
    💰 Est. credits used: 31,770/40,000

  Step 2: Fetching odds for game 9/16
    New York Knicks @ New Orleans Pelicans
    Event ID: a52558d9391d7cf1e5aa6edbb2b08aa7
    Commence: 2024-12-22T01:10:00Z
  Credits: 42522 used, 57478.0 remaining
    ✅ Success (1060/1113 games collected)
    💰 Est. credits used: 31,800/40,000

  Step 2: Fetching odds for game 10/16
    Los Angeles Clippers @ Dallas Mavericks
    Event ID: 73dfe6579a2b46bfb459afc35e214797
    Commence: 2024-12-22T01:40:00Z
  Credits: 42552 used, 57448.0 remaining
    ✅ Success (1061/1113 games collected)
    💰 Est. credits used: 31,830/40,000

  Step 2: Fetching odds for game 11/16
    Portland Trail Blazers @ San Antonio Spurs
    Event ID: 36ec65d55154bf5da3ee0058205e11b5
    Commence: 2024-12-22T01:40:00Z
  Credits: 42582 used, 57418.0 remaining
    ✅ Success (1062/1113 games collected)
    💰 Est. credits used: 31,860/40,000

  Step 2: Fetching odds for game 12/16
    Detroit Pistons @ Phoenix Suns
    Event ID: 9a00be7e1e076a07bdae93cacf15456e
    Commence: 2024-12-22T02:10:00Z
  Credits: 42612 used, 57388.0 remaining
    ✅ Success (1063/1113 games collected)
    💰 Est. credits used: 31,890/40,000

  Step 2: Fetching odds for game 13/16
    San Antonio Spurs @ New York Knicks
    Event ID: 973a6ea86af7d9e2bf4c52509822f5bf
    Commence: 2024-12-25T17:00:00Z
  Credits: 42612 used, 57388.0 remaining
    ✅ Success (1064/1113 games collected)
    💰 Est. credits used: 31,920/40,000

  Step 2: Fetching odds for game 14/16
    Minnesota Timberwolves @ Dallas Mavericks
    Event ID: 07a07eaa8f786d68cb371107f36f5b33
    Commence: 2024-12-25T19:30:00Z
  Credits: 42612 used, 57388.0 remaining
    ✅ Success (1065/1113 games collected)
    💰 Est. credits used: 31,950/40,000

  Step 2: Fetching odds for game 15/16
    Los Angeles Lakers @ Golden State Warriors
    Event ID: bc6f994bad539db5054c8b750c437fb8
    Commence: 2024-12-26T01:00:00Z
  Credits: 42612 used, 57388.0 remaining
    ✅ Success (1066/1113 games collected)
    💰 Est. credits used: 31,980/40,000

  Step 2: Fetching odds for game 16/16
    Denver Nuggets @ Phoenix Suns
    Event ID: 22a9b650e64ca15cb0c83dc0148a571e
    Commence: 2024-12-26T03:30:00Z
  Credits: 42612 used, 57388.0 remaining
    ✅ Success (1067/1113 games collected)
    💰 Est. credits used: 32,010/40,000

[62/174] Processing 2024-12-22...
  Step 1: Fetching event IDs...
  Credits: 42613 used, 57387.0 remaining
  Found 8 game(s)

  Step 2: Fetching odds for game 1/8
    Indiana Pacers @ Sacramento Kings
    Event ID: 34df465b55c9b15d02fdfde3184afacc
    Commence: 2024-12-22T23:00:00Z
  Credits: 42643 used, 57357.0 remaining
    ✅ Success (1068/1121 games collected)
    💰 Est. credits used: 32,040/40,000

  Step 2: Fetching odds for game 2/8
    Houston Rockets @ Toronto Raptors
    Event ID: 06bea5c751ad73d3977dc90d2b8e198b
    Commence: 2024-12-22T23:10:00Z
  Credits: 42673 used, 57327.0 remaining
    ✅ Success (1069/1121 games collected)
    💰 Est. credits used: 32,070/40,000

  Step 2: Fetching odds for game 3/8
    Denver Nuggets @ New Orleans Pelicans
    Event ID: 01d70bf94d2e1519cbfbfb51c684fc25
    Commence: 2024-12-23T00:10:00Z
  Credits: 42703 used, 57297.0 remaining
    ✅ Success (1070/1121 games collected)
    💰 Est. credits used: 32,100/40,000

  Step 2: Fetching odds for game 4/8
    San Antonio Spurs @ New York Knicks
    Event ID: 973a6ea86af7d9e2bf4c52509822f5bf
    Commence: 2024-12-25T17:00:00Z
  Credits: 42703 used, 57297.0 remaining
    ✅ Success (1071/1121 games collected)
    💰 Est. credits used: 32,130/40,000

  Step 2: Fetching odds for game 5/8
    Minnesota Timberwolves @ Dallas Mavericks
    Event ID: 07a07eaa8f786d68cb371107f36f5b33
    Commence: 2024-12-25T19:30:00Z
  Credits: 42703 used, 57297.0 remaining
    ✅ Success (1072/1121 games collected)
    💰 Est. credits used: 32,160/40,000

  Step 2: Fetching odds for game 6/8
    Philadelphia 76ers @ Boston Celtics
    Event ID: 6f66bc2154fb45b2047e1c1c5afcdc38
    Commence: 2024-12-25T22:10:00Z
  Credits: 42703 used, 57297.0 remaining
    ✅ Success (1073/1121 games collected)
    💰 Est. credits used: 32,190/40,000

  Step 2: Fetching odds for game 7/8
    Los Angeles Lakers @ Golden State Warriors
    Event ID: bc6f994bad539db5054c8b750c437fb8
    Commence: 2024-12-26T01:00:00Z
  Credits: 42703 used, 57297.0 remaining
    ✅ Success (1074/1121 games collected)
    💰 Est. credits used: 32,220/40,000

  Step 2: Fetching odds for game 8/8
    Denver Nuggets @ Phoenix Suns
    Event ID: 22a9b650e64ca15cb0c83dc0148a571e
    Commence: 2024-12-26T03:30:00Z
  Credits: 42703 used, 57297.0 remaining
    ✅ Success (1075/1121 games collected)
    💰 Est. credits used: 32,250/40,000

[63/174] Processing 2024-12-23...
  Step 1: Fetching event IDs...
  Credits: 42704 used, 57296.0 remaining
  Found 19 game(s)

  Step 2: Fetching odds for game 1/19
    Boston Celtics @ Orlando Magic
    Event ID: 30397cce5394ae6ddb2c658d04968cfa
    Commence: 2024-12-24T00:10:00Z
  Credits: 42734 used, 57266.0 remaining
    ✅ Success (1076/1140 games collected)
    💰 Est. credits used: 32,280/40,000

  Step 2: Fetching odds for game 2/19
    Houston Rockets @ Charlotte Hornets
    Event ID: 3f8dcdc2520a406d27bdddd648fdd1e3
    Commence: 2024-12-24T00:10:00Z
  Credits: 42764 used, 57236.0 remaining
    ✅ Success (1077/1140 games collected)
    💰 Est. credits used: 32,310/40,000

  Step 2: Fetching odds for game 3/19
    Utah Jazz @ Cleveland Cavaliers
    Event ID: 8b97a1006b31e8e04032fdde4532b193
    Commence: 2024-12-24T00:10:00Z
  Credits: 42794 used, 57206.0 remaining
    ✅ Success (1078/1140 games collected)
    💰 Est. credits used: 32,340/40,000

  Step 2: Fetching odds for game 4/19
    San Antonio Spurs @ Philadelphia 76ers
    Event ID: d040eb23dfbc283aea0d74734bf4407f
    Commence: 2024-12-24T00:10:00Z
  Credits: 42824 used, 57176.0 remaining
    ✅ Success (1079/1140 games collected)
    💰 Est. credits used: 32,370/40,000

  Step 2: Fetching odds for game 5/19
    Minnesota Timberwolves @ Atlanta Hawks
    Event ID: 57afe6dde59b6c16ef531b74a94033a5
    Commence: 2024-12-24T00:40:00Z
  Credits: 42854 used, 57146.0 remaining
    ✅ Success (1080/1140 games collected)
    💰 Est. credits used: 32,400/40,000

  Step 2: Fetching odds for game 6/19
    Brooklyn Nets @ Miami Heat
    Event ID: 18aaff6c645021bf95f39e0e73f59871
    Commence: 2024-12-24T00:40:00Z
  Credits: 42884 used, 57116.0 remaining
    ✅ Success (1081/1140 games collected)
    💰 Est. credits used: 32,430/40,000

  Step 2: Fetching odds for game 7/19
    Toronto Raptors @ New York Knicks
    Event ID: d18868492802b762e425d1280c791373
    Commence: 2024-12-24T00:40:00Z
  Credits: 42915 used, 57085.0 remaining
    ✅ Success (1082/1140 games collected)
    💰 Est. credits used: 32,460/40,000

  Step 2: Fetching odds for game 8/19
    Milwaukee Bucks @ Chicago Bulls
    Event ID: d981712f3f0aa1f3864dda6040a05a3f
    Commence: 2024-12-24T01:10:00Z
  Credits: 42945 used, 57055.0 remaining
    ✅ Success (1083/1140 games collected)
    💰 Est. credits used: 32,490/40,000

  Step 2: Fetching odds for game 9/19
    Los Angeles Clippers @ Memphis Grizzlies
    Event ID: 80bb19938199e433727700a204ade43f
    Commence: 2024-12-24T01:10:00Z
  Credits: 42975 used, 57025.0 remaining
    ✅ Success (1084/1140 games collected)
    💰 Est. credits used: 32,520/40,000

  Step 2: Fetching odds for game 10/19
    Washington Wizards @ Oklahoma City Thunder
    Event ID: 48656b41c4f2e42dee4c455d2f88de52
    Commence: 2024-12-24T01:10:00Z
  Credits: 43005 used, 56995.0 remaining
    ✅ Success (1085/1140 games collected)
    💰 Est. credits used: 32,550/40,000

  Step 2: Fetching odds for game 11/19
    Portland Trail Blazers @ Dallas Mavericks
    Event ID: 24dc530655644f98609de8f7c33c465a
    Commence: 2024-12-24T01:40:00Z
  Credits: 43035 used, 56965.0 remaining
    ✅ Success (1086/1140 games collected)
    💰 Est. credits used: 32,580/40,000

  Step 2: Fetching odds for game 12/19
    Phoenix Suns @ Denver Nuggets
    Event ID: 38bdace5e2d728fa7daced7f3705071f
    Commence: 2024-12-24T03:10:00Z
  Credits: 43065 used, 56935.0 remaining
    ✅ Success (1087/1140 games collected)
    💰 Est. credits used: 32,610/40,000

  Step 2: Fetching odds for game 13/19
    Indiana Pacers @ Golden State Warriors
    Event ID: 4ce62dddd2bc680984fcefa576c224fd
    Commence: 2024-12-24T03:10:00Z
  Credits: 43095 used, 56905.0 remaining
    ✅ Success (1088/1140 games collected)
    💰 Est. credits used: 32,640/40,000

  Step 2: Fetching odds for game 14/19
    Detroit Pistons @ Los Angeles Lakers
    Event ID: 2e4aac41db6b060069cef597eaa36189
    Commence: 2024-12-24T03:40:00Z
  Credits: 43125 used, 56875.0 remaining
    ✅ Success (1089/1140 games collected)
    💰 Est. credits used: 32,670/40,000

  Step 2: Fetching odds for game 15/19
    San Antonio Spurs @ New York Knicks
    Event ID: 973a6ea86af7d9e2bf4c52509822f5bf
    Commence: 2024-12-25T17:00:00Z
  Credits: 43125 used, 56875.0 remaining
    ✅ Success (1090/1140 games collected)
    💰 Est. credits used: 32,700/40,000

  Step 2: Fetching odds for game 16/19
    Minnesota Timberwolves @ Dallas Mavericks
    Event ID: 07a07eaa8f786d68cb371107f36f5b33
    Commence: 2024-12-25T19:30:00Z
  Credits: 43125 used, 56875.0 remaining
    ✅ Success (1091/1140 games collected)
    💰 Est. credits used: 32,730/40,000

  Step 2: Fetching odds for game 17/19
    Philadelphia 76ers @ Boston Celtics
    Event ID: 6f66bc2154fb45b2047e1c1c5afcdc38
    Commence: 2024-12-25T22:00:00Z
  Credits: 43125 used, 56875.0 remaining
    ✅ Success (1092/1140 games collected)
    💰 Est. credits used: 32,760/40,000

  Step 2: Fetching odds for game 18/19
    Los Angeles Lakers @ Golden State Warriors
    Event ID: bc6f994bad539db5054c8b750c437fb8
    Commence: 2024-12-26T01:00:00Z
  Credits: 43125 used, 56875.0 remaining
    ✅ Success (1093/1140 games collected)
    💰 Est. credits used: 32,790/40,000

  Step 2: Fetching odds for game 19/19
    Denver Nuggets @ Phoenix Suns
    Event ID: 22a9b650e64ca15cb0c83dc0148a571e
    Commence: 2024-12-26T03:30:00Z
  Credits: 43125 used, 56875.0 remaining
    ✅ Success (1094/1140 games collected)
    💰 Est. credits used: 32,820/40,000

[64/174] Processing 2024-12-24...
  Step 1: Fetching event IDs...
  Credits: 43126 used, 56874.0 remaining
  Found 5 game(s)

  Step 2: Fetching odds for game 1/5
    San Antonio Spurs @ New York Knicks
    Event ID: 973a6ea86af7d9e2bf4c52509822f5bf
    Commence: 2024-12-25T17:00:00Z
  Credits: 43156 used, 56844.0 remaining
    ✅ Success (1095/1145 games collected)
    💰 Est. credits used: 32,850/40,000

  Step 2: Fetching odds for game 2/5
    Minnesota Timberwolves @ Dallas Mavericks
    Event ID: 07a07eaa8f786d68cb371107f36f5b33
    Commence: 2024-12-25T19:30:00Z
  Credits: 43186 used, 56814.0 remaining
    ✅ Success (1096/1145 games collected)
    💰 Est. credits used: 32,880/40,000

  Step 2: Fetching odds for game 3/5
    Philadelphia 76ers @ Boston Celtics
    Event ID: 6f66bc2154fb45b2047e1c1c5afcdc38
    Commence: 2024-12-25T22:00:00Z
  Credits: 43216 used, 56784.0 remaining
    ✅ Success (1097/1145 games collected)
    💰 Est. credits used: 32,910/40,000

  Step 2: Fetching odds for game 4/5
    Los Angeles Lakers @ Golden State Warriors
    Event ID: bc6f994bad539db5054c8b750c437fb8
    Commence: 2024-12-26T01:00:00Z
  Credits: 43246 used, 56754.0 remaining
    ✅ Success (1098/1145 games collected)
    💰 Est. credits used: 32,940/40,000

  Step 2: Fetching odds for game 5/5
    Denver Nuggets @ Phoenix Suns
    Event ID: 22a9b650e64ca15cb0c83dc0148a571e
    Commence: 2024-12-26T03:30:00Z
  Credits: 43276 used, 56724.0 remaining
    ✅ Success (1099/1145 games collected)
    💰 Est. credits used: 32,970/40,000

[65/174] Processing 2024-12-25...
  Step 1: Fetching event IDs...
  Credits: 43277 used, 56723.0 remaining
  Found 14 game(s)

  Step 2: Fetching odds for game 1/14
    San Antonio Spurs @ New York Knicks
    Event ID: 973a6ea86af7d9e2bf4c52509822f5bf
    Commence: 2024-12-25T17:00:00Z
  Credits: 43277 used, 56723.0 remaining
  Retry 1/3: HTTP 404: Not Found
  Credits: 43277 used, 56723.0 remaining
  Retry 2/3: HTTP 404: Not Found
  Credits: 43277 used, 56723.0 remaining
  Retry 3/3: HTTP 404: Not Found
  ❌ Failed to fetch odds for 973a6ea86af7d9e2bf4c52509822f5bf: HTTP 404: Not Found
    ⚠️  No odds data available

  Step 2: Fetching odds for game 2/14
    Minnesota Timberwolves @ Dallas Mavericks
    Event ID: 07a07eaa8f786d68cb371107f36f5b33
    Commence: 2024-12-25T19:30:00Z
  Credits: 43277 used, 56723.0 remaining
  Retry 1/3: HTTP 404: Not Found
  Credits: 43277 used, 56723.0 remaining
  Retry 2/3: HTTP 404: Not Found
  Credits: 43277 used, 56723.0 remaining
  Retry 3/3: HTTP 404: Not Found
  ❌ Failed to fetch odds for 07a07eaa8f786d68cb371107f36f5b33: HTTP 404: Not Found
    ⚠️  No odds data available

  Step 2: Fetching odds for game 3/14
    Philadelphia 76ers @ Boston Celtics
    Event ID: 6f66bc2154fb45b2047e1c1c5afcdc38
    Commence: 2024-12-25T22:00:00Z
  Credits: 43307 used, 56693.0 remaining
    ✅ Success (1100/1159 games collected)
    💰 Est. credits used: 33,000/40,000

  Step 2: Fetching odds for game 4/14
    Los Angeles Lakers @ Golden State Warriors
    Event ID: bc6f994bad539db5054c8b750c437fb8
    Commence: 2024-12-26T01:00:00Z
  Credits: 43337 used, 56663.0 remaining
    ✅ Success (1101/1159 games collected)
    💰 Est. credits used: 33,030/40,000

  Step 2: Fetching odds for game 5/14
    Denver Nuggets @ Phoenix Suns
    Event ID: 22a9b650e64ca15cb0c83dc0148a571e
    Commence: 2024-12-26T03:30:00Z
  Credits: 43367 used, 56633.0 remaining
    ✅ Success (1102/1159 games collected)
    💰 Est. credits used: 33,060/40,000

  Step 2: Fetching odds for game 6/14
    Charlotte Hornets @ Washington Wizards
    Event ID: 4bfd5b23c0d4cad658d4a20ea0f06955
    Commence: 2024-12-27T00:10:00Z
  Credits: 43367 used, 56633.0 remaining
    ✅ Success (1103/1159 games collected)
    💰 Est. credits used: 33,090/40,000

  Step 2: Fetching odds for game 7/14
    Oklahoma City Thunder @ Indiana Pacers
    Event ID: e21b40ce22364256e88f6c0ad7193033
    Commence: 2024-12-27T00:10:00Z
  Credits: 43367 used, 56633.0 remaining
    ✅ Success (1104/1159 games collected)
    💰 Est. credits used: 33,120/40,000

  Step 2: Fetching odds for game 8/14
    Miami Heat @ Orlando Magic
    Event ID: e39267d11691e68e77ef431e52fdb11e
    Commence: 2024-12-27T00:10:00Z
  Credits: 43367 used, 56633.0 remaining
    ✅ Success (1105/1159 games collected)
    💰 Est. credits used: 33,150/40,000

  Step 2: Fetching odds for game 9/14
    Chicago Bulls @ Atlanta Hawks
    Event ID: af06375b9911e15a6f5d2b3de8705daf
    Commence: 2024-12-27T00:40:00Z
  Credits: 43367 used, 56633.0 remaining
    ✅ Success (1106/1159 games collected)
    💰 Est. credits used: 33,180/40,000

  Step 2: Fetching odds for game 10/14
    Brooklyn Nets @ Milwaukee Bucks
    Event ID: f90f5c23b0fa7053a26e7a0568c8fa39
    Commence: 2024-12-27T01:10:00Z
  Credits: 43367 used, 56633.0 remaining
    ✅ Success (1107/1159 games collected)
    💰 Est. credits used: 33,210/40,000

  Step 2: Fetching odds for game 11/14
    Houston Rockets @ New Orleans Pelicans
    Event ID: db1120a8a9bf3cb147989817bc5bdaad
    Commence: 2024-12-27T01:10:00Z
  Credits: 43367 used, 56633.0 remaining
    ✅ Success (1108/1159 games collected)
    💰 Est. credits used: 33,240/40,000

  Step 2: Fetching odds for game 12/14
    Toronto Raptors @ Memphis Grizzlies
    Event ID: cbe24b9f6a6dd3e656d4dd1eb7850341
    Commence: 2024-12-27T01:10:00Z
  Credits: 43367 used, 56633.0 remaining
    ✅ Success (1109/1159 games collected)
    💰 Est. credits used: 33,270/40,000

  Step 2: Fetching odds for game 13/14
    Detroit Pistons @ Sacramento Kings
    Event ID: 6d8fe26d7672819d7668680ebe499cc1
    Commence: 2024-12-27T03:10:00Z
  Credits: 43367 used, 56633.0 remaining
    ✅ Success (1110/1159 games collected)
    💰 Est. credits used: 33,300/40,000

  Step 2: Fetching odds for game 14/14
    Utah Jazz @ Portland Trail Blazers
    Event ID: 419d8d371201cc9b15e2784811c98d1c
    Commence: 2024-12-27T03:10:00Z
  Credits: 43367 used, 56633.0 remaining
    ✅ Success (1111/1159 games collected)
    💰 Est. credits used: 33,330/40,000

[66/174] Processing 2024-12-26...
  Step 1: Fetching event IDs...
  Credits: 43368 used, 56632.0 remaining
  Found 9 game(s)

  Step 2: Fetching odds for game 1/9
    Charlotte Hornets @ Washington Wizards
    Event ID: 4bfd5b23c0d4cad658d4a20ea0f06955
    Commence: 2024-12-27T00:00:00Z
  Credits: 43398 used, 56602.0 remaining
    ✅ Success (1112/1168 games collected)
    💰 Est. credits used: 33,360/40,000

  Step 2: Fetching odds for game 2/9
    Miami Heat @ Orlando Magic
    Event ID: e39267d11691e68e77ef431e52fdb11e
    Commence: 2024-12-27T00:00:00Z
  Credits: 43428 used, 56572.0 remaining
    ✅ Success (1113/1168 games collected)
    💰 Est. credits used: 33,390/40,000

  Step 2: Fetching odds for game 3/9
    Oklahoma City Thunder @ Indiana Pacers
    Event ID: e21b40ce22364256e88f6c0ad7193033
    Commence: 2024-12-27T00:10:00Z
  Credits: 43458 used, 56542.0 remaining
    ✅ Success (1114/1168 games collected)
    💰 Est. credits used: 33,420/40,000

  Step 2: Fetching odds for game 4/9
    Chicago Bulls @ Atlanta Hawks
    Event ID: af06375b9911e15a6f5d2b3de8705daf
    Commence: 2024-12-27T00:40:00Z
  Credits: 43488 used, 56512.0 remaining
    ✅ Success (1115/1168 games collected)
    💰 Est. credits used: 33,450/40,000

  Step 2: Fetching odds for game 5/9
    Brooklyn Nets @ Milwaukee Bucks
    Event ID: f90f5c23b0fa7053a26e7a0568c8fa39
    Commence: 2024-12-27T01:10:00Z
  Credits: 43518 used, 56482.0 remaining
    ✅ Success (1116/1168 games collected)
    💰 Est. credits used: 33,480/40,000

  Step 2: Fetching odds for game 6/9
    Houston Rockets @ New Orleans Pelicans
    Event ID: db1120a8a9bf3cb147989817bc5bdaad
    Commence: 2024-12-27T01:10:00Z
  Credits: 43548 used, 56452.0 remaining
    ✅ Success (1117/1168 games collected)
    💰 Est. credits used: 33,510/40,000

  Step 2: Fetching odds for game 7/9
    Toronto Raptors @ Memphis Grizzlies
    Event ID: cbe24b9f6a6dd3e656d4dd1eb7850341
    Commence: 2024-12-27T01:10:00Z
  Credits: 43578 used, 56422.0 remaining
    ✅ Success (1118/1168 games collected)
    💰 Est. credits used: 33,540/40,000

  Step 2: Fetching odds for game 8/9
    Detroit Pistons @ Sacramento Kings
    Event ID: 6d8fe26d7672819d7668680ebe499cc1
    Commence: 2024-12-27T03:10:00Z
  Credits: 43608 used, 56392.0 remaining
    ✅ Success (1119/1168 games collected)
    💰 Est. credits used: 33,570/40,000

  Step 2: Fetching odds for game 9/9
    Utah Jazz @ Portland Trail Blazers
    Event ID: 419d8d371201cc9b15e2784811c98d1c
    Commence: 2024-12-27T03:10:00Z
  Credits: 43638 used, 56362.0 remaining
    ✅ Success (1120/1168 games collected)
    💰 Est. credits used: 33,600/40,000

[67/174] Processing 2024-12-27...
  Step 1: Fetching event IDs...
  Credits: 43639 used, 56361.0 remaining
  Found 8 game(s)

  Step 2: Fetching odds for game 1/8
    New York Knicks @ Orlando Magic
    Event ID: 7a05980674f68bc16f680e72ec56a341
    Commence: 2024-12-28T00:10:00Z
  Credits: 43669 used, 56331.0 remaining
    ✅ Success (1121/1176 games collected)
    💰 Est. credits used: 33,630/40,000

  Step 2: Fetching odds for game 2/8
    Indiana Pacers @ Boston Celtics
    Event ID: dbc1c5cdc05f9f23ad5ba940b826dbe8
    Commence: 2024-12-28T00:40:00Z
  Credits: 43699 used, 56301.0 remaining
    ✅ Success (1122/1176 games collected)
    💰 Est. credits used: 33,660/40,000

  Step 2: Fetching odds for game 3/8
    San Antonio Spurs @ Brooklyn Nets
    Event ID: 1469ef9c9f1234b6e4b4459d278febf9
    Commence: 2024-12-28T00:40:00Z
  Credits: 43729 used, 56271.0 remaining
    ✅ Success (1123/1176 games collected)
    💰 Est. credits used: 33,690/40,000

  Step 2: Fetching odds for game 4/8
    Minnesota Timberwolves @ Houston Rockets
    Event ID: 6d8f048a883629979e17719317a2cffd
    Commence: 2024-12-28T01:10:00Z
  Credits: 43759 used, 56241.0 remaining
    ✅ Success (1124/1176 games collected)
    💰 Est. credits used: 33,720/40,000

  Step 2: Fetching odds for game 5/8
    Memphis Grizzlies @ New Orleans Pelicans
    Event ID: bc47b4f184c141ec9dfeee3384a9aada
    Commence: 2024-12-28T01:10:00Z
  Credits: 43789 used, 56211.0 remaining
    ✅ Success (1125/1176 games collected)
    💰 Est. credits used: 33,750/40,000

  Step 2: Fetching odds for game 6/8
    Cleveland Cavaliers @ Denver Nuggets
    Event ID: e7c8bb79711405f088d6e1a5aa8c8611
    Commence: 2024-12-28T02:10:00Z
  Credits: 43819 used, 56181.0 remaining
    ✅ Success (1126/1176 games collected)
    💰 Est. credits used: 33,780/40,000

  Step 2: Fetching odds for game 7/8
    Dallas Mavericks @ Phoenix Suns
    Event ID: dd5c7ce9aab037d3f7c681c18576ca9b
    Commence: 2024-12-28T02:10:00Z
  Credits: 43849 used, 56151.0 remaining
    ✅ Success (1127/1176 games collected)
    💰 Est. credits used: 33,810/40,000

  Step 2: Fetching odds for game 8/8
    Golden State Warriors @ Los Angeles Clippers
    Event ID: cff4f10e2bdfa44473fd70dd746dafec
    Commence: 2024-12-28T03:10:00Z
  Credits: 43879 used, 56121.0 remaining
    ✅ Success (1128/1176 games collected)
    💰 Est. credits used: 33,840/40,000

[68/174] Processing 2024-12-28...
  Step 1: Fetching event IDs...
  Credits: 43880 used, 56120.0 remaining
  Found 9 game(s)

  Step 2: Fetching odds for game 1/9
    Miami Heat @ Atlanta Hawks
    Event ID: 19588d18dd485a02f3cd4b0205255548
    Commence: 2024-12-28T20:10:00Z
  Credits: 43880 used, 56120.0 remaining
  Retry 1/3: HTTP 404: Not Found
  Credits: 43880 used, 56120.0 remaining
  Retry 2/3: HTTP 404: Not Found
  Credits: 43880 used, 56120.0 remaining
  Retry 3/3: HTTP 404: Not Found
  ❌ Failed to fetch odds for 19588d18dd485a02f3cd4b0205255548: HTTP 404: Not Found
    ⚠️  No odds data available

  Step 2: Fetching odds for game 2/9
    Oklahoma City Thunder @ Charlotte Hornets
    Event ID: 95cbd0296c0f0db22d72550d5cbdc127
    Commence: 2024-12-28T23:10:00Z
  Credits: 43910 used, 56090.0 remaining
    ✅ Success (1129/1185 games collected)
    💰 Est. credits used: 33,870/40,000

  Step 2: Fetching odds for game 3/9
    New York Knicks @ Washington Wizards
    Event ID: 344f56fc125c7da72e13ee290d092afa
    Commence: 2024-12-29T00:10:00Z
  Credits: 43940 used, 56060.0 remaining
    ✅ Success (1130/1185 games collected)
    💰 Est. credits used: 33,900/40,000

  Step 2: Fetching odds for game 4/9
    Milwaukee Bucks @ Chicago Bulls
    Event ID: 40e1ec3c8239124263fe3b44acd212a3
    Commence: 2024-12-29T01:10:00Z
  Credits: 43970 used, 56030.0 remaining
    ✅ Success (1131/1185 games collected)
    💰 Est. credits used: 33,930/40,000

  Step 2: Fetching odds for game 5/9
    Phoenix Suns @ Golden State Warriors
    Event ID: e39682fc30c7ab5da3052a91ece65b60
    Commence: 2024-12-29T01:40:00Z
  Credits: 44000 used, 56000.0 remaining
    ✅ Success (1132/1185 games collected)
    💰 Est. credits used: 33,960/40,000

  Step 2: Fetching odds for game 6/9
    Detroit Pistons @ Denver Nuggets
    Event ID: efb1af33c4ee8c1152e9f4c8fa696aed
    Commence: 2024-12-29T02:10:00Z
  Credits: 44030 used, 55970.0 remaining
    ✅ Success (1133/1185 games collected)
    💰 Est. credits used: 33,990/40,000

  Step 2: Fetching odds for game 7/9
    Philadelphia 76ers @ Utah Jazz
    Event ID: 069de53617a33409fad9af82b567b9b1
    Commence: 2024-12-29T02:40:00Z
  Credits: 44060 used, 55940.0 remaining
    ✅ Success (1134/1185 games collected)
    💰 Est. credits used: 34,020/40,000

  Step 2: Fetching odds for game 8/9
    Dallas Mavericks @ Portland Trail Blazers
    Event ID: db7e00deff470f6ae263cb4382733028
    Commence: 2024-12-29T03:10:00Z
  Credits: 44090 used, 55910.0 remaining
    ✅ Success (1135/1185 games collected)
    💰 Est. credits used: 34,050/40,000

  Step 2: Fetching odds for game 9/9
    Sacramento Kings @ Los Angeles Lakers
    Event ID: 5c003c67504420c3b2d17099ec541204
    Commence: 2024-12-29T03:40:00Z
  Credits: 44120 used, 55880.0 remaining
    ✅ Success (1136/1185 games collected)
    💰 Est. credits used: 34,080/40,000

[69/174] Processing 2024-12-29...
  Step 1: Fetching event IDs...
  Credits: 44121 used, 55879.0 remaining
  Found 6 game(s)

  Step 2: Fetching odds for game 1/6
    Brooklyn Nets @ Orlando Magic
    Event ID: 5d7315a20314b4214c36dbb8e66e153d
    Commence: 2024-12-29T20:40:00Z
  Credits: 44121 used, 55879.0 remaining
  Retry 1/3: HTTP 404: Not Found
  Credits: 44121 used, 55879.0 remaining
  Retry 2/3: HTTP 404: Not Found
  Credits: 44121 used, 55879.0 remaining
  Retry 3/3: HTTP 404: Not Found
  ❌ Failed to fetch odds for 5d7315a20314b4214c36dbb8e66e153d: HTTP 404: Not Found
    ⚠️  No odds data available

  Step 2: Fetching odds for game 2/6
    Atlanta Hawks @ Toronto Raptors
    Event ID: fb14bcb5417043c018da7f5a62be0ea4
    Commence: 2024-12-29T23:10:00Z
  Credits: 44151 used, 55849.0 remaining
    ✅ Success (1137/1191 games collected)
    💰 Est. credits used: 34,110/40,000

  Step 2: Fetching odds for game 3/6
    Indiana Pacers @ Boston Celtics
    Event ID: d3ae24d0197450a3e35f06815f27c0d9
    Commence: 2024-12-29T23:10:00Z
  Credits: 44181 used, 55819.0 remaining
    ✅ Success (1138/1191 games collected)
    💰 Est. credits used: 34,140/40,000

  Step 2: Fetching odds for game 4/6
    Miami Heat @ Houston Rockets
    Event ID: 4c77212c2915a07f52f48d02dc9d3e76
    Commence: 2024-12-30T00:10:00Z
  Credits: 44211 used, 55789.0 remaining
    ✅ Success (1139/1191 games collected)
    💰 Est. credits used: 34,170/40,000

  Step 2: Fetching odds for game 5/6
    Memphis Grizzlies @ Oklahoma City Thunder
    Event ID: ea39a22680a88694363e2bfb801c8f40
    Commence: 2024-12-30T00:10:00Z
  Credits: 44241 used, 55759.0 remaining
    ✅ Success (1140/1191 games collected)
    💰 Est. credits used: 34,200/40,000

  Step 2: Fetching odds for game 6/6
    San Antonio Spurs @ Minnesota Timberwolves
    Event ID: ab147db7fe7e98ac0407eed94a3d2859
    Commence: 2024-12-30T01:10:00Z
  Credits: 44271 used, 55729.0 remaining
    ✅ Success (1141/1191 games collected)
    💰 Est. credits used: 34,230/40,000

[70/174] Processing 2024-12-30...
  Step 1: Fetching event IDs...
  Credits: 44272 used, 55728.0 remaining
  Found 7 game(s)

  Step 2: Fetching odds for game 1/7
    Chicago Bulls @ Charlotte Hornets
    Event ID: 95a73f31c04e5efe67d63edd3b712ea4
    Commence: 2024-12-31T00:10:00Z
  Credits: 44302 used, 55698.0 remaining
    ✅ Success (1142/1198 games collected)
    💰 Est. credits used: 34,260/40,000

  Step 2: Fetching odds for game 2/7
    New York Knicks @ Washington Wizards
    Event ID: 5b56036dc54c8ed8d9f48daf54be127d
    Commence: 2024-12-31T00:10:00Z
  Credits: 44332 used, 55668.0 remaining
    ✅ Success (1143/1198 games collected)
    💰 Est. credits used: 34,290/40,000

  Step 2: Fetching odds for game 3/7
    Los Angeles Clippers @ New Orleans Pelicans
    Event ID: b9290db9bfac85969edfbb6bbe18cc1a
    Commence: 2024-12-31T01:10:00Z
  Credits: 44362 used, 55638.0 remaining
    ✅ Success (1144/1198 games collected)
    💰 Est. credits used: 34,320/40,000

  Step 2: Fetching odds for game 4/7
    Denver Nuggets @ Utah Jazz
    Event ID: 6cad9abcacacf0c44e11c2c69a3c932a
    Commence: 2024-12-31T02:10:00Z
  Credits: 44392 used, 55608.0 remaining
    ✅ Success (1145/1198 games collected)
    💰 Est. credits used: 34,350/40,000

  Step 2: Fetching odds for game 5/7
    Cleveland Cavaliers @ Golden State Warriors
    Event ID: 1acd3d3cfc7eecfb83fbb98946dde600
    Commence: 2024-12-31T03:10:00Z
  Credits: 44422 used, 55578.0 remaining
    ✅ Success (1146/1198 games collected)
    💰 Est. credits used: 34,380/40,000

  Step 2: Fetching odds for game 6/7
    Dallas Mavericks @ Sacramento Kings
    Event ID: 7273441b90fc6cfe5c54653640e2ba4e
    Commence: 2024-12-31T03:10:00Z
  Credits: 44452 used, 55548.0 remaining
    ✅ Success (1147/1198 games collected)
    💰 Est. credits used: 34,410/40,000

  Step 2: Fetching odds for game 7/7
    Philadelphia 76ers @ Portland Trail Blazers
    Event ID: 8ac4b422c97aa1f864449bc89e57b753
    Commence: 2024-12-31T03:10:00Z
  Credits: 44482 used, 55518.0 remaining
    ✅ Success (1148/1198 games collected)
    💰 Est. credits used: 34,440/40,000

💾 Checkpoint saved: data/nba/checkpoints/checkpoint-2024-12-30.json

[71/174] Processing 2024-12-31...
  Step 1: Fetching event IDs...
  Credits: 44483 used, 55517.0 remaining
  Found 6 game(s)

  Step 2: Fetching odds for game 1/6
    Toronto Raptors @ Boston Celtics
    Event ID: ae970107e2737f57291b96263aed4ea9
    Commence: 2024-12-31T20:10:00Z
  Credits: 44483 used, 55517.0 remaining
  Retry 1/3: HTTP 404: Not Found
  Credits: 44483 used, 55517.0 remaining
  Retry 2/3: HTTP 404: Not Found
  Credits: 44483 used, 55517.0 remaining
  Retry 3/3: HTTP 404: Not Found
  ❌ Failed to fetch odds for ae970107e2737f57291b96263aed4ea9: HTTP 404: Not Found
    ⚠️  No odds data available

  Step 2: Fetching odds for game 2/6
    Milwaukee Bucks @ Indiana Pacers
    Event ID: 24578f5f23e167e01819773b30904dee
    Commence: 2024-12-31T20:10:00Z
  Credits: 44483 used, 55517.0 remaining
  Retry 1/3: HTTP 404: Not Found
  Credits: 44483 used, 55517.0 remaining
  Retry 2/3: HTTP 404: Not Found
  Credits: 44483 used, 55517.0 remaining
  Retry 3/3: HTTP 404: Not Found
  ❌ Failed to fetch odds for 24578f5f23e167e01819773b30904dee: HTTP 404: Not Found
    ⚠️  No odds data available

  Step 2: Fetching odds for game 3/6
    Los Angeles Clippers @ San Antonio Spurs
    Event ID: aff24c77ef458bdc0830c60fd91acb8b
    Commence: 2025-01-01T00:10:00Z
  Credits: 44513 used, 55487.0 remaining
    ✅ Success (1149/1204 games collected)
    💰 Est. credits used: 34,470/40,000

  Step 2: Fetching odds for game 4/6
    Minnesota Timberwolves @ Oklahoma City Thunder
    Event ID: 74722b5cca9e227ae877345bd878496b
    Commence: 2025-01-01T01:10:00Z
  Credits: 44543 used, 55457.0 remaining
    ✅ Success (1150/1204 games collected)
    💰 Est. credits used: 34,500/40,000

  Step 2: Fetching odds for game 5/6
    Cleveland Cavaliers @ Los Angeles Lakers
    Event ID: 04b77ec07e712b35e2acd45c97d17bc1
    Commence: 2025-01-01T02:10:00Z
  Credits: 44573 used, 55427.0 remaining
    ✅ Success (1151/1204 games collected)
    💰 Est. credits used: 34,530/40,000

  Step 2: Fetching odds for game 6/6
    Memphis Grizzlies @ Phoenix Suns
    Event ID: b9ee2d4806667285e40708d7887b00c8
    Commence: 2025-01-01T02:10:00Z
  Credits: 44603 used, 55397.0 remaining
    ✅ Success (1152/1204 games collected)
    💰 Est. credits used: 34,560/40,000

[72/174] Processing 2025-01-01...
  Step 1: Fetching event IDs...
  Credits: 44604 used, 55396.0 remaining
  Found 8 game(s)

  Step 2: Fetching odds for game 1/8
    Chicago Bulls @ Washington Wizards
    Event ID: 0a5a9e810f06ed0adb33581b2163f143
    Commence: 2025-01-02T00:10:00Z
  Credits: 44634 used, 55366.0 remaining
    ✅ Success (1153/1212 games collected)
    💰 Est. credits used: 34,590/40,000

  Step 2: Fetching odds for game 2/8
    Orlando Magic @ Detroit Pistons
    Event ID: 5dafe2b124ef15fa7222fb4b3c073194
    Commence: 2025-01-02T00:10:00Z
  Credits: 44664 used, 55336.0 remaining
    ✅ Success (1154/1212 games collected)
    💰 Est. credits used: 34,620/40,000

  Step 2: Fetching odds for game 3/8
    Brooklyn Nets @ Toronto Raptors
    Event ID: 89603f2b0a204dbc3d297e2376139ce3
    Commence: 2025-01-02T00:40:00Z
  Credits: 44694 used, 55306.0 remaining
    ✅ Success (1155/1212 games collected)
    💰 Est. credits used: 34,650/40,000

  Step 2: Fetching odds for game 4/8
    New Orleans Pelicans @ Miami Heat
    Event ID: 1c50f326ecf2fbcd60204c5a5ab7dbbd
    Commence: 2025-01-02T00:40:00Z
  Credits: 44724 used, 55276.0 remaining
    ✅ Success (1156/1212 games collected)
    💰 Est. credits used: 34,680/40,000

  Step 2: Fetching odds for game 5/8
    Utah Jazz @ New York Knicks
    Event ID: f015b579964f3d7dd9791e79f376815d
    Commence: 2025-01-02T00:40:00Z
  Credits: 44754 used, 55246.0 remaining
    ✅ Success (1157/1212 games collected)
    💰 Est. credits used: 34,710/40,000

  Step 2: Fetching odds for game 6/8
    Dallas Mavericks @ Houston Rockets
    Event ID: 248c33700321ce34eaaba46dec5a39d3
    Commence: 2025-01-02T01:10:00Z
  Credits: 44784 used, 55216.0 remaining
    ✅ Success (1158/1212 games collected)
    💰 Est. credits used: 34,740/40,000

  Step 2: Fetching odds for game 7/8
    Atlanta Hawks @ Denver Nuggets
    Event ID: 0b5d74feda8b6c31c2d76ee850374b13
    Commence: 2025-01-02T02:10:00Z
  Credits: 44814 used, 55186.0 remaining
    ✅ Success (1159/1212 games collected)
    💰 Est. credits used: 34,770/40,000

  Step 2: Fetching odds for game 8/8
    Philadelphia 76ers @ Sacramento Kings
    Event ID: 40e637d38bead46362387d77ea8c187e
    Commence: 2025-01-02T03:10:00Z
  Credits: 44844 used, 55156.0 remaining
    ✅ Success (1160/1212 games collected)
    💰 Est. credits used: 34,800/40,000

[73/174] Processing 2025-01-02...
  Step 1: Fetching event IDs...
  Credits: 44845 used, 55155.0 remaining
  Found 6 game(s)

  Step 2: Fetching odds for game 1/6
    Boston Celtics @ Minnesota Timberwolves
    Event ID: a480ee72fa8d5276d08ce1f84356058f
    Commence: 2025-01-03T00:30:00Z
  Credits: 44875 used, 55125.0 remaining
    ✅ Success (1161/1218 games collected)
    💰 Est. credits used: 34,830/40,000

  Step 2: Fetching odds for game 2/6
    Indiana Pacers @ Miami Heat
    Event ID: f5808c0580cf1e0c870d92f7e38e1613
    Commence: 2025-01-03T00:40:00Z
  Credits: 44905 used, 55095.0 remaining
    ✅ Success (1162/1218 games collected)
    💰 Est. credits used: 34,860/40,000

  Step 2: Fetching odds for game 3/6
    Brooklyn Nets @ Milwaukee Bucks
    Event ID: 2416c8d0e975b61e91be5466c7c0d159
    Commence: 2025-01-03T01:10:00Z
  Credits: 44935 used, 55065.0 remaining
    ✅ Success (1163/1218 games collected)
    💰 Est. credits used: 34,890/40,000

  Step 2: Fetching odds for game 4/6
    Los Angeles Clippers @ Oklahoma City Thunder
    Event ID: e940da7e0af5712842e600fdfa5096c7
    Commence: 2025-01-03T01:10:00Z
  Credits: 44965 used, 55035.0 remaining
    ✅ Success (1164/1218 games collected)
    💰 Est. credits used: 34,920/40,000

  Step 2: Fetching odds for game 5/6
    Philadelphia 76ers @ Golden State Warriors
    Event ID: 899a51e2d81323d6490b0779d7a54a0b
    Commence: 2025-01-03T03:10:00Z
  Credits: 44995 used, 55005.0 remaining
    ✅ Success (1165/1218 games collected)
    💰 Est. credits used: 34,950/40,000

  Step 2: Fetching odds for game 6/6
    Portland Trail Blazers @ Los Angeles Lakers
    Event ID: 82fee6f4433de853f96b84a8814b101f
    Commence: 2025-01-03T03:40:00Z
  Credits: 45025 used, 54975.0 remaining
    ✅ Success (1166/1218 games collected)
    💰 Est. credits used: 34,980/40,000

[74/174] Processing 2025-01-03...
  Step 1: Fetching event IDs...
  Credits: 45026 used, 54974.0 remaining
  Found 9 game(s)

  Step 2: Fetching odds for game 1/9
    Charlotte Hornets @ Detroit Pistons
    Event ID: dd54144aa9198f2a9aeb9335da4178ab
    Commence: 2025-01-04T00:00:00Z
  Credits: 45056 used, 54944.0 remaining
    ✅ Success (1167/1227 games collected)
    💰 Est. credits used: 35,010/40,000

  Step 2: Fetching odds for game 2/9
    Orlando Magic @ Toronto Raptors
    Event ID: 11d62601c5a55c4b94a20488f50c980e
    Commence: 2025-01-04T00:40:00Z
  Credits: 45086 used, 54914.0 remaining
    ✅ Success (1168/1227 games collected)
    💰 Est. credits used: 35,040/40,000

  Step 2: Fetching odds for game 3/9
    Washington Wizards @ New Orleans Pelicans
    Event ID: 53e827321076168e524ff39c2e685755
    Commence: 2025-01-04T01:00:00Z
  Credits: 45116 used, 54884.0 remaining
    ✅ Success (1169/1227 games collected)
    💰 Est. credits used: 35,070/40,000

  Step 2: Fetching odds for game 4/9
    Boston Celtics @ Houston Rockets
    Event ID: c04c75a51be9a98d94376d06fe98419a
    Commence: 2025-01-04T01:10:00Z
  Credits: 45146 used, 54854.0 remaining
    ✅ Success (1170/1227 games collected)
    💰 Est. credits used: 35,100/40,000

  Step 2: Fetching odds for game 5/9
    New York Knicks @ Oklahoma City Thunder
    Event ID: 5a41209fe371713677fe451c0b903510
    Commence: 2025-01-04T01:10:00Z
  Credits: 45176 used, 54824.0 remaining
    ✅ Success (1171/1227 games collected)
    💰 Est. credits used: 35,130/40,000

  Step 2: Fetching odds for game 6/9
    Cleveland Cavaliers @ Dallas Mavericks
    Event ID: b86ece4fd0d98af3ab129728eb6d20f1
    Commence: 2025-01-04T01:30:00Z
  Credits: 45206 used, 54794.0 remaining
    ✅ Success (1172/1227 games collected)
    💰 Est. credits used: 35,160/40,000

  Step 2: Fetching odds for game 7/9
    San Antonio Spurs @ Denver Nuggets
    Event ID: b1b05543c486b3b658d206f23ef75513
    Commence: 2025-01-04T02:00:00Z
  Credits: 45236 used, 54764.0 remaining
    ✅ Success (1173/1227 games collected)
    💰 Est. credits used: 35,190/40,000

  Step 2: Fetching odds for game 8/9
    Memphis Grizzlies @ Sacramento Kings
    Event ID: ce54a15a025f63138f75b9caf186ce69
    Commence: 2025-01-04T03:00:00Z
  Credits: 45266 used, 54734.0 remaining
    ✅ Success (1174/1227 games collected)
    💰 Est. credits used: 35,220/40,000

  Step 2: Fetching odds for game 9/9
    Atlanta Hawks @ Los Angeles Lakers
    Event ID: 59819cf3348408e741b42cb5c0536e78
    Commence: 2025-01-04T03:40:00Z
  Credits: 45296 used, 54704.0 remaining
    ✅ Success (1175/1227 games collected)
    💰 Est. credits used: 35,250/40,000

[75/174] Processing 2025-01-04...
  Step 1: Fetching event IDs...
  Credits: 45297 used, 54703.0 remaining
  Found 9 game(s)

  Step 2: Fetching odds for game 1/9
    Philadelphia 76ers @ Brooklyn Nets
    Event ID: 5d3b30e20293de12cf84f713a707e721
    Commence: 2025-01-04T23:10:00Z
  Credits: 45327 used, 54673.0 remaining
    ✅ Success (1176/1236 games collected)
    💰 Est. credits used: 35,280/40,000

  Step 2: Fetching odds for game 2/9
    Minnesota Timberwolves @ Detroit Pistons
    Event ID: 5f75aa5ec69da99dd52723c3ff64dbf3
    Commence: 2025-01-05T00:10:00Z
  Credits: 45357 used, 54643.0 remaining
    ✅ Success (1177/1236 games collected)
    💰 Est. credits used: 35,310/40,000

  Step 2: Fetching odds for game 3/9
    Phoenix Suns @ Indiana Pacers
    Event ID: 7c138909a671e2895ea58542823dde19
    Commence: 2025-01-05T00:10:00Z
  Credits: 45387 used, 54613.0 remaining
    ✅ Success (1178/1236 games collected)
    💰 Est. credits used: 35,340/40,000

  Step 2: Fetching odds for game 4/9
    New York Knicks @ Chicago Bulls
    Event ID: 329b7d398b4199cf46e6e59380e84879
    Commence: 2025-01-05T01:10:00Z
  Credits: 45417 used, 54583.0 remaining
    ✅ Success (1179/1236 games collected)
    💰 Est. credits used: 35,370/40,000

  Step 2: Fetching odds for game 5/9
    Denver Nuggets @ San Antonio Spurs
    Event ID: 7f4cc2ee0112a9a90b481f3260feffb6
    Commence: 2025-01-05T01:10:00Z
  Credits: 45447 used, 54553.0 remaining
    ✅ Success (1180/1236 games collected)
    💰 Est. credits used: 35,400/40,000

  Step 2: Fetching odds for game 6/9
    Utah Jazz @ Miami Heat
    Event ID: 09540a7b36c6595f914366fac21b9341
    Commence: 2025-01-05T01:10:00Z
  Credits: 45477 used, 54523.0 remaining
    ✅ Success (1181/1236 games collected)
    💰 Est. credits used: 35,430/40,000

  Step 2: Fetching odds for game 7/9
    Portland Trail Blazers @ Milwaukee Bucks
    Event ID: e908a45357225b4bbd8ed8c56ebea2c0
    Commence: 2025-01-05T01:10:00Z
  Credits: 45507 used, 54493.0 remaining
    ✅ Success (1182/1236 games collected)
    💰 Est. credits used: 35,460/40,000

  Step 2: Fetching odds for game 8/9
    Memphis Grizzlies @ Golden State Warriors
    Event ID: c2b48aa55d3033a876e5d93e1f877c39
    Commence: 2025-01-05T01:40:00Z
  Credits: 45537 used, 54463.0 remaining
    ✅ Success (1183/1236 games collected)
    💰 Est. credits used: 35,490/40,000

  Step 2: Fetching odds for game 9/9
    Atlanta Hawks @ Los Angeles Clippers
    Event ID: 0d48e3b3532422c2eefee90bc29d7eab
    Commence: 2025-01-05T03:30:00Z
  Credits: 45567 used, 54433.0 remaining
    ✅ Success (1184/1236 games collected)
    💰 Est. credits used: 35,520/40,000

[76/174] Processing 2025-01-05...
  Step 1: Fetching event IDs...
  Credits: 45568 used, 54432.0 remaining
  Found 6 game(s)

  Step 2: Fetching odds for game 1/6
    Boston Celtics @ Oklahoma City Thunder
    Event ID: f5fee2b969c5801e0050c4bec55b8f77
    Commence: 2025-01-05T20:40:00Z
  Credits: 45568 used, 54432.0 remaining
  Retry 1/3: HTTP 404: Not Found
  Credits: 45568 used, 54432.0 remaining
  Retry 2/3: HTTP 404: Not Found
  Credits: 45568 used, 54432.0 remaining
  Retry 3/3: HTTP 404: Not Found
  ❌ Failed to fetch odds for f5fee2b969c5801e0050c4bec55b8f77: HTTP 404: Not Found
    ⚠️  No odds data available

  Step 2: Fetching odds for game 2/6
    Charlotte Hornets @ Cleveland Cavaliers
    Event ID: db347b052a6eef25b8e6ccf828265510
    Commence: 2025-01-05T23:10:00Z
  Credits: 45598 used, 54402.0 remaining
    ✅ Success (1185/1242 games collected)
    💰 Est. credits used: 35,550/40,000

  Step 2: Fetching odds for game 3/6
    New Orleans Pelicans @ Washington Wizards
    Event ID: 9ce173d96d0ea070c27b22ff075e0e2b
    Commence: 2025-01-05T23:10:00Z
  Credits: 45628 used, 54372.0 remaining
    ✅ Success (1186/1242 games collected)
    💰 Est. credits used: 35,580/40,000

  Step 2: Fetching odds for game 4/6
    Utah Jazz @ Orlando Magic
    Event ID: 47b5f9c4f55be8b15e28b691764920ce
    Commence: 2025-01-05T23:40:00Z
  Credits: 45658 used, 54342.0 remaining
    ✅ Success (1187/1242 games collected)
    💰 Est. credits used: 35,610/40,000

  Step 2: Fetching odds for game 5/6
    Los Angeles Lakers @ Houston Rockets
    Event ID: d600b92c53571414490376c065fecfba
    Commence: 2025-01-06T00:10:00Z
  Credits: 45688 used, 54312.0 remaining
    ✅ Success (1188/1242 games collected)
    💰 Est. credits used: 35,640/40,000

  Step 2: Fetching odds for game 6/6
    Sacramento Kings @ Golden State Warriors
    Event ID: 3672b0562e54c6bf6784cdaa71d58c2e
    Commence: 2025-01-06T01:40:00Z
  Credits: 45718 used, 54282.0 remaining
    ✅ Success (1189/1242 games collected)
    💰 Est. credits used: 35,670/40,000

[77/174] Processing 2025-01-06...
  Step 1: Fetching event IDs...
  Credits: 45719 used, 54281.0 remaining
  Found 9 game(s)

  Step 2: Fetching odds for game 1/9
    Portland Trail Blazers @ Detroit Pistons
    Event ID: e1dd5208841d8c7c791147ba258da58a
    Commence: 2025-01-07T00:10:00Z
  Credits: 45749 used, 54251.0 remaining
    ✅ Success (1190/1251 games collected)
    💰 Est. credits used: 35,700/40,000

  Step 2: Fetching odds for game 2/9
    Phoenix Suns @ Philadelphia 76ers
    Event ID: 0a123fe416474ac425b98712fc902e5f
    Commence: 2025-01-07T00:10:00Z
  Credits: 45779 used, 54221.0 remaining
    ✅ Success (1191/1251 games collected)
    💰 Est. credits used: 35,730/40,000

  Step 2: Fetching odds for game 3/9
    Indiana Pacers @ Brooklyn Nets
    Event ID: 24dbb7067e8182d548694aa5d911357b
    Commence: 2025-01-07T00:40:00Z
  Credits: 45809 used, 54191.0 remaining
    ✅ Success (1192/1251 games collected)
    💰 Est. credits used: 35,760/40,000

  Step 2: Fetching odds for game 4/9
    Milwaukee Bucks @ Toronto Raptors
    Event ID: 908313a6c56573588f7274810736f16e
    Commence: 2025-01-07T00:40:00Z
  Credits: 45839 used, 54161.0 remaining
    ✅ Success (1193/1251 games collected)
    💰 Est. credits used: 35,790/40,000

  Step 2: Fetching odds for game 5/9
    Orlando Magic @ New York Knicks
    Event ID: 1005cff17ce99fccd2cc820369d5738a
    Commence: 2025-01-07T00:40:00Z
  Credits: 45869 used, 54131.0 remaining
    ✅ Success (1194/1251 games collected)
    💰 Est. credits used: 35,820/40,000

  Step 2: Fetching odds for game 6/9
    San Antonio Spurs @ Chicago Bulls
    Event ID: a4bb1101bac62c47c838f65850145f3f
    Commence: 2025-01-07T01:10:00Z
  Credits: 45899 used, 54101.0 remaining
    ✅ Success (1195/1251 games collected)
    💰 Est. credits used: 35,850/40,000

  Step 2: Fetching odds for game 7/9
    Dallas Mavericks @ Memphis Grizzlies
    Event ID: 703669dbf20b294f62d381849b88aaa0
    Commence: 2025-01-07T01:10:00Z
  Credits: 45929 used, 54071.0 remaining
    ✅ Success (1196/1251 games collected)
    💰 Est. credits used: 35,880/40,000

  Step 2: Fetching odds for game 8/9
    Los Angeles Clippers @ Minnesota Timberwolves
    Event ID: fbfbfeb570fc433c8dc87a901e5636ad
    Commence: 2025-01-07T01:10:00Z
  Credits: 45959 used, 54041.0 remaining
    ✅ Success (1197/1251 games collected)
    💰 Est. credits used: 35,910/40,000

  Step 2: Fetching odds for game 9/9
    Miami Heat @ Sacramento Kings
    Event ID: dacca6522f193996c2b8e0e0f144e3d5
    Commence: 2025-01-07T03:10:00Z
  Credits: 45989 used, 54011.0 remaining
    ✅ Success (1198/1251 games collected)
    💰 Est. credits used: 35,940/40,000

[78/174] Processing 2025-01-07...
  Step 1: Fetching event IDs...
  Credits: 45990 used, 54010.0 remaining
  Found 8 game(s)

  Step 2: Fetching odds for game 1/8
    Phoenix Suns @ Charlotte Hornets
    Event ID: 842ec88046f2bba42a95f2bac85ff78a
    Commence: 2025-01-08T00:10:00Z
  Credits: 46020 used, 53980.0 remaining
    ✅ Success (1199/1259 games collected)
    💰 Est. credits used: 35,970/40,000

  Step 2: Fetching odds for game 2/8
    Houston Rockets @ Washington Wizards
    Event ID: e0b8319e07a33042a1affc78f653b6ae
    Commence: 2025-01-08T00:10:00Z
  Credits: 46050 used, 53950.0 remaining
    ✅ Success (1200/1259 games collected)
    💰 Est. credits used: 36,000/40,000

  Step 2: Fetching odds for game 3/8
    Los Angeles Lakers @ Dallas Mavericks
    Event ID: 2543b2068a7bf0c7fcc32e1c63c3a03a
    Commence: 2025-01-08T00:40:00Z
  Credits: 46080 used, 53920.0 remaining
    ✅ Success (1201/1259 games collected)
    💰 Est. credits used: 36,030/40,000

  Step 2: Fetching odds for game 4/8
    Minnesota Timberwolves @ New Orleans Pelicans
    Event ID: 23f985ec811f2813e01c771501c0fac0
    Commence: 2025-01-08T01:10:00Z
  Credits: 46110 used, 53890.0 remaining
    ✅ Success (1202/1259 games collected)
    💰 Est. credits used: 36,060/40,000

  Step 2: Fetching odds for game 5/8
    Atlanta Hawks @ Utah Jazz
    Event ID: 36ee31070e4af2e4abd3d9fa2286ca1b
    Commence: 2025-01-08T02:10:00Z
  Credits: 46140 used, 53860.0 remaining
    ✅ Success (1203/1259 games collected)
    💰 Est. credits used: 36,090/40,000

  Step 2: Fetching odds for game 6/8
    Boston Celtics @ Denver Nuggets
    Event ID: aa8848c4a9648b9f79a361891b0141c8
    Commence: 2025-01-08T03:10:00Z
  Credits: 46170 used, 53830.0 remaining
    ✅ Success (1204/1259 games collected)
    💰 Est. credits used: 36,120/40,000

  Step 2: Fetching odds for game 7/8
    Miami Heat @ Golden State Warriors
    Event ID: 46ba25589d5f7c05ca919da07e61bbcf
    Commence: 2025-01-08T03:10:00Z
  Credits: 46200 used, 53800.0 remaining
    ✅ Success (1205/1259 games collected)
    💰 Est. credits used: 36,150/40,000

  Step 2: Fetching odds for game 8/8
    Oklahoma City Thunder @ Cleveland Cavaliers
    Event ID: 5d1e8ab87ce778e4c7ab00c0553faa9f
    Commence: 2025-01-09T00:10:00Z
  Credits: 46230 used, 53770.0 remaining
    ✅ Success (1206/1259 games collected)
    💰 Est. credits used: 36,180/40,000

[79/174] Processing 2025-01-08...
  Step 1: Fetching event IDs...
  Credits: 46231 used, 53769.0 remaining
  Found 8 game(s)

  Step 2: Fetching odds for game 1/8
    Washington Wizards @ Philadelphia 76ers
    Event ID: e49c35167662c7e6ea6970b981b018f8
    Commence: 2025-01-09T00:00:00Z
  Credits: 46261 used, 53739.0 remaining
    ✅ Success (1207/1267 games collected)
    💰 Est. credits used: 36,210/40,000

  Step 2: Fetching odds for game 2/8
    Chicago Bulls @ Indiana Pacers
    Event ID: c62f042c293d7c240b837a532e82e1f9
    Commence: 2025-01-09T00:10:00Z
  Credits: 46291 used, 53709.0 remaining
    ✅ Success (1208/1267 games collected)
    💰 Est. credits used: 36,240/40,000

  Step 2: Fetching odds for game 3/8
    Oklahoma City Thunder @ Cleveland Cavaliers
    Event ID: 5d1e8ab87ce778e4c7ab00c0553faa9f
    Commence: 2025-01-09T00:10:00Z
  Credits: 46321 used, 53679.0 remaining
    ✅ Success (1209/1267 games collected)
    💰 Est. credits used: 36,270/40,000

  Step 2: Fetching odds for game 4/8
    Detroit Pistons @ Brooklyn Nets
    Event ID: b5c93aa8425dd073ff0965efeee639f8
    Commence: 2025-01-09T00:40:00Z
  Credits: 46351 used, 53649.0 remaining
    ✅ Success (1210/1267 games collected)
    💰 Est. credits used: 36,300/40,000

  Step 2: Fetching odds for game 5/8
    Toronto Raptors @ New York Knicks
    Event ID: c33de7a122ef4c821ab8550248df9a08
    Commence: 2025-01-09T00:40:00Z
  Credits: 46381 used, 53619.0 remaining
    ✅ Success (1211/1267 games collected)
    💰 Est. credits used: 36,330/40,000

  Step 2: Fetching odds for game 6/8
    Portland Trail Blazers @ New Orleans Pelicans
    Event ID: c5d1a55aacf259e6a3e167e5fd5d0372
    Commence: 2025-01-09T01:00:00Z
  Credits: 46411 used, 53589.0 remaining
    ✅ Success (1212/1267 games collected)
    💰 Est. credits used: 36,360/40,000

  Step 2: Fetching odds for game 7/8
    Los Angeles Clippers @ Denver Nuggets
    Event ID: dd8248b21938d4246870fa725dd003b0
    Commence: 2025-01-09T02:00:00Z
  Credits: 46441 used, 53559.0 remaining
    ✅ Success (1213/1267 games collected)
    💰 Est. credits used: 36,390/40,000

  Step 2: Fetching odds for game 8/8
    San Antonio Spurs @ Milwaukee Bucks
    Event ID: ce5fe0a6d5f99b9c1659e2f03a0b405e
    Commence: 2025-01-09T02:40:00Z
  Credits: 46471 used, 53529.0 remaining
    ✅ Success (1214/1267 games collected)
    💰 Est. credits used: 36,420/40,000

[80/174] Processing 2025-01-09...
  Step 1: Fetching event IDs...
  Credits: 46472 used, 53528.0 remaining
  Found 8 game(s)

  Step 2: Fetching odds for game 1/8
    Toronto Raptors @ Cleveland Cavaliers
    Event ID: 84c46a915d78675134a5fcf018c7771e
    Commence: 2025-01-10T00:10:00Z
  Credits: 46502 used, 53498.0 remaining
    ✅ Success (1215/1275 games collected)
    💰 Est. credits used: 36,450/40,000

  Step 2: Fetching odds for game 2/8
    Golden State Warriors @ Detroit Pistons
    Event ID: 78bde2ba3a89a79b6285c8055f3d850e
    Commence: 2025-01-10T00:10:00Z
  Credits: 46532 used, 53468.0 remaining
    ✅ Success (1216/1275 games collected)
    💰 Est. credits used: 36,480/40,000

  Step 2: Fetching odds for game 3/8
    Minnesota Timberwolves @ Orlando Magic
    Event ID: 3a1881e49680765b7cab8c196c103e99
    Commence: 2025-01-10T00:10:00Z
  Credits: 46562 used, 53438.0 remaining
    ✅ Success (1217/1275 games collected)
    💰 Est. credits used: 36,510/40,000

  Step 2: Fetching odds for game 4/8
    Houston Rockets @ Memphis Grizzlies
    Event ID: 50d160a91a56524fee4c471ae8b69754
    Commence: 2025-01-10T01:10:00Z
  Credits: 46592 used, 53408.0 remaining
    ✅ Success (1218/1275 games collected)
    💰 Est. credits used: 36,540/40,000

  Step 2: Fetching odds for game 5/8
    Portland Trail Blazers @ Dallas Mavericks
    Event ID: f030170fabee1ee9bc17ed360ce1712a
    Commence: 2025-01-10T01:40:00Z
  Credits: 46622 used, 53378.0 remaining
    ✅ Success (1219/1275 games collected)
    💰 Est. credits used: 36,570/40,000

  Step 2: Fetching odds for game 6/8
    Atlanta Hawks @ Phoenix Suns
    Event ID: 4f1c87b0757e1a2a475fdce9cfb37f9f
    Commence: 2025-01-10T02:10:00Z
  Credits: 46652 used, 53348.0 remaining
    ✅ Success (1220/1275 games collected)
    💰 Est. credits used: 36,600/40,000

  Step 2: Fetching odds for game 7/8
    Miami Heat @ Utah Jazz
    Event ID: 7702b35a172bb027ea579fd0a9787313
    Commence: 2025-01-10T02:10:00Z
  Credits: 46682 used, 53318.0 remaining
    ✅ Success (1221/1275 games collected)
    💰 Est. credits used: 36,630/40,000

  Step 2: Fetching odds for game 8/8
    Charlotte Hornets @ Los Angeles Lakers
    Event ID: b708fe113f15f5f0129b149182b0f325
    Commence: 2025-01-10T03:40:00Z
  Credits: 46682 used, 53318.0 remaining
  Retry 1/3: HTTP 404: Not Found
  Credits: 46682 used, 53318.0 remaining
  Retry 2/3: HTTP 404: Not Found
  Credits: 46682 used, 53318.0 remaining
  Retry 3/3: HTTP 404: Not Found
  ❌ Failed to fetch odds for b708fe113f15f5f0129b149182b0f325: HTTP 404: Not Found
    ⚠️  No odds data available

💾 Checkpoint saved: data/nba/checkpoints/checkpoint-2025-01-09.json

[81/174] Processing 2025-01-10...
  Step 1: Fetching event IDs...
  Credits: 46683 used, 53317.0 remaining
  Found 7 game(s)

  Step 2: Fetching odds for game 1/7
    Golden State Warriors @ Indiana Pacers
    Event ID: 0e32fe32a9bde703c8e600fd95677293
    Commence: 2025-01-11T00:10:00Z
  Credits: 46714 used, 53286.0 remaining
    ✅ Success (1222/1282 games collected)
    💰 Est. credits used: 36,660/40,000

  Step 2: Fetching odds for game 2/7
    Milwaukee Bucks @ Orlando Magic
    Event ID: be3802cac81b9607b7b88cde78ae113d
    Commence: 2025-01-11T00:10:00Z
  Credits: 46744 used, 53256.0 remaining
    ✅ Success (1223/1282 games collected)
    💰 Est. credits used: 36,690/40,000

  Step 2: Fetching odds for game 3/7
    New Orleans Pelicans @ Philadelphia 76ers
    Event ID: ac9a309cf08be57f7f31fe528a4d825f
    Commence: 2025-01-11T00:10:00Z
  Credits: 46774 used, 53226.0 remaining
    ✅ Success (1224/1282 games collected)
    💰 Est. credits used: 36,720/40,000

  Step 2: Fetching odds for game 4/7
    Sacramento Kings @ Boston Celtics
    Event ID: 606b4c2ce520cc1ac3585349d1f2fb1c
    Commence: 2025-01-11T00:40:00Z
  Credits: 46804 used, 53196.0 remaining
    ✅ Success (1225/1282 games collected)
    💰 Est. credits used: 36,750/40,000

  Step 2: Fetching odds for game 5/7
    Oklahoma City Thunder @ New York Knicks
    Event ID: e0cea4ffd07ba3dadf233f37f72d6687
    Commence: 2025-01-11T00:40:00Z
  Credits: 46834 used, 53166.0 remaining
    ✅ Success (1226/1282 games collected)
    💰 Est. credits used: 36,780/40,000

  Step 2: Fetching odds for game 6/7
    Washington Wizards @ Chicago Bulls
    Event ID: cd35615a88f559f460bc05ccae1b4167
    Commence: 2025-01-11T01:10:00Z
  Credits: 46864 used, 53136.0 remaining
    ✅ Success (1227/1282 games collected)
    💰 Est. credits used: 36,810/40,000

  Step 2: Fetching odds for game 7/7
    Brooklyn Nets @ Denver Nuggets
    Event ID: c501c248cf7484497c48359faa70950d
    Commence: 2025-01-11T02:10:00Z
  Credits: 46894 used, 53106.0 remaining
    ✅ Success (1228/1282 games collected)
    💰 Est. credits used: 36,840/40,000

[82/174] Processing 2025-01-11...
  Step 1: Fetching event IDs...
  Credits: 46895 used, 53105.0 remaining
  Found 5 game(s)

  Step 2: Fetching odds for game 1/5
    Houston Rockets @ Atlanta Hawks
    Event ID: 5e417ce3e427637eb5d0697aa947613d
    Commence: 2025-01-11T20:10:00Z
  Credits: 46895 used, 53105.0 remaining
  Retry 1/3: HTTP 404: Not Found
  Credits: 46895 used, 53105.0 remaining
  Retry 2/3: HTTP 404: Not Found
  Credits: 46895 used, 53105.0 remaining
  Retry 3/3: HTTP 404: Not Found
  ❌ Failed to fetch odds for 5e417ce3e427637eb5d0697aa947613d: HTTP 404: Not Found
    ⚠️  No odds data available

  Step 2: Fetching odds for game 2/5
    Utah Jazz @ Phoenix Suns
    Event ID: 846db12296ff38518b5c00dd40519f23
    Commence: 2025-01-11T22:10:00Z
  Credits: 46925 used, 53075.0 remaining
    ✅ Success (1229/1287 games collected)
    💰 Est. credits used: 36,870/40,000

  Step 2: Fetching odds for game 3/5
    Toronto Raptors @ Detroit Pistons
    Event ID: 0018eb3403ccfeac26ecf6dca2c8ec2c
    Commence: 2025-01-12T00:10:00Z
  Credits: 46955 used, 53045.0 remaining
    ✅ Success (1230/1287 games collected)
    💰 Est. credits used: 36,900/40,000

  Step 2: Fetching odds for game 4/5
    Memphis Grizzlies @ Minnesota Timberwolves
    Event ID: 0d0f85bab66183a85f76190524915c9d
    Commence: 2025-01-12T01:10:00Z
  Credits: 46985 used, 53015.0 remaining
    ✅ Success (1231/1287 games collected)
    💰 Est. credits used: 36,930/40,000

  Step 2: Fetching odds for game 5/5
    Miami Heat @ Portland Trail Blazers
    Event ID: 9df4a1a38d880c9a054c89cb542b5a10
    Commence: 2025-01-12T03:10:00Z
  Credits: 47015 used, 52985.0 remaining
    ✅ Success (1232/1287 games collected)
    💰 Est. credits used: 36,960/40,000

[83/174] Processing 2025-01-12...
  Step 1: Fetching event IDs...
  Credits: 47016 used, 52984.0 remaining
  Found 9 game(s)

  Step 2: Fetching odds for game 1/9
    Denver Nuggets @ Dallas Mavericks
    Event ID: e1bcff9bf41c7fede8e3f8eb12b0270c
    Commence: 2025-01-12T20:00:00Z
  Credits: 47016 used, 52984.0 remaining
  Retry 1/3: HTTP 404: Not Found
  Credits: 47016 used, 52984.0 remaining
  Retry 2/3: HTTP 404: Not Found
  Credits: 47016 used, 52984.0 remaining
  Retry 3/3: HTTP 404: Not Found
  ❌ Failed to fetch odds for e1bcff9bf41c7fede8e3f8eb12b0270c: HTTP 404: Not Found
    ⚠️  No odds data available

  Step 2: Fetching odds for game 2/9
    Milwaukee Bucks @ New York Knicks
    Event ID: 4eb39427c536fb6e368f749680f8e021
    Commence: 2025-01-12T20:10:00Z
  Credits: 47016 used, 52984.0 remaining
  Retry 1/3: HTTP 404: Not Found
  Credits: 47016 used, 52984.0 remaining
  Retry 2/3: HTTP 404: Not Found
  Credits: 47016 used, 52984.0 remaining
  Retry 3/3: HTTP 404: Not Found
  ❌ Failed to fetch odds for 4eb39427c536fb6e368f749680f8e021: HTTP 404: Not Found
    ⚠️  No odds data available

  Step 2: Fetching odds for game 3/9
    Sacramento Kings @ Chicago Bulls
    Event ID: 001a6f6b65837f6bd710af95226ce1b3
    Commence: 2025-01-12T20:30:00Z
  Credits: 47016 used, 52984.0 remaining
  Retry 1/3: HTTP 404: Not Found
  Credits: 47016 used, 52984.0 remaining
  Retry 2/3: HTTP 404: Not Found
  Credits: 47016 used, 52984.0 remaining
  Retry 3/3: HTTP 404: Not Found
  ❌ Failed to fetch odds for 001a6f6b65837f6bd710af95226ce1b3: HTTP 404: Not Found
    ⚠️  No odds data available

  Step 2: Fetching odds for game 4/9
    New Orleans Pelicans @ Boston Celtics
    Event ID: 2f3cda7ca8ecf34aff79d9aad255729f
    Commence: 2025-01-12T23:10:00Z
  Credits: 47046 used, 52954.0 remaining
    ✅ Success (1233/1296 games collected)
    💰 Est. credits used: 36,990/40,000

  Step 2: Fetching odds for game 5/9
    Indiana Pacers @ Cleveland Cavaliers
    Event ID: 67684c208c6741989a4ec1db5a523439
    Commence: 2025-01-12T23:10:00Z
  Credits: 47076 used, 52924.0 remaining
    ✅ Success (1234/1296 games collected)
    💰 Est. credits used: 37,020/40,000

  Step 2: Fetching odds for game 6/9
    Oklahoma City Thunder @ Washington Wizards
    Event ID: 58b46c9397011f730367d56e32ac7dfd
    Commence: 2025-01-12T23:10:00Z
  Credits: 47106 used, 52894.0 remaining
    ✅ Success (1235/1296 games collected)
    💰 Est. credits used: 37,050/40,000

  Step 2: Fetching odds for game 7/9
    Philadelphia 76ers @ Orlando Magic
    Event ID: 4e2e4b0bc4161ce2422c4fa329f1157b
    Commence: 2025-01-12T23:10:00Z
  Credits: 47136 used, 52864.0 remaining
    ✅ Success (1236/1296 games collected)
    💰 Est. credits used: 37,080/40,000

  Step 2: Fetching odds for game 8/9
    Brooklyn Nets @ Utah Jazz
    Event ID: 91f0488867fdd555b523926a9f4a260f
    Commence: 2025-01-13T01:10:00Z
  Credits: 47166 used, 52834.0 remaining
    ✅ Success (1237/1296 games collected)
    💰 Est. credits used: 37,110/40,000

  Step 2: Fetching odds for game 9/9
    Charlotte Hornets @ Phoenix Suns
    Event ID: 568a23a4d283ab157a879e1503263c5b
    Commence: 2025-01-13T02:10:00Z
  Credits: 47196 used, 52804.0 remaining
    ✅ Success (1238/1296 games collected)
    💰 Est. credits used: 37,140/40,000

[84/174] Processing 2025-01-13...
  Step 1: Fetching event IDs...
  Credits: 47197 used, 52803.0 remaining
  Found 6 game(s)

  Step 2: Fetching odds for game 1/6
    Minnesota Timberwolves @ Washington Wizards
    Event ID: 8055267414f42969c8e4c903a2723d9b
    Commence: 2025-01-14T00:10:00Z
  Credits: 47227 used, 52773.0 remaining
    ✅ Success (1239/1302 games collected)
    💰 Est. credits used: 37,170/40,000

  Step 2: Fetching odds for game 2/6
    Detroit Pistons @ New York Knicks
    Event ID: 8fa123545e73bd70359c25d60cc9821d
    Commence: 2025-01-14T00:40:00Z
  Credits: 47257 used, 52743.0 remaining
    ✅ Success (1240/1302 games collected)
    💰 Est. credits used: 37,200/40,000

  Step 2: Fetching odds for game 3/6
    Golden State Warriors @ Toronto Raptors
    Event ID: bf337a3b215f30da17d7763d07d32d1f
    Commence: 2025-01-14T00:40:00Z
  Credits: 47287 used, 52713.0 remaining
    ✅ Success (1241/1302 games collected)
    💰 Est. credits used: 37,230/40,000

  Step 2: Fetching odds for game 4/6
    Memphis Grizzlies @ Houston Rockets
    Event ID: a04831ae636093acbedaefdc148947df
    Commence: 2025-01-14T01:10:00Z
  Credits: 47317 used, 52683.0 remaining
    ✅ Success (1242/1302 games collected)
    💰 Est. credits used: 37,260/40,000

  Step 2: Fetching odds for game 5/6
    Miami Heat @ Los Angeles Clippers
    Event ID: f32ccd497be5726f740e10947e625e3b
    Commence: 2025-01-14T03:40:00Z
  Credits: 47347 used, 52653.0 remaining
    ✅ Success (1243/1302 games collected)
    💰 Est. credits used: 37,290/40,000

  Step 2: Fetching odds for game 6/6
    San Antonio Spurs @ Los Angeles Lakers
    Event ID: 3f2e6d37be2f5d266fc6cdea667d989e
    Commence: 2025-01-14T03:40:00Z
  Credits: 47377 used, 52623.0 remaining
    ✅ Success (1244/1302 games collected)
    💰 Est. credits used: 37,320/40,000

[85/174] Processing 2025-01-14...
  Step 1: Fetching event IDs...
  Credits: 47378 used, 52622.0 remaining
  Found 7 game(s)

  Step 2: Fetching odds for game 1/7
    Cleveland Cavaliers @ Indiana Pacers
    Event ID: 2be789815b3355d543d2b9ac8ff09002
    Commence: 2025-01-15T00:10:00Z
  Credits: 47408 used, 52592.0 remaining
    ✅ Success (1245/1309 games collected)
    💰 Est. credits used: 37,350/40,000

  Step 2: Fetching odds for game 2/7
    Oklahoma City Thunder @ Philadelphia 76ers
    Event ID: ceba1fb7f48df707eb6a5866c0aa9a26
    Commence: 2025-01-15T00:10:00Z
  Credits: 47438 used, 52562.0 remaining
    ✅ Success (1246/1309 games collected)
    💰 Est. credits used: 37,380/40,000

  Step 2: Fetching odds for game 3/7
    Phoenix Suns @ Atlanta Hawks
    Event ID: 0121869cd6f93c1f8873045e71fa1605
    Commence: 2025-01-15T00:40:00Z
  Credits: 47468 used, 52532.0 remaining
    ✅ Success (1247/1309 games collected)
    💰 Est. credits used: 37,410/40,000

  Step 2: Fetching odds for game 4/7
    New Orleans Pelicans @ Chicago Bulls
    Event ID: 757dfa8ea873f51e304f699aa4d6105d
    Commence: 2025-01-15T01:10:00Z
  Credits: 47498 used, 52502.0 remaining
    ✅ Success (1248/1309 games collected)
    💰 Est. credits used: 37,440/40,000

  Step 2: Fetching odds for game 5/7
    Sacramento Kings @ Milwaukee Bucks
    Event ID: f9f0f4bb154f93d73bc364dfbb884cc4
    Commence: 2025-01-15T01:10:00Z
  Credits: 47528 used, 52472.0 remaining
    ✅ Success (1249/1309 games collected)
    💰 Est. credits used: 37,470/40,000

  Step 2: Fetching odds for game 6/7
    Denver Nuggets @ Dallas Mavericks
    Event ID: e893ba0c4269e68598bbbdaa065b71e8
    Commence: 2025-01-15T02:40:00Z
  Credits: 47558 used, 52442.0 remaining
    ✅ Success (1250/1309 games collected)
    💰 Est. credits used: 37,500/40,000

  Step 2: Fetching odds for game 7/7
    Brooklyn Nets @ Portland Trail Blazers
    Event ID: 4b8bef24f19685b2141260a3090f95c3
    Commence: 2025-01-15T03:10:00Z
  Credits: 47588 used, 52412.0 remaining
    ✅ Success (1251/1309 games collected)
    💰 Est. credits used: 37,530/40,000

[86/174] Processing 2025-01-15...
  Step 1: Fetching event IDs...
  Credits: 47589 used, 52411.0 remaining
  Found 11 game(s)

  Step 2: Fetching odds for game 1/11
    New York Knicks @ Philadelphia 76ers
    Event ID: 8e825a8f4a6264c7983a1fad6d45ad4a
    Commence: 2025-01-16T00:10:00Z
  Credits: 47619 used, 52381.0 remaining
    ✅ Success (1252/1320 games collected)
    💰 Est. credits used: 37,560/40,000

  Step 2: Fetching odds for game 2/11
    Boston Celtics @ Toronto Raptors
    Event ID: 99761689307be374917f5ca3fc43eb3d
    Commence: 2025-01-16T00:40:00Z
  Credits: 47649 used, 52351.0 remaining
    ✅ Success (1253/1320 games collected)
    💰 Est. credits used: 37,590/40,000

  Step 2: Fetching odds for game 3/11
    Atlanta Hawks @ Chicago Bulls
    Event ID: a7668e7c95646978a2384d7e0da69c3c
    Commence: 2025-01-16T01:10:00Z
  Credits: 47679 used, 52321.0 remaining
    ✅ Success (1254/1320 games collected)
    💰 Est. credits used: 37,620/40,000

  Step 2: Fetching odds for game 4/11
    Dallas Mavericks @ New Orleans Pelicans
    Event ID: ab43ba18589408bd30794c00bb23a987
    Commence: 2025-01-16T01:10:00Z
  Credits: 47709 used, 52291.0 remaining
    ✅ Success (1255/1320 games collected)
    💰 Est. credits used: 37,650/40,000

  Step 2: Fetching odds for game 5/11
    Memphis Grizzlies @ San Antonio Spurs
    Event ID: 3efcb332fc7fc4284fea6415e2f312da
    Commence: 2025-01-16T01:10:00Z
  Credits: 47739 used, 52261.0 remaining
    ✅ Success (1256/1320 games collected)
    💰 Est. credits used: 37,680/40,000

  Step 2: Fetching odds for game 6/11
    Orlando Magic @ Milwaukee Bucks
    Event ID: 96611de878429b40d45bf3d4f0e7865d
    Commence: 2025-01-16T01:10:00Z
  Credits: 47769 used, 52231.0 remaining
    ✅ Success (1257/1320 games collected)
    💰 Est. credits used: 37,710/40,000

  Step 2: Fetching odds for game 7/11
    Charlotte Hornets @ Utah Jazz
    Event ID: f3761770ef30c0d48a020da31d0f75d4
    Commence: 2025-01-16T02:10:00Z
  Credits: 47799 used, 52201.0 remaining
    ✅ Success (1258/1320 games collected)
    💰 Est. credits used: 37,740/40,000

  Step 2: Fetching odds for game 8/11
    Houston Rockets @ Denver Nuggets
    Event ID: b7c5ff2c3662554161017cd57626a387
    Commence: 2025-01-16T02:10:00Z
  Credits: 47829 used, 52171.0 remaining
    ✅ Success (1259/1320 games collected)
    💰 Est. credits used: 37,770/40,000

  Step 2: Fetching odds for game 9/11
    Golden State Warriors @ Minnesota Timberwolves
    Event ID: a157e49ac69cb746ba21ed4c6232dfa9
    Commence: 2025-01-16T02:40:00Z
  Credits: 47859 used, 52141.0 remaining
    ✅ Success (1260/1320 games collected)
    💰 Est. credits used: 37,800/40,000

  Step 2: Fetching odds for game 10/11
    Miami Heat @ Los Angeles Lakers
    Event ID: 15f5ceaef1e4492f4c22dc3d910cba3d
    Commence: 2025-01-16T03:10:00Z
  Credits: 47889 used, 52111.0 remaining
    ✅ Success (1261/1320 games collected)
    💰 Est. credits used: 37,830/40,000

  Step 2: Fetching odds for game 11/11
    Brooklyn Nets @ Los Angeles Clippers
    Event ID: 6c9223009357137ab41128c696aba7e3
    Commence: 2025-01-16T03:40:00Z
  Credits: 47919 used, 52081.0 remaining
    ✅ Success (1262/1320 games collected)
    💰 Est. credits used: 37,860/40,000

[87/174] Processing 2025-01-16...
  Step 1: Fetching event IDs...
  Credits: 47920 used, 52080.0 remaining
  Found 5 game(s)

  Step 2: Fetching odds for game 1/5
    Indiana Pacers @ Detroit Pistons
    Event ID: 5fa4e5331caf83bcafb2eabead3515e1
    Commence: 2025-01-17T00:10:00Z
  Credits: 47950 used, 52050.0 remaining
    ✅ Success (1263/1325 games collected)
    💰 Est. credits used: 37,890/40,000

  Step 2: Fetching odds for game 2/5
    Phoenix Suns @ Washington Wizards
    Event ID: 5eca5e45e635e3195ab9050b0f54a564
    Commence: 2025-01-17T00:10:00Z
  Credits: 47980 used, 52020.0 remaining
    ✅ Success (1264/1325 games collected)
    💰 Est. credits used: 37,920/40,000

  Step 2: Fetching odds for game 3/5
    Cleveland Cavaliers @ Oklahoma City Thunder
    Event ID: 84c7b056cda9684496beb8d9c9f5423e
    Commence: 2025-01-17T00:30:00Z
  Credits: 48010 used, 51990.0 remaining
    ✅ Success (1265/1325 games collected)
    💰 Est. credits used: 37,950/40,000

  Step 2: Fetching odds for game 4/5
    Houston Rockets @ Sacramento Kings
    Event ID: 2447040fa8cf0f436f6f9d621eae8823
    Commence: 2025-01-17T03:10:00Z
  Credits: 48040 used, 51960.0 remaining
    ✅ Success (1266/1325 games collected)
    💰 Est. credits used: 37,980/40,000

  Step 2: Fetching odds for game 5/5
    Los Angeles Clippers @ Portland Trail Blazers
    Event ID: 1abb6dbd0df740709fc98cba57f0494e
    Commence: 2025-01-17T03:10:00Z
  Credits: 48070 used, 51930.0 remaining
    ✅ Success (1267/1325 games collected)
    💰 Est. credits used: 38,010/40,000

[88/174] Processing 2025-01-17...
  Step 1: Fetching event IDs...
  Credits: 48071 used, 51929.0 remaining
  Found 9 game(s)

  Step 2: Fetching odds for game 1/9
    Orlando Magic @ Boston Celtics
    Event ID: 95cafe4d06fb0ec814b86612635bb094
    Commence: 2025-01-18T00:10:00Z
  Credits: 48101 used, 51899.0 remaining
    ✅ Success (1268/1334 games collected)
    💰 Est. credits used: 38,040/40,000

  Step 2: Fetching odds for game 2/9
    Minnesota Timberwolves @ New York Knicks
    Event ID: 8cfe98192375f79406df25997c65373b
    Commence: 2025-01-18T00:40:00Z
  Credits: 48131 used, 51869.0 remaining
    ✅ Success (1269/1334 games collected)
    💰 Est. credits used: 38,070/40,000

  Step 2: Fetching odds for game 3/9
    Charlotte Hornets @ Chicago Bulls
    Event ID: 98e1d99a88a96fd2b4c7706a8806f883
    Commence: 2025-01-18T01:10:00Z
  Credits: 48161 used, 51839.0 remaining
    ✅ Success (1270/1334 games collected)
    💰 Est. credits used: 38,100/40,000

  Step 2: Fetching odds for game 4/9
    Denver Nuggets @ Miami Heat
    Event ID: 7ad3239c7447ea61f41bb61ba02dcd57
    Commence: 2025-01-18T01:10:00Z
  Credits: 48191 used, 51809.0 remaining
    ✅ Success (1271/1334 games collected)
    💰 Est. credits used: 38,130/40,000

  Step 2: Fetching odds for game 5/9
    Toronto Raptors @ Milwaukee Bucks
    Event ID: 1919d2323b44dce7be0f3b5ed5ab9301
    Commence: 2025-01-18T01:10:00Z
  Credits: 48221 used, 51779.0 remaining
    ✅ Success (1272/1334 games collected)
    💰 Est. credits used: 38,160/40,000

  Step 2: Fetching odds for game 6/9
    Utah Jazz @ New Orleans Pelicans
    Event ID: e8a60d35af7c2e468bfb924ca376ca27
    Commence: 2025-01-18T01:10:00Z
  Credits: 48251 used, 51749.0 remaining
    ✅ Success (1273/1334 games collected)
    💰 Est. credits used: 38,190/40,000

  Step 2: Fetching odds for game 7/9
    Oklahoma City Thunder @ Dallas Mavericks
    Event ID: 167ff7864fd94f3b57ff0b8e7782abd3
    Commence: 2025-01-18T01:40:00Z
  Credits: 48281 used, 51719.0 remaining
    ✅ Success (1274/1334 games collected)
    💰 Est. credits used: 38,220/40,000

  Step 2: Fetching odds for game 8/9
    Memphis Grizzlies @ San Antonio Spurs
    Event ID: de7b7ec3f43b79a85c949f46bf5e86d4
    Commence: 2025-01-18T02:40:00Z
  Credits: 48311 used, 51689.0 remaining
    ✅ Success (1275/1334 games collected)
    💰 Est. credits used: 38,250/40,000

  Step 2: Fetching odds for game 9/9
    Brooklyn Nets @ Los Angeles Lakers
    Event ID: eac986570ca49807e7f8fef6c7deace9
    Commence: 2025-01-18T03:40:00Z
  Credits: 48341 used, 51659.0 remaining
    ✅ Success (1276/1334 games collected)
    💰 Est. credits used: 38,280/40,000

[89/174] Processing 2025-01-18...
  Step 1: Fetching event IDs...
  Credits: 48342 used, 51658.0 remaining
  Found 6 game(s)

  Step 2: Fetching odds for game 1/6
    Phoenix Suns @ Detroit Pistons
    Event ID: d6a085a82b0cce9815e21c508ffbe650
    Commence: 2025-01-18T21:10:00Z
  Credits: 48342 used, 51658.0 remaining
  Retry 1/3: HTTP 404: Not Found
  Credits: 48342 used, 51658.0 remaining
  Retry 2/3: HTTP 404: Not Found
  Credits: 48342 used, 51658.0 remaining
  Retry 3/3: HTTP 404: Not Found
  ❌ Failed to fetch odds for d6a085a82b0cce9815e21c508ffbe650: HTTP 404: Not Found
    ⚠️  No odds data available

  Step 2: Fetching odds for game 2/6
    Atlanta Hawks @ Boston Celtics
    Event ID: 82e81d493406295dcb6aa371451569d4
    Commence: 2025-01-19T00:10:00Z
  Credits: 48372 used, 51628.0 remaining
    ✅ Success (1277/1340 games collected)
    💰 Est. credits used: 38,310/40,000

  Step 2: Fetching odds for game 3/6
    Philadelphia 76ers @ Indiana Pacers
    Event ID: a3e8ee51219729348c03e7c0dc8b6883
    Commence: 2025-01-19T00:10:00Z
  Credits: 48402 used, 51598.0 remaining
    ✅ Success (1278/1340 games collected)
    💰 Est. credits used: 38,340/40,000

  Step 2: Fetching odds for game 4/6
    Washington Wizards @ Golden State Warriors
    Event ID: 6b0eb5da2bd995b7467fd1313719e320
    Commence: 2025-01-19T01:40:00Z
  Credits: 48432 used, 51568.0 remaining
    ✅ Success (1279/1340 games collected)
    💰 Est. credits used: 38,370/40,000

  Step 2: Fetching odds for game 5/6
    Cleveland Cavaliers @ Minnesota Timberwolves
    Event ID: b413e72ebf38363da05eda473e7c175e
    Commence: 2025-01-19T02:10:00Z
  Credits: 48462 used, 51538.0 remaining
    ✅ Success (1280/1340 games collected)
    💰 Est. credits used: 38,400/40,000

  Step 2: Fetching odds for game 6/6
    Houston Rockets @ Portland Trail Blazers
    Event ID: 140573848d377091e0709c676caf9a78
    Commence: 2025-01-19T03:10:00Z
  Credits: 48492 used, 51508.0 remaining
    ✅ Success (1281/1340 games collected)
    💰 Est. credits used: 38,430/40,000

[90/174] Processing 2025-01-19...
  Step 1: Fetching event IDs...
  Credits: 48493 used, 51507.0 remaining
  Found 7 game(s)

  Step 2: Fetching odds for game 1/7
    San Antonio Spurs @ Miami Heat
    Event ID: c0dcdd2d7cc6bf212747e826d496a268
    Commence: 2025-01-19T20:10:00Z
  Credits: 48493 used, 51507.0 remaining
  Retry 1/3: HTTP 404: Not Found
  Credits: 48493 used, 51507.0 remaining
  Retry 2/3: HTTP 404: Not Found
  Credits: 48493 used, 51507.0 remaining
  Retry 3/3: HTTP 404: Not Found
  ❌ Failed to fetch odds for c0dcdd2d7cc6bf212747e826d496a268: HTTP 404: Not Found
    ⚠️  No odds data available

  Step 2: Fetching odds for game 2/7
    Denver Nuggets @ Orlando Magic
    Event ID: 2edec9d8d51e6aaa54be3201dbe3ffbe
    Commence: 2025-01-19T23:10:00Z
  Credits: 48523 used, 51477.0 remaining
    ✅ Success (1282/1347 games collected)
    💰 Est. credits used: 38,460/40,000

  Step 2: Fetching odds for game 3/7
    Brooklyn Nets @ Oklahoma City Thunder
    Event ID: ac53c07fbe5f258ea3e51573ca0e542b
    Commence: 2025-01-20T00:10:00Z
  Credits: 48553 used, 51447.0 remaining
    ✅ Success (1283/1347 games collected)
    💰 Est. credits used: 38,490/40,000

  Step 2: Fetching odds for game 4/7
    Philadelphia 76ers @ Milwaukee Bucks
    Event ID: 4b0e07981ac0eea91683ab99e9305b8d
    Commence: 2025-01-20T00:10:00Z
  Credits: 48583 used, 51417.0 remaining
    ✅ Success (1284/1347 games collected)
    💰 Est. credits used: 38,520/40,000

  Step 2: Fetching odds for game 5/7
    Chicago Bulls @ Portland Trail Blazers
    Event ID: 27d7270c9e38cf2cc025e344e0307f12
    Commence: 2025-01-20T02:10:00Z
  Credits: 48613 used, 51387.0 remaining
    ✅ Success (1285/1347 games collected)
    💰 Est. credits used: 38,550/40,000

  Step 2: Fetching odds for game 6/7
    Los Angeles Lakers @ Los Angeles Clippers
    Event ID: 48472e287f9c5642e7e3cdefb3568580
    Commence: 2025-01-20T02:10:00Z
  Credits: 48643 used, 51357.0 remaining
    ✅ Success (1286/1347 games collected)
    💰 Est. credits used: 38,580/40,000

  Step 2: Fetching odds for game 7/7
    Washington Wizards @ Sacramento Kings
    Event ID: c2a6c09ed5f342d00f979cc923594607
    Commence: 2025-01-20T02:10:00Z
  Credits: 48673 used, 51327.0 remaining
    ✅ Success (1287/1347 games collected)
    💰 Est. credits used: 38,610/40,000

💾 Checkpoint saved: data/nba/checkpoints/checkpoint-2025-01-19.json

[91/174] Processing 2025-01-20...
  Step 1: Fetching event IDs...
  Credits: 48674 used, 51326.0 remaining
  Found 8 game(s)

  Step 2: Fetching odds for game 1/8
    Dallas Mavericks @ Charlotte Hornets
    Event ID: 018bca38c1fc33355f7dfc20ad69b2ee
    Commence: 2025-01-20T17:10:00Z
  Credits: 48674 used, 51326.0 remaining
  Retry 1/3: HTTP 404: Not Found
  Credits: 48674 used, 51326.0 remaining
  Retry 2/3: HTTP 404: Not Found
  Credits: 48674 used, 51326.0 remaining
  Retry 3/3: HTTP 404: Not Found
  ❌ Failed to fetch odds for 018bca38c1fc33355f7dfc20ad69b2ee: HTTP 404: Not Found
    ⚠️  No odds data available

  Step 2: Fetching odds for game 2/8
    Detroit Pistons @ Houston Rockets
    Event ID: 648497f8f49bde0d229d66eb1e3c27d3
    Commence: 2025-01-20T19:10:00Z
  Credits: 48674 used, 51326.0 remaining
  Retry 1/3: HTTP 404: Not Found
  Credits: 48677 used, 51323.0 remaining
  Retry 2/3: HTTP 404: Not Found
  Credits: 48677 used, 51323.0 remaining
  Retry 3/3: HTTP 404: Not Found
  ❌ Failed to fetch odds for 648497f8f49bde0d229d66eb1e3c27d3: HTTP 404: Not Found
    ⚠️  No odds data available

  Step 2: Fetching odds for game 3/8
    Minnesota Timberwolves @ Memphis Grizzlies
    Event ID: 499a4015cf50b478efb61409fa0786d5
    Commence: 2025-01-20T19:40:00Z
  Credits: 48680 used, 51320.0 remaining
  Retry 1/3: HTTP 404: Not Found
  Credits: 48680 used, 51320.0 remaining
  Retry 2/3: HTTP 404: Not Found
  Credits: 48680 used, 51320.0 remaining
  Retry 3/3: HTTP 404: Not Found
  ❌ Failed to fetch odds for 499a4015cf50b478efb61409fa0786d5: HTTP 404: Not Found
    ⚠️  No odds data available

  Step 2: Fetching odds for game 4/8
    Atlanta Hawks @ New York Knicks
    Event ID: b736883206d52bd2d7f89ed1d3c89f62
    Commence: 2025-01-20T20:10:00Z
  Credits: 48680 used, 51320.0 remaining
  Retry 1/3: HTTP 404: Not Found
  Credits: 48680 used, 51320.0 remaining
  Retry 2/3: HTTP 404: Not Found
  Credits: 48680 used, 51320.0 remaining
  Retry 3/3: HTTP 404: Not Found
  ❌ Failed to fetch odds for b736883206d52bd2d7f89ed1d3c89f62: HTTP 404: Not Found
    ⚠️  No odds data available

  Step 2: Fetching odds for game 5/8
    Phoenix Suns @ Cleveland Cavaliers
    Event ID: 78c8db06b7974d20983f9b3c9bc1b678
    Commence: 2025-01-20T20:40:00Z
  Credits: 48680 used, 51320.0 remaining
  Retry 1/3: HTTP 404: Not Found
  Credits: 48680 used, 51320.0 remaining
  Retry 2/3: HTTP 404: Not Found
  Credits: 48680 used, 51320.0 remaining
  Retry 3/3: HTTP 404: Not Found
  ❌ Failed to fetch odds for 78c8db06b7974d20983f9b3c9bc1b678: HTTP 404: Not Found
    ⚠️  No odds data available

  Step 2: Fetching odds for game 6/8
    Boston Celtics @ Golden State Warriors
    Event ID: 173d7d5f2bf8881f4bc4a2179fdf895f
    Commence: 2025-01-20T22:00:00Z
  Credits: 48710 used, 51290.0 remaining
    ✅ Success (1288/1355 games collected)
    💰 Est. credits used: 38,640/40,000

  Step 2: Fetching odds for game 7/8
    Utah Jazz @ New Orleans Pelicans
    Event ID: 20515d2b43e180979c39074d4f7bcb3f
    Commence: 2025-01-21T01:10:00Z
  Credits: 48740 used, 51260.0 remaining
    ✅ Success (1289/1355 games collected)
    💰 Est. credits used: 38,670/40,000

  Step 2: Fetching odds for game 8/8
    Chicago Bulls @ Los Angeles Clippers
    Event ID: 570c8e2909c0bc3a600aff932287d50f
    Commence: 2025-01-21T03:40:00Z
  Credits: 48770 used, 51230.0 remaining
    ✅ Success (1290/1355 games collected)
    💰 Est. credits used: 38,700/40,000

[92/174] Processing 2025-01-21...
  Step 1: Fetching event IDs...
  Credits: 48771 used, 51229.0 remaining
  Found 5 game(s)

  Step 2: Fetching odds for game 1/5
    New York Knicks @ Brooklyn Nets
    Event ID: ef3f4ef25b54e90b8ccff036468e4888
    Commence: 2025-01-22T00:40:00Z
  Credits: 48801 used, 51199.0 remaining
    ✅ Success (1291/1360 games collected)
    💰 Est. credits used: 38,730/40,000

  Step 2: Fetching odds for game 2/5
    Portland Trail Blazers @ Miami Heat
    Event ID: fca5b6086018ef187eba8868f30c874e
    Commence: 2025-01-22T00:40:00Z
  Credits: 48831 used, 51169.0 remaining
    ✅ Success (1292/1360 games collected)
    💰 Est. credits used: 38,760/40,000

  Step 2: Fetching odds for game 3/5
    Orlando Magic @ Toronto Raptors
    Event ID: 5c456f4536f90b8d9a31a8a5b996abd2
    Commence: 2025-01-22T00:40:00Z
  Credits: 48861 used, 51139.0 remaining
    ✅ Success (1293/1360 games collected)
    💰 Est. credits used: 38,790/40,000

  Step 2: Fetching odds for game 4/5
    Philadelphia 76ers @ Denver Nuggets
    Event ID: dca2e08e1bd82602ba0e716fa519d2d9
    Commence: 2025-01-22T03:10:00Z
  Credits: 48891 used, 51109.0 remaining
    ✅ Success (1294/1360 games collected)
    💰 Est. credits used: 38,820/40,000

  Step 2: Fetching odds for game 5/5
    Washington Wizards @ Los Angeles Lakers
    Event ID: 3dbc3307c4fed7a173051c2d8f07741b
    Commence: 2025-01-22T03:40:00Z
  Credits: 48921 used, 51079.0 remaining
    ✅ Success (1295/1360 games collected)
    💰 Est. credits used: 38,850/40,000

[93/174] Processing 2025-01-22...
  Step 1: Fetching event IDs...
  Credits: 48922 used, 51078.0 remaining
  Found 10 game(s)

  Step 2: Fetching odds for game 1/10
    Detroit Pistons @ Atlanta Hawks
    Event ID: 33f7be6747a15f9e36d7341863907c5d
    Commence: 2025-01-23T00:40:00Z
  Credits: 48952 used, 51048.0 remaining
    ✅ Success (1296/1370 games collected)
    💰 Est. credits used: 38,880/40,000

  Step 2: Fetching odds for game 2/10
    Phoenix Suns @ Brooklyn Nets
    Event ID: 08506118721a1523d1e2b26c11676ec8
    Commence: 2025-01-23T00:40:00Z
  Credits: 48982 used, 51018.0 remaining
    ✅ Success (1297/1370 games collected)
    💰 Est. credits used: 38,910/40,000

  Step 2: Fetching odds for game 3/10
    Minnesota Timberwolves @ Dallas Mavericks
    Event ID: d2036bb7eb58c7f9937efcb77d7f7ee0
    Commence: 2025-01-23T00:40:00Z
  Credits: 49012 used, 50988.0 remaining
    ✅ Success (1298/1370 games collected)
    💰 Est. credits used: 38,940/40,000

  Step 2: Fetching odds for game 4/10
    Charlotte Hornets @ Memphis Grizzlies
    Event ID: d34a1f613c8fe3424990ff71939ac227
    Commence: 2025-01-23T01:10:00Z
  Credits: 49042 used, 50958.0 remaining
    ✅ Success (1299/1370 games collected)
    💰 Est. credits used: 38,970/40,000

  Step 2: Fetching odds for game 5/10
    Cleveland Cavaliers @ Houston Rockets
    Event ID: d6ff21cfce2a414242fea9331804aa85
    Commence: 2025-01-23T01:10:00Z
  Credits: 49072 used, 50928.0 remaining
    ✅ Success (1300/1370 games collected)
    💰 Est. credits used: 39,000/40,000

  Step 2: Fetching odds for game 6/10
    Milwaukee Bucks @ New Orleans Pelicans
    Event ID: 9fa9fd46fe842a25a4178e3b2d702cd9
    Commence: 2025-01-23T01:10:00Z
  Credits: 49072 used, 50928.0 remaining
  Retry 1/3: HTTP 404: Not Found
  Credits: 49072 used, 50928.0 remaining
  Retry 2/3: HTTP 404: Not Found
  Credits: 49072 used, 50928.0 remaining
  Retry 3/3: HTTP 404: Not Found
  ❌ Failed to fetch odds for 9fa9fd46fe842a25a4178e3b2d702cd9: HTTP 404: Not Found
    ⚠️  No odds data available

  Step 2: Fetching odds for game 7/10
    Utah Jazz @ Oklahoma City Thunder
    Event ID: 747ca0e15fb940c8a282bd30256a1461
    Commence: 2025-01-23T01:10:00Z
  Credits: 49102 used, 50898.0 remaining
    ✅ Success (1301/1370 games collected)
    💰 Est. credits used: 39,030/40,000

  Step 2: Fetching odds for game 8/10
    Golden State Warriors @ Sacramento Kings
    Event ID: baf880617d80ad47bab4a447513aa1d2
    Commence: 2025-01-23T03:10:00Z
  Credits: 49132 used, 50868.0 remaining
    ✅ Success (1302/1370 games collected)
    💰 Est. credits used: 39,060/40,000

  Step 2: Fetching odds for game 9/10
    Boston Celtics @ Los Angeles Clippers
    Event ID: 5960906d79cf1ed09329d2cd861c6dce
    Commence: 2025-01-23T03:40:00Z
  Credits: 49162 used, 50838.0 remaining
    ✅ Success (1303/1370 games collected)
    💰 Est. credits used: 39,090/40,000

  Step 2: Fetching odds for game 10/10
    San Antonio Spurs @ Indiana Pacers
    Event ID: 59065cde52a9e2b367362915f8e2298a
    Commence: 2025-01-23T19:00:00Z
  Credits: 49192 used, 50808.0 remaining
    ✅ Success (1304/1370 games collected)
    💰 Est. credits used: 39,120/40,000

[94/174] Processing 2025-01-23...
  Step 1: Fetching event IDs...
  Credits: 49193 used, 50807.0 remaining
  Found 9 game(s)

  Step 2: Fetching odds for game 1/9
    San Antonio Spurs @ Indiana Pacers
    Event ID: 59065cde52a9e2b367362915f8e2298a
    Commence: 2025-01-23T19:00:00Z
  Credits: 49193 used, 50807.0 remaining
  Retry 1/3: HTTP 404: Not Found
  Credits: 49193 used, 50807.0 remaining
  Retry 2/3: HTTP 404: Not Found
  Credits: 49193 used, 50807.0 remaining
  Retry 3/3: HTTP 404: Not Found
  ❌ Failed to fetch odds for 59065cde52a9e2b367362915f8e2298a: HTTP 404: Not Found
    ⚠️  No odds data available

  Step 2: Fetching odds for game 2/9
    Portland Trail Blazers @ Orlando Magic
    Event ID: e90b727044fb2a4ea1db3e20286bc4ce
    Commence: 2025-01-24T00:10:00Z
  Credits: 49223 used, 50777.0 remaining
    ✅ Success (1305/1379 games collected)
    💰 Est. credits used: 39,150/40,000

  Step 2: Fetching odds for game 3/9
    Toronto Raptors @ Atlanta Hawks
    Event ID: e78a6c50c453af982da84de4169b030e
    Commence: 2025-01-24T00:40:00Z
  Credits: 49253 used, 50747.0 remaining
    ✅ Success (1306/1379 games collected)
    💰 Est. credits used: 39,180/40,000

  Step 2: Fetching odds for game 4/9
    Miami Heat @ Milwaukee Bucks
    Event ID: b96a284bb2f278f67d33e9481698d03c
    Commence: 2025-01-24T00:40:00Z
  Credits: 49283 used, 50717.0 remaining
    ✅ Success (1307/1379 games collected)
    💰 Est. credits used: 39,210/40,000

  Step 2: Fetching odds for game 5/9
    Dallas Mavericks @ Oklahoma City Thunder
    Event ID: 75504a3843124cb9fd021ef3ccbec2f1
    Commence: 2025-01-24T01:10:00Z
  Credits: 49313 used, 50687.0 remaining
    ✅ Success (1308/1379 games collected)
    💰 Est. credits used: 39,240/40,000

  Step 2: Fetching odds for game 6/9
    Sacramento Kings @ Denver Nuggets
    Event ID: 97e5e5a500721cf73564a83aefe8c6c2
    Commence: 2025-01-24T02:10:00Z
  Credits: 49343 used, 50657.0 remaining
    ✅ Success (1309/1379 games collected)
    💰 Est. credits used: 39,270/40,000

  Step 2: Fetching odds for game 7/9
    Boston Celtics @ Los Angeles Lakers
    Event ID: ab895e8aab81cbbf4c7605782f2f806b
    Commence: 2025-01-24T03:10:00Z
  Credits: 49373 used, 50627.0 remaining
    ✅ Success (1310/1379 games collected)
    💰 Est. credits used: 39,300/40,000

  Step 2: Fetching odds for game 8/9
    Chicago Bulls @ Golden State Warriors
    Event ID: 8191aa1958da0dfe9d961f0a231c370a
    Commence: 2025-01-24T03:10:00Z
  Credits: 49403 used, 50597.0 remaining
    ✅ Success (1311/1379 games collected)
    💰 Est. credits used: 39,330/40,000

  Step 2: Fetching odds for game 9/9
    Washington Wizards @ Los Angeles Clippers
    Event ID: 5065223058735f9ebb26715d41d722f0
    Commence: 2025-01-24T03:10:00Z
  Credits: 49433 used, 50567.0 remaining
    ✅ Success (1312/1379 games collected)
    💰 Est. credits used: 39,360/40,000

[95/174] Processing 2025-01-24...
  Step 1: Fetching event IDs...
  Credits: 49434 used, 50566.0 remaining
  Found 4 game(s)

  Step 2: Fetching odds for game 1/4
    Portland Trail Blazers @ Charlotte Hornets
    Event ID: 6a6e08cde4593b3632d191e657eb09b4
    Commence: 2025-01-25T00:10:00Z
  Credits: 49464 used, 50536.0 remaining
    ✅ Success (1313/1383 games collected)
    💰 Est. credits used: 39,390/40,000

  Step 2: Fetching odds for game 2/4
    Cleveland Cavaliers @ Philadelphia 76ers
    Event ID: 8be88b659b096322958a52c9b586c399
    Commence: 2025-01-25T00:10:00Z
  Credits: 49494 used, 50506.0 remaining
    ✅ Success (1314/1383 games collected)
    💰 Est. credits used: 39,420/40,000

  Step 2: Fetching odds for game 3/4
    New Orleans Pelicans @ Memphis Grizzlies
    Event ID: 0ef3b7159add5b92a32545bb6fecf138
    Commence: 2025-01-25T01:10:00Z
  Credits: 49524 used, 50476.0 remaining
    ✅ Success (1315/1383 games collected)
    💰 Est. credits used: 39,450/40,000

  Step 2: Fetching odds for game 4/4
    Indiana Pacers @ San Antonio Spurs
    Event ID: 178af5284f2a47d4e8b7771bebab5da9
    Commence: 2025-01-25T17:00:00Z
  Credits: 49554 used, 50446.0 remaining
    ✅ Success (1316/1383 games collected)
    💰 Est. credits used: 39,480/40,000

[96/174] Processing 2025-01-25...
  Step 1: Fetching event IDs...
  Credits: 49555 used, 50445.0 remaining
  Found 14 game(s)

  Step 2: Fetching odds for game 1/14
    Indiana Pacers @ San Antonio Spurs
    Event ID: 178af5284f2a47d4e8b7771bebab5da9
    Commence: 2025-01-25T17:00:00Z
  Credits: 49555 used, 50445.0 remaining
  Retry 1/3: HTTP 404: Not Found
  Credits: 49555 used, 50445.0 remaining
  Retry 2/3: HTTP 404: Not Found
  Credits: 49555 used, 50445.0 remaining
  Retry 3/3: HTTP 404: Not Found
  ❌ Failed to fetch odds for 178af5284f2a47d4e8b7771bebab5da9: HTTP 404: Not Found
    ⚠️  No odds data available

  Step 2: Fetching odds for game 2/14
    Denver Nuggets @ Minnesota Timberwolves
    Event ID: 240a84b2dddf3a224173e70c23b1d624
    Commence: 2025-01-25T20:10:00Z
  Credits: 49555 used, 50445.0 remaining
  Retry 1/3: HTTP 404: Not Found
  Credits: 49555 used, 50445.0 remaining
  Retry 2/3: HTTP 404: Not Found
  Credits: 49555 used, 50445.0 remaining
  Retry 3/3: HTTP 404: Not Found
  ❌ Failed to fetch odds for 240a84b2dddf3a224173e70c23b1d624: HTTP 404: Not Found
    ⚠️  No odds data available

  Step 2: Fetching odds for game 3/14
    Boston Celtics @ Dallas Mavericks
    Event ID: 76930b971b553c28937a93bc0d6d401f
    Commence: 2025-01-25T22:40:00Z
  Credits: 49585 used, 50415.0 remaining
    ✅ Success (1317/1397 games collected)
    💰 Est. credits used: 39,510/40,000

  Step 2: Fetching odds for game 4/14
    Miami Heat @ Brooklyn Nets
    Event ID: da35d7f08ed78c853ad079b9037ac97c
    Commence: 2025-01-25T23:10:00Z
  Credits: 49615 used, 50385.0 remaining
    ✅ Success (1318/1397 games collected)
    💰 Est. credits used: 39,540/40,000

  Step 2: Fetching odds for game 5/14
    New Orleans Pelicans @ Charlotte Hornets
    Event ID: a94554db3c304438bbe47e488a1f664d
    Commence: 2025-01-26T00:10:00Z
  Credits: 49645 used, 50355.0 remaining
    ✅ Success (1319/1397 games collected)
    💰 Est. credits used: 39,570/40,000

  Step 2: Fetching odds for game 6/14
    Detroit Pistons @ Orlando Magic
    Event ID: 5098f9b5adbcaab14331d39b47291ae7
    Commence: 2025-01-26T00:10:00Z
  Credits: 49675 used, 50325.0 remaining
    ✅ Success (1320/1397 games collected)
    💰 Est. credits used: 39,600/40,000

  Step 2: Fetching odds for game 7/14
    Toronto Raptors @ Atlanta Hawks
    Event ID: 1dd7c5ce12b32dbc39ffba632f4dc425
    Commence: 2025-01-26T00:40:00Z
  Credits: 49705 used, 50295.0 remaining
    ✅ Success (1321/1397 games collected)
    💰 Est. credits used: 39,630/40,000

  Step 2: Fetching odds for game 8/14
    Houston Rockets @ Cleveland Cavaliers
    Event ID: 6c82000938f8b077ffbc9686bbb1d03f
    Commence: 2025-01-26T00:40:00Z
  Credits: 49735 used, 50265.0 remaining
    ✅ Success (1322/1397 games collected)
    💰 Est. credits used: 39,660/40,000

  Step 2: Fetching odds for game 9/14
    Sacramento Kings @ New York Knicks
    Event ID: 0baffcadf6ff742878bf35b40e7529a3
    Commence: 2025-01-26T00:40:00Z
  Credits: 49765 used, 50235.0 remaining
    ✅ Success (1323/1397 games collected)
    💰 Est. credits used: 39,690/40,000

  Step 2: Fetching odds for game 10/14
    Philadelphia 76ers @ Chicago Bulls
    Event ID: 05ba8831b03e58276032dab4ca8d16b7
    Commence: 2025-01-26T01:10:00Z
  Credits: 49795 used, 50205.0 remaining
    ✅ Success (1324/1397 games collected)
    💰 Est. credits used: 39,720/40,000

  Step 2: Fetching odds for game 11/14
    Utah Jazz @ Memphis Grizzlies
    Event ID: 021e8f2b9443a70c2f674f2fe2cc848c
    Commence: 2025-01-26T01:10:00Z
  Credits: 49825 used, 50175.0 remaining
    ✅ Success (1325/1397 games collected)
    💰 Est. credits used: 39,750/40,000

  Step 2: Fetching odds for game 12/14
    Los Angeles Lakers @ Golden State Warriors
    Event ID: 9f689ebb3ced18aaace3694dc0f5ba02
    Commence: 2025-01-26T01:40:00Z
  Credits: 49855 used, 50145.0 remaining
    ✅ Success (1326/1397 games collected)
    💰 Est. credits used: 39,780/40,000

  Step 2: Fetching odds for game 13/14
    Washington Wizards @ Phoenix Suns
    Event ID: 5f349f9747a6c4faa00ee1f91505ca5f
    Commence: 2025-01-26T02:10:00Z
  Credits: 49885 used, 50115.0 remaining
    ✅ Success (1327/1397 games collected)
    💰 Est. credits used: 39,810/40,000

  Step 2: Fetching odds for game 14/14
    Milwaukee Bucks @ Los Angeles Clippers
    Event ID: f9f266723569ad13fcc3c51c16352d99
    Commence: 2025-01-26T03:40:00Z
  Credits: 49915 used, 50085.0 remaining
    ✅ Success (1328/1397 games collected)
    💰 Est. credits used: 39,840/40,000

[97/174] Processing 2025-01-26...
  Step 1: Fetching event IDs...
  Credits: 49916 used, 50084.0 remaining
  Found 5 game(s)

  Step 2: Fetching odds for game 1/5
    Oklahoma City Thunder @ Portland Trail Blazers
    Event ID: cf4360ae388e3a68fb1c2aea7c890815
    Commence: 2025-01-26T23:10:00Z
  Credits: 49946 used, 50054.0 remaining
    ✅ Success (1329/1402 games collected)
    💰 Est. credits used: 39,870/40,000

  Step 2: Fetching odds for game 2/5
    Los Angeles Lakers @ Charlotte Hornets
    Event ID: de708b9536df1f308b67b97274fb58aa
    Commence: 2025-01-28T00:10:00Z
  Credits: 49976 used, 50024.0 remaining
    ✅ Success (1330/1402 games collected)
    💰 Est. credits used: 39,900/40,000

  Step 2: Fetching odds for game 3/5
    Houston Rockets @ Boston Celtics
    Event ID: fb2efb2987f18418760dcc3d3a8f9df1
    Commence: 2025-01-28T00:40:00Z
  Credits: 50007 used, 49993.0 remaining
    ✅ Success (1331/1402 games collected)
    💰 Est. credits used: 39,930/40,000

  Step 2: Fetching odds for game 4/5
    Memphis Grizzlies @ New York Knicks
    Event ID: 900efdbd5d2eaa2267d6f09ddd74e6e3
    Commence: 2025-01-28T00:40:00Z
  Credits: 50007 used, 49993.0 remaining
    ✅ Success (1332/1402 games collected)
    💰 Est. credits used: 39,960/40,000

  Step 2: Fetching odds for game 5/5
    Los Angeles Clippers @ Phoenix Suns
    Event ID: aecc41fbcb21eac7198d1a04bddb07a0
    Commence: 2025-01-28T02:40:00Z
  Credits: 50007 used, 49993.0 remaining
    ✅ Success (1333/1402 games collected)
    💰 Est. credits used: 39,990/40,000

[98/174] Processing 2025-01-27...
  Step 1: Fetching event IDs...
  Credits: 50008 used, 49992.0 remaining
  Found 12 game(s)

  Step 2: Fetching odds for game 1/12
    Los Angeles Lakers @ Charlotte Hornets
    Event ID: de708b9536df1f308b67b97274fb58aa
    Commence: 2025-01-28T00:10:00Z
  Credits: 50038 used, 49962.0 remaining
    ✅ Success (1334/1414 games collected)
    💰 Est. credits used: 40,020/40,000

  Step 2: Fetching odds for game 2/12
    Detroit Pistons @ Cleveland Cavaliers
    Event ID: ec53aa3f3f58e9c8f692cb7cf363f5df
    Commence: 2025-01-28T00:10:00Z
  Credits: 50068 used, 49932.0 remaining
    ✅ Success (1335/1414 games collected)
    💰 Est. credits used: 40,050/40,000

  Step 2: Fetching odds for game 3/12
    Houston Rockets @ Boston Celtics
    Event ID: fb2efb2987f18418760dcc3d3a8f9df1
    Commence: 2025-01-28T00:40:00Z
  Credits: 50098 used, 49902.0 remaining
    ✅ Success (1336/1414 games collected)
    💰 Est. credits used: 40,080/40,000

  Step 2: Fetching odds for game 4/12
    Sacramento Kings @ Brooklyn Nets
    Event ID: 49b423bea0e7b1eb1d1ff72b7cd5a917
    Commence: 2025-01-28T00:40:00Z
  Credits: 50128 used, 49872.0 remaining
    ✅ Success (1337/1414 games collected)
    💰 Est. credits used: 40,110/40,000

  Step 2: Fetching odds for game 5/12
    Memphis Grizzlies @ New York Knicks
    Event ID: 900efdbd5d2eaa2267d6f09ddd74e6e3
    Commence: 2025-01-28T00:40:00Z
  Credits: 50158 used, 49842.0 remaining
    ✅ Success (1338/1414 games collected)
    💰 Est. credits used: 40,140/40,000

  Step 2: Fetching odds for game 6/12
    Orlando Magic @ Miami Heat
    Event ID: 1274e69cacf9310f766bd0fe93aeb340
    Commence: 2025-01-28T00:40:00Z
  Credits: 50188 used, 49812.0 remaining
    ✅ Success (1339/1414 games collected)
    💰 Est. credits used: 40,170/40,000

  Step 2: Fetching odds for game 7/12
    New Orleans Pelicans @ Toronto Raptors
    Event ID: 427f94e9f94131f02fb70667fcee4ab4
    Commence: 2025-01-28T00:40:00Z
  Credits: 50218 used, 49782.0 remaining
    ✅ Success (1340/1414 games collected)
    💰 Est. credits used: 40,200/40,000

  Step 2: Fetching odds for game 8/12
    Atlanta Hawks @ Minnesota Timberwolves
    Event ID: 20ee3189264bd00157ea8dcf54579892
    Commence: 2025-01-28T01:10:00Z
  Credits: 50248 used, 49752.0 remaining
    ✅ Success (1341/1414 games collected)
    💰 Est. credits used: 40,230/40,000

  Step 2: Fetching odds for game 9/12
    Denver Nuggets @ Chicago Bulls
    Event ID: c8f48703497fd9de26c9ce93d5057fe7
    Commence: 2025-01-28T01:10:00Z
  Credits: 50278 used, 49722.0 remaining
    ✅ Success (1342/1414 games collected)
    💰 Est. credits used: 40,260/40,000

  Step 2: Fetching odds for game 10/12
    Washington Wizards @ Dallas Mavericks
    Event ID: 220e63f7f8bdc7c58d814a46259c67a2
    Commence: 2025-01-28T01:40:00Z
  Credits: 50308 used, 49692.0 remaining
    ✅ Success (1343/1414 games collected)
    💰 Est. credits used: 40,290/40,000

  Step 2: Fetching odds for game 11/12
    Milwaukee Bucks @ Utah Jazz
    Event ID: 4c7063d42a874f80a9c17b9774a945f9
    Commence: 2025-01-28T02:10:00Z
  Credits: 50338 used, 49662.0 remaining
    ✅ Success (1344/1414 games collected)
    💰 Est. credits used: 40,320/40,000

  Step 2: Fetching odds for game 12/12
    Los Angeles Clippers @ Phoenix Suns
    Event ID: aecc41fbcb21eac7198d1a04bddb07a0
    Commence: 2025-01-28T02:40:00Z
  Credits: 50368 used, 49632.0 remaining
    ✅ Success (1345/1414 games collected)
    💰 Est. credits used: 40,350/40,000

[99/174] Processing 2025-01-28...
  Step 1: Fetching event IDs...
  Credits: 50369 used, 49631.0 remaining
  Found 4 game(s)

  Step 2: Fetching odds for game 1/4
    Los Angeles Lakers @ Philadelphia 76ers
    Event ID: 0ab77208feec99c7bb5f8990cb81739d
    Commence: 2025-01-29T00:30:00Z
  Credits: 50399 used, 49601.0 remaining
    ✅ Success (1346/1418 games collected)
    💰 Est. credits used: 40,380/40,000

  Step 2: Fetching odds for game 2/4
    Houston Rockets @ Atlanta Hawks
    Event ID: 699f111aa87fc2cea90b0362b93b928e
    Commence: 2025-01-29T00:40:00Z
  Credits: 50429 used, 49571.0 remaining
    ✅ Success (1347/1418 games collected)
    💰 Est. credits used: 40,410/40,000

  Step 2: Fetching odds for game 3/4
    Milwaukee Bucks @ Portland Trail Blazers
    Event ID: 02a0097a3e442dbca988e6145e43b9c2
    Commence: 2025-01-29T03:00:00Z
  Credits: 50459 used, 49541.0 remaining
    ✅ Success (1348/1418 games collected)
    💰 Est. credits used: 40,440/40,000

  Step 2: Fetching odds for game 4/4
    Utah Jazz @ Golden State Warriors
    Event ID: cd1d3bb2519f27ba9d884e0dbbcd55bd
    Commence: 2025-01-29T03:10:00Z
  Credits: 50489 used, 49511.0 remaining
    ✅ Success (1349/1418 games collected)
    💰 Est. credits used: 40,470/40,000

[100/174] Processing 2025-01-29...
  Step 1: Fetching event IDs...
  Credits: 50490 used, 49510.0 remaining
  Found 11 game(s)

  Step 2: Fetching odds for game 1/11
    Brooklyn Nets @ Charlotte Hornets
    Event ID: 82e230aff36c60de7fcd3bdd6e573b5f
    Commence: 2025-01-30T00:10:00Z
  Credits: 50520 used, 49480.0 remaining
    ✅ Success (1350/1429 games collected)
    💰 Est. credits used: 40,500/40,000

  Step 2: Fetching odds for game 2/11
    Detroit Pistons @ Indiana Pacers
    Event ID: a75904869ceb53ced4baae29638d4907
    Commence: 2025-01-30T00:10:00Z
  Credits: 50550 used, 49450.0 remaining
    ✅ Success (1351/1429 games collected)
    💰 Est. credits used: 40,530/40,000

  Step 2: Fetching odds for game 3/11
    Toronto Raptors @ Washington Wizards
    Event ID: fd9e9a29c8840b05ec47ce69bb66285f
    Commence: 2025-01-30T00:10:00Z
  Credits: 50580 used, 49420.0 remaining
    ✅ Success (1352/1429 games collected)
    💰 Est. credits used: 40,560/40,000

  Step 2: Fetching odds for game 4/11
    Chicago Bulls @ Boston Celtics
    Event ID: c1377c3655be5a0f236e58af35ed96ed
    Commence: 2025-01-30T00:40:00Z
  Credits: 50610 used, 49390.0 remaining
    ✅ Success (1353/1429 games collected)
    💰 Est. credits used: 40,590/40,000

  Step 2: Fetching odds for game 5/11
    Cleveland Cavaliers @ Miami Heat
    Event ID: b96f1ef936ee9645716d3ccfe6a827ab
    Commence: 2025-01-30T00:40:00Z
  Credits: 50640 used, 49360.0 remaining
    ✅ Success (1354/1429 games collected)
    💰 Est. credits used: 40,620/40,000

  Step 2: Fetching odds for game 6/11
    Denver Nuggets @ New York Knicks
    Event ID: 9b4f16875683c0e509cba63b8f82bb7a
    Commence: 2025-01-30T00:40:00Z
  Credits: 50670 used, 49330.0 remaining
    ✅ Success (1355/1429 games collected)
    💰 Est. credits used: 40,650/40,000

  Step 2: Fetching odds for game 7/11
    Sacramento Kings @ Philadelphia 76ers
    Event ID: afcd8441571d6c30ca662e7481ac17a3
    Commence: 2025-01-30T00:40:00Z
  Credits: 50700 used, 49300.0 remaining
    ✅ Success (1356/1429 games collected)
    💰 Est. credits used: 40,680/40,000

  Step 2: Fetching odds for game 8/11
    Dallas Mavericks @ New Orleans Pelicans
    Event ID: 53ca6361b55c5a6ef7e15853621f0ed8
    Commence: 2025-01-30T01:10:00Z
  Credits: 50730 used, 49270.0 remaining
    ✅ Success (1357/1429 games collected)
    💰 Est. credits used: 40,710/40,000

  Step 2: Fetching odds for game 9/11
    Los Angeles Clippers @ San Antonio Spurs
    Event ID: 3f3767f9da127ac9f8b7afa138e3fcea
    Commence: 2025-01-30T01:10:00Z
  Credits: 50760 used, 49240.0 remaining
    ✅ Success (1358/1429 games collected)
    💰 Est. credits used: 40,740/40,000

  Step 2: Fetching odds for game 10/11
    Minnesota Timberwolves @ Phoenix Suns
    Event ID: 0f5edeaa71dbfb18b0bb9b61b672c728
    Commence: 2025-01-30T02:10:00Z
  Credits: 50790 used, 49210.0 remaining
    ✅ Success (1359/1429 games collected)
    💰 Est. credits used: 40,770/40,000

  Step 2: Fetching odds for game 11/11
    Oklahoma City Thunder @ Golden State Warriors
    Event ID: 1ec913e38af7a7f0e101ec0c7125bef3
    Commence: 2025-01-30T03:10:00Z
  Credits: 50820 used, 49180.0 remaining
    ✅ Success (1360/1429 games collected)
    💰 Est. credits used: 40,800/40,000

💾 Checkpoint saved: data/nba/checkpoints/checkpoint-2025-01-29.json

[101/174] Processing 2025-01-30...
  Step 1: Fetching event IDs...
  Credits: 50821 used, 49179.0 remaining
  Found 5 game(s)

  Step 2: Fetching odds for game 1/5
    Atlanta Hawks @ Cleveland Cavaliers
    Event ID: a4d3c19bca78a6727a00d6c96e80f573
    Commence: 2025-01-31T00:00:00Z
  Credits: 50851 used, 49149.0 remaining
    ✅ Success (1361/1434 games collected)
    💰 Est. credits used: 40,830/40,000

  Step 2: Fetching odds for game 2/5
    Los Angeles Lakers @ Washington Wizards
    Event ID: b7f9752c63e2b5f1ef22d3d5d060f593
    Commence: 2025-01-31T00:10:00Z
  Credits: 50881 used, 49119.0 remaining
    ✅ Success (1362/1434 games collected)
    💰 Est. credits used: 40,860/40,000

  Step 2: Fetching odds for game 3/5
    Minnesota Timberwolves @ Utah Jazz
    Event ID: 92b6e6dd1bbbc4c69c3959fe9da825d0
    Commence: 2025-01-31T02:10:00Z
  Credits: 50911 used, 49089.0 remaining
    ✅ Success (1363/1434 games collected)
    💰 Est. credits used: 40,890/40,000

  Step 2: Fetching odds for game 4/5
    Houston Rockets @ Memphis Grizzlies
    Event ID: 836eae09b37fdf8dc41f7ed3c3a1e41c
    Commence: 2025-01-31T02:30:00Z
  Credits: 50941 used, 49059.0 remaining
    ✅ Success (1364/1434 games collected)
    💰 Est. credits used: 40,920/40,000

  Step 2: Fetching odds for game 5/5
    Orlando Magic @ Portland Trail Blazers
    Event ID: 8dfa07bad117f06a89c016996a0b0730
    Commence: 2025-01-31T03:10:00Z
  Credits: 50971 used, 49029.0 remaining
    ✅ Success (1365/1434 games collected)
    💰 Est. credits used: 40,950/40,000

[102/174] Processing 2025-01-31...
  Step 1: Fetching event IDs...
  Credits: 50975 used, 49025.0 remaining
  Found 7 game(s)

  Step 2: Fetching odds for game 1/7
    Los Angeles Clippers @ Charlotte Hornets
    Event ID: 33c0f2f5adf69508f90c0ddca3f7d4ac
    Commence: 2025-02-01T00:10:00Z
  Credits: 51008 used, 48992.0 remaining
    ✅ Success (1366/1441 games collected)
    💰 Est. credits used: 40,980/40,000

  Step 2: Fetching odds for game 2/7
    Dallas Mavericks @ Detroit Pistons
    Event ID: 9aa814047553f85ad1bc55efa497ce83
    Commence: 2025-02-01T00:10:00Z
  Credits: 51038 used, 48962.0 remaining
    ✅ Success (1367/1441 games collected)
    💰 Est. credits used: 41,010/40,000

  Step 2: Fetching odds for game 3/7
    Chicago Bulls @ Toronto Raptors
    Event ID: 1350e52b6ed83b835bf5b933fe9cdb6f
    Commence: 2025-02-01T00:40:00Z
  Credits: 51068 used, 48932.0 remaining
    ✅ Success (1368/1441 games collected)
    💰 Est. credits used: 41,040/40,000

  Step 2: Fetching odds for game 4/7
    Denver Nuggets @ Philadelphia 76ers
    Event ID: 0002c59303f70b3dd2b393a67b49f975
    Commence: 2025-02-01T00:40:00Z
  Credits: 51098 used, 48902.0 remaining
    ✅ Success (1369/1441 games collected)
    💰 Est. credits used: 41,070/40,000

  Step 2: Fetching odds for game 5/7
    Boston Celtics @ New Orleans Pelicans
    Event ID: f42b72157e7e585177cc568add8df8d1
    Commence: 2025-02-01T01:10:00Z
  Credits: 51128 used, 48872.0 remaining
    ✅ Success (1370/1441 games collected)
    💰 Est. credits used: 41,100/40,000

  Step 2: Fetching odds for game 6/7
    Milwaukee Bucks @ San Antonio Spurs
    Event ID: 91479a0a512048f9f505aff21cdd54a6
    Commence: 2025-02-01T01:10:00Z
  Credits: 51158 used, 48842.0 remaining
    ✅ Success (1371/1441 games collected)
    💰 Est. credits used: 41,130/40,000

  Step 2: Fetching odds for game 7/7
    Phoenix Suns @ Golden State Warriors
    Event ID: afed9b6c6698f76a8f0b12b342fb10f4
    Commence: 2025-02-01T03:10:00Z
  Credits: 51188 used, 48812.0 remaining
    ✅ Success (1372/1441 games collected)
    💰 Est. credits used: 41,160/40,000

[103/174] Processing 2025-02-01...
  Step 1: Fetching event IDs...
  Credits: 51189 used, 48811.0 remaining
  Found 9 game(s)

  Step 2: Fetching odds for game 1/9
    Atlanta Hawks @ Indiana Pacers
    Event ID: e15ff567c82a8612fcd3c64613fa271f
    Commence: 2025-02-01T22:10:00Z
  Credits: 51219 used, 48781.0 remaining
    ✅ Success (1373/1450 games collected)
    💰 Est. credits used: 41,190/40,000

  Step 2: Fetching odds for game 2/9
    Orlando Magic @ Utah Jazz
    Event ID: f0f8530aece682be12f08ba2550a2acb
    Commence: 2025-02-01T22:10:00Z
  Credits: 51249 used, 48751.0 remaining
    ✅ Success (1374/1450 games collected)
    💰 Est. credits used: 41,220/40,000

  Step 2: Fetching odds for game 3/9
    Denver Nuggets @ Charlotte Hornets
    Event ID: 6ca29edff6433fb34747341ec8c8d9f5
    Commence: 2025-02-02T00:10:00Z
  Credits: 51279 used, 48721.0 remaining
    ✅ Success (1375/1450 games collected)
    💰 Est. credits used: 41,250/40,000

  Step 2: Fetching odds for game 4/9
    Brooklyn Nets @ Houston Rockets
    Event ID: 5bcdd83ab405b194ed68cb7e1a385018
    Commence: 2025-02-02T01:10:00Z
  Credits: 51309 used, 48691.0 remaining
    ✅ Success (1376/1450 games collected)
    💰 Est. credits used: 41,280/40,000

  Step 2: Fetching odds for game 5/9
    Washington Wizards @ Minnesota Timberwolves
    Event ID: ba95fe551d5f1c8df560676c6f7a2804
    Commence: 2025-02-02T01:10:00Z
  Credits: 51339 used, 48661.0 remaining
    ✅ Success (1377/1450 games collected)
    💰 Est. credits used: 41,310/40,000

  Step 2: Fetching odds for game 6/9
    Sacramento Kings @ Oklahoma City Thunder
    Event ID: be96657c220fe1fa52a989d5c7ce3a42
    Commence: 2025-02-02T01:10:00Z
  Credits: 51369 used, 48631.0 remaining
    ✅ Success (1378/1450 games collected)
    💰 Est. credits used: 41,340/40,000

  Step 2: Fetching odds for game 7/9
    Los Angeles Lakers @ New York Knicks
    Event ID: 8a077eefc721f3038823ebabaf2cf7b6
    Commence: 2025-02-02T01:40:00Z
  Credits: 51399 used, 48601.0 remaining
    ✅ Success (1379/1450 games collected)
    💰 Est. credits used: 41,370/40,000

  Step 2: Fetching odds for game 8/9
    Miami Heat @ San Antonio Spurs
    Event ID: f982eaf2f66b67b216e9fd12a72cd7e9
    Commence: 2025-02-02T01:40:00Z
  Credits: 51429 used, 48571.0 remaining
    ✅ Success (1380/1450 games collected)
    💰 Est. credits used: 41,400/40,000

  Step 2: Fetching odds for game 9/9
    Phoenix Suns @ Portland Trail Blazers
    Event ID: ef5730e686aca111d5d628c8d44625ba
    Commence: 2025-02-02T03:10:00Z
  Credits: 51459 used, 48541.0 remaining
    ✅ Success (1381/1450 games collected)
    💰 Est. credits used: 41,430/40,000

[104/174] Processing 2025-02-02...
  Step 1: Fetching event IDs...
  Credits: 51460 used, 48540.0 remaining
  Found 6 game(s)

  Step 2: Fetching odds for game 1/6
    Chicago Bulls @ Detroit Pistons
    Event ID: 3b81094303eaa6a85df848ddf3338e51
    Commence: 2025-02-02T20:10:00Z
  Credits: 51460 used, 48540.0 remaining
  Retry 1/3: HTTP 404: Not Found
  Credits: 51460 used, 48540.0 remaining
  Retry 2/3: HTTP 404: Not Found
  Credits: 51460 used, 48540.0 remaining
  Retry 3/3: HTTP 404: Not Found
  ❌ Failed to fetch odds for 3b81094303eaa6a85df848ddf3338e51: HTTP 404: Not Found
    ⚠️  No odds data available

  Step 2: Fetching odds for game 2/6
    Dallas Mavericks @ Cleveland Cavaliers
    Event ID: 093d616c3e0657ee88285396d418c656
    Commence: 2025-02-02T20:40:00Z
  Credits: 51460 used, 48540.0 remaining
  Retry 1/3: HTTP 404: Not Found
  Credits: 51460 used, 48540.0 remaining
  Retry 2/3: HTTP 404: Not Found
  Credits: 51460 used, 48540.0 remaining
  Retry 3/3: HTTP 404: Not Found
  ❌ Failed to fetch odds for 093d616c3e0657ee88285396d418c656: HTTP 404: Not Found
    ⚠️  No odds data available

  Step 2: Fetching odds for game 3/6
    Los Angeles Clippers @ Toronto Raptors
    Event ID: b1b104392f62d1972e51e11971d57029
    Commence: 2025-02-02T20:40:00Z
  Credits: 51460 used, 48540.0 remaining
  Retry 1/3: HTTP 404: Not Found
  Credits: 51460 used, 48540.0 remaining
  Retry 2/3: HTTP 404: Not Found
  Credits: 51460 used, 48540.0 remaining
  Retry 3/3: HTTP 404: Not Found
  ❌ Failed to fetch odds for b1b104392f62d1972e51e11971d57029: HTTP 404: Not Found
    ⚠️  No odds data available

  Step 2: Fetching odds for game 4/6
    Boston Celtics @ Philadelphia 76ers
    Event ID: d396223d4a8e42b604523eff606f8766
    Commence: 2025-02-02T23:10:00Z
  Credits: 51490 used, 48510.0 remaining
    ✅ Success (1382/1456 games collected)
    💰 Est. credits used: 41,460/40,000

  Step 2: Fetching odds for game 5/6
    Memphis Grizzlies @ Milwaukee Bucks
    Event ID: fc948635a5c823e35bc072ee026db31b
    Commence: 2025-02-03T01:40:00Z
  Credits: 51520 used, 48480.0 remaining
    ✅ Success (1383/1456 games collected)
    💰 Est. credits used: 41,490/40,000

  Step 2: Fetching odds for game 6/6
    Dallas Mavericks @ Los Angeles Lakers
    Event ID: 8c5dfc09221b32ad1835ce0e5c426454
    Commence: 2025-02-26T03:00:00Z
  Credits: 51520 used, 48480.0 remaining
    ✅ Success (1384/1456 games collected)
    💰 Est. credits used: 41,520/40,000

[105/174] Processing 2025-02-03...
  Step 1: Fetching event IDs...
  Credits: 51521 used, 48479.0 remaining
  Found 12 game(s)

  Step 2: Fetching odds for game 1/12
    Atlanta Hawks @ Detroit Pistons
    Event ID: 243a2713dd209ea6d5ce9cfb952ba305
    Commence: 2025-02-04T00:10:00Z
  Credits: 51551 used, 48449.0 remaining
    ✅ Success (1385/1468 games collected)
    💰 Est. credits used: 41,550/40,000

  Step 2: Fetching odds for game 2/12
    Washington Wizards @ Charlotte Hornets
    Event ID: 4a1ab01ed1f80004b15f13491437d04e
    Commence: 2025-02-04T00:10:00Z
  Credits: 51581 used, 48419.0 remaining
    ✅ Success (1386/1468 games collected)
    💰 Est. credits used: 41,580/40,000

  Step 2: Fetching odds for game 3/12
    Houston Rockets @ New York Knicks
    Event ID: 40d562250a4eece875d31cfd852a3867
    Commence: 2025-02-04T00:40:00Z
  Credits: 51611 used, 48389.0 remaining
    ✅ Success (1387/1468 games collected)
    💰 Est. credits used: 41,610/40,000

  Step 2: Fetching odds for game 4/12
    San Antonio Spurs @ Memphis Grizzlies
    Event ID: 8d21ed1b9b834b66d75fdcf7b2cf1ae7
    Commence: 2025-02-04T01:10:00Z
  Credits: 51641 used, 48359.0 remaining
    ✅ Success (1388/1468 games collected)
    💰 Est. credits used: 41,640/40,000

  Step 2: Fetching odds for game 5/12
    Milwaukee Bucks @ Oklahoma City Thunder
    Event ID: a378aa2359a0bde3d131d57282f5e312
    Commence: 2025-02-04T01:10:00Z
  Credits: 51671 used, 48329.0 remaining
    ✅ Success (1389/1468 games collected)
    💰 Est. credits used: 41,670/40,000

  Step 2: Fetching odds for game 6/12
    Sacramento Kings @ Minnesota Timberwolves
    Event ID: d98b95bc5825930f104e2037886fc40d
    Commence: 2025-02-04T01:10:00Z
  Credits: 51701 used, 48299.0 remaining
    ✅ Success (1390/1468 games collected)
    💰 Est. credits used: 41,700/40,000

  Step 2: Fetching odds for game 7/12
    New Orleans Pelicans @ Denver Nuggets
    Event ID: 1717f0bce8dbf49be0d3e77bc99bc665
    Commence: 2025-02-04T02:10:00Z
  Credits: 51731 used, 48269.0 remaining
    ✅ Success (1391/1468 games collected)
    💰 Est. credits used: 41,730/40,000

  Step 2: Fetching odds for game 8/12
    Indiana Pacers @ Utah Jazz
    Event ID: 7806dd23a149f5b912030948fb2a39f3
    Commence: 2025-02-04T02:10:00Z
  Credits: 51761 used, 48239.0 remaining
    ✅ Success (1392/1468 games collected)
    💰 Est. credits used: 41,760/40,000

  Step 2: Fetching odds for game 9/12
    Orlando Magic @ Golden State Warriors
    Event ID: c4ae24f5802ac12083a858c24cee4cdd
    Commence: 2025-02-04T03:10:00Z
  Credits: 51791 used, 48209.0 remaining
    ✅ Success (1393/1468 games collected)
    💰 Est. credits used: 41,790/40,000

  Step 2: Fetching odds for game 10/12
    Phoenix Suns @ Portland Trail Blazers
    Event ID: 4c6d742eba9943e71b7840775d3df198
    Commence: 2025-02-04T03:10:00Z
  Credits: 51821 used, 48179.0 remaining
    ✅ Success (1394/1468 games collected)
    💰 Est. credits used: 41,820/40,000

  Step 2: Fetching odds for game 11/12
    Dallas Mavericks @ Los Angeles Lakers
    Event ID: 8c5dfc09221b32ad1835ce0e5c426454
    Commence: 2025-02-26T03:00:00Z
  Credits: 51851 used, 48149.0 remaining
    ✅ Success (1395/1468 games collected)
    💰 Est. credits used: 41,850/40,000

  Step 2: Fetching odds for game 12/12
    San Antonio Spurs @ Sacramento Kings
    Event ID: f880e059bbee7b5b9e4af4d17bcee511
    Commence: 2025-03-08T03:10:00Z
  Credits: 51851 used, 48149.0 remaining
    ✅ Success (1396/1468 games collected)
    💰 Est. credits used: 41,880/40,000

[106/174] Processing 2025-02-04...
  Step 1: Fetching event IDs...
  Credits: 51852 used, 48148.0 remaining
  Found 9 game(s)

  Step 2: Fetching odds for game 1/9
    Dallas Mavericks @ Philadelphia 76ers
    Event ID: cb748d8f3c1e5ade4e01cffe663721b1
    Commence: 2025-02-05T00:10:00Z
  Credits: 51882 used, 48118.0 remaining
    ✅ Success (1397/1477 games collected)
    💰 Est. credits used: 41,910/40,000

  Step 2: Fetching odds for game 2/9
    Boston Celtics @ Cleveland Cavaliers
    Event ID: 500f7a65d999cc5679fa5685688131bc
    Commence: 2025-02-05T00:30:00Z
  Credits: 51912 used, 48088.0 remaining
    ✅ Success (1398/1477 games collected)
    💰 Est. credits used: 41,940/40,000

  Step 2: Fetching odds for game 3/9
    Houston Rockets @ Brooklyn Nets
    Event ID: 5558eea9fab5a44950b813d3da12612d
    Commence: 2025-02-05T00:40:00Z
  Credits: 51942 used, 48058.0 remaining
    ✅ Success (1399/1477 games collected)
    💰 Est. credits used: 41,970/40,000

  Step 2: Fetching odds for game 4/9
    New York Knicks @ Toronto Raptors
    Event ID: 87dd14a608c7809ee03e67231e461068
    Commence: 2025-02-05T00:40:00Z
  Credits: 51972 used, 48028.0 remaining
    ✅ Success (1400/1477 games collected)
    💰 Est. credits used: 42,000/40,000

  Step 2: Fetching odds for game 5/9
    Miami Heat @ Chicago Bulls
    Event ID: a2b6a3647b08ec54a8331987dec98599
    Commence: 2025-02-05T01:10:00Z
  Credits: 52002 used, 47998.0 remaining
    ✅ Success (1401/1477 games collected)
    💰 Est. credits used: 42,030/40,000

  Step 2: Fetching odds for game 6/9
    Indiana Pacers @ Portland Trail Blazers
    Event ID: 7c9cca5b84b21e02a25efdfcd060be92
    Commence: 2025-02-05T03:10:00Z
  Credits: 52032 used, 47968.0 remaining
    ✅ Success (1402/1477 games collected)
    💰 Est. credits used: 42,060/40,000

  Step 2: Fetching odds for game 7/9
    Los Angeles Lakers @ Los Angeles Clippers
    Event ID: da7efad2c4a2ecd12a7fc529e8b86ce4
    Commence: 2025-02-05T03:10:00Z
  Credits: 52062 used, 47938.0 remaining
    ✅ Success (1403/1477 games collected)
    💰 Est. credits used: 42,090/40,000

  Step 2: Fetching odds for game 8/9
    Dallas Mavericks @ Los Angeles Lakers
    Event ID: 8c5dfc09221b32ad1835ce0e5c426454
    Commence: 2025-02-26T03:00:00Z
  Credits: 52092 used, 47908.0 remaining
    ✅ Success (1404/1477 games collected)
    💰 Est. credits used: 42,120/40,000

  Step 2: Fetching odds for game 9/9
    San Antonio Spurs @ Sacramento Kings
    Event ID: f880e059bbee7b5b9e4af4d17bcee511
    Commence: 2025-03-08T03:10:00Z
  Credits: 52092 used, 47908.0 remaining
    ✅ Success (1405/1477 games collected)
    💰 Est. credits used: 42,150/40,000

[107/174] Processing 2025-02-05...
  Step 1: Fetching event IDs...
  Credits: 52093 used, 47907.0 remaining
  Found 13 game(s)

  Step 2: Fetching odds for game 1/13
    San Antonio Spurs @ Atlanta Hawks
    Event ID: b4333710ce73848da01037039e2c278e
    Commence: 2025-02-06T00:10:00Z
  Credits: 52123 used, 47877.0 remaining
    ✅ Success (1406/1490 games collected)
    💰 Est. credits used: 42,180/40,000

  Step 2: Fetching odds for game 2/13
    Milwaukee Bucks @ Charlotte Hornets
    Event ID: 0a4fb355d858aeb88bbb23481ea3cd4c
    Commence: 2025-02-06T00:10:00Z
  Credits: 52153 used, 47847.0 remaining
    ✅ Success (1407/1490 games collected)
    💰 Est. credits used: 42,210/40,000

  Step 2: Fetching odds for game 3/13
    Cleveland Cavaliers @ Detroit Pistons
    Event ID: 6f9cd80706188f5d958bbf99f5e81cbf
    Commence: 2025-02-06T00:10:00Z
  Credits: 52183 used, 47817.0 remaining
    ✅ Success (1408/1490 games collected)
    💰 Est. credits used: 42,240/40,000

  Step 2: Fetching odds for game 4/13
    Washington Wizards @ Brooklyn Nets
    Event ID: 6b4194c02bb5d320e81cab6ca4a56dd0
    Commence: 2025-02-06T00:40:00Z
  Credits: 52213 used, 47787.0 remaining
    ✅ Success (1409/1490 games collected)
    💰 Est. credits used: 42,270/40,000

  Step 2: Fetching odds for game 5/13
    Memphis Grizzlies @ Toronto Raptors
    Event ID: e357f1bf21117b8a1e900647ffc04dc2
    Commence: 2025-02-06T00:40:00Z
  Credits: 52243 used, 47757.0 remaining
    ✅ Success (1410/1490 games collected)
    💰 Est. credits used: 42,300/40,000

  Step 2: Fetching odds for game 6/13
    Miami Heat @ Philadelphia 76ers
    Event ID: d2c05b2a354b9183252a0578809e33b8
    Commence: 2025-02-06T00:40:00Z
  Credits: 52273 used, 47727.0 remaining
    ✅ Success (1411/1490 games collected)
    💰 Est. credits used: 42,330/40,000

  Step 2: Fetching odds for game 7/13
    Chicago Bulls @ Minnesota Timberwolves
    Event ID: 0d02175ccdc96f1994dd5377ac8b5382
    Commence: 2025-02-06T01:10:00Z
  Credits: 52303 used, 47697.0 remaining
    ✅ Success (1412/1490 games collected)
    💰 Est. credits used: 42,360/40,000

  Step 2: Fetching odds for game 8/13
    New Orleans Pelicans @ Denver Nuggets
    Event ID: 4c129c9c43f02b000d5252231fa75d52
    Commence: 2025-02-06T02:10:00Z
  Credits: 52333 used, 47667.0 remaining
    ✅ Success (1413/1490 games collected)
    💰 Est. credits used: 42,390/40,000

  Step 2: Fetching odds for game 9/13
    Golden State Warriors @ Utah Jazz
    Event ID: 31e6208fb40ebcfd387f1476fa257c50
    Commence: 2025-02-06T02:10:00Z
  Credits: 52363 used, 47637.0 remaining
    ✅ Success (1414/1490 games collected)
    💰 Est. credits used: 42,420/40,000

  Step 2: Fetching odds for game 10/13
    Phoenix Suns @ Oklahoma City Thunder
    Event ID: 8a708ed701982a1a92f140880660637a
    Commence: 2025-02-06T02:40:00Z
  Credits: 52393 used, 47607.0 remaining
    ✅ Success (1415/1490 games collected)
    💰 Est. credits used: 42,450/40,000

  Step 2: Fetching odds for game 11/13
    Orlando Magic @ Sacramento Kings
    Event ID: a4254d9474c6be9c6c1a4235b588f68b
    Commence: 2025-02-06T03:10:00Z
  Credits: 52423 used, 47577.0 remaining
    ✅ Success (1416/1490 games collected)
    💰 Est. credits used: 42,480/40,000

  Step 2: Fetching odds for game 12/13
    Dallas Mavericks @ Los Angeles Lakers
    Event ID: 8c5dfc09221b32ad1835ce0e5c426454
    Commence: 2025-02-26T03:00:00Z
  Credits: 52453 used, 47547.0 remaining
    ✅ Success (1417/1490 games collected)
    💰 Est. credits used: 42,510/40,000

  Step 2: Fetching odds for game 13/13
    San Antonio Spurs @ Sacramento Kings
    Event ID: f880e059bbee7b5b9e4af4d17bcee511
    Commence: 2025-03-08T03:10:00Z
  Credits: 52453 used, 47547.0 remaining
    ✅ Success (1418/1490 games collected)
    💰 Est. credits used: 42,540/40,000

[108/174] Processing 2025-02-06...
  Step 1: Fetching event IDs...
  Credits: 52454 used, 47546.0 remaining
  Found 9 game(s)

  Step 2: Fetching odds for game 1/9
    Dallas Mavericks @ Boston Celtics
    Event ID: 0bfd6223d18e57da53a9f5f7dccc250a
    Commence: 2025-02-07T00:30:00Z
  Credits: 52484 used, 47516.0 remaining
    ✅ Success (1419/1499 games collected)
    💰 Est. credits used: 42,570/40,000

  Step 2: Fetching odds for game 2/9
    Houston Rockets @ Minnesota Timberwolves
    Event ID: a906dc1f7ced6b2d575fdd91ba9e58e6
    Commence: 2025-02-07T01:10:00Z
  Credits: 52514 used, 47486.0 remaining
    ✅ Success (1420/1499 games collected)
    💰 Est. credits used: 42,600/40,000

  Step 2: Fetching odds for game 3/9
    Orlando Magic @ Denver Nuggets
    Event ID: a916ee7696fde8f1a82e214c36a04b9a
    Commence: 2025-02-07T02:10:00Z
  Credits: 52544 used, 47456.0 remaining
    ✅ Success (1421/1499 games collected)
    💰 Est. credits used: 42,630/40,000

  Step 2: Fetching odds for game 4/9
    Golden State Warriors @ Los Angeles Lakers
    Event ID: 39da2a6da9ab2746b1ff9f320f9f5a14
    Commence: 2025-02-07T03:00:00Z
  Credits: 52574 used, 47426.0 remaining
    ✅ Success (1422/1499 games collected)
    💰 Est. credits used: 42,660/40,000

  Step 2: Fetching odds for game 5/9
    Sacramento Kings @ Portland Trail Blazers
    Event ID: b3df91f1d79355a68f8aa279f17e2a3e
    Commence: 2025-02-07T03:10:00Z
  Credits: 52604 used, 47396.0 remaining
    ✅ Success (1423/1499 games collected)
    💰 Est. credits used: 42,690/40,000

  Step 2: Fetching odds for game 6/9
    Indiana Pacers @ Los Angeles Clippers
    Event ID: 0dd68311a8617606a6956cd6e511fd9e
    Commence: 2025-02-07T03:40:00Z
  Credits: 52634 used, 47366.0 remaining
    ✅ Success (1424/1499 games collected)
    💰 Est. credits used: 42,720/40,000

  Step 2: Fetching odds for game 7/9
    Dallas Mavericks @ Los Angeles Lakers
    Event ID: 8c5dfc09221b32ad1835ce0e5c426454
    Commence: 2025-02-26T03:00:00Z
  Credits: 52664 used, 47336.0 remaining
    ✅ Success (1425/1499 games collected)
    💰 Est. credits used: 42,750/40,000

  Step 2: Fetching odds for game 8/9
    San Antonio Spurs @ Sacramento Kings
    Event ID: f880e059bbee7b5b9e4af4d17bcee511
    Commence: 2025-03-08T03:10:00Z
  Credits: 52664 used, 47336.0 remaining
    ✅ Success (1426/1499 games collected)
    💰 Est. credits used: 42,780/40,000

  Step 2: Fetching odds for game 9/9
    Golden State Warriors @ Miami Heat
    Event ID: 0e1dde121b5be88b7c95e744d43c877f
    Commence: 2025-03-26T00:40:00Z
  Credits: 52664 used, 47336.0 remaining
    ✅ Success (1427/1499 games collected)
    💰 Est. credits used: 42,810/40,000

[109/174] Processing 2025-02-07...
  Step 1: Fetching event IDs...
  Credits: 52665 used, 47335.0 remaining
  Found 10 game(s)

  Step 2: Fetching odds for game 1/10
    San Antonio Spurs @ Charlotte Hornets
    Event ID: c8310e046f80bf6292c633aff61cffdb
    Commence: 2025-02-08T00:10:00Z
  Credits: 52695 used, 47305.0 remaining
    ✅ Success (1428/1509 games collected)
    💰 Est. credits used: 42,840/40,000

  Step 2: Fetching odds for game 2/10
    Cleveland Cavaliers @ Washington Wizards
    Event ID: f592f9667df5d2b96f41a71c90cddf39
    Commence: 2025-02-08T00:10:00Z
  Credits: 52725 used, 47275.0 remaining
    ✅ Success (1429/1509 games collected)
    💰 Est. credits used: 42,870/40,000

  Step 2: Fetching odds for game 3/10
    Milwaukee Bucks @ Atlanta Hawks
    Event ID: 9a5a6098686e727ed1ed46d6dfc879ca
    Commence: 2025-02-08T00:40:00Z
  Credits: 52755 used, 47245.0 remaining
    ✅ Success (1430/1509 games collected)
    💰 Est. credits used: 42,900/40,000

  Step 2: Fetching odds for game 4/10
    Miami Heat @ Brooklyn Nets
    Event ID: 2ee31055f5cc3975abda3f49017b550e
    Commence: 2025-02-08T00:40:00Z
  Credits: 52785 used, 47215.0 remaining
    ✅ Success (1431/1509 games collected)
    💰 Est. credits used: 42,930/40,000

  Step 2: Fetching odds for game 5/10
    Philadelphia 76ers @ Detroit Pistons
    Event ID: 78e03cf799710b90c7e8b9af3bb4d1d1
    Commence: 2025-02-08T00:40:00Z
  Credits: 52815 used, 47185.0 remaining
    ✅ Success (1432/1509 games collected)
    💰 Est. credits used: 42,960/40,000

  Step 2: Fetching odds for game 6/10
    Toronto Raptors @ Oklahoma City Thunder
    Event ID: 5c962a5ad947d385ee524f36970a8ce4
    Commence: 2025-02-08T01:10:00Z
  Credits: 52845 used, 47155.0 remaining
    ✅ Success (1433/1509 games collected)
    💰 Est. credits used: 42,990/40,000

  Step 2: Fetching odds for game 7/10
    Utah Jazz @ Phoenix Suns
    Event ID: 984ea4c49b7729eb8269618e77e99b27
    Commence: 2025-02-08T03:10:00Z
  Credits: 52875 used, 47125.0 remaining
    ✅ Success (1434/1509 games collected)
    💰 Est. credits used: 43,020/40,000

  Step 2: Fetching odds for game 8/10
    Dallas Mavericks @ Los Angeles Lakers
    Event ID: 8c5dfc09221b32ad1835ce0e5c426454
    Commence: 2025-02-26T03:00:00Z
  Credits: 52905 used, 47095.0 remaining
    ✅ Success (1435/1509 games collected)
    💰 Est. credits used: 43,050/40,000

  Step 2: Fetching odds for game 9/10
    San Antonio Spurs @ Sacramento Kings
    Event ID: f880e059bbee7b5b9e4af4d17bcee511
    Commence: 2025-03-08T03:10:00Z
  Credits: 52905 used, 47095.0 remaining
    ✅ Success (1436/1509 games collected)
    💰 Est. credits used: 43,080/40,000

  Step 2: Fetching odds for game 10/10
    Golden State Warriors @ Miami Heat
    Event ID: 0e1dde121b5be88b7c95e744d43c877f
    Commence: 2025-03-26T00:40:00Z
  Credits: 52905 used, 47095.0 remaining
    ✅ Success (1437/1509 games collected)
    💰 Est. credits used: 43,110/40,000

[110/174] Processing 2025-02-08...
  Step 1: Fetching event IDs...
  Credits: 52906 used, 47094.0 remaining
  Found 14 game(s)

  Step 2: Fetching odds for game 1/14
    Houston Rockets @ Dallas Mavericks
    Event ID: d002383b27fadb65f5788dfdc0aa339c
    Commence: 2025-02-08T20:10:00Z
  Credits: 52906 used, 47094.0 remaining
  Retry 1/3: HTTP 404: Not Found
  Credits: 52906 used, 47094.0 remaining
  Retry 2/3: HTTP 404: Not Found
  Credits: 52906 used, 47094.0 remaining
  Retry 3/3: HTTP 404: Not Found
  ❌ Failed to fetch odds for d002383b27fadb65f5788dfdc0aa339c: HTTP 404: Not Found
    ⚠️  No odds data available

  Step 2: Fetching odds for game 2/14
    Indiana Pacers @ Los Angeles Lakers
    Event ID: e8ab0829fd613d0cdcca45ce487ee9aa
    Commence: 2025-02-08T21:10:00Z
  Credits: 52926 used, 47074.0 remaining
    ✅ Success (1438/1523 games collected)
    💰 Est. credits used: 43,140/40,000

  Step 2: Fetching odds for game 3/14
    Atlanta Hawks @ Washington Wizards
    Event ID: 1e749488e6d83a99e4b8162e10124c89
    Commence: 2025-02-09T00:10:00Z
  Credits: 52956 used, 47044.0 remaining
    ✅ Success (1439/1523 games collected)
    💰 Est. credits used: 43,170/40,000

  Step 2: Fetching odds for game 4/14
    San Antonio Spurs @ Orlando Magic
    Event ID: 75306eafbdac484b26c5ae336be95842
    Commence: 2025-02-09T00:10:00Z
  Credits: 52986 used, 47014.0 remaining
    ✅ Success (1440/1523 games collected)
    💰 Est. credits used: 43,200/40,000

  Step 2: Fetching odds for game 5/14
    Golden State Warriors @ Chicago Bulls
    Event ID: f367e199e95e0c026d428bf591c79232
    Commence: 2025-02-09T01:10:00Z
  Credits: 53016 used, 46984.0 remaining
    ✅ Success (1441/1523 games collected)
    💰 Est. credits used: 43,230/40,000

  Step 2: Fetching odds for game 6/14
    Oklahoma City Thunder @ Memphis Grizzlies
    Event ID: 2c8d9aec1f8f8ed6ff16e59b72e0e851
    Commence: 2025-02-09T01:10:00Z
  Credits: 53046 used, 46954.0 remaining
    ✅ Success (1442/1523 games collected)
    💰 Est. credits used: 43,260/40,000

  Step 2: Fetching odds for game 7/14
    Portland Trail Blazers @ Minnesota Timberwolves
    Event ID: 81e22abb5fb3bdc94da1d9654672b9ae
    Commence: 2025-02-09T01:10:00Z
  Credits: 53076 used, 46924.0 remaining
    ✅ Success (1443/1523 games collected)
    💰 Est. credits used: 43,290/40,000

  Step 2: Fetching odds for game 8/14
    Boston Celtics @ New York Knicks
    Event ID: 464b448dbf2ea8b32331aa5764a6f14f
    Commence: 2025-02-09T01:40:00Z
  Credits: 53106 used, 46894.0 remaining
    ✅ Success (1444/1523 games collected)
    💰 Est. credits used: 43,320/40,000

  Step 2: Fetching odds for game 9/14
    Denver Nuggets @ Phoenix Suns
    Event ID: 01cc26e6f8d5b2a9214a6dfe9d519e05
    Commence: 2025-02-09T02:10:00Z
  Credits: 53136 used, 46864.0 remaining
    ✅ Success (1445/1523 games collected)
    💰 Est. credits used: 43,350/40,000

  Step 2: Fetching odds for game 10/14
    New Orleans Pelicans @ Sacramento Kings
    Event ID: 345c1fb258b16c2a64bc7c584d928a19
    Commence: 2025-02-09T03:10:00Z
  Credits: 53166 used, 46834.0 remaining
    ✅ Success (1446/1523 games collected)
    💰 Est. credits used: 43,380/40,000

  Step 2: Fetching odds for game 11/14
    Utah Jazz @ Los Angeles Clippers
    Event ID: f05d99b8a83b68dc5a0ae66a036fa3b4
    Commence: 2025-02-09T03:40:00Z
  Credits: 53196 used, 46804.0 remaining
    ✅ Success (1447/1523 games collected)
    💰 Est. credits used: 43,410/40,000

  Step 2: Fetching odds for game 12/14
    Dallas Mavericks @ Los Angeles Lakers
    Event ID: 8c5dfc09221b32ad1835ce0e5c426454
    Commence: 2025-02-26T03:00:00Z
  Credits: 53226 used, 46774.0 remaining
    ✅ Success (1448/1523 games collected)
    💰 Est. credits used: 43,440/40,000

  Step 2: Fetching odds for game 13/14
    San Antonio Spurs @ Sacramento Kings
    Event ID: f880e059bbee7b5b9e4af4d17bcee511
    Commence: 2025-03-08T03:10:00Z
  Credits: 53226 used, 46774.0 remaining
    ✅ Success (1449/1523 games collected)
    💰 Est. credits used: 43,470/40,000

  Step 2: Fetching odds for game 14/14
    Golden State Warriors @ Miami Heat
    Event ID: 0e1dde121b5be88b7c95e744d43c877f
    Commence: 2025-03-26T00:40:00Z
  Credits: 53226 used, 46774.0 remaining
    ✅ Success (1450/1523 games collected)
    💰 Est. credits used: 43,500/40,000

💾 Checkpoint saved: data/nba/checkpoints/checkpoint-2025-02-08.json

[111/174] Processing 2025-02-09...
  Step 1: Fetching event IDs...
  Credits: 53227 used, 46773.0 remaining
  Found 6 game(s)

  Step 2: Fetching odds for game 1/6
    Charlotte Hornets @ Detroit Pistons
    Event ID: 033ffd442857285ce6fc168666e1283d
    Commence: 2025-02-09T18:10:00Z
  Credits: 53227 used, 46773.0 remaining
  Retry 1/3: HTTP 404: Not Found
  Credits: 53227 used, 46773.0 remaining
  Retry 2/3: HTTP 404: Not Found
  Credits: 53227 used, 46773.0 remaining
  Retry 3/3: HTTP 404: Not Found
  ❌ Failed to fetch odds for 033ffd442857285ce6fc168666e1283d: HTTP 404: Not Found
    ⚠️  No odds data available

  Step 2: Fetching odds for game 2/6
    Toronto Raptors @ Houston Rockets
    Event ID: 06420b6c46a70fe5fcfb0a4ae98013eb
    Commence: 2025-02-09T19:10:00Z
  Credits: 53227 used, 46773.0 remaining
  Retry 1/3: HTTP 404: Not Found
  Credits: 53227 used, 46773.0 remaining
  Retry 2/3: HTTP 404: Not Found
  Credits: 53227 used, 46773.0 remaining
  Retry 3/3: HTTP 404: Not Found
  ❌ Failed to fetch odds for 06420b6c46a70fe5fcfb0a4ae98013eb: HTTP 404: Not Found
    ⚠️  No odds data available

  Step 2: Fetching odds for game 3/6
    Philadelphia 76ers @ Milwaukee Bucks
    Event ID: 911ef9b234d936b582ccc7ce5cd37d4e
    Commence: 2025-02-09T19:10:00Z
  Credits: 53227 used, 46773.0 remaining
  Retry 1/3: HTTP 404: Not Found
  Credits: 53227 used, 46773.0 remaining
  Retry 2/3: HTTP 404: Not Found
  Credits: 53227 used, 46773.0 remaining
  Retry 3/3: HTTP 404: Not Found
  ❌ Failed to fetch odds for 911ef9b234d936b582ccc7ce5cd37d4e: HTTP 404: Not Found
    ⚠️  No odds data available

  Step 2: Fetching odds for game 4/6
    Dallas Mavericks @ Los Angeles Lakers
    Event ID: 8c5dfc09221b32ad1835ce0e5c426454
    Commence: 2025-02-26T03:00:00Z
  Credits: 53257 used, 46743.0 remaining
    ✅ Success (1451/1529 games collected)
    💰 Est. credits used: 43,530/40,000

  Step 2: Fetching odds for game 5/6
    San Antonio Spurs @ Sacramento Kings
    Event ID: f880e059bbee7b5b9e4af4d17bcee511
    Commence: 2025-03-08T03:10:00Z
  Credits: 53257 used, 46743.0 remaining
    ✅ Success (1452/1529 games collected)
    💰 Est. credits used: 43,560/40,000

  Step 2: Fetching odds for game 6/6
    Golden State Warriors @ Miami Heat
    Event ID: 0e1dde121b5be88b7c95e744d43c877f
    Commence: 2025-03-26T00:40:00Z
  Credits: 53257 used, 46743.0 remaining
    ✅ Success (1453/1529 games collected)
    💰 Est. credits used: 43,590/40,000

[112/174] Processing 2025-02-10...
  Step 1: Fetching event IDs...
  Credits: 53258 used, 46742.0 remaining
  Found 13 game(s)

  Step 2: Fetching odds for game 1/13
    Atlanta Hawks @ Orlando Magic
    Event ID: de674935dc38d314dc4b4b0ac5c024c4
    Commence: 2025-02-11T00:10:00Z
  Credits: 53288 used, 46712.0 remaining
    ✅ Success (1454/1542 games collected)
    💰 Est. credits used: 43,620/40,000

  Step 2: Fetching odds for game 2/13
    Minnesota Timberwolves @ Cleveland Cavaliers
    Event ID: 3c08e999c5f8c6d6954b8f618b5df9a8
    Commence: 2025-02-11T00:10:00Z
  Credits: 53318 used, 46682.0 remaining
    ✅ Success (1455/1542 games collected)
    💰 Est. credits used: 43,650/40,000

  Step 2: Fetching odds for game 3/13
    San Antonio Spurs @ Washington Wizards
    Event ID: 4b1c91161cc3d0cb86b46500daf2e29a
    Commence: 2025-02-11T00:10:00Z
  Credits: 53348 used, 46652.0 remaining
    ✅ Success (1456/1542 games collected)
    💰 Est. credits used: 43,680/40,000

  Step 2: Fetching odds for game 4/13
    Boston Celtics @ Miami Heat
    Event ID: c4f4e62d7ede59a6a74ab6038c332137
    Commence: 2025-02-11T00:40:00Z
  Credits: 53378 used, 46622.0 remaining
    ✅ Success (1457/1542 games collected)
    💰 Est. credits used: 43,710/40,000

  Step 2: Fetching odds for game 5/13
    Charlotte Hornets @ Brooklyn Nets
    Event ID: 91c394eb2e93c78c8ec2315dfcc85dc9
    Commence: 2025-02-11T00:40:00Z
  Credits: 53408 used, 46592.0 remaining
    ✅ Success (1458/1542 games collected)
    💰 Est. credits used: 43,740/40,000

  Step 2: Fetching odds for game 6/13
    Golden State Warriors @ Milwaukee Bucks
    Event ID: 28890e3553d5c550382dc17fe360b622
    Commence: 2025-02-11T01:10:00Z
  Credits: 53438 used, 46562.0 remaining
    ✅ Success (1459/1542 games collected)
    💰 Est. credits used: 43,770/40,000

  Step 2: Fetching odds for game 7/13
    New Orleans Pelicans @ Oklahoma City Thunder
    Event ID: 948b9d66b01eca0ac831573f593c2871
    Commence: 2025-02-11T01:10:00Z
  Credits: 53468 used, 46532.0 remaining
    ✅ Success (1460/1542 games collected)
    💰 Est. credits used: 43,800/40,000

  Step 2: Fetching odds for game 8/13
    Sacramento Kings @ Dallas Mavericks
    Event ID: b149b26eec030d502d419c0bc0d4ee95
    Commence: 2025-02-11T01:40:00Z
  Credits: 53498 used, 46502.0 remaining
    ✅ Success (1461/1542 games collected)
    💰 Est. credits used: 43,830/40,000

  Step 2: Fetching odds for game 9/13
    Portland Trail Blazers @ Denver Nuggets
    Event ID: c88cced20eb9497a7b9447bc2ee98f86
    Commence: 2025-02-11T02:10:00Z
  Credits: 53528 used, 46472.0 remaining
    ✅ Success (1462/1542 games collected)
    💰 Est. credits used: 43,860/40,000

  Step 2: Fetching odds for game 10/13
    Utah Jazz @ Los Angeles Lakers
    Event ID: 8652e5cb2e7732aff755077975780ad9
    Commence: 2025-02-11T03:40:00Z
  Credits: 53558 used, 46442.0 remaining
    ✅ Success (1463/1542 games collected)
    💰 Est. credits used: 43,890/40,000

  Step 2: Fetching odds for game 11/13
    Dallas Mavericks @ Los Angeles Lakers
    Event ID: 8c5dfc09221b32ad1835ce0e5c426454
    Commence: 2025-02-26T03:00:00Z
  Credits: 53588 used, 46412.0 remaining
    ✅ Success (1464/1542 games collected)
    💰 Est. credits used: 43,920/40,000

  Step 2: Fetching odds for game 12/13
    San Antonio Spurs @ Sacramento Kings
    Event ID: f880e059bbee7b5b9e4af4d17bcee511
    Commence: 2025-03-08T03:10:00Z
  Credits: 53588 used, 46412.0 remaining
    ✅ Success (1465/1542 games collected)
    💰 Est. credits used: 43,950/40,000

  Step 2: Fetching odds for game 13/13
    Golden State Warriors @ Miami Heat
    Event ID: 0e1dde121b5be88b7c95e744d43c877f
    Commence: 2025-03-26T00:40:00Z
  Credits: 53588 used, 46412.0 remaining
  Retry 1/3: HTTP 404: Not Found
  Credits: 53588 used, 46412.0 remaining
  Retry 2/3: HTTP 404: Not Found
