tree
version=v4
num_class=1
num_tree_per_iteration=1
label_index=0
max_feature_idx=59
objective=binary sigmoid:1
feature_names=L5_ppg L10_ppg L20_ppg L40_ppg L999_ppg L5_rpg L10_rpg L20_rpg L40_rpg L999_rpg L5_apg L10_apg L20_apg L40_apg L999_apg L5_pra L10_pra L20_pra L40_pra L999_pra L5_minutes L10_minutes L20_minutes L40_minutes L5_fga L10_fga L20_fga L40_fga L5_fta L10_fta L20_fta L40_fta season_ppg season_rpg season_apg season_pra season_minutes season_fga season_fta season_games_played h2h_ppg h2h_rpg h2h_apg h2h_pra h2h_minutes h2h_fga h2h_fta h2h_games_played opp_def_L5_pra_allowed opp_def_L10_pra_allowed opp_def_L5_ppg_allowed opp_def_L10_ppg_allowed opp_def_L5_rpg_allowed opp_def_L10_rpg_allowed opp_def_L5_apg_allowed opp_def_L10_apg_allowed rest_days home line games_played
feature_infos=[1:41.799999999999997] [2.7999999999999998:39.600000000000001] none none [3.532258064516129:33.692307692307693] [0.20000000000000001:17.800000000000001] [0.69999999999999996:17.300000000000001] none none [1:13.223350253807107] [0:16.199999999999999] [0:14] none none [0:11.255555555555556] [2.6000000000000001:58.600000000000001] [4.7000000000000002:57.600000000000001] none none [6.0161290322580649:49] [12.6:44.600000000000001] [9.6999999999999993:41.799999999999997] none none [1.8:27] [1.6000000000000001:27.199999999999999] none none [0:17.399999999999999] [0:14.6] none none none none none none none none none none none none none none none none none none [2.7999999999999998:31.800000000000001] [6.7999999999999998:26.600000000000001] [1.2:22.199999999999999] [3.3999999999999999:17.5] [0.40000000000000002:10] [1.8:7.4000000000000004] [0:6.2000000000000002] [0.69999999999999996:4.2999999999999998] [1:269] [0:1] [0.5:13.5] [1:209]
tree_sizes=3396 3386 3407 3408 3275 2661 2012 3069 2852 1936 3071 2972 3391 3391 3186 2642 3072 2364 2140 2243 3085 2753 2965 3070 2966 3374 3378 2980 3371 2781 3415 3410 3084 3173 3398 1827 1812

Tree=0
num_leaves=31
num_cat=0
split_feature=6 20 19 28 59 11 28 19 15 24 20 24 15 48 19 29 29 54 50 11 53 53 24 15 48 9 6 48 25 14
split_gain=19.6161 18.9179 28.0389 29.5215 16.8328 20.8519 18.7217 20.6276 19.3549 16.6462 14.8142 13.9189 13.3891 12.2629 14.1425 11.8143 11.3706 11.1466 12.1064 11.0296 9.69447 13.0927 9.33412 9.51775 9.22967 6.71839 9.64218 6.24681 6.05826 6.03425
threshold=6.9500000000000011 28.100000000000005 15.831087662337664 4.5000000000000009 154.50000000000003 5.0500000000000007 4.1000000000000005 31.779157153729074 40.900000000000006 24.100000000000005 35.300000000000004 21.500000000000004 30.700000000000006 19.500000000000004 38.572798605056676 3.8500000000000001 0.65000000000000002 0.70000000000000007 4.3000000000000016 7.1500000000000012 2.3500000000000001 3.2500000000000004 22.900000000000002 45.100000000000009 13.900000000000002 9.8212479384277085 7.3500000000000005 14.500000000000002 14.950000000000001 4.9084928229665081
decision_type=2 2 2 2 2 2 2 2 2 2 2 2 2 2 2 2 2 2 2 2 2 2 2 2 2 2 2 2 2 2
left_child=1 2 16 20 6 12 7 10 13 17 15 19 -6 14 -8 -2 -1 18 -3 -10 -4 -22 23 -19 -20 26 -9 -7 -14 -29
right_child=4 9 3 -5 5 27 8 25 11 -11 -12 -13 28 -15 -16 -17 -18 22 24 -21 21 -23 -24 -25 -26 -27 -28 29 -30 -31
leaf_value=-0.040862784556065429 -0.029440820093333757 -0.10669815154337832 -0.11528592374689449 0.057461851919864304 -0.076384689703889813 0.066678651832456054 -0.035626089475042963 -0.018002973738378794 -0.028338237718561886 -0.077260785067784971 -0.077993501407950999 -0.080786287287805542 0.040511909137246026 -0.099716909476759624 -0.099518739235370662 0.04585864357896631 0.037974748143316223 -0.0082073760645936921 0.013150344714619219 0.032998201049742659 -0.0031926165444640178 -0.055529592906691523 0.054298392161384448 -0.072033201762513585 -0.069992121028861015 -0.02018297115597463 0.066761815763505511 0.038317388464412246 -0.035706258643176461 -0.019419056040979148
leaf_weight=6.0423524379730251 42.094142079353333 5.7542525529861477 5.4995095729827872 6.6090216636657706 11.291884303092958 7.3780158758163479 33.504359841346741 5.047206878662112 23.948023676872253 9.0325543880462629 14.301147341728209 8.5278337001800519 5.0757985115051252 20.281551241874695 11.768013358116148 5.8400274515151969 17.251043558120728 625.36362624168396 8.0993573665618879 10.396809458732603 14.151240348815916 71.158270001411438 5.8447927236556998 5.7733136415481559 5.5233359336853018 6.3066259622573844 10.684909343719481 9.3873680830001849 5.0376763343811035 8.3255087137222272
leaf_count=24 167 23 22 26 45 29 133 20 95 36 57 34 20 81 47 23 68 2476 32 41 56 283 23 23 22 25 42 37 20 33
internal_value=-0.0174183 -0.013599 -0.0317861 -0.0436002 -0.0299462 -0.00302492 -0.0364728 -0.018851 -0.0502028 -0.0102907 -0.0335163 -0.02393 -0.0390672 -0.0672753 -0.0524855 -0.020047 0.0173039 -0.00935269 -0.0465487 -0.00981902 -0.0510863 -0.0467811 -0.00820918 -0.00880747 -0.0203223 0.0226674 0.0400606 0.0278798 0.00226393 0.0110484
internal_weight=1025.3 786.103 120.711 97.418 239.197 46.4963 192.701 84.2741 108.427 665.391 62.2353 42.8727 21.4054 65.5539 45.2724 47.9342 23.2934 656.359 19.3769 34.3448 90.809 85.3095 636.982 631.137 13.6227 22.0387 15.7321 25.0909 10.1135 17.7129
internal_count=4063 3114 479 387 949 184 765 334 431 2635 247 170 85 261 180 190 92 2599 77 136 361 339 2522 2499 54 87 62 99 40 70
is_linear=0
shrinkage=1


Tree=1
num_leaves=31
num_cat=0
split_feature=6 59 11 24 25 5 9 48 29 11 53 50 51 15 55 50 4 11 52 52 16 54 6 55 14 49 48 14 55 4
split_gain=17.7961 15.9323 16.7463 13.5091 17.5427 16.223 17.6288 14.8687 11.9779 20.8132 13.2968 11.5108 15.2974 11.2563 11.0519 11.7835 10.8165 9.29479 9.26823 9.51444 8.46603 8.23551 7.76894 6.29485 6.1248 10.5965 6.09374 6.5901 6.05851 5.40917
threshold=7.1055555555555561 154.50000000000003 5.0500000000000007 24.100000000000005 16.350000000000005 6.7000000000000002 2.3236352094794759 7.3000000000000016 6.9500000000000011 6.2500000000000009 5.1500000000000012 16.900000000000002 13.050000000000002 30.700000000000006 2.0500000000000003 7.1000000000000005 26.442388561816657 4.8500000000000005 3.3000000000000003 5.7000000000000002 36.050000000000004 2.7000000000000006 8.6500000000000004 2.1500000000000008 4.5182953873447671 16.150000000000002 14.500000000000002 4.9084928229665081 2.4500000000000006 19.169222903885487
decision_type=2 2 2 2 2 2 2 2 2 2 2 2 2 2 2 2 2 2 2 2 2 2 2 2 2 2 2 2 2 2
left_child=3 8 13 4 5 6 21 -8 10 24 14 12 16 -3 15 -2 -6 -16 23 -20 -14 -1 -12 -7 25 -10 -4 -28 -15 -24
right_child=1 2 26 -5 11 18 7 -9 9 -11 22 -13 20 28 17 -17 -18 -19 19 -21 -22 -23 29 -25 -26 -27 27 -29 -30 -31
leaf_value=0.016064021977302178 -0.029284338706551422 -0.052818027421374703 0.081424033773050977 -0.055569202246021465 0.023578405739486753 0.033900784810120856 -0.070826312811003697 -0.0034516991727697333 -0.087303977102333966 0.040769894407989567 -0.019052742489999087 0.068452789203652373 -0.045064930054010244 0.058363726363515181 -0.014423203183456601 0.030431454523196386 -0.00063501869650146425 -0.048594001409355068 0.062496480944106217 -0.011419646771691142 0.01425027656297285 0.080036429978506074 0.018788377596452976 -0.030439891313705853 -0.082350733143748689 -0.0038197017191239006 0.054385786197453261 -0.0070412762266161555 -0.017881979306439779 0.088353990941319321
leaf_weight=13.140130177140238 13.328026443719862 10.777163654565813 7.3704780042171505 9.0198926925659162 183.6045019030571 6.8345658034086219 8.2555670589208585 439.35118938982487 6.2497818470001283 6.0780694782733908 5.2825881689786938 9.9059554040431959 16.080129340291027 5.0744005739688856 60.681095227599144 21.241132915019989 61.0461795181036 30.107462778687477 21.322016239166263 5.2922815084457389 9.3485956490039808 8.3911259621381742 6.0623358935117704 8.3001509010791761 15.246071025729178 9.8280262500047666 9.3847598135471362 7.815982609987258 5.0362881124019623 5.5974541157484055
leaf_count=52 53 43 29 36 726 27 33 1742 25 24 21 39 64 20 241 84 242 120 84 21 37 33 24 33 61 39 37 31 20 22
internal_value=0.00138969 -0.0110178 0.015343 0.00488945 0.00559224 6.89882e-05 -0.00258154 -0.00472105 -0.0177189 -0.0429088 -0.0110374 0.015649 0.0136691 -0.0173605 -0.0166857 0.00724595 0.0175184 -0.025851 0.0299078 0.0476233 -0.0230921 0.0414811 0.0303138 -0.00102479 -0.059383 -0.0369199 0.0433045 0.0263051 0.0200917 0.0530769
internal_weight=1025.05 225.161 45.4591 799.892 790.872 510.887 469.138 447.607 179.702 37.4019 142.3 279.985 270.079 20.8879 125.358 34.5692 244.651 90.7886 41.749 26.6143 25.4287 21.5313 16.9424 15.1347 31.3239 16.0778 24.5712 17.2007 10.1107 11.6598
internal_count=4063 894 180 3169 3133 2025 1860 1775 714 149 565 1108 1069 83 498 137 968 361 165 105 101 85 67 60 125 64 97 68 40 46
is_linear=0
shrinkage=0.05


Tree=2
num_leaves=31
num_cat=0
split_feature=58 28 4 14 20 0 52 50 54 25 1 53 48 53 50 14 6 59 14 20 57 4 0 59 14 58 53 59 48 53
split_gain=18.4264 16.0031 16.2426 21.3496 15.8891 14.4943 13.3906 19.6483 12.0178 11.6865 11.6277 11.4982 12.0675 11.4598 11.2404 11.238 10.8769 19.7613 14.0769 16.5411 13.1748 13.4841 12.1366 11.8467 20.1651 15.0138 10.8589 10.4435 9.53845 8.96495
threshold=4.0000000000000009 5.3000000000000016 19.239470256187584 2.7286184210526319 28.500000000000004 27.100000000000005 4.7000000000000002 12.300000000000002 2.3000000000000003 18.750000000000004 20.450000000000003 3.8500000000000001 21.100000000000005 5.1500000000000012 12.500000000000002 3.5212334933973595 7.1055555555555561 154.50000000000003 4.1015523230568833 24.300000000000001 1.0000000180025095e-35 10.500668922641067 13.500000000000002 130.50000000000003 3.6258333333333339 6.0000000000000009 4.6500000000000012 51.500000000000007 17.700000000000006 5.2500000000000009
decision_type=2 2 2 2 2 2 2 2 2 2 2 2 2 2 2 2 2 2 2 2 2 2 2 2 2 2 2 2 2 2
left_child=1 2 3 14 -5 11 7 9 -6 -4 13 -3 28 -8 26 -12 18 23 29 -20 27 -22 -19 24 -18 -26 -1 -21 -13 -2
right_child=16 5 6 4 8 -7 10 -9 -10 -11 15 12 -14 -15 -16 -17 17 22 19 20 21 -23 -24 -25 25 -27 -28 -29 -30 -31
leaf_value=0.0048477477817224432 0.036196418693600824 -0.073680691861831848 0.020272465870687921 -0.050612276131759372 0.0095204608557827117 0.020043100770080577 -0.061429265378854327 0.078240101521391173 -0.033449424701023911 -0.054137288138967468 0.078657998502882881 -0.022176823257816409 -0.071296255533450523 0.02113972605760259 0.029449569070921 -0.010504843624510131 0.063585769311544846 -0.039426463248879849 -0.045212731848163816 0.087564203409478916 -0.064615633777036219 0.0020674420242455965 0.043391806047338784 -0.051711854893610243 -0.034758098280734159 0.020098524259728499 -0.032549677230019336 0.015457564160607902 0.058835840978315568 -0.025592400657214118
leaf_weight=73.925740674138069 64.287043452262878 19.264450043439865 50.044338911771774 42.394284248352051 33.582179322838783 10.606874540448187 14.033828377723696 14.232123240828512 31.179704770445824 5.7727469950914374 5.3376443088054648 12.074386358261114 8.2558305263519269 5.8112964630126944 31.107777133584023 9.8260173052549344 8.3696337640285474 5.2599686384201076 14.808166831731794 5.0897170156240454 7.769830033183097 205.88641984760761 24.281971752643585 20.777411699295044 42.619845196604729 17.415750041604042 26.148058384656906 203.12309807538986 5.0734531730413428 6.2920400649309149
leaf_count=293 254 77 198 169 133 42 56 56 124 23 21 48 33 23 123 39 33 21 59 20 31 816 96 83 170 69 104 804 20 25
internal_value=0.00131998 -0.00707473 -0.00303545 -0.010266 -0.0268176 -0.0320277 0.0133146 0.0259441 -0.01111 0.0124043 -0.0118154 -0.0445212 -0.0220103 -0.0370149 0.00322626 0.0208628 0.00667461 -0.00691968 0.00986698 0.00650006 0.00833738 -0.00036326 0.028394 -0.0186921 -0.00852886 -0.0187546 -0.00489657 0.0172854 0.00170429 0.0305889
internal_weight=1024.65 398.671 343.396 238.338 107.156 55.275 105.058 70.0492 64.7619 55.8171 35.0088 44.6681 25.4037 19.8451 131.182 15.1637 625.981 118.725 507.256 436.677 421.869 213.656 29.5419 89.1826 68.4052 60.0356 100.074 208.213 17.1478 70.5791
internal_count=4063 1582 1362 946 426 220 416 277 257 221 139 178 101 79 520 60 2481 472 2009 1730 1671 847 117 355 272 239 397 824 68 279
is_linear=0
shrinkage=0.05


Tree=3
num_leaves=31
num_cat=0
split_feature=58 28 4 14 20 54 54 50 14 20 9 57 55 14 53 49 19 20 57 4 15 49 49 58 5 50 53 4 53 19
split_gain=16.641 14.4822 14.673 19.2966 14.3905 10.8587 10.3398 10.1486 9.91894 11.0553 11.5522 12.9208 10.2849 10.0517 9.81043 9.18097 10.4606 7.94598 7.47963 7.91177 6.91526 6.58574 9.5304 8.07839 7.42224 11.906 6.51927 5.67815 5.61834 11.2296
threshold=4.0000000000000009 5.3000000000000016 19.239470256187584 2.7286184210526319 28.500000000000004 2.3000000000000003 5.1000000000000005 12.500000000000002 3.5888196338137912 23.700000000000006 6.520363236103468 1.0000000180025095e-35 2.0500000000000003 2.6316405727284899 4.6500000000000012 15.550000000000002 26.819780219780224 22.900000000000002 1.0000000180025095e-35 23.914161140884733 25.100000000000005 18.850000000000005 19.650000000000002 3.0000000000000004 3.1000000000000005 8.9000000000000021 4.4500000000000011 21.556258292790805 3.8500000000000001 18.901612903225807
decision_type=2 2 2 2 2 2 2 2 2 2 2 2 2 2 2 2 2 2 2 2 2 2 2 2 2 2 2 2 2 2
left_child=1 2 3 7 17 -6 8 14 13 -10 11 -11 -12 -2 -1 27 -17 -5 19 -18 -9 24 -23 -24 -4 -26 -20 -3 -15 -30
right_child=6 15 21 4 5 -7 -8 20 9 10 12 -13 -14 28 -16 16 18 -19 26 -21 -22 22 23 -25 25 -27 -28 -29 29 -31
leaf_value=0.0046055088481371962 -0.0067764473072087208 -0.093530421614650167 -0.023201634771923777 0.00063114092501299576 0.0090456324488440137 -0.031801643949753683 -0.053510451720934653 0.04397705643837449 -0.040039810694346839 0.019583252080526071 0.014786055021353373 0.0020358186493853285 -0.014944202476698587 0.067299173240440019 -0.03094628915512684 0.048727423432183309 -0.02798326637304498 -0.057633717123051542 -0.021322818531467631 0.045396766451141025 -0.0062257794554699099 -0.043301195971818501 -0.018572902223789281 0.039871872016062952 0.00055113305069660488 0.045228664842379834 -0.082002939860369772 -0.031728309766120982 0.070070009329934152 -0.011799667827112996
leaf_weight=73.928543090820312 13.088304579257963 7.7260115295648566 8.052831828594206 6.7968207299709311 33.582974344491959 31.161090701818466 7.0154796242713919 21.276187539100651 13.033358708024023 201.93876570463181 41.087761998176575 219.73823091387749 98.186205133795738 14.974174156785013 26.133207693696022 5.0675474852323523 10.298149883747099 35.519583165645599 10.286358252167703 5.5713665783405295 9.828212231397627 11.043795466423033 10.812855079770088 12.648676753044128 25.223265141248703 37.212697371840477 8.2294918894767743 8.0072935968637449 7.3634932935237911 9.303773418068884
leaf_count=293 52 31 32 27 133 124 28 84 52 799 163 871 391 59 104 20 41 142 41 22 39 44 43 50 100 147 33 32 29 37
internal_value=0.00125387 -0.00672652 -0.00288402 -0.00975819 -0.0255039 -0.0105556 0.00634331 0.0030653 0.00703859 0.00525788 0.0063262 0.0104537 -0.00613317 0.029715 -0.00465129 -0.0304854 -0.0173494 -0.048178 -0.0273456 -0.00178543 0.0279849 0.01266 -0.0051122 0.0127594 0.0214255 0.0272893 -0.0488567 -0.0627917 0.0449408 0.0242738
internal_weight=1024.14 398.407 343.221 238.227 107.06 64.7441 625.73 131.166 618.714 573.984 560.951 421.677 139.274 44.7297 100.062 55.1862 39.4529 42.3164 34.3854 15.8695 31.1044 104.994 34.5053 23.4615 70.4888 62.436 18.5159 15.7333 31.6414 16.6673
internal_count=4063 1582 1362 946 426 257 2481 520 2453 2276 2224 1670 554 177 397 220 157 169 137 63 123 416 137 93 279 247 74 63 125 66
is_linear=0
shrinkage=0.05


Tree=4
num_leaves=30
num_cat=0
split_feature=58 24 28 4 10 0 15 9 6 59 55 24 54 0 53 48 53 48 9 55 15 59 21 53 49 10 25 1 49
split_gain=15.0398 13.2903 13.1334 13.2515 12.9832 12.667 12.0181 12.5347 10.445 17.8908 12.899 11.7614 11.5676 10.9926 10.2487 10.6119 9.94522 8.38169 7.88333 7.81109 7.03833 6.06364 11.6941 9.11516 7.79625 12.5966 5.90954 5.14638 3.73249
threshold=4.0000000000000009 24.100000000000005 5.3000000000000016 19.239470256187584 5.3000000000000016 27.100000000000005 33.70000000000001 2.3236352094794759 7.1055555555555561 154.50000000000003 2.2500000000000004 22.900000000000002 0.90000000000000013 13.500000000000002 3.8500000000000001 21.100000000000005 3.2500000000000004 17.700000000000006 7.1116303219106962 2.5500000000000003 41.100000000000009 106.50000000000001 36.850000000000001 2.9500000000000006 14.15 4.3000000000000016 13.050000000000002 27.850000000000005 15.550000000000002
decision_type=2 2 2 2 2 2 2 2 2 2 2 2 2 2 2 2 2 2 2 2 2 2 2 2 2 2 2 2 2
left_child=2 8 3 4 6 14 7 -1 11 10 20 12 26 -11 28 17 -14 -16 -12 -15 -10 24 23 -23 -5 -26 -2 -7 -4
right_child=1 -3 5 21 -6 27 -8 -9 9 13 18 -13 16 19 15 -17 -18 -19 -20 -21 -22 22 -24 -25 25 -27 -28 -29 -30
leaf_value=0.035300970242516057 -0.05436958271155104 -0.053884839542368439 -0.089742934202712274 -0.043340197682933138 -0.084687992499733522 0.052464902386702733 0.067775917241344727 -0.012277011997859209 -0.0089839518018123288 -0.037326761664459814 -0.065729428442990054 0.083402422332846296 0.026798686823617413 0.065385408257441033 -0.019711100446504207 -0.065958941894443665 0.0076686963129597363 0.056263919726222911 -0.021363128366013364 0.0071993178312490429 0.04036374397274442 0.088313045606184817 -0.041780570156225001 0.02228311950856466 -0.0067870060425195434 0.067479855789318796 -0.0044293917306260505 -0.016217287601601259 -0.043116205212536896
leaf_weight=14.664012074470518 9.5167092531919497 9.0039154142141324 10.142619222402574 9.0361912101507169 5.4878306835889807 5.5763310343027097 5.0777497738599768 212.7801356613636 20.853505253791813 5.2538443058729198 13.204172641038893 5.3308096081018439 82.928347811102867 14.15964385867119 12.05110171437264 8.1927294433116895 384.16812247037888 5.0671301186084738 44.07246707379818 10.082124486565588 10.859387516975401 5.851762816309928 6.2776897698640814 49.492106288671494 27.186694204807281 7.0974833220243445 16.125636324286461 5.0270244628190994 9.000014051795004
leaf_count=58 38 36 41 36 22 22 20 846 83 21 53 21 328 56 48 33 1522 20 176 40 43 23 25 196 108 28 64 20 36
internal_value=0.00118964 0.00602781 -0.00640168 -0.00274272 -0.00927994 -0.0290565 -0.00744307 -0.00917338 0.00691946 -0.0063936 -0.0176117 0.0100972 0.00927719 0.0272282 -0.0407897 -0.01951 0.0110807 0.00268386 -0.0317749 0.0415203 0.00783068 0.0120309 0.0221028 0.0295016 -0.00219883 0.00859378 -0.0232973 0.0195884 -0.068419
internal_weight=1023.57 625.559 398.009 342.952 238.01 55.057 232.522 227.444 616.555 118.485 88.9895 498.07 492.739 29.4956 44.4536 25.311 467.096 17.1182 57.2766 24.2418 31.7129 104.942 61.6216 55.3439 43.3204 34.2842 25.6423 10.6034 19.1426
internal_count=4063 2481 1582 1362 946 220 924 904 2445 472 355 1973 1952 117 178 101 1850 68 229 96 126 416 244 219 172 136 102 42 77
is_linear=0
shrinkage=0.05


Tree=5
num_leaves=24
num_cat=0
split_feature=9 11 29 48 24 28 49 49 24 55 55 21 55 51 9 21 21 11 5 59 1 24 24
split_gain=13.6237 11.7071 21.6025 16.0417 14.4948 13.7292 15.0946 12.5569 12.0097 10.7368 10.3315 12.1559 9.65775 9.39607 8.92148 16.4438 12.5574 8.6857 7.84107 7.69899 4.88785 9.35624 3.78822
threshold=1.7235603543743081 6.2500000000000009 6.9500000000000011 7.1000000000000005 9.7000000000000011 6.3000000000000016 22.450000000000003 21.750000000000004 20.100000000000005 2.9500000000000006 2.1500000000000008 35.45000000000001 3.7500000000000004 11.250000000000002 4.4548368298368306 36.750000000000007 36.63333333333334 4.5500000000000007 5.9000000000000012 98.500000000000014 11.050000000000002 7.1000000000000005 19.700000000000006
decision_type=2 2 2 2 2 2 2 2 2 2 2 2 2 2 2 2 2 2 2 2 2 2 2
left_child=-1 2 3 18 20 6 9 8 -5 -6 11 17 -9 22 15 -7 -16 -4 -2 -15 21 -3 -12
right_child=1 4 10 7 5 14 -8 12 -10 -11 13 -13 -14 19 16 -17 -18 -19 -20 -21 -22 -23 -24
leaf_value=0.064640824512849956 -0.090686907843866363 0.088464507375365584 -0.013609454723782742 0.0013812145769968279 0.0025080632280547596 -0.03546674651983172 0.073062586379673805 -0.012028388493391398 0.028780738603523939 -0.030668078953558033 -0.04704608709266947 -0.043001993404937468 -0.072903480719200497 0.011470886028686128 0.052649361942104927 0.058158894656830287 -0.020011305580557529 0.068096959685083794 -0.00757736692451055 -0.044255731862326529 0.088446046001873044 0.0048145973617082999 -0.090762935733301631
leaf_weight=8.3575146943330747 6.9366639107465726 5.0881961882114437 5.7401551604270953 626.28831061720848 104.11902536451817 12.550901025533678 6.3493781983852378 26.139829099178314 42.670087844133377 31.660427674651146 13.944028005003931 9.4894034713506681 8.7355116307735425 10.8042239099741 33.925311759114265 7.3506614714860907 7.0387355685234061 7.0789781212806702 5.0235620439052582 13.988021597266195 6.1034220308065406 9.8274987339973432 8.9672819823026639
leaf_count=33 28 20 23 2487 413 50 25 104 169 126 56 38 35 43 134 29 28 28 20 56 24 39 36
internal_value=0.00143698 0.000902589 -0.00196671 0.00062078 0.0109864 0.00685275 -0.0016272 0.00160721 0.00314043 -0.00520788 -0.0284553 -0.000132905 -0.0275841 -0.0415677 0.0267067 -0.000518163 0.0400242 0.0313013 -0.0565459 -0.0198212 0.0504489 0.0340822 -0.0646938
internal_weight=1018.18 1009.82 785.806 715.794 224.014 202.994 142.129 703.834 668.958 135.779 70.0121 22.3085 34.8753 47.7036 60.8656 19.9016 40.964 12.8191 11.9602 24.7922 21.0191 14.9157 22.9113
internal_count=4044 4011 3123 2843 888 805 564 2795 2656 539 280 89 139 191 241 79 162 51 48 99 83 59 92
is_linear=0
shrinkage=0.05


Tree=6
num_leaves=18
num_cat=0
split_feature=9 6 50 54 15 16 4 28 59 15 20 20 24 25 15 9 29
split_gain=12.3619 11.0314 13.9958 10.9664 9.14883 13.9849 24.7549 15.6969 8.76695 10.1091 8.8926 13.7618 8.54361 7.64173 6.43625 4.31817 4.31247
threshold=1.7235603543743081 7.0500000000000007 16.100000000000005 0.70000000000000007 45.100000000000009 38.45000000000001 27.508213640663975 4.5000000000000009 168.50000000000003 30.700000000000006 38.500000000000007 37.100000000000009 15.300000000000002 14.850000000000003 46.20000000000001 8.6317899867080214 2.3500000000000001
decision_type=2 2 2 2 2 2 2 2 2 2 2 2 2 2 2 2 2
left_child=-1 3 8 12 5 6 -5 -7 10 -10 11 -3 16 -11 -6 -4 -2
right_child=1 2 15 4 14 7 -8 -9 9 13 -12 -13 -14 -15 -16 -17 -18
leaf_value=0.061687164027578061 -0.023172325557134724 -0.0077111632788302679 -0.08321061379802655 0.0053949297884700095 -0.071493001076477131 -0.027471761678143115 -0.046592426631236077 0.043837086397031939 -0.022069122679583077 0.080723502341857614 0.039737120217433607 -0.063571528052486087 0.0070915608189361717 0.0063716325854889129 0 -0.02613679752586906 -0.080614366958957281
leaf_weight=8.3253546059131605 6.4819815307855624 174.43097858130932 7.4166014194488508 667.98487988114357 6.494022384285925 9.2990918457508069 23.597349494695663 41.754562810063362 7.4998307675123241 8.1001812815666181 8.8156108707189542 11.715072646737097 9.0702018141746503 6.2736801654100409 6.2875970602035522 6.7526893019676208 7.4719391465187073
leaf_count=33 26 696 30 2650 26 37 94 165 30 32 35 47 36 25 25 27 30
internal_value=0.00136545 0.000856936 -0.00872934 0.00370887 0.00475224 0.00548207 0.00360737 0.0307226 -0.00554461 0.0243399 -0.00893388 -0.0112858 -0.0301804 0.0488852 -0.036977 -0.056735 -0.0546415
internal_weight=1017.77 1009.45 231.005 778.442 755.418 742.636 691.582 51.0537 216.835 21.8737 194.962 186.146 23.0241 14.3739 12.7816 14.1693 13.9539
internal_count=4044 4011 922 3089 2997 2946 2744 202 865 87 778 743 92 57 51 57 56
is_linear=0
shrinkage=0.05


Tree=7
num_leaves=28
num_cat=0
split_feature=58 4 29 6 6 9 50 48 6 50 6 25 1 9 53 59 55 28 52 58 21 53 59 4 0 4 59
split_gain=12.4968 16.164 12.9824 12.6192 11.4332 10.0568 12.09 17.4775 13.3599 10.9477 10.1019 12.1555 9.93924 9.83915 9.42393 8.40945 7.07247 9.22064 7.54451 6.86776 5.48843 2.85322 2.68299 2.60064 2.51869 1.14611 0.563338
threshold=4.0000000000000009 7.5112373737373748 6.8500000000000005 12.250000000000002 10.450000000000001 6.520363236103468 8.9000000000000021 14.300000000000002 5.3500000000000005 14.900000000000002 6.0500000000000007 15.050000000000002 15.65 5.4529870129870135 4.9500000000000011 140.50000000000003 1.5500000000000003 1.9000000000000001 6.1000000000000005 3.0000000000000004 35.95000000000001 4.0500000000000007 68.500000000000014 20.130361686659402 13.500000000000002 24.265338827838832 121.50000000000001
decision_type=2 2 2 2 2 2 2 2 2 2 2 2 2 2 2 2 2 2 2 2 2 2 2 2 2 2 2
left_child=2 22 3 4 16 6 7 8 -3 10 -7 -12 -9 14 -8 -15 17 -1 -18 -4 26 -5 -2 24 -6 -21 -11
right_child=1 5 19 21 23 9 13 12 -10 20 11 -13 -14 15 -16 -17 18 -19 -20 25 -22 -23 -24 -25 -26 -27 -28
leaf_value=0.016827961434385672 0.037700597623054451 -0.0036619127124435423 -0.0030028146552279191 0.022325151844833271 -0.030002232296857813 -0.054955530200077388 0.0054435379852598208 0.018930056366992302 0.036769382488567835 -0.051237265735090631 0.022212396627190739 -0.010230725017564356 -0.05039357254493735 0.02091927576161659 0.028294016473443675 0.06942738462187667 0.00094708231151992457 -0.054011189058195963 -0.024882568394123519 -0.049114661117108771 -0.0087444388803662228 0.077692171485648956 0.090792901537129336 -0.012832494988726862 -0.078307482947279294 -0.087328662955548086 -0.08290624624487776
leaf_weight=6.5613652467727688 5.2959251999855024 90.105823561549187 5.7226036936044702 5.0312052071094495 5.5165501385927218 8.2737755328416807 214.64862656593323 6.3140002638101604 26.262067124247551 4.9690457284450549 45.788088977336884 77.634184077382088 25.334950417280197 29.254414200782776 57.372016772627831 13.180487960577009 299.63498641550541 14.261230573058127 31.08801032602787 4.9414237886667252 6.7090350538492194 5.0709197372198105 5.5642617493867874 4.9895218163728705 6.7269508391618729 6.1483999639749527 4.9720334112644196
leaf_count=26 21 358 23 20 22 33 851 25 104 20 182 310 101 116 227 52 1191 57 124 20 27 20 22 20 27 25 20
internal_value=0.00129537 0.00572007 -0.0056434 -0.00371486 -0.00524334 0.00463059 0.00826867 -0.0034861 0.00544348 -0.00667546 -0.001792 0.00177302 -0.0363899 0.013817 0.0102899 0.0362315 -0.00327243 -0.0314765 -0.00147258 -0.0485298 -0.044762 0.0510967 0.0659391 -0.0449097 -0.0573671 -0.0713391 -0.0682424
internal_weight=1017.37 621.679 395.693 378.881 368.779 610.819 462.472 148.017 116.368 148.346 131.696 123.422 31.649 314.456 272.021 42.4349 351.546 20.8226 330.723 16.8124 16.6501 10.1021 10.8602 17.233 12.2435 11.0898 9.94108
internal_count=4044 2469 1575 1507 1467 2426 1834 588 462 592 525 492 126 1246 1078 168 1398 83 1315 68 67 40 43 69 49 45 40
is_linear=0
shrinkage=0.05


Tree=8
num_leaves=26
num_cat=0
split_feature=58 29 6 19 6 11 19 21 10 6 1 15 24 59 59 10 24 59 58 51 11 49 51 52 6
split_gain=11.298 11.8442 11.4297 11.0541 10.3874 10.0735 8.66253 12.8049 11.6824 12.2658 11.1555 14.5691 12.7576 11.7354 10.1659 9.40624 8.08569 7.2676 6.30573 5.34496 4.51042 4.16902 2.7192 1.15312 0.790947
threshold=4.0000000000000009 6.8500000000000005 12.250000000000002 13.33279411764706 10.450000000000001 1.7500000000000002 38.572798605056676 37.45000000000001 4.7000000000000002 4.4500000000000011 23.650000000000002 32.70000000000001 24.100000000000005 93.500000000000014 169.50000000000003 6.5000000000000009 13.500000000000002 126.50000000000001 3.0000000000000004 10.750000000000002 3.8444444444444446 16.150000000000002 10.250000000000002 3.7000000000000006 10.950000000000001
decision_type=2 2 2 2 2 2 2 2 2 2 2 2 2 2 2 2 2 2 2 2 2 2 2 2 2
left_child=1 2 4 21 5 19 10 8 17 -10 11 15 13 -12 -13 -5 -7 -8 -3 -1 24 -2 -4 -20 -6
right_child=3 18 22 6 20 16 7 -9 9 -11 12 14 -14 -15 -16 -17 -18 -19 23 -21 -22 -23 -24 -25 -26
leaf_value=0.0082000277789757142 0.022005443050034521 -0.0028559604044612087 0.020603800950219391 0.0040144761443135979 -0.043266915432520064 -0.011863951221070906 -0.070642657520013766 0.056753367942650838 -0.040729899604002459 0.0044694635881109765 0.0020861456960101525 -0.01828502927221674 -0.037113298972017317 0.038025734617793842 0.040791774453552733 0.025469576873680361 0.003789284469650041 0 -0.047189757660453552 0.065292118410076427 -0.0016989971051764013 0.087649109650922277 0.074626432676359322 -0.085194320507507929 -0.073917034932642997
leaf_weight=9.3296608775854128 5.0238092988729459 5.7211962640285501 5.0335488617420179 220.98741406202316 6.228086009621622 188.81394086778164 12.13371278345585 7.0837464928627005 18.820157825946808 71.989085450768471 34.256823420524597 88.656227484345436 8.4733001887798292 69.199621245265007 7.793290674686431 66.6971685141325 145.74277786910534 5.0038138180971137 5.1338890045881271 7.6037601083517066 4.9926140904426566 5.2698889970779419 5.0619877725839615 5.856837198138237 5.9639538079500198
leaf_count=37 20 23 20 877 25 752 49 28 75 287 136 353 34 274 31 264 579 20 21 30 20 21 20 24 24
internal_value=0.00122956 -0.00536954 -0.00353154 0.00543779 -0.00498675 -0.00310961 0.00455846 -0.00777787 -0.0121075 -0.00487757 0.00743016 0.00336492 0.0213216 0.0261871 -0.0134224 0.00901315 -0.0050309 -0.0498769 -0.0464611 0.0343629 -0.0428518 0.0566129 0.0486479 -0.0684784 -0.0591461
internal_weight=1016.87 395.482 378.77 621.388 368.675 351.49 611.094 115.031 107.947 90.8092 496.064 384.134 111.93 103.456 96.4495 287.685 334.557 17.1375 16.7119 16.9334 17.1847 10.2937 10.0955 10.9907 12.192
internal_count=4044 1575 1507 2469 1467 1398 2428 459 431 362 1969 1525 444 410 384 1141 1331 69 68 67 69 41 40 45 49
is_linear=0
shrinkage=0.05


Tree=9
num_leaves=17
num_cat=0
split_feature=9 58 4 20 29 6 9 28 50 6 11 9 58 11 53 4
split_gain=10.2771 11.1288 11.1669 10.8286 10.4013 10.7033 10.1034 12.5132 10.1104 9.02238 7.84813 6.05352 5.80792 4.11132 2.56423 1.09301
threshold=1.7235603543743081 4.0000000000000009 7.5112373737373748 24.100000000000005 6.8500000000000005 12.250000000000002 6.520363236103468 1.5000000000000002 13.100000000000001 10.450000000000001 1.7500000000000002 3.5130781320161657 3.0000000000000004 3.8444444444444446 4.0500000000000007 24.265338827838832
decision_type=2 2 2 2 2 2 2 2 2 2 2 2 2 2 2 2
left_child=-1 4 -3 11 5 9 7 -5 -8 10 -2 -4 -6 -11 -7 -14
right_child=1 2 3 6 12 14 8 -9 -10 13 -12 -13 15 -15 -16 -17
leaf_value=0.056546278933586103 0.030057607969812151 0.068276090259107095 -0.083053400212110856 0.034373917427517157 -0.0027162661214589004 0.019154683332950208 0.00082785464862565139 0.0060748935907730178 -0.030337713950005292 -0.056552720400909633 -0.0054799502167478947 -0.0086809741363722236 -0.044263433533488834 -0.0016158915281652146 0.071654582803319308 -0.081565262188736332
leaf_weight=8.2121018767356855 16.16866010427475 6.7823920249938956 5.2371563911437971 43.233744606375694 5.719834730029107 5.0302677750587446 113.33051706850529 408.89649869501591 33.568516626954079 12.129375889897348 330.98548635840416 6.0146821290254593 4.8759125471115112 4.9920757710933676 5.0452792793512344 5.9978167712688446
leaf_count=33 64 27 21 171 23 20 452 1623 135 49 1317 24 20 20 20 25
internal_value=0.00116948 0.000707807 0.00489366 0.00417 -0.00588589 -0.00414798 0.00509346 0.00879897 -0.0062757 -0.00557163 -0.00380222 -0.0441647 -0.0445339 -0.0409276 0.0463809 -0.0658501
internal_weight=1016.22 1008.01 617.064 610.281 390.945 374.351 599.029 452.13 146.899 364.276 347.154 11.2518 16.5936 17.1215 10.0755 10.8737
internal_count=4044 4011 2453 2426 1558 1490 2381 1794 587 1450 1381 45 68 69 40 45
is_linear=0
shrinkage=0.05


Tree=10
num_leaves=28
num_cat=0
split_feature=10 55 59 59 11 14 14 29 29 1 52 14 54 20 54 11 53 56 25 59 52 20 59 53 59 51 21
split_gain=13.4686 15.7691 11.9165 12.991 15.5424 11.6505 10.4713 18.5129 14.6866 12.5719 10.8217 10.4503 10.1704 9.75793 18.6078 9.33205 7.706 7.70087 7.03653 8.81226 7.00935 6.65648 7.69973 5.11742 3.56114 2.45068 1.47128
threshold=6.5000000000000009 3.8500000000000001 172.50000000000003 148.50000000000003 7.7500000000000009 6.425140438003746 5.5200142323430006 6.9500000000000011 6.1500000000000012 31.350000000000005 6.7000000000000002 3.5742589363557111 0.70000000000000007 34.500000000000007 2.7000000000000006 8.2500000000000018 3.9500000000000006 1.5000000000000002 16.050000000000004 153.50000000000003 3.7000000000000006 30.500000000000004 143.50000000000003 4.1500000000000012 119.50000000000001 11.050000000000002 28.950000000000003
decision_type=2 2 2 2 2 2 2 2 2 2 2 2 2 2 2 2 2 2 2 2 2 2 2 2 2 2 2
left_child=1 6 3 5 20 13 7 8 12 10 17 -10 -1 16 -15 -6 -2 -8 -9 -20 -5 26 -23 -22 -3 -4 -7
right_child=2 24 25 4 15 21 9 18 11 -11 -12 -13 -14 14 -16 -17 -18 -19 19 -21 23 22 -24 -25 -26 -27 -28
leaf_value=-0.034954420152882436 0.06537430526190989 -0.028133802592623852 0.037826645897595657 -0.0085133614123403846 0.074638809154771987 0.017401901596776227 0.018363417198359596 0.022796185047778597 -0.01564858750721285 0.054360050137183147 0.047170952532691615 0.053230436050832344 0.0031622034784584635 -0.012817859879512374 0.05305051441745523 -0.009527684024826899 0.021152678019278406 -0.024488520662591988 -0.0420896154421119 0.025997991397733202 -0.098975695762554189 -0.008717872960418217 0.051893410939672702 -0.031289345724483657 -0.083885519805215414 0.089394655202832282 0.057324270166008988
leaf_weight=17.949634402990341 22.259458243846893 6.00271989405155 5.5289046168327314 7.4945795536041286 5.0650870800018302 5.0480969399213773 11.3525383323431 5.9797855317592612 6.9786369204521206 6.3014087080955496 6.0672250390052787 23.728090167045593 561.11213570833206 28.649535611271858 16.939020723104477 8.8104028850793821 18.617177054286003 112.52604909241199 40.35086278617382 5.2225587964057913 6.9814112931489927 66.84956157207489 5.572462946176528 5.2687498480081558 6.4309738427400589 5.0523032546043396 5.3192799091339111
leaf_count=72 88 24 22 30 20 20 45 24 28 25 24 94 2232 114 67 35 74 448 164 21 28 266 22 21 26 20 21
internal_value=0.000788434 -0.00215111 0.0119623 0.00921846 -0.0190659 0.0148742 -0.00127004 0.00132407 0.00376534 -0.0138899 -0.0172772 0.0374142 0.00196621 0.0277025 0.0116095 0.0211528 0.0454565 -0.0205095 -0.0274056 -0.0341377 -0.0475455 0.00139884 -0.00392011 -0.070758 -0.0578079 0.0635238 0.0387149
internal_weight=1023.46 810.003 213.456 202.875 33.6202 169.255 797.569 661.322 609.768 136.247 129.946 30.7067 579.062 86.4652 45.5886 13.8755 40.8766 123.879 51.5532 45.5734 19.7447 82.7894 72.422 12.2502 12.4337 10.5812 10.3674
internal_count=4075 3227 848 806 134 672 3177 2635 2426 542 517 122 2304 343 181 55 162 493 209 185 79 329 288 49 50 42 41
is_linear=0
shrinkage=0.05


Tree=11
num_leaves=27
num_cat=0
split_feature=52 14 10 51 15 25 16 59 21 19 19 21 15 14 29 4 15 54 21 10 51 48 0 4 25 14
split_gain=13.45 14.7899 14.298 16.0364 14.8107 16.2558 13.9018 14.6121 13.8546 12.4763 12.1138 10.7412 10.2018 9.95243 17.4019 13.4089 11.6577 9.89291 8.48816 7.10273 7.07049 6.21889 7.55136 5.76037 7.70031 2.87572
threshold=5.7000000000000002 1.986923076923077 6.5000000000000009 13.850000000000003 45.100000000000009 18.550000000000004 26.750000000000004 172.50000000000003 36.250000000000007 42.163213968629783 33.143518518518526 37.150000000000013 43.300000000000004 5.5200142323430006 6.8500000000000005 19.314144736842106 41.300000000000004 1.1000000000000003 34.650000000000013 7.7000000000000002 10.350000000000003 19.500000000000004 16.300000000000001 26.442388561816657 12.550000000000002 6.3770188926634495
decision_type=2 2 2 2 2 2 2 2 2 2 2 2 2 2 2 2 2 2 2 2 2 2 2 2 2 2
left_child=2 -2 3 13 5 6 19 -8 12 25 -10 20 23 14 15 -1 17 -15 -16 -4 -7 -5 -23 24 -3 -6
right_child=1 8 4 21 9 11 7 -9 10 -11 -12 -13 -14 16 18 -17 -18 -19 -20 -21 -22 22 -24 -25 -26 -27
leaf_value=0.00020187362066461192 0.066958768238959562 -0.04217257666599631 0.065903992158067831 -0.074710603357398861 -0.09165396882490251 0.026243943686673561 -0.003162970161099227 0.07249734553003355 -0.016251027567163585 0.018662539312686625 0.073318067215437821 -0.0054468250116749828 0.045448496960948992 -0.061296907713319963 -0.0010267558440736871 0.016837523519223099 0.040896766849430825 -0.011684233542723984 -0.044274461771888048 0.015506850786736862 0.075392735517629761 0.020825827336988845 -0.048667406015957843 -0.065610033992275968 -0.012914884700845293 -0.035427066356429407
leaf_weight=318.80769491195679 5.3056772053241721 34.476999074220657 14.635733395814897 8.4459717273712176 4.96701927483082 11.584846809506415 92.505685940384865 6.7496801465749732 7.4745663702487928 8.037690654397009 7.3258760422468185 7.7915588170289984 5.0337531715631476 11.261657029390333 20.511823087930679 195.87307439744473 9.2980273067951185 93.28811326622963 25.990111842751503 14.061512395739554 22.514483273029327 6.3093520104885128 9.6976957023143751 8.6916338950395566 66.992902427911758 5.245433434844017
leaf_count=1269 21 138 58 34 20 46 368 27 30 32 29 31 20 45 83 778 37 371 106 56 89 25 39 35 267 21
internal_value=0.000751702 -0.0139207 0.0029953 -0.000289152 0.0152298 0.0198481 0.0109285 0.00199964 -0.0173091 -0.0273521 0.0279426 0.0468826 -0.0231857 0.00114724 0.00388893 0.00654469 -0.0123149 -0.0171295 -0.0253485 0.0415229 0.0589668 -0.0399879 -0.0210062 -0.0264056 -0.0229369 -0.0638825
internal_weight=1022.88 135.301 887.577 699.484 188.094 169.844 127.953 99.2554 129.996 18.2501 14.8004 41.8909 115.195 675.031 561.183 514.681 113.848 104.55 46.5019 28.6972 34.0993 24.453 16.007 110.162 101.47 10.2125
internal_count=4075 540 3535 2787 748 675 509 395 519 73 59 166 460 2689 2236 2047 453 416 189 114 135 98 64 440 405 41
is_linear=0
shrinkage=0.05


Tree=12
num_leaves=31
num_cat=0
split_feature=52 49 53 28 24 20 53 28 16 58 29 55 52 5 20 0 50 28 28 5 16 54 20 52 49 49 55 53 20 59
split_gain=12.1501 15.5769 13.4208 11.6738 12.6472 12.7058 8.85282 8.9654 16.9394 13.2475 10.517 8.70403 8.86462 8.51531 8.31465 7.94325 7.58561 6.91833 10.9243 10.3974 6.9148 6.67721 10.4561 9.06033 8.49521 4.8563 4.34183 2.34578 1.58922 1.57576
threshold=5.7000000000000002 23.000000000000004 5.1500000000000012 2.1000000000000005 17.500000000000004 28.900000000000002 4.9500000000000011 3.9000000000000004 30.950000000000003 6.0000000000000009 5.0500000000000007 2.9500000000000006 5.5000000000000009 7.3000000000000016 34.100000000000009 27.300000000000001 11.900000000000002 6.3000000000000016 4.9000000000000012 6.1000000000000005 36.250000000000007 3.7000000000000006 33.500000000000007 6.5000000000000009 18.750000000000004 19.850000000000005 2.2500000000000004 5.2500000000000009 32.500000000000007 104.50000000000001
decision_type=2 2 2 2 2 2 2 2 2 2 2 2 2 2 2 2 2 2 2 2 2 2 2 2 2 2 2 2 2 2
left_child=1 6 15 16 5 -5 11 9 -9 14 -10 12 13 -1 -8 21 -4 18 -13 -19 -6 23 -23 24 -2 -7 -14 -3 -11 -18
right_child=2 27 3 4 20 25 7 8 10 28 -12 17 26 -15 -16 -17 29 19 -20 -21 -22 22 -24 -25 -26 -27 -28 -29 -30 -31
leaf_value=0.0066993091196609969 -0.0098462231993331865 -0.070980375140345567 -0.082330505097166939 -0.03490686240078851 -0.050161425718256228 0.013228005954312411 0.028318273291556034 -0.060201157155440589 0.072222693367362631 0.050998489572477101 0.00091743898922348396 -0.0063594065196101003 0.018892953316486737 -0.0073498277987998212 -0.019783839616709785 0.027818904319574442 -0.027646214796833185 0.059087654491259002 -0.043987114174368763 -0.01257857446809409 0.014383686216317455 0.042274139330563017 -0.040017521863818399 -0.080221316259560443 -0.056855781689809239 0.063207774105910261 0.082656904443303994 -0.026826384503985768 0.093446408752048682 0.011190646640008912
leaf_weight=478.06091314554214 23.351255148649216 6.9423865228891355 5.2279124259948722 5.2239632755517986 8.5218293517828005 7.0442759245634106 41.275604084134102 9.254502594470976 6.5679988563060787 5.0167094022035581 23.713091433048248 96.694725543260574 6.3059216886758787 138.88143837451935 11.27177783846855 5.7401332110166541 5.0190412402152997 8.5720733404159564 24.165193289518356 11.89369775354862 7.7616654783487311 6.7968329787254325 8.6405267864465696 11.645283252000807 16.687187433242798 18.432273626327515 5.0101108849048615 6.4495429843664169 6.8494009077548981 5.0331122279167175
leaf_count=1901 93 28 21 21 34 28 164 37 26 20 95 385 25 557 45 23 20 34 97 48 31 27 35 47 67 73 20 26 27 20
internal_value=0.000714421 0.00284734 -0.0132402 0.00373473 0.016155 0.0350658 0.00367572 0.0173699 -0.00125453 0.0288629 0.016735 0.00181751 0.00434509 0.00352789 0.0178871 -0.0278001 -0.0339874 -0.00937852 -0.0139543 0.017337 -0.0191903 -0.0326653 -0.00342507 -0.0412789 -0.0296562 0.0496896 0.0480388 -0.0504429 0.0764944 -0.00778941
internal_weight=1022.05 886.925 135.125 62.2641 46.984 30.7005 873.533 103.949 39.5356 64.4135 30.2811 769.584 628.258 616.942 52.5474 72.8612 15.2801 141.326 120.86 20.4658 16.2835 67.1211 15.4374 51.6837 40.0384 25.4765 11.316 13.3919 11.8661 10.0522
internal_count=4075 3535 540 248 187 122 3481 414 158 256 121 3067 2503 2458 209 292 61 564 482 82 65 269 62 207 160 101 45 54 47 40
is_linear=0
shrinkage=0.05


Tree=13
num_leaves=31
num_cat=0
split_feature=52 14 10 53 20 51 21 59 55 14 50 19 54 14 50 9 16 50 11 53 54 51 28 16 59 6 11 55 1 28
split_gain=11.0008 13.4305 12.6131 20.3567 18.5709 13.7706 12.3235 11.6348 12.5512 10.8789 11.9805 10.2262 8.32556 8.22243 11.5097 11.6014 8.2418 7.67519 9.66725 7.06274 9.06786 11.6469 8.82485 8.62616 7.938 6.79072 6.50805 6.15748 6.18131 5.69309
threshold=5.7000000000000002 1.986923076923077 6.5000000000000009 4.9500000000000011 33.70000000000001 13.65 36.250000000000007 172.50000000000003 2.9500000000000006 6.3770188926634495 11.700000000000001 33.143518518518526 1.9000000000000001 5.1437969924812039 8.9000000000000021 6.0863095238095246 36.050000000000004 15.100000000000001 4.5500000000000007 5.1500000000000012 3.7000000000000006 11.950000000000001 2.1000000000000005 29.950000000000003 105.50000000000001 8.2500000000000018 3.3500000000000001 3.3500000000000001 20.850000000000005 2.7000000000000006
decision_type=2 2 2 2 2 2 2 2 2 2 2 2 2 2 2 2 2 2 2 2 2 2 2 2 2 2 2 2 2 2
left_child=2 -2 5 4 9 13 19 8 -6 -4 -11 -8 -5 17 16 -16 -15 18 -1 20 21 -3 -21 -24 -22 -19 29 28 -28 -7
right_child=1 6 3 12 7 26 11 -9 -10 10 -12 -13 -14 14 15 -17 -18 25 -20 22 24 -23 23 -25 -26 -27 27 -29 -30 -31
leaf_value=-0.001655849104855044 0.064623183447532012 -0.027833678536894925 0.053450732629584476 0.0080221695705180226 0.0013098242641519601 -0.034619921381294425 -0.013619903743681031 0.066433850023338292 -0.04057663766449298 -0.01857385803740183 0.054538692020974715 0.068860369129865623 0.073003083610023764 -0.037806352857310772 0.012348853134742703 -0.027771457302914627 0.0083871255203956177 0.03686496793525719 0.014294038404379081 -0.042979152742234086 0.035607367146017137 -0.083276852067389412 0.032573486380732729 -0.015729622612949152 -0.040921345369283026 -0.026022243662244877 0.011160763686717083 -0.06838625645046166 -0.057377398167887665 0.039135366461011289
leaf_weight=353.64950302243233 5.2825063318014136 38.196094200015068 27.891277983784676 6.9721977263689068 81.824148267507553 4.9809489995241147 7.4528072327375394 5.4552468955516806 22.712141245603561 15.562300533056261 8.5929839611053449 7.2655601501464844 18.621288165450096 42.335640445351601 67.295093387365341 24.475711673498154 12.244824782013891 28.390045568346977 129.59380424022675 12.729258820414541 8.0266708284616453 12.829014390707014 16.120347201824188 21.275937542319298 5.6943203657865515 4.8845567107200614 7.2978045046329516 12.822674274444578 5.7190587222576141 5.2708529233932495
leaf_count=1410 21 153 111 28 326 20 30 22 91 62 34 29 74 169 267 98 49 113 516 51 32 52 64 85 23 20 29 52 23 21
internal_value=0.000678283 -0.0126134 0.00270711 0.0142145 0.00761741 -0.000376427 -0.0158478 -0.00399011 -0.00777296 0.0322044 0.00734663 0.0269481 0.0555957 0.00125589 -0.00919111 0.00157557 -0.0273553 0.00422685 0.00261324 -0.0213933 -0.0323127 -0.0420069 -0.00715319 0.0049903 0.00341929 0.0274333 -0.0304151 -0.0437576 -0.0187787 0.00282929
internal_weight=1021.46 134.873 886.592 187.632 162.038 698.961 129.59 109.992 104.536 52.0466 24.1553 14.7184 25.5935 662.869 146.351 91.7708 54.5805 516.518 483.243 114.872 64.7461 51.0251 50.1255 37.3963 13.721 33.2746 36.0913 25.8395 13.0169 10.2518
internal_count=4075 540 3535 748 646 2787 519 439 417 207 96 59 102 2642 583 365 218 2059 1926 460 260 205 200 149 55 133 145 104 52 41
is_linear=0
shrinkage=0.05


Tree=14
num_leaves=29
num_cat=0
split_feature=49 11 53 21 52 14 21 4 10 20 14 11 9 20 25 14 29 4 0 0 21 59 11 56 52 59 53 59
split_gain=10.4029 15.5315 10.1626 10.7853 8.82075 14.6431 9.6045 10.1526 8.88392 19.7343 12.2385 19.9772 11.5937 14.8836 13.5772 9.75142 13.757 13.1834 9.75423 8.24308 7.94363 7.2149 7.44066 6.62453 7.51387 6.41764 5.91775 4.89233
threshold=21.650000000000002 5.8500000000000005 4.7500000000000009 32.750000000000007 5.7000000000000002 2.0217803030303036 36.350000000000001 21.223125517812761 6.5000000000000009 34.500000000000007 6.9802139592854191 7.8500000000000005 4.8785831285831298 36.100000000000009 13.850000000000003 5.5200142323430006 6.8500000000000005 19.314144736842106 30.900000000000002 19.700000000000006 34.650000000000013 161.50000000000003 2.9500000000000006 4.5000000000000009 7.9000000000000012 87.500000000000014 5.5500000000000007 100.50000000000001
decision_type=2 2 2 2 2 2 2 2 2 2 2 2 2 2 2 2 2 2 2 2 2 2 2 2 2 2 2 2
left_child=4 21 -3 -4 8 -6 23 -8 15 10 25 -12 14 -14 -11 16 17 -1 19 -17 -18 22 -2 24 -7 -10 27 -24
right_child=1 2 3 -5 5 6 7 -9 9 12 11 -13 13 -15 -16 18 20 -19 -20 -21 -22 -23 26 -25 -26 -27 -28 -29
leaf_value=-0.00013379163052837481 -0.0028173207628995034 -0.040760635589600878 -0.011157723977599112 0.078579221552880552 0.071376391453209662 -0.027663668736494701 -0.019361267964061644 0.076645012070147067 0.018633487676961023 -0.061733595485997356 -0.054592428157396546 0.033363959098074679 0.0078332661839195118 -0.050964443243745043 0.021844070321720123 -0.0021456969556399373 0.00067271546646971805 0.016425913776745557 0.043120505775599144 -0.030240209344350344 -0.041268764754000827 0.020447697387830251 -0.033831071716299461 0.028805469780486148 0.026347235676572524 0.059634975689937142 -0.015233523289103058 -0.084536187552403719
leaf_weight=316.17913128435612 9.4613333195447904 4.9733745455741909 5.5081127285957328 8.0259174704551679 5.0139629542827597 84.182747215032578 5.2537461668252927 5.4753268361091614 13.929136365652083 5.2580260634422293 9.0222440958023089 21.879892483353615 21.783735305070877 20.894692122936249 50.203497529029846 52.550809159874916 20.000898167490959 193.20785096287727 7.2647516727447501 52.640790566802025 25.14115571975708 5.0369189530611029 7.9221082329750123 6.3045736402273169 6.7996833920478812 34.293764248490334 7.6899319887161246 14.613148361444471
leaf_count=1259 38 20 22 32 20 338 21 22 56 21 36 87 87 84 200 209 81 768 29 210 103 20 32 25 27 137 31 60
internal_value=0.000645304 -0.0189733 0.019302 0.0418772 0.00194823 -0.0111519 -0.0150915 0.0294269 0.00370914 0.0136572 0.0322223 0.00742951 -0.00127747 -0.0208881 0.0137337 0.00105609 0.00378594 0.0061394 -0.012352 -0.0162678 -0.022615 -0.0349317 -0.0421197 -0.0200776 -0.0235477 0.0479583 -0.0542077 -0.0671603
internal_weight=1020.51 63.2308 18.5074 13.534 957.28 113.03 108.016 10.7291 844.25 177.265 79.125 30.9021 98.14 42.6784 55.4615 666.985 554.529 509.387 112.456 105.192 45.1421 44.7234 39.6865 97.287 90.9824 48.2229 30.2252 22.5353
internal_count=4075 255 74 54 3820 453 433 43 3367 708 316 123 392 171 221 2659 2211 2027 448 419 184 181 161 390 365 193 123 92
is_linear=0
shrinkage=0.05


Tree=15
num_leaves=24
num_cat=0
split_feature=9 11 29 56 29 4 56 29 24 49 49 54 48 16 29 59 21 49 0 20 19 29 20
split_gain=10.6832 11.3399 14.4101 13.6898 13.3481 12.5795 10.2555 9.15837 8.30611 10.28 8.25896 7.99971 7.42795 8.59341 8.0139 6.77123 5.99623 11.104 5.22845 4.34124 3.15042 3.31491 2.01961
threshold=2.1279761904761911 6.2500000000000009 6.9500000000000011 15.000000000000002 0.65000000000000002 11.287327515037154 1.5000000000000002 6.6500000000000012 20.500000000000004 18.650000000000002 12.750000000000002 1.9000000000000001 11.900000000000002 34.150000000000013 6.2500000000000009 151.50000000000003 33.45000000000001 17.250000000000004 9.7000000000000011 30.700000000000006 21.42728873239437 0.65000000000000002 26.700000000000006
decision_type=2 2 2 2 2 2 2 2 2 2 2 2 2 2 2 2 2 2 2 2 2 2 2
left_child=11 2 3 4 18 20 -6 12 15 -10 -4 -1 13 -7 -14 -9 19 -18 -2 -12 21 -3 -13
right_child=1 5 10 -5 6 7 -8 8 9 -11 16 22 14 -15 -16 -17 17 -19 -20 -21 -22 -23 -24
leaf_value=-0.011612108677163462 -0.016199614482729639 0.058707249290360211 0.028541343913359597 0.059159986215668439 0.020473059750674621 -0.055979310380759428 -0.0027668283833243898 0.023938989854454765 -0.039218360086513804 0.046351943648779988 -0.018905671724446634 0.031137163904901857 0.0077364025175539882 0.0053423295958537394 -0.037960184224090983 0.073841982226223984 -0.049330969499739398 0 -0.067970547343262702 -0.077292554526995433 0.083503145975718937 0.0029866511574785167 0.074081115785292626
leaf_weight=5.718065798282626 10.250028997659685 6.2742548882961291 6.2378802299499503 9.1061794906854612 51.256021767854691 11.72684681415558 624.25718599557877 25.849250942468643 9.2027487605810148 5.5139349102973929 5.0963949114084235 5.1982394456863394 130.75382429361343 10.759556174278258 10.230157598853109 9.4949854761362058 20.441841945052147 25.831996098160744 9.9500127136707288 10.19003616273403 5.2751290500164023 4.9520636051893234 8.184402257204054
leaf_count=23 41 25 25 36 204 47 2490 103 37 22 21 21 522 43 41 38 84 105 40 42 21 20 33
internal_value=8.83739e-05 -0.000614136 -0.00352033 -0.00139336 -0.00220152 0.00912253 -0.000993282 0.00583365 0.0245229 -0.00672362 -0.0255237 0.0370367 6.82261e-05 -0.0265223 0.00436055 0.0376567 -0.0311206 -0.0218942 -0.0421561 -0.0584011 0.0510886 0.0348131 0.0581258
internal_weight=1021.75 1002.65 772.618 704.819 695.713 230.033 675.513 213.531 50.0609 14.7167 67.7981 19.1007 163.47 22.4864 140.984 35.3442 61.5603 46.2738 20.2 15.2864 16.5014 11.2263 13.3826
internal_count=4084 4007 3088 2811 2775 919 2694 853 200 59 277 77 653 90 563 141 252 189 81 63 66 45 54
is_linear=0
shrinkage=0.05


Tree=16
num_leaves=28
num_cat=0
split_feature=9 11 49 29 4 24 50 4 15 15 28 19 24 51 19 1 10 21 15 6 28 14 28 19 29 53 5
split_gain=9.7151 10.2632 13.1286 11.7578 14.8738 14.7474 13.1555 11.4557 9.84525 10.1921 8.45899 11.6781 9.88864 13.3647 9.26603 8.57278 8.44043 8.33768 7.3592 8.40094 6.43709 6.423 3.9446 2.87193 3.02092 1.2101 0.308205
threshold=2.1279761904761911 6.2500000000000009 21.750000000000004 6.8500000000000005 20.485525227460716 13.700000000000001 2.5000000000000004 11.287327515037154 30.900000000000002 21.100000000000005 6.5000000000000009 38.933351769911511 20.500000000000004 10.850000000000003 36.427590825380882 23.950000000000003 8.5000000000000018 30.550000000000004 33.300000000000004 4.8500000000000005 0.90000000000000013 4.5742415677407209 6.5000000000000009 21.42728873239437 0.65000000000000002 3.5500000000000003 7.1000000000000005
decision_type=2 2 2 2 2 2 2 2 2 2 2 2 2 2 2 2 2 2 2 2 2 2 2 2 2 2 2
left_child=20 2 3 4 6 -6 -2 23 9 -4 11 14 15 -14 -9 -12 -13 -11 21 -20 -1 -5 26 24 -3 -22 -10
right_child=1 7 8 18 5 -7 -8 10 22 17 12 16 13 -15 -16 -17 -18 -19 19 -21 25 -23 -24 -25 -26 -27 -28
leaf_value=-0.0014472019797647732 -0.080175065366956177 0.056154900349733666 -0.05112364831502611 -0.021596053800745568 -0.030292062960216876 0.015051991618037761 -0.0040011593441685624 2.1896443333573044e-05 -0.08821873593463074 -0.0325397491120923 -0.0041208187199079493 -0.009766282848101375 -0.048411743343237945 0.042102531270064525 0.035546313718704925 0.050252928503930219 -0.067663300321673725 0.044213571420361662 -0.079455104798543924 -0.021388636778361569 0.036397597712803618 0.056726793284605552 -0.028642043748321411 0.079919019539216096 0.0028408571753671709 0.072820155155714369 -0.060323467877192699
leaf_weight=7.1380281597375896 5.6511210054159156 6.2369358092546481 8.8548926711082476 5.1643825471401197 19.557523116469383 198.11613349616528 440.8717395067215 107.95898328721523 6.1371548324823397 5.421662211418151 9.4716949909925443 19.497955292463306 9.4391898214817065 6.9911172688007346 22.086720496416092 28.48488637804985 9.416156664490698 9.573707163333891 7.1980336755514136 48.214332669973373 5.1415779739618284 5.0167052000761032 7.7279873341321936 5.241406947374343 4.9510551244020462 6.7102753818035126 4.7495679557323456
leaf_count=29 23 25 36 21 78 789 1757 431 25 22 38 78 38 28 88 114 38 38 29 198 21 20 32 21 20 27 20
internal_value=8.51657e-05 -0.000583024 -0.00334801 -0.00176615 0.000222169 0.0109429 -0.00499413 0.00868548 -0.0303479 -0.00875862 0.00554942 -0.000246898 0.0225518 -0.00957362 0.00611639 0.0365779 -0.0289616 0.0161 -0.0219456 -0.029151 0.0354235 0.0166874 -0.0575476 0.0488269 0.0332388 0.0578744 -0.0771637
internal_weight=1021.02 1002.03 772.255 729.79 664.197 217.674 446.523 229.776 42.465 23.8503 213.347 158.96 54.3869 16.4303 130.046 37.9566 28.9141 14.9954 65.5935 55.4124 18.9899 10.1811 18.6147 16.4294 11.188 11.8519 10.8867
internal_count=4084 4007 3088 2915 2647 867 1780 919 173 96 853 635 218 66 519 152 116 60 268 227 77 41 77 66 45 48 45
is_linear=0
shrinkage=0.05


Tree=17
num_leaves=21
num_cat=0
split_feature=21 9 11 49 29 19 57 11 6 15 55 55 14 59 48 54 20 49 28 20
split_gain=9.48763 8.68708 8.76271 11.5695 10.1551 12.0761 9.15171 11.7806 11.7312 9.03278 9.89467 8.26544 7.90762 12.7093 9.02704 7.02411 6.45928 5.47347 3.66168 1.73382
threshold=39.350000000000001 2.1279761904761911 6.2500000000000009 21.750000000000004 6.8500000000000005 31.015936507936512 1.0000000180025095e-35 8.9500000000000011 3.3500000000000001 30.900000000000002 3.7500000000000004 1.7500000000000002 5.6921302230197393 151.50000000000003 19.100000000000005 1.9000000000000001 34.900000000000006 18.150000000000002 6.5000000000000009 26.700000000000006
decision_type=2 2 2 2 2 2 2 2 2 2 2 2 2 2 2 2 2 2 2 2
left_child=1 15 3 4 5 -3 7 8 -4 10 -5 -6 14 -14 -8 -1 -9 -2 -11 -17
right_child=17 2 6 9 11 -7 12 16 -10 18 -12 -13 13 -15 -16 19 -18 -19 -20 -21
leaf_value=-0.01202857756194275 0.0094988658278711679 -0.0044971444400930876 -0.014583743949038431 0.0088552400468785725 0.030972103366175854 0.010580207637599764 -0.00010852040888995365 0.0098097451398651125 0.032352280696095637 -0.074305243368658874 -0.067667701292554172 -0.027256514808557938 -0.019714091911645148 0.029199500190715134 0.060552808727113529 0.028634770563017733 -0.048405536224292549 0.081019178231816313 -0.027344818314532872 0.069036981036871101
leaf_weight=5.7165952175855663 5.5252779722213727 474.16499818861485 15.738727912306784 18.437844440340999 6.6540971994400016 184.33598200976849 17.233695343136791 9.5166225880384463 80.175379127264023 10.755464702844622 5.3489357233047476 57.50416998565197 67.953104317188263 16.341169536113739 9.2826989293098432 5.1666168570518476 9.1698883175849897 5.4943041205406189 7.6954531520605078 7.7697766125202179
leaf_count=23 22 1890 63 74 27 735 69 38 321 45 22 236 272 66 37 21 37 22 32 32
internal_value=7.89943e-05 -0.000422273 -0.00106547 -0.00362317 -0.00212708 -0.000267943 0.00758926 0.0174953 0.0245912 -0.0290366 -0.00835441 -0.0211008 -0.00261709 -0.0101492 0.0210873 0.0332826 -0.0185972 0.0460161 -0.0552416 0.0536279
internal_weight=1019.98 1008.96 990.308 764.897 722.659 658.501 225.411 114.601 95.9141 42.2377 23.7868 64.1583 110.811 84.2943 26.5164 18.653 18.6865 11.0196 18.4509 12.9364
internal_count=4084 4040 3964 3061 2888 2625 903 459 384 173 96 263 444 338 106 76 75 44 77 53
is_linear=0
shrinkage=0.05


Tree=18
num_leaves=19
num_cat=0
split_feature=21 54 11 28 4 29 59 4 56 4 57 6 48 49 21 28 49 1
split_gain=8.62791 7.75826 7.22713 10.6938 15.2273 15.3067 11.8591 10.5369 9.90987 9.51357 9.44237 12.089 9.63809 5.02225 3.63858 3.61582 3.40204 3.34067
threshold=39.350000000000001 5.1000000000000005 6.2500000000000009 5.3000000000000016 20.485525227460716 4.8500000000000005 68.500000000000014 26.1292959626293 3.5000000000000004 11.287327515037154 1.0000000180025095e-35 4.1333333333333337 19.500000000000004 18.150000000000002 32.45000000000001 6.9000000000000012 15.750000000000002 10.950000000000001
decision_type=2 2 2 2 2 2 2 2 2 2 2 2 2 2 2 2 2 2
left_child=1 2 3 4 5 -1 15 -6 -8 16 11 -11 -12 -2 -3 -5 -4 -18
right_child=13 14 9 6 7 -7 8 -9 -10 10 12 -13 -14 -15 -16 -17 17 -19
leaf_value=-0.002631201046550135 0.0090321484109102818 -0.012998672920862023 0.008768072445349483 -0.031002569593671155 0.018501763068296768 -0.060891510675794541 -0.0040961232987670277 -0.016789281046761428 -0.044587996058712387 -0.0070626083890311143 -0.016151922228427134 0.028145165525391425 0.016708191927724218 0.077733887465599116 -0.075633137931636313 -0.07984190469235844 0.084892809383655801 0.027713967718607971
leaf_weight=435.61290317773819 5.5254105031490308 4.9683630913496 4.9593688994646099 8.9175188243389147 146.13457271456718 11.486852020025252 122.37087689340115 24.499779313802719 17.21609827876091 37.671897679567337 70.372900322079659 67.836999386548996 32.44733689725399 5.4456083327531815 4.7593927085399628 7.5399014800786963 6.1611686348915082 5.1112170964479446
leaf_count=1740 22 20 20 36 582 46 495 98 71 151 282 272 130 22 20 31 25 21
internal_value=7.55091e-05 -0.000401657 2.85206e-05 -0.00225837 0.000688851 -0.00415248 -0.0139505 0.0133985 -0.00915437 0.00792829 0.00501784 0.0155321 -0.0057274 0.0439789 -0.0446097 -0.0540272 0.0447173 0.0598776
internal_weight=1019.04 1008.07 998.339 773.779 617.734 447.1 156.044 170.634 139.587 224.561 208.329 105.509 102.82 10.971 9.72776 16.4574 16.2318 11.2724
internal_count=4084 4040 4000 3099 2466 1786 633 680 566 901 835 423 412 44 40 67 66 46
is_linear=0
shrinkage=0.05


Tree=19
num_leaves=20
num_cat=0
split_feature=9 21 11 49 49 0 14 24 1 20 28 25 56 54 0 1 54 49 54
split_gain=8.02133 7.66612 7.2257 10.4011 8.38787 9.05453 8.21272 9.43421 12.7628 10.4947 7.40379 13.1885 7.40922 6.53728 5.91933 8.73203 4.87928 4.52735 1.65464
threshold=2.1279761904761911 39.350000000000001 6.2500000000000009 21.750000000000004 24.100000000000005 17.500000000000004 5.6609579100145142 20.900000000000002 25.650000000000002 35.300000000000004 5.3000000000000016 16.350000000000005 1.5000000000000002 1.9000000000000001 23.700000000000006 22.050000000000004 2.7000000000000006 18.150000000000002 3.1000000000000005
decision_type=2 2 2 2 2 2 2 2 2 2 2 2 2 2 2 2 2 2 2
left_child=13 2 3 10 5 -5 14 8 -8 -9 11 -2 -12 -1 15 -4 -16 -3 -15
right_child=1 17 6 4 -6 -7 7 9 -10 -11 12 -13 -14 18 16 -17 -18 -19 -20
leaf_value=-0.011293015330115935 -0.0035737338581103731 0.0085887237815594208 0.027432597434874497 -0.0085524293809790351 0.027127294127560077 -0.05928367288928045 -0.00088495684899622727 0.026683818181407044 0.0342165302702808 -0.056210423073530302 0.028813646490174552 0.014202680118409208 -0.01502439204083362 0.036091659839683932 0.029155808553193659 -0.039154811769449405 0.089229019386251274 0.074754753977211832 0.075855415113604191
leaf_weight=5.7241625785827663 438.43996489048004 5.5253093689680082 21.712082356214527 16.316372558474541 5.8631089031696311 19.766179010272026 131.30172094702721 5.2471324950456646 32.081318110227585 12.874255195260046 10.206501647830008 136.77882760763168 136.57790729403496 8.1048521250486356 9.9720371663570386 6.2179489433765402 5.4855719953775397 5.1561546623706818 4.9091552793979636
leaf_count=23 1748 22 87 66 24 83 527 21 129 52 41 545 554 33 40 25 22 21 21
internal_value=7.04579e-05 -0.000533776 -0.000995824 -0.00331928 -0.0275029 -0.0365685 0.00687259 0.00216538 0.00599358 -0.0319189 -0.00190376 0.000646287 -0.0119246 0.0323984 0.0263992 0.0123433 0.0512324 0.0413893 0.0519367
internal_weight=1018.26 999.522 988.841 763.949 41.9457 36.0826 224.892 181.504 163.383 18.1214 722.003 575.219 146.784 18.7382 43.3876 27.93 15.4576 10.6815 13.014
internal_count=4084 4007 3964 3061 173 149 903 729 656 73 2888 2293 595 77 174 112 62 43 54
is_linear=0
shrinkage=0.05


Tree=20
num_leaves=28
num_cat=0
split_feature=9 50 9 58 5 28 14 20 19 9 5 11 55 19 20 59 50 15 5 54 21 10 55 53 11 58 0
split_gain=8.37278 10.1684 7.8375 9.55082 12.3588 16.5705 9.62541 10.6579 12.1351 9.45283 8.57875 14.5067 11.7864 7.55493 8.15049 7.19091 13.8386 6.95477 6.47706 6.28365 4.95222 4.57181 3.56228 3.1063 2.93331 2.9138 2.6753
threshold=2.4708148218168073 12.300000000000002 2.9542842215256013 4.0000000000000009 13.900000000000002 5.3000000000000016 4.1135557704706649 33.300000000000004 24.529736656062216 7.2370500438981571 3.9000000000000004 4.0500000000000007 2.0500000000000003 29.787385405207193 28.100000000000005 124.50000000000001 8.9000000000000021 20.100000000000005 2.1000000000000005 2.3000000000000003 31.844444444444449 3.9000000000000004 1.9500000000000002 4.1500000000000012 3.0500000000000003 4.0000000000000009 21.700000000000006
decision_type=2 2 2 2 2 2 2 2 2 2 2 2 2 2 2 2 2 2 2 2 2 2 2 2 2 2 2
left_child=1 18 13 4 5 9 7 17 -9 -4 11 -8 -12 14 22 20 -17 -5 -1 25 -16 -7 -2 -24 -3 -20 -15
right_child=2 24 3 6 -6 21 10 8 -10 -11 12 -13 -14 26 15 16 -18 -19 19 -21 -22 -23 23 -25 -26 -27 -28
leaf_value=-0.03358785017490562 -0.00035003606783212183 0.032966686223784236 -0.0082452037198396042 -0.014116608338874848 0.070695649845533046 -0.025166808195678639 0.084638469034616332 -0.021178852032951116 0.029917411356554804 0.013719148578383397 0.013997845644279937 0.0084209125110449035 -0.0080538547815165382 -0.028662996250543013 -0.033459012817627386 0.085892149991567912 -0.00085781694294345472 0.048438966625448027 0.017239654046034423 -0.020944095906345592 0.0091907848052765716 -0.060117151990982921 -0.07408980320155327 -0.027739134685102102 0.08911904022400971 0.069779976763487891 -0.083150027657847986
leaf_weight=7.327913939952853 5.2617699652910259 4.8497890084981901 229.02357043325901 4.9888033717870703 4.9514995217323294 33.338538825511932 6.5705632269382468 23.877300292253494 22.397884696722031 62.09108293056488 78.593966320157051 103.88782173395157 262.25664323568344 5.0090334862470609 18.221322402358059 5.8015999943017986 20.294900223612785 31.446874484419823 5.7635849863290805 5.4211538881063452 10.527414381504057 13.662658691406248 6.961770996451377 8.8624013960361463 5.6312108188867569 5.4973109662532806 4.9901392161846161
leaf_count=30 21 20 914 20 20 137 26 96 90 248 315 415 1057 20 73 23 81 125 23 22 42 57 28 36 23 22 20
internal_value=-0.000873322 0.0232859 -0.00174612 -0.000327644 -0.00684143 -0.00801226 0.00384811 0.0195207 0.00345587 -0.00354021 0.00096104 0.0130724 -0.00295185 -0.0161491 -0.0106486 -0.00038098 0.0184912 0.0397218 0.0050412 0.0224067 -0.0176902 -0.0355387 -0.0369911 -0.0487821 0.0641658 0.0437172 -0.0569042
internal_weight=997.509 34.491 963.018 877.087 343.067 338.116 534.02 82.7109 46.2752 291.115 451.309 110.458 340.851 85.9304 75.9312 54.8452 26.0965 36.4357 24.01 16.682 28.7487 47.0012 21.0859 15.8242 10.481 11.2609 9.99917
internal_count=4004 140 3864 3520 1376 1356 2144 331 186 1162 1813 441 1372 344 304 219 104 145 97 67 115 194 85 64 43 45 40
is_linear=0
shrinkage=0.05


Tree=21
num_leaves=25
num_cat=0
split_feature=49 11 55 52 49 24 25 1 29 4 15 15 10 6 6 25 15 48 50 21 11 49 16 50
split_gain=10.5432 13.7775 9.3297 8.28589 10.1467 16.4844 10.9635 7.32667 13.616 6.58947 6.38091 8.20561 11.5937 8.43553 12.0465 6.04072 9.66469 5.81925 12.8785 9.53094 4.13052 1.11825 0.779031 0.550838
threshold=21.650000000000002 6.1500000000000012 3.3500000000000001 5.7000000000000002 20.750000000000004 15.700000000000001 15.15 17.650000000000002 3.8500000000000001 20.564739238766219 51.500000000000007 46.900000000000006 6.7000000000000002 13.850000000000003 12.250000000000002 10.850000000000003 31.900000000000002 23.500000000000004 14.700000000000001 32.850000000000001 3.2500000000000004 18.950000000000003 24.950000000000003 15.700000000000001
decision_type=2 2 2 2 2 2 2 2 2 2 2 2 2 2 2 2 2 2 2 2 2 2 2 2
left_child=3 2 15 10 6 22 7 8 -5 -3 11 13 -13 14 -1 -2 -17 19 -19 -8 -4 -9 -6 -22
right_child=1 9 20 4 5 -7 17 21 -10 -11 -12 12 -14 -15 -16 16 -18 18 -20 -21 23 -23 -24 -25
leaf_value=0.0015591156331745131 -0.058996514847914232 0.061531845686118282 -0.021348582938171847 -0.037829918524621441 0.077115283309376614 -0.045550039803717607 -0.065006756156179929 -0.053188735109770874 0.05009450868315151 -0.0063015035807069374 -0.047551319898508804 0.085207090682449749 -0.011177604520891501 -0.054309899086864677 0.046835175886439193 0.040809593988342205 -0.035056709900800745 0.088049199140467271 -0.010852878340727432 -8.9867033387868247e-05 -0.080966863052588156 -0.092774179174826166 0.044104855974020883 -0.054542256030313742
leaf_weight=787.07424193620682 5.1132701933383968 5.7356930226087561 5.9220876991748836 30.419710040092468 4.9975773841142637 5.4032298475503913 6.9666263163089743 5.2039842009544355 5.0123488754034033 8.9318327754735929 6.2910358905792227 6.9493435472249967 5.4129098653793335 6.5028040111064902 14.883266806602476 8.2555731534957904 8.3186350315809232 5.0463733524084082 8.8859386146068555 29.067076742649078 10.111827075481413 4.969373419880867 5.5267578512430191 5.7879118472337714
leaf_count=3152 21 23 24 123 20 22 28 21 20 36 26 28 22 27 60 33 35 20 36 117 43 20 22 25
internal_value=-0.00082974 -0.0214676 -0.0356169 0.000446253 -0.0123359 0.0243703 -0.0185245 -0.0362293 -0.0251451 0.020123 0.00217667 0.00256964 0.042852 0.00194227 0.00241135 -0.0120118 0.00245037 -0.00222484 0.024986 -0.0129242 -0.0586868 -0.0737265 0.0608291 -0.0720612
internal_weight=996.789 58.1768 43.5093 938.613 111.499 15.9276 95.5714 45.6054 35.4321 14.6675 827.114 820.823 12.3623 808.46 801.958 21.6875 16.5742 49.966 13.9323 36.0337 21.8218 10.1734 10.5243 15.8997
internal_count=4004 240 181 3764 449 64 385 184 143 59 3315 3289 50 3239 3212 89 68 201 56 145 92 41 42 68
is_linear=0
shrinkage=0.05


Tree=22
num_leaves=27
num_cat=0
split_feature=49 11 55 52 14 25 49 1 25 4 57 4 9 0 9 54 9 50 25 9 11 58 29 28 28 50
split_gain=9.62785 11.4111 8.9589 7.54323 12.9169 10.3475 6.92907 14.785 10.4274 6.57474 6.24195 14.4531 12.0132 10.6418 11.1573 9.7338 11.5162 10.4728 5.64613 9.05367 5.04218 5.019 4.48189 3.34253 2.5376 0.400139
threshold=21.550000000000004 6.1500000000000012 3.3500000000000001 5.7000000000000002 2.0217803030303036 20.850000000000005 20.650000000000002 19.850000000000005 12.65 25.106350587211832 1.0000000180025095e-35 31.017954960438228 10.313400261894371 32.300000000000004 10.745683453237412 3.1000000000000005 4.5573271665043826 8.9000000000000021 10.850000000000003 6.304746617748223 3.2500000000000004 4.0000000000000009 6.0500000000000007 4.3000000000000016 8.1000000000000014 15.700000000000001
decision_type=2 2 2 2 2 2 2 2 2 2 2 2 2 2 2 2 2 2 2 2 2 2 2 2 2 2
left_child=3 2 18 10 -5 6 8 -8 -6 23 11 13 15 14 -1 16 -12 -17 -2 21 -4 -20 -14 -3 -24 -22
right_child=1 9 20 4 5 -7 7 -9 -10 -11 12 -13 22 -15 -16 17 -18 -19 19 -21 25 -23 24 -25 -26 -27
leaf_value=0.0049096355881618273 -0.052723859150415935 0.0093161782436355402 -0.015479399821350995 0.057568838995656291 -0.054007021663516702 0.053884830658603694 0.059010760550250244 -0.042704500740743653 -0.014286415558157614 -0.027884437351327229 -0.013455160330805334 0.081860004302618847 -0.0065156753431140765 -0.052891323977680461 0.053049609965457906 -0.031686905145495541 0.0056104261358652409 0.023675848505807427 -0.0039582839249119265 -0.04215286608376783 -0.078496203602984455 0.063324351692213399 -0.075740368543920397 0.068003670380911554 -0.032302815618210856 -0.054723235111649442
leaf_weight=384.98310546576977 5.8239525556564358 4.9355890154838544 6.1633906960487392 6.2135006785392752 22.59438544511795 4.9211799353361121 7.7527588158845884 6.4186817556619644 63.395872041583061 5.2107974737882605 158.67971733212471 6.1710112243890753 8.1999831795692462 7.5914015322923651 12.355939716100691 9.7034337818622571 157.5230215638876 63.698748096823692 4.9773938655853289 6.5236038714647284 9.9166579991579074 5.7752030789852142 7.0096779614686957 5.2259294092655182 8.0221254527568799 6.1874301433563224
leaf_count=1541 24 20 25 25 92 20 31 26 255 21 634 25 33 31 50 39 630 256 20 28 43 23 30 21 34 27
internal_value=-0.000791949 -0.020067 -0.032702 0.00045656 -0.0117485 -0.0159456 -0.0194767 0.012614 -0.0248319 0.0168693 0.00211249 0.00647599 -0.00222107 0.00529489 0.00643218 -0.000121182 -0.00394266 0.016256 -0.0105427 0.00361079 -0.0553165 0.0319689 -0.0370712 0.0403542 -0.0532559 -0.0700649
internal_weight=995.974 60.7399 45.3676 935.235 111.296 105.083 100.162 14.1714 85.9903 15.3723 823.938 411.101 412.837 404.93 397.339 389.605 316.203 73.4022 23.1002 17.2762 22.2675 10.7526 23.2318 10.1615 15.0318 16.1041
internal_count=4004 252 190 3752 449 424 404 57 347 62 3303 1647 1656 1622 1591 1559 1264 295 95 71 95 43 97 41 64 70
is_linear=0
shrinkage=0.05


Tree=23
num_leaves=28
num_cat=0
split_feature=49 11 55 52 49 24 25 1 29 51 48 24 50 49 52 1 58 4 55 21 24 52 11 21 51 16 50
split_gain=8.79282 11.5123 8.00106 6.77738 8.42527 13.8251 9.41515 6.97197 11.9454 6.66655 6.94876 6.00801 5.92378 9.06865 6.07944 9.71556 9.36387 6.00653 5.19048 5.93187 4.77541 4.20031 3.63382 2.20254 1.21255 0.659287 0.506128
threshold=21.650000000000002 6.1500000000000012 3.3500000000000001 5.7000000000000002 20.750000000000004 15.700000000000001 15.15 17.650000000000002 3.8500000000000001 12.350000000000003 23.500000000000004 14.500000000000002 3.7000000000000006 10.950000000000001 2.3000000000000003 27.150000000000002 11.000000000000002 17.448944132584874 3.1500000000000008 30.150000000000002 16.900000000000002 4.9000000000000012 3.2500000000000004 33.850000000000001 10.950000000000001 24.950000000000003 15.700000000000001
decision_type=2 2 2 2 2 2 2 2 2 2 2 2 2 2 2 2 2 2 2 2 2 2 2 2 2 2 2
left_child=3 2 18 12 6 25 7 8 -5 10 -8 -3 17 23 15 -15 -16 -1 19 -2 -19 -21 -4 -14 -9 -6 -24
right_child=1 11 22 4 5 -7 9 24 -10 -11 -12 -13 13 14 16 -17 -18 20 -20 21 -22 -23 26 -25 -26 -27 -28
leaf_value=-0.067766302136123724 -0.065743342717562978 0.059401137378250715 -0.019619498780123288 -0.034458080330303294 0.070942773506064427 -0.04175033229681481 -0.0069567128523040705 -0.048137723647498395 0.048004719131545748 -0.056521668956396702 0.038294994832103635 -0.0061134085938932816 0.06106339883424159 -0.013559997846576285 0.0030631949591965481 0.042833081600776098 0.070956242763543342 0.022488682909033442 0.029676188383991598 0.028812303676099833 -0.041011640970415139 -0.034937328119443764 -0.076275753703174354 0.021897889167374718 -0.088570000165535165 0.04026091604853322 -0.050580217253235187
leaf_weight=5.8270083963871029 5.7653403133153942 5.4541575610637656 5.8980951756238964 30.165610820055008 4.9641568809747678 5.3883951157331458 33.789562121033669 4.9253617227077466 5.0019370615482321 4.9102526307106009 11.180684909224508 9.1075835227966291 7.0657912492752066 99.261459589004517 680.76794013381004 8.1426721811294538 5.0249264240264884 6.5183843821287137 5.5944347083568564 5.1584448814392072 5.2145087420940399 4.9594341516494751 9.7033745348453504 8.7106438428163511 5.1761409938335419 5.5172188431024551 5.6321398317813864
leaf_count=24 24 22 24 123 20 22 136 20 20 20 45 37 28 398 2730 33 20 26 23 21 21 21 43 35 21 22 25
internal_value=-0.00075559 -0.0197586 -0.0328709 0.000401914 -0.011185 0.0223095 -0.0168415 -0.033331 -0.0224846 -0.00173976 0.00424302 0.0183221 0.00196548 0.00259618 0.00184041 -0.00920227 0.00357822 -0.0266575 -0.0109777 -0.0257059 -0.00541862 -0.00198233 -0.0546261 0.040028 -0.070011 0.055798 -0.0675515
internal_weight=994.826 57.273 42.7113 937.553 111.019 15.8698 95.1496 45.2691 35.1675 49.8805 44.9702 14.5617 826.533 808.973 793.197 107.404 685.793 17.5599 21.4777 15.8832 11.7329 10.1179 21.2336 15.7764 10.1015 10.4814 15.3355
internal_count=4004 240 181 3764 449 64 385 184 143 201 181 59 3315 3244 3181 431 2750 71 89 66 47 42 92 63 41 42 68
is_linear=0
shrinkage=0.05


Tree=24
num_leaves=27
num_cat=0
split_feature=49 11 55 9 59 14 15 59 1 4 55 48 29 20 24 55 48 52 9 21 29 58 11 1 9 4
split_gain=8.06089 9.4901 7.7046 6.51503 6.66923 6.5783 8.31307 6.86792 6.52989 17.0812 8.81648 8.26265 12.6443 7.06478 5.95185 5.65387 10.1706 10.1514 4.77366 9.89904 4.703 10.4951 4.53622 2.6643 1.87486 0.376401
threshold=21.550000000000004 6.1500000000000012 3.3500000000000001 2.4708148218168073 55.500000000000007 2.0449494949494951 15.500000000000002 122.50000000000001 23.650000000000002 25.430786203692954 3.5500000000000003 11.900000000000002 3.8500000000000001 35.300000000000004 14.500000000000002 2.7500000000000004 27.900000000000002 2.7000000000000006 6.2658400229357811 30.150000000000002 4.6500000000000012 5.0000000000000009 3.2500000000000004 22.650000000000002 4.7999934691745043 19.464972677595632
decision_type=2 2 2 2 2 2 2 2 2 2 2 2 2 2 2 2 2 2 2 2 2 2 2 2 2 2
left_child=3 2 18 4 -1 -6 -7 -8 9 15 11 13 -13 -10 -3 16 -5 -17 19 -2 21 -11 -4 -22 -16 -24
right_child=1 14 22 8 5 6 7 -9 10 20 -12 12 -14 -15 24 17 -18 -19 -20 -21 23 -23 25 -25 -26 -27
leaf_value=-0.030701345637597889 -0.043398295711088969 0.056978215305780282 -0.013856959338255273 0.0024914480099760381 0.06810490911032277 -0.038731292579875967 0.009066944754296145 0.081973335036095427 0.047183924589301533 -0.060517906556511403 0.063321153864728252 0.040047542998689539 -0.0040913701874445447 0.0044360045985831079 -0.029495197131908742 -0.044909706182817248 -0.064385465517948118 -0.0048059272652519807 -0.04397849221046167 0.03677730045632617 -0.09351567501850877 0.021495160006629162 -0.076158314336194702 -0.039071742297106887 0.013347886006903096 -0.053402906195864464
leaf_weight=4.9005167782306662 6.2015435099601772 5.4072214365005484 6.1385512053966549 468.59464550018311 8.5611642152071017 5.1065068691968944 9.5865378677844983 4.9442680031061164 19.597617208957672 8.730560779571535 6.6885075122117987 18.042923212051392 153.14299093186855 19.577322319149971 4.89745184779167 17.402751341462135 5.6510650366544715 166.41260673105717 6.9477179497480384 9.7436357736587507 5.4480281025171262 6.7999447286128989 8.0819474607706052 4.9160270839929581 4.9618884027004242 7.4135155975818625
leaf_count=20 26 22 25 1875 35 21 39 20 79 35 27 72 622 79 20 70 23 666 30 39 22 27 36 20 20 34
internal_value=-0.00072016 -0.0185038 -0.0301884 0.000414709 0.0221697 0.0316107 0.0151828 0.0346066 -0.000381299 -0.0027845 0.00716632 0.00532786 0.000552326 0.026014 0.015225 -0.00120616 0.0016706 -0.0086523 -0.00962914 0.00520693 -0.0425437 -0.0243813 -0.0515696 -0.0687891 -0.00751408 -0.0660043
internal_weight=993.897 59.7935 44.5269 934.104 33.099 28.1985 19.6373 14.5308 901.005 683.956 217.049 210.361 171.186 39.1749 15.2666 658.061 474.246 183.815 22.8929 15.9452 25.8946 15.5305 21.634 10.3641 9.85934 15.4955
internal_count=4004 252 190 3752 135 115 80 59 3617 2738 879 852 694 158 62 2634 1898 736 95 65 104 62 95 42 40 70
is_linear=0
shrinkage=0.05


Tree=25
num_leaves=31
num_cat=0
split_feature=10 14 20 9 52 6 53 56 53 53 19 51 25 9 5 48 24 58 52 24 53 48 5 4 9 10 54 59 55 20
split_gain=7.61024 12.7376 10.0771 14.0448 13.328 9.55083 9.52349 9.6202 9.44977 8.59913 7.72522 11.5066 11.0205 7.2327 8.75937 7.17089 13.6106 11.095 6.92024 12.9027 8.25018 6.16996 8.81949 6.09049 6.05437 13.4057 6.03973 4.11601 5.6266 4.061
threshold=6.5000000000000009 4.9084928229665081 35.70000000000001 4.8785831285831298 5.7000000000000002 10.15 2.7500000000000004 8.5000000000000018 4.9500000000000011 4.8500000000000005 27.007812500000004 8.4500000000000011 18.550000000000004 1.7235603543743081 1.7000000000000004 13.500000000000002 7.5000000000000009 3.0000000000000004 2.7000000000000006 19.700000000000006 3.5500000000000003 19.700000000000006 4.3000000000000016 23.575331005383386 4.5980505607975797 5.1000000000000005 3.1000000000000005 96.500000000000014 2.6500000000000008 32.500000000000007
decision_type=2 2 2 2 2 2 2 2 2 2 2 2 2 2 2 2 2 2 2 2 2 2 2 2 2 2 2 2 2 2
left_child=1 13 4 9 8 27 24 18 10 21 11 -2 -12 -1 -15 17 -17 -16 19 -8 -20 22 -4 -11 25 -3 -6 -5 -29 -10
right_child=2 6 3 5 26 -7 7 -9 29 23 12 -13 -14 14 15 16 -18 -19 20 -21 -22 -23 -24 -25 -26 -27 -28 28 -30 -31
leaf_value=0.054574703631382428 -0.020236838488405177 0.043024622164980611 0.01289062064552739 -0.085423166687765881 0.0028783766560933448 0.0080581321332379944 -0.058681575998114979 0.050720896490995197 0.030211074558389669 0.084729900787728546 -0.0019017836962102108 0.06164151991618242 0.044277666962481067 -0.049136731815901995 -0.0082090160461808573 0.030880699065841639 -0.0031707362252861833 0.0218230003824425 -0.044495688429417146 0.016988562573211016 -0.0089066142849600679 0.036482584682000677 -0.040871789524660092 0.0081879951992676597 0.050044434788412057 -0.065155759408369193 -0.057545877784821758 -0.0034549734851622156 -0.067444658690434756 0.083193061112005223
leaf_weight=6.447246402502059 5.4188047200441387 6.4565080255270022 17.751263678073887 6.2019432932138505 9.1990221589803713 10.038266465067862 22.017227068543438 5.2374788820743552 7.020891234278678 5.9200126975774747 50.994851469993591 18.468679994344711 17.118093371391296 8.2451923936605436 44.82693238556385 31.517627969384193 407.15340702235699 96.196695521473885 18.424595683813095 7.3836694061756125 142.922572940588 9.2432053685188276 13.126345232129095 4.8907277137041092 9.2712804377078992 4.9742749780416489 7.1892419457435599 7.2292226999998075 6.7833501696586609 8.8150602132081968
leaf_count=28 22 26 71 25 37 41 89 21 29 24 205 75 69 33 179 126 1644 385 74 30 576 37 53 20 37 20 29 29 28 36
internal_value=0.000683365 -0.00148877 0.00928112 -0.0043658 0.0182363 -0.0313383 -0.0118673 -0.0152899 0.0246435 0.0115876 0.0183835 0.0428523 0.0096786 0.00228771 0.00169666 0.00243665 -0.000706333 0.0122423 -0.0171542 -0.0395153 -0.0130266 0.000755672 -0.00986101 0.0509534 0.0202121 -0.00377485 -0.0235137 -0.0510915 -0.0350445 0.0603542
internal_weight=1016.48 811.075 205.409 81.1843 124.225 30.2528 216.688 195.986 107.836 50.9316 92.0004 23.8875 68.1129 594.387 587.94 579.695 438.671 141.024 190.748 29.4009 161.347 40.1208 30.8776 10.8107 20.7021 11.4308 16.3883 20.2145 14.0126 15.836
internal_count=4098 3268 830 328 502 123 873 790 436 205 371 97 274 2395 2367 2334 1770 564 769 119 650 161 124 44 83 46 66 82 57 65
is_linear=0
shrinkage=0.05


Tree=26
num_leaves=31
num_cat=0
split_feature=9 10 20 9 6 25 19 20 54 49 53 49 49 1 24 19 55 11 6 25 25 19 19 16 59 4 48 5 59 59
split_gain=6.92726 7.37698 9.08157 12.7534 8.70288 8.43231 10.2713 14.785 10.0031 9.52936 7.86666 7.60261 11.7329 16.4202 13.5383 10.5322 9.9701 8.69668 7.92248 9.2534 9.01092 7.12144 13.8028 6.29098 5.75782 5.64427 5.58158 5.01443 3.74426 2.67767
threshold=1.7235603543743081 6.5000000000000009 35.70000000000001 4.8785831285831298 10.15 18.550000000000004 26.740002212511758 28.700000000000006 3.9000000000000004 17.650000000000002 4.8500000000000005 18.050000000000004 16.750000000000004 28.150000000000002 21.500000000000004 26.43809523809524 2.7500000000000004 4.9500000000000011 2.7500000000000004 19.050000000000004 8.1500000000000004 40.506696428571438 42.344793018044591 42.500000000000007 156.50000000000003 23.575331005383386 19.700000000000006 5.9000000000000012 96.500000000000014 91.500000000000014
decision_type=2 2 2 2 2 2 2 2 2 2 2 2 2 2 2 2 2 2 2 2 2 2 2 2 2 2 2 2 2 2
left_child=-1 11 5 10 28 6 7 -3 -8 27 26 12 14 15 16 -14 -2 18 20 -20 -13 24 -23 -6 -19 -12 -4 -7 -5 -16
right_child=1 2 3 4 23 9 8 -9 -10 -11 25 17 13 -15 29 -17 -18 21 19 -21 -22 22 -24 -25 -26 -27 -28 -29 -30 -31
leaf_value=0.048962225432735824 -0.0026631538743563249 -0.023040271956711177 -0.0093647397116556428 -0.081712221308471195 0.048361735507249051 -0.023736425495994605 0.0080098769924438866 0.055932774254038115 -0.046323825080379584 0.07393823686599689 0.081781055889073362 0.017254575191688697 0.0047638499570570886 -0.053730343835869346 0.021207551149459696 0.034956763499039131 -0.046760583853276833 -0.028699702244366267 0.0038418516607368366 -0.030036878571358134 -0.058243031401892922 0.061303168730440144 -0.035608098414426186 -0.029893301506297418 0.0035291834882065437 0.007794391703994573 0.034745783950510041 0.043307227807049632 -0.033476035871173551 0.070609887977839444
leaf_weight=7.2676573842763892 292.73266480863094 7.8841943889856365 30.875370353460312 6.1648393571376863 4.8657610118389112 5.4382773637771624 59.382718309760094 22.355851143598557 9.7766580730676633 12.547788470983503 5.8325909972190839 5.6536325663328197 56.693843334913254 7.8722273260354987 5.4389685541391355 59.793538451194763 13.331625759601591 83.593661159276962 207.56611326336861 22.215853556990623 12.130084007978438 7.4197335094213468 7.0357191413640976 5.1687747240066528 16.260917693376541 4.885988786816597 9.2254139780998212 5.4403598010540009 13.955902948975561 6.6369141042232513
leaf_count=32 1173 32 124 25 20 22 239 92 40 51 24 23 227 32 22 239 54 340 837 91 50 30 30 21 65 20 37 22 57 27
internal_value=0.000651664 0.000293627 0.00879252 -0.00415443 -0.0299055 0.0173651 0.0109145 0.03517 0.000201051 0.0443601 0.0110563 -0.0018543 0.00253304 0.0155544 -0.00254452 0.0203216 -0.00461494 -0.00723216 -0.00194018 0.000532986 -0.0339997 -0.0186378 0.0138707 0.00766209 -0.0234031 0.0489007 0.00071995 0.00942546 -0.0488335 0.0491267
internal_weight=1015.44 1008.18 203.8 80.9746 30.1553 122.826 99.3994 30.24 69.1594 23.4264 50.8194 804.375 442.5 124.36 318.14 116.487 306.064 361.876 247.566 229.782 17.7837 114.31 14.4555 10.0345 99.8546 10.7186 40.1008 10.8786 20.1207 12.0759
internal_count=4098 4066 826 328 123 498 403 124 279 95 205 3240 1774 498 1276 466 1227 1466 1001 928 73 465 60 41 405 44 161 44 82 49
is_linear=0
shrinkage=0.05


Tree=27
num_leaves=27
num_cat=0
split_feature=57 9 9 50 59 24 9 9 16 6 52 11 55 48 6 50 15 1 19 16 54 54 11 52 48 59
split_gain=8.23806 11.0577 9.4897 13.5817 9.44648 11.1988 9.78824 16.9741 11.038 8.77218 8.7256 8.31016 8.68835 12.3318 10.8919 8.72097 8.25947 7.56141 7.44807 6.74877 3.76687 3.76332 3.06408 2.48057 1.9354 1.76643
threshold=1.0000000180025095e-35 10.745683453237412 2.676429857360477 11.100000000000001 48.500000000000007 7.3000000000000016 6.1310798750557796 5.4123022703057133 24.950000000000003 2.6500000000000008 3.9000000000000004 10.250000000000002 2.7500000000000004 20.500000000000004 3.8444444444444446 15.700000000000001 24.500000000000004 26.150000000000002 38.530402930402936 42.050000000000004 3.1000000000000005 2.5000000000000004 3.0500000000000003 3.7000000000000006 20.100000000000005 33.500000000000007
decision_type=2 2 2 2 2 2 2 2 2 2 2 2 2 2 2 2 2 2 2 2 2 2 2 2 2 2
left_child=1 4 3 9 16 10 7 -7 -8 -2 22 12 15 14 -14 18 -1 -15 -4 -3 -17 -5 -6 -21 -12 -18
right_child=2 19 11 21 5 6 8 -9 -10 -11 24 -13 13 17 -16 20 25 -19 -20 23 -22 -23 -24 -25 -26 -27
leaf_value=-0.0011783968205327875 -0.041384362318873005 0.075125395527271835 0.0037017741964800498 0.026985563469105241 0.030390693230251037 0.00042896766509909032 -0.050258527077578267 0.034593299860253557 -0.0057193946981334755 0.027451032166408176 0.077569876398229848 0.048050975752434368 -0.056751632389257706 -0.0058058796919407225 -0.017447060828507218 -0.066068555166996487 0.040274399985101295 0.042626014060936135 -0.019778943352560488 0.040216553413651573 -0.017550730073054764 0.082552180615859963 -0.022081169800735229 -0.0075353165550113557 0.035222117979712898 0.08312133610441888
leaf_weight=7.9702623039484051 8.7813992947340065 8.6187944263219851 257.8290002644062 5.6515219211578351 5.0147548019886035 270.79842196404934 16.045455500483513 41.95242702960968 103.95158551633358 9.5174905210733396 8.2535952627658826 7.0118407905101767 23.32376629114151 56.88495971262455 74.853499993681908 6.3221884667873409 5.4810729622840864 9.2806882411241514 38.745784118771553 4.9468707293272001 12.023363143205641 7.9614000767469406 5.9716903269290924 5.5431889891624451 5.2244892567396155 6.2565039843320847
leaf_count=32 36 35 1032 23 20 1092 65 168 421 38 33 28 94 235 304 26 22 38 159 21 49 34 24 23 21 25
internal_value=0.000621681 0.0052312 -0.00378125 0.022559 0.00372081 0.00224415 0.000368212 0.00503735 -0.0117535 -0.00535581 0.0350871 -0.00552438 -0.00632851 -0.015647 -0.0268837 -0.00144629 0.037542 0.000966014 0.000611668 0.0424516 -0.0348094 0.0602129 0.00147666 0.0146783 0.0619032 0.0640448
internal_weight=1014.22 496.029 518.187 31.9118 476.92 457.212 432.748 312.751 119.997 18.2989 24.4645 486.275 479.263 164.343 98.1773 314.92 19.7078 66.1656 296.575 19.1089 18.3456 13.6129 10.9864 10.4901 13.4781 11.7376
internal_count=4098 2002 2096 131 1923 1844 1746 1260 486 74 98 1965 1937 671 398 1266 79 273 1191 79 75 57 44 44 54 47
is_linear=0
shrinkage=0.05


Tree=28
num_leaves=31
num_cat=0
split_feature=57 9 59 54 51 0 59 54 9 59 11 10 59 9 59 48 54 56 14 11 59 11 51 16 58 14 20 55 16 24
split_gain=7.45026 10.0824 8.80134 13.5616 13.5076 12.131 13.0489 11.1136 11.6375 9.479 9.05791 8.93213 8.72574 12.4013 10.7939 10.3028 8.91031 8.67409 8.18923 7.434 7.61401 6.42306 6.24686 6.22725 5.02292 3.31452 3.19885 2.15096 1.90846 0.282494
threshold=1.0000000180025095e-35 10.745683453237412 114.50000000000001 2.3000000000000003 12.550000000000002 16.300000000000001 140.50000000000003 0.90000000000000013 5.1393536249412088 123.50000000000001 5.6500000000000012 2.3000000000000003 54.500000000000007 2.676429857360477 58.500000000000007 14.700000000000001 3.1000000000000005 3.5000000000000004 3.5352990033222595 10.250000000000002 75.500000000000014 7.0500000000000007 12.65 42.050000000000004 6.0000000000000009 4.2284284195605961 32.500000000000007 2.6500000000000008 46.250000000000007 9.7000000000000011
decision_type=2 2 2 2 2 2 2 2 2 2 2 2 2 2 2 2 2 2 2 2 2 2 2 2 2 2 2 2 2 2
left_child=1 2 3 7 9 6 -6 8 -1 24 11 -5 15 16 -15 -2 25 -9 -11 20 -16 -12 27 -3 -4 -14 -7 -17 -25 -18
right_child=12 23 4 10 5 26 -8 17 -10 18 21 -13 13 14 19 22 29 -19 -20 -21 -22 -23 -24 28 -26 -27 -28 -29 -30 -31
leaf_value=-0.062759142888196187 0.026077400245037182 0.072292999389292165 -0.03600539420925173 0.046062219896117682 -0.059749851826143174 -0.088665113395332729 0.041374638714238722 0.032055009815548645 0.018766474191762226 0.023664889910465649 0.035984836130263882 -0.015218191304197839 0.029589803661005405 0.059140244330974125 -0.024017461737813231 -0.043235992348101819 0.080602562006752532 -0.016939973513419804 -0.00079694537208085297 0.045747356071188128 -0.0034063370799457316 -0.0071862168343053605 0 -0.0074826250906022468 0.0090994510941273723 -0.012828673800743838 -0.042850370348873512 -0.082572148753975949 0.034323456496010256 0.053413949643021201
leaf_weight=7.3472676873207119 6.0433476567268398 8.5151668787002581 22.507995694875721 6.2956263273954383 4.8972851336002341 5.6833535879850414 8.6888320297002775 98.556345835328102 10.406962424516676 48.399408087134361 22.030456855893135 79.691643431782722 9.4031580388546043 6.5594089329242697 50.572701692581177 8.7801945209503227 5.0105018019676191 9.7433701604604703 114.90505294501781 7.0019389539957038 397.94060960412025 13.785867527127264 5.3606970310211173 5.0024440586566907 8.2224481105804426 8.6632930040359479 15.523312911391256 7.5927632451057425 5.4586572647094727 4.7856244742870331
leaf_count=30 24 35 91 25 21 24 35 394 42 194 89 322 38 26 205 36 22 39 463 28 1609 56 22 21 33 35 65 31 23 20
internal_value=0.00059377 0.004979 0.00354031 0.0100717 -0.00351377 -0.0321613 0.00438749 0.0215647 -0.0148539 0.00161125 -0.00178923 -0.0106251 -0.00359516 -0.00203556 -0.00400099 -0.0308183 0.0302782 0.0275894 0.00643239 -0.00493398 -0.00574635 0.0192551 -0.0469149 0.0406489 -0.0237843 0.00901525 -0.0557218 -0.0621717 0.013977 0.0684995
internal_weight=1013.38 495.661 476.685 247.858 228.828 34.7928 13.5861 126.054 17.7542 194.035 121.804 85.9873 517.714 489.937 462.075 27.777 27.8626 108.3 163.304 455.515 448.513 35.8163 21.7337 18.9763 30.7304 18.0665 21.2067 16.373 10.4611 9.79613
internal_count=4098 2002 1923 997 926 145 56 505 72 781 492 347 2096 1983 1868 113 115 433 657 1842 1814 145 89 79 124 73 89 67 44 42
is_linear=0
shrinkage=0.05


Tree=29
num_leaves=25
num_cat=0
split_feature=57 59 59 48 29 59 59 24 21 19 4 21 54 21 52 19 16 52 49 54 53 5 14 16
split_gain=6.72568 7.92575 9.55584 9.37102 8.17252 7.52843 10.883 9.05719 9.78074 12.3884 10.6654 8.13156 7.51913 10.3733 7.21671 7.13572 6.07757 5.97837 5.93946 5.22968 5.1664 1.8663 1.35528 1.17888
threshold=1.0000000180025095e-35 54.500000000000007 58.500000000000007 14.700000000000001 8.4500000000000011 48.500000000000007 54.500000000000007 7.3000000000000016 29.725000000000005 15.384344569288391 9.8628358208955245 32.550000000000004 0.70000000000000007 33.850000000000001 3.9000000000000004 15.384344569288391 24.550000000000004 4.1000000000000005 17.350000000000005 2.5000000000000004 3.3500000000000001 3.7000000000000006 4.7786635832521922 34.550000000000004
decision_type=2 2 2 2 2 2 2 2 2 2 2 2 2 2 2 2 2 2 2 2 2 2 2 2
left_child=5 3 -3 -2 12 11 -7 14 9 -9 -10 18 13 -4 20 -14 -5 22 -1 -19 -8 -16 -6 -18
right_child=1 2 4 16 17 6 7 8 10 -11 -12 -13 15 -15 21 -17 23 19 -20 -21 -22 -23 -24 -25
leaf_value=0.041168329868001202 0.024789984585013275 0.056686644588295226 -0.077783738321813622 -0.010404173682509578 -0.038736758171558021 -0.064404907836075082 0.035494650033718537 0.042906349029187787 -0.041472909417656009 -0.019786017965969807 0.0077383857592094336 0.070948535883652825 0.025703240739725738 0.015427049973659525 0.037329512096720203 -0.0017941249602043065 -0.050304602075442531 0.030656625095580359 -0.031820997110751079 -0.034545657708843026 -0.0333006298654576 0.077809977119372403 -0.080124028579825479 -0.085328433703051765
leaf_weight=5.6800386011600512 6.0444901734590557 6.7478684931993476 7.2252188920974714 8.3189605027437228 4.8971250355243701 5.7248928099870673 5.7342597246170062 8.7021652013063413 11.238825172185896 72.571504101157188 352.99384957551956 8.6757728159427625 24.882022827863693 4.8593104928731918 6.700265556573866 423.35614539682865 7.7841751277446729 4.9352191984653455 5.2441275268793106 7.6778982132673264 5.0046025514602661 6.7260972261428833 5.0776076465845108 5.525037407875061
leaf_count=23 24 27 30 34 21 23 23 35 46 295 1427 35 103 20 27 1709 32 20 21 32 20 27 21 23
internal_value=0.000565036 -0.00341556 -0.00193046 -0.0294122 -0.00277146 0.00473519 0.00346763 0.00431912 0.00268603 -0.0129675 0.00619522 0.0350523 -0.00131594 -0.0400734 0.0340853 -0.000251182 -0.0448348 -0.0320768 0.00570556 -0.00859976 0.00296143 0.0584037 -0.0608873 -0.0657448
internal_weight=1012.33 517.331 489.658 27.6727 482.911 494.996 475.396 469.672 445.506 81.2737 364.233 19.5999 460.323 12.0845 24.1652 448.238 21.6282 22.5879 10.9242 12.6131 10.7389 13.4264 9.97473 13.3092
internal_count=4098 2096 1983 113 1956 2002 1923 1900 1803 330 1473 79 1862 50 97 1812 89 94 44 52 43 54 42 55
is_linear=0
shrinkage=0.05


Tree=30
num_leaves=31
num_cat=0
split_feature=50 54 21 59 52 25 21 15 21 14 50 58 14 28 4 6 50 20 59 10 10 29 6 54 25 15 6 59 56 10
split_gain=9.06551 10.9341 13.6977 10.1085 10.0685 10.7769 10.642 10.0405 9.4888 9.14083 9.67262 8.92826 10.6335 9.40098 14.9084 9.89047 9.11724 8.70255 8.63895 8.26805 7.35615 7.34803 7.14578 6.98124 7.34833 6.73483 6.72379 6.47588 10.974 8.93225
threshold=8.7000000000000011 2.3000000000000003 35.850000000000001 86.500000000000014 5.3000000000000016 7.9500000000000011 36.850000000000001 34.900000000000006 35.250000000000007 7.8355340375586868 8.1000000000000014 4.0000000000000009 1.7780401416765057 4.1000000000000005 19.314144736842106 5.7500000000000009 11.100000000000001 22.900000000000002 68.500000000000014 4.5000000000000009 4.1000000000000005 2.5500000000000003 6.5500000000000007 1.7000000000000004 8.8500000000000032 39.300000000000004 9.9500000000000011 86.500000000000014 5.5000000000000009 5.9000000000000012
decision_type=2 2 2 2 2 2 2 2 2 2 2 2 2 2 2 2 2 2 2 2 2 2 2 2 2 2 2 2 2 2
left_child=1 2 8 -4 5 -3 21 -5 9 10 -1 12 22 14 18 16 -15 -13 -14 23 -16 -7 -2 -19 -25 -9 -17 29 -29 -21
right_child=11 4 3 7 -6 6 -8 25 -10 -11 -12 17 13 15 20 26 -18 19 -20 27 -22 -23 -24 24 -26 -27 -28 28 -30 -31
leaf_value=0.0081467401167697375 0.037464450923538888 0.050139357980507795 0.029616702009281255 -0.074044048201825918 -0.072059725720176535 -0.060867963512294745 0.026188195759129319 0.018073904315432248 0.039176454133333677 -0.065927267007372656 -0.022686778591052451 -0.050091059496790949 0.025431088634841351 -0.045873067895066622 0.0089316202959038426 -0.054950730713618071 0.018021324026387606 0.056429059303223221 -0.017016957954950947 -0.029760705912771353 0.050860642306748693 -0.01910223145191265 -0.011839699129211909 -0.036272618414027055 0.021090073570188498 -0.042986781634528237 -0.0086468961413056055 0.00667004670316944 0.05766715120798499 0.0051636252274381809
leaf_weight=134.81195160746574 23.563746750354767 5.4155849963426581 5.9287771433591834 13.108890056610109 9.3446478098630887 15.153555572032927 9.2650272250175458 7.8697662353515652 17.179473534226418 4.9564606100320807 31.208670690655708 6.2931767702102652 13.4131021797657 7.8014242798090008 44.414153531193733 25.58063817024231 18.910737887024879 12.871124014258383 101.55958230793476 28.57668200135231 13.794189378619192 36.519279658794403 10.410054907202719 5.9388788640499106 67.177815735340118 10.128932788968084 11.74284842610359 249.01649782061577 10.955942243337629 50.102590054273605
leaf_count=543 96 22 24 53 38 61 37 32 69 20 125 26 54 32 178 107 76 51 410 115 55 148 42 25 271 42 50 1012 44 204
internal_value=0.000113316 -0.00714142 -0.00158798 -0.0293554 -0.0235724 -0.0165704 -0.0226533 -0.0408139 0.00386382 0.000265618 0.00231037 0.00322999 -0.00386433 -0.00762892 -0.00154104 -0.0239872 -0.000554372 0.00770598 -0.0120036 0.00858589 0.0190239 -0.0315409 0.0222198 0.0224398 0.0163193 -0.0160599 -0.0405781 0.00504786 0.00885978 -0.00747926
internal_weight=1003.01 300.891 225.193 37.0364 75.6981 66.3534 60.9379 31.1076 188.157 170.977 166.021 702.123 271.19 237.217 173.181 64.0356 26.7122 430.933 114.973 424.64 58.2083 51.6728 33.9738 85.9878 73.1167 17.9987 37.3235 338.652 259.972 78.6793
internal_count=4062 1214 908 151 306 268 246 127 757 688 668 2848 1100 962 697 265 108 1748 464 1722 233 209 138 347 296 74 157 1375 1056 319
is_linear=0
shrinkage=0.05


Tree=31
num_leaves=31
num_cat=0
split_feature=50 48 58 14 29 14 4 19 53 53 29 6 19 28 19 11 52 15 1 25 50 25 24 4 58 15 49 21 53 53
split_gain=8.19746 11.6766 8.06341 9.61917 9.12826 8.20866 9.73621 9.69629 9.60067 12.0654 20.2732 7.44924 7.43375 17.1056 8.50241 7.37872 12.6286 8.73247 8.55466 18.8329 15.1537 13.7921 11.5597 7.04893 8.03002 7.17381 7.0372 9.10474 8.68156 6.08133
threshold=8.7000000000000011 15.700000000000001 4.0000000000000009 1.7780401416765057 7.0500000000000007 4.1135557704706649 16.203457653457658 34.363319584696349 4.9500000000000011 3.2500000000000004 7.8500000000000005 6.3500000000000005 20.159736308316436 2.3000000000000003 21.098780487804884 2.683333333333334 4.3000000000000016 18.700000000000006 23.550000000000004 17.950000000000003 8.3000000000000025 16.350000000000005 20.500000000000004 7.8294489611562792 2.0000000000000004 21.500000000000004 19.350000000000005 33.550000000000004 4.6500000000000012 5.0500000000000007
decision_type=2 2 2 2 2 2 2 2 2 2 2 2 2 2 2 2 2 2 2 2 2 2 2 2 2 2 2 2 2 2
left_child=1 15 3 23 12 6 26 -8 9 10 -7 -11 13 -5 -14 16 17 -1 19 21 22 -17 -20 25 -25 -2 28 -28 -4 -10
right_child=2 -3 5 4 -6 8 7 -9 29 11 -12 -13 14 -15 -16 18 -18 -19 20 -21 -22 -23 -24 24 -26 -27 27 -29 -30 -31
leaf_value=-0.045090990392936875 0.020286096364433664 -0.047434757233521099 0.035556076666153881 -0.0037356437507494438 -0.061355939433857309 0.034910823624225359 0.063261410952870425 -0.012901385654933276 0.056652200782578668 -0.0097877142669914562 -0.066333678020439518 0.010941840216586712 0.05142757411606929 -0.064412960438524527 -0.0026346982992052387 -0.013773822312923593 0.088456613926990113 0.023376384852892496 0.032517314227287888 -0.073875376483402311 -0.05121671788840635 0.027585170351819489 -0.016199107846215029 0.0008829983635338202 0.065448002937445182 -0.054826323225029429 0.012222893572311077 -0.071972001887205025 -0.03657364588302716 0.014251794579007764
leaf_weight=6.4695703238248887 8.6980704963207227 16.619017213582993 22.880764976143841 41.231551080942154 7.4684076607227317 41.819013208150864 20.302699327468876 5.0874131470918647 9.6167687326669675 176.97934982180595 5.4834740906953803 57.098749503493309 7.5081693083047858 16.188632324337959 164.41461703181267 155.03174486756325 5.334374174475669 15.817622572183607 40.345503091812134 11.636767938733099 9.0834659337997419 23.008109286427498 17.195717364549637 8.2145390063524246 12.120472729206085 4.8503534197807303 7.7255926728248578 5.2760833352804184 4.946921080350875 73.549637317657471
leaf_count=26 36 68 93 167 34 168 81 21 39 713 23 234 30 66 665 625 21 63 164 47 37 92 71 33 49 20 32 22 20 302
internal_value=0.000106497 -0.00679614 0.00307161 -0.00367779 -0.0072607 0.00732443 0.0235229 0.0478138 0.00436265 -3.29955e-05 0.0229535 -0.00470728 -0.00545136 -0.0210117 -0.000216115 -0.00438395 0.0200773 0.00316556 -0.00704644 -0.0124693 0.00831262 -0.00838844 0.0178692 0.0211637 0.0397429 -0.00644259 0.00821526 -0.0218503 0.0224695 0.0192769
internal_weight=1002 300.542 701.461 270.695 236.811 430.766 66.2195 25.3901 364.547 281.381 47.3025 234.078 229.343 57.4202 171.923 283.923 27.6216 22.2872 256.301 189.677 66.6247 178.04 57.5412 33.8834 20.335 13.5484 40.8294 13.0017 27.8277 83.1664
internal_count=4062 1214 2848 1100 962 1748 269 102 1479 1138 191 947 928 233 695 1146 110 89 1036 764 272 717 235 138 82 56 167 54 113 341
is_linear=0
shrinkage=0.05


Tree=32
num_leaves=28
num_cat=0
split_feature=50 48 28 28 21 55 58 53 21 1 9 57 50 0 1 25 28 5 20 50 15 25 50 52 53 9 9
split_gain=7.40969 10.6035 7.61442 8.2725 11.8596 10.1456 8.11193 7.76553 7.48932 13.7711 7.00027 6.9772 16.589 9.13215 12.2532 10.5012 8.686 8.48086 8.02921 7.45109 7.33079 7.16531 6.24212 4.85377 3.9896 2.1501 1.37914
threshold=8.7000000000000011 15.700000000000001 1.0000000180025095e-35 1.5000000000000002 39.350000000000001 3.0500000000000003 4.0000000000000009 2.7500000000000004 30.750000000000004 11.050000000000002 2.4298516379567863 1.0000000180025095e-35 7.7000000000000002 31.300000000000001 23.550000000000004 8.1500000000000004 4.3000000000000016 6.7000000000000002 35.300000000000004 6.1000000000000005 21.900000000000002 16.350000000000005 11.500000000000002 5.1000000000000005 4.6500000000000012 4.6966329966329976 6.2172630376855738
decision_type=2 2 2 2 2 2 2 2 2 2 2 2 2 2 2 2 2 2 2 2 2 2 2 2 2 2 2
left_child=1 11 -2 5 6 8 10 -8 9 -4 -5 13 18 14 15 -1 20 -16 21 -20 -14 -13 -10 -3 -7 -25 -18
right_child=2 23 3 4 -6 24 7 -9 22 -11 -12 12 16 -15 17 -17 26 -19 19 -21 -22 -23 -24 25 -26 -27 -28
leaf_value=0.035644948471845621 -0.042417251756238838 -0.0021478078164929942 0.035303775678791713 0.056948609373782447 0.069026148236249404 -0.04148459115293731 0.036233953473066925 0.003367631573203086 0.016823173033477249 -0.01619815699762258 -0.0084369064624814933 -0.0018621577368782959 -0.065772461242242675 -0.05236961247381882 0.049260937370761738 -0.0082978553308745984 -0.092515316237884226 -0.0084791638463803994 -0.050926410193063924 0.0012673270791663162 -0.005045142436595147 0.034994816648281885 0.067749730413363296 -0.087756100015287164 0.012187971874820539 -0.041078615242100304 -0.05176749209428172
leaf_weight=15.837834954261778 9.0239539593458158 4.8646639287471798 30.660988599061966 4.0586821287870398 6.3081511408090583 8.923616483807562 18.871318176388741 359.78627440333366 10.72477461397648 22.221900001168251 209.90533789992332 58.138371512293816 7.1485124081373241 6.87298959493637 23.090563654899601 91.99685250222683 6.9534128904342634 8.535962298512457 13.77937673032284 13.110315904021261 16.537084594368935 16.87255597114563 14.85850605368614 5.1499734818935377 5.3670447021722785 6.5299958139657974 4.7893458604812622
leaf_count=64 37 20 124 17 26 37 76 1461 43 90 855 234 29 29 94 370 28 35 56 53 66 68 60 21 22 27 20
internal_value=0.000100086 -0.00646594 0.00292085 0.00352562 0.00136343 0.0174165 0.000623237 0.00502794 0.024501 0.0135781 -0.00714723 -0.00416912 -0.0122676 0.00340008 0.00621992 -0.00177054 -0.0416948 0.0335417 -0.00195668 -0.0253832 -0.0237828 0.00639724 0.0467441 -0.0452837 -0.0210351 -0.0626545 -0.0768958
internal_weight=1000.92 300.208 700.711 691.687 598.93 92.7568 592.622 378.658 78.4662 52.8829 213.964 283.663 137.329 146.334 139.461 107.835 35.4284 31.6265 101.901 26.8897 23.6856 75.0109 25.5833 16.5446 14.2907 11.68 11.7428
internal_count=4062 1214 2848 2811 2435 376 2409 1537 317 214 872 1146 554 592 563 434 143 129 411 109 95 302 103 68 59 48 48
is_linear=0
shrinkage=0.05


Tree=33
num_leaves=29
num_cat=0
split_feature=53 55 10 14 14 29 0 24 58 14 6 25 48 4 29 14 54 10 55 21 59 5 5 9 21 29 0 25
split_gain=6.74108 7.04988 9.02721 10.6016 7.65355 7.19168 9.33709 6.21248 6.61852 14.9415 15.3163 9.21006 11.1512 8.52011 8.23809 7.78381 11.3051 10.1067 10.0207 8.29749 8.87769 6.88696 6.28498 6.0394 4.81287 10.2221 3.9998 2.95703
threshold=5.2500000000000009 2.1500000000000008 6.9000000000000012 3.6719703907203911 4.4297328687572604 1.1055555555555558 20.500000000000004 24.100000000000005 4.0000000000000009 4.1015523230568833 9.3500000000000032 19.950000000000003 18.900000000000002 16.203457653457658 2.3500000000000001 2.7134646962233173 3.7000000000000006 2.1000000000000005 2.9500000000000006 30.650000000000002 122.50000000000001 9.5000000000000018 10.900000000000002 5.2955772425249181 31.450000000000003 3.8500000000000001 21.300000000000001 15.65
decision_type=2 2 2 2 2 2 2 2 2 2 2 2 2 2 2 2 2 2 2 2 2 2 2 2 2 2 2 2
left_child=7 24 3 5 27 -3 -7 8 15 10 13 14 -13 -10 -11 19 17 -17 -18 21 -21 -1 -12 -6 -2 -26 -4 -5
right_child=1 2 26 4 23 6 -8 -9 9 11 22 12 -14 -15 -16 16 18 -19 -20 20 -22 -23 -24 -25 25 -27 -28 -29
leaf_value=0.022707803843370053 0.077244667538271722 -0.033636278251647618 0.065857363006695202 -0.077513333895175354 0.01650649403030735 0.047380372158946103 -0.025565728278148733 -0.049394107556932326 0.016732209192108979 0.0088937720662312491 -0.060174437654262648 0.0014361774506000719 0.047666398941544869 0.051916658863569547 -0.0080112283566887901 -0.065632442055168855 0.045665013822900807 -0.013644359374280671 -0.015950961299012075 -0.022536884475724141 0.014840114188720067 -0.02544337509065922 0.0069607197705199341 -0.026751494484005635 -0.031828780094202536 0.056189767094923015 0.010127272390918539 -0.023280672161673087
leaf_weight=55.225728914141655 5.8143633455038097 4.8462814688682583 7.9305108040571195 5.8416657000780088 16.304417446255687 20.402851790189747 5.4149891436099997 6.574797347187995 45.113677576184273 94.816175848245621 6.9035430699586851 38.224786147475243 19.893886342644691 28.521662294864655 297.0103922188282 9.8348193019628507 14.785382628440859 181.28976415097713 11.625658288598059 43.260774865746498 24.829138353466988 8.398945748805998 6.6696478128433228 15.687471151351927 5.22757664322853 8.4093107730150205 5.8403335511684418 5.1455851495265961
leaf_count=222 23 20 34 25 66 82 23 27 184 384 29 157 82 115 1204 40 59 736 48 176 100 34 27 65 21 34 24 21
internal_value=9.32866e-05 0.0119597 0.00581453 -0.00108721 -0.01716 0.0212606 0.0318483 -0.00132238 -0.000954643 0.00252241 0.0214544 -0.00113984 0.0174013 0.0304802 -0.00390649 -0.00631592 -0.0121271 -0.0163786 0.0183963 0.00324561 -0.00883218 0.0162431 -0.02701 -0.00456686 0.0391494 0.0220986 0.0428256 -0.0530049
internal_weight=999.844 106.865 87.4141 73.6433 42.9791 30.6641 25.8178 892.979 886.404 537.154 87.2085 449.945 58.1187 73.6353 391.827 349.25 217.536 191.125 26.411 131.715 68.0899 63.6247 13.5732 31.9919 19.4513 13.6369 13.7708 10.9873
internal_count=4062 438 360 302 177 125 105 3624 3597 2182 355 1827 239 299 1588 1415 883 776 107 532 276 256 56 131 78 55 58 46
is_linear=0
shrinkage=0.05


Tree=34
num_leaves=31
num_cat=0
split_feature=50 48 55 16 9 15 48 55 19 19 16 14 16 19 24 50 48 5 54 14 25 50 28 55 24 25 9 56 0 16
split_gain=6.36278 9.76707 7.00193 8.1454 7.27805 10.9057 10.1217 11.0444 11.7991 8.13078 8.01488 6.67546 8.83979 13.3706 10.9668 8.66947 9.9625 9.27893 8.03015 7.49283 6.49207 6.34229 5.76093 5.5265 5.21993 4.54858 3.87981 3.56041 2.95499 1.78554
threshold=8.7000000000000011 15.700000000000001 3.8500000000000001 35.550000000000004 9.6795036371416359 41.100000000000009 13.100000000000001 1.7500000000000002 31.650708042925107 42.163213968629783 41.850000000000001 5.0534523809523817 34.150000000000013 30.356516976998908 21.900000000000002 7.9000000000000012 14.100000000000001 2.7000000000000006 2.3000000000000003 6.257603686635945 16.350000000000005 8.3000000000000025 5.3000000000000016 2.0500000000000003 14.300000000000002 16.550000000000004 11.541059461759389 2.5000000000000004 15.100000000000001 32.750000000000007
decision_type=2 2 2 2 2 2 2 2 2 2 2 2 2 2 2 2 2 2 2 2 2 2 2 2 2 2 2 2 2 2
left_child=1 11 4 -4 6 22 27 8 -8 -9 -7 15 13 19 21 16 17 -1 20 -13 -17 -14 24 -15 -6 -20 -12 -2 -3 -30
right_child=2 28 3 -5 5 10 7 9 -10 -11 26 12 14 23 -16 18 -18 -19 25 -21 -22 -23 -24 -25 -26 -27 -28 -29 29 -31
leaf_value=0.043253127065013906 0.026235618398212514 -0.012556983187356055 -0.062220266324870516 0.014484561842916186 0.0077077330856389877 0.056984338468864942 -0.043887724305093981 0.0064623266039288644 0.012250826525819429 -0.034438047624843128 0.019889744962413424 -0.032509315432227466 0.017378259684106067 -0.019828215915754649 -0.066021511388907037 -0.018615879123201277 0.058693151068466634 -9.5153100088958336e-05 -0.02597680696946186 0.012954507359182224 0.02957713228077018 -0.040048844314324344 -0.067387078651251667 -0.082048820909588482 -0.052993014996009113 -0.088209966848217122 -0.032398861832640131 0.08136891210867013 -0.078127783168982945 -0.033727963983568872
leaf_weight=13.723498627543448 8.1726379096508008 5.6248586177825954 8.6120532155036909 5.5411704033613196 8.302844241261484 6.3496660590171841 23.702948004007339 575.89631582796574 15.178420677781103 12.280051529407499 5.9917256087064734 18.376989647746086 37.36182589828968 5.453301906585696 5.2383926212787619 21.92897866666317 9.0497115999460203 113.32151307165623 8.4100754261016828 17.51578925549984 10.105360984802244 5.3798615783452979 10.141137436032293 12.290847495198248 5.9061548113822928 4.8401160836219779 8.2060234248638135 5.0125762522220603 5.8515127152204496 4.9498590081930161
leaf_count=55 33 23 38 24 34 26 96 2337 61 51 25 75 153 22 22 88 36 457 34 71 41 22 44 50 24 20 35 20 24 21
internal_value=8.89421e-05 -0.00600371 0.00270532 -0.0319476 0.00343301 -0.0159798 0.00480444 0.00388012 -0.021869 0.00559419 0.0106351 -0.00380104 -0.0140599 -0.0279926 0.0014374 0.00192345 0.00825394 0.00457837 -0.0169678 -0.0102096 -0.00321287 0.00995664 -0.0385944 -0.0634251 -0.0173679 -0.0495747 -0.00999758 0.0480265 -0.0433969 -0.0587357
internal_weight=998.716 299.422 699.294 14.1532 685.141 44.8976 640.243 627.058 38.8814 588.176 20.5474 282.996 101.617 53.6369 47.9801 181.379 136.095 127.045 45.2845 35.8928 32.0343 42.7417 24.3501 17.7441 14.209 13.2502 14.1977 13.1852 16.4262 10.8014
internal_count=4062 1214 2848 62 2786 188 2598 2545 157 2388 86 1146 415 218 197 731 548 512 183 146 129 175 102 72 58 54 60 53 68 45
is_linear=0
shrinkage=0.05


Tree=35
num_leaves=16
num_cat=0
split_feature=11 58 14 20 14 14 28 15 20 6 53 51 5 10 55
split_gain=7.01711 9.58749 9.77622 8.4538 13.768 10.1095 9.35646 15.0451 12.1432 8.14278 9.54262 7.11259 3.74988 3.83409 3.55424
threshold=1.5500000000000003 2.0000000000000004 1.7780401416765057 28.100000000000005 4.291587319368209 6.5106773080241593 3.9000000000000004 34.500000000000007 33.900000000000006 6.4500000000000011 3.9500000000000006 11.450000000000001 4.9000000000000012 3.1000000000000005 2.3500000000000001
decision_type=2 2 2 2 2 2 2 2 2 2 2 2 2 2 2
left_child=14 -2 9 4 11 -6 8 -8 -5 12 -11 -4 13 -3 -1
right_child=1 2 3 6 5 -7 7 -9 -10 10 -12 -13 -14 -15 -16
leaf_value=0.010110249512044192 -0.051799485553335224 0.0063113364423215594 -0.010263006275445102 0.01261908226754542 -0.039719839948430348 0.024211432595683563 -0.015844120565206579 0.0036312347285551642 -0.0048404274057936439 -0.054511948577197655 0.039366422632771181 0.024055067193148087 0.077064910421435623 0.06359672592303417 0.069640394375813097
leaf_weight=5.2482789754867536 8.8641448318958265 7.4851246029138618 40.364240050315857 270.93183372914791 48.042041912674904 6.9254713654518119 168.16778536140919 240.72714428603649 156.8604364991188 5.2365101426839811 5.3638619929552078 23.932209953665733 6.9707610458135596 4.9666973352432251 5.2175796926021576
leaf_count=21 36 31 164 1091 197 28 684 993 635 21 22 100 28 21 21
internal_value=0.000103265 -0.000322198 0.000140731 -0.000737851 -0.013189 -0.0315449 0.00103236 -0.00436816 0.00620581 0.0281909 -0.00661761 0.00245063 0.0473813 0.0298839 0.0406395
internal_weight=1005.3 994.838 985.974 955.951 119.264 54.9675 836.687 408.895 427.792 30.023 10.6004 64.2965 19.4226 12.4518 10.4659
internal_count=4093 4051 4015 3892 489 225 3403 1677 1726 123 43 264 80 52 42
is_linear=0
shrinkage=0.05


Tree=36
num_leaves=16
num_cat=0
split_feature=11 58 20 51 49 59 59 28 10 25 21 1 20 21 55
split_gain=6.38318 8.68147 6.39933 11.0755 11.2529 10.8393 8.26262 10.7465 8.90724 11.8748 7.19368 6.88147 6.22605 4.18823 3.25919
threshold=1.5500000000000003 2.0000000000000004 28.100000000000005 7.3500000000000005 12.850000000000003 152.50000000000003 68.500000000000014 3.9000000000000004 2.1000000000000005 12.350000000000003 34.350000000000001 21.950000000000003 36.70000000000001 26.650000000000002 2.3500000000000001
decision_type=2 2 2 2 2 2 2 2 2 2 2 2 2 2 2
left_child=14 -2 3 13 -5 -6 7 12 9 -8 -10 -9 -4 -3 -1
right_child=1 2 6 4 5 -7 8 11 10 -11 -12 -13 -14 -15 -16
leaf_value=0.0096182503406625069 -0.049339170776451106 0 -0.0032289447627499067 -0.083614890937277267 -0.004352153028921159 -0.045983740033171849 0.017157076010232964 -0.058992323251807081 0.0085254225215313749 -0.062078154670336318 -0.0013978115389929448 -0.015792945337005201 0.052896290718626449 0.057238473996697209 0.066800264521826996
leaf_weight=5.2460770606994611 8.8462574779987317 5.3952638655900937 46.35904249548912 5.6369815915822974 91.254629582166672 18.871396541595459 7.7724389433860805 14.671088457107542 427.63241967558861 11.532962858676909 317.35744613409042 26.059227228164673 5.4189467579126349 7.5213663280010223 5.1728114634752274
leaf_count=21 36 22 189 23 374 79 31 60 1731 47 1299 108 22 30 21
internal_value=9.97002e-05 -0.000305161 0.000134884 -0.0102519 -0.0151874 -0.0115668 0.00170168 -0.0123919 0.00341547 -0.029996 0.0042919 -0.0315822 0.00263923 0.0333747 0.0388487
internal_weight=1004.75 994.329 985.483 128.68 115.763 110.126 856.804 92.5083 764.295 19.3054 744.99 40.7303 51.778 12.9166 10.4189
internal_count=4093 4051 4015 528 476 453 3487 379 3108 78 3030 168 211 52 42
is_linear=0
shrinkage=0.05


end of trees

feature_importances:
games_played=55
L999_rpg=48
L999_apg=45
L10_apg=43
opp_def_L10_rpg_allowed=41
opp_def_L10_pra_allowed=39
L5_minutes=38
L10_minutes=38
opp_def_L5_ppg_allowed=38
opp_def_L10_apg_allowed=38
L999_ppg=37
L10_rpg=34
L10_fta=34
opp_def_L5_apg_allowed=34
L5_fga=33
L5_fta=33
L10_fga=32
opp_def_L5_pra_allowed=32
L5_pra=31
L999_pra=31
opp_def_L5_rpg_allowed=29
line=26
L10_ppg=23
L5_apg=23
L10_pra=21
L5_ppg=19
L5_rpg=18
opp_def_L10_ppg_allowed=17
rest_days=10
home=10

parameters:
[boosting: gbdt]
[objective: binary]
[metric: auc]
[tree_learner: serial]
[device_type: cpu]
[data_sample_strategy: bagging]
[data: ]
[valid: ]
[num_iterations: 200]
[learning_rate: 0.05]
[num_leaves: 31]
[num_threads: 0]
[seed: 0]
[deterministic: 0]
[force_col_wise: 0]
[force_row_wise: 0]
[histogram_pool_size: -1]
[max_depth: 6]
[min_data_in_leaf: 20]
[min_sum_hessian_in_leaf: 0.001]
[bagging_fraction: 0.8]
[pos_bagging_fraction: 1]
[neg_bagging_fraction: 1]
[bagging_freq: 5]
[bagging_seed: 3]
[bagging_by_query: 0]
[feature_fraction: 0.8]
[feature_fraction_bynode: 1]
[feature_fraction_seed: 2]
[extra_trees: 0]
[extra_seed: 6]
[early_stopping_round: 0]
[early_stopping_min_delta: 0]
[first_metric_only: 0]
[max_delta_step: 0]
[lambda_l1: 0.1]
[lambda_l2: 0.1]
[linear_lambda: 0]
[min_gain_to_split: 0]
[drop_rate: 0.1]
[max_drop: 50]
[skip_drop: 0.5]
[xgboost_dart_mode: 0]
[uniform_drop: 0]
[drop_seed: 4]
[top_rate: 0.2]
[other_rate: 0.1]
[min_data_per_group: 100]
[max_cat_threshold: 32]
[cat_l2: 10]
[cat_smooth: 10]
[max_cat_to_onehot: 4]
[top_k: 20]
[monotone_constraints: ]
[monotone_constraints_method: basic]
[monotone_penalty: 0]
[feature_contri: ]
[forcedsplits_filename: ]
[refit_decay_rate: 0.9]
[cegb_tradeoff: 1]
[cegb_penalty_split: 0]
[cegb_penalty_feature_lazy: ]
[cegb_penalty_feature_coupled: ]
[path_smooth: 0]
[interaction_constraints: ]
[verbosity: -1]
[saved_feature_importance_type: 0]
[use_quantized_grad: 0]
[num_grad_quant_bins: 4]
[quant_train_renew_leaf: 0]
[stochastic_rounding: 1]
[linear_tree: 0]
[max_bin: 255]
[max_bin_by_feature: ]
[min_data_in_bin: 3]
[bin_construct_sample_cnt: 200000]
[data_random_seed: 1]
[is_enable_sparse: 1]
[enable_bundle: 1]
[use_missing: 1]
[zero_as_missing: 0]
[feature_pre_filter: 1]
[pre_partition: 0]
[two_round: 0]
[header: 0]
[label_column: ]
[weight_column: ]
[group_column: ]
[ignore_column: ]
[categorical_feature: ]
[forcedbins_filename: ]
[precise_float_parser: 0]
[parser_config_file: ]
[objective_seed: 5]
[num_class: 1]
[is_unbalance: 0]
[scale_pos_weight: 1.01906]
[sigmoid: 1]
[boost_from_average: 1]
[reg_sqrt: 0]
[alpha: 0.9]
[fair_c: 1]
[poisson_max_delta_step: 0.7]
[tweedie_variance_power: 1.5]
[lambdarank_truncation_level: 30]
[lambdarank_norm: 1]
[label_gain: ]
[lambdarank_position_bias_regularization: 0]
[eval_at: ]
[multi_error_top_k: 1]
[auc_mu_weights: ]
[num_machines: 1]
[local_listen_port: 12400]
[time_out: 120]
[machine_list_filename: ]
[machines: ]
[gpu_platform_id: -1]
[gpu_device_id: -1]
[gpu_use_dp: 0]
[num_gpu: 1]

end of parameters

pandas_categorical:null
