tree
version=v4
num_class=1
num_tree_per_iteration=1
label_index=0
max_feature_idx=59
objective=binary sigmoid:1
feature_names=L5_ppg L10_ppg L20_ppg L40_ppg L999_ppg L5_rpg L10_rpg L20_rpg L40_rpg L999_rpg L5_apg L10_apg L20_apg L40_apg L999_apg L5_pra L10_pra L20_pra L40_pra L999_pra L5_minutes L10_minutes L20_minutes L40_minutes L5_fga L10_fga L20_fga L40_fga L5_fta L10_fta L20_fta L40_fta season_ppg season_rpg season_apg season_pra season_minutes season_fga season_fta season_games_played h2h_ppg h2h_rpg h2h_apg h2h_pra h2h_minutes h2h_fga h2h_fta h2h_games_played opp_def_L5_pra_allowed opp_def_L10_pra_allowed opp_def_L5_ppg_allowed opp_def_L10_ppg_allowed opp_def_L5_rpg_allowed opp_def_L10_rpg_allowed opp_def_L5_apg_allowed opp_def_L10_apg_allowed rest_days home line games_played
feature_infos=[1:41.799999999999997] [2.7999999999999998:39.600000000000001] none none [2.9493670886075951:33.692307692307693] [0.20000000000000001:17.800000000000001] [0.69999999999999996:17.300000000000001] none none [1:13.223350253807107] [0:16.199999999999999] [0:14] none none [0:11.255555555555556] [2.6000000000000001:58.600000000000001] [4.7000000000000002:57.600000000000001] none none [5.6835443037974684:49] [10.6:44.600000000000001] [9.6999999999999993:41.799999999999997] none none [1.8:27] [1.6000000000000001:27.199999999999999] none none [0:17.399999999999999] [0:14.6] none none none none none none none none none none none none none none none none none none [2.7999999999999998:31.800000000000001] [6.7999999999999998:26.600000000000001] [1.2:22.199999999999999] [3.3999999999999999:17.5] [0.40000000000000002:10] [1.8:7.4000000000000004] [0:6.2000000000000002] [0.69999999999999996:4.2999999999999998] [1:269] [0:1] [3.5:35.5] [1:215]
tree_sizes=3344 3404 3378 3400 3185 3079 3059 2221 2433 3292 3382 3383 3397 3402 3423 1726 1515 1601 2036 2996 1499 1831 2845 2847 3175 3205 3396 3405 3379 3357 3163 1506 2673 2244

Tree=0
num_leaves=31
num_cat=0
split_feature=20 19 21 15 55 59 19 52 5 6 1 50 21 14 9 29 29 14 9 1 1 25 55 1 55 5 0 50 20 21
split_gain=16.839 17.7763 15.0106 15.8539 13.0898 11.6036 12.8039 10.3764 13.7795 13.7082 12.5548 12.5569 10.7161 10.2725 11.6326 9.27454 11.7528 9.71806 9.31669 8.99496 13.38 12.3154 12.2214 11.9428 10.6607 8.74058 10.1891 8.62267 8.05362 8.02005
threshold=33.500000000000007 38.562745869394185 34.050000000000004 39.100000000000009 1.6500000000000001 154.50000000000003 21.482550982176313 4.5000000000000009 9.5000000000000018 3.7500000000000004 9.1500000000000004 5.1000000000000005 23.350000000000005 5.5449494949494964 4.4676190476190483 6.5500000000000007 6.1500000000000012 4.3124541228284814 4.7343628844662708 31.200000000000006 26.250000000000004 18.050000000000004 1.7500000000000002 33.250000000000007 1.9500000000000002 5.1000000000000005 22.100000000000005 12.100000000000001 34.900000000000006 34.850000000000001
decision_type=2 2 2 2 2 2 2 2 2 2 2 2 2 2 2 2 2 2 2 2 2 2 2 2 2 2 2 2 2 2
left_child=2 5 3 7 -4 15 -7 10 9 -9 11 -1 -12 -8 -15 16 27 -17 -19 20 22 -22 -3 -21 -24 26 -6 -2 -18 -23
right_child=1 19 4 -5 25 6 13 8 -10 -11 12 -13 -14 14 -16 17 28 18 -20 23 21 29 24 -25 -26 -27 -28 -29 -30 -31
leaf_value=0.013339776979425691 0.067336276314569996 -0.030569096586598087 0.091250152627404907 0.11633085296421333 0.010569860920830093 0.10054412312829596 0.037345414547386963 0.059734437653434898 0.083555839492324646 0.03616011138117229 0.020443502189767475 0.081930152913149951 0.057722757300266582 0.047698524841348643 0.12955817239886872 0.062943633421726167 0.073294518967823269 0.090397237719445411 0.1530380171631949 -0.024008297762120621 0.1356807153856282 0.024093235452808802 0.11514121179244141 0.062575610099879539 0.036489935911330457 -0.011528809127395685 0.097892515344312411 0.085354841507474272 -0.0048016875154774027 0.078603116648940485
leaf_weight=7.1220735013484946 188.01827150583267 5.9790536463260642 5.9870640039443961 10.695125788450239 9.3396662473678571 12.897609382867811 61.397575914859772 96.290714502334595 24.49309703707695 174.02023503184319 20.087218284606934 83.371808737516403 452.4568430185318 10.687115430831911 7.0998655557632437 13.533105313777922 5.2982302606105796 15.33474060893059 10.104957312345503 9.1956735253334028 6.8501087725162497 9.5440955758094805 4.7533892393112174 6.7665526568889609 36.55696839094162 18.066044509410858 5.0182551741600028 103.44482943415642 8.1513189375400525 22.366159200668335
leaf_count=29 779 24 25 45 38 54 252 398 102 714 82 347 1869 44 30 56 22 64 43 37 29 39 20 28 150 73 21 431 33 93
internal_value=0.0589613 0.0659628 0.0548027 0.0561648 0.0242296 0.0703671 0.0546428 0.0554026 0.0478002 0.0445352 0.059394 0.0764285 0.0561189 0.0470647 0.0802869 0.0745931 0.0716284 0.0975779 0.115732 0.0472 0.0536933 0.0753668 0.0358334 0.0127794 0.0457662 0.0116499 0.0414703 0.0737542 0.0261854 0.0623871
internal_weight=1444.93 537.98 906.948 868.537 38.411 435.968 92.0822 857.842 294.804 270.311 563.038 90.4939 472.544 79.1846 17.787 343.885 304.913 38.9728 25.4397 102.012 86.0498 38.7604 47.2894 15.9622 41.3104 32.424 14.3579 291.463 13.4495 31.9103
internal_count=5971 2228 3743 3586 157 1808 380 3541 1214 1112 2327 376 1951 326 74 1428 1265 163 107 420 355 161 194 65 170 132 59 1210 55 132
is_linear=0
shrinkage=1


Tree=1
num_leaves=31
num_cat=0
split_feature=1 19 6 51 50 52 1 1 48 24 25 14 25 29 15 59 0 49 11 53 51 11 14 54 4 1 56 9 16 15
split_gain=11.8242 26.2712 17.2599 16.8382 12.449 10.303 10.5614 19.432 10.7144 11.8771 10.4543 9.94382 19.6994 12.8725 10.8549 12.3457 9.86029 9.52539 9.26435 12.4614 11.6194 9.02044 8.92379 13.1315 9.23371 8.54093 8.39091 7.5509 9.73809 6.77157
threshold=20.950000000000003 35.901748040988558 8.6500000000000004 7.2500000000000009 14.300000000000002 1.5000000000000002 31.200000000000006 33.250000000000007 9.5000000000000018 18.900000000000002 22.050000000000004 1.9973262032085564 13.350000000000003 1.7500000000000002 22.300000000000001 142.50000000000003 10.700000000000001 11.550000000000002 1.0500000000000003 4.9500000000000011 8.9500000000000011 5.5500000000000007 5.0283113245298123 1.1000000000000003 8.0588958060288345 23.750000000000004 2.5000000000000004 6.7047996272134212 26.250000000000004 23.900000000000002
decision_type=2 2 2 2 2 2 2 2 2 2 2 2 2 2 2 2 2 2 2 2 2 2 2 2 2 2 2 2 2 2
left_child=3 2 4 16 -2 -3 8 -8 -7 -10 -9 12 18 14 15 -13 17 -1 19 -5 -20 25 24 -24 -15 -6 27 28 -18 -16
right_child=1 5 -4 11 21 6 7 10 9 -11 -12 13 -14 22 29 -17 26 -19 20 -21 -22 -23 23 -25 -26 -27 -28 -29 -30 -31
leaf_value=-0.03552120165249039 0.0065370046221666965 -0.075350245006367889 0.061388903299777753 -0.013021066786515002 -0.011017063021238961 0.061160571918304756 -0.083111837479169171 -0.039746334679872375 -0.016806723512652201 0.011531463490277484 0.057403195933548978 -0.017298162425940938 0.042573533858730889 0.032651165250756162 0.056934708888300822 0.014590291344185456 0.014247181130981126 0.045069746714407999 -0.023661078622021117 -0.082801675426477164 0.0037250259008373161 0.080521397595633037 0.05270491542397289 -0.0090535061233121272 -0.021556589267292967 0.063415455099394794 0.07395651655008588 -0.024527735695401315 0.081392453507296014 0.010260600349142389
leaf_weight=12.717947110533716 171.4823309481144 5.6994274258613578 18.95401918888092 37.62355549633503 9.2163349837064761 6.1503265351057044 11.932908624410631 5.3899362534284574 93.303644925355911 60.922110050916672 5.4527414888143539 95.272301524877548 24.08985847234726 7.8942026346921912 10.211493656039236 44.280416667461395 21.179635211825374 5.0025383085012427 46.276564300060272 7.6980818659067145 234.46558150649071 10.129937484860418 9.2712774723768216 103.99304766952991 322.54221265017986 6.3915863484144202 9.2108390778303129 7.3117031604051581 7.3034671097993842 33.491545811295509
leaf_count=52 711 23 80 155 38 26 48 22 384 253 23 392 101 33 43 184 88 21 190 31 971 43 39 429 1325 27 39 30 31 139
internal_value=-0.00326839 0.0039709 0.0158784 -0.00609307 0.0114504 -0.00963417 -0.00752189 -0.039323 -0.00295285 -0.00557998 0.00873098 -0.00770933 -0.000943899 -0.0114791 -0.000302641 -0.00714087 0.0189766 -0.0123644 -0.0041864 -0.0251399 -0.000778219 0.043841 -0.0160828 -0.00391212 -0.0202369 0.0193551 0.0314277 0.0201692 0.0318636 0.0213855
internal_weight=1444.86 405.025 216.174 1039.84 197.22 188.851 183.152 22.7756 160.376 154.226 10.8427 977.11 350.154 626.956 183.256 139.553 62.7261 17.7205 326.064 45.3216 280.742 25.7379 443.701 113.264 330.436 15.6079 45.0056 35.7948 28.4831 43.703
internal_count=5971 1678 899 4293 819 779 756 93 663 637 45 4032 1448 2584 758 576 261 73 1347 186 1161 108 1826 468 1358 65 188 149 119 182
is_linear=0
shrinkage=0.05


Tree=2
num_leaves=31
num_cat=0
split_feature=20 4 59 21 15 16 49 19 50 50 16 5 0 0 51 0 20 14 52 5 6 1 15 19 59 25 15 52 28 51
split_gain=14.645 20.5043 13.733 13.5063 13.8409 13.3971 16.0889 12.4713 11.3654 13.5151 10.5401 9.9734 13.8889 9.3638 15.1849 12.6579 10.9396 16.1251 9.16455 12.5506 12.0981 11.5199 14.2054 11.7767 8.02761 7.62397 15.9267 8.04639 6.23572 6.18455
threshold=33.500000000000007 27.46496340471673 158.50000000000003 34.050000000000004 39.100000000000009 34.350000000000001 23.150000000000002 21.334451901565998 5.3000000000000016 6.7000000000000002 34.050000000000004 5.1000000000000005 22.100000000000005 25.500000000000004 11.450000000000001 27.300000000000001 36.70000000000001 5.7142746913580256 4.5000000000000009 9.5000000000000018 3.7500000000000004 9.2500000000000018 21.900000000000002 11.662325174825176 104.50000000000001 14.850000000000003 28.900000000000002 5.3000000000000016 7.1000000000000005 11.950000000000001
decision_type=2 2 2 2 2 2 2 2 2 2 2 2 2 2 2 2 2 2 2 2 2 2 2 2 2 2 2 2 2 2
left_child=3 2 5 4 18 6 10 -4 -7 -10 -2 12 -5 24 15 -15 17 -16 21 20 -20 22 -1 -23 -3 27 -27 -9 -17 -21
right_child=1 13 7 11 -6 8 -8 25 9 -11 -12 -13 -14 14 16 28 -18 -19 19 29 -22 23 -24 -25 -26 26 -28 -29 -30 -31
leaf_value=0.017805894032402174 0.0041974023722668157 -0.098579156249415864 0.040587207937467888 -0.043687198843727355 0.050637532563091371 0.080936922486075591 0.07958126889024647 -0.050151411555097981 -0.034280595103799626 0.025270581477838807 -0.054241468684049679 -0.058291304217128304 0.04875210501616313 0.020096407006294267 -0.064220054738066357 0 0.084092137829213598 0.050886940928125117 -0.0023734302446948058 0.040093615563267987 -0.024520152275263496 -0.061164858403848721 -0.061357876708969861 -0.0047766494448034944 -0.025028807552484978 0.076431019206958759 -0.015578628597075076 0.01580022385365705 -0.062065234962648777 -0.011267053197095938
leaf_weight=92.023559987545013 238.12775006890297 6.4958770722150794 10.239061489701269 10.064408317208292 10.653115287423132 8.2217237353324872 6.8299148827791205 24.097841709852222 10.251273751258848 112.80749647319317 7.8670663088560095 21.699558436870575 6.6496291160583487 8.6319856047630292 5.4324004203081149 5.0801575183868435 5.4061754792928687 6.657866433262825 96.295814722776413 15.265236213803293 174.13716569542885 9.3720401823520643 5.9178840667009345 455.7525125592947 9.266529828310011 5.19494904577732 41.530514925718307 5.5352348685264579 19.968220442533493 9.2145406603813154
leaf_count=383 987 26 43 41 45 35 29 98 42 471 32 88 28 36 22 21 23 28 398 64 714 38 24 1882 38 22 171 23 81 38
internal_value=-0.00310274 0.00342938 0.00712077 -0.00698006 -0.00568784 0.0111821 0.00442536 -0.0108277 0.024143 0.0202453 0.00228689 -0.03598 -0.00654191 -0.022425 -0.011871 -0.0315369 0.0256655 -0.00052533 -0.00639885 -0.0135418 -0.0166564 -0.00264701 0.0129139 -0.0059365 -0.0560854 -0.0178314 -0.00510081 -0.0376523 -0.0495384 0.0205901
internal_weight=1444.69 537.642 470.703 907.045 868.632 384.105 252.825 86.5976 131.28 123.059 245.995 38.4136 16.714 66.9392 51.1768 33.6804 17.4964 12.0903 857.979 294.913 270.433 563.066 97.9414 465.125 15.7624 76.3585 46.7255 29.6331 25.0484 24.4798
internal_count=5971 2228 1953 3743 3586 1596 1048 357 548 513 1019 157 69 275 211 138 73 50 3541 1214 1112 2327 407 1920 64 314 193 121 102 102
is_linear=0
shrinkage=0.05


Tree=3
num_leaves=31
num_cat=0
split_feature=20 4 21 15 10 29 29 5 55 25 55 16 28 48 29 53 15 21 51 5 16 49 16 50 19 48 5 16 50 20
split_gain=13.2271 18.537 12.2122 12.6903 11.839 15.2668 14.0909 13.994 11.4404 11.1978 10.483 9.82975 9.66801 9.6062 9.20699 8.04404 7.87173 7.97371 7.84641 10.5478 9.7166 15.9517 11.6745 7.70839 7.45615 9.99248 7.05771 9.74883 6.92442 4.96794
threshold=33.500000000000007 27.46496340471673 34.050000000000004 40.100000000000009 2.1000000000000005 6.5500000000000007 1.3500000000000003 3.1000000000000005 1.6500000000000001 9.2500000000000018 3.1500000000000008 23.950000000000003 7.7000000000000002 17.100000000000005 1.828571428571429 4.8500000000000005 42.300000000000004 35.750000000000007 7.3500000000000005 2.5000000000000004 33.350000000000001 18.150000000000002 33.050000000000004 7.5000000000000009 23.931142241379312 20.500000000000004 5.1000000000000005 30.250000000000004 3.9000000000000004 33.300000000000004
decision_type=2 2 2 2 2 2 2 2 2 2 2 2 2 2 2 2 2 2 2 2 2 2 2 2 2 2 2 2 2 2
left_child=2 4 3 18 6 9 -2 -7 -4 11 13 -6 -9 16 -11 -12 17 -3 19 -1 22 -22 -20 -18 25 -8 27 -10 -21 -28
right_child=1 10 8 -5 5 7 24 12 26 14 15 -13 -14 -15 -16 -17 23 -19 20 28 21 -23 -24 -25 -26 -27 29 -29 -30 -31
leaf_value=0.067297531036098257 -0.025285119331164476 0.04418055583520742 0.028425579585724378 0.057814274537706704 -0.010782655634009965 -0.027977564163758063 0.0088157745637734396 0.058377325657226267 -0.058853747948864013 0.027696685455742699 -0.01177369593069698 -0.090550843496686545 0.014376845801993455 -0.054903290795039777 -0.00058982321666325088 0.071036091402669005 0.0015392818782666881 -0.022676914467298425 -0.0080994020613160377 -0.052237425447030028 -0.014642336940029999 0.042883345088993011 -0.07654332193454301 -0.072463264164446789 0.070996065887027435 0.078431604615410697 -0.084012134087133816 0.022818011003426762 0.0094821791159565572 -0.024582471796367921
leaf_weight=7.3276579976081839 9.4811116456985456 8.5658647418022209 5.9814677983522406 7.7524700760841361 11.148557737469675 9.507134333252905 21.186816722154621 26.704253166913986 7.4037119448184949 31.584888085722923 7.2682867199182493 5.981538087129592 24.219909220933914 23.366439715027809 309.40433509647846 4.7055007219314575 6.0354666411876661 9.0043527185916883 747.56676402688026 4.9192117154598227 23.556225970387459 24.309381574392319 6.2031201869249335 7.9138218313455582 14.403755635023115 6.8200070559978476 12.683987468481066 6.9336668252944946 46.96909461915493 5.3685808777809134
leaf_count=31 39 36 25 33 46 39 88 113 30 132 30 24 101 95 1281 20 25 37 3083 20 97 102 25 32 61 29 51 29 195 22
internal_value=-0.00294839 0.00326177 -0.00663282 -0.00540434 0.006772 0.00396191 0.0292904 0.0271863 -0.0342254 2.24326e-05 -0.0213357 -0.0392904 0.0376176 -0.0306123 0.00202297 0.0206739 -0.0123297 0.00970017 -0.00598611 0.0115313 -0.00728762 0.0144973 -0.00867937 -0.0403055 0.0416394 0.0261647 -0.046001 -0.0191259 0.00344552 -0.0668468
internal_weight=1444.28 537.302 906.975 868.604 470.442 418.551 51.8917 60.4313 38.3714 358.119 66.8597 17.1301 50.9242 54.8859 340.989 11.9738 31.5195 17.5702 860.851 59.216 801.635 47.8656 753.77 13.9493 42.4106 28.0068 32.3899 14.3374 51.8883 18.0526
internal_count=5971 2228 3743 3586 1953 1736 217 253 157 1483 275 70 214 225 1413 50 130 73 3553 246 3307 199 3108 57 178 117 132 59 215 73
is_linear=0
shrinkage=0.05


Tree=4
num_leaves=29
num_cat=0
split_feature=1 19 6 53 54 56 10 28 53 59 54 15 0 54 28 15 15 49 4 9 10 9 9 59 21 58 11 59
split_gain=9.60641 22.211 14.6589 9.56072 11.9186 10.9297 9.37083 9.26326 8.18144 11.0265 10.8979 12.8891 11.5044 9.73377 9.00126 7.9743 11.5333 7.70493 6.9945 12.9972 8.94942 7.86988 6.19032 5.63148 12.3336 4.8792 3.09507 2.46584
threshold=20.950000000000003 35.901748040988558 8.6500000000000004 4.9500000000000011 2.1000000000000005 1.5000000000000002 7.5000000000000009 4.3000000000000016 2.3500000000000001 87.500000000000014 2.7000000000000006 36.900000000000006 28.700000000000006 2.3000000000000003 3.9000000000000004 37.100000000000009 36.300000000000004 16.450000000000003 23.453588516746414 6.5571895424836608 9.7000000000000011 8.0774225774225794 10.073348694316438 158.50000000000003 34.45000000000001 22.000000000000004 5.1500000000000012 123.50000000000001
decision_type=2 2 2 2 2 2 2 2 2 2 2 2 2 2 2 2 2 2 2 2 2 2 2 2 2 2 2 2
left_child=15 2 3 5 -5 25 -7 -6 -3 10 12 -12 -10 14 -11 16 18 -15 20 27 21 -1 26 24 -17 -2 -4 -20
right_child=1 8 22 4 7 6 -8 -9 9 13 11 -13 -14 17 -16 23 -18 -19 19 -21 -22 -23 -24 -25 -26 -27 -28 -29
leaf_value=-0.0033627573775607614 0.0075835880240682323 -0.066198179432535031 0.090592194043672608 -0.016829052103939993 0.020022220599425947 -0.0027359555890241328 0.037696038080348514 0.080974101094267517 -0.024730858410339399 0.059773487252090356 -0.047737765067521677 0.03727628287748274 -0.092497390890780018 -0.045663416384054627 0.0069703296185431949 -0.057191037044996854 0.067203670016601033 -0.0037683182578843151 -0.098498470696041673 0.016171386320067677 0.049062408023547138 -0.017264940536983506 0.006230847446339274 -0.071848877287159635 0.040121197878324161 0.070560384715061292 0.037501279451648641 -0.045016300637646424
leaf_weight=873.97754760086536 5.0559708029031745 5.9295392483472815 9.3136366456747073 8.2595829069614393 12.476906016469004 133.35664993524551 15.94269125163555 13.11141414940357 20.660518810153011 9.7210311442613584 7.3644854128360775 10.947178751230238 9.1696420311927778 13.242985159158705 47.383238837122917 7.6307740062475222 5.4340417832136145 64.003751650452614 4.996147885918619 6.7335093468427649 7.6018729954957953 115.46468676626682 4.7666742950677863 7.1788823455572119 5.4826682657003403 8.7142358273267728 4.7327532321214667 5.1566744595766068
leaf_count=3611 21 24 40 34 52 552 67 56 85 41 30 46 37 54 197 31 23 265 20 28 32 475 20 29 23 37 20 21
internal_value=-0.0028017 0.00373173 0.0146917 0.0106162 0.0347861 0.00555037 0.00157038 0.0516421 -0.00879135 -0.00686348 -0.0273701 0.00274065 -0.0459685 0.000462336 0.0161354 -0.00534641 -0.00472095 -0.0110651 -0.00511794 -0.0369763 -0.00456971 -0.00499173 0.0568052 -0.0363434 -0.0161311 0.0480192 0.0734489 -0.0725263
internal_weight=1443.81 404.153 215.731 196.917 33.8479 163.07 149.299 25.5883 188.422 182.493 48.1418 18.3117 29.8302 134.351 57.1043 1039.66 1019.36 77.2467 1013.93 16.8863 997.044 989.442 18.8131 20.2923 13.1134 13.7702 14.0464 10.1528
internal_count=5971 1678 899 819 142 677 619 108 779 755 198 76 122 557 238 4293 4210 319 4187 69 4118 4086 80 83 54 58 60 41
is_linear=0
shrinkage=0.05


Tree=5
num_leaves=28
num_cat=0
split_feature=20 49 21 10 29 21 28 59 21 24 19 16 5 16 55 19 24 59 1 28 51 53 24 20 28 48 49
split_gain=12.325 15.9341 14.8661 13.2146 14.969 12.0549 10.3003 10.1885 11.8954 13.6454 10.4352 19.5729 13.8055 9.28464 7.77347 7.65414 10.0683 6.63361 11.9628 10.4659 6.00209 5.41878 7.71684 4.5756 3.92393 3.04357 2.71067
threshold=33.500000000000007 23.150000000000002 34.050000000000004 2.1000000000000005 1.3500000000000003 30.650000000000002 7.5000000000000009 175.50000000000003 30.850000000000005 13.900000000000002 20.994252873563223 24.750000000000004 8.1000000000000014 15.65 1.6500000000000001 22.900304716481191 9.9000000000000021 128.50000000000003 15.550000000000002 7.7000000000000002 10.950000000000001 3.9500000000000006 16.900000000000002 35.70000000000001 4.1000000000000005 14.900000000000002 18.250000000000004
decision_type=2 2 2 2 2 2 2 2 2 2 2 2 2 2 2 2 2 2 2 2 2 2 2 2 2 2 2
left_child=2 3 6 4 -2 -5 7 10 13 -10 12 -12 -1 -9 -4 16 -6 19 -19 -7 -8 25 26 -3 -17 -16 -23
right_child=1 23 14 5 15 17 20 8 9 -11 11 -13 -14 -15 21 24 -18 18 -20 -21 -22 22 -24 -25 -26 -27 -28
leaf_value=-0.0041428838456231652 -0.036494631648570537 0.090307910184204976 0.018544771242934046 -0.069547386103804218 0.071206476274954827 0.0090483095856079675 0.075777458354894911 -0.010329887937140327 -0.052700485426513226 0.046090872281600317 -0.02515539893845059 -0.0032640001063984122 0.029405896138896243 0.044840247303714748 -0.037156299261449213 0.092277187487183679 0.0011009407317643511 -0.039573673837530299 -0.0021232239801887006 -0.019552920439038404 0.0078790987774891956 -0.02314918498439348 0.025826788681671171 0.027225561115376214 0.040680763295355783 -0.089270925803635992 -0.06785516916954841
leaf_weight=344.14569281041622 7.8215585500001898 6.0624046027660352 5.2734971493482581 6.1831423938274375 7.0551167428493526 236.08965708315372 5.8624052405357343 10.185767605900763 10.828567340970038 5.0020920634269705 178.54668429493904 239.83334042131901 33.551277086138725 28.382035136222839 5.1198319494724265 7.4791051298379925 18.562763899564743 24.469090476632118 164.43279464542866 36.814826995134354 7.6380801200866699 7.297189876437189 4.7749320566654196 6.1779860705137253 8.7659720927476865 8.436326861381529 7.4102231711149216
leaf_count=1421 32 26 22 25 30 982 25 42 44 21 732 991 140 119 21 32 77 100 681 152 32 30 20 26 37 34 30
internal_value=-0.00285689 0.00318888 -0.00641308 0.00184002 0.0263334 -0.000754729 -0.00505257 -0.00574739 0.0151401 -0.0210777 -0.00718269 -0.012622 -0.00114248 0.0301515 -0.036871 0.0382502 0.0208041 0.000170371 -0.00701913 0.00516594 0.0380711 -0.0458964 -0.0283389 0.0593527 0.0651605 -0.0703708 -0.0463178
internal_weight=1432.2 529.914 902.288 517.674 49.6845 467.99 863.976 850.475 54.3985 15.8307 796.077 418.38 377.697 38.5678 38.312 41.863 25.6179 461.806 188.902 272.904 13.5005 33.0385 19.4823 12.2404 16.2451 13.5562 14.7074
internal_count=5924 2200 3724 2148 208 1940 3567 3510 226 65 3284 1723 1561 161 157 176 107 1915 781 1134 57 135 80 52 69 55 60
is_linear=0
shrinkage=0.05


Tree=6
num_leaves=28
num_cat=0
split_feature=20 16 49 28 52 50 9 10 10 24 50 59 16 57 20 19 6 16 21 52 4 21 4 5 16 9 59
split_gain=11.7613 14.3655 13.881 10.5969 13.2226 10.4786 15.8093 14.1117 10.367 11.128 9.94225 8.69596 12.1479 9.85199 16.4748 9.01143 24.4456 19.8991 14.7208 12.484 11.9122 10.4124 8.52048 6.3669 4.06559 3.89403 0.466826
threshold=30.500000000000004 13.65 23.150000000000002 5.7000000000000002 4.1000000000000005 14.300000000000002 7.9340136054421775 5.3000000000000016 2.1000000000000005 7.7000000000000002 10.300000000000002 175.50000000000003 16.150000000000002 1.0000000180025095e-35 28.100000000000005 20.831938295517435 7.3166666666666673 23.650000000000002 29.350000000000005 4.1000000000000005 11.975672877846792 31.950000000000003 19.473783941362658 9.9000000000000021 23.150000000000002 3.7617663344407535 115.50000000000001
decision_type=2 2 2 2 2 2 2 2 2 2 2 2 2 2 2 2 2 2 2 2 2 2 2 2 2 2 2
left_child=3 -2 5 11 -5 8 7 -7 10 -10 -3 15 25 24 -15 16 20 18 -17 -18 -1 -19 -4 -8 -14 -13 -24
right_child=1 2 22 4 -6 6 23 -9 9 -11 -12 12 13 14 -16 17 19 21 -20 -21 -22 -23 26 -25 -26 -27 -28
leaf_value=-0.013299972025115054 0.077951626059894821 -0.0015330383990101383 0.0017209421081109705 0.0023741498753623315 -0.088500447746729091 0.005454277728396139 -0.054886746911549322 0.043396286242925006 -0.05035525923325921 -0.0042178161892146094 0.029517829159216649 0.0030886269577379546 0.08761907893239862 0.059728795029853891 -0.058510415986960308 -0.022348254730043121 0.011394781389339692 -0.0071300437979761036 -0.068188269467441595 0.076738262484823946 0.015543816480697529 0.042679985523708899 0.058341516873501899 0 0.028613287341476952 -0.057413196799132697 0.090248570120131502
leaf_weight=205.98644767701626 5.8956006169319144 59.634001538157463 6.6872421056032207 6.977216735482215 8.9560317993164045 59.936418130993843 10.062125593423845 41.818134486675262 13.273762732744215 627.79901173710823 44.91984860599041 4.8287434279918653 7.979498490691185 5.9162689596414566 5.6684276908636093 81.677248328924179 17.570163115859035 95.065862327814102 22.517508566379547 12.740889668464659 43.085811287164688 11.683901056647299 4.6816617697477323 10.834990948438643 5.2647475451231003 5.4187124371528625 4.893002450466156
leaf_count=848 25 247 28 29 36 249 41 176 54 2598 188 20 34 25 23 335 73 392 91 54 179 49 20 45 22 22 21
internal_value=-0.00271408 0.000814318 0.00028578 -0.00852618 -0.0486277 -0.000568242 0.0129614 0.0211237 -0.00280195 -0.00518862 0.0117751 -0.00729154 0.0166768 0.0356314 0.00144046 -0.0090194 -0.0031055 -0.0168231 -0.0323586 0.0391876 -0.00828612 -0.00159663 0.0459153 -0.0264564 0.0649285 -0.0286664 0.0759283
internal_weight=1431.77 890.436 884.54 541.337 15.9332 868.278 122.652 101.755 745.627 641.073 104.554 525.404 35.0764 24.8289 11.5847 490.328 279.383 210.945 104.195 30.3111 249.072 106.75 16.2619 20.8971 13.2442 10.2475 9.57466
internal_count=5924 3692 3667 2232 65 3598 511 425 3087 2652 435 2167 146 104 48 2021 1154 867 426 127 1027 441 69 86 56 42 41
is_linear=0
shrinkage=0.05


Tree=7
num_leaves=20
num_cat=0
split_feature=6 50 1 29 19 49 48 5 0 48 4 28 29 25 25 16 5 29 1
split_gain=8.1666 8.37647 16.168 21.2575 14.6994 14.5775 14.206 14.1977 8.98702 8.25802 13.6094 9.37852 7.44879 7.92251 6.28248 8.11493 8.8754 6.03107 4.30594
threshold=14.350000000000003 12.300000000000002 15.450000000000001 7.1500000000000012 21.334451901565998 23.150000000000002 21.500000000000004 12.300000000000002 30.900000000000002 21.300000000000001 8.4280835676978718 2.7000000000000006 2.1500000000000008 10.850000000000003 4.2250000000000005 9.9500000000000011 1.3 2.3166666666666669 26.050000000000004
decision_type=2 2 2 2 2 2 2 2 2 2 2 2 2 2 2 2 2 2 2
left_child=1 6 4 5 9 7 14 -4 18 10 -3 -11 13 -6 -1 -16 -17 -14 -5
right_child=-2 2 3 8 12 -7 -8 -9 -10 11 -12 -13 17 -15 15 16 -18 -19 -20
leaf_value=-0.049717763695829337 0.05344928648072609 0.027146830076919832 0.011982682785976261 -0.020707960911901434 0.01355370867487833 0.083394895632061622 -0.067084664903125729 0.090725954746006449 0.016063267020504316 0.0035521952440890057 -0.031925943873249617 0.048254409327261848 -0.088121811648028806 -0.041693937387368818 0.061783408427920454 -0.066497526045409788 -0.0043130119708814961 -0.033012250771266002 -0.0726930780787928
leaf_weight=7.6213058829307547 6.3661905974149695 13.653877347707747 195.52080845832825 7.248313754796988 16.370914965868 7.8863175213336936 9.1319530755281431 5.8249857127666465 6.6658936589956275 61.597937732934952 32.976168721914291 14.492551743984221 6.2290357053279868 10.541351795196531 4.5041034668683997 5.6846152842044821 980.92037144303322 28.088607877492905 10.092156752943991
leaf_count=31 27 57 814 30 68 34 37 25 28 255 135 61 25 43 19 23 4056 115 41
internal_value=-0.0025768 -0.00283433 0.00311586 0.0118636 -0.00794907 0.0169951 -0.00530235 0.0143295 -0.0325385 0.00200052 -0.0145006 0.0121842 -0.0279429 -0.00797556 -0.00472577 -0.00436977 -0.00468308 -0.0433875 -0.0514933
internal_weight=1431.42 1425.05 417.189 233.238 183.95 209.232 1007.86 201.346 24.0064 122.721 46.63 76.0905 61.2299 26.9123 998.73 991.109 986.605 34.3176 17.3405
internal_count=5924 5897 1731 972 759 873 4166 839 99 508 192 316 251 111 4129 4098 4079 140 71
is_linear=0
shrinkage=0.05


Tree=8
num_leaves=22
num_cat=0
split_feature=11 1 10 52 59 15 48 1 28 9 58 25 24 53 53 19 5 15 19 59 24
split_gain=8.53225 10.6627 13.1593 8.59713 7.89789 7.11286 7.09345 6.93096 10.7885 9.87727 6.63004 10.5223 8.66505 6.59183 9.71636 10.5659 6.3379 5.67897 5.47962 4.37233 0.494474
threshold=0.95000000000000007 9.4500000000000011 0.50000000000000011 7.3000000000000016 37.500000000000007 14.100000000000001 29.900000000000002 20.950000000000003 2.7000000000000006 3.9756061282165702 12.000000000000002 8.6500000000000004 9.9000000000000021 3.3500000000000001 4.5500000000000007 14.033610611510793 3.7000000000000006 10.900000000000002 23.612570356472798 21.500000000000004 8.7000000000000011
decision_type=2 2 2 2 2 2 2 2 2 2 2 2 2 2 2 2 2 2 2 2 2
left_child=1 5 -3 4 13 17 10 8 9 -5 11 -6 -12 -2 15 -15 -4 -1 -8 -16 -18
right_child=3 2 16 7 6 -7 18 -9 -10 -11 12 -13 -14 14 19 -17 20 -19 -20 -21 -22
leaf_value=0.015158950139014027 0.058987876630278914 0.016918220727154137 -0.020259396880055205 -0.0051800540692281049 -0.0031239505330889206 0.041959722560980565 0.073933587282927496 0.065412766684760676 -0.032269750812394152 0.093949482407260643 0.013294971219915517 -0.02190394343051294 -0.0027922596696436379 0.053102525447510721 0.015825875657742083 -0.030138123109856082 -0.067273271712585889 -0.059947613587438914 0 0.071413285089798773 -0.097704462993788141
leaf_weight=4.8072362691164034 8.0653348416089994 6.0144998431205776 5.360800817608836 4.834581017494207 224.32430474460125 7.3891674727201453 5.170536130666731 7.9266683906316748 8.2984872013330442 4.9169490486383438 92.344349279999733 112.26943415403366 879.91352286934853 4.7534002810716656 8.6476708203554136 17.345356151461601 4.9487262368202192 4.9371774643659592 4.7708867937326431 6.3641855120658866 7.7430370151996613
leaf_count=20 34 25 22 20 927 31 22 34 34 21 384 461 3644 20 36 71 20 20 20 27 31
internal_value=-0.00244825 -0.0248535 -0.0462667 -0.00177878 -0.00232569 0.00502885 -0.00303366 0.0266448 0.00907775 0.0447421 -0.00335811 -0.00940743 -0.00125795 0.0181925 0.00905725 -0.0118494 -0.0675704 -0.0226096 0.0387921 0.0400393 -0.0868484
internal_weight=1431.15 41.2006 24.0671 1389.95 1363.97 17.1336 1318.79 25.9767 18.05 9.75153 1308.85 336.594 972.258 45.1759 37.1106 22.0988 18.0526 9.74441 9.94142 15.0119 12.6918
internal_count=5924 169 98 5755 5646 71 5458 109 75 41 5416 1388 4028 188 154 91 73 40 42 63 51
is_linear=0
shrinkage=0.05


Tree=9
num_leaves=30
num_cat=0
split_feature=20 21 53 50 28 52 50 52 1 28 11 11 4 9 54 5 51 1 4 20 4 55 19 19 48 11 51 53 21
split_gain=10.0022 14.0259 13.8757 10.3084 9.52197 10.5446 9.10468 9.97789 15.0932 16.6539 11.8987 15.1406 11.508 9.92467 8.76037 12.8208 10.938 15.6911 10.7894 8.78931 6.99455 6.74604 6.12394 5.86219 6.33292 5.44252 2.89429 2.63003 1.95335
threshold=33.500000000000007 34.050000000000004 5.6500000000000012 9.9000000000000021 7.5000000000000009 4.3000000000000016 4.9000000000000012 4.5000000000000009 11.450000000000001 4.3000000000000016 5.6500000000000012 4.0500000000000007 29.814611314611319 4.5447052947052962 3.9000000000000004 9.5000000000000018 12.65 25.050000000000004 14.704868607161471 30.500000000000004 15.823708306082409 1.6500000000000001 20.143398268398272 36.525790754257919 18.100000000000005 6.1500000000000012 7.8500000000000005 4.0500000000000007 34.350000000000001
decision_type=2 2 2 2 2 2 2 2 2 2 2 2 2 2 2 2 2 2 2 2 2 2 2 2 2 2 2 2 2
left_child=1 4 6 -4 14 -6 13 8 22 -10 11 -9 -12 -2 16 19 17 -1 -18 -16 -3 -22 -8 24 -23 26 -15 -25 -5
right_child=2 20 3 28 5 -7 7 10 9 -11 12 -13 -14 25 15 -17 18 -19 -20 -21 21 23 -24 27 -26 -27 -28 -29 -30
leaf_value=-0.0034952667495747715 -0.014310556699023334 -0.078795027601850864 -0.00044687082479738353 0.0891117023807666 0.071602124841122661 -0.018543297653574538 -0.025514106698268424 0.016586698540984234 0.0090115636118288153 -0.014890645586684906 0.035239820006923953 -0.019227099408706348 -0.035377291321456214 0.056433558739710891 -0.0093629175512458754 0.066278251430497162 -0.037065830599425115 -0.072901695308617606 -0.002694197783598952 0.024331125552243735 0.029395370418793389 0.0079515629120953009 -0.097135190282209016 -0.088142112919838755 -0.05811755345264058 0.091909462976016154 0.0040429378120386923 -0.034158281812670041 0.047772215770938979
leaf_weight=657.06562645733356 7.9974408000707653 7.4116586148738852 8.8670992404222506 6.4843153208494169 8.3780703842639905 5.0795015692710868 6.8269126415252668 64.130869150161743 141.18640473484993 150.16763481497765 52.869656786322594 54.491403326392174 6.3240372091531745 5.420690521597864 50.452390655875206 8.9522619694471341 54.334666520357132 8.1550153493881208 39.9251728951931 31.184591978788376 4.7664454579353359 10.33407309651375 5.7316390126943588 5.4248458147048932 5.3922696411609641 5.8260440677404395 5.5025065988302231 4.8469020128250122 7.4554468095302582
leaf_count=2714 33 30 37 28 36 21 28 268 587 620 222 225 26 23 208 38 222 33 165 130 20 43 23 22 22 25 23 20 32
internal_value=-0.00232497 -0.00552941 0.0031248 0.0411961 -0.00420949 0.0373225 0.00139277 -0.000119217 -0.00563319 -0.00329167 0.00927471 9.04946e-05 0.0275641 0.0309089 -0.00487719 0.00978991 -0.00663429 -0.00436447 -0.0225785 0.00346075 -0.0351657 -0.0242715 -0.0591056 -0.0343772 -0.0146105 0.0527538 0.0307717 -0.0637259 0.0678558
internal_weight=1430.99 901.703 529.282 22.8069 863.527 13.4576 506.475 481.729 303.913 291.354 177.816 118.622 59.1937 24.7467 850.07 90.5892 759.48 665.221 94.2598 81.637 38.1762 30.7645 12.5586 25.9981 15.7263 16.7492 10.9232 10.2717 13.9398
internal_count=5924 3724 2200 97 3567 57 2103 1999 1258 1207 741 493 248 104 3510 376 3134 2747 387 338 157 127 51 107 65 71 46 42 60
is_linear=0
shrinkage=0.05


Tree=10
num_leaves=31
num_cat=0
split_feature=20 29 4 59 1 59 25 1 15 56 1 48 59 10 48 14 11 15 25 25 19 20 21 55 15 1 6 5 6 6
split_gain=12.907 15.8627 12.7567 13.1339 11.5368 13.1895 12.5527 11.2264 15.9545 11.5198 13.2975 12.5125 10.4145 17.1153 12.1982 13.8371 10.012 9.77609 9.87677 9.63215 14.227 9.40113 9.34233 11.918 10.3932 9.50082 11.6041 8.26814 7.9013 7.27496
threshold=29.900000000000002 1.7500000000000002 10.172065482410312 142.50000000000003 6.8500000000000005 47.500000000000007 5.3500000000000005 17.650000000000002 28.300000000000001 2.5000000000000004 9.3500000000000032 15.500000000000002 158.50000000000003 1.5000000000000002 13.100000000000001 5.8404875463699 3.8444444444444446 25.900000000000002 4.9500000000000011 6.6500000000000012 12.940666041275799 22.100000000000005 29.350000000000005 1.9500000000000002 19.300000000000001 12.65 8.1500000000000004 3.9000000000000004 5.0500000000000007 4.3500000000000005
decision_type=2 2 2 2 2 2 2 2 2 2 2 2 2 2 2 2 2 2 2 2 2 2 2 2 2 2 2 2 2 2
left_child=2 19 4 7 6 -6 21 9 -9 11 -11 -4 -3 -14 15 -15 -10 18 -7 -2 -21 29 25 -24 -25 26 -5 -16 -27 -1
right_child=1 12 3 22 5 17 -8 8 16 10 -12 -13 13 14 27 -17 -18 -19 -20 20 -22 -23 23 24 -26 28 -28 -29 -30 -31
leaf_value=-0.00018903026718936772 0.084973895641616129 0.0022035554245766111 -0.012409412419322299 0.0089567680742232755 0.056528421227841678 0.062955618522609919 -0.066149919198872406 0.033846207126738408 0.024824072978030128 0.074579863705249536 -0.01218836990982658 -0.042829558564090958 0.081249008644609544 0.049670248046224684 -0.050884792648390569 -0.038916037839626431 -0.055325131305308133 0.073073776649856481 -0.0016509933146919558 -0.049991336391065205 0.019921538158147043 0.029973311537152353 0.03791301062994528 -0.080240059066000749 -0.011040486443603311 0.061736647549558224 -0.071020972180308159 -0.016366402892033918 0.004249826457477182 -0.07635176913693302
leaf_weight=7.9822529107332247 5.1681531816720954 694.51451204717159 54.430139109492302 31.32370126247406 13.768740966916083 6.1542094498872748 10.869694501161574 21.044684410095215 5.5113020092248943 4.9544949382543555 34.738604620099068 92.006435140967369 4.4594396799802771 12.591913267970087 22.86058908700943 6.6079332530498496 12.303747177124022 4.9415613412857047 107.69255271553993 7.6157753318548194 119.92869994044304 11.943881347775458 6.6820633411407497 8.6952380985021609 14.806586295366285 14.217248901724817 5.1951484680175772 75.346479952335358 10.626310229301451 5.2096894681453705
leaf_count=33 22 2885 224 130 58 26 44 88 23 21 143 375 19 53 93 27 50 21 445 31 500 50 28 35 61 60 21 311 44 21
internal_value=-0.000942514 0.00244459 -0.00757883 -0.0134976 0.00350745 0.0103512 -0.0215087 -0.0199943 0.00433072 -0.0250993 -0.0010721 -0.0315728 -0.000156399 -0.0136375 -0.0173502 0.0188791 -0.0302507 0.00491368 0.00184975 0.0184703 0.0156719 -0.00182031 0.00241902 -0.0202477 -0.0370864 0.0136648 -0.00244715 -0.024496 0.0374639 -0.0309911
internal_weight=1434.19 949.093 485.098 316.536 168.563 132.557 36.0055 224.989 38.8597 186.13 39.6931 146.437 816.381 121.866 117.407 19.1998 17.815 118.788 113.847 132.713 127.544 25.1358 91.5463 30.1839 23.5018 61.3624 36.5188 98.2071 24.8436 13.1919
internal_count=5942 3941 2001 1303 698 550 148 924 161 763 164 599 3388 503 484 80 73 492 471 553 531 104 379 124 96 255 151 404 104 54
is_linear=0
shrinkage=0.05


Tree=11
num_leaves=31
num_cat=0
split_feature=19 16 14 51 54 19 50 29 52 10 1 29 4 1 0 1 50 50 14 28 24 10 21 55 29 6 21 21 4 16
split_gain=6.95575 19.2172 13.1176 10.3544 13.4116 9.85771 11.3752 10.0393 9.63983 10.0399 14.1341 9.98172 9.60894 10.5365 8.81024 10.289 8.65155 8.19798 7.98572 16.0478 13.0777 10.7165 13.6689 11.0389 7.84237 6.43066 5.30696 4.32538 2.53163 2.35389
threshold=39.045548654244314 33.550000000000004 3.6681547619047623 7.1500000000000012 0.70000000000000007 19.855654761904766 17.900000000000002 2.5500000000000003 1.5000000000000002 8.7000000000000011 22.950000000000003 6.5500000000000007 11.229160878021675 8.9500000000000011 20.500000000000004 10.738888888888891 16.700000000000006 8.5000000000000018 4.5420197740113002 7.7000000000000002 16.500000000000004 7.1000000000000005 35.45000000000001 2.6500000000000008 2.2500000000000004 14.050000000000002 33.850000000000001 35.150000000000013 9.5476579520697182 36.350000000000001
decision_type=2 2 2 2 2 2 2 2 2 2 2 2 2 2 2 2 2 2 2 2 2 2 2 2 2 2 2 2 2 2
left_child=1 3 17 4 -1 6 7 -5 -4 11 -11 -10 24 -14 15 -6 18 -3 19 27 25 23 -23 -22 -7 -20 -19 -2 -8 -28
right_child=16 2 8 5 14 12 28 -9 9 10 -12 -13 13 -15 -16 -17 -18 26 20 -21 21 22 -24 -25 -26 -27 29 -29 -30 -31
leaf_value=-0.051826712555350818 0.022307519432094067 0.0024728396813391406 -0.052159835579185888 -0.0026778511249083894 -0.0099228693190133652 -0.0054803614735553004 0.08269650064672493 0.017937738360002557 0.0068653240026917712 0.031934127861801262 -0.063630340370434399 0.034888215977637325 0.064386664923828524 -0.0063978201247212006 -0.021927191516693079 0.049428535589172526 0.044436305641110688 0.090286432880100589 -0.079956573245921925 -0.043909425654599148 -0.04533691856272043 0.053685168924097526 -0.018927245423683303 0.0021372162313276293 -0.05329676543977039 -0.011649278371714051 0.055898272799912455 0.092072040373081754 0.028846295216101148 0.010365603940206407
leaf_weight=5.89119929075241 4.7527341991662961 8.6409405469894427 6.1298312544822684 296.00021716952324 9.1989619433879835 15.498237505555151 4.6998900920152646 73.614912420511246 111.68415641784668 6.1831727325916317 9.8272216469049436 44.726010084152222 5.1900871247053137 634.11067594587803 7.5301901251077643 32.528103172779083 6.1376489251852027 9.0468380004167575 12.35393448174 6.3483540564775458 29.758744060993195 11.610462918877603 14.302814200520514 20.41321749985218 19.89763331413269 5.0681288838386527 7.7741189599037153 4.6787890642881393 5.0291096866130829 4.9975282102823257
leaf_count=24 20 36 25 1224 38 64 20 307 465 26 40 189 22 2621 31 137 26 39 50 26 122 49 59 85 81 21 33 20 21 21
internal_value=-0.000894876 0.000132355 0.0140395 -0.00248476 0.018601 -0.00359439 0.00284431 0.0014183 0.00881813 0.011044 -0.0264441 0.0149277 -0.0072218 -0.00580536 0.0272134 0.0362322 -0.0126595 0.0443542 -0.0159495 0.0166942 -0.0215236 -0.0124537 0.0134959 -0.0259561 -0.0325754 -0.060551 0.0606257 0.0580437 0.0559457 0.0386888
internal_weight=1433.62 1318.2 209.01 1109.19 55.1485 1054.04 379.344 369.615 178.55 172.421 16.0104 156.41 674.697 639.301 49.2573 41.7271 115.425 30.4594 109.287 15.7799 93.5073 76.0852 25.9133 50.172 35.3959 17.4221 21.8185 9.43152 9.729 12.7716
internal_count=5942 5464 874 4590 230 4360 1572 1531 745 720 66 654 2788 2643 206 175 478 129 452 66 386 315 108 207 145 71 93 40 41 54
is_linear=0
shrinkage=0.05


Tree=12
num_leaves=31
num_cat=0
split_feature=20 16 4 59 24 25 49 1 59 25 0 16 29 49 19 55 14 4 49 59 52 20 21 55 16 29 28 50 5 5
split_gain=11.5844 15.4561 11.2482 11.7785 10.4157 12.9998 11.8227 10.2733 12.0187 11.3249 11.2268 11.2032 10.1512 11.464 10.4789 10.003 9.76812 9.449 9.42036 9.33006 8.99379 8.52716 8.35105 10.7446 10.1586 8.80035 16.6258 6.66458 5.59541 9.23397
threshold=29.900000000000002 13.15 10.172065482410312 142.50000000000003 10.700000000000001 8.6500000000000004 16.750000000000004 6.8500000000000005 47.500000000000007 5.3500000000000005 7.3000000000000016 23.150000000000002 1.7500000000000002 23.150000000000002 12.940666041275799 3.9500000000000006 6.0457157784744 20.013986697965574 18.750000000000004 158.50000000000003 5.7000000000000002 22.100000000000005 29.350000000000005 1.9500000000000002 21.250000000000004 3.2500000000000004 1.7000000000000004 10.100000000000001 9.9000000000000021 6.3000000000000016
decision_type=2 2 2 2 2 2 2 2 2 2 2 2 2 2 2 2 2 2 2 2 2 2 2 2 2 2 2 2 2 2
left_child=2 -2 7 4 5 6 -4 9 -9 21 -10 -12 14 15 -3 19 18 -15 -6 -14 -7 -1 25 -24 -25 26 -5 -23 29 -16
right_child=1 12 3 22 16 20 -8 8 10 -11 11 -13 13 17 28 -17 -18 -19 -20 -21 -22 27 23 24 -26 -27 -28 -29 -30 -31
leaf_value=-0.029434609149286702 0.082706523531836301 -0.039635298433508021 0.019693259541499607 0.031308862946391035 -0.014279542089754052 -0.034998084340634381 -0.027632498213072749 0.053871377523068135 0.044475932583017214 -0.062736818812908032 -0.006537046487948138 0.050892856385111866 0.0017010559608960857 -0.0044967093161926873 0.023429420196669281 -0.071196011965146411 -0.062308605673310175 0.074566372764003894 0.019178002067422258 -0.013430864770469267 -0.086214022838199164 -0.0061214978058908064 0.036148424450606689 -0.076875033324383293 -0.0087926169178601694 0.055833681718979157 -0.025563231681523135 0.067640596749043436 0.070774941525350507 -0.012139109705673268
leaf_weight=13.167007401585581 5.8510523289442053 8.0763809978961927 20.651297107338905 27.246948227286339 57.055637538433075 60.686304911971092 35.839511692523956 13.735653996467589 15.237559661269186 10.869561284780501 94.260508179664612 9.2268912792205793 674.9259497076273 6.1857190132141104 91.968957647681236 4.9482618421316138 7.1548428386449805 9.1340288668870908 33.151436910033226 119.8377328068018 10.193109109997748 6.2804737687110883 6.6792890876531628 8.9117921143770236 14.557087168097494 9.9571014046668989 24.094425812363625 5.6507518440485001 4.9153786748647681 22.489169463515282
leaf_count=54 25 33 86 114 235 248 147 58 64 44 389 39 2804 26 384 20 29 40 138 495 41 26 28 36 60 42 99 24 21 93
internal_value=-0.000848761 0.002361 -0.00713948 -0.0127012 -0.0188574 -0.0282752 -0.0102391 0.00327276 0.0097339 -0.0203444 0.00454438 -0.00132417 0.00184818 -0.000198426 0.0149651 -0.00102777 -0.00646919 0.0424963 -0.00192078 -0.000575709 -0.0425449 -0.00161055 0.00237741 -0.0190622 -0.035074 0.0130172 0.00452387 0.0286693 0.0187311 0.0163926
internal_weight=1432.94 948.333 484.607 316.179 224.732 127.37 56.4908 168.428 132.461 35.9678 118.725 103.487 942.482 815.032 127.45 799.712 97.3619 15.3197 90.2071 794.764 70.8794 25.0982 91.4466 30.1482 23.4689 61.2985 51.3414 11.9312 119.374 114.458
internal_count=5942 3941 2001 1303 924 522 233 698 550 148 492 428 3916 3385 531 3319 402 66 373 3299 289 104 379 124 96 255 213 50 498 477
is_linear=0
shrinkage=0.05


Tree=13
num_leaves=31
num_cat=0
split_feature=20 19 6 0 51 16 19 59 4 51 50 5 9 51 52 4 5 4 19 10 11 55 10 16 5 16 16 16 1 28
split_gain=10.5715 11.6938 17.4055 12.1158 13.2675 10.9319 9.89338 13.6824 10.6557 10.535 14.0529 9.41179 8.67881 8.66549 9.17281 7.93331 10.7408 8.49651 7.13436 10.92 16.7474 11.0805 10.6999 14.3432 11.0125 9.25632 7.85884 14.6752 11.2181 8.69883
threshold=30.500000000000004 20.831938295517435 7.2500000000000009 12.700000000000001 11.850000000000003 13.65 28.809027777777782 175.50000000000003 19.735223027905956 9.2500000000000018 9.1000000000000014 11.100000000000001 4.6493243243243247 11.450000000000001 4.5000000000000009 11.975672877846792 2.1000000000000005 11.730384615384617 39.045548654244314 4.9000000000000012 4.9500000000000011 1.9500000000000002 6.9000000000000012 22.450000000000003 3.9000000000000004 33.95000000000001 35.750000000000007 39.750000000000007 31.200000000000006 7.1000000000000005
decision_type=2 2 2 2 2 2 2 2 2 2 2 2 2 2 2 2 2 2 2 2 2 2 2 2 2 2 2 2 2 2
left_child=1 2 12 4 13 -2 7 8 -5 -8 -11 -4 15 14 -3 17 -17 -1 19 20 25 -22 23 -21 -24 -7 -20 29 -29 -28
right_child=5 3 11 6 -6 18 9 -9 -10 10 -12 -13 -14 -15 -16 16 -18 -19 26 22 21 -23 24 -25 -26 -27 27 28 -30 -31
leaf_value=-0.0026442793014255497 0.076495135334778211 -0.0068807930470885306 0.044826448577326955 -0.0074864652014536882 -0.059114772429197798 -0.00046148866781535442 0.032259880477507684 0.07463283287470765 0.047263222975584003 -0.087292817397917777 -0.018304513279692829 -0.026684620100982017 -0.022753013363342036 0.047458110125818118 -0.050869083379639718 -0.046458718738499043 0.027865106306068522 -0.067153880659643742 0.038717618683265911 0.076043634564376003 0.0095022199503157212 -0.048573941382307619 -0.022553041547283437 0.01502155400814062 0.010979725341253882 0.02372033639642554 -0.053098478333867577 0.014624693276035617 -0.031832267554993472 -0.0012278097906756476
leaf_weight=165.15710397064686 4.8719104230403891 34.857260927557945 29.141431793570518 88.720880106091499 26.527789175510406 395.76511785387993 6.9294393062591544 6.0919087082147589 9.7671223133802396 9.4410676807165128 34.42155584692955 5.2989397644996634 50.390712842345238 4.755603313446044 18.15015672147274 5.396145597100257 39.970962092280388 5.179399922490119 7.6203682571649543 10.127567142248152 11.312019065022467 28.39532645046711 39.053101077675819 183.41195073723793 65.153306975960732 43.828123956918716 27.186100736260414 45.395229041576385 18.077969461679459 11.775300398468969
leaf_count=683 21 144 123 366 108 1641 29 26 41 38 142 22 207 20 74 22 167 21 32 43 47 116 161 766 272 185 111 190 75 49
internal_value=-0.000806739 -0.00632877 0.00022494 -0.0145646 -0.0298322 0.00253224 -0.00623573 0.00251736 -0.00196375 -0.024326 -0.0334322 0.0336337 -0.00409136 -0.0162187 -0.0221043 0.000253562 0.018832 -0.0046734 0.00211183 0.00380421 -0.00085813 -0.031921 0.011324 0.0182782 -0.00154888 0.00194295 -0.00978448 -0.0134757 0.00128526 -0.0375929
internal_weight=1432.17 540.197 300.535 239.663 84.2908 891.973 155.372 104.58 98.488 50.7921 43.8626 34.4404 266.094 57.763 53.0074 215.704 45.3671 170.337 887.101 777.047 479.301 39.7073 297.746 193.54 104.206 439.593 110.055 102.435 63.4732 38.9614
internal_count=5942 2233 1245 988 346 3709 642 433 407 209 180 145 1100 238 218 893 189 704 3688 3231 1989 163 1242 809 433 1826 457 425 265 160
is_linear=0
shrinkage=0.05


Tree=14
num_leaves=31
num_cat=0
split_feature=20 29 20 0 53 10 49 19 0 50 9 14 11 24 54 49 59 52 59 4 24 52 52 52 52 19 54 10 20 24
split_gain=9.55776 13.2142 16.6511 10.9549 12.3575 11.2778 10.5805 10.5675 10.9794 12.0321 9.54298 9.0664 15.9673 10.8915 7.72161 8.01026 7.69633 7.32786 10.0651 6.85791 6.63912 11.3142 10.9872 9.03621 8.47108 8.88666 6.2793 6.27588 15.0656 9.61189
threshold=30.500000000000004 1.7500000000000002 30.900000000000002 15.633333333333335 3.1500000000000008 4.7000000000000002 23.150000000000002 20.831938295517435 12.700000000000001 13.900000000000002 7.6480331262939965 1.1414285714285717 1.1214285714285717 14.500000000000002 3.5000000000000004 17.350000000000005 35.500000000000007 3.5000000000000004 107.50000000000001 20.013986697965574 9.1000000000000014 5.9000000000000012 4.7000000000000002 6.9000000000000012 5.7000000000000002 18.936247947454849 2.1000000000000005 2.1000000000000005 33.500000000000007 8.1000000000000014
decision_type=2 2 2 2 2 2 2 2 2 2 2 2 2 2 2 2 2 2 2 2 2 2 2 2 2 2 2 2 2 2
left_child=7 2 -2 4 -4 -6 16 10 9 14 20 -10 -13 -14 15 -9 -3 18 -5 -8 21 22 -1 -23 25 -22 -12 28 -18 -29
right_child=1 6 3 17 5 -7 19 8 11 -11 26 12 13 -15 -16 -17 27 -19 -20 -21 24 23 -24 -25 -26 -27 -28 29 -30 -31
leaf_value=0.0059307296530007126 0.079293155631926182 0.040305561028780405 0.041092774683985256 0.061997803527959909 -0.019373005050306036 0.036114717461498753 -2.7660963685503636e-05 -0.0085329167977067806 0.052826740497278118 -0.06788955972000689 0.0015818944624377898 -0.091534778042551126 0.0041604864588542694 -0.025395542809560991 0.034470334787245628 -0.044869598618822157 -0.0064780698033278274 0.057009696752812769 -0.028826497849515811 0.070678179701801347 -0.017720974692563157 0.067904692611247555 -0.024669228736668367 -0.0077937865933319778 -0.053914907424041127 0.019581793265803355 0.070628009163933803 -0.049110596204280522 0.035359347507998608 -0.0022335640494657396
leaf_weight=143.34636962413788 10.092200398445128 11.145260468125342 15.676697239279745 4.9528286159038561 47.729789942502975 11.18615874648094 5.4511517733335486 35.352031260728836 6.1795934736728659 15.69726639986038 5.9923183619976026 5.471337988972663 98.178836986422539 45.426651284098625 5.9530877023935309 27.116152197122574 50.59231872856617 18.551383465528488 7.5460433065891266 8.544501915574072 56.36006298661232 11.340821087360384 36.770891129970551 5.816539153456687 11.032860681414602 22.068145006895065 7.6581963449716568 11.036434978246687 37.11668074131012 651.93848083913326
leaf_count=595 43 47 66 21 197 47 23 146 26 64 25 22 407 187 25 111 209 79 31 38 232 48 151 24 45 92 33 45 157 2706
internal_value=-0.000767198 0.00240786 0.0181606 0.0122038 0.00173107 -0.00870969 4.94289e-05 -0.00602039 -0.0138554 -0.0284083 0.000209192 -0.00592526 -0.00842797 -0.00516533 -0.0191916 -0.0244323 -0.000738219 0.0371158 0.00697329 0.0429795 -0.00172476 0.00337905 -0.000298722 0.0420559 -0.0130264 -0.00714947 0.0409136 -0.00135954 0.0111898 -0.00302875
internal_weight=1431.32 891.56 115.735 105.643 74.5926 58.9159 775.825 539.761 239.375 84.1185 300.386 155.256 149.077 143.605 68.4213 62.4682 761.829 31.0503 12.4989 13.9957 286.736 197.275 180.117 17.1574 89.4611 78.4282 13.6505 750.684 87.709 662.975
internal_count=5942 3709 484 441 310 244 3225 2233 988 346 1245 642 616 594 282 257 3164 131 52 61 1187 818 746 72 369 324 58 3117 366 2751
is_linear=0
shrinkage=0.05


Tree=15
num_leaves=15
num_cat=0
split_feature=50 20 16 19 10 49 29 9 54 28 15 53 59 56
split_gain=8.13814 6.7958 13.7822 10.1555 10.1364 9.94634 11.7944 8.49594 8.39204 8.22825 11.9356 16.4854 10.2359 4.01215
threshold=19.900000000000002 29.900000000000002 13.15 11.662325174825176 6.5000000000000009 22.650000000000002 1.1055555555555558 7.2125718390804607 2.1000000000000005 6.7000000000000002 24.900000000000002 3.7500000000000004 74.500000000000014 2.5000000000000004
decision_type=2 2 2 2 2 2 2 2 2 2 2 2 2 2
left_child=1 4 -3 8 9 6 -5 -7 -4 10 12 -12 -1 -6
right_child=-2 2 3 5 13 7 -8 -9 -10 -11 11 -13 -14 -15
leaf_value=0.0084572485212428342 0.051974461269076511 0.078000134939592389 -0.089102532506452073 0.023091672420221896 -0.066573004342418474 0.048065417976011486 -0.0019408734298376829 -0.020910341842073084 -0.0047355243528473803 -0.066673495924298609 0.048516074613898161 -0.00219064654405617 -0.012547987247524274 -0.013896353862492682
leaf_weight=70.913233190774918 6.8363700807094565 5.5529173463582984 5.7240671515464765 49.679432183504105 9.6308478713035566 18.671695336699489 856.6836773455143 5.6791663765907279 6.2613737881183624 5.3953077644109717 22.802925810217857 52.818416938185692 311.08547429740429 6.2889844477176657
leaf_count=295 29 24 23 208 39 81 3556 24 26 22 96 219 1285 26
internal_value=-0.00202322 -0.002289 0.000158034 -0.000303412 -0.00714337 0.000282556 -0.000560881 0.0317545 -0.0458455 -0.00577681 -0.00503351 0.0130774 -0.00863435 -0.0462923
internal_weight=1434.02 1427.19 948.252 942.699 478.935 930.714 906.363 24.3509 11.9854 463.015 457.62 75.6213 381.999 15.9198
internal_count=5953 5924 3942 3918 1982 3869 3764 105 49 1917 1895 315 1580 65
is_linear=0
shrinkage=0.05


Tree=16
num_leaves=13
num_cat=0
split_feature=50 15 58 0 5 9 10 14 5 48 50 11
split_gain=7.37335 6.33473 14.1158 9.05346 6.34781 13.0122 11.4894 9.23125 10.639 8.19891 8.17235 4.04212
threshold=19.900000000000002 9.9000000000000021 7.0000000000000009 5.7000000000000002 3.9000000000000004 4.7591553060678971 5.5000000000000009 9.2140533506831499 4.9000000000000012 26.900000000000002 16.300000000000001 2.2500000000000004
decision_type=2 2 2 2 2 2 2 2 2 2 2 2
left_child=1 2 -1 11 5 9 -7 10 -9 -5 -6 -3
right_child=-2 3 -4 4 7 6 -8 8 -10 -11 -12 -13
leaf_value=-0.026917638092682057 0.049536334054211782 -0.063536780324525075 0.079505825853895817 -0.0061880348536718774 0.00045501278416592433 -0.071164222322554135 0.0018300737672826959 0.0020655622324767153 0.091250714226931456 0.045110467852386885 -0.022611897298093681 -0.0076485350493546494
leaf_weight=5.3667008727788907 6.8195312172174445 8.5965784639120084 7.040307804942131 381.49378724396229 934.5233566313982 14.298332154750826 8.3997233361005765 7.9428199827671033 5.834755152463913 7.8320910036563864 39.933133393526077 5.5510225594043723
leaf_count=22 29 35 30 1579 3885 58 35 33 25 33 166 23
internal_value=-0.00192284 -0.00217575 0.033225 -0.00249215 -0.00208474 -0.00729777 -0.0440428 8.41862e-05 0.0405808 -0.0051319 -0.00048736 -0.0421667
internal_weight=1433.63 1426.81 12.407 1414.41 1400.26 412.024 22.6981 988.234 13.7776 389.326 974.456 14.1476
internal_count=5953 5924 52 5872 5814 1705 93 4109 58 1612 4051 58
is_linear=0
shrinkage=0.05


Tree=17
num_leaves=14
num_cat=0
split_feature=50 20 16 59 10 49 19 51 6 19 15 49 16
split_gain=6.68721 6.01947 12.6324 9.25571 9.19664 9.13498 8.75793 7.7686 8.38961 11.73 8.0765 4.45215 3.2918
threshold=19.900000000000002 29.900000000000002 13.15 13.500000000000002 6.5000000000000009 23.150000000000002 11.662325174825176 14.65 7.4500000000000011 20.919903810580838 9.9000000000000021 23.450000000000003 23.850000000000005
decision_type=2 2 2 2 2 2 2 2 2 2 2 2 2
left_child=1 4 -3 -4 7 6 -5 8 10 -10 -1 -7 -6
right_child=-2 2 3 5 12 11 -8 -9 9 -11 -12 -13 -14
leaf_value=0.03167665629086007 0.04726554750674599 0.07514058529657984 0.06055686020739514 -0.04358519265414617 -0.063035117651134523 0.079267741270930281 -0.00069695883006977606 -0.057841392662526261 0.03532423604179305 -0.0035889051164634256 -0.0091932329012770764 0.019405567048297892 -0.015356972464304022
leaf_weight=12.364953145384787 6.7952112555503836 5.4958493411540976 6.1247027814388266 11.968337371945379 9.3553898036479932 4.4474332630634299 908.73656149208546 6.8559270650148383 29.041021168231964 57.133080393075943 357.36972251534462 11.248513594269751 6.5271664410829535
leaf_count=52 29 24 26 49 38 20 3774 28 123 237 1477 49 27
internal_value=-0.00182623 -0.00206685 0.00023593 -0.000203458 -0.00663734 -0.000612635 -0.00126457 -0.00533593 -0.00452288 0.00949277 -0.00780472 0.0370784 -0.0439726
internal_weight=1433.46 1426.67 948.021 942.526 478.647 936.401 920.705 462.765 455.909 86.1741 369.735 15.6959 15.8826
internal_count=5953 5924 3942 3918 1982 3892 3823 1917 1889 360 1529 69 65
is_linear=0
shrinkage=0.05


Tree=18
num_leaves=18
num_cat=0
split_feature=50 16 19 16 48 20 20 20 52 52 59 19 29 16 49 59 16
split_gain=6.0705 5.65201 18.6009 14.193 9.42428 9.28565 8.03916 7.99417 7.94599 8.55558 9.8704 7.80748 7.6008 8.17137 6.91538 6.30258 5.43487
threshold=19.900000000000002 26.450000000000003 31.718303650149888 27.050000000000004 12.700000000000001 31.100000000000005 29.100000000000005 38.100000000000009 7.3000000000000016 6.5000000000000009 153.50000000000003 39.045548654244314 4.4500000000000011 26.350000000000005 17.050000000000004 92.500000000000014 25.150000000000002
decision_type=2 2 2 2 2 2 2 2 2 2 2 2 2 2 2 2 2
left_child=1 2 7 4 -3 6 -6 12 9 11 -11 -5 13 -1 -7 -10 -14
right_child=-2 3 -4 8 5 14 -8 -9 15 10 -12 -13 16 -15 -16 -17 -18
leaf_value=-0.0022901339688333106 0.045142093857595919 0.093672214105339102 -0.09214536170684029 0.0027099711485561485 0.029703631625333449 0.0066608893504823217 -0.055245049577204233 -0.0566614870144794 -0.0035860604887424929 -0.052821643116613338 0.017964188913799257 -0.012021107853055239 -0.012209929589183153 -0.06341884754438365 0.073496927389233052 0.067536162262805219 -0.061677418104094196
leaf_weight=706.73211939632893 6.7645850032567969 5.3820776939392081 5.9733606129884711 499.45702804625034 5.2234770506620425 6.9817419946193722 5.6665822565555573 7.115070551633834 5.0231541991233808 15.8552353233099 6.934277042746543 109.59336404502392 14.989823907613756 5.4172846972942343 9.1748850494623166 7.5474612414836884 9.1100846081972104
leaf_count=2932 29 23 24 2079 22 29 23 29 21 65 29 455 62 22 39 33 37
internal_value=-0.0017346 -0.0019636 -0.00495623 0.00134245 0.0335677 0.0211222 -0.0141445 -0.00423659 -0.000276425 -0.00107014 -0.0310805 4.94941e-05 -0.00371555 -0.002771 0.0451414 0.0389175 -0.0312935
internal_weight=1432.94 1426.18 749.338 676.839 32.4288 27.0467 10.8901 743.364 644.411 631.84 22.7895 609.05 736.249 712.149 16.1566 12.5706 24.0999
internal_count=5953 5924 3106 2818 136 113 45 3082 2682 2628 94 2534 3053 2954 68 54 99
is_linear=0
shrinkage=0.05


Tree=19
num_leaves=27
num_cat=0
split_feature=50 20 54 50 14 14 48 55 52 21 28 0 25 24 15 55 48 50 0 52 24 25 15 9 21 55
split_gain=5.51522 5.36831 9.45057 18.4252 10.8194 13.6291 8.75782 9.18617 8.91712 8.22439 8.19422 8.42761 14.2192 7.88937 9.62142 7.84044 7.52474 6.3524 11.9597 9.99902 12.5547 10.0985 8.92674 7.63174 4.37624 2.24113
threshold=19.900000000000002 34.100000000000009 3.5000000000000004 12.100000000000001 3.5458041958041959 4.7540036604895919 9.5000000000000018 2.0500000000000003 3.9000000000000004 34.850000000000001 8.9000000000000021 25.700000000000006 15.550000000000002 16.900000000000002 24.633333333333336 2.6500000000000008 15.900000000000002 5.1000000000000005 11.500000000000002 2.7000000000000006 9.5000000000000018 13.750000000000002 27.900000000000002 3.7781746031746035 35.45000000000001 2.6500000000000008
decision_type=2 2 2 2 2 2 2 2 2 2 2 2 2 2 2 2 2 2 2 2 2 2 2 2 2 2
left_child=1 9 3 6 15 -6 7 -3 -8 17 11 12 -4 14 -11 -5 -15 18 23 20 -19 -21 -20 -1 -13 -16
right_child=-2 2 10 4 5 -7 8 -9 -10 13 -12 24 -14 16 25 -17 -18 19 22 21 -22 -23 -24 -25 -26 -27
leaf_value=-0.089286223549427016 0.043149231937442259 0.050221157450118709 -0.035056944795646548 0.027532370123614563 -0.019280466198203113 0.030209659355192514 -0.011678666418189052 -0.010448067740905518 0.0069627208253288707 0.0056327807704442401 0.040811677490945393 -0.018605970810444194 0.014921395159031884 0.043706266201204179 -0.08914450299287692 0.08085118825603077 -0.034341403497558307 0.026823191565376599 0.013054566105850804 -0.0081129010223503877 -0.0028913295226829965 0.004829064705826773 -0.041994569241208389 -0.012630039034550476 -0.071750552561273259 -0.043532917890392847
leaf_weight=8.4619961082935315 6.7286888211965552 16.263774588704113 26.667973667383194 16.63763386011124 20.759725898504257 41.234837263822556 139.92832933366299 9.844448193907736 117.99248412251472 5.4911374598741594 6.3582407236099234 7.2455921769142178 30.145634785294533 5.6999022215604764 8.1447771638631803 12.419502839446066 6.4906924366950989 62.108972564339638 22.789161294698715 539.32360684871674 82.296044439077377 208.58415096998215 10.726446896791456 5.5591845363378516 9.3379704803228361 5.351817473769187
leaf_count=34 29 69 110 70 86 174 579 41 492 23 27 30 127 24 33 54 27 260 95 2233 341 868 44 23 38 22
internal_value=-0.00164859 -0.00186651 0.00260916 0.00594214 0.0255022 0.0135523 -0.000317432 0.0272017 -0.00313191 -0.00396815 -0.0129907 -0.0177687 -0.00847067 -0.0292106 -0.0492891 0.0506923 0.00180288 -0.00312242 -0.0209248 -0.00216619 0.00986408 -0.00449667 -0.00448732 -0.059552 -0.0490813 -0.071879
internal_weight=1432.59 1425.86 454.836 375.081 91.0517 61.9946 284.029 26.1082 257.921 971.028 79.7554 73.3972 56.8136 31.1783 18.9877 29.0571 12.1906 939.85 47.5368 892.313 144.405 747.908 33.5156 14.0212 16.5836 13.4966
internal_count=5953 5924 1897 1565 384 260 1181 110 1071 4027 332 305 237 129 78 124 51 3898 196 3702 601 3101 139 57 68 55
is_linear=0
shrinkage=0.05


Tree=20
num_leaves=13
num_cat=0
split_feature=5 9 6 6 4 58 4 9 15 14 20 48
split_gain=6.43015 9.52546 6.45961 6.15727 6.83183 10.8209 6.13105 7.87103 6.84165 5.5715 8.03286 4.05653
threshold=13.300000000000002 11.553460011344301 13.950000000000001 12.15 31.310651881720435 31.000000000000004 29.814611314611319 5.2215795634510789 42.900000000000006 6.0786914235190102 33.70000000000001 14.300000000000002
decision_type=2 2 2 2 2 2 2 2 2 2 2 2
left_child=3 -2 -3 4 5 6 8 -8 -1 10 11 -5
right_child=1 2 -4 9 -6 -7 7 -9 -10 -11 -12 -13
leaf_value=-0.0010123564403201727 0.0676348888687546 -0.026456966988045318 0.040293207258634361 -0.069196098500329012 -0.04605099829885502 0.054092898247720157 -0.082123545232611589 -0.0020952594310456049 0.024144802890326097 -0.062104525718186414 0.030447505850286744 -0.0064615339892996468
leaf_weight=1308.3570069521666 8.3614911437034625 8.6876702606677991 6.0629526525735846 5.1436435580253654 8.1694080680608732 8.9280897080898267 5.1740527749061567 7.6936806589365005 27.487694039940834 7.3552331924438468 7.1119957417249671 5.4939420819282532
leaf_count=5437 36 36 26 21 34 38 21 32 116 30 30 23
internal_value=-0.000752915 0.0253369 0.000729264 -0.00119182 -0.000736094 -0.000456364 -0.000825155 -0.035045 -0.000489186 -0.0256856 -0.0100505 -0.0376235
internal_weight=1414.03 23.1121 14.7506 1390.91 1365.81 1357.64 1348.71 12.8677 1335.84 25.1048 17.7496 10.6376
internal_count=5880 98 62 5782 5678 5644 5606 53 5553 104 74 44
is_linear=0
shrinkage=0.05


Tree=21
num_leaves=16
num_cat=0
split_feature=52 4 29 25 10 58 25 55 6 20 11 11 54 28 4
split_gain=5.98133 5.3232 8.3477 14.0421 7.25461 9.16137 7.59085 5.80972 8.77117 9.06083 7.10652 7.80299 6.75339 3.88963 3.57211
threshold=7.9000000000000012 29.814611314611319 8.6500000000000004 18.750000000000004 5.3000000000000016 30.000000000000004 20.250000000000004 2.9500000000000006 1.7500000000000002 25.500000000000004 1.0500000000000003 1.2500000000000002 4.5000000000000009 3.7000000000000006 9.6397569444444464
decision_type=2 2 2 2 2 2 2 2 2 2 2 2 2 2 2
left_child=1 2 7 -4 -3 -6 -7 8 9 -1 14 -12 -10 -2 -9
right_child=13 4 3 -5 5 6 -8 10 12 -11 11 -13 -14 -15 -16
leaf_value=-0.0032998200726676234 0.0086078878036482849 0.018447422166466006 -0.011414863065510962 0.0798301593083518 -0.080630795005095582 0.024293351714446933 -0.044268924172807145 -0.011503143292179234 0.00080435781530557935 -0.092575761501020787 0.045881309999682041 -0.0070702813574858928 0.042979600521890975 0.067645773413435861 -0.069575428269296372
leaf_weight=6.7461237758398038 6.7012730389833433 8.3022769242525118 8.1859591752290743 8.3733174353837949 7.531493782997134 7.1436030864715603 8.8931553214788419 4.8324013948440534 1047.2326408773661 4.9803771823644638 7.0234689414501181 266.68380606174469 9.4854516386985761 5.0235253125429153 6.6156879812479019
leaf_count=28 28 35 34 36 31 30 37 20 4353 20 30 1109 40 22 27
internal_value=-0.000716054 -0.00101811 -0.000543726 0.0346259 -0.0211907 -0.0353841 -0.0134566 -0.000980194 0.000707971 -0.0421013 -0.00732112 -0.00567699 0.0011917 0.0346838 -0.0458071
internal_weight=1413.75 1402.03 1370.16 16.5593 31.8705 23.5683 16.0368 1353.6 1068.44 11.7265 285.155 273.707 1056.72 11.7248 11.4481
internal_count=5880 5830 5697 70 133 98 67 5627 4441 48 1186 1139 4393 50 47
is_linear=0
shrinkage=0.05


Tree=22
num_leaves=26
num_cat=0
split_feature=51 49 5 51 9 19 4 15 55 5 9 1 0 11 4 10 52 6 11 15 15 54 52 5 25
split_gain=7.92344 8.99268 7.91669 8.47766 8.74514 8.65016 7.1582 13.2078 7.08641 6.5714 8.51993 7.58 11.5272 9.40715 9.31293 9.11855 7.83025 7.2519 6.38764 6.34635 5.31455 5.30541 4.40315 4.2098 3.65412
threshold=7.1500000000000012 12.15 2.5000000000000004 6.4500000000000011 7.8497311827956997 18.137994692511828 12.120767279644896 33.500000000000007 1.7500000000000002 13.300000000000002 11.553460011344301 9.0500000000000025 6.7000000000000002 0.95000000000000007 8.4280835676978718 0.50000000000000011 3.9000000000000004 13.950000000000001 4.4500000000000011 17.100000000000005 20.300000000000001 1.5000000000000002 3.5000000000000004 5.1000000000000005 12.633333333333335
decision_type=2 2 2 2 2 2 2 2 2 2 2 2 2 2 2 2 2 2 2 2 2 2 2 2 2
left_child=2 8 -1 6 5 -5 -4 24 21 11 -11 12 14 15 -3 -13 -15 -12 20 -14 -10 23 -7 -2 -8
right_child=1 9 3 4 -6 22 7 -9 18 10 17 13 19 16 -16 -17 -18 -19 -20 -21 -22 -23 -24 -25 -26
leaf_value=0.064146578563760256 -0.052713589247772308 -0.031710944075440846 -0.048955466380156451 0.061922569984009891 0.072671108788648769 0.015554035637285536 0.013742518646231756 -0.041726250156898903 -0.013999805394769521 0.068780489072992612 -0.028145805972439084 0.020311073696942527 0.0098247849437539878 -0.0065667580321650586 0.020676612591362786 -0.052979824741765658 0.001761015777202632 0.047998867965103775 -0.04490783183618257 0.037524027253980241 0.05842249090471701 -0.076214105944793387 -0.033604281920632299 0.011325038963349437 0.07188676496413697
leaf_weight=7.5098467320203772 5.1383044868707675 24.017502322793007 8.3085422068834323 6.3583348989486721 7.9040305167436591 10.542654797434809 6.2148064225912112 8.2118720859289152 4.8380477726459485 7.6015430390834835 7.7402975112199766 5.4914004951715496 58.969915866851807 509.73135904967785 12.886812984943388 16.805469840764999 630.89056341350079 5.0919099897146225 5.3693246543407431 32.451085016131401 4.9630366712808609 8.6684331297874433 7.8009417206048957 4.7744598686695099 5.1638741940259933
leaf_count=32 21 99 34 27 34 44 26 34 20 33 32 23 246 2112 54 69 2629 22 22 137 21 35 32 20 22
internal_value=-0.000680374 -0.00152595 0.0159506 0.00979004 0.0271085 0.0120937 -0.0102962 0.00601105 -0.0269753 -0.00086528 0.027187 -0.00131515 0.0102046 -0.00259139 -0.0132759 -0.034696 -0.00195644 0.00181982 -0.00124109 0.0197419 0.0223878 -0.0475989 -0.00514917 -0.0215651 0.0409615
internal_weight=1413.44 1345.43 68.0149 60.5051 32.606 24.7019 27.8991 19.5906 33.7516 1311.68 20.4338 1291.24 128.325 1162.92 36.9043 22.2969 1140.62 12.8322 15.1704 91.421 9.80108 18.5812 18.3436 9.91276 11.3787
internal_count=5880 5595 285 253 137 103 116 82 139 5456 87 5369 536 4833 153 92 4741 54 63 383 41 76 76 41 48
is_linear=0
shrinkage=0.05


Tree=23
num_leaves=26
num_cat=0
split_feature=51 49 59 21 11 5 59 5 9 1 21 4 11 29 48 10 51 15 15 9 1 48 21 20 59
split_gain=7.18928 8.14195 9.3564 9.35428 8.41654 7.21134 8.33281 5.9747 7.79076 6.84891 10.6932 9.55786 9.29465 7.75721 7.64936 6.6317 5.72864 11.4603 14.1889 5.78862 8.83837 4.95643 4.84904 11.3865 0.837844
threshold=7.1500000000000012 12.15 123.50000000000001 30.350000000000005 4.3500000000000005 2.5000000000000004 168.50000000000003 13.300000000000002 11.553460011344301 9.0500000000000025 23.350000000000005 11.04736973323361 1.4142857142857144 2.2500000000000004 17.700000000000006 2.9000000000000004 6.1500000000000012 32.300000000000004 23.300000000000001 7.8497311827956997 20.950000000000003 15.900000000000002 28.150000000000002 32.100000000000009 121.50000000000001
decision_type=2 2 2 2 2 2 2 2 2 2 2 2 2 2 2 2 2 2 2 2 2 2 2 2 2
left_child=5 2 22 -4 -5 -1 16 9 -9 11 13 12 -3 -11 -12 -13 17 18 -7 20 -18 -10 -2 -24 -21
right_child=1 7 3 4 -6 6 -8 8 21 10 14 15 -14 -15 -16 -17 19 -19 -20 24 -22 -23 23 -25 -26
leaf_value=0.061381142240831479 -0.085930761488886592 0.02580743432361925 0.052626647757829562 -0.066047430928838663 0.020925446753792942 -0.040673241573988939 -0.05074993108817049 0.066002921047445401 0.042395801289818187 -0.050898636077765985 -0.0055567967378579441 0.023426282184842176 -0.0055791764098813311 0.0045896007069390257 0.0026659658248042867 0.091198690301138655 0.029999077840712308 -0.0732275463571017 0.077181945442861777 0.075984346460880134 -0.030582038147570781 -0.02154565370605422 0.026541207745938284 -0.075830802695256494 0.040703968339774119
leaf_weight=7.4614862054586402 6.4408866465091732 33.990899637341499 5.6791775375604656 5.9066826403141004 4.9933355897665024 4.8760949373245221 5.1374428719282141 7.5313294976949718 4.701559215784072 19.084912732243541 603.03739441931248 13.070998638868334 76.039873570203781 9.1193017512559873 531.60071915388107 5.1294540315866461 22.842402398586277 4.893945410847663 5.0990602821111679 4.6184919476509076 8.0019624978303892 8.0839230418205243 4.7948052138090116 5.9030522257089615 4.8936181664466858
leaf_count=32 26 143 24 24 21 20 21 33 20 78 2499 55 316 38 2218 22 96 20 22 20 33 34 20 24 21
internal_value=-0.000644981 -0.00144971 -0.0256779 0.000838956 -0.0259223 0.0152196 0.00933882 -0.000821045 0.0260045 -0.00124904 -0.00246202 0.0097051 0.00408606 -0.0328281 -0.00169997 0.0431938 0.0151007 -0.0111439 0.0192433 0.0248976 0.0140729 0.00172582 -0.0514751 -0.0296635 0.0589664
internal_weight=1412.93 1345.11 33.7179 16.5792 10.9 67.8245 60.363 1311.39 20.3168 1291.07 1162.84 128.231 110.031 28.2042 1134.64 18.2005 55.2256 14.8691 9.97516 40.3565 30.8444 12.7855 17.1387 10.6979 9.51211
internal_count=5880 5595 139 69 45 285 253 5456 87 5369 4833 536 459 116 4717 77 232 62 42 170 129 54 70 44 41
is_linear=0
shrinkage=0.05


Tree=24
num_leaves=29
num_cat=0
split_feature=51 49 59 21 11 5 59 10 14 20 15 11 11 48 51 16 49 6 48 51 15 15 9 4 21 20 14 4
split_gain=6.5181 7.37239 8.49252 8.46514 7.62728 6.5859 7.55451 5.8004 14.7599 12.0767 15.516 10.7851 9.05203 9.51079 11.9513 9.48455 9.29091 13.6419 12.0326 5.1943 10.4264 12.9515 5.47958 5.8977 4.44781 10.3085 3.76883 1.48769
threshold=7.1500000000000012 12.15 123.50000000000001 30.350000000000005 4.3500000000000005 2.5000000000000004 168.50000000000003 5.1000000000000005 2.9783944243675795 30.100000000000005 28.300000000000001 6.9500000000000011 2.9500000000000006 12.900000000000002 9.5500000000000025 26.450000000000003 20.650000000000002 3.2500000000000004 24.900000000000002 6.1500000000000012 32.300000000000004 23.300000000000001 4.4676190476190483 10.438255872063969 28.150000000000002 32.100000000000009 1.9973262032085564 11.17979797979798
decision_type=2 2 2 2 2 2 2 2 2 2 2 2 2 2 2 2 2 2 2 2 2 2 2 2 2 2 2 2
left_child=5 2 24 -4 -5 -1 19 12 27 10 -10 -11 13 14 -3 -15 18 -18 -14 20 21 -7 23 -21 -2 -26 -24 -9
right_child=1 7 3 4 -6 6 -8 8 9 11 -12 -13 16 15 -16 -17 17 -19 -20 22 -22 -23 26 -25 25 -27 -28 -29
leaf_value=0.058831183435479488 -0.082225207539848147 0.0021904753401973181 0.050130569025483677 -0.062897682078326009 0.019896745861687267 -0.038700536434055119 -0.04834585391297419 0.081707299985075366 -0.0023964098140625573 0.013502128371135728 -0.065812302728573455 -0.0055447326027936008 -0.0032542955672837785 0.0012384600110643997 -0.035707128991989544 0.02130473323637877 -0.086315396181664061 -0.016653369395582259 -0.041648868215323917 0.044725165653112013 -0.070061069581168714 0.07418721632232643 0.066493383135871317 -0.017955637318423014 0.025239288867829779 -0.072153971787451684 0.023571947779409571 0.039055116732454202
leaf_weight=7.4014914333820334 6.4000662416219738 48.823536261916161 5.6690657883882549 5.8975424319505674 4.994071751832962 4.873561277985571 5.1284456700086585 5.5885481238365156 33.74370764195919 197.17810526490211 13.511757671833037 118.72697223722935 342.83643545210361 366.96043998003006 35.843025788664818 70.204740226268768 8.4061120152473432 42.938857942819595 21.642158418893814 5.4136822819709804 4.8646075874567023 5.045030802488327 8.3790116161108035 11.602366700768469 4.7951701283454877 5.8988027274608612 14.858245626091955 4.7067735493183136
leaf_count=32 26 203 24 24 21 20 21 24 140 827 55 494 1421 1527 147 296 34 179 89 23 20 22 36 48 20 24 63 20
internal_value=-0.000611394 -0.00137661 -0.0244536 0.000800116 -0.0246439 0.0145243 0.00890213 -0.00077862 0.00448503 0.00278832 -0.0207352 0.00632841 -0.00288065 0.00149666 -0.0138174 0.00447649 -0.00838496 -0.0283011 -0.00555862 0.0144053 -0.010657 0.0183874 0.0237371 0.00183903 -0.0490726 -0.0281904 0.0394816 0.063252
internal_weight=1412.33 1344.77 33.6547 16.5607 10.8916 67.5664 60.165 1311.11 373.456 363.161 47.2555 315.905 937.655 521.832 84.6666 437.165 415.824 51.345 364.479 55.0365 14.7832 9.91859 40.2533 17.016 17.094 10.694 23.2373 10.2953
internal_count=5880 5595 139 69 45 285 253 5456 1560 1516 195 1321 3896 2173 350 1823 1723 213 1510 232 62 42 170 71 70 44 99 44
is_linear=0
shrinkage=0.05


Tree=25
num_leaves=29
num_cat=0
split_feature=25 21 25 19 11 29 5 52 11 48 14 14 20 19 21 20 10 21 6 59 10 59 48 52 21 14 52 11
split_gain=7.36192 14.0163 10.6807 11.4289 9.23643 8.93926 7.76391 7.65097 10.2138 14.0168 9.4116 8.40043 7.45883 7.32085 7.28321 10.3037 7.87074 11.5023 11.9181 7.75196 7.05601 6.33531 5.86198 5.83751 4.64624 4.43589 3.20007 1.64347
threshold=8.4500000000000011 25.050000000000004 7.5500000000000007 21.135988620199154 0.95000000000000007 0.55000000000000016 6.9000000000000012 5.9000000000000012 1.4142857142857144 10.100000000000001 1.3004065040650408 1.8976975405546836 31.100000000000005 11.662325174825176 23.850000000000005 23.500000000000004 0.90000000000000013 27.750000000000004 2.9500000000000006 146.50000000000003 1.1000000000000003 146.50000000000003 9.3000000000000025 3.3000000000000003 28.887500000000003 1.8976975405546836 4.3000000000000016 2.3500000000000001
decision_type=2 2 2 2 2 2 2 2 2 2 2 2 2 2 2 2 2 2 2 2 2 2 2 2 2 2 2 2
left_child=2 6 3 7 -3 12 21 8 10 -10 -1 -9 -6 27 15 -4 -16 18 -18 -19 -5 25 -15 -22 -25 -2 -27 -7
right_child=1 4 14 20 5 13 -8 11 9 -11 -12 -13 -14 22 16 -17 17 19 -20 -21 23 -23 -24 24 -26 26 -28 -29
leaf_value=0.0045312859128385109 -0.023142315638799468 -0.050681946677000378 0.030033257134404502 0.023711025732928312 -0.067301465963414672 -0.020213426860695462 0.022030098141917139 -0.0010835105811473047 -0.06363176106208783 -0.0011784265102598374 0.050405298151458791 0.079856648990076773 0.0019883390705931333 0.015776482288843024 -0.033638900609428306 -0.065234503220218884 -0.00063959058295402337 0.0037358522885522663 0.072825239128443076 0.046718856935679204 -0.074951548844026925 -0.0011399310714825686 -0.00069338429762498728 -0.039194622580869615 0.016137550684545129 -0.084444497014743533 -0.033611361722685577 -0.06375421923776102
leaf_weight=34.361229673027992 8.4813565909862536 9.2481224685907346 5.4730565696954709 5.2456859350204494 9.0744061321020109 4.8309690505266172 5.4863729476928702 5.7802430689334852 10.046282753348349 80.113834276795387 16.696119531989098 6.7698860764503479 6.488631308078765 56.931154936552048 5.2790532559156409 5.6162531077861786 7.2413478046655682 40.98139263689518 21.430373594164848 14.153503835201262 7.8627122193574932 7.7077875286340705 1022.9637623131275 12.370872721076013 5.2357263863086692 11.155441597104074 5.0757507085800162 4.9225658625364304
leaf_count=144 35 38 23 22 37 20 23 24 41 333 71 29 27 239 22 23 30 171 91 60 32 32 4259 51 22 45 21 20
internal_value=-0.000423216 -0.00220526 0.00677163 -0.000340777 -0.00118221 -0.000758933 -0.0320693 0.0051983 0.00182295 -0.00825561 0.0196994 0.0424687 -0.0382653 -0.000215194 0.019907 -0.0179207 0.0246866 0.0284559 0.0541594 0.014925 -0.02816 -0.0414177 0.000171644 -0.03909 -0.0224597 -0.0537235 -0.0691575 -0.0431197
internal_weight=1437.02 1152.37 284.658 184.483 1114.46 1105.21 37.9067 153.768 141.217 90.1601 51.0573 12.5501 15.563 1089.65 100.175 11.0893 89.0857 83.8066 28.6717 55.1349 30.715 32.4203 1079.89 25.4693 17.6066 24.7125 16.2312 9.75353
internal_count=5985 4796 1189 769 4640 4602 156 642 589 374 215 53 64 4538 420 46 374 352 121 231 127 133 4498 105 73 101 66 40
is_linear=0
shrinkage=0.05


Tree=26
num_leaves=31
num_cat=0
split_feature=25 21 25 19 50 11 29 5 20 53 19 28 29 19 19 20 20 10 6 9 6 59 50 20 24 4 59 50 53 4
split_gain=6.65579 12.7162 9.65548 10.3483 10.8456 8.39052 8.09832 7.05751 6.80326 6.75974 10.4249 8.66774 10.8323 8.6904 6.6472 6.50418 8.04369 6.40776 6.05766 8.664 7.84198 5.76928 5.64676 4.69405 6.09081 4.39691 4.39228 3.89069 3.7346 3.29435
threshold=8.4500000000000011 25.050000000000004 7.5500000000000007 21.135988620199154 5.1000000000000005 0.95000000000000007 0.55000000000000016 6.9000000000000012 31.100000000000005 3.4500000000000006 16.157407407407412 1.3 1.4500000000000002 15.365641266486636 11.662325174825176 27.900000000000002 29.500000000000004 1.1000000000000003 2.8285714285714287 2.4581851663703334 7.2500000000000009 146.50000000000003 4.5000000000000009 30.100000000000005 5.9000000000000012 10.128131298589118 77.500000000000014 9.3000000000000025 3.0500000000000003 11.450071073205404
decision_type=2 2 2 2 2 2 2 2 2 2 2 2 2 2 2 2 2 2 2 2 2 2 2 2 2 2 2 2 2 2
left_child=2 7 3 4 -1 -3 8 21 -7 10 -4 15 25 -14 -8 29 -17 -5 19 -6 -20 26 -16 24 -19 -13 -2 -28 -12 -11
right_child=1 5 9 17 18 6 14 -9 -10 11 28 12 13 -15 22 16 -18 23 20 -21 -22 -23 -24 -25 -26 -27 27 -29 -30 -31
leaf_value=-0.049600842911234379 -0.020306878951638917 -0.048422930596438492 -0.0037063469055450774 0.022547982529293402 -0.0046953446087682829 -0.064329063008675441 -0.041141156434204879 0.020930798914757132 0.0018906294220334746 0.094663954330752739 0.042284132209676806 -0.0071450697782189741 0.073420380117097214 0.0025772250951343854 0.019644462054610821 -0.026068079554142365 0.044639250682580532 -0.0013190453535708848 -0.0058307319502828876 0.043350381255358464 0.025631398339997287 -0.0010836815198918286 -0.00050345951587368388 0.0029277904642221863 -0.06498262793205184 -0.070618919600246619 -0.089174907141482906 -0.037876686606802108 0.093122975281875131 0.033766854664640536
leaf_weight=8.4811894595622999 8.2323409914970416 9.2014235705137235 8.134552866220476 5.245603263378146 14.935623183846472 9.0248461961746198 9.7281841039657575 5.4909211099147788 6.4879516363143912 5.1523486822843569 9.1943017989397067 5.0820061564445478 4.9095196574926367 33.262117370963097 35.869786500930786 6.8015087246894863 9.3976448327302915 5.2622179836034837 79.728083863854408 24.292776346206665 26.206892073154449 7.7076689451932898 1044.0068816691637 5.4522884637117377 14.662857696413992 6.383820116519928 8.8851208537817019 7.4850874096155158 6.9970247894525519 4.7318243980407715
leaf_count=35 34 38 34 22 62 37 40 23 27 22 39 21 21 139 151 28 40 22 331 103 111 32 4347 23 60 26 36 31 30 20
internal_value=-0.000404053 -0.00209815 0.00644164 -0.000323175 0.00494346 -0.00112466 -0.000721974 -0.0305845 -0.0364789 0.018939 0.0418973 0.011452 -0.000726286 0.0119875 -0.000205011 0.0347329 0.0146669 -0.0268403 0.00819659 0.0249651 0.00192226 -0.0395311 0.000162912 -0.0372937 -0.0485093 -0.0432227 -0.0513206 -0.0663954 0.0649976 0.0666418
internal_weight=1436.43 1152.12 284.314 184.268 153.645 1114.32 1105.12 37.8011 15.5128 100.047 24.3259 75.7208 49.6375 38.1716 1089.6 26.0833 16.1992 30.623 145.163 39.2284 105.935 32.3102 1079.88 25.3774 19.9251 11.4658 24.6025 16.3702 16.1913 9.88417
internal_count=5985 4796 1189 769 642 4640 4602 156 64 420 103 317 207 160 4538 110 68 127 607 165 442 133 4498 105 82 47 101 67 69 42
is_linear=0
shrinkage=0.05


Tree=27
num_leaves=31
num_cat=0
split_feature=1 55 50 1 24 0 16 19 9 52 6 50 24 16 54 50 11 1 28 16 59 50 49 1 49 55 24 10 19 52
split_gain=6.13172 7.52373 9.56888 12.0362 13.1675 6.6591 6.4963 14.6297 11.6742 14.0159 9.75307 9.18264 9.1515 8.90049 8.26011 10.2704 9.01622 8.42506 11.1218 8.13061 8.93478 10.4082 9.74988 8.21803 10.6569 19.1725 7.82032 7.21931 7.19831 6.2864
threshold=8.9500000000000011 2.7500000000000004 9.1000000000000014 7.3166666666666673 6.3000000000000016 11.100000000000001 33.550000000000004 35.608668242710799 5.3234188412206995 5.3000000000000016 9.5500000000000025 6.9000000000000012 16.300000000000001 39.050000000000004 3.5000000000000004 17.300000000000001 7.1500000000000012 31.200000000000006 5.9000000000000012 32.250000000000007 153.50000000000003 8.3000000000000025 14.450000000000001 21.450000000000003 15.850000000000003 2.7500000000000004 22.700000000000006 9.7000000000000011 31.718303650149888 4.1000000000000005
decision_type=2 2 2 2 2 2 2 2 2 2 2 2 2 2 2 2 2 2 2 2 2 2 2 2 2 2 2 2 2 2
left_child=1 5 -3 4 -4 -1 19 8 12 11 -11 -10 -8 -14 17 16 -16 18 -9 23 21 22 -21 27 -25 -26 -19 28 -2 -5
right_child=6 2 3 29 -6 -7 7 14 9 10 -12 -13 13 -15 15 -17 -18 26 -20 20 -22 -23 -24 24 25 -27 -28 -29 -30 -31
leaf_value=-0.00042200498773436773 -0.0025722392069237928 0.072720008929246169 0.023759226745430941 0.089441436449793951 -0.083336950426056253 0.060281172539237517 -0.057224380874479223 -0.0088308983185406351 0.0066837514584997997 -0.029554550556053029 0.049931913477091021 0.055118744579195911 0.017767313776905928 -0.041342743785800232 -0.020529358288340908 0.033554755309633783 -0.083495214694276149 -0.046842692835938393 0.019679694255097621 -0.00025862174718838934 -0.060882341938581844 0.0019888043262281034 -0.094425135101031538 -0.028174994942891596 0.055610508463485399 -0.014134888105487246 0.020916277341272941 0.050390030361931216 -0.020463995088687497 0.019426844881968067
leaf_weight=90.776915922760963 812.8626139909029 9.3795273154973966 6.1636696904897708 4.8844874650239936 5.1421053856611252 4.6466961950063697 6.0897672325372687 67.060120135545731 13.137658059597014 13.238907322287561 5.311218634247779 41.671878561377525 37.245798587799072 7.5481973886489859 21.253066867589954 5.9018800407648078 7.8946859091520301 15.361590579152109 69.33944171667099 5.0525034815072996 11.561910092830656 34.413357764482498 6.2245245724916458 10.205565959215162 25.20723283290863 15.923927694559096 5.6928692758083335 6.0739515125751486 60.435611009597778 9.9440133273601514
leaf_count=380 3380 40 26 21 21 20 25 279 55 55 23 179 156 31 88 25 32 64 292 21 47 144 25 42 107 66 24 26 249 42
internal_value=-0.000384695 0.00992113 0.0295462 0.0136425 -0.0248156 0.00254163 -0.00142348 0.00479999 0.0181754 0.0309266 -0.00638242 0.0436334 -0.00013472 0.00762545 -0.00381159 -0.0257326 -0.0379818 0.00104958 0.00562978 -0.00342411 -0.021706 -0.011572 -0.0530478 -0.00229192 0.017118 0.0285185 -0.0282729 -0.00343255 -0.00381834 0.0432691
internal_weight=1435.65 130.937 35.5138 26.1343 11.3058 95.4236 1304.71 316.747 124.243 73.3597 18.5501 54.8095 50.8838 44.794 192.504 35.0496 29.1478 157.454 136.4 987.961 57.2523 45.6904 11.277 930.709 51.3367 41.1312 21.0545 879.372 873.298 14.8285
internal_count=5985 550 150 110 47 400 5435 1328 524 312 78 234 212 187 804 145 120 659 571 4107 237 190 46 3870 215 173 88 3655 3629 63
is_linear=0
shrinkage=0.05


Tree=28
num_leaves=31
num_cat=0
split_feature=1 1 55 54 20 11 59 20 51 5 16 19 6 59 48 1 48 1 49 14 1 19 49 5 54 11 4 55 58 16
split_gain=5.55275 7.02116 8.74262 9.80441 8.44139 8.42487 8.25948 7.69486 6.24893 11.5325 7.98718 14.5056 11.1996 8.06224 9.8268 8.06918 7.45411 17.7304 13.9212 12.1526 10.451 14.0513 9.51798 7.0566 5.85735 5.56905 5.15048 8.42691 4.84489 4.3439
threshold=8.9500000000000011 8.1500000000000004 2.1500000000000008 1.5000000000000002 29.500000000000004 4.7500000000000009 54.500000000000007 25.100000000000005 7.1500000000000012 2.7000000000000006 33.550000000000004 35.608668242710799 3.6333333333333337 87.500000000000014 17.100000000000005 29.350000000000005 17.700000000000006 15.950000000000001 23.150000000000002 2.8230550284629987 16.550000000000004 17.690602836879439 12.15 9.9000000000000021 0.70000000000000007 2.4500000000000006 10.509334076344388 1.6500000000000001 8.0000000000000018 15.65
decision_type=2 2 2 2 2 2 2 2 2 2 2 2 2 2 2 2 2 2 2 2 2 2 2 2 2 2 2 2 2 2
left_child=1 4 3 -3 5 6 28 -8 9 -2 16 12 -12 15 -15 -13 20 19 -19 -18 22 -22 -10 -14 -11 29 -26 -28 -1 -4
right_child=8 2 25 -5 -6 -7 7 -9 10 24 11 13 23 14 -16 -17 17 18 -20 -21 21 -23 -24 -25 26 -27 27 -29 -30 -31
leaf_value=0.0023793901650667245 0.071615301505312021 0.041557279892651698 0.090020285325242311 -0.037244042967654538 0.04187685413870694 -0.065247305901004846 0.0070689471093149069 -0.028536176703800594 -0.039717253783036907 -0.039868432467163616 -0.033980802579573567 -0.010835035090645784 0.017195967825827968 0.016405098723138899 -0.01061477812549759 -0.06157567129552155 0.00012102187848331689 0.0091365347919962689 0.075779843727410159 -0.022965426470705323 0.051631746600433848 -0.020551506725354229 -0.00097718122295647808 0.051488865868531387 0.047701279238834965 0.016113535196736348 0.02924621089582391 -0.015749197100351772 0.071268175450465709 0.031889737785669878
leaf_weight=4.7753838747739774 7.5372111648321143 7.0245123952627173 8.1253928393125552 8.73586258292198 11.353552788496016 5.1475470066070548 39.402392715215683 24.412975639104843 16.646883979439735 6.0660088658332816 9.2232712805271131 38.845356062054634 92.015091314911842 64.831498250365257 69.609947666525841 9.8660508841276151 153.59942024946213 176.0746543854475 8.1345093399286252 90.141542866826057 6.8716175109148017 181.40826290845871 305.01141519844532 18.162087023258209 8.2063661217689496 9.9248037040233594 18.776166811585426 22.985118612647057 5.8142853975296021 6.0966374725103369
leaf_count=20 33 30 35 36 49 21 165 101 69 25 38 162 388 272 290 41 640 734 37 373 29 747 1267 79 35 42 80 96 25 26
internal_value=-0.000365318 0.0094465 0.0269099 -0.0017659 0.00170412 -0.00401184 0.000239373 -0.00649713 -0.00135408 0.0139125 -0.00214156 0.00491355 0.0184727 -0.00390383 0.00238032 -0.0213196 -0.00442308 0.000431728 0.0121461 -0.00840234 -0.00850642 -0.0178645 -0.00300937 0.0229359 0.00594794 0.0457625 0.0116784 0.00438315 0.0409836 0.0658469
internal_weight=1434.83 130.813 39.9072 15.7604 90.9061 79.5526 74.405 63.8154 1304.01 63.5709 1240.44 302.553 119.4 183.153 134.441 48.7114 937.888 427.95 184.209 243.741 509.938 188.28 321.658 110.177 56.0337 24.1468 49.9677 41.7613 10.5897 14.222
internal_count=5985 550 169 66 381 332 311 266 5435 269 5166 1270 505 765 562 203 3896 1784 771 1013 2112 776 1336 467 236 103 211 176 45 61
is_linear=0
shrinkage=0.05


Tree=29
num_leaves=31
num_cat=0
split_feature=0 51 5 1 0 4 51 49 24 58 1 1 55 52 4 29 5 28 19 10 0 52 28 1 52 21 54 19 5 5
split_gain=5.19362 6.94019 10.6372 7.89918 8.08467 7.98943 7.40218 6.93083 6.65856 8.75379 8.40506 9.48584 10.6129 7.74268 12.6323 6.43745 13.4713 10.8375 6.42574 6.11269 5.90926 5.46206 5.32849 5.88604 5.88578 6.36829 6.01652 4.19241 3.65631 2.35587
threshold=8.9000000000000021 7.1500000000000012 2.7000000000000006 20.950000000000003 19.300000000000001 23.811910377358494 9.3500000000000032 12.15 8.9000000000000021 10.000000000000002 10.550000000000002 6.8500000000000005 2.4500000000000006 4.3000000000000016 11.003378378378381 4.9500000000000011 7.7000000000000002 5.1000000000000005 17.867295495202473 2.5000000000000004 9.3000000000000025 3.9000000000000004 2.5000000000000004 11.250000000000002 3.1000000000000005 32.95000000000001 1.3 16.157407407407412 4.1000000000000005 6.1000000000000005
decision_type=2 2 2 2 2 2 2 2 2 2 2 2 2 2 2 2 2 2 2 2 2 2 2 2 2 2 2 2 2 2
left_child=8 2 -2 5 6 7 -5 18 9 10 11 19 -13 27 -15 17 -17 -6 -3 -1 -9 -8 23 -4 26 -26 -24 -11 -25 -7
right_child=1 3 22 4 15 29 21 20 -10 13 -12 12 -14 14 -16 16 -18 -19 -20 -21 -22 -23 24 28 25 -27 -28 -29 -30 -31
leaf_value=0.00098222100586492283 0.069628079730428213 -0.074542785712111648 -0.013286320667000279 -0.020699600254273042 0.0044071600108648735 -0.064917615412207599 0.005754140137229356 -0.028114111930780006 -0.034532783786586689 0.016744825966954202 -0.052697204209546371 0.0014348552468983874 0.041936310905778179 0.051847020424115819 -0.056272548429760885 -0.011823402144987699 0.015789133094295135 0.044128034467546734 -0.013416699516420447 -0.044063119454453348 -0.0027878141030585803 0.062327222682040842 -0.024175432224156326 0.0098617918215816239 0.012353093089038862 -0.0601269012471531 0.029931194171421774 0.073078122807302082 0.062514681877216885 -0.019880715890378663
leaf_weight=24.509988158941269 7.6744367480278006 6.3525047004222897 6.247181341052058 5.3166134059429195 119.99137310683727 6.6294541358947736 6.472289144992831 23.681035608053207 8.240424841642378 4.97160172462464 5.873595103621482 36.746142938733101 29.182603567838669 5.861695930361746 4.8327566981315613 149.38389088213444 62.504506841301918 20.034092620015144 13.896559223532675 10.639800310134886 793.13717646896839 13.845920488238333 7.8550896793603924 5.4742973893880835 4.7259081006050092 7.7516389340162277 14.155794903635977 12.116405189037321 9.4654060453176481 6.05235455930233
leaf_count=103 34 26 26 22 501 27 27 98 34 21 24 154 124 25 20 623 266 85 58 44 3298 59 33 23 20 32 60 52 41 25
internal_value=-0.000344687 -0.0013499 0.014765 -0.00218692 0.00382289 -0.00486313 0.0308884 -0.00425692 0.00868914 0.0113933 0.00482965 0.00827069 0.0194744 0.0363739 0.00245657 0.00182891 -0.00365085 0.0101533 -0.0331109 -0.0125974 -0.00353154 0.0446674 0.00700158 0.0267122 -0.0050047 -0.0323974 0.0103739 0.0571721 0.0437476 -0.0441388
internal_weight=1433.62 1290.65 63.3498 1227.3 377.549 849.749 25.6348 837.067 142.975 134.735 106.952 101.079 65.9287 27.7825 10.6945 351.914 211.888 140.025 20.2491 35.1498 816.818 20.3182 55.6753 21.1869 34.4884 12.4775 22.0109 17.088 14.9397 12.6818
internal_count=5985 5384 269 5115 1583 3532 108 3480 601 567 449 425 278 118 45 1475 889 586 84 147 3396 86 235 90 145 52 93 73 64 52
is_linear=0
shrinkage=0.05


Tree=30
num_leaves=29
num_cat=0
split_feature=19 29 15 24 24 29 15 10 56 51 14 50 50 6 49 4 29 55 58 10 20 10 4 53 21 29 15 4
split_gain=4.98846 10.2653 14.9563 9.51083 9.29346 9.06716 8.88488 8.56964 8.14991 9.6467 10.6813 7.59011 7.51862 7.47014 8.14651 7.08721 7.34822 6.95319 7.13553 6.42136 7.30437 6.35456 6.4408 4.94082 3.82037 3.09431 2.42615 1.80803
threshold=39.045548654244314 6.5500000000000007 32.100000000000009 16.500000000000004 22.100000000000005 5.5500000000000007 29.900000000000002 7.1000000000000005 1.5000000000000002 10.550000000000002 4.2878571428571437 19.900000000000002 10.300000000000002 5.0500000000000007 14.550000000000002 26.635610963075756 5.7500000000000009 2.7500000000000004 30.000000000000004 6.5000000000000009 33.900000000000006 10.300000000000002 27.229120952935386 2.8500000000000001 33.850000000000001 8.3500000000000032 37.300000000000004 27.010902255639103
decision_type=2 2 2 2 2 2 2 2 2 2 2 2 2 2 2 2 2 2 2 2 2 2 2 2 2 2 2 2
left_child=1 4 6 15 11 12 -3 17 -4 23 -11 21 -6 14 -9 16 -2 19 24 20 -5 22 -1 -10 -19 27 -18 -15
right_child=3 2 8 7 5 -7 -8 13 9 10 -12 -13 -14 25 -16 -17 26 18 -20 -21 -22 -23 -24 -25 -26 -27 -28 -29
leaf_value=-0.00086276155587037661 -0.055928201942066137 0.010346812791740573 0.081305776308262731 0.021733365527387877 0.037911241980037112 -0.083611481220674799 -0.072749429001015262 0.042403690527846295 0 -0.062173473357570321 0.017146118813867166 0.062421083971192282 -0.04708535802225175 0.036789812156429083 -0.039674117869104721 -0.083330768369179811 -0.016728204669002929 0.02749271609862769 0.055040653342592664 -0.081294835112365224 -0.033140663040537283 0.04823883778638792 0.037958556066694765 0.056214417297242247 -0.023845993524355992 0.011002157310486291 0.03252836741049802 0.081923084089299963
leaf_weight=1202.6560393571854 8.2134238034486824 6.3933761417865735 6.7096519023179999 8.0129003375768679 4.7094105929136294 6.4272883683443061 6.1559243947267532 4.6740619987249401 4.7443956136703518 5.1097046285867718 22.699165269732475 4.7517233937978736 5.5217588394880295 5.9258008003234881 8.0514532625675184 6.3554397821426383 4.7912797033786756 4.9951164126396241 5.8198812901973715 4.7589275389909735 23.138934105634689 6.6198359280824652 10.676417171955107 19.916752502322197 12.097672238945959 5.8264696151018134 4.8890613466501236 4.6639748811721802
leaf_count=5017 34 27 29 34 20 26 25 20 20 21 97 21 23 25 33 26 20 21 25 20 96 28 45 86 50 25 21 20
internal_value=-0.000301211 0.000560211 0.0189397 -0.0104173 -0.000499214 -0.0374813 -0.0302728 -0.00269782 0.0294932 0.0226305 0.00222194 2.75348e-06 -0.00748916 0.019363 -0.00904165 -0.0380886 -0.021368 -0.0137261 0.00760655 -0.0274595 -0.0188416 -0.000241365 -0.000513942 0.0453401 -0.00847954 0.0416058 0.00771585 0.0577157
internal_weight=1425.31 1313.09 71.729 112.214 1241.36 16.6585 12.5493 87.9652 59.1797 52.47 27.8089 1224.7 10.2312 29.1418 12.7255 24.2492 17.8938 58.8234 22.9127 35.9108 31.1518 1219.95 1213.33 24.6611 17.0928 16.4162 9.68034 10.5898
internal_count=5955 5485 305 470 5180 69 52 369 253 224 118 5111 43 123 53 101 75 246 96 150 130 5090 5062 106 71 70 41 45
is_linear=0
shrinkage=0.05


Tree=31
num_leaves=13
num_cat=0
split_feature=11 20 14 11 50 19 15 29 24 6 1 28
split_gain=5.13873 8.42519 8.21245 6.75637 7.50082 6.69468 9.58102 10.2538 6.84774 7.09284 5.57537 5.01628
threshold=9.6500000000000004 35.900000000000006 10.257872503840249 9.3500000000000032 19.900000000000002 39.045548654244314 35.900000000000006 6.5500000000000007 16.500000000000004 11.65 31.200000000000006 6.9000000000000012
decision_type=2 2 2 2 2 2 2 2 2 2 2 2
left_child=3 2 -2 4 5 6 11 -8 9 -7 -10 -1
right_child=1 -3 -4 -5 -6 8 7 -9 10 -11 -12 -13
leaf_value=-0.00056466883723272211 0.04552043899268781 0.063348666079109758 -0.036619488723771819 -0.057400777260453673 0.060663634775488466 -0.071891843063207117 0.0041269644573470677 0.035701713788495071 0.0015054480891286142 -0.013728195241718475 -0.029162337961473203 -0.021640210208205776
leaf_weight=1140.159286826849 5.174119710922243 8.2235225588083249 7.0800422579050064 5.1267996132373801 4.9033145606517783 8.9281838238239306 87.303023859858513 36.638551950454712 59.427659124135971 13.294530466198919 19.52532359957695 28.876343458890915
leaf_count=4755 22 35 29 21 22 37 367 158 249 56 83 121
internal_value=-0.000285166 0.0245137 -0.0014448 -0.000652096 -0.000436481 -0.000659295 0.000306567 0.0135224 -0.01304 -0.0375373 -0.00604284 -0.00109134
internal_weight=1424.66 20.4777 12.2542 1404.18 1399.06 1394.15 1292.98 123.942 101.176 22.2227 78.953 1169.04
internal_count=5955 86 51 5869 5848 5826 5401 525 425 93 332 4876
is_linear=0
shrinkage=0.05


Tree=32
num_leaves=24
num_cat=0
split_feature=9 50 20 29 5 15 49 11 15 4 24 28 1 49 25 1 52 53 21 55 10 9 53
split_gain=6.83627 10.8542 4.80735 8.61332 11.1636 12.1572 8.48992 8.36523 8.35484 7.47736 7.22802 7.08833 9.66225 13.6687 8.06546 17.5218 7.53348 7.07306 7.03004 6.94205 6.07797 3.74963 1.79344
threshold=12.46668472372698 9.5000000000000018 30.500000000000004 1.7500000000000002 4.3000000000000016 21.700000000000006 23.150000000000002 2.0500000000000003 22.300000000000001 13.335315499717675 8.7000000000000011 5.7000000000000002 21.450000000000003 17.550000000000004 8.4500000000000011 13.250000000000002 4.1000000000000005 5.2500000000000009 31.650000000000002 3.8500000000000001 5.1000000000000005 4.4804580152671765 4.2500000000000009
decision_type=2 2 2 2 2 2 2 2 2 2 2 2 2 2 2 2 2 2 2 2 2 2 2
left_child=2 -2 11 4 7 10 19 9 -9 -4 -6 12 14 -14 15 -1 -13 -16 -7 20 -5 -8 -18
right_child=1 -3 3 6 5 18 21 8 -10 -11 -12 16 13 -15 17 -17 22 -19 -20 -21 -22 -23 -24
leaf_value=0.0010099100869447523 0.019984872925493405 -0.067180038539795164 0.092767282419282227 -0.0035274623253572814 0.0084720333100514605 0.051029782749901755 0.008647474318591546 0.00029189852242185921 0.049595363088770592 0.019722186447771916 -0.047237991106066496 0.0042562245309674691 0.087319533121449744 -0.0046726846849389223 -0.012081819968690132 0.090407242516236413 -0.086109487283076158 0.013658492758802777 0.0039537033662443389 -0.043016194415823501 0.0057040341925023788 0.065455535319657449 -0.038832836932238969
leaf_weight=218.07935820519924 5.6152995675802222 9.2146702557802183 8.9518475085496885 427.83095246553421 9.0599668174982089 11.572084367275236 5.368630185723303 22.847331628203392 13.875919908285139 6.1502069681882849 15.414579093456267 6.6686773747205761 7.017110317945483 9.0902516245841962 255.3479043841362 5.5268054306507102 4.9053973853588086 29.541657119989395 25.642576321959496 9.2616150081157667 305.44664426147938 6.9733531475067139 4.7729311287403107
leaf_count=914 24 38 39 1780 38 49 24 96 59 26 63 28 30 38 1060 24 20 124 108 38 1283 32 20
internal_value=-0.000270984 -0.0339278 8.20071e-05 0.00239019 0.0152265 0.000762729 0.000451557 0.0323122 0.0191411 0.0636745 -0.0264613 -0.00361387 -0.00258975 0.0353864 -0.00380925 0.00328129 -0.0359599 -0.00939127 0.0188238 -0.000228055 0.000311351 0.0414146 -0.0639416
internal_weight=1424.18 14.83 1409.35 868.396 113.515 61.6892 754.881 51.8253 36.7233 15.1021 24.4745 540.95 524.603 16.1074 508.496 223.606 16.347 284.89 37.2147 742.539 733.278 12.342 9.67833
internal_count=5955 62 5893 3635 478 258 3157 220 155 65 101 2258 2190 68 2122 938 68 1184 157 3101 3063 56 40
is_linear=0
shrinkage=0.05


Tree=33
num_leaves=20
num_cat=0
split_feature=9 50 50 6 9 0 9 6 10 59 11 0 25 50 21 9 59 21 9
split_gain=6.19803 9.88876 4.64519 5.10318 11.8772 11.4848 12.9545 11.0586 9.83843 11.4435 9.18544 16.452 7.42265 6.79048 10.4845 9.12927 6.72709 5.47167 4.56935
threshold=12.46668472372698 9.5000000000000018 19.300000000000001 6.8500000000000005 7.3215727371526169 23.900000000000002 10.181750000000003 5.6500000000000012 7.3000000000000016 179.50000000000003 4.4500000000000011 14.300000000000002 11.422222222222224 6.9000000000000012 37.850000000000001 4.864584269662922 141.50000000000003 33.650000000000013 3.7617663344407535
decision_type=2 2 2 2 2 2 2 2 2 2 2 2 2 2 2 2 2 2 2
left_child=2 -2 3 7 10 12 -7 13 9 -9 11 -5 -6 15 -15 -1 -10 -12 -4
right_child=1 -3 18 4 5 6 -8 8 16 -11 17 -13 -14 14 -16 -17 -18 -19 -20
leaf_value=-0.016782682457384134 0.019009574938383282 -0.0642724811676601 0.070977715831470459 0.032567768216124095 0.0024893970600445791 0.045062350139378281 -0.0052172133816222937 -0.019243312638298066 0.052112776365104613 0.052165718471355343 0.017909980623807054 -0.011821901393401738 -0.017102722573721904 0.0012933733271340009 0.039462859893534319 0.018995194685528002 -0.01070442726760747 0.062325826246979188 0.0045923221634835646
leaf_weight=100.86402501165867 5.6134024858474723 9.1559223979711515 4.4387630820274335 40.754747569561005 101.57699859142303 25.454621031880379 25.336296260356903 161.34705173969269 9.1111185848712939 5.6830007880926123 13.065773874521257 42.389765903353691 91.466301932930946 717.19035318493843 18.370464071631432 21.445835202932358 7.6768095195293418 15.990449368953703 6.4922573417425156
leaf_count=420 24 38 20 172 427 110 108 671 39 24 55 176 380 2994 78 90 32 69 28
internal_value=-0.000254961 -0.0323681 8.04604e-05 -0.000171034 0.00499197 -0.00118505 0.0199219 -0.00194079 -0.0130674 -0.016754 0.0184495 0.0098894 -0.00677175 0.000438758 0.00225868 -0.0104581 0.0231983 0.0426547 0.0324018
internal_weight=1423.42 14.7693 1408.65 1397.72 356.035 243.834 50.7909 1041.69 183.818 167.03 112.201 83.1445 193.043 857.871 735.561 122.31 16.7879 29.0562 10.931
internal_count=5955 62 5893 5845 1497 1025 218 4348 766 695 472 348 807 3582 3072 510 71 124 48
is_linear=0
shrinkage=0.05


end of trees

feature_importances:
L10_ppg=45
L999_pra=44
L5_minutes=42
opp_def_L5_ppg_allowed=40
games_played=40
L999_ppg=37
L5_rpg=37
L10_pra=37
L5_pra=36
L10_minutes=36
opp_def_L5_rpg_allowed=33
L999_rpg=31
L5_apg=31
L10_apg=31
L10_fta=31
opp_def_L10_pra_allowed=29
L10_rpg=26
L10_fga=24
L5_fta=24
opp_def_L10_ppg_allowed=24
opp_def_L10_apg_allowed=24
L5_fga=23
opp_def_L5_pra_allowed=23
L5_ppg=22
L999_apg=22
opp_def_L10_rpg_allowed=16
opp_def_L5_apg_allowed=16
line=8
rest_days=5
home=1

parameters:
[boosting: gbdt]
[objective: binary]
[metric: auc]
[tree_learner: serial]
[device_type: cpu]
[data_sample_strategy: bagging]
[data: ]
[valid: ]
[num_iterations: 200]
[learning_rate: 0.05]
[num_leaves: 31]
[num_threads: 0]
[seed: 0]
[deterministic: 0]
[force_col_wise: 0]
[force_row_wise: 0]
[histogram_pool_size: -1]
[max_depth: 6]
[min_data_in_leaf: 20]
[min_sum_hessian_in_leaf: 0.001]
[bagging_fraction: 0.8]
[pos_bagging_fraction: 1]
[neg_bagging_fraction: 1]
[bagging_freq: 5]
[bagging_seed: 3]
[bagging_by_query: 0]
[feature_fraction: 0.8]
[feature_fraction_bynode: 1]
[feature_fraction_seed: 2]
[extra_trees: 0]
[extra_seed: 6]
[early_stopping_round: 0]
[early_stopping_min_delta: 0]
[first_metric_only: 0]
[max_delta_step: 0]
[lambda_l1: 0.1]
[lambda_l2: 0.1]
[linear_lambda: 0]
[min_gain_to_split: 0]
[drop_rate: 0.1]
[max_drop: 50]
[skip_drop: 0.5]
[xgboost_dart_mode: 0]
[uniform_drop: 0]
[drop_seed: 4]
[top_rate: 0.2]
[other_rate: 0.1]
[min_data_per_group: 100]
[max_cat_threshold: 32]
[cat_l2: 10]
[cat_smooth: 10]
[max_cat_to_onehot: 4]
[top_k: 20]
[monotone_constraints: ]
[monotone_constraints_method: basic]
[monotone_penalty: 0]
[feature_contri: ]
[forcedsplits_filename: ]
[refit_decay_rate: 0.9]
[cegb_tradeoff: 1]
[cegb_penalty_split: 0]
[cegb_penalty_feature_lazy: ]
[cegb_penalty_feature_coupled: ]
[path_smooth: 0]
[interaction_constraints: ]
[verbosity: -1]
[saved_feature_importance_type: 0]
[use_quantized_grad: 0]
[num_grad_quant_bins: 4]
[quant_train_renew_leaf: 0]
[stochastic_rounding: 1]
[linear_tree: 0]
[max_bin: 255]
[max_bin_by_feature: ]
[min_data_in_bin: 3]
[bin_construct_sample_cnt: 200000]
[data_random_seed: 1]
[is_enable_sparse: 1]
[enable_bundle: 1]
[use_missing: 1]
[zero_as_missing: 0]
[feature_pre_filter: 1]
[pre_partition: 0]
[two_round: 0]
[header: 0]
[label_column: ]
[weight_column: ]
[group_column: ]
[ignore_column: ]
[categorical_feature: ]
[forcedbins_filename: ]
[precise_float_parser: 0]
[parser_config_file: ]
[objective_seed: 5]
[num_class: 1]
[is_unbalance: 0]
[scale_pos_weight: 0.939505]
[sigmoid: 1]
[boost_from_average: 1]
[reg_sqrt: 0]
[alpha: 0.9]
[fair_c: 1]
[poisson_max_delta_step: 0.7]
[tweedie_variance_power: 1.5]
[lambdarank_truncation_level: 30]
[lambdarank_norm: 1]
[label_gain: ]
[lambdarank_position_bias_regularization: 0]
[eval_at: ]
[multi_error_top_k: 1]
[auc_mu_weights: ]
[num_machines: 1]
[local_listen_port: 12400]
[time_out: 120]
[machine_list_filename: ]
[machines: ]
[gpu_platform_id: -1]
[gpu_device_id: -1]
[gpu_use_dp: 0]
[num_gpu: 1]

end of parameters

pandas_categorical:null
