tree
version=v4
num_class=1
num_tree_per_iteration=1
label_index=0
max_feature_idx=59
objective=binary sigmoid:1
feature_names=L5_ppg L10_ppg L20_ppg L40_ppg L999_ppg L5_rpg L10_rpg L20_rpg L40_rpg L999_rpg L5_apg L10_apg L20_apg L40_apg L999_apg L5_pra L10_pra L20_pra L40_pra L999_pra L5_minutes L10_minutes L20_minutes L40_minutes L5_fga L10_fga L20_fga L40_fga L5_fta L10_fta L20_fta L40_fta season_ppg season_rpg season_apg season_pra season_minutes season_fga season_fta season_games_played h2h_ppg h2h_rpg h2h_apg h2h_pra h2h_minutes h2h_fga h2h_fta h2h_games_played opp_def_L5_pra_allowed opp_def_L10_pra_allowed opp_def_L5_ppg_allowed opp_def_L10_ppg_allowed opp_def_L5_rpg_allowed opp_def_L10_rpg_allowed opp_def_L5_apg_allowed opp_def_L10_apg_allowed rest_days home line games_played
feature_infos=[1:41.799999999999997] [2.7999999999999998:39.600000000000001] none none [2.9493670886075951:33.692307692307693] [0.20000000000000001:17.800000000000001] [0.69999999999999996:17.300000000000001] none none [1:13.223350253807107] [0:16.199999999999999] [0:14] none none [0:11.255555555555556] [2.6000000000000001:58.600000000000001] [4.7000000000000002:57.600000000000001] none none [5.6835443037974684:49] [10.6:44.600000000000001] [9.6999999999999993:41.799999999999997] none none [1.8:27] [1.6000000000000001:27.199999999999999] none none [0:17.399999999999999] [0:14.6] none none none none none none none none none none none none none none none none none none [2.7999999999999998:31.800000000000001] [6.7999999999999998:26.600000000000001] [1.2:22.199999999999999] [3.3999999999999999:17.5] [0.40000000000000002:10] [1.8:7.4000000000000004] [0:6.2000000000000002] [0.69999999999999996:4.2999999999999998] [1:269] [0:1] [3.5:35.5] [1:215]
tree_sizes=3420 2850 3411 3398 3386 3394 3390 3380 2847 2826 3396 1721 3067 3398 3046 2975 2343 2333 3023 3378 3420 2440 3385 3385 2237 2636 2351 1400 2418 2552 2543 2233 2235 2353 1602 2339 2353 1620

Tree=0
num_leaves=31
num_cat=0
split_feature=20 29 1 20 15 29 14 25 21 1 14 5 19 19 15 52 5 28 55 53 50 20 9 21 1 11 29 9 29 19
split_gain=20.7674 16.9877 16.6501 15.6471 16.2875 16.1144 16.0634 16.7831 15.1399 12.6098 11.973 11.827 14.8517 37.7409 14.2511 11.2525 11.4563 13.0374 12.9291 10.7399 11.6025 10.5613 9.96654 9.68524 18.6104 10.0271 9.46064 9.03002 12.9518 10.4084
threshold=30.500000000000004 1.7500000000000002 9.5500000000000025 30.900000000000002 21.700000000000006 0.95000000000000007 1.3710591133004928 7.7500000000000009 23.350000000000005 6.6500000000000012 7.9026044986795378 3.9000000000000004 35.608668242710799 33.728198198198207 35.900000000000006 1.9000000000000001 3.7000000000000006 4.9000000000000012 2.6500000000000008 2.4500000000000006 5.5000000000000009 32.70000000000001 7.3517952635599704 29.350000000000005 11.750000000000002 6.5500000000000007 2.2500000000000004 2.5616579965319466 0.65000000000000002 21.128375286041194
decision_type=2 2 2 2 2 2 2 2 2 2 2 2 2 2 2 2 2 2 2 2 2 2 2 2 2 2 2 2 2 2
left_child=2 3 9 -2 6 21 -5 -8 26 -1 23 15 13 14 -13 -3 17 -17 -18 -14 -21 -6 -15 25 -25 -10 -4 28 -11 -29
right_child=1 11 8 4 5 -7 7 -9 10 27 -12 12 19 22 -16 16 18 -19 -20 20 -22 -23 -24 24 -26 -27 -28 29 -30 -31
leaf_value=-0.040111511919231284 -0.13580351042231847 -0.0010113441710813548 0.0061253220413648793 0.021340285038581951 0.010037786648721438 -0.10789426428298338 -0.13146123031642662 -0.053289111056857144 -0.054993410965049214 0.0037807681218662084 0.021340285038581951 -0.059568848583156517 -0.0067303715465625441 -0.09346145196138711 -0.088923854972087407 -0.050674901513150461 -0.00094745789822493071 -0.087414599856046715 -0.066369867971261487 -0.098972936692268684 -0.052159585644941595 -0.088407643268470865 -0.14205816600075771 -0.0019589841213816517 -0.048618259358202673 -0.12084719939785474 -0.060292725143964276 -0.086341314198079694 -0.074321771748307258 -0.039780100158740658
leaf_weight=36.534084647893906 11.818962305784224 11.020349979400633 20.510003387928013 5.8162034153938285 5.2684568762779218 44.648550689220428 8.0565311908721906 43.092074424028397 241.64298960566521 8.4102379083633441 5.8162034153938285 340.18636295199394 11.785698264837263 59.882612854242325 46.952079892158508 97.873381644487381 19.414510309696201 31.910948663949966 12.076203554868696 14.243627786636351 166.74502521753311 5.3574379980564117 13.051669239997862 25.963906854391098 122.48455417156219 5.8087190687656394 7.4680362641811362 86.830578625202179 13.840579450130461 13.735520750284193
leaf_count=141 47 42 78 22 20 176 32 167 937 32 22 1321 45 235 184 379 74 125 47 56 646 21 52 99 474 23 29 340 54 53
internal_value=-0.0594147 -0.0639868 -0.0520395 -0.0812318 -0.0753805 -0.0947048 -0.0566935 -0.0656154 -0.0469192 -0.0658164 -0.0494206 -0.0613981 -0.0644672 -0.0693548 -0.063122 -0.0497457 -0.0531428 -0.0597591 -0.0261274 -0.0528309 -0.0558895 -0.0398431 -0.102324 -0.0504937 -0.0403886 -0.0565825 -0.0113546 -0.0735153 -0.0448608 -0.0799161
internal_weight=1538.25 949.201 589.045 124.058 112.239 55.2744 56.9648 51.1486 429.694 159.351 401.716 825.142 652.847 460.073 387.138 172.295 161.275 129.784 31.4907 192.774 180.989 10.6259 72.9343 395.9 148.448 247.452 27.978 122.817 22.2508 100.566
internal_count=5973 3691 2282 485 438 217 221 199 1662 620 1555 3206 2539 1792 1505 667 625 504 121 747 702 41 287 1533 573 960 107 479 86 393
is_linear=0
shrinkage=1


Tree=1
num_leaves=26
num_cat=0
split_feature=11 52 14 16 52 5 11 52 49 19 14 5 53 50 49 48 54 14 5 9 15 11 59 24 55
split_gain=9.67081 11.9576 11.6836 9.94496 8.96061 22.3284 28.9803 16.0759 15.4125 15.6025 13.8568 17.7608 15.5518 12.9495 10.5621 11.7986 8.49189 8.14435 7.73533 12.1869 12.571 7.47131 6.77393 4.14419 3.21009
threshold=1.0500000000000003 5.7000000000000002 0.94838280903854677 23.550000000000004 3.9000000000000004 9.9000000000000021 5.6500000000000012 4.3000000000000016 18.950000000000003 39.354092182819606 6.2414950242999314 4.7000000000000002 4.3500000000000005 17.100000000000005 20.350000000000005 19.500000000000004 2.1000000000000005 3.5300904977375569 9.1000000000000014 5.4327516492870833 14.100000000000001 2.7500000000000004 120.50000000000001 7.5000000000000009 2.4500000000000006
decision_type=2 2 2 2 2 2 2 2 2 2 2 2 2 2 2 2 2 2 2 2 2 2 2 2 2
left_child=1 3 22 18 10 6 7 -6 17 -10 14 16 -13 -8 15 -4 -12 -7 19 20 -1 -16 24 -21 -2
right_child=2 -3 4 -5 5 8 13 -9 9 -11 11 12 -14 -15 21 -17 -18 -19 -20 23 -22 -23 -24 -25 -26
leaf_value=0.024612866608278758 -0.038561954914092846 0.085566303371514787 0.0043461267989448396 0.062326781378637175 -0.0088320844967203372 -0.067194379995496475 -0.014516494844461967 0.01176032180492796 -0.023708142974687482 0.055198757564329105 0.022905020881508083 0.014548996087486617 -0.070394836563482818 -0.093946308840491113 0 -0.021406226407745418 0.065206174823426402 -0.020425136260687985 -0.052831191640987443 0.024271158502093597 -0.041666504530505542 0.041562767685929369 -0.073514651335193817 0.089202574704823345 0.013973725053116863
leaf_weight=16.079858586192135 5.591836482286455 6.6149375736713401 512.93913213908672 8.9268356263637525 122.39165648818016 23.682271540164948 153.65391311049461 415.76683750748634 21.955165103077892 8.6464484035968763 23.333193868398666 28.438520967960358 6.5395950973033896 5.2426776736974707 16.46468511223793 48.561770245432854 25.479743614792824 16.10109306871891 5.0589715540409079 5.1883496791124326 12.692748501896856 30.243068486452103 7.5363313108682624 5.3034223616123199 5.6876939386129379
leaf_count=62 22 25 1991 34 477 94 600 1610 86 33 90 110 26 21 64 190 97 63 20 20 50 116 30 20 22
internal_value=0.00282364 0.0225162 0.00202129 0.0144445 0.00253038 -0.00118438 0.00152043 0.007067 -0.0280065 -0.00114306 0.00665691 0.025718 -0.00134518 -0.0172261 0.00401891 0.0021066 0.0451761 -0.04849 0.00456973 0.0122079 -0.00449549 0.0268474 -0.0370057 0.0580973 -0.0117415
internal_weight=1538.12 59.8651 1478.26 53.2502 1459.44 767.44 697.055 538.158 70.385 30.6016 692 83.7911 34.9781 158.897 608.209 561.501 48.8129 39.7834 44.3234 39.2644 28.7726 46.7078 18.8159 10.4918 11.2795
internal_count=5973 231 5742 206 5668 2984 2708 2087 276 119 2684 323 136 621 2361 2181 187 157 172 152 112 180 74 40 44
is_linear=0
shrinkage=0.05


Tree=2
num_leaves=31
num_cat=0
split_feature=20 29 49 1 20 15 15 29 21 49 1 14 4 16 19 5 49 48 54 51 21 1 59 29 28 15 59 59 52 1
split_gain=18.4621 15.5679 15.5137 14.9386 14.0717 14.4344 14.7626 14.5173 13.3184 12.0496 11.2107 10.8268 10.4768 8.95832 35.378 21.5425 11.8784 13.1808 9.29653 8.93313 8.76061 17.1961 9.10662 8.38595 8.13358 7.73258 7.81888 13.9333 7.41752 12.0798
threshold=30.500000000000004 1.7500000000000002 23.150000000000002 9.5500000000000025 30.900000000000002 21.700000000000006 14.700000000000001 0.95000000000000007 23.350000000000005 12.950000000000001 6.5500000000000007 7.9026044986795378 12.198582693947145 33.350000000000001 35.608668242710799 4.1000000000000005 11.350000000000003 17.700000000000006 3.5000000000000004 7.4500000000000011 29.350000000000005 10.844444444444447 159.50000000000003 2.2500000000000004 2.7000000000000006 22.100000000000005 74.500000000000014 98.500000000000014 4.3000000000000016 5.8500000000000005
decision_type=2 2 2 2 2 2 2 2 2 2 2 2 2 2 2 2 2 2 2 2 2 2 2 2 2 2 2 2 2 2
left_child=3 4 13 10 -2 6 -6 12 23 -8 28 20 -7 16 15 -15 24 -18 -16 -9 22 -22 -10 -5 -3 26 -12 -28 29 -1
right_child=1 2 -4 8 5 7 9 19 11 -11 25 -13 -14 14 18 -17 17 -19 -20 -21 21 -23 -24 -25 -26 -27 27 -29 -30 -31
leaf_value=-0.032881430539409826 -0.070011778221493945 -0.085664721795683269 -0.050819764092656754 0.064283527893325934 -0.059479400276832177 -0.027143435636427699 -0.047163516067211579 0.017502196663065607 0.0090515449402327388 0.024831342797835169 -0.035528299838991237 0.079407914861498619 0.070920721697375358 0.022559588544521014 0.0034467445334507582 -0.034506176256367642 0.015114672860927028 -0.0015968115584364122 0.032181466249868874 -0.051477888999021996 0.075673730014095442 0.015389088344235125 -0.019378162908180049 0.0017254715907782927 -0.0081230037238531581 0.047143608135402276 0.026564723866461221 -0.017421630450243468 0.048031439107493364 0.050822277144792954
leaf_weight=10.705036997795107 11.774402990937231 5.5124248862266532 14.171044543385504 20.523207619786266 7.5628951340913764 5.3556408733129484 6.5892641842365256 5.1600145101547232 215.25780689716339 42.806715607643127 28.983754724264145 5.8199003040790549 5.2696413397789001 19.436587423086166 163.85095532238483 105.21906389296055 255.73091422021389 218.0471904873848 34.043343082070351 39.399819642305374 12.941655337810515 135.57622446119785 32.223739966750145 7.4689902961254111 8.9843277484178525 5.4830389320850363 24.388380154967308 67.491589561104774 15.169359862804411 7.069515421986579
leaf_count=42 47 22 56 78 30 21 26 20 834 165 114 22 20 75 636 414 989 848 131 156 49 524 126 29 35 21 94 264 58 27
internal_value=0.00268209 -0.00162977 0.000847283 0.00963514 -0.0181486 -0.0126012 0.00498008 -0.0308143 0.0144836 0.0150506 -0.00341692 0.0121365 0.0212334 0.00176261 -0.00469407 -0.0255573 0.00603815 0.00741427 0.00842893 -0.0433568 0.0111154 0.0207232 0.00532328 0.0478351 -0.0383358 -0.0102187 -0.0128991 -0.00567546 0.02247 0.000228595
internal_weight=1538.02 948.914 824.996 589.102 123.918 112.144 56.9589 55.1851 429.812 49.396 159.291 401.819 10.6253 810.825 322.55 124.656 488.275 473.778 197.894 44.5598 395.999 148.518 247.482 27.9922 14.4968 126.347 120.864 91.88 32.9439 17.7746
internal_count=5973 3691 3206 2282 485 438 221 217 1662 191 620 1555 41 3150 1256 489 1894 1837 767 176 1533 573 960 107 57 493 472 358 127 69
is_linear=0
shrinkage=0.05


Tree=3
num_leaves=31
num_cat=0
split_feature=20 29 49 4 9 20 15 14 4 29 58 54 53 51 51 49 1 54 48 14 4 10 55 49 4 4 9 5 19 1
split_gain=16.6874 14.091 14.0447 13.52 14.2837 12.8193 13.0518 14.1722 16.9657 13.1497 12.2124 11.9835 10.9868 11.2699 10.41 11.6718 11.0339 10.2552 13.1277 9.89129 12.214 10.9657 9.54588 9.51141 9.47913 9.41786 13.2873 9.00279 13.141 10.8187
threshold=30.500000000000004 1.7500000000000002 23.150000000000002 10.007017630257069 7.3517952635599704 30.900000000000002 21.700000000000006 1.3710591133004928 14.579480519480521 0.95000000000000007 13.000000000000002 2.3000000000000003 4.3500000000000005 10.350000000000003 9.7500000000000018 10.750000000000002 9.6500000000000004 3.5000000000000004 16.700000000000006 2.8080128205128205 14.015150375939852 5.1000000000000005 3.8500000000000001 20.050000000000004 12.198582693947145 11.858631518842788 4.7994252873563221 3.9000000000000004 35.901748040988558 26.250000000000004
decision_type=2 2 2 2 2 2 2 2 2 2 2 2 2 2 2 2 2 2 2 2 2 2 2 2 2 2 2 2 2 2
left_child=3 5 22 4 10 -2 7 -7 -9 24 12 -6 23 -14 15 -5 17 18 -16 20 -17 -21 27 -1 -8 -18 -27 29 -29 -3
right_child=1 2 -4 14 11 6 9 8 -10 -11 -12 -13 13 -15 16 19 25 -19 -20 21 -22 -23 -24 -25 -26 26 -28 28 -30 -31
leaf_value=0.011221841020044976 -0.06694653514825584 0.015162961888990134 -0.0484169701341082 0.06754614246007401 -0.0019248835667392097 0.078025471147095349 -0.025829885836644875 -0.020410833882490913 0.045817603921288683 -0.041309982792917754 -0.054434036632498642 -0.088376980677271955 -0.067522903830321668 -0.0031508507869305365 -0.040094962694869264 -0.0041589959141450561 0.040101283368266009 -0.067729384582277091 0.04105617339496153 -0.030656249228292499 0.043065771081704063 0.023263187071276201 0.048928039008301054 0.07541163138108635 0.067448072253546043 0.0041548261154537866 0.03050373714429884 -0.0061230543909163342 0.010057051263744968 -0.030101225246089089
leaf_weight=101.96486331522465 11.704128891229628 154.71060958504677 14.136389672756193 6.3177227824926367 7.9518242180347469 5.8152879476547232 5.3517749756574613 38.311483189463615 12.808783903717993 44.430958688259125 8.8538815826177579 8.2490043789148313 7.8007889986038199 50.377997279167175 8.6299879550933891 39.836513727903366 60.750332027673721 6.0367447584867469 11.466009795665739 39.532054975628853 20.625656321644783 12.186548307538031 10.452989369630812 6.0636166036128989 5.2690146267414093 95.919015288352966 96.444618940353394 458.79489916563034 172.50014698505402 14.273144215345381
leaf_count=395 47 598 56 24 31 22 21 150 49 176 35 33 31 196 34 155 233 24 44 155 79 47 40 23 20 372 371 1788 668 56
internal_value=0.00254883 -0.00155137 0.000803428 0.00915958 -0.0017408 -0.0172833 -0.0119932 0.00471605 -0.00366185 -0.029342 0.00239914 -0.0465227 0.00548762 -0.0119689 0.0144129 0.00194621 0.0196826 -0.0110858 0.00593323 -0.00176054 0.0119129 -0.0178342 0.0016737 0.0149375 0.0201768 0.0228822 0.0174002 0.00104419 -0.00169306 0.0112946
internal_weight=1537.57 948.56 824.868 589.007 191.262 123.691 111.987 56.9356 51.1203 55.0517 175.061 16.2008 166.207 58.1788 397.745 118.498 279.247 26.1327 20.096 112.181 60.4622 51.7186 810.732 108.028 10.6208 253.114 192.364 800.279 631.295 168.984
internal_count=5973 3691 3206 2282 744 485 438 221 199 217 680 64 645 227 1538 460 1078 102 78 436 234 202 3150 418 41 976 743 3110 2456 654
is_linear=0
shrinkage=0.05


Tree=4
num_leaves=31
num_cat=0
split_feature=21 4 0 1 21 19 10 48 10 55 6 28 59 28 54 6 9 9 19 1 15 54 59 53 9 54 21 24 10 53
split_gain=12.3137 16.5141 14.3028 15.59 14.1316 13.3183 11.2535 19.0723 15.0864 17.5691 16.7053 15.893 13.9805 14.829 13.077 12.1019 11.2054 13.8458 11.1358 19.3245 14.6548 13.3829 12.4227 11.724 12.8456 10.8932 11.6326 10.4402 10.2127 10.1086
threshold=31.844444444444449 27.581153266675802 25.500000000000004 31.200000000000006 31.650000000000002 48.783687106918244 5.3000000000000016 17.700000000000006 8.7000000000000011 1.7500000000000002 4.4500000000000011 6.9000000000000012 183.50000000000003 2.3000000000000003 2.5000000000000004 8.0500000000000025 5.0893998837547239 3.7121346861231257 26.084569823533005 23.250000000000004 26.100000000000005 3.9000000000000004 110.50000000000001 4.3500000000000005 4.0717967599410905 3.7000000000000006 34.150000000000013 18.500000000000004 3.7000000000000006 3.5500000000000003
decision_type=2 2 2 2 2 2 2 2 2 2 2 2 2 2 2 2 2 2 2 2 2 2 2 2 2 2 2 2 2 2
left_child=4 6 -3 -4 18 -5 7 12 9 27 11 -10 13 -2 -11 -12 17 -6 20 21 -1 29 -21 24 -22 28 -27 -8 -9 -20
right_child=1 2 3 5 16 -7 8 25 10 14 15 -13 -14 -15 -16 -17 -18 -19 19 22 23 -23 -24 -25 -26 26 -28 -29 -30 -31
leaf_value=0.0049465016056741591 -0.013200444010243288 0.058732071349720777 -0.01226827789285634 0.0613949675623559 0.0067164808635521616 -0.024634110664829231 -0.00048972441153014663 -0.030831692710116945 0.062023079576574026 -0.036052737279055357 -0.049822549641860954 -0.025621559533729216 0.068991291317529721 0.015257692110437971 -0.0099165293208922645 0.03540793463622513 -0.0031439539954270599 0.093141260897142239 0.0025270091672135861 -0.080723234378507425 0.0081147174789373139 -0.0149447497221989 0.0071842726157917069 0.008736966804813279 -0.052100704203275019 -0.015832728596049169 0.034936243731913209 0.078208591831792407 -0.0022368568118191134 0.034898990315403049
leaf_weight=522.05631931126118 63.679872170090675 17.841646209359169 37.195684731006622 17.59288285672665 7.4855399280786576 5.874799817800521 11.051941722631456 78.155540153384209 19.426147222518924 96.335011005401611 12.894154980778696 6.8791743069887152 9.4627151787281019 161.03843078017235 96.556148931384087 5.9775141924619666 9.745724603533743 12.726955056190489 31.677142739295959 7.7599346637725812 12.106974363327025 21.251522704958916 7.9997717440128326 22.963264405727386 31.351347848773003 22.716003492474556 22.094938993453979 6.588694602251052 52.642913818359375 105.92459182441235
leaf_count=2027 249 68 145 67 29 23 43 307 74 379 51 27 36 623 377 23 38 48 123 31 47 83 31 89 124 89 85 25 205 407
internal_value=0.00242145 -0.0021938 0.0194678 0.00775988 0.00675731 0.0396335 -0.00475914 0.000365613 -0.0129884 -0.018623 0.0131423 0.0389033 0.00971663 0.0071688 -0.0230075 -0.0225183 0.040412 0.0615713 0.00542438 0.0165132 0.00212337 0.021776 -0.0360214 -0.0199646 -0.0352305 -0.0120743 0.00911066 0.028897 -0.0193717 0.0274902
internal_weight=1537.05 744.004 78.505 60.6634 793.049 23.4677 665.499 409.79 255.709 210.532 45.177 26.3053 234.181 224.718 192.891 18.8717 29.9582 20.2125 763.091 174.613 588.478 158.853 15.7597 66.4216 43.4583 175.609 44.8109 17.6406 130.798 137.602
internal_count=5973 2896 303 235 3077 90 2593 1594 999 824 175 101 908 872 756 74 115 77 2962 675 2287 613 62 260 171 686 174 68 512 530
is_linear=0
shrinkage=0.05


Tree=5
num_leaves=31
num_cat=0
split_feature=51 54 49 0 16 48 1 29 9 25 20 4 51 54 48 49 16 14 4 0 28 1 28 59 59 29 10 48 0 0
split_gain=9.58289 11.9296 10.6405 10.9602 11.0574 9.47703 14.0289 18.959 22.2021 17.9661 20.8196 15.3302 12.2338 11.4693 11.6269 11.5236 11.1457 14.8543 10.9014 14.4516 12.2614 8.86911 17.2742 15.0382 13.3746 12.9704 10.8036 7.97472 7.37036 10.06
threshold=7.1500000000000012 0.70000000000000007 11.050000000000002 22.700000000000006 24.550000000000004 17.700000000000006 15.850000000000003 3.0500000000000003 2.9829302641802644 10.15 30.700000000000006 7.3790191505900653 10.450000000000001 4.1000000000000005 17.900000000000002 19.750000000000004 13.350000000000003 1.2732683982683983 29.96871008939975 30.300000000000001 3.7000000000000006 21.450000000000003 2.5000000000000004 52.500000000000007 89.500000000000014 2.4222222222222229 4.1000000000000005 22.900000000000002 10.700000000000001 20.500000000000004
decision_type=2 2 2 2 2 2 2 2 2 2 2 2 2 2 2 2 2 2 2 2 2 2 2 2 2 2 2 2 2 2
left_child=1 -1 3 4 -3 16 9 8 -8 10 11 -7 -12 14 -11 -15 17 -2 20 -20 -9 22 26 -23 -25 -24 -18 -10 -4 -30
right_child=5 2 28 -5 -6 6 7 18 27 13 12 -13 -14 15 -16 -17 21 -19 19 -21 -22 23 25 24 -26 -27 -28 -29 29 -31
leaf_value=0.042284244161129386 0.03297311517830661 0.016645315786069811 0.010196978423985845 0.063509494586948351 -0.055537228301084686 -0.026887143253613029 0.059812147214497513 0.015609480861239925 -0.047075984145962681 -0.041296544537874742 -0.07030991197171807 0.015284790500410856 -0.014729212965728551 -0.073976078736612175 0.035790888302504528 0.012927252913872265 0.0091656448667248019 -0.038934359084453578 0.085772660603458339 -0.00064345355111648989 -0.01025388453490386 -0.071940270590374625 0.051572527548356707 0.023303931872554348 -0.0062012708407501171 0.016865483723685074 -0.012473338769677112 -0.0093235689183990278 -0.071446590553066042 -0.011518749556936362
leaf_weight=7.8283538073301306 9.6275382190942747 11.895970612764364 5.928985282778739 5.518256187438964 9.3341976851224882 25.98189888894558 6.3014553487300864 59.18754480779171 53.602675780653954 5.0619849264621726 13.052401751279829 122.5755774974823 41.913350343704224 5.2683691084384945 81.625785231590271 12.910928606986998 209.87387654185295 26.900968924164772 7.9464023709297207 11.845776185393332 200.52735544741154 7.0346678644418708 30.622544303536415 53.093902349472046 137.78686606884003 231.84961119294167 79.30145737528801 19.472735330462456 19.598057076334957 11.272526919841765
leaf_count=30 37 46 23 21 37 102 24 229 212 20 52 474 164 21 314 50 814 106 30 46 783 28 117 205 537 896 310 76 78 44
internal_value=0.00248443 -0.015377 -0.022614 0.00121199 -0.0149681 0.00336607 -0.00100967 -0.00773571 -0.0292879 0.0068014 -0.00184048 0.00786239 -0.0281222 0.0236067 0.0311895 -0.0122508 0.00708643 -0.0198075 -0.00158897 0.0340573 -0.00433679 0.00840619 0.0116639 -0.000650033 0.00198739 0.0209519 0.00321197 -0.0371107 -0.0400243 -0.049833
internal_weight=1524.74 71.3763 63.548 26.7484 21.2302 1453.37 667.274 358.884 79.3769 308.39 203.523 148.557 54.9658 104.867 86.6878 18.1793 786.091 36.5285 279.507 19.7922 259.715 749.563 551.647 197.915 190.881 262.472 289.175 73.0754 36.7996 30.8706
internal_count=5926 279 249 104 83 5647 2597 1400 312 1197 792 576 216 405 334 71 3050 143 1088 76 1012 2907 2137 770 742 1013 1124 288 145 122
is_linear=0
shrinkage=0.05


Tree=6
num_leaves=31
num_cat=0
split_feature=51 54 51 50 1 28 19 5 28 20 29 59 54 59 21 4 28 29 0 59 50 4 20 5 54 59 21 28 20 52
split_gain=8.6531 10.7902 9.78162 9.50368 13.432 18.1965 16.5878 14.6722 13.83 10.0037 9.65627 13.7344 21.5697 14.8687 12.3486 12.0418 11.4637 12.3326 12.9118 10.3538 9.22689 16.2739 9.01703 15.3208 11.8998 8.66701 15.86 10.2326 7.79621 7.79459
threshold=7.1500000000000012 0.70000000000000007 6.4500000000000011 12.300000000000002 15.450000000000001 7.9000000000000012 21.396694767830862 12.700000000000001 7.3000000000000016 36.70000000000001 6.3500000000000005 87.500000000000014 2.9000000000000004 127.50000000000001 36.150000000000013 23.744847605224965 4.1000000000000005 4.1500000000000012 23.500000000000004 9.5000000000000018 13.500000000000002 15.280042148686219 29.300000000000001 6.9000000000000012 2.5000000000000004 141.50000000000003 29.650000000000002 5.3000000000000016 30.500000000000004 4.3000000000000016
decision_type=2 2 2 2 2 2 2 2 2 2 2 2 2 2 2 2 2 2 2 2 2 2 2 2 2 2 2 2 2 2
left_child=1 -1 -3 10 6 7 22 8 -6 -7 16 12 29 15 -15 -13 17 19 -19 -2 21 -8 23 -5 -24 27 -27 -18 -22 -12
right_child=3 2 -4 4 5 9 20 -9 -10 -11 11 13 -14 14 -16 -17 25 18 -20 -21 28 -23 24 -25 -26 26 -28 -29 -30 -31
leaf_value=0.040200552991662468 -0.055704324048281677 0.001321209531154075 -0.038237787297927171 0.017123865531570661 -0.010203897736232542 0.052142915321536865 -0.046814582407593341 -0.091700580537124751 -0.074959369037491813 -0.014025067222705124 0.027842731642141752 9.9318217267485578e-05 -0.054316087015595108 0.02006055735479231 -0.036390128010978018 -0.059792105602915091 0.021079332663442158 -0.034181324411485983 0.038301136033149781 0.0068865440846641842 0.05731089057902497 0.054665990267220001 0.016018350652008222 -0.04379216552603054 -0.035599945068228646 -0.042804050542326819 0.043128146371574902 -0.0067214049955171377 0.017571768057560631 0.097923056106466094
leaf_weight=7.8275836259126654 6.5605483204126349 26.72313480079174 36.72125306725502 64.689350694417953 215.2858087271452 16.745287716388706 9.6170599758625048 5.9677888453006736 8.5105070173740369 8.4339829683303815 12.191060051321989 12.073392972350119 6.3224861174821845 29.742550000548363 14.23265218734741 26.237534135580063 95.307030916213989 35.123652830719948 7.295137107372283 643.08637458086014 25.447962522506714 6.5430036038160315 15.981740757822989 12.151782706379889 35.797223597764969 5.8432548344135276 52.40445165336132 50.274467036128044 25.037958368659019 6.1136935055255881
leaf_count=30 26 104 145 250 841 64 38 24 34 33 47 47 25 115 56 104 368 138 28 2496 97 25 62 48 141 23 201 196 97 23
internal_value=0.0023599 -0.0146252 -0.0215208 0.00319742 -0.00282971 -0.0103942 0.00702126 -0.0148333 -0.0127211 0.0298139 0.00590829 -0.00826663 0.024339 -0.0181035 0.00163564 -0.0408365 0.0076062 0.00452574 -0.0215375 0.00623829 0.0272547 -0.00533539 -0.0034371 0.00738112 -0.0195713 0.0180335 0.0343634 0.0114464 0.0377752 0.0519257
internal_weight=1524.29 71.272 63.4444 1453.02 450.209 254.943 195.266 229.764 223.796 25.1793 1002.81 106.913 24.6272 82.2861 43.9752 38.3109 895.895 692.066 42.4188 649.647 66.646 16.1601 128.62 76.8411 51.779 203.829 58.2477 145.581 50.4859 18.3048
internal_count=5926 279 249 5647 1754 996 758 899 875 97 3893 417 95 322 171 151 3476 2688 166 2522 257 63 501 298 203 788 224 564 194 70
is_linear=0
shrinkage=0.05


Tree=7
num_leaves=31
num_cat=0
split_feature=51 50 55 50 29 0 29 28 55 25 6 29 28 25 52 49 49 29 10 10 52 28 52 1 53 4 51 16 29 59
split_gain=7.81098 9.41556 10.011 8.63849 12.7992 20.2148 10.9718 9.64536 9.49292 9.37318 12.531 9.30072 13.2462 13.1955 16.9725 15.6737 11.2457 11.6933 11.1172 10.6169 8.40204 8.22723 7.88602 10.3324 9.18051 10.0391 7.76028 7.65997 10.8697 7.49533
threshold=7.1500000000000012 4.3000000000000016 2.2500000000000004 12.100000000000001 7.1500000000000012 17.900000000000002 2.3166666666666669 1.5000000000000002 3.6500000000000008 6.1500000000000012 8.4500000000000011 6.3500000000000005 4.1000000000000005 20.250000000000004 3.3000000000000003 16.850000000000005 12.15 4.2500000000000009 8.5000000000000018 4.7000000000000002 5.3000000000000016 7.7000000000000002 2.7000000000000006 12.550000000000002 3.7500000000000004 13.479719262006482 13.15 42.850000000000001 6.1500000000000012 99.500000000000014
decision_type=2 2 2 2 2 2 2 2 2 2 2 2 2 2 2 2 2 2 2 2 2 2 2 2 2 2 2 2 2 2
left_child=1 -1 22 11 5 9 7 -7 -8 20 -11 12 16 14 21 -15 19 -18 -16 -2 -5 -13 23 -3 25 -24 -6 28 -14 -17
right_child=3 2 -4 4 26 6 8 -9 -10 10 -12 13 27 15 18 29 17 -19 -20 -21 -22 -23 24 -25 -26 -27 -28 -29 -30 -31
leaf_value=0.035632182037165942 0.017180519669908918 -0.0034119320876702958 0.044895612494872887 -0.0054420902749794942 0.043874290810396205 0.0020020726447317547 -0.016802239769481551 -0.074681270829172586 0.024996999756576984 0.0023893605429269379 0.03461956267667763 -0.088917431411532633 0.017678703391966907 0.050944140999483904 -0.012118625005259108 0.018993612253305783 0.0043758749672303428 -0.026639973161919357 0.058641443204038163 0.092668450411636683 -0.071808743074660467 -0.028807571726911892 -0.035352706145121392 -0.067716471700325784 -0.069559205723196266 0.029691822200739411 -0.015286026323821894 -0.033344153891906085 0.068225449790573642 -0.056310577682905975
leaf_weight=8.3023926168680173 17.855634510517124 9.7328871190547961 5.2054380774497977 15.12527744472027 22.427146479487423 5.5974552929401424 149.52626337110996 14.005856066942213 14.761112987995146 215.23910561203957 35.065736174583435 9.9855691492557543 178.27732582390308 16.984972879290584 42.201043352484703 5.9393493384122831 611.8186357319355 31.844786629080772 6.282059282064437 6.3544195890426627 7.0083574652671805 14.243358984589575 9.6402681916952186 18.287870272994041 4.9955201894044867 15.012305006384848 7.1482444256544104 6.6200492382049552 11.32113993167877 7.0521640330553055
leaf_count=32 69 38 20 59 86 22 586 56 57 837 135 40 689 65 165 23 2376 125 24 24 28 56 38 73 20 58 28 26 43 28
internal_value=0.00224172 -0.0139063 -0.0205734 0.00303726 -0.0023938 -0.00447159 -0.0172814 -0.0526326 -0.0130033 0.00415958 0.00693655 0.00577205 0.00746581 -0.00842518 -0.0199604 0.0193622 0.00409938 0.00282972 -0.00274534 0.0374992 -0.0269097 -0.0540501 -0.0266369 -0.0456499 -0.00840636 0.00401441 0.0294037 0.0188908 0.0207576 -0.0216196
internal_weight=1523.86 71.1767 62.8743 1452.69 485.905 456.329 183.891 19.6033 164.287 272.438 250.305 966.781 864.092 102.689 72.712 29.9765 667.873 643.663 48.4831 24.2101 22.1336 24.2289 57.6689 28.0208 29.6481 24.6526 29.5754 196.219 189.598 12.9915
internal_count=5926 279 247 5647 1894 1780 721 78 643 1059 972 3753 3352 401 285 116 2594 2501 189 93 87 96 227 111 116 96 114 758 732 51
is_linear=0
shrinkage=0.05


Tree=8
num_leaves=26
num_cat=0
split_feature=59 51 59 6 1 28 53 11 11 15 49 51 50 21 1 50 1 11 19 6 29 15 19 59 19
split_gain=7.36253 10.7826 11.2632 9.51824 8.9469 8.67334 8.24466 7.30362 9.63964 9.10209 10.0082 7.11731 8.77294 9.67819 9.79814 7.42683 11.8549 21.46 13.8794 9.0927 15.8507 7.41505 4.5165 4.04592 1.29731
threshold=37.500000000000007 10.250000000000002 29.500000000000004 4.1333333333333337 10.950000000000001 3.3000000000000003 3.5500000000000003 0.95000000000000007 0.55000000000000016 21.100000000000005 17.550000000000004 7.1500000000000012 4.3000000000000016 36.150000000000013 10.738888888888891 12.300000000000002 15.450000000000001 1.8444444444444448 21.846464019851123 6.8500000000000005 5.6500000000000012 10.675000000000002 17.610967233419661 12.500000000000002 19.367731575388778
decision_type=2 2 2 2 2 2 2 2 2 2 2 2 2 2 2 2 2 2 2 2 2 2 2 2 2
left_child=1 3 4 -1 23 -6 -5 8 -2 10 -10 12 -9 14 -14 19 18 -18 -17 21 -21 -13 -12 -3 -4
right_child=7 2 24 6 5 -7 -8 11 9 -11 22 15 13 -15 -16 16 17 -19 -20 20 -22 -23 -24 -25 -26
leaf_value=-0.032390713093571784 -0.023549675928518823 -0.015763642918226056 -0.052508671258716458 0 0.04320904369161685 -0.036684756902013685 0.081634444823511801 0.033852452670225977 -0.022018349358156469 0.079890590136347958 0.078643219708180931 -0.037913985611865007 0.019571690642760445 0.035006993688529296 -0.037992837602186767 -0.0023406972382275476 -0.077689326184257335 -0.0063270873498928216 0.027551928038635438 0.0043478989722160874 -0.02514996902251794 0.009046009233194461 0.014464839188548321 -0.075495572287117563 -0.093731249347480325
leaf_weight=6.8391470313072231 7.8995985090732566 6.1158379316329974 5.0341251641511899 6.4291214793920499 8.8718046098947507 5.3213425874710074 6.0700023770332336 8.3070438802242261 8.4193049967289024 8.9835924804210645 6.066641151905058 8.3750808089971525 8.7479968070983869 6.7392664402723303 42.666165098547935 118.04727721214294 10.949002325534819 236.21097727119923 57.571468755602837 191.78580641746521 59.563129499554634 681.71040454506874 5.4361118823289871 5.7689653038978577 5.4830284118652344
leaf_count=27 31 24 20 25 34 21 23 32 33 34 23 33 34 26 169 460 44 923 222 745 234 2643 21 23 22
internal_value=0.00212961 -0.015645 -0.0316166 0.0143289 -0.0136482 0.0128581 0.0403436 0.00281152 0.0247869 0.0382048 0.0188523 0.002241 -0.0137111 -0.0206377 -0.0280823 0.00302275 -0.00247385 -0.00953874 0.00744037 0.00549647 -0.00262966 0.00846343 0.04913 -0.0455631 -0.0751511
internal_weight=1523.41 55.9334 36.5951 19.3383 26.078 14.1931 12.4991 1467.48 36.8052 28.9057 19.9221 1430.67 66.4605 58.1534 51.4142 1364.21 422.779 247.16 175.619 941.434 251.349 690.085 11.5028 11.8848 10.5172
internal_count=5926 219 144 75 102 55 48 5707 142 111 77 5565 261 229 203 5304 1649 967 682 3655 979 2676 44 47 42
is_linear=0
shrinkage=0.05


Tree=9
num_leaves=26
num_cat=0
split_feature=59 51 59 4 20 6 53 11 11 59 51 54 55 1 21 50 53 28 6 6 19 59 6 59 4
split_gain=6.67594 9.78734 10.2492 11.189 12.2551 8.62079 7.46529 6.61705 8.73802 8.45968 6.41938 10.0858 10.3774 10.2354 7.82678 6.70494 11.6591 12.3681 8.20453 15.6374 7.01907 6.22298 5.42621 4.37465 1.33201
threshold=37.500000000000007 10.250000000000002 29.500000000000004 10.8625226039783 30.300000000000001 4.1333333333333337 3.5500000000000003 0.95000000000000007 0.55000000000000016 144.50000000000003 7.1500000000000012 0.70000000000000007 1.6500000000000001 20.450000000000003 29.150000000000002 12.300000000000002 6.0500000000000007 7.9000000000000012 6.8500000000000005 12.050000000000002 40.203434405940605 81.500000000000014 4.3500000000000005 12.500000000000002 11.498344370860929
decision_type=2 2 2 2 2 2 2 2 2 2 2 2 2 2 2 2 2 2 2 2 2 2 2 2 2
left_child=1 5 3 23 -5 -1 -7 8 -2 21 11 -9 14 -14 -13 18 17 -17 20 -20 -12 -10 -23 -3 -4
right_child=7 2 24 4 -6 6 -8 10 9 -11 15 12 13 -15 -16 16 -18 -19 19 -21 -22 22 -24 -25 -26
leaf_value=-0.030849554923299122 -0.022399328610737932 -0.015001668467465763 -0.049162267308175189 0.074966215874403871 -0.021052394608773044 0 0.077747556944630064 0.044078298678804931 0 -0.019335830947652372 0.0071485567626900963 -0.002229711199391428 -0.020999649665650457 0.036660427603407778 -0.062946885430312322 -0.0033128067762438376 -0.06079340851150436 0.033652969195508191 -0.0075592902170293049 0.028291742711131246 0.036987624243870858 0.026730593284642768 0.084400381963107673 -0.075273180472201884 -0.09049102271868037
leaf_weight=6.8270687907934215 7.8952680081129065 6.1103731542825717 5.0210046172142011 5.537248343229292 7.898724228143692 6.4291214793920499 6.0599662661552429 6.7860654145479193 5.1361616402864518 5.3579064011573783 669.8202165812254 7.921238541603091 23.040744319558144 11.420314282178877 17.186507150530815 390.43173040449619 8.2688492685556394 23.910112142562866 216.02919000387192 35.271641612052917 20.309164017438889 7.0089585930109051 11.343724042177199 6.4918160140514374 5.4508118629455566
leaf_count=27 31 24 20 21 31 25 23 26 20 21 2598 31 91 44 69 1524 33 92 843 136 78 27 43 26 22
internal_value=0.00202261 -0.0149191 -0.0301612 -0.0130132 0.018411 0.0136399 0.0384087 0.00267164 0.0236077 0.0364062 0.00212876 -0.0130329 -0.0196857 -0.00169578 -0.0440744 0.00287087 -0.00235271 -0.00115998 0.00522107 -0.00249823 0.00803914 0.0493613 0.0629113 -0.0467914 -0.0718002
internal_weight=1522.96 55.8261 36.51 26.0382 13.436 19.3162 12.4891 1467.14 36.742 28.8468 1430.4 66.3549 59.5688 34.4611 25.1077 1364.04 422.611 414.342 941.43 251.301 690.129 23.4888 18.3527 12.6022 10.4718
internal_count=5926 219 144 102 52 75 48 5707 142 111 5565 261 235 135 100 5304 1649 1616 3655 979 2676 90 70 50 42
is_linear=0
shrinkage=0.05


Tree=10
num_leaves=31
num_cat=0
split_feature=20 59 15 21 29 54 25 21 20 6 1 4 15 10 11 11 25 1 52 25 1 58 54 59 48 55 11 6 10 52
split_gain=13.8578 12.1959 11.0861 15.1899 19.1195 14.5269 11.7146 10.6575 12.9241 11.1479 13.6232 9.61104 12.0811 13.1606 13.681 8.62697 8.3031 16.9372 10.9955 8.80632 14.0546 12.2204 8.19773 7.73046 7.50167 7.65932 7.30663 7.14123 10.0022 9.91768
threshold=33.900000000000006 155.50000000000003 28.900000000000002 36.45000000000001 2.8500000000000001 2.7000000000000006 14.850000000000003 34.050000000000004 33.300000000000004 5.7500000000000009 23.850000000000005 27.46496340471673 36.500000000000007 5.1000000000000005 6.2500000000000009 1.788888888888889 20.750000000000004 22.950000000000003 5.3000000000000016 8.4500000000000011 13.250000000000002 12.000000000000002 2.5000000000000004 165.50000000000003 14.300000000000002 3.1500000000000008 3.8444444444444446 3.6333333333333337 9.7000000000000011 2.3000000000000003
decision_type=2 2 2 2 2 2 2 2 2 2 2 2 2 2 2 2 2 2 2 2 2 2 2 2 2 2 2 2 2 2
left_child=7 11 6 4 -4 -5 15 16 9 10 -9 27 -13 -14 -15 -3 17 19 22 20 -1 -21 -19 -17 -10 26 -26 29 -29 -2
right_child=1 2 3 5 -6 -7 -8 8 24 -11 -12 12 13 14 -16 23 -18 18 -20 21 -22 -23 -24 -25 25 -27 -28 28 -30 -31
leaf_value=-0.00042346351523044821 0.061788223114298838 -0.056022900064210013 -0.047767350635888738 -0.0406537612483545 0.047787101759611962 0.039172927999762554 -0.083684346348594618 0.047924608490169877 -0.038227876586201109 0.077283404398479638 -0.04689247604942081 0.057641443387933235 -0.050384695857671025 0.063008189473323192 -0.0075355347772263666 -0.026308191088275725 0.050728271802608166 -0.016834929128682324 0.021195728472784506 0.021977293198187857 -0.07866471300147139 0.0048674132506821618 -0.064484033528345447 0.035868834134981188 -0.010045286374636421 -0.034743016763515773 0.056890875750477715 -0.012907214847895952 -0.061338785782341532 -0.0029735362177220012
leaf_weight=275.45873191952705 6.5514430254697791 5.5360807180404725 5.7964818328618994 15.443245470523836 44.618054926395416 8.8594528138637525 4.9907163977622977 12.277856200933458 8.3640978336334246 15.7617070376873 5.3237278759479514 11.008301958441733 10.111147508025168 9.9775952547788638 21.261169478297234 7.637243106961253 9.3995973914861661 21.17735955119133 9.816309452056883 133.62617270648479 5.7653475701808921 481.79383808374405 16.27988663315773 13.786404475569723 6.1432756036520066 5.3188226372003546 11.248363643884657 280.31380869448185 11.059976294636725 52.275250732898712
leaf_count=1073 25 22 23 61 171 34 20 47 33 60 21 42 40 38 83 30 36 83 38 516 23 1872 65 53 24 21 43 1098 44 204
internal_value=0.00214013 -0.00458784 0.0104164 0.020976 0.0366288 -0.0113071 -0.0141098 0.00551145 0.0251913 0.0467593 0.0188611 -0.0085776 0.0113389 -0.000976657 0.0149656 -0.000783944 0.00417348 0.00369926 -0.0254205 0.00524278 -0.00207265 0.00859357 -0.0377941 0.013452 0.00179865 0.0168623 0.0330388 -0.0115719 -0.0147831 0.00424665
internal_weight=1526.98 509.226 106.668 74.7172 50.4145 24.3027 31.9504 1017.76 64.4379 33.3633 17.6016 402.559 52.3582 41.3499 31.2388 26.9597 953.317 943.918 47.2736 896.644 281.224 615.42 37.4572 21.4236 31.0746 22.7105 17.3916 350.2 291.374 58.8267
internal_count=5943 1988 414 289 194 95 125 3955 249 128 68 1574 203 161 121 105 3706 3670 186 3484 1096 2388 148 83 121 88 67 1371 1142 229
is_linear=0
shrinkage=0.05


Tree=11
num_leaves=15
num_cat=0
split_feature=52 6 50 6 19 16 14 4 54 24 50 59 16 29
split_gain=7.58029 7.63547 7.12836 13.5667 9.22643 14.6569 15.3687 8.28782 8.33627 8.13653 10.8273 7.01073 5.4666 2.68424
threshold=7.9000000000000012 14.350000000000003 17.500000000000004 8.4500000000000011 39.045548654244314 34.350000000000001 3.5458041958041959 10.244068832094493 3.7000000000000006 14.900000000000002 13.900000000000002 85.500000000000014 29.550000000000004 5.7500000000000009
decision_type=2 2 2 2 2 2 2 2 2 2 2 2 2 2
left_child=1 2 4 7 5 11 -7 -4 -9 13 -11 -1 -2 -6
right_child=12 -3 3 -5 9 6 -8 8 -10 10 -12 -13 -14 -15
leaf_value=-0.0027082837778388269 -0.0077020914132364688 -0.052082384244635349 -0.085798717558824039 0.033170881879409329 0.083063786824688957 -0.054114691823399369 -0.0062401021991104772 0.031158351317881278 -0.037267333343476969 0.0038296689123771318 0.045240326378898174 0.0062572719769063466 -0.071580595007129988 0.032929671810124739
leaf_weight=287.74444408714771 8.4162063896656019 6.3003913313150397 6.23712791502476 9.5900862663984281 5.2801464200019819 18.717481777071953 158.24312095344067 5.6944230198860195 18.460133701562881 78.611216574907303 19.769266828894615 890.91983792185783 5.7297374308109275 6.7461211979389191
leaf_count=1122 33 25 25 37 20 75 619 22 73 306 76 3461 23 26
internal_value=0.00203229 0.00237719 0.00261179 -0.0181736 0.00318326 0.00204644 -0.0113598 -0.034595 -0.0208679 0.0170819 0.0122393 0.00406425 -0.0342476 0.0558569
internal_weight=1526.46 1512.31 1506.01 39.9818 1466.03 1355.62 176.961 30.3917 24.1546 110.407 98.3805 1178.66 14.1459 12.0263
internal_count=5943 5887 5862 157 5705 5277 694 120 95 428 382 4583 56 46
is_linear=0
shrinkage=0.05


Tree=12
num_leaves=28
num_cat=0
split_feature=20 50 49 0 52 49 55 4 59 9 21 50 29 55 5 49 54 24 5 52 1 53 14 4 20 54 5
split_gain=12.3671 11.9729 13.3587 13.9351 11.5334 10.7969 11.8065 17.5512 14.3083 10.1751 9.68976 9.06728 10.1729 10.7601 9.79803 7.70678 9.44802 11.4596 12.1849 8.38145 13.1715 11.7569 7.39703 8.01146 4.25081 2.51154 1.4425
threshold=33.900000000000006 4.9000000000000012 12.65 19.700000000000006 2.9000000000000004 23.150000000000002 2.9500000000000006 29.96871008939975 171.50000000000003 4.5590306245478667 34.550000000000004 11.500000000000002 5.8500000000000005 1.9500000000000002 4.5000000000000009 23.750000000000004 3.7000000000000006 16.900000000000002 9.9000000000000021 4.7000000000000002 9.1500000000000004 5.4500000000000011 5.188730261734805 21.759221076746854 35.70000000000001 0.90000000000000013 5.1000000000000005
decision_type=2 2 2 2 2 2 2 2 2 2 2 2 2 2 2 2 2 2 2 2 2 2 2 2 2 2 2
left_child=10 9 3 4 -3 6 7 -4 -8 -2 15 12 13 -12 -13 16 19 18 -18 20 -1 -21 23 -5 -7 -11 -24
right_child=1 2 5 22 -6 24 8 -9 -10 25 11 14 -14 -15 -16 -17 17 -19 -20 21 -22 -23 26 -25 -26 -27 -28
leaf_value=-0.014687378342381036 0.0053420056336665857 -0.056722560918154197 -0.010972883055707152 0.064222524546288351 0.036897707581254317 -0.086444998309319565 0.0054835698352557428 0.046387114718062311 0.077375963073135601 -0.037833409690646552 -0.066752958780323418 0.010729726174281338 0.049470543734150718 0.019193239733945096 0.093912186728162164 0.047810749023583128 8.4026677482247722e-05 -0.060591849402544612 -0.057701927271850376 0.018843399724050164 0.0057329206528093889 -0.013181119698488522 0.089688495087511588 -0.015127683734389417 -0.024048978913434157 -0.084644852301856033 0.050063717530732438
leaf_weight=92.95085971057415 7.4393630921840694 7.4686215519905073 319.15761977434158 5.5069777369499224 5.6708425879478455 5.1569175720214826 97.065866619348526 13.791486412286757 7.3781233280897132 5.5637918859720221 6.009537115693095 6.1987143456935874 9.9215051680803281 8.806737616658209 8.7384828180074674 9.9117094427347165 114.45842188596725 9.7500608414411527 9.7967517226934415 188.39300841093063 519.01715239882469 33.535435765981674 7.4063669741153699 7.1201762408018112 6.5344198942184448 8.197149306535719 5.2180661708116531
leaf_count=364 29 30 1249 21 22 21 378 53 28 22 24 24 38 34 33 38 446 39 39 729 2016 131 28 28 26 33 20
internal_value=0.00193027 -0.00442962 -0.00281468 0.0254336 -0.015966 -0.0052458 -0.00395971 -0.00856868 0.0106792 -0.041141 0.00511483 0.0293278 0.0104232 -0.0155455 0.0600261 0.00412437 0.00366695 -0.00863702 -0.00447457 0.00565096 0.00262125 0.0139779 0.0471508 0.0193185 -0.0524949 -0.0664884 0.0742255
internal_weight=1526.16 508.676 487.475 38.3911 13.1395 449.084 437.393 332.949 104.444 21.2003 1017.49 39.675 24.7378 14.8163 14.9372 977.813 967.902 134.005 124.255 833.896 611.968 221.928 25.2516 12.6272 11.6913 13.7609 12.6244
internal_count=5943 1988 1904 149 52 1755 1708 1302 406 84 3955 153 96 58 57 3802 3764 524 485 3240 2380 860 97 49 47 55 48
is_linear=0
shrinkage=0.05


Tree=13
num_leaves=31
num_cat=0
split_feature=20 50 55 14 4 9 21 20 5 58 0 1 55 53 19 21 14 1 52 52 1 11 19 4 5 6 21 55 51 55
split_gain=11.1643 10.8741 11.8714 13.3116 10.7345 9.28999 8.85714 11.5892 9.57698 11.5558 9.33514 8.9592 8.66154 17.1014 8.63056 8.38886 8.32666 8.16873 8.01393 6.93307 10.2273 15.0828 14.5253 20.0838 10.1469 14.083 12.103 11.3423 11.1278 9.13316
threshold=33.900000000000006 4.9000000000000012 1.7500000000000002 3.8538961038961044 30.701111232160368 4.5590306245478667 34.050000000000004 33.300000000000004 5.3000000000000016 20.000000000000004 24.100000000000005 19.050000000000004 2.9500000000000006 5.3500000000000005 27.055881618381623 36.750000000000007 6.1858448928121073 31.200000000000006 4.9000000000000012 4.7000000000000002 9.1500000000000004 1.9500000000000002 12.242571344513093 8.0588958060288345 9.5000000000000018 8.0500000000000025 32.150000000000013 2.4500000000000006 11.850000000000003 3.2500000000000004
decision_type=2 2 2 2 2 2 2 2 2 2 2 2 2 2 2 2 2 2 2 2 2 2 2 2 2 2 2 2 2 2
left_child=6 5 3 -3 12 -2 19 8 9 -8 11 14 16 -14 -9 18 -4 -6 -5 20 21 -1 -22 -24 25 26 -21 -27 -26 -30
right_child=1 2 4 15 17 -7 7 10 -10 -11 -12 -13 13 -15 -16 -17 -18 -19 -20 24 22 -23 23 -25 28 27 -28 -29 29 -31
leaf_value=-0.030857406839084778 0.0050786232705559049 -0.015724249964538164 -0.006972521278678325 0.06355710083365583 -0.0052731957312400308 -0.063600869418349179 0.057803880021910461 0.030239672434880922 0.071923139815324541 -0.022100671231228004 -0.045128553092080081 0.055181561052825484 0.012141558530908802 -0.050376920804415526 -0.048152259096569817 -0.017325031615038591 -0.027498174086402833 0.067522264609313917 -0.0036767829587847768 0.01495267422755428 0.053935908480295808 0.006485347200923035 -0.050733808464369125 0.0040170679185227987 -0.050686755277505137 -0.0037212307243194979 -0.015115118265226497 0.078053534638341471 0.050704590080882829 -0.032408149889875122
leaf_weight=57.076099202036858 7.4391096979379681 16.537590444087982 249.98238414525986 22.011386990547184 6.6603066474199286 13.681575447320936 8.9048171788454074 6.9984288662672096 15.530487358570097 8.9027432948350889 8.068353131413458 9.1614954769611341 98.545443370938301 12.186707422137259 6.7993146628141403 5.3399046361446372 61.929700002074242 8.6325569450855237 5.3569550216197959 196.49458549916744 13.870955511927603 50.906922250986099 17.187347009778023 530.74250130355358 13.563606917858126 5.8928216993808773 40.091866835951805 13.974895745515822 7.2972778379917127 5.8201022446155548
leaf_count=225 29 65 978 84 26 55 34 27 59 35 32 35 383 49 27 21 244 33 21 761 53 198 68 2063 54 23 157 53 28 23
internal_value=0.00183497 -0.00421022 -0.00267249 0.0205572 -0.00530017 -0.0392651 0.00486058 0.0228124 0.0432364 0.0176767 0.000638482 0.0170648 -0.00680238 0.00517668 -0.0080994 0.0390458 -0.0110714 0.0356655 0.0502495 0.0036405 0.000858962 -0.0132168 0.00357521 0.00228159 0.0102002 0.0132658 0.00983204 0.0536513 -0.019019 0.0134835
internal_weight=1525.59 508.304 487.183 49.2458 437.937 21.1207 1017.28 64.3656 33.338 17.8076 31.0276 22.9592 422.644 110.732 13.7977 32.7082 311.912 15.2929 27.3683 952.919 669.784 107.983 561.801 547.93 283.135 256.454 236.586 19.8677 26.681 13.1174
internal_count=5943 1988 1904 191 1713 84 3955 249 128 69 121 89 1654 432 54 126 1222 59 105 3706 2607 423 2184 2131 1099 994 918 76 105 51
is_linear=0
shrinkage=0.05


Tree=14
num_leaves=28
num_cat=0
split_feature=20 59 50 49 0 59 4 0 9 14 20 11 10 21 24 0 21 50 25 49 49 20 59 9 53 54 59
split_gain=10.0878 10.3157 12.3942 13.4724 12.5983 11.5888 11.1036 15.7217 10.5588 9.68025 14.808 9.40057 9.0689 8.82049 8.25599 13.549 12.6402 10.6052 7.48141 12.5879 8.55897 7.40658 8.7968 6.99628 6.9179 2.94925 0.753724
threshold=33.900000000000006 165.50000000000003 5.3000000000000016 12.65 19.700000000000006 194.50000000000003 27.46496340471673 25.500000000000004 11.676837993580078 5.5449494949494964 36.100000000000009 1.8444444444444448 5.1000000000000005 34.750000000000007 20.700000000000006 26.700000000000006 34.050000000000004 11.900000000000002 16.850000000000005 14.050000000000002 23.750000000000004 31.900000000000002 69.500000000000014 4.5590306245478667 2.2500000000000004 1.3 105.50000000000001
decision_type=2 2 2 2 2 2 2 2 2 2 2 2 2 2 2 2 2 2 2 2 2 2 2 2 2 2 2
left_child=14 2 23 4 13 8 12 -8 9 11 -11 -3 -5 -4 15 16 18 26 20 -20 -1 -18 -23 -2 -6 -25 -17
right_child=1 5 3 6 24 -7 7 -9 -10 10 -12 -13 -14 -15 -16 17 21 -19 19 -21 -22 22 -24 25 -26 -27 -28
leaf_value=0.0041406478203876579 -0.0029097971354725295 -0.033467226509485769 0.023584960286294504 -0.0033027152994854272 0.0034207825921291554 -0.046519371671761685 0.06552317019105118 -0.00094621413098695665 0.082615453800726643 0.027120833772169357 -0.075886277574694738 0.037369726405686921 -0.01983558301391701 -0.060300225638951183 0.049242130369879782 -0.051849708789259867 0.071220833548674964 0.004843255900417333 0.045315272126876048 -0.0249381249572612 0.051944174383370671 -0.041310876197274388 0.02760116014811681 -0.040162101223971285 0.066058841822093747 -0.087114377547022837 -0.08532913803458464
leaf_weight=870.49881714582443 7.6628677845001247 5.3098757416009894 6.6634862571954709 187.21723368763924 6.4094359427690533 6.795587182044982 11.539003148674963 37.137998148798943 6.3083995729684821 7.2381119877099973 6.4940113723278046 32.702500551939011 150.16418862342834 5.6769199073314667 10.182695746421812 5.2386220395565051 8.4199183434247953 8.1384674161672574 7.305738389492034 44.467326626181602 9.3871771395206434 5.0504807233810416 42.686152040958405 8.2576373070478422 15.442977562546728 6.8643977940082541 5.4990212023258209
leaf_count=3385 30 21 26 732 25 27 44 145 24 28 26 126 591 23 39 21 32 32 28 175 36 20 165 33 59 28 22
internal_value=0.0017437 -0.00400517 -0.0067397 -0.00477377 0.0252293 0.0145814 -0.00744991 0.01481 0.0218875 0.0142424 -0.0214269 0.0272816 -0.0106798 -0.0147771 0.00462004 0.00415888 0.00496681 -0.0376613 0.00357047 -0.01486 0.00466217 0.0279962 0.0201347 -0.0426022 0.0480138 -0.0622361 -0.0700859
internal_weight=1524.76 507.885 443.036 420.251 34.1928 64.8485 386.058 48.677 58.0529 51.7445 13.7321 38.0124 337.381 12.3404 1016.87 1006.69 987.816 18.8761 931.659 51.7731 879.886 56.1566 47.7366 22.7849 21.8524 15.122 10.7376
internal_count=5943 1988 1736 1645 133 252 1512 189 225 201 54 147 1323 49 3955 3916 3841 75 3624 203 3421 217 185 91 84 61 43
is_linear=0
shrinkage=0.05


Tree=15
num_leaves=27
num_cat=0
split_feature=20 14 16 10 1 59 53 49 0 10 19 53 4 24 15 4 9 54 9 16 59 19 1 16 20 15
split_gain=11.092 16.1964 13.5554 9.20336 12.5808 13.6472 15.4795 12.2449 11.6683 11.5356 13.814 13.4289 9.24497 9.00292 10.6522 8.87651 11.5869 12.191 10.3581 10.6166 10.2581 9.95324 9.12285 8.03527 7.07593 9.68627
threshold=29.900000000000002 6.6924113475177309 13.15 2.1000000000000005 11.050000000000002 115.50000000000001 2.4500000000000006 23.150000000000002 14.900000000000002 5.1000000000000005 38.903940379626967 2.1500000000000008 20.013986697965574 9.9000000000000021 17.700000000000006 10.172065482410312 7.3517952635599704 1.7000000000000004 2.5811247575953464 13.350000000000003 41.500000000000007 16.285192909280504 7.3166666666666673 15.550000000000002 27.700000000000006 16.100000000000005
decision_type=2 2 2 2 2 2 2 2 2 2 2 2 2 2 2 2 2 2 2 2 2 2 2 2 2 2
left_child=1 15 -2 4 13 8 -7 9 -6 11 -11 -5 -9 14 -4 16 20 -18 24 -20 23 -21 -22 -1 25 -17
right_child=2 -3 3 7 5 6 -8 12 -10 10 -12 -13 -14 -15 -16 18 17 -19 19 21 22 -23 -24 -25 -26 -27
leaf_value=-0.0095006415321727856 -0.073369222213709215 0.071096979331818411 0.027744343840346644 -0.071892397845262773 0.021612072843315372 0.035287102068107354 -0.04426728740904793 0.0060431045979667565 -0.022562313787850251 -0.0099077963140986741 0.013058486323266651 0.0078125202687984539 -0.076212844135498017 0.065065831122195203 -0.060310692537820704 0.067909644893781221 0.011689358588252156 -0.082934986336016536 -0.043349351962815981 0.064678326483172927 0.024694777075503285 0.008838810041768376 -0.0027579738594970538 -0.082297579906407528 0.083764868119280342 -0.023336735854393404
leaf_weight=10.696405559778215 6.4504198879003516 9.6875867247581464 10.362807124853136 5.2361580580472937 27.661724656820297 6.7218309640884391 55.674645304679871 5.3289446979761115 32.239893823862076 298.16898559033871 83.647093340754509 456.32244119048119 8.851144149899481 7.6066717803478232 5.0101417303085318 5.5231068581342715 5.4051890671253195 8.6296482086181623 9.3516663759946805 8.1425448954105359 42.227698564529419 292.97005109488964 105.27800007164478 5.963541939854621 7.670733615756034 5.8400222808122635
leaf_count=42 26 37 40 21 107 26 221 21 127 1169 326 1776 36 29 20 21 21 35 37 31 163 1136 410 24 29 23
internal_value=0.00138425 0.00733782 -0.00166319 -0.00118971 -0.0128246 -0.0192237 -0.0355743 0.00077679 -0.00207785 0.00155974 -0.00486122 0.0068821 -0.0451247 0.0209505 -0.000834519 0.0060976 -0.00286923 -0.046314 0.0109616 0.00873823 0.000840442 0.0103864 0.00507869 -0.0361927 0.0467316 0.0207834
internal_weight=1526.67 517.386 1009.28 1002.83 145.278 122.298 62.3965 857.555 59.9016 843.375 381.816 461.559 14.1801 22.9796 15.3729 507.699 178.2 14.0348 329.498 310.464 164.166 301.113 147.506 16.6599 19.0339 11.3631
internal_count=5954 2009 3945 3919 570 481 247 3349 234 3292 1495 1797 57 89 60 1972 695 56 1277 1204 639 1167 573 66 73 44
is_linear=0
shrinkage=0.05


Tree=16
num_leaves=21
num_cat=0
split_feature=50 51 5 1 4 19 6 6 11 14 9 59 59 6 4 0 14 51 52 4
split_gain=5.97553 5.97305 10.1374 8.6661 12.8997 10.786 16.4668 14.5527 9.58132 9.44481 7.66798 6.49073 15.0279 11.1816 5.97966 6.1295 8.4451 6.45424 3.82642 2.0829
threshold=19.900000000000002 7.1500000000000012 2.5000000000000004 20.950000000000003 23.453588516746414 35.608668242710799 8.6500000000000004 6.5277777777777786 9.9500000000000011 1.9973262032085564 6.5571895424836608 98.500000000000014 148.50000000000003 6.6333333333333337 26.25344036697248 10.700000000000001 1.5325381140598535 6.6500000000000012 4.5000000000000009 24.665450390682594
decision_type=2 2 2 2 2 2 2 2 2 2 2 2 2 2 2 2 2 2 2 2
left_child=1 2 -1 4 8 6 7 -5 9 -3 19 13 -13 -7 15 16 -4 -17 -8 -6
right_child=-2 3 14 5 10 11 18 -9 -10 -11 -12 12 -14 -15 -16 17 -18 -19 -20 -21
leaf_value=-0.069352689693557124 -0.043522210645545303 -0.0020296647843768357 -0.02816360997245226 -0.013809669261229243 0.095491006412483509 0.030368730321439049 -0.080900519704825008 0.024716356289293986 -0.062674756720880062 0.0079676214504861564 0.0024871377499463632 -0.015942352905984017 0.019739890837681552 -0.0095699375398658262 0.0390383443853934 -0.034687582119129166 0.05548364301871709 0.0023590643168236339 -0.025595494682910482 0.046903036064134616
leaf_weight=6.9707636833190909 7.2873996496200553 371.9601146876812 5.0473977327346784 161.97330439090729 5.5708994567394274 48.139726683497429 9.7847696989774686 28.710849612951279 5.2592399567365637 644.0254091322422 6.1768050193786612 79.172745063900948 46.852416455745697 27.217741519212723 6.43985292315483 28.062576949596405 7.0583068430423737 19.749267727136612 5.212599664926528 5.1886693686246872
leaf_count=28 29 1452 20 636 21 186 40 112 21 2502 24 311 182 107 25 112 27 78 21 20
internal_value=0.00131503 0.00153634 -0.012365 0.00224593 0.00467242 -0.00392999 -0.0119872 -0.00797278 0.00394686 0.00430278 0.0478497 0.00427626 -0.00263198 0.0158838 -0.00620791 -0.0112112 0.0202528 -0.0193077 -0.0623063 0.0731681
internal_weight=1525.86 1518.57 73.3282 1445.25 1038.18 407.064 205.682 190.684 1021.24 1015.99 16.9364 201.383 126.025 75.3575 66.3574 59.9175 12.1057 47.8118 14.9974 10.7596
internal_count=5954 5925 290 5635 4040 1595 809 748 3975 3954 65 786 493 293 262 237 47 190 61 41
is_linear=0
shrinkage=0.05


Tree=17
num_leaves=21
num_cat=0
split_feature=20 14 16 29 16 20 10 20 24 21 21 59 0 16 55 21 19 24 50 19
split_gain=9.89169 14.5708 12.4109 8.76604 12.786 12.3515 10.903 16.6562 13.8986 10.4395 10.4641 7.27285 9.82132 11.349 10.4418 9.96655 8.73936 7.88998 8.1779 4.7956
threshold=29.900000000000002 6.6924113475177309 13.15 1.2500000000000002 15.65 35.900000000000006 2.1000000000000005 33.500000000000007 7.5000000000000009 29.850000000000005 30.650000000000002 74.500000000000014 21.500000000000004 27.450000000000003 1.7500000000000002 29.350000000000005 29.235926628716005 4.5000000000000009 15.300000000000002 16.34851442203427
decision_type=2 2 2 2 2 2 2 2 2 2 2 2 2 2 2 2 2 2 2 2
left_child=1 11 -2 5 -5 9 7 -6 -8 19 -11 16 13 15 -15 -13 17 -1 -19 -4
right_child=2 -3 3 4 6 -7 8 -9 -10 10 -12 12 -14 14 -16 -17 -18 18 -20 -21
leaf_value=0.045545412591958864 -0.070503771162361353 0.067622129294053521 -0.015928526954523858 0.059390771630410857 0.00029865944048410861 0.049717727339788742 0.052997371968660938 -0.038963049138421559 0.00070468976370359222 0.04745878648500685 -0.021576475916874047 0.0062565360958533964 0.070031712302903726 0.04512466375932106 -0.0285733429506633 0.027265735980100139 0.04694869142781255 -0.021262424932656478 0.033077026805433382 -0.074176152973102552
leaf_weight=5.4750271439552298 6.4012034088373175 9.6017089039087278 5.3341329842805889 8.9048402011394483 68.715537369251251 5.9589719027280799 12.818150222301481 44.145261526107788 797.8791318833828 6.2422711849212638 39.510808199644089 302.62205451726913 6.3024394661188117 5.4681444019079199 33.616544678807259 69.674887835979462 6.7533723413944236 69.874510049819946 7.5285219401121131 12.502992182970045
leaf_count=21 26 37 21 34 268 23 49 176 3118 24 156 1175 24 21 132 269 26 275 29 50
internal_value=0.0012489 0.00687389 -0.00162993 -0.00117796 9.47735e-05 -0.0182892 -0.000477906 -0.0150351 0.0015441 -0.0248086 -0.0119657 0.00570119 0.00847973 0.0075078 -0.0180462 0.0102081 -0.00718617 -0.0117089 -0.0158768 -0.0572221
internal_weight=1525.33 516.917 1008.41 1002.01 932.463 69.5492 923.558 112.861 810.697 63.5902 45.7531 507.316 417.684 411.382 39.0847 372.297 89.6314 82.8781 77.403 17.8371
internal_count=5954 2009 3945 3919 3645 274 3611 444 3167 251 180 1972 1621 1597 153 1444 351 325 304 71
is_linear=0
shrinkage=0.05


Tree=18
num_leaves=28
num_cat=0
split_feature=20 16 10 59 10 59 1 1 58 56 19 21 1 29 16 19 5 49 10 19 4 21 5 20 21 49 52
split_gain=8.94453 11.3422 11.3303 12.8827 9.21018 9.0142 10.5469 16.417 10.665 9.1043 8.19673 10.1851 9.86713 7.92767 11.5657 11.457 10.4227 10.0714 11.3563 8.90504 8.23254 7.84855 7.67143 6.00713 6.85816 3.70538 1.8663
threshold=29.900000000000002 13.15 4.9000000000000012 156.50000000000003 4.5000000000000009 74.500000000000014 10.65 16.850000000000005 8.0000000000000018 6.5000000000000009 21.568681094324216 24.850000000000005 10.550000000000002 1.2500000000000002 15.65 25.966039520020871 6.3000000000000016 23.150000000000002 2.1000000000000005 13.216870300751882 19.473783941362658 27.250000000000004 8.9000000000000021 27.900000000000002 27.550000000000004 17.350000000000005 4.7000000000000002
decision_type=2 2 2 2 2 2 2 2 2 2 2 2 2 2 2 2 2 2 2 2 2 2 2 2 2 2 2
left_child=2 -2 4 10 5 6 8 -8 -1 22 11 -4 -13 15 -15 16 19 18 -16 -3 -19 -6 -7 24 -12 -5 -25
right_child=1 13 3 25 21 9 7 -9 -10 -11 23 12 -14 14 17 -17 -18 20 -20 -21 -22 -23 -24 26 -26 -27 -28
leaf_value=0.0050619516394985378 -0.067722560940317741 0.025005383088908359 0.069164451345474748 0.0094748275987804245 0 0.009907848558320732 0.024494907281539899 -0.048096587861245571 -0.048947343632125585 0.056844760482360424 0.064631479820006055 -0.056808577738712396 0.025464732051532629 0.056517897063810496 -0.014804683281168724 0.031593008843213262 0.023432832439463418 0.0020884890183355347 0.0023273485382853802 -0.041959620774811905 -0.069088446744490259 -0.072946099156302499 -0.012846684519256702 0.054656074468578356 -0.010651626692225261 -0.046633734702687682 0.08941493113867284
leaf_weight=14.3296772390604 6.3366062790155402 5.4140582978725424 5.5068291723728207 5.1607978641986829 7.4579121172428113 306.59837609529495 32.573605075478554 10.104594334959982 24.318574607372284 9.4088668972253782 5.4768015742301959 6.3035427480936042 8.2860920429229719 8.8948868215084058 109.97601327300072 10.025322839617727 8.9396468549966794 6.797964513301852 797.13523918390274 45.060017436742783 9.5089912563562375 7.000622034072876 41.862789332866669 11.196856111288072 6.3595087379217148 6.3098948299884796 8.3804292976856214
leaf_count=56 26 21 21 20 29 1189 126 40 97 36 21 25 32 34 433 39 35 27 3112 179 39 28 164 43 25 25 32
internal_value=0.00118877 -0.00154881 0.00653942 0.0264082 0.00376482 0.00507064 -0.00991878 0.00711883 -0.0288318 0.0084928 0.0371036 0.0117628 -0.00988633 -0.00111852 9.08523e-05 -0.0174046 -0.0257956 -0.000453332 0.000243387 -0.0346426 -0.0392799 -0.0353202 0.00715696 0.0530676 0.0240135 -0.021094 0.0701682
internal_weight=1524.72 1008.09 516.636 62.9808 453.655 439.196 81.3265 42.6782 38.6483 357.87 51.5101 20.0965 14.5896 1001.75 932.313 69.439 59.4137 923.418 907.111 50.4741 16.307 14.4585 348.461 31.4136 11.8363 11.4707 19.5773
internal_count=5954 3945 2009 244 1765 1708 319 166 153 1389 199 78 57 3919 3645 274 235 3611 3545 200 66 57 1353 121 46 45 75
is_linear=0
shrinkage=0.05


Tree=19
num_leaves=31
num_cat=0
split_feature=20 14 25 16 6 50 16 16 1 50 52 25 51 10 51 51 48 6 10 1 1 20 14 16 50 10 9 20 49 9
split_gain=8.08549 12.5266 10.6082 12.9306 10.7648 12.3495 10.3863 10.0099 12.523 9.47069 9.50457 13.2108 9.7296 6.60995 13.3973 14.2101 10.947 11.7095 10.3125 11.2785 11.8569 9.01921 8.56455 8.39022 11.3052 8.71101 6.49637 6.43164 4.98074 4.17367
threshold=29.900000000000002 6.6924113475177309 8.5500000000000025 23.550000000000004 2.5500000000000003 13.100000000000001 13.15 30.750000000000004 19.450000000000003 5.1000000000000005 2.7000000000000006 6.7500000000000009 13.950000000000001 2.1000000000000005 9.0500000000000025 7.1500000000000012 24.500000000000004 5.1500000000000012 5.1000000000000005 31.200000000000006 32.850000000000001 32.70000000000001 2.9783944243675795 36.45000000000001 18.300000000000001 3.4500000000000006 4.9311865427637249 28.900000000000002 17.950000000000003 4.7562853551225652
decision_type=2 2 2 2 2 2 2 2 2 2 2 2 2 2 2 2 2 2 2 2 2 2 2 2 2 2 2 2 2 2
left_child=1 2 9 4 28 -6 -2 8 -5 -1 11 -11 -12 14 15 26 17 -16 23 22 -21 -17 -20 24 -15 -25 -8 -9 -4 -18
right_child=6 -3 3 7 5 -7 13 27 -10 10 12 -13 -14 18 16 21 29 -19 19 20 -22 -23 -24 25 -26 -27 -28 -29 -30 -31
leaf_value=0.047433063029224204 -0.065173454415133114 0.063058008900790316 0.077763183274468906 -0.0007680973606343823 0.0082662705575483834 0.043037327216213665 0 0.00029828725364430142 -0.053403213360023329 0.0019208000763995621 -0.002204694067882867 -0.056797791135721309 0.066402245041052396 0.0091613749121684119 -0.047137762955798267 0.057245869692753852 -0.0030679032756618044 -0.010954207265720483 -0.056019829070491904 0.06879130831365575 -0.0096559439914292687 0.0033629413607790325 -0.0061487431997228614 0.024827884930410122 -0.062451249822026836 -0.02171539005079513 -0.080579852643147681 0.059226630840752185 0.022892105883227959 0.058661569095257174
leaf_weight=8.8641795814037305 6.2610436230897895 9.431588485836981 11.075571700930597 79.60378335416317 117.48455591499805 32.769053727388382 5.0868253409862501 8.9756135791540164 13.111353948712347 18.735269322991371 174.65480346977711 19.152600273489952 5.2248291969299308 402.87128114700317 38.595175474882126 15.114232420921327 5.3239764720201475 54.290878161787987 8.7525625526905042 10.121781498193743 8.8835820704698545 16.320592671632767 360.79742147028446 12.581635400652884 5.4724927842617026 47.296449661254883 4.7227716147899628 9.8612544089555723 7.2338441163301459 5.2211989611387253
leaf_count=34 26 37 42 310 456 126 20 35 52 73 682 76 20 1567 153 58 21 214 35 39 35 64 1415 49 22 187 20 38 28 20
internal_value=0.00113078 0.0062208 0.00514084 0.0116498 0.0203869 0.0159064 -0.00147186 -0.00151426 -0.0083149 -0.00288371 -0.00497562 -0.0277016 -0.000148352 -0.00106214 -0.0109454 0.0130533 -0.0205668 -0.0260772 0.000601986 -0.0054124 0.0320028 0.0295284 -0.00735827 0.00560381 0.00817435 -0.0118272 -0.0390018 0.0315616 0.0565979 0.0272903
internal_weight=1523.89 516.178 506.747 280.115 168.563 150.254 1007.71 111.552 92.7151 226.632 217.768 37.8879 179.88 1001.45 144.676 41.2444 103.431 92.8861 856.777 388.555 19.0054 31.4348 369.55 468.222 408.344 59.8781 9.8096 18.8369 18.3094 10.5452
internal_count=5954 2009 1972 1087 652 582 3945 435 362 885 851 149 702 3919 570 162 408 367 3349 1524 74 122 1450 1825 1589 236 40 73 70 41
is_linear=0
shrinkage=0.05


Tree=20
num_leaves=31
num_cat=0
split_feature=20 21 55 28 53 14 11 19 59 11 59 21 21 24 14 11 53 4 19 20 29 53 54 55 29 5 0 20 20 55
split_gain=5.7272 14.6183 12.9543 11.5342 8.38208 11.1877 11.1432 12.9834 11.9222 10.8647 10.069 11.9995 10.2102 9.92297 9.74346 8.15944 7.93927 12.5853 11.2354 12.7137 10.9732 9.57217 9.43858 7.30561 7.10771 4.79548 10.8472 4.39089 4.18914 2.60078
threshold=33.500000000000007 34.050000000000004 1.6500000000000001 7.5000000000000009 3.6500000000000008 1.3300024795437642 6.2500000000000009 35.699134199134207 69.500000000000014 8.3500000000000032 52.500000000000007 37.350000000000001 30.950000000000003 11.900000000000002 4.5420197740113002 6.3500000000000005 3.6500000000000008 10.244068832094493 13.908403026682597 21.100000000000005 2.4222222222222229 3.0500000000000003 3.9000000000000004 2.0500000000000003 4.5500000000000007 4.7000000000000002 18.700000000000006 33.300000000000004 32.500000000000007 2.7500000000000004
decision_type=2 2 2 2 2 2 2 2 2 2 2 2 2 2 2 2 2 2 2 2 2 2 2 2 2 2 2 2 2 2
left_child=1 3 -3 16 10 29 7 13 -8 -10 -2 12 -12 -7 -9 -14 18 20 19 -1 -18 -20 -19 24 -13 26 -4 -27 -5 -6
right_child=4 2 25 28 5 6 8 14 9 -11 11 23 15 -15 -16 -17 17 22 21 -21 -22 -23 -24 -25 -26 27 -28 -29 -30 -31
leaf_value=-0.046015754451669222 -0.054818942071356375 -0.033322452249803784 0.06226557492041266 -0.017167783927661006 -0.078632447641741321 0.020581955223500537 0.036157461904329009 -0.010248155202279764 -0.034400814186682331 0.0016043670075510071 0.070711252268372382 0.057347532716826778 -0.0053875198826916883 -0.0099668517698820736 0.034913008509073883 0.021905012297102205 0.00056494250168297145 0.013521735356242001 0.0033675080783382248 0.035530612569225017 -0.034334349376819416 -0.017170913734272542 -0.0071585659684222178 0.081879203511291326 -0.017527481431461527 0.077123283377167937 -0.034044429119307613 0.027435724040031639 -0.075058621922527699 -0.027051954511836281
leaf_weight=5.5435963422060004 6.2045111358165732 5.8282821625471106 6.5469744652509672 7.5401510596275312 5.9071230888366681 31.459753200411797 9.0610430091619474 16.553216010332108 67.839539557695389 29.906897738575935 5.4882038533687583 6.2642457634210604 104.16435326635838 166.38900126516819 41.098704755306244 36.997091576457024 130.87853997945786 423.12605254352093 105.91371773183346 30.034764096140862 27.040197625756264 121.16739983856678 63.046340376138687 8.1540827602148038 6.1006778329610825 14.168698325753214 5.0643673837184906 7.2240955680608741 5.7278037518262863 5.0299921929836273
leaf_count=22 25 23 25 30 24 122 35 65 269 117 21 24 410 655 159 144 512 1643 413 116 107 475 247 31 24 54 20 28 23 20
internal_value=0.00211445 0.00444436 0.0344676 0.00316809 -0.00196348 -0.00619006 -0.00466297 0.000989419 -0.0182194 -0.023343 0.00710518 0.0094648 0.00440229 -0.00507611 0.0218643 0.00174064 0.00385246 0.00684248 -0.00346042 0.0225911 -0.00539712 -0.00757224 0.0108287 0.0452073 0.0201599 0.0466543 0.0199003 0.0607827 -0.0429079 -0.0558236
internal_weight=1505.47 958.851 38.8324 920.019 546.618 373.245 362.308 255.501 106.807 97.7464 173.373 167.169 146.65 197.849 57.6519 141.161 906.751 644.091 262.659 35.5784 157.919 227.081 486.172 20.519 12.3649 33.0041 11.6113 21.3928 13.268 10.9371
internal_count=5883 3738 150 3588 2145 1466 1422 1001 421 386 679 654 575 777 224 554 3535 2509 1026 138 619 888 1890 79 48 127 45 82 53 44
is_linear=0
shrinkage=0.05


Tree=21
num_leaves=22
num_cat=0
split_feature=15 58 15 1 21 16 9 24 25 15 15 55 55 48 4 29 54 53 25 16 28
split_gain=5.4228 13.7861 10.8617 7.22202 9.19212 8.0429 9.20503 7.64532 8.72713 8.24321 7.13375 9.97584 9.02569 11.4133 8.52867 6.7646 6.03163 5.94987 9.39372 3.03925 1.85874
threshold=9.9000000000000021 7.0000000000000009 12.100000000000001 8.9500000000000011 23.350000000000005 16.844444444444449 3.5067290552584676 7.5000000000000009 8.6500000000000004 14.700000000000001 17.300000000000001 3.0500000000000003 2.7500000000000004 18.900000000000002 8.7359979101358434 1.6500000000000001 1.1000000000000003 4.5500000000000007 5.5500000000000007 11.850000000000003 0.70000000000000007
decision_type=2 2 2 2 2 2 2 2 2 2 2 2 2 2 2 2 2 2 2 2 2
left_child=1 -1 17 10 5 6 -5 9 -9 -6 12 14 16 -14 -12 -7 -4 18 -2 -20 -21
right_child=2 -3 3 4 7 15 -8 8 -10 -11 11 -13 13 -15 -16 -17 -18 -19 19 20 -22
leaf_value=0.024036462438923597 -0.014348332147623622 -0.072242685053365951 -0.030610846482881794 0.040181004336006597 -0.017593527362982846 0.082942992827012729 -0.051668019862616113 -0.013883418084462522 0.0022544209417415212 0.024803418389595891 -0.019658092502967763 0.029194948951246937 -0.070106564858109607 0.0063317675522818195 -0.074065722562002501 0.02242347159004281 0.017613925240526646 -0.0025327418757047811 0.092153198580605028 0.068751381728599653 0.027017424552267823
leaf_weight=6.7081877291202527 5.1188113689422634 7.9864397495985031 7.5143117606639853 5.4509648233652133 13.742440328001974 8.3725066184997576 5.2432253062725067 90.193192884325981 1152.8048464208841 64.04223695397377 20.459330588579181 6.1718222200870505 9.1995593756437319 10.025142118334768 11.432126924395559 11.056908473372458 41.851743444800377 9.2141594886779767 5.7945870161056545 5.251398026943205 6.9742578715085983
leaf_count=26 20 32 30 21 54 32 21 354 4507 248 81 24 37 39 46 43 163 36 22 20 27
internal_value=0.00200962 -0.0280873 0.00231168 0.00167094 0.00266309 0.0299396 -0.00444966 0.00203498 0.0010784 0.0172359 -0.0108397 -0.0281733 -0.0011209 -0.0301609 -0.0394884 0.0490497 0.0101252 0.03093 0.0444238 0.0613816 0.0457618
internal_weight=1504.61 14.6946 1489.91 1457.56 1350.91 30.1236 10.6942 1320.78 1243 77.7847 106.654 38.0633 68.5908 19.2247 31.8915 19.4294 49.3661 32.3532 23.1391 18.0202 12.2257
internal_count=5883 58 5825 5700 5280 117 42 5163 4861 302 420 151 269 76 127 75 193 125 89 69 47
is_linear=0
shrinkage=0.05


Tree=22
num_leaves=31
num_cat=0
split_feature=4 1 50 6 55 50 6 52 19 52 52 50 9 5 11 25 6 4 9 53 25 58 53 51 49 55 1 1 5 29
split_gain=5.18521 5.74585 15.3044 16.2531 12.5251 11.176 10.7327 10.4216 13.6815 12.649 14.2444 12.4448 11.6982 10.9436 10.7406 10.3141 10.1206 12.1841 13.6881 12.7697 10.1121 9.75029 9.4261 8.90676 8.88883 8.65065 8.03456 5.45324 6.28467 1.5441
threshold=4.71904761904762 18.150000000000002 14.300000000000002 6.5277777777777786 3.2500000000000004 15.300000000000002 4.1333333333333337 2.9000000000000004 20.818944099378886 3.7000000000000006 4.3000000000000016 17.900000000000002 4.0579111270810886 8.1000000000000014 1.9500000000000002 6.7500000000000009 3.0500000000000003 19.040148499693817 2.9829302641802644 3.3500000000000001 8.5500000000000025 10.000000000000002 3.2500000000000004 8.3500000000000032 20.750000000000004 3.3500000000000001 14.15 18.725000000000005 3.1000000000000005 4.6500000000000012
decision_type=2 2 2 2 2 2 2 2 2 2 2 2 2 2 2 2 2 2 2 2 2 2 2 2 2 2 2 2 2 2
left_child=-1 7 16 5 24 25 -7 12 11 14 -11 13 22 -9 -10 21 27 19 -19 -18 -17 -14 23 -2 -5 -4 -24 -3 -29 -6
right_child=1 2 3 4 29 6 -8 8 9 10 -12 -13 15 -15 -16 20 17 18 -20 -21 -22 -23 26 -25 -26 -27 -28 28 -30 -31
leaf_value=-0.040745068283468563 0.015337278678000396 -0.02037101262343495 -0.073993248698390163 0.0048227101039063514 0.073602458829735581 -0.05577273681154047 0.002601346237925331 0.0053010360383434398 0.0019929655699252877 -0.011756914028736713 0.015975696963226052 -0.057069572781224036 -0.010005664242763449 -0.023618800541625903 0.040733178396124135 -0.05233956058575822 0.013361443083877336 -0.070385354246855034 0.0049374813496305837 -0.027705306583318257 -0.013250522369921103 0.075202748400568828 0.011347678168811735 -0.027501083754391142 -0.071113088419010359 -0.0032923580565654567 0.061972693680515868 0.044458887159561949 -0.005650284705442178 0.031543932114178101
leaf_weight=6.9798605293035498 24.089291155338287 5.3475479185581198 21.163299739360813 16.023448035120971 5.2390852421522123 11.517733961343763 23.954307809472084 315.80266554653645 24.617457702755928 62.283756583929062 177.95983426272869 8.9527387022972089 8.1327649503946287 36.357383102178574 68.301526859402657 21.291681438684464 25.903455719351768 6.0243044197559348 372.48415073752403 68.398519068956375 76.444552659988403 5.4971812069416037 25.192501500248909 24.121717035770416 4.9301393926143637 5.6321442127227774 11.544799149036406 27.051293358206749 7.8830720186233512 5.1369976252317429
leaf_count=28 94 21 85 63 20 46 94 1232 96 244 692 36 32 144 263 85 101 24 1458 270 300 21 98 95 20 22 44 104 31 20
internal_value=0.00190991 0.0021148 -0.00163171 -0.0202181 0.00901108 -0.0349957 -0.0163156 0.00467252 0.00755147 0.0148581 0.00876324 0.000794257 -0.00548224 0.00229527 0.0305365 -0.0161514 0.00175232 -0.000289194 0.00370717 -0.0163697 -0.0218619 0.0242935 0.00844867 -0.00600537 -0.0130595 -0.059386 0.0275175 0.0257798 0.033025 0.0537572
internal_weight=1504.26 1497.28 606.689 93.5972 31.3297 62.2675 35.472 890.59 694.275 333.163 240.244 361.113 196.314 352.16 92.919 111.366 513.092 472.81 378.508 94.302 97.7362 13.6299 84.9483 48.211 20.9536 26.7954 36.7373 40.2819 34.9344 10.3761
internal_count=5883 5855 2379 370 123 247 140 3476 2707 1295 936 1412 769 1376 359 438 2009 1853 1482 371 385 53 331 189 83 107 142 156 135 40
is_linear=0
shrinkage=0.05


Tree=23
num_leaves=31
num_cat=0
split_feature=20 21 16 49 55 52 48 9 15 48 28 52 11 11 51 51 15 9 4 48 1 29 4 25 1 57 1 55 20 5
split_gain=5.10115 13.3758 12.3281 11.927 11.6669 9.54247 13.5569 8.88932 11.5198 8.82541 8.67017 7.36702 13.5753 17.3652 12.6768 18.6217 10.0462 9.7203 8.65125 10.832 10.7078 9.10112 7.83316 6.29691 5.81193 5.13092 4.64342 4.44834 3.44719 2.95186
threshold=33.500000000000007 34.050000000000004 39.050000000000004 23.150000000000002 1.6500000000000001 4.7000000000000002 22.100000000000005 2.1998644151362017 12.700000000000001 24.500000000000004 3.3000000000000003 4.1000000000000005 5.6500000000000012 2.5500000000000003 10.550000000000002 13.050000000000002 25.700000000000006 5.1096325549450556 25.313852813852815 9.7000000000000011 12.050000000000002 4.4500000000000011 21.588470396965182 8.1500000000000004 27.150000000000002 1.0000000180025095e-35 27.450000000000003 1.8500000000000003 35.70000000000001 5.1000000000000005
decision_type=2 2 2 2 2 2 2 2 2 2 2 2 2 2 2 2 2 2 2 2 2 2 2 2 2 2 2 2 2 2
left_child=1 2 5 11 -3 6 10 -7 -9 -8 -1 18 13 16 25 -16 -13 -15 20 27 23 -21 -22 -2 -4 -14 29 -20 -5 -6
right_child=3 4 24 28 26 7 9 8 -10 -11 -12 12 14 17 15 -17 -18 -19 19 21 22 -23 -24 -25 -26 -27 -28 -29 -30 -31
leaf_value=-0.0016236631721892611 0.0067013189654269367 -0.031499299519581705 -0.088043515953996357 -0.080527487263815437 0.032700757560396095 -0.036565586596125944 -0.047848436478371704 0.055345873118551082 0.010399376673640551 0.0010838320761338584 0.012045737901015855 -0.0079332855615548824 -0.071529282887203879 -0.0045351162169330918 0.0029843769431357019 -0.066277410740842813 -0.064677086307109985 0.023465346007790308 -0.04543817204048918 -0.014839659997420721 0.002472271766394407 0.036963671391556326 -0.019646249489044365 0.078993596484756443 -0.01522684219538886 -0.026037543310894709 0 0.010255798948469032 -0.022018446629995914 0.067165935824205936
leaf_weight=441.62892758846283 6.0367801040410978 5.82501196861267 5.087910979986189 5.7066079676151258 12.14742234349251 9.211425840854643 23.336234897375107 15.11358469724655 246.24129183590412 14.854435652494429 157.02667881548405 19.80090519785881 14.898208513855934 59.012781754136086 49.50499264895916 11.934483811259268 13.068075880408285 64.552222296595573 7.7347796857357007 9.9787944406270963 149.54376529157162 50.43305978178978 54.419210121035576 6.3024171888828278 6.3472585678100586 11.616543412208557 5.0673028081655493 6.335503950715065 5.1447349190711975 15.611017927527426
leaf_count=1726 24 23 21 24 47 37 93 58 960 58 610 78 60 231 194 48 53 251 31 39 586 195 215 24 25 46 20 25 21 60
internal_value=0.00181416 0.00401508 0.00279527 -0.0020362 0.0328027 0.00345299 0.000102534 0.0113177 0.0130378 -0.0287323 0.00195487 -0.000969493 -0.00737461 0.00143388 -0.0230819 -0.0104742 -0.0307729 0.0100595 0.00439715 0.019084 -0.00064354 0.0283138 -0.00341139 0.0443658 -0.0485414 -0.0519592 0.0444262 -0.0201123 -0.0536987 0.0524346
internal_weight=1503.52 957.499 918.848 546.024 38.6508 907.413 636.846 270.566 261.355 38.1907 598.656 535.173 244.388 156.434 87.9542 61.4395 32.869 123.565 290.784 74.4821 216.302 60.4119 203.963 12.3392 11.4352 26.5148 32.8257 14.0703 10.8513 27.7584
internal_count=5883 3738 3588 2145 150 3542 2487 1055 1018 151 2336 2100 961 613 348 242 131 482 1139 290 849 234 801 48 46 106 127 56 45 107
is_linear=0
shrinkage=0.05


Tree=24
num_leaves=20
num_cat=0
split_feature=15 58 15 14 4 1 21 15 1 29 49 24 20 24 15 20 10 9 55
split_gain=4.76207 12.5806 9.54149 6.77077 8.51515 6.17663 8.30407 7.13255 6.79205 9.33962 11.9595 7.51005 9.16222 6.75419 7.44012 5.96503 5.52785 5.42868 4.31108
threshold=9.9000000000000021 7.0000000000000009 12.100000000000001 1.4253969489414697 7.8022988505747133 8.9500000000000011 23.350000000000005 17.300000000000001 8.2500000000000018 1.6500000000000001 14.950000000000001 8.7000000000000011 29.500000000000004 7.5000000000000009 14.700000000000001 25.100000000000005 0.50000000000000011 4.9875188536953248 2.5500000000000003
decision_type=2 2 2 2 2 2 2 2 2 2 2 2 2 2 2 2 2 2 2
left_child=1 -1 3 -2 -5 8 7 18 11 10 -10 12 -4 14 -8 -6 -15 -9 -7
right_child=2 -3 5 4 15 6 13 17 9 -11 -12 -13 -14 16 -16 -17 -18 -19 -20
leaf_value=0.023201212358860884 0.063779243949348585 -0.068969533735484201 0.0017474724870013569 -0.042872616090464097 -0.0023972098296361931 -0.033863002045348943 -0.017063530713054099 0.013660666490219804 0.0038378842227498357 0.019310805491233866 -0.066810058940736508 0.05051351433184479 -0.048028465259758117 -0.04377025934180874 0.023230005329397008 0.055552836085128156 0.0010798696344036984 0.070266958654417733 0.026347235870699148
leaf_weight=6.6938759088516218 9.6763152182102186 7.9249968081712723 55.260410308837891 5.0375274717807796 7.6916509717702892 5.5371259599924105 13.731043756008146 7.4077966660261181 8.8970644325017947 7.6686012744903556 17.393134340643883 6.227157086133956 10.962854474782942 6.8045010119676581 63.90814246237278 9.8926506191492063 1234.7886252850294 10.851439788937567 6.1666648089885712
leaf_count=26 37 32 216 20 30 22 54 29 35 30 70 24 45 27 248 38 4834 42 24
internal_value=0.00172247 -0.0265546 0.00200542 0.0288507 0.0134753 0.00140438 0.00232233 0.0283173 -0.010179 -0.0286026 -0.0427881 -0.00144705 -0.00647723 0.00172603 0.0160267 0.0300516 0.000826538 0.0477735 -0.00176051
internal_weight=1502.52 14.6189 1487.9 32.2981 22.6218 1455.6 1349.2 29.963 106.409 33.9588 26.2902 72.4504 66.2233 1319.23 77.6392 17.5843 1241.59 18.2592 11.7038
internal_count=5883 58 5825 125 88 5700 5280 117 420 135 105 285 261 5163 302 68 4861 71 46
is_linear=0
shrinkage=0.05


Tree=25
num_leaves=24
num_cat=0
split_feature=52 4 21 58 51 20 1 25 29 29 5 29 24 48 19 19 54 10 20 24 53 11 14
split_gain=8.56749 7.33253 14.1445 9.42338 10.3564 14.909 8.39623 12.998 14.8722 20.0994 13.3166 12.8655 12.3314 7.17238 6.41949 9.84782 8.50901 8.25251 14.4655 8.31182 5.50178 3.84554 2.3063
threshold=7.9000000000000012 27.581153266675802 32.050000000000004 27.000000000000004 11.350000000000003 36.70000000000001 24.150000000000002 17.950000000000003 5.1500000000000012 8.1500000000000004 4.9000000000000012 4.0500000000000007 16.100000000000005 9.9000000000000021 35.79201550387598 36.367261904761911 3.5000000000000004 5.1000000000000005 30.100000000000005 20.500000000000004 5.8500000000000005 4.9500000000000011 6.6924113475177309
decision_type=2 2 2 2 2 2 2 2 2 2 2 2 2 2 2 2 2 2 2 2 2 2 2
left_child=1 6 -3 21 13 -6 14 10 11 -10 -8 -9 -12 -5 17 -16 -17 19 -19 -1 -2 -4 -23
right_child=20 2 3 4 5 -7 7 8 9 -11 12 -13 -14 -15 15 16 -18 18 -20 -21 -22 22 -24
leaf_value=0.0030231509017790053 -0.067996019325171478 -0.058800922298201413 0.017233296943115022 -0.014253322538684688 0.0073361360863903576 -0.086139478246482104 0.01648637283068281 0.012743508937700106 0.026146570408789607 -0.044317850090325045 0.0039374208269353931 -0.046260473299533998 -0.067535104524536885 0.041085421785664544 0.068588781464601886 0.0018244149533527855 0.053595944033070456 0.016407588132134873 -0.012965204615824309 0.05546676614305978 0 0.083829380063811049 0.041639933634094572
leaf_weight=955.64309304952621 7.1660837829112989 5.7452811598777762 6.92626824975014 7.3528127521276465 17.843846291303638 5.4713304191827765 9.7721826881170255 14.129320174455641 55.047608613967896 12.259958535432814 7.8706363439559963 25.803458467125893 23.941130474209785 25.819491222500801 8.1007479131221753 51.19570130109787 9.3464280366897565 52.968078121542931 197.72670036554337 7.5286405682563773 5.0233491808176041 7.6015383154153806 7.4783076792955399
leaf_count=3736 29 23 27 29 70 22 38 55 214 49 31 103 97 100 31 201 36 207 779 29 20 29 29
internal_value=0.00138336 0.00172357 0.0160539 0.0216643 0.0106987 -0.0146603 0.000875626 -0.0103563 -0.00109764 0.0131907 -0.0340534 -0.0252787 -0.0497383 0.0286631 0.0021836 0.0170542 0.0099745 0.00133723 -0.00673517 0.00344398 -0.0401795 0.0494099 0.0636486
internal_weight=1527.76 1515.57 84.2389 78.4936 56.4875 23.3152 1431.33 148.824 107.24 67.3076 41.5839 39.9328 31.8118 33.1723 1282.51 68.6429 60.5421 1213.87 250.695 963.172 12.1894 22.0061 15.0798
internal_count=5984 5935 329 306 221 92 5606 587 421 263 166 158 128 129 5019 268 237 4751 986 3765 49 85 58
is_linear=0
shrinkage=0.05


Tree=26
num_leaves=21
num_cat=0
split_feature=11 53 25 1 53 48 24 16 19 16 5 10 50 1 50 50 59 24 6 21
split_gain=6.93705 7.75031 12.8115 9.28055 8.27424 7.78018 7.53129 7.45931 6.24341 10.0359 14.1937 17.2435 9.2523 8.68066 8.52284 7.27713 13.4844 6.9493 5.96992 0.481208
threshold=1.0500000000000003 4.9500000000000011 8.4500000000000011 6.6500000000000012 3.4500000000000006 16.700000000000006 11.300000000000002 9.9500000000000011 39.045548654244314 33.95000000000001 5.5000000000000009 4.1000000000000005 8.1000000000000014 25.150000000000002 16.900000000000002 7.1000000000000005 98.500000000000014 22.300000000000001 5.5500000000000007 29.550000000000004
decision_type=2 2 2 2 2 2 2 2 2 2 2 2 2 2 2 2 2 2 2 2
left_child=1 2 3 -1 -5 -6 19 -2 9 13 11 -11 -12 18 15 16 -10 -17 -9 -4
right_child=7 -3 6 4 5 -7 -8 8 14 10 12 -13 -14 -15 -16 17 -18 -19 -20 -21
leaf_value=0.046252056262142627 -0.055617367626277628 0.061269763615290289 0.078917760923976926 -0.066354993496787112 0.029952556747267819 -0.035597410851865879 -0.0018928300329158138 -0.0012934594559327337 0.048014350572085258 -0.070083510067659782 0.0023399506149837527 0.009789956692752148 -0.031044742865903044 0.061217013662473431 -0.048201473769094998 0.024258893522748064 -0.040042798417473491 -0.032634853640557224 0.0062740074021922498 0.051763695366395905
leaf_weight=6.0014523118734386 5.7658534944057456 8.8135944008827192 5.9824408739805239 7.4176612794399288 8.6904328167438525 9.1983280628919584 5.892852157354354 727.92984041571617 6.2058502435684231 7.2053052186965934 27.428259447216988 88.957174971699715 81.696922093629837 6.004576936364173 5.4926199316978446 87.43163575232029 13.754805624485014 5.5601581931114188 405.24769335985184 6.2336303740739822
leaf_count=23 23 34 23 30 34 37 23 2849 24 29 108 349 327 23 22 342 55 22 1583 24
internal_value=0.00131585 0.0182293 0.0103438 -0.00889363 -0.0222989 -0.00348554 0.0437435 0.00064066 0.000869596 -9.65988e-05 -0.0102736 0.00368663 -0.0226134 0.00173371 0.0118699 0.0148753 -0.0123134 0.020772 0.00140873 0.0660003
internal_weight=1526.91 58.2304 49.4168 31.3079 25.3064 17.8888 18.1089 1468.68 1462.91 1344.47 205.288 96.1625 109.125 1139.18 118.445 112.952 19.9607 92.9918 1133.18 12.2161
internal_count=5984 228 194 124 101 71 70 5756 5733 5268 813 378 435 4455 465 443 79 364 4432 47
is_linear=0
shrinkage=0.05


Tree=27
num_leaves=12
num_cat=0
split_feature=52 6 9 4 16 25 24 29 11 50 28
split_gain=7.78341 6.18558 10.0647 6.27527 14.7619 11.2111 7.85782 7.24593 6.11107 4.58702 2.29872
threshold=7.9000000000000012 14.350000000000003 12.46668472372698 27.581153266675802 34.350000000000001 18.050000000000004 16.500000000000004 5.3375000000000012 4.6500000000000012 10.300000000000002 4.1000000000000005
decision_type=2 2 2 2 2 2 2 2 2 2 2
left_child=1 2 3 4 7 -6 -5 -1 -8 -4 -2
right_child=10 -3 9 6 5 -7 8 -9 -10 -11 -12
leaf_value=0.0017213620021183517 -0.019143441006070749 -0.046918795654815895 0.014074155313377657 0.07415806140306537 -0.025543895191139584 -0.0015733391180661122 -0.018756945410817308 0.01781691422389357 0.017252424034759864 0.079948551723665801 -0.065094221515571524
leaf_weight=1138.6741900891066 7.2399520277976972 6.440053164958953 5.3164692074060422 5.1438050419092169 86.156494334340096 113.40659542381763 14.199355483055113 74.519817471504211 64.520613595843315 5.7369766235351562 4.8910533785820007
leaf_count=4454 29 26 21 20 345 447 56 291 253 22 20
internal_value=0.00125069 0.00157467 0.00178822 0.00143203 0.000639008 -0.0119547 0.0147149 0.00271553 0.0106781 0.0491229 -0.0384597
internal_weight=1526.25 1514.11 1507.67 1496.62 1412.76 199.563 83.8638 1213.19 78.72 11.0534 12.131
internal_count=5984 5935 5909 5866 5537 792 329 4745 309 43 49
is_linear=0
shrinkage=0.05


Tree=28
num_leaves=22
num_cat=0
split_feature=11 14 53 10 1 0 11 19 11 19 24 48 4 15 6 48 4 15 10 11 48
split_gain=6.29525 7.64874 7.07748 7.08116 11.5703 9.33479 7.00232 6.65802 6.46254 6.07838 17.1069 13.9518 8.87958 10.9053 12.0706 6.62137 6.20443 6.66924 5.63106 3.9962 3.66042
threshold=1.0500000000000003 0.94838280903854677 4.9500000000000011 0.50000000000000011 11.15 9.7000000000000011 1.1214285714285717 16.642607463391595 0.95000000000000007 11.953981264637005 9.9000000000000021 13.500000000000002 8.2798901782014109 22.900000000000002 4.0500000000000007 22.100000000000005 8.4280835676978718 11.100000000000001 0.90000000000000013 3.7500000000000004 16.900000000000002
decision_type=2 2 2 2 2 2 2 2 2 2 2 2 2 2 2 2 2 2 2 2 2
left_child=2 6 3 7 5 18 -2 -1 -6 10 11 -3 13 14 -11 -13 -14 -18 -5 -15 -8
right_child=1 9 -4 4 8 -7 20 -9 -10 12 -12 15 16 19 -16 -17 17 -19 -20 -21 -22
leaf_value=0.018659251444206219 0.0090367924586902716 0.05910932312242724 0.05863329567839487 -0.0091391372390414033 0.077900155073214378 -0.044462631058318054 -0.083255586218748276 -0.055955369111673425 0.0073783740107626096 -0.045890944146782991 0.075483610614785132 0 0.052587615569914703 -0.028829308559578399 0.011210592347727337 -0.056079786493603692 -0.039563829858055441 0.0012433412306992403 0.052908965092673871 -0.091839067188025106 -0.025523434253788991
leaf_weight=5.1009342819452268 6.6274438798427608 8.087890610098837 8.7473271340131742 7.0144615918397921 9.8720920085906965 8.1840482205152494 5.7165054529905301 6.7553988099098206 5.0962800085544577 13.790496826171873 10.247540086507795 19.054329067468647 5.7432290017604819 5.034943222999571 27.433229237794876 7.2004954218864432 9.98241940140724 1336.7791180759668 7.2353588342666626 5.9493735879659653 6.0736203640699387
leaf_count=20 26 31 34 28 38 33 23 27 20 55 39 75 22 20 107 29 40 5241 28 24 24
internal_value=0.00118849 0.000545919 0.0173325 0.00979308 0.0205301 -0.00200784 -0.0313774 -0.0235483 0.0544297 0.000957184 0.0191128 0.00197678 0.000375986 -0.0198323 -0.00783531 -0.0155909 0.00116115 0.000934244 0.0221666 -0.0639287 -0.0544005
internal_weight=1525.73 1467.72 58.0059 49.2586 37.4022 22.4339 18.4176 11.8563 14.9684 1449.3 44.5903 34.3427 1404.71 52.208 41.2237 26.2548 1352.5 1346.76 14.2498 10.9843 11.7901
internal_count=5984 5756 228 194 147 89 73 47 58 5683 174 135 5509 206 162 104 5303 5281 56 44 47
is_linear=0
shrinkage=0.05


Tree=29
num_leaves=23
num_cat=0
split_feature=52 4 21 0 49 16 4 53 54 59 51 55 59 58 58 1 51 10 48 53 59 21
split_gain=7.00611 5.55377 12.5734 13.5643 12.1969 9.81718 10.2226 9.4435 9.10918 8.46585 9.15671 11.1005 10.5685 7.63153 10.9502 7.6074 7.00093 6.74835 9.32327 5.03488 3.29995 4.5559
threshold=7.9000000000000012 27.581153266675802 32.050000000000004 25.500000000000004 17.550000000000004 33.95000000000001 24.781806196440346 4.2500000000000009 1.7000000000000004 155.50000000000003 10.850000000000003 2.6500000000000008 87.500000000000014 19.000000000000004 25.000000000000004 25.150000000000002 7.3500000000000005 5.3000000000000016 18.300000000000001 5.8500000000000005 108.50000000000001 35.250000000000007
decision_type=2 2 2 2 2 2 2 2 2 2 2 2 2 2 2 2 2 2 2 2 2 2
left_child=1 5 -3 20 8 6 15 -6 -5 10 12 -12 -7 -11 -15 16 -1 18 -8 -2 -4 -22
right_child=19 2 3 4 7 9 17 -9 -10 13 11 -13 -14 14 -16 -17 -18 -19 -20 -21 21 -23
leaf_value=-0.013319360705824457 -0.063571274068938866 -0.056696777458982883 0.079219231307446389 0.00042017396539872627 -0.061608618995314751 0.0021363192156213014 0.047609414975843443 0.0016576762842164024 0.056581428991043653 0.062374853220369036 0.019258932487810035 -0.015122808361615695 -0.034480076956848869 -0.023934117156655454 0.031559366119132112 0.057562404960297298 0.0026186517733732934 0.073242846606392339 -0.033155573923256479 0.0008087157121247061 0.0030365872717136718 0.068227584282072901
leaf_weight=73.379281431436539 7.0568235218524915 5.7310393005609503 8.4987249523401278 13.987352564930918 7.9801345169544247 27.294992491602898 8.8243002593517321 21.298813000321388 15.237477898597716 6.2406691610813132 37.196705743670464 63.113194867968559 68.414496839046478 18.370163291692734 17.006213054060936 6.0125917792320243 1089.9510322660208 7.8299401700496665 5.8041548430919638 5.0085406303405762 5.5817781835794431 5.3936972320079803
leaf_count=291 29 23 33 55 32 108 34 84 59 24 146 252 274 73 66 23 4262 30 23 20 22 21
internal_value=0.00112931 0.00143624 0.0139491 0.0192713 0.00710538 0.000699054 0.00255269 -0.0155667 0.0299656 -0.0085735 -0.0129336 -0.00231716 -0.0239941 0.0118247 0.00261566 0.00190486 0.00160798 0.035904 0.0152171 -0.0366481 0.0553412 0.0358517
internal_weight=1525.21 1513.15 83.709 77.978 58.5038 1429.44 1191.8 29.2789 29.2248 237.636 196.019 100.31 95.7095 41.617 35.3764 1169.34 1163.33 22.4584 14.6285 12.0654 19.4742 10.9755
internal_count=5984 5935 329 306 230 5606 4663 116 114 943 780 398 382 163 139 4576 4553 87 57 49 76 43
is_linear=0
shrinkage=0.05


Tree=30
num_leaves=23
num_cat=0
split_feature=4 0 25 25 29 29 51 24 24 15 25 24 10 15 21 28 29 0 54 55 14 53
split_gain=5.62533 10.0979 17.4927 9.88306 6.92619 12.0597 6.04402 6.71967 7.88917 7.57517 10.2166 6.12541 5.88873 5.23765 8.92212 5.21179 5.17263 4.69195 4.60027 3.04626 2.3671 0.826813
threshold=29.96871008939975 29.300000000000001 20.250000000000004 22.050000000000004 8.6500000000000004 9.1500000000000004 7.1500000000000012 21.900000000000002 22.500000000000004 42.70000000000001 16.650000000000002 21.100000000000005 5.7000000000000002 33.500000000000007 34.95000000000001 0.90000000000000013 4.9500000000000011 24.500000000000004 2.1000000000000005 2.4500000000000006 4.7760429225946472 3.8500000000000001
decision_type=2 2 2 2 2 2 2 2 2 2 2 2 2 2 2 2 2 2 2 2 2 2
left_child=4 19 18 21 6 -6 13 9 12 11 -11 -8 -9 14 15 -1 -10 -15 -3 -2 -7 -4
right_child=1 2 3 -5 5 20 7 8 16 10 -12 -13 -14 17 -16 -17 -18 -19 -20 -21 -22 -23
leaf_value=0.024340632848726958 0.028868074165383107 -0.080419006753783481 0.080870193760496326 -0.019771682151493452 -0.075793803807213289 -0.018523050071079013 0.0010741320161190291 0.018381723393236758 -0.039481229564411448 0.02631409799431076 -0.052171925545010094 -0.03418487614410539 0.089991530897796032 0.04368364007846004 -0.075317139532862842 -0.02092934562023975 0.020578464394843524 -0.013770783813933905 -0.013390772697460564 0.083635309931542307 0.029142833954160272 0.046221776728096263
leaf_weight=7.3820613622665396 5.2838505953550321 5.1578546315431613 5.0964445769786817 5.0539425313472739 8.1355355083942431 4.9932746291160566 1333.8395491838455 5.890923812985422 5.0214922577142742 5.6163644343614605 14.553215861320494 12.326593667268751 6.0620739609003067 6.4444645196199399 6.699082985520362 39.775526791810989 11.779025807976721 7.5164842456579208 5.4950799345970154 5.940746545791626 5.136822834610939 5.0953517556190491
leaf_count=29 21 21 20 20 33 20 5229 23 20 22 59 49 23 25 28 158 46 30 22 23 20 20
internal_value=0.000179638 0.0193793 0.00195086 0.0363928 -0.000299472 -0.0308146 8.01981e-05 0.000792629 0.0246732 0.000284653 -0.0300483 0.000745043 0.0555595 -0.0144813 -0.0215828 -0.0137005 0.00220403 0.012517 -0.046755 0.0587783 0.00520747 0.0646511
internal_weight=1518.3 37.1233 25.8987 15.2457 1481.17 18.2656 1462.91 1395.09 28.7535 1366.34 20.1696 1346.17 11.953 67.8176 53.8567 47.1576 16.8005 13.9609 10.6529 11.2246 10.1301 10.1918
internal_count=5961 147 103 60 5814 73 5741 5471 112 5359 81 5278 46 270 215 187 66 55 43 44 40 40
is_linear=0
shrinkage=0.05


Tree=31
num_leaves=20
num_cat=0
split_feature=11 52 14 25 25 49 14 10 6 52 52 53 52 50 50 52 28 52 28
split_gain=5.17948 10.0074 9.10631 6.60466 7.39086 5.86671 6.70702 8.20007 5.57216 9.45729 6.02212 5.41966 6.28458 6.03267 4.04837 5.20422 3.85022 5.75366 2.99209
threshold=1.0500000000000003 5.7000000000000002 0.94838280903854677 9.1500000000000004 11.105555555555556 14.950000000000001 1.1575187969924816 0.70000000000000007 12.050000000000002 5.3000000000000016 7.9000000000000012 6.0500000000000007 5.3000000000000016 11.100000000000001 6.5000000000000009 3.9000000000000004 1.7000000000000004 4.7000000000000002 2.3000000000000003
decision_type=2 2 2 2 2 2 2 2 2 2 2 2 2 2 2 2 2 2 2
left_child=1 3 16 5 -5 -1 7 -7 10 14 11 12 -4 -13 -10 -16 -2 -18 -12
right_child=2 -3 8 4 -6 6 -8 -9 9 -11 18 13 -14 -15 15 -17 17 -19 -20
leaf_value=-0.037346815169881975 -0.064998612455048607 0.069939107877793547 -0.0015379954874467712 0.076638798640317973 0 -0.010892307975137541 -0.026291172280662207 0.055683593710132741 -0.0042688865253647937 -0.032872638098633264 -0.065519169763524079 0.0069746979102783884 0.0072593898919131239 -0.065393785949393254 0.050180429832302267 0.0093027572375641698 0.019401384505016717 -0.052375343376567379 -0.013965190372385805
leaf_weight=9.5046458542346937 6.9238415360450771 7.1519772112369528 1122.3228911608458 6.1675560772418958 6.0954684913158417 8.2331349104642921 9.2556969821453077 10.079374372959135 8.4494855105876905 7.9690509289503089 4.8902655690908414 4.8433492332696897 247.71963430941105 6.5558066517114639 19.852932706475258 13.413392543792723 5.39653831720352 5.4646518677473068 7.3712625652551651
leaf_count=38 28 28 4405 24 24 33 37 39 34 32 20 19 970 27 77 53 21 22 30
internal_value=0.000170792 0.0150154 -0.000400655 0.00682686 0.0385108 -0.00359451 0.00795443 0.0255835 3.52501e-05 0.0164751 -0.000548376 -0.00023382 4.94387e-05 -0.0344173 0.0260777 0.0339252 -0.0358596 -0.0164042 -0.0352946
internal_weight=1517.66 56.4879 1461.17 49.3359 12.263 37.0729 27.5682 18.3125 1443.39 49.6849 1393.7 1381.44 1370.04 11.3992 41.7158 33.2663 17.785 10.8612 12.2615
internal_count=5961 223 5738 195 48 147 109 72 5667 196 5471 5421 5375 46 164 130 71 43 50
is_linear=0
shrinkage=0.05


Tree=32
num_leaves=20
num_cat=0
split_feature=9 50 4 0 25 25 15 50 24 20 25 52 29 54 11 4 49 20 53
split_gain=6.58918 9.66791 5.2424 9.22555 15.9183 9.22378 8.84266 8.69668 8.66262 6.63174 6.51806 5.15991 5.11345 4.19398 3.55553 3.51868 3.3137 3.01325 0.790434
threshold=12.46668472372698 9.5000000000000018 29.96871008939975 29.300000000000001 20.250000000000004 22.050000000000004 42.900000000000006 6.9000000000000012 22.100000000000005 35.900000000000006 21.550000000000004 7.9000000000000012 4.5500000000000007 2.1000000000000005 6.0500000000000007 25.372301749602368 18.950000000000003 35.300000000000004 3.8500000000000001
decision_type=2 2 2 2 2 2 2 2 2 2 2 2 2 2 2 2 2 2 2
left_child=2 -2 6 14 13 18 8 -8 10 -9 11 -1 -10 -5 -4 -14 -11 -3 -6
right_child=1 17 3 4 5 -7 7 9 12 16 -12 -13 15 -15 -16 -17 -18 -19 -20
leaf_value=2.883787111519739e-05 -0.013828964458276355 0.031662962214495667 0.022871584259221079 -0.077161112736380544 0.07834698249728872 -0.019359957374205091 0.029181980680919508 0.0041209959671312931 -0.002698252797418566 -0.035300384182486842 -0.048567244274636809 -0.033132899161508959 0.085564450885697016 -0.012953375461373082 0.081920490624617287 0.025879744144145407 -0.078575766986446194 0.088742615418643367 0.044296750738008997
leaf_weight=1395.7440058141947 7.0025324225425747 5.0720079541206342 4.9891333878040296 5.1135943233966845 5.0088479816913587 5.0561439990997306 5.6493674516677848 6.7179166525602367 5.3302181810140601 12.509698480367662 6.915785923600196 11.727386027574537 5.2513986974954587 5.4942776411771774 6.1185406446456909 5.4043654352426529 7.775152623653411 5.1846337020397186 5.0576126575469971
leaf_count=5477 28 20 20 21 20 20 22 27 21 50 28 48 20 22 24 21 32 20 20
internal_value=0.000161327 0.0307914 -0.000189833 0.0184085 0.00170938 0.0347447 -0.000662773 -0.0263509 -7.1075e-05 -0.0382185 -0.000489478 -0.000246256 0.0364099 -0.0448036 0.0562849 0.0562806 -0.0524371 0.0615772 0.0623352
internal_weight=1517.12 17.2592 1499.86 36.8382 25.7305 15.1226 1463.03 32.6521 1430.37 27.0028 1414.39 1407.47 15.986 10.6079 11.1077 10.6558 20.2849 10.2566 10.0665
internal_count=5961 68 5893 147 103 60 5746 131 5615 109 5553 5525 62 43 44 41 82 40 40
is_linear=0
shrinkage=0.05


Tree=33
num_leaves=21
num_cat=0
split_feature=9 50 11 53 25 14 57 0 0 15 59 21 10 59 24 48 59 29 6 54
split_gain=5.98972 8.83452 4.94471 9.23055 8.1786 8.09589 13.0731 7.45965 6.02199 6.07818 5.80036 5.19237 14.6047 11.6475 10.4111 15.9464 6.37512 6.22646 1.69717 1.1213
threshold=12.46668472372698 9.5000000000000018 1.0500000000000003 4.8500000000000005 9.1500000000000004 0.94838280903854677 1.0000000180025095e-35 14.900000000000002 8.1000000000000014 11.300000000000002 141.50000000000003 23.750000000000004 3.3000000000000003 165.50000000000003 5.1000000000000005 14.100000000000001 139.50000000000003 1.7500000000000002 13.850000000000003 2.7000000000000006
decision_type=2 2 2 2 2 2 2 2 2 2 2 2 2 2 2 2 2 2 2 2
left_child=2 -2 3 4 8 6 -4 -6 9 -1 -10 12 13 -7 15 -13 -14 -16 -3 -5
right_child=1 18 5 19 7 11 -8 -9 10 -11 -12 14 16 -15 17 -17 -18 -19 -20 -21
leaf_value=-0.02130928844269589 -0.013155110542000095 0.080404080200757982 0.010323367772407921 0.036552679815430845 0.072105463653938592 -0.0088599500462278376 -0.074938121297956531 -0.0040765518651878106 -0.0094537326505221685 0.049916359680101802 -0.071248076289382928 0.012765528373852336 0.070411651342444065 0.061914200626233012 -0.0071682291221460363 -0.085856308872299295 0.0064818271088841559 0.0012090462622480957 0.035769013549375367 0.073846814641764888
leaf_weight=5.0236450135707837 6.9983954429626491 5.0648003816604596 8.4209431111812592 5.0582578033208829 7.1313306242227537 48.551413670182228 9.2796324789524078 5.5521038621664047 16.251832827925686 6.9321293085813522 4.9810688495635977 7.4016137570142773 12.783492252230646 6.5013071894645682 280.63933353126049 8.8161521255969983 5.881843999028205 1054.7735930979252 5.1158056557178497 5.33490090072155
leaf_count=20 28 20 33 20 28 191 38 22 65 27 20 29 49 25 1105 36 23 4141 20 21
internal_value=0.000154205 0.0294262 -0.000179796 0.0143441 0.0045378 -0.000750511 -0.0342645 0.0385951 -0.00840421 0.0196451 -0.0244506 -0.000328438 0.0125794 -0.000314299 -0.00103701 -0.0407376 0.0506744 -0.000548114 0.0590272 0.0566939
internal_weight=1516.49 17.179 1499.31 56.2653 45.8721 1443.05 17.7006 12.6834 33.1887 11.9558 21.2329 1425.35 73.7181 55.0527 1351.63 16.2178 18.6653 1335.41 10.1806 10.3932
internal_count=5961 68 5893 223 182 5670 71 50 132 47 85 5599 288 216 5311 65 72 5246 40 41
is_linear=0
shrinkage=0.05


Tree=34
num_leaves=14
num_cat=0
split_feature=9 50 16 1 0 15 0 6 16 0 55 21 20
split_gain=5.45526 8.10247 4.76253 7.23875 9.51302 10.1385 8.75176 7.10198 6.95558 7.82216 3.61689 4.61874 2.81834
threshold=12.46668472372698 9.5000000000000018 8.3166666666666682 6.6500000000000012 7.3000000000000016 11.900000000000002 7.3000000000000016 1.7500000000000002 19.250000000000004 6.9000000000000012 2.7500000000000004 24.050000000000004 35.300000000000004
decision_type=2 2 2 2 2 2 2 2 2 2 2 2 2
left_child=2 -2 -1 6 8 -6 10 -7 9 -5 11 -4 -3
right_child=1 12 3 4 5 7 -8 -9 -10 -11 -12 -13 -14
leaf_value=-0.046192146728511511 -0.012514780832274173 0.027806461888474826 0.065050747443870557 -0.012351713879040271 0.050712745284519273 0.045664848600450419 -0.023968619193742401 -0.00046892735376081828 0.023243113071118256 -0.060683980295300644 0.0016863102151758467 0.014106838522549814 0.083344160698940253
leaf_weight=5.5003703087568274 6.9938840866088894 5.0134862363338453 12.728021949529653 20.18393237888813 9.7496377974748594 8.2912906706333143 7.5214953124523154 1400.371171027422 6.3455707579851142 14.704526573419569 6.0011970549821845 7.3482350856065741 5.0632493495941162
leaf_count=22 28 20 49 80 38 32 30 5505 25 59 24 29 20
internal_value=0.000147795 0.0281723 -0.000169925 0 -0.000526224 0.000159301 0.0229133 -0.000190616 -0.0241719 -0.0329806 0.0366664 0.0468146 0.0567485
internal_weight=1515.82 17.0706 1498.75 1493.25 1459.65 1418.41 33.5989 1408.66 41.234 34.8885 26.0775 20.0763 10.0767
internal_count=5961 68 5893 5871 5739 5575 132 5537 164 139 102 78 40
is_linear=0
shrinkage=0.05


Tree=35
num_leaves=21
num_cat=0
split_feature=19 51 51 29 24 19 0 25 1 25 1 1 10 48 58 51 21 49 0 11
split_gain=5.06867 10.6669 9.32715 7.32809 7.00018 6.72374 10.7324 15.0878 7.43654 10.9717 5.93601 8.93729 14.3787 9.96513 8.27535 6.81369 12.6798 9.98907 5.39048 2.95398
threshold=39.045548654244314 6.4500000000000011 7.9500000000000011 8.6500000000000004 19.500000000000004 42.267688420127449 25.700000000000006 20.250000000000004 30.550000000000004 20.650000000000002 28.350000000000005 24.150000000000002 8.7000000000000011 20.700000000000006 29.000000000000004 7.3500000000000005 27.550000000000004 12.15 25.500000000000004 6.1500000000000012
decision_type=2 2 2 2 2 2 2 2 2 2 2 2 2 2 2 2 2 2 2 2
left_child=3 -2 18 10 -5 8 -7 -8 9 -4 11 15 13 -13 19 16 -1 -17 -3 -12
right_child=1 2 5 4 -6 6 7 -9 -10 -11 14 12 -14 -15 -16 17 -18 -19 -20 -21
leaf_value=0.022171022411534517 0.078315622844073549 -0.0029393510000308622 0.020619877580411818 -0.0015791625776047681 -0.081700052688461644 0.050901797148951593 -0.050380943562678637 0.027073722943520298 0.065507418258528835 -0.055458056527951771 0.071934886633675019 -0.010506570729351532 0.050531587027833891 -0.047858924045509038 -0.018962682357473809 0.036421426289652885 -0.023826784177326955 0.0010656471963303689 -0.071280425137135575 0.020137814248880073
leaf_weight=19.348934918642044 5.4079371243715277 6.4399403184652311 58.701427280902863 5.7814874798059446 5.2966799736022949 6.3254885971546164 16.480622112751011 9.9561211466789228 8.0513627976179105 5.0292342752218238 7.3064542114734667 72.959419965744019 7.7283815145492545 23.829856291413307 6.073165073990821 20.240330711007118 64.127753600478172 1164.827863484621 5.3903002589941025 5.0569935142993927
leaf_count=76 21 26 232 23 22 25 67 40 32 20 28 289 30 97 24 78 257 4567 22 20
internal_value=0.000447333 0.0102292 0.00695774 -0.000399106 -0.040722 0.0117634 -0.00687786 -0.0210309 0.0203388 0.0144605 -7.15863e-05 -0.000454566 -0.0145031 -0.0197944 0.0280296 0.000700029 -0.0130914 0.00167675 -0.0348337 0.0514812
internal_weight=1524.36 121.782 116.374 1402.58 11.0782 104.544 32.7622 26.4367 71.782 63.7307 1391.5 1373.06 104.518 96.7893 18.4366 1268.54 83.4767 1185.07 11.8302 12.3634
internal_count=5996 485 464 5511 45 416 132 107 284 252 5466 5394 416 386 72 4978 333 4645 48 48
is_linear=0
shrinkage=0.05


Tree=36
num_leaves=21
num_cat=0
split_feature=56 19 51 50 50 24 19 10 20 1 1 10 24 52 0 19 24 25 25 25
split_gain=5.48719 6.00529 9.27976 8.00646 10.2333 7.15601 6.77687 5.55715 10.5095 13.3329 18.1768 11.7966 16.9726 11.6134 8.31598 7.39442 6.61074 18.2694 8.57781 6.39934
threshold=196.00000000000003 39.045548654244314 6.4500000000000011 17.500000000000004 9.5000000000000018 21.500000000000004 40.060385216033325 5.1000000000000005 30.100000000000005 10.738888888888891 8.1500000000000004 8.7000000000000011 12.100000000000001 5.3000000000000016 28.700000000000006 22.711599869664386 16.300000000000001 15.65 15.050000000000002 20.450000000000003
decision_type=2 2 2 2 2 2 2 2 2 2 2 2 2 2 2 2 2 2 2 2
left_child=1 7 -3 4 6 -6 -4 14 9 10 -9 15 -13 -11 16 -10 18 -18 -1 -16
right_child=-2 2 3 -5 5 -7 -8 8 11 13 -12 12 -14 -15 19 -17 17 -19 -20 -21
leaf_value=0.0018488415084137436 -0.038430514664878318 0.075313255494978845 0.032933197144870079 -0.047825740526570903 0.028781228533152816 -0.03112990636513412 -0.017547407147623643 0.055564209625597896 0.0067673535359192155 0.014428287544705893 -0.054771936965344187 -0.043216854193108639 0.037220989692635945 0.077976052305191612 -0.084240286321079785 -0.01668379333646126 0.047073535149228123 0.0031452261777698723 -0.015971150213815784 -0.0040562991604632097
leaf_weight=806.57896754145622 8.9279160350561124 5.3478331863880149 8.1156017631292325 5.8831764459609976 60.272978574037552 5.2726249843835822 34.000761464238167 5.1944974064826992 39.228060021996498 29.067581295967102 12.394076615571974 8.5352910012006742 26.777065217494965 9.615044489502905 4.8396634310483915 221.75077618658543 29.279387772083282 123.46369107067585 73.587251216173172 5.3150278478860855
leaf_count=3162 36 21 32 24 240 21 137 20 154 114 50 34 104 37 20 880 113 486 290 21
internal_value=0.000425396 0.000660271 0.0114434 0.00832764 0.0114841 0.0238456 -0.00764665 -0.000255516 -0.00568455 0.0140717 -0.0217734 -0.00945698 0.0175702 0.0305131 0.00157511 -0.0131384 0.00202436 0.0116239 0.000351657 -0.0432079
internal_weight=1523.45 1514.52 118.893 113.545 107.662 65.5456 42.1164 1395.63 352.562 56.2712 17.5886 296.291 35.3124 38.6826 1043.06 260.979 1032.91 152.743 880.166 10.1547
internal_count=5996 5960 475 454 430 261 169 5485 1393 221 70 1172 138 151 4092 1034 4051 599 3452 41
is_linear=0
shrinkage=0.05


Tree=37
num_leaves=14
num_cat=0
split_feature=50 56 19 16 10 25 1 50 54 1 16 54 24
split_gain=5.02388 4.92821 5.29464 8.29166 10.6692 11.2186 8.6666 7.99716 6.74622 9.30668 6.08932 14.8211 6.15817
threshold=1.7000000000000004 196.00000000000003 39.045548654244314 34.350000000000001 8.7000000000000011 17.950000000000003 22.950000000000003 17.500000000000004 4.1000000000000005 26.650000000000002 31.550000000000004 2.3000000000000003 16.300000000000001
decision_type=2 2 2 2 2 2 2 2 2 2 2 2 2
left_child=-1 2 3 10 5 -5 -6 8 9 -4 12 -12 -2
right_child=1 -3 7 4 6 -7 -8 -9 -10 -11 11 -13 -14
leaf_value=0.047087187486650597 -0.0012893165278915297 -0.03666962013239583 0.02529789967655436 -0.030834224321144268 -0.021094060999278099 -0.0039255183202688004 0.055509503531288723 -0.045675875380831767 0.061205706563471421 -0.0043448141199523178 -0.0067954342230867604 0.026965275445726258 0.012418505897917312
leaf_weight=5.6425726860761634 989.40129345655441 8.894459053874014 52.48872697353363 62.672226041555405 5.5289222151041022 102.58475297689438 10.342599034309385 5.857434853911399 6.9323682487010947 52.80284221470356 60.320821404457092 69.858813256025314 89.219176515936852
leaf_count=22 3883 36 209 255 22 408 40 24 27 213 237 272 348
internal_value=0.000404576 0.000224537 0.000447877 -0.000412505 -0.0103885 -0.0141731 0.0285462 0.0106095 0.0136298 0.0103949 0.00107892 0.0112901 -0.000149779
internal_weight=1522.55 1516.9 1508.01 1389.93 181.129 165.257 15.8715 118.081 112.224 105.292 1208.8 130.18 1078.62
internal_count=5996 5974 5938 5465 725 663 62 473 449 422 4740 509 4231
is_linear=0
shrinkage=0.05


end of trees

feature_importances:
L10_ppg=57
L5_minutes=45
games_played=45
L999_ppg=43
L10_fta=40
L10_minutes=39
L999_pra=38
opp_def_L5_ppg_allowed=38
opp_def_L5_rpg_allowed=35
L10_fga=33
L5_apg=32
L10_apg=32
L5_pra=31
L10_pra=30
opp_def_L10_pra_allowed=30
opp_def_L10_ppg_allowed=30
opp_def_L10_rpg_allowed=30
L5_ppg=29
L999_apg=29
opp_def_L5_apg_allowed=29
L10_rpg=28
L999_rpg=28
L5_fga=28
opp_def_L10_apg_allowed=28
L5_rpg=23
L5_fta=22
opp_def_L5_pra_allowed=21
line=11
rest_days=3
home=2

parameters:
[boosting: gbdt]
[objective: binary]
[metric: auc]
[tree_learner: serial]
[device_type: cpu]
[data_sample_strategy: bagging]
[data: ]
[valid: ]
[num_iterations: 200]
[learning_rate: 0.05]
[num_leaves: 31]
[num_threads: 0]
[seed: 0]
[deterministic: 0]
[force_col_wise: 0]
[force_row_wise: 0]
[histogram_pool_size: -1]
[max_depth: 6]
[min_data_in_leaf: 20]
[min_sum_hessian_in_leaf: 0.001]
[bagging_fraction: 0.8]
[pos_bagging_fraction: 1]
[neg_bagging_fraction: 1]
[bagging_freq: 5]
[bagging_seed: 3]
[bagging_by_query: 0]
[feature_fraction: 0.8]
[feature_fraction_bynode: 1]
[feature_fraction_seed: 2]
[extra_trees: 0]
[extra_seed: 6]
[early_stopping_round: 0]
[early_stopping_min_delta: 0]
[first_metric_only: 0]
[max_delta_step: 0]
[lambda_l1: 0.1]
[lambda_l2: 0.1]
[linear_lambda: 0]
[min_gain_to_split: 0]
[drop_rate: 0.1]
[max_drop: 50]
[skip_drop: 0.5]
[xgboost_dart_mode: 0]
[uniform_drop: 0]
[drop_seed: 4]
[top_rate: 0.2]
[other_rate: 0.1]
[min_data_per_group: 100]
[max_cat_threshold: 32]
[cat_l2: 10]
[cat_smooth: 10]
[max_cat_to_onehot: 4]
[top_k: 20]
[monotone_constraints: ]
[monotone_constraints_method: basic]
[monotone_penalty: 0]
[feature_contri: ]
[forcedsplits_filename: ]
[refit_decay_rate: 0.9]
[cegb_tradeoff: 1]
[cegb_penalty_split: 0]
[cegb_penalty_feature_lazy: ]
[cegb_penalty_feature_coupled: ]
[path_smooth: 0]
[interaction_constraints: ]
[verbosity: -1]
[saved_feature_importance_type: 0]
[use_quantized_grad: 0]
[num_grad_quant_bins: 4]
[quant_train_renew_leaf: 0]
[stochastic_rounding: 1]
[linear_tree: 0]
[max_bin: 255]
[max_bin_by_feature: ]
[min_data_in_bin: 3]
[bin_construct_sample_cnt: 200000]
[data_random_seed: 1]
[is_enable_sparse: 1]
[enable_bundle: 1]
[use_missing: 1]
[zero_as_missing: 0]
[feature_pre_filter: 1]
[pre_partition: 0]
[two_round: 0]
[header: 0]
[label_column: ]
[weight_column: ]
[group_column: ]
[ignore_column: ]
[categorical_feature: ]
[forcedbins_filename: ]
[precise_float_parser: 0]
[parser_config_file: ]
[objective_seed: 5]
[num_class: 1]
[is_unbalance: 0]
[scale_pos_weight: 1.06437]
[sigmoid: 1]
[boost_from_average: 1]
[reg_sqrt: 0]
[alpha: 0.9]
[fair_c: 1]
[poisson_max_delta_step: 0.7]
[tweedie_variance_power: 1.5]
[lambdarank_truncation_level: 30]
[lambdarank_norm: 1]
[label_gain: ]
[lambdarank_position_bias_regularization: 0]
[eval_at: ]
[multi_error_top_k: 1]
[auc_mu_weights: ]
[num_machines: 1]
[local_listen_port: 12400]
[time_out: 120]
[machine_list_filename: ]
[machines: ]
[gpu_platform_id: -1]
[gpu_device_id: -1]
[gpu_use_dp: 0]
[num_gpu: 1]

end of parameters

pandas_categorical:null
