tree
version=v4
num_class=1
num_tree_per_iteration=1
label_index=0
max_feature_idx=71
objective=binary sigmoid:1
feature_names=L5_ppg L10_ppg L20_ppg L40_ppg L999_ppg L5_rpg L10_rpg L20_rpg L40_rpg L999_rpg L5_apg L10_apg L20_apg L40_apg L999_apg L5_pra L10_pra L20_pra L40_pra L999_pra L5_minutes L10_minutes L20_minutes L40_minutes L5_fga L10_fga L20_fga L40_fga L5_fta L10_fta L20_fta L40_fta season_ppg season_rpg season_apg season_pra season_minutes season_fga season_fta season_games_played h2h_ppg h2h_rpg h2h_apg h2h_pra h2h_minutes h2h_fga h2h_fta h2h_games_played opp_def_L5_pra_allowed opp_def_L10_pra_allowed opp_def_L5_ppg_allowed opp_def_L10_ppg_allowed opp_def_L5_rpg_allowed opp_def_L10_rpg_allowed opp_def_L5_apg_allowed opp_def_L10_apg_allowed rest_days home line games_played line_minus_L5_ppg line_minus_L10_ppg line_minus_L20_ppg line_minus_L40_ppg line_minus_L999_ppg line_z_L10_ppg line_minus_L5_rpg line_minus_L10_rpg line_minus_L20_rpg line_minus_L40_rpg line_minus_L999_rpg line_z_L10_rpg
feature_infos=[1:41.799999999999997] [2.7999999999999998:39.600000000000001] none none [2.9493670886075951:33.692307692307693] [0.20000000000000001:17.800000000000001] [0.69999999999999996:17.300000000000001] none none [1:13.223350253807107] [0:16.199999999999999] [0:14] none none [0:11.255555555555556] [2.6000000000000001:58.600000000000001] [4.7000000000000002:57.600000000000001] none none [5.6835443037974684:49] [10.6:44.600000000000001] [9.6999999999999993:41.799999999999997] none none [1.8:27] [1.6000000000000001:27.199999999999999] none none [0:17.399999999999999] [0:14.6] none none none none none none none none none none none none none none none none none none [2.7999999999999998:31.800000000000001] [6.7999999999999998:26.600000000000001] [1.2:22.199999999999999] [3.3999999999999999:17.5] [0.40000000000000002:10] [1.8:7.4000000000000004] [0:6.2000000000000002] [0.69999999999999996:4.2999999999999998] [1:269] [0:1] [0.5:15.5] [1:211] none none none none none none [-5.9000000000000004:5.5] [-4.4000000000000004:5.0999999999999996] none none [-3.5:6.574829931972789] [-4.9628212712029818:5.7523610188943648]
tree_sizes=3384 3343 3406 3409 3395 3395 3406 3400 3410 3374 3422 3395 3403 2980 3401 3420 3393 2974 1938 3389 2661 3049 2563 2040 3397 3411 3389 3410 3219 3378 2351 2575

Tree=0
num_leaves=31
num_cat=0
split_feature=14 1 5 14 1 21 11 21 59 66 9 52 55 71 14 24 66 21 1 51 55 21 6 1 16 51 51 16 14 19
split_gain=33.7899 20.85 24.8653 13.0862 16.9224 19.8772 15.5735 26.2844 18.9755 13.1385 13.0598 15.6008 13.4138 12.1957 12.2114 12.003 15.7512 10.5274 14.7869 13.5148 17.1806 16.3525 11.9659 10.8803 20.7634 10.8606 9.69248 8.61889 10.9092 7.63076
threshold=1.286796536796537 9.4500000000000011 6.1000000000000005 2.0556983339241408 17.750000000000004 39.250000000000007 6.8500000000000005 36.250000000000007 127.50000000000001 2.4000000000000008 3.4327138186198591 6.5000000000000009 1.2500000000000002 0.78953974769138358 1.0816218398344859 7.5000000000000009 -0.69999999999999962 34.650000000000013 13.350000000000003 10.250000000000002 2.1500000000000008 33.550000000000004 8.1500000000000004 11.050000000000002 15.65 12.950000000000001 11.250000000000002 22.050000000000004 1.8025974025974028 19.005988023952099
decision_type=2 2 2 2 2 2 2 2 2 2 2 2 2 2 2 2 2 2 2 2 2 2 2 2 2 2 2 2 2 2
left_child=1 2 -1 17 9 6 8 -8 -6 10 11 -5 -12 15 -15 16 -3 18 23 20 -20 -21 27 24 -2 -25 -4 -19 -29 -17
right_child=3 13 26 4 5 -7 7 -9 -10 -11 12 -13 -14 14 -16 29 -18 22 19 21 -22 -23 -24 25 -26 -27 -28 28 -30 -31
leaf_value=-0.061143441733506367 -0.085845369831400689 -0.14799456601802335 -0.15961614437798768 -0.091385700682128368 -0.097012213884656834 -0.17340294617673971 -0.095450254003863255 -0.14951793520884077 -0.076347596397005293 -0.15278499382389391 -0.14608602598575751 -0.1768056118803365 -0.074860930093441108 -0.050581422278138326 -0.13436181057145277 -0.052431781700867257 -0.049681825513392834 -0.14610467801702562 -0.12614041734238346 -0.14515912434207451 -0.047950085067374325 -0.060865058801245715 -0.017869416557936724 -0.086554139707952421 -0.13270443328396175 -0.016082188669075737 -0.085203721182036035 -0.04033869821277123 -0.12226302555277987 -0.015102290739728436
leaf_weight=25.666344031691551 53.611344903707504 5.5859205424785641 13.392424166202547 111.11596941947937 305.67054498195648 7.7820129841566077 83.82591013610363 30.722562983632088 174.15474639832973 6.3342784494161597 6.6082217246294013 5.512448623776435 349.60119101405144 9.0446743220090884 8.1784094572067243 26.835589051246643 14.102652713656424 5.3364679068327012 16.679743468761448 50.121794804930687 11.984578430652617 6.3542228490114203 7.298505872488021 59.867605194449425 41.963329747319221 5.9532801359891883 6.2807509303092948 9.8909947872161883 6.6816936433315268 30.837683141231537
leaf_count=97 205 22 53 426 1175 31 322 121 663 25 26 22 1330 34 32 101 53 21 65 197 45 24 27 229 164 22 24 37 26 114
internal_value=-0.0890143 -0.0656261 -0.0936186 -0.0914313 -0.0889491 -0.0945213 -0.0934837 -0.110031 -0.0895203 -0.0819376 -0.0809656 -0.095448 -0.0762106 -0.0522748 -0.0906587 -0.0438088 -0.0779608 -0.101146 -0.104523 -0.121374 -0.0935776 -0.135545 -0.0728676 -0.0955912 -0.106387 -0.0799963 -0.135684 -0.0916772 -0.0736419 -0.0322839
internal_weight=1497 139.924 45.3395 1357.07 1081.33 602.156 594.374 114.548 479.825 479.172 472.838 116.628 356.209 94.5849 17.2231 77.3618 19.6886 275.744 246.536 85.1403 28.6643 56.476 29.2077 161.396 95.5747 65.8209 19.6732 21.9092 16.5727 57.6733
internal_count=5733 530 174 5203 4141 2312 2281 443 1838 1829 1804 448 1356 356 66 290 75 1062 951 331 110 221 111 620 369 251 77 84 63 215
is_linear=0
shrinkage=1


Tree=1
num_leaves=31
num_cat=0
split_feature=70 11 21 55 10 20 48 67 20 24 0 66 54 5 5 24 28 0 48 24 24 54 48 10 67 54 67 49 21 1
split_gain=46.5357 19.2843 17.3889 17.3776 15.0586 14.694 18.8235 13.6084 15.6275 13.5857 11.7061 10.9235 10.9681 19.4895 17.6785 12.6475 12.9787 11.8008 11.2455 10.6068 14.4824 10.5698 12.7138 9.50626 9.95359 9.18313 8.76228 7.71402 7.02031 6.39462
threshold=-0.24074074074074067 6.8500000000000005 36.250000000000007 1.2500000000000002 7.1000000000000005 36.100000000000009 14.900000000000002 1.2 32.500000000000007 11.300000000000002 16.300000000000001 -2.1999999999999993 2.3000000000000003 6.1000000000000005 9.5000000000000018 18.300000000000001 3.7000000000000006 20.100000000000005 20.900000000000002 20.500000000000004 17.300000000000001 4.3000000000000016 21.500000000000004 1.1000000000000003 0.19999999999999965 0.50000000000000011 1.55 16.850000000000005 33.850000000000001 10.844444444444447
decision_type=2 2 2 2 2 2 2 2 2 2 2 2 2 2 2 2 2 2 2 2 2 2 2 2 2 2 2 2 2 2
left_child=11 3 5 10 -4 -3 -7 21 9 -9 29 27 15 19 17 23 -17 -15 -16 20 -14 25 -23 -13 -25 -5 -10 -1 -18 -2
right_child=1 2 4 7 -6 6 -8 8 26 -11 -12 12 13 14 18 16 28 -19 -20 -21 -22 22 -24 24 -26 -27 -28 -29 -30 -31
leaf_value=0.090627801748527137 -0.049096449467620679 -0.022045577878851322 0.01084104009989725 0.056253873285184136 -0.08075655110461237 -0.038052529230012538 0.07361697201940251 -0.01531395603141634 -0.073129327920365639 0.038181975315593086 -0.087598148431052306 0.049931629134196943 0.034682876500093739 0.0053201921505901121 0.010817999626827156 0.022113775310036832 0 -0.042640649009024541 0.1002238407078072 0.079943459193596952 -0.0033503019218987409 0.036454294915872508 -0.035726250455810786 0.016581170988853752 -0.0096858709088598546 0.0044550490958659905 -0.014907834504057332 0.016305245005723831 -0.068670926842158683 0.028547737159404302
leaf_weight=8.4461003243923169 5.0781960636377352 59.06135605275631 5.7396710067987469 8.5751660317182523 18.745109483599663 5.8843437880277625 9.9890475422143918 53.524877786636353 15.358498752117159 15.122039094567297 9.0003571063280088 15.238333582878111 145.9642256051302 32.413543060421944 8.6510042995214445 9.7435343861579913 5.2049869149923351 20.942630007863045 6.0332250595092765 10.561750531196592 29.902146458625793 7.4237350523471823 31.261845842003822 120.57090374827385 51.105459243059158 751.39985463023186 11.641298577189444 6.3066388219594947 12.862568646669386 5.2763829678297043
leaf_count=31 20 229 22 32 75 23 37 207 61 57 36 57 551 124 33 37 20 82 22 39 115 28 122 459 197 2877 45 24 51 20
internal_value=0.00440447 -0.00168422 -0.0225865 0.000587003 -0.0591243 -0.0105183 0.0319285 0.00160923 -0.0161939 -0.00341836 -0.0461539 0.0171584 0.0158035 0.022834 0 0.00744173 -0.0239005 -0.0134558 0.0483193 0.0311897 0.0281895 0.00374932 -0.0216877 0.0121422 0.00873168 0.00505342 -0.0483586 0.059516 -0.0489755 -0.00915842
internal_weight=1497.03 1013.08 99.4195 913.662 24.4848 74.9347 15.8734 894.307 95.6467 68.6469 19.3549 483.947 469.194 254.469 68.0404 214.726 27.8111 53.3562 14.6842 186.428 175.866 798.661 38.6856 186.915 171.676 759.975 26.9998 14.7527 18.0676 10.3546
internal_count=5733 3891 386 3505 97 289 60 3429 370 264 76 1842 1787 966 261 821 108 206 55 705 666 3059 150 713 656 2909 106 55 71 40
is_linear=0
shrinkage=0.05


Tree=2
num_leaves=31
num_cat=0
split_feature=70 14 70 49 14 11 70 11 10 1 59 1 49 14 25 51 54 9 59 70 53 11 59 6 11 0 1 20 15 1
split_gain=42.0096 25.158 15.6733 20.15 13.9598 13.4172 22.6241 19.167 16.9899 13.4961 12.1301 11.7603 11.3434 11.2542 11.9028 15.6826 11.1904 19.8255 17.5302 13.9386 12.2757 12.3771 10.3667 11.8089 9.43748 8.73345 8.7122 8.09995 11.4686 10.1894
threshold=-0.24074074074074067 1.286796536796537 0.87957765303394819 20.750000000000004 7.3772596843615501 4.4500000000000011 -0.13403745644599271 4.0500000000000007 5.3000000000000016 32.600000000000009 146.50000000000003 8.8500000000000032 20.350000000000005 1.3007936507936511 9.1500000000000004 11.450000000000001 2.3000000000000003 5.8603400850212557 147.50000000000003 -1.1176018637850695 2.5500000000000003 1.5357142857142858 66.500000000000014 2.7388888888888894 6.1500000000000012 26.500000000000004 19.150000000000002 26.900000000000002 19.300000000000001 14.350000000000003
decision_type=2 2 2 2 2 2 2 2 2 2 2 2 2 2 2 2 2 2 2 2 2 2 2 2 2 2 2 2 2 2
left_child=13 2 3 11 5 6 10 -8 12 -10 -3 -2 -7 14 15 -1 18 -18 22 -20 -19 -22 24 -24 -15 26 -6 -4 -29 -30
right_child=1 4 27 -5 25 8 7 -9 9 -11 -12 -13 -14 16 -16 -17 17 20 19 -21 21 -23 23 -25 -26 -27 -28 28 29 -31
leaf_value=-0.014305108537234613 0.0031771618838158759 -0.055387707633472227 -0.017452038712324335 -0.050717122483692589 -0.014082036411241217 0.014782058761521799 -0.001408756306946713 -0.034517001817766201 -0.00066164065929656972 -0.066183819167409508 0.00053923048903030163 0.066975359479489058 0.063499035087531103 0.053726083155632091 0.085135988896527195 0.077892925143259795 0.032033564033832729 0.074450479066454592 0.080511672937924897 0.01650887543551342 -0.068064902509001241 0.0030919724873655508 0.042100865704436941 -0.010553133987319737 -0.022957992213557155 0.017576211190865755 -0.069992627096251689 0.061614197626759459 -0.025701166877270462 0.038521865798066608
leaf_weight=11.922042280435567 9.3919288069009763 35.799423351883888 25.319718867540359 5.0851258784532538 12.384209752082826 95.04174567759037 441.24959753453732 48.475091546773911 211.84067466855049 8.0697572380304319 13.038510173559187 33.967785090208054 13.705030113458632 14.18560402095318 11.726874545216559 7.3322748392820349 158.47968427836895 5.4029546082019797 11.670423567295073 32.062102854251862 6.5531789511442176 74.133620455861092 11.442942127585409 133.81821548938751 5.4074919968843451 6.2922984361648551 16.826868936419487 11.02083747088909 14.929090321063997 10.380378738045691
leaf_count=46 36 141 98 20 48 362 1695 189 814 32 50 126 51 53 43 27 598 20 43 122 26 284 43 516 21 24 67 41 58 39
internal_value=0.00418457 -0.00160225 0.020944 0.042206 -0.00435951 -0.00309305 -0.00795437 -0.00470254 0.00485788 -0.00311774 -0.0403838 0.0533105 0.0210203 0.0162988 0.0454885 0.0207677 0.0142825 0.0215444 0.00573777 0.0338474 0.00216241 -0.00270242 -0.00170484 -0.00634481 0.0322991 -0.0350587 -0.0465885 0.00411391 0.0192878 0.000490313
internal_weight=1496.96 1012.82 110.095 48.4448 902.723 867.22 538.563 489.725 328.657 219.91 48.8379 43.3597 108.747 484.137 30.9812 19.2543 453.156 244.569 208.587 43.7325 86.0898 80.6868 164.854 145.261 19.5931 35.5034 29.2111 61.65 36.3303 25.3095
internal_count=5733 3891 418 182 3473 3334 2075 1884 1259 846 191 162 413 1842 116 73 1726 928 798 165 330 310 633 559 74 139 115 236 138 97
is_linear=0
shrinkage=0.05


Tree=3
num_leaves=31
num_cat=0
split_feature=70 14 70 49 55 11 11 70 50 21 20 1 14 24 66 6 50 24 24 48 49 50 49 49 9 59 21 70 21 66
split_gain=37.938 22.7182 14.135 18.2133 13.409 14.1106 18.9197 20.1551 16.7536 14.6058 13.5232 10.5955 10.2018 16.7795 10.0001 11.8002 16.3961 10.6947 11.4204 9.61965 8.45638 7.41026 10.6581 10.939 9.36757 6.74054 6.62772 5.63326 5.3193 5.21273
threshold=-0.24074074074074067 1.286796536796537 0.87957765303394819 20.750000000000004 1.2500000000000002 6.8500000000000005 4.4500000000000011 -0.13403745644599271 17.900000000000002 36.250000000000007 36.100000000000009 8.8500000000000032 1.3007936507936511 7.5000000000000009 -2.1999999999999993 6.1500000000000012 6.9000000000000012 22.100000000000005 17.300000000000001 13.700000000000001 17.250000000000004 14.500000000000002 17.650000000000002 16.350000000000005 4.0143371017471745 156.50000000000003 31.950000000000003 -0.059891304347826184 37.050000000000004 -0.19999999999999993
decision_type=2 2 2 2 2 2 2 2 2 2 2 2 2 2 2 2 2 2 2 2 2 2 2 2 2 2 2 2 2 2
left_child=12 2 3 11 25 6 7 -6 -8 10 -7 -2 13 29 20 17 26 18 -16 -18 -14 22 23 -4 -24 -3 -17 -13 -11 -1
right_child=1 4 21 -5 5 9 8 -9 -10 28 -12 27 14 -15 15 16 19 -19 -20 -21 -22 -23 24 -25 -26 -27 -28 -29 -30 -31
leaf_value=0.037273803073969304 0.0030195358387034837 -0.061694193787461771 0.0099390835489576428 -0.048368229622323414 -0.037418833398801442 -0.021436889591572542 0.012051334912221112 -0.003348533432072517 -0.068232399821202758 -0.076213808152019225 0.030550996661739417 0.019615587829475027 0.096273677485923026 0.075166521340046658 0.020009021133803082 0.0071244047641863392 -0.054283460289235197 0.074317476914755223 -0.0034148522641422232 -0.004252227738252643 0.011256866280773469 -0.036446036498682131 -0.0081070251966175455 -0.057925048848417683 0.065868706238939076 0.0013028263520597698 0.076390520776953075 0.073397793196970443 -0.027293198913625506 -0.025616178428176692
leaf_weight=5.5879234820604324 9.3932795822620374 14.824075296521189 25.66312438249588 5.070676624774932 47.733334675431252 56.842914372682571 254.90668857097626 476.15004876255989 6.5534008294343939 13.377047926187517 15.875500217080114 6.3405318111181215 6.5852202773094159 17.624782785773277 265.73133899271488 6.2849110960960379 10.91561137139797 7.8552392721176139 64.233491003513336 77.992391318082809 5.5138561576604843 9.461203604936598 6.237410485744479 7.5971200317144385 12.66718143224716 5.7140503674745551 8.1292203962802869 27.646921783685688 10.434003233909605 7.721937835216524
leaf_count=21 36 59 98 20 187 221 972 1831 26 54 60 24 24 65 1008 24 43 29 247 300 21 37 24 30 47 22 30 102 41 30
internal_value=0.00397682 -0.00152386 0.0199023 0.0400908 -0.00414491 -0.00320607 -0.000980864 -0.00646892 0.00999462 -0.0212384 -0.00999214 0.0506331 0.0154879 0.0433049 0.0135691 0.0123167 -0.00242607 0.0168399 0.0154343 -0.010505 0.0583491 0.0039095 0.0113802 -0.00553935 0.0412837 -0.0440037 0.0467905 0.0635981 -0.0551897 0.000495336
internal_weight=1496.66 1012.49 110.077 48.4514 902.411 881.873 785.343 523.883 261.46 96.5295 72.7184 43.3807 484.176 30.9346 453.241 441.142 103.322 337.82 329.965 88.908 12.0991 61.626 52.1648 33.2602 18.9046 20.5381 14.4141 33.9875 23.8111 13.3099
internal_count=5733 3891 418 182 3473 3392 3016 2018 998 376 281 162 1842 116 1726 1681 397 1284 1255 343 45 236 199 128 71 81 54 126 95 51
is_linear=0
shrinkage=0.05


Tree=4
num_leaves=31
num_cat=0
split_feature=14 25 67 14 29 0 67 55 14 14 51 48 67 48 56 16 16 56 51 10 5 54 59 48 21 29 55 51 6 25
split_gain=24.4459 17.7592 16.8091 11.2816 14.2189 15.8339 13.9997 18.7444 12.9992 19.3401 16.0337 14.3869 13.7886 12.4417 12.0642 11.1947 11.0532 10.6391 14.7172 16.0582 12.7526 12.5435 13.0542 10.2801 9.46585 12.7167 14.5674 17.4278 10.4192 9.75214
threshold=1.286796536796537 8.0500000000000025 0.69999999999999973 2.0556983339241408 5.7500000000000009 27.700000000000006 0.19999999999999965 1.3500000000000003 6.1459093673965945 5.9054010866091415 9.8500000000000032 18.700000000000006 -0.3375000000000003 28.300000000000001 8.5000000000000018 47.000000000000007 40.95000000000001 2.5000000000000004 10.65 1.6333333333333335 6.7000000000000002 2.3000000000000003 107.50000000000001 21.300000000000001 34.650000000000013 2.8500000000000001 2.1500000000000008 10.350000000000003 8.1500000000000004 10.250000000000002
decision_type=2 2 2 2 2 2 2 2 2 2 2 2 2 2 2 2 2 2 2 2 2 2 2 2 2 2 2 2 2 2
left_child=1 17 23 24 5 6 13 -8 9 14 12 -12 -10 -5 -6 -11 -7 18 21 -20 -19 22 -1 -3 25 29 -27 -28 -26 -2
right_child=3 2 -4 4 8 16 7 -9 10 15 11 -13 -14 -15 -16 -17 -18 20 19 -21 -22 -23 -24 -25 28 26 27 -29 -30 -31
leaf_value=0.048241430751797265 0.0033867760361663544 0.065355492252504269 -0.010890102581091625 0.011571008826376045 -0.0099808714034044892 0.059545148728228726 -0.081889536372273738 -0.00076606538702440007 0.068357264288144898 0.075295234362419319 -0.079853655147433159 -0.013152383361481569 -0.023808341543132071 -0.054583572537361097 0.060834672852295914 -0.0062831098401150941 -0.01499699458407238 0.019609360019804151 0.066174624909785304 -0.019643144540210249 -0.068691987024370724 -0.048970322407915302 -0.02889650559897505 0.0023641815432209408 0.0019226760886396936 -0.071730196854451186 0.033708708135402048 -0.032670620882151419 0.070793348342877288 -0.023394952409160882
leaf_weight=13.082538530230524 132.54427643120289 43.144675955176353 11.406524881720541 514.33488374948502 136.81012290716171 22.558504566550258 7.1914287060499182 311.56733144819736 6.1978427022695568 12.148101091384889 18.195254921913147 14.933706760406492 11.234994664788244 7.0843941569328299 6.1766688525676718 6.2177515625953665 6.1991010606288901 7.3756932318210628 20.74540397524834 7.2201387882232657 8.7994867861270887 10.920650526881216 9.2258208543062192 7.8222808986902228 21.888920292258266 15.323582261800764 12.985563904047011 39.855389013886452 7.306743472814559 45.518433079123497
leaf_count=49 508 160 44 1962 528 84 29 1196 23 45 73 58 44 28 23 24 24 28 77 28 35 43 36 30 84 61 49 156 27 177
internal_value=0.00377947 0.0236865 0.0435337 0.00172307 0.00402805 0.00686309 0.00560473 -0.00263706 -0.00757095 -0.000601506 -0.029668 -0.0500669 0.00887682 0.0106523 -0.0068465 0.0475217 0.043307 0.00758609 0.0171699 0.043849 -0.0282473 -0.00519739 0.0161306 0.0558092 -0.00730243 -0.0105088 -0.0288672 -0.0162307 0.0195123 -0.0034407
internal_weight=1496.02 139.743 62.3735 1356.27 1080.85 868.936 840.178 318.759 211.914 161.353 50.5618 33.129 17.4328 521.419 142.987 18.3659 28.7576 77.3697 61.1946 27.9655 16.1752 33.229 22.3084 50.967 275.423 246.227 68.1645 52.841 29.1957 178.063
internal_count=5733 530 234 5203 4141 3323 3215 1225 818 620 198 131 67 1990 551 69 108 296 233 105 63 128 85 190 1062 951 266 205 111 685
is_linear=0
shrinkage=0.05


Tree=5
num_leaves=31
num_cat=0
split_feature=14 1 6 0 20 50 9 55 10 6 29 6 49 20 50 1 9 51 55 9 1 20 20 11 53 10 25 66 1 9
split_gain=24.4375 14.9148 19.2922 14.6121 13.8077 10.0876 14.978 20.4644 14.5344 14.3794 14.0458 13.7841 14.5148 14.1208 13.257 18.9283 12.4993 16.8633 13.7037 11.2703 13.0567 11.5261 9.52541 9.40004 8.29308 20.1229 7.92514 7.28725 6.7224 6.60708
threshold=1.3007936507936511 9.4500000000000011 7.1055555555555561 20.100000000000005 34.300000000000004 6.7000000000000002 5.7472083990775591 1.3500000000000003 4.7000000000000002 6.4500000000000011 0.25000000000000006 8.0500000000000025 23.000000000000004 26.500000000000004 4.7000000000000002 16.450000000000003 4.9018367961457399 12.750000000000002 2.4500000000000006 5.3707521954944637 13.121428571428572 28.100000000000005 21.900000000000002 2.0500000000000003 3.9500000000000006 1.5000000000000002 17.850000000000005 -0.86666666666666636 15.633333333333335 8.0236118797269906
decision_type=2 2 2 2 2 2 2 2 2 2 2 2 2 2 2 2 2 2 2 2 2 2 2 2 2 2 2 2 2 2
left_child=1 2 24 4 22 6 7 -2 26 10 -7 19 13 -13 15 -9 17 -12 -18 20 -11 -21 -3 -16 -1 -26 27 -8 -24 -10
right_child=5 3 -4 -5 -6 9 8 14 29 11 16 12 -14 -15 23 -17 18 -19 -20 21 -22 -23 28 -25 25 -27 -28 -29 -30 -31
leaf_value=0.042347057150540567 -0.068331526398040937 -0.018807825005533078 -0.052711101934452935 -0.047130788765618797 -0.025850633029689443 0.066554690908781383 -0.015120507047593438 0.018330702775891612 0.084416745376773877 -0.049041385486442969 0.0026821723268046615 -0.053129141927206983 -0.079480894955706594 0.0058428782017396035 -0.012272889920188081 -0.062602485174012637 -0.0027079681201244935 -0.020332821155600308 0.023393739372350342 0.0079420976229285355 0.036063805549207968 -0.032677618012759153 0.041566231541245009 0.029113952550826806 0.039827157714768087 -0.070128266314443882 -0.038927358702917608 0.035300318393339795 0.079451649436240002 0.027186166370679634
leaf_weight=18.353158101439476 9.5101417452096921 5.4207856357097617 12.598666191101072 5.1010337918996802 7.4580278843641272 8.6242094188928586 9.3254273086786252 14.737395614385607 14.375474244356157 6.1060273349285152 504.99796710908413 10.663843020796774 5.4706415534019461 176.08650380373001 17.852100551128387 13.88432455062866 81.959090888500214 94.352840393781662 128.64780560135841 20.645996198058128 16.160041138529778 105.79955403506756 65.63678751885891 56.50284880399704 9.8404100984334963 7.0429383218288413 5.8858679533004752 28.626266643404961 14.899873390793799 8.4113504737615568
leaf_count=69 38 21 50 20 29 32 36 56 53 24 1936 42 22 675 69 55 315 366 488 79 61 413 247 214 37 28 23 108 55 32
internal_value=0.00366439 0.0230582 4.28214e-05 0.0341713 0.03871 0.00153877 0.0125792 0.00139856 0.031351 -0.000163283 0.00342573 -0.00879367 2.49737e-05 0.00242206 0.00794685 -0.020837 0.00273924 -0.000935411 0.0132159 -0.0202184 0.0123869 -0.0260047 0.0443932 0.019107 0.0191421 -0.00588951 0.0143047 0.0227724 0.0487272 0.0637207
internal_weight=1484.98 146.352 47.8352 98.5165 93.4155 1338.63 179.111 112.487 66.6244 1159.51 818.582 340.933 192.221 186.75 102.977 28.6217 809.958 599.351 210.607 148.712 22.2661 126.446 85.9574 74.3549 35.2365 16.8833 43.8376 37.9517 80.5367 22.7868
internal_count=5693 556 184 372 352 5137 684 432 252 4453 3137 1316 739 717 394 111 3105 2302 803 577 85 492 323 283 134 65 167 144 302 85
is_linear=0
shrinkage=0.05


Tree=6
num_leaves=31
num_cat=0
split_feature=70 14 70 11 11 67 59 50 29 70 59 29 29 48 54 54 50 9 14 52 6 21 10 53 0 14 49 70 70 52
split_gain=32.0269 21.7955 16.4353 15.1286 18.5694 19.6505 15.0854 14.9973 14.2569 13.7036 15.4355 13.6449 13.0961 12.7783 11.2218 10.986 14.3199 16.0265 10.421 17.7684 10.0258 11.6615 21.283 9.76956 12.4505 11.8228 11.1832 8.54706 8.53719 9.83363
threshold=-0.24074074074074067 1.3007936507936511 0.86799431009957317 6.5500000000000007 4.4500000000000011 0.19999999999999965 140.50000000000003 6.7000000000000002 0.65000000000000002 -0.13403745644599271 138.50000000000003 6.6500000000000012 1.0500000000000003 11.900000000000002 2.1000000000000005 2.5000000000000004 16.300000000000001 4.3209541881268647 2.7844645550527907 6.3000000000000016 3.5277777777777781 36.250000000000007 7.1000000000000005 4.1500000000000012 26.900000000000002 3.02521186440678 16.850000000000005 -0.53149801587301571 -0.94779076679215357 4.7000000000000002
decision_type=2 2 2 2 2 2 2 2 2 2 2 2 2 2 2 2 2 2 2 2 2 2 2 2 2 2 2 2 2 2
left_child=6 2 14 4 9 12 15 -7 -4 10 -3 -11 -6 -8 -2 23 18 -18 19 -17 -5 -22 -23 24 25 -1 -25 -28 -15 -30
right_child=1 3 8 20 5 7 13 -9 -10 11 -12 -13 -14 28 -16 16 17 -19 -20 -21 21 22 -24 26 -26 -27 27 -29 29 -31
leaf_value=0.0064047510408564538 0.067606836177274504 -0.053564722482486428 0.074358818781759858 -0.048834800661736108 0.086755964421535964 0.04351161795884164 0.063196565038687619 -0.014171577037038344 -0.0043389292094989252 -0.0026703714780308922 0.0039040169518051444 -0.047216363030167248 0.018356969577865766 0.04442633448372741 0.018771747346825435 -0.0087926922510075736 0.04554853497707325 -0.054916282828327272 0.031738439644417325 0.081137222953584137 -0.0024104508604723194 0.018165232626653916 -0.076501441799574937 0.047866684720650414 0.054590246732385585 -0.030268141887911156 -0.009365811795626032 0.029706224291626362 0.0013647082571528312 0.039030847609814359
leaf_weight=36.306597381830215 21.778286561369896 30.9361212849617 6.2340929359197608 25.266226321458817 7.3575860261917105 12.778096631169317 22.053214058279991 88.823124423623085 62.305405929684639 459.72410459816456 18.469780340790749 17.782912522554398 130.83008259534836 29.614340260624886 26.503057956695557 40.724566966295242 5.6159483790397671 12.702523797750471 103.16096325218678 6.2413170337676993 68.488313853740692 9.1737684756517428 16.193283572793007 17.629916176199913 6.666783243417739 54.729882448911667 44.095389902591705 20.343701303005219 56.91752153635025 25.006228685379028
leaf_count=139 81 123 23 100 27 48 82 343 240 1769 71 70 497 111 101 157 21 50 389 23 264 35 66 66 25 213 170 77 218 94
internal_value=0.00348127 -0.00160552 0.018677 -0.0042878 -0.00170393 0.00981969 0.0140754 -0.00683211 0.00284418 -0.00695849 -0.0320153 -0.00434932 0.022095 0.0283701 0.0409974 0.00857038 0.0177411 -0.0237649 0.0228514 0.0031989 -0.020861 -0.0132332 -0.0421329 0 -0.0107054 -0.0155966 0.0126818 0.00291884 0.021389 0.0129564
internal_weight=1484.45 1002.64 116.821 885.823 766.702 239.789 481.809 101.601 68.5395 526.913 49.4059 477.507 138.188 133.591 48.2813 348.218 168.445 18.3185 150.127 46.9659 119.122 93.8554 25.3671 179.772 97.7033 91.0365 82.069 64.4391 111.538 81.9238
internal_count=5693 3858 445 3413 2948 915 1835 391 263 2033 194 1839 524 505 182 1330 640 71 569 180 465 365 101 690 377 352 313 247 423 312
is_linear=0
shrinkage=0.05


Tree=7
num_leaves=31
num_cat=0
split_feature=70 11 67 20 70 49 51 29 11 19 21 59 11 6 21 48 48 48 24 15 50 54 58 15 25 15 4 54 9 24
split_gain=29.0349 16.3185 15.8415 14.5412 18.9497 13.1936 14.1667 13.3684 12.9019 12.2089 11.7689 10.5626 10.257 10.2449 12.0923 10.2248 9.70611 11.0042 9.7027 11.0221 11.6443 13.3846 10.5879 10.3252 10.7698 10.2063 10.4156 9.54369 11.7344 10.1711
threshold=-0.2792764345001803 6.5500000000000007 -0.86666666666666636 34.300000000000004 1.2345344387755104 11.250000000000002 12.550000000000002 2.8500000000000001 4.2500000000000009 23.135000000000002 34.350000000000001 140.50000000000003 6.3500000000000005 3.5277777777777781 36.250000000000007 16.700000000000006 11.900000000000002 13.700000000000001 8.3000000000000025 30.100000000000005 16.100000000000005 2.5000000000000004 3.0000000000000004 21.300000000000001 6.4500000000000011 22.900000000000002 14.817502410800389 2.9000000000000004 5.4552139037433163 19.100000000000005
decision_type=2 2 2 2 2 2 2 2 2 2 2 2 2 2 2 2 2 2 2 2 2 2 2 2 2 2 2 2 2 2
left_child=11 2 3 10 8 7 12 -4 -5 -8 -2 18 -7 -3 27 -6 -13 -18 22 25 21 -21 -1 24 -24 -20 -27 29 -29 -15
right_child=1 13 5 4 15 6 9 -9 -10 -11 -12 16 -14 14 -16 -17 17 -19 19 20 -22 -23 23 -25 -26 26 -28 28 -30 -31
leaf_value=0.030177971988907561 0.023427089242827256 -0.045100800745610667 -0.003579376172223498 -0.059416382178265198 0.098091821757868458 0.0017193611200719877 0.00019334256404943497 -0.078428002898875304 0.0019706436475623256 -0.03093620062328202 0.092990110953710042 0.05771079868079651 0.052123753949646523 -0.025867555839850332 -0.039291043115426569 0.0031400093910614415 -0.022399115628334104 0.026283402355482679 0.0066204573367586866 -0.0097313266693477597 -0.054811099331696006 0.024646980199507621 0.0084623043307834739 0.03330957964384057 -0.051057226168956062 0.067520960441641867 0.024249794586847541 0.051788469874191827 -0.018237730203705761 0.02751755787631905
leaf_weight=12.474742174148558 81.759663879871368 27.473942026495934 13.230152741074564 14.872559532523153 5.4873553812503797 608.39468365907669 60.6084154099226 11.006087511777876 19.617570415139198 64.766344666481018 6.5572621822357169 20.657040417194366 10.174012884497641 36.935675993561745 26.710833176970482 5.999588817358017 13.154899030923842 89.123919576406479 64.387342199683189 61.60141584277153 8.3583848327398282 52.057244881987572 10.726896792650221 6.8943446129560462 24.713863849639893 17.502884462475777 71.766056388616562 15.484062343835832 9.5095119178295118 11.584807321429251
leaf_count=47 311 109 51 59 20 2336 233 44 75 253 24 77 38 144 107 23 51 337 246 238 33 197 41 26 97 65 272 58 37 44
internal_value=0.00331104 -0.0013253 0.00103735 0.0168777 -0.0058279 -0.00172721 -0.000535236 -0.0379575 -0.0244509 -0.0158596 0.0287478 0.0138538 0.00256477 -0.0180494 -0.0105467 0.0493855 0.0263835 0.0199574 0.00917124 0.0129987 0.00173169 0.00597829 -0.00997722 -0.0219707 -0.0329286 0.0219063 0.0328559 0 0.0249793 -0.012988
internal_weight=1483.59 1030.17 902.474 134.294 45.9771 768.18 743.943 24.2362 34.4901 125.375 88.3169 453.419 618.569 127.699 100.225 11.4869 122.936 102.279 330.483 275.673 122.017 113.659 54.8098 42.3351 35.4408 153.656 89.2689 73.5141 24.9936 48.5205
internal_count=5693 3966 3467 512 177 2955 2860 95 134 486 335 1727 2374 499 390 43 465 388 1262 1051 468 435 211 164 138 583 337 283 95 188
is_linear=0
shrinkage=0.05


Tree=8
num_leaves=31
num_cat=0
split_feature=70 14 11 11 50 67 5 70 59 59 29 70 29 66 29 48 49 53 50 67 1 1 25 51 51 59 11 24 67 28
split_gain=26.2977 19.1777 12.8721 15.6089 17.668 20.9896 12.7436 12.5777 13.2177 12.5698 12.4645 11.6587 12.4793 10.817 10.6028 10.5933 10.4466 9.32858 10.6224 11.8964 9.76979 37.0773 25.2258 14.8715 11.6856 9.46891 9.34076 8.45135 11.5783 10.0634
threshold=-0.24074074074074067 1.2242184982275219 6.5500000000000007 4.4500000000000011 6.7000000000000002 0.40000000000000019 6.1000000000000005 -0.13403745644599271 138.50000000000003 140.50000000000003 7.0500000000000007 0.91638702460850119 0.65000000000000002 1.5999999999999999 2.8500000000000001 11.900000000000002 20.450000000000003 4.1500000000000012 16.500000000000004 0.92222222222222261 20.750000000000004 22.650000000000002 13.850000000000003 8.4500000000000011 10.65 127.50000000000001 3.3500000000000001 19.100000000000005 0.25000000000000006 5.7000000000000002
decision_type=2 2 2 2 2 2 2 2 2 2 2 2 2 2 2 2 2 2 2 2 2 2 2 2 2 2 2 2 2 2
left_child=9 11 3 7 6 -6 -5 8 -3 17 -9 16 -13 14 -14 -11 -2 20 19 26 22 -22 25 -24 -23 -1 -19 -4 29 -29
right_child=1 2 27 4 5 -7 -8 10 -10 15 -12 12 13 -15 -16 -17 -18 18 -20 -21 21 24 23 -25 -26 -27 -28 28 -30 -31
leaf_value=0.0014950736719426298 0.049930719642263303 -0.049345407567327235 -0.027345169797912707 0.01515417909019868 0.014776418504502696 -0.019336131756704289 0.077840859750163097 -0.0022556888674892606 0.0035451688190536006 0.05759633231658802 -0.050616580950725423 0.075143601469283935 -0.029774759439453558 0.051252607049472369 0.031865301147229602 0.019453094013898338 -0.023836767623101537 -0.00025614217881010691 -0.042344738037366998 0.079286607805432119 -0.079029815949101898 0.027747631246498768 -0.0097286298861629858 0.071966870390720944 -0.02926502041971234 -0.044926593504850801 0.024641919360717801 0.027225964161926571 0.041630990402967985 -0.044678775165824698
leaf_weight=74.559566617012024 35.644887804985046 31.777158349752426 85.383240535855293 18.680051520466805 140.11362886428833 66.303030416369438 14.65587045252323 487.40394136309624 18.478280186653137 21.969578176736832 13.614932164549826 5.4275582432746878 29.216440215706825 7.2049998939037314 8.9969486296176893 111.49497213959694 5.384892836213111 59.156265452504158 7.3738369196653357 7.6064141243696204 17.03503343462944 26.880926370620728 7.5325390398502376 20.015763521194458 13.321883887052534 12.748077124357222 101.7302385866642 7.2827607393264797 11.918634384870527 13.912804454565046
leaf_count=286 134 127 336 71 533 257 54 1876 71 82 54 20 114 27 34 423 21 227 29 28 68 102 29 74 52 50 385 28 45 56
internal_value=0.00314833 -0.00146421 -0.00366875 -0.0013587 0.00928105 0.00379087 0.0430138 -0.00599591 -0.0298305 0.0127515 -0.00358969 0.0202855 0.00415633 -0.00436335 -0.0150864 0.0258077 0.0400932 0.00772324 0.0158192 0.0184179 -0.000525558 -0.0174111 0.00785358 0.0494936 0.00870572 -0.00526955 0.0154616 -0.0190331 0.00226636 -0.0197258
internal_weight=1482.83 1001.4 909.524 791.027 239.753 206.417 33.3359 551.274 50.2554 481.425 501.019 91.8757 50.8459 45.4184 38.2134 133.465 41.0298 347.961 175.867 168.493 172.094 57.2378 114.856 27.5483 40.2028 87.3076 160.887 118.497 33.1142 21.1956
internal_count=5693 3858 3508 3043 915 790 125 2128 198 1835 1930 350 195 175 148 505 155 1330 669 640 661 222 439 103 154 336 612 465 129 84
is_linear=0
shrinkage=0.05


Tree=9
num_leaves=31
num_cat=0
split_feature=70 14 70 29 28 24 11 11 54 19 5 50 5 54 48 48 67 1 4 20 54 52 50 28 21 1 48 51 29 5
split_gain=23.8286 17.8915 14.2934 11.8238 10.4585 11.697 11.0585 12.781 9.42623 10.1554 8.78365 22.3284 19.5577 15.0547 13.5568 10.1387 9.23943 10.8731 10.5571 14.6789 11.4814 11.3683 8.86542 8.27742 8.13592 8.0696 7.8631 7.48815 7.10876 7.56675
threshold=-0.2792764345001803 1.3007936507936511 0.86799431009957317 0.65000000000000002 1.0000000180025095e-35 5.3000000000000016 6.5500000000000007 4.4500000000000011 2.1000000000000005 22.776819923371651 6.1000000000000005 7.3000000000000016 8.1000000000000014 3.7000000000000006 13.700000000000001 22.100000000000005 -1.1833333333333329 20.450000000000003 11.344835279244444 26.300000000000001 2.3000000000000003 4.5000000000000009 7.7000000000000002 5.5000000000000009 36.63333333333334 12.550000000000002 20.100000000000005 12.15 4.0500000000000007 7.5000000000000009
decision_type=2 2 2 2 2 2 2 2 2 2 2 2 2 2 2 2 2 2 2 2 2 2 2 2 2 2 2 2 2 2
left_child=10 2 8 -4 -3 26 7 -7 -2 25 16 -12 13 14 -13 23 17 -1 21 22 -21 27 -20 -14 -8 -10 -6 -18 29 -5
right_child=1 4 3 28 5 6 24 -9 9 -11 11 12 15 -15 -16 -17 18 -19 19 20 -22 -23 -24 -25 -26 -27 -28 -29 -30 -31
leaf_value=0.0092957964940669786 0.062586896608497117 0.042167819597737938 0.067697567906948072 0.0057590189062092581 -0.075070509894300488 -0.0056451232672314602 -0.011147829655070544 0.0082476042234175765 0.01524047353268409 -0.026088020195709632 0.046217421815118787 -0.072204023060450442 0.022730055281815965 -0.075875762183624101 -0.0028767951870573212 0.069939964062705834 0 -0.057648017389705535 -0.00045706603076076774 0.0069852483443375753 0.029573924521447404 -0.03974337065694665 0.069202181404460036 -0.038396032949985379 -0.044357498481548643 0.086645784450610663 0.00032239780995095308 0.060417909205031019 0.04634651609514074 -0.031250896709894942
leaf_weight=20.987828820943836 21.565949484705925 12.207759037613867 6.2006302624940863 32.375623762607574 9.5193416327238065 515.78797455132008 102.8630797713995 243.54948005080223 12.329316973686224 8.6954275071620923 22.5599415153265 8.2515657693147642 20.764298424124721 11.768037214875219 46.548481613397598 8.0721715837717039 20.118265226483349 8.3758321553468686 5.4424500614404705 107.70725476741791 119.47733491659164 14.355351135134695 24.309106290340424 7.4097696244716635 22.638031050562859 5.9347636997699729 5.1933628767728797 6.7298827618360511 6.1417394727468482 23.733452200889587
leaf_count=80 81 46 23 124 38 1992 401 930 47 34 85 33 79 47 179 30 77 33 21 412 451 56 90 29 92 22 20 25 23 93
internal_value=0.00299413 -0.00120882 0.0171844 0.00237823 -0.00357574 -0.0042067 -0.00346255 -0.00118209 0.0379197 0.0178444 0.0125506 0.00125154 -0.0086018 -0.0247151 -0.0135194 0.0208402 0.0168591 -0.00976073 0.0195 0.0232693 0.0188945 -0.00388327 0.0563331 0.00639813 -0.0172086 0.0390608 -0.0482979 0.0151814 -0.00414599 -0.00983452
internal_weight=1481.61 1028.74 116.977 68.4514 911.759 899.551 884.839 759.337 48.5255 26.9595 452.878 125.374 102.814 66.5681 54.8 36.2462 327.503 29.3637 298.14 256.936 227.185 41.2035 29.7516 28.1741 125.501 18.2641 14.7127 26.8481 62.2508 56.1091
internal_count=5693 3966 447 263 3519 3473 3415 2922 184 103 1727 482 397 259 212 138 1245 113 1132 974 863 158 111 108 493 69 58 102 240 217
is_linear=0
shrinkage=0.05


Tree=10
num_leaves=31
num_cat=0
split_feature=70 11 71 20 5 14 20 28 70 48 51 20 1 24 55 14 59 59 14 66 29 71 16 24 14 29 29 66 21 70
split_gain=20.4763 13.387 13.4533 12.359 12.8166 11.6609 12.1993 13.8453 11.076 13.4307 10.9777 16.5588 10.8625 10.7601 14.7846 13.0636 10.3821 10.2102 11.8725 11.3605 9.79059 9.73846 9.67589 12.8248 13.0473 11.3264 10.5623 9.57374 9.23222 12.3168
threshold=-0.24074074074074067 6.8500000000000005 1.0151225327460647 31.500000000000004 3.9000000000000004 1.286796536796537 28.900000000000002 1.0000000180025095e-35 1.322714285714286 15.700000000000001 12.350000000000003 26.633333333333336 9.3500000000000032 18.700000000000006 3.1500000000000008 6.1275000000000004 140.50000000000003 66.500000000000014 4.9474203737825748 0.80000000000000016 1.0500000000000003 1.3534967103280857 13.450000000000001 8.3000000000000025 1.3007936507936511 6.1500000000000012 1.4500000000000002 1.0000000180025095e-35 35.150000000000013 -1.0609702797202794
decision_type=2 2 2 2 2 2 2 2 2 2 2 2 2 2 2 2 2 2 2 2 2 2 2 2 2 2 2 2 2 2
left_child=16 2 5 -3 -5 8 7 -7 12 -10 17 -12 -2 14 -6 -15 22 19 -19 -4 -8 -13 -1 26 -25 -26 -24 -28 29 -18
right_child=1 3 10 4 13 6 20 -9 9 -11 11 21 -14 15 -16 -17 28 18 -20 -21 -22 -23 23 24 25 -27 27 -29 -30 -31
leaf_value=0.051251895021101182 -0.0056562787066112554 0.030097076151375662 -0.034532368361743136 -0.057348093629814682 -0.040453785509042162 0.063544829673183312 0.030702616231909941 -0.01559724947853704 0.034833934504882022 -0.031461149801587054 0.028951265166017516 -0.016562364128002653 0.047795374304727127 0.059772982611866025 0.040502491248278427 -0.020445893289199418 0.044000379972511196 -0.0058425591379877738 -0.059994839202995233 0.047339778379811237 0.0029879939796842742 -0.077959083330549558 -0.044823473716968598 0.058648110279652513 0.011417602359791211 -0.01825356485577664 0.026532375457061021 -0.023350631007153028 0.044946981662620664 0.0042645332306575599
leaf_weight=11.790833026170729 12.21107544004917 11.239439338445662 5.602925360202792 22.856383308768272 35.860057294368744 5.6581674665212622 34.051082849502563 127.28547765314579 13.445927113294603 17.393059074878693 7.3700674772262564 10.79721872508526 40.104003831744194 9.288682624697687 6.5455444604158393 10.84547673165798 26.887735590338707 90.322847917675972 11.355271428823469 15.959690004587172 491.24728655815125 17.17036472260952 20.443030714988708 12.929847300052641 234.61081676185131 37.067037090659142 17.696903511881828 20.824822545051575 35.923358306288719 71.664623856544495
leaf_count=44 47 43 22 93 143 21 129 494 51 68 28 42 152 35 25 43 101 349 45 60 1886 69 80 49 895 144 67 81 135 274
internal_value=0.00298905 -0.00112075 0.000773621 -0.0187974 -0.0253189 0.00360642 0.00136815 -0.0121461 0.0212414 -0.00237544 -0.0124329 -0.0369832 0.0352366 -0.0134605 -0.0277742 0.0164276 0.0113595 -0.00532858 -0.0119923 0.0257737 0.00479954 -0.0545777 0.00685805 0.00530551 0.00971375 0.00734572 -0.0158677 -0.000295525 0.0232037 0.0151898
internal_weight=1486.45 996.61 899.974 96.6356 85.3961 741.396 658.242 132.944 83.1541 30.839 158.578 35.3377 52.3151 62.5398 42.4056 20.1342 489.839 123.241 101.678 21.5626 525.298 27.9676 355.363 343.572 284.608 271.678 58.9648 38.5217 134.476 98.5524
internal_count=5715 3845 3463 382 339 2848 2530 515 318 119 615 139 199 246 168 78 1870 476 394 82 2015 111 1360 1316 1088 1039 228 148 510 375
is_linear=0
shrinkage=0.05


Tree=11
num_leaves=31
num_cat=0
split_feature=70 11 67 20 6 9 55 49 20 53 70 9 6 66 29 16 10 9 54 53 55 21 20 52 28 29 9 20 20 66
split_gain=18.5098 12.1287 12.173 11.1987 11.3416 10.9435 12.2315 10.0158 11.231 10.8137 11.2111 9.77117 15.5348 9.73383 9.1557 12.495 10.8051 8.4401 8.22296 14.0206 12.2695 10.5064 8.68941 8.08906 7.08379 10.5973 6.20003 5.75317 10.7289 6.30159
threshold=-0.24074074074074067 6.8500000000000005 0.90000000000000024 31.500000000000004 3.5277777777777781 4.0574970484061401 3.6500000000000008 19.850000000000005 26.633333333333336 3.1500000000000008 0.90582750582750615 4.2957200694042807 4.3500000000000005 0.80000000000000016 5.6500000000000012 32.150000000000013 3.3000000000000003 10.160958904109592 4.3000000000000016 3.7500000000000004 3.4500000000000006 33.850000000000001 21.500000000000004 3.7000000000000006 2.5000000000000004 5.7500000000000009 3.3382813343409268 36.100000000000009 34.70000000000001 -0.90000000000000002
decision_type=2 2 2 2 2 2 2 2 2 2 2 2 2 2 2 2 2 2 2 2 2 2 2 2 2 2 2 2 2 2
left_child=5 2 18 -3 -5 27 11 9 -9 10 -4 12 23 -11 16 -16 -13 -10 20 -20 22 -21 -2 -7 -6 -26 -22 28 29 -1
right_child=1 3 7 4 24 6 -8 8 17 13 -12 14 -14 -15 15 -17 -18 -19 19 21 26 -23 -24 -25 25 -27 -28 -29 -30 -31
leaf_value=0.046177017479995822 -0.042400681677768254 0.028527606215213993 0 -0.064374914845617776 -0.068750870870181655 -0.075940787557859157 0.049846587668995253 0.016476211591370644 -0.068141555744118704 -0.019548654736668114 -0.075284248271069998 0.00041047375549247805 0.033944059457469554 0.012263816801191763 -0.069338172461454267 -0.001443968840489707 0.021637678383798813 -0.00020153551484216787 0.041427709086902118 -0.056421056965723387 -0.0095403497618372288 0.0053459897002930898 0.0038987076260734721 -0.018460381672497094 0.0061264825984555559 -0.034742047651124403 0.045218735559445528 0.051215789380848489 -0.030182777112319693 0.017122740939441859
leaf_weight=24.014913126826286 10.176847413182257 11.269581884145735 9.6237120479345339 14.519447982311247 5.7209814339876166 9.812885060906412 15.177007332444189 7.6028951704502097 19.457914561033252 36.94064000248909 10.215073764324186 117.15917953848839 9.5500634461641294 68.350892543792725 7.7773937135934821 49.749648302793503 123.73663242161274 6.1595793068408957 7.4150596261024466 19.436145395040516 6.2109675109386435 10.389920860528944 661.18276810646057 17.097254723310471 37.749024540185928 27.033341407775879 26.307972654700279 15.777417361736296 10.037478327751158 89.546114832162857
leaf_count=90 40 43 37 60 23 39 57 29 78 144 41 451 36 262 31 192 470 24 28 77 24 40 2540 66 147 109 99 59 39 340
internal_value=0.00284258 -0.00106637 0.000734583 -0.0179243 -0.0241664 0.0108042 0.00606378 -0.0118376 -0.0362257 -0.00529925 -0.0390696 0.00405031 -0.0203144 0.00104728 0.00704966 -0.0108141 0.0113391 -0.0520645 0.00342879 -0.0194113 0.00464692 -0.0347914 0.00318322 -0.0398095 -0.0157356 -0.0108779 0.0346095 0.0226615 0.0189377 0.0233461
internal_weight=1485.2 995.763 899.47 96.2924 85.0228 489.436 350.06 158.351 33.2204 125.13 19.8388 334.883 36.4602 105.292 298.423 57.527 240.896 25.6175 741.12 37.2411 703.879 29.8261 671.36 26.9101 70.5033 64.7824 32.5189 139.376 123.599 113.561
internal_count=5715 3845 3463 382 339 1870 1342 615 131 484 78 1285 141 406 1144 223 921 102 2848 145 2703 117 2580 105 279 256 123 528 469 430
is_linear=0
shrinkage=0.05


Tree=12
num_leaves=31
num_cat=0
split_feature=70 10 51 66 52 70 56 9 55 55 9 67 51 54 56 9 66 52 70 24 52 66 14 66 1 50 48 66 21 48
split_gain=16.727 10.6319 10.9418 13.8078 13.1076 10.6666 11.4031 9.90042 11.0843 9.70826 8.82852 14.0516 8.61377 14.0648 8.40363 7.44811 7.40224 7.3674 12.5228 10.0087 7.33438 7.13089 10.4648 9.06137 6.35579 4.81863 4.80063 4.60964 4.01473 3.51828
threshold=-0.24074074074074067 9.9000000000000021 12.750000000000002 1.2000000000000004 5.7000000000000002 -0.22222222222222185 9.5000000000000018 4.0574970484061401 3.6500000000000008 1.2500000000000002 4.2957200694042807 -0.80000000000000016 13.850000000000003 4.3000000000000016 1.5000000000000002 8.1022437449556115 -0.90000000000000002 2.1000000000000005 -1.0373099801718439 20.500000000000004 3.7000000000000006 -0.30000000000000021 6.2366028708133978 0.19999999999999998 19.450000000000003 12.900000000000002 24.900000000000002 0.19999999999999998 29.350000000000005 14.700000000000001
decision_type=2 2 2 2 2 2 2 2 2 2 2 2 2 2 2 2 2 2 2 2 2 2 2 2 2 2 2 2 2 2
left_child=7 2 5 12 28 -2 9 14 10 -7 11 -9 15 -14 29 -4 24 18 -12 -19 -13 22 -18 -23 25 -16 -10 -3 -5 -1
right_child=1 27 3 4 -6 6 -8 8 26 -11 17 20 13 -15 16 -17 21 19 -20 -21 -22 23 -24 -25 -26 -27 -28 -29 -30 -31
leaf_value=0.09121371773620067 -0.050552681264602564 -0.021666005316286648 -0.021650077476451045 -0.0287160027100343 0.020365906272605733 -0.03315130177044074 0.056223896930697494 0.03230399716259312 0.070205660586058871 0.0025594276687014145 0.075887910463268426 -0.07232685636063034 0.031059322138248597 -0.046381707598810828 0.06675613335065593 0.021982302213876058 0.0084709063824145725 0.0013863724799524466 0.0076100948370212036 0.040181359743347758 -0.017537267510626332 0.037420756911510977 -0.063193536850331272 0.001929898452940698 4.4794892899061545e-05 0.011371200203783601 0.011399056941858485 -0.081992598977539299 -0.083509559248135967 0.035494043899412388
leaf_weight=5.4508419930934888 9.5316048115491849 9.4247134178876859 67.810131207108498 5.1061116307973924 5.2101050168275824 19.378806725144386 9.6141356974840146 9.5385270416736585 9.1490200608968717 805.21269856393337 9.9047623872756976 9.7934271395206469 27.321118786931038 7.3243524283170691 16.423511371016509 11.233091250061987 17.046006441116337 249.59940230846405 21.108565628528595 17.742698669433594 17.102461755275726 34.049806579947472 7.1036610603332511 38.683316916227341 7.8140108287334433 5.5154784619808188 5.9876506626605979 5.0345303416252127 12.999311611056326 7.1452412754297256
leaf_count=20 38 38 265 20 20 77 36 36 34 3101 37 39 104 29 61 43 65 959 81 67 66 128 28 148 30 21 23 21 53 27
internal_value=0.0027002 -0.00101655 -0.000381735 -0.0134866 -0.0484837 0.00174163 0.00235113 0.0102709 0.00576129 0.00171021 0.00384568 -0.019321 -0.00622913 0.0144573 0.0215565 -0.0153662 0.0175959 0.00669701 0.0297506 0.00399384 -0.0378667 0.0108037 -0.0125768 0.0186421 0.0394351 0.053174 0.047499 -0.0434333 -0.0685739 0.0605286
internal_weight=1484.36 995.201 980.741 137.004 23.3155 843.737 834.206 489.158 349.927 824.592 334.79 36.4344 113.689 34.6455 139.232 79.0432 126.636 298.355 31.0133 267.342 26.8959 96.8828 24.1497 72.7331 29.753 21.939 15.1367 14.4592 18.1054 12.5961
internal_count=5715 3845 3786 534 93 3252 3214 1870 1342 3178 1285 141 441 133 528 308 481 1144 118 1026 105 369 93 276 112 82 57 59 73 47
is_linear=0
shrinkage=0.05


Tree=13
num_leaves=27
num_cat=0
split_feature=71 4 29 59 48 21 29 20 53 53 70 28 6 51 50 54 10 70 4 9 29 54 53 28 19 50
split_gain=15.4212 11.0869 10.8852 12.4134 15.0348 14.2864 9.72925 9.18813 9.10473 7.76148 14.9558 14.7018 11.7658 8.86631 17.1622 7.98009 7.66315 12.4214 11.0543 8.49957 11.392 9.99062 7.93946 7.08483 4.8353 2.09797
threshold=0.11279139252734036 31.174505674505678 6.5500000000000007 142.50000000000003 20.300000000000001 35.850000000000001 7.6500000000000012 39.500000000000007 6.2500000000000009 4.1500000000000012 0.40577078288942708 6.7000000000000002 2.8285714285714287 12.65 11.100000000000001 3.9000000000000004 3.3000000000000003 0.010421189752496842 9.6963862224731816 10.212549019607843 2.7071428571428577 2.3000000000000003 3.8500000000000001 10.900000000000002 33.308884913536083 10.100000000000001
decision_type=2 2 2 2 2 2 2 2 2 2 2 2 2 2 2 2 2 2 2 2 2 2 2 2 2 2
left_child=2 7 8 4 23 -6 -5 9 16 13 12 -12 -11 15 -15 -2 19 22 -19 20 -1 -21 -18 24 -4 -8
right_child=1 -3 3 6 5 -7 25 -9 -10 10 11 -13 -14 14 -16 -17 17 18 -20 21 -22 -23 -24 -25 -26 -27
leaf_value=0.0086857078946161372 -0.0089851576449749056 0.06554176658461619 -0.090230557078061116 -0.016657066279874021 0.055302464793611728 -0.047370617841269592 0.074474294982524072 -0.069507690264211094 -0.053365880195608811 0.043872595678313274 -0.0058858420990496743 -0.072730512790620969 0.0065395609204619634 0.039380247890471426 -0.059266234722049942 0.021586824485481285 0.0090299947030147206 0.037319176816820711 -0.0013809070809810834 0.067575967978507054 -0.010120593248505064 0.004020431096963567 0.028004905916007225 0.016056241753683968 -0.037437003227132254 0.029746236386025051
leaf_weight=221.56917011737823 264.10293808579445 5.6550602912902823 5.199715554714202 8.9536842405796069 9.8923830687999708 4.9907446950674048 5.6216433495283109 5.2374642938375464 5.755128562450408 24.871202573180199 117.88908636569977 8.772523105144499 140.39484190940857 5.5292540192604092 19.739087849855423 23.044189840555191 87.728458940982819 20.947090938687325 148.1255391985178 10.958070054650308 126.23997196555138 14.468091398477553 153.20039120316505 5.2501177787780753 33.094225540757179 6.2524303942918777
leaf_count=850 1024 21 21 35 37 20 21 21 23 94 456 36 540 21 79 88 336 79 571 41 489 56 581 20 131 24
internal_value=0.00256825 -0.00348207 0.00686114 -0.0107651 -0.022614 0.0204531 0.0221843 -0.00414125 0.00863919 -0.00355508 0.00229279 -0.0106086 0.0122112 -0.00903444 -0.037413 -0.00650762 0.00910793 0.0138308 0.00340347 0.00390413 0.0018445 0.0317647 0.021123 -0.0374618 -0.0449521 0.0517849
internal_weight=1483.48 615.236 868.247 79.2549 58.4272 14.8831 20.8278 609.581 788.992 604.343 291.928 126.662 165.266 312.415 25.2683 287.147 783.237 410.001 169.073 373.235 347.809 25.4262 240.929 43.5441 38.2939 11.8741
internal_count=5715 2380 3335 309 229 57 80 2359 3026 2338 1126 492 634 1212 100 1112 3003 1567 650 1436 1339 97 917 172 152 45
is_linear=0
shrinkage=0.05


Tree=14
num_leaves=31
num_cat=0
split_feature=71 49 48 53 14 10 4 10 21 15 4 52 19 49 15 28 1 10 14 9 29 21 66 9 11 1 15 50 56 49
split_gain=14.0632 14.9961 19.1109 13.9846 13.2186 13.0006 11.0959 10.7564 15.8532 11.9699 18.8657 15.7817 10.5236 10.1448 9.75694 15.2588 11.9801 9.51032 11.348 8.97681 9.07372 13.8578 12.1057 8.97448 7.9908 9.99566 8.60126 8.20595 10.0646 13.8524
threshold=-0.096678336452005784 13.250000000000002 13.100000000000001 3.2500000000000004 1.3007936507936511 1.1000000000000003 30.368195768050402 3.3000000000000003 32.250000000000007 33.900000000000006 24.066267465069863 1.5000000000000002 31.327484742807325 17.950000000000003 19.700000000000006 1.9000000000000001 12.15 5.9000000000000012 6.4505171931786416 10.212549019607843 2.6500000000000008 30.150000000000002 -0.10000000000000002 5.5047169811320762 1.0500000000000003 12.350000000000003 18.900000000000002 11.500000000000002 2.5000000000000004 18.650000000000002
decision_type=2 2 2 2 2 2 2 2 2 2 2 2 2 2 2 2 2 2 2 2 2 2 2 2 2 2 2 2 2 2
left_child=4 3 5 -2 24 -3 17 19 12 10 -10 -11 -9 -14 15 -7 -16 18 -4 20 22 -22 -6 -19 25 26 -1 -26 29 -29
right_child=1 2 6 -5 7 14 -8 8 9 11 -12 -13 13 -15 16 -17 -18 23 -20 -21 21 -23 -24 -25 27 -27 -28 28 -30 -31
leaf_value=0.0079491650355457098 -0.009548064413044715 -0.040398424177497519 -0.0027139581083469918 -0.054987427792667132 0.012056172936622821 0.030803132620155112 0.041795981716295047 0.016645681965605976 0.0063574474289120695 0.063035843080399015 0.060645834414214131 -0.0098965590091774271 0.020858159509827612 0.08147679019993391 0.088991236483640199 -0.045006332167269208 0.026745889929874964 -0.0076606702723549629 0.069589876676191126 0.044764774686381507 -0.045092983743434491 -0.0041598738393359936 -0.020019600326208854 -0.041404428363073217 0.052307499905618331 0.05561538550385306 -0.074417433728047017 -0.030680881808187645 -0.033300526046326495 0.068466020715811204
leaf_weight=7.5585588514804858 61.537157297134399 8.1085120588541013 439.25818334519863 23.496447071433067 103.11407551169395 16.090824589133266 12.993215829133986 113.08525861799717 109.09770275652409 7.6954544633626929 18.727427825331688 148.31122013926506 14.419010892510416 13.832964211702345 8.9535817652940732 11.148648738861082 59.085229381918907 54.758675649762154 5.391102358698844 9.2832275032997114 29.952953279018402 67.394183203577995 40.98664678633213 31.1637362241745 33.416837498545647 5.2525071501731864 5.2260181307792664 5.0825359970331219 7.6105919331312171 10.675484642386435
leaf_count=29 239 32 1696 94 394 61 49 431 418 29 70 577 55 51 33 44 225 215 20 35 118 260 159 123 127 20 21 20 30 40
internal_value=0.00244118 -0.00248504 0.000103184 -0.0222124 0.00725079 0.0198045 -0.0036378 0.00503207 0.00987788 0.00304177 0.0143914 -0.00622886 0.0235589 0.0508978 0.0250174 -9.26245e-05 0.035129 -0.00476752 -0.00181063 -0.00316579 -0.0050471 -0.0168393 0.00289061 -0.0199914 0.0271931 -0.00153209 -0.0256485 0.0363918 0.0132936 0.0361804
internal_weight=1482.71 731.985 646.952 85.0336 750.723 103.387 543.565 675.9 425.169 283.832 127.825 156.007 141.337 28.252 95.2783 27.2395 68.0388 530.572 444.649 250.731 241.448 97.3471 144.101 85.9224 74.8225 18.0371 12.7846 56.7855 23.3686 15.758
internal_count=5715 2831 2498 333 2884 395 2103 2597 1631 1094 488 606 537 106 363 105 258 2054 1716 966 931 378 553 338 287 70 50 217 90 60
is_linear=0
shrinkage=0.05


Tree=15
num_leaves=31
num_cat=0
split_feature=14 70 24 70 50 10 29 49 50 49 54 50 59 59 29 29 70 21 25 21 6 4 28 50 29 5 20 20 24 54
split_gain=13.1131 13.6975 12.4921 12.2 18.8228 14.7597 17.8573 14.7016 18.8369 16.7051 19.0902 16.2701 14.6981 17.054 16.8568 13.7525 13.5774 13.145 11.8927 15.9681 10.5068 10.1738 8.65218 9.07552 8.64452 7.22553 8.31767 7.43744 6.35518 7.26963
threshold=1.3007936507936511 0.83333333333333326 8.5000000000000018 0.61710438829787251 14.300000000000002 4.5000000000000009 10.050000000000002 11.750000000000002 7.5000000000000009 18.350000000000005 2.3000000000000003 8.5000000000000018 152.50000000000003 154.50000000000003 7.6500000000000012 8.4500000000000011 0.73345498783454988 35.750000000000007 16.650000000000002 30.350000000000005 7.6500000000000012 25.883713942307697 2.1000000000000005 9.1000000000000014 0.65000000000000002 4.1000000000000005 33.500000000000007 30.900000000000002 5.1000000000000005 2.3000000000000003
decision_type=2 2 2 2 2 2 2 2 2 2 2 2 2 2 2 2 2 2 2 2 2 2 2 2 2 2 2 2 2 2
left_child=1 2 20 4 5 12 17 -5 9 10 -9 -10 14 -14 -2 18 -13 -7 19 -6 28 -20 -22 -24 -3 -26 27 -27 -1 -30
right_child=3 24 -4 7 15 6 -8 8 11 -11 -12 16 13 -15 -16 -17 -18 -19 21 -21 22 -23 23 -25 25 26 -28 -29 29 -31
leaf_value=-0.010587775348408669 -0.0031515085100513839 0.05581139545730604 0.051122210277493745 -0.049518872831970005 -0.02757904706160021 0.020291981246005595 -0.058841794043295759 -0.0079758276210091291 -0.051381628891948888 0.079604025548952517 0.079067508895398902 -0.034913053151791724 0.0845314499880363 0.010474034320677856 -0.081381908980848641 0.055730911445832101 -0.0019711074209664294 -0.0018886475405529369 -0.062740018965072641 0.011927149969299077 -0.066155785819571836 -0.0080052500772794574 -0.044812664444680517 0.037573740209286742 -0.049611083491657271 -0.0019749386539510577 -0.040682317316022232 0.044451234139010032 0.081258534539066216 0.012132834773998454
leaf_weight=5.4241275191307095 378.62818330526352 6.1202685236930838 37.071322679519653 20.225781083106995 52.708287343382835 271.72477588057518 8.2904129922389966 34.407300263643265 22.796594247221947 10.005122289061545 7.5914987921714774 37.097299411892891 8.4020238369703275 95.6808031052351 6.9216119349002829 6.6409546434879294 199.33150073885918 88.006809562444687 22.339062362909317 49.316618591547012 5.7792174220085171 14.074164167046545 5.2863119840621939 8.6526826322078687 8.1459518074989301 33.834082275629044 9.9042128473520261 11.39395749568939 8.8252213001251203 7.0313238054513922
leaf_count=21 1460 23 143 81 206 1036 33 133 90 37 28 146 31 366 28 25 770 343 89 189 23 55 21 33 32 131 39 43 33 27
internal_value=0.00159251 0.0157357 0.0300897 2.44501e-05 0.00277717 0.0055991 0.0131634 -0.00828645 -0.00557578 0.0218281 0.00778938 -0.0110989 -7.77924e-05 0.0165757 -0.00458965 -0.013863 -0.00717364 0.0148527 -0.0172754 -0.00844067 0.0108722 -0.0418012 -0.0152107 0.00587621 -0.000360014 -0.00595129 0.000487185 0.00968281 0.0352321 0.0511874
internal_weight=1481.66 147.469 78.0702 1334.19 1002.73 857.655 368.022 331.455 311.229 52.0039 41.9988 259.225 489.633 104.083 385.55 145.079 236.429 359.732 138.438 102.025 40.9989 36.4132 19.7182 13.939 69.3985 63.2782 55.1323 45.228 21.2807 15.8565
internal_count=5715 569 301 5146 3861 3297 1412 1285 1204 198 161 1006 1885 397 1488 564 916 1379 539 395 158 144 77 54 268 245 213 174 81 60
is_linear=0
shrinkage=0.05


Tree=16
num_leaves=31
num_cat=0
split_feature=14 70 24 70 49 70 59 9 4 54 48 6 6 6 14 55 6 21 28 20 14 20 59 5 48 9 15 24 54 19
split_gain=11.8971 12.4883 11.4432 11.0225 13.3795 12.9829 14.7536 13.6655 11.632 10.1169 14.196 9.55326 9.16681 16.0604 11.9607 8.88547 7.92482 8.33634 7.85281 7.57778 6.79942 6.60207 11.2114 6.56491 6.50925 6.50654 5.87497 5.81585 6.71671 5.03389
threshold=1.3007936507936511 0.83333333333333326 8.5000000000000018 0.61710438829787251 11.750000000000002 0.73345498783454988 178.50000000000003 6.880647130647132 7.2394060995184599 2.7000000000000006 19.100000000000005 7.6500000000000012 8.0500000000000025 7.4500000000000011 4.0119927485706333 3.8500000000000001 8.5500000000000025 35.550000000000004 2.1000000000000005 33.500000000000007 4.6630114762963411 30.300000000000001 125.50000000000001 4.3000000000000016 20.900000000000002 6.5571895424836608 32.300000000000004 5.1000000000000005 2.3000000000000003 23.960085978835981
decision_type=2 2 2 2 2 2 2 2 2 2 2 2 2 2 2 2 2 2 2 2 2 2 2 2 2 2 2 2 2 2
left_child=1 2 11 8 26 9 7 -7 -2 10 -6 27 13 15 -15 -10 20 -18 -13 21 -14 22 23 -3 -20 -24 -5 -1 -29 -8
right_child=3 19 -4 4 5 6 29 -9 12 -11 -12 18 16 14 -16 -17 17 -19 24 -21 -22 -23 25 -25 -26 -27 -28 28 -30 -31
leaf_value=-0.010066155788326146 -0.050465390351859152 -0.024945683563055474 0.049032791617751419 -0.064897866024917941 -0.029821153528371731 0.010003207317803249 -0.019907068211551998 -0.014401203190557838 0.0019152764255398688 -0.056844610478372519 0.056515738569077184 -0.063144300207828047 0.020084858845773899 -0.063877898009351314 0.0045650239535027321 0.038192488765400816 0.017867277127135813 -0.019912683048099705 -0.020652469355541769 -0.040090873256840992 0.082711531753305853 0.032897568402890952 -0.090332813227183131 0.024620620318331246 0.049186817463130625 -0.0089439485936524139 -0.0048644186015677146 0.07823173291321478 0.01154940797816445 -0.085840861678909294
leaf_weight=5.42509597539902 10.096520155668257 9.2122263014316541 36.731418609619141 14.105434179306032 19.832047462463382 165.54261474311352 5.9097886681556684 87.591156482696533 835.9794350117445 19.7226452678442 6.1361442357301703 5.7573858350515392 10.731902897357942 16.000750154256824 10.3404533714056 17.148559555411339 76.61836302280426 17.831642359495163 8.6492969542741758 10.155747964978216 7.6193758845329276 16.811367064714432 4.9392355978488904 23.069947630167007 5.2638605386018744 5.1320089995861053 6.0001246184110633 8.7149551361799222 7.0224727094173423 6.247860923409462
leaf_count=21 40 36 143 57 78 635 23 341 3220 79 23 23 41 64 40 65 293 70 34 40 28 64 20 88 20 20 24 33 27 25
internal_value=0.00151336 0.0150139 0.0287838 2.14683e-05 -0.0078831 -0.00530153 -0.00103788 0.00153652 0.00263791 -0.0298917 -0.00908987 0.0103713 0.00318831 0.00146011 -0.0369053 0.00265473 0.0166049 0.0106682 -0.0145026 -0.000340873 0.0466655 0.00645406 -0.00397717 0.0102883 0.00557595 -0.0498467 -0.0473422 0.0336862 0.0490528 -0.0546225
internal_weight=1480.34 146.885 77.5645 1333.45 331.088 310.982 265.291 253.134 1002.37 45.6908 25.9682 40.8331 992.27 879.469 26.3412 853.128 112.801 94.45 19.6705 69.3205 18.3513 59.1648 42.3534 32.2822 13.9132 10.0712 20.1056 21.1625 15.7374 12.1576
internal_count=5715 569 301 5146 1285 1204 1024 976 3861 180 101 158 3821 3389 104 3285 432 363 77 268 69 228 164 124 54 40 81 81 60 48
is_linear=0
shrinkage=0.05


Tree=17
num_leaves=27
num_cat=0
split_feature=14 50 50 59 48 11 6 24 6 6 56 20 51 4 25 0 1 20 56 24 25 4 67 52 51 50
split_gain=10.7908 10.0951 18.2445 12.6454 12.5861 11.8451 11.8033 11.5277 10.8539 10.867 10.6536 10.6137 10.4393 9.84271 9.70143 8.99092 11.3738 8.85068 8.63557 8.81575 8.0514 5.32313 7.05079 4.74354 3.05999 2.65666
threshold=1.3007936507936511 6.7000000000000002 6.1000000000000005 68.500000000000014 10.900000000000002 1.8444444444444448 6.4500000000000011 21.700000000000006 8.0500000000000025 7.5500000000000007 1.5000000000000002 25.700000000000006 6.4500000000000011 17.972630718954253 21.150000000000002 19.300000000000001 15.633333333333335 35.300000000000004 4.5000000000000009 7.1000000000000005 10.350000000000003 10.708583747060363 -0.45000000000000012 1.5000000000000002 8.5500000000000025 11.900000000000002
decision_type=2 2 2 2 2 2 2 2 2 2 2 2 2 2 2 2 2 2 2 2 2 2 2 2 2 2
left_child=15 2 5 -4 23 20 7 12 9 -8 -7 -10 -6 -12 -9 16 17 18 19 -1 24 -5 -23 -3 -2 -18
right_child=1 4 3 21 6 10 8 14 11 -11 13 -13 -14 -15 -16 -17 25 -19 -20 -21 -22 22 -24 -25 -26 -27
leaf_value=0.00097135001246137053 0.015679111287433479 -0.018538513719171017 0.085717001771280527 -0.022493679212649609 -0.05070625028853936 0.069836046528225865 -0.011863021104257705 0.067526839727002477 -0.052269856425882222 -0.044815557651884719 0.019666918880813108 0.001414764380433484 0.0017107835141486488 -0.012137149446354084 0.0063881478464212389 -0.042360905556032849 0.072652188642136753 -0.050887457090393745 -0.041555425256579522 0.029571207874996227 -0.083085391965094443 0.054086121207680395 0.011261741427703401 -0.081365617790101458 -0.035683526142508366 0.027291808690619153
leaf_weight=45.823903664946556 5.1872568279504794 6.2060002684593183 10.010365217924116 5.3641468435525885 9.5136821866035444 6.1879512816667548 111.81638652086258 12.049101918935778 9.5828976631164533 32.475347355008125 45.313938856124878 185.38538959622383 768.65401886403561 52.175051987171173 14.408641859889029 6.5359253585338584 10.110758692026137 5.2429166287183753 6.3012801259756079 66.633065924048424 6.1977734863758078 17.05034343898296 22.882380157709125 6.3902716785669327 6.1295734941959381 5.6049756407737723
leaf_count=178 20 24 37 21 38 23 435 45 38 129 173 716 2960 204 56 26 39 21 25 258 25 64 88 26 24 22
internal_value=0.00143737 1.86248e-05 0.0111569 0.0349257 -0.00167776 0.000248667 -0.00112369 0.0021694 -0.008947 -0.0193401 0.00672411 -0.0012237 0.00105709 0.0025995 0.034569 0.0143251 0.017041 0.0118862 0.0147401 0.017973 -0.0376192 0.0234269 0.0297611 -0.0511953 -0.0117715 0.0570655
internal_weight=1479.23 1332.98 176.499 55.3072 1156.48 121.192 1143.89 804.625 339.26 144.292 103.677 194.968 778.168 97.489 26.4577 146.253 139.717 124.001 118.758 112.457 17.5146 45.2969 39.9327 12.5963 11.3168 15.7157
internal_count=5715 5146 679 210 4467 469 4417 3099 1318 564 400 754 2998 377 101 569 543 482 461 436 69 173 152 50 44 61
is_linear=0
shrinkage=0.05


Tree=18
num_leaves=17
num_cat=0
split_feature=53 55 14 70 0 50 50 70 11 59 59 11 54 56 29 70
split_gain=10.423 10.0897 9.29764 10.8741 10.0029 9.24508 13.6371 12.8093 16.4724 16.4331 12.3134 11.4697 8.60292 8.42683 8.11535 6.6205
threshold=2.0500000000000003 1.0500000000000003 1.3007936507936511 0.83333333333333326 9.1000000000000014 6.7000000000000002 6.1000000000000005 0.59999999999999998 5.1500000000000012 187.50000000000003 68.500000000000014 1.8444444444444448 2.3000000000000003 2.5000000000000004 0.65000000000000002 1.189960329569729
decision_type=2 2 2 2 2 2 2 2 2 2 2 2 2 2 2 2
left_child=-1 -2 3 4 13 6 11 9 -9 -7 -8 -4 -6 -3 -5 -16
right_child=1 2 5 14 12 7 10 8 -10 -11 -12 -13 -14 -15 15 -17
leaf_value=0.058021529871339933 -0.056228378753465549 0.016555240856774817 -0.035871400597236945 0.05353781417443404 0.056921138372899749 0.00032905740987339255 0.081890455416321062 -0.003970374444540627 -0.03214979158045788 0.044756530508538103 0.02005832575071494 0.0078598732277063484 0.018009128421317491 -0.05695454280147793 -0.043304849253576666 0.00060425350367886014
leaf_weight=7.9770235717296591 7.543963521718978 12.477751508355142 17.466135665774345 6.0750109404325476 27.336369439959526 841.47969797253609 9.9600541889667493 214.65094204246998 68.533407837152481 21.249546840786934 43.142199829220772 101.94701866805553 30.796883881092072 5.527862384915351 10.135957926511763 51.910676434636116
leaf_count=30 31 48 69 23 108 3245 37 831 271 80 165 393 121 22 40 201
internal_value=0.00136631 0.00105159 0.00135426 0.0134011 0.0263754 3.14074e-05 0.0108226 -0.00158962 -0.0108167 0.00143419 0.0318819 0.00139696 0.0364592 -0.00592659 -0.00104428 -0.00654644
internal_weight=1478.21 1470.23 1462.69 144.261 76.1389 1318.43 172.515 1145.91 283.184 862.729 53.1023 119.413 58.1333 18.0056 68.1216 62.0466
internal_count=5715 5685 5654 563 299 5091 664 4427 1102 3325 202 462 229 70 264 241
is_linear=0
shrinkage=0.05


Tree=19
num_leaves=31
num_cat=0
split_feature=70 6 10 16 55 51 70 14 14 70 4 5 0 19 55 9 25 49 48 16 48 48 48 48 19 51 25 66 14 66
split_gain=9.50979 12.8317 11.7939 11.6543 11.2013 11.2339 12.8387 10.4257 13.2647 10.0419 9.94189 15.1924 11.4144 10.5974 10.2339 9.78606 14.2491 9.60814 9.57526 9.14305 8.67723 8.59983 8.08316 7.38889 6.70474 6.48812 6.50308 6.18258 6.12307 5.48557
threshold=-0.24074074074074067 2.7388888888888894 5.1000000000000005 39.250000000000007 1.0500000000000003 12.750000000000002 -0.22222222222222185 1.3701043051436754 1.4534108527131784 -1.2965265316585486 13.694701086956522 4.1000000000000005 12.700000000000001 18.860970788491109 2.6500000000000008 3.5245713595749826 9.9500000000000011 13.15 15.100000000000001 25.750000000000004 27.200000000000003 18.300000000000001 15.900000000000002 16.300000000000001 39.551609848484851 11.15 9.1500000000000004 0.19999999999999998 3.1103393164494717 0.19999999999999998
decision_type=2 2 2 2 2 2 2 2 2 2 2 2 2 2 2 2 2 2 2 2 2 2 2 2 2 2 2 2 2 2
left_child=1 21 7 9 -2 6 -6 25 23 -4 12 -12 13 -7 -13 16 -8 -17 -5 -14 -10 27 -11 -9 -20 26 -3 -1 -29 -27
right_child=4 2 3 18 5 10 15 8 20 22 11 14 19 -15 -16 17 -18 -19 24 -21 -22 -23 -24 -25 -26 29 -28 28 -30 -31
leaf_value=0.076497468109500491 -0.069620977990780528 -0.016898969909303556 0.064789226102308903 0.030292544029429908 -0.055132373683862514 -0.0024171231053798977 0.0053642137917708551 -0.015492362829887149 2.1169572727906631e-05 -8.6966054021379567e-05 -0.068454347068125324 -0.053101183542964628 0.049417163633688248 -0.071874275951562649 -0.0040839395603156385 -0.011772356893165392 -0.021767057440293263 0.0069433298287188781 -0.087495621809265331 -0.016123952031474497 -0.053927337567874351 -0.0041736608284490403 0.027289388109771807 -0.08741741902860517 -0.010607162019318758 0.064244187910363876 0.040840753786773605 0.06428040888584409 -0.006805880358760257 0.0068406831460840999
leaf_weight=12.701663926243784 5.8988775312900534 13.446935072541239 12.287489056587217 5.762847080826762 9.9374941736459714 26.041096702218056 96.84620289504528 7.7147995233535749 242.55118300020695 42.338003009557724 16.42009074985981 13.46881780028343 16.111982047557834 6.9194128811359397 50.894916996359825 77.680118158459663 96.124583959579468 570.36442282795906 5.4843055307865125 7.7172936499118796 7.5838987082242957 9.1065183430910093 72.43327970802784 6.9843388497829437 6.166958674788475 12.147411748766901 7.4929652363061896 5.3779136389493924 6.4922052025794983 6.6570701003074637
leaf_count=47 25 53 46 22 40 101 373 30 933 163 67 54 61 28 199 305 376 2200 22 30 30 35 275 28 24 47 30 20 25 26
internal_value=0.00130041 0.00705952 0.00481 0.0165716 -0.00149067 -0.00107205 0.0010662 -0.000756136 -0.00435806 0.0218489 -0.0143255 -0.025588 0.00162425 -0.0173228 -0.0144854 0.00174266 -0.00812907 0.00469072 -0.0215527 0.0280035 -0.00161542 0.0368025 0.0171557 -0.0503654 -0.047661 0.0230703 0.00362042 0.0521467 0.0252509 0.0443307
internal_weight=1477.16 482.73 449.051 144.473 994.425 988.526 850.953 304.579 264.834 127.059 137.574 80.7838 56.7898 32.9605 64.3637 841.015 192.971 648.045 17.4141 23.8293 250.135 33.6783 114.771 14.6991 11.6513 39.7444 20.9399 24.5718 11.8701 18.8045
internal_count=5715 1856 1729 552 3859 3834 3294 1177 1021 484 540 320 220 129 253 3254 749 2505 68 91 963 127 438 58 46 156 83 92 45 73
is_linear=0
shrinkage=0.05


Tree=20
num_leaves=24
num_cat=0
split_feature=70 51 70 25 4 67 9 21 5 5 54 9 1 52 5 67 70 52 0 51 52 51 0
split_gain=13.3939 9.53182 9.34834 8.40548 10.2732 11.6927 8.36371 13.2787 10.5382 9.12851 8.37665 8.30288 7.80874 7.80041 11.864 10.6844 9.69238 9.25574 8.36093 5.97008 4.23497 3.22353 3.95529
threshold=-0.24074074074074067 15.450000000000001 -0.22222222222222185 6.2500000000000009 10.037142857142859 1.0000000180025095e-35 3.5030488938464406 31.121428571428577 4.3000000000000016 2.5000000000000004 3.9000000000000004 3.7633053221288519 10.738888888888891 2.1000000000000005 6.1000000000000005 -0.95000000000000007 -1.2320163654127982 7.7000000000000002 23.500000000000004 10.950000000000001 4.3000000000000016 12.750000000000002 6.9000000000000012
decision_type=2 2 2 2 2 2 2 2 2 2 2 2 2 2 2 2 2 2 2 2 2 2 2
left_child=3 2 20 21 5 12 7 8 -4 -8 -9 -11 19 16 17 -16 -6 -15 -18 -5 -2 22 -1
right_child=1 -3 6 4 13 -7 9 10 -10 11 -12 -13 -14 14 15 -17 18 -19 -20 -21 -22 -23 -24
leaf_value=0.052848856852476395 -0.072386811625596542 -0.062718767199931233 -0.0060500448782768628 0 0.077325762881275489 -0.086015870536522224 -0.064700603314927885 -0.032237679441754624 0.035538206661894348 0.017923908689424634 0.016508212847051985 -0.00025132870077711184 0.038015883261816187 0.0097584404686775934 0.014402401685109013 -0.020049375680098125 0.029859810028967718 0.066673644683219901 -0.032948837979630829 -0.062857034979628509 -0.010199130090764834 0.07204529582738127 0.0027720940450806225
leaf_weight=7.4529509842395845 6.6446089297533018 6.4236483275890341 111.11272828280926 9.0871268808841759 8.2854244858026487 5.7400677204132071 5.153380721807479 70.900242790579796 17.547160342335701 69.108949437737465 9.8562256246805173 677.28566554188728 6.7582177370786658 280.63900847733021 33.396066382527351 67.865679532289505 24.473799437284473 7.2703129500150672 6.5987852513790122 6.3229833692312232 5.0217119753360748 5.3817175328731528 8.7458875477313978
leaf_count=28 27 26 430 35 32 23 21 281 67 266 38 2628 26 1076 130 265 93 27 26 25 20 20 34
internal_value=0.000890139 -0.00245567 -0.00204612 0.00775241 0.0062929 -0.023002 -0.0014982 -0.0103344 -0.000316042 0.000958363 -0.0262134 0.001427 -0.00614823 0.00821735 0.00605166 -0.00863487 0.0294354 0.0112357 0.016298 -0.0259593 -0.0463575 0.0382194 0.0263017
internal_weight=1457.07 979.054 972.631 478.018 456.437 27.9084 960.964 209.416 128.66 751.548 80.7565 746.395 22.1683 428.529 389.171 101.262 39.358 287.909 31.0726 15.4101 11.6663 21.5806 16.1988
internal_count=5644 3804 3778 1840 1758 109 3731 816 497 2915 319 2894 86 1649 1498 395 151 1103 119 60 47 82 62
is_linear=0
shrinkage=0.05


Tree=21
num_leaves=28
num_cat=0
split_feature=70 66 49 70 9 66 25 5 28 5 50 25 15 16 53 67 67 28 50 19 28 66 49 5 9 59 6
split_gain=12.1177 9.73621 8.84706 9.81781 8.35896 14.1342 11.4677 8.43618 8.0019 7.56777 14.2986 13.3822 15.0256 8.98467 7.23921 10.5343 11.1768 10.4053 12.3375 11.2952 9.46917 7.15025 5.59254 5.56945 5.26184 4.6402 1.51648
threshold=-0.24074074074074067 -2.1999999999999993 23.150000000000002 -0.22222222222222185 3.5030488938464406 -1.3 9.5500000000000025 2.5000000000000004 0.3000000000000001 6.1000000000000005 7.3000000000000016 9.4500000000000011 21.300000000000001 23.350000000000005 4.1500000000000012 0.69999999999999973 -0.54999999999999971 1.3 11.100000000000001 26.098901098901102 1.9000000000000001 -1.3 16.850000000000005 7.2666666666666675 6.7861111111111123 109.50000000000001 4.2500000000000009
decision_type=2 2 2 2 2 2 2 2 2 2 2 2 2 2 2 2 2 2 2 2 2 2 2 2 2 2 2
left_child=1 22 3 26 5 25 -7 -6 -9 14 13 12 -12 -11 15 16 -3 18 -16 -19 -17 -13 -1 -15 -4 -5 -2
right_child=2 9 24 4 7 6 -8 8 -10 10 11 21 -14 23 17 20 -18 19 -20 -21 -22 -23 -24 -25 -26 -27 -28
leaf_value=0.073928152774772021 -0.066107689092814934 -0.012111487729713231 -0.011472040414174503 0.074426560778246054 -0.062148681808024769 0.00079552923120491416 -0.02354825143730337 0.050446019771047956 0.0011658498583595515 -0.013193614909107244 -0.030740290158849045 0.002588477379875477 0.047594655493404754 0.090216556727886449 -0.031794333115228272 -0.087608511618618712 0.015502269197868557 0.044246595979960932 0.029503100606172884 0.013283072369731412 -0.0026497567347047498 -0.034397160428823424 0.011706123949113778 0.025714701306547145 -0.073480799699464514 0.0092947744376437099 -0.026605720687624207
leaf_weight=8.3804585933685285 5.8474141210317594 54.999030008912086 7.4395978003740293 5.8865796476602537 5.1021348834037772 83.609762817621231 113.43590587377548 8.2385610491037351 731.50990051031113 7.1810767203569439 9.8255800008773821 17.199306011199951 15.714576140046118 6.2143664062023145 20.627191796898842 5.7535219937562925 108.62896609306335 43.833336144685745 13.441121891140936 92.07901930809021 7.7622318267822266 51.099394887685776 6.7426822930574408 7.9994328618049622 6.6889469027519226 5.4560507833957672 5.4750639051198959
leaf_count=33 24 213 29 22 21 323 447 31 2836 28 39 67 60 23 81 23 416 166 51 352 30 201 26 31 28 21 22
internal_value=0.000846134 0.00737788 -0.00233588 -0.00175293 -0.00119526 -0.0100474 -0.0131983 0.00127564 0.00172818 0.00606864 -0.00500192 -0.013453 0.017261 0.0317225 0.00975848 0.00264925 0.0061884 0.017132 -0.00744848 0.0233311 -0.0395609 -0.02502 0.0467739 0.0546979 -0.0414907 0.0438888 -0.0478441
internal_weight=1456.17 477.481 978.69 964.561 953.239 208.388 197.046 744.851 739.748 462.358 115.234 93.8389 25.5402 21.3949 347.124 177.144 163.628 169.981 34.0683 135.912 13.5158 68.2987 15.1231 14.2138 14.1285 11.3426 11.3225
internal_count=5644 1840 3804 3747 3701 813 770 2888 2867 1781 449 367 99 82 1332 682 629 650 132 518 53 268 59 54 57 43 46
is_linear=0
shrinkage=0.05


Tree=22
num_leaves=23
num_cat=0
split_feature=70 51 55 67 70 51 49 56 25 4 67 24 0 4 59 56 0 15 57 51 0 0
split_gain=10.9644 8.19802 9.07424 9.4155 8.64185 8.17747 10.5303 8.94173 7.68911 9.21324 10.4861 9.99428 6.83217 12.1936 9.20138 11.5571 8.2997 7.30014 6.81452 2.76271 3.61226 1.50415
threshold=-0.24074074074074067 15.450000000000001 3.8500000000000001 -0.24999999999999997 -0.22222222222222185 12.65 19.350000000000005 9.5000000000000018 6.2500000000000009 10.037142857142859 1.0000000180025095e-35 7.3000000000000016 20.700000000000006 25.999379068174033 131.50000000000003 4.5000000000000009 26.100000000000005 22.900000000000002 1.0000000180025095e-35 12.750000000000002 6.9000000000000012 14.700000000000001
decision_type=2 2 2 2 2 2 2 2 2 2 2 2 2 2 2 2 2 2 2 2 2 2
left_child=8 2 4 -4 21 7 -7 -6 19 10 11 -10 13 17 15 -14 -16 -11 -13 20 -1 -2
right_child=1 -3 3 -5 5 6 -8 -9 9 12 -12 18 14 -15 16 -17 -18 -19 -20 -21 -22 -23
leaf_value=0.050601968695800692 -0.064850629144337202 -0.058575895622943387 -0.01806581639323605 0.064095300430160249 -0.00064474175205386655 -0.072211995629465939 -0.010051074340480571 0.047893821110921463 -0.052454867570362378 0.0023749378802752309 -0.081992945737125136 -0.013920440279978248 -0.013254556292943554 0.082326387968038622 0.0062347928706730626 0.050138222314255548 0.059971214687370246 0.0187622054019458 0.053955395844533009 0.067836371073270438 0.0026293349417993972 -0.025519484694745111
leaf_weight=7.4218391329050126 5.575453966856001 6.3169924765825263 5.1111289858818045 10.132358610630034 805.41156888008118 7.1557700783014289 123.31601451337337 9.5010815709829313 7.5887250751257005 138.645597666502 5.7129574567079535 7.6689229607582075 101.12477020919323 5.9622786790132514 29.814036145806313 7.6163382679224005 9.49661837518215 134.77394832670689 6.840812548995018 5.3200053423643103 8.7188226431608182 5.6584199219942093
leaf_count=28 23 26 20 38 3124 29 485 36 30 535 23 30 393 22 115 29 36 519 26 20 34 23
internal_value=0.000804909 -0.00222137 -0.00184394 0.0362827 -0.00246043 -0.00193439 -0.0135513 -6.68879e-05 0.00702435 0.00562819 -0.0221624 -0.00616996 0.00745287 0.0120549 -0.00119997 -0.00872654 0.0194625 0.0104747 0.0178886 0.0362457 0.0251719 -0.0458809
internal_weight=1454.88 978.179 971.862 15.2435 956.618 945.384 130.472 814.913 476.706 455.245 27.8114 22.0985 427.434 279.382 148.052 108.741 39.3107 273.42 14.5097 21.4607 16.1407 11.2339
internal_count=5644 3804 3778 58 3720 3674 514 3160 1840 1758 109 86 1649 1076 573 422 151 1054 56 82 62 46
is_linear=0
shrinkage=0.05


Tree=23
num_leaves=18
num_cat=0
split_feature=51 55 67 9 5 66 10 48 54 9 10 54 9 5 15 48 20
split_gain=10.1606 13.1994 9.95694 11.7142 14.08 9.87521 9.12682 8.24393 7.86913 12.3434 9.64824 9.46347 9.01607 8.02005 6.62468 2.36588 0.985225
threshold=15.450000000000001 3.8500000000000001 -0.90000000000000002 2.9704254079254082 8.5000000000000018 -0.30000000000000021 9.1000000000000014 21.900000000000002 0.90000000000000013 3.2140752864157123 7.1000000000000005 1.1000000000000003 3.0132352941176475 6.1000000000000005 24.633333333333336 24.100000000000005 29.700000000000006
decision_type=2 2 2 2 2 2 2 2 2 2 2 2 2 2 2 2 2
left_child=1 2 3 16 6 15 -5 -6 9 -4 -11 12 -10 -13 -7 -3 -1
right_child=-2 5 8 4 7 14 -8 -9 11 10 -12 13 -14 -15 -16 -17 -18
leaf_value=0.041896571784776918 -0.056790394135265931 0.020103435591923468 -0.038552660768979737 0.0016429766119060701 0.018970945253851946 0.022113630383479285 -0.06284444425677263 0.067998301932704772 0.028321376136390703 0.029336640355200668 -0.033355194697673736 0.0014923724216417244 -0.033103129963803858 -0.0077788481503385191 0.088134899936032449 -0.02610102537211131 0.076859905875676329
leaf_weight=5.6133044660091382 7.5245434045791617 5.9087332785129565 9.384316220879553 159.88551165163517 55.392446354031563 6.9814447462558773 5.5801065266132346 10.238953128457068 6.8183222562074652 56.186402052640915 6.7322944998741141 710.09044148027897 41.186864644289017 346.85492432117462 9.195739880204199 5.0258592665195465 5.3550664186477661
leaf_count=22 31 23 37 619 214 27 23 39 26 215 27 2751 163 1353 34 20 20
internal_value=0.000765498 0.00107227 0.000407346 0.00964344 0.00720885 0.0355685 -0.00053822 0.0267874 -0.00148818 0.0144706 0.022507 -0.00253819 -0.0242341 -0.00154586 0.0602608 -0.000724449 0.0599586
internal_weight=1453.96 1446.43 1419.32 242.065 231.097 27.1118 165.466 65.6314 1177.25 72.303 62.9187 1104.95 48.0052 1056.95 16.1772 10.9346 10.9684
internal_count=5644 5613 5509 937 895 104 642 253 4572 279 242 4293 189 4104 61 43 42
is_linear=0
shrinkage=0.05


Tree=24
num_leaves=31
num_cat=0
split_feature=70 66 50 50 55 51 70 53 25 24 4 49 66 11 9 70 51 53 67 28 52 9 14 52 16 55 4 67 67 66
split_gain=9.8413 8.52168 7.47698 14.5877 14.5269 10.3497 11.7979 11.5066 10.1189 12.8716 11.5932 9.90365 9.20991 9.25817 7.46351 8.05002 7.36029 7.94322 7.76585 7.43224 7.11691 6.97529 9.03341 7.41582 13.3858 7.17718 8.87883 10.3702 7.01212 6.88196
threshold=-0.24074074074074067 -2.1999999999999993 6.7000000000000002 7.9000000000000012 2.1500000000000008 12.65 -0.22222222222222185 3.3500000000000001 16.650000000000002 17.900000000000002 22.770107643928402 18.350000000000005 -0.10000000000000002 2.3500000000000001 4.260064412238326 0.67955069906339116 9.7500000000000018 3.2500000000000004 0.39444444444444465 3.3000000000000003 3.9000000000000004 3.7943190975020147 1.5718778077268645 4.1000000000000005 24.150000000000002 3.6500000000000008 10.037142857142859 -1.0000000180025095e-35 0.25000000000000006 -1.3
decision_type=2 2 2 2 2 2 2 2 2 2 2 2 2 2 2 2 2 2 2 2 2 2 2 2 2 2 2 2 2 2
left_child=1 20 4 11 16 6 -5 -8 10 -10 -7 -4 -13 -14 15 -6 17 19 -19 -2 -1 22 -3 28 -25 26 27 -23 -24 -16
right_child=2 21 3 5 14 8 7 -9 9 -11 -12 12 13 -15 29 -17 -18 18 -20 -21 -22 25 23 24 -26 -27 -28 -29 -30 -31
leaf_value=0.073370300952035755 0.023071519369058803 0.066319060359619972 -0.033107218119920408 -0.057112686954540075 -0.02232521684134843 -0.0094567893264132993 0.016363625626650249 -0.0013377573162575563 -0.080559880282372653 -0.017462422546891777 0.062385849345090075 0.063386018879038331 0.034556460307987168 -0.052268032976392868 -0.0075322938223248911 0.043153671297112846 0.039561890448207994 -0.046783225837083352 0.0057156874083070163 -0.021158058029846698 0.0026231462432951182 -0.0053140393633458773 0.04193395709320525 -0.031937236539532392 0.034657785327576539 0.034389367588340339 0.0033007002907612134 -0.075607225400399158 -0.010352954949253472 0.051888553693967034
leaf_weight=8.5315691828727704 22.870516762137413 8.9891395866870862 63.976547226309776 8.4798938035964948 11.726028874516489 97.419278144836426 112.3943427503109 497.33931201696396 11.092370972037314 30.554635286331177 5.8475127518177024 5.3332145363092449 5.2641064226627332 6.9894939959049225 5.6270485371351233 7.6614842712879172 8.1771930158138257 20.641582354903225 10.395969599485396 16.02675274014473 6.3137173205614081 16.739377990365032 25.597450494766235 18.419427171349529 12.605231404304503 16.995124369859695 345.70858980715275 7.6735059469938269 8.3108838051557523 29.692014738917351
leaf_count=34 88 34 253 35 46 383 433 1927 46 122 22 20 20 28 22 29 31 83 41 63 25 65 97 72 48 66 1336 31 32 112
internal_value=0.000728511 0.00662708 -0.00213838 -0.00387669 0.0088738 -0.00172006 0.00109223 0.00191915 -0.0137445 -0.0345404 -0.00528389 -0.0239666 0.00900108 -0.014586 0.0286215 0.00338257 -0.00491166 -0.0102322 -0.0290764 0.00471197 0.0438349 0.00540891 0.0194831 0.0128303 -0.0046948 0.00270413 0.00122681 -0.027831 0.0289787 0.0422859
internal_weight=1453.39 475.884 977.509 844.691 132.819 763.127 618.214 609.734 144.914 41.647 103.267 81.5634 17.5868 12.2536 54.7066 19.3875 78.112 69.9348 31.0376 38.8973 14.8453 461.039 73.9221 64.933 31.0247 387.117 370.121 24.4129 33.9083 35.3191
internal_count=5644 1840 3804 3289 515 2968 2395 2360 573 168 405 321 68 48 209 75 306 275 124 151 59 1781 283 249 120 1498 1432 96 129 134
is_linear=0
shrinkage=0.05


Tree=25
num_leaves=31
num_cat=0
split_feature=67 49 70 51 49 9 49 59 9 59 6 54 15 54 59 48 16 4 4 9 59 55 21 20 20 59 67 24 20 9
split_gain=13.1925 9.1038 8.78739 11.9133 12.8845 10.9924 12.1291 9.9718 9.77411 14.1826 12.9375 9.75821 9.97763 9.30463 12.5061 10.3862 8.93619 8.72357 11.9309 8.29481 7.89922 8.63289 12.3112 7.64164 10.2676 9.40973 7.3945 7.2538 8.8835 7.16288
threshold=-0.90000000000000002 23.150000000000002 -0.18473364669016853 12.550000000000002 19.150000000000002 4.0574970484061401 20.850000000000005 79.500000000000014 4.4311179408374963 102.50000000000001 3.9500000000000006 2.1000000000000005 40.900000000000006 3.5000000000000004 161.50000000000003 21.300000000000001 43.250000000000007 13.694701086956522 8.0049019607843146 2.907833599535357 86.500000000000014 2.2500000000000004 32.850000000000001 30.900000000000002 33.300000000000004 77.500000000000014 0.92222222222222261 7.3000000000000016 23.700000000000006 4.2225975975975985
decision_type=2 2 2 2 2 2 2 2 2 2 2 2 2 2 2 2 2 2 2 2 2 2 2 2 2 2 2 2 2 2
left_child=1 19 5 4 13 23 8 -8 9 -7 -10 29 -13 15 -15 -4 17 18 -5 -1 21 -21 -23 25 -25 -2 -19 -22 -29 -6
right_child=2 -3 3 16 11 6 7 -9 10 -11 -12 12 -14 14 -16 -17 -18 26 -20 20 27 22 -24 24 -26 -27 -28 28 -30 -31
leaf_value=0.060856394496788459 -0.045655333657636889 -0.052184763374356263 -0.0044134704479542345 -0.047936368811927949 0.011138574041642228 0.012351349414911663 -0.01931852657993996 0.045726106175419501 0.042996995743364359 -0.05242587303389934 -0.0032580413360433604 0.012218666352881746 -0.056388946860429147 0.0068824567818427445 0.08282504004619573 -0.03570465065703237 0.042423468025995087 -0.023331515890160085 0.0094344844919431441 0.05127501335071482 -0.031633408935430402 0.033509657942158926 -0.037131749489514775 0.05266783462001149 0.011526098090035429 0.012216654331508009 -0.063521097348891234 0.073253277407607231 0.0072114958742127352 0.070575817216508671
leaf_weight=8.8540458679199201 7.7818238884210578 5.2695722430944434 487.77846130728722 11.763821020722387 9.1144798099994677 13.345435738563536 7.703496232628825 23.163063362240791 16.190459534525871 22.297143012285233 209.75164003670216 74.193573340773582 5.5896972715854636 54.741997316479683 5.9512257128953925 28.017247021198273 5.786156252026557 60.363841906189919 38.059986859560013 23.475851580500603 11.415541037917135 18.247955486178402 9.1508297622203809 27.509572863578796 34.690673768520355 63.087987124919891 14.404448941349981 5.1802460849285117 163.61134494841099 12.129117801785467
leaf_count=34 31 22 1898 47 35 51 30 88 61 88 817 285 23 211 22 110 22 240 148 90 45 70 36 104 134 243 60 20 633 45
internal_value=0.00144716 0.0120381 -0.000655092 -0.00372143 -0.00104907 0.00515441 -0.000250923 0.0293212 -0.00376936 -0.0280651 5.19173e-05 0.0154029 0.00728478 -0.00394304 0.0145352 -0.00612944 -0.0175587 -0.0204162 -0.00407999 0.0134906 0.0116286 0.0290377 0.00968531 0.0170627 0.0298576 0.00573622 -0.0312155 0.00667263 0.00931011 0.0454804
internal_weight=1478.62 245.205 1233.42 807.894 677.516 425.521 292.451 30.8666 261.585 35.6426 225.942 101.027 79.7833 576.489 60.6932 515.796 130.378 124.592 49.8238 239.936 231.082 50.8746 27.3988 133.07 62.2002 70.8698 74.7683 180.207 168.792 21.2436
internal_count=5743 950 4793 3146 2629 1647 1135 118 1017 139 878 388 308 2241 233 2008 517 495 195 928 894 196 106 512 238 274 300 698 653 80
is_linear=0
shrinkage=0.05


Tree=26
num_leaves=31
num_cat=0
split_feature=67 9 70 51 10 9 9 55 9 50 56 15 55 55 5 6 0 20 59 55 9 59 5 5 10 5 10 59 53 15
split_gain=11.932 8.09364 7.94066 10.8034 12.2113 9.94148 9.43357 9.39446 14.5791 8.11297 10.0305 8.64015 8.06108 7.57821 7.15369 8.1527 8.91583 7.62443 6.75642 9.3863 8.95211 9.21831 8.65392 7.25535 7.08717 8.92581 6.79899 6.55901 6.35853 6.21516
threshold=-0.90000000000000002 2.9521578029642552 -0.18473364669016853 12.550000000000002 9.9000000000000021 4.0574970484061401 4.1930469289164956 2.7500000000000004 3.4327138186198591 11.100000000000001 3.5000000000000004 44.500000000000007 3.6500000000000008 1.0500000000000003 3.5000000000000004 2.9500000000000006 14.700000000000001 30.900000000000002 86.500000000000014 2.2500000000000004 5.3707521954944637 74.500000000000014 8.9000000000000021 3.5000000000000004 9.3000000000000025 3.9000000000000004 5.1000000000000005 65.500000000000014 5.7500000000000009 22.500000000000004
decision_type=2 2 2 2 2 2 2 2 2 2 2 2 2 2 2 2 2 2 2 2 2 2 2 2 2 2 2 2 2 2
left_child=1 -1 5 4 7 14 29 13 -9 -5 11 -11 28 -4 15 17 -17 -2 19 26 21 -21 -22 -20 25 -25 27 -3 -8 -7
right_child=2 18 3 9 -6 6 12 8 -10 10 -12 -13 -14 -15 -16 16 -18 -19 23 20 22 -23 -24 24 -26 -27 -28 -29 -30 -31
leaf_value=0.055985600226714116 0.0079751999237456187 -0.003186429357230164 -0.064044614430594338 0.0029795184693613493 -0.059708291616069657 -0.057409859270337017 -0.0011949284956959657 -0.017737662062711226 0.018615931914773454 -0.033609165671783646 0.036287990259808944 0.024603964249203015 0.042696531145076974 -0.0028976700163785498 0.033845785232185552 -0.028211061584267956 0.0188607184577173 0.048946449689292328 -0.042426474989098385 0 -0.047196630067176372 0.085889237541986616 0.029131240934869542 0.056951157906198105 -0.051900119903193723 0.0060958741719090801 0.089237413091996301 0.059932109392605563 0.03968782654724004 -0.00045808324585267472
leaf_weight=9.7457065284252149 34.6646838337183 7.5855794399976793 5.0282700657844535 36.893374860286713 8.6422545909881574 11.381594449281694 250.95464263856411 35.369957700371742 122.4480354487896 80.183471113443375 6.1578802764415732 6.7521612644195548 11.648716226220129 505.83788058161736 40.274453356862068 23.498213678598404 17.331659570336342 17.110528334975243 7.5891742557287207 7.2205309867858904 9.9640066027641279 5.4183208346366882 5.7186265587806693 9.0547973066568357 4.8205008059740058 161.95254546403885 7.2585959434509268 8.5202575773000699 9.7830573767423612 8.5296486467123014
leaf_count=38 134 30 22 145 37 45 975 138 469 322 24 26 45 1963 154 92 67 65 30 28 40 20 22 34 20 628 27 33 37 33
internal_value=0.00137727 0.0114575 -0.000622001 -0.00353801 -0.000995344 0.0049026 -0.000236786 -0.000220232 0.0104307 -0.0167378 -0.0246003 -0.0290073 0.00217946 -0.00352172 0.0162371 0.00849676 -0.00811039 0.0216799 0.00956745 0.025541 0.00594129 0.037236 -0.0190389 0.00502749 0.00712709 0.00884958 0.0489593 0.0300596 0.000334479 -0.0333867
internal_weight=1477.34 244.849 1232.49 807.313 677.326 425.177 292.298 668.684 157.818 129.987 93.0935 86.9356 272.386 510.866 132.88 92.6051 40.8299 51.7752 235.103 51.6859 28.3215 12.6389 15.6826 183.417 175.828 171.007 23.3644 16.1058 260.738 19.9112
internal_count=5743 950 4793 3146 2629 1647 1135 2592 607 517 372 348 1057 1985 512 358 159 199 912 200 110 48 62 712 682 662 90 63 1012 78
is_linear=0
shrinkage=0.05


Tree=27
num_leaves=31
num_cat=0
split_feature=66 55 70 28 20 4 53 28 54 1 50 70 51 53 15 29 0 66 66 67 0 4 14 66 52 50 51 58 70 70
split_gain=11.8729 12.4385 10.2657 14.322 11.8255 10.1635 20.0054 15.5197 11.2061 14.5442 9.74886 12.5839 8.70535 10.2273 16.1834 12.7391 12.6576 10.7407 8.48759 7.47741 7.10885 8.19848 8.74511 11.1281 7.74038 7.65259 10.4411 9.79771 6.61991 6.54716
threshold=-0.30000000000000021 3.8500000000000001 0.090262690104680812 2.9000000000000004 36.300000000000004 21.595081967213119 5.1500000000000012 4.3000000000000016 2.9000000000000004 18.050000000000004 6.7000000000000002 0.4862781954887217 12.450000000000001 4.0500000000000007 41.300000000000004 1.4500000000000002 26.700000000000006 -2.1999999999999993 -0.99999999999999989 -0.099999999999999853 4.5000000000000009 7.3963923673226004 1.4830503064351381 0.80000000000000016 2.7000000000000006 6.7000000000000002 7.3500000000000005 5.0000000000000009 -0.13934426229508154 -0.37661982825917256
decision_type=2 2 2 2 2 2 2 2 2 2 2 2 2 2 2 2 2 2 2 2 2 2 2 2 2 2 2 2 2 2
left_child=2 20 12 4 10 8 7 -7 9 -5 -4 -12 13 16 15 -15 17 -1 -10 28 -2 22 23 -22 -24 27 -27 -23 -14 -21
right_child=1 -3 3 5 -6 6 -8 -9 18 -11 11 -13 19 14 -16 -17 -18 -19 -20 29 21 25 24 -25 -26 26 -28 -29 -30 -31
leaf_value=0.055707278537439391 0.048218894000501118 0.04438669078433765 0.04408027113501993 0.011593447449636619 0.055929272124032273 0.058449733637409199 0.096431659246478008 -0.021249926659555579 -0.069454137481202327 -0.031562032835763108 -0.024863704329678212 0.013904014995625045 -0.0075357304277875008 -0.0067295715687781315 -0.052337918110677589 0.04095610082432901 0.050856778005579056 -0.001496798008972495 -0.014991424590397449 0.056494800557470276 -0.039574024532931143 -0.0041131196324804328 0 0.028374013134429041 -0.062438879856117291 -0.034609812854796786 -0.0028776624950990156 0.02592171200388212 -0.06744384733300518 -0.013469492930030545
leaf_weight=8.7450876981019956 6.6160308718681327 13.967637732625006 15.107679218053816 41.474819913506508 13.86428642272949 7.7384978979825965 5.7273759841918936 27.460022315382957 16.003780826926235 36.559024810791016 31.374551385641098 62.341320276260376 34.926537483930588 16.450979337096214 5.6924197375774375 86.990560010075569 15.295401021838186 111.92353755235672 13.494528874754904 7.8525838553905487 10.805959492921831 56.616032183170319 6.9343643188476589 13.34481070935726 17.244844362139702 26.861867517232895 702.10031048953533 51.619375005364418 5.2770918756723395 5.5500047504901868
leaf_count=35 25 54 58 160 52 29 21 108 64 145 123 240 137 64 23 332 59 435 53 30 43 222 27 51 69 109 2733 198 22 22
internal_value=0.00131104 -0.00224108 0.00696739 -5.85377e-05 0.0125581 -0.0105202 0.0105897 -0.00347013 -0.0186033 -0.00857551 0.00694037 0.000859248 0.0133597 0.0173548 0.0287671 0.0333249 0.00814337 0.00265018 -0.044843 -0.00481183 -0.00298159 -0.00337517 -0.023388 -0.00186013 -0.0445883 -0.00221124 -0.00405842 0.0101756 -0.0156711 0.0272671
internal_weight=1475.96 906.111 569.85 271.146 122.688 148.458 40.9259 35.1985 107.532 78.0338 108.824 93.7159 298.704 245.098 109.134 103.442 135.964 120.669 29.4983 53.6062 892.144 885.528 48.33 24.1508 24.1792 837.198 728.962 108.235 40.2036 13.4026
internal_count=5743 3531 2212 1053 473 580 158 137 422 305 421 363 1159 948 419 396 529 470 117 211 3477 3452 190 94 96 3262 2842 420 159 52
is_linear=0
shrinkage=0.05


Tree=28
num_leaves=29
num_cat=0
split_feature=53 66 70 28 59 19 54 51 53 29 0 67 53 48 10 54 11 11 6 9 70 59 9 51 21 11 70 54
split_gain=11.3115 10.1864 8.82933 13.3415 13.1678 10.0496 8.28173 7.41323 10.93 18.2735 15.7691 9.29874 8.78618 6.46016 8.76403 11.021 14.2252 14.1967 10.5547 11.7385 8.03756 8.12669 9.14698 7.58139 6.65858 6.1179 8.819 8.00448
threshold=2.0500000000000003 -0.30000000000000021 0.090262690104680812 3.3000000000000003 84.500000000000014 33.913106570698872 2.1000000000000005 12.850000000000003 4.0500000000000007 5.4500000000000011 26.700000000000006 -0.14999999999999966 5.3500000000000005 13.100000000000001 6.7000000000000002 2.3000000000000003 1.5357142857142858 4.8500000000000005 6.3500000000000005 3.4880884855360184 -1.4893450252290203 67.500000000000014 3.4880884855360184 8.2500000000000018 35.150000000000013 1.2500000000000002 0.59999999999999998 2.7000000000000006
decision_type=2 2 2 2 2 2 2 2 2 2 2 2 2 2 2 2 2 2 2 2 2 2 2 2 2 2 2 2
left_child=-1 2 7 25 6 -6 -5 8 10 -10 -2 12 -9 20 15 16 -15 -17 19 -16 -3 23 -23 -22 -20 27 -27 -4
right_child=1 13 3 4 5 -7 -8 11 9 -11 -12 -13 -14 14 18 17 -18 -19 24 -21 21 22 -24 -25 -26 26 -28 -29
leaf_value=0.065197691202785818 -0.00063807458804747614 -0.050415862888632458 0.0097615116469687152 0.060592321429417173 -0.030597011780004586 0.0043033445316570844 -0.0015637570788177371 -0.010536212809769612 0.034041590761746392 -0.020440355790911979 0.051521511083549187 0.033895505963141719 -0.085915836444674168 0.015289925621021053 -0.042355125278259277 -0.0028143601950302811 -0.016964513315512405 0.019193959684484844 -0.086586419895046937 0.0018524443663834246 -0.0048285505802207578 -0.019494415942314471 0.0096614293741726261 0.052016268382857972 -0.018967672577183722 -0.0097499797348094761 0.016669784063194894 0.082888494034496316
leaf_weight=6.7846679985523215 123.24423748254776 6.0357149243354788 9.6955866664648038 8.4582153409719485 70.489351347088814 28.776202335953712 13.923912495374678 21.118331059813503 104.00230340659618 17.871555283665657 16.294935911893845 8.9979817420244199 4.7078535109758368 41.468286544084549 21.196547463536263 296.35286939144135 189.34631156921387 97.139716014266014 8.479558199644087 50.235479474067688 8.4955431222915667 34.092358008027077 125.20350584387779 17.701470360159874 6.8350230157375327 52.111589670181274 79.330278724431992 6.2228978574275962
leaf_count=26 481 24 38 32 279 112 54 83 399 71 63 35 20 162 87 1153 740 373 35 197 34 135 485 67 27 203 305 23
internal_value=0.0012468 0.000943372 0.00620862 -0.000331421 -0.0125992 -0.0204352 0.0218677 0.0121625 0.0150564 0.0260012 0.00544968 -0.00939896 -0.0247484 -0.00234879 -0.00454808 -0.00246826 -0.0111439 0.00260953 -0.0194387 -0.0112366 0.00578815 0.00767008 0.00338184 0.0334434 -0.0570508 0.00976357 0.00615792 0.0389996
internal_weight=1474.61 1467.83 565.245 269.008 121.648 99.2656 22.3821 296.237 261.413 121.874 139.539 34.8242 25.8262 902.582 711.054 624.307 230.815 393.493 86.7466 71.432 191.529 185.493 159.296 26.197 15.3146 147.36 131.442 15.9185
internal_count=5743 5717 2198 1046 477 391 86 1152 1014 470 544 138 103 3519 2774 2428 902 1526 346 284 745 721 620 101 62 569 508 61
is_linear=0
shrinkage=0.05


Tree=29
num_leaves=31
num_cat=0
split_feature=67 24 24 0 0 55 21 48 21 55 66 21 11 4 28 54 67 51 9 21 67 66 15 15 28 25 0 59 25 21
split_gain=10.3045 7.52978 17.795 13.7669 13.8479 13.8269 15.6435 12.2839 11.7633 11.2713 11.2524 11.1871 10.9031 8.20465 11.191 11.7482 9.21422 15.6049 7.31111 7.25629 6.14061 11.0271 10.6504 26.8974 10.0742 7.9643 16.7647 7.00927 4.33096 2.26304
threshold=-0.90000000000000002 11.900000000000002 11.300000000000002 12.100000000000001 17.300000000000001 3.0500000000000003 27.950000000000003 21.300000000000001 30.150000000000002 1.9500000000000002 1.0000000000000002 32.250000000000007 4.9500000000000011 10.708583747060363 1.0000000180025095e-35 1.3 1.2 10.450000000000001 2.9521578029642552 22.250000000000004 -1.1999999999999995 -1.9999999999999998 42.100000000000009 37.300000000000004 2.9000000000000004 16.850000000000005 25.100000000000005 162.50000000000003 11.250000000000002 31.121428571428577
decision_type=2 2 2 2 2 2 2 2 2 2 2 2 2 2 2 2 2 2 2 2 2 2 2 2 2 2 2 2 2 2
left_child=18 2 13 -3 5 6 -5 9 -7 -4 12 -12 -6 14 -2 -16 19 -18 -1 -15 22 29 23 24 -20 27 -27 -23 -11 -22
right_child=1 3 7 4 10 8 -8 -9 -10 28 11 -13 -14 16 15 -17 17 -19 20 -21 21 25 -24 -25 -26 26 -28 -29 -30 -31
leaf_value=0.053256017812668845 0.047208640229472326 0.069512100901670676 -0.013250966134390996 0.035191322544237173 -0.0057661997268809474 -0.028802902047492321 -0.032732379411316917 -0.024497324763615044 0.044478338408997183 0.033027784016896378 0.015400581549004309 -0.02514338531145506 0.0097856159725389913 -0.047715871089935885 0.017726224054110347 -0.013634260923079717 0.027876787470296774 -0.045949052772805976 0.012329118055399192 0.011472064617512235 0.031565854319613881 0.026473434403272447 -0.050759558293626821 0.07971104811947867 -0.018662598685127707 -0.047313782451524476 0.031229839725240117 -0.021584306287882056 0.071479828578154977 0.077102530745406531
leaf_weight=9.5861285924911481 9.3061542659997922 6.1769520640373221 6.876439541578292 9.1193089336156827 224.54228113591671 8.8267179131507891 98.929778143763542 7.6121444851160041 13.902398109436033 13.100403577089308 21.422598138451576 79.245366781949997 225.7361746430397 5.1685868054628363 35.563955023884773 180.59010577201843 11.122329965233805 19.450100123882294 54.618239983916283 233.25547218322754 5.1243461966514579 60.609741553664207 9.0387332290410978 10.89389595389366 50.156582728028297 14.765327200293543 12.356626302003859 8.4789025038480741 19.682815551757812 8.0852355659008008
leaf_count=38 35 23 27 35 875 35 390 30 53 50 83 316 879 21 137 707 43 78 212 902 20 234 38 41 197 59 47 33 74 31
internal_value=0.0011852 -0.000672842 0.00373098 -0.0041482 -0.00483305 -0.0194559 -0.0269262 0.0330087 0.0157995 0.0442058 -0.00135004 -0.0164591 0.00201967 0.00091571 -0.00610629 -0.00844557 0.00681989 -0.0189247 0.0105767 0.0101486 0.00878585 0.017428 0.00115511 0.00529542 -0.00246285 0.0114495 -0.0113628 0.0204806 0.0564133 0.0601832
internal_weight=1473.34 1229.63 541.729 687.902 681.725 130.778 108.049 47.2718 22.7291 39.6597 550.946 100.668 450.278 494.457 225.46 216.154 268.996 30.5724 243.714 238.424 234.128 109.42 124.707 115.669 104.775 96.2106 27.122 69.0886 32.7832 13.2096
internal_count=5743 4793 2104 2689 2666 513 425 181 88 151 2153 399 1754 1923 879 844 1044 121 950 923 912 424 488 450 409 373 106 267 124 51
is_linear=0
shrinkage=0.05


Tree=30
num_leaves=21
num_cat=0
split_feature=53 28 25 25 50 20 14 53 9 9 55 50 59 24 0 0 11 0 0 55
split_gain=10.5824 7.93379 11.5776 15.5273 10.4191 10.0979 9.47729 7.33815 8.70571 7.81463 7.06186 6.85287 8.2755 7.91421 7.44813 8.02632 6.51523 6.07424 3.30459 0.791212
threshold=2.0500000000000003 7.3000000000000016 21.350000000000005 17.750000000000004 11.900000000000002 32.500000000000007 4.6497211497211506 2.2500000000000004 5.6272851669403403 3.9319285083848192 2.0500000000000003 6.7000000000000002 155.50000000000003 16.100000000000005 4.5000000000000009 8.3000000000000025 3.9500000000000006 26.300000000000001 33.300000000000004 1.7500000000000002
decision_type=2 2 2 2 2 2 2 2 2 2 2 2 2 2 2 2 2 2 2 2
left_child=-1 7 3 5 10 -3 -6 8 9 -2 -5 12 13 -9 -13 -16 -14 -7 -4 -11
right_child=1 2 18 4 6 17 -8 11 -10 19 -12 14 16 -15 15 -17 -18 -19 -20 -21
leaf_value=0.059679841498419366 -0.0075370102462298319 0.023870422109543793 -0.090876968647721185 0.022507153109978393 -0.018312197528624754 -0.061896652501040983 0.059291729979590285 0.022991300405566163 0.017853472322542526 -0.053189013184128831 -0.020943015679358593 0.048837963884374475 -0.035432876855128803 -0.0043819054993250693 -0.01405084524845218 0.0017178584104720039 0.015289383478173622 -0.0044627993966256376 -0.032489056611093463 -0.088186816640432319
leaf_weight=7.5410391986370078 9.0144039094448143 5.7607519626617458 5.1638538688421232 13.950531125068663 5.2609112411737469 19.85774885118008 14.145089209079741 108.51329363882542 8.5233723819255811 5.0903133004903776 27.584690108895302 7.9340459257364264 15.097281441092493 34.46901448071003 87.204279750585556 1062.8019922822714 10.611731171607969 6.2550872713327399 5.4998188614845276 5.1662448942661285
leaf_count=29 36 22 21 55 21 82 54 420 33 21 110 30 60 135 341 4136 41 25 22 21
internal_value=0.000984043 0.000672936 -0.0126589 -0.0068977 0.00782885 -0.0351472 0.0380112 0.00169605 -0.0236686 -0.0422889 -0.00621021 0.00223297 0.0116474 0.016359 0.000856259 0.000516662 -0.0143247 -0.0483992 -0.0618094 -0.0719815
internal_weight=1465.45 1457.9 103.478 92.8148 60.9412 31.8736 19.406 1354.43 27.7943 19.271 41.5352 1326.63 168.691 142.982 1157.94 1150.01 25.709 26.1128 10.6637 10.2566
internal_count=5715 5686 412 369 240 129 75 5274 111 78 165 5163 656 555 4507 4477 101 107 43 42
is_linear=0
shrinkage=0.05


Tree=31
num_leaves=23
num_cat=0
split_feature=53 28 25 25 50 20 14 53 24 25 20 24 6 15 6 19 6 21 14 56 0 0
split_gain=9.62573 7.19479 10.5541 14.1169 9.41363 9.2212 8.57663 6.92907 12.2495 14.187 13.9016 17.4993 11.8702 12.3427 17.7667 11.2691 10.7642 10.6813 10.4885 6.42814 5.59091 3.03828
threshold=2.0500000000000003 7.3000000000000016 21.350000000000005 17.750000000000004 11.900000000000002 32.500000000000007 4.6497211497211506 4.1500000000000012 12.900000000000002 13.450000000000001 30.300000000000001 11.900000000000002 12.550000000000002 22.500000000000004 7.1055555555555561 18.187248322147656 12.050000000000002 32.250000000000007 1.5019379844961243 2.5000000000000004 26.300000000000001 33.300000000000004
decision_type=2 2 2 2 2 2 2 2 2 2 2 2 2 2 2 2 2 2 2 2 2 2
left_child=-1 7 3 5 19 -3 -6 8 10 18 11 -2 13 14 -9 -12 -11 -15 -10 -5 -7 -4
right_child=1 2 21 4 6 20 -8 12 9 16 15 -13 -14 17 -16 -17 -18 -19 -20 -21 -22 -23
leaf_value=0.057080830808298233 0.00041581862875062441 0.022688314465913323 -0.087209525094887774 -0.020534775815947363 -0.017447141752728958 -0.059460308672507879 0.056407211855226048 0.0024540240158400979 0.01746199595303714 -0.0068542387269730949 -0.0050729168874869557 -0.051073345497406067 -0.051729356674280663 0.021627137370960711 -0.037896326141869226 0.02466658696361523 0.049090836372186593 0.004846601381489575 -0.048749793147932222 0.020423012758914501 -0.0042450874228880447 -0.030985150460586964
leaf_weight=7.4958611428737631 215.81762678921223 5.7629979252815273 5.1172917038202268 26.809030801057816 5.2508851736784008 19.647268325090412 14.130409136414526 213.88063292205334 7.1205746978521338 268.79248933494091 44.815034240484238 17.75227490067482 8.8707846105098707 158.97016917169094 31.14568293094635 107.67268830537796 8.7656685858964902 237.56066860258579 33.01608595252037 14.695120722055433 6.2522916942834845 5.4836868494749069
leaf_count=29 843 22 21 107 21 82 54 830 28 1053 175 71 36 614 124 413 33 923 131 58 25 22
internal_value=0.000933709 0.000637585 -0.0120796 -0.00657535 0.00744325 -0.0336284 0.0361547 0.00161077 -0.00182226 -0.00909753 0.00415256 -0.00349635 0.00533266 0.00613738 -0.00266794 0.015896 -0.00505236 0.0115903 -0.0368648 -0.00589869 -0.046391 -0.0591543
internal_weight=1464.83 1457.33 103.149 92.548 60.8854 31.6626 19.3813 1354.18 703.752 317.695 386.058 233.57 650.428 641.557 245.026 152.488 277.558 396.531 40.1367 41.5042 25.8996 10.601
internal_count=5715 5686 412 369 240 129 75 5274 2747 1245 1502 914 2527 2491 954 588 1086 1537 159 165 107 43
is_linear=0
shrinkage=0.05


end of trees

feature_importances:
line_minus_L999_rpg=62
L999_rpg=45
L999_apg=40
opp_def_L10_ppg_allowed=36
games_played=36
opp_def_L5_ppg_allowed=35
L5_minutes=34
opp_def_L5_pra_allowed=33
line_minus_L5_rpg=33
line_minus_L10_rpg=33
L10_minutes=32
L10_apg=31
opp_def_L5_apg_allowed=31
opp_def_L10_apg_allowed=31
L5_fga=29
L5_ppg=28
L10_rpg=28
L10_fta=28
opp_def_L10_pra_allowed=26
L10_ppg=25
L5_rpg=24
opp_def_L10_rpg_allowed=24
L10_fga=23
L5_fta=22
L999_ppg=21
L5_apg=21
L5_pra=18
opp_def_L5_rpg_allowed=16
rest_days=12
L10_pra=11
L999_pra=11
line_z_L10_rpg=5
line=2
home=1

parameters:
[boosting: gbdt]
[objective: binary]
[metric: auc]
[tree_learner: serial]
[device_type: cpu]
[data_sample_strategy: bagging]
[data: ]
[valid: ]
[num_iterations: 200]
[learning_rate: 0.05]
[num_leaves: 31]
[num_threads: 0]
[seed: 0]
[deterministic: 0]
[force_col_wise: 0]
[force_row_wise: 0]
[histogram_pool_size: -1]
[max_depth: 6]
[min_data_in_leaf: 20]
[min_sum_hessian_in_leaf: 0.001]
[bagging_fraction: 0.8]
[pos_bagging_fraction: 1]
[neg_bagging_fraction: 1]
[bagging_freq: 5]
[bagging_seed: 3]
[bagging_by_query: 0]
[feature_fraction: 0.8]
[feature_fraction_bynode: 1]
[feature_fraction_seed: 2]
[extra_trees: 0]
[extra_seed: 6]
[early_stopping_round: 0]
[early_stopping_min_delta: 0]
[first_metric_only: 0]
[max_delta_step: 0]
[lambda_l1: 0.1]
[lambda_l2: 0.1]
[linear_lambda: 0]
[min_gain_to_split: 0]
[drop_rate: 0.1]
[max_drop: 50]
[skip_drop: 0.5]
[xgboost_dart_mode: 0]
[uniform_drop: 0]
[drop_seed: 4]
[top_rate: 0.2]
[other_rate: 0.1]
[min_data_per_group: 100]
[max_cat_threshold: 32]
[cat_l2: 10]
[cat_smooth: 10]
[max_cat_to_onehot: 4]
[top_k: 20]
[monotone_constraints: ]
[monotone_constraints_method: basic]
[monotone_penalty: 0]
[feature_contri: ]
[forcedsplits_filename: ]
[refit_decay_rate: 0.9]
[cegb_tradeoff: 1]
[cegb_penalty_split: 0]
[cegb_penalty_feature_lazy: ]
[cegb_penalty_feature_coupled: ]
[path_smooth: 0]
[interaction_constraints: ]
[verbosity: -1]
[saved_feature_importance_type: 0]
[use_quantized_grad: 0]
[num_grad_quant_bins: 4]
[quant_train_renew_leaf: 0]
[stochastic_rounding: 1]
[linear_tree: 0]
[max_bin: 255]
[max_bin_by_feature: ]
[min_data_in_bin: 3]
[bin_construct_sample_cnt: 200000]
[data_random_seed: 1]
[is_enable_sparse: 1]
[enable_bundle: 1]
[use_missing: 1]
[zero_as_missing: 0]
[feature_pre_filter: 1]
[pre_partition: 0]
[two_round: 0]
[header: 0]
[label_column: ]
[weight_column: ]
[group_column: ]
[ignore_column: ]
[categorical_feature: ]
[forcedbins_filename: ]
[precise_float_parser: 0]
[parser_config_file: ]
[objective_seed: 5]
[num_class: 1]
[is_unbalance: 0]
[scale_pos_weight: 1.09818]
[sigmoid: 1]
[boost_from_average: 1]
[reg_sqrt: 0]
[alpha: 0.9]
[fair_c: 1]
[poisson_max_delta_step: 0.7]
[tweedie_variance_power: 1.5]
[lambdarank_truncation_level: 30]
[lambdarank_norm: 1]
[label_gain: ]
[lambdarank_position_bias_regularization: 0]
[eval_at: ]
[multi_error_top_k: 1]
[auc_mu_weights: ]
[num_machines: 1]
[local_listen_port: 12400]
[time_out: 120]
[machine_list_filename: ]
[machines: ]
[gpu_platform_id: -1]
[gpu_device_id: -1]
[gpu_use_dp: 0]
[num_gpu: 1]

end of parameters

pandas_categorical:null
