tree
version=v4
num_class=1
num_tree_per_iteration=1
label_index=0
max_feature_idx=59
objective=binary sigmoid:1
feature_names=L5_ppg L10_ppg L20_ppg L40_ppg L999_ppg L5_rpg L10_rpg L20_rpg L40_rpg L999_rpg L5_apg L10_apg L20_apg L40_apg L999_apg L5_pra L10_pra L20_pra L40_pra L999_pra L5_minutes L10_minutes L20_minutes L40_minutes L5_fga L10_fga L20_fga L40_fga L5_fta L10_fta L20_fta L40_fta season_ppg season_rpg season_apg season_pra season_minutes season_fga season_fta season_games_played h2h_ppg h2h_rpg h2h_apg h2h_pra h2h_minutes h2h_fga h2h_fta h2h_games_played opp_def_L5_pra_allowed opp_def_L10_pra_allowed opp_def_L5_ppg_allowed opp_def_L10_ppg_allowed opp_def_L5_rpg_allowed opp_def_L10_rpg_allowed opp_def_L5_apg_allowed opp_def_L10_apg_allowed rest_days home line games_played
feature_infos=[1:41.799999999999997] [2.7999999999999998:39.600000000000001] none none [2.9493670886075951:33.692307692307693] [0.20000000000000001:17.800000000000001] [0.69999999999999996:17.300000000000001] none none [1:13.223350253807107] [0:16.199999999999999] [0:14] none none [0:11.255555555555556] [2.6000000000000001:58.600000000000001] [4.7000000000000002:57.600000000000001] none none [5.6835443037974684:49] [10.6:44.600000000000001] [9.6999999999999993:41.799999999999997] none none [1.8:27] [1.6000000000000001:27.199999999999999] none none [0:17.399999999999999] [0:14.6] none none none none none none none none none none none none none none none none none none [2.7999999999999998:31.800000000000001] [6.7999999999999998:26.600000000000001] [1.2:22.199999999999999] [3.3999999999999999:17.5] [0.40000000000000002:10] [1.8:7.4000000000000004] [0:6.2000000000000002] [0.69999999999999996:4.2999999999999998] [1:269] [0:1] [0.5:15.5] [1:211]
tree_sizes=3304 3383 3339 3352 3407 3381 3403 2328 3391 2462 3383 3395 3406 3382 3390 3403 3393 2446 3417 2332 3305 2773 2969 3380 3086 2854 2769 3365 2862 3296 2451 3287 3211 2872 2749 1482 3192 3351 1713 1931 3403 2837 3399 3300 2983

Tree=0
num_leaves=31
num_cat=0
split_feature=14 25 48 20 56 55 52 50 11 25 25 50 28 59 19 21 6 54 15 14 6 20 25 53 59 9 0 11 14 52
split_gain=18.5086 14.0174 18.1958 10.9801 10.3717 10.3517 16.9819 12.9373 15.0411 13.738 12.2659 12.1115 11.9288 11.844 11.6778 12.6751 10.2765 9.89241 8.75598 8.82547 8.53766 8.1297 6.74488 6.23221 6.31127 5.8727 5.33115 4.24856 3.40842 3.33717
threshold=1.3007936507936511 8.1500000000000004 21.100000000000005 31.500000000000004 2.5000000000000004 1.2500000000000002 4.7000000000000002 6.7000000000000002 2.0500000000000003 13.65 10.450000000000001 4.7000000000000002 0.3000000000000001 133.50000000000003 15.581366459627331 23.050000000000004 6.4500000000000011 3.1000000000000005 25.300000000000001 0.63785394932935924 7.6500000000000012 33.500000000000007 8.4500000000000011 4.6500000000000012 135.50000000000003 7.086952729809874 15.300000000000002 1.4142857142857144 1.7243878060969517 4.7000000000000002
decision_type=2 2 2 2 2 2 2 2 2 2 2 2 2 2 2 2 2 2 2 2 2 2 2 2 2 2 2 2 2 2
left_child=1 4 21 -4 18 6 25 8 10 13 22 -11 23 -10 15 -14 -16 20 19 -1 -6 29 -7 24 -9 26 -2 -21 -12 -3
right_child=5 2 3 -5 17 7 -8 12 9 11 28 -13 14 -15 16 -17 -18 -19 -20 27 -22 -23 -24 -25 -26 -27 -28 -29 -30 -31
leaf_value=0.13300317120502725 0.12412713117371146 0.036331014470227234 0.065222879797564762 0.16532531721179153 0.099546289995310192 0.11308587383770405 0.044558788402709472 0.015841860851048731 0.037299977195213593 0.11568902787776206 0.12279837006217326 0.07060213211842252 0.064581132555501464 0.088721228099059746 0.087051526102497251 0.12035778031403205 0.098368229642102803 0.061801199388282678 0.1333194119874519 0.05120734029675951 0.1861989732733127 0.084467428711814507 0.047824644559962458 0.092015438216010548 0.078005315057925531 0.093064309655468566 0.18125104184430407 0.082693377263997184 0.18563412116968125 -0.00346396435513395
leaf_weight=4.6566657721996298 8.653626114130029 31.448720097541809 6.014804393053053 4.8174522519111633 5.6766719222068804 8.6979626119136828 5.8318496644496909 10.344288468360906 42.885128200054169 20.666675388813019 4.6788340210914594 52.048890739679337 12.029608786106108 15.461145430803297 657.62243902683258 61.63972544670105 288.14091193675995 5.0613029897212973 5.587998926639556 31.953247785568237 5.9095718860626221 8.1047619283199293 7.0348105430603018 9.2633863091468793 7.173428773880004 5.2220894694328299 8.6592348515987378 16.935734033584595 4.7731157541275024 7.2121565341949454
leaf_count=20 37 129 25 21 24 37 24 42 176 88 20 217 50 65 2763 263 1217 21 24 132 26 34 29 39 30 22 38 71 21 29
internal_value=0.0879072 0.0702163 0.051622 0.109538 0.0844509 0.08983 0.119609 0.0891212 0.0757017 0.0688869 0.110924 0.0834985 0.0911316 0.0508098 0.0920037 0.111156 0.0905048 0.119085 0.0745886 0.0683027 0.14459 0.0380938 0.0841191 0.0582486 0.0407838 0.139381 0.153328 0.061969 0.15569 0.0285484
internal_weight=1364.21 133.379 57.5979 10.8323 75.7812 1230.83 28.3668 1202.46 156.247 131.062 25.1847 72.7156 1046.21 58.3463 1019.43 73.6693 945.763 16.6475 59.1336 53.5456 11.5862 46.7656 15.7328 26.7811 17.5177 22.535 17.3129 48.889 9.45195 38.6609
internal_count=5734 556 238 46 318 5178 121 5057 653 546 107 305 4404 241 4293 313 3980 71 247 223 50 192 66 111 72 97 75 203 41 158
is_linear=0
shrinkage=1


Tree=1
num_leaves=31
num_cat=0
split_feature=14 25 48 4 25 0 51 49 19 56 51 19 51 11 53 14 52 55 56 6 55 0 6 59 50 48 14 54 4 29
split_gain=16.6932 12.6451 16.3979 11.9826 11.8134 12.5172 12.2922 12.5096 11.4225 9.37405 10.0522 12.7539 11.4044 10.4097 9.4375 8.57764 8.18257 10.4617 10.4089 8.72621 13.0051 7.73328 7.46577 7.91219 6.88357 6.82198 6.56119 6.49566 5.49204 6.36589
threshold=1.3007936507936511 8.1500000000000004 21.100000000000005 7.8645927601809964 6.2500000000000009 6.1000000000000005 12.750000000000002 13.250000000000002 47.464302298583711 2.5000000000000004 10.65 16.64493054115696 9.2500000000000018 1.4142857142857144 4.1500000000000012 1.4366987179487183 3.3000000000000003 3.2500000000000004 1.5000000000000002 3.6333333333333337 2.2500000000000004 19.100000000000005 6.2500000000000009 142.50000000000003 7.9000000000000012 22.700000000000006 1.1257183908045978 1.7000000000000004 12.574138205556883 1.6500000000000001
decision_type=2 2 2 2 2 2 2 2 2 2 2 2 2 2 2 2 2 2 2 2 2 2 2 2 2 2 2 2 2 2
left_child=1 9 21 16 15 -6 7 -7 -8 10 11 12 -1 25 -11 -5 19 18 -18 -2 -21 28 23 -17 -20 -12 -4 -13 29 -3
right_child=3 2 26 4 5 6 8 -9 -10 14 13 27 -14 -15 -16 22 17 -19 24 20 -22 -23 -24 -25 -26 -27 -28 -29 -30 -31
leaf_value=-0.063721733347213233 0.044613340810006535 -0.079213078236699708 -0.026846286152120383 -0.093162867333560481 0.068228763936085651 0.0083060427694850621 0.011317075547160681 -0.0080932810411405362 -0.065321450153036614 -0.015450935476578581 -0.078610409565951514 0.0017119857888127825 0.015151272697735578 0.0080396306386220692 0.059407297658214342 -0.060370639645840413 -0.024528871656252709 -0.029424445396718381 0.00023501820980226143 0.018319468090543193 -0.086434304500284942 0.0057388793584038792 0.021410213173406831 0.013090072698128228 0.067594786632183684 -0.014141534404491583 0.050465811217191105 0.072283274541028231 -0.083403859449102558 -0.026548972491478952
leaf_weight=9.3062115460634285 5.1090002655982998 8.909250274300577 4.8132229745388013 5.2172822803258923 5.9737146347761145 134.51565393805504 158.92322701215744 843.07371090352535 4.9004436731338492 7.6403948217630413 13.580875277519231 6.404522091150282 8.7225731462240201 8.0399369448423368 8.9732765257358533 12.710144430398946 4.5565700978040722 5.536491945385932 4.7465967983007458 5.8821595907211286 5.6916778087615967 4.9786556065082541 6.8136966824531546 4.9481133371591559 22.295944541692734 6.2276005446910849 6.0032592415809631 6.8847047984600067 15.358060538768767 17.596113637089729
leaf_count=38 22 36 20 21 26 569 673 3538 20 32 55 27 37 34 39 52 19 23 20 25 23 21 29 21 97 26 26 30 62 73
internal_value=-0.00489877 -0.0216959 -0.0393444 -0.00307215 -0.00413116 -0.00331897 -0.00370375 -0.00583101 0.00895564 -0.00816776 -0.0175343 0.00176033 -0.025413 -0.0393403 0.0247954 -0.0352351 0.0199616 0.0330307 0.0441895 -0.0088554 -0.0330662 -0.0521617 -0.0223528 -0.0395465 0.0560002 -0.058766 0.0156739 0.0389129 -0.059164 -0.0446701
internal_weight=1364.33 133.439 57.6586 1230.89 1177.08 1147.39 1141.41 977.589 163.824 75.7801 59.1664 31.318 18.0288 27.8484 16.6137 29.6892 53.8184 37.1356 31.5991 16.6828 11.5738 46.8421 24.472 17.6583 27.0425 19.8085 10.8165 13.2892 41.8634 26.5054
internal_count=5734 556 238 5178 4949 4826 4800 4107 693 318 247 132 75 115 71 123 229 159 136 70 48 192 102 73 117 81 46 57 171 109
is_linear=0
shrinkage=0.05


Tree=2
num_leaves=31
num_cat=0
split_feature=14 25 48 4 21 0 6 54 1 50 49 20 20 58 29 5 52 19 48 6 20 5 16 28 25 21 49 54 21 50
split_gain=15.0856 11.4288 14.8051 10.8312 11.0253 19.1294 11.5297 9.84166 18.4956 9.82623 12.5564 11.6711 9.57922 8.14696 12.608 9.5125 7.40129 7.89565 8.13638 7.89462 7.1019 6.79356 5.73395 14.2005 8.2776 4.9187 4.19641 3.23541 3.52626 2.80591
threshold=1.3007936507936511 8.1500000000000004 21.100000000000005 7.8645927601809964 25.050000000000004 6.3000000000000016 6.1500000000000012 1.3 12.850000000000003 6.7000000000000002 13.15 38.100000000000009 31.500000000000004 9.0000000000000018 2.8500000000000001 9.3000000000000025 3.3000000000000003 11.464282209792957 18.700000000000006 3.6333333333333337 33.500000000000007 4.1000000000000005 18.250000000000004 1.9000000000000001 6.8285714285714292 26.750000000000004 15.350000000000003 2.1000000000000005 30.750000000000004 9.3000000000000025
decision_type=2 2 2 2 2 2 2 2 2 2 2 2 2 2 2 2 2 2 2 2 2 2 2 2 2 2 2 2 2 2
left_child=1 13 20 16 6 -6 7 21 -9 11 -11 -7 -4 15 -15 22 19 -18 29 -2 27 -5 23 -1 -24 -20 -21 -3 -29 -19
right_child=3 2 12 4 5 9 -8 8 -10 10 -12 -13 -14 14 -16 -17 17 18 25 26 -22 -23 24 -25 -26 -27 -28 28 -30 -31
leaf_value=-0.030075808213458045 0.042538984878284246 -0.072939777051830954 -0.026318810866263389 0.034841710374548453 0.082974532498306552 -0.019257822557821113 0.027326087206371259 -0.0605855547106404 0.034914942419639723 0.019448726057354308 -0.0030089164326291165 0.034509536991397569 0.067364578535899555 0.067852519064370523 -0.016968585720692212 0.05098085937587047 -0.0080133087956302303 0.045664743283140574 0.050779692963937972 0 -0.0062635652470058346 -0.039343112321156531 -0.087390171962725166 0.039426987777314591 -0.013938448487068059 -0.014052389781256381 -0.060642034459093691 -0.028093556671280568 -0.077767456876555272 0.090503266501113622
leaf_weight=28.201096951961517 5.0954370796680477 19.995368808507919 6.0200074315071088 7.4740717113018018 6.3596599400043479 137.07140266895294 8.9007954150438291 33.262137889862061 5.8405291587114325 66.755690827965736 895.73606552183628 10.742222785949705 4.7767486274242401 8.0139786899089831 9.3099981099367124 4.6317416727542868 9.2591889947652799 8.3462582379579597 4.8482289314270002 5.6964349150657636 8.1154021322727186 5.0859086066484451 7.198630452156066 9.7870631217956525 8.5882876217365247 6.9019351005554199 5.884314626455307 13.529204919934275 5.2003845721483222 7.687977820634841
leaf_count=117 22 81 25 32 28 572 38 136 25 284 3767 46 21 35 39 20 39 36 21 24 34 21 29 42 36 29 24 56 21 34
internal_value=-0.00465409 -0.0206269 -0.0374084 -0.00291791 -0.00392392 -0.00279084 -0.0246941 -0.0337886 -0.046141 -0.00329402 -0.00144427 -0.0152958 0.014908 -0.00775652 0.0221465 -0.0167342 0.0190015 0.0314566 0.0447709 -0.00839019 -0.0495799 0.00433364 -0.0227432 -0.0119817 -0.0480855 0.0124788 -0.031399 -0.0584892 -0.0424911 0.0679012
internal_weight=1364.32 133.368 57.6371 1230.95 1177.23 1116.67 60.5634 51.6626 39.1027 1110.31 962.492 147.814 10.7968 75.7308 17.324 58.4068 53.7198 37.0436 27.7844 16.6762 46.8404 12.56 53.7751 37.9882 15.7869 11.7502 11.5807 38.725 18.7296 16.0342
internal_count=5734 556 238 5178 4949 4697 252 214 161 4669 4051 618 46 318 74 244 229 159 120 70 192 53 224 159 65 50 48 158 77 70
is_linear=0
shrinkage=0.05


Tree=3
num_leaves=31
num_cat=0
split_feature=14 25 50 4 25 51 49 53 19 54 9 56 51 10 19 20 51 16 54 20 14 10 1 19 51 51 55 9 54 21
split_gain=13.6578 10.3619 13.4661 9.80318 10.1438 10.8845 11.3332 13.9143 10.3471 11.6154 10.1325 8.27641 9.00784 15.3139 10.9104 12.2343 10.3463 9.67664 8.74757 7.94295 7.73395 7.49321 14.4612 9.14766 8.93803 11.5793 7.25629 7.14762 5.16934 4.7989
threshold=1.3007936507936511 8.1500000000000004 14.700000000000001 7.8645927601809964 6.2500000000000009 12.750000000000002 13.250000000000002 2.0500000000000003 47.464302298583711 2.7000000000000006 6.3585865825688082 2.5000000000000004 10.65 1.5000000000000002 16.64493054115696 25.300000000000001 9.2500000000000018 15.550000000000002 3.1000000000000005 34.500000000000007 1.4366987179487183 3.7000000000000006 11.550000000000002 11.208584715937659 11.350000000000003 12.15 2.8500000000000001 4.081252062933217 2.1000000000000005 30.850000000000005
decision_type=2 2 2 2 2 2 2 2 2 2 2 2 2 2 2 2 2 2 2 2 2 2 2 2 2 2 2 2 2 2
left_child=1 11 19 21 20 6 7 -6 9 -7 -8 12 14 -14 16 -16 -1 -15 -13 28 -5 23 -23 -2 -25 -26 27 -22 -3 -30
right_child=3 2 -4 4 5 8 10 -9 -10 -11 -12 18 13 17 15 -17 -18 -19 -20 -21 26 22 -24 24 25 -27 -28 -29 29 -31
leaf_value=-0.059452337615784584 -0.012742433937567427 -0.068291273462931276 0.034188437831282718 -0.087502682057078451 -0.069406798274022435 0.027440845711400059 -0.010514814823960411 0.011712743289791119 -0.061686374039140873 0 0.0016696134793739445 0.047799359720003071 -0.066403944456262562 0.057105933852039631 -0.012150098131207432 0.082939529423749367 0.015650372448423079 -0.036201899819370935 -0.030112626641875653 0.015243107698843168 -0.032645635194487148 -0.052633207356125061 0.038154002114960034 0.067793287009572031 -0.04739593660224873 0.056479672791724979 -0.059670709287192217 0.032542413763507479 -0.018697198279608491 -0.067104191306814137
leaf_weight=9.3158898502588325 8.8110268712043744 21.90152034163475 6.0272697210311881 5.2245793938636806 5.3963337838649741 64.892696425318718 611.68441280722618 130.62877617776394 4.9102039337158194 94.419597625732422 235.66334240138531 11.50205607712269 16.965872585773472 5.3192579448223096 6.4382903277873975 6.7992367446422577 8.7208982408046705 5.5619640499353409 5.0626208037137976 4.9493905752897254 8.6991706937551552 8.9886307120323199 8.3414341509342176 16.873912990093235 4.8327908068895322 5.7464280277490616 7.831954061985015 7.9420965611934653 17.059546858072284 7.5965261608362189
leaf_count=38 37 89 26 21 22 277 2562 554 20 398 993 50 69 23 27 30 37 23 21 21 36 37 36 74 20 25 32 34 71 31
internal_value=-0.00442148 -0.0196292 -0.0356275 -0.00277002 -0.00372615 -0.00297324 -0.00496654 0.00840925 0.00892804 0.0111732 -0.0071204 -0.00737075 -0.0161717 -0.0368104 0.00210466 0.0365719 -0.022978 0.00906073 0.0236495 -0.0439446 -0.0325449 0.0181079 -0.00867979 0.0310355 0.0452626 0.00855962 -0.0203006 -0.00122722 -0.050363 -0.0340242
internal_weight=1364.11 133.22 57.5343 1230.89 1177.29 1147.6 983.373 136.025 164.222 159.312 847.348 75.6861 59.1214 27.8471 31.2743 13.2375 18.0368 10.8812 16.5647 51.507 29.6978 53.5942 17.3301 36.2642 27.4531 10.5792 24.4732 16.6413 46.5576 24.6561
internal_count=5734 556 238 5178 4949 4826 4131 576 695 675 3555 318 247 115 132 57 75 46 71 212 123 229 73 156 119 45 102 70 191 102
is_linear=0
shrinkage=0.05


Tree=4
num_leaves=31
num_cat=0
split_feature=1 56 21 4 9 21 4 21 29 59 28 21 48 59 0 21 29 21 9 0 28 6 59 6 15 21 21 9 15 4
split_gain=10.4421 13.4471 11.5886 10.9408 10.8921 15.0958 12.0896 10.9172 16.6091 14.293 9.47164 9.40785 9.14272 8.76569 13.1029 12.6518 12.8039 12.5802 8.66894 8.44857 7.67504 6.55584 6.38658 5.71113 5.23678 5.20128 11.134 10.3789 10.3006 9.9812
threshold=17.850000000000005 7.5000000000000009 39.250000000000007 11.597036541889485 3.5030488938464406 28.550000000000004 12.150977002462152 30.550000000000004 2.5500000000000003 87.500000000000014 2.5000000000000004 32.050000000000004 16.700000000000006 127.50000000000001 17.300000000000001 37.850000000000001 5.6500000000000012 36.050000000000004 4.4311179408374963 14.700000000000001 1.0000000180025095e-35 2.9500000000000006 121.50000000000001 6.6333333333333337 18.100000000000005 31.121428571428577 34.250000000000007 7.2024590163934432 24.300000000000001 11.494107082725336
decision_type=2 2 2 2 2 2 2 2 2 2 2 2 2 2 2 2 2 2 2 2 2 2 2 2 2 2 2 2 2 2
left_child=3 2 13 20 5 24 12 9 -9 -8 21 -12 -6 14 19 16 -15 -16 -3 -2 -1 -7 -14 -20 -5 27 -27 29 -29 -22
right_child=1 18 -4 4 6 10 7 8 -10 -11 11 -13 22 15 17 -17 -18 -19 23 -21 25 -23 -24 -25 -26 26 -28 28 -30 -31
leaf_value=-0.042423246091573247 -0.012457952225980763 0.01262601035376501 0.069659854427034679 0.0044451089294181793 -0.074253052080018714 0.0077581030447960294 -0.029575824523347373 -0.0048180807144222642 -0.034052532838674834 0.0062833311828776623 -0.041873992034356086 0.041367454536976656 -0.047323908484564581 -0.012520318488432628 -0.000921131451686106 -0.065615704301472441 0.014009437979273023 0.024171780471812693 -0.089718546639021471 0.060298088861757859 -0.0089052455142164619 0.063144759475339152 0.0083374990586263849 -0.023667418559773046 -0.055746099404185748 0.025723067490087931 -0.02192142357842386 0.036460763351079471 -0.01569198732752845 0.058320913509304011
leaf_weight=10.919778391718863 5.0177433937788036 5.4318291842937496 6.2036538273096076 5.4508273750543585 14.768899127840994 8.5206205546855944 37.328332334756851 88.091083377599716 109.56906020641327 107.45524846017361 8.2419022470712644 5.5929899215698233 11.179963603615763 140.48910918831825 262.27903446555138 8.5773695558309537 67.009215235710144 61.503927782177925 7.6910428106784803 17.090153768658638 223.87677778303623 15.455314397811888 9.2017731964588148 6.2387466579675674 9.7612274289131147 45.837192803621292 16.534354627132416 29.021597802639008 13.80188602209091 5.5452865213155738
leaf_count=45 21 23 27 23 60 36 155 370 454 454 34 24 46 588 1104 35 284 262 31 74 940 67 39 26 40 196 69 125 58 24
internal_value=-0.00420312 0.000817981 0.00222579 -0.00801004 -0.0133281 0.00781699 -0.0163119 -0.0134161 -0.0210579 -0.00294146 0.0248033 -0.00780804 -0.0442636 0.00146022 0.00640239 -0.00642732 -0.00392613 0.00383593 -0.0400366 0.043578 -0.00136612 0.043783 -0.0220322 -0.0608721 -0.0339635 0 0.0129979 -0.0029987 0.0195382 -0.00723386
internal_weight=1363.69 587.532 568.17 776.154 430.617 53.0229 377.594 342.444 197.66 144.784 37.8108 13.8349 35.1506 561.967 345.891 216.076 207.498 323.783 19.3616 22.1079 345.537 23.9759 20.3817 13.9298 15.2121 334.617 62.3715 272.246 42.8235 229.422
internal_count=5734 2475 2395 3259 1802 224 1578 1433 824 609 161 58 145 2368 1461 907 872 1366 80 95 1457 103 85 57 63 1412 265 1147 183 964
is_linear=0
shrinkage=0.05


Tree=5
num_leaves=31
num_cat=0
split_feature=14 53 49 11 11 49 21 24 54 5 1 11 0 48 16 24 21 54 21 11 11 4 51 24 29 10 16 9 9 4
split_gain=15.5939 12.3268 12.1678 13.7638 18.4484 16.9413 15.0425 17.9042 13.3581 11.0856 21.7489 10.5048 13.9055 10.6607 10.1407 14.0478 8.76564 8.48709 8.1143 6.5477 16.1104 10.2396 6.3708 5.81484 8.89367 7.38655 6.52165 4.48188 4.75147 3.20996
threshold=1.286796536796537 2.0500000000000003 13.15 6.5500000000000007 4.2500000000000009 13.850000000000003 36.250000000000007 19.100000000000005 0.70000000000000007 7.5000000000000009 9.4500000000000011 5.3500000000000005 31.100000000000005 13.300000000000002 20.350000000000005 7.5000000000000009 29.650000000000002 2.1000000000000005 36.45000000000001 1.9500000000000002 1.4142857142857144 10.924706715210357 10.250000000000002 11.900000000000002 1.9500000000000002 1.5000000000000002 18.650000000000002 2.734816818293583 6.2325048543689325 6.704390451832908
decision_type=2 2 2 2 2 2 2 2 2 2 2 2 2 2 2 2 2 2 2 2 2 2 2 2 2 2 2 2 2 2
left_child=9 -2 11 4 8 -6 7 -5 -4 17 -11 14 13 -13 15 -3 -16 27 -8 20 21 -12 -22 24 25 -19 -26 -1 29 -29
right_child=1 2 3 6 5 -7 18 -9 -10 10 19 12 -14 -15 16 -17 -18 23 -20 -21 22 -23 -24 -25 26 -27 -28 28 -30 -31
leaf_value=-0.010276418354231211 -0.074500475295959212 0.054293528906811411 -0.055120559983320105 0.011257244924274219 -0.071122379420983539 -0.012489655353230995 0.093075234156606027 -0.04019682451560426 0.00092252402976822812 0.053871773211534357 0.0024470886082219026 -0.031999154112280603 0.070848209848982852 0.036120146113408254 0.066676208232039264 -0.023842172552667913 0.022800701422664073 -0.029636340245162762 0.028355108642498017 -0.072463439279803782 -0.0064961613961561767 -0.05962178802542617 0.066498083030079133 0.028359848633171321 -0.012765343366358879 0.028016972441645596 -0.085866505813379346 -0.035312075732317254 -0.0222643158769164 -0.084312505418591865
leaf_weight=5.7417280226945868 5.6793577522039405 7.8208362013101604 10.72786897420883 97.142537459731102 12.767589643597601 319.25818340480328 5.9084123820066443 20.35205090045929 588.6959672421217 12.829485073685644 11.101219147443773 29.364964663982391 4.8072596192359915 6.9837058484554282 15.137430682778357 20.862592592835426 48.74278125166893 13.267003014683725 28.826032727956772 5.1542112082242957 4.9997435957193357 15.886956915259359 6.8766636848449707 5.8103498220443717 5.2697558850049955 9.3600743710994703 7.9332598000764847 5.075294762849814 6.7095804363489142 15.081993564963339
leaf_count=24 23 34 44 411 52 1336 26 84 2481 56 47 122 21 30 66 87 208 55 123 21 21 65 30 25 22 40 32 21 28 61
internal_value=-0.00339732 -0.00163549 -0.00128537 -0.00304536 -0.00532715 -0.0147801 0.0108778 0.00227541 -8.1164e-05 -0.0197825 -0.00305819 0.012932 -0.00798234 -0.018711 0.0222836 -0.00224934 0.0333638 -0.0324987 0.0397433 -0.0198485 -0.0125744 -0.0339912 0.0355537 -0.0172932 -0.0248939 -0.00554873 -0.0573806 -0.0516508 -0.0602366 -0.072457
internal_weight=1354.17 1223.08 1217.4 1083.68 931.45 332.026 152.229 117.495 599.424 131.097 56.8483 133.72 41.1559 36.3487 92.5636 28.6834 63.8802 74.249 34.7344 44.0188 38.8646 26.9882 11.8764 41.6404 35.8301 22.6271 13.203 32.6086 26.8669 20.1573
internal_count=5696 5148 5125 4557 3913 1388 644 495 2525 548 240 568 173 152 395 121 274 308 149 184 163 112 51 174 149 95 54 134 110 82
is_linear=0
shrinkage=0.05


Tree=6
num_leaves=31
num_cat=0
split_feature=24 0 20 20 52 59 21 29 24 10 4 52 21 54 10 25 49 0 5 6 52 15 10 28 0 0 9 50 19 21
split_gain=12.6712 18.0518 15.9176 14.0118 13.3932 12.7717 18.6087 16.8837 15.6461 15.1734 14.1358 10.1123 11.7713 11.9551 10.5227 10.3469 9.86808 9.77491 12.5928 9.71667 9.44863 10.7918 9.05106 7.8581 8.91769 6.89413 6.73822 6.73207 11.0121 10.3057
threshold=13.700000000000001 17.500000000000004 37.100000000000009 30.500000000000004 2.1000000000000005 127.50000000000001 36.050000000000004 5.6500000000000012 13.900000000000002 2.3000000000000003 20.99082491582492 2.3000000000000003 34.95000000000001 0.70000000000000007 5.9000000000000012 13.850000000000003 17.650000000000002 16.300000000000001 4.9000000000000012 8.6500000000000004 4.1000000000000005 29.100000000000005 8.5000000000000018 2.5000000000000004 15.500000000000002 13.700000000000001 4.3410019775873439 8.5000000000000018 18.137994692511828 26.633333333333336
decision_type=2 2 2 2 2 2 2 2 2 2 2 2 2 2 2 2 2 2 2 2 2 2 2 2 2 2 2 2 2 2
left_child=4 2 16 20 27 6 8 9 -5 -7 -9 23 13 26 25 -15 -2 -18 -19 -8 -3 -22 -16 -6 -25 -14 -13 28 29 -1
right_child=1 3 -4 5 11 7 19 10 -10 -11 -12 12 14 15 22 -17 17 18 -20 -21 21 -23 -24 24 -26 -27 -28 -29 -30 -31
leaf_value=-0.026450114838220851 0.061056418243701976 -0.05081900727382184 -0.051276063542373677 0.092751996834222444 0.052718829991094812 0.043223302852518977 0.024216586624777048 0.067494515572523103 8.5988317063397514e-05 -0.025237481355128086 0.0019412802791001487 -0.077180300755584241 -0.014481104027842065 -0.00190183153850227 0.032270000615396109 -0.031838458004391355 -0.0181388067215448 -0.001248279653542619 0.093569698820667943 0.081348048424716379 0.041269986726338949 -0.027938449171266089 -0.041595020636664211 -0.046422369515384636 0.044192040552498618 -0.061562163085984528 -0.0077858678210502566 -0.052499549852822042 -0.033937413603713627 0.053336030546243973
leaf_weight=7.4484971165657035 24.461605787277222 21.633307233452797 5.3565295338630667 4.5454823821783057 12.949451833963396 8.610157296061514 55.504407599568367 9.4242882281541807 240.15924505889416 107.75387507677078 61.64441479742527 8.6279748827218992 12.444206327199934 563.04004445672035 10.288794770836832 30.366713508963585 11.260229229927065 7.1265540271997434 6.5910710096359253 8.6656934320926648 8.1415472030639666 17.579734101891518 6.7897362262010565 5.8327953368425351 4.887357622385025 22.517727479338646 6.1668455749750128 20.401051089167595 34.998628348112106 8.5282827615737897
leaf_count=31 106 89 22 20 56 37 237 41 1011 448 260 35 52 2372 44 126 47 30 29 38 35 73 28 24 21 92 26 84 145 37
internal_value=-0.0032292 0.00219854 0.0295259 -0.000551529 -0.00753624 0.00192056 0.00817594 -0.00836002 0.0018649 -0.0200961 0.0107871 -0.00537399 -0.0065327 -0.00456752 -0.0293511 -0.00344732 0.0384672 0.0159902 0.0442957 0.0321241 -0.0265155 -0.0057633 0.00254199 0.0266281 -0.0046222 -0.045036 -0.0488371 -0.0281479 -0.0182205 0.015895
internal_weight=1353.75 598.458 54.796 543.662 755.288 496.308 308.875 187.433 244.705 116.364 71.0687 683.912 660.242 608.202 52.0405 593.407 49.4395 24.9779 13.7176 64.1701 47.3546 25.7213 17.0785 23.6696 10.7202 34.9619 14.7948 71.3765 50.9754 15.9768
internal_count=5696 2523 234 2289 3173 2092 1306 786 1031 485 301 2876 2775 2559 216 2498 212 106 59 275 197 108 72 101 45 144 61 297 213 68
is_linear=0
shrinkage=0.05


Tree=7
num_leaves=21
num_cat=0
split_feature=53 21 49 51 10 21 4 0 58 0 59 59 59 9 52 21 10 49 5 4
split_gain=12.8554 11.0782 9.77964 11.3442 12.2735 14.4177 12.9933 8.68941 8.65546 13.3331 8.34866 8.15752 11.7788 17.8928 11.2713 7.12396 8.34386 8.11179 6.99702 4.72825
threshold=2.0500000000000003 26.450000000000003 13.15 8.0500000000000025 6.9000000000000012 36.250000000000007 25.7269696969697 14.100000000000001 9.0000000000000018 11.100000000000001 9.5000000000000018 54.500000000000007 121.50000000000001 3.5030488938464406 4.3000000000000016 25.950000000000003 1.9000000000000001 14.750000000000002 9.3000000000000025 18.964178544636166
decision_type=2 2 2 2 2 2 2 2 2 2 2 2 2 2 2 2 2 2 2 2
left_child=-1 8 11 7 6 -6 -5 -4 10 18 -2 -3 13 -13 -14 17 -17 -12 -10 -9
right_child=1 2 3 4 5 -7 -8 19 9 -11 15 12 14 -15 -16 16 -18 -19 -20 -21
leaf_value=-0.073160066355945699 0.044934261748473855 -0.037413752812460219 0.0077321045936055962 -0.0018584996248206928 0.0037464985692325587 0.04416509723145931 -0.022590041079333094 -0.084994400546634652 0.090025023636707252 -0.045546725444269964 0.0079717405665916796 -0.023241688510511314 0.0065350188506654479 0.044618483763145755 -0.068573557653368034 -0.07556967478269247 -0.015885979238764031 -0.021052519775857717 0.010079840220548008 -0.029175512801902739
leaf_weight=6.4158019274473181 5.0960745066404334 7.6958653628826132 7.3050942867994335 791.76788288354874 101.02955134212971 28.262859389185905 83.566112905740738 7.9283824712038067 5.6401828378438967 5.0684803426265708 30.213390991091728 11.993695348501204 56.869820564985275 48.085398405790329 5.3750216364860526 11.336953908205034 12.678231313824652 113.37030802667141 5.5858982354402542 8.1989434063434583
leaf_count=26 22 32 31 3332 426 122 348 32 25 21 128 50 241 208 22 46 53 473 24 34
internal_value=-0.00306768 -0.00272473 -0.0008879 -0.00252628 -0.00171706 0.0126478 -0.00384576 -0.0368528 -0.0139475 0.0206572 -0.0172516 0.0120202 0.0151991 0.0309722 0 -0.0191979 -0.044465 -0.014909 0.0511274 -0.0572795
internal_weight=1353.48 1347.07 1158.08 1028.06 1004.63 129.292 875.334 23.4324 188.99 16.2946 172.695 130.02 122.324 60.0791 62.2448 167.599 24.0152 143.584 11.2261 16.1273
internal_count=5696 5670 4878 4325 4228 548 3680 97 792 70 722 553 521 258 263 700 99 601 49 66
is_linear=0
shrinkage=0.05


Tree=8
num_leaves=31
num_cat=0
split_feature=11 11 59 29 24 24 49 49 11 51 59 28 6 21 21 25 5 5 25 1 51 55 9 48 49 28 21 21 21 53
split_gain=12.8039 11.5584 14.3484 13.1726 12.5368 12.6843 11.3298 21.9687 14.6493 11.1171 10.4337 10.2531 10.1994 9.94356 9.84085 9.62768 9.55316 12.5985 9.48341 11.8064 9.40224 8.54815 8.35841 7.21493 11.2595 13.2707 10.8196 7.20759 8.05757 7.1956
threshold=6.8500000000000005 4.4500000000000011 125.50000000000001 1.0500000000000003 13.700000000000001 13.900000000000002 19.250000000000004 16.750000000000004 6.0500000000000007 6.2500000000000009 143.50000000000003 6.5000000000000009 11.750000000000002 36.550000000000004 36.250000000000007 20.250000000000004 4.9000000000000012 4.3000000000000016 14.15 17.750000000000004 12.65 1.9500000000000002 2.6384628493524205 21.100000000000005 19.550000000000004 4.1000000000000005 33.45000000000001 34.95000000000001 26.450000000000003 3.7500000000000004
decision_type=2 2 2 2 2 2 2 2 2 2 2 2 2 2 2 2 2 2 2 2 2 2 2 2 2 2 2 2 2 2
left_child=1 4 3 -3 18 -6 7 9 -9 -4 -8 12 -7 15 22 -5 17 -16 27 -20 -12 -13 -2 24 25 -24 -25 28 -1 -15
right_child=14 2 6 13 5 11 10 8 -10 -11 20 21 -14 29 16 -17 -18 -19 19 -21 -22 -23 23 26 -26 -27 -28 -29 -30 -31
leaf_value=-0.012140458422265627 0.064470976611732386 -0.054289777854365839 0.039699760020378318 -4.3616270134719698e-05 0.057321269704395217 0.0034987039812700883 -0.083342040626021907 -0.0036255869033443933 0.064937061079218539 -0.039360543217734273 -0.059599895790700012 -0.013200979116952546 -0.060419162156384758 -0.0020691177435963552 0.035254903239342779 -0.03618596014405482 0.068090705168744034 -0.052074781682437121 -0.08353570613366057 0.00084936825088115014 0.00036617088541009233 0.048136452807026088 -0.026294467039529729 0.026312532669951233 0.049686863209626675 0.018161211358398877 -0.04640167413654691 -0.031467179272474111 0.00088859157837242438 0.056653376100746881
leaf_weight=169.70313000679016 5.2842650264501563 11.957961872220038 4.6395292431116095 157.70223087072372 12.413053959608076 191.86041614413261 13.126875936985014 37.662677437067032 9.6843452602624875 63.459837928414345 12.24653220176697 7.3846261203289059 6.3473041057586661 8.7594070732593554 16.693401739001278 20.805739670991898 12.988536104559897 5.3493510484695426 8.4281193464994448 7.8357312530279151 13.540093690156935 22.483570724725723 28.883870273828506 7.2667412012815502 13.218637734651564 39.778310805559158 16.280703499913216 23.17832912504673 392.00182048976421 12.220466300845144
leaf_count=712 23 49 20 664 54 810 53 158 42 262 50 31 26 37 72 86 57 22 34 33 57 97 120 31 57 169 67 96 1654 53
internal_value=-0.00291591 -0.00460878 -0.0120296 -0.00353747 -0.00137645 0.0082615 -0.02362 -0.0156659 0.0104001 -0.0338506 -0.0469892 0.00554555 0.00139718 -0.000444477 0.0110683 -0.00430203 0.0341429 0.0136964 -0.00524116 -0.0428177 -0.0280399 0.0328111 0.00369777 0.000546109 0.00761013 -0.000478126 -0.0237343 -0.00418059 -0.00304032 0.0320052
internal_weight=1353.19 1207.44 365.806 211.446 841.636 240.489 154.36 115.446 47.347 68.0994 38.9135 228.076 198.208 199.488 145.744 178.508 35.0313 22.0428 601.147 16.2639 25.7866 29.8682 110.713 105.428 81.8808 68.6622 23.5474 584.883 561.705 20.9799
internal_count=5696 5078 1531 889 3547 1018 642 482 200 282 160 964 836 840 618 750 151 94 2529 67 107 128 467 444 346 289 98 2462 2366 90
is_linear=0
shrinkage=0.05


Tree=9
num_leaves=22
num_cat=0
split_feature=53 11 54 11 53 28 59 20 28 52 53 19 1 5 50 51 48 9 51 6 20
split_gain=11.6522 11.6174 10.8462 11.2849 12.4099 14.0805 12.132 11.4797 9.52723 15.1884 13.5265 15.9612 12.0923 9.50063 7.85889 7.82604 8.99458 6.76469 8.18292 6.99798 2.56907
threshold=2.0500000000000003 6.8500000000000005 0.70000000000000007 4.4500000000000011 2.6500000000000008 7.5000000000000009 125.50000000000001 36.900000000000006 5.5000000000000009 2.1000000000000005 3.4500000000000006 30.344951923076927 30.550000000000004 5.1000000000000005 15.900000000000002 8.4500000000000011 18.700000000000006 7.2024590163934432 7.1500000000000012 4.7500000000000009 35.100000000000009
decision_type=2 2 2 2 2 2 2 2 2 2 2 2 2 2 2 2 2 2 2 2 2
left_child=-1 2 17 4 13 -6 7 -5 9 -3 20 -12 15 -4 -8 -10 -17 18 -2 -20 -11
right_child=1 8 3 6 5 -7 14 -9 12 10 11 -13 -14 -15 -16 16 -18 -19 19 -21 -22
leaf_value=-0.069663713514396916 0.0082406589849415499 -0.059968713199626593 0.049568232460334274 -0.007206731572389562 -0.0026352343989251032 0.041596242175095596 -0.024254539179142286 0.029164052943039726 -0.0052272406286234451 0.036406602692427029 0.032391532676578419 -0.016553365499196681 -0.024177544864872866 0.0041770217390944111 0.028465272072171283 0.068099749060781048 0.01561787560890344 0.021195132707676423 -0.024943975486338782 -0.084762400934692089 0.090918447163328378
leaf_weight=6.3844420760869971 5.8524237126112046 9.0443256795406324 21.240876019001007 181.61002138257027 750.42370867729187 18.326312631368637 141.24013239145279 24.509721502661705 8.0474714785814268 5.3404375016689283 25.436989322304726 47.785009726881981 9.0783496648073179 25.692078337073326 7.2735351026058188 22.407239019870758 13.368261039257048 4.6698476374149314 9.3828142583370227 11.138976559042929 4.5237112194299698
leaf_count=26 25 37 92 762 3160 79 587 105 34 23 109 200 38 109 31 98 57 20 39 45 20
internal_value=-0.00277071 -0.00244464 -0.00406162 -0.0032816 -3.77269e-05 -0.00156902 -0.0107266 -0.00284559 0.0109086 0.00113411 0.00790964 0.000402664 0.0278028 0.0248882 -0.0216215 0.0387154 0.0487264 -0.0332016 -0.0430657 -0.0579087 0.0625692
internal_weight=1352.78 1346.39 1201.36 1170.32 815.683 768.75 354.633 206.12 145.032 92.1305 83.0861 73.222 52.9013 46.933 148.514 43.823 35.7755 31.0441 26.3742 20.5218 9.86415
internal_count=5696 5670 5054 4925 3440 3239 1485 867 616 389 352 309 227 201 618 189 155 129 109 84 43
is_linear=0
shrinkage=0.05


Tree=10
num_leaves=31
num_cat=0
split_feature=14 1 5 14 1 21 19 4 20 21 1 51 56 9 52 10 14 4 57 59 59 29 55 59 56 14 54 15 1 6
split_gain=12.9193 11.7273 20.9465 11.246 13.5901 17.5248 11.8421 11.3076 11.1732 10.7161 9.86041 10.0672 8.63243 8.66471 8.10211 9.98683 7.99502 8.54411 7.94726 12.3463 8.32954 7.92721 6.96654 6.92481 6.38048 5.86636 6.88947 5.68321 6.02572 5.44388
threshold=1.286796536796537 9.4500000000000011 7.5000000000000009 2.0556983339241408 17.650000000000002 38.650000000000013 15.691391941391943 15.706951460575448 34.300000000000004 36.45000000000001 17.150000000000002 13.15 7.5000000000000009 4.4311179408374963 2.9000000000000004 2.1000000000000005 2.0142364981254439 11.597036541889485 1.0000000180025095e-35 105.50000000000001 143.50000000000003 6.3500000000000005 1.8500000000000003 153.50000000000003 4.5000000000000009 1.0611465960429978 2.1000000000000005 29.700000000000006 15.250000000000002 5.1500000000000012
decision_type=2 2 2 2 2 2 2 2 2 2 2 2 2 2 2 2 2 2 2 2 2 2 2 2 2 2 2 2 2 2
left_child=1 2 25 7 6 12 14 9 24 16 11 -8 21 -14 -5 -16 17 -2 20 -20 -9 -6 -12 -21 27 29 -27 28 -3 -1
right_child=3 8 -4 4 5 -7 10 18 -10 -11 22 -13 13 -15 15 -17 -18 -19 19 23 -22 -23 -24 -25 -26 26 -28 -29 -30 -31
leaf_value=0.0240226087299244 0.014264288370482325 -0.0325307543578576 0.060149961280486379 -0.028266869795638607 -0.0015112374557167086 0.064561692225048525 -0.012655595784710517 0.074389819175366897 0.034627496824228908 -0.058060246253385767 0.011953683378977419 0.015782285691178354 0.022385605848382218 -0.054615860873341943 -0.030267093476424672 0.047030843136695477 0.061592086429912853 -0.0063883006604867915 -0.049892091987660966 0.060913535307515032 0.010945622425384492 0.012498259572277945 -0.05412273615375586 -0.011328228461992997 0.023143702684769764 -0.075330492506964039 -0.0040112948019340759 0.015942411611190935 -0.070304640325336024 -0.034977640283747759
leaf_weight=10.576731696724897 104.34362985193729 57.391034364700317 11.986721500754355 6.969231352210044 384.53259824216366 10.962747991085051 328.63563457131386 14.891934886574747 6.5064902603626242 6.6019397974014273 4.723065301775935 34.140047773718834 4.9070075750350979 12.915968790650366 5.0511787384748486 21.049363642930984 6.2146662920713416 95.750164911150932 6.0779700726270702 8.9807102084159833 8.2650545388460142 136.62254743278027 21.219014495611191 5.0192724764347068 4.6304799616336814 7.1502127647399885 6.6689034253358841 4.6936036050319663 13.422284647822378 6.0523710101842871
leaf_count=45 444 239 53 29 1619 48 1375 65 28 27 20 145 21 53 21 91 27 402 25 39 35 581 87 21 20 29 28 20 55 25
internal_value=-0.00203711 -0.017079 0.00434911 -0.000450515 -0.00291127 0.00225976 -0.00966422 0.00886273 -0.0276243 0.00409516 -0.0121166 -0.00996198 0.000971528 -0.0331303 0.0189611 0.0318223 0.00613554 0.00435825 0.0321616 0.00876769 0.0521051 0.0021535 -0.041901 0.0347622 -0.0327778 -0.0175796 -0.0415482 -0.0362994 -0.0398501 0.00216913
internal_weight=1356.95 129.079 42.4349 1227.87 971.728 549.941 421.788 256.145 86.6439 212.91 388.718 362.776 538.978 17.823 33.0698 26.1005 206.308 200.094 43.2349 20.078 23.157 521.155 25.9421 14 80.1374 30.4482 13.8191 75.5069 70.8133 16.6291
internal_count=5717 542 180 5175 4090 2322 1768 1085 362 900 1627 1520 2274 74 141 112 873 846 185 85 100 2200 107 60 334 127 57 314 294 70
is_linear=0
shrinkage=0.05


Tree=11
num_leaves=31
num_cat=0
split_feature=14 1 58 14 51 1 21 21 19 4 21 0 54 29 14 4 57 59 59 54 59 0 1 28 52 48 21 15 48 50
split_gain=11.6986 10.5984 14.4051 10.1598 12.4451 11.5346 15.563 12.0881 12.1348 10.2488 9.68969 9.19542 9.14749 8.92308 7.26149 7.77785 7.22546 11.1627 7.58739 6.31273 6.29723 6.11405 6.32668 5.69511 6.94313 5.75148 4.62665 4.34764 3.8013 2.39188
threshold=1.286796536796537 9.4500000000000011 9.0000000000000018 2.0556983339241408 15.450000000000001 17.650000000000002 38.750000000000007 34.95000000000001 15.691391941391943 15.706951460575448 36.45000000000001 17.700000000000006 1.9000000000000001 2.3166666666666669 2.0142364981254439 11.164319248826294 1.0000000180025095e-35 105.50000000000001 143.50000000000003 1.3 153.50000000000003 18.700000000000006 15.633333333333335 2.1000000000000005 2.5000000000000004 17.900000000000002 26.750000000000004 23.100000000000005 19.500000000000004 8.5000000000000018
decision_type=2 2 2 2 2 2 2 2 2 2 2 2 2 2 2 2 2 2 2 2 2 2 2 2 2 2 2 2 2 2
left_child=1 2 23 9 5 7 11 8 -5 10 14 -7 19 -9 15 -2 18 -18 28 27 -19 22 26 24 -1 -26 -14 -3 -11 -21
right_child=3 12 -4 4 -6 6 -8 13 -10 16 -12 -13 21 -15 -16 -17 17 20 -20 29 -22 -23 -24 -25 25 -27 -28 -29 -30 -31
leaf_value=-0.072756463816554692 0.015169522925206428 0.018798785019594408 0.068861695644606355 0.022683074637375164 0.067380611862032203 0.021293726733294327 0.069805870607352688 -0.0064733126254499871 -0.0095114009618868147 0.090365469499535181 -0.055218665307524534 -0.0015445207370123968 -0.030338212641775775 -0.057254453232904061 0.05879116134955488 -0.0046417158638579134 -0.047378633984268635 0.058127549225694533 0.010409623512409864 -0.045494145629755421 -0.010769378009812342 0.037856524950117265 -0.058159820939750063 0.029427593722416812 0.020413723470738627 -0.029745056230092989 0.0038954164710857048 -0.040830158885767298 0.034797032121746452 -0.082712522142638467
leaf_weight=4.9187951982021358 88.895939081907272 4.6403519213199607 7.0622852742671958 31.758621081709862 6.1759482622146598 48.320583522319794 8.1275213956832868 14.758570641279219 350.93721295893192 9.4815679788589495 6.5997502058744422 489.72927577793598 16.806340888142586 21.761015444993973 6.190552905201911 111.13863044977188 6.0854635238647488 8.9462133944034559 8.2613410502672178 10.102457001805307 5.0208935290575019 5.1062211096286765 8.436939060688017 7.4531757682561866 10.085534349083902 12.779247894883154 23.156302690505981 8.1732250452041608 5.3355395942926398 10.016257181763647
leaf_count=20 379 20 32 136 27 206 36 62 1470 42 27 2064 70 89 27 467 25 39 35 42 21 22 35 32 43 53 98 34 23 41
internal_value=-0.00193551 -0.0162698 0.00413122 -0.000426926 -0.00276567 -0.00322654 0.00155385 -0.0094655 -0.0068214 0.00842868 0.00389135 0.000500796 -0.0263041 -0.0369427 0.00583311 0.00414065 0.0306412 0.00831788 0.0497023 -0.0470624 0.0331046 -0.0133704 -0.0189449 -0.00885897 -0.0193777 -0.00741001 -0.0104166 -0.0188704 0.0710582 -0.0645883
internal_weight=1356.26 128.737 42.299 1227.52 971.569 965.393 546.177 419.215 382.696 255.956 212.825 538.05 86.4381 36.5196 206.225 200.035 43.131 20.0526 23.0784 32.9323 13.9671 53.5058 48.3996 35.2368 27.7836 22.8648 39.9626 12.8136 14.8171 20.1187
internal_count=5717 542 180 5175 4090 4063 2306 1757 1606 1085 900 2270 362 151 873 846 185 85 100 137 60 225 203 148 116 96 168 54 65 83
is_linear=0
shrinkage=0.05


Tree=12
num_leaves=31
num_cat=0
split_feature=14 1 5 20 14 52 29 0 20 53 50 4 16 21 9 1 4 16 55 57 59 59 28 1 25 50 59 21 50 14
split_gain=10.6136 9.6135 17.6763 9.83532 9.18396 11.407 13.7992 16.0348 12.4941 10.9313 9.88908 9.3178 9.13434 8.93336 8.33621 12.9685 11.6254 8.29339 10.2974 6.59254 10.1042 6.95619 6.43961 5.79825 7.99226 8.09355 5.73847 5.71018 5.41194 5.10043
threshold=1.286796536796537 9.4500000000000011 7.5000000000000009 34.300000000000004 2.0556983339241408 1.5000000000000002 5.7500000000000009 26.700000000000006 30.900000000000002 4.1500000000000012 12.700000000000001 15.706951460575448 33.050000000000004 34.95000000000001 4.1341269841269854 7.3500000000000005 11.164319248826294 37.45000000000001 1.7500000000000002 1.0000000180025095e-35 105.50000000000001 143.50000000000003 3.3000000000000003 10.250000000000002 8.1500000000000004 14.500000000000002 153.50000000000003 27.950000000000003 6.7000000000000002 1.0611465960429978
decision_type=2 2 2 2 2 2 2 2 2 2 2 2 2 2 2 2 2 2 2 2 2 2 2 2 2 2 2 2 2 2
left_child=1 2 29 23 11 17 7 9 12 -7 -10 13 -8 14 16 -16 -2 18 -6 21 -21 -13 -9 -3 27 -26 -22 -25 -20 -1
right_child=4 3 -4 -5 5 6 8 22 10 -11 -12 19 -14 -15 15 -17 -18 -19 28 20 26 -23 -24 24 25 -27 -28 -29 -30 -31
leaf_value=0.0022772978077195147 0.012578033997671474 -0.066261643825423142 0.055740631943567542 0.033335512281696789 0.039912767296899326 0.0031764013795770804 0.017904543746965821 -0.079869539883697396 0.022049087609356859 -0.0091558642080289271 -0.0055303403534958107 0.068088796051122516 -0.054938815909464013 -0.033336906983093766 -0.04998708650303757 0.019456106407147993 -0.025086451633595491 -0.081202520910954479 -0.067921725143450171 -0.045046747394609878 0.05555559193644969 0.0099002101068174312 -0.026120307567941588 0.019009443576619475 -0.043814275737490589 0.018147049672382187 -0.010238871285052764 -0.034143604210063939 -0.010503399847440153 -0.038533158253232447
leaf_weight=16.603928431868557 42.042897954583168 9.74331186711788 11.787134960293768 6.4959204047918311 5.5709428042173448 359.46382799744606 6.5763767659664181 6.9181884676218024 123.92473924160004 358.34038293361664 43.641703322529793 14.705306500196459 11.709975227713583 14.987062737345694 7.0342232435941687 109.0233186930418 39.626373335719109 6.8637419492006293 7.8460076451301601 6.0856022238731411 8.8981833159923536 8.2573539465665799 31.479178875684738 14.234536305069925 42.140563189983368 5.8432806134223929 5.0221370309591284 7.7021045982837668 9.0819960683584195 13.759372413158415
leaf_count=70 179 40 53 28 24 1517 28 28 530 1502 184 65 48 62 29 465 165 28 32 25 39 35 131 61 176 25 21 32 38 57
internal_value=-0.00183905 -0.0155171 0.00394294 -0.0250887 -0.000403604 -0.00262677 -0.00166286 -0.0046676 0.0105319 -0.00297353 0.0148374 0.00802107 -0.0285151 0.00369817 0.00654601 0.0151647 -0.00564416 -0.0332719 -0.0181338 0.029247 0.00789883 0.0475147 -0.0361167 -0.0299512 -0.0247326 -0.0361428 0.0315581 4.98982e-05 -0.0376526 -0.0161179
internal_weight=1355.41 128.31 42.1504 86.1597 1227.1 971.417 942.054 756.202 185.853 717.804 167.566 255.682 18.2864 212.714 197.727 116.058 81.6693 29.3627 22.4989 42.9686 20.0059 22.9627 38.3974 79.6638 69.9205 47.9838 13.9203 21.9366 16.928 30.3633
internal_count=5717 542 180 362 5175 4090 3968 3178 790 3019 714 1085 76 900 838 494 344 122 94 185 85 100 159 334 294 201 60 93 70 127
is_linear=0
shrinkage=0.05


Tree=13
num_leaves=31
num_cat=0
split_feature=14 50 20 58 9 53 59 54 9 55 50 10 54 51 20 1 5 20 51 58 51 51 6 6 0 0 1 14 54 6
split_gain=9.61923 9.10322 12.2295 11.0358 17.2465 11.2165 9.85111 12.185 9.2894 19.4949 11.4214 9.97633 11.0703 8.95863 9.69957 8.72302 16.105 8.92714 8.38587 8.16715 11.4361 8.49647 7.83744 6.08471 5.60044 7.63391 6.77012 4.6248 6.20871 4.76682
threshold=1.286796536796537 6.7000000000000002 38.500000000000007 4.0000000000000009 3.5245713595749826 6.2500000000000009 164.50000000000003 2.3000000000000003 5.609777373231692 1.3500000000000003 4.7000000000000002 4.7000000000000002 0.90000000000000013 7.3500000000000005 32.300000000000004 9.4500000000000011 7.5000000000000009 34.300000000000004 15.450000000000001 3.0000000000000004 10.15 11.050000000000002 6.5277777777777786 4.0500000000000007 19.500000000000004 16.300000000000001 10.250000000000002 1.0611465960429978 2.1000000000000005 5.1500000000000012
decision_type=2 2 2 2 2 2 2 2 2 2 2 2 2 2 2 2 2 2 2 2 2 2 2 2 2 2 2 2 2 2
left_child=15 2 8 4 19 13 7 -6 9 -2 -11 12 -10 14 -5 16 27 24 -15 20 -3 -21 -13 -8 25 26 -17 29 -29 -1
right_child=1 3 -4 5 6 -7 23 -9 11 10 -12 22 -14 18 -16 17 -18 -19 -20 21 -22 -23 -24 -25 -26 -27 -28 28 -30 -31
leaf_value=0.022624210652043265 0.076502334969195243 -0.033278470651882879 0.056777564090402924 0.074857260113595489 0.0031448989197364907 0.069240252077439987 -0.069136660823580484 -0.025032238371149252 -0.052386802996243299 0.01855844132452579 -0.022503038527662157 -0.0012582233298282072 0.0030258185823305809 0.002705781814896249 0.0074981837440518803 -0.063494063567204898 0.053516427577677883 0.03175194147388704 0.068520128621117227 0.031381356230145395 0.0062415261447145397 0.00020701132013412429 -0.07388433190526382 -0.0090410014169602666 0.019789429856452611 -0.069360704861943553 -0.01775233513219544 -0.069037229195059169 -0.0011798587665356156 -0.032634353902683315
leaf_weight=10.568977281451231 6.8189071863889685 26.234518811106682 6.1586358696222296 9.0873316079378146 67.471009001135826 6.6028302758932105 13.528240039944651 87.929461359977722 13.099517047405241 23.452445074915886 59.456427201628685 4.9966921806335476 27.917450293898582 685.58784843981266 13.290966182947157 9.6658943444490415 11.670299321413038 6.4841783344745627 4.782097026705741 43.889869317412376 59.565270990133286 44.090099677443504 16.220124080777168 6.4397803843021384 5.3831033110618582 11.705898657441137 52.572279140353203 7.0640642046928388 6.6624345481395721 6.0354973971843711
leaf_count=45 30 109 27 40 285 29 55 366 54 100 248 21 118 2896 57 40 53 28 21 188 252 186 66 27 23 49 222 29 28 25
internal_value=-0.00174966 -0.000384793 -0.0115811 0.00126832 -0.00601798 0.00481213 -0.0170823 -0.0127721 -0.0144199 -0.00404988 -0.0108194 -0.0292605 -0.014634 0.00419864 0.035285 -0.0147987 0.00376444 -0.0239366 0.00317877 0.00512216 -0.00580875 0.0158334 -0.0571011 -0.0501463 -0.0285858 -0.032197 -0.0250269 -0.015327 -0.0367096 0.00216404
internal_weight=1354.43 1226.62 158.12 1068.5 349.148 719.351 175.368 155.4 151.962 89.7278 82.9089 62.2338 41.017 712.748 22.3783 127.813 42.0013 85.8114 690.37 173.78 85.7998 87.98 21.2168 19.968 79.3272 73.9441 62.2382 30.331 13.7265 16.6045
internal_count=5717 5175 664 4511 1468 3043 733 651 637 378 348 259 172 3014 97 542 180 362 2917 735 361 374 87 82 334 311 262 127 57 70
is_linear=0
shrinkage=0.05


Tree=14
num_leaves=31
num_cat=0
split_feature=28 0 16 4 14 14 53 24 14 4 54 21 11 20 4 0 4 29 50 48 16 25 29 21 10 0 11 54 14 11
split_gain=9.03077 10.4535 14.4834 11.8634 10.2372 8.64736 10.1259 15.5957 9.98602 8.88547 8.47303 8.33468 8.22617 7.67457 7.07932 6.9843 10.8928 6.67276 18.9483 12.6039 11.2329 13.465 11.1448 8.48592 8.48029 8.46579 7.67632 7.50436 6.3594 5.75521
threshold=7.3000000000000016 27.700000000000006 40.550000000000004 24.72163461538462 1.286796536796537 2.0556983339241408 4.1500000000000012 11.900000000000002 2.365631519820254 15.706951460575448 1.9000000000000001 36.45000000000001 0.75000000000000011 35.500000000000007 25.883713942307697 19.300000000000001 12.574138205556883 8.4500000000000011 9.5000000000000018 14.300000000000002 40.250000000000007 17.950000000000003 7.2500000000000009 34.95000000000001 7.5000000000000009 30.300000000000001 6.1500000000000012 2.3000000000000003 4.6497211497211506 5.3500000000000005
decision_type=2 2 2 2 2 2 2 2 2 2 2 2 2 2 2 2 2 2 2 2 2 2 2 2 2 2 2 2 2 2
left_child=1 4 3 10 12 9 7 -7 -8 11 -3 -6 -1 -11 -4 16 -14 19 24 22 21 27 23 -2 29 -20 -27 -21 -23 -19
right_child=17 2 14 -5 5 6 8 -9 -10 13 -12 -13 15 -15 -16 -17 -18 18 25 20 -22 28 -24 -25 -26 26 -28 -29 -30 -31
leaf_value=0.019650315114982685 -0.024513496601054827 -0.062364170172463887 0.057855823100399301 -0.07410569873937782 0.0053916643580989056 -0.010071004599073063 -0.035005798828712756 0.0097838430295162874 -0.0061504743794132894 0.01988475982876273 0.019421652632276631 -0.05132646238434535 -0.015206162160162304 0.081877059159478655 -0.015305741892023064 0.037576870833485175 -0.056930173906478969 0.0498932079724747 -0.069915759686361018 -0.001185230886759293 0.081007047645937538 0.027974442295198548 -0.065177733711652405 0.068521523662791795 0.087622561530759938 0.02781544643040583 -0.053611440109326919 0.071565838759131292 -0.039388190176945365 -0.015122914219675532
leaf_weight=14.481617525219916 5.0024253278970701 4.8896458446979549 5.7368509471416456 16.706187978386879 205.71802546083927 155.45309500396252 32.619720265269279 271.00628510117531 374.87168423831463 34.570182830095291 8.4637271165847761 6.5761309415101996 86.186038389801979 5.8661294728517523 7.3908032476902008 4.8489346504211417 19.247706741094589 5.7693037241697329 9.5489025115966815 4.7071308940649095 11.070820033550261 5.5687866955995551 6.3485563397407523 4.5495910495519638 5.1637116968631736 6.7719486057758314 4.8745010942220688 12.73772446811199 8.9017140716314298 7.8592604994773865
leaf_count=63 21 20 25 68 872 652 135 1149 1574 149 36 27 366 26 31 21 81 25 39 20 49 24 26 20 23 29 20 56 37 33
internal_value=-0.0016625 -0.00281263 -0.0269651 -0.0460977 -0.00194533 -0.000382608 -0.00284245 0.00253396 -0.00848063 0.00771243 -0.0103954 0.00358786 -0.0155052 0.0291812 0.0164839 -0.0201805 -0.0229173 0.0128693 -0.00278049 0.0235679 0.037645 0.0222414 -0.0141735 0.0195315 0.0335423 -0.0352262 -0.00600555 0.0517556 -0.0131073 0.0121987
internal_weight=1353.51 1254.63 43.1872 30.0596 1211.45 1086.68 833.951 426.459 407.491 252.73 13.3534 212.294 124.764 40.4363 13.1277 110.283 105.434 98.8744 39.9876 58.8867 42.9862 31.9154 15.9006 9.55202 18.7923 21.1954 11.6464 17.4449 14.4705 13.6286
internal_count=5717 5295 180 124 5115 4584 3510 1801 1709 1074 56 899 531 175 56 468 447 422 169 253 186 137 67 41 81 88 49 76 61 58
is_linear=0
shrinkage=0.05


Tree=15
num_leaves=31
num_cat=0
split_feature=10 28 53 14 4 20 54 19 21 9 24 15 28 53 0 19 19 49 49 21 49 15 58 15 21 11 50 14 24 9
split_gain=8.70145 13.7874 10.0571 9.5519 10.4566 12.1701 10.6017 10.0827 12.2405 9.35923 9.17719 9.05812 9.0515 10.4885 8.90601 13.266 9.60007 8.71164 14.9601 11.9188 11.2396 10.0385 7.70745 13.1342 9.15313 7.52629 7.51748 7.10196 5.99346 5.69101
threshold=6.9000000000000012 4.3000000000000016 3.3500000000000001 5.1635489510489521 16.283320393374748 40.100000000000009 0.90000000000000013 26.5896991177136 30.150000000000002 4.4472222222222237 21.700000000000006 31.700000000000006 5.1000000000000005 4.6500000000000012 18.100000000000005 37.330411255411263 31.923526765632033 20.750000000000004 16.750000000000004 35.250000000000007 14.350000000000003 22.100000000000005 9.0000000000000018 22.900000000000002 36.350000000000001 7.1500000000000012 4.9000000000000012 6.9802139592854191 23.100000000000005 5.28306595365419
decision_type=2 2 2 2 2 2 2 2 2 2 2 2 2 2 2 2 2 2 2 2 2 2 2 2 2 2 2 2 2 2
left_child=3 2 -2 4 7 6 9 22 -9 -6 17 -3 -13 27 29 16 -16 18 20 21 -5 -19 24 -24 -1 -20 -8 -14 -12 -4
right_child=1 11 14 10 5 -7 26 8 -10 -11 28 12 13 -15 15 -17 -18 19 25 -21 -22 -23 23 -25 -26 -27 -28 -29 -30 -31
leaf_value=-0.0058472611337453875 -0.039550528112007446 -0.039336987729228425 0.035707906284475635 -0.001759528153502418 0.03083956410064588 0.085271228530849882 0.042747326495714714 0.020432976701924448 -0.053547821444971458 -0.048086154495947414 -0.084296823764197004 0.062808139055008205 0.0252742590455622 0.059398183109628036 -0.0018491113612229305 0.040551514008226208 -0.070633977686204996 0.0023768438111296301 0.011155147066890353 0.029936882687568212 -0.042731860301139485 -0.077204025687299699 0.044888993705706613 -0.0034168428211018582 -0.041990792165594322 -0.032553287777591602 0.0036732218542358886 -0.013594845306135916 -0.011117789768058439 -0.013394045121069115
leaf_weight=504.5292646586895 18.086622461676598 5.3325862884521475 21.440622717142109 29.843915224075317 4.656430900096896 4.4567888975143424 12.703873157501219 7.294403329491618 22.143458038568497 17.011812344193459 7.4447034299373609 14.451393395662306 25.687537491321564 12.323813721537588 9.9706223458051735 7.209822639822959 10.572331592440603 5.2257665544748368 80.613263413310051 4.8542219102382651 38.823566272854805 14.806601762771605 19.848594158887863 47.188598185777664 18.10902988910675 11.080638349056242 343.82180346548557 21.335606902837753 4.7740909457206726 7.8916423618793479
leaf_count=2127 75 22 92 126 20 20 55 31 91 70 30 63 111 54 42 31 43 22 341 21 160 60 88 200 75 46 1456 90 20 33
internal_value=-0.00303084 0.00813041 -0.00714993 -0.00447166 -0.00248374 0.00400532 0.00301215 -0.00650247 -0.0350397 -0.0308318 -0.0145248 0.0227 0.0272976 0.0184753 0.00307954 -0.0170908 -0.0376618 -0.0117047 -0.00738222 -0.0392161 -0.0250258 -0.056287 -0.00506365 0.0108568 -0.00711697 0.00578908 0.00509114 0.00754082 -0.0564328 0.0223269
internal_weight=1353.53 154.303 75.1717 1199.23 1001.76 382.651 378.194 619.113 29.4379 21.6682 197.467 79.1309 73.7984 59.347 57.085 27.7528 20.543 185.248 160.361 24.8866 68.6675 20.0324 589.675 67.0372 522.638 91.6939 356.526 47.0231 12.2188 29.3323
internal_count=5715 656 316 5059 4233 1621 1601 2612 122 90 826 340 318 255 241 116 85 776 673 103 286 82 2490 288 2202 387 1511 201 50 125
is_linear=0
shrinkage=0.05


Tree=16
num_leaves=31
num_cat=0
split_feature=50 4 1 6 9 49 49 4 50 10 0 49 9 51 51 49 59 53 5 4 28 0 29 50 15 5 6 15 4 5
split_gain=8.01963 10.885 11.8054 11.304 9.47431 11.5879 11.4991 11.0292 10.7396 12.504 10.8778 9.60712 8.77255 8.75745 8.58956 9.18828 8.01905 7.99417 7.9722 7.74561 7.70469 13.1908 7.55882 6.94734 7.96721 7.28586 6.58318 6.47288 13.9471 16.1271
threshold=14.300000000000002 30.368195768050402 21.150000000000002 7.3166666666666673 7.2024590163934432 16.350000000000005 16.650000000000002 8.6993044990219541 12.900000000000002 9.9000000000000021 24.300000000000001 22.250000000000004 8.6320056899004296 9.5500000000000025 13.050000000000002 17.950000000000003 139.50000000000003 5.6500000000000012 6.9000000000000012 26.457090336134456 6.5000000000000009 26.900000000000002 5.7500000000000009 7.3000000000000016 39.70000000000001 10.300000000000002 4.2500000000000009 22.900000000000002 14.200671140939599 7.1000000000000005
decision_type=2 2 2 2 2 2 2 2 2 2 2 2 2 2 2 2 2 2 2 2 2 2 2 2 2 2 2 2 2 2
left_child=4 2 27 20 8 7 -7 -6 9 11 14 22 -5 18 15 -10 -15 -13 -9 -12 21 -4 -1 25 -25 -8 -11 -2 -29 -30
right_child=1 -3 3 12 5 6 23 13 10 26 19 17 -14 16 -16 -17 -18 -19 -20 -21 -22 -23 -24 24 -26 -27 -28 28 29 -31
leaf_value=-0.0068231956250404905 0.011222892767154468 -0.060098895284880806 0.044080703736947432 -0.057175703140829273 0.064947089907940403 0.070198460191991816 0.0062013449146351854 -0.048123453614534649 0.0027102994470671101 0.0035807512535573657 -0.085464366991432297 -0.065564893284291034 0.025636078739450726 -0.02250280774490767 0.027754023878328277 -0.034195374317957682 -0.09460491255184858 0.0094842577985453751 0.0011938516861829771 -0.0085476545742218992 0.080211584571768788 -0.039989588588641614 0.0084152389237291507 0.0077271236612066196 0.042382575217271783 -0.069065317586037858 0.071405436374766346 -0.04729318489409038 -0.013815032949107667 0.050186614487136294
leaf_weight=679.40238788723946 72.301424100995064 5.8582468330860129 25.290277078747753 5.8417543023824674 4.713150054216384 8.2213182896375638 7.4792040884494764 9.1862887740135175 25.722141787409782 6.7996286004781705 10.407989650964735 11.75671871006489 6.7502757757902145 15.495503187179567 10.047814860939978 47.514389231801033 5.2215671241283408 4.8753677904605857 68.291865721344948 5.0093322545289984 9.7390265315771085 5.5728601813316336 92.087484627962112 108.56673474609852 19.64323116838932 5.3843086957931519 7.8805831223726273 18.414661794900894 36.056376129388809 13.408579543232916
leaf_count=2860 307 24 109 24 21 36 32 38 109 29 42 48 29 65 43 197 21 21 291 21 43 23 393 462 85 22 35 76 151 58
internal_value=-0.0028809 0.00637003 0.00843955 0.0284733 -0.00448319 0.00406968 0.0129778 -0.00880538 -0.00688166 -0.00495855 -0.022452 -0.0058179 -0.0125362 -0.0124587 -0.0151895 -0.0211792 -0.0412829 -0.0433417 -0.00464356 -0.0610113 0.041314 0.0286588 -0.00499695 0.00956041 0.0131046 -0.0252072 0.0405652 0.000786881 -0.0102556 0.00349941
internal_weight=1352.94 199.233 193.375 53.1942 1153.71 252.203 149.295 102.908 901.504 802.802 98.7017 788.122 12.592 98.1952 83.2843 73.2365 20.7171 16.6321 77.4782 15.4173 40.6022 30.8631 771.49 141.073 128.21 12.8635 14.6802 140.181 67.8796 49.465
internal_count=5715 844 820 228 4871 1073 637 436 3798 3386 412 3322 53 415 349 306 86 69 329 63 175 132 3253 601 547 54 64 592 285 209
is_linear=0
shrinkage=0.05


Tree=17
num_leaves=22
num_cat=0
split_feature=55 58 50 19 16 21 0 50 21 55 29 14 10 10 24 0 24 15 48 11 9
split_gain=7.68589 8.35742 7.45338 8.72996 15.8675 10.2377 8.6088 8.27564 7.96482 8.04658 8.29065 15.4595 7.96457 11.0058 7.77405 6.34317 5.6865 4.91753 4.06965 2.81704 2.63
threshold=3.8500000000000001 7.0000000000000009 14.300000000000002 41.14556704388179 31.250000000000004 31.250000000000004 9.1000000000000014 16.100000000000005 39.250000000000007 1.1500000000000001 7.1500000000000012 6.1459093673965945 5.3000000000000016 4.1000000000000005 16.100000000000005 25.100000000000005 16.900000000000002 21.100000000000005 17.300000000000001 2.7500000000000004 4.9275095471903994
decision_type=2 2 2 2 2 2 2 2 2 2 2 2 2 2 2 2 2 2 2 2 2
left_child=2 17 8 4 5 6 -4 -5 9 19 15 -12 13 -6 -7 -11 -14 -2 -10 -1 -19
right_child=1 -3 3 7 12 14 -8 -9 18 10 11 -13 16 -15 -16 -17 -18 20 -20 -21 -22
leaf_value=0.010384625856127217 -0.013351339692909006 0.013537596737169861 -0.014276289119860812 -0.074111563653036325 0.045296792898479134 -0.026241974583315911 0.022108971792431816 0.0077952124147767539 0.074658067062032735 -0.0044806442527249085 0.00016782744804209719 0.058209358155370011 0.023694513789390671 -0.029122225084181826 0.025519477673269782 -0.018054491860939232 0.07236472215509758 -0.044449872974561315 0.0073549862856017029 0.056752121128478286 -0.096225990273889242
leaf_weight=6.9976908117532712 6.9270804524421754 7.7110767215490332 22.329987272620201 6.1420886963605863 10.611501753330232 40.581308156251907 57.931389108300209 5.8659742474555969 4.6630237549543363 948.64418460428715 57.909761026501656 14.261165246367453 10.51209279894829 9.1052965223789197 8.6500494927167875 94.951683506369591 15.671522617340086 6.5455641299486143 4.6410230249166489 6.7401112467050552 4.960859015583992
leaf_count=30 29 33 94 25 46 169 247 25 21 4003 246 63 45 38 37 398 69 27 20 30 20
internal_value=-0.00273739 -0.0295474 -0.00220291 0.00702555 0.00987733 0.0008761 0.0119186 -0.033953 -0.00372641 -0.00411162 -0.00458514 0.0117708 0.0351055 0.0107039 -0.0170127 -0.00572206 0.0531795 -0.0478162 0.042053 0.0337407 -0.0678401
internal_weight=1352.35 26.1446 1326.21 187.401 175.393 129.493 80.2614 12.0081 1138.81 1129.5 1115.77 72.1709 45.9004 19.7168 49.2314 1043.6 26.1836 18.4335 9.30405 13.7378 11.5064
internal_count=5715 109 5606 795 745 547 341 50 4811 4770 4710 309 198 84 206 4401 114 76 41 60 47
is_linear=0
shrinkage=0.05


Tree=18
num_leaves=31
num_cat=0
split_feature=10 28 51 11 48 49 48 51 49 0 52 20 20 52 53 49 56 11 6 50 50 28 48 52 20 0 51 51 53 6
split_gain=7.05185 11.6903 12.1889 7.83926 10.6895 9.24064 14.7514 10.6086 9.11365 9.0132 8.92106 7.35478 9.77936 11.9611 10.4544 9.62412 9.14011 8.00716 9.16513 7.25321 7.24046 7.23929 11.2303 8.37959 6.60164 7.52307 11.5963 10.0349 6.11279 11.3415
threshold=6.9000000000000012 4.3000000000000016 12.65 4.4500000000000011 7.7000000000000002 20.750000000000004 25.500000000000004 12.450000000000001 19.350000000000005 21.100000000000005 4.9000000000000012 34.100000000000009 31.300000000000001 3.9000000000000004 3.3500000000000001 20.550000000000004 8.5000000000000018 4.0500000000000007 5.6500000000000012 12.100000000000001 9.5000000000000018 0.50000000000000011 11.900000000000002 3.5000000000000004 37.70000000000001 18.100000000000005 11.450000000000001 10.250000000000002 4.6500000000000012 4.2500000000000009
decision_type=2 2 2 2 2 2 2 2 2 2 2 2 2 2 2 2 2 2 2 2 2 2 2 2 2 2 2 2 2 2
left_child=3 2 24 11 -5 7 19 8 -6 -8 -9 12 21 15 -15 -14 17 20 -19 -7 -13 22 -1 -23 25 26 -2 -27 -3 -30
right_child=1 28 -4 4 5 6 9 10 -10 -11 -12 16 13 14 -16 -17 -18 18 -20 -21 -22 23 -24 -25 -26 27 -28 -29 29 -31
leaf_value=0.043361368340239341 -0.019333655176072551 0.013385123269658262 0.039232264804728072 -0.062755128046419237 -0.004912633268870514 -0.024436996362429738 -0.020096277892231656 0.0076827192100545338 -0.033711325741674368 0.070573726582617846 0.078249622450515532 -0.0088502850646768987 0.0045471327392358615 -0.090630120365884054 -0.020912998902421487 -0.065302531245900672 -0.059368620053147282 -0.0050669550076537905 0.05264638413108657 -0.070341210726726874 0.013978443227673519 -0.0069705876162104432 -0.027847705213619008 0.0076348287655784502 0.037123319311587535 -0.0024431398245922456 0.055264125579078595 -0.065897801775397322 -0.0039225600834172378 0.078664073431409756
leaf_weight=6.2533443719148627 25.142196655273441 61.412506759166718 12.017322570085524 9.3028989136219007 251.89634381234646 20.398791685700417 5.7701818794012052 16.491501599550251 30.865721061825752 4.969123587012291 6.1658294200897208 58.126404196023941 81.644927382469177 5.6681125164031974 95.911369472742081 5.1473163813352576 4.8131251484155646 10.199345827102663 20.023006856441498 15.662393078207968 85.455038622021675 154.82238848507404 41.257778346538544 267.37206338346004 5.3042070865631095 10.690841630101206 6.4538030922412863 15.448139414191244 6.5493489354848888 10.734753698110579
leaf_count=27 105 264 52 38 1059 85 24 70 128 22 27 246 347 23 401 21 20 43 87 64 364 655 172 1136 23 45 28 63 28 48
internal_value=-0.00259954 0.00746688 -0.00659655 -0.00389594 -0.0100493 -0.00862566 -0.0293152 -0.00543041 -0.00808472 0.0216599 0.0273655 -0.00123029 -0.00367778 -0.0132997 -0.0249377 0.000276687 0.00775605 0.00967675 0.0330521 -0.0446522 0.00470211 0.000172356 -0.0182989 0.00226667 -0.0154605 -0.0204337 -0.00381227 -0.0402436 0.0209346 0.0472399
internal_weight=1351.97 153.753 75.0565 1198.22 361.523 352.22 46.8005 305.419 282.762 10.7393 22.6573 836.694 658.077 188.372 101.579 86.7922 178.617 173.804 30.2224 36.0612 143.581 469.706 47.5111 422.194 63.0392 57.735 31.596 26.139 78.6966 17.2841
internal_count=5715 656 316 5059 1517 1479 195 1284 1187 46 97 3542 2782 792 424 368 760 740 130 149 610 1990 199 1791 264 241 133 108 340 76
is_linear=0
shrinkage=0.05


Tree=19
num_leaves=21
num_cat=0
split_feature=55 5 55 50 51 16 0 14 56 20 56 10 20 20 25 21 55 15 48 11
split_gain=6.96576 7.31153 6.55719 7.12057 10.9868 8.4262 16.483 14.4635 13.9678 8.54543 7.80057 10.2554 7.61498 6.45079 11.0623 6.83229 4.53508 3.88824 3.09408 2.55925
threshold=3.8500000000000001 8.3000000000000025 1.1500000000000001 14.100000000000001 10.65 39.750000000000007 27.700000000000006 6.1459093673965945 2.5000000000000004 34.100000000000009 4.5000000000000009 1.5000000000000002 34.70000000000001 32.70000000000001 15.850000000000003 29.050000000000004 2.9500000000000006 21.100000000000005 24.100000000000005 2.7500000000000004
decision_type=2 2 2 2 2 2 2 2 2 2 2 2 2 2 2 2 2 2 2 2
left_child=2 17 19 5 13 6 9 8 -7 -4 11 -6 -8 15 -15 -5 -9 -2 -19 -1
right_child=1 -3 3 4 10 7 12 16 -10 -11 -12 -13 -14 14 -16 -17 -18 18 -20 -21
leaf_value=0.010065346759110432 -0.012545271921430769 0.015969109176905288 -0.0069667613260533659 -0.032203905915649381 -0.018067222467513685 0.014368937781277883 0.00076862183886556266 0.031468643756137483 -0.040982200272328198 0.0033025852128702772 -0.03339575758412091 0.018001415504898092 -0.060678288234129997 -0.096290558795791514 -0.0057226753071568806 0.045719480821528602 0.086550252251789694 -0.0813326818181037 -0.02776605078179591 0.054430133930698066
leaf_weight=6.9924051463603956 6.9245155900716844 6.7699239403009406 724.07508066296577 6.0090652257204074 22.561481609940529 34.843400523066521 6.6300149708986309 22.301156893372539 16.789727911353111 280.43417896330357 9.3645291328430158 146.07428295910358 19.001465678215027 6.2305850535631162 7.5124407261610031 5.0951886475086212 4.6650344133377066 7.3850461542606336 4.9934844374656677 6.6772958338260651
leaf_count=30 29 29 3052 25 95 149 28 97 70 1189 39 624 78 25 32 22 21 30 21 30
internal_value=-0.00247155 -0.0280298 -0.00196287 -0.00232661 0.00627495 -0.00390522 -0.00511292 0.011846 -0.00357757 -0.00409479 0.0106448 0.0131384 -0.0446485 -0.0247463 -0.047543 0.00319393 0.0414668 -0.0437214 -0.0605203 0.0323374
internal_weight=1351.33 26.073 1325.26 1311.59 202.848 1108.74 1030.14 78.5993 51.6331 1004.51 178 168.636 25.6315 24.8473 13.743 11.1043 26.9662 19.303 12.3785 13.6697
internal_count=5715 109 5606 5546 862 4684 4347 337 219 4241 758 719 106 104 57 47 118 80 51 60
is_linear=0
shrinkage=0.05


Tree=20
num_leaves=30
num_cat=0
split_feature=55 50 5 9 59 10 57 56 54 14 50 0 4 20 14 58 54 5 50 21 48 53 59 54 15 9 0 50 6
split_gain=10.2141 9.69365 12.813 10.6828 10.539 10.1069 11.3599 9.72974 9.41956 9.23922 11.9524 10.0229 8.99701 12.6053 10.0685 8.76992 8.36261 9.99118 13.7558 11.6965 9.54813 11.5104 7.48318 7.39497 5.51715 4.45007 3.92899 2.53174 1.49368
threshold=3.8500000000000001 6.7000000000000002 5.7000000000000002 5.609777373231692 46.500000000000007 4.7000000000000002 1.0000000180025095e-35 1.5000000000000002 1.7000000000000004 4.3384210526315803 17.100000000000005 27.100000000000005 28.278360819590208 34.500000000000007 4.8930047694753585 7.0000000000000009 2.7000000000000006 3.5000000000000004 16.500000000000004 34.650000000000013 22.300000000000001 4.1500000000000012 104.50000000000001 0.90000000000000013 20.900000000000002 8.0236118797269906 18.700000000000006 14.300000000000002 6.8500000000000005
decision_type=2 2 2 2 2 2 2 2 2 2 2 2 2 2 2 2 2 2 2 2 2 2 2 2 2 2 2 2 2
left_child=1 3 16 4 -1 6 23 -6 -9 10 11 -4 14 -14 -11 24 20 19 -19 -18 21 -3 -8 -5 -2 28 -22 -26 -7
right_child=15 2 9 5 7 25 22 8 -10 12 -12 -13 13 -15 -16 -17 17 18 -20 -21 26 -23 -24 -25 27 -27 -28 -29 -30
leaf_value=-0.065256985690042943 -0.010309857735046633 0.0074133003980284429 0.0022113710638500682 -0.025074257014793475 -0.047060072449038523 -0.049959061278878038 -0.011463536912761176 0.018726277955949191 -0.015846975661190622 0.048515424915130001 -0.058703091827892885 0.058728848126111378 0.037137059391404513 -0.027516631394178332 0.014622484860891433 0.012482458987082341 -0.0048272441505229661 -0.02186353439476231 0.024319549291002721 0.043125714869870692 0.054765883896048743 -0.010437928524538877 -0.064298887582876607 0.029238708810877902 -0.090060467012337053 -0.026418085721361634 0.0064912090149821539 -0.039701974353123726 -0.091037732456712178
leaf_weight=6.0470367074012747 5.7215397804975572 193.32461948692799 305.39707745611668 10.009100496768953 8.964332312345503 4.869328513741495 14.008873894810678 59.570358633995056 29.185552537441254 31.233970060944557 7.7648297846317282 7.9638783484697333 11.387759655714033 21.732782900333405 75.805767029523849 7.2115962505340567 89.94778123497963 166.80929160118103 17.665071189403534 14.696477204561232 11.026253253221514 169.17562857270241 13.349732160568236 16.211341023445129 7.3831340670585615 8.1131112426519376 7.2428153902292243 4.8254927545785904 7.4307968765497208
leaf_count=25 24 821 1300 42 37 20 59 255 123 135 32 35 49 91 323 31 378 697 76 64 48 711 55 70 30 34 31 20 30
internal_value=-0.00189469 -0.00128309 0.000418729 -0.0121349 -0.0017271 -0.0266414 -0.0150542 0.00221578 0.00729627 0.00683469 0.00214011 0.00368196 0.0175457 -0.00509152 0.0245951 -0.0334065 -0.00399221 -0.0104031 -0.0174032 0.00189439 0.000863894 -0.0009045 -0.0375671 0.00829942 -0.0521074 -0.056589 0.036039 -0.0710466 -0.0757129
internal_weight=1334.08 1308.93 1131.17 177.76 103.767 73.9923 53.579 97.7202 88.7559 461.286 321.126 313.361 140.16 33.1205 107.04 25.1418 669.888 289.119 184.474 104.644 380.769 362.5 27.3586 26.2204 17.9302 20.4132 18.2691 12.2086 12.3001
internal_count=5646 5541 4791 750 440 310 226 415 378 1965 1367 1335 598 140 458 105 2826 1215 773 442 1611 1532 114 112 74 84 79 50 50
is_linear=0
shrinkage=0.05


Tree=21
num_leaves=25
num_cat=0
split_feature=55 52 50 58 9 11 16 29 29 9 4 25 54 55 55 28 16 28 58 20 9 9 55 52
split_gain=9.278 9.11281 8.79248 10.9585 11.9033 10.0996 9.90092 9.74625 11.6814 16.1152 11.5513 10.4803 9.38653 17.5355 8.13618 7.71322 7.42803 10.7109 7.00695 6.53373 5.9053 4.69876 4.05492 1.68352
threshold=3.8500000000000001 4.5000000000000009 6.7000000000000002 4.0000000000000009 3.4327138186198591 6.6500000000000012 11.350000000000003 0.55000000000000016 2.2500000000000004 4.1622256684994605 11.164319248826294 15.15 2.7000000000000006 2.8500000000000001 1.1500000000000001 1.0000000180025095e-35 18.550000000000004 1.9000000000000001 7.0000000000000009 20.900000000000002 3.5590306245478662 7.2024590163934432 2.0500000000000003 3.3000000000000003
decision_type=2 2 2 2 2 2 2 2 2 2 2 2 2 2 2 2 2 2 2 2 2 2 2 2
left_child=2 23 7 4 5 15 -5 -1 16 11 -11 -10 13 -6 -8 -4 17 -9 -3 -16 -14 -18 -7 -2
right_child=1 18 3 6 12 22 14 8 9 10 -12 -13 20 -15 19 -17 21 -19 -20 -21 -22 -23 -24 -25
leaf_value=0.044146500772419231 -0.090373428760732968 -0.032886206563940111 -0.051686937727706807 -0.061755487119803124 -0.014955989490040879 -0.0019322504499157034 0.061538111364062099 -0.029888331115163581 0.0033922391927359652 0.034379301208216931 -0.021756857354742538 0.067531649397544705 0.0084864762082675644 0.038605900304191344 0.044398836142937492 0.00058680315279498033 -0.059158776652053213 0.053817546549512096 0.037536550800326973 0.0032447534975755879 -0.034263555659366403 -0.010484509205929918 0.046086814502358027 -0.044963746123860782
leaf_weight=7.3830249011516562 4.9405071437358874 9.3871667236089689 7.3211048543453208 5.6149079054594031 94.461109817028046 5.6581704169511822 6.0603781491518012 16.489487111568454 16.543309554457668 10.189405888319014 80.353821635246277 10.451625049114226 8.9452823102474195 18.096904784440994 9.6936333477497083 140.71725277602673 24.692287310957912 4.8427919447422019 5.4957333654165259 750.83218640089035 66.599051520228386 6.5864698141813269 16.868144795298576 5.2298541516065598
leaf_count=32 20 39 30 23 396 24 27 69 70 44 338 46 38 78 42 594 102 21 24 3189 276 28 74 22
internal_value=-0.00180259 -0.0318897 -0.00122027 0.00039983 -0.0068161 0.00272429 0.00375836 -0.0115627 -0.0140339 -0.00520794 -0.0153534 0.0285672 -0.0154904 -0.00627338 0.00425274 -0.00199774 -0.0336098 -0.0104899 -0.00647087 0.00378164 -0.0291309 -0.0491347 0.0338491 -0.0681746
internal_weight=1333.45 25.0533 1308.4 1130.87 358.667 170.565 772.201 177.532 170.149 117.538 90.5432 26.9949 188.102 112.558 766.586 148.038 52.611 21.3323 14.8829 760.526 75.5443 31.2788 22.5263 10.1704
internal_count=5646 105 5541 4791 1510 722 3281 750 718 498 382 116 788 474 3258 624 220 90 63 3231 314 130 98 42
is_linear=0
shrinkage=0.05


Tree=22
num_leaves=27
num_cat=0
split_feature=55 51 9 52 1 58 50 14 49 54 58 9 54 50 0 48 53 52 52 58 49 25 48 49 25 52
split_gain=8.43654 8.66722 9.06624 8.34094 8.11397 7.29202 13.3655 9.88698 9.68427 11.1976 11.3605 10.8771 10.0849 9.54093 7.76041 6.8214 6.73792 6.70952 6.40304 6.3497 6.20455 7.76583 6.44342 5.04087 3.46508 1.53916
threshold=3.8500000000000001 12.750000000000002 10.668997668997671 4.5000000000000009 23.750000000000004 6.0000000000000009 6.5000000000000009 7.660765550239236 14.350000000000003 1.3 3.0000000000000004 2.8120941558441563 0.70000000000000007 4.9000000000000012 27.100000000000005 17.300000000000001 4.6500000000000012 3.7000000000000006 2.5000000000000004 7.0000000000000009 20.050000000000004 18.450000000000003 18.100000000000005 17.150000000000002 18.050000000000004 3.3000000000000003
decision_type=2 2 2 2 2 2 2 2 2 2 2 2 2 2 2 2 2 2 2 2 2 2 2 2 2 2
left_child=1 5 4 25 20 8 18 14 9 11 -11 -1 17 -14 -8 -6 -17 -10 24 -5 22 -22 -3 -20 -7 -2
right_child=3 2 -4 19 15 6 7 -9 12 10 -12 -13 13 -15 -16 16 -18 -19 23 -21 21 -23 -24 -25 -26 -27
leaf_value=0.086594695883970535 -0.086730964541308936 0.066452811515339702 -0.057376598452635763 -0.031307568180114619 -0.018023084812542389 -0.049211622426862681 0.0029353874942978074 0.06350982558592809 -0.083264654590964951 -0.036927965461074741 0.0035160845916469294 0.01561405818868352 0.04045932103337288 -0.0086809886819518151 0.033061628397947233 0.070281683173738937 0.015759316363194217 -0.01364870453179678 0.0071973025953545938 0.035811763147268222 -0.0013825214103168476 0.05702693294826864 0.0085225381107634814 -0.038453417790071692 -0.00099257741859802464 -0.043010592204795521
leaf_weight=6.1237109601497641 4.8958745151758212 7.9844160377979305 4.8019216060638419 9.3728721141815168 4.7297562062740353 19.149911463260654 324.2440005838871 7.2784976065158835 7.3732138276100141 20.952844426035881 98.285440444946289 44.233874142169952 9.9315299838781339 538.09042765200138 22.85006420314312 13.302848979830744 10.425787582993506 6.9042307883501053 22.295215010643009 5.4776747077703467 107.44413736462593 5.903180092573165 12.488282218575476 8.1411965042352659 4.8896317780017844 5.1992985606193542
leaf_count=27 20 35 20 39 20 80 1380 32 30 87 419 189 43 2263 99 59 45 29 95 24 455 26 53 34 21 22
internal_value=-0.001713 -0.00115844 0.00946719 -0.0304663 0.0115101 -0.00271982 0.00262004 0.00617664 -0.00570952 0.00474181 -0.00357393 0.0244992 -0.00887094 -0.0077741 0.00494203 0.0357445 0.0467024 -0.0502769 -0.0203934 -0.006142 0.00629613 0.00166298 0.0315718 -0.00493565 -0.0396558 -0.0653469
internal_weight=1332.77 1307.82 167.08 24.9457 162.278 1140.74 408.849 354.373 731.895 169.596 119.238 50.3576 562.299 548.022 347.094 28.4584 23.7286 14.2774 54.476 14.8505 133.82 113.347 20.4727 30.4364 24.0395 10.0952
internal_count=5646 5541 713 105 693 4828 1741 1511 3087 722 506 216 2365 2306 1479 124 104 59 230 63 569 481 88 129 101 42
is_linear=0
shrinkage=0.05


Tree=23
num_leaves=31
num_cat=0
split_feature=50 5 29 29 9 4 49 25 48 21 5 20 5 16 21 9 9 49 10 49 10 9 59 9 4 15 10 51 15 51
split_gain=7.77841 11.2192 8.85966 10.2933 13.3467 10.6988 10.879 10.4821 10.0534 8.13517 12.5803 11.355 12.8063 11.0601 10.7992 8.49305 7.94317 7.45786 7.08203 6.87453 6.85825 8.62598 11.9508 9.2918 6.83481 14.6129 12.7294 12.8856 10.6341 10.679
threshold=6.7000000000000002 5.7000000000000002 0.55000000000000016 2.2500000000000004 4.1622256684994605 11.164319248826294 18.750000000000004 15.15 9.5000000000000018 27.150000000000002 3.5000000000000004 30.100000000000005 3.1000000000000005 15.850000000000003 29.650000000000002 2.734816818293583 3.3900772743238501 14.65 5.5000000000000009 16.350000000000005 4.3000000000000016 4.9875188536953248 62.500000000000007 7.2024590163934432 14.483423180592995 22.100000000000005 1.5000000000000002 10.450000000000001 29.700000000000006 9.4500000000000011
decision_type=2 2 2 2 2 2 2 2 2 2 2 2 2 2 2 2 2 2 2 2 2 2 2 2 2 2 2 2 2 2
left_child=2 9 -1 20 7 17 -7 8 -5 15 11 18 -13 16 -15 19 -12 -6 -11 -2 21 22 -4 -23 25 26 27 -3 29 -27
right_child=1 24 3 4 5 6 -8 -9 -10 10 13 12 -14 14 -16 -17 -18 -19 -20 -21 -22 23 -24 -25 -26 28 -28 -29 -30 -31
leaf_value=0.041826607303637631 -0.024796885641121078 0.026104823601191526 -0.070191825334033661 0.040892400402218088 0.072726644519137004 -0.015190447030426234 -0.082019241875992951 0.064397712977727881 -0.035633072271831212 0.01803730300733223 -0.0051300205976894143 -0.013032857432503661 0.02113433431434663 0.015283487096168783 -0.0088531340589300695 -0.022546405839414588 -0.082136449976589726 -0.011750664051340341 0.062748006015536303 0.033335673418906427 -0.068832004658240339 -0.081221524905908032 0.012063737882318197 -0.0020555179846129903 0.010783841961019183 0.011083103742267605 0.034109570834619719 -0.039235132335919465 0.018506088119964893 -0.028609694065750708
leaf_weight=7.3686210960149756 7.855803236365321 14.090417340397837 5.4814383536577251 8.0885801911354118 5.4447679668664914 74.306045413017273 6.5992211401462546 10.374058812856672 8.9137742817401868 57.81393213570118 5.9098624736070624 74.632241174578667 43.213740691542625 54.240890324115753 310.83759996294975 96.183761417865753 8.1401774734258634 4.7303305119276047 10.574841618537901 13.758422181010245 10.262084767222403 9.9667882919311541 20.879683062434196 6.0837804824113837 280.19664230942726 21.686955511569977 41.785734295845032 15.930715247988699 22.448845788836479 74.165975153446198
leaf_count=32 33 61 23 35 24 314 27 46 37 246 25 314 185 231 1310 402 33 20 46 59 42 41 89 26 1197 93 181 67 96 311
internal_value=-0.00162774 -0.000119894 -0.011338 -0.0136794 -0.00544099 -0.0146768 -0.0207977 0.0250458 0.000506493 -0.00421535 -0.0017137 0.00891336 -0.00045417 -0.00694806 -0.00525018 -0.0161678 -0.0503638 0.033235 0.0251054 0.0119599 -0.0320665 -0.022912 -0.00505186 -0.0517227 0.00581813 -0.00147624 0.0162735 -0.00841698 -0.0122968 -0.0195748
internal_weight=1331.97 1153.47 178.499 171.131 118.457 91.0804 80.9053 27.3764 17.0024 683.161 565.363 186.235 117.846 379.129 365.078 117.798 14.05 10.1751 68.3888 21.6142 52.6738 42.4117 26.3611 16.0506 470.305 190.109 71.8069 30.0211 118.302 95.8529
internal_count=5646 4890 756 724 503 385 341 118 72 2884 2390 791 499 1599 1541 494 58 44 292 92 221 179 112 67 2006 809 309 128 500 404
is_linear=0
shrinkage=0.05


Tree=24
num_leaves=28
num_cat=0
split_feature=55 51 9 21 49 11 52 15 15 11 58 5 59 48 52 19 56 9 58 20 5 49 21 58 24 51 52
split_gain=7.74698 7.80381 8.16907 7.95205 9.94192 15.762 7.56208 7.12711 12.4207 6.98989 6.59686 15.3266 12.6725 11.2839 11.0348 9.26965 8.31369 7.64783 9.4981 8.82221 7.49124 5.95296 9.10125 5.68297 3.80941 2.17632 1.45935
threshold=3.8500000000000001 12.750000000000002 10.668997668997671 27.250000000000004 20.050000000000004 5.8500000000000005 4.5000000000000009 13.900000000000002 22.900000000000002 6.8500000000000005 4.0000000000000009 3.9000000000000004 99.500000000000014 8.1000000000000014 3.1000000000000005 26.738578097497516 9.5000000000000018 3.5590306245478662 3.0000000000000004 34.100000000000009 3.3000000000000003 13.250000000000002 34.550000000000004 7.0000000000000009 15.500000000000002 9.7500000000000018 3.3000000000000003
decision_type=2 2 2 2 2 2 2 2 2 2 2 2 2 2 2 2 2 2 2 2 2 2 2 2 2 2 2
left_child=1 10 3 7 5 -5 26 -3 -9 -6 11 17 15 21 -14 -13 20 18 -1 -19 -15 22 -12 -8 -18 -23 -2
right_child=6 2 -4 4 9 -7 23 8 -10 -11 13 12 14 16 -16 -17 24 19 -20 -21 -22 25 -24 -25 -26 -27 -28
leaf_value=-0.0059962948749484046 -0.083570465946329428 -0.058193126847131738 -0.054546610370221016 0.07665451773530102 0.0056699248680694382 -0.020778779867484734 -0.029844665148373667 0.024819580355135287 -0.059026660953020241 0.043749629810305904 -0.033049426748136539 -0.027699702952834106 0.024775647255012787 0.032090310403895449 -0.022932512543437474 -0.079333611394016137 -0.0062040831179871921 -0.020768797784069225 0.018716448219558066 0.014828091980746645 0.0010966280674478497 -0.075329916024280533 0.043891021919740716 0.033776420132387991 -0.065522590729305094 -0.029117227610416369 -0.040807334826307662
leaf_weight=84.670904204249382 4.8353949934244174 6.5753035098314312 4.774599850177764 14.254163980484011 100.28155492246151 5.6875323951244345 9.3478998839855176 15.416934609413149 6.0721434950828543 13.696385875344275 13.739454805850988 23.618504643440247 16.069148153066635 19.959018126130104 47.63515716791153 14.283534795045851 4.9411573708057386 75.195979759097099 71.442836344242096 22.392728641629219 721.71574164927006 7.0293557047843915 5.1880907863378516 5.4488867074251166 6.5498145818710327 4.968278095126152 5.1553503423929214
leaf_count=357 20 27 20 63 427 24 39 66 25 61 58 99 69 86 199 58 21 314 305 96 3066 29 23 24 27 21 22
internal_value=-0.0015481 -0.00101751 0.00907504 0.0110137 0.0161006 0.0486513 -0.0291896 -0.0130539 0.00073198 0.010324 -0.00249968 -0.00815046 -0.0245528 5.52931e-05 -0.0108 -0.0474473 0.0012788 -0.00155462 0.00528581 -0.0125427 0.00194165 -0.0294894 -0.0115772 -0.00601122 -0.0407204 -0.0570052 -0.0626227
internal_weight=1330.95 1306.16 166.759 161.984 133.92 19.9417 24.7875 28.0644 21.4891 113.978 1139.4 355.309 101.606 784.091 63.7043 37.902 753.166 253.702 156.114 97.5887 741.675 30.9252 18.9275 14.7968 11.491 11.9976 9.99075
internal_count=5646 5541 713 693 575 87 105 118 91 488 4828 1497 425 3331 268 157 3200 1072 662 410 3152 131 81 63 48 50 42
is_linear=0
shrinkage=0.05


Tree=25
num_leaves=26
num_cat=0
split_feature=14 11 6 53 55 52 24 9 24 54 11 29 29 55 20 14 25 56 52 52 25 55 21 54 53
split_gain=9.34754 9.46183 8.2059 13.091 9.12935 11.3687 8.86276 7.17074 8.32798 9.37562 9.22522 7.58956 10.2499 10.1012 5.85528 10.3726 8.99467 8.46154 5.80817 5.38865 4.86112 4.82278 3.99928 3.06353 2.73632
threshold=1.286796536796537 0.65000000000000002 12.450000000000001 3.9500000000000006 1.2500000000000002 4.7000000000000002 16.300000000000001 9.8237967914438524 18.500000000000004 2.1000000000000005 1.5357142857142858 5.7500000000000009 5.4500000000000011 2.0500000000000003 33.500000000000007 1.1978594322344325 9.2500000000000018 4.5000000000000009 2.1000000000000005 2.7000000000000006 14.15 1.9500000000000002 33.650000000000013 2.1000000000000005 3.6500000000000008
decision_type=2 2 2 2 2 2 2 2 2 2 2 2 2 2 2 2 2 2 2 2 2 2 2 2 2
left_child=1 23 4 21 5 22 -5 11 10 -10 -9 12 -6 -13 16 -16 17 18 -3 -18 -21 -4 24 -1 -2
right_child=2 14 3 6 7 -7 -8 8 9 -11 -12 13 -14 -15 15 -17 19 -19 -20 20 -22 -23 -24 -25 -26
leaf_value=0.00176017998288435 0.072491604746156735 -0.060062977833515968 -0.047991286962276752 0.085762067563803696 -0.0013807835404291468 -0.03019219817818955 0.010173905868225318 0.029028342052203355 -0.026479180562696738 0.046876553367487105 -0.038188504847510962 -0.01304267688339361 -0.03139212895254008 0.016864270060484767 0.05491764264733049 -0.035516226338835617 -0.010390132035046254 0.050172896977208829 -0.012613576198001436 -0.072208653775567233 -0.012475697927446804 0.013625283970184874 0.0042108291662259949 0.058375628513078252 0.023886719619457028
leaf_weight=4.7628715634345991 10.877548769116407 7.2221818417310706 5.3030237555503863 9.6874207556247729 928.15729759633541 6.193942502140998 6.7423828393220893 5.707879811525344 8.2855398952960986 8.8836258202791196 39.108168214559555 36.938238427042961 29.277869299054146 116.96628947556019 6.7968887090682966 5.7205821424722672 8.015081852674486 4.782190114259719 61.30007740855217 16.466604501008991 4.6149722039699546 7.4426905959844589 4.5897434353828421 5.1244351863861084 4.5902496427297583
leaf_count=21 49 31 22 43 3921 26 29 25 35 39 163 157 122 505 30 24 35 21 261 70 20 32 20 23 20
internal_value=-0.00160347 -0.0146361 -0.000274577 0.0258741 -0.000916823 0.0281781 0.0552943 -0.00157439 -0.0181143 0.0112385 -0.0294707 -0.000645826 -0.00230692 0.0096501 -0.0187071 0.0132384 -0.02267 -0.0132051 -0.0177678 -0.0462173 -0.0594892 -0.0117959 0.0465117 0.0318944 0.0586348
internal_weight=1353.56 124.806 1228.75 29.1755 1199.58 26.2515 16.4298 1173.32 61.9852 17.1692 44.816 1111.34 957.435 153.905 114.919 12.5175 102.401 73.3044 68.5223 29.0967 21.0816 12.7457 20.0575 9.88731 15.4678
internal_count=5744 536 5208 126 5082 115 72 4967 262 74 188 4705 4043 662 492 54 438 313 292 125 90 54 89 44 69
is_linear=0
shrinkage=0.05


Tree=26
num_leaves=25
num_cat=0
split_feature=4 4 4 21 11 11 28 29 15 6 59 28 55 21 53 21 29 55 25 29 1 29 4 48
split_gain=8.74629 11.7689 10.6297 10.7514 9.38943 11.7119 9.57285 9.42388 8.51576 12.8346 12.5794 14.2776 11.2316 9.5187 8.06103 7.24407 7.09125 6.57855 6.21786 10.4674 9.61918 4.63117 2.63997 0.0793709
threshold=16.283320393374748 15.226305287662123 15.051064754454588 30.650000000000002 5.9500000000000011 4.1500000000000012 1.3 4.1500000000000012 23.300000000000001 8.2500000000000018 89.500000000000014 3.3000000000000003 3.3500000000000001 29.950000000000003 6.5000000000000009 38.850000000000001 2.7888888888888892 1.2500000000000002 17.350000000000005 5.7500000000000009 24.750000000000004 4.6500000000000012 15.590694486749927 17.300000000000001
decision_type=2 2 2 2 2 2 2 2 2 2 2 2 2 2 2 2 2 2 2 2 2 2 2 2
left_child=1 2 8 -4 5 6 -3 -8 9 12 13 -12 -1 -10 15 17 -11 21 20 -20 -19 -2 -7 -24
right_child=14 4 3 -5 -6 22 7 -9 10 16 11 -13 -14 -15 -16 -17 -18 18 19 -21 -22 -23 23 -25
leaf_value=-0.0003295929912440818 0.074809135557156611 0.045875493833361293 0.076524579375613813 -0.0071501631300890552 0.030537421864926109 -0.095036736391268264 -0.03724719400325259 0.016878849131058939 -0.016048544053465695 0.053874456187032349 -0.031105385760996973 0.00081816017575885415 -0.032783168072496136 0.033622933665702591 0.067108667700567018 0.048098003800117167 0.0064858770998155683 0.0033007071288553656 -0.014312108390162307 0.0055059779340757686 0.041413835729586977 0.0074452654135150013 -0.038916791594867287 -0.058295075884015793
leaf_weight=361.87846232950687 5.0374336093664152 5.0952792465686789 8.1989602297544462 6.9276105016469947 6.9347493499517432 5.9754894971847525 36.627469331026077 10.090403363108633 16.70928131043911 15.825802788138388 96.301974698901176 54.531616002321243 28.710513144731522 22.291034027934074 4.7192732840776435 8.3759458065032941 16.251570388674736 343.06238915026188 140.32134391367435 126.2547946870327 17.33528333902359 5.4826023429632187 4.8335108011960966 4.892060175538063
leaf_count=1534 23 22 36 29 30 24 152 43 71 71 403 232 120 96 21 38 70 1457 590 542 76 24 20 20
internal_value=-0.00152377 -0.00539609 -0.00315546 0.0380799 -0.0241886 -0.0299206 -0.0182547 -0.0254389 -0.00418804 -0.000224136 -0.0129826 -0.0195379 -0.00273569 0.0122272 0.00264751 0.00215844 0.0301158 0.00153956 0.000870267 -0.00490865 0.00515881 0.0405734 -0.0677425 -0.0496672
internal_weight=1352.66 702.076 627.627 15.1266 74.449 67.5142 51.8132 46.7179 612.5 422.666 189.834 150.834 390.589 39.0003 650.589 645.87 32.0774 637.494 626.974 266.576 360.398 10.52 15.7011 9.72557
internal_count=5744 2973 2662 65 311 281 217 195 2597 1795 802 635 1654 167 2771 2750 141 2712 2665 1132 1533 47 64 40
is_linear=0
shrinkage=0.05


Tree=27
num_leaves=31
num_cat=0
split_feature=4 4 4 11 11 11 28 29 19 25 15 49 25 29 50 24 19 10 1 59 0 25 54 4 57 59 0 50 28 28
split_gain=7.90839 10.6511 9.62022 8.99366 8.50223 10.6716 8.66487 8.52052 7.86781 7.2578 7.29047 6.6029 6.59699 8.97736 12.5255 12.3991 11.0181 12.5952 10.9613 8.7448 15.2911 9.72689 9.52842 10.2298 6.84575 6.70448 4.28669 8.04547 5.19207 2.51396
threshold=16.283320393374748 15.226305287662123 15.051064754454588 3.0500000000000003 5.9500000000000011 4.1500000000000012 1.3 4.1500000000000012 24.487041260626167 16.750000000000004 24.300000000000001 23.950000000000003 17.350000000000005 5.7500000000000009 14.300000000000002 20.500000000000004 31.1698634117989 7.5000000000000009 20.650000000000002 83.500000000000014 16.100000000000005 16.950000000000003 3.5000000000000004 23.544835089326618 1.0000000180025095e-35 140.50000000000003 11.300000000000002 9.9000000000000021 1.9000000000000001 3.7000000000000006
decision_type=2 2 2 2 2 2 2 2 2 2 2 2 2 2 2 2 2 2 2 2 2 2 2 2 2 2 2 2 2 2
left_child=1 2 8 -4 5 6 -3 -8 9 10 -1 12 19 14 18 -16 -15 -18 -14 20 24 -22 23 -21 -2 -24 27 -10 -28 -7
right_child=11 4 3 -5 -6 29 7 -9 26 -11 -12 -13 13 16 15 -17 17 -19 -20 22 21 -23 25 -25 -26 -27 28 -29 -30 -31
leaf_value=4.4577595885734069e-06 -0.013875665573420223 0.04372171480083617 0.077312409283788824 0 0.029079416065521554 -0.0816186873493773 -0.035415289731687852 0.016054470355028893 -0.042967701697843204 0.056505984425085268 -0.013374665675368713 0.057687694763654221 -0.077298342553462129 0.05778659950355966 0.048159141473761408 -0.03755573873772694 -0.0060973500816505705 0.035480954960299911 -0.014562680046355754 0.019824221564781155 -0.003315356516668064 0.048459484798433677 0.0039910182337437247 -0.0085147846624548107 -0.071185156322269141 -0.035313141280662007 -0.083587024046509598 0.043118255989165889 -0.025977803590938181 -0.037747573184730522
leaf_weight=438.66886615753174 10.405471190810204 5.0841590017080298 7.0061052888631812 8.0810827612876874 6.9236193448305121 9.3609995692968351 36.601713120937347 10.083419904112814 5.3248739838600141 5.0482242852449408 132.20738010108471 5.2858508229255667 7.3661839514970771 9.3254983276128751 14.674964025616648 5.7571999281644812 97.888113275170326 22.259145528078079 116.77164721488953 191.37621809542179 61.98321633040905 10.503155797719954 31.502959549427032 37.867490664124489 11.016724109649658 16.295045047998428 4.9583333283662823 5.3314918726682663 20.630294129252434 6.2906830161809912
leaf_count=1864 44 22 31 34 30 38 152 43 22 22 559 24 30 41 64 24 417 99 491 820 263 46 134 161 45 68 20 23 87 26
internal_value=-0.00144635 -0.00513007 -0.0029982 0.0362805 -0.0230216 -0.0284812 -0.0173446 -0.024181 -0.00398018 -0.00254626 -0.00308701 0.00252059 0.00205186 -0.00381913 -0.0123903 0.0236983 0.00571512 0.0015872 -0.0183848 0.00640244 -0.00674535 0.00417427 0.010878 0.0151196 -0.0437742 -0.00934971 -0.0265576 0 -0.0376174 -0.0646551
internal_weight=1351.88 701.601 627.257 15.0872 74.3446 67.421 51.7693 46.6851 612.169 575.924 570.876 650.279 644.993 274.043 144.57 20.4322 129.473 120.147 124.138 370.95 93.9086 72.4864 277.042 229.244 21.4222 47.798 36.245 10.6564 25.5886 15.6517
internal_count=5744 2973 2662 65 311 281 217 195 2597 2445 2423 2771 2747 1166 609 88 557 516 521 1581 398 309 1183 981 89 202 152 45 107 64
is_linear=0
shrinkage=0.05


Tree=28
num_leaves=26
num_cat=0
split_feature=14 11 6 53 24 55 53 24 0 1 58 0 55 9 9 24 16 5 0 55 19 5 48 54 24
split_gain=8.44285 8.42569 7.18789 11.8203 8.23838 8.03648 7.60193 7.1223 6.79491 9.13952 6.78229 10.0406 6.67267 6.59299 11.4684 9.00024 8.09197 7.61394 7.21557 4.4901 4.3149 9.80683 2.84041 2.77461 1.96792
threshold=1.286796536796537 0.65000000000000002 12.450000000000001 3.9500000000000006 16.300000000000001 1.2500000000000002 3.4500000000000006 10.300000000000002 19.300000000000001 14.750000000000002 9.0000000000000018 12.500000000000002 3.3500000000000001 9.6320761342885248 9.2962575987841962 18.500000000000004 27.225000000000005 10.500000000000002 33.300000000000004 1.9500000000000002 21.716063348416291 6.7000000000000002 18.300000000000001 2.1000000000000005 10.100000000000001
decision_type=2 2 2 2 2 2 2 2 2 2 2 2 2 2 2 2 2 2 2 2 2 2 2 2 2
left_child=1 23 5 19 -5 6 24 -8 9 10 12 -12 -3 14 18 16 -15 -17 -7 -4 21 -11 -16 -1 -2
right_child=2 8 3 4 -6 13 7 -9 -10 20 11 -13 -14 15 22 17 -18 -19 -20 -21 -22 -23 -24 -25 -26
leaf_value=0.0014205161227494078 0.08253051641573067 -0.016181641190080871 -0.046245475608825609 0.082162954332899163 0.0090282526510064853 -0.00050713544488714853 -0.040852887515720936 0.030933211163747077 0.034722517901171666 -0.078055870845226305 0.040226981163969409 -0.029921490996385431 -0.071461120720718654 0.0019723595968766639 0.075683232453092608 0.053654314682238149 -0.039974965556855063 -0.01209522650030808 -0.043408209567587001 0.013228879071302047 -0.074468746481497858 0.021546202461543068 0.023346868228892068 0.055472749947572467 0.037682724021315381
leaf_weight=4.7418581843376142 4.5984050333499926 62.051528692245483 5.3019235432147997 9.5760433375835436 6.717031016945838 1080.4242923855782 5.7114370167255393 8.4034491479396802 5.7196388542652121 4.6318605095148104 12.271873727440836 8.5210227668285352 5.9856370836496344 16.561675190925598 5.4569209367036802 7.2102176249027279 35.858159482479095 10.795798256993292 9.7958237677812559 7.426238551735878 10.038691341876982 4.9882075488567352 5.7942343801259995 5.0970634520053864 7.3104205876588821
leaf_count=21 21 265 22 43 29 4579 24 37 25 20 55 36 25 71 24 32 149 46 41 32 44 22 25 23 33
internal_value=-0.00137511 -0.013801 -0.000113722 0.0244257 0.0525562 -0.000714385 0.0267049 0.00145094 -0.0176586 -0.0204957 -0.0135598 0.0112349 -0.021216 -0.00132976 -0.000376149 -0.0161519 -0.0266483 0.0141079 -0.000901141 -0.0113228 -0.0513561 -0.0262054 0.0496141 0.0302018 0.0559594
internal_weight=1350.99 124.047 1226.94 29.0212 16.2931 1197.92 26.0237 14.1149 114.208 108.489 88.8301 20.7929 68.0372 1171.9 1101.47 70.4259 52.4198 18.006 1090.22 12.7282 19.6588 9.62007 11.2512 9.83892 11.9088
internal_count=5744 536 5208 126 72 5082 115 61 492 467 381 91 290 4967 4669 298 220 78 4620 54 86 42 49 44 54
is_linear=0
shrinkage=0.05


Tree=29
num_leaves=30
num_cat=0
split_feature=14 21 5 0 15 19 58 55 52 21 48 50 50 10 59 59 10 50 54 15 15 58 59 15 29 0 54 52 4
split_gain=7.67043 7.4196 6.84605 12.586 7.97394 7.09852 6.81107 6.02644 8.79811 6.89917 5.8967 5.8633 11.2954 8.44188 7.81116 7.19378 13.9008 11.979 5.58919 7.84953 9.31005 4.61566 6.05976 3.91986 3.76195 4.53741 2.56712 2.24288 1.05409
threshold=1.286796536796537 19.261111111111116 7.5000000000000009 12.300000000000002 29.700000000000006 18.678088850004865 13.000000000000002 1.2500000000000002 4.3000000000000016 33.95000000000001 19.100000000000005 6.9000000000000012 6.1000000000000005 2.3000000000000003 68.500000000000014 130.50000000000003 6.5000000000000009 8.7000000000000011 2.1000000000000005 24.500000000000004 17.700000000000006 9.0000000000000018 102.50000000000001 22.300000000000001 2.4222222222222229 9.1000000000000014 2.5000000000000004 3.3000000000000003 10.141376185907687
decision_type=2 2 2 2 2 2 2 2 2 2 2 2 2 2 2 2 2 2 2 2 2 2 2 2 2 2 2 2 2
left_child=1 26 18 21 5 -5 7 8 9 23 27 12 13 -9 -14 17 -17 -13 24 20 -20 28 -23 -2 25 -3 -1 -8 -4
right_child=6 2 3 4 -6 -7 10 11 -10 -11 -12 15 14 -15 -16 16 -18 -19 19 -21 -22 22 -24 -25 -26 -27 -28 -29 -30
leaf_value=0.0036221857513485129 0.026315253340653558 -0.015177561020710119 0.013106127677238944 0.0037360340350943442 0.024432192918008175 -0.060856954866843373 0.031637884077918003 0.030161740866148076 -0.023195930233506901 -0.012016067010478521 -0.009738270968002451 0.018245463108973913 -0.0643434406067315 -0.0065760020169159513 -0.018127248765554393 -0.0087899170031217541 0.01771787401127169 0.00039780139631936067 -0.0010058001276881743 0.042953633979301985 -0.054902521757269077 0.080783139926694364 0.013509520901521854 0.079878815713979645 -0.012864114258498482 -0.071944584195512015 0.055171607148404293 0.083628771359304771 -0.019616423093758523
leaf_weight=5.5631154924631101 6.5682826638221803 5.1058772951364579 4.6405691504478472 5.8315597027540269 5.6679307073354712 14.229455932974814 5.0527085810899717 18.997835263609886 7.3256200253963462 4.5960460901260367 4.8549959659576407 115.38480508327484 11.407558917999266 86.17679426074028 48.471619933843613 338.14896745979786 57.736334189772606 509.1041908711195 19.061363115906715 4.8965783566236487 13.975434914231299 5.7153583765029898 8.5330390781164152 8.3365861028432828 6.9190893024206153 13.92832165956497 4.5225985795259476 4.3954623192548752 4.8862538933753967
leaf_count=24 29 22 20 25 25 61 22 82 31 20 21 494 47 366 205 1423 249 2160 81 22 59 27 38 39 30 61 20 20 21
internal_value=-0.00130602 -0.0131795 -0.0168668 -0.00278675 -0.0270612 -0.0419069 -0.000105668 -0.000515803 0.0228663 0.040455 0.0340701 -0.00105105 -0.00979232 3.48383e-05 -0.0271078 0.000358845 -0.00490787 0.00370585 -0.0276776 -0.0151821 -0.0240533 0.0232764 0.0412179 0.0569403 -0.0456207 -0.0571372 0.0275434 0.0569712 -0.00318713
internal_weight=1350.03 123.477 113.391 49.5042 25.7289 20.061 1226.56 1212.25 26.8265 19.5009 14.3032 1185.43 165.054 105.175 59.8792 1020.37 395.885 624.489 63.8867 37.9334 33.0368 23.7752 14.2484 14.9049 25.9533 19.0342 10.0857 9.44817 9.52682
internal_count=5744 536 492 217 111 86 5208 5145 119 88 63 5026 700 448 252 4326 1672 2654 275 162 140 106 65 68 113 83 44 42 41
is_linear=0
shrinkage=0.05


Tree=30
num_leaves=22
num_cat=0
split_feature=21 50 49 14 19 14 0 4 19 19 58 29 15 29 20 28 6 54 24 14 19
split_gain=8.99841 8.00172 7.48525 7.74512 8.1154 7.04196 10.4734 8.7995 8.64171 9.0804 7.43609 7.49991 7.31443 6.55735 5.1695 3.58935 2.89127 2.72164 2.53382 2.00012 1.33325
threshold=39.250000000000007 6.7000000000000002 19.350000000000005 7.2320906432748542 41.011730013106167 1.2248255890483086 7.7000000000000002 6.2390476190476205 11.817801819522991 13.187627452946881 7.0000000000000009 2.9500000000000006 12.700000000000001 0.55000000000000016 31.500000000000004 1.7000000000000004 4.5357142857142865 1.5000000000000002 15.900000000000002 3.5960651115098696 15.581366459627331
decision_type=2 2 2 2 2 2 2 2 2 2 2 2 2 2 2 2 2 2 2 2 2
left_child=1 2 3 4 13 6 12 15 -9 -10 14 -12 -3 -1 -8 16 -7 -5 -2 -4 -14
right_child=18 5 19 17 -6 7 10 8 9 -11 11 -13 20 -15 -16 -17 -18 -19 -20 -21 -22
leaf_value=0.037725916817039323 0.016880660231315469 -0.015272216132793427 -0.026153635619887056 -0.021649870668651428 0.042983189352445425 0.077430862448613733 -0.04519865038944005 -0.060160215957136533 0.038414209633230542 -0.00015587534660275681 0.013006936474563977 -0.033293138779335915 0.072572156235945429 -0.011186624238985669 0.0084685969890732522 0.0060004231479856389 0.022218419649749386 -0.074220284000334022 0.070090631064643069 -0.06999254682635736 0.029852717598515023
leaf_weight=7.0593959838151923 4.5688998103141767 6.8773340582847586 5.542722746729849 5.1308901906013471 7.833499163389205 5.9187539070844668 31.914038419723511 5.821490302681922 15.387050345540045 1026.3239320069551 21.398309007287025 14.574343442916868 4.4971289783716184 143.08848249912262 5.0085068047046652 6.5177317410707465 4.6083506345748901 5.6104389429092407 5.150591254234314 6.260082483291626 4.3491302877664566
leaf_count=31 20 29 24 22 34 26 137 24 67 4355 95 62 20 611 22 28 20 23 24 26 20
internal_value=-0.00165414 -0.00200869 -0.0117952 -0.00904957 -0.00620373 -0.000471453 -0.014008 0.000651887 6.55673e-05 0.000412674 -0.0220242 -0.00565325 0.0227434 -0.00883008 -0.0377805 0.0361834 0.054168 -0.0500011 0.0460137 -0.0502181 0.0526971
internal_weight=1343.44 1333.72 180.526 168.723 157.981 1153.2 88.6188 1064.58 1047.53 1041.71 72.8952 35.9727 15.7236 150.148 36.9225 17.0448 10.5271 10.7413 9.71949 11.8028 8.84626
internal_count=5720 5676 771 721 676 4905 385 4520 4446 4422 316 157 69 642 159 74 46 45 44 50 40
is_linear=0
shrinkage=0.05


Tree=31
num_leaves=30
num_cat=0
split_feature=21 50 6 24 11 50 15 4 29 6 1 29 14 0 4 54 6 53 58 29 15 28 20 28 24 6 15 28 10
split_gain=8.22331 7.24122 7.36971 11.9223 11.3711 10.7126 10.0895 8.42536 7.29753 6.97304 9.18381 8.39905 6.37933 9.51078 7.98764 8.43757 12.0042 9.90336 6.79759 6.80433 6.65931 5.64693 4.74073 3.25937 3.04505 2.63296 2.41367 1.21198 0.807216
threshold=39.250000000000007 6.7000000000000002 6.2500000000000009 17.500000000000004 4.3500000000000005 6.3000000000000016 39.500000000000007 16.442284472349677 0.55000000000000016 8.6500000000000004 14.350000000000003 2.9500000000000006 1.2248255890483086 7.7000000000000002 6.2390476190476205 1.5000000000000002 13.250000000000002 4.1500000000000012 7.0000000000000009 1.6500000000000001 12.700000000000001 8.7000000000000011 31.500000000000004 1.7000000000000004 20.100000000000005 4.5357142857142865 33.100000000000009 1.7000000000000004 6.9000000000000012
decision_type=2 2 2 2 2 2 2 2 2 2 2 2 2 2 2 2 2 2 2 2 2 2 2 2 2 2 2 2 2
left_child=1 2 3 5 9 8 24 -7 -1 11 -11 -4 13 20 23 17 -17 -16 22 -20 -3 28 -15 25 -5 -14 -2 -22 -6
right_child=26 12 4 6 21 7 -8 -9 -10 10 -12 -13 14 18 15 16 -18 -19 19 -21 27 -23 -24 -25 -26 -27 -28 -29 -30
leaf_value=0.056222705993739158 0.016007594283455589 -0.014533289614505666 -0.059655592658533943 0.036924329864393771 -0.073809222202382993 -0.016483758974312653 -0.016614657359971925 -0.082523955795357651 -0.0060747693433079765 0.052133133259103293 -0.016676057068225114 0.0002244921837110359 0.07398018127904786 -0.043332603375470173 0.022198324798720633 -0.0023299657452017148 0.05500451335008847 -0.0041715315432587627 0.04610690312636434 -0.014597357859765837 0.06943604987855849 -0.0038567751361643665 0.0080507431636161909 0.0057084802605527349 0.090233733639560235 0.021144835768146582 0.068137305307093388 0.028475091370717482 -0.045763762564590929
leaf_weight=4.9323782324790946 4.5908721387386304 6.8709037750959387 10.803117007017137 7.3637263625860232 12.50694121420384 12.756629794836046 6.5787067711353293 7.9947813004255286 70.173162028193474 8.3637521117925662 11.126288563013075 12.292680501937864 5.8904139995574969 31.635399132966995 85.286045983433723 892.52853527665138 9.1184018701314908 60.549249202013016 5.3136718422174445 30.60634833574295 4.4714503586292249 4.8681199699640265 5.0101831555366507 6.5137269496917716 4.9375566691160202 4.6053646802902222 5.0364760011434555 4.3339307010173798 5.6306697428226462
leaf_count=22 20 29 46 32 52 54 28 33 299 37 48 53 26 137 368 3781 41 256 24 133 20 21 22 28 22 20 24 20 24
internal_value=-0.00157163 -0.00190933 -0.0112247 -0.00352423 -0.0245929 -0.0107225 0.0326231 -0.0424402 -0.00184773 -0.00910415 0.0127122 -0.0277054 -0.000446885 -0.0133605 0.000620057 6.17486e-05 -0.00173856 0.0112202 -0.0210232 -0.00537545 0.0217016 -0.0528841 -0.0361686 0.0345083 0.0592802 0.0516872 0.044213 0.050383 -0.0656756
internal_weight=1342.69 1333.06 180.329 114.737 65.5916 95.857 18.88 20.7514 75.1055 42.5858 19.49 23.0958 1152.73 88.2419 1064.49 1047.48 901.647 145.835 72.5656 35.92 15.6763 23.0057 36.6456 17.0095 12.3013 10.4958 9.62735 8.80538 18.1376
internal_count=5720 5676 771 490 281 408 82 87 321 184 85 99 4905 385 4520 4446 3822 624 316 157 69 97 159 74 54 46 44 40 76
is_linear=0
shrinkage=0.05


Tree=32
num_leaves=29
num_cat=0
split_feature=21 50 49 11 5 15 53 21 49 54 4 4 50 50 28 54 29 4 49 29 9 50 52 10 21 10 5 1
split_gain=7.52125 6.57403 6.82268 9.52193 6.39612 15.5514 15.0638 10.8716 9.44814 9.04106 11.4235 8.04053 7.86398 7.6532 9.86698 7.01013 6.18367 11.2142 9.54117 8.39919 5.89221 4.95302 4.58999 4.5494 4.38671 3.87515 2.81186 2.35224
threshold=39.250000000000007 6.7000000000000002 17.050000000000004 2.2500000000000004 6.1000000000000005 22.100000000000005 3.9500000000000006 23.450000000000003 17.450000000000003 2.3000000000000003 27.557962172056136 16.086853448275864 8.5000000000000018 14.100000000000001 0.3000000000000001 2.7000000000000006 2.3166666666666669 11.164319248826294 16.550000000000004 0.55000000000000016 5.1888777912534785 4.7000000000000002 3.3000000000000003 2.1000000000000005 26.850000000000005 2.9000000000000004 4.7000000000000002 20.450000000000003
decision_type=2 2 2 2 2 2 2 2 2 2 2 2 2 2 2 2 2 2 2 2 2 2 2 2 2 2 2 2
left_child=1 2 16 22 9 6 8 -7 -6 10 11 -3 -9 14 -11 -15 19 25 -19 -1 -12 -5 -4 -8 -21 -18 -23 -2
right_child=27 4 3 21 5 7 23 12 -10 13 20 -13 -14 15 -16 -17 17 18 -20 24 -22 26 -24 -25 -26 -27 -28 -29
leaf_value=0.037728412837148048 0.014541554719994416 -0.0020190354321916616 0.048446274616391054 -0.0044212361180133181 0.010529948964818367 -0.075652035321336422 0.030400411560935064 0.019047175146889618 -0.065648242974175999 -0.057043069005318886 -0.083720796332836966 0.014803771684659604 -0.0020240633027586385 0.034914901279798578 -0.010222492397965063 -0.0016852126838678078 0.019261559035710467 -0.0084008698746166881 0.063900356677133022 -0.0014261131834027929 -0.0059805330498418421 -0.076450417867500037 -0.017356544983250202 0.064361039384299004 -0.035775563912278034 0.08305007711831669 -0.038413268635146984 0.066203354363749883
leaf_weight=5.6301075369119635 4.5397776216268522 162.30183759331703 4.5550885200500471 6.3194939196109798 23.604289859533313 4.5688985139131537 25.664099857211113 52.072569131851196 4.8080774247646323 11.656231492757795 5.4019269049167615 125.57927151024342 291.45166221261024 14.764919623732565 300.54535706341267 107.6608734279871 5.0922832638025266 73.730901166796684 4.7554178833961478 13.282944247126578 4.6710769832134247 9.6244528442621249 5.9311947673559189 17.381260633468628 33.532171279191971 4.9963064342737198 12.315001800656317 4.9893049448728561
leaf_count=25 20 689 20 27 103 19 113 225 20 48 22 537 1245 64 1266 457 22 316 21 57 20 40 26 77 143 22 52 24
internal_value=-0.00149324 -0.00181504 -0.0107064 -0.0292927 -0.000422586 0.00449459 0.025724 0.000116054 -0.00237096 -0.00324572 0.00345062 0.00530463 0.00116005 -0.00784756 -0.0120043 0.00271296 -0.00554725 0.00246157 -0.00388084 -0.0191475 -0.0485756 -0.0443853 0.0109426 0.0443466 -0.0261599 0.0518482 -0.0555975 0.0425169
internal_weight=1341.43 1331.9 179.765 38.7452 1152.13 419.551 71.4577 348.093 28.4124 732.581 297.954 287.881 343.524 434.627 312.202 122.426 141.02 88.5749 78.4863 52.4452 10.073 28.2589 10.4863 43.0454 46.8151 10.0886 21.9395 9.52908
internal_count=5720 5676 771 165 4905 1802 313 1489 123 3103 1268 1226 1470 1835 1314 521 606 381 337 225 42 119 46 190 200 44 92 44
is_linear=0
shrinkage=0.05


Tree=33
num_leaves=26
num_cat=0
split_feature=21 14 4 6 11 21 25 4 0 21 59 54 59 21 54 58 29 59 11 55 50 9 59 48 55
split_gain=6.88425 6.4025 8.50654 11.0215 10.1542 9.95647 9.01761 8.43343 8.22221 8.18921 8.14284 10.9823 8.05399 9.07023 5.9518 5.92948 8.02989 6.60257 5.75011 5.67414 5.54471 5.3377 4.13395 2.50234 2.37919
threshold=39.250000000000007 1.2248255890483086 10.708583747060363 5.7500000000000009 1.1214285714285717 35.650000000000013 5.1214285714285728 9.3373546511627925 7.7000000000000002 26.750000000000004 153.50000000000003 1.7000000000000004 193.50000000000003 30.350000000000005 1.7000000000000004 7.0000000000000009 2.3166666666666669 101.50000000000001 1.4142857142857144 2.1500000000000008 10.300000000000002 4.081252062933217 105.50000000000001 21.300000000000001 2.5500000000000003
decision_type=2 2 2 2 2 2 2 2 2 2 2 2 2 2 2 2 2 2 2 2 2 2 2 2 2
left_child=1 8 3 4 -3 7 -6 -5 14 10 11 -4 13 -11 -1 16 22 19 -19 -17 -18 -12 -10 -16 -2
right_child=24 2 9 5 6 -7 -8 -9 15 12 21 -13 -14 -15 23 17 20 18 -20 -21 -22 -23 -24 -25 -26
leaf_value=-0.029551653682831375 0.015639041423479959 0.071904009474885122 0.027347300658534801 0.019723514321218674 -0.048033691731115352 -0.02573965344376954 0.002083753916031579 0.062739075727433077 -0.059934054467799085 0.0085426877412936985 -0.07325083682020006 -0.02352068674421888 -0.049618672404624573 -0.0034133160636446048 0.052204220928672496 -0.024510762431542966 0.045832161476738673 -0.040851499910096824 0.012541680264847031 0.033375114000349364 -0.026280883179072307 -0.011656008631533784 -0.022682521976554491 0.0042835010721073239 0.067790553421777394
leaf_weight=4.6690678894519833 5.0354467183351499 4.7774968445301047 14.393827319145201 33.09820131957531 9.5762597322463971 7.6084531545639029 122.66012609004974 17.845916032791138 19.639332666993141 200.68657304346561 9.8222848773002607 39.035777375102043 8.462994769215582 754.03436978161335 8.0700063556432706 6.0324406623840359 4.5537494421005231 16.26684890687466 7.0528113394975653 13.182174682617186 6.094814732670784 5.8449066430330268 13.126085728406904 4.4743736684322348 4.3907245248556137
leaf_count=20 23 21 62 144 40 32 522 78 86 855 40 164 35 3204 36 26 20 71 31 59 27 25 58 20 21
internal_value=-0.00141999 -0.00172659 -0.00071661 0.00883651 0.00103364 0.0269772 -0.00154141 0.0349834 -0.0136868 -0.00253198 -0.0191518 -0.00969806 -0.00133266 -0.000894243 0.0176261 -0.0200294 -0.033037 -0.00658904 -0.0245051 0.0149101 0.00423184 -0.0508086 -0.0452774 0.0356762 0.0409128
internal_weight=1340.44 1331.01 1227.85 195.566 137.014 58.5526 132.236 50.9441 103.162 1032.28 69.0968 53.4296 963.184 954.721 17.2134 85.9483 43.414 42.5343 23.3197 19.2146 10.6486 15.6672 32.7654 12.5444 9.42617
internal_count=5720 5676 5222 837 583 254 562 222 454 4385 291 226 4094 4059 76 378 191 187 102 85 47 65 144 56 44
is_linear=0
shrinkage=0.05


Tree=34
num_leaves=25
num_cat=0
split_feature=25 50 16 24 49 6 59 5 55 50 55 14 4 16 48 25 50 28 19 6 14 28 28 15
split_gain=6.59309 6.31085 6.82548 13.0402 8.61683 6.73213 9.42536 8.85638 8.85432 7.82675 6.26933 7.04846 6.25599 9.86882 7.2149 6.19746 6.42698 5.22222 7.23956 6.1559 4.87594 4.15439 2.49184 1.09436
threshold=23.150000000000002 6.7000000000000002 15.65 5.5000000000000009 15.65 6.2500000000000009 46.500000000000007 7.1000000000000005 1.4500000000000002 4.7000000000000002 3.3500000000000001 4.3384210526315803 28.278360819590208 40.550000000000004 20.100000000000005 7.0500000000000007 8.9000000000000021 2.7000000000000006 23.279751552795037 9.3500000000000032 1.1257183908045978 3.7000000000000006 1.9000000000000001 15.900000000000002
decision_type=2 2 2 2 2 2 2 2 2 2 2 2 2 2 2 2 2 2 2 2 2 2 2 2
left_child=1 5 4 20 15 6 -1 21 -8 -10 11 -6 13 -5 -14 16 -3 19 -19 -9 -4 -7 -22 -17
right_child=-2 2 3 12 10 7 8 17 9 -11 -12 -13 14 -15 -16 23 -18 18 -20 -21 22 -23 -24 -25
leaf_value=-0.067184238139544342 0.055370233799358716 0.027020908080806538 0.00083997485592764262 0.00026257317306358543 0.0065553495093597682 -0.029026479731000476 0.050370173229747163 -0.057803045063814999 0.016823613137167563 -0.013206478283771462 -0.047056139648436718 -0.047771231141747174 -0.0012305634413508698 0.029628872734394941 -0.038431058882483167 -0.04541339927981846 -0.040447477499270773 0.045166878132392563 -0.012745391977303089 0.0086274329031234935 0.034353522222006827 -0.080948959388889796 0.08108091110231655 -0.080463166155382695
leaf_weight=5.3351935148239127 4.999051257967948 5.5584761500358608 5.1728624105453518 952.92185035347939 59.80726620554924 8.5008256882429141 8.0628446191549283 10.461066365242003 31.408509597182274 69.16603609919548 7.4147143810987464 6.5268019735813132 32.876885890960693 29.408995479345322 21.825259298086166 6.159992039203642 9.0914578884839994 6.6723260283470145 26.400131404399872 4.9909002482891074 6.2764163464307767 7.9743481278419486 6.6581062078475952 5.899387463927269
leaf_count=23 23 24 24 4057 256 38 36 44 136 294 31 27 141 130 91 26 38 30 114 22 28 33 30 24
internal_value=-0.00135001 -0.00157035 -0.000212479 0.000969258 -0.012663 -0.010305 -0.00292506 -0.0231441 0.000243619 -0.0037713 -0.00375728 0.00107087 0.000227902 0.00114976 -0.0162072 -0.0369607 -0.0145 -0.012204 -0.000810001 -0.0361074 0.0429186 -0.0547965 0.0592278 -0.0634915
internal_weight=1339.57 1334.57 1155.6 1055.14 100.458 178.972 113.973 64.9996 108.637 100.575 73.7488 66.3341 1037.03 982.331 54.7021 26.7093 14.6499 48.5244 33.0725 15.452 18.1074 16.4752 12.9345 12.0594
internal_count=5720 5697 4927 4501 426 770 489 281 466 430 314 283 4419 4187 232 112 62 210 144 66 82 71 58 50
is_linear=0
shrinkage=0.05


Tree=35
num_leaves=13
num_cat=0
split_feature=53 0 49 0 0 59 53 14 59 49 5 53
split_gain=10.8146 5.80591 5.283 7.30918 13.1188 7.70782 7.17626 9.19059 6.37895 5.7448 9.31617 5.63708
threshold=2.0500000000000003 4.5000000000000009 13.15 31.300000000000001 26.700000000000006 38.500000000000007 3.0500000000000003 6.3701298701298708 61.500000000000007 13.65 3.3000000000000003 4.1500000000000012
decision_type=2 2 2 2 2 2 2 2 2 2 2 2
left_child=-1 -2 3 4 5 -3 7 8 -4 10 -8 -11
right_child=1 2 6 -5 -6 -7 9 -9 -10 11 -12 -13
leaf_value=-0.062758305092796868 -0.04471206982248549 -0.045033978607885376 0.025063494929116886 0.072275793919621481 -0.049868893692700568 0.013872177698337727 0.040795776239327002 0.03844866442951559 -0.023704948678894167 0.005030970729200176 -0.036222885751627847 -0.002330311206851354
leaf_weight=6.8222089111804953 7.152804806828498 5.679557427763938 7.18139325082302 4.3656669408082953 9.2931150794029218 125.0813904851675 4.6224636137485531 7.3538350015878668 75.213598117232323 445.8440632969141 22.185938104987144 623.06615577638149
leaf_count=29 30 24 31 20 39 545 20 32 317 1905 95 2656
internal_value=-0.000422317 -9.58406e-05 0.000143712 0.00917243 0.00711958 0.0112429 -0.000952676 -0.014538 -0.0193685 0.000156738 -0.0226548 0.000735597
internal_weight=1343.86 1337.04 1329.89 144.42 140.054 130.761 1185.47 89.7488 82.395 1095.72 26.8084 1068.91
internal_count=5743 5714 5684 628 608 569 5056 380 348 4676 115 4561
is_linear=0
shrinkage=0.05


Tree=36
num_leaves=29
num_cat=0
split_feature=53 9 25 58 54 59 53 53 58 56 9 11 55 24 25 52 55 11 48 9 25 9 21 21 59 50 10 6
split_gain=9.90885 6.00242 11.3582 9.36382 11.5514 11.2413 10.9225 9.12896 8.90206 13.913 11.4992 9.2591 12.3989 8.88545 8.62385 7.72849 7.56961 6.74073 8.91524 6.22332 6.15633 6.00894 5.17594 15.6588 9.48298 4.83278 2.61424 0.985821
threshold=2.0500000000000003 3.5590306245478662 8.7500000000000018 4.0000000000000009 2.7000000000000006 144.50000000000003 4.7500000000000009 3.2500000000000004 3.0000000000000004 4.5000000000000009 2.6893557422969194 6.1500000000000012 3.3500000000000001 8.1000000000000014 7.2500000000000009 7.9000000000000012 2.2500000000000004 2.7500000000000004 12.500000000000002 3.694487869839616 7.7500000000000009 3.1546010524818664 37.050000000000004 36.750000000000007 83.500000000000014 8.9000000000000021 9.3000000000000025 2.8285714285714287
decision_type=2 2 2 2 2 2 2 2 2 2 2 2 2 2 2 2 2 2 2 2 2 2 2 2 2 2 2 2
left_child=-1 2 7 4 5 6 -3 14 9 10 -4 12 -10 20 25 22 -7 18 -9 -15 -6 -19 23 -5 -24 -2 -13 -16
right_child=1 3 8 15 13 16 -8 17 11 -11 -12 26 -14 19 27 -17 -18 21 -20 -21 -22 -23 24 -25 -26 -27 -28 -29
leaf_value=-0.060456481730693061 0.029558699599076928 0.016387920162463727 0.030082792411051492 0.00010134014074212024 -0.019331405962622703 -0.047192602911493693 -0.025767669382201909 0.073539501238618771 0.022079779546877811 -0.072573909978884188 -0.014530590075304882 0.068661619359030146 -0.057464523951367467 -0.070316857353953335 -0.047053864898828297 0.050735742448564748 -0.00062768276885525362 -0.033824639376568169 0.004680132135856805 -0.027495839765794002 0.053288219064717382 0.020463939055598911 0.030159492001751748 0.053073190478400867 -0.024548791830123599 -0.037159693579505548 0.021862370725371307 -0.083961355366365537
leaf_weight=6.7339106351137152 5.277607813477518 69.953093692660332 28.719782561063766 805.51099133491516 6.4600102901458722 19.271728366613388 19.521772921085358 5.205961361527442 76.240252584218979 5.8553514778614035 28.711289510130882 13.046081930398943 5.109464392066001 10.456658497452734 4.8052112162113172 7.4813088327646247 16.2904282361269 18.921915680170063 43.429265663027763 50.753630593419075 5.0900991857051849 6.7643106728792182 9.452225908637045 14.100715383887289 44.865041628479958 5.3468944281339645 4.470819115638732 5.6105236709117889
leaf_count=29 23 300 124 3449 27 80 82 23 327 24 121 59 21 43 20 33 69 79 185 212 22 29 42 63 191 23 20 23
internal_value=-0.000401667 -9.08936e-05 0.00676269 -0.00173137 -0.011561 -0.00229407 0.00711603 -0.0068901 0.014822 9.67298e-05 0.007706 0.0241877 0.0169579 -0.0273923 -0.03589 0.000469891 -0.0260638 0.00128971 0.0122893 -0.0349953 0.0124254 -0.0193103 2.81122e-05 0.00102514 -0.0148987 -0.00358523 0.0571928 -0.0680193
internal_weight=1343.46 1336.72 257.515 1079.21 197.797 125.037 89.4749 95.3617 162.153 63.2864 57.4311 98.8666 81.3497 72.7604 21.0402 881.41 35.5622 74.3215 48.6352 61.2103 11.5501 25.6862 873.929 819.612 54.3173 10.6245 17.5169 10.4157
internal_count=5743 5714 1101 4613 835 531 382 405 696 269 245 427 348 304 89 3778 149 316 208 255 49 108 3745 3512 233 46 79 43
is_linear=0
shrinkage=0.05


Tree=37
num_leaves=31
num_cat=0
split_feature=53 9 25 49 25 58 54 59 53 29 10 58 56 9 59 59 24 59 54 5 59 16 1 29 24 53 10 10 9 15
split_gain=9.09075 5.423 10.2748 8.92663 10.614 8.47706 10.4568 10.1657 10.1549 8.44809 8.38986 8.3416 13.5316 12.683 9.00344 12.1208 7.02405 6.7499 6.56647 6.29339 9.85592 5.82329 11.4747 5.65604 5.4771 5.08891 4.77389 6.24125 3.83499 3.63115
threshold=2.0500000000000003 3.5590306245478662 8.6500000000000004 19.250000000000004 7.2500000000000009 4.0000000000000009 2.7000000000000006 144.50000000000003 4.1500000000000012 1.9500000000000002 2.3000000000000003 3.0000000000000004 4.5000000000000009 2.6893557422969194 92.500000000000014 131.50000000000003 8.1000000000000014 89.500000000000014 2.9000000000000004 3.3000000000000003 109.50000000000001 16.250000000000004 8.5500000000000025 2.3166666666666669 6.7000000000000002 3.3500000000000001 9.9000000000000021 8.3000000000000025 5.5047169811320762 27.100000000000005
decision_type=2 2 2 2 2 2 2 2 2 2 2 2 2 2 2 2 2 2 2 2 2 2 2 2 2 2 2 2 2 2
left_child=-1 2 3 4 24 6 7 8 -3 -9 16 12 13 -4 18 -16 -8 -12 -13 20 29 22 -5 -22 -2 -6 27 -21 -28 -7
right_child=1 5 11 21 25 19 10 9 -10 -11 17 14 -14 -15 15 -17 -18 -19 -20 26 23 -23 -24 -25 -26 -27 28 -29 -30 -31
leaf_value=-0.058312248002405788 -0.011437105162054009 0.023149238428458566 0.030624814149835658 0 -0.063718084007138229 0.020569089760179318 0.047555482860417775 0.0026180201648180897 -0.010484024270257748 -0.046194814749374181 -0.076430517878710608 -0.014859244982313178 -0.070389036332281926 -0.015689774460136165 0.05845339043777649 0.014812204366564129 -0.017559254703031723 -0.028113434553688144 0.030095904245578609 5.340184384532383e-05 0.016813956891250002 -0.017878017666409125 0.091178854949787502 0.083337707028949923 0.02955970193858299 -0.021756166950854541 0.05871505017506954 -0.024812712386499212 0 -0.035597744094121968
leaf_weight=6.6385571658611289 19.095431312918663 45.979907214641571 29.348238423466682 7.7366007566452044 9.8663089722394925 5.2755415588617343 5.8059098720550564 15.496381610631941 43.439865157008171 20.018871605396271 8.8401940912008268 21.292034238576889 6.084712103009223 29.451388791203499 28.378359988331795 37.19309201836586 13.716794818639753 44.246214732527733 12.968893975019453 819.24026346206665 6.067325830459593 5.9443725794553748 6.1047594994306564 7.3864069432020187 13.955877870321272 29.702223539352417 6.0381024628877622 25.92431615293026 5.3569524884223938 5.972842738032341
leaf_count=29 81 198 127 33 41 23 25 66 184 83 36 90 25 124 125 161 58 185 56 3510 26 25 27 33 61 125 28 110 23 25
internal_value=-0.000382424 -8.64713e-05 0.00643342 -0.00687027 -0.015023 -0.00164551 -0.0110051 -0.0021859 0.00676098 -0.0248084 -0.0260873 0.0139267 0 0.00735475 0.0229905 0.0338359 0.00169425 -0.036382 0.00205031 0.000447886 0.0252796 0.0227264 0.0405263 0.0540513 0.00575987 -0.0324796 -0.00026526 -0.000706264 0.0317303 -0.00886554
internal_weight=1342.57 1335.93 257.122 92.4056 72.6198 1078.81 197.544 124.935 89.4198 35.5153 72.6091 164.717 64.8843 58.7996 99.8324 65.5715 19.5227 53.0864 34.2609 881.262 24.7021 19.7857 13.8414 13.4537 33.0513 39.5685 856.56 845.165 11.3951 11.2484
internal_count=5743 5714 1101 393 308 4613 835 531 382 149 304 708 276 251 432 286 83 221 146 3778 107 85 60 59 142 166 3671 3620 51 48
is_linear=0
shrinkage=0.05


Tree=38
num_leaves=15
num_cat=0
split_feature=53 0 9 25 53 15 25 50 9 48 0 25 52 49
split_gain=8.34983 5.28055 5.40982 8.0021 8.08972 7.54638 7.43042 6.89802 8.2245 7.51364 6.88691 15.4403 5.03282 4.99734
threshold=2.0500000000000003 4.5000000000000009 3.5590306245478662 8.7500000000000018 3.2500000000000004 17.900000000000002 7.2500000000000009 9.9000000000000021 2.985950902099971 13.300000000000002 6.1000000000000005 4.7500000000000009 7.9000000000000012 13.15
decision_type=2 2 2 2 2 2 2 2 2 2 2 2 2 2
left_child=-1 -2 3 4 6 -6 -3 9 -9 -5 11 -4 13 -12
right_child=1 2 10 7 5 -7 -8 8 -10 -11 12 -13 -14 -15
leaf_value=-0.056305111589292391 -0.042684712916380166 -0.0019882743238431424 -0.034633979627964169 0.006368639819083366 0.012807167651533058 -0.023313506838797821 -0.062368208683231487 -0.010664734177654185 0.020457916776607764 0.03817014448715992 0.0078170530466360466 0.077128968647572516 0.035407568224104617 -0.003365243432731012
leaf_weight=6.5375870764255515 7.1347829699516288 10.357977122068407 4.837361901998519 33.487197741866112 52.778572142124176 19.761340454220772 10.291837260127066 46.069811642169952 39.070693537592888 42.975103154778481 111.48049713671207 8.0320683717727643 8.871346712112425 939.95519897341728
leaf_count=29 30 45 21 145 226 83 43 195 169 187 486 36 39 4009
internal_value=-0.000363434 -8.15636e-05 0.000146762 0.00669821 -0.00492794 0.00287978 -0.0324781 0.0134324 0.00356593 0.0243343 -0.0014045 0.0347909 -0.00185177 -0.00217423
internal_weight=1341.64 1335.1 1327.97 254.793 93.1897 72.5399 20.6498 161.603 85.1405 76.4623 1073.18 12.8694 1060.31 1051.44
internal_count=5743 5714 5684 1093 397 309 88 696 364 332 4591 57 4534 4495
is_linear=0
shrinkage=0.05


Tree=39
num_leaves=17
num_cat=0
split_feature=53 54 15 51 53 59 48 48 10 51 51 24 24 29 57 53
split_gain=7.67672 4.83314 9.50351 5.92388 9.26003 12.7024 9.342 7.27379 10.0381 10.5028 10.0105 6.69438 10.5771 5.34561 8.64009 4.56114
threshold=2.0500000000000003 5.1000000000000005 27.700000000000006 12.65 4.0500000000000007 71.500000000000014 25.100000000000005 19.500000000000004 3.7000000000000006 12.250000000000002 12.250000000000002 4.3000000000000016 5.3000000000000016 0.95000000000000007 1.0000000180025095e-35 4.9500000000000011
decision_type=2 2 2 2 2 2 2 2 2 2 2 2 2 2 2 2
left_child=-1 3 -3 7 13 15 -7 11 9 -9 -10 -2 -13 -5 -15 -6
right_child=1 2 -4 4 5 6 -8 8 10 -11 -12 12 -14 14 -16 -17
leaf_value=-0.054417861976264081 -0.044783254790857811 -0.067626239202945956 0.0123653972823944 -0.022110051032003069 0.014746587097626518 -0.0090105451552028055 0.023192981484981893 -0.0050133829298908972 -0.011844636836981764 0.03222755073515858 -0.048452807632578698 0.040722403234052504 0.00069762375726835683 0.059465392999915073 0.013499379184723853 0.066499797226111504
leaf_weight=6.4322598278522483 7.7773471474647513 7.4836542159318906 7.0532640069723129 4.7153173089027396 8.5584822446107882 115.33563877642155 27.839203402400017 114.31302219629288 110.17760801315308 22.574680864810944 22.612982496619225 16.756236150860786 817.76392620801926 17.91632616519928 24.672352477908134 9.1766235232353193
leaf_count=29 33 31 30 20 37 493 121 486 465 98 94 75 3503 79 108 41
internal_value=-0.000345561 -7.71748e-05 -0.0286536 0.000235847 0.00797702 0.00221994 -0.00270211 -0.00120975 -0.00835706 0.00111071 -0.0181481 0.00107338 0.00151205 0.0274089 0.0330476 0.0420282
internal_weight=1341.16 1334.73 14.5369 1320.19 208.214 160.91 143.175 1111.98 269.678 136.888 132.791 842.298 834.52 47.304 42.5887 17.7351
internal_count=5743 5714 61 5653 899 692 614 4754 1143 584 559 3611 3578 207 187 78
is_linear=0
shrinkage=0.05


Tree=40
num_leaves=31
num_cat=0
split_feature=14 4 59 5 50 51 10 1 15 29 10 0 55 21 15 59 0 21 29 1 58 19 50 52 51 58 10 29 53 51
split_gain=8.85684 9.01959 12.4136 8.03763 13.4409 12.175 8.53445 10.7304 8.90388 7.72943 8.27744 8.62929 7.75941 7.51853 11.9956 11.3584 7.81649 7.97918 6.97247 6.57572 9.5407 5.72197 5.69894 5.55983 6.42641 8.7371 6.11581 4.79684 4.1624 5.00582
threshold=1.2248255890483086 25.999379068174033 175.50000000000003 7.2666666666666675 15.300000000000002 9.8500000000000032 6.9000000000000012 24.050000000000004 35.900000000000006 6.3500000000000005 7.7000000000000002 29.300000000000001 2.0500000000000003 35.150000000000013 32.300000000000004 123.50000000000001 26.500000000000004 32.550000000000004 5.4500000000000011 12.050000000000002 9.0000000000000018 35.849577505827511 14.700000000000001 2.1000000000000005 10.050000000000002 4.0000000000000009 1.9000000000000001 2.8500000000000001 4.3500000000000005 7.8500000000000005
decision_type=2 2 2 2 2 2 2 2 2 2 2 2 2 2 2 2 2 2 2 2 2 2 2 2 2 2 2 2 2 2
left_child=19 9 3 6 5 -5 8 -8 -3 13 11 12 -11 16 18 -16 17 -2 -15 20 23 -18 28 -1 25 -25 -26 -22 29 -21
right_child=1 2 -4 4 -6 -7 7 -9 -10 10 -12 -13 -14 14 15 -17 21 -19 -20 22 27 -23 -24 24 26 -27 -28 -29 -30 -31
leaf_value=-0.062856101187828098 0.00092041202479500178 -0.013449933222321639 0.060061091124001792 -0.025769246768314519 -0.069738915961950129 0.042975933349923591 -0.047104705178958178 0.015637532162092061 -0.05261600710948644 -0.028067565012393405 0.065810166990729391 0.061091921868042236 0.015677187438833538 -0.01772869560824113 0.025731825768238348 -0.013303974643422506 -0.040582422276468369 0.011719999761887976 -0.073293225465699927 -0.0071341022437878265 0.052402732344942859 0.015610954336204758 0.016505392187461831 -0.036100774988194279 -0.031578098616175186 0.046671857713235232 0.029284317529457128 -0.0090463972139151472 -0.010092105849862537 -0.065358774632026689
leaf_weight=5.3731965571641913 624.44993151724339 28.678311318159103 5.6820261478424063 9.5978441983461398 4.83755238354206 18.782910108566284 9.392052233219145 23.994890227913857 30.388866409659386 13.261884957551954 8.1001114696264249 7.7786602079868308 41.481442451477051 75.381968170404434 36.239068701863289 38.001329466700554 16.859345465898517 236.09419371187687 6.1039642095565787 5.0447979718446794 9.1967702805995923 5.9692421704530707 5.0046071708202353 4.6658208072185507 26.022409141063694 9.3301640152931196 4.7369130104780188 4.5926090627908698 8.6854571998119336 16.423536702990532
leaf_count=24 2659 121 25 41 20 83 39 106 126 56 37 35 180 319 159 164 70 1009 25 23 44 26 22 20 112 41 21 20 39 73
internal_value=-0.000193989 0.000951158 -0.0114265 -0.0147436 0.00622075 0.0195432 -0.0223286 -0.00195108 -0.0337395 0.00242167 0.0184216 0.012107 0.00495675 0.00132775 -0.00879013 0.00569235 0.00311785 0.00389016 -0.022037 -0.0145755 -0.00491231 -0.0256669 -0.0319377 -0.0151149 -0.00914444 0.018663 -0.0219788 0.0316591 -0.040171 -0.052005
internal_weight=1340.15 1241.08 131.354 125.672 33.2183 28.3808 92.4541 33.3869 59.0672 1109.72 70.6221 62.522 54.7433 1039.1 155.726 74.2404 883.373 860.544 81.4859 99.0763 63.9179 22.8286 35.1584 50.1285 44.7553 13.996 30.7593 13.7894 30.1538 21.4683
internal_count=5739 5300 561 536 144 124 392 145 247 4739 308 271 236 4431 667 323 3764 3668 344 439 282 96 157 218 194 61 133 64 135 96
is_linear=0
shrinkage=0.05


Tree=41
num_leaves=26
num_cat=0
split_feature=4 28 59 59 5 5 21 6 51 11 59 51 48 5 51 11 6 53 6 16 16 58 59 58 21
split_gain=6.64858 12.7196 11.256 7.96666 8.48161 10.767 13.3734 7.77792 9.02232 6.22766 7.96014 6.66804 9.68753 5.66314 5.39791 7.57173 4.59834 6.88117 10.528 6.2427 12.5412 4.80295 3.96596 2.1796 2.23454
threshold=25.999379068174033 7.3000000000000016 175.50000000000003 157.50000000000003 7.2666666666666675 6.5000000000000009 34.45000000000001 8.3500000000000032 12.750000000000002 6.8500000000000005 142.50000000000003 9.0500000000000025 21.900000000000002 6.5000000000000009 6.4500000000000011 2.5500000000000003 10.850000000000003 4.0500000000000007 12.450000000000001 40.550000000000004 39.350000000000001 11.000000000000002 112.50000000000001 6.0000000000000009 33.350000000000001
decision_type=2 2 2 2 2 2 2 2 2 2 2 2 2 2 2 2 2 2 2 2 2 2 2 2 2
left_child=1 14 3 4 5 6 -2 -6 -9 10 11 -3 -13 -5 15 -1 19 21 -19 20 -16 -18 -7 24 -17
right_child=2 9 -4 13 7 22 -8 8 -10 -11 -12 12 -14 -15 16 23 17 18 -20 -21 -22 -23 -24 -25 -26
leaf_value=-0.017786012836236979 -0.035051370759189703 0.074088352529524559 0.057305968501091403 -0.076131404161142766 0.054138911386537071 -0.078768411985475906 0.0094778773301452124 0.016512874301713231 -0.058935488330520848 0.07193637373121449 -0.0236159047082308 0 0.081377754219593729 -0.010424240051459324 0.00039897795607038043 0.032885048480757482 -0.06261603911134879 -0.019629888183054989 0.038237767932627648 0.045621868529548859 -0.066318630511092311 -0.017387307696660637 -0.02220068091854048 0.015973604573767605 0.085661906657156159
leaf_weight=6.5908595770597485 29.14024555683136 6.9726854264736202 5.6627144664525977 8.2024324834346753 8.3425080031156558 8.5824429392814618 39.488665163516998 15.287282750010492 5.2280492782592765 6.6603492498397818 8.231030657887457 17.017454251646999 4.5578475147485724 5.8004926294088355 1068.1409073621035 4.5516595095396024 8.8556073904037493 21.531063258647919 12.236294284462927 7.4375777393579474 6.9903340190649024 18.804428741335869 5.4319622516632071 4.4537113904952994 4.6552117019891739
leaf_count=29 122 31 25 34 37 35 171 67 22 31 35 74 21 25 4568 20 37 91 55 34 29 82 23 20 21
internal_value=-0.000185587 0.000972124 -0.0108756 -0.014035 -0.00949152 -0.017662 -0.00938025 0.0137146 -0.00266418 0.0275056 0.0191507 0.0316953 0.0174854 -0.0495347 -1.58518e-05 0.0255041 -0.000474176 -0.0137722 0.001243 0.000276965 -3.62868e-05 -0.0322212 -0.0575097 0.0467313 0.0607412
internal_weight=1338.85 1207.69 131.167 125.504 111.501 82.6433 68.6289 28.8578 20.5153 43.4394 36.779 28.548 21.5753 14.0029 1164.25 20.2514 1144 61.4274 33.7674 1082.57 1075.13 27.66 14.0144 13.6606 9.20687
internal_count=5739 5178 561 536 477 351 293 126 89 192 161 126 95 59 4986 90 4896 265 146 4631 4597 119 58 61 41
is_linear=0
shrinkage=0.05


Tree=42
num_leaves=31
num_cat=0
split_feature=14 4 59 28 20 59 5 50 50 11 20 1 58 11 59 59 1 4 21 25 28 28 20 51 5 50 29 58 53 53
split_gain=8.0236 7.45708 10.221 10.0948 7.37934 7.24463 7.67793 10.2268 8.60405 6.59249 8.38539 5.96586 8.68128 5.79275 12.6955 12.4197 9.53597 5.56075 10.5902 13.7111 10.3756 9.75611 9.00874 5.30607 5.2338 5.1492 4.43687 4.16815 5.13242 5.28464
threshold=1.2248255890483086 25.999379068174033 175.50000000000003 7.3000000000000016 32.500000000000007 157.50000000000003 7.2666666666666675 15.500000000000002 11.900000000000002 3.0500000000000003 36.70000000000001 12.050000000000002 9.0000000000000018 1.0500000000000003 121.50000000000001 137.50000000000003 9.1500000000000004 10.141376185907687 27.050000000000004 10.250000000000002 1.5000000000000002 1.0000000180025095e-35 27.100000000000005 10.850000000000003 5.3000000000000016 14.700000000000001 2.8500000000000001 5.0000000000000009 4.3500000000000005 3.4500000000000006
decision_type=2 2 2 2 2 2 2 2 2 2 2 2 2 2 2 2 2 2 2 2 2 2 2 2 2 2 2 2 2 2
left_child=11 3 5 17 -5 6 7 -3 -8 -6 -11 12 13 16 -15 -16 23 21 19 -19 -20 -2 -23 -1 -7 27 -14 -13 29 -29
right_child=1 2 -4 4 9 24 8 -9 -10 10 -12 25 26 14 15 -17 -18 18 20 -21 -22 22 -24 -25 -26 -27 -28 28 -30 -31
leaf_value=0.016005927261067636 -0.040875598998511481 -0.022761284835849379 0.054757014161675159 -0.022521816598795555 -0.012526309147465709 -0.081230134605219328 0.032366151323566551 0.035189787187549476 -0.025366768366666625 0.061760771562638817 0.002126440462765541 -0.075035856974000878 0.050457574265131727 -0.051610096825902757 0.073147388325402504 -0.028868927227475388 0.05386572361869009 -0.031221987034121497 0.015187978218562903 0.010838204775524989 -0.00078920123026258331 0.027516797107304366 0.0027748301230435639 -0.052699839069712068 -0.018483889503624128 0.015470893250033433 -0.0087208423208065319 -0.010036312744377704 0.0068310031587931657 -0.068064076660183978
leaf_weight=5.0809349566698092 8.8309647440910322 74.193066388368607 5.6353332400321952 6.3424296230077735 5.8009462654590598 6.2426677942275983 19.244363635778431 8.330505043268202 9.5073739886283857 21.056670621037487 8.4263459593057615 6.2494339793920544 9.0959488451480848 19.960682779550552 4.9610432237386686 7.1029310077428818 6.9173189848661414 56.804487690329552 118.6870182454586 29.098103031516075 699.97394791245461 61.896302491426468 91.825446799397469 5.8775170147418976 7.702812671661377 4.9951485097408286 4.5921720415353766 7.1514937281608644 7.0356309264898291 9.3722342103719694
leaf_count=22 37 314 25 27 25 26 86 37 40 96 37 29 44 87 22 31 31 238 508 125 2983 269 394 25 33 22 20 32 32 42
internal_value=-0.000175348 0.000912167 -0.0103648 0.00224842 0.0263807 -0.0133768 -0.00904099 -0.0168153 0.0130805 0.0353512 0.0449509 -0.0139142 -0.00469602 -0.0144432 -0.0271776 0.0129284 0.00811673 0.0013 -0.000225035 -0.0169206 0.00152259 0.00981206 0.0127811 -0.0205353 -0.0473065 -0.0305513 0.0303222 -0.0384565 -0.0282659 -0.0434618
internal_weight=1337.99 1239.6 130.856 1108.74 41.6264 125.221 111.275 82.5236 28.7517 35.284 29.483 98.3925 63.5885 49.9004 32.0247 12.064 17.8758 1067.12 904.564 85.9026 818.661 162.553 153.722 10.9585 13.9455 34.8039 13.6881 29.8088 23.5594 16.5237
internal_count=5739 5300 561 4739 185 536 477 351 126 158 133 439 282 218 140 53 78 4554 3854 363 3491 700 663 47 59 157 64 135 106 74
is_linear=0
shrinkage=0.05


Tree=43
num_leaves=30
num_cat=0
split_feature=14 4 28 4 20 16 50 15 53 48 11 20 1 58 11 4 49 11 1 0 50 49 50 57 58 53 53 0 50
split_gain=7.30738 6.74105 9.17269 7.59385 6.72224 6.3508 10.4895 6.59507 11.2691 10.1943 6.03903 7.72827 5.46755 7.89429 5.43642 5.80715 5.45567 5.28275 8.59875 5.94452 5.14562 5.00837 4.73529 4.60624 3.961 4.73136 4.95324 3.87501 3.68067
threshold=1.2248255890483086 25.999379068174033 7.3000000000000016 26.135749385749389 32.500000000000007 35.050000000000004 11.500000000000002 35.900000000000006 3.4500000000000006 20.100000000000005 3.0500000000000003 36.70000000000001 12.050000000000002 9.0000000000000018 1.0500000000000003 12.718568840579712 9.7500000000000018 1.0500000000000003 9.1500000000000004 7.7000000000000002 6.7000000000000002 17.350000000000005 14.700000000000001 1.0000000180025095e-35 5.0000000000000009 4.3500000000000005 3.4500000000000006 8.9000000000000021 8.1000000000000014
decision_type=2 2 2 2 2 2 2 2 2 2 2 2 2 2 2 2 2 2 2 2 2 2 2 2 2 2 2 2 2
left_child=12 2 14 -3 -4 6 28 8 -7 -9 -6 -12 13 17 15 -2 -16 18 21 -19 -18 -1 24 -15 -14 26 -26 -21 -5
right_child=1 3 4 5 10 7 -8 9 -10 -11 11 -13 22 23 16 -17 20 19 -20 27 -22 -23 -24 -25 25 -27 -28 -29 -30
leaf_value=0.015873434323015398 0.072228813150147106 -0.071058979066461275 -0.021380112325462677 -0.030039937615254003 -0.011892558622565601 -0.033785365327264331 0.0066927270951199118 0.0032922658810418722 0.052067091485463457 -0.03345747733469949 0.059396691652079607 0.0020218616556165496 -0.073184693789759545 7.2753475381492769e-05 0.048284682442824821 0.0042517826897755439 -0.0086790829024451198 0.010772095857629227 0.051029258106396372 -0.079830865929778505 0.0018857377838025662 -0.051027752057576314 0.01470726322048211 0.058844151003845435 -0.0095588479167736922 0.0064868588671775198 -0.066029479261706214 -0.027965366813875042 -0.089894863441776121
leaf_weight=5.0676531940698641 5.4336819201707822 4.8001944571733466 6.3521394729614249 5.0052911788225192 5.8096705079078665 5.395395532250407 9.113746911287306 60.548818409442902 12.180991768836973 27.178508728742599 20.810259565711025 8.424308165907858 6.0936144888401058 7.0224926322698575 5.9245407879352561 7.6936316043138504 131.67186719179153 7.9599988460540798 6.9416065812110892 4.6315966099500683 916.16103990375996 5.8335066884756088 4.9969246536493293 6.5575708299875259 7.1386078894138398 7.043540731072425 9.1857969313859922 19.166228845715523 6.4130447655916214
leaf_count=22 24 20 27 21 25 23 39 263 54 115 96 37 29 32 28 33 566 35 31 20 3903 25 22 32 32 32 42 85 26
internal_value=-0.000167475 0.000867043 0.00213726 -0.00986428 0.0252072 -0.00743564 -0.032822 -0.00241193 0.0253882 -0.00806125 0.0338307 0.0430971 -0.0133328 -0.00448528 0.00123515 0.0331003 0.000830342 -0.0138048 0.00772361 -0.0260436 0.000552678 -0.0196111 -0.0293504 0.0290406 -0.0370166 -0.0271004 -0.041848 -0.0385606 -0.0645798
internal_weight=1336.56 1238.92 1108.28 130.636 41.3964 125.836 20.5321 105.304 17.5764 87.7273 35.0442 29.2346 97.6391 63.1807 1066.88 13.1273 1053.76 49.6006 17.8428 31.7578 1047.83 10.9012 34.4585 13.5801 29.4616 23.3679 16.3244 23.7978 11.4183
internal_count=5739 5300 4739 561 185 541 86 455 77 378 158 133 439 282 4554 57 4497 218 78 140 4469 47 157 64 135 106 74 105 47
is_linear=0
shrinkage=0.05


Tree=44
num_leaves=27
num_cat=0
split_feature=14 4 59 28 4 20 53 11 51 14 52 9 11 10 20 10 59 11 6 20 16 16 11 54 20 15
split_gain=6.65138 6.10457 9.16082 8.34027 6.27208 6.12868 5.95005 6.35274 5.25415 6.09463 11.4359 6.36226 5.56528 5.0834 9.39471 9.02997 4.99756 5.35709 4.52576 8.79504 6.31136 6.25066 4.3563 3.85724 3.07776 1.22925
threshold=1.2248255890483086 25.999379068174033 175.50000000000003 7.3000000000000016 26.135749385749389 32.500000000000007 4.9500000000000011 6.8500000000000005 6.4500000000000011 2.0556983339241408 6.1000000000000005 3.4327138186198591 2.5500000000000003 6.9000000000000012 36.300000000000004 5.1000000000000005 160.50000000000003 0.65000000000000002 7.4500000000000011 31.500000000000004 25.050000000000004 16.894444444444449 1.0500000000000003 2.1000000000000005 32.70000000000001 28.100000000000005
decision_type=2 2 2 2 2 2 2 2 2 2 2 2 2 2 2 2 2 2 2 2 2 2 2 2 2 2
left_child=16 3 4 8 -3 -5 7 -7 12 10 -10 -11 -2 15 -15 -6 17 23 19 21 22 -19 -20 -1 -14 -22
right_child=1 2 -4 5 13 6 -8 -9 9 11 -12 -13 24 14 -16 -17 -18 18 20 -21 25 -23 -24 -25 -26 -27
leaf_value=-0.011877266975735466 -0.014480007581330593 -0.068110471531039593 0.05249387943049906 -0.020302415987720937 0.0014598818558618672 0.011613686359844229 0.078092579697816467 0.073962046124347244 0.010529889191649149 0.0076418534728459747 -0.026149515735596776 -0.0037276750958694462 0.015632936578313782 -0.015291694723815889 0.032262995579140488 -0.032819065240722291 0.036105113642656027 -0.021468062432053361 0.038619921368091038 0.02964917412094098 -0.060243615845142554 -0.061952319017945894 -0.0061508262307844175 0.050182593599391805 0.065249805241797937 -0.020938266671082683
leaf_weight=4.7359797656536085 5.4879531860351589 4.7628505229949942 5.5915702879428855 6.3599549978971472 34.137502297759056 23.948895215988163 5.9081357419490805 4.925011843442916 240.22350573539734 152.52493095397949 23.151283755898476 631.7437569797039 5.892115965485571 25.636042058467865 17.26692396402359 43.040190815925598 4.8138574957847586 24.497295781970024 7.3291690647602108 5.3031486570835105 4.6482413709163648 16.334881857037544 19.742738425731659 4.9190118759870529 7.6679867506027222 4.6124743968248367
leaf_count=21 24 20 25 27 146 106 28 24 1033 653 98 2685 26 110 78 182 22 108 34 24 21 77 88 23 35 21
internal_value=-0.000159777 0.000824229 -0.00939606 0.00203281 -0.0122478 0.0241015 0.0323991 0.0226396 0.00117476 0.000695398 0.007278 -0.00150946 0.027137 -0.00993568 0.00376163 -0.0176097 -0.0127689 -0.0154134 -0.0195705 -0.0299779 -0.00617187 -0.0378977 0.00588345 0.0194187 0.0443287 -0.0416338
internal_weight=1335.21 1238.27 130.435 1107.83 124.844 41.142 34.782 28.8739 1066.69 1047.64 263.375 784.269 19.0481 120.081 42.903 77.1777 96.9368 92.1229 82.4679 46.1353 36.3326 40.8322 27.0719 9.65499 13.5601 9.26072
internal_count=5739 5300 561 4739 536 185 158 130 4554 4469 1131 3338 85 516 188 328 439 417 373 209 164 185 122 44 61 42
is_linear=0
shrinkage=0.05


end of trees

feature_importances:
L10_minutes=70
games_played=61
opp_def_L5_ppg_allowed=59
L999_ppg=58
L5_ppg=51
L999_rpg=51
L999_apg=50
L10_apg=49
opp_def_L10_rpg_allowed=48
opp_def_L10_ppg_allowed=43
opp_def_L5_apg_allowed=43
L10_fta=42
opp_def_L10_pra_allowed=42
L5_minutes=41
L10_fga=38
L5_fta=38
L5_apg=37
L5_pra=37
L5_rpg=36
L10_rpg=36
opp_def_L10_apg_allowed=36
opp_def_L5_rpg_allowed=34
line=34
opp_def_L5_pra_allowed=33
L10_ppg=32
L5_fga=29
L999_pra=26
L10_pra=22
rest_days=15
home=7

parameters:
[boosting: gbdt]
[objective: binary]
[metric: auc]
[tree_learner: serial]
[device_type: cpu]
[data_sample_strategy: bagging]
[data: ]
[valid: ]
[num_iterations: 200]
[learning_rate: 0.05]
[num_leaves: 31]
[num_threads: 0]
[seed: 0]
[deterministic: 0]
[force_col_wise: 0]
[force_row_wise: 0]
[histogram_pool_size: -1]
[max_depth: 6]
[min_data_in_leaf: 20]
[min_sum_hessian_in_leaf: 0.001]
[bagging_fraction: 0.8]
[pos_bagging_fraction: 1]
[neg_bagging_fraction: 1]
[bagging_freq: 5]
[bagging_seed: 3]
[bagging_by_query: 0]
[feature_fraction: 0.8]
[feature_fraction_bynode: 1]
[feature_fraction_seed: 2]
[extra_trees: 0]
[extra_seed: 6]
[early_stopping_round: 0]
[early_stopping_min_delta: 0]
[first_metric_only: 0]
[max_delta_step: 0]
[lambda_l1: 0.1]
[lambda_l2: 0.1]
[linear_lambda: 0]
[min_gain_to_split: 0]
[drop_rate: 0.1]
[max_drop: 50]
[skip_drop: 0.5]
[xgboost_dart_mode: 0]
[uniform_drop: 0]
[drop_seed: 4]
[top_rate: 0.2]
[other_rate: 0.1]
[min_data_per_group: 100]
[max_cat_threshold: 32]
[cat_l2: 10]
[cat_smooth: 10]
[max_cat_to_onehot: 4]
[top_k: 20]
[monotone_constraints: ]
[monotone_constraints_method: basic]
[monotone_penalty: 0]
[feature_contri: ]
[forcedsplits_filename: ]
[refit_decay_rate: 0.9]
[cegb_tradeoff: 1]
[cegb_penalty_split: 0]
[cegb_penalty_feature_lazy: ]
[cegb_penalty_feature_coupled: ]
[path_smooth: 0]
[interaction_constraints: ]
[verbosity: -1]
[saved_feature_importance_type: 0]
[use_quantized_grad: 0]
[num_grad_quant_bins: 4]
[quant_train_renew_leaf: 0]
[stochastic_rounding: 1]
[linear_tree: 0]
[max_bin: 255]
[max_bin_by_feature: ]
[min_data_in_bin: 3]
[bin_construct_sample_cnt: 200000]
[data_random_seed: 1]
[is_enable_sparse: 1]
[enable_bundle: 1]
[use_missing: 1]
[zero_as_missing: 0]
[feature_pre_filter: 1]
[pre_partition: 0]
[two_round: 0]
[header: 0]
[label_column: ]
[weight_column: ]
[group_column: ]
[ignore_column: ]
[categorical_feature: ]
[forcedbins_filename: ]
[precise_float_parser: 0]
[parser_config_file: ]
[objective_seed: 5]
[num_class: 1]
[is_unbalance: 0]
[scale_pos_weight: 0.911135]
[sigmoid: 1]
[boost_from_average: 1]
[reg_sqrt: 0]
[alpha: 0.9]
[fair_c: 1]
[poisson_max_delta_step: 0.7]
[tweedie_variance_power: 1.5]
[lambdarank_truncation_level: 30]
[lambdarank_norm: 1]
[label_gain: ]
[lambdarank_position_bias_regularization: 0]
[eval_at: ]
[multi_error_top_k: 1]
[auc_mu_weights: ]
[num_machines: 1]
[local_listen_port: 12400]
[time_out: 120]
[machine_list_filename: ]
[machines: ]
[gpu_platform_id: -1]
[gpu_device_id: -1]
[gpu_use_dp: 0]
[num_gpu: 1]

end of parameters

pandas_categorical:null
