date,game,home_team,away_team,home_score,away_score,actual_total,model_total,error,abs_error,predicted_high,actual_high,correct_direction
2024-10-22,NY @ BOS,BOS,NY,132,109,241,227.371745342915,-13.628254657084995,13.628254657084995,False,True,False
2024-10-23,MIN @ LAL,LAL,MIN,110,103,213,227.371745342915,14.371745342915005,14.371745342915005,False,False,True
2024-10-23,IND @ DET,DET,IND,109,115,224,227.371745342915,3.3717453429150055,3.3717453429150055,False,False,True
2024-10-23,BKN @ ATL,ATL,BKN,120,116,236,227.371745342915,-8.628254657084995,8.628254657084995,False,True,False
2024-10-23,ORL @ MIA,MIA,ORL,97,116,213,227.371745342915,14.371745342915005,14.371745342915005,False,False,True
2024-10-23,MIL @ PHI,PHI,MIL,109,124,233,227.371745342915,-5.6282546570849945,5.6282546570849945,False,True,False
2024-10-23,CLE @ TOR,TOR,CLE,106,136,242,227.371745342915,-14.628254657084995,14.628254657084995,False,True,False
2024-10-24,CHA @ HOU,HOU,CHA,105,110,215,227.371745342915,12.371745342915005,12.371745342915005,False,False,True
2024-10-24,CHI @ NO,NO,CHI,123,111,234,227.371745342915,-6.6282546570849945,6.6282546570849945,False,True,False
2024-10-24,MEM @ UTAH,UTAH,MEM,124,126,250,227.371745342915,-22.628254657084995,22.628254657084995,False,True,False
2024-10-24,PHX @ LAC,LAC,PHX,113,116,229,227.371745342915,-1.6282546570849945,1.6282546570849945,False,True,False
2024-10-24,GS @ POR,POR,GS,104,140,244,227.371745342915,-16.628254657084995,16.628254657084995,False,True,False
2024-10-24,BOS @ WSH,WSH,BOS,102,122,224,229.8734269772469,5.873426977246908,5.873426977246908,True,False,False
2024-10-24,SA @ DAL,DAL,SA,120,109,229,227.371745342915,-1.6282546570849945,1.6282546570849945,False,True,False
2024-10-25,OKC @ DEN,DEN,OKC,87,102,189,227.371745342915,38.371745342915005,38.371745342915005,False,False,True
2024-10-25,MIN @ SAC,SAC,MIN,115,117,232,222.42015680341584,-9.579843196584164,9.579843196584164,False,True,False
2024-10-25,BKN @ ORL,ORL,BKN,116,101,217,221.2336096757374,4.233609675737398,4.233609675737398,False,False,True
2024-10-25,PHI @ TOR,TOR,PHI,115,107,222,221.2430266242506,-0.7569733757493964,0.7569733757493964,False,False,True
2024-10-25,CHA @ ATL,ATL,CHA,125,120,245,226.72582365718247,-18.274176342817526,18.274176342817526,False,True,False
2024-10-25,DET @ CLE,CLE,DET,113,101,214,229.57922948304736,15.579229483047357,15.579229483047357,True,False,False
2024-10-25,IND @ NY,NY,IND,123,98,221,233.57686696752427,12.576866967524268,12.576866967524268,True,False,False
2024-10-26,MEM @ HOU,HOU,MEM,128,108,236,221.28322096765874,-14.716779032341265,14.716779032341265,False,True,False
2024-10-26,CHI @ MIL,MIL,CHI,122,133,255,230.28761776919427,-24.71238223080573,24.71238223080573,True,True,True
2024-10-26,GS @ UTAH,UTAH,GS,86,127,213,232.96885483482728,19.968854834827283,19.968854834827283,True,False,False
2024-10-26,PHX @ LAL,LAL,PHX,123,116,239,227.5752468365143,-11.42475316348569,11.42475316348569,False,True,False
2024-10-26,NO @ POR,POR,NO,103,105,208,226.60157907656256,18.601579076562558,18.601579076562558,False,False,True
2024-10-26,LAC @ DEN,DEN,LAC,104,109,213,229.4822138907541,16.48221389075411,16.48221389075411,True,False,False
2024-10-26,MIA @ CHA,CHA,MIA,106,114,220,218.82178036795526,-1.178219632044744,1.178219632044744,False,False,True
2024-10-26,BOS @ DET,DET,BOS,118,124,242,226.46084820844916,-15.539151791550836,15.539151791550836,False,True,False
2024-10-26,CLE @ WSH,WSH,CLE,116,135,251,231.02769560418795,-19.972304395812046,19.972304395812046,True,True,True
2024-10-27,OKC @ CHI,CHI,OKC,95,114,209,228.3686527619845,19.368652761984492,19.368652761984492,True,False,False
2024-10-27,ORL @ MEM,MEM,ORL,124,111,235,226.63965790864776,-8.360342091352237,8.360342091352237,False,True,False
2024-10-27,TOR @ MIN,MIN,TOR,112,101,213,223.8348728579991,10.834872857999102,10.834872857999102,False,False,True
2024-10-27,HOU @ SA,SA,HOU,109,106,215,225.4445719330958,10.444571933095801,10.444571933095801,False,False,True
2024-10-27,DAL @ PHX,PHX,DAL,114,102,216,228.3270683844757,12.327068384475695,12.327068384475695,True,False,False
2024-10-27,SAC @ LAL,LAL,SAC,131,127,258,225.31978724853204,-32.68021275146796,32.68021275146796,False,True,False
2024-10-27,PHI @ IND,IND,PHI,114,118,232,229.79188350524643,-2.2081164947535683,2.2081164947535683,True,True,True
2024-10-27,MIL @ BKN,BKN,MIL,115,102,217,223.6807491926724,6.680749192672408,6.680749192672408,False,False,True
2024-10-27,NO @ POR,POR,NO,125,103,228,223.5224694693587,-4.477530530641303,4.477530530641303,False,True,False
2024-10-27,ATL @ OKC,OKC,ATL,128,104,232,227.04498941348976,-4.955010586510241,4.955010586510241,False,True,False
2024-10-28,LAC @ GS,GS,LAC,104,112,216,233.33499673814214,17.334996738142138,17.334996738142138,True,False,False
2024-10-28,IND @ ORL,ORL,IND,119,115,234,227.60028184689443,-6.399718153105567,6.399718153105567,False,True,False
2024-10-28,WSH @ ATL,ATL,WSH,119,121,240,226.83068043953273,-13.169319560467272,13.169319560467272,False,True,False
2024-10-28,MIL @ BOS,BOS,MIL,119,108,227,223.7177853645077,-3.282214635492295,3.282214635492295,False,False,True
2024-10-28,DET @ MIA,MIA,DET,106,98,204,225.44357807204082,21.443578072040822,21.443578072040822,False,False,True
2024-10-28,CLE @ NY,NY,CLE,104,110,214,227.31613571210866,13.316135712108661,13.316135712108661,False,False,True
2024-10-28,DEN @ TOR,TOR,DEN,125,127,252,226.27015197282083,-25.729848027179173,25.729848027179173,False,True,False
2024-10-29,CHI @ MEM,MEM,CHI,123,126,249,230.12252657192613,-18.87747342807387,18.87747342807387,True,True,True
2024-10-29,HOU @ SA,SA,HOU,101,106,207,223.68615529882794,16.68615529882794,16.68615529882794,False,False,True
2024-10-29,UTAH @ DAL,DAL,UTAH,110,102,212,219.34171403282974,7.341714032829742,7.341714032829742,False,False,True
2024-10-29,LAL @ PHX,PHX,LAL,109,105,214,230.26488443819383,16.264884438193832,16.264884438193832,True,False,False
2024-10-29,POR @ SAC,SAC,POR,111,98,209,227.24773127887218,18.24773127887218,18.24773127887218,False,False,True
2024-10-29,DEN @ BKN,BKN,DEN,139,144,283,223.59901089868956,-59.400989101310444,59.400989101310444,False,True,False
2024-10-29,DAL @ MIN,MIN,DAL,114,120,234,223.87393433759414,-10.126065662405864,10.126065662405864,False,True,False
2024-10-30,SAC @ UTAH,UTAH,SAC,96,113,209,222.17418139748756,13.174181397487558,13.174181397487558,False,False,True
2024-10-30,NO @ GS,GS,NO,124,106,230,227.19596475804752,-2.8040352419524766,2.8040352419524766,False,True,False
2024-10-30,TOR @ CHA,CHA,TOR,138,133,271,223.87905722518667,-47.12094277481333,47.12094277481333,False,True,False
2024-10-30,LAL @ CLE,CLE,LAL,134,110,244,229.84353392883656,-14.156466071163436,14.156466071163436,True,True,True
2024-10-30,BOS @ IND,IND,BOS,135,132,267,228.46736392744486,-38.532636072555135,38.532636072555135,True,True,True
2024-10-30,DET @ PHI,PHI,DET,95,105,200,220.93297099623572,20.932970996235724,20.932970996235724,False,False,True
2024-10-30,ATL @ WSH,WSH,ATL,133,120,253,225.63635719728097,-27.363642802719028,27.363642802719028,False,True,False
2024-10-30,NY @ MIA,MIA,NY,107,116,223,223.00631597773912,0.006315977739120626,0.006315977739120626,False,False,True
2024-10-31,ORL @ CHI,CHI,ORL,102,99,201,225.87616445681005,24.876164456810045,24.876164456810045,False,False,True
2024-10-31,BKN @ MEM,MEM,BKN,106,119,225,228.8568810751659,3.8568810751658873,3.8568810751658873,True,False,False
2024-10-31,SA @ OKC,OKC,SA,105,93,198,227.5145552707888,29.514555270788804,29.514555270788804,False,False,True
2024-10-31,NO @ GS,GS,NO,104,89,193,227.23569730154327,34.23569730154327,34.23569730154327,False,False,True
2024-10-31,POR @ LAC,LAC,POR,105,106,211,227.444893795502,16.444893795501997,16.444893795501997,False,False,True
2024-11-01,MIL @ MEM,MEM,MIL,122,99,221,228.55661920085308,7.556619200853078,7.556619200853078,True,False,False
2024-11-01,HOU @ DAL,DAL,HOU,102,108,210,221.39306188984315,11.393061889843153,11.393061889843153,False,False,True
2024-11-01,SA @ UTAH,UTAH,SA,88,106,194,223.53569107122325,29.535691071223255,29.535691071223255,False,False,True
2024-11-01,PHX @ LAC,LAC,PHX,119,125,244,228.7274487640508,-15.272551235949209,15.272551235949209,True,True,True
2024-11-01,BOS @ CHA,CHA,BOS,109,124,233,222.433543902307,-10.566456097692992,10.566456097692992,False,True,False
2024-11-01,ORL @ CLE,CLE,ORL,120,109,229,229.90479851807993,0.9047985180799287,0.9047985180799287,True,True,True
2024-11-01,NY @ DET,DET,NY,98,128,226,222.58722173154263,-3.412778268457373,3.412778268457373,False,False,True
2024-11-01,SAC @ ATL,ATL,SAC,115,123,238,228.1736100162276,-9.826389983772401,9.826389983772401,True,True,True
2024-11-01,CHI @ BKN,BKN,CHI,120,112,232,227.74660040704651,-4.253399592953485,4.253399592953485,True,True,True
2024-11-01,LAL @ TOR,TOR,LAL,125,131,256,230.3115490139706,-25.68845098602941,25.68845098602941,True,True,True
2024-11-02,IND @ NO,NO,IND,125,118,243,227.86480709056883,-15.135192909431169,15.135192909431169,True,True,True
2024-11-02,DEN @ MIN,MIN,DEN,119,116,235,226.81070612092694,-8.189293879073062,8.189293879073062,False,True,False
2024-11-02,OKC @ POR,POR,OKC,114,137,251,224.37715256282488,-26.622847437175125,26.622847437175125,False,True,False
2024-11-02,BOS @ CHA,CHA,BOS,103,113,216,222.35879937487562,6.358799374875616,6.358799374875616,False,False,True
2024-11-02,MEM @ PHI,PHI,MEM,107,124,231,226.0688626127496,-4.931137387250402,4.931137387250402,False,True,False
2024-11-02,SAC @ TOR,TOR,SAC,131,128,259,231.1054388822458,-27.894561117754193,27.894561117754193,True,True,True
2024-11-03,GS @ HOU,HOU,GS,121,127,248,225.8651364967807,-22.134863503219293,22.134863503219293,False,True,False
2024-11-03,CLE @ MIL,MIL,CLE,113,114,227,227.9690109010988,0.9690109010988124,0.9690109010988124,True,False,False
2024-11-03,MIN @ SA,SA,MIN,113,103,216,225.77444917458246,9.774449174582458,9.774449174582458,False,False,True
2024-11-03,MIA @ WSH,WSH,MIA,98,118,216,226.10544110632648,10.10544110632648,10.10544110632648,False,False,True
2024-11-03,UTAH @ DEN,DEN,UTAH,129,103,232,224.22114921302054,-7.778850786979461,7.778850786979461,False,True,False
2024-11-03,POR @ PHX,PHX,POR,103,97,200,225.42917618289545,25.429176182895446,25.429176182895446,False,False,True
2024-11-03,OKC @ LAC,LAC,OKC,92,105,197,229.25372260068966,32.253722600689656,32.253722600689656,True,False,False
2024-11-03,DET @ BKN,BKN,DET,92,106,198,225.9228064647979,27.9228064647979,27.9228064647979,False,False,True
2024-11-04,ATL @ NO,NO,ATL,111,126,237,226.75243900464218,-10.247560995357816,10.247560995357816,False,True,False
2024-11-04,ORL @ DAL,DAL,ORL,108,85,193,224.7803037668424,31.780303766842394,31.780303766842394,False,False,True
2024-11-05,MIL @ CLE,CLE,MIL,116,114,230,227.63109731464462,-2.36890268535538,2.36890268535538,False,True,False
2024-11-05,GS @ WSH,WSH,GS,112,125,237,229.6006144297586,-7.399385570241407,7.399385570241407,True,True,True
2024-11-05,LAL @ DET,DET,LAL,115,103,218,226.7144285689493,8.714428568949302,8.714428568949302,False,False,True
2024-11-05,BOS @ ATL,ATL,BOS,93,123,216,226.79978409659313,10.799784096593129,10.799784096593129,False,False,True
2024-11-05,MEM @ BKN,BKN,MEM,106,104,210,231.30090669658833,21.300906696588328,21.300906696588328,True,False,False
2024-11-05,SAC @ MIA,MIA,SAC,110,111,221,225.41716886324704,4.417168863247042,4.417168863247042,False,False,True
2024-11-05,UTAH @ CHI,CHI,UTAH,126,135,261,223.5863350280577,-37.413664971942296,37.413664971942296,False,True,False
2024-11-05,NY @ HOU,HOU,NY,109,97,206,221.7183854284208,15.718385428420788,15.718385428420788,False,False,True
2024-11-05,CHA @ MIN,MIN,CHA,114,93,207,224.6944246110309,17.69442461103091,17.69442461103091,False,False,True
2024-11-05,ORL @ OKC,OKC,ORL,102,86,188,226.11186146535223,38.111861465352234,38.111861465352234,False,False,True
2024-11-05,POR @ NO,NO,POR,100,118,218,223.09944359939027,5.09944359939027,5.09944359939027,False,False,True
2024-11-05,IND @ DAL,DAL,IND,127,134,261,228.23160987343996,-32.768390126560035,32.768390126560035,True,True,True
2024-11-05,TOR @ DEN,DEN,TOR,121,119,240,229.4470086302094,-10.55299136979059,10.55299136979059,True,True,True
2024-11-05,PHI @ PHX,PHX,PHI,118,116,234,221.94614633137866,-12.053853668621343,12.053853668621343,False,True,False
2024-11-05,SA @ LAC,LAC,SA,113,104,217,228.6624209924721,11.662420992472107,11.662420992472107,True,False,False
2024-11-07,DET @ CHA,CHA,DET,108,107,215,223.13659173296014,8.136591732960142,8.136591732960142,False,False,True
2024-11-07,ORL @ IND,IND,ORL,118,111,229,229.5888579227966,0.588857922796592,0.588857922796592,True,True,True
2024-11-07,NY @ ATL,ATL,NY,121,116,237,226.3753054929951,-10.624694507004904,10.624694507004904,False,True,False
2024-11-07,GS @ BOS,BOS,GS,112,118,230,228.34689499377902,-1.6531050062209829,1.6531050062209829,True,True,True
2024-11-07,SA @ HOU,HOU,SA,127,100,227,224.51759991982848,-2.482400080171516,2.482400080171516,False,False,True
2024-11-07,LAL @ MEM,MEM,LAL,131,114,245,231.01032978213422,-13.989670217865779,13.989670217865779,True,True,True
2024-11-07,CLE @ NO,NO,CLE,122,131,253,226.70810287189232,-26.291897128107678,26.291897128107678,False,True,False
2024-11-07,CHI @ DAL,DAL,CHI,119,99,218,227.47537018344718,9.475370183447183,9.475370183447183,False,False,True
2024-11-07,OKC @ DEN,DEN,OKC,124,122,246,226.88688828240234,-19.11311171759766,19.11311171759766,False,True,False
2024-11-07,MIA @ PHX,PHX,MIA,115,112,227,225.68976946741859,-1.3102305325814143,1.3102305325814143,False,False,True
2024-11-07,PHI @ LAC,LAC,PHI,110,98,208,222.68459169242072,14.684591692420724,14.684591692420724,False,False,True
2024-11-07,TOR @ SAC,SAC,TOR,122,107,229,231.78507197424005,2.7850719742400543,2.7850719742400543,True,True,True
2024-11-08,MIN @ CHI,CHI,MIN,119,135,254,225.3790880293553,-28.6209119706447,28.6209119706447,False,True,False
2024-11-08,UTAH @ MIL,MIL,UTAH,123,100,223,225.2041078678254,2.2041078678253996,2.2041078678253996,False,False,True
2024-11-08,POR @ SA,SA,POR,118,105,223,223.9273486670799,0.9273486670799116,0.9273486670799116,False,False,True
2024-11-09,IND @ CHA,CHA,IND,103,83,186,226.0399907260187,40.03999072601869,40.03999072601869,False,False,True
2024-11-09,ATL @ DET,DET,ATL,122,121,243,227.75035926986948,-15.249640730130523,15.249640730130523,True,True,True
2024-11-09,NO @ ORL,ORL,NO,115,88,203,224.69250171810242,21.69250171810242,21.69250171810242,False,False,True
2024-11-09,BKN @ BOS,BOS,BKN,108,104,212,225.30109509840952,13.301095098409519,13.301095098409519,False,False,True
2024-11-09,GS @ CLE,CLE,GS,136,117,253,231.68501856749492,-21.31498143250508,21.31498143250508,True,True,True
2024-11-09,MIL @ NY,NY,MIL,116,94,210,223.6180581738052,13.618058173805196,13.618058173805196,False,False,True
2024-11-09,PHX @ DAL,DAL,PHX,113,114,227,227.84966336442056,0.8496633644205644,0.8496633644205644,True,False,False
2024-11-09,WSH @ MEM,MEM,WSH,128,104,232,230.538489545943,-1.4615104540569916,1.4615104540569916,True,True,True
2024-11-09,HOU @ OKC,OKC,HOU,126,107,233,225.1013135556774,-7.898686444322607,7.898686444322607,False,True,False
2024-11-09,POR @ MIN,MIN,POR,127,102,229,224.99073210535488,-4.00926789464512,4.00926789464512,False,True,False
2024-11-09,MIA @ DEN,DEN,MIA,135,122,257,225.8764529909394,-31.123547009060587,31.123547009060587,False,True,False
2024-11-09,PHI @ LAL,LAL,PHI,116,106,222,223.76821165710564,1.7682116571056383,1.7682116571056383,False,False,True
2024-11-09,LAC @ SAC,SAC,LAC,98,107,205,228.71922972337217,23.719229723372166,23.719229723372166,True,False,False
2024-11-09,UTAH @ SA,SA,UTAH,110,111,221,226.08159106637572,5.081591066375722,5.081591066375722,False,False,True
2024-11-10,CHI @ ATL,ATL,CHI,113,125,238,229.00957964447787,-8.990420355522133,8.990420355522133,True,True,True
2024-11-10,BKN @ CLE,CLE,BKN,105,100,205,229.58231938178736,24.582319381787357,24.582319381787357,True,False,False
2024-11-10,TOR @ LAC,LAC,TOR,105,103,208,229.72712121345367,21.72712121345367,21.72712121345367,True,False,False
2024-11-10,HOU @ DET,DET,HOU,99,101,200,225.1261984649755,25.126198464975488,25.126198464975488,False,False,True
2024-11-10,BOS @ MIL,MIL,BOS,107,113,220,224.70759270376055,4.707592703760554,4.707592703760554,False,False,True
2024-11-10,NY @ IND,IND,NY,132,121,253,228.87957040684316,-24.120429593156842,24.120429593156842,True,True,True
2024-11-10,WSH @ ORL,ORL,WSH,121,94,215,227.81840813058818,12.818408130588182,12.818408130588182,True,False,False
2024-11-11,CHA @ PHI,PHI,CHA,107,105,212,222.50787501445242,10.507875014452424,10.507875014452424,False,False,True
2024-11-11,MIA @ MIN,MIN,MIA,94,95,189,226.44814383237184,37.44814383237184,37.44814383237184,False,False,True
2024-11-11,GS @ OKC,OKC,GS,116,127,243,229.1519553013963,-13.848044698603701,13.848044698603701,True,True,True
2024-11-11,DAL @ DEN,DEN,DAL,122,120,242,227.87134454121795,-14.128655458782049,14.128655458782049,True,True,True
2024-11-11,SAC @ PHX,PHX,SAC,118,127,245,227.95445169211746,-17.04554830788254,17.04554830788254,True,True,True
2024-11-11,MEM @ POR,POR,MEM,89,134,223,227.9440085164469,4.9440085164469,4.9440085164469,True,False,False
2024-11-11,TOR @ LAL,LAL,TOR,123,103,226,230.5240681055895,4.5240681055894925,4.5240681055894925,True,False,False
2024-11-12,CLE @ CHI,CHI,CLE,113,119,232,228.39802736973112,-3.6019726302688753,3.6019726302688753,True,True,True
2024-11-12,WSH @ HOU,HOU,WSH,107,92,199,224.71396481813983,25.71396481813983,25.71396481813983,False,False,True
2024-11-12,BKN @ NO,NO,BKN,105,107,212,224.88115311483818,12.881153114838185,12.881153114838185,False,False,True
2024-11-12,LAC @ OKC,OKC,LAC,134,128,262,226.23230147330835,-35.767698526691646,35.767698526691646,False,True,False
2024-11-12,SAC @ SA,SA,SAC,116,96,212,227.8521495407894,15.852149540789412,15.852149540789412,True,False,False
2024-11-13,ATL @ BOS,BOS,ATL,116,117,233,226.27729648456767,-6.722703515432329,6.722703515432329,False,True,False
2024-11-13,MIA @ DET,DET,MIA,123,121,244,225.32959215401013,-18.67040784598987,18.67040784598987,False,True,False
2024-11-13,CHA @ ORL,ORL,CHA,114,89,203,225.098819417631,22.098819417631006,22.098819417631006,False,False,True
2024-11-13,NY @ PHI,PHI,NY,99,111,210,224.69547369426147,14.695473694261466,14.695473694261466,False,False,True
2024-11-13,TOR @ MIL,MIL,TOR,99,85,184,228.70443625561018,44.704436255610176,44.704436255610176,True,False,False
2024-11-13,PHX @ UTAH,UTAH,PHX,112,120,232,225.88596058348728,-6.114039416512725,6.114039416512725,False,True,False
2024-11-13,DAL @ GS,GS,DAL,120,117,237,228.49429408393624,-8.50570591606376,8.50570591606376,True,True,True
2024-11-13,MIN @ POR,POR,MIN,122,108,230,224.52169146908525,-5.478308530914745,5.478308530914745,False,True,False
2024-11-14,IND @ ORL,ORL,IND,94,90,184,228.158251970576,44.158251970576,44.158251970576,True,False,False
2024-11-14,BOS @ BKN,BKN,BOS,114,139,253,225.96423501642397,-27.03576498357603,27.03576498357603,False,True,False
2024-11-14,CHI @ NY,NY,CHI,123,124,247,229.02151278718094,-17.97848721281906,17.97848721281906,True,True,True
2024-11-14,CLE @ PHI,PHI,CLE,106,114,220,225.8042663118178,5.804266311817798,5.804266311817798,False,False,True
2024-11-14,NO @ OKC,OKC,NO,106,88,194,225.08304569642132,31.083045696421323,31.083045696421323,False,False,True
2024-11-14,LAC @ HOU,HOU,LAC,111,103,214,224.28126799326077,10.28126799326077,10.28126799326077,False,False,True
2024-11-14,DET @ MIL,MIL,DET,127,120,247,225.8143608412353,-21.1856391587647,21.1856391587647,False,True,False
2024-11-14,WSH @ SA,SA,WSH,139,130,269,226.639267327745,-42.36073267225501,42.36073267225501,False,True,False
2024-11-14,MEM @ LAL,LAL,MEM,128,123,251,232.13886315424702,-18.86113684575298,18.86113684575298,True,True,True
2024-11-14,MIN @ POR,POR,MIN,106,98,204,224.86650696973402,20.86650696973402,20.86650696973402,False,False,True
2024-11-14,PHX @ SAC,SAC,PHX,127,104,231,229.10900876817294,-1.8909912318270585,1.8909912318270585,True,True,True
2024-11-15,DAL @ UTAH,UTAH,DAL,115,113,228,225.90649788556482,-2.093502114435182,2.093502114435182,False,True,False
2024-11-16,MIA @ IND,IND,MIA,111,124,235,226.82209950471608,-8.177900495283922,8.177900495283922,False,True,False
2024-11-16,PHI @ ORL,ORL,PHI,98,86,184,224.18031284333597,40.18031284333597,40.18031284333597,False,False,True
2024-11-16,DET @ TOR,TOR,DET,95,99,194,229.2638459530495,35.2638459530495,35.2638459530495,True,False,False
2024-11-16,WSH @ ATL,ATL,WSH,129,117,246,228.57404828283703,-17.425951717162974,17.425951717162974,True,True,True
2024-11-16,CHI @ CLE,CLE,CHI,144,126,270,230.37648831921163,-39.62351168078837,39.62351168078837,True,True,True
2024-11-16,BKN @ NY,NY,BKN,124,122,246,228.005315798219,-17.994684201781013,17.994684201781013,True,True,True
2024-11-16,LAL @ SA,SA,LAL,115,120,235,228.47417238098743,-6.525827619012574,6.525827619012574,True,True,True
2024-11-16,LAC @ HOU,HOU,LAC,125,104,229,224.2880004266857,-4.711999573314301,4.711999573314301,False,True,False
2024-11-16,DEN @ NO,NO,DEN,101,94,195,227.90677403738937,32.90677403738937,32.90677403738937,True,False,False
2024-11-16,PHX @ OKC,OKC,PHX,99,83,182,226.78010923060708,44.78010923060708,44.78010923060708,False,False,True
2024-11-16,MEM @ GS,GS,MEM,123,118,241,232.15936459134156,-8.840635408658443,8.840635408658443,True,True,True
2024-11-16,MIN @ SAC,SAC,MIN,126,130,256,228.53741177838805,-27.462588221611952,27.462588221611952,True,True,True
2024-11-16,MIL @ CHA,CHA,MIL,115,114,229,221.56083212697573,-7.4391678730242745,7.4391678730242745,False,True,False
2024-11-17,TOR @ BOS,BOS,TOR,126,123,249,228.56821149592903,-20.431788504070965,20.431788504070965,True,True,True
2024-11-17,LAL @ NO,NO,LAL,99,104,203,225.41596408920608,22.415964089206085,22.415964089206085,False,False,True
2024-11-17,SA @ DAL,DAL,SA,110,93,203,230.7747031756626,27.77470317566261,27.77470317566261,True,False,False
2024-11-17,UTAH @ SAC,SAC,UTAH,121,117,238,228.4730561414069,-9.526943858593114,9.526943858593114,True,True,True
2024-11-17,PHX @ MIN,MIN,PHX,120,117,237,226.71185251510343,-10.28814748489657,10.28814748489657,False,True,False
2024-11-17,MIA @ IND,IND,MIA,119,110,229,226.41493727201023,-2.585062727989765,2.585062727989765,False,True,False
2024-11-17,CHA @ CLE,CLE,CHA,128,114,242,227.56388300816573,-14.436116991834268,14.436116991834268,False,True,False
2024-11-17,DET @ WSH,WSH,DET,104,124,228,227.45542418784166,-0.5445758121583424,0.5445758121583424,False,True,False
2024-11-17,DEN @ MEM,MEM,DEN,105,90,195,232.0553599008134,37.055359900813386,37.055359900813386,True,False,False
2024-11-17,ATL @ POR,POR,ATL,114,110,224,226.91392100746,2.9139210074600044,2.9139210074600044,False,False,True
2024-11-18,BKN @ NY,NY,BKN,114,104,218,228.50714344473764,10.507143444737636,10.507143444737636,True,False,False
2024-11-18,HOU @ CHI,CHI,HOU,107,143,250,227.8611788985057,-22.1388211014943,22.1388211014943,True,True,True
2024-11-18,DAL @ OKC,OKC,DAL,119,121,240,227.04549452821746,-12.95450547178254,12.95450547178254,False,True,False
2024-11-18,UTAH @ LAC,LAC,UTAH,116,105,221,223.9642052927081,2.964205292708101,2.964205292708101,False,False,True
2024-11-19,CHI @ DET,DET,CHI,112,122,234,228.98271175273112,-5.01728824726888,5.01728824726888,True,True,True
2024-11-19,PHI @ MIA,MIA,PHI,106,89,195,221.87115769818453,26.871157698184533,26.871157698184533,False,False,True
2024-11-19,WSH @ NY,NY,WSH,134,106,240,228.25489044078012,-11.745109559219884,11.745109559219884,True,True,True
2024-11-19,IND @ TOR,TOR,IND,130,119,249,228.98751351244633,-20.012486487553673,20.012486487553673,True,True,True
2024-11-19,HOU @ MIL,MIL,HOU,101,100,201,226.6866656201552,25.686665620155196,25.686665620155196,False,False,True
2024-11-19,ORL @ PHX,PHX,ORL,99,109,208,225.40276853697745,17.402768536977447,17.402768536977447,False,False,True
2024-11-19,ATL @ SAC,SAC,ATL,108,109,217,230.78124575430994,13.781245754309936,13.781245754309936,True,False,False
2024-11-19,GS @ LAC,LAC,GS,102,99,201,226.90776900953668,25.90776900953668,25.90776900953668,False,False,True
2024-11-20,CLE @ BOS,BOS,CLE,120,117,237,228.05123555045978,-8.94876444954022,8.94876444954022,True,True,True
2024-11-20,CHA @ BKN,BKN,CHA,116,115,231,225.87528514472183,-5.124714855278171,5.124714855278171,False,True,False
2024-11-20,DEN @ MEM,MEM,DEN,110,122,232,232.0899471974413,0.08994719744129043,0.08994719744129043,True,True,True
2024-11-20,NO @ DAL,DAL,NO,132,91,223,227.2259509726739,4.2259509726739,4.2259509726739,False,False,True
2024-11-20,OKC @ SA,SA,OKC,110,104,214,227.7109824692319,13.710982469231908,13.710982469231908,True,False,False
2024-11-20,UTAH @ LAL,LAL,UTAH,124,118,242,226.76325187667695,-15.236748123323054,15.236748123323054,False,True,False
2024-11-21,NO @ CLE,CLE,NO,128,100,228,227.18442681660645,-0.8155731833935533,0.8155731833935533,False,True,False
2024-11-21,CHI @ MIL,MIL,CHI,122,106,228,226.91270341753477,-1.0872965824652283,1.0872965824652283,False,True,False
2024-11-21,IND @ HOU,HOU,IND,130,113,243,226.9743901393222,-16.025609860677804,16.025609860677804,False,True,False
2024-11-21,PHI @ MEM,MEM,PHI,117,111,228,226.64447088532174,-1.3555291146782622,1.3555291146782622,False,True,False
2024-11-21,POR @ OKC,OKC,POR,109,99,208,223.60677861700722,15.606778617007222,15.606778617007222,False,False,True
2024-11-21,NY @ PHX,PHX,NY,122,138,260,228.0903275990052,-31.909672400994793,31.909672400994793,True,True,True
2024-11-21,ATL @ GS,GS,ATL,120,97,217,230.44252523191255,13.442525231912555,13.442525231912555,True,False,False
2024-11-21,ORL @ LAC,LAC,ORL,104,93,197,224.37904133796266,27.37904133796266,27.37904133796266,False,False,True
2024-11-22,DET @ CHA,CHA,DET,123,121,244,225.535312814112,-18.46468718588801,18.46468718588801,False,True,False
2024-11-22,MIN @ TOR,TOR,MIN,110,105,215,227.22037584671008,12.220375846710084,12.220375846710084,False,False,True
2024-11-22,UTAH @ SA,SA,UTAH,126,118,244,227.90464965340615,-16.095350346593847,16.095350346593847,True,True,True
2024-11-22,ORL @ LAL,LAL,ORL,118,119,237,227.59866905521602,-9.401330944783979,9.401330944783979,False,True,False
2024-11-23,BKN @ PHI,PHI,BKN,113,98,211,225.04724986680026,14.047249866800257,14.047249866800257,False,False,True
2024-11-23,BOS @ WSH,WSH,BOS,96,108,204,227.29073733251897,23.290737332518972,23.290737332518972,False,False,True
2024-11-23,GS @ NO,NO,GS,108,112,220,226.63332192366897,6.633321923668973,6.633321923668973,False,False,True
2024-11-23,IND @ MIL,MIL,IND,129,117,246,225.74001179170986,-20.25998820829014,20.25998820829014,False,True,False
2024-11-23,ATL @ CHI,CHI,ATL,136,122,258,230.91722780193155,-27.082772198068454,27.082772198068454,True,True,True
2024-11-23,POR @ HOU,HOU,POR,116,88,204,223.93823649803954,19.938236498039544,19.938236498039544,False,False,True
2024-11-23,DAL @ DEN,DEN,DAL,120,123,243,229.62625402735245,-13.373745972647555,13.373745972647555,True,True,True
2024-11-23,SAC @ LAC,LAC,SAC,104,88,192,224.72020169255148,32.720201692551484,32.720201692551484,False,False,True
2024-11-23,NY @ UTAH,UTAH,NY,121,106,227,229.69289660530225,2.692896605302252,2.692896605302252,True,False,False
2024-11-24,DET @ ORL,ORL,DET,111,100,211,229.31967195173033,18.319671951730328,18.319671951730328,True,False,False
2024-11-24,MEM @ CHI,CHI,MEM,131,142,273,231.49297768485482,-41.50702231514518,41.50702231514518,True,True,True
2024-11-24,POR @ HOU,HOU,POR,98,104,202,223.35712880638607,21.357128806386072,21.357128806386072,False,False,True
2024-11-24,CHA @ MIL,MIL,CHA,125,119,244,225.1366170060517,-18.863382993948306,18.863382993948306,False,True,False
2024-11-24,GS @ SA,SA,GS,104,94,198,230.3481805719165,32.34818057191649,32.34818057191649,True,False,False
2024-11-24,DEN @ LAL,LAL,DEN,102,127,229,230.37139989497183,1.3713998949718302,1.3713998949718302,True,True,True
2024-11-24,MIN @ BOS,BOS,MIN,107,105,212,225.3483216099729,13.348321609972913,13.348321609972913,False,False,True
2024-11-24,WSH @ IND,IND,WSH,115,103,218,226.66353103633216,8.66353103633216,8.66353103633216,False,False,True
2024-11-24,DAL @ MIA,MIA,DAL,123,118,241,225.48285310478357,-15.517146895216428,15.517146895216428,False,True,False
2024-11-24,LAC @ PHI,PHI,LAC,99,125,224,224.96911493379093,0.9691149337909337,0.9691149337909337,False,False,True
2024-11-25,TOR @ CLE,CLE,TOR,122,108,230,229.63380145222797,-0.3661985477720293,0.3661985477720293,True,True,True
2024-11-25,BKN @ SAC,SAC,BKN,103,108,211,226.48491682335506,15.484916823355064,15.484916823355064,False,False,True
2024-11-26,ORL @ CHA,CHA,ORL,84,95,179,224.06152360902934,45.06152360902934,45.06152360902934,False,False,True
2024-11-26,TOR @ DET,DET,TOR,102,100,202,226.93608468700918,24.936084687009185,24.936084687009185,False,False,True
2024-11-26,NO @ IND,IND,NO,114,110,224,225.59115748491232,1.5911574849123156,1.5911574849123156,False,False,True
2024-11-26,DAL @ ATL,ATL,DAL,119,129,248,229.68422963092465,-18.315770369075352,18.315770369075352,True,True,True
2024-11-26,LAC @ BOS,BOS,LAC,126,94,220,226.49354691044266,6.49354691044266,6.49354691044266,False,False,True
2024-11-26,POR @ MEM,MEM,POR,123,98,221,225.81352232768714,4.813522327687139,4.813522327687139,False,False,True
2024-11-26,NY @ DEN,DEN,NY,118,145,263,232.2075267632467,-30.792473236753295,30.792473236753295,True,True,True
2024-11-26,BKN @ GS,GS,BKN,120,128,248,226.62710862884686,-21.372891371153145,21.372891371153145,False,True,False
2024-11-26,OKC @ SAC,SAC,OKC,109,130,239,226.72668000255524,-12.273319997444759,12.273319997444759,False,True,False
2024-11-27,CHI @ WSH,WSH,CHI,108,127,235,227.89231185261198,-7.107688147388018,7.107688147388018,True,True,True
2024-11-27,MIL @ MIA,MIA,MIL,103,106,209,223.6774870149861,14.677487014986099,14.677487014986099,False,False,True
2024-11-27,HOU @ MIN,MIN,HOU,111,117,228,225.75561666681494,-2.2443833331850556,2.2443833331850556,False,True,False
2024-11-27,SA @ UTAH,UTAH,SA,115,128,243,229.29661399804905,-13.703386001950946,13.703386001950946,True,True,True
2024-11-27,LAL @ PHX,PHX,LAL,127,100,227,225.78766594475775,-1.212334055242252,1.212334055242252,False,False,True
2024-11-28,MIA @ CHA,CHA,MIA,94,98,192,222.71476506713122,30.714765067131225,30.714765067131225,False,False,True
2024-11-28,ATL @ CLE,CLE,ATL,124,135,259,232.14450337184854,-26.855496628151457,26.855496628151457,True,True,True
2024-11-28,POR @ IND,IND,POR,121,114,235,224.54278743966728,-10.45721256033272,10.45721256033272,False,True,False
2024-11-28,CHI @ ORL,ORL,CHI,133,119,252,229.18535128803356,-22.81464871196644,22.81464871196644,True,True,True
2024-11-28,HOU @ PHI,PHI,HOU,115,122,237,226.59625759806102,-10.403742401938985,10.403742401938985,False,True,False
2024-11-28,LAC @ WSH,WSH,LAC,96,121,217,225.74351176638882,8.74351176638882,8.74351176638882,False,False,True
2024-11-28,NY @ DAL,DAL,NY,129,114,243,231.91961667870947,-11.080383321290526,11.080383321290526,True,True,True
2024-11-28,DET @ MEM,MEM,DET,131,111,242,229.11865011862986,-12.881349881370141,12.881349881370141,True,True,True
2024-11-28,SAC @ MIN,MIN,SAC,104,115,219,225.0245477875359,6.024547787535909,6.024547787535909,False,False,True
2024-11-28,TOR @ NO,NO,TOR,93,119,212,225.46136969812082,13.46136969812082,13.46136969812082,False,False,True
2024-11-28,LAL @ SA,SA,LAL,101,119,220,228.53828497654172,8.538284976541718,8.538284976541718,True,False,False
2024-11-28,BKN @ PHX,PHX,BKN,117,127,244,225.1300210934787,-18.86997890652131,18.86997890652131,False,True,False
2024-11-28,DEN @ UTAH,UTAH,DEN,103,122,225,229.09327034330283,4.093270343302834,4.093270343302834,True,False,False
2024-11-28,OKC @ GS,GS,OKC,101,105,206,227.71105063530865,21.711050635308652,21.711050635308652,True,False,False
2024-11-29,NY @ CHA,CHA,NY,98,99,197,226.54107056706562,29.541070567065617,29.541070567065617,False,False,True
2024-11-29,CLE @ ATL,ATL,CLE,117,101,218,231.1437663017719,13.143766301771905,13.143766301771905,True,False,False
2024-11-29,NO @ MEM,MEM,NO,120,109,229,228.8249884601784,-0.175011539821611,0.175011539821611,True,True,True
2024-11-30,ORL @ BKN,BKN,ORL,100,123,223,225.83996733458102,2.8399673345810186,2.8399673345810186,False,False,True
2024-11-30,LAC @ MIN,MIN,LAC,93,92,185,225.5412198284901,40.541219828490114,40.541219828490114,False,False,True
2024-11-30,DET @ IND,IND,DET,106,130,236,227.94600451776975,-8.053995482230249,8.053995482230249,True,True,True
2024-11-30,TOR @ MIA,MIA,TOR,121,111,232,225.974676569457,-6.025323430543011,6.025323430543011,False,True,False
2024-11-30,BOS @ CHI,CHI,BOS,129,138,267,229.16021992632935,-37.83978007367065,37.83978007367065,True,True,True
2024-11-30,OKC @ LAL,LAL,OKC,93,101,194,228.17643078797659,34.176430787976585,34.176430787976585,True,False,False
2024-11-30,SAC @ POR,POR,SAC,115,106,221,223.1827234484659,2.1827234484659073,2.1827234484659073,False,False,True
2024-11-30,ATL @ CHA,CHA,ATL,104,107,211,227.69971248148383,16.69971248148383,16.69971248148383,True,False,False
2024-12-01,PHI @ DET,DET,PHI,96,111,207,224.7173621782889,17.71736217828891,17.71736217828891,False,False,True
2024-12-01,WSH @ MIL,MIL,WSH,124,114,238,224.40460522593975,-13.595394774060253,13.595394774060253,False,True,False
2024-12-01,GS @ PHX,PHX,GS,113,105,218,228.91143959001244,10.911439590012435,10.911439590012435,True,False,False
2024-12-01,DAL @ UTAH,UTAH,DAL,94,106,200,227.7149294659027,27.714929465902713,27.714929465902713,True,False,False
2024-12-01,ORL @ BKN,BKN,ORL,92,100,192,225.79451860527712,33.79451860527712,33.79451860527712,False,False,True
2024-12-01,IND @ MEM,MEM,IND,136,121,257,230.27091090007195,-26.729089099928046,26.729089099928046,True,True,True
2024-12-01,BOS @ CLE,CLE,BOS,115,111,226,229.06132127079255,3.061321270792547,3.061321270792547,True,False,False
2024-12-01,NO @ NY,NY,NO,118,85,203,229.24332065785683,26.243320657856827,26.243320657856827,True,False,False
2024-12-01,MIA @ TOR,TOR,MIA,119,116,235,226.4318271574058,-8.568172842594208,8.568172842594208,False,True,False
2024-12-02,OKC @ HOU,HOU,OKC,119,116,235,225.430618185751,-9.569381814248999,9.569381814248999,False,True,False
2024-12-02,LAL @ UTAH,UTAH,LAL,104,105,209,226.6782955384179,17.6782955384179,17.6782955384179,False,False,True
2024-12-02,DAL @ POR,POR,DAL,131,137,268,225.02291378361832,-42.97708621638168,42.97708621638168,False,True,False
2024-12-02,SA @ SAC,SAC,SA,125,127,252,229.54410143827687,-22.45589856172313,22.45589856172313,True,True,True
2024-12-02,DEN @ LAC,LAC,DEN,126,122,248,228.3775163915397,-19.6224836084603,19.6224836084603,True,True,True
2024-12-03,NO @ ATL,ATL,NO,124,112,236,228.35486738418047,-7.645132615819534,7.645132615819534,True,True,True
2024-12-03,MIA @ BOS,BOS,MIA,108,89,197,225.63627354420936,28.63627354420936,28.63627354420936,False,False,True
2024-12-03,BKN @ CHI,CHI,BKN,128,102,230,227.21223744378312,-2.787762556216876,2.787762556216876,False,True,False
2024-12-03,LAL @ MIN,MIN,LAL,109,80,189,224.96815412242864,35.96815412242864,35.96815412242864,False,False,True
2024-12-04,PHI @ CHA,CHA,PHI,104,110,214,221.02557896365587,7.0255789636558745,7.0255789636558745,False,False,True
2024-12-04,WSH @ CLE,CLE,WSH,118,87,205,226.3009788915923,21.300978891592308,21.300978891592308,False,False,True
2024-12-04,MIL @ DET,DET,MIL,107,128,235,225.74552425227998,-9.254475747720022,9.254475747720022,False,True,False
2024-12-04,ORL @ NY,NY,ORL,121,106,227,228.75983717193589,1.7598371719358852,1.7598371719358852,True,False,False
2024-12-04,IND @ TOR,TOR,IND,122,111,233,228.49930249322915,-4.500697506770848,4.500697506770848,True,True,True
2024-12-04,UTAH @ OKC,OKC,UTAH,133,106,239,225.9686890560704,-13.031310943929611,13.031310943929611,False,True,False
2024-12-04,MEM @ DAL,DAL,MEM,121,116,237,231.60758649192047,-5.392413508079528,5.392413508079528,True,True,True
2024-12-04,SA @ PHX,PHX,SA,104,93,197,228.48894599460385,31.488945994603853,31.488945994603853,True,False,False
2024-12-04,GS @ DEN,DEN,GS,119,115,234,232.24759211698472,-1.7524078830152803,1.7524078830152803,True,True,True
2024-12-04,HOU @ SAC,SAC,HOU,120,111,231,228.64855247562582,-2.35144752437418,2.35144752437418,True,True,True
2024-12-04,POR @ LAC,LAC,POR,127,105,232,224.3094542030128,-7.690545796987209,7.690545796987209,False,True,False
2024-12-05,DET @ BOS,BOS,DET,130,120,250,226.47152657693596,-23.528473423064042,23.528473423064042,False,True,False
2024-12-05,IND @ BKN,BKN,IND,99,90,189,226.26212318109555,37.262123181095546,37.262123181095546,False,False,True
2024-12-05,LAL @ MIA,MIA,LAL,134,93,227,225.25359984028873,-1.7464001597112713,1.7464001597112713,False,False,True
2024-12-05,ORL @ PHI,PHI,ORL,102,106,208,224.13938540191344,16.139385401913444,16.139385401913444,False,False,True
2024-12-05,ATL @ MIL,MIL,ATL,104,119,223,230.92132446910196,7.921324469101961,7.921324469101961,True,False,False
2024-12-05,MIN @ LAC,LAC,MIN,80,108,188,225.24838360353743,37.248383603537434,37.248383603537434,False,False,True
2024-12-06,DEN @ CLE,CLE,DEN,126,114,240,230.05721234351756,-9.942787656482437,9.942787656482437,True,True,True
2024-12-06,DAL @ WSH,WSH,DAL,101,137,238,227.0531042552242,-10.946895744775787,10.946895744775787,False,True,False
2024-12-06,CHA @ NY,NY,CHA,125,101,226,226.84631673261214,0.8463167326121379,0.8463167326121379,False,False,True
2024-12-06,OKC @ TOR,TOR,OKC,92,129,221,228.9196724164399,7.919672416439909,7.919672416439909,True,False,False
2024-12-06,SAC @ MEM,MEM,SAC,115,110,225,229.73592287671056,4.735922876710561,4.735922876710561,True,False,False
2024-12-06,PHX @ NO,NO,PHX,126,124,250,224.9925058681691,-25.007494131830896,25.007494131830896,False,True,False
2024-12-06,CHI @ SA,SA,CHI,124,139,263,230.15526055291008,-32.84473944708992,32.84473944708992,True,True,True
2024-12-06,HOU @ GS,GS,HOU,99,93,192,227.45127853213216,35.451278532132164,35.451278532132164,False,False,True
2024-12-07,ORL @ PHI,PHI,ORL,102,94,196,225.19425760111972,29.194257601119716,29.194257601119716,False,False,True
2024-12-07,LAL @ ATL,ATL,LAL,134,132,266,229.23007279027644,-36.76992720972356,36.76992720972356,True,True,True
2024-12-07,MIL @ BOS,BOS,MIL,111,105,216,225.80522191302074,9.805221913020745,9.805221913020745,False,False,True
2024-12-07,IND @ CHI,CHI,IND,123,132,255,228.98599509618847,-26.014004903811525,26.014004903811525,True,True,True
2024-12-07,SAC @ SA,SA,SAC,113,140,253,227.0128067770902,-25.98719322290981,25.98719322290981,False,True,False
2024-12-07,MIN @ GS,GS,MIN,90,107,197,225.39269131146048,28.39269131146048,28.39269131146048,False,False,True
2024-12-07,UTAH @ POR,POR,UTAH,99,141,240,224.07940137350394,-15.920598626496059,15.920598626496059,False,True,False
2024-12-07,CLE @ CHA,CHA,CLE,102,116,218,225.1533069219864,7.153306921986399,7.153306921986399,False,False,True
2024-12-08,DEN @ WSH,WSH,DEN,122,113,235,227.7330141878364,-7.266985812163597,7.266985812163597,True,True,True
2024-12-08,OKC @ NO,NO,OKC,109,119,228,226.7883557796724,-1.2116442203275994,1.2116442203275994,False,True,False
2024-12-08,DET @ NY,NY,DET,111,120,231,228.08112393976535,-2.918876060234652,2.918876060234652,True,True,True
2024-12-08,DAL @ TOR,TOR,DAL,118,125,243,229.63318554797127,-13.366814452028734,13.366814452028734,True,True,True
2024-12-08,MEM @ BOS,BOS,MEM,121,127,248,230.36361322895667,-17.636386771043334,17.636386771043334,True,True,True
2024-12-08,PHX @ MIA,MIA,PHX,121,111,232,226.69845864496952,-5.30154135503048,5.30154135503048,False,True,False
2024-12-08,PHI @ CHI,CHI,PHI,100,108,208,227.25755824637923,19.257558246379233,19.257558246379233,False,False,True
2024-12-08,MIL @ BKN,BKN,MIL,113,118,231,224.80048521303382,-6.199514786966176,6.199514786966176,False,True,False
2024-12-08,CHA @ IND,IND,CHA,109,113,222,224.9863888796337,2.9863888796336937,2.9863888796336937,False,False,True
2024-12-08,DEN @ ATL,ATL,DEN,111,141,252,231.5462055845595,-20.453794415440512,20.453794415440512,True,True,True
2024-12-08,CLE @ MIA,MIA,CLE,122,113,235,227.9150870627599,-7.084912937240091,7.084912937240091,True,True,True
2024-12-08,PHX @ ORL,ORL,PHX,115,110,225,227.7129226903884,2.7129226903884103,2.7129226903884103,True,False,False
2024-12-09,MEM @ WSH,WSH,MEM,112,140,252,230.11636908221408,-21.883630917785922,21.883630917785922,True,True,True
2024-12-09,NO @ SA,SA,NO,121,116,237,225.7930861583796,-11.206913841620405,11.206913841620405,False,True,False
2024-12-09,MIN @ GS,GS,MIN,114,106,220,226.0053921988731,6.005392198873096,6.005392198873096,False,False,True
2024-12-09,HOU @ LAC,LAC,HOU,106,117,223,225.27160667277212,2.2716066727721227,2.2716066727721227,False,False,True
2024-12-09,UTAH @ SAC,SAC,UTAH,141,97,238,228.07542450109963,-9.924575498900367,9.924575498900367,True,True,True
2024-12-09,POR @ LAL,LAL,POR,107,98,205,226.42348140146768,21.423481401467683,21.423481401467683,False,False,True
2024-12-10,NY @ TOR,TOR,NY,108,113,221,230.74721036338786,9.747210363387865,9.747210363387865,True,False,False
2024-12-11,ORL @ MIL,MIL,ORL,114,109,223,225.46158212637027,2.461582126370274,2.461582126370274,False,False,True
2024-12-11,DAL @ OKC,OKC,DAL,118,104,222,228.74045255236234,6.740452552362342,6.740452552362342,True,False,False
2024-12-12,ATL @ NY,NY,ATL,100,108,208,233.08830890615323,25.08830890615323,25.08830890615323,True,False,False
2024-12-12,GS @ HOU,HOU,GS,91,90,181,225.3404894273797,44.34048942737971,44.34048942737971,False,False,True
2024-12-13,DET @ BOS,BOS,DET,123,99,222,225.3724222552003,3.3724222552002914,3.3724222552002914,False,False,True
2024-12-13,TOR @ MIA,MIA,TOR,114,104,218,229.16903189298546,11.169031892985458,11.169031892985458,True,False,False
2024-12-13,SAC @ NO,NO,SAC,109,111,220,227.9082626810817,7.908262681081709,7.908262681081709,True,False,False
2024-12-14,WSH @ CLE,CLE,WSH,115,105,220,227.06973957512335,7.06973957512335,7.06973957512335,False,False,True
2024-12-14,IND @ PHI,PHI,IND,107,121,228,226.3462192721822,-1.6537807278178036,1.6537807278178036,False,True,False
2024-12-14,LAL @ MIN,MIN,LAL,97,87,184,225.8595626000438,41.8595626000438,41.8595626000438,False,False,True
2024-12-14,BKN @ MEM,MEM,BKN,135,119,254,228.52626616607594,-25.473733833924058,25.473733833924058,True,True,True
2024-12-14,CHA @ CHI,CHI,CHA,109,95,204,227.16507196565775,23.165071965657745,23.165071965657745,False,False,True
2024-12-14,LAC @ DEN,DEN,LAC,120,98,218,230.73094789216717,12.730947892167165,12.730947892167165,True,False,False
2024-12-14,PHX @ UTAH,UTAH,PHX,126,134,260,227.5436948110089,-32.45630518899111,32.45630518899111,False,True,False
2024-12-14,SA @ POR,POR,SA,116,118,234,226.67088964394554,-7.329110356054457,7.329110356054457,False,True,False
2024-12-14,ATL @ MIL,MIL,ATL,110,102,212,231.41294387648173,19.412943876481734,19.412943876481734,True,False,False
2024-12-15,HOU @ OKC,OKC,HOU,111,96,207,226.22280196600443,19.222801966004425,19.222801966004425,False,False,True
2024-12-15,NO @ IND,IND,NO,119,104,223,227.01043446094877,4.0104344609487725,4.0104344609487725,False,False,True
2024-12-15,BOS @ WSH,WSH,BOS,98,112,210,227.31930145034525,17.31930145034525,17.31930145034525,False,False,True
2024-12-15,NY @ ORL,ORL,NY,91,100,191,228.09552360886678,37.095523608866785,37.095523608866785,True,False,False
2024-12-16,MIN @ SA,SA,MIN,92,106,198,227.07837312836764,29.078373128367645,29.078373128367645,False,False,True
2024-12-16,POR @ PHX,PHX,POR,116,109,225,226.157279221255,1.1572792212550098,1.1572792212550098,False,False,True
2024-12-16,DAL @ GS,GS,DAL,133,143,276,226.5039939570414,-49.49600604295861,49.49600604295861,False,True,False
2024-12-16,MEM @ LAL,LAL,MEM,116,110,226,231.95154241923507,5.951542419235068,5.951542419235068,True,False,False
2024-12-17,PHI @ CHA,CHA,PHI,108,121,229,221.64951905012782,-7.350480949872178,7.350480949872178,False,True,False
2024-12-17,MIA @ DET,DET,MIA,125,124,249,227.79227905371636,-21.207720946283644,21.207720946283644,True,True,True
2024-12-17,CHI @ TOR,TOR,CHI,121,122,243,231.4449016043021,-11.555098395697911,11.555098395697911,True,True,True
2024-12-17,CLE @ BKN,BKN,CLE,101,130,231,226.81318478127778,-4.1868152187222165,4.1868152187222165,False,True,False
2024-12-17,DEN @ SAC,SAC,DEN,129,130,259,232.07960446454655,-26.92039553545345,26.92039553545345,True,True,True
2024-12-17,UTAH @ LAC,LAC,UTAH,144,107,251,226.19170445157442,-24.808295548425576,24.808295548425576,False,True,False
2024-12-18,MIL @ OKC,OKC,MIL,81,97,178,226.15924544764698,48.15924544764698,48.15924544764698,False,False,True
2024-12-20,UTAH @ DET,DET,UTAH,119,126,245,226.60080439481368,-18.39919560518632,18.39919560518632,False,True,False
2024-12-20,OKC @ ORL,ORL,OKC,99,105,204,227.03755175191756,23.03755175191756,23.03755175191756,False,False,True
2024-12-20,CHA @ WSH,WSH,CHA,123,114,237,224.48703996008183,-12.51296003991817,12.51296003991817,False,True,False
2024-12-20,CHI @ BOS,BOS,CHI,108,117,225,228.99541001672227,3.995410016722275,3.995410016722275,True,False,False
2024-12-20,BKN @ TOR,TOR,BKN,94,101,195,226.52883879785375,31.52883879785375,31.52883879785375,False,False,True
2024-12-20,NO @ HOU,HOU,NO,133,113,246,222.7142618349476,-23.285738165052408,23.285738165052408,False,True,False
2024-12-20,GS @ MEM,MEM,GS,144,93,237,230.13343565384164,-6.866564346158356,6.866564346158356,True,True,True
2024-12-20,ATL @ SA,SA,ATL,133,126,259,231.8401768974766,-27.159823102523404,27.159823102523404,True,True,True
2024-12-20,LAC @ DAL,DAL,LAC,95,118,213,225.70742795744874,12.707427957448743,12.707427957448743,False,False,True
2024-12-20,IND @ PHX,PHX,IND,111,120,231,228.45325985759737,-2.5467401424026264,2.5467401424026264,True,True,True
2024-12-20,NY @ MIN,MIN,NY,107,133,240,226.42814310066373,-13.571856899336268,13.571856899336268,False,True,False
2024-12-20,DEN @ POR,POR,DEN,126,124,250,230.77213383084555,-19.227866169154453,19.227866169154453,True,True,True
2024-12-20,LAL @ SAC,SAC,LAL,100,113,213,229.03359969005766,16.033599690057656,16.033599690057656,True,False,False
2024-12-21,CHA @ PHI,PHI,CHA,108,98,206,224.73548991275908,18.73548991275908,18.73548991275908,False,False,True
2024-12-21,MIL @ CLE,CLE,MIL,124,101,225,225.88543073344658,0.885430733446583,0.885430733446583,False,False,True
2024-12-21,OKC @ MIA,MIA,OKC,97,104,201,227.36234112607423,26.362341126074227,26.362341126074227,False,False,True
2024-12-21,LAL @ SAC,SAC,LAL,99,103,202,228.45263307768053,26.45263307768053,26.45263307768053,True,False,False
2024-12-22,MIA @ ORL,ORL,MIA,121,114,235,227.70502056036634,-7.294979439633664,7.294979439633664,True,True,True
2024-12-22,MEM @ ATL,ATL,MEM,112,128,240,232.44478470791105,-7.5552152920889455,7.5552152920889455,True,True,True
2024-12-22,UTAH @ BKN,BKN,UTAH,94,105,199,224.7340017156166,25.734001715616614,25.734001715616614,False,False,True
2024-12-22,PHI @ CLE,CLE,PHI,126,99,225,225.7974641783669,0.7974641783669085,0.7974641783669085,False,False,True
2024-12-22,BOS @ CHI,CHI,BOS,98,123,221,229.8287007248034,8.828700724803412,8.828700724803412,True,False,False
2024-12-22,WSH @ MIL,MIL,WSH,112,101,213,226.2627699624479,13.26276996244789,13.26276996244789,False,False,True
2024-12-22,GS @ MIN,MIN,GS,103,113,216,225.75093050543296,9.750930505432962,9.750930505432962,False,False,True
2024-12-22,NY @ NO,NO,NY,93,104,197,225.66766455651117,28.66766455651117,28.66766455651117,False,False,True
2024-12-22,LAC @ DAL,DAL,LAC,113,97,210,225.36707637383702,15.367076373837023,15.367076373837023,False,False,True
2024-12-22,POR @ SA,SA,POR,114,94,208,227.74883626737102,19.74883626737102,19.74883626737102,True,False,False
2024-12-22,DET @ PHX,PHX,DET,125,133,258,228.3375665846566,-29.6624334153434,29.6624334153434,True,True,True
2024-12-22,HOU @ TOR,TOR,HOU,110,114,224,227.531012370293,3.5310123702930127,3.5310123702930127,False,False,True
2024-12-22,IND @ SAC,SAC,IND,95,122,217,228.6678479518418,11.667847951841793,11.667847951841793,True,False,False
2024-12-23,DEN @ NO,NO,DEN,129,132,261,228.95345305264462,-32.04654694735538,32.04654694735538,True,True,True
2024-12-24,HOU @ CHA,CHA,HOU,101,114,215,225.00956661263362,10.00956661263362,10.00956661263362,False,False,True
2024-12-24,UTAH @ CLE,CLE,UTAH,124,113,237,226.87926329379007,-10.120736706209925,10.120736706209925,False,True,False
2024-12-24,BOS @ ORL,ORL,BOS,108,104,212,227.6622153673674,15.662215367367395,15.662215367367395,False,False,True
2024-12-24,SA @ PHI,PHI,SA,111,106,217,227.96078049219327,10.960780492193265,10.960780492193265,True,False,False
2024-12-24,MIN @ ATL,ATL,MIN,117,104,221,228.57468145545815,7.574681455458148,7.574681455458148,True,False,False
2024-12-24,BKN @ MIA,MIA,BKN,110,95,205,225.77407908864856,20.774079088648563,20.774079088648563,False,False,True
2024-12-24,TOR @ NY,NY,TOR,139,125,264,229.26956881292952,-34.73043118707048,34.73043118707048,True,True,True
2024-12-24,MIL @ CHI,CHI,MIL,91,112,203,227.70436821159714,24.704368211597142,24.704368211597142,True,False,False
2024-12-24,LAC @ MEM,MEM,LAC,110,114,224,227.80702382752332,3.8070238275233237,3.8070238275233237,True,False,False
2024-12-24,WSH @ OKC,OKC,WSH,123,105,228,225.81781500116762,-2.1821849988323834,2.1821849988323834,False,True,False
2024-12-24,POR @ DAL,DAL,POR,132,108,240,226.74110994851904,-13.258890051480961,13.258890051480961,False,True,False
2024-12-24,PHX @ DEN,DEN,PHX,117,90,207,234.21657177991796,27.216571779917956,27.216571779917956,True,False,False
2024-12-24,IND @ GS,GS,IND,105,111,216,226.68527982584783,10.685279825847829,10.685279825847829,False,False,True
2024-12-24,DET @ LAL,LAL,DET,114,117,231,227.07367497872644,-3.9263250212735556,3.9263250212735556,False,True,False
2024-12-25,SA @ NY,NY,SA,117,114,231,230.72025135566344,-0.2797486443365642,0.2797486443365642,True,True,True
2024-12-25,MIN @ DAL,DAL,MIN,99,105,204,227.81049980665753,23.810499806657532,23.810499806657532,True,False,False
2024-12-25,PHI @ BOS,BOS,PHI,114,118,232,223.4100940196644,-8.589905980335601,8.589905980335601,False,True,False
2024-12-26,LAL @ GS,GS,LAL,113,115,228,225.70773193910853,-2.292268060891473,2.292268060891473,False,True,False
2024-12-26,DEN @ PHX,PHX,DEN,110,100,210,232.83497300284102,22.834973002841025,22.834973002841025,True,False,False
2024-12-27,OKC @ IND,IND,OKC,114,120,234,229.34545907037358,-4.654540929626421,4.654540929626421,True,True,True
2024-12-27,MIA @ ORL,ORL,MIA,88,89,177,227.14583463250116,50.14583463250116,50.14583463250116,False,False,True
2024-12-27,CHA @ WSH,WSH,CHA,113,110,223,225.22503021737697,2.2250302173769683,2.2250302173769683,False,False,True
2024-12-27,CHI @ ATL,ATL,CHI,141,133,274,231.1151797766486,-42.8848202233514,42.8848202233514,True,True,True
2024-12-27,TOR @ MEM,MEM,TOR,155,126,281,229.82070878026283,-51.179291219737166,51.179291219737166,True,True,True
2024-12-27,BKN @ MIL,MIL,BKN,105,111,216,224.04421339021155,8.044213390211553,8.044213390211553,False,False,True
2024-12-27,HOU @ NO,NO,HOU,111,128,239,224.8793841903635,-14.12061580963649,14.12061580963649,False,True,False
2024-12-27,UTAH @ POR,POR,UTAH,122,120,242,226.90709236040826,-15.092907639591743,15.092907639591743,False,True,False
2024-12-27,DET @ SAC,SAC,DET,113,114,227,227.97190719299292,0.9719071929929157,0.9719071929929157,True,False,False
2024-12-28,NY @ ORL,ORL,NY,85,108,193,227.74101446365074,34.74101446365074,34.74101446365074,True,False,False
2024-12-28,IND @ BOS,BOS,IND,142,105,247,227.49635881647336,-19.50364118352664,19.50364118352664,False,True,False
2024-12-28,SA @ BKN,BKN,SA,87,96,183,227.55469881772154,44.554698817721544,44.554698817721544,False,False,True
2024-12-28,MIN @ HOU,HOU,MIN,112,113,225,225.08058409199748,0.08058409199747985,0.08058409199747985,False,False,True
2024-12-28,MEM @ NO,NO,MEM,124,132,256,229.3073563793674,-26.692643620632595,26.692643620632595,True,True,True
2024-12-28,CLE @ DEN,DEN,CLE,135,149,284,233.40305627654075,-50.59694372345925,50.59694372345925,True,True,True
2024-12-28,DAL @ PHX,PHX,DAL,89,98,187,227.69359786968025,40.69359786968025,40.69359786968025,True,False,False
2024-12-28,GS @ LAC,LAC,GS,102,92,194,225.35843736522975,31.358437365229747,31.358437365229747,False,False,True
2024-12-28,MIA @ ATL,ATL,MIA,120,110,230,228.45976179329963,-1.5402382067003657,1.5402382067003657,True,True,True
2024-12-28,OKC @ CHA,CHA,OKC,94,106,200,226.50292965274338,26.502929652743376,26.502929652743376,False,False,True
2024-12-29,NY @ WSH,WSH,NY,132,136,268,226.46756678218466,-41.53243321781534,41.53243321781534,False,True,False
2024-12-29,MIL @ CHI,CHI,MIL,116,111,227,227.3249900694897,0.3249900694897008,0.3249900694897008,False,False,True
2024-12-29,PHX @ GS,GS,PHX,109,105,214,226.1969672933357,12.196967293335689,12.196967293335689,False,False,True
2024-12-29,DET @ DEN,DEN,DET,134,121,255,232.23675986180868,-22.76324013819132,22.76324013819132,True,True,True
2024-12-29,PHI @ UTAH,UTAH,PHI,111,114,225,224.29993372964958,-0.700066270350419,0.700066270350419,False,False,True
2024-12-29,DAL @ POR,POR,DAL,126,122,248,226.54237492115948,-21.457625078840522,21.457625078840522,False,True,False
2024-12-29,SAC @ LAL,LAL,SAC,132,122,254,227.4467069846302,-26.553293015369803,26.553293015369803,False,True,False
2024-12-29,BKN @ ORL,ORL,BKN,102,101,203,224.3487433760962,21.348743376096195,21.348743376096195,False,False,True
2024-12-29,IND @ BOS,BOS,IND,114,123,237,228.37240035142526,-8.627599648574744,8.627599648574744,True,True,True
2024-12-29,ATL @ TOR,TOR,ATL,107,136,243,231.21448531219198,-11.785514687808018,11.785514687808018,True,True,True
2024-12-30,MIA @ HOU,HOU,MIA,100,104,204,225.11445921034297,21.11445921034297,21.11445921034297,False,False,True
2024-12-30,MEM @ OKC,OKC,MEM,130,106,236,229.35535115301897,-6.644648846981028,6.644648846981028,True,True,True
2024-12-30,SA @ MIN,MIN,SA,112,110,222,227.97325585060636,5.973255850606364,5.973255850606364,True,False,False
2024-12-31,CHI @ CHA,CHA,CHI,108,115,223,228.81956315389093,5.819563153890925,5.819563153890925,True,False,False
2024-12-31,NY @ WSH,WSH,NY,106,126,232,227.25333742541375,-4.746662574586253,4.746662574586253,False,True,False
2024-12-31,LAC @ NO,NO,LAC,113,116,229,224.73132199228425,-4.268678007715749,4.268678007715749,False,True,False
2024-12-31,DEN @ UTAH,UTAH,DEN,121,132,253,231.09986340164755,-21.900136598352447,21.900136598352447,True,True,True
2024-12-31,CLE @ GS,GS,CLE,95,113,208,228.54006368029548,20.540063680295475,20.540063680295475,True,False,False
2024-12-31,PHI @ POR,POR,PHI,103,125,228,224.74648429662457,-3.2535157033754274,3.2535157033754274,False,True,False
2024-12-31,DAL @ SAC,SAC,DAL,110,100,210,226.96561494075698,16.96561494075698,16.96561494075698,False,False,True
2024-12-31,TOR @ BOS,BOS,TOR,125,71,196,228.19047576031056,32.19047576031056,32.19047576031056,True,False,False
2024-12-31,MIL @ IND,IND,MIL,112,120,232,228.6172314935983,-3.3827685064017032,3.3827685064017032,True,True,True
2025-01-01,LAC @ SA,SA,LAC,122,86,208,226.12062627605087,18.12062627605087,18.12062627605087,False,False,True
2025-01-01,MIN @ OKC,OKC,MIN,113,105,218,226.194154435104,8.194154435103997,8.194154435103997,False,False,True
2025-01-01,MEM @ PHX,PHX,MEM,112,117,229,230.18371724711002,1.1837172471100246,1.1837172471100246,True,True,True
2025-01-01,CLE @ LAL,LAL,CLE,110,122,232,229.58107446800943,-2.418925531990567,2.418925531990567,True,True,True
2025-01-02,ORL @ DET,DET,ORL,105,96,201,225.76724069799994,24.767240697999938,24.767240697999938,False,False,True
2025-01-02,CHI @ WSH,WSH,CHI,125,107,232,228.6186308293549,-3.381369170645087,3.381369170645087,True,True,True
2025-01-02,NO @ MIA,MIA,NO,119,108,227,225.6575178578599,-1.3424821421401134,1.3424821421401134,False,False,True
2025-01-02,UTAH @ NY,NY,UTAH,119,103,222,228.90953868173716,6.9095386817371605,6.9095386817371605,True,False,False
2025-01-02,BKN @ TOR,TOR,BKN,130,113,243,225.9659318045306,-17.034068195469388,17.034068195469388,False,True,False
2025-01-02,DAL @ HOU,HOU,DAL,110,99,209,223.8121009912263,14.812100991226288,14.812100991226288,False,False,True
2025-01-02,ATL @ DEN,DEN,ATL,139,120,259,234.76731161580915,-24.23268838419085,24.23268838419085,True,True,True
2025-01-02,PHI @ SAC,SAC,PHI,113,107,220,225.63405234224612,5.634052342246122,5.634052342246122,False,False,True
2025-01-03,IND @ MIA,MIA,IND,115,128,243,228.14641038015654,-14.853589619843461,14.853589619843461,True,True,True
2025-01-03,BOS @ MIN,MIN,BOS,115,118,233,225.70544680763464,-7.294553192365356,7.294553192365356,False,True,False
2025-01-03,BKN @ MIL,MIL,BKN,110,113,223,225.29358002936777,2.2935800293677744,2.2935800293677744,False,False,True
2025-01-03,LAC @ OKC,OKC,LAC,116,98,214,224.00837723421333,10.008377234213327,10.008377234213327,False,False,True
2025-01-03,PHI @ GS,GS,PHI,139,105,244,223.54832583268387,-20.451674167316128,20.451674167316128,False,True,False
2025-01-03,POR @ LAL,LAL,POR,114,106,220,226.82376399113255,6.823763991132552,6.823763991132552,False,False,True
2025-01-04,CHA @ DET,DET,CHA,98,94,192,227.6715985161557,35.67159851615571,35.67159851615571,True,False,False
2025-01-04,ORL @ TOR,TOR,ORL,97,106,203,225.92743320105203,22.927433201052025,22.927433201052025,False,False,True
2025-01-04,BOS @ HOU,HOU,BOS,86,109,195,226.2635957988855,31.26359579888549,31.26359579888549,False,False,True
2025-01-04,WSH @ NO,NO,WSH,132,120,252,227.40835914840522,-24.591640851594775,24.591640851594775,False,True,False
2025-01-04,NY @ OKC,OKC,NY,117,107,224,228.98440715193692,4.984407151936921,4.984407151936921,True,False,False
2025-01-04,CLE @ DAL,DAL,CLE,122,134,256,228.13480678516936,-27.86519321483064,27.86519321483064,True,True,True
2025-01-04,SA @ DEN,DEN,SA,110,113,223,235.42928473287648,12.429284732876482,12.429284732876482,True,False,False
2025-01-04,MEM @ SAC,SAC,MEM,138,133,271,231.03210341178564,-39.96789658821436,39.96789658821436,True,True,True
2025-01-04,ATL @ LAL,LAL,ATL,119,102,221,229.05290640993425,8.052906409934252,8.052906409934252,True,False,False
2025-01-04,PHI @ BKN,BKN,PHI,94,123,217,222.13981049942333,5.139810499423334,5.139810499423334,False,False,True
2025-01-05,MIN @ DET,DET,MIN,119,105,224,226.5156010776006,2.515601077600593,2.515601077600593,False,False,True
2025-01-05,PHX @ IND,IND,PHX,126,108,234,229.44147986839,-4.55852013161001,4.55852013161001,True,True,True
2025-01-05,UTAH @ MIA,MIA,UTAH,100,136,236,225.88379347539853,-10.116206524601466,10.116206524601466,False,True,False
2025-01-05,NY @ CHI,CHI,NY,139,126,265,229.10890349745156,-35.891096502548436,35.891096502548436,True,True,True
2025-01-05,POR @ MIL,MIL,POR,102,105,207,226.43133517723123,19.431335177231233,19.431335177231233,False,False,True
2025-01-05,DEN @ SA,SA,DEN,111,122,233,234.55306695758375,1.5530669575837521,1.5530669575837521,True,True,True
2025-01-05,MEM @ GS,GS,MEM,121,113,234,229.8006486868397,-4.199351313160292,4.199351313160292,True,True,True
2025-01-05,ATL @ LAC,LAC,ATL,131,105,236,228.0037816704228,-7.996218329577204,7.996218329577204,True,True,True
2025-01-05,BOS @ OKC,OKC,BOS,105,92,197,226.58096196218878,29.58096196218878,29.58096196218878,False,False,True
2025-01-05,CHA @ CLE,CLE,CHA,115,105,220,229.09071609549116,9.09071609549116,9.09071609549116,True,False,False
2025-01-05,NO @ WSH,WSH,NO,98,110,208,227.16177339852052,19.161773398520523,19.161773398520523,False,False,True
2025-01-05,UTAH @ ORL,ORL,UTAH,92,105,197,225.42427099548848,28.424270995488484,28.424270995488484,False,False,True
2025-01-06,LAL @ HOU,HOU,LAL,119,115,234,225.39729478437062,-8.602705215629385,8.602705215629385,False,True,False
2025-01-06,SAC @ GS,GS,SAC,99,129,228,227.84977429548758,-0.15022570451242245,0.15022570451242245,True,True,True
2025-01-07,POR @ DET,DET,POR,118,115,233,227.7851705417411,-5.21482945825889,5.21482945825889,True,True,True
2025-01-07,PHX @ PHI,PHI,PHX,99,109,208,226.22380170307233,18.223801703072326,18.223801703072326,False,False,True
2025-01-07,IND @ BKN,BKN,IND,99,113,212,227.83922474641653,15.839224746416534,15.839224746416534,True,False,False
2025-01-07,ORL @ NY,NY,ORL,94,103,197,228.24614693411786,31.24614693411786,31.24614693411786,True,False,False
2025-01-07,MIL @ TOR,TOR,MIL,104,128,232,228.31350306268192,-3.6864969373180827,3.6864969373180827,True,True,True
2025-01-07,SA @ CHI,CHI,SA,114,110,224,231.10266423010225,7.102664230102249,7.102664230102249,True,False,False
2025-01-07,DAL @ MEM,MEM,DAL,119,104,223,226.27381061110893,3.273810611108928,3.273810611108928,False,False,True
2025-01-07,LAC @ MIN,MIN,LAC,108,106,214,224.39489473484255,10.394894734842552,10.394894734842552,False,False,True
2025-01-07,MIA @ SAC,SAC,MIA,123,118,241,227.14804478885418,-13.851955211145821,13.851955211145821,False,True,False
2025-01-08,PHX @ CHA,CHA,PHX,115,104,219,226.14374640262585,7.143746402625851,7.143746402625851,False,False,True
2025-01-08,HOU @ WSH,WSH,HOU,112,135,247,224.44662652349027,-22.553373476509734,22.553373476509734,False,True,False
2025-01-08,LAL @ DAL,DAL,LAL,118,97,215,225.94289996472457,10.942899964724575,10.942899964724575,False,False,True
2025-01-08,MIN @ NO,NO,MIN,97,104,201,225.83333604577527,24.83333604577527,24.83333604577527,False,False,True
2025-01-08,ATL @ UTAH,UTAH,ATL,121,124,245,227.834385392751,-17.16561460724901,17.16561460724901,True,True,True
2025-01-08,BOS @ DEN,DEN,BOS,106,118,224,230.71642825432573,6.716428254325734,6.716428254325734,True,False,False
2025-01-08,MIA @ GS,GS,MIA,98,114,212,225.8233588133586,13.823358813358595,13.823358813358595,False,False,True
2025-01-09,OKC @ CLE,CLE,OKC,129,122,251,229.98010248227803,-21.019897517721972,21.019897517721972,True,True,True
2025-01-09,CHI @ IND,IND,CHI,129,113,242,231.390675107894,-10.609324892106002,10.609324892106002,True,True,True
2025-01-09,WSH @ PHI,PHI,WSH,109,103,212,226.03013193575538,14.030131935755378,14.030131935755378,False,False,True
2025-01-09,TOR @ NY,NY,TOR,112,98,210,230.33580074802998,20.335800748029982,20.335800748029982,True,False,False
2025-01-09,DET @ BKN,BKN,DET,98,113,211,225.29137927105384,14.291379271053842,14.291379271053842,False,False,True
2025-01-09,POR @ NO,NO,POR,100,119,219,227.76902558359868,8.769025583598676,8.769025583598676,True,False,False
2025-01-09,LAC @ DEN,DEN,LAC,126,103,229,230.35317512533874,1.353175125338737,1.353175125338737,True,True,True
2025-01-09,SA @ MIL,MIL,SA,121,105,226,229.58679636137364,3.5867963613736435,3.5867963613736435,True,False,False
2025-01-10,TOR @ CLE,CLE,TOR,132,126,258,230.86104003249525,-27.138959967504746,27.138959967504746,True,True,True
2025-01-10,GS @ DET,DET,GS,104,107,211,228.2462812327777,17.246281232777704,17.246281232777704,True,False,False
2025-01-10,MIN @ ORL,ORL,MIN,89,104,193,224.92988512418876,31.929885124188758,31.929885124188758,False,False,True
2025-01-10,POR @ DAL,DAL,POR,117,111,228,225.38877847004125,-2.6112215299587547,2.6112215299587547,False,True,False
2025-01-10,HOU @ MEM,MEM,HOU,115,119,234,226.5068198748172,-7.493180125182789,7.493180125182789,False,True,False
2025-01-10,ATL @ PHX,PHX,ATL,123,115,238,230.1496786004589,-7.850321399541087,7.850321399541087,True,True,True
2025-01-10,MIA @ UTAH,UTAH,MIA,92,97,189,225.8429617882061,36.84296178820611,36.84296178820611,False,False,True
2025-01-11,GS @ IND,IND,GS,108,96,204,230.55429777106752,26.554297771067525,26.554297771067525,True,False,False
2025-01-11,MIL @ ORL,ORL,MIL,106,109,215,226.28041093173942,11.280410931739425,11.280410931739425,False,False,True
2025-01-11,NO @ PHI,PHI,NO,115,123,238,225.3908633498593,-12.609136650140698,12.609136650140698,False,True,False
2025-01-11,SAC @ BOS,BOS,SAC,97,114,211,228.12366881608054,17.12366881608054,17.12366881608054,True,False,False
2025-01-11,OKC @ NY,NY,OKC,101,126,227,230.8550215061109,3.8550215061108872,3.8550215061108872,True,False,False
2025-01-11,WSH @ CHI,CHI,WSH,138,105,243,227.66603475620977,-15.333965243790232,15.333965243790232,False,True,False
2025-01-11,BKN @ DEN,DEN,BKN,124,105,229,228.86985166047182,-0.1301483395281764,0.1301483395281764,True,True,True
2025-01-11,UTAH @ PHX,PHX,UTAH,114,106,220,228.10635918686265,8.106359186862647,8.106359186862647,True,False,False
2025-01-12,TOR @ DET,DET,TOR,123,114,237,228.53968994576496,-8.460310054235038,8.460310054235038,True,True,True
2025-01-12,MEM @ MIN,MIN,MEM,125,127,252,226.79443574139532,-25.20556425860468,25.20556425860468,False,True,False
2025-01-12,MIA @ POR,POR,MIA,98,119,217,227.7899662867683,10.789966286768305,10.789966286768305,True,False,False
2025-01-12,MIL @ NY,NY,MIL,140,106,246,228.94120124470885,-17.05879875529115,17.05879875529115,True,True,True
2025-01-12,DEN @ DAL,DAL,DEN,101,112,213,229.40713489445358,16.407134894453577,16.407134894453577,True,False,False
2025-01-12,SAC @ CHI,CHI,SAC,119,124,243,229.97726021059214,-13.022739789407865,13.022739789407865,True,True,True
2025-01-12,NO @ BOS,BOS,NO,120,119,239,227.50975952938762,-11.490240470612378,11.490240470612378,False,True,False
2025-01-12,IND @ CLE,CLE,IND,93,108,201,232.2638120538421,31.263812053842088,31.263812053842088,True,False,False
2025-01-12,PHI @ ORL,ORL,PHI,104,99,203,222.79474598889428,19.794745988894277,19.794745988894277,False,False,True
2025-01-12,OKC @ WSH,WSH,OKC,95,136,231,227.66033527540205,-3.3396647245979523,3.3396647245979523,False,True,False
2025-01-13,BKN @ UTAH,UTAH,BKN,112,111,223,224.2807712304233,1.280771230423312,1.280771230423312,False,False,True
2025-01-13,CHA @ PHX,PHX,CHA,120,113,233,227.77173417652602,-5.228265823473976,5.228265823473976,True,True,True
2025-01-14,MIN @ WSH,WSH,MIN,106,120,226,225.39962327173075,-0.6003767282692536,0.6003767282692536,False,False,True
2025-01-14,DET @ NY,NY,DET,119,124,243,229.30048488433488,-13.699515115665122,13.699515115665122,True,True,True
2025-01-14,GS @ TOR,TOR,GS,104,101,205,229.92284022104346,24.922840221043458,24.922840221043458,True,False,False
2025-01-14,MEM @ HOU,HOU,MEM,120,118,238,225.90136110421912,-12.09863889578088,12.09863889578088,False,True,False
2025-01-14,SA @ LAL,LAL,SA,102,126,228,230.24264121921178,2.2426412192117766,2.2426412192117766,True,True,True
2025-01-14,MIA @ LAC,LAC,MIA,109,98,207,226.49912217620795,19.499122176207948,19.499122176207948,False,False,True
2025-01-15,CLE @ IND,IND,CLE,117,127,244,232.4726731834272,-11.52732681657281,11.52732681657281,True,True,True
2025-01-15,OKC @ PHI,PHI,OKC,102,118,220,226.29688281559197,6.296882815591971,6.296882815591971,False,False,True
2025-01-15,PHX @ ATL,ATL,PHX,122,117,239,230.4307950891679,-8.569204910832099,8.569204910832099,True,True,True
2025-01-15,NO @ CHI,CHI,NO,113,119,232,228.4564329259486,-3.5435670740513956,3.5435670740513956,True,True,True
2025-01-15,SAC @ MIL,MIL,SAC,130,115,245,228.6309030496339,-16.3690969503661,16.3690969503661,True,True,True
2025-01-15,DEN @ DAL,DAL,DEN,99,118,217,229.24293883951134,12.24293883951134,12.24293883951134,True,False,False
2025-01-15,BKN @ POR,POR,BKN,114,132,246,226.03487785134644,-19.965122148653563,19.965122148653563,False,True,False
2025-01-16,NY @ PHI,PHI,NY,119,125,244,226.7435473447865,-17.256452655213508,17.256452655213508,False,True,False
2025-01-16,BOS @ TOR,TOR,BOS,110,97,207,228.47564643477435,21.475646434774347,21.475646434774347,True,False,False
2025-01-16,ATL @ CHI,CHI,ATL,94,110,204,230.08201608245787,26.08201608245787,26.08201608245787,True,False,False
2025-01-16,ORL @ MIL,MIL,ORL,122,93,215,224.85402567315103,9.854025673151028,9.854025673151028,False,False,True
2025-01-16,DAL @ NO,NO,DAL,119,116,235,225.81597742469398,-9.184022575306017,9.184022575306017,False,True,False
2025-01-16,MEM @ SA,SA,MEM,115,129,244,228.85204939557576,-15.147950604424238,15.147950604424238,True,True,True
2025-01-16,HOU @ DEN,DEN,HOU,108,128,236,227.60057890704473,-8.399421092955265,8.399421092955265,False,True,False
2025-01-16,CHA @ UTAH,UTAH,CHA,112,117,229,226.28750942203786,-2.712490577962143,2.712490577962143,False,True,False
2025-01-16,GS @ MIN,MIN,GS,115,116,231,225.92701576751242,-5.072984232487585,5.072984232487585,False,True,False
2025-01-16,MIA @ LAL,LAL,MIA,117,108,225,228.9909358006761,3.9909358006761124,3.9909358006761124,True,False,False
2025-01-16,BKN @ LAC,LAC,BKN,126,67,193,225.39163036986926,32.39163036986926,32.39163036986926,False,False,True
2025-01-17,IND @ DET,DET,IND,100,111,211,228.88512703492947,17.885127034929468,17.885127034929468,True,False,False
2025-01-17,PHX @ WSH,WSH,PHX,123,130,253,227.44800660548117,-25.55199339451883,25.55199339451883,False,True,False
2025-01-17,CLE @ OKC,OKC,CLE,134,114,248,232.01853118245322,-15.981468817546784,15.981468817546784,True,True,True
2025-01-17,LAC @ POR,POR,LAC,89,118,207,225.9302950751635,18.930295075163514,18.930295075163514,False,False,True
2025-01-17,HOU @ SAC,SAC,HOU,132,127,259,225.22898548919287,-33.771014510807134,33.771014510807134,False,True,False
2025-01-18,ORL @ BOS,BOS,ORL,121,94,215,224.39074056374403,9.390740563744032,9.390740563744032,False,False,True
2025-01-18,MIN @ NY,NY,MIN,99,116,215,227.4131009458736,12.413100945873595,12.413100945873595,False,False,True
2025-01-18,DEN @ MIA,MIA,DEN,113,133,246,231.1793328253643,-14.820667174635702,14.820667174635702,True,True,True
2025-01-18,TOR @ MIL,MIL,TOR,130,112,242,227.9954372577077,-14.004562742292308,14.004562742292308,True,True,True
2025-01-18,UTAH @ NO,NO,UTAH,136,123,259,227.28414118466242,-31.715858815337583,31.715858815337583,False,True,False
2025-01-18,CHA @ CHI,CHI,CHA,123,125,248,227.7153788254945,-20.284621174505503,20.284621174505503,True,True,True
2025-01-18,OKC @ DAL,DAL,OKC,106,98,204,227.56685921539525,23.566859215395255,23.566859215395255,False,False,True
2025-01-18,MEM @ SA,SA,MEM,112,140,252,227.89389743603954,-24.106102563960462,24.106102563960462,True,True,True
2025-01-18,BKN @ LAL,LAL,BKN,102,101,203,227.29372446012925,24.293724460129255,24.293724460129255,False,False,True
2025-01-18,PHX @ DET,DET,PHX,121,125,246,228.48239232338705,-17.517607676612954,17.517607676612954,True,True,True
2025-01-19,ATL @ BOS,BOS,ATL,115,119,234,228.352355968358,-5.647644031641988,5.647644031641988,True,True,True
2025-01-19,PHI @ IND,IND,PHI,115,102,217,226.58671097449522,9.586710974495219,9.586710974495219,False,False,True
2025-01-19,WSH @ GS,GS,WSH,122,114,236,226.66898821795476,-9.331011782045238,9.331011782045238,False,True,False
2025-01-19,CLE @ MIN,MIN,CLE,117,124,241,228.15646123698494,-12.843538763015061,12.843538763015061,True,True,True
2025-01-19,HOU @ POR,POR,HOU,103,125,228,224.08878660116676,-3.9112133988332403,3.9112133988332403,False,True,False
2025-01-19,SA @ MIA,MIA,SA,128,107,235,230.4924202125009,-4.507579787499111,4.507579787499111,True,True,True
2025-01-19,DEN @ ORL,ORL,DEN,100,113,213,228.7524467214492,15.75244672144919,15.75244672144919,True,False,False
2025-01-20,PHI @ MIL,MIL,PHI,123,109,232,224.64165026376924,-7.358349736230764,7.358349736230764,False,True,False
2025-01-20,BKN @ OKC,OKC,BKN,127,101,228,226.8268969332379,-1.1731030667621098,1.1731030667621098,False,True,False
2025-01-20,LAL @ LAC,LAC,LAL,116,102,218,227.22620423802786,9.226204238027861,9.226204238027861,False,False,True
2025-01-20,CHI @ POR,POR,CHI,113,102,215,229.54806965759394,14.548069657593942,14.548069657593942,True,False,False
2025-01-20,WSH @ SAC,SAC,WSH,123,100,223,227.69365297401998,4.693652974019983,4.693652974019983,True,False,False
2025-01-20,DAL @ CHA,CHA,DAL,110,105,215,224.67181552893163,9.671815528931631,9.671815528931631,False,False,True
2025-01-20,DET @ HOU,HOU,DET,96,107,203,224.4195280803838,21.4195280803838,21.4195280803838,False,False,True
2025-01-20,MIN @ MEM,MEM,MIN,108,106,214,226.0773231269587,12.077323126958703,12.077323126958703,False,False,True
2025-01-20,ATL @ NY,NY,ATL,119,110,229,229.62882180749585,0.6288218074958536,0.6288218074958536,True,True,True
2025-01-20,PHX @ CLE,CLE,PHX,118,92,210,231.20516999373191,21.205169993731914,21.205169993731914,True,False,False
2025-01-20,BOS @ GS,GS,BOS,85,125,210,225.83171792552898,15.831717925528977,15.831717925528977,False,False,True
2025-01-21,UTAH @ NO,NO,UTAH,123,119,242,227.27395688844575,-14.726043111554247,14.726043111554247,False,True,False
2025-01-21,CHI @ LAC,LAC,CHI,99,112,211,229.23098117528957,18.23098117528957,18.23098117528957,True,False,False
2025-01-22,NY @ BKN,BKN,NY,95,99,194,225.53379538939512,31.533795389395124,31.533795389395124,False,False,True
2025-01-22,POR @ MIA,MIA,POR,107,116,223,227.1307985712838,4.130798571283805,4.130798571283805,False,False,True
2025-01-22,ORL @ TOR,TOR,ORL,109,93,202,226.92916688136745,24.92916688136745,24.92916688136745,False,False,True
2025-01-22,PHI @ DEN,DEN,PHI,144,109,253,225.9145431882883,-27.08545681171171,27.08545681171171,False,True,False
2025-01-22,WSH @ LAL,LAL,WSH,111,88,199,226.94860081725284,27.94860081725284,27.94860081725284,False,False,True
2025-01-23,DET @ ATL,ATL,DET,104,114,218,227.09399177203878,9.093991772038777,9.093991772038777,False,False,True
2025-01-23,PHX @ BKN,BKN,PHX,84,108,192,226.7702597326829,34.77025973268289,34.77025973268289,False,False,True
2025-01-23,MIN @ DAL,DAL,MIN,114,115,229,225.67436437271186,-3.325635627288136,3.325635627288136,False,True,False
2025-01-23,CLE @ HOU,HOU,CLE,109,108,217,227.69997487910376,10.699974879103763,10.699974879103763,True,False,False
2025-01-23,CHA @ MEM,MEM,CHA,132,120,252,227.48757239436918,-24.51242760563082,24.51242760563082,False,True,False
2025-01-23,UTAH @ OKC,OKC,UTAH,123,114,237,228.5951267341332,-8.404873265866797,8.404873265866797,True,True,True
2025-01-23,GS @ SAC,SAC,GS,123,117,240,228.00785474516218,-11.992145254837823,11.992145254837823,True,True,True
2025-01-23,BOS @ LAC,LAC,BOS,113,117,230,226.49255101233817,-3.5074489876618316,3.5074489876618316,False,True,False
2025-01-23,SA @ IND,IND,SA,110,140,250,231.81693613273262,-18.18306386726738,18.18306386726738,True,True,True
2025-01-24,POR @ ORL,ORL,POR,79,101,180,224.4116503422072,44.411650342207196,44.411650342207196,False,False,True
2025-01-24,TOR @ ATL,ATL,TOR,119,122,241,228.9977248105394,-12.00227518946059,12.00227518946059,True,True,True
2025-01-24,DAL @ OKC,OKC,DAL,115,121,236,227.88150421833677,-8.118495781663228,8.118495781663228,True,True,True
2025-01-24,MIA @ MIL,MIL,MIA,125,96,221,228.9932065296423,7.993206529642293,7.993206529642293,True,False,False
2025-01-24,SAC @ DEN,DEN,SAC,132,123,255,231.6015639285454,-23.398436071454597,23.398436071454597,True,True,True
2025-01-24,CHI @ GS,GS,CHI,131,106,237,228.55754483074193,-8.442455169258068,8.442455169258068,True,True,True
2025-01-24,BOS @ LAL,LAL,BOS,117,96,213,227.27580573516298,14.275805735162976,14.275805735162976,False,False,True
2025-01-24,WSH @ LAC,LAC,WSH,110,93,203,226.15881772923163,23.15881772923163,23.15881772923163,False,False,True
2025-01-25,POR @ CHA,CHA,POR,97,102,199,224.43509156951328,25.435091569513276,25.435091569513276,False,False,True
2025-01-25,CLE @ PHI,PHI,CLE,132,129,261,228.6269634632625,-32.37303653673749,32.37303653673749,True,True,True
2025-01-25,NO @ MEM,MEM,NO,139,126,265,228.6758173184405,-36.324182681559506,36.324182681559506,True,True,True
2025-01-25,IND @ SA,SA,IND,98,136,234,231.25278568431412,-2.7472143156858806,2.7472143156858806,True,True,True
2025-01-25,DEN @ MIN,MIN,DEN,133,104,237,227.77836107638174,-9.221638923618258,9.221638923618258,True,True,True
2025-01-25,BOS @ DAL,DAL,BOS,107,122,229,226.58131251866104,-2.4186874813389636,2.4186874813389636,False,True,False
2025-01-25,MIA @ BKN,BKN,MIA,97,106,203,226.70391006091313,23.70391006091313,23.70391006091313,False,False,True
2025-01-26,NO @ CHA,CHA,NO,123,92,215,226.10980202014053,11.109802020140535,11.109802020140535,False,False,True
2025-01-26,DET @ ORL,ORL,DET,121,113,234,224.819714298954,-9.180285701045989,9.180285701045989,False,True,False
2025-01-26,TOR @ ATL,ATL,TOR,94,117,211,228.90037609144707,17.90037609144707,17.90037609144707,True,False,False
2025-01-26,HOU @ CLE,CLE,HOU,131,135,266,225.95826432552843,-40.04173567447157,40.04173567447157,False,True,False
2025-01-26,SAC @ NY,NY,SAC,143,120,263,230.37581660711405,-32.62418339288595,32.62418339288595,True,True,True
2025-01-26,PHI @ CHI,CHI,PHI,97,109,206,224.21033334740287,18.210333347402866,18.210333347402866,False,False,True
2025-01-26,UTAH @ MEM,MEM,UTAH,125,103,228,229.42504024930685,1.4250402493068464,1.4250402493068464,True,True,True
2025-01-26,LAL @ GS,GS,LAL,108,118,226,226.67518103498847,0.6751810349884693,0.6751810349884693,False,False,True
2025-01-26,WSH @ PHX,PHX,WSH,119,109,228,227.41075429237205,-0.5892457076279527,0.5892457076279527,False,True,False
2025-01-26,MIL @ LAC,LAC,MIL,127,117,244,228.95316430477095,-15.04683569522905,15.04683569522905,True,True,True
2025-01-26,OKC @ POR,POR,OKC,108,118,226,226.19216296399915,0.19216296399915223,0.19216296399915223,False,False,True
2025-01-28,LAL @ CHA,CHA,LAL,107,112,219,226.2910532152332,7.291053215233205,7.291053215233205,False,False,True
2025-01-28,DET @ CLE,CLE,DET,110,91,201,227.6530955488687,26.65309554886869,26.65309554886869,False,False,True
2025-01-28,HOU @ BOS,BOS,HOU,112,114,226,224.92914358012345,-1.0708564198765487,1.0708564198765487,False,False,True
2025-01-28,SAC @ BKN,BKN,SAC,96,110,206,227.53897615526876,21.538976155268756,21.538976155268756,False,False,True
2025-01-28,ORL @ MIA,MIA,ORL,125,119,244,223.38956256883515,-20.610437431164854,20.610437431164854,False,True,False
2025-01-28,MEM @ NY,NY,MEM,143,106,249,228.9014458746969,-20.09855412530311,20.09855412530311,True,True,True
2025-01-28,NO @ TOR,TOR,NO,113,104,217,229.83885740322012,12.838857403220118,12.838857403220118,True,False,False
2025-01-28,DEN @ CHI,CHI,DEN,129,121,250,229.94663077633456,-20.05336922366544,20.05336922366544,True,True,True
2025-01-28,ATL @ MIN,MIN,ATL,100,92,192,227.34191469924016,35.341914699240164,35.341914699240164,False,False,True
2025-01-28,WSH @ DAL,DAL,WSH,130,108,238,225.36759421941042,-12.632405780589579,12.632405780589579,False,True,False
2025-01-28,MIL @ UTAH,UTAH,MIL,110,125,235,227.51405909819053,-7.485940901809471,7.485940901809471,False,True,False
2025-01-28,LAC @ PHX,PHX,LAC,111,109,220,228.6701855009668,8.670185500966795,8.670185500966795,True,False,False
2025-01-29,LAL @ PHI,PHI,LAL,118,104,222,226.45317924136464,4.453179241364637,4.453179241364637,False,False,True
2025-01-29,HOU @ ATL,ATL,HOU,96,100,196,226.2298729539904,30.229872953990395,30.229872953990395,False,False,True
2025-01-29,UTAH @ GS,GS,UTAH,114,103,217,227.1261975011518,10.126197501151808,10.126197501151808,False,False,True
2025-01-29,MIL @ POR,POR,MIL,125,112,237,225.51298545958105,-11.487014540418954,11.487014540418954,False,True,False
2025-01-30,BKN @ CHA,CHA,BKN,83,104,187,224.21811637953567,37.21811637953567,37.21811637953567,False,False,True
2025-01-30,DET @ IND,IND,DET,133,119,252,229.44344378856886,-22.556556211431143,22.556556211431143,True,True,True
2025-01-30,TOR @ WSH,WSH,TOR,82,106,188,226.81294666068948,38.81294666068948,38.81294666068948,False,False,True
2025-01-30,CHI @ BOS,BOS,CHI,122,100,222,227.3872740583575,5.387274058357491,5.387274058357491,False,False,True
2025-01-30,CLE @ MIA,MIA,CLE,106,126,232,228.30236514010838,-3.6976348598916218,3.6976348598916218,True,True,True
2025-01-30,DEN @ NY,NY,DEN,122,112,234,232.08363083072004,-1.9163691692799603,1.9163691692799603,True,True,True
2025-01-30,SAC @ PHI,PHI,SAC,117,104,221,229.01515009796702,8.015150097967023,8.015150097967023,True,False,False
2025-01-30,DAL @ NO,NO,DAL,136,137,273,227.04639031246546,-45.95360968753454,45.95360968753454,False,True,False
2025-01-30,LAC @ SA,SA,LAC,116,128,244,227.59139994794336,-16.40860005205664,16.40860005205664,False,True,False
2025-01-30,MIN @ PHX,PHX,MIN,113,121,234,228.03823173188712,-5.961768268112877,5.961768268112877,True,True,True
2025-01-30,OKC @ GS,GS,OKC,116,109,225,227.32434098553904,2.3243409855390382,2.3243409855390382,False,False,True
2025-01-31,LAL @ WSH,WSH,LAL,96,134,230,225.18239288099275,-4.817607119007249,4.817607119007249,False,True,False
2025-01-31,ATL @ CLE,CLE,ATL,137,115,252,227.72489565703316,-24.27510434296684,24.27510434296684,True,True,True
2025-01-31,MIN @ UTAH,UTAH,MIN,113,138,251,227.33004076727332,-23.669959232726683,23.669959232726683,False,True,False
2025-01-31,HOU @ MEM,MEM,HOU,120,119,239,226.95550474999652,-12.044495250003479,12.044495250003479,False,True,False
2025-01-31,ORL @ POR,POR,ORL,119,90,209,222.38348570589878,13.383485705898778,13.383485705898778,False,False,True
2025-02-01,LAC @ CHA,CHA,LAC,104,112,216,226.47561316731188,10.475613167311877,10.475613167311877,False,False,True
2025-02-01,DAL @ DET,DET,DAL,117,102,219,226.4939161820813,7.493916182081307,7.493916182081307,False,False,True
2025-02-01,DEN @ PHI,PHI,DEN,134,137,271,229.83119933046893,-41.168800669531066,41.168800669531066,True,True,True
2025-02-01,CHI @ TOR,TOR,CHI,106,122,228,231.23031410018874,3.2303141001887354,3.2303141001887354,True,True,True
2025-02-01,BOS @ NO,NO,BOS,116,118,234,227.29633460309026,-6.7036653969097415,6.7036653969097415,False,True,False
2025-02-01,MIL @ SA,SA,MIL,144,118,262,228.6949169887645,-33.305083011235496,33.305083011235496,True,True,True
2025-02-01,PHX @ GS,GS,PHX,105,130,235,226.9754599971468,-8.0245400028532,8.0245400028532,False,True,False
2025-02-01,ATL @ IND,IND,ATL,132,127,259,229.68152509389955,-29.318474906100448,29.318474906100448,True,True,True
2025-02-01,ORL @ UTAH,UTAH,ORL,113,99,212,224.82761643772588,12.82761643772588,12.82761643772588,False,False,True
2025-02-02,DEN @ CHA,CHA,DEN,104,107,211,229.57331674032767,18.57331674032767,18.57331674032767,True,False,False
2025-02-02,BKN @ HOU,HOU,BKN,98,110,208,224.12501229685714,16.125012296857136,16.125012296857136,False,False,True
2025-02-02,WSH @ MIN,MIN,WSH,103,105,208,224.3918535102584,16.391853510258386,16.391853510258386,False,False,True
2025-02-02,SAC @ OKC,OKC,SAC,144,110,254,230.19808193740303,-23.801918062596968,23.801918062596968,True,True,True
2025-02-02,LAL @ NY,NY,LAL,112,128,240,230.1056275393267,-9.89437246067331,9.89437246067331,True,True,True
2025-02-02,MIA @ SA,SA,MIA,103,105,208,229.440000157432,21.440000157431996,21.440000157431996,True,False,False
2025-02-02,PHX @ POR,POR,PHX,127,108,235,226.5822640848073,-8.417735915192708,8.417735915192708,False,True,False
2025-02-02,CHI @ DET,DET,CHI,127,119,246,227.96403117346625,-18.035968826533747,18.035968826533747,True,True,True
2025-02-02,DAL @ CLE,CLE,DAL,144,101,245,228.8581455734994,-16.1418544265006,16.1418544265006,True,True,True
2025-02-02,LAC @ TOR,TOR,LAC,115,108,223,229.84525716927033,6.845257169270326,6.845257169270326,True,False,False
2025-02-02,BOS @ PHI,PHI,BOS,110,118,228,227.47706396611525,-0.5229360338847471,0.5229360338847471,False,True,False
2025-02-03,MEM @ MIL,MIL,MEM,119,132,251,229.47303932270424,-21.52696067729576,21.52696067729576,True,True,True
2025-02-04,WSH @ CHA,CHA,WSH,114,124,238,224.0509173788678,-13.949082621132192,13.949082621132192,False,True,False
2025-02-04,ATL @ DET,DET,ATL,130,132,262,227.31545886395443,-34.68454113604557,34.68454113604557,False,True,False
2025-02-04,HOU @ NY,NY,HOU,124,118,242,227.59428918212103,-14.405710817878969,14.405710817878969,False,True,False
2025-02-04,SAC @ MIN,MIN,SAC,114,116,230,229.45381411724236,-0.5461858827576407,0.5461858827576407,True,True,True
2025-02-04,MIL @ OKC,OKC,MIL,125,96,221,229.48926317952726,8.489263179527256,8.489263179527256,True,False,False
2025-02-04,SA @ MEM,MEM,SA,128,109,237,230.64071770878522,-6.359282291214782,6.359282291214782,True,True,True
2025-02-04,NO @ DEN,DEN,NO,125,113,238,231.5240343576069,-6.475965642393106,6.475965642393106,True,True,True
2025-02-04,IND @ UTAH,UTAH,IND,111,112,223,230.3013453711031,7.30134537110311,7.30134537110311,True,False,False
2025-02-04,ORL @ GS,GS,ORL,104,99,203,223.0577055222762,20.057705522276194,20.057705522276194,False,False,True
2025-02-04,PHX @ POR,POR,PHX,121,119,240,226.90202960869237,-13.097970391307626,13.097970391307626,False,True,False
2025-02-05,DAL @ PHI,PHI,DAL,118,116,234,227.03312799624325,-6.966872003756748,6.966872003756748,False,True,False
2025-02-05,BOS @ CLE,CLE,BOS,105,112,217,229.79311277621605,12.793112776216049,12.793112776216049,True,False,False
2025-02-05,HOU @ BKN,BKN,HOU,99,97,196,223.72864753854793,27.728647538547932,27.728647538547932,False,False,True
2025-02-05,NY @ TOR,TOR,NY,115,121,236,231.48597903614413,-4.51402096385587,4.51402096385587,True,True,True
2025-02-05,MIA @ CHI,CHI,MIA,133,124,257,228.34250805723374,-28.657491942766256,28.657491942766256,True,True,True
2025-02-05,LAL @ LAC,LAC,LAL,97,122,219,229.08868309986022,10.08868309986022,10.08868309986022,True,False,False
2025-02-05,IND @ POR,POR,IND,112,89,201,228.7772032865764,27.777203286576395,27.777203286576395,True,False,False
2025-02-06,MIL @ CHA,CHA,MIL,102,112,214,225.88495694676607,11.884956946766067,11.884956946766067,False,False,True
2025-02-06,CLE @ DET,DET,CLE,115,118,233,229.75250928945084,-3.247490710549158,3.247490710549158,True,True,True
2025-02-06,SA @ ATL,ATL,SA,125,126,251,229.55945841417295,-21.44054158582705,21.44054158582705,True,True,True
2025-02-06,WSH @ BKN,BKN,WSH,102,119,221,222.71604712209876,1.7160471220987574,1.7160471220987574,False,False,True
2025-02-06,MIA @ PHI,PHI,MIA,101,108,209,229.35969706571765,20.359697065717654,20.359697065717654,True,False,False
2025-02-06,MEM @ TOR,TOR,MEM,107,138,245,232.82546825097344,-12.174531749026556,12.174531749026556,True,True,True
2025-02-06,CHI @ MIN,MIN,CHI,127,108,235,229.29125167677483,-5.708748323225166,5.708748323225166,True,True,True
2025-02-06,GS @ UTAH,UTAH,GS,131,128,259,228.62969683793008,-30.370303162069916,30.370303162069916,True,True,True
2025-02-06,NO @ DEN,DEN,NO,144,119,263,231.8703047016874,-31.129695298312612,31.129695298312612,True,True,True
2025-02-06,PHX @ OKC,OKC,PHX,140,109,249,229.19498871748573,-19.805011282514272,19.805011282514272,True,True,True
2025-02-06,ORL @ SAC,SAC,ORL,111,130,241,225.53206881732154,-15.467931182678456,15.467931182678456,False,True,False
2025-02-07,DAL @ BOS,BOS,DAL,120,127,247,226.96517225382573,-20.034827746174273,20.034827746174273,False,True,False
2025-02-07,HOU @ MIN,MIN,HOU,127,114,241,225.8404054198327,-15.159594580167294,15.159594580167294,False,True,False
2025-02-07,ORL @ DEN,DEN,ORL,112,90,202,229.74964467758355,27.749644677583547,27.749644677583547,True,False,False
2025-02-07,GS @ LAL,LAL,GS,120,112,232,230.81184024999152,-1.1881597500084808,1.1881597500084808,True,True,True
2025-02-07,SAC @ POR,POR,SAC,108,102,210,227.6800700403238,17.680070040323812,17.680070040323812,True,False,False
2025-02-07,IND @ LAC,LAC,IND,112,119,231,229.74765814715641,-1.2523418528435855,1.2523418528435855,True,True,True
2025-02-08,SA @ CHA,CHA,SA,117,116,233,227.2085830033804,-5.791416996619603,5.791416996619603,False,True,False
2025-02-08,CLE @ WSH,WSH,CLE,124,134,258,227.22306187112738,-30.776938128872615,30.776938128872615,False,True,False
2025-02-08,MIL @ ATL,ATL,MIL,115,110,225,228.54726057595028,3.5472605759502756,3.5472605759502756,True,False,False
2025-02-08,MIA @ BKN,BKN,MIA,102,86,188,227.0498934930326,39.04989349303261,39.04989349303261,False,False,True
2025-02-08,PHI @ DET,DET,PHI,125,112,237,226.45578184466478,-10.544218155335216,10.544218155335216,False,True,False
2025-02-08,TOR @ OKC,OKC,TOR,121,109,230,229.74092062901076,-0.25907937098924094,0.25907937098924094,True,True,True
2025-02-08,UTAH @ PHX,PHX,UTAH,135,127,262,229.18255701844808,-32.81744298155192,32.81744298155192,True,True,True
2025-02-08,HOU @ DAL,DAL,HOU,116,105,221,225.8994953791821,4.899495379182099,4.899495379182099,False,False,True
2025-02-08,IND @ LAL,LAL,IND,124,117,241,231.98256765597927,-9.017432344020733,9.017432344020733,True,True,True
2025-02-09,SA @ ORL,ORL,SA,112,111,223,227.58664751844714,4.586647518447137,4.586647518447137,False,False,True
2025-02-09,ATL @ WSH,WSH,ATL,111,125,236,226.62701131138846,-9.372988688611542,9.372988688611542,False,True,False
2025-02-09,GS @ CHI,CHI,GS,111,132,243,228.10914339634448,-14.890856603655521,14.890856603655521,True,True,True
2025-02-09,OKC @ MEM,MEM,OKC,112,125,237,231.06218622850506,-5.937813771494945,5.937813771494945,True,True,True
2025-02-09,POR @ MIN,MIN,POR,114,98,212,226.1157007241708,14.115700724170807,14.115700724170807,False,False,True
2025-02-09,BOS @ NY,NY,BOS,104,131,235,230.44866557830164,-4.551334421698357,4.551334421698357,True,True,True
2025-02-09,DEN @ PHX,PHX,DEN,105,122,227,232.84476241841705,5.844762418417048,5.844762418417048,True,False,False
2025-02-09,NO @ SAC,SAC,NO,123,118,241,227.97680399541687,-13.023196004583127,13.023196004583127,True,True,True
2025-02-09,UTAH @ LAC,LAC,UTAH,130,110,240,228.59899149736094,-11.401008502639058,11.401008502639058,True,True,True
2025-02-09,CHA @ DET,DET,CHA,112,102,214,226.89318218959934,12.893182189599344,12.893182189599344,False,False,True
2025-02-09,TOR @ HOU,HOU,TOR,94,87,181,226.8092772556405,45.809277255640495,45.809277255640495,False,False,True
2025-02-09,PHI @ MIL,MIL,PHI,135,127,262,226.83612455752188,-35.163875442478115,35.163875442478115,False,True,False
2025-02-11,MIN @ CLE,CLE,MIN,128,107,235,229.87516998601674,-5.1248300139832565,5.1248300139832565,True,True,True
2025-02-11,ATL @ ORL,ORL,ATL,106,112,218,226.30502046649886,8.30502046649886,8.30502046649886,False,False,True
2025-02-11,SA @ WSH,WSH,SA,121,131,252,228.44714847437757,-23.55285152562243,23.55285152562243,True,True,True
2025-02-11,CHA @ BKN,BKN,CHA,97,89,186,223.93036899454245,37.93036899454245,37.93036899454245,False,False,True
2025-02-11,BOS @ MIA,MIA,BOS,85,103,188,227.01058644619465,39.01058644619465,39.01058644619465,False,False,True
2025-02-11,GS @ MIL,MIL,GS,111,125,236,229.2092956954419,-6.790704304558091,6.790704304558091,True,True,True
2025-02-11,NO @ OKC,OKC,NO,137,101,238,227.80523840876546,-10.194761591234538,10.194761591234538,True,True,True
2025-02-11,SAC @ DAL,DAL,SAC,128,129,257,228.13850318816694,-28.861496811833064,28.861496811833064,True,True,True
2025-02-11,POR @ DEN,DEN,POR,146,117,263,230.24342527287237,-32.75657472712763,32.75657472712763,True,True,True
2025-02-11,UTAH @ LAL,LAL,UTAH,132,113,245,231.04556192054514,-13.95443807945486,13.95443807945486,True,True,True
2025-02-12,TOR @ PHI,PHI,TOR,103,106,209,228.6680719671421,19.66807196714211,19.66807196714211,True,False,False
2025-02-12,NY @ IND,IND,NY,115,128,243,231.22598259619733,-11.774017403802674,11.774017403802674,True,True,True
2025-02-12,DET @ CHI,CHI,DET,92,132,224,228.169179377043,4.169179377043008,4.169179377043008,True,False,False
2025-02-12,MEM @ PHX,PHX,MEM,112,119,231,229.1214367875403,-1.87856321245971,1.87856321245971,True,True,True
2025-02-13,SA @ BOS,BOS,SA,116,103,219,229.20372931344372,10.203729313443716,10.203729313443716,True,False,False
2025-02-13,CHA @ ORL,ORL,CHA,102,86,188,224.46642059537425,36.466420595374245,36.466420595374245,False,False,True
2025-02-13,IND @ WSH,WSH,IND,130,134,264,229.57762148960404,-34.42237851039596,34.42237851039596,True,True,True
2025-02-13,PHI @ BKN,BKN,PHI,100,96,196,224.08861488957453,28.08861488957453,28.08861488957453,False,False,True
2025-02-13,ATL @ NY,NY,ATL,149,148,297,231.30259104305927,-65.69740895694073,65.69740895694073,True,True,True
2025-02-13,CLE @ TOR,TOR,CLE,108,131,239,229.99158927934295,-9.008410720657054,9.008410720657054,True,True,True
2025-02-13,DET @ CHI,CHI,DET,110,128,238,228.31365654263263,-9.686343457367371,9.686343457367371,True,True,True
2025-02-13,MIL @ MIN,MIN,MIL,101,103,204,227.19128573510952,23.191285735109517,23.191285735109517,False,False,True
2025-02-13,SAC @ NO,NO,SAC,111,119,230,227.76366335405163,-2.23633664594837,2.23633664594837,True,True,True
2025-02-13,MIA @ OKC,OKC,MIA,115,101,216,228.15086164488352,12.15086164488352,12.15086164488352,True,False,False
2025-02-13,PHX @ HOU,HOU,PHX,119,111,230,226.0513895182537,-3.9486104817463,3.9486104817463,False,True,False
2025-02-13,POR @ DEN,DEN,POR,132,121,253,231.64861297425983,-21.351387025740166,21.351387025740166,True,True,True
2025-02-13,LAL @ UTAH,UTAH,LAL,131,119,250,230.40046330091226,-19.599536699087736,19.599536699087736,True,True,True
2025-02-13,GS @ DAL,DAL,GS,111,107,218,229.09712316439877,11.097123164398766,11.097123164398766,True,False,False
2025-02-13,MEM @ LAC,LAC,MEM,128,114,242,229.79071563571787,-12.209284364282126,12.209284364282126,True,True,True
2025-02-14,GS @ HOU,HOU,GS,98,105,203,226.90955745588624,23.909557455886244,23.909557455886244,False,False,True
2025-02-14,SAC @ NO,NO,SAC,140,133,273,228.00427357482383,-44.99572642517617,44.99572642517617,True,True,True
2025-02-14,MIA @ DAL,DAL,MIA,118,113,231,227.16038142402653,-3.839618575973475,3.839618575973475,False,True,False
2025-02-14,OKC @ MIN,MIN,OKC,116,101,217,227.9085038793076,10.908503879307602,10.908503879307602,True,False,False
2025-02-14,LAC @ UTAH,UTAH,LAC,116,120,236,229.3387644610416,-6.661235538958408,6.661235538958408,True,True,True
2025-02-17,KEN @ CHK,CHK,KEN,41,32,73,227.371745342915,154.371745342915,154.371745342915,False,False,True
2025-02-17,CAN @ SHQ,SHQ,CAN,42,35,77,227.371745342915,150.371745342915,150.371745342915,False,False,True
2025-02-17,SHQ @ CHK,CHK,SHQ,25,41,66,227.371745342915,161.371745342915,161.371745342915,False,False,True
2025-02-20,CHA @ LAL,LAL,CHA,97,100,197,228.77049854474348,31.770498544743475,31.770498544743475,True,False,False
2025-02-21,MEM @ IND,IND,MEM,127,113,240,231.39948933613508,-8.600510663864924,8.600510663864924,True,True,True
2025-02-21,BOS @ PHI,PHI,BOS,104,124,228,228.90060434615714,0.900604346157138,0.900604346157138,True,True,True
2025-02-21,ORL @ ATL,ATL,ORL,108,114,222,227.26930736765414,5.269307367654136,5.269307367654136,False,False,True
2025-02-21,CLE @ BKN,BKN,CLE,97,110,207,228.7354329820789,21.73543298207889,21.73543298207889,True,False,False
2025-02-21,CHI @ NY,NY,CHI,113,111,224,230.89982157518634,6.899821575186337,6.899821575186337,True,False,False
2025-02-21,LAC @ MIL,MIL,LAC,116,110,226,227.5064798229102,1.5064798229101939,1.5064798229101939,False,False,True
2025-02-21,CHA @ DEN,DEN,CHA,129,115,244,231.1857719163563,-12.814228083643712,12.814228083643712,True,True,True
2025-02-21,PHX @ SA,SA,PHX,120,109,229,229.60064301913974,0.6006430191397385,0.6006430191397385,True,True,True
2025-02-21,LAL @ POR,POR,LAL,102,110,212,227.5854049841574,15.585404984157407,15.585404984157407,False,False,True
2025-02-22,NY @ CLE,CLE,NY,142,105,247,231.49835852084436,-15.501641479155637,15.501641479155637,True,True,True
2025-02-22,MEM @ ORL,ORL,MEM,104,105,209,226.3437902308776,17.3437902308776,17.3437902308776,False,False,True
2025-02-22,MIL @ WSH,WSH,MIL,101,104,205,225.7773309199428,20.777330919942813,20.777330919942813,False,False,True
2025-02-22,MIA @ TOR,TOR,MIA,111,120,231,227.34793990065432,-3.6520600993456753,3.6520600993456753,False,True,False
2025-02-22,DET @ SA,SA,DET,110,125,235,231.3950362355392,-3.6049637644607913,3.6049637644607913,True,True,True
2025-02-22,NO @ DAL,DAL,NO,111,103,214,226.52315112951834,12.52315112951834,12.52315112951834,False,False,True
2025-02-22,MIN @ HOU,HOU,MIN,121,115,236,226.12113723776602,-9.878862762233979,9.878862762233979,False,True,False
2025-02-22,OKC @ UTAH,UTAH,OKC,107,130,237,230.1064490155633,-6.8935509844367004,6.8935509844367004,True,True,True
2025-02-22,GS @ SAC,SAC,GS,108,132,240,230.28031054071965,-9.719689459280346,9.719689459280346,True,True,True
2025-02-22,PHX @ CHI,CHI,PHX,117,121,238,228.4193522463022,-9.580647753697804,9.580647753697804,True,True,True
2025-02-23,BKN @ PHI,PHI,BKN,103,105,208,226.6700114777868,18.6700114777868,18.6700114777868,False,False,True
2025-02-23,LAL @ DEN,DEN,LAL,100,123,223,233.67547505291233,10.675475052912333,10.675475052912333,True,False,False
2025-02-23,HOU @ UTAH,UTAH,HOU,124,115,239,226.1086069327064,-12.891393067293592,12.891393067293592,False,True,False
2025-02-23,CHA @ POR,POR,CHA,141,88,229,225.223581771869,-3.776418228131007,3.776418228131007,False,True,False
2025-02-23,NY @ BOS,BOS,NY,118,105,223,228.70745684827727,5.707456848277275,5.707456848277275,True,False,False
2025-02-23,DAL @ GS,GS,DAL,126,102,228,227.7923259950469,-0.2076740049531054,0.2076740049531054,True,True,True
2025-02-23,LAC @ IND,IND,LAC,129,111,240,230.70474451514454,-9.29525548485546,9.29525548485546,True,True,True
2025-02-23,DET @ ATL,ATL,DET,143,148,291,232.05090439525142,-58.94909560474858,58.94909560474858,True,True,True
2025-02-23,WSH @ ORL,ORL,WSH,110,90,200,225.6023646283895,25.602364628389495,25.602364628389495,False,False,True
2025-02-23,PHX @ TOR,TOR,PHX,127,109,236,228.32850643649394,-7.671493563506061,7.671493563506061,True,True,True
2025-02-23,MIA @ MIL,MIL,MIA,120,113,233,226.06029412604073,-6.939705873959269,6.939705873959269,False,True,False
2025-02-24,SA @ NO,NO,SA,114,96,210,228.57832347509657,18.578323475096568,18.578323475096568,True,False,False
2025-02-24,MEM @ CLE,CLE,MEM,129,123,252,229.98336760550663,-22.01663239449337,22.01663239449337,True,True,True
2025-02-24,OKC @ MIN,MIN,OKC,123,130,253,229.34478512384632,-23.65521487615368,23.65521487615368,True,True,True
2025-02-25,LAC @ DET,DET,LAC,106,97,203,230.33652524917937,27.336525249179374,27.336525249179374,True,False,False
2025-02-25,DEN @ IND,IND,DEN,116,125,241,235.53185418809068,-5.468145811909324,5.468145811909324,True,True,True
2025-02-25,CHI @ PHI,PHI,CHI,110,142,252,227.90641161391835,-24.09358838608165,24.09358838608165,True,True,True
2025-02-25,BKN @ WSH,WSH,BKN,107,99,206,226.25671901533875,20.256719015338746,20.256719015338746,False,False,True
2025-02-25,MIA @ ATL,ATL,MIA,98,86,184,229.1552908421732,45.1552908421732,45.1552908421732,True,False,False
2025-02-25,MIN @ OKC,OKC,MIN,128,131,259,228.52977323371607,-30.47022676628393,30.47022676628393,True,True,True
2025-02-25,POR @ UTAH,UTAH,POR,112,114,226,228.07713369199803,2.0771336919980286,2.0771336919980286,True,False,False
2025-02-25,CHA @ SAC,SAC,CHA,130,88,218,227.05592398377408,9.055923983774079,9.055923983774079,False,False,True
2025-02-26,BOS @ TOR,TOR,BOS,101,111,212,227.850948027844,15.850948027843998,15.850948027843998,True,False,False
2025-02-26,CLE @ ORL,ORL,CLE,82,122,204,228.74463930994673,24.744639309946734,24.744639309946734,True,False,False
2025-02-26,MIL @ HOU,HOU,MIL,100,97,197,224.20872376090225,27.208723760902245,27.208723760902245,False,False,True
2025-02-26,PHX @ MEM,MEM,PHX,151,148,299,227.5519247367906,-71.4480752632094,71.4480752632094,False,True,False
2025-02-26,SA @ NO,NO,SA,109,103,212,227.82667446308406,15.82667446308406,15.82667446308406,True,False,False
2025-02-26,CHA @ GS,GS,CHA,128,92,220,226.4698693766887,6.469869376688706,6.469869376688706,False,False,True
2025-02-26,DAL @ LAL,LAL,DAL,107,99,206,227.91657382842394,21.916573828423935,21.916573828423935,True,False,False
2025-02-27,BOS @ DET,DET,BOS,117,97,214,231.632370136843,17.632370136843008,17.632370136843008,True,False,False
2025-02-27,TOR @ IND,IND,TOR,111,91,202,230.62143224011757,28.62143224011757,28.62143224011757,True,False,False
2025-02-27,PHI @ NY,NY,PHI,110,105,215,228.11245519050001,13.112455190500015,13.112455190500015,True,False,False
2025-02-27,POR @ WSH,WSH,POR,121,129,250,227.90853709711322,-22.091462902886775,22.091462902886775,True,True,True
2025-02-27,OKC @ BKN,BKN,OKC,121,129,250,228.77104778684557,-21.22895221315443,21.22895221315443,True,True,True
2025-02-27,ATL @ MIA,MIA,ATL,131,109,240,228.27035971381326,-11.729640286186736,11.729640286186736,True,True,True
2025-02-27,LAC @ CHI,CHI,LAC,117,122,239,227.06516242406136,-11.934837575938644,11.934837575938644,False,True,False
2025-02-27,SAC @ UTAH,UTAH,SAC,101,118,219,228.85774098821415,9.857740988214147,9.857740988214147,True,False,False
2025-02-27,SA @ HOU,HOU,SA,118,106,224,226.47692982613677,2.476929826136768,2.476929826136768,False,False,True
2025-02-28,GS @ ORL,ORL,GS,115,121,236,229.40187677112812,-6.598123228871884,6.598123228871884,True,True,True
2025-02-28,DEN @ MIL,MIL,DEN,121,112,233,230.76545570317555,-2.2345442968244527,2.2345442968244527,True,True,True
2025-02-28,CHA @ DAL,DAL,CHA,103,96,199,224.02524161688976,25.02524161688976,25.02524161688976,False,False,True
2025-02-28,NO @ PHX,PHX,NO,116,124,240,228.38610487875368,-11.613895121246316,11.613895121246316,True,True,True
2025-02-28,MIN @ LAL,LAL,MIN,111,102,213,229.11796731171347,16.11796731171347,16.11796731171347,True,False,False
2025-03-01,DEN @ DET,DET,DEN,119,134,253,234.5093556015528,-18.490644398447188,18.490644398447188,True,True,True
2025-03-01,OKC @ ATL,ATL,OKC,119,135,254,231.4210065753564,-22.578993424643613,22.578993424643613,True,True,True
2025-03-01,CLE @ BOS,BOS,CLE,116,123,239,228.92157832967447,-10.078421670325525,10.078421670325525,True,True,True
2025-03-01,POR @ BKN,BKN,POR,102,121,223,226.82968330384566,3.8296833038456555,3.8296833038456555,False,False,True
2025-03-01,IND @ MIA,MIA,IND,125,120,245,228.74584767404804,-16.254152325951964,16.254152325951964,True,True,True
2025-03-01,TOR @ CHI,CHI,TOR,125,115,240,226.7209705818017,-13.279029418198292,13.279029418198292,False,True,False
2025-03-01,NY @ MEM,MEM,NY,113,114,227,227.40639915111745,0.40639915111745495,0.40639915111745495,False,False,True
2025-03-01,NO @ PHX,PHX,NO,125,108,233,228.82010993725285,-4.179890062747148,4.179890062747148,True,True,True
2025-03-01,MIN @ UTAH,UTAH,MIN,117,116,233,228.0640097695441,-4.9359902304559,4.9359902304559,True,True,True
2025-03-01,LAC @ LAL,LAL,LAC,106,102,208,228.61710954010715,20.61710954010715,20.61710954010715,True,False,False
2025-03-01,WSH @ CHA,CHA,WSH,100,113,213,224.9272660464293,11.92726604642931,11.92726604642931,False,False,True
2025-03-02,BKN @ DET,DET,BKN,115,94,209,228.83677563704387,19.83677563704387,19.83677563704387,True,False,False
2025-03-02,SAC @ HOU,HOU,SAC,103,113,216,226.30341510265538,10.303415102655379,10.303415102655379,False,False,True
2025-03-02,SA @ MEM,MEM,SA,128,130,258,228.55370392735765,-29.446296072642355,29.446296072642355,True,True,True
2025-03-02,GS @ PHI,PHI,GS,126,119,245,230.6615401279792,-14.338459872020792,14.338459872020792,True,True,True
2025-03-02,MIL @ DAL,DAL,MIL,117,132,249,225.00200892911823,-23.997991070881767,23.997991070881767,False,True,False
2025-03-02,DEN @ BOS,BOS,DEN,110,103,213,230.89899756458667,17.898997564586665,17.898997564586665,True,False,False
2025-03-02,POR @ CLE,CLE,POR,133,129,262,227.7265652709081,-34.27343472909189,34.27343472909189,True,True,True
2025-03-02,CHI @ IND,IND,CHI,127,112,239,230.63155787446917,-8.368442125530834,8.368442125530834,True,True,True
2025-03-02,NY @ MIA,MIA,NY,112,116,228,226.3875621173906,-1.612437882609413,1.612437882609413,False,True,False
2025-03-02,TOR @ ORL,ORL,TOR,102,104,206,225.82519176147636,19.82519176147636,19.82519176147636,False,False,True
2025-03-03,OKC @ SA,SA,OKC,132,146,278,231.03379141738918,-46.96620858261082,46.96620858261082,True,True,True
2025-03-03,NO @ UTAH,UTAH,NO,121,128,249,228.61432671315333,-20.385673286846668,20.385673286846668,True,True,True
2025-03-03,MIN @ PHX,PHX,MIN,98,116,214,229.12189430734006,15.121894307340057,15.121894307340057,True,False,False
2025-03-03,LAC @ LAL,LAL,LAC,108,102,210,228.46334037512415,18.463340375124147,18.463340375124147,True,False,False
2025-03-04,GS @ CHA,CHA,GS,101,119,220,227.7635077747685,7.763507774768499,7.763507774768499,True,False,False
2025-03-04,POR @ PHI,PHI,POR,102,119,221,226.50273944153486,5.502739441534857,5.502739441534857,False,False,True
2025-03-04,WSH @ MIA,MIA,WSH,106,90,196,228.29349650031193,32.29349650031193,32.29349650031193,True,False,False
2025-03-04,ATL @ MEM,MEM,ATL,130,132,262,230.03155085254073,-31.968449147459268,31.968449147459268,True,True,True
2025-03-04,HOU @ OKC,OKC,HOU,137,128,265,226.8523209989914,-38.14767900100861,38.14767900100861,False,True,False
2025-03-04,SAC @ DAL,DAL,SAC,98,122,220,227.91706564394104,7.917065643941044,7.917065643941044,True,False,False
2025-03-04,DET @ UTAH,UTAH,DET,106,134,240,232.03602465969047,-7.963975340309531,7.963975340309531,True,True,True
2025-03-05,HOU @ IND,IND,HOU,115,102,217,228.56421957557893,11.564219575578932,11.564219575578932,True,False,False
2025-03-05,TOR @ ORL,ORL,TOR,113,114,227,225.00836221564467,-1.9916377843553335,1.9916377843553335,False,False,True
2025-03-05,MIL @ ATL,ATL,MIL,121,127,248,229.11316382213099,-18.886836177869014,18.886836177869014,True,True,True
2025-03-05,GS @ NY,NY,GS,102,114,216,232.14005580702062,16.140055807020616,16.140055807020616,True,False,False
2025-03-05,CLE @ CHI,CHI,CLE,117,139,256,228.8387605468197,-27.161239453180286,27.161239453180286,True,True,True
2025-03-05,PHI @ MIN,MIN,PHI,126,112,238,225.34897974968376,-12.651020250316236,12.651020250316236,False,True,False
2025-03-05,BKN @ SA,SA,BKN,127,113,240,228.79978521029759,-11.200214789702414,11.200214789702414,True,True,True
2025-03-05,LAC @ PHX,PHX,LAC,119,117,236,229.25779424183597,-6.742205758164033,6.742205758164033,True,True,True
2025-03-05,NO @ LAL,LAL,NO,136,115,251,228.67694123098948,-22.323058769010515,22.323058769010515,True,True,True
2025-03-06,POR @ BOS,BOS,POR,128,118,246,226.98389128552714,-19.016108714472864,19.016108714472864,False,True,False
2025-03-06,MIN @ CHA,CHA,MIN,110,125,235,224.60269857406274,-10.397301425937258,10.397301425937258,False,True,False
2025-03-06,MIA @ CLE,CLE,MIA,112,107,219,228.16571275169267,9.165712751692666,9.165712751692666,True,False,False
2025-03-06,UTAH @ WSH,WSH,UTAH,125,122,247,228.45041346118575,-18.549586538814253,18.549586538814253,True,True,True
2025-03-06,DAL @ MIL,MIL,DAL,137,107,244,225.6144779145196,-18.385522085480403,18.385522085480403,False,True,False
2025-03-06,SAC @ DEN,DEN,SAC,116,110,226,232.35181742280776,6.3518174228077555,6.3518174228077555,True,False,False
2025-03-06,OKC @ MEM,MEM,OKC,103,120,223,230.84001236816871,7.840012368168715,7.840012368168715,True,False,False
2025-03-06,DET @ LAC,LAC,DET,123,115,238,232.14580289318457,-5.854197106815434,5.854197106815434,True,True,True
2025-03-07,CHI @ ORL,ORL,CHI,123,125,248,226.44598578492077,-21.554014215079235,21.554014215079235,False,True,False
2025-03-07,IND @ ATL,ATL,IND,124,118,242,232.15247042199806,-9.84752957800194,9.84752957800194,True,True,True
2025-03-07,PHI @ BOS,BOS,PHI,123,105,228,224.53797081515472,-3.462029184845278,3.462029184845278,False,True,False
2025-03-07,GS @ BKN,BKN,GS,119,121,240,229.93181965377872,-10.068180346221283,10.068180346221283,True,True,True
2025-03-07,HOU @ NO,NO,HOU,97,109,206,226.80260390786353,20.802603907863528,20.802603907863528,False,False,True
2025-03-07,NY @ LAL,LAL,NY,113,109,222,227.53412061872646,5.534120618726462,5.534120618726462,False,False,True
2025-03-08,CLE @ CHA,CHA,CLE,117,118,235,225.76688880198284,-9.233111198017156,9.233111198017156,False,True,False
2025-03-08,UTAH @ TOR,TOR,UTAH,118,109,227,227.73471092947076,0.734710929470765,0.734710929470765,True,False,False
2025-03-08,MEM @ DAL,DAL,MEM,111,122,233,229.04794598917346,-3.9520540108265436,3.9520540108265436,True,True,True
2025-03-08,MIN @ MIA,MIA,MIN,104,106,210,229.42352073929024,19.42352073929024,19.42352073929024,True,False,False
2025-03-08,POR @ OKC,OKC,POR,107,89,196,229.42506251050796,33.425062510507956,33.425062510507956,True,False,False
2025-03-08,PHX @ DEN,DEN,PHX,149,141,290,232.22263017536403,-57.77736982463597,57.77736982463597,True,True,True
2025-03-08,SA @ SAC,SAC,SA,127,109,236,230.82799811445176,-5.172001885548241,5.172001885548241,True,True,True
2025-03-08,NY @ LAC,LAC,NY,105,95,200,227.88725406151895,27.887254061518945,27.887254061518945,True,False,False
2025-03-08,BKN @ CHA,CHA,BKN,105,102,207,224.11535603902004,17.115356039020043,17.115356039020043,False,False,True
2025-03-09,NO @ HOU,HOU,NO,146,117,263,227.08362951454197,-35.91637048545803,35.91637048545803,False,True,False
2025-03-09,IND @ ATL,ATL,IND,120,118,238,232.4561017570988,-5.543898242901207,5.543898242901207,True,True,True
2025-03-09,WSH @ TOR,TOR,WSH,117,118,235,227.50833750338933,-7.491662496610672,7.491662496610672,False,True,False
2025-03-09,CHI @ MIA,MIA,CHI,109,114,223,229.9232716324829,6.9232716324829084,6.9232716324829084,True,False,False
2025-03-09,ORL @ MIL,MIL,ORL,109,111,220,225.52273186770066,5.5227318677006565,5.5227318677006565,False,False,True
2025-03-09,LAL @ BOS,BOS,LAL,111,101,212,226.28982424570754,14.289824245707536,14.289824245707536,False,False,True
2025-03-09,DET @ GS,GS,DET,115,110,225,232.67724989698672,7.677249896986723,7.677249896986723,True,False,False
2025-03-09,DEN @ OKC,OKC,DEN,127,103,230,232.9543136892351,2.954313689235107,2.954313689235107,True,True,True
2025-03-09,PHX @ DAL,DAL,PHX,116,125,241,228.592447141561,-12.407552858439004,12.407552858439004,True,True,True
2025-03-09,MEM @ NO,NO,MEM,104,107,211,230.50739949426696,19.507399494266963,19.507399494266963,True,False,False
2025-03-09,UTAH @ PHI,PHI,UTAH,126,122,248,226.825404776236,-21.174595223763987,21.174595223763987,False,True,False
2025-03-10,CLE @ MIL,MIL,CLE,100,112,212,227.9804187071751,15.98041870717509,15.98041870717509,True,False,False
2025-03-10,SA @ MIN,MIN,SA,141,124,265,229.23233950974722,-35.76766049025278,35.76766049025278,True,True,True
2025-03-10,DET @ POR,POR,DET,112,119,231,229.99401052713384,-1.0059894728661618,1.0059894728661618,True,True,True
2025-03-10,SAC @ LAC,LAC,SAC,111,110,221,228.84405291565585,7.844052915655851,7.844052915655851,True,False,False
2025-03-10,PHI @ ATL,ATL,PHI,132,123,255,228.6650090944705,-26.33499090552951,26.33499090552951,True,True,True
2025-03-10,UTAH @ BOS,BOS,UTAH,114,108,222,226.7692653702874,4.7692653702874,4.7692653702874,False,False,True
2025-03-10,LAL @ BKN,BKN,LAL,111,108,219,226.23881875109313,7.2388187510931346,7.2388187510931346,False,False,True
2025-03-10,CHA @ MIA,MIA,CHA,102,105,207,227.58761909188354,20.58761909188354,20.58761909188354,False,False,True
2025-03-10,WSH @ TOR,TOR,WSH,119,104,223,227.08263049485572,4.082630494855721,4.082630494855721,False,False,True
2025-03-11,IND @ CHI,CHI,IND,121,103,224,230.77133295797785,6.771332957977847,6.771332957977847,True,False,False
2025-03-11,ORL @ HOU,HOU,ORL,97,84,181,223.77409166940743,42.774091669407426,42.774091669407426,False,False,True
2025-03-11,PHX @ MEM,MEM,PHX,120,118,238,231.8053366493301,-6.194663350669913,6.194663350669913,True,True,True
2025-03-11,DEN @ OKC,OKC,DEN,127,140,267,231.3381875625218,-35.661812437478204,35.661812437478204,True,True,True
2025-03-11,DAL @ SA,SA,DAL,129,133,262,229.14533583336993,-32.85466416663007,32.85466416663007,True,True,True
2025-03-11,POR @ GS,GS,POR,130,120,250,229.1543285398054,-20.84567146019461,20.84567146019461,True,True,True
2025-03-11,NY @ SAC,SAC,NY,104,133,237,228.2023556830467,-8.797644316953296,8.797644316953296,True,True,True
2025-03-11,BKN @ CLE,CLE,BKN,109,104,213,225.008493241364,12.008493241363993,12.008493241363993,False,False,True
2025-03-11,WSH @ DET,DET,WSH,123,103,226,230.78785549646435,4.787855496464346,4.787855496464346,True,False,False
2025-03-11,MIL @ IND,IND,MIL,115,114,229,229.95124473613654,0.9512447361365446,0.9512447361365446,True,True,True
2025-03-12,LAC @ NO,NO,LAC,127,120,247,226.77789971131463,-20.22210028868537,20.22210028868537,False,True,False
2025-03-12,CHA @ ATL,ATL,CHA,123,110,233,228.6092382677274,-4.390761732272608,4.390761732272608,True,True,True
2025-03-12,OKC @ BOS,BOS,OKC,112,118,230,228.53007668533513,-1.469923314664868,1.469923314664868,True,True,True
2025-03-12,PHI @ TOR,TOR,PHI,118,105,223,225.28857344428258,2.2885734442825765,2.2885734442825765,False,False,True
2025-03-13,LAC @ MIA,MIA,LAC,104,119,223,227.85312375945523,4.8531237594552294,4.8531237594552294,True,False,False
2025-03-13,PHX @ HOU,HOU,PHX,111,104,215,228.44048192321785,13.440481923217845,13.440481923217845,True,False,False
2025-03-13,UTAH @ MEM,MEM,UTAH,122,115,237,229.53410422407825,-7.4658957759217515,7.4658957759217515,True,True,True
2025-03-13,DAL @ SA,SA,DAL,126,116,242,229.25076350323175,-12.749236496768248,12.749236496768248,True,True,True
2025-03-13,MIN @ DEN,DEN,MIN,95,115,210,229.9935574540689,19.993557454068906,19.993557454068906,True,False,False
2025-03-13,NY @ POR,POR,NY,113,114,227,226.93611985519155,-0.06388014480845072,0.06388014480845072,False,False,True
2025-03-13,WSH @ DET,DET,WSH,125,129,254,229.94043171764804,-24.05956828235196,24.05956828235196,True,True,True
2025-03-13,LAL @ MIL,MIL,LAL,126,106,232,227.0492061786146,-4.950793821385389,4.950793821385389,False,True,False
2025-03-14,BKN @ CHI,CHI,BKN,116,110,226,227.5690466173414,1.5690466173413995,1.5690466173413995,False,False,True
2025-03-14,ORL @ NO,NO,ORL,93,113,206,225.37072663586216,19.370726635862155,19.370726635862155,False,False,True
2025-03-14,SAC @ GS,GS,SAC,130,104,234,231.17284405043162,-2.827155949568379,2.827155949568379,True,True,True
2025-03-14,BOS @ MIA,MIA,BOS,91,103,194,227.84859648523772,33.84859648523772,33.84859648523772,True,False,False
2025-03-14,IND @ PHI,PHI,IND,100,112,212,228.59940747268305,16.599407472683055,16.599407472683055,True,False,False
2025-03-14,LAC @ ATL,ATL,LAC,98,121,219,229.17135383797756,10.171353837977563,10.171353837977563,True,False,False
2025-03-15,DAL @ HOU,HOU,DAL,133,96,229,225.25251176799063,-3.747488232009374,3.747488232009374,False,True,False
2025-03-15,CLE @ MEM,MEM,CLE,124,133,257,229.04008299341479,-27.959917006585215,27.959917006585215,True,True,True
2025-03-15,ORL @ MIN,MIN,ORL,118,111,229,225.56175242632295,-3.438247573677046,3.438247573677046,False,True,False
2025-03-15,CHA @ SA,SA,CHA,134,145,279,230.22035489964287,-48.77964510035713,48.77964510035713,True,True,True
2025-03-15,LAL @ DEN,DEN,LAL,131,126,257,227.82762358440152,-29.172376415598478,29.172376415598478,True,True,True
2025-03-15,TOR @ UTAH,UTAH,TOR,118,126,244,227.94987786052363,-16.050122139476372,16.050122139476372,True,True,True
2025-03-15,SAC @ PHX,PHX,SAC,122,106,228,230.28607223756168,2.286072237561683,2.286072237561683,True,True,True
2025-03-15,BOS @ BKN,BKN,BOS,113,115,228,224.84590351921736,-3.1540964807826413,3.1540964807826413,False,True,False
2025-03-15,OKC @ DET,DET,OKC,107,113,220,230.89227264228256,10.892272642282563,10.892272642282563,True,False,False
2025-03-16,CHI @ HOU,HOU,CHI,117,114,231,228.44467467700744,-2.5553253229925588,2.5553253229925588,True,True,True
2025-03-16,MIA @ MEM,MEM,MIA,125,91,216,229.49127134474156,13.491271344741563,13.491271344741563,True,False,False
2025-03-16,IND @ MIL,MIL,IND,126,119,245,229.5348524437787,-15.465147556221297,15.465147556221297,True,True,True
2025-03-16,NO @ SA,SA,NO,119,115,234,230.86205042515712,-3.137949574842878,3.137949574842878,True,True,True
2025-03-16,NY @ GS,GS,NY,97,94,191,228.99087822049907,37.99087822049907,37.99087822049907,True,False,False
2025-03-16,WSH @ DEN,DEN,WSH,123,126,249,229.85530012933063,-19.14469987066937,19.14469987066937,True,True,True
2025-03-16,PHI @ DAL,DAL,PHI,125,130,255,225.07003592123053,-29.929964078769473,29.929964078769473,False,True,False
2025-03-16,ORL @ CLE,CLE,ORL,103,108,211,223.03008443378093,12.030084433780928,12.030084433780928,False,False,True
2025-03-16,PHX @ LAL,LAL,PHX,107,96,203,228.54075895172159,25.540758951721585,25.540758951721585,True,False,False
2025-03-16,ATL @ BKN,BKN,ATL,122,114,236,228.7360158368992,-7.263984163100787,7.263984163100787,True,True,True
2025-03-16,TOR @ POR,POR,TOR,105,102,207,227.24186824968774,20.24186824968774,20.24186824968774,False,False,True
2025-03-16,UTAH @ MIN,MIN,UTAH,128,102,230,228.8246739386651,-1.1753260613349141,1.1753260613349141,True,True,True
2025-03-16,CHA @ LAC,LAC,CHA,123,88,211,229.3489346776671,18.348934677667103,18.348934677667103,True,False,False
2025-03-17,OKC @ MIL,MIL,OKC,105,121,226,228.92237050411563,2.9223705041156336,2.9223705041156336,True,False,False
2025-03-17,MIA @ NY,NY,MIA,116,95,211,226.44086281425575,15.440862814255752,15.440862814255752,False,False,True
2025-03-18,PHI @ HOU,HOU,PHI,144,137,281,224.38876969637073,-56.61123030362927,56.61123030362927,False,True,False
2025-03-18,IND @ MIN,MIN,IND,130,132,262,230.47305333908918,-31.526946660910824,31.526946660910824,True,True,True
2025-03-18,DET @ NO,NO,DET,81,127,208,229.8268834261421,21.826883426142103,21.826883426142103,True,False,False
2025-03-18,CHI @ UTAH,UTAH,CHI,97,111,208,228.92475954609344,20.92475954609344,20.92475954609344,True,False,False
2025-03-18,DEN @ GS,GS,DEN,105,114,219,231.11387297556342,12.113872975563424,12.113872975563424,True,False,False
2025-03-18,TOR @ PHX,PHX,TOR,129,89,218,230.5214219800354,12.521421980035399,12.521421980035399,True,False,False
2025-03-18,MEM @ SAC,SAC,MEM,132,122,254,230.4889790550079,-23.51102094499211,23.51102094499211,True,True,True
2025-03-18,WSH @ POR,POR,WSH,112,97,209,226.5655860289024,17.565586028902402,17.565586028902402,False,False,True
2025-03-18,SA @ LAL,LAL,SA,125,109,234,227.29907753575048,-6.7009224642495155,6.7009224642495155,False,True,False
2025-03-18,ATL @ CHA,CHA,ATL,102,134,236,229.4269173061482,-6.573082693851802,6.573082693851802,True,True,True
2025-03-18,BKN @ BOS,BOS,BKN,104,96,200,225.76702797464827,25.767027974648272,25.767027974648272,False,False,True
2025-03-19,MIL @ GS,GS,MIL,104,93,197,229.29108260927094,32.291082609270944,32.291082609270944,True,False,False
2025-03-19,CLE @ LAC,LAC,CLE,132,119,251,227.6061301430601,-23.393869856939887,23.393869856939887,False,True,False
2025-03-19,DAL @ IND,IND,DAL,135,131,266,229.10588499961452,-36.89411500038548,36.89411500038548,True,True,True
2025-03-19,HOU @ ORL,ORL,HOU,108,116,224,225.53463112989448,1.5346311298944784,1.5346311298944784,False,False,True
2025-03-19,DET @ MIA,MIA,DET,113,116,229,229.43027941574192,0.4302794157419214,0.4302794157419214,True,True,True
2025-03-20,NO @ MIN,MIN,NO,115,119,234,228.94914709362556,-5.050852906374445,5.050852906374445,True,True,True
2025-03-20,PHI @ OKC,OKC,PHI,133,100,233,226.12928672746764,-6.870713272532356,6.870713272532356,False,True,False
2025-03-20,NY @ SA,SA,NY,120,105,225,230.30842488386054,5.308424883860539,5.308424883860539,True,False,False
2025-03-20,WSH @ UTAH,UTAH,WSH,128,112,240,227.2224172824315,-12.777582717568492,12.777582717568492,False,True,False
2025-03-20,DEN @ LAL,LAL,DEN,120,108,228,228.5662378689838,0.5662378689837908,0.5662378689837908,True,True,True
2025-03-20,CHI @ PHX,PHX,CHI,127,121,248,231.6319154903568,-16.36808450964321,16.36808450964321,True,True,True
2025-03-20,MEM @ POR,POR,MEM,115,99,214,227.3455831292486,13.34558312924861,13.34558312924861,False,False,True
2025-03-20,CLE @ SAC,SAC,CLE,123,119,242,227.69036541035405,-14.309634589645952,14.309634589645952,True,True,True
2025-03-20,NY @ CHA,CHA,NY,115,98,213,227.81076306502308,14.810763065023082,14.810763065023082,True,False,False
2025-03-20,BKN @ IND,IND,BKN,105,99,204,229.52239138587416,25.52239138587416,25.52239138587416,True,False,False
2025-03-21,TOR @ GS,GS,TOR,117,114,231,229.22460002293943,-1.775399977060573,1.775399977060573,True,True,True
2025-03-21,CHI @ SAC,SAC,CHI,116,128,244,230.06666592206503,-13.933334077934973,13.933334077934973,True,True,True
2025-03-21,MIL @ LAL,LAL,MIL,89,118,207,226.46819709876314,19.46819709876314,19.46819709876314,False,False,True
2025-03-21,ORL @ WSH,WSH,ORL,105,120,225,223.58222776747868,-1.4177722325213153,1.4177722325213153,False,False,True
2025-03-22,HOU @ MIA,MIA,HOU,98,102,200,228.0639164325524,28.06391643255239,28.06391643255239,True,False,False
2025-03-22,NO @ MIN,MIN,NO,134,93,227,228.49225143793333,1.4922514379333336,1.4922514379333336,True,False,False
2025-03-22,CHA @ OKC,OKC,CHA,141,106,247,229.28171597040938,-17.71828402959062,17.71828402959062,True,True,True
2025-03-22,PHI @ SA,SA,PHI,128,120,248,227.74165488276006,-20.25834511723994,20.25834511723994,True,True,True
2025-03-22,DET @ DAL,DAL,DET,123,117,240,229.91858106200826,-10.081418937991742,10.081418937991742,True,True,True
2025-03-22,BOS @ UTAH,UTAH,BOS,99,121,220,225.70915743749967,5.70915743749967,5.70915743749967,False,False,True
2025-03-22,CLE @ PHX,PHX,CLE,123,112,235,228.8775926962444,-6.122407303755608,6.122407303755608,True,True,True
2025-03-22,DEN @ POR,POR,DEN,128,109,237,226.36605316637295,-10.63394683362705,10.63394683362705,False,True,False
2025-03-22,MEM @ LAC,LAC,MEM,128,108,236,229.45693642263498,-6.543063577365018,6.543063577365018,True,True,True
2025-03-22,BKN @ IND,IND,BKN,108,103,211,228.6742556158719,17.674255615871914,17.674255615871914,True,False,False
2025-03-22,GS @ ATL,ATL,GS,124,115,239,230.71793785326741,-8.282062146732585,8.282062146732585,True,True,True
2025-03-23,WSH @ NY,NY,WSH,122,103,225,227.28399519250118,2.2839951925011803,2.2839951925011803,False,False,True
2025-03-23,MIL @ SAC,SAC,MIL,108,114,222,227.28127851538463,5.281278515384628,5.281278515384628,False,False,True
2025-03-23,CHI @ LAL,LAL,CHI,115,146,261,228.38298208629084,-32.61701791370916,32.61701791370916,True,True,True
2025-03-23,NO @ DET,DET,NO,136,130,266,228.15945906205448,-37.84054093794552,37.84054093794552,True,True,True
2025-03-23,CLE @ UTAH,UTAH,CLE,91,120,211,225.75437613248621,14.754376132486215,14.754376132486215,False,False,True
2025-03-23,PHI @ ATL,ATL,PHI,132,119,251,227.95120015561085,-23.04879984438915,23.04879984438915,True,True,True
2025-03-23,CHA @ MIA,MIA,CHA,122,105,227,228.5110213387582,1.511021338758212,1.511021338758212,True,False,False
2025-03-23,SA @ TOR,TOR,SA,89,123,212,227.30352253439145,15.303522534391448,15.303522534391448,False,False,True
2025-03-23,BOS @ POR,POR,BOS,116,129,245,225.0556037269444,-19.944396273055588,19.944396273055588,False,True,False
2025-03-23,DEN @ HOU,HOU,DEN,111,116,227,228.3616977701058,1.361697770105792,1.361697770105792,True,False,False
2025-03-24,OKC @ LAC,LAC,OKC,101,103,204,229.43758322559415,25.437583225594153,25.437583225594153,True,False,False
2025-03-24,MIN @ IND,IND,MIN,119,103,222,230.6416412071088,8.64164120710879,8.64164120710879,True,False,False
2025-03-24,LAL @ ORL,ORL,LAL,118,106,224,223.79960525119347,-0.20039474880653074,0.20039474880653074,False,False,True
2025-03-24,TOR @ WSH,WSH,TOR,104,112,216,227.54303809058067,11.543038090580666,11.543038090580666,False,False,True
2025-03-24,DAL @ BKN,BKN,DAL,101,120,221,225.43704596647686,4.437045966476859,4.437045966476859,False,False,True
2025-03-25,PHI @ NO,NO,PHI,112,99,211,225.51465794967797,14.514657949677968,14.514657949677968,False,False,True
2025-03-25,CHI @ DEN,DEN,CHI,119,129,248,232.22690321026167,-15.773096789738332,15.773096789738332,True,True,True
2025-03-25,MIL @ PHX,PHX,MIL,108,106,214,228.30184226433352,14.301842264333516,14.301842264333516,True,False,False
2025-03-25,BOS @ SAC,SAC,BOS,95,113,208,228.05151424369475,20.051514243694754,20.051514243694754,True,False,False
2025-03-25,ORL @ CHA,CHA,ORL,104,111,215,225.34726520572812,10.347265205728121,10.347265205728121,False,False,True
2025-03-25,SA @ DET,DET,SA,122,96,218,229.00568968159223,11.00568968159223,11.00568968159223,True,False,False
2025-03-25,GS @ MIA,MIA,GS,112,86,198,228.7559498666219,30.755949866621904,30.755949866621904,True,False,False
2025-03-25,DAL @ NY,NY,DAL,128,113,241,226.454130780938,-14.545869219062013,14.545869219062013,False,True,False
2025-03-26,ATL @ HOU,HOU,ATL,121,114,235,229.20285974367397,-5.797140256326031,5.797140256326031,True,True,True
2025-03-26,MEM @ UTAH,UTAH,MEM,103,140,243,226.66105099626296,-16.338949003737042,16.338949003737042,False,True,False
2025-03-26,CLE @ POR,POR,CLE,111,122,233,224.28260564530254,-8.717394354697461,8.717394354697461,False,True,False
2025-03-26,OKC @ SAC,SAC,OKC,105,121,226,228.53801351944009,2.538013519440085,2.538013519440085,True,False,False
2025-03-26,WSH @ PHI,PHI,WSH,114,119,233,226.3326346746938,-6.667365325306207,6.667365325306207,False,True,False
2025-03-26,TOR @ BKN,BKN,TOR,86,116,202,227.95970351231534,25.959703512315343,25.959703512315343,True,False,False
2025-03-26,LAL @ IND,IND,LAL,119,120,239,227.36934955020567,-11.63065044979433,11.63065044979433,False,True,False
2025-03-26,LAC @ NY,NY,LAC,113,126,239,227.33642071767034,-11.663579282329664,11.663579282329664,False,True,False
2025-03-27,MIL @ DEN,DEN,MIL,127,117,244,227.0062983192014,-16.99370168079861,16.99370168079861,False,True,False
2025-03-27,BOS @ PHX,PHX,BOS,102,132,234,229.58192680716706,-4.418073192832935,4.418073192832935,True,True,True
2025-03-27,SA @ CLE,CLE,SA,124,116,240,228.21676227392533,-11.783237726074674,11.783237726074674,True,True,True
2025-03-27,DAL @ ORL,ORL,DAL,92,101,193,224.8085059388442,31.808505938844206,31.808505938844206,False,False,True
2025-03-27,IND @ WSH,WSH,IND,109,162,271,227.9956450832293,-43.004354916770694,43.004354916770694,True,True,True
2025-03-27,ATL @ MIA,MIA,ATL,122,112,234,229.8725031334905,-4.127496866509489,4.127496866509489,True,True,True
2025-03-28,LAL @ CHI,CHI,LAL,119,117,236,228.13420030168376,-7.865799698316238,7.865799698316238,True,True,True
2025-03-28,MEM @ OKC,OKC,MEM,125,104,229,228.84368426026958,-0.15631573973041668,0.15631573973041668,True,True,True
2025-03-28,HOU @ UTAH,UTAH,HOU,110,121,231,225.34475721964162,-5.655242780358378,5.655242780358378,False,True,False
2025-03-28,POR @ SAC,SAC,POR,128,107,235,226.08096245608635,-8.919037543913646,8.919037543913646,False,True,False
2025-03-28,CLE @ DET,DET,CLE,133,122,255,228.82440268527333,-26.175597314726673,26.175597314726673,True,True,True
2025-03-28,LAC @ BKN,BKN,LAC,100,132,232,226.30426374820968,-5.695736251790322,5.695736251790322,False,True,False
2025-03-28,CHA @ TOR,TOR,CHA,108,97,205,226.96286597186997,21.962865971869974,21.962865971869974,False,False,True
2025-03-29,NY @ MIL,MIL,NY,107,116,223,228.31260322614978,5.3126032261497755,5.3126032261497755,True,False,False
2025-03-29,PHX @ MIN,MIN,PHX,124,109,233,231.13990725741948,-1.8600927425805196,1.8600927425805196,True,True,True
2025-03-29,GS @ NO,NO,GS,95,111,206,228.86256861021312,22.862568610213117,22.862568610213117,True,False,False
2025-03-29,UTAH @ DEN,DEN,UTAH,129,93,222,228.6757730115787,6.675773011578713,6.675773011578713,True,False,False
2025-03-29,SAC @ ORL,ORL,SAC,121,91,212,224.27414952178586,12.274149521785858,12.274149521785858,False,False,True
2025-03-29,BKN @ WSH,WSH,BKN,112,115,227,225.79754945176222,-1.2024505482377776,1.2024505482377776,False,False,True
2025-03-29,MIA @ PHI,PHI,MIA,95,118,213,224.11608661313304,11.116086613133035,11.116086613133035,False,False,True
2025-03-30,DAL @ CHI,CHI,DAL,119,120,239,228.57108102689176,-10.428918973108239,10.428918973108239,True,True,True
2025-03-30,LAL @ MEM,MEM,LAL,127,134,261,226.48678151310753,-34.51321848689247,34.51321848689247,False,True,False
2025-03-30,IND @ OKC,OKC,IND,132,111,243,230.400190420113,-12.599809579886994,12.599809579886994,True,True,True
2025-03-30,BOS @ SA,SA,BOS,111,121,232,228.2901785545457,-3.7098214454543097,3.7098214454543097,True,True,True
2025-03-30,LAC @ CLE,CLE,LAC,127,122,249,228.7575404972983,-20.242459502701706,20.242459502701706,True,True,True
2025-03-30,POR @ NY,NY,POR,110,93,203,227.46391113901086,24.46391113901086,24.46391113901086,False,False,True
2025-03-30,ATL @ MIL,MIL,ATL,124,145,269,229.3989469407169,-39.60105305928309,39.60105305928309,True,True,True
2025-03-30,DET @ MIN,MIN,DET,123,104,227,229.9036464573659,2.903646457365909,2.903646457365909,True,False,False
2025-03-30,CHA @ NO,NO,CHA,98,94,192,228.79130013053094,36.79130013053094,36.79130013053094,True,False,False
2025-03-30,GS @ SA,SA,GS,106,148,254,228.24810116595165,-25.751898834048347,25.751898834048347,True,True,True
2025-03-30,TOR @ PHI,PHI,TOR,109,127,236,228.3041772603572,-7.695822739642807,7.695822739642807,True,True,True
2025-03-31,HOU @ PHX,PHX,HOU,109,148,257,226.69972312725056,-30.300276872749436,30.300276872749436,False,True,False
2025-03-31,UTAH @ CHA,CHA,UTAH,110,106,216,225.3257782971424,9.325778297142392,9.325778297142392,False,False,True
2025-03-31,SAC @ IND,IND,SAC,111,109,220,229.26763908427858,9.267639084278585,9.267639084278585,True,False,False
2025-03-31,LAC @ ORL,ORL,LAC,87,96,183,225.6830241662783,42.6830241662783,42.6830241662783,False,False,True
2025-03-31,MIA @ WSH,WSH,MIA,94,120,214,225.0425659731049,11.0425659731049,11.0425659731049,False,False,True
2025-03-31,BOS @ MEM,MEM,BOS,103,117,220,229.02543021461642,9.02543021461642,9.02543021461642,True,False,False
2025-04-01,CHI @ OKC,OKC,CHI,145,117,262,230.01023682330836,-31.98976317669164,31.98976317669164,True,True,True
2025-04-01,BKN @ DAL,DAL,BKN,109,113,222,228.37395604953696,6.373956049536957,6.373956049536957,True,False,False
2025-04-01,HOU @ LAL,LAL,HOU,104,98,202,227.4377248692345,25.4377248692345,25.4377248692345,False,False,True
2025-04-01,POR @ ATL,ATL,POR,113,127,240,228.70897162430438,-11.291028375695618,11.291028375695618,True,True,True
2025-04-01,PHI @ NY,NY,PHI,105,91,196,226.32772886278096,30.32772886278096,30.32772886278096,False,False,True
2025-04-01,PHX @ MIL,MIL,PHX,133,123,256,228.1239183583725,-27.876081641627508,27.876081641627508,True,True,True
2025-04-02,ORL @ SA,SA,ORL,105,116,221,225.06565995978,4.0656599597799925,4.0656599597799925,False,False,True
2025-04-02,TOR @ CHI,CHI,TOR,137,118,255,231.38136298557927,-23.618637014420727,23.618637014420727,True,True,True
2025-04-02,GS @ MEM,MEM,GS,125,134,259,229.14940771699332,-29.850592283006677,29.850592283006677,True,True,True
2025-04-02,MIN @ DEN,DEN,MIN,139,140,279,232.40993939219925,-46.59006060780075,46.59006060780075,True,True,True
2025-04-02,NY @ CLE,CLE,NY,124,105,229,229.9576924147864,0.9576924147864077,0.9576924147864077,True,True,True
2025-04-02,CHA @ IND,IND,CHA,119,105,224,230.21870932406216,6.218709324062161,6.218709324062161,True,False,False
2025-04-02,SAC @ WSH,WSH,SAC,116,111,227,225.85772831716935,-1.1422716828306534,1.1422716828306534,False,False,True
2025-04-02,MIA @ BOS,BOS,MIA,103,124,227,226.82185794081113,-0.17814205918887183,0.17814205918887183,False,False,True
2025-04-03,UTAH @ HOU,HOU,UTAH,143,105,248,224.11175829856919,-23.888241701430815,23.888241701430815,False,True,False
2025-04-03,ATL @ DAL,DAL,ATL,120,118,238,231.11526960000322,-6.8847303999967835,6.8847303999967835,True,True,True
2025-04-03,SA @ DEN,DEN,SA,106,113,219,231.07632716248847,12.076327162488468,12.076327162488468,True,False,False
2025-04-03,DET @ OKC,OKC,DET,119,103,222,227.86073008420192,5.8607300842019185,5.8607300842019185,True,False,False
2025-04-03,NO @ LAC,LAC,NO,114,98,212,227.99535546121422,15.995355461214217,15.995355461214217,True,False,False
2025-04-03,ORL @ WSH,WSH,ORL,97,109,206,224.47070700499995,18.47070700499995,18.47070700499995,False,False,True
2025-04-03,MIL @ PHI,PHI,MIL,113,126,239,224.9305805007939,-14.069419499206106,14.069419499206106,False,True,False
2025-04-03,MIN @ BKN,BKN,MIN,90,105,195,227.53451319089135,32.534513190891346,32.534513190891346,False,False,True
2025-04-03,MEM @ MIA,MIA,MEM,108,110,218,229.04461444568426,11.04461444568426,11.04461444568426,True,False,False
2025-04-03,POR @ TOR,TOR,POR,103,112,215,226.40676317663892,11.406763176638918,11.406763176638918,False,False,True
2025-04-04,GS @ LAL,LAL,GS,116,123,239,227.9706006453984,-11.029399354601594,11.029399354601594,True,True,True
2025-04-04,SAC @ CHA,CHA,SAC,102,125,227,225.90988894626938,-1.0901110537306238,1.0901110537306238,False,False,True
2025-04-04,UTAH @ IND,IND,UTAH,140,112,252,228.04138924143706,-23.95861075856294,23.95861075856294,True,True,True
2025-04-04,PHX @ BOS,BOS,PHX,123,103,226,228.9092893334499,2.909289333449891,2.909289333449891,True,False,False
2025-04-04,DET @ TOR,TOR,DET,105,117,222,227.10792298382137,5.107922983821368,5.107922983821368,False,False,True
2025-04-05,POR @ CHI,CHI,POR,118,113,231,229.28087732065214,-1.719122679347862,1.719122679347862,True,True,True
2025-04-05,OKC @ HOU,HOU,OKC,125,111,236,227.8059829163628,-8.194017083637192,8.194017083637192,True,True,True
2025-04-05,CLE @ SA,SA,CLE,113,114,227,227.42902514065815,0.42902514065815467,0.42902514065815467,False,False,True
2025-04-05,DEN @ GS,GS,DEN,118,104,222,230.75291516930963,8.752915169309631,8.752915169309631,True,False,False
2025-04-05,NO @ LAL,LAL,NO,124,108,232,227.89016931792253,-4.109830682077472,4.109830682077472,True,True,True
2025-04-05,DAL @ LAC,LAC,DAL,114,91,205,226.4909902753085,21.49099027530849,21.49099027530849,False,False,True
2025-04-05,NY @ ATL,ATL,NY,105,121,226,231.39625540596913,5.396255405969129,5.396255405969129,True,False,False
2025-04-05,MEM @ DET,DET,MEM,103,109,212,227.96401458053347,15.964014580533473,15.964014580533473,True,False,False
2025-04-05,MIN @ PHI,PHI,MIN,109,114,223,228.9179464469805,5.917946446980494,5.917946446980494,True,False,False
2025-04-06,MIL @ MIA,MIA,MIL,115,121,236,225.62889390530904,-10.371106094690958,10.371106094690958,False,True,False
2025-04-06,DAL @ LAC,LAC,DAL,135,104,239,226.5618996600887,-12.438100339911301,12.438100339911301,False,True,False
2025-04-06,CHI @ CHA,CHA,CHI,117,131,248,229.61242658844148,-18.38757341155852,18.38757341155852,True,True,True
2025-04-06,TOR @ BKN,BKN,TOR,109,120,229,227.16267260466267,-1.8373273953373257,1.8373273953373257,False,True,False
2025-04-06,LAL @ OKC,OKC,LAL,99,126,225,227.02483202702498,2.024832027024985,2.024832027024985,False,False,True
2025-04-06,UTAH @ ATL,ATL,UTAH,147,134,281,228.58264860164428,-52.41735139835572,52.41735139835572,True,True,True
2025-04-06,WSH @ BOS,BOS,WSH,124,90,214,226.0367730637494,12.036773063749393,12.036773063749393,False,False,True
2025-04-06,SAC @ CLE,CLE,SAC,113,120,233,227.75547565854902,-5.244524341450983,5.244524341450983,True,True,True
2025-04-06,SA @ POR,POR,SA,120,109,229,226.07169852078394,-2.92830147921606,2.92830147921606,False,True,False
2025-04-06,PHX @ NY,NY,PHX,112,98,210,230.1105907242513,20.110590724251296,20.110590724251296,True,False,False
2025-04-07,IND @ DEN,DEN,IND,120,125,245,233.72318642126194,-11.276813578738057,11.276813578738057,True,True,True
2025-04-07,HOU @ GS,GS,HOU,96,106,202,227.6508443051202,25.650844305120188,25.650844305120188,False,False,True
2025-04-07,MIL @ NO,NO,MIL,107,111,218,227.66303499407164,9.663034994071637,9.663034994071637,False,False,True
2025-04-07,SAC @ DET,DET,SAC,117,127,244,225.81911497268632,-18.18088502731368,18.18088502731368,False,True,False
2025-04-07,PHI @ MIA,MIA,PHI,117,105,222,226.1451948278559,4.145194827855903,4.145194827855903,False,False,True
2025-04-08,MEM @ CHA,CHA,MEM,100,124,224,226.48043996943454,2.480439969434542,2.480439969434542,False,False,True
2025-04-08,CHI @ CLE,CLE,CHI,135,113,248,232.35224126115244,-15.647758738847557,15.647758738847557,True,True,True
2025-04-08,WSH @ IND,IND,WSH,104,98,202,227.30438947435957,25.304389474359567,25.304389474359567,False,False,True
2025-04-08,ATL @ ORL,ORL,ATL,119,112,231,228.86619694774254,-2.1338030522574627,2.1338030522574627,True,True,True
2025-04-08,NO @ BKN,BKN,NO,119,114,233,226.32695511727502,-6.67304488272498,6.67304488272498,False,True,False
2025-04-08,BOS @ NY,NY,BOS,117,119,236,231.83750484210245,-4.162495157897553,4.162495157897553,True,True,True
2025-04-09,MIN @ MIL,MIL,MIN,110,103,213,230.92094385132947,17.92094385132947,17.92094385132947,True,False,False
2025-04-09,LAL @ OKC,OKC,LAL,136,120,256,226.33022196210425,-29.669778037895753,29.669778037895753,False,True,False
2025-04-09,GS @ PHX,PHX,GS,95,133,228,228.64610728635813,0.6461072863581308,0.6461072863581308,True,True,True
2025-04-09,SA @ LAC,LAC,SA,122,117,239,227.15158555194395,-11.848414448056047,11.848414448056047,False,True,False
2025-04-09,BOS @ ORL,ORL,BOS,96,76,172,228.69689081001604,56.69689081001604,56.69689081001604,True,False,False
2025-04-09,PHI @ WSH,WSH,PHI,103,122,225,224.1350035518859,-0.8649964481141126,0.8649964481141126,False,False,True
2025-04-09,CHA @ TOR,TOR,CHA,126,96,222,227.37578061238543,5.375780612385427,5.375780612385427,False,False,True
2025-04-09,LAL @ DAL,DAL,LAL,97,112,209,227.5339250004019,18.533925000401894,18.533925000401894,False,False,True
2025-04-10,MIA @ CHI,CHI,MIA,119,111,230,229.36985135543205,-0.6301486445679529,0.6301486445679529,True,True,True
2025-04-10,POR @ UTAH,UTAH,POR,133,126,259,226.07718363040453,-32.922816369595466,32.922816369595466,False,True,False
2025-04-10,SA @ GS,GS,SA,111,114,225,226.9358560270067,1.9358560270067073,1.9358560270067073,False,False,True
2025-04-10,OKC @ PHX,PHX,OKC,112,125,237,227.48934614631673,-9.510653853683266,9.510653853683266,False,True,False
2025-04-10,DEN @ SAC,SAC,DEN,116,124,240,229.62888501998722,-10.371114980012777,10.371114980012777,True,True,True
2025-04-10,HOU @ LAC,LAC,HOU,134,117,251,226.75761219277092,-24.24238780722908,24.24238780722908,False,True,False
2025-04-10,NY @ DET,DET,NY,115,106,221,228.4602315874666,7.460231587466609,7.460231587466609,True,False,False
2025-04-10,CLE @ IND,IND,CLE,114,112,226,231.91399001366557,5.913990013665568,5.913990013665568,True,False,False
2025-04-10,ATL @ BKN,BKN,ATL,109,133,242,229.2289630693693,-12.771036930630686,12.771036930630686,True,True,True
2025-04-11,NO @ MIL,MIL,NO,136,111,247,230.2293070440205,-16.770692955979513,16.770692955979513,True,True,True
2025-04-11,MIN @ MEM,MEM,MIN,125,141,266,227.79408132173694,-38.20591867826306,38.20591867826306,True,True,True
2025-04-11,MIL @ DET,DET,MIL,119,125,244,226.80449373531536,-17.19550626468464,17.19550626468464,False,True,False
2025-04-11,ORL @ IND,IND,ORL,115,129,244,229.1424655729776,-14.857534427022387,14.857534427022387,True,True,True
2025-04-11,ATL @ PHI,PHI,ATL,110,124,234,229.6706213800135,-4.3293786199865,4.3293786199865,True,True,True
2025-04-11,CHA @ BOS,BOS,CHA,130,94,224,227.14233498989503,3.1423349898950335,3.1423349898950335,False,False,True
2025-04-11,CLE @ NY,NY,CLE,102,108,210,231.38691981218037,21.386919812180366,21.386919812180366,True,False,False
2025-04-12,WSH @ CHI,CHI,WSH,119,89,208,226.73494530800596,18.734945308005962,18.734945308005962,False,False,True
2025-04-12,MIA @ NO,NO,MIA,104,153,257,228.57986683370072,-28.42013316629928,28.42013316629928,True,True,True
2025-04-12,TOR @ DAL,DAL,TOR,124,102,226,231.40962471198785,5.409624711987846,5.409624711987846,True,False,False
2025-04-12,BKN @ MIN,MIN,BKN,117,91,208,228.5416188736979,20.5416188736979,20.5416188736979,True,False,False
2025-04-12,MEM @ DEN,DEN,MEM,117,109,226,231.20200119535892,5.202001195358918,5.202001195358918,True,False,False
2025-04-12,OKC @ UTAH,UTAH,OKC,111,145,256,225.91982079159695,-30.080179208403052,30.080179208403052,False,True,False
2025-04-12,SA @ PHX,PHX,SA,117,98,215,226.59311766857635,11.593117668576355,11.593117668576355,False,False,True
2025-04-12,GS @ POR,POR,GS,86,103,189,228.63493628772102,39.63493628772102,39.63493628772102,True,False,False
2025-04-12,LAC @ SAC,SAC,LAC,100,101,201,226.5761615786415,25.57616157864149,25.57616157864149,False,False,True
2025-04-12,HOU @ LAL,LAL,HOU,140,109,249,225.72946530262396,-23.270534697376036,23.270534697376036,False,True,False
2025-04-13,ORL @ ATL,ATL,ORL,117,105,222,229.1947521489199,7.194752148919889,7.194752148919889,True,False,False
2025-04-13,CHA @ BOS,BOS,CHA,93,86,179,226.96159016091494,47.96159016091494,47.96159016091494,False,False,True
2025-04-13,NY @ BKN,BKN,NY,105,113,218,227.17683794763815,9.176837947638148,9.176837947638148,False,False,True
2025-04-13,IND @ CLE,CLE,IND,118,126,244,231.16341903836408,-12.836580961635917,12.836580961635917,True,True,True
2025-04-13,WSH @ MIA,MIA,WSH,118,119,237,224.13861890806308,-12.86138109193692,12.86138109193692,False,True,False
2025-04-13,CHI @ PHI,PHI,CHI,102,122,224,230.0731094003244,6.073109400324398,6.073109400324398,True,False,False
2025-04-13,DET @ MIL,MIL,DET,140,133,273,228.64975694334387,-44.350243056656126,44.350243056656126,True,True,True
2025-04-13,DEN @ HOU,HOU,DEN,111,126,237,231.05195359392138,-5.948046406078618,5.948046406078618,True,True,True
2025-04-13,DAL @ MEM,MEM,DAL,132,97,229,226.94303235172956,-2.0569676482704438,2.0569676482704438,False,True,False
2025-04-13,UTAH @ MIN,MIN,UTAH,116,105,221,228.74921907322775,7.749219073227749,7.749219073227749,True,False,False
2025-04-13,OKC @ NO,NO,OKC,100,115,215,229.0405555788431,14.040555578843112,14.040555578843112,True,False,False
2025-04-13,TOR @ SA,SA,TOR,125,118,243,229.17542853293043,-13.824571467069575,13.824571467069575,True,True,True
2025-04-13,LAC @ GS,GS,LAC,119,124,243,227.48401984933037,-15.515980150669634,15.515980150669634,False,True,False
2025-04-13,LAL @ POR,POR,LAL,109,81,190,225.58553877682024,35.58553877682024,35.58553877682024,False,False,True
2025-04-13,PHX @ SAC,SAC,PHX,109,98,207,225.53347768088102,18.53347768088102,18.53347768088102,False,False,True
2025-04-15,ATL @ ORL,ORL,ATL,120,95,215,229.14159868801826,14.141598688018263,14.141598688018263,True,False,False
2025-04-16,MEM @ GS,GS,MEM,121,116,237,227.82453439413345,-9.175465605866549,9.175465605866549,True,True,True
2025-04-16,MIA @ CHI,CHI,MIA,90,109,199,230.410992802195,31.41099280219501,31.41099280219501,True,False,False
2025-04-17,DAL @ SAC,SAC,DAL,106,120,226,226.24298406441665,0.2429840644166461,0.2429840644166461,False,False,True
2025-04-18,MIA @ ATL,ATL,MIA,114,123,237,231.68351545921865,-5.316484540781346,5.316484540781346,True,True,True
2025-04-19,DAL @ MEM,MEM,DAL,120,106,226,226.0122534061347,0.012253406134703937,0.012253406134703937,False,False,True
2025-04-19,MIL @ IND,IND,MIL,117,98,215,229.87192658350327,14.871926583503267,14.871926583503267,True,False,False
2025-04-19,LAC @ DEN,DEN,LAC,112,110,222,232.17969791271315,10.179697912713152,10.179697912713152,True,False,False
2025-04-19,DET @ NY,NY,DET,123,112,235,227.33215798141472,-7.667842018585276,7.667842018585276,False,True,False
2025-04-20,MIN @ LAL,LAL,MIN,95,117,212,228.01295924537635,16.01295924537635,16.01295924537635,True,False,False
2025-04-20,MEM @ OKC,OKC,MEM,131,80,211,227.22848076559575,16.228480765595748,16.228480765595748,False,False,True
2025-04-20,ORL @ BOS,BOS,ORL,103,86,189,227.22503679786053,38.225036797860525,38.225036797860525,False,False,True
2025-04-20,MIA @ CLE,CLE,MIA,121,100,221,229.80328238148127,8.803282381481267,8.803282381481267,True,False,False
2025-04-21,GS @ HOU,HOU,GS,85,95,180,228.7794433169932,48.779443316993195,48.779443316993195,True,False,False
2025-04-21,DET @ NY,NY,DET,94,100,194,226.65387617891832,32.653876178918324,32.653876178918324,False,False,True
2025-04-22,LAC @ DEN,DEN,LAC,102,105,207,231.339455259793,24.339455259793,24.339455259793,True,False,False
2025-04-22,MIL @ IND,IND,MIL,123,115,238,228.6764379092501,-9.323562090749903,9.323562090749903,True,True,True
2025-04-22,MEM @ OKC,OKC,MEM,118,99,217,227.57659370114033,10.576593701140325,10.576593701140325,False,False,True
2025-04-23,MIN @ LAL,LAL,MIN,94,85,179,226.71463192235692,47.714631922356915,47.714631922356915,False,False,True
2025-04-23,ORL @ BOS,BOS,ORL,109,100,209,226.31526543478952,17.315265434789524,17.315265434789524,False,False,True
2025-04-23,MIA @ CLE,CLE,MIA,121,112,233,228.49069719938018,-4.509302800619821,4.509302800619821,True,True,True
2025-04-24,GS @ HOU,HOU,GS,109,94,203,227.4792459918639,24.479245991863905,24.479245991863905,False,False,True
2025-04-24,NY @ DET,DET,NY,116,118,234,225.46194927915045,-8.538050720849554,8.538050720849554,False,True,False
2025-04-25,OKC @ MEM,MEM,OKC,108,114,222,226.45393751020552,4.45393751020552,4.45393751020552,False,False,True
2025-04-25,DEN @ LAC,LAC,DEN,117,83,200,231.2349134208391,31.234913420839092,31.234913420839092,True,False,False
2025-04-25,BOS @ ORL,ORL,BOS,95,93,188,226.8516479751383,38.85164797513829,38.85164797513829,False,False,True
2025-04-26,IND @ MIL,MIL,IND,117,101,218,231.1091384096401,13.10913840964011,13.10913840964011,True,False,False
2025-04-26,LAL @ MIN,MIN,LAL,116,104,220,225.37065764798513,5.3706576479851265,5.3706576479851265,False,False,True
2025-04-26,CLE @ MIA,MIA,CLE,87,124,211,228.31373196339058,17.31373196339058,17.31373196339058,True,False,False
2025-04-26,OKC @ MEM,MEM,OKC,115,117,232,225.7978406822094,-6.202159317790603,6.202159317790603,False,True,False
2025-04-26,DEN @ LAC,LAC,DEN,99,101,200,229.9749387937205,29.974938793720497,29.974938793720497,True,False,False
2025-04-27,HOU @ GS,GS,HOU,104,93,197,226.5988156058867,29.5988156058867,29.5988156058867,False,False,True
2025-04-27,NY @ DET,DET,NY,93,94,187,225.65055018529407,38.650550185294065,38.650550185294065,False,False,True
2025-04-27,LAL @ MIN,MIN,LAL,116,113,229,225.35262309999223,-3.647376900007771,3.647376900007771,False,True,False
2025-04-27,BOS @ ORL,ORL,BOS,98,107,205,225.81895801941022,20.818958019410218,20.818958019410218,False,False,True
2025-04-28,IND @ MIL,MIL,IND,103,129,232,230.46743907616255,-1.5325609238374511,1.5325609238374511,True,True,True
2025-04-28,CLE @ MIA,MIA,CLE,83,138,221,228.12451761759806,7.124517617598059,7.124517617598059,True,False,False
2025-04-29,HOU @ GS,GS,HOU,109,106,215,225.6205530855938,10.620553085593798,10.620553085593798,False,False,True
2025-04-29,MIL @ IND,IND,MIL,119,118,237,229.18568267734778,-7.814317322652215,7.814317322652215,True,True,True
2025-04-29,DET @ NY,NY,DET,103,106,209,225.0492794492495,16.049279449249497,16.049279449249497,False,False,True
2025-04-30,ORL @ BOS,BOS,ORL,120,89,209,223.94700040566798,14.947000405667978,14.947000405667978,False,False,True
2025-04-30,LAC @ DEN,DEN,LAC,131,115,246,228.58641841597716,-17.413581584022836,17.413581584022836,True,True,True
2025-04-30,GS @ HOU,HOU,GS,131,116,247,224.82793198456068,-22.172068015439322,22.172068015439322,False,True,False
2025-05-01,MIN @ LAL,LAL,MIN,96,103,199,224.77698804474298,25.77698804474298,25.77698804474298,False,False,True
